[0.000000] (-) TimerEvent: {}
[0.001060] (central_swarm_control) JobQueued: {'identifier': 'central_swarm_control', 'dependencies': OrderedDict()}
[0.001281] (crazyflie_interfaces) JobQueued: {'identifier': 'crazyflie_interfaces', 'dependencies': OrderedDict()}
[0.001384] (swarm_guidance) JobQueued: {'identifier': 'swarm_guidance', 'dependencies': OrderedDict()}
[0.001490] (swarm_navigation) JobQueued: {'identifier': 'swarm_navigation', 'dependencies': OrderedDict()}
[0.001607] (crazyflie) JobQueued: {'identifier': 'crazyflie', 'dependencies': OrderedDict([('crazyflie_interfaces', '/home/gowtham/crazyflie_ws/install/crazyflie_interfaces')])}
[0.001748] (crazyflie_py) JobQueued: {'identifier': 'crazyflie_py', 'dependencies': OrderedDict([('crazyflie_interfaces', '/home/gowtham/crazyflie_ws/install/crazyflie_interfaces')])}
[0.002118] (crazyflie_sim) JobQueued: {'identifier': 'crazyflie_sim', 'dependencies': OrderedDict([('crazyflie_interfaces', '/home/gowtham/crazyflie_ws/install/crazyflie_interfaces')])}
[0.002216] (crazyflie_examples) JobQueued: {'identifier': 'crazyflie_examples', 'dependencies': OrderedDict([('crazyflie_interfaces', '/home/gowtham/crazyflie_ws/install/crazyflie_interfaces'), ('crazyflie_py', '/home/gowtham/crazyflie_ws/install/crazyflie_py')])}
[0.002296] (crazyflie_interfaces) JobStarted: {'identifier': 'crazyflie_interfaces'}
[0.011403] (central_swarm_control) JobStarted: {'identifier': 'central_swarm_control'}
[0.023006] (swarm_guidance) JobStarted: {'identifier': 'swarm_guidance'}
[0.030530] (swarm_navigation) JobStarted: {'identifier': 'swarm_navigation'}
[0.040374] (crazyflie_interfaces) JobProgress: {'identifier': 'crazyflie_interfaces', 'progress': 'cmake'}
[0.041680] (crazyflie_interfaces) JobProgress: {'identifier': 'crazyflie_interfaces', 'progress': 'build'}
[0.042491] (crazyflie_interfaces) Command: {'cmd': ['/usr/bin/cmake', '--build', '/home/gowtham/crazyflie_ws/build/crazyflie_interfaces', '--', '-j4', '-l4'], 'cwd': '/home/gowtham/crazyflie_ws/build/crazyflie_interfaces', 'env': OrderedDict([('LESSOPEN', '| /usr/bin/lesspipe %s'), ('LANGUAGE', 'en_IN:en'), ('USER', 'gowtham'), ('XDG_SESSION_TYPE', 'wayland'), ('SHLVL', '1'), ('LD_LIBRARY_PATH', '/home/gowtham/swarm_ws/install/crazyflie_interfaces/lib:/opt/ros/humble/opt/rviz_ogre_vendor/lib:/opt/ros/humble/lib/x86_64-linux-gnu:/opt/ros/humble/lib'), ('HOME', '/home/gowtham'), ('DESKTOP_SESSION', 'ubuntu'), ('ROS_PYTHON_VERSION', '3'), ('GNOME_SHELL_SESSION_MODE', 'ubuntu'), ('GTK_MODULES', 'gail:atk-bridge'), ('SYSTEMD_EXEC_PID', '3236'), ('DBUS_SESSION_BUS_ADDRESS', 'unix:path=/run/user/1000/bus'), ('COLORTERM', 'truecolor'), ('IM_CONFIG_PHASE', '1'), ('WAYLAND_DISPLAY', 'wayland-0'), ('COLCON_PREFIX_PATH', '/home/gowtham/swarm_ws/install'), ('ROS_DISTRO', 'humble'), ('LOGNAME', 'gowtham'), ('_', '/usr/bin/colcon'), ('ROS_VERSION', '2'), ('XDG_SESSION_CLASS', 'user'), ('USERNAME', 'gowtham'), ('TERM', 'xterm-256color'), ('GNOME_DESKTOP_SESSION_ID', 'this-is-deprecated'), ('ROS_LOCALHOST_ONLY', '0'), ('PATH', '/opt/ros/humble/bin:/home/gowtham/.local/bin:/usr/local/sbin:/usr/local/bin:/usr/sbin:/usr/bin:/sbin:/bin:/usr/games:/usr/local/games:/snap/bin:/snap/bin:/home/gowtham/.local/bin'), ('SESSION_MANAGER', 'local/gowtham:@/tmp/.ICE-unix/872,unix/gowtham:/tmp/.ICE-unix/872'), ('XDG_MENU_PREFIX', 'gnome-'), ('GNOME_TERMINAL_SCREEN', '/org/gnome/Terminal/screen/879f9cde_222d_4d95_abca_5319a3551c7b'), ('GNOME_SETUP_DISPLAY', ':1'), ('XDG_RUNTIME_DIR', '/run/user/1000'), ('DISPLAY', ':0'), ('LANG', 'en_US.UTF-8'), ('XDG_CURRENT_DESKTOP', 'ubuntu:GNOME'), ('XMODIFIERS', '@im=ibus'), ('XDG_SESSION_DESKTOP', 'ubuntu'), ('XAUTHORITY', '/run/user/1000/.mutter-Xwaylandauth.X2DRQ3'), ('LS_COLORS', 'rs=0:di=01;34:ln=01;36:mh=00:pi=40;33:so=01;35:do=01;35:bd=40;33;01:cd=40;33;01:or=40;31;01:mi=00:su=37;41:sg=30;43:ca=30;41:tw=30;42:ow=34;42:st=37;44:ex=01;32:*.tar=01;31:*.tgz=01;31:*.arc=01;31:*.arj=01;31:*.taz=01;31:*.lha=01;31:*.lz4=01;31:*.lzh=01;31:*.lzma=01;31:*.tlz=01;31:*.txz=01;31:*.tzo=01;31:*.t7z=01;31:*.zip=01;31:*.z=01;31:*.dz=01;31:*.gz=01;31:*.lrz=01;31:*.lz=01;31:*.lzo=01;31:*.xz=01;31:*.zst=01;31:*.tzst=01;31:*.bz2=01;31:*.bz=01;31:*.tbz=01;31:*.tbz2=01;31:*.tz=01;31:*.deb=01;31:*.rpm=01;31:*.jar=01;31:*.war=01;31:*.ear=01;31:*.sar=01;31:*.rar=01;31:*.alz=01;31:*.ace=01;31:*.zoo=01;31:*.cpio=01;31:*.7z=01;31:*.rz=01;31:*.cab=01;31:*.wim=01;31:*.swm=01;31:*.dwm=01;31:*.esd=01;31:*.jpg=01;35:*.jpeg=01;35:*.mjpg=01;35:*.mjpeg=01;35:*.gif=01;35:*.bmp=01;35:*.pbm=01;35:*.pgm=01;35:*.ppm=01;35:*.tga=01;35:*.xbm=01;35:*.xpm=01;35:*.tif=01;35:*.tiff=01;35:*.png=01;35:*.svg=01;35:*.svgz=01;35:*.mng=01;35:*.pcx=01;35:*.mov=01;35:*.mpg=01;35:*.mpeg=01;35:*.m2v=01;35:*.mkv=01;35:*.webm=01;35:*.webp=01;35:*.ogm=01;35:*.mp4=01;35:*.m4v=01;35:*.mp4v=01;35:*.vob=01;35:*.qt=01;35:*.nuv=01;35:*.wmv=01;35:*.asf=01;35:*.rm=01;35:*.rmvb=01;35:*.flc=01;35:*.avi=01;35:*.fli=01;35:*.flv=01;35:*.gl=01;35:*.dl=01;35:*.xcf=01;35:*.xwd=01;35:*.yuv=01;35:*.cgm=01;35:*.emf=01;35:*.ogv=01;35:*.ogx=01;35:*.aac=00;36:*.au=00;36:*.flac=00;36:*.m4a=00;36:*.mid=00;36:*.midi=00;36:*.mka=00;36:*.mp3=00;36:*.mpc=00;36:*.ogg=00;36:*.ra=00;36:*.wav=00;36:*.oga=00;36:*.opus=00;36:*.spx=00;36:*.xspf=00;36:'), ('GNOME_TERMINAL_SERVICE', ':1.158'), ('SSH_AGENT_LAUNCHER', 'gnome-keyring'), ('SSH_AUTH_SOCK', '/run/user/1000/keyring/ssh'), ('AMENT_PREFIX_PATH', '/home/gowtham/swarm_ws/install/guidance_layer:/home/gowtham/swarm_ws/install/crazyflie_sim:/home/gowtham/swarm_ws/install/crazyflie_examples:/home/gowtham/swarm_ws/install/crazyflie_py:/home/gowtham/swarm_ws/install/crazyflie:/home/gowtham/swarm_ws/install/crazyflie_interfaces:/home/gowtham/swarm_ws/install/control_layer:/home/gowtham/swarm_ws/install/consensus_controller:/opt/ros/humble'), ('SHELL', '/bin/bash'), ('QT_ACCESSIBILITY', '1'), ('GDMSESSION', 'ubuntu'), ('LESSCLOSE', '/usr/bin/lesspipe %s %s'), ('QT_IM_MODULE', 'ibus'), ('PWD', '/home/gowtham/crazyflie_ws/build/crazyflie_interfaces'), ('LC_ALL', 'en_US.UTF-8'), ('XDG_CONFIG_DIRS', '/etc/xdg/xdg-ubuntu:/etc/xdg'), ('XDG_DATA_DIRS', '/usr/share/ubuntu:/usr/local/share/:/usr/share/:/var/lib/snapd/desktop'), ('PYTHONPATH', '/home/gowtham/crazyflie-firmware/build:/home/gowtham/crazyflie-firmware/build:/home/gowtham/swarm_ws/install/guidance_layer/lib/python3.10/site-packages:/home/gowtham/swarm_ws/install/crazyflie_sim/local/lib/python3.10/dist-packages:/home/gowtham/swarm_ws/install/crazyflie_examples/local/lib/python3.10/dist-packages:/home/gowtham/swarm_ws/install/crazyflie_py/lib/python3.10/site-packages:/home/gowtham/swarm_ws/install/crazyflie_interfaces/local/lib/python3.10/dist-packages:/home/gowtham/swarm_ws/install/control_layer/lib/python3.10/site-packages:/home/gowtham/swarm_ws/install/consensus_controller/lib/python3.10/site-packages:/opt/ros/humble/lib/python3.10/site-packages:/opt/ros/humble/local/lib/python3.10/dist-packages'), ('COLCON', '1'), ('VTE_VERSION', '6800'), ('CMAKE_PREFIX_PATH', '/home/gowtham/swarm_ws/install/crazyflie_sim:/home/gowtham/swarm_ws/install/crazyflie_examples:/home/gowtham/swarm_ws/install/crazyflie:/home/gowtham/swarm_ws/install/crazyflie_interfaces:/home/gowtham/swarm_ws/install/guidance_layer:/home/gowtham/swarm_ws/install/crazyflie_py:/home/gowtham/swarm_ws/install/control_layer:/home/gowtham/swarm_ws/install/consensus_controller:/opt/ros/humble')]), 'shell': False}
[0.099696] (-) TimerEvent: {}
[0.206976] (-) TimerEvent: {}
[0.307335] (-) TimerEvent: {}
[0.407691] (-) TimerEvent: {}
[0.509150] (-) TimerEvent: {}
[0.610038] (-) TimerEvent: {}
[0.710427] (-) TimerEvent: {}
[0.810740] (-) TimerEvent: {}
[0.911089] (-) TimerEvent: {}
[1.011467] (-) TimerEvent: {}
[1.014740] (crazyflie_interfaces) StdoutLine: {'line': b'[  1%] Built target crazyflie_interfaces__rs\n'}
[1.015146] (crazyflie_interfaces) StdoutLine: {'line': b'[  1%] Built target ament_cmake_python_symlink_crazyflie_interfaces\n'}
[1.015271] (crazyflie_interfaces) StdoutLine: {'line': b'[  1%] Built target crazyflie_interfaces__cpp\n'}
[1.015376] (crazyflie_interfaces) StdoutLine: {'line': b'[ 13%] Built target crazyflie_interfaces__rosidl_generator_c\n'}
[1.015485] (crazyflie_interfaces) StdoutLine: {'line': b'[ 25%] Built target crazyflie_interfaces__rosidl_typesupport_introspection_cpp\n'}
[1.015601] (crazyflie_interfaces) StdoutLine: {'line': b'[ 37%] Built target crazyflie_interfaces__rosidl_typesupport_fastrtps_cpp\n'}
[1.015719] (crazyflie_interfaces) StdoutLine: {'line': b'[ 49%] Built target crazyflie_interfaces__rosidl_typesupport_cpp\n'}
[1.015828] (crazyflie_interfaces) StdoutLine: {'line': b'[ 61%] Built target crazyflie_interfaces__rosidl_typesupport_introspection_c\n'}
[1.015994] (crazyflie_interfaces) StdoutLine: {'line': b'[ 73%] Built target crazyflie_interfaces__rosidl_typesupport_c\n'}
[1.016324] (crazyflie_interfaces) StdoutLine: {'line': b'[ 85%] Built target crazyflie_interfaces__rosidl_typesupport_fastrtps_c\n'}
[1.016442] (crazyflie_interfaces) StdoutLine: {'line': b'[ 85%] Built target crazyflie_interfaces\n'}
[1.016615] (crazyflie_interfaces) StdoutLine: {'line': b'[ 86%] Built target crazyflie_interfaces__py\n'}
[1.016777] (crazyflie_interfaces) StdoutLine: {'line': b'[ 97%] Built target crazyflie_interfaces__rosidl_generator_py\n'}
[1.016939] (crazyflie_interfaces) StdoutLine: {'line': b'[ 98%] Built target crazyflie_interfaces__rosidl_typesupport_fastrtps_c__pyext\n'}
[1.017198] (crazyflie_interfaces) StdoutLine: {'line': b'[ 99%] Built target crazyflie_interfaces__rosidl_typesupport_introspection_c__pyext\n'}
[1.017375] (crazyflie_interfaces) StdoutLine: {'line': b'[100%] Built target crazyflie_interfaces__rosidl_typesupport_c__pyext\n'}
[1.017486] (crazyflie_interfaces) StdoutLine: {'line': b'running egg_info\n'}
[1.017597] (crazyflie_interfaces) StdoutLine: {'line': b'writing crazyflie_interfaces.egg-info/PKG-INFO\n'}
[1.017701] (crazyflie_interfaces) StdoutLine: {'line': b'writing dependency_links to crazyflie_interfaces.egg-info/dependency_links.txt\n'}
[1.017805] (crazyflie_interfaces) StdoutLine: {'line': b'writing top-level names to crazyflie_interfaces.egg-info/top_level.txt\n'}
[1.017909] (crazyflie_interfaces) StdoutLine: {'line': b"reading manifest file 'crazyflie_interfaces.egg-info/SOURCES.txt'\n"}
[1.018042] (crazyflie_interfaces) StdoutLine: {'line': b"writing manifest file 'crazyflie_interfaces.egg-info/SOURCES.txt'\n"}
[1.018149] (crazyflie_interfaces) StdoutLine: {'line': b'[100%] Built target ament_cmake_python_build_crazyflie_interfaces_egg\n'}
[1.111593] (-) TimerEvent: {}
[1.212043] (-) TimerEvent: {}
[1.312468] (-) TimerEvent: {}
[1.396795] (crazyflie_interfaces) CommandEnded: {'returncode': 0}
[1.398290] (crazyflie_interfaces) JobProgress: {'identifier': 'crazyflie_interfaces', 'progress': 'install'}
[1.412563] (-) TimerEvent: {}
[1.413967] (crazyflie_interfaces) Command: {'cmd': ['/usr/bin/cmake', '--install', '/home/gowtham/crazyflie_ws/build/crazyflie_interfaces'], 'cwd': '/home/gowtham/crazyflie_ws/build/crazyflie_interfaces', 'env': OrderedDict([('LESSOPEN', '| /usr/bin/lesspipe %s'), ('LANGUAGE', 'en_IN:en'), ('USER', 'gowtham'), ('XDG_SESSION_TYPE', 'wayland'), ('SHLVL', '1'), ('LD_LIBRARY_PATH', '/home/gowtham/swarm_ws/install/crazyflie_interfaces/lib:/opt/ros/humble/opt/rviz_ogre_vendor/lib:/opt/ros/humble/lib/x86_64-linux-gnu:/opt/ros/humble/lib'), ('HOME', '/home/gowtham'), ('DESKTOP_SESSION', 'ubuntu'), ('ROS_PYTHON_VERSION', '3'), ('GNOME_SHELL_SESSION_MODE', 'ubuntu'), ('GTK_MODULES', 'gail:atk-bridge'), ('SYSTEMD_EXEC_PID', '3236'), ('DBUS_SESSION_BUS_ADDRESS', 'unix:path=/run/user/1000/bus'), ('COLORTERM', 'truecolor'), ('IM_CONFIG_PHASE', '1'), ('WAYLAND_DISPLAY', 'wayland-0'), ('COLCON_PREFIX_PATH', '/home/gowtham/swarm_ws/install'), ('ROS_DISTRO', 'humble'), ('LOGNAME', 'gowtham'), ('_', '/usr/bin/colcon'), ('ROS_VERSION', '2'), ('XDG_SESSION_CLASS', 'user'), ('USERNAME', 'gowtham'), ('TERM', 'xterm-256color'), ('GNOME_DESKTOP_SESSION_ID', 'this-is-deprecated'), ('ROS_LOCALHOST_ONLY', '0'), ('PATH', '/opt/ros/humble/bin:/home/gowtham/.local/bin:/usr/local/sbin:/usr/local/bin:/usr/sbin:/usr/bin:/sbin:/bin:/usr/games:/usr/local/games:/snap/bin:/snap/bin:/home/gowtham/.local/bin'), ('SESSION_MANAGER', 'local/gowtham:@/tmp/.ICE-unix/872,unix/gowtham:/tmp/.ICE-unix/872'), ('XDG_MENU_PREFIX', 'gnome-'), ('GNOME_TERMINAL_SCREEN', '/org/gnome/Terminal/screen/879f9cde_222d_4d95_abca_5319a3551c7b'), ('GNOME_SETUP_DISPLAY', ':1'), ('XDG_RUNTIME_DIR', '/run/user/1000'), ('DISPLAY', ':0'), ('LANG', 'en_US.UTF-8'), ('XDG_CURRENT_DESKTOP', 'ubuntu:GNOME'), ('XMODIFIERS', '@im=ibus'), ('XDG_SESSION_DESKTOP', 'ubuntu'), ('XAUTHORITY', '/run/user/1000/.mutter-Xwaylandauth.X2DRQ3'), ('LS_COLORS', 'rs=0:di=01;34:ln=01;36:mh=00:pi=40;33:so=01;35:do=01;35:bd=40;33;01:cd=40;33;01:or=40;31;01:mi=00:su=37;41:sg=30;43:ca=30;41:tw=30;42:ow=34;42:st=37;44:ex=01;32:*.tar=01;31:*.tgz=01;31:*.arc=01;31:*.arj=01;31:*.taz=01;31:*.lha=01;31:*.lz4=01;31:*.lzh=01;31:*.lzma=01;31:*.tlz=01;31:*.txz=01;31:*.tzo=01;31:*.t7z=01;31:*.zip=01;31:*.z=01;31:*.dz=01;31:*.gz=01;31:*.lrz=01;31:*.lz=01;31:*.lzo=01;31:*.xz=01;31:*.zst=01;31:*.tzst=01;31:*.bz2=01;31:*.bz=01;31:*.tbz=01;31:*.tbz2=01;31:*.tz=01;31:*.deb=01;31:*.rpm=01;31:*.jar=01;31:*.war=01;31:*.ear=01;31:*.sar=01;31:*.rar=01;31:*.alz=01;31:*.ace=01;31:*.zoo=01;31:*.cpio=01;31:*.7z=01;31:*.rz=01;31:*.cab=01;31:*.wim=01;31:*.swm=01;31:*.dwm=01;31:*.esd=01;31:*.jpg=01;35:*.jpeg=01;35:*.mjpg=01;35:*.mjpeg=01;35:*.gif=01;35:*.bmp=01;35:*.pbm=01;35:*.pgm=01;35:*.ppm=01;35:*.tga=01;35:*.xbm=01;35:*.xpm=01;35:*.tif=01;35:*.tiff=01;35:*.png=01;35:*.svg=01;35:*.svgz=01;35:*.mng=01;35:*.pcx=01;35:*.mov=01;35:*.mpg=01;35:*.mpeg=01;35:*.m2v=01;35:*.mkv=01;35:*.webm=01;35:*.webp=01;35:*.ogm=01;35:*.mp4=01;35:*.m4v=01;35:*.mp4v=01;35:*.vob=01;35:*.qt=01;35:*.nuv=01;35:*.wmv=01;35:*.asf=01;35:*.rm=01;35:*.rmvb=01;35:*.flc=01;35:*.avi=01;35:*.fli=01;35:*.flv=01;35:*.gl=01;35:*.dl=01;35:*.xcf=01;35:*.xwd=01;35:*.yuv=01;35:*.cgm=01;35:*.emf=01;35:*.ogv=01;35:*.ogx=01;35:*.aac=00;36:*.au=00;36:*.flac=00;36:*.m4a=00;36:*.mid=00;36:*.midi=00;36:*.mka=00;36:*.mp3=00;36:*.mpc=00;36:*.ogg=00;36:*.ra=00;36:*.wav=00;36:*.oga=00;36:*.opus=00;36:*.spx=00;36:*.xspf=00;36:'), ('GNOME_TERMINAL_SERVICE', ':1.158'), ('SSH_AGENT_LAUNCHER', 'gnome-keyring'), ('SSH_AUTH_SOCK', '/run/user/1000/keyring/ssh'), ('AMENT_PREFIX_PATH', '/home/gowtham/swarm_ws/install/guidance_layer:/home/gowtham/swarm_ws/install/crazyflie_sim:/home/gowtham/swarm_ws/install/crazyflie_examples:/home/gowtham/swarm_ws/install/crazyflie_py:/home/gowtham/swarm_ws/install/crazyflie:/home/gowtham/swarm_ws/install/crazyflie_interfaces:/home/gowtham/swarm_ws/install/control_layer:/home/gowtham/swarm_ws/install/consensus_controller:/opt/ros/humble'), ('SHELL', '/bin/bash'), ('QT_ACCESSIBILITY', '1'), ('GDMSESSION', 'ubuntu'), ('LESSCLOSE', '/usr/bin/lesspipe %s %s'), ('QT_IM_MODULE', 'ibus'), ('PWD', '/home/gowtham/crazyflie_ws/build/crazyflie_interfaces'), ('LC_ALL', 'en_US.UTF-8'), ('XDG_CONFIG_DIRS', '/etc/xdg/xdg-ubuntu:/etc/xdg'), ('XDG_DATA_DIRS', '/usr/share/ubuntu:/usr/local/share/:/usr/share/:/var/lib/snapd/desktop'), ('PYTHONPATH', '/home/gowtham/crazyflie-firmware/build:/home/gowtham/crazyflie-firmware/build:/home/gowtham/swarm_ws/install/guidance_layer/lib/python3.10/site-packages:/home/gowtham/swarm_ws/install/crazyflie_sim/local/lib/python3.10/dist-packages:/home/gowtham/swarm_ws/install/crazyflie_examples/local/lib/python3.10/dist-packages:/home/gowtham/swarm_ws/install/crazyflie_py/lib/python3.10/site-packages:/home/gowtham/swarm_ws/install/crazyflie_interfaces/local/lib/python3.10/dist-packages:/home/gowtham/swarm_ws/install/control_layer/lib/python3.10/site-packages:/home/gowtham/swarm_ws/install/consensus_controller/lib/python3.10/site-packages:/opt/ros/humble/lib/python3.10/site-packages:/opt/ros/humble/local/lib/python3.10/dist-packages'), ('COLCON', '1'), ('VTE_VERSION', '6800'), ('CMAKE_PREFIX_PATH', '/home/gowtham/swarm_ws/install/crazyflie_sim:/home/gowtham/swarm_ws/install/crazyflie_examples:/home/gowtham/swarm_ws/install/crazyflie:/home/gowtham/swarm_ws/install/crazyflie_interfaces:/home/gowtham/swarm_ws/install/guidance_layer:/home/gowtham/swarm_ws/install/crazyflie_py:/home/gowtham/swarm_ws/install/control_layer:/home/gowtham/swarm_ws/install/consensus_controller:/opt/ros/humble')]), 'shell': False}
[1.433451] (crazyflie_interfaces) StdoutLine: {'line': b'-- Install configuration: ""\n'}
[1.439094] (crazyflie_interfaces) StdoutLine: {'line': b'-- Execute custom install script\n'}
[1.439555] (crazyflie_interfaces) StdoutLine: {'line': b'-- Up-to-date symlink: /home/gowtham/crazyflie_ws/install/crazyflie_interfaces/share/ament_index/resource_index/rosidl_interfaces/crazyflie_interfaces\n'}
[1.443347] (crazyflie_interfaces) StdoutLine: {'line': b'-- Up-to-date symlink: /home/gowtham/crazyflie_ws/install/crazyflie_interfaces/include/crazyflie_interfaces/crazyflie_interfaces/msg/connection_statistics.h\n'}
[1.443714] (crazyflie_interfaces) StdoutLine: {'line': b'-- Up-to-date symlink: /home/gowtham/crazyflie_ws/install/crazyflie_interfaces/include/crazyflie_interfaces/crazyflie_interfaces/msg/connection_statistics_array.h\n'}
[1.444453] (crazyflie_interfaces) StdoutLine: {'line': b'-- Up-to-date symlink: /home/gowtham/crazyflie_ws/install/crazyflie_interfaces/include/crazyflie_interfaces/crazyflie_interfaces/msg/detail/connection_statistics__functions.h\n'}
[1.444866] (crazyflie_interfaces) StdoutLine: {'line': b'-- Up-to-date symlink: /home/gowtham/crazyflie_ws/install/crazyflie_interfaces/include/crazyflie_interfaces/crazyflie_interfaces/msg/detail/connection_statistics__struct.h\n'}
[1.445896] (crazyflie_interfaces) StdoutLine: {'line': b'-- Up-to-date symlink: /home/gowtham/crazyflie_ws/install/crazyflie_interfaces/include/crazyflie_interfaces/crazyflie_interfaces/msg/detail/connection_statistics__type_support.h\n'}
[1.446140] (crazyflie_interfaces) StdoutLine: {'line': b'-- Up-to-date symlink: /home/gowtham/crazyflie_ws/install/crazyflie_interfaces/include/crazyflie_interfaces/crazyflie_interfaces/msg/detail/connection_statistics_array__functions.h\n'}
[1.446354] (crazyflie_interfaces) StdoutLine: {'line': b'-- Up-to-date symlink: /home/gowtham/crazyflie_ws/install/crazyflie_interfaces/include/crazyflie_interfaces/crazyflie_interfaces/msg/detail/connection_statistics_array__struct.h\n'}
[1.447155] (crazyflie_interfaces) StdoutLine: {'line': b'-- Up-to-date symlink: /home/gowtham/crazyflie_ws/install/crazyflie_interfaces/include/crazyflie_interfaces/crazyflie_interfaces/msg/detail/connection_statistics_array__type_support.h\n'}
[1.447321] (crazyflie_interfaces) StdoutLine: {'line': b'-- Up-to-date symlink: /home/gowtham/crazyflie_ws/install/crazyflie_interfaces/include/crazyflie_interfaces/crazyflie_interfaces/msg/detail/full_state__functions.h\n'}
[1.447610] (crazyflie_interfaces) StdoutLine: {'line': b'-- Up-to-date symlink: /home/gowtham/crazyflie_ws/install/crazyflie_interfaces/include/crazyflie_interfaces/crazyflie_interfaces/msg/detail/full_state__struct.h\n'}
[1.448020] (crazyflie_interfaces) StdoutLine: {'line': b'-- Up-to-date symlink: /home/gowtham/crazyflie_ws/install/crazyflie_interfaces/include/crazyflie_interfaces/crazyflie_interfaces/msg/detail/full_state__type_support.h\n'}
[1.448840] (crazyflie_interfaces) StdoutLine: {'line': b'-- Up-to-date symlink: /home/gowtham/crazyflie_ws/install/crazyflie_interfaces/include/crazyflie_interfaces/crazyflie_interfaces/msg/detail/hover__functions.h\n'}
[1.450023] (crazyflie_interfaces) StdoutLine: {'line': b'-- Up-to-date symlink: /home/gowtham/crazyflie_ws/install/crazyflie_interfaces/include/crazyflie_interfaces/crazyflie_interfaces/msg/detail/hover__struct.h\n'}
[1.450333] (crazyflie_interfaces) StdoutLine: {'line': b'-- Up-to-date symlink: /home/gowtham/crazyflie_ws/install/crazyflie_interfaces/include/crazyflie_interfaces/crazyflie_interfaces/msg/detail/hover__type_support.h\n'}
[1.450450] (crazyflie_interfaces) StdoutLine: {'line': b'-- Up-to-date symlink: /home/gowtham/crazyflie_ws/install/crazyflie_interfaces/include/crazyflie_interfaces/crazyflie_interfaces/msg/detail/log_block__functions.h\n'}
[1.450597] (crazyflie_interfaces) StdoutLine: {'line': b'-- Up-to-date symlink: /home/gowtham/crazyflie_ws/install/crazyflie_interfaces/include/crazyflie_interfaces/crazyflie_interfaces/msg/detail/log_block__struct.h\n'}
[1.450748] (crazyflie_interfaces) StdoutLine: {'line': b'-- Up-to-date symlink: /home/gowtham/crazyflie_ws/install/crazyflie_interfaces/include/crazyflie_interfaces/crazyflie_interfaces/msg/detail/log_block__type_support.h\n'}
[1.450974] (crazyflie_interfaces) StdoutLine: {'line': b'-- Up-to-date symlink: /home/gowtham/crazyflie_ws/install/crazyflie_interfaces/include/crazyflie_interfaces/crazyflie_interfaces/msg/detail/log_data_generic__functions.h\n'}
[1.451519] (crazyflie_interfaces) StdoutLine: {'line': b'-- Up-to-date symlink: /home/gowtham/crazyflie_ws/install/crazyflie_interfaces/include/crazyflie_interfaces/crazyflie_interfaces/msg/detail/log_data_generic__struct.h\n'}
[1.453374] (crazyflie_interfaces) StdoutLine: {'line': b'-- Up-to-date symlink: /home/gowtham/crazyflie_ws/install/crazyflie_interfaces/include/crazyflie_interfaces/crazyflie_interfaces/msg/detail/log_data_generic__type_support.h\n'}
[1.453531] (crazyflie_interfaces) StdoutLine: {'line': b'-- Up-to-date symlink: /home/gowtham/crazyflie_ws/install/crazyflie_interfaces/include/crazyflie_interfaces/crazyflie_interfaces/msg/detail/position__functions.h\n'}
[1.453639] (crazyflie_interfaces) StdoutLine: {'line': b'-- Up-to-date symlink: /home/gowtham/crazyflie_ws/install/crazyflie_interfaces/include/crazyflie_interfaces/crazyflie_interfaces/msg/detail/position__struct.h\n'}
[1.453816] (crazyflie_interfaces) StdoutLine: {'line': b'-- Up-to-date symlink: /home/gowtham/crazyflie_ws/install/crazyflie_interfaces/include/crazyflie_interfaces/crazyflie_interfaces/msg/detail/position__type_support.h\n'}
[1.459024] (crazyflie_interfaces) StdoutLine: {'line': b'-- Up-to-date symlink: /home/gowtham/crazyflie_ws/install/crazyflie_interfaces/include/crazyflie_interfaces/crazyflie_interfaces/msg/detail/status__functions.h\n'}
[1.459275] (crazyflie_interfaces) StdoutLine: {'line': b'-- Up-to-date symlink: /home/gowtham/crazyflie_ws/install/crazyflie_interfaces/include/crazyflie_interfaces/crazyflie_interfaces/msg/detail/status__struct.h\n'}
[1.459396] (crazyflie_interfaces) StdoutLine: {'line': b'-- Up-to-date symlink: /home/gowtham/crazyflie_ws/install/crazyflie_interfaces/include/crazyflie_interfaces/crazyflie_interfaces/msg/detail/status__type_support.h\n'}
[1.460113] (crazyflie_interfaces) StdoutLine: {'line': b'-- Up-to-date symlink: /home/gowtham/crazyflie_ws/install/crazyflie_interfaces/include/crazyflie_interfaces/crazyflie_interfaces/msg/detail/trajectory_polynomial_piece__functions.h\n'}
[1.460369] (crazyflie_interfaces) StdoutLine: {'line': b'-- Up-to-date symlink: /home/gowtham/crazyflie_ws/install/crazyflie_interfaces/include/crazyflie_interfaces/crazyflie_interfaces/msg/detail/trajectory_polynomial_piece__struct.h\n'}
[1.460510] (crazyflie_interfaces) StdoutLine: {'line': b'-- Up-to-date symlink: /home/gowtham/crazyflie_ws/install/crazyflie_interfaces/include/crazyflie_interfaces/crazyflie_interfaces/msg/detail/trajectory_polynomial_piece__type_support.h\n'}
[1.461045] (crazyflie_interfaces) StdoutLine: {'line': b'-- Up-to-date symlink: /home/gowtham/crazyflie_ws/install/crazyflie_interfaces/include/crazyflie_interfaces/crazyflie_interfaces/msg/detail/velocity_world__functions.h\n'}
[1.461957] (crazyflie_interfaces) StdoutLine: {'line': b'-- Up-to-date symlink: /home/gowtham/crazyflie_ws/install/crazyflie_interfaces/include/crazyflie_interfaces/crazyflie_interfaces/msg/detail/velocity_world__struct.h\n'}
[1.462876] (crazyflie_interfaces) StdoutLine: {'line': b'-- Up-to-date symlink: /home/gowtham/crazyflie_ws/install/crazyflie_interfaces/include/crazyflie_interfaces/crazyflie_interfaces/msg/detail/velocity_world__type_support.h\n'}
[1.463939] (crazyflie_interfaces) StdoutLine: {'line': b'-- Up-to-date symlink: /home/gowtham/crazyflie_ws/install/crazyflie_interfaces/include/crazyflie_interfaces/crazyflie_interfaces/msg/full_state.h\n'}
[1.464761] (crazyflie_interfaces) StdoutLine: {'line': b'-- Up-to-date symlink: /home/gowtham/crazyflie_ws/install/crazyflie_interfaces/include/crazyflie_interfaces/crazyflie_interfaces/msg/hover.h\n'}
[1.465321] (crazyflie_interfaces) StdoutLine: {'line': b'-- Up-to-date symlink: /home/gowtham/crazyflie_ws/install/crazyflie_interfaces/include/crazyflie_interfaces/crazyflie_interfaces/msg/log_block.h\n'}
[1.466385] (crazyflie_interfaces) StdoutLine: {'line': b'-- Up-to-date symlink: /home/gowtham/crazyflie_ws/install/crazyflie_interfaces/include/crazyflie_interfaces/crazyflie_interfaces/msg/log_data_generic.h\n'}
[1.467096] (crazyflie_interfaces) StdoutLine: {'line': b'-- Up-to-date symlink: /home/gowtham/crazyflie_ws/install/crazyflie_interfaces/include/crazyflie_interfaces/crazyflie_interfaces/msg/position.h\n'}
[1.467847] (crazyflie_interfaces) StdoutLine: {'line': b'-- Up-to-date symlink: /home/gowtham/crazyflie_ws/install/crazyflie_interfaces/include/crazyflie_interfaces/crazyflie_interfaces/msg/rosidl_generator_c__visibility_control.h\n'}
[1.468397] (crazyflie_interfaces) StdoutLine: {'line': b'-- Up-to-date symlink: /home/gowtham/crazyflie_ws/install/crazyflie_interfaces/include/crazyflie_interfaces/crazyflie_interfaces/msg/status.h\n'}
[1.469723] (crazyflie_interfaces) StdoutLine: {'line': b'-- Up-to-date symlink: /home/gowtham/crazyflie_ws/install/crazyflie_interfaces/include/crazyflie_interfaces/crazyflie_interfaces/msg/trajectory_polynomial_piece.h\n'}
[1.470370] (crazyflie_interfaces) StdoutLine: {'line': b'-- Up-to-date symlink: /home/gowtham/crazyflie_ws/install/crazyflie_interfaces/include/crazyflie_interfaces/crazyflie_interfaces/msg/velocity_world.h\n'}
[1.474356] (crazyflie_interfaces) StdoutLine: {'line': b'-- Up-to-date symlink: /home/gowtham/crazyflie_ws/install/crazyflie_interfaces/include/crazyflie_interfaces/crazyflie_interfaces/srv/add_logging.h\n'}
[1.478033] (crazyflie_interfaces) StdoutLine: {'line': b'-- Up-to-date symlink: /home/gowtham/crazyflie_ws/install/crazyflie_interfaces/include/crazyflie_interfaces/crazyflie_interfaces/srv/arm.h\n'}
[1.478380] (crazyflie_interfaces) StdoutLine: {'line': b'-- Up-to-date symlink: /home/gowtham/crazyflie_ws/install/crazyflie_interfaces/include/crazyflie_interfaces/crazyflie_interfaces/srv/detail/add_logging__functions.h\n'}
[1.478514] (crazyflie_interfaces) StdoutLine: {'line': b'-- Up-to-date symlink: /home/gowtham/crazyflie_ws/install/crazyflie_interfaces/include/crazyflie_interfaces/crazyflie_interfaces/srv/detail/add_logging__struct.h\n'}
[1.478621] (crazyflie_interfaces) StdoutLine: {'line': b'-- Up-to-date symlink: /home/gowtham/crazyflie_ws/install/crazyflie_interfaces/include/crazyflie_interfaces/crazyflie_interfaces/srv/detail/add_logging__type_support.h\n'}
[1.478727] (crazyflie_interfaces) StdoutLine: {'line': b'-- Up-to-date symlink: /home/gowtham/crazyflie_ws/install/crazyflie_interfaces/include/crazyflie_interfaces/crazyflie_interfaces/srv/detail/arm__functions.h\n'}
[1.478836] (crazyflie_interfaces) StdoutLine: {'line': b'-- Up-to-date symlink: /home/gowtham/crazyflie_ws/install/crazyflie_interfaces/include/crazyflie_interfaces/crazyflie_interfaces/srv/detail/arm__struct.h\n'}
[1.478946] (crazyflie_interfaces) StdoutLine: {'line': b'-- Up-to-date symlink: /home/gowtham/crazyflie_ws/install/crazyflie_interfaces/include/crazyflie_interfaces/crazyflie_interfaces/srv/detail/arm__type_support.h\n'}
[1.479141] (crazyflie_interfaces) StdoutLine: {'line': b'-- Up-to-date symlink: /home/gowtham/crazyflie_ws/install/crazyflie_interfaces/include/crazyflie_interfaces/crazyflie_interfaces/srv/detail/go_to__functions.h\n'}
[1.479249] (crazyflie_interfaces) StdoutLine: {'line': b'-- Up-to-date symlink: /home/gowtham/crazyflie_ws/install/crazyflie_interfaces/include/crazyflie_interfaces/crazyflie_interfaces/srv/detail/go_to__struct.h\n'}
[1.479395] (crazyflie_interfaces) StdoutLine: {'line': b'-- Up-to-date symlink: /home/gowtham/crazyflie_ws/install/crazyflie_interfaces/include/crazyflie_interfaces/crazyflie_interfaces/srv/detail/go_to__type_support.h\n'}
[1.479823] (crazyflie_interfaces) StdoutLine: {'line': b'-- Up-to-date symlink: /home/gowtham/crazyflie_ws/install/crazyflie_interfaces/include/crazyflie_interfaces/crazyflie_interfaces/srv/detail/land__functions.h\n'}
[1.480326] (crazyflie_interfaces) StdoutLine: {'line': b'-- Up-to-date symlink: /home/gowtham/crazyflie_ws/install/crazyflie_interfaces/include/crazyflie_interfaces/crazyflie_interfaces/srv/detail/land__struct.h\n'}
[1.480752] (crazyflie_interfaces) StdoutLine: {'line': b'-- Up-to-date symlink: /home/gowtham/crazyflie_ws/install/crazyflie_interfaces/include/crazyflie_interfaces/crazyflie_interfaces/srv/detail/land__type_support.h\n'}
[1.483086] (crazyflie_interfaces) StdoutLine: {'line': b'-- Up-to-date symlink: /home/gowtham/crazyflie_ws/install/crazyflie_interfaces/include/crazyflie_interfaces/crazyflie_interfaces/srv/detail/notify_setpoints_stop__functions.h\n'}
[1.484084] (crazyflie_interfaces) StdoutLine: {'line': b'-- Up-to-date symlink: /home/gowtham/crazyflie_ws/install/crazyflie_interfaces/include/crazyflie_interfaces/crazyflie_interfaces/srv/detail/notify_setpoints_stop__struct.h\n'}
[1.487421] (crazyflie_interfaces) StdoutLine: {'line': b'-- Up-to-date symlink: /home/gowtham/crazyflie_ws/install/crazyflie_interfaces/include/crazyflie_interfaces/crazyflie_interfaces/srv/detail/notify_setpoints_stop__type_support.h\n'}
[1.492099] (crazyflie_interfaces) StdoutLine: {'line': b'-- Up-to-date symlink: /home/gowtham/crazyflie_ws/install/crazyflie_interfaces/include/crazyflie_interfaces/crazyflie_interfaces/srv/detail/remove_logging__functions.h\n'}
[1.492326] (crazyflie_interfaces) StdoutLine: {'line': b'-- Up-to-date symlink: /home/gowtham/crazyflie_ws/install/crazyflie_interfaces/include/crazyflie_interfaces/crazyflie_interfaces/srv/detail/remove_logging__struct.h\n'}
[1.492438] (crazyflie_interfaces) StdoutLine: {'line': b'-- Up-to-date symlink: /home/gowtham/crazyflie_ws/install/crazyflie_interfaces/include/crazyflie_interfaces/crazyflie_interfaces/srv/detail/remove_logging__type_support.h\n'}
[1.492546] (crazyflie_interfaces) StdoutLine: {'line': b'-- Up-to-date symlink: /home/gowtham/crazyflie_ws/install/crazyflie_interfaces/include/crazyflie_interfaces/crazyflie_interfaces/srv/detail/set_group_mask__functions.h\n'}
[1.492656] (crazyflie_interfaces) StdoutLine: {'line': b'-- Up-to-date symlink: /home/gowtham/crazyflie_ws/install/crazyflie_interfaces/include/crazyflie_interfaces/crazyflie_interfaces/srv/detail/set_group_mask__struct.h\n'}
[1.492834] (crazyflie_interfaces) StdoutLine: {'line': b'-- Up-to-date symlink: /home/gowtham/crazyflie_ws/install/crazyflie_interfaces/include/crazyflie_interfaces/crazyflie_interfaces/srv/detail/set_group_mask__type_support.h\n'}
[1.492944] (crazyflie_interfaces) StdoutLine: {'line': b'-- Up-to-date symlink: /home/gowtham/crazyflie_ws/install/crazyflie_interfaces/include/crazyflie_interfaces/crazyflie_interfaces/srv/detail/start_trajectory__functions.h\n'}
[1.493167] (crazyflie_interfaces) StdoutLine: {'line': b'-- Up-to-date symlink: /home/gowtham/crazyflie_ws/install/crazyflie_interfaces/include/crazyflie_interfaces/crazyflie_interfaces/srv/detail/start_trajectory__struct.h\n'}
[1.494362] (crazyflie_interfaces) StdoutLine: {'line': b'-- Up-to-date symlink: /home/gowtham/crazyflie_ws/install/crazyflie_interfaces/include/crazyflie_interfaces/crazyflie_interfaces/srv/detail/start_trajectory__type_support.h\n'}
[1.494837] (crazyflie_interfaces) StdoutLine: {'line': b'-- Up-to-date symlink: /home/gowtham/crazyflie_ws/install/crazyflie_interfaces/include/crazyflie_interfaces/crazyflie_interfaces/srv/detail/stop__functions.h\n'}
[1.498355] (crazyflie_interfaces) StdoutLine: {'line': b'-- Up-to-date symlink: /home/gowtham/crazyflie_ws/install/crazyflie_interfaces/include/crazyflie_interfaces/crazyflie_interfaces/srv/detail/stop__struct.h\n'}
[1.498852] (crazyflie_interfaces) StdoutLine: {'line': b'-- Up-to-date symlink: /home/gowtham/crazyflie_ws/install/crazyflie_interfaces/include/crazyflie_interfaces/crazyflie_interfaces/srv/detail/stop__type_support.h\n'}
[1.499332] (crazyflie_interfaces) StdoutLine: {'line': b'-- Up-to-date symlink: /home/gowtham/crazyflie_ws/install/crazyflie_interfaces/include/crazyflie_interfaces/crazyflie_interfaces/srv/detail/takeoff__functions.h\n'}
[1.499894] (crazyflie_interfaces) StdoutLine: {'line': b'-- Up-to-date symlink: /home/gowtham/crazyflie_ws/install/crazyflie_interfaces/include/crazyflie_interfaces/crazyflie_interfaces/srv/detail/takeoff__struct.h\n'}
[1.500361] (crazyflie_interfaces) StdoutLine: {'line': b'-- Up-to-date symlink: /home/gowtham/crazyflie_ws/install/crazyflie_interfaces/include/crazyflie_interfaces/crazyflie_interfaces/srv/detail/takeoff__type_support.h\n'}
[1.500886] (crazyflie_interfaces) StdoutLine: {'line': b'-- Up-to-date symlink: /home/gowtham/crazyflie_ws/install/crazyflie_interfaces/include/crazyflie_interfaces/crazyflie_interfaces/srv/detail/update_params__functions.h\n'}
[1.503330] (crazyflie_interfaces) StdoutLine: {'line': b'-- Up-to-date symlink: /home/gowtham/crazyflie_ws/install/crazyflie_interfaces/include/crazyflie_interfaces/crazyflie_interfaces/srv/detail/update_params__struct.h\n'}
[1.503765] (crazyflie_interfaces) StdoutLine: {'line': b'-- Up-to-date symlink: /home/gowtham/crazyflie_ws/install/crazyflie_interfaces/include/crazyflie_interfaces/crazyflie_interfaces/srv/detail/update_params__type_support.h\n'}
[1.504221] (crazyflie_interfaces) StdoutLine: {'line': b'-- Up-to-date symlink: /home/gowtham/crazyflie_ws/install/crazyflie_interfaces/include/crazyflie_interfaces/crazyflie_interfaces/srv/detail/upload_trajectory__functions.h\n'}
[1.504663] (crazyflie_interfaces) StdoutLine: {'line': b'-- Up-to-date symlink: /home/gowtham/crazyflie_ws/install/crazyflie_interfaces/include/crazyflie_interfaces/crazyflie_interfaces/srv/detail/upload_trajectory__struct.h\n'}
[1.505190] (crazyflie_interfaces) StdoutLine: {'line': b'-- Up-to-date symlink: /home/gowtham/crazyflie_ws/install/crazyflie_interfaces/include/crazyflie_interfaces/crazyflie_interfaces/srv/detail/upload_trajectory__type_support.h\n'}
[1.508328] (crazyflie_interfaces) StdoutLine: {'line': b'-- Up-to-date symlink: /home/gowtham/crazyflie_ws/install/crazyflie_interfaces/include/crazyflie_interfaces/crazyflie_interfaces/srv/go_to.h\n'}
[1.508767] (crazyflie_interfaces) StdoutLine: {'line': b'-- Up-to-date symlink: /home/gowtham/crazyflie_ws/install/crazyflie_interfaces/include/crazyflie_interfaces/crazyflie_interfaces/srv/land.h\n'}
[1.509236] (crazyflie_interfaces) StdoutLine: {'line': b'-- Up-to-date symlink: /home/gowtham/crazyflie_ws/install/crazyflie_interfaces/include/crazyflie_interfaces/crazyflie_interfaces/srv/notify_setpoints_stop.h\n'}
[1.509694] (crazyflie_interfaces) StdoutLine: {'line': b'-- Up-to-date symlink: /home/gowtham/crazyflie_ws/install/crazyflie_interfaces/include/crazyflie_interfaces/crazyflie_interfaces/srv/remove_logging.h\n'}
[1.510109] (crazyflie_interfaces) StdoutLine: {'line': b'-- Up-to-date symlink: /home/gowtham/crazyflie_ws/install/crazyflie_interfaces/include/crazyflie_interfaces/crazyflie_interfaces/srv/set_group_mask.h\n'}
[1.510546] (crazyflie_interfaces) StdoutLine: {'line': b'-- Up-to-date symlink: /home/gowtham/crazyflie_ws/install/crazyflie_interfaces/include/crazyflie_interfaces/crazyflie_interfaces/srv/start_trajectory.h\n'}
[1.510961] (crazyflie_interfaces) StdoutLine: {'line': b'-- Up-to-date symlink: /home/gowtham/crazyflie_ws/install/crazyflie_interfaces/include/crazyflie_interfaces/crazyflie_interfaces/srv/stop.h\n'}
[1.512656] (-) TimerEvent: {}
[1.513268] (crazyflie_interfaces) StdoutLine: {'line': b'-- Up-to-date symlink: /home/gowtham/crazyflie_ws/install/crazyflie_interfaces/include/crazyflie_interfaces/crazyflie_interfaces/srv/takeoff.h\n'}
[1.513756] (crazyflie_interfaces) StdoutLine: {'line': b'-- Up-to-date symlink: /home/gowtham/crazyflie_ws/install/crazyflie_interfaces/include/crazyflie_interfaces/crazyflie_interfaces/srv/update_params.h\n'}
[1.514244] (crazyflie_interfaces) StdoutLine: {'line': b'-- Up-to-date symlink: /home/gowtham/crazyflie_ws/install/crazyflie_interfaces/include/crazyflie_interfaces/crazyflie_interfaces/srv/upload_trajectory.h\n'}
[1.514843] (crazyflie_interfaces) StdoutLine: {'line': b'-- Up-to-date symlink: /home/gowtham/crazyflie_ws/install/crazyflie_interfaces/share/crazyflie_interfaces/environment/library_path.sh\n'}
[1.515237] (crazyflie_interfaces) StdoutLine: {'line': b'-- Up-to-date symlink: /home/gowtham/crazyflie_ws/install/crazyflie_interfaces/share/crazyflie_interfaces/environment/library_path.dsv\n'}
[1.523876] (crazyflie_interfaces) StdoutLine: {'line': b'-- Up-to-date symlink: /home/gowtham/crazyflie_ws/install/crazyflie_interfaces/include/crazyflie_interfaces/crazyflie_interfaces/msg/detail/connection_statistics__rosidl_typesupport_fastrtps_c.h\n'}
[1.524137] (crazyflie_interfaces) StdoutLine: {'line': b'-- Up-to-date symlink: /home/gowtham/crazyflie_ws/install/crazyflie_interfaces/include/crazyflie_interfaces/crazyflie_interfaces/msg/detail/connection_statistics_array__rosidl_typesupport_fastrtps_c.h\n'}
[1.524823] (crazyflie_interfaces) StdoutLine: {'line': b'-- Up-to-date symlink: /home/gowtham/crazyflie_ws/install/crazyflie_interfaces/include/crazyflie_interfaces/crazyflie_interfaces/msg/detail/full_state__rosidl_typesupport_fastrtps_c.h\n'}
[1.525013] (crazyflie_interfaces) StdoutLine: {'line': b'-- Up-to-date symlink: /home/gowtham/crazyflie_ws/install/crazyflie_interfaces/include/crazyflie_interfaces/crazyflie_interfaces/msg/detail/hover__rosidl_typesupport_fastrtps_c.h\n'}
[1.525202] (crazyflie_interfaces) StdoutLine: {'line': b'-- Up-to-date symlink: /home/gowtham/crazyflie_ws/install/crazyflie_interfaces/include/crazyflie_interfaces/crazyflie_interfaces/msg/detail/log_block__rosidl_typesupport_fastrtps_c.h\n'}
[1.525646] (crazyflie_interfaces) StdoutLine: {'line': b'-- Up-to-date symlink: /home/gowtham/crazyflie_ws/install/crazyflie_interfaces/include/crazyflie_interfaces/crazyflie_interfaces/msg/detail/log_data_generic__rosidl_typesupport_fastrtps_c.h\n'}
[1.526099] (crazyflie_interfaces) StdoutLine: {'line': b'-- Up-to-date symlink: /home/gowtham/crazyflie_ws/install/crazyflie_interfaces/include/crazyflie_interfaces/crazyflie_interfaces/msg/detail/position__rosidl_typesupport_fastrtps_c.h\n'}
[1.526543] (crazyflie_interfaces) StdoutLine: {'line': b'-- Up-to-date symlink: /home/gowtham/crazyflie_ws/install/crazyflie_interfaces/include/crazyflie_interfaces/crazyflie_interfaces/msg/detail/status__rosidl_typesupport_fastrtps_c.h\n'}
[1.526989] (crazyflie_interfaces) StdoutLine: {'line': b'-- Up-to-date symlink: /home/gowtham/crazyflie_ws/install/crazyflie_interfaces/include/crazyflie_interfaces/crazyflie_interfaces/msg/detail/trajectory_polynomial_piece__rosidl_typesupport_fastrtps_c.h\n'}
[1.527427] (crazyflie_interfaces) StdoutLine: {'line': b'-- Up-to-date symlink: /home/gowtham/crazyflie_ws/install/crazyflie_interfaces/include/crazyflie_interfaces/crazyflie_interfaces/msg/detail/velocity_world__rosidl_typesupport_fastrtps_c.h\n'}
[1.527854] (crazyflie_interfaces) StdoutLine: {'line': b'-- Up-to-date symlink: /home/gowtham/crazyflie_ws/install/crazyflie_interfaces/include/crazyflie_interfaces/crazyflie_interfaces/msg/rosidl_typesupport_fastrtps_c__visibility_control.h\n'}
[1.528788] (crazyflie_interfaces) StdoutLine: {'line': b'-- Up-to-date symlink: /home/gowtham/crazyflie_ws/install/crazyflie_interfaces/include/crazyflie_interfaces/crazyflie_interfaces/srv/detail/add_logging__rosidl_typesupport_fastrtps_c.h\n'}
[1.529075] (crazyflie_interfaces) StdoutLine: {'line': b'-- Up-to-date symlink: /home/gowtham/crazyflie_ws/install/crazyflie_interfaces/include/crazyflie_interfaces/crazyflie_interfaces/srv/detail/arm__rosidl_typesupport_fastrtps_c.h\n'}
[1.529817] (crazyflie_interfaces) StdoutLine: {'line': b'-- Up-to-date symlink: /home/gowtham/crazyflie_ws/install/crazyflie_interfaces/include/crazyflie_interfaces/crazyflie_interfaces/srv/detail/go_to__rosidl_typesupport_fastrtps_c.h\n'}
[1.529958] (crazyflie_interfaces) StdoutLine: {'line': b'-- Up-to-date symlink: /home/gowtham/crazyflie_ws/install/crazyflie_interfaces/include/crazyflie_interfaces/crazyflie_interfaces/srv/detail/land__rosidl_typesupport_fastrtps_c.h\n'}
[1.530142] (crazyflie_interfaces) StdoutLine: {'line': b'-- Up-to-date symlink: /home/gowtham/crazyflie_ws/install/crazyflie_interfaces/include/crazyflie_interfaces/crazyflie_interfaces/srv/detail/notify_setpoints_stop__rosidl_typesupport_fastrtps_c.h\n'}
[1.531050] (crazyflie_interfaces) StdoutLine: {'line': b'-- Up-to-date symlink: /home/gowtham/crazyflie_ws/install/crazyflie_interfaces/include/crazyflie_interfaces/crazyflie_interfaces/srv/detail/remove_logging__rosidl_typesupport_fastrtps_c.h\n'}
[1.531243] (crazyflie_interfaces) StdoutLine: {'line': b'-- Up-to-date symlink: /home/gowtham/crazyflie_ws/install/crazyflie_interfaces/include/crazyflie_interfaces/crazyflie_interfaces/srv/detail/set_group_mask__rosidl_typesupport_fastrtps_c.h\n'}
[1.531478] (crazyflie_interfaces) StdoutLine: {'line': b'-- Up-to-date symlink: /home/gowtham/crazyflie_ws/install/crazyflie_interfaces/include/crazyflie_interfaces/crazyflie_interfaces/srv/detail/start_trajectory__rosidl_typesupport_fastrtps_c.h\n'}
[1.534357] (crazyflie_interfaces) StdoutLine: {'line': b'-- Up-to-date symlink: /home/gowtham/crazyflie_ws/install/crazyflie_interfaces/include/crazyflie_interfaces/crazyflie_interfaces/srv/detail/stop__rosidl_typesupport_fastrtps_c.h\n'}
[1.540205] (crazyflie_interfaces) StdoutLine: {'line': b'-- Up-to-date symlink: /home/gowtham/crazyflie_ws/install/crazyflie_interfaces/include/crazyflie_interfaces/crazyflie_interfaces/srv/detail/takeoff__rosidl_typesupport_fastrtps_c.h\n'}
[1.540510] (crazyflie_interfaces) StdoutLine: {'line': b'-- Up-to-date symlink: /home/gowtham/crazyflie_ws/install/crazyflie_interfaces/include/crazyflie_interfaces/crazyflie_interfaces/srv/detail/update_params__rosidl_typesupport_fastrtps_c.h\n'}
[1.540899] (crazyflie_interfaces) StdoutLine: {'line': b'-- Up-to-date symlink: /home/gowtham/crazyflie_ws/install/crazyflie_interfaces/include/crazyflie_interfaces/crazyflie_interfaces/srv/detail/upload_trajectory__rosidl_typesupport_fastrtps_c.h\n'}
[1.544684] (crazyflie_interfaces) StdoutLine: {'line': b'-- Up-to-date symlink: /home/gowtham/crazyflie_ws/install/crazyflie_interfaces/include/crazyflie_interfaces/crazyflie_interfaces/msg/connection_statistics.hpp\n'}
[1.544919] (crazyflie_interfaces) StdoutLine: {'line': b'-- Up-to-date symlink: /home/gowtham/crazyflie_ws/install/crazyflie_interfaces/include/crazyflie_interfaces/crazyflie_interfaces/msg/connection_statistics_array.hpp\n'}
[1.545650] (crazyflie_interfaces) StdoutLine: {'line': b'-- Up-to-date symlink: /home/gowtham/crazyflie_ws/install/crazyflie_interfaces/include/crazyflie_interfaces/crazyflie_interfaces/msg/detail/connection_statistics__builder.hpp\n'}
[1.545843] (crazyflie_interfaces) StdoutLine: {'line': b'-- Up-to-date symlink: /home/gowtham/crazyflie_ws/install/crazyflie_interfaces/include/crazyflie_interfaces/crazyflie_interfaces/msg/detail/connection_statistics__struct.hpp\n'}
[1.546064] (crazyflie_interfaces) StdoutLine: {'line': b'-- Up-to-date symlink: /home/gowtham/crazyflie_ws/install/crazyflie_interfaces/include/crazyflie_interfaces/crazyflie_interfaces/msg/detail/connection_statistics__traits.hpp\n'}
[1.546506] (crazyflie_interfaces) StdoutLine: {'line': b'-- Up-to-date symlink: /home/gowtham/crazyflie_ws/install/crazyflie_interfaces/include/crazyflie_interfaces/crazyflie_interfaces/msg/detail/connection_statistics__type_support.hpp\n'}
[1.546927] (crazyflie_interfaces) StdoutLine: {'line': b'-- Up-to-date symlink: /home/gowtham/crazyflie_ws/install/crazyflie_interfaces/include/crazyflie_interfaces/crazyflie_interfaces/msg/detail/connection_statistics_array__builder.hpp\n'}
[1.547373] (crazyflie_interfaces) StdoutLine: {'line': b'-- Up-to-date symlink: /home/gowtham/crazyflie_ws/install/crazyflie_interfaces/include/crazyflie_interfaces/crazyflie_interfaces/msg/detail/connection_statistics_array__struct.hpp\n'}
[1.547814] (crazyflie_interfaces) StdoutLine: {'line': b'-- Up-to-date symlink: /home/gowtham/crazyflie_ws/install/crazyflie_interfaces/include/crazyflie_interfaces/crazyflie_interfaces/msg/detail/connection_statistics_array__traits.hpp\n'}
[1.551365] (crazyflie_interfaces) StdoutLine: {'line': b'-- Up-to-date symlink: /home/gowtham/crazyflie_ws/install/crazyflie_interfaces/include/crazyflie_interfaces/crazyflie_interfaces/msg/detail/connection_statistics_array__type_support.hpp\n'}
[1.556027] (crazyflie_interfaces) StdoutLine: {'line': b'-- Up-to-date symlink: /home/gowtham/crazyflie_ws/install/crazyflie_interfaces/include/crazyflie_interfaces/crazyflie_interfaces/msg/detail/full_state__builder.hpp\n'}
[1.556341] (crazyflie_interfaces) StdoutLine: {'line': b'-- Up-to-date symlink: /home/gowtham/crazyflie_ws/install/crazyflie_interfaces/include/crazyflie_interfaces/crazyflie_interfaces/msg/detail/full_state__struct.hpp\n'}
[1.557175] (crazyflie_interfaces) StdoutLine: {'line': b'-- Up-to-date symlink: /home/gowtham/crazyflie_ws/install/crazyflie_interfaces/include/crazyflie_interfaces/crazyflie_interfaces/msg/detail/full_state__traits.hpp\n'}
[1.557621] (crazyflie_interfaces) StdoutLine: {'line': b'-- Up-to-date symlink: /home/gowtham/crazyflie_ws/install/crazyflie_interfaces/include/crazyflie_interfaces/crazyflie_interfaces/msg/detail/full_state__type_support.hpp\n'}
[1.558509] (crazyflie_interfaces) StdoutLine: {'line': b'-- Up-to-date symlink: /home/gowtham/crazyflie_ws/install/crazyflie_interfaces/include/crazyflie_interfaces/crazyflie_interfaces/msg/detail/hover__builder.hpp\n'}
[1.558688] (crazyflie_interfaces) StdoutLine: {'line': b'-- Up-to-date symlink: /home/gowtham/crazyflie_ws/install/crazyflie_interfaces/include/crazyflie_interfaces/crazyflie_interfaces/msg/detail/hover__struct.hpp\n'}
[1.558903] (crazyflie_interfaces) StdoutLine: {'line': b'-- Up-to-date symlink: /home/gowtham/crazyflie_ws/install/crazyflie_interfaces/include/crazyflie_interfaces/crazyflie_interfaces/msg/detail/hover__traits.hpp\n'}
[1.559364] (crazyflie_interfaces) StdoutLine: {'line': b'-- Up-to-date symlink: /home/gowtham/crazyflie_ws/install/crazyflie_interfaces/include/crazyflie_interfaces/crazyflie_interfaces/msg/detail/hover__type_support.hpp\n'}
[1.561997] (crazyflie_interfaces) StdoutLine: {'line': b'-- Up-to-date symlink: /home/gowtham/crazyflie_ws/install/crazyflie_interfaces/include/crazyflie_interfaces/crazyflie_interfaces/msg/detail/log_block__builder.hpp\n'}
[1.562235] (crazyflie_interfaces) StdoutLine: {'line': b'-- Up-to-date symlink: /home/gowtham/crazyflie_ws/install/crazyflie_interfaces/include/crazyflie_interfaces/crazyflie_interfaces/msg/detail/log_block__struct.hpp\n'}
[1.562347] (crazyflie_interfaces) StdoutLine: {'line': b'-- Up-to-date symlink: /home/gowtham/crazyflie_ws/install/crazyflie_interfaces/include/crazyflie_interfaces/crazyflie_interfaces/msg/detail/log_block__traits.hpp\n'}
[1.562478] (crazyflie_interfaces) StdoutLine: {'line': b'-- Up-to-date symlink: /home/gowtham/crazyflie_ws/install/crazyflie_interfaces/include/crazyflie_interfaces/crazyflie_interfaces/msg/detail/log_block__type_support.hpp\n'}
[1.562588] (crazyflie_interfaces) StdoutLine: {'line': b'-- Up-to-date symlink: /home/gowtham/crazyflie_ws/install/crazyflie_interfaces/include/crazyflie_interfaces/crazyflie_interfaces/msg/detail/log_data_generic__builder.hpp\n'}
[1.562688] (crazyflie_interfaces) StdoutLine: {'line': b'-- Up-to-date symlink: /home/gowtham/crazyflie_ws/install/crazyflie_interfaces/include/crazyflie_interfaces/crazyflie_interfaces/msg/detail/log_data_generic__struct.hpp\n'}
[1.562823] (crazyflie_interfaces) StdoutLine: {'line': b'-- Up-to-date symlink: /home/gowtham/crazyflie_ws/install/crazyflie_interfaces/include/crazyflie_interfaces/crazyflie_interfaces/msg/detail/log_data_generic__traits.hpp\n'}
[1.563346] (crazyflie_interfaces) StdoutLine: {'line': b'-- Up-to-date symlink: /home/gowtham/crazyflie_ws/install/crazyflie_interfaces/include/crazyflie_interfaces/crazyflie_interfaces/msg/detail/log_data_generic__type_support.hpp\n'}
[1.563497] (crazyflie_interfaces) StdoutLine: {'line': b'-- Up-to-date symlink: /home/gowtham/crazyflie_ws/install/crazyflie_interfaces/include/crazyflie_interfaces/crazyflie_interfaces/msg/detail/position__builder.hpp\n'}
[1.563765] (crazyflie_interfaces) StdoutLine: {'line': b'-- Up-to-date symlink: /home/gowtham/crazyflie_ws/install/crazyflie_interfaces/include/crazyflie_interfaces/crazyflie_interfaces/msg/detail/position__struct.hpp\n'}
[1.564220] (crazyflie_interfaces) StdoutLine: {'line': b'-- Up-to-date symlink: /home/gowtham/crazyflie_ws/install/crazyflie_interfaces/include/crazyflie_interfaces/crazyflie_interfaces/msg/detail/position__traits.hpp\n'}
[1.564670] (crazyflie_interfaces) StdoutLine: {'line': b'-- Up-to-date symlink: /home/gowtham/crazyflie_ws/install/crazyflie_interfaces/include/crazyflie_interfaces/crazyflie_interfaces/msg/detail/position__type_support.hpp\n'}
[1.570333] (crazyflie_interfaces) StdoutLine: {'line': b'-- Up-to-date symlink: /home/gowtham/crazyflie_ws/install/crazyflie_interfaces/include/crazyflie_interfaces/crazyflie_interfaces/msg/detail/status__builder.hpp\n'}
[1.572895] (crazyflie_interfaces) StdoutLine: {'line': b'-- Up-to-date symlink: /home/gowtham/crazyflie_ws/install/crazyflie_interfaces/include/crazyflie_interfaces/crazyflie_interfaces/msg/detail/status__struct.hpp\n'}
[1.574731] (crazyflie_interfaces) StdoutLine: {'line': b'-- Up-to-date symlink: /home/gowtham/crazyflie_ws/install/crazyflie_interfaces/include/crazyflie_interfaces/crazyflie_interfaces/msg/detail/status__traits.hpp\n'}
[1.575015] (crazyflie_interfaces) StdoutLine: {'line': b'-- Up-to-date symlink: /home/gowtham/crazyflie_ws/install/crazyflie_interfaces/include/crazyflie_interfaces/crazyflie_interfaces/msg/detail/status__type_support.hpp\n'}
[1.576362] (crazyflie_interfaces) StdoutLine: {'line': b'-- Up-to-date symlink: /home/gowtham/crazyflie_ws/install/crazyflie_interfaces/include/crazyflie_interfaces/crazyflie_interfaces/msg/detail/trajectory_polynomial_piece__builder.hpp\n'}
[1.576568] (crazyflie_interfaces) StdoutLine: {'line': b'-- Up-to-date symlink: /home/gowtham/crazyflie_ws/install/crazyflie_interfaces/include/crazyflie_interfaces/crazyflie_interfaces/msg/detail/trajectory_polynomial_piece__struct.hpp\n'}
[1.576672] (crazyflie_interfaces) StdoutLine: {'line': b'-- Up-to-date symlink: /home/gowtham/crazyflie_ws/install/crazyflie_interfaces/include/crazyflie_interfaces/crazyflie_interfaces/msg/detail/trajectory_polynomial_piece__traits.hpp\n'}
[1.577328] (crazyflie_interfaces) StdoutLine: {'line': b'-- Up-to-date symlink: /home/gowtham/crazyflie_ws/install/crazyflie_interfaces/include/crazyflie_interfaces/crazyflie_interfaces/msg/detail/trajectory_polynomial_piece__type_support.hpp\n'}
[1.577449] (crazyflie_interfaces) StdoutLine: {'line': b'-- Up-to-date symlink: /home/gowtham/crazyflie_ws/install/crazyflie_interfaces/include/crazyflie_interfaces/crazyflie_interfaces/msg/detail/velocity_world__builder.hpp\n'}
[1.578085] (crazyflie_interfaces) StdoutLine: {'line': b'-- Up-to-date symlink: /home/gowtham/crazyflie_ws/install/crazyflie_interfaces/include/crazyflie_interfaces/crazyflie_interfaces/msg/detail/velocity_world__struct.hpp\n'}
[1.578251] (crazyflie_interfaces) StdoutLine: {'line': b'-- Up-to-date symlink: /home/gowtham/crazyflie_ws/install/crazyflie_interfaces/include/crazyflie_interfaces/crazyflie_interfaces/msg/detail/velocity_world__traits.hpp\n'}
[1.578510] (crazyflie_interfaces) StdoutLine: {'line': b'-- Up-to-date symlink: /home/gowtham/crazyflie_ws/install/crazyflie_interfaces/include/crazyflie_interfaces/crazyflie_interfaces/msg/detail/velocity_world__type_support.hpp\n'}
[1.578921] (crazyflie_interfaces) StdoutLine: {'line': b'-- Up-to-date symlink: /home/gowtham/crazyflie_ws/install/crazyflie_interfaces/include/crazyflie_interfaces/crazyflie_interfaces/msg/full_state.hpp\n'}
[1.579342] (crazyflie_interfaces) StdoutLine: {'line': b'-- Up-to-date symlink: /home/gowtham/crazyflie_ws/install/crazyflie_interfaces/include/crazyflie_interfaces/crazyflie_interfaces/msg/hover.hpp\n'}
[1.579757] (crazyflie_interfaces) StdoutLine: {'line': b'-- Up-to-date symlink: /home/gowtham/crazyflie_ws/install/crazyflie_interfaces/include/crazyflie_interfaces/crazyflie_interfaces/msg/log_block.hpp\n'}
[1.580160] (crazyflie_interfaces) StdoutLine: {'line': b'-- Up-to-date symlink: /home/gowtham/crazyflie_ws/install/crazyflie_interfaces/include/crazyflie_interfaces/crazyflie_interfaces/msg/log_data_generic.hpp\n'}
[1.580968] (crazyflie_interfaces) StdoutLine: {'line': b'-- Up-to-date symlink: /home/gowtham/crazyflie_ws/install/crazyflie_interfaces/include/crazyflie_interfaces/crazyflie_interfaces/msg/position.hpp\n'}
[1.581174] (crazyflie_interfaces) StdoutLine: {'line': b'-- Up-to-date symlink: /home/gowtham/crazyflie_ws/install/crazyflie_interfaces/include/crazyflie_interfaces/crazyflie_interfaces/msg/rosidl_generator_cpp__visibility_control.hpp\n'}
[1.584129] (crazyflie_interfaces) StdoutLine: {'line': b'-- Up-to-date symlink: /home/gowtham/crazyflie_ws/install/crazyflie_interfaces/include/crazyflie_interfaces/crazyflie_interfaces/msg/status.hpp\n'}
[1.589326] (crazyflie_interfaces) StdoutLine: {'line': b'-- Up-to-date symlink: /home/gowtham/crazyflie_ws/install/crazyflie_interfaces/include/crazyflie_interfaces/crazyflie_interfaces/msg/trajectory_polynomial_piece.hpp\n'}
[1.589623] (crazyflie_interfaces) StdoutLine: {'line': b'-- Up-to-date symlink: /home/gowtham/crazyflie_ws/install/crazyflie_interfaces/include/crazyflie_interfaces/crazyflie_interfaces/msg/velocity_world.hpp\n'}
[1.589803] (crazyflie_interfaces) StdoutLine: {'line': b'-- Up-to-date symlink: /home/gowtham/crazyflie_ws/install/crazyflie_interfaces/include/crazyflie_interfaces/crazyflie_interfaces/srv/add_logging.hpp\n'}
[1.590250] (crazyflie_interfaces) StdoutLine: {'line': b'-- Up-to-date symlink: /home/gowtham/crazyflie_ws/install/crazyflie_interfaces/include/crazyflie_interfaces/crazyflie_interfaces/srv/arm.hpp\n'}
[1.590678] (crazyflie_interfaces) StdoutLine: {'line': b'-- Up-to-date symlink: /home/gowtham/crazyflie_ws/install/crazyflie_interfaces/include/crazyflie_interfaces/crazyflie_interfaces/srv/detail/add_logging__builder.hpp\n'}
[1.591116] (crazyflie_interfaces) StdoutLine: {'line': b'-- Up-to-date symlink: /home/gowtham/crazyflie_ws/install/crazyflie_interfaces/include/crazyflie_interfaces/crazyflie_interfaces/srv/detail/add_logging__struct.hpp\n'}
[1.591543] (crazyflie_interfaces) StdoutLine: {'line': b'-- Up-to-date symlink: /home/gowtham/crazyflie_ws/install/crazyflie_interfaces/include/crazyflie_interfaces/crazyflie_interfaces/srv/detail/add_logging__traits.hpp\n'}
[1.592000] (crazyflie_interfaces) StdoutLine: {'line': b'-- Up-to-date symlink: /home/gowtham/crazyflie_ws/install/crazyflie_interfaces/include/crazyflie_interfaces/crazyflie_interfaces/srv/detail/add_logging__type_support.hpp\n'}
[1.592821] (crazyflie_interfaces) StdoutLine: {'line': b'-- Up-to-date symlink: /home/gowtham/crazyflie_ws/install/crazyflie_interfaces/include/crazyflie_interfaces/crazyflie_interfaces/srv/detail/arm__builder.hpp\n'}
[1.593075] (crazyflie_interfaces) StdoutLine: {'line': b'-- Up-to-date symlink: /home/gowtham/crazyflie_ws/install/crazyflie_interfaces/include/crazyflie_interfaces/crazyflie_interfaces/srv/detail/arm__struct.hpp\n'}
[1.593324] (crazyflie_interfaces) StdoutLine: {'line': b'-- Up-to-date symlink: /home/gowtham/crazyflie_ws/install/crazyflie_interfaces/include/crazyflie_interfaces/crazyflie_interfaces/srv/detail/arm__traits.hpp\n'}
[1.593993] (crazyflie_interfaces) StdoutLine: {'line': b'-- Up-to-date symlink: /home/gowtham/crazyflie_ws/install/crazyflie_interfaces/include/crazyflie_interfaces/crazyflie_interfaces/srv/detail/arm__type_support.hpp\n'}
[1.594730] (crazyflie_interfaces) StdoutLine: {'line': b'-- Up-to-date symlink: /home/gowtham/crazyflie_ws/install/crazyflie_interfaces/include/crazyflie_interfaces/crazyflie_interfaces/srv/detail/go_to__builder.hpp\n'}
[1.595198] (crazyflie_interfaces) StdoutLine: {'line': b'-- Up-to-date symlink: /home/gowtham/crazyflie_ws/install/crazyflie_interfaces/include/crazyflie_interfaces/crazyflie_interfaces/srv/detail/go_to__struct.hpp\n'}
[1.595364] (crazyflie_interfaces) StdoutLine: {'line': b'-- Up-to-date symlink: /home/gowtham/crazyflie_ws/install/crazyflie_interfaces/include/crazyflie_interfaces/crazyflie_interfaces/srv/detail/go_to__traits.hpp\n'}
[1.596050] (crazyflie_interfaces) StdoutLine: {'line': b'-- Up-to-date symlink: /home/gowtham/crazyflie_ws/install/crazyflie_interfaces/include/crazyflie_interfaces/crazyflie_interfaces/srv/detail/go_to__type_support.hpp\n'}
[1.596243] (crazyflie_interfaces) StdoutLine: {'line': b'-- Up-to-date symlink: /home/gowtham/crazyflie_ws/install/crazyflie_interfaces/include/crazyflie_interfaces/crazyflie_interfaces/srv/detail/land__builder.hpp\n'}
[1.596471] (crazyflie_interfaces) StdoutLine: {'line': b'-- Up-to-date symlink: /home/gowtham/crazyflie_ws/install/crazyflie_interfaces/include/crazyflie_interfaces/crazyflie_interfaces/srv/detail/land__struct.hpp\n'}
[1.596914] (crazyflie_interfaces) StdoutLine: {'line': b'-- Up-to-date symlink: /home/gowtham/crazyflie_ws/install/crazyflie_interfaces/include/crazyflie_interfaces/crazyflie_interfaces/srv/detail/land__traits.hpp\n'}
[1.597769] (crazyflie_interfaces) StdoutLine: {'line': b'-- Up-to-date symlink: /home/gowtham/crazyflie_ws/install/crazyflie_interfaces/include/crazyflie_interfaces/crazyflie_interfaces/srv/detail/land__type_support.hpp\n'}
[1.598008] (crazyflie_interfaces) StdoutLine: {'line': b'-- Up-to-date symlink: /home/gowtham/crazyflie_ws/install/crazyflie_interfaces/include/crazyflie_interfaces/crazyflie_interfaces/srv/detail/notify_setpoints_stop__builder.hpp\n'}
[1.598201] (crazyflie_interfaces) StdoutLine: {'line': b'-- Up-to-date symlink: /home/gowtham/crazyflie_ws/install/crazyflie_interfaces/include/crazyflie_interfaces/crazyflie_interfaces/srv/detail/notify_setpoints_stop__struct.hpp\n'}
[1.601544] (crazyflie_interfaces) StdoutLine: {'line': b'-- Up-to-date symlink: /home/gowtham/crazyflie_ws/install/crazyflie_interfaces/include/crazyflie_interfaces/crazyflie_interfaces/srv/detail/notify_setpoints_stop__traits.hpp\n'}
[1.606907] (crazyflie_interfaces) StdoutLine: {'line': b'-- Up-to-date symlink: /home/gowtham/crazyflie_ws/install/crazyflie_interfaces/include/crazyflie_interfaces/crazyflie_interfaces/srv/detail/notify_setpoints_stop__type_support.hpp\n'}
[1.607236] (crazyflie_interfaces) StdoutLine: {'line': b'-- Up-to-date symlink: /home/gowtham/crazyflie_ws/install/crazyflie_interfaces/include/crazyflie_interfaces/crazyflie_interfaces/srv/detail/remove_logging__builder.hpp\n'}
[1.607451] (crazyflie_interfaces) StdoutLine: {'line': b'-- Up-to-date symlink: /home/gowtham/crazyflie_ws/install/crazyflie_interfaces/include/crazyflie_interfaces/crazyflie_interfaces/srv/detail/remove_logging__struct.hpp\n'}
[1.607928] (crazyflie_interfaces) StdoutLine: {'line': b'-- Up-to-date symlink: /home/gowtham/crazyflie_ws/install/crazyflie_interfaces/include/crazyflie_interfaces/crazyflie_interfaces/srv/detail/remove_logging__traits.hpp\n'}
[1.608393] (crazyflie_interfaces) StdoutLine: {'line': b'-- Up-to-date symlink: /home/gowtham/crazyflie_ws/install/crazyflie_interfaces/include/crazyflie_interfaces/crazyflie_interfaces/srv/detail/remove_logging__type_support.hpp\n'}
[1.608839] (crazyflie_interfaces) StdoutLine: {'line': b'-- Up-to-date symlink: /home/gowtham/crazyflie_ws/install/crazyflie_interfaces/include/crazyflie_interfaces/crazyflie_interfaces/srv/detail/set_group_mask__builder.hpp\n'}
[1.609312] (crazyflie_interfaces) StdoutLine: {'line': b'-- Up-to-date symlink: /home/gowtham/crazyflie_ws/install/crazyflie_interfaces/include/crazyflie_interfaces/crazyflie_interfaces/srv/detail/set_group_mask__struct.hpp\n'}
[1.609775] (crazyflie_interfaces) StdoutLine: {'line': b'-- Up-to-date symlink: /home/gowtham/crazyflie_ws/install/crazyflie_interfaces/include/crazyflie_interfaces/crazyflie_interfaces/srv/detail/set_group_mask__traits.hpp\n'}
[1.610245] (crazyflie_interfaces) StdoutLine: {'line': b'-- Up-to-date symlink: /home/gowtham/crazyflie_ws/install/crazyflie_interfaces/include/crazyflie_interfaces/crazyflie_interfaces/srv/detail/set_group_mask__type_support.hpp\n'}
[1.610697] (crazyflie_interfaces) StdoutLine: {'line': b'-- Up-to-date symlink: /home/gowtham/crazyflie_ws/install/crazyflie_interfaces/include/crazyflie_interfaces/crazyflie_interfaces/srv/detail/start_trajectory__builder.hpp\n'}
[1.611558] (crazyflie_interfaces) StdoutLine: {'line': b'-- Up-to-date symlink: /home/gowtham/crazyflie_ws/install/crazyflie_interfaces/include/crazyflie_interfaces/crazyflie_interfaces/srv/detail/start_trajectory__struct.hpp\n'}
[1.611794] (crazyflie_interfaces) StdoutLine: {'line': b'-- Up-to-date symlink: /home/gowtham/crazyflie_ws/install/crazyflie_interfaces/include/crazyflie_interfaces/crazyflie_interfaces/srv/detail/start_trajectory__traits.hpp\n'}
[1.612007] (crazyflie_interfaces) StdoutLine: {'line': b'-- Up-to-date symlink: /home/gowtham/crazyflie_ws/install/crazyflie_interfaces/include/crazyflie_interfaces/crazyflie_interfaces/srv/detail/start_trajectory__type_support.hpp\n'}
[1.612909] (crazyflie_interfaces) StdoutLine: {'line': b'-- Up-to-date symlink: /home/gowtham/crazyflie_ws/install/crazyflie_interfaces/include/crazyflie_interfaces/crazyflie_interfaces/srv/detail/stop__builder.hpp\n'}
[1.613086] (-) TimerEvent: {}
[1.613425] (crazyflie_interfaces) StdoutLine: {'line': b'-- Up-to-date symlink: /home/gowtham/crazyflie_ws/install/crazyflie_interfaces/include/crazyflie_interfaces/crazyflie_interfaces/srv/detail/stop__struct.hpp\n'}
[1.613567] (crazyflie_interfaces) StdoutLine: {'line': b'-- Up-to-date symlink: /home/gowtham/crazyflie_ws/install/crazyflie_interfaces/include/crazyflie_interfaces/crazyflie_interfaces/srv/detail/stop__traits.hpp\n'}
[1.614265] (crazyflie_interfaces) StdoutLine: {'line': b'-- Up-to-date symlink: /home/gowtham/crazyflie_ws/install/crazyflie_interfaces/include/crazyflie_interfaces/crazyflie_interfaces/srv/detail/stop__type_support.hpp\n'}
[1.614429] (crazyflie_interfaces) StdoutLine: {'line': b'-- Up-to-date symlink: /home/gowtham/crazyflie_ws/install/crazyflie_interfaces/include/crazyflie_interfaces/crazyflie_interfaces/srv/detail/takeoff__builder.hpp\n'}
[1.614683] (crazyflie_interfaces) StdoutLine: {'line': b'-- Up-to-date symlink: /home/gowtham/crazyflie_ws/install/crazyflie_interfaces/include/crazyflie_interfaces/crazyflie_interfaces/srv/detail/takeoff__struct.hpp\n'}
[1.617371] (crazyflie_interfaces) StdoutLine: {'line': b'-- Up-to-date symlink: /home/gowtham/crazyflie_ws/install/crazyflie_interfaces/include/crazyflie_interfaces/crazyflie_interfaces/srv/detail/takeoff__traits.hpp\n'}
[1.622818] (crazyflie_interfaces) StdoutLine: {'line': b'-- Up-to-date symlink: /home/gowtham/crazyflie_ws/install/crazyflie_interfaces/include/crazyflie_interfaces/crazyflie_interfaces/srv/detail/takeoff__type_support.hpp\n'}
[1.623279] (crazyflie_interfaces) StdoutLine: {'line': b'-- Up-to-date symlink: /home/gowtham/crazyflie_ws/install/crazyflie_interfaces/include/crazyflie_interfaces/crazyflie_interfaces/srv/detail/update_params__builder.hpp\n'}
[1.623460] (crazyflie_interfaces) StdoutLine: {'line': b'-- Up-to-date symlink: /home/gowtham/crazyflie_ws/install/crazyflie_interfaces/include/crazyflie_interfaces/crazyflie_interfaces/srv/detail/update_params__struct.hpp\n'}
[1.624153] (crazyflie_interfaces) StdoutLine: {'line': b'-- Up-to-date symlink: /home/gowtham/crazyflie_ws/install/crazyflie_interfaces/include/crazyflie_interfaces/crazyflie_interfaces/srv/detail/update_params__traits.hpp\n'}
[1.624614] (crazyflie_interfaces) StdoutLine: {'line': b'-- Up-to-date symlink: /home/gowtham/crazyflie_ws/install/crazyflie_interfaces/include/crazyflie_interfaces/crazyflie_interfaces/srv/detail/update_params__type_support.hpp\n'}
[1.624761] (crazyflie_interfaces) StdoutLine: {'line': b'-- Up-to-date symlink: /home/gowtham/crazyflie_ws/install/crazyflie_interfaces/include/crazyflie_interfaces/crazyflie_interfaces/srv/detail/upload_trajectory__builder.hpp\n'}
[1.625504] (crazyflie_interfaces) StdoutLine: {'line': b'-- Up-to-date symlink: /home/gowtham/crazyflie_ws/install/crazyflie_interfaces/include/crazyflie_interfaces/crazyflie_interfaces/srv/detail/upload_trajectory__struct.hpp\n'}
[1.627996] (crazyflie_interfaces) StdoutLine: {'line': b'-- Up-to-date symlink: /home/gowtham/crazyflie_ws/install/crazyflie_interfaces/include/crazyflie_interfaces/crazyflie_interfaces/srv/detail/upload_trajectory__traits.hpp\n'}
[1.628244] (crazyflie_interfaces) StdoutLine: {'line': b'-- Up-to-date symlink: /home/gowtham/crazyflie_ws/install/crazyflie_interfaces/include/crazyflie_interfaces/crazyflie_interfaces/srv/detail/upload_trajectory__type_support.hpp\n'}
[1.628371] (crazyflie_interfaces) StdoutLine: {'line': b'-- Up-to-date symlink: /home/gowtham/crazyflie_ws/install/crazyflie_interfaces/include/crazyflie_interfaces/crazyflie_interfaces/srv/go_to.hpp\n'}
[1.628477] (crazyflie_interfaces) StdoutLine: {'line': b'-- Up-to-date symlink: /home/gowtham/crazyflie_ws/install/crazyflie_interfaces/include/crazyflie_interfaces/crazyflie_interfaces/srv/land.hpp\n'}
[1.628627] (crazyflie_interfaces) StdoutLine: {'line': b'-- Up-to-date symlink: /home/gowtham/crazyflie_ws/install/crazyflie_interfaces/include/crazyflie_interfaces/crazyflie_interfaces/srv/notify_setpoints_stop.hpp\n'}
[1.628735] (crazyflie_interfaces) StdoutLine: {'line': b'-- Up-to-date symlink: /home/gowtham/crazyflie_ws/install/crazyflie_interfaces/include/crazyflie_interfaces/crazyflie_interfaces/srv/remove_logging.hpp\n'}
[1.628832] (crazyflie_interfaces) StdoutLine: {'line': b'-- Up-to-date symlink: /home/gowtham/crazyflie_ws/install/crazyflie_interfaces/include/crazyflie_interfaces/crazyflie_interfaces/srv/set_group_mask.hpp\n'}
[1.628933] (crazyflie_interfaces) StdoutLine: {'line': b'-- Up-to-date symlink: /home/gowtham/crazyflie_ws/install/crazyflie_interfaces/include/crazyflie_interfaces/crazyflie_interfaces/srv/start_trajectory.hpp\n'}
[1.629099] (crazyflie_interfaces) StdoutLine: {'line': b'-- Up-to-date symlink: /home/gowtham/crazyflie_ws/install/crazyflie_interfaces/include/crazyflie_interfaces/crazyflie_interfaces/srv/stop.hpp\n'}
[1.629794] (crazyflie_interfaces) StdoutLine: {'line': b'-- Up-to-date symlink: /home/gowtham/crazyflie_ws/install/crazyflie_interfaces/include/crazyflie_interfaces/crazyflie_interfaces/srv/takeoff.hpp\n'}
[1.629955] (crazyflie_interfaces) StdoutLine: {'line': b'-- Up-to-date symlink: /home/gowtham/crazyflie_ws/install/crazyflie_interfaces/include/crazyflie_interfaces/crazyflie_interfaces/srv/update_params.hpp\n'}
[1.630179] (crazyflie_interfaces) StdoutLine: {'line': b'-- Up-to-date symlink: /home/gowtham/crazyflie_ws/install/crazyflie_interfaces/include/crazyflie_interfaces/crazyflie_interfaces/srv/upload_trajectory.hpp\n'}
[1.640665] (crazyflie_interfaces) StdoutLine: {'line': b'-- Up-to-date symlink: /home/gowtham/crazyflie_ws/install/crazyflie_interfaces/include/crazyflie_interfaces/crazyflie_interfaces/msg/detail/connection_statistics__rosidl_typesupport_fastrtps_cpp.hpp\n'}
[1.640938] (crazyflie_interfaces) StdoutLine: {'line': b'-- Up-to-date symlink: /home/gowtham/crazyflie_ws/install/crazyflie_interfaces/include/crazyflie_interfaces/crazyflie_interfaces/msg/detail/connection_statistics_array__rosidl_typesupport_fastrtps_cpp.hpp\n'}
[1.641151] (crazyflie_interfaces) StdoutLine: {'line': b'-- Up-to-date symlink: /home/gowtham/crazyflie_ws/install/crazyflie_interfaces/include/crazyflie_interfaces/crazyflie_interfaces/msg/detail/full_state__rosidl_typesupport_fastrtps_cpp.hpp\n'}
[1.642236] (crazyflie_interfaces) StdoutLine: {'line': b'-- Up-to-date symlink: /home/gowtham/crazyflie_ws/install/crazyflie_interfaces/include/crazyflie_interfaces/crazyflie_interfaces/msg/detail/hover__rosidl_typesupport_fastrtps_cpp.hpp\n'}
[1.642486] (crazyflie_interfaces) StdoutLine: {'line': b'-- Up-to-date symlink: /home/gowtham/crazyflie_ws/install/crazyflie_interfaces/include/crazyflie_interfaces/crazyflie_interfaces/msg/detail/log_block__rosidl_typesupport_fastrtps_cpp.hpp\n'}
[1.643161] (crazyflie_interfaces) StdoutLine: {'line': b'-- Up-to-date symlink: /home/gowtham/crazyflie_ws/install/crazyflie_interfaces/include/crazyflie_interfaces/crazyflie_interfaces/msg/detail/log_data_generic__rosidl_typesupport_fastrtps_cpp.hpp\n'}
[1.644007] (crazyflie_interfaces) StdoutLine: {'line': b'-- Up-to-date symlink: /home/gowtham/crazyflie_ws/install/crazyflie_interfaces/include/crazyflie_interfaces/crazyflie_interfaces/msg/detail/position__rosidl_typesupport_fastrtps_cpp.hpp\n'}
[1.644258] (crazyflie_interfaces) StdoutLine: {'line': b'-- Up-to-date symlink: /home/gowtham/crazyflie_ws/install/crazyflie_interfaces/include/crazyflie_interfaces/crazyflie_interfaces/msg/detail/status__rosidl_typesupport_fastrtps_cpp.hpp\n'}
[1.646009] (crazyflie_interfaces) StdoutLine: {'line': b'-- Up-to-date symlink: /home/gowtham/crazyflie_ws/install/crazyflie_interfaces/include/crazyflie_interfaces/crazyflie_interfaces/msg/detail/trajectory_polynomial_piece__rosidl_typesupport_fastrtps_cpp.hpp\n'}
[1.646224] (crazyflie_interfaces) StdoutLine: {'line': b'-- Up-to-date symlink: /home/gowtham/crazyflie_ws/install/crazyflie_interfaces/include/crazyflie_interfaces/crazyflie_interfaces/msg/detail/velocity_world__rosidl_typesupport_fastrtps_cpp.hpp\n'}
[1.646343] (crazyflie_interfaces) StdoutLine: {'line': b'-- Up-to-date symlink: /home/gowtham/crazyflie_ws/install/crazyflie_interfaces/include/crazyflie_interfaces/crazyflie_interfaces/msg/rosidl_typesupport_fastrtps_cpp__visibility_control.h\n'}
[1.646488] (crazyflie_interfaces) StdoutLine: {'line': b'-- Up-to-date symlink: /home/gowtham/crazyflie_ws/install/crazyflie_interfaces/include/crazyflie_interfaces/crazyflie_interfaces/srv/detail/add_logging__rosidl_typesupport_fastrtps_cpp.hpp\n'}
[1.646620] (crazyflie_interfaces) StdoutLine: {'line': b'-- Up-to-date symlink: /home/gowtham/crazyflie_ws/install/crazyflie_interfaces/include/crazyflie_interfaces/crazyflie_interfaces/srv/detail/arm__rosidl_typesupport_fastrtps_cpp.hpp\n'}
[1.647382] (crazyflie_interfaces) StdoutLine: {'line': b'-- Up-to-date symlink: /home/gowtham/crazyflie_ws/install/crazyflie_interfaces/include/crazyflie_interfaces/crazyflie_interfaces/srv/detail/go_to__rosidl_typesupport_fastrtps_cpp.hpp\n'}
[1.647573] (crazyflie_interfaces) StdoutLine: {'line': b'-- Up-to-date symlink: /home/gowtham/crazyflie_ws/install/crazyflie_interfaces/include/crazyflie_interfaces/crazyflie_interfaces/srv/detail/land__rosidl_typesupport_fastrtps_cpp.hpp\n'}
[1.647799] (crazyflie_interfaces) StdoutLine: {'line': b'-- Up-to-date symlink: /home/gowtham/crazyflie_ws/install/crazyflie_interfaces/include/crazyflie_interfaces/crazyflie_interfaces/srv/detail/notify_setpoints_stop__rosidl_typesupport_fastrtps_cpp.hpp\n'}
[1.654003] (crazyflie_interfaces) StdoutLine: {'line': b'-- Up-to-date symlink: /home/gowtham/crazyflie_ws/install/crazyflie_interfaces/include/crazyflie_interfaces/crazyflie_interfaces/srv/detail/remove_logging__rosidl_typesupport_fastrtps_cpp.hpp\n'}
[1.654246] (crazyflie_interfaces) StdoutLine: {'line': b'-- Up-to-date symlink: /home/gowtham/crazyflie_ws/install/crazyflie_interfaces/include/crazyflie_interfaces/crazyflie_interfaces/srv/detail/set_group_mask__rosidl_typesupport_fastrtps_cpp.hpp\n'}
[1.654368] (crazyflie_interfaces) StdoutLine: {'line': b'-- Up-to-date symlink: /home/gowtham/crazyflie_ws/install/crazyflie_interfaces/include/crazyflie_interfaces/crazyflie_interfaces/srv/detail/start_trajectory__rosidl_typesupport_fastrtps_cpp.hpp\n'}
[1.654525] (crazyflie_interfaces) StdoutLine: {'line': b'-- Up-to-date symlink: /home/gowtham/crazyflie_ws/install/crazyflie_interfaces/include/crazyflie_interfaces/crazyflie_interfaces/srv/detail/stop__rosidl_typesupport_fastrtps_cpp.hpp\n'}
[1.654641] (crazyflie_interfaces) StdoutLine: {'line': b'-- Up-to-date symlink: /home/gowtham/crazyflie_ws/install/crazyflie_interfaces/include/crazyflie_interfaces/crazyflie_interfaces/srv/detail/takeoff__rosidl_typesupport_fastrtps_cpp.hpp\n'}
[1.654905] (crazyflie_interfaces) StdoutLine: {'line': b'-- Up-to-date symlink: /home/gowtham/crazyflie_ws/install/crazyflie_interfaces/include/crazyflie_interfaces/crazyflie_interfaces/srv/detail/update_params__rosidl_typesupport_fastrtps_cpp.hpp\n'}
[1.655412] (crazyflie_interfaces) StdoutLine: {'line': b'-- Up-to-date symlink: /home/gowtham/crazyflie_ws/install/crazyflie_interfaces/include/crazyflie_interfaces/crazyflie_interfaces/srv/detail/upload_trajectory__rosidl_typesupport_fastrtps_cpp.hpp\n'}
[1.657713] (crazyflie_interfaces) StdoutLine: {'line': b'-- Up-to-date symlink: /home/gowtham/crazyflie_ws/install/crazyflie_interfaces/include/crazyflie_interfaces/crazyflie_interfaces/msg/detail/connection_statistics__rosidl_typesupport_introspection_c.h\n'}
[1.657937] (crazyflie_interfaces) StdoutLine: {'line': b'-- Up-to-date symlink: /home/gowtham/crazyflie_ws/install/crazyflie_interfaces/include/crazyflie_interfaces/crazyflie_interfaces/msg/detail/connection_statistics_array__rosidl_typesupport_introspection_c.h\n'}
[1.660998] (crazyflie_interfaces) StdoutLine: {'line': b'-- Up-to-date symlink: /home/gowtham/crazyflie_ws/install/crazyflie_interfaces/include/crazyflie_interfaces/crazyflie_interfaces/msg/detail/full_state__rosidl_typesupport_introspection_c.h\n'}
[1.661256] (crazyflie_interfaces) StdoutLine: {'line': b'-- Up-to-date symlink: /home/gowtham/crazyflie_ws/install/crazyflie_interfaces/include/crazyflie_interfaces/crazyflie_interfaces/msg/detail/hover__rosidl_typesupport_introspection_c.h\n'}
[1.661381] (crazyflie_interfaces) StdoutLine: {'line': b'-- Up-to-date symlink: /home/gowtham/crazyflie_ws/install/crazyflie_interfaces/include/crazyflie_interfaces/crazyflie_interfaces/msg/detail/log_block__rosidl_typesupport_introspection_c.h\n'}
[1.661492] (crazyflie_interfaces) StdoutLine: {'line': b'-- Up-to-date symlink: /home/gowtham/crazyflie_ws/install/crazyflie_interfaces/include/crazyflie_interfaces/crazyflie_interfaces/msg/detail/log_data_generic__rosidl_typesupport_introspection_c.h\n'}
[1.661612] (crazyflie_interfaces) StdoutLine: {'line': b'-- Up-to-date symlink: /home/gowtham/crazyflie_ws/install/crazyflie_interfaces/include/crazyflie_interfaces/crazyflie_interfaces/msg/detail/position__rosidl_typesupport_introspection_c.h\n'}
[1.661721] (crazyflie_interfaces) StdoutLine: {'line': b'-- Up-to-date symlink: /home/gowtham/crazyflie_ws/install/crazyflie_interfaces/include/crazyflie_interfaces/crazyflie_interfaces/msg/detail/status__rosidl_typesupport_introspection_c.h\n'}
[1.661827] (crazyflie_interfaces) StdoutLine: {'line': b'-- Up-to-date symlink: /home/gowtham/crazyflie_ws/install/crazyflie_interfaces/include/crazyflie_interfaces/crazyflie_interfaces/msg/detail/trajectory_polynomial_piece__rosidl_typesupport_introspection_c.h\n'}
[1.662004] (crazyflie_interfaces) StdoutLine: {'line': b'-- Up-to-date symlink: /home/gowtham/crazyflie_ws/install/crazyflie_interfaces/include/crazyflie_interfaces/crazyflie_interfaces/msg/detail/velocity_world__rosidl_typesupport_introspection_c.h\n'}
[1.662191] (crazyflie_interfaces) StdoutLine: {'line': b'-- Up-to-date symlink: /home/gowtham/crazyflie_ws/install/crazyflie_interfaces/include/crazyflie_interfaces/crazyflie_interfaces/msg/rosidl_typesupport_introspection_c__visibility_control.h\n'}
[1.662421] (crazyflie_interfaces) StdoutLine: {'line': b'-- Up-to-date symlink: /home/gowtham/crazyflie_ws/install/crazyflie_interfaces/include/crazyflie_interfaces/crazyflie_interfaces/srv/detail/add_logging__rosidl_typesupport_introspection_c.h\n'}
[1.662893] (crazyflie_interfaces) StdoutLine: {'line': b'-- Up-to-date symlink: /home/gowtham/crazyflie_ws/install/crazyflie_interfaces/include/crazyflie_interfaces/crazyflie_interfaces/srv/detail/arm__rosidl_typesupport_introspection_c.h\n'}
[1.663375] (crazyflie_interfaces) StdoutLine: {'line': b'-- Up-to-date symlink: /home/gowtham/crazyflie_ws/install/crazyflie_interfaces/include/crazyflie_interfaces/crazyflie_interfaces/srv/detail/go_to__rosidl_typesupport_introspection_c.h\n'}
[1.663847] (crazyflie_interfaces) StdoutLine: {'line': b'-- Up-to-date symlink: /home/gowtham/crazyflie_ws/install/crazyflie_interfaces/include/crazyflie_interfaces/crazyflie_interfaces/srv/detail/land__rosidl_typesupport_introspection_c.h\n'}
[1.664326] (crazyflie_interfaces) StdoutLine: {'line': b'-- Up-to-date symlink: /home/gowtham/crazyflie_ws/install/crazyflie_interfaces/include/crazyflie_interfaces/crazyflie_interfaces/srv/detail/notify_setpoints_stop__rosidl_typesupport_introspection_c.h\n'}
[1.664801] (crazyflie_interfaces) StdoutLine: {'line': b'-- Up-to-date symlink: /home/gowtham/crazyflie_ws/install/crazyflie_interfaces/include/crazyflie_interfaces/crazyflie_interfaces/srv/detail/remove_logging__rosidl_typesupport_introspection_c.h\n'}
[1.668349] (crazyflie_interfaces) StdoutLine: {'line': b'-- Up-to-date symlink: /home/gowtham/crazyflie_ws/install/crazyflie_interfaces/include/crazyflie_interfaces/crazyflie_interfaces/srv/detail/set_group_mask__rosidl_typesupport_introspection_c.h\n'}
[1.673033] (crazyflie_interfaces) StdoutLine: {'line': b'-- Up-to-date symlink: /home/gowtham/crazyflie_ws/install/crazyflie_interfaces/include/crazyflie_interfaces/crazyflie_interfaces/srv/detail/start_trajectory__rosidl_typesupport_introspection_c.h\n'}
[1.673273] (crazyflie_interfaces) StdoutLine: {'line': b'-- Up-to-date symlink: /home/gowtham/crazyflie_ws/install/crazyflie_interfaces/include/crazyflie_interfaces/crazyflie_interfaces/srv/detail/stop__rosidl_typesupport_introspection_c.h\n'}
[1.673458] (crazyflie_interfaces) StdoutLine: {'line': b'-- Up-to-date symlink: /home/gowtham/crazyflie_ws/install/crazyflie_interfaces/include/crazyflie_interfaces/crazyflie_interfaces/srv/detail/takeoff__rosidl_typesupport_introspection_c.h\n'}
[1.673994] (crazyflie_interfaces) StdoutLine: {'line': b'-- Up-to-date symlink: /home/gowtham/crazyflie_ws/install/crazyflie_interfaces/include/crazyflie_interfaces/crazyflie_interfaces/srv/detail/update_params__rosidl_typesupport_introspection_c.h\n'}
[1.674501] (crazyflie_interfaces) StdoutLine: {'line': b'-- Up-to-date symlink: /home/gowtham/crazyflie_ws/install/crazyflie_interfaces/include/crazyflie_interfaces/crazyflie_interfaces/srv/detail/upload_trajectory__rosidl_typesupport_introspection_c.h\n'}
[1.676286] (crazyflie_interfaces) StdoutLine: {'line': b'-- Up-to-date symlink: /home/gowtham/crazyflie_ws/install/crazyflie_interfaces/include/crazyflie_interfaces/crazyflie_interfaces/msg/detail/connection_statistics__rosidl_typesupport_introspection_cpp.hpp\n'}
[1.676727] (crazyflie_interfaces) StdoutLine: {'line': b'-- Up-to-date symlink: /home/gowtham/crazyflie_ws/install/crazyflie_interfaces/include/crazyflie_interfaces/crazyflie_interfaces/msg/detail/connection_statistics_array__rosidl_typesupport_introspection_cpp.hpp\n'}
[1.677216] (crazyflie_interfaces) StdoutLine: {'line': b'-- Up-to-date symlink: /home/gowtham/crazyflie_ws/install/crazyflie_interfaces/include/crazyflie_interfaces/crazyflie_interfaces/msg/detail/full_state__rosidl_typesupport_introspection_cpp.hpp\n'}
[1.677686] (crazyflie_interfaces) StdoutLine: {'line': b'-- Up-to-date symlink: /home/gowtham/crazyflie_ws/install/crazyflie_interfaces/include/crazyflie_interfaces/crazyflie_interfaces/msg/detail/hover__rosidl_typesupport_introspection_cpp.hpp\n'}
[1.679991] (crazyflie_interfaces) StdoutLine: {'line': b'-- Up-to-date symlink: /home/gowtham/crazyflie_ws/install/crazyflie_interfaces/include/crazyflie_interfaces/crazyflie_interfaces/msg/detail/log_block__rosidl_typesupport_introspection_cpp.hpp\n'}
[1.680197] (crazyflie_interfaces) StdoutLine: {'line': b'-- Up-to-date symlink: /home/gowtham/crazyflie_ws/install/crazyflie_interfaces/include/crazyflie_interfaces/crazyflie_interfaces/msg/detail/log_data_generic__rosidl_typesupport_introspection_cpp.hpp\n'}
[1.680352] (crazyflie_interfaces) StdoutLine: {'line': b'-- Up-to-date symlink: /home/gowtham/crazyflie_ws/install/crazyflie_interfaces/include/crazyflie_interfaces/crazyflie_interfaces/msg/detail/position__rosidl_typesupport_introspection_cpp.hpp\n'}
[1.680469] (crazyflie_interfaces) StdoutLine: {'line': b'-- Up-to-date symlink: /home/gowtham/crazyflie_ws/install/crazyflie_interfaces/include/crazyflie_interfaces/crazyflie_interfaces/msg/detail/status__rosidl_typesupport_introspection_cpp.hpp\n'}
[1.680602] (crazyflie_interfaces) StdoutLine: {'line': b'-- Up-to-date symlink: /home/gowtham/crazyflie_ws/install/crazyflie_interfaces/include/crazyflie_interfaces/crazyflie_interfaces/msg/detail/trajectory_polynomial_piece__rosidl_typesupport_introspection_cpp.hpp\n'}
[1.680721] (crazyflie_interfaces) StdoutLine: {'line': b'-- Up-to-date symlink: /home/gowtham/crazyflie_ws/install/crazyflie_interfaces/include/crazyflie_interfaces/crazyflie_interfaces/msg/detail/velocity_world__rosidl_typesupport_introspection_cpp.hpp\n'}
[1.680894] (crazyflie_interfaces) StdoutLine: {'line': b'-- Up-to-date symlink: /home/gowtham/crazyflie_ws/install/crazyflie_interfaces/include/crazyflie_interfaces/crazyflie_interfaces/srv/detail/add_logging__rosidl_typesupport_introspection_cpp.hpp\n'}
[1.681243] (crazyflie_interfaces) StdoutLine: {'line': b'-- Up-to-date symlink: /home/gowtham/crazyflie_ws/install/crazyflie_interfaces/include/crazyflie_interfaces/crazyflie_interfaces/srv/detail/arm__rosidl_typesupport_introspection_cpp.hpp\n'}
[1.684330] (crazyflie_interfaces) StdoutLine: {'line': b'-- Up-to-date symlink: /home/gowtham/crazyflie_ws/install/crazyflie_interfaces/include/crazyflie_interfaces/crazyflie_interfaces/srv/detail/go_to__rosidl_typesupport_introspection_cpp.hpp\n'}
[1.687327] (crazyflie_interfaces) StdoutLine: {'line': b'-- Up-to-date symlink: /home/gowtham/crazyflie_ws/install/crazyflie_interfaces/include/crazyflie_interfaces/crazyflie_interfaces/srv/detail/land__rosidl_typesupport_introspection_cpp.hpp\n'}
[1.691996] (crazyflie_interfaces) StdoutLine: {'line': b'-- Up-to-date symlink: /home/gowtham/crazyflie_ws/install/crazyflie_interfaces/include/crazyflie_interfaces/crazyflie_interfaces/srv/detail/notify_setpoints_stop__rosidl_typesupport_introspection_cpp.hpp\n'}
[1.692219] (crazyflie_interfaces) StdoutLine: {'line': b'-- Up-to-date symlink: /home/gowtham/crazyflie_ws/install/crazyflie_interfaces/include/crazyflie_interfaces/crazyflie_interfaces/srv/detail/remove_logging__rosidl_typesupport_introspection_cpp.hpp\n'}
[1.692358] (crazyflie_interfaces) StdoutLine: {'line': b'-- Up-to-date symlink: /home/gowtham/crazyflie_ws/install/crazyflie_interfaces/include/crazyflie_interfaces/crazyflie_interfaces/srv/detail/set_group_mask__rosidl_typesupport_introspection_cpp.hpp\n'}
[1.692487] (crazyflie_interfaces) StdoutLine: {'line': b'-- Up-to-date symlink: /home/gowtham/crazyflie_ws/install/crazyflie_interfaces/include/crazyflie_interfaces/crazyflie_interfaces/srv/detail/start_trajectory__rosidl_typesupport_introspection_cpp.hpp\n'}
[1.692614] (crazyflie_interfaces) StdoutLine: {'line': b'-- Up-to-date symlink: /home/gowtham/crazyflie_ws/install/crazyflie_interfaces/include/crazyflie_interfaces/crazyflie_interfaces/srv/detail/stop__rosidl_typesupport_introspection_cpp.hpp\n'}
[1.692742] (crazyflie_interfaces) StdoutLine: {'line': b'-- Up-to-date symlink: /home/gowtham/crazyflie_ws/install/crazyflie_interfaces/include/crazyflie_interfaces/crazyflie_interfaces/srv/detail/takeoff__rosidl_typesupport_introspection_cpp.hpp\n'}
[1.692920] (crazyflie_interfaces) StdoutLine: {'line': b'-- Up-to-date symlink: /home/gowtham/crazyflie_ws/install/crazyflie_interfaces/include/crazyflie_interfaces/crazyflie_interfaces/srv/detail/update_params__rosidl_typesupport_introspection_cpp.hpp\n'}
[1.693099] (crazyflie_interfaces) StdoutLine: {'line': b'-- Up-to-date symlink: /home/gowtham/crazyflie_ws/install/crazyflie_interfaces/include/crazyflie_interfaces/crazyflie_interfaces/srv/detail/upload_trajectory__rosidl_typesupport_introspection_cpp.hpp\n'}
[1.693262] (crazyflie_interfaces) StdoutLine: {'line': b'-- Up-to-date symlink: /home/gowtham/crazyflie_ws/install/crazyflie_interfaces/share/crazyflie_interfaces/environment/pythonpath.sh\n'}
[1.693621] (crazyflie_interfaces) StdoutLine: {'line': b'-- Up-to-date symlink: /home/gowtham/crazyflie_ws/install/crazyflie_interfaces/share/crazyflie_interfaces/environment/pythonpath.dsv\n'}
[1.694566] (crazyflie_interfaces) StdoutLine: {'line': b'-- Up-to-date symlink: /home/gowtham/crazyflie_ws/install/crazyflie_interfaces/local/lib/python3.10/dist-packages/crazyflie_interfaces-1.0.3-py3.10.egg-info/PKG-INFO\n'}
[1.694942] (crazyflie_interfaces) StdoutLine: {'line': b'-- Up-to-date symlink: /home/gowtham/crazyflie_ws/install/crazyflie_interfaces/local/lib/python3.10/dist-packages/crazyflie_interfaces-1.0.3-py3.10.egg-info/SOURCES.txt\n'}
[1.695397] (crazyflie_interfaces) StdoutLine: {'line': b'-- Up-to-date symlink: /home/gowtham/crazyflie_ws/install/crazyflie_interfaces/local/lib/python3.10/dist-packages/crazyflie_interfaces-1.0.3-py3.10.egg-info/dependency_links.txt\n'}
[1.695829] (crazyflie_interfaces) StdoutLine: {'line': b'-- Up-to-date symlink: /home/gowtham/crazyflie_ws/install/crazyflie_interfaces/local/lib/python3.10/dist-packages/crazyflie_interfaces-1.0.3-py3.10.egg-info/top_level.txt\n'}
[1.701071] (crazyflie_interfaces) StdoutLine: {'line': b'-- Up-to-date symlink: /home/gowtham/crazyflie_ws/install/crazyflie_interfaces/local/lib/python3.10/dist-packages/crazyflie_interfaces/__init__.py\n'}
[1.707599] (crazyflie_interfaces) StdoutLine: {'line': b'-- Up-to-date symlink: /home/gowtham/crazyflie_ws/install/crazyflie_interfaces/local/lib/python3.10/dist-packages/crazyflie_interfaces/_crazyflie_interfaces_s.ep.rosidl_typesupport_c.c\n'}
[1.712016] (crazyflie_interfaces) StdoutLine: {'line': b'-- Up-to-date symlink: /home/gowtham/crazyflie_ws/install/crazyflie_interfaces/local/lib/python3.10/dist-packages/crazyflie_interfaces/_crazyflie_interfaces_s.ep.rosidl_typesupport_fastrtps_c.c\n'}
[1.713062] (crazyflie_interfaces) StdoutLine: {'line': b'-- Up-to-date symlink: /home/gowtham/crazyflie_ws/install/crazyflie_interfaces/local/lib/python3.10/dist-packages/crazyflie_interfaces/_crazyflie_interfaces_s.ep.rosidl_typesupport_introspection_c.c\n'}
[1.713254] (-) TimerEvent: {}
[1.713522] (crazyflie_interfaces) StdoutLine: {'line': b'-- Up-to-date symlink: /home/gowtham/crazyflie_ws/install/crazyflie_interfaces/local/lib/python3.10/dist-packages/crazyflie_interfaces/crazyflie_interfaces_s__rosidl_typesupport_c.cpython-310-x86_64-linux-gnu.so\n'}
[1.714239] (crazyflie_interfaces) StdoutLine: {'line': b'-- Up-to-date symlink: /home/gowtham/crazyflie_ws/install/crazyflie_interfaces/local/lib/python3.10/dist-packages/crazyflie_interfaces/crazyflie_interfaces_s__rosidl_typesupport_fastrtps_c.cpython-310-x86_64-linux-gnu.so\n'}
[1.716396] (crazyflie_interfaces) StdoutLine: {'line': b'-- Up-to-date symlink: /home/gowtham/crazyflie_ws/install/crazyflie_interfaces/local/lib/python3.10/dist-packages/crazyflie_interfaces/crazyflie_interfaces_s__rosidl_typesupport_introspection_c.cpython-310-x86_64-linux-gnu.so\n'}
[1.720324] (crazyflie_interfaces) StdoutLine: {'line': b'-- Up-to-date symlink: /home/gowtham/crazyflie_ws/install/crazyflie_interfaces/local/lib/python3.10/dist-packages/crazyflie_interfaces/libcrazyflie_interfaces__rosidl_generator_py.so\n'}
[1.722009] (crazyflie_interfaces) StdoutLine: {'line': b'-- Up-to-date symlink: /home/gowtham/crazyflie_ws/install/crazyflie_interfaces/local/lib/python3.10/dist-packages/crazyflie_interfaces/msg/__init__.py\n'}
[1.722244] (crazyflie_interfaces) StdoutLine: {'line': b'-- Up-to-date symlink: /home/gowtham/crazyflie_ws/install/crazyflie_interfaces/local/lib/python3.10/dist-packages/crazyflie_interfaces/msg/_connection_statistics.py\n'}
[1.722377] (crazyflie_interfaces) StdoutLine: {'line': b'-- Up-to-date symlink: /home/gowtham/crazyflie_ws/install/crazyflie_interfaces/local/lib/python3.10/dist-packages/crazyflie_interfaces/msg/_connection_statistics_array.py\n'}
[1.723618] (crazyflie_interfaces) StdoutLine: {'line': b'-- Up-to-date symlink: /home/gowtham/crazyflie_ws/install/crazyflie_interfaces/local/lib/python3.10/dist-packages/crazyflie_interfaces/msg/_connection_statistics_array_s.c\n'}
[1.724147] (crazyflie_interfaces) StdoutLine: {'line': b'-- Up-to-date symlink: /home/gowtham/crazyflie_ws/install/crazyflie_interfaces/local/lib/python3.10/dist-packages/crazyflie_interfaces/msg/_connection_statistics_s.c\n'}
[1.724428] (crazyflie_interfaces) StdoutLine: {'line': b'-- Up-to-date symlink: /home/gowtham/crazyflie_ws/install/crazyflie_interfaces/local/lib/python3.10/dist-packages/crazyflie_interfaces/msg/_full_state.py\n'}
[1.725993] (crazyflie_interfaces) StdoutLine: {'line': b'-- Up-to-date symlink: /home/gowtham/crazyflie_ws/install/crazyflie_interfaces/local/lib/python3.10/dist-packages/crazyflie_interfaces/msg/_full_state_s.c\n'}
[1.726200] (crazyflie_interfaces) StdoutLine: {'line': b'-- Up-to-date symlink: /home/gowtham/crazyflie_ws/install/crazyflie_interfaces/local/lib/python3.10/dist-packages/crazyflie_interfaces/msg/_hover.py\n'}
[1.726329] (crazyflie_interfaces) StdoutLine: {'line': b'-- Up-to-date symlink: /home/gowtham/crazyflie_ws/install/crazyflie_interfaces/local/lib/python3.10/dist-packages/crazyflie_interfaces/msg/_hover_s.c\n'}
[1.726442] (crazyflie_interfaces) StdoutLine: {'line': b'-- Up-to-date symlink: /home/gowtham/crazyflie_ws/install/crazyflie_interfaces/local/lib/python3.10/dist-packages/crazyflie_interfaces/msg/_log_block.py\n'}
[1.726614] (crazyflie_interfaces) StdoutLine: {'line': b'-- Up-to-date symlink: /home/gowtham/crazyflie_ws/install/crazyflie_interfaces/local/lib/python3.10/dist-packages/crazyflie_interfaces/msg/_log_block_s.c\n'}
[1.726769] (crazyflie_interfaces) StdoutLine: {'line': b'-- Up-to-date symlink: /home/gowtham/crazyflie_ws/install/crazyflie_interfaces/local/lib/python3.10/dist-packages/crazyflie_interfaces/msg/_log_data_generic.py\n'}
[1.727204] (crazyflie_interfaces) StdoutLine: {'line': b'-- Up-to-date symlink: /home/gowtham/crazyflie_ws/install/crazyflie_interfaces/local/lib/python3.10/dist-packages/crazyflie_interfaces/msg/_log_data_generic_s.c\n'}
[1.729999] (crazyflie_interfaces) StdoutLine: {'line': b'-- Up-to-date symlink: /home/gowtham/crazyflie_ws/install/crazyflie_interfaces/local/lib/python3.10/dist-packages/crazyflie_interfaces/msg/_position.py\n'}
[1.730253] (crazyflie_interfaces) StdoutLine: {'line': b'-- Up-to-date symlink: /home/gowtham/crazyflie_ws/install/crazyflie_interfaces/local/lib/python3.10/dist-packages/crazyflie_interfaces/msg/_position_s.c\n'}
[1.730383] (crazyflie_interfaces) StdoutLine: {'line': b'-- Up-to-date symlink: /home/gowtham/crazyflie_ws/install/crazyflie_interfaces/local/lib/python3.10/dist-packages/crazyflie_interfaces/msg/_status.py\n'}
[1.730495] (crazyflie_interfaces) StdoutLine: {'line': b'-- Up-to-date symlink: /home/gowtham/crazyflie_ws/install/crazyflie_interfaces/local/lib/python3.10/dist-packages/crazyflie_interfaces/msg/_status_s.c\n'}
[1.730618] (crazyflie_interfaces) StdoutLine: {'line': b'-- Up-to-date symlink: /home/gowtham/crazyflie_ws/install/crazyflie_interfaces/local/lib/python3.10/dist-packages/crazyflie_interfaces/msg/_trajectory_polynomial_piece.py\n'}
[1.730729] (crazyflie_interfaces) StdoutLine: {'line': b'-- Up-to-date symlink: /home/gowtham/crazyflie_ws/install/crazyflie_interfaces/local/lib/python3.10/dist-packages/crazyflie_interfaces/msg/_trajectory_polynomial_piece_s.c\n'}
[1.730897] (crazyflie_interfaces) StdoutLine: {'line': b'-- Up-to-date symlink: /home/gowtham/crazyflie_ws/install/crazyflie_interfaces/local/lib/python3.10/dist-packages/crazyflie_interfaces/msg/_velocity_world.py\n'}
[1.731040] (crazyflie_interfaces) StdoutLine: {'line': b'-- Up-to-date symlink: /home/gowtham/crazyflie_ws/install/crazyflie_interfaces/local/lib/python3.10/dist-packages/crazyflie_interfaces/msg/_velocity_world_s.c\n'}
[1.731156] (crazyflie_interfaces) StdoutLine: {'line': b'-- Up-to-date symlink: /home/gowtham/crazyflie_ws/install/crazyflie_interfaces/local/lib/python3.10/dist-packages/crazyflie_interfaces/srv/__init__.py\n'}
[1.732457] (crazyflie_interfaces) StdoutLine: {'line': b'-- Up-to-date symlink: /home/gowtham/crazyflie_ws/install/crazyflie_interfaces/local/lib/python3.10/dist-packages/crazyflie_interfaces/srv/_add_logging.py\n'}
[1.735705] (crazyflie_interfaces) StdoutLine: {'line': b'-- Up-to-date symlink: /home/gowtham/crazyflie_ws/install/crazyflie_interfaces/local/lib/python3.10/dist-packages/crazyflie_interfaces/srv/_add_logging_s.c\n'}
[1.736498] (crazyflie_interfaces) StdoutLine: {'line': b'-- Up-to-date symlink: /home/gowtham/crazyflie_ws/install/crazyflie_interfaces/local/lib/python3.10/dist-packages/crazyflie_interfaces/srv/_arm.py\n'}
[1.736689] (crazyflie_interfaces) StdoutLine: {'line': b'-- Up-to-date symlink: /home/gowtham/crazyflie_ws/install/crazyflie_interfaces/local/lib/python3.10/dist-packages/crazyflie_interfaces/srv/_arm_s.c\n'}
[1.737302] (crazyflie_interfaces) StdoutLine: {'line': b'-- Up-to-date symlink: /home/gowtham/crazyflie_ws/install/crazyflie_interfaces/local/lib/python3.10/dist-packages/crazyflie_interfaces/srv/_go_to.py\n'}
[1.737521] (crazyflie_interfaces) StdoutLine: {'line': b'-- Up-to-date symlink: /home/gowtham/crazyflie_ws/install/crazyflie_interfaces/local/lib/python3.10/dist-packages/crazyflie_interfaces/srv/_go_to_s.c\n'}
[1.737625] (crazyflie_interfaces) StdoutLine: {'line': b'-- Up-to-date symlink: /home/gowtham/crazyflie_ws/install/crazyflie_interfaces/local/lib/python3.10/dist-packages/crazyflie_interfaces/srv/_land.py\n'}
[1.741038] (crazyflie_interfaces) StdoutLine: {'line': b'-- Up-to-date symlink: /home/gowtham/crazyflie_ws/install/crazyflie_interfaces/local/lib/python3.10/dist-packages/crazyflie_interfaces/srv/_land_s.c\n'}
[1.741215] (crazyflie_interfaces) StdoutLine: {'line': b'-- Up-to-date symlink: /home/gowtham/crazyflie_ws/install/crazyflie_interfaces/local/lib/python3.10/dist-packages/crazyflie_interfaces/srv/_notify_setpoints_stop.py\n'}
[1.741329] (crazyflie_interfaces) StdoutLine: {'line': b'-- Up-to-date symlink: /home/gowtham/crazyflie_ws/install/crazyflie_interfaces/local/lib/python3.10/dist-packages/crazyflie_interfaces/srv/_notify_setpoints_stop_s.c\n'}
[1.741492] (crazyflie_interfaces) StdoutLine: {'line': b'-- Up-to-date symlink: /home/gowtham/crazyflie_ws/install/crazyflie_interfaces/local/lib/python3.10/dist-packages/crazyflie_interfaces/srv/_remove_logging.py\n'}
[1.741598] (crazyflie_interfaces) StdoutLine: {'line': b'-- Up-to-date symlink: /home/gowtham/crazyflie_ws/install/crazyflie_interfaces/local/lib/python3.10/dist-packages/crazyflie_interfaces/srv/_remove_logging_s.c\n'}
[1.741875] (crazyflie_interfaces) StdoutLine: {'line': b'-- Up-to-date symlink: /home/gowtham/crazyflie_ws/install/crazyflie_interfaces/local/lib/python3.10/dist-packages/crazyflie_interfaces/srv/_set_group_mask.py\n'}
[1.742242] (crazyflie_interfaces) StdoutLine: {'line': b'-- Up-to-date symlink: /home/gowtham/crazyflie_ws/install/crazyflie_interfaces/local/lib/python3.10/dist-packages/crazyflie_interfaces/srv/_set_group_mask_s.c\n'}
[1.744312] (crazyflie_interfaces) StdoutLine: {'line': b'-- Up-to-date symlink: /home/gowtham/crazyflie_ws/install/crazyflie_interfaces/local/lib/python3.10/dist-packages/crazyflie_interfaces/srv/_start_trajectory.py\n'}
[1.745185] (crazyflie_interfaces) StdoutLine: {'line': b'-- Up-to-date symlink: /home/gowtham/crazyflie_ws/install/crazyflie_interfaces/local/lib/python3.10/dist-packages/crazyflie_interfaces/srv/_start_trajectory_s.c\n'}
[1.745369] (crazyflie_interfaces) StdoutLine: {'line': b'-- Up-to-date symlink: /home/gowtham/crazyflie_ws/install/crazyflie_interfaces/local/lib/python3.10/dist-packages/crazyflie_interfaces/srv/_stop.py\n'}
[1.745598] (crazyflie_interfaces) StdoutLine: {'line': b'-- Up-to-date symlink: /home/gowtham/crazyflie_ws/install/crazyflie_interfaces/local/lib/python3.10/dist-packages/crazyflie_interfaces/srv/_stop_s.c\n'}
[1.746053] (crazyflie_interfaces) StdoutLine: {'line': b'-- Up-to-date symlink: /home/gowtham/crazyflie_ws/install/crazyflie_interfaces/local/lib/python3.10/dist-packages/crazyflie_interfaces/srv/_takeoff.py\n'}
[1.746532] (crazyflie_interfaces) StdoutLine: {'line': b'-- Up-to-date symlink: /home/gowtham/crazyflie_ws/install/crazyflie_interfaces/local/lib/python3.10/dist-packages/crazyflie_interfaces/srv/_takeoff_s.c\n'}
[1.747004] (crazyflie_interfaces) StdoutLine: {'line': b'-- Up-to-date symlink: /home/gowtham/crazyflie_ws/install/crazyflie_interfaces/local/lib/python3.10/dist-packages/crazyflie_interfaces/srv/_update_params.py\n'}
[1.747458] (crazyflie_interfaces) StdoutLine: {'line': b'-- Up-to-date symlink: /home/gowtham/crazyflie_ws/install/crazyflie_interfaces/local/lib/python3.10/dist-packages/crazyflie_interfaces/srv/_update_params_s.c\n'}
[1.747903] (crazyflie_interfaces) StdoutLine: {'line': b'-- Up-to-date symlink: /home/gowtham/crazyflie_ws/install/crazyflie_interfaces/local/lib/python3.10/dist-packages/crazyflie_interfaces/srv/_upload_trajectory.py\n'}
[1.748623] (crazyflie_interfaces) StdoutLine: {'line': b'-- Up-to-date symlink: /home/gowtham/crazyflie_ws/install/crazyflie_interfaces/local/lib/python3.10/dist-packages/crazyflie_interfaces/srv/_upload_trajectory_s.c\n'}
[1.752417] (crazyflie_interfaces) StdoutLine: {'line': b'-- Up-to-date symlink: /home/gowtham/crazyflie_ws/install/crazyflie_interfaces/local/lib/python3.10/dist-packages/crazyflie_interfaces/crazyflie_interfaces_s__rosidl_typesupport_fastrtps_c.cpython-310-x86_64-linux-gnu.so\n'}
[1.756269] (crazyflie_interfaces) StdoutLine: {'line': b'-- Up-to-date symlink: /home/gowtham/crazyflie_ws/install/crazyflie_interfaces/local/lib/python3.10/dist-packages/crazyflie_interfaces/crazyflie_interfaces_s__rosidl_typesupport_introspection_c.cpython-310-x86_64-linux-gnu.so\n'}
[1.757385] (crazyflie_interfaces) StdoutLine: {'line': b'-- Up-to-date symlink: /home/gowtham/crazyflie_ws/install/crazyflie_interfaces/local/lib/python3.10/dist-packages/crazyflie_interfaces/crazyflie_interfaces_s__rosidl_typesupport_c.cpython-310-x86_64-linux-gnu.so\n'}
[1.758108] (crazyflie_interfaces) StdoutLine: {'line': b'-- Up-to-date symlink: /home/gowtham/crazyflie_ws/install/crazyflie_interfaces/share/ament_index/resource_index/rust_packages/crazyflie_interfaces\n'}
[1.759246] (crazyflie_interfaces) StdoutLine: {'line': b'-- Up-to-date symlink: /home/gowtham/crazyflie_ws/install/crazyflie_interfaces/share/crazyflie_interfaces/rust/Cargo.toml\n'}
[1.759653] (crazyflie_interfaces) StdoutLine: {'line': b'-- Up-to-date symlink: /home/gowtham/crazyflie_ws/install/crazyflie_interfaces/share/crazyflie_interfaces/rust/build.rs\n'}
[1.760220] (crazyflie_interfaces) StdoutLine: {'line': b'-- Up-to-date symlink: /home/gowtham/crazyflie_ws/install/crazyflie_interfaces/share/crazyflie_interfaces/rust/src/lib.rs\n'}
[1.760667] (crazyflie_interfaces) StdoutLine: {'line': b'-- Up-to-date symlink: /home/gowtham/crazyflie_ws/install/crazyflie_interfaces/share/crazyflie_interfaces/rust/src/msg.rs\n'}
[1.761229] (crazyflie_interfaces) StdoutLine: {'line': b'-- Up-to-date symlink: /home/gowtham/crazyflie_ws/install/crazyflie_interfaces/share/crazyflie_interfaces/rust/src/msg/rmw.rs\n'}
[1.761634] (crazyflie_interfaces) StdoutLine: {'line': b'-- Up-to-date symlink: /home/gowtham/crazyflie_ws/install/crazyflie_interfaces/share/crazyflie_interfaces/rust/src/srv.rs\n'}
[1.762201] (crazyflie_interfaces) StdoutLine: {'line': b'-- Up-to-date symlink: /home/gowtham/crazyflie_ws/install/crazyflie_interfaces/share/crazyflie_interfaces/rust/src/srv/rmw.rs\n'}
[1.762868] (crazyflie_interfaces) StdoutLine: {'line': b'-- Up-to-date symlink: /home/gowtham/crazyflie_ws/install/crazyflie_interfaces/share/crazyflie_interfaces/msg/ConnectionStatistics.idl\n'}
[1.763921] (crazyflie_interfaces) StdoutLine: {'line': b'-- Up-to-date symlink: /home/gowtham/crazyflie_ws/install/crazyflie_interfaces/share/crazyflie_interfaces/msg/ConnectionStatisticsArray.idl\n'}
[1.764199] (crazyflie_interfaces) StdoutLine: {'line': b'-- Up-to-date symlink: /home/gowtham/crazyflie_ws/install/crazyflie_interfaces/share/crazyflie_interfaces/msg/FullState.idl\n'}
[1.764649] (crazyflie_interfaces) StdoutLine: {'line': b'-- Up-to-date symlink: /home/gowtham/crazyflie_ws/install/crazyflie_interfaces/share/crazyflie_interfaces/msg/LogDataGeneric.idl\n'}
[1.770300] (crazyflie_interfaces) StdoutLine: {'line': b'-- Up-to-date symlink: /home/gowtham/crazyflie_ws/install/crazyflie_interfaces/share/crazyflie_interfaces/msg/Hover.idl\n'}
[1.772019] (crazyflie_interfaces) StdoutLine: {'line': b'-- Up-to-date symlink: /home/gowtham/crazyflie_ws/install/crazyflie_interfaces/share/crazyflie_interfaces/msg/LogBlock.idl\n'}
[1.772616] (crazyflie_interfaces) StdoutLine: {'line': b'-- Up-to-date symlink: /home/gowtham/crazyflie_ws/install/crazyflie_interfaces/share/crazyflie_interfaces/msg/Position.idl\n'}
[1.773511] (crazyflie_interfaces) StdoutLine: {'line': b'-- Up-to-date symlink: /home/gowtham/crazyflie_ws/install/crazyflie_interfaces/share/crazyflie_interfaces/msg/Status.idl\n'}
[1.774094] (crazyflie_interfaces) StdoutLine: {'line': b'-- Up-to-date symlink: /home/gowtham/crazyflie_ws/install/crazyflie_interfaces/share/crazyflie_interfaces/msg/TrajectoryPolynomialPiece.idl\n'}
[1.775218] (crazyflie_interfaces) StdoutLine: {'line': b'-- Up-to-date symlink: /home/gowtham/crazyflie_ws/install/crazyflie_interfaces/share/crazyflie_interfaces/msg/VelocityWorld.idl\n'}
[1.775408] (crazyflie_interfaces) StdoutLine: {'line': b'-- Up-to-date symlink: /home/gowtham/crazyflie_ws/install/crazyflie_interfaces/share/crazyflie_interfaces/srv/GoTo.idl\n'}
[1.775689] (crazyflie_interfaces) StdoutLine: {'line': b'-- Up-to-date symlink: /home/gowtham/crazyflie_ws/install/crazyflie_interfaces/share/crazyflie_interfaces/srv/Land.idl\n'}
[1.776177] (crazyflie_interfaces) StdoutLine: {'line': b'-- Up-to-date symlink: /home/gowtham/crazyflie_ws/install/crazyflie_interfaces/share/crazyflie_interfaces/srv/NotifySetpointsStop.idl\n'}
[1.776609] (crazyflie_interfaces) StdoutLine: {'line': b'-- Up-to-date symlink: /home/gowtham/crazyflie_ws/install/crazyflie_interfaces/share/crazyflie_interfaces/srv/SetGroupMask.idl\n'}
[1.777055] (crazyflie_interfaces) StdoutLine: {'line': b'-- Up-to-date symlink: /home/gowtham/crazyflie_ws/install/crazyflie_interfaces/share/crazyflie_interfaces/srv/StartTrajectory.idl\n'}
[1.777500] (crazyflie_interfaces) StdoutLine: {'line': b'-- Up-to-date symlink: /home/gowtham/crazyflie_ws/install/crazyflie_interfaces/share/crazyflie_interfaces/srv/Stop.idl\n'}
[1.777998] (crazyflie_interfaces) StdoutLine: {'line': b'-- Up-to-date symlink: /home/gowtham/crazyflie_ws/install/crazyflie_interfaces/share/crazyflie_interfaces/srv/Takeoff.idl\n'}
[1.779036] (crazyflie_interfaces) StdoutLine: {'line': b'-- Up-to-date symlink: /home/gowtham/crazyflie_ws/install/crazyflie_interfaces/share/crazyflie_interfaces/srv/UpdateParams.idl\n'}
[1.779311] (crazyflie_interfaces) StdoutLine: {'line': b'-- Up-to-date symlink: /home/gowtham/crazyflie_ws/install/crazyflie_interfaces/share/crazyflie_interfaces/srv/UploadTrajectory.idl\n'}
[1.779572] (crazyflie_interfaces) StdoutLine: {'line': b'-- Up-to-date symlink: /home/gowtham/crazyflie_ws/install/crazyflie_interfaces/share/crazyflie_interfaces/srv/RemoveLogging.idl\n'}
[1.780063] (crazyflie_interfaces) StdoutLine: {'line': b'-- Up-to-date symlink: /home/gowtham/crazyflie_ws/install/crazyflie_interfaces/share/crazyflie_interfaces/srv/AddLogging.idl\n'}
[1.781008] (crazyflie_interfaces) StdoutLine: {'line': b'-- Up-to-date symlink: /home/gowtham/crazyflie_ws/install/crazyflie_interfaces/share/crazyflie_interfaces/srv/Arm.idl\n'}
[1.781253] (crazyflie_interfaces) StdoutLine: {'line': b'-- Up-to-date symlink: /home/gowtham/crazyflie_ws/install/crazyflie_interfaces/share/crazyflie_interfaces/msg/ConnectionStatistics.msg\n'}
[1.784320] (crazyflie_interfaces) StdoutLine: {'line': b'-- Up-to-date symlink: /home/gowtham/crazyflie_ws/install/crazyflie_interfaces/share/crazyflie_interfaces/msg/ConnectionStatisticsArray.msg\n'}
[1.787275] (crazyflie_interfaces) StdoutLine: {'line': b'-- Up-to-date symlink: /home/gowtham/crazyflie_ws/install/crazyflie_interfaces/share/crazyflie_interfaces/msg/FullState.msg\n'}
[1.789434] (crazyflie_interfaces) StdoutLine: {'line': b'-- Up-to-date symlink: /home/gowtham/crazyflie_ws/install/crazyflie_interfaces/share/crazyflie_interfaces/msg/LogDataGeneric.msg\n'}
[1.789718] (crazyflie_interfaces) StdoutLine: {'line': b'-- Up-to-date symlink: /home/gowtham/crazyflie_ws/install/crazyflie_interfaces/share/crazyflie_interfaces/msg/Hover.msg\n'}
[1.789958] (crazyflie_interfaces) StdoutLine: {'line': b'-- Up-to-date symlink: /home/gowtham/crazyflie_ws/install/crazyflie_interfaces/share/crazyflie_interfaces/msg/LogBlock.msg\n'}
[1.790423] (crazyflie_interfaces) StdoutLine: {'line': b'-- Up-to-date symlink: /home/gowtham/crazyflie_ws/install/crazyflie_interfaces/share/crazyflie_interfaces/msg/Position.msg\n'}
[1.790873] (crazyflie_interfaces) StdoutLine: {'line': b'-- Up-to-date symlink: /home/gowtham/crazyflie_ws/install/crazyflie_interfaces/share/crazyflie_interfaces/msg/Status.msg\n'}
[1.791404] (crazyflie_interfaces) StdoutLine: {'line': b'-- Up-to-date symlink: /home/gowtham/crazyflie_ws/install/crazyflie_interfaces/share/crazyflie_interfaces/msg/TrajectoryPolynomialPiece.msg\n'}
[1.792468] (crazyflie_interfaces) StdoutLine: {'line': b'-- Up-to-date symlink: /home/gowtham/crazyflie_ws/install/crazyflie_interfaces/share/crazyflie_interfaces/msg/VelocityWorld.msg\n'}
[1.792716] (crazyflie_interfaces) StdoutLine: {'line': b'-- Up-to-date symlink: /home/gowtham/crazyflie_ws/install/crazyflie_interfaces/share/crazyflie_interfaces/srv/GoTo.srv\n'}
[1.792995] (crazyflie_interfaces) StdoutLine: {'line': b'-- Up-to-date symlink: /home/gowtham/crazyflie_ws/install/crazyflie_interfaces/share/crazyflie_interfaces/srv/GoTo_Request.msg\n'}
[1.793458] (crazyflie_interfaces) StdoutLine: {'line': b'-- Up-to-date symlink: /home/gowtham/crazyflie_ws/install/crazyflie_interfaces/share/crazyflie_interfaces/srv/GoTo_Response.msg\n'}
[1.793919] (crazyflie_interfaces) StdoutLine: {'line': b'-- Up-to-date symlink: /home/gowtham/crazyflie_ws/install/crazyflie_interfaces/share/crazyflie_interfaces/srv/Land.srv\n'}
[1.794943] (crazyflie_interfaces) StdoutLine: {'line': b'-- Up-to-date symlink: /home/gowtham/crazyflie_ws/install/crazyflie_interfaces/share/crazyflie_interfaces/srv/Land_Request.msg\n'}
[1.795198] (crazyflie_interfaces) StdoutLine: {'line': b'-- Up-to-date symlink: /home/gowtham/crazyflie_ws/install/crazyflie_interfaces/share/crazyflie_interfaces/srv/Land_Response.msg\n'}
[1.795555] (crazyflie_interfaces) StdoutLine: {'line': b'-- Up-to-date symlink: /home/gowtham/crazyflie_ws/install/crazyflie_interfaces/share/crazyflie_interfaces/srv/NotifySetpointsStop.srv\n'}
[1.796538] (crazyflie_interfaces) StdoutLine: {'line': b'-- Up-to-date symlink: /home/gowtham/crazyflie_ws/install/crazyflie_interfaces/share/crazyflie_interfaces/srv/NotifySetpointsStop_Request.msg\n'}
[1.796753] (crazyflie_interfaces) StdoutLine: {'line': b'-- Up-to-date symlink: /home/gowtham/crazyflie_ws/install/crazyflie_interfaces/share/crazyflie_interfaces/srv/NotifySetpointsStop_Response.msg\n'}
[1.799036] (crazyflie_interfaces) StdoutLine: {'line': b'-- Up-to-date symlink: /home/gowtham/crazyflie_ws/install/crazyflie_interfaces/share/crazyflie_interfaces/srv/SetGroupMask.srv\n'}
[1.799286] (crazyflie_interfaces) StdoutLine: {'line': b'-- Up-to-date symlink: /home/gowtham/crazyflie_ws/install/crazyflie_interfaces/share/crazyflie_interfaces/srv/SetGroupMask_Request.msg\n'}
[1.799407] (crazyflie_interfaces) StdoutLine: {'line': b'-- Up-to-date symlink: /home/gowtham/crazyflie_ws/install/crazyflie_interfaces/share/crazyflie_interfaces/srv/SetGroupMask_Response.msg\n'}
[1.804193] (crazyflie_interfaces) StdoutLine: {'line': b'-- Up-to-date symlink: /home/gowtham/crazyflie_ws/install/crazyflie_interfaces/share/crazyflie_interfaces/srv/StartTrajectory.srv\n'}
[1.805303] (crazyflie_interfaces) StdoutLine: {'line': b'-- Up-to-date symlink: /home/gowtham/crazyflie_ws/install/crazyflie_interfaces/share/crazyflie_interfaces/srv/StartTrajectory_Request.msg\n'}
[1.806249] (crazyflie_interfaces) StdoutLine: {'line': b'-- Up-to-date symlink: /home/gowtham/crazyflie_ws/install/crazyflie_interfaces/share/crazyflie_interfaces/srv/StartTrajectory_Response.msg\n'}
[1.806447] (crazyflie_interfaces) StdoutLine: {'line': b'-- Up-to-date symlink: /home/gowtham/crazyflie_ws/install/crazyflie_interfaces/share/crazyflie_interfaces/srv/Stop.srv\n'}
[1.807343] (crazyflie_interfaces) StdoutLine: {'line': b'-- Up-to-date symlink: /home/gowtham/crazyflie_ws/install/crazyflie_interfaces/share/crazyflie_interfaces/srv/Stop_Request.msg\n'}
[1.807537] (crazyflie_interfaces) StdoutLine: {'line': b'-- Up-to-date symlink: /home/gowtham/crazyflie_ws/install/crazyflie_interfaces/share/crazyflie_interfaces/srv/Stop_Response.msg\n'}
[1.808432] (crazyflie_interfaces) StdoutLine: {'line': b'-- Up-to-date symlink: /home/gowtham/crazyflie_ws/install/crazyflie_interfaces/share/crazyflie_interfaces/srv/Takeoff.srv\n'}
[1.808623] (crazyflie_interfaces) StdoutLine: {'line': b'-- Up-to-date symlink: /home/gowtham/crazyflie_ws/install/crazyflie_interfaces/share/crazyflie_interfaces/srv/Takeoff_Request.msg\n'}
[1.808940] (crazyflie_interfaces) StdoutLine: {'line': b'-- Up-to-date symlink: /home/gowtham/crazyflie_ws/install/crazyflie_interfaces/share/crazyflie_interfaces/srv/Takeoff_Response.msg\n'}
[1.809901] (crazyflie_interfaces) StdoutLine: {'line': b'-- Up-to-date symlink: /home/gowtham/crazyflie_ws/install/crazyflie_interfaces/share/crazyflie_interfaces/srv/UpdateParams.srv\n'}
[1.810107] (crazyflie_interfaces) StdoutLine: {'line': b'-- Up-to-date symlink: /home/gowtham/crazyflie_ws/install/crazyflie_interfaces/share/crazyflie_interfaces/srv/UpdateParams_Request.msg\n'}
[1.810876] (crazyflie_interfaces) StdoutLine: {'line': b'-- Up-to-date symlink: /home/gowtham/crazyflie_ws/install/crazyflie_interfaces/share/crazyflie_interfaces/srv/UpdateParams_Response.msg\n'}
[1.811075] (crazyflie_interfaces) StdoutLine: {'line': b'-- Up-to-date symlink: /home/gowtham/crazyflie_ws/install/crazyflie_interfaces/share/crazyflie_interfaces/srv/UploadTrajectory.srv\n'}
[1.811954] (crazyflie_interfaces) StdoutLine: {'line': b'-- Up-to-date symlink: /home/gowtham/crazyflie_ws/install/crazyflie_interfaces/share/crazyflie_interfaces/srv/UploadTrajectory_Request.msg\n'}
[1.812147] (crazyflie_interfaces) StdoutLine: {'line': b'-- Up-to-date symlink: /home/gowtham/crazyflie_ws/install/crazyflie_interfaces/share/crazyflie_interfaces/srv/UploadTrajectory_Response.msg\n'}
[1.812493] (crazyflie_interfaces) StdoutLine: {'line': b'-- Up-to-date symlink: /home/gowtham/crazyflie_ws/install/crazyflie_interfaces/share/crazyflie_interfaces/srv/RemoveLogging.srv\n'}
[1.813696] (crazyflie_interfaces) StdoutLine: {'line': b'-- Up-to-date symlink: /home/gowtham/crazyflie_ws/install/crazyflie_interfaces/share/crazyflie_interfaces/srv/RemoveLogging_Request.msg\n'}
[1.813889] (-) TimerEvent: {}
[1.814103] (crazyflie_interfaces) StdoutLine: {'line': b'-- Up-to-date symlink: /home/gowtham/crazyflie_ws/install/crazyflie_interfaces/share/crazyflie_interfaces/srv/RemoveLogging_Response.msg\n'}
[1.814696] (crazyflie_interfaces) StdoutLine: {'line': b'-- Up-to-date symlink: /home/gowtham/crazyflie_ws/install/crazyflie_interfaces/share/crazyflie_interfaces/srv/AddLogging.srv\n'}
[1.817270] (crazyflie_interfaces) StdoutLine: {'line': b'-- Up-to-date symlink: /home/gowtham/crazyflie_ws/install/crazyflie_interfaces/share/crazyflie_interfaces/srv/AddLogging_Request.msg\n'}
[1.817485] (crazyflie_interfaces) StdoutLine: {'line': b'-- Up-to-date symlink: /home/gowtham/crazyflie_ws/install/crazyflie_interfaces/share/crazyflie_interfaces/srv/AddLogging_Response.msg\n'}
[1.822113] (crazyflie_interfaces) StdoutLine: {'line': b'-- Up-to-date symlink: /home/gowtham/crazyflie_ws/install/crazyflie_interfaces/share/crazyflie_interfaces/srv/Arm.srv\n'}
[1.822424] (crazyflie_interfaces) StdoutLine: {'line': b'-- Up-to-date symlink: /home/gowtham/crazyflie_ws/install/crazyflie_interfaces/share/crazyflie_interfaces/srv/Arm_Request.msg\n'}
[1.823025] (crazyflie_interfaces) StdoutLine: {'line': b'-- Up-to-date symlink: /home/gowtham/crazyflie_ws/install/crazyflie_interfaces/share/crazyflie_interfaces/srv/Arm_Response.msg\n'}
[1.823635] (crazyflie_interfaces) StdoutLine: {'line': b'-- Up-to-date symlink: /home/gowtham/crazyflie_ws/install/crazyflie_interfaces/share/ament_index/resource_index/package_run_dependencies/crazyflie_interfaces\n'}
[1.824469] (crazyflie_interfaces) StdoutLine: {'line': b'-- Up-to-date symlink: /home/gowtham/crazyflie_ws/install/crazyflie_interfaces/share/ament_index/resource_index/parent_prefix_path/crazyflie_interfaces\n'}
[1.824742] (crazyflie_interfaces) StdoutLine: {'line': b'-- Up-to-date symlink: /home/gowtham/crazyflie_ws/install/crazyflie_interfaces/share/crazyflie_interfaces/environment/ament_prefix_path.sh\n'}
[1.825122] (crazyflie_interfaces) StdoutLine: {'line': b'-- Up-to-date symlink: /home/gowtham/crazyflie_ws/install/crazyflie_interfaces/share/crazyflie_interfaces/environment/ament_prefix_path.dsv\n'}
[1.825678] (crazyflie_interfaces) StdoutLine: {'line': b'-- Up-to-date symlink: /home/gowtham/crazyflie_ws/install/crazyflie_interfaces/share/crazyflie_interfaces/environment/path.sh\n'}
[1.826434] (crazyflie_interfaces) StdoutLine: {'line': b'-- Up-to-date symlink: /home/gowtham/crazyflie_ws/install/crazyflie_interfaces/share/crazyflie_interfaces/environment/path.dsv\n'}
[1.826615] (crazyflie_interfaces) StdoutLine: {'line': b'-- Up-to-date symlink: /home/gowtham/crazyflie_ws/install/crazyflie_interfaces/share/crazyflie_interfaces/local_setup.bash\n'}
[1.827348] (crazyflie_interfaces) StdoutLine: {'line': b'-- Up-to-date symlink: /home/gowtham/crazyflie_ws/install/crazyflie_interfaces/share/crazyflie_interfaces/local_setup.sh\n'}
[1.827521] (crazyflie_interfaces) StdoutLine: {'line': b'-- Up-to-date symlink: /home/gowtham/crazyflie_ws/install/crazyflie_interfaces/share/crazyflie_interfaces/local_setup.zsh\n'}
[1.827691] (crazyflie_interfaces) StdoutLine: {'line': b'-- Up-to-date symlink: /home/gowtham/crazyflie_ws/install/crazyflie_interfaces/share/crazyflie_interfaces/local_setup.dsv\n'}
[1.830010] (crazyflie_interfaces) StdoutLine: {'line': b'-- Symlinking: /home/gowtham/crazyflie_ws/install/crazyflie_interfaces/share/crazyflie_interfaces/package.dsv\n'}
[1.861048] (crazyflie_interfaces) StdoutLine: {'line': b'-- Up-to-date symlink: /home/gowtham/crazyflie_ws/install/crazyflie_interfaces/share/ament_index/resource_index/packages/crazyflie_interfaces\n'}
[1.861581] (crazyflie_interfaces) StdoutLine: {'line': b'-- Up-to-date symlink: /home/gowtham/crazyflie_ws/install/crazyflie_interfaces/share/crazyflie_interfaces/cmake/rosidl_cmake-extras.cmake\n'}
[1.862093] (crazyflie_interfaces) StdoutLine: {'line': b'-- Up-to-date symlink: /home/gowtham/crazyflie_ws/install/crazyflie_interfaces/share/crazyflie_interfaces/cmake/ament_cmake_export_dependencies-extras.cmake\n'}
[1.862631] (crazyflie_interfaces) StdoutLine: {'line': b'-- Up-to-date symlink: /home/gowtham/crazyflie_ws/install/crazyflie_interfaces/share/crazyflie_interfaces/cmake/ament_cmake_export_include_directories-extras.cmake\n'}
[1.863174] (crazyflie_interfaces) StdoutLine: {'line': b'-- Up-to-date symlink: /home/gowtham/crazyflie_ws/install/crazyflie_interfaces/share/crazyflie_interfaces/cmake/ament_cmake_export_libraries-extras.cmake\n'}
[1.863701] (crazyflie_interfaces) StdoutLine: {'line': b'-- Up-to-date symlink: /home/gowtham/crazyflie_ws/install/crazyflie_interfaces/share/crazyflie_interfaces/cmake/ament_cmake_export_targets-extras.cmake\n'}
[1.864220] (crazyflie_interfaces) StdoutLine: {'line': b'-- Up-to-date symlink: /home/gowtham/crazyflie_ws/install/crazyflie_interfaces/share/crazyflie_interfaces/cmake/rosidl_cmake_export_typesupport_targets-extras.cmake\n'}
[1.864741] (crazyflie_interfaces) StdoutLine: {'line': b'-- Up-to-date symlink: /home/gowtham/crazyflie_ws/install/crazyflie_interfaces/share/crazyflie_interfaces/cmake/rosidl_cmake_export_typesupport_libraries-extras.cmake\n'}
[1.871751] (crazyflie_interfaces) StdoutLine: {'line': b'-- Up-to-date symlink: /home/gowtham/crazyflie_ws/install/crazyflie_interfaces/share/crazyflie_interfaces/cmake/crazyflie_interfacesConfig.cmake\n'}
[1.872713] (crazyflie_interfaces) StdoutLine: {'line': b'-- Up-to-date symlink: /home/gowtham/crazyflie_ws/install/crazyflie_interfaces/share/crazyflie_interfaces/cmake/crazyflie_interfacesConfig-version.cmake\n'}
[1.872904] (crazyflie_interfaces) StdoutLine: {'line': b'-- Up-to-date symlink: /home/gowtham/crazyflie_ws/install/crazyflie_interfaces/share/crazyflie_interfaces/package.xml\n'}
[1.873862] (crazyflie_interfaces) StdoutLine: {'line': b'-- Up-to-date: /home/gowtham/crazyflie_ws/install/crazyflie_interfaces/lib/libcrazyflie_interfaces__rosidl_generator_c.so\n'}
[1.874108] (crazyflie_interfaces) StdoutLine: {'line': b'-- Up-to-date: /home/gowtham/crazyflie_ws/install/crazyflie_interfaces/lib/libcrazyflie_interfaces__rosidl_typesupport_fastrtps_c.so\n'}
[1.874473] (crazyflie_interfaces) StdoutLine: {'line': b'-- Up-to-date: /home/gowtham/crazyflie_ws/install/crazyflie_interfaces/lib/libcrazyflie_interfaces__rosidl_typesupport_fastrtps_cpp.so\n'}
[1.875633] (crazyflie_interfaces) StdoutLine: {'line': b'-- Up-to-date: /home/gowtham/crazyflie_ws/install/crazyflie_interfaces/lib/libcrazyflie_interfaces__rosidl_typesupport_introspection_c.so\n'}
[1.875830] (crazyflie_interfaces) StdoutLine: {'line': b'-- Up-to-date: /home/gowtham/crazyflie_ws/install/crazyflie_interfaces/lib/libcrazyflie_interfaces__rosidl_typesupport_c.so\n'}
[1.876306] (crazyflie_interfaces) StdoutLine: {'line': b'-- Up-to-date: /home/gowtham/crazyflie_ws/install/crazyflie_interfaces/lib/libcrazyflie_interfaces__rosidl_typesupport_introspection_cpp.so\n'}
[1.878004] (crazyflie_interfaces) StdoutLine: {'line': b'-- Up-to-date: /home/gowtham/crazyflie_ws/install/crazyflie_interfaces/lib/libcrazyflie_interfaces__rosidl_typesupport_cpp.so\n'}
[1.914020] (-) TimerEvent: {}
[1.981135] (crazyflie_interfaces) StdoutLine: {'line': b"Listing '/home/gowtham/crazyflie_ws/install/crazyflie_interfaces/local/lib/python3.10/dist-packages/crazyflie_interfaces'...\n"}
[1.981384] (crazyflie_interfaces) StdoutLine: {'line': b"Listing '/home/gowtham/crazyflie_ws/install/crazyflie_interfaces/local/lib/python3.10/dist-packages/crazyflie_interfaces/msg'...\n"}
[1.981531] (crazyflie_interfaces) StdoutLine: {'line': b"Listing '/home/gowtham/crazyflie_ws/install/crazyflie_interfaces/local/lib/python3.10/dist-packages/crazyflie_interfaces/srv'...\n"}
[1.997840] (crazyflie_interfaces) StdoutLine: {'line': b'-- Up-to-date: /home/gowtham/crazyflie_ws/install/crazyflie_interfaces/lib/libcrazyflie_interfaces__rosidl_generator_py.so\n'}
[2.002873] (crazyflie_interfaces) StdoutLine: {'line': b'-- Up-to-date: /home/gowtham/crazyflie_ws/install/crazyflie_interfaces/share/crazyflie_interfaces/cmake/export_crazyflie_interfaces__rosidl_generator_cExport.cmake\n'}
[2.003111] (crazyflie_interfaces) StdoutLine: {'line': b'-- Up-to-date: /home/gowtham/crazyflie_ws/install/crazyflie_interfaces/share/crazyflie_interfaces/cmake/export_crazyflie_interfaces__rosidl_generator_cExport-noconfig.cmake\n'}
[2.006889] (crazyflie_interfaces) StdoutLine: {'line': b'-- Up-to-date: /home/gowtham/crazyflie_ws/install/crazyflie_interfaces/share/crazyflie_interfaces/cmake/export_crazyflie_interfaces__rosidl_typesupport_fastrtps_cExport.cmake\n'}
[2.007146] (crazyflie_interfaces) StdoutLine: {'line': b'-- Up-to-date: /home/gowtham/crazyflie_ws/install/crazyflie_interfaces/share/crazyflie_interfaces/cmake/export_crazyflie_interfaces__rosidl_typesupport_fastrtps_cExport-noconfig.cmake\n'}
[2.007837] (crazyflie_interfaces) StdoutLine: {'line': b'-- Up-to-date: /home/gowtham/crazyflie_ws/install/crazyflie_interfaces/share/crazyflie_interfaces/cmake/export_crazyflie_interfaces__rosidl_generator_cppExport.cmake\n'}
[2.008446] (crazyflie_interfaces) StdoutLine: {'line': b'-- Up-to-date: /home/gowtham/crazyflie_ws/install/crazyflie_interfaces/share/crazyflie_interfaces/cmake/export_crazyflie_interfaces__rosidl_typesupport_fastrtps_cppExport.cmake\n'}
[2.008892] (crazyflie_interfaces) StdoutLine: {'line': b'-- Up-to-date: /home/gowtham/crazyflie_ws/install/crazyflie_interfaces/share/crazyflie_interfaces/cmake/export_crazyflie_interfaces__rosidl_typesupport_fastrtps_cppExport-noconfig.cmake\n'}
[2.010005] (crazyflie_interfaces) StdoutLine: {'line': b'-- Up-to-date: /home/gowtham/crazyflie_ws/install/crazyflie_interfaces/share/crazyflie_interfaces/cmake/crazyflie_interfaces__rosidl_typesupport_introspection_cExport.cmake\n'}
[2.010298] (crazyflie_interfaces) StdoutLine: {'line': b'-- Up-to-date: /home/gowtham/crazyflie_ws/install/crazyflie_interfaces/share/crazyflie_interfaces/cmake/crazyflie_interfaces__rosidl_typesupport_introspection_cExport-noconfig.cmake\n'}
[2.011163] (crazyflie_interfaces) StdoutLine: {'line': b'-- Up-to-date: /home/gowtham/crazyflie_ws/install/crazyflie_interfaces/share/crazyflie_interfaces/cmake/crazyflie_interfaces__rosidl_typesupport_cExport.cmake\n'}
[2.011667] (crazyflie_interfaces) StdoutLine: {'line': b'-- Up-to-date: /home/gowtham/crazyflie_ws/install/crazyflie_interfaces/share/crazyflie_interfaces/cmake/crazyflie_interfaces__rosidl_typesupport_cExport-noconfig.cmake\n'}
[2.012566] (crazyflie_interfaces) StdoutLine: {'line': b'-- Up-to-date: /home/gowtham/crazyflie_ws/install/crazyflie_interfaces/share/crazyflie_interfaces/cmake/crazyflie_interfaces__rosidl_typesupport_introspection_cppExport.cmake\n'}
[2.013087] (crazyflie_interfaces) StdoutLine: {'line': b'-- Up-to-date: /home/gowtham/crazyflie_ws/install/crazyflie_interfaces/share/crazyflie_interfaces/cmake/crazyflie_interfaces__rosidl_typesupport_introspection_cppExport-noconfig.cmake\n'}
[2.014008] (crazyflie_interfaces) StdoutLine: {'line': b'-- Up-to-date: /home/gowtham/crazyflie_ws/install/crazyflie_interfaces/share/crazyflie_interfaces/cmake/crazyflie_interfaces__rosidl_typesupport_cppExport.cmake\n'}
[2.014207] (-) TimerEvent: {}
[2.014881] (crazyflie_interfaces) StdoutLine: {'line': b'-- Up-to-date: /home/gowtham/crazyflie_ws/install/crazyflie_interfaces/share/crazyflie_interfaces/cmake/crazyflie_interfaces__rosidl_typesupport_cppExport-noconfig.cmake\n'}
[2.019069] (crazyflie_interfaces) StdoutLine: {'line': b'-- Up-to-date: /home/gowtham/crazyflie_ws/install/crazyflie_interfaces/share/crazyflie_interfaces/cmake/export_crazyflie_interfaces__rosidl_generator_pyExport.cmake\n'}
[2.019305] (crazyflie_interfaces) StdoutLine: {'line': b'-- Up-to-date: /home/gowtham/crazyflie_ws/install/crazyflie_interfaces/share/crazyflie_interfaces/cmake/export_crazyflie_interfaces__rosidl_generator_pyExport-noconfig.cmake\n'}
[2.026997] (crazyflie_interfaces) CommandEnded: {'returncode': 0}
[2.090406] (crazyflie_interfaces) JobEnded: {'identifier': 'crazyflie_interfaces', 'rc': 0}
[2.092610] (crazyflie_py) JobStarted: {'identifier': 'crazyflie_py'}
[2.114603] (-) TimerEvent: {}
[2.215131] (-) TimerEvent: {}
[2.317806] (-) TimerEvent: {}
[2.418288] (-) TimerEvent: {}
[2.518760] (-) TimerEvent: {}
[2.599733] (central_swarm_control) Command: {'cmd': ['/usr/bin/python3', '-W', 'ignore:setup.py install is deprecated', '-W', 'ignore:easy_install command is deprecated', 'setup.py', 'egg_info', '--egg-base', '../../build/central_swarm_control', 'build', '--build-base', '/home/gowtham/crazyflie_ws/build/central_swarm_control/build', 'install', '--record', '/home/gowtham/crazyflie_ws/build/central_swarm_control/install.log', '--single-version-externally-managed', 'install_data'], 'cwd': '/home/gowtham/crazyflie_ws/src/central_swarm_control', 'env': {'LESSOPEN': '| /usr/bin/lesspipe %s', 'LANGUAGE': 'en_IN:en', 'USER': 'gowtham', 'XDG_SESSION_TYPE': 'wayland', 'SHLVL': '1', 'LD_LIBRARY_PATH': '/home/gowtham/swarm_ws/install/crazyflie_interfaces/lib:/opt/ros/humble/opt/rviz_ogre_vendor/lib:/opt/ros/humble/lib/x86_64-linux-gnu:/opt/ros/humble/lib', 'HOME': '/home/gowtham', 'DESKTOP_SESSION': 'ubuntu', 'ROS_PYTHON_VERSION': '3', 'GNOME_SHELL_SESSION_MODE': 'ubuntu', 'GTK_MODULES': 'gail:atk-bridge', 'SYSTEMD_EXEC_PID': '3236', 'DBUS_SESSION_BUS_ADDRESS': 'unix:path=/run/user/1000/bus', 'COLORTERM': 'truecolor', 'IM_CONFIG_PHASE': '1', 'WAYLAND_DISPLAY': 'wayland-0', 'COLCON_PREFIX_PATH': '/home/gowtham/swarm_ws/install', 'ROS_DISTRO': 'humble', 'LOGNAME': 'gowtham', '_': '/usr/bin/colcon', 'ROS_VERSION': '2', 'XDG_SESSION_CLASS': 'user', 'USERNAME': 'gowtham', 'TERM': 'xterm-256color', 'GNOME_DESKTOP_SESSION_ID': 'this-is-deprecated', 'ROS_LOCALHOST_ONLY': '0', 'PATH': '/opt/ros/humble/bin:/home/gowtham/.local/bin:/usr/local/sbin:/usr/local/bin:/usr/sbin:/usr/bin:/sbin:/bin:/usr/games:/usr/local/games:/snap/bin:/snap/bin:/home/gowtham/.local/bin', 'SESSION_MANAGER': 'local/gowtham:@/tmp/.ICE-unix/872,unix/gowtham:/tmp/.ICE-unix/872', 'XDG_MENU_PREFIX': 'gnome-', 'GNOME_TERMINAL_SCREEN': '/org/gnome/Terminal/screen/879f9cde_222d_4d95_abca_5319a3551c7b', 'GNOME_SETUP_DISPLAY': ':1', 'XDG_RUNTIME_DIR': '/run/user/1000', 'DISPLAY': ':0', 'LANG': 'en_US.UTF-8', 'XDG_CURRENT_DESKTOP': 'ubuntu:GNOME', 'XMODIFIERS': '@im=ibus', 'XDG_SESSION_DESKTOP': 'ubuntu', 'XAUTHORITY': '/run/user/1000/.mutter-Xwaylandauth.X2DRQ3', 'LS_COLORS': 'rs=0:di=01;34:ln=01;36:mh=00:pi=40;33:so=01;35:do=01;35:bd=40;33;01:cd=40;33;01:or=40;31;01:mi=00:su=37;41:sg=30;43:ca=30;41:tw=30;42:ow=34;42:st=37;44:ex=01;32:*.tar=01;31:*.tgz=01;31:*.arc=01;31:*.arj=01;31:*.taz=01;31:*.lha=01;31:*.lz4=01;31:*.lzh=01;31:*.lzma=01;31:*.tlz=01;31:*.txz=01;31:*.tzo=01;31:*.t7z=01;31:*.zip=01;31:*.z=01;31:*.dz=01;31:*.gz=01;31:*.lrz=01;31:*.lz=01;31:*.lzo=01;31:*.xz=01;31:*.zst=01;31:*.tzst=01;31:*.bz2=01;31:*.bz=01;31:*.tbz=01;31:*.tbz2=01;31:*.tz=01;31:*.deb=01;31:*.rpm=01;31:*.jar=01;31:*.war=01;31:*.ear=01;31:*.sar=01;31:*.rar=01;31:*.alz=01;31:*.ace=01;31:*.zoo=01;31:*.cpio=01;31:*.7z=01;31:*.rz=01;31:*.cab=01;31:*.wim=01;31:*.swm=01;31:*.dwm=01;31:*.esd=01;31:*.jpg=01;35:*.jpeg=01;35:*.mjpg=01;35:*.mjpeg=01;35:*.gif=01;35:*.bmp=01;35:*.pbm=01;35:*.pgm=01;35:*.ppm=01;35:*.tga=01;35:*.xbm=01;35:*.xpm=01;35:*.tif=01;35:*.tiff=01;35:*.png=01;35:*.svg=01;35:*.svgz=01;35:*.mng=01;35:*.pcx=01;35:*.mov=01;35:*.mpg=01;35:*.mpeg=01;35:*.m2v=01;35:*.mkv=01;35:*.webm=01;35:*.webp=01;35:*.ogm=01;35:*.mp4=01;35:*.m4v=01;35:*.mp4v=01;35:*.vob=01;35:*.qt=01;35:*.nuv=01;35:*.wmv=01;35:*.asf=01;35:*.rm=01;35:*.rmvb=01;35:*.flc=01;35:*.avi=01;35:*.fli=01;35:*.flv=01;35:*.gl=01;35:*.dl=01;35:*.xcf=01;35:*.xwd=01;35:*.yuv=01;35:*.cgm=01;35:*.emf=01;35:*.ogv=01;35:*.ogx=01;35:*.aac=00;36:*.au=00;36:*.flac=00;36:*.m4a=00;36:*.mid=00;36:*.midi=00;36:*.mka=00;36:*.mp3=00;36:*.mpc=00;36:*.ogg=00;36:*.ra=00;36:*.wav=00;36:*.oga=00;36:*.opus=00;36:*.spx=00;36:*.xspf=00;36:', 'GNOME_TERMINAL_SERVICE': ':1.158', 'SSH_AGENT_LAUNCHER': 'gnome-keyring', 'SSH_AUTH_SOCK': '/run/user/1000/keyring/ssh', 'AMENT_PREFIX_PATH': '/home/gowtham/swarm_ws/install/guidance_layer:/home/gowtham/swarm_ws/install/crazyflie_sim:/home/gowtham/swarm_ws/install/crazyflie_examples:/home/gowtham/swarm_ws/install/crazyflie_py:/home/gowtham/swarm_ws/install/crazyflie:/home/gowtham/swarm_ws/install/crazyflie_interfaces:/home/gowtham/swarm_ws/install/control_layer:/home/gowtham/swarm_ws/install/consensus_controller:/opt/ros/humble', 'SHELL': '/bin/bash', 'QT_ACCESSIBILITY': '1', 'GDMSESSION': 'ubuntu', 'LESSCLOSE': '/usr/bin/lesspipe %s %s', 'QT_IM_MODULE': 'ibus', 'PWD': '/home/gowtham/crazyflie_ws/build/central_swarm_control', 'LC_ALL': 'en_US.UTF-8', 'XDG_CONFIG_DIRS': '/etc/xdg/xdg-ubuntu:/etc/xdg', 'XDG_DATA_DIRS': '/usr/share/ubuntu:/usr/local/share/:/usr/share/:/var/lib/snapd/desktop', 'PYTHONPATH': '/home/gowtham/crazyflie_ws/build/central_swarm_control/prefix_override:/usr/lib/python3/dist-packages/colcon_core/task/python/colcon_distutils_commands:/home/gowtham/crazyflie_ws/install/central_swarm_control/lib/python3.10/site-packages:/home/gowtham/crazyflie-firmware/build:/home/gowtham/crazyflie-firmware/build:/home/gowtham/swarm_ws/install/guidance_layer/lib/python3.10/site-packages:/home/gowtham/swarm_ws/install/crazyflie_sim/local/lib/python3.10/dist-packages:/home/gowtham/swarm_ws/install/crazyflie_examples/local/lib/python3.10/dist-packages:/home/gowtham/swarm_ws/install/crazyflie_py/lib/python3.10/site-packages:/home/gowtham/swarm_ws/install/crazyflie_interfaces/local/lib/python3.10/dist-packages:/home/gowtham/swarm_ws/install/control_layer/lib/python3.10/site-packages:/home/gowtham/swarm_ws/install/consensus_controller/lib/python3.10/site-packages:/opt/ros/humble/lib/python3.10/site-packages:/opt/ros/humble/local/lib/python3.10/dist-packages', 'COLCON': '1', 'VTE_VERSION': '6800', 'CMAKE_PREFIX_PATH': '/home/gowtham/swarm_ws/install/crazyflie_sim:/home/gowtham/swarm_ws/install/crazyflie_examples:/home/gowtham/swarm_ws/install/crazyflie:/home/gowtham/swarm_ws/install/crazyflie_interfaces'}, 'shell': False}
[2.605264] (swarm_guidance) Command: {'cmd': ['/usr/bin/python3', '-W', 'ignore:setup.py install is deprecated', '-W', 'ignore:easy_install command is deprecated', 'setup.py', 'egg_info', '--egg-base', '../../build/swarm_guidance', 'build', '--build-base', '/home/gowtham/crazyflie_ws/build/swarm_guidance/build', 'install', '--record', '/home/gowtham/crazyflie_ws/build/swarm_guidance/install.log', '--single-version-externally-managed', 'install_data'], 'cwd': '/home/gowtham/crazyflie_ws/src/swarm_guidance', 'env': {'LESSOPEN': '| /usr/bin/lesspipe %s', 'LANGUAGE': 'en_IN:en', 'USER': 'gowtham', 'XDG_SESSION_TYPE': 'wayland', 'SHLVL': '1', 'LD_LIBRARY_PATH': '/home/gowtham/swarm_ws/install/crazyflie_interfaces/lib:/opt/ros/humble/opt/rviz_ogre_vendor/lib:/opt/ros/humble/lib/x86_64-linux-gnu:/opt/ros/humble/lib', 'HOME': '/home/gowtham', 'DESKTOP_SESSION': 'ubuntu', 'ROS_PYTHON_VERSION': '3', 'GNOME_SHELL_SESSION_MODE': 'ubuntu', 'GTK_MODULES': 'gail:atk-bridge', 'SYSTEMD_EXEC_PID': '3236', 'DBUS_SESSION_BUS_ADDRESS': 'unix:path=/run/user/1000/bus', 'COLORTERM': 'truecolor', 'IM_CONFIG_PHASE': '1', 'WAYLAND_DISPLAY': 'wayland-0', 'COLCON_PREFIX_PATH': '/home/gowtham/swarm_ws/install', 'ROS_DISTRO': 'humble', 'LOGNAME': 'gowtham', '_': '/usr/bin/colcon', 'ROS_VERSION': '2', 'XDG_SESSION_CLASS': 'user', 'USERNAME': 'gowtham', 'TERM': 'xterm-256color', 'GNOME_DESKTOP_SESSION_ID': 'this-is-deprecated', 'ROS_LOCALHOST_ONLY': '0', 'PATH': '/opt/ros/humble/bin:/home/gowtham/.local/bin:/usr/local/sbin:/usr/local/bin:/usr/sbin:/usr/bin:/sbin:/bin:/usr/games:/usr/local/games:/snap/bin:/snap/bin:/home/gowtham/.local/bin', 'SESSION_MANAGER': 'local/gowtham:@/tmp/.ICE-unix/872,unix/gowtham:/tmp/.ICE-unix/872', 'XDG_MENU_PREFIX': 'gnome-', 'GNOME_TERMINAL_SCREEN': '/org/gnome/Terminal/screen/879f9cde_222d_4d95_abca_5319a3551c7b', 'GNOME_SETUP_DISPLAY': ':1', 'XDG_RUNTIME_DIR': '/run/user/1000', 'DISPLAY': ':0', 'LANG': 'en_US.UTF-8', 'XDG_CURRENT_DESKTOP': 'ubuntu:GNOME', 'XMODIFIERS': '@im=ibus', 'XDG_SESSION_DESKTOP': 'ubuntu', 'XAUTHORITY': '/run/user/1000/.mutter-Xwaylandauth.X2DRQ3', 'LS_COLORS': 'rs=0:di=01;34:ln=01;36:mh=00:pi=40;33:so=01;35:do=01;35:bd=40;33;01:cd=40;33;01:or=40;31;01:mi=00:su=37;41:sg=30;43:ca=30;41:tw=30;42:ow=34;42:st=37;44:ex=01;32:*.tar=01;31:*.tgz=01;31:*.arc=01;31:*.arj=01;31:*.taz=01;31:*.lha=01;31:*.lz4=01;31:*.lzh=01;31:*.lzma=01;31:*.tlz=01;31:*.txz=01;31:*.tzo=01;31:*.t7z=01;31:*.zip=01;31:*.z=01;31:*.dz=01;31:*.gz=01;31:*.lrz=01;31:*.lz=01;31:*.lzo=01;31:*.xz=01;31:*.zst=01;31:*.tzst=01;31:*.bz2=01;31:*.bz=01;31:*.tbz=01;31:*.tbz2=01;31:*.tz=01;31:*.deb=01;31:*.rpm=01;31:*.jar=01;31:*.war=01;31:*.ear=01;31:*.sar=01;31:*.rar=01;31:*.alz=01;31:*.ace=01;31:*.zoo=01;31:*.cpio=01;31:*.7z=01;31:*.rz=01;31:*.cab=01;31:*.wim=01;31:*.swm=01;31:*.dwm=01;31:*.esd=01;31:*.jpg=01;35:*.jpeg=01;35:*.mjpg=01;35:*.mjpeg=01;35:*.gif=01;35:*.bmp=01;35:*.pbm=01;35:*.pgm=01;35:*.ppm=01;35:*.tga=01;35:*.xbm=01;35:*.xpm=01;35:*.tif=01;35:*.tiff=01;35:*.png=01;35:*.svg=01;35:*.svgz=01;35:*.mng=01;35:*.pcx=01;35:*.mov=01;35:*.mpg=01;35:*.mpeg=01;35:*.m2v=01;35:*.mkv=01;35:*.webm=01;35:*.webp=01;35:*.ogm=01;35:*.mp4=01;35:*.m4v=01;35:*.mp4v=01;35:*.vob=01;35:*.qt=01;35:*.nuv=01;35:*.wmv=01;35:*.asf=01;35:*.rm=01;35:*.rmvb=01;35:*.flc=01;35:*.avi=01;35:*.fli=01;35:*.flv=01;35:*.gl=01;35:*.dl=01;35:*.xcf=01;35:*.xwd=01;35:*.yuv=01;35:*.cgm=01;35:*.emf=01;35:*.ogv=01;35:*.ogx=01;35:*.aac=00;36:*.au=00;36:*.flac=00;36:*.m4a=00;36:*.mid=00;36:*.midi=00;36:*.mka=00;36:*.mp3=00;36:*.mpc=00;36:*.ogg=00;36:*.ra=00;36:*.wav=00;36:*.oga=00;36:*.opus=00;36:*.spx=00;36:*.xspf=00;36:', 'GNOME_TERMINAL_SERVICE': ':1.158', 'SSH_AGENT_LAUNCHER': 'gnome-keyring', 'SSH_AUTH_SOCK': '/run/user/1000/keyring/ssh', 'AMENT_PREFIX_PATH': '/home/gowtham/swarm_ws/install/guidance_layer:/home/gowtham/swarm_ws/install/crazyflie_sim:/home/gowtham/swarm_ws/install/crazyflie_examples:/home/gowtham/swarm_ws/install/crazyflie_py:/home/gowtham/swarm_ws/install/crazyflie:/home/gowtham/swarm_ws/install/crazyflie_interfaces:/home/gowtham/swarm_ws/install/control_layer:/home/gowtham/swarm_ws/install/consensus_controller:/opt/ros/humble', 'SHELL': '/bin/bash', 'QT_ACCESSIBILITY': '1', 'GDMSESSION': 'ubuntu', 'LESSCLOSE': '/usr/bin/lesspipe %s %s', 'QT_IM_MODULE': 'ibus', 'PWD': '/home/gowtham/crazyflie_ws/build/swarm_guidance', 'LC_ALL': 'en_US.UTF-8', 'XDG_CONFIG_DIRS': '/etc/xdg/xdg-ubuntu:/etc/xdg', 'XDG_DATA_DIRS': '/usr/share/ubuntu:/usr/local/share/:/usr/share/:/var/lib/snapd/desktop', 'PYTHONPATH': '/home/gowtham/crazyflie_ws/build/swarm_guidance/prefix_override:/usr/lib/python3/dist-packages/colcon_core/task/python/colcon_distutils_commands:/home/gowtham/crazyflie_ws/install/swarm_guidance/lib/python3.10/site-packages:/home/gowtham/crazyflie-firmware/build:/home/gowtham/crazyflie-firmware/build:/home/gowtham/swarm_ws/install/guidance_layer/lib/python3.10/site-packages:/home/gowtham/swarm_ws/install/crazyflie_sim/local/lib/python3.10/dist-packages:/home/gowtham/swarm_ws/install/crazyflie_examples/local/lib/python3.10/dist-packages:/home/gowtham/swarm_ws/install/crazyflie_py/lib/python3.10/site-packages:/home/gowtham/swarm_ws/install/crazyflie_interfaces/local/lib/python3.10/dist-packages:/home/gowtham/swarm_ws/install/control_layer/lib/python3.10/site-packages:/home/gowtham/swarm_ws/install/consensus_controller/lib/python3.10/site-packages:/opt/ros/humble/lib/python3.10/site-packages:/opt/ros/humble/local/lib/python3.10/dist-packages', 'COLCON': '1', 'VTE_VERSION': '6800', 'CMAKE_PREFIX_PATH': '/home/gowtham/swarm_ws/install/crazyflie_sim:/home/gowtham/swarm_ws/install/crazyflie_examples:/home/gowtham/swarm_ws/install/crazyflie:/home/gowtham/swarm_ws/install/crazyflie_interfaces'}, 'shell': False}
[2.607566] (swarm_navigation) Command: {'cmd': ['/usr/bin/python3', '-W', 'ignore:setup.py install is deprecated', '-W', 'ignore:easy_install command is deprecated', 'setup.py', 'egg_info', '--egg-base', '../../build/swarm_navigation', 'build', '--build-base', '/home/gowtham/crazyflie_ws/build/swarm_navigation/build', 'install', '--record', '/home/gowtham/crazyflie_ws/build/swarm_navigation/install.log', '--single-version-externally-managed', 'install_data'], 'cwd': '/home/gowtham/crazyflie_ws/src/swarm_navigation', 'env': {'LESSOPEN': '| /usr/bin/lesspipe %s', 'LANGUAGE': 'en_IN:en', 'USER': 'gowtham', 'XDG_SESSION_TYPE': 'wayland', 'SHLVL': '1', 'LD_LIBRARY_PATH': '/home/gowtham/swarm_ws/install/crazyflie_interfaces/lib:/opt/ros/humble/opt/rviz_ogre_vendor/lib:/opt/ros/humble/lib/x86_64-linux-gnu:/opt/ros/humble/lib', 'HOME': '/home/gowtham', 'DESKTOP_SESSION': 'ubuntu', 'ROS_PYTHON_VERSION': '3', 'GNOME_SHELL_SESSION_MODE': 'ubuntu', 'GTK_MODULES': 'gail:atk-bridge', 'SYSTEMD_EXEC_PID': '3236', 'DBUS_SESSION_BUS_ADDRESS': 'unix:path=/run/user/1000/bus', 'COLORTERM': 'truecolor', 'IM_CONFIG_PHASE': '1', 'WAYLAND_DISPLAY': 'wayland-0', 'COLCON_PREFIX_PATH': '/home/gowtham/swarm_ws/install', 'ROS_DISTRO': 'humble', 'LOGNAME': 'gowtham', '_': '/usr/bin/colcon', 'ROS_VERSION': '2', 'XDG_SESSION_CLASS': 'user', 'USERNAME': 'gowtham', 'TERM': 'xterm-256color', 'GNOME_DESKTOP_SESSION_ID': 'this-is-deprecated', 'ROS_LOCALHOST_ONLY': '0', 'PATH': '/opt/ros/humble/bin:/home/gowtham/.local/bin:/usr/local/sbin:/usr/local/bin:/usr/sbin:/usr/bin:/sbin:/bin:/usr/games:/usr/local/games:/snap/bin:/snap/bin:/home/gowtham/.local/bin', 'SESSION_MANAGER': 'local/gowtham:@/tmp/.ICE-unix/872,unix/gowtham:/tmp/.ICE-unix/872', 'XDG_MENU_PREFIX': 'gnome-', 'GNOME_TERMINAL_SCREEN': '/org/gnome/Terminal/screen/879f9cde_222d_4d95_abca_5319a3551c7b', 'GNOME_SETUP_DISPLAY': ':1', 'XDG_RUNTIME_DIR': '/run/user/1000', 'DISPLAY': ':0', 'LANG': 'en_US.UTF-8', 'XDG_CURRENT_DESKTOP': 'ubuntu:GNOME', 'XMODIFIERS': '@im=ibus', 'XDG_SESSION_DESKTOP': 'ubuntu', 'XAUTHORITY': '/run/user/1000/.mutter-Xwaylandauth.X2DRQ3', 'LS_COLORS': 'rs=0:di=01;34:ln=01;36:mh=00:pi=40;33:so=01;35:do=01;35:bd=40;33;01:cd=40;33;01:or=40;31;01:mi=00:su=37;41:sg=30;43:ca=30;41:tw=30;42:ow=34;42:st=37;44:ex=01;32:*.tar=01;31:*.tgz=01;31:*.arc=01;31:*.arj=01;31:*.taz=01;31:*.lha=01;31:*.lz4=01;31:*.lzh=01;31:*.lzma=01;31:*.tlz=01;31:*.txz=01;31:*.tzo=01;31:*.t7z=01;31:*.zip=01;31:*.z=01;31:*.dz=01;31:*.gz=01;31:*.lrz=01;31:*.lz=01;31:*.lzo=01;31:*.xz=01;31:*.zst=01;31:*.tzst=01;31:*.bz2=01;31:*.bz=01;31:*.tbz=01;31:*.tbz2=01;31:*.tz=01;31:*.deb=01;31:*.rpm=01;31:*.jar=01;31:*.war=01;31:*.ear=01;31:*.sar=01;31:*.rar=01;31:*.alz=01;31:*.ace=01;31:*.zoo=01;31:*.cpio=01;31:*.7z=01;31:*.rz=01;31:*.cab=01;31:*.wim=01;31:*.swm=01;31:*.dwm=01;31:*.esd=01;31:*.jpg=01;35:*.jpeg=01;35:*.mjpg=01;35:*.mjpeg=01;35:*.gif=01;35:*.bmp=01;35:*.pbm=01;35:*.pgm=01;35:*.ppm=01;35:*.tga=01;35:*.xbm=01;35:*.xpm=01;35:*.tif=01;35:*.tiff=01;35:*.png=01;35:*.svg=01;35:*.svgz=01;35:*.mng=01;35:*.pcx=01;35:*.mov=01;35:*.mpg=01;35:*.mpeg=01;35:*.m2v=01;35:*.mkv=01;35:*.webm=01;35:*.webp=01;35:*.ogm=01;35:*.mp4=01;35:*.m4v=01;35:*.mp4v=01;35:*.vob=01;35:*.qt=01;35:*.nuv=01;35:*.wmv=01;35:*.asf=01;35:*.rm=01;35:*.rmvb=01;35:*.flc=01;35:*.avi=01;35:*.fli=01;35:*.flv=01;35:*.gl=01;35:*.dl=01;35:*.xcf=01;35:*.xwd=01;35:*.yuv=01;35:*.cgm=01;35:*.emf=01;35:*.ogv=01;35:*.ogx=01;35:*.aac=00;36:*.au=00;36:*.flac=00;36:*.m4a=00;36:*.mid=00;36:*.midi=00;36:*.mka=00;36:*.mp3=00;36:*.mpc=00;36:*.ogg=00;36:*.ra=00;36:*.wav=00;36:*.oga=00;36:*.opus=00;36:*.spx=00;36:*.xspf=00;36:', 'GNOME_TERMINAL_SERVICE': ':1.158', 'SSH_AGENT_LAUNCHER': 'gnome-keyring', 'SSH_AUTH_SOCK': '/run/user/1000/keyring/ssh', 'AMENT_PREFIX_PATH': '/home/gowtham/swarm_ws/install/guidance_layer:/home/gowtham/swarm_ws/install/crazyflie_sim:/home/gowtham/swarm_ws/install/crazyflie_examples:/home/gowtham/swarm_ws/install/crazyflie_py:/home/gowtham/swarm_ws/install/crazyflie:/home/gowtham/swarm_ws/install/crazyflie_interfaces:/home/gowtham/swarm_ws/install/control_layer:/home/gowtham/swarm_ws/install/consensus_controller:/opt/ros/humble', 'SHELL': '/bin/bash', 'QT_ACCESSIBILITY': '1', 'GDMSESSION': 'ubuntu', 'LESSCLOSE': '/usr/bin/lesspipe %s %s', 'QT_IM_MODULE': 'ibus', 'PWD': '/home/gowtham/crazyflie_ws/build/swarm_navigation', 'LC_ALL': 'en_US.UTF-8', 'XDG_CONFIG_DIRS': '/etc/xdg/xdg-ubuntu:/etc/xdg', 'XDG_DATA_DIRS': '/usr/share/ubuntu:/usr/local/share/:/usr/share/:/var/lib/snapd/desktop', 'PYTHONPATH': '/home/gowtham/crazyflie_ws/build/swarm_navigation/prefix_override:/usr/lib/python3/dist-packages/colcon_core/task/python/colcon_distutils_commands:/home/gowtham/crazyflie_ws/install/swarm_navigation/lib/python3.10/site-packages:/home/gowtham/crazyflie-firmware/build:/home/gowtham/crazyflie-firmware/build:/home/gowtham/swarm_ws/install/guidance_layer/lib/python3.10/site-packages:/home/gowtham/swarm_ws/install/crazyflie_sim/local/lib/python3.10/dist-packages:/home/gowtham/swarm_ws/install/crazyflie_examples/local/lib/python3.10/dist-packages:/home/gowtham/swarm_ws/install/crazyflie_py/lib/python3.10/site-packages:/home/gowtham/swarm_ws/install/crazyflie_interfaces/local/lib/python3.10/dist-packages:/home/gowtham/swarm_ws/install/control_layer/lib/python3.10/site-packages:/home/gowtham/swarm_ws/install/consensus_controller/lib/python3.10/site-packages:/opt/ros/humble/lib/python3.10/site-packages:/opt/ros/humble/local/lib/python3.10/dist-packages', 'COLCON': '1', 'VTE_VERSION': '6800', 'CMAKE_PREFIX_PATH': '/home/gowtham/swarm_ws/install/crazyflie_sim:/home/gowtham/swarm_ws/install/crazyflie_examples:/home/gowtham/swarm_ws/install/crazyflie:/home/gowtham/swarm_ws/install/crazyflie_interfaces'}, 'shell': False}
[2.618851] (-) TimerEvent: {}
[2.719775] (-) TimerEvent: {}
[2.820427] (-) TimerEvent: {}
[2.923432] (-) TimerEvent: {}
[3.024020] (-) TimerEvent: {}
[3.108602] (central_swarm_control) StdoutLine: {'line': b'running egg_info\n'}
[3.108915] (central_swarm_control) StdoutLine: {'line': b'writing ../../build/central_swarm_control/central_swarm_control.egg-info/PKG-INFO\n'}
[3.109263] (central_swarm_control) StdoutLine: {'line': b'writing dependency_links to ../../build/central_swarm_control/central_swarm_control.egg-info/dependency_links.txt\n'}
[3.109518] (central_swarm_control) StdoutLine: {'line': b'writing entry points to ../../build/central_swarm_control/central_swarm_control.egg-info/entry_points.txt\n'}
[3.109848] (central_swarm_control) StdoutLine: {'line': b'writing requirements to ../../build/central_swarm_control/central_swarm_control.egg-info/requires.txt\n'}
[3.110060] (central_swarm_control) StdoutLine: {'line': b'writing top-level names to ../../build/central_swarm_control/central_swarm_control.egg-info/top_level.txt\n'}
[3.113427] (central_swarm_control) StdoutLine: {'line': b"reading manifest file '../../build/central_swarm_control/central_swarm_control.egg-info/SOURCES.txt'\n"}
[3.115287] (central_swarm_control) StdoutLine: {'line': b"writing manifest file '../../build/central_swarm_control/central_swarm_control.egg-info/SOURCES.txt'\n"}
[3.115655] (central_swarm_control) StdoutLine: {'line': b'running build\n'}
[3.115805] (central_swarm_control) StdoutLine: {'line': b'running build_py\n'}
[3.119022] (central_swarm_control) StdoutLine: {'line': b'running install\n'}
[3.119276] (central_swarm_control) StdoutLine: {'line': b'running install_lib\n'}
[3.119806] (central_swarm_control) StdoutLine: {'line': b'running install_data\n'}
[3.120321] (central_swarm_control) StdoutLine: {'line': b'copying config/crazyflies.yaml -> /home/gowtham/crazyflie_ws/install/central_swarm_control/share/central_swarm_control/config\n'}
[3.120641] (central_swarm_control) StdoutLine: {'line': b'running install_egg_info\n'}
[3.124146] (-) TimerEvent: {}
[3.125105] (central_swarm_control) StdoutLine: {'line': b"removing '/home/gowtham/crazyflie_ws/install/central_swarm_control/lib/python3.10/site-packages/central_swarm_control-0.0.0-py3.10.egg-info' (and everything under it)\n"}
[3.126865] (central_swarm_control) StdoutLine: {'line': b'Copying ../../build/central_swarm_control/central_swarm_control.egg-info to /home/gowtham/crazyflie_ws/install/central_swarm_control/lib/python3.10/site-packages/central_swarm_control-0.0.0-py3.10.egg-info\n'}
[3.127752] (central_swarm_control) StdoutLine: {'line': b'running install_scripts\n'}
[3.170050] (central_swarm_control) StdoutLine: {'line': b'Installing control_node script to /home/gowtham/crazyflie_ws/install/central_swarm_control/lib/central_swarm_control\n'}
[3.170368] (central_swarm_control) StdoutLine: {'line': b"writing list of installed files to '/home/gowtham/crazyflie_ws/build/central_swarm_control/install.log'\n"}
[3.222025] (central_swarm_control) CommandEnded: {'returncode': 0}
[3.224223] (-) TimerEvent: {}
[3.234419] (central_swarm_control) JobEnded: {'identifier': 'central_swarm_control', 'rc': 0}
[3.235715] (crazyflie) JobStarted: {'identifier': 'crazyflie'}
[3.255812] (crazyflie) JobProgress: {'identifier': 'crazyflie', 'progress': 'cmake'}
[3.258081] (crazyflie) JobProgress: {'identifier': 'crazyflie', 'progress': 'build'}
[3.262188] (crazyflie) Command: {'cmd': ['/usr/bin/cmake', '--build', '/home/gowtham/crazyflie_ws/build/crazyflie', '--', '-j4', '-l4'], 'cwd': '/home/gowtham/crazyflie_ws/build/crazyflie', 'env': OrderedDict([('LESSOPEN', '| /usr/bin/lesspipe %s'), ('LANGUAGE', 'en_IN:en'), ('USER', 'gowtham'), ('XDG_SESSION_TYPE', 'wayland'), ('SHLVL', '1'), ('LD_LIBRARY_PATH', '/home/gowtham/crazyflie_ws/install/crazyflie_interfaces/lib:/home/gowtham/swarm_ws/install/crazyflie_interfaces/lib:/opt/ros/humble/opt/rviz_ogre_vendor/lib:/opt/ros/humble/lib/x86_64-linux-gnu:/opt/ros/humble/lib'), ('HOME', '/home/gowtham'), ('DESKTOP_SESSION', 'ubuntu'), ('ROS_PYTHON_VERSION', '3'), ('GNOME_SHELL_SESSION_MODE', 'ubuntu'), ('GTK_MODULES', 'gail:atk-bridge'), ('SYSTEMD_EXEC_PID', '3236'), ('DBUS_SESSION_BUS_ADDRESS', 'unix:path=/run/user/1000/bus'), ('COLORTERM', 'truecolor'), ('IM_CONFIG_PHASE', '1'), ('WAYLAND_DISPLAY', 'wayland-0'), ('COLCON_PREFIX_PATH', '/home/gowtham/swarm_ws/install'), ('ROS_DISTRO', 'humble'), ('LOGNAME', 'gowtham'), ('_', '/usr/bin/colcon'), ('ROS_VERSION', '2'), ('XDG_SESSION_CLASS', 'user'), ('USERNAME', 'gowtham'), ('TERM', 'xterm-256color'), ('GNOME_DESKTOP_SESSION_ID', 'this-is-deprecated'), ('ROS_LOCALHOST_ONLY', '0'), ('PATH', '/opt/ros/humble/bin:/home/gowtham/.local/bin:/usr/local/sbin:/usr/local/bin:/usr/sbin:/usr/bin:/sbin:/bin:/usr/games:/usr/local/games:/snap/bin:/snap/bin:/home/gowtham/.local/bin'), ('SESSION_MANAGER', 'local/gowtham:@/tmp/.ICE-unix/872,unix/gowtham:/tmp/.ICE-unix/872'), ('XDG_MENU_PREFIX', 'gnome-'), ('GNOME_TERMINAL_SCREEN', '/org/gnome/Terminal/screen/879f9cde_222d_4d95_abca_5319a3551c7b'), ('GNOME_SETUP_DISPLAY', ':1'), ('XDG_RUNTIME_DIR', '/run/user/1000'), ('DISPLAY', ':0'), ('LANG', 'en_US.UTF-8'), ('XDG_CURRENT_DESKTOP', 'ubuntu:GNOME'), ('XMODIFIERS', '@im=ibus'), ('XDG_SESSION_DESKTOP', 'ubuntu'), ('XAUTHORITY', '/run/user/1000/.mutter-Xwaylandauth.X2DRQ3'), ('LS_COLORS', 'rs=0:di=01;34:ln=01;36:mh=00:pi=40;33:so=01;35:do=01;35:bd=40;33;01:cd=40;33;01:or=40;31;01:mi=00:su=37;41:sg=30;43:ca=30;41:tw=30;42:ow=34;42:st=37;44:ex=01;32:*.tar=01;31:*.tgz=01;31:*.arc=01;31:*.arj=01;31:*.taz=01;31:*.lha=01;31:*.lz4=01;31:*.lzh=01;31:*.lzma=01;31:*.tlz=01;31:*.txz=01;31:*.tzo=01;31:*.t7z=01;31:*.zip=01;31:*.z=01;31:*.dz=01;31:*.gz=01;31:*.lrz=01;31:*.lz=01;31:*.lzo=01;31:*.xz=01;31:*.zst=01;31:*.tzst=01;31:*.bz2=01;31:*.bz=01;31:*.tbz=01;31:*.tbz2=01;31:*.tz=01;31:*.deb=01;31:*.rpm=01;31:*.jar=01;31:*.war=01;31:*.ear=01;31:*.sar=01;31:*.rar=01;31:*.alz=01;31:*.ace=01;31:*.zoo=01;31:*.cpio=01;31:*.7z=01;31:*.rz=01;31:*.cab=01;31:*.wim=01;31:*.swm=01;31:*.dwm=01;31:*.esd=01;31:*.jpg=01;35:*.jpeg=01;35:*.mjpg=01;35:*.mjpeg=01;35:*.gif=01;35:*.bmp=01;35:*.pbm=01;35:*.pgm=01;35:*.ppm=01;35:*.tga=01;35:*.xbm=01;35:*.xpm=01;35:*.tif=01;35:*.tiff=01;35:*.png=01;35:*.svg=01;35:*.svgz=01;35:*.mng=01;35:*.pcx=01;35:*.mov=01;35:*.mpg=01;35:*.mpeg=01;35:*.m2v=01;35:*.mkv=01;35:*.webm=01;35:*.webp=01;35:*.ogm=01;35:*.mp4=01;35:*.m4v=01;35:*.mp4v=01;35:*.vob=01;35:*.qt=01;35:*.nuv=01;35:*.wmv=01;35:*.asf=01;35:*.rm=01;35:*.rmvb=01;35:*.flc=01;35:*.avi=01;35:*.fli=01;35:*.flv=01;35:*.gl=01;35:*.dl=01;35:*.xcf=01;35:*.xwd=01;35:*.yuv=01;35:*.cgm=01;35:*.emf=01;35:*.ogv=01;35:*.ogx=01;35:*.aac=00;36:*.au=00;36:*.flac=00;36:*.m4a=00;36:*.mid=00;36:*.midi=00;36:*.mka=00;36:*.mp3=00;36:*.mpc=00;36:*.ogg=00;36:*.ra=00;36:*.wav=00;36:*.oga=00;36:*.opus=00;36:*.spx=00;36:*.xspf=00;36:'), ('GNOME_TERMINAL_SERVICE', ':1.158'), ('SSH_AGENT_LAUNCHER', 'gnome-keyring'), ('SSH_AUTH_SOCK', '/run/user/1000/keyring/ssh'), ('AMENT_PREFIX_PATH', '/home/gowtham/crazyflie_ws/install/crazyflie_interfaces:/home/gowtham/swarm_ws/install/guidance_layer:/home/gowtham/swarm_ws/install/crazyflie_sim:/home/gowtham/swarm_ws/install/crazyflie_examples:/home/gowtham/swarm_ws/install/crazyflie_py:/home/gowtham/swarm_ws/install/crazyflie:/home/gowtham/swarm_ws/install/crazyflie_interfaces:/home/gowtham/swarm_ws/install/control_layer:/home/gowtham/swarm_ws/install/consensus_controller:/opt/ros/humble'), ('SHELL', '/bin/bash'), ('QT_ACCESSIBILITY', '1'), ('GDMSESSION', 'ubuntu'), ('LESSCLOSE', '/usr/bin/lesspipe %s %s'), ('QT_IM_MODULE', 'ibus'), ('PWD', '/home/gowtham/crazyflie_ws/build/crazyflie'), ('LC_ALL', 'en_US.UTF-8'), ('XDG_CONFIG_DIRS', '/etc/xdg/xdg-ubuntu:/etc/xdg'), ('XDG_DATA_DIRS', '/usr/share/ubuntu:/usr/local/share/:/usr/share/:/var/lib/snapd/desktop'), ('PYTHONPATH', '/home/gowtham/crazyflie_ws/install/crazyflie_interfaces/local/lib/python3.10/dist-packages:/home/gowtham/crazyflie-firmware/build:/home/gowtham/crazyflie-firmware/build:/home/gowtham/swarm_ws/install/guidance_layer/lib/python3.10/site-packages:/home/gowtham/swarm_ws/install/crazyflie_sim/local/lib/python3.10/dist-packages:/home/gowtham/swarm_ws/install/crazyflie_examples/local/lib/python3.10/dist-packages:/home/gowtham/swarm_ws/install/crazyflie_py/lib/python3.10/site-packages:/home/gowtham/swarm_ws/install/crazyflie_interfaces/local/lib/python3.10/dist-packages:/home/gowtham/swarm_ws/install/control_layer/lib/python3.10/site-packages:/home/gowtham/swarm_ws/install/consensus_controller/lib/python3.10/site-packages:/opt/ros/humble/lib/python3.10/site-packages:/opt/ros/humble/local/lib/python3.10/dist-packages'), ('COLCON', '1'), ('VTE_VERSION', '6800'), ('CMAKE_PREFIX_PATH', '/home/gowtham/crazyflie_ws/install/crazyflie_interfaces:/home/gowtham/swarm_ws/install/crazyflie_sim:/home/gowtham/swarm_ws/install/crazyflie_examples:/home/gowtham/swarm_ws/install/crazyflie:/home/gowtham/swarm_ws/install/crazyflie_interfaces:/home/gowtham/swarm_ws/install/guidance_layer:/home/gowtham/swarm_ws/install/crazyflie_py:/home/gowtham/swarm_ws/install/control_layer:/home/gowtham/swarm_ws/install/consensus_controller:/opt/ros/humble')]), 'shell': False}
[3.324342] (-) TimerEvent: {}
[3.350520] (crazyflie_py) Command: {'cmd': ['/usr/bin/python3', '-W', 'ignore:setup.py install is deprecated', '-W', 'ignore:easy_install command is deprecated', 'setup.py', 'egg_info', '--egg-base', '../../../build/crazyflie_py', 'build', '--build-base', '/home/gowtham/crazyflie_ws/build/crazyflie_py/build', 'install', '--record', '/home/gowtham/crazyflie_ws/build/crazyflie_py/install.log', '--single-version-externally-managed', 'install_data'], 'cwd': '/home/gowtham/crazyflie_ws/src/crazyswarm2/crazyflie_py', 'env': {'LESSOPEN': '| /usr/bin/lesspipe %s', 'LANGUAGE': 'en_IN:en', 'USER': 'gowtham', 'XDG_SESSION_TYPE': 'wayland', 'SHLVL': '1', 'LD_LIBRARY_PATH': '/home/gowtham/crazyflie_ws/install/crazyflie_interfaces/lib:/home/gowtham/swarm_ws/install/crazyflie_interfaces/lib:/opt/ros/humble/opt/rviz_ogre_vendor/lib:/opt/ros/humble/lib/x86_64-linux-gnu:/opt/ros/humble/lib', 'HOME': '/home/gowtham', 'DESKTOP_SESSION': 'ubuntu', 'ROS_PYTHON_VERSION': '3', 'GNOME_SHELL_SESSION_MODE': 'ubuntu', 'GTK_MODULES': 'gail:atk-bridge', 'SYSTEMD_EXEC_PID': '3236', 'DBUS_SESSION_BUS_ADDRESS': 'unix:path=/run/user/1000/bus', 'COLORTERM': 'truecolor', 'IM_CONFIG_PHASE': '1', 'WAYLAND_DISPLAY': 'wayland-0', 'COLCON_PREFIX_PATH': '/home/gowtham/swarm_ws/install', 'ROS_DISTRO': 'humble', 'LOGNAME': 'gowtham', '_': '/usr/bin/colcon', 'ROS_VERSION': '2', 'XDG_SESSION_CLASS': 'user', 'USERNAME': 'gowtham', 'TERM': 'xterm-256color', 'GNOME_DESKTOP_SESSION_ID': 'this-is-deprecated', 'ROS_LOCALHOST_ONLY': '0', 'PATH': '/opt/ros/humble/bin:/home/gowtham/.local/bin:/usr/local/sbin:/usr/local/bin:/usr/sbin:/usr/bin:/sbin:/bin:/usr/games:/usr/local/games:/snap/bin:/snap/bin:/home/gowtham/.local/bin', 'SESSION_MANAGER': 'local/gowtham:@/tmp/.ICE-unix/872,unix/gowtham:/tmp/.ICE-unix/872', 'XDG_MENU_PREFIX': 'gnome-', 'GNOME_TERMINAL_SCREEN': '/org/gnome/Terminal/screen/879f9cde_222d_4d95_abca_5319a3551c7b', 'GNOME_SETUP_DISPLAY': ':1', 'XDG_RUNTIME_DIR': '/run/user/1000', 'DISPLAY': ':0', 'LANG': 'en_US.UTF-8', 'XDG_CURRENT_DESKTOP': 'ubuntu:GNOME', 'XMODIFIERS': '@im=ibus', 'XDG_SESSION_DESKTOP': 'ubuntu', 'XAUTHORITY': '/run/user/1000/.mutter-Xwaylandauth.X2DRQ3', 'LS_COLORS': 'rs=0:di=01;34:ln=01;36:mh=00:pi=40;33:so=01;35:do=01;35:bd=40;33;01:cd=40;33;01:or=40;31;01:mi=00:su=37;41:sg=30;43:ca=30;41:tw=30;42:ow=34;42:st=37;44:ex=01;32:*.tar=01;31:*.tgz=01;31:*.arc=01;31:*.arj=01;31:*.taz=01;31:*.lha=01;31:*.lz4=01;31:*.lzh=01;31:*.lzma=01;31:*.tlz=01;31:*.txz=01;31:*.tzo=01;31:*.t7z=01;31:*.zip=01;31:*.z=01;31:*.dz=01;31:*.gz=01;31:*.lrz=01;31:*.lz=01;31:*.lzo=01;31:*.xz=01;31:*.zst=01;31:*.tzst=01;31:*.bz2=01;31:*.bz=01;31:*.tbz=01;31:*.tbz2=01;31:*.tz=01;31:*.deb=01;31:*.rpm=01;31:*.jar=01;31:*.war=01;31:*.ear=01;31:*.sar=01;31:*.rar=01;31:*.alz=01;31:*.ace=01;31:*.zoo=01;31:*.cpio=01;31:*.7z=01;31:*.rz=01;31:*.cab=01;31:*.wim=01;31:*.swm=01;31:*.dwm=01;31:*.esd=01;31:*.jpg=01;35:*.jpeg=01;35:*.mjpg=01;35:*.mjpeg=01;35:*.gif=01;35:*.bmp=01;35:*.pbm=01;35:*.pgm=01;35:*.ppm=01;35:*.tga=01;35:*.xbm=01;35:*.xpm=01;35:*.tif=01;35:*.tiff=01;35:*.png=01;35:*.svg=01;35:*.svgz=01;35:*.mng=01;35:*.pcx=01;35:*.mov=01;35:*.mpg=01;35:*.mpeg=01;35:*.m2v=01;35:*.mkv=01;35:*.webm=01;35:*.webp=01;35:*.ogm=01;35:*.mp4=01;35:*.m4v=01;35:*.mp4v=01;35:*.vob=01;35:*.qt=01;35:*.nuv=01;35:*.wmv=01;35:*.asf=01;35:*.rm=01;35:*.rmvb=01;35:*.flc=01;35:*.avi=01;35:*.fli=01;35:*.flv=01;35:*.gl=01;35:*.dl=01;35:*.xcf=01;35:*.xwd=01;35:*.yuv=01;35:*.cgm=01;35:*.emf=01;35:*.ogv=01;35:*.ogx=01;35:*.aac=00;36:*.au=00;36:*.flac=00;36:*.m4a=00;36:*.mid=00;36:*.midi=00;36:*.mka=00;36:*.mp3=00;36:*.mpc=00;36:*.ogg=00;36:*.ra=00;36:*.wav=00;36:*.oga=00;36:*.opus=00;36:*.spx=00;36:*.xspf=00;36:', 'GNOME_TERMINAL_SERVICE': ':1.158', 'SSH_AGENT_LAUNCHER': 'gnome-keyring', 'SSH_AUTH_SOCK': '/run/user/1000/keyring/ssh', 'AMENT_PREFIX_PATH': '/home/gowtham/crazyflie_ws/install/crazyflie_interfaces:/home/gowtham/swarm_ws/install/guidance_layer:/home/gowtham/swarm_ws/install/crazyflie_sim:/home/gowtham/swarm_ws/install/crazyflie_examples:/home/gowtham/swarm_ws/install/crazyflie_py:/home/gowtham/swarm_ws/install/crazyflie:/home/gowtham/swarm_ws/install/crazyflie_interfaces:/home/gowtham/swarm_ws/install/control_layer:/home/gowtham/swarm_ws/install/consensus_controller:/opt/ros/humble', 'SHELL': '/bin/bash', 'QT_ACCESSIBILITY': '1', 'GDMSESSION': 'ubuntu', 'LESSCLOSE': '/usr/bin/lesspipe %s %s', 'QT_IM_MODULE': 'ibus', 'PWD': '/home/gowtham/crazyflie_ws/build/crazyflie_py', 'LC_ALL': 'en_US.UTF-8', 'XDG_CONFIG_DIRS': '/etc/xdg/xdg-ubuntu:/etc/xdg', 'XDG_DATA_DIRS': '/usr/share/ubuntu:/usr/local/share/:/usr/share/:/var/lib/snapd/desktop', 'PYTHONPATH': '/home/gowtham/crazyflie_ws/build/crazyflie_py/prefix_override:/usr/lib/python3/dist-packages/colcon_core/task/python/colcon_distutils_commands:/home/gowtham/crazyflie_ws/install/crazyflie_py/lib/python3.10/site-packages:/home/gowtham/crazyflie_ws/install/crazyflie_interfaces/local/lib/python3.10/dist-packages:/home/gowtham/crazyflie-firmware/build:/home/gowtham/crazyflie-firmware/build:/home/gowtham/swarm_ws/install/guidance_layer/lib/python3.10/site-packages:/home/gowtham/swarm_ws/install/crazyflie_sim/local/lib/python3.10/dist-packages:/home/gowtham/swarm_ws/install/crazyflie_examples/local/lib/python3.10/dist-packages:/home/gowtham/swarm_ws/install/crazyflie_py/lib/python3.10/site-packages:/home/gowtham/swarm_ws/install/crazyflie_interfaces/local/lib/python3.10/dist-packages:/home/gowtham/swarm_ws/install/control_layer/lib/python3.10/site-packages:/home/gowtham/swarm_ws/install/consensus_controller/lib/python3.10/site-packages:/opt/ros/humble/lib/python3.10/site-packages:/opt/ros/humble/local/lib/python3.10/dist-packages', 'COLCON': '1', 'VTE_VERSION': '6800', 'CMAKE_PREFIX_PATH': '/home/gowtham/crazyflie_ws/install/crazyflie_interfaces:/home/gowtham/swarm_ws/install/crazyflie_sim:/home/gowtham/swarm_ws/install/crazyflie_examples:/home/gowtham/swarm_ws/install/crazyflie:/home/gowtham/swarm_ws/install/crazyflie_interfaces'}, 'shell': False}
[3.372169] (swarm_guidance) StdoutLine: {'line': b'running egg_info\n'}
[3.374192] (swarm_guidance) StdoutLine: {'line': b'writing ../../build/swarm_guidance/swarm_guidance.egg-info/PKG-INFO\n'}
[3.375202] (swarm_guidance) StdoutLine: {'line': b'writing dependency_links to ../../build/swarm_guidance/swarm_guidance.egg-info/dependency_links.txt\n'}
[3.375817] (swarm_guidance) StdoutLine: {'line': b'writing entry points to ../../build/swarm_guidance/swarm_guidance.egg-info/entry_points.txt\n'}
[3.376348] (swarm_guidance) StdoutLine: {'line': b'writing requirements to ../../build/swarm_guidance/swarm_guidance.egg-info/requires.txt\n'}
[3.376868] (swarm_guidance) StdoutLine: {'line': b'writing top-level names to ../../build/swarm_guidance/swarm_guidance.egg-info/top_level.txt\n'}
[3.380253] (swarm_guidance) StdoutLine: {'line': b"reading manifest file '../../build/swarm_guidance/swarm_guidance.egg-info/SOURCES.txt'\n"}
[3.382501] (swarm_guidance) StdoutLine: {'line': b"writing manifest file '../../build/swarm_guidance/swarm_guidance.egg-info/SOURCES.txt'\n"}
[3.382762] (swarm_guidance) StdoutLine: {'line': b'running build\n'}
[3.382879] (swarm_guidance) StdoutLine: {'line': b'running build_py\n'}
[3.388025] (swarm_guidance) StdoutLine: {'line': b'running install\n'}
[3.388253] (swarm_guidance) StdoutLine: {'line': b'running install_lib\n'}
[3.388367] (swarm_navigation) StdoutLine: {'line': b'running egg_info\n'}
[3.388520] (swarm_navigation) StdoutLine: {'line': b'writing ../../build/swarm_navigation/swarm_navigation.egg-info/PKG-INFO\n'}
[3.391092] (swarm_guidance) StdoutLine: {'line': b'running install_data\n'}
[3.391327] (swarm_guidance) StdoutLine: {'line': b'running install_egg_info\n'}
[3.391501] (swarm_navigation) StdoutLine: {'line': b'writing dependency_links to ../../build/swarm_navigation/swarm_navigation.egg-info/dependency_links.txt\n'}
[3.392468] (swarm_navigation) StdoutLine: {'line': b'writing entry points to ../../build/swarm_navigation/swarm_navigation.egg-info/entry_points.txt\n'}
[3.392657] (swarm_navigation) StdoutLine: {'line': b'writing requirements to ../../build/swarm_navigation/swarm_navigation.egg-info/requires.txt\n'}
[3.392764] (swarm_navigation) StdoutLine: {'line': b'writing top-level names to ../../build/swarm_navigation/swarm_navigation.egg-info/top_level.txt\n'}
[3.392864] (swarm_guidance) StdoutLine: {'line': b"removing '/home/gowtham/crazyflie_ws/install/swarm_guidance/lib/python3.10/site-packages/swarm_guidance-0.0.0-py3.10.egg-info' (and everything under it)\n"}
[3.394070] (swarm_guidance) StdoutLine: {'line': b'Copying ../../build/swarm_guidance/swarm_guidance.egg-info to /home/gowtham/crazyflie_ws/install/swarm_guidance/lib/python3.10/site-packages/swarm_guidance-0.0.0-py3.10.egg-info\n'}
[3.395358] (swarm_guidance) StdoutLine: {'line': b'running install_scripts\n'}
[3.399013] (swarm_navigation) StdoutLine: {'line': b"reading manifest file '../../build/swarm_navigation/swarm_navigation.egg-info/SOURCES.txt'\n"}
[3.402055] (swarm_navigation) StdoutLine: {'line': b"writing manifest file '../../build/swarm_navigation/swarm_navigation.egg-info/SOURCES.txt'\n"}
[3.402338] (swarm_navigation) StdoutLine: {'line': b'running build\n'}
[3.402463] (swarm_navigation) StdoutLine: {'line': b'running build_py\n'}
[3.402573] (swarm_navigation) StdoutLine: {'line': b'running install\n'}
[3.402680] (swarm_navigation) StdoutLine: {'line': b'running install_lib\n'}
[3.409166] (swarm_navigation) StdoutLine: {'line': b'running install_data\n'}
[3.409396] (swarm_navigation) StdoutLine: {'line': b'running install_egg_info\n'}
[3.418127] (swarm_navigation) StdoutLine: {'line': b"removing '/home/gowtham/crazyflie_ws/install/swarm_navigation/lib/python3.10/site-packages/swarm_navigation-0.0.0-py3.10.egg-info' (and everything under it)\n"}
[3.418378] (swarm_navigation) StdoutLine: {'line': b'Copying ../../build/swarm_navigation/swarm_navigation.egg-info to /home/gowtham/crazyflie_ws/install/swarm_navigation/lib/python3.10/site-packages/swarm_navigation-0.0.0-py3.10.egg-info\n'}
[3.423165] (swarm_navigation) StdoutLine: {'line': b'running install_scripts\n'}
[3.424443] (-) TimerEvent: {}
[3.441095] (swarm_guidance) StdoutLine: {'line': b'Installing guidance_node script to /home/gowtham/crazyflie_ws/install/swarm_guidance/lib/swarm_guidance\n'}
[3.441725] (swarm_guidance) StdoutLine: {'line': b"writing list of installed files to '/home/gowtham/crazyflie_ws/build/swarm_guidance/install.log'\n"}
[3.455816] (crazyflie) StdoutLine: {'line': b'[ 22%] Built target crazyflieLinkCpp\n'}
[3.506174] (swarm_guidance) CommandEnded: {'returncode': 0}
[3.512461] (crazyflie) StdoutLine: {'line': b'[ 30%] Built target crazyflie_cpp\n'}
[3.527329] (-) TimerEvent: {}
[3.536089] (swarm_guidance) JobEnded: {'identifier': 'swarm_guidance', 'rc': 0}
[3.541365] (crazyflie_sim) JobStarted: {'identifier': 'crazyflie_sim'}
[3.561403] (swarm_navigation) StdoutLine: {'line': b'Installing navigation_node script to /home/gowtham/crazyflie_ws/install/swarm_navigation/lib/swarm_navigation\n'}
[3.562388] (swarm_navigation) StdoutLine: {'line': b"writing list of installed files to '/home/gowtham/crazyflie_ws/build/swarm_navigation/install.log'\n"}
[3.563653] (crazyflie) StdoutLine: {'line': b'[ 35%] Built target teleop\n'}
[3.580078] (crazyflie_sim) JobProgress: {'identifier': 'crazyflie_sim', 'progress': 'cmake'}
[3.591897] (crazyflie_sim) JobProgress: {'identifier': 'crazyflie_sim', 'progress': 'build'}
[3.592052] (crazyflie_sim) Command: {'cmd': ['/usr/bin/cmake', '--build', '/home/gowtham/crazyflie_ws/build/crazyflie_sim', '--', '-j4', '-l4'], 'cwd': '/home/gowtham/crazyflie_ws/build/crazyflie_sim', 'env': OrderedDict([('LESSOPEN', '| /usr/bin/lesspipe %s'), ('LANGUAGE', 'en_IN:en'), ('USER', 'gowtham'), ('XDG_SESSION_TYPE', 'wayland'), ('SHLVL', '1'), ('LD_LIBRARY_PATH', '/home/gowtham/crazyflie_ws/install/crazyflie_interfaces/lib:/home/gowtham/swarm_ws/install/crazyflie_interfaces/lib:/opt/ros/humble/opt/rviz_ogre_vendor/lib:/opt/ros/humble/lib/x86_64-linux-gnu:/opt/ros/humble/lib'), ('HOME', '/home/gowtham'), ('DESKTOP_SESSION', 'ubuntu'), ('ROS_PYTHON_VERSION', '3'), ('GNOME_SHELL_SESSION_MODE', 'ubuntu'), ('GTK_MODULES', 'gail:atk-bridge'), ('SYSTEMD_EXEC_PID', '3236'), ('DBUS_SESSION_BUS_ADDRESS', 'unix:path=/run/user/1000/bus'), ('COLORTERM', 'truecolor'), ('IM_CONFIG_PHASE', '1'), ('WAYLAND_DISPLAY', 'wayland-0'), ('COLCON_PREFIX_PATH', '/home/gowtham/swarm_ws/install'), ('ROS_DISTRO', 'humble'), ('LOGNAME', 'gowtham'), ('_', '/usr/bin/colcon'), ('ROS_VERSION', '2'), ('XDG_SESSION_CLASS', 'user'), ('USERNAME', 'gowtham'), ('TERM', 'xterm-256color'), ('GNOME_DESKTOP_SESSION_ID', 'this-is-deprecated'), ('ROS_LOCALHOST_ONLY', '0'), ('PATH', '/opt/ros/humble/bin:/home/gowtham/.local/bin:/usr/local/sbin:/usr/local/bin:/usr/sbin:/usr/bin:/sbin:/bin:/usr/games:/usr/local/games:/snap/bin:/snap/bin:/home/gowtham/.local/bin'), ('SESSION_MANAGER', 'local/gowtham:@/tmp/.ICE-unix/872,unix/gowtham:/tmp/.ICE-unix/872'), ('XDG_MENU_PREFIX', 'gnome-'), ('GNOME_TERMINAL_SCREEN', '/org/gnome/Terminal/screen/879f9cde_222d_4d95_abca_5319a3551c7b'), ('GNOME_SETUP_DISPLAY', ':1'), ('XDG_RUNTIME_DIR', '/run/user/1000'), ('DISPLAY', ':0'), ('LANG', 'en_US.UTF-8'), ('XDG_CURRENT_DESKTOP', 'ubuntu:GNOME'), ('XMODIFIERS', '@im=ibus'), ('XDG_SESSION_DESKTOP', 'ubuntu'), ('XAUTHORITY', '/run/user/1000/.mutter-Xwaylandauth.X2DRQ3'), ('LS_COLORS', 'rs=0:di=01;34:ln=01;36:mh=00:pi=40;33:so=01;35:do=01;35:bd=40;33;01:cd=40;33;01:or=40;31;01:mi=00:su=37;41:sg=30;43:ca=30;41:tw=30;42:ow=34;42:st=37;44:ex=01;32:*.tar=01;31:*.tgz=01;31:*.arc=01;31:*.arj=01;31:*.taz=01;31:*.lha=01;31:*.lz4=01;31:*.lzh=01;31:*.lzma=01;31:*.tlz=01;31:*.txz=01;31:*.tzo=01;31:*.t7z=01;31:*.zip=01;31:*.z=01;31:*.dz=01;31:*.gz=01;31:*.lrz=01;31:*.lz=01;31:*.lzo=01;31:*.xz=01;31:*.zst=01;31:*.tzst=01;31:*.bz2=01;31:*.bz=01;31:*.tbz=01;31:*.tbz2=01;31:*.tz=01;31:*.deb=01;31:*.rpm=01;31:*.jar=01;31:*.war=01;31:*.ear=01;31:*.sar=01;31:*.rar=01;31:*.alz=01;31:*.ace=01;31:*.zoo=01;31:*.cpio=01;31:*.7z=01;31:*.rz=01;31:*.cab=01;31:*.wim=01;31:*.swm=01;31:*.dwm=01;31:*.esd=01;31:*.jpg=01;35:*.jpeg=01;35:*.mjpg=01;35:*.mjpeg=01;35:*.gif=01;35:*.bmp=01;35:*.pbm=01;35:*.pgm=01;35:*.ppm=01;35:*.tga=01;35:*.xbm=01;35:*.xpm=01;35:*.tif=01;35:*.tiff=01;35:*.png=01;35:*.svg=01;35:*.svgz=01;35:*.mng=01;35:*.pcx=01;35:*.mov=01;35:*.mpg=01;35:*.mpeg=01;35:*.m2v=01;35:*.mkv=01;35:*.webm=01;35:*.webp=01;35:*.ogm=01;35:*.mp4=01;35:*.m4v=01;35:*.mp4v=01;35:*.vob=01;35:*.qt=01;35:*.nuv=01;35:*.wmv=01;35:*.asf=01;35:*.rm=01;35:*.rmvb=01;35:*.flc=01;35:*.avi=01;35:*.fli=01;35:*.flv=01;35:*.gl=01;35:*.dl=01;35:*.xcf=01;35:*.xwd=01;35:*.yuv=01;35:*.cgm=01;35:*.emf=01;35:*.ogv=01;35:*.ogx=01;35:*.aac=00;36:*.au=00;36:*.flac=00;36:*.m4a=00;36:*.mid=00;36:*.midi=00;36:*.mka=00;36:*.mp3=00;36:*.mpc=00;36:*.ogg=00;36:*.ra=00;36:*.wav=00;36:*.oga=00;36:*.opus=00;36:*.spx=00;36:*.xspf=00;36:'), ('GNOME_TERMINAL_SERVICE', ':1.158'), ('SSH_AGENT_LAUNCHER', 'gnome-keyring'), ('SSH_AUTH_SOCK', '/run/user/1000/keyring/ssh'), ('AMENT_PREFIX_PATH', '/home/gowtham/crazyflie_ws/install/crazyflie_interfaces:/home/gowtham/swarm_ws/install/guidance_layer:/home/gowtham/swarm_ws/install/crazyflie_sim:/home/gowtham/swarm_ws/install/crazyflie_examples:/home/gowtham/swarm_ws/install/crazyflie_py:/home/gowtham/swarm_ws/install/crazyflie:/home/gowtham/swarm_ws/install/crazyflie_interfaces:/home/gowtham/swarm_ws/install/control_layer:/home/gowtham/swarm_ws/install/consensus_controller:/opt/ros/humble'), ('SHELL', '/bin/bash'), ('QT_ACCESSIBILITY', '1'), ('GDMSESSION', 'ubuntu'), ('LESSCLOSE', '/usr/bin/lesspipe %s %s'), ('QT_IM_MODULE', 'ibus'), ('PWD', '/home/gowtham/crazyflie_ws/build/crazyflie_sim'), ('LC_ALL', 'en_US.UTF-8'), ('XDG_CONFIG_DIRS', '/etc/xdg/xdg-ubuntu:/etc/xdg'), ('XDG_DATA_DIRS', '/usr/share/ubuntu:/usr/local/share/:/usr/share/:/var/lib/snapd/desktop'), ('PYTHONPATH', '/home/gowtham/crazyflie_ws/install/crazyflie_interfaces/local/lib/python3.10/dist-packages:/home/gowtham/crazyflie-firmware/build:/home/gowtham/crazyflie-firmware/build:/home/gowtham/swarm_ws/install/guidance_layer/lib/python3.10/site-packages:/home/gowtham/swarm_ws/install/crazyflie_sim/local/lib/python3.10/dist-packages:/home/gowtham/swarm_ws/install/crazyflie_examples/local/lib/python3.10/dist-packages:/home/gowtham/swarm_ws/install/crazyflie_py/lib/python3.10/site-packages:/home/gowtham/swarm_ws/install/crazyflie_interfaces/local/lib/python3.10/dist-packages:/home/gowtham/swarm_ws/install/control_layer/lib/python3.10/site-packages:/home/gowtham/swarm_ws/install/consensus_controller/lib/python3.10/site-packages:/opt/ros/humble/lib/python3.10/site-packages:/opt/ros/humble/local/lib/python3.10/dist-packages'), ('COLCON', '1'), ('VTE_VERSION', '6800'), ('CMAKE_PREFIX_PATH', '/home/gowtham/crazyflie_ws/install/crazyflie_interfaces:/home/gowtham/swarm_ws/install/crazyflie_sim:/home/gowtham/swarm_ws/install/crazyflie_examples:/home/gowtham/swarm_ws/install/crazyflie:/home/gowtham/swarm_ws/install/crazyflie_interfaces:/home/gowtham/swarm_ws/install/guidance_layer:/home/gowtham/swarm_ws/install/crazyflie_py:/home/gowtham/swarm_ws/install/control_layer:/home/gowtham/swarm_ws/install/consensus_controller:/opt/ros/humble')]), 'shell': False}
[3.632034] (-) TimerEvent: {}
[3.634261] (crazyflie) StdoutLine: {'line': b'[ 40%] Built target crazyflie_server\n'}
[3.657591] (swarm_navigation) CommandEnded: {'returncode': 0}
[3.658157] (crazyflie) StdoutLine: {'line': b'[ 45%] Built target scan\n'}
[3.679933] (crazyflie) StdoutLine: {'line': b'[ 50%] Built target listParams\n'}
[3.680654] (swarm_navigation) JobEnded: {'identifier': 'swarm_navigation', 'rc': 0}
[3.685145] (crazyflie) StdoutLine: {'line': b'[ 55%] Built target listLogVariables\n'}
[3.735906] (-) TimerEvent: {}
[3.744101] (crazyflie) StdoutLine: {'line': b'[ 60%] Built target listMemories\n'}
[3.759091] (crazyflie) StdoutLine: {'line': b'[ 65%] Built target reboot\n'}
[3.777252] (crazyflie) StdoutLine: {'line': b'[ 70%] Built target battery\n'}
[3.789080] (crazyflie_sim) StdoutLine: {'line': b'Built target ament_cmake_python_symlink_crazyflie_sim_setup\n'}
[3.794589] (crazyflie) StdoutLine: {'line': b'[ 75%] Built target version\n'}
[3.799135] (crazyflie_sim) StdoutLine: {'line': b'Built target ament_cmake_python_symlink_crazyflie_sim\n'}
[3.836029] (-) TimerEvent: {}
[3.840263] (crazyflie) StdoutLine: {'line': b'[ 80%] Built target console\n'}
[3.853801] (crazyflie) StdoutLine: {'line': b'[ 85%] Built target comCheck\n'}
[3.878031] (crazyflie) StdoutLine: {'line': b'[ 90%] Built target log\n'}
[3.885220] (crazyflie) StdoutLine: {'line': b'[ 95%] Built target downloadUSDLogfile\n'}
[3.904476] (crazyflie) StdoutLine: {'line': b'[100%] Built target setParam\n'}
[3.926981] (crazyflie) CommandEnded: {'returncode': 0}
[3.929035] (crazyflie) JobProgress: {'identifier': 'crazyflie', 'progress': 'install'}
[3.929466] (crazyflie) Command: {'cmd': ['/usr/bin/cmake', '--install', '/home/gowtham/crazyflie_ws/build/crazyflie'], 'cwd': '/home/gowtham/crazyflie_ws/build/crazyflie', 'env': OrderedDict([('LESSOPEN', '| /usr/bin/lesspipe %s'), ('LANGUAGE', 'en_IN:en'), ('USER', 'gowtham'), ('XDG_SESSION_TYPE', 'wayland'), ('SHLVL', '1'), ('LD_LIBRARY_PATH', '/home/gowtham/crazyflie_ws/install/crazyflie_interfaces/lib:/home/gowtham/swarm_ws/install/crazyflie_interfaces/lib:/opt/ros/humble/opt/rviz_ogre_vendor/lib:/opt/ros/humble/lib/x86_64-linux-gnu:/opt/ros/humble/lib'), ('HOME', '/home/gowtham'), ('DESKTOP_SESSION', 'ubuntu'), ('ROS_PYTHON_VERSION', '3'), ('GNOME_SHELL_SESSION_MODE', 'ubuntu'), ('GTK_MODULES', 'gail:atk-bridge'), ('SYSTEMD_EXEC_PID', '3236'), ('DBUS_SESSION_BUS_ADDRESS', 'unix:path=/run/user/1000/bus'), ('COLORTERM', 'truecolor'), ('IM_CONFIG_PHASE', '1'), ('WAYLAND_DISPLAY', 'wayland-0'), ('COLCON_PREFIX_PATH', '/home/gowtham/swarm_ws/install'), ('ROS_DISTRO', 'humble'), ('LOGNAME', 'gowtham'), ('_', '/usr/bin/colcon'), ('ROS_VERSION', '2'), ('XDG_SESSION_CLASS', 'user'), ('USERNAME', 'gowtham'), ('TERM', 'xterm-256color'), ('GNOME_DESKTOP_SESSION_ID', 'this-is-deprecated'), ('ROS_LOCALHOST_ONLY', '0'), ('PATH', '/opt/ros/humble/bin:/home/gowtham/.local/bin:/usr/local/sbin:/usr/local/bin:/usr/sbin:/usr/bin:/sbin:/bin:/usr/games:/usr/local/games:/snap/bin:/snap/bin:/home/gowtham/.local/bin'), ('SESSION_MANAGER', 'local/gowtham:@/tmp/.ICE-unix/872,unix/gowtham:/tmp/.ICE-unix/872'), ('XDG_MENU_PREFIX', 'gnome-'), ('GNOME_TERMINAL_SCREEN', '/org/gnome/Terminal/screen/879f9cde_222d_4d95_abca_5319a3551c7b'), ('GNOME_SETUP_DISPLAY', ':1'), ('XDG_RUNTIME_DIR', '/run/user/1000'), ('DISPLAY', ':0'), ('LANG', 'en_US.UTF-8'), ('XDG_CURRENT_DESKTOP', 'ubuntu:GNOME'), ('XMODIFIERS', '@im=ibus'), ('XDG_SESSION_DESKTOP', 'ubuntu'), ('XAUTHORITY', '/run/user/1000/.mutter-Xwaylandauth.X2DRQ3'), ('LS_COLORS', 'rs=0:di=01;34:ln=01;36:mh=00:pi=40;33:so=01;35:do=01;35:bd=40;33;01:cd=40;33;01:or=40;31;01:mi=00:su=37;41:sg=30;43:ca=30;41:tw=30;42:ow=34;42:st=37;44:ex=01;32:*.tar=01;31:*.tgz=01;31:*.arc=01;31:*.arj=01;31:*.taz=01;31:*.lha=01;31:*.lz4=01;31:*.lzh=01;31:*.lzma=01;31:*.tlz=01;31:*.txz=01;31:*.tzo=01;31:*.t7z=01;31:*.zip=01;31:*.z=01;31:*.dz=01;31:*.gz=01;31:*.lrz=01;31:*.lz=01;31:*.lzo=01;31:*.xz=01;31:*.zst=01;31:*.tzst=01;31:*.bz2=01;31:*.bz=01;31:*.tbz=01;31:*.tbz2=01;31:*.tz=01;31:*.deb=01;31:*.rpm=01;31:*.jar=01;31:*.war=01;31:*.ear=01;31:*.sar=01;31:*.rar=01;31:*.alz=01;31:*.ace=01;31:*.zoo=01;31:*.cpio=01;31:*.7z=01;31:*.rz=01;31:*.cab=01;31:*.wim=01;31:*.swm=01;31:*.dwm=01;31:*.esd=01;31:*.jpg=01;35:*.jpeg=01;35:*.mjpg=01;35:*.mjpeg=01;35:*.gif=01;35:*.bmp=01;35:*.pbm=01;35:*.pgm=01;35:*.ppm=01;35:*.tga=01;35:*.xbm=01;35:*.xpm=01;35:*.tif=01;35:*.tiff=01;35:*.png=01;35:*.svg=01;35:*.svgz=01;35:*.mng=01;35:*.pcx=01;35:*.mov=01;35:*.mpg=01;35:*.mpeg=01;35:*.m2v=01;35:*.mkv=01;35:*.webm=01;35:*.webp=01;35:*.ogm=01;35:*.mp4=01;35:*.m4v=01;35:*.mp4v=01;35:*.vob=01;35:*.qt=01;35:*.nuv=01;35:*.wmv=01;35:*.asf=01;35:*.rm=01;35:*.rmvb=01;35:*.flc=01;35:*.avi=01;35:*.fli=01;35:*.flv=01;35:*.gl=01;35:*.dl=01;35:*.xcf=01;35:*.xwd=01;35:*.yuv=01;35:*.cgm=01;35:*.emf=01;35:*.ogv=01;35:*.ogx=01;35:*.aac=00;36:*.au=00;36:*.flac=00;36:*.m4a=00;36:*.mid=00;36:*.midi=00;36:*.mka=00;36:*.mp3=00;36:*.mpc=00;36:*.ogg=00;36:*.ra=00;36:*.wav=00;36:*.oga=00;36:*.opus=00;36:*.spx=00;36:*.xspf=00;36:'), ('GNOME_TERMINAL_SERVICE', ':1.158'), ('SSH_AGENT_LAUNCHER', 'gnome-keyring'), ('SSH_AUTH_SOCK', '/run/user/1000/keyring/ssh'), ('AMENT_PREFIX_PATH', '/home/gowtham/crazyflie_ws/install/crazyflie_interfaces:/home/gowtham/swarm_ws/install/guidance_layer:/home/gowtham/swarm_ws/install/crazyflie_sim:/home/gowtham/swarm_ws/install/crazyflie_examples:/home/gowtham/swarm_ws/install/crazyflie_py:/home/gowtham/swarm_ws/install/crazyflie:/home/gowtham/swarm_ws/install/crazyflie_interfaces:/home/gowtham/swarm_ws/install/control_layer:/home/gowtham/swarm_ws/install/consensus_controller:/opt/ros/humble'), ('SHELL', '/bin/bash'), ('QT_ACCESSIBILITY', '1'), ('GDMSESSION', 'ubuntu'), ('LESSCLOSE', '/usr/bin/lesspipe %s %s'), ('QT_IM_MODULE', 'ibus'), ('PWD', '/home/gowtham/crazyflie_ws/build/crazyflie'), ('LC_ALL', 'en_US.UTF-8'), ('XDG_CONFIG_DIRS', '/etc/xdg/xdg-ubuntu:/etc/xdg'), ('XDG_DATA_DIRS', '/usr/share/ubuntu:/usr/local/share/:/usr/share/:/var/lib/snapd/desktop'), ('PYTHONPATH', '/home/gowtham/crazyflie_ws/install/crazyflie_interfaces/local/lib/python3.10/dist-packages:/home/gowtham/crazyflie-firmware/build:/home/gowtham/crazyflie-firmware/build:/home/gowtham/swarm_ws/install/guidance_layer/lib/python3.10/site-packages:/home/gowtham/swarm_ws/install/crazyflie_sim/local/lib/python3.10/dist-packages:/home/gowtham/swarm_ws/install/crazyflie_examples/local/lib/python3.10/dist-packages:/home/gowtham/swarm_ws/install/crazyflie_py/lib/python3.10/site-packages:/home/gowtham/swarm_ws/install/crazyflie_interfaces/local/lib/python3.10/dist-packages:/home/gowtham/swarm_ws/install/control_layer/lib/python3.10/site-packages:/home/gowtham/swarm_ws/install/consensus_controller/lib/python3.10/site-packages:/opt/ros/humble/lib/python3.10/site-packages:/opt/ros/humble/local/lib/python3.10/dist-packages'), ('COLCON', '1'), ('VTE_VERSION', '6800'), ('CMAKE_PREFIX_PATH', '/home/gowtham/crazyflie_ws/install/crazyflie_interfaces:/home/gowtham/swarm_ws/install/crazyflie_sim:/home/gowtham/swarm_ws/install/crazyflie_examples:/home/gowtham/swarm_ws/install/crazyflie:/home/gowtham/swarm_ws/install/crazyflie_interfaces:/home/gowtham/swarm_ws/install/guidance_layer:/home/gowtham/swarm_ws/install/crazyflie_py:/home/gowtham/swarm_ws/install/control_layer:/home/gowtham/swarm_ws/install/consensus_controller:/opt/ros/humble')]), 'shell': False}
[3.936130] (-) TimerEvent: {}
[3.946337] (crazyflie) StdoutLine: {'line': b'-- Install configuration: ""\n'}
[3.947424] (crazyflie) StdoutLine: {'line': b'-- Execute custom install script\n'}
[3.948441] (crazyflie) StdoutLine: {'line': b'-- Up-to-date symlink: /home/gowtham/crazyflie_ws/install/crazyflie/lib/crazyflie/comCheck\n'}
[3.948847] (crazyflie) StdoutLine: {'line': b'-- Up-to-date symlink: /home/gowtham/crazyflie_ws/install/crazyflie/lib/crazyflie/scan\n'}
[3.950098] (crazyflie) StdoutLine: {'line': b'-- Up-to-date symlink: /home/gowtham/crazyflie_ws/install/crazyflie/lib/crazyflie/listParams\n'}
[3.950362] (crazyflie) StdoutLine: {'line': b'-- Up-to-date symlink: /home/gowtham/crazyflie_ws/install/crazyflie/lib/crazyflie/listLogVariables\n'}
[3.950600] (crazyflie) StdoutLine: {'line': b'-- Up-to-date symlink: /home/gowtham/crazyflie_ws/install/crazyflie/lib/crazyflie/listMemories\n'}
[3.951148] (crazyflie) StdoutLine: {'line': b'-- Up-to-date symlink: /home/gowtham/crazyflie_ws/install/crazyflie/lib/crazyflie/reboot\n'}
[3.951717] (crazyflie) StdoutLine: {'line': b'-- Up-to-date symlink: /home/gowtham/crazyflie_ws/install/crazyflie/lib/crazyflie/battery\n'}
[3.954004] (crazyflie) StdoutLine: {'line': b'-- Up-to-date symlink: /home/gowtham/crazyflie_ws/install/crazyflie/lib/crazyflie/version\n'}
[3.954221] (crazyflie) StdoutLine: {'line': b'-- Up-to-date symlink: /home/gowtham/crazyflie_ws/install/crazyflie/lib/crazyflie/console\n'}
[3.954332] (crazyflie) StdoutLine: {'line': b'-- Up-to-date symlink: /home/gowtham/crazyflie_ws/install/crazyflie/lib/crazyflie/log\n'}
[3.954441] (crazyflie) StdoutLine: {'line': b'-- Up-to-date symlink: /home/gowtham/crazyflie_ws/install/crazyflie/lib/crazyflie/setParam\n'}
[3.954625] (crazyflie) StdoutLine: {'line': b'-- Up-to-date symlink: /home/gowtham/crazyflie_ws/install/crazyflie/lib/crazyflie/downloadUSDLogfile\n'}
[3.954798] (crazyflie) StdoutLine: {'line': b'-- Up-to-date symlink: /home/gowtham/crazyflie_ws/install/crazyflie/lib/crazyflie/teleop\n'}
[3.955047] (crazyflie) StdoutLine: {'line': b'-- Up-to-date symlink: /home/gowtham/crazyflie_ws/install/crazyflie/lib/crazyflie/crazyflie_server\n'}
[3.955791] (crazyflie) StdoutLine: {'line': b'-- Up-to-date symlink: /home/gowtham/crazyflie_ws/install/crazyflie/lib/crazyflie/crazyflie_server.py\n'}
[3.956259] (crazyflie) StdoutLine: {'line': b'-- Up-to-date symlink: /home/gowtham/crazyflie_ws/install/crazyflie/lib/crazyflie/chooser.py\n'}
[3.957999] (crazyflie) StdoutLine: {'line': b'-- Up-to-date symlink: /home/gowtham/crazyflie_ws/install/crazyflie/lib/crazyflie/vel_mux.py\n'}
[3.958225] (crazyflie) StdoutLine: {'line': b'-- Up-to-date symlink: /home/gowtham/crazyflie_ws/install/crazyflie/lib/crazyflie/cfmult.py\n'}
[3.958346] (crazyflie) StdoutLine: {'line': b'-- Up-to-date symlink: /home/gowtham/crazyflie_ws/install/crazyflie/lib/crazyflie/simple_mapper_multiranger.py\n'}
[3.958711] (crazyflie) StdoutLine: {'line': b'-- Up-to-date symlink: /home/gowtham/crazyflie_ws/install/crazyflie/lib/crazyflie/aideck_streamer.py\n'}
[3.958925] (crazyflie) StdoutLine: {'line': b'-- Up-to-date symlink: /home/gowtham/crazyflie_ws/install/crazyflie/lib/crazyflie/gui.py\n'}
[3.960997] (crazyflie) StdoutLine: {'line': b'-- Up-to-date symlink: /home/gowtham/crazyflie_ws/install/crazyflie/lib/crazyflie/flash.py\n'}
[3.961221] (crazyflie) StdoutLine: {'line': b'-- Up-to-date symlink: /home/gowtham/crazyflie_ws/install/crazyflie/share/crazyflie//launch/launch.py\n'}
[3.961347] (crazyflie) StdoutLine: {'line': b'-- Up-to-date symlink: /home/gowtham/crazyflie_ws/install/crazyflie/share/crazyflie//launch/launch_teleop2.py\n'}
[3.961827] (crazyflie) StdoutLine: {'line': b'-- Up-to-date symlink: /home/gowtham/crazyflie_ws/install/crazyflie/share/crazyflie//launch/teleop_launch.py\n'}
[3.964071] (crazyflie) StdoutLine: {'line': b'-- Up-to-date symlink: /home/gowtham/crazyflie_ws/install/crazyflie/share/crazyflie//config/aideck_streamer.yaml\n'}
[3.965024] (crazyflie) StdoutLine: {'line': b'-- Up-to-date symlink: /home/gowtham/crazyflie_ws/install/crazyflie/share/crazyflie//config/config.rviz\n'}
[3.965209] (crazyflie) StdoutLine: {'line': b'-- Up-to-date symlink: /home/gowtham/crazyflie_ws/install/crazyflie/share/crazyflie//config/crazyflies.yaml\n'}
[3.965339] (crazyflie) StdoutLine: {'line': b'-- Up-to-date symlink: /home/gowtham/crazyflie_ws/install/crazyflie/share/crazyflie//config/motion_capture.yaml\n'}
[3.965449] (crazyflie) StdoutLine: {'line': b'-- Up-to-date symlink: /home/gowtham/crazyflie_ws/install/crazyflie/share/crazyflie//config/server.yaml\n'}
[3.965552] (crazyflie) StdoutLine: {'line': b'-- Up-to-date symlink: /home/gowtham/crazyflie_ws/install/crazyflie/share/crazyflie//config/teleop.yaml\n'}
[3.967456] (crazyflie) StdoutLine: {'line': b'-- Up-to-date symlink: /home/gowtham/crazyflie_ws/install/crazyflie/share/crazyflie//urdf/cf2_assembly.stl\n'}
[3.967686] (crazyflie) StdoutLine: {'line': b'-- Up-to-date symlink: /home/gowtham/crazyflie_ws/install/crazyflie/share/crazyflie//urdf/cf2_assembly_with_props.dae\n'}
[3.968371] (crazyflie) StdoutLine: {'line': b'-- Up-to-date symlink: /home/gowtham/crazyflie_ws/install/crazyflie/share/crazyflie//urdf/crazyflie_description.urdf\n'}
[3.968491] (crazyflie) StdoutLine: {'line': b'-- Up-to-date symlink: /home/gowtham/crazyflie_ws/install/crazyflie/share/ament_index/resource_index/package_run_dependencies/crazyflie\n'}
[3.969547] (crazyflie) StdoutLine: {'line': b'-- Up-to-date symlink: /home/gowtham/crazyflie_ws/install/crazyflie/share/ament_index/resource_index/parent_prefix_path/crazyflie\n'}
[3.969976] (crazyflie) StdoutLine: {'line': b'-- Up-to-date symlink: /home/gowtham/crazyflie_ws/install/crazyflie/share/crazyflie/environment/ament_prefix_path.sh\n'}
[3.971297] (crazyflie) StdoutLine: {'line': b'-- Up-to-date symlink: /home/gowtham/crazyflie_ws/install/crazyflie/share/crazyflie/environment/ament_prefix_path.dsv\n'}
[3.971517] (crazyflie) StdoutLine: {'line': b'-- Up-to-date symlink: /home/gowtham/crazyflie_ws/install/crazyflie/share/crazyflie/environment/path.sh\n'}
[3.971660] (crazyflie) StdoutLine: {'line': b'-- Up-to-date symlink: /home/gowtham/crazyflie_ws/install/crazyflie/share/crazyflie/environment/path.dsv\n'}
[3.971776] (crazyflie) StdoutLine: {'line': b'-- Up-to-date symlink: /home/gowtham/crazyflie_ws/install/crazyflie/share/crazyflie/local_setup.bash\n'}
[3.971881] (crazyflie) StdoutLine: {'line': b'-- Up-to-date symlink: /home/gowtham/crazyflie_ws/install/crazyflie/share/crazyflie/local_setup.sh\n'}
[3.972005] (crazyflie) StdoutLine: {'line': b'-- Up-to-date symlink: /home/gowtham/crazyflie_ws/install/crazyflie/share/crazyflie/local_setup.zsh\n'}
[3.972145] (crazyflie) StdoutLine: {'line': b'-- Up-to-date symlink: /home/gowtham/crazyflie_ws/install/crazyflie/share/crazyflie/local_setup.dsv\n'}
[3.972255] (crazyflie) StdoutLine: {'line': b'-- Symlinking: /home/gowtham/crazyflie_ws/install/crazyflie/share/crazyflie/package.dsv\n'}
[3.992025] (crazyflie) StdoutLine: {'line': b'-- Up-to-date symlink: /home/gowtham/crazyflie_ws/install/crazyflie/share/ament_index/resource_index/packages/crazyflie\n'}
[3.992271] (crazyflie) StdoutLine: {'line': b'-- Up-to-date symlink: /home/gowtham/crazyflie_ws/install/crazyflie/share/crazyflie/cmake/crazyflieConfig.cmake\n'}
[3.992507] (crazyflie) StdoutLine: {'line': b'-- Up-to-date symlink: /home/gowtham/crazyflie_ws/install/crazyflie/share/crazyflie/cmake/crazyflieConfig-version.cmake\n'}
[3.992623] (crazyflie) StdoutLine: {'line': b'-- Up-to-date symlink: /home/gowtham/crazyflie_ws/install/crazyflie/share/crazyflie/package.xml\n'}
[3.994685] (crazyflie) CommandEnded: {'returncode': 0}
[4.020799] (crazyflie) JobEnded: {'identifier': 'crazyflie', 'rc': 0}
[4.036242] (-) TimerEvent: {}
[4.069454] (crazyflie_py) StdoutLine: {'line': b'running egg_info\n'}
[4.069777] (crazyflie_py) StdoutLine: {'line': b'writing ../../../build/crazyflie_py/crazyflie_py.egg-info/PKG-INFO\n'}
[4.070574] (crazyflie_py) StdoutLine: {'line': b'writing dependency_links to ../../../build/crazyflie_py/crazyflie_py.egg-info/dependency_links.txt\n'}
[4.072019] (crazyflie_py) StdoutLine: {'line': b'writing entry points to ../../../build/crazyflie_py/crazyflie_py.egg-info/entry_points.txt\n'}
[4.072257] (crazyflie_py) StdoutLine: {'line': b'writing requirements to ../../../build/crazyflie_py/crazyflie_py.egg-info/requires.txt\n'}
[4.072382] (crazyflie_py) StdoutLine: {'line': b'writing top-level names to ../../../build/crazyflie_py/crazyflie_py.egg-info/top_level.txt\n'}
[4.075817] (crazyflie_py) StdoutLine: {'line': b"reading manifest file '../../../build/crazyflie_py/crazyflie_py.egg-info/SOURCES.txt'\n"}
[4.078102] (crazyflie_py) StdoutLine: {'line': b"writing manifest file '../../../build/crazyflie_py/crazyflie_py.egg-info/SOURCES.txt'\n"}
[4.078366] (crazyflie_py) StdoutLine: {'line': b'running build\n'}
[4.078484] (crazyflie_py) StdoutLine: {'line': b'running build_py\n'}
[4.080139] (crazyflie_py) StdoutLine: {'line': b'running install\n'}
[4.080844] (crazyflie_py) StdoutLine: {'line': b'running install_lib\n'}
[4.086913] (crazyflie_py) StdoutLine: {'line': b'running install_data\n'}
[4.087164] (crazyflie_py) StdoutLine: {'line': b'running install_egg_info\n'}
[4.088038] (crazyflie_py) StdoutLine: {'line': b"removing '/home/gowtham/crazyflie_ws/install/crazyflie_py/lib/python3.10/site-packages/crazyflie_py-1.0.3-py3.10.egg-info' (and everything under it)\n"}
[4.088632] (crazyflie_py) StdoutLine: {'line': b'Copying ../../../build/crazyflie_py/crazyflie_py.egg-info to /home/gowtham/crazyflie_ws/install/crazyflie_py/lib/python3.10/site-packages/crazyflie_py-1.0.3-py3.10.egg-info\n'}
[4.090324] (crazyflie_py) StdoutLine: {'line': b'running install_scripts\n'}
[4.130703] (crazyflie_py) StdoutLine: {'line': b"writing list of installed files to '/home/gowtham/crazyflie_ws/build/crazyflie_py/install.log'\n"}
[4.137732] (-) TimerEvent: {}
[4.187117] (crazyflie_py) CommandEnded: {'returncode': 0}
[4.194825] (crazyflie_py) JobEnded: {'identifier': 'crazyflie_py', 'rc': 0}
[4.195656] (crazyflie_examples) JobStarted: {'identifier': 'crazyflie_examples'}
[4.212120] (crazyflie_examples) JobProgress: {'identifier': 'crazyflie_examples', 'progress': 'cmake'}
[4.213117] (crazyflie_examples) JobProgress: {'identifier': 'crazyflie_examples', 'progress': 'build'}
[4.216266] (crazyflie_examples) Command: {'cmd': ['/usr/bin/cmake', '--build', '/home/gowtham/crazyflie_ws/build/crazyflie_examples', '--', '-j4', '-l4'], 'cwd': '/home/gowtham/crazyflie_ws/build/crazyflie_examples', 'env': OrderedDict([('LESSOPEN', '| /usr/bin/lesspipe %s'), ('LANGUAGE', 'en_IN:en'), ('USER', 'gowtham'), ('XDG_SESSION_TYPE', 'wayland'), ('SHLVL', '1'), ('LD_LIBRARY_PATH', '/home/gowtham/crazyflie_ws/install/crazyflie_interfaces/lib:/home/gowtham/swarm_ws/install/crazyflie_interfaces/lib:/opt/ros/humble/opt/rviz_ogre_vendor/lib:/opt/ros/humble/lib/x86_64-linux-gnu:/opt/ros/humble/lib'), ('HOME', '/home/gowtham'), ('DESKTOP_SESSION', 'ubuntu'), ('ROS_PYTHON_VERSION', '3'), ('GNOME_SHELL_SESSION_MODE', 'ubuntu'), ('GTK_MODULES', 'gail:atk-bridge'), ('SYSTEMD_EXEC_PID', '3236'), ('DBUS_SESSION_BUS_ADDRESS', 'unix:path=/run/user/1000/bus'), ('COLORTERM', 'truecolor'), ('IM_CONFIG_PHASE', '1'), ('WAYLAND_DISPLAY', 'wayland-0'), ('COLCON_PREFIX_PATH', '/home/gowtham/swarm_ws/install'), ('ROS_DISTRO', 'humble'), ('LOGNAME', 'gowtham'), ('_', '/usr/bin/colcon'), ('ROS_VERSION', '2'), ('XDG_SESSION_CLASS', 'user'), ('USERNAME', 'gowtham'), ('TERM', 'xterm-256color'), ('GNOME_DESKTOP_SESSION_ID', 'this-is-deprecated'), ('ROS_LOCALHOST_ONLY', '0'), ('PATH', '/opt/ros/humble/bin:/home/gowtham/.local/bin:/usr/local/sbin:/usr/local/bin:/usr/sbin:/usr/bin:/sbin:/bin:/usr/games:/usr/local/games:/snap/bin:/snap/bin:/home/gowtham/.local/bin'), ('SESSION_MANAGER', 'local/gowtham:@/tmp/.ICE-unix/872,unix/gowtham:/tmp/.ICE-unix/872'), ('XDG_MENU_PREFIX', 'gnome-'), ('GNOME_TERMINAL_SCREEN', '/org/gnome/Terminal/screen/879f9cde_222d_4d95_abca_5319a3551c7b'), ('GNOME_SETUP_DISPLAY', ':1'), ('XDG_RUNTIME_DIR', '/run/user/1000'), ('DISPLAY', ':0'), ('LANG', 'en_US.UTF-8'), ('XDG_CURRENT_DESKTOP', 'ubuntu:GNOME'), ('XMODIFIERS', '@im=ibus'), ('XDG_SESSION_DESKTOP', 'ubuntu'), ('XAUTHORITY', '/run/user/1000/.mutter-Xwaylandauth.X2DRQ3'), ('LS_COLORS', 'rs=0:di=01;34:ln=01;36:mh=00:pi=40;33:so=01;35:do=01;35:bd=40;33;01:cd=40;33;01:or=40;31;01:mi=00:su=37;41:sg=30;43:ca=30;41:tw=30;42:ow=34;42:st=37;44:ex=01;32:*.tar=01;31:*.tgz=01;31:*.arc=01;31:*.arj=01;31:*.taz=01;31:*.lha=01;31:*.lz4=01;31:*.lzh=01;31:*.lzma=01;31:*.tlz=01;31:*.txz=01;31:*.tzo=01;31:*.t7z=01;31:*.zip=01;31:*.z=01;31:*.dz=01;31:*.gz=01;31:*.lrz=01;31:*.lz=01;31:*.lzo=01;31:*.xz=01;31:*.zst=01;31:*.tzst=01;31:*.bz2=01;31:*.bz=01;31:*.tbz=01;31:*.tbz2=01;31:*.tz=01;31:*.deb=01;31:*.rpm=01;31:*.jar=01;31:*.war=01;31:*.ear=01;31:*.sar=01;31:*.rar=01;31:*.alz=01;31:*.ace=01;31:*.zoo=01;31:*.cpio=01;31:*.7z=01;31:*.rz=01;31:*.cab=01;31:*.wim=01;31:*.swm=01;31:*.dwm=01;31:*.esd=01;31:*.jpg=01;35:*.jpeg=01;35:*.mjpg=01;35:*.mjpeg=01;35:*.gif=01;35:*.bmp=01;35:*.pbm=01;35:*.pgm=01;35:*.ppm=01;35:*.tga=01;35:*.xbm=01;35:*.xpm=01;35:*.tif=01;35:*.tiff=01;35:*.png=01;35:*.svg=01;35:*.svgz=01;35:*.mng=01;35:*.pcx=01;35:*.mov=01;35:*.mpg=01;35:*.mpeg=01;35:*.m2v=01;35:*.mkv=01;35:*.webm=01;35:*.webp=01;35:*.ogm=01;35:*.mp4=01;35:*.m4v=01;35:*.mp4v=01;35:*.vob=01;35:*.qt=01;35:*.nuv=01;35:*.wmv=01;35:*.asf=01;35:*.rm=01;35:*.rmvb=01;35:*.flc=01;35:*.avi=01;35:*.fli=01;35:*.flv=01;35:*.gl=01;35:*.dl=01;35:*.xcf=01;35:*.xwd=01;35:*.yuv=01;35:*.cgm=01;35:*.emf=01;35:*.ogv=01;35:*.ogx=01;35:*.aac=00;36:*.au=00;36:*.flac=00;36:*.m4a=00;36:*.mid=00;36:*.midi=00;36:*.mka=00;36:*.mp3=00;36:*.mpc=00;36:*.ogg=00;36:*.ra=00;36:*.wav=00;36:*.oga=00;36:*.opus=00;36:*.spx=00;36:*.xspf=00;36:'), ('GNOME_TERMINAL_SERVICE', ':1.158'), ('SSH_AGENT_LAUNCHER', 'gnome-keyring'), ('SSH_AUTH_SOCK', '/run/user/1000/keyring/ssh'), ('AMENT_PREFIX_PATH', '/home/gowtham/crazyflie_ws/install/crazyflie_py:/home/gowtham/crazyflie_ws/install/crazyflie_interfaces:/home/gowtham/swarm_ws/install/guidance_layer:/home/gowtham/swarm_ws/install/crazyflie_sim:/home/gowtham/swarm_ws/install/crazyflie_examples:/home/gowtham/swarm_ws/install/crazyflie_py:/home/gowtham/swarm_ws/install/crazyflie:/home/gowtham/swarm_ws/install/crazyflie_interfaces:/home/gowtham/swarm_ws/install/control_layer:/home/gowtham/swarm_ws/install/consensus_controller:/opt/ros/humble'), ('SHELL', '/bin/bash'), ('QT_ACCESSIBILITY', '1'), ('GDMSESSION', 'ubuntu'), ('LESSCLOSE', '/usr/bin/lesspipe %s %s'), ('QT_IM_MODULE', 'ibus'), ('PWD', '/home/gowtham/crazyflie_ws/build/crazyflie_examples'), ('LC_ALL', 'en_US.UTF-8'), ('XDG_CONFIG_DIRS', '/etc/xdg/xdg-ubuntu:/etc/xdg'), ('XDG_DATA_DIRS', '/usr/share/ubuntu:/usr/local/share/:/usr/share/:/var/lib/snapd/desktop'), ('PYTHONPATH', '/home/gowtham/crazyflie_ws/install/crazyflie_py/lib/python3.10/site-packages:/home/gowtham/crazyflie_ws/install/crazyflie_interfaces/local/lib/python3.10/dist-packages:/home/gowtham/crazyflie-firmware/build:/home/gowtham/crazyflie-firmware/build:/home/gowtham/swarm_ws/install/guidance_layer/lib/python3.10/site-packages:/home/gowtham/swarm_ws/install/crazyflie_sim/local/lib/python3.10/dist-packages:/home/gowtham/swarm_ws/install/crazyflie_examples/local/lib/python3.10/dist-packages:/home/gowtham/swarm_ws/install/crazyflie_py/lib/python3.10/site-packages:/home/gowtham/swarm_ws/install/crazyflie_interfaces/local/lib/python3.10/dist-packages:/home/gowtham/swarm_ws/install/control_layer/lib/python3.10/site-packages:/home/gowtham/swarm_ws/install/consensus_controller/lib/python3.10/site-packages:/opt/ros/humble/lib/python3.10/site-packages:/opt/ros/humble/local/lib/python3.10/dist-packages'), ('COLCON', '1'), ('VTE_VERSION', '6800'), ('CMAKE_PREFIX_PATH', '/home/gowtham/crazyflie_ws/install/crazyflie_interfaces:/home/gowtham/swarm_ws/install/crazyflie_sim:/home/gowtham/swarm_ws/install/crazyflie_examples:/home/gowtham/swarm_ws/install/crazyflie:/home/gowtham/swarm_ws/install/crazyflie_interfaces:/home/gowtham/swarm_ws/install/guidance_layer:/home/gowtham/swarm_ws/install/crazyflie_py:/home/gowtham/swarm_ws/install/control_layer:/home/gowtham/swarm_ws/install/consensus_controller:/opt/ros/humble')]), 'shell': False}
[4.239029] (-) TimerEvent: {}
[4.335018] (crazyflie_examples) StdoutLine: {'line': b'Built target ament_cmake_python_symlink_crazyflie_examples_setup\n'}
[4.339163] (-) TimerEvent: {}
[4.339689] (crazyflie_examples) StdoutLine: {'line': b'Built target ament_cmake_python_symlink_crazyflie_examples\n'}
[4.369477] (crazyflie_sim) StdoutLine: {'line': b'running install_scripts\n'}
[4.374116] (crazyflie_sim) StderrLine: {'line': b'/usr/lib/python3/dist-packages/setuptools/command/install.py:34: SetuptoolsDeprecationWarning: setup.py install is deprecated. Use build and pip and other standards-based tools.\n'}
[4.374418] (crazyflie_sim) StderrLine: {'line': b'  warnings.warn(\n'}
[4.382114] (crazyflie_sim) StdoutLine: {'line': b'running egg_info\n'}
[4.383399] (crazyflie_sim) StdoutLine: {'line': b'writing crazyflie_sim.egg-info/PKG-INFO\n'}
[4.384059] (crazyflie_sim) StdoutLine: {'line': b'writing dependency_links to crazyflie_sim.egg-info/dependency_links.txt\n'}
[4.384596] (crazyflie_sim) StdoutLine: {'line': b'writing entry points to crazyflie_sim.egg-info/entry_points.txt\n'}
[4.385025] (crazyflie_sim) StdoutLine: {'line': b'writing top-level names to crazyflie_sim.egg-info/top_level.txt\n'}
[4.392071] (crazyflie_sim) StdoutLine: {'line': b"reading manifest file 'crazyflie_sim.egg-info/SOURCES.txt'\n"}
[4.393536] (crazyflie_sim) StdoutLine: {'line': b"writing manifest file 'crazyflie_sim.egg-info/SOURCES.txt'\n"}
[4.418216] (crazyflie_sim) StdoutLine: {'line': b'running egg_info\n'}
[4.420716] (crazyflie_sim) StdoutLine: {'line': b'writing crazyflie_sim.egg-info/PKG-INFO\n'}
[4.421023] (crazyflie_sim) StdoutLine: {'line': b'writing dependency_links to crazyflie_sim.egg-info/dependency_links.txt\n'}
[4.421857] (crazyflie_sim) StdoutLine: {'line': b'writing entry points to crazyflie_sim.egg-info/entry_points.txt\n'}
[4.422575] (crazyflie_sim) StdoutLine: {'line': b'writing top-level names to crazyflie_sim.egg-info/top_level.txt\n'}
[4.427780] (crazyflie_sim) StdoutLine: {'line': b"reading manifest file 'crazyflie_sim.egg-info/SOURCES.txt'\n"}
[4.428173] (crazyflie_sim) StdoutLine: {'line': b"writing manifest file 'crazyflie_sim.egg-info/SOURCES.txt'\n"}
[4.432992] (crazyflie_sim) StdoutLine: {'line': b'Installing crazyflie_server script to scripts\n'}
[4.439252] (-) TimerEvent: {}
[4.498056] (crazyflie_sim) StdoutLine: {'line': b'Built target ament_cmake_python_build_crazyflie_sim_egg\n'}
[4.511043] (crazyflie_sim) StdoutLine: {'line': b'Built target ament_cmake_python_build_crazyflie_sim_scripts\n'}
[4.531205] (crazyflie_sim) CommandEnded: {'returncode': 0}
[4.535930] (crazyflie_sim) JobProgress: {'identifier': 'crazyflie_sim', 'progress': 'install'}
[4.536048] (crazyflie_sim) Command: {'cmd': ['/usr/bin/cmake', '--install', '/home/gowtham/crazyflie_ws/build/crazyflie_sim'], 'cwd': '/home/gowtham/crazyflie_ws/build/crazyflie_sim', 'env': OrderedDict([('LESSOPEN', '| /usr/bin/lesspipe %s'), ('LANGUAGE', 'en_IN:en'), ('USER', 'gowtham'), ('XDG_SESSION_TYPE', 'wayland'), ('SHLVL', '1'), ('LD_LIBRARY_PATH', '/home/gowtham/crazyflie_ws/install/crazyflie_interfaces/lib:/home/gowtham/swarm_ws/install/crazyflie_interfaces/lib:/opt/ros/humble/opt/rviz_ogre_vendor/lib:/opt/ros/humble/lib/x86_64-linux-gnu:/opt/ros/humble/lib'), ('HOME', '/home/gowtham'), ('DESKTOP_SESSION', 'ubuntu'), ('ROS_PYTHON_VERSION', '3'), ('GNOME_SHELL_SESSION_MODE', 'ubuntu'), ('GTK_MODULES', 'gail:atk-bridge'), ('SYSTEMD_EXEC_PID', '3236'), ('DBUS_SESSION_BUS_ADDRESS', 'unix:path=/run/user/1000/bus'), ('COLORTERM', 'truecolor'), ('IM_CONFIG_PHASE', '1'), ('WAYLAND_DISPLAY', 'wayland-0'), ('COLCON_PREFIX_PATH', '/home/gowtham/swarm_ws/install'), ('ROS_DISTRO', 'humble'), ('LOGNAME', 'gowtham'), ('_', '/usr/bin/colcon'), ('ROS_VERSION', '2'), ('XDG_SESSION_CLASS', 'user'), ('USERNAME', 'gowtham'), ('TERM', 'xterm-256color'), ('GNOME_DESKTOP_SESSION_ID', 'this-is-deprecated'), ('ROS_LOCALHOST_ONLY', '0'), ('PATH', '/opt/ros/humble/bin:/home/gowtham/.local/bin:/usr/local/sbin:/usr/local/bin:/usr/sbin:/usr/bin:/sbin:/bin:/usr/games:/usr/local/games:/snap/bin:/snap/bin:/home/gowtham/.local/bin'), ('SESSION_MANAGER', 'local/gowtham:@/tmp/.ICE-unix/872,unix/gowtham:/tmp/.ICE-unix/872'), ('XDG_MENU_PREFIX', 'gnome-'), ('GNOME_TERMINAL_SCREEN', '/org/gnome/Terminal/screen/879f9cde_222d_4d95_abca_5319a3551c7b'), ('GNOME_SETUP_DISPLAY', ':1'), ('XDG_RUNTIME_DIR', '/run/user/1000'), ('DISPLAY', ':0'), ('LANG', 'en_US.UTF-8'), ('XDG_CURRENT_DESKTOP', 'ubuntu:GNOME'), ('XMODIFIERS', '@im=ibus'), ('XDG_SESSION_DESKTOP', 'ubuntu'), ('XAUTHORITY', '/run/user/1000/.mutter-Xwaylandauth.X2DRQ3'), ('LS_COLORS', 'rs=0:di=01;34:ln=01;36:mh=00:pi=40;33:so=01;35:do=01;35:bd=40;33;01:cd=40;33;01:or=40;31;01:mi=00:su=37;41:sg=30;43:ca=30;41:tw=30;42:ow=34;42:st=37;44:ex=01;32:*.tar=01;31:*.tgz=01;31:*.arc=01;31:*.arj=01;31:*.taz=01;31:*.lha=01;31:*.lz4=01;31:*.lzh=01;31:*.lzma=01;31:*.tlz=01;31:*.txz=01;31:*.tzo=01;31:*.t7z=01;31:*.zip=01;31:*.z=01;31:*.dz=01;31:*.gz=01;31:*.lrz=01;31:*.lz=01;31:*.lzo=01;31:*.xz=01;31:*.zst=01;31:*.tzst=01;31:*.bz2=01;31:*.bz=01;31:*.tbz=01;31:*.tbz2=01;31:*.tz=01;31:*.deb=01;31:*.rpm=01;31:*.jar=01;31:*.war=01;31:*.ear=01;31:*.sar=01;31:*.rar=01;31:*.alz=01;31:*.ace=01;31:*.zoo=01;31:*.cpio=01;31:*.7z=01;31:*.rz=01;31:*.cab=01;31:*.wim=01;31:*.swm=01;31:*.dwm=01;31:*.esd=01;31:*.jpg=01;35:*.jpeg=01;35:*.mjpg=01;35:*.mjpeg=01;35:*.gif=01;35:*.bmp=01;35:*.pbm=01;35:*.pgm=01;35:*.ppm=01;35:*.tga=01;35:*.xbm=01;35:*.xpm=01;35:*.tif=01;35:*.tiff=01;35:*.png=01;35:*.svg=01;35:*.svgz=01;35:*.mng=01;35:*.pcx=01;35:*.mov=01;35:*.mpg=01;35:*.mpeg=01;35:*.m2v=01;35:*.mkv=01;35:*.webm=01;35:*.webp=01;35:*.ogm=01;35:*.mp4=01;35:*.m4v=01;35:*.mp4v=01;35:*.vob=01;35:*.qt=01;35:*.nuv=01;35:*.wmv=01;35:*.asf=01;35:*.rm=01;35:*.rmvb=01;35:*.flc=01;35:*.avi=01;35:*.fli=01;35:*.flv=01;35:*.gl=01;35:*.dl=01;35:*.xcf=01;35:*.xwd=01;35:*.yuv=01;35:*.cgm=01;35:*.emf=01;35:*.ogv=01;35:*.ogx=01;35:*.aac=00;36:*.au=00;36:*.flac=00;36:*.m4a=00;36:*.mid=00;36:*.midi=00;36:*.mka=00;36:*.mp3=00;36:*.mpc=00;36:*.ogg=00;36:*.ra=00;36:*.wav=00;36:*.oga=00;36:*.opus=00;36:*.spx=00;36:*.xspf=00;36:'), ('GNOME_TERMINAL_SERVICE', ':1.158'), ('SSH_AGENT_LAUNCHER', 'gnome-keyring'), ('SSH_AUTH_SOCK', '/run/user/1000/keyring/ssh'), ('AMENT_PREFIX_PATH', '/home/gowtham/crazyflie_ws/install/crazyflie_interfaces:/home/gowtham/swarm_ws/install/guidance_layer:/home/gowtham/swarm_ws/install/crazyflie_sim:/home/gowtham/swarm_ws/install/crazyflie_examples:/home/gowtham/swarm_ws/install/crazyflie_py:/home/gowtham/swarm_ws/install/crazyflie:/home/gowtham/swarm_ws/install/crazyflie_interfaces:/home/gowtham/swarm_ws/install/control_layer:/home/gowtham/swarm_ws/install/consensus_controller:/opt/ros/humble'), ('SHELL', '/bin/bash'), ('QT_ACCESSIBILITY', '1'), ('GDMSESSION', 'ubuntu'), ('LESSCLOSE', '/usr/bin/lesspipe %s %s'), ('QT_IM_MODULE', 'ibus'), ('PWD', '/home/gowtham/crazyflie_ws/build/crazyflie_sim'), ('LC_ALL', 'en_US.UTF-8'), ('XDG_CONFIG_DIRS', '/etc/xdg/xdg-ubuntu:/etc/xdg'), ('XDG_DATA_DIRS', '/usr/share/ubuntu:/usr/local/share/:/usr/share/:/var/lib/snapd/desktop'), ('PYTHONPATH', '/home/gowtham/crazyflie_ws/install/crazyflie_interfaces/local/lib/python3.10/dist-packages:/home/gowtham/crazyflie-firmware/build:/home/gowtham/crazyflie-firmware/build:/home/gowtham/swarm_ws/install/guidance_layer/lib/python3.10/site-packages:/home/gowtham/swarm_ws/install/crazyflie_sim/local/lib/python3.10/dist-packages:/home/gowtham/swarm_ws/install/crazyflie_examples/local/lib/python3.10/dist-packages:/home/gowtham/swarm_ws/install/crazyflie_py/lib/python3.10/site-packages:/home/gowtham/swarm_ws/install/crazyflie_interfaces/local/lib/python3.10/dist-packages:/home/gowtham/swarm_ws/install/control_layer/lib/python3.10/site-packages:/home/gowtham/swarm_ws/install/consensus_controller/lib/python3.10/site-packages:/opt/ros/humble/lib/python3.10/site-packages:/opt/ros/humble/local/lib/python3.10/dist-packages'), ('COLCON', '1'), ('VTE_VERSION', '6800'), ('CMAKE_PREFIX_PATH', '/home/gowtham/crazyflie_ws/install/crazyflie_interfaces:/home/gowtham/swarm_ws/install/crazyflie_sim:/home/gowtham/swarm_ws/install/crazyflie_examples:/home/gowtham/swarm_ws/install/crazyflie:/home/gowtham/swarm_ws/install/crazyflie_interfaces:/home/gowtham/swarm_ws/install/guidance_layer:/home/gowtham/swarm_ws/install/crazyflie_py:/home/gowtham/swarm_ws/install/control_layer:/home/gowtham/swarm_ws/install/consensus_controller:/opt/ros/humble')]), 'shell': False}
[4.539346] (-) TimerEvent: {}
[4.547220] (crazyflie_sim) StdoutLine: {'line': b'-- Install configuration: ""\n'}
[4.548191] (crazyflie_sim) StdoutLine: {'line': b'-- Execute custom install script\n'}
[4.551120] (crazyflie_sim) StdoutLine: {'line': b'-- Up-to-date symlink: /home/gowtham/crazyflie_ws/install/crazyflie_sim/share/crazyflie_sim/environment/pythonpath.sh\n'}
[4.551331] (crazyflie_sim) StdoutLine: {'line': b'-- Up-to-date symlink: /home/gowtham/crazyflie_ws/install/crazyflie_sim/share/crazyflie_sim/environment/pythonpath.dsv\n'}
[4.551443] (crazyflie_sim) StdoutLine: {'line': b'-- Up-to-date symlink: /home/gowtham/crazyflie_ws/install/crazyflie_sim/local/lib/python3.10/dist-packages/crazyflie_sim-1.0.3-py3.10.egg-info/PKG-INFO\n'}
[4.551545] (crazyflie_sim) StdoutLine: {'line': b'-- Up-to-date symlink: /home/gowtham/crazyflie_ws/install/crazyflie_sim/local/lib/python3.10/dist-packages/crazyflie_sim-1.0.3-py3.10.egg-info/SOURCES.txt\n'}
[4.552871] (crazyflie_sim) StdoutLine: {'line': b'-- Up-to-date symlink: /home/gowtham/crazyflie_ws/install/crazyflie_sim/local/lib/python3.10/dist-packages/crazyflie_sim-1.0.3-py3.10.egg-info/dependency_links.txt\n'}
[4.553748] (crazyflie_sim) StdoutLine: {'line': b'-- Up-to-date symlink: /home/gowtham/crazyflie_ws/install/crazyflie_sim/local/lib/python3.10/dist-packages/crazyflie_sim-1.0.3-py3.10.egg-info/entry_points.txt\n'}
[4.553962] (crazyflie_sim) StdoutLine: {'line': b'-- Up-to-date symlink: /home/gowtham/crazyflie_ws/install/crazyflie_sim/local/lib/python3.10/dist-packages/crazyflie_sim-1.0.3-py3.10.egg-info/top_level.txt\n'}
[4.554094] (crazyflie_sim) StdoutLine: {'line': b'-- Up-to-date symlink: /home/gowtham/crazyflie_ws/install/crazyflie_sim/lib/crazyflie_sim//crazyflie_server\n'}
[4.557103] (crazyflie_sim) StdoutLine: {'line': b'-- Up-to-date symlink: /home/gowtham/crazyflie_ws/install/crazyflie_sim/local/lib/python3.10/dist-packages/crazyflie_sim/__init__.py\n'}
[4.557854] (crazyflie_sim) StdoutLine: {'line': b'-- Up-to-date symlink: /home/gowtham/crazyflie_ws/install/crazyflie_sim/local/lib/python3.10/dist-packages/crazyflie_sim/backend/data/dynobench/crazyflie2.yaml\n'}
[4.558295] (crazyflie_sim) StdoutLine: {'line': b'-- Up-to-date symlink: /home/gowtham/crazyflie_ws/install/crazyflie_sim/local/lib/python3.10/dist-packages/crazyflie_sim/backend/data/neuralswarm2/phi_G.pth\n'}
[4.558620] (crazyflie_sim) StdoutLine: {'line': b'-- Up-to-date symlink: /home/gowtham/crazyflie_ws/install/crazyflie_sim/local/lib/python3.10/dist-packages/crazyflie_sim/backend/data/neuralswarm2/phi_L.pth\n'}
[4.558936] (crazyflie_sim) StdoutLine: {'line': b'-- Up-to-date symlink: /home/gowtham/crazyflie_ws/install/crazyflie_sim/local/lib/python3.10/dist-packages/crazyflie_sim/backend/data/neuralswarm2/phi_S.pth\n'}
[4.559269] (crazyflie_sim) StdoutLine: {'line': b'-- Up-to-date symlink: /home/gowtham/crazyflie_ws/install/crazyflie_sim/local/lib/python3.10/dist-packages/crazyflie_sim/backend/data/neuralswarm2/rho_L.pth\n'}
[4.559587] (crazyflie_sim) StdoutLine: {'line': b'-- Up-to-date symlink: /home/gowtham/crazyflie_ws/install/crazyflie_sim/local/lib/python3.10/dist-packages/crazyflie_sim/backend/data/neuralswarm2/rho_S.pth\n'}
[4.560033] (crazyflie_sim) StdoutLine: {'line': b'-- Up-to-date symlink: /home/gowtham/crazyflie_ws/install/crazyflie_sim/local/lib/python3.10/dist-packages/crazyflie_sim/backend/data/pinocchio/crazyflie2.urdf\n'}
[4.560351] (crazyflie_sim) StdoutLine: {'line': b'-- Up-to-date symlink: /home/gowtham/crazyflie_ws/install/crazyflie_sim/local/lib/python3.10/dist-packages/crazyflie_sim/backend/dynobench.py\n'}
[4.560664] (crazyflie_sim) StdoutLine: {'line': b'-- Up-to-date symlink: /home/gowtham/crazyflie_ws/install/crazyflie_sim/local/lib/python3.10/dist-packages/crazyflie_sim/backend/neuralswarm.py\n'}
[4.560980] (crazyflie_sim) StdoutLine: {'line': b'-- Up-to-date symlink: /home/gowtham/crazyflie_ws/install/crazyflie_sim/local/lib/python3.10/dist-packages/crazyflie_sim/backend/none.py\n'}
[4.561310] (crazyflie_sim) StdoutLine: {'line': b'-- Up-to-date symlink: /home/gowtham/crazyflie_ws/install/crazyflie_sim/local/lib/python3.10/dist-packages/crazyflie_sim/backend/np.py\n'}
[4.561628] (crazyflie_sim) StdoutLine: {'line': b'-- Up-to-date symlink: /home/gowtham/crazyflie_ws/install/crazyflie_sim/local/lib/python3.10/dist-packages/crazyflie_sim/backend/pinocchio.py\n'}
[4.561926] (crazyflie_sim) StdoutLine: {'line': b'-- Up-to-date symlink: /home/gowtham/crazyflie_ws/install/crazyflie_sim/local/lib/python3.10/dist-packages/crazyflie_sim/crazyflie_server.py\n'}
[4.562256] (crazyflie_sim) StdoutLine: {'line': b'-- Up-to-date symlink: /home/gowtham/crazyflie_ws/install/crazyflie_sim/local/lib/python3.10/dist-packages/crazyflie_sim/crazyflie_sil.py\n'}
[4.562560] (crazyflie_sim) StdoutLine: {'line': b'-- Up-to-date symlink: /home/gowtham/crazyflie_ws/install/crazyflie_sim/local/lib/python3.10/dist-packages/crazyflie_sim/sim_data_types.py\n'}
[4.563008] (crazyflie_sim) StdoutLine: {'line': b'-- Up-to-date symlink: /home/gowtham/crazyflie_ws/install/crazyflie_sim/local/lib/python3.10/dist-packages/crazyflie_sim/visualization/README.md\n'}
[4.563333] (crazyflie_sim) StdoutLine: {'line': b'-- Up-to-date symlink: /home/gowtham/crazyflie_ws/install/crazyflie_sim/local/lib/python3.10/dist-packages/crazyflie_sim/visualization/blender.py\n'}
[4.563762] (crazyflie_sim) StdoutLine: {'line': b'-- Up-to-date symlink: /home/gowtham/crazyflie_ws/install/crazyflie_sim/local/lib/python3.10/dist-packages/crazyflie_sim/visualization/data/README.md\n'}
[4.564187] (crazyflie_sim) StdoutLine: {'line': b'-- Up-to-date symlink: /home/gowtham/crazyflie_ws/install/crazyflie_sim/local/lib/python3.10/dist-packages/crazyflie_sim/visualization/data/env/abandoned_greenhouse.jpg\n'}
[4.564514] (crazyflie_sim) StdoutLine: {'line': b'-- Up-to-date symlink: /home/gowtham/crazyflie_ws/install/crazyflie_sim/local/lib/python3.10/dist-packages/crazyflie_sim/visualization/data/env/aerodynamics_workshop.jpg\n'}
[4.564909] (crazyflie_sim) StdoutLine: {'line': b'-- Up-to-date symlink: /home/gowtham/crazyflie_ws/install/crazyflie_sim/local/lib/python3.10/dist-packages/crazyflie_sim/visualization/data/env/aviation_museum.jpg\n'}
[4.565329] (crazyflie_sim) StdoutLine: {'line': b'-- Up-to-date symlink: /home/gowtham/crazyflie_ws/install/crazyflie_sim/local/lib/python3.10/dist-packages/crazyflie_sim/visualization/data/env/crosswalk.jpg\n'}
[4.569233] (crazyflie_sim) StdoutLine: {'line': b'-- Up-to-date symlink: /home/gowtham/crazyflie_ws/install/crazyflie_sim/local/lib/python3.10/dist-packages/crazyflie_sim/visualization/data/env/derelict_overpass.jpg\n'}
[4.569501] (crazyflie_sim) StdoutLine: {'line': b'-- Up-to-date symlink: /home/gowtham/crazyflie_ws/install/crazyflie_sim/local/lib/python3.10/dist-packages/crazyflie_sim/visualization/data/env/env.jpg\n'}
[4.569694] (crazyflie_sim) StdoutLine: {'line': b'-- Up-to-date symlink: /home/gowtham/crazyflie_ws/install/crazyflie_sim/local/lib/python3.10/dist-packages/crazyflie_sim/visualization/data/env/lago_disola.jpg\n'}
[4.571756] (crazyflie_sim) StdoutLine: {'line': b'-- Up-to-date symlink: /home/gowtham/crazyflie_ws/install/crazyflie_sim/local/lib/python3.10/dist-packages/crazyflie_sim/visualization/data/env/lake_pier.jpg\n'}
[4.572129] (crazyflie_sim) StdoutLine: {'line': b'-- Up-to-date symlink: /home/gowtham/crazyflie_ws/install/crazyflie_sim/local/lib/python3.10/dist-packages/crazyflie_sim/visualization/data/env/machine_shop.jpg\n'}
[4.572478] (crazyflie_sim) StdoutLine: {'line': b'-- Up-to-date symlink: /home/gowtham/crazyflie_ws/install/crazyflie_sim/local/lib/python3.10/dist-packages/crazyflie_sim/visualization/data/env/museumplein.jpg\n'}
[4.572805] (crazyflie_sim) StdoutLine: {'line': b'-- Up-to-date symlink: /home/gowtham/crazyflie_ws/install/crazyflie_sim/local/lib/python3.10/dist-packages/crazyflie_sim/visualization/data/env/peppermint_powerplant.jpg\n'}
[4.573834] (crazyflie_sim) StdoutLine: {'line': b'-- Up-to-date symlink: /home/gowtham/crazyflie_ws/install/crazyflie_sim/local/lib/python3.10/dist-packages/crazyflie_sim/visualization/data/env/studio_garden.jpg\n'}
[4.574283] (crazyflie_sim) StdoutLine: {'line': b'-- Up-to-date symlink: /home/gowtham/crazyflie_ws/install/crazyflie_sim/local/lib/python3.10/dist-packages/crazyflie_sim/visualization/data/model/cf.mtl\n'}
[4.574613] (crazyflie_sim) StdoutLine: {'line': b'-- Up-to-date symlink: /home/gowtham/crazyflie_ws/install/crazyflie_sim/local/lib/python3.10/dist-packages/crazyflie_sim/visualization/data/model/cf.obj\n'}
[4.574926] (crazyflie_sim) StdoutLine: {'line': b'-- Up-to-date symlink: /home/gowtham/crazyflie_ws/install/crazyflie_sim/local/lib/python3.10/dist-packages/crazyflie_sim/visualization/pdf.py\n'}
[4.575263] (crazyflie_sim) StdoutLine: {'line': b'-- Up-to-date symlink: /home/gowtham/crazyflie_ws/install/crazyflie_sim/local/lib/python3.10/dist-packages/crazyflie_sim/visualization/record_states.py\n'}
[4.575568] (crazyflie_sim) StdoutLine: {'line': b'-- Up-to-date symlink: /home/gowtham/crazyflie_ws/install/crazyflie_sim/local/lib/python3.10/dist-packages/crazyflie_sim/visualization/rviz.py\n'}
[4.576159] (crazyflie_sim) StdoutLine: {'line': b'-- Up-to-date symlink: /home/gowtham/crazyflie_ws/install/crazyflie_sim/share/ament_index/resource_index/package_run_dependencies/crazyflie_sim\n'}
[4.576754] (crazyflie_sim) StdoutLine: {'line': b'-- Up-to-date symlink: /home/gowtham/crazyflie_ws/install/crazyflie_sim/share/ament_index/resource_index/parent_prefix_path/crazyflie_sim\n'}
[4.577246] (crazyflie_sim) StdoutLine: {'line': b'-- Up-to-date symlink: /home/gowtham/crazyflie_ws/install/crazyflie_sim/share/crazyflie_sim/environment/ament_prefix_path.sh\n'}
[4.577575] (crazyflie_sim) StdoutLine: {'line': b'-- Up-to-date symlink: /home/gowtham/crazyflie_ws/install/crazyflie_sim/share/crazyflie_sim/environment/ament_prefix_path.dsv\n'}
[4.578054] (crazyflie_sim) StdoutLine: {'line': b'-- Up-to-date symlink: /home/gowtham/crazyflie_ws/install/crazyflie_sim/share/crazyflie_sim/environment/path.sh\n'}
[4.578374] (crazyflie_sim) StdoutLine: {'line': b'-- Up-to-date symlink: /home/gowtham/crazyflie_ws/install/crazyflie_sim/share/crazyflie_sim/environment/path.dsv\n'}
[4.578818] (crazyflie_sim) StdoutLine: {'line': b'-- Up-to-date symlink: /home/gowtham/crazyflie_ws/install/crazyflie_sim/share/crazyflie_sim/local_setup.bash\n'}
[4.579293] (crazyflie_sim) StdoutLine: {'line': b'-- Up-to-date symlink: /home/gowtham/crazyflie_ws/install/crazyflie_sim/share/crazyflie_sim/local_setup.sh\n'}
[4.580496] (crazyflie_sim) StdoutLine: {'line': b'-- Up-to-date symlink: /home/gowtham/crazyflie_ws/install/crazyflie_sim/share/crazyflie_sim/local_setup.zsh\n'}
[4.580724] (crazyflie_sim) StdoutLine: {'line': b'-- Up-to-date symlink: /home/gowtham/crazyflie_ws/install/crazyflie_sim/share/crazyflie_sim/local_setup.dsv\n'}
[4.580840] (crazyflie_sim) StdoutLine: {'line': b'-- Symlinking: /home/gowtham/crazyflie_ws/install/crazyflie_sim/share/crazyflie_sim/package.dsv\n'}
[4.601469] (crazyflie_sim) StdoutLine: {'line': b'-- Up-to-date symlink: /home/gowtham/crazyflie_ws/install/crazyflie_sim/share/ament_index/resource_index/packages/crazyflie_sim\n'}
[4.601830] (crazyflie_sim) StdoutLine: {'line': b'-- Up-to-date symlink: /home/gowtham/crazyflie_ws/install/crazyflie_sim/share/crazyflie_sim/cmake/crazyflie_simConfig.cmake\n'}
[4.603556] (crazyflie_sim) StdoutLine: {'line': b'-- Up-to-date symlink: /home/gowtham/crazyflie_ws/install/crazyflie_sim/share/crazyflie_sim/cmake/crazyflie_simConfig-version.cmake\n'}
[4.605186] (crazyflie_sim) StdoutLine: {'line': b'-- Up-to-date symlink: /home/gowtham/crazyflie_ws/install/crazyflie_sim/share/crazyflie_sim/package.xml\n'}
[4.639448] (-) TimerEvent: {}
[4.671048] (crazyflie_sim) StdoutLine: {'line': b"Listing '/home/gowtham/crazyflie_ws/install/crazyflie_sim/local/lib/python3.10/dist-packages/crazyflie_sim'...\n"}
[4.671321] (crazyflie_sim) StdoutLine: {'line': b"Listing '/home/gowtham/crazyflie_ws/install/crazyflie_sim/local/lib/python3.10/dist-packages/crazyflie_sim/backend'...\n"}
[4.672255] (crazyflie_sim) StdoutLine: {'line': b"Listing '/home/gowtham/crazyflie_ws/install/crazyflie_sim/local/lib/python3.10/dist-packages/crazyflie_sim/backend/data'...\n"}
[4.672480] (crazyflie_sim) StdoutLine: {'line': b"Listing '/home/gowtham/crazyflie_ws/install/crazyflie_sim/local/lib/python3.10/dist-packages/crazyflie_sim/backend/data/dynobench'...\n"}
[4.672612] (crazyflie_sim) StdoutLine: {'line': b"Listing '/home/gowtham/crazyflie_ws/install/crazyflie_sim/local/lib/python3.10/dist-packages/crazyflie_sim/backend/data/neuralswarm2'...\n"}
[4.672738] (crazyflie_sim) StdoutLine: {'line': b"Listing '/home/gowtham/crazyflie_ws/install/crazyflie_sim/local/lib/python3.10/dist-packages/crazyflie_sim/backend/data/pinocchio'...\n"}
[4.672861] (crazyflie_sim) StdoutLine: {'line': b"Listing '/home/gowtham/crazyflie_ws/install/crazyflie_sim/local/lib/python3.10/dist-packages/crazyflie_sim/visualization'...\n"}
[4.673000] (crazyflie_sim) StdoutLine: {'line': b"Listing '/home/gowtham/crazyflie_ws/install/crazyflie_sim/local/lib/python3.10/dist-packages/crazyflie_sim/visualization/data'...\n"}
[4.673136] (crazyflie_sim) StdoutLine: {'line': b"Listing '/home/gowtham/crazyflie_ws/install/crazyflie_sim/local/lib/python3.10/dist-packages/crazyflie_sim/visualization/data/env'...\n"}
[4.673259] (crazyflie_sim) StdoutLine: {'line': b"Listing '/home/gowtham/crazyflie_ws/install/crazyflie_sim/local/lib/python3.10/dist-packages/crazyflie_sim/visualization/data/model'...\n"}
[4.685471] (crazyflie_sim) CommandEnded: {'returncode': 0}
[4.708067] (crazyflie_sim) JobEnded: {'identifier': 'crazyflie_sim', 'rc': 0}
[4.739570] (-) TimerEvent: {}
[4.839924] (-) TimerEvent: {}
[4.883044] (crazyflie_examples) StdoutLine: {'line': b'running egg_info\n'}
[4.884532] (crazyflie_examples) StdoutLine: {'line': b'writing crazyflie_examples.egg-info/PKG-INFO\n'}
[4.884942] (crazyflie_examples) StdoutLine: {'line': b'writing dependency_links to crazyflie_examples.egg-info/dependency_links.txt\n'}
[4.885372] (crazyflie_examples) StdoutLine: {'line': b'writing entry points to crazyflie_examples.egg-info/entry_points.txt\n'}
[4.885650] (crazyflie_examples) StdoutLine: {'line': b'writing top-level names to crazyflie_examples.egg-info/top_level.txt\n'}
[4.890108] (crazyflie_examples) StdoutLine: {'line': b'running install_scripts\n'}
[4.890412] (crazyflie_examples) StdoutLine: {'line': b"reading manifest file 'crazyflie_examples.egg-info/SOURCES.txt'\n"}
[4.891698] (crazyflie_examples) StdoutLine: {'line': b"writing manifest file 'crazyflie_examples.egg-info/SOURCES.txt'\n"}
[4.893346] (crazyflie_examples) StderrLine: {'line': b'/usr/lib/python3/dist-packages/setuptools/command/install.py:34: SetuptoolsDeprecationWarning: setup.py install is deprecated. Use build and pip and other standards-based tools.\n'}
[4.893690] (crazyflie_examples) StderrLine: {'line': b'  warnings.warn(\n'}
[4.928469] (crazyflie_examples) StdoutLine: {'line': b'running egg_info\n'}
[4.929739] (crazyflie_examples) StdoutLine: {'line': b'writing crazyflie_examples.egg-info/PKG-INFO\n'}
[4.930063] (crazyflie_examples) StdoutLine: {'line': b'writing dependency_links to crazyflie_examples.egg-info/dependency_links.txt\n'}
[4.930325] (crazyflie_examples) StdoutLine: {'line': b'writing entry points to crazyflie_examples.egg-info/entry_points.txt\n'}
[4.930528] (crazyflie_examples) StdoutLine: {'line': b'writing top-level names to crazyflie_examples.egg-info/top_level.txt\n'}
[4.935035] (crazyflie_examples) StdoutLine: {'line': b"reading manifest file 'crazyflie_examples.egg-info/SOURCES.txt'\n"}
[4.935631] (crazyflie_examples) StdoutLine: {'line': b"writing manifest file 'crazyflie_examples.egg-info/SOURCES.txt'\n"}
[4.939520] (crazyflie_examples) StdoutLine: {'line': b'Installing arming script to scripts\n'}
[4.939796] (crazyflie_examples) StdoutLine: {'line': b'Installing cmd_full_state script to scripts\n'}
[4.939936] (-) TimerEvent: {}
[4.940177] (crazyflie_examples) StdoutLine: {'line': b'Installing figure8 script to scripts\n'}
[4.940407] (crazyflie_examples) StdoutLine: {'line': b'Installing goto_unicast script to scripts\n'}
[4.940540] (crazyflie_examples) StdoutLine: {'line': b'Installing group_mask script to scripts\n'}
[4.940673] (crazyflie_examples) StdoutLine: {'line': b'Installing hello_world script to scripts\n'}
[4.940867] (crazyflie_examples) StdoutLine: {'line': b'Installing infinite_flight script to scripts\n'}
[4.941040] (crazyflie_examples) StdoutLine: {'line': b'Installing multi_trajectory script to scripts\n'}
[4.941175] (crazyflie_examples) StdoutLine: {'line': b'Installing nice_hover script to scripts\n'}
[4.941303] (crazyflie_examples) StdoutLine: {'line': b'Installing set_param script to scripts\n'}
[4.941691] (crazyflie_examples) StdoutLine: {'line': b'Installing swap script to scripts\n'}
[4.946109] (crazyflie_examples) StdoutLine: {'line': b'Built target ament_cmake_python_build_crazyflie_examples_egg\n'}
[4.996126] (crazyflie_examples) StdoutLine: {'line': b'Built target ament_cmake_python_build_crazyflie_examples_scripts\n'}
[5.018500] (crazyflie_examples) CommandEnded: {'returncode': 0}
[5.019934] (crazyflie_examples) JobProgress: {'identifier': 'crazyflie_examples', 'progress': 'install'}
[5.020192] (crazyflie_examples) Command: {'cmd': ['/usr/bin/cmake', '--install', '/home/gowtham/crazyflie_ws/build/crazyflie_examples'], 'cwd': '/home/gowtham/crazyflie_ws/build/crazyflie_examples', 'env': OrderedDict([('LESSOPEN', '| /usr/bin/lesspipe %s'), ('LANGUAGE', 'en_IN:en'), ('USER', 'gowtham'), ('XDG_SESSION_TYPE', 'wayland'), ('SHLVL', '1'), ('LD_LIBRARY_PATH', '/home/gowtham/crazyflie_ws/install/crazyflie_interfaces/lib:/home/gowtham/swarm_ws/install/crazyflie_interfaces/lib:/opt/ros/humble/opt/rviz_ogre_vendor/lib:/opt/ros/humble/lib/x86_64-linux-gnu:/opt/ros/humble/lib'), ('HOME', '/home/gowtham'), ('DESKTOP_SESSION', 'ubuntu'), ('ROS_PYTHON_VERSION', '3'), ('GNOME_SHELL_SESSION_MODE', 'ubuntu'), ('GTK_MODULES', 'gail:atk-bridge'), ('SYSTEMD_EXEC_PID', '3236'), ('DBUS_SESSION_BUS_ADDRESS', 'unix:path=/run/user/1000/bus'), ('COLORTERM', 'truecolor'), ('IM_CONFIG_PHASE', '1'), ('WAYLAND_DISPLAY', 'wayland-0'), ('COLCON_PREFIX_PATH', '/home/gowtham/swarm_ws/install'), ('ROS_DISTRO', 'humble'), ('LOGNAME', 'gowtham'), ('_', '/usr/bin/colcon'), ('ROS_VERSION', '2'), ('XDG_SESSION_CLASS', 'user'), ('USERNAME', 'gowtham'), ('TERM', 'xterm-256color'), ('GNOME_DESKTOP_SESSION_ID', 'this-is-deprecated'), ('ROS_LOCALHOST_ONLY', '0'), ('PATH', '/opt/ros/humble/bin:/home/gowtham/.local/bin:/usr/local/sbin:/usr/local/bin:/usr/sbin:/usr/bin:/sbin:/bin:/usr/games:/usr/local/games:/snap/bin:/snap/bin:/home/gowtham/.local/bin'), ('SESSION_MANAGER', 'local/gowtham:@/tmp/.ICE-unix/872,unix/gowtham:/tmp/.ICE-unix/872'), ('XDG_MENU_PREFIX', 'gnome-'), ('GNOME_TERMINAL_SCREEN', '/org/gnome/Terminal/screen/879f9cde_222d_4d95_abca_5319a3551c7b'), ('GNOME_SETUP_DISPLAY', ':1'), ('XDG_RUNTIME_DIR', '/run/user/1000'), ('DISPLAY', ':0'), ('LANG', 'en_US.UTF-8'), ('XDG_CURRENT_DESKTOP', 'ubuntu:GNOME'), ('XMODIFIERS', '@im=ibus'), ('XDG_SESSION_DESKTOP', 'ubuntu'), ('XAUTHORITY', '/run/user/1000/.mutter-Xwaylandauth.X2DRQ3'), ('LS_COLORS', 'rs=0:di=01;34:ln=01;36:mh=00:pi=40;33:so=01;35:do=01;35:bd=40;33;01:cd=40;33;01:or=40;31;01:mi=00:su=37;41:sg=30;43:ca=30;41:tw=30;42:ow=34;42:st=37;44:ex=01;32:*.tar=01;31:*.tgz=01;31:*.arc=01;31:*.arj=01;31:*.taz=01;31:*.lha=01;31:*.lz4=01;31:*.lzh=01;31:*.lzma=01;31:*.tlz=01;31:*.txz=01;31:*.tzo=01;31:*.t7z=01;31:*.zip=01;31:*.z=01;31:*.dz=01;31:*.gz=01;31:*.lrz=01;31:*.lz=01;31:*.lzo=01;31:*.xz=01;31:*.zst=01;31:*.tzst=01;31:*.bz2=01;31:*.bz=01;31:*.tbz=01;31:*.tbz2=01;31:*.tz=01;31:*.deb=01;31:*.rpm=01;31:*.jar=01;31:*.war=01;31:*.ear=01;31:*.sar=01;31:*.rar=01;31:*.alz=01;31:*.ace=01;31:*.zoo=01;31:*.cpio=01;31:*.7z=01;31:*.rz=01;31:*.cab=01;31:*.wim=01;31:*.swm=01;31:*.dwm=01;31:*.esd=01;31:*.jpg=01;35:*.jpeg=01;35:*.mjpg=01;35:*.mjpeg=01;35:*.gif=01;35:*.bmp=01;35:*.pbm=01;35:*.pgm=01;35:*.ppm=01;35:*.tga=01;35:*.xbm=01;35:*.xpm=01;35:*.tif=01;35:*.tiff=01;35:*.png=01;35:*.svg=01;35:*.svgz=01;35:*.mng=01;35:*.pcx=01;35:*.mov=01;35:*.mpg=01;35:*.mpeg=01;35:*.m2v=01;35:*.mkv=01;35:*.webm=01;35:*.webp=01;35:*.ogm=01;35:*.mp4=01;35:*.m4v=01;35:*.mp4v=01;35:*.vob=01;35:*.qt=01;35:*.nuv=01;35:*.wmv=01;35:*.asf=01;35:*.rm=01;35:*.rmvb=01;35:*.flc=01;35:*.avi=01;35:*.fli=01;35:*.flv=01;35:*.gl=01;35:*.dl=01;35:*.xcf=01;35:*.xwd=01;35:*.yuv=01;35:*.cgm=01;35:*.emf=01;35:*.ogv=01;35:*.ogx=01;35:*.aac=00;36:*.au=00;36:*.flac=00;36:*.m4a=00;36:*.mid=00;36:*.midi=00;36:*.mka=00;36:*.mp3=00;36:*.mpc=00;36:*.ogg=00;36:*.ra=00;36:*.wav=00;36:*.oga=00;36:*.opus=00;36:*.spx=00;36:*.xspf=00;36:'), ('GNOME_TERMINAL_SERVICE', ':1.158'), ('SSH_AGENT_LAUNCHER', 'gnome-keyring'), ('SSH_AUTH_SOCK', '/run/user/1000/keyring/ssh'), ('AMENT_PREFIX_PATH', '/home/gowtham/crazyflie_ws/install/crazyflie_py:/home/gowtham/crazyflie_ws/install/crazyflie_interfaces:/home/gowtham/swarm_ws/install/guidance_layer:/home/gowtham/swarm_ws/install/crazyflie_sim:/home/gowtham/swarm_ws/install/crazyflie_examples:/home/gowtham/swarm_ws/install/crazyflie_py:/home/gowtham/swarm_ws/install/crazyflie:/home/gowtham/swarm_ws/install/crazyflie_interfaces:/home/gowtham/swarm_ws/install/control_layer:/home/gowtham/swarm_ws/install/consensus_controller:/opt/ros/humble'), ('SHELL', '/bin/bash'), ('QT_ACCESSIBILITY', '1'), ('GDMSESSION', 'ubuntu'), ('LESSCLOSE', '/usr/bin/lesspipe %s %s'), ('QT_IM_MODULE', 'ibus'), ('PWD', '/home/gowtham/crazyflie_ws/build/crazyflie_examples'), ('LC_ALL', 'en_US.UTF-8'), ('XDG_CONFIG_DIRS', '/etc/xdg/xdg-ubuntu:/etc/xdg'), ('XDG_DATA_DIRS', '/usr/share/ubuntu:/usr/local/share/:/usr/share/:/var/lib/snapd/desktop'), ('PYTHONPATH', '/home/gowtham/crazyflie_ws/install/crazyflie_py/lib/python3.10/site-packages:/home/gowtham/crazyflie_ws/install/crazyflie_interfaces/local/lib/python3.10/dist-packages:/home/gowtham/crazyflie-firmware/build:/home/gowtham/crazyflie-firmware/build:/home/gowtham/swarm_ws/install/guidance_layer/lib/python3.10/site-packages:/home/gowtham/swarm_ws/install/crazyflie_sim/local/lib/python3.10/dist-packages:/home/gowtham/swarm_ws/install/crazyflie_examples/local/lib/python3.10/dist-packages:/home/gowtham/swarm_ws/install/crazyflie_py/lib/python3.10/site-packages:/home/gowtham/swarm_ws/install/crazyflie_interfaces/local/lib/python3.10/dist-packages:/home/gowtham/swarm_ws/install/control_layer/lib/python3.10/site-packages:/home/gowtham/swarm_ws/install/consensus_controller/lib/python3.10/site-packages:/opt/ros/humble/lib/python3.10/site-packages:/opt/ros/humble/local/lib/python3.10/dist-packages'), ('COLCON', '1'), ('VTE_VERSION', '6800'), ('CMAKE_PREFIX_PATH', '/home/gowtham/crazyflie_ws/install/crazyflie_interfaces:/home/gowtham/swarm_ws/install/crazyflie_sim:/home/gowtham/swarm_ws/install/crazyflie_examples:/home/gowtham/swarm_ws/install/crazyflie:/home/gowtham/swarm_ws/install/crazyflie_interfaces:/home/gowtham/swarm_ws/install/guidance_layer:/home/gowtham/swarm_ws/install/crazyflie_py:/home/gowtham/swarm_ws/install/control_layer:/home/gowtham/swarm_ws/install/consensus_controller:/opt/ros/humble')]), 'shell': False}
[5.032306] (crazyflie_examples) StdoutLine: {'line': b'-- Install configuration: ""\n'}
[5.033550] (crazyflie_examples) StdoutLine: {'line': b'-- Execute custom install script\n'}
[5.034143] (crazyflie_examples) StdoutLine: {'line': b'-- Up-to-date symlink: /home/gowtham/crazyflie_ws/install/crazyflie_examples/share/crazyflie_examples/environment/pythonpath.sh\n'}
[5.034511] (crazyflie_examples) StdoutLine: {'line': b'-- Up-to-date symlink: /home/gowtham/crazyflie_ws/install/crazyflie_examples/share/crazyflie_examples/environment/pythonpath.dsv\n'}
[5.035381] (crazyflie_examples) StdoutLine: {'line': b'-- Up-to-date symlink: /home/gowtham/crazyflie_ws/install/crazyflie_examples/local/lib/python3.10/dist-packages/crazyflie_examples-1.0.3-py3.10.egg-info/PKG-INFO\n'}
[5.035787] (crazyflie_examples) StdoutLine: {'line': b'-- Up-to-date symlink: /home/gowtham/crazyflie_ws/install/crazyflie_examples/local/lib/python3.10/dist-packages/crazyflie_examples-1.0.3-py3.10.egg-info/SOURCES.txt\n'}
[5.036433] (crazyflie_examples) StdoutLine: {'line': b'-- Up-to-date symlink: /home/gowtham/crazyflie_ws/install/crazyflie_examples/local/lib/python3.10/dist-packages/crazyflie_examples-1.0.3-py3.10.egg-info/dependency_links.txt\n'}
[5.036628] (crazyflie_examples) StdoutLine: {'line': b'-- Up-to-date symlink: /home/gowtham/crazyflie_ws/install/crazyflie_examples/local/lib/python3.10/dist-packages/crazyflie_examples-1.0.3-py3.10.egg-info/entry_points.txt\n'}
[5.036853] (crazyflie_examples) StdoutLine: {'line': b'-- Up-to-date symlink: /home/gowtham/crazyflie_ws/install/crazyflie_examples/local/lib/python3.10/dist-packages/crazyflie_examples-1.0.3-py3.10.egg-info/top_level.txt\n'}
[5.037873] (crazyflie_examples) StdoutLine: {'line': b'-- Up-to-date symlink: /home/gowtham/crazyflie_ws/install/crazyflie_examples/lib/crazyflie_examples//arming\n'}
[5.038201] (crazyflie_examples) StdoutLine: {'line': b'-- Up-to-date symlink: /home/gowtham/crazyflie_ws/install/crazyflie_examples/lib/crazyflie_examples//cmd_full_state\n'}
[5.038547] (crazyflie_examples) StdoutLine: {'line': b'-- Up-to-date symlink: /home/gowtham/crazyflie_ws/install/crazyflie_examples/lib/crazyflie_examples//figure8\n'}
[5.038822] (crazyflie_examples) StdoutLine: {'line': b'-- Up-to-date symlink: /home/gowtham/crazyflie_ws/install/crazyflie_examples/lib/crazyflie_examples//goto_unicast\n'}
[5.039113] (crazyflie_examples) StdoutLine: {'line': b'-- Up-to-date symlink: /home/gowtham/crazyflie_ws/install/crazyflie_examples/lib/crazyflie_examples//group_mask\n'}
[5.039401] (crazyflie_examples) StdoutLine: {'line': b'-- Up-to-date symlink: /home/gowtham/crazyflie_ws/install/crazyflie_examples/lib/crazyflie_examples//hello_world\n'}
[5.039687] (crazyflie_examples) StdoutLine: {'line': b'-- Up-to-date symlink: /home/gowtham/crazyflie_ws/install/crazyflie_examples/lib/crazyflie_examples//infinite_flight\n'}
[5.039994] (crazyflie_examples) StdoutLine: {'line': b'-- Up-to-date symlink: /home/gowtham/crazyflie_ws/install/crazyflie_examples/lib/crazyflie_examples//multi_trajectory\n'}
[5.040079] (-) TimerEvent: {}
[5.040304] (crazyflie_examples) StdoutLine: {'line': b'-- Up-to-date symlink: /home/gowtham/crazyflie_ws/install/crazyflie_examples/lib/crazyflie_examples//nice_hover\n'}
[5.040615] (crazyflie_examples) StdoutLine: {'line': b'-- Up-to-date symlink: /home/gowtham/crazyflie_ws/install/crazyflie_examples/lib/crazyflie_examples//set_param\n'}
[5.040944] (crazyflie_examples) StdoutLine: {'line': b'-- Up-to-date symlink: /home/gowtham/crazyflie_ws/install/crazyflie_examples/lib/crazyflie_examples//swap\n'}
[5.042436] (crazyflie_examples) StdoutLine: {'line': b'-- Up-to-date symlink: /home/gowtham/crazyflie_ws/install/crazyflie_examples/local/lib/python3.10/dist-packages/crazyflie_examples/__init__.py\n'}
[5.042784] (crazyflie_examples) StdoutLine: {'line': b'-- Up-to-date symlink: /home/gowtham/crazyflie_ws/install/crazyflie_examples/local/lib/python3.10/dist-packages/crazyflie_examples/arming.py\n'}
[5.043132] (crazyflie_examples) StdoutLine: {'line': b'-- Up-to-date symlink: /home/gowtham/crazyflie_ws/install/crazyflie_examples/local/lib/python3.10/dist-packages/crazyflie_examples/cmd_full_state.py\n'}
[5.043615] (crazyflie_examples) StdoutLine: {'line': b'-- Up-to-date symlink: /home/gowtham/crazyflie_ws/install/crazyflie_examples/local/lib/python3.10/dist-packages/crazyflie_examples/data/figure8.csv\n'}
[5.044109] (crazyflie_examples) StdoutLine: {'line': b'-- Up-to-date symlink: /home/gowtham/crazyflie_ws/install/crazyflie_examples/local/lib/python3.10/dist-packages/crazyflie_examples/data/multi_trajectory/traj0.csv\n'}
[5.044505] (crazyflie_examples) StdoutLine: {'line': b'-- Up-to-date symlink: /home/gowtham/crazyflie_ws/install/crazyflie_examples/local/lib/python3.10/dist-packages/crazyflie_examples/data/multi_trajectory/traj1.csv\n'}
[5.044872] (crazyflie_examples) StdoutLine: {'line': b'-- Up-to-date symlink: /home/gowtham/crazyflie_ws/install/crazyflie_examples/local/lib/python3.10/dist-packages/crazyflie_examples/figure8.py\n'}
[5.045240] (crazyflie_examples) StdoutLine: {'line': b'-- Up-to-date symlink: /home/gowtham/crazyflie_ws/install/crazyflie_examples/local/lib/python3.10/dist-packages/crazyflie_examples/goto_unicast.py\n'}
[5.045601] (crazyflie_examples) StdoutLine: {'line': b'-- Up-to-date symlink: /home/gowtham/crazyflie_ws/install/crazyflie_examples/local/lib/python3.10/dist-packages/crazyflie_examples/group_mask.py\n'}
[5.045984] (crazyflie_examples) StdoutLine: {'line': b'-- Up-to-date symlink: /home/gowtham/crazyflie_ws/install/crazyflie_examples/local/lib/python3.10/dist-packages/crazyflie_examples/hello_world.py\n'}
[5.046325] (crazyflie_examples) StdoutLine: {'line': b'-- Up-to-date symlink: /home/gowtham/crazyflie_ws/install/crazyflie_examples/local/lib/python3.10/dist-packages/crazyflie_examples/infinite_flight.py\n'}
[5.046725] (crazyflie_examples) StdoutLine: {'line': b'-- Up-to-date symlink: /home/gowtham/crazyflie_ws/install/crazyflie_examples/local/lib/python3.10/dist-packages/crazyflie_examples/multi_trajectory.py\n'}
[5.047163] (crazyflie_examples) StdoutLine: {'line': b'-- Up-to-date symlink: /home/gowtham/crazyflie_ws/install/crazyflie_examples/local/lib/python3.10/dist-packages/crazyflie_examples/nice_hover.py\n'}
[5.047377] (crazyflie_examples) StdoutLine: {'line': b'-- Up-to-date symlink: /home/gowtham/crazyflie_ws/install/crazyflie_examples/local/lib/python3.10/dist-packages/crazyflie_examples/set_param.py\n'}
[5.047660] (crazyflie_examples) StdoutLine: {'line': b'-- Up-to-date symlink: /home/gowtham/crazyflie_ws/install/crazyflie_examples/local/lib/python3.10/dist-packages/crazyflie_examples/swap.py\n'}
[5.048516] (crazyflie_examples) StdoutLine: {'line': b'-- Up-to-date symlink: /home/gowtham/crazyflie_ws/install/crazyflie_examples/share/crazyflie_examples//config/nav2_params.yaml\n'}
[5.048802] (crazyflie_examples) StdoutLine: {'line': b'-- Up-to-date symlink: /home/gowtham/crazyflie_ws/install/crazyflie_examples/share/crazyflie_examples//config/nav2_view.rviz\n'}
[5.049102] (crazyflie_examples) StdoutLine: {'line': b'-- Up-to-date symlink: /home/gowtham/crazyflie_ws/install/crazyflie_examples/share/crazyflie_examples//config/slam_params.yaml\n'}
[5.049925] (crazyflie_examples) StdoutLine: {'line': b'-- Up-to-date symlink: /home/gowtham/crazyflie_ws/install/crazyflie_examples/share/crazyflie_examples//data/map.data\n'}
[5.050208] (crazyflie_examples) StdoutLine: {'line': b'-- Up-to-date symlink: /home/gowtham/crazyflie_ws/install/crazyflie_examples/share/crazyflie_examples//data/map.pgm\n'}
[5.050550] (crazyflie_examples) StdoutLine: {'line': b'-- Up-to-date symlink: /home/gowtham/crazyflie_ws/install/crazyflie_examples/share/crazyflie_examples//data/map.posegraph\n'}
[5.050878] (crazyflie_examples) StdoutLine: {'line': b'-- Up-to-date symlink: /home/gowtham/crazyflie_ws/install/crazyflie_examples/share/crazyflie_examples//data/map.yaml\n'}
[5.051612] (crazyflie_examples) StdoutLine: {'line': b'-- Up-to-date symlink: /home/gowtham/crazyflie_ws/install/crazyflie_examples/share/crazyflie_examples//launch/keyboard_velmux_launch.py\n'}
[5.051895] (crazyflie_examples) StdoutLine: {'line': b'-- Up-to-date symlink: /home/gowtham/crazyflie_ws/install/crazyflie_examples/share/crazyflie_examples//launch/launch.py\n'}
[5.052246] (crazyflie_examples) StdoutLine: {'line': b'-- Up-to-date symlink: /home/gowtham/crazyflie_ws/install/crazyflie_examples/share/crazyflie_examples//launch/multiranger_mapping_launch.py\n'}
[5.052595] (crazyflie_examples) StdoutLine: {'line': b'-- Up-to-date symlink: /home/gowtham/crazyflie_ws/install/crazyflie_examples/share/crazyflie_examples//launch/multiranger_nav2_launch.py\n'}
[5.052970] (crazyflie_examples) StdoutLine: {'line': b'-- Up-to-date symlink: /home/gowtham/crazyflie_ws/install/crazyflie_examples/share/crazyflie_examples//launch/multiranger_simple_mapper_launch.py\n'}
[5.053724] (crazyflie_examples) StdoutLine: {'line': b'-- Up-to-date symlink: /home/gowtham/crazyflie_ws/install/crazyflie_examples/share/ament_index/resource_index/package_run_dependencies/crazyflie_examples\n'}
[5.054158] (crazyflie_examples) StdoutLine: {'line': b'-- Up-to-date symlink: /home/gowtham/crazyflie_ws/install/crazyflie_examples/share/ament_index/resource_index/parent_prefix_path/crazyflie_examples\n'}
[5.054518] (crazyflie_examples) StdoutLine: {'line': b'-- Up-to-date symlink: /home/gowtham/crazyflie_ws/install/crazyflie_examples/share/crazyflie_examples/environment/ament_prefix_path.sh\n'}
[5.054767] (crazyflie_examples) StdoutLine: {'line': b'-- Up-to-date symlink: /home/gowtham/crazyflie_ws/install/crazyflie_examples/share/crazyflie_examples/environment/ament_prefix_path.dsv\n'}
[5.055144] (crazyflie_examples) StdoutLine: {'line': b'-- Up-to-date symlink: /home/gowtham/crazyflie_ws/install/crazyflie_examples/share/crazyflie_examples/environment/path.sh\n'}
[5.055392] (crazyflie_examples) StdoutLine: {'line': b'-- Up-to-date symlink: /home/gowtham/crazyflie_ws/install/crazyflie_examples/share/crazyflie_examples/environment/path.dsv\n'}
[5.055745] (crazyflie_examples) StdoutLine: {'line': b'-- Up-to-date symlink: /home/gowtham/crazyflie_ws/install/crazyflie_examples/share/crazyflie_examples/local_setup.bash\n'}
[5.056105] (crazyflie_examples) StdoutLine: {'line': b'-- Up-to-date symlink: /home/gowtham/crazyflie_ws/install/crazyflie_examples/share/crazyflie_examples/local_setup.sh\n'}
[5.056450] (crazyflie_examples) StdoutLine: {'line': b'-- Up-to-date symlink: /home/gowtham/crazyflie_ws/install/crazyflie_examples/share/crazyflie_examples/local_setup.zsh\n'}
[5.056692] (crazyflie_examples) StdoutLine: {'line': b'-- Up-to-date symlink: /home/gowtham/crazyflie_ws/install/crazyflie_examples/share/crazyflie_examples/local_setup.dsv\n'}
[5.056890] (crazyflie_examples) StdoutLine: {'line': b'-- Symlinking: /home/gowtham/crazyflie_ws/install/crazyflie_examples/share/crazyflie_examples/package.dsv\n'}
[5.076020] (crazyflie_examples) StdoutLine: {'line': b'-- Up-to-date symlink: /home/gowtham/crazyflie_ws/install/crazyflie_examples/share/ament_index/resource_index/packages/crazyflie_examples\n'}
[5.076489] (crazyflie_examples) StdoutLine: {'line': b'-- Up-to-date symlink: /home/gowtham/crazyflie_ws/install/crazyflie_examples/share/crazyflie_examples/cmake/crazyflie_examplesConfig.cmake\n'}
[5.076828] (crazyflie_examples) StdoutLine: {'line': b'-- Up-to-date symlink: /home/gowtham/crazyflie_ws/install/crazyflie_examples/share/crazyflie_examples/cmake/crazyflie_examplesConfig-version.cmake\n'}
[5.077266] (crazyflie_examples) StdoutLine: {'line': b'-- Up-to-date symlink: /home/gowtham/crazyflie_ws/install/crazyflie_examples/share/crazyflie_examples/package.xml\n'}
[5.124282] (crazyflie_examples) StdoutLine: {'line': b"Listing '/home/gowtham/crazyflie_ws/install/crazyflie_examples/local/lib/python3.10/dist-packages/crazyflie_examples'...\n"}
[5.124525] (crazyflie_examples) StdoutLine: {'line': b"Listing '/home/gowtham/crazyflie_ws/install/crazyflie_examples/local/lib/python3.10/dist-packages/crazyflie_examples/data'...\n"}
[5.124641] (crazyflie_examples) StdoutLine: {'line': b"Listing '/home/gowtham/crazyflie_ws/install/crazyflie_examples/local/lib/python3.10/dist-packages/crazyflie_examples/data/multi_trajectory'...\n"}
[5.136233] (crazyflie_examples) CommandEnded: {'returncode': 0}
[5.140156] (-) TimerEvent: {}
[5.178516] (crazyflie_examples) JobEnded: {'identifier': 'crazyflie_examples', 'rc': 0}
[5.180419] (-) EventReactorShutdown: {}
