[0.000000] (-) TimerEvent: {}
[0.000615] (central_swarm_control) JobQueued: {'identifier': 'central_swarm_control', 'dependencies': OrderedDict()}
[0.000801] (crazyflie_interfaces) JobQueued: {'identifier': 'crazyflie_interfaces', 'dependencies': OrderedDict()}
[0.001010] (swarm_guidance) JobQueued: {'identifier': 'swarm_guidance', 'dependencies': OrderedDict()}
[0.001146] (swarm_navigation) JobQueued: {'identifier': 'swarm_navigation', 'dependencies': OrderedDict()}
[0.001185] (crazyflie) JobQueued: {'identifier': 'crazyflie', 'dependencies': OrderedDict([('crazyflie_interfaces', '/home/gowtham/crazyflie_ws/install/crazyflie_interfaces')])}
[0.001231] (crazyflie_py) JobQueued: {'identifier': 'crazyflie_py', 'dependencies': OrderedDict([('crazyflie_interfaces', '/home/gowtham/crazyflie_ws/install/crazyflie_interfaces')])}
[0.001289] (crazyflie_sim) JobQueued: {'identifier': 'crazyflie_sim', 'dependencies': OrderedDict([('crazyflie_interfaces', '/home/gowtham/crazyflie_ws/install/crazyflie_interfaces')])}
[0.001328] (crazyflie_examples) JobQueued: {'identifier': 'crazyflie_examples', 'dependencies': OrderedDict([('crazyflie_interfaces', '/home/gowtham/crazyflie_ws/install/crazyflie_interfaces'), ('crazyflie_py', '/home/gowtham/crazyflie_ws/install/crazyflie_py')])}
[0.001371] (crazyflie_interfaces) JobStarted: {'identifier': 'crazyflie_interfaces'}
[0.011068] (central_swarm_control) JobStarted: {'identifier': 'central_swarm_control'}
[0.019588] (swarm_guidance) JobStarted: {'identifier': 'swarm_guidance'}
[0.032011] (swarm_navigation) JobStarted: {'identifier': 'swarm_navigation'}
[0.046319] (crazyflie_interfaces) JobProgress: {'identifier': 'crazyflie_interfaces', 'progress': 'cmake'}
[0.047788] (crazyflie_interfaces) Command: {'cmd': ['/usr/bin/cmake', '/home/gowtham/crazyflie_ws/src/crazyswarm2/crazyflie_interfaces', '-DAMENT_CMAKE_SYMLINK_INSTALL=1', '-DCMAKE_INSTALL_PREFIX=/home/gowtham/crazyflie_ws/install/crazyflie_interfaces'], 'cwd': '/home/gowtham/crazyflie_ws/build/crazyflie_interfaces', 'env': OrderedDict([('LESSOPEN', '| /usr/bin/lesspipe %s'), ('LANGUAGE', 'en_IN:en'), ('USER', 'gowtham'), ('XDG_SESSION_TYPE', 'wayland'), ('SHLVL', '1'), ('LD_LIBRARY_PATH', '/home/gowtham/swarm_ws/install/crazyflie_interfaces/lib:/opt/ros/humble/opt/rviz_ogre_vendor/lib:/opt/ros/humble/lib/x86_64-linux-gnu:/opt/ros/humble/lib'), ('HOME', '/home/gowtham'), ('OLDPWD', '/home/gowtham'), ('DESKTOP_SESSION', 'ubuntu'), ('ROS_PYTHON_VERSION', '3'), ('GNOME_SHELL_SESSION_MODE', 'ubuntu'), ('GTK_MODULES', 'gail:atk-bridge'), ('DBUS_STARTER_BUS_TYPE', 'session'), ('SYSTEMD_EXEC_PID', '894'), ('DBUS_SESSION_BUS_ADDRESS', 'unix:path=/run/user/1000/bus,guid=a7d0dcc49fe719d932a354c76a3a5fb6'), ('COLORTERM', 'truecolor'), ('IM_CONFIG_PHASE', '1'), ('WAYLAND_DISPLAY', 'wayland-0'), ('COLCON_PREFIX_PATH', '/home/gowtham/swarm_ws/install'), ('ROS_DISTRO', 'humble'), ('LOGNAME', 'gowtham'), ('_', '/usr/bin/colcon'), ('ROS_VERSION', '2'), ('XDG_SESSION_CLASS', 'user'), ('USERNAME', 'gowtham'), ('TERM', 'xterm-256color'), ('GNOME_DESKTOP_SESSION_ID', 'this-is-deprecated'), ('ROS_LOCALHOST_ONLY', '0'), ('PATH', '/opt/ros/humble/bin:/home/gowtham/.local/bin:/usr/local/sbin:/usr/local/bin:/usr/sbin:/usr/bin:/sbin:/bin:/usr/games:/usr/local/games:/snap/bin:/snap/bin:/home/gowtham/.local/bin'), ('SESSION_MANAGER', 'local/gowtham:@/tmp/.ICE-unix/894,unix/gowtham:/tmp/.ICE-unix/894'), ('XDG_MENU_PREFIX', 'gnome-'), ('GNOME_TERMINAL_SCREEN', '/org/gnome/Terminal/screen/fce09927_7e2d_4956_9fd4_e9a2e1e605f7'), ('GNOME_SETUP_DISPLAY', ':1'), ('XDG_RUNTIME_DIR', '/run/user/1000'), ('DISPLAY', ':0'), ('LANG', 'en_US.UTF-8'), ('XDG_CURRENT_DESKTOP', 'ubuntu:GNOME'), ('XMODIFIERS', '@im=ibus'), ('XDG_SESSION_DESKTOP', 'ubuntu'), ('XAUTHORITY', '/run/user/1000/.mutter-Xwaylandauth.EAJ5Q3'), ('LS_COLORS', 'rs=0:di=01;34:ln=01;36:mh=00:pi=40;33:so=01;35:do=01;35:bd=40;33;01:cd=40;33;01:or=40;31;01:mi=00:su=37;41:sg=30;43:ca=30;41:tw=30;42:ow=34;42:st=37;44:ex=01;32:*.tar=01;31:*.tgz=01;31:*.arc=01;31:*.arj=01;31:*.taz=01;31:*.lha=01;31:*.lz4=01;31:*.lzh=01;31:*.lzma=01;31:*.tlz=01;31:*.txz=01;31:*.tzo=01;31:*.t7z=01;31:*.zip=01;31:*.z=01;31:*.dz=01;31:*.gz=01;31:*.lrz=01;31:*.lz=01;31:*.lzo=01;31:*.xz=01;31:*.zst=01;31:*.tzst=01;31:*.bz2=01;31:*.bz=01;31:*.tbz=01;31:*.tbz2=01;31:*.tz=01;31:*.deb=01;31:*.rpm=01;31:*.jar=01;31:*.war=01;31:*.ear=01;31:*.sar=01;31:*.rar=01;31:*.alz=01;31:*.ace=01;31:*.zoo=01;31:*.cpio=01;31:*.7z=01;31:*.rz=01;31:*.cab=01;31:*.wim=01;31:*.swm=01;31:*.dwm=01;31:*.esd=01;31:*.jpg=01;35:*.jpeg=01;35:*.mjpg=01;35:*.mjpeg=01;35:*.gif=01;35:*.bmp=01;35:*.pbm=01;35:*.pgm=01;35:*.ppm=01;35:*.tga=01;35:*.xbm=01;35:*.xpm=01;35:*.tif=01;35:*.tiff=01;35:*.png=01;35:*.svg=01;35:*.svgz=01;35:*.mng=01;35:*.pcx=01;35:*.mov=01;35:*.mpg=01;35:*.mpeg=01;35:*.m2v=01;35:*.mkv=01;35:*.webm=01;35:*.webp=01;35:*.ogm=01;35:*.mp4=01;35:*.m4v=01;35:*.mp4v=01;35:*.vob=01;35:*.qt=01;35:*.nuv=01;35:*.wmv=01;35:*.asf=01;35:*.rm=01;35:*.rmvb=01;35:*.flc=01;35:*.avi=01;35:*.fli=01;35:*.flv=01;35:*.gl=01;35:*.dl=01;35:*.xcf=01;35:*.xwd=01;35:*.yuv=01;35:*.cgm=01;35:*.emf=01;35:*.ogv=01;35:*.ogx=01;35:*.aac=00;36:*.au=00;36:*.flac=00;36:*.m4a=00;36:*.mid=00;36:*.midi=00;36:*.mka=00;36:*.mp3=00;36:*.mpc=00;36:*.ogg=00;36:*.ra=00;36:*.wav=00;36:*.oga=00;36:*.opus=00;36:*.spx=00;36:*.xspf=00;36:'), ('GNOME_TERMINAL_SERVICE', ':1.233'), ('SSH_AGENT_LAUNCHER', 'gnome-keyring'), ('SSH_AUTH_SOCK', '/run/user/1000/keyring/ssh'), ('AMENT_PREFIX_PATH', '/home/gowtham/swarm_ws/install/guidance_layer:/home/gowtham/swarm_ws/install/crazyflie_sim:/home/gowtham/swarm_ws/install/crazyflie_examples:/home/gowtham/swarm_ws/install/crazyflie_py:/home/gowtham/swarm_ws/install/crazyflie:/home/gowtham/swarm_ws/install/crazyflie_interfaces:/home/gowtham/swarm_ws/install/control_layer:/home/gowtham/swarm_ws/install/consensus_controller:/opt/ros/humble'), ('SHELL', '/bin/bash'), ('QT_ACCESSIBILITY', '1'), ('GDMSESSION', 'ubuntu'), ('LESSCLOSE', '/usr/bin/lesspipe %s %s'), ('QT_IM_MODULE', 'ibus'), ('PWD', '/home/gowtham/crazyflie_ws/build/crazyflie_interfaces'), ('LC_ALL', 'en_US.UTF-8'), ('XDG_CONFIG_DIRS', '/etc/xdg/xdg-ubuntu:/etc/xdg'), ('DBUS_STARTER_ADDRESS', 'unix:path=/run/user/1000/bus,guid=a7d0dcc49fe719d932a354c76a3a5fb6'), ('XDG_DATA_DIRS', '/usr/share/ubuntu:/usr/local/share/:/usr/share/:/var/lib/snapd/desktop'), ('PYTHONPATH', '/home/gowtham/crazyflie-firmware/build:/home/gowtham/crazyflie-firmware/build:/home/gowtham/swarm_ws/install/guidance_layer/lib/python3.10/site-packages:/home/gowtham/swarm_ws/install/crazyflie_sim/local/lib/python3.10/dist-packages:/home/gowtham/swarm_ws/install/crazyflie_examples/local/lib/python3.10/dist-packages:/home/gowtham/swarm_ws/install/crazyflie_py/lib/python3.10/site-packages:/home/gowtham/swarm_ws/install/crazyflie_interfaces/local/lib/python3.10/dist-packages:/home/gowtham/swarm_ws/install/control_layer/lib/python3.10/site-packages:/home/gowtham/swarm_ws/install/consensus_controller/lib/python3.10/site-packages:/opt/ros/humble/lib/python3.10/site-packages:/opt/ros/humble/local/lib/python3.10/dist-packages'), ('COLCON', '1'), ('VTE_VERSION', '6800'), ('CMAKE_PREFIX_PATH', '/home/gowtham/swarm_ws/install/crazyflie_sim:/home/gowtham/swarm_ws/install/crazyflie_examples:/home/gowtham/swarm_ws/install/crazyflie:/home/gowtham/swarm_ws/install/crazyflie_interfaces:/home/gowtham/swarm_ws/install/guidance_layer:/home/gowtham/swarm_ws/install/crazyflie_py:/home/gowtham/swarm_ws/install/control_layer:/home/gowtham/swarm_ws/install/consensus_controller:/opt/ros/humble')]), 'shell': False}
[0.099718] (-) TimerEvent: {}
[0.200095] (-) TimerEvent: {}
[0.300476] (-) TimerEvent: {}
[0.400898] (-) TimerEvent: {}
[0.501295] (-) TimerEvent: {}
[0.601803] (-) TimerEvent: {}
[0.702190] (-) TimerEvent: {}
[0.802573] (-) TimerEvent: {}
[0.902942] (-) TimerEvent: {}
[0.950335] (crazyflie_interfaces) StdoutLine: {'line': b'-- Found ament_cmake: 1.3.14 (/opt/ros/humble/share/ament_cmake/cmake)\n'}
[0.951036] (crazyflie_interfaces) StdoutLine: {'line': b'-- Override CMake install command with custom implementation using symlinks instead of copying resources\n'}
[0.951170] (crazyflie_interfaces) StdoutLine: {'line': b'-- Found builtin_interfaces: 1.2.2 (/opt/ros/humble/share/builtin_interfaces/cmake)\n'}
[0.952186] (crazyflie_interfaces) StdoutLine: {'line': b'-- Found rosidl_generator_c: 3.1.8 (/opt/ros/humble/share/rosidl_generator_c/cmake)\n'}
[0.952296] (crazyflie_interfaces) StdoutLine: {'line': b'-- Found rosidl_adapter: 3.1.8 (/opt/ros/humble/share/rosidl_adapter/cmake)\n'}
[0.952395] (crazyflie_interfaces) StdoutLine: {'line': b'-- Found rosidl_generator_cpp: 3.1.8 (/opt/ros/humble/share/rosidl_generator_cpp/cmake)\n'}
[0.952504] (crazyflie_interfaces) StdoutLine: {'line': b'-- Using all available rosidl_typesupport_c: rosidl_typesupport_fastrtps_c;rosidl_typesupport_introspection_c\n'}
[0.952616] (crazyflie_interfaces) StdoutLine: {'line': b'-- Using all available rosidl_typesupport_cpp: rosidl_typesupport_fastrtps_cpp;rosidl_typesupport_introspection_cpp\n'}
[0.952748] (crazyflie_interfaces) StdoutLine: {'line': b'-- Found geometry_msgs: 4.9.1 (/opt/ros/humble/share/geometry_msgs/cmake)\n'}
[0.952861] (crazyflie_interfaces) StdoutLine: {'line': b'-- Found rosidl_default_generators: 1.2.1 (/opt/ros/humble/share/rosidl_default_generators/cmake)\n'}
[1.003049] (-) TimerEvent: {}
[1.103422] (-) TimerEvent: {}
[1.203942] (-) TimerEvent: {}
[1.304323] (-) TimerEvent: {}
[1.357834] (crazyflie_interfaces) StdoutLine: {'line': b'-- Found ament_cmake_cppcheck: 0.12.15 (/opt/ros/humble/share/ament_cmake_cppcheck/cmake)\n'}
[1.360514] (crazyflie_interfaces) StdoutLine: {'line': b'-- Found ament_cmake_cpplint: 0.12.15 (/opt/ros/humble/share/ament_cmake_cpplint/cmake)\n'}
[1.362378] (crazyflie_interfaces) StdoutLine: {'line': b'-- Found ament_cmake_uncrustify: 0.12.15 (/opt/ros/humble/share/ament_cmake_uncrustify/cmake)\n'}
[1.365120] (crazyflie_interfaces) StdoutLine: {'line': b'-- Found ament_cmake_ros: 0.10.0 (/opt/ros/humble/share/ament_cmake_ros/cmake)\n'}
[1.404487] (-) TimerEvent: {}
[1.507768] (-) TimerEvent: {}
[1.608265] (-) TimerEvent: {}
[1.708709] (-) TimerEvent: {}
[1.809251] (-) TimerEvent: {}
[1.911125] (-) TimerEvent: {}
[2.011603] (-) TimerEvent: {}
[2.112084] (-) TimerEvent: {}
[2.213086] (-) TimerEvent: {}
[2.253496] (central_swarm_control) Command: {'cmd': ['/usr/bin/python3', '-W', 'ignore:setup.py install is deprecated', '-W', 'ignore:easy_install command is deprecated', 'setup.py', 'develop', '--editable', '--build-directory', '/home/gowtham/crazyflie_ws/build/central_swarm_control/build', '--no-deps', 'symlink_data', '--force'], 'cwd': '/home/gowtham/crazyflie_ws/build/central_swarm_control', 'env': {'LESSOPEN': '| /usr/bin/lesspipe %s', 'LANGUAGE': 'en_IN:en', 'USER': 'gowtham', 'XDG_SESSION_TYPE': 'wayland', 'SHLVL': '1', 'LD_LIBRARY_PATH': '/home/gowtham/swarm_ws/install/crazyflie_interfaces/lib:/opt/ros/humble/opt/rviz_ogre_vendor/lib:/opt/ros/humble/lib/x86_64-linux-gnu:/opt/ros/humble/lib', 'HOME': '/home/gowtham', 'OLDPWD': '/home/gowtham', 'DESKTOP_SESSION': 'ubuntu', 'ROS_PYTHON_VERSION': '3', 'GNOME_SHELL_SESSION_MODE': 'ubuntu', 'GTK_MODULES': 'gail:atk-bridge', 'DBUS_STARTER_BUS_TYPE': 'session', 'SYSTEMD_EXEC_PID': '894', 'DBUS_SESSION_BUS_ADDRESS': 'unix:path=/run/user/1000/bus,guid=a7d0dcc49fe719d932a354c76a3a5fb6', 'COLORTERM': 'truecolor', 'IM_CONFIG_PHASE': '1', 'WAYLAND_DISPLAY': 'wayland-0', 'COLCON_PREFIX_PATH': '/home/gowtham/swarm_ws/install', 'ROS_DISTRO': 'humble', 'LOGNAME': 'gowtham', '_': '/usr/bin/colcon', 'ROS_VERSION': '2', 'XDG_SESSION_CLASS': 'user', 'USERNAME': 'gowtham', 'TERM': 'xterm-256color', 'GNOME_DESKTOP_SESSION_ID': 'this-is-deprecated', 'ROS_LOCALHOST_ONLY': '0', 'PATH': '/opt/ros/humble/bin:/home/gowtham/.local/bin:/usr/local/sbin:/usr/local/bin:/usr/sbin:/usr/bin:/sbin:/bin:/usr/games:/usr/local/games:/snap/bin:/snap/bin:/home/gowtham/.local/bin', 'SESSION_MANAGER': 'local/gowtham:@/tmp/.ICE-unix/894,unix/gowtham:/tmp/.ICE-unix/894', 'XDG_MENU_PREFIX': 'gnome-', 'GNOME_TERMINAL_SCREEN': '/org/gnome/Terminal/screen/fce09927_7e2d_4956_9fd4_e9a2e1e605f7', 'GNOME_SETUP_DISPLAY': ':1', 'XDG_RUNTIME_DIR': '/run/user/1000', 'DISPLAY': ':0', 'LANG': 'en_US.UTF-8', 'XDG_CURRENT_DESKTOP': 'ubuntu:GNOME', 'XMODIFIERS': '@im=ibus', 'XDG_SESSION_DESKTOP': 'ubuntu', 'XAUTHORITY': '/run/user/1000/.mutter-Xwaylandauth.EAJ5Q3', 'LS_COLORS': 'rs=0:di=01;34:ln=01;36:mh=00:pi=40;33:so=01;35:do=01;35:bd=40;33;01:cd=40;33;01:or=40;31;01:mi=00:su=37;41:sg=30;43:ca=30;41:tw=30;42:ow=34;42:st=37;44:ex=01;32:*.tar=01;31:*.tgz=01;31:*.arc=01;31:*.arj=01;31:*.taz=01;31:*.lha=01;31:*.lz4=01;31:*.lzh=01;31:*.lzma=01;31:*.tlz=01;31:*.txz=01;31:*.tzo=01;31:*.t7z=01;31:*.zip=01;31:*.z=01;31:*.dz=01;31:*.gz=01;31:*.lrz=01;31:*.lz=01;31:*.lzo=01;31:*.xz=01;31:*.zst=01;31:*.tzst=01;31:*.bz2=01;31:*.bz=01;31:*.tbz=01;31:*.tbz2=01;31:*.tz=01;31:*.deb=01;31:*.rpm=01;31:*.jar=01;31:*.war=01;31:*.ear=01;31:*.sar=01;31:*.rar=01;31:*.alz=01;31:*.ace=01;31:*.zoo=01;31:*.cpio=01;31:*.7z=01;31:*.rz=01;31:*.cab=01;31:*.wim=01;31:*.swm=01;31:*.dwm=01;31:*.esd=01;31:*.jpg=01;35:*.jpeg=01;35:*.mjpg=01;35:*.mjpeg=01;35:*.gif=01;35:*.bmp=01;35:*.pbm=01;35:*.pgm=01;35:*.ppm=01;35:*.tga=01;35:*.xbm=01;35:*.xpm=01;35:*.tif=01;35:*.tiff=01;35:*.png=01;35:*.svg=01;35:*.svgz=01;35:*.mng=01;35:*.pcx=01;35:*.mov=01;35:*.mpg=01;35:*.mpeg=01;35:*.m2v=01;35:*.mkv=01;35:*.webm=01;35:*.webp=01;35:*.ogm=01;35:*.mp4=01;35:*.m4v=01;35:*.mp4v=01;35:*.vob=01;35:*.qt=01;35:*.nuv=01;35:*.wmv=01;35:*.asf=01;35:*.rm=01;35:*.rmvb=01;35:*.flc=01;35:*.avi=01;35:*.fli=01;35:*.flv=01;35:*.gl=01;35:*.dl=01;35:*.xcf=01;35:*.xwd=01;35:*.yuv=01;35:*.cgm=01;35:*.emf=01;35:*.ogv=01;35:*.ogx=01;35:*.aac=00;36:*.au=00;36:*.flac=00;36:*.m4a=00;36:*.mid=00;36:*.midi=00;36:*.mka=00;36:*.mp3=00;36:*.mpc=00;36:*.ogg=00;36:*.ra=00;36:*.wav=00;36:*.oga=00;36:*.opus=00;36:*.spx=00;36:*.xspf=00;36:', 'GNOME_TERMINAL_SERVICE': ':1.233', 'SSH_AGENT_LAUNCHER': 'gnome-keyring', 'SSH_AUTH_SOCK': '/run/user/1000/keyring/ssh', 'AMENT_PREFIX_PATH': '/home/gowtham/swarm_ws/install/guidance_layer:/home/gowtham/swarm_ws/install/crazyflie_sim:/home/gowtham/swarm_ws/install/crazyflie_examples:/home/gowtham/swarm_ws/install/crazyflie_py:/home/gowtham/swarm_ws/install/crazyflie:/home/gowtham/swarm_ws/install/crazyflie_interfaces:/home/gowtham/swarm_ws/install/control_layer:/home/gowtham/swarm_ws/install/consensus_controller:/opt/ros/humble', 'SHELL': '/bin/bash', 'QT_ACCESSIBILITY': '1', 'GDMSESSION': 'ubuntu', 'LESSCLOSE': '/usr/bin/lesspipe %s %s', 'QT_IM_MODULE': 'ibus', 'PWD': '/home/gowtham/crazyflie_ws/build/central_swarm_control', 'LC_ALL': 'en_US.UTF-8', 'XDG_CONFIG_DIRS': '/etc/xdg/xdg-ubuntu:/etc/xdg', 'DBUS_STARTER_ADDRESS': 'unix:path=/run/user/1000/bus,guid=a7d0dcc49fe719d932a354c76a3a5fb6', 'XDG_DATA_DIRS': '/usr/share/ubuntu:/usr/local/share/:/usr/share/:/var/lib/snapd/desktop', 'PYTHONPATH': '/home/gowtham/crazyflie_ws/build/central_swarm_control/prefix_override:/usr/lib/python3/dist-packages/colcon_core/task/python/colcon_distutils_commands:/home/gowtham/crazyflie_ws/install/central_swarm_control/lib/python3.10/site-packages:/home/gowtham/crazyflie-firmware/build:/home/gowtham/crazyflie-firmware/build:/home/gowtham/swarm_ws/install/guidance_layer/lib/python3.10/site-packages:/home/gowtham/swarm_ws/install/crazyflie_sim/local/lib/python3.10/dist-packages:/home/gowtham/swarm_ws/install/crazyflie_examples/local/lib/python3.10/dist-packages:/home/gowtham/swarm_ws/install/crazyflie_py/lib/python3.10/site-packages:/home/gowtham/swarm_ws/install/crazyflie_interfaces/local/lib/python3.10/dist-packages:/home/gowtham/swarm_ws/install/control_layer/lib/python3.10/site-packages:/home/gowtham/swarm_ws/install/consensus_controller/lib/python3.10/site-packages:/opt/ros/humble/lib/python3.10/site-packages:/opt/ros/humble/local/lib/python3.10/dist-packages', 'COLCON': '1', 'VTE_VERSION': '6800', 'CMAKE_PREFIX_PATH': '/home/gowtham/swarm_ws/install/crazyflie_sim:/home/gowtham/swarm_ws/install/crazyflie_examples:/home/gowtham/swarm_ws/install/crazyflie:/home/gowtham/swarm_ws/install/crazyflie_interfaces'}, 'shell': False}
[2.287176] (swarm_navigation) Command: {'cmd': ['/usr/bin/python3', '-W', 'ignore:setup.py install is deprecated', '-W', 'ignore:easy_install command is deprecated', 'setup.py', 'develop', '--editable', '--build-directory', '/home/gowtham/crazyflie_ws/build/swarm_navigation/build', '--no-deps', 'symlink_data', '--force'], 'cwd': '/home/gowtham/crazyflie_ws/build/swarm_navigation', 'env': {'LESSOPEN': '| /usr/bin/lesspipe %s', 'LANGUAGE': 'en_IN:en', 'USER': 'gowtham', 'XDG_SESSION_TYPE': 'wayland', 'SHLVL': '1', 'LD_LIBRARY_PATH': '/home/gowtham/swarm_ws/install/crazyflie_interfaces/lib:/opt/ros/humble/opt/rviz_ogre_vendor/lib:/opt/ros/humble/lib/x86_64-linux-gnu:/opt/ros/humble/lib', 'HOME': '/home/gowtham', 'OLDPWD': '/home/gowtham', 'DESKTOP_SESSION': 'ubuntu', 'ROS_PYTHON_VERSION': '3', 'GNOME_SHELL_SESSION_MODE': 'ubuntu', 'GTK_MODULES': 'gail:atk-bridge', 'DBUS_STARTER_BUS_TYPE': 'session', 'SYSTEMD_EXEC_PID': '894', 'DBUS_SESSION_BUS_ADDRESS': 'unix:path=/run/user/1000/bus,guid=a7d0dcc49fe719d932a354c76a3a5fb6', 'COLORTERM': 'truecolor', 'IM_CONFIG_PHASE': '1', 'WAYLAND_DISPLAY': 'wayland-0', 'COLCON_PREFIX_PATH': '/home/gowtham/swarm_ws/install', 'ROS_DISTRO': 'humble', 'LOGNAME': 'gowtham', '_': '/usr/bin/colcon', 'ROS_VERSION': '2', 'XDG_SESSION_CLASS': 'user', 'USERNAME': 'gowtham', 'TERM': 'xterm-256color', 'GNOME_DESKTOP_SESSION_ID': 'this-is-deprecated', 'ROS_LOCALHOST_ONLY': '0', 'PATH': '/opt/ros/humble/bin:/home/gowtham/.local/bin:/usr/local/sbin:/usr/local/bin:/usr/sbin:/usr/bin:/sbin:/bin:/usr/games:/usr/local/games:/snap/bin:/snap/bin:/home/gowtham/.local/bin', 'SESSION_MANAGER': 'local/gowtham:@/tmp/.ICE-unix/894,unix/gowtham:/tmp/.ICE-unix/894', 'XDG_MENU_PREFIX': 'gnome-', 'GNOME_TERMINAL_SCREEN': '/org/gnome/Terminal/screen/fce09927_7e2d_4956_9fd4_e9a2e1e605f7', 'GNOME_SETUP_DISPLAY': ':1', 'XDG_RUNTIME_DIR': '/run/user/1000', 'DISPLAY': ':0', 'LANG': 'en_US.UTF-8', 'XDG_CURRENT_DESKTOP': 'ubuntu:GNOME', 'XMODIFIERS': '@im=ibus', 'XDG_SESSION_DESKTOP': 'ubuntu', 'XAUTHORITY': '/run/user/1000/.mutter-Xwaylandauth.EAJ5Q3', 'LS_COLORS': 'rs=0:di=01;34:ln=01;36:mh=00:pi=40;33:so=01;35:do=01;35:bd=40;33;01:cd=40;33;01:or=40;31;01:mi=00:su=37;41:sg=30;43:ca=30;41:tw=30;42:ow=34;42:st=37;44:ex=01;32:*.tar=01;31:*.tgz=01;31:*.arc=01;31:*.arj=01;31:*.taz=01;31:*.lha=01;31:*.lz4=01;31:*.lzh=01;31:*.lzma=01;31:*.tlz=01;31:*.txz=01;31:*.tzo=01;31:*.t7z=01;31:*.zip=01;31:*.z=01;31:*.dz=01;31:*.gz=01;31:*.lrz=01;31:*.lz=01;31:*.lzo=01;31:*.xz=01;31:*.zst=01;31:*.tzst=01;31:*.bz2=01;31:*.bz=01;31:*.tbz=01;31:*.tbz2=01;31:*.tz=01;31:*.deb=01;31:*.rpm=01;31:*.jar=01;31:*.war=01;31:*.ear=01;31:*.sar=01;31:*.rar=01;31:*.alz=01;31:*.ace=01;31:*.zoo=01;31:*.cpio=01;31:*.7z=01;31:*.rz=01;31:*.cab=01;31:*.wim=01;31:*.swm=01;31:*.dwm=01;31:*.esd=01;31:*.jpg=01;35:*.jpeg=01;35:*.mjpg=01;35:*.mjpeg=01;35:*.gif=01;35:*.bmp=01;35:*.pbm=01;35:*.pgm=01;35:*.ppm=01;35:*.tga=01;35:*.xbm=01;35:*.xpm=01;35:*.tif=01;35:*.tiff=01;35:*.png=01;35:*.svg=01;35:*.svgz=01;35:*.mng=01;35:*.pcx=01;35:*.mov=01;35:*.mpg=01;35:*.mpeg=01;35:*.m2v=01;35:*.mkv=01;35:*.webm=01;35:*.webp=01;35:*.ogm=01;35:*.mp4=01;35:*.m4v=01;35:*.mp4v=01;35:*.vob=01;35:*.qt=01;35:*.nuv=01;35:*.wmv=01;35:*.asf=01;35:*.rm=01;35:*.rmvb=01;35:*.flc=01;35:*.avi=01;35:*.fli=01;35:*.flv=01;35:*.gl=01;35:*.dl=01;35:*.xcf=01;35:*.xwd=01;35:*.yuv=01;35:*.cgm=01;35:*.emf=01;35:*.ogv=01;35:*.ogx=01;35:*.aac=00;36:*.au=00;36:*.flac=00;36:*.m4a=00;36:*.mid=00;36:*.midi=00;36:*.mka=00;36:*.mp3=00;36:*.mpc=00;36:*.ogg=00;36:*.ra=00;36:*.wav=00;36:*.oga=00;36:*.opus=00;36:*.spx=00;36:*.xspf=00;36:', 'GNOME_TERMINAL_SERVICE': ':1.233', 'SSH_AGENT_LAUNCHER': 'gnome-keyring', 'SSH_AUTH_SOCK': '/run/user/1000/keyring/ssh', 'AMENT_PREFIX_PATH': '/home/gowtham/swarm_ws/install/guidance_layer:/home/gowtham/swarm_ws/install/crazyflie_sim:/home/gowtham/swarm_ws/install/crazyflie_examples:/home/gowtham/swarm_ws/install/crazyflie_py:/home/gowtham/swarm_ws/install/crazyflie:/home/gowtham/swarm_ws/install/crazyflie_interfaces:/home/gowtham/swarm_ws/install/control_layer:/home/gowtham/swarm_ws/install/consensus_controller:/opt/ros/humble', 'SHELL': '/bin/bash', 'QT_ACCESSIBILITY': '1', 'GDMSESSION': 'ubuntu', 'LESSCLOSE': '/usr/bin/lesspipe %s %s', 'QT_IM_MODULE': 'ibus', 'PWD': '/home/gowtham/crazyflie_ws/build/swarm_navigation', 'LC_ALL': 'en_US.UTF-8', 'XDG_CONFIG_DIRS': '/etc/xdg/xdg-ubuntu:/etc/xdg', 'DBUS_STARTER_ADDRESS': 'unix:path=/run/user/1000/bus,guid=a7d0dcc49fe719d932a354c76a3a5fb6', 'XDG_DATA_DIRS': '/usr/share/ubuntu:/usr/local/share/:/usr/share/:/var/lib/snapd/desktop', 'PYTHONPATH': '/home/gowtham/crazyflie_ws/build/swarm_navigation/prefix_override:/usr/lib/python3/dist-packages/colcon_core/task/python/colcon_distutils_commands:/home/gowtham/crazyflie_ws/install/swarm_navigation/lib/python3.10/site-packages:/home/gowtham/crazyflie-firmware/build:/home/gowtham/crazyflie-firmware/build:/home/gowtham/swarm_ws/install/guidance_layer/lib/python3.10/site-packages:/home/gowtham/swarm_ws/install/crazyflie_sim/local/lib/python3.10/dist-packages:/home/gowtham/swarm_ws/install/crazyflie_examples/local/lib/python3.10/dist-packages:/home/gowtham/swarm_ws/install/crazyflie_py/lib/python3.10/site-packages:/home/gowtham/swarm_ws/install/crazyflie_interfaces/local/lib/python3.10/dist-packages:/home/gowtham/swarm_ws/install/control_layer/lib/python3.10/site-packages:/home/gowtham/swarm_ws/install/consensus_controller/lib/python3.10/site-packages:/opt/ros/humble/lib/python3.10/site-packages:/opt/ros/humble/local/lib/python3.10/dist-packages', 'COLCON': '1', 'VTE_VERSION': '6800', 'CMAKE_PREFIX_PATH': '/home/gowtham/swarm_ws/install/crazyflie_sim:/home/gowtham/swarm_ws/install/crazyflie_examples:/home/gowtham/swarm_ws/install/crazyflie:/home/gowtham/swarm_ws/install/crazyflie_interfaces'}, 'shell': False}
[2.316719] (-) TimerEvent: {}
[2.388557] (swarm_guidance) Command: {'cmd': ['/usr/bin/python3', '-W', 'ignore:setup.py install is deprecated', '-W', 'ignore:easy_install command is deprecated', 'setup.py', 'develop', '--editable', '--build-directory', '/home/gowtham/crazyflie_ws/build/swarm_guidance/build', '--no-deps', 'symlink_data', '--force'], 'cwd': '/home/gowtham/crazyflie_ws/build/swarm_guidance', 'env': {'LESSOPEN': '| /usr/bin/lesspipe %s', 'LANGUAGE': 'en_IN:en', 'USER': 'gowtham', 'XDG_SESSION_TYPE': 'wayland', 'SHLVL': '1', 'LD_LIBRARY_PATH': '/home/gowtham/swarm_ws/install/crazyflie_interfaces/lib:/opt/ros/humble/opt/rviz_ogre_vendor/lib:/opt/ros/humble/lib/x86_64-linux-gnu:/opt/ros/humble/lib', 'HOME': '/home/gowtham', 'OLDPWD': '/home/gowtham', 'DESKTOP_SESSION': 'ubuntu', 'ROS_PYTHON_VERSION': '3', 'GNOME_SHELL_SESSION_MODE': 'ubuntu', 'GTK_MODULES': 'gail:atk-bridge', 'DBUS_STARTER_BUS_TYPE': 'session', 'SYSTEMD_EXEC_PID': '894', 'DBUS_SESSION_BUS_ADDRESS': 'unix:path=/run/user/1000/bus,guid=a7d0dcc49fe719d932a354c76a3a5fb6', 'COLORTERM': 'truecolor', 'IM_CONFIG_PHASE': '1', 'WAYLAND_DISPLAY': 'wayland-0', 'COLCON_PREFIX_PATH': '/home/gowtham/swarm_ws/install', 'ROS_DISTRO': 'humble', 'LOGNAME': 'gowtham', '_': '/usr/bin/colcon', 'ROS_VERSION': '2', 'XDG_SESSION_CLASS': 'user', 'USERNAME': 'gowtham', 'TERM': 'xterm-256color', 'GNOME_DESKTOP_SESSION_ID': 'this-is-deprecated', 'ROS_LOCALHOST_ONLY': '0', 'PATH': '/opt/ros/humble/bin:/home/gowtham/.local/bin:/usr/local/sbin:/usr/local/bin:/usr/sbin:/usr/bin:/sbin:/bin:/usr/games:/usr/local/games:/snap/bin:/snap/bin:/home/gowtham/.local/bin', 'SESSION_MANAGER': 'local/gowtham:@/tmp/.ICE-unix/894,unix/gowtham:/tmp/.ICE-unix/894', 'XDG_MENU_PREFIX': 'gnome-', 'GNOME_TERMINAL_SCREEN': '/org/gnome/Terminal/screen/fce09927_7e2d_4956_9fd4_e9a2e1e605f7', 'GNOME_SETUP_DISPLAY': ':1', 'XDG_RUNTIME_DIR': '/run/user/1000', 'DISPLAY': ':0', 'LANG': 'en_US.UTF-8', 'XDG_CURRENT_DESKTOP': 'ubuntu:GNOME', 'XMODIFIERS': '@im=ibus', 'XDG_SESSION_DESKTOP': 'ubuntu', 'XAUTHORITY': '/run/user/1000/.mutter-Xwaylandauth.EAJ5Q3', 'LS_COLORS': 'rs=0:di=01;34:ln=01;36:mh=00:pi=40;33:so=01;35:do=01;35:bd=40;33;01:cd=40;33;01:or=40;31;01:mi=00:su=37;41:sg=30;43:ca=30;41:tw=30;42:ow=34;42:st=37;44:ex=01;32:*.tar=01;31:*.tgz=01;31:*.arc=01;31:*.arj=01;31:*.taz=01;31:*.lha=01;31:*.lz4=01;31:*.lzh=01;31:*.lzma=01;31:*.tlz=01;31:*.txz=01;31:*.tzo=01;31:*.t7z=01;31:*.zip=01;31:*.z=01;31:*.dz=01;31:*.gz=01;31:*.lrz=01;31:*.lz=01;31:*.lzo=01;31:*.xz=01;31:*.zst=01;31:*.tzst=01;31:*.bz2=01;31:*.bz=01;31:*.tbz=01;31:*.tbz2=01;31:*.tz=01;31:*.deb=01;31:*.rpm=01;31:*.jar=01;31:*.war=01;31:*.ear=01;31:*.sar=01;31:*.rar=01;31:*.alz=01;31:*.ace=01;31:*.zoo=01;31:*.cpio=01;31:*.7z=01;31:*.rz=01;31:*.cab=01;31:*.wim=01;31:*.swm=01;31:*.dwm=01;31:*.esd=01;31:*.jpg=01;35:*.jpeg=01;35:*.mjpg=01;35:*.mjpeg=01;35:*.gif=01;35:*.bmp=01;35:*.pbm=01;35:*.pgm=01;35:*.ppm=01;35:*.tga=01;35:*.xbm=01;35:*.xpm=01;35:*.tif=01;35:*.tiff=01;35:*.png=01;35:*.svg=01;35:*.svgz=01;35:*.mng=01;35:*.pcx=01;35:*.mov=01;35:*.mpg=01;35:*.mpeg=01;35:*.m2v=01;35:*.mkv=01;35:*.webm=01;35:*.webp=01;35:*.ogm=01;35:*.mp4=01;35:*.m4v=01;35:*.mp4v=01;35:*.vob=01;35:*.qt=01;35:*.nuv=01;35:*.wmv=01;35:*.asf=01;35:*.rm=01;35:*.rmvb=01;35:*.flc=01;35:*.avi=01;35:*.fli=01;35:*.flv=01;35:*.gl=01;35:*.dl=01;35:*.xcf=01;35:*.xwd=01;35:*.yuv=01;35:*.cgm=01;35:*.emf=01;35:*.ogv=01;35:*.ogx=01;35:*.aac=00;36:*.au=00;36:*.flac=00;36:*.m4a=00;36:*.mid=00;36:*.midi=00;36:*.mka=00;36:*.mp3=00;36:*.mpc=00;36:*.ogg=00;36:*.ra=00;36:*.wav=00;36:*.oga=00;36:*.opus=00;36:*.spx=00;36:*.xspf=00;36:', 'GNOME_TERMINAL_SERVICE': ':1.233', 'SSH_AGENT_LAUNCHER': 'gnome-keyring', 'SSH_AUTH_SOCK': '/run/user/1000/keyring/ssh', 'AMENT_PREFIX_PATH': '/home/gowtham/swarm_ws/install/guidance_layer:/home/gowtham/swarm_ws/install/crazyflie_sim:/home/gowtham/swarm_ws/install/crazyflie_examples:/home/gowtham/swarm_ws/install/crazyflie_py:/home/gowtham/swarm_ws/install/crazyflie:/home/gowtham/swarm_ws/install/crazyflie_interfaces:/home/gowtham/swarm_ws/install/control_layer:/home/gowtham/swarm_ws/install/consensus_controller:/opt/ros/humble', 'SHELL': '/bin/bash', 'QT_ACCESSIBILITY': '1', 'GDMSESSION': 'ubuntu', 'LESSCLOSE': '/usr/bin/lesspipe %s %s', 'QT_IM_MODULE': 'ibus', 'PWD': '/home/gowtham/crazyflie_ws/build/swarm_guidance', 'LC_ALL': 'en_US.UTF-8', 'XDG_CONFIG_DIRS': '/etc/xdg/xdg-ubuntu:/etc/xdg', 'DBUS_STARTER_ADDRESS': 'unix:path=/run/user/1000/bus,guid=a7d0dcc49fe719d932a354c76a3a5fb6', 'XDG_DATA_DIRS': '/usr/share/ubuntu:/usr/local/share/:/usr/share/:/var/lib/snapd/desktop', 'PYTHONPATH': '/home/gowtham/crazyflie_ws/build/swarm_guidance/prefix_override:/usr/lib/python3/dist-packages/colcon_core/task/python/colcon_distutils_commands:/home/gowtham/crazyflie_ws/install/swarm_guidance/lib/python3.10/site-packages:/home/gowtham/crazyflie-firmware/build:/home/gowtham/crazyflie-firmware/build:/home/gowtham/swarm_ws/install/guidance_layer/lib/python3.10/site-packages:/home/gowtham/swarm_ws/install/crazyflie_sim/local/lib/python3.10/dist-packages:/home/gowtham/swarm_ws/install/crazyflie_examples/local/lib/python3.10/dist-packages:/home/gowtham/swarm_ws/install/crazyflie_py/lib/python3.10/site-packages:/home/gowtham/swarm_ws/install/crazyflie_interfaces/local/lib/python3.10/dist-packages:/home/gowtham/swarm_ws/install/control_layer/lib/python3.10/site-packages:/home/gowtham/swarm_ws/install/consensus_controller/lib/python3.10/site-packages:/opt/ros/humble/lib/python3.10/site-packages:/opt/ros/humble/local/lib/python3.10/dist-packages', 'COLCON': '1', 'VTE_VERSION': '6800', 'CMAKE_PREFIX_PATH': '/home/gowtham/swarm_ws/install/crazyflie_sim:/home/gowtham/swarm_ws/install/crazyflie_examples:/home/gowtham/swarm_ws/install/crazyflie:/home/gowtham/swarm_ws/install/crazyflie_interfaces'}, 'shell': False}
[2.416821] (-) TimerEvent: {}
[2.480760] (crazyflie_interfaces) StdoutLine: {'line': b'-- Using all available rosidl_typesupport_c: rosidl_typesupport_fastrtps_c;rosidl_typesupport_introspection_c\n'}
[2.516923] (-) TimerEvent: {}
[2.620006] (-) TimerEvent: {}
[2.720532] (-) TimerEvent: {}
[2.822892] (-) TimerEvent: {}
[2.923708] (-) TimerEvent: {}
[2.964302] (crazyflie_interfaces) StdoutLine: {'line': b'-- Using all available rosidl_typesupport_cpp: rosidl_typesupport_fastrtps_cpp;rosidl_typesupport_introspection_cpp\n'}
[2.968570] (swarm_navigation) StdoutLine: {'line': b'running develop\n'}
[3.024215] (-) TimerEvent: {}
[3.025582] (crazyflie_interfaces) StdoutLine: {'line': b'-- Found python_cmake_module: 0.10.0 (/opt/ros/humble/share/python_cmake_module/cmake)\n'}
[3.030771] (central_swarm_control) StdoutLine: {'line': b'running develop\n'}
[3.114439] (crazyflie_interfaces) StdoutLine: {'line': b'-- Using PYTHON_EXECUTABLE: /usr/bin/python3\n'}
[3.115935] (crazyflie_interfaces) StdoutLine: {'line': b'-- Using PYTHON_INCLUDE_DIRS: /usr/include/python3.10\n'}
[3.116491] (crazyflie_interfaces) StdoutLine: {'line': b'-- Using PYTHON_LIBRARIES: /usr/lib/x86_64-linux-gnu/libpython3.10.so\n'}
[3.124729] (-) TimerEvent: {}
[3.129690] (swarm_guidance) StdoutLine: {'line': b'running develop\n'}
[3.225822] (-) TimerEvent: {}
[3.305706] (crazyflie_interfaces) StdoutLine: {'line': b'-- Found ament_cmake_flake8: 0.12.15 (/opt/ros/humble/share/ament_cmake_flake8/cmake)\n'}
[3.314179] (crazyflie_interfaces) StdoutLine: {'line': b'-- Found ament_cmake_pep257: 0.12.15 (/opt/ros/humble/share/ament_cmake_pep257/cmake)\n'}
[3.325941] (-) TimerEvent: {}
[3.426615] (-) TimerEvent: {}
[3.498514] (swarm_navigation) StdoutLine: {'line': b'running egg_info\n'}
[3.499069] (swarm_navigation) StdoutLine: {'line': b'writing swarm_navigation.egg-info/PKG-INFO\n'}
[3.500783] (swarm_navigation) StdoutLine: {'line': b'writing dependency_links to swarm_navigation.egg-info/dependency_links.txt\n'}
[3.502753] (swarm_navigation) StdoutLine: {'line': b'writing entry points to swarm_navigation.egg-info/entry_points.txt\n'}
[3.503390] (swarm_navigation) StdoutLine: {'line': b'writing requirements to swarm_navigation.egg-info/requires.txt\n'}
[3.503905] (swarm_navigation) StdoutLine: {'line': b'writing top-level names to swarm_navigation.egg-info/top_level.txt\n'}
[3.504463] (swarm_navigation) StdoutLine: {'line': b"reading manifest file 'swarm_navigation.egg-info/SOURCES.txt'\n"}
[3.506247] (swarm_navigation) StdoutLine: {'line': b"writing manifest file 'swarm_navigation.egg-info/SOURCES.txt'\n"}
[3.510292] (swarm_navigation) StdoutLine: {'line': b'running build_ext\n'}
[3.510980] (swarm_navigation) StdoutLine: {'line': b'Creating /home/gowtham/crazyflie_ws/install/swarm_navigation/lib/python3.10/site-packages/swarm-navigation.egg-link (link to .)\n'}
[3.513147] (swarm_navigation) StdoutLine: {'line': b'Installing navigation_node script to /home/gowtham/crazyflie_ws/install/swarm_navigation/lib/swarm_navigation\n'}
[3.514417] (swarm_navigation) StdoutLine: {'line': b'\n'}
[3.514701] (swarm_navigation) StdoutLine: {'line': b'Installed /home/gowtham/crazyflie_ws/build/swarm_navigation\n'}
[3.514870] (swarm_navigation) StdoutLine: {'line': b'running symlink_data\n'}
[3.515808] (swarm_navigation) StdoutLine: {'line': b'symbolically linking /home/gowtham/crazyflie_ws/build/swarm_navigation/resource/swarm_navigation -> /home/gowtham/crazyflie_ws/install/swarm_navigation/share/ament_index/resource_index/packages\n'}
[3.516047] (swarm_navigation) StdoutLine: {'line': b'symbolically linking /home/gowtham/crazyflie_ws/build/swarm_navigation/package.xml -> /home/gowtham/crazyflie_ws/install/swarm_navigation/share/swarm_navigation\n'}
[3.529767] (-) TimerEvent: {}
[3.532688] (central_swarm_control) StdoutLine: {'line': b'running egg_info\n'}
[3.533224] (central_swarm_control) StdoutLine: {'line': b'writing central_swarm_control.egg-info/PKG-INFO\n'}
[3.533702] (central_swarm_control) StdoutLine: {'line': b'writing dependency_links to central_swarm_control.egg-info/dependency_links.txt\n'}
[3.534053] (central_swarm_control) StdoutLine: {'line': b'writing entry points to central_swarm_control.egg-info/entry_points.txt\n'}
[3.534336] (central_swarm_control) StdoutLine: {'line': b'writing requirements to central_swarm_control.egg-info/requires.txt\n'}
[3.534683] (central_swarm_control) StdoutLine: {'line': b'writing top-level names to central_swarm_control.egg-info/top_level.txt\n'}
[3.539516] (central_swarm_control) StdoutLine: {'line': b"reading manifest file 'central_swarm_control.egg-info/SOURCES.txt'\n"}
[3.541411] (central_swarm_control) StdoutLine: {'line': b"writing manifest file 'central_swarm_control.egg-info/SOURCES.txt'\n"}
[3.548134] (central_swarm_control) StdoutLine: {'line': b'running build_ext\n'}
[3.548774] (central_swarm_control) StdoutLine: {'line': b'Creating /home/gowtham/crazyflie_ws/install/central_swarm_control/lib/python3.10/site-packages/central-swarm-control.egg-link (link to .)\n'}
[3.551104] (central_swarm_control) StdoutLine: {'line': b'Installing control_node script to /home/gowtham/crazyflie_ws/install/central_swarm_control/lib/central_swarm_control\n'}
[3.551700] (central_swarm_control) StdoutLine: {'line': b'\n'}
[3.552050] (central_swarm_control) StdoutLine: {'line': b'Installed /home/gowtham/crazyflie_ws/build/central_swarm_control\n'}
[3.552202] (central_swarm_control) StdoutLine: {'line': b'running symlink_data\n'}
[3.552347] (central_swarm_control) StdoutLine: {'line': b'symbolically linking /home/gowtham/crazyflie_ws/build/central_swarm_control/resource/central_swarm_control -> /home/gowtham/crazyflie_ws/install/central_swarm_control/share/ament_index/resource_index/packages\n'}
[3.552491] (central_swarm_control) StdoutLine: {'line': b'symbolically linking /home/gowtham/crazyflie_ws/build/central_swarm_control/package.xml -> /home/gowtham/crazyflie_ws/install/central_swarm_control/share/central_swarm_control\n'}
[3.552630] (central_swarm_control) StdoutLine: {'line': b'symbolically linking /home/gowtham/crazyflie_ws/build/central_swarm_control/launch/physical_swarm.launch.py -> /home/gowtham/crazyflie_ws/install/central_swarm_control/share/central_swarm_control/launch\n'}
[3.552816] (central_swarm_control) StdoutLine: {'line': b'symbolically linking /home/gowtham/crazyflie_ws/build/central_swarm_control/config/crazyflies.yaml -> /home/gowtham/crazyflie_ws/install/central_swarm_control/share/central_swarm_control/config\n'}
[3.615939] (swarm_navigation) CommandEnded: {'returncode': 0}
[3.632820] (-) TimerEvent: {}
[3.666077] (swarm_navigation) JobEnded: {'identifier': 'swarm_navigation', 'rc': 0}
[3.669261] (central_swarm_control) CommandEnded: {'returncode': 0}
[3.688119] (central_swarm_control) JobEnded: {'identifier': 'central_swarm_control', 'rc': 0}
[3.701086] (crazyflie_interfaces) StdoutLine: {'line': b'-- Configuring done\n'}
[3.721694] (swarm_guidance) StdoutLine: {'line': b'running egg_info\n'}
[3.722118] (swarm_guidance) StdoutLine: {'line': b'writing swarm_guidance.egg-info/PKG-INFO\n'}
[3.722536] (swarm_guidance) StdoutLine: {'line': b'writing dependency_links to swarm_guidance.egg-info/dependency_links.txt\n'}
[3.723248] (swarm_guidance) StdoutLine: {'line': b'writing entry points to swarm_guidance.egg-info/entry_points.txt\n'}
[3.723742] (swarm_guidance) StdoutLine: {'line': b'writing requirements to swarm_guidance.egg-info/requires.txt\n'}
[3.723899] (swarm_guidance) StdoutLine: {'line': b'writing top-level names to swarm_guidance.egg-info/top_level.txt\n'}
[3.727472] (swarm_guidance) StdoutLine: {'line': b"reading manifest file 'swarm_guidance.egg-info/SOURCES.txt'\n"}
[3.729139] (swarm_guidance) StdoutLine: {'line': b"writing manifest file 'swarm_guidance.egg-info/SOURCES.txt'\n"}
[3.731442] (swarm_guidance) StdoutLine: {'line': b'running build_ext\n'}
[3.732033] (swarm_guidance) StdoutLine: {'line': b'Creating /home/gowtham/crazyflie_ws/install/swarm_guidance/lib/python3.10/site-packages/swarm-guidance.egg-link (link to .)\n'}
[3.732921] (swarm_guidance) StdoutLine: {'line': b'Installing guidance_node script to /home/gowtham/crazyflie_ws/install/swarm_guidance/lib/swarm_guidance\n'}
[3.733109] (-) TimerEvent: {}
[3.733694] (swarm_guidance) StdoutLine: {'line': b'\n'}
[3.734193] (swarm_guidance) StdoutLine: {'line': b'Installed /home/gowtham/crazyflie_ws/build/swarm_guidance\n'}
[3.734342] (swarm_guidance) StdoutLine: {'line': b'running symlink_data\n'}
[3.734445] (swarm_guidance) StdoutLine: {'line': b'symbolically linking /home/gowtham/crazyflie_ws/build/swarm_guidance/resource/swarm_guidance -> /home/gowtham/crazyflie_ws/install/swarm_guidance/share/ament_index/resource_index/packages\n'}
[3.735090] (swarm_guidance) StdoutLine: {'line': b'symbolically linking /home/gowtham/crazyflie_ws/build/swarm_guidance/package.xml -> /home/gowtham/crazyflie_ws/install/swarm_guidance/share/swarm_guidance\n'}
[3.796482] (swarm_guidance) CommandEnded: {'returncode': 0}
[3.811747] (swarm_guidance) JobEnded: {'identifier': 'swarm_guidance', 'rc': 0}
[3.833242] (-) TimerEvent: {}
[3.864780] (crazyflie_interfaces) StdoutLine: {'line': b'-- Generating done\n'}
[3.889298] (crazyflie_interfaces) StdoutLine: {'line': b'-- Build files have been written to: /home/gowtham/crazyflie_ws/build/crazyflie_interfaces\n'}
[3.906538] (crazyflie_interfaces) CommandEnded: {'returncode': 0}
[3.908008] (crazyflie_interfaces) JobProgress: {'identifier': 'crazyflie_interfaces', 'progress': 'build'}
[3.909862] (crazyflie_interfaces) Command: {'cmd': ['/usr/bin/cmake', '--build', '/home/gowtham/crazyflie_ws/build/crazyflie_interfaces', '--', '-j4', '-l4'], 'cwd': '/home/gowtham/crazyflie_ws/build/crazyflie_interfaces', 'env': OrderedDict([('LESSOPEN', '| /usr/bin/lesspipe %s'), ('LANGUAGE', 'en_IN:en'), ('USER', 'gowtham'), ('XDG_SESSION_TYPE', 'wayland'), ('SHLVL', '1'), ('LD_LIBRARY_PATH', '/home/gowtham/swarm_ws/install/crazyflie_interfaces/lib:/opt/ros/humble/opt/rviz_ogre_vendor/lib:/opt/ros/humble/lib/x86_64-linux-gnu:/opt/ros/humble/lib'), ('HOME', '/home/gowtham'), ('OLDPWD', '/home/gowtham'), ('DESKTOP_SESSION', 'ubuntu'), ('ROS_PYTHON_VERSION', '3'), ('GNOME_SHELL_SESSION_MODE', 'ubuntu'), ('GTK_MODULES', 'gail:atk-bridge'), ('DBUS_STARTER_BUS_TYPE', 'session'), ('SYSTEMD_EXEC_PID', '894'), ('DBUS_SESSION_BUS_ADDRESS', 'unix:path=/run/user/1000/bus,guid=a7d0dcc49fe719d932a354c76a3a5fb6'), ('COLORTERM', 'truecolor'), ('IM_CONFIG_PHASE', '1'), ('WAYLAND_DISPLAY', 'wayland-0'), ('COLCON_PREFIX_PATH', '/home/gowtham/swarm_ws/install'), ('ROS_DISTRO', 'humble'), ('LOGNAME', 'gowtham'), ('_', '/usr/bin/colcon'), ('ROS_VERSION', '2'), ('XDG_SESSION_CLASS', 'user'), ('USERNAME', 'gowtham'), ('TERM', 'xterm-256color'), ('GNOME_DESKTOP_SESSION_ID', 'this-is-deprecated'), ('ROS_LOCALHOST_ONLY', '0'), ('PATH', '/opt/ros/humble/bin:/home/gowtham/.local/bin:/usr/local/sbin:/usr/local/bin:/usr/sbin:/usr/bin:/sbin:/bin:/usr/games:/usr/local/games:/snap/bin:/snap/bin:/home/gowtham/.local/bin'), ('SESSION_MANAGER', 'local/gowtham:@/tmp/.ICE-unix/894,unix/gowtham:/tmp/.ICE-unix/894'), ('XDG_MENU_PREFIX', 'gnome-'), ('GNOME_TERMINAL_SCREEN', '/org/gnome/Terminal/screen/fce09927_7e2d_4956_9fd4_e9a2e1e605f7'), ('GNOME_SETUP_DISPLAY', ':1'), ('XDG_RUNTIME_DIR', '/run/user/1000'), ('DISPLAY', ':0'), ('LANG', 'en_US.UTF-8'), ('XDG_CURRENT_DESKTOP', 'ubuntu:GNOME'), ('XMODIFIERS', '@im=ibus'), ('XDG_SESSION_DESKTOP', 'ubuntu'), ('XAUTHORITY', '/run/user/1000/.mutter-Xwaylandauth.EAJ5Q3'), ('LS_COLORS', 'rs=0:di=01;34:ln=01;36:mh=00:pi=40;33:so=01;35:do=01;35:bd=40;33;01:cd=40;33;01:or=40;31;01:mi=00:su=37;41:sg=30;43:ca=30;41:tw=30;42:ow=34;42:st=37;44:ex=01;32:*.tar=01;31:*.tgz=01;31:*.arc=01;31:*.arj=01;31:*.taz=01;31:*.lha=01;31:*.lz4=01;31:*.lzh=01;31:*.lzma=01;31:*.tlz=01;31:*.txz=01;31:*.tzo=01;31:*.t7z=01;31:*.zip=01;31:*.z=01;31:*.dz=01;31:*.gz=01;31:*.lrz=01;31:*.lz=01;31:*.lzo=01;31:*.xz=01;31:*.zst=01;31:*.tzst=01;31:*.bz2=01;31:*.bz=01;31:*.tbz=01;31:*.tbz2=01;31:*.tz=01;31:*.deb=01;31:*.rpm=01;31:*.jar=01;31:*.war=01;31:*.ear=01;31:*.sar=01;31:*.rar=01;31:*.alz=01;31:*.ace=01;31:*.zoo=01;31:*.cpio=01;31:*.7z=01;31:*.rz=01;31:*.cab=01;31:*.wim=01;31:*.swm=01;31:*.dwm=01;31:*.esd=01;31:*.jpg=01;35:*.jpeg=01;35:*.mjpg=01;35:*.mjpeg=01;35:*.gif=01;35:*.bmp=01;35:*.pbm=01;35:*.pgm=01;35:*.ppm=01;35:*.tga=01;35:*.xbm=01;35:*.xpm=01;35:*.tif=01;35:*.tiff=01;35:*.png=01;35:*.svg=01;35:*.svgz=01;35:*.mng=01;35:*.pcx=01;35:*.mov=01;35:*.mpg=01;35:*.mpeg=01;35:*.m2v=01;35:*.mkv=01;35:*.webm=01;35:*.webp=01;35:*.ogm=01;35:*.mp4=01;35:*.m4v=01;35:*.mp4v=01;35:*.vob=01;35:*.qt=01;35:*.nuv=01;35:*.wmv=01;35:*.asf=01;35:*.rm=01;35:*.rmvb=01;35:*.flc=01;35:*.avi=01;35:*.fli=01;35:*.flv=01;35:*.gl=01;35:*.dl=01;35:*.xcf=01;35:*.xwd=01;35:*.yuv=01;35:*.cgm=01;35:*.emf=01;35:*.ogv=01;35:*.ogx=01;35:*.aac=00;36:*.au=00;36:*.flac=00;36:*.m4a=00;36:*.mid=00;36:*.midi=00;36:*.mka=00;36:*.mp3=00;36:*.mpc=00;36:*.ogg=00;36:*.ra=00;36:*.wav=00;36:*.oga=00;36:*.opus=00;36:*.spx=00;36:*.xspf=00;36:'), ('GNOME_TERMINAL_SERVICE', ':1.233'), ('SSH_AGENT_LAUNCHER', 'gnome-keyring'), ('SSH_AUTH_SOCK', '/run/user/1000/keyring/ssh'), ('AMENT_PREFIX_PATH', '/home/gowtham/swarm_ws/install/guidance_layer:/home/gowtham/swarm_ws/install/crazyflie_sim:/home/gowtham/swarm_ws/install/crazyflie_examples:/home/gowtham/swarm_ws/install/crazyflie_py:/home/gowtham/swarm_ws/install/crazyflie:/home/gowtham/swarm_ws/install/crazyflie_interfaces:/home/gowtham/swarm_ws/install/control_layer:/home/gowtham/swarm_ws/install/consensus_controller:/opt/ros/humble'), ('SHELL', '/bin/bash'), ('QT_ACCESSIBILITY', '1'), ('GDMSESSION', 'ubuntu'), ('LESSCLOSE', '/usr/bin/lesspipe %s %s'), ('QT_IM_MODULE', 'ibus'), ('PWD', '/home/gowtham/crazyflie_ws/build/crazyflie_interfaces'), ('LC_ALL', 'en_US.UTF-8'), ('XDG_CONFIG_DIRS', '/etc/xdg/xdg-ubuntu:/etc/xdg'), ('DBUS_STARTER_ADDRESS', 'unix:path=/run/user/1000/bus,guid=a7d0dcc49fe719d932a354c76a3a5fb6'), ('XDG_DATA_DIRS', '/usr/share/ubuntu:/usr/local/share/:/usr/share/:/var/lib/snapd/desktop'), ('PYTHONPATH', '/home/gowtham/crazyflie-firmware/build:/home/gowtham/crazyflie-firmware/build:/home/gowtham/swarm_ws/install/guidance_layer/lib/python3.10/site-packages:/home/gowtham/swarm_ws/install/crazyflie_sim/local/lib/python3.10/dist-packages:/home/gowtham/swarm_ws/install/crazyflie_examples/local/lib/python3.10/dist-packages:/home/gowtham/swarm_ws/install/crazyflie_py/lib/python3.10/site-packages:/home/gowtham/swarm_ws/install/crazyflie_interfaces/local/lib/python3.10/dist-packages:/home/gowtham/swarm_ws/install/control_layer/lib/python3.10/site-packages:/home/gowtham/swarm_ws/install/consensus_controller/lib/python3.10/site-packages:/opt/ros/humble/lib/python3.10/site-packages:/opt/ros/humble/local/lib/python3.10/dist-packages'), ('COLCON', '1'), ('VTE_VERSION', '6800'), ('CMAKE_PREFIX_PATH', '/home/gowtham/swarm_ws/install/crazyflie_sim:/home/gowtham/swarm_ws/install/crazyflie_examples:/home/gowtham/swarm_ws/install/crazyflie:/home/gowtham/swarm_ws/install/crazyflie_interfaces:/home/gowtham/swarm_ws/install/guidance_layer:/home/gowtham/swarm_ws/install/crazyflie_py:/home/gowtham/swarm_ws/install/control_layer:/home/gowtham/swarm_ws/install/consensus_controller:/opt/ros/humble')]), 'shell': False}
[3.933352] (-) TimerEvent: {}
[4.034741] (-) TimerEvent: {}
[4.069479] (crazyflie_interfaces) StdoutLine: {'line': b'\x1b[35m\x1b[1mConsolidate compiler generated dependencies of target crazyflie_interfaces__rosidl_generator_c\x1b[0m\n'}
[4.080846] (crazyflie_interfaces) StdoutLine: {'line': b'[  0%] Built target crazyflie_interfaces__cpp\n'}
[4.088354] (crazyflie_interfaces) StdoutLine: {'line': b'[  0%] Built target ament_cmake_python_symlink_crazyflie_interfaces\n'}
[4.089973] (crazyflie_interfaces) StdoutLine: {'line': b'[  1%] Built target crazyflie_interfaces__rs\n'}
[4.136755] (-) TimerEvent: {}
[4.153244] (crazyflie_interfaces) StdoutLine: {'line': b'\x1b[35m\x1b[1mConsolidate compiler generated dependencies of target crazyflie_interfaces__rosidl_typesupport_introspection_cpp\x1b[0m\n'}
[4.153740] (crazyflie_interfaces) StdoutLine: {'line': b'\x1b[35m\x1b[1mConsolidate compiler generated dependencies of target crazyflie_interfaces__rosidl_typesupport_fastrtps_cpp\x1b[0m\n'}
[4.192679] (crazyflie_interfaces) StdoutLine: {'line': b'\x1b[35m\x1b[1mConsolidate compiler generated dependencies of target crazyflie_interfaces__rosidl_typesupport_cpp\x1b[0m\n'}
[4.236751] (crazyflie_interfaces) StdoutLine: {'line': b'[ 13%] Built target crazyflie_interfaces__rosidl_generator_c\n'}
[4.237058] (-) TimerEvent: {}
[4.296333] (crazyflie_interfaces) StdoutLine: {'line': b'[ 25%] Built target crazyflie_interfaces__rosidl_typesupport_introspection_cpp\n'}
[4.322807] (crazyflie_interfaces) StdoutLine: {'line': b'[ 37%] Built target crazyflie_interfaces__rosidl_typesupport_fastrtps_cpp\n'}
[4.339471] (-) TimerEvent: {}
[4.344249] (crazyflie_interfaces) StdoutLine: {'line': b'\x1b[35m\x1b[1mConsolidate compiler generated dependencies of target crazyflie_interfaces__rosidl_typesupport_fastrtps_c\x1b[0m\n'}
[4.365324] (crazyflie_interfaces) StdoutLine: {'line': b'[ 49%] Built target crazyflie_interfaces__rosidl_typesupport_cpp\n'}
[4.386845] (crazyflie_interfaces) StdoutLine: {'line': b'\x1b[35m\x1b[1mConsolidate compiler generated dependencies of target crazyflie_interfaces__rosidl_typesupport_introspection_c\x1b[0m\n'}
[4.441716] (-) TimerEvent: {}
[4.449961] (crazyflie_interfaces) StdoutLine: {'line': b'\x1b[35m\x1b[1mConsolidate compiler generated dependencies of target crazyflie_interfaces__rosidl_typesupport_c\x1b[0m\n'}
[4.479074] (crazyflie_interfaces) StdoutLine: {'line': b'[ 61%] Built target crazyflie_interfaces__rosidl_typesupport_introspection_c\n'}
[4.482838] (crazyflie_interfaces) StdoutLine: {'line': b'[ 73%] Built target crazyflie_interfaces__rosidl_typesupport_fastrtps_c\n'}
[4.511817] (crazyflie_interfaces) StdoutLine: {'line': b'[ 85%] Built target crazyflie_interfaces__rosidl_typesupport_c\n'}
[4.541839] (-) TimerEvent: {}
[4.566364] (crazyflie_interfaces) StdoutLine: {'line': b'[ 85%] Built target crazyflie_interfaces\n'}
[4.622518] (crazyflie_interfaces) StdoutLine: {'line': b'[ 86%] Built target crazyflie_interfaces__py\n'}
[4.641952] (-) TimerEvent: {}
[4.668268] (crazyflie_interfaces) StdoutLine: {'line': b'\x1b[35m\x1b[1mConsolidate compiler generated dependencies of target crazyflie_interfaces__rosidl_generator_py\x1b[0m\n'}
[4.742081] (-) TimerEvent: {}
[4.764076] (crazyflie_interfaces) StdoutLine: {'line': b'[ 97%] Built target crazyflie_interfaces__rosidl_generator_py\n'}
[4.803092] (crazyflie_interfaces) StdoutLine: {'line': b'\x1b[35m\x1b[1mConsolidate compiler generated dependencies of target crazyflie_interfaces__rosidl_typesupport_c__pyext\x1b[0m\n'}
[4.821336] (crazyflie_interfaces) StdoutLine: {'line': b'\x1b[35m\x1b[1mConsolidate compiler generated dependencies of target crazyflie_interfaces__rosidl_typesupport_fastrtps_c__pyext\x1b[0m\n'}
[4.833022] (crazyflie_interfaces) StdoutLine: {'line': b'\x1b[35m\x1b[1mConsolidate compiler generated dependencies of target crazyflie_interfaces__rosidl_typesupport_introspection_c__pyext\x1b[0m\n'}
[4.843820] (-) TimerEvent: {}
[4.869729] (crazyflie_interfaces) StdoutLine: {'line': b'[ 98%] Built target crazyflie_interfaces__rosidl_typesupport_fastrtps_c__pyext\n'}
[4.903822] (crazyflie_interfaces) StdoutLine: {'line': b'[ 99%] Built target crazyflie_interfaces__rosidl_typesupport_introspection_c__pyext\n'}
[4.908788] (crazyflie_interfaces) StdoutLine: {'line': b'[100%] Built target crazyflie_interfaces__rosidl_typesupport_c__pyext\n'}
[4.943942] (-) TimerEvent: {}
[5.044363] (-) TimerEvent: {}
[5.051487] (crazyflie_interfaces) StdoutLine: {'line': b'running egg_info\n'}
[5.053221] (crazyflie_interfaces) StdoutLine: {'line': b'writing crazyflie_interfaces.egg-info/PKG-INFO\n'}
[5.053647] (crazyflie_interfaces) StdoutLine: {'line': b'writing dependency_links to crazyflie_interfaces.egg-info/dependency_links.txt\n'}
[5.054035] (crazyflie_interfaces) StdoutLine: {'line': b'writing top-level names to crazyflie_interfaces.egg-info/top_level.txt\n'}
[5.060567] (crazyflie_interfaces) StdoutLine: {'line': b"reading manifest file 'crazyflie_interfaces.egg-info/SOURCES.txt'\n"}
[5.062841] (crazyflie_interfaces) StdoutLine: {'line': b"writing manifest file 'crazyflie_interfaces.egg-info/SOURCES.txt'\n"}
[5.130655] (crazyflie_interfaces) StdoutLine: {'line': b'[100%] Built target ament_cmake_python_build_crazyflie_interfaces_egg\n'}
[5.144511] (-) TimerEvent: {}
[5.163713] (crazyflie_interfaces) CommandEnded: {'returncode': 0}
[5.166373] (crazyflie_interfaces) JobProgress: {'identifier': 'crazyflie_interfaces', 'progress': 'install'}
[5.191084] (crazyflie_interfaces) Command: {'cmd': ['/usr/bin/cmake', '--install', '/home/gowtham/crazyflie_ws/build/crazyflie_interfaces'], 'cwd': '/home/gowtham/crazyflie_ws/build/crazyflie_interfaces', 'env': OrderedDict([('LESSOPEN', '| /usr/bin/lesspipe %s'), ('LANGUAGE', 'en_IN:en'), ('USER', 'gowtham'), ('XDG_SESSION_TYPE', 'wayland'), ('SHLVL', '1'), ('LD_LIBRARY_PATH', '/home/gowtham/swarm_ws/install/crazyflie_interfaces/lib:/opt/ros/humble/opt/rviz_ogre_vendor/lib:/opt/ros/humble/lib/x86_64-linux-gnu:/opt/ros/humble/lib'), ('HOME', '/home/gowtham'), ('OLDPWD', '/home/gowtham'), ('DESKTOP_SESSION', 'ubuntu'), ('ROS_PYTHON_VERSION', '3'), ('GNOME_SHELL_SESSION_MODE', 'ubuntu'), ('GTK_MODULES', 'gail:atk-bridge'), ('DBUS_STARTER_BUS_TYPE', 'session'), ('SYSTEMD_EXEC_PID', '894'), ('DBUS_SESSION_BUS_ADDRESS', 'unix:path=/run/user/1000/bus,guid=a7d0dcc49fe719d932a354c76a3a5fb6'), ('COLORTERM', 'truecolor'), ('IM_CONFIG_PHASE', '1'), ('WAYLAND_DISPLAY', 'wayland-0'), ('COLCON_PREFIX_PATH', '/home/gowtham/swarm_ws/install'), ('ROS_DISTRO', 'humble'), ('LOGNAME', 'gowtham'), ('_', '/usr/bin/colcon'), ('ROS_VERSION', '2'), ('XDG_SESSION_CLASS', 'user'), ('USERNAME', 'gowtham'), ('TERM', 'xterm-256color'), ('GNOME_DESKTOP_SESSION_ID', 'this-is-deprecated'), ('ROS_LOCALHOST_ONLY', '0'), ('PATH', '/opt/ros/humble/bin:/home/gowtham/.local/bin:/usr/local/sbin:/usr/local/bin:/usr/sbin:/usr/bin:/sbin:/bin:/usr/games:/usr/local/games:/snap/bin:/snap/bin:/home/gowtham/.local/bin'), ('SESSION_MANAGER', 'local/gowtham:@/tmp/.ICE-unix/894,unix/gowtham:/tmp/.ICE-unix/894'), ('XDG_MENU_PREFIX', 'gnome-'), ('GNOME_TERMINAL_SCREEN', '/org/gnome/Terminal/screen/fce09927_7e2d_4956_9fd4_e9a2e1e605f7'), ('GNOME_SETUP_DISPLAY', ':1'), ('XDG_RUNTIME_DIR', '/run/user/1000'), ('DISPLAY', ':0'), ('LANG', 'en_US.UTF-8'), ('XDG_CURRENT_DESKTOP', 'ubuntu:GNOME'), ('XMODIFIERS', '@im=ibus'), ('XDG_SESSION_DESKTOP', 'ubuntu'), ('XAUTHORITY', '/run/user/1000/.mutter-Xwaylandauth.EAJ5Q3'), ('LS_COLORS', 'rs=0:di=01;34:ln=01;36:mh=00:pi=40;33:so=01;35:do=01;35:bd=40;33;01:cd=40;33;01:or=40;31;01:mi=00:su=37;41:sg=30;43:ca=30;41:tw=30;42:ow=34;42:st=37;44:ex=01;32:*.tar=01;31:*.tgz=01;31:*.arc=01;31:*.arj=01;31:*.taz=01;31:*.lha=01;31:*.lz4=01;31:*.lzh=01;31:*.lzma=01;31:*.tlz=01;31:*.txz=01;31:*.tzo=01;31:*.t7z=01;31:*.zip=01;31:*.z=01;31:*.dz=01;31:*.gz=01;31:*.lrz=01;31:*.lz=01;31:*.lzo=01;31:*.xz=01;31:*.zst=01;31:*.tzst=01;31:*.bz2=01;31:*.bz=01;31:*.tbz=01;31:*.tbz2=01;31:*.tz=01;31:*.deb=01;31:*.rpm=01;31:*.jar=01;31:*.war=01;31:*.ear=01;31:*.sar=01;31:*.rar=01;31:*.alz=01;31:*.ace=01;31:*.zoo=01;31:*.cpio=01;31:*.7z=01;31:*.rz=01;31:*.cab=01;31:*.wim=01;31:*.swm=01;31:*.dwm=01;31:*.esd=01;31:*.jpg=01;35:*.jpeg=01;35:*.mjpg=01;35:*.mjpeg=01;35:*.gif=01;35:*.bmp=01;35:*.pbm=01;35:*.pgm=01;35:*.ppm=01;35:*.tga=01;35:*.xbm=01;35:*.xpm=01;35:*.tif=01;35:*.tiff=01;35:*.png=01;35:*.svg=01;35:*.svgz=01;35:*.mng=01;35:*.pcx=01;35:*.mov=01;35:*.mpg=01;35:*.mpeg=01;35:*.m2v=01;35:*.mkv=01;35:*.webm=01;35:*.webp=01;35:*.ogm=01;35:*.mp4=01;35:*.m4v=01;35:*.mp4v=01;35:*.vob=01;35:*.qt=01;35:*.nuv=01;35:*.wmv=01;35:*.asf=01;35:*.rm=01;35:*.rmvb=01;35:*.flc=01;35:*.avi=01;35:*.fli=01;35:*.flv=01;35:*.gl=01;35:*.dl=01;35:*.xcf=01;35:*.xwd=01;35:*.yuv=01;35:*.cgm=01;35:*.emf=01;35:*.ogv=01;35:*.ogx=01;35:*.aac=00;36:*.au=00;36:*.flac=00;36:*.m4a=00;36:*.mid=00;36:*.midi=00;36:*.mka=00;36:*.mp3=00;36:*.mpc=00;36:*.ogg=00;36:*.ra=00;36:*.wav=00;36:*.oga=00;36:*.opus=00;36:*.spx=00;36:*.xspf=00;36:'), ('GNOME_TERMINAL_SERVICE', ':1.233'), ('SSH_AGENT_LAUNCHER', 'gnome-keyring'), ('SSH_AUTH_SOCK', '/run/user/1000/keyring/ssh'), ('AMENT_PREFIX_PATH', '/home/gowtham/swarm_ws/install/guidance_layer:/home/gowtham/swarm_ws/install/crazyflie_sim:/home/gowtham/swarm_ws/install/crazyflie_examples:/home/gowtham/swarm_ws/install/crazyflie_py:/home/gowtham/swarm_ws/install/crazyflie:/home/gowtham/swarm_ws/install/crazyflie_interfaces:/home/gowtham/swarm_ws/install/control_layer:/home/gowtham/swarm_ws/install/consensus_controller:/opt/ros/humble'), ('SHELL', '/bin/bash'), ('QT_ACCESSIBILITY', '1'), ('GDMSESSION', 'ubuntu'), ('LESSCLOSE', '/usr/bin/lesspipe %s %s'), ('QT_IM_MODULE', 'ibus'), ('PWD', '/home/gowtham/crazyflie_ws/build/crazyflie_interfaces'), ('LC_ALL', 'en_US.UTF-8'), ('XDG_CONFIG_DIRS', '/etc/xdg/xdg-ubuntu:/etc/xdg'), ('DBUS_STARTER_ADDRESS', 'unix:path=/run/user/1000/bus,guid=a7d0dcc49fe719d932a354c76a3a5fb6'), ('XDG_DATA_DIRS', '/usr/share/ubuntu:/usr/local/share/:/usr/share/:/var/lib/snapd/desktop'), ('PYTHONPATH', '/home/gowtham/crazyflie-firmware/build:/home/gowtham/crazyflie-firmware/build:/home/gowtham/swarm_ws/install/guidance_layer/lib/python3.10/site-packages:/home/gowtham/swarm_ws/install/crazyflie_sim/local/lib/python3.10/dist-packages:/home/gowtham/swarm_ws/install/crazyflie_examples/local/lib/python3.10/dist-packages:/home/gowtham/swarm_ws/install/crazyflie_py/lib/python3.10/site-packages:/home/gowtham/swarm_ws/install/crazyflie_interfaces/local/lib/python3.10/dist-packages:/home/gowtham/swarm_ws/install/control_layer/lib/python3.10/site-packages:/home/gowtham/swarm_ws/install/consensus_controller/lib/python3.10/site-packages:/opt/ros/humble/lib/python3.10/site-packages:/opt/ros/humble/local/lib/python3.10/dist-packages'), ('COLCON', '1'), ('VTE_VERSION', '6800'), ('CMAKE_PREFIX_PATH', '/home/gowtham/swarm_ws/install/crazyflie_sim:/home/gowtham/swarm_ws/install/crazyflie_examples:/home/gowtham/swarm_ws/install/crazyflie:/home/gowtham/swarm_ws/install/crazyflie_interfaces:/home/gowtham/swarm_ws/install/guidance_layer:/home/gowtham/swarm_ws/install/crazyflie_py:/home/gowtham/swarm_ws/install/control_layer:/home/gowtham/swarm_ws/install/consensus_controller:/opt/ros/humble')]), 'shell': False}
[5.208516] (crazyflie_interfaces) StdoutLine: {'line': b'-- Install configuration: ""\n'}
[5.210897] (crazyflie_interfaces) StdoutLine: {'line': b'-- Execute custom install script\n'}
[5.215320] (crazyflie_interfaces) StdoutLine: {'line': b'-- Up-to-date symlink: /home/gowtham/crazyflie_ws/install/crazyflie_interfaces/share/ament_index/resource_index/rosidl_interfaces/crazyflie_interfaces\n'}
[5.215578] (crazyflie_interfaces) StdoutLine: {'line': b'-- Up-to-date symlink: /home/gowtham/crazyflie_ws/install/crazyflie_interfaces/include/crazyflie_interfaces/crazyflie_interfaces/msg/connection_statistics.h\n'}
[5.215766] (crazyflie_interfaces) StdoutLine: {'line': b'-- Up-to-date symlink: /home/gowtham/crazyflie_ws/install/crazyflie_interfaces/include/crazyflie_interfaces/crazyflie_interfaces/msg/connection_statistics_array.h\n'}
[5.215933] (crazyflie_interfaces) StdoutLine: {'line': b'-- Up-to-date symlink: /home/gowtham/crazyflie_ws/install/crazyflie_interfaces/include/crazyflie_interfaces/crazyflie_interfaces/msg/detail/connection_statistics__functions.h\n'}
[5.217229] (crazyflie_interfaces) StdoutLine: {'line': b'-- Up-to-date symlink: /home/gowtham/crazyflie_ws/install/crazyflie_interfaces/include/crazyflie_interfaces/crazyflie_interfaces/msg/detail/connection_statistics__struct.h\n'}
[5.217434] (crazyflie_interfaces) StdoutLine: {'line': b'-- Up-to-date symlink: /home/gowtham/crazyflie_ws/install/crazyflie_interfaces/include/crazyflie_interfaces/crazyflie_interfaces/msg/detail/connection_statistics__type_support.h\n'}
[5.217580] (crazyflie_interfaces) StdoutLine: {'line': b'-- Up-to-date symlink: /home/gowtham/crazyflie_ws/install/crazyflie_interfaces/include/crazyflie_interfaces/crazyflie_interfaces/msg/detail/connection_statistics_array__functions.h\n'}
[5.217826] (crazyflie_interfaces) StdoutLine: {'line': b'-- Up-to-date symlink: /home/gowtham/crazyflie_ws/install/crazyflie_interfaces/include/crazyflie_interfaces/crazyflie_interfaces/msg/detail/connection_statistics_array__struct.h\n'}
[5.217972] (crazyflie_interfaces) StdoutLine: {'line': b'-- Up-to-date symlink: /home/gowtham/crazyflie_ws/install/crazyflie_interfaces/include/crazyflie_interfaces/crazyflie_interfaces/msg/detail/connection_statistics_array__type_support.h\n'}
[5.218102] (crazyflie_interfaces) StdoutLine: {'line': b'-- Up-to-date symlink: /home/gowtham/crazyflie_ws/install/crazyflie_interfaces/include/crazyflie_interfaces/crazyflie_interfaces/msg/detail/full_state__functions.h\n'}
[5.218241] (crazyflie_interfaces) StdoutLine: {'line': b'-- Up-to-date symlink: /home/gowtham/crazyflie_ws/install/crazyflie_interfaces/include/crazyflie_interfaces/crazyflie_interfaces/msg/detail/full_state__struct.h\n'}
[5.218373] (crazyflie_interfaces) StdoutLine: {'line': b'-- Up-to-date symlink: /home/gowtham/crazyflie_ws/install/crazyflie_interfaces/include/crazyflie_interfaces/crazyflie_interfaces/msg/detail/full_state__type_support.h\n'}
[5.219442] (crazyflie_interfaces) StdoutLine: {'line': b'-- Up-to-date symlink: /home/gowtham/crazyflie_ws/install/crazyflie_interfaces/include/crazyflie_interfaces/crazyflie_interfaces/msg/detail/hover__functions.h\n'}
[5.219879] (crazyflie_interfaces) StdoutLine: {'line': b'-- Up-to-date symlink: /home/gowtham/crazyflie_ws/install/crazyflie_interfaces/include/crazyflie_interfaces/crazyflie_interfaces/msg/detail/hover__struct.h\n'}
[5.220046] (crazyflie_interfaces) StdoutLine: {'line': b'-- Up-to-date symlink: /home/gowtham/crazyflie_ws/install/crazyflie_interfaces/include/crazyflie_interfaces/crazyflie_interfaces/msg/detail/hover__type_support.h\n'}
[5.220177] (crazyflie_interfaces) StdoutLine: {'line': b'-- Up-to-date symlink: /home/gowtham/crazyflie_ws/install/crazyflie_interfaces/include/crazyflie_interfaces/crazyflie_interfaces/msg/detail/log_block__functions.h\n'}
[5.220313] (crazyflie_interfaces) StdoutLine: {'line': b'-- Up-to-date symlink: /home/gowtham/crazyflie_ws/install/crazyflie_interfaces/include/crazyflie_interfaces/crazyflie_interfaces/msg/detail/log_block__struct.h\n'}
[5.220442] (crazyflie_interfaces) StdoutLine: {'line': b'-- Up-to-date symlink: /home/gowtham/crazyflie_ws/install/crazyflie_interfaces/include/crazyflie_interfaces/crazyflie_interfaces/msg/detail/log_block__type_support.h\n'}
[5.220578] (crazyflie_interfaces) StdoutLine: {'line': b'-- Up-to-date symlink: /home/gowtham/crazyflie_ws/install/crazyflie_interfaces/include/crazyflie_interfaces/crazyflie_interfaces/msg/detail/log_data_generic__functions.h\n'}
[5.221474] (crazyflie_interfaces) StdoutLine: {'line': b'-- Up-to-date symlink: /home/gowtham/crazyflie_ws/install/crazyflie_interfaces/include/crazyflie_interfaces/crazyflie_interfaces/msg/detail/log_data_generic__struct.h\n'}
[5.221757] (crazyflie_interfaces) StdoutLine: {'line': b'-- Up-to-date symlink: /home/gowtham/crazyflie_ws/install/crazyflie_interfaces/include/crazyflie_interfaces/crazyflie_interfaces/msg/detail/log_data_generic__type_support.h\n'}
[5.221964] (crazyflie_interfaces) StdoutLine: {'line': b'-- Up-to-date symlink: /home/gowtham/crazyflie_ws/install/crazyflie_interfaces/include/crazyflie_interfaces/crazyflie_interfaces/msg/detail/position__functions.h\n'}
[5.222112] (crazyflie_interfaces) StdoutLine: {'line': b'-- Up-to-date symlink: /home/gowtham/crazyflie_ws/install/crazyflie_interfaces/include/crazyflie_interfaces/crazyflie_interfaces/msg/detail/position__struct.h\n'}
[5.222275] (crazyflie_interfaces) StdoutLine: {'line': b'-- Up-to-date symlink: /home/gowtham/crazyflie_ws/install/crazyflie_interfaces/include/crazyflie_interfaces/crazyflie_interfaces/msg/detail/position__type_support.h\n'}
[5.222435] (crazyflie_interfaces) StdoutLine: {'line': b'-- Up-to-date symlink: /home/gowtham/crazyflie_ws/install/crazyflie_interfaces/include/crazyflie_interfaces/crazyflie_interfaces/msg/detail/status__functions.h\n'}
[5.222676] (crazyflie_interfaces) StdoutLine: {'line': b'-- Up-to-date symlink: /home/gowtham/crazyflie_ws/install/crazyflie_interfaces/include/crazyflie_interfaces/crazyflie_interfaces/msg/detail/status__struct.h\n'}
[5.223817] (crazyflie_interfaces) StdoutLine: {'line': b'-- Up-to-date symlink: /home/gowtham/crazyflie_ws/install/crazyflie_interfaces/include/crazyflie_interfaces/crazyflie_interfaces/msg/detail/status__type_support.h\n'}
[5.224105] (crazyflie_interfaces) StdoutLine: {'line': b'-- Up-to-date symlink: /home/gowtham/crazyflie_ws/install/crazyflie_interfaces/include/crazyflie_interfaces/crazyflie_interfaces/msg/detail/trajectory_polynomial_piece__functions.h\n'}
[5.224234] (crazyflie_interfaces) StdoutLine: {'line': b'-- Up-to-date symlink: /home/gowtham/crazyflie_ws/install/crazyflie_interfaces/include/crazyflie_interfaces/crazyflie_interfaces/msg/detail/trajectory_polynomial_piece__struct.h\n'}
[5.224357] (crazyflie_interfaces) StdoutLine: {'line': b'-- Up-to-date symlink: /home/gowtham/crazyflie_ws/install/crazyflie_interfaces/include/crazyflie_interfaces/crazyflie_interfaces/msg/detail/trajectory_polynomial_piece__type_support.h\n'}
[5.224495] (crazyflie_interfaces) StdoutLine: {'line': b'-- Up-to-date symlink: /home/gowtham/crazyflie_ws/install/crazyflie_interfaces/include/crazyflie_interfaces/crazyflie_interfaces/msg/detail/velocity_world__functions.h\n'}
[5.224616] (crazyflie_interfaces) StdoutLine: {'line': b'-- Up-to-date symlink: /home/gowtham/crazyflie_ws/install/crazyflie_interfaces/include/crazyflie_interfaces/crazyflie_interfaces/msg/detail/velocity_world__struct.h\n'}
[5.227841] (crazyflie_interfaces) StdoutLine: {'line': b'-- Up-to-date symlink: /home/gowtham/crazyflie_ws/install/crazyflie_interfaces/include/crazyflie_interfaces/crazyflie_interfaces/msg/detail/velocity_world__type_support.h\n'}
[5.228100] (crazyflie_interfaces) StdoutLine: {'line': b'-- Up-to-date symlink: /home/gowtham/crazyflie_ws/install/crazyflie_interfaces/include/crazyflie_interfaces/crazyflie_interfaces/msg/full_state.h\n'}
[5.228238] (crazyflie_interfaces) StdoutLine: {'line': b'-- Up-to-date symlink: /home/gowtham/crazyflie_ws/install/crazyflie_interfaces/include/crazyflie_interfaces/crazyflie_interfaces/msg/hover.h\n'}
[5.228368] (crazyflie_interfaces) StdoutLine: {'line': b'-- Up-to-date symlink: /home/gowtham/crazyflie_ws/install/crazyflie_interfaces/include/crazyflie_interfaces/crazyflie_interfaces/msg/log_block.h\n'}
[5.228496] (crazyflie_interfaces) StdoutLine: {'line': b'-- Up-to-date symlink: /home/gowtham/crazyflie_ws/install/crazyflie_interfaces/include/crazyflie_interfaces/crazyflie_interfaces/msg/log_data_generic.h\n'}
[5.228621] (crazyflie_interfaces) StdoutLine: {'line': b'-- Up-to-date symlink: /home/gowtham/crazyflie_ws/install/crazyflie_interfaces/include/crazyflie_interfaces/crazyflie_interfaces/msg/position.h\n'}
[5.228839] (crazyflie_interfaces) StdoutLine: {'line': b'-- Up-to-date symlink: /home/gowtham/crazyflie_ws/install/crazyflie_interfaces/include/crazyflie_interfaces/crazyflie_interfaces/msg/rosidl_generator_c__visibility_control.h\n'}
[5.229028] (crazyflie_interfaces) StdoutLine: {'line': b'-- Up-to-date symlink: /home/gowtham/crazyflie_ws/install/crazyflie_interfaces/include/crazyflie_interfaces/crazyflie_interfaces/msg/status.h\n'}
[5.229194] (crazyflie_interfaces) StdoutLine: {'line': b'-- Up-to-date symlink: /home/gowtham/crazyflie_ws/install/crazyflie_interfaces/include/crazyflie_interfaces/crazyflie_interfaces/msg/trajectory_polynomial_piece.h\n'}
[5.230239] (crazyflie_interfaces) StdoutLine: {'line': b'-- Up-to-date symlink: /home/gowtham/crazyflie_ws/install/crazyflie_interfaces/include/crazyflie_interfaces/crazyflie_interfaces/msg/velocity_world.h\n'}
[5.230545] (crazyflie_interfaces) StdoutLine: {'line': b'-- Up-to-date symlink: /home/gowtham/crazyflie_ws/install/crazyflie_interfaces/include/crazyflie_interfaces/crazyflie_interfaces/srv/add_logging.h\n'}
[5.230804] (crazyflie_interfaces) StdoutLine: {'line': b'-- Up-to-date symlink: /home/gowtham/crazyflie_ws/install/crazyflie_interfaces/include/crazyflie_interfaces/crazyflie_interfaces/srv/arm.h\n'}
[5.231045] (crazyflie_interfaces) StdoutLine: {'line': b'-- Up-to-date symlink: /home/gowtham/crazyflie_ws/install/crazyflie_interfaces/include/crazyflie_interfaces/crazyflie_interfaces/srv/detail/add_logging__functions.h\n'}
[5.232645] (crazyflie_interfaces) StdoutLine: {'line': b'-- Up-to-date symlink: /home/gowtham/crazyflie_ws/install/crazyflie_interfaces/include/crazyflie_interfaces/crazyflie_interfaces/srv/detail/add_logging__struct.h\n'}
[5.233024] (crazyflie_interfaces) StdoutLine: {'line': b'-- Up-to-date symlink: /home/gowtham/crazyflie_ws/install/crazyflie_interfaces/include/crazyflie_interfaces/crazyflie_interfaces/srv/detail/add_logging__type_support.h\n'}
[5.233213] (crazyflie_interfaces) StdoutLine: {'line': b'-- Up-to-date symlink: /home/gowtham/crazyflie_ws/install/crazyflie_interfaces/include/crazyflie_interfaces/crazyflie_interfaces/srv/detail/arm__functions.h\n'}
[5.233415] (crazyflie_interfaces) StdoutLine: {'line': b'-- Up-to-date symlink: /home/gowtham/crazyflie_ws/install/crazyflie_interfaces/include/crazyflie_interfaces/crazyflie_interfaces/srv/detail/arm__struct.h\n'}
[5.233661] (crazyflie_interfaces) StdoutLine: {'line': b'-- Up-to-date symlink: /home/gowtham/crazyflie_ws/install/crazyflie_interfaces/include/crazyflie_interfaces/crazyflie_interfaces/srv/detail/arm__type_support.h\n'}
[5.233920] (crazyflie_interfaces) StdoutLine: {'line': b'-- Up-to-date symlink: /home/gowtham/crazyflie_ws/install/crazyflie_interfaces/include/crazyflie_interfaces/crazyflie_interfaces/srv/detail/go_to__functions.h\n'}
[5.234113] (crazyflie_interfaces) StdoutLine: {'line': b'-- Up-to-date symlink: /home/gowtham/crazyflie_ws/install/crazyflie_interfaces/include/crazyflie_interfaces/crazyflie_interfaces/srv/detail/go_to__struct.h\n'}
[5.234312] (crazyflie_interfaces) StdoutLine: {'line': b'-- Up-to-date symlink: /home/gowtham/crazyflie_ws/install/crazyflie_interfaces/include/crazyflie_interfaces/crazyflie_interfaces/srv/detail/go_to__type_support.h\n'}
[5.234527] (crazyflie_interfaces) StdoutLine: {'line': b'-- Up-to-date symlink: /home/gowtham/crazyflie_ws/install/crazyflie_interfaces/include/crazyflie_interfaces/crazyflie_interfaces/srv/detail/land__functions.h\n'}
[5.234775] (crazyflie_interfaces) StdoutLine: {'line': b'-- Up-to-date symlink: /home/gowtham/crazyflie_ws/install/crazyflie_interfaces/include/crazyflie_interfaces/crazyflie_interfaces/srv/detail/land__struct.h\n'}
[5.234981] (crazyflie_interfaces) StdoutLine: {'line': b'-- Up-to-date symlink: /home/gowtham/crazyflie_ws/install/crazyflie_interfaces/include/crazyflie_interfaces/crazyflie_interfaces/srv/detail/land__type_support.h\n'}
[5.235192] (crazyflie_interfaces) StdoutLine: {'line': b'-- Up-to-date symlink: /home/gowtham/crazyflie_ws/install/crazyflie_interfaces/include/crazyflie_interfaces/crazyflie_interfaces/srv/detail/notify_setpoints_stop__functions.h\n'}
[5.235380] (crazyflie_interfaces) StdoutLine: {'line': b'-- Up-to-date symlink: /home/gowtham/crazyflie_ws/install/crazyflie_interfaces/include/crazyflie_interfaces/crazyflie_interfaces/srv/detail/notify_setpoints_stop__struct.h\n'}
[5.235599] (crazyflie_interfaces) StdoutLine: {'line': b'-- Up-to-date symlink: /home/gowtham/crazyflie_ws/install/crazyflie_interfaces/include/crazyflie_interfaces/crazyflie_interfaces/srv/detail/notify_setpoints_stop__type_support.h\n'}
[5.235810] (crazyflie_interfaces) StdoutLine: {'line': b'-- Up-to-date symlink: /home/gowtham/crazyflie_ws/install/crazyflie_interfaces/include/crazyflie_interfaces/crazyflie_interfaces/srv/detail/remove_logging__functions.h\n'}
[5.236091] (crazyflie_interfaces) StdoutLine: {'line': b'-- Up-to-date symlink: /home/gowtham/crazyflie_ws/install/crazyflie_interfaces/include/crazyflie_interfaces/crazyflie_interfaces/srv/detail/remove_logging__struct.h\n'}
[5.236320] (crazyflie_interfaces) StdoutLine: {'line': b'-- Up-to-date symlink: /home/gowtham/crazyflie_ws/install/crazyflie_interfaces/include/crazyflie_interfaces/crazyflie_interfaces/srv/detail/remove_logging__type_support.h\n'}
[5.236705] (crazyflie_interfaces) StdoutLine: {'line': b'-- Up-to-date symlink: /home/gowtham/crazyflie_ws/install/crazyflie_interfaces/include/crazyflie_interfaces/crazyflie_interfaces/srv/detail/set_group_mask__functions.h\n'}
[5.237020] (crazyflie_interfaces) StdoutLine: {'line': b'-- Up-to-date symlink: /home/gowtham/crazyflie_ws/install/crazyflie_interfaces/include/crazyflie_interfaces/crazyflie_interfaces/srv/detail/set_group_mask__struct.h\n'}
[5.237221] (crazyflie_interfaces) StdoutLine: {'line': b'-- Up-to-date symlink: /home/gowtham/crazyflie_ws/install/crazyflie_interfaces/include/crazyflie_interfaces/crazyflie_interfaces/srv/detail/set_group_mask__type_support.h\n'}
[5.237467] (crazyflie_interfaces) StdoutLine: {'line': b'-- Up-to-date symlink: /home/gowtham/crazyflie_ws/install/crazyflie_interfaces/include/crazyflie_interfaces/crazyflie_interfaces/srv/detail/start_trajectory__functions.h\n'}
[5.237725] (crazyflie_interfaces) StdoutLine: {'line': b'-- Up-to-date symlink: /home/gowtham/crazyflie_ws/install/crazyflie_interfaces/include/crazyflie_interfaces/crazyflie_interfaces/srv/detail/start_trajectory__struct.h\n'}
[5.237940] (crazyflie_interfaces) StdoutLine: {'line': b'-- Up-to-date symlink: /home/gowtham/crazyflie_ws/install/crazyflie_interfaces/include/crazyflie_interfaces/crazyflie_interfaces/srv/detail/start_trajectory__type_support.h\n'}
[5.238139] (crazyflie_interfaces) StdoutLine: {'line': b'-- Up-to-date symlink: /home/gowtham/crazyflie_ws/install/crazyflie_interfaces/include/crazyflie_interfaces/crazyflie_interfaces/srv/detail/stop__functions.h\n'}
[5.238350] (crazyflie_interfaces) StdoutLine: {'line': b'-- Up-to-date symlink: /home/gowtham/crazyflie_ws/install/crazyflie_interfaces/include/crazyflie_interfaces/crazyflie_interfaces/srv/detail/stop__struct.h\n'}
[5.238598] (crazyflie_interfaces) StdoutLine: {'line': b'-- Up-to-date symlink: /home/gowtham/crazyflie_ws/install/crazyflie_interfaces/include/crazyflie_interfaces/crazyflie_interfaces/srv/detail/stop__type_support.h\n'}
[5.238868] (crazyflie_interfaces) StdoutLine: {'line': b'-- Up-to-date symlink: /home/gowtham/crazyflie_ws/install/crazyflie_interfaces/include/crazyflie_interfaces/crazyflie_interfaces/srv/detail/takeoff__functions.h\n'}
[5.239010] (crazyflie_interfaces) StdoutLine: {'line': b'-- Up-to-date symlink: /home/gowtham/crazyflie_ws/install/crazyflie_interfaces/include/crazyflie_interfaces/crazyflie_interfaces/srv/detail/takeoff__struct.h\n'}
[5.239174] (crazyflie_interfaces) StdoutLine: {'line': b'-- Up-to-date symlink: /home/gowtham/crazyflie_ws/install/crazyflie_interfaces/include/crazyflie_interfaces/crazyflie_interfaces/srv/detail/takeoff__type_support.h\n'}
[5.239337] (crazyflie_interfaces) StdoutLine: {'line': b'-- Up-to-date symlink: /home/gowtham/crazyflie_ws/install/crazyflie_interfaces/include/crazyflie_interfaces/crazyflie_interfaces/srv/detail/update_params__functions.h\n'}
[5.239591] (crazyflie_interfaces) StdoutLine: {'line': b'-- Up-to-date symlink: /home/gowtham/crazyflie_ws/install/crazyflie_interfaces/include/crazyflie_interfaces/crazyflie_interfaces/srv/detail/update_params__struct.h\n'}
[5.239851] (crazyflie_interfaces) StdoutLine: {'line': b'-- Up-to-date symlink: /home/gowtham/crazyflie_ws/install/crazyflie_interfaces/include/crazyflie_interfaces/crazyflie_interfaces/srv/detail/update_params__type_support.h\n'}
[5.240009] (crazyflie_interfaces) StdoutLine: {'line': b'-- Up-to-date symlink: /home/gowtham/crazyflie_ws/install/crazyflie_interfaces/include/crazyflie_interfaces/crazyflie_interfaces/srv/detail/upload_trajectory__functions.h\n'}
[5.240163] (crazyflie_interfaces) StdoutLine: {'line': b'-- Up-to-date symlink: /home/gowtham/crazyflie_ws/install/crazyflie_interfaces/include/crazyflie_interfaces/crazyflie_interfaces/srv/detail/upload_trajectory__struct.h\n'}
[5.240317] (crazyflie_interfaces) StdoutLine: {'line': b'-- Up-to-date symlink: /home/gowtham/crazyflie_ws/install/crazyflie_interfaces/include/crazyflie_interfaces/crazyflie_interfaces/srv/detail/upload_trajectory__type_support.h\n'}
[5.240470] (crazyflie_interfaces) StdoutLine: {'line': b'-- Up-to-date symlink: /home/gowtham/crazyflie_ws/install/crazyflie_interfaces/include/crazyflie_interfaces/crazyflie_interfaces/srv/go_to.h\n'}
[5.240752] (crazyflie_interfaces) StdoutLine: {'line': b'-- Up-to-date symlink: /home/gowtham/crazyflie_ws/install/crazyflie_interfaces/include/crazyflie_interfaces/crazyflie_interfaces/srv/land.h\n'}
[5.240984] (crazyflie_interfaces) StdoutLine: {'line': b'-- Up-to-date symlink: /home/gowtham/crazyflie_ws/install/crazyflie_interfaces/include/crazyflie_interfaces/crazyflie_interfaces/srv/notify_setpoints_stop.h\n'}
[5.241210] (crazyflie_interfaces) StdoutLine: {'line': b'-- Up-to-date symlink: /home/gowtham/crazyflie_ws/install/crazyflie_interfaces/include/crazyflie_interfaces/crazyflie_interfaces/srv/remove_logging.h\n'}
[5.241414] (crazyflie_interfaces) StdoutLine: {'line': b'-- Up-to-date symlink: /home/gowtham/crazyflie_ws/install/crazyflie_interfaces/include/crazyflie_interfaces/crazyflie_interfaces/srv/set_group_mask.h\n'}
[5.241592] (crazyflie_interfaces) StdoutLine: {'line': b'-- Up-to-date symlink: /home/gowtham/crazyflie_ws/install/crazyflie_interfaces/include/crazyflie_interfaces/crazyflie_interfaces/srv/start_trajectory.h\n'}
[5.241819] (crazyflie_interfaces) StdoutLine: {'line': b'-- Up-to-date symlink: /home/gowtham/crazyflie_ws/install/crazyflie_interfaces/include/crazyflie_interfaces/crazyflie_interfaces/srv/stop.h\n'}
[5.242010] (crazyflie_interfaces) StdoutLine: {'line': b'-- Up-to-date symlink: /home/gowtham/crazyflie_ws/install/crazyflie_interfaces/include/crazyflie_interfaces/crazyflie_interfaces/srv/takeoff.h\n'}
[5.242150] (crazyflie_interfaces) StdoutLine: {'line': b'-- Up-to-date symlink: /home/gowtham/crazyflie_ws/install/crazyflie_interfaces/include/crazyflie_interfaces/crazyflie_interfaces/srv/update_params.h\n'}
[5.242374] (crazyflie_interfaces) StdoutLine: {'line': b'-- Up-to-date symlink: /home/gowtham/crazyflie_ws/install/crazyflie_interfaces/include/crazyflie_interfaces/crazyflie_interfaces/srv/upload_trajectory.h\n'}
[5.242694] (crazyflie_interfaces) StdoutLine: {'line': b'-- Up-to-date symlink: /home/gowtham/crazyflie_ws/install/crazyflie_interfaces/share/crazyflie_interfaces/environment/library_path.sh\n'}
[5.243135] (crazyflie_interfaces) StdoutLine: {'line': b'-- Up-to-date symlink: /home/gowtham/crazyflie_ws/install/crazyflie_interfaces/share/crazyflie_interfaces/environment/library_path.dsv\n'}
[5.246184] (-) TimerEvent: {}
[5.246480] (crazyflie_interfaces) StdoutLine: {'line': b'-- Up-to-date symlink: /home/gowtham/crazyflie_ws/install/crazyflie_interfaces/include/crazyflie_interfaces/crazyflie_interfaces/msg/detail/connection_statistics__rosidl_typesupport_fastrtps_c.h\n'}
[5.246721] (crazyflie_interfaces) StdoutLine: {'line': b'-- Up-to-date symlink: /home/gowtham/crazyflie_ws/install/crazyflie_interfaces/include/crazyflie_interfaces/crazyflie_interfaces/msg/detail/connection_statistics_array__rosidl_typesupport_fastrtps_c.h\n'}
[5.246939] (crazyflie_interfaces) StdoutLine: {'line': b'-- Up-to-date symlink: /home/gowtham/crazyflie_ws/install/crazyflie_interfaces/include/crazyflie_interfaces/crazyflie_interfaces/msg/detail/full_state__rosidl_typesupport_fastrtps_c.h\n'}
[5.247154] (crazyflie_interfaces) StdoutLine: {'line': b'-- Up-to-date symlink: /home/gowtham/crazyflie_ws/install/crazyflie_interfaces/include/crazyflie_interfaces/crazyflie_interfaces/msg/detail/hover__rosidl_typesupport_fastrtps_c.h\n'}
[5.247371] (crazyflie_interfaces) StdoutLine: {'line': b'-- Up-to-date symlink: /home/gowtham/crazyflie_ws/install/crazyflie_interfaces/include/crazyflie_interfaces/crazyflie_interfaces/msg/detail/log_block__rosidl_typesupport_fastrtps_c.h\n'}
[5.247670] (crazyflie_interfaces) StdoutLine: {'line': b'-- Up-to-date symlink: /home/gowtham/crazyflie_ws/install/crazyflie_interfaces/include/crazyflie_interfaces/crazyflie_interfaces/msg/detail/log_data_generic__rosidl_typesupport_fastrtps_c.h\n'}
[5.247996] (crazyflie_interfaces) StdoutLine: {'line': b'-- Up-to-date symlink: /home/gowtham/crazyflie_ws/install/crazyflie_interfaces/include/crazyflie_interfaces/crazyflie_interfaces/msg/detail/position__rosidl_typesupport_fastrtps_c.h\n'}
[5.248265] (crazyflie_interfaces) StdoutLine: {'line': b'-- Up-to-date symlink: /home/gowtham/crazyflie_ws/install/crazyflie_interfaces/include/crazyflie_interfaces/crazyflie_interfaces/msg/detail/status__rosidl_typesupport_fastrtps_c.h\n'}
[5.248551] (crazyflie_interfaces) StdoutLine: {'line': b'-- Up-to-date symlink: /home/gowtham/crazyflie_ws/install/crazyflie_interfaces/include/crazyflie_interfaces/crazyflie_interfaces/msg/detail/trajectory_polynomial_piece__rosidl_typesupport_fastrtps_c.h\n'}
[5.248831] (crazyflie_interfaces) StdoutLine: {'line': b'-- Up-to-date symlink: /home/gowtham/crazyflie_ws/install/crazyflie_interfaces/include/crazyflie_interfaces/crazyflie_interfaces/msg/detail/velocity_world__rosidl_typesupport_fastrtps_c.h\n'}
[5.249086] (crazyflie_interfaces) StdoutLine: {'line': b'-- Up-to-date symlink: /home/gowtham/crazyflie_ws/install/crazyflie_interfaces/include/crazyflie_interfaces/crazyflie_interfaces/msg/rosidl_typesupport_fastrtps_c__visibility_control.h\n'}
[5.249649] (crazyflie_interfaces) StdoutLine: {'line': b'-- Up-to-date symlink: /home/gowtham/crazyflie_ws/install/crazyflie_interfaces/include/crazyflie_interfaces/crazyflie_interfaces/srv/detail/add_logging__rosidl_typesupport_fastrtps_c.h\n'}
[5.249857] (crazyflie_interfaces) StdoutLine: {'line': b'-- Up-to-date symlink: /home/gowtham/crazyflie_ws/install/crazyflie_interfaces/include/crazyflie_interfaces/crazyflie_interfaces/srv/detail/arm__rosidl_typesupport_fastrtps_c.h\n'}
[5.250385] (crazyflie_interfaces) StdoutLine: {'line': b'-- Up-to-date symlink: /home/gowtham/crazyflie_ws/install/crazyflie_interfaces/include/crazyflie_interfaces/crazyflie_interfaces/srv/detail/go_to__rosidl_typesupport_fastrtps_c.h\n'}
[5.253096] (crazyflie_interfaces) StdoutLine: {'line': b'-- Up-to-date symlink: /home/gowtham/crazyflie_ws/install/crazyflie_interfaces/include/crazyflie_interfaces/crazyflie_interfaces/srv/detail/land__rosidl_typesupport_fastrtps_c.h\n'}
[5.253270] (crazyflie_interfaces) StdoutLine: {'line': b'-- Up-to-date symlink: /home/gowtham/crazyflie_ws/install/crazyflie_interfaces/include/crazyflie_interfaces/crazyflie_interfaces/srv/detail/notify_setpoints_stop__rosidl_typesupport_fastrtps_c.h\n'}
[5.253562] (crazyflie_interfaces) StdoutLine: {'line': b'-- Up-to-date symlink: /home/gowtham/crazyflie_ws/install/crazyflie_interfaces/include/crazyflie_interfaces/crazyflie_interfaces/srv/detail/remove_logging__rosidl_typesupport_fastrtps_c.h\n'}
[5.253753] (crazyflie_interfaces) StdoutLine: {'line': b'-- Up-to-date symlink: /home/gowtham/crazyflie_ws/install/crazyflie_interfaces/include/crazyflie_interfaces/crazyflie_interfaces/srv/detail/set_group_mask__rosidl_typesupport_fastrtps_c.h\n'}
[5.253895] (crazyflie_interfaces) StdoutLine: {'line': b'-- Up-to-date symlink: /home/gowtham/crazyflie_ws/install/crazyflie_interfaces/include/crazyflie_interfaces/crazyflie_interfaces/srv/detail/start_trajectory__rosidl_typesupport_fastrtps_c.h\n'}
[5.254029] (crazyflie_interfaces) StdoutLine: {'line': b'-- Up-to-date symlink: /home/gowtham/crazyflie_ws/install/crazyflie_interfaces/include/crazyflie_interfaces/crazyflie_interfaces/srv/detail/stop__rosidl_typesupport_fastrtps_c.h\n'}
[5.254163] (crazyflie_interfaces) StdoutLine: {'line': b'-- Up-to-date symlink: /home/gowtham/crazyflie_ws/install/crazyflie_interfaces/include/crazyflie_interfaces/crazyflie_interfaces/srv/detail/takeoff__rosidl_typesupport_fastrtps_c.h\n'}
[5.254297] (crazyflie_interfaces) StdoutLine: {'line': b'-- Up-to-date symlink: /home/gowtham/crazyflie_ws/install/crazyflie_interfaces/include/crazyflie_interfaces/crazyflie_interfaces/srv/detail/update_params__rosidl_typesupport_fastrtps_c.h\n'}
[5.254429] (crazyflie_interfaces) StdoutLine: {'line': b'-- Up-to-date symlink: /home/gowtham/crazyflie_ws/install/crazyflie_interfaces/include/crazyflie_interfaces/crazyflie_interfaces/srv/detail/upload_trajectory__rosidl_typesupport_fastrtps_c.h\n'}
[5.256512] (crazyflie_interfaces) StdoutLine: {'line': b'-- Up-to-date symlink: /home/gowtham/crazyflie_ws/install/crazyflie_interfaces/include/crazyflie_interfaces/crazyflie_interfaces/msg/connection_statistics.hpp\n'}
[5.256855] (crazyflie_interfaces) StdoutLine: {'line': b'-- Up-to-date symlink: /home/gowtham/crazyflie_ws/install/crazyflie_interfaces/include/crazyflie_interfaces/crazyflie_interfaces/msg/connection_statistics_array.hpp\n'}
[5.257048] (crazyflie_interfaces) StdoutLine: {'line': b'-- Up-to-date symlink: /home/gowtham/crazyflie_ws/install/crazyflie_interfaces/include/crazyflie_interfaces/crazyflie_interfaces/msg/detail/connection_statistics__builder.hpp\n'}
[5.257321] (crazyflie_interfaces) StdoutLine: {'line': b'-- Up-to-date symlink: /home/gowtham/crazyflie_ws/install/crazyflie_interfaces/include/crazyflie_interfaces/crazyflie_interfaces/msg/detail/connection_statistics__struct.hpp\n'}
[5.257614] (crazyflie_interfaces) StdoutLine: {'line': b'-- Up-to-date symlink: /home/gowtham/crazyflie_ws/install/crazyflie_interfaces/include/crazyflie_interfaces/crazyflie_interfaces/msg/detail/connection_statistics__traits.hpp\n'}
[5.258004] (crazyflie_interfaces) StdoutLine: {'line': b'-- Up-to-date symlink: /home/gowtham/crazyflie_ws/install/crazyflie_interfaces/include/crazyflie_interfaces/crazyflie_interfaces/msg/detail/connection_statistics__type_support.hpp\n'}
[5.258371] (crazyflie_interfaces) StdoutLine: {'line': b'-- Up-to-date symlink: /home/gowtham/crazyflie_ws/install/crazyflie_interfaces/include/crazyflie_interfaces/crazyflie_interfaces/msg/detail/connection_statistics_array__builder.hpp\n'}
[5.258682] (crazyflie_interfaces) StdoutLine: {'line': b'-- Up-to-date symlink: /home/gowtham/crazyflie_ws/install/crazyflie_interfaces/include/crazyflie_interfaces/crazyflie_interfaces/msg/detail/connection_statistics_array__struct.hpp\n'}
[5.260913] (crazyflie_interfaces) StdoutLine: {'line': b'-- Up-to-date symlink: /home/gowtham/crazyflie_ws/install/crazyflie_interfaces/include/crazyflie_interfaces/crazyflie_interfaces/msg/detail/connection_statistics_array__traits.hpp\n'}
[5.261183] (crazyflie_interfaces) StdoutLine: {'line': b'-- Up-to-date symlink: /home/gowtham/crazyflie_ws/install/crazyflie_interfaces/include/crazyflie_interfaces/crazyflie_interfaces/msg/detail/connection_statistics_array__type_support.hpp\n'}
[5.261325] (crazyflie_interfaces) StdoutLine: {'line': b'-- Up-to-date symlink: /home/gowtham/crazyflie_ws/install/crazyflie_interfaces/include/crazyflie_interfaces/crazyflie_interfaces/msg/detail/full_state__builder.hpp\n'}
[5.261470] (crazyflie_interfaces) StdoutLine: {'line': b'-- Up-to-date symlink: /home/gowtham/crazyflie_ws/install/crazyflie_interfaces/include/crazyflie_interfaces/crazyflie_interfaces/msg/detail/full_state__struct.hpp\n'}
[5.261602] (crazyflie_interfaces) StdoutLine: {'line': b'-- Up-to-date symlink: /home/gowtham/crazyflie_ws/install/crazyflie_interfaces/include/crazyflie_interfaces/crazyflie_interfaces/msg/detail/full_state__traits.hpp\n'}
[5.261760] (crazyflie_interfaces) StdoutLine: {'line': b'-- Up-to-date symlink: /home/gowtham/crazyflie_ws/install/crazyflie_interfaces/include/crazyflie_interfaces/crazyflie_interfaces/msg/detail/full_state__type_support.hpp\n'}
[5.261987] (crazyflie_interfaces) StdoutLine: {'line': b'-- Up-to-date symlink: /home/gowtham/crazyflie_ws/install/crazyflie_interfaces/include/crazyflie_interfaces/crazyflie_interfaces/msg/detail/hover__builder.hpp\n'}
[5.262137] (crazyflie_interfaces) StdoutLine: {'line': b'-- Up-to-date symlink: /home/gowtham/crazyflie_ws/install/crazyflie_interfaces/include/crazyflie_interfaces/crazyflie_interfaces/msg/detail/hover__struct.hpp\n'}
[5.262468] (crazyflie_interfaces) StdoutLine: {'line': b'-- Up-to-date symlink: /home/gowtham/crazyflie_ws/install/crazyflie_interfaces/include/crazyflie_interfaces/crazyflie_interfaces/msg/detail/hover__traits.hpp\n'}
[5.262655] (crazyflie_interfaces) StdoutLine: {'line': b'-- Up-to-date symlink: /home/gowtham/crazyflie_ws/install/crazyflie_interfaces/include/crazyflie_interfaces/crazyflie_interfaces/msg/detail/hover__type_support.hpp\n'}
[5.262837] (crazyflie_interfaces) StdoutLine: {'line': b'-- Up-to-date symlink: /home/gowtham/crazyflie_ws/install/crazyflie_interfaces/include/crazyflie_interfaces/crazyflie_interfaces/msg/detail/log_block__builder.hpp\n'}
[5.262994] (crazyflie_interfaces) StdoutLine: {'line': b'-- Up-to-date symlink: /home/gowtham/crazyflie_ws/install/crazyflie_interfaces/include/crazyflie_interfaces/crazyflie_interfaces/msg/detail/log_block__struct.hpp\n'}
[5.263209] (crazyflie_interfaces) StdoutLine: {'line': b'-- Up-to-date symlink: /home/gowtham/crazyflie_ws/install/crazyflie_interfaces/include/crazyflie_interfaces/crazyflie_interfaces/msg/detail/log_block__traits.hpp\n'}
[5.263343] (crazyflie_interfaces) StdoutLine: {'line': b'-- Up-to-date symlink: /home/gowtham/crazyflie_ws/install/crazyflie_interfaces/include/crazyflie_interfaces/crazyflie_interfaces/msg/detail/log_block__type_support.hpp\n'}
[5.263500] (crazyflie_interfaces) StdoutLine: {'line': b'-- Up-to-date symlink: /home/gowtham/crazyflie_ws/install/crazyflie_interfaces/include/crazyflie_interfaces/crazyflie_interfaces/msg/detail/log_data_generic__builder.hpp\n'}
[5.263996] (crazyflie_interfaces) StdoutLine: {'line': b'-- Up-to-date symlink: /home/gowtham/crazyflie_ws/install/crazyflie_interfaces/include/crazyflie_interfaces/crazyflie_interfaces/msg/detail/log_data_generic__struct.hpp\n'}
[5.265115] (crazyflie_interfaces) StdoutLine: {'line': b'-- Up-to-date symlink: /home/gowtham/crazyflie_ws/install/crazyflie_interfaces/include/crazyflie_interfaces/crazyflie_interfaces/msg/detail/log_data_generic__traits.hpp\n'}
[5.265367] (crazyflie_interfaces) StdoutLine: {'line': b'-- Up-to-date symlink: /home/gowtham/crazyflie_ws/install/crazyflie_interfaces/include/crazyflie_interfaces/crazyflie_interfaces/msg/detail/log_data_generic__type_support.hpp\n'}
[5.265502] (crazyflie_interfaces) StdoutLine: {'line': b'-- Up-to-date symlink: /home/gowtham/crazyflie_ws/install/crazyflie_interfaces/include/crazyflie_interfaces/crazyflie_interfaces/msg/detail/position__builder.hpp\n'}
[5.265693] (crazyflie_interfaces) StdoutLine: {'line': b'-- Up-to-date symlink: /home/gowtham/crazyflie_ws/install/crazyflie_interfaces/include/crazyflie_interfaces/crazyflie_interfaces/msg/detail/position__struct.hpp\n'}
[5.265891] (crazyflie_interfaces) StdoutLine: {'line': b'-- Up-to-date symlink: /home/gowtham/crazyflie_ws/install/crazyflie_interfaces/include/crazyflie_interfaces/crazyflie_interfaces/msg/detail/position__traits.hpp\n'}
[5.266059] (crazyflie_interfaces) StdoutLine: {'line': b'-- Up-to-date symlink: /home/gowtham/crazyflie_ws/install/crazyflie_interfaces/include/crazyflie_interfaces/crazyflie_interfaces/msg/detail/position__type_support.hpp\n'}
[5.268036] (crazyflie_interfaces) StdoutLine: {'line': b'-- Up-to-date symlink: /home/gowtham/crazyflie_ws/install/crazyflie_interfaces/include/crazyflie_interfaces/crazyflie_interfaces/msg/detail/status__builder.hpp\n'}
[5.268223] (crazyflie_interfaces) StdoutLine: {'line': b'-- Up-to-date symlink: /home/gowtham/crazyflie_ws/install/crazyflie_interfaces/include/crazyflie_interfaces/crazyflie_interfaces/msg/detail/status__struct.hpp\n'}
[5.268399] (crazyflie_interfaces) StdoutLine: {'line': b'-- Up-to-date symlink: /home/gowtham/crazyflie_ws/install/crazyflie_interfaces/include/crazyflie_interfaces/crazyflie_interfaces/msg/detail/status__traits.hpp\n'}
[5.268535] (crazyflie_interfaces) StdoutLine: {'line': b'-- Up-to-date symlink: /home/gowtham/crazyflie_ws/install/crazyflie_interfaces/include/crazyflie_interfaces/crazyflie_interfaces/msg/detail/status__type_support.hpp\n'}
[5.268713] (crazyflie_interfaces) StdoutLine: {'line': b'-- Up-to-date symlink: /home/gowtham/crazyflie_ws/install/crazyflie_interfaces/include/crazyflie_interfaces/crazyflie_interfaces/msg/detail/trajectory_polynomial_piece__builder.hpp\n'}
[5.268845] (crazyflie_interfaces) StdoutLine: {'line': b'-- Up-to-date symlink: /home/gowtham/crazyflie_ws/install/crazyflie_interfaces/include/crazyflie_interfaces/crazyflie_interfaces/msg/detail/trajectory_polynomial_piece__struct.hpp\n'}
[5.268966] (crazyflie_interfaces) StdoutLine: {'line': b'-- Up-to-date symlink: /home/gowtham/crazyflie_ws/install/crazyflie_interfaces/include/crazyflie_interfaces/crazyflie_interfaces/msg/detail/trajectory_polynomial_piece__traits.hpp\n'}
[5.269090] (crazyflie_interfaces) StdoutLine: {'line': b'-- Up-to-date symlink: /home/gowtham/crazyflie_ws/install/crazyflie_interfaces/include/crazyflie_interfaces/crazyflie_interfaces/msg/detail/trajectory_polynomial_piece__type_support.hpp\n'}
[5.269297] (crazyflie_interfaces) StdoutLine: {'line': b'-- Up-to-date symlink: /home/gowtham/crazyflie_ws/install/crazyflie_interfaces/include/crazyflie_interfaces/crazyflie_interfaces/msg/detail/velocity_world__builder.hpp\n'}
[5.269458] (crazyflie_interfaces) StdoutLine: {'line': b'-- Up-to-date symlink: /home/gowtham/crazyflie_ws/install/crazyflie_interfaces/include/crazyflie_interfaces/crazyflie_interfaces/msg/detail/velocity_world__struct.hpp\n'}
[5.269582] (crazyflie_interfaces) StdoutLine: {'line': b'-- Up-to-date symlink: /home/gowtham/crazyflie_ws/install/crazyflie_interfaces/include/crazyflie_interfaces/crazyflie_interfaces/msg/detail/velocity_world__traits.hpp\n'}
[5.271873] (crazyflie_interfaces) StdoutLine: {'line': b'-- Up-to-date symlink: /home/gowtham/crazyflie_ws/install/crazyflie_interfaces/include/crazyflie_interfaces/crazyflie_interfaces/msg/detail/velocity_world__type_support.hpp\n'}
[5.272158] (crazyflie_interfaces) StdoutLine: {'line': b'-- Up-to-date symlink: /home/gowtham/crazyflie_ws/install/crazyflie_interfaces/include/crazyflie_interfaces/crazyflie_interfaces/msg/full_state.hpp\n'}
[5.272295] (crazyflie_interfaces) StdoutLine: {'line': b'-- Up-to-date symlink: /home/gowtham/crazyflie_ws/install/crazyflie_interfaces/include/crazyflie_interfaces/crazyflie_interfaces/msg/hover.hpp\n'}
[5.272426] (crazyflie_interfaces) StdoutLine: {'line': b'-- Up-to-date symlink: /home/gowtham/crazyflie_ws/install/crazyflie_interfaces/include/crazyflie_interfaces/crazyflie_interfaces/msg/log_block.hpp\n'}
[5.272552] (crazyflie_interfaces) StdoutLine: {'line': b'-- Up-to-date symlink: /home/gowtham/crazyflie_ws/install/crazyflie_interfaces/include/crazyflie_interfaces/crazyflie_interfaces/msg/log_data_generic.hpp\n'}
[5.272728] (crazyflie_interfaces) StdoutLine: {'line': b'-- Up-to-date symlink: /home/gowtham/crazyflie_ws/install/crazyflie_interfaces/include/crazyflie_interfaces/crazyflie_interfaces/msg/position.hpp\n'}
[5.272869] (crazyflie_interfaces) StdoutLine: {'line': b'-- Up-to-date symlink: /home/gowtham/crazyflie_ws/install/crazyflie_interfaces/include/crazyflie_interfaces/crazyflie_interfaces/msg/rosidl_generator_cpp__visibility_control.hpp\n'}
[5.273006] (crazyflie_interfaces) StdoutLine: {'line': b'-- Up-to-date symlink: /home/gowtham/crazyflie_ws/install/crazyflie_interfaces/include/crazyflie_interfaces/crazyflie_interfaces/msg/status.hpp\n'}
[5.273132] (crazyflie_interfaces) StdoutLine: {'line': b'-- Up-to-date symlink: /home/gowtham/crazyflie_ws/install/crazyflie_interfaces/include/crazyflie_interfaces/crazyflie_interfaces/msg/trajectory_polynomial_piece.hpp\n'}
[5.273257] (crazyflie_interfaces) StdoutLine: {'line': b'-- Up-to-date symlink: /home/gowtham/crazyflie_ws/install/crazyflie_interfaces/include/crazyflie_interfaces/crazyflie_interfaces/msg/velocity_world.hpp\n'}
[5.274825] (crazyflie_interfaces) StdoutLine: {'line': b'-- Up-to-date symlink: /home/gowtham/crazyflie_ws/install/crazyflie_interfaces/include/crazyflie_interfaces/crazyflie_interfaces/srv/add_logging.hpp\n'}
[5.276845] (crazyflie_interfaces) StdoutLine: {'line': b'-- Up-to-date symlink: /home/gowtham/crazyflie_ws/install/crazyflie_interfaces/include/crazyflie_interfaces/crazyflie_interfaces/srv/arm.hpp\n'}
[5.277128] (crazyflie_interfaces) StdoutLine: {'line': b'-- Up-to-date symlink: /home/gowtham/crazyflie_ws/install/crazyflie_interfaces/include/crazyflie_interfaces/crazyflie_interfaces/srv/detail/add_logging__builder.hpp\n'}
[5.278947] (crazyflie_interfaces) StdoutLine: {'line': b'-- Up-to-date symlink: /home/gowtham/crazyflie_ws/install/crazyflie_interfaces/include/crazyflie_interfaces/crazyflie_interfaces/srv/detail/add_logging__struct.hpp\n'}
[5.279167] (crazyflie_interfaces) StdoutLine: {'line': b'-- Up-to-date symlink: /home/gowtham/crazyflie_ws/install/crazyflie_interfaces/include/crazyflie_interfaces/crazyflie_interfaces/srv/detail/add_logging__traits.hpp\n'}
[5.279354] (crazyflie_interfaces) StdoutLine: {'line': b'-- Up-to-date symlink: /home/gowtham/crazyflie_ws/install/crazyflie_interfaces/include/crazyflie_interfaces/crazyflie_interfaces/srv/detail/add_logging__type_support.hpp\n'}
[5.279491] (crazyflie_interfaces) StdoutLine: {'line': b'-- Up-to-date symlink: /home/gowtham/crazyflie_ws/install/crazyflie_interfaces/include/crazyflie_interfaces/crazyflie_interfaces/srv/detail/arm__builder.hpp\n'}
[5.279670] (crazyflie_interfaces) StdoutLine: {'line': b'-- Up-to-date symlink: /home/gowtham/crazyflie_ws/install/crazyflie_interfaces/include/crazyflie_interfaces/crazyflie_interfaces/srv/detail/arm__struct.hpp\n'}
[5.279830] (crazyflie_interfaces) StdoutLine: {'line': b'-- Up-to-date symlink: /home/gowtham/crazyflie_ws/install/crazyflie_interfaces/include/crazyflie_interfaces/crazyflie_interfaces/srv/detail/arm__traits.hpp\n'}
[5.279984] (crazyflie_interfaces) StdoutLine: {'line': b'-- Up-to-date symlink: /home/gowtham/crazyflie_ws/install/crazyflie_interfaces/include/crazyflie_interfaces/crazyflie_interfaces/srv/detail/arm__type_support.hpp\n'}
[5.280111] (crazyflie_interfaces) StdoutLine: {'line': b'-- Up-to-date symlink: /home/gowtham/crazyflie_ws/install/crazyflie_interfaces/include/crazyflie_interfaces/crazyflie_interfaces/srv/detail/go_to__builder.hpp\n'}
[5.280229] (crazyflie_interfaces) StdoutLine: {'line': b'-- Up-to-date symlink: /home/gowtham/crazyflie_ws/install/crazyflie_interfaces/include/crazyflie_interfaces/crazyflie_interfaces/srv/detail/go_to__struct.hpp\n'}
[5.280372] (crazyflie_interfaces) StdoutLine: {'line': b'-- Up-to-date symlink: /home/gowtham/crazyflie_ws/install/crazyflie_interfaces/include/crazyflie_interfaces/crazyflie_interfaces/srv/detail/go_to__traits.hpp\n'}
[5.281815] (crazyflie_interfaces) StdoutLine: {'line': b'-- Up-to-date symlink: /home/gowtham/crazyflie_ws/install/crazyflie_interfaces/include/crazyflie_interfaces/crazyflie_interfaces/srv/detail/go_to__type_support.hpp\n'}
[5.283874] (crazyflie_interfaces) StdoutLine: {'line': b'-- Up-to-date symlink: /home/gowtham/crazyflie_ws/install/crazyflie_interfaces/include/crazyflie_interfaces/crazyflie_interfaces/srv/detail/land__builder.hpp\n'}
[5.284150] (crazyflie_interfaces) StdoutLine: {'line': b'-- Up-to-date symlink: /home/gowtham/crazyflie_ws/install/crazyflie_interfaces/include/crazyflie_interfaces/crazyflie_interfaces/srv/detail/land__struct.hpp\n'}
[5.284284] (crazyflie_interfaces) StdoutLine: {'line': b'-- Up-to-date symlink: /home/gowtham/crazyflie_ws/install/crazyflie_interfaces/include/crazyflie_interfaces/crazyflie_interfaces/srv/detail/land__traits.hpp\n'}
[5.284408] (crazyflie_interfaces) StdoutLine: {'line': b'-- Up-to-date symlink: /home/gowtham/crazyflie_ws/install/crazyflie_interfaces/include/crazyflie_interfaces/crazyflie_interfaces/srv/detail/land__type_support.hpp\n'}
[5.284607] (crazyflie_interfaces) StdoutLine: {'line': b'-- Up-to-date symlink: /home/gowtham/crazyflie_ws/install/crazyflie_interfaces/include/crazyflie_interfaces/crazyflie_interfaces/srv/detail/notify_setpoints_stop__builder.hpp\n'}
[5.284788] (crazyflie_interfaces) StdoutLine: {'line': b'-- Up-to-date symlink: /home/gowtham/crazyflie_ws/install/crazyflie_interfaces/include/crazyflie_interfaces/crazyflie_interfaces/srv/detail/notify_setpoints_stop__struct.hpp\n'}
[5.284931] (crazyflie_interfaces) StdoutLine: {'line': b'-- Up-to-date symlink: /home/gowtham/crazyflie_ws/install/crazyflie_interfaces/include/crazyflie_interfaces/crazyflie_interfaces/srv/detail/notify_setpoints_stop__traits.hpp\n'}
[5.285029] (crazyflie_interfaces) StdoutLine: {'line': b'-- Up-to-date symlink: /home/gowtham/crazyflie_ws/install/crazyflie_interfaces/include/crazyflie_interfaces/crazyflie_interfaces/srv/detail/notify_setpoints_stop__type_support.hpp\n'}
[5.285134] (crazyflie_interfaces) StdoutLine: {'line': b'-- Up-to-date symlink: /home/gowtham/crazyflie_ws/install/crazyflie_interfaces/include/crazyflie_interfaces/crazyflie_interfaces/srv/detail/remove_logging__builder.hpp\n'}
[5.285227] (crazyflie_interfaces) StdoutLine: {'line': b'-- Up-to-date symlink: /home/gowtham/crazyflie_ws/install/crazyflie_interfaces/include/crazyflie_interfaces/crazyflie_interfaces/srv/detail/remove_logging__struct.hpp\n'}
[5.285320] (crazyflie_interfaces) StdoutLine: {'line': b'-- Up-to-date symlink: /home/gowtham/crazyflie_ws/install/crazyflie_interfaces/include/crazyflie_interfaces/crazyflie_interfaces/srv/detail/remove_logging__traits.hpp\n'}
[5.285444] (crazyflie_interfaces) StdoutLine: {'line': b'-- Up-to-date symlink: /home/gowtham/crazyflie_ws/install/crazyflie_interfaces/include/crazyflie_interfaces/crazyflie_interfaces/srv/detail/remove_logging__type_support.hpp\n'}
[5.285807] (crazyflie_interfaces) StdoutLine: {'line': b'-- Up-to-date symlink: /home/gowtham/crazyflie_ws/install/crazyflie_interfaces/include/crazyflie_interfaces/crazyflie_interfaces/srv/detail/set_group_mask__builder.hpp\n'}
[5.286031] (crazyflie_interfaces) StdoutLine: {'line': b'-- Up-to-date symlink: /home/gowtham/crazyflie_ws/install/crazyflie_interfaces/include/crazyflie_interfaces/crazyflie_interfaces/srv/detail/set_group_mask__struct.hpp\n'}
[5.288716] (crazyflie_interfaces) StdoutLine: {'line': b'-- Up-to-date symlink: /home/gowtham/crazyflie_ws/install/crazyflie_interfaces/include/crazyflie_interfaces/crazyflie_interfaces/srv/detail/set_group_mask__traits.hpp\n'}
[5.289133] (crazyflie_interfaces) StdoutLine: {'line': b'-- Up-to-date symlink: /home/gowtham/crazyflie_ws/install/crazyflie_interfaces/include/crazyflie_interfaces/crazyflie_interfaces/srv/detail/set_group_mask__type_support.hpp\n'}
[5.289287] (crazyflie_interfaces) StdoutLine: {'line': b'-- Up-to-date symlink: /home/gowtham/crazyflie_ws/install/crazyflie_interfaces/include/crazyflie_interfaces/crazyflie_interfaces/srv/detail/start_trajectory__builder.hpp\n'}
[5.289514] (crazyflie_interfaces) StdoutLine: {'line': b'-- Up-to-date symlink: /home/gowtham/crazyflie_ws/install/crazyflie_interfaces/include/crazyflie_interfaces/crazyflie_interfaces/srv/detail/start_trajectory__struct.hpp\n'}
[5.289661] (crazyflie_interfaces) StdoutLine: {'line': b'-- Up-to-date symlink: /home/gowtham/crazyflie_ws/install/crazyflie_interfaces/include/crazyflie_interfaces/crazyflie_interfaces/srv/detail/start_trajectory__traits.hpp\n'}
[5.289848] (crazyflie_interfaces) StdoutLine: {'line': b'-- Up-to-date symlink: /home/gowtham/crazyflie_ws/install/crazyflie_interfaces/include/crazyflie_interfaces/crazyflie_interfaces/srv/detail/start_trajectory__type_support.hpp\n'}
[5.289973] (crazyflie_interfaces) StdoutLine: {'line': b'-- Up-to-date symlink: /home/gowtham/crazyflie_ws/install/crazyflie_interfaces/include/crazyflie_interfaces/crazyflie_interfaces/srv/detail/stop__builder.hpp\n'}
[5.290097] (crazyflie_interfaces) StdoutLine: {'line': b'-- Up-to-date symlink: /home/gowtham/crazyflie_ws/install/crazyflie_interfaces/include/crazyflie_interfaces/crazyflie_interfaces/srv/detail/stop__struct.hpp\n'}
[5.290218] (crazyflie_interfaces) StdoutLine: {'line': b'-- Up-to-date symlink: /home/gowtham/crazyflie_ws/install/crazyflie_interfaces/include/crazyflie_interfaces/crazyflie_interfaces/srv/detail/stop__traits.hpp\n'}
[5.290341] (crazyflie_interfaces) StdoutLine: {'line': b'-- Up-to-date symlink: /home/gowtham/crazyflie_ws/install/crazyflie_interfaces/include/crazyflie_interfaces/crazyflie_interfaces/srv/detail/stop__type_support.hpp\n'}
[5.290466] (crazyflie_interfaces) StdoutLine: {'line': b'-- Up-to-date symlink: /home/gowtham/crazyflie_ws/install/crazyflie_interfaces/include/crazyflie_interfaces/crazyflie_interfaces/srv/detail/takeoff__builder.hpp\n'}
[5.290589] (crazyflie_interfaces) StdoutLine: {'line': b'-- Up-to-date symlink: /home/gowtham/crazyflie_ws/install/crazyflie_interfaces/include/crazyflie_interfaces/crazyflie_interfaces/srv/detail/takeoff__struct.hpp\n'}
[5.290830] (crazyflie_interfaces) StdoutLine: {'line': b'-- Up-to-date symlink: /home/gowtham/crazyflie_ws/install/crazyflie_interfaces/include/crazyflie_interfaces/crazyflie_interfaces/srv/detail/takeoff__traits.hpp\n'}
[5.290977] (crazyflie_interfaces) StdoutLine: {'line': b'-- Up-to-date symlink: /home/gowtham/crazyflie_ws/install/crazyflie_interfaces/include/crazyflie_interfaces/crazyflie_interfaces/srv/detail/takeoff__type_support.hpp\n'}
[5.291106] (crazyflie_interfaces) StdoutLine: {'line': b'-- Up-to-date symlink: /home/gowtham/crazyflie_ws/install/crazyflie_interfaces/include/crazyflie_interfaces/crazyflie_interfaces/srv/detail/update_params__builder.hpp\n'}
[5.291239] (crazyflie_interfaces) StdoutLine: {'line': b'-- Up-to-date symlink: /home/gowtham/crazyflie_ws/install/crazyflie_interfaces/include/crazyflie_interfaces/crazyflie_interfaces/srv/detail/update_params__struct.hpp\n'}
[5.291371] (crazyflie_interfaces) StdoutLine: {'line': b'-- Up-to-date symlink: /home/gowtham/crazyflie_ws/install/crazyflie_interfaces/include/crazyflie_interfaces/crazyflie_interfaces/srv/detail/update_params__traits.hpp\n'}
[5.293706] (crazyflie_interfaces) StdoutLine: {'line': b'-- Up-to-date symlink: /home/gowtham/crazyflie_ws/install/crazyflie_interfaces/include/crazyflie_interfaces/crazyflie_interfaces/srv/detail/update_params__type_support.hpp\n'}
[5.294923] (crazyflie_interfaces) StdoutLine: {'line': b'-- Up-to-date symlink: /home/gowtham/crazyflie_ws/install/crazyflie_interfaces/include/crazyflie_interfaces/crazyflie_interfaces/srv/detail/upload_trajectory__builder.hpp\n'}
[5.295106] (crazyflie_interfaces) StdoutLine: {'line': b'-- Up-to-date symlink: /home/gowtham/crazyflie_ws/install/crazyflie_interfaces/include/crazyflie_interfaces/crazyflie_interfaces/srv/detail/upload_trajectory__struct.hpp\n'}
[5.295261] (crazyflie_interfaces) StdoutLine: {'line': b'-- Up-to-date symlink: /home/gowtham/crazyflie_ws/install/crazyflie_interfaces/include/crazyflie_interfaces/crazyflie_interfaces/srv/detail/upload_trajectory__traits.hpp\n'}
[5.295400] (crazyflie_interfaces) StdoutLine: {'line': b'-- Up-to-date symlink: /home/gowtham/crazyflie_ws/install/crazyflie_interfaces/include/crazyflie_interfaces/crazyflie_interfaces/srv/detail/upload_trajectory__type_support.hpp\n'}
[5.295528] (crazyflie_interfaces) StdoutLine: {'line': b'-- Up-to-date symlink: /home/gowtham/crazyflie_ws/install/crazyflie_interfaces/include/crazyflie_interfaces/crazyflie_interfaces/srv/go_to.hpp\n'}
[5.295682] (crazyflie_interfaces) StdoutLine: {'line': b'-- Up-to-date symlink: /home/gowtham/crazyflie_ws/install/crazyflie_interfaces/include/crazyflie_interfaces/crazyflie_interfaces/srv/land.hpp\n'}
[5.295843] (crazyflie_interfaces) StdoutLine: {'line': b'-- Up-to-date symlink: /home/gowtham/crazyflie_ws/install/crazyflie_interfaces/include/crazyflie_interfaces/crazyflie_interfaces/srv/notify_setpoints_stop.hpp\n'}
[5.296015] (crazyflie_interfaces) StdoutLine: {'line': b'-- Up-to-date symlink: /home/gowtham/crazyflie_ws/install/crazyflie_interfaces/include/crazyflie_interfaces/crazyflie_interfaces/srv/remove_logging.hpp\n'}
[5.296139] (crazyflie_interfaces) StdoutLine: {'line': b'-- Up-to-date symlink: /home/gowtham/crazyflie_ws/install/crazyflie_interfaces/include/crazyflie_interfaces/crazyflie_interfaces/srv/set_group_mask.hpp\n'}
[5.296257] (crazyflie_interfaces) StdoutLine: {'line': b'-- Up-to-date symlink: /home/gowtham/crazyflie_ws/install/crazyflie_interfaces/include/crazyflie_interfaces/crazyflie_interfaces/srv/start_trajectory.hpp\n'}
[5.296376] (crazyflie_interfaces) StdoutLine: {'line': b'-- Up-to-date symlink: /home/gowtham/crazyflie_ws/install/crazyflie_interfaces/include/crazyflie_interfaces/crazyflie_interfaces/srv/stop.hpp\n'}
[5.296501] (crazyflie_interfaces) StdoutLine: {'line': b'-- Up-to-date symlink: /home/gowtham/crazyflie_ws/install/crazyflie_interfaces/include/crazyflie_interfaces/crazyflie_interfaces/srv/takeoff.hpp\n'}
[5.296656] (crazyflie_interfaces) StdoutLine: {'line': b'-- Up-to-date symlink: /home/gowtham/crazyflie_ws/install/crazyflie_interfaces/include/crazyflie_interfaces/crazyflie_interfaces/srv/update_params.hpp\n'}
[5.296806] (crazyflie_interfaces) StdoutLine: {'line': b'-- Up-to-date symlink: /home/gowtham/crazyflie_ws/install/crazyflie_interfaces/include/crazyflie_interfaces/crazyflie_interfaces/srv/upload_trajectory.hpp\n'}
[5.300328] (crazyflie_interfaces) StdoutLine: {'line': b'-- Up-to-date symlink: /home/gowtham/crazyflie_ws/install/crazyflie_interfaces/include/crazyflie_interfaces/crazyflie_interfaces/msg/detail/connection_statistics__rosidl_typesupport_fastrtps_cpp.hpp\n'}
[5.300647] (crazyflie_interfaces) StdoutLine: {'line': b'-- Up-to-date symlink: /home/gowtham/crazyflie_ws/install/crazyflie_interfaces/include/crazyflie_interfaces/crazyflie_interfaces/msg/detail/connection_statistics_array__rosidl_typesupport_fastrtps_cpp.hpp\n'}
[5.301854] (crazyflie_interfaces) StdoutLine: {'line': b'-- Up-to-date symlink: /home/gowtham/crazyflie_ws/install/crazyflie_interfaces/include/crazyflie_interfaces/crazyflie_interfaces/msg/detail/full_state__rosidl_typesupport_fastrtps_cpp.hpp\n'}
[5.302076] (crazyflie_interfaces) StdoutLine: {'line': b'-- Up-to-date symlink: /home/gowtham/crazyflie_ws/install/crazyflie_interfaces/include/crazyflie_interfaces/crazyflie_interfaces/msg/detail/hover__rosidl_typesupport_fastrtps_cpp.hpp\n'}
[5.302295] (crazyflie_interfaces) StdoutLine: {'line': b'-- Up-to-date symlink: /home/gowtham/crazyflie_ws/install/crazyflie_interfaces/include/crazyflie_interfaces/crazyflie_interfaces/msg/detail/log_block__rosidl_typesupport_fastrtps_cpp.hpp\n'}
[5.302438] (crazyflie_interfaces) StdoutLine: {'line': b'-- Up-to-date symlink: /home/gowtham/crazyflie_ws/install/crazyflie_interfaces/include/crazyflie_interfaces/crazyflie_interfaces/msg/detail/log_data_generic__rosidl_typesupport_fastrtps_cpp.hpp\n'}
[5.302645] (crazyflie_interfaces) StdoutLine: {'line': b'-- Up-to-date symlink: /home/gowtham/crazyflie_ws/install/crazyflie_interfaces/include/crazyflie_interfaces/crazyflie_interfaces/msg/detail/position__rosidl_typesupport_fastrtps_cpp.hpp\n'}
[5.302802] (crazyflie_interfaces) StdoutLine: {'line': b'-- Up-to-date symlink: /home/gowtham/crazyflie_ws/install/crazyflie_interfaces/include/crazyflie_interfaces/crazyflie_interfaces/msg/detail/status__rosidl_typesupport_fastrtps_cpp.hpp\n'}
[5.303813] (crazyflie_interfaces) StdoutLine: {'line': b'-- Up-to-date symlink: /home/gowtham/crazyflie_ws/install/crazyflie_interfaces/include/crazyflie_interfaces/crazyflie_interfaces/msg/detail/trajectory_polynomial_piece__rosidl_typesupport_fastrtps_cpp.hpp\n'}
[5.304060] (crazyflie_interfaces) StdoutLine: {'line': b'-- Up-to-date symlink: /home/gowtham/crazyflie_ws/install/crazyflie_interfaces/include/crazyflie_interfaces/crazyflie_interfaces/msg/detail/velocity_world__rosidl_typesupport_fastrtps_cpp.hpp\n'}
[5.304208] (crazyflie_interfaces) StdoutLine: {'line': b'-- Up-to-date symlink: /home/gowtham/crazyflie_ws/install/crazyflie_interfaces/include/crazyflie_interfaces/crazyflie_interfaces/msg/rosidl_typesupport_fastrtps_cpp__visibility_control.h\n'}
[5.304713] (crazyflie_interfaces) StdoutLine: {'line': b'-- Up-to-date symlink: /home/gowtham/crazyflie_ws/install/crazyflie_interfaces/include/crazyflie_interfaces/crazyflie_interfaces/srv/detail/add_logging__rosidl_typesupport_fastrtps_cpp.hpp\n'}
[5.304897] (crazyflie_interfaces) StdoutLine: {'line': b'-- Up-to-date symlink: /home/gowtham/crazyflie_ws/install/crazyflie_interfaces/include/crazyflie_interfaces/crazyflie_interfaces/srv/detail/arm__rosidl_typesupport_fastrtps_cpp.hpp\n'}
[5.305985] (crazyflie_interfaces) StdoutLine: {'line': b'-- Up-to-date symlink: /home/gowtham/crazyflie_ws/install/crazyflie_interfaces/include/crazyflie_interfaces/crazyflie_interfaces/srv/detail/go_to__rosidl_typesupport_fastrtps_cpp.hpp\n'}
[5.306164] (crazyflie_interfaces) StdoutLine: {'line': b'-- Up-to-date symlink: /home/gowtham/crazyflie_ws/install/crazyflie_interfaces/include/crazyflie_interfaces/crazyflie_interfaces/srv/detail/land__rosidl_typesupport_fastrtps_cpp.hpp\n'}
[5.306281] (crazyflie_interfaces) StdoutLine: {'line': b'-- Up-to-date symlink: /home/gowtham/crazyflie_ws/install/crazyflie_interfaces/include/crazyflie_interfaces/crazyflie_interfaces/srv/detail/notify_setpoints_stop__rosidl_typesupport_fastrtps_cpp.hpp\n'}
[5.306435] (crazyflie_interfaces) StdoutLine: {'line': b'-- Up-to-date symlink: /home/gowtham/crazyflie_ws/install/crazyflie_interfaces/include/crazyflie_interfaces/crazyflie_interfaces/srv/detail/remove_logging__rosidl_typesupport_fastrtps_cpp.hpp\n'}
[5.306555] (crazyflie_interfaces) StdoutLine: {'line': b'-- Up-to-date symlink: /home/gowtham/crazyflie_ws/install/crazyflie_interfaces/include/crazyflie_interfaces/crazyflie_interfaces/srv/detail/set_group_mask__rosidl_typesupport_fastrtps_cpp.hpp\n'}
[5.306695] (crazyflie_interfaces) StdoutLine: {'line': b'-- Up-to-date symlink: /home/gowtham/crazyflie_ws/install/crazyflie_interfaces/include/crazyflie_interfaces/crazyflie_interfaces/srv/detail/start_trajectory__rosidl_typesupport_fastrtps_cpp.hpp\n'}
[5.306848] (crazyflie_interfaces) StdoutLine: {'line': b'-- Up-to-date symlink: /home/gowtham/crazyflie_ws/install/crazyflie_interfaces/include/crazyflie_interfaces/crazyflie_interfaces/srv/detail/stop__rosidl_typesupport_fastrtps_cpp.hpp\n'}
[5.308372] (crazyflie_interfaces) StdoutLine: {'line': b'-- Up-to-date symlink: /home/gowtham/crazyflie_ws/install/crazyflie_interfaces/include/crazyflie_interfaces/crazyflie_interfaces/srv/detail/takeoff__rosidl_typesupport_fastrtps_cpp.hpp\n'}
[5.308664] (crazyflie_interfaces) StdoutLine: {'line': b'-- Up-to-date symlink: /home/gowtham/crazyflie_ws/install/crazyflie_interfaces/include/crazyflie_interfaces/crazyflie_interfaces/srv/detail/update_params__rosidl_typesupport_fastrtps_cpp.hpp\n'}
[5.308907] (crazyflie_interfaces) StdoutLine: {'line': b'-- Up-to-date symlink: /home/gowtham/crazyflie_ws/install/crazyflie_interfaces/include/crazyflie_interfaces/crazyflie_interfaces/srv/detail/upload_trajectory__rosidl_typesupport_fastrtps_cpp.hpp\n'}
[5.309030] (crazyflie_interfaces) StdoutLine: {'line': b'-- Up-to-date symlink: /home/gowtham/crazyflie_ws/install/crazyflie_interfaces/include/crazyflie_interfaces/crazyflie_interfaces/msg/detail/connection_statistics__rosidl_typesupport_introspection_c.h\n'}
[5.309148] (crazyflie_interfaces) StdoutLine: {'line': b'-- Up-to-date symlink: /home/gowtham/crazyflie_ws/install/crazyflie_interfaces/include/crazyflie_interfaces/crazyflie_interfaces/msg/detail/connection_statistics_array__rosidl_typesupport_introspection_c.h\n'}
[5.310695] (crazyflie_interfaces) StdoutLine: {'line': b'-- Up-to-date symlink: /home/gowtham/crazyflie_ws/install/crazyflie_interfaces/include/crazyflie_interfaces/crazyflie_interfaces/msg/detail/full_state__rosidl_typesupport_introspection_c.h\n'}
[5.311004] (crazyflie_interfaces) StdoutLine: {'line': b'-- Up-to-date symlink: /home/gowtham/crazyflie_ws/install/crazyflie_interfaces/include/crazyflie_interfaces/crazyflie_interfaces/msg/detail/hover__rosidl_typesupport_introspection_c.h\n'}
[5.311148] (crazyflie_interfaces) StdoutLine: {'line': b'-- Up-to-date symlink: /home/gowtham/crazyflie_ws/install/crazyflie_interfaces/include/crazyflie_interfaces/crazyflie_interfaces/msg/detail/log_block__rosidl_typesupport_introspection_c.h\n'}
[5.311277] (crazyflie_interfaces) StdoutLine: {'line': b'-- Up-to-date symlink: /home/gowtham/crazyflie_ws/install/crazyflie_interfaces/include/crazyflie_interfaces/crazyflie_interfaces/msg/detail/log_data_generic__rosidl_typesupport_introspection_c.h\n'}
[5.311439] (crazyflie_interfaces) StdoutLine: {'line': b'-- Up-to-date symlink: /home/gowtham/crazyflie_ws/install/crazyflie_interfaces/include/crazyflie_interfaces/crazyflie_interfaces/msg/detail/position__rosidl_typesupport_introspection_c.h\n'}
[5.312784] (crazyflie_interfaces) StdoutLine: {'line': b'-- Up-to-date symlink: /home/gowtham/crazyflie_ws/install/crazyflie_interfaces/include/crazyflie_interfaces/crazyflie_interfaces/msg/detail/status__rosidl_typesupport_introspection_c.h\n'}
[5.313105] (crazyflie_interfaces) StdoutLine: {'line': b'-- Up-to-date symlink: /home/gowtham/crazyflie_ws/install/crazyflie_interfaces/include/crazyflie_interfaces/crazyflie_interfaces/msg/detail/trajectory_polynomial_piece__rosidl_typesupport_introspection_c.h\n'}
[5.313334] (crazyflie_interfaces) StdoutLine: {'line': b'-- Up-to-date symlink: /home/gowtham/crazyflie_ws/install/crazyflie_interfaces/include/crazyflie_interfaces/crazyflie_interfaces/msg/detail/velocity_world__rosidl_typesupport_introspection_c.h\n'}
[5.313490] (crazyflie_interfaces) StdoutLine: {'line': b'-- Up-to-date symlink: /home/gowtham/crazyflie_ws/install/crazyflie_interfaces/include/crazyflie_interfaces/crazyflie_interfaces/msg/rosidl_typesupport_introspection_c__visibility_control.h\n'}
[5.314791] (crazyflie_interfaces) StdoutLine: {'line': b'-- Up-to-date symlink: /home/gowtham/crazyflie_ws/install/crazyflie_interfaces/include/crazyflie_interfaces/crazyflie_interfaces/srv/detail/add_logging__rosidl_typesupport_introspection_c.h\n'}
[5.315000] (crazyflie_interfaces) StdoutLine: {'line': b'-- Up-to-date symlink: /home/gowtham/crazyflie_ws/install/crazyflie_interfaces/include/crazyflie_interfaces/crazyflie_interfaces/srv/detail/arm__rosidl_typesupport_introspection_c.h\n'}
[5.315191] (crazyflie_interfaces) StdoutLine: {'line': b'-- Up-to-date symlink: /home/gowtham/crazyflie_ws/install/crazyflie_interfaces/include/crazyflie_interfaces/crazyflie_interfaces/srv/detail/go_to__rosidl_typesupport_introspection_c.h\n'}
[5.315403] (crazyflie_interfaces) StdoutLine: {'line': b'-- Up-to-date symlink: /home/gowtham/crazyflie_ws/install/crazyflie_interfaces/include/crazyflie_interfaces/crazyflie_interfaces/srv/detail/land__rosidl_typesupport_introspection_c.h\n'}
[5.315537] (crazyflie_interfaces) StdoutLine: {'line': b'-- Up-to-date symlink: /home/gowtham/crazyflie_ws/install/crazyflie_interfaces/include/crazyflie_interfaces/crazyflie_interfaces/srv/detail/notify_setpoints_stop__rosidl_typesupport_introspection_c.h\n'}
[5.315688] (crazyflie_interfaces) StdoutLine: {'line': b'-- Up-to-date symlink: /home/gowtham/crazyflie_ws/install/crazyflie_interfaces/include/crazyflie_interfaces/crazyflie_interfaces/srv/detail/remove_logging__rosidl_typesupport_introspection_c.h\n'}
[5.316934] (crazyflie_interfaces) StdoutLine: {'line': b'-- Up-to-date symlink: /home/gowtham/crazyflie_ws/install/crazyflie_interfaces/include/crazyflie_interfaces/crazyflie_interfaces/srv/detail/set_group_mask__rosidl_typesupport_introspection_c.h\n'}
[5.317092] (crazyflie_interfaces) StdoutLine: {'line': b'-- Up-to-date symlink: /home/gowtham/crazyflie_ws/install/crazyflie_interfaces/include/crazyflie_interfaces/crazyflie_interfaces/srv/detail/start_trajectory__rosidl_typesupport_introspection_c.h\n'}
[5.317220] (crazyflie_interfaces) StdoutLine: {'line': b'-- Up-to-date symlink: /home/gowtham/crazyflie_ws/install/crazyflie_interfaces/include/crazyflie_interfaces/crazyflie_interfaces/srv/detail/stop__rosidl_typesupport_introspection_c.h\n'}
[5.317351] (crazyflie_interfaces) StdoutLine: {'line': b'-- Up-to-date symlink: /home/gowtham/crazyflie_ws/install/crazyflie_interfaces/include/crazyflie_interfaces/crazyflie_interfaces/srv/detail/takeoff__rosidl_typesupport_introspection_c.h\n'}
[5.317477] (crazyflie_interfaces) StdoutLine: {'line': b'-- Up-to-date symlink: /home/gowtham/crazyflie_ws/install/crazyflie_interfaces/include/crazyflie_interfaces/crazyflie_interfaces/srv/detail/update_params__rosidl_typesupport_introspection_c.h\n'}
[5.317597] (crazyflie_interfaces) StdoutLine: {'line': b'-- Up-to-date symlink: /home/gowtham/crazyflie_ws/install/crazyflie_interfaces/include/crazyflie_interfaces/crazyflie_interfaces/srv/detail/upload_trajectory__rosidl_typesupport_introspection_c.h\n'}
[5.318546] (crazyflie_interfaces) StdoutLine: {'line': b'-- Up-to-date symlink: /home/gowtham/crazyflie_ws/install/crazyflie_interfaces/include/crazyflie_interfaces/crazyflie_interfaces/msg/detail/connection_statistics__rosidl_typesupport_introspection_cpp.hpp\n'}
[5.319279] (crazyflie_interfaces) StdoutLine: {'line': b'-- Up-to-date symlink: /home/gowtham/crazyflie_ws/install/crazyflie_interfaces/include/crazyflie_interfaces/crazyflie_interfaces/msg/detail/connection_statistics_array__rosidl_typesupport_introspection_cpp.hpp\n'}
[5.319484] (crazyflie_interfaces) StdoutLine: {'line': b'-- Up-to-date symlink: /home/gowtham/crazyflie_ws/install/crazyflie_interfaces/include/crazyflie_interfaces/crazyflie_interfaces/msg/detail/full_state__rosidl_typesupport_introspection_cpp.hpp\n'}
[5.320841] (crazyflie_interfaces) StdoutLine: {'line': b'-- Up-to-date symlink: /home/gowtham/crazyflie_ws/install/crazyflie_interfaces/include/crazyflie_interfaces/crazyflie_interfaces/msg/detail/hover__rosidl_typesupport_introspection_cpp.hpp\n'}
[5.321149] (crazyflie_interfaces) StdoutLine: {'line': b'-- Up-to-date symlink: /home/gowtham/crazyflie_ws/install/crazyflie_interfaces/include/crazyflie_interfaces/crazyflie_interfaces/msg/detail/log_block__rosidl_typesupport_introspection_cpp.hpp\n'}
[5.321359] (crazyflie_interfaces) StdoutLine: {'line': b'-- Up-to-date symlink: /home/gowtham/crazyflie_ws/install/crazyflie_interfaces/include/crazyflie_interfaces/crazyflie_interfaces/msg/detail/log_data_generic__rosidl_typesupport_introspection_cpp.hpp\n'}
[5.321540] (crazyflie_interfaces) StdoutLine: {'line': b'-- Up-to-date symlink: /home/gowtham/crazyflie_ws/install/crazyflie_interfaces/include/crazyflie_interfaces/crazyflie_interfaces/msg/detail/position__rosidl_typesupport_introspection_cpp.hpp\n'}
[5.321752] (crazyflie_interfaces) StdoutLine: {'line': b'-- Up-to-date symlink: /home/gowtham/crazyflie_ws/install/crazyflie_interfaces/include/crazyflie_interfaces/crazyflie_interfaces/msg/detail/status__rosidl_typesupport_introspection_cpp.hpp\n'}
[5.321916] (crazyflie_interfaces) StdoutLine: {'line': b'-- Up-to-date symlink: /home/gowtham/crazyflie_ws/install/crazyflie_interfaces/include/crazyflie_interfaces/crazyflie_interfaces/msg/detail/trajectory_polynomial_piece__rosidl_typesupport_introspection_cpp.hpp\n'}
[5.322113] (crazyflie_interfaces) StdoutLine: {'line': b'-- Up-to-date symlink: /home/gowtham/crazyflie_ws/install/crazyflie_interfaces/include/crazyflie_interfaces/crazyflie_interfaces/msg/detail/velocity_world__rosidl_typesupport_introspection_cpp.hpp\n'}
[5.323719] (crazyflie_interfaces) StdoutLine: {'line': b'-- Up-to-date symlink: /home/gowtham/crazyflie_ws/install/crazyflie_interfaces/include/crazyflie_interfaces/crazyflie_interfaces/srv/detail/add_logging__rosidl_typesupport_introspection_cpp.hpp\n'}
[5.325852] (crazyflie_interfaces) StdoutLine: {'line': b'-- Up-to-date symlink: /home/gowtham/crazyflie_ws/install/crazyflie_interfaces/include/crazyflie_interfaces/crazyflie_interfaces/srv/detail/arm__rosidl_typesupport_introspection_cpp.hpp\n'}
[5.326141] (crazyflie_interfaces) StdoutLine: {'line': b'-- Up-to-date symlink: /home/gowtham/crazyflie_ws/install/crazyflie_interfaces/include/crazyflie_interfaces/crazyflie_interfaces/srv/detail/go_to__rosidl_typesupport_introspection_cpp.hpp\n'}
[5.326284] (crazyflie_interfaces) StdoutLine: {'line': b'-- Up-to-date symlink: /home/gowtham/crazyflie_ws/install/crazyflie_interfaces/include/crazyflie_interfaces/crazyflie_interfaces/srv/detail/land__rosidl_typesupport_introspection_cpp.hpp\n'}
[5.326410] (crazyflie_interfaces) StdoutLine: {'line': b'-- Up-to-date symlink: /home/gowtham/crazyflie_ws/install/crazyflie_interfaces/include/crazyflie_interfaces/crazyflie_interfaces/srv/detail/notify_setpoints_stop__rosidl_typesupport_introspection_cpp.hpp\n'}
[5.326602] (crazyflie_interfaces) StdoutLine: {'line': b'-- Up-to-date symlink: /home/gowtham/crazyflie_ws/install/crazyflie_interfaces/include/crazyflie_interfaces/crazyflie_interfaces/srv/detail/remove_logging__rosidl_typesupport_introspection_cpp.hpp\n'}
[5.326748] (crazyflie_interfaces) StdoutLine: {'line': b'-- Up-to-date symlink: /home/gowtham/crazyflie_ws/install/crazyflie_interfaces/include/crazyflie_interfaces/crazyflie_interfaces/srv/detail/set_group_mask__rosidl_typesupport_introspection_cpp.hpp\n'}
[5.326873] (crazyflie_interfaces) StdoutLine: {'line': b'-- Up-to-date symlink: /home/gowtham/crazyflie_ws/install/crazyflie_interfaces/include/crazyflie_interfaces/crazyflie_interfaces/srv/detail/start_trajectory__rosidl_typesupport_introspection_cpp.hpp\n'}
[5.327007] (crazyflie_interfaces) StdoutLine: {'line': b'-- Up-to-date symlink: /home/gowtham/crazyflie_ws/install/crazyflie_interfaces/include/crazyflie_interfaces/crazyflie_interfaces/srv/detail/stop__rosidl_typesupport_introspection_cpp.hpp\n'}
[5.327129] (crazyflie_interfaces) StdoutLine: {'line': b'-- Up-to-date symlink: /home/gowtham/crazyflie_ws/install/crazyflie_interfaces/include/crazyflie_interfaces/crazyflie_interfaces/srv/detail/takeoff__rosidl_typesupport_introspection_cpp.hpp\n'}
[5.327887] (crazyflie_interfaces) StdoutLine: {'line': b'-- Up-to-date symlink: /home/gowtham/crazyflie_ws/install/crazyflie_interfaces/include/crazyflie_interfaces/crazyflie_interfaces/srv/detail/update_params__rosidl_typesupport_introspection_cpp.hpp\n'}
[5.328053] (crazyflie_interfaces) StdoutLine: {'line': b'-- Up-to-date symlink: /home/gowtham/crazyflie_ws/install/crazyflie_interfaces/include/crazyflie_interfaces/crazyflie_interfaces/srv/detail/upload_trajectory__rosidl_typesupport_introspection_cpp.hpp\n'}
[5.328199] (crazyflie_interfaces) StdoutLine: {'line': b'-- Up-to-date symlink: /home/gowtham/crazyflie_ws/install/crazyflie_interfaces/share/crazyflie_interfaces/environment/pythonpath.sh\n'}
[5.328320] (crazyflie_interfaces) StdoutLine: {'line': b'-- Up-to-date symlink: /home/gowtham/crazyflie_ws/install/crazyflie_interfaces/share/crazyflie_interfaces/environment/pythonpath.dsv\n'}
[5.329691] (crazyflie_interfaces) StdoutLine: {'line': b'-- Up-to-date symlink: /home/gowtham/crazyflie_ws/install/crazyflie_interfaces/local/lib/python3.10/dist-packages/crazyflie_interfaces-1.0.3-py3.10.egg-info/PKG-INFO\n'}
[5.329956] (crazyflie_interfaces) StdoutLine: {'line': b'-- Up-to-date symlink: /home/gowtham/crazyflie_ws/install/crazyflie_interfaces/local/lib/python3.10/dist-packages/crazyflie_interfaces-1.0.3-py3.10.egg-info/SOURCES.txt\n'}
[5.330150] (crazyflie_interfaces) StdoutLine: {'line': b'-- Up-to-date symlink: /home/gowtham/crazyflie_ws/install/crazyflie_interfaces/local/lib/python3.10/dist-packages/crazyflie_interfaces-1.0.3-py3.10.egg-info/dependency_links.txt\n'}
[5.330308] (crazyflie_interfaces) StdoutLine: {'line': b'-- Up-to-date symlink: /home/gowtham/crazyflie_ws/install/crazyflie_interfaces/local/lib/python3.10/dist-packages/crazyflie_interfaces-1.0.3-py3.10.egg-info/top_level.txt\n'}
[5.334697] (crazyflie_interfaces) StdoutLine: {'line': b'-- Up-to-date symlink: /home/gowtham/crazyflie_ws/install/crazyflie_interfaces/local/lib/python3.10/dist-packages/crazyflie_interfaces/__init__.py\n'}
[5.334951] (crazyflie_interfaces) StdoutLine: {'line': b'-- Up-to-date symlink: /home/gowtham/crazyflie_ws/install/crazyflie_interfaces/local/lib/python3.10/dist-packages/crazyflie_interfaces/_crazyflie_interfaces_s.ep.rosidl_typesupport_c.c\n'}
[5.335139] (crazyflie_interfaces) StdoutLine: {'line': b'-- Up-to-date symlink: /home/gowtham/crazyflie_ws/install/crazyflie_interfaces/local/lib/python3.10/dist-packages/crazyflie_interfaces/_crazyflie_interfaces_s.ep.rosidl_typesupport_fastrtps_c.c\n'}
[5.335275] (crazyflie_interfaces) StdoutLine: {'line': b'-- Up-to-date symlink: /home/gowtham/crazyflie_ws/install/crazyflie_interfaces/local/lib/python3.10/dist-packages/crazyflie_interfaces/_crazyflie_interfaces_s.ep.rosidl_typesupport_introspection_c.c\n'}
[5.335480] (crazyflie_interfaces) StdoutLine: {'line': b'-- Up-to-date symlink: /home/gowtham/crazyflie_ws/install/crazyflie_interfaces/local/lib/python3.10/dist-packages/crazyflie_interfaces/crazyflie_interfaces_s__rosidl_typesupport_c.cpython-310-x86_64-linux-gnu.so\n'}
[5.335602] (crazyflie_interfaces) StdoutLine: {'line': b'-- Up-to-date symlink: /home/gowtham/crazyflie_ws/install/crazyflie_interfaces/local/lib/python3.10/dist-packages/crazyflie_interfaces/crazyflie_interfaces_s__rosidl_typesupport_fastrtps_c.cpython-310-x86_64-linux-gnu.so\n'}
[5.335796] (crazyflie_interfaces) StdoutLine: {'line': b'-- Up-to-date symlink: /home/gowtham/crazyflie_ws/install/crazyflie_interfaces/local/lib/python3.10/dist-packages/crazyflie_interfaces/crazyflie_interfaces_s__rosidl_typesupport_introspection_c.cpython-310-x86_64-linux-gnu.so\n'}
[5.336085] (crazyflie_interfaces) StdoutLine: {'line': b'-- Up-to-date symlink: /home/gowtham/crazyflie_ws/install/crazyflie_interfaces/local/lib/python3.10/dist-packages/crazyflie_interfaces/libcrazyflie_interfaces__rosidl_generator_py.so\n'}
[5.338202] (crazyflie_interfaces) StdoutLine: {'line': b'-- Up-to-date symlink: /home/gowtham/crazyflie_ws/install/crazyflie_interfaces/local/lib/python3.10/dist-packages/crazyflie_interfaces/msg/__init__.py\n'}
[5.338499] (crazyflie_interfaces) StdoutLine: {'line': b'-- Up-to-date symlink: /home/gowtham/crazyflie_ws/install/crazyflie_interfaces/local/lib/python3.10/dist-packages/crazyflie_interfaces/msg/_connection_statistics.py\n'}
[5.338653] (crazyflie_interfaces) StdoutLine: {'line': b'-- Up-to-date symlink: /home/gowtham/crazyflie_ws/install/crazyflie_interfaces/local/lib/python3.10/dist-packages/crazyflie_interfaces/msg/_connection_statistics_array.py\n'}
[5.338841] (crazyflie_interfaces) StdoutLine: {'line': b'-- Up-to-date symlink: /home/gowtham/crazyflie_ws/install/crazyflie_interfaces/local/lib/python3.10/dist-packages/crazyflie_interfaces/msg/_connection_statistics_array_s.c\n'}
[5.338968] (crazyflie_interfaces) StdoutLine: {'line': b'-- Up-to-date symlink: /home/gowtham/crazyflie_ws/install/crazyflie_interfaces/local/lib/python3.10/dist-packages/crazyflie_interfaces/msg/_connection_statistics_s.c\n'}
[5.339168] (crazyflie_interfaces) StdoutLine: {'line': b'-- Up-to-date symlink: /home/gowtham/crazyflie_ws/install/crazyflie_interfaces/local/lib/python3.10/dist-packages/crazyflie_interfaces/msg/_full_state.py\n'}
[5.339304] (crazyflie_interfaces) StdoutLine: {'line': b'-- Up-to-date symlink: /home/gowtham/crazyflie_ws/install/crazyflie_interfaces/local/lib/python3.10/dist-packages/crazyflie_interfaces/msg/_full_state_s.c\n'}
[5.339434] (crazyflie_interfaces) StdoutLine: {'line': b'-- Up-to-date symlink: /home/gowtham/crazyflie_ws/install/crazyflie_interfaces/local/lib/python3.10/dist-packages/crazyflie_interfaces/msg/_hover.py\n'}
[5.339789] (crazyflie_interfaces) StdoutLine: {'line': b'-- Up-to-date symlink: /home/gowtham/crazyflie_ws/install/crazyflie_interfaces/local/lib/python3.10/dist-packages/crazyflie_interfaces/msg/_hover_s.c\n'}
[5.340174] (crazyflie_interfaces) StdoutLine: {'line': b'-- Up-to-date symlink: /home/gowtham/crazyflie_ws/install/crazyflie_interfaces/local/lib/python3.10/dist-packages/crazyflie_interfaces/msg/_log_block.py\n'}
[5.340548] (crazyflie_interfaces) StdoutLine: {'line': b'-- Up-to-date symlink: /home/gowtham/crazyflie_ws/install/crazyflie_interfaces/local/lib/python3.10/dist-packages/crazyflie_interfaces/msg/_log_block_s.c\n'}
[5.340983] (crazyflie_interfaces) StdoutLine: {'line': b'-- Up-to-date symlink: /home/gowtham/crazyflie_ws/install/crazyflie_interfaces/local/lib/python3.10/dist-packages/crazyflie_interfaces/msg/_log_data_generic.py\n'}
[5.342465] (crazyflie_interfaces) StdoutLine: {'line': b'-- Up-to-date symlink: /home/gowtham/crazyflie_ws/install/crazyflie_interfaces/local/lib/python3.10/dist-packages/crazyflie_interfaces/msg/_log_data_generic_s.c\n'}
[5.342790] (crazyflie_interfaces) StdoutLine: {'line': b'-- Up-to-date symlink: /home/gowtham/crazyflie_ws/install/crazyflie_interfaces/local/lib/python3.10/dist-packages/crazyflie_interfaces/msg/_position.py\n'}
[5.342938] (crazyflie_interfaces) StdoutLine: {'line': b'-- Up-to-date symlink: /home/gowtham/crazyflie_ws/install/crazyflie_interfaces/local/lib/python3.10/dist-packages/crazyflie_interfaces/msg/_position_s.c\n'}
[5.343059] (crazyflie_interfaces) StdoutLine: {'line': b'-- Up-to-date symlink: /home/gowtham/crazyflie_ws/install/crazyflie_interfaces/local/lib/python3.10/dist-packages/crazyflie_interfaces/msg/_status.py\n'}
[5.343232] (crazyflie_interfaces) StdoutLine: {'line': b'-- Up-to-date symlink: /home/gowtham/crazyflie_ws/install/crazyflie_interfaces/local/lib/python3.10/dist-packages/crazyflie_interfaces/msg/_status_s.c\n'}
[5.343418] (crazyflie_interfaces) StdoutLine: {'line': b'-- Up-to-date symlink: /home/gowtham/crazyflie_ws/install/crazyflie_interfaces/local/lib/python3.10/dist-packages/crazyflie_interfaces/msg/_trajectory_polynomial_piece.py\n'}
[5.344778] (crazyflie_interfaces) StdoutLine: {'line': b'-- Up-to-date symlink: /home/gowtham/crazyflie_ws/install/crazyflie_interfaces/local/lib/python3.10/dist-packages/crazyflie_interfaces/msg/_trajectory_polynomial_piece_s.c\n'}
[5.346503] (crazyflie_interfaces) StdoutLine: {'line': b'-- Up-to-date symlink: /home/gowtham/crazyflie_ws/install/crazyflie_interfaces/local/lib/python3.10/dist-packages/crazyflie_interfaces/msg/_velocity_world.py\n'}
[5.346796] (-) TimerEvent: {}
[5.346962] (crazyflie_interfaces) StdoutLine: {'line': b'-- Up-to-date symlink: /home/gowtham/crazyflie_ws/install/crazyflie_interfaces/local/lib/python3.10/dist-packages/crazyflie_interfaces/msg/_velocity_world_s.c\n'}
[5.347184] (crazyflie_interfaces) StdoutLine: {'line': b'-- Up-to-date symlink: /home/gowtham/crazyflie_ws/install/crazyflie_interfaces/local/lib/python3.10/dist-packages/crazyflie_interfaces/srv/__init__.py\n'}
[5.347318] (crazyflie_interfaces) StdoutLine: {'line': b'-- Up-to-date symlink: /home/gowtham/crazyflie_ws/install/crazyflie_interfaces/local/lib/python3.10/dist-packages/crazyflie_interfaces/srv/_add_logging.py\n'}
[5.347448] (crazyflie_interfaces) StdoutLine: {'line': b'-- Up-to-date symlink: /home/gowtham/crazyflie_ws/install/crazyflie_interfaces/local/lib/python3.10/dist-packages/crazyflie_interfaces/srv/_add_logging_s.c\n'}
[5.347599] (crazyflie_interfaces) StdoutLine: {'line': b'-- Up-to-date symlink: /home/gowtham/crazyflie_ws/install/crazyflie_interfaces/local/lib/python3.10/dist-packages/crazyflie_interfaces/srv/_arm.py\n'}
[5.347789] (crazyflie_interfaces) StdoutLine: {'line': b'-- Up-to-date symlink: /home/gowtham/crazyflie_ws/install/crazyflie_interfaces/local/lib/python3.10/dist-packages/crazyflie_interfaces/srv/_arm_s.c\n'}
[5.349702] (crazyflie_interfaces) StdoutLine: {'line': b'-- Up-to-date symlink: /home/gowtham/crazyflie_ws/install/crazyflie_interfaces/local/lib/python3.10/dist-packages/crazyflie_interfaces/srv/_go_to.py\n'}
[5.350050] (crazyflie_interfaces) StdoutLine: {'line': b'-- Up-to-date symlink: /home/gowtham/crazyflie_ws/install/crazyflie_interfaces/local/lib/python3.10/dist-packages/crazyflie_interfaces/srv/_go_to_s.c\n'}
[5.350265] (crazyflie_interfaces) StdoutLine: {'line': b'-- Up-to-date symlink: /home/gowtham/crazyflie_ws/install/crazyflie_interfaces/local/lib/python3.10/dist-packages/crazyflie_interfaces/srv/_land.py\n'}
[5.350451] (crazyflie_interfaces) StdoutLine: {'line': b'-- Up-to-date symlink: /home/gowtham/crazyflie_ws/install/crazyflie_interfaces/local/lib/python3.10/dist-packages/crazyflie_interfaces/srv/_land_s.c\n'}
[5.350669] (crazyflie_interfaces) StdoutLine: {'line': b'-- Up-to-date symlink: /home/gowtham/crazyflie_ws/install/crazyflie_interfaces/local/lib/python3.10/dist-packages/crazyflie_interfaces/srv/_notify_setpoints_stop.py\n'}
[5.350828] (crazyflie_interfaces) StdoutLine: {'line': b'-- Up-to-date symlink: /home/gowtham/crazyflie_ws/install/crazyflie_interfaces/local/lib/python3.10/dist-packages/crazyflie_interfaces/srv/_notify_setpoints_stop_s.c\n'}
[5.351008] (crazyflie_interfaces) StdoutLine: {'line': b'-- Up-to-date symlink: /home/gowtham/crazyflie_ws/install/crazyflie_interfaces/local/lib/python3.10/dist-packages/crazyflie_interfaces/srv/_remove_logging.py\n'}
[5.351143] (crazyflie_interfaces) StdoutLine: {'line': b'-- Up-to-date symlink: /home/gowtham/crazyflie_ws/install/crazyflie_interfaces/local/lib/python3.10/dist-packages/crazyflie_interfaces/srv/_remove_logging_s.c\n'}
[5.351280] (crazyflie_interfaces) StdoutLine: {'line': b'-- Up-to-date symlink: /home/gowtham/crazyflie_ws/install/crazyflie_interfaces/local/lib/python3.10/dist-packages/crazyflie_interfaces/srv/_set_group_mask.py\n'}
[5.351420] (crazyflie_interfaces) StdoutLine: {'line': b'-- Up-to-date symlink: /home/gowtham/crazyflie_ws/install/crazyflie_interfaces/local/lib/python3.10/dist-packages/crazyflie_interfaces/srv/_set_group_mask_s.c\n'}
[5.351673] (crazyflie_interfaces) StdoutLine: {'line': b'-- Up-to-date symlink: /home/gowtham/crazyflie_ws/install/crazyflie_interfaces/local/lib/python3.10/dist-packages/crazyflie_interfaces/srv/_start_trajectory.py\n'}
[5.351862] (crazyflie_interfaces) StdoutLine: {'line': b'-- Up-to-date symlink: /home/gowtham/crazyflie_ws/install/crazyflie_interfaces/local/lib/python3.10/dist-packages/crazyflie_interfaces/srv/_start_trajectory_s.c\n'}
[5.353260] (crazyflie_interfaces) StdoutLine: {'line': b'-- Up-to-date symlink: /home/gowtham/crazyflie_ws/install/crazyflie_interfaces/local/lib/python3.10/dist-packages/crazyflie_interfaces/srv/_stop.py\n'}
[5.355749] (crazyflie_interfaces) StdoutLine: {'line': b'-- Up-to-date symlink: /home/gowtham/crazyflie_ws/install/crazyflie_interfaces/local/lib/python3.10/dist-packages/crazyflie_interfaces/srv/_stop_s.c\n'}
[5.356102] (crazyflie_interfaces) StdoutLine: {'line': b'-- Up-to-date symlink: /home/gowtham/crazyflie_ws/install/crazyflie_interfaces/local/lib/python3.10/dist-packages/crazyflie_interfaces/srv/_takeoff.py\n'}
[5.356275] (crazyflie_interfaces) StdoutLine: {'line': b'-- Up-to-date symlink: /home/gowtham/crazyflie_ws/install/crazyflie_interfaces/local/lib/python3.10/dist-packages/crazyflie_interfaces/srv/_takeoff_s.c\n'}
[5.356415] (crazyflie_interfaces) StdoutLine: {'line': b'-- Up-to-date symlink: /home/gowtham/crazyflie_ws/install/crazyflie_interfaces/local/lib/python3.10/dist-packages/crazyflie_interfaces/srv/_update_params.py\n'}
[5.356550] (crazyflie_interfaces) StdoutLine: {'line': b'-- Up-to-date symlink: /home/gowtham/crazyflie_ws/install/crazyflie_interfaces/local/lib/python3.10/dist-packages/crazyflie_interfaces/srv/_update_params_s.c\n'}
[5.356713] (crazyflie_interfaces) StdoutLine: {'line': b'-- Up-to-date symlink: /home/gowtham/crazyflie_ws/install/crazyflie_interfaces/local/lib/python3.10/dist-packages/crazyflie_interfaces/srv/_upload_trajectory.py\n'}
[5.356859] (crazyflie_interfaces) StdoutLine: {'line': b'-- Up-to-date symlink: /home/gowtham/crazyflie_ws/install/crazyflie_interfaces/local/lib/python3.10/dist-packages/crazyflie_interfaces/srv/_upload_trajectory_s.c\n'}
[5.357824] (crazyflie_interfaces) StdoutLine: {'line': b'-- Up-to-date symlink: /home/gowtham/crazyflie_ws/install/crazyflie_interfaces/local/lib/python3.10/dist-packages/crazyflie_interfaces/crazyflie_interfaces_s__rosidl_typesupport_fastrtps_c.cpython-310-x86_64-linux-gnu.so\n'}
[5.358115] (crazyflie_interfaces) StdoutLine: {'line': b'-- Up-to-date symlink: /home/gowtham/crazyflie_ws/install/crazyflie_interfaces/local/lib/python3.10/dist-packages/crazyflie_interfaces/crazyflie_interfaces_s__rosidl_typesupport_introspection_c.cpython-310-x86_64-linux-gnu.so\n'}
[5.358264] (crazyflie_interfaces) StdoutLine: {'line': b'-- Up-to-date symlink: /home/gowtham/crazyflie_ws/install/crazyflie_interfaces/local/lib/python3.10/dist-packages/crazyflie_interfaces/crazyflie_interfaces_s__rosidl_typesupport_c.cpython-310-x86_64-linux-gnu.so\n'}
[5.358461] (crazyflie_interfaces) StdoutLine: {'line': b'-- Up-to-date symlink: /home/gowtham/crazyflie_ws/install/crazyflie_interfaces/share/ament_index/resource_index/rust_packages/crazyflie_interfaces\n'}
[5.358712] (crazyflie_interfaces) StdoutLine: {'line': b'-- Up-to-date symlink: /home/gowtham/crazyflie_ws/install/crazyflie_interfaces/share/crazyflie_interfaces/rust/Cargo.toml\n'}
[5.359717] (crazyflie_interfaces) StdoutLine: {'line': b'-- Up-to-date symlink: /home/gowtham/crazyflie_ws/install/crazyflie_interfaces/share/crazyflie_interfaces/rust/build.rs\n'}
[5.360301] (crazyflie_interfaces) StdoutLine: {'line': b'-- Up-to-date symlink: /home/gowtham/crazyflie_ws/install/crazyflie_interfaces/share/crazyflie_interfaces/rust/src/lib.rs\n'}
[5.360541] (crazyflie_interfaces) StdoutLine: {'line': b'-- Up-to-date symlink: /home/gowtham/crazyflie_ws/install/crazyflie_interfaces/share/crazyflie_interfaces/rust/src/msg.rs\n'}
[5.361329] (crazyflie_interfaces) StdoutLine: {'line': b'-- Up-to-date symlink: /home/gowtham/crazyflie_ws/install/crazyflie_interfaces/share/crazyflie_interfaces/rust/src/msg/rmw.rs\n'}
[5.361562] (crazyflie_interfaces) StdoutLine: {'line': b'-- Up-to-date symlink: /home/gowtham/crazyflie_ws/install/crazyflie_interfaces/share/crazyflie_interfaces/rust/src/srv.rs\n'}
[5.361750] (crazyflie_interfaces) StdoutLine: {'line': b'-- Up-to-date symlink: /home/gowtham/crazyflie_ws/install/crazyflie_interfaces/share/crazyflie_interfaces/rust/src/srv/rmw.rs\n'}
[5.362392] (crazyflie_interfaces) StdoutLine: {'line': b'-- Up-to-date symlink: /home/gowtham/crazyflie_ws/install/crazyflie_interfaces/share/crazyflie_interfaces/msg/ConnectionStatistics.idl\n'}
[5.363035] (crazyflie_interfaces) StdoutLine: {'line': b'-- Up-to-date symlink: /home/gowtham/crazyflie_ws/install/crazyflie_interfaces/share/crazyflie_interfaces/msg/ConnectionStatisticsArray.idl\n'}
[5.363721] (crazyflie_interfaces) StdoutLine: {'line': b'-- Up-to-date symlink: /home/gowtham/crazyflie_ws/install/crazyflie_interfaces/share/crazyflie_interfaces/msg/FullState.idl\n'}
[5.364190] (crazyflie_interfaces) StdoutLine: {'line': b'-- Up-to-date symlink: /home/gowtham/crazyflie_ws/install/crazyflie_interfaces/share/crazyflie_interfaces/msg/LogDataGeneric.idl\n'}
[5.364390] (crazyflie_interfaces) StdoutLine: {'line': b'-- Up-to-date symlink: /home/gowtham/crazyflie_ws/install/crazyflie_interfaces/share/crazyflie_interfaces/msg/Hover.idl\n'}
[5.364572] (crazyflie_interfaces) StdoutLine: {'line': b'-- Up-to-date symlink: /home/gowtham/crazyflie_ws/install/crazyflie_interfaces/share/crazyflie_interfaces/msg/LogBlock.idl\n'}
[5.364758] (crazyflie_interfaces) StdoutLine: {'line': b'-- Up-to-date symlink: /home/gowtham/crazyflie_ws/install/crazyflie_interfaces/share/crazyflie_interfaces/msg/Position.idl\n'}
[5.364908] (crazyflie_interfaces) StdoutLine: {'line': b'-- Up-to-date symlink: /home/gowtham/crazyflie_ws/install/crazyflie_interfaces/share/crazyflie_interfaces/msg/Status.idl\n'}
[5.365167] (crazyflie_interfaces) StdoutLine: {'line': b'-- Up-to-date symlink: /home/gowtham/crazyflie_ws/install/crazyflie_interfaces/share/crazyflie_interfaces/msg/TrajectoryPolynomialPiece.idl\n'}
[5.365396] (crazyflie_interfaces) StdoutLine: {'line': b'-- Up-to-date symlink: /home/gowtham/crazyflie_ws/install/crazyflie_interfaces/share/crazyflie_interfaces/msg/VelocityWorld.idl\n'}
[5.365541] (crazyflie_interfaces) StdoutLine: {'line': b'-- Up-to-date symlink: /home/gowtham/crazyflie_ws/install/crazyflie_interfaces/share/crazyflie_interfaces/srv/GoTo.idl\n'}
[5.365804] (crazyflie_interfaces) StdoutLine: {'line': b'-- Up-to-date symlink: /home/gowtham/crazyflie_ws/install/crazyflie_interfaces/share/crazyflie_interfaces/srv/Land.idl\n'}
[5.366042] (crazyflie_interfaces) StdoutLine: {'line': b'-- Up-to-date symlink: /home/gowtham/crazyflie_ws/install/crazyflie_interfaces/share/crazyflie_interfaces/srv/NotifySetpointsStop.idl\n'}
[5.366410] (crazyflie_interfaces) StdoutLine: {'line': b'-- Up-to-date symlink: /home/gowtham/crazyflie_ws/install/crazyflie_interfaces/share/crazyflie_interfaces/srv/SetGroupMask.idl\n'}
[5.368106] (crazyflie_interfaces) StdoutLine: {'line': b'-- Up-to-date symlink: /home/gowtham/crazyflie_ws/install/crazyflie_interfaces/share/crazyflie_interfaces/srv/StartTrajectory.idl\n'}
[5.368387] (crazyflie_interfaces) StdoutLine: {'line': b'-- Up-to-date symlink: /home/gowtham/crazyflie_ws/install/crazyflie_interfaces/share/crazyflie_interfaces/srv/Stop.idl\n'}
[5.368555] (crazyflie_interfaces) StdoutLine: {'line': b'-- Up-to-date symlink: /home/gowtham/crazyflie_ws/install/crazyflie_interfaces/share/crazyflie_interfaces/srv/Takeoff.idl\n'}
[5.368751] (crazyflie_interfaces) StdoutLine: {'line': b'-- Up-to-date symlink: /home/gowtham/crazyflie_ws/install/crazyflie_interfaces/share/crazyflie_interfaces/srv/UpdateParams.idl\n'}
[5.369025] (crazyflie_interfaces) StdoutLine: {'line': b'-- Up-to-date symlink: /home/gowtham/crazyflie_ws/install/crazyflie_interfaces/share/crazyflie_interfaces/srv/UploadTrajectory.idl\n'}
[5.369189] (crazyflie_interfaces) StdoutLine: {'line': b'-- Up-to-date symlink: /home/gowtham/crazyflie_ws/install/crazyflie_interfaces/share/crazyflie_interfaces/srv/RemoveLogging.idl\n'}
[5.369344] (crazyflie_interfaces) StdoutLine: {'line': b'-- Up-to-date symlink: /home/gowtham/crazyflie_ws/install/crazyflie_interfaces/share/crazyflie_interfaces/srv/AddLogging.idl\n'}
[5.369592] (crazyflie_interfaces) StdoutLine: {'line': b'-- Up-to-date symlink: /home/gowtham/crazyflie_ws/install/crazyflie_interfaces/share/crazyflie_interfaces/srv/Arm.idl\n'}
[5.369879] (crazyflie_interfaces) StdoutLine: {'line': b'-- Up-to-date symlink: /home/gowtham/crazyflie_ws/install/crazyflie_interfaces/share/crazyflie_interfaces/msg/ConnectionStatistics.msg\n'}
[5.370247] (crazyflie_interfaces) StdoutLine: {'line': b'-- Up-to-date symlink: /home/gowtham/crazyflie_ws/install/crazyflie_interfaces/share/crazyflie_interfaces/msg/ConnectionStatisticsArray.msg\n'}
[5.370616] (crazyflie_interfaces) StdoutLine: {'line': b'-- Up-to-date symlink: /home/gowtham/crazyflie_ws/install/crazyflie_interfaces/share/crazyflie_interfaces/msg/FullState.msg\n'}
[5.371028] (crazyflie_interfaces) StdoutLine: {'line': b'-- Up-to-date symlink: /home/gowtham/crazyflie_ws/install/crazyflie_interfaces/share/crazyflie_interfaces/msg/LogDataGeneric.msg\n'}
[5.371399] (crazyflie_interfaces) StdoutLine: {'line': b'-- Up-to-date symlink: /home/gowtham/crazyflie_ws/install/crazyflie_interfaces/share/crazyflie_interfaces/msg/Hover.msg\n'}
[5.376589] (crazyflie_interfaces) StdoutLine: {'line': b'-- Up-to-date symlink: /home/gowtham/crazyflie_ws/install/crazyflie_interfaces/share/crazyflie_interfaces/msg/LogBlock.msg\n'}
[5.376894] (crazyflie_interfaces) StdoutLine: {'line': b'-- Up-to-date symlink: /home/gowtham/crazyflie_ws/install/crazyflie_interfaces/share/crazyflie_interfaces/msg/Position.msg\n'}
[5.377060] (crazyflie_interfaces) StdoutLine: {'line': b'-- Up-to-date symlink: /home/gowtham/crazyflie_ws/install/crazyflie_interfaces/share/crazyflie_interfaces/msg/Status.msg\n'}
[5.377219] (crazyflie_interfaces) StdoutLine: {'line': b'-- Up-to-date symlink: /home/gowtham/crazyflie_ws/install/crazyflie_interfaces/share/crazyflie_interfaces/msg/TrajectoryPolynomialPiece.msg\n'}
[5.377372] (crazyflie_interfaces) StdoutLine: {'line': b'-- Up-to-date symlink: /home/gowtham/crazyflie_ws/install/crazyflie_interfaces/share/crazyflie_interfaces/msg/VelocityWorld.msg\n'}
[5.377521] (crazyflie_interfaces) StdoutLine: {'line': b'-- Up-to-date symlink: /home/gowtham/crazyflie_ws/install/crazyflie_interfaces/share/crazyflie_interfaces/srv/GoTo.srv\n'}
[5.378895] (crazyflie_interfaces) StdoutLine: {'line': b'-- Up-to-date symlink: /home/gowtham/crazyflie_ws/install/crazyflie_interfaces/share/crazyflie_interfaces/srv/GoTo_Request.msg\n'}
[5.380385] (crazyflie_interfaces) StdoutLine: {'line': b'-- Up-to-date symlink: /home/gowtham/crazyflie_ws/install/crazyflie_interfaces/share/crazyflie_interfaces/srv/GoTo_Response.msg\n'}
[5.380580] (crazyflie_interfaces) StdoutLine: {'line': b'-- Up-to-date symlink: /home/gowtham/crazyflie_ws/install/crazyflie_interfaces/share/crazyflie_interfaces/srv/Land.srv\n'}
[5.380836] (crazyflie_interfaces) StdoutLine: {'line': b'-- Up-to-date symlink: /home/gowtham/crazyflie_ws/install/crazyflie_interfaces/share/crazyflie_interfaces/srv/Land_Request.msg\n'}
[5.381026] (crazyflie_interfaces) StdoutLine: {'line': b'-- Up-to-date symlink: /home/gowtham/crazyflie_ws/install/crazyflie_interfaces/share/crazyflie_interfaces/srv/Land_Response.msg\n'}
[5.381192] (crazyflie_interfaces) StdoutLine: {'line': b'-- Up-to-date symlink: /home/gowtham/crazyflie_ws/install/crazyflie_interfaces/share/crazyflie_interfaces/srv/NotifySetpointsStop.srv\n'}
[5.383988] (crazyflie_interfaces) StdoutLine: {'line': b'-- Up-to-date symlink: /home/gowtham/crazyflie_ws/install/crazyflie_interfaces/share/crazyflie_interfaces/srv/NotifySetpointsStop_Request.msg\n'}
[5.384179] (crazyflie_interfaces) StdoutLine: {'line': b'-- Up-to-date symlink: /home/gowtham/crazyflie_ws/install/crazyflie_interfaces/share/crazyflie_interfaces/srv/NotifySetpointsStop_Response.msg\n'}
[5.384443] (crazyflie_interfaces) StdoutLine: {'line': b'-- Up-to-date symlink: /home/gowtham/crazyflie_ws/install/crazyflie_interfaces/share/crazyflie_interfaces/srv/SetGroupMask.srv\n'}
[5.384621] (crazyflie_interfaces) StdoutLine: {'line': b'-- Up-to-date symlink: /home/gowtham/crazyflie_ws/install/crazyflie_interfaces/share/crazyflie_interfaces/srv/SetGroupMask_Request.msg\n'}
[5.384789] (crazyflie_interfaces) StdoutLine: {'line': b'-- Up-to-date symlink: /home/gowtham/crazyflie_ws/install/crazyflie_interfaces/share/crazyflie_interfaces/srv/SetGroupMask_Response.msg\n'}
[5.384999] (crazyflie_interfaces) StdoutLine: {'line': b'-- Up-to-date symlink: /home/gowtham/crazyflie_ws/install/crazyflie_interfaces/share/crazyflie_interfaces/srv/StartTrajectory.srv\n'}
[5.385140] (crazyflie_interfaces) StdoutLine: {'line': b'-- Up-to-date symlink: /home/gowtham/crazyflie_ws/install/crazyflie_interfaces/share/crazyflie_interfaces/srv/StartTrajectory_Request.msg\n'}
[5.385376] (crazyflie_interfaces) StdoutLine: {'line': b'-- Up-to-date symlink: /home/gowtham/crazyflie_ws/install/crazyflie_interfaces/share/crazyflie_interfaces/srv/StartTrajectory_Response.msg\n'}
[5.385520] (crazyflie_interfaces) StdoutLine: {'line': b'-- Up-to-date symlink: /home/gowtham/crazyflie_ws/install/crazyflie_interfaces/share/crazyflie_interfaces/srv/Stop.srv\n'}
[5.385678] (crazyflie_interfaces) StdoutLine: {'line': b'-- Up-to-date symlink: /home/gowtham/crazyflie_ws/install/crazyflie_interfaces/share/crazyflie_interfaces/srv/Stop_Request.msg\n'}
[5.385901] (crazyflie_interfaces) StdoutLine: {'line': b'-- Up-to-date symlink: /home/gowtham/crazyflie_ws/install/crazyflie_interfaces/share/crazyflie_interfaces/srv/Stop_Response.msg\n'}
[5.386037] (crazyflie_interfaces) StdoutLine: {'line': b'-- Up-to-date symlink: /home/gowtham/crazyflie_ws/install/crazyflie_interfaces/share/crazyflie_interfaces/srv/Takeoff.srv\n'}
[5.386239] (crazyflie_interfaces) StdoutLine: {'line': b'-- Up-to-date symlink: /home/gowtham/crazyflie_ws/install/crazyflie_interfaces/share/crazyflie_interfaces/srv/Takeoff_Request.msg\n'}
[5.386381] (crazyflie_interfaces) StdoutLine: {'line': b'-- Up-to-date symlink: /home/gowtham/crazyflie_ws/install/crazyflie_interfaces/share/crazyflie_interfaces/srv/Takeoff_Response.msg\n'}
[5.386591] (crazyflie_interfaces) StdoutLine: {'line': b'-- Up-to-date symlink: /home/gowtham/crazyflie_ws/install/crazyflie_interfaces/share/crazyflie_interfaces/srv/UpdateParams.srv\n'}
[5.386745] (crazyflie_interfaces) StdoutLine: {'line': b'-- Up-to-date symlink: /home/gowtham/crazyflie_ws/install/crazyflie_interfaces/share/crazyflie_interfaces/srv/UpdateParams_Request.msg\n'}
[5.386891] (crazyflie_interfaces) StdoutLine: {'line': b'-- Up-to-date symlink: /home/gowtham/crazyflie_ws/install/crazyflie_interfaces/share/crazyflie_interfaces/srv/UpdateParams_Response.msg\n'}
[5.390061] (crazyflie_interfaces) StdoutLine: {'line': b'-- Up-to-date symlink: /home/gowtham/crazyflie_ws/install/crazyflie_interfaces/share/crazyflie_interfaces/srv/UploadTrajectory.srv\n'}
[5.390240] (crazyflie_interfaces) StdoutLine: {'line': b'-- Up-to-date symlink: /home/gowtham/crazyflie_ws/install/crazyflie_interfaces/share/crazyflie_interfaces/srv/UploadTrajectory_Request.msg\n'}
[5.390391] (crazyflie_interfaces) StdoutLine: {'line': b'-- Up-to-date symlink: /home/gowtham/crazyflie_ws/install/crazyflie_interfaces/share/crazyflie_interfaces/srv/UploadTrajectory_Response.msg\n'}
[5.390597] (crazyflie_interfaces) StdoutLine: {'line': b'-- Up-to-date symlink: /home/gowtham/crazyflie_ws/install/crazyflie_interfaces/share/crazyflie_interfaces/srv/RemoveLogging.srv\n'}
[5.390781] (crazyflie_interfaces) StdoutLine: {'line': b'-- Up-to-date symlink: /home/gowtham/crazyflie_ws/install/crazyflie_interfaces/share/crazyflie_interfaces/srv/RemoveLogging_Request.msg\n'}
[5.390925] (crazyflie_interfaces) StdoutLine: {'line': b'-- Up-to-date symlink: /home/gowtham/crazyflie_ws/install/crazyflie_interfaces/share/crazyflie_interfaces/srv/RemoveLogging_Response.msg\n'}
[5.391063] (crazyflie_interfaces) StdoutLine: {'line': b'-- Up-to-date symlink: /home/gowtham/crazyflie_ws/install/crazyflie_interfaces/share/crazyflie_interfaces/srv/AddLogging.srv\n'}
[5.391201] (crazyflie_interfaces) StdoutLine: {'line': b'-- Up-to-date symlink: /home/gowtham/crazyflie_ws/install/crazyflie_interfaces/share/crazyflie_interfaces/srv/AddLogging_Request.msg\n'}
[5.391339] (crazyflie_interfaces) StdoutLine: {'line': b'-- Up-to-date symlink: /home/gowtham/crazyflie_ws/install/crazyflie_interfaces/share/crazyflie_interfaces/srv/AddLogging_Response.msg\n'}
[5.391480] (crazyflie_interfaces) StdoutLine: {'line': b'-- Up-to-date symlink: /home/gowtham/crazyflie_ws/install/crazyflie_interfaces/share/crazyflie_interfaces/srv/Arm.srv\n'}
[5.391618] (crazyflie_interfaces) StdoutLine: {'line': b'-- Up-to-date symlink: /home/gowtham/crazyflie_ws/install/crazyflie_interfaces/share/crazyflie_interfaces/srv/Arm_Request.msg\n'}
[5.391904] (crazyflie_interfaces) StdoutLine: {'line': b'-- Up-to-date symlink: /home/gowtham/crazyflie_ws/install/crazyflie_interfaces/share/crazyflie_interfaces/srv/Arm_Response.msg\n'}
[5.392064] (crazyflie_interfaces) StdoutLine: {'line': b'-- Up-to-date symlink: /home/gowtham/crazyflie_ws/install/crazyflie_interfaces/share/ament_index/resource_index/package_run_dependencies/crazyflie_interfaces\n'}
[5.392205] (crazyflie_interfaces) StdoutLine: {'line': b'-- Up-to-date symlink: /home/gowtham/crazyflie_ws/install/crazyflie_interfaces/share/ament_index/resource_index/parent_prefix_path/crazyflie_interfaces\n'}
[5.392387] (crazyflie_interfaces) StdoutLine: {'line': b'-- Up-to-date symlink: /home/gowtham/crazyflie_ws/install/crazyflie_interfaces/share/crazyflie_interfaces/environment/ament_prefix_path.sh\n'}
[5.392562] (crazyflie_interfaces) StdoutLine: {'line': b'-- Up-to-date symlink: /home/gowtham/crazyflie_ws/install/crazyflie_interfaces/share/crazyflie_interfaces/environment/ament_prefix_path.dsv\n'}
[5.392730] (crazyflie_interfaces) StdoutLine: {'line': b'-- Up-to-date symlink: /home/gowtham/crazyflie_ws/install/crazyflie_interfaces/share/crazyflie_interfaces/environment/path.sh\n'}
[5.392877] (crazyflie_interfaces) StdoutLine: {'line': b'-- Up-to-date symlink: /home/gowtham/crazyflie_ws/install/crazyflie_interfaces/share/crazyflie_interfaces/environment/path.dsv\n'}
[5.393009] (crazyflie_interfaces) StdoutLine: {'line': b'-- Up-to-date symlink: /home/gowtham/crazyflie_ws/install/crazyflie_interfaces/share/crazyflie_interfaces/local_setup.bash\n'}
[5.393142] (crazyflie_interfaces) StdoutLine: {'line': b'-- Up-to-date symlink: /home/gowtham/crazyflie_ws/install/crazyflie_interfaces/share/crazyflie_interfaces/local_setup.sh\n'}
[5.395625] (crazyflie_interfaces) StdoutLine: {'line': b'-- Up-to-date symlink: /home/gowtham/crazyflie_ws/install/crazyflie_interfaces/share/crazyflie_interfaces/local_setup.zsh\n'}
[5.395946] (crazyflie_interfaces) StdoutLine: {'line': b'-- Up-to-date symlink: /home/gowtham/crazyflie_ws/install/crazyflie_interfaces/share/crazyflie_interfaces/local_setup.dsv\n'}
[5.396092] (crazyflie_interfaces) StdoutLine: {'line': b'-- Symlinking: /home/gowtham/crazyflie_ws/install/crazyflie_interfaces/share/crazyflie_interfaces/package.dsv\n'}
[5.416699] (crazyflie_interfaces) StdoutLine: {'line': b'-- Up-to-date symlink: /home/gowtham/crazyflie_ws/install/crazyflie_interfaces/share/ament_index/resource_index/packages/crazyflie_interfaces\n'}
[5.417032] (crazyflie_interfaces) StdoutLine: {'line': b'-- Up-to-date symlink: /home/gowtham/crazyflie_ws/install/crazyflie_interfaces/share/crazyflie_interfaces/cmake/rosidl_cmake-extras.cmake\n'}
[5.417223] (crazyflie_interfaces) StdoutLine: {'line': b'-- Up-to-date symlink: /home/gowtham/crazyflie_ws/install/crazyflie_interfaces/share/crazyflie_interfaces/cmake/ament_cmake_export_dependencies-extras.cmake\n'}
[5.417387] (crazyflie_interfaces) StdoutLine: {'line': b'-- Up-to-date symlink: /home/gowtham/crazyflie_ws/install/crazyflie_interfaces/share/crazyflie_interfaces/cmake/ament_cmake_export_include_directories-extras.cmake\n'}
[5.417580] (crazyflie_interfaces) StdoutLine: {'line': b'-- Up-to-date symlink: /home/gowtham/crazyflie_ws/install/crazyflie_interfaces/share/crazyflie_interfaces/cmake/ament_cmake_export_libraries-extras.cmake\n'}
[5.417760] (crazyflie_interfaces) StdoutLine: {'line': b'-- Up-to-date symlink: /home/gowtham/crazyflie_ws/install/crazyflie_interfaces/share/crazyflie_interfaces/cmake/ament_cmake_export_targets-extras.cmake\n'}
[5.418620] (crazyflie_interfaces) StdoutLine: {'line': b'-- Up-to-date symlink: /home/gowtham/crazyflie_ws/install/crazyflie_interfaces/share/crazyflie_interfaces/cmake/rosidl_cmake_export_typesupport_targets-extras.cmake\n'}
[5.418943] (crazyflie_interfaces) StdoutLine: {'line': b'-- Up-to-date symlink: /home/gowtham/crazyflie_ws/install/crazyflie_interfaces/share/crazyflie_interfaces/cmake/rosidl_cmake_export_typesupport_libraries-extras.cmake\n'}
[5.419281] (crazyflie_interfaces) StdoutLine: {'line': b'-- Up-to-date symlink: /home/gowtham/crazyflie_ws/install/crazyflie_interfaces/share/crazyflie_interfaces/cmake/crazyflie_interfacesConfig.cmake\n'}
[5.419538] (crazyflie_interfaces) StdoutLine: {'line': b'-- Up-to-date symlink: /home/gowtham/crazyflie_ws/install/crazyflie_interfaces/share/crazyflie_interfaces/cmake/crazyflie_interfacesConfig-version.cmake\n'}
[5.419916] (crazyflie_interfaces) StdoutLine: {'line': b'-- Up-to-date symlink: /home/gowtham/crazyflie_ws/install/crazyflie_interfaces/share/crazyflie_interfaces/package.xml\n'}
[5.420519] (crazyflie_interfaces) StdoutLine: {'line': b'-- Up-to-date: /home/gowtham/crazyflie_ws/install/crazyflie_interfaces/lib/libcrazyflie_interfaces__rosidl_generator_c.so\n'}
[5.424843] (crazyflie_interfaces) StdoutLine: {'line': b'-- Up-to-date: /home/gowtham/crazyflie_ws/install/crazyflie_interfaces/lib/libcrazyflie_interfaces__rosidl_typesupport_fastrtps_c.so\n'}
[5.425127] (crazyflie_interfaces) StdoutLine: {'line': b'-- Up-to-date: /home/gowtham/crazyflie_ws/install/crazyflie_interfaces/lib/libcrazyflie_interfaces__rosidl_typesupport_fastrtps_cpp.so\n'}
[5.425268] (crazyflie_interfaces) StdoutLine: {'line': b'-- Up-to-date: /home/gowtham/crazyflie_ws/install/crazyflie_interfaces/lib/libcrazyflie_interfaces__rosidl_typesupport_introspection_c.so\n'}
[5.425407] (crazyflie_interfaces) StdoutLine: {'line': b'-- Up-to-date: /home/gowtham/crazyflie_ws/install/crazyflie_interfaces/lib/libcrazyflie_interfaces__rosidl_typesupport_c.so\n'}
[5.425675] (crazyflie_interfaces) StdoutLine: {'line': b'-- Up-to-date: /home/gowtham/crazyflie_ws/install/crazyflie_interfaces/lib/libcrazyflie_interfaces__rosidl_typesupport_introspection_cpp.so\n'}
[5.426363] (crazyflie_interfaces) StdoutLine: {'line': b'-- Up-to-date: /home/gowtham/crazyflie_ws/install/crazyflie_interfaces/lib/libcrazyflie_interfaces__rosidl_typesupport_cpp.so\n'}
[5.448717] (-) TimerEvent: {}
[5.520585] (crazyflie_interfaces) StdoutLine: {'line': b"Listing '/home/gowtham/crazyflie_ws/install/crazyflie_interfaces/local/lib/python3.10/dist-packages/crazyflie_interfaces'...\n"}
[5.521119] (crazyflie_interfaces) StdoutLine: {'line': b"Compiling '/home/gowtham/crazyflie_ws/install/crazyflie_interfaces/local/lib/python3.10/dist-packages/crazyflie_interfaces/__init__.py'...\n"}
[5.521779] (crazyflie_interfaces) StdoutLine: {'line': b"Listing '/home/gowtham/crazyflie_ws/install/crazyflie_interfaces/local/lib/python3.10/dist-packages/crazyflie_interfaces/msg'...\n"}
[5.522074] (crazyflie_interfaces) StdoutLine: {'line': b"Listing '/home/gowtham/crazyflie_ws/install/crazyflie_interfaces/local/lib/python3.10/dist-packages/crazyflie_interfaces/srv'...\n"}
[5.530802] (crazyflie_interfaces) StdoutLine: {'line': b'-- Up-to-date: /home/gowtham/crazyflie_ws/install/crazyflie_interfaces/lib/libcrazyflie_interfaces__rosidl_generator_py.so\n'}
[5.531870] (crazyflie_interfaces) StdoutLine: {'line': b'-- Up-to-date: /home/gowtham/crazyflie_ws/install/crazyflie_interfaces/share/crazyflie_interfaces/cmake/export_crazyflie_interfaces__rosidl_generator_cExport.cmake\n'}
[5.532109] (crazyflie_interfaces) StdoutLine: {'line': b'-- Up-to-date: /home/gowtham/crazyflie_ws/install/crazyflie_interfaces/share/crazyflie_interfaces/cmake/export_crazyflie_interfaces__rosidl_generator_cExport-noconfig.cmake\n'}
[5.532532] (crazyflie_interfaces) StdoutLine: {'line': b'-- Up-to-date: /home/gowtham/crazyflie_ws/install/crazyflie_interfaces/share/crazyflie_interfaces/cmake/export_crazyflie_interfaces__rosidl_typesupport_fastrtps_cExport.cmake\n'}
[5.532749] (crazyflie_interfaces) StdoutLine: {'line': b'-- Up-to-date: /home/gowtham/crazyflie_ws/install/crazyflie_interfaces/share/crazyflie_interfaces/cmake/export_crazyflie_interfaces__rosidl_typesupport_fastrtps_cExport-noconfig.cmake\n'}
[5.533270] (crazyflie_interfaces) StdoutLine: {'line': b'-- Up-to-date: /home/gowtham/crazyflie_ws/install/crazyflie_interfaces/share/crazyflie_interfaces/cmake/export_crazyflie_interfaces__rosidl_generator_cppExport.cmake\n'}
[5.533544] (crazyflie_interfaces) StdoutLine: {'line': b'-- Up-to-date: /home/gowtham/crazyflie_ws/install/crazyflie_interfaces/share/crazyflie_interfaces/cmake/export_crazyflie_interfaces__rosidl_typesupport_fastrtps_cppExport.cmake\n'}
[5.533796] (crazyflie_interfaces) StdoutLine: {'line': b'-- Up-to-date: /home/gowtham/crazyflie_ws/install/crazyflie_interfaces/share/crazyflie_interfaces/cmake/export_crazyflie_interfaces__rosidl_typesupport_fastrtps_cppExport-noconfig.cmake\n'}
[5.534225] (crazyflie_interfaces) StdoutLine: {'line': b'-- Up-to-date: /home/gowtham/crazyflie_ws/install/crazyflie_interfaces/share/crazyflie_interfaces/cmake/crazyflie_interfaces__rosidl_typesupport_introspection_cExport.cmake\n'}
[5.534376] (crazyflie_interfaces) StdoutLine: {'line': b'-- Up-to-date: /home/gowtham/crazyflie_ws/install/crazyflie_interfaces/share/crazyflie_interfaces/cmake/crazyflie_interfaces__rosidl_typesupport_introspection_cExport-noconfig.cmake\n'}
[5.534516] (crazyflie_interfaces) StdoutLine: {'line': b'-- Up-to-date: /home/gowtham/crazyflie_ws/install/crazyflie_interfaces/share/crazyflie_interfaces/cmake/crazyflie_interfaces__rosidl_typesupport_cExport.cmake\n'}
[5.535375] (crazyflie_interfaces) StdoutLine: {'line': b'-- Up-to-date: /home/gowtham/crazyflie_ws/install/crazyflie_interfaces/share/crazyflie_interfaces/cmake/crazyflie_interfaces__rosidl_typesupport_cExport-noconfig.cmake\n'}
[5.535746] (crazyflie_interfaces) StdoutLine: {'line': b'-- Up-to-date: /home/gowtham/crazyflie_ws/install/crazyflie_interfaces/share/crazyflie_interfaces/cmake/crazyflie_interfaces__rosidl_typesupport_introspection_cppExport.cmake\n'}
[5.535913] (crazyflie_interfaces) StdoutLine: {'line': b'-- Up-to-date: /home/gowtham/crazyflie_ws/install/crazyflie_interfaces/share/crazyflie_interfaces/cmake/crazyflie_interfaces__rosidl_typesupport_introspection_cppExport-noconfig.cmake\n'}
[5.536051] (crazyflie_interfaces) StdoutLine: {'line': b'-- Up-to-date: /home/gowtham/crazyflie_ws/install/crazyflie_interfaces/share/crazyflie_interfaces/cmake/crazyflie_interfaces__rosidl_typesupport_cppExport.cmake\n'}
[5.536181] (crazyflie_interfaces) StdoutLine: {'line': b'-- Up-to-date: /home/gowtham/crazyflie_ws/install/crazyflie_interfaces/share/crazyflie_interfaces/cmake/crazyflie_interfaces__rosidl_typesupport_cppExport-noconfig.cmake\n'}
[5.536313] (crazyflie_interfaces) StdoutLine: {'line': b'-- Up-to-date: /home/gowtham/crazyflie_ws/install/crazyflie_interfaces/share/crazyflie_interfaces/cmake/export_crazyflie_interfaces__rosidl_generator_pyExport.cmake\n'}
[5.536437] (crazyflie_interfaces) StdoutLine: {'line': b'-- Up-to-date: /home/gowtham/crazyflie_ws/install/crazyflie_interfaces/share/crazyflie_interfaces/cmake/export_crazyflie_interfaces__rosidl_generator_pyExport-noconfig.cmake\n'}
[5.540095] (crazyflie_interfaces) CommandEnded: {'returncode': 0}
[5.548838] (-) TimerEvent: {}
[5.589511] (crazyflie_interfaces) JobEnded: {'identifier': 'crazyflie_interfaces', 'rc': 0}
[5.592719] (crazyflie_py) JobStarted: {'identifier': 'crazyflie_py'}
[5.605726] (crazyflie) JobStarted: {'identifier': 'crazyflie'}
[5.622782] (crazyflie_sim) JobStarted: {'identifier': 'crazyflie_sim'}
[5.648984] (-) TimerEvent: {}
[5.749489] (-) TimerEvent: {}
[5.849998] (-) TimerEvent: {}
[5.951715] (-) TimerEvent: {}
[6.052118] (-) TimerEvent: {}
[6.152596] (-) TimerEvent: {}
[6.253724] (-) TimerEvent: {}
[6.355199] (crazyflie) JobProgress: {'identifier': 'crazyflie', 'progress': 'cmake'}
[6.355287] (-) TimerEvent: {}
[6.360849] (crazyflie) Command: {'cmd': ['/usr/bin/cmake', '/home/gowtham/crazyflie_ws/src/crazyswarm2/crazyflie', '-DAMENT_CMAKE_SYMLINK_INSTALL=1', '-DCMAKE_INSTALL_PREFIX=/home/gowtham/crazyflie_ws/install/crazyflie'], 'cwd': '/home/gowtham/crazyflie_ws/build/crazyflie', 'env': OrderedDict([('LESSOPEN', '| /usr/bin/lesspipe %s'), ('LANGUAGE', 'en_IN:en'), ('USER', 'gowtham'), ('XDG_SESSION_TYPE', 'wayland'), ('SHLVL', '1'), ('LD_LIBRARY_PATH', '/home/gowtham/crazyflie_ws/install/crazyflie_interfaces/lib:/home/gowtham/swarm_ws/install/crazyflie_interfaces/lib:/opt/ros/humble/opt/rviz_ogre_vendor/lib:/opt/ros/humble/lib/x86_64-linux-gnu:/opt/ros/humble/lib'), ('HOME', '/home/gowtham'), ('OLDPWD', '/home/gowtham'), ('DESKTOP_SESSION', 'ubuntu'), ('ROS_PYTHON_VERSION', '3'), ('GNOME_SHELL_SESSION_MODE', 'ubuntu'), ('GTK_MODULES', 'gail:atk-bridge'), ('DBUS_STARTER_BUS_TYPE', 'session'), ('SYSTEMD_EXEC_PID', '894'), ('DBUS_SESSION_BUS_ADDRESS', 'unix:path=/run/user/1000/bus,guid=a7d0dcc49fe719d932a354c76a3a5fb6'), ('COLORTERM', 'truecolor'), ('IM_CONFIG_PHASE', '1'), ('WAYLAND_DISPLAY', 'wayland-0'), ('COLCON_PREFIX_PATH', '/home/gowtham/swarm_ws/install'), ('ROS_DISTRO', 'humble'), ('LOGNAME', 'gowtham'), ('_', '/usr/bin/colcon'), ('ROS_VERSION', '2'), ('XDG_SESSION_CLASS', 'user'), ('USERNAME', 'gowtham'), ('TERM', 'xterm-256color'), ('GNOME_DESKTOP_SESSION_ID', 'this-is-deprecated'), ('ROS_LOCALHOST_ONLY', '0'), ('PATH', '/opt/ros/humble/bin:/home/gowtham/.local/bin:/usr/local/sbin:/usr/local/bin:/usr/sbin:/usr/bin:/sbin:/bin:/usr/games:/usr/local/games:/snap/bin:/snap/bin:/home/gowtham/.local/bin'), ('SESSION_MANAGER', 'local/gowtham:@/tmp/.ICE-unix/894,unix/gowtham:/tmp/.ICE-unix/894'), ('XDG_MENU_PREFIX', 'gnome-'), ('GNOME_TERMINAL_SCREEN', '/org/gnome/Terminal/screen/fce09927_7e2d_4956_9fd4_e9a2e1e605f7'), ('GNOME_SETUP_DISPLAY', ':1'), ('XDG_RUNTIME_DIR', '/run/user/1000'), ('DISPLAY', ':0'), ('LANG', 'en_US.UTF-8'), ('XDG_CURRENT_DESKTOP', 'ubuntu:GNOME'), ('XMODIFIERS', '@im=ibus'), ('XDG_SESSION_DESKTOP', 'ubuntu'), ('XAUTHORITY', '/run/user/1000/.mutter-Xwaylandauth.EAJ5Q3'), ('LS_COLORS', 'rs=0:di=01;34:ln=01;36:mh=00:pi=40;33:so=01;35:do=01;35:bd=40;33;01:cd=40;33;01:or=40;31;01:mi=00:su=37;41:sg=30;43:ca=30;41:tw=30;42:ow=34;42:st=37;44:ex=01;32:*.tar=01;31:*.tgz=01;31:*.arc=01;31:*.arj=01;31:*.taz=01;31:*.lha=01;31:*.lz4=01;31:*.lzh=01;31:*.lzma=01;31:*.tlz=01;31:*.txz=01;31:*.tzo=01;31:*.t7z=01;31:*.zip=01;31:*.z=01;31:*.dz=01;31:*.gz=01;31:*.lrz=01;31:*.lz=01;31:*.lzo=01;31:*.xz=01;31:*.zst=01;31:*.tzst=01;31:*.bz2=01;31:*.bz=01;31:*.tbz=01;31:*.tbz2=01;31:*.tz=01;31:*.deb=01;31:*.rpm=01;31:*.jar=01;31:*.war=01;31:*.ear=01;31:*.sar=01;31:*.rar=01;31:*.alz=01;31:*.ace=01;31:*.zoo=01;31:*.cpio=01;31:*.7z=01;31:*.rz=01;31:*.cab=01;31:*.wim=01;31:*.swm=01;31:*.dwm=01;31:*.esd=01;31:*.jpg=01;35:*.jpeg=01;35:*.mjpg=01;35:*.mjpeg=01;35:*.gif=01;35:*.bmp=01;35:*.pbm=01;35:*.pgm=01;35:*.ppm=01;35:*.tga=01;35:*.xbm=01;35:*.xpm=01;35:*.tif=01;35:*.tiff=01;35:*.png=01;35:*.svg=01;35:*.svgz=01;35:*.mng=01;35:*.pcx=01;35:*.mov=01;35:*.mpg=01;35:*.mpeg=01;35:*.m2v=01;35:*.mkv=01;35:*.webm=01;35:*.webp=01;35:*.ogm=01;35:*.mp4=01;35:*.m4v=01;35:*.mp4v=01;35:*.vob=01;35:*.qt=01;35:*.nuv=01;35:*.wmv=01;35:*.asf=01;35:*.rm=01;35:*.rmvb=01;35:*.flc=01;35:*.avi=01;35:*.fli=01;35:*.flv=01;35:*.gl=01;35:*.dl=01;35:*.xcf=01;35:*.xwd=01;35:*.yuv=01;35:*.cgm=01;35:*.emf=01;35:*.ogv=01;35:*.ogx=01;35:*.aac=00;36:*.au=00;36:*.flac=00;36:*.m4a=00;36:*.mid=00;36:*.midi=00;36:*.mka=00;36:*.mp3=00;36:*.mpc=00;36:*.ogg=00;36:*.ra=00;36:*.wav=00;36:*.oga=00;36:*.opus=00;36:*.spx=00;36:*.xspf=00;36:'), ('GNOME_TERMINAL_SERVICE', ':1.233'), ('SSH_AGENT_LAUNCHER', 'gnome-keyring'), ('SSH_AUTH_SOCK', '/run/user/1000/keyring/ssh'), ('AMENT_PREFIX_PATH', '/home/gowtham/crazyflie_ws/install/crazyflie_interfaces:/home/gowtham/swarm_ws/install/guidance_layer:/home/gowtham/swarm_ws/install/crazyflie_sim:/home/gowtham/swarm_ws/install/crazyflie_examples:/home/gowtham/swarm_ws/install/crazyflie_py:/home/gowtham/swarm_ws/install/crazyflie:/home/gowtham/swarm_ws/install/crazyflie_interfaces:/home/gowtham/swarm_ws/install/control_layer:/home/gowtham/swarm_ws/install/consensus_controller:/opt/ros/humble'), ('SHELL', '/bin/bash'), ('QT_ACCESSIBILITY', '1'), ('GDMSESSION', 'ubuntu'), ('LESSCLOSE', '/usr/bin/lesspipe %s %s'), ('QT_IM_MODULE', 'ibus'), ('PWD', '/home/gowtham/crazyflie_ws/build/crazyflie'), ('LC_ALL', 'en_US.UTF-8'), ('XDG_CONFIG_DIRS', '/etc/xdg/xdg-ubuntu:/etc/xdg'), ('DBUS_STARTER_ADDRESS', 'unix:path=/run/user/1000/bus,guid=a7d0dcc49fe719d932a354c76a3a5fb6'), ('XDG_DATA_DIRS', '/usr/share/ubuntu:/usr/local/share/:/usr/share/:/var/lib/snapd/desktop'), ('PYTHONPATH', '/home/gowtham/crazyflie_ws/install/crazyflie_interfaces/local/lib/python3.10/dist-packages:/home/gowtham/crazyflie-firmware/build:/home/gowtham/crazyflie-firmware/build:/home/gowtham/swarm_ws/install/guidance_layer/lib/python3.10/site-packages:/home/gowtham/swarm_ws/install/crazyflie_sim/local/lib/python3.10/dist-packages:/home/gowtham/swarm_ws/install/crazyflie_examples/local/lib/python3.10/dist-packages:/home/gowtham/swarm_ws/install/crazyflie_py/lib/python3.10/site-packages:/home/gowtham/swarm_ws/install/crazyflie_interfaces/local/lib/python3.10/dist-packages:/home/gowtham/swarm_ws/install/control_layer/lib/python3.10/site-packages:/home/gowtham/swarm_ws/install/consensus_controller/lib/python3.10/site-packages:/opt/ros/humble/lib/python3.10/site-packages:/opt/ros/humble/local/lib/python3.10/dist-packages'), ('COLCON', '1'), ('VTE_VERSION', '6800'), ('CMAKE_PREFIX_PATH', '/home/gowtham/crazyflie_ws/install/crazyflie_interfaces:/home/gowtham/swarm_ws/install/crazyflie_sim:/home/gowtham/swarm_ws/install/crazyflie_examples:/home/gowtham/swarm_ws/install/crazyflie:/home/gowtham/swarm_ws/install/crazyflie_interfaces:/home/gowtham/swarm_ws/install/guidance_layer:/home/gowtham/swarm_ws/install/crazyflie_py:/home/gowtham/swarm_ws/install/control_layer:/home/gowtham/swarm_ws/install/consensus_controller:/opt/ros/humble')]), 'shell': False}
[6.364182] (crazyflie_sim) JobProgress: {'identifier': 'crazyflie_sim', 'progress': 'cmake'}
[6.366175] (crazyflie_sim) Command: {'cmd': ['/usr/bin/cmake', '/home/gowtham/crazyflie_ws/src/crazyswarm2/crazyflie_sim', '-DAMENT_CMAKE_SYMLINK_INSTALL=1', '-DCMAKE_INSTALL_PREFIX=/home/gowtham/crazyflie_ws/install/crazyflie_sim'], 'cwd': '/home/gowtham/crazyflie_ws/build/crazyflie_sim', 'env': OrderedDict([('LESSOPEN', '| /usr/bin/lesspipe %s'), ('LANGUAGE', 'en_IN:en'), ('USER', 'gowtham'), ('XDG_SESSION_TYPE', 'wayland'), ('SHLVL', '1'), ('LD_LIBRARY_PATH', '/home/gowtham/crazyflie_ws/install/crazyflie_interfaces/lib:/home/gowtham/swarm_ws/install/crazyflie_interfaces/lib:/opt/ros/humble/opt/rviz_ogre_vendor/lib:/opt/ros/humble/lib/x86_64-linux-gnu:/opt/ros/humble/lib'), ('HOME', '/home/gowtham'), ('OLDPWD', '/home/gowtham'), ('DESKTOP_SESSION', 'ubuntu'), ('ROS_PYTHON_VERSION', '3'), ('GNOME_SHELL_SESSION_MODE', 'ubuntu'), ('GTK_MODULES', 'gail:atk-bridge'), ('DBUS_STARTER_BUS_TYPE', 'session'), ('SYSTEMD_EXEC_PID', '894'), ('DBUS_SESSION_BUS_ADDRESS', 'unix:path=/run/user/1000/bus,guid=a7d0dcc49fe719d932a354c76a3a5fb6'), ('COLORTERM', 'truecolor'), ('IM_CONFIG_PHASE', '1'), ('WAYLAND_DISPLAY', 'wayland-0'), ('COLCON_PREFIX_PATH', '/home/gowtham/swarm_ws/install'), ('ROS_DISTRO', 'humble'), ('LOGNAME', 'gowtham'), ('_', '/usr/bin/colcon'), ('ROS_VERSION', '2'), ('XDG_SESSION_CLASS', 'user'), ('USERNAME', 'gowtham'), ('TERM', 'xterm-256color'), ('GNOME_DESKTOP_SESSION_ID', 'this-is-deprecated'), ('ROS_LOCALHOST_ONLY', '0'), ('PATH', '/opt/ros/humble/bin:/home/gowtham/.local/bin:/usr/local/sbin:/usr/local/bin:/usr/sbin:/usr/bin:/sbin:/bin:/usr/games:/usr/local/games:/snap/bin:/snap/bin:/home/gowtham/.local/bin'), ('SESSION_MANAGER', 'local/gowtham:@/tmp/.ICE-unix/894,unix/gowtham:/tmp/.ICE-unix/894'), ('XDG_MENU_PREFIX', 'gnome-'), ('GNOME_TERMINAL_SCREEN', '/org/gnome/Terminal/screen/fce09927_7e2d_4956_9fd4_e9a2e1e605f7'), ('GNOME_SETUP_DISPLAY', ':1'), ('XDG_RUNTIME_DIR', '/run/user/1000'), ('DISPLAY', ':0'), ('LANG', 'en_US.UTF-8'), ('XDG_CURRENT_DESKTOP', 'ubuntu:GNOME'), ('XMODIFIERS', '@im=ibus'), ('XDG_SESSION_DESKTOP', 'ubuntu'), ('XAUTHORITY', '/run/user/1000/.mutter-Xwaylandauth.EAJ5Q3'), ('LS_COLORS', 'rs=0:di=01;34:ln=01;36:mh=00:pi=40;33:so=01;35:do=01;35:bd=40;33;01:cd=40;33;01:or=40;31;01:mi=00:su=37;41:sg=30;43:ca=30;41:tw=30;42:ow=34;42:st=37;44:ex=01;32:*.tar=01;31:*.tgz=01;31:*.arc=01;31:*.arj=01;31:*.taz=01;31:*.lha=01;31:*.lz4=01;31:*.lzh=01;31:*.lzma=01;31:*.tlz=01;31:*.txz=01;31:*.tzo=01;31:*.t7z=01;31:*.zip=01;31:*.z=01;31:*.dz=01;31:*.gz=01;31:*.lrz=01;31:*.lz=01;31:*.lzo=01;31:*.xz=01;31:*.zst=01;31:*.tzst=01;31:*.bz2=01;31:*.bz=01;31:*.tbz=01;31:*.tbz2=01;31:*.tz=01;31:*.deb=01;31:*.rpm=01;31:*.jar=01;31:*.war=01;31:*.ear=01;31:*.sar=01;31:*.rar=01;31:*.alz=01;31:*.ace=01;31:*.zoo=01;31:*.cpio=01;31:*.7z=01;31:*.rz=01;31:*.cab=01;31:*.wim=01;31:*.swm=01;31:*.dwm=01;31:*.esd=01;31:*.jpg=01;35:*.jpeg=01;35:*.mjpg=01;35:*.mjpeg=01;35:*.gif=01;35:*.bmp=01;35:*.pbm=01;35:*.pgm=01;35:*.ppm=01;35:*.tga=01;35:*.xbm=01;35:*.xpm=01;35:*.tif=01;35:*.tiff=01;35:*.png=01;35:*.svg=01;35:*.svgz=01;35:*.mng=01;35:*.pcx=01;35:*.mov=01;35:*.mpg=01;35:*.mpeg=01;35:*.m2v=01;35:*.mkv=01;35:*.webm=01;35:*.webp=01;35:*.ogm=01;35:*.mp4=01;35:*.m4v=01;35:*.mp4v=01;35:*.vob=01;35:*.qt=01;35:*.nuv=01;35:*.wmv=01;35:*.asf=01;35:*.rm=01;35:*.rmvb=01;35:*.flc=01;35:*.avi=01;35:*.fli=01;35:*.flv=01;35:*.gl=01;35:*.dl=01;35:*.xcf=01;35:*.xwd=01;35:*.yuv=01;35:*.cgm=01;35:*.emf=01;35:*.ogv=01;35:*.ogx=01;35:*.aac=00;36:*.au=00;36:*.flac=00;36:*.m4a=00;36:*.mid=00;36:*.midi=00;36:*.mka=00;36:*.mp3=00;36:*.mpc=00;36:*.ogg=00;36:*.ra=00;36:*.wav=00;36:*.oga=00;36:*.opus=00;36:*.spx=00;36:*.xspf=00;36:'), ('GNOME_TERMINAL_SERVICE', ':1.233'), ('SSH_AGENT_LAUNCHER', 'gnome-keyring'), ('SSH_AUTH_SOCK', '/run/user/1000/keyring/ssh'), ('AMENT_PREFIX_PATH', '/home/gowtham/crazyflie_ws/install/crazyflie_interfaces:/home/gowtham/swarm_ws/install/guidance_layer:/home/gowtham/swarm_ws/install/crazyflie_sim:/home/gowtham/swarm_ws/install/crazyflie_examples:/home/gowtham/swarm_ws/install/crazyflie_py:/home/gowtham/swarm_ws/install/crazyflie:/home/gowtham/swarm_ws/install/crazyflie_interfaces:/home/gowtham/swarm_ws/install/control_layer:/home/gowtham/swarm_ws/install/consensus_controller:/opt/ros/humble'), ('SHELL', '/bin/bash'), ('QT_ACCESSIBILITY', '1'), ('GDMSESSION', 'ubuntu'), ('LESSCLOSE', '/usr/bin/lesspipe %s %s'), ('QT_IM_MODULE', 'ibus'), ('PWD', '/home/gowtham/crazyflie_ws/build/crazyflie_sim'), ('LC_ALL', 'en_US.UTF-8'), ('XDG_CONFIG_DIRS', '/etc/xdg/xdg-ubuntu:/etc/xdg'), ('DBUS_STARTER_ADDRESS', 'unix:path=/run/user/1000/bus,guid=a7d0dcc49fe719d932a354c76a3a5fb6'), ('XDG_DATA_DIRS', '/usr/share/ubuntu:/usr/local/share/:/usr/share/:/var/lib/snapd/desktop'), ('PYTHONPATH', '/home/gowtham/crazyflie_ws/install/crazyflie_interfaces/local/lib/python3.10/dist-packages:/home/gowtham/crazyflie-firmware/build:/home/gowtham/crazyflie-firmware/build:/home/gowtham/swarm_ws/install/guidance_layer/lib/python3.10/site-packages:/home/gowtham/swarm_ws/install/crazyflie_sim/local/lib/python3.10/dist-packages:/home/gowtham/swarm_ws/install/crazyflie_examples/local/lib/python3.10/dist-packages:/home/gowtham/swarm_ws/install/crazyflie_py/lib/python3.10/site-packages:/home/gowtham/swarm_ws/install/crazyflie_interfaces/local/lib/python3.10/dist-packages:/home/gowtham/swarm_ws/install/control_layer/lib/python3.10/site-packages:/home/gowtham/swarm_ws/install/consensus_controller/lib/python3.10/site-packages:/opt/ros/humble/lib/python3.10/site-packages:/opt/ros/humble/local/lib/python3.10/dist-packages'), ('COLCON', '1'), ('VTE_VERSION', '6800'), ('CMAKE_PREFIX_PATH', '/home/gowtham/crazyflie_ws/install/crazyflie_interfaces:/home/gowtham/swarm_ws/install/crazyflie_sim:/home/gowtham/swarm_ws/install/crazyflie_examples:/home/gowtham/swarm_ws/install/crazyflie:/home/gowtham/swarm_ws/install/crazyflie_interfaces:/home/gowtham/swarm_ws/install/guidance_layer:/home/gowtham/swarm_ws/install/crazyflie_py:/home/gowtham/swarm_ws/install/control_layer:/home/gowtham/swarm_ws/install/consensus_controller:/opt/ros/humble')]), 'shell': False}
[6.402326] (crazyflie) StdoutLine: {'line': b'-- Found ament_cmake: 1.3.14 (/opt/ros/humble/share/ament_cmake/cmake)\n'}
[6.414774] (crazyflie_sim) StdoutLine: {'line': b'-- Found ament_cmake: 1.3.14 (/opt/ros/humble/share/ament_cmake/cmake)\n'}
[6.455733] (-) TimerEvent: {}
[6.557903] (-) TimerEvent: {}
[6.658583] (-) TimerEvent: {}
[6.746789] (crazyflie) StdoutLine: {'line': b'-- Override CMake install command with custom implementation using symlinks instead of copying resources\n'}
[6.760302] (-) TimerEvent: {}
[6.792709] (crazyflie) StdoutLine: {'line': b'-- Found rclcpp: 16.0.19 (/opt/ros/humble/share/rclcpp/cmake)\n'}
[6.860410] (-) TimerEvent: {}
[6.893681] (crazyflie) StdoutLine: {'line': b'-- Found rosidl_generator_c: 3.1.8 (/opt/ros/humble/share/rosidl_generator_c/cmake)\n'}
[6.904562] (crazyflie) StdoutLine: {'line': b'-- Found rosidl_adapter: 3.1.8 (/opt/ros/humble/share/rosidl_adapter/cmake)\n'}
[6.921749] (crazyflie) StdoutLine: {'line': b'-- Found rosidl_generator_cpp: 3.1.8 (/opt/ros/humble/share/rosidl_generator_cpp/cmake)\n'}
[6.940724] (crazyflie_sim) StdoutLine: {'line': b'-- Override CMake install command with custom implementation using symlinks instead of copying resources\n'}
[6.961717] (-) TimerEvent: {}
[6.966720] (crazyflie) StdoutLine: {'line': b'-- Using all available rosidl_typesupport_c: rosidl_typesupport_fastrtps_c;rosidl_typesupport_introspection_c\n'}
[7.027722] (crazyflie) StdoutLine: {'line': b'-- Using all available rosidl_typesupport_cpp: rosidl_typesupport_fastrtps_cpp;rosidl_typesupport_introspection_cpp\n'}
[7.063588] (-) TimerEvent: {}
[7.164299] (-) TimerEvent: {}
[7.169599] (crazyflie) StdoutLine: {'line': b'-- Found rmw_implementation_cmake: 6.1.2 (/opt/ros/humble/share/rmw_implementation_cmake/cmake)\n'}
[7.172781] (crazyflie) StdoutLine: {'line': b'-- Found rmw_fastrtps_cpp: 6.2.10 (/opt/ros/humble/share/rmw_fastrtps_cpp/cmake)\n'}
[7.266747] (-) TimerEvent: {}
[7.309325] (crazyflie_sim) StdoutLine: {'line': b'-- Found ament_cmake_pytest: 1.3.14 (/opt/ros/humble/share/ament_cmake_pytest/cmake)\n'}
[7.366851] (-) TimerEvent: {}
[7.467453] (-) TimerEvent: {}
[7.568167] (-) TimerEvent: {}
[7.590448] (crazyflie_py) Command: {'cmd': ['/usr/bin/python3', '-W', 'ignore:setup.py install is deprecated', '-W', 'ignore:easy_install command is deprecated', 'setup.py', 'develop', '--editable', '--build-directory', '/home/gowtham/crazyflie_ws/build/crazyflie_py/build', '--no-deps', 'symlink_data', '--force'], 'cwd': '/home/gowtham/crazyflie_ws/build/crazyflie_py', 'env': {'LESSOPEN': '| /usr/bin/lesspipe %s', 'LANGUAGE': 'en_IN:en', 'USER': 'gowtham', 'XDG_SESSION_TYPE': 'wayland', 'SHLVL': '1', 'LD_LIBRARY_PATH': '/home/gowtham/crazyflie_ws/install/crazyflie_interfaces/lib:/home/gowtham/swarm_ws/install/crazyflie_interfaces/lib:/opt/ros/humble/opt/rviz_ogre_vendor/lib:/opt/ros/humble/lib/x86_64-linux-gnu:/opt/ros/humble/lib', 'HOME': '/home/gowtham', 'OLDPWD': '/home/gowtham', 'DESKTOP_SESSION': 'ubuntu', 'ROS_PYTHON_VERSION': '3', 'GNOME_SHELL_SESSION_MODE': 'ubuntu', 'GTK_MODULES': 'gail:atk-bridge', 'DBUS_STARTER_BUS_TYPE': 'session', 'SYSTEMD_EXEC_PID': '894', 'DBUS_SESSION_BUS_ADDRESS': 'unix:path=/run/user/1000/bus,guid=a7d0dcc49fe719d932a354c76a3a5fb6', 'COLORTERM': 'truecolor', 'IM_CONFIG_PHASE': '1', 'WAYLAND_DISPLAY': 'wayland-0', 'COLCON_PREFIX_PATH': '/home/gowtham/swarm_ws/install', 'ROS_DISTRO': 'humble', 'LOGNAME': 'gowtham', '_': '/usr/bin/colcon', 'ROS_VERSION': '2', 'XDG_SESSION_CLASS': 'user', 'USERNAME': 'gowtham', 'TERM': 'xterm-256color', 'GNOME_DESKTOP_SESSION_ID': 'this-is-deprecated', 'ROS_LOCALHOST_ONLY': '0', 'PATH': '/opt/ros/humble/bin:/home/gowtham/.local/bin:/usr/local/sbin:/usr/local/bin:/usr/sbin:/usr/bin:/sbin:/bin:/usr/games:/usr/local/games:/snap/bin:/snap/bin:/home/gowtham/.local/bin', 'SESSION_MANAGER': 'local/gowtham:@/tmp/.ICE-unix/894,unix/gowtham:/tmp/.ICE-unix/894', 'XDG_MENU_PREFIX': 'gnome-', 'GNOME_TERMINAL_SCREEN': '/org/gnome/Terminal/screen/fce09927_7e2d_4956_9fd4_e9a2e1e605f7', 'GNOME_SETUP_DISPLAY': ':1', 'XDG_RUNTIME_DIR': '/run/user/1000', 'DISPLAY': ':0', 'LANG': 'en_US.UTF-8', 'XDG_CURRENT_DESKTOP': 'ubuntu:GNOME', 'XMODIFIERS': '@im=ibus', 'XDG_SESSION_DESKTOP': 'ubuntu', 'XAUTHORITY': '/run/user/1000/.mutter-Xwaylandauth.EAJ5Q3', 'LS_COLORS': 'rs=0:di=01;34:ln=01;36:mh=00:pi=40;33:so=01;35:do=01;35:bd=40;33;01:cd=40;33;01:or=40;31;01:mi=00:su=37;41:sg=30;43:ca=30;41:tw=30;42:ow=34;42:st=37;44:ex=01;32:*.tar=01;31:*.tgz=01;31:*.arc=01;31:*.arj=01;31:*.taz=01;31:*.lha=01;31:*.lz4=01;31:*.lzh=01;31:*.lzma=01;31:*.tlz=01;31:*.txz=01;31:*.tzo=01;31:*.t7z=01;31:*.zip=01;31:*.z=01;31:*.dz=01;31:*.gz=01;31:*.lrz=01;31:*.lz=01;31:*.lzo=01;31:*.xz=01;31:*.zst=01;31:*.tzst=01;31:*.bz2=01;31:*.bz=01;31:*.tbz=01;31:*.tbz2=01;31:*.tz=01;31:*.deb=01;31:*.rpm=01;31:*.jar=01;31:*.war=01;31:*.ear=01;31:*.sar=01;31:*.rar=01;31:*.alz=01;31:*.ace=01;31:*.zoo=01;31:*.cpio=01;31:*.7z=01;31:*.rz=01;31:*.cab=01;31:*.wim=01;31:*.swm=01;31:*.dwm=01;31:*.esd=01;31:*.jpg=01;35:*.jpeg=01;35:*.mjpg=01;35:*.mjpeg=01;35:*.gif=01;35:*.bmp=01;35:*.pbm=01;35:*.pgm=01;35:*.ppm=01;35:*.tga=01;35:*.xbm=01;35:*.xpm=01;35:*.tif=01;35:*.tiff=01;35:*.png=01;35:*.svg=01;35:*.svgz=01;35:*.mng=01;35:*.pcx=01;35:*.mov=01;35:*.mpg=01;35:*.mpeg=01;35:*.m2v=01;35:*.mkv=01;35:*.webm=01;35:*.webp=01;35:*.ogm=01;35:*.mp4=01;35:*.m4v=01;35:*.mp4v=01;35:*.vob=01;35:*.qt=01;35:*.nuv=01;35:*.wmv=01;35:*.asf=01;35:*.rm=01;35:*.rmvb=01;35:*.flc=01;35:*.avi=01;35:*.fli=01;35:*.flv=01;35:*.gl=01;35:*.dl=01;35:*.xcf=01;35:*.xwd=01;35:*.yuv=01;35:*.cgm=01;35:*.emf=01;35:*.ogv=01;35:*.ogx=01;35:*.aac=00;36:*.au=00;36:*.flac=00;36:*.m4a=00;36:*.mid=00;36:*.midi=00;36:*.mka=00;36:*.mp3=00;36:*.mpc=00;36:*.ogg=00;36:*.ra=00;36:*.wav=00;36:*.oga=00;36:*.opus=00;36:*.spx=00;36:*.xspf=00;36:', 'GNOME_TERMINAL_SERVICE': ':1.233', 'SSH_AGENT_LAUNCHER': 'gnome-keyring', 'SSH_AUTH_SOCK': '/run/user/1000/keyring/ssh', 'AMENT_PREFIX_PATH': '/home/gowtham/crazyflie_ws/install/crazyflie_interfaces:/home/gowtham/swarm_ws/install/guidance_layer:/home/gowtham/swarm_ws/install/crazyflie_sim:/home/gowtham/swarm_ws/install/crazyflie_examples:/home/gowtham/swarm_ws/install/crazyflie_py:/home/gowtham/swarm_ws/install/crazyflie:/home/gowtham/swarm_ws/install/crazyflie_interfaces:/home/gowtham/swarm_ws/install/control_layer:/home/gowtham/swarm_ws/install/consensus_controller:/opt/ros/humble', 'SHELL': '/bin/bash', 'QT_ACCESSIBILITY': '1', 'GDMSESSION': 'ubuntu', 'LESSCLOSE': '/usr/bin/lesspipe %s %s', 'QT_IM_MODULE': 'ibus', 'PWD': '/home/gowtham/crazyflie_ws/build/crazyflie_py', 'LC_ALL': 'en_US.UTF-8', 'XDG_CONFIG_DIRS': '/etc/xdg/xdg-ubuntu:/etc/xdg', 'DBUS_STARTER_ADDRESS': 'unix:path=/run/user/1000/bus,guid=a7d0dcc49fe719d932a354c76a3a5fb6', 'XDG_DATA_DIRS': '/usr/share/ubuntu:/usr/local/share/:/usr/share/:/var/lib/snapd/desktop', 'PYTHONPATH': '/home/gowtham/crazyflie_ws/build/crazyflie_py/prefix_override:/usr/lib/python3/dist-packages/colcon_core/task/python/colcon_distutils_commands:/home/gowtham/crazyflie_ws/install/crazyflie_py/lib/python3.10/site-packages:/home/gowtham/crazyflie_ws/install/crazyflie_interfaces/local/lib/python3.10/dist-packages:/home/gowtham/crazyflie-firmware/build:/home/gowtham/crazyflie-firmware/build:/home/gowtham/swarm_ws/install/guidance_layer/lib/python3.10/site-packages:/home/gowtham/swarm_ws/install/crazyflie_sim/local/lib/python3.10/dist-packages:/home/gowtham/swarm_ws/install/crazyflie_examples/local/lib/python3.10/dist-packages:/home/gowtham/swarm_ws/install/crazyflie_py/lib/python3.10/site-packages:/home/gowtham/swarm_ws/install/crazyflie_interfaces/local/lib/python3.10/dist-packages:/home/gowtham/swarm_ws/install/control_layer/lib/python3.10/site-packages:/home/gowtham/swarm_ws/install/consensus_controller/lib/python3.10/site-packages:/opt/ros/humble/lib/python3.10/site-packages:/opt/ros/humble/local/lib/python3.10/dist-packages', 'COLCON': '1', 'VTE_VERSION': '6800', 'CMAKE_PREFIX_PATH': '/home/gowtham/crazyflie_ws/install/crazyflie_interfaces:/home/gowtham/swarm_ws/install/crazyflie_sim:/home/gowtham/swarm_ws/install/crazyflie_examples:/home/gowtham/swarm_ws/install/crazyflie:/home/gowtham/swarm_ws/install/crazyflie_interfaces'}, 'shell': False}
[7.652742] (crazyflie) StdoutLine: {'line': b"-- Using RMW implementation 'rmw_fastrtps_cpp' as default\n"}
[7.668327] (-) TimerEvent: {}
[7.769013] (-) TimerEvent: {}
[7.871712] (-) TimerEvent: {}
[7.912131] (crazyflie) StdoutLine: {'line': b'-- Found tf2_ros: 0.25.20 (/opt/ros/humble/share/tf2_ros/cmake)\n'}
[7.971820] (-) TimerEvent: {}
[8.072218] (-) TimerEvent: {}
[8.173173] (-) TimerEvent: {}
[8.273819] (-) TimerEvent: {}
[8.312485] (crazyflie) StdoutLine: {'line': b'-- Found rclpy: 3.3.21 (/opt/ros/humble/share/rclpy/cmake)\n'}
[8.316999] (crazyflie) StdoutLine: {'line': b'-- Found std_srvs: 4.9.1 (/opt/ros/humble/share/std_srvs/cmake)\n'}
[8.370745] (crazyflie) StdoutLine: {'line': b'-- Found nav_msgs: 4.9.1 (/opt/ros/humble/share/nav_msgs/cmake)\n'}
[8.378030] (-) TimerEvent: {}
[8.430509] (crazyflie) StdoutLine: {'line': b'-- Found sensor_msgs: 4.9.1 (/opt/ros/humble/share/sensor_msgs/cmake)\n'}
[8.478158] (-) TimerEvent: {}
[8.509847] (crazyflie) StdoutLine: {'line': b'-- Found crazyflie_interfaces: 1.0.3 (/home/gowtham/crazyflie_ws/install/crazyflie_interfaces/share/crazyflie_interfaces/cmake)\n'}
[8.577717] (crazyflie) StdoutLine: {'line': b'-- Found motion_capture_tracking_interfaces: 1.0.6 (/opt/ros/humble/share/motion_capture_tracking_interfaces/cmake)\n'}
[8.578233] (-) TimerEvent: {}
[8.585731] (crazyflie_py) StdoutLine: {'line': b'running develop\n'}
[8.601417] (crazyflie_sim) StderrLine: {'line': b'\x1b[33mCMake Warning at /opt/ros/humble/share/ament_cmake_pytest/cmake/ament_add_pytest_test.cmake:79 (message):\n'}
[8.603118] (crazyflie_sim) StderrLine: {'line': b"  The Python module 'pytest' was not found, pytests cannot be run.  On Linux,\n"}
[8.603658] (crazyflie_sim) StderrLine: {'line': b"  install the 'python3-pytest' package.  On other platforms, install 'pytest'\n"}
[8.604092] (crazyflie_sim) StderrLine: {'line': b'  using pip.\n'}
[8.604249] (crazyflie_sim) StderrLine: {'line': b'Call Stack (most recent call first):\n'}
[8.604396] (crazyflie_sim) StderrLine: {'line': b'  CMakeLists.txt:27 (ament_add_pytest_test)\n'}
[8.604539] (crazyflie_sim) StderrLine: {'line': b'\n'}
[8.606924] (crazyflie_sim) StderrLine: {'line': b'\x1b[0m\n'}
[8.667769] (crazyflie) StdoutLine: {'line': b'-- Found ros_environment: 3.2.2 (/opt/ros/humble/share/ros_environment/cmake)\n'}
[8.680710] (-) TimerEvent: {}
[8.783777] (-) TimerEvent: {}
[8.886714] (-) TimerEvent: {}
[8.989711] (-) TimerEvent: {}
[9.087099] (crazyflie) StdoutLine: {'line': b'-- Configuring done\n'}
[9.089995] (-) TimerEvent: {}
[9.193720] (-) TimerEvent: {}
[9.269003] (crazyflie) StdoutLine: {'line': b'-- Generating done\n'}
[9.294916] (-) TimerEvent: {}
[9.320409] (crazyflie) StdoutLine: {'line': b'-- Build files have been written to: /home/gowtham/crazyflie_ws/build/crazyflie\n'}
[9.356958] (crazyflie) CommandEnded: {'returncode': 0}
[9.358147] (crazyflie) JobProgress: {'identifier': 'crazyflie', 'progress': 'build'}
[9.358302] (crazyflie) Command: {'cmd': ['/usr/bin/cmake', '--build', '/home/gowtham/crazyflie_ws/build/crazyflie', '--', '-j4', '-l4'], 'cwd': '/home/gowtham/crazyflie_ws/build/crazyflie', 'env': OrderedDict([('LESSOPEN', '| /usr/bin/lesspipe %s'), ('LANGUAGE', 'en_IN:en'), ('USER', 'gowtham'), ('XDG_SESSION_TYPE', 'wayland'), ('SHLVL', '1'), ('LD_LIBRARY_PATH', '/home/gowtham/crazyflie_ws/install/crazyflie_interfaces/lib:/home/gowtham/swarm_ws/install/crazyflie_interfaces/lib:/opt/ros/humble/opt/rviz_ogre_vendor/lib:/opt/ros/humble/lib/x86_64-linux-gnu:/opt/ros/humble/lib'), ('HOME', '/home/gowtham'), ('OLDPWD', '/home/gowtham'), ('DESKTOP_SESSION', 'ubuntu'), ('ROS_PYTHON_VERSION', '3'), ('GNOME_SHELL_SESSION_MODE', 'ubuntu'), ('GTK_MODULES', 'gail:atk-bridge'), ('DBUS_STARTER_BUS_TYPE', 'session'), ('SYSTEMD_EXEC_PID', '894'), ('DBUS_SESSION_BUS_ADDRESS', 'unix:path=/run/user/1000/bus,guid=a7d0dcc49fe719d932a354c76a3a5fb6'), ('COLORTERM', 'truecolor'), ('IM_CONFIG_PHASE', '1'), ('WAYLAND_DISPLAY', 'wayland-0'), ('COLCON_PREFIX_PATH', '/home/gowtham/swarm_ws/install'), ('ROS_DISTRO', 'humble'), ('LOGNAME', 'gowtham'), ('_', '/usr/bin/colcon'), ('ROS_VERSION', '2'), ('XDG_SESSION_CLASS', 'user'), ('USERNAME', 'gowtham'), ('TERM', 'xterm-256color'), ('GNOME_DESKTOP_SESSION_ID', 'this-is-deprecated'), ('ROS_LOCALHOST_ONLY', '0'), ('PATH', '/opt/ros/humble/bin:/home/gowtham/.local/bin:/usr/local/sbin:/usr/local/bin:/usr/sbin:/usr/bin:/sbin:/bin:/usr/games:/usr/local/games:/snap/bin:/snap/bin:/home/gowtham/.local/bin'), ('SESSION_MANAGER', 'local/gowtham:@/tmp/.ICE-unix/894,unix/gowtham:/tmp/.ICE-unix/894'), ('XDG_MENU_PREFIX', 'gnome-'), ('GNOME_TERMINAL_SCREEN', '/org/gnome/Terminal/screen/fce09927_7e2d_4956_9fd4_e9a2e1e605f7'), ('GNOME_SETUP_DISPLAY', ':1'), ('XDG_RUNTIME_DIR', '/run/user/1000'), ('DISPLAY', ':0'), ('LANG', 'en_US.UTF-8'), ('XDG_CURRENT_DESKTOP', 'ubuntu:GNOME'), ('XMODIFIERS', '@im=ibus'), ('XDG_SESSION_DESKTOP', 'ubuntu'), ('XAUTHORITY', '/run/user/1000/.mutter-Xwaylandauth.EAJ5Q3'), ('LS_COLORS', 'rs=0:di=01;34:ln=01;36:mh=00:pi=40;33:so=01;35:do=01;35:bd=40;33;01:cd=40;33;01:or=40;31;01:mi=00:su=37;41:sg=30;43:ca=30;41:tw=30;42:ow=34;42:st=37;44:ex=01;32:*.tar=01;31:*.tgz=01;31:*.arc=01;31:*.arj=01;31:*.taz=01;31:*.lha=01;31:*.lz4=01;31:*.lzh=01;31:*.lzma=01;31:*.tlz=01;31:*.txz=01;31:*.tzo=01;31:*.t7z=01;31:*.zip=01;31:*.z=01;31:*.dz=01;31:*.gz=01;31:*.lrz=01;31:*.lz=01;31:*.lzo=01;31:*.xz=01;31:*.zst=01;31:*.tzst=01;31:*.bz2=01;31:*.bz=01;31:*.tbz=01;31:*.tbz2=01;31:*.tz=01;31:*.deb=01;31:*.rpm=01;31:*.jar=01;31:*.war=01;31:*.ear=01;31:*.sar=01;31:*.rar=01;31:*.alz=01;31:*.ace=01;31:*.zoo=01;31:*.cpio=01;31:*.7z=01;31:*.rz=01;31:*.cab=01;31:*.wim=01;31:*.swm=01;31:*.dwm=01;31:*.esd=01;31:*.jpg=01;35:*.jpeg=01;35:*.mjpg=01;35:*.mjpeg=01;35:*.gif=01;35:*.bmp=01;35:*.pbm=01;35:*.pgm=01;35:*.ppm=01;35:*.tga=01;35:*.xbm=01;35:*.xpm=01;35:*.tif=01;35:*.tiff=01;35:*.png=01;35:*.svg=01;35:*.svgz=01;35:*.mng=01;35:*.pcx=01;35:*.mov=01;35:*.mpg=01;35:*.mpeg=01;35:*.m2v=01;35:*.mkv=01;35:*.webm=01;35:*.webp=01;35:*.ogm=01;35:*.mp4=01;35:*.m4v=01;35:*.mp4v=01;35:*.vob=01;35:*.qt=01;35:*.nuv=01;35:*.wmv=01;35:*.asf=01;35:*.rm=01;35:*.rmvb=01;35:*.flc=01;35:*.avi=01;35:*.fli=01;35:*.flv=01;35:*.gl=01;35:*.dl=01;35:*.xcf=01;35:*.xwd=01;35:*.yuv=01;35:*.cgm=01;35:*.emf=01;35:*.ogv=01;35:*.ogx=01;35:*.aac=00;36:*.au=00;36:*.flac=00;36:*.m4a=00;36:*.mid=00;36:*.midi=00;36:*.mka=00;36:*.mp3=00;36:*.mpc=00;36:*.ogg=00;36:*.ra=00;36:*.wav=00;36:*.oga=00;36:*.opus=00;36:*.spx=00;36:*.xspf=00;36:'), ('GNOME_TERMINAL_SERVICE', ':1.233'), ('SSH_AGENT_LAUNCHER', 'gnome-keyring'), ('SSH_AUTH_SOCK', '/run/user/1000/keyring/ssh'), ('AMENT_PREFIX_PATH', '/home/gowtham/crazyflie_ws/install/crazyflie_interfaces:/home/gowtham/swarm_ws/install/guidance_layer:/home/gowtham/swarm_ws/install/crazyflie_sim:/home/gowtham/swarm_ws/install/crazyflie_examples:/home/gowtham/swarm_ws/install/crazyflie_py:/home/gowtham/swarm_ws/install/crazyflie:/home/gowtham/swarm_ws/install/crazyflie_interfaces:/home/gowtham/swarm_ws/install/control_layer:/home/gowtham/swarm_ws/install/consensus_controller:/opt/ros/humble'), ('SHELL', '/bin/bash'), ('QT_ACCESSIBILITY', '1'), ('GDMSESSION', 'ubuntu'), ('LESSCLOSE', '/usr/bin/lesspipe %s %s'), ('QT_IM_MODULE', 'ibus'), ('PWD', '/home/gowtham/crazyflie_ws/build/crazyflie'), ('LC_ALL', 'en_US.UTF-8'), ('XDG_CONFIG_DIRS', '/etc/xdg/xdg-ubuntu:/etc/xdg'), ('DBUS_STARTER_ADDRESS', 'unix:path=/run/user/1000/bus,guid=a7d0dcc49fe719d932a354c76a3a5fb6'), ('XDG_DATA_DIRS', '/usr/share/ubuntu:/usr/local/share/:/usr/share/:/var/lib/snapd/desktop'), ('PYTHONPATH', '/home/gowtham/crazyflie_ws/install/crazyflie_interfaces/local/lib/python3.10/dist-packages:/home/gowtham/crazyflie-firmware/build:/home/gowtham/crazyflie-firmware/build:/home/gowtham/swarm_ws/install/guidance_layer/lib/python3.10/site-packages:/home/gowtham/swarm_ws/install/crazyflie_sim/local/lib/python3.10/dist-packages:/home/gowtham/swarm_ws/install/crazyflie_examples/local/lib/python3.10/dist-packages:/home/gowtham/swarm_ws/install/crazyflie_py/lib/python3.10/site-packages:/home/gowtham/swarm_ws/install/crazyflie_interfaces/local/lib/python3.10/dist-packages:/home/gowtham/swarm_ws/install/control_layer/lib/python3.10/site-packages:/home/gowtham/swarm_ws/install/consensus_controller/lib/python3.10/site-packages:/opt/ros/humble/lib/python3.10/site-packages:/opt/ros/humble/local/lib/python3.10/dist-packages'), ('COLCON', '1'), ('VTE_VERSION', '6800'), ('CMAKE_PREFIX_PATH', '/home/gowtham/crazyflie_ws/install/crazyflie_interfaces:/home/gowtham/swarm_ws/install/crazyflie_sim:/home/gowtham/swarm_ws/install/crazyflie_examples:/home/gowtham/swarm_ws/install/crazyflie:/home/gowtham/swarm_ws/install/crazyflie_interfaces:/home/gowtham/swarm_ws/install/guidance_layer:/home/gowtham/swarm_ws/install/crazyflie_py:/home/gowtham/swarm_ws/install/control_layer:/home/gowtham/swarm_ws/install/consensus_controller:/opt/ros/humble')]), 'shell': False}
[9.395046] (-) TimerEvent: {}
[9.496884] (-) TimerEvent: {}
[9.503808] (crazyflie_py) StdoutLine: {'line': b'running egg_info\n'}
[9.504285] (crazyflie_py) StdoutLine: {'line': b'writing crazyflie_py.egg-info/PKG-INFO\n'}
[9.504449] (crazyflie_py) StdoutLine: {'line': b'writing dependency_links to crazyflie_py.egg-info/dependency_links.txt\n'}
[9.504600] (crazyflie_py) StdoutLine: {'line': b'writing entry points to crazyflie_py.egg-info/entry_points.txt\n'}
[9.504786] (crazyflie_py) StdoutLine: {'line': b'writing requirements to crazyflie_py.egg-info/requires.txt\n'}
[9.504936] (crazyflie_py) StdoutLine: {'line': b'writing top-level names to crazyflie_py.egg-info/top_level.txt\n'}
[9.519716] (crazyflie_py) StdoutLine: {'line': b"reading manifest file 'crazyflie_py.egg-info/SOURCES.txt'\n"}
[9.522722] (crazyflie_py) StdoutLine: {'line': b"writing manifest file 'crazyflie_py.egg-info/SOURCES.txt'\n"}
[9.537792] (crazyflie_py) StdoutLine: {'line': b'running build_ext\n'}
[9.542325] (crazyflie_py) StdoutLine: {'line': b'Creating /home/gowtham/crazyflie_ws/install/crazyflie_py/lib/python3.10/site-packages/crazyflie-py.egg-link (link to .)\n'}
[9.544768] (crazyflie_py) StdoutLine: {'line': b'\n'}
[9.549006] (crazyflie_py) StdoutLine: {'line': b'Installed /home/gowtham/crazyflie_ws/build/crazyflie_py\n'}
[9.549195] (crazyflie_py) StdoutLine: {'line': b'running symlink_data\n'}
[9.549363] (crazyflie_py) StdoutLine: {'line': b'symbolically linking /home/gowtham/crazyflie_ws/build/crazyflie_py/resource/crazyflie_py -> /home/gowtham/crazyflie_ws/install/crazyflie_py/share/ament_index/resource_index/packages\n'}
[9.553820] (crazyflie_py) StdoutLine: {'line': b'symbolically linking /home/gowtham/crazyflie_ws/build/crazyflie_py/package.xml -> /home/gowtham/crazyflie_ws/install/crazyflie_py/share/crazyflie_py\n'}
[9.567497] (crazyflie) StdoutLine: {'line': b'\x1b[35m\x1b[1mConsolidate compiler generated dependencies of target crazyflieLinkCpp\x1b[0m\n'}
[9.583998] (crazyflie) StdoutLine: {'line': b'\x1b[35m\x1b[1mConsolidate compiler generated dependencies of target teleop\x1b[0m\n'}
[9.597734] (-) TimerEvent: {}
[9.653772] (crazyflie) StdoutLine: {'line': b'[ 22%] Built target crazyflieLinkCpp\n'}
[9.698737] (-) TimerEvent: {}
[9.729967] (crazyflie) StdoutLine: {'line': b'\x1b[35m\x1b[1mConsolidate compiler generated dependencies of target crazyflie_cpp\x1b[0m\n'}
[9.741499] (crazyflie_py) CommandEnded: {'returncode': 0}
[9.763714] (crazyflie) StdoutLine: {'line': b'[ 27%] Built target teleop\n'}
[9.792948] (crazyflie_py) JobEnded: {'identifier': 'crazyflie_py', 'rc': 0}
[9.794212] (crazyflie_examples) JobStarted: {'identifier': 'crazyflie_examples'}
[9.797050] (crazyflie) StdoutLine: {'line': b'[ 35%] Built target crazyflie_cpp\n'}
[9.798742] (-) TimerEvent: {}
[9.845199] (crazyflie) StdoutLine: {'line': b'\x1b[35m\x1b[1mConsolidate compiler generated dependencies of target scan\x1b[0m\n'}
[9.855946] (crazyflie_examples) JobProgress: {'identifier': 'crazyflie_examples', 'progress': 'cmake'}
[9.856776] (crazyflie) StdoutLine: {'line': b'\x1b[35m\x1b[1mConsolidate compiler generated dependencies of target crazyflie_server\x1b[0m\n'}
[9.881754] (crazyflie_examples) Command: {'cmd': ['/usr/bin/cmake', '/home/gowtham/crazyflie_ws/src/crazyswarm2/crazyflie_examples', '-DAMENT_CMAKE_SYMLINK_INSTALL=1', '-DCMAKE_INSTALL_PREFIX=/home/gowtham/crazyflie_ws/install/crazyflie_examples'], 'cwd': '/home/gowtham/crazyflie_ws/build/crazyflie_examples', 'env': OrderedDict([('LESSOPEN', '| /usr/bin/lesspipe %s'), ('LANGUAGE', 'en_IN:en'), ('USER', 'gowtham'), ('XDG_SESSION_TYPE', 'wayland'), ('SHLVL', '1'), ('LD_LIBRARY_PATH', '/home/gowtham/crazyflie_ws/install/crazyflie_interfaces/lib:/home/gowtham/swarm_ws/install/crazyflie_interfaces/lib:/opt/ros/humble/opt/rviz_ogre_vendor/lib:/opt/ros/humble/lib/x86_64-linux-gnu:/opt/ros/humble/lib'), ('HOME', '/home/gowtham'), ('OLDPWD', '/home/gowtham'), ('DESKTOP_SESSION', 'ubuntu'), ('ROS_PYTHON_VERSION', '3'), ('GNOME_SHELL_SESSION_MODE', 'ubuntu'), ('GTK_MODULES', 'gail:atk-bridge'), ('DBUS_STARTER_BUS_TYPE', 'session'), ('SYSTEMD_EXEC_PID', '894'), ('DBUS_SESSION_BUS_ADDRESS', 'unix:path=/run/user/1000/bus,guid=a7d0dcc49fe719d932a354c76a3a5fb6'), ('COLORTERM', 'truecolor'), ('IM_CONFIG_PHASE', '1'), ('WAYLAND_DISPLAY', 'wayland-0'), ('COLCON_PREFIX_PATH', '/home/gowtham/swarm_ws/install'), ('ROS_DISTRO', 'humble'), ('LOGNAME', 'gowtham'), ('_', '/usr/bin/colcon'), ('ROS_VERSION', '2'), ('XDG_SESSION_CLASS', 'user'), ('USERNAME', 'gowtham'), ('TERM', 'xterm-256color'), ('GNOME_DESKTOP_SESSION_ID', 'this-is-deprecated'), ('ROS_LOCALHOST_ONLY', '0'), ('PATH', '/opt/ros/humble/bin:/home/gowtham/.local/bin:/usr/local/sbin:/usr/local/bin:/usr/sbin:/usr/bin:/sbin:/bin:/usr/games:/usr/local/games:/snap/bin:/snap/bin:/home/gowtham/.local/bin'), ('SESSION_MANAGER', 'local/gowtham:@/tmp/.ICE-unix/894,unix/gowtham:/tmp/.ICE-unix/894'), ('XDG_MENU_PREFIX', 'gnome-'), ('GNOME_TERMINAL_SCREEN', '/org/gnome/Terminal/screen/fce09927_7e2d_4956_9fd4_e9a2e1e605f7'), ('GNOME_SETUP_DISPLAY', ':1'), ('XDG_RUNTIME_DIR', '/run/user/1000'), ('DISPLAY', ':0'), ('LANG', 'en_US.UTF-8'), ('XDG_CURRENT_DESKTOP', 'ubuntu:GNOME'), ('XMODIFIERS', '@im=ibus'), ('XDG_SESSION_DESKTOP', 'ubuntu'), ('XAUTHORITY', '/run/user/1000/.mutter-Xwaylandauth.EAJ5Q3'), ('LS_COLORS', 'rs=0:di=01;34:ln=01;36:mh=00:pi=40;33:so=01;35:do=01;35:bd=40;33;01:cd=40;33;01:or=40;31;01:mi=00:su=37;41:sg=30;43:ca=30;41:tw=30;42:ow=34;42:st=37;44:ex=01;32:*.tar=01;31:*.tgz=01;31:*.arc=01;31:*.arj=01;31:*.taz=01;31:*.lha=01;31:*.lz4=01;31:*.lzh=01;31:*.lzma=01;31:*.tlz=01;31:*.txz=01;31:*.tzo=01;31:*.t7z=01;31:*.zip=01;31:*.z=01;31:*.dz=01;31:*.gz=01;31:*.lrz=01;31:*.lz=01;31:*.lzo=01;31:*.xz=01;31:*.zst=01;31:*.tzst=01;31:*.bz2=01;31:*.bz=01;31:*.tbz=01;31:*.tbz2=01;31:*.tz=01;31:*.deb=01;31:*.rpm=01;31:*.jar=01;31:*.war=01;31:*.ear=01;31:*.sar=01;31:*.rar=01;31:*.alz=01;31:*.ace=01;31:*.zoo=01;31:*.cpio=01;31:*.7z=01;31:*.rz=01;31:*.cab=01;31:*.wim=01;31:*.swm=01;31:*.dwm=01;31:*.esd=01;31:*.jpg=01;35:*.jpeg=01;35:*.mjpg=01;35:*.mjpeg=01;35:*.gif=01;35:*.bmp=01;35:*.pbm=01;35:*.pgm=01;35:*.ppm=01;35:*.tga=01;35:*.xbm=01;35:*.xpm=01;35:*.tif=01;35:*.tiff=01;35:*.png=01;35:*.svg=01;35:*.svgz=01;35:*.mng=01;35:*.pcx=01;35:*.mov=01;35:*.mpg=01;35:*.mpeg=01;35:*.m2v=01;35:*.mkv=01;35:*.webm=01;35:*.webp=01;35:*.ogm=01;35:*.mp4=01;35:*.m4v=01;35:*.mp4v=01;35:*.vob=01;35:*.qt=01;35:*.nuv=01;35:*.wmv=01;35:*.asf=01;35:*.rm=01;35:*.rmvb=01;35:*.flc=01;35:*.avi=01;35:*.fli=01;35:*.flv=01;35:*.gl=01;35:*.dl=01;35:*.xcf=01;35:*.xwd=01;35:*.yuv=01;35:*.cgm=01;35:*.emf=01;35:*.ogv=01;35:*.ogx=01;35:*.aac=00;36:*.au=00;36:*.flac=00;36:*.m4a=00;36:*.mid=00;36:*.midi=00;36:*.mka=00;36:*.mp3=00;36:*.mpc=00;36:*.ogg=00;36:*.ra=00;36:*.wav=00;36:*.oga=00;36:*.opus=00;36:*.spx=00;36:*.xspf=00;36:'), ('GNOME_TERMINAL_SERVICE', ':1.233'), ('SSH_AGENT_LAUNCHER', 'gnome-keyring'), ('SSH_AUTH_SOCK', '/run/user/1000/keyring/ssh'), ('AMENT_PREFIX_PATH', '/home/gowtham/crazyflie_ws/install/crazyflie_py:/home/gowtham/crazyflie_ws/install/crazyflie_interfaces:/home/gowtham/swarm_ws/install/guidance_layer:/home/gowtham/swarm_ws/install/crazyflie_sim:/home/gowtham/swarm_ws/install/crazyflie_examples:/home/gowtham/swarm_ws/install/crazyflie_py:/home/gowtham/swarm_ws/install/crazyflie:/home/gowtham/swarm_ws/install/crazyflie_interfaces:/home/gowtham/swarm_ws/install/control_layer:/home/gowtham/swarm_ws/install/consensus_controller:/opt/ros/humble'), ('SHELL', '/bin/bash'), ('QT_ACCESSIBILITY', '1'), ('GDMSESSION', 'ubuntu'), ('LESSCLOSE', '/usr/bin/lesspipe %s %s'), ('QT_IM_MODULE', 'ibus'), ('PWD', '/home/gowtham/crazyflie_ws/build/crazyflie_examples'), ('LC_ALL', 'en_US.UTF-8'), ('XDG_CONFIG_DIRS', '/etc/xdg/xdg-ubuntu:/etc/xdg'), ('DBUS_STARTER_ADDRESS', 'unix:path=/run/user/1000/bus,guid=a7d0dcc49fe719d932a354c76a3a5fb6'), ('XDG_DATA_DIRS', '/usr/share/ubuntu:/usr/local/share/:/usr/share/:/var/lib/snapd/desktop'), ('PYTHONPATH', '/home/gowtham/crazyflie_ws/build/crazyflie_py:/home/gowtham/crazyflie_ws/install/crazyflie_py/lib/python3.10/site-packages:/home/gowtham/crazyflie_ws/install/crazyflie_interfaces/local/lib/python3.10/dist-packages:/home/gowtham/crazyflie-firmware/build:/home/gowtham/crazyflie-firmware/build:/home/gowtham/swarm_ws/install/guidance_layer/lib/python3.10/site-packages:/home/gowtham/swarm_ws/install/crazyflie_sim/local/lib/python3.10/dist-packages:/home/gowtham/swarm_ws/install/crazyflie_examples/local/lib/python3.10/dist-packages:/home/gowtham/swarm_ws/install/crazyflie_py/lib/python3.10/site-packages:/home/gowtham/swarm_ws/install/crazyflie_interfaces/local/lib/python3.10/dist-packages:/home/gowtham/swarm_ws/install/control_layer/lib/python3.10/site-packages:/home/gowtham/swarm_ws/install/consensus_controller/lib/python3.10/site-packages:/opt/ros/humble/lib/python3.10/site-packages:/opt/ros/humble/local/lib/python3.10/dist-packages'), ('COLCON', '1'), ('VTE_VERSION', '6800'), ('CMAKE_PREFIX_PATH', '/home/gowtham/crazyflie_ws/install/crazyflie_interfaces:/home/gowtham/swarm_ws/install/crazyflie_sim:/home/gowtham/swarm_ws/install/crazyflie_examples:/home/gowtham/swarm_ws/install/crazyflie:/home/gowtham/swarm_ws/install/crazyflie_interfaces:/home/gowtham/swarm_ws/install/guidance_layer:/home/gowtham/swarm_ws/install/crazyflie_py:/home/gowtham/swarm_ws/install/control_layer:/home/gowtham/swarm_ws/install/consensus_controller:/opt/ros/humble')]), 'shell': False}
[9.886518] (crazyflie) StdoutLine: {'line': b'\x1b[35m\x1b[1mConsolidate compiler generated dependencies of target listParams\x1b[0m\n'}
[9.892360] (crazyflie) StdoutLine: {'line': b'\x1b[35m\x1b[1mConsolidate compiler generated dependencies of target listLogVariables\x1b[0m\n'}
[9.903714] (-) TimerEvent: {}
[9.961269] (crazyflie_examples) StdoutLine: {'line': b'-- Found ament_cmake: 1.3.14 (/opt/ros/humble/share/ament_cmake/cmake)\n'}
[10.010733] (-) TimerEvent: {}
[10.021761] (crazyflie) StdoutLine: {'line': b'[ 40%] Built target crazyflie_server\n'}
[10.077294] (crazyflie) StdoutLine: {'line': b'[ 45%] Built target listLogVariables\n'}
[10.083936] (crazyflie) StdoutLine: {'line': b'[ 50%] Built target listParams\n'}
[10.105293] (crazyflie) StdoutLine: {'line': b'[ 55%] Built target scan\n'}
[10.109316] (crazyflie) StdoutLine: {'line': b'\x1b[35m\x1b[1mConsolidate compiler generated dependencies of target listMemories\x1b[0m\n'}
[10.110835] (-) TimerEvent: {}
[10.163735] (crazyflie) StdoutLine: {'line': b'\x1b[35m\x1b[1mConsolidate compiler generated dependencies of target battery\x1b[0m\n'}
[10.168786] (crazyflie) StdoutLine: {'line': b'\x1b[35m\x1b[1mConsolidate compiler generated dependencies of target reboot\x1b[0m\n'}
[10.213725] (crazyflie_sim) StderrLine: {'line': b'\x1b[33mCMake Warning at /opt/ros/humble/share/ament_cmake_pytest/cmake/ament_add_pytest_test.cmake:79 (message):\n'}
[10.214011] (-) TimerEvent: {}
[10.217366] (crazyflie_sim) StderrLine: {'line': b"  The Python module 'pytest' was not found, pytests cannot be run.  On Linux,\n"}
[10.217625] (crazyflie_sim) StderrLine: {'line': b"  install the 'python3-pytest' package.  On other platforms, install 'pytest'\n"}
[10.217811] (crazyflie_sim) StderrLine: {'line': b'  using pip.\n'}
[10.217949] (crazyflie_sim) StderrLine: {'line': b'Call Stack (most recent call first):\n'}
[10.218094] (crazyflie_sim) StderrLine: {'line': b'  CMakeLists.txt:27 (ament_add_pytest_test)\n'}
[10.218237] (crazyflie_sim) StderrLine: {'line': b'\n'}
[10.218371] (crazyflie_sim) StderrLine: {'line': b'\x1b[0m\n'}
[10.232718] (crazyflie) StdoutLine: {'line': b'\x1b[35m\x1b[1mConsolidate compiler generated dependencies of target version\x1b[0m\n'}
[10.258874] (crazyflie) StdoutLine: {'line': b'[ 65%] Built target listMemories\n'}
[10.259291] (crazyflie) StdoutLine: {'line': b'[ 65%] Built target reboot\n'}
[10.282555] (crazyflie) StdoutLine: {'line': b'[ 70%] Built target battery\n'}
[10.300708] (crazyflie) StdoutLine: {'line': b'\x1b[35m\x1b[1mConsolidate compiler generated dependencies of target console\x1b[0m\n'}
[10.301168] (crazyflie) StdoutLine: {'line': b'\x1b[35m\x1b[1mConsolidate compiler generated dependencies of target comCheck\x1b[0m\n'}
[10.316751] (-) TimerEvent: {}
[10.376421] (crazyflie) StdoutLine: {'line': b'\x1b[35m\x1b[1mConsolidate compiler generated dependencies of target log\x1b[0m\n'}
[10.404806] (crazyflie) StdoutLine: {'line': b'[ 75%] Built target version\n'}
[10.405161] (crazyflie) StdoutLine: {'line': b'[ 80%] Built target comCheck\n'}
[10.417724] (-) TimerEvent: {}
[10.442852] (crazyflie) StdoutLine: {'line': b'[ 85%] Built target console\n'}
[10.459709] (crazyflie) StdoutLine: {'line': b'\x1b[35m\x1b[1mConsolidate compiler generated dependencies of target downloadUSDLogfile\x1b[0m\n'}
[10.467262] (crazyflie) StdoutLine: {'line': b'\x1b[35m\x1b[1mConsolidate compiler generated dependencies of target setParam\x1b[0m\n'}
[10.517834] (-) TimerEvent: {}
[10.528405] (crazyflie) StdoutLine: {'line': b'[ 90%] Built target log\n'}
[10.557714] (crazyflie) StdoutLine: {'line': b'[ 95%] Built target setParam\n'}
[10.568392] (crazyflie) StdoutLine: {'line': b'[100%] Built target downloadUSDLogfile\n'}
[10.616869] (crazyflie) CommandEnded: {'returncode': 0}
[10.622015] (crazyflie) JobProgress: {'identifier': 'crazyflie', 'progress': 'install'}
[10.622128] (-) TimerEvent: {}
[10.622447] (crazyflie) Command: {'cmd': ['/usr/bin/cmake', '--install', '/home/gowtham/crazyflie_ws/build/crazyflie'], 'cwd': '/home/gowtham/crazyflie_ws/build/crazyflie', 'env': OrderedDict([('LESSOPEN', '| /usr/bin/lesspipe %s'), ('LANGUAGE', 'en_IN:en'), ('USER', 'gowtham'), ('XDG_SESSION_TYPE', 'wayland'), ('SHLVL', '1'), ('LD_LIBRARY_PATH', '/home/gowtham/crazyflie_ws/install/crazyflie_interfaces/lib:/home/gowtham/swarm_ws/install/crazyflie_interfaces/lib:/opt/ros/humble/opt/rviz_ogre_vendor/lib:/opt/ros/humble/lib/x86_64-linux-gnu:/opt/ros/humble/lib'), ('HOME', '/home/gowtham'), ('OLDPWD', '/home/gowtham'), ('DESKTOP_SESSION', 'ubuntu'), ('ROS_PYTHON_VERSION', '3'), ('GNOME_SHELL_SESSION_MODE', 'ubuntu'), ('GTK_MODULES', 'gail:atk-bridge'), ('DBUS_STARTER_BUS_TYPE', 'session'), ('SYSTEMD_EXEC_PID', '894'), ('DBUS_SESSION_BUS_ADDRESS', 'unix:path=/run/user/1000/bus,guid=a7d0dcc49fe719d932a354c76a3a5fb6'), ('COLORTERM', 'truecolor'), ('IM_CONFIG_PHASE', '1'), ('WAYLAND_DISPLAY', 'wayland-0'), ('COLCON_PREFIX_PATH', '/home/gowtham/swarm_ws/install'), ('ROS_DISTRO', 'humble'), ('LOGNAME', 'gowtham'), ('_', '/usr/bin/colcon'), ('ROS_VERSION', '2'), ('XDG_SESSION_CLASS', 'user'), ('USERNAME', 'gowtham'), ('TERM', 'xterm-256color'), ('GNOME_DESKTOP_SESSION_ID', 'this-is-deprecated'), ('ROS_LOCALHOST_ONLY', '0'), ('PATH', '/opt/ros/humble/bin:/home/gowtham/.local/bin:/usr/local/sbin:/usr/local/bin:/usr/sbin:/usr/bin:/sbin:/bin:/usr/games:/usr/local/games:/snap/bin:/snap/bin:/home/gowtham/.local/bin'), ('SESSION_MANAGER', 'local/gowtham:@/tmp/.ICE-unix/894,unix/gowtham:/tmp/.ICE-unix/894'), ('XDG_MENU_PREFIX', 'gnome-'), ('GNOME_TERMINAL_SCREEN', '/org/gnome/Terminal/screen/fce09927_7e2d_4956_9fd4_e9a2e1e605f7'), ('GNOME_SETUP_DISPLAY', ':1'), ('XDG_RUNTIME_DIR', '/run/user/1000'), ('DISPLAY', ':0'), ('LANG', 'en_US.UTF-8'), ('XDG_CURRENT_DESKTOP', 'ubuntu:GNOME'), ('XMODIFIERS', '@im=ibus'), ('XDG_SESSION_DESKTOP', 'ubuntu'), ('XAUTHORITY', '/run/user/1000/.mutter-Xwaylandauth.EAJ5Q3'), ('LS_COLORS', 'rs=0:di=01;34:ln=01;36:mh=00:pi=40;33:so=01;35:do=01;35:bd=40;33;01:cd=40;33;01:or=40;31;01:mi=00:su=37;41:sg=30;43:ca=30;41:tw=30;42:ow=34;42:st=37;44:ex=01;32:*.tar=01;31:*.tgz=01;31:*.arc=01;31:*.arj=01;31:*.taz=01;31:*.lha=01;31:*.lz4=01;31:*.lzh=01;31:*.lzma=01;31:*.tlz=01;31:*.txz=01;31:*.tzo=01;31:*.t7z=01;31:*.zip=01;31:*.z=01;31:*.dz=01;31:*.gz=01;31:*.lrz=01;31:*.lz=01;31:*.lzo=01;31:*.xz=01;31:*.zst=01;31:*.tzst=01;31:*.bz2=01;31:*.bz=01;31:*.tbz=01;31:*.tbz2=01;31:*.tz=01;31:*.deb=01;31:*.rpm=01;31:*.jar=01;31:*.war=01;31:*.ear=01;31:*.sar=01;31:*.rar=01;31:*.alz=01;31:*.ace=01;31:*.zoo=01;31:*.cpio=01;31:*.7z=01;31:*.rz=01;31:*.cab=01;31:*.wim=01;31:*.swm=01;31:*.dwm=01;31:*.esd=01;31:*.jpg=01;35:*.jpeg=01;35:*.mjpg=01;35:*.mjpeg=01;35:*.gif=01;35:*.bmp=01;35:*.pbm=01;35:*.pgm=01;35:*.ppm=01;35:*.tga=01;35:*.xbm=01;35:*.xpm=01;35:*.tif=01;35:*.tiff=01;35:*.png=01;35:*.svg=01;35:*.svgz=01;35:*.mng=01;35:*.pcx=01;35:*.mov=01;35:*.mpg=01;35:*.mpeg=01;35:*.m2v=01;35:*.mkv=01;35:*.webm=01;35:*.webp=01;35:*.ogm=01;35:*.mp4=01;35:*.m4v=01;35:*.mp4v=01;35:*.vob=01;35:*.qt=01;35:*.nuv=01;35:*.wmv=01;35:*.asf=01;35:*.rm=01;35:*.rmvb=01;35:*.flc=01;35:*.avi=01;35:*.fli=01;35:*.flv=01;35:*.gl=01;35:*.dl=01;35:*.xcf=01;35:*.xwd=01;35:*.yuv=01;35:*.cgm=01;35:*.emf=01;35:*.ogv=01;35:*.ogx=01;35:*.aac=00;36:*.au=00;36:*.flac=00;36:*.m4a=00;36:*.mid=00;36:*.midi=00;36:*.mka=00;36:*.mp3=00;36:*.mpc=00;36:*.ogg=00;36:*.ra=00;36:*.wav=00;36:*.oga=00;36:*.opus=00;36:*.spx=00;36:*.xspf=00;36:'), ('GNOME_TERMINAL_SERVICE', ':1.233'), ('SSH_AGENT_LAUNCHER', 'gnome-keyring'), ('SSH_AUTH_SOCK', '/run/user/1000/keyring/ssh'), ('AMENT_PREFIX_PATH', '/home/gowtham/crazyflie_ws/install/crazyflie_interfaces:/home/gowtham/swarm_ws/install/guidance_layer:/home/gowtham/swarm_ws/install/crazyflie_sim:/home/gowtham/swarm_ws/install/crazyflie_examples:/home/gowtham/swarm_ws/install/crazyflie_py:/home/gowtham/swarm_ws/install/crazyflie:/home/gowtham/swarm_ws/install/crazyflie_interfaces:/home/gowtham/swarm_ws/install/control_layer:/home/gowtham/swarm_ws/install/consensus_controller:/opt/ros/humble'), ('SHELL', '/bin/bash'), ('QT_ACCESSIBILITY', '1'), ('GDMSESSION', 'ubuntu'), ('LESSCLOSE', '/usr/bin/lesspipe %s %s'), ('QT_IM_MODULE', 'ibus'), ('PWD', '/home/gowtham/crazyflie_ws/build/crazyflie'), ('LC_ALL', 'en_US.UTF-8'), ('XDG_CONFIG_DIRS', '/etc/xdg/xdg-ubuntu:/etc/xdg'), ('DBUS_STARTER_ADDRESS', 'unix:path=/run/user/1000/bus,guid=a7d0dcc49fe719d932a354c76a3a5fb6'), ('XDG_DATA_DIRS', '/usr/share/ubuntu:/usr/local/share/:/usr/share/:/var/lib/snapd/desktop'), ('PYTHONPATH', '/home/gowtham/crazyflie_ws/install/crazyflie_interfaces/local/lib/python3.10/dist-packages:/home/gowtham/crazyflie-firmware/build:/home/gowtham/crazyflie-firmware/build:/home/gowtham/swarm_ws/install/guidance_layer/lib/python3.10/site-packages:/home/gowtham/swarm_ws/install/crazyflie_sim/local/lib/python3.10/dist-packages:/home/gowtham/swarm_ws/install/crazyflie_examples/local/lib/python3.10/dist-packages:/home/gowtham/swarm_ws/install/crazyflie_py/lib/python3.10/site-packages:/home/gowtham/swarm_ws/install/crazyflie_interfaces/local/lib/python3.10/dist-packages:/home/gowtham/swarm_ws/install/control_layer/lib/python3.10/site-packages:/home/gowtham/swarm_ws/install/consensus_controller/lib/python3.10/site-packages:/opt/ros/humble/lib/python3.10/site-packages:/opt/ros/humble/local/lib/python3.10/dist-packages'), ('COLCON', '1'), ('VTE_VERSION', '6800'), ('CMAKE_PREFIX_PATH', '/home/gowtham/crazyflie_ws/install/crazyflie_interfaces:/home/gowtham/swarm_ws/install/crazyflie_sim:/home/gowtham/swarm_ws/install/crazyflie_examples:/home/gowtham/swarm_ws/install/crazyflie:/home/gowtham/swarm_ws/install/crazyflie_interfaces:/home/gowtham/swarm_ws/install/guidance_layer:/home/gowtham/swarm_ws/install/crazyflie_py:/home/gowtham/swarm_ws/install/control_layer:/home/gowtham/swarm_ws/install/consensus_controller:/opt/ros/humble')]), 'shell': False}
[10.661722] (crazyflie) StdoutLine: {'line': b'-- Install configuration: ""\n'}
[10.665725] (crazyflie) StdoutLine: {'line': b'-- Execute custom install script\n'}
[10.666060] (crazyflie) StdoutLine: {'line': b'-- Up-to-date symlink: /home/gowtham/crazyflie_ws/install/crazyflie/lib/crazyflie/comCheck\n'}
[10.666228] (crazyflie) StdoutLine: {'line': b'-- Up-to-date symlink: /home/gowtham/crazyflie_ws/install/crazyflie/lib/crazyflie/scan\n'}
[10.666379] (crazyflie) StdoutLine: {'line': b'-- Up-to-date symlink: /home/gowtham/crazyflie_ws/install/crazyflie/lib/crazyflie/listParams\n'}
[10.668417] (crazyflie) StdoutLine: {'line': b'-- Up-to-date symlink: /home/gowtham/crazyflie_ws/install/crazyflie/lib/crazyflie/listLogVariables\n'}
[10.668704] (crazyflie) StdoutLine: {'line': b'-- Up-to-date symlink: /home/gowtham/crazyflie_ws/install/crazyflie/lib/crazyflie/listMemories\n'}
[10.670057] (crazyflie) StdoutLine: {'line': b'-- Up-to-date symlink: /home/gowtham/crazyflie_ws/install/crazyflie/lib/crazyflie/reboot\n'}
[10.673439] (crazyflie) StdoutLine: {'line': b'-- Up-to-date symlink: /home/gowtham/crazyflie_ws/install/crazyflie/lib/crazyflie/battery\n'}
[10.673810] (crazyflie) StdoutLine: {'line': b'-- Up-to-date symlink: /home/gowtham/crazyflie_ws/install/crazyflie/lib/crazyflie/version\n'}
[10.675996] (crazyflie) StdoutLine: {'line': b'-- Up-to-date symlink: /home/gowtham/crazyflie_ws/install/crazyflie/lib/crazyflie/console\n'}
[10.676312] (crazyflie) StdoutLine: {'line': b'-- Up-to-date symlink: /home/gowtham/crazyflie_ws/install/crazyflie/lib/crazyflie/log\n'}
[10.679843] (crazyflie) StdoutLine: {'line': b'-- Up-to-date symlink: /home/gowtham/crazyflie_ws/install/crazyflie/lib/crazyflie/setParam\n'}
[10.680113] (crazyflie) StdoutLine: {'line': b'-- Up-to-date symlink: /home/gowtham/crazyflie_ws/install/crazyflie/lib/crazyflie/downloadUSDLogfile\n'}
[10.680448] (crazyflie) StdoutLine: {'line': b'-- Up-to-date symlink: /home/gowtham/crazyflie_ws/install/crazyflie/lib/crazyflie/teleop\n'}
[10.680610] (crazyflie) StdoutLine: {'line': b'-- Up-to-date symlink: /home/gowtham/crazyflie_ws/install/crazyflie/lib/crazyflie/crazyflie_server\n'}
[10.680787] (crazyflie) StdoutLine: {'line': b'-- Up-to-date symlink: /home/gowtham/crazyflie_ws/install/crazyflie/lib/crazyflie/crazyflie_server.py\n'}
[10.680946] (crazyflie) StdoutLine: {'line': b'-- Up-to-date symlink: /home/gowtham/crazyflie_ws/install/crazyflie/lib/crazyflie/chooser.py\n'}
[10.681099] (crazyflie) StdoutLine: {'line': b'-- Up-to-date symlink: /home/gowtham/crazyflie_ws/install/crazyflie/lib/crazyflie/vel_mux.py\n'}
[10.681246] (crazyflie) StdoutLine: {'line': b'-- Up-to-date symlink: /home/gowtham/crazyflie_ws/install/crazyflie/lib/crazyflie/cfmult.py\n'}
[10.681391] (crazyflie) StdoutLine: {'line': b'-- Up-to-date symlink: /home/gowtham/crazyflie_ws/install/crazyflie/lib/crazyflie/simple_mapper_multiranger.py\n'}
[10.686699] (crazyflie) StdoutLine: {'line': b'-- Up-to-date symlink: /home/gowtham/crazyflie_ws/install/crazyflie/lib/crazyflie/aideck_streamer.py\n'}
[10.686979] (crazyflie) StdoutLine: {'line': b'-- Up-to-date symlink: /home/gowtham/crazyflie_ws/install/crazyflie/lib/crazyflie/gui.py\n'}
[10.687129] (crazyflie) StdoutLine: {'line': b'-- Up-to-date symlink: /home/gowtham/crazyflie_ws/install/crazyflie/lib/crazyflie/flash.py\n'}
[10.687344] (crazyflie) StdoutLine: {'line': b'-- Up-to-date symlink: /home/gowtham/crazyflie_ws/install/crazyflie/share/crazyflie//launch/launch.py\n'}
[10.687486] (crazyflie) StdoutLine: {'line': b'-- Up-to-date symlink: /home/gowtham/crazyflie_ws/install/crazyflie/share/crazyflie//launch/launch_teleop2.py\n'}
[10.687627] (crazyflie) StdoutLine: {'line': b'-- Up-to-date symlink: /home/gowtham/crazyflie_ws/install/crazyflie/share/crazyflie//launch/teleop_launch.py\n'}
[10.687796] (crazyflie) StdoutLine: {'line': b'-- Up-to-date symlink: /home/gowtham/crazyflie_ws/install/crazyflie/share/crazyflie//config/aideck_streamer.yaml\n'}
[10.687929] (crazyflie) StdoutLine: {'line': b'-- Up-to-date symlink: /home/gowtham/crazyflie_ws/install/crazyflie/share/crazyflie//config/config.rviz\n'}
[10.688064] (crazyflie) StdoutLine: {'line': b'-- Up-to-date symlink: /home/gowtham/crazyflie_ws/install/crazyflie/share/crazyflie//config/crazyflies.yaml\n'}
[10.688198] (crazyflie) StdoutLine: {'line': b'-- Up-to-date symlink: /home/gowtham/crazyflie_ws/install/crazyflie/share/crazyflie//config/motion_capture.yaml\n'}
[10.690830] (crazyflie) StdoutLine: {'line': b'-- Up-to-date symlink: /home/gowtham/crazyflie_ws/install/crazyflie/share/crazyflie//config/server.yaml\n'}
[10.691037] (crazyflie) StdoutLine: {'line': b'-- Up-to-date symlink: /home/gowtham/crazyflie_ws/install/crazyflie/share/crazyflie//config/teleop.yaml\n'}
[10.691191] (crazyflie) StdoutLine: {'line': b'-- Up-to-date symlink: /home/gowtham/crazyflie_ws/install/crazyflie/share/crazyflie//urdf/cf2_assembly.stl\n'}
[10.691329] (crazyflie) StdoutLine: {'line': b'-- Up-to-date symlink: /home/gowtham/crazyflie_ws/install/crazyflie/share/crazyflie//urdf/cf2_assembly_with_props.dae\n'}
[10.691504] (crazyflie) StdoutLine: {'line': b'-- Up-to-date symlink: /home/gowtham/crazyflie_ws/install/crazyflie/share/crazyflie//urdf/crazyflie_description.urdf\n'}
[10.691915] (crazyflie) StdoutLine: {'line': b'-- Up-to-date symlink: /home/gowtham/crazyflie_ws/install/crazyflie/share/ament_index/resource_index/package_run_dependencies/crazyflie\n'}
[10.694713] (crazyflie) StdoutLine: {'line': b'-- Up-to-date symlink: /home/gowtham/crazyflie_ws/install/crazyflie/share/ament_index/resource_index/parent_prefix_path/crazyflie\n'}
[10.695122] (crazyflie) StdoutLine: {'line': b'-- Up-to-date symlink: /home/gowtham/crazyflie_ws/install/crazyflie/share/crazyflie/environment/ament_prefix_path.sh\n'}
[10.695284] (crazyflie) StdoutLine: {'line': b'-- Up-to-date symlink: /home/gowtham/crazyflie_ws/install/crazyflie/share/crazyflie/environment/ament_prefix_path.dsv\n'}
[10.695424] (crazyflie) StdoutLine: {'line': b'-- Up-to-date symlink: /home/gowtham/crazyflie_ws/install/crazyflie/share/crazyflie/environment/path.sh\n'}
[10.695847] (crazyflie) StdoutLine: {'line': b'-- Up-to-date symlink: /home/gowtham/crazyflie_ws/install/crazyflie/share/crazyflie/environment/path.dsv\n'}
[10.700723] (crazyflie) StdoutLine: {'line': b'-- Up-to-date symlink: /home/gowtham/crazyflie_ws/install/crazyflie/share/crazyflie/local_setup.bash\n'}
[10.701042] (crazyflie) StdoutLine: {'line': b'-- Up-to-date symlink: /home/gowtham/crazyflie_ws/install/crazyflie/share/crazyflie/local_setup.sh\n'}
[10.701191] (crazyflie) StdoutLine: {'line': b'-- Up-to-date symlink: /home/gowtham/crazyflie_ws/install/crazyflie/share/crazyflie/local_setup.zsh\n'}
[10.701330] (crazyflie) StdoutLine: {'line': b'-- Up-to-date symlink: /home/gowtham/crazyflie_ws/install/crazyflie/share/crazyflie/local_setup.dsv\n'}
[10.701466] (crazyflie) StdoutLine: {'line': b'-- Symlinking: /home/gowtham/crazyflie_ws/install/crazyflie/share/crazyflie/package.dsv\n'}
[10.720700] (crazyflie_examples) StdoutLine: {'line': b'-- Override CMake install command with custom implementation using symlinks instead of copying resources\n'}
[10.722405] (-) TimerEvent: {}
[10.731697] (crazyflie) StdoutLine: {'line': b'-- Up-to-date symlink: /home/gowtham/crazyflie_ws/install/crazyflie/share/ament_index/resource_index/packages/crazyflie\n'}
[10.732024] (crazyflie) StdoutLine: {'line': b'-- Up-to-date symlink: /home/gowtham/crazyflie_ws/install/crazyflie/share/crazyflie/cmake/crazyflieConfig.cmake\n'}
[10.732180] (crazyflie) StdoutLine: {'line': b'-- Up-to-date symlink: /home/gowtham/crazyflie_ws/install/crazyflie/share/crazyflie/cmake/crazyflieConfig-version.cmake\n'}
[10.732324] (crazyflie) StdoutLine: {'line': b'-- Up-to-date symlink: /home/gowtham/crazyflie_ws/install/crazyflie/share/crazyflie/package.xml\n'}
[10.737497] (crazyflie) CommandEnded: {'returncode': 0}
[10.788948] (crazyflie) JobEnded: {'identifier': 'crazyflie', 'rc': 0}
[10.815713] (crazyflie_sim) StdoutLine: {'line': b'-- Configuring done\n'}
[10.822751] (-) TimerEvent: {}
[10.857716] (crazyflie_sim) StdoutLine: {'line': b'-- Generating done\n'}
[10.888379] (crazyflie_sim) StdoutLine: {'line': b'-- Build files have been written to: /home/gowtham/crazyflie_ws/build/crazyflie_sim\n'}
[10.925760] (crazyflie_sim) CommandEnded: {'returncode': 0}
[10.927152] (-) TimerEvent: {}
[10.928791] (crazyflie_sim) JobProgress: {'identifier': 'crazyflie_sim', 'progress': 'build'}
[10.928903] (crazyflie_sim) Command: {'cmd': ['/usr/bin/cmake', '--build', '/home/gowtham/crazyflie_ws/build/crazyflie_sim', '--', '-j4', '-l4'], 'cwd': '/home/gowtham/crazyflie_ws/build/crazyflie_sim', 'env': OrderedDict([('LESSOPEN', '| /usr/bin/lesspipe %s'), ('LANGUAGE', 'en_IN:en'), ('USER', 'gowtham'), ('XDG_SESSION_TYPE', 'wayland'), ('SHLVL', '1'), ('LD_LIBRARY_PATH', '/home/gowtham/crazyflie_ws/install/crazyflie_interfaces/lib:/home/gowtham/swarm_ws/install/crazyflie_interfaces/lib:/opt/ros/humble/opt/rviz_ogre_vendor/lib:/opt/ros/humble/lib/x86_64-linux-gnu:/opt/ros/humble/lib'), ('HOME', '/home/gowtham'), ('OLDPWD', '/home/gowtham'), ('DESKTOP_SESSION', 'ubuntu'), ('ROS_PYTHON_VERSION', '3'), ('GNOME_SHELL_SESSION_MODE', 'ubuntu'), ('GTK_MODULES', 'gail:atk-bridge'), ('DBUS_STARTER_BUS_TYPE', 'session'), ('SYSTEMD_EXEC_PID', '894'), ('DBUS_SESSION_BUS_ADDRESS', 'unix:path=/run/user/1000/bus,guid=a7d0dcc49fe719d932a354c76a3a5fb6'), ('COLORTERM', 'truecolor'), ('IM_CONFIG_PHASE', '1'), ('WAYLAND_DISPLAY', 'wayland-0'), ('COLCON_PREFIX_PATH', '/home/gowtham/swarm_ws/install'), ('ROS_DISTRO', 'humble'), ('LOGNAME', 'gowtham'), ('_', '/usr/bin/colcon'), ('ROS_VERSION', '2'), ('XDG_SESSION_CLASS', 'user'), ('USERNAME', 'gowtham'), ('TERM', 'xterm-256color'), ('GNOME_DESKTOP_SESSION_ID', 'this-is-deprecated'), ('ROS_LOCALHOST_ONLY', '0'), ('PATH', '/opt/ros/humble/bin:/home/gowtham/.local/bin:/usr/local/sbin:/usr/local/bin:/usr/sbin:/usr/bin:/sbin:/bin:/usr/games:/usr/local/games:/snap/bin:/snap/bin:/home/gowtham/.local/bin'), ('SESSION_MANAGER', 'local/gowtham:@/tmp/.ICE-unix/894,unix/gowtham:/tmp/.ICE-unix/894'), ('XDG_MENU_PREFIX', 'gnome-'), ('GNOME_TERMINAL_SCREEN', '/org/gnome/Terminal/screen/fce09927_7e2d_4956_9fd4_e9a2e1e605f7'), ('GNOME_SETUP_DISPLAY', ':1'), ('XDG_RUNTIME_DIR', '/run/user/1000'), ('DISPLAY', ':0'), ('LANG', 'en_US.UTF-8'), ('XDG_CURRENT_DESKTOP', 'ubuntu:GNOME'), ('XMODIFIERS', '@im=ibus'), ('XDG_SESSION_DESKTOP', 'ubuntu'), ('XAUTHORITY', '/run/user/1000/.mutter-Xwaylandauth.EAJ5Q3'), ('LS_COLORS', 'rs=0:di=01;34:ln=01;36:mh=00:pi=40;33:so=01;35:do=01;35:bd=40;33;01:cd=40;33;01:or=40;31;01:mi=00:su=37;41:sg=30;43:ca=30;41:tw=30;42:ow=34;42:st=37;44:ex=01;32:*.tar=01;31:*.tgz=01;31:*.arc=01;31:*.arj=01;31:*.taz=01;31:*.lha=01;31:*.lz4=01;31:*.lzh=01;31:*.lzma=01;31:*.tlz=01;31:*.txz=01;31:*.tzo=01;31:*.t7z=01;31:*.zip=01;31:*.z=01;31:*.dz=01;31:*.gz=01;31:*.lrz=01;31:*.lz=01;31:*.lzo=01;31:*.xz=01;31:*.zst=01;31:*.tzst=01;31:*.bz2=01;31:*.bz=01;31:*.tbz=01;31:*.tbz2=01;31:*.tz=01;31:*.deb=01;31:*.rpm=01;31:*.jar=01;31:*.war=01;31:*.ear=01;31:*.sar=01;31:*.rar=01;31:*.alz=01;31:*.ace=01;31:*.zoo=01;31:*.cpio=01;31:*.7z=01;31:*.rz=01;31:*.cab=01;31:*.wim=01;31:*.swm=01;31:*.dwm=01;31:*.esd=01;31:*.jpg=01;35:*.jpeg=01;35:*.mjpg=01;35:*.mjpeg=01;35:*.gif=01;35:*.bmp=01;35:*.pbm=01;35:*.pgm=01;35:*.ppm=01;35:*.tga=01;35:*.xbm=01;35:*.xpm=01;35:*.tif=01;35:*.tiff=01;35:*.png=01;35:*.svg=01;35:*.svgz=01;35:*.mng=01;35:*.pcx=01;35:*.mov=01;35:*.mpg=01;35:*.mpeg=01;35:*.m2v=01;35:*.mkv=01;35:*.webm=01;35:*.webp=01;35:*.ogm=01;35:*.mp4=01;35:*.m4v=01;35:*.mp4v=01;35:*.vob=01;35:*.qt=01;35:*.nuv=01;35:*.wmv=01;35:*.asf=01;35:*.rm=01;35:*.rmvb=01;35:*.flc=01;35:*.avi=01;35:*.fli=01;35:*.flv=01;35:*.gl=01;35:*.dl=01;35:*.xcf=01;35:*.xwd=01;35:*.yuv=01;35:*.cgm=01;35:*.emf=01;35:*.ogv=01;35:*.ogx=01;35:*.aac=00;36:*.au=00;36:*.flac=00;36:*.m4a=00;36:*.mid=00;36:*.midi=00;36:*.mka=00;36:*.mp3=00;36:*.mpc=00;36:*.ogg=00;36:*.ra=00;36:*.wav=00;36:*.oga=00;36:*.opus=00;36:*.spx=00;36:*.xspf=00;36:'), ('GNOME_TERMINAL_SERVICE', ':1.233'), ('SSH_AGENT_LAUNCHER', 'gnome-keyring'), ('SSH_AUTH_SOCK', '/run/user/1000/keyring/ssh'), ('AMENT_PREFIX_PATH', '/home/gowtham/crazyflie_ws/install/crazyflie_interfaces:/home/gowtham/swarm_ws/install/guidance_layer:/home/gowtham/swarm_ws/install/crazyflie_sim:/home/gowtham/swarm_ws/install/crazyflie_examples:/home/gowtham/swarm_ws/install/crazyflie_py:/home/gowtham/swarm_ws/install/crazyflie:/home/gowtham/swarm_ws/install/crazyflie_interfaces:/home/gowtham/swarm_ws/install/control_layer:/home/gowtham/swarm_ws/install/consensus_controller:/opt/ros/humble'), ('SHELL', '/bin/bash'), ('QT_ACCESSIBILITY', '1'), ('GDMSESSION', 'ubuntu'), ('LESSCLOSE', '/usr/bin/lesspipe %s %s'), ('QT_IM_MODULE', 'ibus'), ('PWD', '/home/gowtham/crazyflie_ws/build/crazyflie_sim'), ('LC_ALL', 'en_US.UTF-8'), ('XDG_CONFIG_DIRS', '/etc/xdg/xdg-ubuntu:/etc/xdg'), ('DBUS_STARTER_ADDRESS', 'unix:path=/run/user/1000/bus,guid=a7d0dcc49fe719d932a354c76a3a5fb6'), ('XDG_DATA_DIRS', '/usr/share/ubuntu:/usr/local/share/:/usr/share/:/var/lib/snapd/desktop'), ('PYTHONPATH', '/home/gowtham/crazyflie_ws/install/crazyflie_interfaces/local/lib/python3.10/dist-packages:/home/gowtham/crazyflie-firmware/build:/home/gowtham/crazyflie-firmware/build:/home/gowtham/swarm_ws/install/guidance_layer/lib/python3.10/site-packages:/home/gowtham/swarm_ws/install/crazyflie_sim/local/lib/python3.10/dist-packages:/home/gowtham/swarm_ws/install/crazyflie_examples/local/lib/python3.10/dist-packages:/home/gowtham/swarm_ws/install/crazyflie_py/lib/python3.10/site-packages:/home/gowtham/swarm_ws/install/crazyflie_interfaces/local/lib/python3.10/dist-packages:/home/gowtham/swarm_ws/install/control_layer/lib/python3.10/site-packages:/home/gowtham/swarm_ws/install/consensus_controller/lib/python3.10/site-packages:/opt/ros/humble/lib/python3.10/site-packages:/opt/ros/humble/local/lib/python3.10/dist-packages'), ('COLCON', '1'), ('VTE_VERSION', '6800'), ('CMAKE_PREFIX_PATH', '/home/gowtham/crazyflie_ws/install/crazyflie_interfaces:/home/gowtham/swarm_ws/install/crazyflie_sim:/home/gowtham/swarm_ws/install/crazyflie_examples:/home/gowtham/swarm_ws/install/crazyflie:/home/gowtham/swarm_ws/install/crazyflie_interfaces:/home/gowtham/swarm_ws/install/guidance_layer:/home/gowtham/swarm_ws/install/crazyflie_py:/home/gowtham/swarm_ws/install/control_layer:/home/gowtham/swarm_ws/install/consensus_controller:/opt/ros/humble')]), 'shell': False}
[11.032358] (-) TimerEvent: {}
[11.132807] (-) TimerEvent: {}
[11.210744] (crazyflie_examples) StdoutLine: {'line': b'-- Found ament_cmake_pytest: 1.3.14 (/opt/ros/humble/share/ament_cmake_pytest/cmake)\n'}
[11.236738] (-) TimerEvent: {}
[11.243930] (crazyflie_sim) StdoutLine: {'line': b'Built target ament_cmake_python_symlink_crazyflie_sim\n'}
[11.255247] (crazyflie_sim) StdoutLine: {'line': b'Built target ament_cmake_python_symlink_crazyflie_sim_setup\n'}
[11.339718] (-) TimerEvent: {}
[11.440261] (-) TimerEvent: {}
[11.542753] (-) TimerEvent: {}
[11.645721] (-) TimerEvent: {}
[11.746136] (-) TimerEvent: {}
[11.847727] (-) TimerEvent: {}
[11.949723] (-) TimerEvent: {}
[12.052725] (-) TimerEvent: {}
[12.155715] (-) TimerEvent: {}
[12.225744] (crazyflie_sim) StdoutLine: {'line': b'running install_scripts\n'}
[12.232820] (crazyflie_sim) StderrLine: {'line': b'/usr/lib/python3/dist-packages/setuptools/command/install.py:34: SetuptoolsDeprecationWarning: setup.py install is deprecated. Use build and pip and other standards-based tools.\n'}
[12.233380] (crazyflie_sim) StderrLine: {'line': b'  warnings.warn(\n'}
[12.237214] (crazyflie_sim) StdoutLine: {'line': b'running egg_info\n'}
[12.240350] (crazyflie_sim) StdoutLine: {'line': b'writing crazyflie_sim.egg-info/PKG-INFO\n'}
[12.242427] (crazyflie_sim) StdoutLine: {'line': b'writing dependency_links to crazyflie_sim.egg-info/dependency_links.txt\n'}
[12.243837] (crazyflie_sim) StdoutLine: {'line': b'writing entry points to crazyflie_sim.egg-info/entry_points.txt\n'}
[12.245712] (crazyflie_sim) StdoutLine: {'line': b'writing top-level names to crazyflie_sim.egg-info/top_level.txt\n'}
[12.255836] (-) TimerEvent: {}
[12.256394] (crazyflie_sim) StdoutLine: {'line': b"reading manifest file 'crazyflie_sim.egg-info/SOURCES.txt'\n"}
[12.258001] (crazyflie_sim) StdoutLine: {'line': b"writing manifest file 'crazyflie_sim.egg-info/SOURCES.txt'\n"}
[12.312812] (crazyflie_sim) StdoutLine: {'line': b'running egg_info\n'}
[12.318444] (crazyflie_sim) StdoutLine: {'line': b'writing crazyflie_sim.egg-info/PKG-INFO\n'}
[12.318820] (crazyflie_sim) StdoutLine: {'line': b'writing dependency_links to crazyflie_sim.egg-info/dependency_links.txt\n'}
[12.319003] (crazyflie_sim) StdoutLine: {'line': b'writing entry points to crazyflie_sim.egg-info/entry_points.txt\n'}
[12.319159] (crazyflie_sim) StdoutLine: {'line': b'writing top-level names to crazyflie_sim.egg-info/top_level.txt\n'}
[12.323721] (crazyflie_sim) StdoutLine: {'line': b"reading manifest file 'crazyflie_sim.egg-info/SOURCES.txt'\n"}
[12.325042] (crazyflie_sim) StdoutLine: {'line': b"writing manifest file 'crazyflie_sim.egg-info/SOURCES.txt'\n"}
[12.330940] (crazyflie_sim) StdoutLine: {'line': b'Installing crazyflie_server script to scripts\n'}
[12.355964] (-) TimerEvent: {}
[12.363711] (crazyflie_sim) StdoutLine: {'line': b'Built target ament_cmake_python_build_crazyflie_sim_egg\n'}
[12.425525] (crazyflie_sim) StdoutLine: {'line': b'Built target ament_cmake_python_build_crazyflie_sim_scripts\n'}
[12.451611] (crazyflie_sim) CommandEnded: {'returncode': 0}
[12.456004] (-) TimerEvent: {}
[12.456631] (crazyflie_sim) JobProgress: {'identifier': 'crazyflie_sim', 'progress': 'install'}
[12.456736] (crazyflie_sim) Command: {'cmd': ['/usr/bin/cmake', '--install', '/home/gowtham/crazyflie_ws/build/crazyflie_sim'], 'cwd': '/home/gowtham/crazyflie_ws/build/crazyflie_sim', 'env': OrderedDict([('LESSOPEN', '| /usr/bin/lesspipe %s'), ('LANGUAGE', 'en_IN:en'), ('USER', 'gowtham'), ('XDG_SESSION_TYPE', 'wayland'), ('SHLVL', '1'), ('LD_LIBRARY_PATH', '/home/gowtham/crazyflie_ws/install/crazyflie_interfaces/lib:/home/gowtham/swarm_ws/install/crazyflie_interfaces/lib:/opt/ros/humble/opt/rviz_ogre_vendor/lib:/opt/ros/humble/lib/x86_64-linux-gnu:/opt/ros/humble/lib'), ('HOME', '/home/gowtham'), ('OLDPWD', '/home/gowtham'), ('DESKTOP_SESSION', 'ubuntu'), ('ROS_PYTHON_VERSION', '3'), ('GNOME_SHELL_SESSION_MODE', 'ubuntu'), ('GTK_MODULES', 'gail:atk-bridge'), ('DBUS_STARTER_BUS_TYPE', 'session'), ('SYSTEMD_EXEC_PID', '894'), ('DBUS_SESSION_BUS_ADDRESS', 'unix:path=/run/user/1000/bus,guid=a7d0dcc49fe719d932a354c76a3a5fb6'), ('COLORTERM', 'truecolor'), ('IM_CONFIG_PHASE', '1'), ('WAYLAND_DISPLAY', 'wayland-0'), ('COLCON_PREFIX_PATH', '/home/gowtham/swarm_ws/install'), ('ROS_DISTRO', 'humble'), ('LOGNAME', 'gowtham'), ('_', '/usr/bin/colcon'), ('ROS_VERSION', '2'), ('XDG_SESSION_CLASS', 'user'), ('USERNAME', 'gowtham'), ('TERM', 'xterm-256color'), ('GNOME_DESKTOP_SESSION_ID', 'this-is-deprecated'), ('ROS_LOCALHOST_ONLY', '0'), ('PATH', '/opt/ros/humble/bin:/home/gowtham/.local/bin:/usr/local/sbin:/usr/local/bin:/usr/sbin:/usr/bin:/sbin:/bin:/usr/games:/usr/local/games:/snap/bin:/snap/bin:/home/gowtham/.local/bin'), ('SESSION_MANAGER', 'local/gowtham:@/tmp/.ICE-unix/894,unix/gowtham:/tmp/.ICE-unix/894'), ('XDG_MENU_PREFIX', 'gnome-'), ('GNOME_TERMINAL_SCREEN', '/org/gnome/Terminal/screen/fce09927_7e2d_4956_9fd4_e9a2e1e605f7'), ('GNOME_SETUP_DISPLAY', ':1'), ('XDG_RUNTIME_DIR', '/run/user/1000'), ('DISPLAY', ':0'), ('LANG', 'en_US.UTF-8'), ('XDG_CURRENT_DESKTOP', 'ubuntu:GNOME'), ('XMODIFIERS', '@im=ibus'), ('XDG_SESSION_DESKTOP', 'ubuntu'), ('XAUTHORITY', '/run/user/1000/.mutter-Xwaylandauth.EAJ5Q3'), ('LS_COLORS', 'rs=0:di=01;34:ln=01;36:mh=00:pi=40;33:so=01;35:do=01;35:bd=40;33;01:cd=40;33;01:or=40;31;01:mi=00:su=37;41:sg=30;43:ca=30;41:tw=30;42:ow=34;42:st=37;44:ex=01;32:*.tar=01;31:*.tgz=01;31:*.arc=01;31:*.arj=01;31:*.taz=01;31:*.lha=01;31:*.lz4=01;31:*.lzh=01;31:*.lzma=01;31:*.tlz=01;31:*.txz=01;31:*.tzo=01;31:*.t7z=01;31:*.zip=01;31:*.z=01;31:*.dz=01;31:*.gz=01;31:*.lrz=01;31:*.lz=01;31:*.lzo=01;31:*.xz=01;31:*.zst=01;31:*.tzst=01;31:*.bz2=01;31:*.bz=01;31:*.tbz=01;31:*.tbz2=01;31:*.tz=01;31:*.deb=01;31:*.rpm=01;31:*.jar=01;31:*.war=01;31:*.ear=01;31:*.sar=01;31:*.rar=01;31:*.alz=01;31:*.ace=01;31:*.zoo=01;31:*.cpio=01;31:*.7z=01;31:*.rz=01;31:*.cab=01;31:*.wim=01;31:*.swm=01;31:*.dwm=01;31:*.esd=01;31:*.jpg=01;35:*.jpeg=01;35:*.mjpg=01;35:*.mjpeg=01;35:*.gif=01;35:*.bmp=01;35:*.pbm=01;35:*.pgm=01;35:*.ppm=01;35:*.tga=01;35:*.xbm=01;35:*.xpm=01;35:*.tif=01;35:*.tiff=01;35:*.png=01;35:*.svg=01;35:*.svgz=01;35:*.mng=01;35:*.pcx=01;35:*.mov=01;35:*.mpg=01;35:*.mpeg=01;35:*.m2v=01;35:*.mkv=01;35:*.webm=01;35:*.webp=01;35:*.ogm=01;35:*.mp4=01;35:*.m4v=01;35:*.mp4v=01;35:*.vob=01;35:*.qt=01;35:*.nuv=01;35:*.wmv=01;35:*.asf=01;35:*.rm=01;35:*.rmvb=01;35:*.flc=01;35:*.avi=01;35:*.fli=01;35:*.flv=01;35:*.gl=01;35:*.dl=01;35:*.xcf=01;35:*.xwd=01;35:*.yuv=01;35:*.cgm=01;35:*.emf=01;35:*.ogv=01;35:*.ogx=01;35:*.aac=00;36:*.au=00;36:*.flac=00;36:*.m4a=00;36:*.mid=00;36:*.midi=00;36:*.mka=00;36:*.mp3=00;36:*.mpc=00;36:*.ogg=00;36:*.ra=00;36:*.wav=00;36:*.oga=00;36:*.opus=00;36:*.spx=00;36:*.xspf=00;36:'), ('GNOME_TERMINAL_SERVICE', ':1.233'), ('SSH_AGENT_LAUNCHER', 'gnome-keyring'), ('SSH_AUTH_SOCK', '/run/user/1000/keyring/ssh'), ('AMENT_PREFIX_PATH', '/home/gowtham/crazyflie_ws/install/crazyflie_interfaces:/home/gowtham/swarm_ws/install/guidance_layer:/home/gowtham/swarm_ws/install/crazyflie_sim:/home/gowtham/swarm_ws/install/crazyflie_examples:/home/gowtham/swarm_ws/install/crazyflie_py:/home/gowtham/swarm_ws/install/crazyflie:/home/gowtham/swarm_ws/install/crazyflie_interfaces:/home/gowtham/swarm_ws/install/control_layer:/home/gowtham/swarm_ws/install/consensus_controller:/opt/ros/humble'), ('SHELL', '/bin/bash'), ('QT_ACCESSIBILITY', '1'), ('GDMSESSION', 'ubuntu'), ('LESSCLOSE', '/usr/bin/lesspipe %s %s'), ('QT_IM_MODULE', 'ibus'), ('PWD', '/home/gowtham/crazyflie_ws/build/crazyflie_sim'), ('LC_ALL', 'en_US.UTF-8'), ('XDG_CONFIG_DIRS', '/etc/xdg/xdg-ubuntu:/etc/xdg'), ('DBUS_STARTER_ADDRESS', 'unix:path=/run/user/1000/bus,guid=a7d0dcc49fe719d932a354c76a3a5fb6'), ('XDG_DATA_DIRS', '/usr/share/ubuntu:/usr/local/share/:/usr/share/:/var/lib/snapd/desktop'), ('PYTHONPATH', '/home/gowtham/crazyflie_ws/install/crazyflie_interfaces/local/lib/python3.10/dist-packages:/home/gowtham/crazyflie-firmware/build:/home/gowtham/crazyflie-firmware/build:/home/gowtham/swarm_ws/install/guidance_layer/lib/python3.10/site-packages:/home/gowtham/swarm_ws/install/crazyflie_sim/local/lib/python3.10/dist-packages:/home/gowtham/swarm_ws/install/crazyflie_examples/local/lib/python3.10/dist-packages:/home/gowtham/swarm_ws/install/crazyflie_py/lib/python3.10/site-packages:/home/gowtham/swarm_ws/install/crazyflie_interfaces/local/lib/python3.10/dist-packages:/home/gowtham/swarm_ws/install/control_layer/lib/python3.10/site-packages:/home/gowtham/swarm_ws/install/consensus_controller/lib/python3.10/site-packages:/opt/ros/humble/lib/python3.10/site-packages:/opt/ros/humble/local/lib/python3.10/dist-packages'), ('COLCON', '1'), ('VTE_VERSION', '6800'), ('CMAKE_PREFIX_PATH', '/home/gowtham/crazyflie_ws/install/crazyflie_interfaces:/home/gowtham/swarm_ws/install/crazyflie_sim:/home/gowtham/swarm_ws/install/crazyflie_examples:/home/gowtham/swarm_ws/install/crazyflie:/home/gowtham/swarm_ws/install/crazyflie_interfaces:/home/gowtham/swarm_ws/install/guidance_layer:/home/gowtham/swarm_ws/install/crazyflie_py:/home/gowtham/swarm_ws/install/control_layer:/home/gowtham/swarm_ws/install/consensus_controller:/opt/ros/humble')]), 'shell': False}
[12.480915] (crazyflie_sim) StdoutLine: {'line': b'-- Install configuration: ""\n'}
[12.481333] (crazyflie_sim) StdoutLine: {'line': b'-- Execute custom install script\n'}
[12.481589] (crazyflie_sim) StdoutLine: {'line': b'-- Up-to-date symlink: /home/gowtham/crazyflie_ws/install/crazyflie_sim/share/crazyflie_sim/environment/pythonpath.sh\n'}
[12.481839] (crazyflie_sim) StdoutLine: {'line': b'-- Up-to-date symlink: /home/gowtham/crazyflie_ws/install/crazyflie_sim/share/crazyflie_sim/environment/pythonpath.dsv\n'}
[12.482062] (crazyflie_sim) StdoutLine: {'line': b'-- Up-to-date symlink: /home/gowtham/crazyflie_ws/install/crazyflie_sim/local/lib/python3.10/dist-packages/crazyflie_sim-1.0.3-py3.10.egg-info/PKG-INFO\n'}
[12.486160] (crazyflie_sim) StdoutLine: {'line': b'-- Up-to-date symlink: /home/gowtham/crazyflie_ws/install/crazyflie_sim/local/lib/python3.10/dist-packages/crazyflie_sim-1.0.3-py3.10.egg-info/SOURCES.txt\n'}
[12.486426] (crazyflie_sim) StdoutLine: {'line': b'-- Up-to-date symlink: /home/gowtham/crazyflie_ws/install/crazyflie_sim/local/lib/python3.10/dist-packages/crazyflie_sim-1.0.3-py3.10.egg-info/dependency_links.txt\n'}
[12.486628] (crazyflie_sim) StdoutLine: {'line': b'-- Up-to-date symlink: /home/gowtham/crazyflie_ws/install/crazyflie_sim/local/lib/python3.10/dist-packages/crazyflie_sim-1.0.3-py3.10.egg-info/entry_points.txt\n'}
[12.486856] (crazyflie_sim) StdoutLine: {'line': b'-- Up-to-date symlink: /home/gowtham/crazyflie_ws/install/crazyflie_sim/local/lib/python3.10/dist-packages/crazyflie_sim-1.0.3-py3.10.egg-info/top_level.txt\n'}
[12.489726] (crazyflie_sim) StdoutLine: {'line': b'-- Up-to-date symlink: /home/gowtham/crazyflie_ws/install/crazyflie_sim/lib/crazyflie_sim//crazyflie_server\n'}
[12.495263] (crazyflie_sim) StdoutLine: {'line': b'-- Up-to-date symlink: /home/gowtham/crazyflie_ws/install/crazyflie_sim/local/lib/python3.10/dist-packages/crazyflie_sim/__init__.py\n'}
[12.496626] (crazyflie_sim) StdoutLine: {'line': b'-- Up-to-date symlink: /home/gowtham/crazyflie_ws/install/crazyflie_sim/local/lib/python3.10/dist-packages/crazyflie_sim/backend/data/dynobench/crazyflie2.yaml\n'}
[12.497847] (crazyflie_sim) StdoutLine: {'line': b'-- Up-to-date symlink: /home/gowtham/crazyflie_ws/install/crazyflie_sim/local/lib/python3.10/dist-packages/crazyflie_sim/backend/data/neuralswarm2/phi_G.pth\n'}
[12.498737] (crazyflie_sim) StdoutLine: {'line': b'-- Up-to-date symlink: /home/gowtham/crazyflie_ws/install/crazyflie_sim/local/lib/python3.10/dist-packages/crazyflie_sim/backend/data/neuralswarm2/phi_L.pth\n'}
[12.499855] (crazyflie_sim) StdoutLine: {'line': b'-- Up-to-date symlink: /home/gowtham/crazyflie_ws/install/crazyflie_sim/local/lib/python3.10/dist-packages/crazyflie_sim/backend/data/neuralswarm2/phi_S.pth\n'}
[12.501083] (crazyflie_sim) StdoutLine: {'line': b'-- Up-to-date symlink: /home/gowtham/crazyflie_ws/install/crazyflie_sim/local/lib/python3.10/dist-packages/crazyflie_sim/backend/data/neuralswarm2/rho_L.pth\n'}
[12.503014] (crazyflie_sim) StdoutLine: {'line': b'-- Up-to-date symlink: /home/gowtham/crazyflie_ws/install/crazyflie_sim/local/lib/python3.10/dist-packages/crazyflie_sim/backend/data/neuralswarm2/rho_S.pth\n'}
[12.503749] (crazyflie_sim) StdoutLine: {'line': b'-- Up-to-date symlink: /home/gowtham/crazyflie_ws/install/crazyflie_sim/local/lib/python3.10/dist-packages/crazyflie_sim/backend/data/pinocchio/crazyflie2.urdf\n'}
[12.504838] (crazyflie_sim) StdoutLine: {'line': b'-- Up-to-date symlink: /home/gowtham/crazyflie_ws/install/crazyflie_sim/local/lib/python3.10/dist-packages/crazyflie_sim/backend/dynobench.py\n'}
[12.506069] (crazyflie_sim) StdoutLine: {'line': b'-- Up-to-date symlink: /home/gowtham/crazyflie_ws/install/crazyflie_sim/local/lib/python3.10/dist-packages/crazyflie_sim/backend/neuralswarm.py\n'}
[12.507822] (crazyflie_sim) StdoutLine: {'line': b'-- Up-to-date symlink: /home/gowtham/crazyflie_ws/install/crazyflie_sim/local/lib/python3.10/dist-packages/crazyflie_sim/backend/none.py\n'}
[12.508896] (crazyflie_sim) StdoutLine: {'line': b'-- Up-to-date symlink: /home/gowtham/crazyflie_ws/install/crazyflie_sim/local/lib/python3.10/dist-packages/crazyflie_sim/backend/np.py\n'}
[12.510630] (crazyflie_sim) StdoutLine: {'line': b'-- Up-to-date symlink: /home/gowtham/crazyflie_ws/install/crazyflie_sim/local/lib/python3.10/dist-packages/crazyflie_sim/backend/pinocchio.py\n'}
[12.512069] (crazyflie_sim) StdoutLine: {'line': b'-- Up-to-date symlink: /home/gowtham/crazyflie_ws/install/crazyflie_sim/local/lib/python3.10/dist-packages/crazyflie_sim/crazyflie_server.py\n'}
[12.512972] (crazyflie_sim) StdoutLine: {'line': b'-- Up-to-date symlink: /home/gowtham/crazyflie_ws/install/crazyflie_sim/local/lib/python3.10/dist-packages/crazyflie_sim/crazyflie_sil.py\n'}
[12.514284] (crazyflie_sim) StdoutLine: {'line': b'-- Up-to-date symlink: /home/gowtham/crazyflie_ws/install/crazyflie_sim/local/lib/python3.10/dist-packages/crazyflie_sim/sim_data_types.py\n'}
[12.515136] (crazyflie_sim) StdoutLine: {'line': b'-- Up-to-date symlink: /home/gowtham/crazyflie_ws/install/crazyflie_sim/local/lib/python3.10/dist-packages/crazyflie_sim/visualization/README.md\n'}
[12.516102] (crazyflie_sim) StdoutLine: {'line': b'-- Up-to-date symlink: /home/gowtham/crazyflie_ws/install/crazyflie_sim/local/lib/python3.10/dist-packages/crazyflie_sim/visualization/blender.py\n'}
[12.517576] (crazyflie_sim) StdoutLine: {'line': b'-- Up-to-date symlink: /home/gowtham/crazyflie_ws/install/crazyflie_sim/local/lib/python3.10/dist-packages/crazyflie_sim/visualization/data/README.md\n'}
[12.518543] (crazyflie_sim) StdoutLine: {'line': b'-- Up-to-date symlink: /home/gowtham/crazyflie_ws/install/crazyflie_sim/local/lib/python3.10/dist-packages/crazyflie_sim/visualization/data/env/abandoned_greenhouse.jpg\n'}
[12.519880] (crazyflie_sim) StdoutLine: {'line': b'-- Up-to-date symlink: /home/gowtham/crazyflie_ws/install/crazyflie_sim/local/lib/python3.10/dist-packages/crazyflie_sim/visualization/data/env/aerodynamics_workshop.jpg\n'}
[12.520770] (crazyflie_sim) StdoutLine: {'line': b'-- Up-to-date symlink: /home/gowtham/crazyflie_ws/install/crazyflie_sim/local/lib/python3.10/dist-packages/crazyflie_sim/visualization/data/env/aviation_museum.jpg\n'}
[12.522111] (crazyflie_sim) StdoutLine: {'line': b'-- Up-to-date symlink: /home/gowtham/crazyflie_ws/install/crazyflie_sim/local/lib/python3.10/dist-packages/crazyflie_sim/visualization/data/env/crosswalk.jpg\n'}
[12.523853] (crazyflie_sim) StdoutLine: {'line': b'-- Up-to-date symlink: /home/gowtham/crazyflie_ws/install/crazyflie_sim/local/lib/python3.10/dist-packages/crazyflie_sim/visualization/data/env/derelict_overpass.jpg\n'}
[12.524460] (crazyflie_sim) StdoutLine: {'line': b'-- Up-to-date symlink: /home/gowtham/crazyflie_ws/install/crazyflie_sim/local/lib/python3.10/dist-packages/crazyflie_sim/visualization/data/env/env.jpg\n'}
[12.528121] (crazyflie_sim) StdoutLine: {'line': b'-- Up-to-date symlink: /home/gowtham/crazyflie_ws/install/crazyflie_sim/local/lib/python3.10/dist-packages/crazyflie_sim/visualization/data/env/lago_disola.jpg\n'}
[12.528976] (crazyflie_sim) StdoutLine: {'line': b'-- Up-to-date symlink: /home/gowtham/crazyflie_ws/install/crazyflie_sim/local/lib/python3.10/dist-packages/crazyflie_sim/visualization/data/env/lake_pier.jpg\n'}
[12.529548] (crazyflie_sim) StdoutLine: {'line': b'-- Up-to-date symlink: /home/gowtham/crazyflie_ws/install/crazyflie_sim/local/lib/python3.10/dist-packages/crazyflie_sim/visualization/data/env/machine_shop.jpg\n'}
[12.529728] (crazyflie_sim) StdoutLine: {'line': b'-- Up-to-date symlink: /home/gowtham/crazyflie_ws/install/crazyflie_sim/local/lib/python3.10/dist-packages/crazyflie_sim/visualization/data/env/museumplein.jpg\n'}
[12.529883] (crazyflie_sim) StdoutLine: {'line': b'-- Up-to-date symlink: /home/gowtham/crazyflie_ws/install/crazyflie_sim/local/lib/python3.10/dist-packages/crazyflie_sim/visualization/data/env/peppermint_powerplant.jpg\n'}
[12.530019] (crazyflie_sim) StdoutLine: {'line': b'-- Up-to-date symlink: /home/gowtham/crazyflie_ws/install/crazyflie_sim/local/lib/python3.10/dist-packages/crazyflie_sim/visualization/data/env/studio_garden.jpg\n'}
[12.530182] (crazyflie_sim) StdoutLine: {'line': b'-- Up-to-date symlink: /home/gowtham/crazyflie_ws/install/crazyflie_sim/local/lib/python3.10/dist-packages/crazyflie_sim/visualization/data/model/cf.mtl\n'}
[12.533709] (crazyflie_sim) StdoutLine: {'line': b'-- Up-to-date symlink: /home/gowtham/crazyflie_ws/install/crazyflie_sim/local/lib/python3.10/dist-packages/crazyflie_sim/visualization/data/model/cf.obj\n'}
[12.535302] (crazyflie_sim) StdoutLine: {'line': b'-- Up-to-date symlink: /home/gowtham/crazyflie_ws/install/crazyflie_sim/local/lib/python3.10/dist-packages/crazyflie_sim/visualization/pdf.py\n'}
[12.535653] (crazyflie_sim) StdoutLine: {'line': b'-- Up-to-date symlink: /home/gowtham/crazyflie_ws/install/crazyflie_sim/local/lib/python3.10/dist-packages/crazyflie_sim/visualization/record_states.py\n'}
[12.535827] (crazyflie_sim) StdoutLine: {'line': b'-- Up-to-date symlink: /home/gowtham/crazyflie_ws/install/crazyflie_sim/local/lib/python3.10/dist-packages/crazyflie_sim/visualization/rviz.py\n'}
[12.535969] (crazyflie_sim) StdoutLine: {'line': b'-- Up-to-date symlink: /home/gowtham/crazyflie_ws/install/crazyflie_sim/share/ament_index/resource_index/package_run_dependencies/crazyflie_sim\n'}
[12.536142] (crazyflie_sim) StdoutLine: {'line': b'-- Up-to-date symlink: /home/gowtham/crazyflie_ws/install/crazyflie_sim/share/ament_index/resource_index/parent_prefix_path/crazyflie_sim\n'}
[12.536286] (crazyflie_sim) StdoutLine: {'line': b'-- Up-to-date symlink: /home/gowtham/crazyflie_ws/install/crazyflie_sim/share/crazyflie_sim/environment/ament_prefix_path.sh\n'}
[12.538826] (crazyflie_sim) StdoutLine: {'line': b'-- Up-to-date symlink: /home/gowtham/crazyflie_ws/install/crazyflie_sim/share/crazyflie_sim/environment/ament_prefix_path.dsv\n'}
[12.539428] (crazyflie_sim) StdoutLine: {'line': b'-- Up-to-date symlink: /home/gowtham/crazyflie_ws/install/crazyflie_sim/share/crazyflie_sim/environment/path.sh\n'}
[12.539943] (crazyflie_sim) StdoutLine: {'line': b'-- Up-to-date symlink: /home/gowtham/crazyflie_ws/install/crazyflie_sim/share/crazyflie_sim/environment/path.dsv\n'}
[12.540496] (crazyflie_sim) StdoutLine: {'line': b'-- Up-to-date symlink: /home/gowtham/crazyflie_ws/install/crazyflie_sim/share/crazyflie_sim/local_setup.bash\n'}
[12.540679] (crazyflie_sim) StdoutLine: {'line': b'-- Up-to-date symlink: /home/gowtham/crazyflie_ws/install/crazyflie_sim/share/crazyflie_sim/local_setup.sh\n'}
[12.541849] (crazyflie_sim) StdoutLine: {'line': b'-- Up-to-date symlink: /home/gowtham/crazyflie_ws/install/crazyflie_sim/share/crazyflie_sim/local_setup.zsh\n'}
[12.542145] (crazyflie_sim) StdoutLine: {'line': b'-- Up-to-date symlink: /home/gowtham/crazyflie_ws/install/crazyflie_sim/share/crazyflie_sim/local_setup.dsv\n'}
[12.542304] (crazyflie_sim) StdoutLine: {'line': b'-- Symlinking: /home/gowtham/crazyflie_ws/install/crazyflie_sim/share/crazyflie_sim/package.dsv\n'}
[12.558729] (-) TimerEvent: {}
[12.560507] (crazyflie_examples) StderrLine: {'line': b'\x1b[33mCMake Warning at /opt/ros/humble/share/ament_cmake_pytest/cmake/ament_add_pytest_test.cmake:79 (message):\n'}
[12.560865] (crazyflie_examples) StderrLine: {'line': b"  The Python module 'pytest' was not found, pytests cannot be run.  On Linux,\n"}
[12.561022] (crazyflie_examples) StderrLine: {'line': b"  install the 'python3-pytest' package.  On other platforms, install 'pytest'\n"}
[12.561163] (crazyflie_examples) StderrLine: {'line': b'  using pip.\n'}
[12.561304] (crazyflie_examples) StderrLine: {'line': b'Call Stack (most recent call first):\n'}
[12.561444] (crazyflie_examples) StderrLine: {'line': b'  CMakeLists.txt:27 (ament_add_pytest_test)\n'}
[12.561583] (crazyflie_examples) StderrLine: {'line': b'\n'}
[12.563102] (crazyflie_examples) StderrLine: {'line': b'\x1b[0m\n'}
[12.569727] (crazyflie_sim) StdoutLine: {'line': b'-- Up-to-date symlink: /home/gowtham/crazyflie_ws/install/crazyflie_sim/share/ament_index/resource_index/packages/crazyflie_sim\n'}
[12.570055] (crazyflie_sim) StdoutLine: {'line': b'-- Up-to-date symlink: /home/gowtham/crazyflie_ws/install/crazyflie_sim/share/crazyflie_sim/cmake/crazyflie_simConfig.cmake\n'}
[12.570198] (crazyflie_sim) StdoutLine: {'line': b'-- Up-to-date symlink: /home/gowtham/crazyflie_ws/install/crazyflie_sim/share/crazyflie_sim/cmake/crazyflie_simConfig-version.cmake\n'}
[12.570356] (crazyflie_sim) StdoutLine: {'line': b'-- Up-to-date symlink: /home/gowtham/crazyflie_ws/install/crazyflie_sim/share/crazyflie_sim/package.xml\n'}
[12.648570] (crazyflie_sim) StdoutLine: {'line': b"Listing '/home/gowtham/crazyflie_ws/install/crazyflie_sim/local/lib/python3.10/dist-packages/crazyflie_sim'...\n"}
[12.648916] (crazyflie_sim) StdoutLine: {'line': b"Listing '/home/gowtham/crazyflie_ws/install/crazyflie_sim/local/lib/python3.10/dist-packages/crazyflie_sim/backend'...\n"}
[12.649093] (crazyflie_sim) StdoutLine: {'line': b"Listing '/home/gowtham/crazyflie_ws/install/crazyflie_sim/local/lib/python3.10/dist-packages/crazyflie_sim/backend/data'...\n"}
[12.649237] (crazyflie_sim) StdoutLine: {'line': b"Listing '/home/gowtham/crazyflie_ws/install/crazyflie_sim/local/lib/python3.10/dist-packages/crazyflie_sim/backend/data/dynobench'...\n"}
[12.649388] (crazyflie_sim) StdoutLine: {'line': b"Listing '/home/gowtham/crazyflie_ws/install/crazyflie_sim/local/lib/python3.10/dist-packages/crazyflie_sim/backend/data/neuralswarm2'...\n"}
[12.649550] (crazyflie_sim) StdoutLine: {'line': b"Listing '/home/gowtham/crazyflie_ws/install/crazyflie_sim/local/lib/python3.10/dist-packages/crazyflie_sim/backend/data/pinocchio'...\n"}
[12.649755] (crazyflie_sim) StdoutLine: {'line': b"Listing '/home/gowtham/crazyflie_ws/install/crazyflie_sim/local/lib/python3.10/dist-packages/crazyflie_sim/visualization'...\n"}
[12.649901] (crazyflie_sim) StdoutLine: {'line': b"Listing '/home/gowtham/crazyflie_ws/install/crazyflie_sim/local/lib/python3.10/dist-packages/crazyflie_sim/visualization/data'...\n"}
[12.650053] (crazyflie_sim) StdoutLine: {'line': b"Listing '/home/gowtham/crazyflie_ws/install/crazyflie_sim/local/lib/python3.10/dist-packages/crazyflie_sim/visualization/data/env'...\n"}
[12.650180] (crazyflie_sim) StdoutLine: {'line': b"Listing '/home/gowtham/crazyflie_ws/install/crazyflie_sim/local/lib/python3.10/dist-packages/crazyflie_sim/visualization/data/model'...\n"}
[12.658834] (-) TimerEvent: {}
[12.663930] (crazyflie_sim) CommandEnded: {'returncode': 0}
[12.726631] (crazyflie_sim) JobEnded: {'identifier': 'crazyflie_sim', 'rc': 0}
[12.758957] (-) TimerEvent: {}
[12.859522] (-) TimerEvent: {}
[12.960158] (-) TimerEvent: {}
[13.061727] (-) TimerEvent: {}
[13.162710] (-) TimerEvent: {}
[13.263105] (-) TimerEvent: {}
[13.297627] (crazyflie_examples) StderrLine: {'line': b'\x1b[33mCMake Warning at /opt/ros/humble/share/ament_cmake_pytest/cmake/ament_add_pytest_test.cmake:79 (message):\n'}
[13.297963] (crazyflie_examples) StderrLine: {'line': b"  The Python module 'pytest' was not found, pytests cannot be run.  On Linux,\n"}
[13.298105] (crazyflie_examples) StderrLine: {'line': b"  install the 'python3-pytest' package.  On other platforms, install 'pytest'\n"}
[13.298231] (crazyflie_examples) StderrLine: {'line': b'  using pip.\n'}
[13.298366] (crazyflie_examples) StderrLine: {'line': b'Call Stack (most recent call first):\n'}
[13.298485] (crazyflie_examples) StderrLine: {'line': b'  CMakeLists.txt:27 (ament_add_pytest_test)\n'}
[13.298601] (crazyflie_examples) StderrLine: {'line': b'\n'}
[13.298747] (crazyflie_examples) StderrLine: {'line': b'\x1b[0m\n'}
[13.363726] (-) TimerEvent: {}
[13.464085] (-) TimerEvent: {}
[13.518035] (crazyflie_examples) StdoutLine: {'line': b'-- Configuring done\n'}
[13.528114] (crazyflie_examples) StdoutLine: {'line': b'-- Generating done\n'}
[13.535821] (crazyflie_examples) StdoutLine: {'line': b'-- Build files have been written to: /home/gowtham/crazyflie_ws/build/crazyflie_examples\n'}
[13.539810] (crazyflie_examples) CommandEnded: {'returncode': 0}
[13.541354] (crazyflie_examples) JobProgress: {'identifier': 'crazyflie_examples', 'progress': 'build'}
[13.546115] (crazyflie_examples) Command: {'cmd': ['/usr/bin/cmake', '--build', '/home/gowtham/crazyflie_ws/build/crazyflie_examples', '--', '-j4', '-l4'], 'cwd': '/home/gowtham/crazyflie_ws/build/crazyflie_examples', 'env': OrderedDict([('LESSOPEN', '| /usr/bin/lesspipe %s'), ('LANGUAGE', 'en_IN:en'), ('USER', 'gowtham'), ('XDG_SESSION_TYPE', 'wayland'), ('SHLVL', '1'), ('LD_LIBRARY_PATH', '/home/gowtham/crazyflie_ws/install/crazyflie_interfaces/lib:/home/gowtham/swarm_ws/install/crazyflie_interfaces/lib:/opt/ros/humble/opt/rviz_ogre_vendor/lib:/opt/ros/humble/lib/x86_64-linux-gnu:/opt/ros/humble/lib'), ('HOME', '/home/gowtham'), ('OLDPWD', '/home/gowtham'), ('DESKTOP_SESSION', 'ubuntu'), ('ROS_PYTHON_VERSION', '3'), ('GNOME_SHELL_SESSION_MODE', 'ubuntu'), ('GTK_MODULES', 'gail:atk-bridge'), ('DBUS_STARTER_BUS_TYPE', 'session'), ('SYSTEMD_EXEC_PID', '894'), ('DBUS_SESSION_BUS_ADDRESS', 'unix:path=/run/user/1000/bus,guid=a7d0dcc49fe719d932a354c76a3a5fb6'), ('COLORTERM', 'truecolor'), ('IM_CONFIG_PHASE', '1'), ('WAYLAND_DISPLAY', 'wayland-0'), ('COLCON_PREFIX_PATH', '/home/gowtham/swarm_ws/install'), ('ROS_DISTRO', 'humble'), ('LOGNAME', 'gowtham'), ('_', '/usr/bin/colcon'), ('ROS_VERSION', '2'), ('XDG_SESSION_CLASS', 'user'), ('USERNAME', 'gowtham'), ('TERM', 'xterm-256color'), ('GNOME_DESKTOP_SESSION_ID', 'this-is-deprecated'), ('ROS_LOCALHOST_ONLY', '0'), ('PATH', '/opt/ros/humble/bin:/home/gowtham/.local/bin:/usr/local/sbin:/usr/local/bin:/usr/sbin:/usr/bin:/sbin:/bin:/usr/games:/usr/local/games:/snap/bin:/snap/bin:/home/gowtham/.local/bin'), ('SESSION_MANAGER', 'local/gowtham:@/tmp/.ICE-unix/894,unix/gowtham:/tmp/.ICE-unix/894'), ('XDG_MENU_PREFIX', 'gnome-'), ('GNOME_TERMINAL_SCREEN', '/org/gnome/Terminal/screen/fce09927_7e2d_4956_9fd4_e9a2e1e605f7'), ('GNOME_SETUP_DISPLAY', ':1'), ('XDG_RUNTIME_DIR', '/run/user/1000'), ('DISPLAY', ':0'), ('LANG', 'en_US.UTF-8'), ('XDG_CURRENT_DESKTOP', 'ubuntu:GNOME'), ('XMODIFIERS', '@im=ibus'), ('XDG_SESSION_DESKTOP', 'ubuntu'), ('XAUTHORITY', '/run/user/1000/.mutter-Xwaylandauth.EAJ5Q3'), ('LS_COLORS', 'rs=0:di=01;34:ln=01;36:mh=00:pi=40;33:so=01;35:do=01;35:bd=40;33;01:cd=40;33;01:or=40;31;01:mi=00:su=37;41:sg=30;43:ca=30;41:tw=30;42:ow=34;42:st=37;44:ex=01;32:*.tar=01;31:*.tgz=01;31:*.arc=01;31:*.arj=01;31:*.taz=01;31:*.lha=01;31:*.lz4=01;31:*.lzh=01;31:*.lzma=01;31:*.tlz=01;31:*.txz=01;31:*.tzo=01;31:*.t7z=01;31:*.zip=01;31:*.z=01;31:*.dz=01;31:*.gz=01;31:*.lrz=01;31:*.lz=01;31:*.lzo=01;31:*.xz=01;31:*.zst=01;31:*.tzst=01;31:*.bz2=01;31:*.bz=01;31:*.tbz=01;31:*.tbz2=01;31:*.tz=01;31:*.deb=01;31:*.rpm=01;31:*.jar=01;31:*.war=01;31:*.ear=01;31:*.sar=01;31:*.rar=01;31:*.alz=01;31:*.ace=01;31:*.zoo=01;31:*.cpio=01;31:*.7z=01;31:*.rz=01;31:*.cab=01;31:*.wim=01;31:*.swm=01;31:*.dwm=01;31:*.esd=01;31:*.jpg=01;35:*.jpeg=01;35:*.mjpg=01;35:*.mjpeg=01;35:*.gif=01;35:*.bmp=01;35:*.pbm=01;35:*.pgm=01;35:*.ppm=01;35:*.tga=01;35:*.xbm=01;35:*.xpm=01;35:*.tif=01;35:*.tiff=01;35:*.png=01;35:*.svg=01;35:*.svgz=01;35:*.mng=01;35:*.pcx=01;35:*.mov=01;35:*.mpg=01;35:*.mpeg=01;35:*.m2v=01;35:*.mkv=01;35:*.webm=01;35:*.webp=01;35:*.ogm=01;35:*.mp4=01;35:*.m4v=01;35:*.mp4v=01;35:*.vob=01;35:*.qt=01;35:*.nuv=01;35:*.wmv=01;35:*.asf=01;35:*.rm=01;35:*.rmvb=01;35:*.flc=01;35:*.avi=01;35:*.fli=01;35:*.flv=01;35:*.gl=01;35:*.dl=01;35:*.xcf=01;35:*.xwd=01;35:*.yuv=01;35:*.cgm=01;35:*.emf=01;35:*.ogv=01;35:*.ogx=01;35:*.aac=00;36:*.au=00;36:*.flac=00;36:*.m4a=00;36:*.mid=00;36:*.midi=00;36:*.mka=00;36:*.mp3=00;36:*.mpc=00;36:*.ogg=00;36:*.ra=00;36:*.wav=00;36:*.oga=00;36:*.opus=00;36:*.spx=00;36:*.xspf=00;36:'), ('GNOME_TERMINAL_SERVICE', ':1.233'), ('SSH_AGENT_LAUNCHER', 'gnome-keyring'), ('SSH_AUTH_SOCK', '/run/user/1000/keyring/ssh'), ('AMENT_PREFIX_PATH', '/home/gowtham/crazyflie_ws/install/crazyflie_py:/home/gowtham/crazyflie_ws/install/crazyflie_interfaces:/home/gowtham/swarm_ws/install/guidance_layer:/home/gowtham/swarm_ws/install/crazyflie_sim:/home/gowtham/swarm_ws/install/crazyflie_examples:/home/gowtham/swarm_ws/install/crazyflie_py:/home/gowtham/swarm_ws/install/crazyflie:/home/gowtham/swarm_ws/install/crazyflie_interfaces:/home/gowtham/swarm_ws/install/control_layer:/home/gowtham/swarm_ws/install/consensus_controller:/opt/ros/humble'), ('SHELL', '/bin/bash'), ('QT_ACCESSIBILITY', '1'), ('GDMSESSION', 'ubuntu'), ('LESSCLOSE', '/usr/bin/lesspipe %s %s'), ('QT_IM_MODULE', 'ibus'), ('PWD', '/home/gowtham/crazyflie_ws/build/crazyflie_examples'), ('LC_ALL', 'en_US.UTF-8'), ('XDG_CONFIG_DIRS', '/etc/xdg/xdg-ubuntu:/etc/xdg'), ('DBUS_STARTER_ADDRESS', 'unix:path=/run/user/1000/bus,guid=a7d0dcc49fe719d932a354c76a3a5fb6'), ('XDG_DATA_DIRS', '/usr/share/ubuntu:/usr/local/share/:/usr/share/:/var/lib/snapd/desktop'), ('PYTHONPATH', '/home/gowtham/crazyflie_ws/build/crazyflie_py:/home/gowtham/crazyflie_ws/install/crazyflie_py/lib/python3.10/site-packages:/home/gowtham/crazyflie_ws/install/crazyflie_interfaces/local/lib/python3.10/dist-packages:/home/gowtham/crazyflie-firmware/build:/home/gowtham/crazyflie-firmware/build:/home/gowtham/swarm_ws/install/guidance_layer/lib/python3.10/site-packages:/home/gowtham/swarm_ws/install/crazyflie_sim/local/lib/python3.10/dist-packages:/home/gowtham/swarm_ws/install/crazyflie_examples/local/lib/python3.10/dist-packages:/home/gowtham/swarm_ws/install/crazyflie_py/lib/python3.10/site-packages:/home/gowtham/swarm_ws/install/crazyflie_interfaces/local/lib/python3.10/dist-packages:/home/gowtham/swarm_ws/install/control_layer/lib/python3.10/site-packages:/home/gowtham/swarm_ws/install/consensus_controller/lib/python3.10/site-packages:/opt/ros/humble/lib/python3.10/site-packages:/opt/ros/humble/local/lib/python3.10/dist-packages'), ('COLCON', '1'), ('VTE_VERSION', '6800'), ('CMAKE_PREFIX_PATH', '/home/gowtham/crazyflie_ws/install/crazyflie_interfaces:/home/gowtham/swarm_ws/install/crazyflie_sim:/home/gowtham/swarm_ws/install/crazyflie_examples:/home/gowtham/swarm_ws/install/crazyflie:/home/gowtham/swarm_ws/install/crazyflie_interfaces:/home/gowtham/swarm_ws/install/guidance_layer:/home/gowtham/swarm_ws/install/crazyflie_py:/home/gowtham/swarm_ws/install/control_layer:/home/gowtham/swarm_ws/install/consensus_controller:/opt/ros/humble')]), 'shell': False}
[13.564218] (-) TimerEvent: {}
[13.651408] (crazyflie_examples) StdoutLine: {'line': b'Built target ament_cmake_python_symlink_crazyflie_examples_setup\n'}
[13.655962] (crazyflie_examples) StdoutLine: {'line': b'Built target ament_cmake_python_symlink_crazyflie_examples\n'}
[13.664337] (-) TimerEvent: {}
[13.765720] (-) TimerEvent: {}
[13.866731] (-) TimerEvent: {}
[13.967260] (-) TimerEvent: {}
[14.068876] (-) TimerEvent: {}
[14.169439] (-) TimerEvent: {}
[14.269962] (-) TimerEvent: {}
[14.372072] (-) TimerEvent: {}
[14.379786] (crazyflie_examples) StdoutLine: {'line': b'running install_scripts\n'}
[14.387007] (crazyflie_examples) StderrLine: {'line': b'/usr/lib/python3/dist-packages/setuptools/command/install.py:34: SetuptoolsDeprecationWarning: setup.py install is deprecated. Use build and pip and other standards-based tools.\n'}
[14.387739] (crazyflie_examples) StderrLine: {'line': b'  warnings.warn(\n'}
[14.446684] (crazyflie_examples) StdoutLine: {'line': b'running egg_info\n'}
[14.447335] (crazyflie_examples) StdoutLine: {'line': b'writing crazyflie_examples.egg-info/PKG-INFO\n'}
[14.448035] (crazyflie_examples) StdoutLine: {'line': b'writing dependency_links to crazyflie_examples.egg-info/dependency_links.txt\n'}
[14.448418] (crazyflie_examples) StdoutLine: {'line': b'writing entry points to crazyflie_examples.egg-info/entry_points.txt\n'}
[14.450102] (crazyflie_examples) StdoutLine: {'line': b'writing top-level names to crazyflie_examples.egg-info/top_level.txt\n'}
[14.453434] (crazyflie_examples) StdoutLine: {'line': b"reading manifest file 'crazyflie_examples.egg-info/SOURCES.txt'\n"}
[14.455356] (crazyflie_examples) StdoutLine: {'line': b"writing manifest file 'crazyflie_examples.egg-info/SOURCES.txt'\n"}
[14.459000] (crazyflie_examples) StdoutLine: {'line': b'Installing arming script to scripts\n'}
[14.462771] (crazyflie_examples) StdoutLine: {'line': b'Installing cmd_full_state script to scripts\n'}
[14.463402] (crazyflie_examples) StdoutLine: {'line': b'Installing figure8 script to scripts\n'}
[14.463594] (crazyflie_examples) StdoutLine: {'line': b'Installing goto_unicast script to scripts\n'}
[14.463791] (crazyflie_examples) StdoutLine: {'line': b'Installing group_mask script to scripts\n'}
[14.463958] (crazyflie_examples) StdoutLine: {'line': b'Installing hello_world script to scripts\n'}
[14.464106] (crazyflie_examples) StdoutLine: {'line': b'Installing infinite_flight script to scripts\n'}
[14.464252] (crazyflie_examples) StdoutLine: {'line': b'Installing multi_trajectory script to scripts\n'}
[14.464399] (crazyflie_examples) StdoutLine: {'line': b'Installing nice_hover script to scripts\n'}
[14.464543] (crazyflie_examples) StdoutLine: {'line': b'Installing set_param script to scripts\n'}
[14.464768] (crazyflie_examples) StdoutLine: {'line': b'Installing swap script to scripts\n'}
[14.472197] (-) TimerEvent: {}
[14.533949] (crazyflie_examples) StdoutLine: {'line': b'running egg_info\n'}
[14.534230] (crazyflie_examples) StdoutLine: {'line': b'writing crazyflie_examples.egg-info/PKG-INFO\n'}
[14.534388] (crazyflie_examples) StdoutLine: {'line': b'writing dependency_links to crazyflie_examples.egg-info/dependency_links.txt\n'}
[14.534535] (crazyflie_examples) StdoutLine: {'line': b'writing entry points to crazyflie_examples.egg-info/entry_points.txt\n'}
[14.534717] (crazyflie_examples) StdoutLine: {'line': b'writing top-level names to crazyflie_examples.egg-info/top_level.txt\n'}
[14.541513] (crazyflie_examples) StdoutLine: {'line': b"reading manifest file 'crazyflie_examples.egg-info/SOURCES.txt'\n"}
[14.548750] (crazyflie_examples) StdoutLine: {'line': b"writing manifest file 'crazyflie_examples.egg-info/SOURCES.txt'\n"}
[14.554874] (crazyflie_examples) StdoutLine: {'line': b'Built target ament_cmake_python_build_crazyflie_examples_scripts\n'}
[14.573747] (-) TimerEvent: {}
[14.619205] (crazyflie_examples) StdoutLine: {'line': b'Built target ament_cmake_python_build_crazyflie_examples_egg\n'}
[14.649753] (crazyflie_examples) CommandEnded: {'returncode': 0}
[14.652987] (crazyflie_examples) JobProgress: {'identifier': 'crazyflie_examples', 'progress': 'install'}
[14.653059] (crazyflie_examples) Command: {'cmd': ['/usr/bin/cmake', '--install', '/home/gowtham/crazyflie_ws/build/crazyflie_examples'], 'cwd': '/home/gowtham/crazyflie_ws/build/crazyflie_examples', 'env': OrderedDict([('LESSOPEN', '| /usr/bin/lesspipe %s'), ('LANGUAGE', 'en_IN:en'), ('USER', 'gowtham'), ('XDG_SESSION_TYPE', 'wayland'), ('SHLVL', '1'), ('LD_LIBRARY_PATH', '/home/gowtham/crazyflie_ws/install/crazyflie_interfaces/lib:/home/gowtham/swarm_ws/install/crazyflie_interfaces/lib:/opt/ros/humble/opt/rviz_ogre_vendor/lib:/opt/ros/humble/lib/x86_64-linux-gnu:/opt/ros/humble/lib'), ('HOME', '/home/gowtham'), ('OLDPWD', '/home/gowtham'), ('DESKTOP_SESSION', 'ubuntu'), ('ROS_PYTHON_VERSION', '3'), ('GNOME_SHELL_SESSION_MODE', 'ubuntu'), ('GTK_MODULES', 'gail:atk-bridge'), ('DBUS_STARTER_BUS_TYPE', 'session'), ('SYSTEMD_EXEC_PID', '894'), ('DBUS_SESSION_BUS_ADDRESS', 'unix:path=/run/user/1000/bus,guid=a7d0dcc49fe719d932a354c76a3a5fb6'), ('COLORTERM', 'truecolor'), ('IM_CONFIG_PHASE', '1'), ('WAYLAND_DISPLAY', 'wayland-0'), ('COLCON_PREFIX_PATH', '/home/gowtham/swarm_ws/install'), ('ROS_DISTRO', 'humble'), ('LOGNAME', 'gowtham'), ('_', '/usr/bin/colcon'), ('ROS_VERSION', '2'), ('XDG_SESSION_CLASS', 'user'), ('USERNAME', 'gowtham'), ('TERM', 'xterm-256color'), ('GNOME_DESKTOP_SESSION_ID', 'this-is-deprecated'), ('ROS_LOCALHOST_ONLY', '0'), ('PATH', '/opt/ros/humble/bin:/home/gowtham/.local/bin:/usr/local/sbin:/usr/local/bin:/usr/sbin:/usr/bin:/sbin:/bin:/usr/games:/usr/local/games:/snap/bin:/snap/bin:/home/gowtham/.local/bin'), ('SESSION_MANAGER', 'local/gowtham:@/tmp/.ICE-unix/894,unix/gowtham:/tmp/.ICE-unix/894'), ('XDG_MENU_PREFIX', 'gnome-'), ('GNOME_TERMINAL_SCREEN', '/org/gnome/Terminal/screen/fce09927_7e2d_4956_9fd4_e9a2e1e605f7'), ('GNOME_SETUP_DISPLAY', ':1'), ('XDG_RUNTIME_DIR', '/run/user/1000'), ('DISPLAY', ':0'), ('LANG', 'en_US.UTF-8'), ('XDG_CURRENT_DESKTOP', 'ubuntu:GNOME'), ('XMODIFIERS', '@im=ibus'), ('XDG_SESSION_DESKTOP', 'ubuntu'), ('XAUTHORITY', '/run/user/1000/.mutter-Xwaylandauth.EAJ5Q3'), ('LS_COLORS', 'rs=0:di=01;34:ln=01;36:mh=00:pi=40;33:so=01;35:do=01;35:bd=40;33;01:cd=40;33;01:or=40;31;01:mi=00:su=37;41:sg=30;43:ca=30;41:tw=30;42:ow=34;42:st=37;44:ex=01;32:*.tar=01;31:*.tgz=01;31:*.arc=01;31:*.arj=01;31:*.taz=01;31:*.lha=01;31:*.lz4=01;31:*.lzh=01;31:*.lzma=01;31:*.tlz=01;31:*.txz=01;31:*.tzo=01;31:*.t7z=01;31:*.zip=01;31:*.z=01;31:*.dz=01;31:*.gz=01;31:*.lrz=01;31:*.lz=01;31:*.lzo=01;31:*.xz=01;31:*.zst=01;31:*.tzst=01;31:*.bz2=01;31:*.bz=01;31:*.tbz=01;31:*.tbz2=01;31:*.tz=01;31:*.deb=01;31:*.rpm=01;31:*.jar=01;31:*.war=01;31:*.ear=01;31:*.sar=01;31:*.rar=01;31:*.alz=01;31:*.ace=01;31:*.zoo=01;31:*.cpio=01;31:*.7z=01;31:*.rz=01;31:*.cab=01;31:*.wim=01;31:*.swm=01;31:*.dwm=01;31:*.esd=01;31:*.jpg=01;35:*.jpeg=01;35:*.mjpg=01;35:*.mjpeg=01;35:*.gif=01;35:*.bmp=01;35:*.pbm=01;35:*.pgm=01;35:*.ppm=01;35:*.tga=01;35:*.xbm=01;35:*.xpm=01;35:*.tif=01;35:*.tiff=01;35:*.png=01;35:*.svg=01;35:*.svgz=01;35:*.mng=01;35:*.pcx=01;35:*.mov=01;35:*.mpg=01;35:*.mpeg=01;35:*.m2v=01;35:*.mkv=01;35:*.webm=01;35:*.webp=01;35:*.ogm=01;35:*.mp4=01;35:*.m4v=01;35:*.mp4v=01;35:*.vob=01;35:*.qt=01;35:*.nuv=01;35:*.wmv=01;35:*.asf=01;35:*.rm=01;35:*.rmvb=01;35:*.flc=01;35:*.avi=01;35:*.fli=01;35:*.flv=01;35:*.gl=01;35:*.dl=01;35:*.xcf=01;35:*.xwd=01;35:*.yuv=01;35:*.cgm=01;35:*.emf=01;35:*.ogv=01;35:*.ogx=01;35:*.aac=00;36:*.au=00;36:*.flac=00;36:*.m4a=00;36:*.mid=00;36:*.midi=00;36:*.mka=00;36:*.mp3=00;36:*.mpc=00;36:*.ogg=00;36:*.ra=00;36:*.wav=00;36:*.oga=00;36:*.opus=00;36:*.spx=00;36:*.xspf=00;36:'), ('GNOME_TERMINAL_SERVICE', ':1.233'), ('SSH_AGENT_LAUNCHER', 'gnome-keyring'), ('SSH_AUTH_SOCK', '/run/user/1000/keyring/ssh'), ('AMENT_PREFIX_PATH', '/home/gowtham/crazyflie_ws/install/crazyflie_py:/home/gowtham/crazyflie_ws/install/crazyflie_interfaces:/home/gowtham/swarm_ws/install/guidance_layer:/home/gowtham/swarm_ws/install/crazyflie_sim:/home/gowtham/swarm_ws/install/crazyflie_examples:/home/gowtham/swarm_ws/install/crazyflie_py:/home/gowtham/swarm_ws/install/crazyflie:/home/gowtham/swarm_ws/install/crazyflie_interfaces:/home/gowtham/swarm_ws/install/control_layer:/home/gowtham/swarm_ws/install/consensus_controller:/opt/ros/humble'), ('SHELL', '/bin/bash'), ('QT_ACCESSIBILITY', '1'), ('GDMSESSION', 'ubuntu'), ('LESSCLOSE', '/usr/bin/lesspipe %s %s'), ('QT_IM_MODULE', 'ibus'), ('PWD', '/home/gowtham/crazyflie_ws/build/crazyflie_examples'), ('LC_ALL', 'en_US.UTF-8'), ('XDG_CONFIG_DIRS', '/etc/xdg/xdg-ubuntu:/etc/xdg'), ('DBUS_STARTER_ADDRESS', 'unix:path=/run/user/1000/bus,guid=a7d0dcc49fe719d932a354c76a3a5fb6'), ('XDG_DATA_DIRS', '/usr/share/ubuntu:/usr/local/share/:/usr/share/:/var/lib/snapd/desktop'), ('PYTHONPATH', '/home/gowtham/crazyflie_ws/build/crazyflie_py:/home/gowtham/crazyflie_ws/install/crazyflie_py/lib/python3.10/site-packages:/home/gowtham/crazyflie_ws/install/crazyflie_interfaces/local/lib/python3.10/dist-packages:/home/gowtham/crazyflie-firmware/build:/home/gowtham/crazyflie-firmware/build:/home/gowtham/swarm_ws/install/guidance_layer/lib/python3.10/site-packages:/home/gowtham/swarm_ws/install/crazyflie_sim/local/lib/python3.10/dist-packages:/home/gowtham/swarm_ws/install/crazyflie_examples/local/lib/python3.10/dist-packages:/home/gowtham/swarm_ws/install/crazyflie_py/lib/python3.10/site-packages:/home/gowtham/swarm_ws/install/crazyflie_interfaces/local/lib/python3.10/dist-packages:/home/gowtham/swarm_ws/install/control_layer/lib/python3.10/site-packages:/home/gowtham/swarm_ws/install/consensus_controller/lib/python3.10/site-packages:/opt/ros/humble/lib/python3.10/site-packages:/opt/ros/humble/local/lib/python3.10/dist-packages'), ('COLCON', '1'), ('VTE_VERSION', '6800'), ('CMAKE_PREFIX_PATH', '/home/gowtham/crazyflie_ws/install/crazyflie_interfaces:/home/gowtham/swarm_ws/install/crazyflie_sim:/home/gowtham/swarm_ws/install/crazyflie_examples:/home/gowtham/swarm_ws/install/crazyflie:/home/gowtham/swarm_ws/install/crazyflie_interfaces:/home/gowtham/swarm_ws/install/guidance_layer:/home/gowtham/swarm_ws/install/crazyflie_py:/home/gowtham/swarm_ws/install/control_layer:/home/gowtham/swarm_ws/install/consensus_controller:/opt/ros/humble')]), 'shell': False}
[14.673870] (-) TimerEvent: {}
[14.679788] (crazyflie_examples) StdoutLine: {'line': b'-- Install configuration: ""\n'}
[14.680109] (crazyflie_examples) StdoutLine: {'line': b'-- Execute custom install script\n'}
[14.680476] (crazyflie_examples) StdoutLine: {'line': b'-- Up-to-date symlink: /home/gowtham/crazyflie_ws/install/crazyflie_examples/share/crazyflie_examples/environment/pythonpath.sh\n'}
[14.684802] (crazyflie_examples) StdoutLine: {'line': b'-- Up-to-date symlink: /home/gowtham/crazyflie_ws/install/crazyflie_examples/share/crazyflie_examples/environment/pythonpath.dsv\n'}
[14.685056] (crazyflie_examples) StdoutLine: {'line': b'-- Up-to-date symlink: /home/gowtham/crazyflie_ws/install/crazyflie_examples/local/lib/python3.10/dist-packages/crazyflie_examples-1.0.3-py3.10.egg-info/PKG-INFO\n'}
[14.685266] (crazyflie_examples) StdoutLine: {'line': b'-- Up-to-date symlink: /home/gowtham/crazyflie_ws/install/crazyflie_examples/local/lib/python3.10/dist-packages/crazyflie_examples-1.0.3-py3.10.egg-info/SOURCES.txt\n'}
[14.685408] (crazyflie_examples) StdoutLine: {'line': b'-- Up-to-date symlink: /home/gowtham/crazyflie_ws/install/crazyflie_examples/local/lib/python3.10/dist-packages/crazyflie_examples-1.0.3-py3.10.egg-info/dependency_links.txt\n'}
[14.686024] (crazyflie_examples) StdoutLine: {'line': b'-- Up-to-date symlink: /home/gowtham/crazyflie_ws/install/crazyflie_examples/local/lib/python3.10/dist-packages/crazyflie_examples-1.0.3-py3.10.egg-info/entry_points.txt\n'}
[14.686843] (crazyflie_examples) StdoutLine: {'line': b'-- Up-to-date symlink: /home/gowtham/crazyflie_ws/install/crazyflie_examples/local/lib/python3.10/dist-packages/crazyflie_examples-1.0.3-py3.10.egg-info/top_level.txt\n'}
[14.688201] (crazyflie_examples) StdoutLine: {'line': b'-- Up-to-date symlink: /home/gowtham/crazyflie_ws/install/crazyflie_examples/lib/crazyflie_examples//arming\n'}
[14.688459] (crazyflie_examples) StdoutLine: {'line': b'-- Up-to-date symlink: /home/gowtham/crazyflie_ws/install/crazyflie_examples/lib/crazyflie_examples//cmd_full_state\n'}
[14.689761] (crazyflie_examples) StdoutLine: {'line': b'-- Up-to-date symlink: /home/gowtham/crazyflie_ws/install/crazyflie_examples/lib/crazyflie_examples//figure8\n'}
[14.690262] (crazyflie_examples) StdoutLine: {'line': b'-- Up-to-date symlink: /home/gowtham/crazyflie_ws/install/crazyflie_examples/lib/crazyflie_examples//goto_unicast\n'}
[14.690476] (crazyflie_examples) StdoutLine: {'line': b'-- Up-to-date symlink: /home/gowtham/crazyflie_ws/install/crazyflie_examples/lib/crazyflie_examples//group_mask\n'}
[14.690850] (crazyflie_examples) StdoutLine: {'line': b'-- Up-to-date symlink: /home/gowtham/crazyflie_ws/install/crazyflie_examples/lib/crazyflie_examples//hello_world\n'}
[14.690980] (crazyflie_examples) StdoutLine: {'line': b'-- Up-to-date symlink: /home/gowtham/crazyflie_ws/install/crazyflie_examples/lib/crazyflie_examples//infinite_flight\n'}
[14.691107] (crazyflie_examples) StdoutLine: {'line': b'-- Up-to-date symlink: /home/gowtham/crazyflie_ws/install/crazyflie_examples/lib/crazyflie_examples//multi_trajectory\n'}
[14.691233] (crazyflie_examples) StdoutLine: {'line': b'-- Up-to-date symlink: /home/gowtham/crazyflie_ws/install/crazyflie_examples/lib/crazyflie_examples//nice_hover\n'}
[14.691351] (crazyflie_examples) StdoutLine: {'line': b'-- Up-to-date symlink: /home/gowtham/crazyflie_ws/install/crazyflie_examples/lib/crazyflie_examples//set_param\n'}
[14.691505] (crazyflie_examples) StdoutLine: {'line': b'-- Up-to-date symlink: /home/gowtham/crazyflie_ws/install/crazyflie_examples/lib/crazyflie_examples//swap\n'}
[14.692955] (crazyflie_examples) StdoutLine: {'line': b'-- Up-to-date symlink: /home/gowtham/crazyflie_ws/install/crazyflie_examples/local/lib/python3.10/dist-packages/crazyflie_examples/__init__.py\n'}
[14.693191] (crazyflie_examples) StdoutLine: {'line': b'-- Up-to-date symlink: /home/gowtham/crazyflie_ws/install/crazyflie_examples/local/lib/python3.10/dist-packages/crazyflie_examples/arming.py\n'}
[14.693328] (crazyflie_examples) StdoutLine: {'line': b'-- Up-to-date symlink: /home/gowtham/crazyflie_ws/install/crazyflie_examples/local/lib/python3.10/dist-packages/crazyflie_examples/cmd_full_state.py\n'}
[14.694123] (crazyflie_examples) StdoutLine: {'line': b'-- Up-to-date symlink: /home/gowtham/crazyflie_ws/install/crazyflie_examples/local/lib/python3.10/dist-packages/crazyflie_examples/data/figure8.csv\n'}
[14.696033] (crazyflie_examples) StdoutLine: {'line': b'-- Up-to-date symlink: /home/gowtham/crazyflie_ws/install/crazyflie_examples/local/lib/python3.10/dist-packages/crazyflie_examples/data/multi_trajectory/traj0.csv\n'}
[14.696270] (crazyflie_examples) StdoutLine: {'line': b'-- Up-to-date symlink: /home/gowtham/crazyflie_ws/install/crazyflie_examples/local/lib/python3.10/dist-packages/crazyflie_examples/data/multi_trajectory/traj1.csv\n'}
[14.696413] (crazyflie_examples) StdoutLine: {'line': b'-- Up-to-date symlink: /home/gowtham/crazyflie_ws/install/crazyflie_examples/local/lib/python3.10/dist-packages/crazyflie_examples/figure8.py\n'}
[14.696544] (crazyflie_examples) StdoutLine: {'line': b'-- Up-to-date symlink: /home/gowtham/crazyflie_ws/install/crazyflie_examples/local/lib/python3.10/dist-packages/crazyflie_examples/goto_unicast.py\n'}
[14.696695] (crazyflie_examples) StdoutLine: {'line': b'-- Up-to-date symlink: /home/gowtham/crazyflie_ws/install/crazyflie_examples/local/lib/python3.10/dist-packages/crazyflie_examples/group_mask.py\n'}
[14.696836] (crazyflie_examples) StdoutLine: {'line': b'-- Up-to-date symlink: /home/gowtham/crazyflie_ws/install/crazyflie_examples/local/lib/python3.10/dist-packages/crazyflie_examples/hello_world.py\n'}
[14.697043] (crazyflie_examples) StdoutLine: {'line': b'-- Up-to-date symlink: /home/gowtham/crazyflie_ws/install/crazyflie_examples/local/lib/python3.10/dist-packages/crazyflie_examples/infinite_flight.py\n'}
[14.697195] (crazyflie_examples) StdoutLine: {'line': b'-- Up-to-date symlink: /home/gowtham/crazyflie_ws/install/crazyflie_examples/local/lib/python3.10/dist-packages/crazyflie_examples/multi_trajectory.py\n'}
[14.697402] (crazyflie_examples) StdoutLine: {'line': b'-- Up-to-date symlink: /home/gowtham/crazyflie_ws/install/crazyflie_examples/local/lib/python3.10/dist-packages/crazyflie_examples/nice_hover.py\n'}
[14.697531] (crazyflie_examples) StdoutLine: {'line': b'-- Up-to-date symlink: /home/gowtham/crazyflie_ws/install/crazyflie_examples/local/lib/python3.10/dist-packages/crazyflie_examples/set_param.py\n'}
[14.697726] (crazyflie_examples) StdoutLine: {'line': b'-- Up-to-date symlink: /home/gowtham/crazyflie_ws/install/crazyflie_examples/local/lib/python3.10/dist-packages/crazyflie_examples/swap.py\n'}
[14.697863] (crazyflie_examples) StdoutLine: {'line': b'-- Up-to-date symlink: /home/gowtham/crazyflie_ws/install/crazyflie_examples/share/crazyflie_examples//config/nav2_params.yaml\n'}
[14.697994] (crazyflie_examples) StdoutLine: {'line': b'-- Up-to-date symlink: /home/gowtham/crazyflie_ws/install/crazyflie_examples/share/crazyflie_examples//config/nav2_view.rviz\n'}
[14.698120] (crazyflie_examples) StdoutLine: {'line': b'-- Up-to-date symlink: /home/gowtham/crazyflie_ws/install/crazyflie_examples/share/crazyflie_examples//config/slam_params.yaml\n'}
[14.698329] (crazyflie_examples) StdoutLine: {'line': b'-- Up-to-date symlink: /home/gowtham/crazyflie_ws/install/crazyflie_examples/share/crazyflie_examples//data/map.data\n'}
[14.698566] (crazyflie_examples) StdoutLine: {'line': b'-- Up-to-date symlink: /home/gowtham/crazyflie_ws/install/crazyflie_examples/share/crazyflie_examples//data/map.pgm\n'}
[14.698860] (crazyflie_examples) StdoutLine: {'line': b'-- Up-to-date symlink: /home/gowtham/crazyflie_ws/install/crazyflie_examples/share/crazyflie_examples//data/map.posegraph\n'}
[14.699153] (crazyflie_examples) StdoutLine: {'line': b'-- Up-to-date symlink: /home/gowtham/crazyflie_ws/install/crazyflie_examples/share/crazyflie_examples//data/map.yaml\n'}
[14.699805] (crazyflie_examples) StdoutLine: {'line': b'-- Up-to-date symlink: /home/gowtham/crazyflie_ws/install/crazyflie_examples/share/crazyflie_examples//launch/keyboard_velmux_launch.py\n'}
[14.700071] (crazyflie_examples) StdoutLine: {'line': b'-- Up-to-date symlink: /home/gowtham/crazyflie_ws/install/crazyflie_examples/share/crazyflie_examples//launch/launch.py\n'}
[14.700357] (crazyflie_examples) StdoutLine: {'line': b'-- Up-to-date symlink: /home/gowtham/crazyflie_ws/install/crazyflie_examples/share/crazyflie_examples//launch/multiranger_mapping_launch.py\n'}
[14.700655] (crazyflie_examples) StdoutLine: {'line': b'-- Up-to-date symlink: /home/gowtham/crazyflie_ws/install/crazyflie_examples/share/crazyflie_examples//launch/multiranger_nav2_launch.py\n'}
[14.700951] (crazyflie_examples) StdoutLine: {'line': b'-- Up-to-date symlink: /home/gowtham/crazyflie_ws/install/crazyflie_examples/share/crazyflie_examples//launch/multiranger_simple_mapper_launch.py\n'}
[14.702129] (crazyflie_examples) StdoutLine: {'line': b'-- Up-to-date symlink: /home/gowtham/crazyflie_ws/install/crazyflie_examples/share/ament_index/resource_index/package_run_dependencies/crazyflie_examples\n'}
[14.707446] (crazyflie_examples) StdoutLine: {'line': b'-- Up-to-date symlink: /home/gowtham/crazyflie_ws/install/crazyflie_examples/share/ament_index/resource_index/parent_prefix_path/crazyflie_examples\n'}
[14.707719] (crazyflie_examples) StdoutLine: {'line': b'-- Up-to-date symlink: /home/gowtham/crazyflie_ws/install/crazyflie_examples/share/crazyflie_examples/environment/ament_prefix_path.sh\n'}
[14.707878] (crazyflie_examples) StdoutLine: {'line': b'-- Up-to-date symlink: /home/gowtham/crazyflie_ws/install/crazyflie_examples/share/crazyflie_examples/environment/ament_prefix_path.dsv\n'}
[14.708011] (crazyflie_examples) StdoutLine: {'line': b'-- Up-to-date symlink: /home/gowtham/crazyflie_ws/install/crazyflie_examples/share/crazyflie_examples/environment/path.sh\n'}
[14.708264] (crazyflie_examples) StdoutLine: {'line': b'-- Up-to-date symlink: /home/gowtham/crazyflie_ws/install/crazyflie_examples/share/crazyflie_examples/environment/path.dsv\n'}
[14.708418] (crazyflie_examples) StdoutLine: {'line': b'-- Up-to-date symlink: /home/gowtham/crazyflie_ws/install/crazyflie_examples/share/crazyflie_examples/local_setup.bash\n'}
[14.708612] (crazyflie_examples) StdoutLine: {'line': b'-- Up-to-date symlink: /home/gowtham/crazyflie_ws/install/crazyflie_examples/share/crazyflie_examples/local_setup.sh\n'}
[14.708844] (crazyflie_examples) StdoutLine: {'line': b'-- Up-to-date symlink: /home/gowtham/crazyflie_ws/install/crazyflie_examples/share/crazyflie_examples/local_setup.zsh\n'}
[14.709220] (crazyflie_examples) StdoutLine: {'line': b'-- Up-to-date symlink: /home/gowtham/crazyflie_ws/install/crazyflie_examples/share/crazyflie_examples/local_setup.dsv\n'}
[14.709485] (crazyflie_examples) StdoutLine: {'line': b'-- Symlinking: /home/gowtham/crazyflie_ws/install/crazyflie_examples/share/crazyflie_examples/package.dsv\n'}
[14.731670] (crazyflie_examples) StdoutLine: {'line': b'-- Up-to-date symlink: /home/gowtham/crazyflie_ws/install/crazyflie_examples/share/ament_index/resource_index/packages/crazyflie_examples\n'}
[14.732004] (crazyflie_examples) StdoutLine: {'line': b'-- Up-to-date symlink: /home/gowtham/crazyflie_ws/install/crazyflie_examples/share/crazyflie_examples/cmake/crazyflie_examplesConfig.cmake\n'}
[14.732486] (crazyflie_examples) StdoutLine: {'line': b'-- Up-to-date symlink: /home/gowtham/crazyflie_ws/install/crazyflie_examples/share/crazyflie_examples/cmake/crazyflie_examplesConfig-version.cmake\n'}
[14.734578] (crazyflie_examples) StdoutLine: {'line': b'-- Up-to-date symlink: /home/gowtham/crazyflie_ws/install/crazyflie_examples/share/crazyflie_examples/package.xml\n'}
[14.775593] (-) TimerEvent: {}
[14.829932] (crazyflie_examples) StdoutLine: {'line': b"Listing '/home/gowtham/crazyflie_ws/install/crazyflie_examples/local/lib/python3.10/dist-packages/crazyflie_examples'...\n"}
[14.830285] (crazyflie_examples) StdoutLine: {'line': b"Listing '/home/gowtham/crazyflie_ws/install/crazyflie_examples/local/lib/python3.10/dist-packages/crazyflie_examples/data'...\n"}
[14.830463] (crazyflie_examples) StdoutLine: {'line': b"Listing '/home/gowtham/crazyflie_ws/install/crazyflie_examples/local/lib/python3.10/dist-packages/crazyflie_examples/data/multi_trajectory'...\n"}
[14.848213] (crazyflie_examples) CommandEnded: {'returncode': 0}
[14.875820] (-) TimerEvent: {}
[14.878963] (crazyflie_examples) JobEnded: {'identifier': 'crazyflie_examples', 'rc': 0}
[14.881325] (-) EventReactorShutdown: {}
