timestamp_sec,flight_state,cf1_act_x,cf1_act_y,cf1_act_z,cf1_targ_x,cf1_targ_y,cf1_targ_z,cf2_act_x,cf2_act_y,cf2_act_z,cf2_targ_x,cf2_targ_y,cf2_targ_z,cf3_act_x,cf3_act_y,cf3_act_z,cf3_targ_x,cf3_targ_y,cf3_targ_z,cf4_act_x,cf4_act_y,cf4_act_z,cf4_targ_x,cf4_targ_y,cf4_targ_z
0.009,TAKEOFF,0.22710494697093964,0.2816099524497986,0.00038791485712863505,0.25,0.25,0.5,1.6109236478805542,0.2282528579235077,0.0008775624446570873,1.6,0.1,0.5,1.6198344230651855,1.6372792720794678,-0.0213265810161829,1.6,1.6,0.5,0.19711191952228546,1.651130199432373,-0.017394615337252617,0.25,1.6,0.5
0.03,TAKEOFF,0.22710494697093964,0.2816099524497986,0.00038791485712863505,0.25,0.25,0.5,1.6109236478805542,0.2282528579235077,0.0008775624446570873,1.6,0.1,0.5,1.6198344230651855,1.6372792720794678,-0.0213265810161829,1.6,1.6,0.5,0.19672204554080963,1.6513367891311646,-0.017314044758677483,0.25,1.6,0.5
0.05,TAKEOFF,0.22710494697093964,0.2816099524497986,0.00038791485712863505,0.25,0.25,0.5,1.6109236478805542,0.2282528579235077,0.0008775624446570873,1.6,0.1,0.5,1.618578553199768,1.638375997543335,-0.01979103311896324,1.6,1.6,0.5,0.19672204554080963,1.6513367891311646,-0.017314044758677483,0.25,1.6,0.5
0.07,TAKEOFF,0.22710494697093964,0.2816099524497986,0.00038791485712863505,0.25,0.25,0.5,1.6109236478805542,0.2282528579235077,0.0008775624446570873,1.6,0.1,0.5,1.618578553199768,1.638375997543335,-0.01979103311896324,1.6,1.6,0.5,0.19672204554080963,1.6513367891311646,-0.017314044758677483,0.25,1.6,0.5
0.09,TAKEOFF,0.22710494697093964,0.2816099524497986,0.00038791485712863505,0.25,0.25,0.5,1.6109236478805542,0.2282528579235077,0.0008775624446570873,1.6,0.1,0.5,1.618578553199768,1.638375997543335,-0.01979103311896324,1.6,1.6,0.5,0.19672204554080963,1.6513367891311646,-0.017314044758677483,0.25,1.6,0.5
0.109,TAKEOFF,0.22701367735862732,0.2807391285896301,-0.00045446798321790993,0.25,0.25,0.5,1.6124309301376343,0.22852911055088043,0.0010668481700122356,1.6,0.1,0.5,1.618578553199768,1.638375997543335,-0.01979103311896324,1.6,1.6,0.5,0.19672204554080963,1.6513367891311646,-0.017314044758677483,0.25,1.6,0.5
0.13,TAKEOFF,0.22701367735862732,0.2807391285896301,-0.00045446798321790993,0.25,0.25,0.5,1.6124309301376343,0.22852911055088043,0.0010668481700122356,1.6,0.1,0.5,1.618578553199768,1.638375997543335,-0.01979103311896324,1.6,1.6,0.5,0.19672204554080963,1.6513367891311646,-0.017314044758677483,0.25,1.6,0.5
0.15,TAKEOFF,0.22701367735862732,0.2807391285896301,-0.00045446798321790993,0.25,0.25,0.5,1.6124309301376343,0.22852911055088043,0.0010668481700122356,1.6,0.1,0.5,1.6180963516235352,1.6400415897369385,-0.018421756103634834,1.6,1.6,0.5,0.1977175921201706,1.6512283086776733,-0.017917899414896965,0.25,1.6,0.5
0.17,TAKEOFF,0.22701367735862732,0.2807391285896301,-0.00045446798321790993,0.25,0.25,0.5,1.6124309301376343,0.22852911055088043,0.0010668481700122356,1.6,0.1,0.5,1.6180963516235352,1.6400415897369385,-0.018421756103634834,1.6,1.6,0.5,0.1977175921201706,1.6512283086776733,-0.017917899414896965,0.25,1.6,0.5
0.19,TAKEOFF,0.2271694391965866,0.2796124815940857,-0.0007845617365092039,0.25,0.25,0.5,1.6122338771820068,0.22715912759304047,0.0009565339423716068,1.6,0.1,0.5,1.6180963516235352,1.6400415897369385,-0.018421756103634834,1.6,1.6,0.5,0.1977175921201706,1.6512283086776733,-0.017917899414896965,0.25,1.6,0.5
0.209,TAKEOFF,0.2271694391965866,0.2796124815940857,-0.0007845617365092039,0.25,0.25,0.5,1.6122338771820068,0.22715912759304047,0.0009565339423716068,1.6,0.1,0.5,1.6180963516235352,1.6400415897369385,-0.018421756103634834,1.6,1.6,0.5,0.1977175921201706,1.6512283086776733,-0.017917899414896965,0.25,1.6,0.5
0.23,TAKEOFF,0.2271694391965866,0.2796124815940857,-0.0007845617365092039,0.25,0.25,0.5,1.6122338771820068,0.22715912759304047,0.0009565339423716068,1.6,0.1,0.5,1.6180963516235352,1.6400415897369385,-0.018421756103634834,1.6,1.6,0.5,0.19814392924308777,1.651483416557312,-0.0169823057949543,0.25,1.6,0.5
0.25,TAKEOFF,0.2271694391965866,0.2796124815940857,-0.0007845617365092039,0.25,0.25,0.5,1.6122338771820068,0.22715912759304047,0.0009565339423716068,1.6,0.1,0.5,1.6178960800170898,1.6390997171401978,-0.020347952842712402,1.6,1.6,0.5,0.19814392924308777,1.651483416557312,-0.0169823057949543,0.25,1.6,0.5
0.27,TAKEOFF,0.2271694391965866,0.2796124815940857,-0.0007845617365092039,0.25,0.25,0.5,1.6122338771820068,0.22715912759304047,0.0009565339423716068,1.6,0.1,0.5,1.6178960800170898,1.6390997171401978,-0.020347952842712402,1.6,1.6,0.5,0.19814392924308777,1.651483416557312,-0.0169823057949543,0.25,1.6,0.5
0.29,TAKEOFF,0.228006049990654,0.2835249602794647,0.0006280930247157812,0.25,0.25,0.5,1.6122338771820068,0.22715912759304047,0.0009565339423716068,1.6,0.1,0.5,1.6178960800170898,1.6390997171401978,-0.020347952842712402,1.6,1.6,0.5,0.19814392924308777,1.651483416557312,-0.0169823057949543,0.25,1.6,0.5
0.31,TAKEOFF,0.228006049990654,0.2835249602794647,0.0006280930247157812,0.25,0.25,0.5,1.6119966506958008,0.22733400762081146,0.0017825799295678735,1.6,0.1,0.5,1.6178960800170898,1.6390997171401978,-0.020347952842712402,1.6,1.6,0.5,0.19814392924308777,1.651483416557312,-0.0169823057949543,0.25,1.6,0.5
0.33,TAKEOFF,0.228006049990654,0.2835249602794647,0.0006280930247157812,0.25,0.25,0.5,1.6119966506958008,0.22733400762081146,0.0017825799295678735,1.6,0.1,0.5,1.6178960800170898,1.6390997171401978,-0.020347952842712402,1.6,1.6,0.5,0.19786515831947327,1.6518738269805908,-0.015770459547638893,0.25,1.6,0.5
0.351,TAKEOFF,0.228006049990654,0.2835249602794647,0.0006280930247157812,0.25,0.25,0.5,1.6119966506958008,0.22733400762081146,0.0017825799295678735,1.6,0.1,0.5,1.6175587177276611,1.6398241519927979,-0.02023160830140114,1.6,1.6,0.5,0.19786515831947327,1.6518738269805908,-0.015770459547638893,0.25,1.6,0.5
0.37,TAKEOFF,0.228006049990654,0.2835249602794647,0.0006280930247157812,0.25,0.25,0.5,1.6119966506958008,0.22733400762081146,0.0017825799295678735,1.6,0.1,0.5,1.6175587177276611,1.6398241519927979,-0.02023160830140114,1.6,1.6,0.5,0.19786515831947327,1.6518738269805908,-0.015770459547638893,0.25,1.6,0.5
0.39,TAKEOFF,0.22854088246822357,0.2853187620639801,0.00140363909304142,0.25,0.25,0.5,1.6108957529067993,0.22854770720005035,0.0014515395741909742,1.6,0.1,0.5,1.6175587177276611,1.6398241519927979,-0.02023160830140114,1.6,1.6,0.5,0.19786515831947327,1.6518738269805908,-0.015770459547638893,0.25,1.6,0.5
0.409,TAKEOFF,0.22854088246822357,0.2853187620639801,0.00140363909304142,0.25,0.25,0.5,1.6108957529067993,0.22854770720005035,0.0014515395741909742,1.6,0.1,0.5,1.6175587177276611,1.6398241519927979,-0.02023160830140114,1.6,1.6,0.5,0.19786515831947327,1.6518738269805908,-0.015770459547638893,0.25,1.6,0.5
0.431,TAKEOFF,0.22854088246822357,0.2853187620639801,0.00140363909304142,0.25,0.25,0.5,1.6108957529067993,0.22854770720005035,0.0014515395741909742,1.6,0.1,0.5,1.6175587177276611,1.6398241519927979,-0.02023160830140114,1.6,1.6,0.5,0.1976046860218048,1.6520333290100098,-0.015665924176573753,0.25,1.6,0.5
0.45,TAKEOFF,0.22854088246822357,0.2853187620639801,0.00140363909304142,0.25,0.25,0.5,1.6108957529067993,0.22854770720005035,0.0014515395741909742,1.6,0.1,0.5,1.616252064704895,1.6391526460647583,-0.017581986263394356,1.6,1.6,0.5,0.1976046860218048,1.6520333290100098,-0.015665924176573753,0.25,1.6,0.5
0.469,TAKEOFF,0.22854088246822357,0.2853187620639801,0.00140363909304142,0.25,0.25,0.5,1.6108957529067993,0.22854770720005035,0.0014515395741909742,1.6,0.1,0.5,1.616252064704895,1.6391526460647583,-0.017581986263394356,1.6,1.6,0.5,0.1976046860218048,1.6520333290100098,-0.015665924176573753,0.25,1.6,0.5
0.491,TAKEOFF,0.22852247953414917,0.28957319259643555,0.0017579568084329367,0.25,0.25,0.5,1.6108957529067993,0.22854770720005035,0.0014515395741909742,1.6,0.1,0.5,1.616252064704895,1.6391526460647583,-0.017581986263394356,1.6,1.6,0.5,0.1976046860218048,1.6520333290100098,-0.015665924176573753,0.25,1.6,0.5
0.51,TAKEOFF,0.22852247953414917,0.28957319259643555,0.0017579568084329367,0.25,0.25,0.5,1.6107205152511597,0.22920408844947815,0.0041731237433850765,1.6,0.1,0.5,1.616252064704895,1.6391526460647583,-0.017581986263394356,1.6,1.6,0.5,0.1976046860218048,1.6520333290100098,-0.015665924176573753,0.25,1.6,0.5
0.53,TAKEOFF,0.22852247953414917,0.28957319259643555,0.0017579568084329367,0.25,0.25,0.5,1.6107205152511597,0.22920408844947815,0.0041731237433850765,1.6,0.1,0.5,1.616252064704895,1.6391526460647583,-0.017581986263394356,1.6,1.6,0.5,0.19712771475315094,1.6525728702545166,-0.015248283743858337,0.25,1.6,0.5
0.55,TAKEOFF,0.22852247953414917,0.28957319259643555,0.0017579568084329367,0.25,0.25,0.5,1.6107205152511597,0.22920408844947815,0.0041731237433850765,1.6,0.1,0.5,1.6171720027923584,1.6370534896850586,-0.016894694417715073,1.6,1.6,0.5,0.19712771475315094,1.6525728702545166,-0.015248283743858337,0.25,1.6,0.5
0.57,TAKEOFF,0.22852247953414917,0.28957319259643555,0.0017579568084329367,0.25,0.25,0.5,1.6107205152511597,0.22920408844947815,0.0041731237433850765,1.6,0.1,0.5,1.6171720027923584,1.6370534896850586,-0.016894694417715073,1.6,1.6,0.5,0.19712771475315094,1.6525728702545166,-0.015248283743858337,0.25,1.6,0.5
0.59,TAKEOFF,0.22852247953414917,0.28957319259643555,0.0017579568084329367,0.25,0.25,0.5,1.6107205152511597,0.22920408844947815,0.0041731237433850765,1.6,0.1,0.5,1.6171720027923584,1.6370534896850586,-0.016894694417715073,1.6,1.6,0.5,0.19712771475315094,1.6525728702545166,-0.015248283743858337,0.25,1.6,0.5
0.609,TAKEOFF,0.2279423326253891,0.2934795618057251,0.0007109842845238745,0.25,0.25,0.5,1.605985403060913,0.22911511361598969,0.0066182417795062065,1.6,0.1,0.5,1.6171720027923584,1.6370534896850586,-0.016894694417715073,1.6,1.6,0.5,0.19712771475315094,1.6525728702545166,-0.015248283743858337,0.25,1.6,0.5
0.63,TAKEOFF,0.2279423326253891,0.2934795618057251,0.0007109842845238745,0.25,0.25,0.5,1.605985403060913,0.22911511361598969,0.0066182417795062065,1.6,0.1,0.5,1.6171720027923584,1.6370534896850586,-0.016894694417715073,1.6,1.6,0.5,0.192742258310318,1.6518776416778564,-0.014032231643795967,0.25,1.6,0.5
0.649,TAKEOFF,0.2279423326253891,0.2934795618057251,0.0007109842845238745,0.25,0.25,0.5,1.605985403060913,0.22911511361598969,0.0066182417795062065,1.6,0.1,0.5,1.6144466400146484,1.6349258422851562,-0.014310386031866074,1.6,1.6,0.5,0.192742258310318,1.6518776416778564,-0.014032231643795967,0.25,1.6,0.5
0.67,TAKEOFF,0.2279423326253891,0.2934795618057251,0.0007109842845238745,0.25,0.25,0.5,1.605985403060913,0.22911511361598969,0.0066182417795062065,1.6,0.1,0.5,1.6144466400146484,1.6349258422851562,-0.014310386031866074,1.6,1.6,0.5,0.192742258310318,1.6518776416778564,-0.014032231643795967,0.25,1.6,0.5
0.69,TAKEOFF,0.22657743096351624,0.29689648747444153,0.000682980113197118,0.25,0.25,0.5,1.6008977890014648,0.23089702427387238,0.012396028265357018,1.6,0.1,0.5,1.6144466400146484,1.6349258422851562,-0.014310386031866074,1.6,1.6,0.5,0.192742258310318,1.6518776416778564,-0.014032231643795967,0.25,1.6,0.5
0.71,TAKEOFF,0.22657743096351624,0.29689648747444153,0.000682980113197118,0.25,0.25,0.5,1.6008977890014648,0.23089702427387238,0.012396028265357018,1.6,0.1,0.5,1.6144466400146484,1.6349258422851562,-0.014310386031866074,1.6,1.6,0.5,0.192742258310318,1.6518776416778564,-0.014032231643795967,0.25,1.6,0.5
0.731,TAKEOFF,0.22657743096351624,0.29689648747444153,0.000682980113197118,0.25,0.25,0.5,1.6008977890014648,0.23089702427387238,0.012396028265357018,1.6,0.1,0.5,1.6144466400146484,1.6349258422851562,-0.014310386031866074,1.6,1.6,0.5,0.1867801547050476,1.6531670093536377,-0.01079203374683857,0.25,1.6,0.5
0.75,TAKEOFF,0.22657743096351624,0.29689648747444153,0.000682980113197118,0.25,0.25,0.5,1.6008977890014648,0.23089702427387238,0.012396028265357018,1.6,0.1,0.5,1.6144466400146484,1.6349258422851562,-0.014310386031866074,1.6,1.6,0.5,0.1867801547050476,1.6531670093536377,-0.01079203374683857,0.25,1.6,0.5
0.769,TAKEOFF,0.22657743096351624,0.29689648747444153,0.000682980113197118,0.25,0.25,0.5,1.6008977890014648,0.23089702427387238,0.012396028265357018,1.6,0.1,0.5,1.6097155809402466,1.6316044330596924,-0.007000609301030636,1.6,1.6,0.5,0.1867801547050476,1.6531670093536377,-0.01079203374683857,0.25,1.6,0.5
0.79,TAKEOFF,0.22657743096351624,0.29689648747444153,0.000682980113197118,0.25,0.25,0.5,1.6008977890014648,0.23089702427387238,0.012396028265357018,1.6,0.1,0.5,1.6097155809402466,1.6316044330596924,-0.007000609301030636,1.6,1.6,0.5,0.1867801547050476,1.6531670093536377,-0.01079203374683857,0.25,1.6,0.5
0.81,TAKEOFF,0.22525426745414734,0.298486590385437,0.0013365354388952255,0.25,0.25,0.5,1.5963002443313599,0.2319391816854477,0.020289983600378036,1.6,0.1,0.5,1.6097155809402466,1.6316044330596924,-0.007000609301030636,1.6,1.6,0.5,0.1867801547050476,1.6531670093536377,-0.01079203374683857,0.25,1.6,0.5
0.83,TAKEOFF,0.22525426745414734,0.298486590385437,0.0013365354388952255,0.25,0.25,0.5,1.5963002443313599,0.2319391816854477,0.020289983600378036,1.6,0.1,0.5,1.6097155809402466,1.6316044330596924,-0.007000609301030636,1.6,1.6,0.5,0.1867801547050476,1.6531670093536377,-0.01079203374683857,0.25,1.6,0.5
0.85,TAKEOFF,0.22525426745414734,0.298486590385437,0.0013365354388952255,0.25,0.25,0.5,1.5963002443313599,0.2319391816854477,0.020289983600378036,1.6,0.1,0.5,1.6159034967422485,1.6358669996261597,0.0028139478527009487,1.6,1.6,0.5,0.18266762793064117,1.6560031175613403,-0.002875491976737976,0.25,1.6,0.5
0.87,TAKEOFF,0.22525426745414734,0.298486590385437,0.0013365354388952255,0.25,0.25,0.5,1.5963002443313599,0.2319391816854477,0.020289983600378036,1.6,0.1,0.5,1.6159034967422485,1.6358669996261597,0.0028139478527009487,1.6,1.6,0.5,0.18266762793064117,1.6560031175613403,-0.002875491976737976,0.25,1.6,0.5
0.889,TAKEOFF,0.22117184102535248,0.2971462905406952,0.004701318684965372,0.25,0.25,0.5,1.5927515029907227,0.23140498995780945,0.027428291738033295,1.6,0.1,0.5,1.6159034967422485,1.6358669996261597,0.0028139478527009487,1.6,1.6,0.5,0.18266762793064117,1.6560031175613403,-0.002875491976737976,0.25,1.6,0.5
0.91,TAKEOFF,0.22117184102535248,0.2971462905406952,0.004701318684965372,0.25,0.25,0.5,1.5927515029907227,0.23140498995780945,0.027428291738033295,1.6,0.1,0.5,1.6159034967422485,1.6358669996261597,0.0028139478527009487,1.6,1.6,0.5,0.18266762793064117,1.6560031175613403,-0.002875491976737976,0.25,1.6,0.5
0.93,TAKEOFF,0.22117184102535248,0.2971462905406952,0.004701318684965372,0.25,0.25,0.5,1.5927515029907227,0.23140498995780945,0.027428291738033295,1.6,0.1,0.5,1.6159034967422485,1.6358669996261597,0.0028139478527009487,1.6,1.6,0.5,0.17877641320228577,1.6583564281463623,0.0018587044905871153,0.25,1.6,0.5
0.951,TAKEOFF,0.22117184102535248,0.2971462905406952,0.004701318684965372,0.25,0.25,0.5,1.5927515029907227,0.23140498995780945,0.027428291738033295,1.6,0.1,0.5,1.6129839420318604,1.6396028995513916,0.012467066757380962,1.6,1.6,0.5,0.17877641320228577,1.6583564281463623,0.0018587044905871153,0.25,1.6,0.5
0.97,TAKEOFF,0.22117184102535248,0.2971462905406952,0.004701318684965372,0.25,0.25,0.5,1.5927515029907227,0.23140498995780945,0.027428291738033295,1.6,0.1,0.5,1.6129839420318604,1.6396028995513916,0.012467066757380962,1.6,1.6,0.5,0.17877641320228577,1.6583564281463623,0.0018587044905871153,0.25,1.6,0.5
0.989,TAKEOFF,0.21629156172275543,0.29480695724487305,0.0071805021725595,0.25,0.25,0.5,1.5931094884872437,0.22845952212810516,0.0328950509428978,1.6,0.1,0.5,1.6129839420318604,1.6396028995513916,0.012467066757380962,1.6,1.6,0.5,0.17877641320228577,1.6583564281463623,0.0018587044905871153,0.25,1.6,0.5
1.01,TAKEOFF,0.21629156172275543,0.29480695724487305,0.0071805021725595,0.25,0.25,0.5,1.5931094884872437,0.22845952212810516,0.0328950509428978,1.6,0.1,0.5,1.6129839420318604,1.6396028995513916,0.012467066757380962,1.6,1.6,0.5,0.17877641320228577,1.6583564281463623,0.0018587044905871153,0.25,1.6,0.5
1.03,TAKEOFF,0.21629156172275543,0.29480695724487305,0.0071805021725595,0.25,0.25,0.5,1.5931094884872437,0.22845952212810516,0.0328950509428978,1.6,0.1,0.5,1.6129839420318604,1.6396028995513916,0.012467066757380962,1.6,1.6,0.5,0.17563337087631226,1.6594843864440918,0.0066351136192679405,0.25,1.6,0.5
1.049,TAKEOFF,0.21629156172275543,0.29480695724487305,0.0071805021725595,0.25,0.25,0.5,1.5931094884872437,0.22845952212810516,0.0328950509428978,1.6,0.1,0.5,1.6092194318771362,1.6461580991744995,0.01981348544359207,1.6,1.6,0.5,0.17563337087631226,1.6594843864440918,0.0066351136192679405,0.25,1.6,0.5
1.069,TAKEOFF,0.21629156172275543,0.29480695724487305,0.0071805021725595,0.25,0.25,0.5,1.5931094884872437,0.22845952212810516,0.0328950509428978,1.6,0.1,0.5,1.6092194318771362,1.6461580991744995,0.01981348544359207,1.6,1.6,0.5,0.17563337087631226,1.6594843864440918,0.0066351136192679405,0.25,1.6,0.5
1.089,TAKEOFF,0.2133304625749588,0.29294949769973755,0.012729479931294918,0.25,0.25,0.5,1.5931031703948975,0.2274492383003235,0.0367242805659771,1.6,0.1,0.5,1.6092194318771362,1.6461580991744995,0.01981348544359207,1.6,1.6,0.5,0.17563337087631226,1.6594843864440918,0.0066351136192679405,0.25,1.6,0.5
1.11,TAKEOFF,0.2133304625749588,0.29294949769973755,0.012729479931294918,0.25,0.25,0.5,1.5931031703948975,0.2274492383003235,0.0367242805659771,1.6,0.1,0.5,1.6092194318771362,1.6461580991744995,0.01981348544359207,1.6,1.6,0.5,0.17563337087631226,1.6594843864440918,0.0066351136192679405,0.25,1.6,0.5
1.13,TAKEOFF,0.2133304625749588,0.29294949769973755,0.012729479931294918,0.25,0.25,0.5,1.5931031703948975,0.2274492383003235,0.0367242805659771,1.6,0.1,0.5,1.6092194318771362,1.6461580991744995,0.01981348544359207,1.6,1.6,0.5,0.17226804792881012,1.6583422422409058,0.012406219728291035,0.25,1.6,0.5
1.15,TAKEOFF,0.2133304625749588,0.29294949769973755,0.012729479931294918,0.25,0.25,0.5,1.5931031703948975,0.2274492383003235,0.0367242805659771,1.6,0.1,0.5,1.6054668426513672,1.6520593166351318,0.025134257972240448,1.6,1.6,0.5,0.17226804792881012,1.6583422422409058,0.012406219728291035,0.25,1.6,0.5
1.17,TAKEOFF,0.2133304625749588,0.29294949769973755,0.012729479931294918,0.25,0.25,0.5,1.5931031703948975,0.2274492383003235,0.0367242805659771,1.6,0.1,0.5,1.6054668426513672,1.6520593166351318,0.025134257972240448,1.6,1.6,0.5,0.17226804792881012,1.6583422422409058,0.012406219728291035,0.25,1.6,0.5
1.189,TAKEOFF,0.21191364526748657,0.29307612776756287,0.022014547139406204,0.25,0.25,0.5,1.5950723886489868,0.22205820679664612,0.04499749094247818,1.6,0.1,0.5,1.6054668426513672,1.6520593166351318,0.025134257972240448,1.6,1.6,0.5,0.17226804792881012,1.6583422422409058,0.012406219728291035,0.25,1.6,0.5
1.21,TAKEOFF,0.21191364526748657,0.29307612776756287,0.022014547139406204,0.25,0.25,0.5,1.5950723886489868,0.22205820679664612,0.04499749094247818,1.6,0.1,0.5,1.6054668426513672,1.6520593166351318,0.025134257972240448,1.6,1.6,0.5,0.17226804792881012,1.6583422422409058,0.012406219728291035,0.25,1.6,0.5
1.23,TAKEOFF,0.21191364526748657,0.29307612776756287,0.022014547139406204,0.25,0.25,0.5,1.5950723886489868,0.22205820679664612,0.04499749094247818,1.6,0.1,0.5,1.6054668426513672,1.6520593166351318,0.025134257972240448,1.6,1.6,0.5,0.17010895907878876,1.6574796438217163,0.018428834155201912,0.25,1.6,0.5
1.251,TAKEOFF,0.21191364526748657,0.29307612776756287,0.022014547139406204,0.25,0.25,0.5,1.5950723886489868,0.22205820679664612,0.04499749094247818,1.6,0.1,0.5,1.603271484375,1.6568138599395752,0.030187204480171204,1.6,1.6,0.5,0.17010895907878876,1.6574796438217163,0.018428834155201912,0.25,1.6,0.5
1.27,TAKEOFF,0.21191364526748657,0.29307612776756287,0.022014547139406204,0.25,0.25,0.5,1.5950723886489868,0.22205820679664612,0.04499749094247818,1.6,0.1,0.5,1.603271484375,1.6568138599395752,0.030187204480171204,1.6,1.6,0.5,0.17010895907878876,1.6574796438217163,0.018428834155201912,0.25,1.6,0.5
1.289,TAKEOFF,0.20862925052642822,0.2915797233581543,0.03430132195353508,0.25,0.25,0.5,1.5956920385360718,0.21719834208488464,0.05237913876771927,1.6,0.1,0.5,1.603271484375,1.6568138599395752,0.030187204480171204,1.6,1.6,0.5,0.17010895907878876,1.6574796438217163,0.018428834155201912,0.25,1.6,0.5
1.309,TAKEOFF,0.20862925052642822,0.2915797233581543,0.03430132195353508,0.25,0.25,0.5,1.5956920385360718,0.21719834208488464,0.05237913876771927,1.6,0.1,0.5,1.603271484375,1.6568138599395752,0.030187204480171204,1.6,1.6,0.5,0.17010895907878876,1.6574796438217163,0.018428834155201912,0.25,1.6,0.5
1.33,TAKEOFF,0.20862925052642822,0.2915797233581543,0.03430132195353508,0.25,0.25,0.5,1.5956920385360718,0.21719834208488464,0.05237913876771927,1.6,0.1,0.5,1.603271484375,1.6568138599395752,0.030187204480171204,1.6,1.6,0.5,0.1678697019815445,1.6579043865203857,0.02436118945479393,0.25,1.6,0.5
1.35,TAKEOFF,0.20862925052642822,0.2915797233581543,0.03430132195353508,0.25,0.25,0.5,1.5956920385360718,0.21719834208488464,0.05237913876771927,1.6,0.1,0.5,1.6008213758468628,1.6572586297988892,0.03639800846576691,1.6,1.6,0.5,0.1678697019815445,1.6579043865203857,0.02436118945479393,0.25,1.6,0.5
1.369,TAKEOFF,0.20862925052642822,0.2915797233581543,0.03430132195353508,0.25,0.25,0.5,1.5956920385360718,0.21719834208488464,0.05237913876771927,1.6,0.1,0.5,1.6008213758468628,1.6572586297988892,0.03639800846576691,1.6,1.6,0.5,0.1678697019815445,1.6579043865203857,0.02436118945479393,0.25,1.6,0.5
1.39,TAKEOFF,0.20804253220558167,0.2909233868122101,0.042052462697029114,0.25,0.25,0.5,1.5956920385360718,0.21719834208488464,0.05237913876771927,1.6,0.1,0.5,1.6008213758468628,1.6572586297988892,0.03639800846576691,1.6,1.6,0.5,0.1678697019815445,1.6579043865203857,0.02436118945479393,0.25,1.6,0.5
1.411,TAKEOFF,0.20804253220558167,0.2909233868122101,0.042052462697029114,0.25,0.25,0.5,1.5965838432312012,0.2108370065689087,0.058337729424238205,1.6,0.1,0.5,1.6008213758468628,1.6572586297988892,0.03639800846576691,1.6,1.6,0.5,0.1678697019815445,1.6579043865203857,0.02436118945479393,0.25,1.6,0.5
1.43,TAKEOFF,0.20804253220558167,0.2909233868122101,0.042052462697029114,0.25,0.25,0.5,1.5965838432312012,0.2108370065689087,0.058337729424238205,1.6,0.1,0.5,1.6008213758468628,1.6572586297988892,0.03639800846576691,1.6,1.6,0.5,0.16665464639663696,1.6598671674728394,0.03289428725838661,0.25,1.6,0.5
1.45,TAKEOFF,0.20804253220558167,0.2909233868122101,0.042052462697029114,0.25,0.25,0.5,1.5965838432312012,0.2108370065689087,0.058337729424238205,1.6,0.1,0.5,1.6011298894882202,1.6626144647598267,0.042850472033023834,1.6,1.6,0.5,0.16665464639663696,1.6598671674728394,0.03289428725838661,0.25,1.6,0.5
1.469,TAKEOFF,0.20804253220558167,0.2909233868122101,0.042052462697029114,0.25,0.25,0.5,1.5965838432312012,0.2108370065689087,0.058337729424238205,1.6,0.1,0.5,1.6011298894882202,1.6626144647598267,0.042850472033023834,1.6,1.6,0.5,0.16665464639663696,1.6598671674728394,0.03289428725838661,0.25,1.6,0.5
1.49,TAKEOFF,0.20707251131534576,0.2926037311553955,0.04721972718834877,0.25,0.25,0.5,1.5954853296279907,0.2030368149280548,0.06720274686813354,1.6,0.1,0.5,1.6011298894882202,1.6626144647598267,0.042850472033023834,1.6,1.6,0.5,0.16665464639663696,1.6598671674728394,0.03289428725838661,0.25,1.6,0.5
1.51,TAKEOFF,0.20707251131534576,0.2926037311553955,0.04721972718834877,0.25,0.25,0.5,1.5954853296279907,0.2030368149280548,0.06720274686813354,1.6,0.1,0.5,1.6011298894882202,1.6626144647598267,0.042850472033023834,1.6,1.6,0.5,0.16665464639663696,1.6598671674728394,0.03289428725838661,0.25,1.6,0.5
1.53,TAKEOFF,0.20707251131534576,0.2926037311553955,0.04721972718834877,0.25,0.25,0.5,1.5954853296279907,0.2030368149280548,0.06720274686813354,1.6,0.1,0.5,1.6011298894882202,1.6626144647598267,0.042850472033023834,1.6,1.6,0.5,0.16628693044185638,1.6595914363861084,0.04098055511713028,0.25,1.6,0.5
1.55,TAKEOFF,0.20707251131534576,0.2926037311553955,0.04721972718834877,0.25,0.25,0.5,1.5954853296279907,0.2030368149280548,0.06720274686813354,1.6,0.1,0.5,1.5992494821548462,1.6654717922210693,0.05213816463947296,1.6,1.6,0.5,0.16628693044185638,1.6595914363861084,0.04098055511713028,0.25,1.6,0.5
1.57,TAKEOFF,0.20707251131534576,0.2926037311553955,0.04721972718834877,0.25,0.25,0.5,1.5954853296279907,0.2030368149280548,0.06720274686813354,1.6,0.1,0.5,1.5992494821548462,1.6654717922210693,0.05213816463947296,1.6,1.6,0.5,0.16628693044185638,1.6595914363861084,0.04098055511713028,0.25,1.6,0.5
1.59,TAKEOFF,0.20704713463783264,0.29116150736808777,0.04999648779630661,0.25,0.25,0.5,1.5942797660827637,0.19656647741794586,0.07566002011299133,1.6,0.1,0.5,1.5992494821548462,1.6654717922210693,0.05213816463947296,1.6,1.6,0.5,0.16628693044185638,1.6595914363861084,0.04098055511713028,0.25,1.6,0.5
1.609,TAKEOFF,0.20704713463783264,0.29116150736808777,0.04999648779630661,0.25,0.25,0.5,1.5942797660827637,0.19656647741794586,0.07566002011299133,1.6,0.1,0.5,1.5992494821548462,1.6654717922210693,0.05213816463947296,1.6,1.6,0.5,0.16628693044185638,1.6595914363861084,0.04098055511713028,0.25,1.6,0.5
1.63,TAKEOFF,0.20704713463783264,0.29116150736808777,0.04999648779630661,0.25,0.25,0.5,1.5942797660827637,0.19656647741794586,0.07566002011299133,1.6,0.1,0.5,1.5992494821548462,1.6654717922210693,0.05213816463947296,1.6,1.6,0.5,0.1685834676027298,1.6571509838104248,0.048634257167577744,0.25,1.6,0.5
1.651,TAKEOFF,0.20704713463783264,0.29116150736808777,0.04999648779630661,0.25,0.25,0.5,1.5942797660827637,0.19656647741794586,0.07566002011299133,1.6,0.1,0.5,1.597657561302185,1.6636534929275513,0.06315313279628754,1.6,1.6,0.5,0.1685834676027298,1.6571509838104248,0.048634257167577744,0.25,1.6,0.5
1.67,TAKEOFF,0.20704713463783264,0.29116150736808777,0.04999648779630661,0.25,0.25,0.5,1.5942797660827637,0.19656647741794586,0.07566002011299133,1.6,0.1,0.5,1.597657561302185,1.6636534929275513,0.06315313279628754,1.6,1.6,0.5,0.1685834676027298,1.6571509838104248,0.048634257167577744,0.25,1.6,0.5
1.689,TAKEOFF,0.2082841396331787,0.2889566421508789,0.05378136411309242,0.25,0.25,0.5,1.5921597480773926,0.1928194761276245,0.08374125510454178,1.6,0.1,0.5,1.597657561302185,1.6636534929275513,0.06315313279628754,1.6,1.6,0.5,0.1685834676027298,1.6571509838104248,0.048634257167577744,0.25,1.6,0.5
1.71,TAKEOFF,0.2082841396331787,0.2889566421508789,0.05378136411309242,0.25,0.25,0.5,1.5921597480773926,0.1928194761276245,0.08374125510454178,1.6,0.1,0.5,1.597657561302185,1.6636534929275513,0.06315313279628754,1.6,1.6,0.5,0.1685834676027298,1.6571509838104248,0.048634257167577744,0.25,1.6,0.5
1.73,TAKEOFF,0.2082841396331787,0.2889566421508789,0.05378136411309242,0.25,0.25,0.5,1.5921597480773926,0.1928194761276245,0.08374125510454178,1.6,0.1,0.5,1.597657561302185,1.6636534929275513,0.06315313279628754,1.6,1.6,0.5,0.17147070169448853,1.6536446809768677,0.05542179197072983,0.25,1.6,0.5
1.75,TAKEOFF,0.2082841396331787,0.2889566421508789,0.05378136411309242,0.25,0.25,0.5,1.5921597480773926,0.1928194761276245,0.08374125510454178,1.6,0.1,0.5,1.5960593223571777,1.662108063697815,0.07392416149377823,1.6,1.6,0.5,0.17147070169448853,1.6536446809768677,0.05542179197072983,0.25,1.6,0.5
1.77,TAKEOFF,0.2082841396331787,0.2889566421508789,0.05378136411309242,0.25,0.25,0.5,1.5921597480773926,0.1928194761276245,0.08374125510454178,1.6,0.1,0.5,1.5960593223571777,1.662108063697815,0.07392416149377823,1.6,1.6,0.5,0.17147070169448853,1.6536446809768677,0.05542179197072983,0.25,1.6,0.5
1.79,TAKEOFF,0.20601361989974976,0.28890371322631836,0.06348425149917603,0.25,0.25,0.5,1.5921597480773926,0.1928194761276245,0.08374125510454178,1.6,0.1,0.5,1.5960593223571777,1.662108063697815,0.07392416149377823,1.6,1.6,0.5,0.17147070169448853,1.6536446809768677,0.05542179197072983,0.25,1.6,0.5
1.81,TAKEOFF,0.20601361989974976,0.28890371322631836,0.06348425149917603,0.25,0.25,0.5,1.5911905765533447,0.19055022299289703,0.09263161569833755,1.6,0.1,0.5,1.5960593223571777,1.662108063697815,0.07392416149377823,1.6,1.6,0.5,0.17147070169448853,1.6536446809768677,0.05542179197072983,0.25,1.6,0.5
1.83,TAKEOFF,0.20601361989974976,0.28890371322631836,0.06348425149917603,0.25,0.25,0.5,1.5911905765533447,0.19055022299289703,0.09263161569833755,1.6,0.1,0.5,1.5960593223571777,1.662108063697815,0.07392416149377823,1.6,1.6,0.5,0.1752837598323822,1.6501522064208984,0.0620858371257782,0.25,1.6,0.5
1.85,TAKEOFF,0.20601361989974976,0.28890371322631836,0.06348425149917603,0.25,0.25,0.5,1.5911905765533447,0.19055022299289703,0.09263161569833755,1.6,0.1,0.5,1.5938531160354614,1.6580357551574707,0.0826747864484787,1.6,1.6,0.5,0.1752837598323822,1.6501522064208984,0.0620858371257782,0.25,1.6,0.5
1.87,TAKEOFF,0.20601361989974976,0.28890371322631836,0.06348425149917603,0.25,0.25,0.5,1.5911905765533447,0.19055022299289703,0.09263161569833755,1.6,0.1,0.5,1.5938531160354614,1.6580357551574707,0.0826747864484787,1.6,1.6,0.5,0.1752837598323822,1.6501522064208984,0.0620858371257782,0.25,1.6,0.5
1.89,TAKEOFF,0.20601361989974976,0.28890371322631836,0.06348425149917603,0.25,0.25,0.5,1.5911905765533447,0.19055022299289703,0.09263161569833755,1.6,0.1,0.5,1.5938531160354614,1.6580357551574707,0.0826747864484787,1.6,1.6,0.5,0.1752837598323822,1.6501522064208984,0.0620858371257782,0.25,1.6,0.5
1.909,TAKEOFF,0.2051042765378952,0.2875746190547943,0.07287907600402832,0.25,0.25,0.5,1.5929979085922241,0.1865462362766266,0.10193177312612534,1.6,0.1,0.5,1.5938531160354614,1.6580357551574707,0.0826747864484787,1.6,1.6,0.5,0.1752837598323822,1.6501522064208984,0.0620858371257782,0.25,1.6,0.5
1.93,TAKEOFF,0.2051042765378952,0.2875746190547943,0.07287907600402832,0.25,0.25,0.5,1.5929979085922241,0.1865462362766266,0.10193177312612534,1.6,0.1,0.5,1.5938531160354614,1.6580357551574707,0.0826747864484787,1.6,1.6,0.5,0.17829877138137817,1.6449776887893677,0.06937752664089203,0.25,1.6,0.5
1.95,TAKEOFF,0.2051042765378952,0.2875746190547943,0.07287907600402832,0.25,0.25,0.5,1.5929979085922241,0.1865462362766266,0.10193177312612534,1.6,0.1,0.5,1.593790054321289,1.6536281108856201,0.08877784758806229,1.6,1.6,0.5,0.17829877138137817,1.6449776887893677,0.06937752664089203,0.25,1.6,0.5
1.97,TAKEOFF,0.2051042765378952,0.2875746190547943,0.07287907600402832,0.25,0.25,0.5,1.5929979085922241,0.1865462362766266,0.10193177312612534,1.6,0.1,0.5,1.593790054321289,1.6536281108856201,0.08877784758806229,1.6,1.6,0.5,0.17829877138137817,1.6449776887893677,0.06937752664089203,0.25,1.6,0.5
1.991,TAKEOFF,0.2051042765378952,0.2875746190547943,0.07287907600402832,0.25,0.25,0.5,1.5929979085922241,0.1865462362766266,0.10193177312612534,1.6,0.1,0.5,1.593790054321289,1.6536281108856201,0.08877784758806229,1.6,1.6,0.5,0.17829877138137817,1.6449776887893677,0.06937752664089203,0.25,1.6,0.5
2.01,TAKEOFF,0.20533348619937897,0.28645336627960205,0.08161129802465439,0.25,0.25,0.5,1.5931622982025146,0.18016500771045685,0.1119195967912674,1.6,0.1,0.5,1.593790054321289,1.6536281108856201,0.08877784758806229,1.6,1.6,0.5,0.17829877138137817,1.6449776887893677,0.06937752664089203,0.25,1.6,0.5
2.029,TAKEOFF,0.20533348619937897,0.28645336627960205,0.08161129802465439,0.25,0.25,0.5,1.5931622982025146,0.18016500771045685,0.1119195967912674,1.6,0.1,0.5,1.593790054321289,1.6536281108856201,0.08877784758806229,1.6,1.6,0.5,0.17829877138137817,1.6449776887893677,0.06937752664089203,0.25,1.6,0.5
2.05,TAKEOFF,0.20533348619937897,0.28645336627960205,0.08161129802465439,0.25,0.25,0.5,1.5931622982025146,0.18016500771045685,0.1119195967912674,1.6,0.1,0.5,1.5916025638580322,1.6504923105239868,0.10006828606128693,1.6,1.6,0.5,0.18110395967960358,1.6382008790969849,0.07911316305398941,0.25,1.6,0.5
2.07,TAKEOFF,0.20533348619937897,0.28645336627960205,0.08161129802465439,0.25,0.25,0.5,1.5931622982025146,0.18016500771045685,0.1119195967912674,1.6,0.1,0.5,1.5916025638580322,1.6504923105239868,0.10006828606128693,1.6,1.6,0.5,0.18110395967960358,1.6382008790969849,0.07911316305398941,0.25,1.6,0.5
2.09,TAKEOFF,0.20533348619937897,0.28645336627960205,0.08161129802465439,0.25,0.25,0.5,1.5934377908706665,0.17687958478927612,0.12115677446126938,1.6,0.1,0.5,1.5916025638580322,1.6504923105239868,0.10006828606128693,1.6,1.6,0.5,0.18110395967960358,1.6382008790969849,0.07911316305398941,0.25,1.6,0.5
2.11,TAKEOFF,0.2065146118402481,0.2856375277042389,0.08975604176521301,0.25,0.25,0.5,1.5934377908706665,0.17687958478927612,0.12115677446126938,1.6,0.1,0.5,1.5916025638580322,1.6504923105239868,0.10006828606128693,1.6,1.6,0.5,0.18110395967960358,1.6382008790969849,0.07911316305398941,0.25,1.6,0.5
2.129,TAKEOFF,0.2065146118402481,0.2856375277042389,0.08975604176521301,0.25,0.25,0.5,1.5934377908706665,0.17687958478927612,0.12115677446126938,1.6,0.1,0.5,1.5916025638580322,1.6504923105239868,0.10006828606128693,1.6,1.6,0.5,0.18110395967960358,1.6382008790969849,0.07911316305398941,0.25,1.6,0.5
2.149,TAKEOFF,0.2065146118402481,0.2856375277042389,0.08975604176521301,0.25,0.25,0.5,1.5934377908706665,0.17687958478927612,0.12115677446126938,1.6,0.1,0.5,1.590752363204956,1.6466635465621948,0.11124587804079056,1.6,1.6,0.5,0.182639017701149,1.634769320487976,0.08870333433151245,0.25,1.6,0.5
2.17,TAKEOFF,0.2065146118402481,0.2856375277042389,0.08975604176521301,0.25,0.25,0.5,1.5934377908706665,0.17687958478927612,0.12115677446126938,1.6,0.1,0.5,1.590752363204956,1.6466635465621948,0.11124587804079056,1.6,1.6,0.5,0.182639017701149,1.634769320487976,0.08870333433151245,0.25,1.6,0.5
2.19,TAKEOFF,0.2065146118402481,0.2856375277042389,0.08975604176521301,0.25,0.25,0.5,1.5934377908706665,0.17687958478927612,0.12115677446126938,1.6,0.1,0.5,1.590752363204956,1.6466635465621948,0.11124587804079056,1.6,1.6,0.5,0.182639017701149,1.634769320487976,0.08870333433151245,0.25,1.6,0.5
2.21,TAKEOFF,0.20864540338516235,0.28320059180259705,0.09778260439634323,0.25,0.25,0.5,1.5969141721725464,0.17182084918022156,0.1317320168018341,1.6,0.1,0.5,1.590752363204956,1.6466635465621948,0.11124587804079056,1.6,1.6,0.5,0.182639017701149,1.634769320487976,0.08870333433151245,0.25,1.6,0.5
2.23,TAKEOFF,0.20864540338516235,0.28320059180259705,0.09778260439634323,0.25,0.25,0.5,1.5969141721725464,0.17182084918022156,0.1317320168018341,1.6,0.1,0.5,1.590752363204956,1.6466635465621948,0.11124587804079056,1.6,1.6,0.5,0.182639017701149,1.634769320487976,0.08870333433151245,0.25,1.6,0.5
2.25,TAKEOFF,0.20864540338516235,0.28320059180259705,0.09778260439634323,0.25,0.25,0.5,1.5969141721725464,0.17182084918022156,0.1317320168018341,1.6,0.1,0.5,1.593331217765808,1.6410398483276367,0.11932999640703201,1.6,1.6,0.5,0.18455450236797333,1.6326701641082764,0.09861207008361816,0.25,1.6,0.5
2.27,TAKEOFF,0.20864540338516235,0.28320059180259705,0.09778260439634323,0.25,0.25,0.5,1.5969141721725464,0.17182084918022156,0.1317320168018341,1.6,0.1,0.5,1.593331217765808,1.6410398483276367,0.11932999640703201,1.6,1.6,0.5,0.18455450236797333,1.6326701641082764,0.09861207008361816,0.25,1.6,0.5
2.29,TAKEOFF,0.20864540338516235,0.28320059180259705,0.09778260439634323,0.25,0.25,0.5,1.5969141721725464,0.17182084918022156,0.1317320168018341,1.6,0.1,0.5,1.593331217765808,1.6410398483276367,0.11932999640703201,1.6,1.6,0.5,0.18455450236797333,1.6326701641082764,0.09861207008361816,0.25,1.6,0.5
2.31,TAKEOFF,0.20856887102127075,0.2837297320365906,0.10818015784025192,0.25,0.25,0.5,1.598783254623413,0.16978922486305237,0.14021778106689453,1.6,0.1,0.5,1.593331217765808,1.6410398483276367,0.11932999640703201,1.6,1.6,0.5,0.18455450236797333,1.6326701641082764,0.09861207008361816,0.25,1.6,0.5
2.33,TAKEOFF,0.20856887102127075,0.2837297320365906,0.10818015784025192,0.25,0.25,0.5,1.598783254623413,0.16978922486305237,0.14021778106689453,1.6,0.1,0.5,1.593331217765808,1.6410398483276367,0.11932999640703201,1.6,1.6,0.5,0.18831047415733337,1.6308168172836304,0.10849892348051071,0.25,1.6,0.5
2.35,TAKEOFF,0.20856887102127075,0.2837297320365906,0.10818015784025192,0.25,0.25,0.5,1.598783254623413,0.16978922486305237,0.14021778106689453,1.6,0.1,0.5,1.595433235168457,1.6367632150650024,0.12889666855335236,1.6,1.6,0.5,0.18831047415733337,1.6308168172836304,0.10849892348051071,0.25,1.6,0.5
2.37,TAKEOFF,0.20856887102127075,0.2837297320365906,0.10818015784025192,0.25,0.25,0.5,1.598783254623413,0.16978922486305237,0.14021778106689453,1.6,0.1,0.5,1.595433235168457,1.6367632150650024,0.12889666855335236,1.6,1.6,0.5,0.18831047415733337,1.6308168172836304,0.10849892348051071,0.25,1.6,0.5
2.39,TAKEOFF,0.20783717930316925,0.28431597352027893,0.11827995628118515,0.25,0.25,0.5,1.598783254623413,0.16978922486305237,0.14021778106689453,1.6,0.1,0.5,1.595433235168457,1.6367632150650024,0.12889666855335236,1.6,1.6,0.5,0.18831047415733337,1.6308168172836304,0.10849892348051071,0.25,1.6,0.5
2.41,TAKEOFF,0.20783717930316925,0.28431597352027893,0.11827995628118515,0.25,0.25,0.5,1.600095510482788,0.1655397266149521,0.1498495489358902,1.6,0.1,0.5,1.595433235168457,1.6367632150650024,0.12889666855335236,1.6,1.6,0.5,0.18831047415733337,1.6308168172836304,0.10849892348051071,0.25,1.6,0.5
2.431,TAKEOFF,0.20783717930316925,0.28431597352027893,0.11827995628118515,0.25,0.25,0.5,1.600095510482788,0.1655397266149521,0.1498495489358902,1.6,0.1,0.5,1.595433235168457,1.6367632150650024,0.12889666855335236,1.6,1.6,0.5,0.1902906447649002,1.6301980018615723,0.11890780180692673,0.25,1.6,0.5
2.45,TAKEOFF,0.20783717930316925,0.28431597352027893,0.11827995628118515,0.25,0.25,0.5,1.600095510482788,0.1655397266149521,0.1498495489358902,1.6,0.1,0.5,1.5974071025848389,1.6322206258773804,0.13930004835128784,1.6,1.6,0.5,0.1902906447649002,1.6301980018615723,0.11890780180692673,0.25,1.6,0.5
2.469,TAKEOFF,0.20783717930316925,0.28431597352027893,0.11827995628118515,0.25,0.25,0.5,1.600095510482788,0.1655397266149521,0.1498495489358902,1.6,0.1,0.5,1.5974071025848389,1.6322206258773804,0.13930004835128784,1.6,1.6,0.5,0.1902906447649002,1.6301980018615723,0.11890780180692673,0.25,1.6,0.5
2.49,TAKEOFF,0.20678015053272247,0.28599926829338074,0.12603265047073364,0.25,0.25,0.5,1.6018187999725342,0.162624329328537,0.15839892625808716,1.6,0.1,0.5,1.5974071025848389,1.6322206258773804,0.13930004835128784,1.6,1.6,0.5,0.1902906447649002,1.6301980018615723,0.11890780180692673,0.25,1.6,0.5
2.51,TAKEOFF,0.20678015053272247,0.28599926829338074,0.12603265047073364,0.25,0.25,0.5,1.6018187999725342,0.162624329328537,0.15839892625808716,1.6,0.1,0.5,1.5974071025848389,1.6322206258773804,0.13930004835128784,1.6,1.6,0.5,0.1902906447649002,1.6301980018615723,0.11890780180692673,0.25,1.6,0.5
2.53,TAKEOFF,0.20678015053272247,0.28599926829338074,0.12603265047073364,0.25,0.25,0.5,1.6018187999725342,0.162624329328537,0.15839892625808716,1.6,0.1,0.5,1.5974071025848389,1.6322206258773804,0.13930004835128784,1.6,1.6,0.5,0.18957966566085815,1.6267257928848267,0.13018488883972168,0.25,1.6,0.5
2.55,TAKEOFF,0.20678015053272247,0.28599926829338074,0.12603265047073364,0.25,0.25,0.5,1.6018187999725342,0.162624329328537,0.15839892625808716,1.6,0.1,0.5,1.5974071025848389,1.6322206258773804,0.13930004835128784,1.6,1.6,0.5,0.18957966566085815,1.6267257928848267,0.13018488883972168,0.25,1.6,0.5
2.569,TAKEOFF,0.20678015053272247,0.28599926829338074,0.12603265047073364,0.25,0.25,0.5,1.6018187999725342,0.162624329328537,0.15839892625808716,1.6,0.1,0.5,1.6001222133636475,1.6279726028442383,0.1518731415271759,1.6,1.6,0.5,0.18957966566085815,1.6267257928848267,0.13018488883972168,0.25,1.6,0.5
2.589,TAKEOFF,0.209116131067276,0.2872171401977539,0.1356014758348465,0.25,0.25,0.5,1.6039516925811768,0.15913058817386627,0.16937217116355896,1.6,0.1,0.5,1.6001222133636475,1.6279726028442383,0.1518731415271759,1.6,1.6,0.5,0.18957966566085815,1.6267257928848267,0.13018488883972168,0.25,1.6,0.5
2.609,TAKEOFF,0.209116131067276,0.2872171401977539,0.1356014758348465,0.25,0.25,0.5,1.6039516925811768,0.15913058817386627,0.16937217116355896,1.6,0.1,0.5,1.6001222133636475,1.6279726028442383,0.1518731415271759,1.6,1.6,0.5,0.18957966566085815,1.6267257928848267,0.13018488883972168,0.25,1.6,0.5
2.63,TAKEOFF,0.209116131067276,0.2872171401977539,0.1356014758348465,0.25,0.25,0.5,1.6039516925811768,0.15913058817386627,0.16937217116355896,1.6,0.1,0.5,1.6001222133636475,1.6279726028442383,0.1518731415271759,1.6,1.6,0.5,0.19041717052459717,1.6234970092773438,0.14013664424419403,0.25,1.6,0.5
2.65,TAKEOFF,0.209116131067276,0.2872171401977539,0.1356014758348465,0.25,0.25,0.5,1.6039516925811768,0.15913058817386627,0.16937217116355896,1.6,0.1,0.5,1.601441502571106,1.623664379119873,0.16383014619350433,1.6,1.6,0.5,0.19041717052459717,1.6234970092773438,0.14013664424419403,0.25,1.6,0.5
2.669,TAKEOFF,0.209116131067276,0.2872171401977539,0.1356014758348465,0.25,0.25,0.5,1.6039516925811768,0.15913058817386627,0.16937217116355896,1.6,0.1,0.5,1.601441502571106,1.623664379119873,0.16383014619350433,1.6,1.6,0.5,0.19041717052459717,1.6234970092773438,0.14013664424419403,0.25,1.6,0.5
2.69,TAKEOFF,0.21224753558635712,0.28897449374198914,0.1457981914281845,0.25,0.25,0.5,1.60662841796875,0.15404564142227173,0.1808052361011505,1.6,0.1,0.5,1.601441502571106,1.623664379119873,0.16383014619350433,1.6,1.6,0.5,0.19041717052459717,1.6234970092773438,0.14013664424419403,0.25,1.6,0.5
2.71,TAKEOFF,0.21224753558635712,0.28897449374198914,0.1457981914281845,0.25,0.25,0.5,1.60662841796875,0.15404564142227173,0.1808052361011505,1.6,0.1,0.5,1.601441502571106,1.623664379119873,0.16383014619350433,1.6,1.6,0.5,0.19041717052459717,1.6234970092773438,0.14013664424419403,0.25,1.6,0.5
2.73,TAKEOFF,0.21224753558635712,0.28897449374198914,0.1457981914281845,0.25,0.25,0.5,1.60662841796875,0.15404564142227173,0.1808052361011505,1.6,0.1,0.5,1.601441502571106,1.623664379119873,0.16383014619350433,1.6,1.6,0.5,0.19528453052043915,1.6205121278762817,0.15292350947856903,0.25,1.6,0.5
2.75,TAKEOFF,0.21224753558635712,0.28897449374198914,0.1457981914281845,0.25,0.25,0.5,1.60662841796875,0.15404564142227173,0.1808052361011505,1.6,0.1,0.5,1.6045379638671875,1.6180000305175781,0.1733073890209198,1.6,1.6,0.5,0.19528453052043915,1.6205121278762817,0.15292350947856903,0.25,1.6,0.5
2.77,TAKEOFF,0.21224753558635712,0.28897449374198914,0.1457981914281845,0.25,0.25,0.5,1.60662841796875,0.15404564142227173,0.1808052361011505,1.6,0.1,0.5,1.6045379638671875,1.6180000305175781,0.1733073890209198,1.6,1.6,0.5,0.19528453052043915,1.6205121278762817,0.15292350947856903,0.25,1.6,0.5
2.79,TAKEOFF,0.21633481979370117,0.29065048694610596,0.15556815266609192,0.25,0.25,0.5,1.6088067293167114,0.1507822871208191,0.1921335905790329,1.6,0.1,0.5,1.6045379638671875,1.6180000305175781,0.1733073890209198,1.6,1.6,0.5,0.19528453052043915,1.6205121278762817,0.15292350947856903,0.25,1.6,0.5
2.81,TAKEOFF,0.21633481979370117,0.29065048694610596,0.15556815266609192,0.25,0.25,0.5,1.6088067293167114,0.1507822871208191,0.1921335905790329,1.6,0.1,0.5,1.6045379638671875,1.6180000305175781,0.1733073890209198,1.6,1.6,0.5,0.19528453052043915,1.6205121278762817,0.15292350947856903,0.25,1.6,0.5
2.83,TAKEOFF,0.21633481979370117,0.29065048694610596,0.15556815266609192,0.25,0.25,0.5,1.6088067293167114,0.1507822871208191,0.1921335905790329,1.6,0.1,0.5,1.6045379638671875,1.6180000305175781,0.1733073890209198,1.6,1.6,0.5,0.19855716824531555,1.6170690059661865,0.16156353056430817,0.25,1.6,0.5
2.85,TAKEOFF,0.21633481979370117,0.29065048694610596,0.15556815266609192,0.25,0.25,0.5,1.6088067293167114,0.1507822871208191,0.1921335905790329,1.6,0.1,0.5,1.6045775413513184,1.613418698310852,0.18567794561386108,1.6,1.6,0.5,0.19855716824531555,1.6170690059661865,0.16156353056430817,0.25,1.6,0.5
2.87,TAKEOFF,0.21633481979370117,0.29065048694610596,0.15556815266609192,0.25,0.25,0.5,1.6088067293167114,0.1507822871208191,0.1921335905790329,1.6,0.1,0.5,1.6045775413513184,1.613418698310852,0.18567794561386108,1.6,1.6,0.5,0.19855716824531555,1.6170690059661865,0.16156353056430817,0.25,1.6,0.5
2.89,TAKEOFF,0.22247199714183807,0.2911525368690491,0.1655137836933136,0.25,0.25,0.5,1.6100903749465942,0.1493426263332367,0.20201221108436584,1.6,0.1,0.5,1.6045775413513184,1.613418698310852,0.18567794561386108,1.6,1.6,0.5,0.19855716824531555,1.6170690059661865,0.16156353056430817,0.25,1.6,0.5
2.91,TAKEOFF,0.22247199714183807,0.2911525368690491,0.1655137836933136,0.25,0.25,0.5,1.6100903749465942,0.1493426263332367,0.20201221108436584,1.6,0.1,0.5,1.6045775413513184,1.613418698310852,0.18567794561386108,1.6,1.6,0.5,0.19855716824531555,1.6170690059661865,0.16156353056430817,0.25,1.6,0.5
2.93,TAKEOFF,0.22247199714183807,0.2911525368690491,0.1655137836933136,0.25,0.25,0.5,1.6100903749465942,0.1493426263332367,0.20201221108436584,1.6,0.1,0.5,1.6045775413513184,1.613418698310852,0.18567794561386108,1.6,1.6,0.5,0.2002212405204773,1.615619421005249,0.17126739025115967,0.25,1.6,0.5
2.95,TAKEOFF,0.22247199714183807,0.2911525368690491,0.1655137836933136,0.25,0.25,0.5,1.6100903749465942,0.1493426263332367,0.20201221108436584,1.6,0.1,0.5,1.6049072742462158,1.610060691833496,0.19575397670269012,1.6,1.6,0.5,0.2002212405204773,1.615619421005249,0.17126739025115967,0.25,1.6,0.5
2.97,TAKEOFF,0.22247199714183807,0.2911525368690491,0.1655137836933136,0.25,0.25,0.5,1.6100903749465942,0.1493426263332367,0.20201221108436584,1.6,0.1,0.5,1.6049072742462158,1.610060691833496,0.19575397670269012,1.6,1.6,0.5,0.2002212405204773,1.615619421005249,0.17126739025115967,0.25,1.6,0.5
2.99,TAKEOFF,0.23132938146591187,0.29057690501213074,0.1766483187675476,0.25,0.25,0.5,1.6114274263381958,0.14742198586463928,0.2121477872133255,1.6,0.1,0.5,1.6049072742462158,1.610060691833496,0.19575397670269012,1.6,1.6,0.5,0.2002212405204773,1.615619421005249,0.17126739025115967,0.25,1.6,0.5
3.009,TAKEOFF,0.23132938146591187,0.29057690501213074,0.1766483187675476,0.25,0.25,0.5,1.6114274263381958,0.14742198586463928,0.2121477872133255,1.6,0.1,0.5,1.6049072742462158,1.610060691833496,0.19575397670269012,1.6,1.6,0.5,0.2002212405204773,1.615619421005249,0.17126739025115967,0.25,1.6,0.5
3.03,TAKEOFF,0.23132938146591187,0.29057690501213074,0.1766483187675476,0.25,0.25,0.5,1.6114274263381958,0.14742198586463928,0.2121477872133255,1.6,0.1,0.5,1.6049072742462158,1.610060691833496,0.19575397670269012,1.6,1.6,0.5,0.20077931880950928,1.6159433126449585,0.1826227754354477,0.25,1.6,0.5
3.05,TAKEOFF,0.23132938146591187,0.29057690501213074,0.1766483187675476,0.25,0.25,0.5,1.6114274263381958,0.14742198586463928,0.2121477872133255,1.6,0.1,0.5,1.6012179851531982,1.604270100593567,0.20448113977909088,1.6,1.6,0.5,0.20077931880950928,1.6159433126449585,0.1826227754354477,0.25,1.6,0.5
3.069,TAKEOFF,0.23132938146591187,0.29057690501213074,0.1766483187675476,0.25,0.25,0.5,1.6114274263381958,0.14742198586463928,0.2121477872133255,1.6,0.1,0.5,1.6012179851531982,1.604270100593567,0.20448113977909088,1.6,1.6,0.5,0.20077931880950928,1.6159433126449585,0.1826227754354477,0.25,1.6,0.5
3.09,TAKEOFF,0.23898038268089294,0.2875685691833496,0.18792207539081573,0.25,0.25,0.5,1.6112414598464966,0.14561240375041962,0.22274450957775116,1.6,0.1,0.5,1.6012179851531982,1.604270100593567,0.20448113977909088,1.6,1.6,0.5,0.20077931880950928,1.6159433126449585,0.1826227754354477,0.25,1.6,0.5
3.11,TAKEOFF,0.23898038268089294,0.2875685691833496,0.18792207539081573,0.25,0.25,0.5,1.6112414598464966,0.14561240375041962,0.22274450957775116,1.6,0.1,0.5,1.6012179851531982,1.604270100593567,0.20448113977909088,1.6,1.6,0.5,0.20077931880950928,1.6159433126449585,0.1826227754354477,0.25,1.6,0.5
3.13,TAKEOFF,0.23898038268089294,0.2875685691833496,0.18792207539081573,0.25,0.25,0.5,1.6112414598464966,0.14561240375041962,0.22274450957775116,1.6,0.1,0.5,1.6012179851531982,1.604270100593567,0.20448113977909088,1.6,1.6,0.5,0.20224536955356598,1.6193677186965942,0.19423064589500427,0.25,1.6,0.5
3.15,TAKEOFF,0.23898038268089294,0.2875685691833496,0.18792207539081573,0.25,0.25,0.5,1.6112414598464966,0.14561240375041962,0.22274450957775116,1.6,0.1,0.5,1.6021169424057007,1.598354458808899,0.21242089569568634,1.6,1.6,0.5,0.20224536955356598,1.6193677186965942,0.19423064589500427,0.25,1.6,0.5
3.17,TAKEOFF,0.23898038268089294,0.2875685691833496,0.18792207539081573,0.25,0.25,0.5,1.6112414598464966,0.14561240375041962,0.22274450957775116,1.6,0.1,0.5,1.6021169424057007,1.598354458808899,0.21242089569568634,1.6,1.6,0.5,0.20224536955356598,1.6193677186965942,0.19423064589500427,0.25,1.6,0.5
3.19,TAKEOFF,0.24770350754261017,0.2841729521751404,0.20143833756446838,0.25,0.25,0.5,1.6102474927902222,0.14343370497226715,0.23391304910182953,1.6,0.1,0.5,1.6021169424057007,1.598354458808899,0.21242089569568634,1.6,1.6,0.5,0.20224536955356598,1.6193677186965942,0.19423064589500427,0.25,1.6,0.5
3.209,TAKEOFF,0.24770350754261017,0.2841729521751404,0.20143833756446838,0.25,0.25,0.5,1.6102474927902222,0.14343370497226715,0.23391304910182953,1.6,0.1,0.5,1.6021169424057007,1.598354458808899,0.21242089569568634,1.6,1.6,0.5,0.20224536955356598,1.6193677186965942,0.19423064589500427,0.25,1.6,0.5
3.231,TAKEOFF,0.24770350754261017,0.2841729521751404,0.20143833756446838,0.25,0.25,0.5,1.6102474927902222,0.14343370497226715,0.23391304910182953,1.6,0.1,0.5,1.6021169424057007,1.598354458808899,0.21242089569568634,1.6,1.6,0.5,0.20322953164577484,1.6249685287475586,0.2062245011329651,0.25,1.6,0.5
3.249,TAKEOFF,0.24770350754261017,0.2841729521751404,0.20143833756446838,0.25,0.25,0.5,1.6102474927902222,0.14343370497226715,0.23391304910182953,1.6,0.1,0.5,1.6027123928070068,1.594611644744873,0.22356334328651428,1.6,1.6,0.5,0.20322953164577484,1.6249685287475586,0.2062245011329651,0.25,1.6,0.5
3.269,TAKEOFF,0.24770350754261017,0.2841729521751404,0.20143833756446838,0.25,0.25,0.5,1.6102474927902222,0.14343370497226715,0.23391304910182953,1.6,0.1,0.5,1.6027123928070068,1.594611644744873,0.22356334328651428,1.6,1.6,0.5,0.20322953164577484,1.6249685287475586,0.2062245011329651,0.25,1.6,0.5
3.29,TAKEOFF,0.2527151107788086,0.2791382074356079,0.21069158613681793,0.25,0.25,0.5,1.6060551404953003,0.13964961469173431,0.2419951856136322,1.6,0.1,0.5,1.6027123928070068,1.594611644744873,0.22356334328651428,1.6,1.6,0.5,0.20322953164577484,1.6249685287475586,0.2062245011329651,0.25,1.6,0.5
3.31,TAKEOFF,0.2527151107788086,0.2791382074356079,0.21069158613681793,0.25,0.25,0.5,1.6060551404953003,0.13964961469173431,0.2419951856136322,1.6,0.1,0.5,1.6027123928070068,1.594611644744873,0.22356334328651428,1.6,1.6,0.5,0.20322953164577484,1.6249685287475586,0.2062245011329651,0.25,1.6,0.5
3.33,TAKEOFF,0.2527151107788086,0.2791382074356079,0.21069158613681793,0.25,0.25,0.5,1.6060551404953003,0.13964961469173431,0.2419951856136322,1.6,0.1,0.5,1.6027123928070068,1.594611644744873,0.22356334328651428,1.6,1.6,0.5,0.20484070479869843,1.6319847106933594,0.21518266201019287,0.25,1.6,0.5
3.35,TAKEOFF,0.2527151107788086,0.2791382074356079,0.21069158613681793,0.25,0.25,0.5,1.6060551404953003,0.13964961469173431,0.2419951856136322,1.6,0.1,0.5,1.6042699813842773,1.5942102670669556,0.23470889031887054,1.6,1.6,0.5,0.20484070479869843,1.6319847106933594,0.21518266201019287,0.25,1.6,0.5
3.37,TAKEOFF,0.2527151107788086,0.2791382074356079,0.21069158613681793,0.25,0.25,0.5,1.6060551404953003,0.13964961469173431,0.2419951856136322,1.6,0.1,0.5,1.6042699813842773,1.5942102670669556,0.23470889031887054,1.6,1.6,0.5,0.20484070479869843,1.6319847106933594,0.21518266201019287,0.25,1.6,0.5
3.39,TAKEOFF,0.25615194439888,0.2744029760360718,0.21984006464481354,0.25,0.25,0.5,1.605602502822876,0.1353759914636612,0.25324445962905884,1.6,0.1,0.5,1.6042699813842773,1.5942102670669556,0.23470889031887054,1.6,1.6,0.5,0.20484070479869843,1.6319847106933594,0.21518266201019287,0.25,1.6,0.5
3.41,TAKEOFF,0.25615194439888,0.2744029760360718,0.21984006464481354,0.25,0.25,0.5,1.605602502822876,0.1353759914636612,0.25324445962905884,1.6,0.1,0.5,1.6042699813842773,1.5942102670669556,0.23470889031887054,1.6,1.6,0.5,0.20484070479869843,1.6319847106933594,0.21518266201019287,0.25,1.6,0.5
3.43,TAKEOFF,0.25615194439888,0.2744029760360718,0.21984006464481354,0.25,0.25,0.5,1.605602502822876,0.1353759914636612,0.25324445962905884,1.6,0.1,0.5,1.6042699813842773,1.5942102670669556,0.23470889031887054,1.6,1.6,0.5,0.20663926005363464,1.6361310482025146,0.22599224746227264,0.25,1.6,0.5
3.45,TAKEOFF,0.25615194439888,0.2744029760360718,0.21984006464481354,0.25,0.25,0.5,1.605602502822876,0.1353759914636612,0.25324445962905884,1.6,0.1,0.5,1.605017900466919,1.5959126949310303,0.24608786404132843,1.6,1.6,0.5,0.20663926005363464,1.6361310482025146,0.22599224746227264,0.25,1.6,0.5
3.469,TAKEOFF,0.25615194439888,0.2744029760360718,0.21984006464481354,0.25,0.25,0.5,1.605602502822876,0.1353759914636612,0.25324445962905884,1.6,0.1,0.5,1.605017900466919,1.5959126949310303,0.24608786404132843,1.6,1.6,0.5,0.20663926005363464,1.6361310482025146,0.22599224746227264,0.25,1.6,0.5
3.49,TAKEOFF,0.2564873695373535,0.2709837853908539,0.23013187944889069,0.25,0.25,0.5,1.6050992012023926,0.1324900984764099,0.2633230686187744,1.6,0.1,0.5,1.605017900466919,1.5959126949310303,0.24608786404132843,1.6,1.6,0.5,0.20663926005363464,1.6361310482025146,0.22599224746227264,0.25,1.6,0.5
3.51,TAKEOFF,0.2564873695373535,0.2709837853908539,0.23013187944889069,0.25,0.25,0.5,1.6050992012023926,0.1324900984764099,0.2633230686187744,1.6,0.1,0.5,1.605017900466919,1.5959126949310303,0.24608786404132843,1.6,1.6,0.5,0.20663926005363464,1.6361310482025146,0.22599224746227264,0.25,1.6,0.5
3.53,TAKEOFF,0.2564873695373535,0.2709837853908539,0.23013187944889069,0.25,0.25,0.5,1.6050992012023926,0.1324900984764099,0.2633230686187744,1.6,0.1,0.5,1.605017900466919,1.5959126949310303,0.24608786404132843,1.6,1.6,0.5,0.20775528252124786,1.6427325010299683,0.23817963898181915,0.25,1.6,0.5
3.55,TAKEOFF,0.2564873695373535,0.2709837853908539,0.23013187944889069,0.25,0.25,0.5,1.6050992012023926,0.1324900984764099,0.2633230686187744,1.6,0.1,0.5,1.6126594543457031,1.5944727659225464,0.25352126359939575,1.6,1.6,0.5,0.20775528252124786,1.6427325010299683,0.23817963898181915,0.25,1.6,0.5
3.57,TAKEOFF,0.2564873695373535,0.2709837853908539,0.23013187944889069,0.25,0.25,0.5,1.6050992012023926,0.1324900984764099,0.2633230686187744,1.6,0.1,0.5,1.6126594543457031,1.5944727659225464,0.25352126359939575,1.6,1.6,0.5,0.20775528252124786,1.6427325010299683,0.23817963898181915,0.25,1.6,0.5
3.59,TAKEOFF,0.2548176944255829,0.2692335546016693,0.24104031920433044,0.25,0.25,0.5,1.6057435274124146,0.13041462004184723,0.27423983812332153,1.6,0.1,0.5,1.6126594543457031,1.5944727659225464,0.25352126359939575,1.6,1.6,0.5,0.20775528252124786,1.6427325010299683,0.23817963898181915,0.25,1.6,0.5
3.61,TAKEOFF,0.2548176944255829,0.2692335546016693,0.24104031920433044,0.25,0.25,0.5,1.6057435274124146,0.13041462004184723,0.27423983812332153,1.6,0.1,0.5,1.6126594543457031,1.5944727659225464,0.25352126359939575,1.6,1.6,0.5,0.20775528252124786,1.6427325010299683,0.23817963898181915,0.25,1.6,0.5
3.63,TAKEOFF,0.2548176944255829,0.2692335546016693,0.24104031920433044,0.25,0.25,0.5,1.6057435274124146,0.13041462004184723,0.27423983812332153,1.6,0.1,0.5,1.6126594543457031,1.5944727659225464,0.25352126359939575,1.6,1.6,0.5,0.20977027714252472,1.6440167427062988,0.24901127815246582,0.25,1.6,0.5
3.65,TAKEOFF,0.2548176944255829,0.2692335546016693,0.24104031920433044,0.25,0.25,0.5,1.6057435274124146,0.13041462004184723,0.27423983812332153,1.6,0.1,0.5,1.6143996715545654,1.5956180095672607,0.26484358310699463,1.6,1.6,0.5,0.20977027714252472,1.6440167427062988,0.24901127815246582,0.25,1.6,0.5
3.67,TAKEOFF,0.2548176944255829,0.2692335546016693,0.24104031920433044,0.25,0.25,0.5,1.6057435274124146,0.13041462004184723,0.27423983812332153,1.6,0.1,0.5,1.6143996715545654,1.5956180095672607,0.26484358310699463,1.6,1.6,0.5,0.20977027714252472,1.6440167427062988,0.24901127815246582,0.25,1.6,0.5
3.69,TAKEOFF,0.25172853469848633,0.2680874168872833,0.2508852779865265,0.25,0.25,0.5,1.60482656955719,0.12880012392997742,0.2844915986061096,1.6,0.1,0.5,1.6143996715545654,1.5956180095672607,0.26484358310699463,1.6,1.6,0.5,0.20977027714252472,1.6440167427062988,0.24901127815246582,0.25,1.6,0.5
3.709,TAKEOFF,0.25172853469848633,0.2680874168872833,0.2508852779865265,0.25,0.25,0.5,1.60482656955719,0.12880012392997742,0.2844915986061096,1.6,0.1,0.5,1.6143996715545654,1.5956180095672607,0.26484358310699463,1.6,1.6,0.5,0.20977027714252472,1.6440167427062988,0.24901127815246582,0.25,1.6,0.5
3.73,TAKEOFF,0.25172853469848633,0.2680874168872833,0.2508852779865265,0.25,0.25,0.5,1.60482656955719,0.12880012392997742,0.2844915986061096,1.6,0.1,0.5,1.6143996715545654,1.5956180095672607,0.26484358310699463,1.6,1.6,0.5,0.21068942546844482,1.6461743116378784,0.26036855578422546,0.25,1.6,0.5
3.75,TAKEOFF,0.25172853469848633,0.2680874168872833,0.2508852779865265,0.25,0.25,0.5,1.60482656955719,0.12880012392997742,0.2844915986061096,1.6,0.1,0.5,1.6140851974487305,1.5957192182540894,0.2771015167236328,1.6,1.6,0.5,0.21068942546844482,1.6461743116378784,0.26036855578422546,0.25,1.6,0.5
3.77,TAKEOFF,0.25172853469848633,0.2680874168872833,0.2508852779865265,0.25,0.25,0.5,1.60482656955719,0.12880012392997742,0.2844915986061096,1.6,0.1,0.5,1.6140851974487305,1.5957192182540894,0.2771015167236328,1.6,1.6,0.5,0.21068942546844482,1.6461743116378784,0.26036855578422546,0.25,1.6,0.5
3.79,TAKEOFF,0.24847501516342163,0.26607322692871094,0.2599675953388214,0.25,0.25,0.5,1.6057378053665161,0.1274154633283615,0.29530417919158936,1.6,0.1,0.5,1.6140851974487305,1.5957192182540894,0.2771015167236328,1.6,1.6,0.5,0.21068942546844482,1.6461743116378784,0.26036855578422546,0.25,1.6,0.5
3.81,TAKEOFF,0.24847501516342163,0.26607322692871094,0.2599675953388214,0.25,0.25,0.5,1.6057378053665161,0.1274154633283615,0.29530417919158936,1.6,0.1,0.5,1.6140851974487305,1.5957192182540894,0.2771015167236328,1.6,1.6,0.5,0.21068942546844482,1.6461743116378784,0.26036855578422546,0.25,1.6,0.5
3.831,TAKEOFF,0.24847501516342163,0.26607322692871094,0.2599675953388214,0.25,0.25,0.5,1.6057378053665161,0.1274154633283615,0.29530417919158936,1.6,0.1,0.5,1.6140851974487305,1.5957192182540894,0.2771015167236328,1.6,1.6,0.5,0.2122630476951599,1.6458476781845093,0.2711329162120819,0.25,1.6,0.5
3.85,TAKEOFF,0.24847501516342163,0.26607322692871094,0.2599675953388214,0.25,0.25,0.5,1.6057378053665161,0.1274154633283615,0.29530417919158936,1.6,0.1,0.5,1.6127859354019165,1.5953090190887451,0.29032373428344727,1.6,1.6,0.5,0.2122630476951599,1.6458476781845093,0.2711329162120819,0.25,1.6,0.5
3.87,TAKEOFF,0.24847501516342163,0.26607322692871094,0.2599675953388214,0.25,0.25,0.5,1.6057378053665161,0.1274154633283615,0.29530417919158936,1.6,0.1,0.5,1.6127859354019165,1.5953090190887451,0.29032373428344727,1.6,1.6,0.5,0.2122630476951599,1.6458476781845093,0.2711329162120819,0.25,1.6,0.5
3.89,TAKEOFF,0.24476425349712372,0.2651507556438446,0.2705066204071045,0.25,0.25,0.5,1.6065329313278198,0.12781046330928802,0.3056104779243469,1.6,0.1,0.5,1.6127859354019165,1.5953090190887451,0.29032373428344727,1.6,1.6,0.5,0.2122630476951599,1.6458476781845093,0.2711329162120819,0.25,1.6,0.5
3.91,TAKEOFF,0.24476425349712372,0.2651507556438446,0.2705066204071045,0.25,0.25,0.5,1.6065329313278198,0.12781046330928802,0.3056104779243469,1.6,0.1,0.5,1.6127859354019165,1.5953090190887451,0.29032373428344727,1.6,1.6,0.5,0.2122630476951599,1.6458476781845093,0.2711329162120819,0.25,1.6,0.5
3.93,TAKEOFF,0.24476425349712372,0.2651507556438446,0.2705066204071045,0.25,0.25,0.5,1.6065329313278198,0.12781046330928802,0.3056104779243469,1.6,0.1,0.5,1.6127859354019165,1.5953090190887451,0.29032373428344727,1.6,1.6,0.5,0.212766632437706,1.6463710069656372,0.2822739779949188,0.25,1.6,0.5
3.95,TAKEOFF,0.24476425349712372,0.2651507556438446,0.2705066204071045,0.25,0.25,0.5,1.6065329313278198,0.12781046330928802,0.3056104779243469,1.6,0.1,0.5,1.6079846620559692,1.5940183401107788,0.3027501702308655,1.6,1.6,0.5,0.212766632437706,1.6463710069656372,0.2822739779949188,0.25,1.6,0.5
3.97,TAKEOFF,0.24476425349712372,0.2651507556438446,0.2705066204071045,0.25,0.25,0.5,1.6065329313278198,0.12781046330928802,0.3056104779243469,1.6,0.1,0.5,1.6079846620559692,1.5940183401107788,0.3027501702308655,1.6,1.6,0.5,0.212766632437706,1.6463710069656372,0.2822739779949188,0.25,1.6,0.5
3.99,TAKEOFF,0.24194733798503876,0.26300787925720215,0.28079667687416077,0.25,0.25,0.5,1.6065526008605957,0.12653720378875732,0.3158508539199829,1.6,0.1,0.5,1.6079846620559692,1.5940183401107788,0.3027501702308655,1.6,1.6,0.5,0.212766632437706,1.6463710069656372,0.2822739779949188,0.25,1.6,0.5
4.009,TAKEOFF,0.24194733798503876,0.26300787925720215,0.28079667687416077,0.25,0.25,0.5,1.6065526008605957,0.12653720378875732,0.3158508539199829,1.6,0.1,0.5,1.6079846620559692,1.5940183401107788,0.3027501702308655,1.6,1.6,0.5,0.212766632437706,1.6463710069656372,0.2822739779949188,0.25,1.6,0.5
4.03,TAKEOFF,0.24194733798503876,0.26300787925720215,0.28079667687416077,0.25,0.25,0.5,1.6065526008605957,0.12653720378875732,0.3158508539199829,1.6,0.1,0.5,1.6079846620559692,1.5940183401107788,0.3027501702308655,1.6,1.6,0.5,0.21354186534881592,1.6498081684112549,0.29485395550727844,0.25,1.6,0.5
4.05,TAKEOFF,0.24194733798503876,0.26300787925720215,0.28079667687416077,0.25,0.25,0.5,1.6065526008605957,0.12653720378875732,0.3158508539199829,1.6,0.1,0.5,1.603869915008545,1.5923821926116943,0.3143441379070282,1.6,1.6,0.5,0.21354186534881592,1.6498081684112549,0.29485395550727844,0.25,1.6,0.5
4.07,TAKEOFF,0.24194733798503876,0.26300787925720215,0.28079667687416077,0.25,0.25,0.5,1.6065526008605957,0.12653720378875732,0.3158508539199829,1.6,0.1,0.5,1.603869915008545,1.5923821926116943,0.3143441379070282,1.6,1.6,0.5,0.21354186534881592,1.6498081684112549,0.29485395550727844,0.25,1.6,0.5
4.09,TAKEOFF,0.24069646000862122,0.26115620136260986,0.289711594581604,0.25,0.25,0.5,1.6066244840621948,0.1261724978685379,0.3268319070339203,1.6,0.1,0.5,1.603869915008545,1.5923821926116943,0.3143441379070282,1.6,1.6,0.5,0.21354186534881592,1.6498081684112549,0.29485395550727844,0.25,1.6,0.5
4.11,TAKEOFF,0.24069646000862122,0.26115620136260986,0.289711594581604,0.25,0.25,0.5,1.6066244840621948,0.1261724978685379,0.3268319070339203,1.6,0.1,0.5,1.603869915008545,1.5923821926116943,0.3143441379070282,1.6,1.6,0.5,0.21354186534881592,1.6498081684112549,0.29485395550727844,0.25,1.6,0.5
4.13,TAKEOFF,0.24069646000862122,0.26115620136260986,0.289711594581604,0.25,0.25,0.5,1.6066244840621948,0.1261724978685379,0.3268319070339203,1.6,0.1,0.5,1.603869915008545,1.5923821926116943,0.3143441379070282,1.6,1.6,0.5,0.21354186534881592,1.6498081684112549,0.29485395550727844,0.25,1.6,0.5
4.15,TAKEOFF,0.24069646000862122,0.26115620136260986,0.289711594581604,0.25,0.25,0.5,1.6066244840621948,0.1261724978685379,0.3268319070339203,1.6,0.1,0.5,1.603869915008545,1.5923821926116943,0.3143441379070282,1.6,1.6,0.5,0.21337667107582092,1.6529669761657715,0.30678296089172363,0.25,1.6,0.5
4.169,TAKEOFF,0.24069646000862122,0.26115620136260986,0.289711594581604,0.25,0.25,0.5,1.6066244840621948,0.1261724978685379,0.3268319070339203,1.6,0.1,0.5,1.6008743047714233,1.5906634330749512,0.32670316100120544,1.6,1.6,0.5,0.21337667107582092,1.6529669761657715,0.30678296089172363,0.25,1.6,0.5
4.19,TAKEOFF,0.2408657819032669,0.25848427414894104,0.29901692271232605,0.25,0.25,0.5,1.6055492162704468,0.1281512975692749,0.3368821144104004,1.6,0.1,0.5,1.6008743047714233,1.5906634330749512,0.32670316100120544,1.6,1.6,0.5,0.21337667107582092,1.6529669761657715,0.30678296089172363,0.25,1.6,0.5
4.21,TAKEOFF,0.2408657819032669,0.25848427414894104,0.29901692271232605,0.25,0.25,0.5,1.6055492162704468,0.1281512975692749,0.3368821144104004,1.6,0.1,0.5,1.6008743047714233,1.5906634330749512,0.32670316100120544,1.6,1.6,0.5,0.21337667107582092,1.6529669761657715,0.30678296089172363,0.25,1.6,0.5
4.23,TAKEOFF,0.2408657819032669,0.25848427414894104,0.29901692271232605,0.25,0.25,0.5,1.6055492162704468,0.1281512975692749,0.3368821144104004,1.6,0.1,0.5,1.6008743047714233,1.5906634330749512,0.32670316100120544,1.6,1.6,0.5,0.21370218694210052,1.6561198234558105,0.318835586309433,0.25,1.6,0.5
4.25,TAKEOFF,0.2408657819032669,0.25848427414894104,0.29901692271232605,0.25,0.25,0.5,1.6055492162704468,0.1281512975692749,0.3368821144104004,1.6,0.1,0.5,1.598681926727295,1.588958978652954,0.3380286693572998,1.6,1.6,0.5,0.21370218694210052,1.6561198234558105,0.318835586309433,0.25,1.6,0.5
4.27,TAKEOFF,0.2408657819032669,0.25848427414894104,0.29901692271232605,0.25,0.25,0.5,1.6055492162704468,0.1281512975692749,0.3368821144104004,1.6,0.1,0.5,1.598681926727295,1.588958978652954,0.3380286693572998,1.6,1.6,0.5,0.21370218694210052,1.6561198234558105,0.318835586309433,0.25,1.6,0.5
4.289,TAKEOFF,0.24167004227638245,0.257501482963562,0.3100167512893677,0.25,0.25,0.5,1.605898141860962,0.12838280200958252,0.34711286425590515,1.6,0.1,0.5,1.598681926727295,1.588958978652954,0.3380286693572998,1.6,1.6,0.5,0.21370218694210052,1.6561198234558105,0.318835586309433,0.25,1.6,0.5
4.31,TAKEOFF,0.24167004227638245,0.257501482963562,0.3100167512893677,0.25,0.25,0.5,1.605898141860962,0.12838280200958252,0.34711286425590515,1.6,0.1,0.5,1.598681926727295,1.588958978652954,0.3380286693572998,1.6,1.6,0.5,0.21370218694210052,1.6561198234558105,0.318835586309433,0.25,1.6,0.5
4.33,TAKEOFF,0.24167004227638245,0.257501482963562,0.3100167512893677,0.25,0.25,0.5,1.605898141860962,0.12838280200958252,0.34711286425590515,1.6,0.1,0.5,1.598681926727295,1.588958978652954,0.3380286693572998,1.6,1.6,0.5,0.21492590010166168,1.6567819118499756,0.3277927339076996,0.25,1.6,0.5
4.35,TAKEOFF,0.24167004227638245,0.257501482963562,0.3100167512893677,0.25,0.25,0.5,1.605898141860962,0.12838280200958252,0.34711286425590515,1.6,0.1,0.5,1.5964666604995728,1.5869139432907104,0.34775128960609436,1.6,1.6,0.5,0.21492590010166168,1.6567819118499756,0.3277927339076996,0.25,1.6,0.5
4.371,TAKEOFF,0.24167004227638245,0.257501482963562,0.3100167512893677,0.25,0.25,0.5,1.605898141860962,0.12838280200958252,0.34711286425590515,1.6,0.1,0.5,1.5964666604995728,1.5869139432907104,0.34775128960609436,1.6,1.6,0.5,0.21492590010166168,1.6567819118499756,0.3277927339076996,0.25,1.6,0.5
4.39,TAKEOFF,0.24177947640419006,0.2553355097770691,0.3211824297904968,0.25,0.25,0.5,1.6057556867599487,0.1267535537481308,0.3577492833137512,1.6,0.1,0.5,1.5964666604995728,1.5869139432907104,0.34775128960609436,1.6,1.6,0.5,0.21492590010166168,1.6567819118499756,0.3277927339076996,0.25,1.6,0.5
4.41,TAKEOFF,0.24177947640419006,0.2553355097770691,0.3211824297904968,0.25,0.25,0.5,1.6057556867599487,0.1267535537481308,0.3577492833137512,1.6,0.1,0.5,1.5964666604995728,1.5869139432907104,0.34775128960609436,1.6,1.6,0.5,0.21492590010166168,1.6567819118499756,0.3277927339076996,0.25,1.6,0.5
4.43,TAKEOFF,0.24177947640419006,0.2553355097770691,0.3211824297904968,0.25,0.25,0.5,1.6057556867599487,0.1267535537481308,0.3577492833137512,1.6,0.1,0.5,1.5964666604995728,1.5869139432907104,0.34775128960609436,1.6,1.6,0.5,0.21535325050354004,1.6597167253494263,0.34133148193359375,0.25,1.6,0.5
4.45,TAKEOFF,0.24177947640419006,0.2553355097770691,0.3211824297904968,0.25,0.25,0.5,1.6057556867599487,0.1267535537481308,0.3577492833137512,1.6,0.1,0.5,1.5957642793655396,1.5869816541671753,0.35785815119743347,1.6,1.6,0.5,0.21535325050354004,1.6597167253494263,0.34133148193359375,0.25,1.6,0.5
4.47,TAKEOFF,0.24177947640419006,0.2553355097770691,0.3211824297904968,0.25,0.25,0.5,1.6057556867599487,0.1267535537481308,0.3577492833137512,1.6,0.1,0.5,1.5957642793655396,1.5869816541671753,0.35785815119743347,1.6,1.6,0.5,0.21535325050354004,1.6597167253494263,0.34133148193359375,0.25,1.6,0.5
4.49,TAKEOFF,0.24194329977035522,0.25176161527633667,0.3328093886375427,0.25,0.25,0.5,1.6068283319473267,0.12537269294261932,0.3678674101829529,1.6,0.1,0.5,1.5957642793655396,1.5869816541671753,0.35785815119743347,1.6,1.6,0.5,0.21535325050354004,1.6597167253494263,0.34133148193359375,0.25,1.6,0.5
4.51,TAKEOFF,0.24194329977035522,0.25176161527633667,0.3328093886375427,0.25,0.25,0.5,1.6068283319473267,0.12537269294261932,0.3678674101829529,1.6,0.1,0.5,1.5957642793655396,1.5869816541671753,0.35785815119743347,1.6,1.6,0.5,0.21535325050354004,1.6597167253494263,0.34133148193359375,0.25,1.6,0.5
4.53,TAKEOFF,0.24194329977035522,0.25176161527633667,0.3328093886375427,0.25,0.25,0.5,1.6068283319473267,0.12537269294261932,0.3678674101829529,1.6,0.1,0.5,1.5957642793655396,1.5869816541671753,0.35785815119743347,1.6,1.6,0.5,0.21562105417251587,1.6583025455474854,0.35206320881843567,0.25,1.6,0.5
4.551,TAKEOFF,0.24194329977035522,0.25176161527633667,0.3328093886375427,0.25,0.25,0.5,1.6068283319473267,0.12537269294261932,0.3678674101829529,1.6,0.1,0.5,1.5948680639266968,1.587854266166687,0.3673076033592224,1.6,1.6,0.5,0.21562105417251587,1.6583025455474854,0.35206320881843567,0.25,1.6,0.5
4.57,TAKEOFF,0.24194329977035522,0.25176161527633667,0.3328093886375427,0.25,0.25,0.5,1.6068283319473267,0.12537269294261932,0.3678674101829529,1.6,0.1,0.5,1.5948680639266968,1.587854266166687,0.3673076033592224,1.6,1.6,0.5,0.21562105417251587,1.6583025455474854,0.35206320881843567,0.25,1.6,0.5
4.59,TAKEOFF,0.24177296459674835,0.2505432367324829,0.34338584542274475,0.25,0.25,0.5,1.6053963899612427,0.1266634613275528,0.3779894709587097,1.6,0.1,0.5,1.5948680639266968,1.587854266166687,0.3673076033592224,1.6,1.6,0.5,0.21562105417251587,1.6583025455474854,0.35206320881843567,0.25,1.6,0.5
4.61,TAKEOFF,0.24177296459674835,0.2505432367324829,0.34338584542274475,0.25,0.25,0.5,1.6053963899612427,0.1266634613275528,0.3779894709587097,1.6,0.1,0.5,1.5948680639266968,1.587854266166687,0.3673076033592224,1.6,1.6,0.5,0.21562105417251587,1.6583025455474854,0.35206320881843567,0.25,1.6,0.5
4.63,TAKEOFF,0.24177296459674835,0.2505432367324829,0.34338584542274475,0.25,0.25,0.5,1.6053963899612427,0.1266634613275528,0.3779894709587097,1.6,0.1,0.5,1.5948680639266968,1.587854266166687,0.3673076033592224,1.6,1.6,0.5,0.2168607860803604,1.6557044982910156,0.36273592710494995,0.25,1.6,0.5
4.649,TAKEOFF,0.24177296459674835,0.2505432367324829,0.34338584542274475,0.25,0.25,0.5,1.6053963899612427,0.1266634613275528,0.3779894709587097,1.6,0.1,0.5,1.5956010818481445,1.5856554508209229,0.38072067499160767,1.6,1.6,0.5,0.2168607860803604,1.6557044982910156,0.36273592710494995,0.25,1.6,0.5
4.67,TAKEOFF,0.24177296459674835,0.2505432367324829,0.34338584542274475,0.25,0.25,0.5,1.6053963899612427,0.1266634613275528,0.3779894709587097,1.6,0.1,0.5,1.5956010818481445,1.5856554508209229,0.38072067499160767,1.6,1.6,0.5,0.2168607860803604,1.6557044982910156,0.36273592710494995,0.25,1.6,0.5
4.69,TAKEOFF,0.24159586429595947,0.24829579889774323,0.35267436504364014,0.25,0.25,0.5,1.607226848602295,0.1250360608100891,0.3885379433631897,1.6,0.1,0.5,1.5956010818481445,1.5856554508209229,0.38072067499160767,1.6,1.6,0.5,0.2168607860803604,1.6557044982910156,0.36273592710494995,0.25,1.6,0.5
4.71,TAKEOFF,0.24159586429595947,0.24829579889774323,0.35267436504364014,0.2596903266743045,0.2527193458836624,0.5,1.607226848602295,0.1250360608100891,0.3885379433631897,1.6049285810718008,0.10147420934457899,0.5,1.5956010818481445,1.5856554508209229,0.38072067499160767,1.6028969884692765,1.6003865932984958,0.5,0.2168607860803604,1.6557044982910156,0.36273592710494995,0.2596901927238675,1.600388336308528,0.5
4.73,TAKEOFF,0.24159586429595947,0.24829579889774323,0.35267436504364014,0.2692628095067114,0.2554359888495037,0.5,1.607226848602295,0.1250360608100891,0.3885379433631897,1.6100200685491297,0.10297340317617479,0.5,1.5956010818481445,1.5856554508209229,0.38072067499160767,1.6058297207716448,1.6007679904613588,0.5,0.21888494491577148,1.6508334875106812,0.37339919805526733,0.26926178282527385,1.6007777579525715,0.5
4.75,TAKEOFF,0.24159586429595947,0.24829579889774323,0.35267436504364014,0.2787191244062115,0.2581497522866805,0.5,1.607226848602295,0.1250360608100891,0.3885379433631897,1.6152756434762368,0.10449788011147287,0.5,1.5955170392990112,1.5873079299926758,0.39211925864219666,1.608798118005486,1.6011453543293794,0.5,0.21888494491577148,1.6508334875106812,0.37339919805526733,0.27871608128451236,1.6011679295105614,0.5
4.769,TAKEOFF,0.24159586429595947,0.24829579889774323,0.35267436504364014,0.28806091335044476,0.26086046147220415,0.5,1.607226848602295,0.1250360608100891,0.3885379433631897,1.620696516609658,0.10604794492963462,0.5,1.5955170392990112,1.5873079299926758,0.39211925864219666,1.611802434204795,1.6015200830455965,0.5,0.21888494491577148,1.6508334875106812,0.37339919805526733,0.2880545033055267,1.6015587952035997,0.5
4.79,TAKEOFF,0.24148879945278168,0.24778412282466888,0.36136263608932495,0.297289788718985,0.26356795354613427,0.5,1.6070250272750854,0.12083899229764938,0.39855408668518066,1.6262839183888131,0.10762390722355812,0.5,1.5955170392990112,1.5873079299926758,0.39211925864219666,1.6148429817960535,1.6018935217480696,0.5,0.21888494491577148,1.6508334875106812,0.37339919805526733,0.29727856557862803,1.6019505309448996,0.5
4.81,TAKEOFF,0.24148879945278168,0.24778412282466888,0.36136263608932495,0.3064073373308476,0.2662720850117887,0.5,1.6070250272750854,0.12083899229764938,0.39855408668518066,1.6320390734373842,0.1092260800734168,0.5,1.5955170392990112,1.5873079299926758,0.39211925864219666,1.6179199419495742,1.6022667904798495,0.5,0.21888494491577148,1.6508334875106812,0.37339919805526733,0.30638986519708733,1.6023434750292638,0.5
4.83,TAKEOFF,0.24148879945278168,0.24778412282466888,0.36136263608932495,0.3154151236969991,0.2689727362059067,0.5,1.6070250272750854,0.12083899229764938,0.39855408668518066,1.6379631648150845,0.11085477889365554,0.5,1.5955170392990112,1.5873079299926758,0.39211925864219666,1.6210332764051218,1.6026407249645434,0.5,0.21999020874500275,1.6447242498397827,0.38224419951438904,0.31539005023398053,1.6027380544761782,0.5
4.85,TAKEOFF,0.24148879945278168,0.24778412282466888,0.36136263608932495,0.32431469230525756,0.2716698128317715,0.5,1.6070250272750854,0.12083899229764938,0.39855408668518066,1.6440572936219089,0.11251032054744617,0.5,1.5955170392990112,1.5873079299926758,0.39211925864219666,1.6241827201233656,1.6030158956387577,0.5,0.21999020874500275,1.6447242498397827,0.38224419951438904,0.3242807904802826,1.6031347203190132,0.5
4.87,TAKEOFF,0.24148879945278168,0.24778412282466888,0.36136263608932495,0.333107568998682,0.27436324510220617,0.5,1.6070250272750854,0.12083899229764938,0.39855408668518066,1.650322438997243,0.1141930227675971,0.5,1.5939773321151733,1.588968276977539,0.40232205390930176,1.6273678193431833,1.603392663831993,0.5,0.21999020874500275,1.6447242498397827,0.38224419951438904,0.33306375355560663,1.6035338992253456,0.5
4.89,TAKEOFF,0.24268154799938202,0.24816732108592987,0.37183085083961487,0.3417952616456746,0.2770529852462081,0.5,1.6073064804077148,0.12001067399978638,0.40895017981529236,1.6567594223542514,0.11590320387719216,0.5,1.5939773321151733,1.588968276977539,0.40232205390930176,1.6305879834061536,1.603771243813961,0.5,0.21999020874500275,1.6447242498397827,0.38224419951438904,0.34174058828475773,1.6039359632251107,0.5
4.911,TAKEOFF,0.24268154799938202,0.24816732108592987,0.37183085083961487,0.35037926033807626,0.27973900412957686,0.5,1.6073064804077148,0.12001067399978638,0.40895017981529236,1.6633688782013998,0.11764118277006429,0.5,1.5939773321151733,1.588968276977539,0.40232205390930176,1.6338425310060232,1.604151754223913,0.5,0.21999020874500275,1.6447242498397827,0.38224419951438904,0.3503129149086509,1.6043412154402203,0.5
4.93,TAKEOFF,0.24268154799938202,0.24816732108592987,0.37183085083961487,0.35886103732679264,0.2824212876059733,0.5,1.6073064804077148,0.12001067399978638,0.40895017981529236,1.6701512324524392,0.1194072790913177,0.5,1.5939773321151733,1.588968276977539,0.40232205390930176,1.6371307235701722,1.6045342543467112,0.5,0.2227644920349121,1.6362253427505493,0.39005813002586365,0.35878232057653664,1.6047498878356923,0.5
4.95,TAKEOFF,0.24268154799938202,0.24816732108592987,0.37183085083961487,0.3672420468498566,0.285099833030291,0.5,1.6073064804077148,0.12001067399978638,0.40895017981529236,1.6771066879478915,0.12120181355056786,0.5,1.5939773321151733,1.588968276977539,0.40232205390930176,1.6404517861092387,1.6049187672074032,0.5,0.2227644920349121,1.6362253427505493,0.39005813002586365,0.36715035835559817,1.6051621467112072,0.5
4.97,TAKEOFF,0.24268154799938202,0.24816732108592987,0.37183085083961487,0.3755237249514293,0.2877746461877759,0.5,1.6073064804077148,0.12001067399978638,0.40895017981529236,1.6842352161245002,0.12302510830324043,0.5,1.593227744102478,1.59031081199646,0.4117524325847626,1.6438049189234252,1.6053052934633953,0.5,0.2227644920349121,1.6362253427505493,0.39005813002586365,0.37541854826743765,1.605578102263393,0.5
4.99,TAKEOFF,0.24593693017959595,0.24931468069553375,0.3806903064250946,0.38370748934486176,0.29044573874929763,0.5,1.6081229448318481,0.11676368117332458,0.4194146394729614,1.691536553386363,0.1248774873451979,0.5,1.593227744102478,1.59031081199646,0.4117524325847626,1.647189303722385,1.605693819662765,0.5,0.2227644920349121,1.6362253427505493,0.39005813002586365,0.38358837928408873,1.6059978195119418,0.5
5.01,TRACK,0.24593693017959595,0.24931468069553375,0.3806903064250946,0.39179473934166026,0.2931131262638179,0.5,1.6081229448318481,0.11676368117332458,0.4194146394729614,1.6990102006866774,0.1267592768798435,0.5,1.593227744102478,1.59031081199646,0.4117524325847626,1.6506041067481467,1.6060843232935318,0.5,0.2227644920349121,1.6362253427505493,0.39005813002586365,0.3916613116071123,1.6064213288438376,0.5
5.03,TRACK,0.24593693017959595,0.24931468069553375,0.3806903064250946,0.3997868558491715,0.2957768266395324,0.5,1.6081229448318481,0.11676368117332458,0.4194146394729614,1.7066021385038477,0.12867080563161606,0.5,1.593227744102478,1.59031081199646,0.4117524325847626,1.654048480441959,1.6064767760302472,0.5,0.22869542241096497,1.6270179748535156,0.3989110291004181,0.3996387788487847,1.6068486352214721,0.5
5.05,TRACK,0.24593693017959595,0.24931468069553375,0.3806903064250946,0.40768520142970704,0.29843685903650236,0.5,1.6081229448318481,0.11676368117332458,0.4194146394729614,1.714096236517462,0.13061240526116474,0.5,1.5960111618041992,1.5914229154586792,0.4226294159889221,1.6575215644524517,1.6068711459249827,0.5,0.22869542241096497,1.6270179748535156,0.3989110291004181,0.40752218993345757,1.6072797256739406,0.5
5.071,TRACK,0.24593693017959595,0.24931468069553375,0.3806903064250946,0.41549112040956393,0.3010932430861624,0.5,1.6081229448318481,0.11676368117332458,0.4194146394729614,1.721475397372239,0.13258441070510366,0.5,1.5960111618041992,1.5914229154586792,0.4226294159889221,1.661022486378509,1.6072673989333441,0.5,0.22869542241096497,1.6270179748535156,0.3989110291004181,0.41531293066041797,1.6077145750603465,0.5
5.09,TRACK,0.25521111488342285,0.2540713846683502,0.3916926980018616,0.42320593902563636,0.30374599835851085,0.5,1.6119678020477295,0.11644647270441055,0.43024370074272156,1.7287413961937488,0.13458716013975675,0.5,1.5960111618041992,1.5914229154586792,0.4226294159889221,1.6645503624447155,1.607665499981447,0.5,0.22869542241096497,1.6270179748535156,0.3989110291004181,0.4230123649399711,1.6081531502992261,0.5
5.109,TRACK,0.25521111488342285,0.2540713846683502,0.3916926980018616,0.4308309655984686,0.30639514400963236,0.5,1.6119678020477295,0.11644647270441055,0.43024370074272156,1.735895966528318,0.13662099502433886,0.5,1.5960111618041992,1.5914229154586792,0.4226294159889221,1.6681042981040655,1.6080654137004076,0.5,0.24000611901283264,1.622567057609558,0.41127943992614746,0.43062183574802826,1.608595413344747,0.5
5.13,TRACK,0.25521111488342285,0.2540713846683502,0.3916926980018616,0.4383674907225225,0.3090406985560712,0.5,1.6119678020477295,0.11644647270441055,0.43024370074272156,1.7429408046611425,0.13868626011319385,0.5,1.5960111618041992,1.5914229154586792,0.4226294159889221,1.6716833885981914,1.6084671049405614,0.5,0.24000611901283264,1.622567057609558,0.41127943992614746,0.4381426658543012,1.609041323201965,0.5
5.15,TRACK,0.25521111488342285,0.2540713846683502,0.3916926980018616,0.44581678746646003,0.3116826797358456,0.5,1.6119678020477295,0.11644647270441055,0.43024370074272156,1.749877572898347,0.14078330343485607,0.5,1.5960111618041992,1.5914229154586792,0.4226294159889221,1.6752867195114252,1.6088705391377298,0.5,0.24000611901283264,1.622567057609558,0.41127943992614746,0.4455761583787885,1.6094908372434773,0.5
5.169,TRACK,0.25521111488342285,0.2540713846683502,0.3916926980018616,0.4531801115781317,0.3143211044272445,0.5,1.6119678020477295,0.11644647270441055,0.43024370074272156,1.756707902067501,0.1429124762451679,0.5,1.5997480154037476,1.5911662578582764,0.4323093295097351,1.6789133673315024,1.6092756825754722,0.5,0.24000611901283264,1.622567057609558,0.41127943992614746,0.4529235972240786,1.6099439120408265,0.5
5.189,TRACK,0.27145400643348694,0.2605946958065033,0.40162745118141174,0.46045870169054504,0.3169559886054758,0.5,1.6212079524993896,0.1174405962228775,0.43953919410705566,1.7634333934482773,0.14507413296038588,0.5,1.5997480154037476,1.5911662578582764,0.4323093295097351,1.6825624000218156,1.6096825025728045,0.5,0.24000611901283264,1.622567057609558,0.41127943992614746,0.4601862474211622,1.6104005038721856,0.5
5.21,TRACK,0.27145400643348694,0.2605946958065033,0.40162745118141174,0.46765377952631787,0.3195873473238506,0.5,1.6212079524993896,0.1174405962228775,0.43953919410705566,1.770055620296749,0.14726863107486637,0.5,1.5997480154037476,1.5911662578582764,0.4323093295097351,1.6862328776072777,1.6100909676178312,0.5,0.24000611901283264,1.622567057609558,0.41127943992614746,0.4673653554168518,1.6108605690219444,0.5
5.23,TRACK,0.27145400643348694,0.2605946958065033,0.40162745118141174,0.47476655009902285,0.32221519471083193,0.5,1.6212079524993896,0.1174405962228775,0.43953919410705566,1.7765761290829136,0.14949633106672824,0.5,1.5997480154037476,1.5911662578582764,0.4323093295097351,1.6899238527745382,1.6105010474615407,0.5,0.2591944634914398,1.6185271739959717,0.4210086762905121,0.4744621493227998,1.6113240639511082,0.5
5.25,TRACK,0.27145400643348694,0.2605946958065033,0.40162745118141174,0.4817982019104666,0.3248395439774191,0.5,1.6212079524993896,0.1174405962228775,0.43953919410705566,1.7829964405254137,0.15175759629392435,0.5,1.5997480154037476,1.5911662578582764,0.4323093295097351,1.6936343714865434,1.6109127131817111,0.5,0.2591944634914398,1.6185271739959717,0.4210086762905121,0.48147783913983305,1.6117909453901857,0.5
5.269,TRACK,0.27145400643348694,0.2605946958065033,0.40162745118141174,0.48874990714337985,0.3274604074313739,0.5,1.6212079524993896,0.1174405962228775,0.43953919410705566,1.7893180504807467,0.1540527928824251,0.5,1.606467604637146,1.5899492502212524,0.4417417645454407,1.6973634736109622,1.6113259372239193,0.5,0.2591944634914398,1.6185271739959717,0.4210086762905121,0.4884136169667648,1.6122611703871546,0.5
5.29,TRACK,0.2938397526741028,0.2676253020763397,0.4083043932914734,0.49562282184928697,0.3300777964960854,0.5,1.6353965997695923,0.12201022356748581,0.4457215964794159,1.7955424307254044,0.1563822896076938,0.5,1.606467604637146,1.5899492502212524,0.4417417645454407,1.7011101935616804,1.611740693424652,0.5,0.2591944634914398,1.6185271739959717,0.4210086762905121,0.49527065719968916,1.6127346963303568,0.5
5.31,TRACK,0.2938397526741028,0.2676253020763397,0.4083043932914734,0.5024180861315147,0.33269172173265904,0.5,1.6353965997695923,0.12201022356748581,0.4457215964794159,1.8016710296566187,0.158746457770273,0.5,1.606467604637146,1.5899492502212524,0.4417417645454407,1.7048354469982545,1.612156957035772,0.5,0.2591944634914398,1.6185271739959717,0.4210086762905121,0.5020501167256645,1.613211480958042,0.5
5.33,TRACK,0.2938397526741028,0.2676253020763397,0.4083043932914734,0.5091368243234295,0.33530219286429946,0.5,1.6353965997695923,0.12201022356748581,0.4457215964794159,1.8077052729290202,0.16114567106605804,0.5,1.606467604637146,1.5899492502212524,0.4417417645454407,1.7085078235580449,1.6125747049157029,0.5,0.28649789094924927,1.6169661283493042,0.429274320602417,0.5087531351138579,1.613691482361617,0.5
5.35,TRACK,0.2938397526741028,0.2676253020763397,0.4083043932914734,0.5157801451621447,0.3379092188023969,0.5,1.6353965997695923,0.12201022356748581,0.4457215964794159,1.813646564039134,0.16358030545167349,0.5,1.6162387132644653,1.5883371829986572,0.4499778151512146,1.7121281283773004,1.6129939155112205,0.5,0.28649789094924927,1.6169661283493042,0.429274320602417,0.5153808348123675,1.6141746589899941,0.5
5.369,TRACK,0.2938397526741028,0.2676253020763397,0.4083043932914734,0.5223491419581905,0.34051280767400455,0.5,1.6353965997695923,0.12201022356748581,0.4457215964794159,1.8194962848662053,0.16605073900526826,0.5,1.6162387132644653,1.5883371829986572,0.4499778151512146,1.7156971517460755,1.6134145686475265,0.5,0.28649789094924927,1.6169661283493042,0.429274320602417,0.5219343213447996,1.6146609696496272,0.5
5.389,TRACK,0.3215404748916626,0.27631670236587524,0.41372326016426086,0.5288448927612952,0.34311296685013015,0.5,1.6564857959747314,0.12706756591796875,0.4510343074798584,1.825255796175652,0.16855735178298153,0.5,1.6162387132644653,1.5883371829986572,0.4499778151512146,1.7192156693993061,1.613836645473372,0.5,0.28649789094924927,1.6169661283493042,0.429274320602417,0.5284146835003367,1.6151503734994328,0.5
5.41,TRACK,0.3215404748916626,0.27631670236587524,0.41372326016426086,0.5352684605223876,0.3457097029744334,0.5,1.6564857959747314,0.12706756591796875,0.4510343074798584,1.830926438089949,0.1711005256712648,0.5,1.6162387132644653,1.5883371829986572,0.4499778151512146,1.722684442859152,1.6142601284266562,0.5,0.319478303194046,1.6155575513839722,0.43394121527671814,0.534822993524379,1.61564283004777,0.5
5.43,TRACK,0.3215404748916626,0.27631670236587524,0.41372326016426086,0.5416208932521457,0.34830302199217544,0.5,1.6564857959747314,0.12706756591796875,0.4510343074798584,1.8365095305307773,0.17368064423520324,0.5,1.6162387132644653,1.5883371829986572,0.4499778151512146,1.7261042197798013,1.6146850011967304,0.5,0.319478303194046,1.6155575513839722,0.43394121527671814,0.5411603073108805,1.6161382991514714,0.5
5.45,TRACK,0.3215404748916626,0.27631670236587524,0.41372326016426086,0.5479032241764403,0.3508929291792863,0.5,1.6564857959747314,0.12706756591796875,0.4510343074798584,1.8420063736355938,0.17629809256295598,0.5,1.6283339262008667,1.586066484451294,0.4538717269897461,1.7294757342914162,1.6151112486833896,0.5,0.319478303194046,1.6155575513839722,0.43394121527671814,0.5474276645964676,1.6166367410163056,0.5
5.47,TRACK,0.3215404748916626,0.27631670236587524,0.41372326016426086,0.554116471889027,0.3534794291714235,0.5,1.6564857959747314,0.12706756591796875,0.4510343074798584,1.8474182481512933,0.1789532571064164,0.5,1.6283339262008667,1.586066484451294,0.4538717269897461,1.7327997073416197,1.6155388569532159,0.5,0.319478303194046,1.6155575513839722,0.43394121527671814,0.5536260891563886,1.6171381161985205,0.5
5.49,TRACK,0.35354387760162354,0.2854476571083069,0.4164617955684662,0.5602616405018358,0.3560625259929139,0.5,1.6826026439666748,0.1323096752166748,0.45193159580230713,1.8527464158072526,0.18164652551817856,0.5,1.6283339262008667,1.586066484451294,0.4538717269897461,1.7360768470331818,1.6159678131938693,0.5,0.319478303194046,1.6155575513839722,0.43394121527671814,0.5597565890023155,1.617642385607242,0.5
5.51,TRACK,0.35354387760162354,0.2854476571083069,0.4164617955684662,0.5663397197932079,0.35864222308548477,0.5,1.6826026439666748,0.1323096752166748,0.45193159580230713,1.8579921196697564,0.18437828648488339,0.5,1.6283339262008667,1.586066484451294,0.4538717269897461,1.7393078489567488,1.616398105666845,0.5,0.319478303194046,1.6155575513839722,0.43394121527671814,0.5658201565819773,1.618149510507579,0.5
5.53,TRACK,0.35354387760162354,0.2854476571083069,0.4164617955684662,0.5723516853544164,0.3612185233367098,0.5,1.6826026439666748,0.1323096752166748,0.45193159580230713,1.8631565844795623,0.18714892955700832,0.5,1.6283339262008667,1.586066484451294,0.4538717269897461,1.742493396517649,1.6168297236591525,0.5,0.35578295588493347,1.6124494075775146,0.4325733184814453,0.5718177689805605,1.618659452524312,0.5
5.55,TRACK,0.35354387760162354,0.2854476571083069,0.4164617955684662,0.5782984987348001,0.3637914291081095,0.5,1.6826026439666748,0.1323096752166748,0.45193159580230713,1.868241016974172,0.18995884497515605,0.5,1.6427451372146606,1.5846904516220093,0.4536168575286865,1.745634161255954,1.617262657434314,0.5,0.35578295588493347,1.6124494075775146,0.4325733184814453,0.5777503881237729,1.619172173646057,0.5
5.57,TRACK,0.35354387760162354,0.2854476571083069,0.4164617955684662,0.5841811075858219,0.36636094226285965,0.5,1.6826026439666748,0.1323096752166748,0.45193159580230713,1.8732466061961996,0.19280842349289196,0.5,1.6427451372146606,1.5846904516220093,0.4536168575286865,1.7487308031591284,1.6176968981830349,0.5,0.35578295588493347,1.6124494075775146,0.4325733184814453,0.5836189609824327,1.6196876362298045,0.5
5.59,TRACK,0.38724905252456665,0.29273414611816406,0.42094627022743225,0.5900004458043455,0.36892706419307064,0.5,1.7148380279541016,0.1386585831642151,0.4552253484725952,1.8781745237890908,0.19569805619617367,0.5,1.6427451372146606,1.5846904516220093,0.4536168575286865,1.7517839709667216,1.6181324379738458,0.5,0.35578295588493347,1.6124494075775146,0.4325733184814453,0.5894244197784144,1.6202058030057445,0.5
5.61,TRACK,0.38724905252456665,0.29273414611816406,0.42094627022743225,0.5957574336754055,0.3714897958466124,0.5,1.7148380279541016,0.1386585831642151,0.4552253484725952,1.8830259242813197,0.19862813431941412,0.5,1.6427451372146606,1.5846904516220093,0.4536168575286865,1.7547943024666768,1.61856926970399,0.5,0.35578295588493347,1.6124494075775146,0.4325733184814453,0.5951676821917601,1.620726637082284,0.5
5.63,TRACK,0.38724905252456665,0.29273414611816406,0.42094627022743225,0.601452978014719,0.37404913775346293,0.5,1.7148380279541016,0.1386585831642151,0.4552253484725952,1.8878019453600805,0.2015982411314745,0.5,1.6427451372146606,1.5846904516220093,0.4536168575286865,1.757762424782932,1.6190073870507835,0.5,0.3934582769870758,1.6155394315719604,0.43364474177360535,0.6008496515687434,1.6212501019511796,0.5
5.65,TRACK,0.38724905252456665,0.29273414611816406,0.42094627022743225,0.6070879723111682,0.3766050900515667,0.5,1.7148380279541016,0.1386585831642151,0.4552253484725952,1.8925037081686955,0.2045754220774344,0.5,1.6569215059280396,1.5829386711120605,0.4558449685573578,1.7606889546540783,1.6194467844236546,0.5,0.3934582769870758,1.6155394315719604,0.43364474177360535,0.6064712171306634,1.6217761614927069,0.5
5.67,TRACK,0.38724905252456665,0.29273414611816406,0.42094627022743225,0.6126632968694524,0.3791576525121914,0.5,1.7148380279541016,0.1386585831642151,0.4552253484725952,1.8971323174833892,0.20754938401349535,0.5,1.6569215059280396,1.5829386711120605,0.4558449685573578,1.7635744987012067,1.6198874569170216,0.5,0.3934582769870758,1.6155394315719604,0.43364474177360535,0.6120332541831294,1.6223047799807921,0.5
5.69,TRACK,0.42315420508384705,0.30206000804901123,0.42105770111083984,0.6181798189530844,0.38170682456477434,0.5,1.7465033531188965,0.1439174860715866,0.4580490291118622,1.9016888616522987,0.21052006739598703,0.5,1.6569215059280396,1.5829386711120605,0.4558449685573578,1.7664196536756513,1.6203294002664128,0.5,0.3934582769870758,1.6155394315719604,0.43364474177360535,0.6175366243254856,1.6228359220880595,0.5
5.71,TRACK,0.42315420508384705,0.30206000804901123,0.42105770111083984,0.6236383929278686,0.38425260532125394,0.5,1.7465033531188965,0.1439174860715866,0.4580490291118622,1.9061744130438767,0.21348741455655545,0.5,1.6569215059280396,1.5829386711120605,0.4558449685573578,1.769225006705436,1.6207726108099643,0.5,0.3934582769870758,1.6155394315719604,0.43364474177360535,0.6229821756599965,1.6233695528909062,0.5
5.73,TRACK,0.42315420508384705,0.30206000804901123,0.42105770111083984,0.6290398604059669,0.3867949935998894,0.5,1.7465033531188965,0.1439174860715866,0.4580490291118622,1.9105900283602772,0.2164513696214376,0.5,1.6569215059280396,1.5829386711120605,0.4558449685573578,1.771991135537537,1.6212170854474874,0.5,0.4295288920402527,1.6217926740646362,0.4348888695240021,0.6283707430008096,1.6239056378745316,0.5
5.75,TRACK,0.42315420508384705,0.30206000804901123,0.42105770111083984,0.634385050390648,0.38933398794856633,0.5,1.7465033531188965,0.1439174860715866,0.4580490291118622,1.9149367488853446,0.21941187843314264,0.5,1.674389362335205,1.5806992053985596,0.4572308361530304,1.7747186087706948,1.6216628215986606,0.5,0.4295288920402527,1.6217926740646362,0.4348888695240021,0.6337031480824422,1.6244441429376222,0.5
5.769,TRACK,0.42315420508384705,0.30206000804901123,0.42105770111083984,0.6396747794217913,0.39186958666757976,0.5,1.7465033531188965,0.1439174860715866,0.4580490291118622,1.9192156007126346,0.2223688884764703,0.5,1.674389362335205,1.5806992053985596,0.4572308361530304,1.7774079860792893,1.6221098171620456,0.5,0.4295288920402527,1.6217926740646362,0.4348888695240021,0.6389801997675355,1.6249850343966363,0.5
5.79,TRACK,0.45805084705352783,0.30905938148498535,0.42253249883651733,0.6449098517221956,0.3944017878318842,0.5,1.7758208513259888,0.1499887853860855,0.45781007409095764,1.9234275949648136,0.22532234880916474,0.5,1.674389362335205,1.5806992053985596,0.4572308361530304,1.780059818428524,1.622558070475377,0.5,0.4295288920402527,1.6217926740646362,0.4348888695240021,0.6442026942536558,1.625528278989688,0.5
5.81,TRACK,0.45805084705352783,0.30905938148498535,0.42253249883651733,0.6500910593447172,0.3969305893128008,0.5,1.7758208513259888,0.1499887853860855,0.45781007409095764,1.9275737280074114,0.22827220999710157,0.5,1.674389362335205,1.5806992053985596,0.4572308361530304,1.7826746482811202,1.623007580277267,0.5,0.4295288920402527,1.6217926740646362,0.4348888695240021,0.6493714152789262,1.6260738438800206,0.5
5.83,TRACK,0.45805084705352783,0.30905938148498535,0.42253249883651733,0.6552191823202419,0.39945598879917316,0.5,1.7758208513259888,0.1499887853860855,0.45781007409095764,1.9316549816578872,0.23121842405381302,0.5,1.674389362335205,1.5806992053985596,0.4572308361530304,1.7852530097957384,1.6234583456703886,0.5,0.4668848216533661,1.6285194158554077,0.4341861307621002,0.6544871343262784,1.6266216966590523,0.5
5.849,TRACK,0.45805084705352783,0.30905938148498535,0.42253249883651733,0.6602949888064753,0.40197798381796107,0.5,1.7758208513259888,0.1499887853860855,0.45781007409095764,1.9356723233904771,0.23416094438413734,0.5,1.6908113956451416,1.5786409378051758,0.4586724638938904,1.7877954290173579,1.6239103660861705,0.5,0.4668848216533661,1.6285194158554077,0.4341861307621002,0.6595506108261258,1.6271718053489777,0.5
5.87,TRACK,0.45805084705352783,0.30905938148498535,0.42253249883651733,0.6653192352375166,0.40449657175426207,0.5,1.7758208513259888,0.1499887853860855,0.45781007409095764,1.939626706537153,0.23709972573177782,0.5,1.6908113956451416,1.5786409378051758,0.4586724638938904,1.7903024240598626,1.6243636412510254,0.5,0.4668848216533661,1.6285194158554077,0.4341861307621002,0.6645625923572668,1.6277241384049104,0.5
5.89,TRACK,0.4945952594280243,0.31861433386802673,0.42290204763412476,0.6702926664741634,0.40701174987074945,0.5,1.8087388277053833,0.15871776640415192,0.457906037569046,1.9435190704849703,0.24003472413055985,0.5,1.6908113956451416,1.5786409378051758,0.4586724638938904,1.7927745052810908,1.6248181711541267,0.5,0.4668848216533661,1.6285194158554077,0.4341861307621002,0.6695238148458409,1.628278664716555,0.5
5.909,TRACK,0.4945952594280243,0.31861433386802673,0.42290204763412476,0.6752160159548811,0.4095235153265161,0.5,1.8087388277053833,0.15871776640415192,0.457906037569046,1.9473503408700448,0.24296589685917883,0.5,1.6908113956451416,1.5786409378051758,0.4586724638938904,1.795212175450621,1.625273956016732,0.5,0.4668848216533661,1.6285194158554077,0.4341861307621002,0.6744350027621732,1.628835353609401,0.5
5.93,TRACK,0.4945952594280243,0.31861433386802673,0.42290204763412476,0.6800900058473553,0.4120318651953121,0.5,1.8087388277053833,0.15871776640415192,0.457906037569046,1.9511214297683772,0.2458932023992369,0.5,1.6908113956451416,1.5786409378051758,0.4586724638938904,1.7976159299105683,1.6257309962630546,0.5,0.49682217836380005,1.6377767324447632,0.4358077049255371,0.6792968693153532,1.6293941748454348,0.5
5.949,TRACK,0.4945952594280243,0.31861433386802673,0.42290204763412476,0.6849153472005362,0.41453679648316494,0.5,1.8087388277053833,0.15871776640415192,0.457906037569046,1.9548332358837128,0.24881660039637118,0.5,1.7081968784332275,1.5792572498321533,0.45952069759368896,1.7999862567296734,1.6261892924926715,0.5,0.49682217836380005,1.6377767324447632,0.4358077049255371,0.6841101166454105,1.629955098623373,0.5
5.971,TRACK,0.4945952594280243,0.31861433386802673,0.42290204763412476,0.689692740097071,0.41703830614537135,0.5,1.8087388277053833,0.15871776640415192,0.457906037569046,1.958486644732607,0.2517360516242819,0.5,1.7081968784332275,1.5792572498321533,0.45952069759368896,1.802323636850967,1.6266488454544514,0.5,0.49682217836380005,1.6377767324447632,0.4358077049255371,0.6888754360129599,1.6305180955784162,0.5
5.99,TRACK,0.5277259945869446,0.3267778754234314,0.4180125594139099,0.6944228738060162,0.4195363911028507,0.5,1.835394024848938,0.16955457627773285,0.45857304334640503,1.9620825288268464,0.25465151795147467,0.5,1.7081968784332275,1.5792572498321533,0.45952069759368896,1.8046285442332919,1.6271096560219829,0.5,0.49682217836380005,1.6377767324447632,0.4358077049255371,0.6935935079862025,1.6310831367815317,0.5
6.01,TRACK,0.5277259945869446,0.3267778754234314,0.4180125594139099,0.6991064269357082,0.4220310482578494,0.5,1.835394024848938,0.16955457627773285,0.45857304334640503,1.9656217478533564,0.2575629623105359,0.5,1.7081968784332275,1.5792572498321533,0.45952069759368896,1.806901445986966,1.6275717251704764,0.5,0.49682217836380005,1.6377767324447632,0.4358077049255371,0.6982650026251849,1.6316501937382757,0.5
6.03,TRACK,0.5277259945869446,0.3267778754234314,0.4180125594139099,0.7037440675866745,0.4245222745089887,0.5,1.835394024848938,0.16955457627773285,0.45857304334640503,1.969105148851714,0.2604703486697674,0.5,1.7081968784332275,1.5792572498321533,0.45952069759368896,1.8091428025038647,1.6280350539551136,0.5,0.5340630412101746,1.6470065116882324,0.43687525391578674,0.7028905796632261,1.6322192383871628,0.5
6.05,TRACK,0.5277259945869446,0.3267778754234314,0.4180125594139099,0.7083364535044556,0.4270100667656476,0.5,1.835394024848938,0.16955457627773285,0.45857304334640503,1.9725335663893644,0.26337364200701185,0.5,1.724586009979248,1.5803614854812622,0.46203792095184326,1.8113530675821978,1.628499643490807,0.5,0.5340630412101746,1.6470065116882324,0.43687525391578674,0.7074708886854393,1.632790243097601,0.5
6.069,TRACK,0.5277259945869446,0.3267778754234314,0.4180125594139099,0.7128842322322128,0.42949442196167475,0.5,1.835394024848938,0.16955457627773285,0.45857304334640503,1.9759078227346345,0.26627280828550554,0.5,1.724586009979248,1.5803614854812622,0.46203792095184326,1.8135326885462493,1.6289654949333392,0.5,0.5340630412101746,1.6470065116882324,0.43687525391578674,0.7120065693042834,1.6333631806674032,0.5
6.09,TRACK,0.5577679872512817,0.3369377553462982,0.41657283902168274,0.7173880412629885,0.43197533706842484,0.5,1.8635646104812622,0.1831372082233429,0.4595857262611389,1.9792287280276197,0.2691678144316041,0.5,1.724586009979248,1.5803614854812622,0.46203792095184326,1.8156821063613457,1.6294326094618388,0.5,0.5340630412101746,1.6470065116882324,0.43687525391578674,0.7164982513320944,1.6339380243198969,0.5
6.11,TRACK,0.5577679872512817,0.3369377553462982,0.41657283902168274,0.7218485081914937,0.43445280910711603,0.5,1.8635646104812622,0.1831372082233429,0.4595857262611389,1.9824970804490119,0.2720586283142298,0.5,1.724586009979248,1.5803614854812622,0.46203792095184326,1.8178017557443082,1.6299009882625561,0.5,0.5708900690078735,1.6537684202194214,0.4382217526435852,0.7209465549505542,1.6345147477006465,0.5
6.13,TRACK,0.5577679872512817,0.3369377553462982,0.41657283902168274,0.7262662508652928,0.43692683516050695,0.5,1.8635646104812622,0.1831372082233429,0.4595857262611389,1.985713666386928,0.2749452187258974,0.5,1.724586009979248,1.5803614854812622,0.46203792095184326,1.8198920652696389,1.630370632513894,0.5,0.5708900690078735,1.6537684202194214,0.4382217526435852,0.7253520908770674,1.6350933248738113,0.5
6.15,TRACK,0.5577679872512817,0.3369377553462982,0.41657283902168274,0.7306418775352601,0.4393974123838931,0.5,1.8635646104812622,0.1831372082233429,0.4595857262611389,1.9888792606017904,0.27782755536518156,0.5,1.7409707307815552,1.5841525793075562,0.4627179801464081,1.8219534574716798,1.6308415433726526,0.5,0.5708900690078735,1.6537684202194214,0.4382217526435852,0.7297154605280267,1.6356737303181577,0.5
6.17,TRACK,0.5577679872512817,0.3369377553462982,0.41657283902168274,0.7349759870051865,0.4418645380154253,0.5,1.8635646104812622,0.1831372082233429,0.4595857262611389,1.9919946263893045,0.2807056088204942,0.5,1.7409707307815552,1.5841525793075562,0.4627179801464081,1.8239863489429822,1.6313137219614393,0.5,0.5708900690078735,1.6537684202194214,0.4382217526435852,0.7340372561789534,1.6362559389227487,0.5
6.19,TRACK,0.5899573564529419,0.34913700819015503,0.41922852396965027,0.7392691687804174,0.44432820938575257,0.5,1.8921923637390137,0.19817638397216797,0.4580659568309784,1.9950605157415662,0.28357935055504846,0.5,1.7409707307815552,1.5841525793075562,0.4627179801464081,1.8259911504291042,1.6317871693572028,0.5,0.5708900690078735,1.6537684202194214,0.4382217526435852,0.7383180611215129,1.6368399259823305,0.5
6.21,TRACK,0.5899573564529419,0.34913700819015503,0.41922852396965027,0.7435220032154067,0.4467884239269961,0.5,1.8921923637390137,0.19817638397216797,0.4580659568309784,1.9980776695063378,0.2864487528928898,0.5,1.7409707307815552,1.5841525793075562,0.4627179801464081,1.8279682669200563,1.6322618865808396,0.5,0.5708900690078735,1.6537684202194214,0.4382217526435852,0.7425584498174108,1.6374256671924414,0.5
6.229,TRACK,0.5899573564529419,0.34913700819015503,0.41922852396965027,0.7477350616600801,0.4492451791810607,0.5,1.8921923637390137,0.19817638397216797,0.4580659568309784,2.0010468175445144,0.28931378900588334,0.5,1.7409707307815552,1.5841525793075562,0.4627179801464081,1.8299180977385996,1.6327378745878318,0.5,0.6051575541496277,1.656899094581604,0.4387355446815491,0.7467589880491824,1.6380131386442631,0.5
6.25,TRACK,0.5899573564529419,0.34913700819015503,0.41922852396965027,0.751908906604901,0.45169847280729264,0.5,1.8921923637390137,0.19817638397216797,0.4580659568309784,2.0039686788858075,0.29217443290155193,0.5,1.7498663663864136,1.5802416801452637,0.45206767320632935,1.8318410366255913,1.6332151342598626,0.5,0.6051575541496277,1.656899094581604,0.4387355446815491,0.750920233067896,1.6386023168192374,0.5
6.269,TRACK,0.5899573564529419,0.34913700819015503,0.41922852396965027,0.7560440918245445,0.45414830258949423,0.5,1.8921923637390137,0.19817638397216797,0.4580659568309784,2.0068439618826623,0.2950306594116646,0.5,1.7498663663864136,1.5802416801452637,0.45206767320632935,1.8337374718225685,1.6336936663973691,0.5,0.6051575541496277,1.656899094581604,0.4387355446815491,0.7550427337377982,1.639193178583473,0.5
6.29,TRACK,0.6209080815315247,0.3606237471103668,0.419580340385437,0.7601411625200867,0.45659466644230773,0.5,1.9127662181854248,0.20937976241111755,0.45869407057762146,2.0096733643624263,0.2978824441814833,0.5,1.7498663663864136,1.5802416801452637,0.45206767320632935,1.8356077861517452,1.6341734717129786,0.5,0.6051575541496277,1.656899094581604,0.4387355446815491,0.7591270306779321,1.6397857011819612,0.5
6.31,TRACK,0.6209080815315247,0.3606237471103668,0.419580340385437,0.7642006554596246,0.4590375624169812,0.5,1.9127662181854248,0.20937976241111755,0.45869407057762146,2.012457573777782,0.3007297636595801,0.5,1.7498663663864136,1.5802416801452637,0.45206767320632935,1.837452357093594,1.6346545508257877,0.5,0.6051575541496277,1.656899094581604,0.4387355446815491,0.7631736564007676,1.6403798622326253,0.5
6.33,TRACK,0.6209080815315247,0.3606237471103668,0.419580340385437,0.7682230991172481,0.4614769887065315,0.5,1.9127662181854248,0.20937976241111755,0.45869407057762146,2.015197267355457,0.3035725950881433,0.5,1.7498663663864136,1.5802416801452637,0.45206767320632935,1.8392715568621705,1.635136904256436,0.5,0.6376966834068298,1.6587634086608887,0.4384750425815582,0.7671831354478861,1.6409756397202242,0.5
6.35,TRACK,0.6209080815315247,0.3606237471103668,0.419580340385437,0.7722090138102935,0.4639129436503209,0.5,1.9127662181854248,0.20937976241111755,0.45869407057762146,2.0178931122432155,0.30641091649369784,0.5,1.764143466949463,1.5839381217956543,0.45106416940689087,1.8410657524783356,1.635620532422927,0.5,0.6376966834068298,1.6587634086608887,0.4384750425815582,0.7711559845227652,1.64157301199013,0.5
6.37,TRACK,0.6209080815315247,0.3606237471103668,0.419580340385437,0.7761589118348131,0.46634542573806387,0.5,1.9127662181854248,0.20937976241111755,0.45869407057762146,2.020545765655144,0.3092447066781686,0.5,1.764143466949463,1.5839381217956543,0.45106416940689087,1.8428353058410114,1.6361054356371525,0.5,0.6376966834068298,1.6587634086608887,0.4384750425815582,0.7750927126207169,1.6421719577420035,0.5
6.39,TRACK,0.6506627798080444,0.3731532096862793,0.4203678369522095,0.7800732975992029,0.46877443361328347,0.5,1.936735987663269,0.22181792557239532,0.4595937430858612,2.0231558750152367,0.31207394521022386,0.5,1.764143466949463,1.5839381217956543,0.45106416940689087,1.844580573796612,1.6365916141020802,0.5,0.6376966834068298,1.6587634086608887,0.4384750425815582,0.7789938211560283,1.642772456023383,0.5
6.411,TRACK,0.6506627798080444,0.3731532096862793,0.4203678369522095,0.7839526677559365,0.47119996607623515,0.5,1.936735987663269,0.22181792557239532,0.4595937430858612,2.0257240780992816,0.31489861241683836,0.5,1.764143466949463,1.5839381217956543,0.45106416940689087,1.8463019082067715,1.637079067909556,0.5,0.6376966834068298,1.6587634086608887,0.4384750425815582,0.7828598040863659,1.6433744862232076,0.5
6.43,TRACK,0.6506627798080444,0.3731532096862793,0.4203678369522095,0.7877975113313628,0.4736220220863194,0.5,1.936735987663269,0.22181792557239532,0.4595937430858612,2.028251003175056,0.3177186893750232,0.5,1.764143466949463,1.5839381217956543,0.45106416940689087,1.8479996560144856,1.6375677970386824,0.5,0.6688269972801208,1.6563901901245117,0.43589773774147034,0.7866911480344982,1.643978028065294,0.5
6.449,TRACK,0.6506627798080444,0.3731532096862793,0.4203678369522095,0.7916083098535255,0.4760406007640035,0.5,1.936735987663269,0.22181792557239532,0.4595937430858612,2.0307372691408365,0.32053415790367223,0.5,1.779226541519165,1.5906496047973633,0.45480039715766907,1.8496741593087807,1.6380578013547322,0.5,0.6688269972801208,1.6563901901245117,0.43589773774147034,0.7904883324074,1.6445830616017834,0.5
6.47,TRACK,0.6506627798080444,0.3731532096862793,0.4203678369522095,0.7953855374779751,0.4784557013922738,0.5,1.936735987663269,0.22181792557239532,0.4595937430858612,2.033183485662221,0.3233450005554827,0.5,1.779226541519165,1.5906496047973633,0.45480039715766907,1.8513257553880098,1.6385490806085563,0.5,0.6688269972801208,1.6563901901245117,0.43589773774147034,0.7942518295127977,1.6451895672065726,0.5
6.49,TRACK,0.6809127330780029,0.38781312108039856,0.4178730845451355,0.7991296611115463,0.48086732341764016,0.5,1.9596787691116333,0.2347605675458908,0.45883578062057495,2.0355902533072716,0.3261512006089084,0.5,1.779226541519165,1.5906496047973633,0.45480039715766907,1.8529547768218724,1.6390416344364491,0.5,0.6688269972801208,1.6563901901245117,0.43589773774147034,0.7979821046732207,1.64579752556875,0.5
6.51,TRACK,0.6809127330780029,0.38781312108039856,0.4178730845451355,0.8028411405340798,0.48327546645071556,0.5,1.9596787691116333,0.2347605675458908,0.45883578062057495,2.03795816367998,0.32895274206011166,0.5,1.779226541519165,1.5906496047973633,0.45480039715766907,1.8545615515122449,1.639535462360433,0.5,0.6962650418281555,1.6529474258422852,0.43497177958488464,0.8016796163376215,1.6464069176860463,0.5
6.53,TRACK,0.6809127330780029,0.38781312108039856,0.4178730845451355,0.806520428518076,0.4856801302663921,0.5,1.9596787691116333,0.2347605675458908,0.45883578062057495,2.0402877995520567,0.3317496096148829,0.5,1.779226541519165,1.5906496047973633,0.45480039715766907,1.856146402752907,1.6400305637889274,0.5,0.6962650418281555,1.6529474258422852,0.43497177958488464,0.8053448161906285,1.6470177248583162,0.5
6.55,TRACK,0.6809127330780029,0.38781312108039856,0.4178730845451355,0.8101679709462672,0.4880813148036373,0.5,1.9596787691116333,0.2347605675458908,0.45883578062057495,2.042579734993052,0.33454178868050044,0.5,1.7959257364273071,1.59654700756073,0.4580669701099396,1.8577096492882363,1.6405269380177672,0.5,0.6962650418281555,1.6529474258422852,0.43497177958488464,0.8089781492594965,1.647629928681064,0.5
6.57,TRACK,0.6809127330780029,0.38781312108039856,0.4178730845451355,0.813784206927108,0.4904790201649323,0.5,1.9596787691116333,0.2347605675458908,0.45883578062057495,2.04483453549881,0.33732926535750696,0.5,1.7959257364273071,1.59654700756073,0.4580669701099396,1.8592516053709403,1.6410245842315372,0.5,0.6962650418281555,1.6529474258422852,0.43497177958488464,0.8125800540188194,1.6482435110390241,0.5
6.589,TRACK,0.7105740308761597,0.40146341919898987,0.41746169328689575,0.8173695689081809,0.49287324661537496,0.5,1.9800958633422852,0.24943970143795013,0.45966270565986633,2.047052758118256,0.3401120264313845,0.5,1.7959257364273071,1.59654700756073,0.4580669701099396,1.8607725808188933,1.6415235015051939,0.5,0.6962650418281555,1.6529474258422852,0.43497177958488464,0.816150962493067,1.6488584540998075,0.5
6.61,TRACK,0.7105740308761597,0.40146341919898987,0.41746169328689575,0.820924482787524,0.4952639945814706,0.5,1.9800958633422852,0.24943970143795013,0.45966270565986633,2.049234951578532,0.34289005936410966,0.5,1.7959257364273071,1.59654700756073,0.4580669701099396,1.8622728810711344,1.6420236888059385,0.5,0.7214131951332092,1.650759220123291,0.43395912647247314,0.8196913003570114,1.6494747403076244,0.5
6.63,TRACK,0.7105740308761597,0.40146341919898987,0.41746169328689575,0.8244493680228873,0.4976512646496316,0.5,1.9800958633422852,0.24943970143795013,0.45966270565986633,2.0513816564084784,0.34566335228557754,0.5,1.7959257364273071,1.59654700756073,0.4580669701099396,1.8637528072430776,1.6425251449953195,0.5,0.7214131951332092,1.650759220123291,0.43395912647247314,0.8232014870341049,1.6500923523770936,0.5
6.65,TRACK,0.7105740308761597,0.40146341919898987,0.41746169328689575,0.8279446377389325,0.5000350575644088,0.5,1.9800958633422852,0.24943970143795013,0.45966270565986633,2.0534934050604634,0.3484318939848831,0.5,1.809415578842163,1.5998244285583496,0.4555123746395111,1.865212656180987,1.643027868831532,0.5,0.7214131951332092,1.650759220123291,0.43395912647247314,0.8266819357928694,1.6507112732871438,0.5
6.67,TRACK,0.7105740308761597,0.40146341919898987,0.41746169328689575,0.8314106988323898,0.5024153742264752,0.5,1.9800958633422852,0.24943970143795013,0.45966270565986633,2.055570722030583,0.3511956739014533,0.5,1.809415578842163,1.5998244285583496,0.4555123746395111,1.8666527205157588,1.643531858971891,0.5,0.7214131951332092,1.650759220123291,0.43395912647247314,0.8301330538413599,1.6513314862750177,0.5
6.689,TRACK,0.7377226948738098,0.41730180382728577,0.4207543432712555,0.8348479520751937,0.5047922156903839,0.5,2.0034995079040527,0.26420897245407104,0.45980745553970337,2.0576141239772197,0.3539546821160242,0.5,1.809415578842163,1.5998244285583496,0.4555123746395111,1.8680732887160483,1.6440371139754515,0.5,0.7214131951332092,1.650759220123291,0.43395912647247314,0.8335552424197603,1.6519529748303827,0.5
6.71,TRACK,0.7377226948738098,0.41730180382728577,0.4207543432712555,0.8382567922156172,0.5071655831621193,0.5,2.0034995079040527,0.26420897245407104,0.45980745553970337,2.059624119837977,0.35670890934146143,0.5,1.809415578842163,1.5998244285583496,0.4555123746395111,1.86947464514078,1.644543632305755,0.5,0.7458470463752747,1.6512471437454224,0.43334388732910156,0.8369488968911689,1.6525757226895563,0.5
6.73,TRACK,0.7377226948738098,0.41730180382728577,0.4207543432712555,0.8416376080774318,0.509535477996464,0.5,2.0034995079040527,0.26420897245407104,0.45980745553970337,2.0616012109450037,0.3594583469134225,0.5,1.809415578842163,1.5998244285583496,0.4555123746395111,1.8708570700910723,1.6450514123336784,0.5,0.7458470463752747,1.6512471437454224,0.43334388732910156,0.8403144068306309,1.6531997138298475,0.5
6.75,TRACK,0.7377226948738098,0.41730180382728577,0.4207543432712555,0.8449907826571189,0.5119019016941971,0.5,2.0034995079040527,0.26420897245407104,0.45980745553970337,2.0635458911387032,0.36220298678086316,0.5,1.809415578842163,1.5998244285583496,0.4555123746395111,1.8722208398616038,1.645560452340366,0.5,0.7458470463752747,1.6512471437454224,0.43334388732910156,0.8436521561124717,1.653824932464024,0.5
6.769,TRACK,0.7377226948738098,0.41730180382728577,0.4207543432712555,0.8483166932191623,0.5142648558991464,0.5,2.0034995079040527,0.26420897245407104,0.45980745553970337,2.065458646879851,0.36494282149639096,0.5,1.823113203048706,1.6043633222579956,0.45444995164871216,1.8735662267914475,1.646070750520225,0.5,0.7458470463752747,1.6512471437454224,0.43334388732910156,0.8469625229959862,1.6544513630349036,0.5
6.79,TRACK,0.7627625465393066,0.43512722849845886,0.4236510992050171,0.8516157113894534,0.5166243423951091,0.5,2.0232040882110596,0.27880093455314636,0.45995187759399414,2.0673399573601237,0.3676778442064702,0.5,1.823113203048706,1.6043633222579956,0.45444995164871216,1.8748934993143958,1.646582304983967,0.5,0.7458470463752747,1.6512471437454224,0.43334388732910156,0.8502458802095324,1.6550789902100744,0.5
6.81,TRACK,0.7627625465393066,0.43512722849845886,0.4236510992050171,0.8548882032468416,0.5189803631026607,0.5,2.0232040882110596,0.27880093455314636,0.45995187759399414,2.069190294611049,0.37040804864148574,0.5,1.823113203048706,1.6043633222579956,0.45444995164871216,1.8762029220087932,1.6470951137616767,0.5,0.7458470463752747,1.6512471437454224,0.43334388732910156,0.853502595033083,1.6557077988767472,0.5
6.83,TRACK,0.7627625465393066,0.43512722849845886,0.4236510992050171,0.858134529412864,0.5213329200758664,0.5,2.0232040882110596,0.27880093455314636,0.45995187759399414,2.071010123611399,0.37313342910567165,0.5,1.823113203048706,1.6043633222579956,0.45444995164871216,1.877494755646898,1.6476091748058967,0.5,0.7662668228149414,1.6568633317947388,0.4353289306163788,0.8567330293792801,1.6563377741367395,0.5
6.85,TRACK,0.7627625465393066,0.43512722849845886,0.4236510992050171,0.8613550451396903,0.5236820154989128,0.5,2.0232040882110596,0.27880093455314636,0.45995187759399414,2.072799902393026,0.37585398046691454,0.5,1.8360652923583984,1.6086397171020508,0.45316454768180847,1.878769257243782,1.64812448599471,0.5,0.7662668228149414,1.6568633317947388,0.4353289306163788,0.8599375398730412,1.6569689013015936,0.5
6.87,TRACK,0.7627625465393066,0.43512722849845886,0.4236510992050171,0.8645501003963174,0.526027651682673,0.5,2.0232040882110596,0.27880093455314636,0.45995187759399414,2.074560082145162,0.37856969814644037,0.5,1.8360652923583984,1.6086397171020508,0.45316454768180847,1.8800266801057854,1.6486410451348088,0.5,0.7662668228149414,1.6568633317947388,0.4353289306163788,0.8631164779297607,1.6576011658878271,0.5
6.89,TRACK,0.7888699769973755,0.4544270932674408,0.4216557443141937,0.8677200399530546,0.5283698310612203,0.5,2.040682077407837,0.29334256052970886,0.46078068017959595,2.0762911073171963,0.3812805781083955,0.5,1.8360652923583984,1.6086397171020508,0.45316454768180847,1.8812672738785354,1.649158849964538,0.5,0.7662668228149414,1.6568633317947388,0.4353289306163788,0.8662701898321492,1.6582345536123204,0.5
6.909,TRACK,0.7888699769973755,0.4544270932674408,0.4216557443141937,0.8708652034643313,0.5307085561883034,0.5,2.040682077407837,0.29334256052970886,0.46078068017959595,2.077993415719938,0.38398661684933266,0.5,1.8360652923583984,1.6086397171020508,0.45316454768180847,1.882491284594536,1.6496778981569011,0.5,0.7864249348640442,1.6630101203918457,0.4380650222301483,0.8693990168057534,1.6588690503878336,0.5
6.93,TRACK,0.7888699769973755,0.4544270932674408,0.4216557443141937,0.8739859255498713,0.5330438297337952,0.5,2.040682077407837,0.29334256052970886,0.46078068017959595,2.0796674386253864,0.3866878113876135,0.5,1.8360652923583984,1.6086397171020508,0.45316454768180847,1.88369895472034,1.650198187322521,0.5,0.7864249348640442,1.6630101203918457,0.4380650222301483,0.8725032950931941,1.6595046423186575,0.5
6.95,TRACK,0.7888699769973755,0.4544270932674408,0.4216557443141937,0.8770825358742669,0.535375654480128,0.5,2.040682077407837,0.29334256052970886,0.46078068017959595,2.081313600865022,0.3893841592527397,0.5,1.8360652923583984,1.6086397171020508,0.45316454768180847,1.884890523203303,1.6507197150125432,0.5,0.7864249348640442,1.6630101203918457,0.4380650222301483,0.8755833560271621,1.6601413156963958,0.5
6.97,TRACK,0.7888699769973755,0.4544270932674408,0.4216557443141937,0.8801553592249934,0.5377040333187253,0.5,2.040682077407837,0.29334256052970886,0.46078068017959595,2.082932320926627,0.3920756584746252,0.5,1.8479394912719727,1.6131690740585327,0.45282816886901855,1.8860662255179308,1.6512424787214763,0.5,0.7864249348640442,1.6630101203918457,0.4380650222301483,0.8786395261022059,1.6607790569958747,0.5
6.99,TRACK,0.8100054860115051,0.4724752604961395,0.41968613862991333,0.8832047155889036,0.5400289692464397,0.5,2.0554885864257812,0.3058777451515198,0.46098941564559937,2.084524011049665,0.3947623075728211,0.5,1.8479394912719727,1.6131690740585327,0.45282816886901855,1.8872262937118167,1.6517664758899622,0.5,0.7864249348640442,1.6630101203918457,0.4380650222301483,0.8816721270453486,1.6614178528711803,0.5
7.009,TRACK,0.8100054860115051,0.4724752604961395,0.41968613862991333,0.8862309202272355,0.5423504653620077,0.5,2.0554885864257812,0.3058777451515198,0.46098941564559937,2.0860890773192207,0.3974441055457068,0.5,1.8479394912719727,1.6131690740585327,0.45282816886901855,1.888370956451177,1.6522917039074683,0.5,0.8076688647270203,1.6709076166152954,0.43858012557029724,0.8846814758855643,1.6620576901518191,0.5
7.03,TRACK,0.8100054860115051,0.4724752604961395,0.41968613862991333,0.8892342837491773,0.5446685248625291,0.5,2.0554885864257812,0.3058777451515198,0.46098941564559937,2.0876279197585315,0.40012105185965985,0.5,1.8479394912719727,1.6131690740585327,0.45282816886901855,1.889500439065981,1.6528181601148983,0.5,0.8076688647270203,1.6709076166152954,0.43858012557029724,0.8876678850221473,1.6626985558390022,0.5
7.05,TRACK,0.8100054860115051,0.4724752604961395,0.41968613862991333,0.8922151121840218,0.5469831510399794,0.5,2.0554885864257812,0.3058777451515198,0.46098941564559937,2.089140932420115,0.4027931464382164,0.5,1.8583742380142212,1.617405652999878,0.4537419378757477,1.8906149635946792,1.6533458418071159,0.5,0.8076688647270203,1.6709076166152954,0.43858012557029724,0.8906316622920025,1.6633404371020462,0.5
7.069,TRACK,0.8100054860115051,0.4724752604961395,0.41968613862991333,0.8951737070519493,0.5492943472777614,0.5,2.0554885864257812,0.3058777451515198,0.46098941564559937,2.0906285034755174,0.4054603896512354,0.5,1.8583742380142212,1.617405652999878,0.4537419378757477,1.8917147488285286,1.653874746235376,0.5,0.8076688647270203,1.6709076166152954,0.43858012557029724,0.8935731110358872,1.6639833212748907,0.5
7.09,TRACK,0.8344742059707642,0.4923545718193054,0.4156776964664459,0.8981103654334757,0.5516021170473044,0.5,2.067744493484497,0.32117894291877747,0.4629567265510559,2.0920910153037,0.4081227823040783,0.5,1.8583742380142212,1.617405652999878,0.4537419378757477,1.8928000103555163,1.6544048706096637,0.5,0.8076688647270203,1.6709076166152954,0.43858012557029724,0.8964925301636301,1.6646271958527274,0.5
7.109,TRACK,0.8344742059707642,0.4923545718193054,0.4156776964664459,0.9010253800375995,0.5539064639047148,0.5,2.067744493484497,0.32117894291877747,0.4629567265510559,2.093528844578078,0.4107803256268164,0.5,1.8583742380142212,1.617405652999878,0.4537419378757477,1.8938709606038757,1.6549362121009343,0.5,0.8076688647270203,1.6709076166152954,0.43858012557029724,0.8993902142183545,1.6652720484887389,0.5
7.13,TRACK,0.8344742059707642,0.4923545718193054,0.4156776964664459,0.9039190392686852,0.5562073914874842,0.5,2.067744493484497,0.32117894291877747,0.4629567265510559,2.0949423623522336,0.4134330212634777,0.5,1.8583742380142212,1.617405652999878,0.4537419378757477,1.8949278088852002,1.6554687678432567,0.5,0.8286522626876831,1.6765400171279907,0.4364270269870758,0.9022664534397286,1.6659178669909416,0.5
7.15,TRACK,0.8344742059707642,0.4923545718193054,0.4156776964664459,0.9067916272921153,0.558504903511261,0.5,2.067744493484497,0.32117894291877747,0.4629567265510559,2.096331934144316,0.41608087126134397,0.5,1.8689517974853516,1.624096393585205,0.45626768469810486,1.8959707614371473,1.6560025349358538,0.5,0.8286522626876831,1.6765400171279907,0.4364270269870758,0.9051215338262679,1.6665646393191305,0.5
7.169,TRACK,0.8344742059707642,0.4923545718193054,0.4156776964664459,0.9096434240987435,0.5607990037666862,0.5,2.067744493484497,0.32117894291877747,0.4629567265510559,2.097697920020154,0.41872387806030936,0.5,1.8689517974853516,1.624096393585205,0.45626768469810486,1.8970000214657343,1.656537510445044,0.5,0.8286522626876831,1.6765400171279907,0.4364270269870758,0.9079557371967115,1.6672123535819232,0.5
7.189,TRACK,0.8545873761177063,0.5094524621963501,0.4177860915660858,0.9124747055681853,0.5630896961163003,0.5,2.0784780979156494,0.33436357975006104,0.4624555706977844,2.0990406746750936,0.4213620444823112,0.5,1.8689517974853516,1.624096393585205,0.45626768469810486,1.8980157891872225,1.6570736914060789,0.5,0.8286522626876831,1.6765400171279907,0.4364270269870758,0.9107693412504922,1.6678609980338945,0.5
7.21,TRACK,0.8545873761177063,0.5094524621963501,0.4177860915660858,0.9152857435309731,0.5653769844915226,0.5,2.0784780979156494,0.33436357975006104,0.4624555706977844,2.1003605475145815,0.42399537372084223,0.5,1.8689517974853516,1.624096393585205,0.45626768469810486,1.8990182618695868,1.6576110748248813,0.5,0.8286522626876831,1.6765400171279907,0.4364270269870758,0.9135626196273222,1.668510561072805,0.5
7.231,TRACK,0.8545873761177063,0.5094524621963501,0.4177860915660858,0.9180768058296096,0.5676608728897051,0.5,2.0784780979156494,0.33436357975006104,0.4624555706977844,2.1016578827335093,0.4266238693305546,0.5,1.8689517974853516,1.624096393585205,0.45626768469810486,1.9000076338735705,1.6581496576796804,0.5,0.8486436605453491,1.679550290107727,0.43685492873191833,0.9163358419659121,1.6691610312369132,0.5
7.249,TRACK,0.8545873761177063,0.5094524621963501,0.4177860915660858,0.9208481563785481,0.5699413653712637,0.5,2.0784780979156494,0.33436357975006104,0.4624555706977844,2.1029330193943445,0.4292475352169637,0.5,1.8798048496246338,1.630975365638733,0.4581127464771271,1.9009840966933216,1.6586894369225456,0.5,0.8486436605453491,1.679550290107727,0.43685492873191833,0.9190892739618419,1.6698123972023708,0.5
7.27,TRACK,0.8545873761177063,0.5094524621963501,0.4177860915660858,0.9236000552231289,0.5722184660568885,0.5,2.0784780979156494,0.33436357975006104,0.4624555706977844,2.104186291504057,0.43186637562626157,0.5,1.8798048496246338,1.630975365638733,0.4581127464771271,1.9019478389966071,1.6592304094808241,0.5,0.8486436605453491,1.679550290107727,0.43685492873191833,0.9218231774246011,1.6704646477806981,0.5
7.29,TRACK,0.8697306513786316,0.5285341739654541,0.4244539141654968,0.9263327585974993,0.5744921791248332,0.5,2.089073419570923,0.3491343855857849,0.46248432993888855,2.1054180280898653,0.4344803951352462,0.5,1.8798048496246338,1.630975365638733,0.4581127464771271,1.9028990466646074,1.6597725722584764,0.5,0.8486436605453491,1.679550290107727,0.43685492873191833,0.924537810333814,1.671117771916332,0.5
7.31,TRACK,0.8697306513786316,0.5285341739654541,0.4244539141654968,0.9290465189815448,0.5767625088082851,0.5,2.089073419570923,0.3491343855857849,0.46248432993888855,2.106628553273821,0.4370895986413756,0.5,1.8798048496246338,1.630975365638733,0.4581127464771271,1.903837902831283,1.660315922137319,0.5,0.8685901761054993,1.6820826530456543,0.4370761811733246,0.9272334268946666,1.671771758684246,0.5
7.33,TRACK,0.8697306513786316,0.5285341739654541,0.4244539141654968,0.9317415851568575,0.5790294593928167,0.5,2.089073419570923,0.3491343855857849,0.46248432993888855,2.1078181863462446,0.4396939913529523,0.5,1.8798048496246338,1.630975365638733,0.4581127464771271,1.904764587922317,1.6608604559781703,0.5,0.8685901761054993,1.6820826530456543,0.4370761811733246,0.929910277592549,1.6724265972876386,0.5
7.35,TRACK,0.8697306513786316,0.5285341739654541,0.4244539141654968,0.9344182022617658,0.5812930352139176,0.5,2.089073419570923,0.3491343855857849,0.46248432993888855,2.1089872418380344,0.4422935787794453,0.5,1.8873345851898193,1.6335421800613403,0.4553186595439911,1.9056792796936275,1.6614061706219063,0.5,0.8685901761054993,1.6820826530456543,0.4370761811733246,0.9325686092469274,1.6730822770556846,0.5
7.37,TRACK,0.8697306513786316,0.5285341739654541,0.4244539141654968,0.9370766118454513,0.5835532406546076,0.5,2.089073419570923,0.3491343855857849,0.46248432993888855,2.1101360295918687,0.44488836672195514,0.5,1.8873345851898193,1.6335421800613403,0.4553186595439911,1.906582153269452,1.661953062890425,0.5,0.8685901761054993,1.6820826530456543,0.4370761811733246,0.9352086650644605,1.6737387874413467,0.5
7.39,TRACK,0.8860923051834106,0.5461652874946594,0.43001601099967957,0.9397170519211754,0.58581008014313,0.5,2.0985829830169678,0.362887442111969,0.46125414967536926,2.1112648548323087,0.44747836126382656,0.5,1.8873345851898193,1.6335421800613403,0.4553186595439911,1.907473381179998,1.6625011295875247,0.5,0.8685901761054993,1.6820826530456543,0.4370761811733246,0.937830684691372,1.6743961180192453,0.5
7.41,TRACK,0.8860923051834106,0.5461652874946594,0.43001601099967957,0.9423397570186368,0.5880635581507241,0.5,2.0985829830169678,0.362887442111969,0.46125414967536926,2.1123740182348354,0.4500635687614145,0.5,1.8873345851898193,1.6335421800613403,0.4553186595439911,1.9083531333986634,1.6630503674996968,0.5,0.8880336880683899,1.6837900876998901,0.43543046712875366,0.9404349042650915,1.67505425848358,0.5
7.43,TRACK,0.8860923051834106,0.5461652874946594,0.43001601099967957,0.9449449582354843,0.5903136791894776,0.5,2.0985829830169678,0.362887442111969,0.46125414967536926,2.113463815993819,0.4526439958350068,0.5,1.8873345851898193,1.6335421800613403,0.4553186595439911,1.9092215773788224,1.6636007733968388,0.5,0.8880336880683899,1.6837900876998901,0.43543046712875366,0.9430215564651766,1.6757131986461042,0.5
7.45,TRACK,0.8860923051834106,0.5461652874946594,0.43001601099967957,0.9475328832880032,0.5925604478102549,0.5,2.0985829830169678,0.362887442111969,0.46125414967536926,2.1145345398894566,0.4552196493599075,0.5,1.8959392309188843,1.6366649866104126,0.45251116156578064,1.9100788780901774,1.664152344032886,0.5,0.8880336880683899,1.6837900876998901,0.43543046712875366,0.9455908705635268,1.6763729284341449,0.5
7.47,TRACK,0.8860923051834106,0.5461652874946594,0.43001601099967957,0.9501037565609957,0.5948038686007018,0.5,2.0985829830169678,0.362887442111969,0.46125414967536926,2.115586477353679,0.45779053645768375,0.5,1.8959392309188843,1.6366649866104126,0.45251116156578064,1.910925198054677,1.6647050761463702,0.5,0.8880336880683899,1.6837900876998901,0.43543046712875366,0.9481430724738994,1.6770334378886684,0.5
7.49,TRACK,0.8860923051834106,0.5461652874946594,0.43001601099967957,0.952657799156875,0.5970439461833261,0.5,2.0985829830169678,0.362887442111969,0.46125414967536926,2.116619911535056,0.46035666448757945,0.5,1.8959392309188843,1.6366649866104126,0.45251116156578064,1.9117606973819996,1.6652589664609034,0.5,0.8880336880683899,1.6837900876998901,0.43543046712875366,0.9506783848007403,1.6776947171623873,0.5
7.51,TRACK,0.9004517793655396,0.5614773631095886,0.43027254939079285,0.9551952289439917,0.5992806852136497,0.5,2.107379913330078,0.3778318464756012,0.46110498905181885,2.1176351213627043,0.46291804103809703,0.5,1.8959392309188843,1.6366649866104126,0.45251116156578064,1.9125855338045998,1.6658140116855937,0.5,0.9073194861412048,1.6870719194412231,0.4336451590061188,0.9531970268873365,1.6783567565179058,0.5
7.53,TRACK,0.9004517793655396,0.5614773631095886,0.43027254939079285,0.9577162606042082,0.6015140903784327,0.5,2.107379913330078,0.3778318464756012,0.46110498905181885,2.1186323816092276,0.46547467391875,0.5,1.8959392309188843,1.6366649866104126,0.45251116156578064,1.9133998627123248,1.666370208515394,0.5,0.9073194861412048,1.6870719194412231,0.4336451590061188,0.9556992148633027,1.6790195463259034,0.5
7.55,TRACK,0.9004517793655396,0.5614773631095886,0.43027254939079285,0.9602211056797407,0.603744166393966,0.5,2.107379913330078,0.3778318464756012,0.46110498905181885,2.1196119629526926,0.4680265711519871,0.5,1.9032118320465088,1.638575553894043,0.452045738697052,1.914203837186593,1.6669275536313874,0.5,0.9073194861412048,1.6870719194412231,0.4336451590061188,0.9581851616914098,1.6796830770633502,0.5
7.569,TRACK,0.9004517793655396,0.5614773631095886,0.43027254939079285,0.962709972619282,0.6059709180044324,0.5,2.107379913330078,0.3778318464756012,0.46110498905181885,2.1205741320376648,0.47057374096528853,0.5,1.9032118320465088,1.638575553894043,0.452045738697052,1.9149976080341433,1.6674860437010135,0.5,0.9073194861412048,1.6870719194412231,0.4336451590061188,0.9606550772137653,1.680347339311755,0.5
7.59,TRACK,0.9142484664916992,0.5727872848510742,0.42849698662757874,0.9651830668234233,0.6081943499803324,0.5,2.11313533782959,0.3880429267883301,0.45979225635528564,2.121519151535315,0.4731161917834365,0.5,1.9032118320465088,1.638575553894043,0.452045738697052,1.915781323820349,1.6680456753782362,0.5,0.9073194861412048,1.6870719194412231,0.4336451590061188,0.963109168197354,1.6810123237554435,0.5
7.61,TRACK,0.9142484664916992,0.5727872848510742,0.42849698662757874,0.9676405906893876,0.6104144671169734,0.5,2.11313533782959,0.3880429267883301,0.45979225635528564,2.122447280202615,0.4756539322209579,0.5,1.9032118320465088,1.638575553894043,0.452045738697052,1.9165551309021027,1.6686064453036595,0.5,0.9073194861412048,1.6870719194412231,0.4336451590061188,0.965547638378947,1.6816780211798634,0.5
7.63,TRACK,0.9142484664916992,0.5727872848510742,0.42849698662757874,0.9700827436550912,0.6126312742330204,0.5,2.11313533782959,0.3880429267883301,0.45979225635528564,2.123358772940632,0.47818697107474123,0.5,1.9032118320465088,1.638575553894043,0.452045738697052,1.9173191734602744,1.6691683501045915,0.5,0.9218815565109253,1.689799189567566,0.4339253902435303,0.9679706885093886,1.6823444224699136,0.5
7.65,TRACK,0.9142484664916992,0.5727872848510742,0.42849698662757874,0.9725097222425443,0.6148447761691052,0.5,2.11313533782959,0.3880429267883301,0.45979225635528564,2.124253880851944,0.4807153173168255,0.5,1.9097683429718018,1.640739917755127,0.4535953402519226,1.918073593531738,1.6697313863950602,0.5,0.9218815565109253,1.689799189567566,0.4339253902435303,0.9703785163972686,1.6830115186083003,0.5
7.669,TRACK,0.9142484664916992,0.5727872848510742,0.42849698662757874,0.9749217201006064,0.617054977786493,0.5,2.11313533782959,0.3880429267883301,0.45979225635528564,2.1251328512971868,0.48323898008736166,0.5,1.9097683429718018,1.640739917755127,0.4535953402519226,1.918818531040975,1.6702955507757866,0.5,0.9218815565109253,1.689799189567566,0.4339253902435303,0.9727713169519868,1.6836793006739124,0.5
7.689,TRACK,0.9275347590446472,0.5836628675460815,0.42973509430885315,0.977318928047107,0.6192618839658041,0.5,2.120966672897339,0.40444767475128174,0.4609442353248596,2.1259959279507403,0.4857579686877447,0.5,1.9097683429718018,1.640739917755127,0.4535953402519226,1.9195541238312561,1.6708608398341136,0.5,0.9218815565109253,1.689799189567566,0.4339253902435303,0.9751492822262199,1.684347759840218,0.5
7.71,TRACK,0.9275347590446472,0.5836628675460815,0.42973509430885315,0.9797015341103451,0.6214654996057871,0.5,2.120966672897339,0.40444767475128174,0.4609442353248596,2.126843350855583,0.4882722925739154,0.5,1.9097683429718018,1.640739917755127,0.4535953402519226,1.9202805076953982,1.6714272501438983,0.5,0.9362272024154663,1.6963239908218384,0.4330480098724365,0.977512601457795,1.685016887373681,0.5
7.73,TRACK,0.9275347590446472,0.5836628675460815,0.42973509430885315,0.9820697235699787,0.6236658296221442,0.5,2.120966672897339,0.40444767475128174,0.4609442353248596,2.127675356477313,0.49078196134983026,0.5,1.9097683429718018,1.640739917755127,0.4535953402519226,1.920997816406107,1.6719947782653661,0.5,0.9362272024154663,1.6963239908218384,0.4330480098724365,0.9798614611109808,1.6856866746321948,0.5
7.75,TRACK,0.9275347590446472,0.5836628675460815,0.42973509430885315,0.9844236789973143,0.6258628789464031,0.5,2.120966672897339,0.40444767475128174,0.4609442353248596,2.1284921777573595,0.49328698476109756,0.5,1.916698694229126,1.6452434062957764,0.45784881711006165,1.921706181745903,1.6725634207449325,0.5,0.9362272024154663,1.6963239908218384,0.4330480098724365,0.9821960449172012,1.6863571130635322,0.5
7.769,TRACK,0.9275347590446472,0.5836628675460815,0.42973509430885315,0.9867635802950097,0.628056652524837,0.5,2.120966672897339,0.40444767475128174,0.4609442353248596,2.1292940441653907,0.49578737268877815,0.5,1.916698694229126,1.6452434062957764,0.45784881711006165,1.9224057335366327,1.6731331741149942,0.5,0.9362272024154663,1.6963239908218384,0.4330480098724365,0.9845165339151787,1.6870281942038112,0.5
7.79,TRACK,0.9436184763908386,0.5950814485549927,0.42878812551498413,0.9890896047361969,0.6302471553174275,0.5,2.1280648708343506,0.42163220047950745,0.4622165858745575,2.130081181750936,0.498283135143348,0.5,1.916698694229126,1.6452434062957764,0.45784881711006165,1.9230965996685745,1.6737040348936914,0.5,0.9362272024154663,1.6963239908218384,0.4330480098724365,0.9868231064905154,1.6876999096759748,0.5
7.81,TRACK,0.9436184763908386,0.5950814485549927,0.42878812551498413,0.9914019270030393,0.6324343922968708,0.5,2.1280648708343506,0.42163220047950745,0.4622165858745575,2.130853813194235,0.5007742822588208,0.5,1.916698694229126,1.6452434062957764,0.45784881711006165,1.9237789061291344,1.6742759995846437,0.5,0.9480005502700806,1.7020947933197021,0.4334735870361328,0.989115938414719,1.6883722511882855,0.5
7.83,TRACK,0.9436184763908386,0.5950814485549927,0.42878812551498413,0.993700719224728,0.6346183684476239,0.5,2.1280648708343506,0.42163220047950745,0.4622165858745575,2.13161215785632,0.5032608242870287,0.5,1.916698694229126,1.6452434062957764,0.45784881711006165,1.9244527770311408,1.6748490646766643,0.5,0.9480005502700806,1.7020947933197021,0.4334735870361328,0.9913952028836789,1.6890452105328306,0.5
7.85,TRACK,0.9436184763908386,0.5950814485549927,0.42878812551498413,0.9959861510149307,0.6367990887649887,0.5,2.1280648708343506,0.42163220047950745,0.4622165858745575,2.1323564318283514,0.5057427715920566,0.5,1.916698694229126,1.6452434062957764,0.45784881711006165,1.9251183346407401,1.6754232266434506,0.5,0.9480005502700806,1.7020947933197021,0.4334735870361328,0.9936610705555998,1.6897187795840418,0.5
7.87,TRACK,0.9436184763908386,0.5950814485549927,0.42878812551498413,0.9982583895086996,0.6389765582542337,0.5,2.1280648708343506,0.42163220047950745,0.4622165858745575,2.1330868479802136,0.50822013464483,0.5,1.9218634366989136,1.649396538734436,0.45887255668640137,1.925775699404896,1.6759984819432574,0.5,0.9480005502700806,1.7020947933197021,0.4334735870361328,0.9959137095884012,1.690392950297224,0.5
7.89,TRACK,0.9436184763908386,0.5950814485549927,0.42878812551498413,1.0005175993988475,0.6411507819297502,0.5,2.1280648708343506,0.42163220047950745,0.4622165858745575,2.1338036160083864,0.5106929240178515,0.5,1.9218634366989136,1.649396538734436,0.45887255668640137,1.9264249899784964,1.676574827018552,0.5,0.9480005502700806,1.7020947933197021,0.4334735870361328,0.998153285676586,1.6910677147070963,0.5
7.91,TRACK,0.9597711563110352,0.6052501797676086,0.42748183012008667,1.0027639429718018,0.6433217648142409,0.5,2.1338682174682617,0.4377630352973938,0.461660772562027,2.134506942483098,0.5131611503800844,0.5,1.9218634366989136,1.649396538734436,0.45887255668640137,1.9270663232510743,1.6771522582956553,0.5,0.9480005502700806,1.7020947933197021,0.4334735870361328,1.0003799620875877,1.6917430649263439,0.5
7.93,TRACK,0.9597711563110352,0.6052501797676086,0.42748183012008667,1.004997580142941,0.6454895119379414,0.5,2.1338682174682617,0.4377630352973938,0.461660772562027,2.135197030894775,0.5156248244919793,0.5,1.9218634366989136,1.649396538734436,0.45887255668640137,1.9276998143731414,1.677730772184368,0.5,0.9573366641998291,1.7097620964050293,0.43539419770240784,1.0025938996976014,1.6924189931441778,0.5
7.95,TRACK,0.9597711563110352,0.6052501797676086,0.42748183012008667,1.0072186684914262,0.64765402833787,0.5,2.1338682174682617,0.4377630352973938,0.461660772562027,2.1358740816998028,0.5180839572006426,0.5,1.9218634366989136,1.649396538734436,0.45887255668640137,1.9283255767821441,1.6783103650775866,0.5,0.9573366641998291,1.7097620964050293,0.43539419770240784,1.0047952570269043,1.6930954916249066,0.5
7.971,TRACK,0.9597711563110352,0.6052501797676086,0.42748183012008667,1.0094273632945319,0.6498153190571072,0.5,2.1338682174682617,0.4377630352973938,0.461660772562027,2.1365382923656,0.5205385594351406,0.5,1.9240442514419556,1.6507843732833862,0.45367521047592163,1.9289437222280426,1.6788910333509093,0.5,0.9573366641998291,1.7097620964050293,0.43539419770240784,1.0069841902746743,1.6937725527065162,0.5
7.993,TRACK,0.9757798910140991,0.6166499257087708,0.4248509407043457,1.0116238175614845,0.6519733891441012,0.5,2.1395931243896484,0.4551060199737549,0.46110105514526367,2.137189857415024,0.5229886422019406,0.5,1.9240442514419556,1.6507843732833862,0.45367521047592163,1.9295543607985177,1.6794727733622334,0.5,0.9573366641998291,1.7097620964050293,0.43539419770240784,1.009160853353309,1.6944501687992588,0.5
8.01,TRACK,0.9757798910140991,0.6166499257087708,0.4248509407043457,1.0138081820668152,0.6541282436519993,0.5,2.1395931243896484,0.4551060199737549,0.46110105514526367,2.137828968470114,0.5254342165804823,0.5,1.9240442514419556,1.6507843732833862,0.45367521047592163,1.9301576009438117,1.680055581451346,0.5,0.9573366641998291,1.7097620964050293,0.43539419770240784,1.0113253979222558,1.6951283323842516,0.5
8.03,TRACK,0.9757798910140991,0.6166499257087708,0.4248509407043457,1.0159806053832365,0.6562798876380034,0.5,2.1395931243896484,0.4551060199737549,0.46110105514526367,2.1384558142951864,0.5278752937188773,0.5,1.9240442514419556,1.6507843732833862,0.45367521047592163,1.9307535495012038,1.6806394539395093,0.5,0.9700927734375,1.7177592515945435,0.43705153465270996,1.013477973421357,1.6958070360120836,0.5
8.052,TRACK,0.9757798910140991,0.6166499257087708,0.4248509407043457,1.0181412339140452,0.658428326162748,0.5,2.1395931243896484,0.4551060199737549,0.46110105514526367,2.139070580839284,0.5303118848297351,0.5,1.9275176525115967,1.6565115451812744,0.4530172348022461,1.931342311719128,1.681224387129042,0.5,0.9700927734375,1.7177592515945435,0.43705153465270996,1.0156187271037136,1.696486272301432,0.5
8.07,TRACK,0.9757798910140991,0.6166499257087708,0.4248509407043457,1.0202902119250632,0.6605735642897013,0.5,2.1395931243896484,0.4551060199737549,0.46110105514526367,2.1396734512780027,0.5327440011861104,0.5,1.9275176525115967,1.6565115451812744,0.4530172348022461,1.9319239912809356,1.6818103773028976,0.5,0.9700927734375,1.7177592515945435,0.43705153465270996,1.0177478040680799,1.6971660339376866,0.5
8.09,TRACK,0.992382824420929,0.6292481422424316,0.4229246973991394,1.0224276815761184,0.6627156070845842,0.5,2.144489049911499,0.471200168132782,0.4612516164779663,2.140264606054689,0.5351716541175708,0.5,1.9275176525115967,1.6565115451812744,0.4530172348022461,1.932498690328309,1.6823974207242418,0.5,0.9700927734375,1.7177592515945435,0.43705153465270996,1.0198653472907886,1.697846313671584,0.5
8.112,TRACK,0.992382824420929,0.6292481422424316,0.4229246973991394,1.024553782952075,0.6648544596148123,0.5,2.144489049911499,0.471200168132782,0.4612516164779663,2.1408442229210314,0.5375948550063794,0.5,1.9275176525115967,1.6565115451812744,0.4530172348022461,1.9330665094843271,1.6829855136360277,0.5,0.9700927734375,1.7177592515945435,0.43705153465270996,1.021971497657217,1.6985271043178491,0.5
8.13,TRACK,0.992382824420929,0.6292481422424316,0.4229246973991394,1.0266686540934185,0.666990126948953,0.5,2.144489049911499,0.471200168132782,0.4612516164779663,2.141412476977048,0.5400136152837918,0.5,1.9275176525115967,1.6565115451812744,0.4530172348022461,1.9336275478761926,1.6835746522605728,0.5,0.9815459847450256,1.7223938703536987,0.44068536162376404,1.0240663939927968,1.6992083987538487,0.5
8.15,TRACK,0.992382824420929,0.6292481422424316,0.4229246973991394,1.0287724310264006,0.6691226141562026,0.5,2.144489049911499,0.471200168132782,0.4612516164779663,2.1419695407104795,0.5424279464264629,0.5,1.9275176525115967,1.6565115451812744,0.4530172348022461,1.9341819031576195,1.684164832799137,0.5,0.9815459847450256,1.7223938703536987,0.44068536162376404,1.0261501730935758,1.6998901899182497,0.5
8.169,TRACK,0.992382824420929,0.6292481422424316,0.4229246973991394,1.0308652477927531,0.6712519263058787,0.5,2.144489049911499,0.471200168132782,0.4612516164779663,2.1425155840356007,0.544837859952961,0.5,1.932497501373291,1.6619784832000732,0.4535730481147766,1.9347296715308897,1.6847560514315016,0.5,0.9815459847450256,1.7223938703536987,0.44068536162376404,1.0282229697563356,1.7005720767180708,0.5
8.19,TRACK,1.0081911087036133,0.6404933333396912,0.42075392603874207,1.0329472364789711,0.673378068466929,0.5,2.1483871936798096,0.48265549540519714,0.46020030975341797,2.143050774331455,0.5472433674203868,0.5,1.932497501373291,1.6619784832000732,0.4535730481147766,1.935270947768582,1.6853483043155533,0.5,0.9815459847450256,1.7223938703536987,0.44068536162376404,1.03028491680499,1.7012523145483196,0.5
8.21,TRACK,1.0081911087036133,0.6404933333396912,0.42075392603874207,1.035018527245265,0.6755010457075881,0.5,2.1483871936798096,0.48265549540519714,0.46020030975341797,2.1435752764795244,0.5496444804210943,0.5,1.932497501373291,1.6619784832000732,0.4535730481147766,1.9358058252349764,1.6859415875868686,0.5,0.9936241507530212,1.7241371870040894,0.44368776679039,1.0323361451244213,1.7019307232945893,0.5
8.23,TRACK,1.0081911087036133,0.6404933333396912,0.42075392603874207,1.0370792483543518,0.6776208630953554,0.5,2.1483871936798096,0.48265549540519714,0.46020030975341797,2.14408925290085,0.5520412105795268,0.5,1.932497501373291,1.6619784832000732,0.4535730481147766,1.9363343959071397,1.6865358973583067,0.5,0.9936241507530212,1.7241371870040894,0.44368776679039,1.034376783696285,1.7026073103913784,0.5
8.25,TRACK,1.0081911087036133,0.6404933333396912,0.42075392603874207,1.0391295261997737,0.6797375256967131,0.5,2.1483871936798096,0.48265549540519714,0.46020030975341797,2.1445928635926053,0.5544335695491759,0.5,1.9359530210494995,1.6656345129013062,0.452921599149704,1.9368567503956973,1.687131229719604,0.5,0.9936241507530212,1.7241371870040894,0.44368776679039,1.036406959625438,1.7032820833018976,0.5
8.27,TRACK,1.0081911087036133,0.6404933333396912,0.42075392603874207,1.0411694853337061,0.6818510385766602,0.5,2.1483871936798096,0.48265549540519714,0.46020030975341797,2.145086266164125,0.5568215690096396,0.5,1.9359530210494995,1.6656345129013062,0.452921599149704,1.937372977965292,1.6877275807369796,0.5,0.9936241507530212,1.7241371870040894,0.44368776679039,1.038426798167156,1.7039550495145,0.5
8.289,TRACK,1.022095799446106,0.6505464911460876,0.42027875781059265,1.0431992484943298,0.6839614067982316,0.5,2.152928590774536,0.49614179134368896,0.4605163037776947,2.145569615872398,0.5592052206637693,0.5,1.9359530210494995,1.6656345129013062,0.452921599149704,1.9378831665547362,1.688324946452746,0.5,0.9936241507530212,1.7241371870040894,0.44368776679039,1.0404364227542644,1.7046262165402843,0.5
8.31,TRACK,1.022095799446106,0.6505464911460876,0.42027875781059265,1.0452189366327844,0.6860686354220293,0.5,2.152928590774536,0.49614179134368896,0.4605163037776947,2.1460430656570413,0.5615845362349005,0.5,1.9359530210494995,1.6656345129013062,0.452921599149704,1.9383874027968622,1.688923322884926,0.5,1.003920555114746,1.725070595741272,0.44565141201019287,1.0424359550239328,1.7052955919109,0.5
8.33,TRACK,1.022095799446106,0.6505464911460876,0.42027875781059265,1.0472286689397143,0.6881727295057678,0.5,2.152928590774536,0.49614179134368896,0.4605163037776947,2.146506766174756,0.5639595274641649,0.5,1.9359530210494995,1.6656345129013062,0.452921599149704,1.9388857720380743,1.689522706026881,0.5,1.003920555114746,1.725070595741272,0.44565141201019287,1.044425514844102,1.705963183176423,0.5
8.35,TRACK,1.022095799446106,0.6505464911460876,0.42027875781059265,1.049228562871412,0.6902736941038328,0.5,2.152928590774536,0.49614179134368896,0.4605163037776947,2.146960865833279,0.566330206107883,0.5,1.9404162168502808,1.670838475227356,0.45520588755607605,1.9393783583576103,1.6901230918469419,0.5,1.003920555114746,1.725070595741272,0.44565141201019287,1.0464052203395446,1.7066289979032856,0.5
8.37,TRACK,1.022095799446106,0.6505464911460876,0.42027875781059265,1.0512187341755683,0.6923715342668546,0.5,2.152928590774536,0.49614179134368896,0.4605163037776947,2.1474055108248313,0.5686965839350321,0.5,1.9404162168502808,1.670838475227356,0.45520588755607605,1.9398652445865137,1.6907244762880504,0.5,1.003920555114746,1.725070595741272,0.44565141201019287,1.0483751879175605,1.7072930436722593,0.5
8.39,TRACK,1.0397226810455322,0.6612666845321655,0.4228994846343994,1.0531992969166346,0.6944662550412938,0.5,2.1561129093170166,0.5119327306747437,0.46423766016960144,2.1478408451590743,0.5710586727247896,0.5,1.9404162168502808,1.670838475227356,0.45520588755607605,1.9403465123263233,1.6913268552674072,0.5,1.003920555114746,1.725070595741272,0.44565141201019287,1.0503355322933106,1.7079553280764859,0.5
8.41,TRACK,1.0397226810455322,0.6612666845321655,0.4228994846343994,1.0551703635008043,0.69655786146904,0.5,2.1561129093170166,0.5119327306747437,0.46423766016960144,2.1482670106955766,0.5734164842641492,0.5,1.9404162168502808,1.670838475227356,0.45520588755607605,1.9408222419674845,1.6919302246761267,0.5,1.003920555114746,1.725070595741272,0.44565141201019287,1.0522863665147957,1.7086158587195601,0.5
8.43,TRACK,1.0397226810455322,0.6612666845321655,0.4228994846343994,1.0571320447006218,0.698646358587022,0.5,2.1561129093170166,0.5119327306747437,0.46423766016960144,2.1486841471758042,0.5757700303456066,0.5,1.9404162168502808,1.670838475227356,0.45520588755607605,1.9412925127074852,1.6925345803789005,0.5,1.0152404308319092,1.7243731021881104,0.4449745714664459,1.05422780198748,1.7092746432136603,0.5
8.45,TRACK,1.0397226810455322,0.6612666845321655,0.4228994846343994,1.0590844496792213,0.7007317514268302,0.5,2.1561129093170166,0.5119327306747437,0.46423766016960144,2.149092392254635,0.5781193227649152,0.5,1.9404162168502808,1.670838475227356,0.45520588755607605,1.9417574025687216,1.6931399182136664,0.5,1.0152404308319092,1.7243731021881104,0.4449745714664459,1.0561599484985664,1.7099316891777279,0.5
8.47,TRACK,1.0397226810455322,0.6612666845321655,0.4228994846343994,1.0610276860142058,0.7028140450143502,0.5,2.1561129093170166,0.5119327306747437,0.46423766016960144,2.1494918815314077,0.5804643733189079,0.5,1.9458273649215698,1.6765294075012207,0.45728158950805664,1.9422169884160987,1.6937462339912872,0.5,1.0152404308319092,1.7243731021881104,0.4449745714664459,1.0580829142409265,1.710587004235695,0.5
8.489,TRACK,1.0564545392990112,0.671793520450592,0.42088979482650757,1.0629618597211694,0.704893244369407,0.5,2.162522315979004,0.5259957909584045,0.4622330963611603,2.14988274858051,0.5828051938033835,0.5,1.9458273649215698,1.6765294075012207,0.45728158950805664,1.9426713459743663,1.6943535234952356,0.5,1.0152404308319092,1.7243731021881104,0.4449745714664459,1.0599968058366893,1.711240596014758,0.5
8.51,TRACK,1.0564545392990112,0.671793520450592,0.42088979482650757,1.0648870752768693,0.7069693545054201,0.5,2.162522315979004,0.5259957909584045,0.4622330963611603,2.1502651249815146,0.5851417960110576,0.5,1.9458273649215698,1.6765294075012207,0.45728158950805664,1.9431205498451984,1.6949617824812868,0.5,1.0152404308319092,1.7243731021881104,0.4449745714664459,1.0619017283604928,1.7118924721436997,0.5
8.53,TRACK,1.0564545392990112,0.671793520450592,0.42088979482650757,1.0668034356420546,0.7090423804290681,0.5,2.162522315979004,0.5259957909584045,0.4622330963611603,2.1506391403488676,0.5874741917295745,0.5,1.9458273649215698,1.6765294075012207,0.45728158950805664,1.9435646735240162,1.6955710066772187,0.5,1.029666781425476,1.7238816022872925,0.4422944188117981,1.0637977853624012,1.7125426402512536,0.5
8.549,TRACK,1.0564545392990112,0.671793520450592,0.42088979482650757,1.0687110422839539,0.7111123271399644,0.5,2.162522315979004,0.5259957909584045,0.4622330963611603,2.151004922361137,0.5898023927395792,0.5,1.9505118131637573,1.6820793151855469,0.458668977022171,1.9440037894165623,1.6961811917825202,0.5,1.029666781425476,1.7238816022872925,0.4422944188117981,1.065685078890495,1.7131911079645177,0.5
8.57,TRACK,1.0564545392990112,0.671793520450592,0.42088979482650757,1.0706099951984318,0.7131791996303417,0.5,2.162522315979004,0.5259957909584045,0.4622330963611603,2.151362596789829,0.5921264108128491,0.5,1.9505118131637573,1.6820793151855469,0.458668977022171,1.9444379688552254,1.696792333468106,0.5,1.029666781425476,1.7238816022872925,0.4422944188117981,1.0675637095131334,1.7138378829074086,0.5
8.589,TRACK,1.0694524049758911,0.6812363266944885,0.42078861594200134,1.0725003929318147,0.7152430028847458,0.5,2.1670727729797363,0.5413333177566528,0.46288585662841797,2.151712287527771,0.5944462577104819,0.5,1.9505118131637573,1.6820793151855469,0.458668977022171,1.9448672821151223,1.6974044273760402,0.5,1.029666781425476,1.7238816022872925,0.4422944188117981,1.0694337763408976,1.714482972699162,0.5
8.609,TRACK,1.0694524049758911,0.6812363266944885,0.42078861594200134,1.074382332602395,0.7173037418797392,0.5,2.1670727729797363,0.5413333177566528,0.46288585662841797,2.1520541166170823,0.5967619451811396,0.5,1.9505118131637573,1.6820793151855469,0.458668977022171,1.94529179842994,1.6980174691192667,0.5,1.029666781425476,1.7238816022872925,0.4422944188117981,1.071295377048216,1.7151263849528742,0.5
8.63,TRACK,1.0694524049758911,0.6812363266944885,0.42078861594200134,1.0762559099216156,0.7193614215836128,0.5,2.1670727729797363,0.5413333177566528,0.46288585662841797,2.1523882042767193,0.599073484959348,0.5,1.9505118131637573,1.6820793151855469,0.458668977022171,1.9457115860075411,1.6986314542813472,0.5,1.04335618019104,1.7221226692199707,0.44194525480270386,1.0731486078946755,1.7157681272740875,0.5
8.65,TRACK,1.0694524049758911,0.6812363266944885,0.42078861594200134,1.078121219214942,0.7214160469561075,0.5,2.1670727729797363,0.5413333177566528,0.46288585662841797,2.1527146689296215,0.6013808887638482,0.5,1.9552122354507446,1.6878125667572021,0.4605218470096588,1.9461267120453345,1.6992463784162073,0.5,1.04335618019104,1.7221226692199707,0.44194525480270386,1.074993563746025,1.7164082072594162,0.5
8.669,TRACK,1.0694524049758911,0.6812363266944885,0.42078861594200134,1.0799783534424248,0.7234676229481427,0.5,2.1670727729797363,0.5413333177566528,0.46288585662841797,2.1530336272294472,0.6036841682960011,0.5,1.9552122354507446,1.6878125667572021,0.4605218470096588,1.9465372427454193,1.6998622370478897,0.5,1.04335618019104,1.7221226692199707,0.44194525480270386,1.0768303380948734,1.717046632495213,0.5
8.69,TRACK,1.0805948972702026,0.6908856630325317,0.4207870066165924,1.0818274042189575,0.7255161545015547,0.5,2.168691396713257,0.5540452599525452,0.46245723962783813,2.1533451940869153,0.605983335238242,0.5,1.9552122354507446,1.6878125667572021,0.4605218470096588,1.946943243329499,1.7004787628656202,0.5,1.04335618019104,1.7221226692199707,0.44194525480270386,1.0786590230810844,1.7176834105562764,0.5
8.71,TRACK,1.0805948972702026,0.6908856630325317,0.4207870066165924,1.0836684618342374,0.727561646548842,0.5,2.168691396713257,0.5540452599525452,0.46245723962783813,2.153649482695754,0.6082784012525854,0.5,1.9552122354507446,1.6878125667572021,0.4605218470096588,1.9473447780534763,1.7010945279379233,0.5,1.04335618019104,1.7221226692199707,0.44194525480270386,1.080479709511877,1.7183185490045971,0.5
8.73,TRACK,1.0805948972702026,0.6908856630325317,0.4207870066165924,1.0855016152724297,0.7296041040129203,0.5,2.168691396713257,0.5540452599525452,0.46245723962783813,2.153946604558268,0.6105693779791777,0.5,1.9552122354507446,1.6878125667572021,0.4605218470096588,1.9477419102309668,1.7017093210057546,0.5,1.055277705192566,1.7180674076080322,0.44259658455848694,1.082292486881834,1.7189520553883437,0.5
8.75,TRACK,1.0805948972702026,0.6908856630325317,0.4207870066165924,1.0873269522315563,0.7316435318068943,0.5,2.168691396713257,0.5540452599525452,0.46245723962783813,2.154236669510519,0.6128562770348981,0.5,1.959958791732788,1.6928216218948364,0.45972469449043274,1.9481347022405995,1.7023231434629618,0.5,1.055277705192566,1.7180674076080322,0.44259658455848694,1.0840974433927635,1.7195839372408401,0.5
8.77,TRACK,1.0805948972702026,0.6908856630325317,0.4207870066165924,1.0891445591426048,0.7336799348338368,0.5,2.168691396713257,0.5540452599525452,0.46245723962783813,2.15451978574714,0.6151391100120065,0.5,1.959958791732788,1.6928216218948364,0.45972469449043274,1.9485232155378238,1.7029359967058284,0.5,1.055277705192566,1.7180674076080322,0.44259658455848694,1.0858946659728501,1.720214202079204,0.5
8.789,TRACK,1.0898468494415283,0.7002632021903992,0.4207126200199127,1.0909545211883502,0.735713317986568,0.5,2.1703691482543945,0.5663962960243225,0.463070273399353,2.1547960598457765,0.6174178884768369,0.5,1.959958791732788,1.6928216218948364,0.45972469449043274,1.9489075106687155,1.7035478821327144,0.5,1.055277705192566,1.7180674076080322,0.44259658455848694,1.0876842402955496,1.72084285740326,0.5
8.81,TRACK,1.0898468494415283,0.7002632021903992,0.4207126200199127,1.0927569223218954,0.7377436861474441,0.5,2.1703691482543945,0.5663962960243225,0.463070273399353,2.1550655967911685,0.6196926239685356,0.5,1.959958791732788,1.6928216218948364,0.45972469449043274,1.9492876472835723,1.7041588011437103,0.5,1.055277705192566,1.7180674076080322,0.44259658455848694,1.0894662507982207,1.7214699106945308,0.5
8.83,TRACK,1.0898468494415283,0.7002632021903992,0.4207126200199127,1.094551845284935,0.7397710441881525,0.5,2.1703691482543945,0.5663962960243225,0.463070273399353,2.1553284999988698,0.621963327997843,0.5,1.959958791732788,1.6928216218948364,0.45972469449043274,1.9496636841503083,1.7047687551403004,0.5,1.0667096376419067,1.71498703956604,0.4417838156223297,1.0912407807004865,1.722095369415266,0.5
8.851,TRACK,1.0898468494415283,0.7002632021903992,0.4207126200199127,1.0963393716257481,0.7417953969695177,0.5,2.1703691482543945,0.5663962960243225,0.463070273399353,2.1555848713386205,0.624230012045918,0.5,1.9649174213409424,1.6966612339019775,0.45831727981567383,1.9500356791676474,1.7053777455250398,0.5,1.0667096376419067,1.71498703956604,0.4417838156223297,1.093007912022325,1.7227192410074976,0.5
8.87,TRACK,1.0898468494415283,0.7002632021903992,0.4207126200199127,1.0981195817169236,0.7438167493413139,0.5,2.1703691482543945,0.5663962960243225,0.463070273399353,2.15583481115737,0.6264926875632039,0.5,1.9649174213409424,1.6966612339019775,0.45831727981567383,1.9504036893781211,1.7059857737012434,0.5,1.0667096376419067,1.71498703956604,0.4417838156223297,1.0947677256018964,1.7233415328921244,0.5
8.89,TRACK,1.0975321531295776,0.7099348902702332,0.4197140634059906,1.0998925547728216,0.7458351061420874,0.5,2.1762053966522217,0.5803800225257874,0.45914360880851746,2.15607841830196,0.6287513659683356,0.5,1.9649174213409424,1.6966612339019775,0.45831727981567383,1.9507677709808733,1.7065928410726845,0.5,1.0667096376419067,1.71498703956604,0.4417838156223297,1.0965203011131057,1.7239622524680238,0.5
8.909,TRACK,1.0975321531295776,0.7099348902702332,0.4197140634059906,1.1016583688667783,0.7478504721989852,0.5,2.1762053966522217,0.5803800225257874,0.45914360880851746,2.156315790141468,0.6310060586470869,0.5,1.9649174213409424,1.6966612339019775,0.45831727981567383,1.9511279793442726,1.7071989490433062,0.5,1.0770225524902344,1.7105664014816284,0.4387056231498718,1.0982657170829095,1.7245814071111913,0.5
8.93,TRACK,1.0975321531295776,0.7099348902702332,0.4197140634059906,1.103417100948053,0.7498628523275924,0.5,2.1762053966522217,0.5803800225257874,0.45914360880851746,2.1565470225892227,0.6332567769513565,0.5,1.9649174213409424,1.6966612339019775,0.45831727981567383,1.9514843690183388,1.7078040990169445,0.5,1.0770225524902344,1.7105664014816284,0.4387056231498718,1.1000040509083666,1.7251990041739078,0.5
8.95,TRACK,1.0975321531295776,0.7099348902702332,0.4197140634059906,1.1051688268585247,0.7518722513317767,0.5,2.1762053966522217,0.5803800225257874,0.45914360880851746,2.1567722101244895,0.6355035321981924,0.5,1.9686241149902344,1.703935980796814,0.46153387427330017,1.9518369937469813,1.7084082923970607,0.5,1.0770225524902344,1.7105664014816284,0.4387056231498718,1.1017353788734376,1.7258150509839318,0.5
8.969,TRACK,1.0975321531295776,0.7099348902702332,0.4197140634059906,1.1069136213491424,0.753878674003539,0.5,2.1762053966522217,0.5803800225257874,0.45914360880851746,2.156991445813836,0.637746335668854,0.5,1.9686241149902344,1.703935980796814,0.46153387427330017,1.9521859064800589,1.7090115305864841,0.5,1.0770225524902344,1.7105664014816284,0.4387056231498718,1.1034597761655374,1.7264295548437212,0.5
8.99,TRACK,1.105238914489746,0.7191198468208313,0.4175511598587036,1.1086515580961303,0.7558821251228719,0.5,2.179399251937866,0.5929257869720459,0.4570729434490204,2.1572048213321793,0.6399851986079104,0.5,1.9686241149902344,1.703935980796814,0.46153387427330017,1.9525311593852555,1.709613814987166,0.5,1.0770225524902344,1.7105664014816284,0.4387056231498718,1.1051773168918422,1.7270425230296782,0.5
9.01,TRACK,1.105238914489746,0.7191198468208313,0.4175511598587036,1.1103827097169525,0.757882609457624,0.5,2.179399251937866,0.5929257869720459,0.4570729434490204,2.157412426983519,0.6422201322223753,0.5,1.9686241149902344,1.703935980796814,0.46153387427330017,1.952872803859782,1.7102151469999431,0.5,1.0879830121994019,1.7082220315933228,0.4339878559112549,1.1068880740953575,1.7276539627914236,0.5
9.03,TRACK,1.105238914489746,0.7191198468208313,0.4175511598587036,1.112107147786043,0.7598801317633707,0.5,2.179399251937866,0.5929257869720459,0.4570729434490204,2.1576143517213673,0.6444511476808756,0.5,1.9686241149902344,1.703935980796814,0.46153387427330017,1.9532108905419017,1.71081552802431,0.5,1.0879830121994019,1.7082220315933228,0.4339878559112549,1.1085921197707476,1.7282638813510935,0.5
9.05,TRACK,1.105238914489746,0.7191198468208313,0.4175511598587036,1.113824942850299,0.7618746967832909,0.5,2.179399251937866,0.5929257869720459,0.4570729434490204,2.157810683168868,0.6466782561128549,0.5,1.9725950956344604,1.7082244157791138,0.459115207195282,1.9535454693222836,1.711414959458202,0.5,1.0879830121994019,1.7082220315933228,0.4339878559112549,1.1102895248799312,1.7288722859026637,0.5
9.07,TRACK,1.105238914489746,0.7191198468208313,0.4175511598587036,1.115536164444349,0.7638663092480502,0.5,2.179399251937866,0.5929257869720459,0.4570729434490204,2.158001507638623,0.6489014686078101,0.5,1.9725950956344604,1.7082244157791138,0.459115207195282,1.9538765893551868,1.7120134426977858,0.5,1.0879830121994019,1.7082220315933228,0.4339878559112549,1.111980359367446,1.7294791836112973,0.5
9.09,TRACK,1.1113802194595337,0.7284063696861267,0.4164765775203705,1.117240881105591,0.7658549738756889,0.5,2.1813387870788574,0.6055458188056946,0.4572272300720215,2.1581869101522204,0.6511207962145608,0.5,1.9725950956344604,1.7082244157791138,0.459115207195282,1.9542042990694777,1.7126109791372606,0.5,1.0879830121994019,1.7082220315933228,0.4339878559112549,1.1136646921755875,1.7300845816127175,0.5
9.109,TRACK,1.1113802194595337,0.7284063696861267,0.4164765775203705,1.1189391603890075,0.7678406953715157,0.5,2.1813387870788574,0.6055458188056946,0.4572272300720215,2.158366974459472,0.65333624994055,0.5,1.9725950956344604,1.7082244157791138,0.459115207195282,1.9545286461794813,1.7132075701686662,0.5,1.0979833602905273,1.707711100578308,0.4302319586277008,1.1153425912593211,1.730688487012605,0.5
9.13,TRACK,1.1113802194595337,0.7284063696861267,0.4164765775203705,1.120631068881765,0.7698234784280076,0.5,2.1813387870788574,0.6055458188056946,0.4572272300720215,2.1585417830573674,0.6555478407511758,0.5,1.9725950956344604,1.7082244157791138,0.459115207195282,1.9548496776956714,1.7138032171817004,0.5,1.0979833602905273,1.707711100578308,0.4302319586277008,1.1170141236009752,1.731290906886018,0.5
9.15,TRACK,1.1113802194595337,0.7284063696861267,0.4164765775203705,1.1223166722175915,0.7718033277247136,0.5,2.1813387870788574,0.6055458188056946,0.4572272300720215,2.1587114172087447,0.6577555795691536,0.5,1.9738314151763916,1.7126414775848389,0.45832231640815735,1.9551674399352006,1.7143979215635445,0.5,1.0979833602905273,1.707711100578308,0.4302319586277008,1.1186793552247167,1.731891848276837,0.5
9.17,TRACK,1.1113802194595337,0.7284063696861267,0.4164765775203705,1.1239960350909448,0.7737802479281648,0.5,2.1813387870788574,0.6055458188056946,0.4572272300720215,2.158875956960681,0.6599594772739078,0.5,1.9738314151763916,1.7126414775848389,0.45832231640815735,1.9554819785322726,1.7149916846986963,0.5,1.0979833602905273,1.707711100578308,0.4302319586277008,1.1203383512108096,1.73249131819723,0.5
9.19,TRACK,1.1192615032196045,0.7397737503051758,0.4133334159851074,1.125669221270968,0.7757542436917885,0.5,2.182720422744751,0.6176504492759705,0.45996132493019104,2.159035481162613,0.6621595447009919,0.5,1.9738314151763916,1.7126414775848389,0.45832231640815735,1.955793338448359,1.715584507968811,0.5,1.0979833602905273,1.707711100578308,0.4302319586277008,1.1219911757096643,1.7330893236271423,0.5
9.209,TRACK,1.1192615032196045,0.7397737503051758,0.4133334159851074,1.1273362936152398,0.7777253196558274,0.5,2.182720422744751,0.6176504492759705,0.45996132493019104,2.159190067484187,0.6643557926415369,0.5,1.9738314151763916,1.7126414775848389,0.45832231640815735,1.9561015639822632,1.7161763927525493,0.5,1.108968734741211,1.7099412679672241,0.42548736929893494,1.1236378919556778,1.7336858715138084,0.5
9.229,TRACK,1.1192615032196045,0.7397737503051758,0.4133334159851074,1.1289973140833192,0.7796934804472634,0.5,2.182720422744751,0.6176504492759705,0.45996132493019104,2.1593397924328404,0.666548231841727,0.5,1.9745084047317505,1.7157093286514282,0.45809271931648254,1.9564066987800335,1.7167673404254333,0.5,1.108968734741211,1.7099412679672241,0.42548736929893494,1.1252785622808676,1.7342809687712837,0.5
9.25,TRACK,1.1192615032196045,0.7397737503051758,0.4133334159851074,1.1306523437500906,0.7816587306797463,0.5,2.182720422744751,0.6176504492759705,0.45996132493019104,2.1594847313711254,0.6687368730023017,0.5,1.9745084047317505,1.7157093286514282,0.45809271931648254,1.9567087858447278,1.7173573523597085,0.5,1.108968734741211,1.7099412679672241,0.42548736929893494,1.1269132481283042,1.7348746222799987,0.5
9.271,TRACK,1.1192615032196045,0.7397737503051758,0.4133334159851074,1.1323014428189102,0.7836210749535265,0.5,2.182720422744751,0.6176504492759705,0.45996132493019104,2.1596249585337723,0.6709217267780847,0.5,1.9745084047317505,1.7157093286514282,0.45809271931648254,1.9570078675460323,1.717946429924214,0.5,1.108968734741211,1.7099412679672241,0.42548736929893494,1.1285420100653423,1.7354668388863332,0.5
9.29,TRACK,1.1249911785125732,0.7507386803627014,0.41257381439208984,1.1339446706345568,0.7855805178553921,0.5,2.1876182556152344,0.6316115260124207,0.4605490565299988,2.159760547044499,0.673102803777537,0.5,1.9745084047317505,1.7157093286514282,0.45809271931648254,1.957303985629734,1.7185345744842566,0.5,1.108968734741211,1.7099412679672241,0.42548736929893494,1.130164907796658,1.736057625402212,0.5
9.309,TRACK,1.1249911785125732,0.7507386803627014,0.41257381439208984,1.135582085695991,0.7875370639586106,0.5,2.1876182556152344,0.6316115260124207,0.4605490565299988,2.159891568932572,0.6752801145623355,0.5,1.9745084047317505,1.7157093286514282,0.45809271931648254,1.9575971812270543,1.719121787401495,0.5,1.1215533018112183,1.7062066793441772,0.4281952977180481,1.131782000177089,1.7366469886047184,0.5
9.33,TRACK,1.1249911785125732,0.7507386803627014,0.41257381439208984,1.1372137456689246,0.7894907178228746,0.5,2.1876182556152344,0.6316115260124207,0.4605490565299988,2.160018095149119,0.6774536696469755,0.5,1.9745084047317505,1.7157093286514282,0.45809271931648254,1.9578874948638394,1.719708070033827,0.5,1.1215533018112183,1.7062066793441772,0.4281952977180481,1.1333933452242864,1.7372349352357295,0.5
9.351,TRACK,1.1249911785125732,0.7507386803627014,0.41257381439208984,1.1388397073982042,0.7914414839942516,0.5,2.1876182556152344,0.6316115260124207,0.4605490565299988,2.160140195583197,0.6796234794983966,0.5,1.9764771461486816,1.7194719314575195,0.45901918411254883,1.9581749664696155,1.7202934237352843,0.5,1.1215533018112183,1.7062066793441772,0.4281952977180481,1.134999000131176,1.7378214720015677,0.5
9.37,TRACK,1.1249911785125732,0.7507386803627014,0.41257381439208984,1.1404600269200096,0.7933893670051378,0.5,2.1876182556152344,0.6316115260124207,0.4605490565299988,2.1602579390776264,0.6817895545356314,0.5,1.9764771461486816,1.7194719314575195,0.45901918411254883,1.9584596353865058,1.720877849855932,0.5,1.1215533018112183,1.7062066793441772,0.4281952977180481,1.1365990212782366,1.738406605572674,0.5
9.39,TRACK,1.1249911785125732,0.7507386803627014,0.41257381439208984,1.1420747594738723,0.7953343713742156,0.5,2.1876182556152344,0.6316115260124207,0.4605490565299988,2.160371393444584,0.6839519051294761,0.5,1.9764771461486816,1.7194719314575195,0.45901918411254883,1.9587415403780153,1.721461349741776,0.5,1.1215533018112183,1.7062066793441772,0.4281952977180481,1.1381934642455935,1.7389903425832964,0.5
9.41,TRACK,1.1339471340179443,0.7591977119445801,0.41779419779777527,1.1436839595145152,0.7972765016064151,0.5,2.1891820430755615,0.6444084644317627,0.4619620740413666,2.1604806254809676,0.686110541602184,0.5,1.9764771461486816,1.7194719314575195,0.45901918411254883,1.9590207196376832,1.722043924734672,0.5,1.1314377784729004,1.7065587043762207,0.4298650920391083,1.1397823838249326,1.7395726896311983,0.5
9.429,TRACK,1.1339471340179443,0.7591977119445801,0.41779419779777527,1.1452876807235155,0.79921576219288,0.5,2.1891820430755615,0.6444084644317627,0.4619620740413666,2.1605857009835265,0.6882654742271789,0.5,1.975904107093811,1.724790334701538,0.46219149231910706,1.959297210797604,1.722625576172244,0.5,1.1314377784729004,1.7065587043762207,0.4298650920391083,1.141365834031237,1.7401536532773818,0.5
9.451,TRACK,1.1339471340179443,0.7591977119445801,0.41779419779777527,1.1468859760207963,0.8011521576109362,0.5,2.1891820430755615,0.6444084644317627,0.4619620740413666,2.1606866847637742,0.6904167132287893,0.5,1.975904107093811,1.724790334701538,0.46219149231910706,1.9595710509368236,1.7232063053878048,0.5,1.1314377784729004,1.7065587043762207,0.4298650920391083,1.1429438681143482,1.7407332400458313,0.5
9.469,TRACK,1.1339471340179443,0.7591977119445801,0.41779419779777527,1.1484788975759461,0.8030856923240642,0.5,2.1891820430755615,0.6444084644317627,0.4619620740413666,2.160783640662672,0.6925642687820032,0.5,1.975904107093811,1.724790334701538,0.46219149231910706,1.959842276589606,1.723786113710283,0.5,1.1314377784729004,1.7065587043762207,0.4298650920391083,1.144516538570357,1.7413114564232695,0.5
9.489,TRACK,1.1419353485107422,0.7699304223060608,0.42105695605278015,1.15006649681937,0.8050163707818763,0.5,2.1863200664520264,0.6551409363746643,0.46091213822364807,2.160876631565099,0.6947081510122417,0.5,1.975904107093811,1.724790334701538,0.46219149231910706,1.9601109237535776,1.7243650024641537,0.5,1.1314377784729004,1.7065587043762207,0.4298650920391083,1.1460838971528218,1.7418883088589323,0.5
9.509,TRACK,1.1419353485107422,0.7699304223060608,0.42105695605278015,1.1516488244532765,0.8069441974200949,0.5,2.1863200664520264,0.6551409363746643,0.46091213822364807,2.1609657194141025,0.6968483699951524,0.5,1.975904107093811,1.724790334701538,0.46219149231910706,1.9603770278977495,1.7249429729693755,0.5,1.142374038696289,1.7077524662017822,0.4291831851005554,1.1476459948838211,1.7424638037643594,0.5
9.53,TRACK,1.1419353485107422,0.7699304223060608,0.42105695605278015,1.1532259304625005,0.808869176660537,0.5,2.1863200664520264,0.6551409363746643,0.46091213822364807,2.161050965224939,0.6989849357564206,0.5,1.975904107093811,1.724790334701538,0.46219149231910706,1.9606406239704173,1.72552002654133,0.5,1.142374038696289,1.7077524662017822,0.4291831851005554,1.1492028820648421,1.7430379475131972,0.5
9.55,TRACK,1.1419353485107422,0.7699304223060608,0.42105695605278015,1.1547978641251648,0.8107913129111001,0.5,2.1863200664520264,0.6551409363746643,0.46091213822364807,2.161132429098905,0.7011178582715986,0.5,1.9748334884643555,1.7323771715164185,0.4608819782733917,1.960901746406944,1.7260961644907669,0.5,1.142374038696289,1.7077524662017822,0.4291831851005554,1.1507546082875049,1.7436107464410204,0.5
9.571,TRACK,1.1419353485107422,0.7699304223060608,0.42105695605278015,1.1563646740231845,0.8127106105657517,0.5,2.1863200664520264,0.6551409363746643,0.46091213822364807,2.1612101702369624,0.7032471474659528,0.5,1.9748334884643555,1.7323771715164185,0.4608819782733917,1.9611604291374254,1.7266713881237528,0.5,1.142374038696289,1.7077524662017822,0.4291831851005554,1.1523012224441278,1.7441822068451656,0.5
9.59,TRACK,1.1489791870117188,0.7816107273101807,0.4218149185180664,1.1579264080526146,0.8146270740045229,0.5,2.1848278045654297,0.6659637093544006,0.4594852030277252,2.1612842469531595,0.7053728132143278,0.5,1.9748334884643555,1.7323771715164185,0.4608819782733917,1.9614167055942389,1.7272456987416245,0.5,1.142374038696289,1.7077524662017822,0.4291831851005554,1.1538427727381353,1.7447523349845793,0.5
9.61,TRACK,1.1489791870117188,0.7816107273101807,0.4218149185180664,1.1594831134338437,0.8165407075935044,0.5,2.1848278045654297,0.6659637093544006,0.4594852030277252,2.1613547166878533,0.7074948653410263,0.5,1.9748334884643555,1.7323771715164185,0.4608819782733917,1.961670608719481,1.7278190976409458,0.5,1.1528878211975098,1.7093621492385864,0.42717722058296204,1.1553793066943105,1.7453211370796806,0.5
9.63,TRACK,1.1489791870117188,0.7816107273101807,0.4218149185180664,1.161034836721637,0.8184515156848454,0.5,2.1848278045654297,0.6659637093544006,0.4594852030277252,2.161421636020735,0.7096133136197071,0.5,1.9748334884643555,1.7323771715164185,0.4608819782733917,1.9619221709722916,1.7283915861134684,0.5,1.1528878211975098,1.7093621492385864,0.42717722058296204,1.156910871168894,1.7458886193122367,0.5
9.65,TRACK,1.1489791870117188,0.7816107273101807,0.4218149185180664,1.1625816238150295,0.8203595026167566,0.5,2.1848278045654297,0.6659637093544006,0.4594852030277252,2.161485060683662,0.7117281677732963,0.5,1.9724383354187012,1.742995262145996,0.460531622171402,1.9621714243360677,1.7289631654460957,0.5,1.1528878211975098,1.7093621492385864,0.42717722058296204,1.1584375123595323,1.7464547878252508,0.5
9.67,TRACK,1.1489791870117188,0.7816107273101807,0.4218149185180664,1.1641235199670716,0.8222646727135148,0.5,2.1848278045654297,0.6659637093544006,0.4594852030277252,2.161545045573296,0.7138394374739151,0.5,1.9724383354187012,1.742995262145996,0.460531622171402,1.9624184003255698,1.7295338369208517,0.5,1.1528878211975098,1.7093621492385864,0.42717722058296204,1.1599592758150785,1.7470196487228629,0.5
9.689,TRACK,1.155256986618042,0.7944612503051758,0.42193636298179626,1.1656605697944322,0.8241670302854714,0.5,2.1835906505584717,0.675614058971405,0.4578917920589447,2.161601644763556,0.7159471323428229,0.5,1.9724383354187012,1.742995262145996,0.460531622171402,1.9626631299939201,1.730103601814852,0.5,1.1528878211975098,1.7093621492385864,0.42717722058296204,1.1614762064452457,1.747583208070264,0.5
9.709,TRACK,1.155256986618042,0.7944612503051758,0.42193636298179626,1.167192817286856,0.8260665796290639,0.5,2.1835906505584717,0.675614058971405,0.4578917920589447,2.1616549115178847,0.7180512619503736,0.5,1.9724383354187012,1.742995262145996,0.460531622171402,1.9629056439394972,1.7306724614002782,0.5,1.1667057275772095,1.71220862865448,0.4251757264137268,1.1629883485301167,1.7481454718936207,0.5
9.73,TRACK,1.155256986618042,0.7944612503051758,0.42193636298179626,1.168720305816482,0.8279633250268289,0.5,2.1835906505584717,0.675614058971405,0.4578917920589447,2.161704898301332,0.7201518358159866,0.5,1.9724383354187012,1.742995262145996,0.460531622171402,1.9631459723127243,1.731240416944357,0.5,1.1667057275772095,1.71220862865448,0.4251757264137268,1.1644957457295115,1.7487064461800128,0.5
9.75,TRACK,1.155256986618042,0.7944612503051758,0.42193636298179626,1.170243078147024,0.8298572707474192,0.5,2.1835906505584717,0.675614058971405,0.4578917920589447,2.1617516567924584,0.7222488634081313,0.5,1.9707077741622925,1.753475546836853,0.4575897455215454,1.9633841448227585,1.7318074697093406,0.5,1.1667057275772095,1.71220862865448,0.4251757264137268,1.165998441092215,1.7492661368773805,0.5
9.769,TRACK,1.155256986618042,0.7944612503051758,0.42193636298179626,1.1717611764428135,0.831748421045623,0.5,2.1835906505584717,0.675614058971405,0.4578917920589447,2.161795237895062,0.7243423541443248,0.5,1.9707077741622925,1.753475546836853,0.4575897455215454,1.9636201907440762,1.7323736209524914,0.5,1.1667057275772095,1.71220862865448,0.4251757264137268,1.167496477065067,1.7498245498944838,0.5
9.789,TRACK,1.1611781120300293,0.807616114616394,0.4205611050128937,1.1732746422777078,0.8336367801623855,0.5,2.183652639389038,0.6869673728942871,0.45990246534347534,2.16183569174973,0.7264323173911423,0.5,1.9707077741622925,1.753475546836853,0.4575897455215454,1.9638541389229622,1.732938871926068,0.5,1.1667057275772095,1.71220862865448,0.4251757264137268,1.1689898955019167,1.7503816911008725,0.5
9.81,TRACK,1.1611781120300293,0.807616114616394,0.4205611050128937,1.1747835166438674,0.8355223523248336,0.5,2.183652639389038,0.6869673728942871,0.45990246534347534,2.1618730677452187,0.7285187624642403,0.5,1.9707077741622925,1.753475546836853,0.4575897455215454,1.9640860177838986,1.7335032238773171,0.5,1.1773008108139038,1.7154453992843628,0.42693236470222473,1.1704787376724417,1.7509375663268665,0.5
9.83,TRACK,1.1611781120300293,0.807616114616394,0.4205611050128937,1.176287839960402,0.8374051417463024,0.5,2.183652639389038,0.6869673728942871,0.45990246534347534,2.161907414529664,0.7306016986283915,0.5,1.9707077741622925,1.753475546836853,0.4575897455215454,1.9643158553358593,1.7340666780484648,0.5,1.1773008108139038,1.7154453992843628,0.42693236470222473,1.1719630442708384,1.7514921813635451,0.5
9.85,TRACK,1.1611781120300293,0.807616114616394,0.4205611050128937,1.177787652081887,0.8392851526263648,0.5,2.183652639389038,0.6869673728942871,0.45990246534347534,2.1619387800216248,0.7326811350975319,0.5,1.9715197086334229,1.7632516622543335,0.4557277262210846,1.964543679178509,1.7346292356767123,0.5,1.1773008108139038,1.7154453992843628,0.42693236470222473,1.173442855424379,1.7520455419627474,0.5
9.87,TRACK,1.1611781120300293,0.807616114616394,0.4205611050128937,1.1792829923067558,0.841162389150863,0.5,2.183652639389038,0.6869673728942871,0.45990246534347534,2.161967211420961,0.7347570810348184,0.5,1.9715197086334229,1.7632516622543335,0.4557277262210846,1.964769516508309,1.735190897994234,0.5,1.1773008108139038,1.7154453992843628,0.42693236470222473,1.1749182107018432,1.752597653837081,0.5
9.89,TRACK,1.1674671173095703,0.8202533721923828,0.41853785514831543,1.1807738993855634,0.8430368554919427,0.5,2.184037446975708,0.6976324915885925,0.4607207477092743,2.161992755219552,0.7368295455526986,0.5,1.9715197086334229,1.7632516622543335,0.4557277262210846,1.9649933941245308,1.735751666228179,0.5,1.1773008108139038,1.7154453992843628,0.42693236470222473,1.1763891491218237,1.753148522659941,0.5
9.91,TRACK,1.1674671173095703,0.8202533721923828,0.41853785514831543,1.182260411529132,0.8449085558080889,0.5,2.184037446975708,0.6976324915885925,0.4607207477092743,2.162015457211853,0.7388985377129907,0.5,1.9715197086334229,1.7632516622543335,0.4557277262210846,1.9652153384351794,1.7363115416006716,0.5,1.1856173276901245,1.721800684928894,0.43060025572776794,1.1778557091609052,1.7536981540655365,0.5
9.93,TRACK,1.1674671173095703,0.8202533721923828,0.41853785514831543,1.1837425664165715,0.8467774942441645,0.5,2.184037446975708,0.6976324915885925,0.4607207477092743,2.1620353625052964,0.7409640665269737,0.5,1.9733225107192993,1.7712059020996094,0.45384326577186584,1.9654353754628275,1.7368705253288192,0.5,1.1856173276901245,1.721800684928894,0.43060025572776794,1.1793179287617241,1.7542465536489273,0.5
9.95,TRACK,1.1674671173095703,0.8202533721923828,0.41853785514831543,1.1852204012031828,0.8486436749314511,0.5,2.184037446975708,0.6976324915885925,0.4607207477092743,2.1620525155305357,0.7430261409554876,0.5,1.9733225107192993,1.7712059020996094,0.45384326577186584,1.965653530850361,1.737428618624719,0.5,1.1856173276901245,1.721800684928894,0.43060025572776794,1.1807758453409067,1.7547937269660672,0.5
9.97,TRACK,1.1674671173095703,0.8202533721923828,0.41853785514831543,1.1866939525282423,0.8505071019876913,0.5,2.184037446975708,0.6976324915885925,0.4607207477092743,2.1620669600515394,0.7450847699090436,0.5,1.9733225107192993,1.7712059020996094,0.45384326577186584,1.965869829866639,1.737985822695467,0.5,1.1856173276901245,1.721800684928894,0.43060025572776794,1.182229495796887,1.7553396795338567,0.5
9.99,TRACK,1.1741255521774292,0.8327562808990479,0.41653481125831604,1.1881632565226712,0.8523677795171335,0.5,2.1853537559509277,0.7088240385055542,0.46198365092277527,2.162078739175533,0.747139962247944,0.5,1.9733225107192993,1.7712059020996094,0.45384326577186584,1.9660842974120678,1.7385421387431703,0.5,1.1856173276901245,1.721800684928894,0.43060025572776794,1.183678916517611,1.7558844168302032,0.5
10.01,TRACK,1.1741255521774292,0.8327562808990479,0.41653481125831604,1.189628348816592,0.8542257116105784,0.5,2.1853537559509277,0.7088240385055542,0.46198365092277527,2.1620878953627933,0.7491917267824103,0.5,1.9733225107192993,1.7712059020996094,0.45384326577186584,1.9662969580240912,1.7390975679649614,0.5,1.1918643712997437,1.7306581735610962,0.4331819415092468,1.1851241433881219,1.756427944294088,0.5
10.03,TRACK,1.1741255521774292,0.8327562808990479,0.41653481125831604,1.1910892645467699,0.8560809023454277,0.5,2.1853537559509277,0.7088240385055542,0.46198365092277527,2.162094470436299,0.7512400722727212,0.5,1.9767787456512451,1.7772654294967651,0.45239782333374023,1.966507835882598,1.7396521115530144,0.5,1.1918643712997437,1.7306581735610962,0.4331819415092468,1.1865652117980356,1.7569702673256413,0.5
10.05,TRACK,1.1741255521774292,0.8327562808990479,0.41653481125831604,1.1925460383639452,0.8579333557857343,0.5,2.1853537559509277,0.7088240385055542,0.46198365092277527,2.1620985055912327,0.7532850074293581,0.5,1.9767787456512451,1.7772654294967651,0.45239782333374023,1.9667169548152483,1.7402057706945613,0.5,1.1918643712997437,1.7306581735610962,0.4331819415092468,1.188002156648902,1.757511391286225,0.5
10.07,TRACK,1.1741255521774292,0.8327562808990479,0.41653481125831604,1.1939987044400566,0.8597830759822546,0.5,2.1853537559509277,0.7088240385055542,0.46198365092277527,2.1621000414043468,0.7553265409131599,0.5,1.9767787456512451,1.7772654294967651,0.45239782333374023,1.9669243383027188,1.7407585465719138,0.5,1.1918643712997437,1.7306581735610962,0.4331819415092468,1.1894350123614568,1.7580513214985205,0.5
10.089,TRACK,1.1825461387634277,0.8461253046989441,0.4145873188972473,1.195447296475356,0.8616300669725023,0.5,2.1868252754211426,0.7189269661903381,0.46230432391166687,2.1620991178431863,0.7573646813354847,0.5,1.9767787456512451,1.7772654294967651,0.45239782333374023,1.9671300094838695,1.7413104403624833,0.5,1.1918643712997437,1.7306581735610962,0.4331819415092468,1.1908638128827647,1.7585900632466247,0.5
10.111,TRACK,1.1825461387634277,0.8461253046989441,0.4145873188972473,1.196891847705419,0.8634743327808043,0.5,2.1868252754211426,0.7189269661903381,0.46230432391166687,2.162095774275177,0.7593994372583804,0.5,1.9767787456512451,1.7772654294967651,0.45239782333374023,1.9673339911608332,1.741861453238805,0.5,1.1918643712997437,1.7306581735610962,0.4331819415092468,1.1922885916932562,1.759127621776152,0.5
10.13,TRACK,1.1825461387634277,0.8461253046989441,0.4145873188972473,1.198332390908049,0.8653158774183577,0.5,2.1868252754211426,0.7189269661903381,0.46230432391166687,2.1620900494765753,0.7614308171947614,0.5,1.9811153411865234,1.7822192907333374,0.4537314474582672,1.9675363058040263,1.7424115863685625,0.5,1.1992464065551758,1.7391563653945923,0.43152275681495667,1.1937093818136593,1.7596640022943417,0.5
10.15,TRACK,1.1825461387634277,0.8461253046989441,0.4145873188972473,1.1997689584100808,0.8671547048832885,0.5,2.1868252754211426,0.7189269661903381,0.46230432391166687,2.162081981641287,0.7634588296085933,0.5,1.9811153411865234,1.7822192907333374,0.4537314474582672,1.9677369755570866,1.7429608409146145,0.5,1.1992464065551758,1.7391563653945923,0.43152275681495667,1.1951262158118265,1.7601992099701724,0.5
10.17,TRACK,1.1825461387634277,0.8461253046989441,0.4145873188972473,1.2012015820940805,0.8689908191607126,0.5,2.1868252754211426,0.7189269661903381,0.46230432391166687,2.1620716083895553,0.765483482915085,0.5,1.9811153411865234,1.7822192907333374,0.4537314474582672,1.967936022241735,1.743509218035023,0.5,1.1992464065551758,1.7391563653945923,0.43152275681495667,1.1965391258094606,1.7607332499344825,0.5
10.19,TRACK,1.1885234117507935,0.857975423336029,0.41636231541633606,1.202630293404948,0.870824224222797,0.5,2.1876730918884277,0.7288283109664917,0.4588613212108612,2.162058966776516,0.7675047854808856,0.5,1.9811153411865234,1.7822192907333374,0.4537314474582672,1.9681334673625641,1.7440567188830824,0.5,1.1992464065551758,1.7391563653945923,0.43152275681495667,1.1979481434887393,1.7612661272800942,0.5
10.21,TRACK,1.1885234117507935,0.857975423336029,0.41636231541633606,1.2040551233564192,0.8726549240288238,0.5,2.1876730918884277,0.7288283109664917,0.4588613212108612,2.162044093300631,0.7695227456242905,0.5,1.9811153411865234,1.7822192907333374,0.4537314474582672,1.968329332111755,1.744603344607352,0.5,1.2043486833572388,1.749915361404419,0.42966628074645996,1.199353300098841,1.7617978470619453,0.5
10.229,TRACK,1.1885234117507935,0.857975423336029,0.41636231541633606,1.2054761025374725,0.8744829225252544,0.5,2.1876730918884277,0.7288283109664917,0.4588613212108612,2.16202702391199,0.7715373716154504,0.5,1.9811153411865234,1.7822192907333374,0.4537314474582672,1.9685236373737225,1.745149096351687,0.5,1.2043486833572388,1.749915361404419,0.42966628074645996,1.200754626462372,1.7623284142972246,0.5
10.25,TRACK,1.1885234117507935,0.857975423336029,0.41636231541633606,1.2068932611186396,0.8763082236457956,0.5,2.1876730918884277,0.7288283109664917,0.4588613212108612,2.1620077940204934,0.7735486716765895,0.5,1.982121467590332,1.78569495677948,0.4547816216945648,1.968716403729691,1.7456939752552731,0.5,1.2043486833572388,1.749915361404419,0.42966628074645996,1.2021521529817,1.7628578339655125,0.5
10.27,TRACK,1.1885234117507935,0.857975423336029,0.41636231541633606,1.2083066288582232,0.8781308313114674,0.5,2.1876730918884277,0.7288283109664917,0.4588613212108612,2.1619864385039107,0.7755566539822265,0.5,1.982121467590332,1.78569495677948,0.4547816216945648,1.9689076514622008,1.7462379824526626,0.5,1.2043486833572388,1.749915361404419,0.42966628074645996,1.2035459096451895,1.7633861110089277,0.5
10.289,TRACK,1.1976453065872192,0.8718177676200867,0.4165683090686798,1.2097162351084192,0.8799507494306711,0.5,2.1890876293182373,0.7395622134208679,0.4584243595600128,2.16196299171582,0.7775613266594035,0.5,1.982121467590332,1.78569495677948,0.4547816216945648,1.9690974005595465,1.7467811190738087,0.5,1.2043486833572388,1.749915361404419,0.42966628074645996,1.2049359260333459,1.7639132503322765,0.5
10.31,TRACK,1.1976453065872192,0.8718177676200867,0.4165683090686798,1.2111221088213513,0.8817679818992593,0.5,2.1890876293182373,0.7395622134208679,0.4584243595600128,2.1619374874934287,0.7795626977879184,0.5,1.982121467590332,1.78569495677948,0.4547816216945648,1.9692856707201487,1.7473233862441053,0.5,1.2043486833572388,1.749915361404419,0.42966628074645996,1.2063222313248676,1.7644392568032083,0.5
10.33,TRACK,1.1976453065872192,0.8718177676200867,0.4165683090686798,1.2125242785550132,0.883582532600607,0.5,2.1890876293182373,0.7395622134208679,0.4584243595600128,2.161909959165279,0.7815607754005638,0.5,1.982121467590332,1.78569495677948,0.4547816216945648,1.9694724813568592,1.7478647850844249,0.5,1.2079774141311646,1.7594013214111328,0.4294719994068146,1.2077048543026068,1.7649641352523742,0.5
10.351,TRACK,1.1976453065872192,0.8718177676200867,0.4165683090686798,1.2139227724791242,0.8853944054056835,0.5,2.1890876293182373,0.7395622134208679,0.4584243595600128,2.161880439558836,0.7835555674833692,0.5,1.9846683740615845,1.7876229286193848,0.45019251108169556,1.9696578516012024,1.7484053167111586,0.5,1.2079774141311646,1.7594013214111328,0.4294719994068146,1.2090838233594412,1.7654878904735907,0.5
10.37,TRACK,1.1976453065872192,0.8718177676200867,0.4165683090686798,1.2153176183808942,0.8872036041731255,0.5,2.1890876293182373,0.7395622134208679,0.4584243595600128,2.161848961007968,0.7855470819758491,0.5,1.9846683740615845,1.7876229286193848,0.45019251108169556,1.9698418003075517,1.748944982236257,0.5,1.2079774141311646,1.7594013214111328,0.4294719994068146,1.2104591665040578,1.7660105272240063,0.5
10.389,TRACK,1.2042731046676636,0.883585512638092,0.4169273376464844,1.2167088436707079,0.8890101327493113,0.5,2.1899380683898926,0.7503532767295837,0.45994463562965393,2.1618155553603073,0.7875353267712549,0.5,1.9846683740615845,1.7876229286193848,0.45019251108169556,1.9700243460572433,1.749483782767273,0.5,1.2079774141311646,1.7594013214111328,0.4294719994068146,1.2118309113666506,1.7665320502242727,0.5
10.41,TRACK,1.2042731046676636,0.883585512638092,0.4169273376464844,1.2180964753877184,0.8908139949684362,0.5,2.1899380683898926,0.7503532767295837,0.45994463562965393,2.1617802539845106,0.7895203097168313,0.5,1.9846683740615845,1.7876229286193848,0.45019251108169556,1.9702055071626274,1.7500217194074037,0.5,1.209940791130066,1.76470947265625,0.4294731914997101,1.2131990852045322,1.76705246415872,0.5
10.43,TRACK,1.2042731046676636,0.883585512638092,0.4169273376464844,1.2194805402053626,0.8926151946525881,0.5,2.1899380683898926,0.7503532767295837,0.45994463562965393,2.161743087777404,0.7915020386140765,0.5,1.9846683740615845,1.7876229286193848,0.45019251108169556,1.9703853016710602,1.7505587932555355,0.5,1.209940791130066,1.76470947265625,0.4294731914997101,1.2145637149076618,1.7675717736755336,0.5
10.45,TRACK,1.2042731046676636,0.883585512638092,0.4169273376464844,1.2208610644367912,0.8944137356118248,0.5,2.1899380683898926,0.7503532767295837,0.45994463562965393,2.1617040871710254,0.7934805212190066,0.5,1.9847403764724731,1.7888319492340088,0.4499167799949646,1.9705637473688327,1.7510950054062888,0.5,1.209940791130066,1.76470947265625,0.4294731914997101,1.2159248270040899,1.768089983386937,0.5
10.47,TRACK,1.2042731046676636,0.883585512638092,0.4169273376464844,1.2222380740402186,0.8962096216442519,0.5,2.1899380683898926,0.7503532767295837,0.45994463562965393,2.1616632821395614,0.7954557652424231,0.5,1.9847403764724731,1.7888319492340088,0.4499167799949646,1.9707408617850428,1.7516303569500624,0.5,1.209940791130066,1.76470947265625,0.4294731914997101,1.2172824476653223,1.7686070978693755,0.5
10.49,TRACK,1.2117832899093628,0.8940844535827637,0.4168209135532379,1.2236115946241926,0.8980028565361011,0.5,2.1899611949920654,0.7620237469673157,0.46296951174736023,2.1616207022061795,0.7974277783501849,0.5,1.9847403764724731,1.7888319492340088,0.4499167799949646,1.970916662195408,1.7521648489730823,0.5,1.209940791130066,1.76470947265625,0.4294731914997101,1.2186366027116036,1.7691231216637044,0.5
10.51,TRACK,1.2117832899093628,0.8940844535827637,0.4168209135532379,1.2249816514527871,0.8997934440618098,0.5,2.1899611949920654,0.7620237469673157,0.46296951174736023,2.1615763764497613,0.7993965681634818,0.5,1.9847403764724731,1.7888319492340088,0.4499167799949646,1.9710911656260204,1.7526984825574476,0.5,1.2130972146987915,1.7712475061416626,0.4310295879840851,1.21998731761712,1.76963805927538,0.5
10.53,TRACK,1.2117832899093628,0.8940844535827637,0.4168209135532379,1.2263482694507153,0.9015813879841015,0.5,2.1899611949920654,0.7620237469673157,0.46296951174736023,2.161530333511532,0.8013621422591137,0.5,1.9810500144958496,1.784887433052063,0.45255014300346375,1.9712643888570454,1.7532312587811785,0.5,1.2130972146987915,1.7712475061416626,0.4310295879840851,1.2213346175151267,1.770151915174652,0.5
10.551,TRACK,1.2117832899093628,0.8940844535827637,0.4168209135532379,1.2277114732083674,0.9033666920540661,0.5,2.1899611949920654,0.7620237469673157,0.46296951174736023,2.161482601601595,0.8033245081697703,0.5,1.9810500144958496,1.784887433052063,0.45255014300346375,1.9714363484263648,1.7537631787182657,0.5,1.2130972146987915,1.7712475061416626,0.4310295879840851,1.2226785272029963,1.7706646937967616,0.5
10.569,TRACK,1.2117832899093628,0.8940844535827637,0.4168209135532379,1.2290712869867741,0.9051493600112419,0.5,2.1899611949920654,0.7620237469673157,0.46296951174736023,2.161433208505365,0.8052836733843152,0.5,1.9810500144958496,1.784887433052063,0.45255014300346375,1.9716070606331646,1.7542942434387199,0.5,1.2130972146987915,1.7712475061416626,0.4310295879840851,1.2240190711471923,1.7711763995421377,0.5
10.59,TRACK,1.2206412553787231,0.9038997888565063,0.4195890426635742,1.2304277347224943,0.9069293955836977,0.5,2.189969778060913,0.7724709510803223,0.46082252264022827,2.161382181589909,0.8072396453480719,0.5,1.9810500144958496,1.784887433052063,0.45255014300346375,1.971776541541468,1.754824454008621,0.5,1.2130972146987915,1.7712475061416626,0.4310295879840851,1.2253562734881687,1.7716870367766007,0.5
10.609,TRACK,1.2206412553787231,0.9038997888565063,0.4195890426635742,1.231780840032431,0.9087068024881152,0.5,2.189969778060913,0.7724709510803223,0.46082252264022827,2.1613295478101904,0.8091924314631128,0.5,1.9810500144958496,1.784887433052063,0.45255014300346375,1.9719448069836176,1.75535381149017,0.5,1.2170580625534058,1.7752293348312378,0.4334428608417511,1.2266901580451948,1.772196609831564,0.5
10.63,TRACK,1.2206412553787231,0.9038997888565063,0.4195890426635742,1.2331306262185748,0.9104815844298726,0.5,2.189969778060913,0.7724709510803223,0.46082252264022827,2.1612753337152215,0.8111420390885498,0.5,1.9753942489624023,1.7782680988311768,0.4575519859790802,1.972111872563702,1.7558823169417386,0.5,1.2170580625534058,1.7752293348312378,0.4334428608417511,1.2280207483211094,1.7727051230042408,0.5
10.65,TRACK,1.2206412553787231,0.9038997888565063,0.4195890426635742,1.234477116272677,0.9122537451031284,0.5,2.189969778060913,0.7724709510803223,0.46082252264022827,2.161219565454125,0.8130884755408277,0.5,1.9753942489624023,1.7782680988311768,0.4575519859790802,1.9722777536609322,1.756409971417923,0.5,1.2170580625534058,1.7752293348312378,0.4334428608417511,1.2293480675070023,1.7732125805578514,0.5
10.67,TRACK,1.2206412553787231,0.9038997888565063,0.4195890426635742,1.2358203328808528,0.9140232881909055,0.5,2.189969778060913,0.7724709510803223,0.46082252264022827,2.161162268782102,0.81503174809402,0.5,1.9753942489624023,1.7782680988311768,0.4575519859790802,1.9724424654329682,1.7569367759695946,0.5,1.2170580625534058,1.7752293348312378,0.4334428608417511,1.230672138486826,1.773718986721833,0.5
10.691,TRACK,1.2297497987747192,0.9114434719085693,0.42017507553100586,1.2371602984281151,0.9157902173651761,0.5,2.189906120300293,0.785244345664978,0.4608399569988251,2.161103469066315,0.8169718639801252,0.5,1.9753942489624023,1.7782680988311768,0.4575519859790802,1.9726060228191935,1.7574627316439526,0.5,1.2170580625534058,1.7752293348312378,0.4334428608417511,1.231992983841939,1.7742243456920515,0.5
10.71,TRACK,1.2297497987747192,0.9114434719085693,0.42017507553100586,1.2384970350028426,0.9175545362869467,0.5,2.189906120300293,0.785244345664978,0.4608399569988251,2.1610431912916805,0.8189088303893668,0.5,1.9753942489624023,1.7782680988311768,0.4575519859790802,1.9727684405439405,1.7579878394845783,0.5,1.2211121320724487,1.7763231992721558,0.4343627393245697,1.2333106258555795,1.7747286616310143,0.5
10.729,TRACK,1.2297497987747192,0.9114434719085693,0.42017507553100586,1.2398305644011778,0.919316248606344,0.5,2.189906120300293,0.785244345664978,0.4608399569988251,2.1609814600665773,0.8208426544704926,0.5,1.9753942489624023,1.7782680988311768,0.4575519859790802,1.972929733119669,1.7585121005314874,0.5,1.2211121320724487,1.7763231992721558,0.4343627393245697,1.2346250865172737,1.7752319386680857,0.5
10.75,TRACK,1.2297497987747192,0.9114434719085693,0.42017507553100586,1.2411609081313626,0.9210753579627005,0.5,2.189906120300293,0.785244345664978,0.4608399569988251,2.160918299628468,0.8227733433310783,0.5,1.972206711769104,1.770256519317627,0.46145808696746826,1.9730899148500942,1.7590355158211846,0.5,1.2211121320724487,1.7763231992721558,0.4343627393245697,1.2359363875271763,1.7757341808997038,0.5
10.769,TRACK,1.2297497987747192,0.9114434719085693,0.42017507553100586,1.2424880874180075,0.9228318679846407,0.5,2.189906120300293,0.785244345664978,0.4608399569988251,2.1608537338494376,0.8247009040378295,0.5,1.972206711769104,1.770256519317627,0.46145808696746826,1.9732489998332705,1.7595580863867166,0.5,1.2211121320724487,1.7763231992721558,0.4343627393245697,1.2372445503003482,1.776235392389598,0.5
10.791,TRACK,1.2364189624786377,0.9165932536125183,0.42199552059173584,1.243812123206297,0.924585782290168,0.5,2.1887929439544678,0.7971505522727966,0.4612191915512085,2.1607877862416514,0.8266253436168872,0.5,1.972206711769104,1.770256519317627,0.46145808696746826,1.9734070019646262,1.7600798132577282,0.5,1.2211121320724487,1.7763231992721558,0.4343627393245697,1.2385495959709674,1.7767355771690079,0.5
10.81,TRACK,1.2364189624786377,0.9165932536125183,0.42199552059173584,1.2451330361661328,0.9263371044867509,0.5,2.1887929439544678,0.7971505522727966,0.4612191915512085,2.1607204799627273,0.8285466690541339,0.5,1.972206711769104,1.770256519317627,0.46145808696746826,1.9735639349399532,1.760600697460516,0.5,1.227157473564148,1.7775121927261353,0.43582168221473694,1.2398515453964787,1.7772347392369054,0.5
10.83,TRACK,1.2364189624786377,0.9165932536125183,0.42199552059173584,1.2464508466962145,0.9280858381714108,0.5,2.1887929439544678,0.7971505522727966,0.4612191915512085,2.160651837821032,0.8304648872954994,0.5,1.972206711769104,1.770256519317627,0.46145808696746826,1.9737198122583532,1.7611207400180826,0.5,1.227157473564148,1.7775121927261353,0.43582168221473694,1.2411504191616802,1.7777328825602152,0.5
10.85,TRACK,1.2364189624786377,0.9165932536125183,0.42199552059173584,1.2477655749280594,0.9298319869308088,0.5,2.1887929439544678,0.7971505522727966,0.4612191915512085,2.1605818822808978,0.8323800052472694,0.5,1.972206711769104,1.770256519317627,0.46145808696746826,1.9738746472251376,1.7616399419501934,0.5,1.227157473564148,1.7775121927261353,0.43582168221473694,1.242446237582749,1.7782300110740386,0.5
10.87,TRACK,1.2364189624786377,0.9165932536125183,0.42199552059173584,1.2490772407299624,0.9315755543413331,0.5,2.1887929439544678,0.7971505522727966,0.4612191915512085,2.160510635467758,0.8342920297763937,0.5,1.9701210260391235,1.7656333446502686,0.461605966091156,1.974028452954684,1.7621583042734306,0.5,1.227157473564148,1.7775121927261353,0.43582168221473694,1.243739020711206,1.7787261286818763,0.5
10.89,TRACK,1.245192289352417,0.9216585159301758,0.4221580922603607,1.2503858637108973,0.9333165439691866,0.5,2.1873533725738525,0.8068477511405945,0.45771846175193787,2.160438119173212,0.8362009677107953,0.5,1.9701210260391235,1.7656333446502686,0.461605966091156,1.9741812423732514,1.7626758280012493,0.5,1.227157473564148,1.7775121927261353,0.43582168221473694,1.2450287883378217,1.7792212392558544,0.5
10.909,TRACK,1.245192289352417,0.9216585159301758,0.4221580922603607,1.2516914632243579,0.9350549593704749,0.5,2.1873533725738525,0.8068477511405945,0.45771846175193787,2.1603643548600093,0.8381068258396802,0.5,1.9701210260391235,1.7656333446502686,0.461605966091156,1.9743330282217493,1.7631925141440328,0.5,1.2348581552505493,1.7773869037628174,0.43634724617004395,1.2463155599964635,1.7797153466369495,0.5
10.93,TRACK,1.245192289352417,0.9216585159301758,0.4221580922603607,1.252994058372144,0.9367908040912937,0.5,2.1873533725738525,0.8068477511405945,0.45771846175193787,2.160289363666962,0.8400096109138475,0.5,1.96893310546875,1.7574628591537476,0.45676055550575256,1.9744838230584703,1.7637083637091482,0.5,1.2348581552505493,1.7773869037628174,0.43634724617004395,1.2475993549678848,1.7802084546352155,0.5
10.95,TRACK,1.245192289352417,0.9216585159301758,0.4221580922603607,1.254293668008089,0.9385240816678171,0.5,2.1873533725738525,0.8068477511405945,0.45771846175193787,2.1602131664137842,0.841909329646,0.5,1.96893310546875,1.7574628591537476,0.45676055550575256,1.9746336392617765,1.7642233777010023,0.5,1.2348581552505493,1.7773869037628174,0.43634724617004395,1.2488801922834576,1.7807005670300102,0.5
10.97,TRACK,1.245192289352417,0.9216585159301758,0.4221580922603607,1.2555903107417323,0.9402547956263854,0.5,2.1873533725738525,0.8068477511405945,0.45771846175193787,2.1601357836058583,0.8438059887110548,0.5,1.96893310546875,1.7574628591537476,0.45676055550575256,1.9747824890327486,1.7647375571210973,0.5,1.2348581552505493,1.7773869037628174,0.43634724617004395,1.250158090728849,1.7811916875702236,0.5
10.99,TRACK,1.2533762454986572,0.9260313510894775,0.42135077714920044,1.2568840049419376,0.9419829494835928,0.5,2.1863977909088135,0.8179133534431458,0.4581071734428406,2.16005723543893,0.8456995947464546,0.5,1.96893310546875,1.7574628591537476,0.45676055550575256,1.9749303843977943,1.7652509029680858,0.5,1.2348581552505493,1.7773869037628174,0.43634724617004395,1.2514330688476423,1.781681819974506,0.5
11.01,TRACK,1.2533762454986572,0.9260313510894775,0.42135077714920044,1.2581747687404554,0.9437085467463759,0.5,2.1863977909088135,0.8179133534431458,0.4581071734428406,2.1599775418037352,0.8475901543524782,0.5,1.96893310546875,1.7574628591537476,0.45676055550575256,1.975077337211217,1.7657634162378282,0.5,1.2414569854736328,1.777065396308899,0.43700772523880005,1.2527051449449045,1.7821709679314965,0.5
11.03,TRACK,1.2533762454986572,0.9260313510894775,0.42135077714920044,1.2594626200354337,0.9454315909121013,0.5,2.1863977909088135,0.8179133534431458,0.4581071734428406,2.159896722290557,0.8494776740925518,0.5,1.96893310546875,1.7574628591537476,0.45676055550575256,1.975223359157746,1.7662750979234472,0.5,1.2414569854736328,1.777065396308899,0.43700772523880005,1.2539743370906993,1.7826591351000527,0.5
11.05,TRACK,1.2533762454986572,0.9260313510894775,0.42135077714920044,1.2607475764948755,0.9471520854686535,0.5,2.1863977909088135,0.8179133534431458,0.4581071734428406,2.159814796193713,0.8513621604935602,0.5,1.9722853899002075,1.7543894052505493,0.4568507671356201,1.9753684617550291,1.7667859490153832,0.5,1.2414569854736328,1.777065396308899,0.43700772523880005,1.2552406631235484,1.7831463251094795,0.5
11.07,TRACK,1.2533762454986572,0.9260313510894775,0.42135077714920044,1.262029655560044,0.9488700338945228,0.5,2.1863977909088135,0.8179133534431458,0.4581071734428406,2.1597317825159794,0.8532436200461565,0.5,1.9722853899002075,1.7543894052505493,0.4568507671356201,1.9755126563560874,1.7672959705014515,0.5,1.2414569854736328,1.777065396308899,0.43700772523880005,1.25650414065384,1.7836325415597594,0.5
11.089,TRACK,1.2616075277328491,0.9312264919281006,0.41844895482063293,1.2633088744488188,0.9505854396588936,0.5,2.1850757598876953,0.8285514116287231,0.45844900608062744,2.159647699972946,0.8551220592050736,0.5,1.9722853899002075,1.7543894052505493,0.4568507671356201,1.9756559541517331,1.7678051633668959,0.5,1.2414569854736328,1.777065396308899,0.43700772523880005,1.2577647870671869,1.784117788021782,0.5
11.109,TRACK,1.2616075277328491,0.9312264919281006,0.41844895482063293,1.2645852501589991,0.9522983062217312,0.5,2.1850757598876953,0.8285514116287231,0.45844900608062744,2.159562566997306,0.8569974843894334,0.5,1.9722853899002075,1.7543894052505493,0.4568507671356201,1.9757983661729506,1.7683135285944451,0.5,1.2487719058990479,1.7780921459197998,0.43826472759246826,1.2590226195277332,1.7846020680375747,0.5
11.13,TRACK,1.2616075277328491,0.9312264919281006,0.41844895482063293,1.26585879947156,0.9540086370338695,0.5,2.1850757598876953,0.8285514116287231,0.45844900608062744,2.159476401743087,0.8588699019830568,0.5,1.9779634475708008,1.7540078163146973,0.4596033990383148,1.9759399032932425,1.7688210671643678,0.5,1.2487719058990479,1.7780921459197998,0.43826472759246826,1.260277654981413,1.7850853851205326,0.5
11.15,TRACK,1.2616075277328491,0.9312264919281006,0.41844895482063293,1.267129538953858,0.9557164355370992,0.5,2.1850757598876953,0.8285514116287231,0.45844900608062744,2.1593892220898114,0.8607393183347727,0.5,1.9779634475708008,1.7540078163146973,0.4596033990383148,1.9760805762309408,1.7693277800545277,0.5,1.2487719058990479,1.7780921459197998,0.43826472759246826,1.2615299101591577,1.7855677427556482,0.5
11.17,TRACK,1.2616075277328491,0.9312264919281006,0.41844895482063293,1.2683974849627895,0.9574217051642541,0.5,2.1850757598876953,0.8285514116287231,0.45844900608062744,2.159301045646602,0.8626057397587267,0.5,1.9779634475708008,1.7540078163146973,0.4596033990383148,1.9762203955514814,1.7698336682404385,0.5,1.2487719058990479,1.7780921459197998,0.43826472759246826,1.2627794015800589,1.7860491443997422,0.5
11.19,TRACK,1.2710866928100586,0.9384179711341858,0.41670554876327515,1.2696626536479032,0.9591244493392984,0.5,2.1842024326324463,0.8384833931922913,0.4592607021331787,2.1592118897562202,0.8644691725346884,0.5,1.9779634475708008,1.7540078163146973,0.4596033990383148,1.976359371669646,1.7703387326953182,0.5,1.2487719058990479,1.7780921459197998,0.43826472759246826,1.2640261455544792,1.7865295934816932,0.5
11.21,TRACK,1.2710866928100586,0.9384179711341858,0.41670554876327515,1.2709250609544627,0.9608246714774138,0.5,2.1842024326324463,0.8384833931922913,0.4592607021331787,2.1591217714990485,0.8663296229083591,0.5,1.9779634475708008,1.7540078163146973,0.4596033990383148,1.9764975148517696,1.7708429743901435,0.5,1.253989577293396,1.777528166770935,0.4370042085647583,1.2652701581871209,1.7870090934026683,0.5
11.23,TRACK,1.2710866928100586,0.9384179711341858,0.41670554876327515,1.2721847226264666,0.9625223749850857,0.5,2.1842024326324463,0.8384833931922913,0.4592607021331787,2.1590307076970117,0.868187097091678,0.5,1.9838776588439941,1.7568113803863525,0.46208125352859497,1.9766348352179162,1.7713463942937047,0.5,1.253989577293396,1.777528166770935,0.4370042085647583,1.2665114553800452,1.7874876475363521,0.5
11.25,TRACK,1.2710866928100586,0.9384179711341858,0.41670554876327515,1.2734416542096214,0.9642175632601899,0.5,2.1842024326324463,0.8384833931922913,0.4592607021331787,2.1589387149174404,0.870041601263127,0.5,1.9838776588439941,1.7568113803863525,0.46208125352859497,1.9767713427440197,1.771848993372659,0.5,1.253989577293396,1.777528166770935,0.4370042085647583,1.267750052835648,1.7879652592291764,0.5
11.269,TRACK,1.2710866928100586,0.9384179711341858,0.41670554876327515,1.2746958710542697,0.9659102396920785,0.5,2.1842024326324463,0.8384833931922913,0.4592607021331787,2.158845809476875,0.8718931415680364,0.5,1.9838776588439941,1.7568113803863525,0.46208125352859497,1.976907047263994,1.7723507725915846,0.5,1.253989577293396,1.777528166770935,0.4370042085647583,1.2689859660595901,1.7884419318005493,0.5
11.289,TRACK,1.2819992303848267,0.9474561810493469,0.41587164998054504,1.2759473883182764,0.9676004076616654,0.5,2.183159112930298,0.8492773175239563,0.4602118730545044,2.158752007444817,0.8737417241188875,0.5,1.9838776588439941,1.7568113803863525,0.46208125352859497,1.977041958471812,1.7728517329130336,0.5,1.253989577293396,1.777528166770935,0.4370042085647583,1.2702192103636842,1.7889176685430848,0.5
11.31,TRACK,1.2819992303848267,0.9474561810493469,0.41587164998054504,1.2771962209698688,0.9692880705415128,0.5,2.183159112930298,0.8492773175239563,0.4602118730545044,2.158657324647419,0.8755873549956154,0.5,1.9838776588439941,1.7568113803863525,0.46208125352859497,1.977176085923551,1.7733518752975852,0.5,1.260443091392517,1.779860019683838,0.4352477490901947,1.2714498008687383,1.78939247272283,0.5
11.33,TRACK,1.2819992303848267,0.9474561810493469,0.41587164998054504,1.2784423837904375,0.9709732316959153,0.5,2.183159112930298,0.8492773175239563,0.4602118730545044,2.158561776671125,0.8774300402459106,0.5,1.9838776588439941,1.7568113803863525,0.46208125352859497,1.9773094390394104,1.773851200703899,0.5,1.260443091392517,1.779860019683838,0.4352477490901947,1.2726777525073554,1.7898663475794947,0.5
11.351,TRACK,1.2819992303848267,0.9474561810493469,0.41587164998054504,1.2796858913772928,0.9726558944809854,0.5,2.183159112930298,0.8492773175239563,0.4602118730545044,2.1584653788662527,0.8792697858855193,0.5,1.9878555536270142,1.7635548114776611,0.4608447849750519,1.9774420271056972,1.7743497100887666,0.5,1.260443091392517,1.779860019683838,0.4352477490901947,1.2739030800266935,1.7903392963266769,0.5
11.37,TRACK,1.2819992303848267,0.9474561810493469,0.41587164998054504,1.2809267581463797,0.9743360622447381,0.5,2.183159112930298,0.8492773175239563,0.4602118730545044,2.158368146350524,0.8811065978985417,0.5,1.9878555536270142,1.7635548114776611,0.4608447849750519,1.977573859276782,1.774847404407164,0.5,1.260443091392517,1.779860019683838,0.4352477490901947,1.2751257979911816,1.7908113221520923,0.5
11.389,TRACK,1.2901760339736938,0.9551511406898499,0.4150489568710327,1.2821649983349543,0.9760137383271745,0.5,2.182692289352417,0.8642697334289551,0.46310433745384216,2.158270094012543,0.8829404822377313,0.5,1.9878555536270142,1.7635548114776611,0.4608447849750519,1.9777049445770258,1.7753442846123033,0.5,1.260443091392517,1.779860019683838,0.4352477490901947,1.2763459207851973,1.7912824282177988,0.5
11.409,TRACK,1.2901760339736938,0.9551511406898499,0.4150489568710327,1.2834006260042186,0.9776889260603664,0.5,2.182692289352417,0.8642697334289551,0.46310433745384216,2.1581712365152215,0.8847714448247898,0.5,1.9878555536270142,1.7635548114776611,0.4608447849750519,1.9778352919026791,1.775840351655684,0.5,1.2665271759033203,1.7820310592651367,0.4336804449558258,1.2775634626157018,1.7917526176604235,0.5
11.43,TRACK,1.2901760339736938,0.9551511406898499,0.4150489568710327,1.2846336550419153,0.9793616287685389,0.5,2.182692289352417,0.8642697334289551,0.46310433745384216,2.1580715882991526,0.8865994915506632,0.5,1.9890549182891846,1.7733092308044434,0.4611416161060333,1.9779649100237502,1.7763356064871438,0.5,1.2665271759033203,1.7820310592651367,0.4336804449558258,1.2787784375148377,1.7922218935913874,0.5
11.45,TRACK,1.2901760339736938,0.9551511406898499,0.4150489568710327,1.2858640991648849,0.9810318497681544,0.5,2.182692289352417,0.8642697334289551,0.46310433745384216,2.1579711635859367,0.8884246282758355,0.5,1.9890549182891846,1.7733092308044434,0.4611416161060333,1.9780938075858474,1.776830050054909,0.5,1.2665271759033203,1.7820310592651367,0.4336804449558258,1.279990859342487,1.7926902590971305,0.5
11.469,TRACK,1.2901760339736938,0.9551511406898499,0.4150489568710327,1.287091971921584,0.9826995923679942,0.5,2.182692289352417,0.8642697334289551,0.46310433745384216,2.1578699763814546,0.8902468608306208,0.5,1.9890549182891846,1.7733092308044434,0.4611416161060333,1.9782219931119926,1.777323683305645,0.5,1.2665271759033203,1.7820310592651367,0.4336804449558258,1.2812007417887894,1.7931577172393351,0.5
11.489,TRACK,1.2962146997451782,0.9627954959869385,0.4157200753688812,1.288317286694566,0.9843648598692414,0.5,2.183403253555298,0.8757299184799194,0.4632929861545563,2.1577680404790964,0.8920661950154539,0.5,1.9890549182891846,1.7733092308044434,0.4611416161060333,1.9783494750044093,1.7778165071845047,0.5,1.2665271759033203,1.7820310592651367,0.4336804449558258,1.282408098376625,1.7936242710551495,0.5
11.51,TRACK,1.2962146997451782,0.9627954959869385,0.4157200753688812,1.2895400567029236,0.9860276555655623,0.5,2.183403253555298,0.8757299184799194,0.4632929861545563,2.1576653694629355,0.8938826366011803,0.5,1.9890549182891846,1.7733092308044434,0.4611416161060333,1.9784762615462812,1.7783085226351791,0.5,1.2722417116165161,1.7836230993270874,0.4328038990497589,1.2836129424640585,1.79408992355741,0.5
11.53,TRACK,1.2962146997451782,0.9627954959869385,0.4157200753688812,1.2907602950046961,0.9876879827431878,0.5,2.183403253555298,0.8757299184799194,0.4632929861545563,2.157561976710862,0.8956961913293432,0.5,1.9890549182891846,1.7733092308044434,0.4611416161060333,1.978602360903487,1.778799730599946,0.5,1.2722417116165161,1.7836230993270874,0.4328038990497589,1.2848152872467462,1.7945546777348622,0.5
11.55,TRACK,1.2962146997451782,0.9627954959869385,0.4157200753688812,1.2919780144992399,0.9893458446809944,0.5,2.183403253555298,0.8757299184799194,0.4632929861545563,2.1574578753976645,0.8975068649124702,0.5,1.988982915878296,1.7824031114578247,0.46144556999206543,1.9787277811263078,1.779290132019716,0.5,1.2722417116165161,1.7836230993270874,0.4328038990497589,1.2860151457603088,1.7950185365523825,0.5
11.569,TRACK,1.2962146997451782,0.9627954959869385,0.4157200753688812,1.2931932279295628,0.9910012446505841,0.5,2.183403253555298,0.8757299184799194,0.4632929861545563,2.1573530784980703,0.8993146630343576,0.5,1.988982915878296,1.7824031114578247,0.46144556999206543,1.9788525301511093,1.779779727834084,0.5,1.2722417116165161,1.7836230993270874,0.4328038990497589,1.2872125308826672,1.7954815029511977,0.5
11.59,TRACK,1.3010127544403076,0.9721092581748962,0.41563889384269714,1.2944059478846248,0.992654185916365,0.5,2.1830649375915527,0.8856762051582336,0.4619867205619812,2.1572475987897346,0.9011195913503529,0.5,1.988982915878296,1.7824031114578247,0.46144556999206543,1.9789766158019997,1.7802685189813727,0.5,1.2722417116165161,1.7836230993270874,0.4328038990497589,1.2884074553363427,1.795943579849103,0.5
11.61,TRACK,1.3010127544403076,0.9721092581748962,0.41563889384269714,1.2956161868016032,0.9943046717356295,0.5,2.1830649375915527,0.8856762051582336,0.4619867205619812,2.1571414488561915,0.9029216554876367,0.5,1.988982915878296,1.7824031114578247,0.46144556999206543,1.9791000457924612,1.7807565063986817,0.5,1.2781957387924194,1.7863203287124634,0.43445584177970886,1.2895999316907252,1.7964047701406813,0.5
11.63,TRACK,1.3010127544403076,0.9721092581748962,0.41563889384269714,1.2968239569681237,0.9959527053586346,0.5,2.1830649375915527,0.8856762051582336,0.4619867205619812,2.157034641089756,0.9047208610455013,0.5,1.988004446029663,1.7913215160369873,0.4624106287956238,1.9792228277269586,1.7812436910219331,0.5,1.2781957387924194,1.7863203287124634,0.43445584177970886,1.290789972364304,1.7968650766975196,0.5
11.65,TRACK,1.3010127544403076,0.9721092581748962,0.41563889384269714,1.2980292705244587,0.9975982900286791,0.5,2.1830649375915527,0.8856762051582336,0.4619867205619812,2.156927187694385,0.9065172135956288,0.5,1.988004446029663,1.7913215160369873,0.4624106287956238,1.9793449691025233,1.7817300737859172,0.5,1.2781957387924194,1.7863203287124634,0.43445584177970886,1.2919775896268684,1.7973245023684252,0.5
11.67,TRACK,1.3010127544403076,0.9721092581748962,0.41563889384269714,1.2992321394656923,0.9992414289821818,0.5,2.1830649375915527,0.8856762051582336,0.4619867205619812,2.156819100688496,0.9083107186823667,0.5,1.988004446029663,1.7913215160369873,0.4624106287956238,1.9794664773103134,1.7822156556243374,0.5,1.2781957387924194,1.7863203287124634,0.43445584177970886,1.293162795601673,1.797783049979641,0.5
11.69,TRACK,1.3059383630752563,0.9846203923225403,0.4152171313762665,1.3004325756438522,1.0008821254487592,0.5,2.18357253074646,0.8950414061546326,0.4618649482727051,2.156710391907742,0.9101013818230022,0.5,1.988004446029663,1.7913215160369873,0.4624106287956238,1.9795873596371507,1.7827004374698556,0.5,1.2781957387924194,1.7863203287124634,0.43445584177970886,1.2943456022675714,1.798240722335059,0.5
11.71,TRACK,1.3059383630752563,0.9846203923225403,0.4152171313762665,1.3016262104037963,1.0025203826409002,0.5,2.18357253074646,0.8950414061546326,0.4618649482727051,2.156601073007747,0.911889208508034,0.5,1.988004446029663,1.7913215160369873,0.4624106287956238,1.9797076232670354,1.7831844202541358,0.5,1.2851223945617676,1.7876442670822144,0.43386656045913696,1.2955260214611186,1.7986975222164336,0.5
11.73,TRACK,1.3059383630752563,0.9846203923225403,0.4152171313762665,1.3028103322810907,1.0041562036894678,0.5,2.18357253074646,0.8950414061546326,0.4618649482727051,2.156491155466822,0.9136742042014635,0.5,1.9889963865280151,1.797864556312561,0.4616144597530365,1.9798272752826376,1.7836676049078877,0.5,1.2851223945617676,1.7876442670822144,0.43386656045913696,1.29670406487864,1.799153452383594,0.5
11.75,TRACK,1.3059383630752563,0.9846203923225403,0.4152171313762665,1.3039850481591224,1.0057895917039492,0.5,2.18357253074646,0.8950414061546326,0.4618649482727051,2.1563806505888605,0.915456374341402,0.5,1.9889963865280151,1.797864556312561,0.4616144597530365,1.9799463226667693,1.7841499923609143,0.5,1.2851223945617676,1.7876442670822144,0.43386656045913696,1.2978797440782726,1.7996085155746542,0.5
11.769,TRACK,1.3059383630752563,0.9846203923225403,0.4152171313762665,1.30515046329856,1.007420549798967,0.5,2.18357253074646,0.8950414061546326,0.4618649482727051,2.156269569505947,0.9172357243409497,0.5,1.9889963865280151,1.797864556312561,0.4616144597530365,1.980064772303829,1.7846315835421727,0.5,1.2851223945617676,1.7876442670822144,0.43386656045913696,1.299053070481971,1.8000627145062236,0.5
11.79,TRACK,1.3111271858215332,0.9977051615715027,0.4124416410923004,1.3063066813662556,1.0090490810926462,0.5,2.1825215816497803,0.9027038216590881,0.46062782406806946,2.15615792318068,0.9190122595889416,0.5,1.9889963865280151,1.797864556312561,0.4616144597530365,1.98018263098119,1.7851123793798487,0.5,1.2851223945617676,1.7876442670822144,0.43386656045913696,1.300224055377488,1.8005160518736159,0.5
11.81,TRACK,1.3111271858215332,0.9977051615715027,0.4124416410923004,1.3074538044640605,1.0106751887053453,0.5,2.1825215816497803,0.9027038216590881,0.46062782406806946,2.1560457224085234,0.9207859854505653,0.5,1.9889963865280151,1.797864556312561,0.4616144597530365,1.980299905390545,1.7855923808014527,0.5,1.2932003736495972,1.7902077436447144,0.4343325197696686,1.3013896959187432,1.8009685303475198,0.5
11.83,TRACK,1.3111271858215332,0.9977051615715027,0.4124416410923004,1.3085919331574163,1.0122988757586697,0.5,2.1825215816497803,0.9027038216590881,0.46062782406806946,2.155932977820193,0.9225569072678785,0.5,1.994913935661316,1.7995777130126953,0.4623670279979706,1.980416602129212,1.7860715887339238,0.5,1.2932003736495972,1.7902077436447144,0.4343325197696686,1.3025462458313377,1.8014201525364326,0.5
11.85,TRACK,1.3111271858215332,0.9977051615715027,0.4124416410923004,1.3097211665037691,1.0139201453748667,0.5,2.1825215816497803,0.9027038216590881,0.46062782406806946,2.1558196998840504,0.9243250303602495,0.5,1.994913935661316,1.7995777130126953,0.4623670279979706,1.9805327277014153,1.7865500041037434,0.5,1.2932003736495972,1.7902077436447144,0.4343325197696686,1.3036938056073468,1.801870921010253,0.5
11.871,TRACK,1.3111271858215332,0.9977051615715027,0.4124416410923004,1.3108416020807458,1.0155390006764484,0.5,2.1825215816497803,0.9027038216590881,0.46062782406806946,2.1557058989085096,0.92609036002475,0.5,1.994913935661316,1.7995777130126953,0.4623670279979706,1.9806482885195413,1.787027627837052,0.5,1.2932003736495972,1.7902077436447144,0.4343325197696686,1.304832474232525,1.8023208383213105,0.5
11.89,TRACK,1.3155303001403809,1.0123417377471924,0.41078445315361023,1.3119533360137587,1.0171554447856892,0.5,2.180119037628174,0.9098716378211975,0.46006470918655396,2.155591585044434,0.9278529015365073,0.5,1.994913935661316,1.7995777130126953,0.4623670279979706,1.9807632909053772,1.7875044608597668,0.5,1.2932003736495972,1.7902077436447144,0.4343325197696686,1.3059623492134607,1.8027699070022216,0.5
11.91,TRACK,1.3155303001403809,1.0123417377471924,0.41078445315361023,1.3130564630030495,1.018769480824149,0.5,2.180119037628174,0.9098716378211975,0.46006470918655396,2.155476768287511,0.9296126601490131,0.5,1.994913935661316,1.7995777130126953,0.4623670279979706,1.9808777410913312,1.7879805040976982,0.5,1.29922616481781,1.7908614873886108,0.43289199471473694,1.3070835266048204,1.8032181295658856,0.5
11.93,TRACK,1.3155303001403809,1.0123417377471924,0.41078445315361023,1.314151076350187,1.020381111912266,0.5,2.180119037628174,0.9098716378211975,0.46006470918655396,2.1553614584806065,0.9313696410943931,0.5,1.9975253343582153,1.797914981842041,0.4629846513271332,1.9809916452216405,1.7884557584766647,0.5,1.29922616481781,1.7908614873886108,0.43289199471473694,1.3081961010361034,1.8036655085056994,0.5
11.951,TRACK,1.3155303001403809,1.0123417377471924,0.41078445315361023,1.315237267984017,1.0219903411690103,0.5,2.180119037628174,0.9098716378211975,0.46006470918655396,2.155245665316093,0.9331238495836455,0.5,1.9975253343582153,1.797914981842041,0.4629846513271332,1.981105009353567,1.7889302249226011,0.5,1.29922616481781,1.7908614873886108,0.43289199471473694,1.3093001657378542,1.8041120462957916,0.5
11.97,TRACK,1.3155303001403809,1.0123417377471924,0.41078445315361023,1.3163151284860661,1.0235971717115866,0.5,2.180119037628174,0.9098716378211975,0.46006470918655396,2.1551293983381528,0.9348752908068524,0.5,1.9975253343582153,1.797914981842041,0.4629846513271332,1.9812178394585807,1.789403904361663,0.5,1.29922616481781,1.7908614873886108,0.43289199471473694,1.310395812567338,1.8045577453912562,0.5
11.989,TRACK,1.3196200132369995,1.0250039100646973,0.41038960218429565,1.3173847471154014,1.0252016066551772,0.5,2.177138566970825,0.9181737899780273,0.46297356486320496,2.1550126669450456,0.93662396993337,0.5,1.9975253343582153,1.797914981842041,0.4629846513271332,1.9813301414235358,1.7898767977203243,0.5,1.29922616481781,1.7908614873886108,0.43289199471473694,1.3114831320336864,1.8050026082283834,0.5
12.01,TRACK,1.3196200132369995,1.0250039100646973,0.41038960218429565,1.318446211832955,1.0268036491127204,0.5,2.177138566970825,0.9181737899780273,0.46297356486320496,2.154895480391346,0.9383698921119995,0.5,1.9975253343582153,1.797914981842041,0.4629846513271332,1.981441921051836,1.7903489059254678,0.5,1.3065228462219238,1.7942250967025757,0.4326133131980896,1.3125622133225239,1.8054466372248854,0.5
12.03,TRACK,1.3196200132369995,1.0250039100646973,0.41038960218429565,1.319499609325322,1.0284033021947152,0.5,2.177138566970825,0.9181737899780273,0.46297356486320496,2.1547778477901516,0.9401130624711436,0.5,2.000591278076172,1.7943038940429688,0.46299517154693604,1.9815531840645901,1.7908202299044693,0.5,1.3065228462219238,1.7942250967025757,0.4326133131980896,1.3136331443200875,1.805889834780122,0.5
12.05,TRACK,1.3196200132369995,1.0250039100646973,0.41038960218429565,1.3205450250280435,1.0300005690090515,0.5,2.177138566970825,0.9181737899780273,0.46297356486320496,2.1546597781152514,0.9418534861189501,0.5,2.000591278076172,1.7943038940429688,0.46299517154693604,1.9816639361017618,1.7912907705852732,0.5,1.3065228462219238,1.7942250967025757,0.4326133131980896,1.3146960116368454,1.8063322032753208,0.5
12.069,TRACK,1.3196200132369995,1.0250039100646973,0.41038960218429565,1.321582543148383,1.0315954526608604,0.5,2.177138566970825,0.9181737899780273,0.46297356486320496,2.1545412802032646,0.9435911681434461,0.5,2.000591278076172,1.7943038940429688,0.46299517154693604,1.9817741827233075,1.7917605288964618,0.5,1.3065228462219238,1.7942250967025757,0.4326133131980896,1.3157509006306292,1.806773745073797,0.5
12.09,TRACK,1.3237825632095337,1.0386931896209717,0.41051870584487915,1.32261224668761,1.0331879562523845,0.5,2.177065134048462,0.9271135330200195,0.46257269382476807,2.154422362755743,0.9453261136126632,0.5,2.000591278076172,1.7943038940429688,0.46299517154693604,1.9818839294103066,1.7922295057673163,0.5,1.3065228462219238,1.7942250967025757,0.4326133131980896,1.3167978954292852,1.8072144625211688,0.5
12.11,TRACK,1.3237825632095337,1.0386931896209717,0.41051870584487915,1.3236342174628013,1.0347780828828614,0.5,2.177065134048462,0.9271135330200195,0.46257269382476807,2.1543030343412433,0.9470583275747566,0.5,2.000591278076172,1.7943038940429688,0.46299517154693604,1.981993181566082,1.7926977021278725,0.5,1.3146766424179077,1.7977616786956787,0.4328637421131134,1.3178370789528588,1.8076543579455715,0.5
12.13,TRACK,1.3237825632095337,1.0386931896209717,0.41051870584487915,1.3246485361281712,1.036365835648425,0.5,2.177065134048462,0.9271135330200195,0.46257269382476807,2.1541833033973616,0.9487878150581195,0.5,2.001688003540039,1.790511131286621,0.46460846066474915,1.9821019445173127,1.7931651189089668,0.5,1.3146766424179077,1.7977616786956787,0.4328637421131134,1.3188685329353194,1.8080934336578682,0.5
12.151,TRACK,1.3237825632095337,1.0386931896209717,0.41051870584487915,1.3256552821959457,1.037951217642017,0.5,2.177065134048462,0.9271135330200195,0.46257269382476807,2.1540631782327377,0.9505145810714927,0.5,2.001688003540039,1.790511131286621,0.46460846066474915,1.982210223515133,1.7936317570422775,0.5,1.3146766424179077,1.7977616786956787,0.4328637421131134,1.319892337945835,1.808531691951859,0.5
12.17,TRACK,1.3237825632095337,1.0386931896209717,0.41051870584487915,1.326654534056786,1.0395342319533094,0.5,2.177065134048462,0.9271135330200195,0.46257269382476807,2.153942667029026,0.9522386306040723,0.5,2.001688003540039,1.790511131286621,0.46460846066474915,1.9823180237362263,1.79409761746036,0.5,1.3146766424179077,1.7977616786956787,0.4328637421131134,1.3209085734096087,1.8089691351044865,0.5
12.19,TRACK,1.3237825632095337,1.0386931896209717,0.41051870584487915,1.3276463689997777,1.0411148816686417,0.5,2.1771793365478516,0.9362230896949768,0.4607143700122833,2.153821777842835,0.9539599686256157,0.5,2.001688003540039,1.790511131286621,0.46460846066474915,1.9824253502839038,1.7945627010966743,0.5,1.3146766424179077,1.7977616786956787,0.4328637421131134,1.321917317628284,1.8094057653760405,0.5
12.21,TRACK,1.3287609815597534,1.0510635375976562,0.40971609950065613,1.3286308632319956,1.0426931698709627,0.5,2.1771793365478516,0.9362230896949768,0.4607143700122833,2.153700518607633,0.9556786000865453,0.5,2.001688003540039,1.790511131286621,0.46460846066474915,1.982532208189176,1.7950270088856086,0.5,1.3195604085922241,1.8056145906448364,0.4339190423488617,1.3229186477999288,1.8098415850103577,0.5
12.23,TRACK,1.3287609815597534,1.0510635375976562,0.40971609950065613,1.3296080918976525,1.0442690996397848,0.5,2.1771793365478516,0.9362230896949768,0.4607143700122833,2.1535788971356267,0.9573945299180531,0.5,2.0003533363342285,1.7883116006851196,0.4645903706550598,1.982638602411812,1.7954905417624971,0.5,1.3195604085922241,1.8056145906448364,0.4339190423488617,1.3239126400386088,1.8102765962350231,0.5
12.25,TRACK,1.3287609815597534,1.0510635375976562,0.40971609950065613,1.3305781290968433,1.0458426740511426,0.5,2.1771793365478516,0.9362230896949768,0.4607143700122833,2.153456921119604,0.9591077630322048,0.5,2.0003533363342285,1.7883116006851196,0.4645903706550598,1.982744537841385,1.7959533006636317,0.5,1.3195604085922241,1.8056145906448364,0.4339190423488617,1.324899369393556,1.8107108012615647,0.5
12.27,TRACK,1.3287609815597534,1.0510635375976562,0.40971609950065613,1.3315410479038976,1.0474138961775632,0.5,2.1771793365478516,0.9362230896949768,0.4607143700122833,2.153334598134752,0.9608183043220446,0.5,2.0003533363342285,1.7883116006851196,0.4645903706550598,1.9828500192983105,1.7964152865262706,0.5,1.3195604085922241,1.8056145906448364,0.4339190423488617,1.3258789098679442,1.8111442022856479,0.5
12.29,TRACK,1.3345757722854614,1.0602483749389648,0.4098334312438965,1.3324969203853454,1.0489827690880391,0.5,2.179978370666504,0.9474400877952576,0.45797139406204224,2.1532119356404427,0.9625261586617009,0.5,2.0003533363342285,1.7883116006851196,0.4645903706550598,1.9829550515348686,1.796876500288643,0.5,1.3195604085922241,1.8056145906448364,0.4339190423488617,1.326851334437278,1.8115768014872677,0.5
12.31,TRACK,1.3345757722854614,1.0602483749389648,0.4098334312438965,1.3334458176175092,1.0505492958480092,0.5,2.179978370666504,0.9474400877952576,0.45797139406204224,2.15308894098199,0.9642313309064932,0.5,2.0003533363342285,1.7883116006851196,0.4645903706550598,1.983059639236217,1.7973369428899488,0.5,1.32575523853302,1.8135796785354614,0.4327375292778015,1.327816715067407,1.812008601030937,0.5
12.33,TRACK,1.3345757722854614,1.0602483749389648,0.4098334312438965,1.3343878097037303,1.0521134795193452,0.5,2.179978370666504,0.9474400877952576,0.45797139406204224,2.1529656213923802,0.9659338258930408,0.5,1.9978699684143066,1.7883105278015137,0.4642010033130646,1.983163787021389,1.7977966152703548,0.5,1.32575523853302,1.8135796785354614,0.4327375292778015,1.3287751227321667,1.812439603065875,0.5
12.35,TRACK,1.3345757722854614,1.0602483749389648,0.4098334312438965,1.335322965791237,1.0536753231603422,0.5,2.179978370666504,0.9474400877952576,0.45797139406204224,2.152841983993973,0.9676336484393729,0.5,1.9978699684143066,1.7883105278015137,0.4642010033130646,1.9832674994442814,1.7982555183709894,0.5,1.32575523853302,1.8135796785354614,0.4327375292778015,1.3297266274306636,1.8128698097261888,0.5
12.371,TRACK,1.3345757722854614,1.0602483749389648,0.4098334312438965,1.3362513540876673,1.0552348298257155,0.5,2.179978370666504,0.9474400877952576,0.45797139406204224,2.152718035800175,0.9693308033450407,0.5,1.9978699684143066,1.7883105278015137,0.4642010033130646,1.9833707809946282,1.798713653133933,0.5,1.32575523853302,1.8135796785354614,0.4327375292778015,1.330671298204204,1.8132992231310583,0.5
12.39,TRACK,1.3425862789154053,1.0670644044876099,0.41437774896621704,1.3371730418772478,1.0567920025665998,0.5,2.1811861991882324,0.9584676027297974,0.4569087624549866,2.1525937837170903,0.9710252953912312,0.5,1.9978699684143066,1.7883105278015137,0.4642010033130646,1.9834736360989615,1.7991710205022065,0.5,1.32575523853302,1.8135796785354614,0.4327375292778015,1.331609203152879,1.8137278453849133,0.5
12.41,TRACK,1.3425862789154053,1.0670644044876099,0.41437774896621704,1.3380880955366456,1.0583468444305524,0.5,2.1811861991882324,0.9584676027297974,0.4569087624549866,2.1524692345451384,0.9727171293408832,0.5,1.9978699684143066,1.7883105278015137,0.4642010033130646,1.9835760691215605,1.7996276214197577,0.5,1.3313745260238647,1.8220142126083374,0.43295788764953613,1.3325404094518127,1.8141556785776114,0.5
12.43,TRACK,1.3425862789154053,1.0670644044876099,0.41437774896621704,1.3389965805504929,1.0598993584615617,0.5,2.1811861991882324,0.9584676027297974,0.4569087624549866,2.1523443949806533,0.9744063099388051,0.5,1.9978699684143066,1.7883105278015137,0.4642010033130646,1.9836780843653854,1.8000834568314463,0.5,1.3313745260238647,1.8220142126083374,0.43295788764953613,1.3334649833670793,1.8145827247846125,0.5
12.45,TRACK,1.3425862789154053,1.0670644044876099,0.41437774896621704,1.3398985615265964,1.0614495477000563,0.5,2.1811861991882324,0.9584676027297974,0.4569087624549866,2.152219271617453,0.9760928419117947,0.5,1.9950382709503174,1.78847336769104,0.462734192609787,1.983779686073001,1.8005385276830248,0.5,1.3313745260238647,1.8220142126083374,0.43295788764953613,1.3343829902712985,1.8150089860671499,0.5
12.47,TRACK,1.3425862789154053,1.0670644044876099,0.41437774896621704,1.3407941022108392,1.062997415182918,0.5,2.1811861991882324,0.9584676027297974,0.4569087624549866,2.152093870948386,0.9777767299687613,0.5,1.9950382709503174,1.78847336769104,0.462734192609787,1.9838808784274846,1.800992834921122,0.5,1.3313745260238647,1.8220142126083374,0.43295788764953613,1.3352944946589154,1.8154344644724012,0.5
12.49,TRACK,1.3425862789154053,1.0670644044876099,0.41437774896621704,1.3416832655017794,1.0645429639434976,0.5,2.1811861991882324,0.9584676027297974,0.4569087624549866,2.1519681993668534,0.9794579788008493,0.5,1.9950382709503174,1.78847336769104,0.462734192609787,1.983981665553322,1.8014463794932223,0.5,1.3313745260238647,1.8220142126083374,0.43295788764953613,1.3361995601611714,1.8158591620336544,0.5
12.51,TRACK,1.350374698638916,1.0738822221755981,0.41646072268486023,1.3425661134649558,1.0660861970116315,0.5,2.1799869537353516,0.9684216380119324,0.4580135643482208,2.151842263168306,0.981136593081563,0.5,1.9950382709503174,1.78847336769104,0.462734192609787,1.9840820515172906,1.801899162347645,0.5,1.334254503250122,1.8256019353866577,0.43125972151756287,1.3370982495607746,1.816283080770473,0.5
12.53,TRACK,1.350374698638916,1.0738822221755981,0.41646072268486023,1.3434427073469049,1.0676271174136625,0.5,2.1799869537353516,0.9684216380119324,0.4580135643482208,2.1517160685517225,0.9828125774668945,0.5,1.99293851852417,1.7888659238815308,0.46098294854164124,1.9841820403293287,1.8023511844335234,0.5,1.334254503250122,1.8256019353866577,0.43125972151756287,1.3379906248062738,1.8167062226888588,0.5
12.55,TRACK,1.350374698638916,1.0738822221755981,0.41646072268486023,1.3443131075888977,1.069165728172459,0.5,2.1799869537353516,0.9684216380119324,0.4580135643482208,2.1515896216210573,0.9844859365954526,0.5,1.99293851852417,1.7888659238815308,0.46098294854164124,1.9842816359433915,1.8028024467007822,0.5,1.334254503250122,1.8256019353866577,0.43125972151756287,1.3388767470261458,1.8171285897814116,0.5
12.57,TRACK,1.350374698638916,1.0738822221755981,0.41646072268486023,1.3451773738404023,1.0707020323074385,0.5,2.1799869537353516,0.9684216380119324,0.4580135643482208,2.1514629283866733,0.9861566750885922,0.5,1.99293851852417,1.7888659238815308,0.46098294854164124,1.9843808422582951,1.8032529501001155,0.5,1.334254503250122,1.8256019353866577,0.43125972151756287,1.3397566765425997,1.8175501840274861,0.5
12.59,TRACK,1.350374698638916,1.0738822221755981,0.41646072268486023,1.346035564972277,1.072236032834591,0.5,2.1799869537353516,0.9684216380119324,0.4580135643482208,2.151335994766748,0.9878247975505468,0.5,1.99293851852417,1.7888659238815308,0.46098294854164124,1.9844796631185477,1.8037026955829643,0.5,1.334254503250122,1.8256019353866577,0.43125972151756287,1.3406304728851057,1.8179710073933493,0.5
12.609,TRACK,1.3574416637420654,1.0795971155166626,0.41722846031188965,1.3468877390897023,1.073767732766504,0.5,2.178360939025879,0.9775599837303162,0.4601145088672638,2.1512088265886606,0.9894903085685608,0.5,1.99293851852417,1.7888659238815308,0.46098294854164124,1.984578102315166,1.8041516841014933,0.5,1.3385491371154785,1.829621434211731,0.43107175827026367,1.3414981948036555,1.8183910618323313,0.5
12.631,TRACK,1.3574416637420654,1.0795971155166626,0.41722846031188965,1.3477339535448563,1.075297135112388,0.5,2.178360939025879,0.9775599837303162,0.4601145088672638,2.1510814295903553,0.9911532127130241,0.5,1.9936965703964233,1.783890724182129,0.4604719579219818,1.984676163586481,1.8045999166085682,0.5,1.3385491371154785,1.829621434211731,0.43107175827026367,1.3423599002817568,1.818810349284978,0.5
12.65,TRACK,1.3574416637420654,1.0795971155166626,0.41722846031188965,1.348574264949341,1.076824242878101,0.5,2.178360939025879,0.9775599837303162,0.4601145088672638,2.1509538094216856,0.9928135145376067,0.5,1.9936965703964233,1.783890724182129,0.4604719579219818,1.9847738506189296,1.8050473940577338,0.5,1.3385491371154785,1.829621434211731,0.43107175827026367,1.343215646549173,1.8192288716791993,0.5
12.669,TRACK,1.3574416637420654,1.0795971155166626,0.41722846031188965,1.349408729186362,1.0783490590661782,0.5,2.178360939025879,0.9775599837303162,0.4601145088672638,2.150825971645738,0.9944712185793946,0.5,1.9936965703964233,1.783890724182129,0.4604719579219818,1.9848711670478358,1.8054941174031907,0.5,1.3385491371154785,1.829621434211731,0.43107175827026367,1.3440654900944078,1.8196466309304151,0.5
12.69,TRACK,1.363568663597107,1.0858136415481567,0.4168670177459717,1.35023740142267,1.0798715866758566,0.5,2.176323652267456,0.9875956773757935,0.4636526107788086,2.150697921740133,0.9961263293590262,0.5,1.9936965703964233,1.783890724182129,0.4604719579219818,1.9849681164581767,1.8059400875997729,0.5,1.3385491371154785,1.829621434211731,0.43107175827026367,1.3449094866769473,1.8200636289417,0.5
12.71,TRACK,1.363568663597107,1.0858136415481567,0.4168670177459717,1.351060336120269,1.081391828703104,0.5,2.176323652267456,0.9875956773757935,0.4636526107788086,2.1505696650983115,0.9977788513808301,0.5,1.9936965703964233,1.783890724182129,0.4604719579219818,1.9850647023853392,1.8063853056029275,0.5,1.341923475265503,1.8299256563186646,0.4296920597553253,1.3457476913392574,1.820479867603926,0.5
12.73,TRACK,1.363568663597107,1.0858136415481567,0.4168670177459717,1.351877587047896,1.0829097881406455,0.5,2.176323652267456,0.9875956773757935,0.4636526107788086,2.150441207030796,0.9994287891329621,0.5,1.9936965703964233,1.783890724182129,0.4604719579219818,1.9851609283158613,1.8068297723686917,0.5,1.341923475265503,1.8299256563186646,0.4296920597553253,1.3465801584185475,1.8208953487959023,0.5
12.75,TRACK,1.363568663597107,1.0858136415481567,0.4168670177459717,1.3526892072922747,1.0844254679779923,0.5,2.176323652267456,0.9875956773757935,0.4636526107788086,2.1503125527664353,1.0010761470875431,0.5,1.9917341470718384,1.7846895456314087,0.4625581204891205,1.9852567976881654,1.8072734888536723,0.5,1.341923475265503,1.8299256563186646,0.4296920597553253,1.3474069415583039,1.821310074384514,0.5
12.77,TRACK,1.363568663597107,1.0858136415481567,0.4168670177459717,1.3534952492691543,1.0859388712014681,0.5,2.176323652267456,0.9875956773757935,0.4636526107788086,2.1501837074536305,1.0027209297007977,0.5,1.9917341470718384,1.7846895456314087,0.4625581204891205,1.9853523138932767,1.8077164560150258,0.5,1.341923475265503,1.8299256563186646,0.4296920597553253,1.348228093719597,1.8217240462248578,0.5
12.79,TRACK,1.3668181896209717,1.0914645195007324,0.41620534658432007,1.3542957647341327,1.0874500007942378,0.5,2.1745994091033936,0.9975541830062866,0.4627501368522644,2.1500546761615427,1.0043631414131926,0.5,1.9917341470718384,1.7846895456314087,0.4625581204891205,1.985447480275531,1.8081586748104381,0.5,1.341923475265503,1.8299256563186646,0.4296920597553253,1.349043667192169,1.8221372661603765,0.5
12.811,TRACK,1.3668181896209717,1.0914645195007324,0.41620534658432007,1.3550908047932704,1.088958859736334,0.5,2.1745994091033936,0.9975541830062866,0.4627501368522644,2.14992546388128,1.0060027866495738,0.5,1.9917341470718384,1.7846895456314087,0.4625581204891205,1.9855423001332724,1.8086001461981052,0.5,1.341923475265503,1.8299256563186646,0.4296920597553253,1.3498537136053066,1.8225497360229919,0.5
12.83,TRACK,1.3668181896209717,1.0914645195007324,0.41620534658432007,1.3558804199135008,1.0904654510046843,0.5,2.1745994091033936,0.9975541830062866,0.4627501368522644,2.14979607552707,1.0076398698193054,0.5,1.99148428440094,1.7852815389633179,0.4617103934288025,1.9856367767195364,1.8090408711367139,0.5,1.347646951675415,1.829295039176941,0.42970871925354004,1.3506582839385008,1.8229614576332347,0.5
12.85,TRACK,1.3668181896209717,1.0914645195007324,0.41620534658432007,1.3566646599328411,1.0919697775731385,0.5,2.1745994091033936,0.9975541830062866,0.4627501368522644,2.1496665159374113,1.0092743953164078,0.5,1.99148428440094,1.7852815389633179,0.4617103934288025,1.9857309132427265,1.8094808505854247,0.5,1.347646951675415,1.829295039176941,0.42970871925354004,1.3514574285319034,1.8233724328003738,0.5
12.87,TRACK,1.3668181896209717,1.0914645195007324,0.41620534658432007,1.3574435740704063,1.0934718424124947,0.5,2.1745994091033936,0.9975541830062866,0.4627501368522644,2.1495367898762106,1.0109063675196943,0.5,1.99148428440094,1.7852815389633179,0.4617103934288025,1.9858247128672757,1.8099200855038542,0.5,1.347646951675415,1.829295039176941,0.42970871925354004,1.3522511970965798,1.8237826633225427,0.5
12.89,TRACK,1.3685154914855957,1.0971211194992065,0.41358163952827454,1.3582172109362332,1.0949716484905256,0.5,2.1726627349853516,1.0042829513549805,0.4595447778701782,2.1494069020339013,1.0125357907929085,0.5,1.99148428440094,1.7852815389633179,0.4617103934288025,1.9859181787142997,1.8103585768520574,0.5,1.347646951675415,1.829295039176941,0.42970871925354004,1.3530396387245658,1.8241921509868648,0.5
12.91,TRACK,1.3685154914855957,1.0971211194992065,0.41358163952827454,1.3589856185409173,1.0964691987720037,0.5,2.1726627349853516,1.0042829513549805,0.4595447778701782,2.149276857028544,1.0141626694848611,0.5,1.99148428440094,1.7852815389633179,0.4617103934288025,1.9860113138622384,1.8107963255905115,0.5,1.3535054922103882,1.8277947902679443,0.431102991104126,1.3538228018987313,1.824600897569578,0.5
12.929,TRACK,1.3685154914855957,1.0971211194992065,0.41358163952827454,1.359748844305066,1.0979644962187265,0.5,2.1726627349853516,1.0042829513549805,0.4595447778701782,2.1491466594069126,1.0157870079295654,0.5,1.9885728359222412,1.7886182069778442,0.4613042175769806,1.986104121347489,1.811233332680101,0.5,1.3535054922103882,1.8277947902679443,0.431102991104126,1.3546007345024553,1.8250089048361549,0.5
12.951,TRACK,1.3685154914855957,1.0971211194992065,0.41358163952827454,1.360506935068573,1.0994575437895417,0.5,2.1726627349853516,1.0042829513549805,0.4595447778701782,2.149016313645563,1.0174088104463728,0.5,1.9885728359222412,1.7886182069778442,0.4613042175769806,1.9861966041650254,1.8116695990821017,0.5,1.3535054922103882,1.8277947902679443,0.431102991104126,1.3553734838291167,1.825416174541424,0.5
12.97,TRACK,1.3685154914855957,1.0971211194992065,0.41358163952827454,1.3612599370997185,1.1009483444403712,0.5,2.1726627349853516,1.0042829513549805,0.4595447778701782,2.1488858241518862,1.0190280813401071,0.5,1.9885728359222412,1.7886182069778442,0.4613042175769806,1.9862887652690109,1.8121051257581673,0.5,1.3535054922103882,1.8277947902679443,0.431102991104126,1.356141096591404,1.825822708429688,0.5
12.99,TRACK,1.3698790073394775,1.1031577587127686,0.4140690863132477,1.362007896104097,1.1024369011242336,0.5,2.1711506843566895,1.011793613433838,0.4583487808704376,2.148755195265145,1.020644824901198,0.5,1.9885728359222412,1.7886182069778442,0.4613042175769806,1.9863806075733994,1.8125399136703144,0.5,1.3535054922103882,1.8277947902679443,0.431102991104126,1.3569036189304495,1.826228508234841,0.5
13.009,TRACK,1.3698790073394775,1.1031577587127686,0.4140690863132477,1.3627508572333775,1.103923216791269,0.5,2.1711506843566895,1.011793613433838,0.4583487808704376,2.1486244312574945,1.0222590454058136,0.5,1.9885728359222412,1.7886182069778442,0.4613042175769806,1.9864721339525273,1.81297396378091,0.5,1.35860276222229,1.8257875442504883,0.43264731764793396,1.3576610964247893,1.826633575680484,0.5
13.03,TRACK,1.3698790073394775,1.1031577587127686,0.4140690863132477,1.3634888650939017,1.1054072943887596,0.5,2.1711506843566895,1.011793613433838,0.4583487808704376,2.14849353633499,1.023870747115993,0.5,1.9873570203781128,1.791483998298645,0.4592401087284088,1.9865633472416961,1.8134072770526581,0.5,1.35860276222229,1.8257875442504883,0.43264731764793396,1.3584135740991559,1.8270379124800376,0.5
13.051,TRACK,1.3698790073394775,1.1031577587127686,0.4140690863132477,1.3642219637551174,1.1068891368611533,0.5,2.1711506843566895,1.011793613433838,0.4583487808704376,2.148362514638577,1.0254799342797756,0.5,1.9873570203781128,1.791483998298645,0.4592401087284088,1.9866542502377451,1.8138398544485876,0.5,1.35860276222229,1.8257875442504883,0.43264731764793396,1.3591610964331047,1.827441520336857,0.5
13.07,TRACK,1.3698790073394775,1.1031577587127686,0.4140690863132477,1.36495019675786,1.1083687471500843,0.5,2.1711506843566895,1.011793613433838,0.4583487808704376,2.148231370245067,1.027086611131333,0.5,1.9873570203781128,1.791483998298645,0.4592401087284088,1.9867448456996153,1.8142716969320405,0.5,1.35860276222229,1.8257875442504883,0.43264731764793396,1.3599037073694784,1.827844400944341,0.5
13.09,TRACK,1.3728429079055786,1.110564947128296,0.4145883321762085,1.3656736071224758,1.109846128194393,0.5,2.1703245639801025,1.0234488248825073,0.46135273575782776,2.148100107168099,1.0286907818910953,0.5,1.9873570203781128,1.791483998298645,0.4592401087284088,1.9868351363489047,1.8147028054666607,0.5,1.35860276222229,1.8257875442504883,0.43264731764793396,1.3606414503227142,1.8282465559860426,0.5
13.11,TRACK,1.3728429079055786,1.110564947128296,0.4145883321762085,1.3663922373567985,1.1113212829301475,0.5,2.1703245639801025,1.0234488248825073,0.46135273575782776,2.147968729359087,1.0302924507658797,0.5,1.9873570203781128,1.791483998298645,0.4592401087284088,1.9869251248704143,1.8151331810163835,0.5,1.35860276222229,1.8257875442504883,0.43264731764793396,1.3613743681869945,1.8286479871357768,0.5
13.13,TRACK,1.3728429079055786,1.110564947128296,0.4145883321762085,1.3671061294639753,1.1127942142906626,0.5,2.1703245639801025,1.0234488248825073,0.46135273575782776,2.1478372407081525,1.0318916219490166,0.5,1.9873570203781128,1.791483998298645,0.4592401087284088,1.9870148139126858,1.8155628245454243,0.5,1.364915132522583,1.826494574546814,0.4351930618286133,1.362102503344248,1.8290486960577281,0.5
13.15,TRACK,1.3728429079055786,1.110564947128296,0.4145883321762085,1.367815324950151,1.1142649252065182,0.5,2.1703245639801025,1.0234488248825073,0.46135273575782776,2.1477056450450442,1.0334882996204748,0.5,1.9873570203781128,1.791483998298645,0.4592401087284088,1.9871042060885293,1.8159917370182694,0.5,1.364915132522583,1.826494574546814,0.4351930618286133,1.3628258976720011,1.8294486844065554,0.5
13.17,TRACK,1.3728429079055786,1.110564947128296,0.4145883321762085,1.3685198648320107,1.1157334186055783,0.5,2.1703245639801025,1.0234488248825073,0.46135273575782776,2.1475739461400414,1.0350824879469853,0.5,1.9857187271118164,1.7946120500564575,0.45863083004951477,1.987193303975546,1.8164199193996666,0.5,1.364915132522583,1.826494574546814,0.4351930618286133,1.3635445925510847,1.8298479538274965,0.5
13.19,TRACK,1.377925157546997,1.1167712211608887,0.41323310136795044,1.3692197896441836,1.1171996974130092,0.5,2.1694328784942627,1.03566575050354,0.4649897813796997,2.1474421477048464,1.0366741910821637,0.5,1.9857187271118164,1.7946120500564575,0.45863083004951477,1.9872821101166387,1.8168473726546146,0.5,1.364915132522583,1.826494574546814,0.4351930618286133,1.3642586288731984,1.8302465059564716,0.5
13.209,TRACK,1.377925157546997,1.1167712211608887,0.41323310136795044,1.3699151394465119,1.1186637645512958,0.5,2.1694328784942627,1.03566575050354,0.4649897813796997,2.1473102533934636,1.0382634131666315,0.5,1.9857187271118164,1.7946120500564575,0.45863083004951477,1.9873706270205167,1.8172740977483555,0.5,1.3786293268203735,1.8267897367477417,0.4333343803882599,1.3649680470483365,1.8306443424201841,0.5
13.23,TRACK,1.377925157546997,1.1167712211608887,0.41323310136795044,1.3706059538311883,1.1201256229402592,0.5,2.1694328784942627,1.03566575050354,0.4649897813796997,2.1471782668030626,1.0398501583281365,0.5,1.9858181476593018,1.7984929084777832,0.4616449177265167,1.9874588571621932,1.8177000956463654,0.5,1.3786293268203735,1.8267897367477417,0.4333343803882599,1.3656728870120773,1.8310414648362212,0.5
13.25,TRACK,1.377925157546997,1.1167712211608887,0.41323310136795044,1.3712922719297624,1.1215852754970719,0.5,2.1694328784942627,1.03566575050354,0.4649897813796997,2.147046191474831,1.0414344306816714,0.5,1.9858181476593018,1.7984929084777832,0.4616449177265167,1.9875468029834724,1.8181253673143467,0.5,1.3786293268203735,1.8267897367477417,0.4333343803882599,1.3663731882327403,1.8314378748131543,0.5
13.27,TRACK,1.377925157546997,1.1167712211608887,0.41323310136795044,1.3719741324200216,1.1230427251362742,0.5,2.1694328784942627,1.03566575050354,0.4649897813796997,2.1469140308948145,1.043016234329591,0.5,1.9858181476593018,1.7984929084777832,0.4616449177265167,1.987634466893432,1.8185499137182193,0.5,1.3786293268203735,1.8267897367477417,0.4333343803882599,1.3670689897184105,1.8318335739506357,0.5
13.29,TRACK,1.3864107131958008,1.1249960660934448,0.41058993339538574,1.3726515735327467,1.1244979747697892,0.5,2.167555093765259,1.0446617603302002,0.4642743170261383,2.1467817884947413,1.0445955733617285,0.5,1.9858181476593018,1.7984929084777832,0.4616449177265167,1.987721851268896,1.8189737358241136,0.5,1.3786293268203735,1.8267897367477417,0.4333343803882599,1.3677603300238377,1.8322285638394964,0.5
13.309,TRACK,1.3864107131958008,1.1249960660934448,0.41058993339538574,1.3733246330583464,1.1259510273069369,0.5,2.167555093765259,1.0446617603302002,0.4642743170261383,2.1466494676528396,1.0461724518555098,0.5,1.9858181476593018,1.7984929084777832,0.4616449177265167,1.987808958454901,1.8193968345983627,0.5,1.3859164714813232,1.8305388689041138,0.4314287006855011,1.3684472472572098,1.832622846061841,0.5
13.33,TRACK,1.3864107131958008,1.1249960660934448,0.41058993339538574,1.3739933483533733,1.1274018856544488,0.5,2.167555093765259,1.0446617603302002,0.4642743170261383,2.1465170716946362,1.047746873876068,0.5,1.9854052066802979,1.799012541770935,0.4619343876838684,1.9878957907651562,1.8198192110074944,0.5,1.3859164714813232,1.8305388689041138,0.4314287006855011,1.369129779086803,1.833016422191143,0.5
13.35,TRACK,1.3864107131958008,1.1249960660934448,0.41058993339538574,1.374657756346922,1.128850552716481,0.5,2.167555093765259,1.0446617603302002,0.4642743170261383,2.1463846038937495,1.0493188434763543,0.5,1.9854052066802979,1.799012541770935,0.4619343876838684,1.9879823504824943,1.8202408660182252,0.5,1.3859164714813232,1.8305388689041138,0.4314287006855011,1.3698079627475137,1.8334092937923374,0.5
13.37,TRACK,1.3864107131958008,1.1249960660934448,0.41058993339538574,1.375317893546914,1.1302970313946272,0.5,2.167555093765259,1.0446617603302002,0.4642743170261383,2.1462520674726653,1.0508883646972493,0.5,1.9854052066802979,1.799012541770935,0.4619343876838684,1.9880686398593168,1.8206618005974522,0.5,1.3859164714813232,1.8305388689041138,0.4314287006855011,1.3704818350472718,1.8338014624219146,0.5
13.389,TRACK,1.3959420919418335,1.1317182779312134,0.41051632165908813,1.37597379604627,1.1317413245879326,0.5,2.1653265953063965,1.0539747476577759,0.4670259952545166,2.1461194656035043,1.0524554415676723,0.5,1.9854052066802979,1.799012541770935,0.4619343876838684,1.9881546611180327,1.821082015712247,0.5,1.3859164714813232,1.8305388689041138,0.4314287006855011,1.37115143237334,1.8341929296280093,0.5
13.409,TRACK,1.3959420919418335,1.1317182779312134,0.41051632165908813,1.3766254995289728,1.1331834351929042,0.5,2.1653265953063965,1.0539747476577759,0.4670259952545166,2.1459868014087773,1.05402007810469,0.5,1.9854052066802979,1.799012541770935,0.4619343876838684,1.9882404164514897,1.821501512329848,0.5,1.391281247138977,1.8336573839187622,0.43128740787506104,1.3718167906985002,1.834583696950493,0.5
13.429,TRACK,1.3959420919418335,1.1317182779312134,0.41051632165908813,1.3772730392760242,1.1346233661035237,0.5,2.1653265953063965,1.0539747476577759,0.4670259952545166,2.145854077962129,1.0555822783136217,0.5,1.9855988025665283,1.8001518249511719,0.4594511091709137,1.9883259080233993,1.8219202914176549,0.5,1.391281247138977,1.8336573839187622,0.43128740787506104,1.372477945587129,1.8349737659210614,0.5
13.45,TRACK,1.3959420919418335,1.1317182779312134,0.41051632165908813,1.377916450171294,1.1360611202112578,0.5,2.1653265953063965,1.0539747476577759,0.4670259952545166,2.1457212982890708,1.0571420461881462,0.5,1.9855988025665283,1.8001518249511719,0.4594511091709137,1.9884111379687552,1.822338353943222,0.5,1.391281247138977,1.8336573839187622,0.43128740787506104,1.3731349322011677,1.8353631380633235,0.5
13.47,TRACK,1.3959420919418335,1.1317182779312134,0.41051632165908813,1.378555766707269,1.1374967004050707,0.5,2.1653265953063965,1.0539747476577759,0.4670259952545166,2.1455884653677,1.058699385710406,0.5,1.9855988025665283,1.8001518249511719,0.4594511091709137,1.9884961083942454,1.822755700874251,0.5,1.391281247138977,1.8336573839187622,0.43128740787506104,1.3737877853059834,1.8357518148928882,0.5
13.49,TRACK,1.4060633182525635,1.13925039768219,0.4095092713832855,1.3791910229906992,1.1389301095714326,0.5,2.162752151489258,1.0610162019729614,0.4664837718009949,2.1454555821294132,1.0602543008511083,0.5,1.9855988025665283,1.8001518249511719,0.4594511091709137,1.9885808213786582,1.823172333178585,0.5,1.391281247138977,1.8336573839187622,0.43128740787506104,1.3744365392761293,1.8361397979174496,0.5
13.51,TRACK,1.4060633182525635,1.13925039768219,0.4095092713832855,1.3798222527481456,1.1403613505943309,0.5,2.162752151489258,1.0610162019729614,0.4664837718009949,2.1453226514596055,1.0618067955696289,0.5,1.9855988025665283,1.8001518249511719,0.4594511091709137,1.988665278973282,1.8235882518242024,0.5,1.3982917070388794,1.8373181819915771,0.43012964725494385,1.375081228101002,1.8365270886368736,0.5
13.53,TRACK,1.4060633182525635,1.13925039768219,0.4095092713832855,1.3804494893314316,1.1417904263552794,0.5,2.162752151489258,1.0610162019729614,0.4664837718009949,2.14518967619836,1.0633568738141104,0.5,1.9859286546707153,1.8020803928375244,0.457957923412323,1.9887494832022987,1.8240034577792106,0.5,1.3982917070388794,1.8373181819915771,0.43012964725494385,1.3757218853904007,1.8369136885432804,0.5
13.55,TRACK,1.4060633182525635,1.13925039768219,0.4095092713832855,1.3810727657229993,1.1432173397333274,0.5,2.162752151489258,1.0610162019729614,0.4664837718009949,2.1450566591411278,1.0649045395215624,0.5,1.9859286546707153,1.8020803928375244,0.457957923412323,1.9888334360631723,1.824417952011839,0.5,1.3982917070388794,1.8373181819915771,0.43012964725494385,1.3763585443799875,1.8372995991211276,0.5
13.57,TRACK,1.4060633182525635,1.13925039768219,0.4095092713832855,1.3816921145411727,1.144642093605069,0.5,2.162752151489258,1.0610162019729614,0.4664837718009949,2.1449236030393948,1.0664497966179585,0.5,1.9859286546707153,1.8020803928375244,0.457957923412323,1.9889171395270302,1.8248317354904342,0.5,1.3982917070388794,1.8373181819915771,0.43012964725494385,1.3769912379366542,1.8376848218472934,0.5
13.589,TRACK,1.4142390489578247,1.1476610898971558,0.41046851873397827,1.3823075680453298,1.146064690844651,0.5,2.1608569622039795,1.0671597719192505,0.4636838436126709,2.1447905106013425,1.067992649018333,0.5,1.9859286546707153,1.8020803928375244,0.457957923412323,1.9890005955390393,1.825244809183452,0.5,1.3982917070388794,1.8373181819915771,0.43012964725494385,1.3776199985637947,1.838069358191156,0.5
13.61,TRACK,1.4142390489578247,1.1476610898971558,0.41046851873397827,1.3829191581409856,1.1474851343237817,0.5,2.1608569622039795,1.0671597719192505,0.4636838436126709,2.144657384492498,1.0695331006268758,0.5,1.9859286546707153,1.8020803928375244,0.457957923412323,1.9890838060187774,1.825657174059453,0.5,1.4031598567962646,1.840250849723816,0.4306779205799103,1.3782448584064853,1.8384532096146746,0.5
13.63,TRACK,1.4142390489578247,1.1476610898971558,0.41046851873397827,1.3835269163847876,1.1489034269117382,0.5,2.1608569622039795,1.0671597719192505,0.4636838436126709,2.144524227336371,1.071071155337027,0.5,1.9866116046905518,1.803549885749817,0.45756906270980835,1.9891667728605982,1.8260688310870943,0.5,1.4031598567962646,1.840250849723816,0.4306779205799103,1.378865849256577,1.838836377572469,0.5
13.65,TRACK,1.4142390489578247,1.1476610898971558,0.41046851873397827,1.3841308739894258,1.150319571475374,0.5,2.1608569622039795,1.0671597719192505,0.4636838436126709,2.144391041715086,1.0726068170315683,0.5,1.9866116046905518,1.803549885749817,0.45756906270980835,1.98924949793399,1.8264797812351252,0.5,1.4031598567962646,1.840250849723816,0.4306779205799103,1.379483002557699,1.8392188635118965,0.5
13.671,TRACK,1.4142390489578247,1.1476610898971558,0.41046851873397827,1.3847310618284583,1.1517335708791259,0.5,2.1608569622039795,1.0671597719192505,0.4636838436126709,2.144257830170001,1.074140089582716,0.5,1.9866116046905518,1.803549885749817,0.45756906270980835,1.9893319830839313,1.8268900254723797,0.5,1.4031598567962646,1.840250849723816,0.4306779205799103,1.3800963494101754,1.8396006688731295,0.5
13.689,TRACK,1.4196627140045166,1.1528714895248413,0.41338685154914856,1.3853275104410545,1.1531454279850213,0.5,2.1595046520233154,1.074819803237915,0.4602241814136505,2.1441245952023174,1.0756709768522104,0.5,1.9866116046905518,1.803549885749817,0.45756906270980835,1.9894142301312387,1.8272995647677708,0.5,1.4031598567962646,1.840250849723816,0.4306779205799103,1.3807059205758592,1.839981795089233,0.5
13.71,TRACK,1.4196627140045166,1.1528714895248413,0.41338685154914856,1.385920250036658,1.1545551456526841,0.5,2.1595046520233154,1.074819803237915,0.4602241814136505,2.143991339273685,1.0771994826914046,0.5,1.9866116046905518,1.803549885749817,0.45756906270980835,1.9894962408729122,1.8277084000902835,0.5,1.407127022743225,1.842848777770996,0.43069228529930115,1.3813117464828817,1.840362243586239,0.5
13.73,TRACK,1.4196627140045166,1.1528714895248413,0.41338685154914856,1.38650931049957,1.1559627267393418,0.5,2.1595046520233154,1.074819803237915,0.4602241814136505,2.143858064806794,1.0787256109413537,0.5,1.9880434274673462,1.8058795928955078,0.4563257098197937,1.9895780170824728,1.8281165324089688,0.5,1.407127022743225,1.842848777770996,0.43069228529930115,1.381913857230323,1.8407420157832208,0.5
13.75,TRACK,1.4196627140045166,1.1528714895248413,0.41338685154914856,1.387094721393456,1.1573681740998296,0.5,2.1595046520233154,1.074819803237915,0.4602241814136505,2.143724774185957,1.0802493654329002,0.5,1.9880434274673462,1.8058795928955078,0.4563257098197937,1.9896595605102962,1.8285239626929373,0.5,1.407127022743225,1.842848777770996,0.43069228529930115,1.3825122825928007,1.8411211130923673,0.5
13.77,TRACK,1.4196627140045166,1.1528714895248413,0.41338685154914856,1.3876765119657746,1.1587714905865985,0.5,2.1595046520233154,1.074819803237915,0.4602241814136505,2.143591469757686,1.0817707499867604,0.5,1.9880434274673462,1.8058795928955078,0.4563257098197937,1.989740872883943,1.8289306919113526,0.5,1.407127022743225,1.842848777770996,0.43069228529930115,1.383107052024983,1.8414995369190552,0.5
13.79,TRACK,1.4200125932693481,1.154423713684082,0.4155886173248291,1.388254711152134,1.1601726790497182,0.5,2.1600992679595947,1.0841896533966064,0.46041256189346313,2.143458153831258,1.083289768413609,0.5,1.9880434274673462,1.8058795928955078,0.4563257098197937,1.9898219559084813,1.8293367210334248,0.5,1.407127022743225,1.842848777770996,0.43069228529930115,1.3836981946660238,1.8418772886619217,0.5
13.809,TRACK,1.4200125932693481,1.154423713684082,0.4155886173248291,1.3888293475805733,1.1615717423368839,0.5,2.1600992679595947,1.0841896533966064,0.46041256189346313,2.1433248286792734,1.0848064245141618,0.5,1.9880434274673462,1.8058795928955078,0.4563257098197937,1.989902811266807,1.8297420510284035,0.5,1.4088915586471558,1.8438868522644043,0.43239960074424744,1.3842857393439236,1.8422543697129345,0.5
13.83,TRACK,1.4200125932693481,1.154423713684082,0.4155886173248291,1.389400449575775,1.16296868329342,0.5,2.1600992679595947,1.0841896533966064,0.46041256189346313,2.1431914965382077,1.0863207220792592,0.5,1.9880434274673462,1.8058795928955078,0.4563257098197937,1.9899834406199572,1.8301466828655717,0.5,1.4088915586471558,1.8438868522644043,0.43239960074424744,1.3848697145798174,1.8426307814574632,0.5
13.85,TRACK,1.4200125932693481,1.154423713684082,0.4155886173248291,1.3899680451632035,1.1643635047622853,0.5,2.1600992679595947,1.0841896533966064,0.46041256189346313,2.143058159608949,1.0878326648899461,0.5,1.9892032146453857,1.8096836805343628,0.45592477917671204,1.9900638456074216,1.8305506175142385,0.5,1.4088915586471558,1.8438868522644043,0.43239960074424744,1.3854501485921893,1.8430065252743473,0.5
13.87,TRACK,1.4200125932693481,1.154423713684082,0.4155886173248291,1.3905321620731772,1.1657562095840768,0.5,2.1600992679595947,1.0841896533966064,0.46041256189346313,2.142924820057334,1.0893422567175528,0.5,1.9892032146453857,1.8096836805343628,0.45592477917671204,1.9901440278474467,1.8309538559437326,0.5,1.4088915586471558,1.8438868522644043,0.43239960074424744,1.3860270693010188,1.8433816025359653,0.5
13.889,TRACK,1.418939471244812,1.1564043760299683,0.419504851102829,1.3910928277448733,1.1671468005970338,0.5,2.1601028442382812,1.0951865911483765,0.4631076157093048,2.1427914800146732,1.090849501323774,0.5,1.9892032146453857,1.8096836805343628,0.45592477917671204,1.9902239889373374,1.8313563991233957,0.5,1.4088915586471558,1.8438868522644043,0.43239960074424744,1.3866005043318559,1.8437560146083025,0.5
13.91,TRACK,1.418939471244812,1.1564043760299683,0.419504851102829,1.391650069330265,1.168535280637042,0.5,2.1601028442382812,1.0951865911483765,0.4631076157093048,2.1426581415782677,1.0923544024607468,0.5,1.9892032146453857,1.8096836805343628,0.45592477917671204,1.9903037304537536,1.8317582480225743,0.5,1.4093973636627197,1.845059871673584,0.434522420167923,1.387170481019829,1.8441297628510176,0.5
13.93,TRACK,1.418939471244812,1.1564043760299683,0.419504851102829,1.3922039136979936,1.1699216525376364,0.5,2.1601028442382812,1.0951865911483765,0.4631076157093048,2.1425248068119194,1.0938569638711273,0.5,1.9913771152496338,1.8148990869522095,0.45618361234664917,1.9903832539530015,1.8321594036106141,0.5,1.4093973636627197,1.845059871673584,0.434522420167923,1.3877370264135878,1.8445028486175086,0.5
13.95,TRACK,1.418939471244812,1.1564043760299683,0.419504851102829,1.392754387437179,1.1713059191300053,0.5,2.1601028442382812,1.0951865911483765,0.4631076157093048,2.1423914777464326,1.0953571892881673,0.5,1.9913771152496338,1.8148990869522095,0.45618361234664917,1.9904625609713225,1.8325598668568526,0.5,1.4093973636627197,1.845059871673584,0.434522420167923,1.388300167279178,1.8448752732549785,0.5
13.97,TRACK,1.418939471244812,1.1564043760299683,0.419504851102829,1.3933015168611649,1.172688083242993,0.5,2.1601028442382812,1.0951865911483765,0.4631076157093048,2.142258156380109,1.096855082435789,0.5,1.9913771152496338,1.8148990869522095,0.45618361234664917,1.990541653025177,1.832959638730611,0.5,1.4093973636627197,1.845059871673584,0.434522420167923,1.3888599301038547,1.845247038104499,0.5
13.99,TRACK,1.4150595664978027,1.1576861143112183,0.4224303364753723,1.3938453280112044,1.174068147703102,0.5,2.163806676864624,1.106931209564209,0.4596538543701172,2.142124844679234,1.0983506470286586,0.5,1.9913771152496338,1.8148990869522095,0.45618361234664917,1.9906205316115229,1.8333587202011883,0.5,1.4093973636627197,1.845059871673584,0.434522420167923,1.389416341099832,1.8456181445010749,0.5
14.009,TRACK,1.4150595664978027,1.1576861143112183,0.4224303364753723,1.3943858466600856,1.1754461153344975,0.5,2.163806676864624,1.106931209564209,0.4596538543701172,2.1419915445785582,1.0998438867722595,0.5,1.9913771152496338,1.8148990869522095,0.45618361234664917,1.9906991982080926,1.8337571122378526,0.5,1.4117108583450317,1.8462764024734497,0.4332859218120575,1.3899694262079707,1.8459885937737062,0.5
14.029,TRACK,1.4150595664978027,1.1576861143112183,0.4224303364753723,1.3949230983156964,1.1768219889590075,0.5,2.163806676864624,1.106931209564209,0.4596538543701172,2.141858257981768,1.1013348053629648,0.5,1.9973294734954834,1.8219735622406006,0.45637068152427673,1.9907776542736633,1.834154815809835,0.5,1.4117108583450317,1.8462764024734497,0.4332859218120575,1.390519211101407,1.8463583872454505,0.5
14.05,TRACK,1.4150595664978027,1.1576861143112183,0.4224303364753723,1.3954571082245344,1.1781957713961264,0.5,2.163806676864624,1.106931209564209,0.4596538543701172,2.141724986761952,1.1028234064881075,0.5,1.9973294734954834,1.8219735622406006,0.45637068152427673,1.9908559012483251,1.8345518318863216,0.5,1.4117108583450317,1.8462764024734497,0.4332859218120575,1.3910657211891204,1.8467275262334844,0.5
14.07,TRACK,1.4150595664978027,1.1576861143112183,0.4224303364753723,1.3959879013751573,1.1795674654630173,0.5,2.163806676864624,1.106931209564209,0.4596538543701172,2.141591732762061,1.1043096938260515,0.5,1.9973294734954834,1.8219735622406006,0.45637068152427673,1.9909339405537454,1.8349481614364453,0.5,1.4117108583450317,1.8462764024734497,0.4332859218120575,1.391608981619444,1.8470960120491635,0.5
14.09,TRACK,1.4111106395721436,1.1603798866271973,0.424701452255249,1.3965155025015783,1.1809370739745122,0.5,2.165660858154297,1.1175978183746338,0.45877525210380554,2.141458497795357,1.10579367104626,0.5,1.9973294734954834,1.8219735622406006,0.45637068152427673,1.991011773593427,1.8353438054292792,0.5,1.4117108583450317,1.8462764024734497,0.4332859218120575,1.392149017283519,1.847463845998083,0.5
14.11,TRACK,1.4111106395721436,1.1603798866271973,0.424701452255249,1.397039936086608,1.1823045997431152,0.5,2.165660858154297,1.1175978183746338,0.45877525210380554,2.1413252836458603,1.1072753418093644,0.5,1.9973294734954834,1.8219735622406006,0.45637068152427673,1.9910894017529663,1.8357387648338288,0.5,1.4117108583450317,1.8462764024734497,0.4332859218120575,1.3926858528186916,1.847831029380136,0.5
14.13,TRACK,1.4111106395721436,1.1603798866271973,0.424701452255249,1.3975612263651411,1.1836700455790032,0.5,2.165660858154297,1.1175978183746338,0.45877525210380554,2.141192092068787,1.1087547097672317,0.5,2.002493381500244,1.8326212167739868,0.4566170275211334,1.9911668264003044,1.836133040619024,0.5,1.412019968032837,1.8461905717849731,0.4318291246891022,1.393219512611857,1.8481975634895724,0.5
14.15,TRACK,1.4111106395721436,1.1603798866271973,0.424701452255249,1.3980793973273922,1.1850334142900272,0.5,2.165660858154297,1.1175978183746338,0.45877525210380554,2.14105892479098,1.1102317785630305,0.5,2.002493381500244,1.8326212167739868,0.4566170275211334,1.991244048885976,1.8365266337537107,0.5,1.412019968032837,1.8461905717849731,0.4318291246891022,1.3937500208027462,1.8485634496150556,0.5
14.17,TRACK,1.4111106395721436,1.1603798866271973,0.424701452255249,1.3985944727220778,1.186394708681713,0.5,2.165660858154297,1.1175978183746338,0.45877525210380554,2.1409257835113356,1.1117065518312965,0.5,2.002493381500244,1.8326212167739868,0.4566170275211334,1.9913210705433548,1.8369195452066445,0.5,1.412019968032837,1.8461905717849731,0.4318291246891022,1.3942774012871648,1.8489286890397203,0.5
14.19,TRACK,1.409424901008606,1.1674895286560059,0.42504262924194336,1.399106476059549,1.1877539315572632,0.5,2.1656410694122314,1.126061201095581,0.46126559376716614,2.140792669901221,1.1131790331979976,0.5,2.002493381500244,1.8326212167739868,0.4566170275211334,1.9913978926888956,1.8373117759464814,0.5,1.412019968032837,1.8461905717849731,0.4318291246891022,1.3948016777201757,1.849293283041228,0.5
14.21,TRACK,1.409424901008606,1.1674895286560059,0.42504262924194336,1.3996154306148751,1.1891110857175562,0.5,2.1656410694122314,1.126061201095581,0.46126559376716614,2.1406595856048884,1.1146492262805978,0.5,2.002493381500244,1.8326212167739868,0.4566170275211334,1.9914745166223713,1.8377033269417704,0.5,1.412019968032837,1.8461905717849731,0.4318291246891022,1.3953228735192333,1.8496572328918228,0.5
14.231,TRACK,1.409424901008606,1.1674895286560059,0.42504262924194336,1.4001213594308761,1.1904661739611482,0.5,2.1656410694122314,1.126061201095581,0.46126559376716614,2.14052653223988,1.11611713468812,0.5,2.0019564628601074,1.8481544256210327,0.45873674750328064,1.9915509436271084,1.8380941991609454,0.5,1.410136103630066,1.8497798442840576,0.4323146939277649,1.3958410118672675,1.8500205398583858,0.5
14.251,TRACK,1.409424901008606,1.1674895286560059,0.42504262924194336,1.4006242853211104,1.1918191990842728,0.5,2.1656410694122314,1.126061201095581,0.46126559376716614,2.1403935113974293,1.117582762021208,0.5,2.0019564628601074,1.8481544256210327,0.45873674750328064,1.9916271749702184,1.8384843935723172,0.5,1.410136103630066,1.8497798442840576,0.4323146939277649,1.3963561157157178,1.8503832052024893,0.5
14.269,TRACK,1.409424901008606,1.1674895286560059,0.42504262924194336,1.4011242308728122,1.1931701638808416,0.5,2.1656410694122314,1.126061201095581,0.46126559376716614,2.140260524642854,1.1190461118721884,0.5,2.0019564628601074,1.8481544256210327,0.45873674750328064,1.991703211902825,1.8388739111440648,0.5,1.410136103630066,1.8497798442840576,0.4323146939277649,1.3968682077875205,1.8507452301804503,0.5
14.29,TRACK,1.4109455347061157,1.177398681640625,0.4235123097896576,1.4016212184497856,1.1945190711424434,0.5,2.163958787918091,1.1332544088363647,0.4605334997177124,2.140127573515947,1.1205071878251303,0.5,2.0019564628601074,1.8481544256210327,0.45873674750328064,1.9917790556602901,1.8392627528442285,0.5,1.410136103630066,1.8497798442840576,0.4323146939277649,1.3973773105800478,1.851106616043383,0.5
14.31,TRACK,1.4109455347061157,1.177398681640625,0.4235123097896576,1.4021152701952513,1.195865923658345,0.5,2.163958787918091,1.1332544088363647,0.4605334997177124,2.139994659531356,1.1219659934559056,0.5,2.0019564628601074,1.8481544256210327,0.45873674750328064,1.9918547074624338,1.8396509196407,0.5,1.4109424352645874,1.8516165018081665,0.4320271611213684,1.3978834463680017,1.8514673640372503,0.5
14.33,TRACK,1.4109455347061157,1.177398681640625,0.4235123097896576,1.40260640803465,1.1972107242154906,0.5,2.163958787918091,1.1332544088363647,0.4605334997177124,2.1398617841789624,1.1234225323322478,0.5,2.0001821517944336,1.864571452140808,0.46370506286621094,1.9919301685137536,1.8400384125012155,0.5,1.4109424352645874,1.8516165018081665,0.4320271611213684,1.3983866372062603,1.8518274754029165,0.5
14.35,TRACK,1.4109455347061157,1.177398681640625,0.4235123097896576,1.4030946536784017,1.1985534755985006,0.5,2.163958787918091,1.1332544088363647,0.4605334997177124,2.139728948924253,1.12487680801381,0.5,2.0001821517944336,1.864571452140808,0.46370506286621094,1.9920054400036398,1.8404252323933465,0.5,1.4109424352645874,1.8516165018081665,0.4320271611213684,1.398886904932683,1.8521869513761964,0.5
14.37,TRACK,1.4109455347061157,1.177398681640625,0.4235123097896576,1.403580028624622,1.1998941805896723,0.5,2.163958787918091,1.1332544088363647,0.4605334997177124,2.139596155208682,1.1263288240522222,0.5,2.0001821517944336,1.864571452140808,0.46370506286621094,1.9920805231065861,1.8408113802844919,0.5,1.4109424352645874,1.8516165018081665,0.4320271611213684,1.3993842711708682,1.8525457931879064,0.5
14.389,TRACK,1.4133702516555786,1.1875838041305542,0.42191869020462036,1.404062554161797,1.2012328419689786,0.5,2.1602838039398193,1.1366904973983765,0.45794254541397095,2.1394634044500362,1.127778583991148,0.5,2.0001821517944336,1.864571452140808,0.46370506286621094,1.9921554189824004,1.841196857141869,0.5,1.4109424352645874,1.8516165018081665,0.4320271611213684,1.3998787573328704,1.8529040020639136,0.5
14.409,TRACK,1.4133702516555786,1.1875838041305542,0.42191869020462036,1.4045422513714159,1.2025694625140666,0.5,2.1602838039398193,1.1366904973983765,0.45794254541397095,2.139330698042787,1.1292260913663406,0.5,2.0001821517944336,1.864571452140808,0.46370506286621094,1.9922301287764101,1.8415816639325064,0.5,1.4111887216567993,1.8518633842468262,0.4309178292751312,1.4003703846218742,1.8532615792251845,0.5
14.431,TRACK,1.4133702516555786,1.1875838041305542,0.42191869020462036,1.4050191411305637,1.2039040450002576,0.5,2.1602838039398193,1.1366904973983765,0.45794254541397095,2.13919803735844,1.1306713497056968,0.5,1.9936965703964233,1.8733006715774536,0.46407774090766907,1.9923046536196645,1.8419658016232336,0.5,1.4111887216567993,1.8518633842468262,0.4309178292751312,1.400859174034827,1.8536185258878337,0.5
14.45,TRACK,1.4133702516555786,1.1875838041305542,0.42191869020462036,1.4054932441144743,1.205236592200545,0.5,2.1602838039398193,1.1366904973983765,0.45794254541397095,2.1390654237458793,1.1321143625293135,0.5,1.9936965703964233,1.8733006715774536,0.46407774090766907,1.992378994629136,1.842349271180674,0.5,1.4111887216567993,1.8518633842468262,0.4309178292751312,1.4013451463650308,1.8539748432631702,0.5
14.47,TRACK,1.4133702516555786,1.1875838041305542,0.42191869020462036,1.405964580799043,1.2065671068855934,0.5,2.1602838039398193,1.1366904973983765,0.45794254541397095,2.138932858531708,1.133555133349539,0.5,1.9936965703964233,1.8733006715774536,0.46407774090766907,1.9924531529079166,1.8427320735712351,0.5,1.4111887216567993,1.8518633842468262,0.4309178292751312,1.4018283222046946,1.8543305325577453,0.5
14.49,TRACK,1.4181472063064575,1.1984891891479492,0.4189314842224121,1.406433171463303,1.2078955918237375,0.5,2.157404899597168,1.1408995389938354,0.4575546979904175,2.1388003430205806,1.1349936656710273,0.5,1.9936965703964233,1.8733006715774536,0.46407774090766907,1.9925271295454128,1.8431142097611017,0.5,1.4111887216567993,1.8518633842468262,0.4309178292751312,1.402308721947447,1.8546855949733987,0.5
14.51,TRACK,1.4181472063064575,1.1984891891479492,0.4189314842224121,1.4068990361918607,1.2092220497809796,0.5,2.157404899597168,1.1408995389938354,0.4575546979904175,2.138667878495533,1.1364299629907897,0.5,1.9936965703964233,1.8733006715774536,0.46407774090766907,1.9926009256175372,1.8434956807162253,0.5,1.4127711057662964,1.8534953594207764,0.4312290847301483,1.4027863657908104,1.8550400317073046,0.5
14.53,TRACK,1.4181472063064575,1.1984891891479492,0.4189314842224121,1.407362194877299,1.2105464835209894,0.5,2.157404899597168,1.1408995389938354,0.4575546979904175,2.1385354662183067,1.1378640287982462,0.5,1.9888213872909546,1.8784620761871338,0.4632079303264618,1.9926745421868977,1.8438764874023168,0.5,1.4127711057662964,1.8534953594207764,0.4312290847301483,1.4032612737386378,1.855393843952016,0.5
14.55,TRACK,1.4181472063064575,1.1984891891479492,0.4189314842224121,1.407822667222538,1.211868895805101,0.5,2.157404899597168,1.1408995389938354,0.4575546979904175,2.1384031074296663,1.139295866575277,0.5,1.9888213872909546,1.8784620761871338,0.4632079303264618,1.9927479803029822,1.8442566307848371,0.5,1.4127711057662964,1.8534953594207764,0.4312290847301483,1.4037334656035116,1.8557470328955095,0.5
14.57,TRACK,1.4181472063064575,1.1984891891479492,0.4189314842224121,1.4082804727431657,1.2131892893923115,0.5,2.157404899597168,1.1408995389938354,0.4575546979904175,2.1382708033497173,1.140725479796272,0.5,1.9888213872909546,1.8784620761871338,0.4632079303264618,1.992821241002345,1.8446361118289891,0.5,1.4127711057662964,1.8534953594207764,0.4312290847301483,1.404202961009107,1.85609959972123,0.5
14.59,TRACK,1.4181472063064575,1.1984891891479492,0.4189314842224121,1.4087356307697296,1.2145076670392791,0.5,2.157404899597168,1.1408995389938354,0.4575546979904175,2.138138555178213,1.1421528719281806,0.5,1.9888213872909546,1.8784620761871338,0.4632079303264618,1.9928943253087847,1.8450149314997084,0.5,1.4127711057662964,1.8534953594207764,0.4312290847301483,1.4046697793925176,1.8564515456081332,0.5
14.61,TRACK,1.4222755432128906,1.2109323740005493,0.4164477586746216,1.4091881604499956,1.2158240315003206,0.5,2.1560096740722656,1.1458228826522827,0.4560398757457733,2.138006364094861,1.1435780464305596,0.5,1.9888213872909546,1.8784620761871338,0.4632079303264618,1.9929672342335252,1.8453930907616547,0.5,1.416124939918518,1.8545386791229248,0.42951345443725586,1.4051339400065488,1.8568028717307292,0.5
14.63,TRACK,1.4222755432128906,1.2109323740005493,0.4164477586746216,1.409638080751173,1.2171383855274094,0.5,2.1560096740722656,1.1458228826522827,0.4560398757457733,2.1378742312596235,1.1450010067556227,0.5,1.984727382659912,1.8797882795333862,0.4593312442302704,1.9930399687753892,1.845770590579203,0.5,1.416124939918518,1.8545386791229248,0.42951345443725586,1.4055954619219737,1.857153579259124,0.5
14.65,TRACK,1.4222755432128906,1.2109323740005493,0.4164477586746216,1.4100854104621052,1.2184507318701734,0.5,2.1560096740722656,1.1458228826522827,0.4560398757457733,2.137742157813014,1.146421756348287,0.5,1.984727382659912,1.8797882795333862,0.4593312442302704,1.9931125299209735,1.8461474319164357,0.5,1.416124939918518,1.8545386791229248,0.42951345443725586,1.4060543640297571,1.857503669359062,0.5
14.67,TRACK,1.4222755432128906,1.2109323740005493,0.4164477586746216,1.4105301681954292,1.2197610732758921,0.5,2.1560096740722656,1.1458228826522827,0.4560398757457733,2.1376101448763887,1.1478402986462202,0.5,1.984727382659912,1.8797882795333862,0.4593312442302704,1.9931849186448187,1.846523615737133,0.5,1.416124939918518,1.8545386791229248,0.42951345443725586,1.4065106650432446,1.857853143191967,0.5
14.689,TRACK,1.4252662658691406,1.2256419658660889,0.4162599742412567,1.4109723723897016,1.2210694124894945,0.5,2.155057668685913,1.15324068069458,0.4588489234447479,2.1374781935522327,1.1492566370798867,0.5,1.984727382659912,1.8797882795333862,0.4593312442302704,1.9932571359095774,1.8468991430047637,0.5,1.416124939918518,1.8545386791229248,0.42951345443725586,1.4069643835003198,1.8582020019149819,0.5
14.71,TRACK,1.4252662658691406,1.2256419658660889,0.4162599742412567,1.4114120413114932,1.2223757522535559,0.5,2.155057668685913,1.15324068069458,0.4588489234447479,2.137346304924445,1.1506707750725933,0.5,1.984727382659912,1.8797882795333862,0.4593312442302704,1.9933291826661814,1.8472740146824775,0.5,1.4209587574005127,1.8555094003677368,0.42637112736701965,1.407415537765529,1.8585502466810107,0.5
14.73,TRACK,1.4252662658691406,1.2256419658660889,0.4162599742412567,1.411849193057454,1.2236800953082962,0.5,2.155057668685913,1.15324068069458,0.4588489234447479,2.1372144800586166,1.1520827160405342,0.5,1.983095645904541,1.8775326013565063,0.455109566450119,1.9934010598540042,1.847648231733096,0.5,1.4209587574005127,1.8555094003677368,0.42637112736701965,1.4078641460321746,1.8588978786387564,0.5
14.75,TRACK,1.4252662658691406,1.2256419658660889,0.4162599742412567,1.4122838455563451,1.224982444391576,0.5,2.155057668685913,1.15324068069458,0.4588489234447479,2.137082720002304,1.1534924633928356,0.5,1.983095645904541,1.8775326013565063,0.455109566450119,1.9934727684010227,1.8480217951191036,0.5,1.4209587574005127,1.8555094003677368,0.42637112736701965,1.408310226324377,1.8592448989327617,0.5
14.771,TRACK,1.4252662658691406,1.2256419658660889,0.4162599742412567,1.412716016571044,1.2262828022388943,0.5,2.155057668685913,1.15324068069458,0.4588489234447479,2.136951025785301,1.154900020531599,0.5,1.983095645904541,1.8775326013565063,0.455109566450119,1.9935443092239764,1.8483947058026389,0.5,1.4209587574005127,1.8555094003677368,0.42637112736701965,1.4087537964991055,1.859591308703446,0.5
14.789,TRACK,1.4273366928100586,1.2383142709732056,0.41489970684051514,1.4131457237005172,1.2275811715833853,0.5,2.1538398265838623,1.160096287727356,0.4598815143108368,2.136819398419905,1.1563053908519445,0.5,1.983095645904541,1.8775326013565063,0.455109566450119,1.993615683228524,1.8487669647454856,0.5,1.4209587574005127,1.8555094003677368,0.42637112736701965,1.409194874248181,1.8599371090871444,0.5
14.81,TRACK,1.4273366928100586,1.2383142709732056,0.41489970684051514,1.4135729843817662,1.2288775551558158,0.5,2.1538398265838623,1.160096287727356,0.4598815143108368,2.13668783890118,1.157708577742054,0.5,1.983095645904541,1.8775326013565063,0.455109566450119,1.9936868913093975,1.8491385729090644,0.5,1.4250078201293945,1.8593968152999878,0.4265410602092743,1.4096334771002466,1.8602823012161454,0.5
14.83,TRACK,1.4273366928100586,1.2383142709732056,0.41489970684051514,1.4139978158917443,1.2301719556845816,0.5,2.1538398265838623,1.160096287727356,0.4598815143108368,2.136556348207214,1.1591095845832124,0.5,1.9849358797073364,1.8750234842300415,0.45306798815727234,1.993757934350556,1.8495095312544236,0.5,1.4250078201293945,1.8593968152999878,0.4265410602092743,1.4100696224227116,1.8606268862187276,0.5
14.85,TRACK,1.4273366928100586,1.2383142709732056,0.41489970684051514,1.4144202353492445,1.231464375895704,0.5,2.1538398265838623,1.160096287727356,0.4598815143108368,2.136424927299375,1.1605084147498501,0.5,1.9849358797073364,1.8750234842300415,0.45306798815727234,1.993828813225334,1.849879840742231,0.5,1.4250078201293945,1.8593968152999878,0.4265410602092743,1.4105033274236654,1.8609708652191967,0.5
14.87,TRACK,1.4273366928100586,1.2383142709732056,0.41489970684051514,1.4148402597167615,1.2327548185128276,0.5,2.1538398265838623,1.160096287727356,0.4598815143108368,2.1362935771225615,1.1619050716095831,0.5,1.9849358797073364,1.8750234842300415,0.45306798815727234,1.9938995287965902,1.8502495023327643,0.5,1.4250078201293945,1.8593968152999878,0.4265410602092743,1.4109346091537638,1.8613142393379214,0.5
14.889,TRACK,1.427346110343933,1.2468101978302002,0.41593310236930847,1.4152579058023265,1.2340432862572155,0.5,2.1526403427124023,1.170161247253418,0.46220454573631287,2.1361622986054494,1.163299558523254,0.5,1.9849358797073364,1.8750234842300415,0.45306798815727234,1.9939700819168538,1.8506185169859033,0.5,1.4250078201293945,1.8593968152999878,0.4265410602092743,1.4113634845080887,1.861657009691369,0.5
14.909,TRACK,1.427346110343933,1.2468101978302002,0.41593310236930847,1.4156731902613136,1.235329781847747,0.5,2.1526403427124023,1.170161247253418,0.46220454573631287,2.1360310926607355,1.1646918788449712,0.5,1.9849358797073364,1.8750234842300415,0.45306798815727234,1.9940404734284682,1.8509868856611207,0.5,1.4281421899795532,1.8643450736999512,0.42683348059654236,1.4117899702279793,1.8619991773921412,0.5
14.93,TRACK,1.427346110343933,1.2468101978302002,0.41593310236930847,1.4160861295982228,1.2366143080009142,0.5,2.1526403427124023,1.170161247253418,0.46220454573631287,2.135899960185378,1.166082035922149,0.5,1.9876114130020142,1.8725894689559937,0.4528611898422241,1.994110704163733,1.851354609317473,0.5,1.4281421899795532,1.8643450736999512,0.42683348059654236,1.4122140829028378,1.862340743549008,0.5
14.95,TRACK,1.427346110343933,1.2468101978302002,0.41593310236930847,1.416496740168436,1.2378968674308173,0.5,2.1526403427124023,1.170161247253418,0.46220454573631287,2.1357689020608324,1.1674700330955465,0.5,1.9876114130020142,1.8725894689559937,0.4528611898422241,1.9941807749450424,1.851721688913593,0.5,1.4281421899795532,1.8643450736999512,0.42683348059654236,1.4126358389719085,1.8626817092669434,0.5
14.97,TRACK,1.427346110343933,1.2468101978302002,0.41593310236930847,1.4169050381799475,1.2391774628491616,0.5,2.1526403427124023,1.170161247253418,0.46220454573631287,2.135637919153284,1.1688558736993044,0.5,1.9876114130020142,1.8725894689559937,0.4528611898422241,1.994250686585025,1.85208812540768,0.5,1.4281421899795532,1.8643450736999512,0.42683348059654236,1.413055254726031,1.8630220756471576,0.5
14.989,TRACK,1.4263768196105957,1.2523267269134521,0.41658103466033936,1.4173110396950697,1.2404560969652547,0.5,2.1514980792999268,1.1806695461273193,0.46307364106178284,2.135507012313879,1.1702395610609848,0.5,1.9876114130020142,1.8725894689559937,0.4528611898422241,1.9943204398866783,1.8524539197574916,0.5,1.4281421899795532,1.8643450736999512,0.42683348059654236,1.4134723463093695,1.8633618437871313,0.5
15.01,TRACK,1.4263768196105957,1.2523267269134521,0.41658103466033936,1.4177147606321163,1.2417327724860014,0.5,2.1514980792999268,1.1806695461273193,0.46307364106178284,2.1353761823789466,1.1716210985016073,0.5,1.9876114130020142,1.8725894689559937,0.4528611898422241,1.9943900356435038,1.852819072920335,0.5,1.4324114322662354,1.869728684425354,0.42634445428848267,1.4138871297211142,1.8637010147806492,0.5
15.03,TRACK,1.4263768196105957,1.2523267269134521,0.41658103466033936,1.418116216767059,1.2430074921159004,0.5,2.1514980792999268,1.1806695461273193,0.46307364106178284,2.135245430170225,1.1730004893356858,0.5,1.9872117042541504,1.8720340728759766,0.45626088976860046,1.9944594746396382,1.8531835858530588,0.5,1.4324114322662354,1.869728684425354,0.42634445428848267,1.4142996208171632,1.8640395897178315,0.5
15.05,TRACK,1.4263768196105957,1.2523267269134521,0.41658103466033936,1.4185154237351616,1.2442802585570407,0.5,2.1514980792999268,1.1806695461273193,0.46307364106178284,2.1351147564950805,1.1743777368712651,0.5,1.9872117042541504,1.8720340728759766,0.45626088976860046,1.9945287576499837,1.8535474595120434,0.5,1.4324114322662354,1.869728684425354,0.42634445428848267,1.4147098353117746,1.864377569685167,0.5
15.069,TRACK,1.4263768196105957,1.2523267269134521,0.41658103466033936,1.4189123970325928,1.2455510745090976,0.5,2.1514980792999268,1.1806695461273193,0.46307364106178284,2.134984162146721,1.1757528444099574,0.5,1.9872117042541504,1.8720340728759766,0.45626088976860046,1.9945978854403363,1.8539106948531938,0.5,1.4324114322662354,1.869728684425354,0.42634445428848267,1.4151177887792004,1.864714955765544,0.5
15.089,TRACK,1.4258722066879272,1.2550956010818481,0.41648951172828674,1.4193071520180127,1.246819942669329,0.5,2.1500282287597656,1.1894009113311768,0.46213585138320923,2.134853647904411,1.1771258152469763,0.5,1.9872117042541504,1.8720340728759766,0.45626088976860046,1.9946668587675127,1.8542732928319303,0.5,1.4324114322662354,1.869728684425354,0.42634445428848267,1.4155234966552928,1.8650517490382825,0.5
15.109,TRACK,1.4258722066879272,1.2550956010818481,0.41648951172828674,1.4196997039141401,1.2480868657325703,0.5,2.1500282287597656,1.1894009113311768,0.46213585138320923,2.1347232145336794,1.1784966526711724,0.5,1.9872117042541504,1.8720340728759766,0.45626088976860046,1.994735678379475,1.85463525440318,0.5,1.4343050718307495,1.8737237453460693,0.42730528116226196,1.4159269742390912,1.8653879505791646,0.5
15.129,TRACK,1.4258722066879272,1.2550956010818481,0.41648951172828674,1.4200900678092956,1.2493518463912323,0.5,2.1500282287597656,1.1894009113311768,0.46213585138320923,2.134592862786528,1.179865359965068,0.5,1.9896998405456543,1.8705787658691406,0.4583752453327179,1.994804345015453,1.854996580521368,0.5,1.4343050718307495,1.8737237453460693,0.42730528116226196,1.4163282366943846,1.8657235614604646,0.5
15.15,TRACK,1.4258722066879272,1.2550956010818481,0.41648951172828674,1.4204782586589244,1.2506148873352954,0.5,2.1500282287597656,1.1894009113311768,0.46213585138320923,2.1344625934016324,1.1812319404048905,0.5,1.9896998405456543,1.8705787658691406,0.4583752453327179,1.9948728594060663,1.8553572721404101,0.5,1.4343050718307495,1.8737237453460693,0.42730528116226196,1.4167272990512523,1.8660585827509804,0.5
15.17,TRACK,1.4258722066879272,1.2550956010818481,0.41648951172828674,1.420864291287098,1.2518759912523063,0.5,2.1500282287597656,1.1894009113311768,0.46213585138320923,2.134332407104544,1.1825963972606064,0.5,1.9896998405456543,1.8705787658691406,0.4583752453327179,1.9949412222734435,1.8557173302137038,0.5,1.4343050718307495,1.8737237453460693,0.42730528116226196,1.4171241762075841,1.8663930155160617,0.5
15.19,TRACK,1.4252241849899292,1.257041096687317,0.41789472103118896,1.421248180387993,1.253135160827374,0.5,2.1475021839141846,1.1971582174301147,0.4599897265434265,2.1342023046078866,1.183958733795954,0.5,1.9896998405456543,1.8705787658691406,0.4583752453327179,1.99500943433134,1.8560767556941191,0.5,1.4343050718307495,1.8737237453460693,0.42730528116226196,1.4175188829305774,1.8667268608176406,0.5
15.21,TRACK,1.4252241849899292,1.257041096687317,0.41789472103118896,1.421629940527352,1.254392398743165,0.5,2.1475021839141846,1.1971582174301147,0.4599897265434265,2.134072286611552,1.1853189532684767,0.5,1.9896998405456543,1.8705787658691406,0.4583752453327179,1.9950774962852542,1.8564355495339917,0.5,1.4371105432510376,1.8776956796646118,0.4280508756637573,1.4179114338582144,1.8670601197142602,0.5
15.23,TRACK,1.4252241849899292,1.257041096687317,0.41789472103118896,1.422009586143922,1.2556477076799002,0.5,2.1475021839141846,1.1971582174301147,0.4599897265434265,2.13394235380289,1.1866770589295543,0.5,1.9891479015350342,1.8691205978393555,0.45846614241600037,1.9951454088325418,1.8567937126851135,0.5,1.4371105432510376,1.8776956796646118,0.4280508756637573,1.418301843500719,1.8673927932611027,0.5
15.25,TRACK,1.4252241849899292,1.257041096687317,0.41789472103118896,1.4223871315508736,1.2569010903153492,0.5,2.1475021839141846,1.1971582174301147,0.4599897265434265,2.1338125068568967,1.1880330540244362,0.5,1.9891479015350342,1.8691205978393555,0.45846614241600037,1.995213172662529,1.8571512460987247,0.5,1.4371105432510376,1.8776956796646118,0.4280508756637573,1.4186901262419929,1.8677248825100181,0.5
15.27,TRACK,1.4252241849899292,1.257041096687317,0.41789472103118896,1.4227625909372021,1.2581525493248271,0.5,2.1475021839141846,1.1971582174301147,0.4599897265434265,2.1336827464364028,1.189386941792271,0.5,1.9891479015350342,1.8691205978393555,0.45846614241600037,1.995280788456624,1.8575081507255062,0.5,1.4371105432510376,1.8776956796646118,0.4280508756637573,1.4190762963410306,1.8680563885095522,0.5
15.29,TRACK,1.4233778715133667,1.258345365524292,0.41731372475624084,1.423135978369107,1.2594020873811904,0.5,2.142991065979004,1.203229308128357,0.45683008432388306,2.133553073192253,1.1907387254661388,0.5,1.9891479015350342,1.8691205978393555,0.45846614241600037,1.995348256888426,1.8578644275155705,0.5,1.4371105432510376,1.8776956796646118,0.4280508756637573,1.4194603679333182,1.8683873123049737,0.5
15.31,TRACK,1.4233778715133667,1.258345365524292,0.41731372475624084,1.423507307791354,1.2606497071548315,0.5,2.142991065979004,1.203229308128357,0.45683008432388306,2.1334234877634914,1.1920884082730814,0.5,1.9891479015350342,1.8691205978393555,0.45846614241600037,1.9954155786238348,1.8582200774184539,0.5,1.4380367994308472,1.8815144300460815,0.4294268488883972,1.4198423550322081,1.8687176549383016,0.5
15.33,TRACK,1.4233778715133667,1.258345365524292,0.41731372475624084,1.423876593028617,1.2618954113136756,0.5,2.142991065979004,1.203229308128357,0.45683008432388306,2.133293990777533,1.1934359934341328,0.5,1.9948936700820923,1.8687928915023804,0.459466814994812,1.9954827543211555,1.8585751013831089,0.5,1.4380367994308472,1.8815144300460815,0.4294268488883972,1.4202222715302792,1.869047417448332,0.5
15.349,TRACK,1.4233778715133667,1.258345365524292,0.41731372475624084,1.424243847786804,1.2631392025231758,0.5,2.142991065979004,1.203229308128357,0.45683008432388306,2.133164582850344,1.1947814841643487,0.5,1.9948936700820923,1.8687928915023804,0.459466814994812,1.9955497846312056,1.8589295003578952,0.5,1.4380367994308472,1.8815144300460815,0.4294268488883972,1.4206001312006757,1.8693766008706647,0.5
15.37,TRACK,1.4233778715133667,1.258345365524292,0.41731372475624084,1.4246090856543625,1.2643810834463087,0.5,2.142991065979004,1.203229308128357,0.45683008432388306,2.1330352645866104,1.1961248836728355,0.5,1.9948936700820923,1.8687928915023804,0.459466814994812,1.9956166701974176,1.8592832752905728,0.5,1.4380367994308472,1.8815144300460815,0.4294268488883972,1.4209759476984283,1.8697052062377288,0.5
15.39,TRACK,1.4225008487701416,1.2626317739486694,0.41529712080955505,1.424972320103569,1.2656210567435704,0.5,2.141437530517578,1.2091840505599976,0.4573499262332916,2.132906036579911,1.1974661951627807,0.5,1.9948936700820923,1.8687928915023804,0.459466814994812,1.9956834116559414,1.8596364271282928,0.5,1.4380367994308472,1.8815144300460815,0.4294268488883972,1.4213497345617574,1.870033234578809,0.5
15.41,TRACK,1.4225008487701416,1.2626317739486694,0.41529712080955505,1.4253335644918,1.2668591250729717,0.5,2.141437530517578,1.2091840505599976,0.4573499262332916,2.132776899412882,1.1988054218314799,0.5,1.9948936700820923,1.8687928915023804,0.459466814994812,1.9957500096357452,1.8599889568175907,0.5,1.4412239789962769,1.8852208852767944,0.4288831055164337,1.421721505213359,1.870360686920071,0.5
15.43,TRACK,1.4225008487701416,1.2626317739486694,0.41529712080955505,1.425692832062786,1.268095291090034,0.5,2.141437530517578,1.2091840505599976,0.4573499262332916,2.132647853657384,1.2001425668703662,0.5,1.998737096786499,1.870182752609253,0.46256861090660095,1.995816464758715,1.860340865304378,0.5,1.4412239789962769,1.8852208852767944,0.4288831055164337,1.4220912729616713,1.8706875642845862,0.5
15.451,TRACK,1.4225008487701416,1.2626317739486694,0.41529712080955505,1.4260501359478486,1.269329557447785,0.5,2.141437530517578,1.2091840505599976,0.4573499262332916,2.132518899874662,1.201477633465038,0.5,1.998737096786499,1.870182752609253,0.46256861090660095,1.9958827776397525,1.860692153533934,0.5,1.4412239789962769,1.8852208852767944,0.4288831055164337,1.4224590510021269,1.871013867692357,0.5
15.469,TRACK,1.4225008487701416,1.2626317739486694,0.41529712080955505,1.4264054891671216,1.2705619267967532,0.5,2.141437530517578,1.2091840505599976,0.4573499262332916,2.132390038615508,1.2028106247952863,0.5,1.998737096786499,1.870182752609253,0.46256861090660095,1.9959489488868714,1.861042822450899,0.5,1.4412239789962769,1.8852208852767944,0.4288831055164337,1.4228248524183853,1.871339598160341,0.5
15.49,TRACK,1.4217020273208618,1.2671723365783691,0.412652850151062,1.426758904630754,1.271792401784965,0.5,2.1392064094543457,1.212917447090149,0.4578356444835663,2.132261270420417,1.2041415440351224,0.5,1.998737096786499,1.870182752609253,0.46256861090660095,1.9960149791012929,1.8613928729992655,0.5,1.4412239789962769,1.8852208852767944,0.4288831055164337,1.4231886901835507,1.8716647567024756,0.5
15.51,TRACK,1.4217020273208618,1.2671723365783691,0.412652850151062,1.4271103951400992,1.2730209850579401,0.5,2.1392064094543457,1.212917447090149,0.4578356444835663,2.132132595819741,1.205470394352804,0.5,1.998737096786499,1.870182752609253,0.46256861090660095,1.9960808688775395,1.8617423061223708,0.5,1.44267737865448,1.8857108354568481,0.4282771348953247,1.4235505771613721,1.8719893443297013,0.5
15.529,TRACK,1.4217020273208618,1.2671723365783691,0.412652850151062,1.4274599733888862,1.2742476792586852,0.5,2.1392064094543457,1.212917447090149,0.4578356444835663,2.132004015333845,1.2067971789108625,0.5,2.003103256225586,1.8727613687515259,0.46306082606315613,1.996146618803528,1.8620911227628907,0.5,1.44267737865448,1.8857108354568481,0.4282771348953247,1.4239105261074283,1.8723133620499857,0.5
15.551,TRACK,1.4217020273208618,1.2671723365783691,0.412652850151062,1.4278076519643768,1.2754724870276921,0.5,2.1392064094543457,1.212917447090149,0.4578356444835663,2.1318755294732554,1.208121900866129,0.5,2.003103256225586,1.8727613687515259,0.46306082606315613,1.9962122294606597,1.8624393238628296,0.5,1.44267737865448,1.8857108354568481,0.4282771348953247,1.424268549670296,1.8726368108683462,0.5
15.57,TRACK,1.4217020273208618,1.2671723365783691,0.412652850151062,1.4281534433485061,1.2766954110029314,0.5,2.1392064094543457,1.212917447090149,0.4578356444835663,2.1317471387388087,1.2094445633697604,0.5,2.003103256225586,1.8727613687515259,0.46306082606315613,1.996277701423912,1.862786910363515,0.5,1.44267737865448,1.8857108354568481,0.4282771348953247,1.4246246603927035,1.8729596917868738,0.5
15.59,TRACK,1.4212727546691895,1.2741601467132568,0.4111368954181671,1.4284973599190094,1.277916453819849,0.5,2.1391592025756836,1.2161295413970947,0.461000919342041,2.131618843621798,1.210765169567264,0.5,2.003103256225586,1.8727613687515259,0.46306082606315613,1.9963430352619251,1.8631338832055895,0.5,1.44267737865448,1.8857108354568481,0.4282771348953247,1.4249788707126674,1.8732820058047555,0.5
15.61,TRACK,1.4212727546691895,1.2741601467132568,0.4111368954181671,1.4288394139505323,1.2791356181113618,0.5,2.1391592025756836,1.2161295413970947,0.461000919342041,2.131490644604118,1.2120837225985246,0.5,2.003103256225586,1.8727613687515259,0.46306082606315613,1.996408231537092,1.8634802433290025,0.5,1.4435384273529053,1.8883434534072876,0.43055614829063416,1.4253311929646157,1.873603753918296,0.5
15.63,TRACK,1.4212727546691895,1.2741601467132568,0.4111368954181671,1.4291796176157279,1.280352906507852,0.5,2.1391592025756836,1.2161295413970947,0.461000919342041,2.131362542158404,1.2134002255978273,0.5,2.003744602203369,1.873548984527588,0.45868444442749023,1.996473290805642,1.863825991673004,0.5,1.4435384273529053,1.8883434534072876,0.43055614829063416,1.4256816393804956,1.8739249371209405,0.5
15.65,TRACK,1.4212727546691895,1.2741601467132568,0.4111368954181671,1.4295179829863387,1.2815683216371645,0.5,2.1391592025756836,1.2161295413970947,0.461000919342041,2.131234536748175,1.2147146816938839,0.5,2.003744602203369,1.873548984527588,0.45868444442749023,1.9965382136177274,1.864171129176137,0.5,1.4435384273529053,1.8883434534072876,0.43055614829063416,1.4260302220908654,1.8742455564032967,0.5
15.669,TRACK,1.4212727546691895,1.2741601467132568,0.4111368954181671,1.429854522034264,1.2827818661246009,0.5,2.1391592025756836,1.2161295413970947,0.461000919342041,2.131106628827969,1.2160270940098559,0.5,2.003744602203369,1.873548984527588,0.45868444442749023,1.9966030005175075,1.8645156567762295,0.5,1.4435384273529053,1.8883434534072876,0.43055614829063416,1.4263769531259742,1.8745656127531554,0.5
15.689,TRACK,1.4227714538574219,1.2797609567642212,0.41022980213165283,1.4301892466326143,1.2839935425929159,0.5,2.140820026397705,1.2191665172576904,0.46468454599380493,2.13097881884348,1.2173374656633795,0.5,2.003744602203369,1.873548984527588,0.45868444442749023,1.99666765204323,1.8648595754103887,0.5,1.4435384273529053,1.8883434534072876,0.43055614829063416,1.4267218444168253,1.8748851071555133,0.5
15.71,TRACK,1.4227714538574219,1.2797609567642212,0.41022980213165283,1.430522168556751,1.2852033536623126,0.5,2.140820026397705,1.2191665172576904,0.46468454599380493,2.13085110723169,1.2186457997665887,0.5,2.003744602203369,1.873548984527588,0.45868444442749023,1.9967321687273138,1.865202886014993,0.5,1.4440174102783203,1.8881275653839111,0.43181291222572327,1.4270649077962265,1.8752040405925925,0.5
15.73,TRACK,1.4227714538574219,1.2797609567642212,0.41022980213165283,1.430853299485314,1.2864113019504386,0.5,2.140820026397705,1.2191665172576904,0.46468454599380493,2.1307234944210034,1.2199520994261392,0.5,2.003744602203369,1.873548984527588,0.45868444442749023,1.9967965510964287,1.8655455895256847,0.5,1.4440174102783203,1.8881275653839111,0.43181291222572327,1.4274061549998271,1.8755224140438618,0.5
15.751,TRACK,1.4227714538574219,1.2797609567642212,0.41022980213165283,1.431182651001233,1.2876173900723813,0.5,2.140820026397705,1.2191665172576904,0.46468454599380493,2.1305959808313735,1.2212563677432309,0.5,2.0032012462615967,1.8736183643341064,0.4543939232826233,1.9968607996715746,1.865887686877364,0.5,1.4440174102783203,1.8881275653839111,0.43181291222572327,1.4277455976671407,1.8758402284860578,0.5
15.77,TRACK,1.4227714538574219,1.2797609567642212,0.41022980213165283,1.4315102345927293,1.288821620640663,0.5,2.140820026397705,1.2191665172576904,0.46468454599380493,2.1304685668744328,1.2225586078136312,0.5,2.0032012462615967,1.8736183643341064,0.4543939232826233,1.9969249149681594,1.8662291790041807,0.5,1.4440174102783203,1.8881275653839111,0.43181291222572327,1.4280832473425542,1.8761574848932046,0.5
15.79,TRACK,1.4265475273132324,1.2869110107421875,0.4095942974090576,1.4318360616543018,1.2900239962652371,0.5,2.143301486968994,1.2217233180999756,0.46647605299949646,2.130341252953617,1.223858822727698,0.5,2.0032012462615967,1.8736183643341064,0.4543939232826233,1.9969888974960768,1.8665700668395286,0.5,1.4440174102783203,1.8881275653839111,0.43181291222572327,1.4284191154763253,1.8764741842366328,0.5
15.809,TRACK,1.4265475273132324,1.2869110107421875,0.4095942974090576,1.432160143487702,1.2912245195534844,0.5,2.143301486968994,1.2217233180999756,0.46647605299949646,2.1302140394642906,1.2251570155704015,0.5,2.0032012462615967,1.8736183643341064,0.4543939232826233,1.9970527477597813,1.866910351316038,0.5,1.4446278810501099,1.8891068696975708,0.4326379895210266,1.4287532134255652,1.8767903274850015,0.5
15.829,TRACK,1.4265475273132324,1.2869110107421875,0.4095942974090576,1.4324824913028964,1.2924231931102073,0.5,2.143301486968994,1.2217233180999756,0.46647605299949646,2.130086926793867,1.2264531894213455,0.5,2.000067710876465,1.8741035461425781,0.4545115828514099,1.997116466258364,1.8672500333655695,0.5,1.4446278810501099,1.8891068696975708,0.4326379895210266,1.4290855524552093,1.877105915604316,0.5
15.85,TRACK,1.4265475273132324,1.2869110107421875,0.4095942974090576,1.4328031162190142,1.2936200195376264,0.5,2.143301486968994,1.2217233180999756,0.46647605299949646,2.1299599153219306,1.227747347354791,0.5,2.000067710876465,1.8741035461425781,0.4545115828514099,1.9971800534856259,1.8675891139192062,0.5,1.4446278810501099,1.8891068696975708,0.4326379895210266,1.4294161437389763,1.8774209495579472,0.5
15.87,TRACK,1.4265475273132324,1.2869110107421875,0.4095942974090576,1.4331220292652866,1.2948150014353765,0.5,2.143301486968994,1.2217233180999756,0.46647605299949646,2.129833005420355,1.2290394924396761,0.5,2.000067710876465,1.8741035461425781,0.4545115828514099,1.9972435099301502,1.8679275939072482,0.5,1.4446278810501099,1.8891068696975708,0.4326379895210266,1.4297449983603132,1.8777354303066518,0.5
15.89,TRACK,1.4320800304412842,1.2942532300949097,0.40952059626579285,1.4334392413819717,1.2960081414005018,0.5,2.1448986530303955,1.222425103187561,0.46385887265205383,2.129706197453419,1.2303296277396383,0.5,2.000067710876465,1.8741035461425781,0.4545115828514099,1.9973068360753747,1.8682654742592057,0.5,1.4446278810501099,1.8891068696975708,0.4326379895210266,1.4300721273133297,1.8780493588085896,0.5
15.909,TRACK,1.4320800304412842,1.2942532300949097,0.40952059626579285,1.4337547634212666,1.2971994420274515,0.5,2.1448986530303955,1.222425103187561,0.46385887265205383,2.129579491777923,1.2316177563130344,0.5,2.000067710876465,1.8741035461425781,0.4545115828514099,1.9973700323996626,1.868602755903792,0.5,1.444300651550293,1.8908406496047974,0.43327513337135315,1.4303975415037191,1.8783627360193424,0.5
15.93,TRACK,1.4320800304412842,1.2942532300949097,0.40952059626579285,1.4340686061482117,1.2983889059080762,0.5,2.1448986530303955,1.222425103187561,0.46385887265205383,2.1294528887433,1.2329038812129627,0.5,1.997158169746399,1.8758643865585327,0.4602241814136505,1.997433099376372,1.8689394397689174,0.5,1.444300651550293,1.8908406496047974,0.43327513337135315,1.4307212517496695,1.8786755628919334,0.5
15.951,TRACK,1.4320800304412842,1.2942532300949097,0.40952059626579285,1.43438078024158,1.2995765356316231,0.5,2.1448986530303955,1.222425103187561,0.46385887265205383,2.1293263886917297,1.2341880054872825,0.5,1.997158169746399,1.8758643865585327,0.4602241814136505,1.9974960374739248,1.869275526781683,0.5,1.444300651550293,1.8908406496047974,0.43327513337135315,1.431043268782761,1.8789878403768439,0.5
15.97,TRACK,1.4320800304412842,1.2942532300949097,0.40952059626579285,1.4346912962947558,1.3007618310121731,0.5,2.1448986530303955,1.222425103187561,0.46385887265205383,2.129199991958248,1.2354701321786343,0.5,1.997158169746399,1.8758643865585327,0.4602241814136505,1.997558847155874,1.8696110178683745,0.5,1.444300651550293,1.8908406496047974,0.43327513337135315,1.4313636032488533,1.8792995694220316,0.5
15.99,TRACK,1.4418814182281494,1.2999883890151978,0.41458335518836975,1.4350001648092334,1.3019395470920474,0.5,2.1461188793182373,1.2257221937179565,0.4629833698272705,2.129073698870853,1.2367502643244606,0.5,1.997158169746399,1.8758643865585327,0.4602241814136505,1.9976215288809716,1.8699459139544552,0.5,1.444300651550293,1.8908406496047974,0.43327513337135315,1.431682265708961,1.8796107509729487,0.5
16.01,TRACK,1.4418814182281494,1.2999883890151978,0.41458335518836975,1.4353073961867475,1.3031085098864996,0.5,2.1461188793182373,1.2257221937179565,0.4629833698272705,2.1289475097508412,1.2380284049571992,0.5,1.997158169746399,1.8758643865585327,0.4602241814136505,1.997684083103234,1.8702802159645613,0.5,1.443079948425293,1.8924438953399658,0.43104609847068787,1.431999266640119,1.879921385972559,0.5
16.03,TRACK,1.4418814182281494,1.2999883890151978,0.41458335518836975,1.4356130007554337,1.3042688048510274,0.5,2.1461188793182373,1.2257221937179565,0.4629833698272705,2.128821424913864,1.2393045571054397,0.5,1.997488021850586,1.8735997676849365,0.4637274146080017,1.9977465102720253,1.870613924822512,0.5,1.443079948425293,1.8924438953399658,0.43104609847068787,1.4323146164362341,1.8802314753613552,0.5
16.05,TRACK,1.4418814182281494,1.2999883890151978,0.41458335518836975,1.4359169887710086,1.3054205163802324,0.5,2.1461188793182373,1.2257221937179565,0.4629833698272705,2.1286954446700554,1.2405787237952302,0.5,1.997488021850586,1.8735997676849365,0.4637274146080017,1.9978088108321166,1.870947041451344,0.5,1.443079948425293,1.8924438953399658,0.43104609847068787,1.4326283254089311,1.8805410200773764,0.5
16.07,TRACK,1.4418814182281494,1.2999883890151978,0.41458335518836975,1.436219370415138,1.3065637278190567,0.5,2.1461188793182373,1.2257221937179565,0.4629833698272705,2.1285695693237545,1.241850908050864,0.5,1.997488021850586,1.8735997676849365,0.4637274146080017,1.9978709852236916,1.8712795667733773,0.5,1.443079948425293,1.8924438953399658,0.43104609847068787,1.4329404037883828,1.8808500210562278,0.5
16.09,TRACK,1.4495187997817993,1.3064806461334229,0.4160290062427521,1.4365201557944645,1.307698521475277,0.5,2.1448915004730225,1.2276816368103027,0.4598747491836548,2.1284437991733793,1.2431211128953297,0.5,1.997488021850586,1.8735997676849365,0.4637274146080017,1.9979330338823216,1.871611501710308,0.5,1.443079948425293,1.8924438953399658,0.43104609847068787,1.433250861724131,1.8811584792310994,0.5
16.11,TRACK,1.4495187997817993,1.3064806461334229,0.4160290062427521,1.4368193549400994,1.308824978632811,0.5,2.1448915004730225,1.2276816368103027,0.4598747491836548,2.1283181345114115,1.2443893413505238,0.5,1.997488021850586,1.8735997676849365,0.4637274146080017,1.9979949572389315,1.8719428471833195,0.5,1.4413028955459595,1.8945585489273071,0.42632851004600525,1.4335597092858963,1.8814663955327902,0.5
16.13,TRACK,1.4495187997817993,1.3064806461334229,0.4160290062427521,1.4371169778074464,1.309943179565525,0.5,2.1448915004730225,1.2276816368103027,0.4598747491836548,2.128192575624446,1.2456555964373006,0.5,1.9981176853179932,1.8749794960021973,0.46661069989204407,1.9980567557197642,1.8722736041131933,0.5,1.4413028955459595,1.8945585489273071,0.42632851004600525,1.4338669564643747,1.881773770889733,0.5
16.15,TRACK,1.4495187997817993,1.3064806461334229,0.4160290062427521,1.437413034276259,1.3110532035513216,0.5,2.1448915004730225,1.2276816368103027,0.4598747491836548,2.1280671227932824,1.2469198811754107,0.5,1.9981176853179932,1.8749794960021973,0.46661069989204407,1.9981184297463523,1.8726037734204217,0.5,1.4413028955459595,1.8945585489273071,0.42632851004600525,1.4341726131720252,1.8820806062280222,0.5
16.169,TRACK,1.4495187997817993,1.3064806461334229,0.4160290062427521,1.437707534150864,1.312155128886357,0.5,2.1448915004730225,1.2276816368103027,0.4598747491836548,2.127941776293037,1.2481821985833665,0.5,1.9981176853179932,1.8749794960021973,0.46661069989204407,1.9981799797355013,1.8729333560253096,0.5,1.4413028955459595,1.8945585489273071,0.42632851004600525,1.4344766892438447,1.882386902471443,0.5
16.19,TRACK,1.4573360681533813,1.3109817504882812,0.41737276315689087,1.4380004871605037,1.3132490328992763,0.5,2.143547773361206,1.2342438697814941,0.46193429827690125,2.1278165363932646,1.249442551678259,0.5,1.9981176853179932,1.8749794960021973,0.46661069989204407,1.9982414060992837,1.8732623528480674,0.5,1.4413028955459595,1.8945585489273071,0.42632851004600525,1.434779194438135,1.8826926605415055,0.5
16.21,TRACK,1.4573360681533813,1.3109817504882812,0.41737276315689087,1.4382919029597618,1.3143349919653957,0.5,2.143547773361206,1.2342438697814941,0.46193429827690125,2.127691403358082,1.2507009434755472,0.5,1.9981176853179932,1.8749794960021973,0.46661069989204407,1.9983027092450467,1.873590764808892,0.5,1.439396858215332,1.8982038497924805,0.425489217042923,1.4350801384372567,1.882997881357477,0.5
16.229,TRACK,1.4573360681533813,1.3109817504882812,0.41737276315689087,1.4385817911290504,1.3154130815207778,0.5,2.143547773361206,1.2342438697814941,0.46193429827690125,2.1275663774462887,1.2519573769888317,0.5,1.998986005783081,1.8793073892593384,0.4677647352218628,1.998363889575432,1.8739185928280375,0.5,1.439396858215332,1.8982038497924805,0.425489217042923,1.4353795308483785,1.883302565836419,0.5
16.25,TRACK,1.4573360681533813,1.3109817504882812,0.41737276315689087,1.4388701611751382,1.3164833760761643,0.5,2.143547773361206,1.2342438697814941,0.46193429827690125,2.1274414589114823,1.2532118552296236,0.5,1.998986005783081,1.8793073892593384,0.4677647352218628,1.9984249474884077,1.8742458378258708,0.5,1.439396858215332,1.8982038497924805,0.425489217042923,1.435677381204213,1.8836067148932247,0.5
16.27,TRACK,1.4573360681533813,1.3109817504882812,0.41737276315689087,1.4391570225317103,1.3175459492307413,0.5,2.143547773361206,1.2342438697814941,0.46193429827690125,2.1273166480021657,1.254464381207115,0.5,1.998986005783081,1.8793073892593384,0.4677647352218628,1.99848588337731,1.8745725007229177,0.5,1.439396858215332,1.8982038497924805,0.425489217042923,1.4359736989637455,1.8839103294406556,0.5
16.289,TRACK,1.4611395597457886,1.313346028327942,0.42005839943885803,1.4394423845599484,1.318600873685722,0.5,2.1410772800445557,1.2419254779815674,0.46420007944107056,2.1271919449618495,1.2557149579279534,0.5,1.998986005783081,1.8793073892593384,0.4677647352218628,1.998546697630895,1.8748985824398963,0.5,1.439396858215332,1.8982038497924805,0.425489217042923,1.4362684935129555,1.8842134103893822,0.5
16.309,TRACK,1.4611395597457886,1.313346028327942,0.42005839943885803,1.439726256549126,1.319648221257734,0.5,2.1410772800445557,1.2419254779815674,0.46420007944107056,2.1270673500291437,1.2569635883960286,0.5,1.998986005783081,1.8793073892593384,0.4677647352218628,1.9986073906333974,1.8752240838977408,0.5,1.4378050565719604,1.9004548788070679,0.42680758237838745,1.436561774165528,1.8845159586480222,0.5
16.33,TRACK,1.4611395597457886,1.313346028327942,0.42005839943885803,1.4400086477172136,1.3206880628920064,0.5,2.1410772800445557,1.2419254779815674,0.46420007944107056,2.1269428634378422,1.2582102756122673,0.5,2.002075672149658,1.8821862936019897,0.4655914008617401,1.9986679627645962,1.8755490060176154,0.5,1.4378050565719604,1.9004548788070679,0.42680758237838745,1.4368535501635586,1.8848179751231808,0.5
16.35,TRACK,1.4611395597457886,1.313346028327942,0.42005839943885803,1.44028956721149,1.3217204686753514,0.5,2.1410772800445557,1.2419254779815674,0.46420007944107056,2.1268184854170045,1.2594550225744416,0.5,2.002075672149658,1.8821862936019897,0.4655914008617401,1.998728414399886,1.8758733497209192,0.5,1.4378050565719604,1.9004548788070679,0.42680758237838745,1.4371438306782485,1.8851194607194894,0.5
16.37,TRACK,1.4611395597457886,1.313346028327942,0.42005839943885803,1.4405690241091587,1.3227455078489394,0.5,2.1410772800445557,1.2419254779815674,0.46420007944107056,2.126694216191026,1.2606978322769904,0.5,2.002075672149658,1.8821862936019897,0.4655914008617401,1.9987887459103526,1.8761971159292832,0.5,1.4378050565719604,1.9004548788070679,0.42680758237838745,1.4374326248105942,1.8854204163396446,0.5
16.389,TRACK,1.4612098932266235,1.3157576322555542,0.42063385248184204,1.4408470274179646,1.323763248820867,0.5,2.138767957687378,1.2506029605865479,0.4653714895248413,2.1265700559797085,1.2619387077108533,0.5,2.002075672149658,1.8821862936019897,0.4655914008617401,1.9988489576628516,1.8765203055645612,0.5,1.4378050565719604,1.9004548788070679,0.42680758237838745,1.4377199415920678,1.8857208428844467,0.5
16.409,TRACK,1.4612098932266235,1.3157576322555542,0.42063385248184204,1.4411235860768126,1.3247737591785176,0.5,2.138767957687378,1.2506029605865479,0.4653714895248413,2.126446004998319,1.2631776518633182,0.5,2.002075672149658,1.8821862936019897,0.4655914008617401,1.998909050020089,1.876842919548813,0.5,1.4403038024902344,1.901443600654602,0.4271507263183594,1.4380057899852907,1.8860207412528376,0.5
16.429,TRACK,1.4612098932266235,1.3157576322555542,0.42063385248184204,1.4413987089563847,1.3257771057007175,0.5,2.138767957687378,1.2506029605865479,0.4653714895248413,2.126322063457653,1.2644146677178822,0.5,2.004091262817383,1.886230707168579,0.46359050273895264,1.9989690233407051,1.877164958804284,0.5,1.4403038024902344,1.901443600654602,0.4271507263183594,1.438290178884699,1.8863201123419366,0.5
16.452,TRACK,1.4612098932266235,1.3157576322555542,0.42063385248184204,1.4416724048597558,1.3267733543696882,0.5,2.138767957687378,1.2506029605865479,0.4653714895248413,2.126198231564086,1.2656497582541228,0.5,2.004091262817383,1.886230707168579,0.46359050273895264,1.9990288779793566,1.8774864242533784,0.5,1.4403038024902344,1.901443600654602,0.4271507263183594,1.4385731171172023,1.8866189570470768,0.5
16.469,TRACK,1.4612098932266235,1.3157576322555542,0.42063385248184204,1.4419446825230067,1.327762570382797,0.5,2.138767957687378,1.2506029605865479,0.4653714895248413,2.1260745095196283,1.2668829264475825,0.5,2.004091262817383,1.886230707168579,0.46359050273895264,1.9990886142868018,1.8778073168186298,0.5,1.4403038024902344,1.901443600654602,0.4271507263183594,1.4388546134428348,1.8869172762618378,0.5
16.49,TRACK,1.4600863456726074,1.3182498216629028,0.4199720621109009,1.442215550615835,1.32874481816411,0.5,2.1367287635803223,1.2561230659484863,0.46259257197380066,2.125950897521973,1.268114175269665,0.5,2.004091262817383,1.886230707168579,0.46359050273895264,1.999148232609983,1.8781276374226679,0.5,1.4403038024902344,1.901443600654602,0.4271507263183594,1.4391346765553992,1.8872150708780795,0.5
16.509,TRACK,1.4600863456726074,1.3182498216629028,0.4199720621109009,1.4424850177421622,1.3297201613757474,0.5,2.1367287635803223,1.2561230659484863,0.46259257197380066,2.125827395764546,1.2693435076875408,0.5,2.004091262817383,1.886230707168579,0.46359050273895264,1.9992077332921099,1.8784473869881826,0.5,1.4470208883285522,1.901978850364685,0.42545172572135925,1.4394133150831028,1.8875123417859732,0.5
16.53,TRACK,1.4600863456726074,1.3182498216629028,0.4199720621109009,1.4427530924407368,1.3306886629290489,0.5,2.1367287635803223,1.2561230659484863,0.46259257197380066,2.1257040044365487,1.2705709266640628,0.5,2.003582715988159,1.89236319065094,0.46556827425956726,1.9992671166727416,1.8787665664378865,0.5,1.4470208883285522,1.901978850364685,0.42545172572135925,1.439690537589188,1.88780908987403,0.5
16.55,TRACK,1.4600863456726074,1.3182498216629028,0.4199720621109009,1.4430197831857334,1.3316503849955448,0.5,2.1367287635803223,1.2561230659484863,0.46259257197380066,2.125580723723006,1.2717964351576916,0.5,2.003582715988159,1.89236319065094,0.46556827425956726,1.999326383087866,1.879085176694474,0.5,1.4470208883285522,1.901978850364685,0.42545172572135925,1.4399663525725532,1.8881053160291308,0.5
16.57,TRACK,1.4600863456726074,1.3182498216629028,0.4199720621109009,1.4432850983873484,1.3326053890177434,0.5,2.1367287635803223,1.2561230659484863,0.46259257197380066,2.125457553804808,1.2730200361224289,0.5,2.003582715988159,1.89236319065094,0.46556827425956726,1.9993855328699797,1.8794032186805811,0.5,1.4470208883285522,1.901978850364685,0.42545172572135925,1.4402407684683693,1.8884010211365512,0.5
16.59,TRACK,1.4600863456726074,1.3182498216629028,0.4199720621109009,1.44354904639239,1.3335537357197327,0.5,2.1367287635803223,1.2561230659484863,0.46259257197380066,2.1253344948587527,1.2742417325077595,0.5,2.003582715988159,1.89236319065094,0.46556827425956726,1.9994445663481641,1.8797206933187434,0.5,1.4470208883285522,1.901978850364685,0.42545172572135925,1.4405137936486876,1.8886962060799863,0.5
16.61,TRACK,1.459273099899292,1.322841763496399,0.42048710584640503,1.4438116354848636,1.334495485117601,0.5,2.135045289993286,1.2624397277832031,0.46020400524139404,2.1252115470575883,1.2754615272585992,0.5,2.003582715988159,1.89236319065094,0.46556827425956726,1.9995034838481611,1.880037601531353,0.5,1.4524633884429932,1.9037978649139404,0.4242073595523834,1.4407854364230406,1.8889908717415747,0.5
16.629,TRACK,1.459273099899292,1.322841763496399,0.42048710584640503,1.4440728738865538,1.335430696529681,0.5,2.135045289993286,1.2624397277832031,0.46020400524139404,2.125088710570055,1.2766794233152505,0.5,2.0040781497955322,1.8971420526504517,0.4627869725227356,1.9995622856924453,1.8803539442406159,0.5,1.4524633884429932,1.9037978649139404,0.4242073595523834,1.441055705039037,1.8892850190019188,0.5
16.65,TRACK,1.459273099899292,1.322841763496399,0.42048710584640503,1.444332769757599,1.336359428586618,0.5,2.135045289993286,1.2624397277832031,0.46020400524139404,2.124965985560926,1.2778954236133644,0.5,2.0040781497955322,1.8971420526504517,0.4627869725227356,1.9996209722002949,1.8806697223685094,0.5,1.4524633884429932,1.9037978649139404,0.4242073595523834,1.4413246076829485,1.8895786487401054,0.5
16.67,TRACK,1.459273099899292,1.322841763496399,0.42048710584640503,1.4445913311970626,1.3372817392412668,0.5,2.135045289993286,1.2624397277832031,0.46020400524139404,2.124843372191048,1.2791095310839065,0.5,2.0040781497955322,1.8971420526504517,0.4627869725227356,1.9996795436878607,1.8809849368367395,0.5,1.4524633884429932,1.9037978649139404,0.4242073595523834,1.4415921524802917,1.8898717618337229,0.5
16.689,TRACK,1.4597128629684448,1.3296606540679932,0.42077359557151794,1.4448485662434984,1.3381976857784188,0.5,2.1332080364227295,1.2687844038009644,0.459360808134079,2.124720870617381,1.2803217486531293,0.5,2.0040781497955322,1.8971420526504517,0.4627869725227356,1.999738000468232,1.881299588566698,0.5,1.4524633884429932,1.9037978649139404,0.4242073595523834,1.441858347496401,1.8901643591588784,0.5
16.709,TRACK,1.4597128629684448,1.3296606540679932,0.42077359557151794,1.4451044828755113,1.3391073248243663,0.5,2.1332080364227295,1.2687844038009644,0.459360808134079,2.12459848099304,1.2815320792425489,0.5,2.0040781497955322,1.8971420526504517,0.4627869725227356,1.9997963428515004,1.8816136784794215,0.5,1.4571396112442017,1.9060508012771606,0.4224753975868225,1.442123200736997,1.8904564415902132,0.5
16.73,TRACK,1.4597128629684448,1.3296606540679932,0.42077359557151794,1.4453590890123116,1.340010712356302,0.5,2.1332080364227295,1.2687844038009644,0.459360808134079,2.1244762034673355,1.2827405257689244,0.5,2.0043129920959473,1.9007974863052368,0.46328553557395935,1.9998545711448226,1.8819272074955502,0.5,1.4571396112442017,1.9060508012771606,0.4224753975868225,1.4423867201487461,1.8907480100009153,0.5
16.75,TRACK,1.4597128629684448,1.3296606540679932,0.42077359557151794,1.4456123925142648,1.3409079037115592,0.5,2.1332080364227295,1.2687844038009644,0.459360808134079,2.124354038185813,1.2839470911442437,0.5,2.0043129920959473,1.9007974863052368,0.46328553557395935,1.9999126856524787,1.8822401765352876,0.5,1.4571396112442017,1.9060508012771606,0.4224753975868225,1.442648913619816,1.8910390652627318,0.5
16.77,TRACK,1.4597128629684448,1.3296606540679932,0.42077359557151794,1.445864401183436,1.3417989535966959,0.5,2.1332080364227295,1.2687844038009644,0.459360808134079,2.124231985290295,1.2851517782757094,0.5,2.0043129920959473,1.9007974863052368,0.46328553557395935,1.9999706866759313,1.8825525865183617,0.5,1.4571396112442017,1.9060508012771606,0.4224753975868225,1.4429097889804228,1.89132960824598,0.5
16.789,TRACK,1.4601824283599854,1.335553765296936,0.41983166337013245,1.446115122764129,1.3426839160964255,0.5,2.131220817565918,1.2760964632034302,0.46023017168045044,2.1241100449189187,1.2863545900657298,0.5,2.0043129920959473,1.9007974863052368,0.46328553557395935,2.0000285745138795,1.882864438363986,0.5,1.4571396112442017,1.9060508012771606,0.4224753975868225,1.4431693540033728,1.8916196398195568,0.5
16.809,TRACK,1.4601824283599854,1.335553765296936,0.41983166337013245,1.4463645649434176,1.3435628446823955,0.5,2.131220817565918,1.2760964632034302,0.46023017168045044,2.1239882172061795,1.2875555294119116,0.5,2.0043129920959473,1.9007974863052368,0.46328553557395935,2.0000863494623133,1.8831757329908236,0.5,1.4618172645568848,1.909035563468933,0.42256292700767517,1.4434276164045976,1.8919091608509464,0.5
16.83,TRACK,1.4601824283599854,1.335553765296936,0.41983166337013245,1.446612735351676,1.34443579222182,0.5,2.131220817565918,1.2760964632034302,0.46023017168045044,2.1238665022829695,1.2887545992070553,0.5,1.9990131855010986,1.8978184461593628,0.46085670590400696,2.000144011814566,1.8834864713169495,0.5,1.4618172645568848,1.909035563468933,0.42256292700767517,1.4436845838436836,1.8921981722062273,0.5
16.85,TRACK,1.4601824283599854,1.335553765296936,0.41983166337013245,1.4468596415630999,1.345302810985965,0.5,2.131220817565918,1.2760964632034302,0.46023017168045044,2.1237449002766184,1.2899518023391516,0.5,1.9990131855010986,1.8978184461593628,0.46085670590400696,2.0002015618613607,1.8837966542598172,0.5,1.4618172645568848,1.909035563468933,0.42256292700767517,1.4439402639243935,1.8924866747500788,0.5
16.87,TRACK,1.4601824283599854,1.335553765296936,0.41983166337013245,1.447105291096223,1.3461639526584934,0.5,2.131220817565918,1.2760964632034302,0.46023017168045044,2.123623411310935,1.2911471416913818,0.5,1.9990131855010986,1.8978184461593628,0.46085670590400696,2.0002589998908618,1.884106282736224,0.5,1.4618172645568848,1.909035563468933,0.42256292700767517,1.444194664195184,1.892774669345785,0.5
16.889,TRACK,1.4606602191925049,1.3398314714431763,0.4174644947052002,1.4473496914144297,1.347019268343668,0.5,2.1282951831817627,1.2835109233856201,0.46070313453674316,2.1235020355062457,1.2923406201421168,0.5,1.9990131855010986,1.8978184461593628,0.46085670590400696,2.0003163261887185,1.8844153576622786,0.5,1.4618172645568848,1.909035563468933,0.42256292700767517,1.4444477921497167,1.8930621568552395,0.5
16.91,TRACK,1.4606602191925049,1.3398314714431763,0.4174644947052002,1.447592849926461,1.3478688085744193,0.5,2.1282951831817627,1.2835109233856201,0.46070313453674316,2.1233807729794374,1.2935322405649194,0.5,1.9990131855010986,1.8978184461593628,0.46085670590400696,2.0003735410381114,1.8847238799533697,0.5,1.4638372659683228,1.9122241735458374,0.4218723177909851,1.4446996552273625,1.8933491381389482,0.5
16.93,TRACK,1.4606602191925049,1.3398314714431763,0.4174644947052002,1.4478347739869144,1.3487126233202784,0.5,2.1282951831817627,1.2835109233856201,0.46070313453674316,2.123259623843996,1.294722005828548,0.5,1.9947792291641235,1.896209716796875,0.46306779980659485,2.000430644719793,1.8850318505241352,0.5,1.4638372659683228,1.9122241735458374,0.4218723177909851,1.4449502608137013,1.8936356140560309,0.5
16.95,TRACK,1.4606602191925049,1.3398314714431763,0.4174644947052002,1.4480754708967405,1.3495507619951777,0.5,2.1282951831817627,1.2835109233856201,0.46070313453674316,2.123138588210048,1.2959099187969594,0.5,1.9947792291641235,1.896209716796875,0.46306779980659485,2.00048763751213,1.885339270288434,0.5,1.4638372659683228,1.9122241735458374,0.4218723177909851,1.4451996162410135,1.8939215854642228,0.5
16.97,TRACK,1.4606602191925049,1.3398314714431763,0.4174644947052002,1.4483149479037327,1.350383273465121,0.5,2.1282951831817627,1.2835109233856201,0.46070313453674316,2.1230176661844005,1.297095982329314,0.5,1.9947792291641235,1.896209716796875,0.46306779980659485,2.0005445196911453,1.8856461401593174,0.5,1.4638372659683228,1.9122241735458374,0.4218723177909851,1.44544772878877,1.8942070532198754,0.5
16.99,TRACK,1.4613004922866821,1.3441367149353027,0.4152706563472748,1.448553212203012,1.3512102060557303,0.5,2.123643398284912,1.2910889387130737,0.45886921882629395,2.122896857870581,1.298280199279982,0.5,1.9947792291641235,1.896209716796875,0.46306779980659485,2.0006012915305544,1.8859524610490017,0.5,1.4638372659683228,1.9122241735458374,0.4218723177909851,1.445694605684112,1.8944920181779559,0.5
17.01,TRACK,1.4613004922866821,1.3441367149353027,0.4152706563472748,1.448790270937507,1.3520316075596635,0.5,2.123643398284912,1.2910889387130737,0.45886921882629395,2.1227761633688784,1.2994625724985478,0.5,1.9947792291641235,1.896209716796875,0.46306779980659485,2.000657953301803,1.8862582338688434,0.5,1.465186357498169,1.9170163869857788,0.4243289530277252,1.445940254102329,1.8947764811920476,0.5
17.03,TRACK,1.4613004922866821,1.3441367149353027,0.4152706563472748,1.4490261311984276,1.3528475252439138,0.5,2.123643398284912,1.2910889387130737,0.45886921882629395,2.1226555827763813,1.300642948267842,0.5,1.9917124509811401,1.896177053451538,0.4679681956768036,2.0007145052741038,1.8865634595293135,0.5,1.465186357498169,1.9170163869857788,0.4243289530277252,1.4461846811673282,1.8950604431143474,0.5
17.05,TRACK,1.4613004922866821,1.3441367149353027,0.4152706563472748,1.4492608000257357,1.3536580058569876,0.5,2.123643398284912,1.2910889387130737,0.45886921882629395,2.122535116175703,1.3018161239126127,0.5,1.9917124509811401,1.896177053451538,0.4679681956768036,2.000770947714472,1.8868681389399746,0.5,1.465186357498169,1.9170163869857788,0.4243289530277252,1.4464278939521018,1.8953439047956655,0.5
17.071,TRACK,1.4613004922866821,1.3441367149353027,0.4152706563472748,1.4494942844086083,1.354463095635965,0.5,2.123643398284912,1.2910889387130737,0.45886921882629395,2.1224147636204935,1.3029805930768312,0.5,1.9917124509811401,1.896177053451538,0.4679681956768036,2.000827280888009,1.8871722730096,0.5,1.465186357498169,1.9170163869857788,0.4243289530277252,1.446669899479186,1.8956268670854224,0.5
17.09,TRACK,1.4601720571517944,1.3481906652450562,0.4133492708206177,1.4497265912858974,1.3552628403134448,0.5,2.1218385696411133,1.299226999282837,0.4602454900741577,2.1222945251838463,1.3041364409696876,0.5,1.9917124509811401,1.896177053451538,0.4679681956768036,2.000883505058736,1.887475862646616,0.5,1.465186357498169,1.9170163869857788,0.4243289530277252,1.446910704721123,1.8959093308316584,0.5
17.109,TRACK,1.4601720571517944,1.3481906652450562,0.4133492708206177,1.4499577275465843,1.3560572851243784,0.5,2.1218385696411133,1.299226999282837,0.4602454900741577,2.1221744009400934,1.305283751747035,0.5,1.9917124509811401,1.896177053451538,0.4679681956768036,2.000939620488705,1.887778908759471,0.5,1.4602631330490112,1.9194022417068481,0.4281628429889679,1.4471503166009185,1.8961912968810368,0.5
17.129,TRACK,1.4601720571517944,1.3481906652450562,0.4133492708206177,1.4501877000302292,1.3568464748127913,0.5,2.1218385696411133,1.299226999282837,0.4602454900741577,2.122054390963597,1.3064226085233004,0.5,1.990491509437561,1.893611192703247,0.46932128071784973,2.0009956274372476,1.8880814122575935,0.5,1.4602631330490112,1.9194022417068481,0.4281628429889679,1.4473887419924838,1.8964727660788767,0.5
17.151,TRACK,1.4601720571517944,1.3481906652450562,0.4133492708206177,1.450416515527417,1.3576304536383978,0.5,2.1218385696411133,1.299226999282837,0.4602454900741577,2.121934495328344,1.3075530933838868,0.5,1.990491509437561,1.893611192703247,0.46932128071784973,2.0010515261603823,1.8883833740521652,0.5,1.4602631330490112,1.9194022417068481,0.4281628429889679,1.4476259877210638,1.8967537392692213,0.5
17.169,TRACK,1.4601720571517944,1.3481906652450562,0.4133492708206177,1.4506441807801937,1.358409265383113,0.5,2.1218385696411133,1.299226999282837,0.4602454900741577,2.1218147141076096,1.3086752873978706,0.5,1.990491509437561,1.893611192703247,0.46932128071784973,2.0011073169103457,1.8886847950567216,0.5,1.4602631330490112,1.9194022417068481,0.4281628429889679,1.4478620605636536,1.8970342172949246,0.5
17.189,TRACK,1.4593051671981812,1.3495666980743408,0.41505324840545654,1.4508707024825018,1.3591829533574613,0.5,2.1205010414123535,1.3073164224624634,0.46285510063171387,2.121695047373671,1.3097892706309227,0.5,1.990491509437561,1.893611192703247,0.46932128071784973,2.001162999935231,1.8889856761876043,0.5,1.4602631330490112,1.9194022417068481,0.4281628429889679,1.4480969672494077,1.897314200997746,0.5
17.21,TRACK,1.4593051671981812,1.3495666980743408,0.41505324840545654,1.4510960872806051,1.3599515604068868,0.5,2.1205010414123535,1.3073164224624634,0.46285510063171387,2.12157549519757,1.3108951221583853,0.5,1.990491509437561,1.893611192703247,0.46932128071784973,2.0012185754787164,1.889286018364286,0.5,1.455420970916748,1.9202293157577515,0.43062499165534973,1.4483307144600406,1.8975936912184528,0.5
17.229,TRACK,1.4593051671981812,1.3495666980743408,0.41505324840545654,1.4513203417735114,1.3607151289179662,0.5,2.1205010414123535,1.3073164224624634,0.46285510063171387,2.12145605764891,1.311992920078455,0.5,1.9923938512802124,1.8935303688049316,0.4710007309913635,2.0012740437798717,1.889585822509592,0.5,1.455420970916748,1.9202293157577515,0.43062499165534973,1.4485633088302219,1.8978726887969235,0.5
17.249,TRACK,1.4593051671981812,1.3495666980743408,0.41505324840545654,1.4515434725133876,1.361473700824526,0.5,2.1205010414123535,1.3073164224624634,0.46285510063171387,2.12133673479569,1.3130827415254205,0.5,1.9923938512802124,1.8935303688049316,0.4710007309913635,2.0013294050730273,1.8898850895498336,0.5,1.455420970916748,1.9202293157577515,0.43062499165534973,1.4487947569479687,1.8981511945722485,0.5
17.27,TRACK,1.4593051671981812,1.3495666980743408,0.41505324840545654,1.45176548600597,1.3622273176136648,0.5,2.1205010414123535,1.3073164224624634,0.46285510063171387,2.1212175267041693,1.3141646626829186,0.5,1.9923938512802124,1.8935303688049316,0.4710007309913635,2.001384659587699,1.890183820414866,0.5,1.455420970916748,1.9202293157577515,0.43062499165534973,1.449025065355032,1.8984292093828283,0.5
17.29,TRACK,1.4568709135055542,1.352453351020813,0.41616514325141907,1.4519863887109703,1.3629760203316854,0.5,2.1207830905914307,1.3147485256195068,0.4640686511993408,2.1210984334387537,1.3152387587971726,0.5,1.9923938512802124,1.8935303688049316,0.4710007309913635,2.00143980754856,1.8904820160380886,0.5,1.455420970916748,1.9202293157577515,0.43062499165534973,1.4492542405472826,1.8987067340664663,0.5
17.31,TRACK,1.4568709135055542,1.352453351020813,0.41616514325141907,1.452206187042475,1.363719849589932,0.5,2.1207830905914307,1.3147485256195068,0.4640686511993408,2.1209794550619074,1.3163051041901832,0.5,1.9923938512802124,1.8935303688049316,0.4710007309913635,2.0014948491754465,1.8907796773563954,0.5,1.4504612684249878,1.9185274839401245,0.43105220794677734,1.4494822889750927,1.8989837694604532,0.5
17.33,TRACK,1.4568709135055542,1.352453351020813,0.41616514325141907,1.452424887369342,1.3644588455705398,0.5,2.1207830905914307,1.3147485256195068,0.4640686511993408,2.1208605916340817,1.3173637722728524,0.5,1.9940680265426636,1.8889429569244385,0.4688703119754791,2.0015497846833994,1.8910768053100837,0.5,1.4504612684249878,1.9185274839401245,0.43105220794677734,1.449709217043717,1.899260316401646,0.5
17.35,TRACK,1.4568709135055542,1.352453351020813,0.41616514325141907,1.452642496015591,1.3651930480320948,0.5,2.1207830905914307,1.3147485256195068,0.4640686511993408,2.12074184321366,1.318414835558012,0.5,1.9940680265426636,1.8889429569244385,0.4688703119754791,2.001604614282727,1.891373400842733,0.5,1.4504612684249878,1.9185274839401245,0.43105220794677734,1.4499350311136705,1.8995363757265369,0.5
17.37,TRACK,1.4568709135055542,1.352453351020813,0.41616514325141907,1.4528590192607904,1.365922496315206,0.5,2.1207830905914307,1.3147485256195068,0.4640686511993408,2.1206232098569178,1.3194583656733458,0.5,1.9940680265426636,1.8889429569244385,0.4688703119754791,2.001659338179091,1.8916694649010573,0.5,1.4504612684249878,1.9185274839401245,0.43105220794677734,1.4501597375011057,1.8998119482713154,0.5
17.39,TRACK,1.4546476602554321,1.3569002151489258,0.4175950586795807,1.4530744633404407,1.3666472293479897,0.5,2.1217377185821533,1.3220213651657104,0.4634450078010559,2.120504691617995,1.320494433374188,0.5,1.9940680265426636,1.8889429569244385,0.4688703119754791,2.0017139565736097,1.8919649984347393,0.5,1.4504612684249878,1.9185274839401245,0.43105220794677734,1.450383342478187,1.9000870348719192,0.5
17.41,TRACK,1.4546476602554321,1.3569002151489258,0.4175950586795807,1.4532888344463524,1.3673672856514703,0.5,2.1217377185821533,1.3220213651657104,0.4634450078010559,2.1203862885488753,1.3215231085561852,0.5,1.9940680265426636,1.8889429569244385,0.4688703119754791,2.0017684696629696,1.8922600023962495,0.5,1.4496089220046997,1.916936993598938,0.43048378825187683,1.4506058522734642,1.9003616363640798,0.5
17.43,TRACK,1.4546476602554321,1.3569002151489258,0.4175950586795807,1.4535021387270215,1.3680827033448941,0.5,2.1217377185821533,1.3220213651657104,0.4634450078010559,2.120268000699379,1.3225444602678156,0.5,1.9952683448791504,1.8827059268951416,0.46258053183555603,2.001822877639551,1.892554477740655,0.5,1.4496089220046997,1.916936993598938,0.43048378825187683,1.4508272730722442,1.9006357535833571,0.5
17.45,TRACK,1.4546476602554321,1.3569002151489258,0.4175950586795807,1.453714382288,1.368793520150962,0.5,2.1217377185821533,1.3220213651657104,0.4634450078010559,2.1201498281171585,1.323558556722752,0.5,1.9952683448791504,1.8827059268951416,0.46258053183555603,2.001877180691561,1.8928484254254223,0.5,1.4496089220046997,1.916936993598938,0.43048378825187683,1.451047611016961,1.900909387365167,0.5
17.47,TRACK,1.4546476602554321,1.3569002151489258,0.4175950586795807,1.4539255711922645,1.3694997734009784,0.5,2.1217377185821533,1.3220213651657104,0.4634450078010559,2.120031770847703,1.3245654653120664,0.5,1.9952683448791504,1.8827059268951416,0.46258053183555603,2.001931379003167,1.8931418464102148,0.5,1.4496089220046997,1.916936993598938,0.43048378825187683,1.4512668722075426,1.9011825385448013,0.5
17.49,TRACK,1.4521828889846802,1.363424301147461,0.4157201647758484,1.4541357114605786,1.3702015000399195,0.5,2.1226181983947754,1.3286027908325195,0.4615326523780823,2.1199138289343478,1.3255652526162698,0.5,1.9952683448791504,1.8827059268951416,0.46258053183555603,2.001985472754638,1.8934347416566908,0.5,1.4496089220046997,1.916936993598938,0.43048378825187683,1.4514850627017766,1.90145520795744,0.5
17.51,TRACK,1.4521828889846802,1.363424301147461,0.4157201647758484,1.4543448090718554,1.3708987366314225,0.5,2.1226181983947754,1.3286027908325195,0.4615326523780823,2.1197960024182865,1.3265579844171822,0.5,1.9952683448791504,1.8827059268951416,0.46258053183555603,2.002039462122487,1.893727112128301,0.5,1.4510334730148315,1.9157520532608032,0.43012115359306335,1.451702188515674,1.9017273964381571,0.5
17.53,TRACK,1.4521828889846802,1.363424301147461,0.4157201647758484,1.4545528699635129,1.3715915193626949,0.5,2.1226181983947754,1.3286027908325195,0.4615326523780823,2.1196782913385883,1.3275437257096316,0.5,1.9970855712890625,1.877703070640564,0.46018537878990173,2.002093347279609,1.8940189587900877,0.5,1.4510334730148315,1.9157520532608032,0.43012115359306335,1.4519182556238308,1.90199910482192,0.5
17.551,TRACK,1.4521828889846802,1.363424301147461,0.4157201647758484,1.4547599000318296,1.3722798840493478,0.5,2.1226181983947754,1.3286027908325195,0.4615326523780823,2.1195606957322184,1.3285225407129793,0.5,1.9970855712890625,1.877703070640564,0.46018537878990173,2.0021471283954253,1.8943102826084877,0.5,1.4510334730148315,1.9157520532608032,0.43012115359306335,1.4521332699597853,1.9022703339435834,0.5
17.57,TRACK,1.4521828889846802,1.363424301147461,0.4157201647758484,1.454965905132294,1.372963866140152,0.5,2.1226181983947754,1.3286027908325195,0.4615326523780823,2.1194432156340586,1.3294944928824686,0.5,1.9970855712890625,1.877703070640564,0.46018537878990173,2.0022008056360208,1.8946010845511405,0.5,1.4510334730148315,1.9157520532608032,0.43012115359306335,1.4523472374163755,1.9025410846378765,0.5
17.59,TRACK,1.4491480588912964,1.3715126514434814,0.4134461283683777,1.455170891079953,1.3736435007217196,0.5,2.1231112480163574,1.3359570503234863,0.4605778157711029,2.1193258510769324,1.3304596449204005,0.5,1.9970855712890625,1.877703070640564,0.46018537878990173,2.0022543791642815,1.8948913655867017,0.5,1.4510334730148315,1.9157520532608032,0.43012115359306335,1.4525601638460923,1.9028113577393875,0.5
17.61,TRACK,1.4491480588912964,1.3715126514434814,0.4134461283683777,1.4553748636497552,1.3743188225231124,0.5,2.1231112480163574,1.3359570503234863,0.4605778157711029,2.11920860209163,1.3314180587871316,0.5,1.9970855712890625,1.877703070640564,0.46018537878990173,2.002307849140028,1.89518112668466,0.5,1.4542255401611328,1.9135682582855225,0.42819589376449585,1.4527720550614294,1.9030811540825419,0.5
17.63,TRACK,1.4491480588912964,1.3715126514434814,0.4134461283683777,1.4555778285768934,1.3749898659203772,0.5,2.1231112480163574,1.3359570503234863,0.4605778157711029,2.1190914687069333,1.3323697957118976,0.5,1.9941703081130981,1.8711024522781372,0.4585869312286377,2.0023612157201485,1.8954703688151644,0.5,1.4542255401611328,1.9135682582855225,0.42819589376449585,1.4529829168352322,1.9033504745015781,0.5
17.65,TRACK,1.4491480588912964,1.3715126514434814,0.4134461283683777,1.455779791557142,1.3756566649410111,0.5,2.1231112480163574,1.3359570503234863,0.4605778157711029,2.1189744509496466,1.3333149162034628,0.5,1.9941703081130981,1.8711024522781372,0.4585869312286377,2.0024144790587224,1.895759092948854,0.5,1.4542255401611328,1.9135682582855225,0.42819589376449585,1.4531927549010424,1.9036193198305194,0.5
17.67,TRACK,1.4491480588912964,1.3715126514434814,0.4134461283683777,1.4559807582471926,1.3763192532683557,0.5,2.1231112480163574,1.3359570503234863,0.4605778157711029,2.11885754884462,1.334253480060595,0.5,1.9941703081130981,1.8711024522781372,0.4585869312286377,2.002467639307146,1.8960473000566982,0.5,1.4542255401611328,1.9135682582855225,0.42819589376449585,1.453401574953439,1.9038876909031417,0.5
17.69,TRACK,1.4491480588912964,1.3715126514434814,0.4134461283683777,1.4561807342649862,1.376977664245924,0.5,2.1231112480163574,1.3359570503234863,0.4605778157711029,2.118740762414781,1.3351855463823707,0.5,1.9941703081130981,1.8711024522781372,0.4585869312286377,2.0025206966142517,1.896334991109841,0.5,1.4542255401611328,1.9135682582855225,0.42819589376449585,1.4536093826483787,1.9041555885529409,0.5
17.71,TRACK,1.4463216066360474,1.3793935775756836,0.4095039963722229,1.4563797251900412,1.3776319308816594,0.5,2.1235384941101074,1.3429622650146484,0.4608965814113617,2.118624091681159,1.3361111735783089,0.5,1.9941703081130981,1.8711024522781372,0.4585869312286377,2.002573651126422,1.8966221670794539,0.5,1.4591577053070068,1.9122893810272217,0.4282419979572296,1.45381618360353,1.9044230136130962,0.5
17.73,TRACK,1.4463216066360474,1.3793935775756836,0.4095039963722229,1.4565777365637815,1.3782820858521292,0.5,2.1235384941101074,1.3429622650146484,0.4608965814113617,2.1185075366629182,1.3370304193783367,0.5,1.99112069606781,1.8691487312316895,0.45953652262687683,2.0026265029877006,1.896908828936595,0.5,1.4591577053070068,1.9122893810272217,0.4282419979572296,1.4540219833986059,1.9046899669164319,0.5
17.75,TRACK,1.4463216066360474,1.3793935775756836,0.4095039963722229,1.4567747738898582,1.3789281615066529,0.5,2.1235384941101074,1.3429622650146484,0.4608965814113617,2.118391097377382,1.3379433408425905,0.5,1.99112069606781,1.8691487312316895,0.45953652262687683,2.0026792523399,1.8971949776520758,0.5,1.4591577053070068,1.9122893810272217,0.4282419979572296,1.454226787575694,1.9049564492953788,0.5
17.77,TRACK,1.4463216066360474,1.3793935775756836,0.4095039963722229,1.4569708426344705,1.3795701898713673,0.5,2.1235384941101074,1.3429622650146484,0.4608965814113617,2.1182747738400605,1.3388499943710512,0.5,1.99112069606781,1.8691487312316895,0.45953652262687683,2.0027318993227023,1.8974806141963332,0.5,1.4591577053070068,1.9122893810272217,0.4282419979572296,1.4544306016395812,1.9052224615819329,0.5
17.789,TRACK,1.4445016384124756,1.3868378400802612,0.40728500485420227,1.4571659482266823,1.3802082026532287,0.5,2.123037815093994,1.3503373861312866,0.4608169496059418,2.1181585660646802,1.3397504357130203,0.5,1.99112069606781,1.8691487312316895,0.45953652262687683,2.002784444073758,1.8977657395393093,0.5,1.4591577053070068,1.9122893810272217,0.4282419979572296,1.4546334310580769,1.9054880046076137,0.5
17.809,TRACK,1.4445016384124756,1.3868378400802612,0.40728500485420227,1.4573600960587374,1.3808422312439557,0.5,2.123037815093994,1.3503373861312866,0.4608169496059418,2.1180424740632096,1.3406447199764346,0.5,1.99112069606781,1.8691487312316895,0.45953652262687683,2.0028368867287805,1.8980503546503362,0.5,1.4637056589126587,1.9130182266235352,0.4305911660194397,1.454835281262332,1.905753079203422,0.5
17.829,TRACK,1.4445016384124756,1.3868378400802612,0.40728500485420227,1.4575532914863707,1.3814723067239094,0.5,2.123037815093994,1.3503373861312866,0.4608169496059418,2.117926497845886,1.3415329016370268,0.5,1.9900524616241455,1.873028039932251,0.46307241916656494,2.0028892274216354,1.8983344604980286,0.5,1.4637056589126587,1.9130182266235352,0.4305911660194397,1.4550361576471547,1.9060176861997975,0.5
17.85,TRACK,1.4445016384124756,1.3868378400802612,0.40728500485420227,1.4577455398291164,1.3820984598659172,0.5,2.123037815093994,1.3503373861312866,0.4608169496059418,2.1178106374212424,1.34241503454733,0.5,1.9900524616241455,1.873028039932251,0.46307241916656494,2.0029414662844274,1.8986180580501806,0.5,1.4637056589126587,1.9130182266235352,0.4305911660194397,1.4552360655713235,1.9062818264265746,0.5
17.869,TRACK,1.4445016384124756,1.3868378400802612,0.40728500485420227,1.4579368463706137,1.3827207211390378,0.5,2.123037815093994,1.3503373861312866,0.4608169496059418,2.1176948927961314,1.3432911719455323,0.5,1.9900524616241455,1.873028039932251,0.46307241916656494,2.002993603447582,1.898901148273669,0.5,1.4637056589126587,1.9130182266235352,0.4305911660194397,1.455435010357896,1.9065455007129406,0.5
17.889,TRACK,1.4424229860305786,1.3950618505477905,0.40656039118766785,1.45812721635891,1.3833391207122698,0.5,2.122354745864868,1.357225775718689,0.4593842327594757,2.117579263975751,1.3441613664641814,0.5,1.9900524616241455,1.873028039932251,0.46307241916656494,2.003045639039925,1.8991837321343616,0.5,1.4637056589126587,1.9130182266235352,0.4305911660194397,1.4556329972945146,1.9068087098873916,0.5
17.91,TRACK,1.4424229860305786,1.3950618505477905,0.40656039118766785,1.4583166550067603,1.3839536884582053,0.5,2.122354745864868,1.357225775718689,0.4593842327594757,2.1174637509636707,1.345025670138744,0.5,1.9900524616241455,1.873028039932251,0.46307241916656494,2.0030975731887555,1.8994658105970312,0.5,1.4680447578430176,1.9177374839782715,0.4328376352787018,1.4558300316337094,1.9070714547776897,0.5
17.93,TRACK,1.4424229860305786,1.3950618505477905,0.40656039118766785,1.4585051674919243,1.3845644539566282,0.5,2.122354745864868,1.357225775718689,0.4593842327594757,2.117348353761853,1.345884134416021,0.5,1.990781545639038,1.8777769804000854,0.4619576334953308,2.0031494060199204,1.8997473846252737,0.5,1.4680447578430176,1.9177374839782715,0.4328376352787018,1.4560261185931973,1.9073337362108214,0.5
17.95,TRACK,1.4424229860305786,1.3950618505477905,0.40656039118766785,1.4586927589574608,1.3851714464980602,0.5,2.122354745864868,1.357225775718689,0.4593842327594757,2.117233072370678,1.3467368101624209,0.5,1.990781545639038,1.8777769804000854,0.4619576334953308,2.0032011376578813,1.9000284551814308,0.5,1.4680447578430176,1.9177374839782715,0.4328376352787018,1.4562212633561777,1.9075955550129549,0.5
17.97,TRACK,1.4424229860305786,1.3950618505477905,0.40656039118766785,1.4588794345120184,1.3857746950872538,0.5,2.122354745864868,1.357225775718689,0.4593842327594757,2.1171179067889665,1.3475837476720964,0.5,1.990781545639038,1.8777769804000854,0.4619576334953308,2.0032527682257797,1.9003090232265183,0.5,1.4680447578430176,1.9177374839782715,0.4328376352787018,1.4564154710716257,1.9078569120093984,0.5
17.99,TRACK,1.4434733390808105,1.4010754823684692,0.4042733311653137,1.4590651992301253,1.3863742284466334,0.5,2.120502471923828,1.3643399477005005,0.45731332898139954,2.1170028570140023,1.3484249966749433,0.5,1.990781545639038,1.8777769804000854,0.4619576334953308,2.0033042978455002,1.900589089720157,0.5,1.4680447578430176,1.9177374839782715,0.4328376352787018,1.456608746854581,1.9081178080245609,0.5
18.009,TRACK,1.4434733390808105,1.4010754823684692,0.4042733311653137,1.4592500581524732,1.3869700750196885,0.5,2.120502471923828,1.3643399477005005,0.45731332898139954,2.1168879230415536,1.3492606063444672,0.5,1.990781545639038,1.8777769804000854,0.4619576334953308,2.003355726637729,1.9008686556205088,0.5,1.4708465337753296,1.9236522912979126,0.43475034832954407,1.4568010957864341,1.9083782438819106,0.5
18.03,TRACK,1.4434733390808105,1.4010754823684692,0.4042733311653137,1.4594340162862018,1.387562262974314,0.5,2.120502471923828,1.3643399477005005,0.45731332898139954,2.1167731048658953,1.3500906253055187,0.5,1.993370532989502,1.883655309677124,0.4588235914707184,2.003407054722012,1.9011477218842159,0.5,1.4708465337753296,1.9236522912979126,0.43475034832954407,1.4569925229152096,1.9086382204039367,0.5
18.051,TRACK,1.4434733390808105,1.4010754823684692,0.4042733311653137,1.459617078605178,1.3881508202061048,0.5,2.120502471923828,1.3643399477005005,0.45731332898139954,2.1166584024798287,1.3509151016419003,0.5,1.993370532989502,1.883655309677124,0.4588235914707184,2.0034582822168066,1.9014262894663436,0.5,1.4708465337753296,1.9236522912979126,0.43475034832954407,1.4571830332558457,1.9088977384121115,0.5
18.069,TRACK,1.4434733390808105,1.4010754823684692,0.4042733311653137,1.4597992500502734,1.388735774341601,0.5,2.120502471923828,1.3643399477005005,0.45731332898139954,2.1165438158747034,1.3517340829038471,0.5,1.993370532989502,1.883655309677124,0.4588235914707184,2.0035094092395362,1.9017043593203269,0.5,1.4708465337753296,1.9236522912979126,0.43475034832954407,1.4573726317904712,1.9091567987268525,0.5
18.09,TRACK,1.447304368019104,1.406454086303711,0.40224263072013855,1.4599805355296391,1.3893171527414871,0.5,2.1176764965057373,1.3714537620544434,0.45576000213623047,2.1164293450404355,1.3525476161153835,0.5,1.993370532989502,1.883655309677124,0.4588235914707184,2.003560435906638,1.901981932397919,0.5,1.4708465337753296,1.9236522912979126,0.43475034832954407,1.4575613234686788,1.9094154021674863,0.5
18.109,TRACK,1.447304368019104,1.406454086303711,0.40224263072013855,1.460160939918977,1.3898949825037465,0.5,2.1176764965057373,1.3714537620544434,0.45576000213623047,2.1163149899655296,1.35335574778156,0.5,1.993370532989502,1.883655309677124,0.4588235914707184,2.0036113623336105,1.9022590096491447,0.5,1.472252607345581,1.9271540641784668,0.43173426389694214,1.4577491132077964,1.9096735495522137,0.5
18.131,TRACK,1.447304368019104,1.406454086303711,0.40224263072013855,1.46034046806181,1.3904692904667684,0.5,2.1176764965057373,1.3714537620544434,0.45576000213623047,2.116200750637095,1.3541585238955693,0.5,1.9948512315750122,1.8910410404205322,0.4603806138038635,2.003662188635057,1.902535592022255,0.5,1.472252607345581,1.9271540641784668,0.43173426389694214,1.4579360058931539,1.909931241698075,0.5
18.15,TRACK,1.447304368019104,1.406454086303711,0.40224263072013855,1.4605191247697473,1.391040103212412,0.5,2.1176764965057373,1.3714537620544434,0.45576000213623047,2.1160866270408665,1.3549559899457462,0.5,1.9948512315750122,1.8910410404205322,0.4603806138038635,2.0037129149247317,1.9028116804636848,0.5,1.472252607345581,1.9271540641784668,0.43173426389694214,1.4581220063783475,1.9101884794209167,0.5
18.17,TRACK,1.447304368019104,1.406454086303711,0.40224263072013855,1.4606969148227493,1.391607447069028,0.5,2.1176764965057373,1.3714537620544434,0.45576000213623047,2.1159726191612234,1.3557481909224538,0.5,1.9948512315750122,1.8910410404205322,0.4603806138038635,2.003763541315578,1.903087275918014,0.5,1.472252607345581,1.9271540641784668,0.43173426389694214,1.4583071194855026,1.9104452635353604,0.5
18.19,TRACK,1.4516576528549194,1.4087594747543335,0.4025638699531555,1.4608738429693873,1.3921713481144355,0.5,2.1141746044158936,1.377864122390747,0.4552319347858429,2.1158587269812057,1.3565351713248561,0.5,1.9948512315750122,1.8910410404205322,0.4603806138038635,2.0038140679197687,1.9033623793279293,0.5,1.472252607345581,1.9271540641784668,0.43173426389694214,1.4584913500055319,1.9107015948547703,0.5
18.21,TRACK,1.4516576528549194,1.4087594747543335,0.4025638699531555,1.4610499139271034,1.3927318321788589,0.5,2.1141746044158936,1.377864122390747,0.4552319347858429,2.1157449504825325,1.3573169751675815,0.5,1.9948512315750122,1.8910410404205322,0.4603806138038635,2.003864494848744,1.9036369916341893,0.5,1.4719678163528442,1.9302140474319458,0.4295136630535126,1.4586747026983904,1.910957474191224,0.5
18.23,TRACK,1.4516576528549194,1.4087594747543335,0.4025638699531555,1.4612251323824657,1.3932889248478217,0.5,2.1141746044158936,1.377864122390747,0.4552319347858429,2.1156312896456195,1.3580936459872777,0.5,1.9943829774856567,1.8986068964004517,0.46482130885124207,2.0039148222132463,1.9039111137755922,0.5,1.4719678163528442,1.9302140474319458,0.4295136630535126,1.4588571822933303,1.9112129023554834,0.5
18.25,TRACK,1.4516576528549194,1.4087594747543335,0.4025638699531555,1.4613995029914217,1.393842651465002,0.5,2.1141746044158936,1.377864122390747,0.4552319347858429,2.1155177444495967,1.35886522684906,0.5,1.9943829774856567,1.8986068964004517,0.46482130885124207,2.0039650501233557,1.9041847466889439,0.5,1.4719678163528442,1.9302140474319458,0.4295136630535126,1.45903879348915,1.9114678801569662,0.5
18.27,TRACK,1.4516576528549194,1.4087594747543335,0.4025638699531555,1.4615730303795493,1.3943930371350466,0.5,2.1141746044158936,1.377864122390747,0.4552319347858429,2.115404314872324,1.3596317603528565,0.5,1.9943829774856567,1.8986068964004517,0.46482130885124207,2.0040151786885225,1.9044578913090293,0.5,1.4719678163528442,1.9302140474319458,0.4295136630535126,1.4592195409544417,1.9117224084037197,0.5
18.29,TRACK,1.4570612907409668,1.4082287549972534,0.40386897325515747,1.461745719142304,1.3949401067263463,0.5,2.111254930496216,1.39902925491333,0.4645606577396393,2.115291000890409,1.3603932886396513,0.5,1.9943829774856567,1.8986068964004517,0.46482130885124207,2.004065208017598,1.9047305485685853,0.5,1.4719678163528442,1.9302140474319458,0.4295136630535126,1.4593994293278372,1.911976487902395,0.5
18.31,TRACK,1.4570612907409668,1.4082287549972534,0.40386897325515747,1.4619175738452657,1.3954838848737738,0.5,2.111254930496216,1.39902925491333,0.4645606577396393,2.1151778024792223,1.3611498533976265,0.5,1.9943829774856567,1.8986068964004517,0.46482130885124207,2.0041151382188658,1.9050027193982741,0.5,1.4718858003616333,1.932770013809204,0.4292401671409607,1.4595784632182491,1.9122301194582216,0.5
18.33,TRACK,1.4570612907409668,1.4082287549972534,0.40386897325515747,1.4620885990243813,1.3960243959813825,0.5,2.111254930496216,1.39902925491333,0.4645606577396393,2.1150647196129144,1.3619014958682067,0.5,1.9941083192825317,1.9016603231430054,0.46519047021865845,2.0041649694000694,1.9052744047266603,0.5,1.4718858003616333,1.932770013809204,0.4292401671409607,1.4597566472051111,1.912483303874984,0.5
18.35,TRACK,1.4570612907409668,1.4082287549972534,0.40386897325515747,1.4622587991862057,1.3965616642250684,0.5,2.111254930496216,1.39902925491333,0.4645606577396393,2.11495175226443,1.3626482568520073,0.5,1.9941083192825317,1.9016603231430054,0.46519047021865845,2.0042147016684417,1.9055456054801878,0.5,1.4718858003616333,1.932770013809204,0.4292401671409607,1.4599339858386144,1.912736041954998,0.5
18.37,TRACK,1.4570612907409668,1.4082287549972534,0.40386897325515747,1.4624281788081395,1.3970957135551967,0.5,2.111254930496216,1.39902925491333,0.4645606577396393,2.1148389004055255,1.3633901767146868,0.5,1.9941083192825317,1.9016603231430054,0.46519047021865845,2.0042643351307294,1.9058163225831581,0.5,1.4718858003616333,1.932770013809204,0.4292401671409607,1.460110483639943,1.91298833449909,0.5
18.39,TRACK,1.4594060182571411,1.4042603969573975,0.40835481882095337,1.4625967423386657,1.3976265676991908,0.5,2.1076889038085938,1.4061295986175537,0.46587273478507996,2.114726164006783,1.3641272953927082,0.5,1.9941083192825317,1.9016603231430054,0.46519047021865845,2.0043138698932212,1.906086556957711,0.5,1.4718858003616333,1.932770013809204,0.4292401671409607,1.4602861451015046,1.913240182306575,0.5
18.41,TRACK,1.4594060182571411,1.4042603969573975,0.40835481882095337,1.462764494197582,1.3981542501640878,0.5,2.1076889038085938,1.4061295986175537,0.46587273478507996,2.114613543037626,1.3648596523990086,0.5,1.9941083192825317,1.9016603231430054,0.46519047021865845,2.00436330606177,1.9063563095238065,0.5,1.4736648797988892,1.9351046085357666,0.4307258725166321,1.4604609746871609,1.9134915861752377,0.5
18.429,TRACK,1.4594060182571411,1.4042603969573975,0.40835481882095337,1.4629314387762327,1.398678784239057,0.5,2.1076889038085938,1.4061295986175537,0.46587273478507996,2.1145010374663333,1.365587286828578,0.5,1.9923679828643799,1.9048327207565308,0.4663654863834381,2.004412643741816,1.906625581199206,0.5,1.4736648797988892,1.9351046085357666,0.4307258725166321,1.4606349768324547,1.913742546901312,0.5
18.45,TRACK,1.4594060182571411,1.4042603969573975,0.40835481882095337,1.4630975804377373,1.3992001929978863,0.5,2.1076889038085938,1.4061295986175537,0.46587273478507996,2.1143886472600566,1.3663102373639522,0.5,1.9923679828643799,1.9048327207565308,0.4663654863834381,2.004461883038413,1.906894372899458,0.5,1.4736648797988892,1.9351046085357666,0.4307258725166321,1.4608081559448338,1.913993065279464,0.5
18.47,TRACK,1.4594060182571411,1.4042603969573975,0.40835481882095337,1.4632629235172165,1.3997184993014344,0.5,2.1076889038085938,1.4061295986175537,0.46587273478507996,2.1142763723848312,1.3670285422806183,0.5,1.9923679828643799,1.9048327207565308,0.4663654863834381,2.004511024056246,1.9071626855378816,0.5,1.4736648797988892,1.9351046085357666,0.4307258725166321,1.4609805164038747,1.9142431421027732,0.5
18.489,TRACK,1.458777666091919,1.3993693590164185,0.4103159010410309,1.4634274723220166,1.4002337258000492,0.5,2.1051766872406006,1.4103511571884155,0.46537619829177856,2.114164212805594,1.3677422394523366,0.5,1.9923679828643799,1.9048327207565308,0.4663654863834381,2.0045600668996535,1.907430520025553,0.5,1.4736648797988892,1.9351046085357666,0.4307258725166321,1.4611520625615007,1.9144927781627177,0.5
18.509,TRACK,1.458777666091919,1.3993693590164185,0.4103159010410309,1.463591231131931,1.4007458949359544,0.5,2.1051766872406006,1.4103511571884155,0.46537619829177856,2.1140521684861957,1.3684513663563789,0.5,1.9923679828643799,1.9048327207565308,0.4663654863834381,2.0046090116726485,1.9076978772712918,0.5,1.4745641946792603,1.93472158908844,0.43338608741760254,1.461322798742201,1.914741974249157,0.5
18.53,TRACK,1.458777666091919,1.3993693590164185,0.4103159010410309,1.4637542041994198,1.401255028945603,0.5,2.1051766872406006,1.4103511571884155,0.46537619829177856,2.113940239389414,1.3691559600786845,0.5,1.9943759441375732,1.9031568765640259,0.4613896906375885,2.004657858478937,1.9079647581816501,0.5,1.4745641946792603,1.93472158908844,0.43338608741760254,1.461492729243246,1.9149907311503174,0.5
18.55,TRACK,1.458777666091919,1.3993693590164185,0.4103159010410309,1.4639163957498278,1.4017611498620015,0.5,2.1051766872406006,1.4103511571884155,0.46537619829177856,2.113828425476971,1.3698560573189382,0.5,1.9943759441375732,1.9031568765640259,0.4613896906375885,2.0047066074219364,1.9082311636609,0.5,1.4745641946792603,1.93472158908844,0.43338608741760254,1.4616618583349001,1.9152390496527785,0.5
18.57,TRACK,1.458777666091919,1.3993693590164185,0.4103159010410309,1.4640778099815988,1.4022642795170008,0.5,2.1051766872406006,1.4103511571884155,0.46537619829177856,2.113716726709543,1.3705516943955676,0.5,1.9943759441375732,1.9031568765640259,0.4613896906375885,2.004755258604793,1.9084970946110233,0.5,1.4745641946792603,1.93472158908844,0.43338608741760254,1.461830190260633,1.915486930541459,0.5
18.59,TRACK,1.456354022026062,1.3939298391342163,0.40615928173065186,1.4642384510664888,1.4027644395435572,0.5,2.103853225708008,1.4116898775100708,0.4619491994380951,2.1136051430467764,1.3712429072506644,0.5,1.9943759441375732,1.9031568765640259,0.4613896906375885,2.004803812130401,1.9087625519317037,0.5,1.4745641946792603,1.93472158908844,0.43338608741760254,1.461997729237328,1.9157343745996047,0.5
18.61,TRACK,1.456354022026062,1.3939298391342163,0.40615928173065186,1.4643983231497772,1.4032616513779643,0.5,2.103853225708008,1.4116898775100708,0.4619491994380951,2.113493674447302,1.37192973145483,0.5,1.9943759441375732,1.9031568765640259,0.4613896906375885,2.0048522681014167,1.909027536520316,0.5,1.4762554168701172,1.9337319135665894,0.4379030466079712,1.46216447945549,1.9159813826087757,0.5
18.629,TRACK,1.456354022026062,1.3939298391342163,0.40615928173065186,1.4645574303504754,1.403755936262054,0.5,2.103853225708008,1.4116898775100708,0.4619491994380951,2.113382320868746,1.3726122022119458,0.5,1.9939950704574585,1.9007447957992554,0.45918411016464233,2.0049006266202767,1.9092920492719183,0.5,1.4762554168701172,1.9337319135665894,0.4379030466079712,1.4623304450794485,1.9162279553488355,0.5
18.65,TRACK,1.456354022026062,1.3939298391342163,0.40615928173065186,1.4647157767615324,1.404247315245369,0.5,2.103853225708008,1.4116898775100708,0.4619491994380951,2.1132710822677443,1.3732903543638715,0.5,1.9939950704574585,1.9007447957992554,0.45918411016464233,2.004948887789211,1.909556091079246,0.5,1.4762554168701172,1.9337319135665894,0.4379030466079712,1.4624956302475618,1.9164740935979405,0.5
18.67,TRACK,1.456354022026062,1.3939298391342163,0.40615928173065186,1.464873366450041,1.4047358091873063,0.5,2.103853225708008,1.4116898775100708,0.4619491994380951,2.113159958599956,1.3739642223950705,0.5,1.9939950704574585,1.9007447957992554,0.45918411016464233,2.0049970517102604,1.9098196628327042,0.5,1.4762554168701172,1.9337319135665894,0.4379030466079712,1.4626600390724158,1.9167197981325301,0.5
18.689,TRACK,1.4532736539840698,1.3858927488327026,0.40190383791923523,1.4650302034574394,1.4052214387592337,0.5,2.103121757507324,1.4114378690719604,0.45787540078163147,2.1130489498200755,1.3746338404371663,0.5,1.9939950704574585,1.9007447957992554,0.45918411016464233,2.0050451184852873,1.9100827654203616,0.5,1.4762554168701172,1.9337319135665894,0.4379030466079712,1.4628236756410244,1.9169650697273166,0.5
18.709,TRACK,1.4532736539840698,1.3858927488327026,0.40190383791923523,1.4651862917997114,1.4057042244465756,0.5,2.103121757507324,1.4114378690719604,0.45787540078163147,2.112938055881846,1.3752992422734278,0.5,1.9939950704574585,1.9007447957992554,0.45918411016464233,2.0050930882159936,1.9103453997279458,0.5,1.4780161380767822,1.931787371635437,0.44082558155059814,1.4629865440150247,1.9172099091552774,0.5
18.729,TRACK,1.4532736539840698,1.3858927488327026,0.40190383791923523,1.4653416354675854,1.406184186550875,0.5,2.103121757507324,1.4114378690719604,0.45787540078163147,2.112827276738072,1.3759604613431882,0.5,1.9938664436340332,1.8963959217071533,0.45723676681518555,2.00514096100393,1.9106075666388385,0.5,1.4780161380767822,1.931787371635437,0.44082558155059814,1.463148648230872,1.917454317187646,0.5
18.751,TRACK,1.4532736539840698,1.3858927488327026,0.40190383791923523,1.4654962384267312,1.4066613451918255,0.5,2.103121757507324,1.4114378690719604,0.45787540078163147,2.112716612340632,1.3766175307461954,0.5,1.9938664436340332,1.8963959217071533,0.45723676681518555,2.0051887369505113,1.9108692670340706,0.5,1.4780161380767822,1.931787371635437,0.44082558155059814,1.4633099923000326,1.9176982945939047,0.5
18.77,TRACK,1.4532736539840698,1.3858927488327026,0.40190383791923523,1.4656501046179538,1.407135720309279,0.5,2.103121757507324,1.4114378690719604,0.45787540078163147,2.11260606264049,1.3772704832468992,0.5,1.9938664436340332,1.8963959217071533,0.45723676681518555,2.005236416157027,1.9111305017923197,0.5,1.4780161380767822,1.931787371635437,0.44082558155059814,1.4634705802091739,1.9179418421417782,0.5
18.789,TRACK,1.4491474628448486,1.3745701313018799,0.3999151885509491,1.465803237957386,1.4076073316652247,0.5,2.102957248687744,1.4109547138214111,0.4541473090648651,2.11249562758771,1.3779193512786714,0.5,1.9938664436340332,1.8963959217071533,0.45723676681518555,2.005283998724656,1.9113912717899062,0.5,1.4780161380767822,1.931787371635437,0.44082558155059814,1.4636304159203541,1.918184960597226,0.5
18.809,TRACK,1.4491474628448486,1.3745701313018799,0.3999151885509491,1.4659556423366802,1.4080761988457455,0.5,2.102957248687744,1.4109547138214111,0.4541473090648651,2.1123853071314653,1.3785641669479636,0.5,1.9938664436340332,1.8963959217071533,0.45723676681518555,2.0053314847544734,1.9116515779007912,0.5,1.48032546043396,1.9304981231689453,0.44112861156463623,1.4637895033712094,1.918427650724437,0.5
18.83,TRACK,1.4491474628448486,1.3745701313018799,0.3999151885509491,1.4661073216231963,1.4085423412629463,0.5,2.102957248687744,1.4109547138214111,0.4541473090648651,2.1122751012200527,1.379204962038404,0.5,1.9964197874069214,1.8939173221588135,0.4584648013114929,2.0053788743474663,1.9119114209965749,0.5,1.48032546043396,1.9304981231689453,0.44112861156463623,1.4639478464751379,1.9186699132858236,0.5
18.851,TRACK,1.4491474628448486,1.3745701313018799,0.3999151885509491,1.466258279660189,1.4090057781568586,0.5,2.102957248687744,1.4109547138214111,0.4541473090648651,2.1121650098009033,1.37984176801483,0.5,1.9964197874069214,1.8939173221588135,0.4584648013114929,2.005426167604541,1.9121708019464938,0.5,1.48032546043396,1.9304981231689453,0.44112861156463623,1.4641054491214844,1.918911749042017,0.5
18.869,TRACK,1.4491474628448486,1.3745701313018799,0.3999151885509491,1.4664085202669932,1.4094665285973198,0.5,2.102957248687744,1.4109547138214111,0.4541473090648651,2.1120550328205954,1.3804746160272638,0.5,1.9964197874069214,1.8939173221588135,0.4584648013114929,2.0054733646265346,1.9124297216174209,0.5,1.48032546043396,1.9304981231689453,0.44112861156463623,1.464262315175721,1.9191531587518622,0.5
18.89,TRACK,1.4446829557418823,1.3636716604232788,0.40059876441955566,1.466558047239207,1.409924611485829,0.5,2.102463960647583,1.4117918014526367,0.44947510957717896,2.1119451702248657,1.381103536914827,0.5,1.9964197874069214,1.8939173221588135,0.4584648013114929,2.0055204655142247,1.912688180873864,0.5,1.48032546043396,1.9304981231689453,0.44112861156463623,1.464418448479628,1.919394143172415,0.5
18.91,TRACK,1.4446829557418823,1.3636716604232788,0.40059876441955566,1.4667068643488734,1.410380045557378,0.5,2.102463960647583,1.4117918014526367,0.44947510957717896,2.1118354219586206,1.3817285612095973,0.5,1.9964197874069214,1.8939173221588135,0.4584648013114929,2.005567470368339,1.9129461805779666,0.5,1.4831546545028687,1.9296327829360962,0.4398965835571289,1.4645738528514716,1.919634703058937,0.5
18.93,TRACK,1.4446829557418823,1.3636716604232788,0.40059876441955566,1.4668549753446603,1.41083284938226,0.5,2.102463960647583,1.4117918014526367,0.44947510957717896,2.1117257879659475,1.3823497191404095,0.5,1.9970712661743164,1.894631028175354,0.4592706263065338,2.0056143792895633,1.9132037215895072,0.5,1.4831546545028687,1.9296327829360962,0.4398965835571289,1.4647285320861791,1.9198748391648923,0.5
18.951,TRACK,1.4446829557418823,1.3636716604232788,0.40059876441955566,1.4670023839520383,1.4112830413678523,0.5,2.102463960647583,1.4117918014526367,0.44947510957717896,2.1116162681901267,1.3829670406365984,0.5,1.9970712661743164,1.894631028175354,0.4592706263065338,2.005661192378552,1.9134608047659005,0.5,1.4831546545028687,1.9296327829360962,0.4398965835571289,1.464882489955516,1.920114552241946,0.5
18.97,TRACK,1.4446829557418823,1.3636716604232788,0.40059876441955566,1.4671490938734575,1.411730639760381,0.5,2.102463960647583,1.4117918014526367,0.44947510957717896,2.111506862573643,1.3835805553316882,0.5,1.9970712661743164,1.894631028175354,0.4592706263065338,2.005707909735935,1.9137174309621974,0.5,1.4831546545028687,1.9296327829360962,0.4398965835571289,1.4650357302082573,1.9203538430399605,0.5
18.989,TRACK,1.4377572536468506,1.3535864353179932,0.40233665704727173,1.4672951087885215,1.4121756626466575,0.5,2.1023478507995605,1.4137417078018188,0.4486992657184601,2.1113975710581956,1.3841902925670264,0.5,1.9970712661743164,1.894631028175354,0.4592706263065338,2.005754531462328,1.9139736010310873,0.5,1.4831546545028687,1.9296327829360962,0.4398965835571289,1.4651882565703598,1.9205927123069937,0.5
19.01,TRACK,1.4377572536468506,1.3535864353179932,0.40233665704727173,1.4674404323541612,1.4126181279557968,0.5,2.1023478507995605,1.4137417078018188,0.4486992657184601,2.11128839358471,1.3847962813953654,0.5,1.9970712661743164,1.894631028175354,0.4592706263065338,2.0058010576583363,1.9142293158228996,0.5,1.4836639165878296,1.926042079925537,0.4362037181854248,1.4653400727451318,1.9208311607892976,0.5
19.03,TRACK,1.4377572536468506,1.3535864353179932,0.40233665704727173,1.4675850682048057,1.4130580534609123,0.5,2.1023478507995605,1.4137417078018188,0.4486992657184601,2.11117933009335,1.3853985505843915,0.5,1.9998666048049927,1.9000800848007202,0.4610009491443634,2.005847488424567,1.9144845761856053,0.5,1.4836639165878296,1.926042079925537,0.4362037181854248,1.4654911824134007,1.9210691892313163,0.5
19.05,TRACK,1.4377572536468506,1.3535864353179932,0.40233665704727173,1.4677290199525517,1.4134954567807898,0.5,2.1023478507995605,1.4137417078018188,0.4486992657184601,2.111070380523525,1.3859971286202022,0.5,1.9998666048049927,1.9000800848007202,0.4610009491443634,2.005893823861633,1.91473938296482,0.5,1.4836639165878296,1.926042079925537,0.4362037181854248,1.4656415892336807,1.9213067983756857,0.5
19.07,TRACK,1.4377572536468506,1.3535864353179932,0.40233665704727173,1.4678722911873316,1.4139303553815392,0.5,2.1039702892303467,1.416029691696167,0.45375365018844604,2.1109615448139043,1.3865920437107326,0.5,1.9998666048049927,1.9000800848007202,0.4610009491443634,2.0059400640701615,1.9149937370038062,0.5,1.4836639165878296,1.926042079925537,0.4362037181854248,1.4657912968423374,1.9215439889632322,0.5
19.089,TRACK,1.430171251296997,1.345633864402771,0.4031669497489929,1.4680148854770807,1.414362766578226,0.5,2.1039702892303467,1.416029691696167,0.45375365018844604,2.1108528229024257,1.3871833237891331,0.5,1.9998666048049927,1.9000800848007202,0.4610009491443634,2.0059862091508,1.9152476391434758,0.5,1.4836639165878296,1.926042079925537,0.4362037181854248,1.4659403088537513,1.9217807617329725,0.5
19.11,TRACK,1.430171251296997,1.345633864402771,0.4031669497489929,1.4681568063679016,1.4147927075364817,0.5,2.1039702892303467,1.416029691696167,0.45375365018844604,2.1107442147263065,1.3877709965170961,0.5,1.9998666048049927,1.9000800848007202,0.4610009491443634,2.006032259204223,1.9155010902223948,0.5,1.4838629961013794,1.9231970310211182,0.4346849024295807,1.4660886288604793,1.922017117422114,0.5
19.13,TRACK,1.430171251296997,1.345633864402771,0.4031669497489929,1.4682980573842273,1.4152201952740946,0.5,2.1039702892303467,1.416029691696167,0.45375365018844604,2.1106357202220543,1.3883550892881378,0.5,2.0056426525115967,1.9069865942001343,0.46268796920776367,2.0060782143311373,1.9157540910767847,0.5,1.4838629961013794,1.9231970310211182,0.4346849024295807,1.4662362604334163,1.9222530567660538,0.5
19.15,TRACK,1.430171251296997,1.345633864402771,0.4031669497489929,1.468438642028983,1.41564524666258,0.5,2.1039702892303467,1.416029691696167,0.45375365018844604,2.110527339325476,1.388935629230829,0.5,2.0056426525115967,1.9069865942001343,0.46268796920776367,2.0061240746322904,1.9160066425405282,0.5,1.4838629961013794,1.9231970310211182,0.4346849024295807,1.4663832071219538,1.922488580498381,0.5
19.17,TRACK,1.430171251296997,1.345633864402771,0.4031669497489929,1.4685785637837472,1.4160678784287304,0.5,2.1039702892303467,1.416029691696167,0.45375365018844604,2.110419071971689,1.3895126432119826,0.5,2.0056426525115967,1.9069865942001343,0.46268796920776367,2.006169840208473,1.9162587454451725,0.5,1.4838629961013794,1.9231970310211182,0.4346849024295807,1.466529472454137,1.922723689350875,0.5
19.19,TRACK,1.4252690076828003,1.3415802717208862,0.4044528603553772,1.4687178261089096,1.4164881071561464,0.5,2.1069600582122803,1.4187040328979492,0.4605744779109955,2.1103109180951303,1.3900861578397932,0.5,2.0056426525115967,1.9069865942001343,0.46268796920776367,2.006215511160526,1.9165104006199338,0.5,1.4838629961013794,1.9231970310211182,0.4346849024295807,1.4666750599368215,1.922958384053509,0.5
19.209,TRACK,1.4252690076828003,1.3415802717208862,0.4044528603553772,1.4688564324438282,1.4169059492867493,0.5,2.1069600582122803,1.4187040328979492,0.4605744779109955,2.110202877629568,1.3906561994669322,0.5,2.0056426525115967,1.9069865942001343,0.46268796920776367,2.006261087589346,1.9167616088917019,0.5,1.4831106662750244,1.9214365482330322,0.4362430274486542,1.4668199730558282,1.9231926653344502,0.5
19.229,TRACK,1.4252690076828003,1.3415802717208862,0.4044528603553772,1.4689943862069859,1.4173214211222727,0.5,2.1069600582122803,1.4187040328979492,0.4605744779109955,2.1100949505081084,1.3912227941935997,0.5,2.009350061416626,1.9064809083938599,0.45887577533721924,2.006306569595889,1.9170123710850442,0.5,1.4831106662750244,1.9214365482330322,0.4362430274486542,1.466964215276096,1.9234265339200611,0.5
19.25,TRACK,1.4252690076828003,1.3415802717208862,0.4044528603553772,1.4691316907961445,1.4177345388257383,0.5,2.1069600582122803,1.4187040328979492,0.4605744779109955,2.1099871366632086,1.3917859678705315,0.5,2.009350061416626,1.9064809083938599,0.45887577533721924,2.006351957281178,1.9172626880222123,0.5,1.4831106662750244,1.9214365482330322,0.4362430274486542,1.4671077900418337,1.9236599905349017,0.5
19.27,TRACK,1.4252690076828003,1.3415802717208862,0.4044528603553772,1.4692683495884975,1.4181453184229103,0.5,2.1069600582122803,1.4187040328979492,0.4605744779109955,2.109879436026684,1.3923457461019644,0.5,2.009350061416626,1.9064809083938599,0.45887577533721924,2.0063972507463026,1.9175125605231462,0.5,1.4831106662750244,1.9214365482330322,0.4362430274486542,1.4672507007766706,1.923893035901731,0.5
19.289,TRACK,1.425241231918335,1.3434152603149414,0.403401255607605,1.4694043659408218,1.4185537758037334,0.5,2.1097073554992676,1.4210716485977173,0.46402060985565186,2.109771848529718,1.392902154248558,0.5,2.009350061416626,1.9064809083938599,0.45887577533721924,2.0064424500924294,1.9177619894054796,0.5,1.4831106662750244,1.9214365482330322,0.4362430274486542,1.4673929508838064,1.9241256707415102,0.5
19.31,TRACK,1.425241231918335,1.3434152603149414,0.403401255607605,1.4695397431896273,1.4189599267237536,0.5,2.1097073554992676,1.4210716485977173,0.46402060985565186,2.109664374102872,1.3934552174302772,0.5,2.009350061416626,1.9064809083938599,0.45887577533721924,2.0064875554208004,1.9180109754845458,0.5,1.4820919036865234,1.9232432842254639,0.43823105096817017,1.4675345437461578,1.9243578957734042,0.5
19.33,TRACK,1.425241231918335,1.3434152603149414,0.403401255607605,1.4696744846513066,1.4193637868055187,0.5,2.1097073554992676,1.4210716485977173,0.46402060985565186,2.1095570126760954,1.3940049605292315,0.5,2.0163400173187256,1.9048399925231934,0.4554481506347656,2.006532566832741,1.9182595195733838,0.5,1.4820919036865234,1.9232432842254639,0.43823105096817017,1.4676754827265055,1.9245897117147845,0.5
19.351,TRACK,1.425241231918335,1.3434152603149414,0.403401255607605,1.4698085936222813,1.419765371539965,0.5,2.1097073554992676,1.4210716485977173,0.46402060985565186,2.109449764178732,1.3945514081924768,0.5,2.0163400173187256,1.9048399925231934,0.4554481506347656,2.0065774844296627,1.9185076224827442,0.5,1.4820919036865234,1.9232432842254639,0.43823105096817017,1.4678157711676396,1.9248211192812323,0.5
19.37,TRACK,1.425241231918335,1.3434152603149414,0.403401255607605,1.4699420733791488,1.4201646962877832,0.5,2.1097073554992676,1.4210716485977173,0.46402060985565186,2.1093426285395314,1.3950945848347749,0.5,2.0163400173187256,1.9048399925231934,0.4554481506347656,2.0066223083130654,1.9187552850210954,0.5,1.4820919036865234,1.9232432842254639,0.43823105096817017,1.467955412392503,1.9250521191865413,0.5
19.389,TRACK,1.4320740699768066,1.3507429361343384,0.40559330582618713,1.4700749271788265,1.4205617762807705,0.5,2.1117124557495117,1.4229819774627686,0.46445146203041077,2.1092356056866577,1.3956345146413178,0.5,2.0163400173187256,1.9048399925231934,0.4554481506347656,2.006667038584542,1.9190025079946296,0.5,1.4820919036865234,1.9232432842254639,0.43823105096817017,1.4680944097043342,1.9252827121427205,0.5
19.41,TRACK,1.4320740699768066,1.3507429361343384,0.40559330582618713,1.4702071582586953,1.4209566266231644,0.5,2.1117124557495117,1.4229819774627686,0.46445146203041077,2.109128695547697,1.3961712215704105,0.5,2.0163400173187256,1.9048399925231934,0.4554481506347656,2.0067116753457825,1.9192492922072697,0.5,1.483208179473877,1.9272059202194214,0.43832749128341675,1.4682327663868084,1.9255128988599985,0.5
19.43,TRACK,1.4320740699768066,1.3507429361343384,0.40559330582618713,1.4703387698367418,1.42134926229296,0.5,2.1117124557495117,1.4229819774627686,0.46445146203041077,2.1090218980496673,1.396704729356118,0.5,2.024730920791626,1.8987200260162354,0.452639102935791,2.0067562186985746,1.9194956384606758,0.5,1.483208179473877,1.9272059202194214,0.43832749128341675,1.468370485704178,1.9257426800468267,0.5
19.45,TRACK,1.4320740699768066,1.3507429361343384,0.40559330582618713,1.4704697651116987,1.421739698143212,0.5,2.1117124557495117,1.4229819774627686,0.46445146203041077,2.1089152131190265,1.3972350615108746,0.5,2.024730920791626,1.8987200260162354,0.452639102935791,2.0068006687448086,1.9197415475542525,0.5,1.483208179473877,1.9272059202194214,0.43832749128341675,1.4685075709014104,1.9259720564098823,0.5
19.47,TRACK,1.4320740699768066,1.3507429361343384,0.40559330582618713,1.4706001472631847,1.4221279489033205,0.5,2.1117124557495117,1.4229819774627686,0.46445146203041077,2.1088086406816813,1.397762241328059,0.5,2.024730920791626,1.8987200260162354,0.452639102935791,2.0068450255864803,1.919987020285155,0.5,1.483208179473877,1.9272059202194214,0.43832749128341675,1.4686440252043262,1.9262010286540732,0.5
19.489,TRACK,1.4462058544158936,1.3572241067886353,0.4050990343093872,1.4707299194518422,1.4225140291803002,0.5,2.1127758026123047,1.424877405166626,0.4645718038082123,2.1087021806629953,1.3982862918845302,0.5,2.024730920791626,1.8987200260162354,0.452639102935791,2.0068892893256924,1.920232057448297,0.5,1.483208179473877,1.9272059202194214,0.43832749128341675,1.4687798518197364,1.926429597482541,0.5
19.51,TRACK,1.4462058544158936,1.3572241067886353,0.4050990343093872,1.4708590848194747,1.4228979534600354,0.5,2.1127758026123047,1.424877405166626,0.4645718038082123,2.1085958329877976,1.3988072360431305,0.5,2.024730920791626,1.8987200260162354,0.452639102935791,2.006933460064657,1.9204766598363572,0.5,1.4842917919158936,1.9324147701263428,0.4376955032348633,1.4689150539355753,1.9266577635966662,0.5
19.529,TRACK,1.4462058544158936,1.3572241067886353,0.4050990343093872,1.4709876464891827,1.4232797361085188,0.5,2.1127758026123047,1.424877405166626,0.4645718038082123,2.108489597580391,1.3993250964551545,0.5,2.028428077697754,1.8926103115081787,0.4516165554523468,2.0069775379056995,1.9207208282397874,0.5,1.4842917919158936,1.9324147701263428,0.4376955032348633,1.469049634721037,1.926885527696072,0.5
19.55,TRACK,1.4462058544158936,1.3572241067886353,0.4050990343093872,1.4711156075654972,1.4236593913730753,0.5,2.1127758026123047,1.424877405166626,0.4645718038082123,2.108383474364559,1.3998398955627813,0.5,2.028428077697754,1.8926103115081787,0.4516165554523468,2.0070215229512582,1.9209645634468195,0.5,1.4842917919158936,1.9324147701263428,0.4376955032348633,1.4691835973267058,1.9271128904786283,0.5
19.57,TRACK,1.4462058544158936,1.3572241067886353,0.4050990343093872,1.4712429711345147,1.4240369333835718,0.5,2.1135776042938232,1.4273709058761597,0.46633490920066833,2.1082774632635757,1.4003516556014766,0.5,2.028428077697754,1.8926103115081787,0.4516165554523468,2.0070654153038894,1.9212078662434733,0.5,1.4842917919158936,1.9324147701263428,0.4376955032348633,1.4693169448846894,1.927339852640457,0.5
19.59,TRACK,1.4599449634552002,1.3692517280578613,0.40718913078308105,1.471369740264028,1.424412376153611,0.5,2.1135776042938232,1.4273709058761597,0.46633490920066833,2.1081715642002115,1.4008603986023591,0.5,2.028428077697754,1.8926103115081787,0.4516165554523468,2.0071092150662673,1.9214507374135636,0.5,1.4842917919158936,1.9324147701263428,0.4376955032348633,1.4694496805087496,1.9275664148759362,0.5
19.61,TRACK,1.4599449634552002,1.3692517280578613,0.40718913078308105,1.4714959180036573,1.4247857335817113,0.5,2.1135776042938232,1.4273709058761597,0.46633490920066833,2.108065777096743,1.401366146394536,0.5,2.028428077697754,1.8926103115081787,0.4516165554523468,2.0071529223411853,1.9216931777387094,0.5,1.4849215745925903,1.93598210811615,0.4382348656654358,1.4695818072944298,1.9277925778777052,0.5
19.631,TRACK,1.4599449634552002,1.3692517280578613,0.40718913078308105,1.4716215073849808,1.4251570194524736,0.5,2.1135776042938232,1.4273709058761597,0.46633490920066833,2.1079601018749594,1.4018689206074055,0.5,2.0267553329467773,1.8912216424942017,0.4530220329761505,2.0071965372315597,1.92193518799834,0.5,1.4849215745925903,1.93598210811615,0.4382348656654358,1.4697133283191848,1.928018342336669,0.5
19.65,TRACK,1.4599449634552002,1.3692517280578613,0.40718913078308105,1.4717465114216624,1.4255262474377313,0.5,2.1135776042938232,1.4273709058761597,0.46633490920066833,2.1078545384561713,1.402368742672929,0.5,2.0267553329467773,1.8912216424942017,0.4530220329761505,2.0072400598404294,1.922176768969704,0.5,1.4849215745925903,1.93598210811615,0.4382348656654358,1.4698442466425075,1.9282437089420041,0.5
19.67,TRACK,1.4599449634552002,1.3692517280578613,0.40718913078308105,1.4718709331095796,1.4258934310976894,0.5,2.114145040512085,1.4305431842803955,0.4683016538619995,2.1077490867612165,1.4028656338278718,0.5,2.0267553329467773,1.8912216424942017,0.4530220329761505,2.0072834902709586,1.9224179214278774,0.5,1.4849215745925903,1.93598210811615,0.4382348656654358,1.4699745653060543,1.9284686783811624,0.5
19.69,TRACK,1.4748514890670776,1.3838962316513062,0.40991005301475525,1.47199477542695,1.4262585838820485,0.5,2.114145040512085,1.4305431842803955,0.4683016538619995,2.107643746710469,1.4033596151160133,0.5,2.0267553329467773,1.8912216424942017,0.4530220329761505,2.0073268286264376,1.9226586461457713,0.5,1.4849215745925903,1.93598210811615,0.4382348656654358,1.470104287333771,1.9286932513398778,0.5
19.71,TRACK,1.4748514890670776,1.3838962316513062,0.40991005301475525,1.4721180413344568,1.4266217191311148,0.5,2.114145040512085,1.4305431842803955,0.4683016538619995,2.1075385182238446,1.4038507073903268,0.5,2.0267553329467773,1.8912216424942017,0.4530220329761505,2.0073700750102836,1.9228989438941404,0.5,1.4855237007141113,1.9386861324310303,0.4386034905910492,1.4702334157320158,1.9289174285021704,0.5
19.73,TRACK,1.4748514890670776,1.3838962316513062,0.40991005301475525,1.4722407337753722,1.4269828500768977,0.5,2.114145040512085,1.4305431842803955,0.4683016538619995,2.107433401220811,1.4043389313151313,0.5,2.0213623046875,1.895559549331665,0.45272329449653625,2.0074132295260423,1.923138815441591,0.5,1.4855237007141113,1.9386861324310303,0.4386034905910492,1.4703619534896826,1.929141210550352,0.5
19.751,TRACK,1.4748514890670776,1.3838962316513062,0.40991005301475525,1.4723628556756811,1.4273419898441946,0.5,2.114145040512085,1.4305431842803955,0.4683016538619995,2.1073283956203923,1.4048243073682127,0.5,2.0213623046875,1.895559549331665,0.45272329449653625,2.007456292277389,1.92337826155459,0.5,1.4855237007141113,1.9386861324310303,0.4386034905910492,1.4704899035783217,1.9293645981650323,0.5
19.77,TRACK,1.4748514890670776,1.3838962316513062,0.40991005301475525,1.472484409944203,1.427699151451661,0.5,2.1136386394500732,1.4344391822814941,0.4665631353855133,2.1072235013411764,1.4053068558429171,0.5,2.0213623046875,1.895559549331665,0.45272329449653625,2.0074992633681283,1.9236172829974727,0.5,1.4855237007141113,1.9386861324310303,0.4386034905910492,1.4706172689522623,1.9295875920251233,0.5
19.79,TRACK,1.4875707626342773,1.3947292566299438,0.4114004075527191,1.4726053994727126,1.4280543478128702,0.5,2.1136386394500732,1.4344391822814941,0.4665631353855133,2.107118718301323,1.4057865968502157,0.5,2.0213623046875,1.895559549331665,0.45272329449653625,2.007542142902197,1.9238558805324508,0.5,1.4855237007141113,1.9386861324310303,0.4386034905910492,1.4707440525487303,1.9298101928078462,0.5
19.81,TRACK,1.4875707626342773,1.3947292566299438,0.4114004075527191,1.4727258271360608,1.4284075917373584,0.5,2.1136386394500732,1.4344391822814941,0.4665631353855133,2.107014046418571,1.4062635503207426,0.5,2.0213623046875,1.895559549331665,0.45272329449653625,2.007584930983663,1.9240940549196226,0.5,1.4861639738082886,1.941946268081665,0.44197598099708557,1.4708702572879677,1.9300324011887355,0.5
19.83,TRACK,1.4875707626342773,1.3947292566299438,0.4114004075527191,1.4728456957922917,1.4287588959316586,0.5,2.1136386394500732,1.4344391822814941,0.4665631353855133,2.106909485610243,1.4067377360068047,0.5,2.014218807220459,1.9058643579483032,0.4542326331138611,2.0076276277167264,1.9243318069169797,0.5,1.4861639738082886,1.941946268081665,0.44197598099708557,1.4709958860733507,1.9302542178416466,0.5
19.851,TRACK,1.4875707626342773,1.3947292566299438,0.4114004075527191,1.4729650082827626,1.4291082730003213,0.5,2.1136386394500732,1.4344391822814941,0.4665631353855133,2.1068050357932537,1.4072091734843652,0.5,2.014218807220459,1.9058643579483032,0.4542326331138611,2.007670233205721,1.9245691372804172,0.5,1.4861639738082886,1.941946268081665,0.44197598099708557,1.471120941791505,1.93047564343876,0.5
19.87,TRACK,1.4875707626342773,1.3947292566299438,0.4114004075527191,1.473083767432258,1.4294557354469246,0.5,2.1136386394500732,1.4344391822814941,0.4665631353855133,2.1067006968841175,1.4076778821550004,0.5,2.014218807220459,1.9058643579483032,0.4542326331138611,2.0077127475551126,1.9248060467637411,0.5,1.4861639738082886,1.941946268081665,0.44197598099708557,1.4712454273124227,1.9306966786505877,0.5
19.89,TRACK,1.496870994567871,1.405727744102478,0.4067729115486145,1.4732019760491093,1.4298012956750703,0.5,2.112260580062866,1.4381239414215088,0.4626137912273407,2.1065964687989522,1.4081438812478302,0.5,2.014218807220459,1.9058643579483032,0.4542326331138611,2.0077551708695016,1.925042536118678,0.5,1.4861639738082886,1.941946268081665,0.44197598099708557,1.4713693454895762,1.9309173241459798,0.5
19.91,TRACK,1.496870994567871,1.405727744102478,0.4067729115486145,1.4733196369253054,1.4301449659893706,0.5,2.112260580062866,1.4381239414215088,0.4626137912273407,2.1064923514534875,1.4086071898214236,0.5,2.014218807220459,1.9058643579483032,0.4542326331138611,2.0077975032536224,1.9252786060948832,0.5,1.4861522912979126,1.9435455799102783,0.44161397218704224,1.4714926991600326,1.9311375805921294,0.5
19.93,TRACK,1.496870994567871,1.405727744102478,0.4067729115486145,1.4734367528366097,1.4304867585964207,0.5,2.112260580062866,1.4381239414215088,0.4626137912273407,2.106388344763071,1.4090678267656793,0.5,2.008924722671509,1.9174920320510864,0.45536622405052185,2.0078397448123426,1.9255142574399495,0.5,1.4861522912979126,1.9435455799102783,0.44161397218704224,1.471615491144565,1.9313574486545793,0.5
19.95,TRACK,1.496870994567871,1.405727744102478,0.4067729115486145,1.4735533265426715,1.4308266856057623,0.5,2.112260580062866,1.4381239414215088,0.4626137912273407,2.1062844486426746,1.4095258108036794,0.5,2.008924722671509,1.9174920320510864,0.45536622405052185,2.007881895650665,1.9257494908994168,0.5,1.4861522912979126,1.9435455799102783,0.44161397218704224,1.4717377242477658,1.9315769289972278,0.5
19.97,TRACK,1.496870994567871,1.405727744102478,0.4067729115486145,1.4736693607871378,1.4311647590308343,0.5,2.1104085445404053,1.442092776298523,0.4576324224472046,2.1061806630069007,1.4099811604935217,0.5,2.008924722671509,1.9174920320510864,0.45536622405052185,2.0079239558737263,1.92598430721678,0.5,1.4861522912979126,1.9435455799102783,0.44161397218704224,1.471859401258157,1.931796022282335,0.5
19.989,TRACK,1.5009993314743042,1.4133750200271606,0.39916321635246277,1.473784858297765,1.4315009907899126,0.5,2.1104085445404053,1.442092776298523,0.4576324224472046,2.1060769877699883,1.4104338942301256,0.5,2.008924722671509,1.9174920320510864,0.45536622405052185,2.0079659255867974,1.926218707133498,0.5,1.4861522912979126,1.9435455799102783,0.44161397218704224,1.4719805249482998,1.9320147291705283,0.5
20.01,TRACK,1.5009993314743042,1.4133750200271606,0.39916321635246277,1.4738998217865282,1.4318353927070395,0.5,2.1104085445404053,1.442092776298523,0.4576324224472046,2.105973422845818,1.4108840302470145,0.5,2.008924722671509,1.9174920320510864,0.45536622405052185,2.008007804895283,1.9264526913890032,0.5,1.4829849004745483,1.9457099437713623,0.440237432718277,1.472101098074904,1.93223305032081,0.5
20.03,TRACK,1.5009993314743042,1.4133750200271606,0.39916321635246277,1.4740142539497305,1.4321679765129425,0.5,2.1104085445404053,1.442092776298523,0.4576324224472046,2.10586996814792,1.4113315866180765,0.5,2.003096580505371,1.9221925735473633,0.45216071605682373,2.0080495939047216,1.92668626072071,0.5,1.4829849004745483,1.9457099437713623,0.440237432718277,1.4722211233789357,1.9324509863905621,0.5
20.05,TRACK,1.5009993314743042,1.4133750200271606,0.39916321635246277,1.474128157468111,1.43249875384594,0.5,2.1104085445404053,1.442092776298523,0.4576324224472046,2.1057666235894783,1.4117765812593004,0.5,2.003096580505371,1.9221925735473633,0.45216071605682373,2.008091292720787,1.926919415864024,0.5,1.4829849004745483,1.9457099437713623,0.440237432718277,1.472340603585725,1.9326685380355533,0.5
20.07,TRACK,1.5009993314743042,1.4133750200271606,0.39916321635246277,1.4742415350069529,1.4328277362528399,0.5,2.109467029571533,1.4446197748184204,0.45150506496429443,2.1056633890833383,1.4122190319304893,0.5,2.003096580505371,1.9221925735473633,0.45216071605682373,2.008132901449285,1.92715215755235,0.5,1.4829849004745483,1.9457099437713623,0.440237432718277,1.4724595414050718,1.9328857059099447,0.5
20.09,TRACK,1.5012072324752808,1.417891263961792,0.39415448904037476,1.474354389216188,1.4331549351898256,0.5,2.109467029571533,1.4446197748184204,0.45150506496429443,2.1055602645420106,1.4126589562369525,0.5,2.003096580505371,1.9221925735473633,0.45216071605682373,2.0081744201961547,1.9273844865171028,0.5,1.4829849004745483,1.9457099437713623,0.440237432718277,1.4725779395313516,1.9331024906662968,0.5
20.11,TRACK,1.5012072324752808,1.417891263961792,0.39415448904037476,1.474466722730504,1.4334803620233323,0.5,2.109467029571533,1.4446197748184204,0.45150506496429443,2.1054572498776776,1.4130963716311755,0.5,2.003096580505371,1.9221925735473633,0.45216071605682373,2.0082158490674686,1.927616403487714,0.5,1.480665922164917,1.949673056602478,0.4406876266002655,1.4726958006436197,1.9333188929555758,0.5
20.13,TRACK,1.5012072324752808,1.417891263961792,0.39415448904037476,1.4745785381694472,1.433804028030913,0.5,2.109467029571533,1.4446197748184204,0.45150506496429443,2.1053543450022,1.4135312954144672,0.5,2.0009939670562744,1.9262895584106445,0.45228269696235657,2.008257188169431,1.927847909191642,0.5,1.480665922164917,1.949673056602478,0.4406876266002655,1.4728131274057148,1.9335349134271593,0.5
20.15,TRACK,1.5012072324752808,1.417891263961792,0.39415448904037476,1.474689838137528,1.4341259444020953,0.5,2.109467029571533,1.4446197748184204,0.45150506496429443,2.10525154982712,1.4139637447385873,0.5,2.0009939670562744,1.9262895584106445,0.45228269696235657,2.0082984376083783,1.9280790043543818,0.5,1.480665922164917,1.949673056602478,0.4406876266002655,1.4729299224663628,1.9337505527288434,0.5
20.17,TRACK,1.5012072324752808,1.417891263961792,0.39415448904037476,1.4748006252243226,1.4344461222392262,0.5,2.10992169380188,1.444642424583435,0.4418458342552185,2.1051488642636693,1.4143937366073516,0.5,2.0009939670562744,1.9262895584106445,0.45228269696235657,2.008339597490778,1.9283096896994725,0.5,1.480665922164917,1.949673056602478,0.4406876266002655,1.4730461884592776,1.9339658115068488,0.5
20.189,TRACK,1.4980295896530151,1.4193873405456543,0.3932191729545593,1.474910902004575,1.4347645725583107,0.5,2.10992169380188,1.444642424583435,0.4418458342552185,2.1050462882227734,1.414821287878217,0.5,2.0009939670562744,1.9262895584106445,0.45228269696235657,2.0083806679232277,1.9285399659485072,0.5,1.480665922164917,1.949673056602478,0.4406876266002655,1.4731619280032628,1.9341806904058267,0.5
20.211,TRACK,1.4980295896530151,1.4193873405456543,0.3932191729545593,1.4750206710382983,1.435081306289837,0.5,2.10992169380188,1.444642424583435,0.4418458342552185,2.1049438216150573,1.415246415263846,0.5,2.0009939670562744,1.9262895584106445,0.45228269696235657,2.0084216490124556,1.9287698338211416,0.5,1.47794508934021,1.9520914554595947,0.4442669451236725,1.473277143702312,1.9343951900688665,0.5
20.23,TRACK,1.4980295896530151,1.4193873405456543,0.3932191729545593,1.4751299348708744,1.4353963342795952,0.5,2.10992169380188,1.444642424583435,0.4418458342552185,2.1048414643508493,1.4156691353336517,0.5,1.9990487098693848,1.9287726879119873,0.4556642472743988,2.008462540865319,1.9289992940351033,0.5,1.47794508934021,1.9520914554595947,0.4442669451236725,1.4733918381457083,1.9346093111375011,0.5
20.25,TRACK,1.4980295896530151,1.4193873405456543,0.3932191729545593,1.4752386960331547,1.4357096672894847,0.5,2.10992169380188,1.444642424583435,0.4418458342552185,2.104739216340188,1.4160894645153221,0.5,1.9990487098693848,1.9287726879119873,0.4556642472743988,2.008503343588804,1.9292283473062,0.5,1.47794508934021,1.9520914554595947,0.4442669451236725,1.4735060139081229,1.9348230542517135,0.5
20.271,TRACK,1.4980295896530151,1.4193873405456543,0.3932191729545593,1.4753469570415574,1.436021315998313,0.5,2.10992169380188,1.444642424583435,0.4418458342552185,2.104637077492827,1.4165074190963258,0.5,1.9990487098693848,1.9287726879119873,0.4556642472743988,2.008544057290023,1.929456994348329,0.5,1.47794508934021,1.9520914554595947,0.4442669451236725,1.4736196735497127,1.9350364200499441,0.5
20.289,TRACK,1.4936108589172363,1.419683575630188,0.3973217308521271,1.4754547203981652,1.4363312910025863,0.5,2.1099822521209717,1.444724440574646,0.4292527139186859,2.1045350477182394,1.4169230152253978,0.5,1.9990487098693848,1.9287726879119873,0.4556642472743988,2.0085846820762177,1.929685235873487,0.5,1.47794508934021,1.9520914554595947,0.4442669451236725,1.4737328196162183,1.935249409169096,0.5
20.31,TRACK,1.4936108589172363,1.419683575630188,0.3973217308521271,1.475561988590823,1.4366396028172892,0.5,2.1099822521209717,1.444724440574646,0.4292527139186859,2.104433126925623,1.4173362689140065,0.5,1.9990487098693848,1.9287726879119873,0.4556642472743988,2.008625218054754,1.9299130725917772,0.5,1.476730227470398,1.9580790996551514,0.449851930141449,1.4738454546390594,1.9354620222445424,0.5
20.329,TRACK,1.4936108589172363,1.419683575630188,0.3973217308521271,1.4756687640932344,1.4369462618766575,0.5,2.1099822521209717,1.444724440574646,0.4292527139186859,2.1043313150239062,1.4177471960378034,0.5,2.002271890640259,1.9311022758483887,0.45585450530052185,2.008665665333124,1.9301405052114198,0.5,1.476730227470398,1.9580790996551514,0.449851930141449,1.4739575811354306,1.9356742599101329,0.5
20.35,TRACK,1.4936108589172363,1.419683575630188,0.3973217308521271,1.4757750493650557,1.4372512785349416,0.5,2.1099822521209717,1.444724440574646,0.4292527139186859,2.1042296119217516,1.4181558123380515,0.5,2.002271890640259,1.9311022758483887,0.45585450530052185,2.0087060240189425,1.9303675344387596,0.5,1.476730227470398,1.9580790996551514,0.449851930141449,1.4740692016083967,1.935886122798199,0.5
20.37,TRACK,1.4936108589172363,1.419683575630188,0.3973217308521271,1.4758808468519913,1.4375546630671596,0.5,2.1075429916381836,1.4458009004592896,0.41556063294410706,2.1041280175275605,1.4185621334230392,0.5,2.002271890640259,1.9311022758483887,0.45585450530052185,2.008746294219949,1.9305941609782762,0.5,1.476730227470398,1.9580790996551514,0.449851930141449,1.4741803185469857,1.9360976115395623,0.5
20.39,TRACK,1.4880657196044922,1.4190207719802856,0.4023837149143219,1.4759861589858878,1.437856425669845,0.5,2.1075429916381836,1.4458009004592896,0.41556063294410706,2.1040265317494793,1.4189661747694737,0.5,2.002271890640259,1.9311022758483887,0.45585450530052185,2.0087864760440053,1.9308203855325918,0.5,1.476730227470398,1.9580790996551514,0.449851930141449,1.4742909344262825,1.9363087267635395,0.5
20.41,TRACK,1.4880657196044922,1.4190207719802856,0.4023837149143219,1.4760909881848265,1.4381565764617834,0.5,2.1075429916381836,1.4458009004592896,0.41556063294410706,2.103925154495403,1.4193679517238575,0.5,2.002271890640259,1.9311022758483887,0.45585450530052185,2.0088265695990937,1.931046208802481,0.5,1.4794164896011353,1.960593819618225,0.45284730195999146,1.474401051707522,1.9365194690979495,0.5
20.43,TRACK,1.4880657196044922,1.4190207719802856,0.4023837149143219,1.476195336853216,1.4384551254847417,0.5,2.1075429916381836,1.4458009004592896,0.41556063294410706,2.10382388567298,1.4197674795038493,0.5,2.0015435218811035,1.9346489906311035,0.4578282833099365,2.008866574993316,1.9312716314868783,0.5,1.4794164896011353,1.960593819618225,0.45284730195999146,1.4745106728381796,1.93672983916912,0.5
20.45,TRACK,1.4880657196044922,1.4190207719802856,0.4023837149143219,1.4762992073818828,1.43875208270419,0.5,2.1075429916381836,1.4458009004592896,0.41556063294410706,2.1037227251896167,1.4201647731996045,0.5,2.0015435218811035,1.9346489906311035,0.4578282833099365,2.0089064923348943,1.9314966542828884,0.5,1.4794164896011353,1.960593819618225,0.45284730195999146,1.4746198002520636,1.9369398376018934,0.5
20.47,TRACK,1.4880657196044922,1.4190207719802856,0.4023837149143219,1.476402602148164,1.4390474580100132,0.5,2.1037707328796387,1.448157787322998,0.4038686454296112,2.1036216729524826,1.4205598477751025,0.5,2.0015435218811035,1.9346489906311035,0.4578282833099365,2.0089463217321684,1.9317212778857942,0.5,1.4794164896011353,1.960593819618225,0.45284730195999146,1.4747284363694044,1.9371494650196341,0.5
20.49,TRACK,1.4826728105545044,1.4172008037567139,0.4049171209335327,1.4765055235159954,1.4393412612172178,0.5,2.1037707328796387,1.448157787322998,0.4038686454296112,2.1035207288685136,1.4209527180694548,0.5,2.0015435218811035,1.9346489906311035,0.4578282833099365,2.0089860632935945,1.9319455029890655,0.5,1.4794164896011353,1.960593819618225,0.45284730195999146,1.4748365835969441,1.937358722044234,0.5
20.51,TRACK,1.4826728105545044,1.4172008037567139,0.4049171209335327,1.4766079738360023,1.4396335020666275,0.5,2.1037707328796387,1.448157787322998,0.4038686454296112,2.103419892844417,1.4213433987981978,0.5,2.0015435218811035,1.9346489906311035,0.4578282833099365,2.009025717127744,1.9321693302843679,0.5,1.4842350482940674,1.9611504077911377,0.4524396061897278,1.4749442443280263,1.93756760929612,0.5
20.53,TRACK,1.4826728105545044,1.4172008037567139,0.4049171209335327,1.4767099554455867,1.4399241902255737,0.5,2.1037707328796387,1.448157787322998,0.4038686454296112,2.1033191647866762,1.4217319045545702,0.5,2.004439115524292,1.9385725259780884,0.45699384808540344,2.0090652833433036,1.9323927604615716,0.5,1.4842350482940674,1.9611504077911377,0.4524396061897278,1.4750514209426835,1.937776127394259,0.5
20.551,TRACK,1.4826728105545044,1.4172008037567139,0.4049171209335327,1.4768114706690165,1.4402133352885764,0.5,2.1037707328796387,1.448157787322998,0.4038686454296112,2.103218544601554,1.4221182498107734,0.5,2.004439115524292,1.9385725259780884,0.45699384808540344,2.009104762049072,1.9326157942087598,0.5,1.4842350482940674,1.9611504077911377,0.4524396061897278,1.4751581158077243,1.937984276956166,0.5
20.57,TRACK,1.4826728105545044,1.4172008037567139,0.4049171209335327,1.4769125218175119,1.4405009467780188,0.5,2.101733446121216,1.449427843093872,0.38989514112472534,2.103118032195098,1.4225024489192162,0.5,2.004439115524292,1.9385725259780884,0.45699384808540344,2.009144153353961,1.9328384322122376,0.5,1.4842350482940674,1.9611504077911377,0.4524396061897278,1.4752643312768208,1.9381920585979084,0.5
20.591,TRACK,1.4784232378005981,1.4145934581756592,0.405765175819397,1.4770131111893319,1.440787034144813,0.5,2.101733446121216,1.449427843093872,0.38989514112472534,2.1030176274731436,1.4228845161137456,0.5,2.004439115524292,1.9385725259780884,0.45699384808540344,2.0091834573669924,1.9330606751565407,0.5,1.4842350482940674,1.9611504077911377,0.4524396061897278,1.4753700696905947,1.9383994729341152,0.5
20.61,TRACK,1.4784232378005981,1.4145934581756592,0.405765175819397,1.4771132410698606,1.4410716067690612,0.5,2.101733446121216,1.449427843093872,0.38989514112472534,2.102917330341319,1.4232644655108608,0.5,2.004439115524292,1.9385725259780884,0.45699384808540344,2.009222674197297,1.9332825237244438,0.5,1.4894351959228516,1.9617420434951782,0.4503554403781891,1.475475333376702,1.9386065205779806,0.5
20.63,TRACK,1.4784232378005981,1.4145934581756592,0.405765175819397,1.4772129137316918,1.4413546739607053,0.5,2.101733446121216,1.449427843093872,0.38989514112472534,2.1028171407050484,1.423642311110913,0.5,2.005706787109375,1.9427399635314941,0.4560179114341736,2.0092618039541144,1.933503978596969,0.5,1.4894351959228516,1.9617420434951782,0.4503554403781891,1.4755801246499178,1.938813202141272,0.5
20.65,TRACK,1.4784232378005981,1.4145934581756592,0.405765175819397,1.4773121314347133,1.4416362449601732,0.5,2.101733446121216,1.449427843093872,0.38989514112472534,2.1027170584695574,1.4240180667992912,0.5,2.005706787109375,1.9427399635314941,0.4560179114341736,2.0093008467467905,1.9337250404533946,0.5,1.4894351959228516,1.9617420434951782,0.4503554403781891,1.4756844458122218,1.939019518234336,0.5
20.669,TRACK,1.4775663614273071,1.4110643863677979,0.4054211378097534,1.4774108964261912,1.4419163289390156,0.5,2.1005303859710693,1.4497032165527344,0.3714827299118042,2.102617083539875,1.424391746347591,0.5,2.005706787109375,1.9427399635314941,0.4560179114341736,2.009339802684777,1.9339457099712634,0.5,1.4894351959228516,1.9617420434951782,0.4503554403781891,1.4757882991528792,1.9392254694661044,0.5
20.69,TRACK,1.4775663614273071,1.4110643863677979,0.4054211378097534,1.4775092109408525,1.4421949350005374,0.5,2.1005303859710693,1.4497032165527344,0.3714827299118042,2.1025172158208396,1.424763363414772,0.5,2.005706787109375,1.9427399635314941,0.4560179114341736,2.00937867187763,1.9341659878263917,0.5,1.4894351959228516,1.9617420434951782,0.4503554403781891,1.4758916869485257,1.9394310564441009,0.5
20.709,TRACK,1.4775663614273071,1.4110643863677979,0.4054211378097534,1.4776070772009677,1.442472072180421,0.5,2.1005303859710693,1.4497032165527344,0.3714827299118042,2.102417455217101,1.4251329315483,0.5,2.005706787109375,1.9427399635314941,0.4560179114341736,2.009417454435006,1.9343858746928768,0.5,1.4920806884765625,1.9603499174118042,0.44697850942611694,1.475994611463248,1.9396362797744469,0.5
20.729,TRACK,1.4775663614273071,1.4110643863677979,0.4054211378097534,1.477704497416433,1.4427477494473426,0.5,2.1005303859710693,1.4497032165527344,0.3714827299118042,2.102317801633124,1.4255004641852735,0.5,2.0065181255340576,1.9465513229370117,0.45569559931755066,2.0094561504666655,1.934605371243106,0.5,1.4920806884765625,1.9603499174118042,0.44697850942611694,1.4760970749486666,1.9398411400618683,0.5
20.75,TRACK,1.4775663614273071,1.4110643863677979,0.4054211378097534,1.4778014737848504,1.4430219757035831,0.5,2.1005303859710693,1.4497032165527344,0.3714827299118042,2.1022182549731956,1.4258659746535398,0.5,2.0065181255340576,1.9465513229370117,0.45569559931755066,2.0094947600824673,1.9348244781477648,0.5,1.4920806884765625,1.9603499174118042,0.44697850942611694,1.4761990796440154,1.940045637909701,0.5
20.77,TRACK,1.4775663614273071,1.4110643863677979,0.4054211378097534,1.4778980084916087,1.4432947597856314,0.5,2.102064371109009,1.4475044012069702,0.34939879179000854,2.102118815141424,1.426229476172795,0.5,2.0065181255340576,1.9465513229370117,0.45569559931755066,2.0095332833923694,1.9350431960758452,0.5,1.4920806884765625,1.9603499174118042,0.44697850942611694,1.4763006277762225,1.9402497739198987,0.5
20.791,TRACK,1.4796662330627441,1.402251958847046,0.40505921840667725,1.4779941037099638,1.4435661104647808,0.5,2.102064371109009,1.4475044012069702,0.34939879179000854,2.1020194820417455,1.4265909818556715,0.5,2.0065181255340576,1.9465513229370117,0.45569559931755066,2.0095717205064263,1.935261525694654,0.5,1.4920806884765625,1.9603499174118042,0.44697850942611694,1.4764017215599898,1.9404535486930372,0.5
20.809,TRACK,1.4796662330627441,1.402251958847046,0.40505921840667725,1.4780897616011168,1.4438360364477199,0.5,2.102064371109009,1.4475044012069702,0.34939879179000854,2.1019202555779257,1.4269505047088125,0.5,2.0065181255340576,1.9465513229370117,0.45569559931755066,2.009610071534789,1.935479467669821,0.5,1.4960968494415283,1.9560325145721436,0.43927621841430664,1.4765023631978718,1.9406569628283212,0.5
20.831,TRACK,1.4796662330627441,1.402251958847046,0.40505921840667725,1.4781849843142938,1.444104546377116,0.5,2.102064371109009,1.4475044012069702,0.34939879179000854,2.101821135653566,1.4273080576339336,0.5,2.011098861694336,1.9480698108673096,0.44982925057411194,2.009648336587702,1.9356970226653074,0.5,1.4960968494415283,1.9560325145721436,0.43927621841430664,1.4766025548803539,1.9408600169235914,0.5
20.85,TRACK,1.4796662330627441,1.402251958847046,0.40505921840667725,1.478279773986823,1.4443716488321934,0.5,2.102064371109009,1.4475044012069702,0.34939879179000854,2.101722122172104,1.4276636534288711,0.5,2.011098861694336,1.9480698108673096,0.44982925057411194,2.009686515775502,1.9359141913434135,0.5,1.4960968494415283,1.9560325145721436,0.43927621841430664,1.4767022987859297,1.9410627115753294,0.5
20.87,TRACK,1.4796662330627441,1.402251958847046,0.40505921840667725,1.4783741327442126,1.4446373523293037,0.5,2.102064371109009,1.4475044012069702,0.34939879179000854,2.1016232150368195,1.4280173047886178,0.5,2.011098861694336,1.9480698108673096,0.44982925057411194,2.0097246092086185,1.9361309743647874,0.5,1.4960968494415283,1.9560325145721436,0.43927621841430664,1.4768015970811796,1.9412650473786641,0.5
20.889,TRACK,1.4849797487258911,1.3983067274093628,0.4041994512081146,1.4784680627002271,1.444901665322492,0.5,2.1067054271698,1.442592740058899,0.3249865770339966,2.1015244141508367,1.4283690243063472,0.5,2.011098861694336,1.9480698108673096,0.44982925057411194,2.0097626169975693,1.9363473723884326,0.5,1.4960968494415283,1.9560325145721436,0.43927621841430664,1.4769004519208453,1.9414670249273782,0.5
20.909,TRACK,1.4849797487258911,1.3983067274093628,0.4041994512081146,1.478561565956964,1.4451645962040556,0.5,2.1067054271698,1.442592740058899,0.3249865770339966,2.1014257194171266,1.4287188244744242,0.5,2.011098861694336,1.9480698108673096,0.44982925057411194,2.009800539252961,1.936563386071716,0.5,1.4970884323120117,1.9505038261413574,0.43612176179885864,1.4769988654479071,1.9416686448139142,0.5
20.93,TRACK,1.4849797487258911,1.3983067274093628,0.4041994512081146,1.4786546446049282,1.4454261533050967,0.5,2.1067054271698,1.442592740058899,0.3249865770339966,2.1013271307385124,1.4290667176854053,0.5,2.0162436962127686,1.9508956670761108,0.44944286346435547,2.0098383760854883,1.9367790160703762,0.5,1.4970884323120117,1.9505038261413574,0.43612176179885864,1.477096839793659,1.9418699076293797,0.5
20.95,TRACK,1.4849797487258911,1.3983067274093628,0.4041994512081146,1.4787473007231084,1.4456863448960702,0.5,2.1067054271698,1.442592740058899,0.3249865770339966,2.101228648017671,1.4294127162330243,0.5,2.0162436962127686,1.9508956670761108,0.44944286346435547,2.009876127605929,1.9369942630385315,0.5,1.4970884323120117,1.9505038261413574,0.43612176179885864,1.4771943770777831,1.9420708139635545,0.5
20.97,TRACK,1.4849797487258911,1.3983067274093628,0.4041994512081146,1.4788395363790505,1.445945179187324,0.5,2.1067054271698,1.442592740058899,0.3249865770339966,2.1011302711571376,1.4297568323131697,0.5,2.0162436962127686,1.9508956670761108,0.44944286346435547,2.009913793925147,1.9372091276286876,0.5,1.4970884323120117,1.9505038261413574,0.43612176179885864,1.4772914794084244,1.9422713644048955,0.5
20.99,TRACK,1.4889142513275146,1.3977471590042114,0.40367138385772705,1.4789313536289321,1.446202664329635,0.5,2.1126458644866943,1.4376085996627808,0.3036729693412781,2.1010320000593077,1.4300990780248477,0.5,2.0162436962127686,1.9508956670761108,0.44944286346435547,2.0099513751540865,1.9374236104917453,0.5,1.4970884323120117,1.9505038261413574,0.43612176179885864,1.477388148882264,1.942471559540543,0.5
21.009,TRACK,1.4889142513275146,1.3977471590042114,0.40367138385772705,1.479022754517635,1.4464588084147392,0.5,2.1126458644866943,1.4376085996627808,0.3036729693412781,2.1009338346264412,1.4304394653711345,0.5,2.0162436962127686,1.9508956670761108,0.44944286346435547,2.0099888714037735,1.9376377122770088,0.5,1.4970884323120117,1.9505038261413574,0.43612176179885864,1.4774843875845922,1.9426713999563274,0.5
21.03,TRACK,1.4889142513275146,1.3977471590042114,0.40367138385772705,1.4791137410788187,1.4467136194758548,0.5,2.1126458644866943,1.4376085996627808,0.3036729693412781,2.1008357747606645,1.4307780062601185,0.5,2.0201878547668457,1.9526907205581665,0.453317791223526,2.010026282785314,1.937851433632193,0.5,1.4970884323120117,1.9505038261413574,0.43612176179885864,1.4775801975893812,1.9428708862367736,0.5
21.051,TRACK,1.4889142513275146,1.3977471590042114,0.40367138385772705,1.4792043153349912,1.4469671054882012,0.5,2.1126458644866943,1.4376085996627808,0.3036729693412781,2.1007378203639746,1.43111471250583,0.5,2.0201878547668457,1.9526907205581665,0.453317791223526,2.010063609409891,1.938064775203432,0.5,1.4970884323120117,1.9505038261413574,0.43612176179885864,1.477675580959357,1.9430700189651084,0.5
21.07,TRACK,1.4889142513275146,1.3977471590042114,0.40367138385772705,1.4792944792975822,1.4472192743695116,0.5,2.11722993850708,1.4351885318756104,0.2867467701435089,2.100639971338242,1.43144959582916,0.5,2.0201878547668457,1.9526907205581665,0.453317791223526,2.010100851388765,1.938277737635285,0.5,1.5002970695495605,1.945908784866333,0.4400809705257416,1.4777705397460705,1.9432687987232655,0.5
21.09,TRACK,1.4872117042541504,1.3991162776947021,0.40461745858192444,1.479384234967013,1.4474701339805411,0.5,2.11722993850708,1.4351885318756104,0.2867467701435089,2.100542227585212,1.4317826678587697,0.5,2.0201878547668457,1.9526907205581665,0.453317791223526,2.010138008833269,1.9384903215707467,0.5,1.5002970695495605,1.945908784866333,0.4400809705257416,1.477865075989969,1.9434672260918908,0.5
21.11,TRACK,1.4872117042541504,1.3991162776947021,0.40461745858192444,1.479473584332767,1.4477196921255682,0.5,2.11722993850708,1.4351885318756104,0.2867467701435089,2.10044458900651,1.4321139401319873,0.5,2.0201878547668457,1.9526907205581665,0.453317791223526,2.010175081854812,1.9387025276512526,0.5,1.5002970695495605,1.945908784866333,0.4400809705257416,1.4779591917204655,1.9436653016503491,0.5
21.13,TRACK,1.4872117042541504,1.3991162776947021,0.40461745858192444,1.4795625293734604,1.4479679565528911,0.5,2.11722993850708,1.4351885318756104,0.2867467701435089,2.1003470555036436,1.4324434240956958,0.5,2.0227935314178467,1.9514940977096558,0.45474135875701904,2.0102120705648727,1.9389143565166873,0.5,1.5042258501052856,1.9403585195541382,0.44495970010757446,1.4780528889560103,1.9438630259767298,0.5
21.15,TRACK,1.4872117042541504,1.3991162776947021,0.40461745858192444,1.4796510720569103,1.4482149349553208,0.5,2.11722993850708,1.4351885318756104,0.2867467701435089,2.1002496269780044,1.4327711311072093,0.5,2.0227935314178467,1.9514940977096558,0.45474135875701904,2.010248975075001,1.9391258088053922,0.5,1.5042258501052856,1.9403585195541382,0.44495970010757446,1.4781461697041582,1.9440603996478518,0.5
21.17,TRACK,1.4872117042541504,1.3991162776947021,0.40461745858192444,1.4797392143402046,1.4484606349706663,0.5,2.11722993850708,1.4351885318756104,0.2867467701435089,2.100152303330872,1.4330970724351408,0.5,2.0227935314178467,1.9514940977096558,0.45474135875701904,2.0102857954968156,1.939336885154173,0.5,1.5042258501052856,1.9403585195541382,0.44495970010757446,1.478239035961639,1.9442574232392698,0.5
21.19,TRACK,1.4821624755859375,1.4050894975662231,0.4058624505996704,1.4798269581697698,1.448705064182216,0.5,2.1201577186584473,1.433943748474121,0.2713190019130707,2.1000550844634156,1.4334212592602575,0.5,2.0227935314178467,1.9514940977096558,0.45474135875701904,2.010322531942002,1.939547586198307,0.5,1.5042258501052856,1.9403585195541382,0.44495970010757446,1.4783314897144246,1.9444540973252802,0.5
21.21,TRACK,1.4821624755859375,1.4050894975662231,0.4058624505996704,1.4799143054814394,1.4489482301192131,0.5,2.1201577186584473,1.433943748474121,0.2713190019130707,2.0999579702766993,1.4337437026763278,0.5,2.0227935314178467,1.9514940977096558,0.45474135875701904,2.010359184522312,1.9397579125715503,0.5,1.5042258501052856,1.9403585195541382,0.44495970010757446,1.4784235329377966,1.9446504224789258,0.5
21.23,TRACK,1.4821624755859375,1.4050894975662231,0.4058624505996704,1.4800012582005204,1.4491901402573286,0.5,2.1201577186584473,1.433943748474121,0.2713190019130707,2.0998609606716814,1.434064413690958,0.5,2.0192959308624268,1.948322057723999,0.45272934436798096,2.010395753349561,1.9399678649061451,0.5,1.5042258501052856,1.9403585195541382,0.44495970010757446,1.478515167596415,1.9448463992720022,0.5
21.25,TRACK,1.4821624755859375,1.4050894975662231,0.4058624505996704,1.4800878182418604,1.4494308020191262,0.5,2.1201577186584473,1.433943748474121,0.2713190019130707,2.09976405554922,1.4343834032264196,0.5,2.0192959308624268,1.948322057723999,0.45272934436798096,2.010432238535627,1.9401774438328279,0.5,1.5042258501052856,1.9403585195541382,0.44495970010757446,1.4786063956443831,1.9450420282750627,0.5
21.27,TRACK,1.4821624755859375,1.4050894975662231,0.4058624505996704,1.480173987509914,1.4496702227745235,0.5,2.1233551502227783,1.431601881980896,0.25173279643058777,2.099667254810073,1.434700682120467,0.5,2.0192959308624268,1.948322057723999,0.45272934436798096,2.0104686401924505,1.9403866499808355,0.5,1.5075403451919556,1.9361379146575928,0.4483361840248108,1.4786972190253147,1.9452373100574245,0.5
21.29,TRACK,1.4743578433990479,1.4141464233398438,0.4040267765522003,1.4802597678988083,1.4499084098412491,0.5,2.1233551502227783,1.431601881980896,0.25173279643058777,2.099570558354903,1.4350162611271455,0.5,2.0192959308624268,1.948322057723999,0.45272934436798096,2.01050495843203,1.940595483977913,0.5,1.5075403451919556,1.9361379146575928,0.4483361840248108,1.4787876396724,1.945432245187174,0.5
21.31,TRACK,1.4743578433990479,1.4141464233398438,0.4040267765522003,1.4803451612924083,1.4501453704852947,0.5,2.1233551502227783,1.431601881980896,0.25173279643058777,2.099473966084279,1.4353301509175895,0.5,2.0192959308624268,1.948322057723999,0.45272934436798096,2.0105411933664223,1.94080394645032,0.5,1.5075403451919556,1.9361379146575928,0.4483361840248108,1.4788776595084703,1.9456268342311718,0.5
21.33,TRACK,1.4743578433990479,1.4141464233398438,0.4040267765522003,1.4804301695643816,1.450381111921361,0.5,2.1233551502227783,1.431601881980896,0.25173279643058777,2.099377477898678,1.435642362080813,0.5,2.015317678451538,1.947759985923767,0.4535484313964844,2.0105773451077416,1.9410120380228395,0.5,1.5075403451919556,1.9361379146575928,0.4483361840248108,1.4789672804460625,1.9458210777550584,0.5
21.349,TRACK,1.4743578433990479,1.4141464233398438,0.4040267765522003,1.4805147945782628,1.4506156413133007,0.5,2.1233551502227783,1.431601881980896,0.25173279643058777,2.099281093698489,1.4359529051244893,0.5,2.015317678451538,1.947759985923767,0.4535484313964844,2.010613413768157,1.9412197593187834,0.5,1.5075403451919556,1.9361379146575928,0.4483361840248108,1.4790565043874844,1.94601497632326,0.5
21.37,TRACK,1.4743578433990479,1.4141464233398438,0.4040267765522003,1.4805990381875176,1.4508489657745571,0.5,2.1242520809173584,1.4281539916992188,0.22456157207489014,2.0991848133840145,1.4362617904757236,0.5,2.015317678451538,1.947759985923767,0.4535484313964844,2.0106493994598904,1.94142711096,0.5,1.5075403451919556,1.9361379146575928,0.4483361840248108,1.4791453332248774,1.9462085304989927,0.5
21.389,TRACK,1.467604160308838,1.4227403402328491,0.39665791392326355,1.4806829022356052,1.4510810923685962,0.5,2.1242520809173584,1.4281539916992188,0.22456157207489014,2.099088636855474,1.4365690284818147,0.5,2.015317678451538,1.947759985923767,0.4535484313964844,2.010685302295217,1.9416340935668812,0.5,1.5075403451919556,1.9361379146575928,0.4483361840248108,1.4792337688402803,1.9464017408442695,0.5
21.409,TRACK,1.467604160308838,1.4227403402328491,0.39665791392326355,1.480766388556042,1.451312028109336,0.5,2.1242520809173584,1.4281539916992188,0.22456157207489014,2.0989925640130043,1.4368746294110102,0.5,2.015317678451538,1.947759985923767,0.4535484313964844,2.010721122386462,1.9418407077583688,0.5,1.5102999210357666,1.9375067949295044,0.44876524806022644,1.4793218131056924,1.9465946079199046,0.5
21.43,TRACK,1.467604160308838,1.4227403402328491,0.39665791392326355,1.4808494989724634,1.451541779961571,0.5,2.1242520809173584,1.4281539916992188,0.22456157207489014,2.0988965947566642,1.4371786034532517,0.5,2.011781692504883,1.9484471082687378,0.45410388708114624,2.010756859846,1.9420469541519623,0.5,1.5102999210357666,1.9375067949295044,0.44876524806022644,1.479409467883135,1.946787132285518,0.5
21.451,TRACK,1.467604160308838,1.4227403402328491,0.39665791392326355,1.4809322352986862,1.4517703548413927,0.5,2.1242520809173584,1.4281539916992188,0.22456157207489014,2.0988007289864354,1.4374809607209111,0.5,2.011781692504883,1.9484471082687378,0.45410388708114624,2.010792514786252,1.942252833363725,0.5,1.5102999210357666,1.9375067949295044,0.44876524806022644,1.4794967350247146,1.946979314499542,0.5
21.47,TRACK,1.467604160308838,1.4227403402328491,0.39665791392326355,1.48101459933877,1.4519977596166038,0.5,2.1242520809173584,1.4281539916992188,0.22456157207489014,2.0987049666022255,1.4377817112495204,0.5,2.011781692504883,1.9484471082687378,0.45410388708114624,2.010828087319687,1.9424583460082911,0.5,1.5102999210357666,1.9375067949295044,0.44876524806022644,1.479583616372683,1.947171155119226,0.5
21.489,TRACK,1.4683793783187866,1.4182021617889404,0.39818599820137024,1.4810965928870774,1.4522240011071312,0.5,2.122062921524048,1.4231504201889038,0.19868281483650208,2.0986093075038696,1.4380808649984915,0.5,2.011781692504883,1.9484471082687378,0.45410388708114624,2.0108635775588177,1.9426634926988726,0.5,1.5102999210357666,1.9375067949295044,0.44876524806022644,1.4796701137594992,1.9473626547006413,0.5
21.511,TRACK,1.4683793783187866,1.4182021617889404,0.39818599820137024,1.4811782177283355,1.4524490860854327,0.5,2.122062921524048,1.4231504201889038,0.19868281483650208,2.0985137515911334,1.4383784318518293,0.5,2.011781692504883,1.9484471082687378,0.45410388708114624,2.0108989856161994,1.9428682740472658,0.5,1.5102999210357666,1.9375067949295044,0.44876524806022644,1.4797562290078896,1.9475538137986863,0.5
21.53,TRACK,1.4683793783187866,1.4182021617889404,0.39818599820137024,1.4812594756376958,1.4526730212768992,0.5,2.122062921524048,1.4231504201889038,0.19868281483650208,2.0984182987637148,1.438674421618835,0.5,2.010145902633667,1.9493470191955566,0.45487546920776367,2.01093431160443,1.9430726906638578,0.5,1.5120062828063965,1.9391778707504272,0.446380615234375,1.4798419639309082,1.9477446329670924,0.5
21.55,TRACK,1.4683793783187866,1.4182021617889404,0.39818599820137024,1.4813403683807933,1.4528958133602554,0.5,2.122062921524048,1.4231504201889038,0.19868281483650208,2.098322948921246,1.4389688440348032,0.5,2.010145902633667,1.9493470191955566,0.45487546920776367,2.0109695556361475,1.9432767431576332,0.5,1.507085919380188,1.9372389316558838,0.4419320821762085,1.4799273203319963,1.947935112758428,0.5
21.57,TRACK,1.4683793783187866,1.4182021617889404,0.39818599820137024,1.4814208977138057,1.4531174689679531,0.5,2.122062921524048,1.4231504201889038,0.19868281483650208,2.0982277019632956,1.4392617087617101,0.5,2.010145902633667,1.9493470191955566,0.45487546920776367,2.0110047178240285,1.9434804321361816,0.5,1.507085919380188,1.9372389316558838,0.4419320821762085,1.4800123000050416,1.9481252537241034,0.5
21.59,TRACK,1.4698669910430908,1.4237936735153198,0.40000367164611816,1.4815010653835132,1.453337994686563,0.5,2.1156156063079834,1.4154210090637207,0.2258569747209549,2.0981325577893712,1.4395530253888948,0.5,2.010145902633667,1.9493470191955566,0.45487546920776367,2.011039798280787,1.9436837582057025,0.5,1.507085919380188,1.9372389316558838,0.4419320821762085,1.4800969047344372,1.9483150564143776,0.5
21.61,TRACK,1.4698669910430908,1.4237936735153198,0.40000367164611816,1.4815808731273556,1.4535573970571607,0.5,2.1156156063079834,1.4154210090637207,0.2258569747209549,2.098037516298922,1.4398428034337318,0.5,2.010145902633667,1.9493470191955566,0.45487546920776367,2.0110747971191723,1.943886721971013,0.5,1.5036864280700684,1.9356447458267212,0.4384724497795105,1.4801811362951398,1.9485045213783612,0.5
21.63,TRACK,1.4698669910430908,1.4237936735153198,0.40000367164611816,1.481660322673491,1.4537756825757107,0.5,2.1156156063079834,1.4154210090637207,0.2258569747209549,2.0979425773913394,1.4401310523422977,0.5,2.009303092956543,1.9492855072021484,0.4543394148349762,2.011109714451969,1.9440893240355535,0.5,1.5036864280700684,1.9356447458267212,0.4384724497795105,1.4802649964527275,1.948693649164022,0.5
21.65,TRACK,1.4698669910430908,1.4237936735153198,0.40000367164611816,1.4817394157408523,1.4539928576934447,0.5,2.1156156063079834,1.4154210090637207,0.2258569747209549,2.09784774096596,1.4404177814900285,0.5,2.009303092956543,1.9492855072021484,0.4543394148349762,2.011144550391994,1.9442915650013952,0.5,1.5036864280700684,1.9356447458267212,0.4384724497795105,1.4803484869634576,1.948882440318191,0.5
21.67,TRACK,1.4743103981018066,1.429950475692749,0.40164488554000854,1.4818181540392057,1.4542089288172375,0.5,2.101567506790161,1.4061607122421265,0.25864484906196594,2.0977530069220665,1.4407030001823713,0.5,2.009303092956543,1.9492855072021484,0.4543394148349762,2.0111793050520963,1.944493445469245,0.5,1.5036864280700684,1.9356447458267212,0.4384724497795105,1.480431609574324,1.9490708953865656,0.5
