timestamp_sec,flight_state,cf1_act_x,cf1_act_y,cf1_act_z,cf1_targ_x,cf1_targ_y,cf1_targ_z,cf2_act_x,cf2_act_y,cf2_act_z,cf2_targ_x,cf2_targ_y,cf2_targ_z,cf3_act_x,cf3_act_y,cf3_act_z,cf3_targ_x,cf3_targ_y,cf3_targ_z,cf4_act_x,cf4_act_y,cf4_act_z,cf4_targ_x,cf4_targ_y,cf4_targ_z
0.014,TAKEOFF,0.25064873695373535,0.44209736585617065,0.00770008098334074,0.25,0.25,0.5,1.5546214580535889,0.04653910920023918,0.005038945470005274,1.6,0.1,0.5,1.5393493175506592,1.5837347507476807,-0.0020760400220751762,1.6,1.6,0.5,0.25513651967048645,1.6288872957229614,0.006119891069829464,0.25,1.6,0.5
0.034,TAKEOFF,0.25064873695373535,0.44209736585617065,0.00770008098334074,0.25,0.25,0.5,1.5546214580535889,0.04653910920023918,0.005038945470005274,1.6,0.1,0.5,1.54171621799469,1.5804648399353027,-0.0011679695453494787,1.6,1.6,0.5,0.25513651967048645,1.6288872957229614,0.006119891069829464,0.25,1.6,0.5
0.054,TAKEOFF,0.25064873695373535,0.44209736585617065,0.00770008098334074,0.25,0.25,0.5,1.5546214580535889,0.04653910920023918,0.005038945470005274,1.6,0.1,0.5,1.54171621799469,1.5804648399353027,-0.0011679695453494787,1.6,1.6,0.5,0.25513651967048645,1.6288872957229614,0.006119891069829464,0.25,1.6,0.5
0.074,TAKEOFF,0.25064873695373535,0.44209736585617065,0.00770008098334074,0.25,0.25,0.5,1.5543280839920044,0.04756637662649155,0.007040419150143862,1.6,0.1,0.5,1.54171621799469,1.5804648399353027,-0.0011679695453494787,1.6,1.6,0.5,0.25513651967048645,1.6288872957229614,0.006119891069829464,0.25,1.6,0.5
0.094,TAKEOFF,0.2509194016456604,0.44156938791275024,0.009736726060509682,0.25,0.25,0.5,1.5543280839920044,0.04756637662649155,0.007040419150143862,1.6,0.1,0.5,1.54171621799469,1.5804648399353027,-0.0011679695453494787,1.6,1.6,0.5,0.25513651967048645,1.6288872957229614,0.006119891069829464,0.25,1.6,0.5
0.114,TAKEOFF,0.2509194016456604,0.44156938791275024,0.009736726060509682,0.25,0.25,0.5,1.5543280839920044,0.04756637662649155,0.007040419150143862,1.6,0.1,0.5,1.54171621799469,1.5804648399353027,-0.0011679695453494787,1.6,1.6,0.5,0.25465258955955505,1.6348739862442017,0.005362011957913637,0.25,1.6,0.5
0.134,TAKEOFF,0.2509194016456604,0.44156938791275024,0.009736726060509682,0.25,0.25,0.5,1.5543280839920044,0.04756637662649155,0.007040419150143862,1.6,0.1,0.5,1.5400179624557495,1.5835498571395874,-0.0029578409157693386,1.6,1.6,0.5,0.25465258955955505,1.6348739862442017,0.005362011957913637,0.25,1.6,0.5
0.154,TAKEOFF,0.2509194016456604,0.44156938791275024,0.009736726060509682,0.25,0.25,0.5,1.5543280839920044,0.04756637662649155,0.007040419150143862,1.6,0.1,0.5,1.5400179624557495,1.5835498571395874,-0.0029578409157693386,1.6,1.6,0.5,0.25465258955955505,1.6348739862442017,0.005362011957913637,0.25,1.6,0.5
0.174,TAKEOFF,0.2509194016456604,0.44156938791275024,0.009736726060509682,0.25,0.25,0.5,1.5543280839920044,0.04756637662649155,0.007040419150143862,1.6,0.1,0.5,1.5400179624557495,1.5835498571395874,-0.0029578409157693386,1.6,1.6,0.5,0.25465258955955505,1.6348739862442017,0.005362011957913637,0.25,1.6,0.5
0.194,TAKEOFF,0.2509455978870392,0.44189512729644775,0.009649058803915977,0.25,0.25,0.5,1.5571599006652832,0.04903212934732437,0.002263200469315052,1.6,0.1,0.5,1.5400179624557495,1.5835498571395874,-0.0029578409157693386,1.6,1.6,0.5,0.25465258955955505,1.6348739862442017,0.005362011957913637,0.25,1.6,0.5
0.214,TAKEOFF,0.2509455978870392,0.44189512729644775,0.009649058803915977,0.25,0.25,0.5,1.5571599006652832,0.04903212934732437,0.002263200469315052,1.6,0.1,0.5,1.5400179624557495,1.5835498571395874,-0.0029578409157693386,1.6,1.6,0.5,0.25554901361465454,1.633099913597107,0.007193289697170258,0.25,1.6,0.5
0.234,TAKEOFF,0.2509455978870392,0.44189512729644775,0.009649058803915977,0.25,0.25,0.5,1.5571599006652832,0.04903212934732437,0.002263200469315052,1.6,0.1,0.5,1.539757251739502,1.5821183919906616,-0.0013833873672410846,1.6,1.6,0.5,0.25554901361465454,1.633099913597107,0.007193289697170258,0.25,1.6,0.5
0.254,TAKEOFF,0.2509455978870392,0.44189512729644775,0.009649058803915977,0.25,0.25,0.5,1.5571599006652832,0.04903212934732437,0.002263200469315052,1.6,0.1,0.5,1.539757251739502,1.5821183919906616,-0.0013833873672410846,1.6,1.6,0.5,0.25554901361465454,1.633099913597107,0.007193289697170258,0.25,1.6,0.5
0.274,TAKEOFF,0.24928054213523865,0.43997931480407715,0.0031292347703129053,0.25,0.25,0.5,1.5574135780334473,0.040692150592803955,-0.004853611346334219,1.6,0.1,0.5,1.539757251739502,1.5821183919906616,-0.0013833873672410846,1.6,1.6,0.5,0.25554901361465454,1.633099913597107,0.007193289697170258,0.25,1.6,0.5
0.294,TAKEOFF,0.24928054213523865,0.43997931480407715,0.0031292347703129053,0.25,0.25,0.5,1.5574135780334473,0.040692150592803955,-0.004853611346334219,1.6,0.1,0.5,1.539757251739502,1.5821183919906616,-0.0013833873672410846,1.6,1.6,0.5,0.25554901361465454,1.633099913597107,0.007193289697170258,0.25,1.6,0.5
0.314,TAKEOFF,0.24928054213523865,0.43997931480407715,0.0031292347703129053,0.25,0.25,0.5,1.5574135780334473,0.040692150592803955,-0.004853611346334219,1.6,0.1,0.5,1.539757251739502,1.5821183919906616,-0.0013833873672410846,1.6,1.6,0.5,0.25497177243232727,1.6311622858047485,0.008097955025732517,0.25,1.6,0.5
0.334,TAKEOFF,0.24928054213523865,0.43997931480407715,0.0031292347703129053,0.25,0.25,0.5,1.5574135780334473,0.040692150592803955,-0.004853611346334219,1.6,0.1,0.5,1.5395781993865967,1.5833698511123657,-0.0023785638622939587,1.6,1.6,0.5,0.25497177243232727,1.6311622858047485,0.008097955025732517,0.25,1.6,0.5
0.354,TAKEOFF,0.24928054213523865,0.43997931480407715,0.0031292347703129053,0.25,0.25,0.5,1.5574135780334473,0.040692150592803955,-0.004853611346334219,1.6,0.1,0.5,1.5395781993865967,1.5833698511123657,-0.0023785638622939587,1.6,1.6,0.5,0.25497177243232727,1.6311622858047485,0.008097955025732517,0.25,1.6,0.5
0.374,TAKEOFF,0.2505996823310852,0.440621554851532,0.006042498629540205,0.25,0.25,0.5,1.5557411909103394,0.04210098460316658,-0.002287215320393443,1.6,0.1,0.5,1.5395781993865967,1.5833698511123657,-0.0023785638622939587,1.6,1.6,0.5,0.25497177243232727,1.6311622858047485,0.008097955025732517,0.25,1.6,0.5
0.394,TAKEOFF,0.2505996823310852,0.440621554851532,0.006042498629540205,0.25,0.25,0.5,1.5557411909103394,0.04210098460316658,-0.002287215320393443,1.6,0.1,0.5,1.5395781993865967,1.5833698511123657,-0.0023785638622939587,1.6,1.6,0.5,0.25497177243232727,1.6311622858047485,0.008097955025732517,0.25,1.6,0.5
0.414,TAKEOFF,0.2505996823310852,0.440621554851532,0.006042498629540205,0.25,0.25,0.5,1.5557411909103394,0.04210098460316658,-0.002287215320393443,1.6,0.1,0.5,1.5395781993865967,1.5833698511123657,-0.0023785638622939587,1.6,1.6,0.5,0.25640296936035156,1.6297917366027832,0.009724019095301628,0.25,1.6,0.5
0.434,TAKEOFF,0.2505996823310852,0.440621554851532,0.006042498629540205,0.25,0.25,0.5,1.5557411909103394,0.04210098460316658,-0.002287215320393443,1.6,0.1,0.5,1.539207935333252,1.5844018459320068,-0.0014614022802561522,1.6,1.6,0.5,0.25640296936035156,1.6297917366027832,0.009724019095301628,0.25,1.6,0.5
0.454,TAKEOFF,0.2505996823310852,0.440621554851532,0.006042498629540205,0.25,0.25,0.5,1.5557411909103394,0.04210098460316658,-0.002287215320393443,1.6,0.1,0.5,1.539207935333252,1.5844018459320068,-0.0014614022802561522,1.6,1.6,0.5,0.25640296936035156,1.6297917366027832,0.009724019095301628,0.25,1.6,0.5
0.474,TAKEOFF,0.2506352663040161,0.4419976770877838,0.00797570962458849,0.25,0.25,0.5,1.556217908859253,0.04298364743590355,0.0014846065314486623,1.6,0.1,0.5,1.539207935333252,1.5844018459320068,-0.0014614022802561522,1.6,1.6,0.5,0.25640296936035156,1.6297917366027832,0.009724019095301628,0.25,1.6,0.5
0.494,TAKEOFF,0.2506352663040161,0.4419976770877838,0.00797570962458849,0.25,0.25,0.5,1.556217908859253,0.04298364743590355,0.0014846065314486623,1.6,0.1,0.5,1.539207935333252,1.5844018459320068,-0.0014614022802561522,1.6,1.6,0.5,0.25640296936035156,1.6297917366027832,0.009724019095301628,0.25,1.6,0.5
0.514,TAKEOFF,0.2506352663040161,0.4419976770877838,0.00797570962458849,0.25,0.25,0.5,1.556217908859253,0.04298364743590355,0.0014846065314486623,1.6,0.1,0.5,1.539207935333252,1.5844018459320068,-0.0014614022802561522,1.6,1.6,0.5,0.2572973966598511,1.628320336341858,0.01032804511487484,0.25,1.6,0.5
0.534,TAKEOFF,0.2506352663040161,0.4419976770877838,0.00797570962458849,0.25,0.25,0.5,1.556217908859253,0.04298364743590355,0.0014846065314486623,1.6,0.1,0.5,1.5397536754608154,1.5837047100067139,-0.0023323216009885073,1.6,1.6,0.5,0.2572973966598511,1.628320336341858,0.01032804511487484,0.25,1.6,0.5
0.554,TAKEOFF,0.2506352663040161,0.4419976770877838,0.00797570962458849,0.25,0.25,0.5,1.556217908859253,0.04298364743590355,0.0014846065314486623,1.6,0.1,0.5,1.5397536754608154,1.5837047100067139,-0.0023323216009885073,1.6,1.6,0.5,0.2572973966598511,1.628320336341858,0.01032804511487484,0.25,1.6,0.5
0.574,TAKEOFF,0.25091350078582764,0.44197627902030945,0.009914846159517765,0.25,0.25,0.5,1.5554676055908203,0.044166870415210724,0.0026514106430113316,1.6,0.1,0.5,1.5397536754608154,1.5837047100067139,-0.0023323216009885073,1.6,1.6,0.5,0.2572973966598511,1.628320336341858,0.01032804511487484,0.25,1.6,0.5
0.594,TAKEOFF,0.25091350078582764,0.44197627902030945,0.009914846159517765,0.25,0.25,0.5,1.5554676055908203,0.044166870415210724,0.0026514106430113316,1.6,0.1,0.5,1.5397536754608154,1.5837047100067139,-0.0023323216009885073,1.6,1.6,0.5,0.2572973966598511,1.628320336341858,0.01032804511487484,0.25,1.6,0.5
0.614,TAKEOFF,0.25091350078582764,0.44197627902030945,0.009914846159517765,0.25,0.25,0.5,1.5554676055908203,0.044166870415210724,0.0026514106430113316,1.6,0.1,0.5,1.5397536754608154,1.5837047100067139,-0.0023323216009885073,1.6,1.6,0.5,0.2563910484313965,1.6297547817230225,0.008592224679887295,0.25,1.6,0.5
0.634,TAKEOFF,0.25091350078582764,0.44197627902030945,0.009914846159517765,0.25,0.25,0.5,1.5554676055908203,0.044166870415210724,0.0026514106430113316,1.6,0.1,0.5,1.5407633781433105,1.582258939743042,-0.003225558204576373,1.6,1.6,0.5,0.2563910484313965,1.6297547817230225,0.008592224679887295,0.25,1.6,0.5
0.654,TAKEOFF,0.25091350078582764,0.44197627902030945,0.009914846159517765,0.25,0.25,0.5,1.5554676055908203,0.044166870415210724,0.0026514106430113316,1.6,0.1,0.5,1.5407633781433105,1.582258939743042,-0.003225558204576373,1.6,1.6,0.5,0.2563910484313965,1.6297547817230225,0.008592224679887295,0.25,1.6,0.5
0.674,TAKEOFF,0.25080782175064087,0.4425288438796997,0.00789582822471857,0.25,0.25,0.5,1.5553416013717651,0.0451500304043293,0.002027589362114668,1.6,0.1,0.5,1.5407633781433105,1.582258939743042,-0.003225558204576373,1.6,1.6,0.5,0.2563910484313965,1.6297547817230225,0.008592224679887295,0.25,1.6,0.5
0.694,TAKEOFF,0.25080782175064087,0.4425288438796997,0.00789582822471857,0.25,0.25,0.5,1.5553416013717651,0.0451500304043293,0.002027589362114668,1.6,0.1,0.5,1.5407633781433105,1.582258939743042,-0.003225558204576373,1.6,1.6,0.5,0.2563910484313965,1.6297547817230225,0.008592224679887295,0.25,1.6,0.5
0.714,TAKEOFF,0.25080782175064087,0.4425288438796997,0.00789582822471857,0.25,0.25,0.5,1.5553416013717651,0.0451500304043293,0.002027589362114668,1.6,0.1,0.5,1.5407633781433105,1.582258939743042,-0.003225558204576373,1.6,1.6,0.5,0.25630682706832886,1.6316674947738647,0.010273770429193974,0.25,1.6,0.5
0.734,TAKEOFF,0.25080782175064087,0.4425288438796997,0.00789582822471857,0.25,0.25,0.5,1.5553416013717651,0.0451500304043293,0.002027589362114668,1.6,0.1,0.5,1.5423781871795654,1.579796552658081,-0.0008971360512077808,1.6,1.6,0.5,0.25630682706832886,1.6316674947738647,0.010273770429193974,0.25,1.6,0.5
0.754,TAKEOFF,0.25080782175064087,0.4425288438796997,0.00789582822471857,0.25,0.25,0.5,1.5553416013717651,0.0451500304043293,0.002027589362114668,1.6,0.1,0.5,1.5423781871795654,1.579796552658081,-0.0008971360512077808,1.6,1.6,0.5,0.25630682706832886,1.6316674947738647,0.010273770429193974,0.25,1.6,0.5
0.774,TAKEOFF,0.25080782175064087,0.4425288438796997,0.00789582822471857,0.25,0.25,0.5,1.5552599430084229,0.045365191996097565,0.003007670398801565,1.6,0.1,0.5,1.5423781871795654,1.579796552658081,-0.0008971360512077808,1.6,1.6,0.5,0.25630682706832886,1.6316674947738647,0.010273770429193974,0.25,1.6,0.5
0.794,TAKEOFF,0.2508467435836792,0.44266730546951294,0.006974506191909313,0.25,0.25,0.5,1.5552599430084229,0.045365191996097565,0.003007670398801565,1.6,0.1,0.5,1.5423781871795654,1.579796552658081,-0.0008971360512077808,1.6,1.6,0.5,0.25630682706832886,1.6316674947738647,0.010273770429193974,0.25,1.6,0.5
0.814,TAKEOFF,0.2508467435836792,0.44266730546951294,0.006974506191909313,0.25,0.25,0.5,1.5552599430084229,0.045365191996097565,0.003007670398801565,1.6,0.1,0.5,1.5423781871795654,1.579796552658081,-0.0008971360512077808,1.6,1.6,0.5,0.2571554183959961,1.6269900798797607,0.005917538423091173,0.25,1.6,0.5
0.834,TAKEOFF,0.2508467435836792,0.44266730546951294,0.006974506191909313,0.25,0.25,0.5,1.5552599430084229,0.045365191996097565,0.003007670398801565,1.6,0.1,0.5,1.5395631790161133,1.5842746496200562,-0.002674764720723033,1.6,1.6,0.5,0.2571554183959961,1.6269900798797607,0.005917538423091173,0.25,1.6,0.5
0.854,TAKEOFF,0.2508467435836792,0.44266730546951294,0.006974506191909313,0.25,0.25,0.5,1.5552599430084229,0.045365191996097565,0.003007670398801565,1.6,0.1,0.5,1.5395631790161133,1.5842746496200562,-0.002674764720723033,1.6,1.6,0.5,0.2571554183959961,1.6269900798797607,0.005917538423091173,0.25,1.6,0.5
0.874,TAKEOFF,0.25050848722457886,0.442583829164505,0.005319914780557156,0.25,0.25,0.5,1.5555431842803955,0.045451290905475616,0.0009996502194553614,1.6,0.1,0.5,1.5395631790161133,1.5842746496200562,-0.002674764720723033,1.6,1.6,0.5,0.2571554183959961,1.6269900798797607,0.005917538423091173,0.25,1.6,0.5
0.894,TAKEOFF,0.25050848722457886,0.442583829164505,0.005319914780557156,0.25,0.25,0.5,1.5555431842803955,0.045451290905475616,0.0009996502194553614,1.6,0.1,0.5,1.5395631790161133,1.5842746496200562,-0.002674764720723033,1.6,1.6,0.5,0.2571554183959961,1.6269900798797607,0.005917538423091173,0.25,1.6,0.5
0.914,TAKEOFF,0.25050848722457886,0.442583829164505,0.005319914780557156,0.25,0.25,0.5,1.5555431842803955,0.045451290905475616,0.0009996502194553614,1.6,0.1,0.5,1.5395631790161133,1.5842746496200562,-0.002674764720723033,1.6,1.6,0.5,0.2539919316768646,1.6308977603912354,0.005092814099043608,0.25,1.6,0.5
0.934,TAKEOFF,0.25050848722457886,0.442583829164505,0.005319914780557156,0.25,0.25,0.5,1.5555431842803955,0.045451290905475616,0.0009996502194553614,1.6,0.1,0.5,1.5398348569869995,1.5842424631118774,-0.0044848062098026276,1.6,1.6,0.5,0.2539919316768646,1.6308977603912354,0.005092814099043608,0.25,1.6,0.5
0.954,TAKEOFF,0.25050848722457886,0.442583829164505,0.005319914780557156,0.25,0.25,0.5,1.5555431842803955,0.045451290905475616,0.0009996502194553614,1.6,0.1,0.5,1.5398348569869995,1.5842424631118774,-0.0044848062098026276,1.6,1.6,0.5,0.2539919316768646,1.6308977603912354,0.005092814099043608,0.25,1.6,0.5
0.974,TAKEOFF,0.25063198804855347,0.43785974383354187,0.00438095536082983,0.25,0.25,0.5,1.5608360767364502,0.03765852376818657,-0.005603204481303692,1.6,0.1,0.5,1.5398348569869995,1.5842424631118774,-0.0044848062098026276,1.6,1.6,0.5,0.2539919316768646,1.6308977603912354,0.005092814099043608,0.25,1.6,0.5
0.994,TAKEOFF,0.25063198804855347,0.43785974383354187,0.00438095536082983,0.25,0.25,0.5,1.5608360767364502,0.03765852376818657,-0.005603204481303692,1.6,0.1,0.5,1.5398348569869995,1.5842424631118774,-0.0044848062098026276,1.6,1.6,0.5,0.2578408718109131,1.627536654472351,0.007035413291305304,0.25,1.6,0.5
1.014,TAKEOFF,0.25063198804855347,0.43785974383354187,0.00438095536082983,0.25,0.25,0.5,1.5608360767364502,0.03765852376818657,-0.005603204481303692,1.6,0.1,0.5,1.5398348569869995,1.5842424631118774,-0.0044848062098026276,1.6,1.6,0.5,0.2578408718109131,1.627536654472351,0.007035413291305304,0.25,1.6,0.5
1.034,TAKEOFF,0.25063198804855347,0.43785974383354187,0.00438095536082983,0.25,0.25,0.5,1.5608360767364502,0.03765852376818657,-0.005603204481303692,1.6,0.1,0.5,1.541431188583374,1.5817372798919678,-0.003823714330792427,1.6,1.6,0.5,0.2578408718109131,1.627536654472351,0.007035413291305304,0.25,1.6,0.5
1.054,TAKEOFF,0.25063198804855347,0.43785974383354187,0.00438095536082983,0.25,0.25,0.5,1.5608360767364502,0.03765852376818657,-0.005603204481303692,1.6,0.1,0.5,1.541431188583374,1.5817372798919678,-0.003823714330792427,1.6,1.6,0.5,0.2578408718109131,1.627536654472351,0.007035413291305304,0.25,1.6,0.5
1.074,TAKEOFF,0.25063198804855347,0.43785974383354187,0.00438095536082983,0.25,0.25,0.5,1.5611729621887207,0.03620200976729393,-0.003955031279474497,1.6,0.1,0.5,1.541431188583374,1.5817372798919678,-0.003823714330792427,1.6,1.6,0.5,0.2578408718109131,1.627536654472351,0.007035413291305304,0.25,1.6,0.5
1.094,TAKEOFF,0.25114989280700684,0.43782490491867065,0.006178738549351692,0.25,0.25,0.5,1.5611729621887207,0.03620200976729393,-0.003955031279474497,1.6,0.1,0.5,1.541431188583374,1.5817372798919678,-0.003823714330792427,1.6,1.6,0.5,0.2578408718109131,1.627536654472351,0.007035413291305304,0.25,1.6,0.5
1.114,TAKEOFF,0.25114989280700684,0.43782490491867065,0.006178738549351692,0.25,0.25,0.5,1.5611729621887207,0.03620200976729393,-0.003955031279474497,1.6,0.1,0.5,1.541431188583374,1.5817372798919678,-0.003823714330792427,1.6,1.6,0.5,0.25946760177612305,1.6238782405853271,0.005305653903633356,0.25,1.6,0.5
1.134,TAKEOFF,0.25114989280700684,0.43782490491867065,0.006178738549351692,0.25,0.25,0.5,1.5611729621887207,0.03620200976729393,-0.003955031279474497,1.6,0.1,0.5,1.540164589881897,1.583086371421814,-0.0031797848641872406,1.6,1.6,0.5,0.25946760177612305,1.6238782405853271,0.005305653903633356,0.25,1.6,0.5
1.154,TAKEOFF,0.25114989280700684,0.43782490491867065,0.006178738549351692,0.25,0.25,0.5,1.5611729621887207,0.03620200976729393,-0.003955031279474497,1.6,0.1,0.5,1.540164589881897,1.583086371421814,-0.0031797848641872406,1.6,1.6,0.5,0.25946760177612305,1.6238782405853271,0.005305653903633356,0.25,1.6,0.5
1.174,TAKEOFF,0.25074365735054016,0.4413687288761139,0.00802330207079649,0.25,0.25,0.5,1.5619415044784546,0.03705504909157753,-0.005562080070376396,1.6,0.1,0.5,1.540164589881897,1.583086371421814,-0.0031797848641872406,1.6,1.6,0.5,0.25946760177612305,1.6238782405853271,0.005305653903633356,0.25,1.6,0.5
1.194,TAKEOFF,0.25074365735054016,0.4413687288761139,0.00802330207079649,0.25,0.25,0.5,1.5619415044784546,0.03705504909157753,-0.005562080070376396,1.6,0.1,0.5,1.540164589881897,1.583086371421814,-0.0031797848641872406,1.6,1.6,0.5,0.25946760177612305,1.6238782405853271,0.005305653903633356,0.25,1.6,0.5
1.214,TAKEOFF,0.25074365735054016,0.4413687288761139,0.00802330207079649,0.25,0.25,0.5,1.5619415044784546,0.03705504909157753,-0.005562080070376396,1.6,0.1,0.5,1.540164589881897,1.583086371421814,-0.0031797848641872406,1.6,1.6,0.5,0.25408074259757996,1.6317065954208374,0.005783399101346731,0.25,1.6,0.5
1.234,TAKEOFF,0.25074365735054016,0.4413687288761139,0.00802330207079649,0.25,0.25,0.5,1.5619415044784546,0.03705504909157753,-0.005562080070376396,1.6,0.1,0.5,1.5399550199508667,1.5839169025421143,-0.00411427253857255,1.6,1.6,0.5,0.25408074259757996,1.6317065954208374,0.005783399101346731,0.25,1.6,0.5
1.254,TAKEOFF,0.25074365735054016,0.4413687288761139,0.00802330207079649,0.25,0.25,0.5,1.5619415044784546,0.03705504909157753,-0.005562080070376396,1.6,0.1,0.5,1.5399550199508667,1.5839169025421143,-0.00411427253857255,1.6,1.6,0.5,0.25408074259757996,1.6317065954208374,0.005783399101346731,0.25,1.6,0.5
1.274,TAKEOFF,0.25074365735054016,0.4413687288761139,0.00802330207079649,0.25,0.25,0.5,1.5564310550689697,0.04186569154262543,-0.0013429431710392237,1.6,0.1,0.5,1.5399550199508667,1.5839169025421143,-0.00411427253857255,1.6,1.6,0.5,0.25408074259757996,1.6317065954208374,0.005783399101346731,0.25,1.6,0.5
1.294,TAKEOFF,0.2504989504814148,0.44275370240211487,0.006105232518166304,0.25,0.25,0.5,1.5564310550689697,0.04186569154262543,-0.0013429431710392237,1.6,0.1,0.5,1.5399550199508667,1.5839169025421143,-0.00411427253857255,1.6,1.6,0.5,0.25408074259757996,1.6317065954208374,0.005783399101346731,0.25,1.6,0.5
1.314,TAKEOFF,0.2504989504814148,0.44275370240211487,0.006105232518166304,0.25,0.25,0.5,1.5564310550689697,0.04186569154262543,-0.0013429431710392237,1.6,0.1,0.5,1.5399550199508667,1.5839169025421143,-0.00411427253857255,1.6,1.6,0.5,0.2561352252960205,1.6304359436035156,0.009709364734590054,0.25,1.6,0.5
1.334,TAKEOFF,0.2504989504814148,0.44275370240211487,0.006105232518166304,0.25,0.25,0.5,1.5564310550689697,0.04186569154262543,-0.0013429431710392237,1.6,0.1,0.5,1.539452314376831,1.5839049816131592,-0.002466130768880248,1.6,1.6,0.5,0.2561352252960205,1.6304359436035156,0.009709364734590054,0.25,1.6,0.5
1.354,TAKEOFF,0.2504989504814148,0.44275370240211487,0.006105232518166304,0.25,0.25,0.5,1.5564310550689697,0.04186569154262543,-0.0013429431710392237,1.6,0.1,0.5,1.539452314376831,1.5839049816131592,-0.002466130768880248,1.6,1.6,0.5,0.2561352252960205,1.6304359436035156,0.009709364734590054,0.25,1.6,0.5
1.374,TAKEOFF,0.2504989504814148,0.44275370240211487,0.006105232518166304,0.25,0.25,0.5,1.5544843673706055,0.04558181390166283,0.003229214809834957,1.6,0.1,0.5,1.539452314376831,1.5839049816131592,-0.002466130768880248,1.6,1.6,0.5,0.2561352252960205,1.6304359436035156,0.009709364734590054,0.25,1.6,0.5
1.394,TAKEOFF,0.2505412995815277,0.4425881803035736,0.007467210758477449,0.25,0.25,0.5,1.5544843673706055,0.04558181390166283,0.003229214809834957,1.6,0.1,0.5,1.539452314376831,1.5839049816131592,-0.002466130768880248,1.6,1.6,0.5,0.2560437321662903,1.6303883790969849,0.010671600699424744,0.25,1.6,0.5
1.414,TAKEOFF,0.2505412995815277,0.4425881803035736,0.007467210758477449,0.25,0.25,0.5,1.5544843673706055,0.04558181390166283,0.003229214809834957,1.6,0.1,0.5,1.539452314376831,1.5839049816131592,-0.002466130768880248,1.6,1.6,0.5,0.2560437321662903,1.6303883790969849,0.010671600699424744,0.25,1.6,0.5
1.434,TAKEOFF,0.2505412995815277,0.4425881803035736,0.007467210758477449,0.25,0.25,0.5,1.5544843673706055,0.04558181390166283,0.003229214809834957,1.6,0.1,0.5,1.5402815341949463,1.5832223892211914,-0.004855949431657791,1.6,1.6,0.5,0.2560437321662903,1.6303883790969849,0.010671600699424744,0.25,1.6,0.5
1.454,TAKEOFF,0.2505412995815277,0.4425881803035736,0.007467210758477449,0.25,0.25,0.5,1.5544843673706055,0.04558181390166283,0.003229214809834957,1.6,0.1,0.5,1.5402815341949463,1.5832223892211914,-0.004855949431657791,1.6,1.6,0.5,0.2560437321662903,1.6303883790969849,0.010671600699424744,0.25,1.6,0.5
1.474,TAKEOFF,0.2505412995815277,0.4425881803035736,0.007467210758477449,0.25,0.25,0.5,1.5544843673706055,0.04558181390166283,0.003229214809834957,1.6,0.1,0.5,1.5402815341949463,1.5832223892211914,-0.004855949431657791,1.6,1.6,0.5,0.2560437321662903,1.6303883790969849,0.010671600699424744,0.25,1.6,0.5
1.494,TAKEOFF,0.25059691071510315,0.4425930082798004,0.0071696266531944275,0.25,0.25,0.5,1.5536515712738037,0.046904392540454865,0.005932602100074291,1.6,0.1,0.5,1.5402815341949463,1.5832223892211914,-0.004855949431657791,1.6,1.6,0.5,0.25614964962005615,1.6303120851516724,0.009578986093401909,0.25,1.6,0.5
1.514,TAKEOFF,0.25059691071510315,0.4425930082798004,0.0071696266531944275,0.25,0.25,0.5,1.5536515712738037,0.046904392540454865,0.005932602100074291,1.6,0.1,0.5,1.5402815341949463,1.5832223892211914,-0.004855949431657791,1.6,1.6,0.5,0.25614964962005615,1.6303120851516724,0.009578986093401909,0.25,1.6,0.5
1.534,TAKEOFF,0.25059691071510315,0.4425930082798004,0.0071696266531944275,0.25,0.25,0.5,1.5536515712738037,0.046904392540454865,0.005932602100074291,1.6,0.1,0.5,1.5399161577224731,1.5841070413589478,-0.005534172523766756,1.6,1.6,0.5,0.25614964962005615,1.6303120851516724,0.009578986093401909,0.25,1.6,0.5
1.554,TAKEOFF,0.25059691071510315,0.4425930082798004,0.0071696266531944275,0.25,0.25,0.5,1.5536515712738037,0.046904392540454865,0.005932602100074291,1.6,0.1,0.5,1.5399161577224731,1.5841070413589478,-0.005534172523766756,1.6,1.6,0.5,0.25614964962005615,1.6303120851516724,0.009578986093401909,0.25,1.6,0.5
1.574,TAKEOFF,0.25059691071510315,0.4425930082798004,0.0071696266531944275,0.25,0.25,0.5,1.5551921129226685,0.041749242693185806,-0.0037651665043085814,1.6,0.1,0.5,1.5399161577224731,1.5841070413589478,-0.005534172523766756,1.6,1.6,0.5,0.25614964962005615,1.6303120851516724,0.009578986093401909,0.25,1.6,0.5
1.594,TAKEOFF,0.2508085072040558,0.441927433013916,0.010219886898994446,0.25,0.25,0.5,1.5551921129226685,0.041749242693185806,-0.0037651665043085814,1.6,0.1,0.5,1.5399161577224731,1.5841070413589478,-0.005534172523766756,1.6,1.6,0.5,0.256486713886261,1.6341845989227295,0.008410039357841015,0.25,1.6,0.5
1.614,TAKEOFF,0.2508085072040558,0.441927433013916,0.010219886898994446,0.25,0.25,0.5,1.5551921129226685,0.041749242693185806,-0.0037651665043085814,1.6,0.1,0.5,1.5399161577224731,1.5841070413589478,-0.005534172523766756,1.6,1.6,0.5,0.256486713886261,1.6341845989227295,0.008410039357841015,0.25,1.6,0.5
1.634,TAKEOFF,0.2508085072040558,0.441927433013916,0.010219886898994446,0.25,0.25,0.5,1.5551921129226685,0.041749242693185806,-0.0037651665043085814,1.6,0.1,0.5,1.5409353971481323,1.5816365480422974,-0.0022743968293070793,1.6,1.6,0.5,0.256486713886261,1.6341845989227295,0.008410039357841015,0.25,1.6,0.5
1.654,TAKEOFF,0.2508085072040558,0.441927433013916,0.010219886898994446,0.25,0.25,0.5,1.5551921129226685,0.041749242693185806,-0.0037651665043085814,1.6,0.1,0.5,1.5409353971481323,1.5816365480422974,-0.0022743968293070793,1.6,1.6,0.5,0.256486713886261,1.6341845989227295,0.008410039357841015,0.25,1.6,0.5
1.674,TAKEOFF,0.2508085072040558,0.441927433013916,0.010219886898994446,0.25,0.25,0.5,1.5563251972198486,0.04275389015674591,0.0016814457485452294,1.6,0.1,0.5,1.5409353971481323,1.5816365480422974,-0.0022743968293070793,1.6,1.6,0.5,0.256486713886261,1.6341845989227295,0.008410039357841015,0.25,1.6,0.5
1.694,TAKEOFF,0.2509603202342987,0.4412546753883362,0.01234152726829052,0.25,0.25,0.5,1.5563251972198486,0.04275389015674591,0.0016814457485452294,1.6,0.1,0.5,1.5409353971481323,1.5816365480422974,-0.0022743968293070793,1.6,1.6,0.5,0.2583479583263397,1.6253379583358765,0.0053438046015799046,0.25,1.6,0.5
1.714,TAKEOFF,0.2509603202342987,0.4412546753883362,0.01234152726829052,0.25,0.25,0.5,1.5563251972198486,0.04275389015674591,0.0016814457485452294,1.6,0.1,0.5,1.5409353971481323,1.5816365480422974,-0.0022743968293070793,1.6,1.6,0.5,0.2583479583263397,1.6253379583358765,0.0053438046015799046,0.25,1.6,0.5
1.734,TAKEOFF,0.2509603202342987,0.4412546753883362,0.01234152726829052,0.25,0.25,0.5,1.5563251972198486,0.04275389015674591,0.0016814457485452294,1.6,0.1,0.5,1.5395745038986206,1.5838632583618164,-0.002630078699439764,1.6,1.6,0.5,0.2583479583263397,1.6253379583358765,0.0053438046015799046,0.25,1.6,0.5
1.754,TAKEOFF,0.2509603202342987,0.4412546753883362,0.01234152726829052,0.25,0.25,0.5,1.5563251972198486,0.04275389015674591,0.0016814457485452294,1.6,0.1,0.5,1.5395745038986206,1.5838632583618164,-0.002630078699439764,1.6,1.6,0.5,0.2583479583263397,1.6253379583358765,0.0053438046015799046,0.25,1.6,0.5
1.774,TAKEOFF,0.2507762610912323,0.44313058257102966,0.004983447026461363,0.25,0.25,0.5,1.5590226650238037,0.03858950734138489,-0.01005114521831274,1.6,0.1,0.5,1.5395745038986206,1.5838632583618164,-0.002630078699439764,1.6,1.6,0.5,0.2583479583263397,1.6253379583358765,0.0053438046015799046,0.25,1.6,0.5
1.794,TAKEOFF,0.2507762610912323,0.44313058257102966,0.004983447026461363,0.25,0.25,0.5,1.5590226650238037,0.03858950734138489,-0.01005114521831274,1.6,0.1,0.5,1.5395745038986206,1.5838632583618164,-0.002630078699439764,1.6,1.6,0.5,0.2583479583263397,1.6253379583358765,0.0053438046015799046,0.25,1.6,0.5
1.814,TAKEOFF,0.2507762610912323,0.44313058257102966,0.004983447026461363,0.25,0.25,0.5,1.5590226650238037,0.03858950734138489,-0.01005114521831274,1.6,0.1,0.5,1.5395745038986206,1.5838632583618164,-0.002630078699439764,1.6,1.6,0.5,0.2561446726322174,1.6308610439300537,0.00845471490174532,0.25,1.6,0.5
1.834,TAKEOFF,0.2507762610912323,0.44313058257102966,0.004983447026461363,0.25,0.25,0.5,1.5590226650238037,0.03858950734138489,-0.01005114521831274,1.6,0.1,0.5,1.5390896797180176,1.5823556184768677,0.0004221702110953629,1.6,1.6,0.5,0.2561446726322174,1.6308610439300537,0.00845471490174532,0.25,1.6,0.5
1.854,TAKEOFF,0.2507762610912323,0.44313058257102966,0.004983447026461363,0.25,0.25,0.5,1.5590226650238037,0.03858950734138489,-0.01005114521831274,1.6,0.1,0.5,1.5390896797180176,1.5823556184768677,0.0004221702110953629,1.6,1.6,0.5,0.2561446726322174,1.6308610439300537,0.00845471490174532,0.25,1.6,0.5
1.874,TAKEOFF,0.2502171993255615,0.44234567880630493,0.0044769481755793095,0.25,0.25,0.5,1.5540121793746948,0.03613092377781868,-0.010935463011264801,1.6,0.1,0.5,1.5390896797180176,1.5823556184768677,0.0004221702110953629,1.6,1.6,0.5,0.2561446726322174,1.6308610439300537,0.00845471490174532,0.25,1.6,0.5
1.894,TAKEOFF,0.2502171993255615,0.44234567880630493,0.0044769481755793095,0.25,0.25,0.5,1.5540121793746948,0.03613092377781868,-0.010935463011264801,1.6,0.1,0.5,1.5390896797180176,1.5823556184768677,0.0004221702110953629,1.6,1.6,0.5,0.25735563039779663,1.6259124279022217,0.0072792270220816135,0.25,1.6,0.5
1.914,TAKEOFF,0.2502171993255615,0.44234567880630493,0.0044769481755793095,0.25,0.25,0.5,1.5540121793746948,0.03613092377781868,-0.010935463011264801,1.6,0.1,0.5,1.5390896797180176,1.5823556184768677,0.0004221702110953629,1.6,1.6,0.5,0.25735563039779663,1.6259124279022217,0.0072792270220816135,0.25,1.6,0.5
1.934,TAKEOFF,0.2502171993255615,0.44234567880630493,0.0044769481755793095,0.25,0.25,0.5,1.5540121793746948,0.03613092377781868,-0.010935463011264801,1.6,0.1,0.5,1.5407370328903198,1.5824216604232788,-0.0025252080522477627,1.6,1.6,0.5,0.25735563039779663,1.6259124279022217,0.0072792270220816135,0.25,1.6,0.5
1.954,TAKEOFF,0.2502171993255615,0.44234567880630493,0.0044769481755793095,0.25,0.25,0.5,1.5540121793746948,0.03613092377781868,-0.010935463011264801,1.6,0.1,0.5,1.5407370328903198,1.5824216604232788,-0.0025252080522477627,1.6,1.6,0.5,0.25735563039779663,1.6259124279022217,0.0072792270220816135,0.25,1.6,0.5
1.974,TAKEOFF,0.2502171993255615,0.44234567880630493,0.0044769481755793095,0.25,0.25,0.5,1.555091381072998,0.04113581404089928,-0.0038809797260910273,1.6,0.1,0.5,1.5407370328903198,1.5824216604232788,-0.0025252080522477627,1.6,1.6,0.5,0.25735563039779663,1.6259124279022217,0.0072792270220816135,0.25,1.6,0.5
1.994,TAKEOFF,0.2502171993255615,0.44234567880630493,0.0044769481755793095,0.25,0.25,0.5,1.555091381072998,0.04113581404089928,-0.0038809797260910273,1.6,0.1,0.5,1.5407370328903198,1.5824216604232788,-0.0025252080522477627,1.6,1.6,0.5,0.25735563039779663,1.6259124279022217,0.0072792270220816135,0.25,1.6,0.5
2.014,TAKEOFF,0.2502171993255615,0.44234567880630493,0.0044769481755793095,0.25,0.25,0.5,1.555091381072998,0.04113581404089928,-0.0038809797260910273,1.6,0.1,0.5,1.5407370328903198,1.5824216604232788,-0.0025252080522477627,1.6,1.6,0.5,0.25489217042922974,1.6334987878799438,0.004999072290956974,0.25,1.6,0.5
2.034,TAKEOFF,0.2502171993255615,0.44234567880630493,0.0044769481755793095,0.25,0.25,0.5,1.555091381072998,0.04113581404089928,-0.0038809797260910273,1.6,0.1,0.5,1.5402982234954834,1.5828415155410767,-0.0029533375054597855,1.6,1.6,0.5,0.25489217042922974,1.6334987878799438,0.004999072290956974,0.25,1.6,0.5
2.054,TAKEOFF,0.2502171993255615,0.44234567880630493,0.0044769481755793095,0.25,0.25,0.5,1.555091381072998,0.04113581404089928,-0.0038809797260910273,1.6,0.1,0.5,1.5402982234954834,1.5828415155410767,-0.0029533375054597855,1.6,1.6,0.5,0.25489217042922974,1.6334987878799438,0.004999072290956974,0.25,1.6,0.5
2.074,TAKEOFF,0.2502171993255615,0.44234567880630493,0.0044769481755793095,0.25,0.25,0.5,1.555091381072998,0.04113581404089928,-0.0038809797260910273,1.6,0.1,0.5,1.5402982234954834,1.5828415155410767,-0.0029533375054597855,1.6,1.6,0.5,0.25489217042922974,1.6334987878799438,0.004999072290956974,0.25,1.6,0.5
2.094,TAKEOFF,0.2502171993255615,0.44234567880630493,0.0044769481755793095,0.25,0.25,0.5,1.557384729385376,0.0409604087471962,-0.004385578446090221,1.6,0.1,0.5,1.5402982234954834,1.5828415155410767,-0.0029533375054597855,1.6,1.6,0.5,0.25489217042922974,1.6334987878799438,0.004999072290956974,0.25,1.6,0.5
2.114,TAKEOFF,0.2502171993255615,0.44234567880630493,0.0044769481755793095,0.25,0.25,0.5,1.557384729385376,0.0409604087471962,-0.004385578446090221,1.6,0.1,0.5,1.5402982234954834,1.5828415155410767,-0.0029533375054597855,1.6,1.6,0.5,0.25629255175590515,1.6301206350326538,0.008433189243078232,0.25,1.6,0.5
2.134,TAKEOFF,0.2502171993255615,0.44234567880630493,0.0044769481755793095,0.25,0.25,0.5,1.557384729385376,0.0409604087471962,-0.004385578446090221,1.6,0.1,0.5,1.5396689176559448,1.5839200019836426,-0.0034949928522109985,1.6,1.6,0.5,0.25629255175590515,1.6301206350326538,0.008433189243078232,0.25,1.6,0.5
2.154,TAKEOFF,0.2502171993255615,0.44234567880630493,0.0044769481755793095,0.25,0.25,0.5,1.557384729385376,0.0409604087471962,-0.004385578446090221,1.6,0.1,0.5,1.5396689176559448,1.5839200019836426,-0.0034949928522109985,1.6,1.6,0.5,0.25629255175590515,1.6301206350326538,0.008433189243078232,0.25,1.6,0.5
2.174,TAKEOFF,0.25006529688835144,0.44210609793663025,0.004342431202530861,0.25,0.25,0.5,1.5563491582870483,0.04271093010902405,0.001202976331114769,1.6,0.1,0.5,1.5396689176559448,1.5839200019836426,-0.0034949928522109985,1.6,1.6,0.5,0.25629255175590515,1.6301206350326538,0.008433189243078232,0.25,1.6,0.5
2.194,TAKEOFF,0.25006529688835144,0.44210609793663025,0.004342431202530861,0.25,0.25,0.5,1.5563491582870483,0.04271093010902405,0.001202976331114769,1.6,0.1,0.5,1.5396689176559448,1.5839200019836426,-0.0034949928522109985,1.6,1.6,0.5,0.25629255175590515,1.6301206350326538,0.008433189243078232,0.25,1.6,0.5
2.214,TAKEOFF,0.24776707589626312,0.43809592723846436,0.0022291000932455063,0.25,0.25,0.5,1.5563491582870483,0.04271093010902405,0.001202976331114769,1.6,0.1,0.5,1.5396689176559448,1.5839200019836426,-0.0034949928522109985,1.6,1.6,0.5,0.2570558488368988,1.629019856452942,0.010034673847258091,0.25,1.6,0.5
2.234,TAKEOFF,0.24993275105953217,0.44103363156318665,0.005200697109103203,0.25,0.25,0.5,1.5563491582870483,0.04271093010902405,0.001202976331114769,1.6,0.1,0.5,1.539821982383728,1.5825365781784058,-0.001704883063212037,1.6,1.6,0.5,0.2570558488368988,1.629019856452942,0.010034673847258091,0.25,1.6,0.5
2.254,TAKEOFF,0.24993275105953217,0.44103363156318665,0.005200697109103203,0.25,0.25,0.5,1.5563491582870483,0.04271093010902405,0.001202976331114769,1.6,0.1,0.5,1.539821982383728,1.5825365781784058,-0.001704883063212037,1.6,1.6,0.5,0.2570558488368988,1.629019856452942,0.010034673847258091,0.25,1.6,0.5
2.274,TAKEOFF,0.25127118825912476,0.44099676609039307,0.008962641470134258,0.25,0.25,0.5,1.5554208755493164,0.04512869939208031,-4.6735760406591e-05,1.6,0.1,0.5,1.539821982383728,1.5825365781784058,-0.001704883063212037,1.6,1.6,0.5,0.2570558488368988,1.629019856452942,0.010034673847258091,0.25,1.6,0.5
2.294,TAKEOFF,0.25127118825912476,0.44099676609039307,0.008962641470134258,0.25,0.25,0.5,1.5554208755493164,0.04512869939208031,-4.6735760406591e-05,1.6,0.1,0.5,1.539821982383728,1.5825365781784058,-0.001704883063212037,1.6,1.6,0.5,0.2570558488368988,1.629019856452942,0.010034673847258091,0.25,1.6,0.5
2.315,TAKEOFF,0.25127118825912476,0.44099676609039307,0.008962641470134258,0.25,0.25,0.5,1.5554208755493164,0.04512869939208031,-4.6735760406591e-05,1.6,0.1,0.5,1.539821982383728,1.5825365781784058,-0.001704883063212037,1.6,1.6,0.5,0.2565484941005707,1.629310131072998,0.00866017211228609,0.25,1.6,0.5
2.334,TAKEOFF,0.25127118825912476,0.44099676609039307,0.008962641470134258,0.25,0.25,0.5,1.5554208755493164,0.04512869939208031,-4.6735760406591e-05,1.6,0.1,0.5,1.5399249792099,1.5833568572998047,-0.0010936300968751311,1.6,1.6,0.5,0.2565484941005707,1.629310131072998,0.00866017211228609,0.25,1.6,0.5
2.354,TAKEOFF,0.25127118825912476,0.44099676609039307,0.008962641470134258,0.25,0.25,0.5,1.5554208755493164,0.04512869939208031,-4.6735760406591e-05,1.6,0.1,0.5,1.5399249792099,1.5833568572998047,-0.0010936300968751311,1.6,1.6,0.5,0.2565484941005707,1.629310131072998,0.00866017211228609,0.25,1.6,0.5
2.374,TAKEOFF,0.25127118825912476,0.44099676609039307,0.008962641470134258,0.25,0.25,0.5,1.5549770593643188,0.04552682116627693,0.003818405559286475,1.6,0.1,0.5,1.5399249792099,1.5833568572998047,-0.0010936300968751311,1.6,1.6,0.5,0.2565484941005707,1.629310131072998,0.00866017211228609,0.25,1.6,0.5
2.394,TAKEOFF,0.25113168358802795,0.4416769742965698,0.010262031108140945,0.25,0.25,0.5,1.5549770593643188,0.04552682116627693,0.003818405559286475,1.6,0.1,0.5,1.5399249792099,1.5833568572998047,-0.0010936300968751311,1.6,1.6,0.5,0.2565484941005707,1.629310131072998,0.00866017211228609,0.25,1.6,0.5
2.414,TAKEOFF,0.25113168358802795,0.4416769742965698,0.010262031108140945,0.25,0.25,0.5,1.5549770593643188,0.04552682116627693,0.003818405559286475,1.6,0.1,0.5,1.5399249792099,1.5833568572998047,-0.0010936300968751311,1.6,1.6,0.5,0.25637736916542053,1.6315516233444214,0.010070769116282463,0.25,1.6,0.5
2.434,TAKEOFF,0.25113168358802795,0.4416769742965698,0.010262031108140945,0.25,0.25,0.5,1.5549770593643188,0.04552682116627693,0.003818405559286475,1.6,0.1,0.5,1.5396335124969482,1.5842268466949463,-0.003021834185346961,1.6,1.6,0.5,0.25637736916542053,1.6315516233444214,0.010070769116282463,0.25,1.6,0.5
2.454,TAKEOFF,0.25113168358802795,0.4416769742965698,0.010262031108140945,0.25,0.25,0.5,1.5549770593643188,0.04552682116627693,0.003818405559286475,1.6,0.1,0.5,1.5396335124969482,1.5842268466949463,-0.003021834185346961,1.6,1.6,0.5,0.25637736916542053,1.6315516233444214,0.010070769116282463,0.25,1.6,0.5
2.474,TAKEOFF,0.25113168358802795,0.4416769742965698,0.010262031108140945,0.25,0.25,0.5,1.5550397634506226,0.04570510983467102,0.00387143949046731,1.6,0.1,0.5,1.5396335124969482,1.5842268466949463,-0.003021834185346961,1.6,1.6,0.5,0.25637736916542053,1.6315516233444214,0.010070769116282463,0.25,1.6,0.5
2.494,TAKEOFF,0.250858873128891,0.4421359896659851,0.008905495516955853,0.25,0.25,0.5,1.5550397634506226,0.04570510983467102,0.00387143949046731,1.6,0.1,0.5,1.5396335124969482,1.5842268466949463,-0.003021834185346961,1.6,1.6,0.5,0.25611788034439087,1.630510687828064,0.010737248696386814,0.25,1.6,0.5
2.514,TAKEOFF,0.250858873128891,0.4421359896659851,0.008905495516955853,0.25,0.25,0.5,1.5550397634506226,0.04570510983467102,0.00387143949046731,1.6,0.1,0.5,1.5396335124969482,1.5842268466949463,-0.003021834185346961,1.6,1.6,0.5,0.25611788034439087,1.630510687828064,0.010737248696386814,0.25,1.6,0.5
2.534,TAKEOFF,0.250858873128891,0.4421359896659851,0.008905495516955853,0.25,0.25,0.5,1.5550397634506226,0.04570510983467102,0.00387143949046731,1.6,0.1,0.5,1.5409005880355835,1.5810858011245728,-0.000999285141006112,1.6,1.6,0.5,0.25611788034439087,1.630510687828064,0.010737248696386814,0.25,1.6,0.5
2.554,TAKEOFF,0.250858873128891,0.4421359896659851,0.008905495516955853,0.25,0.25,0.5,1.5550397634506226,0.04570510983467102,0.00387143949046731,1.6,0.1,0.5,1.5409005880355835,1.5810858011245728,-0.000999285141006112,1.6,1.6,0.5,0.25611788034439087,1.630510687828064,0.010737248696386814,0.25,1.6,0.5
2.574,TAKEOFF,0.250858873128891,0.4421359896659851,0.008905495516955853,0.25,0.25,0.5,1.561233401298523,0.03760933503508568,-0.00504048727452755,1.6,0.1,0.5,1.5409005880355835,1.5810858011245728,-0.000999285141006112,1.6,1.6,0.5,0.25611788034439087,1.630510687828064,0.010737248696386814,0.25,1.6,0.5
2.594,TAKEOFF,0.2497982531785965,0.4400101900100708,0.005181028041988611,0.25,0.25,0.5,1.561233401298523,0.03760933503508568,-0.00504048727452755,1.6,0.1,0.5,1.5409005880355835,1.5810858011245728,-0.000999285141006112,1.6,1.6,0.5,0.2561681568622589,1.6325167417526245,0.010334808379411697,0.25,1.6,0.5
2.614,TAKEOFF,0.2497982531785965,0.4400101900100708,0.005181028041988611,0.25,0.25,0.5,1.561233401298523,0.03760933503508568,-0.00504048727452755,1.6,0.1,0.5,1.5409005880355835,1.5810858011245728,-0.000999285141006112,1.6,1.6,0.5,0.2561681568622589,1.6325167417526245,0.010334808379411697,0.25,1.6,0.5
2.634,TAKEOFF,0.2497982531785965,0.4400101900100708,0.005181028041988611,0.25,0.25,0.5,1.561233401298523,0.03760933503508568,-0.00504048727452755,1.6,0.1,0.5,1.5417011976242065,1.5800726413726807,-0.0001498976198490709,1.6,1.6,0.5,0.2561681568622589,1.6325167417526245,0.010334808379411697,0.25,1.6,0.5
2.654,TAKEOFF,0.2497982531785965,0.4400101900100708,0.005181028041988611,0.25,0.25,0.5,1.561233401298523,0.03760933503508568,-0.00504048727452755,1.6,0.1,0.5,1.5417011976242065,1.5800726413726807,-0.0001498976198490709,1.6,1.6,0.5,0.2561681568622589,1.6325167417526245,0.010334808379411697,0.25,1.6,0.5
2.674,TAKEOFF,0.2505043148994446,0.4405917525291443,0.005483216140419245,0.25,0.25,0.5,1.5641032457351685,0.03324699401855469,-0.004491798114031553,1.6,0.1,0.5,1.5417011976242065,1.5800726413726807,-0.0001498976198490709,1.6,1.6,0.5,0.2561681568622589,1.6325167417526245,0.010334808379411697,0.25,1.6,0.5
2.694,TAKEOFF,0.2505043148994446,0.4405917525291443,0.005483216140419245,0.25,0.25,0.5,1.5641032457351685,0.03324699401855469,-0.004491798114031553,1.6,0.1,0.5,1.5417011976242065,1.5800726413726807,-0.0001498976198490709,1.6,1.6,0.5,0.25435495376586914,1.6306029558181763,0.0073834494687616825,0.25,1.6,0.5
2.714,TAKEOFF,0.2505043148994446,0.4405917525291443,0.005483216140419245,0.25,0.25,0.5,1.5641032457351685,0.03324699401855469,-0.004491798114031553,1.6,0.1,0.5,1.5417011976242065,1.5800726413726807,-0.0001498976198490709,1.6,1.6,0.5,0.25435495376586914,1.6306029558181763,0.0073834494687616825,0.25,1.6,0.5
2.734,TAKEOFF,0.2505043148994446,0.4405917525291443,0.005483216140419245,0.25,0.25,0.5,1.5641032457351685,0.03324699401855469,-0.004491798114031553,1.6,0.1,0.5,1.5406421422958374,1.5827163457870483,-0.0032162333372980356,1.6,1.6,0.5,0.25435495376586914,1.6306029558181763,0.0073834494687616825,0.25,1.6,0.5
2.754,TAKEOFF,0.2505043148994446,0.4405917525291443,0.005483216140419245,0.25,0.25,0.5,1.5641032457351685,0.03324699401855469,-0.004491798114031553,1.6,0.1,0.5,1.5406421422958374,1.5827163457870483,-0.0032162333372980356,1.6,1.6,0.5,0.25435495376586914,1.6306029558181763,0.0073834494687616825,0.25,1.6,0.5
2.774,TAKEOFF,0.25059255957603455,0.44180527329444885,0.007273843511939049,0.25,0.25,0.5,1.558730125427246,0.03950053080916405,-0.0035442044027149677,1.6,0.1,0.5,1.5406421422958374,1.5827163457870483,-0.0032162333372980356,1.6,1.6,0.5,0.25435495376586914,1.6306029558181763,0.0073834494687616825,0.25,1.6,0.5
2.794,TAKEOFF,0.25059255957603455,0.44180527329444885,0.007273843511939049,0.25,0.25,0.5,1.558730125427246,0.03950053080916405,-0.0035442044027149677,1.6,0.1,0.5,1.5406421422958374,1.5827163457870483,-0.0032162333372980356,1.6,1.6,0.5,0.24870607256889343,1.6317349672317505,-0.001064507756382227,0.25,1.6,0.5
2.814,TAKEOFF,0.25059255957603455,0.44180527329444885,0.007273843511939049,0.25,0.25,0.5,1.558730125427246,0.03950053080916405,-0.0035442044027149677,1.6,0.1,0.5,1.5406421422958374,1.5827163457870483,-0.0032162333372980356,1.6,1.6,0.5,0.24870607256889343,1.6317349672317505,-0.001064507756382227,0.25,1.6,0.5
2.834,TAKEOFF,0.25059255957603455,0.44180527329444885,0.007273843511939049,0.25,0.25,0.5,1.558730125427246,0.03950053080916405,-0.0035442044027149677,1.6,0.1,0.5,1.5395625829696655,1.5842241048812866,-0.00569881871342659,1.6,1.6,0.5,0.24870607256889343,1.6317349672317505,-0.001064507756382227,0.25,1.6,0.5
2.854,TAKEOFF,0.25059255957603455,0.44180527329444885,0.007273843511939049,0.25,0.25,0.5,1.558730125427246,0.03950053080916405,-0.0035442044027149677,1.6,0.1,0.5,1.5395625829696655,1.5842241048812866,-0.00569881871342659,1.6,1.6,0.5,0.24870607256889343,1.6317349672317505,-0.001064507756382227,0.25,1.6,0.5
2.874,TAKEOFF,0.2511139512062073,0.4414306879043579,0.009681981056928635,0.25,0.25,0.5,1.558404803276062,0.039101142436265945,-0.0086952680721879,1.6,0.1,0.5,1.5395625829696655,1.5842241048812866,-0.00569881871342659,1.6,1.6,0.5,0.24870607256889343,1.6317349672317505,-0.001064507756382227,0.25,1.6,0.5
2.894,TAKEOFF,0.2511139512062073,0.4414306879043579,0.009681981056928635,0.25,0.25,0.5,1.558404803276062,0.039101142436265945,-0.0086952680721879,1.6,0.1,0.5,1.5395625829696655,1.5842241048812866,-0.00569881871342659,1.6,1.6,0.5,0.25531715154647827,1.6317012310028076,0.006203514989465475,0.25,1.6,0.5
2.914,TAKEOFF,0.2511139512062073,0.4414306879043579,0.009681981056928635,0.25,0.25,0.5,1.558404803276062,0.039101142436265945,-0.0086952680721879,1.6,0.1,0.5,1.5395625829696655,1.5842241048812866,-0.00569881871342659,1.6,1.6,0.5,0.25531715154647827,1.6317012310028076,0.006203514989465475,0.25,1.6,0.5
2.934,TAKEOFF,0.2511139512062073,0.4414306879043579,0.009681981056928635,0.25,0.25,0.5,1.558404803276062,0.039101142436265945,-0.0086952680721879,1.6,0.1,0.5,1.540450096130371,1.5826287269592285,-0.003853175323456526,1.6,1.6,0.5,0.25531715154647827,1.6317012310028076,0.006203514989465475,0.25,1.6,0.5
2.954,TAKEOFF,0.2511139512062073,0.4414306879043579,0.009681981056928635,0.25,0.25,0.5,1.558404803276062,0.039101142436265945,-0.0086952680721879,1.6,0.1,0.5,1.540450096130371,1.5826287269592285,-0.003853175323456526,1.6,1.6,0.5,0.25531715154647827,1.6317012310028076,0.006203514989465475,0.25,1.6,0.5
2.974,TAKEOFF,0.2511139512062073,0.4414306879043579,0.009681981056928635,0.25,0.25,0.5,1.5572596788406372,0.04095904156565666,-0.0008372062002308667,1.6,0.1,0.5,1.540450096130371,1.5826287269592285,-0.003853175323456526,1.6,1.6,0.5,0.25531715154647827,1.6317012310028076,0.006203514989465475,0.25,1.6,0.5
2.994,TAKEOFF,0.2513383626937866,0.44113293290138245,0.010942721739411354,0.25,0.25,0.5,1.5572596788406372,0.04095904156565666,-0.0008372062002308667,1.6,0.1,0.5,1.540450096130371,1.5826287269592285,-0.003853175323456526,1.6,1.6,0.5,0.254065603017807,1.6335512399673462,0.004059166647493839,0.25,1.6,0.5
3.014,TAKEOFF,0.2513383626937866,0.44113293290138245,0.010942721739411354,0.25,0.25,0.5,1.5572596788406372,0.04095904156565666,-0.0008372062002308667,1.6,0.1,0.5,1.540450096130371,1.5826287269592285,-0.003853175323456526,1.6,1.6,0.5,0.254065603017807,1.6335512399673462,0.004059166647493839,0.25,1.6,0.5
3.034,TAKEOFF,0.2513383626937866,0.44113293290138245,0.010942721739411354,0.25,0.25,0.5,1.5572596788406372,0.04095904156565666,-0.0008372062002308667,1.6,0.1,0.5,1.5404331684112549,1.582122564315796,-0.001734323101118207,1.6,1.6,0.5,0.254065603017807,1.6335512399673462,0.004059166647493839,0.25,1.6,0.5
3.054,TAKEOFF,0.2513383626937866,0.44113293290138245,0.010942721739411354,0.25,0.25,0.5,1.5572596788406372,0.04095904156565666,-0.0008372062002308667,1.6,0.1,0.5,1.5404331684112549,1.582122564315796,-0.001734323101118207,1.6,1.6,0.5,0.254065603017807,1.6335512399673462,0.004059166647493839,0.25,1.6,0.5
3.074,TAKEOFF,0.2509617507457733,0.4425826668739319,0.00764359999448061,0.25,0.25,0.5,1.5565283298492432,0.04170188680291176,0.004611815791577101,1.6,0.1,0.5,1.5404331684112549,1.582122564315796,-0.001734323101118207,1.6,1.6,0.5,0.254065603017807,1.6335512399673462,0.004059166647493839,0.25,1.6,0.5
3.094,TAKEOFF,0.2509617507457733,0.4425826668739319,0.00764359999448061,0.25,0.25,0.5,1.5565283298492432,0.04170188680291176,0.004611815791577101,1.6,0.1,0.5,1.5404331684112549,1.582122564315796,-0.001734323101118207,1.6,1.6,0.5,0.257109135389328,1.6329768896102905,0.010114936158061028,0.25,1.6,0.5
3.114,TAKEOFF,0.2509617507457733,0.4425826668739319,0.00764359999448061,0.25,0.25,0.5,1.5565283298492432,0.04170188680291176,0.004611815791577101,1.6,0.1,0.5,1.5404331684112549,1.582122564315796,-0.001734323101118207,1.6,1.6,0.5,0.257109135389328,1.6329768896102905,0.010114936158061028,0.25,1.6,0.5
3.134,TAKEOFF,0.2509617507457733,0.4425826668739319,0.00764359999448061,0.25,0.25,0.5,1.5565283298492432,0.04170188680291176,0.004611815791577101,1.6,0.1,0.5,1.5405933856964111,1.583039402961731,-0.00318099744617939,1.6,1.6,0.5,0.257109135389328,1.6329768896102905,0.010114936158061028,0.25,1.6,0.5
3.154,TAKEOFF,0.2509617507457733,0.4425826668739319,0.00764359999448061,0.25,0.25,0.5,1.5565283298492432,0.04170188680291176,0.004611815791577101,1.6,0.1,0.5,1.5405933856964111,1.583039402961731,-0.00318099744617939,1.6,1.6,0.5,0.257109135389328,1.6329768896102905,0.010114936158061028,0.25,1.6,0.5
3.174,TAKEOFF,0.2506874203681946,0.4423772096633911,0.007590977009385824,0.25,0.25,0.5,1.5550504922866821,0.04553024843335152,0.0009250912698917091,1.6,0.1,0.5,1.5405933856964111,1.583039402961731,-0.00318099744617939,1.6,1.6,0.5,0.257109135389328,1.6329768896102905,0.010114936158061028,0.25,1.6,0.5
3.194,TAKEOFF,0.2506874203681946,0.4423772096633911,0.007590977009385824,0.25,0.25,0.5,1.5550504922866821,0.04553024843335152,0.0009250912698917091,1.6,0.1,0.5,1.5405933856964111,1.583039402961731,-0.00318099744617939,1.6,1.6,0.5,0.25662946701049805,1.6314486265182495,0.011818639934062958,0.25,1.6,0.5
3.214,TAKEOFF,0.2506874203681946,0.4423772096633911,0.007590977009385824,0.25,0.25,0.5,1.5550504922866821,0.04553024843335152,0.0009250912698917091,1.6,0.1,0.5,1.5405933856964111,1.583039402961731,-0.00318099744617939,1.6,1.6,0.5,0.25662946701049805,1.6314486265182495,0.011818639934062958,0.25,1.6,0.5
3.234,TAKEOFF,0.2506874203681946,0.4423772096633911,0.007590977009385824,0.25,0.25,0.5,1.5550504922866821,0.04553024843335152,0.0009250912698917091,1.6,0.1,0.5,1.5400623083114624,1.5834935903549194,-0.0033601243048906326,1.6,1.6,0.5,0.25662946701049805,1.6314486265182495,0.011818639934062958,0.25,1.6,0.5
3.254,TAKEOFF,0.2506874203681946,0.4423772096633911,0.007590977009385824,0.25,0.25,0.5,1.5550504922866821,0.04553024843335152,0.0009250912698917091,1.6,0.1,0.5,1.5400623083114624,1.5834935903549194,-0.0033601243048906326,1.6,1.6,0.5,0.25662946701049805,1.6314486265182495,0.011818639934062958,0.25,1.6,0.5
3.274,TAKEOFF,0.2508314251899719,0.4418463706970215,0.008832341060042381,0.25,0.25,0.5,1.5559169054031372,0.04237455129623413,-0.0027959567960351706,1.6,0.1,0.5,1.5400623083114624,1.5834935903549194,-0.0033601243048906326,1.6,1.6,0.5,0.25662946701049805,1.6314486265182495,0.011818639934062958,0.25,1.6,0.5
3.294,TAKEOFF,0.2508314251899719,0.4418463706970215,0.008832341060042381,0.25,0.25,0.5,1.5559169054031372,0.04237455129623413,-0.0027959567960351706,1.6,0.1,0.5,1.5400623083114624,1.5834935903549194,-0.0033601243048906326,1.6,1.6,0.5,0.2580302655696869,1.634087085723877,0.009082556702196598,0.25,1.6,0.5
3.314,TAKEOFF,0.2508314251899719,0.4418463706970215,0.008832341060042381,0.25,0.25,0.5,1.5559169054031372,0.04237455129623413,-0.0027959567960351706,1.6,0.1,0.5,1.5400623083114624,1.5834935903549194,-0.0033601243048906326,1.6,1.6,0.5,0.2580302655696869,1.634087085723877,0.009082556702196598,0.25,1.6,0.5
3.334,TAKEOFF,0.2508314251899719,0.4418463706970215,0.008832341060042381,0.25,0.25,0.5,1.5559169054031372,0.04237455129623413,-0.0027959567960351706,1.6,0.1,0.5,1.5402127504348755,1.5831711292266846,-0.003059206996113062,1.6,1.6,0.5,0.2580302655696869,1.634087085723877,0.009082556702196598,0.25,1.6,0.5
3.354,TAKEOFF,0.2508314251899719,0.4418463706970215,0.008832341060042381,0.25,0.25,0.5,1.5559169054031372,0.04237455129623413,-0.0027959567960351706,1.6,0.1,0.5,1.5402127504348755,1.5831711292266846,-0.003059206996113062,1.6,1.6,0.5,0.2580302655696869,1.634087085723877,0.009082556702196598,0.25,1.6,0.5
3.374,TAKEOFF,0.25061139464378357,0.4421813488006592,0.007327909581363201,0.25,0.25,0.5,1.555465579032898,0.043921373784542084,-0.00011907962471013889,1.6,0.1,0.5,1.5402127504348755,1.5831711292266846,-0.003059206996113062,1.6,1.6,0.5,0.2580302655696869,1.634087085723877,0.009082556702196598,0.25,1.6,0.5
3.394,TAKEOFF,0.25061139464378357,0.4421813488006592,0.007327909581363201,0.25,0.25,0.5,1.555465579032898,0.043921373784542084,-0.00011907962471013889,1.6,0.1,0.5,1.5402127504348755,1.5831711292266846,-0.003059206996113062,1.6,1.6,0.5,0.25604552030563354,1.631826639175415,0.009641796350479126,0.25,1.6,0.5
3.414,TAKEOFF,0.25061139464378357,0.4421813488006592,0.007327909581363201,0.25,0.25,0.5,1.555465579032898,0.043921373784542084,-0.00011907962471013889,1.6,0.1,0.5,1.5402127504348755,1.5831711292266846,-0.003059206996113062,1.6,1.6,0.5,0.25604552030563354,1.631826639175415,0.009641796350479126,0.25,1.6,0.5
3.434,TAKEOFF,0.25061139464378357,0.4421813488006592,0.007327909581363201,0.25,0.25,0.5,1.555465579032898,0.043921373784542084,-0.00011907962471013889,1.6,0.1,0.5,1.5418040752410889,1.5804847478866577,-0.0011887849541381001,1.6,1.6,0.5,0.25604552030563354,1.631826639175415,0.009641796350479126,0.25,1.6,0.5
3.454,TAKEOFF,0.25061139464378357,0.4421813488006592,0.007327909581363201,0.25,0.25,0.5,1.555465579032898,0.043921373784542084,-0.00011907962471013889,1.6,0.1,0.5,1.5418040752410889,1.5804847478866577,-0.0011887849541381001,1.6,1.6,0.5,0.25604552030563354,1.631826639175415,0.009641796350479126,0.25,1.6,0.5
3.474,TAKEOFF,0.252201646566391,0.43635469675064087,0.005817003082484007,0.25,0.25,0.5,1.5552152395248413,0.044974278658628464,0.0023229392245411873,1.6,0.1,0.5,1.5418040752410889,1.5804847478866577,-0.0011887849541381001,1.6,1.6,0.5,0.25604552030563354,1.631826639175415,0.009641796350479126,0.25,1.6,0.5
3.494,TAKEOFF,0.252201646566391,0.43635469675064087,0.005817003082484007,0.25,0.25,0.5,1.5552152395248413,0.044974278658628464,0.0023229392245411873,1.6,0.1,0.5,1.5418040752410889,1.5804847478866577,-0.0011887849541381001,1.6,1.6,0.5,0.2514024078845978,1.6310189962387085,0.0027190586552023888,0.25,1.6,0.5
3.514,TAKEOFF,0.252201646566391,0.43635469675064087,0.005817003082484007,0.25,0.25,0.5,1.5552152395248413,0.044974278658628464,0.0023229392245411873,1.6,0.1,0.5,1.5418040752410889,1.5804847478866577,-0.0011887849541381001,1.6,1.6,0.5,0.2514024078845978,1.6310189962387085,0.0027190586552023888,0.25,1.6,0.5
3.534,TAKEOFF,0.252201646566391,0.43635469675064087,0.005817003082484007,0.25,0.25,0.5,1.5552152395248413,0.044974278658628464,0.0023229392245411873,1.6,0.1,0.5,1.5398770570755005,1.583485722541809,-0.0019066770328208804,1.6,1.6,0.5,0.2514024078845978,1.6310189962387085,0.0027190586552023888,0.25,1.6,0.5
3.554,TAKEOFF,0.252201646566391,0.43635469675064087,0.005817003082484007,0.25,0.25,0.5,1.5552152395248413,0.044974278658628464,0.0023229392245411873,1.6,0.1,0.5,1.5398770570755005,1.583485722541809,-0.0019066770328208804,1.6,1.6,0.5,0.2514024078845978,1.6310189962387085,0.0027190586552023888,0.25,1.6,0.5
3.574,TAKEOFF,0.25094491243362427,0.43983882665634155,0.0073834750801324844,0.25,0.25,0.5,1.5629962682724,0.03611836954951286,-0.003818762954324484,1.6,0.1,0.5,1.5398770570755005,1.583485722541809,-0.0019066770328208804,1.6,1.6,0.5,0.2514024078845978,1.6310189962387085,0.0027190586552023888,0.25,1.6,0.5
3.594,TAKEOFF,0.25094491243362427,0.43983882665634155,0.0073834750801324844,0.25,0.25,0.5,1.5629962682724,0.03611836954951286,-0.003818762954324484,1.6,0.1,0.5,1.5398770570755005,1.583485722541809,-0.0019066770328208804,1.6,1.6,0.5,0.25550660490989685,1.630819320678711,0.006598182953894138,0.25,1.6,0.5
3.614,TAKEOFF,0.25094491243362427,0.43983882665634155,0.0073834750801324844,0.25,0.25,0.5,1.5629962682724,0.03611836954951286,-0.003818762954324484,1.6,0.1,0.5,1.5398770570755005,1.583485722541809,-0.0019066770328208804,1.6,1.6,0.5,0.25550660490989685,1.630819320678711,0.006598182953894138,0.25,1.6,0.5
3.634,TAKEOFF,0.25094491243362427,0.43983882665634155,0.0073834750801324844,0.25,0.25,0.5,1.5629962682724,0.03611836954951286,-0.003818762954324484,1.6,0.1,0.5,1.5401562452316284,1.583371877670288,-0.003351780818775296,1.6,1.6,0.5,0.25550660490989685,1.630819320678711,0.006598182953894138,0.25,1.6,0.5
3.654,TAKEOFF,0.25094491243362427,0.43983882665634155,0.0073834750801324844,0.25,0.25,0.5,1.5629962682724,0.03611836954951286,-0.003818762954324484,1.6,0.1,0.5,1.5401562452316284,1.583371877670288,-0.003351780818775296,1.6,1.6,0.5,0.25550660490989685,1.630819320678711,0.006598182953894138,0.25,1.6,0.5
3.674,TAKEOFF,0.2504476010799408,0.4421676993370056,0.006351710297167301,0.25,0.25,0.5,1.5568042993545532,0.039568740874528885,-0.008585797622799873,1.6,0.1,0.5,1.5401562452316284,1.583371877670288,-0.003351780818775296,1.6,1.6,0.5,0.25550660490989685,1.630819320678711,0.006598182953894138,0.25,1.6,0.5
3.694,TAKEOFF,0.2504476010799408,0.4421676993370056,0.006351710297167301,0.25,0.25,0.5,1.5568042993545532,0.039568740874528885,-0.008585797622799873,1.6,0.1,0.5,1.5401562452316284,1.583371877670288,-0.003351780818775296,1.6,1.6,0.5,0.2561964988708496,1.632486343383789,0.007871689274907112,0.25,1.6,0.5
3.714,TAKEOFF,0.2504476010799408,0.4421676993370056,0.006351710297167301,0.25,0.25,0.5,1.5568042993545532,0.039568740874528885,-0.008585797622799873,1.6,0.1,0.5,1.5401562452316284,1.583371877670288,-0.003351780818775296,1.6,1.6,0.5,0.2561964988708496,1.632486343383789,0.007871689274907112,0.25,1.6,0.5
3.734,TAKEOFF,0.2504476010799408,0.4421676993370056,0.006351710297167301,0.25,0.25,0.5,1.5568042993545532,0.039568740874528885,-0.008585797622799873,1.6,0.1,0.5,1.5430748462677002,1.5789539813995361,-0.0007727086776867509,1.6,1.6,0.5,0.2561964988708496,1.632486343383789,0.007871689274907112,0.25,1.6,0.5
3.754,TAKEOFF,0.2504476010799408,0.4421676993370056,0.006351710297167301,0.25,0.25,0.5,1.5568042993545532,0.039568740874528885,-0.008585797622799873,1.6,0.1,0.5,1.5430748462677002,1.5789539813995361,-0.0007727086776867509,1.6,1.6,0.5,0.2561964988708496,1.632486343383789,0.007871689274907112,0.25,1.6,0.5
3.774,TAKEOFF,0.2505480647087097,0.4425671100616455,0.0059907929971814156,0.25,0.25,0.5,1.556179165840149,0.04058569669723511,-0.0052382731810212135,1.6,0.1,0.5,1.5430748462677002,1.5789539813995361,-0.0007727086776867509,1.6,1.6,0.5,0.2561964988708496,1.632486343383789,0.007871689274907112,0.25,1.6,0.5
3.794,TAKEOFF,0.2505480647087097,0.4425671100616455,0.0059907929971814156,0.25,0.25,0.5,1.556179165840149,0.04058569669723511,-0.0052382731810212135,1.6,0.1,0.5,1.5430748462677002,1.5789539813995361,-0.0007727086776867509,1.6,1.6,0.5,0.2575502395629883,1.6275157928466797,0.010062961839139462,0.25,1.6,0.5
3.814,TAKEOFF,0.2505480647087097,0.4425671100616455,0.0059907929971814156,0.25,0.25,0.5,1.556179165840149,0.04058569669723511,-0.0052382731810212135,1.6,0.1,0.5,1.5430748462677002,1.5789539813995361,-0.0007727086776867509,1.6,1.6,0.5,0.2575502395629883,1.6275157928466797,0.010062961839139462,0.25,1.6,0.5
3.834,TAKEOFF,0.2505480647087097,0.4425671100616455,0.0059907929971814156,0.25,0.25,0.5,1.556179165840149,0.04058569669723511,-0.0052382731810212135,1.6,0.1,0.5,1.5402424335479736,1.5819731950759888,-0.0008269992540590465,1.6,1.6,0.5,0.2575502395629883,1.6275157928466797,0.010062961839139462,0.25,1.6,0.5
3.854,TAKEOFF,0.2505480647087097,0.4425671100616455,0.0059907929971814156,0.25,0.25,0.5,1.556179165840149,0.04058569669723511,-0.0052382731810212135,1.6,0.1,0.5,1.5402424335479736,1.5819731950759888,-0.0008269992540590465,1.6,1.6,0.5,0.2575502395629883,1.6275157928466797,0.010062961839139462,0.25,1.6,0.5
3.874,TAKEOFF,0.2505466341972351,0.4424546957015991,0.006835900712758303,0.25,0.25,0.5,1.5560461282730103,0.043020036071538925,0.0002983117301482707,1.6,0.1,0.5,1.5402424335479736,1.5819731950759888,-0.0008269992540590465,1.6,1.6,0.5,0.2575502395629883,1.6275157928466797,0.010062961839139462,0.25,1.6,0.5
3.894,TAKEOFF,0.2505466341972351,0.4424546957015991,0.006835900712758303,0.25,0.25,0.5,1.5560461282730103,0.043020036071538925,0.0002983117301482707,1.6,0.1,0.5,1.5402424335479736,1.5819731950759888,-0.0008269992540590465,1.6,1.6,0.5,0.258808434009552,1.6257655620574951,0.006035013124346733,0.25,1.6,0.5
3.914,TAKEOFF,0.2505466341972351,0.4424546957015991,0.006835900712758303,0.25,0.25,0.5,1.5560461282730103,0.043020036071538925,0.0002983117301482707,1.6,0.1,0.5,1.5402424335479736,1.5819731950759888,-0.0008269992540590465,1.6,1.6,0.5,0.258808434009552,1.6257655620574951,0.006035013124346733,0.25,1.6,0.5
3.934,TAKEOFF,0.2505466341972351,0.4424546957015991,0.006835900712758303,0.25,0.25,0.5,1.5560461282730103,0.043020036071538925,0.0002983117301482707,1.6,0.1,0.5,1.5407452583312988,1.582061767578125,-0.0026867075357586145,1.6,1.6,0.5,0.258808434009552,1.6257655620574951,0.006035013124346733,0.25,1.6,0.5
3.954,TAKEOFF,0.2505466341972351,0.4424546957015991,0.006835900712758303,0.25,0.25,0.5,1.5560461282730103,0.043020036071538925,0.0002983117301482707,1.6,0.1,0.5,1.5407452583312988,1.582061767578125,-0.0026867075357586145,1.6,1.6,0.5,0.258808434009552,1.6257655620574951,0.006035013124346733,0.25,1.6,0.5
3.974,TAKEOFF,0.2505466341972351,0.4424546957015991,0.006835900712758303,0.25,0.25,0.5,1.5552314519882202,0.04542478919029236,0.0016822112957015634,1.6,0.1,0.5,1.5407452583312988,1.582061767578125,-0.0026867075357586145,1.6,1.6,0.5,0.258808434009552,1.6257655620574951,0.006035013124346733,0.25,1.6,0.5
3.994,TAKEOFF,0.2505466341972351,0.4424546957015991,0.006835900712758303,0.25,0.25,0.5,1.5552314519882202,0.04542478919029236,0.0016822112957015634,1.6,0.1,0.5,1.5407452583312988,1.582061767578125,-0.0026867075357586145,1.6,1.6,0.5,0.258808434009552,1.6257655620574951,0.006035013124346733,0.25,1.6,0.5
4.014,TAKEOFF,0.25069233775138855,0.44318899512290955,0.004929595161229372,0.25,0.25,0.5,1.5552314519882202,0.04542478919029236,0.0016822112957015634,1.6,0.1,0.5,1.5407452583312988,1.582061767578125,-0.0026867075357586145,1.6,1.6,0.5,0.2598119378089905,1.6250535249710083,0.004110432229936123,0.25,1.6,0.5
4.034,TAKEOFF,0.25069233775138855,0.44318899512290955,0.004929595161229372,0.25,0.25,0.5,1.5552314519882202,0.04542478919029236,0.0016822112957015634,1.6,0.1,0.5,1.5402663946151733,1.5838632583618164,-0.005762074608355761,1.6,1.6,0.5,0.2598119378089905,1.6250535249710083,0.004110432229936123,0.25,1.6,0.5
4.054,TAKEOFF,0.25069233775138855,0.44318899512290955,0.004929595161229372,0.25,0.25,0.5,1.5552314519882202,0.04542478919029236,0.0016822112957015634,1.6,0.1,0.5,1.5402663946151733,1.5838632583618164,-0.005762074608355761,1.6,1.6,0.5,0.2598119378089905,1.6250535249710083,0.004110432229936123,0.25,1.6,0.5
4.074,TAKEOFF,0.2504120171070099,0.44201064109802246,0.006619696505367756,0.25,0.25,0.5,1.5554358959197998,0.045601777732372284,0.0010567111894488335,1.6,0.1,0.5,1.5402663946151733,1.5838632583618164,-0.005762074608355761,1.6,1.6,0.5,0.2598119378089905,1.6250535249710083,0.004110432229936123,0.25,1.6,0.5
4.094,TAKEOFF,0.2504120171070099,0.44201064109802246,0.006619696505367756,0.25,0.25,0.5,1.5554358959197998,0.045601777732372284,0.0010567111894488335,1.6,0.1,0.5,1.5402663946151733,1.5838632583618164,-0.005762074608355761,1.6,1.6,0.5,0.2492579072713852,1.6319763660430908,0.00039733576704747975,0.25,1.6,0.5
4.114,TAKEOFF,0.2504120171070099,0.44201064109802246,0.006619696505367756,0.25,0.25,0.5,1.5554358959197998,0.045601777732372284,0.0010567111894488335,1.6,0.1,0.5,1.5402663946151733,1.5838632583618164,-0.005762074608355761,1.6,1.6,0.5,0.2492579072713852,1.6319763660430908,0.00039733576704747975,0.25,1.6,0.5
4.134,TAKEOFF,0.2504120171070099,0.44201064109802246,0.006619696505367756,0.25,0.25,0.5,1.5554358959197998,0.045601777732372284,0.0010567111894488335,1.6,0.1,0.5,1.5396947860717773,1.5826541185379028,-0.0038112634792923927,1.6,1.6,0.5,0.2492579072713852,1.6319763660430908,0.00039733576704747975,0.25,1.6,0.5
4.154,TAKEOFF,0.2504120171070099,0.44201064109802246,0.006619696505367756,0.25,0.25,0.5,1.5554358959197998,0.045601777732372284,0.0010567111894488335,1.6,0.1,0.5,1.5396947860717773,1.5826541185379028,-0.0038112634792923927,1.6,1.6,0.5,0.2492579072713852,1.6319763660430908,0.00039733576704747975,0.25,1.6,0.5
4.174,TAKEOFF,0.2504446804523468,0.4416232705116272,0.0076981838792562485,0.25,0.25,0.5,1.555168867111206,0.03925102949142456,-0.007395465858280659,1.6,0.1,0.5,1.5396947860717773,1.5826541185379028,-0.0038112634792923927,1.6,1.6,0.5,0.2492579072713852,1.6319763660430908,0.00039733576704747975,0.25,1.6,0.5
4.194,TAKEOFF,0.2504446804523468,0.4416232705116272,0.0076981838792562485,0.25,0.25,0.5,1.555168867111206,0.03925102949142456,-0.007395465858280659,1.6,0.1,0.5,1.5396947860717773,1.5826541185379028,-0.0038112634792923927,1.6,1.6,0.5,0.2492579072713852,1.6319763660430908,0.00039733576704747975,0.25,1.6,0.5
4.214,TAKEOFF,0.2504446804523468,0.4416232705116272,0.0076981838792562485,0.25,0.25,0.5,1.555168867111206,0.03925102949142456,-0.007395465858280659,1.6,0.1,0.5,1.5396947860717773,1.5826541185379028,-0.0038112634792923927,1.6,1.6,0.5,0.25522786378860474,1.6329115629196167,0.0068828025832772255,0.25,1.6,0.5
4.234,TAKEOFF,0.2504446804523468,0.4416232705116272,0.0076981838792562485,0.25,0.25,0.5,1.555168867111206,0.03925102949142456,-0.007395465858280659,1.6,0.1,0.5,1.5420501232147217,1.580332636833191,-0.0018925328040495515,1.6,1.6,0.5,0.25522786378860474,1.6329115629196167,0.0068828025832772255,0.25,1.6,0.5
4.254,TAKEOFF,0.2504446804523468,0.4416232705116272,0.0076981838792562485,0.25,0.25,0.5,1.555168867111206,0.03925102949142456,-0.007395465858280659,1.6,0.1,0.5,1.5420501232147217,1.580332636833191,-0.0018925328040495515,1.6,1.6,0.5,0.25522786378860474,1.6329115629196167,0.0068828025832772255,0.25,1.6,0.5
4.274,TAKEOFF,0.25061720609664917,0.44192415475845337,0.007793397177010775,0.25,0.25,0.5,1.5568721294403076,0.04189371317625046,0.000800178328063339,1.6,0.1,0.5,1.5420501232147217,1.580332636833191,-0.0018925328040495515,1.6,1.6,0.5,0.25522786378860474,1.6329115629196167,0.0068828025832772255,0.25,1.6,0.5
4.294,TAKEOFF,0.25061720609664917,0.44192415475845337,0.007793397177010775,0.25,0.25,0.5,1.5568721294403076,0.04189371317625046,0.000800178328063339,1.6,0.1,0.5,1.5420501232147217,1.580332636833191,-0.0018925328040495515,1.6,1.6,0.5,0.2562147378921509,1.6317683458328247,0.00986452680081129,0.25,1.6,0.5
4.314,TAKEOFF,0.25061720609664917,0.44192415475845337,0.007793397177010775,0.25,0.25,0.5,1.5568721294403076,0.04189371317625046,0.000800178328063339,1.6,0.1,0.5,1.5420501232147217,1.580332636833191,-0.0018925328040495515,1.6,1.6,0.5,0.2562147378921509,1.6317683458328247,0.00986452680081129,0.25,1.6,0.5
4.334,TAKEOFF,0.25061720609664917,0.44192415475845337,0.007793397177010775,0.25,0.25,0.5,1.5568721294403076,0.04189371317625046,0.000800178328063339,1.6,0.1,0.5,1.5400068759918213,1.5842814445495605,-0.005717920605093241,1.6,1.6,0.5,0.2562147378921509,1.6317683458328247,0.00986452680081129,0.25,1.6,0.5
4.354,TAKEOFF,0.25061720609664917,0.44192415475845337,0.007793397177010775,0.25,0.25,0.5,1.5568721294403076,0.04189371317625046,0.000800178328063339,1.6,0.1,0.5,1.5400068759918213,1.5842814445495605,-0.005717920605093241,1.6,1.6,0.5,0.2562147378921509,1.6317683458328247,0.00986452680081129,0.25,1.6,0.5
4.374,TAKEOFF,0.2505322992801666,0.44211244583129883,0.007185434456914663,0.25,0.25,0.5,1.5554367303848267,0.044767048209905624,0.0007678564870730042,1.6,0.1,0.5,1.5400068759918213,1.5842814445495605,-0.005717920605093241,1.6,1.6,0.5,0.2562147378921509,1.6317683458328247,0.00986452680081129,0.25,1.6,0.5
4.394,TAKEOFF,0.2505322992801666,0.44211244583129883,0.007185434456914663,0.25,0.25,0.5,1.5554367303848267,0.044767048209905624,0.0007678564870730042,1.6,0.1,0.5,1.5400068759918213,1.5842814445495605,-0.005717920605093241,1.6,1.6,0.5,0.2567027807235718,1.635886311531067,0.008031814359128475,0.25,1.6,0.5
4.414,TAKEOFF,0.2505322992801666,0.44211244583129883,0.007185434456914663,0.25,0.25,0.5,1.5554367303848267,0.044767048209905624,0.0007678564870730042,1.6,0.1,0.5,1.5400068759918213,1.5842814445495605,-0.005717920605093241,1.6,1.6,0.5,0.2567027807235718,1.635886311531067,0.008031814359128475,0.25,1.6,0.5
4.434,TAKEOFF,0.2505322992801666,0.44211244583129883,0.007185434456914663,0.25,0.25,0.5,1.5554367303848267,0.044767048209905624,0.0007678564870730042,1.6,0.1,0.5,1.5409600734710693,1.5822309255599976,-0.003761733416467905,1.6,1.6,0.5,0.2567027807235718,1.635886311531067,0.008031814359128475,0.25,1.6,0.5
4.454,TAKEOFF,0.2505322992801666,0.44211244583129883,0.007185434456914663,0.25,0.25,0.5,1.5554367303848267,0.044767048209905624,0.0007678564870730042,1.6,0.1,0.5,1.5409600734710693,1.5822309255599976,-0.003761733416467905,1.6,1.6,0.5,0.2567027807235718,1.635886311531067,0.008031814359128475,0.25,1.6,0.5
4.474,TAKEOFF,0.2505322992801666,0.44211244583129883,0.007185434456914663,0.25,0.25,0.5,1.5596256256103516,0.03977872431278229,-0.003794680815190077,1.6,0.1,0.5,1.5409600734710693,1.5822309255599976,-0.003761733416467905,1.6,1.6,0.5,0.2567027807235718,1.635886311531067,0.008031814359128475,0.25,1.6,0.5
4.494,TAKEOFF,0.25038039684295654,0.4419110417366028,0.007465702947229147,0.25,0.25,0.5,1.5596256256103516,0.03977872431278229,-0.003794680815190077,1.6,0.1,0.5,1.5409600734710693,1.5822309255599976,-0.003761733416467905,1.6,1.6,0.5,0.25662344694137573,1.6270337104797363,0.008470414206385612,0.25,1.6,0.5
4.514,TAKEOFF,0.25038039684295654,0.4419110417366028,0.007465702947229147,0.25,0.25,0.5,1.5596256256103516,0.03977872431278229,-0.003794680815190077,1.6,0.1,0.5,1.5409600734710693,1.5822309255599976,-0.003761733416467905,1.6,1.6,0.5,0.25662344694137573,1.6270337104797363,0.008470414206385612,0.25,1.6,0.5
4.534,TAKEOFF,0.25038039684295654,0.4419110417366028,0.007465702947229147,0.25,0.25,0.5,1.5596256256103516,0.03977872431278229,-0.003794680815190077,1.6,0.1,0.5,1.5399421453475952,1.5838805437088013,-0.003041934221982956,1.6,1.6,0.5,0.25662344694137573,1.6270337104797363,0.008470414206385612,0.25,1.6,0.5
4.554,TAKEOFF,0.25038039684295654,0.4419110417366028,0.007465702947229147,0.25,0.25,0.5,1.5596256256103516,0.03977872431278229,-0.003794680815190077,1.6,0.1,0.5,1.5399421453475952,1.5838805437088013,-0.003041934221982956,1.6,1.6,0.5,0.25662344694137573,1.6270337104797363,0.008470414206385612,0.25,1.6,0.5
4.574,TAKEOFF,0.25011080503463745,0.4425877630710602,0.003991701174527407,0.25,0.25,0.5,1.5567104816436768,0.04051435366272926,-0.00292760762386024,1.6,0.1,0.5,1.5399421453475952,1.5838805437088013,-0.003041934221982956,1.6,1.6,0.5,0.25662344694137573,1.6270337104797363,0.008470414206385612,0.25,1.6,0.5
4.594,TAKEOFF,0.25011080503463745,0.4425877630710602,0.003991701174527407,0.25,0.25,0.5,1.5567104816436768,0.04051435366272926,-0.00292760762386024,1.6,0.1,0.5,1.5399421453475952,1.5838805437088013,-0.003041934221982956,1.6,1.6,0.5,0.2555876672267914,1.6301192045211792,0.0061600832268595695,0.25,1.6,0.5
4.614,TAKEOFF,0.25011080503463745,0.4425877630710602,0.003991701174527407,0.25,0.25,0.5,1.5567104816436768,0.04051435366272926,-0.00292760762386024,1.6,0.1,0.5,1.5399421453475952,1.5838805437088013,-0.003041934221982956,1.6,1.6,0.5,0.2555876672267914,1.6301192045211792,0.0061600832268595695,0.25,1.6,0.5
4.634,TAKEOFF,0.25011080503463745,0.4425877630710602,0.003991701174527407,0.25,0.25,0.5,1.5567104816436768,0.04051435366272926,-0.00292760762386024,1.6,0.1,0.5,1.5391736030578613,1.5841870307922363,-0.004038950428366661,1.6,1.6,0.5,0.2555876672267914,1.6301192045211792,0.0061600832268595695,0.25,1.6,0.5
4.654,TAKEOFF,0.25011080503463745,0.4425877630710602,0.003991701174527407,0.25,0.25,0.5,1.5567104816436768,0.04051435366272926,-0.00292760762386024,1.6,0.1,0.5,1.5391736030578613,1.5841870307922363,-0.004038950428366661,1.6,1.6,0.5,0.2555876672267914,1.6301192045211792,0.0061600832268595695,0.25,1.6,0.5
4.674,TAKEOFF,0.2506091296672821,0.44215548038482666,0.0071086585521698,0.25,0.25,0.5,1.5546907186508179,0.044575441628694534,0.002045624889433384,1.6,0.1,0.5,1.5391736030578613,1.5841870307922363,-0.004038950428366661,1.6,1.6,0.5,0.2555876672267914,1.6301192045211792,0.0061600832268595695,0.25,1.6,0.5
4.694,TAKEOFF,0.2506091296672821,0.44215548038482666,0.0071086585521698,0.25,0.25,0.5,1.5546907186508179,0.044575441628694534,0.002045624889433384,1.6,0.1,0.5,1.5391736030578613,1.5841870307922363,-0.004038950428366661,1.6,1.6,0.5,0.2560705840587616,1.6303871870040894,0.00737425172701478,0.25,1.6,0.5
4.714,TAKEOFF,0.2506091296672821,0.44215548038482666,0.0071086585521698,0.25,0.25,0.5,1.5546907186508179,0.044575441628694534,0.002045624889433384,1.6,0.1,0.5,1.5391736030578613,1.5841870307922363,-0.004038950428366661,1.6,1.6,0.5,0.2560705840587616,1.6303871870040894,0.00737425172701478,0.25,1.6,0.5
4.734,TAKEOFF,0.2506091296672821,0.44215548038482666,0.0071086585521698,0.25,0.25,0.5,1.5546907186508179,0.044575441628694534,0.002045624889433384,1.6,0.1,0.5,1.5396710634231567,1.584112524986267,-0.0023078471422195435,1.6,1.6,0.5,0.2560705840587616,1.6303871870040894,0.00737425172701478,0.25,1.6,0.5
4.754,TAKEOFF,0.2506091296672821,0.44215548038482666,0.0071086585521698,0.25,0.25,0.5,1.5546907186508179,0.044575441628694534,0.002045624889433384,1.6,0.1,0.5,1.5396710634231567,1.584112524986267,-0.0023078471422195435,1.6,1.6,0.5,0.2560705840587616,1.6303871870040894,0.00737425172701478,0.25,1.6,0.5
4.774,TAKEOFF,0.2508135735988617,0.4417622685432434,0.009108409285545349,0.25,0.25,0.5,1.5529102087020874,0.04573110491037369,0.003986514639109373,1.6,0.1,0.5,1.5396710634231567,1.584112524986267,-0.0023078471422195435,1.6,1.6,0.5,0.2560705840587616,1.6303871870040894,0.00737425172701478,0.25,1.6,0.5
4.794,TAKEOFF,0.2508135735988617,0.4417622685432434,0.009108409285545349,0.25,0.25,0.5,1.5529102087020874,0.04573110491037369,0.003986514639109373,1.6,0.1,0.5,1.5396710634231567,1.584112524986267,-0.0023078471422195435,1.6,1.6,0.5,0.2571110129356384,1.6278774738311768,0.0072050741873681545,0.25,1.6,0.5
4.814,TAKEOFF,0.2508135735988617,0.4417622685432434,0.009108409285545349,0.25,0.25,0.5,1.5529102087020874,0.04573110491037369,0.003986514639109373,1.6,0.1,0.5,1.5396710634231567,1.584112524986267,-0.0023078471422195435,1.6,1.6,0.5,0.2571110129356384,1.6278774738311768,0.0072050741873681545,0.25,1.6,0.5
4.834,TAKEOFF,0.2508135735988617,0.4417622685432434,0.009108409285545349,0.25,0.25,0.5,1.5529102087020874,0.04573110491037369,0.003986514639109373,1.6,0.1,0.5,1.5396748781204224,1.5822830200195312,-0.0017960630357265472,1.6,1.6,0.5,0.2571110129356384,1.6278774738311768,0.0072050741873681545,0.25,1.6,0.5
4.854,TAKEOFF,0.2508135735988617,0.4417622685432434,0.009108409285545349,0.25,0.25,0.5,1.5529102087020874,0.04573110491037369,0.003986514639109373,1.6,0.1,0.5,1.5396748781204224,1.5822830200195312,-0.0017960630357265472,1.6,1.6,0.5,0.2571110129356384,1.6278774738311768,0.0072050741873681545,0.25,1.6,0.5
4.874,TAKEOFF,0.2513370215892792,0.44062575697898865,0.012019910849630833,0.25,0.25,0.5,1.5559048652648926,0.04626380279660225,-0.0005070749903097749,1.6,0.1,0.5,1.5396748781204224,1.5822830200195312,-0.0017960630357265472,1.6,1.6,0.5,0.2571110129356384,1.6278774738311768,0.0072050741873681545,0.25,1.6,0.5
4.894,TAKEOFF,0.2513370215892792,0.44062575697898865,0.012019910849630833,0.25,0.25,0.5,1.5559048652648926,0.04626380279660225,-0.0005070749903097749,1.6,0.1,0.5,1.5396748781204224,1.5822830200195312,-0.0017960630357265472,1.6,1.6,0.5,0.25607815384864807,1.628304362297058,0.008245477452874184,0.25,1.6,0.5
4.914,TAKEOFF,0.2513370215892792,0.44062575697898865,0.012019910849630833,0.25,0.25,0.5,1.5559048652648926,0.04626380279660225,-0.0005070749903097749,1.6,0.1,0.5,1.5396748781204224,1.5822830200195312,-0.0017960630357265472,1.6,1.6,0.5,0.25607815384864807,1.628304362297058,0.008245477452874184,0.25,1.6,0.5
4.934,TAKEOFF,0.2513370215892792,0.44062575697898865,0.012019910849630833,0.25,0.25,0.5,1.5559048652648926,0.04626380279660225,-0.0005070749903097749,1.6,0.1,0.5,1.5401495695114136,1.5830204486846924,-0.0026605683378875256,1.6,1.6,0.5,0.25607815384864807,1.628304362297058,0.008245477452874184,0.25,1.6,0.5
4.954,TAKEOFF,0.2513370215892792,0.44062575697898865,0.012019910849630833,0.25,0.25,0.5,1.5559048652648926,0.04626380279660225,-0.0005070749903097749,1.6,0.1,0.5,1.5401495695114136,1.5830204486846924,-0.0026605683378875256,1.6,1.6,0.5,0.25607815384864807,1.628304362297058,0.008245477452874184,0.25,1.6,0.5
4.974,TAKEOFF,0.2509460747241974,0.4425294101238251,0.008244024589657784,0.25,0.25,0.5,1.5610297918319702,0.03790997713804245,-0.006308460142463446,1.6,0.1,0.5,1.5401495695114136,1.5830204486846924,-0.0026605683378875256,1.6,1.6,0.5,0.25607815384864807,1.628304362297058,0.008245477452874184,0.25,1.6,0.5
4.994,TAKEOFF,0.2509460747241974,0.4425294101238251,0.008244024589657784,0.25,0.25,0.5,1.5610297918319702,0.03790997713804245,-0.006308460142463446,1.6,0.1,0.5,1.5401495695114136,1.5830204486846924,-0.0026605683378875256,1.6,1.6,0.5,0.25660842657089233,1.6295047998428345,0.009033634327352047,0.25,1.6,0.5
5.014,TRACK,0.2509460747241974,0.4425294101238251,0.008244024589657784,0.25,0.25,0.5,1.5610297918319702,0.03790997713804245,-0.006308460142463446,1.6,0.1,0.5,1.5401495695114136,1.5830204486846924,-0.0026605683378875256,1.6,1.6,0.5,0.25660842657089233,1.6295047998428345,0.009033634327352047,0.25,1.6,0.5
5.034,TRACK,0.2509460747241974,0.4425294101238251,0.008244024589657784,0.25,0.25,0.5,1.5610297918319702,0.03790997713804245,-0.006308460142463446,1.6,0.1,0.5,1.5403599739074707,1.5826148986816406,-0.0032433150336146355,1.6,1.6,0.5,0.25660842657089233,1.6295047998428345,0.009033634327352047,0.25,1.6,0.5
5.054,TRACK,0.2509460747241974,0.4425294101238251,0.008244024589657784,0.25,0.25,0.5,1.5610297918319702,0.03790997713804245,-0.006308460142463446,1.6,0.1,0.5,1.5403599739074707,1.5826148986816406,-0.0032433150336146355,1.6,1.6,0.5,0.25660842657089233,1.6295047998428345,0.009033634327352047,0.25,1.6,0.5
5.074,TRACK,0.25043779611587524,0.4423534572124481,0.005847364664077759,0.25,0.25,0.5,1.5595381259918213,0.03828561678528786,-0.009046443738043308,1.6,0.1,0.5,1.5403599739074707,1.5826148986816406,-0.0032433150336146355,1.6,1.6,0.5,0.25660842657089233,1.6295047998428345,0.009033634327352047,0.25,1.6,0.5
5.094,TRACK,0.25043779611587524,0.4423534572124481,0.005847364664077759,0.25,0.25,0.5,1.5595381259918213,0.03828561678528786,-0.009046443738043308,1.6,0.1,0.5,1.5403599739074707,1.5826148986816406,-0.0032433150336146355,1.6,1.6,0.5,0.25634995102882385,1.6300911903381348,0.009965627454221249,0.25,1.6,0.5
5.114,TRACK,0.25043779611587524,0.4423534572124481,0.005847364664077759,0.25,0.25,0.5,1.5595381259918213,0.03828561678528786,-0.009046443738043308,1.6,0.1,0.5,1.5403599739074707,1.5826148986816406,-0.0032433150336146355,1.6,1.6,0.5,0.25634995102882385,1.6300911903381348,0.009965627454221249,0.25,1.6,0.5
5.134,TRACK,0.25043779611587524,0.4423534572124481,0.005847364664077759,0.25,0.25,0.5,1.5595381259918213,0.03828561678528786,-0.009046443738043308,1.6,0.1,0.5,1.5394197702407837,1.5838921070098877,-0.002532478654757142,1.6,1.6,0.5,0.25634995102882385,1.6300911903381348,0.009965627454221249,0.25,1.6,0.5
5.154,TRACK,0.25043779611587524,0.4423534572124481,0.005847364664077759,0.25,0.25,0.5,1.5595381259918213,0.03828561678528786,-0.009046443738043308,1.6,0.1,0.5,1.5394197702407837,1.5838921070098877,-0.002532478654757142,1.6,1.6,0.5,0.25634995102882385,1.6300911903381348,0.009965627454221249,0.25,1.6,0.5
5.174,TRACK,0.2506685256958008,0.4418790936470032,0.007427512668073177,0.25,0.25,0.5,1.556841492652893,0.037604302167892456,-0.012462755665183067,1.6,0.1,0.5,1.5394197702407837,1.5838921070098877,-0.002532478654757142,1.6,1.6,0.5,0.25634995102882385,1.6300911903381348,0.009965627454221249,0.25,1.6,0.5
5.194,TRACK,0.2506685256958008,0.4418790936470032,0.007427512668073177,0.25,0.25,0.5,1.556841492652893,0.037604302167892456,-0.012462755665183067,1.6,0.1,0.5,1.5394197702407837,1.5838921070098877,-0.002532478654757142,1.6,1.6,0.5,0.25742626190185547,1.635225772857666,0.00885164737701416,0.25,1.6,0.5
5.214,TRACK,0.2506685256958008,0.4418790936470032,0.007427512668073177,0.25,0.25,0.5,1.556841492652893,0.037604302167892456,-0.012462755665183067,1.6,0.1,0.5,1.5394197702407837,1.5838921070098877,-0.002532478654757142,1.6,1.6,0.5,0.25742626190185547,1.635225772857666,0.00885164737701416,0.25,1.6,0.5
5.234,TRACK,0.2506685256958008,0.4418790936470032,0.007427512668073177,0.25,0.25,0.5,1.556841492652893,0.037604302167892456,-0.012462755665183067,1.6,0.1,0.5,1.539772629737854,1.5826088190078735,-0.0014598583802580833,1.6,1.6,0.5,0.25742626190185547,1.635225772857666,0.00885164737701416,0.25,1.6,0.5
5.254,TRACK,0.2506685256958008,0.4418790936470032,0.007427512668073177,0.25,0.25,0.5,1.556841492652893,0.037604302167892456,-0.012462755665183067,1.6,0.1,0.5,1.539772629737854,1.5826088190078735,-0.0014598583802580833,1.6,1.6,0.5,0.25742626190185547,1.635225772857666,0.00885164737701416,0.25,1.6,0.5
5.274,TRACK,0.25067052245140076,0.4420940577983856,0.007881205528974533,0.25,0.25,0.5,1.5563229322433472,0.039938271045684814,-0.004863689187914133,1.6,0.1,0.5,1.539772629737854,1.5826088190078735,-0.0014598583802580833,1.6,1.6,0.5,0.25742626190185547,1.635225772857666,0.00885164737701416,0.25,1.6,0.5
5.294,TRACK,0.25067052245140076,0.4420940577983856,0.007881205528974533,0.25,0.25,0.5,1.5563229322433472,0.039938271045684814,-0.004863689187914133,1.6,0.1,0.5,1.539772629737854,1.5826088190078735,-0.0014598583802580833,1.6,1.6,0.5,0.2564953565597534,1.6346784830093384,0.007005600258708,0.25,1.6,0.5
5.314,TRACK,0.25067052245140076,0.4420940577983856,0.007881205528974533,0.25,0.25,0.5,1.5563229322433472,0.039938271045684814,-0.004863689187914133,1.6,0.1,0.5,1.539772629737854,1.5826088190078735,-0.0014598583802580833,1.6,1.6,0.5,0.2564953565597534,1.6346784830093384,0.007005600258708,0.25,1.6,0.5
5.334,TRACK,0.25067052245140076,0.4420940577983856,0.007881205528974533,0.25,0.25,0.5,1.5563229322433472,0.039938271045684814,-0.004863689187914133,1.6,0.1,0.5,1.539907693862915,1.5836511850357056,-0.0025065424852073193,1.6,1.6,0.5,0.2564953565597534,1.6346784830093384,0.007005600258708,0.25,1.6,0.5
5.354,TRACK,0.25067052245140076,0.4420940577983856,0.007881205528974533,0.25,0.25,0.5,1.5563229322433472,0.039938271045684814,-0.004863689187914133,1.6,0.1,0.5,1.539907693862915,1.5836511850357056,-0.0025065424852073193,1.6,1.6,0.5,0.2564953565597534,1.6346784830093384,0.007005600258708,0.25,1.6,0.5
5.374,TRACK,0.25062161684036255,0.4426251947879791,0.006549295503646135,0.25,0.25,0.5,1.5555899143218994,0.0436168909072876,0.0025808310601860285,1.6,0.1,0.5,1.539907693862915,1.5836511850357056,-0.0025065424852073193,1.6,1.6,0.5,0.2564953565597534,1.6346784830093384,0.007005600258708,0.25,1.6,0.5
5.394,TRACK,0.25062161684036255,0.4426251947879791,0.006549295503646135,0.25,0.25,0.5,1.5555899143218994,0.0436168909072876,0.0025808310601860285,1.6,0.1,0.5,1.539907693862915,1.5836511850357056,-0.0025065424852073193,1.6,1.6,0.5,0.2487139254808426,1.632283091545105,-0.0014226965140551329,0.25,1.6,0.5
5.414,TRACK,0.25062161684036255,0.4426251947879791,0.006549295503646135,0.25,0.25,0.5,1.5555899143218994,0.0436168909072876,0.0025808310601860285,1.6,0.1,0.5,1.539907693862915,1.5836511850357056,-0.0025065424852073193,1.6,1.6,0.5,0.2487139254808426,1.632283091545105,-0.0014226965140551329,0.25,1.6,0.5
5.434,TRACK,0.25062161684036255,0.4426251947879791,0.006549295503646135,0.25,0.25,0.5,1.5555899143218994,0.0436168909072876,0.0025808310601860285,1.6,0.1,0.5,1.5407733917236328,1.5824557542800903,-0.0033335979096591473,1.6,1.6,0.5,0.2487139254808426,1.632283091545105,-0.0014226965140551329,0.25,1.6,0.5
5.454,TRACK,0.25062161684036255,0.4426251947879791,0.006549295503646135,0.25,0.25,0.5,1.5555899143218994,0.0436168909072876,0.0025808310601860285,1.6,0.1,0.5,1.5407733917236328,1.5824557542800903,-0.0033335979096591473,1.6,1.6,0.5,0.2487139254808426,1.632283091545105,-0.0014226965140551329,0.25,1.6,0.5
5.474,TRACK,0.25062161684036255,0.4426251947879791,0.006549295503646135,0.25,0.25,0.5,1.5547555685043335,0.04599329084157944,0.004875061102211475,1.6,0.1,0.5,1.5407733917236328,1.5824557542800903,-0.0033335979096591473,1.6,1.6,0.5,0.2487139254808426,1.632283091545105,-0.0014226965140551329,0.25,1.6,0.5
5.494,TRACK,0.25065580010414124,0.4420582056045532,0.008273408748209476,0.25,0.25,0.5,1.5547555685043335,0.04599329084157944,0.004875061102211475,1.6,0.1,0.5,1.5407733917236328,1.5824557542800903,-0.0033335979096591473,1.6,1.6,0.5,0.2585678994655609,1.6263971328735352,0.00504881888628006,0.25,1.6,0.5
5.514,TRACK,0.25065580010414124,0.4420582056045532,0.008273408748209476,0.25,0.25,0.5,1.5547555685043335,0.04599329084157944,0.004875061102211475,1.6,0.1,0.5,1.5407733917236328,1.5824557542800903,-0.0033335979096591473,1.6,1.6,0.5,0.2585678994655609,1.6263971328735352,0.00504881888628006,0.25,1.6,0.5
5.534,TRACK,0.25065580010414124,0.4420582056045532,0.008273408748209476,0.25,0.25,0.5,1.5547555685043335,0.04599329084157944,0.004875061102211475,1.6,0.1,0.5,1.54205322265625,1.5806175470352173,-0.002503907773643732,1.6,1.6,0.5,0.2585678994655609,1.6263971328735352,0.00504881888628006,0.25,1.6,0.5
5.554,TRACK,0.25065580010414124,0.4420582056045532,0.008273408748209476,0.25,0.25,0.5,1.5547555685043335,0.04599329084157944,0.004875061102211475,1.6,0.1,0.5,1.54205322265625,1.5806175470352173,-0.002503907773643732,1.6,1.6,0.5,0.2585678994655609,1.6263971328735352,0.00504881888628006,0.25,1.6,0.5
5.574,TRACK,0.2508528530597687,0.4417025148868561,0.008728470653295517,0.25,0.25,0.5,1.5551176071166992,0.046334777027368546,0.0026718329172581434,1.6,0.1,0.5,1.54205322265625,1.5806175470352173,-0.002503907773643732,1.6,1.6,0.5,0.2585678994655609,1.6263971328735352,0.00504881888628006,0.25,1.6,0.5
5.594,TRACK,0.2508528530597687,0.4417025148868561,0.008728470653295517,0.25,0.25,0.5,1.5551176071166992,0.046334777027368546,0.0026718329172581434,1.6,0.1,0.5,1.54205322265625,1.5806175470352173,-0.002503907773643732,1.6,1.6,0.5,0.2566791772842407,1.631638765335083,0.009159483946859837,0.25,1.6,0.5
5.614,TRACK,0.2508528530597687,0.4417025148868561,0.008728470653295517,0.25,0.25,0.5,1.5551176071166992,0.046334777027368546,0.0026718329172581434,1.6,0.1,0.5,1.54205322265625,1.5806175470352173,-0.002503907773643732,1.6,1.6,0.5,0.2566791772842407,1.631638765335083,0.009159483946859837,0.25,1.6,0.5
5.634,TRACK,0.2508528530597687,0.4417025148868561,0.008728470653295517,0.25,0.25,0.5,1.5551176071166992,0.046334777027368546,0.0026718329172581434,1.6,0.1,0.5,1.5409835577011108,1.5819106101989746,-0.0026798986364156008,1.6,1.6,0.5,0.2566791772842407,1.631638765335083,0.009159483946859837,0.25,1.6,0.5
5.654,TRACK,0.2508528530597687,0.4417025148868561,0.008728470653295517,0.25,0.25,0.5,1.5551176071166992,0.046334777027368546,0.0026718329172581434,1.6,0.1,0.5,1.5409835577011108,1.5819106101989746,-0.0026798986364156008,1.6,1.6,0.5,0.2566791772842407,1.631638765335083,0.009159483946859837,0.25,1.6,0.5
5.674,TRACK,0.2509171664714813,0.441861093044281,0.009421267546713352,0.25,0.25,0.5,1.55787992477417,0.04062698036432266,-0.004316927865147591,1.6,0.1,0.5,1.5409835577011108,1.5819106101989746,-0.0026798986364156008,1.6,1.6,0.5,0.2566791772842407,1.631638765335083,0.009159483946859837,0.25,1.6,0.5
5.694,TRACK,0.2509171664714813,0.441861093044281,0.009421267546713352,0.25,0.25,0.5,1.55787992477417,0.04062698036432266,-0.004316927865147591,1.6,0.1,0.5,1.5409835577011108,1.5819106101989746,-0.0026798986364156008,1.6,1.6,0.5,0.25703853368759155,1.628922939300537,0.009831857867538929,0.25,1.6,0.5
5.714,TRACK,0.2509171664714813,0.441861093044281,0.009421267546713352,0.25,0.25,0.5,1.55787992477417,0.04062698036432266,-0.004316927865147591,1.6,0.1,0.5,1.5409835577011108,1.5819106101989746,-0.0026798986364156008,1.6,1.6,0.5,0.25703853368759155,1.628922939300537,0.009831857867538929,0.25,1.6,0.5
5.734,TRACK,0.2509171664714813,0.441861093044281,0.009421267546713352,0.25,0.25,0.5,1.55787992477417,0.04062698036432266,-0.004316927865147591,1.6,0.1,0.5,1.542356014251709,1.5796713829040527,-0.000769156264141202,1.6,1.6,0.5,0.25703853368759155,1.628922939300537,0.009831857867538929,0.25,1.6,0.5
5.754,TRACK,0.2509171664714813,0.441861093044281,0.009421267546713352,0.25,0.25,0.5,1.55787992477417,0.04062698036432266,-0.004316927865147591,1.6,0.1,0.5,1.542356014251709,1.5796713829040527,-0.000769156264141202,1.6,1.6,0.5,0.25703853368759155,1.628922939300537,0.009831857867538929,0.25,1.6,0.5
5.774,TRACK,0.2507953941822052,0.44203826785087585,0.008627476170659065,0.25,0.25,0.5,1.5562217235565186,0.04185213893651962,-0.002028656890615821,1.6,0.1,0.5,1.542356014251709,1.5796713829040527,-0.000769156264141202,1.6,1.6,0.5,0.25703853368759155,1.628922939300537,0.009831857867538929,0.25,1.6,0.5
5.794,TRACK,0.2507953941822052,0.44203826785087585,0.008627476170659065,0.25,0.25,0.5,1.5562217235565186,0.04185213893651962,-0.002028656890615821,1.6,0.1,0.5,1.542356014251709,1.5796713829040527,-0.000769156264141202,1.6,1.6,0.5,0.2550908327102661,1.6320902109146118,0.007446168456226587,0.25,1.6,0.5
5.814,TRACK,0.2507953941822052,0.44203826785087585,0.008627476170659065,0.25,0.25,0.5,1.5562217235565186,0.04185213893651962,-0.002028656890615821,1.6,0.1,0.5,1.542356014251709,1.5796713829040527,-0.000769156264141202,1.6,1.6,0.5,0.2550908327102661,1.6320902109146118,0.007446168456226587,0.25,1.6,0.5
5.834,TRACK,0.2507953941822052,0.44203826785087585,0.008627476170659065,0.25,0.25,0.5,1.5562217235565186,0.04185213893651962,-0.002028656890615821,1.6,0.1,0.5,1.5393894910812378,1.5843409299850464,-0.004824805073440075,1.6,1.6,0.5,0.2550908327102661,1.6320902109146118,0.007446168456226587,0.25,1.6,0.5
5.854,TRACK,0.2507953941822052,0.44203826785087585,0.008627476170659065,0.25,0.25,0.5,1.5562217235565186,0.04185213893651962,-0.002028656890615821,1.6,0.1,0.5,1.5393894910812378,1.5843409299850464,-0.004824805073440075,1.6,1.6,0.5,0.2550908327102661,1.6320902109146118,0.007446168456226587,0.25,1.6,0.5
5.874,TRACK,0.2508177161216736,0.4418713450431824,0.008853595703840256,0.25,0.25,0.5,1.5554760694503784,0.04420554265379906,0.000983377918601036,1.6,0.1,0.5,1.5393894910812378,1.5843409299850464,-0.004824805073440075,1.6,1.6,0.5,0.2550908327102661,1.6320902109146118,0.007446168456226587,0.25,1.6,0.5
5.894,TRACK,0.2508177161216736,0.4418713450431824,0.008853595703840256,0.25,0.25,0.5,1.5554760694503784,0.04420554265379906,0.000983377918601036,1.6,0.1,0.5,1.5393894910812378,1.5843409299850464,-0.004824805073440075,1.6,1.6,0.5,0.25634369254112244,1.6302675008773804,0.009092054329812527,0.25,1.6,0.5
5.914,TRACK,0.2508177161216736,0.4418713450431824,0.008853595703840256,0.25,0.25,0.5,1.5554760694503784,0.04420554265379906,0.000983377918601036,1.6,0.1,0.5,1.5393894910812378,1.5843409299850464,-0.004824805073440075,1.6,1.6,0.5,0.25634369254112244,1.6302675008773804,0.009092054329812527,0.25,1.6,0.5
5.934,TRACK,0.2508177161216736,0.4418713450431824,0.008853595703840256,0.25,0.25,0.5,1.5554760694503784,0.04420554265379906,0.000983377918601036,1.6,0.1,0.5,1.538585901260376,1.5849024057388306,-0.004671287257224321,1.6,1.6,0.5,0.25634369254112244,1.6302675008773804,0.009092054329812527,0.25,1.6,0.5
5.954,TRACK,0.2508177161216736,0.4418713450431824,0.008853595703840256,0.25,0.25,0.5,1.5554760694503784,0.04420554265379906,0.000983377918601036,1.6,0.1,0.5,1.538585901260376,1.5849024057388306,-0.004671287257224321,1.6,1.6,0.5,0.25634369254112244,1.6302675008773804,0.009092054329812527,0.25,1.6,0.5
5.974,TRACK,0.2509556710720062,0.4417530596256256,0.009493811056017876,0.25,0.25,0.5,1.5553041696548462,0.045290231704711914,0.001163329929113388,1.6,0.1,0.5,1.538585901260376,1.5849024057388306,-0.004671287257224321,1.6,1.6,0.5,0.25634369254112244,1.6302675008773804,0.009092054329812527,0.25,1.6,0.5
5.994,TRACK,0.2509556710720062,0.4417530596256256,0.009493811056017876,0.25,0.25,0.5,1.5553041696548462,0.045290231704711914,0.001163329929113388,1.6,0.1,0.5,1.538585901260376,1.5849024057388306,-0.004671287257224321,1.6,1.6,0.5,0.25448155403137207,1.6319494247436523,0.007389435078948736,0.25,1.6,0.5
6.014,TRACK,0.2509556710720062,0.4417530596256256,0.009493811056017876,0.25,0.25,0.5,1.5553041696548462,0.045290231704711914,0.001163329929113388,1.6,0.1,0.5,1.538585901260376,1.5849024057388306,-0.004671287257224321,1.6,1.6,0.5,0.25448155403137207,1.6319494247436523,0.007389435078948736,0.25,1.6,0.5
6.034,TRACK,0.2509556710720062,0.4417530596256256,0.009493811056017876,0.25,0.25,0.5,1.5553041696548462,0.045290231704711914,0.001163329929113388,1.6,0.1,0.5,1.5394258499145508,1.5843044519424438,-0.005385517608374357,1.6,1.6,0.5,0.25448155403137207,1.6319494247436523,0.007389435078948736,0.25,1.6,0.5
6.054,TRACK,0.2509556710720062,0.4417530596256256,0.009493811056017876,0.25,0.25,0.5,1.5553041696548462,0.045290231704711914,0.001163329929113388,1.6,0.1,0.5,1.5394258499145508,1.5843044519424438,-0.005385517608374357,1.6,1.6,0.5,0.25448155403137207,1.6319494247436523,0.007389435078948736,0.25,1.6,0.5
6.074,TRACK,0.25082987546920776,0.4417968988418579,0.009648717939853668,0.25,0.25,0.5,1.5550296306610107,0.04574337601661682,0.0022290453780442476,1.6,0.1,0.5,1.5394258499145508,1.5843044519424438,-0.005385517608374357,1.6,1.6,0.5,0.25448155403137207,1.6319494247436523,0.007389435078948736,0.25,1.6,0.5
6.094,TRACK,0.25082987546920776,0.4417968988418579,0.009648717939853668,0.25,0.25,0.5,1.5550296306610107,0.04574337601661682,0.0022290453780442476,1.6,0.1,0.5,1.5394258499145508,1.5843044519424438,-0.005385517608374357,1.6,1.6,0.5,0.25793227553367615,1.6268709897994995,0.006407972890883684,0.25,1.6,0.5
6.114,TRACK,0.25082987546920776,0.4417968988418579,0.009648717939853668,0.25,0.25,0.5,1.5550296306610107,0.04574337601661682,0.0022290453780442476,1.6,0.1,0.5,1.5394258499145508,1.5843044519424438,-0.005385517608374357,1.6,1.6,0.5,0.25793227553367615,1.6268709897994995,0.006407972890883684,0.25,1.6,0.5
6.134,TRACK,0.25082987546920776,0.4417968988418579,0.009648717939853668,0.25,0.25,0.5,1.5550296306610107,0.04574337601661682,0.0022290453780442476,1.6,0.1,0.5,1.539415717124939,1.5830167531967163,-0.0015326817519962788,1.6,1.6,0.5,0.25793227553367615,1.6268709897994995,0.006407972890883684,0.25,1.6,0.5
6.154,TRACK,0.25082987546920776,0.4417968988418579,0.009648717939853668,0.25,0.25,0.5,1.5550296306610107,0.04574337601661682,0.0022290453780442476,1.6,0.1,0.5,1.539415717124939,1.5830167531967163,-0.0015326817519962788,1.6,1.6,0.5,0.25793227553367615,1.6268709897994995,0.006407972890883684,0.25,1.6,0.5
6.174,TRACK,0.2507895231246948,0.44198834896087646,0.008784436620771885,0.25,0.25,0.5,1.561471939086914,0.03711381554603577,-0.005460445303469896,1.6,0.1,0.5,1.539415717124939,1.5830167531967163,-0.0015326817519962788,1.6,1.6,0.5,0.25793227553367615,1.6268709897994995,0.006407972890883684,0.25,1.6,0.5
6.194,TRACK,0.2507895231246948,0.44198834896087646,0.008784436620771885,0.25,0.25,0.5,1.561471939086914,0.03711381554603577,-0.005460445303469896,1.6,0.1,0.5,1.539415717124939,1.5830167531967163,-0.0015326817519962788,1.6,1.6,0.5,0.25632521510124207,1.6320935487747192,0.007958603091537952,0.25,1.6,0.5
6.214,TRACK,0.2507895231246948,0.44198834896087646,0.008784436620771885,0.25,0.25,0.5,1.561471939086914,0.03711381554603577,-0.005460445303469896,1.6,0.1,0.5,1.539415717124939,1.5830167531967163,-0.0015326817519962788,1.6,1.6,0.5,0.25632521510124207,1.6320935487747192,0.007958603091537952,0.25,1.6,0.5
6.234,TRACK,0.2507895231246948,0.44198834896087646,0.008784436620771885,0.25,0.25,0.5,1.561471939086914,0.03711381554603577,-0.005460445303469896,1.6,0.1,0.5,1.5425617694854736,1.5795847177505493,-9.615242015570402e-05,1.6,1.6,0.5,0.25632521510124207,1.6320935487747192,0.007958603091537952,0.25,1.6,0.5
6.254,TRACK,0.2507895231246948,0.44198834896087646,0.008784436620771885,0.25,0.25,0.5,1.561471939086914,0.03711381554603577,-0.005460445303469896,1.6,0.1,0.5,1.5425617694854736,1.5795847177505493,-9.615242015570402e-05,1.6,1.6,0.5,0.25632521510124207,1.6320935487747192,0.007958603091537952,0.25,1.6,0.5
6.274,TRACK,0.2505987882614136,0.44218897819519043,0.007405072916299105,0.25,0.25,0.5,1.5569730997085571,0.039956022053956985,-0.003896792884916067,1.6,0.1,0.5,1.5425617694854736,1.5795847177505493,-9.615242015570402e-05,1.6,1.6,0.5,0.25632521510124207,1.6320935487747192,0.007958603091537952,0.25,1.6,0.5
6.294,TRACK,0.2505987882614136,0.44218897819519043,0.007405072916299105,0.25,0.25,0.5,1.5569730997085571,0.039956022053956985,-0.003896792884916067,1.6,0.1,0.5,1.5425617694854736,1.5795847177505493,-9.615242015570402e-05,1.6,1.6,0.5,0.2564176917076111,1.6289538145065308,0.007818544283509254,0.25,1.6,0.5
6.314,TRACK,0.2505987882614136,0.44218897819519043,0.007405072916299105,0.25,0.25,0.5,1.5569730997085571,0.039956022053956985,-0.003896792884916067,1.6,0.1,0.5,1.5425617694854736,1.5795847177505493,-9.615242015570402e-05,1.6,1.6,0.5,0.2564176917076111,1.6289538145065308,0.007818544283509254,0.25,1.6,0.5
6.334,TRACK,0.2505987882614136,0.44218897819519043,0.007405072916299105,0.25,0.25,0.5,1.5569730997085571,0.039956022053956985,-0.003896792884916067,1.6,0.1,0.5,1.5407123565673828,1.5817763805389404,-0.00028774188831448555,1.6,1.6,0.5,0.2564176917076111,1.6289538145065308,0.007818544283509254,0.25,1.6,0.5
6.354,TRACK,0.2505987882614136,0.44218897819519043,0.007405072916299105,0.25,0.25,0.5,1.5569730997085571,0.039956022053956985,-0.003896792884916067,1.6,0.1,0.5,1.5407123565673828,1.5817763805389404,-0.00028774188831448555,1.6,1.6,0.5,0.2564176917076111,1.6289538145065308,0.007818544283509254,0.25,1.6,0.5
6.374,TRACK,0.2511182725429535,0.4410986602306366,0.009949208237230778,0.25,0.25,0.5,1.5548014640808105,0.041949350386857986,-0.0018185973167419434,1.6,0.1,0.5,1.5407123565673828,1.5817763805389404,-0.00028774188831448555,1.6,1.6,0.5,0.2564176917076111,1.6289538145065308,0.007818544283509254,0.25,1.6,0.5
6.394,TRACK,0.2511182725429535,0.4410986602306366,0.009949208237230778,0.25,0.25,0.5,1.5548014640808105,0.041949350386857986,-0.0018185973167419434,1.6,0.1,0.5,1.5407123565673828,1.5817763805389404,-0.00028774188831448555,1.6,1.6,0.5,0.2557998299598694,1.6332826614379883,0.008695668540894985,0.25,1.6,0.5
6.414,TRACK,0.2511182725429535,0.4410986602306366,0.009949208237230778,0.25,0.25,0.5,1.5548014640808105,0.041949350386857986,-0.0018185973167419434,1.6,0.1,0.5,1.5407123565673828,1.5817763805389404,-0.00028774188831448555,1.6,1.6,0.5,0.2557998299598694,1.6332826614379883,0.008695668540894985,0.25,1.6,0.5
6.434,TRACK,0.2511182725429535,0.4410986602306366,0.009949208237230778,0.25,0.25,0.5,1.5548014640808105,0.041949350386857986,-0.0018185973167419434,1.6,0.1,0.5,1.5398451089859009,1.583473801612854,-0.0021472997032105923,1.6,1.6,0.5,0.2557998299598694,1.6332826614379883,0.008695668540894985,0.25,1.6,0.5
6.454,TRACK,0.2511182725429535,0.4410986602306366,0.009949208237230778,0.25,0.25,0.5,1.5548014640808105,0.041949350386857986,-0.0018185973167419434,1.6,0.1,0.5,1.5398451089859009,1.583473801612854,-0.0021472997032105923,1.6,1.6,0.5,0.2557998299598694,1.6332826614379883,0.008695668540894985,0.25,1.6,0.5
6.474,TRACK,0.25035351514816284,0.4425765872001648,0.0052092839032411575,0.25,0.25,0.5,1.5536763668060303,0.0419965498149395,-0.001112955971620977,1.6,0.1,0.5,1.5398451089859009,1.583473801612854,-0.0021472997032105923,1.6,1.6,0.5,0.2557998299598694,1.6332826614379883,0.008695668540894985,0.25,1.6,0.5
6.494,TRACK,0.25035351514816284,0.4425765872001648,0.0052092839032411575,0.25,0.25,0.5,1.5536763668060303,0.0419965498149395,-0.001112955971620977,1.6,0.1,0.5,1.5398451089859009,1.583473801612854,-0.0021472997032105923,1.6,1.6,0.5,0.2558036148548126,1.6323165893554688,0.008855331689119339,0.25,1.6,0.5
6.514,TRACK,0.25035351514816284,0.4425765872001648,0.0052092839032411575,0.25,0.25,0.5,1.5536763668060303,0.0419965498149395,-0.001112955971620977,1.6,0.1,0.5,1.5398451089859009,1.583473801612854,-0.0021472997032105923,1.6,1.6,0.5,0.2558036148548126,1.6323165893554688,0.008855331689119339,0.25,1.6,0.5
6.534,TRACK,0.25035351514816284,0.4425765872001648,0.0052092839032411575,0.25,0.25,0.5,1.5536763668060303,0.0419965498149395,-0.001112955971620977,1.6,0.1,0.5,1.5401800870895386,1.5824061632156372,-0.002486865036189556,1.6,1.6,0.5,0.2558036148548126,1.6323165893554688,0.008855331689119339,0.25,1.6,0.5
6.554,TRACK,0.25035351514816284,0.4425765872001648,0.0052092839032411575,0.25,0.25,0.5,1.5536763668060303,0.0419965498149395,-0.001112955971620977,1.6,0.1,0.5,1.5401800870895386,1.5824061632156372,-0.002486865036189556,1.6,1.6,0.5,0.2558036148548126,1.6323165893554688,0.008855331689119339,0.25,1.6,0.5
6.574,TRACK,0.25035589933395386,0.442048579454422,0.0060941074043512344,0.25,0.25,0.5,1.554677963256836,0.042365334928035736,-0.003635433502495289,1.6,0.1,0.5,1.5401800870895386,1.5824061632156372,-0.002486865036189556,1.6,1.6,0.5,0.2558036148548126,1.6323165893554688,0.008855331689119339,0.25,1.6,0.5
6.594,TRACK,0.25035589933395386,0.442048579454422,0.0060941074043512344,0.25,0.25,0.5,1.554677963256836,0.042365334928035736,-0.003635433502495289,1.6,0.1,0.5,1.5401800870895386,1.5824061632156372,-0.002486865036189556,1.6,1.6,0.5,0.252711683511734,1.6323463916778564,0.004230584017932415,0.25,1.6,0.5
6.614,TRACK,0.25035589933395386,0.442048579454422,0.0060941074043512344,0.25,0.25,0.5,1.554677963256836,0.042365334928035736,-0.003635433502495289,1.6,0.1,0.5,1.5401800870895386,1.5824061632156372,-0.002486865036189556,1.6,1.6,0.5,0.252711683511734,1.6323463916778564,0.004230584017932415,0.25,1.6,0.5
6.634,TRACK,0.25035589933395386,0.442048579454422,0.0060941074043512344,0.25,0.25,0.5,1.554677963256836,0.042365334928035736,-0.003635433502495289,1.6,0.1,0.5,1.5398234128952026,1.5836104154586792,-0.0022864434868097305,1.6,1.6,0.5,0.252711683511734,1.6323463916778564,0.004230584017932415,0.25,1.6,0.5
6.654,TRACK,0.25035589933395386,0.442048579454422,0.0060941074043512344,0.25,0.25,0.5,1.554677963256836,0.042365334928035736,-0.003635433502495289,1.6,0.1,0.5,1.5398234128952026,1.5836104154586792,-0.0022864434868097305,1.6,1.6,0.5,0.252711683511734,1.6323463916778564,0.004230584017932415,0.25,1.6,0.5
6.674,TRACK,0.2506837248802185,0.4418443739414215,0.007715227082371712,0.25,0.25,0.5,1.5564186573028564,0.04123808071017265,-0.004195195622742176,1.6,0.1,0.5,1.5398234128952026,1.5836104154586792,-0.0022864434868097305,1.6,1.6,0.5,0.252711683511734,1.6323463916778564,0.004230584017932415,0.25,1.6,0.5
6.694,TRACK,0.2506837248802185,0.4418443739414215,0.007715227082371712,0.25,0.25,0.5,1.5564186573028564,0.04123808071017265,-0.004195195622742176,1.6,0.1,0.5,1.5398234128952026,1.5836104154586792,-0.0022864434868097305,1.6,1.6,0.5,0.2525356113910675,1.6323922872543335,0.0029494150076061487,0.25,1.6,0.5
6.714,TRACK,0.2506837248802185,0.4418443739414215,0.007715227082371712,0.25,0.25,0.5,1.5564186573028564,0.04123808071017265,-0.004195195622742176,1.6,0.1,0.5,1.5398234128952026,1.5836104154586792,-0.0022864434868097305,1.6,1.6,0.5,0.2525356113910675,1.6323922872543335,0.0029494150076061487,0.25,1.6,0.5
6.734,TRACK,0.2506837248802185,0.4418443739414215,0.007715227082371712,0.25,0.25,0.5,1.5564186573028564,0.04123808071017265,-0.004195195622742176,1.6,0.1,0.5,1.5395954847335815,1.5838159322738647,-0.0023593376390635967,1.6,1.6,0.5,0.2525356113910675,1.6323922872543335,0.0029494150076061487,0.25,1.6,0.5
6.754,TRACK,0.2506837248802185,0.4418443739414215,0.007715227082371712,0.25,0.25,0.5,1.5564186573028564,0.04123808071017265,-0.004195195622742176,1.6,0.1,0.5,1.5395954847335815,1.5838159322738647,-0.0023593376390635967,1.6,1.6,0.5,0.2525356113910675,1.6323922872543335,0.0029494150076061487,0.25,1.6,0.5
6.774,TRACK,0.25063472986221313,0.44196146726608276,0.007616486866027117,0.25,0.25,0.5,1.5562045574188232,0.04228583723306656,-0.0018023232696577907,1.6,0.1,0.5,1.5395954847335815,1.5838159322738647,-0.0023593376390635967,1.6,1.6,0.5,0.2525356113910675,1.6323922872543335,0.0029494150076061487,0.25,1.6,0.5
6.794,TRACK,0.25063472986221313,0.44196146726608276,0.007616486866027117,0.25,0.25,0.5,1.5562045574188232,0.04228583723306656,-0.0018023232696577907,1.6,0.1,0.5,1.5395954847335815,1.5838159322738647,-0.0023593376390635967,1.6,1.6,0.5,0.25613850355148315,1.6304725408554077,0.006257603410631418,0.25,1.6,0.5
6.814,TRACK,0.25063472986221313,0.44196146726608276,0.007616486866027117,0.25,0.25,0.5,1.5562045574188232,0.04228583723306656,-0.0018023232696577907,1.6,0.1,0.5,1.5395954847335815,1.5838159322738647,-0.0023593376390635967,1.6,1.6,0.5,0.25613850355148315,1.6304725408554077,0.006257603410631418,0.25,1.6,0.5
6.834,TRACK,0.25063472986221313,0.44196146726608276,0.007616486866027117,0.25,0.25,0.5,1.5562045574188232,0.04228583723306656,-0.0018023232696577907,1.6,0.1,0.5,1.539576768875122,1.583016037940979,-0.0019508260302245617,1.6,1.6,0.5,0.25613850355148315,1.6304725408554077,0.006257603410631418,0.25,1.6,0.5
6.854,TRACK,0.25063472986221313,0.44196146726608276,0.007616486866027117,0.25,0.25,0.5,1.5562045574188232,0.04228583723306656,-0.0018023232696577907,1.6,0.1,0.5,1.539576768875122,1.583016037940979,-0.0019508260302245617,1.6,1.6,0.5,0.25613850355148315,1.6304725408554077,0.006257603410631418,0.25,1.6,0.5
6.874,TRACK,0.2512439489364624,0.44073277711868286,0.010524320416152477,0.25,0.25,0.5,1.5609186887741089,0.03761124610900879,-0.0022027415689080954,1.6,0.1,0.5,1.539576768875122,1.583016037940979,-0.0019508260302245617,1.6,1.6,0.5,0.25613850355148315,1.6304725408554077,0.006257603410631418,0.25,1.6,0.5
6.894,TRACK,0.2512439489364624,0.44073277711868286,0.010524320416152477,0.25,0.25,0.5,1.5609186887741089,0.03761124610900879,-0.0022027415689080954,1.6,0.1,0.5,1.539576768875122,1.583016037940979,-0.0019508260302245617,1.6,1.6,0.5,0.2562043368816376,1.6300472021102905,0.00732694985345006,0.25,1.6,0.5
6.914,TRACK,0.2512439489364624,0.44073277711868286,0.010524320416152477,0.25,0.25,0.5,1.5609186887741089,0.03761124610900879,-0.0022027415689080954,1.6,0.1,0.5,1.539576768875122,1.583016037940979,-0.0019508260302245617,1.6,1.6,0.5,0.2562043368816376,1.6300472021102905,0.00732694985345006,0.25,1.6,0.5
6.934,TRACK,0.2512439489364624,0.44073277711868286,0.010524320416152477,0.25,0.25,0.5,1.5609186887741089,0.03761124610900879,-0.0022027415689080954,1.6,0.1,0.5,1.541183352470398,1.5815953016281128,-0.002522722352296114,1.6,1.6,0.5,0.2562043368816376,1.6300472021102905,0.00732694985345006,0.25,1.6,0.5
6.954,TRACK,0.2512439489364624,0.44073277711868286,0.010524320416152477,0.25,0.25,0.5,1.5609186887741089,0.03761124610900879,-0.0022027415689080954,1.6,0.1,0.5,1.541183352470398,1.5815953016281128,-0.002522722352296114,1.6,1.6,0.5,0.2562043368816376,1.6300472021102905,0.00732694985345006,0.25,1.6,0.5
6.974,TRACK,0.2506454885005951,0.4424993395805359,0.007510222960263491,0.25,0.25,0.5,1.5606178045272827,0.038113150745630264,-0.005077740643173456,1.6,0.1,0.5,1.541183352470398,1.5815953016281128,-0.002522722352296114,1.6,1.6,0.5,0.2562043368816376,1.6300472021102905,0.00732694985345006,0.25,1.6,0.5
6.994,TRACK,0.2506454885005951,0.4424993395805359,0.007510222960263491,0.25,0.25,0.5,1.5606178045272827,0.038113150745630264,-0.005077740643173456,1.6,0.1,0.5,1.541183352470398,1.5815953016281128,-0.002522722352296114,1.6,1.6,0.5,0.2563522160053253,1.627236247062683,0.008516346104443073,0.25,1.6,0.5
7.014,TRACK,0.2506454885005951,0.4424993395805359,0.007510222960263491,0.25,0.25,0.5,1.5606178045272827,0.038113150745630264,-0.005077740643173456,1.6,0.1,0.5,1.54090416431427,1.5818288326263428,-0.0028339633718132973,1.6,1.6,0.5,0.2563522160053253,1.627236247062683,0.008516346104443073,0.25,1.6,0.5
7.034,TRACK,0.2506454885005951,0.4424993395805359,0.007510222960263491,0.25,0.25,0.5,1.5606178045272827,0.038113150745630264,-0.005077740643173456,1.6,0.1,0.5,1.54090416431427,1.5818288326263428,-0.0028339633718132973,1.6,1.6,0.5,0.2563522160053253,1.627236247062683,0.008516346104443073,0.25,1.6,0.5
7.054,TRACK,0.2506454885005951,0.4424993395805359,0.007510222960263491,0.25,0.25,0.5,1.5606178045272827,0.038113150745630264,-0.005077740643173456,1.6,0.1,0.5,1.54090416431427,1.5818288326263428,-0.0028339633718132973,1.6,1.6,0.5,0.2563522160053253,1.627236247062683,0.008516346104443073,0.25,1.6,0.5
7.074,TRACK,0.25069981813430786,0.44303637742996216,0.005574172828346491,0.25,0.25,0.5,1.5548533201217651,0.03880739212036133,-0.009096408262848854,1.6,0.1,0.5,1.54090416431427,1.5818288326263428,-0.0028339633718132973,1.6,1.6,0.5,0.2563522160053253,1.627236247062683,0.008516346104443073,0.25,1.6,0.5
7.094,TRACK,0.25069981813430786,0.44303637742996216,0.005574172828346491,0.25,0.25,0.5,1.5548533201217651,0.03880739212036133,-0.009096408262848854,1.6,0.1,0.5,1.54090416431427,1.5818288326263428,-0.0028339633718132973,1.6,1.6,0.5,0.2561774253845215,1.6307179927825928,0.008862044662237167,0.25,1.6,0.5
7.114,TRACK,0.25069981813430786,0.44303637742996216,0.005574172828346491,0.25,0.25,0.5,1.5548533201217651,0.03880739212036133,-0.009096408262848854,1.6,0.1,0.5,1.54090416431427,1.5818288326263428,-0.0028339633718132973,1.6,1.6,0.5,0.2561774253845215,1.6307179927825928,0.008862044662237167,0.25,1.6,0.5
7.134,TRACK,0.25069981813430786,0.44303637742996216,0.005574172828346491,0.25,0.25,0.5,1.5548533201217651,0.03880739212036133,-0.009096408262848854,1.6,0.1,0.5,1.53986394405365,1.5836631059646606,-0.003377721644937992,1.6,1.6,0.5,0.2561774253845215,1.6307179927825928,0.008862044662237167,0.25,1.6,0.5
7.154,TRACK,0.25069981813430786,0.44303637742996216,0.005574172828346491,0.25,0.25,0.5,1.5548533201217651,0.03880739212036133,-0.009096408262848854,1.6,0.1,0.5,1.53986394405365,1.5836631059646606,-0.003377721644937992,1.6,1.6,0.5,0.2561774253845215,1.6307179927825928,0.008862044662237167,0.25,1.6,0.5
7.174,TRACK,0.25083211064338684,0.4434800446033478,0.0038202900905162096,0.25,0.25,0.5,1.5550111532211304,0.03776427358388901,-0.012550422921776772,1.6,0.1,0.5,1.53986394405365,1.5836631059646606,-0.003377721644937992,1.6,1.6,0.5,0.2561774253845215,1.6307179927825928,0.008862044662237167,0.25,1.6,0.5
7.194,TRACK,0.25083211064338684,0.4434800446033478,0.0038202900905162096,0.25,0.25,0.5,1.5550111532211304,0.03776427358388901,-0.012550422921776772,1.6,0.1,0.5,1.53986394405365,1.5836631059646606,-0.003377721644937992,1.6,1.6,0.5,0.25584501028060913,1.6332716941833496,0.007968041114509106,0.25,1.6,0.5
7.214,TRACK,0.25083211064338684,0.4434800446033478,0.0038202900905162096,0.25,0.25,0.5,1.5550111532211304,0.03776427358388901,-0.012550422921776772,1.6,0.1,0.5,1.53986394405365,1.5836631059646606,-0.003377721644937992,1.6,1.6,0.5,0.25584501028060913,1.6332716941833496,0.007968041114509106,0.25,1.6,0.5
