timestamp_sec,flight_state,cf1_act_x,cf1_act_y,cf1_act_z,cf1_targ_x,cf1_targ_y,cf1_targ_z,cf2_act_x,cf2_act_y,cf2_act_z,cf2_targ_x,cf2_targ_y,cf2_targ_z,cf3_act_x,cf3_act_y,cf3_act_z,cf3_targ_x,cf3_targ_y,cf3_targ_z,cf4_act_x,cf4_act_y,cf4_act_z,cf4_targ_x,cf4_targ_y,cf4_targ_z
0.001,TAKEOFF,0.18030954897403717,0.33115965127944946,0.007897105999290943,0.25,0.25,0.5,1.4811519384384155,0.2859092354774475,-0.0010101814987137914,1.6,0.1,0.5,1.5219956636428833,1.4620941877365112,-0.002023500157520175,1.6,1.6,0.5,0.13545837998390198,1.5569870471954346,0.006938788574188948,0.25,1.6,0.5
0.021,TAKEOFF,0.18006300926208496,0.32768261432647705,0.005184926092624664,0.25,0.25,0.5,1.4798023700714111,0.28729432821273804,-0.002349946880713105,1.6,0.1,0.5,1.522383213043213,1.4591668844223022,0.0016288140323013067,1.6,1.6,0.5,0.13419383764266968,1.5540809631347656,0.007166141644120216,0.25,1.6,0.5
0.041,TAKEOFF,0.18006300926208496,0.32768261432647705,0.005184926092624664,0.25,0.25,0.5,1.4798023700714111,0.28729432821273804,-0.002349946880713105,1.6,0.1,0.5,1.522383213043213,1.4591668844223022,0.0016288140323013067,1.6,1.6,0.5,0.13419383764266968,1.5540809631347656,0.007166141644120216,0.25,1.6,0.5
0.061,TAKEOFF,0.18006300926208496,0.32768261432647705,0.005184926092624664,0.25,0.25,0.5,1.4798023700714111,0.28729432821273804,-0.002349946880713105,1.6,0.1,0.5,1.522383213043213,1.4591668844223022,0.0016288140323013067,1.6,1.6,0.5,0.13419383764266968,1.5540809631347656,0.007166141644120216,0.25,1.6,0.5
0.081,TAKEOFF,0.18084248900413513,0.3274921476840973,0.0050484067760407925,0.25,0.25,0.5,1.4812759160995483,0.2871744632720947,0.002189683262258768,1.6,0.1,0.5,1.522383213043213,1.4591668844223022,0.0016288140323013067,1.6,1.6,0.5,0.13419383764266968,1.5540809631347656,0.007166141644120216,0.25,1.6,0.5
0.101,TAKEOFF,0.18084248900413513,0.3274921476840973,0.0050484067760407925,0.25,0.25,0.5,1.4812759160995483,0.2871744632720947,0.002189683262258768,1.6,0.1,0.5,1.522383213043213,1.4591668844223022,0.0016288140323013067,1.6,1.6,0.5,0.13419383764266968,1.5540809631347656,0.007166141644120216,0.25,1.6,0.5
0.121,TAKEOFF,0.18084248900413513,0.3274921476840973,0.0050484067760407925,0.25,0.25,0.5,1.4812759160995483,0.2871744632720947,0.002189683262258768,1.6,0.1,0.5,1.5228168964385986,1.460405707359314,-0.0022879070602357388,1.6,1.6,0.5,0.1364212930202484,1.5551048517227173,0.009240192361176014,0.25,1.6,0.5
0.141,TAKEOFF,0.18084248900413513,0.3274921476840973,0.0050484067760407925,0.25,0.25,0.5,1.4812759160995483,0.2871744632720947,0.002189683262258768,1.6,0.1,0.5,1.5228168964385986,1.460405707359314,-0.0022879070602357388,1.6,1.6,0.5,0.1364212930202484,1.5551048517227173,0.009240192361176014,0.25,1.6,0.5
0.161,TAKEOFF,0.18084248900413513,0.3274921476840973,0.0050484067760407925,0.25,0.25,0.5,1.4812759160995483,0.2871744632720947,0.002189683262258768,1.6,0.1,0.5,1.5228168964385986,1.460405707359314,-0.0022879070602357388,1.6,1.6,0.5,0.1364212930202484,1.5551048517227173,0.009240192361176014,0.25,1.6,0.5
0.181,TAKEOFF,0.18194159865379333,0.3257239758968353,0.005309688858687878,0.25,0.25,0.5,1.4840224981307983,0.28451845049858093,-0.0013929852284491062,1.6,0.1,0.5,1.5228168964385986,1.460405707359314,-0.0022879070602357388,1.6,1.6,0.5,0.1364212930202484,1.5551048517227173,0.009240192361176014,0.25,1.6,0.5
0.201,TAKEOFF,0.18194159865379333,0.3257239758968353,0.005309688858687878,0.25,0.25,0.5,1.4840224981307983,0.28451845049858093,-0.0013929852284491062,1.6,0.1,0.5,1.5228168964385986,1.460405707359314,-0.0022879070602357388,1.6,1.6,0.5,0.1364212930202484,1.5551048517227173,0.009240192361176014,0.25,1.6,0.5
0.221,TAKEOFF,0.18194159865379333,0.3257239758968353,0.005309688858687878,0.25,0.25,0.5,1.4840224981307983,0.28451845049858093,-0.0013929852284491062,1.6,0.1,0.5,1.5212340354919434,1.462181568145752,-0.0011694785207509995,1.6,1.6,0.5,0.13527360558509827,1.552381157875061,0.007657552603632212,0.25,1.6,0.5
0.241,TAKEOFF,0.18194159865379333,0.3257239758968353,0.005309688858687878,0.25,0.25,0.5,1.4840224981307983,0.28451845049858093,-0.0013929852284491062,1.6,0.1,0.5,1.5212340354919434,1.462181568145752,-0.0011694785207509995,1.6,1.6,0.5,0.13527360558509827,1.552381157875061,0.007657552603632212,0.25,1.6,0.5
0.261,TAKEOFF,0.18194159865379333,0.3257239758968353,0.005309688858687878,0.25,0.25,0.5,1.4840224981307983,0.28451845049858093,-0.0013929852284491062,1.6,0.1,0.5,1.5212340354919434,1.462181568145752,-0.0011694785207509995,1.6,1.6,0.5,0.13527360558509827,1.552381157875061,0.007657552603632212,0.25,1.6,0.5
0.281,TAKEOFF,0.18225112557411194,0.3254717290401459,0.005162559915333986,0.25,0.25,0.5,1.4805798530578613,0.28647395968437195,-0.0039664460346102715,1.6,0.1,0.5,1.5212340354919434,1.462181568145752,-0.0011694785207509995,1.6,1.6,0.5,0.13527360558509827,1.552381157875061,0.007657552603632212,0.25,1.6,0.5
0.301,TAKEOFF,0.18225112557411194,0.3254717290401459,0.005162559915333986,0.25,0.25,0.5,1.4805798530578613,0.28647395968437195,-0.0039664460346102715,1.6,0.1,0.5,1.5212340354919434,1.462181568145752,-0.0011694785207509995,1.6,1.6,0.5,0.13527360558509827,1.552381157875061,0.007657552603632212,0.25,1.6,0.5
0.321,TAKEOFF,0.18225112557411194,0.3254717290401459,0.005162559915333986,0.25,0.25,0.5,1.4805798530578613,0.28647395968437195,-0.0039664460346102715,1.6,0.1,0.5,1.5196831226348877,1.4623326063156128,0.002419761847704649,1.6,1.6,0.5,0.1278688907623291,1.5547105073928833,8.447236905340105e-05,0.25,1.6,0.5
0.341,TAKEOFF,0.18225112557411194,0.3254717290401459,0.005162559915333986,0.25,0.25,0.5,1.4805798530578613,0.28647395968437195,-0.0039664460346102715,1.6,0.1,0.5,1.5196831226348877,1.4623326063156128,0.002419761847704649,1.6,1.6,0.5,0.1278688907623291,1.5547105073928833,8.447236905340105e-05,0.25,1.6,0.5
0.361,TAKEOFF,0.18225112557411194,0.3254717290401459,0.005162559915333986,0.25,0.25,0.5,1.4805798530578613,0.28647395968437195,-0.0039664460346102715,1.6,0.1,0.5,1.5196831226348877,1.4623326063156128,0.002419761847704649,1.6,1.6,0.5,0.1278688907623291,1.5547105073928833,8.447236905340105e-05,0.25,1.6,0.5
0.381,TAKEOFF,0.18236954510211945,0.32540059089660645,0.0052423179149627686,0.25,0.25,0.5,1.4801424741744995,0.2869694232940674,-0.002302170731127262,1.6,0.1,0.5,1.5196831226348877,1.4623326063156128,0.002419761847704649,1.6,1.6,0.5,0.1278688907623291,1.5547105073928833,8.447236905340105e-05,0.25,1.6,0.5
0.401,TAKEOFF,0.18236954510211945,0.32540059089660645,0.0052423179149627686,0.25,0.25,0.5,1.4801424741744995,0.2869694232940674,-0.002302170731127262,1.6,0.1,0.5,1.5196831226348877,1.4623326063156128,0.002419761847704649,1.6,1.6,0.5,0.12337090820074081,1.5552947521209717,-0.004019560758024454,0.25,1.6,0.5
0.421,TAKEOFF,0.18236954510211945,0.32540059089660645,0.0052423179149627686,0.25,0.25,0.5,1.4801424741744995,0.2869694232940674,-0.002302170731127262,1.6,0.1,0.5,1.5230218172073364,1.4611001014709473,0.0008194218389689922,1.6,1.6,0.5,0.12337090820074081,1.5552947521209717,-0.004019560758024454,0.25,1.6,0.5
0.441,TAKEOFF,0.18236954510211945,0.32540059089660645,0.0052423179149627686,0.25,0.25,0.5,1.4801424741744995,0.2869694232940674,-0.002302170731127262,1.6,0.1,0.5,1.5230218172073364,1.4611001014709473,0.0008194218389689922,1.6,1.6,0.5,0.12337090820074081,1.5552947521209717,-0.004019560758024454,0.25,1.6,0.5
0.461,TAKEOFF,0.18236954510211945,0.32540059089660645,0.0052423179149627686,0.25,0.25,0.5,1.4801424741744995,0.2869694232940674,-0.002302170731127262,1.6,0.1,0.5,1.5230218172073364,1.4611001014709473,0.0008194218389689922,1.6,1.6,0.5,0.12337090820074081,1.5552947521209717,-0.004019560758024454,0.25,1.6,0.5
0.481,TAKEOFF,0.17972692847251892,0.3306993544101715,0.006655827164649963,0.25,0.25,0.5,1.4789389371871948,0.2884616255760193,-0.0003802069113589823,1.6,0.1,0.5,1.5230218172073364,1.4611001014709473,0.0008194218389689922,1.6,1.6,0.5,0.12337090820074081,1.5552947521209717,-0.004019560758024454,0.25,1.6,0.5
0.501,TAKEOFF,0.17972692847251892,0.3306993544101715,0.006655827164649963,0.25,0.25,0.5,1.4789389371871948,0.2884616255760193,-0.0003802069113589823,1.6,0.1,0.5,1.5230218172073364,1.4611001014709473,0.0008194218389689922,1.6,1.6,0.5,0.12337090820074081,1.5552947521209717,-0.004019560758024454,0.25,1.6,0.5
0.521,TAKEOFF,0.17972692847251892,0.3306993544101715,0.006655827164649963,0.25,0.25,0.5,1.4789389371871948,0.2884616255760193,-0.0003802069113589823,1.6,0.1,0.5,1.52444326877594,1.4619096517562866,0.007373329252004623,1.6,1.6,0.5,0.12109718471765518,1.5529026985168457,-0.003974197898060083,0.25,1.6,0.5
0.541,TAKEOFF,0.17972692847251892,0.3306993544101715,0.006655827164649963,0.25,0.25,0.5,1.4789389371871948,0.2884616255760193,-0.0003802069113589823,1.6,0.1,0.5,1.52444326877594,1.4619096517562866,0.007373329252004623,1.6,1.6,0.5,0.12109718471765518,1.5529026985168457,-0.003974197898060083,0.25,1.6,0.5
0.561,TAKEOFF,0.17972692847251892,0.3306993544101715,0.006655827164649963,0.25,0.25,0.5,1.4789389371871948,0.2884616255760193,-0.0003802069113589823,1.6,0.1,0.5,1.52444326877594,1.4619096517562866,0.007373329252004623,1.6,1.6,0.5,0.12109718471765518,1.5529026985168457,-0.003974197898060083,0.25,1.6,0.5
0.581,TAKEOFF,0.181556835770607,0.3262089192867279,0.005333492998033762,0.25,0.25,0.5,1.478931188583374,0.28481733798980713,0.004305149428546429,1.6,0.1,0.5,1.52444326877594,1.4619096517562866,0.007373329252004623,1.6,1.6,0.5,0.12109718471765518,1.5529026985168457,-0.003974197898060083,0.25,1.6,0.5
0.601,TAKEOFF,0.181556835770607,0.3262089192867279,0.005333492998033762,0.25,0.25,0.5,1.478931188583374,0.28481733798980713,0.004305149428546429,1.6,0.1,0.5,1.52444326877594,1.4619096517562866,0.007373329252004623,1.6,1.6,0.5,0.12109718471765518,1.5529026985168457,-0.003974197898060083,0.25,1.6,0.5
0.621,TAKEOFF,0.181556835770607,0.3262089192867279,0.005333492998033762,0.25,0.25,0.5,1.478931188583374,0.28481733798980713,0.004305149428546429,1.6,0.1,0.5,1.5298800468444824,1.468429684638977,0.005274518392980099,1.6,1.6,0.5,0.12322761118412018,1.5553230047225952,0.004434186965227127,0.25,1.6,0.5
0.641,TAKEOFF,0.181556835770607,0.3262089192867279,0.005333492998033762,0.25,0.25,0.5,1.478931188583374,0.28481733798980713,0.004305149428546429,1.6,0.1,0.5,1.5298800468444824,1.468429684638977,0.005274518392980099,1.6,1.6,0.5,0.12322761118412018,1.5553230047225952,0.004434186965227127,0.25,1.6,0.5
0.661,TAKEOFF,0.181556835770607,0.3262089192867279,0.005333492998033762,0.25,0.25,0.5,1.478931188583374,0.28481733798980713,0.004305149428546429,1.6,0.1,0.5,1.5298800468444824,1.468429684638977,0.005274518392980099,1.6,1.6,0.5,0.12322761118412018,1.5553230047225952,0.004434186965227127,0.25,1.6,0.5
0.681,TAKEOFF,0.18215900659561157,0.3253178298473358,0.005241692997515202,0.25,0.25,0.5,1.4740358591079712,0.28139376640319824,0.0011652199318632483,1.6,0.1,0.5,1.5298800468444824,1.468429684638977,0.005274518392980099,1.6,1.6,0.5,0.12322761118412018,1.5553230047225952,0.004434186965227127,0.25,1.6,0.5
0.701,TAKEOFF,0.18215900659561157,0.3253178298473358,0.005241692997515202,0.25,0.25,0.5,1.4740358591079712,0.28139376640319824,0.0011652199318632483,1.6,0.1,0.5,1.5298800468444824,1.468429684638977,0.005274518392980099,1.6,1.6,0.5,0.12322761118412018,1.5553230047225952,0.004434186965227127,0.25,1.6,0.5
0.721,TAKEOFF,0.18215900659561157,0.3253178298473358,0.005241692997515202,0.25,0.25,0.5,1.4740358591079712,0.28139376640319824,0.0011652199318632483,1.6,0.1,0.5,1.5327130556106567,1.4735432863235474,0.009748493321239948,1.6,1.6,0.5,0.13380149006843567,1.5482468605041504,0.017717033624649048,0.25,1.6,0.5
0.741,TAKEOFF,0.18215900659561157,0.3253178298473358,0.005241692997515202,0.25,0.25,0.5,1.4740358591079712,0.28139376640319824,0.0011652199318632483,1.6,0.1,0.5,1.5327130556106567,1.4735432863235474,0.009748493321239948,1.6,1.6,0.5,0.13380149006843567,1.5482468605041504,0.017717033624649048,0.25,1.6,0.5
0.761,TAKEOFF,0.18215900659561157,0.3253178298473358,0.005241692997515202,0.25,0.25,0.5,1.4740358591079712,0.28139376640319824,0.0011652199318632483,1.6,0.1,0.5,1.5327130556106567,1.4735432863235474,0.009748493321239948,1.6,1.6,0.5,0.13380149006843567,1.5482468605041504,0.017717033624649048,0.25,1.6,0.5
0.781,TAKEOFF,0.1821960210800171,0.3252078890800476,0.0051846434362232685,0.25,0.25,0.5,1.4786368608474731,0.27350035309791565,0.008870978839695454,1.6,0.1,0.5,1.5327130556106567,1.4735432863235474,0.009748493321239948,1.6,1.6,0.5,0.13380149006843567,1.5482468605041504,0.017717033624649048,0.25,1.6,0.5
0.801,TAKEOFF,0.1821960210800171,0.3252078890800476,0.0051846434362232685,0.25,0.25,0.5,1.4786368608474731,0.27350035309791565,0.008870978839695454,1.6,0.1,0.5,1.5327130556106567,1.4735432863235474,0.009748493321239948,1.6,1.6,0.5,0.13380149006843567,1.5482468605041504,0.017717033624649048,0.25,1.6,0.5
0.821,TAKEOFF,0.1821960210800171,0.3252078890800476,0.0051846434362232685,0.25,0.25,0.5,1.4786368608474731,0.27350035309791565,0.008870978839695454,1.6,0.1,0.5,1.5351673364639282,1.4775992631912231,0.024506717920303345,1.6,1.6,0.5,0.1389700174331665,1.5476964712142944,0.02540154755115509,0.25,1.6,0.5
0.841,TAKEOFF,0.1821960210800171,0.3252078890800476,0.0051846434362232685,0.25,0.25,0.5,1.4786368608474731,0.27350035309791565,0.008870978839695454,1.6,0.1,0.5,1.5351673364639282,1.4775992631912231,0.024506717920303345,1.6,1.6,0.5,0.1389700174331665,1.5476964712142944,0.02540154755115509,0.25,1.6,0.5
0.861,TAKEOFF,0.1821960210800171,0.3252078890800476,0.0051846434362232685,0.25,0.25,0.5,1.4786368608474731,0.27350035309791565,0.008870978839695454,1.6,0.1,0.5,1.5351673364639282,1.4775992631912231,0.024506717920303345,1.6,1.6,0.5,0.1389700174331665,1.5476964712142944,0.02540154755115509,0.25,1.6,0.5
0.881,TAKEOFF,0.17636564373970032,0.32748132944107056,0.0013904816005378962,0.25,0.25,0.5,1.475475549697876,0.2717635929584503,0.012905624695122242,1.6,0.1,0.5,1.5351673364639282,1.4775992631912231,0.024506717920303345,1.6,1.6,0.5,0.1389700174331665,1.5476964712142944,0.02540154755115509,0.25,1.6,0.5
0.901,TAKEOFF,0.17636564373970032,0.32748132944107056,0.0013904816005378962,0.25,0.25,0.5,1.475475549697876,0.2717635929584503,0.012905624695122242,1.6,0.1,0.5,1.5351673364639282,1.4775992631912231,0.024506717920303345,1.6,1.6,0.5,0.1389700174331665,1.5476964712142944,0.02540154755115509,0.25,1.6,0.5
0.921,TAKEOFF,0.17636564373970032,0.32748132944107056,0.0013904816005378962,0.25,0.25,0.5,1.475475549697876,0.2717635929584503,0.012905624695122242,1.6,0.1,0.5,1.537078619003296,1.4832854270935059,0.029806261882185936,1.6,1.6,0.5,0.14998731017112732,1.5485588312149048,0.0422927588224411,0.25,1.6,0.5
0.941,TAKEOFF,0.17636564373970032,0.32748132944107056,0.0013904816005378962,0.25,0.25,0.5,1.475475549697876,0.2717635929584503,0.012905624695122242,1.6,0.1,0.5,1.537078619003296,1.4832854270935059,0.029806261882185936,1.6,1.6,0.5,0.14998731017112732,1.5485588312149048,0.0422927588224411,0.25,1.6,0.5
0.961,TAKEOFF,0.17636564373970032,0.32748132944107056,0.0013904816005378962,0.25,0.25,0.5,1.475475549697876,0.2717635929584503,0.012905624695122242,1.6,0.1,0.5,1.537078619003296,1.4832854270935059,0.029806261882185936,1.6,1.6,0.5,0.14998731017112732,1.5485588312149048,0.0422927588224411,0.25,1.6,0.5
0.981,TAKEOFF,0.18173423409461975,0.32597616314888,0.004563910886645317,0.25,0.25,0.5,1.4775617122650146,0.2665300965309143,0.02625313028693199,1.6,0.1,0.5,1.537078619003296,1.4832854270935059,0.029806261882185936,1.6,1.6,0.5,0.14998731017112732,1.5485588312149048,0.0422927588224411,0.25,1.6,0.5
1.001,TAKEOFF,0.18173423409461975,0.32597616314888,0.004563910886645317,0.25,0.25,0.5,1.4775617122650146,0.2665300965309143,0.02625313028693199,1.6,0.1,0.5,1.537078619003296,1.4832854270935059,0.029806261882185936,1.6,1.6,0.5,0.14998731017112732,1.5485588312149048,0.0422927588224411,0.25,1.6,0.5
1.021,TAKEOFF,0.18173423409461975,0.32597616314888,0.004563910886645317,0.25,0.25,0.5,1.4775617122650146,0.2665300965309143,0.02625313028693199,1.6,0.1,0.5,1.5371582508087158,1.4878294467926025,0.035284142941236496,1.6,1.6,0.5,0.14882540702819824,1.5515086650848389,0.044031042605638504,0.25,1.6,0.5
1.041,TAKEOFF,0.18173423409461975,0.32597616314888,0.004563910886645317,0.25,0.25,0.5,1.4775617122650146,0.2665300965309143,0.02625313028693199,1.6,0.1,0.5,1.5371582508087158,1.4878294467926025,0.035284142941236496,1.6,1.6,0.5,0.14882540702819824,1.5515086650848389,0.044031042605638504,0.25,1.6,0.5
1.061,TAKEOFF,0.18173423409461975,0.32597616314888,0.004563910886645317,0.25,0.25,0.5,1.4775617122650146,0.2665300965309143,0.02625313028693199,1.6,0.1,0.5,1.5371582508087158,1.4878294467926025,0.035284142941236496,1.6,1.6,0.5,0.14882540702819824,1.5515086650848389,0.044031042605638504,0.25,1.6,0.5
1.081,TAKEOFF,0.18266437947750092,0.3256221115589142,0.005150980781763792,0.25,0.25,0.5,1.4799696207046509,0.26301249861717224,0.036287255585193634,1.6,0.1,0.5,1.5371582508087158,1.4878294467926025,0.035284142941236496,1.6,1.6,0.5,0.14882540702819824,1.5515086650848389,0.044031042605638504,0.25,1.6,0.5
1.101,TAKEOFF,0.18266437947750092,0.3256221115589142,0.005150980781763792,0.25,0.25,0.5,1.4799696207046509,0.26301249861717224,0.036287255585193634,1.6,0.1,0.5,1.5371582508087158,1.4878294467926025,0.035284142941236496,1.6,1.6,0.5,0.14882540702819824,1.5515086650848389,0.044031042605638504,0.25,1.6,0.5
1.121,TAKEOFF,0.18266437947750092,0.3256221115589142,0.005150980781763792,0.25,0.25,0.5,1.4799696207046509,0.26301249861717224,0.036287255585193634,1.6,0.1,0.5,1.5346956253051758,1.4925237894058228,0.04222669079899788,1.6,1.6,0.5,0.14278320968151093,1.556447982788086,0.03915591165423393,0.25,1.6,0.5
1.141,TAKEOFF,0.18266437947750092,0.3256221115589142,0.005150980781763792,0.25,0.25,0.5,1.4799696207046509,0.26301249861717224,0.036287255585193634,1.6,0.1,0.5,1.5346956253051758,1.4925237894058228,0.04222669079899788,1.6,1.6,0.5,0.14278320968151093,1.556447982788086,0.03915591165423393,0.25,1.6,0.5
1.161,TAKEOFF,0.18266437947750092,0.3256221115589142,0.005150980781763792,0.25,0.25,0.5,1.4799696207046509,0.26301249861717224,0.036287255585193634,1.6,0.1,0.5,1.5346956253051758,1.4925237894058228,0.04222669079899788,1.6,1.6,0.5,0.14278320968151093,1.556447982788086,0.03915591165423393,0.25,1.6,0.5
1.181,TAKEOFF,0.17896901071071625,0.32905107736587524,0.005711305420845747,0.25,0.25,0.5,1.483367919921875,0.25867897272109985,0.04337320476770401,1.6,0.1,0.5,1.5346956253051758,1.4925237894058228,0.04222669079899788,1.6,1.6,0.5,0.14278320968151093,1.556447982788086,0.03915591165423393,0.25,1.6,0.5
1.201,TAKEOFF,0.17896901071071625,0.32905107736587524,0.005711305420845747,0.25,0.25,0.5,1.483367919921875,0.25867897272109985,0.04337320476770401,1.6,0.1,0.5,1.5346956253051758,1.4925237894058228,0.04222669079899788,1.6,1.6,0.5,0.1277453899383545,1.5583903789520264,0.03194773942232132,0.25,1.6,0.5
1.221,TAKEOFF,0.17896901071071625,0.32905107736587524,0.005711305420845747,0.25,0.25,0.5,1.483367919921875,0.25867897272109985,0.04337320476770401,1.6,0.1,0.5,1.5303478240966797,1.497377872467041,0.05213772878050804,1.6,1.6,0.5,0.1277453899383545,1.5583903789520264,0.03194773942232132,0.25,1.6,0.5
1.241,TAKEOFF,0.17896901071071625,0.32905107736587524,0.005711305420845747,0.25,0.25,0.5,1.483367919921875,0.25867897272109985,0.04337320476770401,1.6,0.1,0.5,1.5303478240966797,1.497377872467041,0.05213772878050804,1.6,1.6,0.5,0.1277453899383545,1.5583903789520264,0.03194773942232132,0.25,1.6,0.5
1.261,TAKEOFF,0.17896901071071625,0.32905107736587524,0.005711305420845747,0.25,0.25,0.5,1.483367919921875,0.25867897272109985,0.04337320476770401,1.6,0.1,0.5,1.5303478240966797,1.497377872467041,0.05213772878050804,1.6,1.6,0.5,0.1277453899383545,1.5583903789520264,0.03194773942232132,0.25,1.6,0.5
1.281,TAKEOFF,0.1816432625055313,0.3266684114933014,0.00538312504068017,0.25,0.25,0.5,1.4837781190872192,0.2542194426059723,0.04453600198030472,1.6,0.1,0.5,1.5303478240966797,1.497377872467041,0.05213772878050804,1.6,1.6,0.5,0.1277453899383545,1.5583903789520264,0.03194773942232132,0.25,1.6,0.5
1.301,TAKEOFF,0.1816432625055313,0.3266684114933014,0.00538312504068017,0.25,0.25,0.5,1.4837781190872192,0.2542194426059723,0.04453600198030472,1.6,0.1,0.5,1.5303478240966797,1.497377872467041,0.05213772878050804,1.6,1.6,0.5,0.1277453899383545,1.5583903789520264,0.03194773942232132,0.25,1.6,0.5
1.321,TAKEOFF,0.1816432625055313,0.3266684114933014,0.00538312504068017,0.25,0.25,0.5,1.4837781190872192,0.2542194426059723,0.04453600198030472,1.6,0.1,0.5,1.5276734828948975,1.5017048120498657,0.058133598417043686,1.6,1.6,0.5,0.12184230238199234,1.5587489604949951,0.04222094267606735,0.25,1.6,0.5
1.341,TAKEOFF,0.1816432625055313,0.3266684114933014,0.00538312504068017,0.25,0.25,0.5,1.4837781190872192,0.2542194426059723,0.04453600198030472,1.6,0.1,0.5,1.5276734828948975,1.5017048120498657,0.058133598417043686,1.6,1.6,0.5,0.12184230238199234,1.5587489604949951,0.04222094267606735,0.25,1.6,0.5
1.361,TAKEOFF,0.1816432625055313,0.3266684114933014,0.00538312504068017,0.25,0.25,0.5,1.4837781190872192,0.2542194426059723,0.04453600198030472,1.6,0.1,0.5,1.5276734828948975,1.5017048120498657,0.058133598417043686,1.6,1.6,0.5,0.12184230238199234,1.5587489604949951,0.04222094267606735,0.25,1.6,0.5
1.381,TAKEOFF,0.1821509301662445,0.32606014609336853,0.005206649657338858,0.25,0.25,0.5,1.4836387634277344,0.2513163089752197,0.04727836698293686,1.6,0.1,0.5,1.5276734828948975,1.5017048120498657,0.058133598417043686,1.6,1.6,0.5,0.12184230238199234,1.5587489604949951,0.04222094267606735,0.25,1.6,0.5
1.401,TAKEOFF,0.1821509301662445,0.32606014609336853,0.005206649657338858,0.25,0.25,0.5,1.4836387634277344,0.2513163089752197,0.04727836698293686,1.6,0.1,0.5,1.5276734828948975,1.5017048120498657,0.058133598417043686,1.6,1.6,0.5,0.12184230238199234,1.5587489604949951,0.04222094267606735,0.25,1.6,0.5
1.421,TAKEOFF,0.1821509301662445,0.32606014609336853,0.005206649657338858,0.25,0.25,0.5,1.4836387634277344,0.2513163089752197,0.04727836698293686,1.6,0.1,0.5,1.5278198719024658,1.5010722875595093,0.06263065338134766,1.6,1.6,0.5,0.11848796159029007,1.5595539808273315,0.05596879497170448,0.25,1.6,0.5
1.441,TAKEOFF,0.1821509301662445,0.32606014609336853,0.005206649657338858,0.25,0.25,0.5,1.4836387634277344,0.2513163089752197,0.04727836698293686,1.6,0.1,0.5,1.5278198719024658,1.5010722875595093,0.06263065338134766,1.6,1.6,0.5,0.11848796159029007,1.5595539808273315,0.05596879497170448,0.25,1.6,0.5
1.461,TAKEOFF,0.1821509301662445,0.32606014609336853,0.005206649657338858,0.25,0.25,0.5,1.4836387634277344,0.2513163089752197,0.04727836698293686,1.6,0.1,0.5,1.5278198719024658,1.5010722875595093,0.06263065338134766,1.6,1.6,0.5,0.11848796159029007,1.5595539808273315,0.05596879497170448,0.25,1.6,0.5
1.481,TAKEOFF,0.1822539120912552,0.3257281482219696,0.005319567862898111,0.25,0.25,0.5,1.4872978925704956,0.2464231699705124,0.05441991984844208,1.6,0.1,0.5,1.5278198719024658,1.5010722875595093,0.06263065338134766,1.6,1.6,0.5,0.11848796159029007,1.5595539808273315,0.05596879497170448,0.25,1.6,0.5
1.501,TAKEOFF,0.1822539120912552,0.3257281482219696,0.005319567862898111,0.25,0.25,0.5,1.4872978925704956,0.2464231699705124,0.05441991984844208,1.6,0.1,0.5,1.5278198719024658,1.5010722875595093,0.06263065338134766,1.6,1.6,0.5,0.12092612683773041,1.5634632110595703,0.06939736753702164,0.25,1.6,0.5
1.521,TAKEOFF,0.1822539120912552,0.3257281482219696,0.005319567862898111,0.25,0.25,0.5,1.4872978925704956,0.2464231699705124,0.05441991984844208,1.6,0.1,0.5,1.5281109809875488,1.5006409883499146,0.06954933702945709,1.6,1.6,0.5,0.12092612683773041,1.5634632110595703,0.06939736753702164,0.25,1.6,0.5
1.541,TAKEOFF,0.1822539120912552,0.3257281482219696,0.005319567862898111,0.25,0.25,0.5,1.4872978925704956,0.2464231699705124,0.05441991984844208,1.6,0.1,0.5,1.5281109809875488,1.5006409883499146,0.06954933702945709,1.6,1.6,0.5,0.12092612683773041,1.5634632110595703,0.06939736753702164,0.25,1.6,0.5
1.561,TAKEOFF,0.1822539120912552,0.3257281482219696,0.005319567862898111,0.25,0.25,0.5,1.4872978925704956,0.2464231699705124,0.05441991984844208,1.6,0.1,0.5,1.5281109809875488,1.5006409883499146,0.06954933702945709,1.6,1.6,0.5,0.12092612683773041,1.5634632110595703,0.06939736753702164,0.25,1.6,0.5
1.581,TAKEOFF,0.1822168231010437,0.3256224989891052,0.005411757621914148,0.25,0.25,0.5,1.4905352592468262,0.24132463335990906,0.06330342590808868,1.6,0.1,0.5,1.5281109809875488,1.5006409883499146,0.06954933702945709,1.6,1.6,0.5,0.12092612683773041,1.5634632110595703,0.06939736753702164,0.25,1.6,0.5
1.601,TAKEOFF,0.1822168231010437,0.3256224989891052,0.005411757621914148,0.25,0.25,0.5,1.4905352592468262,0.24132463335990906,0.06330342590808868,1.6,0.1,0.5,1.5281109809875488,1.5006409883499146,0.06954933702945709,1.6,1.6,0.5,0.12092612683773041,1.5634632110595703,0.06939736753702164,0.25,1.6,0.5
1.621,TAKEOFF,0.1822168231010437,0.3256224989891052,0.005411757621914148,0.25,0.25,0.5,1.4905352592468262,0.24132463335990906,0.06330342590808868,1.6,0.1,0.5,1.529144287109375,1.5006591081619263,0.07898446172475815,1.6,1.6,0.5,0.12579470872879028,1.5614093542099,0.0791400820016861,0.25,1.6,0.5
1.641,TAKEOFF,0.1822168231010437,0.3256224989891052,0.005411757621914148,0.25,0.25,0.5,1.4905352592468262,0.24132463335990906,0.06330342590808868,1.6,0.1,0.5,1.529144287109375,1.5006591081619263,0.07898446172475815,1.6,1.6,0.5,0.12579470872879028,1.5614093542099,0.0791400820016861,0.25,1.6,0.5
1.661,TAKEOFF,0.1822168231010437,0.3256224989891052,0.005411757621914148,0.25,0.25,0.5,1.4905352592468262,0.24132463335990906,0.06330342590808868,1.6,0.1,0.5,1.529144287109375,1.5006591081619263,0.07898446172475815,1.6,1.6,0.5,0.12579470872879028,1.5614093542099,0.0791400820016861,0.25,1.6,0.5
1.681,TAKEOFF,0.1807197779417038,0.3279535174369812,0.00586720323190093,0.25,0.25,0.5,1.497588872909546,0.23295116424560547,0.07116272300481796,1.6,0.1,0.5,1.529144287109375,1.5006591081619263,0.07898446172475815,1.6,1.6,0.5,0.12579470872879028,1.5614093542099,0.0791400820016861,0.25,1.6,0.5
1.701,TAKEOFF,0.1807197779417038,0.3279535174369812,0.00586720323190093,0.25,0.25,0.5,1.497588872909546,0.23295116424560547,0.07116272300481796,1.6,0.1,0.5,1.529144287109375,1.5006591081619263,0.07898446172475815,1.6,1.6,0.5,0.12579470872879028,1.5614093542099,0.0791400820016861,0.25,1.6,0.5
1.721,TAKEOFF,0.1807197779417038,0.3279535174369812,0.00586720323190093,0.25,0.25,0.5,1.497588872909546,0.23295116424560547,0.07116272300481796,1.6,0.1,0.5,1.5308506488800049,1.4981982707977295,0.09141622483730316,1.6,1.6,0.5,0.13169452548027039,1.568597674369812,0.0860074833035469,0.25,1.6,0.5
1.741,TAKEOFF,0.1807197779417038,0.3279535174369812,0.00586720323190093,0.25,0.25,0.5,1.497588872909546,0.23295116424560547,0.07116272300481796,1.6,0.1,0.5,1.5308506488800049,1.4981982707977295,0.09141622483730316,1.6,1.6,0.5,0.13169452548027039,1.568597674369812,0.0860074833035469,0.25,1.6,0.5
1.761,TAKEOFF,0.1807197779417038,0.3279535174369812,0.00586720323190093,0.25,0.25,0.5,1.497588872909546,0.23295116424560547,0.07116272300481796,1.6,0.1,0.5,1.5308506488800049,1.4981982707977295,0.09141622483730316,1.6,1.6,0.5,0.13169452548027039,1.568597674369812,0.0860074833035469,0.25,1.6,0.5
1.781,TAKEOFF,0.18088611960411072,0.32825905084609985,0.007014453876763582,0.25,0.25,0.5,1.5029001235961914,0.22569341957569122,0.07969340682029724,1.6,0.1,0.5,1.5308506488800049,1.4981982707977295,0.09141622483730316,1.6,1.6,0.5,0.13169452548027039,1.568597674369812,0.0860074833035469,0.25,1.6,0.5
1.801,TAKEOFF,0.18088611960411072,0.32825905084609985,0.007014453876763582,0.25,0.25,0.5,1.5029001235961914,0.22569341957569122,0.07969340682029724,1.6,0.1,0.5,1.5308506488800049,1.4981982707977295,0.09141622483730316,1.6,1.6,0.5,0.13169452548027039,1.568597674369812,0.0860074833035469,0.25,1.6,0.5
1.821,TAKEOFF,0.18088611960411072,0.32825905084609985,0.007014453876763582,0.25,0.25,0.5,1.5029001235961914,0.22569341957569122,0.07969340682029724,1.6,0.1,0.5,1.5326130390167236,1.49681556224823,0.10222431272268295,1.6,1.6,0.5,0.134679913520813,1.565739631652832,0.08276775479316711,0.25,1.6,0.5
1.841,TAKEOFF,0.18088611960411072,0.32825905084609985,0.007014453876763582,0.25,0.25,0.5,1.5029001235961914,0.22569341957569122,0.07969340682029724,1.6,0.1,0.5,1.5326130390167236,1.49681556224823,0.10222431272268295,1.6,1.6,0.5,0.134679913520813,1.565739631652832,0.08276775479316711,0.25,1.6,0.5
1.861,TAKEOFF,0.18088611960411072,0.32825905084609985,0.007014453876763582,0.25,0.25,0.5,1.5029001235961914,0.22569341957569122,0.07969340682029724,1.6,0.1,0.5,1.5326130390167236,1.49681556224823,0.10222431272268295,1.6,1.6,0.5,0.134679913520813,1.565739631652832,0.08276775479316711,0.25,1.6,0.5
1.881,TAKEOFF,0.18207596242427826,0.32559674978256226,0.005314215552061796,0.25,0.25,0.5,1.5052165985107422,0.22044344246387482,0.08645205199718475,1.6,0.1,0.5,1.5326130390167236,1.49681556224823,0.10222431272268295,1.6,1.6,0.5,0.134679913520813,1.565739631652832,0.08276775479316711,0.25,1.6,0.5
1.901,TAKEOFF,0.18207596242427826,0.32559674978256226,0.005314215552061796,0.25,0.25,0.5,1.5052165985107422,0.22044344246387482,0.08645205199718475,1.6,0.1,0.5,1.5326130390167236,1.49681556224823,0.10222431272268295,1.6,1.6,0.5,0.134679913520813,1.565739631652832,0.08276775479316711,0.25,1.6,0.5
1.921,TAKEOFF,0.18207596242427826,0.32559674978256226,0.005314215552061796,0.25,0.25,0.5,1.5052165985107422,0.22044344246387482,0.08645205199718475,1.6,0.1,0.5,1.533841848373413,1.498647689819336,0.10830850899219513,1.6,1.6,0.5,0.13367637991905212,1.574680209159851,0.08266383409500122,0.25,1.6,0.5
1.941,TAKEOFF,0.18207596242427826,0.32559674978256226,0.005314215552061796,0.25,0.25,0.5,1.5052165985107422,0.22044344246387482,0.08645205199718475,1.6,0.1,0.5,1.533841848373413,1.498647689819336,0.10830850899219513,1.6,1.6,0.5,0.13367637991905212,1.574680209159851,0.08266383409500122,0.25,1.6,0.5
1.961,TAKEOFF,0.18207596242427826,0.32559674978256226,0.005314215552061796,0.25,0.25,0.5,1.5052165985107422,0.22044344246387482,0.08645205199718475,1.6,0.1,0.5,1.533841848373413,1.498647689819336,0.10830850899219513,1.6,1.6,0.5,0.13367637991905212,1.574680209159851,0.08266383409500122,0.25,1.6,0.5
1.981,TAKEOFF,0.18220768868923187,0.32496052980422974,0.005005946382880211,0.25,0.25,0.5,1.5091572999954224,0.21350879967212677,0.09978029131889343,1.6,0.1,0.5,1.533841848373413,1.498647689819336,0.10830850899219513,1.6,1.6,0.5,0.13367637991905212,1.574680209159851,0.08266383409500122,0.25,1.6,0.5
2.001,TAKEOFF,0.18220768868923187,0.32496052980422974,0.005005946382880211,0.25,0.25,0.5,1.5091572999954224,0.21350879967212677,0.09978029131889343,1.6,0.1,0.5,1.533841848373413,1.498647689819336,0.10830850899219513,1.6,1.6,0.5,0.13367637991905212,1.574680209159851,0.08266383409500122,0.25,1.6,0.5
2.021,TAKEOFF,0.18220768868923187,0.32496052980422974,0.005005946382880211,0.25,0.25,0.5,1.5091572999954224,0.21350879967212677,0.09978029131889343,1.6,0.1,0.5,1.5386927127838135,1.4975837469100952,0.1110590398311615,1.6,1.6,0.5,0.15057146549224854,1.5807230472564697,0.10755732655525208,0.25,1.6,0.5
2.041,TAKEOFF,0.18220768868923187,0.32496052980422974,0.005005946382880211,0.25,0.25,0.5,1.5091572999954224,0.21350879967212677,0.09978029131889343,1.6,0.1,0.5,1.5386927127838135,1.4975837469100952,0.1110590398311615,1.6,1.6,0.5,0.15057146549224854,1.5807230472564697,0.10755732655525208,0.25,1.6,0.5
2.061,TAKEOFF,0.18220768868923187,0.32496052980422974,0.005005946382880211,0.25,0.25,0.5,1.5091572999954224,0.21350879967212677,0.09978029131889343,1.6,0.1,0.5,1.5386927127838135,1.4975837469100952,0.1110590398311615,1.6,1.6,0.5,0.15057146549224854,1.5807230472564697,0.10755732655525208,0.25,1.6,0.5
2.081,TAKEOFF,0.18232963979244232,0.3253052234649658,0.005136364605277777,0.25,0.25,0.5,1.5141587257385254,0.21018360555171967,0.11018628627061844,1.6,0.1,0.5,1.5386927127838135,1.4975837469100952,0.1110590398311615,1.6,1.6,0.5,0.15057146549224854,1.5807230472564697,0.10755732655525208,0.25,1.6,0.5
2.101,TAKEOFF,0.18232963979244232,0.3253052234649658,0.005136364605277777,0.25,0.25,0.5,1.5141587257385254,0.21018360555171967,0.11018628627061844,1.6,0.1,0.5,1.5386927127838135,1.4975837469100952,0.1110590398311615,1.6,1.6,0.5,0.15057146549224854,1.5807230472564697,0.10755732655525208,0.25,1.6,0.5
2.121,TAKEOFF,0.18232963979244232,0.3253052234649658,0.005136364605277777,0.25,0.25,0.5,1.5141587257385254,0.21018360555171967,0.11018628627061844,1.6,0.1,0.5,1.5360051393508911,1.5048344135284424,0.12086351960897446,1.6,1.6,0.5,0.15772315859794617,1.5835970640182495,0.1237616240978241,0.25,1.6,0.5
2.141,TAKEOFF,0.18232963979244232,0.3253052234649658,0.005136364605277777,0.25,0.25,0.5,1.5141587257385254,0.21018360555171967,0.11018628627061844,1.6,0.1,0.5,1.5360051393508911,1.5048344135284424,0.12086351960897446,1.6,1.6,0.5,0.15772315859794617,1.5835970640182495,0.1237616240978241,0.25,1.6,0.5
2.161,TAKEOFF,0.18232963979244232,0.3253052234649658,0.005136364605277777,0.25,0.25,0.5,1.5141587257385254,0.21018360555171967,0.11018628627061844,1.6,0.1,0.5,1.5360051393508911,1.5048344135284424,0.12086351960897446,1.6,1.6,0.5,0.15772315859794617,1.5835970640182495,0.1237616240978241,0.25,1.6,0.5
2.181,TAKEOFF,0.18209348618984222,0.32514020800590515,0.004922006744891405,0.25,0.25,0.5,1.510790228843689,0.21124279499053955,0.11692560464143753,1.6,0.1,0.5,1.5360051393508911,1.5048344135284424,0.12086351960897446,1.6,1.6,0.5,0.15772315859794617,1.5835970640182495,0.1237616240978241,0.25,1.6,0.5
2.201,TAKEOFF,0.18209348618984222,0.32514020800590515,0.004922006744891405,0.25,0.25,0.5,1.510790228843689,0.21124279499053955,0.11692560464143753,1.6,0.1,0.5,1.5360051393508911,1.5048344135284424,0.12086351960897446,1.6,1.6,0.5,0.15772315859794617,1.5835970640182495,0.1237616240978241,0.25,1.6,0.5
2.221,TAKEOFF,0.18209348618984222,0.32514020800590515,0.004922006744891405,0.25,0.25,0.5,1.510790228843689,0.21124279499053955,0.11692560464143753,1.6,0.1,0.5,1.5371557474136353,1.5070881843566895,0.13338837027549744,1.6,1.6,0.5,0.16061335802078247,1.5852267742156982,0.13085834681987762,0.25,1.6,0.5
2.241,TAKEOFF,0.18209348618984222,0.32514020800590515,0.004922006744891405,0.25,0.25,0.5,1.510790228843689,0.21124279499053955,0.11692560464143753,1.6,0.1,0.5,1.5371557474136353,1.5070881843566895,0.13338837027549744,1.6,1.6,0.5,0.16061335802078247,1.5852267742156982,0.13085834681987762,0.25,1.6,0.5
2.261,TAKEOFF,0.18209348618984222,0.32514020800590515,0.004922006744891405,0.25,0.25,0.5,1.510790228843689,0.21124279499053955,0.11692560464143753,1.6,0.1,0.5,1.5371557474136353,1.5070881843566895,0.13338837027549744,1.6,1.6,0.5,0.16061335802078247,1.5852267742156982,0.13085834681987762,0.25,1.6,0.5
2.281,TAKEOFF,0.18200455605983734,0.3256450593471527,0.005200482904911041,0.25,0.25,0.5,1.5153311491012573,0.20774419605731964,0.12458722293376923,1.6,0.1,0.5,1.5371557474136353,1.5070881843566895,0.13338837027549744,1.6,1.6,0.5,0.16061335802078247,1.5852267742156982,0.13085834681987762,0.25,1.6,0.5
2.301,TAKEOFF,0.18200455605983734,0.3256450593471527,0.005200482904911041,0.25,0.25,0.5,1.5153311491012573,0.20774419605731964,0.12458722293376923,1.6,0.1,0.5,1.5371557474136353,1.5070881843566895,0.13338837027549744,1.6,1.6,0.5,0.16061335802078247,1.5852267742156982,0.13085834681987762,0.25,1.6,0.5
2.321,TAKEOFF,0.18200455605983734,0.3256450593471527,0.005200482904911041,0.25,0.25,0.5,1.5153311491012573,0.20774419605731964,0.12458722293376923,1.6,0.1,0.5,1.5364413261413574,1.5092185735702515,0.14885999262332916,1.6,1.6,0.5,0.1661911904811859,1.5815246105194092,0.13714294135570526,0.25,1.6,0.5
2.341,TAKEOFF,0.18200455605983734,0.3256450593471527,0.005200482904911041,0.25,0.25,0.5,1.5153311491012573,0.20774419605731964,0.12458722293376923,1.6,0.1,0.5,1.5364413261413574,1.5092185735702515,0.14885999262332916,1.6,1.6,0.5,0.1661911904811859,1.5815246105194092,0.13714294135570526,0.25,1.6,0.5
2.361,TAKEOFF,0.18200455605983734,0.3256450593471527,0.005200482904911041,0.25,0.25,0.5,1.5153311491012573,0.20774419605731964,0.12458722293376923,1.6,0.1,0.5,1.5364413261413574,1.5092185735702515,0.14885999262332916,1.6,1.6,0.5,0.1661911904811859,1.5815246105194092,0.13714294135570526,0.25,1.6,0.5
2.381,TAKEOFF,0.18204037845134735,0.3258870244026184,0.005408431403338909,0.25,0.25,0.5,1.5168204307556152,0.2044544368982315,0.13099610805511475,1.6,0.1,0.5,1.5364413261413574,1.5092185735702515,0.14885999262332916,1.6,1.6,0.5,0.1661911904811859,1.5815246105194092,0.13714294135570526,0.25,1.6,0.5
2.401,TAKEOFF,0.18204037845134735,0.3258870244026184,0.005408431403338909,0.25,0.25,0.5,1.5168204307556152,0.2044544368982315,0.13099610805511475,1.6,0.1,0.5,1.5364413261413574,1.5092185735702515,0.14885999262332916,1.6,1.6,0.5,0.1661911904811859,1.5815246105194092,0.13714294135570526,0.25,1.6,0.5
2.421,TAKEOFF,0.18204037845134735,0.3258870244026184,0.005408431403338909,0.25,0.25,0.5,1.5168204307556152,0.2044544368982315,0.13099610805511475,1.6,0.1,0.5,1.5387897491455078,1.5097064971923828,0.15974293649196625,1.6,1.6,0.5,0.16834940016269684,1.5790698528289795,0.14302852749824524,0.25,1.6,0.5
2.441,TAKEOFF,0.18204037845134735,0.3258870244026184,0.005408431403338909,0.25,0.25,0.5,1.5168204307556152,0.2044544368982315,0.13099610805511475,1.6,0.1,0.5,1.5387897491455078,1.5097064971923828,0.15974293649196625,1.6,1.6,0.5,0.16834940016269684,1.5790698528289795,0.14302852749824524,0.25,1.6,0.5
2.461,TAKEOFF,0.18204037845134735,0.3258870244026184,0.005408431403338909,0.25,0.25,0.5,1.5168204307556152,0.2044544368982315,0.13099610805511475,1.6,0.1,0.5,1.5387897491455078,1.5097064971923828,0.15974293649196625,1.6,1.6,0.5,0.16834940016269684,1.5790698528289795,0.14302852749824524,0.25,1.6,0.5
2.481,TAKEOFF,0.18201906979084015,0.3256378471851349,0.005203265231102705,0.25,0.25,0.5,1.5186599493026733,0.20102816820144653,0.1415160894393921,1.6,0.1,0.5,1.5387897491455078,1.5097064971923828,0.15974293649196625,1.6,1.6,0.5,0.16834940016269684,1.5790698528289795,0.14302852749824524,0.25,1.6,0.5
2.501,TAKEOFF,0.18201906979084015,0.3256378471851349,0.005203265231102705,0.25,0.25,0.5,1.5186599493026733,0.20102816820144653,0.1415160894393921,1.6,0.1,0.5,1.5387897491455078,1.5097064971923828,0.15974293649196625,1.6,1.6,0.5,0.16834940016269684,1.5790698528289795,0.14302852749824524,0.25,1.6,0.5
2.521,TAKEOFF,0.18201906979084015,0.3256378471851349,0.005203265231102705,0.25,0.25,0.5,1.5186599493026733,0.20102816820144653,0.1415160894393921,1.6,0.1,0.5,1.5395903587341309,1.5134111642837524,0.1669997125864029,1.6,1.6,0.5,0.1660536378622055,1.59199857711792,0.15364059805870056,0.25,1.6,0.5
2.541,TAKEOFF,0.18201906979084015,0.3256378471851349,0.005203265231102705,0.25,0.25,0.5,1.5186599493026733,0.20102816820144653,0.1415160894393921,1.6,0.1,0.5,1.5395903587341309,1.5134111642837524,0.1669997125864029,1.6,1.6,0.5,0.1660536378622055,1.59199857711792,0.15364059805870056,0.25,1.6,0.5
2.561,TAKEOFF,0.18201906979084015,0.3256378471851349,0.005203265231102705,0.25,0.25,0.5,1.5186599493026733,0.20102816820144653,0.1415160894393921,1.6,0.1,0.5,1.5395903587341309,1.5134111642837524,0.1669997125864029,1.6,1.6,0.5,0.1660536378622055,1.59199857711792,0.15364059805870056,0.25,1.6,0.5
2.581,TAKEOFF,0.18204383552074432,0.3257559835910797,0.005158696323633194,0.25,0.25,0.5,1.5270885229110718,0.19704502820968628,0.15735392272472382,1.6,0.1,0.5,1.5395903587341309,1.5134111642837524,0.1669997125864029,1.6,1.6,0.5,0.1660536378622055,1.59199857711792,0.15364059805870056,0.25,1.6,0.5
2.601,TAKEOFF,0.18204383552074432,0.3257559835910797,0.005158696323633194,0.25,0.25,0.5,1.5270885229110718,0.19704502820968628,0.15735392272472382,1.6,0.1,0.5,1.5395903587341309,1.5134111642837524,0.1669997125864029,1.6,1.6,0.5,0.16702036559581757,1.5953229665756226,0.16592846810817719,0.25,1.6,0.5
2.621,TAKEOFF,0.18204383552074432,0.3257559835910797,0.005158696323633194,0.25,0.25,0.5,1.5270885229110718,0.19704502820968628,0.15735392272472382,1.6,0.1,0.5,1.5430916547775269,1.5147590637207031,0.17061719298362732,1.6,1.6,0.5,0.16702036559581757,1.5953229665756226,0.16592846810817719,0.25,1.6,0.5
2.641,TAKEOFF,0.18204383552074432,0.3257559835910797,0.005158696323633194,0.25,0.25,0.5,1.5270885229110718,0.19704502820968628,0.15735392272472382,1.6,0.1,0.5,1.5430916547775269,1.5147590637207031,0.17061719298362732,1.6,1.6,0.5,0.16702036559581757,1.5953229665756226,0.16592846810817719,0.25,1.6,0.5
2.661,TAKEOFF,0.18204383552074432,0.3257559835910797,0.005158696323633194,0.25,0.25,0.5,1.5270885229110718,0.19704502820968628,0.15735392272472382,1.6,0.1,0.5,1.5430916547775269,1.5147590637207031,0.17061719298362732,1.6,1.6,0.5,0.16702036559581757,1.5953229665756226,0.16592846810817719,0.25,1.6,0.5
2.681,TAKEOFF,0.18212313950061798,0.32574862241744995,0.005141492001712322,0.25,0.25,0.5,1.5337936878204346,0.1925869584083557,0.17603833973407745,1.6,0.1,0.5,1.5430916547775269,1.5147590637207031,0.17061719298362732,1.6,1.6,0.5,0.16702036559581757,1.5953229665756226,0.16592846810817719,0.25,1.6,0.5
2.701,TAKEOFF,0.18212313950061798,0.32574862241744995,0.005141492001712322,0.25,0.25,0.5,1.5337936878204346,0.1925869584083557,0.17603833973407745,1.6,0.1,0.5,1.5430916547775269,1.5147590637207031,0.17061719298362732,1.6,1.6,0.5,0.168687641620636,1.5945088863372803,0.17388816177845,0.25,1.6,0.5
2.721,TAKEOFF,0.18212313950061798,0.32574862241744995,0.005141492001712322,0.25,0.25,0.5,1.5337936878204346,0.1925869584083557,0.17603833973407745,1.6,0.1,0.5,1.5464378595352173,1.5147455930709839,0.18144576251506805,1.6,1.6,0.5,0.168687641620636,1.5945088863372803,0.17388816177845,0.25,1.6,0.5
2.741,TAKEOFF,0.18212313950061798,0.32574862241744995,0.005141492001712322,0.25,0.25,0.5,1.5337936878204346,0.1925869584083557,0.17603833973407745,1.6,0.1,0.5,1.5464378595352173,1.5147455930709839,0.18144576251506805,1.6,1.6,0.5,0.168687641620636,1.5945088863372803,0.17388816177845,0.25,1.6,0.5
2.761,TAKEOFF,0.18212313950061798,0.32574862241744995,0.005141492001712322,0.25,0.25,0.5,1.5337936878204346,0.1925869584083557,0.17603833973407745,1.6,0.1,0.5,1.5464378595352173,1.5147455930709839,0.18144576251506805,1.6,1.6,0.5,0.168687641620636,1.5945088863372803,0.17388816177845,0.25,1.6,0.5
2.781,TAKEOFF,0.1823032647371292,0.325746089220047,0.005064649041742086,0.25,0.25,0.5,1.5358350276947021,0.19101470708847046,0.1908693164587021,1.6,0.1,0.5,1.5464378595352173,1.5147455930709839,0.18144576251506805,1.6,1.6,0.5,0.168687641620636,1.5945088863372803,0.17388816177845,0.25,1.6,0.5
2.801,TAKEOFF,0.1823032647371292,0.325746089220047,0.005064649041742086,0.25,0.25,0.5,1.5358350276947021,0.19101470708847046,0.1908693164587021,1.6,0.1,0.5,1.5464378595352173,1.5147455930709839,0.18144576251506805,1.6,1.6,0.5,0.168687641620636,1.5945088863372803,0.17388816177845,0.25,1.6,0.5
2.821,TAKEOFF,0.1823032647371292,0.325746089220047,0.005064649041742086,0.25,0.25,0.5,1.5358350276947021,0.19101470708847046,0.1908693164587021,1.6,0.1,0.5,1.5482134819030762,1.5176141262054443,0.19360323250293732,1.6,1.6,0.5,0.1722511202096939,1.595567226409912,0.18289007246494293,0.25,1.6,0.5
2.841,TAKEOFF,0.1823032647371292,0.325746089220047,0.005064649041742086,0.25,0.25,0.5,1.5358350276947021,0.19101470708847046,0.1908693164587021,1.6,0.1,0.5,1.5482134819030762,1.5176141262054443,0.19360323250293732,1.6,1.6,0.5,0.1722511202096939,1.595567226409912,0.18289007246494293,0.25,1.6,0.5
2.861,TAKEOFF,0.1823032647371292,0.325746089220047,0.005064649041742086,0.25,0.25,0.5,1.5358350276947021,0.19101470708847046,0.1908693164587021,1.6,0.1,0.5,1.5482134819030762,1.5176141262054443,0.19360323250293732,1.6,1.6,0.5,0.1722511202096939,1.595567226409912,0.18289007246494293,0.25,1.6,0.5
2.881,TAKEOFF,0.18129464983940125,0.3269815146923065,0.005181784275919199,0.25,0.25,0.5,1.5394790172576904,0.18787269294261932,0.19519373774528503,1.6,0.1,0.5,1.5482134819030762,1.5176141262054443,0.19360323250293732,1.6,1.6,0.5,0.1722511202096939,1.595567226409912,0.18289007246494293,0.25,1.6,0.5
2.901,TAKEOFF,0.18129464983940125,0.3269815146923065,0.005181784275919199,0.25,0.25,0.5,1.5394790172576904,0.18787269294261932,0.19519373774528503,1.6,0.1,0.5,1.5482134819030762,1.5176141262054443,0.19360323250293732,1.6,1.6,0.5,0.1722511202096939,1.595567226409912,0.18289007246494293,0.25,1.6,0.5
2.921,TAKEOFF,0.18129464983940125,0.3269815146923065,0.005181784275919199,0.25,0.25,0.5,1.5394790172576904,0.18787269294261932,0.19519373774528503,1.6,0.1,0.5,1.5507091283798218,1.517836093902588,0.2093043029308319,1.6,1.6,0.5,0.17676231265068054,1.5956358909606934,0.19203637540340424,0.25,1.6,0.5
2.941,TAKEOFF,0.18129464983940125,0.3269815146923065,0.005181784275919199,0.25,0.25,0.5,1.5394790172576904,0.18787269294261932,0.19519373774528503,1.6,0.1,0.5,1.5507091283798218,1.517836093902588,0.2093043029308319,1.6,1.6,0.5,0.17676231265068054,1.5956358909606934,0.19203637540340424,0.25,1.6,0.5
2.961,TAKEOFF,0.18129464983940125,0.3269815146923065,0.005181784275919199,0.25,0.25,0.5,1.5394790172576904,0.18787269294261932,0.19519373774528503,1.6,0.1,0.5,1.5507091283798218,1.517836093902588,0.2093043029308319,1.6,1.6,0.5,0.17676231265068054,1.5956358909606934,0.19203637540340424,0.25,1.6,0.5
2.981,TAKEOFF,0.18169032037258148,0.326071560382843,0.005449713207781315,0.25,0.25,0.5,1.545108675956726,0.18255913257598877,0.19468237459659576,1.6,0.1,0.5,1.5507091283798218,1.517836093902588,0.2093043029308319,1.6,1.6,0.5,0.17676231265068054,1.5956358909606934,0.19203637540340424,0.25,1.6,0.5
3.001,TAKEOFF,0.18169032037258148,0.326071560382843,0.005449713207781315,0.25,0.25,0.5,1.545108675956726,0.18255913257598877,0.19468237459659576,1.6,0.1,0.5,1.5507091283798218,1.517836093902588,0.2093043029308319,1.6,1.6,0.5,0.17323856055736542,1.5897401571273804,0.19477121531963348,0.25,1.6,0.5
3.021,TAKEOFF,0.18169032037258148,0.326071560382843,0.005449713207781315,0.25,0.25,0.5,1.545108675956726,0.18255913257598877,0.19468237459659576,1.6,0.1,0.5,1.552619218826294,1.5225948095321655,0.21751296520233154,1.6,1.6,0.5,0.17323856055736542,1.5897401571273804,0.19477121531963348,0.25,1.6,0.5
3.041,TAKEOFF,0.18169032037258148,0.326071560382843,0.005449713207781315,0.25,0.25,0.5,1.545108675956726,0.18255913257598877,0.19468237459659576,1.6,0.1,0.5,1.552619218826294,1.5225948095321655,0.21751296520233154,1.6,1.6,0.5,0.17323856055736542,1.5897401571273804,0.19477121531963348,0.25,1.6,0.5
3.061,TAKEOFF,0.18169032037258148,0.326071560382843,0.005449713207781315,0.25,0.25,0.5,1.545108675956726,0.18255913257598877,0.19468237459659576,1.6,0.1,0.5,1.552619218826294,1.5225948095321655,0.21751296520233154,1.6,1.6,0.5,0.17323856055736542,1.5897401571273804,0.19477121531963348,0.25,1.6,0.5
3.081,TAKEOFF,0.1820523738861084,0.32567378878593445,0.005428217351436615,0.25,0.25,0.5,1.5495407581329346,0.17729586362838745,0.20082250237464905,1.6,0.1,0.5,1.552619218826294,1.5225948095321655,0.21751296520233154,1.6,1.6,0.5,0.17323856055736542,1.5897401571273804,0.19477121531963348,0.25,1.6,0.5
3.101,TAKEOFF,0.1820523738861084,0.32567378878593445,0.005428217351436615,0.25,0.25,0.5,1.5495407581329346,0.17729586362838745,0.20082250237464905,1.6,0.1,0.5,1.552619218826294,1.5225948095321655,0.21751296520233154,1.6,1.6,0.5,0.17323856055736542,1.5897401571273804,0.19477121531963348,0.25,1.6,0.5
3.121,TAKEOFF,0.1820523738861084,0.32567378878593445,0.005428217351436615,0.25,0.25,0.5,1.5495407581329346,0.17729586362838745,0.20082250237464905,1.6,0.1,0.5,1.556152105331421,1.5234663486480713,0.22811231017112732,1.6,1.6,0.5,0.17492251098155975,1.585904598236084,0.204512819647789,0.25,1.6,0.5
3.141,TAKEOFF,0.1820523738861084,0.32567378878593445,0.005428217351436615,0.25,0.25,0.5,1.5495407581329346,0.17729586362838745,0.20082250237464905,1.6,0.1,0.5,1.556152105331421,1.5234663486480713,0.22811231017112732,1.6,1.6,0.5,0.17492251098155975,1.585904598236084,0.204512819647789,0.25,1.6,0.5
3.161,TAKEOFF,0.1820523738861084,0.32567378878593445,0.005428217351436615,0.25,0.25,0.5,1.5495407581329346,0.17729586362838745,0.20082250237464905,1.6,0.1,0.5,1.556152105331421,1.5234663486480713,0.22811231017112732,1.6,1.6,0.5,0.17492251098155975,1.585904598236084,0.204512819647789,0.25,1.6,0.5
3.181,TAKEOFF,0.18209946155548096,0.32568761706352234,0.005292607471346855,0.25,0.25,0.5,1.5570518970489502,0.17204603552818298,0.21655835211277008,1.6,0.1,0.5,1.556152105331421,1.5234663486480713,0.22811231017112732,1.6,1.6,0.5,0.17492251098155975,1.585904598236084,0.204512819647789,0.25,1.6,0.5
3.201,TAKEOFF,0.18209946155548096,0.32568761706352234,0.005292607471346855,0.25,0.25,0.5,1.5570518970489502,0.17204603552818298,0.21655835211277008,1.6,0.1,0.5,1.556152105331421,1.5234663486480713,0.22811231017112732,1.6,1.6,0.5,0.17492251098155975,1.585904598236084,0.204512819647789,0.25,1.6,0.5
3.221,TAKEOFF,0.18209946155548096,0.32568761706352234,0.005292607471346855,0.25,0.25,0.5,1.5570518970489502,0.17204603552818298,0.21655835211277008,1.6,0.1,0.5,1.555916666984558,1.5295066833496094,0.23740935325622559,1.6,1.6,0.5,0.18995226919651031,1.5812499523162842,0.22982002794742584,0.25,1.6,0.5
3.241,TAKEOFF,0.18209946155548096,0.32568761706352234,0.005292607471346855,0.25,0.25,0.5,1.5570518970489502,0.17204603552818298,0.21655835211277008,1.6,0.1,0.5,1.555916666984558,1.5295066833496094,0.23740935325622559,1.6,1.6,0.5,0.18995226919651031,1.5812499523162842,0.22982002794742584,0.25,1.6,0.5
3.261,TAKEOFF,0.18209946155548096,0.32568761706352234,0.005292607471346855,0.25,0.25,0.5,1.5570518970489502,0.17204603552818298,0.21655835211277008,1.6,0.1,0.5,1.555916666984558,1.5295066833496094,0.23740935325622559,1.6,1.6,0.5,0.18995226919651031,1.5812499523162842,0.22982002794742584,0.25,1.6,0.5
3.281,TAKEOFF,0.18209320306777954,0.32571959495544434,0.005254250019788742,0.25,0.25,0.5,1.5586553812026978,0.16928115487098694,0.2348148673772812,1.6,0.1,0.5,1.555916666984558,1.5295066833496094,0.23740935325622559,1.6,1.6,0.5,0.18995226919651031,1.5812499523162842,0.22982002794742584,0.25,1.6,0.5
3.301,TAKEOFF,0.18209320306777954,0.32571959495544434,0.005254250019788742,0.25,0.25,0.5,1.5586553812026978,0.16928115487098694,0.2348148673772812,1.6,0.1,0.5,1.555916666984558,1.5295066833496094,0.23740935325622559,1.6,1.6,0.5,0.18995226919651031,1.5812499523162842,0.22982002794742584,0.25,1.6,0.5
3.321,TAKEOFF,0.18209320306777954,0.32571959495544434,0.005254250019788742,0.25,0.25,0.5,1.5586553812026978,0.16928115487098694,0.2348148673772812,1.6,0.1,0.5,1.5562586784362793,1.5335350036621094,0.24880695343017578,1.6,1.6,0.5,0.19540010392665863,1.5807183980941772,0.24709723889827728,0.25,1.6,0.5
3.341,TAKEOFF,0.18209320306777954,0.32571959495544434,0.005254250019788742,0.25,0.25,0.5,1.5586553812026978,0.16928115487098694,0.2348148673772812,1.6,0.1,0.5,1.5562586784362793,1.5335350036621094,0.24880695343017578,1.6,1.6,0.5,0.19540010392665863,1.5807183980941772,0.24709723889827728,0.25,1.6,0.5
3.361,TAKEOFF,0.18209320306777954,0.32571959495544434,0.005254250019788742,0.25,0.25,0.5,1.5586553812026978,0.16928115487098694,0.2348148673772812,1.6,0.1,0.5,1.5562586784362793,1.5335350036621094,0.24880695343017578,1.6,1.6,0.5,0.19540010392665863,1.5807183980941772,0.24709723889827728,0.25,1.6,0.5
3.381,TAKEOFF,0.18120938539505005,0.32697224617004395,0.005408518481999636,0.25,0.25,0.5,1.5558339357376099,0.16778545081615448,0.24246712028980255,1.6,0.1,0.5,1.5562586784362793,1.5335350036621094,0.24880695343017578,1.6,1.6,0.5,0.19540010392665863,1.5807183980941772,0.24709723889827728,0.25,1.6,0.5
3.401,TAKEOFF,0.18120938539505005,0.32697224617004395,0.005408518481999636,0.25,0.25,0.5,1.5558339357376099,0.16778545081615448,0.24246712028980255,1.6,0.1,0.5,1.5562586784362793,1.5335350036621094,0.24880695343017578,1.6,1.6,0.5,0.19540010392665863,1.5807183980941772,0.24709723889827728,0.25,1.6,0.5
3.421,TAKEOFF,0.18120938539505005,0.32697224617004395,0.005408518481999636,0.25,0.25,0.5,1.5558339357376099,0.16778545081615448,0.24246712028980255,1.6,0.1,0.5,1.5585459470748901,1.5354750156402588,0.2581506073474884,1.6,1.6,0.5,0.20075620710849762,1.5865787267684937,0.25278738141059875,0.25,1.6,0.5
3.441,TAKEOFF,0.18120938539505005,0.32697224617004395,0.005408518481999636,0.25,0.25,0.5,1.5558339357376099,0.16778545081615448,0.24246712028980255,1.6,0.1,0.5,1.5585459470748901,1.5354750156402588,0.2581506073474884,1.6,1.6,0.5,0.20075620710849762,1.5865787267684937,0.25278738141059875,0.25,1.6,0.5
3.461,TAKEOFF,0.18120938539505005,0.32697224617004395,0.005408518481999636,0.25,0.25,0.5,1.5558339357376099,0.16778545081615448,0.24246712028980255,1.6,0.1,0.5,1.5585459470748901,1.5354750156402588,0.2581506073474884,1.6,1.6,0.5,0.20075620710849762,1.5865787267684937,0.25278738141059875,0.25,1.6,0.5
3.481,TAKEOFF,0.18162518739700317,0.3262043297290802,0.005239811260253191,0.25,0.25,0.5,1.5576846599578857,0.16396886110305786,0.25019127130508423,1.6,0.1,0.5,1.5585459470748901,1.5354750156402588,0.2581506073474884,1.6,1.6,0.5,0.20075620710849762,1.5865787267684937,0.25278738141059875,0.25,1.6,0.5
3.501,TAKEOFF,0.18162518739700317,0.3262043297290802,0.005239811260253191,0.25,0.25,0.5,1.5576846599578857,0.16396886110305786,0.25019127130508423,1.6,0.1,0.5,1.5585459470748901,1.5354750156402588,0.2581506073474884,1.6,1.6,0.5,0.20075620710849762,1.5865787267684937,0.25278738141059875,0.25,1.6,0.5
3.521,TAKEOFF,0.18162518739700317,0.3262043297290802,0.005239811260253191,0.25,0.25,0.5,1.5576846599578857,0.16396886110305786,0.25019127130508423,1.6,0.1,0.5,1.5611530542373657,1.538610816001892,0.26832735538482666,1.6,1.6,0.5,0.19971390068531036,1.5831435918807983,0.25874122977256775,0.25,1.6,0.5
3.541,TAKEOFF,0.18162518739700317,0.3262043297290802,0.005239811260253191,0.25,0.25,0.5,1.5576846599578857,0.16396886110305786,0.25019127130508423,1.6,0.1,0.5,1.5611530542373657,1.538610816001892,0.26832735538482666,1.6,1.6,0.5,0.19971390068531036,1.5831435918807983,0.25874122977256775,0.25,1.6,0.5
3.561,TAKEOFF,0.18162518739700317,0.3262043297290802,0.005239811260253191,0.25,0.25,0.5,1.5576846599578857,0.16396886110305786,0.25019127130508423,1.6,0.1,0.5,1.5611530542373657,1.538610816001892,0.26832735538482666,1.6,1.6,0.5,0.19971390068531036,1.5831435918807983,0.25874122977256775,0.25,1.6,0.5
3.581,TAKEOFF,0.18192900717258453,0.3260190784931183,0.005530013237148523,0.25,0.25,0.5,1.5533066987991333,0.16089923679828644,0.2597702145576477,1.6,0.1,0.5,1.5611530542373657,1.538610816001892,0.26832735538482666,1.6,1.6,0.5,0.19971390068531036,1.5831435918807983,0.25874122977256775,0.25,1.6,0.5
3.601,TAKEOFF,0.18192900717258453,0.3260190784931183,0.005530013237148523,0.25,0.25,0.5,1.5533066987991333,0.16089923679828644,0.2597702145576477,1.6,0.1,0.5,1.5611530542373657,1.538610816001892,0.26832735538482666,1.6,1.6,0.5,0.19913719594478607,1.582708477973938,0.2650538384914398,0.25,1.6,0.5
3.621,TAKEOFF,0.18192900717258453,0.3260190784931183,0.005530013237148523,0.25,0.25,0.5,1.5533066987991333,0.16089923679828644,0.2597702145576477,1.6,0.1,0.5,1.5609562397003174,1.5456793308258057,0.2777842581272125,1.6,1.6,0.5,0.19913719594478607,1.582708477973938,0.2650538384914398,0.25,1.6,0.5
3.641,TAKEOFF,0.18192900717258453,0.3260190784931183,0.005530013237148523,0.25,0.25,0.5,1.5533066987991333,0.16089923679828644,0.2597702145576477,1.6,0.1,0.5,1.5609562397003174,1.5456793308258057,0.2777842581272125,1.6,1.6,0.5,0.19913719594478607,1.582708477973938,0.2650538384914398,0.25,1.6,0.5
3.661,TAKEOFF,0.18192900717258453,0.3260190784931183,0.005530013237148523,0.25,0.25,0.5,1.5533066987991333,0.16089923679828644,0.2597702145576477,1.6,0.1,0.5,1.5609562397003174,1.5456793308258057,0.2777842581272125,1.6,1.6,0.5,0.19913719594478607,1.582708477973938,0.2650538384914398,0.25,1.6,0.5
3.681,TAKEOFF,0.18194665014743805,0.32634827494621277,0.00604282645508647,0.25,0.25,0.5,1.5581790208816528,0.15718823671340942,0.27167558670043945,1.6,0.1,0.5,1.5609562397003174,1.5456793308258057,0.2777842581272125,1.6,1.6,0.5,0.19913719594478607,1.582708477973938,0.2650538384914398,0.25,1.6,0.5
3.701,TAKEOFF,0.18194665014743805,0.32634827494621277,0.00604282645508647,0.25,0.25,0.5,1.5581790208816528,0.15718823671340942,0.27167558670043945,1.6,0.1,0.5,1.5609562397003174,1.5456793308258057,0.2777842581272125,1.6,1.6,0.5,0.1973615139722824,1.5928375720977783,0.2667696177959442,0.25,1.6,0.5
3.721,TAKEOFF,0.18194665014743805,0.32634827494621277,0.00604282645508647,0.25,0.25,0.5,1.5581790208816528,0.15718823671340942,0.27167558670043945,1.6,0.1,0.5,1.5629507303237915,1.5470221042633057,0.29131391644477844,1.6,1.6,0.5,0.1973615139722824,1.5928375720977783,0.2667696177959442,0.25,1.6,0.5
3.741,TAKEOFF,0.18194665014743805,0.32634827494621277,0.00604282645508647,0.25,0.25,0.5,1.5581790208816528,0.15718823671340942,0.27167558670043945,1.6,0.1,0.5,1.5629507303237915,1.5470221042633057,0.29131391644477844,1.6,1.6,0.5,0.1973615139722824,1.5928375720977783,0.2667696177959442,0.25,1.6,0.5
3.761,TAKEOFF,0.18194665014743805,0.32634827494621277,0.00604282645508647,0.25,0.25,0.5,1.5581790208816528,0.15718823671340942,0.27167558670043945,1.6,0.1,0.5,1.5629507303237915,1.5470221042633057,0.29131391644477844,1.6,1.6,0.5,0.1973615139722824,1.5928375720977783,0.2667696177959442,0.25,1.6,0.5
3.781,TAKEOFF,0.18225088715553284,0.32557013630867004,0.00545803876593709,0.25,0.25,0.5,1.5621076822280884,0.15147437155246735,0.2808414697647095,1.6,0.1,0.5,1.5629507303237915,1.5470221042633057,0.29131391644477844,1.6,1.6,0.5,0.1973615139722824,1.5928375720977783,0.2667696177959442,0.25,1.6,0.5
3.801,TAKEOFF,0.18225088715553284,0.32557013630867004,0.00545803876593709,0.25,0.25,0.5,1.5621076822280884,0.15147437155246735,0.2808414697647095,1.6,0.1,0.5,1.5629507303237915,1.5470221042633057,0.29131391644477844,1.6,1.6,0.5,0.1991850882768631,1.5924525260925293,0.281587153673172,0.25,1.6,0.5
3.821,TAKEOFF,0.18225088715553284,0.32557013630867004,0.00545803876593709,0.25,0.25,0.5,1.5621076822280884,0.15147437155246735,0.2808414697647095,1.6,0.1,0.5,1.5620228052139282,1.5515998601913452,0.3045130968093872,1.6,1.6,0.5,0.1991850882768631,1.5924525260925293,0.281587153673172,0.25,1.6,0.5
3.841,TAKEOFF,0.18225088715553284,0.32557013630867004,0.00545803876593709,0.25,0.25,0.5,1.5621076822280884,0.15147437155246735,0.2808414697647095,1.6,0.1,0.5,1.5620228052139282,1.5515998601913452,0.3045130968093872,1.6,1.6,0.5,0.1991850882768631,1.5924525260925293,0.281587153673172,0.25,1.6,0.5
3.861,TAKEOFF,0.18225088715553284,0.32557013630867004,0.00545803876593709,0.25,0.25,0.5,1.5621076822280884,0.15147437155246735,0.2808414697647095,1.6,0.1,0.5,1.5620228052139282,1.5515998601913452,0.3045130968093872,1.6,1.6,0.5,0.1991850882768631,1.5924525260925293,0.281587153673172,0.25,1.6,0.5
3.881,TAKEOFF,0.18208815157413483,0.3255726993083954,0.005283211823552847,0.25,0.25,0.5,1.5673668384552002,0.14371658861637115,0.2934538722038269,1.6,0.1,0.5,1.5620228052139282,1.5515998601913452,0.3045130968093872,1.6,1.6,0.5,0.1991850882768631,1.5924525260925293,0.281587153673172,0.25,1.6,0.5
3.901,TAKEOFF,0.18208815157413483,0.3255726993083954,0.005283211823552847,0.25,0.25,0.5,1.5673668384552002,0.14371658861637115,0.2934538722038269,1.6,0.1,0.5,1.5620228052139282,1.5515998601913452,0.3045130968093872,1.6,1.6,0.5,0.20075486600399017,1.595297932624817,0.2917536497116089,0.25,1.6,0.5
3.921,TAKEOFF,0.18208815157413483,0.3255726993083954,0.005283211823552847,0.25,0.25,0.5,1.5673668384552002,0.14371658861637115,0.2934538722038269,1.6,0.1,0.5,1.564052700996399,1.5564217567443848,0.3118669390678406,1.6,1.6,0.5,0.20075486600399017,1.595297932624817,0.2917536497116089,0.25,1.6,0.5
3.941,TAKEOFF,0.18208815157413483,0.3255726993083954,0.005283211823552847,0.25,0.25,0.5,1.5673668384552002,0.14371658861637115,0.2934538722038269,1.6,0.1,0.5,1.564052700996399,1.5564217567443848,0.3118669390678406,1.6,1.6,0.5,0.20075486600399017,1.595297932624817,0.2917536497116089,0.25,1.6,0.5
3.961,TAKEOFF,0.18208815157413483,0.3255726993083954,0.005283211823552847,0.25,0.25,0.5,1.5673668384552002,0.14371658861637115,0.2934538722038269,1.6,0.1,0.5,1.564052700996399,1.5564217567443848,0.3118669390678406,1.6,1.6,0.5,0.20075486600399017,1.595297932624817,0.2917536497116089,0.25,1.6,0.5
3.981,TAKEOFF,0.18196921050548553,0.3257356286048889,0.005451692268252373,0.25,0.25,0.5,1.564020037651062,0.14235228300094604,0.30165326595306396,1.6,0.1,0.5,1.564052700996399,1.5564217567443848,0.3118669390678406,1.6,1.6,0.5,0.20075486600399017,1.595297932624817,0.2917536497116089,0.25,1.6,0.5
4.001,TAKEOFF,0.18196921050548553,0.3257356286048889,0.005451692268252373,0.25,0.25,0.5,1.564020037651062,0.14235228300094604,0.30165326595306396,1.6,0.1,0.5,1.564052700996399,1.5564217567443848,0.3118669390678406,1.6,1.6,0.5,0.20592305064201355,1.5969229936599731,0.3029133379459381,0.25,1.6,0.5
4.021,TAKEOFF,0.18196921050548553,0.3257356286048889,0.005451692268252373,0.25,0.25,0.5,1.564020037651062,0.14235228300094604,0.30165326595306396,1.6,0.1,0.5,1.565203070640564,1.5574558973312378,0.3225003480911255,1.6,1.6,0.5,0.20592305064201355,1.5969229936599731,0.3029133379459381,0.25,1.6,0.5
4.041,TAKEOFF,0.18196921050548553,0.3257356286048889,0.005451692268252373,0.25,0.25,0.5,1.564020037651062,0.14235228300094604,0.30165326595306396,1.6,0.1,0.5,1.565203070640564,1.5574558973312378,0.3225003480911255,1.6,1.6,0.5,0.20592305064201355,1.5969229936599731,0.3029133379459381,0.25,1.6,0.5
4.061,TAKEOFF,0.18196921050548553,0.3257356286048889,0.005451692268252373,0.25,0.25,0.5,1.564020037651062,0.14235228300094604,0.30165326595306396,1.6,0.1,0.5,1.565203070640564,1.5574558973312378,0.3225003480911255,1.6,1.6,0.5,0.20592305064201355,1.5969229936599731,0.3029133379459381,0.25,1.6,0.5
4.081,TAKEOFF,0.18203085660934448,0.3256574273109436,0.005338181275874376,0.25,0.25,0.5,1.5705798864364624,0.13619865477085114,0.31166619062423706,1.6,0.1,0.5,1.565203070640564,1.5574558973312378,0.3225003480911255,1.6,1.6,0.5,0.20592305064201355,1.5969229936599731,0.3029133379459381,0.25,1.6,0.5
4.101,TAKEOFF,0.18203085660934448,0.3256574273109436,0.005338181275874376,0.25,0.25,0.5,1.5705798864364624,0.13619865477085114,0.31166619062423706,1.6,0.1,0.5,1.565203070640564,1.5574558973312378,0.3225003480911255,1.6,1.6,0.5,0.20592305064201355,1.5969229936599731,0.3029133379459381,0.25,1.6,0.5
4.121,TAKEOFF,0.18203085660934448,0.3256574273109436,0.005338181275874376,0.25,0.25,0.5,1.5705798864364624,0.13619865477085114,0.31166619062423706,1.6,0.1,0.5,1.5672821998596191,1.561599850654602,0.33066684007644653,1.6,1.6,0.5,0.2089483141899109,1.5979424715042114,0.3129890263080597,0.25,1.6,0.5
4.141,TAKEOFF,0.18203085660934448,0.3256574273109436,0.005338181275874376,0.25,0.25,0.5,1.5705798864364624,0.13619865477085114,0.31166619062423706,1.6,0.1,0.5,1.5672821998596191,1.561599850654602,0.33066684007644653,1.6,1.6,0.5,0.2089483141899109,1.5979424715042114,0.3129890263080597,0.25,1.6,0.5
4.161,TAKEOFF,0.18203085660934448,0.3256574273109436,0.005338181275874376,0.25,0.25,0.5,1.5705798864364624,0.13619865477085114,0.31166619062423706,1.6,0.1,0.5,1.5672821998596191,1.561599850654602,0.33066684007644653,1.6,1.6,0.5,0.2089483141899109,1.5979424715042114,0.3129890263080597,0.25,1.6,0.5
4.181,TAKEOFF,0.18223124742507935,0.32560792565345764,0.005297922529280186,0.25,0.25,0.5,1.5702625513076782,0.13347038626670837,0.31986695528030396,1.6,0.1,0.5,1.5672821998596191,1.561599850654602,0.33066684007644653,1.6,1.6,0.5,0.2089483141899109,1.5979424715042114,0.3129890263080597,0.25,1.6,0.5
4.201,TAKEOFF,0.18223124742507935,0.32560792565345764,0.005297922529280186,0.25,0.25,0.5,1.5702625513076782,0.13347038626670837,0.31986695528030396,1.6,0.1,0.5,1.5672821998596191,1.561599850654602,0.33066684007644653,1.6,1.6,0.5,0.212151899933815,1.5961869955062866,0.3246329724788666,0.25,1.6,0.5
4.221,TAKEOFF,0.18223124742507935,0.32560792565345764,0.005297922529280186,0.25,0.25,0.5,1.5702625513076782,0.13347038626670837,0.31986695528030396,1.6,0.1,0.5,1.5692650079727173,1.5626205205917358,0.34267929196357727,1.6,1.6,0.5,0.212151899933815,1.5961869955062866,0.3246329724788666,0.25,1.6,0.5
4.241,TAKEOFF,0.18223124742507935,0.32560792565345764,0.005297922529280186,0.25,0.25,0.5,1.5702625513076782,0.13347038626670837,0.31986695528030396,1.6,0.1,0.5,1.5692650079727173,1.5626205205917358,0.34267929196357727,1.6,1.6,0.5,0.212151899933815,1.5961869955062866,0.3246329724788666,0.25,1.6,0.5
4.261,TAKEOFF,0.18223124742507935,0.32560792565345764,0.005297922529280186,0.25,0.25,0.5,1.5702625513076782,0.13347038626670837,0.31986695528030396,1.6,0.1,0.5,1.5692650079727173,1.5626205205917358,0.34267929196357727,1.6,1.6,0.5,0.212151899933815,1.5961869955062866,0.3246329724788666,0.25,1.6,0.5
4.281,TAKEOFF,0.18250271677970886,0.3258752226829529,0.005460464861243963,0.25,0.25,0.5,1.5724172592163086,0.1293010264635086,0.3320769965648651,1.6,0.1,0.5,1.5692650079727173,1.5626205205917358,0.34267929196357727,1.6,1.6,0.5,0.212151899933815,1.5961869955062866,0.3246329724788666,0.25,1.6,0.5
4.301,TAKEOFF,0.18250271677970886,0.3258752226829529,0.005460464861243963,0.25,0.25,0.5,1.5724172592163086,0.1293010264635086,0.3320769965648651,1.6,0.1,0.5,1.5692650079727173,1.5626205205917358,0.34267929196357727,1.6,1.6,0.5,0.2148320972919464,1.5900934934616089,0.3336097300052643,0.25,1.6,0.5
4.321,TAKEOFF,0.18250271677970886,0.3258752226829529,0.005460464861243963,0.25,0.25,0.5,1.5724172592163086,0.1293010264635086,0.3320769965648651,1.6,0.1,0.5,1.574180245399475,1.562381386756897,0.35444605350494385,1.6,1.6,0.5,0.2148320972919464,1.5900934934616089,0.3336097300052643,0.25,1.6,0.5
4.341,TAKEOFF,0.18250271677970886,0.3258752226829529,0.005460464861243963,0.25,0.25,0.5,1.5724172592163086,0.1293010264635086,0.3320769965648651,1.6,0.1,0.5,1.574180245399475,1.562381386756897,0.35444605350494385,1.6,1.6,0.5,0.2148320972919464,1.5900934934616089,0.3336097300052643,0.25,1.6,0.5
4.361,TAKEOFF,0.18250271677970886,0.3258752226829529,0.005460464861243963,0.25,0.25,0.5,1.5724172592163086,0.1293010264635086,0.3320769965648651,1.6,0.1,0.5,1.574180245399475,1.562381386756897,0.35444605350494385,1.6,1.6,0.5,0.2148320972919464,1.5900934934616089,0.3336097300052643,0.25,1.6,0.5
4.381,TAKEOFF,0.18206827342510223,0.32562771439552307,0.00528383906930685,0.25,0.25,0.5,1.5747305154800415,0.12550516426563263,0.34217891097068787,1.6,0.1,0.5,1.574180245399475,1.562381386756897,0.35444605350494385,1.6,1.6,0.5,0.2148320972919464,1.5900934934616089,0.3336097300052643,0.25,1.6,0.5
4.401,TAKEOFF,0.18206827342510223,0.32562771439552307,0.00528383906930685,0.25,0.25,0.5,1.5747305154800415,0.12550516426563263,0.34217891097068787,1.6,0.1,0.5,1.574180245399475,1.562381386756897,0.35444605350494385,1.6,1.6,0.5,0.21647900342941284,1.5915454626083374,0.3451484739780426,0.25,1.6,0.5
4.421,TAKEOFF,0.18206827342510223,0.32562771439552307,0.00528383906930685,0.25,0.25,0.5,1.5747305154800415,0.12550516426563263,0.34217891097068787,1.6,0.1,0.5,1.5772101879119873,1.564629077911377,0.36381539702415466,1.6,1.6,0.5,0.21647900342941284,1.5915454626083374,0.3451484739780426,0.25,1.6,0.5
4.441,TAKEOFF,0.18206827342510223,0.32562771439552307,0.00528383906930685,0.25,0.25,0.5,1.5747305154800415,0.12550516426563263,0.34217891097068787,1.6,0.1,0.5,1.5772101879119873,1.564629077911377,0.36381539702415466,1.6,1.6,0.5,0.21647900342941284,1.5915454626083374,0.3451484739780426,0.25,1.6,0.5
4.461,TAKEOFF,0.18206827342510223,0.32562771439552307,0.00528383906930685,0.25,0.25,0.5,1.5747305154800415,0.12550516426563263,0.34217891097068787,1.6,0.1,0.5,1.5772101879119873,1.564629077911377,0.36381539702415466,1.6,1.6,0.5,0.21647900342941284,1.5915454626083374,0.3451484739780426,0.25,1.6,0.5
4.481,TAKEOFF,0.18226853013038635,0.32569366693496704,0.005119670648127794,0.25,0.25,0.5,1.580757975578308,0.12028562277555466,0.3542948067188263,1.6,0.1,0.5,1.5772101879119873,1.564629077911377,0.36381539702415466,1.6,1.6,0.5,0.21647900342941284,1.5915454626083374,0.3451484739780426,0.25,1.6,0.5
4.501,TAKEOFF,0.18226853013038635,0.32569366693496704,0.005119670648127794,0.25,0.25,0.5,1.580757975578308,0.12028562277555466,0.3542948067188263,1.6,0.1,0.5,1.5772101879119873,1.564629077911377,0.36381539702415466,1.6,1.6,0.5,0.21882633864879608,1.5897341966629028,0.3549500107765198,0.25,1.6,0.5
4.521,TAKEOFF,0.18226853013038635,0.32569366693496704,0.005119670648127794,0.25,0.25,0.5,1.580757975578308,0.12028562277555466,0.3542948067188263,1.6,0.1,0.5,1.575543761253357,1.5733747482299805,0.37321287393569946,1.6,1.6,0.5,0.21882633864879608,1.5897341966629028,0.3549500107765198,0.25,1.6,0.5
4.541,TAKEOFF,0.18226853013038635,0.32569366693496704,0.005119670648127794,0.25,0.25,0.5,1.580757975578308,0.12028562277555466,0.3542948067188263,1.6,0.1,0.5,1.575543761253357,1.5733747482299805,0.37321287393569946,1.6,1.6,0.5,0.21882633864879608,1.5897341966629028,0.3549500107765198,0.25,1.6,0.5
4.561,TAKEOFF,0.18226853013038635,0.32569366693496704,0.005119670648127794,0.25,0.25,0.5,1.580757975578308,0.12028562277555466,0.3542948067188263,1.6,0.1,0.5,1.575543761253357,1.5733747482299805,0.37321287393569946,1.6,1.6,0.5,0.21882633864879608,1.5897341966629028,0.3549500107765198,0.25,1.6,0.5
4.581,TAKEOFF,0.18217773735523224,0.3255666196346283,0.005241452716290951,0.25,0.25,0.5,1.5820162296295166,0.11746170371770859,0.3665381669998169,1.6,0.1,0.5,1.575543761253357,1.5733747482299805,0.37321287393569946,1.6,1.6,0.5,0.21882633864879608,1.5897341966629028,0.3549500107765198,0.25,1.6,0.5
4.601,TAKEOFF,0.18217773735523224,0.3255666196346283,0.005241452716290951,0.25,0.25,0.5,1.5820162296295166,0.11746170371770859,0.3665381669998169,1.6,0.1,0.5,1.575543761253357,1.5733747482299805,0.37321287393569946,1.6,1.6,0.5,0.21882633864879608,1.5897341966629028,0.3549500107765198,0.25,1.6,0.5
4.621,TAKEOFF,0.18217773735523224,0.3255666196346283,0.005241452716290951,0.25,0.25,0.5,1.5820162296295166,0.11746170371770859,0.3665381669998169,1.6,0.1,0.5,1.576478362083435,1.5784509181976318,0.38385269045829773,1.6,1.6,0.5,0.2213536500930786,1.5899639129638672,0.36423158645629883,0.25,1.6,0.5
4.641,TAKEOFF,0.18217773735523224,0.3255666196346283,0.005241452716290951,0.25,0.25,0.5,1.5820162296295166,0.11746170371770859,0.3665381669998169,1.6,0.1,0.5,1.576478362083435,1.5784509181976318,0.38385269045829773,1.6,1.6,0.5,0.2213536500930786,1.5899639129638672,0.36423158645629883,0.25,1.6,0.5
4.661,TAKEOFF,0.18217773735523224,0.3255666196346283,0.005241452716290951,0.25,0.25,0.5,1.5820162296295166,0.11746170371770859,0.3665381669998169,1.6,0.1,0.5,1.576478362083435,1.5784509181976318,0.38385269045829773,1.6,1.6,0.5,0.2213536500930786,1.5899639129638672,0.36423158645629883,0.25,1.6,0.5
4.681,TAKEOFF,0.17873328924179077,0.3294747769832611,0.004398172255605459,0.25,0.25,0.5,1.5885474681854248,0.11314287781715393,0.37809035181999207,1.6,0.1,0.5,1.576478362083435,1.5784509181976318,0.38385269045829773,1.6,1.6,0.5,0.2213536500930786,1.5899639129638672,0.36423158645629883,0.25,1.6,0.5
4.701,TAKEOFF,0.17873328924179077,0.3294747769832611,0.004398172255605459,0.25,0.25,0.5,1.5885474681854248,0.11314287781715393,0.37809035181999207,1.6,0.1,0.5,1.576478362083435,1.5784509181976318,0.38385269045829773,1.6,1.6,0.5,0.2213536500930786,1.5899639129638672,0.36423158645629883,0.25,1.6,0.5
4.721,TAKEOFF,0.17873328924179077,0.3294747769832611,0.004398172255605459,0.25,0.25,0.5,1.5885474681854248,0.11314287781715393,0.37809035181999207,1.6,0.1,0.5,1.5778162479400635,1.5830711126327515,0.3940454125404358,1.6,1.6,0.5,0.22375550866127014,1.5961247682571411,0.3715856671333313,0.25,1.6,0.5
4.741,TAKEOFF,0.17873328924179077,0.3294747769832611,0.004398172255605459,0.25,0.25,0.5,1.5885474681854248,0.11314287781715393,0.37809035181999207,1.6,0.1,0.5,1.5778162479400635,1.5830711126327515,0.3940454125404358,1.6,1.6,0.5,0.22375550866127014,1.5961247682571411,0.3715856671333313,0.25,1.6,0.5
4.761,TAKEOFF,0.17873328924179077,0.3294747769832611,0.004398172255605459,0.25,0.25,0.5,1.5885474681854248,0.11314287781715393,0.37809035181999207,1.6,0.1,0.5,1.5778162479400635,1.5830711126327515,0.3940454125404358,1.6,1.6,0.5,0.22375550866127014,1.5961247682571411,0.3715856671333313,0.25,1.6,0.5
4.781,TAKEOFF,0.17960338294506073,0.32937192916870117,0.005302811041474342,0.25,0.25,0.5,1.5876837968826294,0.11140710860490799,0.3867220878601074,1.6,0.1,0.5,1.5778162479400635,1.5830711126327515,0.3940454125404358,1.6,1.6,0.5,0.22375550866127014,1.5961247682571411,0.3715856671333313,0.25,1.6,0.5
4.801,TAKEOFF,0.17960338294506073,0.32937192916870117,0.005302811041474342,0.25,0.25,0.5,1.5876837968826294,0.11140710860490799,0.3867220878601074,1.6,0.1,0.5,1.5778162479400635,1.5830711126327515,0.3940454125404358,1.6,1.6,0.5,0.22580282390117645,1.5950868129730225,0.38292089104652405,0.25,1.6,0.5
4.821,TAKEOFF,0.17960338294506073,0.32937192916870117,0.005302811041474342,0.25,0.25,0.5,1.5876837968826294,0.11140710860490799,0.3867220878601074,1.6,0.1,0.5,1.5820729732513428,1.588045597076416,0.40385693311691284,1.6,1.6,0.5,0.22580282390117645,1.5950868129730225,0.38292089104652405,0.25,1.6,0.5
4.841,TAKEOFF,0.17960338294506073,0.32937192916870117,0.005302811041474342,0.25,0.25,0.5,1.5876837968826294,0.11140710860490799,0.3867220878601074,1.6,0.1,0.5,1.5820729732513428,1.588045597076416,0.40385693311691284,1.6,1.6,0.5,0.22580282390117645,1.5950868129730225,0.38292089104652405,0.25,1.6,0.5
4.861,TAKEOFF,0.17960338294506073,0.32937192916870117,0.005302811041474342,0.25,0.25,0.5,1.5876837968826294,0.11140710860490799,0.3867220878601074,1.6,0.1,0.5,1.5820729732513428,1.588045597076416,0.40385693311691284,1.6,1.6,0.5,0.22580282390117645,1.5950868129730225,0.38292089104652405,0.25,1.6,0.5
4.881,TAKEOFF,0.18202820420265198,0.3259088397026062,0.0054222941398620605,0.25,0.25,0.5,1.5876182317733765,0.10837173461914062,0.3990403413772583,1.6,0.1,0.5,1.5820729732513428,1.588045597076416,0.40385693311691284,1.6,1.6,0.5,0.22580282390117645,1.5950868129730225,0.38292089104652405,0.25,1.6,0.5
4.901,TAKEOFF,0.18202820420265198,0.3259088397026062,0.0054222941398620605,0.25,0.25,0.5,1.5876182317733765,0.10837173461914062,0.3990403413772583,1.6,0.1,0.5,1.5820729732513428,1.588045597076416,0.40385693311691284,1.6,1.6,0.5,0.22821372747421265,1.6003416776657104,0.3915712833404541,0.25,1.6,0.5
4.921,TAKEOFF,0.18202820420265198,0.3259088397026062,0.0054222941398620605,0.25,0.25,0.5,1.5876182317733765,0.10837173461914062,0.3990403413772583,1.6,0.1,0.5,1.5865867137908936,1.5896639823913574,0.4147428572177887,1.6,1.6,0.5,0.22821372747421265,1.6003416776657104,0.3915712833404541,0.25,1.6,0.5
4.941,TAKEOFF,0.18202820420265198,0.3259088397026062,0.0054222941398620605,0.25,0.25,0.5,1.5876182317733765,0.10837173461914062,0.3990403413772583,1.6,0.1,0.5,1.5865867137908936,1.5896639823913574,0.4147428572177887,1.6,1.6,0.5,0.22821372747421265,1.6003416776657104,0.3915712833404541,0.25,1.6,0.5
4.961,TAKEOFF,0.18202820420265198,0.3259088397026062,0.0054222941398620605,0.25,0.25,0.5,1.5876182317733765,0.10837173461914062,0.3990403413772583,1.6,0.1,0.5,1.5865867137908936,1.5896639823913574,0.4147428572177887,1.6,1.6,0.5,0.22821372747421265,1.6003416776657104,0.3915712833404541,0.25,1.6,0.5
4.981,TAKEOFF,0.1806042641401291,0.32743456959724426,0.005225798115134239,0.25,0.25,0.5,1.5888628959655762,0.10629302263259888,0.4085574448108673,1.6,0.1,0.5,1.5865867137908936,1.5896639823913574,0.4147428572177887,1.6,1.6,0.5,0.22821372747421265,1.6003416776657104,0.3915712833404541,0.25,1.6,0.5
5.001,TRACK,0.1806042641401291,0.32743456959724426,0.005225798115134239,0.25,0.25,0.5,1.5888628959655762,0.10629302263259888,0.4085574448108673,1.6,0.1,0.5,1.5865867137908936,1.5896639823913574,0.4147428572177887,1.6,1.6,0.5,0.22821372747421265,1.6003416776657104,0.3915712833404541,0.25,1.6,0.5
5.021,TRACK,0.1806042641401291,0.32743456959724426,0.005225798115134239,0.25,0.25,0.5,1.5888628959655762,0.10629302263259888,0.4085574448108673,1.6,0.1,0.5,1.5901316404342651,1.5909574031829834,0.42479002475738525,1.6,1.6,0.5,0.22898171842098236,1.6001219749450684,0.403902143239975,0.25,1.6,0.5
5.041,TRACK,0.1806042641401291,0.32743456959724426,0.005225798115134239,0.25,0.25,0.5,1.5888628959655762,0.10629302263259888,0.4085574448108673,1.6,0.1,0.5,1.5901316404342651,1.5909574031829834,0.42479002475738525,1.6,1.6,0.5,0.22898171842098236,1.6001219749450684,0.403902143239975,0.25,1.6,0.5
5.061,TRACK,0.1806042641401291,0.32743456959724426,0.005225798115134239,0.25,0.25,0.5,1.5888628959655762,0.10629302263259888,0.4085574448108673,1.6,0.1,0.5,1.5901316404342651,1.5909574031829834,0.42479002475738525,1.6,1.6,0.5,0.22898171842098236,1.6001219749450684,0.403902143239975,0.25,1.6,0.5
5.081,TRACK,0.18250218033790588,0.3258393704891205,0.005419209133833647,0.25,0.25,0.5,1.5921512842178345,0.1035640612244606,0.41749656200408936,1.6,0.1,0.5,1.5901316404342651,1.5909574031829834,0.42479002475738525,1.6,1.6,0.5,0.22898171842098236,1.6001219749450684,0.403902143239975,0.25,1.6,0.5
5.101,TRACK,0.18250218033790588,0.3258393704891205,0.005419209133833647,0.25,0.25,0.5,1.5921512842178345,0.1035640612244606,0.41749656200408936,1.6,0.1,0.5,1.5901316404342651,1.5909574031829834,0.42479002475738525,1.6,1.6,0.5,0.2306199073791504,1.5982471704483032,0.4143056571483612,0.25,1.6,0.5
5.121,TRACK,0.18250218033790588,0.3258393704891205,0.005419209133833647,0.25,0.25,0.5,1.5921512842178345,0.1035640612244606,0.41749656200408936,1.6,0.1,0.5,1.5914289951324463,1.5933051109313965,0.4360731840133667,1.6,1.6,0.5,0.2306199073791504,1.5982471704483032,0.4143056571483612,0.25,1.6,0.5
5.141,TRACK,0.18250218033790588,0.3258393704891205,0.005419209133833647,0.25,0.25,0.5,1.5921512842178345,0.1035640612244606,0.41749656200408936,1.6,0.1,0.5,1.5914289951324463,1.5933051109313965,0.4360731840133667,1.6,1.6,0.5,0.2306199073791504,1.5982471704483032,0.4143056571483612,0.25,1.6,0.5
5.161,TRACK,0.18250218033790588,0.3258393704891205,0.005419209133833647,0.25,0.25,0.5,1.5921512842178345,0.1035640612244606,0.41749656200408936,1.6,0.1,0.5,1.5914289951324463,1.5933051109313965,0.4360731840133667,1.6,1.6,0.5,0.2306199073791504,1.5982471704483032,0.4143056571483612,0.25,1.6,0.5
5.181,TRACK,0.1828031986951828,0.32525038719177246,0.005558181554079056,0.25,0.25,0.5,1.5927127599716187,0.10086338967084885,0.42569810152053833,1.6,0.1,0.5,1.5914289951324463,1.5933051109313965,0.4360731840133667,1.6,1.6,0.5,0.2306199073791504,1.5982471704483032,0.4143056571483612,0.25,1.6,0.5
5.201,TRACK,0.1828031986951828,0.32525038719177246,0.005558181554079056,0.25,0.25,0.5,1.5927127599716187,0.10086338967084885,0.42569810152053833,1.6,0.1,0.5,1.5914289951324463,1.5933051109313965,0.4360731840133667,1.6,1.6,0.5,0.2306199073791504,1.5982471704483032,0.4143056571483612,0.25,1.6,0.5
5.221,TRACK,0.1828031986951828,0.32525038719177246,0.005558181554079056,0.25,0.25,0.5,1.5927127599716187,0.10086338967084885,0.42569810152053833,1.6,0.1,0.5,1.5928363800048828,1.5945606231689453,0.4463525116443634,1.6,1.6,0.5,0.2295335978269577,1.6034998893737793,0.4213438928127289,0.25,1.6,0.5
5.241,TRACK,0.1828031986951828,0.32525038719177246,0.005558181554079056,0.25,0.25,0.5,1.5927127599716187,0.10086338967084885,0.42569810152053833,1.6,0.1,0.5,1.5928363800048828,1.5945606231689453,0.4463525116443634,1.6,1.6,0.5,0.2295335978269577,1.6034998893737793,0.4213438928127289,0.25,1.6,0.5
5.261,TRACK,0.1828031986951828,0.32525038719177246,0.005558181554079056,0.25,0.25,0.5,1.5927127599716187,0.10086338967084885,0.42569810152053833,1.6,0.1,0.5,1.5928363800048828,1.5945606231689453,0.4463525116443634,1.6,1.6,0.5,0.2295335978269577,1.6034998893737793,0.4213438928127289,0.25,1.6,0.5
5.281,TRACK,0.1838979423046112,0.32525891065597534,0.0061463178135454655,0.25,0.25,0.5,1.5972328186035156,0.09494675695896149,0.4357733130455017,1.6,0.1,0.5,1.5928363800048828,1.5945606231689453,0.4463525116443634,1.6,1.6,0.5,0.2295335978269577,1.6034998893737793,0.4213438928127289,0.25,1.6,0.5
5.301,TRACK,0.1838979423046112,0.32525891065597534,0.0061463178135454655,0.25,0.25,0.5,1.5972328186035156,0.09494675695896149,0.4357733130455017,1.6,0.1,0.5,1.5928363800048828,1.5945606231689453,0.4463525116443634,1.6,1.6,0.5,0.23330408334732056,1.6028878688812256,0.4338635504245758,0.25,1.6,0.5
5.321,TRACK,0.1838979423046112,0.32525891065597534,0.0061463178135454655,0.25,0.25,0.5,1.5972328186035156,0.09494675695896149,0.4357733130455017,1.6,0.1,0.5,1.5932931900024414,1.5954811573028564,0.45321494340896606,1.6,1.6,0.5,0.23330408334732056,1.6028878688812256,0.4338635504245758,0.25,1.6,0.5
5.341,TRACK,0.1838979423046112,0.32525891065597534,0.0061463178135454655,0.25,0.25,0.5,1.5972328186035156,0.09494675695896149,0.4357733130455017,1.6,0.1,0.5,1.5932931900024414,1.5954811573028564,0.45321494340896606,1.6,1.6,0.5,0.23330408334732056,1.6028878688812256,0.4338635504245758,0.25,1.6,0.5
5.361,TRACK,0.1838979423046112,0.32525891065597534,0.0061463178135454655,0.25,0.25,0.5,1.5972328186035156,0.09494675695896149,0.4357733130455017,1.6,0.1,0.5,1.5932931900024414,1.5954811573028564,0.45321494340896606,1.6,1.6,0.5,0.23330408334732056,1.6028878688812256,0.4338635504245758,0.25,1.6,0.5
5.381,TRACK,0.18221867084503174,0.32529416680336,0.005334023851901293,0.25,0.25,0.5,1.594281792640686,0.09454984217882156,0.4426932632923126,1.6,0.1,0.5,1.5932931900024414,1.5954811573028564,0.45321494340896606,1.6,1.6,0.5,0.23330408334732056,1.6028878688812256,0.4338635504245758,0.25,1.6,0.5
5.401,TRACK,0.18221867084503174,0.32529416680336,0.005334023851901293,0.25,0.25,0.5,1.594281792640686,0.09454984217882156,0.4426932632923126,1.6,0.1,0.5,1.5932931900024414,1.5954811573028564,0.45321494340896606,1.6,1.6,0.5,0.23472002148628235,1.6038827896118164,0.44182705879211426,0.25,1.6,0.5
5.421,TRACK,0.18221867084503174,0.32529416680336,0.005334023851901293,0.25,0.25,0.5,1.594281792640686,0.09454984217882156,0.4426932632923126,1.6,0.1,0.5,1.5954786539077759,1.5978403091430664,0.4551279544830322,1.6,1.6,0.5,0.23472002148628235,1.6038827896118164,0.44182705879211426,0.25,1.6,0.5
5.441,TRACK,0.18221867084503174,0.32529416680336,0.005334023851901293,0.25,0.25,0.5,1.594281792640686,0.09454984217882156,0.4426932632923126,1.6,0.1,0.5,1.5954786539077759,1.5978403091430664,0.4551279544830322,1.6,1.6,0.5,0.23472002148628235,1.6038827896118164,0.44182705879211426,0.25,1.6,0.5
5.461,TRACK,0.18221867084503174,0.32529416680336,0.005334023851901293,0.25,0.25,0.5,1.594281792640686,0.09454984217882156,0.4426932632923126,1.6,0.1,0.5,1.5954786539077759,1.5978403091430664,0.4551279544830322,1.6,1.6,0.5,0.23472002148628235,1.6038827896118164,0.44182705879211426,0.25,1.6,0.5
5.481,TRACK,0.18207336962223053,0.3254936933517456,0.005350475199520588,0.25,0.25,0.5,1.5953260660171509,0.09168432652950287,0.4530223309993744,1.6,0.1,0.5,1.5954786539077759,1.5978403091430664,0.4551279544830322,1.6,1.6,0.5,0.23472002148628235,1.6038827896118164,0.44182705879211426,0.25,1.6,0.5
5.501,TRACK,0.18207336962223053,0.3254936933517456,0.005350475199520588,0.25,0.25,0.5,1.5953260660171509,0.09168432652950287,0.4530223309993744,1.6,0.1,0.5,1.5954786539077759,1.5978403091430664,0.4551279544830322,1.6,1.6,0.5,0.23472002148628235,1.6038827896118164,0.44182705879211426,0.25,1.6,0.5
5.521,TRACK,0.18207336962223053,0.3254936933517456,0.005350475199520588,0.25,0.25,0.5,1.5953260660171509,0.09168432652950287,0.4530223309993744,1.6,0.1,0.5,1.596440315246582,1.5992094278335571,0.45552366971969604,1.6,1.6,0.5,0.23549047112464905,1.6034280061721802,0.4443930685520172,0.25,1.6,0.5
5.541,TRACK,0.18207336962223053,0.3254936933517456,0.005350475199520588,0.25,0.25,0.5,1.5953260660171509,0.09168432652950287,0.4530223309993744,1.6,0.1,0.5,1.596440315246582,1.5992094278335571,0.45552366971969604,1.6,1.6,0.5,0.23549047112464905,1.6034280061721802,0.4443930685520172,0.25,1.6,0.5
5.561,TRACK,0.18207336962223053,0.3254936933517456,0.005350475199520588,0.25,0.25,0.5,1.5953260660171509,0.09168432652950287,0.4530223309993744,1.6,0.1,0.5,1.596440315246582,1.5992094278335571,0.45552366971969604,1.6,1.6,0.5,0.23549047112464905,1.6034280061721802,0.4443930685520172,0.25,1.6,0.5
5.581,TRACK,0.18207374215126038,0.3257092833518982,0.00559493200853467,0.25,0.25,0.5,1.5954538583755493,0.08923905342817307,0.4562239646911621,1.6,0.1,0.5,1.596440315246582,1.5992094278335571,0.45552366971969604,1.6,1.6,0.5,0.23549047112464905,1.6034280061721802,0.4443930685520172,0.25,1.6,0.5
5.601,TRACK,0.18207374215126038,0.3257092833518982,0.00559493200853467,0.25,0.25,0.5,1.5954538583755493,0.08923905342817307,0.4562239646911621,1.6,0.1,0.5,1.596440315246582,1.5992094278335571,0.45552366971969604,1.6,1.6,0.5,0.2345113307237625,1.6021702289581299,0.4373735785484314,0.25,1.6,0.5
5.621,TRACK,0.18207374215126038,0.3257092833518982,0.00559493200853467,0.25,0.25,0.5,1.5954538583755493,0.08923905342817307,0.4562239646911621,1.6,0.1,0.5,1.5977087020874023,1.5986456871032715,0.45709162950515747,1.6,1.6,0.5,0.2345113307237625,1.6021702289581299,0.4373735785484314,0.25,1.6,0.5
5.641,TRACK,0.18207374215126038,0.3257092833518982,0.00559493200853467,0.25,0.25,0.5,1.5954538583755493,0.08923905342817307,0.4562239646911621,1.6,0.1,0.5,1.5977087020874023,1.5986456871032715,0.45709162950515747,1.6,1.6,0.5,0.2345113307237625,1.6021702289581299,0.4373735785484314,0.25,1.6,0.5
5.661,TRACK,0.18207374215126038,0.3257092833518982,0.00559493200853467,0.25,0.25,0.5,1.5954538583755493,0.08923905342817307,0.4562239646911621,1.6,0.1,0.5,1.5977087020874023,1.5986456871032715,0.45709162950515747,1.6,1.6,0.5,0.2345113307237625,1.6021702289581299,0.4373735785484314,0.25,1.6,0.5
5.681,TRACK,0.18126855790615082,0.32642853260040283,0.004670384805649519,0.25,0.25,0.5,1.5969120264053345,0.09021540731191635,0.44099345803260803,1.6,0.1,0.5,1.5977087020874023,1.5986456871032715,0.45709162950515747,1.6,1.6,0.5,0.2345113307237625,1.6021702289581299,0.4373735785484314,0.25,1.6,0.5
5.701,TRACK,0.18126855790615082,0.32642853260040283,0.004670384805649519,0.25,0.25,0.5,1.5969120264053345,0.09021540731191635,0.44099345803260803,1.6,0.1,0.5,1.5977087020874023,1.5986456871032715,0.45709162950515747,1.6,1.6,0.5,0.23696337640285492,1.6006011962890625,0.44069039821624756,0.25,1.6,0.5
5.721,TRACK,0.18126855790615082,0.32642853260040283,0.004670384805649519,0.25,0.25,0.5,1.5969120264053345,0.09021540731191635,0.44099345803260803,1.6,0.1,0.5,1.5965309143066406,1.600441813468933,0.4589630365371704,1.6,1.6,0.5,0.23696337640285492,1.6006011962890625,0.44069039821624756,0.25,1.6,0.5
5.741,TRACK,0.18126855790615082,0.32642853260040283,0.004670384805649519,0.25,0.25,0.5,1.5969120264053345,0.09021540731191635,0.44099345803260803,1.6,0.1,0.5,1.5965309143066406,1.600441813468933,0.4589630365371704,1.6,1.6,0.5,0.23696337640285492,1.6006011962890625,0.44069039821624756,0.25,1.6,0.5
5.761,TRACK,0.18126855790615082,0.32642853260040283,0.004670384805649519,0.25,0.25,0.5,1.5969120264053345,0.09021540731191635,0.44099345803260803,1.6,0.1,0.5,1.5965309143066406,1.600441813468933,0.4589630365371704,1.6,1.6,0.5,0.23696337640285492,1.6006011962890625,0.44069039821624756,0.25,1.6,0.5
5.781,TRACK,0.18176446855068207,0.3263913094997406,0.00561637245118618,0.25,0.25,0.5,1.597164273262024,0.08888568729162216,0.4389570355415344,1.6,0.1,0.5,1.5965309143066406,1.600441813468933,0.4589630365371704,1.6,1.6,0.5,0.23696337640285492,1.6006011962890625,0.44069039821624756,0.25,1.6,0.5
5.801,TRACK,0.18176446855068207,0.3263913094997406,0.00561637245118618,0.25,0.25,0.5,1.597164273262024,0.08888568729162216,0.4389570355415344,1.6,0.1,0.5,1.5965309143066406,1.600441813468933,0.4589630365371704,1.6,1.6,0.5,0.23861442506313324,1.5976014137268066,0.44429150223731995,0.25,1.6,0.5
5.821,TRACK,0.18176446855068207,0.3263913094997406,0.00561637245118618,0.25,0.25,0.5,1.597164273262024,0.08888568729162216,0.4389570355415344,1.6,0.1,0.5,1.5955435037612915,1.6000241041183472,0.4602912664413452,1.6,1.6,0.5,0.23861442506313324,1.5976014137268066,0.44429150223731995,0.25,1.6,0.5
5.841,TRACK,0.18176446855068207,0.3263913094997406,0.00561637245118618,0.25,0.25,0.5,1.597164273262024,0.08888568729162216,0.4389570355415344,1.6,0.1,0.5,1.5955435037612915,1.6000241041183472,0.4602912664413452,1.6,1.6,0.5,0.23861442506313324,1.5976014137268066,0.44429150223731995,0.25,1.6,0.5
5.861,TRACK,0.18176446855068207,0.3263913094997406,0.00561637245118618,0.25,0.25,0.5,1.597164273262024,0.08888568729162216,0.4389570355415344,1.6,0.1,0.5,1.5955435037612915,1.6000241041183472,0.4602912664413452,1.6,1.6,0.5,0.23861442506313324,1.5976014137268066,0.44429150223731995,0.25,1.6,0.5
5.881,TRACK,0.18194551765918732,0.3259730339050293,0.005615185014903545,0.25,0.25,0.5,1.6014165878295898,0.08749033510684967,0.4431227147579193,1.6,0.1,0.5,1.5955435037612915,1.6000241041183472,0.4602912664413452,1.6,1.6,0.5,0.23861442506313324,1.5976014137268066,0.44429150223731995,0.25,1.6,0.5
5.901,TRACK,0.18194551765918732,0.3259730339050293,0.005615185014903545,0.25,0.25,0.5,1.6014165878295898,0.08749033510684967,0.4431227147579193,1.6,0.1,0.5,1.5955435037612915,1.6000241041183472,0.4602912664413452,1.6,1.6,0.5,0.2405773252248764,1.5942761898040771,0.44625550508499146,0.25,1.6,0.5
5.921,TRACK,0.18194551765918732,0.3259730339050293,0.005615185014903545,0.25,0.25,0.5,1.6014165878295898,0.08749033510684967,0.4431227147579193,1.6,0.1,0.5,1.5962283611297607,1.6000418663024902,0.46019458770751953,1.6,1.6,0.5,0.2405773252248764,1.5942761898040771,0.44625550508499146,0.25,1.6,0.5
5.941,TRACK,0.18194551765918732,0.3259730339050293,0.005615185014903545,0.25,0.25,0.5,1.6014165878295898,0.08749033510684967,0.4431227147579193,1.6,0.1,0.5,1.5962283611297607,1.6000418663024902,0.46019458770751953,1.6,1.6,0.5,0.2405773252248764,1.5942761898040771,0.44625550508499146,0.25,1.6,0.5
5.961,TRACK,0.18194551765918732,0.3259730339050293,0.005615185014903545,0.25,0.25,0.5,1.6014165878295898,0.08749033510684967,0.4431227147579193,1.6,0.1,0.5,1.5962283611297607,1.6000418663024902,0.46019458770751953,1.6,1.6,0.5,0.2405773252248764,1.5942761898040771,0.44625550508499146,0.25,1.6,0.5
5.981,TRACK,0.18199467658996582,0.3256301283836365,0.005311682820320129,0.25,0.25,0.5,1.5995163917541504,0.08687068521976471,0.4478472173213959,1.6,0.1,0.5,1.5962283611297607,1.6000418663024902,0.46019458770751953,1.6,1.6,0.5,0.2405773252248764,1.5942761898040771,0.44625550508499146,0.25,1.6,0.5
6.001,TRACK,0.18199467658996582,0.3256301283836365,0.005311682820320129,0.25,0.25,0.5,1.5995163917541504,0.08687068521976471,0.4478472173213959,1.6,0.1,0.5,1.5962283611297607,1.6000418663024902,0.46019458770751953,1.6,1.6,0.5,0.24183325469493866,1.588693618774414,0.442911833524704,0.25,1.6,0.5
6.021,TRACK,0.18199467658996582,0.3256301283836365,0.005311682820320129,0.25,0.25,0.5,1.5995163917541504,0.08687068521976471,0.4478472173213959,1.6,0.1,0.5,1.596045970916748,1.6018345355987549,0.45987722277641296,1.6,1.6,0.5,0.24183325469493866,1.588693618774414,0.442911833524704,0.25,1.6,0.5
6.041,TRACK,0.18199467658996582,0.3256301283836365,0.005311682820320129,0.25,0.25,0.5,1.5995163917541504,0.08687068521976471,0.4478472173213959,1.6,0.1,0.5,1.596045970916748,1.6018345355987549,0.45987722277641296,1.6,1.6,0.5,0.24183325469493866,1.588693618774414,0.442911833524704,0.25,1.6,0.5
6.061,TRACK,0.18199467658996582,0.3256301283836365,0.005311682820320129,0.25,0.25,0.5,1.5995163917541504,0.08687068521976471,0.4478472173213959,1.6,0.1,0.5,1.596045970916748,1.6018345355987549,0.45987722277641296,1.6,1.6,0.5,0.24183325469493866,1.588693618774414,0.442911833524704,0.25,1.6,0.5
6.081,TRACK,0.1819787323474884,0.32558944821357727,0.0052209049463272095,0.25,0.25,0.5,1.600163459777832,0.08578810840845108,0.4516232907772064,1.6,0.1,0.5,1.596045970916748,1.6018345355987549,0.45987722277641296,1.6,1.6,0.5,0.24183325469493866,1.588693618774414,0.442911833524704,0.25,1.6,0.5
6.101,TRACK,0.1819787323474884,0.32558944821357727,0.0052209049463272095,0.25,0.25,0.5,1.600163459777832,0.08578810840845108,0.4516232907772064,1.6,0.1,0.5,1.596045970916748,1.6018345355987549,0.45987722277641296,1.6,1.6,0.5,0.24172362685203552,1.5878371000289917,0.44040894508361816,0.25,1.6,0.5
6.121,TRACK,0.1819787323474884,0.32558944821357727,0.0052209049463272095,0.25,0.25,0.5,1.600163459777832,0.08578810840845108,0.4516232907772064,1.6,0.1,0.5,1.595353364944458,1.6008243560791016,0.4606395661830902,1.6,1.6,0.5,0.24172362685203552,1.5878371000289917,0.44040894508361816,0.25,1.6,0.5
6.141,TRACK,0.1819787323474884,0.32558944821357727,0.0052209049463272095,0.25,0.25,0.5,1.600163459777832,0.08578810840845108,0.4516232907772064,1.6,0.1,0.5,1.595353364944458,1.6008243560791016,0.4606395661830902,1.6,1.6,0.5,0.24172362685203552,1.5878371000289917,0.44040894508361816,0.25,1.6,0.5
6.161,TRACK,0.1819787323474884,0.32558944821357727,0.0052209049463272095,0.25,0.25,0.5,1.600163459777832,0.08578810840845108,0.4516232907772064,1.6,0.1,0.5,1.595353364944458,1.6008243560791016,0.4606395661830902,1.6,1.6,0.5,0.24172362685203552,1.5878371000289917,0.44040894508361816,0.25,1.6,0.5
6.181,TRACK,0.18204711377620697,0.3258105218410492,0.005528315436094999,0.25,0.25,0.5,1.5941866636276245,0.08880391716957092,0.45111921429634094,1.6,0.1,0.5,1.595353364944458,1.6008243560791016,0.4606395661830902,1.6,1.6,0.5,0.24172362685203552,1.5878371000289917,0.44040894508361816,0.25,1.6,0.5
6.201,TRACK,0.18204711377620697,0.3258105218410492,0.005528315436094999,0.25,0.25,0.5,1.5941866636276245,0.08880391716957092,0.45111921429634094,1.6,0.1,0.5,1.595353364944458,1.6008243560791016,0.4606395661830902,1.6,1.6,0.5,0.2433280199766159,1.5879662036895752,0.44006603956222534,0.25,1.6,0.5
6.221,TRACK,0.18204711377620697,0.3258105218410492,0.005528315436094999,0.25,0.25,0.5,1.5941866636276245,0.08880391716957092,0.45111921429634094,1.6,0.1,0.5,1.5991034507751465,1.6004126071929932,0.4601568579673767,1.6,1.6,0.5,0.2433280199766159,1.5879662036895752,0.44006603956222534,0.25,1.6,0.5
6.241,TRACK,0.18204711377620697,0.3258105218410492,0.005528315436094999,0.25,0.25,0.5,1.5941866636276245,0.08880391716957092,0.45111921429634094,1.6,0.1,0.5,1.5991034507751465,1.6004126071929932,0.4601568579673767,1.6,1.6,0.5,0.2433280199766159,1.5879662036895752,0.44006603956222534,0.25,1.6,0.5
6.261,TRACK,0.18204711377620697,0.3258105218410492,0.005528315436094999,0.25,0.25,0.5,1.5941866636276245,0.08880391716957092,0.45111921429634094,1.6,0.1,0.5,1.5991034507751465,1.6004126071929932,0.4601568579673767,1.6,1.6,0.5,0.2433280199766159,1.5879662036895752,0.44006603956222534,0.25,1.6,0.5
6.281,TRACK,0.18209312856197357,0.3256438970565796,0.005179727450013161,0.25,0.25,0.5,1.5967326164245605,0.08507741242647171,0.44994157552719116,1.6,0.1,0.5,1.5991034507751465,1.6004126071929932,0.4601568579673767,1.6,1.6,0.5,0.2433280199766159,1.5879662036895752,0.44006603956222534,0.25,1.6,0.5
6.301,TRACK,0.18209312856197357,0.3256438970565796,0.005179727450013161,0.25,0.25,0.5,1.5967326164245605,0.08507741242647171,0.44994157552719116,1.6,0.1,0.5,1.5991034507751465,1.6004126071929932,0.4601568579673767,1.6,1.6,0.5,0.24683335423469543,1.587502360343933,0.44405022263526917,0.25,1.6,0.5
6.321,TRACK,0.18209312856197357,0.3256438970565796,0.005179727450013161,0.25,0.25,0.5,1.5967326164245605,0.08507741242647171,0.44994157552719116,1.6,0.1,0.5,1.6019657850265503,1.5978446006774902,0.4600834846496582,1.6,1.6,0.5,0.24683335423469543,1.587502360343933,0.44405022263526917,0.25,1.6,0.5
6.341,TRACK,0.18209312856197357,0.3256438970565796,0.005179727450013161,0.25,0.25,0.5,1.5967326164245605,0.08507741242647171,0.44994157552719116,1.6,0.1,0.5,1.6019657850265503,1.5978446006774902,0.4600834846496582,1.6,1.6,0.5,0.24683335423469543,1.587502360343933,0.44405022263526917,0.25,1.6,0.5
6.361,TRACK,0.18209312856197357,0.3256438970565796,0.005179727450013161,0.25,0.25,0.5,1.5967326164245605,0.08507741242647171,0.44994157552719116,1.6,0.1,0.5,1.6019657850265503,1.5978446006774902,0.4600834846496582,1.6,1.6,0.5,0.24683335423469543,1.587502360343933,0.44405022263526917,0.25,1.6,0.5
6.381,TRACK,0.18212231993675232,0.32563289999961853,0.005205676890909672,0.25,0.25,0.5,1.5984086990356445,0.08510137349367142,0.444719135761261,1.6,0.1,0.5,1.6019657850265503,1.5978446006774902,0.4600834846496582,1.6,1.6,0.5,0.24683335423469543,1.587502360343933,0.44405022263526917,0.25,1.6,0.5
6.401,TRACK,0.18212231993675232,0.32563289999961853,0.005205676890909672,0.25,0.25,0.5,1.5984086990356445,0.08510137349367142,0.444719135761261,1.6,0.1,0.5,1.6019657850265503,1.5978446006774902,0.4600834846496582,1.6,1.6,0.5,0.24683335423469543,1.587502360343933,0.44405022263526917,0.25,1.6,0.5
6.421,TRACK,0.18212231993675232,0.32563289999961853,0.005205676890909672,0.25,0.25,0.5,1.5984086990356445,0.08510137349367142,0.444719135761261,1.6,0.1,0.5,1.5986666679382324,1.6034101247787476,0.46023479104042053,1.6,1.6,0.5,0.2477804571390152,1.5879684686660767,0.44757115840911865,0.25,1.6,0.5
6.441,TRACK,0.18212231993675232,0.32563289999961853,0.005205676890909672,0.25,0.25,0.5,1.5984086990356445,0.08510137349367142,0.444719135761261,1.6,0.1,0.5,1.5986666679382324,1.6034101247787476,0.46023479104042053,1.6,1.6,0.5,0.2477804571390152,1.5879684686660767,0.44757115840911865,0.25,1.6,0.5
6.461,TRACK,0.18212231993675232,0.32563289999961853,0.005205676890909672,0.25,0.25,0.5,1.5984086990356445,0.08510137349367142,0.444719135761261,1.6,0.1,0.5,1.5986666679382324,1.6034101247787476,0.46023479104042053,1.6,1.6,0.5,0.2477804571390152,1.5879684686660767,0.44757115840911865,0.25,1.6,0.5
6.481,TRACK,0.18202702701091766,0.3258710503578186,0.0055639855563640594,0.25,0.25,0.5,1.5992001295089722,0.08331948518753052,0.4469003677368164,1.6,0.1,0.5,1.5986666679382324,1.6034101247787476,0.46023479104042053,1.6,1.6,0.5,0.2477804571390152,1.5879684686660767,0.44757115840911865,0.25,1.6,0.5
6.501,TRACK,0.18202702701091766,0.3258710503578186,0.0055639855563640594,0.25,0.25,0.5,1.5992001295089722,0.08331948518753052,0.4469003677368164,1.6,0.1,0.5,1.5986666679382324,1.6034101247787476,0.46023479104042053,1.6,1.6,0.5,0.2477804571390152,1.5879684686660767,0.44757115840911865,0.25,1.6,0.5
6.521,TRACK,0.18202702701091766,0.3258710503578186,0.0055639855563640594,0.25,0.25,0.5,1.5992001295089722,0.08331948518753052,0.4469003677368164,1.6,0.1,0.5,1.597437858581543,1.6048144102096558,0.46043142676353455,1.6,1.6,0.5,0.2498539239168167,1.5833276510238647,0.4428793787956238,0.25,1.6,0.5
6.541,TRACK,0.18202702701091766,0.3258710503578186,0.0055639855563640594,0.25,0.25,0.5,1.5992001295089722,0.08331948518753052,0.4469003677368164,1.6,0.1,0.5,1.597437858581543,1.6048144102096558,0.46043142676353455,1.6,1.6,0.5,0.2498539239168167,1.5833276510238647,0.4428793787956238,0.25,1.6,0.5
6.561,TRACK,0.18202702701091766,0.3258710503578186,0.0055639855563640594,0.25,0.25,0.5,1.5992001295089722,0.08331948518753052,0.4469003677368164,1.6,0.1,0.5,1.597437858581543,1.6048144102096558,0.46043142676353455,1.6,1.6,0.5,0.2498539239168167,1.5833276510238647,0.4428793787956238,0.25,1.6,0.5
6.581,TRACK,0.17787396907806396,0.3298202455043793,0.004360956605523825,0.25,0.25,0.5,1.6015187501907349,0.08292081207036972,0.44946160912513733,1.6,0.1,0.5,1.597437858581543,1.6048144102096558,0.46043142676353455,1.6,1.6,0.5,0.2498539239168167,1.5833276510238647,0.4428793787956238,0.25,1.6,0.5
6.601,TRACK,0.17787396907806396,0.3298202455043793,0.004360956605523825,0.25,0.25,0.5,1.6015187501907349,0.08292081207036972,0.44946160912513733,1.6,0.1,0.5,1.597437858581543,1.6048144102096558,0.46043142676353455,1.6,1.6,0.5,0.2407250702381134,1.5910537242889404,0.4329846203327179,0.25,1.6,0.5
6.621,TRACK,0.17787396907806396,0.3298202455043793,0.004360956605523825,0.25,0.25,0.5,1.6015187501907349,0.08292081207036972,0.44946160912513733,1.6,0.1,0.5,1.600044846534729,1.6049041748046875,0.46091529726982117,1.6,1.6,0.5,0.2407250702381134,1.5910537242889404,0.4329846203327179,0.25,1.6,0.5
6.641,TRACK,0.17787396907806396,0.3298202455043793,0.004360956605523825,0.25,0.25,0.5,1.6015187501907349,0.08292081207036972,0.44946160912513733,1.6,0.1,0.5,1.600044846534729,1.6049041748046875,0.46091529726982117,1.6,1.6,0.5,0.2407250702381134,1.5910537242889404,0.4329846203327179,0.25,1.6,0.5
6.661,TRACK,0.17787396907806396,0.3298202455043793,0.004360956605523825,0.25,0.25,0.5,1.6015187501907349,0.08292081207036972,0.44946160912513733,1.6,0.1,0.5,1.600044846534729,1.6049041748046875,0.46091529726982117,1.6,1.6,0.5,0.2407250702381134,1.5910537242889404,0.4329846203327179,0.25,1.6,0.5
6.681,TRACK,0.1766955554485321,0.3277541399002075,0.0015618383185938,0.25,0.25,0.5,1.6048699617385864,0.08180632442235947,0.45103538036346436,1.6,0.1,0.5,1.600044846534729,1.6049041748046875,0.46091529726982117,1.6,1.6,0.5,0.2407250702381134,1.5910537242889404,0.4329846203327179,0.25,1.6,0.5
6.701,TRACK,0.1766955554485321,0.3277541399002075,0.0015618383185938,0.25,0.25,0.5,1.6048699617385864,0.08180632442235947,0.45103538036346436,1.6,0.1,0.5,1.600044846534729,1.6049041748046875,0.46091529726982117,1.6,1.6,0.5,0.2407250702381134,1.5910537242889404,0.4329846203327179,0.25,1.6,0.5
6.721,TRACK,0.1766955554485321,0.3277541399002075,0.0015618383185938,0.25,0.25,0.5,1.6048699617385864,0.08180632442235947,0.45103538036346436,1.6,0.1,0.5,1.5994633436203003,1.6092420816421509,0.4605986177921295,1.6,1.6,0.5,0.24718989431858063,1.5946999788284302,0.4392121732234955,0.25,1.6,0.5
6.741,TRACK,0.1766955554485321,0.3277541399002075,0.0015618383185938,0.25,0.25,0.5,1.6048699617385864,0.08180632442235947,0.45103538036346436,1.6,0.1,0.5,1.5994633436203003,1.6092420816421509,0.4605986177921295,1.6,1.6,0.5,0.24718989431858063,1.5946999788284302,0.4392121732234955,0.25,1.6,0.5
6.761,TRACK,0.1766955554485321,0.3277541399002075,0.0015618383185938,0.25,0.25,0.5,1.6048699617385864,0.08180632442235947,0.45103538036346436,1.6,0.1,0.5,1.5994633436203003,1.6092420816421509,0.4605986177921295,1.6,1.6,0.5,0.24718989431858063,1.5946999788284302,0.4392121732234955,0.25,1.6,0.5
6.781,TRACK,0.18226301670074463,0.32561007142066956,0.004760235082358122,0.25,0.25,0.5,1.600694179534912,0.08423933386802673,0.4464687705039978,1.6,0.1,0.5,1.5994633436203003,1.6092420816421509,0.4605986177921295,1.6,1.6,0.5,0.24718989431858063,1.5946999788284302,0.4392121732234955,0.25,1.6,0.5
6.801,TRACK,0.18226301670074463,0.32561007142066956,0.004760235082358122,0.25,0.25,0.5,1.600694179534912,0.08423933386802673,0.4464687705039978,1.6,0.1,0.5,1.5994633436203003,1.6092420816421509,0.4605986177921295,1.6,1.6,0.5,0.25047263503074646,1.5957030057907104,0.4459620416164398,0.25,1.6,0.5
6.821,TRACK,0.18226301670074463,0.32561007142066956,0.004760235082358122,0.25,0.25,0.5,1.600694179534912,0.08423933386802673,0.4464687705039978,1.6,0.1,0.5,1.5972673892974854,1.6107659339904785,0.46102526783943176,1.6,1.6,0.5,0.25047263503074646,1.5957030057907104,0.4459620416164398,0.25,1.6,0.5
6.841,TRACK,0.18226301670074463,0.32561007142066956,0.004760235082358122,0.25,0.25,0.5,1.600694179534912,0.08423933386802673,0.4464687705039978,1.6,0.1,0.5,1.5972673892974854,1.6107659339904785,0.46102526783943176,1.6,1.6,0.5,0.25047263503074646,1.5957030057907104,0.4459620416164398,0.25,1.6,0.5
6.861,TRACK,0.18226301670074463,0.32561007142066956,0.004760235082358122,0.25,0.25,0.5,1.600694179534912,0.08423933386802673,0.4464687705039978,1.6,0.1,0.5,1.5972673892974854,1.6107659339904785,0.46102526783943176,1.6,1.6,0.5,0.25047263503074646,1.5957030057907104,0.4459620416164398,0.25,1.6,0.5
6.881,TRACK,0.18274353444576263,0.3251942992210388,0.005351693369448185,0.25,0.25,0.5,1.598233938217163,0.0852070078253746,0.4484490752220154,1.6,0.1,0.5,1.5972673892974854,1.6107659339904785,0.46102526783943176,1.6,1.6,0.5,0.25047263503074646,1.5957030057907104,0.4459620416164398,0.25,1.6,0.5
6.901,TRACK,0.18274353444576263,0.3251942992210388,0.005351693369448185,0.25,0.25,0.5,1.598233938217163,0.0852070078253746,0.4484490752220154,1.6,0.1,0.5,1.5972673892974854,1.6107659339904785,0.46102526783943176,1.6,1.6,0.5,0.25352174043655396,1.596574306488037,0.4486730992794037,0.25,1.6,0.5
6.921,TRACK,0.18274353444576263,0.3251942992210388,0.005351693369448185,0.25,0.25,0.5,1.598233938217163,0.0852070078253746,0.4484490752220154,1.6,0.1,0.5,1.5980184078216553,1.611859679222107,0.46071529388427734,1.6,1.6,0.5,0.25352174043655396,1.596574306488037,0.4486730992794037,0.25,1.6,0.5
6.941,TRACK,0.18274353444576263,0.3251942992210388,0.005351693369448185,0.25,0.25,0.5,1.598233938217163,0.0852070078253746,0.4484490752220154,1.6,0.1,0.5,1.5980184078216553,1.611859679222107,0.46071529388427734,1.6,1.6,0.5,0.25352174043655396,1.596574306488037,0.4486730992794037,0.25,1.6,0.5
6.961,TRACK,0.18274353444576263,0.3251942992210388,0.005351693369448185,0.25,0.25,0.5,1.598233938217163,0.0852070078253746,0.4484490752220154,1.6,0.1,0.5,1.5980184078216553,1.611859679222107,0.46071529388427734,1.6,1.6,0.5,0.25352174043655396,1.596574306488037,0.4486730992794037,0.25,1.6,0.5
6.981,TRACK,0.18407881259918213,0.3249782919883728,0.006384141743183136,0.25,0.25,0.5,1.595914363861084,0.08734863251447678,0.44904854893684387,1.6,0.1,0.5,1.5980184078216553,1.611859679222107,0.46071529388427734,1.6,1.6,0.5,0.25352174043655396,1.596574306488037,0.4486730992794037,0.25,1.6,0.5
7.001,TRACK,0.18407881259918213,0.3249782919883728,0.006384141743183136,0.25,0.25,0.5,1.595914363861084,0.08734863251447678,0.44904854893684387,1.6,0.1,0.5,1.5980184078216553,1.611859679222107,0.46071529388427734,1.6,1.6,0.5,0.25527697801589966,1.5967144966125488,0.44353029131889343,0.25,1.6,0.5
7.021,TRACK,0.18407881259918213,0.3249782919883728,0.006384141743183136,0.25,0.25,0.5,1.595914363861084,0.08734863251447678,0.44904854893684387,1.6,0.1,0.5,1.5963308811187744,1.6098021268844604,0.4608258903026581,1.6,1.6,0.5,0.25527697801589966,1.5967144966125488,0.44353029131889343,0.25,1.6,0.5
7.041,TRACK,0.18407881259918213,0.3249782919883728,0.006384141743183136,0.25,0.25,0.5,1.595914363861084,0.08734863251447678,0.44904854893684387,1.6,0.1,0.5,1.5963308811187744,1.6098021268844604,0.4608258903026581,1.6,1.6,0.5,0.25527697801589966,1.5967144966125488,0.44353029131889343,0.25,1.6,0.5
7.061,TRACK,0.18407881259918213,0.3249782919883728,0.006384141743183136,0.25,0.25,0.5,1.595914363861084,0.08734863251447678,0.44904854893684387,1.6,0.1,0.5,1.5963308811187744,1.6098021268844604,0.4608258903026581,1.6,1.6,0.5,0.25527697801589966,1.5967144966125488,0.44353029131889343,0.25,1.6,0.5
7.081,TRACK,0.18318922817707062,0.3251878023147583,0.005864111240953207,0.25,0.25,0.5,1.599223017692566,0.0895591750741005,0.4476560354232788,1.6,0.1,0.5,1.5963308811187744,1.6098021268844604,0.4608258903026581,1.6,1.6,0.5,0.25527697801589966,1.5967144966125488,0.44353029131889343,0.25,1.6,0.5
7.101,TRACK,0.18318922817707062,0.3251878023147583,0.005864111240953207,0.25,0.25,0.5,1.599223017692566,0.0895591750741005,0.4476560354232788,1.6,0.1,0.5,1.5963308811187744,1.6098021268844604,0.4608258903026581,1.6,1.6,0.5,0.25527697801589966,1.5967144966125488,0.44353029131889343,0.25,1.6,0.5
7.121,TRACK,0.18318922817707062,0.3251878023147583,0.005864111240953207,0.25,0.25,0.5,1.599223017692566,0.0895591750741005,0.4476560354232788,1.6,0.1,0.5,1.5977345705032349,1.607590675354004,0.46092289686203003,1.6,1.6,0.5,0.25647804141044617,1.5995084047317505,0.4393288493156433,0.25,1.6,0.5
7.141,TRACK,0.18318922817707062,0.3251878023147583,0.005864111240953207,0.25,0.25,0.5,1.599223017692566,0.0895591750741005,0.4476560354232788,1.6,0.1,0.5,1.5977345705032349,1.607590675354004,0.46092289686203003,1.6,1.6,0.5,0.25647804141044617,1.5995084047317505,0.4393288493156433,0.25,1.6,0.5
7.161,TRACK,0.18318922817707062,0.3251878023147583,0.005864111240953207,0.25,0.25,0.5,1.599223017692566,0.0895591750741005,0.4476560354232788,1.6,0.1,0.5,1.5977345705032349,1.607590675354004,0.46092289686203003,1.6,1.6,0.5,0.25647804141044617,1.5995084047317505,0.4393288493156433,0.25,1.6,0.5
7.181,TRACK,0.18250614404678345,0.32544755935668945,0.005548517685383558,0.25,0.25,0.5,1.5994226932525635,0.09170538187026978,0.4495655596256256,1.6,0.1,0.5,1.5977345705032349,1.607590675354004,0.46092289686203003,1.6,1.6,0.5,0.25647804141044617,1.5995084047317505,0.4393288493156433,0.25,1.6,0.5
7.201,TRACK,0.18250614404678345,0.32544755935668945,0.005548517685383558,0.25,0.25,0.5,1.5994226932525635,0.09170538187026978,0.4495655596256256,1.6,0.1,0.5,1.5977345705032349,1.607590675354004,0.46092289686203003,1.6,1.6,0.5,0.2558366060256958,1.6015697717666626,0.44003620743751526,0.25,1.6,0.5
7.221,TRACK,0.18250614404678345,0.32544755935668945,0.005548517685383558,0.25,0.25,0.5,1.5994226932525635,0.09170538187026978,0.4495655596256256,1.6,0.1,0.5,1.5967751741409302,1.607332468032837,0.460249125957489,1.6,1.6,0.5,0.2558366060256958,1.6015697717666626,0.44003620743751526,0.25,1.6,0.5
7.241,TRACK,0.18250614404678345,0.32544755935668945,0.005548517685383558,0.25,0.25,0.5,1.5994226932525635,0.09170538187026978,0.4495655596256256,1.6,0.1,0.5,1.5967751741409302,1.607332468032837,0.460249125957489,1.6,1.6,0.5,0.2558366060256958,1.6015697717666626,0.44003620743751526,0.25,1.6,0.5
7.261,TRACK,0.18250614404678345,0.32544755935668945,0.005548517685383558,0.25,0.25,0.5,1.5994226932525635,0.09170538187026978,0.4495655596256256,1.6,0.1,0.5,1.5967751741409302,1.607332468032837,0.460249125957489,1.6,1.6,0.5,0.2558366060256958,1.6015697717666626,0.44003620743751526,0.25,1.6,0.5
7.281,TRACK,0.1819872409105301,0.32565751671791077,0.005388610064983368,0.25,0.25,0.5,1.6063488721847534,0.0895509347319603,0.44568267464637756,1.6,0.1,0.5,1.5967751741409302,1.607332468032837,0.460249125957489,1.6,1.6,0.5,0.2558366060256958,1.6015697717666626,0.44003620743751526,0.25,1.6,0.5
7.301,TRACK,0.1819872409105301,0.32565751671791077,0.005388610064983368,0.25,0.25,0.5,1.6063488721847534,0.0895509347319603,0.44568267464637756,1.6,0.1,0.5,1.5967751741409302,1.607332468032837,0.460249125957489,1.6,1.6,0.5,0.2558366060256958,1.6015697717666626,0.44003620743751526,0.25,1.6,0.5
7.321,TRACK,0.1819872409105301,0.32565751671791077,0.005388610064983368,0.25,0.25,0.5,1.6063488721847534,0.0895509347319603,0.44568267464637756,1.6,0.1,0.5,1.5959891080856323,1.6073596477508545,0.45940810441970825,1.6,1.6,0.5,0.2612275183200836,1.5991660356521606,0.44441598653793335,0.25,1.6,0.5
7.341,TRACK,0.1819872409105301,0.32565751671791077,0.005388610064983368,0.25,0.25,0.5,1.6063488721847534,0.0895509347319603,0.44568267464637756,1.6,0.1,0.5,1.5959891080856323,1.6073596477508545,0.45940810441970825,1.6,1.6,0.5,0.2612275183200836,1.5991660356521606,0.44441598653793335,0.25,1.6,0.5
7.361,TRACK,0.1819872409105301,0.32565751671791077,0.005388610064983368,0.25,0.25,0.5,1.6063488721847534,0.0895509347319603,0.44568267464637756,1.6,0.1,0.5,1.5959891080856323,1.6073596477508545,0.45940810441970825,1.6,1.6,0.5,0.2612275183200836,1.5991660356521606,0.44441598653793335,0.25,1.6,0.5
7.381,TRACK,0.18204309046268463,0.32562828063964844,0.00521023478358984,0.25,0.25,0.5,1.603631854057312,0.09112171828746796,0.4421972632408142,1.6,0.1,0.5,1.5959891080856323,1.6073596477508545,0.45940810441970825,1.6,1.6,0.5,0.2612275183200836,1.5991660356521606,0.44441598653793335,0.25,1.6,0.5
7.401,TRACK,0.18204309046268463,0.32562828063964844,0.00521023478358984,0.25,0.25,0.5,1.603631854057312,0.09112171828746796,0.4421972632408142,1.6,0.1,0.5,1.5959891080856323,1.6073596477508545,0.45940810441970825,1.6,1.6,0.5,0.26030904054641724,1.6067633628845215,0.45057833194732666,0.25,1.6,0.5
7.421,TRACK,0.18204309046268463,0.32562828063964844,0.00521023478358984,0.25,0.25,0.5,1.603631854057312,0.09112171828746796,0.4421972632408142,1.6,0.1,0.5,1.596776008605957,1.6077477931976318,0.45936518907546997,1.6,1.6,0.5,0.26030904054641724,1.6067633628845215,0.45057833194732666,0.25,1.6,0.5
7.441,TRACK,0.18204309046268463,0.32562828063964844,0.00521023478358984,0.25,0.25,0.5,1.603631854057312,0.09112171828746796,0.4421972632408142,1.6,0.1,0.5,1.596776008605957,1.6077477931976318,0.45936518907546997,1.6,1.6,0.5,0.26030904054641724,1.6067633628845215,0.45057833194732666,0.25,1.6,0.5
7.461,TRACK,0.18204309046268463,0.32562828063964844,0.00521023478358984,0.25,0.25,0.5,1.603631854057312,0.09112171828746796,0.4421972632408142,1.6,0.1,0.5,1.596776008605957,1.6077477931976318,0.45936518907546997,1.6,1.6,0.5,0.26030904054641724,1.6067633628845215,0.45057833194732666,0.25,1.6,0.5
7.481,TRACK,0.1819843202829361,0.32594409584999084,0.005261586979031563,0.25,0.25,0.5,1.6009471416473389,0.09164068102836609,0.4457000195980072,1.6,0.1,0.5,1.596776008605957,1.6077477931976318,0.45936518907546997,1.6,1.6,0.5,0.26030904054641724,1.6067633628845215,0.45057833194732666,0.25,1.6,0.5
7.501,TRACK,0.1819843202829361,0.32594409584999084,0.005261586979031563,0.25,0.25,0.5,1.6009471416473389,0.09164068102836609,0.4457000195980072,1.6,0.1,0.5,1.596776008605957,1.6077477931976318,0.45936518907546997,1.6,1.6,0.5,0.26005327701568604,1.6096380949020386,0.4519290626049042,0.25,1.6,0.5
7.521,TRACK,0.1819843202829361,0.32594409584999084,0.005261586979031563,0.25,0.25,0.5,1.6009471416473389,0.09164068102836609,0.4457000195980072,1.6,0.1,0.5,1.5970624685287476,1.6065200567245483,0.459271103143692,1.6,1.6,0.5,0.26005327701568604,1.6096380949020386,0.4519290626049042,0.25,1.6,0.5
7.541,TRACK,0.1819843202829361,0.32594409584999084,0.005261586979031563,0.25,0.25,0.5,1.6009471416473389,0.09164068102836609,0.4457000195980072,1.6,0.1,0.5,1.5970624685287476,1.6065200567245483,0.459271103143692,1.6,1.6,0.5,0.26005327701568604,1.6096380949020386,0.4519290626049042,0.25,1.6,0.5
7.561,TRACK,0.1819843202829361,0.32594409584999084,0.005261586979031563,0.25,0.25,0.5,1.6009471416473389,0.09164068102836609,0.4457000195980072,1.6,0.1,0.5,1.5970624685287476,1.6065200567245483,0.459271103143692,1.6,1.6,0.5,0.26005327701568604,1.6096380949020386,0.4519290626049042,0.25,1.6,0.5
7.581,TRACK,0.1820068508386612,0.3255828320980072,0.005177595652639866,0.25,0.25,0.5,1.597746729850769,0.09155348688364029,0.4509243965148926,1.6,0.1,0.5,1.5970624685287476,1.6065200567245483,0.459271103143692,1.6,1.6,0.5,0.26005327701568604,1.6096380949020386,0.4519290626049042,0.25,1.6,0.5
7.601,TRACK,0.1820068508386612,0.3255828320980072,0.005177595652639866,0.25,0.25,0.5,1.597746729850769,0.09155348688364029,0.4509243965148926,1.6,0.1,0.5,1.5970624685287476,1.6065200567245483,0.459271103143692,1.6,1.6,0.5,0.25952160358428955,1.6156965494155884,0.4483884572982788,0.25,1.6,0.5
7.621,TRACK,0.1820068508386612,0.3255828320980072,0.005177595652639866,0.25,0.25,0.5,1.597746729850769,0.09155348688364029,0.4509243965148926,1.6,0.1,0.5,1.5970039367675781,1.6027671098709106,0.46089956164360046,1.6,1.6,0.5,0.25952160358428955,1.6156965494155884,0.4483884572982788,0.25,1.6,0.5
7.641,TRACK,0.1820068508386612,0.3255828320980072,0.005177595652639866,0.25,0.25,0.5,1.597746729850769,0.09155348688364029,0.4509243965148926,1.6,0.1,0.5,1.5970039367675781,1.6027671098709106,0.46089956164360046,1.6,1.6,0.5,0.25952160358428955,1.6156965494155884,0.4483884572982788,0.25,1.6,0.5
7.661,TRACK,0.1820068508386612,0.3255828320980072,0.005177595652639866,0.25,0.25,0.5,1.597746729850769,0.09155348688364029,0.4509243965148926,1.6,0.1,0.5,1.5970039367675781,1.6027671098709106,0.46089956164360046,1.6,1.6,0.5,0.25952160358428955,1.6156965494155884,0.4483884572982788,0.25,1.6,0.5
7.681,TRACK,0.18195652961730957,0.32565346360206604,0.0052238935604691505,0.25,0.25,0.5,1.5960813760757446,0.09103740006685257,0.4516650140285492,1.6,0.1,0.5,1.5970039367675781,1.6027671098709106,0.46089956164360046,1.6,1.6,0.5,0.25952160358428955,1.6156965494155884,0.4483884572982788,0.25,1.6,0.5
7.701,TRACK,0.18195652961730957,0.32565346360206604,0.0052238935604691505,0.25,0.25,0.5,1.5960813760757446,0.09103740006685257,0.4516650140285492,1.6,0.1,0.5,1.5970039367675781,1.6027671098709106,0.46089956164360046,1.6,1.6,0.5,0.2589446008205414,1.6174834966659546,0.4433556795120239,0.25,1.6,0.5
7.721,TRACK,0.18195652961730957,0.32565346360206604,0.0052238935604691505,0.25,0.25,0.5,1.5960813760757446,0.09103740006685257,0.4516650140285492,1.6,0.1,0.5,1.5965781211853027,1.602280616760254,0.4606821537017822,1.6,1.6,0.5,0.2589446008205414,1.6174834966659546,0.4433556795120239,0.25,1.6,0.5
7.741,TRACK,0.18195652961730957,0.32565346360206604,0.0052238935604691505,0.25,0.25,0.5,1.5960813760757446,0.09103740006685257,0.4516650140285492,1.6,0.1,0.5,1.5965781211853027,1.602280616760254,0.4606821537017822,1.6,1.6,0.5,0.2589446008205414,1.6174834966659546,0.4433556795120239,0.25,1.6,0.5
7.761,TRACK,0.18195652961730957,0.32565346360206604,0.0052238935604691505,0.25,0.25,0.5,1.5960813760757446,0.09103740006685257,0.4516650140285492,1.6,0.1,0.5,1.5965781211853027,1.602280616760254,0.4606821537017822,1.6,1.6,0.5,0.2589446008205414,1.6174834966659546,0.4433556795120239,0.25,1.6,0.5
7.781,TRACK,0.1807948797941208,0.327679842710495,0.005364407319575548,0.25,0.25,0.5,1.595550298690796,0.0911802351474762,0.44812554121017456,1.6,0.1,0.5,1.5965781211853027,1.602280616760254,0.4606821537017822,1.6,1.6,0.5,0.2589446008205414,1.6174834966659546,0.4433556795120239,0.25,1.6,0.5
7.801,TRACK,0.1807948797941208,0.327679842710495,0.005364407319575548,0.25,0.25,0.5,1.595550298690796,0.0911802351474762,0.44812554121017456,1.6,0.1,0.5,1.5965781211853027,1.602280616760254,0.4606821537017822,1.6,1.6,0.5,0.25774431228637695,1.6135711669921875,0.44532912969589233,0.25,1.6,0.5
7.821,TRACK,0.1807948797941208,0.327679842710495,0.005364407319575548,0.25,0.25,0.5,1.595550298690796,0.0911802351474762,0.44812554121017456,1.6,0.1,0.5,1.5949686765670776,1.6012887954711914,0.46069905161857605,1.6,1.6,0.5,0.25774431228637695,1.6135711669921875,0.44532912969589233,0.25,1.6,0.5
7.841,TRACK,0.1807948797941208,0.327679842710495,0.005364407319575548,0.25,0.25,0.5,1.595550298690796,0.0911802351474762,0.44812554121017456,1.6,0.1,0.5,1.5949686765670776,1.6012887954711914,0.46069905161857605,1.6,1.6,0.5,0.25774431228637695,1.6135711669921875,0.44532912969589233,0.25,1.6,0.5
7.861,TRACK,0.1807948797941208,0.327679842710495,0.005364407319575548,0.25,0.25,0.5,1.595550298690796,0.0911802351474762,0.44812554121017456,1.6,0.1,0.5,1.5949686765670776,1.6012887954711914,0.46069905161857605,1.6,1.6,0.5,0.25774431228637695,1.6135711669921875,0.44532912969589233,0.25,1.6,0.5
7.881,TRACK,0.18097007274627686,0.32603272795677185,0.004674325231462717,0.25,0.25,0.5,1.5925216674804688,0.09105472266674042,0.44366443157196045,1.6,0.1,0.5,1.5949686765670776,1.6012887954711914,0.46069905161857605,1.6,1.6,0.5,0.25774431228637695,1.6135711669921875,0.44532912969589233,0.25,1.6,0.5
7.901,TRACK,0.18097007274627686,0.32603272795677185,0.004674325231462717,0.25,0.25,0.5,1.5925216674804688,0.09105472266674042,0.44366443157196045,1.6,0.1,0.5,1.5949686765670776,1.6012887954711914,0.46069905161857605,1.6,1.6,0.5,0.25774431228637695,1.6135711669921875,0.44532912969589233,0.25,1.6,0.5
7.921,TRACK,0.18097007274627686,0.32603272795677185,0.004674325231462717,0.25,0.25,0.5,1.5925216674804688,0.09105472266674042,0.44366443157196045,1.6,0.1,0.5,1.5957541465759277,1.6024118661880493,0.45950594544410706,1.6,1.6,0.5,0.25400835275650024,1.6121269464492798,0.4420458674430847,0.25,1.6,0.5
7.941,TRACK,0.18097007274627686,0.32603272795677185,0.004674325231462717,0.25,0.25,0.5,1.5925216674804688,0.09105472266674042,0.44366443157196045,1.6,0.1,0.5,1.5957541465759277,1.6024118661880493,0.45950594544410706,1.6,1.6,0.5,0.25400835275650024,1.6121269464492798,0.4420458674430847,0.25,1.6,0.5
7.961,TRACK,0.18097007274627686,0.32603272795677185,0.004674325231462717,0.25,0.25,0.5,1.5925216674804688,0.09105472266674042,0.44366443157196045,1.6,0.1,0.5,1.5957541465759277,1.6024118661880493,0.45950594544410706,1.6,1.6,0.5,0.25400835275650024,1.6121269464492798,0.4420458674430847,0.25,1.6,0.5
7.981,TRACK,0.1817476749420166,0.32558324933052063,0.004902312066406012,0.25,0.25,0.5,1.5900427103042603,0.09054657071828842,0.44880422949790955,1.6,0.1,0.5,1.5957541465759277,1.6024118661880493,0.45950594544410706,1.6,1.6,0.5,0.25400835275650024,1.6121269464492798,0.4420458674430847,0.25,1.6,0.5
8.001,TRACK,0.1817476749420166,0.32558324933052063,0.004902312066406012,0.25,0.25,0.5,1.5900427103042603,0.09054657071828842,0.44880422949790955,1.6,0.1,0.5,1.5957541465759277,1.6024118661880493,0.45950594544410706,1.6,1.6,0.5,0.25841107964515686,1.6091551780700684,0.4481824040412903,0.25,1.6,0.5
8.021,TRACK,0.1817476749420166,0.32558324933052063,0.004902312066406012,0.25,0.25,0.5,1.5900427103042603,0.09054657071828842,0.44880422949790955,1.6,0.1,0.5,1.5962146520614624,1.5985053777694702,0.45979928970336914,1.6,1.6,0.5,0.25841107964515686,1.6091551780700684,0.4481824040412903,0.25,1.6,0.5
8.041,TRACK,0.1817476749420166,0.32558324933052063,0.004902312066406012,0.25,0.25,0.5,1.5900427103042603,0.09054657071828842,0.44880422949790955,1.6,0.1,0.5,1.5962146520614624,1.5985053777694702,0.45979928970336914,1.6,1.6,0.5,0.25841107964515686,1.6091551780700684,0.4481824040412903,0.25,1.6,0.5
8.061,TRACK,0.1817476749420166,0.32558324933052063,0.004902312066406012,0.25,0.25,0.5,1.5900427103042603,0.09054657071828842,0.44880422949790955,1.6,0.1,0.5,1.5962146520614624,1.5985053777694702,0.45979928970336914,1.6,1.6,0.5,0.25841107964515686,1.6091551780700684,0.4481824040412903,0.25,1.6,0.5
8.081,TRACK,0.18207690119743347,0.32550349831581116,0.005301101598888636,0.25,0.25,0.5,1.593141794204712,0.08853116631507874,0.44686001539230347,1.6,0.1,0.5,1.5962146520614624,1.5985053777694702,0.45979928970336914,1.6,1.6,0.5,0.25841107964515686,1.6091551780700684,0.4481824040412903,0.25,1.6,0.5
8.101,TRACK,0.18207690119743347,0.32550349831581116,0.005301101598888636,0.25,0.25,0.5,1.593141794204712,0.08853116631507874,0.44686001539230347,1.6,0.1,0.5,1.5962146520614624,1.5985053777694702,0.45979928970336914,1.6,1.6,0.5,0.26022621989250183,1.6075798273086548,0.4496610462665558,0.25,1.6,0.5
8.121,TRACK,0.18207690119743347,0.32550349831581116,0.005301101598888636,0.25,0.25,0.5,1.593141794204712,0.08853116631507874,0.44686001539230347,1.6,0.1,0.5,1.5995985269546509,1.5960657596588135,0.4595595896244049,1.6,1.6,0.5,0.26022621989250183,1.6075798273086548,0.4496610462665558,0.25,1.6,0.5
8.141,TRACK,0.18207690119743347,0.32550349831581116,0.005301101598888636,0.25,0.25,0.5,1.593141794204712,0.08853116631507874,0.44686001539230347,1.6,0.1,0.5,1.5995985269546509,1.5960657596588135,0.4595595896244049,1.6,1.6,0.5,0.26022621989250183,1.6075798273086548,0.4496610462665558,0.25,1.6,0.5
8.161,TRACK,0.18207690119743347,0.32550349831581116,0.005301101598888636,0.25,0.25,0.5,1.593141794204712,0.08853116631507874,0.44686001539230347,1.6,0.1,0.5,1.5995985269546509,1.5960657596588135,0.4595595896244049,1.6,1.6,0.5,0.26022621989250183,1.6075798273086548,0.4496610462665558,0.25,1.6,0.5
8.181,TRACK,0.1820889264345169,0.32566943764686584,0.005283318925648928,0.25,0.25,0.5,1.595021367073059,0.08572385460138321,0.4488798677921295,1.6,0.1,0.5,1.5995985269546509,1.5960657596588135,0.4595595896244049,1.6,1.6,0.5,0.26022621989250183,1.6075798273086548,0.4496610462665558,0.25,1.6,0.5
8.201,TRACK,0.1820889264345169,0.32566943764686584,0.005283318925648928,0.25,0.25,0.5,1.595021367073059,0.08572385460138321,0.4488798677921295,1.6,0.1,0.5,1.5995985269546509,1.5960657596588135,0.4595595896244049,1.6,1.6,0.5,0.25874754786491394,1.612961769104004,0.4470434784889221,0.25,1.6,0.5
8.221,TRACK,0.1820889264345169,0.32566943764686584,0.005283318925648928,0.25,0.25,0.5,1.595021367073059,0.08572385460138321,0.4488798677921295,1.6,0.1,0.5,1.598757028579712,1.6006262302398682,0.4576941728591919,1.6,1.6,0.5,0.25874754786491394,1.612961769104004,0.4470434784889221,0.25,1.6,0.5
8.241,TRACK,0.1820889264345169,0.32566943764686584,0.005283318925648928,0.25,0.25,0.5,1.595021367073059,0.08572385460138321,0.4488798677921295,1.6,0.1,0.5,1.598757028579712,1.6006262302398682,0.4576941728591919,1.6,1.6,0.5,0.25874754786491394,1.612961769104004,0.4470434784889221,0.25,1.6,0.5
8.261,TRACK,0.1820889264345169,0.32566943764686584,0.005283318925648928,0.25,0.25,0.5,1.5911893844604492,0.08683629333972931,0.4502909183502197,1.6,0.1,0.5,1.598757028579712,1.6006262302398682,0.4576941728591919,1.6,1.6,0.5,0.25874754786491394,1.612961769104004,0.4470434784889221,0.25,1.6,0.5
8.281,TRACK,0.1823648363351822,0.3257613182067871,0.005310299806296825,0.25,0.25,0.5,1.5911893844604492,0.08683629333972931,0.4502909183502197,1.6,0.1,0.5,1.598757028579712,1.6006262302398682,0.4576941728591919,1.6,1.6,0.5,0.25874754786491394,1.612961769104004,0.4470434784889221,0.25,1.6,0.5
8.301,TRACK,0.1823648363351822,0.3257613182067871,0.005310299806296825,0.25,0.25,0.5,1.5911893844604492,0.08683629333972931,0.4502909183502197,1.6,0.1,0.5,1.598757028579712,1.6006262302398682,0.4576941728591919,1.6,1.6,0.5,0.25969529151916504,1.6077691316604614,0.4427673816680908,0.25,1.6,0.5
8.321,TRACK,0.1823648363351822,0.3257613182067871,0.005310299806296825,0.25,0.25,0.5,1.5911893844604492,0.08683629333972931,0.4502909183502197,1.6,0.1,0.5,1.5989991426467896,1.5981653928756714,0.457991361618042,1.6,1.6,0.5,0.25969529151916504,1.6077691316604614,0.4427673816680908,0.25,1.6,0.5
8.341,TRACK,0.1823648363351822,0.3257613182067871,0.005310299806296825,0.25,0.25,0.5,1.5911893844604492,0.08683629333972931,0.4502909183502197,1.6,0.1,0.5,1.5989991426467896,1.5981653928756714,0.457991361618042,1.6,1.6,0.5,0.25969529151916504,1.6077691316604614,0.4427673816680908,0.25,1.6,0.5
8.361,TRACK,0.1823648363351822,0.3257613182067871,0.005310299806296825,0.25,0.25,0.5,1.5911893844604492,0.08683629333972931,0.4502909183502197,1.6,0.1,0.5,1.5989991426467896,1.5981653928756714,0.457991361618042,1.6,1.6,0.5,0.25969529151916504,1.6077691316604614,0.4427673816680908,0.25,1.6,0.5
8.381,TRACK,0.1821666955947876,0.32579174637794495,0.005344109609723091,0.25,0.25,0.5,1.5942199230194092,0.08601392060518265,0.44600504636764526,1.6,0.1,0.5,1.5989991426467896,1.5981653928756714,0.457991361618042,1.6,1.6,0.5,0.25969529151916504,1.6077691316604614,0.4427673816680908,0.25,1.6,0.5
8.401,TRACK,0.1821666955947876,0.32579174637794495,0.005344109609723091,0.25,0.25,0.5,1.5942199230194092,0.08601392060518265,0.44600504636764526,1.6,0.1,0.5,1.5989991426467896,1.5981653928756714,0.457991361618042,1.6,1.6,0.5,0.2536275386810303,1.6130574941635132,0.43895336985588074,0.25,1.6,0.5
8.421,TRACK,0.1821666955947876,0.32579174637794495,0.005344109609723091,0.25,0.25,0.5,1.5942199230194092,0.08601392060518265,0.44600504636764526,1.6,0.1,0.5,1.5998005867004395,1.595065712928772,0.45944535732269287,1.6,1.6,0.5,0.2536275386810303,1.6130574941635132,0.43895336985588074,0.25,1.6,0.5
8.441,TRACK,0.1821666955947876,0.32579174637794495,0.005344109609723091,0.25,0.25,0.5,1.5942199230194092,0.08601392060518265,0.44600504636764526,1.6,0.1,0.5,1.5998005867004395,1.595065712928772,0.45944535732269287,1.6,1.6,0.5,0.2536275386810303,1.6130574941635132,0.43895336985588074,0.25,1.6,0.5
8.461,TRACK,0.1821666955947876,0.32579174637794495,0.005344109609723091,0.25,0.25,0.5,1.5942199230194092,0.08601392060518265,0.44600504636764526,1.6,0.1,0.5,1.5998005867004395,1.595065712928772,0.45944535732269287,1.6,1.6,0.5,0.2536275386810303,1.6130574941635132,0.43895336985588074,0.25,1.6,0.5
8.481,TRACK,0.18206390738487244,0.3258577287197113,0.0055269538424909115,0.25,0.25,0.5,1.5944159030914307,0.08470744639635086,0.44346854090690613,1.6,0.1,0.5,1.5998005867004395,1.595065712928772,0.45944535732269287,1.6,1.6,0.5,0.2536275386810303,1.6130574941635132,0.43895336985588074,0.25,1.6,0.5
8.501,TRACK,0.18206390738487244,0.3258577287197113,0.0055269538424909115,0.25,0.25,0.5,1.5944159030914307,0.08470744639635086,0.44346854090690613,1.6,0.1,0.5,1.5998005867004395,1.595065712928772,0.45944535732269287,1.6,1.6,0.5,0.2572624981403351,1.6071850061416626,0.44344469904899597,0.25,1.6,0.5
8.521,TRACK,0.18206390738487244,0.3258577287197113,0.0055269538424909115,0.25,0.25,0.5,1.5944159030914307,0.08470744639635086,0.44346854090690613,1.6,0.1,0.5,1.59825599193573,1.5933541059494019,0.46097761392593384,1.6,1.6,0.5,0.2572624981403351,1.6071850061416626,0.44344469904899597,0.25,1.6,0.5
8.541,TRACK,0.18206390738487244,0.3258577287197113,0.0055269538424909115,0.25,0.25,0.5,1.5944159030914307,0.08470744639635086,0.44346854090690613,1.6,0.1,0.5,1.59825599193573,1.5933541059494019,0.46097761392593384,1.6,1.6,0.5,0.2572624981403351,1.6071850061416626,0.44344469904899597,0.25,1.6,0.5
8.561,TRACK,0.18206390738487244,0.3258577287197113,0.0055269538424909115,0.25,0.25,0.5,1.5944159030914307,0.08470744639635086,0.44346854090690613,1.6,0.1,0.5,1.59825599193573,1.5933541059494019,0.46097761392593384,1.6,1.6,0.5,0.2572624981403351,1.6071850061416626,0.44344469904899597,0.25,1.6,0.5
8.581,TRACK,0.18008260428905487,0.32943764328956604,0.006266211159527302,0.25,0.25,0.5,1.5951507091522217,0.08319561183452606,0.44275394082069397,1.6,0.1,0.5,1.59825599193573,1.5933541059494019,0.46097761392593384,1.6,1.6,0.5,0.2572624981403351,1.6071850061416626,0.44344469904899597,0.25,1.6,0.5
8.601,TRACK,0.18008260428905487,0.32943764328956604,0.006266211159527302,0.25,0.25,0.5,1.5951507091522217,0.08319561183452606,0.44275394082069397,1.6,0.1,0.5,1.59825599193573,1.5933541059494019,0.46097761392593384,1.6,1.6,0.5,0.25566551089286804,1.6048061847686768,0.4451674520969391,0.25,1.6,0.5
8.621,TRACK,0.18008260428905487,0.32943764328956604,0.006266211159527302,0.25,0.25,0.5,1.5951507091522217,0.08319561183452606,0.44275394082069397,1.6,0.1,0.5,1.6002410650253296,1.591921091079712,0.4600161612033844,1.6,1.6,0.5,0.25566551089286804,1.6048061847686768,0.4451674520969391,0.25,1.6,0.5
8.641,TRACK,0.18008260428905487,0.32943764328956604,0.006266211159527302,0.25,0.25,0.5,1.5951507091522217,0.08319561183452606,0.44275394082069397,1.6,0.1,0.5,1.6002410650253296,1.591921091079712,0.4600161612033844,1.6,1.6,0.5,0.25566551089286804,1.6048061847686768,0.4451674520969391,0.25,1.6,0.5
8.661,TRACK,0.18008260428905487,0.32943764328956604,0.006266211159527302,0.25,0.25,0.5,1.5951507091522217,0.08319561183452606,0.44275394082069397,1.6,0.1,0.5,1.6002410650253296,1.591921091079712,0.4600161612033844,1.6,1.6,0.5,0.25566551089286804,1.6048061847686768,0.4451674520969391,0.25,1.6,0.5
8.681,TRACK,0.18115299940109253,0.32655197381973267,0.00519086979329586,0.25,0.25,0.5,1.596072793006897,0.08124113082885742,0.447652131319046,1.6,0.1,0.5,1.6002410650253296,1.591921091079712,0.4600161612033844,1.6,1.6,0.5,0.25566551089286804,1.6048061847686768,0.4451674520969391,0.25,1.6,0.5
8.701,TRACK,0.18115299940109253,0.32655197381973267,0.00519086979329586,0.25,0.25,0.5,1.596072793006897,0.08124113082885742,0.447652131319046,1.6,0.1,0.5,1.6002410650253296,1.591921091079712,0.4600161612033844,1.6,1.6,0.5,0.25169309973716736,1.6054095029830933,0.44642430543899536,0.25,1.6,0.5
8.721,TRACK,0.18115299940109253,0.32655197381973267,0.00519086979329586,0.25,0.25,0.5,1.596072793006897,0.08124113082885742,0.447652131319046,1.6,0.1,0.5,1.5996488332748413,1.5916839838027954,0.4596048593521118,1.6,1.6,0.5,0.25169309973716736,1.6054095029830933,0.44642430543899536,0.25,1.6,0.5
8.741,TRACK,0.18115299940109253,0.32655197381973267,0.00519086979329586,0.25,0.25,0.5,1.596072793006897,0.08124113082885742,0.447652131319046,1.6,0.1,0.5,1.5996488332748413,1.5916839838027954,0.4596048593521118,1.6,1.6,0.5,0.25169309973716736,1.6054095029830933,0.44642430543899536,0.25,1.6,0.5
8.761,TRACK,0.18115299940109253,0.32655197381973267,0.00519086979329586,0.25,0.25,0.5,1.596072793006897,0.08124113082885742,0.447652131319046,1.6,0.1,0.5,1.5996488332748413,1.5916839838027954,0.4596048593521118,1.6,1.6,0.5,0.25169309973716736,1.6054095029830933,0.44642430543899536,0.25,1.6,0.5
8.781,TRACK,0.18204927444458008,0.3256814777851105,0.005011407658457756,0.25,0.25,0.5,1.5922784805297852,0.08094778656959534,0.4525391757488251,1.6,0.1,0.5,1.5996488332748413,1.5916839838027954,0.4596048593521118,1.6,1.6,0.5,0.25169309973716736,1.6054095029830933,0.44642430543899536,0.25,1.6,0.5
8.801,TRACK,0.18204927444458008,0.3256814777851105,0.005011407658457756,0.25,0.25,0.5,1.5922784805297852,0.08094778656959534,0.4525391757488251,1.6,0.1,0.5,1.5996488332748413,1.5916839838027954,0.4596048593521118,1.6,1.6,0.5,0.24771210551261902,1.6054102182388306,0.43985286355018616,0.25,1.6,0.5
8.821,TRACK,0.18204927444458008,0.3256814777851105,0.005011407658457756,0.25,0.25,0.5,1.5922784805297852,0.08094778656959534,0.4525391757488251,1.6,0.1,0.5,1.6000972986221313,1.5940232276916504,0.45804134011268616,1.6,1.6,0.5,0.24771210551261902,1.6054102182388306,0.43985286355018616,0.25,1.6,0.5
8.841,TRACK,0.18204927444458008,0.3256814777851105,0.005011407658457756,0.25,0.25,0.5,1.5922784805297852,0.08094778656959534,0.4525391757488251,1.6,0.1,0.5,1.6000972986221313,1.5940232276916504,0.45804134011268616,1.6,1.6,0.5,0.24771210551261902,1.6054102182388306,0.43985286355018616,0.25,1.6,0.5
8.861,TRACK,0.18204927444458008,0.3256814777851105,0.005011407658457756,0.25,0.25,0.5,1.5922784805297852,0.08094778656959534,0.4525391757488251,1.6,0.1,0.5,1.6000972986221313,1.5940232276916504,0.45804134011268616,1.6,1.6,0.5,0.24771210551261902,1.6054102182388306,0.43985286355018616,0.25,1.6,0.5
8.881,TRACK,0.18232111632823944,0.32567450404167175,0.005022403318434954,0.25,0.25,0.5,1.5944714546203613,0.08036553114652634,0.45017650723457336,1.6,0.1,0.5,1.6000972986221313,1.5940232276916504,0.45804134011268616,1.6,1.6,0.5,0.24771210551261902,1.6054102182388306,0.43985286355018616,0.25,1.6,0.5
8.901,TRACK,0.18232111632823944,0.32567450404167175,0.005022403318434954,0.25,0.25,0.5,1.5944714546203613,0.08036553114652634,0.45017650723457336,1.6,0.1,0.5,1.6000972986221313,1.5940232276916504,0.45804134011268616,1.6,1.6,0.5,0.24908778071403503,1.6016831398010254,0.4408285617828369,0.25,1.6,0.5
8.921,TRACK,0.18232111632823944,0.32567450404167175,0.005022403318434954,0.25,0.25,0.5,1.5944714546203613,0.08036553114652634,0.45017650723457336,1.6,0.1,0.5,1.6014138460159302,1.5938042402267456,0.4586934447288513,1.6,1.6,0.5,0.24908778071403503,1.6016831398010254,0.4408285617828369,0.25,1.6,0.5
8.941,TRACK,0.18232111632823944,0.32567450404167175,0.005022403318434954,0.25,0.25,0.5,1.5944714546203613,0.08036553114652634,0.45017650723457336,1.6,0.1,0.5,1.6014138460159302,1.5938042402267456,0.4586934447288513,1.6,1.6,0.5,0.24908778071403503,1.6016831398010254,0.4408285617828369,0.25,1.6,0.5
8.961,TRACK,0.18232111632823944,0.32567450404167175,0.005022403318434954,0.25,0.25,0.5,1.5944714546203613,0.08036553114652634,0.45017650723457336,1.6,0.1,0.5,1.6014138460159302,1.5938042402267456,0.4586934447288513,1.6,1.6,0.5,0.24908778071403503,1.6016831398010254,0.4408285617828369,0.25,1.6,0.5
8.981,TRACK,0.18257957696914673,0.325448215007782,0.005230900831520557,0.25,0.25,0.5,1.5915756225585938,0.08105043321847916,0.44569408893585205,1.6,0.1,0.5,1.6014138460159302,1.5938042402267456,0.4586934447288513,1.6,1.6,0.5,0.24908778071403503,1.6016831398010254,0.4408285617828369,0.25,1.6,0.5
9.001,TRACK,0.18257957696914673,0.325448215007782,0.005230900831520557,0.25,0.25,0.5,1.5915756225585938,0.08105043321847916,0.44569408893585205,1.6,0.1,0.5,1.6014138460159302,1.5938042402267456,0.4586934447288513,1.6,1.6,0.5,0.24946679174900055,1.5964354276657104,0.4433211386203766,0.25,1.6,0.5
9.021,TRACK,0.18257957696914673,0.325448215007782,0.005230900831520557,0.25,0.25,0.5,1.5915756225585938,0.08105043321847916,0.44569408893585205,1.6,0.1,0.5,1.601413369178772,1.5976043939590454,0.45883506536483765,1.6,1.6,0.5,0.24946679174900055,1.5964354276657104,0.4433211386203766,0.25,1.6,0.5
9.041,TRACK,0.18257957696914673,0.325448215007782,0.005230900831520557,0.25,0.25,0.5,1.5915756225585938,0.08105043321847916,0.44569408893585205,1.6,0.1,0.5,1.601413369178772,1.5976043939590454,0.45883506536483765,1.6,1.6,0.5,0.24946679174900055,1.5964354276657104,0.4433211386203766,0.25,1.6,0.5
9.061,TRACK,0.18257957696914673,0.325448215007782,0.005230900831520557,0.25,0.25,0.5,1.5915756225585938,0.08105043321847916,0.44569408893585205,1.6,0.1,0.5,1.601413369178772,1.5976043939590454,0.45883506536483765,1.6,1.6,0.5,0.24946679174900055,1.5964354276657104,0.4433211386203766,0.25,1.6,0.5
9.081,TRACK,0.18218275904655457,0.325569748878479,0.005175246391445398,0.25,0.25,0.5,1.5964539051055908,0.0810224860906601,0.4427499771118164,1.6,0.1,0.5,1.601413369178772,1.5976043939590454,0.45883506536483765,1.6,1.6,0.5,0.24946679174900055,1.5964354276657104,0.4433211386203766,0.25,1.6,0.5
9.101,TRACK,0.18218275904655457,0.325569748878479,0.005175246391445398,0.25,0.25,0.5,1.5964539051055908,0.0810224860906601,0.4427499771118164,1.6,0.1,0.5,1.601413369178772,1.5976043939590454,0.45883506536483765,1.6,1.6,0.5,0.24946971237659454,1.5954605340957642,0.44580090045928955,0.25,1.6,0.5
9.121,TRACK,0.18218275904655457,0.325569748878479,0.005175246391445398,0.25,0.25,0.5,1.5964539051055908,0.0810224860906601,0.4427499771118164,1.6,0.1,0.5,1.6020379066467285,1.5974284410476685,0.45953255891799927,1.6,1.6,0.5,0.24946971237659454,1.5954605340957642,0.44580090045928955,0.25,1.6,0.5
9.141,TRACK,0.18218275904655457,0.325569748878479,0.005175246391445398,0.25,0.25,0.5,1.5964539051055908,0.0810224860906601,0.4427499771118164,1.6,0.1,0.5,1.6020379066467285,1.5974284410476685,0.45953255891799927,1.6,1.6,0.5,0.24946971237659454,1.5954605340957642,0.44580090045928955,0.25,1.6,0.5
9.161,TRACK,0.18218275904655457,0.325569748878479,0.005175246391445398,0.25,0.25,0.5,1.5964539051055908,0.0810224860906601,0.4427499771118164,1.6,0.1,0.5,1.6020379066467285,1.5974284410476685,0.45953255891799927,1.6,1.6,0.5,0.24946971237659454,1.5954605340957642,0.44580090045928955,0.25,1.6,0.5
9.181,TRACK,0.18211263418197632,0.3255520164966583,0.005294176749885082,0.25,0.25,0.5,1.5946296453475952,0.08304142951965332,0.4407891631126404,1.6,0.1,0.5,1.6020379066467285,1.5974284410476685,0.45953255891799927,1.6,1.6,0.5,0.24946971237659454,1.5954605340957642,0.44580090045928955,0.25,1.6,0.5
9.201,TRACK,0.18211263418197632,0.3255520164966583,0.005294176749885082,0.25,0.25,0.5,1.5946296453475952,0.08304142951965332,0.4407891631126404,1.6,0.1,0.5,1.6020379066467285,1.5974284410476685,0.45953255891799927,1.6,1.6,0.5,0.25040552020072937,1.590560793876648,0.4405577480792999,0.25,1.6,0.5
9.221,TRACK,0.18211263418197632,0.3255520164966583,0.005294176749885082,0.25,0.25,0.5,1.5946296453475952,0.08304142951965332,0.4407891631126404,1.6,0.1,0.5,1.602103590965271,1.5999579429626465,0.45933037996292114,1.6,1.6,0.5,0.25040552020072937,1.590560793876648,0.4405577480792999,0.25,1.6,0.5
9.241,TRACK,0.18211263418197632,0.3255520164966583,0.005294176749885082,0.25,0.25,0.5,1.5946296453475952,0.08304142951965332,0.4407891631126404,1.6,0.1,0.5,1.602103590965271,1.5999579429626465,0.45933037996292114,1.6,1.6,0.5,0.25040552020072937,1.590560793876648,0.4405577480792999,0.25,1.6,0.5
9.261,TRACK,0.18211263418197632,0.3255520164966583,0.005294176749885082,0.25,0.25,0.5,1.5946296453475952,0.08304142951965332,0.4407891631126404,1.6,0.1,0.5,1.602103590965271,1.5999579429626465,0.45933037996292114,1.6,1.6,0.5,0.25040552020072937,1.590560793876648,0.4405577480792999,0.25,1.6,0.5
9.281,TRACK,0.17982228100299835,0.32882824540138245,0.006106747779995203,0.25,0.25,0.5,1.5934138298034668,0.08500946313142776,0.44533443450927734,1.6,0.1,0.5,1.602103590965271,1.5999579429626465,0.45933037996292114,1.6,1.6,0.5,0.25040552020072937,1.590560793876648,0.4405577480792999,0.25,1.6,0.5
9.301,TRACK,0.17982228100299835,0.32882824540138245,0.006106747779995203,0.25,0.25,0.5,1.5934138298034668,0.08500946313142776,0.44533443450927734,1.6,0.1,0.5,1.602103590965271,1.5999579429626465,0.45933037996292114,1.6,1.6,0.5,0.25017663836479187,1.5893950462341309,0.4372232258319855,0.25,1.6,0.5
9.321,TRACK,0.17982228100299835,0.32882824540138245,0.006106747779995203,0.25,0.25,0.5,1.5934138298034668,0.08500946313142776,0.44533443450927734,1.6,0.1,0.5,1.6009860038757324,1.5980743169784546,0.4607371389865875,1.6,1.6,0.5,0.25017663836479187,1.5893950462341309,0.4372232258319855,0.25,1.6,0.5
9.341,TRACK,0.17982228100299835,0.32882824540138245,0.006106747779995203,0.25,0.25,0.5,1.5934138298034668,0.08500946313142776,0.44533443450927734,1.6,0.1,0.5,1.6009860038757324,1.5980743169784546,0.4607371389865875,1.6,1.6,0.5,0.25017663836479187,1.5893950462341309,0.4372232258319855,0.25,1.6,0.5
9.361,TRACK,0.17982228100299835,0.32882824540138245,0.006106747779995203,0.25,0.25,0.5,1.592519760131836,0.08733169734477997,0.4488055109977722,1.6,0.1,0.5,1.6009860038757324,1.5980743169784546,0.4607371389865875,1.6,1.6,0.5,0.25017663836479187,1.5893950462341309,0.4372232258319855,0.25,1.6,0.5
9.381,TRACK,0.1815783828496933,0.3272325396537781,0.006092042196542025,0.25,0.25,0.5,1.592519760131836,0.08733169734477997,0.4488055109977722,1.6,0.1,0.5,1.6009860038757324,1.5980743169784546,0.4607371389865875,1.6,1.6,0.5,0.25017663836479187,1.5893950462341309,0.4372232258319855,0.25,1.6,0.5
9.401,TRACK,0.1815783828496933,0.3272325396537781,0.006092042196542025,0.25,0.25,0.5,1.592519760131836,0.08733169734477997,0.4488055109977722,1.6,0.1,0.5,1.6009860038757324,1.5980743169784546,0.4607371389865875,1.6,1.6,0.5,0.24489648640155792,1.5975291728973389,0.44216081500053406,0.25,1.6,0.5
9.421,TRACK,0.1815783828496933,0.3272325396537781,0.006092042196542025,0.25,0.25,0.5,1.592519760131836,0.08733169734477997,0.4488055109977722,1.6,0.1,0.5,1.6029340028762817,1.59888756275177,0.45951423048973083,1.6,1.6,0.5,0.24489648640155792,1.5975291728973389,0.44216081500053406,0.25,1.6,0.5
9.441,TRACK,0.1815783828496933,0.3272325396537781,0.006092042196542025,0.25,0.25,0.5,1.592519760131836,0.08733169734477997,0.4488055109977722,1.6,0.1,0.5,1.6029340028762817,1.59888756275177,0.45951423048973083,1.6,1.6,0.5,0.24489648640155792,1.5975291728973389,0.44216081500053406,0.25,1.6,0.5
9.461,TRACK,0.1815783828496933,0.3272325396537781,0.006092042196542025,0.25,0.25,0.5,1.592519760131836,0.08733169734477997,0.4488055109977722,1.6,0.1,0.5,1.6029340028762817,1.59888756275177,0.45951423048973083,1.6,1.6,0.5,0.24489648640155792,1.5975291728973389,0.44216081500053406,0.25,1.6,0.5
9.481,TRACK,0.18208399415016174,0.32569727301597595,0.0054735224694013596,0.25,0.25,0.5,1.5934245586395264,0.08831702172756195,0.4483061730861664,1.6,0.1,0.5,1.6029340028762817,1.59888756275177,0.45951423048973083,1.6,1.6,0.5,0.24489648640155792,1.5975291728973389,0.44216081500053406,0.25,1.6,0.5
