timestamp_sec,flight_state,cf1_act_x,cf1_act_y,cf1_act_z,cf1_targ_x,cf1_targ_y,cf1_targ_z,cf2_act_x,cf2_act_y,cf2_act_z,cf2_targ_x,cf2_targ_y,cf2_targ_z,cf3_act_x,cf3_act_y,cf3_act_z,cf3_targ_x,cf3_targ_y,cf3_targ_z,cf4_act_x,cf4_act_y,cf4_act_z,cf4_targ_x,cf4_targ_y,cf4_targ_z
0.01,TAKEOFF,0.22704078257083893,0.2823655903339386,-0.00037280103424564004,nan,nan,0.5,1.6107860803604126,0.22818902134895325,0.000777892826590687,nan,nan,0.5,1.6160049438476562,1.6388052701950073,-0.01885165274143219,nan,nan,0.5,0.19815628230571747,1.6521872282028198,-0.016061536967754364,nan,nan,0.5
0.03,TAKEOFF,0.22704078257083893,0.2823655903339386,-0.00037280103424564004,nan,nan,0.5,1.6107860803604126,0.22818902134895325,0.000777892826590687,nan,nan,0.5,1.6160049438476562,1.6388052701950073,-0.01885165274143219,nan,nan,0.5,0.19815628230571747,1.6521872282028198,-0.016061536967754364,nan,nan,0.5
0.05,TAKEOFF,0.22692376375198364,0.28250929713249207,-5.1319402700755745e-06,nan,nan,0.5,1.6110795736312866,0.22858862578868866,0.0004248345794621855,nan,nan,0.5,1.6160049438476562,1.6388052701950073,-0.01885165274143219,nan,nan,0.5,0.19826672971248627,1.6525318622589111,-0.017011530697345734,nan,nan,0.5
0.07,TAKEOFF,0.22692376375198364,0.28250929713249207,-5.1319402700755745e-06,nan,nan,0.5,1.6110795736312866,0.22858862578868866,0.0004248345794621855,nan,nan,0.5,1.614835262298584,1.6387736797332764,-0.01834888570010662,nan,nan,0.5,0.19826672971248627,1.6525318622589111,-0.017011530697345734,nan,nan,0.5
0.09,TAKEOFF,0.22692376375198364,0.28250929713249207,-5.1319402700755745e-06,nan,nan,0.5,1.6110795736312866,0.22858862578868866,0.0004248345794621855,nan,nan,0.5,1.614835262298584,1.6387736797332764,-0.01834888570010662,nan,nan,0.5,0.19826672971248627,1.6525318622589111,-0.017011530697345734,nan,nan,0.5
0.11,TAKEOFF,0.22692376375198364,0.28250929713249207,-5.1319402700755745e-06,nan,nan,0.5,1.6110795736312866,0.22858862578868866,0.0004248345794621855,nan,nan,0.5,1.614835262298584,1.6387736797332764,-0.01834888570010662,nan,nan,0.5,0.19826672971248627,1.6525318622589111,-0.017011530697345734,nan,nan,0.5
0.13,TAKEOFF,0.22692376375198364,0.28250929713249207,-5.1319402700755745e-06,nan,nan,0.5,1.6110795736312866,0.22858862578868866,0.0004248345794621855,nan,nan,0.5,1.614835262298584,1.6387736797332764,-0.01834888570010662,nan,nan,0.5,0.19826672971248627,1.6525318622589111,-0.017011530697345734,nan,nan,0.5
0.15,TAKEOFF,0.2272731363773346,0.28262877464294434,0.00040580308996140957,nan,nan,0.5,1.6129096746444702,0.22728502750396729,0.0014868441503494978,nan,nan,0.5,1.614835262298584,1.6387736797332764,-0.01834888570010662,nan,nan,0.5,0.19817142188549042,1.651248574256897,-0.017166493460536003,nan,nan,0.5
0.17,TAKEOFF,0.2272731363773346,0.28262877464294434,0.00040580308996140957,nan,nan,0.5,1.6129096746444702,0.22728502750396729,0.0014868441503494978,nan,nan,0.5,1.6197800636291504,1.637749195098877,-0.020732078701257706,nan,nan,0.5,0.19817142188549042,1.651248574256897,-0.017166493460536003,nan,nan,0.5
0.19,TAKEOFF,0.2272731363773346,0.28262877464294434,0.00040580308996140957,nan,nan,0.5,1.6129096746444702,0.22728502750396729,0.0014868441503494978,nan,nan,0.5,1.6197800636291504,1.637749195098877,-0.020732078701257706,nan,nan,0.5,0.19817142188549042,1.651248574256897,-0.017166493460536003,nan,nan,0.5
0.21,TAKEOFF,0.2272731363773346,0.28262877464294434,0.00040580308996140957,nan,nan,0.5,1.6129096746444702,0.22728502750396729,0.0014868441503494978,nan,nan,0.5,1.6197800636291504,1.637749195098877,-0.020732078701257706,nan,nan,0.5,0.19817142188549042,1.651248574256897,-0.017166493460536003,nan,nan,0.5
0.23,TAKEOFF,0.2272731363773346,0.28262877464294434,0.00040580308996140957,nan,nan,0.5,1.6129096746444702,0.22728502750396729,0.0014868441503494978,nan,nan,0.5,1.6197800636291504,1.637749195098877,-0.020732078701257706,nan,nan,0.5,0.19817142188549042,1.651248574256897,-0.017166493460536003,nan,nan,0.5
0.25,TAKEOFF,0.2271597534418106,0.2825753390789032,6.419847522920463e-06,nan,nan,0.5,1.6129096746444702,0.22728502750396729,0.0014868441503494978,nan,nan,0.5,1.6197800636291504,1.637749195098877,-0.020732078701257706,nan,nan,0.5,0.19790372252464294,1.6516786813735962,-0.016888171434402466,nan,nan,0.5
0.27,TAKEOFF,0.2271597534418106,0.2825753390789032,6.419847522920463e-06,nan,nan,0.5,1.6114908456802368,0.2273072600364685,0.001049225451424718,nan,nan,0.5,1.6187026500701904,1.6384363174438477,-0.019901970401406288,nan,nan,0.5,0.19790372252464294,1.6516786813735962,-0.016888171434402466,nan,nan,0.5
0.29,TAKEOFF,0.2271597534418106,0.2825753390789032,6.419847522920463e-06,nan,nan,0.5,1.6114908456802368,0.2273072600364685,0.001049225451424718,nan,nan,0.5,1.6187026500701904,1.6384363174438477,-0.019901970401406288,nan,nan,0.5,0.19790372252464294,1.6516786813735962,-0.016888171434402466,nan,nan,0.5
0.31,TAKEOFF,0.2271597534418106,0.2825753390789032,6.419847522920463e-06,nan,nan,0.5,1.6114908456802368,0.2273072600364685,0.001049225451424718,nan,nan,0.5,1.6187026500701904,1.6384363174438477,-0.019901970401406288,nan,nan,0.5,0.19790372252464294,1.6516786813735962,-0.016888171434402466,nan,nan,0.5
0.33,TAKEOFF,0.2271597534418106,0.2825753390789032,6.419847522920463e-06,nan,nan,0.5,1.6114908456802368,0.2273072600364685,0.001049225451424718,nan,nan,0.5,1.6187026500701904,1.6384363174438477,-0.019901970401406288,nan,nan,0.5,0.19790372252464294,1.6516786813735962,-0.016888171434402466,nan,nan,0.5
0.35,TAKEOFF,0.2274244874715805,0.2825627028942108,0.00010291345824953169,nan,nan,0.5,1.6116828918457031,0.22801361978054047,0.0007949505234137177,nan,nan,0.5,1.6187026500701904,1.6384363174438477,-0.019901970401406288,nan,nan,0.5,0.1980259269475937,1.6509089469909668,-0.016665931791067123,nan,nan,0.5
0.37,TAKEOFF,0.2274244874715805,0.2825627028942108,0.00010291345824953169,nan,nan,0.5,1.6116828918457031,0.22801361978054047,0.0007949505234137177,nan,nan,0.5,1.6189954280853271,1.6392990350723267,-0.01917155459523201,nan,nan,0.5,0.1980259269475937,1.6509089469909668,-0.016665931791067123,nan,nan,0.5
0.39,TAKEOFF,0.2274244874715805,0.2825627028942108,0.00010291345824953169,nan,nan,0.5,1.6116828918457031,0.22801361978054047,0.0007949505234137177,nan,nan,0.5,1.6189954280853271,1.6392990350723267,-0.01917155459523201,nan,nan,0.5,0.1980259269475937,1.6509089469909668,-0.016665931791067123,nan,nan,0.5
0.41,TAKEOFF,0.2274244874715805,0.2825627028942108,0.00010291345824953169,nan,nan,0.5,1.6116828918457031,0.22801361978054047,0.0007949505234137177,nan,nan,0.5,1.6189954280853271,1.6392990350723267,-0.01917155459523201,nan,nan,0.5,0.1980259269475937,1.6509089469909668,-0.016665931791067123,nan,nan,0.5
0.43,TAKEOFF,0.2274244874715805,0.2825627028942108,0.00010291345824953169,nan,nan,0.5,1.6116828918457031,0.22801361978054047,0.0007949505234137177,nan,nan,0.5,1.6189954280853271,1.6392990350723267,-0.01917155459523201,nan,nan,0.5,0.1980259269475937,1.6509089469909668,-0.016665931791067123,nan,nan,0.5
0.45,TAKEOFF,0.2270764261484146,0.2822425961494446,0.000232458405662328,nan,nan,0.5,1.6118148565292358,0.2281464785337448,0.0007729353965260088,nan,nan,0.5,1.6189954280853271,1.6392990350723267,-0.01917155459523201,nan,nan,0.5,0.1976514458656311,1.651203989982605,-0.01721058040857315,nan,nan,0.5
0.47,TAKEOFF,0.2270764261484146,0.2822425961494446,0.000232458405662328,nan,nan,0.5,1.6118148565292358,0.2281464785337448,0.0007729353965260088,nan,nan,0.5,1.620681643486023,1.6392061710357666,-0.01944948546588421,nan,nan,0.5,0.1976514458656311,1.651203989982605,-0.01721058040857315,nan,nan,0.5
0.49,TAKEOFF,0.2270764261484146,0.2822425961494446,0.000232458405662328,nan,nan,0.5,1.6118148565292358,0.2281464785337448,0.0007729353965260088,nan,nan,0.5,1.620681643486023,1.6392061710357666,-0.01944948546588421,nan,nan,0.5,0.1976514458656311,1.651203989982605,-0.01721058040857315,nan,nan,0.5
0.51,TAKEOFF,0.2270764261484146,0.2822425961494446,0.000232458405662328,nan,nan,0.5,1.6118148565292358,0.2281464785337448,0.0007729353965260088,nan,nan,0.5,1.620681643486023,1.6392061710357666,-0.01944948546588421,nan,nan,0.5,0.1976514458656311,1.651203989982605,-0.01721058040857315,nan,nan,0.5
0.53,TAKEOFF,0.2270764261484146,0.2822425961494446,0.000232458405662328,nan,nan,0.5,1.6118148565292358,0.2281464785337448,0.0007729353965260088,nan,nan,0.5,1.620681643486023,1.6392061710357666,-0.01944948546588421,nan,nan,0.5,0.1976514458656311,1.651203989982605,-0.01721058040857315,nan,nan,0.5
0.55,TAKEOFF,0.22712987661361694,0.2818758487701416,-4.609308234648779e-05,nan,nan,0.5,1.6118148565292358,0.2281464785337448,0.0007729353965260088,nan,nan,0.5,1.620681643486023,1.6392061710357666,-0.01944948546588421,nan,nan,0.5,0.1971912831068039,1.652252197265625,-0.017664194107055664,nan,nan,0.5
0.57,TAKEOFF,0.22712987661361694,0.2818758487701416,-4.609308234648779e-05,nan,nan,0.5,1.61290442943573,0.22742633521556854,0.0012406558962538838,nan,nan,0.5,1.6192131042480469,1.6380727291107178,-0.02068745531141758,nan,nan,0.5,0.1971912831068039,1.652252197265625,-0.017664194107055664,nan,nan,0.5
0.59,TAKEOFF,0.22712987661361694,0.2818758487701416,-4.609308234648779e-05,nan,nan,0.5,1.61290442943573,0.22742633521556854,0.0012406558962538838,nan,nan,0.5,1.6192131042480469,1.6380727291107178,-0.02068745531141758,nan,nan,0.5,0.1971912831068039,1.652252197265625,-0.017664194107055664,nan,nan,0.5
0.61,TAKEOFF,0.22712987661361694,0.2818758487701416,-4.609308234648779e-05,nan,nan,0.5,1.61290442943573,0.22742633521556854,0.0012406558962538838,nan,nan,0.5,1.6192131042480469,1.6380727291107178,-0.02068745531141758,nan,nan,0.5,0.1971912831068039,1.652252197265625,-0.017664194107055664,nan,nan,0.5
0.63,TAKEOFF,0.22712987661361694,0.2818758487701416,-4.609308234648779e-05,nan,nan,0.5,1.61290442943573,0.22742633521556854,0.0012406558962538838,nan,nan,0.5,1.6192131042480469,1.6380727291107178,-0.02068745531141758,nan,nan,0.5,0.1971912831068039,1.652252197265625,-0.017664194107055664,nan,nan,0.5
0.65,TAKEOFF,0.22707849740982056,0.2824242115020752,4.503321542870253e-05,nan,nan,0.5,1.61290442943573,0.22742633521556854,0.0012406558962538838,nan,nan,0.5,1.6192131042480469,1.6380727291107178,-0.02068745531141758,nan,nan,0.5,0.19624356925487518,1.6515058279037476,-0.018317811191082,nan,nan,0.5
0.67,TAKEOFF,0.22707849740982056,0.2824242115020752,4.503321542870253e-05,nan,nan,0.5,1.6125601530075073,0.2285153716802597,0.0012831257190555334,nan,nan,0.5,1.6192350387573242,1.6379846334457397,-0.020297707989811897,nan,nan,0.5,0.19624356925487518,1.6515058279037476,-0.018317811191082,nan,nan,0.5
0.69,TAKEOFF,0.22707849740982056,0.2824242115020752,4.503321542870253e-05,nan,nan,0.5,1.6125601530075073,0.2285153716802597,0.0012831257190555334,nan,nan,0.5,1.6192350387573242,1.6379846334457397,-0.020297707989811897,nan,nan,0.5,0.19624356925487518,1.6515058279037476,-0.018317811191082,nan,nan,0.5
0.71,TAKEOFF,0.22707849740982056,0.2824242115020752,4.503321542870253e-05,nan,nan,0.5,1.6125601530075073,0.2285153716802597,0.0012831257190555334,nan,nan,0.5,1.6192350387573242,1.6379846334457397,-0.020297707989811897,nan,nan,0.5,0.19624356925487518,1.6515058279037476,-0.018317811191082,nan,nan,0.5
0.73,TAKEOFF,0.22707849740982056,0.2824242115020752,4.503321542870253e-05,nan,nan,0.5,1.6125601530075073,0.2285153716802597,0.0012831257190555334,nan,nan,0.5,1.6192350387573242,1.6379846334457397,-0.020297707989811897,nan,nan,0.5,0.19624356925487518,1.6515058279037476,-0.018317811191082,nan,nan,0.5
0.75,TAKEOFF,0.22746264934539795,0.2825601398944855,-7.392573024844751e-05,nan,nan,0.5,1.6120094060897827,0.22700034081935883,0.0007691577193327248,nan,nan,0.5,1.6192350387573242,1.6379846334457397,-0.020297707989811897,nan,nan,0.5,0.19822905957698822,1.6516227722167969,-0.017161644995212555,nan,nan,0.5
0.77,TAKEOFF,0.22746264934539795,0.2825601398944855,-7.392573024844751e-05,nan,nan,0.5,1.6120094060897827,0.22700034081935883,0.0007691577193327248,nan,nan,0.5,1.6200997829437256,1.6381950378417969,-0.020716186612844467,nan,nan,0.5,0.19822905957698822,1.6516227722167969,-0.017161644995212555,nan,nan,0.5
0.79,TAKEOFF,0.22746264934539795,0.2825601398944855,-7.392573024844751e-05,nan,nan,0.5,1.6120094060897827,0.22700034081935883,0.0007691577193327248,nan,nan,0.5,1.6200997829437256,1.6381950378417969,-0.020716186612844467,nan,nan,0.5,0.19822905957698822,1.6516227722167969,-0.017161644995212555,nan,nan,0.5
0.81,TAKEOFF,0.22746264934539795,0.2825601398944855,-7.392573024844751e-05,nan,nan,0.5,1.6120094060897827,0.22700034081935883,0.0007691577193327248,nan,nan,0.5,1.6200997829437256,1.6381950378417969,-0.020716186612844467,nan,nan,0.5,0.19822905957698822,1.6516227722167969,-0.017161644995212555,nan,nan,0.5
0.83,TAKEOFF,0.22746264934539795,0.2825601398944855,-7.392573024844751e-05,nan,nan,0.5,1.6120094060897827,0.22700034081935883,0.0007691577193327248,nan,nan,0.5,1.6200997829437256,1.6381950378417969,-0.020716186612844467,nan,nan,0.5,0.19822905957698822,1.6516227722167969,-0.017161644995212555,nan,nan,0.5
0.85,TAKEOFF,0.2273588478565216,0.28149905800819397,-0.0005396634805947542,nan,nan,0.5,1.6114342212677002,0.22799086570739746,0.00038237517583183944,nan,nan,0.5,1.6200997829437256,1.6381950378417969,-0.020716186612844467,nan,nan,0.5,0.1983989030122757,1.6515620946884155,-0.01738782972097397,nan,nan,0.5
0.87,TAKEOFF,0.2273588478565216,0.28149905800819397,-0.0005396634805947542,nan,nan,0.5,1.6114342212677002,0.22799086570739746,0.00038237517583183944,nan,nan,0.5,1.6198744773864746,1.6377551555633545,-0.021875854581594467,nan,nan,0.5,0.1983989030122757,1.6515620946884155,-0.01738782972097397,nan,nan,0.5
0.89,TAKEOFF,0.2273588478565216,0.28149905800819397,-0.0005396634805947542,nan,nan,0.5,1.6114342212677002,0.22799086570739746,0.00038237517583183944,nan,nan,0.5,1.6198744773864746,1.6377551555633545,-0.021875854581594467,nan,nan,0.5,0.1983989030122757,1.6515620946884155,-0.01738782972097397,nan,nan,0.5
0.91,TAKEOFF,0.2273588478565216,0.28149905800819397,-0.0005396634805947542,nan,nan,0.5,1.6114342212677002,0.22799086570739746,0.00038237517583183944,nan,nan,0.5,1.6198744773864746,1.6377551555633545,-0.021875854581594467,nan,nan,0.5,0.1983989030122757,1.6515620946884155,-0.01738782972097397,nan,nan,0.5
0.93,TAKEOFF,0.2273588478565216,0.28149905800819397,-0.0005396634805947542,nan,nan,0.5,1.6114342212677002,0.22799086570739746,0.00038237517583183944,nan,nan,0.5,1.6198744773864746,1.6377551555633545,-0.021875854581594467,nan,nan,0.5,0.1983989030122757,1.6515620946884155,-0.01738782972097397,nan,nan,0.5
0.95,TAKEOFF,0.22752679884433746,0.28161537647247314,-0.00032565032597631216,nan,nan,0.5,1.6114342212677002,0.22799086570739746,0.00038237517583183944,nan,nan,0.5,1.6198744773864746,1.6377551555633545,-0.021875854581594467,nan,nan,0.5,0.19838567078113556,1.652158260345459,-0.016567032784223557,nan,nan,0.5
0.97,TAKEOFF,0.22752679884433746,0.28161537647247314,-0.00032565032597631216,nan,nan,0.5,1.612990140914917,0.22713114321231842,0.0012726557906717062,nan,nan,0.5,1.6188939809799194,1.6386618614196777,-0.02007889188826084,nan,nan,0.5,0.19838567078113556,1.652158260345459,-0.016567032784223557,nan,nan,0.5
0.99,TAKEOFF,0.22752679884433746,0.28161537647247314,-0.00032565032597631216,nan,nan,0.5,1.612990140914917,0.22713114321231842,0.0012726557906717062,nan,nan,0.5,1.6188939809799194,1.6386618614196777,-0.02007889188826084,nan,nan,0.5,0.19838567078113556,1.652158260345459,-0.016567032784223557,nan,nan,0.5
1.01,TAKEOFF,0.22752679884433746,0.28161537647247314,-0.00032565032597631216,nan,nan,0.5,1.612990140914917,0.22713114321231842,0.0012726557906717062,nan,nan,0.5,1.6188939809799194,1.6386618614196777,-0.02007889188826084,nan,nan,0.5,0.19838567078113556,1.652158260345459,-0.016567032784223557,nan,nan,0.5
1.03,TAKEOFF,0.22752679884433746,0.28161537647247314,-0.00032565032597631216,nan,nan,0.5,1.612990140914917,0.22713114321231842,0.0012726557906717062,nan,nan,0.5,1.6188939809799194,1.6386618614196777,-0.02007889188826084,nan,nan,0.5,0.19838567078113556,1.652158260345459,-0.016567032784223557,nan,nan,0.5
1.05,TAKEOFF,0.22735972702503204,0.2824154496192932,0.0003007378545589745,nan,nan,0.5,1.6118394136428833,0.22737181186676025,0.0008049157913774252,nan,nan,0.5,1.6188939809799194,1.6386618614196777,-0.02007889188826084,nan,nan,0.5,0.19822251796722412,1.6519285440444946,-0.017140090465545654,nan,nan,0.5
1.07,TAKEOFF,0.22735972702503204,0.2824154496192932,0.0003007378545589745,nan,nan,0.5,1.6118394136428833,0.22737181186676025,0.0008049157913774252,nan,nan,0.5,1.6200660467147827,1.6380126476287842,-0.020749717950820923,nan,nan,0.5,0.19822251796722412,1.6519285440444946,-0.017140090465545654,nan,nan,0.5
1.09,TAKEOFF,0.22735972702503204,0.2824154496192932,0.0003007378545589745,nan,nan,0.5,1.6118394136428833,0.22737181186676025,0.0008049157913774252,nan,nan,0.5,1.6200660467147827,1.6380126476287842,-0.020749717950820923,nan,nan,0.5,0.19822251796722412,1.6519285440444946,-0.017140090465545654,nan,nan,0.5
1.11,TAKEOFF,0.22735972702503204,0.2824154496192932,0.0003007378545589745,nan,nan,0.5,1.6118394136428833,0.22737181186676025,0.0008049157913774252,nan,nan,0.5,1.6200660467147827,1.6380126476287842,-0.020749717950820923,nan,nan,0.5,0.19822251796722412,1.6519285440444946,-0.017140090465545654,nan,nan,0.5
1.13,TAKEOFF,0.22735972702503204,0.2824154496192932,0.0003007378545589745,nan,nan,0.5,1.6118394136428833,0.22737181186676025,0.0008049157913774252,nan,nan,0.5,1.6200660467147827,1.6380126476287842,-0.020749717950820923,nan,nan,0.5,0.19822251796722412,1.6519285440444946,-0.017140090465545654,nan,nan,0.5
1.15,TAKEOFF,0.22733554244041443,0.28284427523612976,0.0005334470188245177,nan,nan,0.5,1.6127656698226929,0.22725968062877655,0.0012061569141224027,nan,nan,0.5,1.6200660467147827,1.6380126476287842,-0.020749717950820923,nan,nan,0.5,0.19795873761177063,1.6529072523117065,-0.017121249809861183,nan,nan,0.5
1.17,TAKEOFF,0.22733554244041443,0.28284427523612976,0.0005334470188245177,nan,nan,0.5,1.6127656698226929,0.22725968062877655,0.0012061569141224027,nan,nan,0.5,1.6198127269744873,1.6382012367248535,-0.020575081929564476,nan,nan,0.5,0.19795873761177063,1.6529072523117065,-0.017121249809861183,nan,nan,0.5
1.19,TAKEOFF,0.22733554244041443,0.28284427523612976,0.0005334470188245177,nan,nan,0.5,1.6127656698226929,0.22725968062877655,0.0012061569141224027,nan,nan,0.5,1.6198127269744873,1.6382012367248535,-0.020575081929564476,nan,nan,0.5,0.19795873761177063,1.6529072523117065,-0.017121249809861183,nan,nan,0.5
1.21,TAKEOFF,0.22733554244041443,0.28284427523612976,0.0005334470188245177,nan,nan,0.5,1.6127656698226929,0.22725968062877655,0.0012061569141224027,nan,nan,0.5,1.6198127269744873,1.6382012367248535,-0.020575081929564476,nan,nan,0.5,0.19795873761177063,1.6529072523117065,-0.017121249809861183,nan,nan,0.5
1.23,TAKEOFF,0.22733554244041443,0.28284427523612976,0.0005334470188245177,nan,nan,0.5,1.6127656698226929,0.22725968062877655,0.0012061569141224027,nan,nan,0.5,1.6198127269744873,1.6382012367248535,-0.020575081929564476,nan,nan,0.5,0.19795873761177063,1.6529072523117065,-0.017121249809861183,nan,nan,0.5
1.25,TAKEOFF,0.22702325880527496,0.28218597173690796,-8.648372022435069e-05,nan,nan,0.5,1.6124571561813354,0.2284465730190277,0.0013832318363711238,nan,nan,0.5,1.6198127269744873,1.6382012367248535,-0.020575081929564476,nan,nan,0.5,0.19521306455135345,1.6519681215286255,-0.018351342529058456,nan,nan,0.5
1.27,TAKEOFF,0.22702325880527496,0.28218597173690796,-8.648372022435069e-05,nan,nan,0.5,1.6124571561813354,0.2284465730190277,0.0013832318363711238,nan,nan,0.5,1.6201592683792114,1.6387020349502563,-0.020422199741005898,nan,nan,0.5,0.19521306455135345,1.6519681215286255,-0.018351342529058456,nan,nan,0.5
1.29,TAKEOFF,0.22702325880527496,0.28218597173690796,-8.648372022435069e-05,nan,nan,0.5,1.6124571561813354,0.2284465730190277,0.0013832318363711238,nan,nan,0.5,1.6201592683792114,1.6387020349502563,-0.020422199741005898,nan,nan,0.5,0.19521306455135345,1.6519681215286255,-0.018351342529058456,nan,nan,0.5
1.31,TAKEOFF,0.22702325880527496,0.28218597173690796,-8.648372022435069e-05,nan,nan,0.5,1.6124571561813354,0.2284465730190277,0.0013832318363711238,nan,nan,0.5,1.6201592683792114,1.6387020349502563,-0.020422199741005898,nan,nan,0.5,0.19521306455135345,1.6519681215286255,-0.018351342529058456,nan,nan,0.5
1.33,TAKEOFF,0.22702325880527496,0.28218597173690796,-8.648372022435069e-05,nan,nan,0.5,1.6124571561813354,0.2284465730190277,0.0013832318363711238,nan,nan,0.5,1.6201592683792114,1.6387020349502563,-0.020422199741005898,nan,nan,0.5,0.19521306455135345,1.6519681215286255,-0.018351342529058456,nan,nan,0.5
1.35,TAKEOFF,0.22709423303604126,0.28234583139419556,1.1236014870519284e-05,nan,nan,0.5,1.6117329597473145,0.22868360579013824,0.000988376559689641,nan,nan,0.5,1.6201592683792114,1.6387020349502563,-0.020422199741005898,nan,nan,0.5,0.197679340839386,1.6509597301483154,-0.016934510320425034,nan,nan,0.5
1.37,TAKEOFF,0.22709423303604126,0.28234583139419556,1.1236014870519284e-05,nan,nan,0.5,1.6117329597473145,0.22868360579013824,0.000988376559689641,nan,nan,0.5,1.6199731826782227,1.6401442289352417,-0.019624533131718636,nan,nan,0.5,0.197679340839386,1.6509597301483154,-0.016934510320425034,nan,nan,0.5
1.39,TAKEOFF,0.22709423303604126,0.28234583139419556,1.1236014870519284e-05,nan,nan,0.5,1.6117329597473145,0.22868360579013824,0.000988376559689641,nan,nan,0.5,1.6199731826782227,1.6401442289352417,-0.019624533131718636,nan,nan,0.5,0.197679340839386,1.6509597301483154,-0.016934510320425034,nan,nan,0.5
1.41,TAKEOFF,0.22709423303604126,0.28234583139419556,1.1236014870519284e-05,nan,nan,0.5,1.6117329597473145,0.22868360579013824,0.000988376559689641,nan,nan,0.5,1.6199731826782227,1.6401442289352417,-0.019624533131718636,nan,nan,0.5,0.197679340839386,1.6509597301483154,-0.016934510320425034,nan,nan,0.5
1.43,TAKEOFF,0.22709423303604126,0.28234583139419556,1.1236014870519284e-05,nan,nan,0.5,1.6117329597473145,0.22868360579013824,0.000988376559689641,nan,nan,0.5,1.6199731826782227,1.6401442289352417,-0.019624533131718636,nan,nan,0.5,0.197679340839386,1.6509597301483154,-0.016934510320425034,nan,nan,0.5
1.45,TAKEOFF,0.22745381295681,0.2816978991031647,-0.0001452684955438599,nan,nan,0.5,1.611959457397461,0.2280457317829132,0.0010973088210448623,nan,nan,0.5,1.6199731826782227,1.6401442289352417,-0.019624533131718636,nan,nan,0.5,0.19824038445949554,1.650617241859436,-0.01628316007554531,nan,nan,0.5
1.47,TAKEOFF,0.22745381295681,0.2816978991031647,-0.0001452684955438599,nan,nan,0.5,1.611959457397461,0.2280457317829132,0.0010973088210448623,nan,nan,0.5,1.6193162202835083,1.637844443321228,-0.020888227969408035,nan,nan,0.5,0.19824038445949554,1.650617241859436,-0.01628316007554531,nan,nan,0.5
1.49,TAKEOFF,0.22745381295681,0.2816978991031647,-0.0001452684955438599,nan,nan,0.5,1.611959457397461,0.2280457317829132,0.0010973088210448623,nan,nan,0.5,1.6193162202835083,1.637844443321228,-0.020888227969408035,nan,nan,0.5,0.19824038445949554,1.650617241859436,-0.01628316007554531,nan,nan,0.5
1.51,TAKEOFF,0.22745381295681,0.2816978991031647,-0.0001452684955438599,nan,nan,0.5,1.611959457397461,0.2280457317829132,0.0010973088210448623,nan,nan,0.5,1.6193162202835083,1.637844443321228,-0.020888227969408035,nan,nan,0.5,0.19824038445949554,1.650617241859436,-0.01628316007554531,nan,nan,0.5
1.53,TAKEOFF,0.22745381295681,0.2816978991031647,-0.0001452684955438599,nan,nan,0.5,1.611959457397461,0.2280457317829132,0.0010973088210448623,nan,nan,0.5,1.6193162202835083,1.637844443321228,-0.020888227969408035,nan,nan,0.5,0.19824038445949554,1.650617241859436,-0.01628316007554531,nan,nan,0.5
1.55,TAKEOFF,0.22731496393680573,0.28173378109931946,2.4180266336770728e-05,nan,nan,0.5,1.6121795177459717,0.22771042585372925,0.0011709942482411861,nan,nan,0.5,1.6193162202835083,1.637844443321228,-0.020888227969408035,nan,nan,0.5,0.19798901677131653,1.65159010887146,-0.017219290137290955,nan,nan,0.5
1.57,TAKEOFF,0.22731496393680573,0.28173378109931946,2.4180266336770728e-05,nan,nan,0.5,1.6121795177459717,0.22771042585372925,0.0011709942482411861,nan,nan,0.5,1.6195876598358154,1.6373507976531982,-0.022168131545186043,nan,nan,0.5,0.19798901677131653,1.65159010887146,-0.017219290137290955,nan,nan,0.5
1.59,TAKEOFF,0.22731496393680573,0.28173378109931946,2.4180266336770728e-05,nan,nan,0.5,1.6121795177459717,0.22771042585372925,0.0011709942482411861,nan,nan,0.5,1.6195876598358154,1.6373507976531982,-0.022168131545186043,nan,nan,0.5,0.19798901677131653,1.65159010887146,-0.017219290137290955,nan,nan,0.5
1.61,TAKEOFF,0.22731496393680573,0.28173378109931946,2.4180266336770728e-05,nan,nan,0.5,1.6121795177459717,0.22771042585372925,0.0011709942482411861,nan,nan,0.5,1.6195876598358154,1.6373507976531982,-0.022168131545186043,nan,nan,0.5,0.19798901677131653,1.65159010887146,-0.017219290137290955,nan,nan,0.5
1.63,TAKEOFF,0.22731496393680573,0.28173378109931946,2.4180266336770728e-05,nan,nan,0.5,1.6121795177459717,0.22771042585372925,0.0011709942482411861,nan,nan,0.5,1.6195876598358154,1.6373507976531982,-0.022168131545186043,nan,nan,0.5,0.19798901677131653,1.65159010887146,-0.017219290137290955,nan,nan,0.5
1.65,TAKEOFF,0.22742681205272675,0.2826436758041382,0.00012190701090730727,nan,nan,0.5,1.6128268241882324,0.2270246148109436,0.0015470051439478993,nan,nan,0.5,1.6195876598358154,1.6373507976531982,-0.022168131545186043,nan,nan,0.5,0.1980580985546112,1.6515120267868042,-0.016545742750167847,nan,nan,0.5
1.67,TAKEOFF,0.22742681205272675,0.2826436758041382,0.00012190701090730727,nan,nan,0.5,1.6128268241882324,0.2270246148109436,0.0015470051439478993,nan,nan,0.5,1.6200759410858154,1.6379456520080566,-0.021338045597076416,nan,nan,0.5,0.1980580985546112,1.6515120267868042,-0.016545742750167847,nan,nan,0.5
1.69,TAKEOFF,0.22742681205272675,0.2826436758041382,0.00012190701090730727,nan,nan,0.5,1.6128268241882324,0.2270246148109436,0.0015470051439478993,nan,nan,0.5,1.6200759410858154,1.6379456520080566,-0.021338045597076416,nan,nan,0.5,0.1980580985546112,1.6515120267868042,-0.016545742750167847,nan,nan,0.5
1.71,TAKEOFF,0.22742681205272675,0.2826436758041382,0.00012190701090730727,nan,nan,0.5,1.6128268241882324,0.2270246148109436,0.0015470051439478993,nan,nan,0.5,1.6200759410858154,1.6379456520080566,-0.021338045597076416,nan,nan,0.5,0.1980580985546112,1.6515120267868042,-0.016545742750167847,nan,nan,0.5
1.73,TAKEOFF,0.22742681205272675,0.2826436758041382,0.00012190701090730727,nan,nan,0.5,1.6128268241882324,0.2270246148109436,0.0015470051439478993,nan,nan,0.5,1.6200759410858154,1.6379456520080566,-0.021338045597076416,nan,nan,0.5,0.1980580985546112,1.6515120267868042,-0.016545742750167847,nan,nan,0.5
1.75,TAKEOFF,0.22697219252586365,0.2812733054161072,-0.0005749903502874076,nan,nan,0.5,1.6129803657531738,0.22653961181640625,0.0024603179190307856,nan,nan,0.5,1.6200759410858154,1.6379456520080566,-0.021338045597076416,nan,nan,0.5,0.19800129532814026,1.652235507965088,-0.016914576292037964,nan,nan,0.5
1.77,TAKEOFF,0.22697219252586365,0.2812733054161072,-0.0005749903502874076,nan,nan,0.5,1.6129803657531738,0.22653961181640625,0.0024603179190307856,nan,nan,0.5,1.6199296712875366,1.6379910707473755,-0.020899886265397072,nan,nan,0.5,0.19800129532814026,1.652235507965088,-0.016914576292037964,nan,nan,0.5
1.79,TAKEOFF,0.22697219252586365,0.2812733054161072,-0.0005749903502874076,nan,nan,0.5,1.6129803657531738,0.22653961181640625,0.0024603179190307856,nan,nan,0.5,1.6199296712875366,1.6379910707473755,-0.020899886265397072,nan,nan,0.5,0.19800129532814026,1.652235507965088,-0.016914576292037964,nan,nan,0.5
1.81,TAKEOFF,0.22697219252586365,0.2812733054161072,-0.0005749903502874076,nan,nan,0.5,1.6129803657531738,0.22653961181640625,0.0024603179190307856,nan,nan,0.5,1.6199296712875366,1.6379910707473755,-0.020899886265397072,nan,nan,0.5,0.19800129532814026,1.652235507965088,-0.016914576292037964,nan,nan,0.5
1.83,TAKEOFF,0.22697219252586365,0.2812733054161072,-0.0005749903502874076,nan,nan,0.5,1.6129803657531738,0.22653961181640625,0.0024603179190307856,nan,nan,0.5,1.6199296712875366,1.6379910707473755,-0.020899886265397072,nan,nan,0.5,0.19800129532814026,1.652235507965088,-0.016914576292037964,nan,nan,0.5
1.85,TAKEOFF,0.2267848551273346,0.2819243371486664,-0.00046573166036978364,nan,nan,0.5,1.6133571863174438,0.22614215314388275,0.003179260529577732,nan,nan,0.5,1.6199296712875366,1.6379910707473755,-0.020899886265397072,nan,nan,0.5,0.19700734317302704,1.6510140895843506,-0.01761806197464466,nan,nan,0.5
1.87,TAKEOFF,0.2267848551273346,0.2819243371486664,-0.00046573166036978364,nan,nan,0.5,1.6133571863174438,0.22614215314388275,0.003179260529577732,nan,nan,0.5,1.6200716495513916,1.6380976438522339,-0.020584559068083763,nan,nan,0.5,0.19700734317302704,1.6510140895843506,-0.01761806197464466,nan,nan,0.5
1.89,TAKEOFF,0.2267848551273346,0.2819243371486664,-0.00046573166036978364,nan,nan,0.5,1.6133571863174438,0.22614215314388275,0.003179260529577732,nan,nan,0.5,1.6200716495513916,1.6380976438522339,-0.020584559068083763,nan,nan,0.5,0.19700734317302704,1.6510140895843506,-0.01761806197464466,nan,nan,0.5
1.91,TAKEOFF,0.2267848551273346,0.2819243371486664,-0.00046573166036978364,nan,nan,0.5,1.6133571863174438,0.22614215314388275,0.003179260529577732,nan,nan,0.5,1.6200716495513916,1.6380976438522339,-0.020584559068083763,nan,nan,0.5,0.19700734317302704,1.6510140895843506,-0.01761806197464466,nan,nan,0.5
1.93,TAKEOFF,0.2267848551273346,0.2819243371486664,-0.00046573166036978364,nan,nan,0.5,1.6133571863174438,0.22614215314388275,0.003179260529577732,nan,nan,0.5,1.6200716495513916,1.6380976438522339,-0.020584559068083763,nan,nan,0.5,0.19700734317302704,1.6510140895843506,-0.01761806197464466,nan,nan,0.5
1.95,TAKEOFF,0.226918026804924,0.28160324692726135,-0.00031951794517226517,nan,nan,0.5,1.6125298738479614,0.22819824516773224,0.0009186112438328564,nan,nan,0.5,1.6200716495513916,1.6380976438522339,-0.020584559068083763,nan,nan,0.5,0.1973709613084793,1.6504950523376465,-0.017776593565940857,nan,nan,0.5
1.97,TAKEOFF,0.226918026804924,0.28160324692726135,-0.00031951794517226517,nan,nan,0.5,1.6125298738479614,0.22819824516773224,0.0009186112438328564,nan,nan,0.5,1.619159460067749,1.6392059326171875,-0.01941465400159359,nan,nan,0.5,0.1973709613084793,1.6504950523376465,-0.017776593565940857,nan,nan,0.5
1.99,TAKEOFF,0.226918026804924,0.28160324692726135,-0.00031951794517226517,nan,nan,0.5,1.6125298738479614,0.22819824516773224,0.0009186112438328564,nan,nan,0.5,1.619159460067749,1.6392059326171875,-0.01941465400159359,nan,nan,0.5,0.1973709613084793,1.6504950523376465,-0.017776593565940857,nan,nan,0.5
2.01,TAKEOFF,0.226918026804924,0.28160324692726135,-0.00031951794517226517,nan,nan,0.5,1.6125298738479614,0.22819824516773224,0.0009186112438328564,nan,nan,0.5,1.619159460067749,1.6392059326171875,-0.01941465400159359,nan,nan,0.5,0.1973709613084793,1.6504950523376465,-0.017776593565940857,nan,nan,0.5
2.03,TAKEOFF,0.226918026804924,0.28160324692726135,-0.00031951794517226517,nan,nan,0.5,1.6125298738479614,0.22819824516773224,0.0009186112438328564,nan,nan,0.5,1.619159460067749,1.6392059326171875,-0.01941465400159359,nan,nan,0.5,0.1973709613084793,1.6504950523376465,-0.017776593565940857,nan,nan,0.5
2.05,TAKEOFF,0.22703330218791962,0.2823721766471863,-2.7571961254579946e-05,nan,nan,0.5,1.6121420860290527,0.2280532717704773,0.001071533770300448,nan,nan,0.5,1.619159460067749,1.6392059326171875,-0.01941465400159359,nan,nan,0.5,0.19829072058200836,1.6509376764297485,-0.016701165586709976,nan,nan,0.5
2.07,TAKEOFF,0.22703330218791962,0.2823721766471863,-2.7571961254579946e-05,nan,nan,0.5,1.6121420860290527,0.2280532717704773,0.001071533770300448,nan,nan,0.5,1.6189894676208496,1.638262391090393,-0.020151618868112564,nan,nan,0.5,0.19829072058200836,1.6509376764297485,-0.016701165586709976,nan,nan,0.5
2.09,TAKEOFF,0.22703330218791962,0.2823721766471863,-2.7571961254579946e-05,nan,nan,0.5,1.6121420860290527,0.2280532717704773,0.001071533770300448,nan,nan,0.5,1.6189894676208496,1.638262391090393,-0.020151618868112564,nan,nan,0.5,0.19829072058200836,1.6509376764297485,-0.016701165586709976,nan,nan,0.5
2.11,TAKEOFF,0.22703330218791962,0.2823721766471863,-2.7571961254579946e-05,nan,nan,0.5,1.6121420860290527,0.2280532717704773,0.001071533770300448,nan,nan,0.5,1.6189894676208496,1.638262391090393,-0.020151618868112564,nan,nan,0.5,0.19829072058200836,1.6509376764297485,-0.016701165586709976,nan,nan,0.5
2.13,TAKEOFF,0.22703330218791962,0.2823721766471863,-2.7571961254579946e-05,nan,nan,0.5,1.6121420860290527,0.2280532717704773,0.001071533770300448,nan,nan,0.5,1.6189894676208496,1.638262391090393,-0.020151618868112564,nan,nan,0.5,0.19829072058200836,1.6509376764297485,-0.016701165586709976,nan,nan,0.5
2.15,TAKEOFF,0.227089524269104,0.28163376450538635,-6.754157948307693e-05,nan,nan,0.5,1.6122088432312012,0.22721317410469055,0.0008982683648355305,nan,nan,0.5,1.6189894676208496,1.638262391090393,-0.020151618868112564,nan,nan,0.5,0.19809496402740479,1.6515306234359741,-0.017361067235469818,nan,nan,0.5
2.17,TAKEOFF,0.227089524269104,0.28163376450538635,-6.754157948307693e-05,nan,nan,0.5,1.6122088432312012,0.22721317410469055,0.0008982683648355305,nan,nan,0.5,1.6204451322555542,1.6380692720413208,-0.021380916237831116,nan,nan,0.5,0.19809496402740479,1.6515306234359741,-0.017361067235469818,nan,nan,0.5
2.19,TAKEOFF,0.227089524269104,0.28163376450538635,-6.754157948307693e-05,nan,nan,0.5,1.6122088432312012,0.22721317410469055,0.0008982683648355305,nan,nan,0.5,1.6204451322555542,1.6380692720413208,-0.021380916237831116,nan,nan,0.5,0.19809496402740479,1.6515306234359741,-0.017361067235469818,nan,nan,0.5
2.21,TAKEOFF,0.227089524269104,0.28163376450538635,-6.754157948307693e-05,nan,nan,0.5,1.6122088432312012,0.22721317410469055,0.0008982683648355305,nan,nan,0.5,1.6204451322555542,1.6380692720413208,-0.021380916237831116,nan,nan,0.5,0.19809496402740479,1.6515306234359741,-0.017361067235469818,nan,nan,0.5
2.23,TAKEOFF,0.227089524269104,0.28163376450538635,-6.754157948307693e-05,nan,nan,0.5,1.6122088432312012,0.22721317410469055,0.0008982683648355305,nan,nan,0.5,1.6204451322555542,1.6380692720413208,-0.021380916237831116,nan,nan,0.5,0.19809496402740479,1.6515306234359741,-0.017361067235469818,nan,nan,0.5
2.25,TAKEOFF,0.22761279344558716,0.2817156910896301,-0.00029362787608988583,nan,nan,0.5,1.6124765872955322,0.22865405678749084,0.0010223976569250226,nan,nan,0.5,1.6204451322555542,1.6380692720413208,-0.021380916237831116,nan,nan,0.5,0.1981683373451233,1.6516064405441284,-0.01641775481402874,nan,nan,0.5
2.27,TAKEOFF,0.22761279344558716,0.2817156910896301,-0.00029362787608988583,nan,nan,0.5,1.6124765872955322,0.22865405678749084,0.0010223976569250226,nan,nan,0.5,1.618993878364563,1.638503909111023,-0.020601660013198853,nan,nan,0.5,0.1981683373451233,1.6516064405441284,-0.01641775481402874,nan,nan,0.5
2.29,TAKEOFF,0.22761279344558716,0.2817156910896301,-0.00029362787608988583,nan,nan,0.5,1.6124765872955322,0.22865405678749084,0.0010223976569250226,nan,nan,0.5,1.618993878364563,1.638503909111023,-0.020601660013198853,nan,nan,0.5,0.1981683373451233,1.6516064405441284,-0.01641775481402874,nan,nan,0.5
2.31,TAKEOFF,0.22761279344558716,0.2817156910896301,-0.00029362787608988583,nan,nan,0.5,1.6124765872955322,0.22865405678749084,0.0010223976569250226,nan,nan,0.5,1.618993878364563,1.638503909111023,-0.020601660013198853,nan,nan,0.5,0.1981683373451233,1.6516064405441284,-0.01641775481402874,nan,nan,0.5
2.33,TAKEOFF,0.22761279344558716,0.2817156910896301,-0.00029362787608988583,nan,nan,0.5,1.6124765872955322,0.22865405678749084,0.0010223976569250226,nan,nan,0.5,1.618993878364563,1.638503909111023,-0.020601660013198853,nan,nan,0.5,0.1981683373451233,1.6516064405441284,-0.01641775481402874,nan,nan,0.5
2.35,TAKEOFF,0.22740797698497772,0.28266680240631104,-0.00033916172105818987,nan,nan,0.5,1.6124402284622192,0.22840286791324615,0.0008932400960475206,nan,nan,0.5,1.618993878364563,1.638503909111023,-0.020601660013198853,nan,nan,0.5,0.19811603426933289,1.651972770690918,-0.01687103696167469,nan,nan,0.5
2.37,TAKEOFF,0.22740797698497772,0.28266680240631104,-0.00033916172105818987,nan,nan,0.5,1.6124402284622192,0.22840286791324615,0.0008932400960475206,nan,nan,0.5,1.617621898651123,1.6389455795288086,-0.01838623732328415,nan,nan,0.5,0.19811603426933289,1.651972770690918,-0.01687103696167469,nan,nan,0.5
2.39,TAKEOFF,0.22740797698497772,0.28266680240631104,-0.00033916172105818987,nan,nan,0.5,1.6124402284622192,0.22840286791324615,0.0008932400960475206,nan,nan,0.5,1.617621898651123,1.6389455795288086,-0.01838623732328415,nan,nan,0.5,0.19811603426933289,1.651972770690918,-0.01687103696167469,nan,nan,0.5
2.41,TAKEOFF,0.22740797698497772,0.28266680240631104,-0.00033916172105818987,nan,nan,0.5,1.6124402284622192,0.22840286791324615,0.0008932400960475206,nan,nan,0.5,1.617621898651123,1.6389455795288086,-0.01838623732328415,nan,nan,0.5,0.19811603426933289,1.651972770690918,-0.01687103696167469,nan,nan,0.5
2.43,TAKEOFF,0.22740797698497772,0.28266680240631104,-0.00033916172105818987,nan,nan,0.5,1.6124402284622192,0.22840286791324615,0.0008932400960475206,nan,nan,0.5,1.617621898651123,1.6389455795288086,-0.01838623732328415,nan,nan,0.5,0.19811603426933289,1.651972770690918,-0.01687103696167469,nan,nan,0.5
2.45,TAKEOFF,0.22710737586021423,0.28274059295654297,0.00011817854829132557,nan,nan,0.5,1.6112276315689087,0.22786982357501984,0.0009041711455211043,nan,nan,0.5,1.617621898651123,1.6389455795288086,-0.01838623732328415,nan,nan,0.5,0.1978515088558197,1.652057409286499,-0.01625305972993374,nan,nan,0.5
2.47,TAKEOFF,0.22710737586021423,0.28274059295654297,0.00011817854829132557,nan,nan,0.5,1.6112276315689087,0.22786982357501984,0.0009041711455211043,nan,nan,0.5,1.6196990013122559,1.6385853290557861,-0.019922874867916107,nan,nan,0.5,0.1978515088558197,1.652057409286499,-0.01625305972993374,nan,nan,0.5
2.491,TAKEOFF,0.22710737586021423,0.28274059295654297,0.00011817854829132557,nan,nan,0.5,1.6112276315689087,0.22786982357501984,0.0009041711455211043,nan,nan,0.5,1.6196990013122559,1.6385853290557861,-0.019922874867916107,nan,nan,0.5,0.1978515088558197,1.652057409286499,-0.01625305972993374,nan,nan,0.5
2.51,TAKEOFF,0.22710737586021423,0.28274059295654297,0.00011817854829132557,nan,nan,0.5,1.6112276315689087,0.22786982357501984,0.0009041711455211043,nan,nan,0.5,1.6196990013122559,1.6385853290557861,-0.019922874867916107,nan,nan,0.5,0.1978515088558197,1.652057409286499,-0.01625305972993374,nan,nan,0.5
2.53,TAKEOFF,0.22710737586021423,0.28274059295654297,0.00011817854829132557,nan,nan,0.5,1.6112276315689087,0.22786982357501984,0.0009041711455211043,nan,nan,0.5,1.6196990013122559,1.6385853290557861,-0.019922874867916107,nan,nan,0.5,0.1978515088558197,1.652057409286499,-0.01625305972993374,nan,nan,0.5
2.55,TAKEOFF,0.22716817259788513,0.2827101945877075,0.0001406440424034372,nan,nan,0.5,1.6117826700210571,0.226937398314476,0.0007079239003360271,nan,nan,0.5,1.6196990013122559,1.6385853290557861,-0.019922874867916107,nan,nan,0.5,0.19648370146751404,1.6508172750473022,-0.016869843006134033,nan,nan,0.5
2.57,TAKEOFF,0.22716817259788513,0.2827101945877075,0.0001406440424034372,nan,nan,0.5,1.6117826700210571,0.226937398314476,0.0007079239003360271,nan,nan,0.5,1.6182621717453003,1.6387531757354736,-0.019415106624364853,nan,nan,0.5,0.19648370146751404,1.6508172750473022,-0.016869843006134033,nan,nan,0.5
2.59,TAKEOFF,0.22716817259788513,0.2827101945877075,0.0001406440424034372,nan,nan,0.5,1.6117826700210571,0.226937398314476,0.0007079239003360271,nan,nan,0.5,1.6182621717453003,1.6387531757354736,-0.019415106624364853,nan,nan,0.5,0.19648370146751404,1.6508172750473022,-0.016869843006134033,nan,nan,0.5
2.61,TAKEOFF,0.22716817259788513,0.2827101945877075,0.0001406440424034372,nan,nan,0.5,1.6117826700210571,0.226937398314476,0.0007079239003360271,nan,nan,0.5,1.6182621717453003,1.6387531757354736,-0.019415106624364853,nan,nan,0.5,0.19648370146751404,1.6508172750473022,-0.016869843006134033,nan,nan,0.5
2.63,TAKEOFF,0.22716817259788513,0.2827101945877075,0.0001406440424034372,nan,nan,0.5,1.6117826700210571,0.226937398314476,0.0007079239003360271,nan,nan,0.5,1.6182621717453003,1.6387531757354736,-0.019415106624364853,nan,nan,0.5,0.19648370146751404,1.6508172750473022,-0.016869843006134033,nan,nan,0.5
2.65,TAKEOFF,0.22712208330631256,0.2818610370159149,-7.839586760383099e-05,nan,nan,0.5,1.613214135169983,0.22739291191101074,0.0011455272324383259,nan,nan,0.5,1.6182621717453003,1.6387531757354736,-0.019415106624364853,nan,nan,0.5,0.19767457246780396,1.6518138647079468,-0.01637137681245804,nan,nan,0.5
2.67,TAKEOFF,0.22712208330631256,0.2818610370159149,-7.839586760383099e-05,nan,nan,0.5,1.613214135169983,0.22739291191101074,0.0011455272324383259,nan,nan,0.5,1.620321273803711,1.6387706995010376,-0.020371878519654274,nan,nan,0.5,0.19767457246780396,1.6518138647079468,-0.01637137681245804,nan,nan,0.5
2.69,TAKEOFF,0.22712208330631256,0.2818610370159149,-7.839586760383099e-05,nan,nan,0.5,1.613214135169983,0.22739291191101074,0.0011455272324383259,nan,nan,0.5,1.620321273803711,1.6387706995010376,-0.020371878519654274,nan,nan,0.5,0.19767457246780396,1.6518138647079468,-0.01637137681245804,nan,nan,0.5
2.71,TAKEOFF,0.22712208330631256,0.2818610370159149,-7.839586760383099e-05,nan,nan,0.5,1.613214135169983,0.22739291191101074,0.0011455272324383259,nan,nan,0.5,1.620321273803711,1.6387706995010376,-0.020371878519654274,nan,nan,0.5,0.19767457246780396,1.6518138647079468,-0.01637137681245804,nan,nan,0.5
2.73,TAKEOFF,0.22712208330631256,0.2818610370159149,-7.839586760383099e-05,nan,nan,0.5,1.613214135169983,0.22739291191101074,0.0011455272324383259,nan,nan,0.5,1.620321273803711,1.6387706995010376,-0.020371878519654274,nan,nan,0.5,0.19767457246780396,1.6518138647079468,-0.01637137681245804,nan,nan,0.5
2.75,TAKEOFF,0.22747273743152618,0.2813800871372223,-2.64247883023927e-05,nan,nan,0.5,1.6131325960159302,0.22697627544403076,0.001422092318534851,nan,nan,0.5,1.620321273803711,1.6387706995010376,-0.020371878519654274,nan,nan,0.5,0.19813506305217743,1.6514310836791992,-0.016441240906715393,nan,nan,0.5
2.77,TAKEOFF,0.22747273743152618,0.2813800871372223,-2.64247883023927e-05,nan,nan,0.5,1.6131325960159302,0.22697627544403076,0.001422092318534851,nan,nan,0.5,1.6202086210250854,1.6384727954864502,-0.020879536867141724,nan,nan,0.5,0.19813506305217743,1.6514310836791992,-0.016441240906715393,nan,nan,0.5
2.79,TAKEOFF,0.22747273743152618,0.2813800871372223,-2.64247883023927e-05,nan,nan,0.5,1.6131325960159302,0.22697627544403076,0.001422092318534851,nan,nan,0.5,1.6202086210250854,1.6384727954864502,-0.020879536867141724,nan,nan,0.5,0.19813506305217743,1.6514310836791992,-0.016441240906715393,nan,nan,0.5
2.81,TAKEOFF,0.22747273743152618,0.2813800871372223,-2.64247883023927e-05,nan,nan,0.5,1.6131325960159302,0.22697627544403076,0.001422092318534851,nan,nan,0.5,1.6202086210250854,1.6384727954864502,-0.020879536867141724,nan,nan,0.5,0.19813506305217743,1.6514310836791992,-0.016441240906715393,nan,nan,0.5
2.83,TAKEOFF,0.22747273743152618,0.2813800871372223,-2.64247883023927e-05,nan,nan,0.5,1.6131325960159302,0.22697627544403076,0.001422092318534851,nan,nan,0.5,1.6202086210250854,1.6384727954864502,-0.020879536867141724,nan,nan,0.5,0.19813506305217743,1.6514310836791992,-0.016441240906715393,nan,nan,0.5
2.85,TAKEOFF,0.22752617299556732,0.2815187871456146,-0.0003322927514091134,nan,nan,0.5,1.612527847290039,0.2248697131872177,-5.987420445308089e-05,nan,nan,0.5,1.6202086210250854,1.6384727954864502,-0.020879536867141724,nan,nan,0.5,0.19776014983654022,1.652374505996704,-0.016502343118190765,nan,nan,0.5
2.87,TAKEOFF,0.22752617299556732,0.2815187871456146,-0.0003322927514091134,nan,nan,0.5,1.612527847290039,0.2248697131872177,-5.987420445308089e-05,nan,nan,0.5,1.619685411453247,1.6378175020217896,-0.02091754786670208,nan,nan,0.5,0.19776014983654022,1.652374505996704,-0.016502343118190765,nan,nan,0.5
2.89,TAKEOFF,0.22752617299556732,0.2815187871456146,-0.0003322927514091134,nan,nan,0.5,1.612527847290039,0.2248697131872177,-5.987420445308089e-05,nan,nan,0.5,1.619685411453247,1.6378175020217896,-0.02091754786670208,nan,nan,0.5,0.19776014983654022,1.652374505996704,-0.016502343118190765,nan,nan,0.5
2.91,TAKEOFF,0.22752617299556732,0.2815187871456146,-0.0003322927514091134,nan,nan,0.5,1.612527847290039,0.2248697131872177,-5.987420445308089e-05,nan,nan,0.5,1.619685411453247,1.6378175020217896,-0.02091754786670208,nan,nan,0.5,0.19776014983654022,1.652374505996704,-0.016502343118190765,nan,nan,0.5
2.93,TAKEOFF,0.22752617299556732,0.2815187871456146,-0.0003322927514091134,nan,nan,0.5,1.612527847290039,0.2248697131872177,-5.987420445308089e-05,nan,nan,0.5,1.619685411453247,1.6378175020217896,-0.02091754786670208,nan,nan,0.5,0.19776014983654022,1.652374505996704,-0.016502343118190765,nan,nan,0.5
2.95,TAKEOFF,0.22780495882034302,0.28249746561050415,0.00021746111451648176,nan,nan,0.5,1.6121752262115479,0.22814176976680756,0.0011175012914463878,nan,nan,0.5,1.619685411453247,1.6378175020217896,-0.02091754786670208,nan,nan,0.5,0.19730564951896667,1.6517243385314941,-0.01723981834948063,nan,nan,0.5
2.97,TAKEOFF,0.22780495882034302,0.28249746561050415,0.00021746111451648176,nan,nan,0.5,1.6121752262115479,0.22814176976680756,0.0011175012914463878,nan,nan,0.5,1.6195693016052246,1.6372911930084229,-0.02109084464609623,nan,nan,0.5,0.19730564951896667,1.6517243385314941,-0.01723981834948063,nan,nan,0.5
2.99,TAKEOFF,0.22780495882034302,0.28249746561050415,0.00021746111451648176,nan,nan,0.5,1.6121752262115479,0.22814176976680756,0.0011175012914463878,nan,nan,0.5,1.6195693016052246,1.6372911930084229,-0.02109084464609623,nan,nan,0.5,0.19730564951896667,1.6517243385314941,-0.01723981834948063,nan,nan,0.5
3.01,TAKEOFF,0.22780495882034302,0.28249746561050415,0.00021746111451648176,nan,nan,0.5,1.6121752262115479,0.22814176976680756,0.0011175012914463878,nan,nan,0.5,1.6195693016052246,1.6372911930084229,-0.02109084464609623,nan,nan,0.5,0.19730564951896667,1.6517243385314941,-0.01723981834948063,nan,nan,0.5
3.03,TAKEOFF,0.22780495882034302,0.28249746561050415,0.00021746111451648176,nan,nan,0.5,1.6121752262115479,0.22814176976680756,0.0011175012914463878,nan,nan,0.5,1.6195693016052246,1.6372911930084229,-0.02109084464609623,nan,nan,0.5,0.19730564951896667,1.6517243385314941,-0.01723981834948063,nan,nan,0.5
3.05,TAKEOFF,0.22735700011253357,0.28157079219818115,-9.401032002642751e-05,nan,nan,0.5,1.6121106147766113,0.22769644856452942,0.0008776868926361203,nan,nan,0.5,1.6195693016052246,1.6372911930084229,-0.02109084464609623,nan,nan,0.5,0.19800090789794922,1.6520640850067139,-0.016648398712277412,nan,nan,0.5
3.07,TAKEOFF,0.22735700011253357,0.28157079219818115,-9.401032002642751e-05,nan,nan,0.5,1.6121106147766113,0.22769644856452942,0.0008776868926361203,nan,nan,0.5,1.6201249361038208,1.637630581855774,-0.021749956533312798,nan,nan,0.5,0.19800090789794922,1.6520640850067139,-0.016648398712277412,nan,nan,0.5
3.09,TAKEOFF,0.22735700011253357,0.28157079219818115,-9.401032002642751e-05,nan,nan,0.5,1.6121106147766113,0.22769644856452942,0.0008776868926361203,nan,nan,0.5,1.6201249361038208,1.637630581855774,-0.021749956533312798,nan,nan,0.5,0.19800090789794922,1.6520640850067139,-0.016648398712277412,nan,nan,0.5
3.11,TAKEOFF,0.22735700011253357,0.28157079219818115,-9.401032002642751e-05,nan,nan,0.5,1.6121106147766113,0.22769644856452942,0.0008776868926361203,nan,nan,0.5,1.6201249361038208,1.637630581855774,-0.021749956533312798,nan,nan,0.5,0.19800090789794922,1.6520640850067139,-0.016648398712277412,nan,nan,0.5
3.13,TAKEOFF,0.22735700011253357,0.28157079219818115,-9.401032002642751e-05,nan,nan,0.5,1.6121106147766113,0.22769644856452942,0.0008776868926361203,nan,nan,0.5,1.6201249361038208,1.637630581855774,-0.021749956533312798,nan,nan,0.5,0.19800090789794922,1.6520640850067139,-0.016648398712277412,nan,nan,0.5
3.15,TAKEOFF,0.2267298847436905,0.28182104229927063,-0.000314722943585366,nan,nan,0.5,1.6127395629882812,0.22801008820533752,0.0011004289845004678,nan,nan,0.5,1.6201249361038208,1.637630581855774,-0.021749956533312798,nan,nan,0.5,0.19803257286548615,1.6520106792449951,-0.01720423251390457,nan,nan,0.5
3.17,TAKEOFF,0.2267298847436905,0.28182104229927063,-0.000314722943585366,nan,nan,0.5,1.6127395629882812,0.22801008820533752,0.0011004289845004678,nan,nan,0.5,1.620658278465271,1.6374197006225586,-0.0221739262342453,nan,nan,0.5,0.19803257286548615,1.6520106792449951,-0.01720423251390457,nan,nan,0.5
3.19,TAKEOFF,0.2267298847436905,0.28182104229927063,-0.000314722943585366,nan,nan,0.5,1.6127395629882812,0.22801008820533752,0.0011004289845004678,nan,nan,0.5,1.620658278465271,1.6374197006225586,-0.0221739262342453,nan,nan,0.5,0.19803257286548615,1.6520106792449951,-0.01720423251390457,nan,nan,0.5
3.21,TAKEOFF,0.2267298847436905,0.28182104229927063,-0.000314722943585366,nan,nan,0.5,1.6127395629882812,0.22801008820533752,0.0011004289845004678,nan,nan,0.5,1.620658278465271,1.6374197006225586,-0.0221739262342453,nan,nan,0.5,0.19803257286548615,1.6520106792449951,-0.01720423251390457,nan,nan,0.5
3.23,TAKEOFF,0.2267298847436905,0.28182104229927063,-0.000314722943585366,nan,nan,0.5,1.6127395629882812,0.22801008820533752,0.0011004289845004678,nan,nan,0.5,1.620658278465271,1.6374197006225586,-0.0221739262342453,nan,nan,0.5,0.19803257286548615,1.6520106792449951,-0.01720423251390457,nan,nan,0.5
3.25,TAKEOFF,0.22696545720100403,0.2825425863265991,0.00012940436135977507,nan,nan,0.5,1.6133291721343994,0.22926482558250427,0.000969222339335829,nan,nan,0.5,1.620658278465271,1.6374197006225586,-0.0221739262342453,nan,nan,0.5,0.1977982074022293,1.6522194147109985,-0.017739007249474525,nan,nan,0.5
3.27,TAKEOFF,0.22696545720100403,0.2825425863265991,0.00012940436135977507,nan,nan,0.5,1.6133291721343994,0.22926482558250427,0.000969222339335829,nan,nan,0.5,1.619026780128479,1.6381770372390747,-0.020404784008860588,nan,nan,0.5,0.1977982074022293,1.6522194147109985,-0.017739007249474525,nan,nan,0.5
3.29,TAKEOFF,0.22696545720100403,0.2825425863265991,0.00012940436135977507,nan,nan,0.5,1.6133291721343994,0.22926482558250427,0.000969222339335829,nan,nan,0.5,1.619026780128479,1.6381770372390747,-0.020404784008860588,nan,nan,0.5,0.1977982074022293,1.6522194147109985,-0.017739007249474525,nan,nan,0.5
3.31,TAKEOFF,0.22696545720100403,0.2825425863265991,0.00012940436135977507,nan,nan,0.5,1.6133291721343994,0.22926482558250427,0.000969222339335829,nan,nan,0.5,1.619026780128479,1.6381770372390747,-0.020404784008860588,nan,nan,0.5,0.1977982074022293,1.6522194147109985,-0.017739007249474525,nan,nan,0.5
3.33,TAKEOFF,0.22696545720100403,0.2825425863265991,0.00012940436135977507,nan,nan,0.5,1.6133291721343994,0.22926482558250427,0.000969222339335829,nan,nan,0.5,1.619026780128479,1.6381770372390747,-0.020404784008860588,nan,nan,0.5,0.1977982074022293,1.6522194147109985,-0.017739007249474525,nan,nan,0.5
3.35,TAKEOFF,0.22685754299163818,0.28208649158477783,0.0001334381231572479,nan,nan,0.5,1.613962173461914,0.22929470241069794,0.0021469753701239824,nan,nan,0.5,1.619026780128479,1.6381770372390747,-0.020404784008860588,nan,nan,0.5,0.19759593904018402,1.6516106128692627,-0.016694603487849236,nan,nan,0.5
3.37,TAKEOFF,0.22685754299163818,0.28208649158477783,0.0001334381231572479,nan,nan,0.5,1.613962173461914,0.22929470241069794,0.0021469753701239824,nan,nan,0.5,1.619554042816162,1.6378847360610962,-0.021588195115327835,nan,nan,0.5,0.19759593904018402,1.6516106128692627,-0.016694603487849236,nan,nan,0.5
3.39,TAKEOFF,0.22685754299163818,0.28208649158477783,0.0001334381231572479,nan,nan,0.5,1.613962173461914,0.22929470241069794,0.0021469753701239824,nan,nan,0.5,1.619554042816162,1.6378847360610962,-0.021588195115327835,nan,nan,0.5,0.19759593904018402,1.6516106128692627,-0.016694603487849236,nan,nan,0.5
3.41,TAKEOFF,0.22685754299163818,0.28208649158477783,0.0001334381231572479,nan,nan,0.5,1.613962173461914,0.22929470241069794,0.0021469753701239824,nan,nan,0.5,1.619554042816162,1.6378847360610962,-0.021588195115327835,nan,nan,0.5,0.19759593904018402,1.6516106128692627,-0.016694603487849236,nan,nan,0.5
3.43,TAKEOFF,0.22685754299163818,0.28208649158477783,0.0001334381231572479,nan,nan,0.5,1.613962173461914,0.22929470241069794,0.0021469753701239824,nan,nan,0.5,1.619554042816162,1.6378847360610962,-0.021588195115327835,nan,nan,0.5,0.19759593904018402,1.6516106128692627,-0.016694603487849236,nan,nan,0.5
3.45,TAKEOFF,0.22718413174152374,0.281575471162796,-0.00023822422372177243,nan,nan,0.5,1.6115930080413818,0.22862090170383453,0.0009559576865285635,nan,nan,0.5,1.619554042816162,1.6378847360610962,-0.021588195115327835,nan,nan,0.5,0.1976037323474884,1.6516170501708984,-0.016117049381136894,nan,nan,0.5
3.47,TAKEOFF,0.22718413174152374,0.281575471162796,-0.00023822422372177243,nan,nan,0.5,1.6115930080413818,0.22862090170383453,0.0009559576865285635,nan,nan,0.5,1.6193805932998657,1.63798987865448,-0.021132154390215874,nan,nan,0.5,0.1976037323474884,1.6516170501708984,-0.016117049381136894,nan,nan,0.5
3.49,TAKEOFF,0.22718413174152374,0.281575471162796,-0.00023822422372177243,nan,nan,0.5,1.6115930080413818,0.22862090170383453,0.0009559576865285635,nan,nan,0.5,1.6193805932998657,1.63798987865448,-0.021132154390215874,nan,nan,0.5,0.1976037323474884,1.6516170501708984,-0.016117049381136894,nan,nan,0.5
3.51,TAKEOFF,0.22718413174152374,0.281575471162796,-0.00023822422372177243,nan,nan,0.5,1.6115930080413818,0.22862090170383453,0.0009559576865285635,nan,nan,0.5,1.6193805932998657,1.63798987865448,-0.021132154390215874,nan,nan,0.5,0.1976037323474884,1.6516170501708984,-0.016117049381136894,nan,nan,0.5
3.53,TAKEOFF,0.22718413174152374,0.281575471162796,-0.00023822422372177243,nan,nan,0.5,1.6115930080413818,0.22862090170383453,0.0009559576865285635,nan,nan,0.5,1.6193805932998657,1.63798987865448,-0.021132154390215874,nan,nan,0.5,0.1976037323474884,1.6516170501708984,-0.016117049381136894,nan,nan,0.5
3.55,TAKEOFF,0.22724798321723938,0.28184565901756287,0.00016811175737529993,nan,nan,0.5,1.6107330322265625,0.22843046486377716,0.000964984530583024,nan,nan,0.5,1.6193805932998657,1.63798987865448,-0.021132154390215874,nan,nan,0.5,0.19768142700195312,1.6506786346435547,-0.017340121790766716,nan,nan,0.5
3.57,TAKEOFF,0.22724798321723938,0.28184565901756287,0.00016811175737529993,nan,nan,0.5,1.6107330322265625,0.22843046486377716,0.000964984530583024,nan,nan,0.5,1.6187304258346558,1.63881516456604,-0.019857153296470642,nan,nan,0.5,0.19768142700195312,1.6506786346435547,-0.017340121790766716,nan,nan,0.5
3.59,TAKEOFF,0.22724798321723938,0.28184565901756287,0.00016811175737529993,nan,nan,0.5,1.6107330322265625,0.22843046486377716,0.000964984530583024,nan,nan,0.5,1.6187304258346558,1.63881516456604,-0.019857153296470642,nan,nan,0.5,0.19768142700195312,1.6506786346435547,-0.017340121790766716,nan,nan,0.5
3.61,TAKEOFF,0.22724798321723938,0.28184565901756287,0.00016811175737529993,nan,nan,0.5,1.6107330322265625,0.22843046486377716,0.000964984530583024,nan,nan,0.5,1.6187304258346558,1.63881516456604,-0.019857153296470642,nan,nan,0.5,0.19768142700195312,1.6506786346435547,-0.017340121790766716,nan,nan,0.5
3.63,TAKEOFF,0.22724798321723938,0.28184565901756287,0.00016811175737529993,nan,nan,0.5,1.6107330322265625,0.22843046486377716,0.000964984530583024,nan,nan,0.5,1.6187304258346558,1.63881516456604,-0.019857153296470642,nan,nan,0.5,0.19768142700195312,1.6506786346435547,-0.017340121790766716,nan,nan,0.5
3.65,TAKEOFF,0.2267513871192932,0.28209081292152405,3.683178510982543e-05,nan,nan,0.5,1.6105424165725708,0.2283022701740265,0.001677977037616074,nan,nan,0.5,1.6187304258346558,1.63881516456604,-0.019857153296470642,nan,nan,0.5,0.1972661167383194,1.6509860754013062,-0.017923327162861824,nan,nan,0.5
3.67,TAKEOFF,0.2267513871192932,0.28209081292152405,3.683178510982543e-05,nan,nan,0.5,1.6105424165725708,0.2283022701740265,0.001677977037616074,nan,nan,0.5,1.618958830833435,1.6390553712844849,-0.019550392404198647,nan,nan,0.5,0.1972661167383194,1.6509860754013062,-0.017923327162861824,nan,nan,0.5
3.69,TAKEOFF,0.2267513871192932,0.28209081292152405,3.683178510982543e-05,nan,nan,0.5,1.6105424165725708,0.2283022701740265,0.001677977037616074,nan,nan,0.5,1.618958830833435,1.6390553712844849,-0.019550392404198647,nan,nan,0.5,0.1972661167383194,1.6509860754013062,-0.017923327162861824,nan,nan,0.5
3.71,TAKEOFF,0.2267513871192932,0.28209081292152405,3.683178510982543e-05,nan,nan,0.5,1.6105424165725708,0.2283022701740265,0.001677977037616074,nan,nan,0.5,1.618958830833435,1.6390553712844849,-0.019550392404198647,nan,nan,0.5,0.1972661167383194,1.6509860754013062,-0.017923327162861824,nan,nan,0.5
3.73,TAKEOFF,0.2267513871192932,0.28209081292152405,3.683178510982543e-05,nan,nan,0.5,1.6105424165725708,0.2283022701740265,0.001677977037616074,nan,nan,0.5,1.618958830833435,1.6390553712844849,-0.019550392404198647,nan,nan,0.5,0.1972661167383194,1.6509860754013062,-0.017923327162861824,nan,nan,0.5
3.75,TAKEOFF,0.22680358588695526,0.2819117605686188,-5.233748379396275e-05,nan,nan,0.5,1.6125433444976807,0.22663259506225586,0.0009106776560656726,nan,nan,0.5,1.618958830833435,1.6390553712844849,-0.019550392404198647,nan,nan,0.5,0.19721941649913788,1.6514346599578857,-0.017649870365858078,nan,nan,0.5
3.77,TAKEOFF,0.22680358588695526,0.2819117605686188,-5.233748379396275e-05,nan,nan,0.5,1.6125433444976807,0.22663259506225586,0.0009106776560656726,nan,nan,0.5,1.6194465160369873,1.6377251148223877,-0.020513717085123062,nan,nan,0.5,0.19721941649913788,1.6514346599578857,-0.017649870365858078,nan,nan,0.5
3.79,TAKEOFF,0.22680358588695526,0.2819117605686188,-5.233748379396275e-05,nan,nan,0.5,1.6125433444976807,0.22663259506225586,0.0009106776560656726,nan,nan,0.5,1.6194465160369873,1.6377251148223877,-0.020513717085123062,nan,nan,0.5,0.19721941649913788,1.6514346599578857,-0.017649870365858078,nan,nan,0.5
3.81,TAKEOFF,0.22680358588695526,0.2819117605686188,-5.233748379396275e-05,nan,nan,0.5,1.6125433444976807,0.22663259506225586,0.0009106776560656726,nan,nan,0.5,1.6194465160369873,1.6377251148223877,-0.020513717085123062,nan,nan,0.5,0.19721941649913788,1.6514346599578857,-0.017649870365858078,nan,nan,0.5
3.83,TAKEOFF,0.22680358588695526,0.2819117605686188,-5.233748379396275e-05,nan,nan,0.5,1.6125433444976807,0.22663259506225586,0.0009106776560656726,nan,nan,0.5,1.6194465160369873,1.6377251148223877,-0.020513717085123062,nan,nan,0.5,0.19721941649913788,1.6514346599578857,-0.017649870365858078,nan,nan,0.5
3.85,TAKEOFF,0.22677354514598846,0.28222066164016724,-0.00011388002894818783,nan,nan,0.5,1.612191915512085,0.22721540927886963,0.0010556706693023443,nan,nan,0.5,1.6180109977722168,1.6383174657821655,-0.019208543002605438,nan,nan,0.5,0.19765666127204895,1.6510765552520752,-0.016877904534339905,nan,nan,0.5
3.87,TAKEOFF,0.22677354514598846,0.28222066164016724,-0.00011388002894818783,nan,nan,0.5,1.612191915512085,0.22721540927886963,0.0010556706693023443,nan,nan,0.5,1.6180109977722168,1.6383174657821655,-0.019208543002605438,nan,nan,0.5,0.19765666127204895,1.6510765552520752,-0.016877904534339905,nan,nan,0.5
3.89,TAKEOFF,0.22677354514598846,0.28222066164016724,-0.00011388002894818783,nan,nan,0.5,1.612191915512085,0.22721540927886963,0.0010556706693023443,nan,nan,0.5,1.6180109977722168,1.6383174657821655,-0.019208543002605438,nan,nan,0.5,0.19765666127204895,1.6510765552520752,-0.016877904534339905,nan,nan,0.5
3.91,TAKEOFF,0.22677354514598846,0.28222066164016724,-0.00011388002894818783,nan,nan,0.5,1.612191915512085,0.22721540927886963,0.0010556706693023443,nan,nan,0.5,1.6180109977722168,1.6383174657821655,-0.019208543002605438,nan,nan,0.5,0.19765666127204895,1.6510765552520752,-0.016877904534339905,nan,nan,0.5
3.93,TAKEOFF,0.22677354514598846,0.28222066164016724,-0.00011388002894818783,nan,nan,0.5,1.612191915512085,0.22721540927886963,0.0010556706693023443,nan,nan,0.5,1.6180109977722168,1.6383174657821655,-0.019208543002605438,nan,nan,0.5,0.19765666127204895,1.6510765552520752,-0.016877904534339905,nan,nan,0.5
3.95,TAKEOFF,0.22702725231647491,0.2820408344268799,-0.0003461712331045419,nan,nan,0.5,1.612191915512085,0.22721540927886963,0.0010556706693023443,nan,nan,0.5,1.6180109977722168,1.6383174657821655,-0.019208543002605438,nan,nan,0.5,0.19768205285072327,1.6517189741134644,-0.016199398785829544,nan,nan,0.5
3.97,TAKEOFF,0.22702725231647491,0.2820408344268799,-0.0003461712331045419,nan,nan,0.5,1.6117757558822632,0.22807738184928894,0.0007087893318384886,nan,nan,0.5,1.6194157600402832,1.638489007949829,-0.020173875615000725,nan,nan,0.5,0.19768205285072327,1.6517189741134644,-0.016199398785829544,nan,nan,0.5
3.99,TAKEOFF,0.22702725231647491,0.2820408344268799,-0.0003461712331045419,nan,nan,0.5,1.6117757558822632,0.22807738184928894,0.0007087893318384886,nan,nan,0.5,1.6194157600402832,1.638489007949829,-0.020173875615000725,nan,nan,0.5,0.19768205285072327,1.6517189741134644,-0.016199398785829544,nan,nan,0.5
4.01,TAKEOFF,0.22702725231647491,0.2820408344268799,-0.0003461712331045419,nan,nan,0.5,1.6117757558822632,0.22807738184928894,0.0007087893318384886,nan,nan,0.5,1.6194157600402832,1.638489007949829,-0.020173875615000725,nan,nan,0.5,0.19768205285072327,1.6517189741134644,-0.016199398785829544,nan,nan,0.5
4.03,TAKEOFF,0.22702725231647491,0.2820408344268799,-0.0003461712331045419,nan,nan,0.5,1.6117757558822632,0.22807738184928894,0.0007087893318384886,nan,nan,0.5,1.6194157600402832,1.638489007949829,-0.020173875615000725,nan,nan,0.5,0.19768205285072327,1.6517189741134644,-0.016199398785829544,nan,nan,0.5
4.05,TAKEOFF,0.22770795226097107,0.28152287006378174,-0.0006607297691516578,nan,nan,0.5,1.6125755310058594,0.22732627391815186,0.0010682009160518646,nan,nan,0.5,1.6194157600402832,1.638489007949829,-0.020173875615000725,nan,nan,0.5,0.19758197665214539,1.6518049240112305,-0.0168138537555933,nan,nan,0.5
4.07,TAKEOFF,0.22770795226097107,0.28152287006378174,-0.0006607297691516578,nan,nan,0.5,1.6125755310058594,0.22732627391815186,0.0010682009160518646,nan,nan,0.5,1.6201671361923218,1.638094425201416,-0.021082304418087006,nan,nan,0.5,0.19758197665214539,1.6518049240112305,-0.0168138537555933,nan,nan,0.5
4.09,TAKEOFF,0.22770795226097107,0.28152287006378174,-0.0006607297691516578,nan,nan,0.5,1.6125755310058594,0.22732627391815186,0.0010682009160518646,nan,nan,0.5,1.6201671361923218,1.638094425201416,-0.021082304418087006,nan,nan,0.5,0.19758197665214539,1.6518049240112305,-0.0168138537555933,nan,nan,0.5
4.11,TAKEOFF,0.22770795226097107,0.28152287006378174,-0.0006607297691516578,nan,nan,0.5,1.6125755310058594,0.22732627391815186,0.0010682009160518646,nan,nan,0.5,1.6201671361923218,1.638094425201416,-0.021082304418087006,nan,nan,0.5,0.19758197665214539,1.6518049240112305,-0.0168138537555933,nan,nan,0.5
4.13,TAKEOFF,0.22770795226097107,0.28152287006378174,-0.0006607297691516578,nan,nan,0.5,1.6125755310058594,0.22732627391815186,0.0010682009160518646,nan,nan,0.5,1.6201671361923218,1.638094425201416,-0.021082304418087006,nan,nan,0.5,0.19758197665214539,1.6518049240112305,-0.0168138537555933,nan,nan,0.5
4.15,TAKEOFF,0.22743499279022217,0.2816101312637329,-5.731897545047104e-06,nan,nan,0.5,1.6128692626953125,0.22719727456569672,0.0016841837204992771,nan,nan,0.5,1.6201671361923218,1.638094425201416,-0.021082304418087006,nan,nan,0.5,0.19818457961082458,1.652180790901184,-0.017102990299463272,nan,nan,0.5
4.17,TAKEOFF,0.22743499279022217,0.2816101312637329,-5.731897545047104e-06,nan,nan,0.5,1.6128692626953125,0.22719727456569672,0.0016841837204992771,nan,nan,0.5,1.6202629804611206,1.639465570449829,-0.01988554745912552,nan,nan,0.5,0.19818457961082458,1.652180790901184,-0.017102990299463272,nan,nan,0.5
4.19,TAKEOFF,0.22743499279022217,0.2816101312637329,-5.731897545047104e-06,nan,nan,0.5,1.6128692626953125,0.22719727456569672,0.0016841837204992771,nan,nan,0.5,1.6202629804611206,1.639465570449829,-0.01988554745912552,nan,nan,0.5,0.19818457961082458,1.652180790901184,-0.017102990299463272,nan,nan,0.5
4.21,TAKEOFF,0.22743499279022217,0.2816101312637329,-5.731897545047104e-06,nan,nan,0.5,1.6128692626953125,0.22719727456569672,0.0016841837204992771,nan,nan,0.5,1.6202629804611206,1.639465570449829,-0.01988554745912552,nan,nan,0.5,0.19818457961082458,1.652180790901184,-0.017102990299463272,nan,nan,0.5
4.23,TAKEOFF,0.22743499279022217,0.2816101312637329,-5.731897545047104e-06,nan,nan,0.5,1.6128692626953125,0.22719727456569672,0.0016841837204992771,nan,nan,0.5,1.6202629804611206,1.639465570449829,-0.01988554745912552,nan,nan,0.5,0.19818457961082458,1.652180790901184,-0.017102990299463272,nan,nan,0.5
4.25,TAKEOFF,0.2272687405347824,0.2830214202404022,0.00023367247194983065,nan,nan,0.5,1.6136327981948853,0.2283419519662857,0.0016600759699940681,nan,nan,0.5,1.6202629804611206,1.639465570449829,-0.01988554745912552,nan,nan,0.5,0.19816750288009644,1.6518112421035767,-0.01761837676167488,nan,nan,0.5
4.27,TAKEOFF,0.2272687405347824,0.2830214202404022,0.00023367247194983065,nan,nan,0.5,1.6136327981948853,0.2283419519662857,0.0016600759699940681,nan,nan,0.5,1.6196184158325195,1.6374303102493286,-0.021607788279652596,nan,nan,0.5,0.19816750288009644,1.6518112421035767,-0.01761837676167488,nan,nan,0.5
4.29,TAKEOFF,0.2272687405347824,0.2830214202404022,0.00023367247194983065,nan,nan,0.5,1.6136327981948853,0.2283419519662857,0.0016600759699940681,nan,nan,0.5,1.6196184158325195,1.6374303102493286,-0.021607788279652596,nan,nan,0.5,0.19816750288009644,1.6518112421035767,-0.01761837676167488,nan,nan,0.5
4.31,TAKEOFF,0.2272687405347824,0.2830214202404022,0.00023367247194983065,nan,nan,0.5,1.6136327981948853,0.2283419519662857,0.0016600759699940681,nan,nan,0.5,1.6196184158325195,1.6374303102493286,-0.021607788279652596,nan,nan,0.5,0.19816750288009644,1.6518112421035767,-0.01761837676167488,nan,nan,0.5
4.33,TAKEOFF,0.2272687405347824,0.2830214202404022,0.00023367247194983065,nan,nan,0.5,1.6136327981948853,0.2283419519662857,0.0016600759699940681,nan,nan,0.5,1.6196184158325195,1.6374303102493286,-0.021607788279652596,nan,nan,0.5,0.19816750288009644,1.6518112421035767,-0.01761837676167488,nan,nan,0.5
4.35,TAKEOFF,0.22704027593135834,0.2836444675922394,0.0003942682524211705,nan,nan,0.5,1.6129004955291748,0.2273028939962387,0.0017570264171808958,nan,nan,0.5,1.6196184158325195,1.6374303102493286,-0.021607788279652596,nan,nan,0.5,0.1972315013408661,1.650881290435791,-0.017036769539117813,nan,nan,0.5
4.37,TAKEOFF,0.22704027593135834,0.2836444675922394,0.0003942682524211705,nan,nan,0.5,1.6129004955291748,0.2273028939962387,0.0017570264171808958,nan,nan,0.5,1.6193029880523682,1.6374449729919434,-0.021257350221276283,nan,nan,0.5,0.1972315013408661,1.650881290435791,-0.017036769539117813,nan,nan,0.5
4.39,TAKEOFF,0.22704027593135834,0.2836444675922394,0.0003942682524211705,nan,nan,0.5,1.6129004955291748,0.2273028939962387,0.0017570264171808958,nan,nan,0.5,1.6193029880523682,1.6374449729919434,-0.021257350221276283,nan,nan,0.5,0.1972315013408661,1.650881290435791,-0.017036769539117813,nan,nan,0.5
4.41,TAKEOFF,0.22704027593135834,0.2836444675922394,0.0003942682524211705,nan,nan,0.5,1.6129004955291748,0.2273028939962387,0.0017570264171808958,nan,nan,0.5,1.6193029880523682,1.6374449729919434,-0.021257350221276283,nan,nan,0.5,0.1972315013408661,1.650881290435791,-0.017036769539117813,nan,nan,0.5
4.43,TAKEOFF,0.22704027593135834,0.2836444675922394,0.0003942682524211705,nan,nan,0.5,1.6129004955291748,0.2273028939962387,0.0017570264171808958,nan,nan,0.5,1.6193029880523682,1.6374449729919434,-0.021257350221276283,nan,nan,0.5,0.1972315013408661,1.650881290435791,-0.017036769539117813,nan,nan,0.5
4.45,TAKEOFF,0.22705359756946564,0.2823273539543152,-3.302949698991142e-05,nan,nan,0.5,1.611218810081482,0.22835581004619598,0.0010155974887311459,nan,nan,0.5,1.6193029880523682,1.6374449729919434,-0.021257350221276283,nan,nan,0.5,0.19714877009391785,1.6497491598129272,-0.01705460250377655,nan,nan,0.5
4.47,TAKEOFF,0.22705359756946564,0.2823273539543152,-3.302949698991142e-05,nan,nan,0.5,1.611218810081482,0.22835581004619598,0.0010155974887311459,nan,nan,0.5,1.6195294857025146,1.6380553245544434,-0.02104402333498001,nan,nan,0.5,0.19714877009391785,1.6497491598129272,-0.01705460250377655,nan,nan,0.5
4.49,TAKEOFF,0.22705359756946564,0.2823273539543152,-3.302949698991142e-05,nan,nan,0.5,1.611218810081482,0.22835581004619598,0.0010155974887311459,nan,nan,0.5,1.6195294857025146,1.6380553245544434,-0.02104402333498001,nan,nan,0.5,0.19714877009391785,1.6497491598129272,-0.01705460250377655,nan,nan,0.5
4.51,TAKEOFF,0.22705359756946564,0.2823273539543152,-3.302949698991142e-05,nan,nan,0.5,1.611218810081482,0.22835581004619598,0.0010155974887311459,nan,nan,0.5,1.6195294857025146,1.6380553245544434,-0.02104402333498001,nan,nan,0.5,0.19714877009391785,1.6497491598129272,-0.01705460250377655,nan,nan,0.5
4.53,TAKEOFF,0.22705359756946564,0.2823273539543152,-3.302949698991142e-05,nan,nan,0.5,1.611218810081482,0.22835581004619598,0.0010155974887311459,nan,nan,0.5,1.6195294857025146,1.6380553245544434,-0.02104402333498001,nan,nan,0.5,0.19714877009391785,1.6497491598129272,-0.01705460250377655,nan,nan,0.5
4.55,TAKEOFF,0.22698946297168732,0.2811354696750641,-0.000300809828331694,nan,nan,0.5,1.6121022701263428,0.22795164585113525,0.0009485058835707605,nan,nan,0.5,1.6195294857025146,1.6380553245544434,-0.02104402333498001,nan,nan,0.5,0.19594092667102814,1.6514230966567993,-0.01824602484703064,nan,nan,0.5
4.57,TAKEOFF,0.22698946297168732,0.2811354696750641,-0.000300809828331694,nan,nan,0.5,1.6121022701263428,0.22795164585113525,0.0009485058835707605,nan,nan,0.5,1.6190485954284668,1.639175534248352,-0.01982800103724003,nan,nan,0.5,0.19594092667102814,1.6514230966567993,-0.01824602484703064,nan,nan,0.5
4.59,TAKEOFF,0.22698946297168732,0.2811354696750641,-0.000300809828331694,nan,nan,0.5,1.6121022701263428,0.22795164585113525,0.0009485058835707605,nan,nan,0.5,1.6190485954284668,1.639175534248352,-0.01982800103724003,nan,nan,0.5,0.19594092667102814,1.6514230966567993,-0.01824602484703064,nan,nan,0.5
4.61,TAKEOFF,0.22698946297168732,0.2811354696750641,-0.000300809828331694,nan,nan,0.5,1.6121022701263428,0.22795164585113525,0.0009485058835707605,nan,nan,0.5,1.6190485954284668,1.639175534248352,-0.01982800103724003,nan,nan,0.5,0.19594092667102814,1.6514230966567993,-0.01824602484703064,nan,nan,0.5
4.63,TAKEOFF,0.22698946297168732,0.2811354696750641,-0.000300809828331694,nan,nan,0.5,1.6121022701263428,0.22795164585113525,0.0009485058835707605,nan,nan,0.5,1.6190485954284668,1.639175534248352,-0.01982800103724003,nan,nan,0.5,0.19594092667102814,1.6514230966567993,-0.01824602484703064,nan,nan,0.5
4.65,TAKEOFF,0.22732841968536377,0.2822492718696594,0.00025712529895827174,nan,nan,0.5,1.6119896173477173,0.22907939553260803,0.0010816282592713833,nan,nan,0.5,1.619167685508728,1.6397690773010254,-0.019362065941095352,nan,nan,0.5,0.19842374324798584,1.6518001556396484,-0.016518810763955116,nan,nan,0.5
4.67,TAKEOFF,0.22732841968536377,0.2822492718696594,0.00025712529895827174,nan,nan,0.5,1.6119896173477173,0.22907939553260803,0.0010816282592713833,nan,nan,0.5,1.619167685508728,1.6397690773010254,-0.019362065941095352,nan,nan,0.5,0.19842374324798584,1.6518001556396484,-0.016518810763955116,nan,nan,0.5
4.69,TAKEOFF,0.22732841968536377,0.2822492718696594,0.00025712529895827174,nan,nan,0.5,1.6119896173477173,0.22907939553260803,0.0010816282592713833,nan,nan,0.5,1.619167685508728,1.6397690773010254,-0.019362065941095352,nan,nan,0.5,0.19842374324798584,1.6518001556396484,-0.016518810763955116,nan,nan,0.5
4.71,TAKEOFF,0.22732841968536377,0.2822492718696594,0.00025712529895827174,nan,nan,0.5,1.6119896173477173,0.22907939553260803,0.0010816282592713833,nan,nan,0.5,1.619167685508728,1.6397690773010254,-0.019362065941095352,nan,nan,0.5,0.19842374324798584,1.6518001556396484,-0.016518810763955116,nan,nan,0.5
4.73,TAKEOFF,0.22732841968536377,0.2822492718696594,0.00025712529895827174,nan,nan,0.5,1.6119896173477173,0.22907939553260803,0.0010816282592713833,nan,nan,0.5,1.619167685508728,1.6397690773010254,-0.019362065941095352,nan,nan,0.5,0.19842374324798584,1.6518001556396484,-0.016518810763955116,nan,nan,0.5
4.75,TAKEOFF,0.22687910497188568,0.2819404602050781,1.661874193814583e-05,nan,nan,0.5,1.6122111082077026,0.22794470191001892,0.0010125956032425165,nan,nan,0.5,1.619167685508728,1.6397690773010254,-0.019362065941095352,nan,nan,0.5,0.19813638925552368,1.6523606777191162,-0.016037635505199432,nan,nan,0.5
4.77,TAKEOFF,0.22687910497188568,0.2819404602050781,1.661874193814583e-05,nan,nan,0.5,1.6122111082077026,0.22794470191001892,0.0010125956032425165,nan,nan,0.5,1.6213953495025635,1.6391258239746094,-0.01997401751577854,nan,nan,0.5,0.19813638925552368,1.6523606777191162,-0.016037635505199432,nan,nan,0.5
4.79,TAKEOFF,0.22687910497188568,0.2819404602050781,1.661874193814583e-05,nan,nan,0.5,1.6122111082077026,0.22794470191001892,0.0010125956032425165,nan,nan,0.5,1.6213953495025635,1.6391258239746094,-0.01997401751577854,nan,nan,0.5,0.19813638925552368,1.6523606777191162,-0.016037635505199432,nan,nan,0.5
4.81,TAKEOFF,0.22687910497188568,0.2819404602050781,1.661874193814583e-05,nan,nan,0.5,1.6122111082077026,0.22794470191001892,0.0010125956032425165,nan,nan,0.5,1.6213953495025635,1.6391258239746094,-0.01997401751577854,nan,nan,0.5,0.19813638925552368,1.6523606777191162,-0.016037635505199432,nan,nan,0.5
4.83,TAKEOFF,0.22687910497188568,0.2819404602050781,1.661874193814583e-05,nan,nan,0.5,1.6122111082077026,0.22794470191001892,0.0010125956032425165,nan,nan,0.5,1.6213953495025635,1.6391258239746094,-0.01997401751577854,nan,nan,0.5,0.19813638925552368,1.6523606777191162,-0.016037635505199432,nan,nan,0.5
4.85,TAKEOFF,0.22699901461601257,0.2816746234893799,-0.00023424378014169633,nan,nan,0.5,1.6123061180114746,0.22783765196800232,0.001262485864572227,nan,nan,0.5,1.6213953495025635,1.6391258239746094,-0.01997401751577854,nan,nan,0.5,0.19828493893146515,1.6516671180725098,-0.01699279248714447,nan,nan,0.5
4.87,TAKEOFF,0.22699901461601257,0.2816746234893799,-0.00023424378014169633,nan,nan,0.5,1.6123061180114746,0.22783765196800232,0.001262485864572227,nan,nan,0.5,1.6198574304580688,1.6377053260803223,-0.021837949752807617,nan,nan,0.5,0.19828493893146515,1.6516671180725098,-0.01699279248714447,nan,nan,0.5
4.89,TAKEOFF,0.22699901461601257,0.2816746234893799,-0.00023424378014169633,nan,nan,0.5,1.6123061180114746,0.22783765196800232,0.001262485864572227,nan,nan,0.5,1.6198574304580688,1.6377053260803223,-0.021837949752807617,nan,nan,0.5,0.19828493893146515,1.6516671180725098,-0.01699279248714447,nan,nan,0.5
4.91,TAKEOFF,0.22699901461601257,0.2816746234893799,-0.00023424378014169633,nan,nan,0.5,1.6123061180114746,0.22783765196800232,0.001262485864572227,nan,nan,0.5,1.6198574304580688,1.6377053260803223,-0.021837949752807617,nan,nan,0.5,0.19828493893146515,1.6516671180725098,-0.01699279248714447,nan,nan,0.5
4.93,TAKEOFF,0.22699901461601257,0.2816746234893799,-0.00023424378014169633,nan,nan,0.5,1.6123061180114746,0.22783765196800232,0.001262485864572227,nan,nan,0.5,1.6198574304580688,1.6377053260803223,-0.021837949752807617,nan,nan,0.5,0.19828493893146515,1.6516671180725098,-0.01699279248714447,nan,nan,0.5
4.95,TAKEOFF,0.2274901270866394,0.28241851925849915,6.0804959503002465e-05,nan,nan,0.5,1.6124169826507568,0.2275954931974411,0.001328132813796401,nan,nan,0.5,1.6198574304580688,1.6377053260803223,-0.021837949752807617,nan,nan,0.5,0.19754381477832794,1.651620864868164,-0.016869889572262764,nan,nan,0.5
4.97,TAKEOFF,0.2274901270866394,0.28241851925849915,6.0804959503002465e-05,nan,nan,0.5,1.6124169826507568,0.2275954931974411,0.001328132813796401,nan,nan,0.5,1.6190522909164429,1.6388455629348755,-0.020369110628962517,nan,nan,0.5,0.19754381477832794,1.651620864868164,-0.016869889572262764,nan,nan,0.5
4.99,TAKEOFF,0.2274901270866394,0.28241851925849915,6.0804959503002465e-05,nan,nan,0.5,1.6124169826507568,0.2275954931974411,0.001328132813796401,nan,nan,0.5,1.6190522909164429,1.6388455629348755,-0.020369110628962517,nan,nan,0.5,0.19754381477832794,1.651620864868164,-0.016869889572262764,nan,nan,0.5
5.01,TRACK,0.2274901270866394,0.28241851925849915,6.0804959503002465e-05,nan,nan,0.5,1.6124169826507568,0.2275954931974411,0.001328132813796401,nan,nan,0.5,1.6190522909164429,1.6388455629348755,-0.020369110628962517,nan,nan,0.5,0.19754381477832794,1.651620864868164,-0.016869889572262764,nan,nan,0.5
5.03,TRACK,0.2274901270866394,0.28241851925849915,6.0804959503002465e-05,nan,nan,0.5,1.6124169826507568,0.2275954931974411,0.001328132813796401,nan,nan,0.5,1.6190522909164429,1.6388455629348755,-0.020369110628962517,nan,nan,0.5,0.19754381477832794,1.651620864868164,-0.016869889572262764,nan,nan,0.5
5.05,TRACK,0.22718895971775055,0.2821084260940552,0.00011554441880434752,nan,nan,0.5,1.6115303039550781,0.2282913625240326,0.0004259640409145504,nan,nan,0.5,1.6190522909164429,1.6388455629348755,-0.020369110628962517,nan,nan,0.5,0.19824759662151337,1.6515909433364868,-0.016845878213644028,nan,nan,0.5
5.07,TRACK,0.22718895971775055,0.2821084260940552,0.00011554441880434752,nan,nan,0.5,1.6115303039550781,0.2282913625240326,0.0004259640409145504,nan,nan,0.5,1.618765950202942,1.6385399103164673,-0.019703373312950134,nan,nan,0.5,0.19824759662151337,1.6515909433364868,-0.016845878213644028,nan,nan,0.5
5.09,TRACK,0.22718895971775055,0.2821084260940552,0.00011554441880434752,nan,nan,0.5,1.6115303039550781,0.2282913625240326,0.0004259640409145504,nan,nan,0.5,1.618765950202942,1.6385399103164673,-0.019703373312950134,nan,nan,0.5,0.19824759662151337,1.6515909433364868,-0.016845878213644028,nan,nan,0.5
5.11,TRACK,0.22718895971775055,0.2821084260940552,0.00011554441880434752,nan,nan,0.5,1.6115303039550781,0.2282913625240326,0.0004259640409145504,nan,nan,0.5,1.618765950202942,1.6385399103164673,-0.019703373312950134,nan,nan,0.5,0.19824759662151337,1.6515909433364868,-0.016845878213644028,nan,nan,0.5
5.13,TRACK,0.22718895971775055,0.2821084260940552,0.00011554441880434752,nan,nan,0.5,1.6115303039550781,0.2282913625240326,0.0004259640409145504,nan,nan,0.5,1.618765950202942,1.6385399103164673,-0.019703373312950134,nan,nan,0.5,0.19824759662151337,1.6515909433364868,-0.016845878213644028,nan,nan,0.5
5.15,TRACK,0.22750523686408997,0.2823724150657654,0.00032719518640078604,nan,nan,0.5,1.6115171909332275,0.22847393155097961,0.0007286500185728073,nan,nan,0.5,1.618765950202942,1.6385399103164673,-0.019703373312950134,nan,nan,0.5,0.19719575345516205,1.651293396949768,-0.01738390512764454,nan,nan,0.5
5.17,TRACK,0.22750523686408997,0.2823724150657654,0.00032719518640078604,nan,nan,0.5,1.6115171909332275,0.22847393155097961,0.0007286500185728073,nan,nan,0.5,1.6200778484344482,1.6379547119140625,-0.01979920081794262,nan,nan,0.5,0.19719575345516205,1.651293396949768,-0.01738390512764454,nan,nan,0.5
5.19,TRACK,0.22750523686408997,0.2823724150657654,0.00032719518640078604,nan,nan,0.5,1.6115171909332275,0.22847393155097961,0.0007286500185728073,nan,nan,0.5,1.6200778484344482,1.6379547119140625,-0.01979920081794262,nan,nan,0.5,0.19719575345516205,1.651293396949768,-0.01738390512764454,nan,nan,0.5
5.211,TRACK,0.22750523686408997,0.2823724150657654,0.00032719518640078604,nan,nan,0.5,1.6115171909332275,0.22847393155097961,0.0007286500185728073,nan,nan,0.5,1.6200778484344482,1.6379547119140625,-0.01979920081794262,nan,nan,0.5,0.19719575345516205,1.651293396949768,-0.01738390512764454,nan,nan,0.5
5.23,TRACK,0.22750523686408997,0.2823724150657654,0.00032719518640078604,nan,nan,0.5,1.6115171909332275,0.22847393155097961,0.0007286500185728073,nan,nan,0.5,1.6200778484344482,1.6379547119140625,-0.01979920081794262,nan,nan,0.5,0.19719575345516205,1.651293396949768,-0.01738390512764454,nan,nan,0.5
5.25,TRACK,0.22709423303604126,0.28197112679481506,-1.6403810150222853e-05,nan,nan,0.5,1.610899806022644,0.22853347659111023,0.0010239335242658854,nan,nan,0.5,1.6194981336593628,1.6388881206512451,-0.01974150724709034,nan,nan,0.5,0.1975121796131134,1.6514838933944702,-0.017279691994190216,nan,nan,0.5
5.27,TRACK,0.22709423303604126,0.28197112679481506,-1.6403810150222853e-05,nan,nan,0.5,1.610899806022644,0.22853347659111023,0.0010239335242658854,nan,nan,0.5,1.6194981336593628,1.6388881206512451,-0.01974150724709034,nan,nan,0.5,0.1975121796131134,1.6514838933944702,-0.017279691994190216,nan,nan,0.5
5.29,TRACK,0.22709423303604126,0.28197112679481506,-1.6403810150222853e-05,nan,nan,0.5,1.610899806022644,0.22853347659111023,0.0010239335242658854,nan,nan,0.5,1.6194981336593628,1.6388881206512451,-0.01974150724709034,nan,nan,0.5,0.1975121796131134,1.6514838933944702,-0.017279691994190216,nan,nan,0.5
5.31,TRACK,0.22709423303604126,0.28197112679481506,-1.6403810150222853e-05,nan,nan,0.5,1.610899806022644,0.22853347659111023,0.0010239335242658854,nan,nan,0.5,1.6194981336593628,1.6388881206512451,-0.01974150724709034,nan,nan,0.5,0.1975121796131134,1.6514838933944702,-0.017279691994190216,nan,nan,0.5
5.33,TRACK,0.22709423303604126,0.28197112679481506,-1.6403810150222853e-05,nan,nan,0.5,1.610899806022644,0.22853347659111023,0.0010239335242658854,nan,nan,0.5,1.6194981336593628,1.6388881206512451,-0.01974150724709034,nan,nan,0.5,0.1975121796131134,1.6514838933944702,-0.017279691994190216,nan,nan,0.5
5.35,TRACK,0.22695954144001007,0.28187504410743713,-0.0001237379910890013,nan,nan,0.5,1.6117149591445923,0.22880274057388306,0.0008944807341322303,nan,nan,0.5,1.6197590827941895,1.6378253698349,-0.02098166011273861,nan,nan,0.5,0.19669857621192932,1.6518878936767578,-0.01773189567029476,nan,nan,0.5
5.37,TRACK,0.22695954144001007,0.28187504410743713,-0.0001237379910890013,nan,nan,0.5,1.6117149591445923,0.22880274057388306,0.0008944807341322303,nan,nan,0.5,1.6197590827941895,1.6378253698349,-0.02098166011273861,nan,nan,0.5,0.19669857621192932,1.6518878936767578,-0.01773189567029476,nan,nan,0.5
5.39,TRACK,0.22695954144001007,0.28187504410743713,-0.0001237379910890013,nan,nan,0.5,1.6117149591445923,0.22880274057388306,0.0008944807341322303,nan,nan,0.5,1.6197590827941895,1.6378253698349,-0.02098166011273861,nan,nan,0.5,0.19669857621192932,1.6518878936767578,-0.01773189567029476,nan,nan,0.5
5.41,TRACK,0.22695954144001007,0.28187504410743713,-0.0001237379910890013,nan,nan,0.5,1.6117149591445923,0.22880274057388306,0.0008944807341322303,nan,nan,0.5,1.6197590827941895,1.6378253698349,-0.02098166011273861,nan,nan,0.5,0.19669857621192932,1.6518878936767578,-0.01773189567029476,nan,nan,0.5
5.43,TRACK,0.22695954144001007,0.28187504410743713,-0.0001237379910890013,nan,nan,0.5,1.6117149591445923,0.22880274057388306,0.0008944807341322303,nan,nan,0.5,1.6197590827941895,1.6378253698349,-0.02098166011273861,nan,nan,0.5,0.19669857621192932,1.6518878936767578,-0.01773189567029476,nan,nan,0.5
5.45,TRACK,0.22679385542869568,0.282128244638443,0.00020038500952068716,nan,nan,0.5,1.6131147146224976,0.22866548597812653,0.001251552370376885,nan,nan,0.5,1.6193883419036865,1.637964129447937,-0.020766347646713257,nan,nan,0.5,0.19785358011722565,1.651863694190979,-0.01713596098124981,nan,nan,0.5
5.47,TRACK,0.22679385542869568,0.282128244638443,0.00020038500952068716,nan,nan,0.5,1.6131147146224976,0.22866548597812653,0.001251552370376885,nan,nan,0.5,1.6193883419036865,1.637964129447937,-0.020766347646713257,nan,nan,0.5,0.19785358011722565,1.651863694190979,-0.01713596098124981,nan,nan,0.5
5.49,TRACK,0.22679385542869568,0.282128244638443,0.00020038500952068716,nan,nan,0.5,1.6131147146224976,0.22866548597812653,0.001251552370376885,nan,nan,0.5,1.6193883419036865,1.637964129447937,-0.020766347646713257,nan,nan,0.5,0.19785358011722565,1.651863694190979,-0.01713596098124981,nan,nan,0.5
5.51,TRACK,0.22679385542869568,0.282128244638443,0.00020038500952068716,nan,nan,0.5,1.6131147146224976,0.22866548597812653,0.001251552370376885,nan,nan,0.5,1.6193883419036865,1.637964129447937,-0.020766347646713257,nan,nan,0.5,0.19785358011722565,1.651863694190979,-0.01713596098124981,nan,nan,0.5
5.53,TRACK,0.22679385542869568,0.282128244638443,0.00020038500952068716,nan,nan,0.5,1.6131147146224976,0.22866548597812653,0.001251552370376885,nan,nan,0.5,1.6193883419036865,1.637964129447937,-0.020766347646713257,nan,nan,0.5,0.19785358011722565,1.651863694190979,-0.01713596098124981,nan,nan,0.5
5.55,TRACK,0.22654284536838531,0.2817414104938507,-0.0008452213369309902,nan,nan,0.5,1.6130421161651611,0.22868889570236206,0.0013058350887149572,nan,nan,0.5,1.6193883419036865,1.637964129447937,-0.020766347646713257,nan,nan,0.5,0.19765064120292664,1.6515278816223145,-0.01646459847688675,nan,nan,0.5
5.57,TRACK,0.22654284536838531,0.2817414104938507,-0.0008452213369309902,nan,nan,0.5,1.6130421161651611,0.22868889570236206,0.0013058350887149572,nan,nan,0.5,1.6190903186798096,1.6382125616073608,-0.020770346745848656,nan,nan,0.5,0.19765064120292664,1.6515278816223145,-0.01646459847688675,nan,nan,0.5
5.59,TRACK,0.22654284536838531,0.2817414104938507,-0.0008452213369309902,nan,nan,0.5,1.6130421161651611,0.22868889570236206,0.0013058350887149572,nan,nan,0.5,1.6190903186798096,1.6382125616073608,-0.020770346745848656,nan,nan,0.5,0.19765064120292664,1.6515278816223145,-0.01646459847688675,nan,nan,0.5
5.61,TRACK,0.22654284536838531,0.2817414104938507,-0.0008452213369309902,nan,nan,0.5,1.6130421161651611,0.22868889570236206,0.0013058350887149572,nan,nan,0.5,1.6190903186798096,1.6382125616073608,-0.020770346745848656,nan,nan,0.5,0.19765064120292664,1.6515278816223145,-0.01646459847688675,nan,nan,0.5
5.63,TRACK,0.22654284536838531,0.2817414104938507,-0.0008452213369309902,nan,nan,0.5,1.6130421161651611,0.22868889570236206,0.0013058350887149572,nan,nan,0.5,1.6190903186798096,1.6382125616073608,-0.020770346745848656,nan,nan,0.5,0.19765064120292664,1.6515278816223145,-0.01646459847688675,nan,nan,0.5
5.65,TRACK,0.22724631428718567,0.282179594039917,-0.00019338325364515185,nan,nan,0.5,1.6129655838012695,0.22737360000610352,0.0016086515970528126,nan,nan,0.5,1.6198066473007202,1.6383004188537598,-0.020721718668937683,nan,nan,0.5,0.19777272641658783,1.6510151624679565,-0.016152892261743546,nan,nan,0.5
5.67,TRACK,0.22724631428718567,0.282179594039917,-0.00019338325364515185,nan,nan,0.5,1.6129655838012695,0.22737360000610352,0.0016086515970528126,nan,nan,0.5,1.6198066473007202,1.6383004188537598,-0.020721718668937683,nan,nan,0.5,0.19777272641658783,1.6510151624679565,-0.016152892261743546,nan,nan,0.5
5.69,TRACK,0.22724631428718567,0.282179594039917,-0.00019338325364515185,nan,nan,0.5,1.6129655838012695,0.22737360000610352,0.0016086515970528126,nan,nan,0.5,1.6198066473007202,1.6383004188537598,-0.020721718668937683,nan,nan,0.5,0.19777272641658783,1.6510151624679565,-0.016152892261743546,nan,nan,0.5
5.71,TRACK,0.22724631428718567,0.282179594039917,-0.00019338325364515185,nan,nan,0.5,1.6129655838012695,0.22737360000610352,0.0016086515970528126,nan,nan,0.5,1.6198066473007202,1.6383004188537598,-0.020721718668937683,nan,nan,0.5,0.19777272641658783,1.6510151624679565,-0.016152892261743546,nan,nan,0.5
5.73,TRACK,0.22724631428718567,0.282179594039917,-0.00019338325364515185,nan,nan,0.5,1.6129655838012695,0.22737360000610352,0.0016086515970528126,nan,nan,0.5,1.6198066473007202,1.6383004188537598,-0.020721718668937683,nan,nan,0.5,0.19777272641658783,1.6510151624679565,-0.016152892261743546,nan,nan,0.5
5.75,TRACK,0.22699101269245148,0.2822844386100769,0.00027459420380182564,nan,nan,0.5,1.612433671951294,0.22848457098007202,0.001329890568740666,nan,nan,0.5,1.6181981563568115,1.6390208005905151,-0.019329072907567024,nan,nan,0.5,0.1966966986656189,1.6509218215942383,-0.017120933160185814,nan,nan,0.5
5.77,TRACK,0.22699101269245148,0.2822844386100769,0.00027459420380182564,nan,nan,0.5,1.612433671951294,0.22848457098007202,0.001329890568740666,nan,nan,0.5,1.6181981563568115,1.6390208005905151,-0.019329072907567024,nan,nan,0.5,0.1966966986656189,1.6509218215942383,-0.017120933160185814,nan,nan,0.5
5.79,TRACK,0.22699101269245148,0.2822844386100769,0.00027459420380182564,nan,nan,0.5,1.612433671951294,0.22848457098007202,0.001329890568740666,nan,nan,0.5,1.6181981563568115,1.6390208005905151,-0.019329072907567024,nan,nan,0.5,0.1966966986656189,1.6509218215942383,-0.017120933160185814,nan,nan,0.5
5.81,TRACK,0.22699101269245148,0.2822844386100769,0.00027459420380182564,nan,nan,0.5,1.612433671951294,0.22848457098007202,0.001329890568740666,nan,nan,0.5,1.6181981563568115,1.6390208005905151,-0.019329072907567024,nan,nan,0.5,0.1966966986656189,1.6509218215942383,-0.017120933160185814,nan,nan,0.5
5.83,TRACK,0.22699101269245148,0.2822844386100769,0.00027459420380182564,nan,nan,0.5,1.612433671951294,0.22848457098007202,0.001329890568740666,nan,nan,0.5,1.6181981563568115,1.6390208005905151,-0.019329072907567024,nan,nan,0.5,0.1966966986656189,1.6509218215942383,-0.017120933160185814,nan,nan,0.5
5.85,TRACK,0.22748705744743347,0.28185930848121643,0.0001987162249861285,nan,nan,0.5,1.6124330759048462,0.22639015316963196,0.000526334042660892,nan,nan,0.5,1.6181981563568115,1.6390208005905151,-0.019329072907567024,nan,nan,0.5,0.1974257230758667,1.6512125730514526,-0.016947109252214432,nan,nan,0.5
5.87,TRACK,0.22748705744743347,0.28185930848121643,0.0001987162249861285,nan,nan,0.5,1.6124330759048462,0.22639015316963196,0.000526334042660892,nan,nan,0.5,1.620038390159607,1.6385103464126587,-0.020577777177095413,nan,nan,0.5,0.1974257230758667,1.6512125730514526,-0.016947109252214432,nan,nan,0.5
5.89,TRACK,0.22748705744743347,0.28185930848121643,0.0001987162249861285,nan,nan,0.5,1.6124330759048462,0.22639015316963196,0.000526334042660892,nan,nan,0.5,1.620038390159607,1.6385103464126587,-0.020577777177095413,nan,nan,0.5,0.1974257230758667,1.6512125730514526,-0.016947109252214432,nan,nan,0.5
5.91,TRACK,0.22748705744743347,0.28185930848121643,0.0001987162249861285,nan,nan,0.5,1.6124330759048462,0.22639015316963196,0.000526334042660892,nan,nan,0.5,1.620038390159607,1.6385103464126587,-0.020577777177095413,nan,nan,0.5,0.1974257230758667,1.6512125730514526,-0.016947109252214432,nan,nan,0.5
5.93,TRACK,0.22748705744743347,0.28185930848121643,0.0001987162249861285,nan,nan,0.5,1.6124330759048462,0.22639015316963196,0.000526334042660892,nan,nan,0.5,1.620038390159607,1.6385103464126587,-0.020577777177095413,nan,nan,0.5,0.1974257230758667,1.6512125730514526,-0.016947109252214432,nan,nan,0.5
5.95,TRACK,0.22740931808948517,0.28190183639526367,4.96345674037002e-05,nan,nan,0.5,1.6129299402236938,0.22766272723674774,0.001066406606696546,nan,nan,0.5,1.6196964979171753,1.6380977630615234,-0.020638665184378624,nan,nan,0.5,0.19611234962940216,1.6513768434524536,-0.01755790412425995,nan,nan,0.5
5.97,TRACK,0.22740931808948517,0.28190183639526367,4.96345674037002e-05,nan,nan,0.5,1.6129299402236938,0.22766272723674774,0.001066406606696546,nan,nan,0.5,1.6196964979171753,1.6380977630615234,-0.020638665184378624,nan,nan,0.5,0.19611234962940216,1.6513768434524536,-0.01755790412425995,nan,nan,0.5
5.99,TRACK,0.22740931808948517,0.28190183639526367,4.96345674037002e-05,nan,nan,0.5,1.6129299402236938,0.22766272723674774,0.001066406606696546,nan,nan,0.5,1.6196964979171753,1.6380977630615234,-0.020638665184378624,nan,nan,0.5,0.19611234962940216,1.6513768434524536,-0.01755790412425995,nan,nan,0.5
6.01,TRACK,0.22740931808948517,0.28190183639526367,4.96345674037002e-05,nan,nan,0.5,1.6129299402236938,0.22766272723674774,0.001066406606696546,nan,nan,0.5,1.6196964979171753,1.6380977630615234,-0.020638665184378624,nan,nan,0.5,0.19611234962940216,1.6513768434524536,-0.01755790412425995,nan,nan,0.5
6.03,TRACK,0.22740931808948517,0.28190183639526367,4.96345674037002e-05,nan,nan,0.5,1.6129299402236938,0.22766272723674774,0.001066406606696546,nan,nan,0.5,1.6196964979171753,1.6380977630615234,-0.020638665184378624,nan,nan,0.5,0.19611234962940216,1.6513768434524536,-0.01755790412425995,nan,nan,0.5
6.05,TRACK,0.22712066769599915,0.28131189942359924,-0.0005423692637123168,nan,nan,0.5,1.6127989292144775,0.22902703285217285,0.0006832461804151535,nan,nan,0.5,1.619713306427002,1.6375819444656372,-0.02164742536842823,nan,nan,0.5,0.19758115708827972,1.6523202657699585,-0.016664676368236542,nan,nan,0.5
6.07,TRACK,0.22712066769599915,0.28131189942359924,-0.0005423692637123168,nan,nan,0.5,1.6127989292144775,0.22902703285217285,0.0006832461804151535,nan,nan,0.5,1.619713306427002,1.6375819444656372,-0.02164742536842823,nan,nan,0.5,0.19758115708827972,1.6523202657699585,-0.016664676368236542,nan,nan,0.5
6.09,TRACK,0.22712066769599915,0.28131189942359924,-0.0005423692637123168,nan,nan,0.5,1.6127989292144775,0.22902703285217285,0.0006832461804151535,nan,nan,0.5,1.619713306427002,1.6375819444656372,-0.02164742536842823,nan,nan,0.5,0.19758115708827972,1.6523202657699585,-0.016664676368236542,nan,nan,0.5
6.11,TRACK,0.22712066769599915,0.28131189942359924,-0.0005423692637123168,nan,nan,0.5,1.6127989292144775,0.22902703285217285,0.0006832461804151535,nan,nan,0.5,1.619713306427002,1.6375819444656372,-0.02164742536842823,nan,nan,0.5,0.19758115708827972,1.6523202657699585,-0.016664676368236542,nan,nan,0.5
6.13,TRACK,0.22712066769599915,0.28131189942359924,-0.0005423692637123168,nan,nan,0.5,1.6127989292144775,0.22902703285217285,0.0006832461804151535,nan,nan,0.5,1.619713306427002,1.6375819444656372,-0.02164742536842823,nan,nan,0.5,0.19758115708827972,1.6523202657699585,-0.016664676368236542,nan,nan,0.5
6.15,TRACK,0.22699472308158875,0.28113290667533875,-0.0010524132521823049,nan,nan,0.5,1.6107789278030396,0.2280111014842987,0.0013088567648082972,nan,nan,0.5,1.6195632219314575,1.6381667852401733,-0.0209655798971653,nan,nan,0.5,0.19820113480091095,1.652560830116272,-0.017195671796798706,nan,nan,0.5
6.17,TRACK,0.22699472308158875,0.28113290667533875,-0.0010524132521823049,nan,nan,0.5,1.6107789278030396,0.2280111014842987,0.0013088567648082972,nan,nan,0.5,1.6195632219314575,1.6381667852401733,-0.0209655798971653,nan,nan,0.5,0.19820113480091095,1.652560830116272,-0.017195671796798706,nan,nan,0.5
6.19,TRACK,0.22699472308158875,0.28113290667533875,-0.0010524132521823049,nan,nan,0.5,1.6107789278030396,0.2280111014842987,0.0013088567648082972,nan,nan,0.5,1.6195632219314575,1.6381667852401733,-0.0209655798971653,nan,nan,0.5,0.19820113480091095,1.652560830116272,-0.017195671796798706,nan,nan,0.5
6.21,TRACK,0.22699472308158875,0.28113290667533875,-0.0010524132521823049,nan,nan,0.5,1.6107789278030396,0.2280111014842987,0.0013088567648082972,nan,nan,0.5,1.6195632219314575,1.6381667852401733,-0.0209655798971653,nan,nan,0.5,0.19820113480091095,1.652560830116272,-0.017195671796798706,nan,nan,0.5
6.23,TRACK,0.22699472308158875,0.28113290667533875,-0.0010524132521823049,nan,nan,0.5,1.6107789278030396,0.2280111014842987,0.0013088567648082972,nan,nan,0.5,1.6195632219314575,1.6381667852401733,-0.0209655798971653,nan,nan,0.5,0.19820113480091095,1.652560830116272,-0.017195671796798706,nan,nan,0.5
6.25,TRACK,0.22685082256793976,0.2823449671268463,-0.00017327239038422704,nan,nan,0.5,1.6111875772476196,0.22868715226650238,0.00039576221024617553,nan,nan,0.5,1.6196856498718262,1.6380343437194824,-0.021166572347283363,nan,nan,0.5,0.19802212715148926,1.6520696878433228,-0.016216911375522614,nan,nan,0.5
6.27,TRACK,0.22685082256793976,0.2823449671268463,-0.00017327239038422704,nan,nan,0.5,1.6111875772476196,0.22868715226650238,0.00039576221024617553,nan,nan,0.5,1.6196856498718262,1.6380343437194824,-0.021166572347283363,nan,nan,0.5,0.19802212715148926,1.6520696878433228,-0.016216911375522614,nan,nan,0.5
6.29,TRACK,0.22685082256793976,0.2823449671268463,-0.00017327239038422704,nan,nan,0.5,1.6111875772476196,0.22868715226650238,0.00039576221024617553,nan,nan,0.5,1.6196856498718262,1.6380343437194824,-0.021166572347283363,nan,nan,0.5,0.19802212715148926,1.6520696878433228,-0.016216911375522614,nan,nan,0.5
6.31,TRACK,0.22685082256793976,0.2823449671268463,-0.00017327239038422704,nan,nan,0.5,1.6111875772476196,0.22868715226650238,0.00039576221024617553,nan,nan,0.5,1.6196856498718262,1.6380343437194824,-0.021166572347283363,nan,nan,0.5,0.19802212715148926,1.6520696878433228,-0.016216911375522614,nan,nan,0.5
6.33,TRACK,0.22685082256793976,0.2823449671268463,-0.00017327239038422704,nan,nan,0.5,1.6111875772476196,0.22868715226650238,0.00039576221024617553,nan,nan,0.5,1.6196856498718262,1.6380343437194824,-0.021166572347283363,nan,nan,0.5,0.19802212715148926,1.6520696878433228,-0.016216911375522614,nan,nan,0.5
6.35,TRACK,0.2269788533449173,0.2824471592903137,2.2976819309405982e-05,nan,nan,0.5,1.6113611459732056,0.22867919504642487,0.00021450180793181062,nan,nan,0.5,1.619876742362976,1.6378474235534668,-0.021420426666736603,nan,nan,0.5,0.19822269678115845,1.6513807773590088,-0.016897249966859818,nan,nan,0.5
6.37,TRACK,0.2269788533449173,0.2824471592903137,2.2976819309405982e-05,nan,nan,0.5,1.6113611459732056,0.22867919504642487,0.00021450180793181062,nan,nan,0.5,1.619876742362976,1.6378474235534668,-0.021420426666736603,nan,nan,0.5,0.19822269678115845,1.6513807773590088,-0.016897249966859818,nan,nan,0.5
6.39,TRACK,0.2269788533449173,0.2824471592903137,2.2976819309405982e-05,nan,nan,0.5,1.6113611459732056,0.22867919504642487,0.00021450180793181062,nan,nan,0.5,1.619876742362976,1.6378474235534668,-0.021420426666736603,nan,nan,0.5,0.19822269678115845,1.6513807773590088,-0.016897249966859818,nan,nan,0.5
6.41,TRACK,0.2269788533449173,0.2824471592903137,2.2976819309405982e-05,nan,nan,0.5,1.6113611459732056,0.22867919504642487,0.00021450180793181062,nan,nan,0.5,1.619876742362976,1.6378474235534668,-0.021420426666736603,nan,nan,0.5,0.19822269678115845,1.6513807773590088,-0.016897249966859818,nan,nan,0.5
6.43,TRACK,0.2269788533449173,0.2824471592903137,2.2976819309405982e-05,nan,nan,0.5,1.6113611459732056,0.22867919504642487,0.00021450180793181062,nan,nan,0.5,1.619876742362976,1.6378474235534668,-0.021420426666736603,nan,nan,0.5,0.19822269678115845,1.6513807773590088,-0.016897249966859818,nan,nan,0.5
6.45,TRACK,0.22735141217708588,0.28286877274513245,0.00012225017417222261,nan,nan,0.5,1.6127879619598389,0.2278888076543808,0.0013578960206359625,nan,nan,0.5,1.619876742362976,1.6378474235534668,-0.021420426666736603,nan,nan,0.5,0.1976165920495987,1.6512749195098877,-0.01745058037340641,nan,nan,0.5
6.47,TRACK,0.22735141217708588,0.28286877274513245,0.00012225017417222261,nan,nan,0.5,1.6127879619598389,0.2278888076543808,0.0013578960206359625,nan,nan,0.5,1.6192142963409424,1.6379461288452148,-0.019696950912475586,nan,nan,0.5,0.1976165920495987,1.6512749195098877,-0.01745058037340641,nan,nan,0.5
6.49,TRACK,0.22735141217708588,0.28286877274513245,0.00012225017417222261,nan,nan,0.5,1.6127879619598389,0.2278888076543808,0.0013578960206359625,nan,nan,0.5,1.6192142963409424,1.6379461288452148,-0.019696950912475586,nan,nan,0.5,0.1976165920495987,1.6512749195098877,-0.01745058037340641,nan,nan,0.5
6.51,TRACK,0.22735141217708588,0.28286877274513245,0.00012225017417222261,nan,nan,0.5,1.6127879619598389,0.2278888076543808,0.0013578960206359625,nan,nan,0.5,1.6192142963409424,1.6379461288452148,-0.019696950912475586,nan,nan,0.5,0.1976165920495987,1.6512749195098877,-0.01745058037340641,nan,nan,0.5
6.53,TRACK,0.22735141217708588,0.28286877274513245,0.00012225017417222261,nan,nan,0.5,1.6127879619598389,0.2278888076543808,0.0013578960206359625,nan,nan,0.5,1.6192142963409424,1.6379461288452148,-0.019696950912475586,nan,nan,0.5,0.1976165920495987,1.6512749195098877,-0.01745058037340641,nan,nan,0.5
6.55,TRACK,0.22761093080043793,0.2825275957584381,5.041614349465817e-05,nan,nan,0.5,1.6126192808151245,0.22689341008663177,0.0009765810100361705,nan,nan,0.5,1.6192142963409424,1.6379461288452148,-0.019696950912475586,nan,nan,0.5,0.19780801236629486,1.6519489288330078,-0.016672024503350258,nan,nan,0.5
6.57,TRACK,0.22761093080043793,0.2825275957584381,5.041614349465817e-05,nan,nan,0.5,1.6126192808151245,0.22689341008663177,0.0009765810100361705,nan,nan,0.5,1.618792176246643,1.6384260654449463,-0.020639067515730858,nan,nan,0.5,0.19780801236629486,1.6519489288330078,-0.016672024503350258,nan,nan,0.5
6.59,TRACK,0.22761093080043793,0.2825275957584381,5.041614349465817e-05,nan,nan,0.5,1.6126192808151245,0.22689341008663177,0.0009765810100361705,nan,nan,0.5,1.618792176246643,1.6384260654449463,-0.020639067515730858,nan,nan,0.5,0.19780801236629486,1.6519489288330078,-0.016672024503350258,nan,nan,0.5
6.61,TRACK,0.22761093080043793,0.2825275957584381,5.041614349465817e-05,nan,nan,0.5,1.6126192808151245,0.22689341008663177,0.0009765810100361705,nan,nan,0.5,1.618792176246643,1.6384260654449463,-0.020639067515730858,nan,nan,0.5,0.19780801236629486,1.6519489288330078,-0.016672024503350258,nan,nan,0.5
6.63,TRACK,0.22761093080043793,0.2825275957584381,5.041614349465817e-05,nan,nan,0.5,1.6126192808151245,0.22689341008663177,0.0009765810100361705,nan,nan,0.5,1.618792176246643,1.6384260654449463,-0.020639067515730858,nan,nan,0.5,0.19780801236629486,1.6519489288330078,-0.016672024503350258,nan,nan,0.5
6.65,TRACK,0.22712749242782593,0.28164055943489075,-0.00023345185036305338,nan,nan,0.5,1.6106773614883423,0.22794823348522186,0.0010969301220029593,nan,nan,0.5,1.6185940504074097,1.6380155086517334,-0.02103745937347412,nan,nan,0.5,0.1982245296239853,1.6518827676773071,-0.015797941014170647,nan,nan,0.5
6.67,TRACK,0.22712749242782593,0.28164055943489075,-0.00023345185036305338,nan,nan,0.5,1.6106773614883423,0.22794823348522186,0.0010969301220029593,nan,nan,0.5,1.6185940504074097,1.6380155086517334,-0.02103745937347412,nan,nan,0.5,0.1982245296239853,1.6518827676773071,-0.015797941014170647,nan,nan,0.5
6.69,TRACK,0.22712749242782593,0.28164055943489075,-0.00023345185036305338,nan,nan,0.5,1.6106773614883423,0.22794823348522186,0.0010969301220029593,nan,nan,0.5,1.6185940504074097,1.6380155086517334,-0.02103745937347412,nan,nan,0.5,0.1982245296239853,1.6518827676773071,-0.015797941014170647,nan,nan,0.5
6.71,TRACK,0.22712749242782593,0.28164055943489075,-0.00023345185036305338,nan,nan,0.5,1.6106773614883423,0.22794823348522186,0.0010969301220029593,nan,nan,0.5,1.6185940504074097,1.6380155086517334,-0.02103745937347412,nan,nan,0.5,0.1982245296239853,1.6518827676773071,-0.015797941014170647,nan,nan,0.5
6.73,TRACK,0.22712749242782593,0.28164055943489075,-0.00023345185036305338,nan,nan,0.5,1.6106773614883423,0.22794823348522186,0.0010969301220029593,nan,nan,0.5,1.6185940504074097,1.6380155086517334,-0.02103745937347412,nan,nan,0.5,0.1982245296239853,1.6518827676773071,-0.015797941014170647,nan,nan,0.5
6.75,TRACK,0.2269422560930252,0.2817882001399994,9.093479093280621e-06,nan,nan,0.5,1.6114989519119263,0.22830823063850403,0.000341869133990258,nan,nan,0.5,1.6178722381591797,1.6386082172393799,-0.01971106044948101,nan,nan,0.5,0.1974935382604599,1.6515203714370728,-0.01675056666135788,nan,nan,0.5
6.77,TRACK,0.2269422560930252,0.2817882001399994,9.093479093280621e-06,nan,nan,0.5,1.6114989519119263,0.22830823063850403,0.000341869133990258,nan,nan,0.5,1.6178722381591797,1.6386082172393799,-0.01971106044948101,nan,nan,0.5,0.1974935382604599,1.6515203714370728,-0.01675056666135788,nan,nan,0.5
6.79,TRACK,0.2269422560930252,0.2817882001399994,9.093479093280621e-06,nan,nan,0.5,1.6114989519119263,0.22830823063850403,0.000341869133990258,nan,nan,0.5,1.6178722381591797,1.6386082172393799,-0.01971106044948101,nan,nan,0.5,0.1974935382604599,1.6515203714370728,-0.01675056666135788,nan,nan,0.5
6.81,TRACK,0.2269422560930252,0.2817882001399994,9.093479093280621e-06,nan,nan,0.5,1.6114989519119263,0.22830823063850403,0.000341869133990258,nan,nan,0.5,1.6178722381591797,1.6386082172393799,-0.01971106044948101,nan,nan,0.5,0.1974935382604599,1.6515203714370728,-0.01675056666135788,nan,nan,0.5
6.83,TRACK,0.2269422560930252,0.2817882001399994,9.093479093280621e-06,nan,nan,0.5,1.6114989519119263,0.22830823063850403,0.000341869133990258,nan,nan,0.5,1.6178722381591797,1.6386082172393799,-0.01971106044948101,nan,nan,0.5,0.1974935382604599,1.6515203714370728,-0.01675056666135788,nan,nan,0.5
6.85,TRACK,0.22684162855148315,0.28193914890289307,0.00021316632046364248,nan,nan,0.5,1.612347960472107,0.22782228887081146,0.0007487651309929788,nan,nan,0.5,1.6178699731826782,1.638840675354004,-0.01883612386882305,nan,nan,0.5,0.19801121950149536,1.6519197225570679,-0.017332565039396286,nan,nan,0.5
6.87,TRACK,0.22684162855148315,0.28193914890289307,0.00021316632046364248,nan,nan,0.5,1.612347960472107,0.22782228887081146,0.0007487651309929788,nan,nan,0.5,1.6178699731826782,1.638840675354004,-0.01883612386882305,nan,nan,0.5,0.19801121950149536,1.6519197225570679,-0.017332565039396286,nan,nan,0.5
6.89,TRACK,0.22684162855148315,0.28193914890289307,0.00021316632046364248,nan,nan,0.5,1.612347960472107,0.22782228887081146,0.0007487651309929788,nan,nan,0.5,1.6178699731826782,1.638840675354004,-0.01883612386882305,nan,nan,0.5,0.19801121950149536,1.6519197225570679,-0.017332565039396286,nan,nan,0.5
6.91,TRACK,0.22684162855148315,0.28193914890289307,0.00021316632046364248,nan,nan,0.5,1.612347960472107,0.22782228887081146,0.0007487651309929788,nan,nan,0.5,1.6178699731826782,1.638840675354004,-0.01883612386882305,nan,nan,0.5,0.19801121950149536,1.6519197225570679,-0.017332565039396286,nan,nan,0.5
6.93,TRACK,0.22684162855148315,0.28193914890289307,0.00021316632046364248,nan,nan,0.5,1.612347960472107,0.22782228887081146,0.0007487651309929788,nan,nan,0.5,1.6178699731826782,1.638840675354004,-0.01883612386882305,nan,nan,0.5,0.19801121950149536,1.6519197225570679,-0.017332565039396286,nan,nan,0.5
6.95,TRACK,0.22686368227005005,0.2824225425720215,0.0001686398609308526,nan,nan,0.5,1.6130732297897339,0.2286294400691986,0.0011109502520412207,nan,nan,0.5,1.620152473449707,1.6383756399154663,-0.02039463445544243,nan,nan,0.5,0.1982700228691101,1.6518110036849976,-0.016900505870580673,nan,nan,0.5
6.97,TRACK,0.22686368227005005,0.2824225425720215,0.0001686398609308526,nan,nan,0.5,1.6130732297897339,0.2286294400691986,0.0011109502520412207,nan,nan,0.5,1.620152473449707,1.6383756399154663,-0.02039463445544243,nan,nan,0.5,0.1982700228691101,1.6518110036849976,-0.016900505870580673,nan,nan,0.5
6.99,TRACK,0.22686368227005005,0.2824225425720215,0.0001686398609308526,nan,nan,0.5,1.6130732297897339,0.2286294400691986,0.0011109502520412207,nan,nan,0.5,1.620152473449707,1.6383756399154663,-0.02039463445544243,nan,nan,0.5,0.1982700228691101,1.6518110036849976,-0.016900505870580673,nan,nan,0.5
7.01,TRACK,0.22686368227005005,0.2824225425720215,0.0001686398609308526,nan,nan,0.5,1.6130732297897339,0.2286294400691986,0.0011109502520412207,nan,nan,0.5,1.620152473449707,1.6383756399154663,-0.02039463445544243,nan,nan,0.5,0.1982700228691101,1.6518110036849976,-0.016900505870580673,nan,nan,0.5
7.03,TRACK,0.22686368227005005,0.2824225425720215,0.0001686398609308526,nan,nan,0.5,1.6130732297897339,0.2286294400691986,0.0011109502520412207,nan,nan,0.5,1.620152473449707,1.6383756399154663,-0.02039463445544243,nan,nan,0.5,0.1982700228691101,1.6518110036849976,-0.016900505870580673,nan,nan,0.5
7.05,TRACK,0.22725583612918854,0.2825317680835724,-3.987611853517592e-05,nan,nan,0.5,1.612681269645691,0.22702404856681824,0.0018192261923104525,nan,nan,0.5,1.6205884218215942,1.6380234956741333,-0.02087036706507206,nan,nan,0.5,0.19713617861270905,1.650313377380371,-0.017042288556694984,nan,nan,0.5
7.07,TRACK,0.22725583612918854,0.2825317680835724,-3.987611853517592e-05,nan,nan,0.5,1.612681269645691,0.22702404856681824,0.0018192261923104525,nan,nan,0.5,1.6205884218215942,1.6380234956741333,-0.02087036706507206,nan,nan,0.5,0.19713617861270905,1.650313377380371,-0.017042288556694984,nan,nan,0.5
7.09,TRACK,0.22725583612918854,0.2825317680835724,-3.987611853517592e-05,nan,nan,0.5,1.612681269645691,0.22702404856681824,0.0018192261923104525,nan,nan,0.5,1.6205884218215942,1.6380234956741333,-0.02087036706507206,nan,nan,0.5,0.19713617861270905,1.650313377380371,-0.017042288556694984,nan,nan,0.5
7.11,TRACK,0.22725583612918854,0.2825317680835724,-3.987611853517592e-05,nan,nan,0.5,1.612681269645691,0.22702404856681824,0.0018192261923104525,nan,nan,0.5,1.6205884218215942,1.6380234956741333,-0.02087036706507206,nan,nan,0.5,0.19713617861270905,1.650313377380371,-0.017042288556694984,nan,nan,0.5
7.13,TRACK,0.22725583612918854,0.2825317680835724,-3.987611853517592e-05,nan,nan,0.5,1.612681269645691,0.22702404856681824,0.0018192261923104525,nan,nan,0.5,1.6205884218215942,1.6380234956741333,-0.02087036706507206,nan,nan,0.5,0.19713617861270905,1.650313377380371,-0.017042288556694984,nan,nan,0.5
7.15,TRACK,0.22733546793460846,0.28300586342811584,-0.0001782609906513244,nan,nan,0.5,1.612056851387024,0.22618205845355988,0.0016841047909110785,nan,nan,0.5,1.6201369762420654,1.6405068635940552,-0.019429927691817284,nan,nan,0.5,0.1982949823141098,1.6518150568008423,-0.016766797751188278,nan,nan,0.5
7.17,TRACK,0.22733546793460846,0.28300586342811584,-0.0001782609906513244,nan,nan,0.5,1.612056851387024,0.22618205845355988,0.0016841047909110785,nan,nan,0.5,1.6201369762420654,1.6405068635940552,-0.019429927691817284,nan,nan,0.5,0.1982949823141098,1.6518150568008423,-0.016766797751188278,nan,nan,0.5
7.19,TRACK,0.22733546793460846,0.28300586342811584,-0.0001782609906513244,nan,nan,0.5,1.612056851387024,0.22618205845355988,0.0016841047909110785,nan,nan,0.5,1.6201369762420654,1.6405068635940552,-0.019429927691817284,nan,nan,0.5,0.1982949823141098,1.6518150568008423,-0.016766797751188278,nan,nan,0.5
7.21,TRACK,0.22733546793460846,0.28300586342811584,-0.0001782609906513244,nan,nan,0.5,1.612056851387024,0.22618205845355988,0.0016841047909110785,nan,nan,0.5,1.6201369762420654,1.6405068635940552,-0.019429927691817284,nan,nan,0.5,0.1982949823141098,1.6518150568008423,-0.016766797751188278,nan,nan,0.5
7.23,TRACK,0.22733546793460846,0.28300586342811584,-0.0001782609906513244,nan,nan,0.5,1.612056851387024,0.22618205845355988,0.0016841047909110785,nan,nan,0.5,1.6201369762420654,1.6405068635940552,-0.019429927691817284,nan,nan,0.5,0.1982949823141098,1.6518150568008423,-0.016766797751188278,nan,nan,0.5
7.25,TRACK,0.22734805941581726,0.28294089436531067,-0.00016267213504761457,nan,nan,0.5,1.611729383468628,0.22833167016506195,0.0006638254853896797,nan,nan,0.5,1.6188379526138306,1.6383960247039795,-0.020305415615439415,nan,nan,0.5,0.1975463479757309,1.652030110359192,-0.01753397099673748,nan,nan,0.5
7.27,TRACK,0.22734805941581726,0.28294089436531067,-0.00016267213504761457,nan,nan,0.5,1.611729383468628,0.22833167016506195,0.0006638254853896797,nan,nan,0.5,1.6188379526138306,1.6383960247039795,-0.020305415615439415,nan,nan,0.5,0.1975463479757309,1.652030110359192,-0.01753397099673748,nan,nan,0.5
7.29,TRACK,0.22734805941581726,0.28294089436531067,-0.00016267213504761457,nan,nan,0.5,1.611729383468628,0.22833167016506195,0.0006638254853896797,nan,nan,0.5,1.6188379526138306,1.6383960247039795,-0.020305415615439415,nan,nan,0.5,0.1975463479757309,1.652030110359192,-0.01753397099673748,nan,nan,0.5
7.31,TRACK,0.22734805941581726,0.28294089436531067,-0.00016267213504761457,nan,nan,0.5,1.611729383468628,0.22833167016506195,0.0006638254853896797,nan,nan,0.5,1.6188379526138306,1.6383960247039795,-0.020305415615439415,nan,nan,0.5,0.1975463479757309,1.652030110359192,-0.01753397099673748,nan,nan,0.5
7.33,TRACK,0.22734805941581726,0.28294089436531067,-0.00016267213504761457,nan,nan,0.5,1.611729383468628,0.22833167016506195,0.0006638254853896797,nan,nan,0.5,1.6188379526138306,1.6383960247039795,-0.020305415615439415,nan,nan,0.5,0.1975463479757309,1.652030110359192,-0.01753397099673748,nan,nan,0.5
7.35,TRACK,0.2265990823507309,0.2820380628108978,-0.0004230282793287188,nan,nan,0.5,1.6116915941238403,0.2283657193183899,0.0006875693798065186,nan,nan,0.5,1.6199010610580444,1.6380079984664917,-0.02068699151277542,nan,nan,0.5,0.19817493855953217,1.6519449949264526,-0.01672968827188015,nan,nan,0.5
7.37,TRACK,0.2265990823507309,0.2820380628108978,-0.0004230282793287188,nan,nan,0.5,1.6116915941238403,0.2283657193183899,0.0006875693798065186,nan,nan,0.5,1.6199010610580444,1.6380079984664917,-0.02068699151277542,nan,nan,0.5,0.19817493855953217,1.6519449949264526,-0.01672968827188015,nan,nan,0.5
7.39,TRACK,0.2265990823507309,0.2820380628108978,-0.0004230282793287188,nan,nan,0.5,1.6116915941238403,0.2283657193183899,0.0006875693798065186,nan,nan,0.5,1.6199010610580444,1.6380079984664917,-0.02068699151277542,nan,nan,0.5,0.19817493855953217,1.6519449949264526,-0.01672968827188015,nan,nan,0.5
7.41,TRACK,0.2265990823507309,0.2820380628108978,-0.0004230282793287188,nan,nan,0.5,1.6116915941238403,0.2283657193183899,0.0006875693798065186,nan,nan,0.5,1.6199010610580444,1.6380079984664917,-0.02068699151277542,nan,nan,0.5,0.19817493855953217,1.6519449949264526,-0.01672968827188015,nan,nan,0.5
7.43,TRACK,0.2265990823507309,0.2820380628108978,-0.0004230282793287188,nan,nan,0.5,1.6116915941238403,0.2283657193183899,0.0006875693798065186,nan,nan,0.5,1.6199010610580444,1.6380079984664917,-0.02068699151277542,nan,nan,0.5,0.19817493855953217,1.6519449949264526,-0.01672968827188015,nan,nan,0.5
7.45,TRACK,0.22624382376670837,0.281870037317276,-0.000695138587616384,nan,nan,0.5,1.6117053031921387,0.22857420146465302,0.0005038355011492968,nan,nan,0.5,1.6202329397201538,1.639319896697998,-0.020016871392726898,nan,nan,0.5,0.19823195040225983,1.6522473096847534,-0.015846028923988342,nan,nan,0.5
7.47,TRACK,0.22624382376670837,0.281870037317276,-0.000695138587616384,nan,nan,0.5,1.6117053031921387,0.22857420146465302,0.0005038355011492968,nan,nan,0.5,1.6202329397201538,1.639319896697998,-0.020016871392726898,nan,nan,0.5,0.19823195040225983,1.6522473096847534,-0.015846028923988342,nan,nan,0.5
7.49,TRACK,0.22624382376670837,0.281870037317276,-0.000695138587616384,nan,nan,0.5,1.6117053031921387,0.22857420146465302,0.0005038355011492968,nan,nan,0.5,1.6202329397201538,1.639319896697998,-0.020016871392726898,nan,nan,0.5,0.19823195040225983,1.6522473096847534,-0.015846028923988342,nan,nan,0.5
7.51,TRACK,0.22624382376670837,0.281870037317276,-0.000695138587616384,nan,nan,0.5,1.6117053031921387,0.22857420146465302,0.0005038355011492968,nan,nan,0.5,1.6202329397201538,1.639319896697998,-0.020016871392726898,nan,nan,0.5,0.19823195040225983,1.6522473096847534,-0.015846028923988342,nan,nan,0.5
7.53,TRACK,0.22624382376670837,0.281870037317276,-0.000695138587616384,nan,nan,0.5,1.6117053031921387,0.22857420146465302,0.0005038355011492968,nan,nan,0.5,1.6202329397201538,1.639319896697998,-0.020016871392726898,nan,nan,0.5,0.19823195040225983,1.6522473096847534,-0.015846028923988342,nan,nan,0.5
7.55,TRACK,0.2275802493095398,0.2819187045097351,-0.0003786781744565815,nan,nan,0.5,1.6112730503082275,0.22786454856395721,1.7754646250978112e-05,nan,nan,0.5,1.6205365657806396,1.6386417150497437,-0.02081223390996456,nan,nan,0.5,0.1979786604642868,1.6515053510665894,-0.017564496025443077,nan,nan,0.5
7.57,TRACK,0.2275802493095398,0.2819187045097351,-0.0003786781744565815,nan,nan,0.5,1.6112730503082275,0.22786454856395721,1.7754646250978112e-05,nan,nan,0.5,1.6205365657806396,1.6386417150497437,-0.02081223390996456,nan,nan,0.5,0.1979786604642868,1.6515053510665894,-0.017564496025443077,nan,nan,0.5
7.59,TRACK,0.2275802493095398,0.2819187045097351,-0.0003786781744565815,nan,nan,0.5,1.6112730503082275,0.22786454856395721,1.7754646250978112e-05,nan,nan,0.5,1.6205365657806396,1.6386417150497437,-0.02081223390996456,nan,nan,0.5,0.1979786604642868,1.6515053510665894,-0.017564496025443077,nan,nan,0.5
7.61,TRACK,0.2275802493095398,0.2819187045097351,-0.0003786781744565815,nan,nan,0.5,1.6112730503082275,0.22786454856395721,1.7754646250978112e-05,nan,nan,0.5,1.6205365657806396,1.6386417150497437,-0.02081223390996456,nan,nan,0.5,0.1979786604642868,1.6515053510665894,-0.017564496025443077,nan,nan,0.5
7.63,TRACK,0.2275802493095398,0.2819187045097351,-0.0003786781744565815,nan,nan,0.5,1.6112730503082275,0.22786454856395721,1.7754646250978112e-05,nan,nan,0.5,1.6205365657806396,1.6386417150497437,-0.02081223390996456,nan,nan,0.5,0.1979786604642868,1.6515053510665894,-0.017564496025443077,nan,nan,0.5
7.65,TRACK,0.22745655477046967,0.28292933106422424,2.4157503503374755e-05,nan,nan,0.5,1.613146185874939,0.22841623425483704,0.0011827844427898526,nan,nan,0.5,1.6201735734939575,1.637690544128418,-0.021785182878375053,nan,nan,0.5,0.19765157997608185,1.6512774229049683,-0.01854780875146389,nan,nan,0.5
7.67,TRACK,0.22745655477046967,0.28292933106422424,2.4157503503374755e-05,nan,nan,0.5,1.613146185874939,0.22841623425483704,0.0011827844427898526,nan,nan,0.5,1.6201735734939575,1.637690544128418,-0.021785182878375053,nan,nan,0.5,0.19765157997608185,1.6512774229049683,-0.01854780875146389,nan,nan,0.5
7.69,TRACK,0.22745655477046967,0.28292933106422424,2.4157503503374755e-05,nan,nan,0.5,1.613146185874939,0.22841623425483704,0.0011827844427898526,nan,nan,0.5,1.6201735734939575,1.637690544128418,-0.021785182878375053,nan,nan,0.5,0.19765157997608185,1.6512774229049683,-0.01854780875146389,nan,nan,0.5
7.71,TRACK,0.22745655477046967,0.28292933106422424,2.4157503503374755e-05,nan,nan,0.5,1.613146185874939,0.22841623425483704,0.0011827844427898526,nan,nan,0.5,1.6201735734939575,1.637690544128418,-0.021785182878375053,nan,nan,0.5,0.19765157997608185,1.6512774229049683,-0.01854780875146389,nan,nan,0.5
7.73,TRACK,0.22745655477046967,0.28292933106422424,2.4157503503374755e-05,nan,nan,0.5,1.613146185874939,0.22841623425483704,0.0011827844427898526,nan,nan,0.5,1.6201735734939575,1.637690544128418,-0.021785182878375053,nan,nan,0.5,0.19765157997608185,1.6512774229049683,-0.01854780875146389,nan,nan,0.5
7.75,TRACK,0.22712865471839905,0.2826227843761444,0.0001378903107251972,nan,nan,0.5,1.6120127439498901,0.22865818440914154,0.0012141914339736104,nan,nan,0.5,1.6199805736541748,1.637917160987854,-0.021111221984028816,nan,nan,0.5,0.19870412349700928,1.6511330604553223,-0.01755620166659355,nan,nan,0.5
7.77,TRACK,0.22712865471839905,0.2826227843761444,0.0001378903107251972,nan,nan,0.5,1.6120127439498901,0.22865818440914154,0.0012141914339736104,nan,nan,0.5,1.6199805736541748,1.637917160987854,-0.021111221984028816,nan,nan,0.5,0.19870412349700928,1.6511330604553223,-0.01755620166659355,nan,nan,0.5
7.79,TRACK,0.22712865471839905,0.2826227843761444,0.0001378903107251972,nan,nan,0.5,1.6120127439498901,0.22865818440914154,0.0012141914339736104,nan,nan,0.5,1.6199805736541748,1.637917160987854,-0.021111221984028816,nan,nan,0.5,0.19870412349700928,1.6511330604553223,-0.01755620166659355,nan,nan,0.5
7.81,TRACK,0.22712865471839905,0.2826227843761444,0.0001378903107251972,nan,nan,0.5,1.6120127439498901,0.22865818440914154,0.0012141914339736104,nan,nan,0.5,1.6199805736541748,1.637917160987854,-0.021111221984028816,nan,nan,0.5,0.19870412349700928,1.6511330604553223,-0.01755620166659355,nan,nan,0.5
7.83,TRACK,0.22712865471839905,0.2826227843761444,0.0001378903107251972,nan,nan,0.5,1.6120127439498901,0.22865818440914154,0.0012141914339736104,nan,nan,0.5,1.6199805736541748,1.637917160987854,-0.021111221984028816,nan,nan,0.5,0.19870412349700928,1.6511330604553223,-0.01755620166659355,nan,nan,0.5
7.85,TRACK,0.22701451182365417,0.2824688255786896,4.49521467089653e-05,nan,nan,0.5,1.6119470596313477,0.22798603773117065,0.0010285406606271863,nan,nan,0.5,1.6197260618209839,1.637587070465088,-0.0222629327327013,nan,nan,0.5,0.1983693689107895,1.6519986391067505,-0.016006162390112877,nan,nan,0.5
7.87,TRACK,0.22701451182365417,0.2824688255786896,4.49521467089653e-05,nan,nan,0.5,1.6119470596313477,0.22798603773117065,0.0010285406606271863,nan,nan,0.5,1.6197260618209839,1.637587070465088,-0.0222629327327013,nan,nan,0.5,0.1983693689107895,1.6519986391067505,-0.016006162390112877,nan,nan,0.5
7.89,TRACK,0.22701451182365417,0.2824688255786896,4.49521467089653e-05,nan,nan,0.5,1.6119470596313477,0.22798603773117065,0.0010285406606271863,nan,nan,0.5,1.6197260618209839,1.637587070465088,-0.0222629327327013,nan,nan,0.5,0.1983693689107895,1.6519986391067505,-0.016006162390112877,nan,nan,0.5
7.91,TRACK,0.22701451182365417,0.2824688255786896,4.49521467089653e-05,nan,nan,0.5,1.6119470596313477,0.22798603773117065,0.0010285406606271863,nan,nan,0.5,1.6197260618209839,1.637587070465088,-0.0222629327327013,nan,nan,0.5,0.1983693689107895,1.6519986391067505,-0.016006162390112877,nan,nan,0.5
7.93,TRACK,0.22701451182365417,0.2824688255786896,4.49521467089653e-05,nan,nan,0.5,1.6119470596313477,0.22798603773117065,0.0010285406606271863,nan,nan,0.5,1.6197260618209839,1.637587070465088,-0.0222629327327013,nan,nan,0.5,0.1983693689107895,1.6519986391067505,-0.016006162390112877,nan,nan,0.5
7.95,TRACK,0.22727501392364502,0.28272464871406555,7.755717524560168e-05,nan,nan,0.5,1.6116397380828857,0.22840501368045807,0.0005174266989342868,nan,nan,0.5,1.6200308799743652,1.6378891468048096,-0.021812645718455315,nan,nan,0.5,0.19815696775913239,1.6518440246582031,-0.016760703176259995,nan,nan,0.5
7.97,TRACK,0.22727501392364502,0.28272464871406555,7.755717524560168e-05,nan,nan,0.5,1.6116397380828857,0.22840501368045807,0.0005174266989342868,nan,nan,0.5,1.6200308799743652,1.6378891468048096,-0.021812645718455315,nan,nan,0.5,0.19815696775913239,1.6518440246582031,-0.016760703176259995,nan,nan,0.5
7.99,TRACK,0.22727501392364502,0.28272464871406555,7.755717524560168e-05,nan,nan,0.5,1.6116397380828857,0.22840501368045807,0.0005174266989342868,nan,nan,0.5,1.6200308799743652,1.6378891468048096,-0.021812645718455315,nan,nan,0.5,0.19815696775913239,1.6518440246582031,-0.016760703176259995,nan,nan,0.5
8.01,TRACK,0.22727501392364502,0.28272464871406555,7.755717524560168e-05,nan,nan,0.5,1.6116397380828857,0.22840501368045807,0.0005174266989342868,nan,nan,0.5,1.6200308799743652,1.6378891468048096,-0.021812645718455315,nan,nan,0.5,0.19815696775913239,1.6518440246582031,-0.016760703176259995,nan,nan,0.5
8.03,TRACK,0.22727501392364502,0.28272464871406555,7.755717524560168e-05,nan,nan,0.5,1.6116397380828857,0.22840501368045807,0.0005174266989342868,nan,nan,0.5,1.6200308799743652,1.6378891468048096,-0.021812645718455315,nan,nan,0.5,0.19815696775913239,1.6518440246582031,-0.016760703176259995,nan,nan,0.5
8.05,TRACK,0.22681550681591034,0.2820660471916199,-5.043176133767702e-05,nan,nan,0.5,1.6123778820037842,0.22732451558113098,0.001435905578546226,nan,nan,0.5,1.6198042631149292,1.6376641988754272,-0.02172434702515602,nan,nan,0.5,0.19690698385238647,1.650618076324463,-0.017193129286170006,nan,nan,0.5
8.07,TRACK,0.22681550681591034,0.2820660471916199,-5.043176133767702e-05,nan,nan,0.5,1.6123778820037842,0.22732451558113098,0.001435905578546226,nan,nan,0.5,1.6198042631149292,1.6376641988754272,-0.02172434702515602,nan,nan,0.5,0.19690698385238647,1.650618076324463,-0.017193129286170006,nan,nan,0.5
8.09,TRACK,0.22681550681591034,0.2820660471916199,-5.043176133767702e-05,nan,nan,0.5,1.6123778820037842,0.22732451558113098,0.001435905578546226,nan,nan,0.5,1.6198042631149292,1.6376641988754272,-0.02172434702515602,nan,nan,0.5,0.19690698385238647,1.650618076324463,-0.017193129286170006,nan,nan,0.5
8.11,TRACK,0.22681550681591034,0.2820660471916199,-5.043176133767702e-05,nan,nan,0.5,1.6123778820037842,0.22732451558113098,0.001435905578546226,nan,nan,0.5,1.6198042631149292,1.6376641988754272,-0.02172434702515602,nan,nan,0.5,0.19690698385238647,1.650618076324463,-0.017193129286170006,nan,nan,0.5
8.13,TRACK,0.22681550681591034,0.2820660471916199,-5.043176133767702e-05,nan,nan,0.5,1.6123778820037842,0.22732451558113098,0.001435905578546226,nan,nan,0.5,1.6198042631149292,1.6376641988754272,-0.02172434702515602,nan,nan,0.5,0.19690698385238647,1.650618076324463,-0.017193129286170006,nan,nan,0.5
8.15,TRACK,0.22701887786388397,0.2820670008659363,-0.00011780964996432886,nan,nan,0.5,1.612534523010254,0.22711053490638733,0.001881350646726787,nan,nan,0.5,1.6192678213119507,1.6391031742095947,-0.02002689242362976,nan,nan,0.5,0.19791282713413239,1.6510202884674072,-0.01759953983128071,nan,nan,0.5
8.17,TRACK,0.22701887786388397,0.2820670008659363,-0.00011780964996432886,nan,nan,0.5,1.612534523010254,0.22711053490638733,0.001881350646726787,nan,nan,0.5,1.6192678213119507,1.6391031742095947,-0.02002689242362976,nan,nan,0.5,0.19791282713413239,1.6510202884674072,-0.01759953983128071,nan,nan,0.5
8.19,TRACK,0.22701887786388397,0.2820670008659363,-0.00011780964996432886,nan,nan,0.5,1.612534523010254,0.22711053490638733,0.001881350646726787,nan,nan,0.5,1.6192678213119507,1.6391031742095947,-0.02002689242362976,nan,nan,0.5,0.19791282713413239,1.6510202884674072,-0.01759953983128071,nan,nan,0.5
8.21,TRACK,0.22701887786388397,0.2820670008659363,-0.00011780964996432886,nan,nan,0.5,1.612534523010254,0.22711053490638733,0.001881350646726787,nan,nan,0.5,1.6192678213119507,1.6391031742095947,-0.02002689242362976,nan,nan,0.5,0.19791282713413239,1.6510202884674072,-0.01759953983128071,nan,nan,0.5
8.23,TRACK,0.22701887786388397,0.2820670008659363,-0.00011780964996432886,nan,nan,0.5,1.612534523010254,0.22711053490638733,0.001881350646726787,nan,nan,0.5,1.6192678213119507,1.6391031742095947,-0.02002689242362976,nan,nan,0.5,0.19791282713413239,1.6510202884674072,-0.01759953983128071,nan,nan,0.5
8.25,TRACK,0.22734598815441132,0.28189268708229065,0.0001235001691384241,nan,nan,0.5,1.6123247146606445,0.22793984413146973,0.000923454761505127,nan,nan,0.5,1.6178874969482422,1.6387763023376465,-0.019106194376945496,nan,nan,0.5,0.19608794152736664,1.6515156030654907,-0.01801168918609619,nan,nan,0.5
8.27,TRACK,0.22734598815441132,0.28189268708229065,0.0001235001691384241,nan,nan,0.5,1.6123247146606445,0.22793984413146973,0.000923454761505127,nan,nan,0.5,1.6178874969482422,1.6387763023376465,-0.019106194376945496,nan,nan,0.5,0.19608794152736664,1.6515156030654907,-0.01801168918609619,nan,nan,0.5
8.29,TRACK,0.22734598815441132,0.28189268708229065,0.0001235001691384241,nan,nan,0.5,1.6123247146606445,0.22793984413146973,0.000923454761505127,nan,nan,0.5,1.6178874969482422,1.6387763023376465,-0.019106194376945496,nan,nan,0.5,0.19608794152736664,1.6515156030654907,-0.01801168918609619,nan,nan,0.5
8.31,TRACK,0.22734598815441132,0.28189268708229065,0.0001235001691384241,nan,nan,0.5,1.6123247146606445,0.22793984413146973,0.000923454761505127,nan,nan,0.5,1.6178874969482422,1.6387763023376465,-0.019106194376945496,nan,nan,0.5,0.19608794152736664,1.6515156030654907,-0.01801168918609619,nan,nan,0.5
8.33,TRACK,0.22734598815441132,0.28189268708229065,0.0001235001691384241,nan,nan,0.5,1.6123247146606445,0.22793984413146973,0.000923454761505127,nan,nan,0.5,1.6178874969482422,1.6387763023376465,-0.019106194376945496,nan,nan,0.5,0.19608794152736664,1.6515156030654907,-0.01801168918609619,nan,nan,0.5
8.35,TRACK,0.22749820351600647,0.2810525596141815,-0.0005437714280560613,nan,nan,0.5,1.6121692657470703,0.2268749475479126,0.0004928760463371873,nan,nan,0.5,1.6200655698776245,1.6375255584716797,-0.021277057006955147,nan,nan,0.5,0.19733968377113342,1.651214361190796,-0.01659676432609558,nan,nan,0.5
8.37,TRACK,0.22749820351600647,0.2810525596141815,-0.0005437714280560613,nan,nan,0.5,1.6121692657470703,0.2268749475479126,0.0004928760463371873,nan,nan,0.5,1.6200655698776245,1.6375255584716797,-0.021277057006955147,nan,nan,0.5,0.19733968377113342,1.651214361190796,-0.01659676432609558,nan,nan,0.5
8.39,TRACK,0.22749820351600647,0.2810525596141815,-0.0005437714280560613,nan,nan,0.5,1.6121692657470703,0.2268749475479126,0.0004928760463371873,nan,nan,0.5,1.6200655698776245,1.6375255584716797,-0.021277057006955147,nan,nan,0.5,0.19733968377113342,1.651214361190796,-0.01659676432609558,nan,nan,0.5
8.41,TRACK,0.22749820351600647,0.2810525596141815,-0.0005437714280560613,nan,nan,0.5,1.6121692657470703,0.2268749475479126,0.0004928760463371873,nan,nan,0.5,1.6200655698776245,1.6375255584716797,-0.021277057006955147,nan,nan,0.5,0.19733968377113342,1.651214361190796,-0.01659676432609558,nan,nan,0.5
8.43,TRACK,0.22749820351600647,0.2810525596141815,-0.0005437714280560613,nan,nan,0.5,1.6121692657470703,0.2268749475479126,0.0004928760463371873,nan,nan,0.5,1.6200655698776245,1.6375255584716797,-0.021277057006955147,nan,nan,0.5,0.19733968377113342,1.651214361190796,-0.01659676432609558,nan,nan,0.5
8.45,TRACK,0.22702127695083618,0.2816281318664551,-0.0004057108308188617,nan,nan,0.5,1.612562656402588,0.228128120303154,0.0011615636758506298,nan,nan,0.5,1.6196357011795044,1.6377222537994385,-0.021300483494997025,nan,nan,0.5,0.19718335568904877,1.651233196258545,-0.01748194359242916,nan,nan,0.5
8.47,TRACK,0.22702127695083618,0.2816281318664551,-0.0004057108308188617,nan,nan,0.5,1.612562656402588,0.228128120303154,0.0011615636758506298,nan,nan,0.5,1.6196357011795044,1.6377222537994385,-0.021300483494997025,nan,nan,0.5,0.19718335568904877,1.651233196258545,-0.01748194359242916,nan,nan,0.5
8.49,TRACK,0.22702127695083618,0.2816281318664551,-0.0004057108308188617,nan,nan,0.5,1.612562656402588,0.228128120303154,0.0011615636758506298,nan,nan,0.5,1.6196357011795044,1.6377222537994385,-0.021300483494997025,nan,nan,0.5,0.19718335568904877,1.651233196258545,-0.01748194359242916,nan,nan,0.5
8.51,TRACK,0.22702127695083618,0.2816281318664551,-0.0004057108308188617,nan,nan,0.5,1.612562656402588,0.228128120303154,0.0011615636758506298,nan,nan,0.5,1.6196357011795044,1.6377222537994385,-0.021300483494997025,nan,nan,0.5,0.19718335568904877,1.651233196258545,-0.01748194359242916,nan,nan,0.5
8.53,TRACK,0.22702127695083618,0.2816281318664551,-0.0004057108308188617,nan,nan,0.5,1.612562656402588,0.228128120303154,0.0011615636758506298,nan,nan,0.5,1.6196357011795044,1.6377222537994385,-0.021300483494997025,nan,nan,0.5,0.19718335568904877,1.651233196258545,-0.01748194359242916,nan,nan,0.5
8.55,TRACK,0.2266833484172821,0.2816941440105438,-0.0006186547107063234,nan,nan,0.5,1.6126188039779663,0.22825375199317932,0.0012389780022203922,nan,nan,0.5,1.619340419769287,1.6379482746124268,-0.020667096599936485,nan,nan,0.5,0.19854244589805603,1.651513934135437,-0.01742117665708065,nan,nan,0.5
8.57,TRACK,0.2266833484172821,0.2816941440105438,-0.0006186547107063234,nan,nan,0.5,1.6126188039779663,0.22825375199317932,0.0012389780022203922,nan,nan,0.5,1.619340419769287,1.6379482746124268,-0.020667096599936485,nan,nan,0.5,0.19854244589805603,1.651513934135437,-0.01742117665708065,nan,nan,0.5
8.59,TRACK,0.2266833484172821,0.2816941440105438,-0.0006186547107063234,nan,nan,0.5,1.6126188039779663,0.22825375199317932,0.0012389780022203922,nan,nan,0.5,1.619340419769287,1.6379482746124268,-0.020667096599936485,nan,nan,0.5,0.19854244589805603,1.651513934135437,-0.01742117665708065,nan,nan,0.5
8.61,TRACK,0.2266833484172821,0.2816941440105438,-0.0006186547107063234,nan,nan,0.5,1.6126188039779663,0.22825375199317932,0.0012389780022203922,nan,nan,0.5,1.619340419769287,1.6379482746124268,-0.020667096599936485,nan,nan,0.5,0.19854244589805603,1.651513934135437,-0.01742117665708065,nan,nan,0.5
8.63,TRACK,0.2266833484172821,0.2816941440105438,-0.0006186547107063234,nan,nan,0.5,1.6126188039779663,0.22825375199317932,0.0012389780022203922,nan,nan,0.5,1.619340419769287,1.6379482746124268,-0.020667096599936485,nan,nan,0.5,0.19854244589805603,1.651513934135437,-0.01742117665708065,nan,nan,0.5
8.65,TRACK,0.22645162045955658,0.281873881816864,-0.0007978412904776633,nan,nan,0.5,1.612000823020935,0.22791199386119843,0.0009578627068549395,nan,nan,0.5,1.6197713613510132,1.638024926185608,-0.020102044567465782,nan,nan,0.5,0.19816310703754425,1.6520112752914429,-0.016466068103909492,nan,nan,0.5
8.67,TRACK,0.22645162045955658,0.281873881816864,-0.0007978412904776633,nan,nan,0.5,1.612000823020935,0.22791199386119843,0.0009578627068549395,nan,nan,0.5,1.6197713613510132,1.638024926185608,-0.020102044567465782,nan,nan,0.5,0.19816310703754425,1.6520112752914429,-0.016466068103909492,nan,nan,0.5
8.69,TRACK,0.22645162045955658,0.281873881816864,-0.0007978412904776633,nan,nan,0.5,1.612000823020935,0.22791199386119843,0.0009578627068549395,nan,nan,0.5,1.6197713613510132,1.638024926185608,-0.020102044567465782,nan,nan,0.5,0.19816310703754425,1.6520112752914429,-0.016466068103909492,nan,nan,0.5
8.71,TRACK,0.22645162045955658,0.281873881816864,-0.0007978412904776633,nan,nan,0.5,1.612000823020935,0.22791199386119843,0.0009578627068549395,nan,nan,0.5,1.6197713613510132,1.638024926185608,-0.020102044567465782,nan,nan,0.5,0.19816310703754425,1.6520112752914429,-0.016466068103909492,nan,nan,0.5
8.73,TRACK,0.22645162045955658,0.281873881816864,-0.0007978412904776633,nan,nan,0.5,1.612000823020935,0.22791199386119843,0.0009578627068549395,nan,nan,0.5,1.6197713613510132,1.638024926185608,-0.020102044567465782,nan,nan,0.5,0.19816310703754425,1.6520112752914429,-0.016466068103909492,nan,nan,0.5
8.75,TRACK,0.22707553207874298,0.28220006823539734,0.0002021005202550441,nan,nan,0.5,1.6122242212295532,0.2276943027973175,0.001293077366426587,nan,nan,0.5,1.6185646057128906,1.6381350755691528,-0.02016719989478588,nan,nan,0.5,0.19818753004074097,1.6528565883636475,-0.015956727787852287,nan,nan,0.5
8.77,TRACK,0.22707553207874298,0.28220006823539734,0.0002021005202550441,nan,nan,0.5,1.6122242212295532,0.2276943027973175,0.001293077366426587,nan,nan,0.5,1.6185646057128906,1.6381350755691528,-0.02016719989478588,nan,nan,0.5,0.19818753004074097,1.6528565883636475,-0.015956727787852287,nan,nan,0.5
8.79,TRACK,0.22707553207874298,0.28220006823539734,0.0002021005202550441,nan,nan,0.5,1.6122242212295532,0.2276943027973175,0.001293077366426587,nan,nan,0.5,1.6185646057128906,1.6381350755691528,-0.02016719989478588,nan,nan,0.5,0.19818753004074097,1.6528565883636475,-0.015956727787852287,nan,nan,0.5
8.81,TRACK,0.22707553207874298,0.28220006823539734,0.0002021005202550441,nan,nan,0.5,1.6122242212295532,0.2276943027973175,0.001293077366426587,nan,nan,0.5,1.6185646057128906,1.6381350755691528,-0.02016719989478588,nan,nan,0.5,0.19818753004074097,1.6528565883636475,-0.015956727787852287,nan,nan,0.5
8.83,TRACK,0.22707553207874298,0.28220006823539734,0.0002021005202550441,nan,nan,0.5,1.6122242212295532,0.2276943027973175,0.001293077366426587,nan,nan,0.5,1.6185646057128906,1.6381350755691528,-0.02016719989478588,nan,nan,0.5,0.19818753004074097,1.6528565883636475,-0.015956727787852287,nan,nan,0.5
8.85,TRACK,0.22737844288349152,0.2816932797431946,-6.0045687860110775e-05,nan,nan,0.5,1.6127917766571045,0.227349191904068,0.0011877116048708558,nan,nan,0.5,1.6184461116790771,1.6391650438308716,-0.019016675651073456,nan,nan,0.5,0.1982792168855667,1.6513422727584839,-0.016326136887073517,nan,nan,0.5
8.87,TRACK,0.22737844288349152,0.2816932797431946,-6.0045687860110775e-05,nan,nan,0.5,1.6127917766571045,0.227349191904068,0.0011877116048708558,nan,nan,0.5,1.6184461116790771,1.6391650438308716,-0.019016675651073456,nan,nan,0.5,0.1982792168855667,1.6513422727584839,-0.016326136887073517,nan,nan,0.5
8.89,TRACK,0.22737844288349152,0.2816932797431946,-6.0045687860110775e-05,nan,nan,0.5,1.6127917766571045,0.227349191904068,0.0011877116048708558,nan,nan,0.5,1.6184461116790771,1.6391650438308716,-0.019016675651073456,nan,nan,0.5,0.1982792168855667,1.6513422727584839,-0.016326136887073517,nan,nan,0.5
8.911,TRACK,0.22737844288349152,0.2816932797431946,-6.0045687860110775e-05,nan,nan,0.5,1.6127917766571045,0.227349191904068,0.0011877116048708558,nan,nan,0.5,1.6184461116790771,1.6391650438308716,-0.019016675651073456,nan,nan,0.5,0.1982792168855667,1.6513422727584839,-0.016326136887073517,nan,nan,0.5
8.93,TRACK,0.22737844288349152,0.2816932797431946,-6.0045687860110775e-05,nan,nan,0.5,1.6127917766571045,0.227349191904068,0.0011877116048708558,nan,nan,0.5,1.6184461116790771,1.6391650438308716,-0.019016675651073456,nan,nan,0.5,0.1982792168855667,1.6513422727584839,-0.016326136887073517,nan,nan,0.5
8.95,TRACK,0.22716163098812103,0.28245046734809875,0.0002357617049710825,nan,nan,0.5,1.6123509407043457,0.22791428864002228,0.0010839332826435566,nan,nan,0.5,1.6180474758148193,1.6392449140548706,-0.018643170595169067,nan,nan,0.5,0.1982843428850174,1.6509286165237427,-0.016918206587433815,nan,nan,0.5
8.97,TRACK,0.22716163098812103,0.28245046734809875,0.0002357617049710825,nan,nan,0.5,1.6123509407043457,0.22791428864002228,0.0010839332826435566,nan,nan,0.5,1.6180474758148193,1.6392449140548706,-0.018643170595169067,nan,nan,0.5,0.1982843428850174,1.6509286165237427,-0.016918206587433815,nan,nan,0.5
8.99,TRACK,0.22716163098812103,0.28245046734809875,0.0002357617049710825,nan,nan,0.5,1.6123509407043457,0.22791428864002228,0.0010839332826435566,nan,nan,0.5,1.6180474758148193,1.6392449140548706,-0.018643170595169067,nan,nan,0.5,0.1982843428850174,1.6509286165237427,-0.016918206587433815,nan,nan,0.5
9.01,TRACK,0.22716163098812103,0.28245046734809875,0.0002357617049710825,nan,nan,0.5,1.6123509407043457,0.22791428864002228,0.0010839332826435566,nan,nan,0.5,1.6180474758148193,1.6392449140548706,-0.018643170595169067,nan,nan,0.5,0.1982843428850174,1.6509286165237427,-0.016918206587433815,nan,nan,0.5
9.03,TRACK,0.22716163098812103,0.28245046734809875,0.0002357617049710825,nan,nan,0.5,1.6123509407043457,0.22791428864002228,0.0010839332826435566,nan,nan,0.5,1.6180474758148193,1.6392449140548706,-0.018643170595169067,nan,nan,0.5,0.1982843428850174,1.6509286165237427,-0.016918206587433815,nan,nan,0.5
9.05,TRACK,0.22744417190551758,0.2820247709751129,-0.00021619453036691993,nan,nan,0.5,1.6136536598205566,0.22763359546661377,0.0014788992702960968,nan,nan,0.5,1.6190884113311768,1.6384828090667725,-0.020419549196958542,nan,nan,0.5,0.1978258490562439,1.6520907878875732,-0.01745624840259552,nan,nan,0.5
9.07,TRACK,0.22744417190551758,0.2820247709751129,-0.00021619453036691993,nan,nan,0.5,1.6136536598205566,0.22763359546661377,0.0014788992702960968,nan,nan,0.5,1.6190884113311768,1.6384828090667725,-0.020419549196958542,nan,nan,0.5,0.1978258490562439,1.6520907878875732,-0.01745624840259552,nan,nan,0.5
9.09,TRACK,0.22744417190551758,0.2820247709751129,-0.00021619453036691993,nan,nan,0.5,1.6136536598205566,0.22763359546661377,0.0014788992702960968,nan,nan,0.5,1.6190884113311768,1.6384828090667725,-0.020419549196958542,nan,nan,0.5,0.1978258490562439,1.6520907878875732,-0.01745624840259552,nan,nan,0.5
9.11,TRACK,0.22744417190551758,0.2820247709751129,-0.00021619453036691993,nan,nan,0.5,1.6136536598205566,0.22763359546661377,0.0014788992702960968,nan,nan,0.5,1.6190884113311768,1.6384828090667725,-0.020419549196958542,nan,nan,0.5,0.1978258490562439,1.6520907878875732,-0.01745624840259552,nan,nan,0.5
9.13,TRACK,0.22744417190551758,0.2820247709751129,-0.00021619453036691993,nan,nan,0.5,1.6136536598205566,0.22763359546661377,0.0014788992702960968,nan,nan,0.5,1.6190884113311768,1.6384828090667725,-0.020419549196958542,nan,nan,0.5,0.1978258490562439,1.6520907878875732,-0.01745624840259552,nan,nan,0.5
9.15,TRACK,0.2273467481136322,0.2826218605041504,0.00010365133493905887,nan,nan,0.5,1.6103161573410034,0.22697846591472626,0.0004990169545635581,nan,nan,0.5,1.6204242706298828,1.6389573812484741,-0.020436834543943405,nan,nan,0.5,0.19779041409492493,1.6519931554794312,-0.018432965502142906,nan,nan,0.5
9.17,TRACK,0.2273467481136322,0.2826218605041504,0.00010365133493905887,nan,nan,0.5,1.6103161573410034,0.22697846591472626,0.0004990169545635581,nan,nan,0.5,1.6204242706298828,1.6389573812484741,-0.020436834543943405,nan,nan,0.5,0.19779041409492493,1.6519931554794312,-0.018432965502142906,nan,nan,0.5
9.19,TRACK,0.2273467481136322,0.2826218605041504,0.00010365133493905887,nan,nan,0.5,1.6103161573410034,0.22697846591472626,0.0004990169545635581,nan,nan,0.5,1.6204242706298828,1.6389573812484741,-0.020436834543943405,nan,nan,0.5,0.19779041409492493,1.6519931554794312,-0.018432965502142906,nan,nan,0.5
9.21,TRACK,0.2273467481136322,0.2826218605041504,0.00010365133493905887,nan,nan,0.5,1.6103161573410034,0.22697846591472626,0.0004990169545635581,nan,nan,0.5,1.6204242706298828,1.6389573812484741,-0.020436834543943405,nan,nan,0.5,0.19779041409492493,1.6519931554794312,-0.018432965502142906,nan,nan,0.5
9.23,TRACK,0.2273467481136322,0.2826218605041504,0.00010365133493905887,nan,nan,0.5,1.6103161573410034,0.22697846591472626,0.0004990169545635581,nan,nan,0.5,1.6204242706298828,1.6389573812484741,-0.020436834543943405,nan,nan,0.5,0.19779041409492493,1.6519931554794312,-0.018432965502142906,nan,nan,0.5
9.25,TRACK,0.22714458405971527,0.2817116677761078,-1.662750764808152e-05,nan,nan,0.5,1.6095937490463257,0.22697415947914124,0.0003017529961653054,nan,nan,0.5,1.6211577653884888,1.6388328075408936,-0.020402638241648674,nan,nan,0.5,0.19714884459972382,1.6524453163146973,-0.018030844628810883,nan,nan,0.5
9.27,TRACK,0.22714458405971527,0.2817116677761078,-1.662750764808152e-05,nan,nan,0.5,1.6095937490463257,0.22697415947914124,0.0003017529961653054,nan,nan,0.5,1.6211577653884888,1.6388328075408936,-0.020402638241648674,nan,nan,0.5,0.19714884459972382,1.6524453163146973,-0.018030844628810883,nan,nan,0.5
9.29,TRACK,0.22714458405971527,0.2817116677761078,-1.662750764808152e-05,nan,nan,0.5,1.6095937490463257,0.22697415947914124,0.0003017529961653054,nan,nan,0.5,1.6211577653884888,1.6388328075408936,-0.020402638241648674,nan,nan,0.5,0.19714884459972382,1.6524453163146973,-0.018030844628810883,nan,nan,0.5
9.311,TRACK,0.22714458405971527,0.2817116677761078,-1.662750764808152e-05,nan,nan,0.5,1.6095937490463257,0.22697415947914124,0.0003017529961653054,nan,nan,0.5,1.6211577653884888,1.6388328075408936,-0.020402638241648674,nan,nan,0.5,0.19714884459972382,1.6524453163146973,-0.018030844628810883,nan,nan,0.5
9.331,TRACK,0.22714458405971527,0.2817116677761078,-1.662750764808152e-05,nan,nan,0.5,1.6095937490463257,0.22697415947914124,0.0003017529961653054,nan,nan,0.5,1.6211577653884888,1.6388328075408936,-0.020402638241648674,nan,nan,0.5,0.19714884459972382,1.6524453163146973,-0.018030844628810883,nan,nan,0.5
9.35,TRACK,0.2268867939710617,0.28215694427490234,5.9191661421209574e-05,nan,nan,0.5,1.60866379737854,0.22780358791351318,0.0034743775613605976,nan,nan,0.5,1.6225413084030151,1.638641357421875,-0.02066313847899437,nan,nan,0.5,0.19667333364486694,1.651841402053833,-0.018184611573815346,nan,nan,0.5
9.37,TRACK,0.2268867939710617,0.28215694427490234,5.9191661421209574e-05,nan,nan,0.5,1.60866379737854,0.22780358791351318,0.0034743775613605976,nan,nan,0.5,1.6225413084030151,1.638641357421875,-0.02066313847899437,nan,nan,0.5,0.19667333364486694,1.651841402053833,-0.018184611573815346,nan,nan,0.5
9.391,TRACK,0.2268867939710617,0.28215694427490234,5.9191661421209574e-05,nan,nan,0.5,1.60866379737854,0.22780358791351318,0.0034743775613605976,nan,nan,0.5,1.6225413084030151,1.638641357421875,-0.02066313847899437,nan,nan,0.5,0.19667333364486694,1.651841402053833,-0.018184611573815346,nan,nan,0.5
9.41,TRACK,0.2268867939710617,0.28215694427490234,5.9191661421209574e-05,nan,nan,0.5,1.60866379737854,0.22780358791351318,0.0034743775613605976,nan,nan,0.5,1.6225413084030151,1.638641357421875,-0.02066313847899437,nan,nan,0.5,0.19667333364486694,1.651841402053833,-0.018184611573815346,nan,nan,0.5
9.43,TRACK,0.2268867939710617,0.28215694427490234,5.9191661421209574e-05,nan,nan,0.5,1.60866379737854,0.22780358791351318,0.0034743775613605976,nan,nan,0.5,1.6225413084030151,1.638641357421875,-0.02066313847899437,nan,nan,0.5,0.19667333364486694,1.651841402053833,-0.018184611573815346,nan,nan,0.5
9.45,TRACK,0.22766099870204926,0.2816132605075836,-0.0003493165713734925,nan,nan,0.5,1.6116863489151,0.22835317254066467,0.0009846972534433007,nan,nan,0.5,1.6220908164978027,1.6359976530075073,-0.023404018953442574,nan,nan,0.5,0.19775624573230743,1.652285099029541,-0.016982216387987137,nan,nan,0.5
9.471,TRACK,0.22766099870204926,0.2816132605075836,-0.0003493165713734925,nan,nan,0.5,1.6116863489151,0.22835317254066467,0.0009846972534433007,nan,nan,0.5,1.6220908164978027,1.6359976530075073,-0.023404018953442574,nan,nan,0.5,0.19775624573230743,1.652285099029541,-0.016982216387987137,nan,nan,0.5
9.492,TRACK,0.22766099870204926,0.2816132605075836,-0.0003493165713734925,nan,nan,0.5,1.6116863489151,0.22835317254066467,0.0009846972534433007,nan,nan,0.5,1.6220908164978027,1.6359976530075073,-0.023404018953442574,nan,nan,0.5,0.19775624573230743,1.652285099029541,-0.016982216387987137,nan,nan,0.5
9.51,TRACK,0.22766099870204926,0.2816132605075836,-0.0003493165713734925,nan,nan,0.5,1.6116863489151,0.22835317254066467,0.0009846972534433007,nan,nan,0.5,1.6220908164978027,1.6359976530075073,-0.023404018953442574,nan,nan,0.5,0.19775624573230743,1.652285099029541,-0.016982216387987137,nan,nan,0.5
9.53,TRACK,0.22766099870204926,0.2816132605075836,-0.0003493165713734925,nan,nan,0.5,1.6116863489151,0.22835317254066467,0.0009846972534433007,nan,nan,0.5,1.6220908164978027,1.6359976530075073,-0.023404018953442574,nan,nan,0.5,0.19775624573230743,1.652285099029541,-0.016982216387987137,nan,nan,0.5
9.55,TRACK,0.22726589441299438,0.2826271057128906,-0.00020774271979462355,nan,nan,0.5,1.6120587587356567,0.22874398529529572,0.00032706110505387187,nan,nan,0.5,1.6197649240493774,1.6370635032653809,-0.021087845787405968,nan,nan,0.5,0.19798336923122406,1.652045488357544,-0.01701667532324791,nan,nan,0.5
9.57,TRACK,0.22726589441299438,0.2826271057128906,-0.00020774271979462355,nan,nan,0.5,1.6120587587356567,0.22874398529529572,0.00032706110505387187,nan,nan,0.5,1.6197649240493774,1.6370635032653809,-0.021087845787405968,nan,nan,0.5,0.19798336923122406,1.652045488357544,-0.01701667532324791,nan,nan,0.5
9.59,TRACK,0.22726589441299438,0.2826271057128906,-0.00020774271979462355,nan,nan,0.5,1.6120587587356567,0.22874398529529572,0.00032706110505387187,nan,nan,0.5,1.6197649240493774,1.6370635032653809,-0.021087845787405968,nan,nan,0.5,0.19798336923122406,1.652045488357544,-0.01701667532324791,nan,nan,0.5
9.61,TRACK,0.22726589441299438,0.2826271057128906,-0.00020774271979462355,nan,nan,0.5,1.6120587587356567,0.22874398529529572,0.00032706110505387187,nan,nan,0.5,1.6197649240493774,1.6370635032653809,-0.021087845787405968,nan,nan,0.5,0.19798336923122406,1.652045488357544,-0.01701667532324791,nan,nan,0.5
9.63,TRACK,0.22726589441299438,0.2826271057128906,-0.00020774271979462355,nan,nan,0.5,1.6120587587356567,0.22874398529529572,0.00032706110505387187,nan,nan,0.5,1.6197649240493774,1.6370635032653809,-0.021087845787405968,nan,nan,0.5,0.19798336923122406,1.652045488357544,-0.01701667532324791,nan,nan,0.5
9.65,TRACK,0.22688131034374237,0.2820630967617035,-4.480416464502923e-05,nan,nan,0.5,1.6126850843429565,0.22772502899169922,0.0011226913193240762,nan,nan,0.5,1.6183644533157349,1.6385903358459473,-0.019897161051630974,nan,nan,0.5,0.19706739485263824,1.6511850357055664,-0.017225317656993866,nan,nan,0.5
9.67,TRACK,0.22688131034374237,0.2820630967617035,-4.480416464502923e-05,nan,nan,0.5,1.6126850843429565,0.22772502899169922,0.0011226913193240762,nan,nan,0.5,1.6183644533157349,1.6385903358459473,-0.019897161051630974,nan,nan,0.5,0.19706739485263824,1.6511850357055664,-0.017225317656993866,nan,nan,0.5
9.69,TRACK,0.22688131034374237,0.2820630967617035,-4.480416464502923e-05,nan,nan,0.5,1.6126850843429565,0.22772502899169922,0.0011226913193240762,nan,nan,0.5,1.6183644533157349,1.6385903358459473,-0.019897161051630974,nan,nan,0.5,0.19706739485263824,1.6511850357055664,-0.017225317656993866,nan,nan,0.5
9.71,TRACK,0.22688131034374237,0.2820630967617035,-4.480416464502923e-05,nan,nan,0.5,1.6126850843429565,0.22772502899169922,0.0011226913193240762,nan,nan,0.5,1.6183644533157349,1.6385903358459473,-0.019897161051630974,nan,nan,0.5,0.19706739485263824,1.6511850357055664,-0.017225317656993866,nan,nan,0.5
9.73,TRACK,0.22688131034374237,0.2820630967617035,-4.480416464502923e-05,nan,nan,0.5,1.6126850843429565,0.22772502899169922,0.0011226913193240762,nan,nan,0.5,1.6183644533157349,1.6385903358459473,-0.019897161051630974,nan,nan,0.5,0.19706739485263824,1.6511850357055664,-0.017225317656993866,nan,nan,0.5
9.75,TRACK,0.22687070071697235,0.28242573142051697,0.0003076190478168428,nan,nan,0.5,1.611533761024475,0.2277345508337021,0.0008313703001476824,nan,nan,0.5,1.6189720630645752,1.637821912765503,-0.02087477408349514,nan,nan,0.5,0.19838501513004303,1.6512126922607422,-0.01739608868956566,nan,nan,0.5
9.77,TRACK,0.22687070071697235,0.28242573142051697,0.0003076190478168428,nan,nan,0.5,1.611533761024475,0.2277345508337021,0.0008313703001476824,nan,nan,0.5,1.6189720630645752,1.637821912765503,-0.02087477408349514,nan,nan,0.5,0.19838501513004303,1.6512126922607422,-0.01739608868956566,nan,nan,0.5
9.79,TRACK,0.22687070071697235,0.28242573142051697,0.0003076190478168428,nan,nan,0.5,1.611533761024475,0.2277345508337021,0.0008313703001476824,nan,nan,0.5,1.6189720630645752,1.637821912765503,-0.02087477408349514,nan,nan,0.5,0.19838501513004303,1.6512126922607422,-0.01739608868956566,nan,nan,0.5
9.811,TRACK,0.22687070071697235,0.28242573142051697,0.0003076190478168428,nan,nan,0.5,1.611533761024475,0.2277345508337021,0.0008313703001476824,nan,nan,0.5,1.6189720630645752,1.637821912765503,-0.02087477408349514,nan,nan,0.5,0.19838501513004303,1.6512126922607422,-0.01739608868956566,nan,nan,0.5
9.831,TRACK,0.22687070071697235,0.28242573142051697,0.0003076190478168428,nan,nan,0.5,1.611533761024475,0.2277345508337021,0.0008313703001476824,nan,nan,0.5,1.6189720630645752,1.637821912765503,-0.02087477408349514,nan,nan,0.5,0.19838501513004303,1.6512126922607422,-0.01739608868956566,nan,nan,0.5
9.85,TRACK,0.2270597517490387,0.28264281153678894,0.0004310976655688137,nan,nan,0.5,1.612640142440796,0.22818712890148163,0.0010460251942276955,nan,nan,0.5,1.6200159788131714,1.6391996145248413,-0.020473908632993698,nan,nan,0.5,0.19793088734149933,1.6499701738357544,-0.016566934064030647,nan,nan,0.5
9.87,TRACK,0.2270597517490387,0.28264281153678894,0.0004310976655688137,nan,nan,0.5,1.612640142440796,0.22818712890148163,0.0010460251942276955,nan,nan,0.5,1.6200159788131714,1.6391996145248413,-0.020473908632993698,nan,nan,0.5,0.19793088734149933,1.6499701738357544,-0.016566934064030647,nan,nan,0.5
9.89,TRACK,0.2270597517490387,0.28264281153678894,0.0004310976655688137,nan,nan,0.5,1.612640142440796,0.22818712890148163,0.0010460251942276955,nan,nan,0.5,1.6200159788131714,1.6391996145248413,-0.020473908632993698,nan,nan,0.5,0.19793088734149933,1.6499701738357544,-0.016566934064030647,nan,nan,0.5
9.91,TRACK,0.2270597517490387,0.28264281153678894,0.0004310976655688137,nan,nan,0.5,1.612640142440796,0.22818712890148163,0.0010460251942276955,nan,nan,0.5,1.6200159788131714,1.6391996145248413,-0.020473908632993698,nan,nan,0.5,0.19793088734149933,1.6499701738357544,-0.016566934064030647,nan,nan,0.5
9.93,TRACK,0.2270597517490387,0.28264281153678894,0.0004310976655688137,nan,nan,0.5,1.612640142440796,0.22818712890148163,0.0010460251942276955,nan,nan,0.5,1.6200159788131714,1.6391996145248413,-0.020473908632993698,nan,nan,0.5,0.19793088734149933,1.6499701738357544,-0.016566934064030647,nan,nan,0.5
9.95,TRACK,0.22709067165851593,0.28223103284835815,-6.854734692751663e-06,nan,nan,0.5,1.6127862930297852,0.22869758307933807,0.001123468391597271,nan,nan,0.5,1.6200861930847168,1.6408734321594238,-0.019637497141957283,nan,nan,0.5,0.19692032039165497,1.6508084535598755,-0.017372481524944305,nan,nan,0.5
9.97,TRACK,0.22709067165851593,0.28223103284835815,-6.854734692751663e-06,nan,nan,0.5,1.6127862930297852,0.22869758307933807,0.001123468391597271,nan,nan,0.5,1.6200861930847168,1.6408734321594238,-0.019637497141957283,nan,nan,0.5,0.19692032039165497,1.6508084535598755,-0.017372481524944305,nan,nan,0.5
9.99,TRACK,0.22709067165851593,0.28223103284835815,-6.854734692751663e-06,nan,nan,0.5,1.6127862930297852,0.22869758307933807,0.001123468391597271,nan,nan,0.5,1.6200861930847168,1.6408734321594238,-0.019637497141957283,nan,nan,0.5,0.19692032039165497,1.6508084535598755,-0.017372481524944305,nan,nan,0.5
10.01,TRACK,0.22709067165851593,0.28223103284835815,-6.854734692751663e-06,nan,nan,0.5,1.6127862930297852,0.22869758307933807,0.001123468391597271,nan,nan,0.5,1.6200861930847168,1.6408734321594238,-0.019637497141957283,nan,nan,0.5,0.19692032039165497,1.6508084535598755,-0.017372481524944305,nan,nan,0.5
10.03,TRACK,0.22709067165851593,0.28223103284835815,-6.854734692751663e-06,nan,nan,0.5,1.6127862930297852,0.22869758307933807,0.001123468391597271,nan,nan,0.5,1.6200861930847168,1.6408734321594238,-0.019637497141957283,nan,nan,0.5,0.1968833953142166,1.652022123336792,-0.0180892925709486,nan,nan,0.5
10.05,TRACK,0.22729483246803284,0.28230786323547363,-0.00019038963364437222,nan,nan,0.5,1.6137118339538574,0.2287837713956833,0.0016934470040723681,nan,nan,0.5,1.6202731132507324,1.642263412475586,-0.019230371341109276,nan,nan,0.5,0.1968833953142166,1.652022123336792,-0.0180892925709486,nan,nan,0.5
10.07,TRACK,0.22729483246803284,0.28230786323547363,-0.00019038963364437222,nan,nan,0.5,1.6137118339538574,0.2287837713956833,0.0016934470040723681,nan,nan,0.5,1.6202731132507324,1.642263412475586,-0.019230371341109276,nan,nan,0.5,0.1968833953142166,1.652022123336792,-0.0180892925709486,nan,nan,0.5
10.09,TRACK,0.22729483246803284,0.28230786323547363,-0.00019038963364437222,nan,nan,0.5,1.6137118339538574,0.2287837713956833,0.0016934470040723681,nan,nan,0.5,1.6202731132507324,1.642263412475586,-0.019230371341109276,nan,nan,0.5,0.1968833953142166,1.652022123336792,-0.0180892925709486,nan,nan,0.5
10.11,TRACK,0.22729483246803284,0.28230786323547363,-0.00019038963364437222,nan,nan,0.5,1.6137118339538574,0.2287837713956833,0.0016934470040723681,nan,nan,0.5,1.6202731132507324,1.642263412475586,-0.019230371341109276,nan,nan,0.5,0.1968833953142166,1.652022123336792,-0.0180892925709486,nan,nan,0.5
10.13,TRACK,0.22729483246803284,0.28230786323547363,-0.00019038963364437222,nan,nan,0.5,1.6137118339538574,0.2287837713956833,0.0016934470040723681,nan,nan,0.5,1.6202731132507324,1.642263412475586,-0.019230371341109276,nan,nan,0.5,0.1968833953142166,1.652022123336792,-0.0180892925709486,nan,nan,0.5
10.15,TRACK,0.2275022268295288,0.2826005816459656,-9.24567793845199e-05,nan,nan,0.5,1.6119731664657593,0.22850553691387177,0.00121119839604944,nan,nan,0.5,1.6195993423461914,1.6391807794570923,-0.019592037424445152,nan,nan,0.5,0.1976645588874817,1.6522692441940308,-0.018857374787330627,nan,nan,0.5
10.17,TRACK,0.2275022268295288,0.2826005816459656,-9.24567793845199e-05,nan,nan,0.5,1.6119731664657593,0.22850553691387177,0.00121119839604944,nan,nan,0.5,1.6195993423461914,1.6391807794570923,-0.019592037424445152,nan,nan,0.5,0.1976645588874817,1.6522692441940308,-0.018857374787330627,nan,nan,0.5
10.19,TRACK,0.2275022268295288,0.2826005816459656,-9.24567793845199e-05,nan,nan,0.5,1.6119731664657593,0.22850553691387177,0.00121119839604944,nan,nan,0.5,1.6195993423461914,1.6391807794570923,-0.019592037424445152,nan,nan,0.5,0.1976645588874817,1.6522692441940308,-0.018857374787330627,nan,nan,0.5
10.21,TRACK,0.2275022268295288,0.2826005816459656,-9.24567793845199e-05,nan,nan,0.5,1.6119731664657593,0.22850553691387177,0.00121119839604944,nan,nan,0.5,1.6195993423461914,1.6391807794570923,-0.019592037424445152,nan,nan,0.5,0.1976645588874817,1.6522692441940308,-0.018857374787330627,nan,nan,0.5
10.23,TRACK,0.2275022268295288,0.2826005816459656,-9.24567793845199e-05,nan,nan,0.5,1.6119731664657593,0.22850553691387177,0.00121119839604944,nan,nan,0.5,1.6195993423461914,1.6391807794570923,-0.019592037424445152,nan,nan,0.5,0.1976645588874817,1.6522692441940308,-0.018857374787330627,nan,nan,0.5
10.25,TRACK,0.22733671963214874,0.281900018453598,-0.00013422024494502693,nan,nan,0.5,1.6120091676712036,0.22744864225387573,0.001045724144205451,nan,nan,0.5,1.620182752609253,1.6396222114562988,-0.01932111568748951,nan,nan,0.5,0.19797758758068085,1.6517689228057861,-0.017137445509433746,nan,nan,0.5
10.27,TRACK,0.22733671963214874,0.281900018453598,-0.00013422024494502693,nan,nan,0.5,1.6120091676712036,0.22744864225387573,0.001045724144205451,nan,nan,0.5,1.620182752609253,1.6396222114562988,-0.01932111568748951,nan,nan,0.5,0.19797758758068085,1.6517689228057861,-0.017137445509433746,nan,nan,0.5
10.29,TRACK,0.22733671963214874,0.281900018453598,-0.00013422024494502693,nan,nan,0.5,1.6120091676712036,0.22744864225387573,0.001045724144205451,nan,nan,0.5,1.620182752609253,1.6396222114562988,-0.01932111568748951,nan,nan,0.5,0.19797758758068085,1.6517689228057861,-0.017137445509433746,nan,nan,0.5
10.311,TRACK,0.22733671963214874,0.281900018453598,-0.00013422024494502693,nan,nan,0.5,1.6120091676712036,0.22744864225387573,0.001045724144205451,nan,nan,0.5,1.620182752609253,1.6396222114562988,-0.01932111568748951,nan,nan,0.5,0.19797758758068085,1.6517689228057861,-0.017137445509433746,nan,nan,0.5
10.33,TRACK,0.22733671963214874,0.281900018453598,-0.00013422024494502693,nan,nan,0.5,1.6120091676712036,0.22744864225387573,0.001045724144205451,nan,nan,0.5,1.620182752609253,1.6396222114562988,-0.01932111568748951,nan,nan,0.5,0.19797758758068085,1.6517689228057861,-0.017137445509433746,nan,nan,0.5
10.35,TRACK,0.22751984000205994,0.2813241481781006,-0.0005947205936536193,nan,nan,0.5,1.6127610206604004,0.2271524965763092,0.0011724622454494238,nan,nan,0.5,1.6194097995758057,1.6376736164093018,-0.020944423973560333,nan,nan,0.5,0.1986352801322937,1.6517105102539062,-0.01614028960466385,nan,nan,0.5
10.37,TRACK,0.22751984000205994,0.2813241481781006,-0.0005947205936536193,nan,nan,0.5,1.6127610206604004,0.2271524965763092,0.0011724622454494238,nan,nan,0.5,1.6194097995758057,1.6376736164093018,-0.020944423973560333,nan,nan,0.5,0.1986352801322937,1.6517105102539062,-0.01614028960466385,nan,nan,0.5
10.39,TRACK,0.22751984000205994,0.2813241481781006,-0.0005947205936536193,nan,nan,0.5,1.6127610206604004,0.2271524965763092,0.0011724622454494238,nan,nan,0.5,1.6194097995758057,1.6376736164093018,-0.020944423973560333,nan,nan,0.5,0.1986352801322937,1.6517105102539062,-0.01614028960466385,nan,nan,0.5
10.41,TRACK,0.22751984000205994,0.2813241481781006,-0.0005947205936536193,nan,nan,0.5,1.6127610206604004,0.2271524965763092,0.0011724622454494238,nan,nan,0.5,1.6194097995758057,1.6376736164093018,-0.020944423973560333,nan,nan,0.5,0.1986352801322937,1.6517105102539062,-0.01614028960466385,nan,nan,0.5
10.43,TRACK,0.22751984000205994,0.2813241481781006,-0.0005947205936536193,nan,nan,0.5,1.6127610206604004,0.2271524965763092,0.0011724622454494238,nan,nan,0.5,1.6194097995758057,1.6376736164093018,-0.020944423973560333,nan,nan,0.5,0.1986352801322937,1.6517105102539062,-0.01614028960466385,nan,nan,0.5
10.45,TRACK,0.22718918323516846,0.28233602643013,7.495716272387654e-05,nan,nan,0.5,1.6129306554794312,0.22668607532978058,0.0010969405993819237,nan,nan,0.5,1.6201266050338745,1.6393426656723022,-0.01991988904774189,nan,nan,0.5,0.19733209908008575,1.6516631841659546,-0.01683877781033516,nan,nan,0.5
10.47,TRACK,0.22718918323516846,0.28233602643013,7.495716272387654e-05,nan,nan,0.5,1.6129306554794312,0.22668607532978058,0.0010969405993819237,nan,nan,0.5,1.6201266050338745,1.6393426656723022,-0.01991988904774189,nan,nan,0.5,0.19733209908008575,1.6516631841659546,-0.01683877781033516,nan,nan,0.5
10.49,TRACK,0.22718918323516846,0.28233602643013,7.495716272387654e-05,nan,nan,0.5,1.6129306554794312,0.22668607532978058,0.0010969405993819237,nan,nan,0.5,1.6201266050338745,1.6393426656723022,-0.01991988904774189,nan,nan,0.5,0.19733209908008575,1.6516631841659546,-0.01683877781033516,nan,nan,0.5
10.51,TRACK,0.22718918323516846,0.28233602643013,7.495716272387654e-05,nan,nan,0.5,1.6129306554794312,0.22668607532978058,0.0010969405993819237,nan,nan,0.5,1.6201266050338745,1.6393426656723022,-0.01991988904774189,nan,nan,0.5,0.19733209908008575,1.6516631841659546,-0.01683877781033516,nan,nan,0.5
10.53,TRACK,0.22718918323516846,0.28233602643013,7.495716272387654e-05,nan,nan,0.5,1.6129306554794312,0.22668607532978058,0.0010969405993819237,nan,nan,0.5,1.6201266050338745,1.6393426656723022,-0.01991988904774189,nan,nan,0.5,0.19726569950580597,1.6510214805603027,-0.017391815781593323,nan,nan,0.5
10.55,TRACK,0.22755318880081177,0.2822363078594208,0.00029001967050135136,nan,nan,0.5,1.6135421991348267,0.2286650687456131,0.0015353178605437279,nan,nan,0.5,1.6183117628097534,1.6382805109024048,-0.019953779876232147,nan,nan,0.5,0.19726569950580597,1.6510214805603027,-0.017391815781593323,nan,nan,0.5
10.57,TRACK,0.22755318880081177,0.2822363078594208,0.00029001967050135136,nan,nan,0.5,1.6135421991348267,0.2286650687456131,0.0015353178605437279,nan,nan,0.5,1.6183117628097534,1.6382805109024048,-0.019953779876232147,nan,nan,0.5,0.19726569950580597,1.6510214805603027,-0.017391815781593323,nan,nan,0.5
10.59,TRACK,0.22755318880081177,0.2822363078594208,0.00029001967050135136,nan,nan,0.5,1.6135421991348267,0.2286650687456131,0.0015353178605437279,nan,nan,0.5,1.6183117628097534,1.6382805109024048,-0.019953779876232147,nan,nan,0.5,0.19726569950580597,1.6510214805603027,-0.017391815781593323,nan,nan,0.5
10.61,TRACK,0.22755318880081177,0.2822363078594208,0.00029001967050135136,nan,nan,0.5,1.6135421991348267,0.2286650687456131,0.0015353178605437279,nan,nan,0.5,1.6183117628097534,1.6382805109024048,-0.019953779876232147,nan,nan,0.5,0.19726569950580597,1.6510214805603027,-0.017391815781593323,nan,nan,0.5
10.63,TRACK,0.22755318880081177,0.2822363078594208,0.00029001967050135136,nan,nan,0.5,1.6135421991348267,0.2286650687456131,0.0015353178605437279,nan,nan,0.5,1.6183117628097534,1.6382805109024048,-0.019953779876232147,nan,nan,0.5,0.19726569950580597,1.6510214805603027,-0.017391815781593323,nan,nan,0.5
10.65,TRACK,0.22749145328998566,0.2824438810348511,-9.411251085111871e-05,nan,nan,0.5,1.6121487617492676,0.22827249765396118,0.0011238091392442584,nan,nan,0.5,1.6185088157653809,1.6379367113113403,-0.02051098272204399,nan,nan,0.5,0.19735832512378693,1.6522765159606934,-0.018010566011071205,nan,nan,0.5
10.67,TRACK,0.22749145328998566,0.2824438810348511,-9.411251085111871e-05,nan,nan,0.5,1.6121487617492676,0.22827249765396118,0.0011238091392442584,nan,nan,0.5,1.6185088157653809,1.6379367113113403,-0.02051098272204399,nan,nan,0.5,0.19735832512378693,1.6522765159606934,-0.018010566011071205,nan,nan,0.5
10.69,TRACK,0.22749145328998566,0.2824438810348511,-9.411251085111871e-05,nan,nan,0.5,1.6121487617492676,0.22827249765396118,0.0011238091392442584,nan,nan,0.5,1.6185088157653809,1.6379367113113403,-0.02051098272204399,nan,nan,0.5,0.19735832512378693,1.6522765159606934,-0.018010566011071205,nan,nan,0.5
10.71,TRACK,0.22749145328998566,0.2824438810348511,-9.411251085111871e-05,nan,nan,0.5,1.6121487617492676,0.22827249765396118,0.0011238091392442584,nan,nan,0.5,1.6185088157653809,1.6379367113113403,-0.02051098272204399,nan,nan,0.5,0.19735832512378693,1.6522765159606934,-0.018010566011071205,nan,nan,0.5
10.73,TRACK,0.22749145328998566,0.2824438810348511,-9.411251085111871e-05,nan,nan,0.5,1.6121487617492676,0.22827249765396118,0.0011238091392442584,nan,nan,0.5,1.6185088157653809,1.6379367113113403,-0.02051098272204399,nan,nan,0.5,0.19735832512378693,1.6522765159606934,-0.018010566011071205,nan,nan,0.5
10.75,TRACK,0.22669717669487,0.2815645933151245,-0.0006826670141890645,nan,nan,0.5,1.6125541925430298,0.22811061143875122,0.001227499102242291,nan,nan,0.5,1.6191693544387817,1.639168381690979,-0.019818633794784546,nan,nan,0.5,0.19824069738388062,1.6519103050231934,-0.016139330342411995,nan,nan,0.5
