timestamp_sec,flight_state,cf1_act_x,cf1_act_y,cf1_act_z,cf1_targ_x,cf1_targ_y,cf1_targ_z,cf2_act_x,cf2_act_y,cf2_act_z,cf2_targ_x,cf2_targ_y,cf2_targ_z,cf3_act_x,cf3_act_y,cf3_act_z,cf3_targ_x,cf3_targ_y,cf3_targ_z,cf4_act_x,cf4_act_y,cf4_act_z,cf4_targ_x,cf4_targ_y,cf4_targ_z,cf5_act_x,cf5_act_y,cf5_act_z,cf5_targ_x,cf5_targ_y,cf5_targ_z
0.016,TAKEOFF,0.0035593416541814804,-0.012295311316847801,0.007878392934799194,-0.9218980745671794,0.26833191140173146,0.5,-0.4566684365272522,0.3229452967643738,-0.000320330320391804,-0.8855724878038778,-0.31832979227324687,0.5,0.29467910528182983,0.445360004901886,0.000182757357833907,-0.3163988280224713,-0.46507054265829173,0.5,-0.42392033338546753,-0.5274419784545898,0.003336412599310279,0.0009557475396947401,0.03090038974406469,0.5,0.27472999691963196,-0.5169550776481628,0.0015508598880842328,0.37517486206677664,0.48416803378574236,0.5
0.036,TAKEOFF,0.0035593416541814804,-0.012295311316847801,0.007878392934799194,-0.9232247738547513,0.2662344658296416,0.5,-0.4566684365272522,0.3229452967643738,-0.000320330320391804,-0.8839876711512522,-0.32023970460240847,0.5,0.29467910528182983,0.445360004901886,0.000182757357833907,-0.31409265817764004,-0.46415348782115623,0.5,-0.42392033338546753,-0.5274419784545898,0.003336412599310279,0.0011152728443845628,0.033377073132123486,0.5,0.27472999691963196,-0.5169550776481628,0.0015508598880842328,0.3775796239719719,0.48478165346179947,0.5
0.056,TAKEOFF,0.0035593416541814804,-0.012295311316847801,0.007878392934799194,-0.9245540809045921,0.2641095083242121,0.5,-0.4566684365272522,0.3229452967643738,-0.000320330320391804,-0.8823774949380063,-0.322160598715819,0.5,0.29467910528182983,0.445360004901886,0.000182757357833907,-0.3117682075001367,-0.46321570816660396,0.5,-0.42392033338546753,-0.5274419784545898,0.003336412599310279,0.0012888595337605668,0.03587754694600544,0.5,0.275831013917923,-0.5188899636268616,-0.0002193442778661847,0.3800113571235042,0.4853892516122053,0.5
0.076,TAKEOFF,0.003971843980252743,-0.00967011321336031,0.003329993225634098,-0.9258655982644817,0.26198948874875705,0.5,-0.4566684365272522,0.3229452967643738,-0.000320330320391804,-0.8807665176587202,-0.32406304792439933,0.5,0.28860414028167725,0.4450959265232086,0.002543326700106263,-0.30946105142654445,-0.4622714668639219,0.5,-0.42392033338546753,-0.5274419784545898,0.003336412599310279,0.0014739359422160092,0.03836356937322479,0.5,0.275831013917923,-0.5188899636268616,-0.0002193442778661847,0.38243289670803765,0.48598145666633935,0.5
0.096,TAKEOFF,0.003971843980252743,-0.00967011321336031,0.003329993225634098,-0.9271685119383712,0.25985969754534394,0.5,-0.4561266005039215,0.3220495581626892,-0.0010150792077183723,-0.8791435883238015,-0.3259603341404469,0.5,0.28860414028167725,0.4450959265232086,0.002543326700106263,-0.3071551122623359,-0.4613142630284129,0.5,-0.42326250672340393,-0.5271433591842651,0.003525695763528347,0.001671716497664344,0.0408524400937787,0.5,0.275831013917923,-0.5188899636268616,-0.0002193442778661847,0.3848610709778271,0.4865624595297371,0.5
0.116,TAKEOFF,0.003971843980252743,-0.00967011321336031,0.003329993225634098,-0.9284608205154565,0.25772335028712823,0.5,-0.4561266005039215,0.3220495581626892,-0.0010150792077183723,-0.877511146655102,-0.32784956024242295,0.5,0.28860414028167725,0.4450959265232086,0.002543326700106263,-0.30485389924934275,-0.4603455217136519,0.5,-0.42326250672340393,-0.5271433591842651,0.003525695763528347,0.001881930308980484,0.04334038125458332,0.5,0.275831013917923,-0.5188899636268616,-0.0002193442778661847,0.38729220327111835,0.4871313504143632,0.5
0.136,TAKEOFF,0.003971843980252743,-0.00967011321336031,0.003329993225634098,-0.9297430390397687,0.2555795774252393,0.5,-0.4561266005039215,0.3220495581626892,-0.0010150792077183723,-0.8758685248198605,-0.32973148477168795,0.5,0.28860414028167725,0.4450959265232086,0.002543326700106263,-0.30255648460018864,-0.4593648421751108,0.5,-0.42326250672340393,-0.5271433591842651,0.003525695763528347,0.002104671804792735,0.04582839907073824,0.5,0.275831013917923,-0.5188899636268616,-0.0002193442778661847,0.38972727973538934,0.48768835045082115,0.5
0.156,TAKEOFF,0.003971843980252743,-0.00967011321336031,0.003329993225634098,-0.9310190781492806,0.2534216925824314,0.5,-0.4561266005039215,0.3220495581626892,-0.0010150792077183723,-0.8742105721490199,-0.3316118931701684,0.5,0.28860414028167725,0.4450959265232086,0.002543326700106263,-0.3002557743883585,-0.45836911363529464,0.5,-0.42326250672340393,-0.5271433591842651,0.003525695763528347,0.0023407073664584166,0.04832420155039343,0.5,0.27472686767578125,-0.5160064697265625,0.003801790066063404,0.3921738679468826,0.48823511267263814,0.5
0.176,TAKEOFF,0.004271773621439934,-0.009487884119153023,0.0017412889283150434,-0.9322772728947977,0.25126949543992916,0.5,-0.4561266005039215,0.3220495581626892,-0.0010150792077183723,-0.8725525145908893,-0.33347357297393926,0.5,0.28860414028167725,0.4450959265232086,0.002543326700106263,-0.29797284371661303,-0.457367497887692,0.5,-0.42326250672340393,-0.5271433591842651,0.003525695763528347,0.002587836175490632,0.050804913929849795,0.5,0.27472686767578125,-0.5160064697265625,0.003801790066063404,0.3946095326222092,0.48876666149185216,0.5
0.196,TAKEOFF,0.004271773621439934,-0.009487884119153023,0.0017412889283150434,-0.9335286707762315,0.2491041782367247,0.5,-0.4557470381259918,0.32162055373191833,0.0002458687813486904,-0.8708798787670236,-0.3353328428975574,0.5,0.2831757068634033,0.45031851530075073,0.005168972536921501,-0.2956877000452296,-0.45635127269154396,0.5,-0.4244523346424103,-0.5282961130142212,0.0053352657705545425,0.002848175541264708,0.05329224556491146,0.5,0.27472686767578125,-0.5160064697265625,0.003801790066063404,0.39705557487025067,0.48928769178746506,0.5
0.216,TAKEOFF,0.004271773621439934,-0.009487884119153023,0.0017412889283150434,-0.9347668528007979,0.2469368010355876,0.5,-0.4557470381259918,0.32162055373191833,0.0002458687813486904,-0.8692011998443332,-0.3371801803687529,0.5,0.2831757068634033,0.45031851530075073,0.005168972536921501,-0.29341203739024246,-0.45532561283629697,0.5,-0.4244523346424103,-0.5282961130142212,0.0053352657705545425,0.003120417596244207,0.05577347568754593,0.5,0.27472686767578125,-0.5160064697265625,0.003801790066063404,0.3994994923683822,0.48979551648191627,0.5
0.236,TAKEOFF,0.004271773621439934,-0.009487884119153023,0.0017412889283150434,-0.9359977736248115,0.2447569026487458,0.5,-0.4557470381259918,0.32162055373191833,0.0002458687813486904,-0.8675083687320162,-0.3390244812870192,0.5,0.2831757068634033,0.45031851530075073,0.005168972536921501,-0.29113488940160365,-0.45428555510242635,0.5,-0.4244523346424103,-0.5282961130142212,0.0053352657705545425,0.003405893854168951,0.0582605676356064,0.5,0.27472686767578125,-0.5160064697265625,0.003801790066063404,0.40195307438739963,0.49029256610509325,0.5
0.256,TAKEOFF,0.004271773621439934,-0.009487884119153023,0.0017412889283150434,-0.9372295187676044,0.24254968134023397,0.5,-0.4557470381259918,0.32162055373191833,0.0002458687813486904,-0.8657898067055123,-0.340878009426164,0.5,0.2831757068634033,0.45031851530075073,0.005168972536921501,-0.28884101451465644,-0.4532238771830104,0.5,-0.4244523346424103,-0.5282961130142212,0.0053352657705545425,0.0037067632345996193,0.06077024881405556,0.5,0.2750478982925415,-0.5135781764984131,0.003347296267747879,0.40443289677762717,0.4907819564548847,0.5
0.276,TAKEOFF,0.004271773621439934,-0.009487884119153023,0.0017412889283150434,-0.9384250472793327,0.24038194174711813,0.5,-0.4557470381259918,0.32162055373191833,0.0002458687813486904,-0.8640976024672323,-0.342684892981312,0.5,0.2831757068634033,0.45031851530075073,0.005168972536921501,-0.2865996462677645,-0.45217285304068927,0.5,-0.4244523346424103,-0.5282961130142212,0.0053352657705545425,0.004013725714995642,0.06322670101215473,0.5,0.2750478982925415,-0.5135781764984131,0.003347296267747879,0.4068639782706748,0.49124910326272825,0.5
0.296,TAKEOFF,0.0028834703844040632,-0.012164500541985035,0.007333628833293915,-0.939619795280972,0.2381899149777678,0.5,-0.45486971735954285,0.32249629497528076,0.00045038742246106267,-0.8623820585608504,-0.3444985393774557,0.5,0.2867542803287506,0.44346773624420166,0.008814609609544277,-0.28434463382278835,-0.4511017213877295,0.5,-0.42528778314590454,-0.5299927592277527,0.005182080902159214,0.004335595285328342,0.06570234317625345,0.5,0.2750478982925415,-0.5135781764984131,0.003347296267747879,0.4093179170500609,0.4917080026111639,0.5
0.316,TAKEOFF,0.0028834703844040632,-0.012164500541985035,0.007333628833293915,-0.9408046386914968,0.23598997967722907,0.5,-0.45486971735954285,0.32249629497528076,0.00045038742246106267,-0.8606559325073706,-0.3463052098182165,0.5,0.2867542803287506,0.44346773624420166,0.008814609609544277,-0.2820929858423464,-0.4500183698260507,0.5,-0.42528778314590454,-0.5299927592277527,0.005182080902159214,0.004670126356194904,0.06817856170389702,0.5,0.2750478982925415,-0.5135781764984131,0.003347296267747879,0.4117763166025913,0.492155038263141,0.5
0.336,TAKEOFF,0.0028834703844040632,-0.012164500541985035,0.007333628833293915,-0.9419787938207738,0.23378354478605634,0.5,-0.45486971735954285,0.32249629497528076,0.00045038742246106267,-0.8589203221153188,-0.3481037235834109,0.5,0.2867542803287506,0.44346773624420166,0.008814609609544277,-0.2798461644995539,-0.44892347757100265,0.5,-0.42528778314590454,-0.5299927592277527,0.005182080902159214,0.005017124791752259,0.07065375609673016,0.5,0.2750478982925415,-0.5135781764984131,0.003347296267747879,0.41423759477260125,0.492589900271627,0.5
0.356,TAKEOFF,0.0028834703844040632,-0.012164500541985035,0.007333628833293915,-0.9431524634149925,0.23155106168882864,0.5,-0.45486971735954285,0.32249629497528076,0.00045038742246106267,-0.8571597883685764,-0.3499098249156684,0.5,0.2867542803287506,0.44346773624420166,0.008814609609544277,-0.2775844252115071,-0.44780722648423654,0.5,-0.42528778314590454,-0.5299927592277527,0.005182080902159214,0.005379826784790764,0.07314973854058808,0.5,0.2746507227420807,-0.5147658586502075,0.0029223605524748564,0.41672349622013316,0.49301625117048814,0.5
0.376,TAKEOFF,0.0024428486358374357,-0.0076339407823979855,0.0006883640307933092,-0.9443039079296689,0.22933389936602117,0.5,-0.45486971735954285,0.32249629497528076,0.00045038742246106267,-0.855406957616901,-0.351690054561539,0.5,0.2867542803287506,0.44346773624420166,0.008814609609544277,-0.27534967171576935,-0.4466903065903573,0.5,-0.42528778314590454,-0.5299927592277527,0.005182080902159214,0.005751503919622536,0.07562026264358701,0.5,0.2746507227420807,-0.5147658586502075,0.0029223605524748564,0.41918795881803816,0.493426199142288,0.5
0.396,TAKEOFF,0.0024428486358374357,-0.0076339407823979855,0.0006883640307933092,-0.945437017263642,0.22712521579795988,0.5,-0.45698288083076477,0.3223632276058197,0.004575549624860287,-0.853656524757745,-0.3534502263350167,0.5,0.29054033756256104,0.44468456506729126,0.0043443054892122746,-0.27313473537981303,-0.4455694690043434,0.5,-0.42477333545684814,-0.5298589468002319,0.004887361545115709,0.006133030840240472,0.07807315014108966,0.5,0.2746507227420807,-0.5147658586502075,0.0029223605524748564,0.42163869175855945,0.4938213294003105,0.5
0.416,TAKEOFF,0.0024428486358374357,-0.0076339407823979855,0.0006883640307933092,-0.9465675521590875,0.2248942448321893,0.5,-0.45698288083076477,0.3223632276058197,0.004575549624860287,-0.8518840997785101,-0.35521483685660926,0.5,0.29054033756256104,0.44468456506729126,0.0043443054892122746,-0.2709087816046912,-0.44442908731782277,0.5,-0.42477333545684814,-0.5298589468002319,0.004887361545115709,0.006529740729063871,0.08054255530509995,0.5,0.2746507227420807,-0.5147658586502075,0.0029223605524748564,0.42410982572864736,0.4942071240371427,0.5
0.436,TAKEOFF,0.0024428486358374357,-0.0076339407823979855,0.0006883640307933092,-0.9476923279370079,0.22264675947864723,0.5,-0.45698288083076477,0.3223632276058197,0.004575549624860287,-0.8500941890179847,-0.35697907335842477,0.5,0.29054033756256104,0.44468456506729126,0.0043443054892122746,-0.2686777801399369,-0.44327196008659586,0.5,-0.42477333545684814,-0.5298589468002319,0.004887361545115709,0.006940816755420298,0.0830219357651217,0.5,0.2746507227420807,-0.5147658586502075,0.0029223605524748564,0.4265948861496502,0.4945823382012516,0.5
0.456,TAKEOFF,0.0024428486358374357,-0.0076339407823979855,0.0006883640307933092,-0.9487958216075862,0.220413952615463,0.5,-0.45698288083076477,0.3223632276058197,0.004575549624860287,-0.8483116617985187,-0.3587185334703998,0.5,0.29054033756256104,0.44468456506729126,0.0043443054892122746,-0.2664726240618566,-0.4421141986946869,0.5,-0.42477333545684814,-0.5298589468002319,0.004887361545115709,0.007360482568134263,0.08547693176815883,0.5,0.2745680510997772,-0.5140454769134521,0.002165050245821476,0.429059409963904,0.49494184778146466,0.5
0.476,TAKEOFF,0.003930456005036831,-0.010631551034748554,-0.00020882542594335973,-0.9498916386151766,0.2181685438007767,0.5,-0.45698288083076477,0.3223632276058197,0.004575549624860287,-0.8465147771916353,-0.3604545868591929,0.5,0.29054033756256104,0.44468456506729126,0.0043443054892122746,-0.2642662712933509,-0.44094172988055913,0.5,-0.42553263902664185,-0.5276846885681152,0.003844743361696601,0.007793766172908834,0.0879376107348322,0.5,0.2745680510997772,-0.5140454769134521,0.002165050245821476,0.4315335467269285,0.495290162204143,0.5
0.496,TAKEOFF,0.003930456005036831,-0.010631551034748554,-0.00020882542594335973,-0.9509734931006624,0.21592338576584702,0.5,-0.4543445408344269,0.32967859506607056,0.004167784936726093,-0.8447138164338588,-0.3621772836051481,0.5,0.282747745513916,0.4466875195503235,0.00640572514384985,-0.2620713618471544,-0.43976125698693863,0.5,-0.42553263902664185,-0.5276846885681152,0.003844743361696601,0.008238198290707599,0.09038987985184282,0.5,0.2745680510997772,-0.5140454769134521,0.002165050245821476,0.43400313032761667,0.4956252749743968,0.5
0.516,TAKEOFF,0.003930456005036831,-0.010631551034748554,-0.00020882542594335973,-0.9520511478408168,0.2136580439295464,0.5,-0.4543445408344269,0.32967859506607056,0.004167784936726093,-0.8428923619475854,-0.36390222329357375,0.5,0.282747745513916,0.4466875195503235,0.00640572514384985,-0.25986798632552216,-0.4385619865066287,0.5,-0.42553263902664185,-0.5276846885681152,0.003844743361696601,0.008697891814632652,0.0928560094588044,0.5,0.2745680510997772,-0.5140454769134521,0.002165050245821476,0.43649061207144285,0.4959501564118516,0.5
0.536,TAKEOFF,0.003930456005036831,-0.010631551034748554,-0.00020882542594335973,-0.9531103420777671,0.21140250211898837,0.5,-0.4543445408344269,0.32967859506607056,0.004167784936726093,-0.8410745232304397,-0.36560657762563326,0.5,0.282747745513916,0.4466875195503235,0.00640572514384985,-0.25768530597531025,-0.4373597936021566,0.5,-0.42553263902664185,-0.5276846885681152,0.003844743361696601,0.009166759888770915,0.09530335986686166,0.5,0.2745680510997772,-0.5140454769134521,0.002165050245821476,0.43896306882771186,0.49626050924193976,0.5
0.556,TAKEOFF,0.003930456005036831,-0.010631551034748554,-0.00020882542594335973,-0.9541652129564712,0.209126658607178,0.5,-0.4543445408344269,0.32967859506607056,0.004167784936726093,-0.8392360404568553,-0.36731309377036214,0.5,0.282747745513916,0.4466875195503235,0.00640572514384985,-0.2554941902547998,-0.4361386350701391,0.5,-0.42553263902664185,-0.5276846885681152,0.003844743361696601,0.009651058673795732,0.09776459349002926,0.5,0.27445274591445923,-0.5109046697616577,0.0015918584540486336,0.44145349765807795,0.4965604767432939,0.5
0.576,TAKEOFF,-0.002622833475470543,-0.012688277289271355,0.011333570815622807,-0.9552116735578143,0.20683890411790015,0.5,-0.45269355177879333,0.32937851548194885,0.0060632722452282906,-0.8373836307519029,-0.3690152919604601,0.5,0.282747745513916,0.4466875195503235,0.00640572514384985,-0.2533028774947059,-0.4349028969179303,0.5,-0.42553263902664185,-0.5276846885681152,0.003844743361696601,0.010149162613028728,0.10023051985938723,0.5,0.27445274591445923,-0.5109046697616577,0.0015918584540486336,0.44395265558254804,0.49684876490110297,0.5
0.596,TAKEOFF,-0.002622833475470543,-0.012688277289271355,0.011333570815622807,-0.9562388070624723,0.20456331765546867,0.5,-0.45269355177879333,0.32937851548194885,0.0060632722452282906,-0.8355368211268457,-0.37069534886223104,0.5,0.28399762511253357,0.44693058729171753,0.005303087178617716,-0.25113435287101216,-0.4336656427238271,0.5,-0.42644134163856506,-0.5273385047912598,0.0037191377487033606,0.010655750315202162,0.10267524190583731,0.5,0.27445274591445923,-0.5109046697616577,0.0015918584540486336,0.4464342686244677,0.49712243202475215,0.5
0.616,TAKEOFF,-0.002622833475470543,-0.012688277289271355,0.011333570815622807,-0.9572484037481117,0.2022965577309801,0.5,-0.45269355177879333,0.32937851548194885,0.0060632722452282906,-0.8336929868631113,-0.3723559997077735,0.5,0.28399762511253357,0.44693058729171753,0.005303087178617716,-0.24898520394076318,-0.4324252214653301,0.5,-0.42644134163856506,-0.5273385047912598,0.0037191377487033606,0.011171337493157185,0.10510251524949887,0.5,0.27445274591445923,-0.5109046697616577,0.0015918584540486336,0.4489020679548565,0.4973821481926245,0.5
0.636,TAKEOFF,-0.002622833475470543,-0.012688277289271355,0.011333570815622807,-0.9582540346399793,0.20000809917646015,0.5,-0.45269355177879333,0.32937851548194885,0.0060632722452282906,-0.8318272904782191,-0.3740195841047412,0.5,0.28399762511253357,0.44693058729171753,0.005303087178617716,-0.2468265092703446,-0.43116491461129014,0.5,-0.42644134163856506,-0.5273385047912598,0.0037191377487033606,0.01170288720039736,0.10754501211851766,0.5,0.27445274591445923,-0.5109046697616577,0.0015918584540486336,0.4513892784110596,0.4976313874210534,0.5
0.656,TAKEOFF,-0.002622833475470543,-0.012688277289271355,0.011333570815622807,-0.959249343555771,0.19771201390809162,0.5,-0.45269355177879333,0.32937851548194885,0.0060632722452282906,-0.8299511509914006,-0.3756757085032914,0.5,0.28399762511253357,0.44693058729171753,0.005303087178617716,-0.24467168238406312,-0.42989237051082363,0.5,-0.42644134163856506,-0.5273385047912598,0.0037191377487033606,0.012247270431621882,0.10998761202333938,0.5,0.27209940552711487,-0.5034587979316711,0.0014244382036849856,0.45388055263714333,0.49786845308268396,0.5
0.676,TAKEOFF,-0.011465515941381454,-0.007445770315825939,0.011496149003505707,-0.9602322511499521,0.19541308810171176,0.5,-0.45269355177879333,0.32937851548194885,0.0060632722452282906,-0.8280684777732661,-0.3773209163186319,0.5,0.28399762511253357,0.44693058729171753,0.005303087178617716,-0.24252521875136573,-0.42861023905288115,0.5,-0.42644134163856506,-0.5273385047912598,0.0037191377487033606,0.012803356169133806,0.11242522065773376,0.5,0.27209940552711487,-0.5034587979316711,0.0014244382036849856,0.4563706961562821,0.49809284661206743,0.5
0.696,TAKEOFF,-0.011465515941381454,-0.007445770315825939,0.011496149003505707,-0.9612086690848534,0.19309729040299412,0.5,-0.4575868248939514,0.3352268636226654,0.006004104390740395,-0.8261677530169763,-0.3789651658026853,0.5,0.2764286696910858,0.44536423683166504,0.008794154971837997,-0.24037408831381912,-0.427310643421293,0.5,-0.4230755865573883,-0.5284269452095032,0.0005366255645640194,0.01337460920078537,0.11487266441373953,0.5,0.27209940552711487,-0.5034587979316711,0.0014244382036849856,0.45887488038356583,0.4983058544072445,0.5
0.716,TAKEOFF,-0.011465515941381454,-0.007445770315825939,0.011496149003505707,-0.9621650989598515,0.190796806323981,0.5,-0.4575868248939514,0.3352268636226654,0.006004104390740395,-0.8242754157282999,-0.38058567334338567,0.5,0.2764286696910858,0.44536423683166504,0.008794154971837997,-0.23824812967624015,-0.4260116880814582,0.5,-0.4230755865573883,-0.5284269452095032,0.0005366255645640194,0.013953031792761528,0.11729597050432597,0.5,0.27209940552711487,-0.5034587979316711,0.0014244382036849856,0.46135832384284686,0.4985045845965368,0.5
0.736,TAKEOFF,-0.011465515941381454,-0.007445770315825939,0.011496149003505707,-0.9631173566128246,0.18847364273009054,0.5,-0.4575868248939514,0.3352268636226654,0.006004104390740395,-0.822360219651703,-0.38220922122066303,0.5,0.2764286696910858,0.44536423683166504,0.008794154971837997,-0.23611221575280966,-0.42469193225808793,0.5,-0.4230755865573883,-0.5284269452095032,0.0005366255645640194,0.014548160467634186,0.1197351723372968,0.5,0.27209940552711487,-0.5034587979316711,0.0014244382036849856,0.46386204751502835,0.4986923384113635,0.5
0.756,TAKEOFF,-0.011465515941381454,-0.007445770315825939,0.011496149003505707,-0.964055195961615,0.18615255867440297,0.5,-0.4575868248939514,0.3352268636226654,0.006004104390740395,-0.8204425458324425,-0.38381841386314836,0.5,0.2764286696910858,0.44536423683166504,0.008794154971837997,-0.23398918880438035,-0.42336538394990253,0.5,-0.4230755865573883,-0.5284269452095032,0.0005366255645640194,0.015153731473733556,0.12216421692195935,0.5,0.2737537622451782,-0.5017613768577576,-0.0016070237616077065,0.4663593379278286,0.4988670222166885,0.5
0.776,TAKEOFF,-0.028642937541007996,0.00551457516849041,0.005692231468856335,-0.9649747183876964,0.18384371422564963,0.5,-0.4575868248939514,0.3352268636226654,0.006004104390740395,-0.8185308523307118,-0.3854064038303857,0.5,0.2764286696910858,0.44536423683166504,0.008794154971837997,-0.231888174818157,-0.42203797127469567,0.5,-0.4230755865573883,-0.5284269452095032,0.0005366255645640194,0.015766926921139346,0.12457259303957194,0.5,0.2737537622451782,-0.5017613768577576,-0.0016070237616077065,0.46883932754229535,0.49902806783985976,0.5
0.796,TAKEOFF,-0.028642937541007996,0.00551457516849041,0.005692231468856335,-0.9658858047382758,0.18152249707231652,0.5,-0.4588180184364319,0.3417149782180786,-0.0014927303418517113,-0.8166047847969702,-0.3869901939890263,0.5,0.27830955386161804,0.4422232508659363,0.009408405050635338,-0.22978671326709782,-0.42069559027045006,0.5,-0.4217277467250824,-0.5301507711410522,0.0008457967778667808,0.016394219790275166,0.12698602028468853,0.5,0.2737537622451782,-0.5017613768577576,-0.0016070237616077065,0.471328477407381,0.49917726690247116,0.5
0.816,TAKEOFF,-0.028642937541007996,0.00551457516849041,0.005692231468856335,-0.9667869481877851,0.17919248031525756,0.5,-0.4588180184364319,0.3417149782180786,-0.0014927303418517113,-0.8146672758173604,-0.3885672471139085,0.5,0.27830955386161804,0.4422232508659363,0.009408405050635338,-0.22768812341468148,-0.4193402459466325,0.5,-0.4217277467250824,-0.5301507711410522,0.0008457967778667808,0.017034728912646013,0.12940072226814922,0.5,0.2737537622451782,-0.5017613768577576,-0.0016070237616077065,0.4738229236675269,0.4993142904771341,0.5
0.836,TAKEOFF,-0.028642937541007996,0.00551457516849041,0.005692231468856335,-0.967684376019588,0.17683699959897708,0.5,-0.4588180184364319,0.3417149782180786,-0.0014927303418517113,-0.8127044009843865,-0.3901486352725023,0.5,0.27830955386161804,0.4422232508659363,0.009408405050635338,-0.22557757222043895,-0.41796211686176965,0.5,-0.4217277467250824,-0.5301507711410522,0.0008457967778667808,0.017693211372581452,0.1318338410420731,0.5,0.2737537622451782,-0.5017613768577576,-0.0016070237616077065,0.4763404394030051,0.4994399114932217,0.5
0.856,TAKEOFF,-0.028642937541007996,0.00551457516849041,0.005692231468856335,-0.9685567713337515,0.1745123263190611,0.5,-0.4588180184364319,0.3417149782180786,-0.0014927303418517113,-0.8107630902911547,-0.3916966960706863,0.5,0.27830955386161804,0.4422232508659363,0.009408405050635338,-0.22350538091513455,-0.4165941977717827,0.5,-0.4217277467250824,-0.5301507711410522,0.0008457967778667808,0.018353837407943052,0.13422732233172888,0.5,0.26958441734313965,-0.4941135346889496,0.0008581270230934024,0.47882092005201604,0.4995512451916789,0.5
0.876,TAKEOFF,-0.044871117919683456,0.013358017429709435,0.005460850894451141,-0.9694236049668158,0.1721670093251285,0.5,-0.4588180184364319,0.3417149782180786,-0.0014927303418517113,-0.80880042760521,-0.3932458466542774,0.5,0.27830955386161804,0.4422232508659363,0.009408405050635338,-0.2214255550337053,-0.4152063084922011,0.5,-0.41958969831466675,-0.5271431803703308,0.00434214249253273,0.019031097008482822,0.136634235662723,0.5,0.26958441734313965,-0.4941135346889496,0.0008581270230934024,0.48131931538578604,0.4996509101586269,0.5
0.896,TAKEOFF,-0.044871117919683456,0.013358017429709435,0.005460850894451141,-0.9702818573719942,0.1698086412016397,0.5,-0.4652818739414215,0.33922046422958374,0.00568505609408021,-0.8068227008122065,-0.39479086902599864,0.5,0.2664058804512024,0.4415183365345001,0.008494101464748383,-0.21934500024998932,-0.413802816707815,0.5,-0.41958969831466675,-0.5271431803703308,0.00434214249253273,0.019722970229693604,0.13904666366012608,0.5,0.26958441734313965,-0.4941135346889496,0.0008581270230934024,0.4838274713361162,0.49973838087204775,0.5
0.916,TAKEOFF,-0.044871117919683456,0.013358017429709435,0.005460850894451141,-0.9711293793130702,0.1674428497968224,0.5,-0.4652818739414215,0.33922046422958374,0.00568505609408021,-0.804834598163358,-0.3963279800399967,0.5,0.2664058804512024,0.4415183365345001,0.008494101464748383,-0.2172687632988014,-0.41238701215413026,0.5,-0.41958969831466675,-0.5271431803703308,0.00434214249253273,0.020427887874009454,0.14145879000972816,0.5,0.26958441734313965,-0.4941135346889496,0.0008581270230934024,0.48633937135076083,0.49981335238757635,0.5
0.936,TAKEOFF,-0.044871117919683456,0.013358017429709435,0.005460850894451141,-0.9719525522191743,0.16510841424290768,0.5,-0.4652818739414215,0.33922046422958374,0.00568505609408021,-0.8028687924352316,-0.39783224425481734,0.5,0.2664058804512024,0.4415183365345001,0.008494101464748383,-0.21523065563743593,-0.41098226301303487,0.5,-0.41958969831466675,-0.5271431803703308,0.00434214249253273,0.021134073794680575,0.14383123693941294,0.5,0.26958441734313965,-0.4941135346889496,0.0008581270230934024,0.48881392591347766,0.4998748560855315,0.5
0.956,TAKEOFF,-0.044871117919683456,0.013358017429709435,0.005460850894451141,-0.9727735778276294,0.16274257005486442,0.5,-0.4652818739414215,0.33922046422958374,0.00568505609408021,-0.8008724517694836,-0.39934417206993233,0.5,0.2664058804512024,0.4415183365345001,0.008494101464748383,-0.213175823644425,-0.4095508416032691,0.5,-0.41958969831466675,-0.5271431803703308,0.00434214249253273,0.021860458447577003,0.14622783183798752,0.5,0.26850536465644836,-0.48613405227661133,0.005136540159583092,0.49131768831088485,0.4999246117803494,0.5
0.976,TAKEOFF,-0.07704555243253708,0.030631083995103836,0.004334722179919481,-0.9735799716454414,0.16038082945384355,0.5,-0.4652818739414215,0.33922046422958374,0.00568505609408021,-0.7988754923749468,-0.4008409161470834,0.5,0.2664058804512024,0.4415183365345001,0.008494101464748383,-0.21113524104663572,-0.40811413971438765,0.5,-0.41958969831466675,-0.5271431803703308,0.00434214249253273,0.022596268439828537,0.14861250651416846,0.5,0.26850536465644836,-0.48613405227661133,0.005136540159583092,0.49381302649314746,0.49996171989345894,0.5
0.996,TAKEOFF,-0.07704555243253708,0.030631083995103836,0.004334722179919481,-0.9743765453030389,0.1580091556409119,0.5,-0.4701705276966095,0.3382008969783783,0.00880096573382616,-0.7968660513381005,-0.40233139022816033,0.5,0.25996172428131104,0.4295397400856018,0.012391982600092888,-0.20909676452987852,-0.40666362954291235,0.5,-0.4159935712814331,-0.5221686363220215,0.005469391122460365,0.02334586170405034,0.15099944518224462,0.5,0.26850536465644836,-0.48613405227661133,0.005136540159583092,0.49631477712493166,0.4999864189479161,0.5
1.016,TAKEOFF,-0.07704555243253708,0.030631083995103836,0.004334722179919481,-0.9751629300660402,0.15562837109940922,0.5,-0.4701705276966095,0.3382008969783783,0.00880096573382616,-0.7948447969418946,-0.4038149894645975,0.5,0.25996172428131104,0.4295397400856018,0.012391982600092888,-0.20706117585011174,-0.40519975975521116,0.5,-0.4159935712814331,-0.5221686363220215,0.005469391122460365,0.02410905310904593,0.15338776570258514,0.5,0.26850536465644836,-0.48613405227661133,0.005136540159583092,0.4988220440329075,0.4999986124178142,0.5
1.036,TAKEOFF,-0.07704555243253708,0.030631083995103836,0.004334722179919481,-0.9759319038584444,0.15326063711754703,0.5,-0.4701705276966095,0.3382008969783783,0.00880096573382616,-0.792830574079673,-0.4052779970392782,0.5,0.25996172428131104,0.4295397400856018,0.012391982600092888,-0.2050473438679375,-0.40373621418030026,0.5,-0.4159935712814331,-0.5221686363220215,0.005469391122460365,0.0248786593586523,0.15575529418664533,0.5,0.26850536465644836,-0.48613405227661133,0.005136540159583092,0.5013115188352928,0.499998279915386,0.5
1.056,TAKEOFF,-0.07704555243253708,0.030631083995103836,0.004334722179919481,-0.9766927306268374,0.15087756813896983,0.5,-0.4701705276966095,0.3382008969783783,0.00880096573382616,-0.7907992492000251,-0.4067379951082782,0.5,0.25996172428131104,0.4295397400856018,0.012391982600092888,-0.2030310892817288,-0.40225547363187425,0.5,-0.4159935712814331,-0.5221686363220215,0.005469391122460365,0.02566387037405038,0.15813044024309275,0.5,0.26941490173339844,-0.4742458760738373,0.004224834963679314,0.5038130605173583,0.4999854603580898,0.5
1.076,TAKEOFF,-0.10969536751508713,0.04224752262234688,0.001343754818663001,-0.9774415719564481,0.14849089321488967,0.5,-0.47726136445999146,0.3354266285896301,0.01001034677028656,-0.7887607911581405,-0.40818770864606496,0.5,0.2524476647377014,0.4108213484287262,0.02208985947072506,-0.20102241159759282,-0.40076477094809715,0.5,-0.4159935712814331,-0.5221686363220215,0.005469391122460365,0.026460897334695532,0.16050145870657442,0.5,0.26941490173339844,-0.4742458760738373,0.004224834963679314,0.506314327953123,0.49996012767269793,0.5
1.096,TAKEOFF,-0.10969536751508713,0.04224752262234688,0.001343754818663001,-0.9781774276195969,0.14610389356586356,0.5,-0.47726136445999146,0.3354266285896301,0.01001034677028656,-0.7867180114928599,-0.40962517242667135,0.5,0.2524476647377014,0.4108213484287262,0.02208985947072506,-0.19902404866977358,-0.39926617277308274,0.5,-0.40888509154319763,-0.5136277675628662,0.00605741748586297,0.027268620788725995,0.16286510709481833,0.5,0.26941490173339844,-0.4742458760738373,0.004224834963679314,0.5088118914290436,0.49992234453907214,0.5
1.116,TAKEOFF,-0.10969536751508713,0.04224752262234688,0.001343754818663001,-0.9789075335989872,0.14369263816262484,0.5,-0.47726136445999146,0.3354266285896301,0.01001034677028656,-0.7846503864844843,-0.4110646633733357,0.5,0.2524476647377014,0.4108213484287262,0.02208985947072506,-0.19701608015921784,-0.39774457170138033,0.5,-0.40888509154319763,-0.5136277675628662,0.00605741748586297,0.028095253009238763,0.165244999221113,0.5,0.26941490173339844,-0.4742458760738373,0.004224834963679314,0.511330746748072,0.4998715976909781,0.5
1.136,TAKEOFF,-0.10969536751508713,0.04224752262234688,0.001343754818663001,-0.9796188529721688,0.14130023309839626,0.5,-0.47726136445999146,0.3354266285896301,0.01001034677028656,-0.7825948838332734,-0.41248046212064243,0.5,0.2524476647377014,0.4108213484287262,0.02208985947072506,-0.1950343902836223,-0.39622717838421684,0.5,-0.40888509154319763,-0.5136277675628662,0.00605741748586297,0.028926003962170044,0.16759859861272874,0.5,0.26941490173339844,-0.4742458760738373,0.004224834963679314,0.5138258689487655,0.4998088087937342,0.5
1.156,TAKEOFF,-0.10969536751508713,0.04224752262234688,0.001343754818663001,-0.9803156460967366,0.13891321072768617,0.5,-0.47726136445999146,0.3354266285896301,0.01001034677028656,-0.7805400115701222,-0.41388078224077485,0.5,0.2524476647377014,0.4108213484287262,0.02208985947072506,-0.19306761625788782,-0.3947056014428789,0.5,-0.40888509154319763,-0.5136277675628662,0.00605741748586297,0.029765343029226732,0.1699393049991061,0.5,0.2686307430267334,-0.45352089405059814,0.00535074295476079,0.5163113830460266,0.4997338679568614,0.5
1.176,TAKEOFF,-0.13708335161209106,0.04644235596060753,0.014917424879968166,-0.981004074486143,0.13651036710715017,0.5,-0.47726136445999146,0.3354266285896301,0.01001034677028656,-0.77846750755891,-0.41527803606009356,0.5,0.2524476647377014,0.4108213484287262,0.02208985947072506,-0.19109830994773158,-0.3931663081735925,0.5,-0.39796799421310425,-0.500063419342041,0.004910612478852272,0.030620748806502784,0.17228789437749778,0.5,0.2686307430267334,-0.45352089405059814,0.00535074295476079,0.5188093592007125,0.49964608274903805,0.5
1.196,TAKEOFF,-0.13708335161209106,0.04644235596060753,0.014917424879968166,-0.9816827684016363,0.1340959008506063,0.5,-0.4892734885215759,0.3164840340614319,0.006786432582885027,-0.7763809416461156,-0.4166696234366101,0.5,0.23760490119457245,0.4032343626022339,0.010075460188090801,-0.18913004737836447,-0.3916118902140512,0.5,-0.39796799421310425,-0.500063419342041,0.004910612478852272,0.03149086155264419,0.17464016488573414,0.5,0.2686307430267334,-0.45352089405059814,0.00535074295476079,0.5213153810212395,0.49954544791432076,0.5
1.216,TAKEOFF,-0.13708335161209106,0.04644235596060753,0.014917424879968166,-0.9823446881178414,0.13169510941755702,0.5,-0.4892734885215759,0.3164840340614319,0.006786432582885027,-0.7743021977506677,-0.41804103184873326,0.5,0.23760490119457245,0.4032343626022339,0.010075460188090801,-0.1871833932808662,-0.39005867579215153,0.5,-0.39796799421310425,-0.500063419342041,0.004910612478852272,0.032366507051498905,0.17697151260240776,0.5,0.2686307430267334,-0.45352089405059814,0.00535074295476079,0.5238032137991258,0.4994330856209199,0.5
1.236,TAKEOFF,-0.13708335161209106,0.04644235596060753,0.014917424879968166,-0.9830021702303744,0.1292629241226906,0.5,-0.4892734885215759,0.3164840340614319,0.006786432582885027,-0.7721922252234179,-0.41941792108578785,0.5,0.23760490119457245,0.4032343626022339,0.010075460188090801,-0.1852218764311644,-0.3884774548445287,0.5,-0.39796799421310425,-0.500063419342041,0.004910612478852272,0.0332641954961273,0.17932565012881654,0.5,0.2686307430267334,-0.45352089405059814,0.00535074295476079,0.526319532618916,0.4993068016788093,0.5
1.256,TAKEOFF,-0.13708335161209106,0.04644235596060753,0.014917424879968166,-0.9836449465127657,0.1268367679841459,0.5,-0.4892734885215759,0.3164840340614319,0.006786432582885027,-0.7700834424131455,-0.42077896113549346,0.5,0.23760490119457245,0.4032343626022339,0.010075460188090801,-0.18327580069713323,-0.38689246771675195,0.5,-0.39796799421310425,-0.500063419342041,0.004910612478852272,0.03417023735808705,0.1816662660952193,0.5,0.2703183591365814,-0.4292709231376648,0.004535515792667866,0.5288255730188685,0.4991683947728801,0.5
1.276,TAKEOFF,-0.16107957065105438,0.05532236397266388,0.021774759516119957,-0.9842667329875361,0.12444167839425214,0.5,-0.4892734885215759,0.3164840340614319,0.006786432582885027,-0.767997719439143,-0.4221104386003957,0.5,0.23760490119457245,0.4032343626022339,0.010075460188090801,-0.18136496653331274,-0.38532027645542233,0.5,-0.39796799421310425,-0.500063419342041,0.004910612478852272,0.03507499987198409,0.1839694111964388,0.5,0.2703183591365814,-0.4292709231376648,0.004535515792667866,0.5312955811680242,0.49901962546512696,0.5
1.296,TAKEOFF,-0.16107957065105438,0.05532236397266388,0.021774759516119957,-0.9848823466852146,0.12202094030550392,0.5,-0.4933665990829468,0.30315059423446655,0.0019274952355772257,-0.7658856958001478,-0.42344397122744737,0.5,0.22107265889644623,0.379565566778183,0.007548521738499403,-0.17944405044169187,-0.383723706855299,0.5,-0.3873785138130188,-0.4840887486934662,0.008832958526909351,0.03599983207682095,0.18628967810177155,0.5,0.2703183591365814,-0.4292709231376648,0.004535515792667866,0.5337880749961247,0.49885705967547084,0.5
1.316,TAKEOFF,-0.16107957065105438,0.05532236397266388,0.021774759516119957,-0.9854872283990291,0.11959160113247466,0.5,-0.4933665990829468,0.30315059423446655,0.0019274952355772257,-0.7637621756785025,-0.4247699550125253,0.5,0.22107265889644623,0.379565566778183,0.007548521738499403,-0.1775267611169063,-0.3821138707299791,0.5,-0.3873785138130188,-0.4840887486934662,0.008832958526909351,0.03693840222948136,0.18861059532861457,0.5,0.2703183591365814,-0.4292709231376648,0.004535515792667866,0.5362854325760806,0.4986816292814151,0.5
1.336,TAKEOFF,-0.16107957065105438,0.05532236397266388,0.021774759516119957,-0.986078151045642,0.11716668074179637,0.5,-0.4933665990829468,0.30315059423446655,0.0019274952355772257,-0.7616385444796153,-0.4260812974569388,0.5,0.22107265889644623,0.379565566778183,0.007548521738499403,-0.17562336220981145,-0.3804994045408387,0.5,-0.3873785138130188,-0.4840887486934662,0.008832958526909351,0.037885668209634515,0.19091973275160434,0.5,0.2703183591365814,-0.4292709231376648,0.004535515792667866,0.5387742740552965,0.4984942885043767,0.5
1.356,TAKEOFF,-0.16107957065105438,0.05532236397266388,0.021774759516119957,-0.9866622682544355,0.11471633125866536,0.5,-0.4933665990829468,0.30315059423446655,0.0019274952355772257,-0.7594886257807072,-0.42739402556708733,0.5,0.22107265889644623,0.379565566778183,0.007548521738499403,-0.17371052217204375,-0.37886036564776693,0.5,-0.3873785138130188,-0.4840887486934662,0.008832958526909351,0.03885338675016059,0.19324544260655427,0.5,0.27211135625839233,-0.39891722798347473,0.004248831421136856,0.5412851970426529,0.49829261734963454,0.5
1.376,TAKEOFF,-0.17938271164894104,0.05748070031404495,0.02362021617591381,-0.9872302723450931,0.11227939129923369,0.5,-0.4933665990829468,0.30315059423446655,0.0019274952355772257,-0.7573464810693573,-0.4286872854205253,0.5,0.22107265889644623,0.379565566778183,0.007548521738499403,-0.17181859984095116,-0.37722270423404564,0.5,-0.3873785138130188,-0.4840887486934662,0.008832958526909351,0.03982625915682031,0.19555083287573619,0.5,0.27211135625839233,-0.39891722798347473,0.004248831421136856,0.5437783875877781,0.4980797654796009,0.5
1.396,TAKEOFF,-0.17938271164894104,0.05748070031404495,0.02362021617591381,-0.9877807765945508,0.10986316027138956,0.5,-0.5078504681587219,0.2752172648906708,0.009249106049537659,-0.7552186239740097,-0.42995750252416,0.5,0.20983275771141052,0.3594919443130493,0.004673317540436983,-0.16995300758336607,-0.3755915105493392,0.5,-0.37201371788978577,-0.46151477098464966,0.007165164686739445,0.04080111682783172,0.19782918311875367,0.5,0.27211135625839233,-0.39891722798347473,0.004248831421136856,0.5462464750202418,0.4978566696833559,0.5
1.416,TAKEOFF,-0.17938271164894104,0.05748070031404495,0.02362021617591381,-0.9883237746481347,0.10742388520900628,0.5,-0.5078504681587219,0.2752172648906708,0.009249106049537659,-0.7530665311573637,-0.43122770180958814,0.5,0.20983275771141052,0.3594919443130493,0.004673317540436983,-0.1680799430221504,-0.3739372618178363,0.5,-0.37201371788978577,-0.46151477098464966,0.007165164686739445,0.04179559208252348,0.20012176434609694,0.5,0.27211135625839233,-0.39891722798347473,0.004248831421136856,0.5487341590898276,0.49761931407232113,0.5
1.436,TAKEOFF,-0.17938271164894104,0.05748070031404495,0.02362021617591381,-0.9888575278544502,0.10496817355768082,0.5,-0.5078504681587219,0.2752172648906708,0.009249106049537659,-0.7508959494007823,-0.4324941879080921,0.5,0.20983275771141052,0.3594919443130493,0.004673317540436983,-0.1662046965149071,-0.3722642816216655,0.5,-0.37201371788978577,-0.46151477098464966,0.007165164686739445,0.04280720776034397,0.2024222090683399,0.5,0.27211135625839233,-0.39891722798347473,0.004248831421136856,0.5512346184695163,0.4973680869037368,0.5
1.456,TAKEOFF,-0.17938271164894104,0.05748070031404495,0.02362021617591381,-0.9893756992481395,0.1025252407234168,0.5,-0.5078504681587219,0.2752172648906708,0.009249106049537659,-0.7487327059765331,-0.4337419059505221,0.5,0.20983275771141052,0.3594919443130493,0.004673317540436983,-0.1643495671590921,-0.3705924809459997,0.5,-0.37201371788978577,-0.46151477098464966,0.007165164686739445,0.04382391818917186,0.2047031567507464,0.5,0.2783437967300415,-0.36568358540534973,0.0033401804976165295,0.5537181094270633,0.49710598942235856,0.5
1.476,TAKEOFF,-0.19850681722164154,0.06037468835711479,0.029755279421806335,-0.9898809827813291,0.10008307903536487,0.5,-0.5078504681587219,0.2752172648906708,0.009249106049537659,-0.7465662133879983,-0.43497712861195825,0.5,0.20983275771141052,0.3594919443130493,0.004673317540436983,-0.16250531756981323,-0.36891372884638945,0.5,-0.37201371788978577,-0.46151477098464966,0.007165164686739445,0.044850601847794214,0.20697590526842696,0.5,0.2783437967300415,-0.36568358540534973,0.0033401804976165295,0.5561968844130649,0.4968318731545558,0.5
1.496,TAKEOFF,-0.19850681722164154,0.06037468835711479,0.029755279421806335,-0.9903742769926218,0.09763743372274503,0.5,-0.5251339077949524,0.25858622789382935,0.006247034762054682,-0.7443927027714008,-0.4362020252498718,0.5,0.19187447428703308,0.3311401307582855,0.0024168328382074833,-0.1606687199225545,-0.36722511128870566,0.5,-0.34898442029953003,-0.4359625577926636,0.004622995387762785,0.04588903269472783,0.20924442495098894,0.5,0.2783437967300415,-0.36568358540534973,0.0033401804976165295,0.558675267618695,0.49654527786484337,0.5
1.516,TAKEOFF,-0.19850681722164154,0.06037468835711479,0.029755279421806335,-0.9908567404899717,0.09518224790138392,0.5,-0.5251339077949524,0.25858622789382935,0.006247034762054682,-0.7422067717171266,-0.43741956944605,0.5,0.19187447428703308,0.3311401307582855,0.0024168328382074833,-0.1588352767365992,-0.36552240916338785,0.5,-0.34898442029953003,-0.4359625577926636,0.004622995387762785,0.04694183354363979,0.21151429693333024,0.5,0.2783437967300415,-0.36568358540534973,0.0033401804976165295,0.5611593775126626,0.49624543377472363,0.5
1.536,TAKEOFF,-0.19850681722164154,0.06037468835711479,0.029755279421806335,-0.991327442110385,0.09272186705015337,0.5,-0.5251339077949524,0.25858622789382935,0.006247034762054682,-0.7400122652759834,-0.4386275327850396,0.5,0.19187447428703308,0.3311401307582855,0.0024168328382074833,-0.157008295547029,-0.3638085907128167,0.5,-0.34898442029953003,-0.4359625577926636,0.004622995387762785,0.04800720351282178,0.2137814583253195,0.5,0.2783437967300415,-0.36568358540534973,0.0033401804976165295,0.5636447935537808,0.49593279812238333,0.5
1.556,TAKEOFF,-0.19850681722164154,0.06037468835711479,0.029755279421806335,-0.9917844609441043,0.09026651634973368,0.5,-0.5251339077949524,0.25858622789382935,0.006247034762054682,-0.7378183145789281,-0.4398209286184981,0.5,0.19187447428703308,0.3311401307582855,0.0024168328382074833,-0.15519534061288792,-0.3620907991995069,0.5,-0.34898442029953003,-0.4359625577926636,0.004622995387762785,0.049080686440506116,0.2160365076995896,0.5,0.28978651762008667,-0.3328050673007965,0.005607858765870333,0.5661211974235735,0.4956087037686816,0.5
1.576,TAKEOFF,-0.22391042113304138,0.06119845062494278,0.03495928645133972,-0.9922325326552475,0.08779028303747946,0.5,-0.5251339077949524,0.25858622789382935,0.006247034762054682,-0.7356017385248834,-0.4410122683146722,0.5,0.19187447428703308,0.3311401307582855,0.0024168328382074833,-0.15337734956169607,-0.3603508543116352,0.5,-0.3276744484901428,-0.4084881842136383,0.007361547090113163,0.050173682233671024,0.21830319247502,0.5,0.28978651762008667,-0.3328050673007965,0.005607858765870333,0.5686146970245018,0.4952696471138079,0.5
1.596,TAKEOFF,-0.22391042113304138,0.06119845062494278,0.03495928645133972,-0.992662348275146,0.08534524352310921,0.5,-0.5382249355316162,0.21559180319309235,0.01627195067703724,-0.7334091880931389,-0.4421766060226408,0.5,0.17834387719631195,0.286406934261322,0.016621241346001625,-0.1515924632529312,-0.3586254150751727,0.5,-0.3276744484901428,-0.4084881842136383,0.007361547090113163,0.05126311226054453,0.2205339102766451,0.5,0.28978651762008667,-0.3328050673007965,0.005607858765870333,0.5710728881182393,0.4949228672980591,0.5
1.616,TAKEOFF,-0.22391042113304138,0.06119845062494278,0.03495928645133972,-0.9930826374054855,0.08288252342472738,0.5,-0.5382249355316162,0.21559180319309235,0.01627195067703724,-0.7311968785795879,-0.443337347101567,0.5,0.17834387719631195,0.286406934261322,0.016621241346001625,-0.14980489164958233,-0.3568800724157055,0.5,-0.3276744484901428,-0.4084881842136383,0.007361547090113163,0.05237064176590184,0.22277333244113717,0.5,0.28978651762008667,-0.3328050673007965,0.005607858765870333,0.5735449505994423,0.4945615636514079,0.5
1.636,TAKEOFF,-0.22391042113304138,0.06119845062494278,0.03495928645133972,-0.9934927056711982,0.08040490936081095,0.5,-0.5382249355316162,0.21559180319309235,0.01627195067703724,-0.7289672456421947,-0.44449297004905136,0.5,0.17834387719631195,0.286406934261322,0.016621241346001625,-0.14801683444612446,-0.35511667261151375,0.5,-0.3276744484901428,-0.4084881842136383,0.007361547090113163,0.053495194577729,0.22501879640336694,0.5,0.28978651762008667,-0.3328050673007965,0.005607858765870333,0.5760280196627536,0.4941859368963871,0.5
1.656,TAKEOFF,-0.22391042113304138,0.06119845062494278,0.03495928645133972,-0.9938896697197233,0.07792941770693977,0.5,-0.5382249355316162,0.21559180319309235,0.01627195067703724,-0.7267355818108964,-0.44563547428461564,0.5,0.17834387719631195,0.286406934261322,0.016621241346001625,-0.14624062629839318,-0.35334728740751203,0.5,-0.3276744484901428,-0.4084881842136383,0.007361547090113163,0.05462910140263488,0.22725484083419545,0.5,0.3117022216320038,-0.298035591840744,0.008795307017862797,0.5785050207683523,0.49379850315099233,0.5
1.676,TAKEOFF,-0.24881447851657867,0.05885536968708038,0.04184082895517349,-0.9942708516563834,0.07547400349042958,0.5,-0.5571110248565674,0.18167325854301453,0.013229959644377232,-0.7245181358164574,-0.44675676457050184,0.5,0.1598535031080246,0.2529113292694092,0.022470461204648018,-0.14448898736895233,-0.35158486869893457,0.5,-0.3276744484901428,-0.4084881842136383,0.007361547090113163,0.05576397500266195,0.2294653657843912,0.5,0.3117022216320038,-0.298035591840744,0.008795307017862797,0.5809580501555448,0.49340226399461556,0.5
1.696,TAKEOFF,-0.24881447851657867,0.05885536968708038,0.04184082895517349,-0.9946448127648888,0.07298293776485099,0.5,-0.5571110248565674,0.18167325854301453,0.013229959644377232,-0.7222645518633898,-0.44788220436289555,0.5,0.1598535031080246,0.2529113292694092,0.022470461204648018,-0.14272223478094986,-0.3497893630173469,0.5,-0.30225899815559387,-0.3836413323879242,0.013411306776106358,0.05692564580663223,0.23170048911499963,0.5,0.3117022216320038,-0.298035591840744,0.008795307017862797,0.5834427547841393,0.49298814050039175,0.5
1.716,TAKEOFF,-0.24881447851657867,0.05885536968708038,0.04184082895517349,-0.995000852491782,0.07052769691694918,0.5,-0.5571110248565674,0.18167325854301453,0.013229959644377232,-0.7200395013822014,-0.4489795294125025,0.5,0.1598535031080246,0.2529113292694092,0.022470461204648018,-0.14099103822999787,-0.3480123063468089,0.5,-0.30225899815559387,-0.3836413323879242,0.013411306776106358,0.058080757978125674,0.23389609558693383,0.5,0.3117022216320038,-0.298035591840744,0.008795307017862797,0.585887849917893,0.4925680432554283,0.5
1.736,TAKEOFF,-0.24881447851657867,0.05885536968708038,0.04184082895517349,-0.9953470867034546,0.06805338855927852,0.5,-0.5571110248565674,0.18167325854301453,0.013229959644377232,-0.7177932865507559,-0.4500734210475223,0.5,0.1598535031080246,0.2529113292694092,0.022470461204648018,-0.13925656690645788,-0.34621406019958967,0.5,-0.30225899815559387,-0.3836413323879242,0.013411306776106358,0.05925501057911137,0.2361013644610737,0.5,0.3117022216320038,-0.298035591840744,0.008795307017862797,0.5883480492602201,0.4921327282267597,0.5
1.756,TAKEOFF,-0.24881447851657867,0.05885536968708038,0.04184082895517349,-0.9956835205772696,0.06555796998171509,0.5,-0.5571110248565674,0.18167325854301453,0.013229959644377232,-0.7155239662361725,-0.45116451542406255,0.5,0.1598535031080246,0.2529113292694092,0.022470461204648018,-0.13751761594686968,-0.344392975031662,0.5,-0.30225899815559387,-0.3836413323879242,0.013411306776106358,0.06044960009590006,0.2383179513678015,0.5,0.3300057649612427,-0.2627686858177185,0.014941293746232986,0.590825297143788,0.4916815691062078,0.5
1.776,TAKEOFF,-0.2658483684062958,0.051080040633678436,0.04567002132534981,-0.9960041426460131,0.06308637315612234,0.5,-0.5747434496879578,0.1500859260559082,0.012363302521407604,-0.7132724156375515,-0.4522332105541603,0.5,0.1598535031080246,0.2529113292694092,0.022470461204648018,-0.13580545908078834,-0.3425818681200811,0.5,-0.30225899815559387,-0.3836413323879242,0.013411306776106358,0.06164297955721132,0.2405059721265161,0.5,0.3300057649612427,-0.2627686858177185,0.014941293746232986,0.5932750030784357,0.49122273339160294,0.5
1.796,TAKEOFF,-0.2658483684062958,0.051080040633678436,0.04567002132534981,-0.9963118916481541,0.06061770540552337,0.5,-0.5747434496879578,0.1500859260559082,0.012363302521407604,-0.7110196727584401,-0.45328875753643044,0.5,0.15557508170604706,0.21360145509243011,0.025543728843331337,-0.13410543841144212,-0.3407655642812475,0.5,-0.27590182423591614,-0.3540017604827881,0.020279614254832268,0.0628450518810893,0.24268405661508233,0.5,0.3300057649612427,-0.2627686858177185,0.014941293746232986,0.5957179453008741,0.49075255979707216,0.5
1.816,TAKEOFF,-0.2658483684062958,0.051080040633678436,0.04567002132534981,-0.9966099354722564,0.05812548486026843,0.5,-0.5747434496879578,0.1500859260559082,0.012363302521407604,-0.7087415307755469,-0.45434235255969857,0.5,0.15557508170604706,0.21360145509243011,0.025543728843331337,-0.13239942541071376,-0.33892450127074997,0.5,-0.27590182423591614,-0.3540017604827881,0.020279614254832268,0.06406881984428325,0.2448754911542681,0.5,0.3300057649612427,-0.2627686858177185,0.014941293746232986,0.5981802884971996,0.4902658778159119,0.5
1.836,TAKEOFF,-0.2658483684062958,0.051080040633678436,0.04567002132534981,-0.9968932559491588,0.05565152461742463,0.5,-0.5747434496879578,0.1500859260559082,0.012363302521407604,-0.7064762056077524,-0.45537630210390306,0.5,0.15557508170604706,0.21360145509243011,0.025543728843331337,-0.13071605698454386,-0.337089556988877,0.5,-0.27590182423591614,-0.3540017604827881,0.020279614254832268,0.06529376610911636,0.24704349863213235,0.5,0.3300057649612427,-0.2627686858177185,0.014941293746232986,0.6006207153494285,0.489770835843223,0.5
1.856,TAKEOFF,-0.2658483684062958,0.051080040633678436,0.04567002132534981,-0.997165380230085,0.05316563458358111,0.5,-0.5747434496879578,0.1500859260559082,0.012363302521407604,-0.7041960747196606,-0.45640328994112517,0.5,0.15557508170604706,0.21360145509243011,0.025543728843331337,-0.12903473431597834,-0.3352383803444695,0.5,-0.27590182423591614,-0.3540017604827881,0.020279614254832268,0.06653478244197891,0.2492145765547783,0.5,0.34635162353515625,-0.23039643466472626,0.020295321941375732,0.6030690282922969,0.4892614591472352,0.5
1.876,TAKEOFF,-0.2887255549430847,0.03972756117582321,0.06882262229919434,-0.9974250921819936,0.050678177431071864,0.5,-0.5830138325691223,0.11322066187858582,0.013536409474909306,-0.7019106177925437,-0.4574189572182523,0.5,0.15158231556415558,0.1790316253900528,0.02993575856089592,-0.12736253230328776,-0.3333786400904859,0.5,-0.27590182423591614,-0.3540017604827881,0.020279614254832268,0.06778676168919706,0.25137962651911366,0.5,0.34635162353515625,-0.23039643466472626,0.020295321941375732,0.6055149960329779,0.48873979335855255,0.5
1.896,TAKEOFF,-0.2887255549430847,0.03972756117582321,0.06882262229919434,-0.9976718733237144,0.04819446547545373,0.5,-0.5830138325691223,0.11322066187858582,0.013536409474909306,-0.6996247269192359,-0.45842116923460297,0.5,0.15158231556415558,0.1790316253900528,0.02993575856089592,-0.12570299290728942,-0.33151432922490603,0.5,-0.24923112988471985,-0.3234644830226898,0.030041279271245003,0.06904700081010845,0.25353404601598845,0.5,0.34635162353515625,-0.23039643466472626,0.020295321941375732,0.6079534060396516,0.48820698696806675,0.5
1.916,TAKEOFF,-0.2887255549430847,0.03972756117582321,0.06882262229919434,-0.9979065663337718,0.04570613965008682,0.5,-0.5830138325691223,0.11322066187858582,0.013536409474909306,-0.6973307125569239,-0.4594133105187274,0.5,0.15158231556415558,0.1790316253900528,0.02993575856089592,-0.12405052105064285,-0.32963918043477,0.5,-0.24923112988471985,-0.3234644830226898,0.030041279271245003,0.07031973139956016,0.2556850929863802,0.5,0.34635162353515625,-0.23039643466472626,0.020295321941375732,0.6103924686591011,0.48766125831703033,0.5
1.936,TAKEOFF,-0.2887255549430847,0.03972756117582321,0.06882262229919434,-0.9981290137251988,0.04321441524723852,0.5,-0.5830138325691223,0.11322066187858582,0.013536409474909306,-0.6950296818510887,-0.4603948557456557,0.5,0.15158231556415558,0.1790316253900528,0.02993575856089592,-0.1224059584738526,-0.3277540843436586,0.5,-0.24923112988471985,-0.3234644830226898,0.030041279271245003,0.07160436653631297,0.2578316916696749,0.5,0.34635162353515625,-0.23039643466472626,0.020295321941375732,0.6128309794135469,0.48710283317240083,0.5
1.956,TAKEOFF,-0.2887255549430847,0.03972756117582321,0.06882262229919434,-0.9983403262963602,0.04070527222409075,0.5,-0.5830138325691223,0.11322066187858582,0.013536409474909306,-0.6927086442042214,-0.4613711937789038,0.5,0.15158231556415558,0.1790316253900528,0.02993575856089592,-0.12076016574775916,-0.32584835140956736,0.5,-0.24923112988471985,-0.3234644830226898,0.030041279271245003,0.07290824834001713,0.2599858374296714,0.5,0.3577100336551666,-0.19681084156036377,0.02845757268369198,0.6152826154116421,0.4865284355347089,0.5
1.976,TAKEOFF,-0.3037462532520294,0.036047663539648056,0.07406533509492874,-0.9985363648387432,0.03822947728352468,0.5,-0.588660478591919,0.07454737275838852,0.02974926307797432,-0.6904146025341343,-0.4623227002233047,0.5,0.1407739669084549,0.14296315610408783,0.04370700195431709,-0.11914633148165371,-0.3239606197921556,0.5,-0.22544601559638977,-0.2976728081703186,0.04649301618337631,0.07420488558144178,0.26210402617527057,0.5,0.3577100336551666,-0.19681084156036377,0.02845757268369198,0.6176978155640268,0.48594981655666497,0.5
1.996,TAKEOFF,-0.3037462532520294,0.036047663539648056,0.07406533509492874,-0.9987213455974707,0.03573540884680311,0.5,-0.588660478591919,0.07454737275838852,0.02974926307797432,-0.6880997646933834,-0.4632693369113628,0.5,0.1407739669084549,0.14296315610408783,0.04370700195431709,-0.11753070225889772,-0.3220516050036516,0.5,-0.22544601559638977,-0.2976728081703186,0.04649301618337631,0.07552120964931192,0.2642304988876504,0.5,0.3577100336551666,-0.19681084156036377,0.02845757268369198,0.6201269778009362,0.48535503418056086,0.5
2.016,TAKEOFF,-0.3037462532520294,0.036047663539648056,0.07406533509492874,-0.998893490513947,0.03324582865278292,0.5,-0.588660478591919,0.07454737275838852,0.02974926307797432,-0.6857852289317077,-0.46420237904473627,0.5,0.1407739669084549,0.14296315610408783,0.04370700195431709,-0.11592809557352857,-0.32013867656099193,0.5,-0.22544601559638977,-0.2976728081703186,0.04649301618337631,0.07684528000883184,0.2663457958166339,0.5,0.3577100336551666,-0.19681084156036377,0.02845757268369198,0.6225479049719849,0.48474943113631125,0.5
2.036,TAKEOFF,-0.3037462532520294,0.036047663539648056,0.07406533509492874,-0.9990536439506498,0.03074834076138254,0.5,-0.588660478591919,0.07454737275838852,0.02974926307797432,-0.6834594669318718,-0.4651264602160078,0.5,0.1407739669084549,0.14296315610408783,0.04370700195431709,-0.11433054217118438,-0.31821230224180114,0.5,-0.22544601559638977,-0.2976728081703186,0.04649301618337631,0.07818369970717598,0.2684604417922203,0.5,0.3577100336551666,-0.19681084156036377,0.02845757268369198,0.6249726472391182,0.48412997990420603,0.5
2.056,TAKEOFF,-0.3037462532520294,0.036047663539648056,0.07406533509492874,-0.9992012864868386,0.028250231324456452,0.5,-0.588660478591919,0.07454737275838852,0.02974926307797432,-0.6811292477262397,-0.4660388348819511,0.5,0.1407739669084549,0.14296315610408783,0.04370700195431709,-0.11274274496467718,-0.31627807135890235,0.5,-0.22544601559638977,-0.2976728081703186,0.04649301618337631,0.07953260627194436,0.27056823688588477,0.5,0.37256914377212524,-0.16938932240009308,0.0361139290034771,0.6273941145503,0.4834984380305122,0.5
2.076,TAKEOFF,-0.3230392634868622,0.02594359591603279,0.09040693193674088,-0.9993370933816484,0.025738437659790517,0.5,-0.5902867317199707,0.04327790439128876,0.03985303267836571,-0.6787823566323198,-0.4669441818429629,0.5,0.13608384132385254,0.12030819058418274,0.05757209286093712,-0.11115647960593045,-0.31432581288775313,0.5,-0.20740194618701935,-0.27078482508659363,0.059702835977077484,0.08089913145898225,0.2726801459368917,0.5,0.37256914377212524,-0.16938932240009308,0.0361139290034771,0.629824938921119,0.4828514111340338,0.5
2.096,TAKEOFF,-0.3230392634868622,0.02594359591603279,0.09040693193674088,-0.9994588337171042,0.023256685532339155,0.5,-0.5902867317199707,0.04327790439128876,0.03985303267836571,-0.6764596899322346,-0.46782686736550266,0.5,0.13608384132385254,0.12030819058418274,0.05757209286093712,-0.10959925230528444,-0.31238959041460884,0.5,-0.20740194618701935,-0.27078482508659363,0.059702835977077484,0.08225937875905903,0.274759482757616,0.5,0.37256914377212524,-0.16938932240009308,0.0361139290034771,0.6322228452863177,0.48220028949015625,0.5
2.116,TAKEOFF,-0.3230392634868622,0.02594359591603279,0.09040693193674088,-0.9995694695303619,0.020744761101370544,0.5,-0.5902867317199707,0.04327790439128876,0.03985303267836571,-0.674104896180204,-0.46870831561439186,0.5,0.13608384132385254,0.12030819058418274,0.05757209286093712,-0.10803327391677603,-0.3104224309607778,0.5,-0.20740194618701935,-0.27078482508659363,0.059702835977077484,0.08364634464134363,0.2768567024102635,0.5,0.37256914377212524,-0.16938932240009308,0.0361139290034771,0.6346460157313145,0.4815292830635356,0.5
2.136,TAKEOFF,-0.3230392634868622,0.02594359591603279,0.09040693193674088,-0.9996669264592428,0.01824726288443326,0.5,-0.5902867317199707,0.04327790439128876,0.03985303267836571,-0.6717597500737941,-0.46957277205411707,0.5,0.13608384132385254,0.12030819058418274,0.05757209286093712,-0.10648643698554922,-0.3084591962053844,0.5,-0.20740194618701935,-0.27078482508659363,0.059702835977077484,0.08503549294920176,0.2789345046567169,0.5,0.37256914377212524,-0.16938932240009308,0.0361139290034771,0.6370513935322121,0.48085020071835133,0.5
2.156,TAKEOFF,-0.3230392634868622,0.02594359591603279,0.09040693193674088,-0.9997516254136415,0.015757947087846818,0.5,-0.5902867317199707,0.04327790439128876,0.03985303267836571,-0.669418443480649,-0.4704225664321325,0.5,0.13608384132385254,0.12030819058418274,0.05757209286093712,-0.10495473097850272,-0.3064950822178601,0.5,-0.20740194618701935,-0.27078482508659363,0.059702835977077484,0.08643015316921965,0.28099818823680145,0.5,0.378715455532074,-0.1413530558347702,0.049551092088222504,0.6394450469579871,0.4801615133253443,0.5
2.176,TAKEOFF,-0.34247714281082153,0.02038923278450966,0.09666109085083008,-0.9998240919984469,0.013261864798289568,0.5,-0.5938447713851929,0.007109461352229118,0.05613129585981369,-0.6670669215601859,-0.4712628180966569,0.5,0.13608384132385254,0.12030819058418274,0.05757209286093712,-0.10342894392156066,-0.3045183040160826,0.5,-0.20740194618701935,-0.27078482508659363,0.059702835977077484,0.08783868682889795,0.2830601560182442,0.5,0.378715455532074,-0.1413530558347702,0.049551092088222504,0.6418413556909086,0.4794591012962056,0.5
2.196,TAKEOFF,-0.34247714281082153,0.02038923278450966,0.09666109085083008,-0.9998840601704633,0.0107669116970732,0.5,-0.5938447713851929,0.007109461352229118,0.05613129585981369,-0.664712611339698,-0.4720908341258678,0.5,0.13195712864398956,0.11152350902557373,0.07288671284914017,-0.10191393201322135,-0.30253509296414827,0.5,-0.19757089018821716,-0.24564436078071594,0.0703442171216011,0.08925666819667138,0.28511386388441495,0.5,0.378715455532074,-0.1413530558347702,0.049551092088222504,0.6442327282799458,0.47874515150852787,0.5
2.216,TAKEOFF,-0.34247714281082153,0.02038923278450966,0.09666109085083008,-0.9999316429708084,0.008267548397691622,0.5,-0.5938447713851929,0.007109461352229118,0.05613129585981369,-0.6623502794811787,-0.47290843379282543,0.5,0.13195712864398956,0.11152350902557373,0.07288671284914017,-0.10040634783160474,-0.30054103404813715,0.5,-0.19757089018821716,-0.24564436078071594,0.0703442171216011,0.09068726179004982,0.2871638597370373,0.5,0.378715455532074,-0.1413530558347702,0.049551092088222504,0.6466244679263582,0.4780180597062336,0.5
2.236,TAKEOFF,-0.34247714281082153,0.02038923278450966,0.09666109085083008,-0.9999668865911062,0.005754329882443606,0.5,-0.5938447713851929,0.007109461352229118,0.05613129585981369,-0.6599709575129937,-0.4737185796993569,0.5,0.13195712864398956,0.11152350902557373,0.07288671284914017,-0.09890060236478937,-0.29852851323897217,0.5,-0.19757089018821716,-0.24564436078071594,0.0703442171216011,0.09213598188133681,0.2892178119066991,0.5,0.378715455532074,-0.1413530558347702,0.049551092088222504,0.6490255716497738,0.4772749511491863,0.5
2.256,TAKEOFF,-0.34247714281082153,0.02038923278450966,0.09666109085083008,-0.9999893652304555,0.00326108209743819,0.5,-0.5938447713851929,0.007109461352229118,0.05613129585981369,-0.6576066842418953,-0.47451041409254185,0.5,0.13195712864398956,0.11152350902557373,0.07288671284914017,-0.09741692248520828,-0.2965246460224162,0.5,-0.19757089018821716,-0.24564436078071594,0.0703442171216011,0.0935832905584299,0.2912481043486573,0.5,0.3877754509449005,-0.11480282992124557,0.05770138278603554,0.651403737484011,0.47652587366886245,0.5
2.276,TAKEOFF,-0.3613397479057312,0.015470031648874283,0.10218434780836105,-0.9999994201254274,0.0007614947382016827,0.5,-0.5938447713851929,0.007109461352229118,0.05613129585981369,-0.6552325425292673,-0.47529239183885447,0.5,0.13195712864398956,0.11152350902557373,0.07288671284914017,-0.0959395673177234,-0.2945083474888469,0.5,-0.19757089018821716,-0.24564436078071594,0.0703442171216011,0.09504437656409681,0.2932762231201823,0.5,0.3877754509449005,-0.11480282992124557,0.05770138278603554,0.6537840934634849,0.47576302146931737,0.5
2.296,TAKEOFF,-0.3613397479057312,0.015470031648874283,0.10218434780836105,-0.9999970010883812,-0.0017317339938296562,0.5,-0.5907923579216003,-0.02161700464785099,0.07082173228263855,-0.6528605935734973,-0.47606054124697006,0.5,0.13212069869041443,0.10601575672626495,0.0775485411286354,-0.094476041280524,-0.2924898611994691,0.5,-0.19985613226890564,-0.21857675909996033,0.08184495568275452,0.09651181668545716,0.295291865660959,0.5,0.3877754509449005,-0.11480282992124557,0.05770138278603554,0.6561545473721403,0.4749902707793097,0.5
2.316,TAKEOFF,-0.3613397479057312,0.015470031648874283,0.10218434780836105,-0.9999820796592342,-0.004233204415936582,0.5,-0.5907923579216003,-0.02161700464785099,0.07082173228263855,-0.6504769428530462,-0.4768193469959048,0.5,0.13212069869041443,0.10601575672626495,0.0775485411286354,-0.09301778554712387,-0.2904573585210627,0.5,-0.19985613226890564,-0.21857675909996033,0.08184495568275452,0.09799421579837758,0.2973068271473741,0.5,0.3877754509449005,-0.11480282992124557,0.05770138278603554,0.658528976142218,0.47420308278552986,0.5
2.336,TAKEOFF,-0.3613397479057312,0.015470031648874283,0.10218434780836105,-0.9999544989015272,-0.006745296740898445,0.5,-0.5907923579216003,-0.02161700464785099,0.07082173228263855,-0.648079278155007,-0.47756939535641524,0.5,0.13212069869041443,0.10601575672626495,0.0775485411286354,-0.09156352802781692,-0.2884088215761024,0.5,-0.19985613226890564,-0.21857675909996033,0.08184495568275452,0.09949309992109001,0.2993229409670799,0.5,0.3877754509449005,-0.11480282992124557,0.05770138278603554,0.6609095949945587,0.4734005727063362,0.5
2.356,TAKEOFF,-0.3613397479057312,0.015470031648874283,0.10218434780836105,-0.9999145463264677,-0.009243720636301555,0.5,-0.5907923579216003,-0.02161700464785099,0.07082173228263855,-0.645690789804154,-0.4783034536423941,0.5,0.13212069869041443,0.10601575672626495,0.0775485411286354,-0.09012731362031606,-0.28636407065115776,0.5,-0.19985613226890564,-0.21857675909996033,0.08184495568275452,0.1009939589529753,0.3013207248232024,0.5,0.39613521099090576,-0.09316636621952057,0.06149069964885712,0.663273391296087,0.472590520106651,0.5
2.376,TAKEOFF,-0.3613397479057312,0.015470031648874283,0.10218434780836105,-0.9998622043151437,-0.011737831878399992,0.5,-0.5897952318191528,-0.042084988206624985,0.0709599182009697,-0.6433025744839723,-0.4790243961911184,0.5,0.125983327627182,0.10980314761400223,0.08076423406600952,-0.08870365739131464,-0.2843155264081069,0.5,-0.2043827772140503,-0.19746792316436768,0.0894867479801178,0.10250230633533852,0.30330773734159,0.5,0.39613521099090576,-0.09316636621952057,0.06149069964885712,0.6656292574742307,0.4717700171360352,0.5
2.396,TAKEOFF,-0.37478187680244446,0.014091099612414837,0.09371688216924667,-0.9997973910789045,-0.014232634005010463,0.5,-0.5897952318191528,-0.042084988206624985,0.0709599182009697,-0.6409098482731341,-0.4797336913951764,0.5,0.125983327627182,0.10980314761400223,0.08076423406600952,-0.08728968450348301,-0.28225909282566153,0.5,-0.2043827772140503,-0.19746792316436768,0.0894867479801178,0.10402114924232597,0.30528797839520594,0.5,0.39613521099090576,-0.09316636621952057,0.06149069964885712,0.6679819269021523,0.4709374398306424,0.5
2.416,TAKEOFF,-0.37478187680244446,0.014091099612414837,0.09371688216924667,-0.9997200745664274,-0.016728630407901984,0.5,-0.5897952318191528,-0.042084988206624985,0.0709599182009697,-0.6385121225132135,-0.4804314643285601,0.5,0.125983327627182,0.10980314761400223,0.08076423406600952,-0.08588512500062806,-0.2801943438120309,0.5,-0.2043827772140503,-0.19746792316436768,0.0894867479801178,0.10555080949026041,0.3072618363972512,0.5,0.39613521099090576,-0.09316636621952057,0.06149069964885712,0.6703318684294703,0.47009260215124166,0.5
2.436,TAKEOFF,-0.37478187680244446,0.014091099612414837,0.09371688216924667,-0.9996301853666636,-0.019227008880045415,0.5,-0.5897952318191528,-0.042084988206624985,0.0709599182009697,-0.6361082460967723,-0.48111801602565296,0.5,0.125983327627182,0.10980314761400223,0.08076423406600952,-0.08448933687027688,-0.27812027762372477,0.5,-0.2043827772140503,-0.19746792316436768,0.0894867479801178,0.10709204140105105,0.3092302314936342,0.5,0.39613521099090576,-0.09316636621952057,0.06149069964885712,0.6726801902652362,0.4692350710357889,0.5
2.456,TAKEOFF,-0.37478187680244446,0.014091099612414837,0.09371688216924667,-0.9995187603950151,-0.02193189488912261,0.5,-0.5897952318191528,-0.042084988206624985,0.0709599182009697,-0.6335013144221666,-0.4818479003249405,0.5,0.125983327627182,0.10980314761400223,0.08076423406600952,-0.08298958946067048,-0.27586648491946214,0.5,-0.2043827772140503,-0.19746792316436768,0.0894867479801178,0.10877207820198026,0.31135303628775257,0.5,0.40771186351776123,-0.07416922599077225,0.06553357094526291,0.6752182575201674,0.46829324384577264,0.5
2.476,TAKEOFF,-0.39435631036758423,0.011573553085327148,0.09837625175714493,-0.9994127973592628,-0.024225148787901173,0.5,-0.5879687070846558,-0.052260007709264755,0.06593843549489975,-0.631287555979391,-0.482455777916441,0.5,0.125983327627182,0.10980314761400223,0.08076423406600952,-0.0817273745359054,-0.27394892003323035,0.5,-0.2043827772140503,-0.19746792316436768,0.0894867479801178,0.11020574492014368,0.31314603415457765,0.5,0.40771186351776123,-0.07416922599077225,0.06553357094526291,0.677366527205297,0.4674838125829948,0.5
2.496,TAKEOFF,-0.39435631036758423,0.011573553085327148,0.09837625175714493,-0.9992844784131037,-0.026739663718059838,0.5,-0.5879687070846558,-0.052260007709264755,0.06593843549489975,-0.6288564574346788,-0.48311076719256096,0.5,0.12241699546575546,0.11091732978820801,0.0946304202079773,-0.08035319195143181,-0.2718392107379805,0.5,-0.2081475853919983,-0.16997475922107697,0.08704480528831482,0.11178755192090312,0.3151048954815436,0.5,0.40771186351776123,-0.07416922599077225,0.06553357094526291,0.6797183202798824,0.46658474616705764,0.5
2.516,TAKEOFF,-0.39435631036758423,0.011573553085327148,0.09837625175714493,-0.9991451721898448,-0.029224939342456367,0.5,-0.5879687070846558,-0.052260007709264755,0.06593843549489975,-0.6264497718668978,-0.4837462715048143,0.5,0.12241699546575546,0.11091732978820801,0.0946304202079773,-0.07900508469356832,-0.26974669837855364,0.5,-0.2081475853919983,-0.16997475922107697,0.08704480528831482,0.11336106138284413,0.317033643553802,0.5,0.40771186351776123,-0.07416922599077225,0.06553357094526291,0.682038909866845,0.4656842656720223,0.5
2.536,TAKEOFF,-0.39435631036758423,0.011573553085327148,0.09837625175714493,-0.998992381613435,-0.03172700886866064,0.5,-0.5879687070846558,-0.052260007709264755,0.06593843549489975,-0.6240229474550867,-0.48437414103619614,0.5,0.12241699546575546,0.11091732978820801,0.0946304202079773,-0.07765801529875083,-0.26763267356324383,0.5,-0.2081475853919983,-0.16997475922107697,0.08704480528831482,0.11495535112345323,0.31896805227410596,0.5,0.40771186351776123,-0.07416922599077225,0.06553357094526291,0.6843713045092742,0.46476577119399454,0.5
2.556,TAKEOFF,-0.39435631036758423,0.011573553085327148,0.09837625175714493,-0.9988267000755064,-0.034233365183410046,0.5,-0.5879687070846558,-0.052260007709264755,0.06593843549489975,-0.6215880625389126,-0.48499107522513596,0.5,0.12241699546575546,0.11091732978820801,0.0946304202079773,-0.07631885519978937,-0.26550760354608105,0.5,-0.2081475853919983,-0.16997475922107697,0.08704480528831482,0.11656258958209137,0.3208983519621257,0.5,0.4258165657520294,-0.06025763973593712,0.0755702406167984,0.6867037926037001,0.4638336919925013,0.5
2.576,TAKEOFF,-0.4064423739910126,0.0025958498008549213,0.10918775945901871,-0.9986513579789638,-0.036699089712626365,0.5,-0.586969256401062,-0.06845665723085403,0.06663516908884048,-0.6191888354703516,-0.4855862657646131,0.5,0.11345972865819931,0.11944163590669632,0.10019991546869278,-0.07501139342123264,-0.263409727000044,0.5,-0.2081475853919983,-0.16997475922107697,0.08704480528831482,0.118153760832513,0.322790101511255,0.5,0.4258165657520294,-0.06025763973593712,0.0755702406167984,0.688994652296939,0.46290498096602845,0.5
2.596,TAKEOFF,-0.4064423739910126,0.0025958498008549213,0.10918775945901871,-0.9984616653929239,-0.0391914293400064,0.5,-0.586969256401062,-0.06845665723085403,0.06663516908884048,-0.616759861394118,-0.48617603269518167,0.5,0.11345972865819931,0.11944163590669632,0.10019991546869278,-0.07369989747036765,-0.26128188338119607,0.5,-0.20350207388401031,-0.15022499859333038,0.09276227653026581,0.11977218583500415,0.3246949481210162,0.5,0.4258165657520294,-0.06025763973593712,0.0755702406167984,0.6913063899075862,0.4619543972953679,0.5
2.616,TAKEOFF,-0.4064423739910126,0.0025958498008549213,0.10918775945901871,-0.9982594909261855,-0.04168308652173553,0.5,-0.586969256401062,-0.06845665723085403,0.06663516908884048,-0.61432767924901,-0.48675371776447224,0.5,0.11345972865819931,0.11944163590669632,0.10019991546869278,-0.07239890070459876,-0.2591472552070818,0.5,-0.20350207388401031,-0.15022499859333038,0.09276227653026581,0.1214003077596133,0.32659190595525245,0.5,0.4258165657520294,-0.06025763973593712,0.0755702406167984,0.6936136213605923,0.4609921535380371,0.5
2.636,TAKEOFF,-0.4064423739910126,0.0025958498008549213,0.10918775945901871,-0.998044629799623,-0.04417631410333408,0.5,-0.586969256401062,-0.06845665723085403,0.06663516908884048,-0.6118900831713856,-0.4873198223835148,0.5,0.11345972865819931,0.11944163590669632,0.10019991546869278,-0.07110724460434587,-0.2570038995212399,0.5,-0.20350207388401031,-0.15022499859333038,0.09276227653026581,0.12303961646550532,0.3284826772381257,0.5,0.4258165657520294,-0.06025763973593712,0.0755702406167984,0.6959184259591402,0.4600173587699631,0.5
2.656,TAKEOFF,-0.4064423739910126,0.0025958498008549213,0.10918775945901871,-0.9978159575573681,-0.046682677742827756,0.5,-0.586969256401062,-0.06845665723085403,0.06663516908884048,-0.6094357260908412,-0.4878768511161094,0.5,0.11345972865819931,0.11944163590669632,0.10019991546869278,-0.06981904075029549,-0.2548417985712,0.5,-0.20350207388401031,-0.15022499859333038,0.09276227653026581,0.12469781977980787,0.3303759578449534,0.5,0.4389411509037018,-0.05046096816658974,0.08811156451702118,0.6982314558216872,0.45902536958518364,0.5
2.676,TAKEOFF,-0.42259788513183594,-0.004607494454830885,0.12508471310138702,-0.9975772428825173,-0.04916184867793728,0.5,-0.586969256401062,-0.06845665723085403,0.06663516908884048,-0.6070041275266602,-0.4884159259199665,0.5,0.11345972865819931,0.11944163590669632,0.10019991546869278,-0.06855494486548697,-0.25269579418735283,0.5,-0.2023705393075943,-0.1297544687986374,0.10467369854450226,0.12634816412213834,0.3322413362980343,0.5,0.4389411509037018,-0.05046096816658974,0.08811156451702118,0.7005155206031971,0.45803223248722225,0.5
2.696,TAKEOFF,-0.42259788513183594,-0.004607494454830885,0.12508471310138702,-0.9973248180623882,-0.05165293156455376,0.5,-0.5859792232513428,-0.09588603675365448,0.076851025223732,-0.6045569633554904,-0.4889456425962692,0.5,0.10108251124620438,0.12155575305223465,0.11081060022115707,-0.06729493905178208,-0.25053209421109907,0.5,-0.2023705393075943,-0.1297544687986374,0.10467369854450226,0.12801660187441616,0.3341082931011192,0.5,0.4389411509037018,-0.05046096816658974,0.08811156451702118,0.7028066776559232,0.45702237527080275,0.5
2.716,TAKEOFF,-0.42259788513183594,-0.004607494454830885,0.12508471310138702,-0.9970618256185098,-0.05412523914768648,0.5,-0.5859792232513428,-0.09588603675365448,0.076851025223732,-0.6021243899837154,-0.4894595069772923,0.5,0.10108251124620438,0.12155575305223465,0.11081060022115707,-0.06605451847177574,-0.2483773722810465,0.5,-0.2023705393075943,-0.1297544687986374,0.10467369854450226,0.12968255316740235,0.3359538488712195,0.5,0.4389411509037018,-0.05046096816658974,0.08811156451702118,0.7050767127585968,0.45600826953480567,0.5
2.736,TAKEOFF,-0.42259788513183594,-0.004607494454830885,0.12508471310138702,-0.9967839583441351,-0.056618890239324544,0.5,-0.5859792232513428,-0.09588603675365448,0.076851025223732,-0.599666921153684,-0.4899658200606909,0.5,0.10108251124620438,0.12155575305223465,0.11081060022115707,-0.06481358648289759,-0.24619663988389753,0.5,-0.2023705393075943,-0.1297544687986374,0.10467369854450226,0.13137308385057994,0.33780792869642423,0.5,0.4389411509037018,-0.05046096816658974,0.08811156451702118,0.7073624501687032,0.4549734214874887,0.5
2.756,TAKEOFF,-0.42259788513183594,-0.004607494454830885,0.12508471310138702,-0.9964936198003812,-0.05911079002614069,0.5,-0.5859792232513428,-0.09588603675365448,0.076851025223732,-0.597207264079336,-0.49045973107912766,0.5,0.10108251124620438,0.12155575305223465,0.11081060022115707,-0.0635837733540352,-0.24400999389389338,0.5,-0.2023705393075943,-0.1297544687986374,0.10467369854450226,0.13307267461148015,0.33965326125804723,0.5,0.4514369070529938,-0.046664416790008545,0.10526575148105621,0.7096426681547673,0.4539272537411145,0.5
2.776,TAKEOFF,-0.44087305665016174,-0.008195023983716965,0.15110118687152863,-0.9961935240905886,-0.061579108880873305,0.5,-0.5763777494430542,-0.12383736670017242,0.08595601469278336,-0.5947670186739835,-0.4909370755724657,0.5,0.10138439387083054,0.11124739050865173,0.12850895524024963,-0.06237571446242918,-0.24183669016038625,0.5,-0.1911621391773224,-0.11629178375005722,0.12471307069063187,0.13476629856140865,0.3414737813265697,0.5,0.4514369070529938,-0.046664416790008545,0.10526575148105621,0.71189744421159,0.45287909328715553,0.5
2.796,TAKEOFF,-0.44087305665016174,-0.008195023983716965,0.15110118687152863,-0.9958797522717203,-0.06405678174040019,0.5,-0.5763777494430542,-0.12383736670017242,0.08595601469278336,-0.5923136509312965,-0.4914043038595966,0.5,0.10138439387083054,0.11124739050865173,0.12850895524024963,-0.0611732216294143,-0.2396477802628117,0.5,-0.1911621391773224,-0.11629178375005722,0.12471307069063187,0.13647648486206426,0.34329383032871275,0.5,0.4514369070529938,-0.046664416790008545,0.10526575148105621,0.7141568903055044,0.4518150355340957,0.5
2.816,TAKEOFF,-0.44087305665016174,-0.008195023983716965,0.15110118687152863,-0.9955532318725512,-0.06653566247261314,0.5,-0.5763777494430542,-0.12383736670017242,0.08595601469278336,-0.5898551949054536,-0.4918597807795459,0.5,0.10138439387083054,0.11124739050865173,0.12850895524024963,-0.05998033264476549,-0.23745039974821852,0.5,-0.1911621391773224,-0.11629178375005722,0.12471307069063187,0.13819769495058892,0.34510736309289736,0.5,0.4514369070529938,-0.046664416790008545,0.10526575148105621,0.7164135456266407,0.45073847990748017,0.5
2.836,TAKEOFF,-0.44087305665016174,-0.008195023983716965,0.15110118687152863,-0.9952123491754727,-0.06902701807342973,0.5,-0.5763777494430542,-0.12383736670017242,0.08595601469278336,-0.5873804363804029,-0.49230545328888076,0.5,0.10138439387083054,0.11124739050865173,0.12850895524024963,-0.05879173045941405,-0.23523448490602233,0.5,-0.1911621391773224,-0.11629178375005722,0.12471307069063187,0.13993785692598998,0.3469225462908848,0.5,0.4514369070529938,-0.046664416790008545,0.10526575148105621,0.7186776270587202,0.449644409977448,0.5
2.856,TAKEOFF,-0.44087305665016174,-0.008195023983716965,0.15110118687152863,-0.9948627814611909,-0.07149005192677954,0.5,-0.5763777494430542,-0.12383736670017242,0.08595601469278336,-0.5849299296199211,-0.49273411395473243,0.5,0.10138439387083054,0.11124739050865173,0.12850895524024963,-0.05762680170605683,-0.23303637791380902,0.5,-0.1911621391773224,-0.11629178375005722,0.12471307069063187,0.141668398122425,0.34870971178883314,0.5,0.4644855856895447,-0.04253549128770828,0.12351302802562714,0.7209120890904062,0.4485508320064878,0.5
2.876,TAKEOFF,-0.46922412514686584,-0.00662235775962472,0.172132670879364,-0.9944987989895602,-0.07396578802312924,0.5,-0.5674880146980286,-0.150979682803154,0.1103757694363594,-0.5824628879034721,-0.49315299058063045,0.5,0.10138439387083054,0.11124739050865173,0.12850895524024963,-0.0564660685452581,-0.23081952180935716,0.5,-0.1911621391773224,-0.11629178375005722,0.12471307069063187,0.1434180672936312,0.35049868083545005,0.5,0.4644855856895447,-0.04253549128770828,0.12351302802562714,0.7231541772680782,0.44743961957766676,0.5
2.896,TAKEOFF,-0.46922412514686584,-0.00662235775962472,0.172132670879364,-0.9941240526831775,-0.07642918657131202,0.5,-0.5674880146980286,-0.150979682803154,0.1103757694363594,-0.5800042536847394,-0.4935578176792947,0.5,0.1017594039440155,0.10352657735347748,0.14482949674129486,-0.05532129533856045,-0.22860632016771587,0.5,-0.1828322410583496,-0.10304471105337143,0.13898395001888275,0.14516919276121465,0.35227134177260566,0.5,0.4644855856895447,-0.04253549128770828,0.12351302802562714,0.7253812055323079,0.4463219826457168,0.5
2.916,TAKEOFF,-0.46922412514686584,-0.00662235775962472,0.172132670879364,-0.993735529961698,-0.07890010426761927,0.5,-0.5674880146980286,-0.150979682803154,0.1103757694363594,-0.5775342111847994,-0.4939518661731636,0.5,0.1017594039440155,0.10352657735347748,0.14482949674129486,-0.05418324784142026,-0.22637893783383534,0.5,-0.1828322410583496,-0.10304471105337143,0.13898395001888275,0.14693588322711026,0.35404198825475386,0.5,0.4644855856895447,-0.04253549128770828,0.12351302802562714,0.727611127784972,0.4451889200198643,0.5
2.936,TAKEOFF,-0.46922412514686584,-0.00662235775962472,0.172132670879364,-0.9933326626072976,-0.08138110348719914,0.5,-0.5674880146980286,-0.150979682803154,0.1103757694363594,-0.5750501478511062,-0.4943353874724397,0.5,0.1017594039440155,0.10352657735347748,0.14482949674129486,-0.053050879625390845,-0.22413496781261763,0.5,-0.1828322410583496,-0.10304471105337143,0.13898395001888275,0.1487201045155172,0.3558123592968783,0.5,0.4644855856895447,-0.04253549128770828,0.12351302802562714,0.729846205400688,0.4440390994753781,0.5
2.956,TAKEOFF,-0.46922412514686584,-0.00662235775962472,0.172132670879364,-0.992918148144259,-0.08385522780384189,0.5,-0.5674880146980286,-0.150979682803154,0.1103757694363594,-0.5725690237841456,-0.49470570725130725,0.5,0.1017594039440155,0.10352657735347748,0.14482949674129486,-0.0519319750847424,-0.22188971370602134,0.5,-0.1828322410583496,-0.10304471105337143,0.13898395001888275,0.15050970754619036,0.35757032242700265,0.5,0.46480002999305725,-0.03958340361714363,0.1503075659275055,0.7320711454406623,0.4428803263341678,0.5
2.976,TAKEOFF,-0.4929385185241699,-0.016757333651185036,0.18739520013332367,-0.9924912720315286,-0.08632697708576877,0.5,-0.5504440069198608,-0.1635524481534958,0.1279686540365219,-0.5700863385495948,-0.4950635364765937,0.5,0.10247454047203064,0.08486615866422653,0.1638273447751999,-0.05082446733915297,-0.21963911504748954,0.5,-0.1643836796283722,-0.09668467938899994,0.15977215766906738,0.15230791535116317,0.35931909811829665,0.5,0.46480002999305725,-0.03958340361714363,0.1503075659275055,0.7342900067285603,0.4417105304915553,0.5
2.996,TAKEOFF,-0.4929385185241699,-0.016757333651185036,0.18739520013332367,-0.9920586952064435,-0.08875945285845518,0.5,-0.5504440069198608,-0.1635524481534958,0.1279686540365219,-0.5676392430249273,-0.4954038078204636,0.5,0.10247454047203064,0.08486615866422653,0.1638273447751999,-0.04974465595627581,-0.21741693853071234,0.5,-0.1643836796283722,-0.09668467938899994,0.15977215766906738,0.1540876507397736,0.36103275007853675,0.5,0.46480002999305725,-0.03958340361714363,0.1503075659275055,0.7364697550725797,0.44054744913109434,0.5
3.016,TAKEOFF,-0.4929385185241699,-0.016757333651185036,0.18739520013332367,-0.991608966986143,-0.09121745216140034,0.5,-0.5504440069198608,-0.1635524481534958,0.1279686540365219,-0.5651625731078894,-0.4957356544227568,0.5,0.10247454047203064,0.08486615866422653,0.1638273447751999,-0.04866371798893254,-0.21516403170703555,0.5,-0.1643836796283722,-0.09668467938899994,0.15977215766906738,0.15589626425326308,0.3627569696713488,0.5,0.46480002999305725,-0.03958340361714363,0.1503075659275055,0.7386684776637719,0.4393601686198439,0.5
3.036,TAKEOFF,-0.4929385185241699,-0.016757333651185036,0.18739520013332367,-0.9911459999456513,-0.09367820844458057,0.5,-0.5504440069198608,-0.1635524481534958,0.1279686540365219,-0.5626791901264092,-0.4960557621125849,0.5,0.10247454047203064,0.08486615866422653,0.1638273447751999,-0.047591869939786424,-0.2129011128562293,0.5,-0.1643836796283722,-0.09668467938899994,0.15977215766906738,0.1577172087095957,0.364475638124758,0.5,0.46480002999305725,-0.03958340361714363,0.1503075659275055,0.7408657312785571,0.43815944528863676,0.5
3.056,TAKEOFF,-0.4929385185241699,-0.016757333651185036,0.18739520013332367,-0.9906673803663854,-0.09615363666751729,0.5,-0.5504440069198608,-0.1635524481534958,0.1279686540365219,-0.5601770164005306,-0.4963655172321404,0.5,0.10247454047203064,0.08486615866422653,0.1638273447751999,-0.0465240611107024,-0.21061712382536715,0.5,-0.1643836796283722,-0.09668467938899994,0.15977215766906738,0.15955944028561325,0.3661969760953182,0.5,0.47389236092567444,-0.025260761380195618,0.16752494871616364,0.7430721018367683,0.4369393016297066,0.5
3.076,TAKEOFF,-0.5137579441070557,-0.02820546180009842,0.20233847200870514,-0.9901850240069081,-0.09858317422028458,0.5,-0.5296852588653564,-0.17233596742153168,0.1366771012544632,-0.5577173325669641,-0.49665753746556035,0.5,0.10247454047203064,0.08486615866422653,0.1638273447751999,-0.045486249259457046,-0.20836806470225605,0.5,-0.1643836796283722,-0.09668467938899994,0.15977215766906738,0.16137772112118254,0.36787899130952884,0.5,0.47389236092567444,-0.025260761380195618,0.16752494871616364,0.7452336730454882,0.4357297850785721,0.5
3.096,TAKEOFF,-0.5137579441070557,-0.02820546180009842,0.20233847200870514,-0.989684604281456,-0.10103953844764856,0.5,-0.5296852588653564,-0.17233596742153168,0.1366771012544632,-0.5552265531626502,-0.49694066831541667,0.5,0.10293489694595337,0.06351590156555176,0.18621964752674103,-0.044447282654564824,-0.20608668496336696,0.5,-0.14724105596542358,-0.08267800509929657,0.17913936078548431,0.16322638385049704,0.36957209237926403,0.5,0.47389236092567444,-0.025260761380195618,0.16752494871616364,0.7474151760508319,0.4344947993471681,0.5
3.116,TAKEOFF,-0.5137579441070557,-0.02820546180009842,0.20233847200870514,-0.9891750522019169,-0.10347834702608955,0.5,-0.5296852588653564,-0.17233596742153168,0.1366771012544632,-0.5527496481200307,-0.49720968878654503,0.5,0.10293489694595337,0.06351590156555176,0.18621964752674103,-0.043426023230859034,-0.20381414017975277,0.5,-0.14724105596542358,-0.08267800509929657,0.17913936078548431,0.1650721158579352,0.3712456227676222,0.5,0.47389236092567444,-0.025260761380195618,0.16752494871616364,0.749577160589258,0.43325655322476514,0.5
3.136,TAKEOFF,-0.5137579441070557,-0.02820546180009842,0.20233847200870514,-0.9886513843007194,-0.1059236735625736,0.5,-0.5296852588653564,-0.17233596742153168,0.1366771012544632,-0.5502621821021594,-0.49746729847330606,0.5,0.10293489694595337,0.06351590156555176,0.18621964752674103,-0.04241235258715176,-0.20152802518551827,0.5,-0.14724105596542358,-0.08267800509929657,0.17913936078548431,0.16693309896459746,0.37291612922301093,0.5,0.47389236092567444,-0.025260761380195618,0.16752494871616364,0.7517409820453719,0.43200286799838694,0.5
3.156,TAKEOFF,-0.5137579441070557,-0.02820546180009842,0.20233847200870514,-0.9881112808633475,-0.10838531954993841,0.5,-0.5296852588653564,-0.17233596742153168,0.1366771012544632,-0.547754116504196,-0.4977143200239508,0.5,0.10293489694595337,0.06351590156555176,0.18621964752674103,-0.041402386238967914,-0.19921904691240558,0.5,-0.14724105596542358,-0.08267800509929657,0.17913936078548431,0.16881697103188958,0.3745901778257243,0.5,0.4896954894065857,-0.016135387122631073,0.18204659223556519,0.7539152453615987,0.43072850866057044,0.5
3.176,TAKEOFF,-0.5202021598815918,-0.04218006134033203,0.22024904191493988,-0.9875631764057851,-0.1108248573791158,0.5,-0.5296852588653564,-0.17233596742153168,0.1366771012544632,-0.5452646045629289,-0.4979469003556119,0.5,0.10293489694595337,0.06351590156555176,0.18621964752674103,-0.04041188770142862,-0.1969232516333095,0.5,-0.14724105596542358,-0.08267800509929657,0.17913936078548431,0.1706943212111504,0.3762416376710784,0.5,0.4896954894065857,-0.016135387122631073,0.18204659223556519,0.756066010118707,0.4294533716969588,0.5
3.196,TAKEOFF,-0.5202021598815918,-0.04218006134033203,0.22024904191493988,-0.9870071861639973,-0.11324310409303373,0.5,-0.5145317912101746,-0.17576515674591064,0.15159955620765686,-0.5427929048342288,-0.4981654015443552,0.5,0.10144047439098358,0.051645632833242416,0.20626074075698853,-0.03944028350089579,-0.19464004608061716,0.5,-0.13003167510032654,-0.06989549100399017,0.20311197638511658,0.17256553652030898,0.377871237494688,0.5,0.4896954894065857,-0.016135387122631073,0.18204659223556519,0.758194088980569,0.42817731422331806,0.5
3.216,TAKEOFF,-0.5202021598815918,-0.04218006134033203,0.22024904191493988,-0.9864353686138245,-0.11567468245702113,0.5,-0.5145317912101746,-0.17576515674591064,0.15159955620765686,-0.5403036350455911,-0.498372969774758,0.5,0.10144047439098358,0.051645632833242416,0.20626074075698853,-0.03847364771452222,-0.19233675193800337,0.5,-0.13003167510032654,-0.06989549100399017,0.20311197638511658,0.1744573925382259,0.37950231979131466,0.5,0.4896954894065857,-0.016135387122631073,0.18204659223556519,0.7603299560878363,0.42688208437846775,0.5
3.236,TAKEOFF,-0.5202021598815918,-0.04218006134033203,0.22024904191493988,-0.9858486579348469,-0.11811469672698686,0.5,-0.5145317912101746,-0.17576515674591064,0.15159955620765686,-0.5378017400037016,-0.4985689806362732,0.5,0.10144047439098358,0.051645632833242416,0.20626074075698853,-0.03751410222132728,-0.1900178790426182,0.5,-0.13003167510032654,-0.06989549100399017,0.20311197638511658,0.17636625585156906,0.3811314729177688,0.5,0.4896954894065857,-0.016135387122631073,0.18204659223556519,0.762469243988555,0.4255700834881094,0.5
3.256,TAKEOFF,-0.5202021598815918,-0.04218006134033203,0.22024904191493988,-0.9852526753937336,-0.12053979020731638,0.5,-0.5145317912101746,-0.17576515674591064,0.15159955620765686,-0.5353111703130546,-0.49875156265531884,0.5,0.10144047439098358,0.051645632833242416,0.20626074075698853,-0.036570828042270465,-0.18770562745579347,0.5,-0.13003167510032654,-0.06989549100399017,0.20311197638511658,0.17827385003884888,0.382743105008013,0.5,0.49546605348587036,-0.0026461174711585045,0.20816585421562195,0.7645914762120924,0.42425387531041564,0.5
3.276,TAKEOFF,-0.5412639379501343,-0.056572385132312775,0.24556678533554077,-0.9846360925967145,-0.12299535663019484,0.5,-0.5020303726196289,-0.17880648374557495,0.1668970286846161,-0.5327852533026624,-0.4989239693238643,0.5,0.10144047439098358,0.051645632833242416,0.20626074075698853,-0.03562630827410562,-0.18535661421396324,0.5,-0.13003167510032654,-0.06989549100399017,0.20311197638511658,0.1802160217294691,0.38436728170003315,0.5,0.49546605348587036,-0.0026461174711585045,0.20816585421562195,0.7667363240970484,0.4229086584679892,0.5
3.296,TAKEOFF,-0.5412639379501343,-0.056572385132312775,0.24556678533554077,-0.9840236043343669,-0.12538401192802973,0.5,-0.5020303726196289,-0.17880648374557495,0.1668970286846161,-0.5303242378345528,-0.499079593451539,0.5,0.10060864686965942,0.04153139516711235,0.2279120683670044,-0.03471780533032237,-0.18306413991650086,0.5,-0.10916344076395035,-0.0515315905213356,0.22296081483364105,0.18211555149944114,0.3859397328618751,0.5,0.49546605348587036,-0.0026461174711585045,0.20816585421562195,0.7688188010013166,0.42158801243419447,0.5
3.316,TAKEOFF,-0.5412639379501343,-0.056572385132312775,0.24556678533554077,-0.9833892355416676,-0.1278078517245411,0.5,-0.5020303726196289,-0.17880648374557495,0.1668970286846161,-0.5278229984639801,-0.49922528056627236,0.5,0.10060864686965942,0.04153139516711235,0.2279120683670044,-0.033806323178008246,-0.18073033970861763,0.5,-0.10916344076395035,-0.0515315905213356,0.22296081483364105,0.18405346391974498,0.3875277878280319,0.5,0.49546605348587036,-0.0026461174711585045,0.20816585421562195,0.770927978896599,0.42023568417139917,0.5
3.336,TAKEOFF,-0.5412639379501343,-0.056572385132312775,0.24556678533554077,-0.9827395152868466,-0.13024039458102243,0.5,-0.5020303726196289,-0.17880648374557495,0.1668970286846161,-0.525308738128827,-0.4993590569663541,0.5,0.10060864686965942,0.04153139516711235,0.2279120683670044,-0.03290214508913891,-0.17838047521427938,0.5,-0.10916344076395035,-0.0515315905213356,0.22296081483364105,0.18600891146409387,0.38911386035457124,0.5,0.49546605348587036,-0.0026461174711585045,0.20816585421562195,0.7730406900310935,0.4188660664070846,0.5
3.356,TAKEOFF,-0.5412639379501343,-0.056572385132312775,0.24556678533554077,-0.9820831442488189,-0.13264931975389993,0.5,-0.5020303726196289,-0.17880648374557495,0.1668970286846161,-0.5228148843405284,-0.4994792098301273,0.5,0.10060864686965942,0.04153139516711235,0.2279120683670044,-0.03201722972302523,-0.17604580859505936,0.5,-0.10916344076395035,-0.0515315905213356,0.22296081483364105,0.1879558574789672,0.3906769165414222,0.5,0.506740927696228,0.014300446957349777,0.2330676019191742,0.7751288842086601,0.41749742163766435,0.5
3.376,TAKEOFF,-0.5457979440689087,-0.07124177366495132,0.2593722343444824,-0.9814196062599589,-0.13503763441539557,0.5,-0.5020303726196289,-0.17880648374557495,0.1668970286846161,-0.5203384176037785,-0.49958617752032963,0.5,0.10060864686965942,0.04153139516711235,0.2279120683670044,-0.031150227096565286,-0.17372360360180686,0.5,-0.10916344076395035,-0.0515315905213356,0.22296081483364105,0.1898964871242293,0.39221908584629933,0.5,0.506740927696228,0.014300446957349777,0.2330676019191742,0.7771952619154677,0.4161283296912327,0.5
3.396,TAKEOFF,-0.5457979440689087,-0.07124177366495132,0.2593722343444824,-0.9807400750060563,-0.1374371866823944,0.5,-0.4917694330215454,-0.17940758168697357,0.19378787279129028,-0.5178463210783937,-0.49968140732267285,0.5,0.09498097747564316,0.03430873528122902,0.25471970438957214,-0.03028955799453459,-0.17138290658939806,0.5,-0.09247767925262451,-0.029401913285255432,0.24623416364192963,0.1918566608914924,0.3937609459596765,0.5,0.506740927696228,0.014300446957349777,0.2330676019191742,0.7792673850295229,0.41474055463478876,0.5
3.416,TAKEOFF,-0.5457979440689087,-0.07124177366495132,0.2593722343444824,-0.9800462749001396,-0.13984124554114782,0.5,-0.4917694330215454,-0.17940758168697357,0.19378787279129028,-0.5153455292117917,-0.4997644592537669,0.5,0.09498097747564316,0.03430873528122902,0.25471970438957214,-0.029437783728102074,-0.16903017664689207,0.5,-0.09247767925262451,-0.029401913285255432,0.24623416364192963,0.1938310273106965,0.39529806496158887,0.5,0.506740927696228,0.014300446957349777,0.2330676019191742,0.78133938484927,0.41333781648021795,0.5
3.436,TAKEOFF,-0.5457979440689087,-0.07124177366495132,0.2593722343444824,-0.9793356622932325,-0.14225794478308795,0.5,-0.4917694330215454,-0.17940758168697357,0.19378787279129028,-0.5128275202778676,-0.49983542763945904,0.5,0.09498097747564316,0.03430873528122902,0.25471970438957214,-0.02859218122986812,-0.1666573382794364,0.5,-0.09247767925262451,-0.029401913285255432,0.24623416364192963,0.1958264251597402,0.3968355281081784,0.5,0.506740927696228,0.014300446957349777,0.2330676019191742,0.7834182110392914,0.41191518259380494,0.5
3.456,TAKEOFF,-0.5457979440689087,-0.07124177366495132,0.2593722343444824,-0.9786211262433713,-0.1446437607141314,0.5,-0.4917694330215454,-0.17940758168697357,0.19378787279129028,-0.5103376707074673,-0.4998931211412535,0.5,0.09498097747564316,0.03430873528122902,0.25471970438957214,-0.027767905618347688,-0.16430717889343194,0.5,-0.09247767925262451,-0.029401913285255432,0.24623416364192963,0.19780684438612334,0.39834569998950325,0.5,0.5276411175727844,0.03380506485700607,0.2570072412490845,0.7854664530446904,0.4104983607593136,0.5
3.476,TAKEOFF,-0.5530244708061218,-0.08306114375591278,0.2737690210342407,-0.9778939090169553,-0.14702860852396746,0.5,-0.47913771867752075,-0.1709364950656891,0.21112485229969025,-0.5078448231759857,-0.49993845496154576,0.5,0.09498097747564316,0.03430873528122902,0.25471970438957214,-0.026954458341536813,-0.16195034892537635,0.5,-0.09247767925262451,-0.029401913285255432,0.24623416364192963,0.1997969538524797,0.39984763483575814,0.5,0.5276411175727844,0.03380506485700607,0.2570072412490845,0.7875098556130424,0.4090697775751314,0.5
3.496,TAKEOFF,-0.5530244708061218,-0.08306114375591278,0.2737690210342407,-0.9771510683117508,-0.14942174543537814,0.5,-0.47913771867752075,-0.1709364950656891,0.21112485229969025,-0.5053392643199804,-0.4999714914437836,0.5,0.0880555808544159,0.03320782259106636,0.27959564328193665,-0.026148778512916748,-0.1595776296828574,0.5,-0.07929351180791855,-0.003943470772355795,0.27032557129859924,0.20180457519034756,0.4013470924556336,0.5,0.5276411175727844,0.03380506485700607,0.2570072412490845,0.7895563136650043,0.4076237741063855,0.5
3.516,TAKEOFF,-0.5530244708061218,-0.08306114375591278,0.2737690210342407,-0.976395845497341,-0.15181237891843186,0.5,-0.47913771867752075,-0.1709364950656891,0.21112485229969025,-0.5028322600836566,-0.49999197823846986,0.5,0.0880555808544159,0.03320782259106636,0.27959564328193665,-0.025354587499338332,-0.15719965773524033,0.5,-0.07929351180791855,-0.003943470772355795,0.27032557129859924,0.20382074238672027,0.402837246738241,0.5,0.5276411175727844,0.03380506485700607,0.2570072412490845,0.7915965645329437,0.406166768153901,0.5
3.536,TAKEOFF,-0.5530244708061218,-0.08306114375591278,0.2737690210342407,-0.9756280017844163,-0.15420118001676647,0.5,-0.47913771867752075,-0.1709364950656891,0.21112485229969025,-0.5003230984766347,-0.4999998956073635,0.5,0.0880555808544159,0.03320782259106636,0.27959564328193665,-0.02457168405585719,-0.15481574983998347,0.5,-0.07929351180791855,-0.003943470772355795,0.27032557129859924,0.20584604305576143,0.4043185002124526,0.5,0.5276411175727844,0.03380506485700607,0.2570072412490845,0.7936311726273302,0.4046983252516608,0.5
3.556,TAKEOFF,-0.5530244708061218,-0.08306114375591278,0.2737690210342407,-0.974856961791724,-0.15655946422344805,0.5,-0.47913771867752075,-0.1709364950656891,0.21112485229969025,-0.49784197245350964,-0.49999534289541997,0.5,0.0880555808544159,0.03320782259106636,0.27959564328193665,-0.02380930383588631,-0.1524546519025798,0.5,-0.07929351180791855,-0.003943470772355795,0.27032557129859924,0.20785599219059392,0.4057731862765918,0.5,0.5470731258392334,0.054429326206445694,0.2781364619731903,0.795635769728286,0.40323627274485596,0.5
3.576,TAKEOFF,-0.5632396340370178,-0.08972355723381042,0.2907184064388275,-0.9740657507877033,-0.15893918311760366,0.5,-0.47267812490463257,-0.15902087092399597,0.23093828558921814,-0.49533422764589335,-0.4999782300944109,0.5,0.08531678467988968,0.029980815947055817,0.29988017678260803,-0.023050643313689112,-0.15006435671575782,0.5,-0.06139932572841644,0.029641803354024887,0.2924268841743469,0.20989485900956956,0.40723335714418396,0.5,0.5470731258392334,0.054429326206445694,0.2781364619731903,0.7976545192431446,0.40174841278358836,0.5
3.596,TAKEOFF,-0.5632396340370178,-0.08972355723381042,0.2907184064388275,-0.9732695172608867,-0.16129464973038407,0.5,-0.47267812490463257,-0.15902087092399597,0.23093828558921814,-0.4928479960836154,-0.4999488462232711,0.5,0.08531678467988968,0.029980815947055817,0.29988017678260803,-0.02231030123111527,-0.14769072987189205,0.5,-0.06139932572841644,0.029641803354024887,0.2924268841743469,0.21192353400151498,0.4086709553391624,0.5,0.5470731258392334,0.054429326206445694,0.2781364619731903,0.7996486514228676,0.40026327048638477,0.5
3.616,TAKEOFF,-0.5632396340370178,-0.08972355723381042,0.2907184064388275,-0.9724571908252595,-0.1636588000612991,0.5,-0.47267812490463257,-0.15902087092399597,0.23093828558921814,-0.49034853283230856,-0.4999068405028191,0.5,0.08531678467988968,0.029980815947055817,0.29988017678260803,-0.021577874423803434,-0.1453006185780157,0.5,-0.06139932572841644,0.029641803354024887,0.2924268841743469,0.21397033259163156,0.4101061196352209,0.5,0.5470731258392334,0.054429326206445694,0.2781364619731903,0.8016460693269968,0.3987601395069129,0.5
3.636,TAKEOFF,-0.5632396340370178,-0.08972355723381042,0.2907184064388275,-0.9716323916946311,-0.16602074299436817,0.5,-0.47267812490463257,-0.15902087092399597,0.23093828558921814,-0.48784731466638603,-0.49985229042106244,0.5,0.08531678467988968,0.029980815947055817,0.29988017678260803,-0.02085683571461311,-0.14290496184033194,0.5,-0.06139932572841644,0.029641803354024887,0.2924268841743469,0.2160259243280701,0.4115321668427306,0.5,0.5470731258392334,0.054429326206445694,0.2781364619731903,0.8036375335962995,0.39724582841303197,0.5
3.656,TAKEOFF,-0.5632396340370178,-0.08972355723381042,0.2907184064388275,-0.9707940282965758,-0.1683834401604949,0.5,-0.47267812490463257,-0.15902087092399597,0.23093828558921814,-0.4853411875930481,-0.4997850730252133,0.5,0.08531678467988968,0.029980815947055817,0.29988017678260803,-0.020146327401219244,-0.1405007220389352,0.5,-0.06139932572841644,0.029641803354024887,0.2924268841743469,0.21809293311444128,0.4129508513612499,0.5,0.563352108001709,0.06967488676309586,0.2976103723049164,0.8056255235947154,0.3957183838633935,0.5
3.676,TAKEOFF,-0.5707272887229919,-0.09617241472005844,0.30853211879730225,-0.9699423123836972,-0.17074607764591132,0.5,-0.480501651763916,-0.14327313005924225,0.2506164312362671,-0.48283099112544053,-0.4997051381907788,0.5,0.07712435722351074,0.0338004007935524,0.3175523281097412,-0.019446656578676502,-0.13808868210895311,0.5,-0.06139932572841644,0.029641803354024887,0.2924268841743469,0.22017070923278081,0.4143616391857662,0.5,0.563352108001709,0.06967488676309586,0.2976103723049164,0.8076093306794049,0.394178258759877,0.5
3.696,TAKEOFF,-0.5707272887229919,-0.09617241472005844,0.30853211879730225,-0.9690850643862667,-0.1730872680751878,0.5,-0.480501651763916,-0.14327313005924225,0.2506164312362671,-0.48033948251218944,-0.499613314526456,0.5,0.07712435722351074,0.0338004007935524,0.3175523281097412,-0.018764067569854548,-0.13569074153415367,0.5,-0.04205194488167763,0.060263779014348984,0.3141632676124573,0.22224035463823283,0.415751824299672,0.5,0.563352108001709,0.06967488676309586,0.2976103723049164,0.8095710308934563,0.39263949983612545,0.5
3.716,TAKEOFF,-0.5707272887229919,-0.09617241472005844,0.30853211879730225,-0.9682186310177308,-0.17541754065053516,0.5,-0.480501651763916,-0.14327313005924225,0.2506164312362671,-0.47785551895929024,-0.4995093812526824,0.5,0.07712435722351074,0.0338004007935524,0.3175523281097412,-0.018095327035883013,-0.13329623466305215,0.5,-0.04205194488167763,0.060263779014348984,0.3141632676124573,0.22431101381148288,0.4171277776585343,0.5,0.563352108001709,0.06967488676309586,0.2976103723049164,0.8115195091756131,0.39109537890773544,0.5
3.736,TAKEOFF,-0.5707272887229919,-0.09617241472005844,0.30853211879730225,-0.967335271290239,-0.17775754332257965,0.5,-0.480501651763916,-0.14327313005924225,0.2506164312362671,-0.4753570710019529,-0.4993923568201632,0.5,0.07712435722351074,0.0338004007935524,0.3175523281097412,-0.017434561006617555,-0.13088390691419663,0.5,-0.04205194488167763,0.060263779014348984,0.3141632676124573,0.2264010859041229,0.4185016537668123,0.5,0.563352108001709,0.06967488676309586,0.2976103723049164,0.8134720107970677,0.38953215329012714,0.5
3.756,TAKEOFF,-0.5707272887229919,-0.09617241472005844,0.30853211879730225,-0.9664328099626367,-0.18011228106478142,0.5,-0.480501651763916,-0.14327313005924225,0.2506164312362671,-0.4728387064410705,-0.4992617190734792,0.5,0.07712435722351074,0.0338004007935524,0.3175523281097412,-0.016780587439531258,-0.12844843060433042,0.5,-0.04205194488167763,0.060263779014348984,0.3141632676124573,0.2285152725728019,0.41987622315842077,0.5,0.5831607580184937,0.0783793106675148,0.3148418962955475,0.8154326235839595,0.38794620758417026,0.5
3.776,TAKEOFF,-0.5827938318252563,-0.09656072407960892,0.3287210166454315,-0.9655234213838321,-0.18244984007417256,0.5,-0.480501651763916,-0.14327313005924225,0.2506164312362671,-0.47033453918762347,-0.4991191845990188,0.5,0.07712435722351074,0.0338004007935524,0.3175523281097412,-0.0161423155421912,-0.12602278044515414,0.5,-0.02116723358631134,0.08551718294620514,0.3359179198741913,0.2306249660996289,0.42123282292714787,0.5,0.5831607580184937,0.0783793106675148,0.3148418962955475,0.8173747577867243,0.3863589821911975,0.5
3.796,TAKEOFF,-0.5827938318252563,-0.09656072407960892,0.3287210166454315,-0.9646169430794223,-0.1847460316313531,0.5,-0.5050694942474365,-0.12400443851947784,0.25935792922973633,-0.4678706140434101,-0.4989666347142387,0.5,0.06920885294675827,0.03382663428783417,0.333890825510025,-0.015526004361741674,-0.1236323078741996,0.5,-0.02116723358631134,0.08551718294620514,0.3359179198741913,0.23270798998667785,0.42255766634039205,0.5,0.5831607580184937,0.0783793106675148,0.3148418962955475,0.819278448528748,0.3847873078793993,0.5
3.816,TAKEOFF,-0.5827938318252563,-0.09656072407960892,0.3287210166454315,-0.9636826041379498,-0.18707870701886245,0.5,-0.5050694942474365,-0.12400443851947784,0.25935792922973633,-0.4653633813042968,-0.4987988619126235,0.5,0.06920885294675827,0.03382663428783417,0.333890825510025,-0.014910788252735618,-0.1211959431929043,0.5,-0.02116723358631134,0.08551718294620514,0.3359179198741913,0.23483499825999898,0.4238956497208072,0.5,0.5831607580184937,0.0783793106675148,0.3148418962955475,0.8212082280450188,0.38317786240358304,0.5
3.836,TAKEOFF,-0.5827938318252563,-0.09656072407960892,0.3287210166454315,-0.9627453252121031,-0.18938522644162328,0.5,-0.5050694942474365,-0.12400443851947784,0.25935792922973633,-0.46288011586076266,-0.4986202103820999,0.5,0.06920885294675827,0.03382663428783417,0.333890825510025,-0.014313324731390076,-0.11877901105213771,0.5,-0.02116723358631134,0.08551718294620514,0.3359179198741913,0.2369490109403034,0.4252107444017794,0.5,0.5831607580184937,0.0783793106675148,0.3148418962955475,0.8231122232554406,0.3815737034740815,0.5
3.856,TAKEOFF,-0.5827938318252563,-0.09656072407960892,0.3287210166454315,-0.9617827012435706,-0.1917204653452293,0.5,-0.5050694942474365,-0.12400443851947784,0.25935792922973633,-0.460361704518913,-0.4984263290912249,0.5,0.06920885294675827,0.03382663428783417,0.333890825510025,-0.01371948489300634,-0.11632394692098824,0.5,-0.02116723358631134,0.08551718294620514,0.3359179198741913,0.23910040907815816,0.42653417618851547,0.5,0.6058552265167236,0.08911942690610886,0.33248773217201233,0.8250357002663519,0.37993656516892693,0.5
3.876,TAKEOFF,-0.6039718985557556,-0.092296302318573,0.34701475501060486,-0.9608266810018037,-0.19400713924199256,0.5,-0.5212354063987732,-0.12232061475515366,0.26977914571762085,-0.4578915219070818,-0.4982237209052759,0.5,0.07732101529836655,0.03122464381158352,0.34933412075042725,-0.013148848322242557,-0.1139120542789095,0.5,0.0006422426667995751,0.09351210296154022,0.35187941789627075,0.2412179188940336,0.4278221996325869,0.5,0.6058552265167236,0.08911942690610886,0.33248773217201233,0.8269150298748382,0.37832071479359103,0.5
3.896,TAKEOFF,-0.6039718985557556,-0.092296302318573,0.34701475501060486,-0.9598515218091785,-0.19630735566906962,0.5,-0.5212354063987732,-0.12232061475515366,0.26977914571762085,-0.4554025453224789,-0.4980070953674119,0.5,0.07732101529836655,0.03122464381158352,0.34933412075042725,-0.012585735388380481,-0.11147795590660126,0.5,0.0006422426667995751,0.09351210296154022,0.35187941789627075,0.24335887254600508,0.42910992962077016,0.5,0.6058552265167236,0.08911942690610886,0.33248773217201233,0.8288013249339569,0.3766824773223125,0.5
3.916,TAKEOFF,-0.6039718985557556,-0.092296302318573,0.34701475501060486,-0.9588579321940582,-0.1986187253573868,0.5,-0.5212354063987732,-0.12232061475515366,0.26977914571762085,-0.45289726604233116,-0.4977763880034016,0.5,0.07732101529836655,0.03122464381158352,0.34933412075042725,-0.01203097725705854,-0.10902400122587086,0.5,0.0006422426667995751,0.09351210296154022,0.35187941789627075,0.24552129244546056,0.43039584965630323,0.5,0.6058552265167236,0.08911942690610886,0.33248773217201233,0.8306925320610914,0.37502326493035604,0.5
3.936,TAKEOFF,-0.6039718985557556,-0.092296302318573,0.34701475501060486,-0.9578660413192301,-0.2008947192104785,0.5,-0.5212354063987732,-0.12232061475515366,0.26977914571762085,-0.4504261561204133,-0.497536364503141,0.5,0.07732101529836655,0.03122464381158352,0.34933412075042725,-0.011495638210204273,-0.10659966469151938,0.5,0.0006422426667995751,0.09351210296154022,0.35187941789627075,0.2476615446409175,0.4316541485344399,0.5,0.6058552265167236,0.08911942690610886,0.33248773217201233,0.8325506197092347,0.3733765998706989,0.5
3.956,TAKEOFF,-0.6039718985557556,-0.092296302318573,0.34701475501060486,-0.9568495881858942,-0.20319560471225487,0.5,-0.5212354063987732,-0.12232061475515366,0.26977914571762085,-0.44792378267851335,-0.4972806728493329,0.5,0.07732101529836655,0.03122464381158352,0.34933412075042725,-0.010965539503901056,-0.10414075305704996,0.5,0.0006422426667995751,0.09351210296154022,0.35187941789627075,0.2498362990649297,0.4329181478460665,0.5,0.6184066534042358,0.10208792984485626,0.3506317138671875,0.8344247905667617,0.3716988827725712,0.5
3.976,TAKEOFF,-0.6244863271713257,-0.0897359848022461,0.3636278510093689,-0.9558279537569995,-0.20547719234432507,0.5,-0.5212354063987732,-0.12232061475515366,0.26977914571762085,-0.4454381614929675,-0.49701409012092657,0.5,0.07780545204877853,0.031694237142801285,0.3657492995262146,-0.010450975556971664,-0.10169440823801092,0.5,0.023588228970766068,0.07795482873916626,0.35335221886634827,0.25200390224188784,0.4341634893640285,0.5,0.6184066534042358,0.10208792984485626,0.3506317138671875,0.8362790069511734,0.370022201339234,0.5
3.996,TAKEOFF,-0.6244863271713257,-0.0897359848022461,0.3636278510093689,-0.9547935502294147,-0.207756652528204,0.5,-0.545710563659668,-0.12921716272830963,0.28557950258255005,-0.44295061776238903,-0.49673470584035795,0.5,0.07780545204877853,0.031694237142801285,0.3657492995262146,-0.009947992510557224,-0.09924227907281817,0.5,0.023588228970766068,0.07795482873916626,0.35335221886634827,0.2541805853540173,0.4353996042523539,0.5,0.6184066534042358,0.10208792984485626,0.3506317138671875,0.8381272541436218,0.3683340331890262,0.5
4.016,TAKEOFF,-0.6244863271713257,-0.0897359848022461,0.3636278510093689,-0.9537537692494868,-0.21001789659903605,0.5,-0.545710563659668,-0.12921716272830963,0.28557950258255005,-0.4404787368606649,-0.4964445782101946,0.5,0.07780545204877853,0.031694237142801285,0.3657492995262146,-0.00946006707707775,-0.0968017262654697,0.5,0.023588228970766068,0.07795482873916626,0.35335221886634827,0.25635091175387553,0.43661782120847087,0.5,0.6184066534042358,0.10208792984485626,0.3506317138671875,0.8399565150588948,0.36664637986622944,0.5
4.036,TAKEOFF,-0.6244863271713257,-0.0897359848022461,0.3636278510093689,-0.9527022266416381,-0.2122750432662845,0.5,-0.545710563659668,-0.12921716272830963,0.28557950258255005,-0.43800711827840977,-0.49614199843981455,0.5,0.07780545204877853,0.031694237142801285,0.3657492995262146,-0.008984065393867036,-0.09435757501581823,0.5,0.023588228970766068,0.07795482873916626,0.35335221886634827,0.25852834511720435,0.43782580998402093,0.5,0.6184066534042358,0.10208792984485626,0.3506317138671875,0.8417782445688806,0.36494880673789626,0.5
4.056,TAKEOFF,-0.6244863271713257,-0.0897359848022461,0.3636278510093689,-0.9516277939684481,-0.21455147567703403,0.5,-0.545710563659668,-0.12921716272830963,0.28557950258255005,-0.43551008444493355,-0.4958236085461244,0.5,0.07780545204877853,0.031694237142801285,0.3657492995262146,-0.008515246286910194,-0.09188436682909373,0.5,0.023588228970766068,0.07795482873916626,0.35335221886634827,0.2607356328080058,0.43903594681098107,0.5,0.6361592411994934,0.10357575118541718,0.36807799339294434,0.8436112424917022,0.3632235042412711,0.5
4.076,TAKEOFF,-0.641444206237793,-0.09221343696117401,0.378559947013855,-0.9505530150511523,-0.21679940181724716,0.5,-0.545710563659668,-0.12921716272830963,0.28557950258255005,-0.4330400546904933,-0.49549608043267895,0.5,0.07780545204877853,0.031694237142801285,0.3657492995262146,-0.008063462862738513,-0.0894340171825002,0.5,0.0509512796998024,0.06964601576328278,0.33201298117637634,0.2629264450507542,0.4402228180634517,0.5,0.6361592411994934,0.10357575118541718,0.36807799339294434,0.8454170223448617,0.36150668136897457,0.5
4.096,TAKEOFF,-0.641444206237793,-0.09221343696117401,0.378559947013855,-0.9494675304895457,-0.21904095287326814,0.5,-0.5608828067779541,-0.14543189108371735,0.2908254861831665,-0.43057277977538816,-0.49515640063709493,0.5,0.07432112097740173,0.032994069159030914,0.367891401052475,-0.007624087667220059,-0.08698253246751664,0.5,0.0509512796998024,0.06964601576328278,0.33201298117637634,0.2651221711612153,0.4413982391446284,0.5,0.6361592411994934,0.10357575118541718,0.36807799339294434,0.8472134309066307,0.3597816468332513,0.5
4.116,TAKEOFF,-0.641444206237793,-0.09221343696117401,0.378559947013855,-0.9483667921491201,-0.22128538066918876,0.5,-0.5608828067779541,-0.14543189108371735,0.2908254861831665,-0.4280980552411723,-0.4948031025972841,0.5,0.07432112097740173,0.032994069159030914,0.367891401052475,-0.0071953621327070505,-0.08451975447483423,0.5,0.0509512796998024,0.06964601576328278,0.33201298117637634,0.2673319287432572,0.44256702161104056,0.5,0.6361592411994934,0.10357575118541718,0.36807799339294434,0.8490078617337433,0.35804121613026657,0.5
4.136,TAKEOFF,-0.641444206237793,-0.09221343696117401,0.378559947013855,-0.9472549395485987,-0.22352409053473232,0.5,-0.5608828067779541,-0.14543189108371735,0.2908254861831665,-0.4256253342866518,-0.4944374673303265,0.5,0.07432112097740173,0.032994069159030914,0.367891401052475,-0.0067789891386405565,-0.08205506958682524,0.5,0.0509512796998024,0.06964601576328278,0.33201298117637634,0.269547317035447,0.44372464537643075,0.5,0.6361592411994934,0.10357575118541718,0.36807799339294434,0.8507934199906617,0.3562919820754534,0.5
4.156,TAKEOFF,-0.641444206237793,-0.09221343696117401,0.378559947013855,-0.946119151915054,-0.22578242246595065,0.5,-0.5608828067779541,-0.14543189108371735,0.2908254861831665,-0.4231265553067429,-0.49405513204600227,0.5,0.07432112097740173,0.032994069159030914,0.367891401052475,-0.00637044643222795,-0.07956044145479618,0.5,0.0509512796998024,0.06964601576328278,0.33201298117637634,0.271793602736937,0.4448840750669921,0.5,0.6516993045806885,0.0995170846581459,0.38214194774627686,0.8525902436090381,0.354513920899757,0.5
4.176,TAKEOFF,-0.6605919599533081,-0.09834716469049454,0.39633700251579285,-0.9449967911827557,-0.2279865255602858,0.5,-0.5734848976135254,-0.16415296494960785,0.27648958563804626,-0.4206835001561899,-0.4936688088714203,0.5,0.04740920662879944,0.04553399607539177,0.3283224403858185,-0.005982916045093878,-0.07711757750792757,0.5,0.09839425981044769,0.049005113542079926,0.25457966327667236,0.27399715093656773,0.4460075248414666,0.5,0.6516993045806885,0.0995170846581459,0.38214194774627686,0.8543396416793927,0.352765387098167,0.5
4.196,TAKEOFF,-0.6605919599533081,-0.09834716469049454,0.39633700251579285,-0.9438419023534106,-0.2302267701969204,0.5,-0.5734848976135254,-0.16415296494960785,0.27648958563804626,-0.4181960206215419,-0.49326271798895244,0.5,0.04740920662879944,0.04553399607539177,0.3283224403858185,-0.005600457975706852,-0.07462635490340642,0.5,0.09839425981044769,0.049005113542079926,0.25457966327667236,0.27624825838506295,0.4471410942021349,0.5,0.6516993045806885,0.0995170846581459,0.38214194774627686,0.8561133606642777,0.35097474888714436,0.5
4.216,TAKEOFF,-0.6605919599533081,-0.09834716469049454,0.39633700251579285,-0.9426949935590461,-0.23242448811981106,0.5,-0.5734848976135254,-0.16415296494960785,0.27648958563804626,-0.4157514523615413,-0.49285107509349146,0.5,0.04740920662879944,0.04553399607539177,0.3283224403858185,-0.005236540497571829,-0.07217422767989348,0.5,0.09839425981044769,0.049005113542079926,0.25457966327667236,0.27846791327447584,0.4482449492755438,0.5,0.6516993045806885,0.0995170846581459,0.38214194774627686,0.8578491003073648,0.34920484161765214,0.5
4.236,TAKEOFF,-0.6605919599533081,-0.09834716469049454,0.39633700251579285,-0.9415193575194998,-0.23465007337643878,0.5,-0.5734848976135254,-0.16415296494960785,0.27648958563804626,-0.41327150348523567,-0.4924207224440179,0.5,0.04740920662879944,0.04553399607539177,0.3283224403858185,-0.004879483841199017,-0.06968266985874251,0.5,0.09839425981044769,0.049005113542079926,0.25457966327667236,0.2807271890012337,0.4493544640444772,0.5,0.6516993045806885,0.0995170846581459,0.38214194774627686,0.8596024661528316,0.347399001634722,0.5
4.256,TAKEOFF,-0.6605919599533081,-0.09834716469049454,0.39633700251579285,-0.9403468481519015,-0.23684309853294486,0.5,-0.5734848976135254,-0.16415296494960785,0.27648958563804626,-0.4108234872990897,-0.4919832818119985,0.5,0.04740920662879944,0.04553399607539177,0.3283224403858185,-0.00453903600074923,-0.06721929152358824,0.5,0.09839425981044769,0.049005113542079926,0.25457966327667236,0.2829647968505853,0.4504394749507333,0.5,0.6709985733032227,0.10541192442178726,0.4002000689506531,0.8613258316976742,0.3456061969177983,0.5
4.276,TAKEOFF,-0.6773234009742737,-0.1150016337633133,0.41042768955230713,-0.9391484143377995,-0.23905788040680928,0.5,-0.6154723167419434,-0.17200534045696259,0.18786731362342834,-0.40834676815058746,-0.4915279087616062,0.5,-0.022493937984108925,0.044297244399785995,0.1272960603237152,-0.004206773200489067,-0.06472307362702061,0.5,0.1513679325580597,0.02280718833208084,0.14736633002758026,0.28523616629532955,0.4515268494037455,0.5,0.6709985733032227,0.10541192442178726,0.4002000689506531,0.8630618780157944,0.34378201339169057,0.5
4.296,TAKEOFF,-0.6773234009742737,-0.1150016337633133,0.41042768955230713,-0.9379571894724675,-0.24123328996922705,0.5,-0.6154723167419434,-0.17200534045696259,0.18786731362342834,-0.4059097219831296,-0.49106722511557216,0.5,-0.022493937984108925,0.044297244399785995,0.1272960603237152,-0.003891820702179527,-0.0622629459132926,0.5,0.1513679325580597,0.02280718833208084,0.14736633002758026,0.28747856111399034,0.45258660830146097,0.5,0.6709985733032227,0.10541192442178726,0.4002000689506531,0.8647627067282329,0.34197685269663086,0.5
4.316,TAKEOFF,-0.6773234009742737,-0.1150016337633133,0.41042768955230713,-0.93674204354046,-0.24342634903416466,0.5,-0.6154723167419434,-0.17200534045696259,0.18786731362342834,-0.4034484981251646,-0.4905892451794206,0.5,-0.022493937984108925,0.044297244399785995,0.1272960603237152,-0.0035858466360425556,-0.05977447900187281,0.5,0.1513679325580597,0.02280718833208084,0.14736633002758026,0.2897506825994067,0.4536465854964463,0.5,0.6709985733032227,0.10541192442178726,0.4002000689506531,0.8664729290989261,0.34014348771901176,0.5
4.336,TAKEOFF,-0.6773234009742737,-0.1150016337633133,0.41042768955230713,-0.9355227086641749,-0.2456012423376972,0.5,-0.6154723167419434,-0.17200534045696259,0.18786731362342834,-0.4010032564779871,-0.49010166779152753,0.5,-0.022493937984108925,0.044297244399785995,0.1272960603237152,-0.0032939390636652077,-0.05729824630047647,0.5,0.1513679325580597,0.02280718833208084,0.14736633002758026,0.2920155154452815,0.45468940408207015,0.5,0.6709985733032227,0.10541192442178726,0.4002000689506531,0.8681645803488912,0.33831175234763106,0.5
4.356,TAKEOFF,-0.6773234009742737,-0.1150016337633133,0.41042768955230713,-0.9342882013858771,-0.2477776384927015,0.5,-0.6154723167419434,-0.17200534045696259,0.18786731362342834,-0.398551897004057,-0.4896001249984772,0.5,-0.022493937984108925,0.044297244399785995,0.1272960603237152,-0.0030134228684300934,-0.05481187965255454,0.5,0.1513679325580597,0.02280718833208084,0.14736633002758026,0.29429350637616153,0.45572452038592975,0.5,0.6893438100814819,0.11905476450920105,0.41696518659591675,0.8698529723654742,0.3364651227578035,0.5
4.376,TAKEOFF,-0.6898345947265625,-0.13506904244422913,0.4403931796550751,-0.9330361140213538,-0.24995944461709205,0.5,-0.6811052560806274,-0.15427441895008087,-0.015913089737296104,-0.39608995979808287,-0.4890835343223445,0.5,-0.02355273626744747,-0.008280233480036259,-0.17446346580982208,-0.0027439493614934696,-0.052310802932042696,0.5,0.23275581002235413,0.02218736708164215,0.017024653032422066,0.2965888997957812,0.4567536801315445,0.5,0.6893438100814819,0.11905476450920105,0.41696518659591675,0.8715410770232886,0.33460010173993476,0.5
4.396,TAKEOFF,-0.6898345947265625,-0.13506904244422913,0.4403931796550751,-0.9317849826942873,-0.2521145150912457,0.5,-0.6811052560806274,-0.15427441895008087,-0.015913089737296104,-0.3936537451383053,-0.4885595911215862,0.5,-0.02355273626744747,-0.008280233480036259,-0.17446346580982208,-0.002489417224926571,-0.049831917751645936,0.5,0.23275581002235413,0.02218736708164215,0.017024653032422066,0.2988678049439313,0.45776177222647974,0.5,0.6893438100814819,0.11905476450920105,0.41696518659591675,0.8732040499985494,0.3327442517379981,0.5
4.416,TAKEOFF,-0.6898345947265625,-0.13506904244422913,0.4403931796550751,-0.9305194133300381,-0.2542696103468912,0.5,-0.6811052560806274,-0.15427441895008087,-0.015913089737296104,-0.39121304531107354,-0.4880219241893846,0.5,-0.02355273626744747,-0.008280233480036259,-0.17446346580982208,-0.0022465511396106974,-0.04734452605727296,0.5,0.23275581002235413,0.02218736708164215,0.017024653032422066,0.30115840527572324,0.45876139790473486,0.5,0.6893438100814819,0.11905476450920105,0.41696518659591675,0.8748625849435545,0.33087466268881394,0.5
4.436,TAKEOFF,-0.6898345947265625,-0.13506904244422913,0.4403931796550751,-0.9292357054772133,-0.2564307102191134,0.5,-0.6811052560806274,-0.15427441895008087,-0.015913089737296104,-0.38876102965289666,-0.4874688620579947,0.5,-0.02355273626744747,-0.008280233480036259,-0.17446346580982208,-0.0020148299747350107,-0.04484161498996139,0.5,0.23275581002235413,0.02218736708164215,0.017024653032422066,0.30346720937809424,0.4597552198837618,0.5,0.6893438100814819,0.11905476450920105,0.41696518659591675,0.8765212255170606,0.3289859673833077,0.5
4.456,TAKEOFF,-0.6898345947265625,-0.13506904244422913,0.4403931796550751,-0.9279566695418339,-0.25855964301232626,0.5,-0.6811052560806274,-0.15427441895008087,-0.015913089737296104,-0.38634105040670863,-0.4869103030100612,0.5,-0.02355273626744747,-0.008280233480036259,-0.17446346580982208,-0.0017982364839009835,-0.04236747372040189,0.5,0.23275581002235413,0.02218736708164215,0.017024653032422066,0.3057533264852048,0.4607257642333849,0.5,0.7120360732078552,0.14532257616519928,0.43103131651878357,0.8781507170823516,0.32711165550940446,0.5
4.476,TAKEOFF,-0.7153778672218323,-0.14477626979351044,0.44980278611183167,-0.9266526081532817,-0.26070587250003074,0.5,-0.6389213800430298,-0.24252057075500488,-0.2476557195186615,-0.38389688773619157,-0.48633328831435907,0.5,-0.31804534792900085,0.012662099674344063,-0.46191486716270447,-0.0015917222680399967,-0.039864629538745235,0.5,0.23275581002235413,0.02218736708164215,0.017024653032422066,0.30806985635115974,0.46169559231049145,0.5,0.7120360732078552,0.14532257616519928,0.43103131651878357,0.8797889254913269,0.3252081980426436,0.5
4.496,TAKEOFF,-0.7153778672218323,-0.14477626979351044,0.44980278611183167,-0.9253542170390638,-0.26281893015360397,0.5,-0.6389213800430298,-0.24252057075500488,-0.2476557195186615,-0.3814860255658147,-0.4857514157095307,0.5,-0.31804534792900085,0.012662099674344063,-0.46191486716270447,-0.0014001186187735382,-0.03739195483826562,0.5,0.30215808749198914,0.032721929252147675,-0.021717142313718796,0.3103623009539215,0.46264191671368143,0.5,0.7120360732078552,0.14532257616519928,0.43103131651878357,0.8813973378224265,0.32332038398771884,0.5
4.516,TAKEOFF,-0.7153778672218323,-0.14477626979351044,0.44980278611183167,-0.9240294271197056,-0.26495102365632456,0.5,-0.6389213800430298,-0.24252057075500488,-0.2476557195186615,-0.3790489015476434,-0.48515031874993997,0.5,-0.31804534792900085,0.012662099674344063,-0.46191486716270447,-0.0012186830601031984,-0.03488836298398377,0.5,0.30215808749198914,0.032721929252147675,-0.021717142313718796,0.3126872916300666,0.4635881246139943,0.5,0.7120360732078552,0.14532257616519928,0.43103131651878357,0.883015696642481,0.321401580776254,0.5
4.536,TAKEOFF,-0.7153778672218323,-0.14477626979351044,0.44980278611183167,-0.9226959081726694,-0.2670733405154513,0.5,-0.6389213800430298,-0.24252057075500488,-0.2476557195186615,-0.3766183782521727,-0.4845378988426768,0.5,-0.31804534792900085,0.012662099674344063,-0.46191486716270447,-0.0010500560000900605,-0.032387549806781366,0.5,0.30215808749198914,0.032721929252147675,-0.021717142313718796,0.3150135976710262,0.4645212922497558,0.5,0.7120360732078552,0.14532257616519928,0.43103131651878357,0.8846220599040414,0.3194774969151536,0.5
4.556,TAKEOFF,-0.7153778672218323,-0.14477626979351044,0.44980278611183167,-0.9213634471735861,-0.26917066219406705,0.5,-0.6389213800430298,-0.24252057075500488,-0.2476557195186615,-0.3742119537098995,-0.48391876116815263,0.5,-0.31804534792900085,0.012662099674344063,-0.46191486716270447,-0.0008952648406866937,-0.029907580001594096,0.5,0.30215808749198914,0.032721929252147675,-0.021717142313718796,0.31732435601563014,0.46543486020591085,0.5,0.7437464594841003,0.1731734275817871,0.44527873396873474,0.8862049782601975,0.31756214315790293,0.5
4.576,TAKEOFF,-0.7153778672218323,-0.14477626979351044,0.44980278611183167,-0.920001516205301,-0.271290852011726,0.5,-0.6832345724105835,-0.282685250043869,-0.6461238861083984,-0.3717746735536668,-0.48327866253097834,0.5,-0.25490474700927734,0.20372667908668518,-0.1280973255634308,-0.0007508738323142028,-0.027391787470008977,0.5,0.3021594285964966,0.048897042870521545,-0.09542319923639297,0.31967239762101884,0.4663496068618993,0.5,0.7437464594841003,0.1731734275817871,0.44527873396873474,0.887800538787699,0.315611695150814,0.5
4.596,TAKEOFF,-0.7372707724571228,-0.16314129531383514,0.46108517050743103,-0.9186426053437348,-0.2733831907616303,0.5,-0.6832345724105835,-0.282685250043869,-0.6461238861083984,-0.3693648146012087,-0.4826328297327311,0.5,-0.25490474700927734,0.20372667908668518,-0.1280973255634308,-0.0006204099531681995,-0.024900302099738366,0.5,0.3021594285964966,0.048897042870521545,-0.09542319923639297,0.3220016254618605,0.4672435967049524,0.5,0.7437464594841003,0.1731734275817871,0.44527873396873474,0.8893705446400277,0.31367272588914735,0.5
4.616,TAKEOFF,-0.7372707724571228,-0.16314129531383514,0.46108517050743103,-0.9172734352768772,-0.27546847408049024,0.5,-0.6832345724105835,-0.282685250043869,-0.6461238861083984,-0.36695849549363696,-0.4819750596023443,0.5,-0.25490474700927734,0.20372667908668518,-0.1280973255634308,-0.000502393023768033,-0.022408494483514993,0.5,0.3021594285964966,0.048897042870521545,-0.09542319923639297,0.3243350060958151,0.4681258483748176,0.5,0.7437464594841003,0.1731734275817871,0.44527873396873474,0.8909306701099026,0.311726179791532,0.5
4.636,TAKEOFF,-0.7372707724571228,-0.16314129531383514,0.46108517050743103,-0.9158957312004549,-0.27754412400416445,0.5,-0.6832345724105835,-0.282685250043869,-0.6461238861083984,-0.36455870113534494,-0.4813061962637248,0.5,-0.25490474700927734,0.20372667908668518,-0.1280973255634308,-0.00039694262075573583,-0.019919464282745197,0.5,0.3021594285964966,0.048897042870521545,-0.09542319923639297,0.32666962852091813,0.4689952902992987,0.5,0.7437464594841003,0.1731734275817871,0.44527873396873474,0.8924789965225263,0.3097744942513357,0.5
4.656,TAKEOFF,-0.7372707724571228,-0.16314129531383514,0.46108517050743103,-0.9145009690019996,-0.27962286511729206,0.5,-0.6832345724105835,-0.282685250043869,-0.6461238861083984,-0.36215069563157976,-0.48062206491706416,0.5,-0.25490474700927734,0.20372667908668518,-0.1280973255634308,-0.00030347557278725956,-0.01741790674461202,0.5,0.3021594285964966,0.048897042870521545,-0.09542319923639297,0.32901986821221063,0.4698572065360179,0.5,0.7554507255554199,0.20315438508987427,0.4589565694332123,0.8940249915814226,0.3078056302429504,0.5
4.676,TAKEOFF,-0.7618332505226135,-0.1757194548845291,0.4657081961631775,-0.913089151011512,-0.28170437219998606,0.5,-0.7302302122116089,-0.3262888789176941,-1.1519516706466675,-0.3597347890048441,-0.4799225672798524,0.5,-0.34683117270469666,0.26370036602020264,-0.44777122139930725,-0.00022218115430627794,-0.014904086347070904,0.5,0.46937212347984314,0.156365767121315,-0.1759129762649536,0.33138553212522937,0.47071133534609927,0.5,0.7554507255554199,0.20315438508987427,0.4589565694332123,0.8955683467041082,0.30581969048081004,0.5
4.696,TAKEOFF,-0.7618332505226135,-0.1757194548845291,0.4657081961631775,-0.9116732739639315,-0.2837694759903147,0.5,-0.7302302122116089,-0.3262888789176941,-1.1519516706466675,-0.35733322851857846,-0.4792141403538379,0.5,-0.34683117270469666,0.26370036602020264,-0.44777122139930725,-0.000153812195335834,-0.01240115063791969,0.5,0.46937212347984314,0.156365767121315,-0.1759129762649536,0.3337448382710758,0.4715498077599961,0.5,0.7554507255554199,0.20315438508987427,0.4589565694332123,0.8970948470510782,0.30383495922207626,0.5
4.716,TAKEOFF,-0.7618332505226135,-0.1757194548845291,0.4657081961631775,-0.9102615538233321,-0.2858066784637217,0.5,-0.7302302122116089,-0.3262888789176941,-1.1519516706466675,-0.35495948831648555,-0.4785010449002011,0.5,-0.34683117270469666,0.26370036602020264,-0.44777122139930725,-9.848021057978773e-05,-0.009923230936942157,0.5,0.46937212347984314,0.156365767121315,-0.1759129762649536,0.33608438142592456,0.4723681509029564,0.5,0.7554507255554199,0.20315438508987427,0.4589565694332123,0.8985960962236781,0.3018628033979086,0.5
4.736,TAKEOFF,-0.7618332505226135,-0.1757194548845291,0.4657081961631775,-0.9088221835643833,-0.28786181098862296,0.5,-0.7302302122116089,-0.3262888789176941,-1.1519516706466675,-0.352560151265615,-0.47776719331195366,0.5,-0.34683117270469666,0.26370036602020264,-0.44777122139930725,-5.497862162362477e-05,-0.007414553187805857,0.5,0.46937212347984314,0.156365767121315,-0.1759129762649536,0.3384568330162555,0.47318474743049577,0.5,0.7554507255554199,0.20315438508987427,0.4589565694332123,0.9001058535321225,0.2998588100578867,0.5
4.756,TAKEOFF,-0.7618332505226135,-0.1757194548845291,0.4657081961631775,-0.9073813830112567,-0.2898972383032232,0.5,-0.7302302122116089,-0.3262888789176941,-1.1519516706466675,-0.35017911299819837,-0.47702589218824737,0.5,-0.34683117270469666,0.26370036602020264,-0.44777122139930725,-2.421659697260381e-05,-0.0049209765828566576,0.5,0.46937212347984314,0.156365767121315,-0.1759129762649536,0.34081885930687505,0.47398456140219963,0.5,0.7813621759414673,0.2276526838541031,0.4758221209049225,0.9015964280866972,0.2978595456721276,0.5
4.776,TAKEOFF,-0.7864461541175842,-0.18207362294197083,0.4765740931034088,-0.9059284998280266,-0.2919281641557864,0.5,-0.770671010017395,-0.37873589992523193,-1.7868648767471313,-0.34779862213754625,-0.4762717087721783,0.5,-0.35899725556373596,0.27657100558280945,-0.09511174261569977,-5.8755184110803604e-06,-0.0024239397454112696,0.5,0.49126654863357544,0.29250943660736084,-0.12931473553180695,0.34318801475758587,0.4747736316228323,0.5,0.7813621759414673,0.2276526838541031,0.4758221209049225,0.90307898775843,0.29585018105054356,0.5
4.796,TAKEOFF,-0.7864461541175842,-0.18207362294197083,0.4765740931034088,-0.9044542607407703,-0.2939672617293242,0.5,-0.770671010017395,-0.37873589992523193,-1.7868648767471313,-0.3454037601711375,-0.475499739885078,0.5,-0.35899725556373596,0.27657100558280945,-0.09511174261569977,8.512062388277286e-09,9.22608386119292e-05,0.5,0.49126654863357544,0.29250943660736084,-0.12931473553180695,0.34557925071465895,0.4755567602191707,0.5,0.7813621759414673,0.2276526838541031,0.4758221209049225,0.9045627198613708,0.2938179805566195,0.5
4.816,TAKEOFF,-0.7864461541175842,-0.18207362294197083,0.4765740931034088,-0.9029835750867876,-0.2959801314451215,0.5,-0.770671010017395,-0.37873589992523193,-1.7868648767471313,-0.34303494045101124,-0.47472304566008,0.5,-0.35899725556373596,0.27657100558280945,-0.09511174261569977,6.6830657860506015e-06,0.002585153984323744,0.5,0.49126654863357544,0.29250943660736084,-0.12931473553180695,0.3479521955358461,0.4763207586885443,0.5,0.7813621759414673,0.2276526838541031,0.4758221209049225,0.9060226058605689,0.29179726443233345,0.5
4.836,TAKEOFF,-0.7864461541175842,-0.18207362294197083,0.4765740931034088,-0.9015039021237631,-0.29798425558977387,0.5,-0.770671010017395,-0.37873589992523193,-1.7868648767471313,-0.34067166103208335,-0.4739351014661445,0.5,-0.35899725556373596,0.27657100558280945,-0.09511174261569977,2.5769023000110636e-05,0.0050762544220664075,0.5,0.49126654863357544,0.29250943660736084,-0.12931473553180695,0.3503272707250401,0.4770723992345235,0.5,0.7813621759414673,0.2276526838541031,0.4758221209049225,0.9074713970961132,0.2897707033993285,0.5
4.856,TAKEOFF,-0.7864461541175842,-0.18207362294197083,0.4765740931034088,-0.9000065557911197,-0.29999125874619403,0.5,-0.770671010017395,-0.37873589992523193,-1.7868648767471313,-0.3383001821386932,-0.4731312385624312,0.5,-0.35899725556373596,0.27657100558280945,-0.09511174261569977,5.746079592544584e-05,0.007580072175276545,0.5,0.49126654863357544,0.29250943660736084,-0.12931473553180695,0.3527183362112619,0.4778159808039295,0.5,0.8023943901062012,0.2482990324497223,0.49434560537338257,0.9089174650629998,0.28772644432941924,0.5
4.876,TAKEOFF,-0.811324417591095,-0.19558177888393402,0.5023666620254517,-0.8985043250783065,-0.30198394476177615,0.5,-0.8114599585533142,-0.4450426697731018,-2.46769118309021,-0.3359408102989123,-0.47231830609729974,0.5,-0.3337668180465698,0.2438317835330963,-0.019393617287278175,0.00010151951965470252,0.010075178084868163,0.5,0.432849258184433,0.40012428164482117,-0.08164965361356735,0.35510493783980834,0.4785451085964563,0.5,0.8023943901062012,0.2482990324497223,0.49434560537338257,0.9103484072633181,0.2856819641777514,0.5
4.896,TAKEOFF,-0.811324417591095,-0.19558177888393402,0.5023666620254517,-0.8969907181890784,-0.3039710013664458,0.5,-0.8114599585533142,-0.4450426697731018,-2.46769118309021,-0.3335832769152195,-0.471492814661818,0.5,-0.3337668180465698,0.2438317835330963,-0.019393617287278175,0.00015809064814803486,0.012572416454087425,0.5,0.432849258184433,0.40012428164482117,-0.08164965361356735,0.357497434103692,0.4792629953511625,0.5,0.8023943901062012,0.2482990324497223,0.49434560537338257,0.911770480143862,0.2836284042230139,0.5
4.916,TAKEOFF,-0.811324417591095,-0.19558177888393402,0.5023666620254517,-0.8954634467046133,-0.3059553273282024,0.5,-0.8114599585533142,-0.4450426697731018,-2.46769118309021,-0.3312241179351133,-0.470653483608928,0.5,-0.3337668180465698,0.2438317835330963,-0.019393617287278175,0.0002273216980429038,0.015075477534343334,0.5,0.432849258184433,0.40012428164482117,-0.08164965361356735,0.3598993802257101,0.4799706411217876,0.5,0.8023943901062012,0.2482990324497223,0.49434560537338257,0.9131857334365203,0.28156269228099945,0.5
4.936,TAKEOFF,-0.811324417591095,-0.19558177888393402,0.5023666620254517,-0.893929799156479,-0.3079274481700782,0.5,-0.8114599585533142,-0.4450426697731018,-2.46769118309021,-0.3288745964017708,-0.46980431696967534,0.5,-0.3337668180465698,0.2438317835330963,-0.019393617287278175,0.0003088850812718591,0.01757241222138981,0.5,0.432849258184433,0.40012428164482117,-0.08164965361356735,0.3622993107021255,0.48066466498681826,0.5,0.8023943901062012,0.2482990324497223,0.49434560537338257,0.9145874086583528,0.27949468793154547,0.5
4.956,TAKEOFF,-0.811324417591095,-0.19558177888393402,0.5023666620254517,-0.892373941136432,-0.3099075512424048,0.5,-0.8114599585533142,-0.4450426697731018,-2.46769118309021,-0.3265106199028695,-0.4689364935612427,0.5,-0.3337668180465698,0.2438317835330963,-0.019393617287278175,0.00040372527639176425,0.02008885965636057,0.5,0.432849258184433,0.40012428164482117,-0.08164965361356735,0.36472190166511054,0.48135209162410003,0.5,0.824445366859436,0.2643257975578308,0.5074523091316223,0.915989812019196,0.27740309352318687,0.5
4.976,TAKEOFF,-0.8325579762458801,-0.20472261309623718,0.5177426338195801,-0.8908309755828941,-0.3118511640589517,0.5,-0.838524580001831,-0.5212031602859497,-3.1458377838134766,-0.32418533169075947,-0.4680696555079294,0.5,-0.3233558237552643,0.18980900943279266,0.056032199412584305,0.0005095836812061827,0.022568207852596844,0.5,0.4787781536579132,0.5945602655410767,-0.3618856370449066,0.36711261396939077,0.48201757502600656,0.5,0.824445366859436,0.2643257975578308,0.5074523091316223,0.9173614950757494,0.27533503668827775,0.5
4.996,TAKEOFF,-0.8325579762458801,-0.20472261309623718,0.5177426338195801,-0.8892645604778656,-0.31380424145631636,0.5,-0.838524580001831,-0.5212031602859497,-3.1458377838134766,-0.3218437958174676,-0.4671834403221842,0.5,-0.3233558237552643,0.18980900943279266,0.056032199412584305,0.0006288500306631528,0.025068996356098352,0.5,0.4787781536579132,0.5945602655410767,-0.3618856370449066,0.3695278605003612,0.48267693213410023,0.5,0.824445366859436,0.2643257975578308,0.5074523091316223,0.9187349331736423,0.27324175328830197,0.5
5.016,TRACK,-0.8325579762458801,-0.20472261309623718,0.5177426338195801,-0.8876829087535408,-0.31575617533215994,0.5,-0.838524580001831,-0.5212031602859497,-3.1458377838134766,-0.31949863912347043,-0.46628238088278745,0.5,-0.3233558237552643,0.18980900943279266,0.056032199412584305,0.0007611152091533957,0.027577815591373084,0.5,0.4787781536579132,0.5945602655410767,-0.3618856370449066,0.37195476157019336,0.4833264082537328,0.5,0.824445366859436,0.2643257975578308,0.5074523091316223,0.9201025753436418,0.2711343323698415,0.5
5.036,TRACK,-0.8325579762458801,-0.20472261309623718,0.5177426338195801,-0.8861055008245861,-0.31768308458744793,0.5,-0.838524580001831,-0.5212031602859497,-3.1458377838134766,-0.31717859366281054,-0.4653776244996017,0.5,-0.3233558237552643,0.18980900943279266,0.056032199412584305,0.0009046561879754722,0.03006389504300826,0.5,0.4787781536579132,0.5945602655410767,-0.3618856370449066,0.3743635202345437,0.4839581334703903,0.5,0.824445366859436,0.2643257975578308,0.5074523091316223,0.9214477290900841,0.2690386805736511,0.5
5.056,TRACK,-0.8325579762458801,-0.20472261309623718,0.5177426338195801,-0.8844994270777774,-0.31962507814134505,0.5,-0.838524580001831,-0.5212031602859497,-3.1458377838134766,-0.3148353439567902,-0.46445026660816957,0.5,-0.3233558237552643,0.18980900943279266,0.056032199412584305,0.0010625219723353063,0.032579027293545886,0.5,0.4787781536579132,0.5945602655410767,-0.3618856370449066,0.3768043363609591,0.4845852127959914,0.5,0.8447823524475098,0.272927463054657,0.5212858319282532,0.9227983706321379,0.26691110465997736,0.5
5.076,TRACK,-0.8449625968933105,-0.22247834503650665,0.5297057628631592,-0.8829103791047647,-0.3215270464110996,0.5,-0.8524057269096375,-0.6084386706352234,-3.8244259357452393,-0.31253542181151556,-0.4635267326968463,0.5,-0.4758611023426056,0.19594570994377136,0.19379845261573792,0.0012301398880897318,0.03505177091026132,0.5,0.3295203149318695,0.6900385618209839,-0.19836720824241638,0.3792078520752934,0.48518991848526266,0.5,0.8447823524475098,0.272927463054657,0.5212858319282532,0.9241162071203366,0.2648120897124219,0.5
5.096,TRACK,-0.8449625968933105,-0.22247834503650665,0.5297057628631592,-0.8812995658446772,-0.32343568307572484,0.5,-0.8524057269096375,-0.6084386706352234,-3.8244259357452393,-0.3102224318022523,-0.46258455941476173,0.5,-0.4758611023426056,0.19594570994377136,0.19379845261573792,0.001411446706813646,0.03754270268650689,0.5,0.3295203149318695,0.6900385618209839,-0.19836720824241638,0.3816328958609202,0.48578722570455496,0.5,0.8447823524475098,0.272927463054657,0.5212858319282532,0.9254336597853366,0.2626903140994247,0.5
5.116,TRACK,-0.8449625968933105,-0.22247834503650665,0.5297057628631592,-0.8796705126528557,-0.32534643354725395,0.5,-0.8524057269096375,-0.6084386706352234,-3.8244259357452393,-0.30790179499427694,-0.46162569212900095,0.5,-0.4758611023426056,0.19594570994377136,0.19379845261573792,0.001606267475762202,0.040046065731336504,0.5,0.3295203149318695,0.6900385618209839,-0.19836720824241638,0.38407393852582017,0.4863755218666794,0.5,0.8447823524475098,0.272927463054657,0.5212858319282532,0.9267474863512849,0.2605505380782391,0.5
5.136,TRACK,-0.8449625968933105,-0.22247834503650665,0.5297057628631592,-0.8780481516715299,-0.3272301865930768,0.5,-0.8524057269096375,-0.6084386706352234,-3.8244259357452393,-0.3056089022707158,-0.46066484685029296,0.5,-0.4758611023426056,0.19594570994377136,0.19379845261573792,0.0018115428213698603,0.04252365381733076,0.5,0.3295203149318695,0.6900385618209839,-0.19836720824241638,0.3864936983900192,0.4869459102352376,0.5,0.8447823524475098,0.272927463054657,0.5212858319282532,0.928037704846365,0.2584254693908014,0.5
5.156,TRACK,-0.8449625968933105,-0.22247834503650665,0.5297057628631592,-0.8764090882787741,-0.3291142632295691,0.5,-0.8524057269096375,-0.6084386706352234,-3.8244259357452393,-0.3033105404651609,-0.4596882166293725,0.5,-0.4758611023426056,0.19594570994377136,0.19379845261573792,0.0020301404998482875,0.04501132112479221,0.5,0.3295203149318695,0.6900385618209839,-0.19836720824241638,0.38892716099073554,0.4875067429630302,0.5,0.8662815690040588,0.27887076139450073,0.5350562930107117,0.9293230697654811,0.25628441577111916,0.5
5.176,TRACK,-0.858649730682373,-0.23770293593406677,0.5370467305183411,-0.8747550520930929,-0.33099645153793306,0.5,-0.8394632935523987,-0.6975705027580261,-4.505031585693359,-0.3010093477189102,-0.4586967629106907,0.5,-0.6305522918701172,0.18966044485569,0.31654930114746094,0.0022619613536818406,0.047506261529574,0.5,0.3295203149318695,0.6900385618209839,-0.19836720824241638,0.39137162690395644,0.488057247214409,0.5,0.8662815690040588,0.27887076139450073,0.5350562930107117,0.9306020119303586,0.2541297057046408,0.5
5.196,TRACK,-0.858649730682373,-0.23770293593406677,0.5370467305183411,-0.8730980723271122,-0.33286307759466643,0.5,-0.8394632935523987,-0.6975705027580261,-4.505031585693359,-0.29872204593714413,-0.45769770068055937,0.5,-0.6305522918701172,0.18966044485569,0.31654930114746094,0.002505310876002864,0.04999034200140483,0.5,0.2772398591041565,0.802375316619873,-0.0184935312718153,0.39380932696166293,0.488593431146659,0.5,0.8662815690040588,0.27887076139450073,0.5350562930107117,0.9318652438980777,0.251977005127162,0.5
5.216,TRACK,-0.858649730682373,-0.23770293593406677,0.5370467305183411,-0.8714221586809483,-0.3347321018975987,0.5,-0.8394632935523987,-0.6975705027580261,-4.505031585693359,-0.2964266123969569,-0.4566813723591331,0.5,-0.6305522918701172,0.18966044485569,0.31654930114746094,0.002762568575414459,0.05248749175070768,0.5,0.2772398591041565,0.802375316619873,-0.0184935312718153,0.3962637545039542,0.48912042624530017,0.5,0.8662815690040588,0.27887076139450073,0.5350562930107117,0.933124905842726,0.24980555626072398,0.5
5.236,TRACK,-0.858649730682373,-0.23770293593406677,0.5370467305183411,-0.869753032193453,-0.3365749473501366,0.5,-0.8394632935523987,-0.6975705027580261,-4.505031585693359,-0.29415817377039843,-0.45566340929952065,0.5,-0.6305522918701172,0.18966044485569,0.31654930114746094,0.00302972289030351,0.054959472973377894,0.5,0.2772398591041565,0.802375316619873,-0.0184935312718153,0.3986973035773552,0.48963023160084945,0.5,0.8662815690040588,0.27887076139450073,0.5350562930107117,0.9343617675684897,0.24764865207542996,0.5
5.256,TRACK,-0.858649730682373,-0.23770293593406677,0.5370467305183411,-0.8680464009565203,-0.33844031489016246,0.5,-0.8394632935523987,-0.6975705027580261,-4.505031585693359,-0.291856725760828,-0.45461673681134623,0.5,-0.6305522918701172,0.18966044485569,0.31654930114746094,0.003313981033981006,0.05747171968618496,0.5,0.2772398591041565,0.802375316619873,-0.0184935312718153,0.40117443278129733,0.490136212969315,0.5,0.8846251368522644,0.29785969853401184,0.5338448286056519,0.9356084594673733,0.24544911904600877,0.5
5.276,TRACK,-0.8719071745872498,-0.2542465329170227,0.5464514493942261,-0.8663650417469935,-0.3402596893340787,0.5,-0.8028935194015503,-0.7968240976333618,-5.18589448928833,-0.2896068292709679,-0.45357988680119443,0.5,-0.7774251699447632,0.19113747775554657,0.44486287236213684,0.0036048277416052543,0.05993190267761068,0.5,0.19378134608268738,0.9620617628097534,-0.06988507509231567,0.40360408242198514,0.4906198396664087,0.5,0.8846251368522644,0.29785969853401184,0.5338448286056519,0.9368192188184481,0.24328783379125382,0.5
5.296,TRACK,-0.8719071745872498,-0.2542465329170227,0.5464514493942261,-0.8646550536625395,-0.34209164245618523,0.5,-0.8028935194015503,-0.7968240976333618,-5.18589448928833,-0.28733612293836636,-0.45251969613831655,0.5,-0.7774251699447632,0.19113747775554657,0.44486287236213684,0.00391144213404182,0.06241908966393101,0.5,0.19378134608268738,0.9620617628097534,-0.06988507509231567,0.40606428687055246,0.4910968150974532,0.5,0.8846251368522644,0.29785969853401184,0.5338448286056519,0.9380330943944999,0.24109543383311763,0.5
5.316,TRACK,-0.8719071745872498,-0.2542465329170227,0.5464514493942261,-0.8629381396563923,-0.3439126441158526,0.5,-0.8028935194015503,-0.7968240976333618,-5.18589448928833,-0.2850736918379756,-0.4514495343444741,0.5,-0.7774251699447632,0.19113747775554657,0.44486287236213684,0.0042300968229426195,0.06490148768565454,0.5,0.19378134608268738,0.9620617628097534,-0.06988507509231567,0.4085236573993584,0.4915608596546414,0.5,0.8846251368522644,0.29785969853401184,0.5338448286056519,0.9392344142833309,0.23889983112003077,0.5
5.336,TRACK,-0.8719071745872498,-0.2542465329170227,0.5464514493942261,-0.8612089792453075,-0.3457283229828923,0.5,-0.8028935194015503,-0.7968240976333618,-5.18589448928833,-0.28281253866695244,-0.45036608069403494,0.5,-0.7774251699447632,0.19113747775554657,0.44486287236213684,0.0045617877205656465,0.06738677773390081,0.5,0.19378134608268738,0.9620617628097534,-0.06988507509231567,0.41098980681887154,0.4920133997259203,0.5,0.8846251368522644,0.29785969853401184,0.5338448286056519,0.9404268875483028,0.23669422621710615,0.5
5.356,TRACK,-0.8719071745872498,-0.2542465329170227,0.5464514493942261,-0.8594748163800265,-0.34753108693834317,0.5,-0.8028935194015503,-0.7968240976333618,-5.18589448928833,-0.2805621224633931,-0.44927387849977335,0.5,-0.7774251699447632,0.19113747775554657,0.44486287236213684,0.0049051168832133785,0.06986455976799255,0.5,0.19378134608268738,0.9620617628097534,-0.06988507509231567,0.4134524121142762,0.4924525510454412,0.5,0.9024839997291565,0.30261990427970886,0.5429386496543884,0.9416055321590906,0.23448785462468275,0.5
5.376,TRACK,-0.8743019700050354,-0.2749057412147522,0.5565531253814697,-0.8577493122698765,-0.34930707059896515,0.5,-0.7514841556549072,-0.900931715965271,-5.866159915924072,-0.2783398515362247,-0.44818163570478553,0.5,-0.8837725520133972,0.22654816508293152,0.520027220249176,0.00525718202816261,0.07231558659988419,0.5,0.19771265983581543,1.1074590682983398,-0.15289659798145294,0.4158922712672774,0.4928751261399004,0.5,0.9024839997291565,0.30261990427970886,0.5429386496543884,0.9427613828984587,0.23229799356396608,0.5
5.396,TRACK,-0.8743019700050354,-0.2749057412147522,0.5565531253814697,-0.8559981675243551,-0.35109159021443576,0.5,-0.7514841556549072,-0.900931715965271,-5.866159915924072,-0.27610153904149837,-0.4470676449715572,0.5,-0.8837725520133972,0.22654816508293152,0.520027220249176,0.005624973574499592,0.07478859035164231,0.5,0.19771265983581543,1.1074590682983398,-0.15289659798145294,0.4183578914384149,0.49328953577956464,0.5,0.9024839997291565,0.30261990427970886,0.5429386496543884,0.943917428421232,0.23008110905478601,0.5
5.416,TRACK,-0.8743019700050354,-0.2749057412147522,0.5565531253814697,-0.8542285304093673,-0.35287695907216715,0.5,-0.7514841556549072,-0.900931715965271,-5.866159915924072,-0.2738567044129546,-0.4459363293801372,0.5,-0.8837725520133972,0.22654816508293152,0.520027220249176,0.006007226589924475,0.07727315069687397,0.5,0.19771265983581543,1.1074590682983398,-0.15289659798145294,0.42083897142279336,0.49369376292859796,0.5,0.9024839997291565,0.30261990427970886,0.5429386496543884,0.9450685671649601,0.22784637482683243,0.5
5.436,TRACK,-0.8743019700050354,-0.2749057412147522,0.5565531253814697,-0.8524541250864732,-0.35464924884951987,0.5,-0.7514841556549072,-0.900931715965271,-5.866159915924072,-0.27162283527175635,-0.44479643729540896,0.5,-0.8837725520133972,0.22654816508293152,0.520027220249176,0.00640102485713856,0.07974993252609577,0.5,0.19771265983581543,1.1074590682983398,-0.15289659798145294,0.42331622127784074,0.4940846061970469,0.5,0.9024839997291565,0.30261990427970886,0.5429386496543884,0.9462057935067911,0.22561114742178617,0.5
5.456,TRACK,-0.8743019700050354,-0.2749057412147522,0.5565531253814697,-0.8506791164493984,-0.3564044855024544,0.5,-0.7514841556549072,-0.900931715965271,-5.866159915924072,-0.26940499818132446,-0.44365070171954535,0.5,-0.8837725520133972,0.22654816508293152,0.520027220249176,0.006805334790816242,0.08221327270703392,0.5,0.19771265983581543,1.1074590682983398,-0.15289659798145294,0.42578393564927464,0.4944612985788564,0.5,0.9199464917182922,0.30433282256126404,0.5500523447990417,0.9473266149291861,0.22338061593610947,0.5
5.476,TRACK,-0.8811206817626953,-0.2902753949165344,0.561503529548645,-0.8488878950840739,-0.3581581168475793,0.5,-0.6861752867698669,-1.0103801488876343,-6.545653343200684,-0.2671836778207912,-0.4424890508554385,0.5,-0.9230253100395203,0.21309345960617065,0.6175423264503479,0.007223704673429088,0.08468484376923752,0.5,0.20566269755363464,1.399528980255127,-0.4242832362651825,0.42826382281713193,0.49482716263680204,0.5,0.9199464917182922,0.30433282256126404,0.5500523447990417,0.9484408996045738,0.22113516129697824,0.5
5.496,TRACK,-0.8811206817626953,-0.2902753949165344,0.561503529548645,-0.847102534387842,-0.35988863641623503,0.5,-0.6861752867698669,-1.0103801488876343,-6.545653343200684,-0.2649861491122202,-0.4413258318871629,0.5,-0.9230253100395203,0.21309345960617065,0.6175423264503479,0.00765091793651046,0.08713427219664613,0.5,0.20566269755363464,1.399528980255127,-0.4242832362651825,0.430725383842732,0.4951777736896752,0.5,0.9199464917182922,0.30433282256126404,0.5500523447990417,0.9495350147206953,0.2189024224170766,0.5
5.516,TRACK,-0.8811206817626953,-0.2902753949165344,0.561503529548645,-0.8452917133627782,-0.3616263716641764,0.5,-0.6861752867698669,-1.0103801488876343,-6.545653343200684,-0.2627738902105536,-0.44014062847477,0.5,-0.9230253100395203,0.21309345960617065,0.6175423264503479,0.008094487768429748,0.08960450343702868,0.5,0.20566269755363464,1.399528980255127,-0.4242832362651825,0.4332117839769088,0.4955192571439105,0.5,0.9199464917182922,0.30433282256126404,0.5500523447990417,0.9506281246813295,0.2166432395580072,0.5
5.536,TRACK,-0.8811206817626953,-0.2902753949165344,0.561503529548645,-0.8434806390375877,-0.36334701128030533,0.5,-0.6861752867698669,-1.0103801488876343,-6.545653343200684,-0.26057781194687857,-0.43894990131888145,0.5,-0.9230253100395203,0.21309345960617065,0.6175423264503479,0.008548311084714155,0.09206105290682422,0.5,0.20566269755363464,1.399528980255127,-0.4242832362651825,0.43568834047493477,0.49584676105540115,0.5,0.9199464917182922,0.30433282256126404,0.5500523447990417,0.9517048974558846,0.21438909863696143,0.5
5.556,TRACK,-0.8811206817626953,-0.2902753949165344,0.561503529548645,-0.8416562253327273,-0.3650630407085777,0.5,-0.6861752867698669,-1.0103801488876343,-6.545653343200684,-0.25838199613739343,-0.4377450630326394,0.5,-0.9230253100395203,0.21309345960617065,0.6175423264503479,0.009015635986278414,0.0945217133469414,0.5,0.20566269755363464,1.399528980255127,-0.4242832362651825,0.43817297895737584,0.49616269455592377,0.5,0.9355233311653137,0.3041185438632965,0.5510063767433167,0.9527731635862249,0.21212369583835194,0.5
5.576,TRACK,-0.8816238641738892,-0.3072734773159027,0.5666069984436035,-0.8398431753619903,-0.36675143647964015,0.5,-0.6080489158630371,-1.1256111860275269,-7.224244117736816,-0.25621597308463057,-0.4365424930300903,0.5,-0.8819975256919861,0.16291193664073944,0.717790961265564,0.009490010089992229,0.09695333825343025,0.5,0.20566269755363464,1.399528980255127,-0.4242832362651825,0.4406321813296166,0.49646295139347557,0.5,0.9355233311653137,0.3041185438632965,0.5510063767433167,0.9538186601337703,0.20987763986282468,0.5
5.596,TRACK,-0.8816238641738892,-0.3072734773159027,0.5666069984436035,-0.838003159120325,-0.3684479127701503,0.5,-0.6080489158630371,-1.1256111860275269,-7.224244117736816,-0.2540339319652001,-0.43531677359768733,0.5,-0.8819975256919861,0.16291193664073944,0.717790961265564,0.009981450754999677,0.09940735081383667,0.5,0.2415572553873062,1.7156089544296265,-0.8244970440864563,0.4431179494834755,0.49675389513222296,0.5,0.9355233311653137,0.3041185438632965,0.5510063767433167,0.9548635086759997,0.20760344042177808,0.5
5.616,TRACK,-0.8816238641738892,-0.3072734773159027,0.5666069984436035,-0.8361502177856677,-0.37013920500623565,0.5,-0.6080489158630371,-1.1256111860275269,-7.224244117736816,-0.2518528271011229,-0.4340771597104538,0.5,-0.8819975256919861,0.16291193664073944,0.717790961265564,0.010486395150629435,0.1018647665651587,0.5,0.2415572553873062,1.7156089544296265,-0.8244970440864563,0.44561112714648066,0.49703304770379575,0.5,0.9355233311653137,0.3041185438632965,0.5510063767433167,0.9558994328160991,0.205318550447735,0.5
5.636,TRACK,-0.8816238641738892,-0.3072734773159027,0.5666069984436035,-0.8342877720920355,-0.37182211530480985,0.5,-0.6080489158630371,-1.1256111860275269,-7.224244117736816,-0.24967675692489089,-0.43282591647954705,0.5,-0.8819975256919861,0.16291193664073944,0.717790961265564,0.011003955513445296,0.10432098770862652,0.5,0.2415572553873062,1.7156089544296265,-0.8244970440864563,0.4481070672181626,0.49729983262343824,0.5,0.9355233311653137,0.3041185438632965,0.5510063767433167,0.9569244482514656,0.20302721145229216,0.5
5.656,TRACK,-0.8816238641738892,-0.3072734773159027,0.5666069984436035,-0.8324196839053474,-0.37349317765157225,0.5,-0.6080489158630371,-1.1256111860275269,-7.224244117736816,-0.2475102111941893,-0.43156564570039296,0.5,-0.8819975256919861,0.16291193664073944,0.717790961265564,0.011533044800378867,0.10677094023193445,0.5,0.2415572553873062,1.7156089544296265,-0.8244970440864563,0.45060060811127256,0.4975537157745121,0.5,0.9474728107452393,0.29395589232444763,0.556316614151001,0.9579364519888117,0.20073416734551877,0.5
5.676,TRACK,-0.8701925277709961,-0.32713326811790466,0.5704034566879272,-0.8305529916792347,-0.3751462643981782,0.5,-0.5171486139297485,-1.2465602159500122,-7.9019880294799805,-0.24536119265069217,-0.43030114779270817,0.5,-0.9178047776222229,0.08042073994874954,0.8848646879196167,0.012071570524156583,0.1092055296641927,0.5,0.32299482822418213,2.0113139152526855,-1.3735616207122803,0.4530824538558805,0.4977938768846142,0.5,0.9474728107452393,0.29395589232444763,0.556316614151001,0.958931791290036,0.1984480056420795,0.5
5.696,TRACK,-0.8701925277709961,-0.32713326811790466,0.5704034566879272,-0.8286746877126769,-0.3767929798403552,0.5,-0.5171486139297485,-1.2465602159500122,-7.9019880294799805,-0.24321464535265763,-0.42902363762226275,0.5,-0.9178047776222229,0.08042073994874954,0.8848646879196167,0.012623235302069769,0.11164178981267868,0.5,0.32299482822418213,2.0113139152526855,-1.3735616207122803,0.4555699487370615,0.4980220582913699,0.5,0.9474728107452393,0.29395589232444763,0.556316614151001,0.9599174828955341,0.19615276935856935,0.5
5.716,TRACK,-0.8701925277709961,-0.32713326811790466,0.5704034566879272,-0.8267995260468307,-0.3784204933345534,0.5,-0.5171486139297485,-1.2465602159500122,-7.9019880294799805,-0.24108733121669523,-0.4277431822291347,0.5,-0.9178047776222229,0.08042073994874954,0.8848646879196167,0.01318364452714299,0.11406066826090815,0.5,0.32299482822418213,2.0113139152526855,-1.3735616207122803,0.45804361482172823,0.49823655199390227,0.5,0.9474728107452393,0.29395589232444763,0.556316614151001,0.9608858833876027,0.1938664553088777,0.5
5.736,TRACK,-0.8701925277709961,-0.32713326811790466,0.5704034566879272,-0.8248947401696378,-0.38005711124790637,0.5,-0.5171486139297485,-1.2465602159500122,-7.9019880294799805,-0.2389422038788176,-0.426437365957008,0.5,-0.9178047776222229,0.08042073994874954,0.8848646879196167,0.013762668799330857,0.11650432501349807,0.5,0.32299482822418213,2.0113139152526855,-1.3735616207122803,0.46054659884012916,0.4984409986517143,0.5,0.9474728107452393,0.29395589232444763,0.556316614151001,0.9618537883120843,0.19154915353970195,0.5
5.756,TRACK,-0.8701925277709961,-0.32713326811790466,0.5704034566879272,-0.822982304205377,-0.3816836794653202,0.5,-0.5171486139297485,-1.2465602159500122,-7.9019880294799805,-0.23680427036283702,-0.4251211684928915,0.5,-0.9178047776222229,0.08042073994874954,0.8848646879196167,0.014353789185028276,0.11894434799964236,0.5,0.32299482822418213,2.0113139152526855,-1.3735616207122803,0.4630498648459136,0.498632818326366,0.5,0.9542312026023865,0.2890945076942444,0.5524399280548096,0.962809771400844,0.18922768163220335,0.5
5.776,TRACK,-0.8630563616752625,-0.33899229764938354,0.5658062696456909,-0.8210784940581705,-0.3832865777109047,0.5,-0.4135221540927887,-1.3731378316879272,-8.578903198242188,-0.2346915138518656,-0.42380586024474126,0.5,-0.8552608489990234,0.009046969935297966,1.0286353826522827,0.014951843998501746,0.12136015144826674,0.5,0.4731687903404236,2.2385146617889404,-2.027648687362671,0.4655322395587472,0.4988105587196049,0.5,0.9542312026023865,0.2890945076942444,0.5524399280548096,0.9637459085327149,0.18692172778777436,0.5
5.796,TRACK,-0.8630563616752625,-0.33899229764938354,0.5658062696456909,-0.8191609710230832,-0.3848847549275011,0.5,-0.4135221540927887,-1.3731378316879272,-8.578903198242188,-0.2325790097908797,-0.42247605138702665,0.5,-0.8552608489990234,0.009046969935297966,1.0286353826522827,0.015563767722527544,0.12378019573747147,0.5,0.4731687903404236,2.2385146617889404,-2.027648687362671,0.4680229332797034,0.4989764194868989,0.5,0.9542312026023865,0.2890945076942444,0.5524399280548096,0.9646733181838061,0.18460419109015747,0.5
5.816,TRACK,-0.8630563616752625,-0.33899229764938354,0.5658062696456909,-0.8172375893724533,-0.38647161847819395,0.5,-0.4135221540927887,-1.3731378316879272,-8.578903198242188,-0.23047545525380847,-0.42113717453979077,0.5,-0.8552608489990234,0.009046969935297966,1.0286353826522827,0.016187081172058415,0.12619453068650632,0.5,0.4731687903404236,2.2385146617889404,-2.027648687362671,0.4705117167142296,0.49912968369839333,0.5,0.9542312026023865,0.2890945076942444,0.5524399280548096,0.9655881574874501,0.18228457863308511,0.5
5.836,TRACK,-0.8630563616752625,-0.33899229764938354,0.5658062696456909,-0.815295377595284,-0.38805775970472134,0.5,-0.4135221540927887,-1.3731378316879272,-8.578903198242188,-0.22836676885873475,-0.41978016596756446,0.5,-0.8552608489990234,0.009046969935297966,1.0286353826522827,0.016826053085457593,0.12861934933369454,0.5,0.4731687903404236,2.2385146617889404,-2.027648687362671,0.4730153094696406,0.49927129546668386,0.5,0.9542312026023865,0.2890945076942444,0.5524399280548096,0.9664964909908829,0.17994728087190742,0.5
5.856,TRACK,-0.8630563616752625,-0.33899229764938354,0.5658062696456909,-0.8133413338217418,-0.38963727814316196,0.5,-0.4135221540927887,-1.3731378316879272,-8.578903198242188,-0.2262607248214703,-0.41840985794401786,0.5,-0.8552608489990234,0.009046969935297966,1.0286353826522827,0.017478490062166396,0.1310457647057437,0.5,0.4731687903404236,2.2385146617889404,-2.027648687362671,0.4755245817340283,0.49940059461388886,0.5,0.9578559398651123,0.2734990417957306,0.5524262189865112,0.9673948695605931,0.17760077676754732,0.5
5.876,TRACK,-0.8546551465988159,-0.35302966833114624,0.5675305724143982,-0.8113900334423377,-0.3911984752945489,0.5,-0.2958725392818451,-1.506797432899475,-9.261704444885254,-0.22417295311905622,-0.4170364974542847,0.5,-0.7906144857406616,-0.048165131360292435,1.1845004558563232,0.018139476568728274,0.1334557453185919,0.5,0.6879904866218567,2.383432388305664,-2.7731456756591797,0.4780208655636027,0.4995166840551242,0.5,0.9578559398651123,0.2734990417957306,0.5524262189865112,0.9682766713062749,0.17526254337511757,0.5
5.896,TRACK,-0.8546551465988159,-0.35302966833114624,0.5675305724143982,-0.8094333892571105,-0.3927479823154506,0.5,-0.2958725392818451,-1.506797432899475,-9.261704444885254,-0.22209464806460238,-0.4156544422542153,0.5,-0.7906144857406616,-0.048165131360292435,1.1845004558563232,0.01881165759131237,0.13585940942746508,0.5,0.6879904866218567,2.383432388305664,-2.7731456756591797,0.4805146013366062,0.4996201749718766,0.5,0.9578559398651123,0.2734990417957306,0.5524262189865112,0.9691457037503685,0.17292284017032428,0.5
5.916,TRACK,-0.8546551465988159,-0.35302966833114624,0.5675305724143982,-0.8074638643695192,-0.3942917347687647,0.5,-0.2958725392818451,-1.506797432899475,-9.261704444885254,-0.2200178355732213,-0.4142583585190482,0.5,-0.7906144857406616,-0.048165131360292435,1.1845004558563232,0.019497641770969798,0.13826598908025337,0.5,0.6879904866218567,2.383432388305664,-2.7731456756591797,0.4830153753667603,0.49971143925876654,0.5,0.9578559398651123,0.2734990417957306,0.5524262189865112,0.9700052829195294,0.17057266494879297,0.5
5.936,TRACK,-0.8546551465988159,-0.35302966833114624,0.5675305724143982,-0.8054864963228914,-0.39582571993790905,0.5,-0.2958725392818451,-1.506797432899475,-9.261704444885254,-0.21794788865166448,-0.41285179723957377,0.5,-0.7906144857406616,-0.048165131360292435,1.1845004558563232,0.0201957122651672,0.14066927692737244,0.5,0.6879904866218567,2.383432388305664,-2.7731456756591797,0.4855167535802745,0.4997901915535613,0.5,0.9578559398651123,0.2734990417957306,0.5524262189865112,0.9708531491800022,0.16821804869654913,0.5
5.956,TRACK,-0.8546551465988159,-0.35302966833114624,0.5675305724143982,-0.8035171536135048,-0.3973378127769318,0.5,-0.2958725392818451,-1.506797432899475,-9.261704444885254,-0.2159012425389198,-0.41144610340732396,0.5,-0.7906144857406616,-0.048165131360292435,1.1845004558563232,0.020900158113934753,0.1430501363325016,0.5,0.6879904866218567,2.383432388305664,-2.7731456756591797,0.4879987711707913,0.4998559497561162,0.5,0.9753339290618896,0.25244084000587463,0.5591914653778076,0.9716826745628492,0.16587783009563797,0.5
5.976,TRACK,-0.8476212024688721,-0.36304816603660583,0.5652564167976379,-0.8015296999780992,-0.39884814156658355,0.5,-0.16658231616020203,-1.6449142694473267,-9.936864852905273,-0.21385067755290071,-0.41002263993963306,0.5,-0.7011261582374573,-0.07967294007539749,1.3142433166503906,0.021620292891840143,0.14544021392693013,0.5,0.9608796238899231,2.4487149715423584,-3.6082653999328613,0.49049440392603677,0.49990963547753176,0.5,0.9753339290618896,0.25244084000587463,0.5591914653778076,0.972504925651123,0.1635209321017548,0.5
5.996,TRACK,-0.8476212024688721,-0.36304816603660583,0.5652564167976379,-0.7995312469824506,-0.40035113598082644,0.5,-0.16658231616020203,-1.6449142694473267,-9.936864852905273,-0.21180368898316482,-0.40858644901206354,0.5,-0.7011261582374573,-0.07967294007539749,1.3142433166503906,0.02235363737680951,0.14783082314874524,0.5,0.9608796238899231,2.4487149715423584,-3.6082653999328613,0.492994624312946,0.49995092230286287,0.5,0.9753339290618896,0.25244084000587463,0.5591914653778076,0.973316802344629,0.16115583954128193,0.5
6.016,TRACK,-0.8476212024688721,-0.36304816603660583,0.5652564167976379,-0.7975254221018537,-0.4018440284527241,0.5,-0.16658231616020203,-1.6449142694473267,-9.936864852905273,-0.20976402989379406,-0.4071401253334158,0.5,-0.7011261582374573,-0.07967294007539749,1.3142433166503906,0.023098883614712518,0.150217592812781,0.5,0.9608796238899231,2.4487149715423584,-3.6082653999328613,0.49549487090732885,0.4999797033999064,0.5,0.9753339290618896,0.25244084000587463,0.5591914653778076,0.9741167934823107,0.15878685757345254,0.5
6.036,TRACK,-0.8476212024688721,-0.36304816603660583,0.5652564167976379,-0.7955128537964983,-0.40332636070687156,0.5,-0.16658231616020203,-1.6449142694473267,-9.936864852905273,-0.20773233033547744,-0.40568412498996004,0.5,-0.7011261582374573,-0.07967294007539749,1.3142433166503906,0.023855792538100218,0.1525997827668156,0.5,0.9608796238899231,2.4487149715423584,-3.6082653999328613,0.49799436590668716,0.49999597741570256,0.5,0.9753339290618896,0.25244084000587463,0.5591914653778076,0.974904657423237,0.15641472551431343,0.5
6.056,TRACK,-0.8476212024688721,-0.36304816603660583,0.5652564167976379,-0.7934767344291271,-0.4048103337969717,0.5,-0.16658231616020203,-1.6449142694473267,-9.936864852905273,-0.20569179257103737,-0.40420623330170297,0.5,-0.7011261582374573,-0.07967294007539749,1.3142433166503906,0.02463079021171971,0.15499714315194957,0.5,0.9608796238899231,2.4487149715423584,-3.6082653999328613,0.5005138785746261,0.4999997359287408,0.5,0.9855027794837952,0.23768450319766998,0.561336874961853,0.9756868042134896,0.15401968801798427,0.5
6.076,TRACK,-0.841808557510376,-0.37077566981315613,0.5626018047332764,-0.791450526053104,-0.406271572797518,0.5,-0.024538442492485046,-1.7887818813323975,-10.611160278320312,-0.2036759388753671,-0.4027307423063266,0.5,-0.6268026232719421,-0.0821463093161583,1.4045201539993286,0.025411132487471566,0.15737028573773293,0.5,1.29196035861969,2.434375286102295,-4.533082485198975,0.5030120103195694,0.49999092771152837,0.5,0.9855027794837952,0.23768450319766998,0.561336874961853,0.9764503922644878,0.15164110165458333,0.5
6.096,TRACK,-0.841808557510376,-0.37077566981315613,0.5626018047332764,-0.7894289258451984,-0.4077142343407876,0.5,-0.024538442492485046,-1.7887818813323975,-10.611160278320312,-0.20167917739375746,-0.4012538931892559,0.5,-0.6268026232719421,-0.0821463093161583,1.4045201539993286,0.026198666232315704,0.15972569023160746,0.5,1.29196035861969,2.434375286102295,-4.533082485198975,0.5054954944227803,0.4999697986289264,0.5,0.9855027794837952,0.23768450319766998,0.561336874961853,0.9771977361059481,0.14927263866950968,0.5
6.116,TRACK,-0.841808557510376,-0.37077566981315613,0.5626018047332764,-0.7873875032800607,-0.4091557441347404,0.5,-0.024538442492485046,-1.7887818813323975,-10.611160278320312,-0.19967738584558736,-0.39975783598005904,0.5,-0.6268026232719421,-0.0821463093161583,1.4045201539993286,0.02700291358229201,0.1620918142299582,0.5,1.29196035861969,2.434375286102295,-4.533082485198975,0.5079943381685978,0.4999360864723071,0.5,0.9855027794837952,0.23768450319766998,0.561336874961853,0.977937859123462,0.14688567941253414,0.5
6.136,TRACK,-0.841808557510376,-0.37077566981315613,0.5626018047332764,-0.7853367966925371,-0.41058849527628233,0.5,-0.024538442492485046,-1.7887818813323975,-10.611160278320312,-0.1976810553501731,-0.39825024256843194,0.5,-0.6268026232719421,-0.0821463093161583,1.4045201539993286,0.027819820070871637,0.16445630934110114,0.5,1.29196035861969,2.434375286102295,-4.533082485198975,0.5104955446395846,0.4998898314055993,0.5,0.9855027794837952,0.23768450319766998,0.561336874961853,0.9786667832468334,0.1444925970980139,0.5
6.156,TRACK,-0.841808557510376,-0.37077566981315613,0.5626018047332764,-0.7832662508562267,-0.41201969749740996,0.5,-0.024538442492485046,-1.7887818813323975,-10.611160278320312,-0.1956800673005814,-0.3967233022672368,0.5,-0.6268026232719421,-0.0821463093161583,1.4045201539993286,0.028653687281451956,0.16683121256715935,0.5,1.29196035861969,2.434375286102295,-4.533082485198975,0.5130118909674191,0.4998306620180999,0.5,0.9803047776222229,0.21696710586547852,0.5676200985908508,0.9793881035943208,0.1420811251793875,0.5
6.176,TRACK,-0.8362005949020386,-0.377864807844162,0.5615561008453369,-0.7812110990296706,-0.4134251054090992,0.5,0.13189736008644104,-1.939937710762024,-11.291409492492676,-0.19370836810768993,-0.3952030316593556,0.5,-0.5322429537773132,-0.06181354075670242,1.474231481552124,0.02949026199121052,0.16917619938661668,0.5,4.98653607792221e-05,1.1149076044603135e-06,-0.003559160977602005,0.5155006217650698,0.4997596729678138,0.5,0.9803047776222229,0.21696710586547852,0.5676200985908508,0.9800896491063591,0.13969226471402435,0.5
6.196,TRACK,-0.8362005949020386,-0.377864807844162,0.5615561008453369,-0.7791495431743614,-0.41481987964120687,0.5,0.13189736008644104,-1.939937710762024,-11.291409492492676,-0.19174480319133969,-0.3936733844704949,0.5,-0.5322429537773132,-0.06181354075670242,1.474231481552124,0.03033826798909839,0.17151634757223597,0.5,4.98653607792221e-05,1.1149076044603135e-06,-0.003559160977602005,0.5179882832107786,0.49967631689637726,0.5,0.9803047776222229,0.21696710586547852,0.5676200985908508,0.9807791024344219,0.13730059964308858,0.5
6.216,TRACK,-0.8362005949020386,-0.377864807844162,0.5615561008453369,-0.7770644977656459,-0.4162154058632025,0.5,0.13189736008644104,-1.939937710762024,-11.291409492492676,-0.1897732644189134,-0.39212162976645726,0.5,-0.5322429537773132,-0.06181354075670242,1.474231481552124,0.03120483542631619,0.17387091094352938,0.5,4.98653607792221e-05,1.1149076044603135e-06,-0.003559160977602005,0.5204953901129493,0.4995797623844645,0.5,0.9803047776222229,0.21696710586547852,0.5676200985908508,0.981462012276175,0.13488636230166592,0.5
6.236,TRACK,-0.8362005949020386,-0.377864807844162,0.5615561008453369,-0.7749856431385449,-0.41759178160936167,0.5,0.13189736008644104,-1.939937710762024,-11.291409492492676,-0.187821851888049,-0.3905698450231313,0.5,-0.5322429537773132,-0.06181354075670242,1.474231481552124,0.03207765078327046,0.1762063424042875,0.5,4.98653607792221e-05,1.1149076044603135e-06,-0.003559160977602005,0.5229862322003144,0.49947135366228285,0.5,0.9803047776222229,0.21696710586547852,0.5676200985908508,0.9821286219898211,0.1324839305659226,0.5
6.256,TRACK,-0.8362005949020386,-0.377864807844162,0.5615561008453369,-0.7728736803160721,-0.418974885393817,0.5,0.13189736008644104,-1.939937710762024,-11.291409492492676,-0.18585380961749803,-0.3889886515930263,0.5,-0.5322429537773132,-0.06181354075670242,1.474231481552124,0.03297329659124637,0.17856667747133576,0.5,4.98653607792221e-05,1.1149076044603135e-06,-0.003559160977602005,0.5255078140220758,0.499348927528452,0.5,0.9798847436904907,0.1982267200946808,0.5706220269203186,0.9827913994531077,0.13004793198705564,0.5
6.276,TRACK,-0.8335549831390381,-0.38383355736732483,0.5509850382804871,-0.7707935945564954,-0.4203222919940987,0.5,0.2995907962322235,-2.095360279083252,-11.964136123657227,-0.1839295679407345,-0.3874267440147482,0.5,-0.48063749074935913,-0.05011150985956192,1.5072691440582275,0.033864135592014066,0.1808793960422794,0.5,4.98653607792221e-05,1.1149076044603135e-06,-0.003559160977602005,0.5279826244798178,0.4992163586334301,0.5,0.9798847436904907,0.1982267200946808,0.5706220269203186,0.9834300774309381,0.12765328133313747,0.5
6.296,TRACK,-0.8335549831390381,-0.38383355736732483,0.5509850382804871,-0.7686885586839303,-0.4216710310566191,0.5,0.2995907962322235,-2.095360279083252,-11.964136123657227,-0.1819963490081512,-0.38584151922240617,0.5,-0.48063749074935913,-0.05011150985956192,1.5072691440582275,0.03477437645654796,0.1832078579062761,0.5,0.0018798124510794878,-3.0647490348201245e-05,-0.1395615190267563,0.5304784032046321,0.49907020241454597,0.5,0.9798847436904907,0.1982267200946808,0.5706220269203186,0.9840623126467384,0.12523448995820316,0.5
6.316,TRACK,-0.8335549831390381,-0.38383355736732483,0.5509850382804871,-0.7665697455386413,-0.42301367680426605,0.5,0.2995907962322235,-2.095360279083252,-11.964136123657227,-0.18006466775097624,-0.38424130852721544,0.5,-0.48063749074935913,-0.05011150985956192,1.5072691440582275,0.03569934492947169,0.18553948825271208,0.5,0.0018798124510794878,-3.0647490348201245e-05,-0.1395615190267563,0.532981746416596,0.49891101852265335,0.5,0.9798847436904907,0.1982267200946808,0.5706220269203186,0.9846844953643148,0.1228044785561161,0.5
6.336,TRACK,-0.8335549831390381,-0.38383355736732483,0.5509850382804871,-0.7644580584106544,-0.4243370539343305,0.5,0.2995907962322235,-2.095360279083252,-11.964136123657227,-0.17815351409856162,-0.38264192074692394,0.5,-0.48063749074935913,-0.05011150985956192,1.5072691440582275,0.03662987414254287,0.18785134139218795,0.5,0.0018798124510794878,-3.0647490348201245e-05,-0.1395615190267563,0.5354679987502133,0.4987404345595561,0.5,0.9798847436904907,0.1982267200946808,0.5706220269203186,0.9852905545980277,0.12038719872951045,0.5
6.356,TRACK,-0.8335549831390381,-0.38383355736732483,0.5509850382804871,-0.762335666124972,-0.4256524383564216,0.5,0.2995907962322235,-2.095360279083252,-11.964136123657227,-0.17624665388749267,-0.38102988187405334,0.5,-0.48063749074935913,-0.05011150985956192,1.5072691440582275,0.037573762005989886,0.1901630206288991,0.5,0.0018798124510794878,-3.0647490348201245e-05,-0.1395615190267563,0.537958213742461,0.4985570920260604,0.5,0.9779233932495117,0.18335264921188354,0.5715449452400208,0.9858857042390844,0.11796220757551547,0.5
6.376,TRACK,-0.8276141881942749,-0.3901739716529846,0.5468847751617432,-0.760203906609261,-0.4269589289208963,0.5,0.4799624979496002,-2.2565338611602783,-12.636034965515137,-0.17434535760439557,-0.3794061858828754,0.5,-0.4058004319667816,-0.02589731104671955,1.5308433771133423,0.03853045579606301,0.19247301050331878,0.5,0.006307033821940422,-0.00014301453484222293,-0.47265785932540894,0.5404507793046492,0.4983610482909419,0.5,0.9779233932495117,0.18335264921188354,0.5715449452400208,0.986469500685631,0.1155310560095111,0.5
6.396,TRACK,-0.8276141881942749,-0.3901739716529846,0.5468847751617432,-0.7580672998121674,-0.42825374343682854,0.5,0.4799624979496002,-2.2565338611602783,-12.636034965515137,-0.1724536680110258,-0.3777742717557254,0.5,-0.4058004319667816,-0.02589731104671955,1.5308433771133423,0.039497934128289613,0.19477640341655075,0.5,0.006307033821940422,-0.00014301453484222293,-0.47265785932540894,0.5429404033907143,0.49815270927361494,0.5,0.9779233932495117,0.18335264921188354,0.5715449452400208,0.987040694657803,0.11309890250238826,0.5
6.416,TRACK,-0.8276141881942749,-0.3901739716529846,0.5468847751617432,-0.7559232514730149,-0.4295384608570925,0.5,0.4799624979496002,-2.2565338611602783,-12.636034965515137,-0.1705692817633263,-0.3761321601273538,0.5,-0.4058004319667816,-0.02589731104671955,1.5308433771133423,0.04047736771843097,0.19707600163646985,0.5,0.006307033821940422,-0.00014301453484222293,-0.47265785932540894,0.5454301128868443,0.4979318275056221,0.5,0.9779233932495117,0.18335264921188354,0.5715449452400208,0.9875999861583835,0.11066279184235442,0.5
6.436,TRACK,-0.8276141881942749,-0.3901739716529846,0.5468847751617432,-0.7537653352118694,-0.4308168458229176,0.5,0.4799624979496002,-2.2565338611602783,-12.636034965515137,-0.16868663261411254,-0.37447490248536547,0.5,-0.4058004319667816,-0.02589731104671955,1.5308433771133423,0.04147174281647131,0.1993786281531593,0.5,0.006307033821940422,-0.00014301453484222293,-0.47265785932540894,0.5479273196442136,0.4976976713143446,0.5,0.9779233932495117,0.18335264921188354,0.5715449452400208,0.9881489697133332,0.10821544884077926,0.5
6.456,TRACK,-0.8276141881942749,-0.3901739716529846,0.5468847751617432,-0.7516009045598708,-0.432084464919366,0.5,0.4799624979496002,-2.2565338611602783,-12.636034965515137,-0.16681220935764157,-0.37280812245291,0.5,-0.4058004319667816,-0.02589731104671955,1.5308433771133423,0.04247771618666757,0.20167637396143476,0.5,0.006307033821940422,-0.00014301453484222293,-0.47265785932540894,0.550423468635243,0.49745097628891094,0.5,0.9764466285705566,0.1776009500026703,0.5737525820732117,0.988685701260577,0.10576523712193031,0.5
6.476,TRACK,-0.8186071515083313,-0.39073318243026733,0.5458199381828308,-0.7494493586420365,-0.4333301483546657,0.5,0.6730358600616455,-2.4234466552734375,-13.307107925415039,-0.16496262975647003,-0.3711468180387646,0.5,-0.34883153438568115,0.00947185605764389,1.5479005575180054,0.04348615904607922,0.20394879999033658,0.5,0.013467678800225258,-0.00031633232720196247,-1.0091898441314697,0.5528963001992432,0.49719410839754685,0.5,0.9764466285705566,0.1776009500026703,0.5737525820732117,0.9892055523561709,0.10333405800554693,0.5
6.496,TRACK,-0.8186071515083313,-0.39073318243026733,0.5458199381828308,-0.7472804556719638,-0.4345714857680678,0.5,0.6730358600616455,-2.4234466552734375,-13.307107925415039,-0.16311181984363016,-0.36946766309235957,0.5,-0.34883153438568115,0.00947185605764389,1.5479005575180054,0.044511198583301825,0.2062279122329945,0.5,0.013467678800225258,-0.00031633232720196247,-1.0091898441314697,0.555380619385899,0.4969235222812804,0.5,0.9764466285705566,0.1776009500026703,0.5737525820732117,0.9897159065152051,0.10088771434615251,0.5
6.516,TRACK,-0.8186071515083313,-0.39073318243026733,0.5458199381828308,-0.7450983880505997,-0.43580589736142583,0.5,0.6730358600616455,-2.4234466552734375,-13.307107925415039,-0.16126352867609994,-0.36777384762246573,0.5,-0.34883153438568115,0.00947185605764389,1.5479005575180054,0.04555095944202592,0.20850915935741732,0.5,0.013467678800225258,-0.00031633232720196247,-1.0091898441314697,0.5578715181042926,0.4966395950710178,0.5,0.9764466285705566,0.1776009500026703,0.5737525820732117,0.9902156057269818,0.0984309905554565,0.5
6.536,TRACK,-0.8186071515083313,-0.39073318243026733,0.5458199381828308,-0.7428971859697137,-0.4370365625985935,0.5,0.6730358600616455,-2.4234466552734375,-13.307107925415039,-0.1594128876318664,-0.36606067651242785,0.5,-0.34883153438568115,0.00947185605764389,1.5479005575180054,0.046608402456600084,0.21079862256913276,0.5,0.013467678800225258,-0.00031633232720196247,-1.0091898441314697,0.5603756948726991,0.4963413900418126,0.5,0.9764466285705566,0.1776009500026703,0.5737525820732117,0.9907058290691206,0.09595722650007606,0.5
6.556,TRACK,-0.8186071515083313,-0.39073318243026733,0.5458199381828308,-0.7407341849652246,-0.4382317334346396,0.5,0.6730358600616455,-2.4234466552734375,-13.307107925415039,-0.15760780855092166,-0.3643728684118751,0.5,-0.34883153438568115,0.00947185605764389,1.5479005575180054,0.047655803236683836,0.21303691617780784,0.5,0.013467678800225258,-0.00031633232720196247,-1.0091898441314697,0.5628281032355787,0.49603692346822276,0.5,0.9742429852485657,0.1678016185760498,0.5733436346054077,0.991174100011591,0.09353076220048423,0.5
6.576,TRACK,-0.81566321849823,-0.39312943816185,0.5492944717407227,-0.7385318563868797,-0.43943435629070815,0.5,0.8808917999267578,-2.597811460494995,-13.984047889709473,-0.15578348928910596,-0.36264996036676606,0.5,-0.26912569999694824,0.04381854459643364,1.5574208498001099,0.04873064050489562,0.2153043547652444,0.5,0.023265579715371132,-0.0005791475414298475,-1.7384536266326904,0.5653167084615244,0.4957153695375525,0.5,0.9742429852485657,0.1678016185760498,0.5733436346054077,0.9916373053575943,0.09106459235467733,0.5
6.596,TRACK,-0.81566321849823,-0.39312943816185,0.5492944717407227,-0.7363394355312227,-0.440617375069099,0.5,0.8808917999267578,-2.597811460494995,-13.984047889709473,-0.15398087626779777,-0.36093041713271956,0.5,-0.26912569999694824,0.04381854459643364,1.5574208498001099,0.04980898524482097,0.21755010970740088,0.5,0.023265579715371132,-0.0005791475414298475,-1.7384536266326904,0.5677857751836961,0.4953837791881618,0.5,0.9742429852485657,0.1678016185760498,0.5733436346054077,0.9920849277724624,0.08861390330625593,0.5
6.616,TRACK,-0.81566321849823,-0.39312943816185,0.5492944717407227,-0.7341271911063207,-0.44179685194064516,0.5,0.8808917999267578,-2.597811460494995,-13.984047889709473,-0.15217550598028845,-0.35919092605455893,0.5,-0.26912569999694824,0.04381854459643364,1.5574208498001099,0.05090544946976289,0.21980465118837755,0.5,0.023265579715371132,-0.0005791475414298475,-1.7384536266326904,0.5702687976296679,0.4950376713742913,0.5,0.9742429852485657,0.1678016185760498,0.5733436346054077,0.9925230558139599,0.08614545543253536,0.5
6.636,TRACK,-0.81566321849823,-0.39312943816185,0.5492944717407227,-0.7319186975064084,-0.4429601762539507,0.5,0.8808917999267578,-2.597811460494995,-13.984047889709473,-0.1503866567572134,-0.3574500108079471,0.5,-0.26912569999694824,0.04381854459643364,1.5574208498001099,0.052008373449066114,0.2220439202956221,0.5,0.023265579715371132,-0.0005791475414298475,-1.7384536266326904,0.5727392913589596,0.4946807005459142,0.5,0.9742429852485657,0.1678016185760498,0.5733436346054077,0.9929469809283524,0.08368556622036155,0.5
6.656,TRACK,-0.81566321849823,-0.39312943816185,0.5492944717407227,-0.72970344434694,-0.44411296722247623,0.5,0.8808917999267578,-2.597811460494995,-13.984047889709473,-0.14860573652155246,-0.3556994118556276,0.5,-0.26912569999694824,0.04381854459643364,1.5574208498001099,0.05312295737164352,0.22427864091735103,0.5,0.023265579715371132,-0.0005791475414298475,-1.7384536266326904,0.5752090623420876,0.49431123489318346,0.5,0.9817579984664917,0.14689308404922485,0.5730392932891846,0.9933587994177764,0.08122250326756938,0.5
6.676,TRACK,-0.8072328567504883,-0.39629101753234863,0.5498355031013489,-0.7274791968798918,-0.4452563474975729,0.5,1.099442958831787,-2.7761576175689697,-14.653409957885742,-0.1468309869933051,-0.35393735074427646,0.5,-0.19830331206321716,0.06641226261854172,1.5590511560440063,0.05425034930871697,0.22651103484951712,0.5,1.0717510122049134e-05,-3.92325688380879e-07,-0.0007979579968377948,0.5776805784060889,0.49392886910819,0.5,0.9817579984664917,0.14689308404922485,0.5730392932891846,0.9937588884119971,0.0787537942841423,0.5
6.696,TRACK,-0.8072328567504883,-0.39629101753234863,0.5498355031013489,-0.7252414092010051,-0.44639254875181933,0.5,1.099442958831787,-2.7761576175689697,-14.653409957885742,-0.14505888096405245,-0.3521601936867784,0.5,-0.19830331206321716,0.06641226261854172,1.5590511560440063,0.05539291522985701,0.22874557956864408,0.5,1.0717510122049134e-05,-3.92325688380879e-07,-0.0007979579968377948,0.5801588290089934,0.493532736636494,0.5,0.9817579984664917,0.14689308404922485,0.5730392932891846,0.994147965596092,0.07627442623345973,0.5
6.716,TRACK,-0.8072328567504883,-0.39629101753234863,0.5498355031013489,-0.7230038149452527,-0.4475145791143161,0.5,1.099442958831787,-2.7761576175689697,-14.653409957885742,-0.1433003120247756,-0.35037884153923676,0.5,-0.19830331206321716,0.06641226261854172,1.5590511560440063,0.05654365410957646,0.23096854610425424,0.5,1.0717510122049134e-05,-3.92325688380879e-07,-0.0007979579968377948,0.5826285936881128,0.493125253363813,0.5,0.9817579984664917,0.14689308404922485,0.5730392932891846,0.9945236252322823,0.07379962118548566,0.5
6.736,TRACK,-0.8072328567504883,-0.39629101753234863,0.5498355031013489,-0.72075942821009,-0.44862598548942095,0.5,1.099442958831787,-2.7761576175689697,-14.653409957885742,-0.14154974810636523,-0.3485877463672379,0.5,-0.19830331206321716,0.06641226261854172,1.5590511560440063,0.05770613284368231,0.23318691017274024,0.5,1.0717510122049134e-05,-3.92325688380879e-07,-0.0007979579968377948,0.5850976089753996,0.49270518258555995,0.5,0.9817579984664917,0.14689308404922485,0.5730392932891846,0.9948870818644628,0.07132163909835867,0.5
6.756,TRACK,-0.8072328567504883,-0.39629101753234863,0.5498355031013489,-0.7185115398604695,-0.44972514600343005,0.5,1.099442958831787,-2.7761576175689697,-14.653409957885742,-0.13980974863557233,-0.34678953678280205,0.5,-0.19830331206321716,0.06641226261854172,1.5590511560440063,0.058878642379946,0.2353974253288265,0.5,1.0717510122049134e-05,-3.92325688380879e-07,-0.0007979579968377948,0.5875622591917369,0.49227314650023224,0.5,0.9742444157600403,0.13116058707237244,0.5741706490516663,0.9952378099322753,0.06884411095717342,0.5
6.776,TRACK,-0.7977446913719177,-0.4005993604660034,0.5547668933868408,-0.7162759402381744,-0.4508045226859349,0.5,1.3306776285171509,-2.9601552486419678,-15.321962356567383,-0.1380923621322317,-0.34499690093241747,0.5,-0.1297718584537506,0.080678291618824,1.5534412860870361,0.06005283877135614,0.23758471189632058,0.5,0.0015658042393624783,-0.00013208240852691233,-0.11704520881175995,0.5900053389744364,0.4918323280916951,0.5,0.9742444157600403,0.13116058707237244,0.5741706490516663,0.9955735198838012,0.06638438363033675,0.5
6.796,TRACK,-0.7977446913719177,-0.4005993604660034,0.5547668933868408,-0.7140264171218875,-0.4518768557626821,0.5,1.3306776285171509,-2.9601552486419678,-15.321962356567383,-0.13637737189978044,-0.3431888464584614,0.5,-0.1297718584537506,0.080678291618824,1.5534412860870361,0.06124243963361414,0.23977448409148394,0.5,0.0015658042393624783,-0.00013208240852691233,-0.11704520881175995,0.5924555429728093,0.4913776272619695,0.5,0.9742444157600403,0.13116058707237244,0.5741706490516663,0.9958982283719084,0.06391359086769016,0.5
6.816,TRACK,-0.7977446913719177,-0.4005993604660034,0.5547668933868408,-0.7117448227722483,-0.4529504719383226,0.5,1.3306776285171509,-2.9601552486419678,-15.321962356567383,-0.13465125081162932,-0.3413506869284036,0.5,-0.1297718584537506,0.080678291618824,1.5534412860870361,0.06245723248207802,0.2419841453334447,0.5,0.0015658042393624783,-0.00013208240852691233,-0.11704520881175995,0.5949324473306015,0.4909051134830667,0.5,0.9742444157600403,0.13116058707237244,0.5741706490516663,0.9962142466034429,0.06141190005021483,0.5
6.836,TRACK,-0.7977446913719177,-0.4005993604660034,0.5547668933868408,-0.7094728889977959,-0.45400562636923025,0.5,1.3306776285171509,-2.9601552486419678,-15.321962356567383,-0.13294567316801664,-0.33951601015846006,0.5,-0.1297718584537506,0.080678291618824,1.5534412860870361,0.06367506130232586,0.24417319236654733,0.5,0.0015658042393624783,-0.00013208240852691233,-0.11704520881175995,0.5973906845776065,0.4904233421825527,0.5,0.9742444157600403,0.13116058707237244,0.5741706490516663,0.996515691954255,0.058925101978590334,0.5
6.856,TRACK,-0.7977446913719177,-0.4005993604660034,0.5547668933868408,-0.7072048649765883,-0.455045210863749,0.5,1.3306776285171509,-2.9601552486419678,-15.321962356567383,-0.13125611159406148,-0.3376802404098717,0.5,-0.1297718584537506,0.080678291618824,1.5534412860870361,0.06489887884474332,0.24634734496121255,0.5,0.0015658042393624783,-0.00013208240852691233,-0.11704520881175995,0.5998366069888039,0.4899312726341962,0.5,0.9733589291572571,0.11823933571577072,0.574174165725708,0.9968035375958029,0.05644683367821199,0.5
6.876,TRACK,-0.7820850014686584,-0.40759316086769104,0.555757999420166,-0.7049435883932803,-0.456068115062307,0.5,1.5745753049850464,-3.149806499481201,-15.989686965942383,-0.12958449899725288,-0.3358457333611428,0.5,-0.08347614109516144,0.10367497056722641,1.5457533597946167,0.06612704202720121,0.24850403686848624,0.5,0.005764944013208151,-0.00037854057154618204,-0.43035581707954407,0.6022672661761027,0.48942967448742436,0.5,0.9733589291572571,0.11823933571577072,0.574174165725708,0.9970776044061628,0.053980137067539326,0.5
6.896,TRACK,-0.7820850014686584,-0.40759316086769104,0.555757999420166,-0.7026603980197017,-0.4570872598033073,0.5,1.5745753049850464,-3.149806499481201,-15.989686965942383,-0.1279096901234476,-0.33398922332310543,0.5,-0.08347614109516144,0.10367497056722641,1.5457533597946167,0.06737514359210822,0.25067056791344894,0.5,0.005764944013208151,-0.00037854057154618204,-0.43035581707954407,0.6047134442384325,0.4889121542728557,0.5,0.9733589291572571,0.11823933571577072,0.574174165725708,0.9973413240263099,0.05149376094010806,0.5
6.916,TRACK,-0.7820850014686584,-0.40759316086769104,0.555757999420166,-0.7003724401779933,-0.4580948430370249,0.5,1.5745753049850464,-3.149806499481201,-15.989686965942383,-0.1262444036678093,-0.3321246064512061,0.5,-0.08347614109516144,0.10367497056722641,1.5457533597946167,0.06863389780322732,0.2528305477499969,0.5,0.005764944013208151,-0.00037854057154618204,-0.43035581707954407,0.6071566835800244,0.48838247835495746,0.5,0.9733589291572571,0.11823933571577072,0.574174165725708,0.9975925747709455,0.04900642338327667,0.5
6.936,TRACK,-0.7820850014686584,-0.40759316086769104,0.555757999420166,-0.6980794456813162,-0.45909098575182516,0.5,1.5745753049850464,-3.149806499481201,-15.989686965942383,-0.12458844138025721,-0.3302516641210085,0.5,-0.08347614109516144,0.10367497056722641,1.5457533597946167,0.06990345132210918,0.25498423248382773,0.5,0.005764944013208151,-0.00037854057154618204,-0.43035581707954407,0.6095972730927826,0.48784058639131905,0.5,0.9733589291572571,0.11823933571577072,0.574174165725708,0.9978313885235348,0.04651783099768692,0.5
6.956,TRACK,-0.7820850014686584,-0.40759316086769104,0.555757999420166,-0.6957650728106131,-0.46008264069344695,0.5,1.5745753049850464,-3.149806499481201,-15.989686965942383,-0.1229301409377439,-0.3283570029507066,0.5,-0.08347614109516144,0.10367497056722641,1.5457533597946167,0.07119293815578015,0.2571468524258607,0.5,0.005764944013208151,-0.00037854057154618204,-0.43035581707954407,0.61205252022655,0.4872824978499419,0.5,0.9735053181648254,0.10112067312002182,0.5717816948890686,0.9980593278693128,0.04401029336835095,0.5
6.976,TRACK,-0.7714330554008484,-0.4134553372859955,0.5574873089790344,-0.6934679128974325,-0.46105332303228386,0.5,1.8337163925170898,-3.3471319675445557,-16.663164138793945,-0.12129710572217078,-0.3264722313851445,0.5,-0.03654806688427925,0.11893133074045181,1.5300331115722656,0.07248082680091095,0.25928238765324435,0.5,0.012682515196502209,-0.0006864299648441374,-0.9407339692115784,0.614481514398539,0.4867175596390756,0.5,0.9735053181648254,0.10112067312002182,0.5717816948890686,0.9982726401809467,0.041525607125108416,0.5
6.996,TRACK,-0.7714330554008484,-0.4134553372859955,0.5574873089790344,-0.6911745595364078,-0.46200896937836655,0.5,1.8337163925170898,-3.3471319675445557,-16.663164138793945,-0.1196795468747916,-0.3245864336885264,0.5,-0.03654806688427925,0.11893133074045181,1.5300331115722656,0.07377447381545221,0.2614035210717433,0.5,0.012682515196502209,-0.0006864299648441374,-0.9407339692115784,0.6168985910703495,0.48614269448976316,0.5,0.9735053181648254,0.10112067312002182,0.5717816948890686,0.9984728287029987,0.03904918750538659,0.5
7.016,TRACK,-0.7714330554008484,-0.4134553372859955,0.5574873089790344,-0.6888458007774785,-0.4629657260842458,0.5,1.8337163925170898,-3.3471319675445557,-16.663164138793945,-0.11804999114284737,-0.3226673065775661,0.5,-0.03654806688427925,0.11893133074045181,1.5300331115722656,0.07509611174547781,0.2635463635609274,0.5,0.012682515196502209,-0.0006864299648441374,-0.9407339692115784,0.6193449639638706,0.48554791686965604,0.5,0.9735053181648254,0.10112067312002182,0.5717816948890686,0.9986631323703257,0.036538752231228516,0.5
7.036,TRACK,-0.7714330554008484,-0.4134553372859955,0.5574873089790344,-0.6865406514905836,-0.463899326730993,0.5,1.8337163925170898,-3.3471319675445557,-16.663164138793945,-0.11644975385991935,-0.32076347779303604,0.5,-0.03654806688427925,0.11893133074045181,1.5300331115722656,0.07641226000145829,0.2656565951052746,0.5,0.012682515196502209,-0.0006864299648441374,-0.9407339692115784,0.6217586256032285,0.4849482829036647,0.5,0.9735053181648254,0.10112067312002182,0.5717816948890686,0.9988387090448101,0.03405792651508979,0.5
7.056,TRACK,-0.7714330554008484,-0.4134553372859955,0.5574873089790344,-0.6842183639859338,-0.464826413159091,0.5,1.8337163925170898,-3.3471319675445557,-16.663164138793945,-0.11485041596654649,-0.31884133659056463,0.5,-0.03654806688427925,0.11893133074045181,1.5300331115722656,0.07774610232850804,0.2677716301276765,0.5,0.012682515196502209,-0.0006864299648441374,-0.9407339692115784,0.6241823233903514,0.4843333052324341,0.5,0.9740825891494751,0.09432153403759003,0.5713787078857422,0.9990027943286601,0.03156281438954507,0.5
7.076,TRACK,-0.754209041595459,-0.4220552146434784,0.5566539168357849,-0.6818776444248803,-0.4657472731626636,0.5,2.102949857711792,-3.5482771396636963,-17.329082489013672,-0.11325130393612182,-0.31689974138974925,0.5,0.00820227712392807,0.1325487643480301,1.5056750774383545,0.07909851630294024,0.2698924619577467,0.5,0.0223761647939682,-0.0010608612792566419,-1.648139238357544,0.6266172732238355,0.48370245618702473,0.5,0.9740825891494751,0.09432153403759003,0.5713787078857422,0.999155262112222,0.02905209640764149,0.5
7.096,TRACK,-0.754209041595459,-0.4220552146434784,0.5566539168357849,-0.6795648927337685,-0.4666438141639833,0.5,2.102949857711792,-3.5482771396636963,-17.329082489013672,-0.11168396319836799,-0.3149772302289065,0.5,0.00820227712392807,0.1325487643480301,1.5056750774383545,0.08044259814616783,0.27197718020021827,0.5,0.0223761647939682,-0.0010608612792566419,-1.648139238357544,0.6290153022243656,0.48306837175699635,0.5,0.9740825891494751,0.09432153403759003,0.5713787078857422,0.9992932436973301,0.02657549243567526,0.5
7.116,TRACK,-0.754209041595459,-0.4220552146434784,0.5566539168357849,-0.6772160089432717,-0.4675408925155299,0.5,2.102949857711792,-3.5482771396636963,-17.329082489013672,-0.11010494597742698,-0.31302052144984815,0.5,0.00820227712392807,0.1325487643480301,1.5056750774383545,0.08181559562530172,0.27408357108330816,0.5,0.0223761647939682,-0.0010608612792566419,-1.648139238357544,0.6314428785538793,0.48241348413728047,0.5,0.9740825891494751,0.09432153403759003,0.5713787078857422,0.9994205709001203,0.024064358744789453,0.5
7.136,TRACK,-0.754209041595459,-0.4220552146434784,0.5566539168357849,-0.6748683952949491,-0.46842400058810973,0.5,2.102949857711792,-3.5482771396636963,-17.329082489013672,-0.10853960777684879,-0.31106070359416443,0.5,0.00820227712392807,0.1325487643480301,1.5056750774383545,0.08319577706177839,0.2761779132024595,0.5,0.0223761647939682,-0.0010608612792566419,-1.648139238357544,0.6338612157928416,0.48174804089530276,0.5,0.9740825891494751,0.09432153403759003,0.5713787078857422,0.999535004073582,0.021558750084511965,0.5
7.156,TRACK,-0.754209041595459,-0.4220552146434784,0.5566539168357849,-0.6725261433934268,-0.4692917321302292,0.5,2.102949857711792,-3.5482771396636963,-17.329082489013672,-0.10699055039664379,-0.30910123345348695,0.5,0.00820227712392807,0.1325487643480301,1.5056750774383545,0.08458065885181021,0.27825666389145814,0.5,0.0223761647939682,-0.0010608612792566419,-1.648139238357544,0.6362661771896871,0.48107330933456366,0.5,0.9781569242477417,0.0850147157907486,0.5725793838500977,0.999636470168432,0.019062992357694306,0.5
7.176,TRACK,-0.7320646643638611,-0.4365328550338745,0.5595069527626038,-0.6701641170766339,-0.47015335079049436,0.5,2.384871006011963,-3.7551076412200928,-17.994186401367188,-0.10544119608218727,-0.307121067741933,0.5,0.04043864831328392,0.14727811515331268,1.4764442443847656,0.0859851315416526,0.2803420922648208,0.5,0.0,0.0,0.0,0.6386835433627372,0.48038200923885127,0.5,0.9781569242477417,0.0850147157907486,0.5725793838500977,0.9997260119367889,0.01655031702875532,0.5
7.196,TRACK,-0.7320646643638611,-0.4365328550338745,0.5595069527626038,-0.667832093900354,-0.4709908579335938,0.5,2.384871006011963,-3.7551076412200928,-17.994186401367188,-0.10392404466355204,-0.30516198584410886,0.5,0.04043864831328392,0.14727811515331268,1.4764442443847656,0.0873795035751358,0.28239037860752025,0.5,0.0,0.0,0.0,0.6410624640910274,0.47968883791950756,0.5,0.9781569242477417,0.0850147157907486,0.5725793838500977,0.9998018937699307,0.014073627250674882,0.5
7.216,TRACK,-0.7320646643638611,-0.4365328550338745,0.5595069527626038,-0.6654826469401414,-0.4718214636509074,0.5,2.384871006011963,-3.7551076412200928,-17.994186401367188,-0.1024080726455407,-0.30318420028518367,0.5,0.04043864831328392,0.14727811515331268,1.4764442443847656,0.08879202830222366,0.2844433230227083,0.5,0.0,0.0,0.0,0.6434514244003287,0.47897984178618286,0.5,0.9781569242477417,0.0850147157907486,0.5725793838500977,0.9998658277117655,0.011582499127199926,0.5
7.236,TRACK,-0.7320646643638611,-0.4365328550338745,0.5595069527626038,-0.6631157079623633,-0.4726449680425436,0.5,2.384871006011963,-3.7551076412200928,-17.994186401367188,-0.10089344905889552,-0.30118758439865273,0.5,0.04043864831328392,0.14727811515331268,1.4764442443847656,0.0902228784232928,0.28650080389469856,0.5,0.0,0.0,0.0,0.6458503619946014,0.47825481900974476,0.5,0.9781569242477417,0.0850147157907486,0.5725793838500977,0.9999176025608468,0.009076929536753039,0.5
7.256,TRACK,-0.7320646643638611,-0.4365328550338745,0.5595069527626038,-0.6607397326069682,-0.47345827520642236,0.5,2.384871006011963,-3.7551076412200928,-17.994186401367188,-0.09938573121790595,-0.29917922328963303,0.5,0.04043864831328392,0.14727811515331268,1.4764442443847656,0.09166703290751166,0.28855534648563497,0.5,0.0,0.0,0.0,0.6482506163918439,0.477516235053258,0.5,0.9829243421554565,0.07680508494377136,0.571802020072937,0.9999568868757702,0.006565916957162483,0.5
7.276,TRACK,-0.7176778316497803,-0.44692763686180115,0.5630779266357422,-0.6583651297453171,-0.47425782616710593,0.5,2.6824636459350586,-3.9697887897491455,-18.66501808166504,-0.09789152042749621,-0.2971679165991667,0.5,0.06240905821323395,0.16926521062850952,1.43761146068573,0.09311816271433271,0.29059795334282684,0.5,0.0,0.0,0.0,0.6506416747249572,0.47676732882618983,0.5,0.9829243421554565,0.07680508494377136,0.571802020072937,0.9999835123878968,0.004060460597256021,0.5
7.296,TRACK,-0.7176778316497803,-0.44692763686180115,0.5630779266357422,-0.6560042467200222,-0.4750396562449481,0.5,2.6824636459350586,-3.9697887897491455,-18.66501808166504,-0.0964184028607814,-0.29516418219451607,0.5,0.06240905821323395,0.16926521062850952,1.43761146068573,0.09456860901397335,0.2926181593871706,0.5,0.0013884902000427246,1.9923932995880023e-05,-0.10049955546855927,0.6530112174037064,0.47601215042122164,0.5,0.9829243421554565,0.07680508494377136,0.571802020072937,0.9999975240015166,0.0015735286310719814,0.5
7.316,TRACK,-0.7176778316497803,-0.44692763686180115,0.5630779266357422,-0.6536373203750381,-0.4758104389228739,0.5,2.6824636459350586,-3.9697887897491455,-18.66501808166504,-0.09495392450725881,-0.2931512864169772,0.5,0.06240905821323395,0.16926521062850952,1.43761146068573,0.09603043796069194,0.2946329800714266,0.5,0.0013884902000427246,1.9923932995880023e-05,-0.10049955546855927,0.6553791557320395,0.47524448230778926,0.5,0.9829243421554565,0.07680508494377136,0.571802020072937,0.9999991614249715,-0.0009157370393646905,0.5
7.336,TRACK,-0.7176778316497803,-0.44692763686180115,0.5630779266357422,-0.6512414183017247,-0.4765774159463316,0.5,2.6824636459350586,-3.9697887897491455,-18.66501808166504,-0.09348411155373865,-0.29110965707229086,0.5,0.06240905821323395,0.16926521062850952,1.43761146068573,0.09751794567162508,0.2966617534223296,0.5,0.0013884902000427246,1.9923932995880023e-05,-0.10049955546855927,0.6577682990094439,0.474456703849431,0.5,0.9829243421554565,0.07680508494377136,0.571802020072937,0.9999882254634676,-0.0034313842531380934,0.5
7.356,TRACK,-0.7176778316497803,-0.44692763686180115,0.5630779266357422,-0.6488518731466161,-0.47732915253600816,0.5,2.6824636459350586,-3.9697887897491455,-18.66501808166504,-0.09203075750983436,-0.28906936396304683,0.5,0.06240905821323395,0.16926521062850952,1.43761146068573,0.09900926862991377,0.29867446050053115,0.5,0.0013884902000427246,1.9923932995880023e-05,-0.10049955546855927,0.6601433413297736,0.47366033212391306,0.5,0.9887158274650574,0.06260466575622559,0.5749493837356567,0.9999647593838621,-0.005936276125389178,0.5
7.376,TRACK,-0.701566219329834,-0.45769742131233215,0.5639203190803528,-0.6464800484727228,-0.4780623342195333,0.5,2.9897654056549072,-4.188045024871826,-19.32833480834961,-0.09060052616017866,-0.28704019025160477,0.5,0.08351989090442657,0.1853630393743515,1.3952168226242065,0.10049716171794415,0.30066174050680533,0.5,0.005442006979137659,4.3109328544232994e-05,-0.39806094765663147,0.6624931411794581,0.4728593650015115,0.5,0.9887158274650574,0.06260466575622559,0.5749493837356567,0.9999291224696962,-0.008418581037178687,0.5
7.396,TRACK,-0.701566219329834,-0.45769742131233215,0.5639203190803528,-0.6440949098503794,-0.4787866507696419,0.5,2.9897654056549072,-4.188045024871826,-19.32833480834961,-0.0891746118170933,-0.2849956147458484,0.5,0.08351989090442657,0.1853630393743515,1.3952168226242065,0.10200103681121486,0.30264967421203687,0.5,0.005442006979137659,4.3109328544232994e-05,-0.39806094765663147,0.6648485014450192,0.47204340009296974,0.5,0.9887158274650574,0.06260466575622559,0.5749493837356567,0.9998809400762931,-0.010910808789516235,0.5
7.416,TRACK,-0.701566219329834,-0.45769742131233215,0.5639203190803528,-0.641696729750634,-0.4795018631642382,0.5,2.9897654056549072,-4.188045024871826,-19.32833480834961,-0.0877533260022843,-0.282935822719254,0.5,0.08351989090442657,0.1853630393743515,1.3952168226242065,0.10352081396968021,0.3046379080888245,0.5,0.005442006979137659,4.3109328544232994e-05,-0.39806094765663147,0.6672090611990855,0.4712124041798141,0.5,0.9887158274650574,0.06260466575622559,0.5749493837356567,0.9998200690783159,-0.013412626385146332,0.5
7.436,TRACK,-0.701566219329834,-0.45769742131233215,0.5639203190803528,-0.6392984632928186,-0.4802040588377604,0.5,2.9897654056549072,-4.188045024871826,-19.32833480834961,-0.08634439313876235,-0.28087192617323153,0.5,0.08351989090442657,0.1853630393743515,1.3952168226242065,0.10504831202997233,0.30661566197705215,0.5,0.005442006979137659,4.3109328544232994e-05,-0.39806094765663147,0.6695620397816175,0.47037082675809855,0.5,0.9887158274650574,0.06260466575622559,0.5749493837356567,0.9997467917568291,-0.015910503724158663,0.5
7.456,TRACK,-0.701566219329834,-0.45769742131233215,0.5639203190803528,-0.6368765667098631,-0.48089999530642585,0.5,2.9897654056549072,-4.188045024871826,-19.32833480834961,-0.08493411102255888,-0.2787836218420417,0.5,0.08351989090442657,0.1853630393743515,1.3952168226242065,0.10659860633138785,0.3086022415012465,0.5,0.005442006979137659,4.3109328544232994e-05,-0.39806094765663147,0.6719304564686611,0.4695102960942154,0.5,0.9990786910057068,0.03798327594995499,0.5768886208534241,0.999660259467529,-0.01842892044699431,0.5
7.476,TRACK,-0.6886961460113525,-0.4648641049861908,0.5621398091316223,-0.6344866146562899,-0.48157382661258763,0.5,3.3096325397491455,-4.412020683288574,-19.99070167541504,-0.08355472356765453,-0.2767188676928037,0.5,0.09961140155792236,0.20304171741008759,1.3504681587219238,0.10813605005417509,0.31055216105004974,0.5,0.012145020067691803,-4.545726369542535e-06,-0.8927194476127625,0.6742600364000381,0.46865065850146564,0.5,0.9990786910057068,0.03798327594995499,0.5768886208534241,0.9995625753218423,-0.02091012524612404,0.5
7.496,TRACK,-0.6886961460113525,-0.4648641049861908,0.5621398091316223,-0.6320803823053891,-0.4822393312558218,0.5,3.3096325397491455,-4.412020683288574,-19.99070167541504,-0.0821782243512389,-0.27463605698035415,0.5,0.09961140155792236,0.20304171741008759,1.3504681587219238,0.10969155910384332,0.31250491350571014,0.5,0.012145020067691803,-4.545726369542535e-06,-0.8927194476127625,0.6765978930789568,0.4677747151782291,0.5,0.9990786910057068,0.03798327594995499,0.5768886208534241,0.9994519411605718,-0.02340424044776318,0.5
7.516,TRACK,-0.6886961460113525,-0.4648641049861908,0.5621398091316223,-0.6296544220344862,-0.4828972259672894,0.5,3.3096325397491455,-4.412020683288574,-19.99070167541504,-0.08080286634747408,-0.2725321323027916,0.5,0.09961140155792236,0.20304171741008759,1.3504681587219238,0.11126750138172042,0.314463105177681,0.5,0.012145020067691803,-4.545726369542535e-06,-0.8927194476127625,0.6789472369747576,0.46688101951043154,0.5,0.9990786910057068,0.03798327594995499,0.5768886208534241,0.9993279732615616,-0.025914766418031452,0.5
7.536,TRACK,-0.6886961460113525,-0.4648641049861908,0.5621398091316223,-0.6272464263324888,-0.4835373273963557,0.5,3.3096325397491455,-4.412020683288574,-19.99070167541504,-0.07944998211797172,-0.27043979451890154,0.5,0.09961140155792236,0.20304171741008759,1.3504681587219238,0.11283936864704153,0.316396342473137,0.5,0.012145020067691803,-4.545726369542535e-06,-0.8927194476127625,0.6812715886000318,0.4659834880834522,0.5,0.9990786910057068,0.03798327594995499,0.5768886208534241,0.9991926343024661,-0.0284027086413319,0.5
7.556,TRACK,-0.6886961460113525,-0.4648641049861908,0.5621398091316223,-0.6248273635112811,-0.48416745999583916,0.5,3.3096325397491455,-4.412020683288574,-19.99070167541504,-0.0781031588808892,-0.2683338507414146,0.5,0.09961140155792236,0.20304171741008759,1.3504681587219238,0.11442604893089414,0.3183280199055037,0.5,0.012145020067691803,-4.545726369542535e-06,-0.8927194476127625,0.6835990341818146,0.465071386614469,0.5,1.0119291543960571,0.021076921373605728,0.5700358748435974,0.999044394495121,-0.030898095782718932,0.5
7.576,TRACK,-0.6740561127662659,-0.4711798429489136,0.5619124174118042,-0.6224044003614689,-0.4847856874662754,0.5,3.642035961151123,-4.641690254211426,-20.65216064453125,-0.07676645282654188,-0.2662205186437969,0.5,0.11799080669879913,0.21356548368930817,1.2960572242736816,0.11602288230615199,0.3202523584417838,0.5,0.02145323157310486,-6.68083448545076e-05,-1.5845023393630981,0.6859226375364413,0.46414736113813365,0.5,1.0119291543960571,0.021076921373605728,0.5700358748435974,0.9988836269693958,-0.03339351346984509,0.5
7.596,TRACK,-0.6740561127662659,-0.4711798429489136,0.5619124174118042,-0.6199839015833358,-0.4853904236394043,0.5,3.642035961151123,-4.641690254211426,-20.65216064453125,-0.07544333929114133,-0.2641053612627791,0.5,0.11799080669879913,0.21356548368930817,1.2960572242736816,0.11762565194843244,0.32216433376793696,0.5,0.02145323157310486,-6.68083448545076e-05,-1.5845023393630981,0.6882363171869077,0.46321386949432963,0.5,1.0119291543960571,0.021076921373605728,0.5700358748435974,0.9987107899901826,-0.035882418360083115,0.5
7.616,TRACK,-0.6740561127662659,-0.4711798429489136,0.5619124174118042,-0.6175529419755196,-0.48598488230900777,0.5,3.642035961151123,-4.641690254211426,-20.65216064453125,-0.07412676766829251,-0.2619770791182761,0.5,0.11799080669879913,0.21356548368930817,1.2960572242736816,0.11924292554470456,0.32407414314049277,0.5,0.02145323157310486,-6.68083448545076e-05,-1.5845023393630981,0.6905524188613605,0.46226591445409926,0.5,1.0119291543960571,0.021076921373605728,0.5700358748435974,0.9985249459501229,-0.03837809616730809,0.5
7.636,TRACK,-0.6740561127662659,-0.4711798429489136,0.5619124174118042,-0.6151229526777133,-0.4865662398551352,0.5,3.642035961151123,-4.641690254211426,-20.65216064453125,-0.07282295579657933,-0.25984567132363157,0.5,0.11799080669879913,0.21356548368930817,1.2960572242736816,0.12086711479085632,0.325972783147597,0.5,0.02145323157310486,-6.68083448545076e-05,-1.5845023393630981,0.6928600348913576,0.4613079307162455,0.5,1.0119291543960571,0.021076921373605728,0.5700358748435974,0.9983269418434932,-0.04086880268507562,0.5
7.656,TRACK,-0.6740561127662659,-0.4711798429489136,0.5619124174118042,-0.6126862268805764,-0.4871363405366297,0.5,3.642035961151123,-4.641690254211426,-20.65216064453125,-0.07152776814655248,-0.2577043781749265,0.5,0.11799080669879913,0.21356548368930817,1.2960572242736816,0.12250337059846766,0.32786627577486854,0.5,0.02145323157310486,-6.68083448545076e-05,-1.5845023393630981,0.6951664842447777,0.4603368803686415,0.5,1.0053205490112305,0.003555645700544119,0.5730372071266174,0.9981161501296258,-0.04336243743195383,0.5
7.676,TRACK,-0.6630204319953918,-0.4749036431312561,0.5607133507728577,-0.6102497304532498,-0.48769354817855215,0.5,3.9904327392578125,-4.879443645477295,-21.31932830810547,-0.07024491338499494,-0.2555593190015373,0.5,0.13178861141204834,0.22670325636863708,1.2469161748886108,0.12414701918052201,0.32974920289382526,0.5,0.03345658630132675,-0.00013004447100684047,-2.4733827114105225,0.6974651696956053,0.4593555341531065,0.5,1.0053205490112305,0.003555645700544119,0.5730372071266174,0.9978931672856278,-0.04585186986684223,0.5
7.696,TRACK,-0.6630204319953918,-0.4749036431312561,0.5607133507728577,-0.6077876053782891,-0.4882436196478293,0.5,3.9904327392578125,-4.879443645477295,-21.31932830810547,-0.06896092583927127,-0.25338768033718967,0.5,0.13178861141204834,0.22670325636863708,1.2469161748886108,0.12581559631109396,0.33164142086895265,0.5,0.03345658630132675,-0.00013004447100684047,-2.4733827114105225,0.6997803946208732,0.4583533505115111,0.5,1.0053205490112305,0.003555645700544119,0.5730372071266174,0.9976554778504724,-0.048363471395444745,0.5
7.716,TRACK,-0.6630204319953918,-0.4749036431312561,0.5607133507728577,-0.6053702526451331,-0.4887710198625741,0.5,3.9904327392578125,-4.879443645477295,-21.31932830810547,-0.06771233535239884,-0.2512516168973309,0.5,0.13178861141204834,0.22670325636863708,1.2469161748886108,0.127461277685333,0.3334889808916562,0.5,0.03345658630132675,-0.00013004447100684047,-2.4733827114105225,0.702046072131678,0.45735914196193866,0.5,1.0053205490112305,0.003555645700544119,0.5730372071266174,0.9974100621854569,-0.050825486093689795,0.5
7.736,TRACK,-0.6630204319953918,-0.4749036431312561,0.5607133507728577,-0.6029236930608759,-0.48929205328383435,0.5,3.9904327392578125,-4.879443645477295,-21.31932830810547,-0.06646077463261535,-0.24908580864402544,0.5,0.13178861141204834,0.22670325636863708,1.2469161748886108,0.12913433020577975,0.33534855742657427,0.5,0.03345658630132675,-0.00013004447100684047,-2.4733827114105225,0.7043316361740612,0.45634261521189434,0.5,1.0053205490112305,0.003555645700544119,0.5730372071266174,0.9971495659266677,-0.05331331071060873,0.5
7.756,TRACK,-0.6630204319953918,-0.4749036431312561,0.5607133507728577,-0.6004759587800965,-0.48980055298786707,0.5,3.9904327392578125,-4.879443645477295,-21.31932830810547,-0.06522077118508596,-0.2469150100563119,0.5,0.13178861141204834,0.22670325636863708,1.2469161748886108,0.13081570020981892,0.3371986844405442,0.5,0.03345658630132675,-0.00013004447100684047,-2.4733827114105225,0.7066107834317514,0.45531525800231853,0.5,1.0015467405319214,-0.008318363688886166,0.5765218138694763,0.9968767863932471,-0.05579837939868373,0.5
7.776,TRACK,-0.6500183939933777,-0.47947776317596436,0.5563870072364807,-0.5980257418343387,-0.4902968018841522,0.5,4.347980976104736,-5.120573997497559,-21.97896385192871,-0.063991651762425,-0.244738064606104,0.5,0.146356999874115,0.23503585159778595,1.1806155443191528,0.13250627957613964,0.33904035961671225,0.5,0.0010540478397160769,-3.721810571732931e-06,-0.07807829231023788,0.7088847383634779,0.4542765304072195,0.5,1.0015467405319214,-0.008318363688886166,0.5765218138694763,0.9965915884636187,-0.05828202353367545,0.5
7.796,TRACK,-0.6500183939933777,-0.47947776317596436,0.5563870072364807,-0.5955556395752767,-0.4907841885649535,0.5,4.347980976104736,-5.120573997497559,-21.97896385192871,-0.06276481590779937,-0.24253946852390734,0.5,0.146356999874115,0.23503585159778595,1.1806155443191528,0.13421815557842598,0.34088655340384344,0.5,0.0010540478397160769,-3.721810571732931e-06,-0.07807829231023788,0.7111695717720417,0.4532189448352888,0.5,1.0015467405319214,-0.008318363688886166,0.5765218138694763,0.9962918171664562,-0.060781841150271326,0.5
7.816,TRACK,-0.6500183939933777,-0.47947776317596436,0.5563870072364807,-0.5931182810601598,-0.49125246638810993,0.5,4.347980976104736,-5.120573997497559,-21.97896385192871,-0.06156627203009435,-0.2403661086310023,0.5,0.146356999874115,0.23503585159778595,1.1806155443191528,0.13591477324011292,0.342698041510601,0.5,0.0010540478397160769,-3.721810571732931e-06,-0.07807829231023788,0.7134166830305826,0.45216514616257614,0.5,1.0015467405319214,-0.008318363688886166,0.5765218138694763,0.9959839906390501,-0.06324461265406486,0.5
7.836,TRACK,-0.6500183939933777,-0.47947776317596436,0.5563870072364807,-0.5906633292284504,-0.4917114608520058,0.5,4.347980976104736,-5.120573997497559,-21.97896385192871,-0.060371120517892674,-0.23817314778393212,0.5,0.146356999874115,0.23503585159778595,1.1806155443191528,0.13763108081557596,0.344512360313984,0.5,0.0010540478397160769,-3.721810571732931e-06,-0.07807829231023788,0.7156725709595694,0.45109349600242465,0.5,1.0015467405319214,-0.008318363688886166,0.5765218138694763,0.9956618984785115,-0.0657212476804707,0.5
7.856,TRACK,-0.6500183939933777,-0.47947776317596436,0.5563870072364807,-0.5881979309064022,-0.49215965395776756,0.5,4.347980976104736,-5.120573997497559,-21.97896385192871,-0.059183013564682974,-0.23596691393092703,0.5,0.146356999874115,0.23503585159778595,1.1806155443191528,0.13936218865827055,0.3463240809280336,0.5,0.0010540478397160769,-3.721810571732931e-06,-0.07807829231023788,0.7179305613977558,0.45000696706702104,0.5,1.0012965202331543,-0.022257784381508827,0.5732736587524414,0.9953263054728885,-0.06820448010635995,0.5
7.876,TRACK,-0.6417229771614075,-0.48198676109313965,0.5539462566375732,-0.5857390963009474,-0.49259395790599875,0.5,4.718034744262695,-5.367395401000977,-22.637680053710938,-0.058010144285222276,-0.23376263055764487,0.5,0.15785035490989685,0.24344275891780853,1.1264333724975586,0.14109615018465793,0.3481207069217894,0.5,0.004717892035841942,-3.957795343012549e-05,-0.35207000374794006,0.7201750778357087,0.4489130596229515,0.5,1.0012965202331543,-0.022257784381508827,0.5732736587524414,0.9949795313934636,-0.07067717808109725,0.5
7.896,TRACK,-0.6417229771614075,-0.48198676109313965,0.5539462566375732,-0.5832756844956609,-0.493016389556959,0.5,4.718034744262695,-5.367395401000977,-22.637680053710938,-0.05684715179890981,-0.23155032526701735,0.5,0.15785035490989685,0.24344275891780853,1.1264333724975586,0.14284079310474257,0.3499104184358487,0.5,0.004717892035841942,-3.957795343012549e-05,-0.35207000374794006,0.7224163189448652,0.4478068568780697,0.5,1.0012965202331543,-0.022257784381508827,0.5732736587524414,0.9946200516558212,-0.07315056048994194,0.5
7.916,TRACK,-0.6417229771614075,-0.48198676109313965,0.5539462566375732,-0.5807972511959996,-0.4934286211795689,0.5,4.718034744262695,-5.367395401000977,-22.637680053710938,-0.05568921821898354,-0.2293205817041767,0.5,0.15785035490989685,0.24344275891780853,1.1264333724975586,0.14460358409529472,0.35170070736649045,0.5,0.004717892035841942,-3.957795343012549e-05,-0.35207000374794006,0.7246637172720148,0.44668357272404835,0.5,1.0012965202331543,-0.022257784381508827,0.5732736587524414,0.9942462292177072,-0.07563507720679306,0.5
7.936,TRACK,-0.6417229771614075,-0.48198676109313965,0.5539462566375732,-0.5783404429649539,-0.4938246399239864,0.5,4.718034744262695,-5.367395401000977,-22.637680053710938,-0.05455338651621694,-0.2271063947488692,0.5,0.15785035490989685,0.24344275891780853,1.1264333724975586,0.14635840972853092,0.3534651689067346,0.5,0.004717892035841942,-3.957795343012549e-05,-0.35207000374794006,0.726884090860451,0.4455598829724537,0.5,1.0078749656677246,-0.024280965328216553,0.5626375675201416,0.9938636699298471,-0.0780940172063326,0.5
7.956,TRACK,-0.6417229771614075,-0.48198676109313965,0.5539462566375732,-0.5758684973509277,-0.4942104522465225,0.5,4.718034744262695,-5.367395401000977,-22.637680053710938,-0.053422583988897376,-0.2248746573290253,0.5,0.15785035490989685,0.24344275891780853,1.1264333724975586,0.14813148094610928,0.3552302708086992,0.5,0.004717892035841942,-3.957795343012549e-05,-0.35207000374794006,0.7291107116647082,0.444419038521631,0.5,1.0078749656677246,-0.024280965328216553,0.5626375675201416,0.9934667260493574,-0.08056419975478232,0.5
7.976,TRACK,-0.6294249296188354,-0.48596706986427307,0.5506069660186768,-0.5733921464238521,-0.49458426263206134,0.5,5.100577354431152,-5.619806289672852,-23.295541763305664,-0.05230183466536925,-0.22263502140500183,0.5,0.15809500217437744,0.2562341094017029,1.0566993951797485,0.14991517069837612,0.35698825231770986,0.5,0.011043868958950043,-7.312938396353275e-05,-0.8230644464492798,0.7313338418805221,0.44326589492177,0.5,1.0078749656677246,-0.024280965328216553,0.5626375675201416,0.9930570063318804,-0.08303486320241656,0.5
7.996,TRACK,-0.6294249296188354,-0.48596706986427307,0.5506069660186768,-0.5709266101522649,-0.4949438513329655,0.5,5.100577354431152,-5.619806289672852,-23.295541763305664,-0.05119795288001994,-0.2204012760873113,0.5,0.15809500217437744,0.2562341094017029,1.0566993951797485,0.1516984705070556,0.35872837154715764,0.5,0.011043868958950043,-7.312938396353275e-05,-0.8230644464492798,0.7335398635597664,0.4421076024323555,0.5,1.0078749656677246,-0.024280965328216553,0.5626375675201416,0.9926371029008931,-0.08549084655923625,0.5
8.016,TRACK,-0.6294249296188354,-0.48596706986427307,0.5506069660186768,-0.5684496294667031,-0.495292487552427,0.5,5.100577354431152,-5.619806289672852,-23.295541763305664,-0.05010095100510753,-0.21815326198223883,0.5,0.15809500217437744,0.2562341094017029,1.0566993951797485,0.15349746674819909,0.36046635689074313,0.5,0.011043868958950043,-7.312938396353275e-05,-0.8230644464492798,0.7357487062573389,0.44093372234156797,0.5,1.0078749656677246,-0.024280965328216553,0.5626375675201416,0.9922032465226513,-0.08795432969764519,0.5
8.036,TRACK,-0.6294249296188354,-0.48596706986427307,0.5506069660186768,-0.565972501342852,-0.49562851922237827,0.5,5.100577354431152,-5.619806289672852,-23.295541763305664,-0.04901589120820471,-0.2159012126350154,0.5,0.15809500217437744,0.2562341094017029,1.0566993951797485,0.15530399103773818,0.3621942316016205,0.5,0.011043868958950043,-7.312938396353275e-05,-0.8230644464492798,0.7379502594666791,0.43974955829396817,0.5,1.0078749656677246,-0.024280965328216553,0.5626375675201416,0.9917573569445259,-0.0904140580381949,0.5
8.056,TRACK,-0.6294249296188354,-0.48596706986427307,0.5506069660186768,-0.5634902063821379,-0.49595261234673776,0.5,5.100577354431152,-5.619806289672852,-23.295541763305664,-0.04794058900248421,-0.2136405601204488,0.5,0.15809500217437744,0.2562341094017029,1.0566993951797485,0.15712171268713926,0.363915484816735,0.5,0.011043868958950043,-7.312938396353275e-05,-0.8230644464492798,0.740148975433816,0.43855269876958736,0.5,1.006780743598938,-0.032196320593357086,0.5549167990684509,0.9912985164944226,-0.09287501111913582,0.5
8.076,TRACK,-0.614707350730896,-0.49254903197288513,0.5461766719818115,-0.5610108159986347,-0.49626372054703005,0.5,5.499683856964111,-5.8804826736450195,-23.959081649780273,-0.046878533757131025,-0.21137865746075823,0.5,0.16239994764328003,0.26500654220581055,0.9864527583122253,0.15894471683108413,0.3656245257399599,0.5,0.020194534212350845,-0.00015911778609734029,-1.5064902305603027,0.7423377092017589,0.4373470414886143,0.5,1.006780743598938,-0.032196320593357086,0.5549167990684509,0.990828224211391,-0.09532918922078581,0.5
8.096,TRACK,-0.614707350730896,-0.49254903197288513,0.5461766719818115,-0.5585329503026539,-0.49656207439641126,0.5,5.499683856964111,-5.8804826736450195,-23.959081649780273,-0.04582907977467854,-0.20911426355388746,0.5,0.16239994764328003,0.26500654220581055,0.9864527583122253,0.16077398429628031,0.3673223519877054,0.5,0.020194534212350845,-0.00015911778609734029,-1.5064902305603027,0.7445177126522171,0.43613196190984194,0.5,1.006780743598938,-0.032196320593357086,0.5549167990684509,0.9903462729741701,-0.09777797594724855,0.5
8.116,TRACK,-0.614707350730896,-0.49254903197288513,0.5461766719818115,-0.5560244559069729,-0.4968513463203332,0.5,5.499683856964111,-5.8804826736450195,-23.959081649780273,-0.04477879842789162,-0.20681793355327258,0.5,0.16239994764328003,0.26500654220581055,0.9864527583122253,0.16263336912189696,0.36903083390139335,0.5,0.020194534212350845,-0.00015911778609734029,-1.5064902305603027,0.7467171570194009,0.43489153180105067,0.5,1.006780743598938,-0.032196320593357086,0.5549167990684509,0.9898462195238376,-0.10025308582883824,0.5
8.136,TRACK,-0.614707350730896,-0.49254903197288513,0.5461766719818115,-0.553562031078213,-0.49712283072373226,0.5,5.499683856964111,-5.8804826736450195,-23.959081649780273,-0.04375967029750877,-0.2045599216683515,0.5,0.16239994764328003,0.26500654220581055,0.9864527583122253,0.16446593812718924,0.3706978463966749,0.5,0.020194534212350845,-0.00015911778609734029,-1.5064902305603027,0.7488688750817839,0.4336637902978844,0.5,1.006780743598938,-0.032196320593357086,0.5549167990684509,0.989343485415305,-0.10267888430247546,0.5
8.156,TRACK,-0.614707350730896,-0.49254903197288513,0.5461766719818115,-0.5510743074541313,-0.4973845746684158,0.5,5.499683856964111,-5.8804826736450195,-23.959081649780273,-0.042741988136167475,-0.20227483923200923,0.5,0.16239994764328003,0.26500654220581055,0.9864527583122253,0.16632469958581747,0.37237184895411335,0.5,0.020194534212350845,-0.00015911778609734029,-1.5064902305603027,0.7510353350015359,0.4324132983392933,0.5,1.0099658966064453,-0.027423959225416183,0.5486620664596558,0.9888236698223478,-0.1051257333929816,0.5
8.176,TRACK,-0.6020039319992065,-0.4962696135044098,0.5428478121757507,-0.5485867885496258,-0.49763372471973194,0.5,5.907360553741455,-6.144258499145508,-24.615238189697266,-0.04173634674100679,-0.19998605976847797,0.5,0.1644551306962967,0.2795587480068207,0.906409740447998,0.16819069792761981,0.3740355425066446,0.5,0.03183479979634285,-0.00029329571407288313,-2.3755414485931396,0.7531942267948812,0.4311527380380904,0.5,1.0099658966064453,-0.027423959225416183,0.5486620664596558,0.9882919399868662,-0.10756849605652505,0.5
8.196,TRACK,-0.6020039319992065,-0.4962696135044098,0.5428478121757507,-0.5460805168249018,-0.4978720578312765,0.5,5.907360553741455,-6.144258499145508,-24.615238189697266,-0.04073519792676228,-0.19767610269486235,0.5,0.1644551306962967,0.2795587480068207,0.906409740447998,0.1700782256573441,0.37570150760223686,0.5,0.03183479979634285,-0.00029329571407288313,-2.3755414485931396,0.7553619319008034,0.4298724040176218,0.5,1.0099658966064453,-0.027423959225416183,0.5486620664596558,0.9877441276901884,-0.1100257510937197,0.5
8.216,TRACK,-0.6020039319992065,-0.4962696135044098,0.5428478121757507,-0.5436114348118896,-0.49809441148606387,0.5,5.907360553741455,-6.144258499145508,-24.615238189697266,-0.039760738731928424,-0.19539657721521062,0.5,0.1644551306962967,0.2795587480068207,0.906409740447998,0.17194505876729915,0.3773326854816704,0.5,0.03183479979634285,-0.00029329571407288313,-2.3755414485931396,0.757490157408913,0.42860100190915695,0.5,1.0099658966064453,-0.027423959225416183,0.5486620664596558,0.9871926102799697,-0.11244269868955278,0.5
8.236,TRACK,-0.6020039319992065,-0.4962696135044098,0.5428478121757507,-0.5410909071352614,-0.49830867677655516,0.5,5.907360553741455,-6.144258499145508,-24.615238189697266,-0.0387780744443203,-0.19306562455991763,0.5,0.1644551306962967,0.2795587480068207,0.906409740447998,0.1738582665146548,0.37898755873929957,0.5,0.03183479979634285,-0.00029329571407288313,-2.3755414485931396,0.7596552491119266,0.4272928171741521,0.5,1.0099658966064453,-0.027423959225416183,0.5486620664596558,0.9866175027938369,-0.11490607457697877,0.5
8.256,TRACK,-0.6020039319992065,-0.4962696135044098,0.5428478121757507,-0.538624089490204,-0.49850594751823446,0.5,5.907360553741455,-6.144258499145508,-24.615238189697266,-0.037828170245625126,-0.1907805015757458,0.5,0.1644551306962967,0.2795587480068207,0.906409740447998,0.17573801107886233,0.3805971131536707,0.5,0.03183479979634285,-0.00029329571407288313,-2.3755414485931396,0.7617668993414699,0.426002453524804,0.5,1.01640784740448,-0.03924087807536125,0.5468674898147583,0.9860428298438386,-0.11731311758449431,0.5
8.276,TRACK,-0.5870123505592346,-0.4995069205760956,0.5419691205024719,-0.5361321597946328,-0.49869275814731373,0.5,6.327438831329346,-6.413727760314941,-25.27044677734375,-0.03688045415480701,-0.18846826325973878,0.5,0.1808803379535675,0.28010594844818115,0.8262363076210022,0.17764422001862273,0.3822129656521321,0.5,0.0008176689734682441,-1.5918547433102503e-05,-0.061497658491134644,0.7638927173467189,0.42468886697365255,0.5,1.01640784740448,-0.03924087807536125,0.5468674898147583,0.9854504486852185,-0.11974081121873206,0.5
8.296,TRACK,-0.5870123505592346,-0.4995069205760956,0.5419691205024719,-0.5336227058036136,-0.49886823275735215,0.5,6.327438831329346,-6.413727760314941,-25.27044677734375,-0.03593810395365865,-0.1861358553258202,0.5,0.1808803379535675,0.28010594844818115,0.8262363076210022,0.17957126955602704,0.38382994764096207,0.5,0.0008176689734682441,-1.5918547433102503e-05,-0.061497658491134644,0.7660260496599878,0.4233558088680273,0.5,1.01640784740448,-0.03924087807536125,0.5468674898147583,0.9848418710267128,-0.12218166842581701,0.5
8.316,TRACK,-0.5870123505592346,-0.4995069205760956,0.5419691205024719,-0.5307989760822313,-0.4990505215629838,0.5,6.327438831329346,-6.413727760314941,-25.27044677734375,-0.0348921565257862,-0.18350665911286776,0.5,0.1808803379535675,0.28010594844818115,0.8262363076210022,0.18174856821653862,0.38563716906929085,0.5,0.0008176689734682441,-1.5918547433102503e-05,-0.061497658491134644,0.7684176416637161,0.4218435369229792,0.5,1.01640784740448,-0.03924087807536125,0.5468674898147583,0.9841426575117278,-0.12492352531641844,0.5
8.336,TRACK,-0.5870123505592346,-0.4995069205760956,0.5419691205024719,-0.5285884545976052,-0.4991820311907478,0.5,6.327438831329346,-6.413727760314941,-25.27044677734375,-0.034083994732165335,-0.18144496696040666,0.5,0.1808803379535675,0.28010594844818115,0.8262363076210022,0.18345961824429796,0.38704287452161473,0.5,0.0008176689734682441,-1.5918547433102503e-05,-0.061497658491134644,0.7702832905309436,0.42065061851822527,0.5,1.01640784740448,-0.03924087807536125,0.5468674898147583,0.9835846418949878,-0.12706649488868554,0.5
8.356,TRACK,-0.5870123505592346,-0.4995069205760956,0.5419691205024719,-0.5260871106125219,-0.4993189988973883,0.5,6.327438831329346,-6.413727760314941,-25.27044677734375,-0.03318077290207455,-0.17910837281293002,0.5,0.1808803379535675,0.28010594844818115,0.8262363076210022,0.18540274043900423,0.3886239368293099,0.5,0.0008176689734682441,-1.5918547433102503e-05,-0.061497658491134644,0.7723874279216572,0.41929117461523563,0.5,1.0135776996612549,-0.05477322265505791,0.549625813961029,0.9829419481247421,-0.12948773973422714,0.5
8.376,TRACK,-0.5766541957855225,-0.5021740198135376,0.5416709780693054,-0.5234086983496996,-0.49945173224404055,0.5,6.76436710357666,-6.691678524017334,-25.931228637695312,-0.03222686108065692,-0.17660206823688385,0.5,0.1884806603193283,0.2883227467536926,0.7541946172714233,0.18749160277392013,0.3903056515901181,0.5,0.004147113300859928,-7.21212854841724e-05,-0.3156963288784027,0.7746323276638722,0.41782422692075133,0.5,1.0135776996612549,-0.05477322265505791,0.549625813961029,0.982240510131851,-0.13207607802994495,0.5
8.396,TRACK,-0.5766541957855225,-0.5021740198135376,0.5416709780693054,-0.5210431870162243,-0.4995569880205863,0.5,6.76436710357666,-6.691678524017334,-25.931228637695312,-0.031395773686065,-0.17438485909252094,0.5,0.1884806603193283,0.2883227467536926,0.7541946172714233,0.1893434738499159,0.3917812179780472,0.5,0.004147113300859928,-7.21212854841724e-05,-0.3156963288784027,0.7766079343262124,0.4165189679567855,0.5,1.0135776996612549,-0.05477322265505791,0.549625813961029,0.9816096311215822,-0.13435833882172538,0.5
8.417,TRACK,-0.5766541957855225,-0.5021740198135376,0.5416709780693054,-0.5185970912135188,-0.4996540285021187,0.5,6.76436710357666,-6.691678524017334,-25.931228637695312,-0.030547597530853954,-0.17208847089781149,0.5,0.1884806603193283,0.2883227467536926,0.7541946172714233,0.19126536796025378,0.39329750441527406,0.5,0.004147113300859928,-7.21212854841724e-05,-0.3156963288784027,0.7786439063643906,0.41515969631696276,0.5,1.0135776996612549,-0.05477322265505791,0.549625813961029,0.9809460369309828,-0.1367147013323065,0.5
8.436,TRACK,-0.5766541957855225,-0.5021740198135376,0.5416709780693054,-0.516052908272987,-0.499742237694573,0.5,6.76436710357666,-6.691678524017334,-25.931228637695312,-0.02967750983815004,-0.16969606727310016,0.5,0.1884806603193283,0.2883227467536926,0.7541946172714233,0.19327180713350167,0.39486430036260833,0.5,0.004147113300859928,-7.21212854841724e-05,-0.3156963288784027,0.7807540416625209,0.4137356258411396,0.5,1.0135776996612549,-0.05477322265505791,0.549625813961029,0.9802437330928404,-0.13916162123607476,0.5
8.457,TRACK,-0.5766541957855225,-0.5021740198135376,0.5416709780693054,-0.513637126953612,-0.4998139941702824,0.5,6.76436710357666,-6.691678524017334,-25.931228637695312,-0.028862747891959806,-0.16742069667781506,0.5,0.1884806603193283,0.2883227467536926,0.7541946172714233,0.19518403787739114,0.39634231320320606,0.5,0.004147113300859928,-7.21212854841724e-05,-0.3156963288784027,0.7827506272027673,0.4123737174171527,0.5,1.0177066326141357,-0.06906241178512573,0.5474501252174377,0.9795654600742697,-0.14148133977226118,0.5
8.476,TRACK,-0.5672003030776978,-0.5018239617347717,0.5398759841918945,-0.5109785852759158,-0.49987945613451595,0.5,7.1644206047058105,-6.944185256958008,-26.51925277709961,-0.027978955305643816,-0.16491250215083325,0.5,0.1933000236749649,0.30166590213775635,0.672837495803833,0.19729636569773878,0.39795792463551083,0.5,0.01006584893912077,-0.00022833142429590225,-0.7669827938079834,0.7849399101774401,0.4108640256679481,0.5,1.0177066326141357,-0.06906241178512573,0.5474501252174377,0.9788061835432613,-0.14402999201810965,0.5
8.496,TRACK,-0.5672003030776978,-0.5018239617347717,0.5398759841918945,-0.5086661052405835,-0.49992489297889453,0.5,7.1644206047058105,-6.944185256958008,-26.51925277709961,-0.027221146668647223,-0.16272724370151184,0.5,0.1933000236749649,0.30166590213775635,0.672837495803833,0.19914049423843894,0.3993539254757729,0.5,0.01006584893912077,-0.00022833142429590225,-0.7669827938079834,0.7868374529322132,0.4095415431862321,0.5,1.0177066326141357,-0.06906241178512573,0.5474501252174377,0.9781348009201171,-0.14624333198159856,0.5
8.516,TRACK,-0.5672003030776978,-0.5018239617347717,0.5398759841918945,-0.5061625112412437,-0.49996202201287404,0.5,7.1644206047058105,-6.944185256958008,-26.51925277709961,-0.026412181766126086,-0.16035765781676659,0.5,0.1933000236749649,0.30166590213775635,0.672837495803833,0.201144120432315,0.40085553912578703,0.5,0.01006584893912077,-0.00022833142429590225,-0.7669827938079834,0.7888847269232993,0.4081000055751663,0.5,1.0177066326141357,-0.06906241178512573,0.5474501252174377,0.9773964596370158,-0.1486358648713126,0.5
8.536,TRACK,-0.5672003030776978,-0.5018239617347717,0.5398759841918945,-0.503664633601931,-0.4999865702802062,0.5,7.1644206047058105,-6.944185256958008,-26.51925277709961,-0.025616948336099288,-0.15798962084277843,0.5,0.1933000236749649,0.30166590213775635,0.672837495803833,0.20315051678288093,0.40234361472966035,0.5,0.01006584893912077,-0.00022833142429590225,-0.7669827938079834,0.7909199814928797,0.4066516499022014,0.5,1.0177066326141357,-0.06906241178512573,0.5474501252174377,0.976647919786209,-0.151019073508877,0.5
8.556,TRACK,-0.5672003030776978,-0.5018239617347717,0.5398759841918945,-0.5011576344141409,-0.4999986598807673,0.5,7.1644206047058105,-6.944185256958008,-26.51925277709961,-0.024830745088794903,-0.15560905882091253,0.5,0.1933000236749649,0.30166590213775635,0.672837495803833,0.20517161564177144,0.4038269725720617,0.5,0.01006584893912077,-0.00022833142429590225,-0.7669827938079834,0.792955292529602,0.4051878534444182,0.5,1.0098857879638672,-0.0886647179722786,0.5533811450004578,0.9758847123256907,-0.1534071073148,0.5
8.576,TRACK,-0.557346761226654,-0.5011171698570251,0.5399121642112732,-0.4986635104815842,-0.49999821379257664,0.5,7.620739936828613,-7.230119705200195,-27.17177963256836,-0.024060442662638182,-0.1532368681535749,0.5,0.1976400464773178,0.31478139758110046,0.5987321734428406,0.20718966649334675,0.405292620944081,0.5,0.018632667139172554,-0.0004891635035164654,-1.4153410196304321,0.7949728189730578,0.4037214832865445,0.5,1.0098857879638672,-0.0886647179722786,0.5533811450004578,0.9751135613893729,-0.15577902228447385,0.5
8.596,TRACK,-0.557346761226654,-0.5011171698570251,0.5399121642112732,-0.4961656648220734,-0.4999852976575844,0.5,7.620739936828613,-7.230119705200195,-27.17177963256836,-0.02330084987887332,-0.1508572844571834,0.5,0.1976400464773178,0.31478139758110046,0.5987321734428406,0.2092180579948817,0.40675036841253387,0.5,0.018632667139172554,-0.0004891635035164654,-1.4153410196304321,0.7969860266472628,0.40224283707267094,0.5,1.0098857879638672,-0.0886647179722786,0.5533811450004578,0.9743294006569088,-0.1581506233704369,0.5
8.616,TRACK,-0.557346761226654,-0.5011171698570251,0.5399121642112732,-0.493665828863148,-0.4999598766661271,0.5,7.620739936828613,-7.230119705200195,-27.17177963256836,-0.022552534883991948,-0.14847194366040428,0.5,0.1976400464773178,0.31478139758110046,0.5987321734428406,0.2112554098526792,0.40819916910823784,0.5,0.018632667139172554,-0.0004891635035164654,-1.4153410196304321,0.7989934943373058,0.4007529043487614,0.5,1.0098857879638672,-0.0886647179722786,0.5533811450004578,0.973532732062875,-0.1605202531304677,0.5
8.636,TRACK,-0.557346761226654,-0.5011171698570251,0.5399121642112732,-0.49116224775950607,-0.4999218880338564,0.5,7.620739936828613,-7.230119705200195,-27.17177963256836,-0.02181501511243683,-0.14607915740474745,0.5,0.1976400464773178,0.31478139758110046,0.5987321734428406,0.21330317867012505,0.40964000370977655,0.5,0.018632667139172554,-0.0004891635035164654,-1.4153410196304321,0.8009966048391446,0.3992506028490224,0.5,0.9978085160255432,-0.10191752761602402,0.5492718815803528,0.9727229536187874,-0.16288956112019506,0.5
8.656,TRACK,-0.557346761226654,-0.5011171698570251,0.5399121642112732,-0.48866243384834857,-0.49987144306687187,0.5,7.620739936828613,-7.230119705200195,-27.17177963256836,-0.0210905061456792,-0.14368610474293694,0.5,0.1976400464773178,0.31478139758110046,0.5987321734428406,0.21535522141467228,0.41106854662465936,0.5,0.018632667139172554,-0.0004891635035164654,-1.4153410196304321,0.8029893459684001,0.3977404382629973,0.5,0.9978085160255432,-0.10191752761602402,0.5492718815803528,0.9719024926228998,-0.16525143707784778,0.5
8.676,TRACK,-0.5453004837036133,-0.5018625855445862,0.5399271249771118,-0.48614181149902747,-0.49980791371433037,0.5,8.08949089050293,-7.521714210510254,-27.823413848876953,-0.020372011008048252,-0.14126921878291895,0.5,0.20291215181350708,0.3308767080307007,0.519648015499115,0.2174317893481859,0.4124987349423414,0.5,0.02983737736940384,-0.0008169308421202004,-2.260786294937134,0.8049912306688904,0.3962074572936199,0.5,0.9978085160255432,-0.10191752761602402,0.5492718815803528,0.9710631574758478,-0.16762905973871184,0.5
8.696,TRACK,-0.5453004837036133,-0.5018625855445862,0.5399271249771118,-0.4836679785249153,-0.49973319388903653,0.5,8.08949089050293,-7.521714210510254,-27.823413848876953,-0.019678617354544625,-0.13889337411683123,0.5,0.20291215181350708,0.3308767080307007,0.519648015499115,0.21947708147684936,0.4138923678726799,0.5,0.02983737736940384,-0.0008169308421202004,-2.260786294937134,0.8069486843748308,0.3946929251463225,0.5,0.9978085160255432,-0.10191752761602402,0.5492718815803528,0.9702276382688599,-0.16995872501313453,0.5
8.716,TRACK,-0.5453004837036133,-0.5018625855445862,0.5399271249771118,-0.4811696486236229,-0.4996452920493119,0.5,8.08949089050293,-7.521714210510254,-27.823413848876953,-0.018990190574954602,-0.1364901580220403,0.5,0.20291215181350708,0.3308767080307007,0.519648015499115,0.22154994022958957,0.41528973526184687,0.5,0.02983737736940384,-0.0008169308421202004,-2.260786294937134,0.808918208317492,0.3931533295928074,0.5,0.9978085160255432,-0.10191752761602402,0.5492718815803528,0.969372012254341,-0.17230761478330198,0.5
8.736,TRACK,-0.5453004837036133,-0.5018625855445862,0.5399271249771118,-0.4786721169615067,-0.4995449143021039,0.5,8.08949089050293,-7.521714210510254,-27.823413848876953,-0.01831387575794441,-0.1340838458303869,0.5,0.20291215181350708,0.3308767080307007,0.519648015499115,0.22362948634769825,0.4166765402366239,0.5,0.02983737736940384,-0.0008169308421202004,-2.260786294937134,0.8108797533166663,0.3916041100113337,0.5,0.9978085160255432,-0.10191752761602402,0.5492718815803528,0.9685047676161844,-0.1746518901154667,0.5
8.756,TRACK,-0.5453004837036133,-0.5018625855445862,0.5399271249771118,-0.4761737489541366,-0.49943198712247044,0.5,8.08949089050293,-7.521714210510254,-27.823413848876953,-0.017649237715521626,-0.1316728602392407,0.5,0.20291215181350708,0.3308767080307007,0.519648015499115,0.2257170854546348,0.4180536840987051,0.5,0.02983737736940384,-0.0008169308421202004,-2.260786294937134,0.8128345985620598,0.39004424613435196,0.5,0.9906908273696899,-0.12161180377006531,0.5474785566329956,0.9676253293136472,-0.17699308287134574,0.5
8.776,TRACK,-0.5332128405570984,-0.5029873847961426,0.5400179028511047,-0.4736589835307016,-0.49930566875548704,0.5,8.619396209716797,-7.848963737487793,-28.53921127319336,-0.01699226836886103,-0.12924214167422957,0.5,0.20766529440879822,0.3466099500656128,0.45347777009010315,0.2278258214922667,0.41942963242198394,0.5,0.00045698118628934026,-1.7330734408460557e-05,-0.03546524792909622,0.8147948384532786,0.38846391039989053,0.5,0.9906908273696899,-0.12161180377006531,0.5474785566329956,0.9667280881548919,-0.1793457323921578,0.5
8.796,TRACK,-0.5332128405570984,-0.5029873847961426,0.5400179028511047,-0.4711757099192269,-0.49916846885729815,0.5,8.619396209716797,-7.848963737487793,-28.53921127319336,-0.01635537947844007,-0.12683801102412584,0.5,0.20766529440879822,0.3466099500656128,0.45347777009010315,0.2299154761224041,0.42077826697895454,0.5,0.00045698118628934026,-1.7330734408460557e-05,-0.03546524792909622,0.8167232049298732,0.3868932817443973,0.5,0.9906908273696899,-0.12161180377006531,0.5474785566329956,0.9658302295500558,-0.18166506884192773,0.5
8.816,TRACK,-0.5332128405570984,-0.5029873847961426,0.5400179028511047,-0.4686863976250326,-0.4990184949541474,0.5,8.619396209716797,-7.848963737487793,-28.53921127319336,-0.01572877333309325,-0.12442418986085237,0.5,0.20766529440879822,0.3466099500656128,0.45347777009010315,0.23201752452121455,0.42212011659747056,0.5,0.00045698118628934026,-1.7330734408460557e-05,-0.03546524792909622,0.8186489484316821,0.3853087692531578,0.5,0.9906908273696899,-0.12161180377006531,0.5474785566329956,0.9649183560889775,-0.18398620103562854,0.5
8.836,TRACK,-0.5332128405570984,-0.5029873847961426,0.5400179028511047,-0.4661757718753849,-0.4988546096727723,0.5,8.619396209716797,-7.848963737487793,-28.53921127319336,-0.015108811474713435,-0.12198579954459868,0.5,0.20766529440879822,0.3466099500656128,0.45347777009010315,0.23414499277065498,0.42346323940937886,0.5,0.00045698118628934026,-1.7330734408460557e-05,-0.03546524792909622,0.8205837579782023,0.3837004744857288,0.5,0.9865328073501587,-0.13154006004333496,0.5485897660255432,0.9639866659010443,-0.18632330467773658,0.5
8.856,TRACK,-0.5332128405570984,-0.5029873847961426,0.5400179028511047,-0.4636688857518041,-0.4986783032551993,0.5,8.619396209716797,-7.848963737487793,-28.53921127319336,-0.014501818426861657,-0.11954712748190983,0.5,0.20766529440879822,0.3466099500656128,0.45347777009010315,0.23627673655972853,0.4247941152139624,0.5,0.00045698118628934026,-1.7330734408460557e-05,-0.03546524792909622,0.822508241143008,0.38208432890507743,0.5,0.9865328073501587,-0.13154006004333496,0.5485897660255432,0.9630443181185977,-0.1886530133819306,0.5
8.876,TRACK,-0.5205333828926086,-0.5040196776390076,0.5378169417381287,-0.461198928822821,-0.4984922034249919,0.5,9.06413745880127,-8.121801376342773,-29.12405014038086,-0.01391555121663196,-0.11714055083944773,0.5,0.21238678693771362,0.35995152592658997,0.4009280204772949,0.2383843604263,0.4260953615453281,0.5,0.0032816953025758266,-0.0001489341666456312,-0.2522278428077698,0.8243970915382794,0.3804819667231355,0.5,0.9865328073501587,-0.13154006004333496,0.5485897660255432,0.9621040679959676,-0.19094457400402393,0.5
8.896,TRACK,-0.5205333828926086,-0.5040196776390076,0.5378169417381287,-0.45871061874390395,-0.4982922706559763,0.5,9.06413745880127,-8.121801376342773,-29.12405014038086,-0.013336768477765326,-0.1147122447009725,0.5,0.21238678693771362,0.35995152592658997,0.4009280204772949,0.24051496310049575,0.4273962045049803,0.5,0.0032816953025758266,-0.0001489341666456312,-0.2522278428077698,0.8262926591463204,0.3788576257477513,0.5,0.9865328073501587,-0.13154006004333496,0.5485897660255432,0.9611449905315146,-0.19324931489578265,0.5
8.916,TRACK,-0.5205333828926086,-0.5040196776390076,0.5378169417381287,-0.45620187357647984,-0.4980780301536993,0.5,9.06413745880127,-8.121801376342773,-29.12405014038086,-0.012765278412220193,-0.11226008230568282,0.5,0.21238678693771362,0.35995152592658997,0.4009280204772949,0.24267050798318002,0.4286974837089266,0.5,0.0032816953025758266,-0.0001489341666456312,-0.2522278428077698,0.8281963492136404,0.37720969812935384,0.5,0.9865328073501587,-0.13154006004333496,0.5485897660255432,0.9601659908144795,-0.19556906937889826,0.5
8.936,TRACK,-0.5205333828926086,-0.5040196776390076,0.5378169417381287,-0.4537160200147701,-0.49785318437941806,0.5,9.06413745880127,-8.121801376342773,-29.12405014038086,-0.012210948454915937,-0.10982641391189697,0.5,0.21238678693771362,0.35995152592658997,0.4009280204772949,0.24481376679029349,0.4299767277193514,0.5,0.0032816953025758266,-0.0001489341666456312,-0.2522278428077698,0.8300752859604282,0.37556664601391526,0.5,0.9865328073501587,-0.13154006004333496,0.5485897660255432,0.9591839787795922,-0.19786377544195155,0.5
8.956,TRACK,-0.5205333828926086,-0.5040196776390076,0.5378169417381287,-0.45124060351181927,-0.49761684181115534,0.5,9.06413745880127,-8.121801376342773,-29.12405014038086,-0.011670777826972123,-0.10739911904613363,0.5,0.21238678693771362,0.35995152592658997,0.4009280204772949,0.24695533948545068,0.43124053587884853,0.5,0.0032816953025758266,-0.0001489341666456312,-0.2522278428077698,0.831939021303358,0.3739204275459806,0.5,0.9794373512268066,-0.1375468522310257,0.5493735074996948,0.9581942578724,-0.2001450025675401,0.5
8.976,TRACK,-0.5110939741134644,-0.5030127167701721,0.5355533957481384,-0.4487521039446415,-0.497366718980974,0.5,9.570021629333496,-8.430373191833496,-29.772966384887695,-0.011139670117737643,-0.10495512311176429,0.5,0.21712550520896912,0.3787831664085388,0.3586026430130005,0.24911559643663445,0.43250088560447403,0.5,0.008773935958743095,-0.00042431202018633485,-0.6660968065261841,0.8338052412328572,0.3722553705797594,0.5,0.9794373512268066,-0.1375468522310257,0.5493735074996948,0.9571873882681292,-0.20243441409149504,0.5
8.996,TRACK,-0.5110939741134644,-0.5030127167701721,0.5355533957481384,-0.4462711088837324,-0.49710482421659946,0.5,9.570021629333496,-8.430373191833496,-29.772966384887695,-0.01062207720319841,-0.10251462665926106,0.5,0.21712550520896912,0.3787831664085388,0.3586026430130005,0.25127670148402215,0.43374730059717004,0.5,0.008773935958743095,-0.00042431202018633485,-0.6660968065261841,0.835658470519941,0.37058520095682973,0.5,0.9794373512268066,-0.1375468522310257,0.5493735074996948,0.956171641909106,-0.20471305067813916,0.5
9.016,TRACK,-0.5110939741134644,-0.5030127167701721,0.5355533957481384,-0.4437620158117107,-0.4968272226181228,0.5,9.570021629333496,-8.430373191833496,-29.772966384887695,-0.010110739612640474,-0.10004255373152884,0.5,0.21712550520896912,0.3787831664085388,0.3586026430130005,0.2534697705453536,0.4349975240907003,0.5,0.008773935958743095,-0.00042431202018633485,-0.6660968065261841,0.8375251993300776,0.3688858086416329,0.5,0.9794373512268066,-0.1375468522310257,0.5493735074996948,0.9551322747002176,-0.20701355638268149,0.5
9.036,TRACK,-0.5110939741134644,-0.5030127167701721,0.5355533957481384,-0.4413004669501412,-0.49654240989036225,0.5,9.570021629333496,-8.430373191833496,-29.772966384887695,-0.009620952182591624,-0.09761346967346199,0.5,0.21712550520896912,0.3787831664085388,0.3586026430130005,0.2556286141278904,0.43621396787235567,0.5,0.008773935958743095,-0.00042431202018633485,-0.6660968065261841,0.8393492254705288,0.36720852818603245,0.5,0.9794373512268066,-0.1375468522310257,0.5493735074996948,0.9541007412688479,-0.20926661649456377,0.5
9.056,TRACK,-0.5110939741134644,-0.5030127167701721,0.5355533957481384,-0.43881430122782705,-0.4962421891231749,0.5,9.570021629333496,-8.430373191833496,-29.772966384887695,-0.009138211640524696,-0.09515621224354028,0.5,0.21712550520896912,0.3787831664085388,0.3586026430130005,0.2578164297874597,0.43743241571596814,0.5,0.008773935958743095,-0.00042431202018633485,-0.6660968065261841,0.8411841104513288,0.3655043129369823,0.5,0.9741849303245544,-0.14621645212173462,0.5514687299728394,0.9530469468928597,-0.21153832728623514,0.5
9.076,TRACK,-0.5008827447891235,-0.4999265670776367,0.5347669720649719,-0.4363383313275626,-0.495930632187447,0.5,10.093537330627441,-8.747790336608887,-30.42743682861328,-0.0086694031177032,-0.0927051485478878,0.5,0.22478193044662476,0.3995015323162079,0.32492557168006897,0.2600026600864048,0.43863569945274433,0.5,0.016910774633288383,-0.000786006567068398,-1.2770018577575684,0.8430040836061332,0.36379691948876747,0.5,0.9741849303245544,-0.14621645212173462,0.5514687299728394,0.9519855218621962,-0.21379683820617695,0.5
9.096,TRACK,-0.5008827447891235,-0.4999265670776367,0.5347669720649719,-0.43386161354229635,-0.495606410205489,0.5,10.093537330627441,-8.747790336608887,-30.42743682861328,-0.008212408660452475,-0.0902494598568113,0.5,0.22478193044662476,0.3995015323162079,0.32492557168006897,0.2621969397644198,0.4398291765476604,0.5,0.016910774633288383,-0.000786006567068398,-1.2770018577575684,0.8448172174852204,0.3620788402071436,0.5,0.9741849303245544,-0.14621645212173462,0.5514687299728394,0.950911820547611,-0.21605214669250358,0.5
9.116,TRACK,-0.5008827447891235,-0.4999265670776367,0.5347669720649719,-0.4313611589349087,-0.4952663015966674,0.5,10.093537330627441,-8.747790336608887,-30.42743682861328,-0.007763188201774407,-0.08776628686869596,0.5,0.22478193044662476,0.3995015323162079,0.32492557168006897,0.2644197608599026,0.44102375324543974,0.5,0.016910774633288383,-0.000786006567068398,-1.2770018577575684,0.846640216931817,0.3603339562204245,0.5,0.9741849303245544,-0.14621645212173462,0.5514687299728394,0.9498156750715971,-0.21832512100050075,0.5
9.136,TRACK,-0.5008827447891235,-0.4999265670776367,0.5347669720649719,-0.4289073211779324,-0.4949200248705869,0.5,10.093537330627441,-8.747790336608887,-30.42743682861328,-0.0073342393702100495,-0.08532554308687716,0.5,0.22478193044662476,0.3995015323162079,0.32492557168006897,0.26660849365953754,0.44218593913435317,0.5,0.016910774633288383,-0.000786006567068398,-1.2770018577575684,0.8484218770258476,0.35861148281919975,0.5,0.973434567451477,-0.1492069661617279,0.5530224442481995,0.9487280687664723,-0.22055185399608876,0.5
9.156,TRACK,-0.5008827447891235,-0.4999265670776367,0.5347669720649719,-0.4264258402026187,-0.49455721914669226,0.5,10.093537330627441,-8.747790336608887,-30.42743682861328,-0.006912468325479149,-0.08285340130090264,0.5,0.22478193044662476,0.3995015323162079,0.32492557168006897,0.26882930579373704,0.44335100105919967,0.5,0.016910774633288383,-0.000786006567068398,-1.2770018577575684,0.850216185452142,0.3568593889017787,0.5,0.973434567451477,-0.1492069661617279,0.5530224442481995,0.9476162002260231,-0.22279976951338337,0.5
9.176,TRACK,-0.4913243353366852,-0.49671465158462524,0.5318606495857239,-0.42396040777155736,-0.4941841563766813,0.5,10.629666328430176,-9.07101821899414,-31.080963134765625,-0.006505411584204146,-0.0803933529859544,0.5,0.23739396035671234,0.42505648732185364,0.2981870472431183,0.27104316332334066,0.4444983317617936,0.5,0.02764676697552204,-0.001224476145580411,-2.0849647521972656,0.8519914813929619,0.3551084299573698,0.5,0.973434567451477,-0.1492069661617279,0.5530224442481995,0.946499535927936,-0.22502925235652765,0.5
9.196,TRACK,-0.4913243353366852,-0.49671465158462524,0.5318606495857239,-0.42149327566756295,-0.4937982323121365,0.5,10.629666328430176,-9.07101821899414,-31.080963134765625,-0.006110061433082292,-0.07792771382740694,0.5,0.23739396035671234,0.42505648732185364,0.2981870472431183,0.2732659555964843,0.44563625650122385,0.5,0.02764676697552204,-0.001224476145580411,-2.0849647521972656,0.8537605927188172,0.3533460669644296,0.5,0.973434567451477,-0.1492069661617279,0.5530224442481995,0.9453701145840533,-0.22725637732610993,0.5
9.216,TRACK,-0.4913243353366852,-0.49671465158462524,0.5318606495857239,-0.4190162793671379,-0.4933980512653638,0.5,10.629666328430176,-9.07101821899414,-31.080963134765625,-0.005725222273478103,-0.07544828761076923,0.5,0.23739396035671234,0.42505648732185364,0.2981870472431183,0.275505108216072,0.4467684451289308,0.5,0.02764676697552204,-0.001224476145580411,-2.0849647521972656,0.8555293043033249,0.3515663718013909,0.5,0.973434567451477,-0.1492069661617279,0.5530224442481995,0.9442240858399871,-0.2294884780541886,0.5
9.236,TRACK,-0.4913243353366852,-0.49671465158462524,0.5318606495857239,-0.4165503434193816,-0.49298697225847343,0.5,10.629666328430176,-9.07101821899414,-31.080963134765625,-0.005354165526796462,-0.07297601275972915,0.5,0.23739396035671234,0.42505648732185364,0.2981870472431183,0.2777417184826242,0.4478853160095148,0.5,0.02764676697552204,-0.001224476145580411,-2.0849647521972656,0.8572826622143227,0.34978436111559674,0.5,0.9720977544784546,-0.16304069757461548,0.5531246662139893,0.943071110356875,-0.23170669210690886,0.5
9.256,TRACK,-0.4913243353366852,-0.49671465158462524,0.5318606495857239,-0.41408408621172355,-0.4925631490052067,0.5,10.629666328430176,-9.07101821899414,-31.080963134765625,-0.004995130003907222,-0.07049949418365542,0.5,0.23739396035671234,0.42505648732185364,0.2981870472431183,0.27998607953396804,0.4489920654100321,0.5,0.02764676697552204,-0.001224476145580411,-2.0849647521972656,0.8590287891499689,0.3479918512860713,0.5,0.9720977544784546,-0.16304069757461548,0.5531246662139893,0.9419059151004323,-0.2339212735072412,0.5
9.276,TRACK,-0.4783288538455963,-0.4954373240470886,0.5283169746398926,-0.411611005143405,-0.4921253758832609,0.5,11.17292308807373,-9.39676570892334,-31.72709083557129,-0.00464725290561524,-0.06801217498394307,0.5,0.24600034952163696,0.4419304430484772,0.2777436673641205,0.28224416073163444,0.45009154009437874,0.5,0.0003144791116937995,1.2320252608333249e-05,-0.023649156093597412,0.8607722371777757,0.34618404481105525,0.5,0.9720977544784546,-0.16304069757461548,0.5531246662139893,0.9407253440415695,-0.23613803403822992,0.5
9.296,TRACK,-0.4783288538455963,-0.4954373240470886,0.5283169746398926,-0.40916943120648747,-0.4916805952777138,0.5,11.17292308807373,-9.39676570892334,-31.72709083557129,-0.0043157765593120345,-0.06555265541533876,0.5,0.24600034952163696,0.4419304430484772,0.2777436673641205,0.28448087102007,0.45116682617822457,0.5,0.0003144791116937995,1.2320252608333249e-05,-0.023649156093597412,0.8624860765053187,0.3443890885898974,0.5,0.9720977544784546,-0.16304069757461548,0.5531246662139893,0.9395478447088117,-0.23832266407506933,0.5
9.316,TRACK,-0.4783288538455963,-0.4954373240470886,0.5283169746398926,-0.4067050028476477,-0.4912189364289029,0.5,11.17292308807373,-9.39676570892334,-31.72709083557129,-0.003993289971477909,-0.06306618433583555,0.5,0.24600034952163696,0.4419304430484772,0.2777436673641205,0.2867459917067122,0.45224189096859035,0.5,0.0003144791116937995,1.2320252608333249e-05,-0.023649156093597412,0.8642084846661182,0.3425670440909485,0.5,0.9720977544784546,-0.16304069757461548,0.5531246662139893,0.9383472308080438,-0.2405238142948003,0.5
9.336,TRACK,-0.4783288538455963,-0.4954373240470886,0.5283169746398926,-0.4042397029258454,-0.49074429747503906,0.5,11.17292308807373,-9.39676570892334,-31.72709083557129,-0.003682878869369466,-0.06057487327764721,0.5,0.24600034952163696,0.4419304430484772,0.2777436673641205,0.2890194470169263,0.45330696692523537,0.5,0.0003144791116937995,1.2320252608333249e-05,-0.023649156093597412,0.8659239684218429,0.3407339861745671,0.5,0.9750893712043762,-0.18845047056674957,0.5615840554237366,0.937134002766016,-0.24272178234711608,0.5
9.356,TRACK,-0.4783288538455963,-0.4954373240470886,0.5283169746398926,-0.401790025511216,-0.49025993198599493,0.5,11.17292308807373,-9.39676570892334,-31.72709083557129,-0.003386545872136437,-0.05809541444203954,0.5,0.24600034952163696,0.4419304430484772,0.2777436673641205,0.2912859805672775,0.454354991270303,0.5,0.0003144791116937995,1.2320252608333249e-05,-0.023649156093597412,0.867621096189835,0.3389022420052486,0.5,0.9750893712043762,-0.18845047056674957,0.5615840554237366,0.935916351859535,-0.24490188684751701,0.5
9.376,TRACK,-0.4638572335243225,-0.4931615889072418,0.525180995464325,-0.3993552627504129,-0.48976590006242937,0.5,11.728569984436035,-9.728225708007812,-32.37229537963867,-0.0031040150819418577,-0.05562715319259941,0.5,0.24781644344329834,0.4525507986545563,0.2713666558265686,0.293546129696872,0.45538642869200574,0.5,0.0029079539235681295,5.500596307683736e-05,-0.21870467066764832,0.8693004759617624,0.3370714441396893,0.5,0.9750893712043762,-0.18845047056674957,0.5615840554237366,0.9346941165090108,-0.24706481957666615,0.5
9.396,TRACK,-0.4638572335243225,-0.4931615889072418,0.525180995464325,-0.3969080829486495,-0.4892566367855192,0.5,11.728569984436035,-9.728225708007812,-32.37229537963867,-0.002832133092921074,-0.053142375888410164,0.5,0.24781644344329834,0.4525507986545563,0.2713666558265686,0.2958252771884916,0.4564128422435588,0.5,0.0029079539235681295,5.500596307683736e-05,-0.21870467066764832,0.8709809485659783,0.33522102529687337,0.5,0.9750893712043762,-0.18845047056674957,0.5615840554237366,0.9334535582039596,-0.24923485486650274,0.5
9.416,TRACK,-0.4638572335243225,-0.4931615889072418,0.525180995464325,-0.39446572271501307,-0.4887356302930404,0.5,11.728569984436035,-9.728225708007812,-32.37229537963867,-0.0025729088940458777,-0.05065855341271445,0.5,0.24781644344329834,0.4525507986545563,0.2713666558265686,0.29810742805651674,0.4574269224630809,0.5,0.0029079539235681295,5.500596307683736e-05,-0.21870467066764832,0.872650619568748,0.33336393886416127,0.5,0.9750893712043762,-0.18845047056674957,0.5615840554237366,0.9322033207656762,-0.2513966776214872,0.5
9.436,TRACK,-0.4638572335243225,-0.4931615889072418,0.525180995464325,-0.3920075463966295,-0.4881983510467071,0.5,11.728569984436035,-9.728225708007812,-32.37229537963867,-0.002324273564790813,-0.04815466038907139,0.5,0.24781644344329834,0.4525507986545563,0.2713666558265686,0.3004119392906166,0.45843713420955273,0.5,0.0029079539235681295,5.500596307683736e-05,-0.21870467066764832,0.8743235211681328,0.3314843910356722,0.5,0.9750893712043762,-0.18845047056674957,0.5615840554237366,0.9309327195798303,-0.25356851380944634,0.5
9.456,TRACK,-0.4638572335243225,-0.4931615889072418,0.525180995464325,-0.3895599819437478,-0.4876504920655107,0.5,11.728569984436035,-9.728225708007812,-32.37229537963867,-0.002088979408099989,-0.045657590531395224,0.5,0.24781644344329834,0.4525507986545563,0.2713666558265686,0.30271408395730914,0.45943254927268307,0.5,0.0029079539235681295,5.500596307683736e-05,-0.21870467066764832,0.8759816189758589,0.3296025215199242,0.5,0.9761579036712646,-0.20436641573905945,0.559553861618042,0.9296553357149842,-0.2557269881957012,0.5
9.476,TRACK,-0.44951388239860535,-0.4894711971282959,0.5246678590774536,-0.38714077457506,-0.48709628949159794,0.5,12.302264213562012,-10.068753242492676,-33.02309036254883,-0.001868481187525639,-0.043185529585470055,0.5,0.2529061436653137,0.457230806350708,0.271674782037735,0.30499701593122314,0.46040616438561327,0.5,0.008812774904072285,6.806884630350396e-05,-0.660883903503418,0.877613046750316,0.3277321878057505,0.5,0.9761579036712646,-0.20436641573905945,0.559553861618042,0.9283806815558753,-0.2578565331142956,0.5
9.496,TRACK,-0.44951388239860535,-0.4894711971282959,0.5246678590774536,-0.38471289317246493,-0.486527371274563,0.5,12.302264213562012,-10.068753242492676,-33.02309036254883,-0.0016592979513469497,-0.04070067175926689,0.5,0.2529061436653137,0.457230806350708,0.271674782037735,0.30729561498398306,0.4613729727623831,0.5,0.008812774904072285,6.806884630350396e-05,-0.660883903503418,0.8792428423276086,0.3258448504169992,0.5,0.9761579036712646,-0.20436641573905945,0.559553861618042,0.9270893515645964,-0.25998978014555224,0.5
9.516,TRACK,-0.44951388239860535,-0.4894711971282959,0.5246678590774536,-0.3822798271588602,-0.48594440104424724,0.5,12.302264213562012,-10.068753242492676,-33.02309036254883,-0.001461876841054921,-0.03820654076406963,0.5,0.2529061436653137,0.457230806350708,0.271674782037735,0.3096066680413305,0.4623314602594938,0.5,0.008812774904072285,6.806884630350396e-05,-0.660883903503418,0.8808685727771457,0.3239430972728081,0.5,0.9761579036712646,-0.20436641573905945,0.559553861618042,0.9257830551816084,-0.26212361572398496,0.5
9.536,TRACK,-0.44951388239860535,-0.4894711971282959,0.5246678590774536,-0.37985378770358547,-0.4853502731747711,0.5,12.302264213562012,-10.068753242492676,-33.02309036254883,-0.0012772386021287496,-0.03571564452284152,0.5,0.2529061436653137,0.457230806350708,0.271674782037735,0.31191859478932604,0.463276790929546,0.5,0.008812774904072285,6.806884630350396e-05,-0.660883903503418,0.8824820603258332,0.32203644751627997,0.5,0.9791965484619141,-0.22255638241767883,0.5560266971588135,0.9244683185791266,-0.2642473207482133,0.5
9.556,TRACK,-0.44951388239860535,-0.4894711971282959,0.5246678590774536,-0.3774274815457982,-0.484743208018219,0.5,12.302264213562012,-10.068753242492676,-33.02309036254883,-0.0011048220387704366,-0.033220496790883375,0.5,0.2529061436653137,0.457230806350708,0.271674782037735,0.31423834165073444,0.4642118118782963,0.5,0.008812774904072285,6.806884630350396e-05,-0.660883903503418,0.8840881592948377,0.3201191745108427,0.5,0.9791965484619141,-0.22255638241767883,0.5560266971588135,0.9231411954698592,-0.2663672815800365,0.5
9.576,TRACK,-0.4368630647659302,-0.48542284965515137,0.5277847647666931,-0.3749767716438067,-0.4841169201457383,0.5,12.882645606994629,-10.411579132080078,-33.66649627685547,-0.0009431461929715335,-0.03069619957307787,0.5,0.2643407881259918,0.45798972249031067,0.2779639959335327,0.31658913038486225,0.46514562548412614,0.5,0.016128843650221825,8.797455666353926e-05,-1.206942081451416,0.885702702478698,0.3181720058405971,0.5,0.9791965484619141,-0.22255638241767883,0.5560266971588135,0.9217882492996614,-0.26850451160590705,0.5
9.596,TRACK,-0.4368630647659302,-0.48542284965515137,0.5277847647666931,-0.37258130667579725,-0.48349196124811916,0.5,12.882645606994629,-10.411579132080078,-33.66649627685547,-0.0007972780404240654,-0.0282248540855456,0.5,0.2643407881259918,0.45798972249031067,0.2779639959335327,0.3188944438767212,0.4660480420957457,0.5,0.016128843650221825,8.797455666353926e-05,-1.206942081451416,0.8872733327239379,0.31625838449105825,0.5,0.9791965484619141,-0.22255638241767883,0.5560266971588135,0.9204536386831194,-0.270589611253139,0.5
9.616,TRACK,-0.4368630647659302,-0.48542284965515137,0.5277847647666931,-0.3701718123735657,-0.48285053763834146,0.5,12.882645606994629,-10.411579132080078,-33.66649627685547,-0.0006627334569695997,-0.025735078032417574,0.5,0.2643407881259918,0.45798972249031067,0.2779639959335327,0.3212207850533757,0.4669453847111766,0.5,0.016128843650221825,8.797455666353926e-05,-1.206942081451416,0.8888456352239933,0.31432319667382025,0.5,0.9791965484619141,-0.22255638241767883,0.5560266971588135,0.9190990338920955,-0.2726829657142378,0.5
9.636,TRACK,-0.4368630647659302,-0.48542284965515137,0.5277847647666931,-0.3677567806436499,-0.48219470230838113,0.5,12.882645606994629,-10.411579132080078,-33.66649627685547,-0.0005401840746462327,-0.02323558210615234,0.5,0.2643407881259918,0.45798972249031067,0.2779639959335327,0.3235600770997154,0.4678343228183901,0.5,0.016128843650221825,8.797455666353926e-05,-1.206942081451416,0.8904139466005669,0.31237309471170793,0.5,0.9791965484619141,-0.22255638241767883,0.5560266971588135,0.9177290115814214,-0.2747771331155645,0.5
9.656,TRACK,-0.4368630647659302,-0.48542284965515137,0.5277847647666931,-0.3653456643314478,-0.48152695655140726,0.5,12.882645606994629,-10.411579132080078,-33.66649627685547,-0.00043017211215956586,-0.020736129439060263,0.5,0.2643407881259918,0.45798972249031067,0.2779639959335327,0.3259032022799317,0.4687113237629507,0.5,0.016128843650221825,8.797455666353926e-05,-1.206942081451416,0.8919720895643231,0.31041565843652014,0.5,0.9823461174964905,-0.2356269657611847,0.5500009059906006,0.916348871712138,-0.2768638962090032,0.5
9.676,TRACK,-0.4245830178260803,-0.4826139211654663,0.5258069634437561,-0.3629385786192483,-0.48084734247897015,0.5,13.475264549255371,-10.759991645812988,-34.308982849121094,-0.00033269311232997367,-0.01823684258919251,0.5,0.26510894298553467,0.4576879143714905,0.28824812173843384,0.3282500426570472,0.46957635391136754,0.5,0.026709342375397682,3.197970727342181e-05,-1.9952466487884521,0.8935199956833806,0.3084509896196673,0.5,0.9823461174964905,-0.2356269657611847,0.5500009059906006,0.914958689927994,-0.2789431584628721,0.5
9.696,TRACK,-0.4245830178260803,-0.4826139211654663,0.5258069634437561,-0.3605414765781798,-0.4801575993827502,0.5,13.475264549255371,-10.759991645812988,-34.308982849121094,-0.0002479325106185537,-0.0157439207343252,0.5,0.26510894298553467,0.4576879143714905,0.28824812173843384,0.3305947597653511,0.470427321252753,0.5,0.026709342375397682,3.197970727342181e-05,-1.9952466487884521,0.8950538711520273,0.3064839945050924,0.5,0.9823461174964905,-0.2356269657611847,0.5500009059906006,0.9135619599938234,-0.2810097956407699,0.5
9.716,TRACK,-0.4245830178260803,-0.4826139211654663,0.5258069634437561,-0.35812998426773823,-0.4794506216870803,0.5,13.475264549255371,-10.759991645812988,-34.308982849121094,-0.00017511614922977037,-0.013231987135878054,0.5,0.26510894298553467,0.4576879143714905,0.28824812173843384,0.3329612490895173,0.4712728038984063,0.5,0.026709342375397682,3.197970727342181e-05,-1.9952466487884521,0.8965892583497644,0.30449459791855715,0.5,0.9823461174964905,-0.2356269657611847,0.5500009059906006,0.9121443921437502,-0.28308479299400496,0.5
9.736,TRACK,-0.4245830178260803,-0.4826139211654663,0.5258069634437561,-0.35574481791509327,-0.47873838622117026,0.5,13.475264549255371,-10.759991645812988,-34.308982849121094,-0.00011543539284142312,-0.010743466270784346,0.5,0.26510894298553467,0.4576879143714905,0.28824812173843384,0.3353095307062399,0.47209855890883745,0.5,0.026709342375397682,3.197970727342181e-05,-1.9952466487884521,0.8981002569604439,0.3025164217162904,0.5,0.9823461174964905,-0.2356269657611847,0.5500009059906006,0.9107299590253813,-0.28513312813317315,0.5
9.756,TRACK,-0.4245830178260803,-0.4826139211654663,0.5258069634437561,-0.35332393715912813,-0.47800223073695025,0.5,13.475264549255371,-10.759991645812988,-34.308982849121094,-6.746756816677912e-05,-0.008213587297523852,0.5,0.26510894298553467,0.4576879143714905,0.28824812173843384,0.3377007657161898,0.4729259546175161,0.5,0.026709342375397682,3.197970727342181e-05,-1.9952466487884521,0.8996260892963563,0.3004979014131391,0.5,0.9857406616210938,-0.24623724818229675,0.5425814390182495,0.909281740260159,-0.28720803799618105,0.5
9.776,TRACK,-0.4137057363986969,-0.4782780110836029,0.5259555578231812,-0.35090647147056975,-0.4772537268064483,0.5,14.080100059509277,-11.114058494567871,-34.95051956176758,-3.2299127660340154e-05,-0.00568314036661896,0.5,0.27563780546188354,0.4526113271713257,0.29326993227005005,0.3400964961131838,0.4737413528970412,0.5,0.0001991325116250664,8.364914094727283e-08,-0.014985498040914536,0.9011419005500863,0.29847139833334896,0.5,0.9857406616210938,-0.24623724818229675,0.5425814390182495,0.9078228327384997,-0.28927588405732285,0.5
9.796,TRACK,-0.4137057363986969,-0.4782780110836029,0.5259555578231812,-0.34857203822767935,-0.47651817635162735,0.5,14.080100059509277,-11.114058494567871,-34.95051956176758,-1.0469636494703227e-05,-0.0032356648283521114,0.5,0.27563780546188354,0.4526113271713257,0.29326993227005005,0.3424174379885767,0.47451842551150314,0.5,0.0001991325116250664,8.364914094727283e-08,-0.014985498040914536,0.9025981510061577,0.2965041800825463,0.5,0.9857406616210938,-0.24623724818229675,0.5425814390182495,0.9064019031410915,-0.2912687644140699,0.5
9.816,TRACK,-0.4137057363986969,-0.4782780110836029,0.5259555578231812,-0.3462009938714552,-0.47575820088977117,0.5,14.080100059509277,-11.114058494567871,-34.95051956176758,-5.562512274126519e-07,-0.0007458223099187531,0.5,0.27563780546188354,0.4526113271713257,0.29326993227005005,0.34478235553576214,0.4752972573526734,0.5,0.0001991325116250664,8.364914094727283e-08,-0.014985498040914536,0.9040696638161767,0.2944956821134768,0.5,0.9857406616210938,-0.24623724818229675,0.5425814390182495,0.9049464305253786,-0.29328891626646025,0.5
9.836,TRACK,-0.4137057363986969,-0.4782780110836029,0.5259555578231812,-0.34381170895995816,-0.47497917611405993,0.5,14.080100059509277,-11.114058494567871,-34.95051956176758,3.1231984666812984e-06,0.0017672545691801132,0.5,0.27563780546188354,0.4526113271713257,0.29326993227005005,0.3471732269079004,0.4760713995045868,0.5,0.0001991325116250664,8.364914094727283e-08,-0.014985498040914536,0.9055447366396479,0.29246105139638445,0.5,0.9824357032775879,-0.25104761123657227,0.5359392762184143,0.9034672042940268,-0.2953205293560913,0.5
9.856,TRACK,-0.4137057363986969,-0.4782780110836029,0.5259555578231812,-0.3414290547808952,-0.47418905020289076,0.5,14.080100059509277,-11.114058494567871,-34.95051956176758,1.8296961928787603e-05,0.004277455686503079,0.5,0.27563780546188354,0.4526113271713257,0.29326993227005005,0.3495652589885202,0.4768326632025212,0.5,0.0001991325116250664,8.364914094727283e-08,-0.014985498040914536,0.907007920004189,0.2904213371187863,0.5,0.9824357032775879,-0.25104761123657227,0.5359392762184143,0.9019794692644668,-0.2973424058049197,0.5
9.876,TRACK,-0.402005136013031,-0.47588351368904114,0.5247828364372253,-0.33906089385426996,-0.4733905407937652,0.5,14.703398704528809,-11.477448463439941,-35.59756851196289,4.592256705882036e-05,0.0067764635449936595,0.5,0.2915809750556946,0.4435587227344513,0.29561808705329895,0.3519504934780755,0.47757862558809583,0.5,0.0025457972660660744,1.604695171408821e-06,-0.19042271375656128,0.9084544503847427,0.28838335936890985,0.5,0.9824357032775879,-0.25104761123657227,0.5359392762184143,0.900488239715853,-0.2993479077082341,0.5
9.896,TRACK,-0.402005136013031,-0.47588351368904114,0.5247828364372253,-0.336712274346157,-0.47258556754390557,0.5,14.703398704528809,-11.477448463439941,-35.59756851196289,8.573428045366427e-05,0.009258883846706239,0.5,0.2915809750556946,0.4435587227344513,0.29561808705329895,0.3543237179782168,0.47830787245905737,0.5,0.0025457972660660744,1.604695171408821e-06,-0.19042271375656128,0.9098813720753691,0.286351638419641,0.5,0.9824357032775879,-0.25104761123657227,0.5359392762184143,0.8989969013198034,-0.301332827181499,0.5
9.916,TRACK,-0.402005136013031,-0.47588351368904114,0.5247828364372253,-0.3343355967536845,-0.4717576766699639,0.5,14.703398704528809,-11.477448463439941,-35.59756851196289,0.00013867152467300636,0.011775070907695794,0.5,0.2915809750556946,0.4435587227344513,0.29561808705329895,0.35673311258688767,0.47903507071085993,0.5,0.0025457972660660744,1.604695171408821e-06,-0.19042271375656128,0.911317522591619,0.284284884594825,0.5,0.9824357032775879,-0.25104761123657227,0.5359392762184143,0.8974750965431357,-0.30333734954341673,0.5
9.936,TRACK,-0.402005136013031,-0.47588351368904114,0.5247828364372253,-0.3319971644372656,-0.47092998125292557,0.5,14.703398704528809,-11.477448463439941,-35.59756851196289,0.00020324131858590055,0.014254824150172278,0.5,0.2915809750556946,0.4435587227344513,0.29561808705329895,0.35911145123059135,0.4797399470813849,0.5,0.0025457972660660744,1.604695171408821e-06,-0.19042271375656128,0.9127228469162724,0.2822407689071995,0.5,0.9747034907341003,-0.2663038372993469,0.5346721410751343,0.8959652960972847,-0.305305558885831,0.5
9.956,TRACK,-0.402005136013031,-0.47588351368904114,0.5247828364372253,-0.3296244249324374,-0.47007676332743503,0.5,14.703398704528809,-11.477448463439941,-35.59756851196289,0.0002814829562268195,0.016775092356591994,0.5,0.2915809750556946,0.4435587227344513,0.29561808705329895,0.3615325467268171,0.48044434056822743,0.5,0.0025457972660660744,1.604695171408821e-06,-0.19042271375656128,0.9141409245853083,0.28015583981710257,0.5,0.9747034907341003,-0.2663038372993469,0.5346721410751343,0.8944206207992104,-0.3072985094144869,0.5
9.976,TRACK,-0.38993313908576965,-0.47514814138412476,0.524612545967102,-0.3272950051924477,-0.46922594213078556,0.5,15.332829475402832,-11.84298038482666,-36.23735046386719,0.0003708317128130467,0.019253420388434903,0.5,0.3110969662666321,0.44070965051651,0.29333794116973877,0.36391718703522963,0.4811252103305285,0.5,0.007516353391110897,-6.881856097606942e-05,-0.5630449652671814,0.915525364590264,0.27809831244027383,0.5,0.9747034907341003,-0.2663038372993469,0.5346721410751343,0.8928916114692456,-0.3092510010284516,0.5
9.996,TRACK,-0.38993313908576965,-0.47514814138412476,0.524612545967102,-0.324944067261451,-0.46835394779273143,0.5,15.332829475402832,-11.84298038482666,-36.23735046386719,0.00047366783679325675,0.021758756296572233,0.5,0.3110969662666321,0.44070965051651,0.29333794116973877,0.3663316811861174,0.48180159873693884,0.5,0.007516353391110897,-6.881856097606942e-05,-0.5630449652671814,0.9169147679171703,0.27601100755689445,0.5,0.9747034907341003,-0.2663038372993469,0.5346721410751343,0.8913358157984681,-0.311217414797674,0.5
10.016,TRACK,-0.38993313908576965,-0.47514814138412476,0.524612545967102,-0.32260042963176505,-0.46747127444706765,0.5,15.332829475402832,-11.84298038482666,-36.23735046386719,0.000588916217717228,0.02426044920041143,0.5,0.3110969662666321,0.44070965051651,0.29333794116973877,0.36874654623236275,0.4824650566352621,0.5,0.007516353391110897,-6.881856097606942e-05,-0.5630449652671814,0.91829198821307,0.2739193541843236,0.5,0.9747034907341003,-0.2663038372993469,0.5346721410751343,0.889772119705085,-0.3131735855729294,0.5
10.036,TRACK,-0.38993313908576965,-0.47514814138412476,0.524612545967102,-0.32027178251706045,-0.4665809338586449,0.5,15.332829475402832,-11.84298038482666,-36.23735046386719,0.0007160889037128304,0.026750254585607564,0.5,0.3110969662666321,0.44070965051651,0.29333794116973877,0.37115379038945323,0.48311350040026313,0.5,0.007516353391110897,-6.881856097606942e-05,-0.5630449652671814,0.9196525742353758,0.271830309085691,0.5,0.9747034907341003,-0.2663038372993469,0.5346721410751343,0.8882057639543975,-0.3151131302129167,0.5
10.056,TRACK,-0.38993313908576965,-0.47514814138412476,0.524612545967102,-0.31792878481706416,-0.465671636028875,0.5,15.332829475402832,-11.84298038482666,-36.23735046386719,0.0008568564228882414,0.029259566298200774,0.5,0.3110969662666321,0.44070965051651,0.29333794116973877,0.373583787200812,0.48375504249724405,0.5,0.007516353391110897,-6.881856097606942e-05,-0.5630449652671814,0.921013627338174,0.2697174921942459,0.5,0.9615616202354431,-0.2757798135280609,0.5356717109680176,0.8866169442210616,-0.31706046496081564,0.5
10.076,TRACK,-0.3746349811553955,-0.4774658679962158,0.5227007269859314,-0.3156148477967471,-0.4647602776130758,0.5,15.974493980407715,-12.214215278625488,-36.87635803222656,0.0010085639197232599,0.031741876418118466,0.5,0.3351272940635681,0.43907788395881653,0.2888653576374054,0.37599148461052123,0.48437783610617174,0.5,0.015104386955499649,-0.00014460475358646363,-1.1326708793640137,0.9223499586751644,0.26762008969262174,0.5,0.9615616202354431,-0.2757798135280609,0.5356717109680176,0.885035144997844,-0.3189795246038361,0.5
10.096,TRACK,-0.3746349811553955,-0.4774658679962158,0.5227007269859314,-0.31328675560021213,-0.46382988731398617,0.5,15.974493980407715,-12.214215278625488,-36.87635803222656,0.0011739976231692761,0.03424353008598927,0.5,0.3351272940635681,0.43907788395881653,0.2888653576374054,0.37842182045867057,0.48499355280190715,0.5,0.015104386955499649,-0.00014460475358646363,-1.1326708793640137,0.923686555129952,0.2654989698701562,0.5,0.9615616202354431,-0.2757798135280609,0.5356717109680176,0.8834308711879959,-0.3209061654440663,0.5
10.116,TRACK,-0.3746349811553955,-0.4774658679962158,0.5227007269859314,-0.3109840507397845,-0.4628962852791753,0.5,15.974493980407715,-12.214215278625488,-36.87635803222656,0.0013503309871005786,0.036722031443343066,0.5,0.3351272940635681,0.43907788395881653,0.2888653576374054,0.3808335053313584,0.48559174884710365,0.5,0.015104386955499649,-0.00014460475358646363,-1.1326708793640137,0.9250007249874957,0.2633901740006696,0.5,0.9615616202354431,-0.2757798135280609,0.5356717109680176,0.8818313879542607,-0.32280766901194097,0.5
10.136,TRACK,-0.3746349811553955,-0.4774658679962158,0.5227007269859314,-0.3086625823019184,-0.46194154672277515,0.5,15.974493980407715,-12.214215278625488,-36.87635803222656,0.001540968113317498,0.03922490956766182,0.5,0.3351272940635681,0.43907788395881653,0.2888653576374054,0.38327279399274417,0.4861838740412311,0.5,0.015104386955499649,-0.00014460475358646363,-1.1326708793640137,0.9263176511623874,0.26125324937191674,0.5,0.9615616202354431,-0.2757798135280609,0.5356717109680176,0.8802060044296325,-0.3247204862580344,0.5
10.156,TRACK,-0.3746349811553955,-0.4774658679962158,0.5227007269859314,-0.3063550033380179,-0.4609789748652111,0.5,15.974493980407715,-12.214215278625488,-36.87635803222656,0.00174334723514874,0.04171699864043931,0.5,0.3351272940635681,0.43907788395881653,0.2888653576374054,0.38570545013254964,0.48676149793363577,0.5,0.015104386955499649,-0.00014460475358646363,-1.1326708793640137,0.9276187362178971,0.25911815149735934,0.5,0.9502575397491455,-0.27612918615341187,0.5324122905731201,0.8785774630763865,-0.3266176732062232,0.5
10.176,TRACK,-0.36506515741348267,-0.4735921323299408,0.5236879587173462,-0.3039952652284053,-0.4599805908373926,0.5,16.628372192382812,-12.59112548828125,-37.514503479003906,0.0019636676924260077,0.04426976057784481,0.5,0.3539748787879944,0.44681018590927124,0.283896803855896,0.38820135377317655,0.48734080754832093,0.5,0.025409666821360588,-0.0002600511652417481,-1.8993662595748901,0.9289409690431719,0.25692342259183887,0.5,0.9502575397491455,-0.27612918615341187,0.5324122905731201,0.8768987442628202,-0.3285533998806119,0.5
10.196,TRACK,-0.36506515741348267,-0.4735921323299408,0.5236879587173462,-0.30175163908797886,-0.45901806870285294,0.5,16.628372192382812,-12.59112548828125,-37.514503479003906,0.0021857620341426687,0.04670101153586233,0.5,0.3539748787879944,0.44681018590927124,0.283896803855896,0.3905822417654929,0.4878808811410168,0.5,0.025409666821360588,-0.0002600511652417481,-1.8993662595748901,0.9301903444041133,0.25482595547053366,0.5,0.9502575397491455,-0.27612918615341187,0.5324122905731201,0.8752900127082723,-0.3303897794445598,0.5
10.216,TRACK,-0.36506515741348267,-0.4735921323299408,0.5236879587173462,-0.2994710507408922,-0.458026353509313,0.5,16.628372192382812,-12.59112548828125,-37.514503479003906,0.0024241986748444466,0.04917643679272964,0.5,0.3539748787879944,0.44681018590927124,0.283896803855896,0.3930101920606967,0.48841906289283077,0.5,0.025409666821360588,-0.0002600511652417481,-1.8993662595748901,0.9314524635688428,0.25268314482841236,0.5,0.9502575397491455,-0.27612918615341187,0.5324122905731201,0.8736420949547239,-0.3322522910046597,0.5
10.236,TRACK,-0.36506515741348267,-0.4735921323299408,0.5236879587173462,-0.2971731404836436,-0.45701341890444774,0.5,16.628372192382812,-12.59112548828125,-37.514503479003906,0.002677463410344083,0.05167489332384117,0.5,0.3539748787879944,0.44681018590927124,0.283896803855896,0.39546462853263575,0.48895025934360664,0.5,0.025409666821360588,-0.0002600511652417481,-1.8993662595748901,0.9327161239962288,0.2505129857585836,0.5,0.9502575397491455,-0.27612918615341187,0.5324122905731201,0.8719686435771477,-0.33412471952158357,0.5
10.256,TRACK,-0.36506515741348267,-0.4735921323299408,0.5236879587173462,-0.294885809684118,-0.45599141322075365,0.5,16.628372192382812,-12.59112548828125,-37.514503479003906,0.0029426244867013507,0.054166091310261885,0.5,0.3539748787879944,0.44681018590927124,0.283896803855896,0.3979158378898437,0.4894678986882259,0.5,0.025409666821360588,-0.0002600511652417481,-1.8993662595748901,0.9339658936161679,0.2483417064810518,0.5,0.9293015003204346,-0.27966055274009705,0.5338749289512634,0.8702898343231691,-0.33598428325878577,0.5
10.276,TRACK,-0.35053691267967224,-0.47222307324409485,0.5242196321487427,-0.29262160751695504,-0.45496615514909255,0.5,17.301244735717773,-12.97756576538086,-38.15814971923828,0.0032180259082849605,0.05663629770331519,0.5,0.3630448877811432,0.4566015601158142,0.2894063889980316,0.4003502474960953,0.489969312126699,0.5,0.00011626708874246106,-1.3200742614571936e-06,-0.008289740420877934,0.935195040073787,0.24618139063539082,0.5,0.9293015003204346,-0.27966055274009705,0.5338749289512634,0.8686150790048777,-0.33782084531631235,0.5
10.296,TRACK,-0.35053691267967224,-0.47222307324409485,0.5242196321487427,-0.2903494888324624,-0.45392363142624576,0.5,17.301244735717773,-12.97756576538086,-38.15814971923828,0.003507401601545612,0.059119368531396564,0.5,0.3630448877811432,0.4566015601158142,0.2894063889980316,0.4028012101945411,0.4904614105720798,0.5,0.00011626708874246106,-1.3200742614571936e-06,-0.008289740420877934,0.936420442633324,0.2440024533723658,0.5,0.9293015003204346,-0.27966055274009705,0.5338749289512634,0.8669214567381268,-0.3396596010495963,0.5
10.316,TRACK,-0.35053691267967224,-0.47222307324409485,0.5242196321487427,-0.2880746209531836,-0.4528660218164564,0.5,17.301244735717773,-12.97756576538086,-38.15814971923828,0.003810275277977282,0.061609715794534434,0.5,0.3630448877811432,0.4566015601158142,0.2894063889980316,0.40526326430015236,0.49094292021469993,0.5,0.00011626708874246106,-1.3200742614571936e-06,-0.008289740420877934,0.9376392020763014,0.241809695434278,0.5,0.9293015003204346,-0.27966055274009705,0.5338749289512634,0.8652126373923854,-0.34149630962705585,0.5
10.336,TRACK,-0.35053691267967224,-0.47222307324409485,0.5242196321487427,-0.2858208149187077,-0.4518044673062823,0.5,17.301244735717773,-12.97756576538086,-38.15814971923828,0.004123409245603005,0.06408125109418719,0.5,0.3630448877811432,0.4566015601158142,0.2894063889980316,0.407710597769653,0.49140885852410643,0.5,0.00011626708874246106,-1.3200742614571936e-06,-0.008289740420877934,0.9388386033746322,0.23962612584649912,0.5,0.9111781120300293,-0.2805405557155609,0.5372952818870544,0.863506574691404,-0.3433117681585103,0.5
10.356,TRACK,-0.35053691267967224,-0.47222307324409485,0.5242196321487427,-0.2835677052411423,-0.4507294773868411,0.5,17.301244735717773,-12.97756576538086,-38.15814971923828,0.004449536232880802,0.06655627588885257,0.5,0.3630448877811432,0.4566015601158142,0.2894063889980316,0.4101652650100048,0.4918635180507671,0.5,0.00011626708874246106,-1.3200742614571936e-06,-0.008289740420877934,0.9400295441729627,0.23743209609261898,0.5,0.9111781120300293,-0.2805405557155609,0.5372952818870544,0.8617879493430094,-0.3451224126453975,0.5
10.376,TRACK,-0.33699357509613037,-0.4724693298339844,0.526400625705719,-0.2812979340631513,-0.44963252368456874,0.5,17.97972297668457,-13.365899085998535,-38.794559478759766,0.0047914033321593275,0.06905393389422446,0.5,0.37695997953414917,0.46585172414779663,0.2913646697998047,0.4126463216749852,0.4923102018880879,0.5,0.002291472628712654,-2.587788003438618e-05,-0.16655990481376648,0.9412210544206565,0.23521050388093653,0.5,0.9111781120300293,-0.2805405557155609,0.5372952818870544,0.8600432865090476,-0.34694211597868,0.5
10.396,TRACK,-0.33699357509613037,-0.4724693298339844,0.526400625705719,-0.2790727550940041,-0.44854336742197637,0.5,17.97972297668457,-13.365899085998535,-38.794559478759766,0.005139634375969315,0.07150677264742585,0.5,0.37695997953414917,0.46585172414779663,0.2913646697998047,0.41508671926514484,0.4927369833438969,0.5,0.002291472628712654,-2.587788003438618e-05,-0.16655990481376648,0.9423810720336285,0.23302143057319327,0.5,0.9111781120300293,-0.2805405557155609,0.5372952818870544,0.8583198192312532,-0.34872181914253947,0.5
10.416,TRACK,-0.33699357509613037,-0.4724693298339844,0.526400625705719,-0.2768315578733865,-0.44743250489742065,0.5,17.97972297668457,-13.365899085998535,-38.794559478759766,0.005503559389739343,0.07398155326689874,0.5,0.37695997953414917,0.46585172414779663,0.2913646697998047,0.4175528345136286,0.4931556193568749,0.5,0.002291472628712654,-2.587788003438618e-05,-0.16655990481376648,0.9435412900635958,0.23080538123865554,0.5,0.9111781120300293,-0.2805405557155609,0.5372952818870544,0.8565707581596497,-0.3505100489650084,0.5
10.436,TRACK,-0.33699357509613037,-0.4724693298339844,0.526400625705719,-0.27458285792174686,-0.44630383379181565,0.5,17.97972297668457,-13.365899085998535,-38.794559478759766,0.005882102899172292,0.07646897256179014,0.5,0.37695997953414917,0.46585172414779663,0.2913646697998047,0.42003548722031847,0.4935642579197851,0.5,0.002291472628712654,-2.587788003438618e-05,-0.16655990481376648,0.9446971103091593,0.22857051446475657,0.5,0.9111781120300293,-0.2805405557155609,0.5372952818870544,0.8548024416496032,-0.35229991115451603,0.5
10.456,TRACK,-0.33699357509613037,-0.4724693298339844,0.526400625705719,-0.27235297384059987,-0.44517056448150455,0.5,17.97972297668457,-13.365899085998535,-38.794559478759766,0.006270833984900415,0.07893991782383747,0.5,0.37695997953414917,0.46585172414779663,0.2913646697998047,0.422505620324929,0.49395811676575974,0.5,0.002291472628712654,-2.587788003438618e-05,-0.16655990481376648,0.9458350054388167,0.22634298735629138,0.5,0.8958806395530701,-0.2935137152671814,0.5406368970870972,0.853035566410754,-0.3540704574643839,0.5
10.476,TRACK,-0.3239757716655731,-0.47073838114738464,0.5272161364555359,-0.2701451167104836,-0.44403460746653833,0.5,18.670373916625977,-13.759902000427246,-39.43001937866211,0.00666892793185736,0.08139074475698727,0.5,0.39495688676834106,0.463262677192688,0.2904154658317566,0.4249595130449803,0.4943368540960238,0.5,0.007120258174836636,-0.00010689842747524381,-0.521338939666748,0.9469535005975973,0.22412623296605316,0.5,0.8958806395530701,-0.2935137152671814,0.5406368970870972,0.8512729417150813,-0.3558192243525258,0.5
10.496,TRACK,-0.3239757716655731,-0.47073838114738464,0.5272161364555359,-0.26792856735144355,-0.44288017583590994,0.5,18.670373916625977,-13.759902000427246,-39.43001937866211,0.007081906235969437,0.08385554746130036,0.5,0.39495688676834106,0.463262677192688,0.2904154658317566,0.427431297032578,0.4947057543122235,0.5,0.007120258174836636,-0.00010689842747524381,-0.521338939666748,0.9480681688106684,0.2218894231338087,0.5,0.8958806395530701,-0.2935137152671814,0.5406368970870972,0.8494900605693407,-0.35757054907142255,0.5
10.516,TRACK,-0.3239757716655731,-0.47073838114738464,0.5272161364555359,-0.26571742095901796,-0.44171447017038734,0.5,18.670373916625977,-13.759902000427246,-39.43001937866211,0.007507276392936579,0.0863186955073848,0.5,0.39495688676834106,0.463262677192688,0.2904154658317566,0.429905336639809,0.495062357858504,0.5,0.007120258174836636,-0.00010689842747524381,-0.521338939666748,0.9491718392204835,0.21964666819983433,0.5,0.8958806395530701,-0.2935137152671814,0.5406368970870972,0.8476981267877529,-0.3593132513953357,0.5
10.536,TRACK,-0.3239757716655731,-0.47073838114738464,0.5272161364555359,-0.2634947208604137,-0.4405283792664286,0.5,18.670373916625977,-13.759902000427246,-39.43001937866211,0.007948463772197323,0.08879913116612911,0.5,0.39495688676834106,0.463262677192688,0.2904154658317566,0.432400705534204,0.4954092604985565,0.5,0.007120258174836636,-0.00010689842747524381,-0.521338939666748,0.950272874632428,0.2173806301634295,0.5,0.8751935362815857,-0.29531872272491455,0.5404039025306702,0.8458832352007569,-0.3610606425616864,0.5
10.556,TRACK,-0.3239757716655731,-0.47073838114738464,0.5272161364555359,-0.26130093858124737,-0.43934355358626415,0.5,18.670373916625977,-13.759902000427246,-39.43001937866211,0.008397383949770576,0.09125167336860578,0.5,0.39495688676834106,0.463262677192688,0.2904154658317566,0.43487193574134625,0.4957401892583661,0.5,0.007120258174836636,-0.00010689842747524381,-0.521338939666748,0.9513512587168942,0.21513261318237006,0.5,0.8751935362815857,-0.29531872272491455,0.5404039025306702,0.8440784830107417,-0.36278092222307773,0.5
10.576,TRACK,-0.3087398111820221,-0.47106799483299255,0.5270686745643616,-0.25911162931112686,-0.43814699915309246,0.5,19.380334854125977,-14.163620948791504,-40.07093048095703,0.008858841070130463,0.093703585870684,0.5,0.40446239709854126,0.4621303975582123,0.2878618836402893,0.4373464411961998,0.4960590000889196,0.5,0.014558413997292519,-0.00021634208678733557,-1.0731881856918335,0.9524191300729807,0.21287773660955547,0.5,0.8751935362815857,-0.29531872272491455,0.5404039025306702,0.842263958349562,-0.3644933234160665,0.5
10.596,TRACK,-0.3087398111820221,-0.47106799483299255,0.5270686745643616,-0.2569299587358144,-0.43694044793292725,0.5,19.380334854125977,-14.163620948791504,-40.07093048095703,0.009332166186413193,0.09615132271935915,0.5,0.40446239709854126,0.4621303975582123,0.2878618836402893,0.43982064278110394,0.4963652334367512,0.5,0.014558413997292519,-0.00021634208678733557,-1.0731881856918335,0.9534749456311877,0.21061926237832893,0.5,0.8751935362815857,-0.29531872272491455,0.5404039025306702,0.8404422866654807,-0.3661953706015119,0.5
10.616,TRACK,-0.3087398111820221,-0.47106799483299255,0.5270686745643616,-0.2547448259512036,-0.4357176833711189,0.5,19.380334854125977,-14.163620948791504,-40.07093048095703,0.009819841225405246,0.09860736252285165,0.5,0.40446239709854126,0.4621303975582123,0.2878618836402893,0.4423071753152768,0.4966603849512238,0.5,0.014558413997292519,-0.00021634208678733557,-1.0731881856918335,0.9545240322124469,0.20834563624261146,0.5,0.8751935362815857,-0.29531872272491455,0.5404039025306702,0.8386041252956675,-0.36789570034556796,0.5
10.636,TRACK,-0.3087398111820221,-0.47106799483299255,0.5270686745643616,-0.25257156744240605,-0.4344872504022324,0.5,19.380334854125977,-14.163620948791504,-40.07093048095703,0.010318478705940715,0.1010544788870626,0.5,0.40446239709854126,0.4621303975582123,0.2878618836402893,0.44478860873510984,0.49694235306984574,0.5,0.014558413997292519,-0.00021634208678733557,-1.0731881856918335,0.9555590049261882,0.20607278575945276,0.5,0.8751935362815857,-0.29531872272491455,0.5404039025306702,0.8367623401903552,-0.3695823673141286,0.5
10.656,TRACK,-0.3087398111820221,-0.47106799483299255,0.5270686745643616,-0.2503822997599917,-0.433233197858716,0.5,19.380334854125977,-14.163620948791504,-40.07093048095703,0.010834632630126628,0.10352411973012283,0.5,0.40446239709854126,0.4621303975582123,0.2878618836402893,0.4472968770860977,0.49721462250734555,0.5,0.014558413997292519,-0.00021634208678733557,-1.0731881856918335,0.9565930460958183,0.20377141668286522,0.5,0.863084614276886,-0.3121679723262787,0.5448945164680481,0.8348931444279656,-0.37127696106161745,0.5
10.676,TRACK,-0.29824507236480713,-0.4666226804256439,0.5281566977500916,-0.2482311349924477,-0.4319866185575763,0.5,20.095521926879883,-14.569069862365723,-40.70463943481445,0.01135545352668249,0.10595521318880834,0.5,0.4162626266479492,0.45330914855003357,0.29149019718170166,0.44976992686976447,0.49747054159350096,0.5,0.024561021476984024,-0.0003527423832565546,-1.822104573249817,0.9576006540214391,0.2014984899177936,0.5,0.863084614276886,-0.3121679723262787,0.5448945164680481,0.8330428305896662,-0.3729376261425265,0.5
10.696,TRACK,-0.29824507236480713,-0.4666226804256439,0.5281566977500916,-0.24608391049616646,-0.4307280110360611,0.5,20.095521926879883,-14.569069862365723,-40.70463943481445,0.011888931551388482,0.10838627615134153,0.5,0.4162626266479492,0.45330914855003357,0.29149019718170166,0.45224685891756516,0.49771441361162233,0.5,0.024561021476984024,-0.0003527423832565546,-1.822104573249817,0.9585980041900979,0.19921814815136443,0.5,0.863084614276886,-0.3121679723262787,0.5448945164680481,0.831182294844782,-0.37459082687826706,0.5
10.716,TRACK,-0.29824507236480713,-0.4666226804256439,0.5281566977500916,-0.24391205630106777,-0.4294402928138585,0.5,20.095521926879883,-14.569069862365723,-40.70463943481445,0.012442484502176276,0.11084975905066004,0.5,0.4162626266479492,0.45330914855003357,0.29149019718170166,0.45476082765082354,0.49794921155190264,0.5,0.024561021476984024,-0.0003527423832565546,-1.822104573249817,0.9595981693631183,0.19689977835962763,0.5,0.863084614276886,-0.3121679723262787,0.5448945164680481,0.8292864621828142,-0.37625845614833175,0.5
10.736,TRACK,-0.29824507236480713,-0.4666226804256439,0.5281566977500916,-0.24177021060082005,-0.428155784577127,0.5,20.095521926879883,-14.569069862365723,-40.70463943481445,0.013002257710249099,0.11328371023534402,0.5,0.4162626266479492,0.45330914855003357,0.29149019718170166,0.45724863221965184,0.49816896787426396,0.5,0.024561021476984024,-0.0003527423832565546,-1.822104573249817,0.9605759439359486,0.1946016440514056,0.5,0.863084614276886,-0.3121679723262787,0.5448945164680481,0.8274029555333304,-0.3778985375838865,0.5
10.756,TRACK,-0.29824507236480713,-0.4666226804256439,0.5281566977500916,-0.23963231429984339,-0.42685907304770326,0.5,20.095521926879883,-14.569069862365723,-40.70463943481445,0.013574857370849458,0.11571767634294501,0.5,0.4162626266479492,0.45330914855003357,0.29149019718170166,0.45974041457282616,0.49837653012680294,0.5,0.024561021476984024,-0.0003527423832565546,-1.822104573249817,0.9615433504621771,0.19229595847065517,0.5,0.8475117087364197,-0.31653082370758057,0.5405527353286743,0.8255090632943038,-0.37953109189269973,0.5
10.776,TRACK,-0.285419762134552,-0.4654780328273773,0.5316979885101318,-0.23751924300777805,-0.4255629826580199,0.5,20.822965621948242,-14.980216979980469,-41.33746337890625,0.014154537642091347,0.11812784052131818,0.5,0.42934027314186096,0.45573392510414124,0.29014283418655396,0.46221174797512676,0.4985700031178216,0.5,4.774448461830616e-05,-3.008211706401198e-07,-0.0035592159256339073,0.96249103823109,0.19000536717663666,0.5,0.8475117087364197,-0.31653082370758057,0.5405527353286743,0.8236234331439138,-0.3811402281577565,0.5
10.796,TRACK,-0.285419762134552,-0.4654780328273773,0.5316979885101318,-0.23539600962358842,-0.4242460704318661,0.5,20.822965621948242,-14.980216979980469,-41.33746337890625,0.014750880397424837,0.1205541037249488,0.5,0.42934027314186096,0.45573392510414124,0.29014283418655396,0.46470354145105724,0.49875260401716476,0.5,4.774448461830616e-05,-3.008211706401198e-07,-0.0035592159256339073,0.9634347085368267,0.18769195753517642,0.5,0.8475117087364197,-0.31653082370758057,0.5405527353286743,0.8217148599911028,-0.3827525948454238,0.5
10.816,TRACK,-0.285419762134552,-0.4654780328273773,0.5316979885101318,-0.2332748458631167,-0.4229157033625683,0.5,20.822965621948242,-14.980216979980469,-41.33746337890625,0.015360659017907008,0.1229825563746444,0.5,0.42934027314186096,0.45573392510414124,0.29014283418655396,0.4672015691246,0.4989231032254486,0.5,4.774448461830616e-05,-3.008211706401198e-07,-0.0035592159256339073,0.9643687959234317,0.18536887919125514,0.5,0.8475117087364197,-0.31653082370758057,0.5405527353286743,0.8197941300709446,-0.38435883542877974,0.5
10.836,TRACK,-0.285419762134552,-0.4654780328273773,0.5316979885101318,-0.23116743168194953,-0.4215792336103864,0.5,20.822965621948242,-14.980216979980469,-41.33746337890625,0.015980490488383514,0.1253998182300685,0.5,0.42934027314186096,0.45573392510414124,0.29014283418655396,0.4696920602218184,0.4990805834596274,0.5,4.774448461830616e-05,-3.008211706401198e-07,-0.0035592159256339073,0.9652881725997153,0.18304894547310988,0.5,0.8475117087364197,-0.31653082370758057,0.5405527353286743,0.8178718450081333,-0.38595011355241926,0.5
10.856,TRACK,-0.285419762134552,-0.4654780328273773,0.5316979885101318,-0.22904567414640165,-0.4202186969914857,0.5,20.822965621948242,-14.980216979980469,-41.33746337890625,0.016618778569019832,0.1278381584969594,0.5,0.42934027314186096,0.45573392510414124,0.29014283418655396,0.47220830148581344,0.4992270240018028,0.5,4.774448461830616e-05,-3.008211706401198e-07,-0.0035592159256339073,0.9662050071441229,0.1807011104386143,0.5,0.843537449836731,-0.3329334259033203,0.5342939496040344,0.8159222386546421,-0.3875475959458907,0.5
10.876,TRACK,-0.27533411979675293,-0.4617640972137451,0.5323389768600464,-0.22696073604848677,-0.4188669960032849,0.5,21.5626220703125,-15.397080421447754,-41.9693489074707,0.017260041297455286,0.13023875103772084,0.5,0.4504159688949585,0.4520399570465088,0.2854856550693512,0.47468956174561994,0.49935897079693203,0.5,0.0019116202602162957,-3.526892396621406e-05,-0.13955503702163696,0.9670972475911823,0.17838206550194938,0.5,0.843537449836731,-0.3329334259033203,0.5342939496040344,0.8139924133172557,-0.3891127913333172,0.5
10.896,TRACK,-0.27533411979675293,-0.4617640972137451,0.5323389768600464,-0.22487395564876728,-0.41749929307681893,0.5,21.5626220703125,-15.397080421447754,-41.9693489074707,0.017915953470984847,0.1326460405824854,0.5,0.4504159688949585,0.4520399570465088,0.2854856550693512,0.47718171816221555,0.4994790546298928,0.5,0.0019116202602162957,-3.526892396621406e-05,-0.13955503702163696,0.9679815727883899,0.17604899184745393,0.5,0.843537449836731,-0.3329334259033203,0.5342939496040344,0.8120467999296423,-0.39067479398301314,0.5
10.916,TRACK,-0.27533411979675293,-0.4617640972137451,0.5323389768600464,-0.2227876519020346,-0.41611694757845713,0.5,21.5626220703125,-15.397080421447754,-41.9693489074707,0.01858593885180454,0.135057401606878,0.5,0.4504159688949585,0.4520399570465088,0.2854856550693512,0.47968209564626035,0.49958701220375246,0.5,0.0019116202602162957,-3.526892396621406e-05,-0.13955503702163696,0.9688569056774149,0.17370435227304953,0.5,0.843537449836731,-0.3329334259033203,0.5342939496040344,0.8100874079224856,-0.39223181850522276,0.5
10.936,TRACK,-0.27533411979675293,-0.4617640972137451,0.5323389768600464,-0.220705450746017,-0.4147222621912338,0.5,21.5626220703125,-15.397080421447754,-41.9693489074707,0.019268927934588342,0.13746867407100427,0.5,0.4504159688949585,0.4520399570465088,0.2854856550693512,0.48218640726938344,0.4996825751554958,0.5,0.0019116202602162957,-3.526892396621406e-05,-0.13955503702163696,0.9697216662961425,0.17135214096116597,0.5,0.8207467198371887,-0.3423299193382263,0.5405097603797913,0.8081175477538687,-0.39378112799643217,0.5
10.956,TRACK,-0.27533411979675293,-0.4617640972137451,0.5323389768600464,-0.21862553624006764,-0.4133139377565321,0.5,21.5626220703125,-15.397080421447754,-41.9693489074707,0.019965595136083758,0.13988198649914055,0.5,0.4504159688949585,0.4520399570465088,0.2854856550693512,0.48469688578470427,0.4997657598268549,0.5,0.0019116202602162957,-3.526892396621406e-05,-0.13955503702163696,0.9705765601451418,0.16899023948727257,0.5,0.8207467198371887,-0.3423299193382263,0.5405097603797913,0.8061354226940025,-0.3953240480567358,0.5
10.976,TRACK,-0.2646254897117615,-0.45746910572052,0.5330209732055664,-0.21657751986341028,-0.41191224520912756,0.5,22.3220272064209,-15.823892593383789,-42.606624603271484,0.020665812101989922,0.1422629126376764,0.5,0.47382402420043945,0.4454672038555145,0.28257572650909424,0.4871776600457909,0.4998355605577685,0.5,0.006398314610123634,-4.967573477188125e-05,-0.4726482927799225,0.971409545991003,0.16665245257288094,0.5,0.8207467198371887,-0.3423299193382263,0.5405097603797913,0.8041694619978058,-0.39683868055919824,0.5
10.996,TRACK,-0.2646254897117615,-0.45746910572052,0.5330209732055664,-0.21451404952844022,-0.4104848012817894,0.5,22.3220272064209,-15.823892593383789,-42.606624603271484,0.021385744549836494,0.14466649397799625,0.5,0.47382402420043945,0.4454672038555145,0.28257572650909424,0.48968607310313406,0.49989361159347306,0.5,0.006398314610123634,-4.967573477188125e-05,-0.4726482927799225,0.9722398980704187,0.16428474874570864,0.5,0.8207467198371887,-0.3423299193382263,0.5405097603797913,0.8021742347481706,-0.39836005303538846,0.5
11.016,TRACK,-0.2646254897117615,-0.45746910572052,0.5330209732055664,-0.21246369294554684,-0.4090511852146223,0.5,22.3220272064209,-15.823892593383789,-42.606624603271484,0.022115599423738586,0.1470595106950493,0.5,0.47382402420043945,0.4454672038555145,0.28257572650909424,0.4921875048049537,0.49993896119309145,0.5,0.006398314610123634,-4.967573477188125e-05,-0.4726482927799225,0.9730560130087775,0.16191975962259594,0.5,0.8207467198371887,-0.3423299193382263,0.5405097603797913,0.8001771898169833,-0.3998670462961143,0.5
11.036,TRACK,-0.2646254897117615,-0.45746910572052,0.5330209732055664,-0.2104221874534824,-0.40760850148245675,0.5,22.3220272064209,-15.823892593383789,-42.606624603271484,0.022856813297009948,0.1494469115870769,0.5,0.47382402420043945,0.4454672038555145,0.28257572650909424,0.49468710566363283,0.49997177235697077,0.5,0.006398314610123634,-4.967573477188125e-05,-0.4726482927799225,0.9738596374244783,0.1595526371450562,0.5,0.8207467198371887,-0.3423299193382263,0.5405097603797913,0.7981742561613965,-0.40136281960664705,0.5
