timestamp_sec,flight_state,cf1_act_x,cf1_act_y,cf1_act_z,cf1_targ_x,cf1_targ_y,cf1_targ_z,cf2_act_x,cf2_act_y,cf2_act_z,cf2_targ_x,cf2_targ_y,cf2_targ_z,cf3_act_x,cf3_act_y,cf3_act_z,cf3_targ_x,cf3_targ_y,cf3_targ_z,cf4_act_x,cf4_act_y,cf4_act_z,cf4_targ_x,cf4_targ_y,cf4_targ_z,cf5_act_x,cf5_act_y,cf5_act_z,cf5_targ_x,cf5_targ_y,cf5_targ_z
0.007,TAKEOFF,-0.0013646758161485195,-0.0001547779538668692,-0.0015312304021790624,-0.995681543126714,0.06557291974221982,0.5,0.29752233624458313,0.47009825706481934,0.004678862635046244,-0.7155375732374903,-0.45115801502676806,0.5,-0.5017421841621399,0.4477764368057251,0.0002701269113458693,-0.1375280029867248,-0.34440390732569837,0.5,-0.5018299221992493,-0.5467510223388672,0.004707277752459049,0.06044241263825517,0.23830469444121757,0.5,0.22968076169490814,-0.5356740951538086,-0.002285615773871541,0.5908104680108156,0.49168430816902897,0.5
0.027,TAKEOFF,-0.0013646758161485195,-0.0001547779538668692,-0.0015312304021790624,-0.996003221334115,0.06309361636632418,0.5,0.29752233624458313,0.47009825706481934,0.004678862635046244,-0.7132790196387793,-0.45223009605942993,0.5,-0.5017421841621399,0.4477764368057251,0.0002701269113458693,-0.13581046188990686,-0.3425871864666818,0.5,-0.5018299221992493,-0.5467510223388672,0.004707277752459049,0.06163946746205806,0.24049957071282255,0.5,0.2288927286863327,-0.5359023213386536,-0.002718789968639612,0.5932678296751408,0.49122409544696494,0.5
0.047,TAKEOFF,-0.0013646758161485195,-0.0001547779538668692,-0.0015312304021790624,-0.9963118808088559,0.0606177941530044,0.5,0.29752233624458313,0.47009825706481934,0.004678862635046244,-0.7110197538127829,-0.45328871980316526,0.5,-0.5017421841621399,0.4477764368057251,0.0002701269113458693,-0.1341054993450792,-0.34076562970828816,0.5,-0.5018299221992493,-0.5467510223388672,0.004707277752459049,0.06284500848580532,0.24268397844568226,0.5,0.2288927286863327,-0.5359023213386536,-0.002718789968639612,0.5957178575474766,0.4907525769127667,0.5
0.067,TAKEOFF,-0.0013646758161485195,-0.0001547779538668692,-0.0015312304021790624,-0.9966086396075838,0.05813655534261471,0.5,0.29752233624458313,0.47009825706481934,0.004678862635046244,-0.7087516589857146,-0.4543376991519765,0.5,-0.5017421841621399,0.4477764368057251,0.0002701269113458693,-0.1324069808535152,-0.3389326957889605,0.5,-0.5018299221992493,-0.5467510223388672,0.004707277752459049,0.0640633611545669,0.24486577325577052,0.5,0.2288927286863327,-0.5359023213386536,-0.002718789968639612,0.5981693593986194,0.4902680663425517,0.5
0.087,TAKEOFF,-0.0013646758161485195,-0.0001547779538668692,-0.0015312304021790624,-0.9968935047258956,0.055649303330917665,0.5,0.29752233624458313,0.47009825706481934,0.004678862635046244,-0.7064741699149848,-0.4553772251199196,0.5,-0.5017421841621399,0.4477764368057251,0.0002701269113458693,-0.13071455008048616,-0.33708790615764045,0.5,-0.5025495886802673,-0.5455493927001953,0.001419090898707509,0.06529487048395849,0.24704544191796285,0.5,0.2288927286863327,-0.5359023213386536,-0.002718789968639612,0.6006229047946751,0.4897703860286795,0.5
0.107,TAKEOFF,0.0014871906023472548,0.00016031457926146686,-0.003609125502407551,-0.9971654214258798,0.05316524934980867,0.5,0.30088886618614197,0.4696740210056305,0.0015319760423153639,-0.7041957210707717,-0.4564034481644366,0.5,-0.49692240357398987,0.4466977119445801,-0.00020468505681492388,-0.1290344745531502,-0.3352380928980814,0.5,-0.5025495886802673,-0.5455493927001953,0.001419090898707509,0.06653497554861104,0.2492149124297276,0.5,0.2288927286863327,-0.5359023213386536,-0.002718789968639612,0.6030694074015872,0.4892613792829817,0.5
0.127,TAKEOFF,0.0014871906023472548,0.00016031457926146686,-0.003609125502407551,-0.9974281602551256,0.05064805411070736,0.5,0.30088886618614197,0.4696740210056305,0.0015319760423153639,-0.7018829168991564,-0.45743118374711655,0.5,-0.49692240357398987,0.4466977119445801,-0.00020468505681492388,-0.12734234413652362,-0.3333560731805239,0.5,-0.5025495886802673,-0.5455493927001953,0.001419090898707509,0.06780198560935363,0.25140580016535546,0.5,0.22809089720249176,-0.5357468128204346,-0.004297052510082722,0.6055445930998407,0.48873340265157755,0.5
0.147,TAKEOFF,0.0014871906023472548,0.00016031457926146686,-0.003609125502407551,-0.9976739985739681,0.04817251439771462,0.5,0.30088886618614197,0.4696740210056305,0.0015319760423153639,-0.6996045069421581,-0.45842997372377164,0.5,-0.49692240357398987,0.4466977119445801,-0.00020468505681492388,-0.12568837102394997,-0.3314978196207267,0.5,-0.5025495886802673,-0.5455493927001953,0.001419090898707509,0.06905818396630298,0.2535530540016807,0.5,0.22809089720249176,-0.5357468128204346,-0.004297052510082722,0.6079749394936208,0.48820222494510296,0.5
0.167,TAKEOFF,0.0014871906023472548,0.00016031457926146686,-0.003609125502407551,-0.9979069286497897,0.04570219253529633,0.5,0.30088886618614197,0.4696740210056305,0.0015319760423153639,-0.6973270705894887,-0.4594148748272861,0.5,-0.49692240357398987,0.4466977119445801,-0.00020468505681492388,-0.12404790787496417,-0.32963620011583766,0.5,-0.5025495886802673,-0.5455493927001953,0.001419090898707509,0.07032175833560744,0.25568849923333636,0.5,0.22809089720249176,-0.5357468128204346,-0.004297052510082722,0.61039633455015,0.48766038317449095,0.5
0.187,TAKEOFF,0.0014871906023472548,0.00016031457926146686,-0.003609125502407551,-0.998129564901568,0.0432080614118993,0.5,0.30088886618614197,0.4696740210056305,0.0015319760423153639,-0.6950238093174509,-0.4603973433886327,0.5,-0.49692240357398987,0.4466977119445801,-0.00020468505681492388,-0.122401777872095,-0.32774926795623105,0.5,-0.5015565156936646,-0.5454261302947998,0.001099645160138607,0.07160765531597113,0.2578371560037851,0.5,0.22809089720249176,-0.5357468128204346,-0.004297052510082722,0.6128371925929148,0.4871013939291792,0.5
0.207,TAKEOFF,0.0053211054764688015,-0.0034970748238265514,-0.008066871203482151,-0.998339020732005,0.040721252631351026,0.5,0.3032052516937256,0.469339519739151,0.0026783521752804518,-0.6927234390331064,-0.46136501389599593,0.5,-0.4971590042114258,0.44542649388313293,0.005208954680711031,-0.12077061501922293,-0.3258605124391441,0.5,-0.5015565156936646,-0.5454261302947998,0.001099645160138607,0.07289991151605446,0.25997214161714693,0.5,0.22809089720249176,-0.5357468128204346,-0.004297052510082722,0.6152670136996111,0.486532132086642,0.5
0.227,TAKEOFF,0.0053211054764688015,-0.0034970748238265514,-0.008066871203482151,-0.998539694338617,0.03818603368717831,0.5,0.3032052516937256,0.469339519739151,0.0026783521752804518,-0.6903743140907816,-0.46233929157542347,0.5,-0.4971590042114258,0.44542649388313293,0.005208954680711031,-0.1191181023544341,-0.323927430215338,0.5,-0.5015565156936646,-0.5454261302947998,0.001099645160138607,0.07422772746470008,0.2621411298139349,0.5,0.22688668966293335,-0.5344438552856445,-0.0027156181167811155,0.6177401617514672,0.48593955828964813,0.5
0.247,TAKEOFF,0.0053211054764688015,-0.0034970748238265514,-0.008066871203482151,-0.9987228233882526,0.03571477889683481,0.5,0.3032052516937256,0.469339519739151,0.0026783521752804518,-0.6880806011075009,-0.463277117379049,0.5,-0.4971590042114258,0.44542649388313293,0.005208954680711031,-0.11751738072069412,-0.32203578364716173,0.5,-0.5015565156936646,-0.5454261302947998,0.001099645160138607,0.07553214007180215,0.2642480574913954,0.5,0.22688668966293335,-0.5344438552856445,-0.0027156181167811155,0.62014705471175,0.48535006463798036,0.5
0.267,TAKEOFF,0.0053211054764688015,-0.0034970748238265514,-0.008066871203482151,-0.9988949861211674,0.033223377660318305,0.5,0.3032052516937256,0.469339519739151,0.0026783521752804518,-0.6857643389370749,-0.46421073918994116,0.5,-0.4971590042114258,0.44542649388313293,0.005208954680711031,-0.11591368923960033,-0.32012139242241483,0.5,-0.5015565156936646,-0.5454261302947998,0.001099645160138607,0.07685726639944362,0.2663648381469457,0.5,0.22688668966293335,-0.5344438552856445,-0.0027156181167811155,0.6225697193027137,0.48474391580509185,0.5
0.287,TAKEOFF,0.0053211054764688015,-0.0034970748238265514,-0.008066871203482151,-0.9990536879359935,0.03074762685938696,0.5,0.3032052516937256,0.469339519739151,0.0026783521752804518,-0.6834588015629455,-0.4651267226564044,0.5,-0.4971590042114258,0.44542649388313293,0.005208954680711031,-0.11433008696522928,-0.3182117505368907,0.5,-0.5024081468582153,-0.5465754866600037,0.005117228254675865,0.07818408374335001,0.26846104520500336,0.5,0.22688668966293335,-0.5344438552856445,-0.0027156181167811155,0.6249733397924817,0.4841298011289048,0.5
0.307,TAKEOFF,0.005467127542942762,-0.003445609239861369,-0.00519185047596693,-0.9992028533779269,0.0282225296409813,0.5,0.29404738545417786,0.47068658471107483,0.005623626988381147,-0.6811033860556329,-0.4660488853748975,0.5,-0.4953937232494354,0.4440356194972992,0.004427510779350996,-0.11272519468214809,-0.3162565812216718,0.5,-0.5024081468582153,-0.5465754866600037,0.005117228254675865,0.079547621271436,0.2705915690140626,0.5,0.22688668966293335,-0.5344438552856445,-0.0027156181167811155,0.627420944612856,0.48349136794152536,0.5
0.327,TAKEOFF,0.005467127542942762,-0.003445609239861369,-0.00519185047596693,-0.9993366545477913,0.025746949819731555,0.5,0.29404738545417786,0.47068658471107483,0.005623626988381147,-0.6787903165703799,-0.46694113408508287,0.5,-0.4953937232494354,0.4440356194972992,0.004427510779350996,-0.11116183795205709,-0.3143324414297348,0.5,-0.5024081468582153,-0.5465754866600037,0.005117228254675865,0.08089448316095188,0.2726730015147711,0.5,0.2286262810230255,-0.5359393954277039,-0.003215404460206628,0.6298167077688197,0.48285362418031497,0.5
0.347,TAKEOFF,0.005467127542942762,-0.003445609239861369,-0.00519185047596693,-0.9994588184687255,0.023257013003064157,0.5,0.29404738545417786,0.47068658471107483,0.005623626988381147,-0.6764599966633933,-0.4678267516694136,0.5,-0.4953937232494354,0.4440356194972992,0.004427510779350996,-0.10959945712394464,-0.3123898463812184,0.5,-0.5024081468582153,-0.5465754866600037,0.005117228254675865,0.0822591986127938,0.2747592088654623,0.5,0.2286262810230255,-0.5359393954277039,-0.003215404460206628,0.6322225291311426,0.4822003761821056,0.5
0.367,TAKEOFF,0.005467127542942762,-0.003445609239861369,-0.00519185047596693,-0.999569369369326,0.02074717301065129,0.5,0.29404738545417786,0.47068658471107483,0.005623626988381147,-0.6741071590907799,-0.4687074750346295,0.5,-0.4953937232494354,0.4440356194972992,0.004427510779350996,-0.10803477263346123,-0.3104243233631952,0.5,-0.5024081468582153,-0.5465754866600037,0.005117228254675865,0.08364500798861862,0.2768546922614868,0.5,0.2286262810230255,-0.5359393954277039,-0.003215404460206628,0.6346436909178141,0.48152993312568654,0.5
0.387,TAKEOFF,0.005467127542942762,-0.003445609239861369,-0.00519185047596693,-0.9996665282708315,0.01825816326398508,0.5,0.29404738545417786,0.47068658471107483,0.005623626988381147,-0.6717699939038109,-0.4695690249519071,0.5,-0.4953937232494354,0.4440356194972992,0.004427510779350996,-0.10649316620908589,-0.3084677807484112,0.5,-0.5008423328399658,-0.5475612282752991,0.005712417885661125,0.08502940800804853,0.2789254520151385,0.5,0.2286262810230255,-0.5359393954277039,-0.003215404460206628,0.6370409036082232,0.4808531904211947,0.5
0.407,TAKEOFF,-0.004024872090667486,-0.0006438716081902385,0.003365417243912816,-0.9997524381356395,0.015732151076183563,0.5,0.2894383370876312,0.47291672229766846,0.008786641992628574,-0.6693941611605714,-0.47043131078267564,0.5,-0.4920599162578583,0.44074952602386475,0.006989671383053064,-0.10493891095737101,-0.30647469051204207,0.5,-0.5008423328399658,-0.5475612282752991,0.005712417885661125,0.0864446581785352,0.2810195353546287,0.5,0.2286262810230255,-0.5359393954277039,-0.003215404460206628,0.6394698315678828,0.48015431486390536,0.5
0.427,TAKEOFF,-0.004024872090667486,-0.0006438716081902385,0.003365417243912816,-0.9998241346811698,0.013260256038998374,0.5,0.2894383370876312,0.47291672229766846,0.008786641992628574,-0.6670654047288656,-0.4712633558242995,0.5,-0.4920599162578583,0.44074952602386475,0.006989671383053064,-0.10342796378552654,-0.3045170275907512,0.5,-0.5008423328399658,-0.5475612282752991,0.005712417885661125,0.08783959790283558,0.2830614826201257,0.5,0.22804515063762665,-0.5363210439682007,0.0004800095339305699,0.6418428989016024,0.4794586447559266,0.5
0.447,TAKEOFF,-0.004024872090667486,-0.0006438716081902385,0.003365417243912816,-0.9998841038058978,0.010764885608979964,0.5,0.2894383370876312,0.47291672229766846,0.008786641992628574,-0.6647106978995051,-0.47209150172128495,0.5,-0.4920599162578583,0.44074952602386475,0.006989671383053064,-0.1019127058067123,-0.3025334794727136,0.5,-0.5008423328399658,-0.5475612282752991,0.005712417885661125,0.08925782379956443,0.28511552867237927,0.5,0.22804515063762665,-0.5363210439682007,0.0004800095339305699,0.6442346686883204,0.47874456691263917,0.5
0.467,TAKEOFF,-0.004024872090667486,-0.0006438716081902385,0.003365417243912816,-0.9999318748751993,0.008253513419631604,0.5,0.2894383370876312,0.47291672229766846,0.008786641992628574,-0.6623370030862366,-0.4729129913937438,0.5,-0.4920599162578583,0.44074952602386475,0.006989671383053064,-0.10039791066389142,-0.30052981582235183,0.5,-0.5008423328399658,-0.5475612282752991,0.005712417885661125,0.09069532372857642,0.2871753505827844,0.5,0.22804515063762665,-0.5363210439682007,0.0004800095339305699,0.6466378876460962,0.47801394321367957,0.5
0.487,TAKEOFF,-0.004024872090667486,-0.0006438716081902385,0.003365417243912816,-0.9999669174525434,0.0057516478509800975,0.5,0.2894383370876312,0.47291672229766846,0.008786641992628574,-0.6599684162862021,-0.4737194378436295,0.5,-0.4920599162578583,0.44074952602386475,0.006989671383053064,-0.09889900093882176,-0.29852636156983636,0.5,-0.49918127059936523,-0.5472469925880432,0.005601698532700539,0.09213753337245006,0.2892199998556302,0.5,0.22804515063762665,-0.5363210439682007,0.0004800095339305699,0.6490281319499827,0.47727415170685555,0.5
0.507,TAKEOFF,-0.01732052117586136,0.003150060772895813,0.009387108497321606,-0.9999894730287492,0.0032445123568410907,0.5,0.27957311272621155,0.48382866382598877,0.007712825201451778,-0.6575909587936318,-0.47451563694624843,0.5,-0.4961133897304535,0.4400409162044525,0.011403028853237629,-0.09740709582539941,-0.29651130418292804,0.5,-0.49918127059936523,-0.5472469925880432,0.005601698532700539,0.09359294279693559,0.29126157291264,0.5,0.22804515063762665,-0.5363210439682007,0.0004800095339305699,0.6514195295552839,0.4765208558596953,0.5
0.527,TAKEOFF,-0.01732052117586136,0.003150060772895813,0.009387108497321606,-0.9999996139802609,0.0006213047481804105,0.5,0.27957311272621155,0.48382866382598877,0.007712825201451778,-0.6550992738301763,-0.4753358972951149,0.5,-0.4961133897304535,0.4400409162044525,0.011403028853237629,-0.09585700887721516,-0.2943950453494907,0.5,-0.49918127059936523,-0.5472469925880432,0.005601698532700539,0.09512662134089561,0.29338975314956295,0.5,0.22855646908283234,-0.5360171794891357,-0.0010700321290642023,0.6539174819714519,0.4757198847468621,0.5
0.547,TAKEOFF,-0.01732052117586136,0.003150060772895813,0.009387108497321606,-0.9999969907575604,-0.0017347142081627401,0.5,0.27957311272621155,0.48382866382598877,0.007712825201451778,-0.6528577560288368,-0.4760614523586515,0.5,-0.4961133897304535,0.4400409162044525,0.011403028853237629,-0.09447429791229983,-0.2924874440831227,0.5,-0.49918127059936523,-0.5472469925880432,0.005601698532700539,0.09651357676930028,0.2952942706326973,0.5,0.22855646908283234,-0.5360171794891357,-0.0010700321290642023,0.6561573785320025,0.47498934001723964,0.5
0.567,TAKEOFF,-0.01732052117586136,0.003150060772895813,0.009387108497321606,-0.9999820435595063,-0.004237465995140818,0.5,0.27957311272621155,0.48382866382598877,0.007712825201451778,-0.6504728786949449,-0.4768206295634202,0.5,-0.4961133897304535,0.4400409162044525,0.011403028853237629,-0.09301530985900963,-0.29045388961217583,0.5,-0.49918127059936523,-0.5472469925880432,0.005601698532700539,0.0979967498970788,0.2973102536184855,0.5,0.22855646908283234,-0.5360171794891357,-0.0010700321290642023,0.6585330179894604,0.4742017315522513,0.5
0.587,TAKEOFF,-0.01732052117586136,0.003150060772895813,0.009387108497321606,-0.9999546595798381,-0.006733376894858092,0.5,0.27957311272621155,0.48382866382598877,0.007712825201451778,-0.6480906642545856,-0.477565864735573,0.5,-0.4961133897304535,0.4400409162044525,0.011403028853237629,-0.09157040434604491,-0.2884185593784609,0.5,-0.49600449204444885,-0.541954755783081,0.008364537730813026,0.09948596361989381,0.2993133920534044,0.5,0.22855646908283234,-0.5360171794891357,-0.0010700321290642023,0.6608983081996375,0.4734044089554875,0.5
0.607,TAKEOFF,-0.03885548934340477,0.009387793950736523,0.011472759768366814,-0.9999144063231298,-0.00925128913139567,0.5,0.26917174458503723,0.48486030101776123,0.010509416460990906,-0.6456835484741654,-0.4783056592849132,0.5,-0.49699512124061584,0.4423403739929199,0.014012182131409645,-0.09012297823559734,-0.2863578653181075,0.5,-0.49600449204444885,-0.541954755783081,0.008364537730813026,0.10099852086785327,0.3013267655724581,0.5,0.22855646908283234,-0.5360171794891357,-0.0010700321290642023,0.6632805460992541,0.47258804816195826,0.5
0.627,TAKEOFF,-0.03885548934340477,0.009387793950736523,0.011472759768366814,-0.9998619432298776,-0.011748945078201725,0.5,0.26917174458503723,0.48486030101776123,0.010509416460990906,-0.6432919245230998,-0.47902758205187546,0.5,-0.49699512124061584,0.4423403739929199,0.014012182131409645,-0.08869733643878264,-0.28430638217853643,0.5,-0.49600449204444885,-0.541954755783081,0.008364537730813026,0.10250904973270497,0.30331657464702255,0.5,0.2286350280046463,-0.5359874963760376,-0.002689897082746029,0.6656397460755349,0.471766334661591,0.5
0.647,TAKEOFF,-0.03885548934340477,0.009387793950736523,0.011472759768366814,-0.9997969361183714,-0.014248601569576101,0.5,0.26917174458503723,0.48486030101776123,0.010509416460990906,-0.640894521626268,-0.47973819295080633,0.5,-0.49699512124061584,0.4423403739929199,0.014012182131409645,-0.08728066707531934,-0.28224590737547745,0.5,-0.49600449204444885,-0.541954755783081,0.008364537730813026,0.1040309028120957,0.3053006290072066,0.5,0.2286350280046463,-0.5359874963760376,-0.002689897082746029,0.6679969723679453,0.47093207288865324,0.5
0.667,TAKEOFF,-0.03885548934340477,0.009387793950736523,0.011472759768366814,-0.999719730459866,-0.016738906449312738,0.5,0.26917174458503723,0.48486030101776123,0.010509416460990906,-0.6385022430822929,-0.48043431253520336,0.5,-0.49699512124061584,0.4423403739929199,0.014012182131409645,-0.08587936328309098,-0.28018582805913267,0.5,-0.49600449204444885,-0.541954755783081,0.008364537730813026,0.10555712798390965,0.30726994762862536,0.5,0.2286350280046463,-0.5359874963760376,-0.002689897082746029,0.6703415351908404,0.4700890994150233,0.5
0.687,TAKEOFF,-0.03885548934340477,0.009387793950736523,0.011472759768366814,-0.9996293838657149,-0.019247825278874472,0.5,0.26917174458503723,0.48486030101776123,0.010509416460990906,-0.636088200847606,-0.48112368637395275,0.5,-0.49699512124061584,0.4423403739929199,0.014012182131409645,-0.08447774972592781,-0.278102965692873,0.5,-0.49050799012184143,-0.53484708070755,0.01256067119538784,0.10710492540117711,0.30924660120361125,0.5,0.2286350280046463,-0.5359874963760376,-0.002689897082746029,0.6726997401595741,0.46922787614208894,0.5
0.707,TAKEOFF,-0.06060901656746864,0.013672548346221447,0.01664852164685726,-0.9995274000698073,-0.021734225992629978,0.5,0.25424253940582275,0.4776158630847931,0.011219238862395287,-0.6336919785205815,-0.4817950340956747,0.5,-0.49919459223747253,0.43559160828590393,0.018721818923950195,-0.08309878667913301,-0.2760314806894115,0.5,-0.49050799012184143,-0.53484708070755,0.01256067119538784,0.10864890169605224,0.3111981970646581,0.5,0.2286350280046463,-0.5359874963760376,-0.002689897082746029,0.6750329330344259,0.468362543713058,0.5
0.727,TAKEOFF,-0.06060901656746864,0.013672548346221447,0.01664852164685726,-0.9994128291253239,-0.024224493906787922,0.5,0.25424253940582275,0.4776158630847931,0.011219238862395287,-0.6312881886245939,-0.4824556057583672,0.5,-0.49919459223747253,0.43559160828590393,0.018721818923950195,-0.08172773376608244,-0.27394946851480256,0.5,-0.49050799012184143,-0.53484708070755,0.01256067119538784,0.1102053342914,0.31314552301625004,0.5,0.22935417294502258,-0.5359872579574585,-0.0030716625042259693,0.6773659141925996,0.46748404516370756,0.5
0.747,TAKEOFF,-0.06060901656746864,0.013672548346221447,0.01664852164685726,-0.9992854136728911,-0.026722194773071757,0.5,0.25424253940582275,0.4776158630847931,0.011219238862395287,-0.6288733603998109,-0.48310625847660105,0.5,-0.49919459223747253,0.43559160828590393,0.018721818923950195,-0.08036270329860679,-0.2718538931432597,0.5,-0.49050799012184143,-0.53484708070755,0.01256067119538784,0.11177652729160387,0.3150913125400845,0.5,0.22935417294502258,-0.5359872579574585,-0.0030716625042259693,0.6797019953370872,0.46659103385284795,0.5
0.767,TAKEOFF,-0.06060901656746864,0.013672548346221447,0.01664852164685726,-0.9991443375961293,-0.02923919023709884,0.5,0.25424253940582275,0.4776158630847931,0.011219238862395287,-0.6264359605570435,-0.4837498815276524,0.5,-0.49919459223747253,0.43559160828590393,0.018721818923950195,-0.07899738342836465,-0.2697346786007253,0.5,-0.49050799012184143,-0.53484708070755,0.01256067119538784,0.1133701130490461,0.31704468220787524,0.5,0.22935417294502258,-0.5359872579574585,-0.0030716625042259693,0.6820522053694164,0.4656790681576013,0.5
0.787,TAKEOFF,-0.06060901656746864,0.013672548346221447,0.01664852164685726,-0.9989935310606416,-0.03170892555153066,0.5,0.25424253940582275,0.4776158630847931,0.011219238862395287,-0.6240405009104003,-0.48436964617314426,0.5,-0.49919459223747253,0.43559160828590393,0.018721818923950195,-0.07766771448354809,-0.26764797890223296,0.5,-0.4810746908187866,-0.523054301738739,0.013105100952088833,0.1149437920940074,0.3189540981913495,0.5,0.22935417294502258,-0.5359872579574585,-0.0030716625042259693,0.6843544614514024,0.46477245243555837,0.5
0.807,TAKEOFF,-0.07732293009757996,0.014211301691830158,0.02451762929558754,-0.9988280810659291,-0.03421323632869051,0.5,0.2463855743408203,0.4636876881122589,0.011471956968307495,-0.6216076329668688,-0.48498616846689074,0.5,-0.5002666115760803,0.4238418638706207,0.004082209896296263,-0.07632956939901803,-0.2655246998574305,0.5,-0.4810746908187866,-0.523054301738739,0.013105100952088833,0.11654964089342068,0.3208828791023843,0.5,0.22866873443126678,-0.5359408259391785,-0.0028272513300180435,0.6866850756747631,0.46384122555062735,0.5
0.827,TAKEOFF,-0.07732293009757996,0.014211301691830158,0.02451762929558754,-0.9986508963904883,-0.03670536103844331,0.5,0.2463855743408203,0.4636876881122589,0.011471956968307495,-0.6191827284463843,-0.48558776471414045,0.5,-0.5002666115760803,0.4238418638706207,0.004082209896296263,-0.07500808066132614,-0.2634043820759824,0.5,-0.4810746908187866,-0.523054301738739,0.013105100952088833,0.11815782045826145,0.32279490380551973,0.5,0.22866873443126678,-0.5359408259391785,-0.0028272513300180435,0.6890004740435397,0.4629026040230464,0.5
0.847,TAKEOFF,-0.07732293009757996,0.014211301691830158,0.02451762929558754,-0.9984610299378023,-0.0391995106263514,0.5,0.2463855743408203,0.4636876881122589,0.011471956968307495,-0.6167519792676477,-0.4861779255962643,0.5,-0.5002666115760803,0.4238418638706207,0.004082209896296263,-0.07369566150342716,-0.2612749719720575,0.5,-0.4810746908187866,-0.523054301738739,0.013105100952088833,0.11977744998992995,0.32470111250785666,0.5,0.22866873443126678,-0.5359408259391785,-0.0028272513300180435,0.6913138793011928,0.46195129568681653,0.5
0.867,TAKEOFF,-0.07732293009757996,0.014211301691830158,0.02451762929558754,-0.9982577761959561,-0.041703578506651594,0.5,0.2463855743408203,0.4636876881122589,0.011471956968307495,-0.6143076603324421,-0.4867584193307015,0.5,-0.5002666115760803,0.4238418638706207,0.004082209896296263,-0.07238824306397118,-0.2591296689498958,0.5,-0.4810746908187866,-0.523054301738739,0.013105100952088833,0.12141373989203341,0.32660747642615756,0.5,0.22866873443126678,-0.5359408259391785,-0.0028272513300180435,0.693632580515597,0.4609841903610913,0.5
0.887,TAKEOFF,-0.07732293009757996,0.014211301691830158,0.02451762929558754,-0.9980433577994061,-0.044190652313500875,0.5,0.2463855743408203,0.4636876881122589,0.011471956968307495,-0.6118760536534905,-0.48732304339003024,0.5,-0.5002666115760803,0.4238418638706207,0.004082209896296263,-0.07109984588565788,-0.2569915520025777,0.5,-0.4663454294204712,-0.5115698575973511,0.014413048513233662,0.12304907332377796,0.32849352943085114,0.5,0.22866873443126678,-0.5359408259391785,-0.0028272513300180435,0.6959316693376674,0.4600117182752576,0.5
0.907,TAKEOFF,-0.09656010568141937,0.01619785651564598,0.03291495516896248,-0.9978172401039753,-0.046668998867138524,0.5,0.22755643725395203,0.44687166810035706,0.01142410933971405,-0.6094491318033988,-0.48787384388536575,0.5,-0.49659574031829834,0.4055371880531311,0.009197330102324486,-0.06982604338969223,-0.2548536188760776,0.5,-0.4663454294204712,-0.5115698575973511,0.014413048513233662,0.12468874193640844,0.330365645264038,0.5,0.22866873443126678,-0.5359408259391785,-0.0028272513300180435,0.6982188427665251,0.45903081636454385,0.5
0.927,TAKEOFF,-0.09656010568141937,0.01619785651564598,0.03291495516896248,-0.9975624195161619,-0.049311648575391706,0.5,0.22755643725395203,0.44687166810035706,0.01142410933971405,-0.6068570786859282,-0.4884481187748698,0.5,-0.49659574031829834,0.4055371880531311,0.009197330102324486,-0.06847888705026367,-0.25256589056842355,0.5,-0.4663454294204712,-0.5115698575973511,0.014413048513233662,0.12644820664795237,0.33235381400469755,0.5,0.22915926575660706,-0.5359625220298767,-0.0026948456652462482,0.7006534080996938,0.4579718439139875,0.5
0.947,TAKEOFF,-0.09656010568141937,0.01619785651564598,0.03291495516896248,-0.9973254737970458,-0.05164661762926888,0.5,0.22755643725395203,0.44687166810035706,0.01142410933971405,-0.6045631708979394,-0.4889443151236839,0.5,-0.49659574031829834,0.4055371880531311,0.009197330102324486,-0.06729811978934463,-0.25053758772320706,0.5,-0.4663454294204712,-0.5115698575973511,0.014413048513233662,0.12801236013588996,0.33410357045133354,0.5,0.22915926575660706,-0.5359625220298767,-0.0026948456652462482,0.70280087537978,0.45702495002482624,0.5
0.967,TAKEOFF,-0.09656010568141937,0.01619785651564598,0.03291495516896248,-0.9970612642476537,-0.05413039427645273,0.5,0.22755643725395203,0.44687166810035706,0.01142410933971405,-0.6021193136917752,-0.4894605661042785,0.5,-0.49659574031829834,0.4055371880531311,0.009197330102324486,-0.06605194252167595,-0.24837287172875616,0.5,-0.4663454294204712,-0.5115698575973511,0.014413048513233662,0.12968603743462748,0.33595768949248933,0.5,0.22915926575660706,-0.5359625220298767,-0.0026948456652462482,0.7050814421042676,0.456006142616998,0.5
0.987,TAKEOFF,-0.09656010568141937,0.01619785651564598,0.03291495516896248,-0.996783961718883,-0.05661886062869308,0.5,0.22755643725395203,0.44687166810035706,0.01142410933971405,-0.5996669503579225,-0.4899658141200786,0.5,-0.49659574031829834,0.4055371880531311,0.009197330102324486,-0.06481360115736162,-0.24619666582302868,0.5,-0.449533075094223,-0.4954456388950348,0.02090863138437271,0.131373063715659,0.33780790672454725,0.5,0.22915926575660706,-0.5359625220298767,-0.0026948456652462482,0.7073624230501737,0.4549734338472531,0.5
1.007,TAKEOFF,-0.11764934659004211,0.017990414053201675,0.03995036706328392,-0.9964948810207428,-0.0591001956020328,0.5,0.20117589831352234,0.43258896470069885,0.011734258383512497,-0.5972177297139456,-0.490457656713876,0.5,-0.48649710416793823,0.3845662772655487,0.029364675283432007,-0.06358898025157628,-0.24401930628977067,0.5,-0.449533075094223,-0.4954456388950348,0.02090863138437271,0.1330654270165269,0.3396454315156267,0.5,0.22915926575660706,-0.5359625220298767,-0.0026948456652462482,0.7096329819972085,0.4539317270900527,0.5
1.027,TAKEOFF,-0.11764934659004211,0.017990414053201675,0.03995036706328392,-0.996191182016033,-0.06159797796626186,0.5,0.20117589831352234,0.43258896470069885,0.011734258383512497,-0.5947483493665283,-0.4909406789952512,0.5,-0.48649710416793823,0.3845662772655487,0.029364675283432007,-0.06236651827043116,-0.241820048112755,0.5,-0.449533075094223,-0.4954456388950348,0.02090863138437271,0.13477928430964198,0.34148767010043374,0.5,0.22996240854263306,-0.5354644060134888,-0.0025639671366661787,0.7119146660373655,0.4528710349738343,0.5
1.047,TAKEOFF,-0.11764934659004211,0.017990414053201675,0.03995036706328392,-0.9958778086399107,-0.06407182608978874,0.5,0.20117589831352234,0.43258896470069885,0.011734258383512497,-0.5922987422895172,-0.4914071043155291,0.5,-0.48649710416793823,0.3845662772655487,0.029364675283432007,-0.06116595121387819,-0.23963446669037342,0.5,-0.449533075094223,-0.4954456388950348,0.02090863138437271,0.13648690013993003,0.3433048590249238,0.5,0.22996240854263306,-0.5354644060134888,-0.0025639671366661787,0.7141705977167638,0.45180853807076743,0.5
1.067,TAKEOFF,-0.11764934659004211,0.017990414053201675,0.03995036706328392,-0.9955494317951881,-0.06656395907295647,0.5,0.20117589831352234,0.43258896470069885,0.011734258383512497,-0.5898271089508229,-0.4918649108215964,0.5,-0.48649710416793823,0.3845662772655487,0.029364675283432007,-0.059966774647560395,-0.23742527368822613,0.5,-0.449533075094223,-0.4954456388950348,0.02090863138437271,0.13821740160212742,0.3451280218940265,0.5,0.22996240854263306,-0.5354644060134888,-0.0025639671366661787,0.7164392830043012,0.4507261216887524,0.5
1.087,TAKEOFF,-0.11764934659004211,0.017990414053201675,0.03995036706328392,-0.9952137068088707,-0.06901727746454428,0.5,0.20117589831352234,0.43258896470069885,0.011734258383512497,-0.5873901197817482,-0.49230373446128933,0.5,-0.48649710416793823,0.3845662772655487,0.029364675283432007,-0.05879635749717427,-0.2352431632210355,0.5,-0.4301338791847229,-0.47907665371894836,0.031055642291903496,0.13993103319124778,0.34691546396965023,0.5,0.22996240854263306,-0.5354644060134888,-0.0025639671366661787,0.718668782720959,0.4496487111772189,0.5
1.107,TAKEOFF,-0.1453981250524521,0.02364025078713894,0.04125352203845978,-0.9948623894289488,-0.0714927655687724,0.5,0.16678288578987122,0.41575950384140015,0.020954424515366554,-0.5849272276483958,-0.49273457967140644,0.5,-0.47534820437431335,0.3664987087249756,0.04409220814704895,-0.05762552382805963,-0.2330339521005498,0.5,-0.4301338791847229,-0.47907665371894836,0.031055642291903496,0.14167031032191457,0.34871167674055165,0.5,0.2280699759721756,-0.5356950759887695,-0.002196941524744034,0.7209145487726812,0.4485496206001769,0.5
1.127,TAKEOFF,-0.1453981250524521,0.02364025078713894,0.04125352203845978,-0.9944967046567228,-0.07397978834547901,0.5,0.16678288578987122,0.41575950384140015,0.020954424515366554,-0.5824489256212325,-0.4931553250892709,0.5,-0.47534820437431335,0.3664987087249756,0.04409220814704895,-0.056459533713110965,-0.23080696429269423,0.5,-0.4301338791847229,-0.47907665371894836,0.031055642291903496,0.14342799082749313,0.35050877631620253,0.5,0.2280699759721756,-0.5356950759887695,-0.002196941524744034,0.7231668451814406,0.4474333014112416,0.5
1.147,TAKEOFF,-0.1453981250524521,0.02364025078713894,0.04125352203845978,-0.9941234558930929,-0.07643304479259332,0.5,0.16678288578987122,0.41575950384140015,0.020954424515366554,-0.5800003998799703,-0.4935584423541399,0.5,-0.47534820437431335,0.3664987087249756,0.04409220814704895,-0.05531951034631166,-0.22860284801672087,0.5,-0.4301338791847229,-0.47907665371894836,0.031055642291903496,0.1451719433801043,0.3522741123547799,0.5,0.2280699759721756,-0.5356950759887695,-0.002196941524744034,0.7253846905005207,0.4463202228086741,0.5
1.167,TAKEOFF,-0.1453981250524521,0.02364025078713894,0.04125352203845978,-0.993732256379211,-0.07892058673561014,0.5,0.16678288578987122,0.41575950384140015,0.020954424515366554,-0.577513719607526,-0.4939550822419037,0.5,-0.47534820437431335,0.3664987087249756,0.04409220814704895,-0.05417385693266907,-0.22636044300563601,0.5,-0.4301338791847229,-0.47907665371894836,0.031055642291903496,0.14695057090359026,0.35405663475593724,0.5,0.2280699759721756,-0.5356950759887695,-0.002196941524744034,0.7276295961770036,0.44517947722721257,0.5
1.187,TAKEOFF,-0.1453981250524521,0.02364025078713894,0.04125352203845978,-0.9933343408417368,-0.08137092936822715,0.5,0.16678288578987122,0.41575950384140015,0.020954424515366554,-0.5750603426162143,-0.4943338395925738,0.5,-0.47534820437431335,0.3664987087249756,0.04409220814704895,-0.053055502102295815,-0.224144185289222,0.5,-0.41389337182044983,-0.46124401688575745,0.038321759551763535,0.14871276659824856,0.35580511470318044,0.5,0.2280699759721756,-0.5356950759887695,-0.002196941524744034,0.7298370478415044,0.4440438395468425,0.5
1.207,TAKEOFF,-0.16891023516654968,0.023604493588209152,0.04797337204217911,-0.9929206619977405,-0.08384044951996159,0.5,0.14116516709327698,0.3932054936885834,0.022519966587424278,-0.5725838555907768,-0.49470353132717504,0.5,-0.4664498567581177,0.3550957143306732,0.045539937913417816,-0.05193862779187364,-0.221903147194831,0.5,-0.41389337182044983,-0.46124401688575745,0.038321759551763535,0.1504989873386835,0.35755984415019854,0.5,0.22858871519565582,-0.5359159708023071,-0.0008714518044143915,0.7320578672809254,0.442887283891769,0.5
1.227,TAKEOFF,-0.16891023516654968,0.023604493588209152,0.04797337204217911,-0.9924893732270411,-0.08633780897403065,0.5,0.14116516709327698,0.3932054936885834,0.022519966587424278,-0.5700754500488239,-0.4950650778437667,0.5,-0.4664498567581177,0.3550957143306732,0.045539937913417816,-0.05081963668007755,-0.21962923577652974,0.5,-0.41389337182044983,-0.46124401688575745,0.038321759551763535,0.1523158183404374,0.3593267452107069,0.5,0.22858871519565582,-0.5359159708023071,-0.0008714518044143915,0.7342997217036199,0.44170537738362015,0.5
1.247,TAKEOFF,-0.16891023516654968,0.023604493588209152,0.04797337204217911,-0.9920559121744131,-0.08877487986027494,0.5,0.14116516709327698,0.3932054936885834,0.022519966587424278,-0.5676237110701264,-0.4954059282054506,0.5,-0.4664498567581177,0.3550957143306732,0.045539937913417816,-0.049737839712327536,-0.21740282199888378,0.5,-0.41389337182044983,-0.46124401688575745,0.038321759551763535,0.15409897002413886,0.36104359495999705,0.5,0.22858871519565582,-0.5359159708023071,-0.0008714518044143915,0.736483567018994,0.4405400351046122,0.5
1.267,TAKEOFF,-0.16891023516654968,0.023604493588209152,0.04797337204217911,-0.9916084450276469,-0.0912202651689802,0.5,0.14116516709327698,0.3932054936885834,0.022519966587424278,-0.5651597364846546,-0.49573602727787536,0.5,-0.4664498567581177,0.3550957143306732,0.045539937913417816,-0.04866248681785623,-0.21516144913659183,0.5,-0.41389337182044983,-0.46124401688575745,0.038321759551763535,0.15589833997092678,0.36275893864277986,0.5,0.22858871519565582,-0.5359159708023071,-0.0008714518044143915,0.7386709916989154,0.4393588029406675,0.5
1.287,TAKEOFF,-0.16891023516654968,0.023604493588209152,0.04797337204217911,-0.9911461172020497,-0.09367759367826713,0.5,0.14116516709327698,0.3932054936885834,0.022519966587424278,-0.5626798110381375,-0.4960556836568082,0.5,-0.4664498567581177,0.3550957143306732,0.045539937913417816,-0.047592136427940135,-0.21290167913420613,0.5,-0.3994697332382202,-0.44188380241394043,0.04717083275318146,0.1577167524966041,0.3644752096899445,0.5,0.22858871519565582,-0.5359159708023071,-0.0008714518044143915,0.7408651828352686,0.4381597467793369,0.5
1.307,TAKEOFF,-0.1921880692243576,0.028849409893155098,0.049200188368558884,-0.9906676841177149,-0.09615208662612729,0.5,0.11673087626695633,0.37434884905815125,0.02784576080739498,-0.560178584441818,-0.49636532712769027,0.5,-0.45084115862846375,0.3309500813484192,0.04630632326006889,-0.046524726462184196,-0.21061855637574556,0.5,-0.3994697332382202,-0.44188380241394043,0.04717083275318146,0.159558283454156,0.3661959006260436,0.5,0.22858871519565582,-0.5359159708023071,-0.0008714518044143915,0.7430707215241268,0.43694006950351943,0.5
1.327,TAKEOFF,-0.1921880692243576,0.028849409893155098,0.049200188368558884,-0.9901849182383544,-0.09858370013170399,0.5,0.11673087626695633,0.37434884905815125,0.02784576080739498,-0.5577167997112012,-0.49665759938925436,0.5,-0.45084115862846375,0.3309500813484192,0.04630632326006889,-0.04548602570503801,-0.20836757706178427,0.5,-0.3994697332382202,-0.44188380241394043,0.04717083275318146,0.16137811581271622,0.3678793546116087,0.5,0.22882604598999023,-0.5358192324638367,-0.0005704037612304091,0.74523414053269,0.43572952197113385,0.5
1.347,TAKEOFF,-0.1921880692243576,0.028849409893155098,0.049200188368558884,-0.9896621044155436,-0.10114852198297913,0.5,0.11673087626695633,0.37434884905815125,0.02784576080739498,-0.5551159508202671,-0.4969529474358492,0.5,-0.45084115862846375,0.3309500813484192,0.04630632326006889,-0.044401426513649034,-0.20598529034181562,0.5,-0.3994697332382202,-0.44188380241394043,0.04717083275318146,0.16330864553920127,0.36964703682209166,0.5,0.22882604598999023,-0.5358192324638367,-0.0005704037612304091,0.7475118727113388,0.4344397229385522,0.5
1.367,TAKEOFF,-0.1921880692243576,0.028849409893155098,0.049200188368558884,-0.9891740036524845,-0.10348330372866454,0.5,0.11673087626695633,0.37434884905815125,0.02784576080739498,-0.5527446099961534,-0.4972102232621064,0.5,-0.45084115862846375,0.3309500813484192,0.04630632326006889,-0.04342395804849569,-0.20380951380124088,0.5,-0.3994697332382202,-0.44188380241394043,0.04717083275318146,0.16507587762891907,0.3712490165023487,0.5,0.22882604598999023,-0.5358192324638367,-0.0005704037612304091,0.7495815506739472,0.43325402428966303,0.5
1.387,TAKEOFF,-0.1921880692243576,0.028849409893155098,0.049200188368558884,-0.9886508097611242,-0.10592632401720385,0.5,0.11673087626695633,0.37434884905815125,0.02784576080739498,-0.5502594838275133,-0.4974675710892037,0.5,-0.45084115862846375,0.3309500813484192,0.04630632326006889,-0.0424112595013047,-0.20152554321677862,0.5,-0.3843039274215698,-0.4211239516735077,0.05288907140493393,0.1669351216750375,0.37291793577994864,0.5,0.22882604598999023,-0.5358192324638367,-0.0005704037612304091,0.7517433252350203,0.4320015025432375,0.5
1.407,TAKEOFF,-0.2132522165775299,0.028966862708330154,0.047089848667383194,-0.9881125470426588,-0.10837961717743895,0.5,0.09737598150968552,0.35139894485473633,0.03687230497598648,-0.5477599310536451,-0.49771376210202495,0.5,-0.4375830888748169,0.31596386432647705,0.05163098871707916,-0.04140471364884546,-0.19922440447019182,0.5,-0.3843039274215698,-0.4211239516735077,0.05288907140493393,0.1688125949008506,0.37458630875098986,0.5,0.22882604598999023,-0.5358192324638367,-0.0005704037612304091,0.7539102133539999,0.43073147499866576,0.5
1.427,TAKEOFF,-0.2132522165775299,0.028966862708330154,0.047089848667383194,-0.9875594703488304,-0.11084116055494903,0.5,0.09737598150968552,0.35139894485473633,0.03687230497598648,-0.5452479540867353,-0.4979484136443902,0.5,-0.4375830888748169,0.31596386432647705,0.05163098871707916,-0.04040530319816671,-0.19690788372137605,0.5,-0.3843039274215698,-0.4211239516735077,0.05288907140493393,0.17070690224052915,0.3762526488517676,0.5,0.22902408242225647,-0.5357990860939026,-0.0007797227008268237,0.7560803701257384,0.42944480906894755,0.5
1.447,TAKEOFF,-0.2132522165775299,0.028966862708330154,0.047089848667383194,-0.9870029469390018,-0.11326133352882511,0.5,0.09737598150968552,0.35139894485473633,0.03687230497598648,-0.5427742576179645,-0.4981670030072566,0.5,-0.4375830888748169,0.31596386432647705,0.05163098871707916,-0.03943299811244433,-0.1946228064033306,0.5,-0.3843039274215698,-0.4211239516735077,0.05288907140493393,0.1725796811188891,0.3778834936641076,0.5,0.22902408242225647,-0.5357990860939026,-0.0007797227008268237,0.7582101162117001,0.42816764927530465,0.5
1.467,TAKEOFF,-0.2132522165775299,0.028966862708330154,0.047089848667383194,-0.9864305004907956,-0.11569515198258751,0.5,0.09737598150968552,0.35139894485473633,0.03687230497598648,-0.5402826630371691,-0.4983746653458961,0.5,-0.4375830888748169,0.31596386432647705,0.05163098871707916,-0.03846555442353389,-0.19231733033303067,0.5,-0.3843039274215698,-0.4211239516735077,0.05288907140493393,0.17447336261773627,0.37951601857444195,0.5,0.22902408242225647,-0.5357990860939026,-0.0007797227008268237,0.760347919430765,0.42687112908707225,0.5
1.487,TAKEOFF,-0.2132522165775299,0.028966862708330154,0.047089848667383194,-0.9858507347141804,-0.11810615385191037,0.5,0.09737598150968552,0.35139894485473633,0.03687230497598648,-0.5378105065208186,-0.4985683158772117,0.5,-0.4375830888748169,0.31596386432647705,0.05163098871707916,-0.037517443447535104,-0.19002601107400033,0.5,-0.3702872693538666,-0.39797937870025635,0.05835244804620743,0.17635955432581257,0.38112578228691557,0.5,0.22902408242225647,-0.5357990860939026,-0.0007797227008268237,0.7624617609916532,0.42557469851620683,0.5
1.507,TAKEOFF,-0.2289930135011673,0.028671979904174805,0.05584065243601799,-0.9852531639514814,-0.12053782342101896,0.5,0.0810699462890625,0.3225473165512085,0.05345816910266876,-0.5353131918106258,-0.4987514195309583,0.5,-0.4263952374458313,0.29561927914619446,0.062311943620443344,-0.036571588838729796,-0.18770750578637144,0.5,-0.3702872693538666,-0.39797937870025635,0.05835244804620743,0.17827229873934813,0.38274180101151317,0.5,0.22902408242225647,-0.5357990860939026,-0.0007797227008268237,0.764589756659815,0.4242549477268355,0.5
1.527,TAKEOFF,-0.2289930135011673,0.028671979904174805,0.05584065243601799,-0.9846395306906922,-0.12298180878449293,0.5,0.0810699462890625,0.3225473165512085,0.05345816910266876,-0.5327992004990663,-0.4989230526309864,0.5,-0.4263952374458313,0.29561927914619446,0.062311943620443344,-0.03563149002155325,-0.1853695955123094,0.5,-0.3702872693538666,-0.39797937870025635,0.05835244804620743,0.18020527702910888,0.38435834212355924,0.5,0.2292388677597046,-0.5356464982032776,-0.0012375412043184042,0.7667245017595793,0.42291611480422947,0.5
1.547,TAKEOFF,-0.2289930135011673,0.028671979904174805,0.05584065243601799,-0.9840203382640045,-0.1253966193595291,0.5,0.0810699462890625,0.3225473165512085,0.05345816910266876,-0.530311238183425,-0.499080383144627,0.5,-0.4263952374458313,0.29561927914619446,0.062311943620443344,-0.03471303717444568,-0.18305202054217057,0.5,-0.3702872693538666,-0.39797937870025635,0.05835244804620743,0.18212560426817365,0.3859480127402216,0.5,0.2292388677597046,-0.5356464982032776,-0.0012375412043184042,0.7688297821099511,0.421581010306105,0.5
1.567,TAKEOFF,-0.2289930135011673,0.028671979904174805,0.05584065243601799,-0.983390210624124,-0.12780416375363132,0.5,0.0810699462890625,0.3225473165512085,0.05345816910266876,-0.5278268072497957,-0.4992250682791107,0.5,-0.4263952374458313,0.29561927914619446,0.062311943620443344,-0.033807702054641675,-0.1807338964788461,0.5,-0.3702872693538666,-0.39797937870025635,0.05835244804620743,0.1840505073265551,0.3875253773359788,0.5,0.2292388677597046,-0.5356464982032776,-0.0012375412043184042,0.7709247727448835,0.42023775117560924,0.5
1.587,TAKEOFF,-0.2289930135011673,0.028671979904174805,0.05584065243601799,-0.9827451972939228,-0.13021933224238053,0.5,0.0810699462890625,0.3225473165512085,0.05345816910266876,-0.5253305254399895,-0.499357952255628,0.5,-0.4263952374458313,0.29561927914619446,0.062311943620443344,-0.03290992838088452,-0.17840085480414486,0.5,-0.3563159108161926,-0.3742154836654663,0.0639881044626236,0.18599193449177448,0.38910016036463146,0.5,0.2292388677597046,-0.5356464982032776,-0.0012375412043184042,0.7730224143934286,0.4188779789375218,0.5
1.607,TAKEOFF,-0.2529515326023102,0.021173827350139618,0.07358244061470032,-0.9820845436752486,-0.13264423375867987,0.5,0.06778422743082047,0.29691779613494873,0.057801973074674606,-0.5228201538559734,-0.49947896910479594,0.5,-0.4145468473434448,0.28313979506492615,0.06962301582098007,-0.0320190870362449,-0.17605074581384272,0.5,-0.3563159108161926,-0.3742154836654663,0.0639881044626236,0.18795173584621966,0.3906736244470729,0.5,0.22962768375873566,-0.5351756811141968,-0.0017195773543789983,0.7751244795863134,0.41750032423024563,0.5
1.627,TAKEOFF,-0.2529515326023102,0.021173827350139618,0.07358244061470032,-0.981415114724101,-0.13505364606400158,0.5,0.06778422743082047,0.29691779613494873,0.057801973074674606,-0.5203218016601242,-0.49958685368741096,0.5,-0.4145468473434448,0.28313979506492615,0.06962301582098007,-0.03114444941448974,-0.17370800984743917,0.5,-0.3563159108161926,-0.3742154836654663,0.0639881044626236,0.18990953226398477,0.3922293994835921,0.5,0.22962768375873566,-0.5351756811141968,-0.0017195773543789983,0.7772091019373002,0.4161191101152596,0.5
1.647,TAKEOFF,-0.2529515326023102,0.021173827350139618,0.07358244061470032,-0.9806894656976666,-0.1376140892761052,0.5,0.06778422743082047,0.29691779613494873,0.057801973074674606,-0.5176624375775295,-0.49968794091794916,0.5,-0.4145468473434448,0.28313979506492615,0.06962301582098007,-0.03022652104942003,-0.17121004197963677,0.5,-0.3563159108161926,-0.3742154836654663,0.0639881044626236,0.19200158541772877,0.3938743157592373,0.5,0.22962768375873566,-0.5351756811141968,-0.0017195773543789983,0.7794199902576551,0.41463775641445383,0.5
1.667,TAKEOFF,-0.2529515326023102,0.021173827350139618,0.07358244061470032,-0.9800432241071889,-0.13985171786136624,0.5,0.06778422743082047,0.29691779613494873,0.057801973074674606,-0.5153346266965392,-0.4997647939021693,0.5,-0.4145468473434448,0.28313979506492615,0.06962301582098007,-0.029434096396063814,-0.16901991115076065,0.5,-0.3563159108161926,-0.3742154836654663,0.0639881044626236,0.19383965092942157,0.39530474403551186,0.5,0.22962768375873566,-0.5351756811141968,-0.0017195773543789983,0.7813484018707864,0.4133316788787843,0.5
1.687,TAKEOFF,-0.2529515326023102,0.021173827350139618,0.07358244061470032,-0.9793402069181737,-0.1422426308518034,0.5,0.06778422743082047,0.29691779613494873,0.057801973074674606,-0.5128434890583458,-0.4998350175696058,0.5,-0.4145468473434448,0.28313979506492615,0.06962301582098007,-0.028597505854021377,-0.16667239877361392,0.5,-0.3413057327270508,-0.3486604690551758,0.06389441341161728,0.195813747177966,0.3968258101410361,0.5,0.22962768375873566,-0.5351756811141968,-0.0017195773543789983,0.7834050509914929,0.41192423705398695,0.5
1.707,TAKEOFF,-0.27716273069381714,0.009300075471401215,0.09639178216457367,-0.9786213072932357,-0.14464316162513166,0.5,0.042506102472543716,0.2742329239845276,0.06099152937531471,-0.5103382964224493,-0.4998931082012249,0.5,-0.4090166985988617,0.2754897475242615,0.0734892338514328,-0.02776811128160933,-0.1643077699850542,0.5,-0.3413057327270508,-0.3486604690551758,0.06389441341161728,0.1978063457780272,0.3983453217347616,0.5,0.2289239913225174,-0.5360148549079895,-0.002097309799864888,0.7854659392246783,0.41049871807664917,0.5
1.728,TAKEOFF,-0.27716273069381714,0.009300075471401215,0.09639178216457367,-0.9778912185154358,-0.14703735330123446,0.5,0.042506102472543716,0.2742329239845276,0.06099152937531471,-0.5078356749878894,-0.499938598427331,0.5,-0.4090166985988617,0.2754897475242615,0.0734892338514328,-0.026951494951877375,-0.1619416928148409,0.5,-0.3413057327270508,-0.3486604690551758,0.06389441341161728,0.19980427056504452,0.39985312807206475,0.5,0.2289239913225174,-0.5360148549079895,-0.002097309799864888,0.7875173409797529,0.4090645164713416,0.5
1.748,TAKEOFF,-0.27716273069381714,0.009300075471401215,0.09639178216457367,-0.977131978368271,-0.14948269203616743,0.5,0.042506102472543716,0.2742329239845276,0.06099152937531471,-0.5052754015411969,-0.4999721693640348,0.5,-0.4090166985988617,0.2754897475242615,0.0734892338514328,-0.026128399088492182,-0.15951710205982503,0.5,-0.3413057327270508,-0.3486604690551758,0.06389441341161728,0.20185584279216556,0.4013851785041771,0.5,0.2289239913225174,-0.5360148549079895,-0.002097309799864888,0.7896083782098742,0.4075867849558502,0.5
1.767,TAKEOFF,-0.27716273069381714,0.009300075471401215,0.09639178216457367,-0.9762831665740274,-0.15216551921581092,0.5,0.042506102472543716,0.2742329239845276,0.06099152937531471,-0.502461584000456,-0.49999394056749197,0.5,-0.4090166985988617,0.2754897475242615,0.0734892338514328,-0.025238176004417412,-0.15684773022389406,0.5,-0.3413057327270508,-0.3486604690551758,0.06389441341161728,0.20411947220937854,0.40305671223085127,0.5,0.2289239913225174,-0.5360148549079895,-0.002097309799864888,0.7918976012117207,0.40595047777634563,0.5
1.791,TAKEOFF,-0.27716273069381714,0.009300075471401215,0.09639178216457367,-0.9756319997558957,-0.1541888478723662,0.5,0.042506102472543716,0.2742329239845276,0.06099152937531471,-0.5003360624840566,-0.49999988706199405,0.5,-0.4090166985988617,0.2754897475242615,0.0734892338514328,-0.02457569828159506,-0.15482807670305498,0.5,-0.3274233341217041,-0.3256573975086212,0.07171187549829483,0.20583555997628405,0.4043108732467303,0.5,0.2289239913225174,-0.5360148549079895,-0.002097309799864888,0.7936206795021685,0.4047059383906849,0.5
1.807,TAKEOFF,-0.29754436016082764,-0.0013304023304954171,0.11411982774734497,-0.9748127947757531,-0.1566933627095882,0.5,0.029246965423226357,0.24695837497711182,0.0633682981133461,-0.4977009790672181,-0.49999471447481386,0.5,-0.4013083577156067,0.2575157880783081,0.0792369544506073,-0.023766332146940183,-0.15232036503114582,0.5,-0.3274233341217041,-0.3256573975086212,0.07171187549829483,0.20797042761256274,0.4058555517067748,0.5,0.2289239913225174,-0.5360148549079895,-0.002097309799864888,0.7957494663975258,0.40315289050877307,0.5
1.828,TAKEOFF,-0.29754436016082764,-0.0013304023304954171,0.11411982774734497,-0.9740120468262226,-0.1590992754968261,0.5,0.029246965423226357,0.24695837497711182,0.0633682981133461,-0.49516537530866184,-0.4999766258577434,0.5,-0.4013083577156067,0.2575157880783081,0.0792369544506073,-0.02299999079168097,-0.1499032728637489,0.5,-0.3274233341217041,-0.3256573975086212,0.07171187549829483,0.21003240636658416,0.40733130820309676,0.5,0.22606614232063293,-0.5338181257247925,-0.0009176165913231671,0.7977901807068504,0.40164786601522157,0.5
1.847,TAKEOFF,-0.29754436016082764,-0.0013304023304954171,0.11411982774734497,-0.973241129671747,-0.16137792038258744,0.5,0.029246965423226357,0.24695837497711182,0.0633682981133461,-0.4927600287397478,-0.4999475800683015,0.5,-0.4013083577156067,0.2575157880783081,0.0792369544506073,-0.022284322011844715,-0.14760667669288238,0.5,-0.3274233341217041,-0.3256573975086212,0.07171187549829483,0.21199544530487224,0.40872163690568325,0.5,0.22606614232063293,-0.5338181257247925,-0.0009176165913231671,0.7997190742717882,0.40021054023808805,0.5
1.867,TAKEOFF,-0.29754436016082764,-0.0013304023304954171,0.11411982774734497,-0.9724358822851877,-0.16372030151882896,0.5,0.029246965423226357,0.24695837497711182,0.0633682981133461,-0.4902834567693556,-0.4999055798724865,0.5,-0.4013083577156067,0.2575157880783081,0.0792369544506073,-0.021558963745116344,-0.14523833800809308,0.5,-0.3274233341217041,-0.3256573975086212,0.07171187549829483,0.2140237212124056,0.4101433505139393,0.5,0.22606614232063293,-0.5338181257247925,-0.0009176165913231671,0.8016979759879348,0.39872086888546926,0.5
1.887,TAKEOFF,-0.29754436016082764,-0.0013304023304954171,0.11411982774734497,-0.9715951723667717,-0.16612643799333926,0.5,0.029246965423226357,0.24695837497711182,0.0633682981133461,-0.48773529134404703,-0.49984955428767225,0.5,-0.4013083577156067,0.2575157880783081,0.0792369544506073,-0.020824820821734202,-0.14279757581792796,0.5,-0.3274233341217041,-0.3256573975086212,0.07171187549829483,0.2161181613584638,0.41159579892110265,0.5,0.22606614232063293,-0.5338181257247925,-0.0009176165913231671,0.8037265541089831,0.39717776917783676,0.5
1.907,TAKEOFF,-0.31305137276649475,-0.005627006758004427,0.11033747345209122,-0.9707966377131776,-0.1683761441474625,0.5,0.018411969766020775,0.21510952711105347,0.07524474710226059,-0.4853489328678609,-0.49978530013585787,0.5,-0.39253684878349304,0.24880895018577576,0.08587642014026642,-0.020148504827704028,-0.14050815841406517,0.5,-0.3141062259674072,-0.29928576946258545,0.08359353244304657,0.21808653356320407,0.4129464825393111,0.5,0.22871163487434387,-0.535857617855072,-0.0021548084914684296,0.8056193910280534,0.3957231201580744,0.5
1.927,TAKEOFF,-0.31305137276649475,-0.005627006758004427,0.11033747345209122,-0.9699493546473856,-0.17072669406541507,0.5,0.018411969766020775,0.21510952711105347,0.07524474710226059,-0.4828516021851392,-0.4997058459257639,0.5,-0.39253684878349304,0.24880895018577576,0.08587642014026642,-0.019452352650426052,-0.13810850309372522,0.5,-0.3141062259674072,-0.29928576946258545,0.08359353244304657,0.2201536185390257,0.4143500968784717,0.5,0.22871163487434387,-0.535857617855072,-0.0021548084914684296,0.8075930719780233,0.39419094620643247,0.5
1.947,TAKEOFF,-0.31305137276649475,-0.005627006758004427,0.11033747345209122,-0.9690875403715017,-0.1730805577418063,0.5,0.018411969766020775,0.21510952711105347,0.07524474710226059,-0.4803466295399938,-0.49961359572129516,0.5,-0.39253684878349304,0.24880895018577576,0.08587642014026642,-0.018766008690721314,-0.13569762565550317,0.5,-0.3141062259674072,-0.29928576946258545,0.08359353244304657,0.22223440728910038,0.41574785087353444,0.5,0.22871163487434387,-0.535857617855072,-0.0021548084914684296,0.8095654141086827,0.39264392824507016,0.5
1.967,TAKEOFF,-0.31305137276649475,-0.005627006758004427,0.11033747345209122,-0.9682183800804469,-0.17541821044247996,0.5,0.018411969766020775,0.21510952711105347,0.07524474710226059,-0.47785480440541134,-0.4995093495742371,0.5,-0.39253684878349304,0.24880895018577576,0.08587642014026642,-0.018095136354582875,-0.13329554529275142,0.5,-0.3141062259674072,-0.29928576946258545,0.08359353244304657,0.22431161051783727,0.41712817203436564,0.5,0.22871163487434387,-0.535857617855072,-0.0021548084914684296,0.8115200686417214,0.3910949332751028,0.5
1.987,TAKEOFF,-0.31305137276649475,-0.005627006758004427,0.11033747345209122,-0.9673329932891915,-0.17776353220884322,0.5,0.018411969766020775,0.21510952711105347,0.07524474710226059,-0.4753506712916097,-0.4993920409800558,0.5,-0.39253684878349304,0.24880895018577576,0.08587642014026642,-0.017432883769154695,-0.13087772282801166,0.5,-0.2956900894641876,-0.2759923040866852,0.09423516690731049,0.2264064490247068,0.4185051599021566,0.5,0.22871163487434387,-0.535857617855072,-0.0021548084914684296,0.8134770026253371,0.38952813611475406,0.5
2.007,TAKEOFF,-0.33265650272369385,-0.007598698604851961,0.10163087397813797,-0.9664379842948965,-0.18009888063759305,0.5,0.010604753158986568,0.18776947259902954,0.08894719183444977,-0.4728530499612719,-0.4992624991961591,0.5,-0.3824341893196106,0.23576173186302185,0.09376061707735062,-0.01678427789027437,-0.1284623131738504,0.5,-0.2956900894641876,-0.2759923040866852,0.09423516690731049,0.22850320987659356,0.4198684233812862,0.5,0.22871163487434387,-0.535857617855072,-0.0021548084914684296,0.8154214779769637,0.3879552696263164,0.5
2.027,TAKEOFF,-0.33265650272369385,-0.007598698604851961,0.10163087397813797,-0.9655271731113837,-0.18244026719703035,0.5,0.010604753158986568,0.18776947259902954,0.08894719183444977,-0.47034480288238095,-0.49911979452223204,0.5,-0.3824341893196106,0.23576173186302185,0.09376061707735062,-0.01614490712684985,-0.12603273027557269,0.5,-0.2956900894641876,-0.2759923040866852,0.09423516690731049,0.23061630409227518,0.42122728351698024,0.5,0.2289455384016037,-0.5361877679824829,-0.00353019661270082,0.8173668127871102,0.38636550847785484,0.5
2.047,TAKEOFF,-0.33265650272369385,-0.007598698604851961,0.10163087397813797,-0.964615764815763,-0.18474899481367565,0.5,0.010604753158986568,0.18776947259902954,0.08894719183444977,-0.46786743178605883,-0.4989664297926028,0.5,-0.3824341893196106,0.23576173186302185,0.09376061707735062,-0.015525215882196797,-0.12362921804334105,0.5,-0.2956900894641876,-0.2759923040866852,0.09423516690731049,0.23271068493687103,0.42255937103924623,0.5,0.2289455384016037,-0.5361877679824829,-0.00353019661270082,0.8192809025791102,0.38478527161037324,0.5
2.067,TAKEOFF,-0.33265650272369385,-0.007598698604851961,0.10163087397813797,-0.9636338930622437,-0.18719939424033405,0.5,0.010604753158986568,0.18776947259902954,0.08894719183444977,-0.4652335483856752,-0.4987898293290961,0.5,-0.3824341893196106,0.23576173186302185,0.09376061707735062,-0.014879258171874965,-0.12106967352780655,0.5,-0.2956900894641876,-0.2759923040866852,0.09423516690731049,0.23494534451698068,0.42396465608205824,0.5,0.2289455384016037,-0.5361877679824829,-0.00353019661270082,0.8213079558632255,0.3830942410151784,0.5
2.087,TAKEOFF,-0.33265650272369385,-0.007598698604851961,0.10163087397813797,-0.9627456751467267,-0.18938437140640735,0.5,0.010604753158986568,0.18776947259902954,0.08894719183444977,-0.4628810371833221,-0.4986202789692915,0.5,-0.3824341893196106,0.23576173186302185,0.09376061707735062,-0.014313544205422746,-0.11877990847656925,0.5,-0.2775792181491852,-0.2491820752620697,0.10503173619508743,0.23694822526015585,0.42521025835016996,0.5,0.2289455384016037,-0.5361877679824829,-0.00353019661270082,0.8231115182043724,0.3815743005020981,0.5
2.107,TAKEOFF,-0.34455251693725586,-0.010595416650176048,0.0992283970117569,-0.9617868721463221,-0.19171041889609552,0.5,0.003176514059305191,0.15681639313697815,0.09535034000873566,-0.4603725481396594,-0.49842719133195007,0.5,-0.3830151855945587,0.23144809901714325,0.10575734823942184,-0.01372201571643722,-0.11633452626419666,0.5,-0.2775792181491852,-0.2491820752620697,0.10503173619508743,0.23909112959231155,0.4265285000355592,0.5,0.2289455384016037,-0.5361877679824829,-0.00353019661270082,0.8250274344052697,0.37994363645668305,0.5
2.127,TAKEOFF,-0.34455251693725586,-0.010595416650176048,0.0992283970117569,-0.9608225295184469,-0.19401699999799013,0.5,0.003176514059305191,0.15681639313697815,0.09535034000873566,-0.45788086089192565,-0.4982228197511578,0.5,-0.3830151855945587,0.23144809901714325,0.10575734823942184,-0.013146410935878206,-0.11390163657903786,0.5,-0.2775792181491852,-0.2491820752620697,0.10503173619508743,0.2412270735215729,0.4278277369710741,0.5,0.22914357483386993,-0.5362961292266846,-0.0038385146763175726,0.8269231251321763,0.37831371935711167,0.5
2.147,TAKEOFF,-0.34455251693725586,-0.010595416650176048,0.0992283970117569,-0.9598525514759104,-0.1963049436491478,0.5,0.003176514059305191,0.15681639313697815,0.09535034000873566,-0.45540515747426175,-0.4980073292835203,0.5,-0.3830151855945587,0.23144809901714325,0.10575734823942184,-0.012586320120234029,-0.11148051249462859,0.5,-0.2775792181491852,-0.2491820752620697,0.10503173619508743,0.24335662177838213,0.4291085834785825,0.5,0.22914357483386993,-0.5362961292266846,-0.0038385146763175726,0.8287993491512116,0.3766842019487142,0.5
2.167,TAKEOFF,-0.34455251693725586,-0.010595416650176048,0.0992283970117569,-0.958856180063616,-0.19862277315913815,0.5,0.003176514059305191,0.15681639313697815,0.09535034000873566,-0.4528928749160158,-0.49777597246785815,0.5,-0.3830151855945587,0.23144809901714325,0.10575734823942184,-0.012030015522189075,-0.10901969660903009,0.5,-0.2775792181491852,-0.2491820752620697,0.10503173619508743,0.24552508918693838,0.4303980945202759,0.5,0.22914357483386993,-0.5362961292266846,-0.0038385146763175726,0.8306958403112407,0.3750203477157505,0.5
2.187,TAKEOFF,-0.34455251693725586,-0.010595416650176048,0.0992283970117569,-0.9578657180136612,-0.20089545606567252,0.5,0.003176514059305191,0.15681639313697815,0.09535034000873566,-0.45042535542256423,-0.49753628472205014,0.5,-0.3830151855945587,0.23144809901714325,0.10575734823942184,-0.0114954666572879,-0.10659887852889953,0.5,-0.2775792181491852,-0.2491820752620697,0.10503173619508743,0.24766223931323333,0.4316545546285688,0.5,0.22914357483386993,-0.5362961292266846,-0.0038385146763175726,0.8325512205932533,0.37337606468805334,0.5
2.207,TAKEOFF,-0.36878883838653564,-0.016519790515303612,0.11658328026533127,-0.9568558495637314,-0.20318152652099375,0.5,-0.011097666807472706,0.1353156417608261,0.09997296333312988,-0.44793910670620973,-0.49728227737317626,0.5,-0.3718232214450836,0.22278785705566406,0.11348411440849304,-0.010968748896024838,-0.104155822898582,0.5,-0.258563369512558,-0.22199393808841705,0.11342769116163254,0.249822958550649,0.43291043869563794,0.5,0.22924958169460297,-0.5364699363708496,-0.005082924850285053,0.834413336283385,0.371709188097114,0.5
2.227,TAKEOFF,-0.36878883838653564,-0.016519790515303612,0.11658328026533127,-0.9558321790119184,-0.205467818836056,0.5,-0.011097666807472706,0.1353156417608261,0.09997296333312988,-0.4454483819046629,-0.4970152120037982,0.5,-0.3718232214450836,0.22278785705566406,0.11348411440849304,-0.01045306686385944,-0.10170447510802608,0.5,-0.258563369512558,-0.22199393808841705,0.11342769116163254,0.25199497432893003,0.43415838957907044,0.5,0.22924958169460297,-0.5364699363708496,-0.005082924850285053,0.8362713978906291,0.3700291163688098,0.5
2.247,TAKEOFF,-0.36878883838653564,-0.016519790515303612,0.11658328026533127,-0.9547922623614834,-0.20775947173624512,0.5,-0.011097666807472706,0.1353156417608261,0.09997296333312988,-0.44294753856313346,-0.4967343521883652,0.5,-0.3718232214450836,0.22278785705566406,0.11348411440849304,-0.009947377328690388,-0.09923924129582534,0.5,-0.258563369512558,-0.22199393808841705,0.11342769116163254,0.25418328434996984,0.435401128049793,0.5,0.22924958169460297,-0.5364699363708496,-0.005082924850285053,0.8381295373967228,0.36833193717064266,0.5
2.267,TAKEOFF,-0.36878883838653564,-0.016519790515303612,0.11658328026533127,-0.9537465210328852,-0.21003355601082777,0.5,-0.011097666807472706,0.1353156417608261,0.09997296333312988,-0.44046160405293017,-0.4964425237709295,0.5,-0.3718232214450836,0.22278785705566406,0.11348411440849304,-0.009456726636176749,-0.09678479714038433,0.5,-0.258563369512558,-0.22199393808841705,0.11342769116163254,0.256365980055596,0.4366262295439084,0.5,0.22924958169460297,-0.5364699363708496,-0.005082924850285053,0.8399691682224119,0.36663464737823326,0.5
2.287,TAKEOFF,-0.36878883838653564,-0.016519790515303612,0.11658328026533127,-0.9527013409571993,-0.21227693208531537,0.5,-0.011097666807472706,0.1353156417608261,0.09997296333312988,-0.43800504821321906,-0.4961417397810375,0.5,-0.3718232214450836,0.22278785705566406,0.11348411440849304,-0.008983671707659069,-0.09435552633687165,0.5,-0.24017426371574402,-0.19339516758918762,0.11760049313306808,0.2585301718709375,0.4378268174784649,0.5,0.22924958169460297,-0.5364699363708496,-0.005082924850285053,0.8417797672509848,0.3649473807247596,0.5
2.307,TAKEOFF,-0.3923107087612152,-0.02246442250907421,0.13679154217243195,-0.9516331009600447,-0.21454030417899125,0.5,-0.027515284717082977,0.1121566966176033,0.10918228328227997,-0.4355223491215362,-0.4958252036123163,0.5,-0.3616999387741089,0.21580876410007477,0.12407994270324707,-0.0085175192823152,-0.09189652413225742,0.5,-0.24017426371574402,-0.19339516758918762,0.11760049313306808,0.2607247729198197,0.4390300282506063,0.5,0.22924958169460297,-0.5364699363708496,-0.005082924850285053,0.843602257716284,0.3632320036729587,0.5
2.327,TAKEOFF,-0.3923107087612152,-0.02246442250907421,0.13679154217243195,-0.9505542297357057,-0.21679687743891735,0.5,-0.027515284717082977,0.1121566966176033,0.10918228328227997,-0.4330428308751233,-0.4954964555905346,0.5,-0.3616999387741089,0.21580876410007477,0.12407994270324707,-0.008063963954645426,-0.08943677342113596,0.5,-0.24017426371574402,-0.19339516758918762,0.11760049313306808,0.26292397855795413,0.44022148977214937,0.5,0.2290738970041275,-0.5361599326133728,-0.003313702065497637,0.8454149968765714,0.36150861667843853,0.5
2.347,TAKEOFF,-0.3923107087612152,-0.02246442250907421,0.13679154217243195,-0.9494587435353629,-0.21905898260425868,0.5,-0.027515284717082977,0.1121566966176033,0.10918228328227997,-0.4305529171640713,-0.495153615240341,0.5,-0.3616999387741089,0.21580876410007477,0.12407994270324707,-0.007620598852503768,-0.08696278126666004,0.5,-0.24017426371574402,-0.19339516758918762,0.11760049313306808,0.26513987756645696,0.4414076606613225,0.5,0.2290738970041275,-0.5361599326133728,-0.003313702065497637,0.847227862881605,0.35976771844993727,0.5
2.367,TAKEOFF,-0.3923107087612152,-0.02246442250907421,0.13679154217243195,-0.9483574007241683,-0.2213044084871957,0.5,-0.027515284717082977,0.1121566966176033,0.10918228328227997,-0.4280770566009544,-0.4948000507405165,0.5,-0.3616999387741089,0.21580876410007477,0.12407994270324707,-0.007191775684286639,-0.08449884050561611,0.5,-0.24017426371574402,-0.19339516758918762,0.11760049313306808,0.2673507108364523,0.44257689529808936,0.5,0.2290738970041275,-0.5361599326133728,-0.003313702065497637,0.8490230561541383,0.3580264044352389,0.5
2.387,TAKEOFF,-0.3923107087612152,-0.02246442250907421,0.13679154217243195,-0.9472550727792595,-0.22352382394997466,0.5,-0.027515284717082977,0.1121566966176033,0.10918228328227997,-0.42562562899436107,-0.494437511660994,0.5,-0.3616999387741089,0.21580876410007477,0.12407994270324707,-0.006779038047360908,-0.08205536356944215,0.5,-0.21953879296779633,-0.1683582067489624,0.12326674163341522,0.26954705255498923,0.44372450801584884,0.5,0.2290738970041275,-0.5361599326133728,-0.003313702065497637,0.8507932076240292,0.35629219116456196,0.5
2.407,TAKEOFF,-0.40609806776046753,-0.03276854008436203,0.15147244930267334,-0.9461212647514512,-0.22577824770461308,0.5,-0.03761323541402817,0.09080206602811813,0.11129641532897949,-0.42313117864307004,-0.49405585140062497,0.5,-0.34558218717575073,0.2099369913339615,0.1354387402534485,-0.006371190974822305,-0.07956506080174053,0.5,-0.21953879296779633,-0.1683582067489624,0.12326674163341522,0.2717894395532392,0.4448819395081973,0.5,0.2290738970041275,-0.5361599326133728,-0.003313702065497637,0.852586926077417,0.3545172203987812,0.5
2.427,TAKEOFF,-0.40609806776046753,-0.03276854008436203,0.15147244930267334,-0.9449954186800493,-0.22798920446759668,0.5,-0.03761323541402817,0.09080206602811813,0.11129641532897949,-0.42068052823727425,-0.4936683313716631,0.5,-0.34558218717575073,0.2099369913339615,0.1354387402534485,-0.005982451800898625,-0.07711460348953715,0.5,-0.21953879296779633,-0.1683582067489624,0.12326674163341522,0.27399983593679167,0.44600888538615785,0.5,0.22710604965686798,-0.5345654487609863,-0.001948455348610878,0.8543417653449861,0.352763253942639,0.5
2.447,TAKEOFF,-0.40609806776046753,-0.03276854008436203,0.15147244930267334,-0.9438508217004562,-0.23020957424883498,0.5,-0.03761323541402817,0.09080206602811813,0.11129641532897949,-0.4182151311698382,-0.4932658869518885,0.5,-0.34558218717575073,0.2099369913339615,0.1354387402534485,-0.005603349597051943,-0.07464550937829541,0.5,-0.21953879296779633,-0.1683582067489624,0.12326674163341522,0.2762309349570405,0.4471324250485529,0.5,0.22710604965686798,-0.5345654487609863,-0.001948455348610878,0.856099762575613,0.350988545530466,0.5
2.467,TAKEOFF,-0.40609806776046753,-0.03276854008436203,0.15147244930267334,-0.9426947441943683,-0.2324249630798783,0.5,-0.03761323541402817,0.09080206602811813,0.11129641532897949,-0.4157509235897512,-0.4928509847043222,0.5,-0.34558218717575073,0.2099369913339615,0.1354387402534485,-0.005236463063310937,-0.07217369685624742,0.5,-0.21953879296779633,-0.1683582067489624,0.12326674163341522,0.2784683941892609,0.44824518695342985,0.5,0.22710604965686798,-0.5345654487609863,-0.001948455348610878,0.8578494749633085,0.3492044576870181,0.5
2.487,TAKEOFF,-0.40609806776046753,-0.03276854008436203,0.15147244930267334,-0.9415203505381793,-0.2346482048954205,0.5,-0.03761323541402817,0.09080206602811813,0.11129641532897949,-0.4132735873759314,-0.49242108946851554,0.5,-0.34558218717575073,0.2099369913339615,0.1354387402534485,-0.004879778737798268,-0.06968476517337507,0.5,-0.19867953658103943,-0.14719446003437042,0.13338328897953033,0.2807252873666595,0.4493535360933148,0.5,0.22710604965686798,-0.5345654487609863,-0.001948455348610878,0.8596009959814312,0.3474005234439963,0.5
2.508,TAKEOFF,-0.42770397663116455,-0.03772914782166481,0.1605614572763443,-0.940347328127255,-0.2368422061440648,0.5,-0.04854273796081543,0.07444027066230774,0.12624266743659973,-0.4108244843318902,-0.4919834625323566,0.5,-0.3251134157180786,0.1984298974275589,0.1478099375963211,-0.004539172225554444,-0.06722029560379203,0.5,-0.19867953658103943,-0.14719446003437042,0.13338328897953033,0.28296388400934447,0.45043903511539796,0.5,0.229195237159729,-0.5358533263206482,-0.0015979134477674961,0.8613251313059559,0.34560692916481545,0.5
2.527,TAKEOFF,-0.42770397663116455,-0.03772914782166481,0.1605614572763443,-0.939026443134786,-0.23928180505090338,0.5,-0.04854273796081543,0.07444027066230774,0.12624266743659973,-0.4080961119841071,-0.4914811037746642,0.5,-0.3251134157180786,0.1984298974275589,0.1478099375963211,-0.0041738303731280735,-0.06447022191015336,0.5,-0.19867953658103943,-0.14719446003437042,0.13338328897953033,0.28546646267481524,0.4516363153719412,0.5,0.229195237159729,-0.5358533263206482,-0.0015979134477674961,0.8632371518331635,0.3435968153637797,0.5
2.547,TAKEOFF,-0.42770397663116455,-0.03772914782166481,0.1605614572763443,-0.9379578652661031,-0.24123206306699332,0.5,-0.04854273796081543,0.07444027066230774,0.12624266743659973,-0.405911097668212,-0.4910674886998723,0.5,-0.3251134157180786,0.1984298974275589,0.1478099375963211,-0.0038919951286826016,-0.06226433571958275,0.5,-0.19867953658103943,-0.14719446003437042,0.13338328897953033,0.28747729323041543,0.4525860129382361,0.5,0.229195237159729,-0.5358533263206482,-0.0015979134477674961,0.8647617487065867,0.3419778745482123,0.5
2.567,TAKEOFF,-0.42770397663116455,-0.03772914782166481,0.1605614572763443,-0.9367458594434974,-0.2434195026265578,0.5,-0.04854273796081543,0.07444027066230774,0.12624266743659973,-0.40345618862461985,-0.490590758662569,0.5,-0.3251134157180786,0.1984298974275589,0.1478099375963211,-0.003586783723058873,-0.059782260793506806,0.5,-0.19867953658103943,-0.14719446003437042,0.13338328897953033,0.289743571251578,0.45364328956787153,0.5,0.229195237159729,-0.5358533263206482,-0.0015979134477674961,0.8664675969572457,0.34014923251476203,0.5
2.587,TAKEOFF,-0.42770397663116455,-0.03772914782166481,0.1605614572763443,-0.9355232649441003,-0.24560025588836623,0.5,-0.04854273796081543,0.07444027066230774,0.12624266743659973,-0.40100436654700194,-0.4901018920155682,0.5,-0.3251134157180786,0.1984298974275589,0.1478099375963211,-0.0032940688441207566,-0.057299371327885644,0.5,-0.1852300763130188,-0.13253459334373474,0.14603795111179352,0.2920144855849993,0.45468893300093366,0.5,0.229195237159729,-0.5358533263206482,-0.0015979134477674961,0.8681638140797776,0.3383125862308864,0.5
2.607,TAKEOFF,-0.4519031345844269,-0.047685761004686356,0.16421914100646973,-0.9342896191737875,-0.24777515347162368,0.5,-0.054189134389162064,0.05861435458064079,0.14339342713356018,-0.3985546985201049,-0.4896007054811637,0.5,-0.3093777894973755,0.18976010382175446,0.16309286653995514,-0.00301373651265735,-0.05481472343166245,0.5,-0.1852300763130188,-0.13253459334373474,0.14603795111179352,0.2942908987029065,0.455723343316471,0.5,0.22783005237579346,-0.5358871221542358,0.00044414529111236334,0.8698510470905437,0.3364672390679788,0.5
2.627,TAKEOFF,-0.4519031345844269,-0.047685761004686356,0.16421914100646973,-0.9330425501351637,-0.2499482941978885,0.5,-0.054189134389162064,0.05861435458064079,0.14339342713356018,-0.3961025533454708,-0.4890862097612948,0.5,-0.3093777894973755,0.18976010382175446,0.16309286653995514,-0.0027452964880081976,-0.05232360686345232,0.5,-0.1852300763130188,-0.13253459334373474,0.14603795111179352,0.2965771388183665,0.456748442305694,0.5,0.22783005237579346,-0.5358871221542358,0.00044414529111236334,0.8715324612129907,0.3346096685169416,0.5
2.647,TAKEOFF,-0.4519031345844269,-0.047685761004686356,0.16421914100646973,-0.9317889648473947,-0.2521076949163102,0.5,-0.054189134389162064,0.05861435458064079,0.14339342713356018,-0.39366146206310443,-0.48856127082428813,0.5,-0.3093777894973755,0.18976010382175446,0.16309286653995514,-0.002490204393633677,-0.049839776039942295,0.5,-0.1852300763130188,-0.13253459334373474,0.14603795111179352,0.29886057451614806,0.4577585952399212,0.5,0.22783005237579346,-0.5358871221542358,0.00044414529111236334,0.873198794179719,0.33275014654061946,0.5
2.667,TAKEOFF,-0.4519031345844269,-0.047685761004686356,0.16421914100646973,-0.9305131387599446,-0.2542802339055491,0.5,-0.054189134389162064,0.05861435458064079,0.14339342713356018,-0.3912010027575944,-0.48801923957877624,0.5,-0.3093777894973755,0.18976010382175446,0.16309286653995514,-0.0022453830023427823,-0.047332243318012585,0.5,-0.1852300763130188,-0.13253459334373474,0.14603795111179352,0.3011697258806672,0.45876630444446437,0.5,0.22783005237579346,-0.5358871221542358,0.00044414529111236334,0.874870749599451,0.3308654123578736,0.5
2.687,TAKEOFF,-0.4519031345844269,-0.047685761004686356,0.16421914100646973,-0.9292395723971402,-0.256424237326194,0.5,-0.054189134389162064,0.05861435458064079,0.14339342713356018,-0.38876838068386016,-0.4874705394834742,0.5,-0.3093777894973755,0.18976010382175446,0.16309286653995514,-0.0020155062417960834,-0.044849124588840675,0.5,-0.16110862791538239,-0.12085442990064621,0.16359847784042358,0.3034602763031599,0.45975225612189197,0.5,0.22783005237579346,-0.5358871221542358,0.00044414529111236334,0.8765162643740436,0.3289916452766169,0.5
2.707,TAKEOFF,-0.4680068790912628,-0.05465288832783699,0.17018742859363556,-0.9279511367671711,-0.2585688003988222,0.5,-0.06078144535422325,0.0455719456076622,0.15253271162509918,-0.38633063149321256,-0.4869078708167164,0.5,-0.30064448714256287,0.1907714158296585,0.17091937363147736,-0.0017973300158972694,-0.042356813155751585,0.5,-0.16110862791538239,-0.12085442990064621,0.16359847784042358,0.3057631851706649,0.46072992063133317,0.5,0.22864188253879547,-0.5360358357429504,-0.0007814144482836127,0.878157716553054,0.32710356373995697,0.5
2.727,TAKEOFF,-0.4680068790912628,-0.05465288832783699,0.17018742859363556,-0.926660843759278,-0.2606923942170561,0.5,-0.06078144535422325,0.0455719456076622,0.15253271162509918,-0.383912251287255,-0.4863369558226133,0.5,-0.30064448714256287,0.1907714158296585,0.17091937363147736,-0.0015929818587887001,-0.0398803744664751,0.5,-0.16110862791538239,-0.12085442990064621,0.16359847784042358,0.308055271269991,0.46168952891825826,0.5,0.22864188253879547,-0.5360358357429504,-0.0007814144482836127,0.8797786518246873,0.32522019558788623,0.5
2.747,TAKEOFF,-0.4680068790912628,-0.05465288832783699,0.17018742859363556,-0.9253548436470138,-0.2628179160293766,0.5,-0.06078144535422325,0.0455719456076622,0.15253271162509918,-0.3814871836877748,-0.48575169826748393,0.5,-0.30064448714256287,0.1907714158296585,0.17091937363147736,-0.0014002077695580706,-0.03739314359291194,0.5,-0.16110862791538239,-0.12085442990064621,0.16359847784042358,0.31036119793017625,0.46264146458085903,0.5,0.22864188253879547,-0.5360358357429504,-0.0007814144482836127,0.881396566965477,0.32332129330891346,0.5
2.767,TAKEOFF,-0.4680068790912628,-0.05465288832783699,0.17018742859363556,-0.9240344805823022,-0.26494293588864987,0.5,-0.06078144535422325,0.0455719456076622,0.15253271162509918,-0.3790581550776155,-0.4851526256208142,0.5,-0.30064448714256287,0.1907714158296585,0.17091937363147736,-0.001219348593545333,-0.034897876476266416,0.5,-0.16110862791538239,-0.12085442990064621,0.16359847784042358,0.31267844942238243,0.4635845518232861,0.5,0.22864188253879547,-0.5360358357429504,-0.0007814144482836127,0.8830095663241545,0.32140888616244434,0.5
2.787,TAKEOFF,-0.4680068790912628,-0.05465288832783699,0.17018742859363556,-0.9226944754735444,-0.2670756080291594,0.5,-0.06078144535422325,0.0455719456076622,0.15253271162509918,-0.37661577899010734,-0.48453723696510875,0.5,-0.30064448714256287,0.1907714158296585,0.17091937363147736,-0.0010498822669131047,-0.032384873230239815,0.5,-0.14175119996070862,-0.10564544051885605,0.176161989569664,0.31501608956008326,0.464522284587464,0.5,0.22864188253879547,-0.5360358357429504,-0.0007814144482836127,0.8846237737093519,0.319475433637044,0.5
2.807,TAKEOFF,-0.4821414053440094,-0.06901631504297256,0.18716150522232056,-0.9213526974770492,-0.2691874891758795,0.5,-0.06836358457803726,0.03484940901398659,0.15240955352783203,-0.374192628460283,-0.48391373742255717,0.5,-0.2893137037754059,0.18525642156600952,0.18466618657112122,-0.0008940708761194238,-0.02988764817425282,0.5,-0.14175119996070862,-0.10564544051885605,0.176161989569664,0.3173429433545628,0.46544215500707015,0.5,0.2287440150976181,-0.5356966853141785,-0.0029107260052114725,0.8862176598319855,0.31754671976561927,0.5
2.827,TAKEOFF,-0.4821414053440094,-0.06901631504297256,0.18716150522232056,-0.9200110401912464,-0.2712761067942904,0.5,-0.06836358457803726,0.03484940901398659,0.15240955352783203,-0.37179164016230437,-0.48328316385709935,0.5,-0.2893137037754059,0.18525642156600952,0.18466618657112122,-0.000751835787180799,-0.02740931465998181,0.5,-0.14175119996070862,-0.10564544051885605,0.176161989569664,0.3196560255331844,0.46634327578888984,0.5,0.2287440150976181,-0.5356966853141785,-0.0029107260052114725,0.8877894583260839,0.3156253095224817,0.5
2.847,TAKEOFF,-0.4821414053440094,-0.06901631504297256,0.18716150522232056,-0.9186495468395742,-0.273372560676852,0.5,-0.06836358457803726,0.03484940901398659,0.15240955352783203,-0.3693770694527867,-0.48263614661073395,0.5,-0.2893137037754059,0.18525642156600952,0.18466618657112122,-0.0006210423721310088,-0.02491298212785901,0.5,-0.14175119996070862,-0.10564544051885605,0.176161989569664,0.32198976146669667,0.4672390768945984,0.5,0.2287440150976181,-0.5356966853141785,-0.0029107260052114725,0.8893625798688113,0.31368261252084656,0.5
2.867,TAKEOFF,-0.4821414053440094,-0.06901631504297256,0.18716150522232056,-0.917278377389085,-0.27546098773425676,0.5,-0.06836358457803726,0.03484940901398659,0.15240955352783203,-0.3669671426286658,-0.48197744642215185,0.5,-0.2893137037754059,0.18525642156600952,0.18466618657112122,-0.0005027951349134696,-0.02241745596551452,0.5,-0.14175119996070862,-0.10564544051885605,0.176161989569664,0.3243266074791413,0.4681226966941598,0.5,0.2287440150976181,-0.5356966853141785,-0.0029107260052114725,0.8909250773681943,0.31173319342776334,0.5
2.887,TAKEOFF,-0.4821414053440094,-0.06901631504297256,0.18716150522232056,-0.9158944904773803,-0.2775459832001903,0.5,-0.06836358457803726,0.03484940901398659,0.15240955352783203,-0.364556549530334,-0.4813055907891276,0.5,-0.2893137037754059,0.18525642156600952,0.18466618657112122,-0.0003968535788033134,-0.019917230882838883,0.5,-0.12160360813140869,-0.08480952680110931,0.18517644703388214,0.326671725094976,0.46899606514175407,0.5,0.2287440150976181,-0.5356966853141785,-0.0029107260052114725,0.8924803813185064,0.3097727397304027,0.5
2.907,TAKEOFF,-0.5027278065681458,-0.07463908940553665,0.20220616459846497,-0.9144999356562334,-0.27962439689872975,0.5,-0.0852615162730217,0.022597841918468475,0.15290191769599915,-0.36214891949945915,-0.4806215554933355,0.5,-0.2828578054904938,0.18580061197280884,0.19776195287704468,-0.00030341120853444314,-0.017416060121995383,0.5,-0.12160360813140869,-0.08480952680110931,0.18517644703388214,0.3290216045650354,0.46985783838783074,0.5,0.2287440150976181,-0.5356966853141785,-0.0029107260052114725,0.8940261290707375,0.3078041741262299,0.5
2.927,TAKEOFF,-0.5027278065681458,-0.07463908940553665,0.20220616459846497,-0.9130987383699032,-0.28169031285650253,0.5,-0.0852615162730217,0.022597841918468475,0.15290191769599915,-0.35975112289175304,-0.4799273408234582,0.5,-0.2828578054904938,0.18580061197280884,0.19776195287704468,-0.00022268869319314044,-0.014921095902749633,0.5,-0.12160360813140869,-0.08480952680110931,0.18517644703388214,0.3313695119146031,0.47070559640616216,0.5,0.22877468168735504,-0.5360189080238342,-0.0020847879350185394,0.8955579381305474,0.30583315317654824,0.5
2.947,TAKEOFF,-0.5027278065681458,-0.07463908940553665,0.20220616459846497,-0.9116844876104351,-0.2837532073139147,0.5,-0.0852615162730217,0.022597841918468475,0.15290191769599915,-0.3573521661566188,-0.47921977786793307,0.5,-0.2828578054904938,0.18580061197280884,0.19776195287704468,-0.00015430265280769184,-0.012420903489642584,0.5,-0.12160360813140869,-0.08480952680110931,0.18517644703388214,0.3337262037524232,0.47154323734035175,0.5,0.22877468168735504,-0.5360189080238342,-0.0020847879350185394,0.8970828398277151,0.3038506513311386,0.5
2.967,TAKEOFF,-0.5027278065681458,-0.07463908940553665,0.20220616459846497,-0.9102630188628189,-0.2858045754594673,0.5,-0.0852615162730217,0.022597841918468475,0.15290191769599915,-0.35496194111448437,-0.4785017883714978,0.5,-0.2828578054904938,0.18580061197280884,0.19776195287704468,-9.853108362378737e-05,-0.009925793431727612,0.5,-0.12160360813140869,-0.08480952680110931,0.18517644703388214,0.336081960069196,0.47236731066537974,0.5,0.22877468168735504,-0.5360189080238342,-0.0020847879350185394,0.8985945488698769,0.30186484659731305,0.5
2.987,TAKEOFF,-0.5027278065681458,-0.07463908940553665,0.20220616459846497,-0.9088262842612373,-0.287855987078869,0.5,-0.0852615162730217,0.022597841918468475,0.15290191769599915,-0.3525669573179535,-0.4777692936193303,0.5,-0.2828578054904938,0.18580061197280884,0.19776195287704468,-5.508429644401902e-05,-0.007421675158905431,0.5,-0.1034972071647644,-0.057186976075172424,0.190886452794075,0.3384500922745478,0.47318244611766597,0.5,0.22877468168735504,-0.5360189080238342,-0.0020847879350185394,0.9001015818498173,0.2998645097394388,0.5
3.007,TAKEOFF,-0.5229055285453796,-0.07887890189886093,0.2122175693511963,-0.9073789984648517,-0.28990058918493816,0.5,-0.1172884926199913,0.011745298281311989,0.1454748511314392,-0.35017518925494506,-0.47702465982924663,0.5,-0.2736060619354248,0.18305771052837372,0.21126742660999298,-2.4176136683817795e-05,-0.004916864061392919,0.5,-0.1034972071647644,-0.057186976075172424,0.190886452794075,0.34082275804429474,0.473985870721243,0.5,0.22854642570018768,-0.5359901189804077,-0.0023993996437639,0.9015988780992246,0.2978562423543348,0.5
3.027,TAKEOFF,-0.5229055285453796,-0.07887890189886093,0.2122175693511963,-0.9059146313512032,-0.2919474474199368,0.5,-0.1172884926199913,0.011745298281311989,0.1454748511314392,-0.3477759970684961,-0.47626447792325377,0.5,-0.2736060619354248,0.18305771052837372,0.21126742660999298,-5.7609335636366055e-06,-0.002400187570858064,0.5,-0.1034972071647644,-0.057186976075172424,0.190886452794075,0.3432105690093057,0.47478108042508843,0.5,0.22854642570018768,-0.5359901189804077,-0.0023993996437639,0.9030930416374312,0.29583103248896014,0.5
3.047,TAKEOFF,-0.5229055285453796,-0.07887890189886093,0.2122175693511963,-0.9044602355958732,-0.293959041061388,0.5,-0.1172884926199913,0.011745298281311989,0.1454748511314392,-0.3454134248227122,-0.4755028819838601,0.5,-0.2736060619354248,0.18305771052837372,0.21126742660999298,6.740122182602448e-09,8.209824683237697e-05,0.5,-0.1034972071647644,-0.057186976075172424,0.190886452794075,0.3455695849679649,0.47555362149081926,0.5,0.22854642570018768,-0.5359901189804077,-0.0023993996437639,0.9045567478733274,0.2938262033075964,0.5
3.067,TAKEOFF,-0.5229055285453796,-0.07887890189886093,0.2122175693511963,-0.9029871386992785,-0.2959752794457139,0.5,-0.1172884926199913,0.011745298281311989,0.1454748511314392,-0.3430406561934859,-0.47472493550668743,0.5,-0.2736060619354248,0.18305771052837372,0.21126742660999298,6.651976415417149e-06,0.0025791339954792324,0.5,-0.1034972071647644,-0.057186976075172424,0.190886452794075,0.3479464605790837,0.4763189279774339,0.5,0.22854642570018768,-0.5359901189804077,-0.0023993996437639,0.9060190925517363,0.29180215297948814,0.5
3.087,TAKEOFF,-0.5229055285453796,-0.07887890189886093,0.2122175693511963,-0.9014927300180418,-0.29799930829225074,0.5,-0.1172884926199913,0.011745298281311989,0.1454748511314392,-0.34065389269077406,-0.47392912770307405,0.5,-0.2736060619354248,0.18305771052837372,0.21126742660999298,2.5959689868626512e-05,0.005094999113161559,0.5,-0.08617045730352402,-0.02758581005036831,0.20027245581150055,0.3503451569049547,0.47707801032765845,0.5,0.22854642570018768,-0.5359901189804077,-0.0023993996437639,0.9074822606963608,0.28975542655450476,0.5
3.107,TAKEOFF,-0.5229055285453796,-0.07887890189886093,0.2122175693511963,-0.9000095239963601,-0.2999873009182312,0.5,-0.13798584043979645,-0.03098583035171032,0.10979006439447403,-0.3383048634826297,-0.4731328384572656,0.5,-0.2736060619354248,0.18305771052837372,0.21126742660999298,5.738582035075268e-05,0.007575125557927664,0.5,-0.08617045730352402,-0.02758581005036831,0.20027245581150055,0.3527136085298719,0.4778145235211129,0.5,0.22854642570018768,-0.5359901189804077,-0.0023993996437639,0.9089146181707874,0.28773049029645625,0.5
3.127,TAKEOFF,-0.5301379561424255,-0.09009826928377151,0.21426473557949066,-0.898499429122289,-0.3019904054588652,0.5,-0.13798584043979645,-0.03098583035171032,0.10979006439447403,-0.3359331528772329,-0.47231564623162187,0.5,-0.2562570571899414,0.17015032470226288,0.2220591902732849,0.00010168292880807783,0.010083282669351667,0.5,-0.08617045730352402,-0.02758581005036831,0.20027245581150055,0.35511269625389863,0.47854745763945394,0.5,0.22883813083171844,-0.5360580682754517,-0.002831289079040289,0.9103530388177714,0.28567531138168145,0.5
3.147,TAKEOFF,-0.5301379561424255,-0.09009826928377151,0.21426473557949066,-0.8969854276485516,-0.3039779107677013,0.5,-0.13798584043979645,-0.03098583035171032,0.10979006439447403,-0.3335750708171995,-0.4714899181811843,0.5,-0.2562570571899414,0.17015032470226288,0.2220591902732849,0.00015830954118339902,0.012581115978822402,0.5,-0.08617045730352402,-0.02758581005036831,0.20027245581150055,0.35750577548504775,0.4792654754725009,0.5,0.22883813083171844,-0.5360580682754517,-0.002831289079040289,0.9117754165080176,0.2836212374975623,0.5
3.167,TAKEOFF,-0.5301379561424255,-0.09009826928377151,0.21426473557949066,-0.8954613130410405,-0.3059580851813793,0.5,-0.13798584043979645,-0.03098583035171032,0.10979006439447403,-0.3312208357225741,-0.4706523065977832,0.5,-0.2562570571899414,0.17015032470226288,0.2220591902732849,0.00022742684270815605,0.015078962820412881,0.5,-0.08617045730352402,-0.02758581005036831,0.20027245581150055,0.35990272742122614,0.4799716181358943,0.5,0.22883813083171844,-0.5360580682754517,-0.002831289079040289,0.913187696972451,0.2815598108228553,0.5
3.187,TAKEOFF,-0.5301379561424255,-0.09009826928377151,0.21426473557949066,-0.8939290649991127,-0.30792838737103284,0.5,-0.13798584043979645,-0.03098583035171032,0.10979006439447403,-0.3288734763014801,-0.4698039089735843,0.5,-0.2562570571899414,0.17015032470226288,0.2220591902732849,0.0003089269785876425,0.01757360357779595,0.5,-0.07210058718919754,0.002834665821865201,0.21074159443378448,0.36230045669638145,0.480664993289479,0.5,0.22883813083171844,-0.5360580682754517,-0.002831289079040289,0.9145880750244382,0.2794936994773422,0.5
3.207,TAKEOFF,-0.5430426597595215,-0.1014803797006607,0.22815033793449402,-0.8923838049480335,-0.30989506226221747,0.5,-0.12184229493141174,-0.13245218992233276,-0.016459250822663307,-0.32652554571427267,-0.4689420152964214,0.5,-0.23259864747524261,0.14010325074195862,0.22390216588974,0.00040308612354716944,0.02007295805615594,0.5,-0.07210058718919754,0.002834665821865201,0.21074159443378448,0.3647065808355255,0.4813477856298768,0.5,0.22883813083171844,-0.5360580682754517,-0.002831289079040289,0.9159809823786211,0.27741633387260617,0.5
3.227,TAKEOFF,-0.5430426597595215,-0.1014803797006607,0.22815033793449402,-0.8908261241255804,-0.31185724410533805,0.5,-0.12184229493141174,-0.13245218992233276,-0.016459250822663307,-0.3241780500402669,-0.4680669203354976,0.5,-0.23259864747524261,0.14010325074195862,0.22390216588974,0.000509934831021297,0.02257597832851113,0.5,-0.07210058718919754,0.002834665821865201,0.21074159443378448,0.36712011264240424,0.48201964227179855,0.5,0.2275836020708084,-0.5352445244789124,-0.0022332007065415382,0.9173657783607271,0.275328543840526,0.5
3.247,TAKEOFF,-0.5430426597595215,-0.1014803797006607,0.22815033793449402,-0.889266487002135,-0.31380185164688995,0.5,-0.12184229493141174,-0.13245218992233276,-0.016459250822663307,-0.32184666399003453,-0.4671845340639182,0.5,-0.23259864747524261,0.14010325074195862,0.22390216588974,0.0006286961345258191,0.025065930577105423,0.5,-0.07210058718919754,0.002834665821865201,0.21074159443378448,0.3695248972147506,0.4826761311202146,0.5,0.2275836020708084,-0.5352445244789124,-0.0022332007065415382,0.9187332556585539,0.27324432401348814,0.5
3.267,TAKEOFF,-0.5430426597595215,-0.1014803797006607,0.22815033793449402,-0.887692281209012,-0.3157446675574305,0.5,-0.12184229493141174,-0.13245218992233276,-0.016459250822663307,-0.3195124799156346,-0.4662877385196782,0.5,-0.23259864747524261,0.14010325074195862,0.22390216588974,0.0007602968336707927,0.02756299661494579,0.5,-0.07210058718919754,0.002834665821865201,0.21074159443378448,0.37194041499416547,0.483322607259513,0.5,0.2275836020708084,-0.5352445244789124,-0.0022332007065415382,0.920094527047517,0.27114680220265,0.5
3.287,TAKEOFF,-0.5430426597595215,-0.1014803797006607,0.22815033793449402,-0.8861090227829158,-0.31767880402321746,0.5,-0.12184229493141174,-0.13245218992233276,-0.016459250822663307,-0.31718375306629276,-0.4653796513139286,0.5,-0.23259864747524261,0.14010325074195862,0.22390216588974,0.0009043229163593347,0.030058361838634886,0.5,-0.05160420015454292,0.02971464954316616,0.22333486378192902,0.37435815485787527,0.48395674057634774,0.5,0.2275836020708084,-0.5352445244789124,-0.0022332007065415382,0.9214447463765567,0.26904335292216347,0.5
3.309,TAKEOFF,-0.5587250590324402,-0.10857737809419632,0.23916931450366974,-0.8845148961525,-0.3196064683901627,0.5,-0.11027326434850693,-0.18661271035671234,-0.27338117361068726,-0.3148578230888953,-0.4644592278431092,0.5,-0.22570820152759552,0.11964727938175201,0.2308051884174347,0.001060945765291199,0.03255487919458968,0.5,-0.05160420015454292,0.02971464954316616,0.22333486378192902,0.37678088307932744,0.4845792496850124,0.5,0.2275836020708084,-0.5352445244789124,-0.0022332007065415382,0.9227854519139858,0.26693156735366985,0.5
3.327,TAKEOFF,-0.5587250590324402,-0.10857737809419632,0.23916931450366974,-0.8829082326716291,-0.3215296026064934,0.5,-0.11027326434850693,-0.18661271035671234,-0.27338117361068726,-0.3125323274409132,-0.4635254812254435,0.5,-0.22570820152759552,0.11964727938175201,0.2308051884174347,0.0012303738950192322,0.035055100557517954,0.5,-0.05160420015454292,0.02971464954316616,0.22333486378192902,0.37921109107013184,0.485190724849035,0.5,0.22714775800704956,-0.5344533324241638,-0.0030335879418998957,0.9241179749223065,0.26480925842538394,0.5
3.347,TAKEOFF,-0.5587250590324402,-0.10857737809419632,0.23916931450366974,-0.8812990067743065,-0.32343634216477174,0.5,-0.11027326434850693,-0.18661271035671234,-0.27338117361068726,-0.31022163220907384,-0.46258423137695903,0.5,-0.22570820152759552,0.11964727938175201,0.2308051884174347,0.0014115116014227214,0.037543564514065444,0.5,-0.05160420015454292,0.02971464954316616,0.22333486378192902,0.38163373556117275,0.4857874303054759,0.5,0.22714775800704956,-0.5344533324241638,-0.0030335879418998957,0.925434113854024,0.26268957872218945,0.5
3.367,TAKEOFF,-0.5587250590324402,-0.10857737809419632,0.23916931450366974,-0.8796763302397368,-0.32533964445742897,0.5,-0.11027326434850693,-0.18661271035671234,-0.27338117361068726,-0.3079100495356072,-0.4616291270387811,0.5,-0.22570820152759552,0.11964727938175201,0.2308051884174347,0.0016055514759847345,0.04003715375051912,0.5,-0.05160420015454292,0.02971464954316616,0.22333486378192902,0.3840652414722915,0.48637344886940725,0.5,0.22714775800704956,-0.5344533324241638,-0.0030335879418998957,0.9267428272763797,0.26055816887628375,0.5
3.387,TAKEOFF,-0.5587250590324402,-0.10857737809419632,0.23916931450366974,-0.8780474885198266,-0.32723095272888164,0.5,-0.11027326434850693,-0.18661271035671234,-0.27338117361068726,-0.30560796870712004,-0.46066445290452784,0.5,-0.22570820152759552,0.11964727938175201,0.2308051884174347,0.0018116289990404155,0.042524663425008165,0.5,-0.03242649883031845,0.055429816246032715,0.23355774581432343,0.38649468521434444,0.4869461402613324,0.5,0.22714775800704956,-0.5344533324241638,-0.0030335879418998957,0.9280382285596684,0.25842460194706895,0.5
3.407,TAKEOFF,-0.5756250619888306,-0.11750003695487976,0.24896322190761566,-0.8764019280800517,-0.3291224521931308,0.5,-0.18351738154888153,-0.268928587436676,-0.17831020057201385,-0.3033005396749155,-0.45968393740462643,0.5,-0.2221018373966217,0.10584615170955658,0.2440767139196396,0.0020311198702847033,0.04502215479469249,0.5,-0.03242649883031845,0.055429816246032715,0.23355774581432343,0.3889377670651983,0.48750915931450545,0.5,0.22711819410324097,-0.5348168015480042,-0.0008652889518998563,0.9293286453095498,0.2562750754885593,0.5
3.427,TAKEOFF,-0.5756250619888306,-0.11750003695487976,0.24896322190761566,-0.8747410836798578,-0.3310122659395658,0.5,-0.18351738154888153,-0.268928587436676,-0.17831020057201385,-0.300989990852112,-0.4586883650791216,0.5,-0.2221018373966217,0.10584615170955658,0.2440767139196396,0.002263966565319908,0.04752726607654824,0.5,-0.03242649883031845,0.055429816246032715,0.23355774581432343,0.39139222305970156,0.4880618309067883,0.5,0.22711819410324097,-0.5348168015480042,-0.0008652889518998563,0.9306127358430086,0.25411153403535086,0.5
3.447,TAKEOFF,-0.5756250619888306,-0.11750003695487976,0.24896322190761566,-0.8730995801773821,-0.33286138747451804,0.5,-0.18351738154888153,-0.268928587436676,-0.17831020057201385,-0.2987241192882829,-0.45769861245553567,0.5,-0.2221018373966217,0.10584615170955658,0.2440767139196396,0.0025050844272073713,0.049988088373330984,0.5,-0.03242649883031845,0.055429816246032715,0.23355774581432343,0.3938071136574718,0.48859295010288767,0.5,0.22711819410324097,-0.5348168015480042,-0.0008652889518998563,0.9318641024496557,0.2519789614538351,0.5
3.467,TAKEOFF,-0.5756250619888306,-0.11750003695487976,0.24896322190761566,-0.8714170510311741,-0.334737769311003,0.5,-0.18351738154888153,-0.268928587436676,-0.17831020057201385,-0.2964196440159266,-0.4566782660225883,0.5,-0.2221018373966217,0.10584615170955658,0.2440767139196396,0.0027633695288655225,0.05249507898567713,0.5,-0.03242649883031845,0.055429816246032715,0.23355774581432343,0.3962712179014406,0.48912200907784714,0.5,0.22711819410324097,-0.5348168015480042,-0.0008652889518998563,0.9331287175225931,0.24979894727006707,0.5
3.487,TAKEOFF,-0.5756250619888306,-0.11750003695487976,0.24896322190761566,-0.8697345349964927,-0.33659526679816426,0.5,-0.18351738154888153,-0.268928587436676,-0.17831020057201385,-0.2941331328787351,-0.45565209647457505,0.5,-0.2221018373966217,0.10584615170955658,0.2440767139196396,0.003032743965107443,0.054986784131730686,0.5,-0.006863870657980442,0.07959061115980148,0.24386894702911377,0.39872421159592997,0.48963579800003804,0.5,0.22711819410324097,-0.5348168015480042,-0.0008652889518998563,0.9343753765637348,0.24762478114097064,0.5
3.507,TAKEOFF,-0.5936625599861145,-0.12885022163391113,0.26055699586868286,-0.8680638296076082,-0.3384213606357931,0.5,-0.2578863203525543,-0.32494691014289856,-0.473969966173172,-0.2918801380773327,-0.45462745525681786,0.5,-0.21393314003944397,0.101407490670681,0.2593859136104584,0.0033110219902482974,0.05744614106820756,0.5,-0.006863870657980442,0.07959061115980148,0.24386894702911377,0.4011491916751916,0.4901311229594913,0.5,0.22826489806175232,-0.536106526851654,-0.00017146619211416692,0.935595818649619,0.24547155186491207,0.5
3.527,TAKEOFF,-0.5936625599861145,-0.12885022163391113,0.26055699586868286,-0.8663609652280599,-0.3402640785583518,0.5,-0.2578863203525543,-0.32494691014289856,-0.473969966173172,-0.28960139515699324,-0.45357736614619154,0.5,-0.21393314003944397,0.101407490670681,0.2593859136104584,0.003605545793403553,0.059937849752349476,0.5,-0.006863870657980442,0.07959061115980148,0.24386894702911377,0.40360996031637686,0.490620994505728,0.5,0.22826489806175232,-0.536106526851654,-0.00017146619211416692,0.9368221335051662,0.24328260044646588,0.5
3.547,TAKEOFF,-0.5936625599861145,-0.12885022163391113,0.26055699586868286,-0.8646587850567484,-0.34208766490614095,0.5,-0.2578863203525543,-0.32494691014289856,-0.473969966173172,-0.2873410588774781,-0.45252201577453416,0.5,-0.21393314003944397,0.101407490670681,0.2593859136104584,0.003910761317970357,0.06241367849986273,0.5,-0.006863870657980442,0.07959061115980148,0.24386894702911377,0.40605893016396843,0.4910957904503579,0.5,0.22826489806175232,-0.536106526851654,-0.00017146619211416692,0.9380304645838347,0.24110021173045454,0.5
3.567,TAKEOFF,-0.5936625599861145,-0.12885022163391113,0.26055699586868286,-0.8629328509254037,-0.34391822533730115,0.5,-0.2578863203525543,-0.32494691014289856,-0.473969966173172,-0.2850667494731939,-0.45144622915468147,0.5,-0.21393314003944397,0.101407490670681,0.2593859136104584,0.004231094936533786,0.06490911162673425,0.5,-0.006863870657980442,0.07959061115980148,0.24386894702911377,0.4085312166322641,0.49156226631956423,0.5,0.22826489806175232,-0.536106526851654,-0.00017146619211416692,0.9392380880326043,0.23889307654568417,0.5
3.587,TAKEOFF,-0.5936625599861145,-0.12885022163391113,0.26055699586868286,-0.8612202098772882,-0.34571658909605113,0.5,-0.2578863203525543,-0.32494691014289856,-0.473969966173172,-0.2828271687126338,-0.4503731356893184,0.5,-0.21393314003944397,0.101407490670681,0.2593859136104584,0.00455959895407293,0.06737068362018403,0.5,0.018206097185611725,0.10180505365133286,0.2540527582168579,0.4109738240411042,0.49201050801190793,0.5,0.22826489806175232,-0.536106526851654,-0.00017146619211416692,0.9404191984149007,0.23670853315327758,0.5
3.607,TAKEOFF,-0.6089372038841248,-0.14198708534240723,0.2711203098297119,-0.8594850077432106,-0.34752054501549096,0.5,-0.325782835483551,-0.39365512132644653,-0.8941919803619385,-0.2805752977322357,-0.44928031342882474,0.5,-0.20623718202114105,0.10046052932739258,0.2697719633579254,0.004903068283985013,0.0698500408402714,0.5,0.018206097185611725,0.10180505365133286,0.2540527582168579,0.41343797074148114,0.4924500127836807,0.5,0.22765059769153595,-0.5364522337913513,0.001204218715429306,0.9415986554990875,0.23450080482036356,0.5
3.627,TAKEOFF,-0.6089372038841248,-0.14198708534240723,0.2711203098297119,-0.8577432743225124,-0.34931325436777744,0.5,-0.325782835483551,-0.39365512132644653,-0.8941919803619385,-0.27833210459425384,-0.44817780416525227,0.5,-0.20623718202114105,0.10046052932739258,0.2697719633579254,0.005258432102079769,0.07232413839035733,0.5,0.018206097185611725,0.10180505365133286,0.2540527582168579,0.4159007907974175,0.4928765798975442,0.5,0.22765059769153595,-0.5364522337913513,0.001204218715429306,0.9427653981837363,0.23229034024512818,0.5
3.647,TAKEOFF,-0.6089372038841248,-0.14198708534240723,0.2711203098297119,-0.8559848578940294,-0.3511050853379479,0.5,-0.325782835483551,-0.39365512132644653,-0.8941919803619385,-0.27608459151438447,-0.44705915698341303,0.5,-0.20623718202114105,0.10046052932739258,0.2697719633579254,0.00562780905704352,0.07480733134032369,0.5,0.018206097185611725,0.10180505365133286,0.2540527582168579,0.41837659139011546,0.4932926303594083,0.5,0.22765059769153595,-0.5364522337913513,0.001204218715429306,0.943926150144427,0.23006428062162895,0.5
3.667,TAKEOFF,-0.6089372038841248,-0.14198708534240723,0.2711203098297119,-0.8542314329659838,-0.35287404537435973,0.5,-0.325782835483551,-0.39365512132644653,-0.8941919803619385,-0.2738603724435625,-0.44593818949338226,0.5,-0.20623718202114105,0.10046052932739258,0.2697719633579254,0.006006591000895456,0.0772690873858582,0.5,0.018206097185611725,0.10180505365133286,0.2540527582168579,0.4208349105765627,0.49369311177752845,0.5,0.22765059769153595,-0.5364522337913513,0.001204218715429306,0.9450666930129955,0.2278500357043554,0.5
3.687,TAKEOFF,-0.6089372038841248,-0.14198708534240723,0.2711203098297119,-0.8524581837019527,-0.3546452153089346,0.5,-0.325782835483551,-0.39365512132644653,-0.8941919803619385,-0.27162792557797055,-0.44479905083551946,0.5,-0.20623718202114105,0.10046052932739258,0.2697719633579254,0.0064001122239125685,0.07974428372889121,0.5,0.047147221863269806,0.12139260023832321,0.2664068937301636,0.4233105669332736,0.4940837285884894,0.5,0.22765059769153595,-0.5364522337913513,0.001204218715429306,0.9462032115628904,0.22561625382707343,0.5
3.707,TAKEOFF,-0.6239635944366455,-0.15428943932056427,0.2891412377357483,-0.850598063954906,-0.3564842178148587,0.5,-0.39858269691467285,-0.4491344392299652,-1.3193438053131104,-0.2693041216478185,-0.44359825485603016,0.5,-0.19383908808231354,0.10379941016435623,0.2775207459926605,0.006824042158934673,0.08232541896369389,0.5,0.047147221863269806,0.12139260023832321,0.2664068937301636,0.4258963739721179,0.4944781619136681,0.5,0.2287232130765915,-0.5359740853309631,-0.00252182106487453,0.9473773982662228,0.2232788917935268,0.5
3.727,TAKEOFF,-0.6239635944366455,-0.15428943932056427,0.2891412377357483,-0.8488898163889134,-0.3581562452619112,0.5,-0.39858269691467285,-0.4491344392299652,-1.3193438053131104,-0.26718605152038344,-0.4424902997731481,0.5,-0.19383908808231354,0.10379941016435623,0.2775207459926605,0.007223250395616609,0.08468220030997574,0.5,0.047147221863269806,0.12139260023832321,0.2664068937301636,0.42826116835841127,0.49482677780684,0.5,0.2287232130765915,-0.5359740853309631,-0.00252182106487453,0.9484397133366751,0.22113756691824357,0.5
3.747,TAKEOFF,-0.6239635944366455,-0.15428943932056427,0.2891412377357483,-0.8471075538961141,-0.35988379517318664,0.5,-0.39858269691467285,-0.4491344392299652,-1.3193438053131104,-0.2649923045213278,-0.44132910969683803,0.5,-0.19383908808231354,0.10379941016435623,0.2775207459926605,0.007649702680281367,0.08712740515580994,0.5,0.047147221863269806,0.12139260023832321,0.2664068937301636,0.4307184773639698,0.4951768074347114,0.5,0.2287232130765915,-0.5359740853309631,-0.00252182106487453,0.9495319615383068,0.21890869227950338,0.5
3.767,TAKEOFF,-0.6239635944366455,-0.15428943932056427,0.2891412377357483,-0.8453024689611499,-0.36161610159025576,0.5,-0.39858269691467285,-0.4491344392299652,-1.3193438053131104,-0.26278698129396016,-0.44014768402931304,0.5,-0.19383908808231354,0.10379941016435623,0.2775207459926605,0.008091822904552903,0.08958987279059097,0.5,0.047147221863269806,0.12139260023832321,0.2664068937301636,0.433197045917051,0.49551727046167765,0.5,0.2287232130765915,-0.5359740853309631,-0.00252182106487453,0.950621680923286,0.21665664236730017,0.5
3.787,TAKEOFF,-0.6239635944366455,-0.15428943932056427,0.2891412377357483,-0.8434922254486499,-0.3633360580183776,0.5,-0.39858269691467285,-0.4491344392299652,-1.3193438053131104,-0.26059180951593164,-0.4389575359065431,0.5,-0.19383908808231354,0.10379941016435623,0.2775207459926605,0.008545375647086684,0.09204538121023156,0.5,0.07976217567920685,0.1369565725326538,0.2798094153404236,0.4356725287056561,0.4958447100019071,0.5,0.2287232130765915,-0.5359740853309631,-0.00252182106487453,0.9516980606826756,0.21440350271278202,0.5
3.807,TAKEOFF,-0.6358516812324524,-0.16738630831241608,0.3057124614715576,-0.8416526132468285,-0.36506642116416715,0.5,-0.48824676871299744,-0.4816129505634308,-1.7437810897827148,-0.25837766493714914,-0.4377426723530337,0.5,-0.1837703287601471,0.11216844618320465,0.28651949763298035,0.009016571243214255,0.09452657132378336,0.5,0.07976217567920685,0.1369565725326538,0.2798094153404236,0.4381778881781947,0.496163306271123,0.5,0.22894003987312317,-0.5358180999755859,-0.0026668133214116096,0.9527752623946133,0.21211921592229455,0.5
3.827,TAKEOFF,-0.6358516812324524,-0.16738630831241608,0.3057124614715576,-0.8398274139239406,-0.36676604088405834,0.5,-0.48824676871299744,-0.4816129505634308,-1.7437810897827148,-0.2561972129184289,-0.43653201602088487,0.5,-0.1837703287601471,0.11216844618320465,0.28651949763298035,0.009494177107694679,0.09697441780563781,0.5,0.07976217567920685,0.1369565725326538,0.2798094153404236,0.44065351685439014,0.49646550226400205,0.5,0.22894003987312317,-0.5358180999755859,-0.0026668133214116096,0.9538276791955456,0.20985813683530338,0.5
3.847,TAKEOFF,-0.6358516812324524,-0.16738630831241608,0.3057124614715576,-0.8380030053918468,-0.3684480537960259,0.5,-0.48824676871299744,-0.4816129505634308,-1.7437810897827148,-0.2540337503369099,-0.4353166709726087,0.5,-0.1837703287601471,0.11216844618320465,0.28651949763298035,0.009981492231021183,0.09940755526549895,0.5,0.07976217567920685,0.1369565725326538,0.2798094153404236,0.4431181567453567,0.49675391886522063,0.5,0.22894003987312317,-0.5358180999755859,-0.0026668133214116096,0.9548635952948653,0.20760325063791504,0.5
3.867,TAKEOFF,-0.6358516812324524,-0.16738630831241608,0.3057124614715576,-0.8361417017585886,-0.3701469388483986,0.5,-0.48824676871299744,-0.4816129505634308,-1.7437810897827148,-0.2518428401830458,-0.4340714503760673,0.5,-0.1837703287601471,0.11216844618320465,0.28651949763298035,0.010488738922894147,0.10187602897002564,0.5,0.07976217567920685,0.1369565725326538,0.2798094153404236,0.4456225625954793,0.4970342989184121,0.5,0.22894003987312317,-0.5358180999755859,-0.0026668133214116096,0.9559041565399922,0.2053080613360282,0.5
3.887,TAKEOFF,-0.6358516812324524,-0.16738630831241608,0.3057124614715576,-0.8343016676364259,-0.371809622005005,0.5,-0.48824676871299744,-0.4816129505634308,-1.7437810897827148,-0.24969293271844306,-0.4328352712856314,0.5,-0.1837703287601471,0.11216844618320465,0.28651949763298035,0.01100005715926522,0.10430271282070336,0.5,0.10407481342554092,0.15691272914409637,0.29082950949668884,0.448088482109227,0.4972978929276455,0.5,0.22894003987312317,-0.5358180999755859,-0.0026668133214116096,0.9569168603766388,0.20304428754228757,0.5
3.907,TAKEOFF,-0.6485642194747925,-0.18057766556739807,0.31363770365715027,-0.8324239136503846,-0.3734894130137582,0.5,-0.5803300142288208,-0.5134525895118713,-2.170243978500366,-0.24751509864061227,-0.4315685050899107,0.5,-0.16963812708854675,0.1214262843132019,0.29913023114204407,0.011531835663349255,0.10676540839421138,0.5,0.10407481342554092,0.15691272914409637,0.29082950949668884,0.4505949733770683,0.4975531563002966,0.5,0.2286890298128128,-0.5359224081039429,-0.0037429099902510643,0.9579341786685855,0.20073935340916088,0.5
3.927,TAKEOFF,-0.6485642194747925,-0.18057766556739807,0.31363770365715027,-0.8305570612634736,-0.37514267852226063,0.5,-0.5803300142288208,-0.5134525895118713,-2.170243978500366,-0.24536586059204007,-0.43030391010071894,0.5,-0.16963812708854675,0.1214262843132019,0.29913023114204407,0.012070385886328139,0.10920023658803707,0.5,0.10407481342554092,0.15691272914409637,0.29082950949668884,0.45307705376809027,0.49779336789165574,0.5,0.2286890298128128,-0.5359224081039429,-0.0037429099902510643,0.9589296384900678,0.1984529841432868,0.5
3.947,TAKEOFF,-0.6485642194747925,-0.18057766556739807,0.31363770365715027,-0.8284917235946481,-0.37695250036286704,0.5,-0.5803300142288208,-0.5134525895118713,-2.170243978500366,-0.24300639329840823,-0.428898922957971,0.5,-0.16963812708854675,0.1214262843132019,0.29913023114204407,0.01267749257234535,0.11187838823661835,0.5,0.10407481342554092,0.15691272914409637,0.29082950949668884,0.4558117336284781,0.4980435694947576,0.5,0.2286890298128128,-0.5359224081039429,-0.0037429099902510643,0.96001265690612,0.1959294655894622,0.5
3.967,TAKEOFF,-0.6485642194747925,-0.18057766556739807,0.31363770365715027,-0.8268006312707719,-0.378419538873226,0.5,-0.5803300142288208,-0.5134525895118713,-2.170243978500366,-0.2410885804963407,-0.42774393841479524,0.5,-0.16963812708854675,0.1214262843132019,0.29913023114204407,0.013183311400484177,0.11405924645114067,0.5,0.10407481342554092,0.15691272914409637,0.29082950949668884,0.45804215965848505,0.498236429452801,0.5,0.2286890298128128,-0.5359224081039429,-0.0037429099902510643,0.9608853171739181,0.19386780138407955,0.5
3.987,TAKEOFF,-0.6485642194747925,-0.18057766556739807,0.31363770365715027,-0.8248981607850143,-0.3800541870819409,0.5,-0.5803300142288208,-0.5134525895118713,-2.170243978500366,-0.23894604195419633,-0.42643971553857385,0.5,-0.16963812708854675,0.1214262843132019,0.29913023114204407,0.013761620244989836,0.11649994872626557,0.5,0.13436590135097504,0.17597492039203644,0.29873722791671753,0.4605421127225286,0.49844064353902595,0.5,0.2286890298128128,-0.5359224081039429,-0.0037429099902510643,0.9618520642932709,0.19155331035522322,0.5
4.007,TAKEOFF,-0.6594991683959961,-0.19450844824314117,0.3143041431903839,-0.8229924961440442,-0.3816750547712538,0.5,-0.6713970303535461,-0.5460454225540161,-2.5909111499786377,-0.23681562241658383,-0.42512819642553684,0.5,-0.1533184051513672,0.12653492391109467,0.3082416355609894,0.014350613201418616,0.11893137980433044,0.5,0.13436590135097504,0.17597492039203644,0.29873722791671753,0.46303654992634835,0.49863183147353585,0.5,0.22759662568569183,-0.535894513130188,-0.0016790656372904778,0.9628047183116049,0.18924003991892432,0.5
4.027,TAKEOFF,-0.6594991683959961,-0.19450844824314117,0.3143041431903839,-0.8210817609759319,-0.38328384099593155,0.5,-0.6713970303535461,-0.5460454225540161,-2.5909111499786377,-0.23469512615558158,-0.42380812157673103,0.5,-0.1533184051513672,0.12653492391109467,0.3082416355609894,0.01495080960721451,0.12135601715326406,0.5,0.13436590135097504,0.17597492039203644,0.29873722791671753,0.465527987966058,0.4988102649167635,0.5,0.22759662568569183,-0.535894513130188,-0.0016790656372904778,0.9637443152952139,0.18692568050263506,0.5
4.047,TAKEOFF,-0.6594991683959961,-0.19450844824314117,0.3143041431903839,-0.8191436503059988,-0.3848991172623839,0.5,-0.6713970303535461,-0.5460454225540161,-2.5909111499786377,-0.2325599980027664,-0.42246401661173427,0.5,-0.1533184051513672,0.12653492391109467,0.3082416355609894,0.015569338508371056,0.1238019959725319,0.5,0.13436590135097504,0.17597492039203644,0.29873722791671753,0.46804538800281204,0.49897785799783656,0.5,0.22759662568569183,-0.535894513130188,-0.0016790656372904778,0.9646816251800516,0.1845832799037497,0.5
4.067,TAKEOFF,-0.6594991683959961,-0.19450844824314117,0.3143041431903839,-0.8172356083149814,-0.38647324463282534,0.5,-0.6713970303535461,-0.5460454225540161,-2.5909111499786377,-0.23047329650842413,-0.4211357929515896,0.5,-0.1533184051513672,0.12653492391109467,0.3082416355609894,0.016187728051509698,0.1261970107096045,0.5,0.13436590135097504,0.17597492039203644,0.29873722791671753,0.47051427525310147,0.4991298348487597,0.5,0.22759662568569183,-0.535894513130188,-0.0016790656372904778,0.9655890918719832,0.18228219202605075,0.5
4.087,TAKEOFF,-0.6594991683959961,-0.19450844824314117,0.3143041431903839,-0.8152982457122424,-0.38805542935356857,0.5,-0.6713970303535461,-0.5460454225540161,-2.5909111499786377,-0.2283698714512658,-0.4197821735907781,0.5,-0.1533184051513672,0.12653492391109467,0.3082416355609894,0.016825102476136722,0.1286157782031592,0.5,0.15733779966831207,0.19693653285503387,0.31055185198783875,0.47301161936823927,0.49927109600984837,0.5,0.22759662568569183,-0.535894513130188,-0.0016790656372904778,0.9664951609921157,0.1799507287313391,0.5
4.107,TAKEOFF,-0.6671568155288696,-0.21383331716060638,0.3179972767829895,-0.8133360386771329,-0.38964153637173016,0.5,-0.7622721791267395,-0.5797843337059021,-3.01006817817688,-0.2262550387157708,-0.4184061378272263,0.5,-0.13851633667945862,0.13341866433620453,0.32063236832618713,0.01748027100018945,0.13105232209293122,0.5,0.15733779966831207,0.19693653285503387,0.31055185198783875,0.4755313685199579,0.4994009271852565,0.5,0.2279704511165619,-0.5353180170059204,-0.0025864425115287304,0.9673972830869488,0.1775944249207687,0.5
4.127,TAKEOFF,-0.6671568155288696,-0.21383331716060638,0.3179972767829895,-0.8113906163731459,-0.3911980112868063,0.5,-0.7622721791267395,-0.5797843337059021,-3.01006817817688,-0.22417357455216969,-0.41703690846815045,0.5,-0.13851633667945862,0.13341866433620453,0.32063236832618713,0.01813927770470597,0.13345502729031045,0.5,0.15733779966831207,0.19693653285503387,0.31055185198783875,0.4780201212257643,0.49951665130310713,0.5,0.2279704511165619,-0.5353180170059204,-0.0025864425115287304,0.9682764101442141,0.17526324116153924,0.5
4.147,TAKEOFF,-0.6671568155288696,-0.21383331716060638,0.3179972767829895,-0.8094417464156738,-0.3927413978373273,0.5,-0.7622721791267395,-0.5797843337059021,-3.01006817817688,-0.22210349277944869,-0.4156603556686854,0.5,-0.13851633667945862,0.13341866433620453,0.32063236832618713,0.01880876676714488,0.13584917025820967,0.5,0.15733779966831207,0.19693653285503387,0.31055185198783875,0.48050396999416883,0.4996197602317304,0.5,0.2279704511165619,-0.5353180170059204,-0.0025864425115287304,0.9691420240435636,0.17293282301607277,0.5
4.167,TAKEOFF,-0.6671568155288696,-0.21383331716060638,0.3179972767829895,-0.8074716668467561,-0.3942856503684575,0.5,-0.7622721791267395,-0.5797843337059021,-3.01006817817688,-0.22002603327984566,-0.41426389893277193,0.5,-0.13851633667945862,0.13341866433620453,0.32063236832618713,0.019494905755056635,0.13825648051595307,0.5,0.15733779966831207,0.19693653285503387,0.31055185198783875,0.4830054867093078,0.4997111030565686,0.5,0.2279704511165619,-0.5353180170059204,-0.0025864425115287304,0.9700019074090338,0.17058196572870782,0.5
4.187,TAKEOFF,-0.6671568155288696,-0.21383331716060638,0.3179972767829895,-0.8055054411932748,-0.3958110981280117,0.5,-0.7622721791267395,-0.5797843337059021,-3.01006817817688,-0.21796764910615213,-0.41286529649425546,0.5,-0.13851633667945862,0.13341866433620453,0.32063236832618713,0.02018898002729036,0.14064631211925896,0.5,0.18601049482822418,0.21606884896755219,0.3259500563144684,0.4854928323739586,0.49978949777628373,0.5,0.2279704511165619,-0.5353180170059204,-0.0025864425115287304,0.970845097299324,0.16824058472672443,0.5
4.207,TAKEOFF,-0.6789978742599487,-0.23500673472881317,0.3364139199256897,-0.8035086986498212,-0.39734427118544446,0.5,-0.8538933396339417,-0.6149778962135315,-3.431824207305908,-0.21589248749995388,-0.4114400580170046,0.5,-0.12339935451745987,0.13798178732395172,0.33163872361183167,0.02090320216596464,0.14306033099770687,0.5,0.18601049482822418,0.21606884896755219,0.3259500563144684,0.4880094075373752,0.4998562050153976,0.5,0.22892402112483978,-0.5359953045845032,-0.002487792866304517,0.971686204146885,0.16586779318934455,0.5
4.227,TAKEOFF,-0.6789978742599487,-0.23500673472881317,0.3364139199256897,-0.8015217358953872,-0.398854162298242,0.5,-0.8538933396339417,-0.6149778962135315,-3.431824207305908,-0.21384249045992143,-0.4100169261552745,0.5,-0.12339935451745987,0.13798178732395172,0.33163872361183167,0.021623197072821954,0.14544976597152656,0.5,0.18601049482822418,0.21606884896755219,0.3259500563144684,0.4905043859015723,0.4999098251813958,0.5,0.22892402112483978,-0.5359953045845032,-0.002487792866304517,0.972508190670297,0.16351149730059417,0.5
4.247,TAKEOFF,-0.6789978742599487,-0.23500673472881317,0.3364139199256897,-0.7995297436247424,-0.40035226074557906,0.5,-0.8538933396339417,-0.6149778962135315,-3.431824207305908,-0.21180215470523706,-0.408585366805342,0.5,-0.12339935451745987,0.13798178732395172,0.33163872361183167,0.022354192498610204,0.14783261675403464,0.5,0.18601049482822418,0.21606884896755219,0.3259500563144684,0.4929965016750145,0.4999509486051726,0.5,0.22892402112483978,-0.5359953045845032,-0.002487792866304517,0.9733174074963958,0.1611540621917139,0.5
4.267,TAKEOFF,-0.6789978742599487,-0.23500673472881317,0.3364139199256897,-0.7975113382780312,-0.401854455737416,0.5,-0.8538933396339417,-0.6149778962135315,-3.431824207305908,-0.20974976081583363,-0.40712995302917004,0.5,-0.12339935451745987,0.13798178732395172,0.33163872361183167,0.023104148663367352,0.15023430692724069,0.5,0.18601049482822418,0.21606884896755219,0.3259500563144684,0.4955123939643104,0.49997986098648856,0.5,0.22892402112483978,-0.5359953045845032,-0.002487792866304517,0.9741223582784573,0.15877024085285682,0.5
4.287,TAKEOFF,-0.6789978742599487,-0.23500673472881317,0.3364139199256897,-0.7954934049922581,-0.4033406099143519,0.5,-0.8538933396339417,-0.6149778962135315,-3.431824207305908,-0.20771276852282072,-0.40567003132522106,0.5,-0.12339935451745987,0.13798178732395172,0.33163872361183167,0.023863151477237,0.1526227423381307,0.5,0.21447578072547913,0.23919782042503357,0.33783602714538574,0.49801847579385156,0.4999960735464034,0.5,0.22892402112483978,-0.5359953045845032,-0.002487792866304517,0.9749121992138325,0.15639182535503884,0.5
4.307,TAKEOFF,-0.6896933913230896,-0.2511272430419922,0.34987983107566833,-0.7934771928718857,-0.40481000143775847,0.5,-0.944463312625885,-0.6508910655975342,-3.8478307723999023,-0.20569225033003619,-0.40420656660203075,0.5,-0.10621556639671326,0.13854466378688812,0.33917635679244995,0.024630614679580998,0.15499660480180533,0.5,0.21447578072547913,0.23919782042503357,0.33783602714538574,0.5005133123307994,0.4999997365103816,0.5,0.22763985395431519,-0.5354267954826355,-0.0010811890242621303,0.9756866297876975,0.15402022672760232,0.5
4.327,TAKEOFF,-0.6896933913230896,-0.2511272430419922,0.34987983107566833,-0.7914602364546375,-0.40626460658763625,0.5,-0.944463312625885,-0.6508910655975342,-3.8478307723999023,-0.20368556481376515,-0.402737824769741,0.5,-0.10621556639671326,0.13854466378688812,0.33917635679244995,0.0254073712430416,0.15735894232473693,0.5,0.21447578072547913,0.23919782042503357,0.33783602714538574,0.5030000598042738,0.49999099956016285,0.5,0.22763985395431519,-0.5354267954826355,-0.0010811890242621303,0.9764467676842818,0.1516524894724775,0.5
4.347,TAKEOFF,-0.6896933913230896,-0.2511272430419922,0.34987983107566833,-0.7894163860506629,-0.4077231358230407,0.5,-0.944463312625885,-0.6508910655975342,-3.8478307723999023,-0.20166683657143847,-0.4012447178452412,0.5,-0.10621556639671326,0.13854466378688812,0.33917635679244995,0.026203578979208997,0.15974026238832015,0.5,0.21447578072547913,0.23919782042503357,0.33783602714538574,0.5055108714896575,0.4999696293730495,0.5,0.22763985395431519,-0.5354267954826355,-0.0010811890242621303,0.9772023269090321,0.14925796190691226,0.5
4.367,TAKEOFF,-0.6896933913230896,-0.2511272430419922,0.34987983107566833,-0.7873747972108593,-0.4091646684747077,0.5,-0.944463312625885,-0.6508910655975342,-3.8478307723999023,-0.19966497190259286,-0.3997485095628621,0.5,-0.10621556639671326,0.13854466378688812,0.33917635679244995,0.027007947412788336,0.16210650261274653,0.5,0.21447578072547913,0.23919782042503357,0.33783602714538574,0.5080098631899327,0.4999358379749131,0.5,0.22763985395431519,-0.5354267954826355,-0.0010811890242621303,0.9779424202838267,0.14687083744991022,0.5
4.387,TAKEOFF,-0.6896933913230896,-0.2511272430419922,0.34987983107566833,-0.7853252942793107,-0.4105964885924194,0.5,-0.944463312625885,-0.6508910655975342,-3.8478307723999023,-0.19766989881361086,-0.3982417731939076,0.5,-0.10621556639671326,0.13854466378688812,0.33917635679244995,0.02782442736530588,0.16446953701855768,0.5,0.24466505646705627,0.2636781632900238,0.34695711731910706,0.5105095486407034,0.49988953718533524,0.5,0.22763985395431519,-0.5354267954826355,-0.0010811890242621303,0.978670830901069,0.144479187582434,0.5
4.407,TAKEOFF,-0.6985881328582764,-0.27035683393478394,0.35916534066200256,-0.7832656368987195,-0.412020119596559,0.5,-1.0349291563034058,-0.6878255605697632,-4.262266159057617,-0.1956794761371316,-0.39672284879475916,0.5,-0.09325627237558365,0.14072702825069427,0.3474653661251068,0.02865393587985432,0.16683191492771254,0.5,0.24466505646705627,0.2636781632900238,0.34695711731910706,0.513012635773131,0.4998306426283165,0.5,0.2280939221382141,-0.5354650616645813,-0.0008237164001911879,0.9793883153111634,0.14208041083528916,0.5
4.427,TAKEOFF,-0.6985881328582764,-0.27035683393478394,0.35916534066200256,-0.7812013653393952,-0.41343172608214285,0.5,-1.0349291563034058,-0.6878255605697632,-4.262266159057617,-0.19369906359773648,-0.3951958202702763,0.5,-0.09325627237558365,0.14072702825069427,0.3474653661251068,0.029494245178085965,0.1691872769432174,0.5,0.24466505646705627,0.2636781632900238,0.34695711731910706,0.5155123880198959,0.4997593078852261,0.5,0.2280939221382141,-0.5354650616645813,-0.0008237164001911879,0.9800929378648864,0.1396809615239757,0.5
4.447,TAKEOFF,-0.6985881328582764,-0.27035683393478394,0.35916534066200256,-0.7791453398774636,-0.4148227081835026,0.5,-1.0349291563034058,-0.6878255605697632,-4.262266159057617,-0.19174081419758393,-0.39367026096522906,0.5,-0.09325627237558365,0.14072702825069427,0.3474653661251068,0.030340005952274207,0.17152110654695,0.5,0.24466505646705627,0.2636781632900238,0.34695711731910706,0.5179933463248482,0.49967613459923627,0.5,0.2280939221382141,-0.5354650616645813,-0.0008237164001911879,0.9807804936478299,0.1372957280025454,0.5
4.467,TAKEOFF,-0.6985881328582764,-0.27035683393478394,0.35916534066200256,-0.7770690128729412,-0.41621240023047607,0.5,-1.0349291563034058,-0.6878255605697632,-4.262266159057617,-0.18977751819038918,-0.3921249950970809,0.5,-0.09325627237558365,0.14072702825069427,0.3474653661251068,0.03120294929437334,0.17386582542209417,0.5,0.24466505646705627,0.2636781632900238,0.34695711731910706,0.5204899706478257,0.4995799846899906,0.5,0.2280939221382141,-0.5354650616645813,-0.0008237164001911879,0.9814605489944705,0.13489158521547215,0.5
4.487,TAKEOFF,-0.6985881328582764,-0.27035683393478394,0.35916534066200256,-0.7749876094778709,-0.4175904867614275,0.5,-1.0349291563034058,-0.6878255605697632,-4.262266159057617,-0.1878236909938828,-0.3905713149929437,0.5,-0.09325627237558365,0.14072702825069427,0.3474653661251068,0.03207682107385873,0.17620413906504687,0.5,0.28395459055900574,0.2992662489414215,0.34524068236351013,0.5229838803058633,0.4994714618935558,0.5,0.2280939221382141,-0.5354650616645813,-0.0008237164001911879,0.9821279981485241,0.13248620079576856,0.5
4.507,TAKEOFF,-0.7108569145202637,-0.28645041584968567,0.3658241927623749,-0.7728830450663625,-0.4189687860871136,0.5,-1.125232458114624,-0.7258352637290955,-4.675137996673584,-0.18586250426987105,-0.3889956732103883,0.5,-0.0802341103553772,0.14718125760555267,0.3544010519981384,0.03296930543164278,0.17855623856644667,0.5,0.28395459055900574,0.2992662489414215,0.34524068236351013,0.5254966526974132,0.4993494975477872,0.5,0.2295023500919342,-0.5356664061546326,-0.0016901721246540546,0.9827884925347103,0.1300587231832681,0.5
4.527,TAKEOFF,-0.7108569145202637,-0.28645041584968567,0.3658241927623749,-0.7707793391522054,-0.42033147572873353,0.5,-1.125232458114624,-0.7258352637290955,-4.675137996673584,-0.18391642852787887,-0.3874160242496798,0.5,-0.0802341103553772,0.14718125760555267,0.3544010519981384,0.033870270392567015,0.1808952049560779,0.5,0.28395459055900574,0.2992662489414215,0.34524068236351013,0.5279995554079293,0.4992154093144144,0.5,0.2295023500919342,-0.5356664061546326,-0.0016901721246540546,0.9834344065194192,0.1276368857079211,0.5
4.547,TAKEOFF,-0.7108569145202637,-0.28645041584968567,0.3658241927623749,-0.7686764190669613,-0.4216787661684598,0.5,-1.125232458114624,-0.7258352637290955,-4.675137996673584,-0.18198524113168224,-0.38583236404159477,0.5,-0.0802341103553772,0.14718125760555267,0.3544010519981384,0.034779651028316205,0.18322125123103142,0.5,0.28395459055900574,0.2992662489414215,0.34524068236351013,0.53049277094573,0.49906932476365573,0.5,0.2295023500919342,-0.5356664061546326,-0.0016901721246540546,0.9840659178273101,0.12522055421536743,0.5
4.567,TAKEOFF,-0.7108569145202637,-0.28645041584968567,0.3658241927623749,-0.7665778390490096,-0.4230085764236469,0.5,-1.125232458114624,-0.7258352637290955,-4.675137996673584,-0.18007201953344754,-0.3842474298087018,0.5,-0.0802341103553772,0.14718125760555267,0.3544010519981384,0.03569579507054854,0.18553060471207966,0.5,0.28395459055900574,0.2992662489414215,0.34524068236351013,0.532972200700655,0.4989116494740885,0.5,0.2295023500919342,-0.5356664061546326,-0.0016901721246540546,0.9846821456463393,0.12281375204618067,0.5
4.587,TAKEOFF,-0.7108569145202637,-0.28645041584968567,0.3658241927623749,-0.7644606129442579,-0.4243354618708497,0.5,-1.125232458114624,-0.7258352637290955,-4.675137996673584,-0.17815581763520566,-0.3826438582780821,0.5,-0.0802341103553772,0.14718125760555267,0.3544010519981384,0.036628743272879516,0.1878485518685971,0.5,0.315461665391922,0.32257407903671265,0.3536612391471863,0.5354649962976805,0.4987406480703227,0.5,0.2295023500919342,-0.5356664061546326,-0.0016901721246540546,0.9852898298499762,0.12039012021001202,0.5
4.607,TAKEOFF,-0.7158340215682983,-0.3045172095298767,0.37306615710258484,-0.7623334842273601,-0.4256537830833098,0.5,-1.2154263257980347,-0.7648855447769165,-5.086414337158203,-0.17624470073278092,-0.38102822230957306,0.5,-0.0660543367266655,0.14955441653728485,0.366221159696579,0.03757473678760448,0.19016539102304267,0.5,0.315461665391922,0.32257407903671265,0.3536612391471863,0.5379607693453422,0.49855689744572756,0.5,0.230384960770607,-0.5353811383247375,-0.0023072632029652596,0.9858863089069121,0.11795971692411267,0.5
4.627,TAKEOFF,-0.7158340215682983,-0.3045172095298767,0.37306615710258484,-0.760188179114323,-0.4269685134165902,0.5,-1.2154263257980347,-0.7648855447769165,-5.086414337158203,-0.17433138214409577,-0.37939418991838164,0.5,-0.0660543367266655,0.14955441653728485,0.366221159696579,0.038537545981527255,0.1924900089127976,0.5,0.315461665391922,0.32257407903671265,0.3536612391471863,0.5404691367405525,0.49835955792126074,0.5,0.230384960770607,-0.5353811383247375,-0.0023072632029652596,0.9864737560195014,0.11551313650091348,0.5
4.647,TAKEOFF,-0.7158340215682983,-0.3045172095298767,0.37306615710258484,-0.7580620159286886,-0.4282569274802467,0.5,-1.2154263257980347,-0.7648855447769165,-5.086414337158203,-0.17244900699599353,-0.3777702304074387,0.5,-0.0660543367266655,0.14955441653728485,0.366221159696579,0.03950033734605635,0.1947820851505705,0.5,0.315461665391922,0.32257407903671265,0.3536612391471863,0.5429465496760086,0.49815217943006745,0.5,0.230384960770607,-0.5353811383247375,-0.0023072632029652596,0.9870420900532528,0.11309289330704746,0.5
4.667,TAKEOFF,-0.7158340215682983,-0.3045172095298767,0.37306615710258484,-0.7559175164930321,-0.4295418777628541,0.5,-1.2154263257980347,-0.7648855447769165,-5.086414337158203,-0.17056425988655916,-0.37612776171921886,0.5,-0.0660543367266655,0.14955441653728485,0.366221159696579,0.04047999900788429,0.1970821369079552,0.5,0.315461665391922,0.32257407903671265,0.3536612391471863,0.5454367609899279,0.49793122090379527,0.5,0.230384960770607,-0.5353811383247375,-0.0023072632029652596,0.9876014636225965,0.11065628167032247,0.5
4.687,TAKEOFF,-0.7158340215682983,-0.3045172095298767,0.37306615710258484,-0.7537719089257019,-0.43081297362104276,0.5,-1.2154263257980347,-0.7648855447769165,-5.086414337158203,-0.1686923466862285,-0.37447995788255717,0.5,-0.0660543367266655,0.14955441653728485,0.366221159696579,0.04146870059342056,0.1993716315439933,0.5,0.35284438729286194,0.3477151691913605,0.3681415021419525,0.5479197253748509,0.49769840256926573,0.5,0.230384960770607,-0.5353811383247375,-0.0023072632029652596,0.9881473184197981,0.10822289739034097,0.5
4.707,TAKEOFF,-0.7285298109054565,-0.32481497526168823,0.3877725303173065,-0.7515861987425188,-0.4320930277177472,0.5,-1.305509328842163,-0.8050484657287598,-5.496103763580322,-0.1667995213049654,-0.3727967824397091,0.5,-0.05807923525571823,0.1498478651046753,0.3835046589374542,0.04248458035621466,0.20169194527340703,0.5,0.35284438729286194,0.3477151691913605,0.3681415021419525,0.5504403989780039,0.4974492598757584,0.5,0.22962364554405212,-0.5357474684715271,-0.001979669090360403,0.9886893006182972,0.10574860500829099,0.5
4.727,TAKEOFF,-0.7285298109054565,-0.32481497526168823,0.3877725303173065,-0.7494330090305973,-0.4333395597057139,0.5,-1.305509328842163,-0.8050484657287598,-5.496103763580322,-0.16494862672194233,-0.3711341769016802,0.5,-0.05807923525571823,0.1498478651046753,0.3835046589374542,0.043493854306234814,0.20396602399375932,0.5,0.35284438729286194,0.3477151691913605,0.3681415021419525,0.5529150591660993,0.4971921122800001,0.5,0.22962364554405212,-0.5357474684715271,-0.001979669090360403,0.9892094507751262,0.10331560033363474,0.5
4.747,TAKEOFF,-0.7285298109054565,-0.32481497526168823,0.3877725303173065,-0.7472799635247034,-0.43457176580999984,0.5,-1.305509328842163,-0.8050484657287598,-5.496103763580322,-0.16311140142605873,-0.3694672815702168,0.5,-0.05807923525571823,0.1498478651046753,0.3835046589374542,0.04451143213428149,0.2062284280685782,0.5,0.35284438729286194,0.3477151691913605,0.3681415021419525,0.555381182145914,0.496923459563061,0.5,0.22962364554405212,-0.5357474684715271,-0.001979669090360403,0.9897160207690423,0.1008871597485775,0.5
4.767,TAKEOFF,-0.7285298109054565,-0.32481497526168823,0.3877725303173065,-0.7451042845928093,-0.4358025810780004,0.5,-1.305509328842163,-0.8050484657287598,-5.496103763580322,-0.1612685047808124,-0.3677784307794212,0.5,-0.05807923525571823,0.1498478651046753,0.3835046589374542,0.04554813830166016,0.20850301052721762,0.5,0.35284438729286194,0.3477151691913605,0.3681415021419525,0.557864798438947,0.4966403780419188,0.5,0.22962364554405212,-0.5357474684715271,-0.001979669090360403,0.9902142738857709,0.09843762328828522,0.5
4.787,TAKEOFF,-0.7285298109054565,-0.32481497526168823,0.3877725303173065,-0.742911382769495,-0.4370286719667394,0.5,-1.305509328842163,-0.8050484657287598,-5.496103763580322,-0.15942477912110714,-0.36607174013203114,0.5,-0.05807923525571823,0.1498478651046753,0.3835046589374542,0.046601555001346384,0.21078389424432523,0.5,0.38242021203041077,0.37119564414024353,0.38586661219596863,0.5603595714233751,0.49634335105608746,0.5,0.22962364554405212,-0.5357474684715271,-0.001979669090360403,0.9907027116846763,0.09597316679835789,0.5
4.807,TAKEOFF,-0.7352132201194763,-0.34518977999687195,0.4033524692058563,-0.7407361962524928,-0.4382306285666045,0.5,-1.3954041004180908,-0.8462833762168884,-5.90427827835083,-0.15760948086481252,-0.36437443983673834,0.5,-0.048439424484968185,0.15786811709403992,0.3922058641910553,0.04765482549624006,0.2130348401157965,0.5,0.38242021203041077,0.37119564414024353,0.38586661219596863,0.5628258266448614,0.49603721181620014,0.5,0.23020178079605103,-0.5354765057563782,-0.0025785169564187527,0.991173670741593,0.09353301647134622,0.5
4.827,TAKEOFF,-0.7352132201194763,-0.34518977999687195,0.4033524692058563,-0.7384948981675266,-0.4394544157794539,0.5,-1.3954041004180908,-0.8462833762168884,-5.90427827835083,-0.15575299086375888,-0.3626210097343406,0.5,-0.048439424484968185,0.15786811709403992,0.3922058641910553,0.048748749660780744,0.21534230672882487,0.5,0.38242021203041077,0.37119564414024353,0.38586661219596863,0.565358398960716,0.4957098745085596,0.5,0.23020178079605103,-0.5354765057563782,-0.0025785169564187527,0.9916449623472176,0.09102324427641008,0.5
4.847,TAKEOFF,-0.7352132201194763,-0.34518977999687195,0.4033524692058563,-0.736324754471292,-0.4406252494173292,0.5,-1.3954041004180908,-0.8462833762168884,-5.90427827835083,-0.1539688506205878,-0.3609188879224291,0.5,-0.048439424484968185,0.15786811709403992,0.3922058641910553,0.04981623404603919,0.21756510949945407,0.5,0.38242021203041077,0.37119564414024353,0.38586661219596863,0.5678022808364367,0.49538152035918437,0.5,0.23020178079605103,-0.5354765057563782,-0.0025785169564187527,0.9920878800256443,0.08859750748111993,0.5
4.867,TAKEOFF,-0.7352132201194763,-0.34518977999687195,0.4033524692058563,-0.7341151304389372,-0.44180324319719455,0.5,-1.3954041004180908,-0.8462833762168884,-5.90427827835083,-0.1521657005829148,-0.3591814306851421,0.5,-0.048439424484968185,0.15786811709403992,0.3922058641910553,0.05091145006829639,0.2198169109059623,0.5,0.38242021203041077,0.37119564414024353,0.38586661219596863,0.5702823116008882,0.4950357529270342,0.5,0.23020178079605103,-0.5354765057563782,-0.0025785169564187527,0.9925254073089635,0.08613201004934012,0.5
4.887,TAKEOFF,-0.7428333759307861,-0.3610168993473053,0.4143463671207428,-0.7319023542109928,-0.4429687326566055,0.5,-1.3954041004180908,-0.8462833762168884,-5.90427827835083,-0.15037346877868496,-0.3574371114841754,0.5,-0.048439424484968185,0.15786811709403992,0.3922058641910553,0.0520165661255082,0.2220604489187997,0.5,0.4156232178211212,0.3894585967063904,0.3958427608013153,0.572757542689988,0.4946780164730535,0.5,0.23020178079605103,-0.5354765057563782,-0.0025785169564187527,0.9929500681948258,0.08366737874892778,0.5
4.907,TAKEOFF,-0.7428333759307861,-0.3610168993473053,0.4143463671207428,-0.7297053237997744,-0.4441119951296529,0.5,-1.4860751628875732,-0.8890261650085449,-6.3149638175964355,-0.14860724181963247,-0.35570089892829027,0.5,-0.03354512155056,0.1632356494665146,0.4003833532333374,0.05312200824418584,0.22427674976307843,0.5,0.4156232178211212,0.3894585967063904,0.3958427608013153,0.575206970450979,0.49431155316822767,0.5,0.2309303879737854,-0.5349646210670471,-0.0033571370877325535,0.9933584556854282,0.08122459112663707,0.5
4.927,TAKEOFF,-0.7428333759307861,-0.3610168993473053,0.4143463671207428,-0.7274791438011974,-0.4452563746152032,0.5,-1.4860751628875732,-0.8890261650085449,-6.3149638175964355,-0.14683094480068748,-0.3539373086432468,0.5,-0.03354512155056,0.1632356494665146,0.4003833532333374,0.05425037631093965,0.2265110879870147,0.5,0.4156232178211212,0.3894585967063904,0.3958427608013153,0.5776806372869979,0.49392885984793994,0.5,0.2309303879737854,-0.5349646210670471,-0.0033571370877325535,0.9937588978001775,0.07875373542349544,0.5
4.947,TAKEOFF,-0.7428333759307861,-0.3610168993473053,0.4143463671207428,-0.725254020861956,-0.4463861849178595,0.5,-1.4860751628875732,-0.8890261650085449,-6.3149638175964355,-0.1450688305473697,-0.35217022155626426,0.5,-0.03354512155056,0.1632356494665146,0.4003833532333374,0.05538645274956994,0.22873301817050729,0.5,0.4156232178211212,0.3894585967063904,0.3958427608013153,0.5801448853932072,0.49353500113498505,0.5,0.2309303879737854,-0.5349646210670471,-0.0033571370877325535,0.9941458104478971,0.07628838716863146,0.5
4.967,TAKEOFF,-0.7428333759307861,-0.3610168993473053,0.4143463671207428,-0.7230179253526338,-0.4475075473904402,0.5,-1.4860751628875732,-0.8890261650085449,-6.3149638175964355,-0.1433113599472669,-0.3503900884119467,0.5,-0.03354512155056,0.1632356494665146,0.4003833532333374,0.05653637169380005,0.23095456343077644,0.5,0.4156232178211212,0.3894585967063904,0.3958427608013153,0.5826130449851515,0.49312785846906004,0.5,0.2309303879737854,-0.5349646210670471,-0.0033571370877325535,0.9945212980211476,0.07381521390255041,0.5
4.987,TAKEOFF,-0.7428333759307861,-0.3610168993473053,0.4143463671207428,-0.7207485716272951,-0.44863132762270286,0.5,-1.4860751628875732,-0.8890261650085449,-6.3149638175964355,-0.1415413125671121,-0.3485790719533965,0.5,-0.03354512155056,0.1632356494665146,0.4003833532333374,0.057711775976505286,0.2331976133886086,0.5,0.4454629123210907,0.41331371665000916,0.40721699595451355,0.5851095321625404,0.49270312312291414,0.5,0.2309303879737854,-0.5349646210670471,-0.0033571370877325535,0.994888807666547,0.07130966306457663,0.5
5.007,TRACK,-0.752234935760498,-0.37701156735420227,0.424924373626709,-0.7185308665738458,-0.44971575506589045,0.5,-1.57575261592865,-0.9323961138725281,-6.7200188636779785,-0.13982465223079216,-0.3468050156202044,0.5,-0.01899532414972782,0.16985741257667542,0.4105479419231415,0.058868526594970105,0.23537846794366596,0.5,0.4454629123210907,0.41331371665000916,0.40721699595451355,0.587541103697579,0.4922769090292675,0.5,0.22720320522785187,-0.5361352562904358,0.0008963050204329193,0.9952348509028128,0.06886539371316143,0.5
5.027,TRACK,-0.752234935760498,-0.37701156735420227,0.424924373626709,-0.7162728770482297,-0.4508059922552952,0.5,-1.57575261592865,-0.9323961138725281,-6.7200188636779785,-0.13809001791096548,-0.3449944417875666,0.5,-0.01899532414972782,0.16985741257667542,0.4105479419231415,0.060054453152881215,0.237587701300782,0.5,0.4454629123210907,0.41331371665000916,0.40721699595451355,0.5900086809383559,0.4918317165004075,0.5,0.22720320522785187,-0.5361352562904358,0.0008963050204329193,0.9955739709495676,0.06638101624167239,0.5
5.047,TRACK,-0.752234935760498,-0.37701156735420227,0.424924373626709,-0.7140233735796129,-0.4518782972898804,0.5,-1.57575261592865,-0.9323961138725281,-6.7200188636779785,-0.13637506041965913,-0.3431863973341506,0.5,-0.01899532414972782,0.16985741257667542,0.4105479419231415,0.061244054602609566,0.23977743926074896,0.5,0.4454629123210907,0.41331371665000916,0.40721699595451355,0.5924588525586605,0.49137700453270694,0.5,0.22720320522785187,-0.5361352562904358,0.0008963050204329193,0.9958986588394578,0.0639102508305751,0.5
5.067,TRACK,-0.752234935760498,-0.37701156735420227,0.424924373626709,-0.7117444987967704,-0.45295062338990605,0.5,-1.57575261592865,-0.9323961138725281,-6.7200188636779785,-0.1346510066586855,-0.3413504256105273,0.5,-0.01899532414972782,0.16985741257667542,0.4105479419231415,0.062457405562738266,0.2419844582883576,0.5,0.4454629123210907,0.41331371665000916,0.40721699595451355,0.5949327984532761,0.4909050455819635,0.5,0.22720320522785187,-0.5361352562904358,0.0008963050204329193,0.9962142905285298,0.06141154513011231,0.5
5.087,TRACK,-0.752234935760498,-0.37701156735420227,0.424924373626709,-0.7094738902485176,-0.45400516440251204,0.5,-1.57575261592865,-0.9323961138725281,-6.7200188636779785,-0.13294642192796297,-0.33951681964891667,0.5,-0.01899532414972782,0.16985741257667542,0.4105479419231415,0.06367452281070035,0.24417223010721337,0.5,0.47451263666152954,0.43679776787757874,0.41579821705818176,0.5973896030115329,0.49042355696403495,0.5,0.22720320522785187,-0.5361352562904358,0.0008963050204329193,0.9965155620012861,0.05892619698018048,0.5
5.107,TRACK,-0.7572859525680542,-0.3905530571937561,0.4278062582015991,-0.7072181550642065,-0.455039158987209,0.5,-1.665277123451233,-0.9768831133842468,-7.1234869956970215,-0.1312659741336114,-0.3376910099016044,0.5,0.0032571398187428713,0.17119263112545013,0.4232953190803528,0.06489168414178237,0.24633463717274015,0.5,0.47451263666152954,0.43679776787757874,0.41579821705818176,0.5998222978782852,0.48993418828073115,0.5,0.22729137539863586,-0.5352606773376465,0.0003424329624976963,0.9968018887821144,0.05646134343534213,0.5
5.127,TRACK,-0.7572859525680542,-0.3905530571937561,0.4278062582015991,-0.7049370642655931,-0.4560710467571913,0.5,-1.665277123451233,-0.9768831133842468,-7.1234869956970215,-0.12957969472340058,-0.33584043449053436,0.5,0.0032571398187428713,0.17119263112545013,0.4232953190803528,0.06613059695035645,0.24851024344550857,0.5,0.47451263666152954,0.43679776787757874,0.41579821705818176,0.6022742675132924,0.4894282114923694,0.5,0.22729137539863586,-0.5352606773376465,0.0003424329624976963,0.9970783765473574,0.053973026309847676,0.5
5.147,TRACK,-0.7572859525680542,-0.3905530571937561,0.4278062582015991,-0.7026488735217419,-0.4570923692869627,0.5,-1.665277123451233,-0.9768831133842468,-7.1234869956970215,-0.12790126945000097,-0.33397984179150575,0.5,0.0032571398187428713,0.17119263112545013,0.4232953190803528,0.06738146382766985,0.25068147550249953,0.5,0.47451263666152954,0.43679776787757874,0.41579821705818176,0.6047257710322731,0.4889095140020246,0.5,0.22729137539863586,-0.5352606773376465,0.0003424329624976963,0.9973426221683142,0.05148122157394437,0.5
5.167,TRACK,-0.7572859525680542,-0.3905530571937561,0.4278062582015991,-0.700362555873249,-0.45809916634276815,0.5,-1.665277123451233,-0.9768831133842468,-7.1234869956970215,-0.12623723754156674,-0.3321165418937166,0.5,0.0032571398187428713,0.17119263112545013,0.4232953190803528,0.06863935319838599,0.2528398552263729,0.5,0.47451263666152954,0.43679776787757874,0.41579821705818176,0.6071672213258972,0.4883801661342178,0.5,0.22729137539863586,-0.5352606773376465,0.0003424329624976963,0.997593632060901,0.04899568687589407,0.5
5.187,TRACK,-0.7629349231719971,-0.40593472123146057,0.4362748861312866,-0.6980613579532481,-0.45909878946226307,0.5,-1.665277123451233,-0.9768831133842468,-7.1234869956970215,-0.12457543019523126,-0.33023687314850886,0.5,0.0032571398187428713,0.17119263112545013,0.4232953190803528,0.06991349769559735,0.25500117751799706,0.5,0.5056332349777222,0.45698073506355286,0.41999101638793945,0.6096164932780879,0.4878362680258766,0.5,0.22729137539863586,-0.5352606773376465,0.0003424329624976963,0.9978332208778353,0.0464982170668983,0.5
5.207,TRACK,-0.7629349231719971,-0.40593472123146057,0.4362748861312866,-0.6957753289872953,-0.46007827655727923,0.5,-1.75467050075531,-1.0224571228027344,-7.525343894958496,-0.12293746081077633,-0.3283654085621309,0.5,0.023131011053919792,0.1719009131193161,0.4346953332424164,0.07118720590942523,0.2571372933361365,0.5,0.5056332349777222,0.45698073506355286,0.41999101638793945,0.6120416576304384,0.48728499561901517,0.5,0.22729137539863586,-0.5352606773376465,0.0003424329624976963,0.9980583466620647,0.044021396164258514,0.5
5.227,TRACK,-0.7629349231719971,-0.40593472123146057,0.4362748861312866,-0.6934770365248394,-0.4610494944553849,0.5,-1.75467050075531,-1.0224571228027344,-7.525343894958496,-0.12130356627109773,-0.32647972537511594,0.5,0.023131011053919792,0.1719009131193161,0.4346953332424164,0.0724756960123269,0.25927392753583167,0.5,0.5056332349777222,0.45698073506355286,0.41999101638793945,0.6144718828478781,0.48671982498893723,0.5,0.22892962396144867,-0.5359854698181152,-0.002209764439612627,0.9982718183438579,0.041535467305731974,0.5
5.247,TRACK,-0.7629349231719971,-0.40593472123146057,0.4362748861312866,-0.6911724391175956,-0.46200984678016244,0.5,-1.75467050075531,-1.0224571228027344,-7.525343894958496,-0.11967805717064806,-0.32458468818246367,0.5,0.023131011053919792,0.1719009131193161,0.4346953332424164,0.07377567354647047,0.2614054772556135,0.5,0.5056332349777222,0.45698073506355286,0.41999101638793945,0.6169008222490397,0.4861421579718204,0.5,0.22892962396144867,-0.5359854698181152,-0.002209764439612627,0.998473007916246,0.03904689973519219,0.5
5.267,TRACK,-0.7629349231719971,-0.40593472123146057,0.4362748861312866,-0.6888445314110169,-0.4629662438625018,0.5,-1.75467050075531,-1.0224571228027344,-7.525343894958496,-0.11804910645065436,-0.32266625934060167,0.5,0.023131011053919792,0.1719009131193161,0.4346953332424164,0.07509683434209452,0.2635475285672217,0.5,0.5056332349777222,0.45698073506355286,0.41999101638793945,0.6193462952453329,0.48554758964617856,0.5,0.22892962396144867,-0.5359854698181152,-0.002209764439612627,0.9986632325509013,0.03653738498970327,0.5
5.287,TRACK,-0.7629349231719971,-0.40593472123146057,0.4362748861312866,-0.6865422275711182,-0.4638986929630274,0.5,-1.75467050075531,-1.0224571228027344,-7.525343894958496,-0.11645084364474251,-0.32076478088962673,0.5,0.023131011053919792,0.1719009131193161,0.4346953332424164,0.0764113574449849,0.26565515597932526,0.5,0.5439289212226868,0.46768203377723694,0.4338259696960449,0.621756978007828,0.48494869657150463,0.5,0.22892962396144867,-0.5359854698181152,-0.002209764439612627,0.9988385933313263,0.03405962130182424,0.5
5.307,TRACK,-0.7640848159790039,-0.4215826690196991,0.44464415311813354,-0.6841995792941373,-0.46483385740268834,0.5,-1.8448549509048462,-1.0695737600326538,-7.929577827453613,-0.11483753128116514,-0.3188257716848068,0.5,0.03971885144710541,0.17783749103546143,0.441471129655838,0.07775692384680455,0.2677886940120639,0.5,0.5439289212226868,0.46768203377723694,0.4338259696960449,0.6242018961418498,0.48432828638720776,0.5,0.22919821739196777,-0.5359110832214355,-0.003029590006917715,0.9990040694360431,0.031542648688223575,0.5
5.327,TRACK,-0.7640848159790039,-0.4215826690196991,0.44464415311813354,-0.6818880546422359,-0.4657432077641745,0.5,-1.8448549509048462,-1.0695737600326538,-7.929577827453613,-0.11325838729392423,-0.3169083858175793,0.5,0.03971885144710541,0.17783749103546143,0.441471129655838,0.07909248384146106,0.2698830540090454,0.5,0.5439289212226868,0.46768203377723694,0.4338259696960449,0.6266064615998032,0.4837052861827929,0.5,0.22919821739196777,-0.5359110832214355,-0.003029590006917715,0.9991546126225757,0.02906325338991558,0.5
5.347,TRACK,-0.7640848159790039,-0.4215826690196991,0.44464415311813354,-0.6795641973800997,-0.4666440817360064,0.5,-1.8448549509048462,-1.0695737600326538,-7.929577827453613,-0.11168349384615106,-0.31497665159257093,0.5,0.03971885144710541,0.17783749103546143,0.441471129655838,0.08044300342421395,0.27197780538916383,0.5,0.5439289212226868,0.46768203377723694,0.4338259696960449,0.6290160220521899,0.48306817950867853,0.5,0.22919821739196777,-0.5359110832214355,-0.003029590006917715,0.9992932832973453,0.02657474843073502,0.5
5.367,TRACK,-0.7640848159790039,-0.4215826690196991,0.44464415311813354,-0.677207760103481,-0.4675440190603523,0.5,-1.8448549509048462,-1.0695737600326538,-7.929577827453613,-0.11009942342492085,-0.31301364249249725,0.5,0.03971885144710541,0.17783749103546143,0.441471129655838,0.08182043133993894,0.2740909490575807,0.5,0.5439289212226868,0.46768203377723694,0.4338259696960449,0.631451389742391,0.48241116501879805,0.5,0.22919821739196777,-0.5359110832214355,-0.003029590006917715,0.999420995389268,0.02405554747647088,0.5
5.387,TRACK,-0.7640848159790039,-0.4215826690196991,0.44464415311813354,-0.674871466518268,-0.4684228540514972,0.5,-1.8448549509048462,-1.0695737600326538,-7.929577827453613,-0.10854164725816434,-0.3110632702018169,0.5,0.03971885144710541,0.17783749103546143,0.441471129655838,0.08319396630723191,0.276175180415082,0.5,0.581433117389679,0.49092984199523926,0.43818381428718567,0.633858057203671,0.4817489185474719,0.5,0.22919821739196777,-0.5359110832214355,-0.003029590006917715,0.9995348627126646,0.021562025290760335,0.5
5.407,TRACK,-0.7650944590568542,-0.4336652457714081,0.45037367939949036,-0.6725388146315815,-0.4692870735973118,0.5,-1.9339243173599243,-1.1172733306884766,-8.328197479248047,-0.10699889655266082,-0.30911184495126326,0.5,0.05285928398370743,0.18580979108810425,0.4475967586040497,0.08457314582174935,0.2782454470922435,0.5,0.581433117389679,0.49092984199523926,0.43818381428718567,0.636253187725734,0.48107698846918034,0.5,0.227133110165596,-0.535294771194458,-0.0009169278782792389,0.9996359552682743,0.019076482987151252,0.5
5.427,TRACK,-0.7650944590568542,-0.4336652457714081,0.45037367939949036,-0.670174541711132,-0.4701495776382302,0.5,-1.9339243173599243,-1.1172733306884766,-8.328197479248047,-0.10544800595245513,-0.30712981619033036,0.5,0.05285928398370743,0.18580979108810425,0.4475967586040497,0.08597891563843907,0.28033291227409823,0.5,0.581433117389679,0.49092984199523926,0.43818381428718567,0.6386728918530127,0.48038508414096565,0.5,0.227133110165596,-0.535294771194458,-0.0009169278782792389,0.9997256448449612,0.016561397413496687,0.5
5.447,TRACK,-0.7650944590568542,-0.4336652457714081,0.45037367939949036,-0.6678244018094504,-0.47099359884960235,0.5,-1.9339243173599243,-1.1172733306884766,-8.328197479248047,-0.10391906091071001,-0.3051555172205578,0.5,0.05285928398370743,0.18580979108810425,0.4475967586040497,0.0873841155373915,0.28239711735274375,0.5,0.581433117389679,0.49092984199523926,0.43818381428718567,0.6410702981932983,0.4796865340695462,0.5,0.227133110165596,-0.535294771194458,-0.0009169278782792389,0.9998021235491497,0.014065464647870236,0.5
5.467,TRACK,-0.7650944590568542,-0.4336652457714081,0.45037367939949036,-0.6654681636455488,-0.47182654314882483,0.5,-1.9339243173599243,-1.1172733306884766,-8.328197479248047,-0.10239876617178317,-0.3031719955046634,0.5,0.05285928398370743,0.18580979108810425,0.4475967586040497,0.08880075987971858,0.28445594548981246,0.5,0.581433117389679,0.49092984199523926,0.43818381428718567,0.6434661272857535,0.4789754381193549,0.5,0.227133110165596,-0.535294771194458,-0.0009169278782792389,0.9998661830171958,0.011567155044320925,0.5
5.487,TRACK,-0.7575172185897827,-0.4481033682823181,0.4588121175765991,-0.6630978469022406,-0.4726511317407939,0.5,-1.9339243173599243,-1.1172733306884766,-8.328197479248047,-0.1008820676623946,-0.3011725022085427,0.5,0.05285928398370743,0.18580979108810425,0.4475967586040497,0.09023370539353848,0.2865162888990617,0.5,0.610481321811676,0.5068995356559753,0.4408789575099945,0.6458684348267094,0.47824930707864705,0.5,0.227133110165596,-0.535294771194458,-0.0009169278782792389,0.9999179452151168,0.009058037971627889,0.5
5.507,TRACK,-0.7575172185897827,-0.4481033682823181,0.4588121175765991,-0.6607443889507256,-0.47345669434580584,0.5,-2.0228753089904785,-1.1660341024398804,-8.725297927856445,-0.09938867359504933,-0.29918316322290944,0.5,0.061276696622371674,0.19910791516304016,0.44443511962890625,0.09166419505283657,0.2885513306123403,0.5,0.610481321811676,0.5068995356559753,0.4408789575099945,0.6482459201240562,0.47751769304034375,0.5,0.22887034714221954,-0.5359291434288025,-0.002261979039758444,0.9999568222773322,0.006570833916031332,0.5
5.527,TRACK,-0.7575172185897827,-0.4481033682823181,0.4588121175765991,-0.65836682582246,-0.4742572598062349,0.5,-2.0228753089904785,-1.1660341024398804,-8.725297927856445,-0.0978925831853541,-0.2971693546492515,0.5,0.061276696622371674,0.19910791516304016,0.44443511962890625,0.09311712345766776,0.2905964982181259,0.5,0.610481321811676,0.5068995356559753,0.4408789575099945,0.6506399696711573,0.4767678675597516,0.5,0.22887034714221954,-0.5359291434288025,-0.002261979039758444,0.9999834978633608,0.004062248677609017,0.5
5.547,TRACK,-0.7575172185897827,-0.4481033682823181,0.4588121175765991,-0.6559960071566961,-0.4750423620596041,0.5,-2.0228753089904785,-1.1660341024398804,-8.725297927856445,-0.09641328331302695,-0.2951571820468357,0.5,0.061276696622371674,0.19910791516304016,0.44443511962890625,0.09457368452278009,0.29262519153101935,0.5,0.610481321811676,0.5068995356559753,0.4408789575099945,0.6530194737884136,0.4760094963774536,0.5,0.22887034714221954,-0.5359291434288025,-0.002261979039758444,0.9999975512190832,0.0015648561979669747,0.5
5.567,TRACK,-0.7575172185897827,-0.4481033682823181,0.4588121175765991,-0.6536372636540126,-0.4758104572378663,0.5,-2.0228753089904785,-1.1660341024398804,-8.725297927856445,-0.09495388956090511,-0.2931512381317202,0.5,0.061276696622371674,0.19910791516304016,0.44443511962890625,0.09603047308368307,0.29463302822834897,0.5,0.610481321811676,0.5068995356559753,0.4408789575099945,0.6553792123855955,0.4752444637851471,0.5,0.22887034714221954,-0.5359291434288025,-0.002261979039758444,0.9999991613158037,-0.0009157966439094934,0.5
5.587,TRACK,-0.7575172185897827,-0.4481033682823181,0.4588121175765991,-0.6512378959253732,-0.4765785337550003,0.5,-2.0228753089904785,-1.1660341024398804,-8.725297927856445,-0.09348195998036707,-0.2911066525151841,0.5,0.061276696622371674,0.19910791516304016,0.44443511962890625,0.09752013830250367,0.29666472814941147,0.5,0.6330103874206543,0.521759033203125,0.4406621754169464,0.6577718057032231,0.47445553777476807,0.5,0.22887034714221954,-0.5359291434288025,-0.002261979039758444,0.9999882000885327,-0.0034350796539950952,0.5
5.607,TRACK,-0.7511779069900513,-0.4578898847103119,0.4542468190193176,-0.6488525844223152,-0.47732893072890265,0.5,-2.112581968307495,-1.2163804769515991,-9.12473201751709,-0.09203118825720619,-0.28906997188427036,0.5,0.07024965435266495,0.21209268271923065,0.4433942139148712,0.09900882357073093,0.298673862977447,0.5,0.6330103874206543,0.521759033203125,0.4406621754169464,0.6601426355206998,0.4736605707555615,0.5,0.2287868857383728,-0.5357394218444824,-0.0037234616465866566,0.9999647682290478,-0.005935531119835505,0.5
5.627,TRACK,-0.7511779069900513,-0.4578898847103119,0.4542468190193176,-0.6464771135121944,-0.47806323349232344,0.5,-2.112581968307495,-1.2163804769515991,-9.12473201751709,-0.09059876394825062,-0.28703767682884385,0.5,0.07024965435266495,0.21209268271923065,0.4433942139148712,0.10049900757160568,0.30066419316028975,0.5,0.6330103874206543,0.521759033203125,0.4406621754169464,0.6624960441916873,0.4728583674019666,0.5,0.2287868857383728,-0.5357394218444824,-0.0037234616465866566,0.999929070776262,-0.008421650241089056,0.5
5.647,TRACK,-0.7511779069900513,-0.4578898847103119,0.4542468190193176,-0.644090686234353,-0.4787879218824481,0.5,-2.112581968307495,-1.2163804769515991,-9.12473201751709,-0.08917209774784612,-0.284991990643763,0.5,0.07024965435266495,0.21209268271923065,0.4433942139148712,0.10200370664699648,0.30265318514311057,0.5,0.6330103874206543,0.521759033203125,0.4406621754169464,0.6648526655635238,0.47204194586562004,0.5,0.2287868857383728,-0.5357394218444824,-0.0037234616465866566,0.9998808438072806,-0.010915218482519404,0.5
5.667,TRACK,-0.7511779069900513,-0.4578898847103119,0.4542468190193176,-0.6416924426642372,-0.47950313001255984,0.5,-2.112581968307495,-1.2163804769515991,-9.12473201751709,-0.08775079637537991,-0.28293213693546115,0.5,0.07024965435266495,0.21209268271923065,0.4433942139148712,0.10352353766067118,0.3046414528768053,0.5,0.6330103874206543,0.521759033203125,0.4406621754169464,0.6672132741595972,0.47121090919547626,0.5,0.2287868857383728,-0.5357394218444824,-0.0037234616465866566,0.9998199491401144,-0.013417095124260548,0.5
5.687,TRACK,-0.7511779069900513,-0.4578898847103119,0.4542468190193176,-0.6392745347998892,-0.4802109994120027,0.5,-2.112581968307495,-1.2163804769515991,-9.12473201751709,-0.08633039794943742,-0.28085131357949744,0.5,0.07024965435266495,0.21209268271923065,0.4433942139148712,0.10506359102021995,0.30663534183481833,0.5,0.6565514802932739,0.5308588147163391,0.4398573040962219,0.6695854779062292,0.47036237698535777,0.5,0.2287868857383728,-0.5357394218444824,-0.0037234616465866566,0.9997459983242241,-0.015935405828675905,0.5
5.707,TRACK,-0.7467293739318848,-0.4672125577926636,0.4512673020362854,-0.6368950261434839,-0.4808947408915748,0.5,-2.2012250423431396,-1.267300009727478,-9.518563270568848,-0.08494481254673764,-0.2787995541031894,0.5,0.08006251603364944,0.2241545021533966,0.4445856213569641,0.10658676080344098,0.3085871404074885,0.5,0.6565514802932739,0.5308588147163391,0.4398573040962219,0.6719124340055965,0.4695168953661534,0.5,0.22974728047847748,-0.5357047915458679,-0.0029430112335830927,0.999660966500741,-0.018409740778877665,0.5
5.727,TRACK,-0.7467293739318848,-0.4672125577926636,0.4512673020362854,-0.6344890257937011,-0.48157315326029254,0.5,-2.2012250423431396,-1.267300009727478,-9.518563270568848,-0.08355610904617844,-0.276720952743448,0.5,0.08006251603364944,0.2241545021533966,0.4445856213569641,0.10813449518958224,0.3105501990655882,0.5,0.6565514802932739,0.5308588147163391,0.4398573040962219,0.6742576899623479,0.46865153097902734,0.5,0.22974728047847748,-0.5357047915458679,-0.0029430112335830927,0.9995626800081903,-0.020907624040874973,0.5
5.747,TRACK,-0.7467293739318848,-0.4672125577926636,0.4512673020362854,-0.6320613826145148,-0.4822445346729631,0.5,-2.2012250423431396,-1.267300009727478,-9.518563270568848,-0.08216740438009162,-0.27461959514486606,0.5,0.08006251603364944,0.2241545021533966,0.4445856213569641,0.10970387168479129,0.31252029089670025,0.5,0.6565514802932739,0.5308588147163391,0.4398573040962219,0.676616322643619,0.4677677570930312,0.5,0.22974728047847748,-0.5357047915458679,-0.0029430112335830927,0.9994510186769829,-0.023423918171902217,0.5
5.767,TRACK,-0.7467293739318848,-0.4672125577926636,0.4512673020362854,-0.6296622509710381,-0.482895123886257,0.5,-2.2012250423431396,-1.267300009727478,-9.518563270568848,-0.08080728481978011,-0.2725389284851525,0.5,0.08006251603364944,0.2241545021533966,0.4445856213569641,0.11126240321123193,0.31445680282495586,0.5,0.6565514802932739,0.5308588147163391,0.4398573040962219,0.6789396676598092,0.4668839206245992,0.5,0.22974728047847748,-0.5357047915458679,-0.0029430112335830927,0.9993283933381405,-0.02590667107814547,0.5
5.787,TRACK,-0.7349311709403992,-0.47583797574043274,0.4534875750541687,-0.6272509800560064,-0.48353612902738285,0.5,-2.2012250423431396,-1.267300009727478,-9.518563270568848,-0.07945252901254685,-0.2704437550509482,0.5,0.08006251603364944,0.2241545021533966,0.4445856213569641,0.11283638899093718,0.31639269636074585,0.5,0.6717597246170044,0.5358217358589172,0.4364859163761139,0.6812672001767093,0.4659851951941143,0.5,0.22974728047847748,-0.5357047915458679,-0.0029430112335830927,0.9991929017638002,-0.028398007476529003,0.5
5.807,TRACK,-0.7349311709403992,-0.47583797574043274,0.4534875750541687,-0.6248158200240181,-0.48417043597449433,0.5,-2.289735794067383,-1.3193515539169312,-9.910826683044434,-0.07809676142325822,-0.2683237918606118,0.5,0.08558083325624466,0.24119284749031067,0.44321149587631226,0.11443363857189953,0.3183372126143838,0.5,0.6717597246170044,0.5358217358589172,0.4364859163761139,0.6836101222955492,0.46506700914020277,0.5,0.2283412218093872,-0.5359535217285156,-0.0008511019987054169,0.9990436576852748,-0.03090999391948045,0.5
5.827,TRACK,-0.7349311709403992,-0.47583797574043274,0.4534875750541687,-0.6224053828074931,-0.4847854394056726,0.5,-2.289735794067383,-1.3193515539169312,-9.910826683044434,-0.07676699233871215,-0.26622137635054827,0.5,0.08558083325624466,0.24119284749031067,0.44321149587631226,0.1160222332969863,0.3202515802892563,0.5,0.6717597246170044,0.5358217358589172,0.4364859163761139,0.6859216969145476,0.46414773792017455,0.5,0.2283412218093872,-0.5359535217285156,-0.0008511019987054169,0.9988836946422607,-0.033392502453209946,0.5
5.847,TRACK,-0.7349311709403992,-0.47583797574043274,0.4534875750541687,-0.6199731968903606,-0.48539306961256334,0.5,-2.289735794067383,-1.3193515539169312,-9.910826683044434,-0.07543751488907757,-0.2640959981454429,0.5,0.08558083325624466,0.24119284749031067,0.44321149587631226,0.1176327569629681,0.3221727664658504,0.5,0.6717597246170044,0.5358217358589172,0.4364859163761139,0.6882465327294451,0.4632097180709208,0.5,0.2283412218093872,-0.5359535217285156,-0.0008511019987054169,0.9987099985281485,-0.03589341677876494,0.5
5.867,TRACK,-0.7349311709403992,-0.47583797574043274,0.4534875750541687,-0.6175465982020802,-0.4859864167351992,0.5,-2.289735794067383,-1.3193515539169312,-9.910826683044434,-0.07412334800846315,-0.2619715199949785,0.5,0.08558083325624466,0.24119284749031067,0.44321149587631226,0.11924715585213941,0.32407911329382977,0.5,0.6717597246170044,0.5358217358589172,0.4364859163761139,0.6905584529949674,0.46226342705449325,0.5,0.2283412218093872,-0.5359535217285156,-0.0008511019987054169,0.9985244449423497,-0.03838460361814525,0.5
5.887,TRACK,-0.7349311709403992,-0.47583797574043274,0.4534875750541687,-0.6151220826292928,-0.4865664457102383,0.5,-2.289735794067383,-1.3193515539169312,-9.910826683044434,-0.07282249115699418,-0.25984490747113687,0.5,0.08558083325624466,0.24119284749031067,0.44321149587631226,0.12086769767622085,0.3259734610895042,0.5,0.6906290650367737,0.5327492952346802,0.43426188826560974,0.6928608597739095,0.46130758585489184,0.5,0.2283412218093872,-0.5359535217285156,-0.0008511019987054169,0.9983268687635827,-0.0408696937630208,0.5
5.907,TRACK,-0.7265602350234985,-0.48285341262817383,0.4572354555130005,-0.6126701701389055,-0.4871400545642599,0.5,-2.3780393600463867,-1.3725062608718872,-10.301495552062988,-0.0715192740903225,-0.2576902550037851,0.5,0.09780334681272507,0.24527665972709656,0.4484766125679016,0.12251417772468615,0.327878718402293,0.5,0.6906290650367737,0.5327492952346802,0.43426188826560974,0.6951816574723313,0.46033044716415783,0.5,0.22782105207443237,-0.5358420610427856,-0.0003248347493354231,0.9981147205737546,-0.04337885599840576,0.5
5.927,TRACK,-0.7265602350234985,-0.48285341262817383,0.4572354555130005,-0.6102327251378223,-0.48769739214874763,0.5,-2.3780393600463867,-1.3725062608718872,-10.301495552062988,-0.07023600262063029,-0.2555443338376046,0.5,0.09780334681272507,0.24527665972709656,0.4484766125679016,0.12415851734070638,0.3297623082046581,0.5,0.6906290650367737,0.5327492952346802,0.43426188826560974,0.697481186713772,0.45934864851670165,0.5,0.22782105207443237,-0.5358420610427856,-0.0003248347493354231,0.9978915681870688,-0.04586923073500744,0.5
5.947,TRACK,-0.7265602350234985,-0.48285341262817383,0.4572354555130005,-0.6078055609848904,-0.4882396553135899,0.5,-2.3780393600463867,-1.3725062608718872,-10.301495552062988,-0.06897024473276653,-0.2534035320872004,0.5,0.09780334681272507,0.24527665972709656,0.4484766125679016,0.1258034000974103,0.3316276596144255,0.5,0.6906290650367737,0.5327492952346802,0.43426188826560974,0.6997635380527875,0.4583606973384962,0.5,0.22782105207443237,-0.5358420610427856,-0.0003248347493354231,0.9976572561321453,-0.04834516955213128,0.5
5.967,TRACK,-0.7265602350234985,-0.48285341262817383,0.4572354555130005,-0.6053535593614935,-0.4887746183363701,0.5,-2.3780393600463867,-1.3725062608718872,-10.301495552062988,-0.06770375449210991,-0.25123685263070383,0.5,0.09780334681272507,0.24527665972709656,0.4484766125679016,0.12747266770566135,0.3335017041840467,0.5,0.6906290650367737,0.5327492952346802,0.43426188826560974,0.7020616924116625,0.45735224112245776,0.5,0.22782105207443237,-0.5358420610427856,-0.0003248347493354231,0.9974083260290727,-0.0508424743394304,0.5
5.987,TRACK,-0.7265602350234985,-0.48285341262817383,0.4572354555130005,-0.6029204266817314,-0.48929274036271003,0.5,-2.3780393600463867,-1.3725062608718872,-10.301495552062988,-0.06645911181510777,-0.24908291445190445,0.5,0.09780334681272507,0.24527665972709656,0.4484766125679016,0.1291365689071874,0.3353510332145506,0.5,0.689995288848877,0.5266833901405334,0.4472089111804962,0.7043346825851294,0.4563412511408917,0.5,0.22782105207443237,-0.5358420610427856,-0.0003248347493354231,0.9971492100108439,-0.053316629540827803,0.5
6.007,TRACK,-0.7171785235404968,-0.48765096068382263,0.4616830348968506,-0.6004634343548102,-0.4898031220374537,0.5,-2.46795392036438,-1.4278578758239746,-10.698348045349121,-0.0652144576134776,-0.24690389250001216,0.5,0.10603317618370056,0.2577753961086273,0.44881418347358704,0.13082432263326088,0.3372081245177959,0.5,0.689995288848877,0.5266833901405334,0.4472089111804962,0.7066224259541123,0.4553099747346168,0.5,0.22727558016777039,-0.5345428586006165,-0.0019379177829250693,0.9968753594443389,-0.05581108471494679,0.5
6.027,TRACK,-0.7171785235404968,-0.48765096068382263,0.4616830348968506,-0.5980183773836699,-0.4902982742118031,0.5,-2.46795392036438,-1.4278578758239746,-10.698348045349121,-0.06398797575520765,-0.244731515571572,0.5,0.10603317618370056,0.2577753961086273,0.44881418347358704,0.13251137212940511,0.3390458794702974,0.5,0.689995288848877,0.5266833901405334,0.4472089111804962,0.7088915617417029,0.45427339282981605,0.5,0.22727558016777039,-0.5345428586006165,-0.0019379177829250693,0.9965907129900144,-0.05828948251673829,0.5
6.047,TRACK,-0.7171785235404968,-0.48765096068382263,0.4616830348968506,-0.5955735716110456,-0.4907806968591046,0.5,-2.46795392036438,-1.4278578758239746,-10.698348045349121,-0.06277367802119632,-0.2425554439069292,0.5,0.10603317618370056,0.2577753961086273,0.44881418347358704,0.1342057006299484,0.34087318836830377,0.5,0.689995288848877,0.5266833901405334,0.4472089111804962,0.7111530120771575,0.45322666017208624,0.5,0.22727558016777039,-0.5345428586006165,-0.0019379177829250693,0.9962940376606519,-0.060763707774356135,0.5
6.067,TRACK,-0.7171785235404968,-0.48765096068382263,0.4616830348968506,-0.5931044018627684,-0.49125509702574705,0.5,-2.46795392036438,-1.4278578758239746,-10.698348045349121,-0.061559481237165314,-0.24035372164161803,0.5,0.10603317618370056,0.2577753961086273,0.44881418347358704,0.13592445549666377,0.3427083277286959,0.5,0.689995288848877,0.5266833901405334,0.4472089111804962,0.713429457787148,0.4521591164055902,0.5,0.22727558016777039,-0.5345428586006165,-0.0019379177829250693,0.9959822036162546,-0.06325862546692095,0.5
6.087,TRACK,-0.7171785235404968,-0.48765096068382263,0.4616830348968506,-0.590661482805733,-0.4917118012977376,0.5,-2.46795392036438,-1.4278578758239746,-10.698348045349121,-0.06037022615876253,-0.23817149693509165,0.5,0.10603317618370056,0.2577753961086273,0.44881418347358704,0.13763237449395277,0.3445137210404095,0.5,0.7035426497459412,0.5230899453163147,0.4491268992424011,0.7156742648559069,0.4510926861287646,0.5,0.22727558016777039,-0.5345428586006165,-0.0019379177829250693,0.9956616516856447,-0.06572310893634475,0.5
6.107,TRACK,-0.708475649356842,-0.492154598236084,0.45967674255371094,-0.5882000723606655,-0.49215927019164574,0.5,-2.547239303588867,-1.4776582717895508,-11.047151565551758,-0.059184040293713935,-0.2359688319847051,0.5,0.11389396339654922,0.26614078879356384,0.44949787855148315,0.13936068175744548,0.34632251173948464,0.5,0.7035426497459412,0.5230899453163147,0.4491268992424011,0.7179286033527974,0.45000791530894113,0.5,0.22896118462085724,-0.5359153151512146,-0.0020351822022348642,0.9953266022353775,-0.06820232487207487,0.5
6.127,TRACK,-0.708475649356842,-0.492154598236084,0.45967674255371094,-0.5857220082126162,-0.4925969318905632,0.5,-2.547239303588867,-1.4776582717895508,-11.047151565551758,-0.058002035348127146,-0.2337472978316579,0.5,0.11389396339654922,0.26614078879356384,0.44949787855148315,0.1411082266742517,0.348133157052154,0.5,0.7035426497459412,0.5230899453163147,0.4491268992424011,0.7201906504538375,0.44890542150069423,0.5,0.22896118462085724,-0.5359153151512146,-0.0020351822022348642,0.9949770793111673,-0.07069434883062709,0.5
6.147,TRACK,-0.708475649356842,-0.492154598236084,0.45967674255371094,-0.5832447701897295,-0.49302161031344166,0.5,-2.547239303588867,-1.4776582717895508,-11.047151565551758,-0.0568326335185349,-0.23152253731739117,0.5,0.11389396339654922,0.26614078879356384,0.44949787855148315,0.1428627346199441,0.349932813089678,0.5,0.7035426497459412,0.5230899453163147,0.4491268992424011,0.7224443978273994,0.4477929095856763,0.5,0.22896118462085724,-0.5359153151512146,-0.0020351822022348642,0.994615463844392,-0.07318157504452141,0.5
6.167,TRACK,-0.708475649356842,-0.492154598236084,0.45967674255371094,-0.5807927807757551,-0.4934293531748195,0.5,-2.547239303588867,-1.4776582717895508,-11.047151565551758,-0.05568714061430308,-0.2293165562808449,0.5,0.11389396339654922,0.26614078879356384,0.44949787855148315,0.1446067704852314,0.3517039272101792,0.5,0.7035426497459412,0.5230899453163147,0.4491268992424011,0.7246677641739776,0.44668153727355464,0.5,0.22896118462085724,-0.5359153151512146,-0.0020351822022348642,0.9942455439507327,-0.07563955502806932,0.5
6.187,TRACK,-0.708475649356842,-0.492154598236084,0.45967674255371094,-0.5783335847789564,-0.49382572785920953,0.5,-2.547239303588867,-1.4776582717895508,-11.047151565551758,-0.054550232532309895,-0.22710020841685902,0.5,0.11389396339654922,0.26614078879356384,0.44949787855148315,0.1463633186452739,0.35347008020540566,0.5,0.7035426497459412,0.5230899453163147,0.4491268992424011,0.7268902787217532,0.44555673198995116,0.5,0.22896118462085724,-0.5359153151512146,-0.0020351822022348642,0.9938625853217067,-0.07810087591928823,0.5
6.207,TRACK,-0.6987118124961853,-0.4967241883277893,0.45730072259902954,-0.5758459624846505,-0.49421391115060387,0.5,-2.6352500915527344,-1.5340392589569092,-11.43326187133789,-0.05341233071898582,-0.22485429425775155,0.5,0.12674058973789215,0.2724307179450989,0.4502464532852173,0.1481476789430854,0.3552463147829431,0.5,0.7145980596542358,0.5153899788856506,0.4478052258491516,0.7291309758473006,0.44440859117175463,0.5,0.22773616015911102,-0.5354057550430298,-0.00025495607405900955,0.9934630520059776,-0.08058670054634223,0.5
6.227,TRACK,-0.6987118124961853,-0.4967241883277893,0.45730072259902954,-0.5733983960760811,-0.4945833351958583,0.5,-2.6352500915527344,-1.5340392589569092,-11.43326187133789,-0.05230464795836132,-0.22264067858393086,0.5,0.12674058973789215,0.2724307179450989,0.4502464532852173,0.14991065975683654,0.3569838285526482,0.5,0.7145980596542358,0.5153899788856506,0.4478052258491516,0.7313282406723373,0.4432688180635327,0.5,0.22773616015911102,-0.5354057550430298,-0.00025495607405900955,0.9930580555363837,-0.08302863283639161,0.5
6.247,TRACK,-0.6987118124961853,-0.4967241883277893,0.45730072259902954,-0.5709240435684487,-0.4949442191236309,0.5,-2.6352500915527344,-1.5340392589569092,-11.43326187133789,-0.05119680997229431,-0.22039894877461436,0.5,0.12674058973789215,0.2724307179450989,0.4502464532852173,0.15170033073505124,0.35873017769617227,0.5,0.7145980596542358,0.5153899788856506,0.4478052258491516,0.7335421561516202,0.4421063913811383,0.5,0.22773616015911102,-0.5354057550430298,-0.00025495607405900955,0.9926366595725854,-0.08549340117906518,0.5
6.267,TRACK,-0.6987118124961853,-0.4967241883277893,0.45730072259902954,-0.568432624908284,-0.49529483729205387,0.5,-2.6352500915527344,-1.5340392589569092,-11.43326187133789,-0.05009346157239042,-0.2181378157956246,0.5,0.12674058973789215,0.2724307179450989,0.4502464532852173,0.1535098425826426,0.3604782528986942,0.5,0.7145980596542358,0.5153899788856506,0.4478052258491516,0.7357638443763812,0.44092562829219795,0.5,0.22773616015911102,-0.5354057550430298,-0.00025495607405900955,0.9922002265603018,-0.08797122810321355,0.5
6.287,TRACK,-0.6987118124961853,-0.4967241883277893,0.45730072259902954,-0.5659713492139624,-0.49562867257947196,0.5,-2.6352500915527344,-1.5340392589569092,-11.43326187133789,-0.049015389329534864,-0.21590016428527553,0.5,0.12674058973789215,0.2724307179450989,0.4502464532852173,0.15530483298855152,0.3621950328744855,0.5,0.7331341505050659,0.5151060223579407,0.44162851572036743,0.7379512816995685,0.4397490051580931,0.5,0.22773616015911102,-0.5354057550430298,-0.00025495607405900955,0.9917571467683827,-0.09041520116783108,0.5
6.307,TRACK,-0.689335286617279,-0.5010724663734436,0.4552667438983917,-0.5634917435579557,-0.4959524155601733,0.5,-2.72308611869812,-1.5915580987930298,-11.817734718322754,-0.047941251171079724,-0.21364196125113433,0.5,0.13079188764095306,0.283479243516922,0.44875937700271606,0.15712058475401974,0.3639144220837842,0.5,0.7331341505050659,0.5151060223579407,0.44162851572036743,0.7401476161642155,0.43855344309518834,0.5,0.2288798838853836,-0.535680890083313,-0.0004806371871381998,0.9912988043527291,-0.09287348836766489,0.5
6.327,TRACK,-0.689335286617279,-0.5010724663734436,0.4552667438983917,-0.5610120879222138,-0.4962635641746954,0.5,-2.72308611869812,-1.5915580987930298,-11.817734718322754,-0.04687907552206033,-0.2113798188102575,0.5,0.13079188764095306,0.283479243516922,0.44875937700271606,0.15894377973664525,0.36562365161416194,0.5,0.7331341505050659,0.5151060223579407,0.44162851572036743,0.7423365882806158,0.43734766259866,0.5,0.2288798838853836,-0.535680890083313,-0.0004806371871381998,0.9908284685384647,-0.09532793122786887,0.5
6.347,TRACK,-0.689335286617279,-0.5010724663734436,0.4552667438983917,-0.5585056614058986,-0.4965652903530998,0.5,-2.72308611869812,-1.5915580987930298,-11.817734718322754,-0.04581758848525863,-0.20908930405607581,0.5,0.13079188764095306,0.283479243516922,0.44875937700271606,0.16079417118559952,0.3673409937623837,0.5,0.7331341505050659,0.5151060223579407,0.44162851572036743,0.7445416801253634,0.43611852366239207,0.5,0.2288798838853836,-0.535680890083313,-0.0004806371871381998,0.9903408987978797,-0.09780492301560009,0.5
6.367,TRACK,-0.689335286617279,-0.5010724663734436,0.4552667438983917,-0.5560488583093468,-0.4968485941232186,0.5,-2.72308611869812,-1.5915580987930298,-11.817734718322754,-0.044788956679928715,-0.20684029114138322,0.5,0.13079188764095306,0.283479243516922,0.44875937700271606,0.16261524486454831,0.36901426395491993,0.5,0.7331341505050659,0.5151060223579407,0.44162851572036743,0.7466957973603014,0.43490364859904895,0.5,0.2288798838853836,-0.535680890083313,-0.0004806371871381998,0.9898511427858746,-0.10022902728936704,0.5
6.387,TRACK,-0.689335286617279,-0.5010724663734436,0.4552667438983917,-0.5535352743613928,-0.4971257128725594,0.5,-2.72308611869812,-1.5915580987930298,-11.817734718322754,-0.04374866093087465,-0.20453536515143295,0.5,0.13079188764095306,0.283479243516922,0.44875937700271606,0.16448589068123487,0.37071590530760307,0.5,0.7331341505050659,0.5151060223579407,0.44162851572036743,0.7488922158049807,0.43365039480171924,0.5,0.2288798838853836,-0.535680890083313,-0.0004806371871381998,0.9893379582215169,-0.10270522208532981,0.5
6.407,TRACK,-0.676297664642334,-0.503987729549408,0.455559641122818,-0.5510749003827129,-0.4973845137827433,0.5,-2.811619758605957,-1.6508129835128784,-12.204438209533691,-0.04274222926689114,-0.20227538432589284,0.5,0.13835124671459198,0.29333868622779846,0.44836848974227905,0.16632425568421894,0.37237145118189374,0.5,0.7423551082611084,0.5204868912696838,0.4348071217536926,0.7510348195245367,0.43241359759642545,0.5,0.22893975675106049,-0.5359698534011841,-0.0025431355461478233,0.9888237951416404,-0.10512515066968296,0.5
6.427,TRACK,-0.676297664642334,-0.503987729549408,0.455559641122818,-0.5484569001448919,-0.49764638934523375,0.5,-2.811619758605957,-1.6508129835128784,-12.204438209533691,-0.04168416424196181,-0.19986644213927202,0.5,0.13835124671459198,0.29333868622779846,0.44836848974227905,0.16828833577432606,0.3741221348926494,0.5,0.7423551082611084,0.5204868912696838,0.4348071217536926,0.7533067528017791,0.43108663744660236,0.5,0.22893975675106049,-0.5359698534011841,-0.0025431355461478233,0.9882638470370411,-0.10769594085474589,0.5
6.447,TRACK,-0.676297664642334,-0.503987729549408,0.455559641122818,-0.5460967492918783,-0.4978705551694353,0.5,-2.811619758605957,-1.6508129835128784,-12.204438209533691,-0.04074164315125456,-0.1976910763403103,0.5,0.13835124671459198,0.29333868622779846,0.44836848974227905,0.17006597655816885,0.37569075071857333,0.5,0.7423551082611084,0.5204868912696838,0.4348071217536926,0.7553479163166892,0.42988072954335266,0.5,0.22893975675106049,-0.5359698534011841,-0.0025431355461478233,0.987747714682009,-0.1100098487521803,0.5
6.467,TRACK,-0.676297664642334,-0.503987729549408,0.455559641122818,-0.5435956997576865,-0.49809578894288764,0.5,-2.811619758605957,-1.6508129835128784,-12.204438209533691,-0.03975456629348417,-0.19538203794694414,0.5,0.13835124671459198,0.29333868622779846,0.44836848974227905,0.1719569790447501,0.3773430487004544,0.5,0.7423551082611084,0.5204868912696838,0.4348071217536926,0.7575036969839775,0.42859286746233183,0.5,0.22893975675106049,-0.5359698534011841,-0.0025431355461478233,0.9871890579201017,-0.11245808927295438,0.5
6.487,TRACK,-0.676297664642334,-0.503987729549408,0.455559641122818,-0.5411144603881042,-0.4983067339972389,0.5,-2.811619758605957,-1.6508129835128784,-12.204438209533691,-0.03878720049265,-0.19308742468268864,0.5,0.13835124671459198,0.29333868622779846,0.44836848974227905,0.17384035346986276,0.37897214274315194,0.5,0.7617483139038086,0.5168381333351135,0.43405479192733765,0.7596350521930735,0.4273050896873334,0.5,0.22893975675106049,-0.5359698534011841,-0.0025431355461478233,0.9866229334563096,-0.11488307375055767,0.5
6.507,TRACK,-0.6626986265182495,-0.505534291267395,0.4568636119365692,-0.5386047758357729,-0.49850744355793697,0.5,-2.899111270904541,-1.710677146911621,-12.585715293884277,-0.0378207791798747,-0.19076259550053795,0.5,0.1393987387418747,0.3068085312843323,0.4503818154335022,0.1757527568034466,0.38060967575645677,0.5,0.7617483139038086,0.5168381333351135,0.43405479192733765,0.7617834037662021,0.4259923115651051,0.5,0.22871913015842438,-0.535825252532959,-0.003535854397341609,0.9860382844147035,-0.11733194826308685,0.5
6.527,TRACK,-0.6626986265182495,-0.505534291267395,0.4568636119365692,-0.5361146818224809,-0.4986940241840291,0.5,-2.899111270904541,-1.710677146911621,-12.585715293884277,-0.03687384909191682,-0.18845203194729257,0.5,0.1393987387418747,0.3068085312843323,0.4503818154335022,0.17765761583741074,0.3822242631916212,0.5,0.7617483139038086,0.5168381333351135,0.43405479192733765,0.7639076014809272,0.4246796179245999,0.5,0.22871913015842438,-0.535825252532959,-0.003535854397341609,0.9854462517672644,-0.11975782498489936,0.5
6.547,TRACK,-0.6626986265182495,-0.505534291267395,0.4568636119365692,-0.5336103955597634,-0.49886906229021283,0.5,-2.899111270904541,-1.710677146911621,-12.585715293884277,-0.0359335109464714,-0.18612440392794075,0.5,0.1393987387418747,0.3068085312843323,0.4503818154335022,0.1795807411653248,0.383837854526931,0.5,0.7617483139038086,0.5168381333351135,0.43405479192733765,0.7660364964436492,0.4233492441944218,0.5,0.22871913015842438,-0.535825252532959,-0.003535854397341609,0.9848388558847909,-0.12219363250319916,0.5
6.567,TRACK,-0.6626986265182495,-0.505534291267395,0.4568636119365692,-0.5311433052831972,-0.4990291519901794,0.5,-2.899111270904541,-1.710677146911621,-12.585715293884277,-0.03501888377201029,-0.18382753208203803,0.5,0.1393987387418747,0.3068085312843323,0.4503818154335022,0.18148256076103986,0.3854174890954682,0.5,0.7617483139038086,0.5168381333351135,0.43405479192733765,0.7681265127687329,0.42202864020167935,0.5,0.22871913015842438,-0.535825252532959,-0.003535854397341609,0.9842287374150198,-0.12458944522493001,0.5
6.587,TRACK,-0.6551482081413269,-0.5086255073547363,0.45872825384140015,-0.5286490624040353,-0.4991785564538702,0.5,-2.899111270904541,-1.710677146911621,-12.585715293884277,-0.03410602824549386,-0.18150153465690427,0.5,0.1393987387418747,0.3068085312843323,0.4503818154335022,0.1834126278979964,0.38700443902563636,0.5,0.7790045142173767,0.5131656527519226,0.43696197867393494,0.7702322153864576,0.4206834317718338,0.5,0.22871913015842438,-0.535825252532959,-0.003535854397341609,0.9836000660660168,-0.12700777968669563,0.5
6.607,TRACK,-0.6551482081413269,-0.5086255073547363,0.45872825384140015,-0.5261326757148561,-0.4993166162466278,0.5,-2.986384630203247,-1.7716283798217773,-12.965453147888184,-0.033197119328578106,-0.17915097152084397,0.5,0.1471104919910431,0.31678465008735657,0.44975778460502625,0.18536727798384384,0.3885952267291818,0.5,0.7790045142173767,0.5131656527519226,0.43696197867393494,0.77234916449254,0.41931602950545,0.5,0.22881609201431274,-0.5358442068099976,-0.0021823623683303595,0.982953762480182,-0.12944366846715988,0.5
6.627,TRACK,-0.6551482081413269,-0.5086255073547363,0.45872825384140015,-0.5236576589562418,-0.49944000157447355,0.5,-2.986384630203247,-1.7716283798217773,-12.965453147888184,-0.03231495066874057,-0.176835218867785,0.5,0.1471104919910431,0.31678465008735657,0.44975778460502625,0.18729708452686855,0.3901498259061557,0.5,0.7790045142173767,0.5131656527519226,0.43696197867393494,0.7744240191876788,0.41796107198264354,0.5,0.22881609201431274,-0.5358442068099976,-0.0021823623683303595,0.9823062866604703,-0.13183567744654057,0.5
6.647,TRACK,-0.6551482081413269,-0.5086255073547363,0.45872825384140015,-0.5211435612063605,-0.4995527497867596,0.5,-2.986384630203247,-1.7716283798217773,-12.965453147888184,-0.03143082181651213,-0.17447901093383925,0.5,0.1471104919910431,0.31678465008735657,0.44975778460502625,0.18926476059563824,0.39171879070618243,0.5,0.7790045142173767,0.5131656527519226,0.43696197867393494,0.7765242387292566,0.4165745376222664,0.5,0.22881609201431274,-0.5358442068099976,-0.0021823623683303595,0.9816366176522324,-0.13426156760784994,0.5
6.667,TRACK,-0.6551482081413269,-0.5086255073547363,0.45872825384140015,-0.5186588881004496,-0.4996517245991,0.5,-2.986384630203247,-1.7716283798217773,-12.965453147888184,-0.030568884961093834,-0.17214653128462754,0.5,0.1471104919910431,0.31678465008735657,0.44975778460502625,0.19121672742874452,0.3932593172198031,0.5,0.7790045142173767,0.5131656527519226,0.43696197867393494,0.778592557432447,0.41519415571904267,0.5,0.22881609201431274,-0.5358442068099976,-0.0021823623683303595,0.980962942077265,-0.13665521705511816,0.5
6.687,TRACK,-0.6551482081413269,-0.5086255073547363,0.45872825384140015,-0.5161604686076807,-0.49973877101379693,0.5,-2.986384630203247,-1.7716283798217773,-12.965453147888184,-0.029714044818832996,-0.1697972919670317,0.5,0.1471104919910431,0.31678465008735657,0.44975778460502625,0.19318682665864834,0.39479827338048185,0.5,0.7953122854232788,0.5010673999786377,0.43941688537597656,0.7806649858599984,0.41379604361594235,0.5,0.22881609201431274,-0.5358442068099976,-0.0021823623683303595,0.9802736740548395,-0.1390582540155955,0.5
6.707,TRACK,-0.6393911838531494,-0.5106877088546753,0.46098798513412476,-0.5136548527302001,-0.4998135102184779,0.5,-3.0734925270080566,-1.8337342739105225,-13.343554496765137,-0.02886868572368123,-0.16743740534381357,0.5,0.1471104919910431,0.31678465008735657,0.44975778460502625,0.1951699818826263,0.39633150272790785,0.5,0.7953122854232788,0.5010673999786377,0.43941688537597656,0.7827360022885357,0.4123837448419823,0.5,0.22778400778770447,-0.5363171696662903,0.0004329237272031605,0.9795704773749567,-0.14146433200759861,0.5
6.727,TRACK,-0.6393911838531494,-0.5106877088546753,0.46098798513412476,-0.5111595602171191,-0.49987544870273487,0.5,-3.0734925270080566,-1.8337342739105225,-13.343554496765137,-0.02803869093214062,-0.1650833811834266,0.5,0.15148751437664032,0.3287133276462555,0.45069095492362976,0.19715230940404982,0.3978483081536223,0.5,0.7953122854232788,0.5010673999786377,0.43941688537597656,0.7847911428651502,0.4109671579890072,0.5,0.22778400778770447,-0.5363171696662903,0.0004329237272031605,0.9788582965815402,-0.14385663625646797,0.5
6.747,TRACK,-0.6393911838531494,-0.5106877088546753,0.46098798513412476,-0.5086476305703609,-0.4999252128924071,0.5,-3.0734925270080566,-1.8337342739105225,-13.343554496765137,-0.027215133425752158,-0.16270977210472223,0.5,0.15148751437664032,0.3287133276462555,0.45069095492362976,0.19915525252016986,0.3993650434299392,0.5,0.7953122854232788,0.5010673999786377,0.43941688537597656,0.7868525872948335,0.4095309428630026,0.5,0.22778400778770447,-0.5363171696662903,0.0004329237272031605,0.9781293961888835,-0.1462610012958124,0.5
6.767,TRACK,-0.6393911838531494,-0.5106877088546753,0.46098798513412476,-0.5061406677923249,-0.4999622907770788,0.5,-3.0734925270080566,-1.8337342739105225,-13.343554496765137,-0.026405176159246146,-0.16033696651504076,0.5,0.15148751437664032,0.3287133276462555,0.45069095492362976,0.20116163417807015,0.4008685958177298,0.5,0.7953122854232788,0.5010673999786377,0.43941688537597656,0.7889025566203263,0.40808738375284176,0.5,0.22778400778770447,-0.5363171696662903,0.0004329237272031605,0.9773899652500324,-0.14865672227845195,0.5
6.787,TRACK,-0.6393911838531494,-0.5106877088546753,0.46098798513412476,-0.5036639481669235,-0.4999865753036076,0.5,-3.0734925270080566,-1.8337342739105225,-13.343554496765137,-0.025616731747494792,-0.15798897050766447,0.5,0.15148751437664032,0.3287133276462555,0.45069095492362976,0.20315106835876928,0.40234402168226624,0.5,0.8027607202529907,0.4975917935371399,0.4388831555843353,0.7909205389741305,0.40665125107762967,0.5,0.22778400778770447,-0.5363171696662903,0.0004329237272031605,0.9766477127526818,-0.15101972694862376,0.5
6.807,TRACK,-0.6250994801521301,-0.5113581418991089,0.46173661947250366,-0.5011669029113621,-0.4999986383357413,0.5,-3.161323308944702,-1.89767324924469,-13.72385311126709,-0.024833629702485926,-0.15561786702781194,0.5,0.16587696969509125,0.33689919114112854,0.4471321105957031,0.20516412993385563,0.40382150725579197,0.5,0.8027607202529907,0.4975917935371399,0.4388831555843353,0.7929477814939891,0.4051932839001037,0.5,0.22742316126823425,-0.5364658832550049,0.0015541956527158618,0.9758875559583071,-0.15339828579234227,0.5
6.827,TRACK,-0.6250994801521301,-0.5113581418991089,0.46173661947250366,-0.4986442880533073,-0.4999981620417395,0.5,-3.161323308944702,-1.89767324924469,-13.72385311126709,-0.024054551823598336,-0.15321857054601498,0.5,0.16587696969509125,0.33689919114112854,0.4471321105957031,0.20720524818287478,0.4053038777366287,0.5,0.8027607202529907,0.4975917935371399,0.4388831555843353,0.7949883398258282,0.4037101427593834,0.5,0.22742316126823425,-0.5364658832550049,0.0015541956527158618,0.9751075721143914,-0.15579728790825748,0.5
6.847,TRACK,-0.6250994801521301,-0.5113581418991089,0.46173661947250366,-0.4961655754177353,-0.4999852969719439,0.5,-3.161323308944702,-1.89767324924469,-13.72385311126709,-0.023300822903496388,-0.15085719921673046,0.5,0.16587696969509125,0.33689919114112854,0.4471321105957031,0.20921813072752,0.40675042040839043,0.5,0.8027607202529907,0.4975917935371399,0.4388831555843353,0.7969860985738824,0.4022427839674247,0.5,0.22742316126823425,-0.5364658832550049,0.0015541956527158618,0.9743293723773659,-0.15815070818714067,0.5
6.867,TRACK,-0.6250994801521301,-0.5113581418991089,0.46173661947250366,-0.49364827670778405,-0.4999596539834181,0.5,-3.161323308944702,-1.89767324924469,-13.72385311126709,-0.0225473227535381,-0.14845518175592892,0.5,0.16587696969509125,0.33689919114112854,0.4471321105957031,0.21126974073426885,0.40820930585221066,0.5,0.8027607202529907,0.4975917935371399,0.4388831555843353,0.7990075634396707,0.40074240729659655,0.5,0.22742316126823425,-0.5364658832550049,0.0015541956527158618,0.9735270963647381,-0.16053687740946013,0.5
6.887,TRACK,-0.6250994801521301,-0.5113581418991089,0.46173661947250366,-0.49114931557518104,-0.49992165924793885,0.5,-3.161323308944702,-1.89767324924469,-13.72385311126709,-0.02181123643604377,-0.14606678746783863,0.5,0.16587696969509125,0.33689919114112854,0.4471321105957031,0.21331377550400665,0.40964741996530735,0.5,0.8224173784255981,0.49051138758659363,0.4378063380718231,0.8010069327190497,0.3992428164101009,0.5,0.22742316126823425,-0.5364658832550049,0.0015541956527158618,0.9727187397657189,-0.1629017896596307,0.5
6.907,TRACK,-0.6085081100463867,-0.5132640600204468,0.46287816762924194,-0.4886516779787871,-0.4998711989976046,0.5,-3.2481091022491455,-1.9621509313583374,-14.098837852478027,-0.021087414522862447,-0.14367579988155077,0.5,0.1727859526872635,0.34407246112823486,0.45301470160484314,0.2153640665562525,0.41107467130997816,0.5,0.8224173784255981,0.49051138758659363,0.4378063380718231,0.8029979041893487,0.39773391866530855,0.5,0.2286357581615448,-0.5358228087425232,-0.001787784043699503,0.9718989367527491,-0.1652615910961312,0.5
6.927,TRACK,-0.6085081100463867,-0.5132640600204468,0.46287816762924194,-0.4861578985777056,-0.4998083595021345,0.5,-3.2481091022491455,-1.9621509313583374,-14.098837852478027,-0.020376558219353635,-0.1412846562599313,0.5,0.1727859526872635,0.34407246112823486,0.45301470160484314,0.21741851260064854,0.41248963984465137,0.5,0.8224173784255981,0.49051138758659363,0.4378063380718231,0.8049784779763469,0.39621727369112875,0.5,0.2286357581615448,-0.5358228087425232,-0.001787784043699503,0.9710685526259452,-0.16761389777371422,0.5
6.947,TRACK,-0.6085081100463867,-0.5132640600204468,0.46287816762924194,-0.4836595489705195,-0.49973291832753336,0.5,-3.2481091022491455,-1.9621509313583374,-14.098837852478027,-0.019676274553544537,-0.13888527198100617,0.5,0.1727859526872635,0.34407246112823486,0.45301470160484314,0.2194840631005982,0.41389709970649813,0.5,0.8224173784255981,0.49051138758659363,0.4378063380718231,0.8069553420566044,0.39468774744462615,0.5,0.2286357581615448,-0.5358228087425232,-0.001787784043699503,0.9702247713187333,-0.16996665684258463,0.5
6.967,TRACK,-0.6085081100463867,-0.5132640600204468,0.46287816762924194,-0.48115523454026976,-0.49964474861121855,0.5,-3.2481091022491455,-1.9621509313583374,-14.098837852478027,-0.018986253218580107,-0.13647628148253468,0.5,0.1727859526872635,0.34407246112823486,0.45301470160484314,0.22156192089287735,0.41529776799681417,0.5,0.8224173784255981,0.49051138758659363,0.4378063380718231,0.8089295501309861,0.39314441755653423,0.5,0.2286357581615448,-0.5358228087425232,-0.001787784043699503,0.9693670412172866,-0.17232115545959512,0.5
6.987,TRACK,-0.5936710834503174,-0.5147396922111511,0.4623352885246277,-0.4786676506827842,-0.49954472359600427,0.5,-3.2481091022491455,-1.9621509313583374,-14.098837852478027,-0.018312676974196307,-0.1340795392154786,0.5,0.1727859526872635,0.34407246112823486,0.45301470160484314,0.2236332117373192,0.41667901116491407,0.5,0.8353297710418701,0.48286792635917664,0.43615129590034485,0.8108832545178214,0.39160133051409246,0.5,0.2286357581615448,-0.5358228087425232,-0.001787784043699503,0.9685032060878788,-0.17465607886752355,0.5
7.007,TRACK,-0.5936710834503174,-0.5147396922111511,0.4623352885246277,-0.4761741954811389,-0.4994320084245993,0.5,-3.334717273712158,-2.0277743339538574,-14.47223949432373,-0.017649355440425285,-0.13167329149437573,0.5,0.17978139221668243,0.3593970537185669,0.4513554275035858,0.22571671168562435,0.4180534388705026,0.5,0.8353297710418701,0.48286792635917664,0.43615129590034485,0.8128342498352037,0.39004452583012283,0.5,0.22816185653209686,-0.5359463095664978,-0.0010033785365521908,0.9676254875576078,-0.17699266478165038,0.5
7.027,TRACK,-0.5936710834503174,-0.5147396922111511,0.4623352885246277,-0.47365957874946074,-0.49930570015607084,0.5,-3.334717273712158,-2.0277743339538574,-14.47223949432373,-0.016992422437843102,-0.12924271746422308,0.5,0.17978139221668243,0.3593970537185669,0.4513554275035858,0.22782532149337514,0.41942930796478134,0.5,0.8353297710418701,0.48286792635917664,0.43615129590034485,0.8147943753679873,0.38846428566430496,0.5,0.22816185653209686,-0.5359463095664978,-0.0010033785365521908,0.9667283019513337,-0.17934517600879232,0.5
7.047,TRACK,-0.5936710834503174,-0.5147396922111511,0.4623352885246277,-0.4711821365176178,-0.4991688399172276,0.5,-3.334717273712158,-2.0277743339538574,-14.47223949432373,-0.016357012507595026,-0.12684423774622725,0.5,0.17978139221668243,0.3593970537185669,0.4513554275035858,0.2299100587915356,0.42077478971298676,0.5,0.8353297710418701,0.48286792635917664,0.43615129590034485,0.816718223806113,0.38689735939794273,0.5,0.22816185653209686,-0.5359463095664978,-0.0010033785365521908,0.9658325683771384,-0.1816590714474746,0.5
7.067,TRACK,-0.5936710834503174,-0.5147396922111511,0.4623352885246277,-0.46866908674056273,-0.49901740838805375,0.5,-3.334717273712158,-2.0277743339538574,-14.47223949432373,-0.015724457361368183,-0.12440739046398604,0.5,0.17978139221668243,0.3593970537185669,0.4513554275035858,0.23203216798846382,0.42212941262963083,0.5,0.8353297710418701,0.48286792635917664,0.43615129590034485,0.8186623145638803,0.38529771512012706,0.5,0.22816185653209686,-0.5359463095664978,-0.0010033785365521908,0.9649119733457249,-0.18400232889771798,0.5
7.087,TRACK,-0.580967366695404,-0.5148853659629822,0.46026143431663513,-0.4661681896960821,-0.49885409551446974,0.5,-3.334717273712158,-2.0277743339538574,-14.47223949432373,-0.0151069574460585,-0.12197842957991174,0.5,0.17978139221668243,0.3593970537185669,0.4513554275035858,0.2341514290972329,0.4234672801397487,0.5,0.8335490226745605,0.473525732755661,0.44084998965263367,0.8205895898754452,0.3836956018297498,0.5,0.22816185653209686,-0.5359463095664978,-0.0010033785365521908,0.9639838338851814,-0.18633035687511695,0.5
7.107,TRACK,-0.580967366695404,-0.5148853659629822,0.46026143431663513,-0.4636985499121022,-0.49868046354505996,0.5,-3.4220974445343018,-2.095266103744507,-14.847770690917969,-0.014508930598768621,-0.11957600734114149,0.5,0.18348939716815948,0.37667423486709595,0.44854164123535156,0.23625146796340274,0.42477842676922756,0.5,0.8335490226745605,0.473525732755661,0.44084998965263367,0.8224855121197236,0.38210351277223237,0.5,0.2289545238018036,-0.5358328223228455,-0.001978616463020444,0.9630555394060027,-0.18862546865525837,0.5
7.127,TRACK,-0.580967366695404,-0.5148853659629822,0.46026143431663513,-0.4612030588548011,-0.49849252487652806,0.5,-3.4220974445343018,-2.095266103744507,-14.847770690917969,-0.013916521748122912,-0.11714457806726249,0.5,0.18348939716815948,0.37667423486709595,0.44854164123535156,0.2383808302157685,0.4260931940331944,0.5,0.8335490226745605,0.473525732755661,0.44084998965263367,0.8243939392166925,0.38048465435478057,0.5,0.2289545238018036,-0.5358328223228455,-0.001978616463020444,0.962105649964615,-0.1909407454441843,0.5
7.147,TRACK,-0.580967366695404,-0.5148853659629822,0.46026143431663513,-0.4586963031036604,-0.49829108422958496,0.5,-3.4220974445343018,-2.095266103744507,-14.847770690917969,-0.013333473060195333,-0.11469826309211645,0.5,0.18348939716815948,0.37667423486709595,0.44854164123535156,0.24052724206067388,0.4274036591880793,0.5,0.8335490226745605,0.473525732755661,0.44084998965263367,0.826303543378627,0.3788482513864258,0.5,0.2289545238018036,-0.5358328223228455,-0.001978616463020444,0.9611394383968432,-0.1932625632528037,0.5
7.167,TRACK,-0.580967366695404,-0.5148853659629822,0.46026143431663513,-0.45620282358500935,-0.4980781136910898,0.5,-3.4220974445343018,-2.095266103744507,-14.847770690917969,-0.012765492532220979,-0.1122610116319587,0.5,0.18348939716815948,0.37667423486709595,0.44854164123535156,0.24266969030808866,0.42869699289109203,0.5,0.8335490226745605,0.473525732755661,0.44084998965263367,0.8281956297426414,0.3772103241135257,0.5,0.2289545238018036,-0.5358328223228455,-0.001978616463020444,0.9601663638320397,-0.19556819168156908,0.5
7.187,TRACK,-0.5637357831001282,-0.5169814825057983,0.4586910009384155,-0.45371284485895547,-0.4978528891840931,0.5,-3.4220974445343018,-2.095266103744507,-14.847770690917969,-0.01221024802524684,-0.10982330293889714,0.5,0.18348939716815948,0.37667423486709595,0.44854164123535156,0.24481650905676589,0.4299783552110784,0.5,0.8448920249938965,0.4564904272556305,0.44696348905563354,0.8300776812039835,0.3755645408861191,0.5,0.2289545238018036,-0.5358328223228455,-0.001978616463020444,0.9591827168550483,-0.19786670397420722,0.5
7.207,TRACK,-0.5637357831001282,-0.5169814825057983,0.4586910009384155,-0.4512177948115029,-0.4976146063541015,0.5,-3.508463144302368,-2.1633334159851074,-15.217962265014648,-0.011665855596952712,-0.1073767358888497,0.5,0.18730106949806213,0.3886122703552246,0.44617852568626404,0.2469751060803146,0.4312521339737717,0.5,0.8448920249938965,0.4564904272556305,0.44696348905563354,0.831956159960845,0.3739052124055639,0.5,0.2295348346233368,-0.5356423854827881,-0.0025594087783247232,0.9581850835503847,-0.20016600413638433,0.5
7.227,TRACK,-0.5637357831001282,-0.5169814825057983,0.4586910009384155,-0.4487504141590406,-0.49736654486518306,0.5,-3.508463144302368,-2.1633334159851074,-15.217962265014648,-0.011139313539227702,-0.10495346222541904,0.5,0.18730106949806213,0.3886122703552246,0.44617852568626404,0.24911706584459653,0.43250173797289587,0.5,0.8448920249938965,0.4564904272556305,0.44696348905563354,0.833806505955431,0.37225423648606976,0.5,0.2295348346233368,-0.5356423854827881,-0.0025594087783247232,0.9571867005017041,-0.2024359673683635,0.5
7.247,TRACK,-0.5637357831001282,-0.5169814825057983,0.4586910009384155,-0.44626444219336003,-0.49710410361131524,0.5,-3.508463144302368,-2.1633334159851074,-15.217962265014648,-0.010620702418928318,-0.10250806358066124,0.5,0.18730106949806213,0.3886122703552246,0.44617852568626404,0.2512825185109885,0.43375063619753135,0.5,0.8448920249938965,0.4564904272556305,0.44696348905563354,0.8356634404245897,0.3705806993926261,0.5,0.2295348346233368,-0.5356423854827881,-0.0025594087783247232,0.9561688964521335,-0.20471916839818088,0.5
7.267,TRACK,-0.5637357831001282,-0.5169814825057983,0.4586910009384155,-0.44378262665434004,-0.49682955521397343,0.5,-3.508463144302368,-2.1633334159851074,-15.217962265014648,-0.010114890282797662,-0.10006287661947673,0.5,0.18730106949806213,0.3886122703552246,0.44617852568626404,0.2534517249579574,0.4349872964510496,0.5,0.8448920249938965,0.4564904272556305,0.44696348905563354,0.8375098958735626,0.36889981050065196,0.5,0.2295348346233368,-0.5356423854827881,-0.0025594087783247232,0.9551408622313422,-0.20699467511825134,0.5
7.287,TRACK,-0.5485042333602905,-0.5165651440620422,0.45613420009613037,-0.44129966785190033,-0.49654231542306926,0.5,-3.508463144302368,-2.1633334159851074,-15.217962265014648,-0.009620795091389633,-0.09761268049387392,0.5,0.18730106949806213,0.3886122703552246,0.44617852568626404,0.2556293161384291,0.4362143611448713,0.5,0.8518356084823608,0.4432039260864258,0.44867610931396484,0.8393498164281041,0.3672079820622259,0.5,0.2295348346233368,-0.5356423854827881,-0.0025594087783247232,0.9541004044901766,-0.20926734729015392,0.5
7.307,TRACK,-0.5485042333602905,-0.5165651440620422,0.45613420009613037,-0.4388199802729994,-0.4962428893054326,0.5,-3.594670057296753,-2.2325925827026367,-15.586551666259766,-0.009139300649096072,-0.09516182970467454,0.5,0.19135908782482147,0.4010768234729767,0.4471047818660736,0.2578114237865985,0.43742964411631435,0.5,0.8518356084823608,0.4432039260864258,0.44867610931396484,0.8411799275640774,0.3655082174553273,0.5,0.22755101323127747,-0.5359072685241699,-4.820703179575503e-05,0.9530493677272285,-0.2115331425615344,0.5
7.327,TRACK,-0.5485042333602905,-0.5165651440620422,0.45613420009613037,-0.43632990680253647,-0.49592955067451494,0.5,-3.594670057296753,-2.2325925827026367,-15.586551666259766,-0.008667828376221987,-0.09269680214258937,0.5,0.19135908782482147,0.4010768234729767,0.4471047818660736,0.2600101113676721,0.43863977630197065,0.5,0.8518356084823608,0.4432039260864258,0.44867610931396484,0.8430102634926973,0.36379109271485793,0.5,0.22755101323127747,-0.5359072685241699,-4.820703179575503e-05,0.9519818899608721,-0.21380451619972415,0.5
7.347,TRACK,-0.5485042333602905,-0.5165651440620422,0.45613420009613037,-0.43382365426575137,-0.4956013430825841,0.5,-3.594670057296753,-2.2325925827026367,-15.586551666259766,-0.008205497719163513,-0.09021179261240914,0.5,0.19135908782482147,0.4010768234729767,0.4471047818660736,0.2622306278443539,0.43984738906205856,0.5,0.8518356084823608,0.4432039260864258,0.44867610931396484,0.8448449488049243,0.3620524289156601,0.5,0.22755101323127747,-0.5359072685241699,-4.820703179575503e-05,0.9508952713658068,-0.21608668228272535,0.5
7.367,TRACK,-0.5485042333602905,-0.5165651440620422,0.45613420009613037,-0.43137039876068173,-0.49526758205411764,0.5,-3.594670057296753,-2.2325925827026367,-15.586551666259766,-0.007764825677561427,-0.08777547014831949,0.5,0.19135908782482147,0.4010768234729767,0.4471047818660736,0.26441153304982173,0.44101935812395443,0.5,0.8518356084823608,0.4432039260864258,0.44867610931396484,0.8466334943897471,0.3603404231655854,0.5,0.22755101323127747,-0.5359072685241699,-4.820703179575503e-05,0.949819748122188,-0.21831672908710262,0.5
7.387,TRACK,-0.5485042333602905,-0.5165651440620422,0.45613420009613037,-0.42890885515395216,-0.49492024521581074,0.5,-3.594670057296753,-2.2325925827026367,-15.586551666259766,-0.007334503834108164,-0.08532707007518539,0.5,0.20172026753425598,0.4099712073802948,0.4501631259918213,0.2666071231311956,0.4421852157489021,0.5,0.8591597080230713,0.4351879060268402,0.4442521929740906,0.8484207655288516,0.35861256273071224,0.5,0.22755101323127747,-0.5359072685241699,-4.820703179575503e-05,0.9487287523518924,-0.22055046318861812,0.5
7.407,TRACK,-0.5343415141105652,-0.5158304572105408,0.4579591751098633,-0.4264335634233202,-0.4945583680511425,0.5,-3.6807472705841064,-2.3030104637145996,-15.953502655029297,-0.006913762258863254,-0.08286110155127768,0.5,0.20172026753425598,0.4099712073802948,0.4501631259918213,0.26882238226784605,0.4433473909471963,0.5,0.8591597080230713,0.4351879060268402,0.4442521929740906,0.8502106125444352,0.3568648579802325,0.5,0.22876016795635223,-0.5359255075454712,-0.002041951986029744,0.9476196795055353,-0.22279277932500843,0.5
7.427,TRACK,-0.5343415141105652,-0.5158304572105408,0.4579591751098633,-0.42395799240743587,-0.4941837847211222,0.5,-3.6807472705841064,-2.3030104637145996,-15.953502655029297,-0.0065050186610843275,-0.0803909409902836,0.5,0.20172026753425598,0.4099712073802948,0.4501631259918213,0.27104533584761914,0.44449945080153974,0.5,0.8591597080230713,0.4351879060268402,0.4442521929740906,0.8519932170099271,0.3551067095662969,0.5,0.22876016795635223,-0.5359255075454712,-0.002041951986029744,0.9464984360739335,-0.2250314346564308,0.5
7.447,TRACK,-0.5343415141105652,-0.5158304572105408,0.4579591751098633,-0.42147293776041095,-0.49379499845180663,0.5,-3.6807472705841064,-2.3030104637145996,-15.953502655029297,-0.00610685225808183,-0.07790737201048284,0.5,0.20172026753425598,0.4099712073802948,0.4501631259918213,0.27328431012441023,0.44564559457514596,0.5,0.8591597080230713,0.4351879060268402,0.4442521929740906,0.8537751456159233,0.35333149639457884,0.5,0.22876016795635223,-0.5359255075454712,-0.002041951986029744,0.9453607542411737,-0.2272747205074353,0.5
7.467,TRACK,-0.5343415141105652,-0.5158304572105408,0.4579591751098633,-0.4190036924204238,-0.49339598514628663,0.5,-3.6807472705841064,-2.3030104637145996,-15.953502655029297,-0.00572329768904789,-0.07543567824716924,0.5,0.20172026753425598,0.4099712073802948,0.4501631259918213,0.27551650570419406,0.4467741720251349,0.5,0.8591597080230713,0.4351879060268402,0.4442521929740906,0.8555382729228009,0.3515573018542951,0.5,0.22876016795635223,-0.5359255075454712,-0.002041951986029744,0.9442182312635333,-0.2294998104859741,0.5
7.487,TRACK,-0.5343415141105652,-0.5158304572105408,0.4579591751098633,-0.41653462285416537,-0.49298431092470235,0.5,-3.6807472705841064,-2.3030104637145996,-15.953502655029297,-0.005351838683808563,-0.0729602392163775,0.5,0.2143838107585907,0.4178925156593323,0.4502011835575104,0.27775600097978737,0.447892403261658,0.5,0.8649153709411621,0.43317097425460815,0.43982264399528503,0.8572938161260018,0.3497729677349565,0.5,0.22876016795635223,-0.5359255075454712,-0.002041951986029744,0.943063721356237,-0.23172082085553458,0.5
7.507,TRACK,-0.5179421305656433,-0.5159989595413208,0.45794910192489624,-0.41408508441965186,-0.49256332311777096,0.5,-3.7665956020355225,-2.374600887298584,-16.318866729736328,-0.0049952728762321374,-0.07050049733955155,0.5,0.2143838107585907,0.4178925156593323,0.4502011835575104,0.27998516962599257,0.4489916195381566,0.5,0.8649153709411621,0.43317097425460815,0.43982264399528503,0.8590280839235885,0.34799257887799373,0.5,0.22901925444602966,-0.5358110070228577,-0.0033465162850916386,0.9419063891545348,-0.23392037795882767,0.5
7.527,TRACK,-0.5179421305656433,-0.5159989595413208,0.45794910192489624,-0.4116276076480505,-0.49212835751457473,0.5,-3.7665956020355225,-2.374600887298584,-16.318866729736328,-0.004649547661809639,-0.0680288862789199,0.5,0.2143838107585907,0.4178925156593323,0.4502011835575104,0.282228976464313,0.45008419357740087,0.5,0.8649153709411621,0.43317097425460815,0.43982264399528503,0.8607605580282824,0.3461962157088408,0.5,0.22901925444602966,-0.5358110070228577,-0.0033465162850916386,0.9407333101975444,-0.23612316549274695,0.5
7.547,TRACK,-0.5179421305656433,-0.5159989595413208,0.45794910192489624,-0.4091695777387276,-0.4916806223473109,0.5,-3.7665956020355225,-2.374600887298584,-16.318866729736328,-0.004315796095547775,-0.06555280314074616,0.5,0.2143838107585907,0.4178925156593323,0.4502011835575104,0.28448073656188755,0.4511667619484989,0.5,0.8649153709411621,0.43317097425460815,0.43982264399528503,0.8624859738693562,0.34438919661915124,0.5,0.22901925444602966,-0.5358110070228577,-0.0033465162850916386,0.9395479157344808,-0.23832253307959303,0.5
7.567,TRACK,-0.5179421305656433,-0.5159989595413208,0.45794910192489624,-0.4067143428432494,-0.4912207102401457,0.5,-3.7665956020355225,-2.374600887298584,-16.318866729736328,-0.003994489194105111,-0.06307561533733352,0.5,0.2143838107585907,0.4178925156593323,0.4502011835575104,0.2867373928714543,0.4522378361003594,0.5,0.8649153709411621,0.43317097425460815,0.43982264399528503,0.864201971071038,0.3425739690460599,0.5,0.22901925444602966,-0.5358110070228577,-0.0033465162850916386,0.9383518040201533,-0.24051547956893998,0.5
7.587,TRACK,-0.5179421305656433,-0.5159989595413208,0.45794910192489624,-0.4042594179341553,-0.49074814410825157,0.5,-3.7665956020355225,-2.374600887298584,-16.318866729736328,-0.0036853127763989413,-0.060594812039803006,0.5,0.22926881909370422,0.4315665662288666,0.4467006027698517,0.289001236245886,0.45329849072574196,0.5,0.8747140765190125,0.4228191077709198,0.4388441741466522,0.8659102796393492,0.34074868635734057,0.5,0.22901925444602966,-0.5358110070228577,-0.0033465162850916386,0.9371437534042104,-0.24270422093502786,0.5
7.607,TRACK,-0.4995124042034149,-0.5155274271965027,0.4582517445087433,-0.40179250936284944,-0.4902604295502075,0.5,-3.8522346019744873,-2.4473302364349365,-16.682632446289062,-0.0033868402128160446,-0.058097930481118464,0.5,0.22926881909370422,0.4315665662288666,0.4467006027698517,0.2912836786281883,0.45435393383684775,0.5,0.8747140765190125,0.4228191077709198,0.4388441741466522,0.8676193791725583,0.33890410451451136,0.5,0.23028093576431274,-0.5351608395576477,-0.0034045798238366842,0.9359175926235879,-0.24489967832003304,0.5
7.627,TRACK,-0.4995124042034149,-0.5155274271965027,0.4582517445087433,-0.39935301494264064,-0.4897654381424476,0.5,-3.8522346019744873,-2.4473302364349365,-16.682632446289062,-0.0031037597831488073,-0.05562487265924585,0.5,0.22926881909370422,0.4315665662288666,0.4467006027698517,0.29354821972131284,0.45538737621914893,0.5,0.8747140765190125,0.4228191077709198,0.4388441741466522,0.8693020229666972,0.3370697492103155,0.5,0.23028093576431274,-0.5351608395576477,-0.0034045798238366842,0.9346929825862004,-0.2470668146277709,0.5
7.647,TRACK,-0.4995124042034149,-0.5155274271965027,0.4582517445087433,-0.39690668317460553,-0.48925634183517624,0.5,-3.8522346019744873,-2.4473302364349365,-16.682632446289062,-0.00283198105339888,-0.053140953479515834,0.5,0.22926881909370422,0.4315665662288666,0.4467006027698517,0.2958265829969432,0.45641342639025845,0.5,0.8747140765190125,0.4228191077709198,0.4388441741466522,0.8709819076395063,0.33521996391049386,0.5,0.23028093576431274,-0.5351608395576477,-0.0034045798238366842,0.9334528451355459,-0.24923609498606014,0.5
7.667,TRACK,-0.4995124042034149,-0.5155274271965027,0.4582517445087433,-0.3944656061913615,-0.4887356051316941,0.5,-3.8522346019744873,-2.4473302364349365,-16.682632446289062,-0.0025728968161197185,-0.05065843481685274,0.5,0.22926881909370422,0.4315665662288666,0.4467006027698517,0.29810753711559934,0.457426970598008,0.5,0.8747140765190125,0.4228191077709198,0.4388441741466522,0.872650699048894,0.33336385001732055,0.5,0.23028093576431274,-0.5351608395576477,-0.0034045798238366842,0.9322032608280253,-0.25139678066678167,0.5
7.687,TRACK,-0.4995124042034149,-0.5155274271965027,0.4582517445087433,-0.39202203769107125,-0.48820155638384805,0.5,-3.8522346019744873,-2.4473302364349365,-16.682632446289062,-0.002325703164268944,-0.04816943293272897,0.5,0.22926881909370422,0.4315665662288666,0.4467006027698517,0.3003983315372427,0.458431209612613,0.5,0.8883283138275146,0.41207849979400635,0.43900877237319946,0.874313681514559,0.33149550197705135,0.5,0.23028093576431274,-0.5351608395576477,-0.0034045798238366842,0.930940246092858,-0.25355572227308726,0.5
7.707,TRACK,-0.4837924540042877,-0.5153778791427612,0.4572567939758301,-0.38958378732126486,-0.4876558827469267,0.5,-3.9376378059387207,-2.5212652683258057,-17.0447940826416,-0.002091208831622282,-0.04568189660297449,0.5,0.24397297203540802,0.4358539283275604,0.4459291994571686,0.3026916564393042,0.4594229179757301,0.5,0.8883283138275146,0.41207849979400635,0.43900877237319946,0.8759655285839263,0.3296208751226308,0.5,0.2314852625131607,-0.5346079468727112,-0.004074747674167156,0.9296678188238823,-0.2557060137484596,0.5
7.727,TRACK,-0.4837924540042877,-0.5153778791427612,0.4572567939758301,-0.3871425456010857,-0.48709669983135484,0.5,-3.9376378059387207,-2.5212652683258057,-17.0447940826416,-0.0018686382083653585,-0.04318734073327064,0.5,0.24397297203540802,0.4358539283275604,0.4459291994571686,0.30499534194941336,0.46040545537447075,0.5,0.8883283138275146,0.41207849979400635,0.43900877237319946,0.8776118551518213,0.32773356076056653,0.5,0.2314852625131607,-0.5346079468727112,-0.004074747674167156,0.9283816190893143,-0.25785497557041176,0.5
7.747,TRACK,-0.4837924540042877,-0.5153778791427612,0.4572567939758301,-0.38467612240060445,-0.4865186566365566,0.5,-3.9376378059387207,-2.5212652683258057,-17.0447940826416,-0.0016562232712089564,-0.040663007705836,0.5,0.24397297203540802,0.4358539283275604,0.4459291994571686,0.30733048549901376,0.46138753578955105,0.5,0.8883283138275146,0.41207849979400635,0.43900877237319946,0.8792674681712407,0.32581618680933716,0.5,0.2314852625131607,-0.5346079468727112,-0.004074747674167156,0.927069700657932,-0.2600220582564955,0.5
7.767,TRACK,-0.4837924540042877,-0.5153778791427612,0.4572567939758301,-0.3822814491739467,-0.48594479397500895,0.5,-3.9376378059387207,-2.5212652683258057,-17.0447940826416,-0.0014620043719203446,-0.038208204814370116,0.5,0.24397297203540802,0.4358539283275604,0.4459291994571686,0.3096051248446536,0.4623308247506109,0.5,0.8883283138275146,0.41207849979400635,0.43900877237319946,0.8808674914982826,0.3239443685570188,0.5,0.2314852625131607,-0.5346079468727112,-0.004074747674167156,0.9257839301111968,-0.2621221945182505,0.5
7.787,TRACK,-0.4837924540042877,-0.5153778791427612,0.4572567939758301,-0.3798517626654876,-0.48534977188148515,0.5,-3.9376378059387207,-2.5212652683258057,-17.0447940826416,-0.0012770895891883738,-0.035713563689018235,0.5,0.2590712606906891,0.4496304392814636,0.44374945759773254,0.311920527732362,0.4632775756622878,0.5,0.9008370041847229,0.4018387794494629,0.43993446230888367,0.8824834039632681,0.32203485167396323,0.5,0.2314852625131607,-0.5346079468727112,-0.004074747674167156,0.924467216049694,-0.2642490917657475,0.5
7.807,TRACK,-0.47127917408943176,-0.512567937374115,0.45731350779533386,-0.3774107814953376,-0.4847389849253061,0.5,-4.0236334800720215,-2.597101926803589,-17.408994674682617,-0.0011036778394049596,-0.03320330909159144,0.5,0.2590712606906891,0.4496304392814636,0.44374945759773254,0.3142543345470973,0.46421821136773417,0.5,0.9008370041847229,0.4018387794494629,0.43993446230888367,0.884099187647734,0.32010594191353403,0.5,0.2288699895143509,-0.5359850525856018,-0.0022946263197809458,0.9231320184704261,-0.2663818592643706,0.5
7.827,TRACK,-0.47127917408943176,-0.512567937374115,0.45731350779533386,-0.37498421640778956,-0.48411884269549516,0.5,-4.0236334800720215,-2.597101926803589,-17.408994674682617,-0.0009436182980871455,-0.03070387406492343,0.5,0.2590712606906891,0.4496304392814636,0.44374945759773254,0.3165819773978872,0.4651428049370761,0.5,0.9008370041847229,0.4018387794494629,0.43993446230888367,0.8856978095845107,0.3181779371384989,0.5,0.2288699895143509,-0.5359850525856018,-0.0022946263197809458,0.9217923783117254,-0.2684980253151563,0.5
7.847,TRACK,-0.47127917408943176,-0.512567937374115,0.45731350779533386,-0.3725619984717836,-0.48348687238279214,0.5,-4.0236334800720215,-2.597101926803589,-17.408994674682617,-0.0007961512757828637,-0.028204918346432295,0.5,0.2590712606906891,0.4496304392814636,0.44374945759773254,0.3189130557018893,0.4660552741947815,0.5,0.9008370041847229,0.4018387794494629,0.43993446230888367,0.8872859622291258,0.31624291843495905,0.5,0.2288699895143509,-0.5359850525856018,-0.0022946263197809458,0.9204428323214184,-0.27060640190051605,0.5
7.867,TRACK,-0.47127917408943176,-0.512567937374115,0.45731350779533386,-0.37016994166577966,-0.48285003464112225,0.5,-4.0236334800720215,-2.597101926803589,-17.408994674682617,-0.0006626337552552153,-0.02573314344889873,0.5,0.2590712606906891,0.4496304392814636,0.44374945759773254,0.3212225941421135,0.4669460773523261,0.5,0.9008370041847229,0.4018387794494629,0.43993446230888367,0.8888468530040363,0.3143216901660738,0.5,0.2288699895143509,-0.5359850525856018,-0.0022946263197809458,0.9190979774328152,-0.2726845894283789,0.5
7.887,TRACK,-0.45640337467193604,-0.5133655667304993,0.4576997458934784,-0.367756205822865,-0.4821945446618362,0.5,-4.0236334800720215,-2.597101926803589,-17.408994674682617,-0.0005401563760287775,-0.023234986703637675,0.5,0.2590712606906891,0.4496304392814636,0.44374945759773254,0.3235606348018133,0.46783453315083623,0.5,0.9107927680015564,0.3851417601108551,0.43818143010139465,0.8904143189780365,0.31237262930179394,0.5,0.2288699895143509,-0.5359850525856018,-0.0022946263197809458,0.9177286840212564,-0.2747776310871562,0.5
7.907,TRACK,-0.45640337467193604,-0.5133655667304993,0.4576997458934784,-0.3653482474452728,-0.48152767888662484,0.5,-4.1085710525512695,-2.673339605331421,-17.767993927001953,-0.0004302833566142139,-0.02073880934015375,0.5,0.27616173028945923,0.45665442943573,0.4441726803779602,0.32590068791896076,0.46871038982820606,0.5,0.9107927680015564,0.3851417601108551,0.43818143010139465,0.8919704243593283,0.3104177611341981,0.5,0.22901451587677002,-0.5356547236442566,-0.002535024657845497,0.9163503569198239,-0.2768616627356255,0.5
7.927,TRACK,-0.45640337467193604,-0.5133655667304993,0.4576997458934784,-0.36294104344426237,-0.4808480450494235,0.5,-4.1085710525512695,-2.673339605331421,-17.767993927001953,-0.0003327866009396607,-0.018239403883293537,0.5,0.27616173028945923,0.45665442943573,0.4441726803779602,0.32824763561117143,0.4695754735150113,0.5,0.9107927680015564,0.3851417601108551,0.43818143010139465,0.8935184145586073,0.3084530067988966,0.5,0.22901451587677002,-0.5356547236442566,-0.002535024657845497,0.9149601197850192,-0.27894103138119075,0.5
7.947,TRACK,-0.45640337467193604,-0.5133655667304993,0.4576997458934784,-0.36052645134430994,-0.48015323515039326,0.5,-4.1085710525512695,-2.673339605331421,-17.767993927001953,-0.0002474400896299578,-0.015728282265778697,0.5,0.27616173028945923,0.45665442943573,0.4441726803779602,0.33060948066631324,0.4704326221254898,0.5,0.9107927680015564,0.3851417601108551,0.43818143010139465,0.8950634615901554,0.30647163215606726,0.5,0.22901451587677002,-0.5356547236442566,-0.002535024657845497,0.9135531663095915,-0.28102273686538504,0.5
7.967,TRACK,-0.45640337467193604,-0.5133655667304993,0.4576997458934784,-0.35812686932497717,-0.4794496999607653,0.5,-4.1085710525512695,-2.673339605331421,-17.767993927001953,-0.00017503019279818677,-0.013228739820171769,0.5,0.27616173028945923,0.45665442943573,0.4441726803779602,0.3329643109082821,0.47127388912357,0.5,0.9107927680015564,0.3851417601108551,0.43818143010139465,0.8965912366142601,0.3044920213088875,0.5,0.22901451587677002,-0.5356547236442566,-0.002535024657845497,0.9121425529596825,-0.2830874706515203,0.5
7.987,TRACK,-0.4439491927623749,-0.5107936859130859,0.45785921812057495,-0.35574453256480437,-0.4787383002382964,0.5,-4.1085710525512695,-2.673339605331421,-17.767993927001953,-0.00011542898932531687,-0.010743168316363417,0.5,0.27616173028945923,0.45665442943573,0.4441726803779602,0.33530981209893823,0.47209865707192283,0.5,0.9203632473945618,0.3746960461139679,0.4394577145576477,0.8981004372742118,0.3025161844299927,0.5,0.22901451587677002,-0.5356547236442566,-0.002535024657845497,0.9107297890727202,-0.2851333729472556,0.5
8.007,TRACK,-0.4439491927623749,-0.5107936859130859,0.45785921812057495,-0.353349721866126,-0.47801014207154374,0.5,-4.193272590637207,-2.7507903575897217,-18.125354766845703,-6.791135450640029e-05,-0.008240554747972556,0.5,0.29184916615486145,0.46081966161727905,0.4458746612071991,0.3376752552842335,0.47291719915114233,0.5,0.9203632473945618,0.3746960461139679,0.4394577145576477,0.899609879196,0.3005194576877815,0.5,0.22701911628246307,-0.5344660878181458,-0.0016736146062612534,0.9092972322991341,-0.2871859600194075,0.5
8.027,TRACK,-0.4439491927623749,-0.5107936859130859,0.45785921812057495,-0.3509487436120775,-0.4772669305212564,0.5,-4.193272590637207,-2.7507903575897217,-18.125354766845703,-3.2804458767299316e-05,-0.005727423734522251,0.5,0.29184916615486145,0.46081966161727905,0.4458746612071991,0.3400545362834757,0.4737271879853488,0.5,0.9203632473945618,0.3746960461139679,0.4394577145576477,0.9011154626180576,0.29850692730437867,0.5,0.22701911628246307,-0.5344660878181458,-0.0016736146062612534,0.9078484530276218,-0.2892397610339487,0.5
8.047,TRACK,-0.4439491927623749,-0.5107936859130859,0.45785921812057495,-0.34856391507844575,-0.47651559490076695,0.5,-4.193272590637207,-2.7507903575897217,-18.125354766845703,-1.0414550995985206e-05,-0.0032271415421546486,0.5,0.29184916615486145,0.46081966161727905,0.4458746612071991,0.3424255270930998,0.4745211117412086,0.5,0.9203632473945618,0.3746960461139679,0.4394577145576477,0.9026032054331903,0.2964973169776084,0.5,0.22701911628246307,-0.5344660878181458,-0.0016736146062612534,0.9063969378442681,-0.29127569227589534,0.5
8.067,TRACK,-0.4439491927623749,-0.5107936859130859,0.45785921812057495,-0.3461526453011933,-0.475742568467632,0.5,-4.193272590637207,-2.7507903575897217,-18.125354766845703,-4.830383035780983e-07,-0.0006950094030133775,0.5,0.29184916615486145,0.46081966161727905,0.4458746612071991,0.3448306588579487,0.475313029034069,0.5,0.9203632473945618,0.3746960461139679,0.4394577145576477,0.9040995901239812,0.29445461664173367,0.5,0.22701911628246307,-0.5344660878181458,-0.0016736146062612534,0.9049166226785731,-0.29333006780515714,0.5
8.087,TRACK,-0.4304370582103729,-0.50899338722229,0.4583837389945984,-0.34381037834521283,-0.4749787385634587,0.5,-4.193272590637207,-2.7507903575897217,-18.125354766845703,3.128151247921984e-06,0.001768655269576013,0.5,0.29184916615486145,0.46081966161727905,0.4458746612071991,0.3471745605836329,0.4760718276344383,0.5,0.9295345544815063,0.3626197874546051,0.4433042109012604,0.9055455559437993,0.2924599152947883,0.5,0.22701911628246307,-0.5344660878181458,-0.0016736146062612534,0.9034663769761071,-0.29532165963534385,0.5
8.107,TRACK,-0.4304370582103729,-0.50899338722229,0.4583837389945984,-0.34143188117070133,-0.47418999535095363,0.5,-4.278584003448486,-2.830246686935425,-18.484642028808594,1.827147518762562e-05,0.0042744755632467355,0.5,0.308180570602417,0.4622599482536316,0.44799333810806274,0.3495624168470417,0.4768317665331209,0.5,0.9295345544815063,0.3626197874546051,0.4433042109012604,0.9070061889508956,0.29042376306987666,0.5,0.2262914478778839,-0.5335050821304321,-0.0020688180811703205,0.9019812415561737,-0.29734000981529063,0.5
