timestamp_sec,flight_state,actual_x,actual_y,actual_z,target_x,target_y,target_z
0.006,TAKEOFF,-0.07896670699119568,-0.4900706112384796,0.1928073614835739,-0.02987588818555998,0.49910663320088616,0.8
0.025,TAKEOFF,-0.07896670699119568,-0.4900706112384796,0.1928073614835739,-0.057777608397133494,0.49665052901200807,0.8
0.045,TAKEOFF,-0.07896670699119568,-0.4900706112384796,0.1928073614835739,-0.061737939638358594,0.49617378690254327,0.8
0.065,TAKEOFF,-0.07896670699119568,-0.4900706112384796,0.1928073614835739,-0.06570960979446973,0.4956634414405187,0.8
0.085,TAKEOFF,-0.07896670699119568,-0.4900706112384796,0.1928073614835739,-0.06968254277266651,0.49512053404472683,0.8
0.105,TAKEOFF,-0.07896670699119568,-0.4900706112384796,0.1928073614835739,-0.07363401513839918,0.49454831090056106,0.8
0.125,TAKEOFF,-0.07896670699119568,-0.4900706112384796,0.1928073614835739,-0.07759591319729715,0.49394217703601456,0.8
0.145,TAKEOFF,-0.07896670699119568,-0.4900706112384796,0.1928073614835739,-0.08154078165607091,0.49330629524355046,0.8
0.165,TAKEOFF,-0.07896670699119568,-0.4900706112384796,0.1928073614835739,-0.08548250968018702,0.4926385495865876,0.8
0.185,TAKEOFF,-0.07896670699119568,-0.4900706112384796,0.1928073614835739,-0.08942238505259921,0.49193865171533807,0.8
0.205,TAKEOFF,-0.07896670699119568,-0.4900706112384796,0.1928073614835739,-0.0933453837548885,0.49120936405126947,0.8
0.225,TAKEOFF,-0.07896670699119568,-0.4900706112384796,0.1928073614835739,-0.0973508366491943,0.4904312536979081,0.8
0.245,TAKEOFF,-0.07896670699119568,-0.4900706112384796,0.1928073614835739,-0.10118716606456753,0.48965412019487964,0.8
0.265,TAKEOFF,-0.07896670699119568,-0.4900706112384796,0.1928073614835739,-0.10510461191544711,0.4888282117002897,0.8
0.285,TAKEOFF,-0.07896670699119568,-0.4900706112384796,0.1928073614835739,-0.10901117733060753,0.48797188773226974,0.8
0.305,TAKEOFF,-0.07896670699119568,-0.4900706112384796,0.1928073614835739,-0.11291415940145914,0.48708355813624205,0.8
0.325,TAKEOFF,-0.07896670699119568,-0.4900706112384796,0.1928073614835739,-0.11680424840776181,0.48616537058278625,0.8
0.345,TAKEOFF,-0.07896670699119568,-0.4900706112384796,0.1928073614835739,-0.12069233352287752,0.48521475722488333,0.8
0.365,TAKEOFF,-0.07896670699119568,-0.4900706112384796,0.1928073614835739,-0.12457046760817474,0.4842336198570693,0.8
0.385,TAKEOFF,-0.07896670699119568,-0.4900706112384796,0.1928073614835739,-0.12844035140910418,0.4832215600838872,0.8
0.405,TAKEOFF,-0.07896670699119568,-0.4900706112384796,0.1928073614835739,-0.13230302654169382,0.4821782960357173,0.8
0.425,TAKEOFF,-0.07896670699119568,-0.4900706112384796,0.1928073614835739,-0.13618329028558873,0.48109677970964543,0.8
0.445,TAKEOFF,-0.07896670699119568,-0.4900706112384796,0.1928073614835739,-0.14000738325098144,0.4799978464901825,0.8
0.465,TAKEOFF,-0.07896670699119568,-0.4900706112384796,0.1928073614835739,-0.14383530597923358,0.47886470401759645,0.8
0.485,TAKEOFF,-0.07896670699119568,-0.4900706112384796,0.1928073614835739,-0.14763360420934563,0.47770735697512373,0.8
0.505,TAKEOFF,-0.07896670699119568,-0.4900706112384796,0.1928073614835739,-0.1514560839715632,0.47650923876457923,0.8
0.525,TAKEOFF,-0.07896670699119568,-0.4900706112384796,0.1928073614835739,-0.1552847516069918,0.47527533695570073,0.8
0.545,TAKEOFF,-0.07896670699119568,-0.4900706112384796,0.1928073614835739,-0.15909084657150646,0.4740148758606225,0.8
0.565,TAKEOFF,-0.07896670699119568,-0.4900706112384796,0.1928073614835739,-0.16286746156884258,0.4727305680428563,0.8
0.585,TAKEOFF,-0.07896670699119568,-0.4900706112384796,0.1928073614835739,-0.1666550200067785,0.47140863834526864,0.8
0.605,TAKEOFF,-0.07896670699119568,-0.4900706112384796,0.1928073614835739,-0.1704189847437017,0.4700610275686828,0.8
0.625,TAKEOFF,-0.07896670699119568,-0.4900706112384796,0.1928073614835739,-0.1741781774150069,0.46868108828113214,0.8
0.645,TAKEOFF,-0.07896670699119568,-0.4900706112384796,0.1928073614835739,-0.17791795368741545,0.46727422543478975,0.8
0.665,TAKEOFF,-0.07896670699119568,-0.4900706112384796,0.1928073614835739,-0.1816416588478899,0.4658393583318039,0.8
0.685,TAKEOFF,-0.07896670699119568,-0.4900706112384796,0.1928073614835739,-0.18536535221233866,0.46437020382362565,0.8
0.705,TAKEOFF,-0.07896670699119568,-0.4900706112384796,0.1928073614835739,-0.18907897402658685,0.4628705451646856,0.8
0.725,TAKEOFF,-0.07896670699119568,-0.4900706112384796,0.1928073614835739,-0.19277615285479216,0.4613429905076112,0.8
0.745,TAKEOFF,-0.07896670699119568,-0.4900706112384796,0.1928073614835739,-0.19646050970469564,0.45978611128063795,0.8
0.765,TAKEOFF,-0.07896670699119568,-0.4900706112384796,0.1928073614835739,-0.2001328624373281,0.4581995606421306,0.8
0.785,TAKEOFF,-0.07896670699119568,-0.4900706112384796,0.1928073614835739,-0.20378635148649912,0.45658638059826206,0.8
0.805,TAKEOFF,-0.07896670699119568,-0.4900706112384796,0.1928073614835739,-0.207435255708654,0.45494023199656164,0.8
0.825,TAKEOFF,-0.07896670699119568,-0.4900706112384796,0.1928073614835739,-0.21116284600077231,0.4532220785319865,0.8
0.845,TAKEOFF,-0.07896670699119568,-0.4900706112384796,0.1928073614835739,-0.2146668457992059,0.4515729678740967,0.8
0.865,TAKEOFF,-0.07896670699119568,-0.4900706112384796,0.1928073614835739,-0.21827333337709492,0.4498408073268271,0.8
0.885,TAKEOFF,-0.07896670699119568,-0.4900706112384796,0.1928073614835739,-0.22187678461723614,0.4480744273532207,0.8
0.905,TAKEOFF,-0.07896670699119568,-0.4900706112384796,0.1928073614835739,-0.2254640699272938,0.4462801285872141,0.8
0.925,TAKEOFF,-0.07896670699119568,-0.4900706112384796,0.1928073614835739,-0.229021968190095,0.444464777104255,0.8
0.945,TAKEOFF,-0.07896670699119568,-0.4900706112384796,0.1928073614835739,-0.23256812144396322,0.4426195532147512,0.8
0.965,TAKEOFF,-0.07896670699119568,-0.4900706112384796,0.1928073614835739,-0.23610815167277904,0.4407413535325043,0.8
0.985,TAKEOFF,-0.07896670699119568,-0.4900706112384796,0.1928073614835739,-0.23962414246924632,0.4388396863843086,0.8
1.005,TAKEOFF,-0.07896670699119568,-0.4900706112384796,0.1928073614835739,-0.2431246928993072,0.43691004074364964,0.8
1.026,TAKEOFF,-0.07896670699119568,-0.4900706112384796,0.1928073614835739,-0.24662115381890448,0.43494598111608324,0.8
1.045,TAKEOFF,-0.07896670699119568,-0.4900706112384796,0.1928073614835739,-0.25049212430782286,0.43272820067538265,0.8
1.065,TAKEOFF,-0.07896670699119568,-0.4900706112384796,0.1928073614835739,-0.2535237188284201,0.43095907461313326,0.8
1.086,TAKEOFF,-0.07896670699119568,-0.4900706112384796,0.1928073614835739,-0.25696246147197954,0.4289175834519511,0.8
1.105,TAKEOFF,-0.07896670699119568,-0.4900706112384796,0.1928073614835739,-0.2603890810633699,0.42684602195987936,0.8
1.125,TAKEOFF,-0.07896670699119568,-0.4900706112384796,0.1928073614835739,-0.26379162896890823,0.4247516644887102,0.8
1.145,TAKEOFF,-0.07896670699119568,-0.4900706112384796,0.1928073614835739,-0.26717616369865094,0.4226309235624763,0.8
1.165,TAKEOFF,-0.07896670699119568,-0.4900706112384796,0.1928073614835739,-0.2708025668756831,0.42031651142150145,0.8
1.185,TAKEOFF,-0.07896670699119568,-0.4900706112384796,0.1928073614835739,-0.2739034865142206,0.4183023787588999,0.8
1.205,TAKEOFF,-0.07896670699119568,-0.4900706112384796,0.1928073614835739,-0.27724066530576685,0.4160980815875216,0.8
1.225,TAKEOFF,-0.07896670699119568,-0.4900706112384796,0.1928073614835739,-0.28056843347301086,0.413861515652882,0.8
1.245,TAKEOFF,-0.07896670699119568,-0.4900706112384796,0.1928073614835739,-0.283868817361508,0.4116047795273748,0.8
1.265,TAKEOFF,-0.07896670699119568,-0.4900706112384796,0.1928073614835739,-0.287173261272369,0.40930614216035377,0.8
1.285,TAKEOFF,-0.07896670699119568,-0.4900706112384796,0.1928073614835739,-0.29043630928622594,0.4069972361677604,0.8
1.305,TAKEOFF,-0.07896670699119568,-0.4900706112384796,0.1928073614835739,-0.29368110305262296,0.40466209324545666,0.8
1.325,TAKEOFF,-0.07896670699119568,-0.4900706112384796,0.1928073614835739,-0.2969121104798602,0.4022974007502351,0.8
1.345,TAKEOFF,-0.07896670699119568,-0.4900706112384796,0.1928073614835739,-0.30012018840174387,0.399909830478949,0.8
1.365,TAKEOFF,-0.07896670699119568,-0.4900706112384796,0.1928073614835739,-0.30332908309315065,0.3974814050365985,0.8
1.385,TAKEOFF,-0.07896670699119568,-0.4900706112384796,0.1928073614835739,-0.3064808056058429,0.3950563450891449,0.8
1.405,TAKEOFF,-0.07896670699119568,-0.4900706112384796,0.1928073614835739,-0.30963201137379337,0.39259141296342576,0.8
1.425,TAKEOFF,-0.07896670699119568,-0.4900706112384796,0.1928073614835739,-0.31276186795260175,0.3901025685057704,0.8
1.445,TAKEOFF,-0.07896670699119568,-0.4900706112384796,0.1928073614835739,-0.31587264392854264,0.3875880194453798,0.8
1.465,TAKEOFF,-0.07896670699119568,-0.4900706112384796,0.1928073614835739,-0.3189722007846303,0.3850412122443642,0.8
1.485,TAKEOFF,-0.07896670699119568,-0.4900706112384796,0.1928073614835739,-0.3220409745188253,0.3824782487030672,0.8
1.505,TAKEOFF,-0.07896670699119568,-0.4900706112384796,0.1928073614835739,-0.32507256217668123,0.3799050267104763,0.8
1.525,TAKEOFF,-0.07896670699119568,-0.4900706112384796,0.1928073614835739,-0.3281157571479534,0.37727980321139015,0.8
1.545,TAKEOFF,-0.07896670699119568,-0.4900706112384796,0.1928073614835739,-0.3311100981189304,0.3746546448713432,0.8
1.565,TAKEOFF,-0.07896670699119568,-0.4900706112384796,0.1928073614835739,-0.3341008556849405,0.3719900781346064,0.8
1.585,TAKEOFF,-0.07896670699119568,-0.4900706112384796,0.1928073614835739,-0.33707210832334683,0.36929986974064033,0.8
1.605,TAKEOFF,-0.07896670699119568,-0.4900706112384796,0.1928073614835739,-0.34000865951952364,0.3665980243423806,0.8
1.625,TAKEOFF,-0.07896670699119568,-0.4900706112384796,0.1928073614835739,-0.34294152949337703,0.36385588816005604,0.8
1.645,TAKEOFF,-0.07896670699119568,-0.4900706112384796,0.1928073614835739,-0.34583940579593453,0.36110262446943653,0.8
1.665,TAKEOFF,-0.07896670699119568,-0.4900706112384796,0.1928073614835739,-0.34870885660977846,0.35833243409144666,0.8
1.685,TAKEOFF,-0.07896670699119568,-0.4900706112384796,0.1928073614835739,-0.3515743263317577,0.3555214382626886,0.8
1.705,TAKEOFF,-0.07896670699119568,-0.4900706112384796,0.1928073614835739,-0.35439671994726873,0.3527080448339918,0.8
1.725,TAKEOFF,-0.07896670699119568,-0.4900706112384796,0.1928073614835739,-0.3572109813645561,0.34985756357776626,0.8
1.745,TAKEOFF,-0.07896670699119568,-0.4900706112384796,0.1928073614835739,-0.35999381203353764,0.346993451375616,0.8
1.765,TAKEOFF,-0.07896670699119568,-0.4900706112384796,0.1928073614835739,-0.36275600897822724,0.34410474851444334,0.8
1.785,TAKEOFF,-0.07896670699119568,-0.4900706112384796,0.1928073614835739,-0.3654976298706061,0.34119126975784336,0.8
1.805,TAKEOFF,-0.07896670699119568,-0.4900706112384796,0.1928073614835739,-0.36821859380238814,0.3382529632955074,0.8
1.825,TAKEOFF,-0.07896670699119568,-0.4900706112384796,0.1928073614835739,-0.3709092217809721,0.3353003865160815,0.8
1.845,TAKEOFF,-0.07896670699119568,-0.4900706112384796,0.1928073614835739,-0.3735963629115402,0.3323037129182711,0.8
1.865,TAKEOFF,-0.07896670699119568,-0.4900706112384796,0.1928073614835739,-0.3762347041456282,0.32931360038184215,0.8
1.885,TAKEOFF,-0.07896670699119568,-0.4900706112384796,0.1928073614835739,-0.3788558981989934,0.3262946649883108,0.8
1.905,TAKEOFF,-0.07896670699119568,-0.4900706112384796,0.1928073614835739,-0.3814506183159326,0.3232575223972255,0.8
1.925,TAKEOFF,-0.07896670699119568,-0.4900706112384796,0.1928073614835739,-0.3840250223007661,0.32019491289977753,0.8
1.945,TAKEOFF,-0.07896670699119568,-0.4900706112384796,0.1928073614835739,-0.3865818840501963,0.31710321178474465,0.8
1.965,TAKEOFF,-0.07896670699119568,-0.4900706112384796,0.1928073614835739,-0.38908759315895164,0.31402363740612604,0.8
1.985,TAKEOFF,-0.07896670699119568,-0.4900706112384796,0.1928073614835739,-0.3915884883430953,0.31089943035838696,0.8
2.005,TAKEOFF,-0.07896670699119568,-0.4900706112384796,0.1928073614835739,-0.3940720170215426,0.3077454230375702,0.8
2.025,TAKEOFF,-0.07896670699119568,-0.4900706112384796,0.1928073614835739,-0.39653287307854185,0.3045680228915653,0.8
2.045,TAKEOFF,-0.07896670699119568,-0.4900706112384796,0.1928073614835739,-0.39895129635042015,0.3013932035403573,0.8
2.065,TAKEOFF,-0.07896670699119568,-0.4900706112384796,0.1928073614835739,-0.40135010261591225,0.29819137333296,0.8
2.085,TAKEOFF,-0.07896670699119568,-0.4900706112384796,0.1928073614835739,-0.4037227346411211,0.2949711062695716,0.8
2.105,TAKEOFF,-0.07896670699119568,-0.4900706112384796,0.1928073614835739,-0.40606243455372915,0.2917418366369459,0.8
2.125,TAKEOFF,-0.07896670699119568,-0.4900706112384796,0.1928073614835739,-0.4083856867270814,0.28848072877828446,0.8
2.145,TAKEOFF,-0.07896670699119568,-0.4900706112384796,0.1928073614835739,-0.41066596698074187,0.2852252856318532,0.8
2.165,TAKEOFF,-0.07896670699119568,-0.4900706112384796,0.1928073614835739,-0.41295245369008704,0.28190471970390374,0.8
2.185,TAKEOFF,-0.07896670699119568,-0.4900706112384796,0.1928073614835739,-0.41519484938719214,0.27859152363693124,0.8
2.205,TAKEOFF,-0.07896670699119568,-0.4900706112384796,0.1928073614835739,-0.417410322040703,0.27526100896036226,0.8
2.225,TAKEOFF,-0.07896670699119568,-0.4900706112384796,0.1928073614835739,-0.4195998313689393,0.2719117163991977,0.8
2.245,TAKEOFF,-0.07896670699119568,-0.4900706112384796,0.1928073614835739,-0.4217593933696099,0.26854983542072536,0.8
2.265,TAKEOFF,-0.07896670699119568,-0.4900706112384796,0.1928073614835739,-0.42389384098320537,0.2651678931856287,0.8
2.285,TAKEOFF,-0.07896670699119568,-0.4900706112384796,0.1928073614835739,-0.42599879896204673,0.26177284672573226,0.8
2.305,TAKEOFF,-0.07896670699119568,-0.4900706112384796,0.1928073614835739,-0.42808292276097454,0.2583505588157717,0.8
2.325,TAKEOFF,-0.07896670699119568,-0.4900706112384796,0.1928073614835739,-0.43013736606141,0.25491537089346444,0.8
2.345,TAKEOFF,-0.07896670699119568,-0.4900706112384796,0.1928073614835739,-0.43216606658270235,0.25146071441566226,0.8
2.365,TAKEOFF,-0.07896670699119568,-0.4900706112384796,0.1928073614835739,-0.43415074931794156,0.24801840025826682,0.8
2.385,TAKEOFF,-0.07896670699119568,-0.4900706112384796,0.1928073614835739,-0.43612725391727525,0.24452610983405537,0.8
2.405,TAKEOFF,-0.07896670699119568,-0.4900706112384796,0.1928073614835739,-0.43806297879771894,0.24104113052935439,0.8
2.425,TAKEOFF,-0.07896670699119568,-0.4900706112384796,0.1928073614835739,-0.4399883667779096,0.23750839374663726,0.8
2.445,TAKEOFF,-0.07896670699119568,-0.4900706112384796,0.1928073614835739,-0.4418779917909987,0.2339740164436088,0.8
2.465,TAKEOFF,-0.07896670699119568,-0.4900706112384796,0.1928073614835739,-0.44372878755154277,0.23044470724674462,0.8
2.485,TAKEOFF,-0.07896670699119568,-0.4900706112384796,0.1928073614835739,-0.44555658828281763,0.2268905609270155,0.8
2.505,TAKEOFF,-0.07896670699119568,-0.4900706112384796,0.1928073614835739,-0.4473609479775791,0.2233118497182847,0.8
2.525,TAKEOFF,-0.07896670699119568,-0.4900706112384796,0.1928073614835739,-0.44912709240461235,0.21973815068890248,0.8
2.545,TAKEOFF,-0.07896670699119568,-0.4900706112384796,0.1928073614835739,-0.4508754696650559,0.21612799646116015,0.8
2.565,TAKEOFF,-0.07896670699119568,-0.4900706112384796,0.1928073614835739,-0.45259047123897916,0.21251321216262953,0.8
2.585,TAKEOFF,-0.07896670699119568,-0.4900706112384796,0.1928073614835739,-0.4542763532825014,0.2088851235687979,0.8
2.605,TAKEOFF,-0.07896670699119568,-0.4900706112384796,0.1928073614835739,-0.45593328915966364,0.20524335759300602,0.8
2.625,TAKEOFF,-0.07896670699119568,-0.4900706112384796,0.1928073614835739,-0.4575560514987596,0.20159975133135574,0.8
2.645,TAKEOFF,-0.07896670699119568,-0.4900706112384796,0.1928073614835739,-0.45915794539193494,0.1979241803910196,0.8
2.665,TAKEOFF,-0.07896670699119568,-0.4900706112384796,0.1928073614835739,-0.4607268312581968,0.1942441426627352,0.8
2.685,TAKEOFF,-0.07896670699119568,-0.4900706112384796,0.1928073614835739,-0.4622666592241462,0.19055061209491572,0.8
2.705,TAKEOFF,-0.07896670699119568,-0.4900706112384796,0.1928073614835739,-0.463775933237084,0.18684722034344473,0.8
2.725,TAKEOFF,-0.07896670699119568,-0.4900706112384796,0.1928073614835739,-0.46525372217786765,0.18313649008223232,0.8
2.745,TAKEOFF,-0.07896670699119568,-0.4900706112384796,0.1928073614835739,-0.4667023691685152,0.17941264897574793,0.8
2.765,TAKEOFF,-0.07896670699119568,-0.4900706112384796,0.1928073614835739,-0.46812657250976963,0.17566306416049848,0.8
2.785,TAKEOFF,-0.07896670699119568,-0.4900706112384796,0.1928073614835739,-0.4695165528532959,0.17191336945321672,0.8
2.805,TAKEOFF,-0.07896670699119568,-0.4900706112384796,0.1928073614835739,-0.4708784550770331,0.1681471990378268,0.8
2.825,TAKEOFF,-0.07896670699119568,-0.4900706112384796,0.1928073614835739,-0.4722089566112397,0.1643736636329688,0.8
2.845,TAKEOFF,-0.07896670699119568,-0.4900706112384796,0.1928073614835739,-0.47350776330835254,0.16059389181012204,0.8
2.865,TAKEOFF,-0.07896670699119568,-0.4900706112384796,0.1928073614835739,-0.4747743415973755,0.15680983566338738,0.8
2.885,TAKEOFF,-0.07896670699119568,-0.4900706112384796,0.1928073614835739,-0.47601288343831305,0.15300893699631735,0.8
2.905,TAKEOFF,-0.07896670699119568,-0.4900706112384796,0.1928073614835739,-0.4772224625093541,0.14919356982292542,0.8
2.925,TAKEOFF,-0.07896670699119568,-0.4900706112384796,0.1928073614835739,-0.4784012391429601,0.14536937224353785,0.8
2.945,TAKEOFF,-0.07896670699119568,-0.4900706112384796,0.1928073614835739,-0.47955097752457704,0.14153042060003423,0.8
2.965,TAKEOFF,-0.07896670699119568,-0.4900706112384796,0.1928073614835739,-0.48066633897559974,0.1376948458577657,0.8
2.985,TAKEOFF,-0.07896670699119568,-0.4900706112384796,0.1928073614835739,-0.4817510102577597,0.13385052900765074,0.8
3.005,TAKEOFF,-0.07896670699119568,-0.4900706112384796,0.1928073614835739,-0.48280677043189774,0.12999085515958736,0.8
3.025,TAKEOFF,-0.07896670699119568,-0.4900706112384796,0.1928073614835739,-0.48382952744259244,0.1261308383175094,0.8
3.045,TAKEOFF,-0.07896670699119568,-0.4900706112384796,0.1928073614835739,-0.4848261462240579,0.12224405072447664,0.8
3.065,TAKEOFF,-0.07896670699119568,-0.4900706112384796,0.1928073614835739,-0.4857866426562984,0.11836949698601339,0.8
3.085,TAKEOFF,-0.07896670699119568,-0.4900706112384796,0.1928073614835739,-0.4867193635669585,0.11447384473745471,0.8
3.105,TAKEOFF,-0.07896670699119568,-0.4900706112384796,0.1928073614835739,-0.4876145170236986,0.11059874677294101,0.8
3.125,TAKEOFF,-0.07896670699119568,-0.4900706112384796,0.1928073614835739,-0.48848842413616383,0.10667267449992678,0.8
3.145,TAKEOFF,-0.07896670699119568,-0.4900706112384796,0.1928073614835739,-0.48932613469895436,0.10276153901426736,0.8
3.165,TAKEOFF,-0.07896670699119568,-0.4900706112384796,0.1928073614835739,-0.49013179557661773,0.09884747323447686,0.8
3.185,TAKEOFF,-0.07896670699119568,-0.4900706112384796,0.1928073614835739,-0.49090796834834727,0.09491768334772006,0.8
3.205,TAKEOFF,-0.07896670699119568,-0.4900706112384796,0.1928073614835739,-0.4916520779684059,0.09098480218887406,0.8
3.225,TAKEOFF,-0.07896670699119568,-0.4900706112384796,0.1928073614835739,-0.4923644725230358,0.08704726415639238,0.8
3.245,TAKEOFF,-0.07896670699119568,-0.4900706112384796,0.1928073614835739,-0.49304497603674347,0.08310626694135093,0.8
3.265,TAKEOFF,-0.07896670699119568,-0.4900706112384796,0.1928073614835739,-0.4936941619084595,0.07915854026890452,0.8
3.285,TAKEOFF,-0.07896670699119568,-0.4900706112384796,0.1928073614835739,-0.4943114813271522,0.07520744263805595,0.8
3.305,TAKEOFF,-0.07896670699119568,-0.4900706112384796,0.1928073614835739,-0.4948975742301465,0.07124879662925279,0.8
3.325,TAKEOFF,-0.07896670699119568,-0.4900706112384796,0.1928073614835739,-0.49545084861498073,0.06729380808585173,0.8
3.345,TAKEOFF,-0.07896670699119568,-0.4900706112384796,0.1928073614835739,-0.4959731090096385,0.06332989135718821,0.8
3.365,TAKEOFF,-0.07896670699119568,-0.4900706112384796,0.1928073614835739,-0.49646352589784903,0.05936301418455582,0.8
3.385,TAKEOFF,-0.07896670699119568,-0.4900706112384796,0.1928073614835739,-0.4969228916823052,0.055386277380737245,0.8
3.405,TAKEOFF,-0.07896670699119568,-0.4900706112384796,0.1928073614835739,-0.4973498841240312,0.0514110179029041,0.8
3.425,TAKEOFF,-0.07896670699119568,-0.4900706112384796,0.1928073614835739,-0.4977454107209184,0.04742895851970904,0.8
3.445,TAKEOFF,-0.07896670699119568,-0.4900706112384796,0.1928073614835739,-0.49810889366897176,0.04344571380323909,0.8
3.465,TAKEOFF,-0.07896670699119568,-0.4900706112384796,0.1928073614835739,-0.49844141523502966,0.039448137833118777,0.8
3.485,TAKEOFF,-0.07896670699119568,-0.4900706112384796,0.1928073614835739,-0.49873972408061323,0.03547798787972287,0.8
3.505,TAKEOFF,-0.07896670699119568,-0.4900706112384796,0.1928073614835739,-0.49900793643026853,0.03148141324027679,0.8
3.525,TAKEOFF,-0.07896670699119568,-0.4900706112384796,0.1928073614835739,-0.49924473129720387,0.02747177227596886,0.8
3.545,TAKEOFF,-0.07896670699119568,-0.4900706112384796,0.1928073614835739,-0.49945037054984526,0.023437733628110097,0.8
3.565,TAKEOFF,-0.07896670699119568,-0.4900706112384796,0.1928073614835739,-0.4996199758321938,0.01949050408373519,0.8
3.585,TAKEOFF,-0.07896670699119568,-0.4900706112384796,0.1928073614835739,-0.49975979654666,0.015496636913892877,0.8
3.605,TAKEOFF,-0.07896670699119568,-0.4900706112384796,0.1928073614835739,-0.499867727751288,0.011500206640065666,0.8
3.625,TAKEOFF,-0.07896670699119568,-0.4900706112384796,0.1928073614835739,-0.4999437920418864,0.007496985979651162,0.8
3.645,TAKEOFF,-0.07896670699119568,-0.4900706112384796,0.1928073614835739,-0.49998792109243784,0.0034754512889951057,0.8
3.665,TAKEOFF,-0.07896670699119568,-0.4900706112384796,0.1928073614835739,-0.4999997541711624,-0.0004958112314213744,0.8
3.685,TAKEOFF,-0.07896670699119568,-0.4900706112384796,0.1928073614835739,-0.4999797869936148,-0.004495842281440424,0.8
3.705,TAKEOFF,-0.07896670699119568,-0.4900706112384796,0.1928073614835739,-0.4999278295376721,-0.008495013463923453,0.8
3.725,TAKEOFF,-0.07896670699119568,-0.4900706112384796,0.1928073614835739,-0.4998435507656413,-0.012506988366339407,0.8
3.745,TAKEOFF,-0.07896670699119568,-0.4900706112384796,0.1928073614835739,-0.4997273169466158,-0.016510866038357608,0.8
3.765,TAKEOFF,-0.07896670699119568,-0.4900706112384796,0.1928073614835739,-0.49957949070075586,-0.020502011393358183,0.8
3.785,TAKEOFF,-0.07896670699119568,-0.4900706112384796,0.1928073614835739,-0.4994000366588427,-0.024486800222703085,0.8
3.805,TAKEOFF,-0.07896670699119568,-0.4900706112384796,0.1928073614835739,-0.4991877020324082,-0.028489263584789995,0.8
3.825,TAKEOFF,-0.07896670699119568,-0.4900706112384796,0.1928073614835739,-0.4989421587589375,-0.03250726400316102,0.8
3.845,TAKEOFF,-0.07896670699119568,-0.4900706112384796,0.1928073614835739,-0.49866880599310365,-0.0364612387256986,0.8
3.865,TAKEOFF,-0.07896670699119568,-0.4900706112384796,0.1928073614835739,-0.4983609384408615,-0.04045213265507587,0.8
3.885,TAKEOFF,-0.07896670699119568,-0.4900706112384796,0.1928073614835739,-0.49802251753877935,-0.04442490320007678,0.8
3.905,TAKEOFF,-0.07896670699119568,-0.4900706112384796,0.1928073614835739,-0.4976498468596364,-0.04842137875546718,0.8
3.925,TAKEOFF,-0.07896670699119568,-0.4900706112384796,0.1928073614835739,-0.49724598092634215,-0.05240643522125669,0.8
3.945,TAKEOFF,-0.07896670699119568,-0.4900706112384796,0.1928073614835739,-0.496813365409512,-0.056360269254810316,0.8
3.965,TAKEOFF,-0.07896670699119568,-0.4900706112384796,0.1928073614835739,-0.4963465215363877,-0.06033349450121566,0.8
3.985,TAKEOFF,-0.07896670699119568,-0.4900706112384796,0.1928073614835739,-0.4958467373898856,-0.06431184198734965,0.8
4.005,TAKEOFF,-0.07896670699119568,-0.4900706112384796,0.1928073614835739,-0.4953155286256149,-0.06828269987579336,0.8
4.025,TAKEOFF,-0.07896670699119568,-0.4900706112384796,0.1928073614835739,-0.4947536645264168,-0.07224134161047845,0.8
4.045,TAKEOFF,-0.07896670699119568,-0.4900706112384796,0.1928073614835739,-0.49415962510137523,-0.07619885117026566,0.8
4.065,TAKEOFF,-0.07896670699119568,-0.4900706112384796,0.1928073614835739,-0.49353302062691484,-0.08015708047872774,0.8
4.085,TAKEOFF,-0.07896670699119568,-0.4900706112384796,0.1928073614835739,-0.49287649982589815,-0.08409967847365057,0.8
4.105,TAKEOFF,-0.07896670699119568,-0.4900706112384796,0.1928073614835739,-0.4921886351469597,-0.08803605756832251,0.8
4.125,TAKEOFF,-0.07896670699119568,-0.4900706112384796,0.1928073614835739,-0.49146859617714345,-0.09197075063120826,0.8
4.145,TAKEOFF,-0.07896670699119568,-0.4900706112384796,0.1928073614835739,-0.49071612408014237,-0.0959045648953288,0.8
4.165,TAKEOFF,-0.07896670699119568,-0.4900706112384796,0.1928073614835739,-0.4899328223806137,-0.09982900156851215,0.8
4.185,TAKEOFF,-0.07896670699119568,-0.4900706112384796,0.1928073614835739,-0.48911860106277444,-0.10374485092954988,0.8
4.205,TAKEOFF,-0.07896670699119568,-0.4900706112384796,0.1928073614835739,-0.4882744375160323,-0.10764791529984344,0.8
4.225,TAKEOFF,-0.07896670699119568,-0.4900706112384796,0.1928073614835739,-0.4873959799038097,-0.11155787185853436,0.8
4.245,TAKEOFF,-0.07896670699119568,-0.4900706112384796,0.1928073614835739,-0.4864876004242924,-0.11545481641496819,0.8
4.265,TAKEOFF,-0.07896670699119568,-0.4900706112384796,0.1928073614835739,-0.48555098860698326,-0.11933246608857627,0.8
4.285,TAKEOFF,-0.07896670699119568,-0.4900706112384796,0.1928073614835739,-0.4845776766614165,-0.12322530292688953,0.8
4.305,TAKEOFF,-0.07896670699119568,-0.4900706112384796,0.1928073614835739,-0.4835769368814404,-0.12709581470828785,0.8
4.325,TAKEOFF,-0.07896670699119568,-0.4900706112384796,0.1928073614835739,-0.48254472031829393,-0.1309602721932858,0.8
4.345,TAKEOFF,-0.07896670699119568,-0.4900706112384796,0.1928073614835739,-0.4814812489955312,-0.13481768009316608,0.8
4.365,TAKEOFF,-0.07896670699119568,-0.4900706112384796,0.1928073614835739,-0.48038848973059334,-0.13866109380197325,0.8
4.385,TAKEOFF,-0.07896670699119568,-0.4900706112384796,0.1928073614835739,-0.4792636105222753,-0.14250049694352931,0.8
4.405,TAKEOFF,-0.07896670699119568,-0.4900706112384796,0.1928073614835739,-0.4781080601869785,-0.14633073082659204,0.8
4.425,TAKEOFF,-0.07896670699119568,-0.4900706112384796,0.1928073614835739,-0.4769226297763825,-0.150149276412441,0.8
4.445,TAKEOFF,-0.07896670699119568,-0.4900706112384796,0.1928073614835739,-0.4757033395744347,-0.15396860952067493,0.8
4.465,TAKEOFF,-0.07896670699119568,-0.4900706112384796,0.1928073614835739,-0.4744603696665141,-0.15775727436766515,0.8
4.485,TAKEOFF,-0.07896670699119568,-0.4900706112384796,0.1928073614835739,-0.47318110983219186,-0.16155382167554927,0.8
4.505,TAKEOFF,-0.07896670699119568,-0.4900706112384796,0.1928073614835739,-0.47187427789105,-0.165331986816829,0.8
4.525,TAKEOFF,-0.07896670699119568,-0.4900706112384796,0.1928073614835739,-0.47053294111806837,-0.16911165342098808,0.8
4.545,TAKEOFF,-0.07896670699119568,-0.4900706112384796,0.1928073614835739,-0.46916980397360536,-0.17285744137690084,0.8
4.565,TAKEOFF,-0.07896670699119568,-0.4900706112384796,0.1928073614835739,-0.46777553451863924,-0.17659572278456057,0.8
4.585,TAKEOFF,-0.07896670699119568,-0.4900706112384796,0.1928073614835739,-0.4663395438014107,-0.1803536245465895,0.8
4.605,TAKEOFF,-0.07896670699119568,-0.4900706112384796,0.1928073614835739,-0.46488946243386087,-0.1840591962330485,0.8
4.625,TAKEOFF,-0.07896670699119568,-0.4900706112384796,0.1928073614835739,-0.4634022191562582,-0.18777215789635918,0.8
4.645,TAKEOFF,-0.07896670699119568,-0.4900706112384796,0.1928073614835739,-0.46188455495047653,-0.1914749537098788,0.8
4.665,TAKEOFF,-0.07896670699119568,-0.4900706112384796,0.1928073614835739,-0.46033430760926053,-0.19517255247063484,0.8
4.685,TAKEOFF,-0.07896670699119568,-0.4900706112384796,0.1928073614835739,-0.4587597887157546,-0.19884530735593475,0.8
4.705,TAKEOFF,-0.07896670699119568,-0.4900706112384796,0.1928073614835739,-0.45715563916825325,-0.20250610256648027,0.8
4.725,TAKEOFF,-0.07896670699119568,-0.4900706112384796,0.1928073614835739,-0.4555214914740259,-0.20615569554411772,0.8
4.745,TAKEOFF,-0.07896670699119568,-0.4900706112384796,0.1928073614835739,-0.4538504455279503,-0.20980889660374516,0.8
4.765,TAKEOFF,-0.07896670699119568,-0.4900706112384796,0.1928073614835739,-0.4521592008723597,-0.21342927884071822,0.8
4.785,TAKEOFF,-0.07896670699119568,-0.4900706112384796,0.1928073614835739,-0.4504392217390477,-0.21703572866954646,0.8
4.805,TAKEOFF,-0.07896670699119568,-0.4900706112384796,0.1928073614835739,-0.4486914457723791,-0.22062635039970216,0.8
4.825,TAKEOFF,-0.07896670699119568,-0.4900706112384796,0.1928073614835739,-0.44691361558384957,-0.22420575417631713,0.8
4.845,TAKEOFF,-0.07896670699119568,-0.4900706112384796,0.1928073614835739,-0.4451060802600201,-0.22777308294783333,0.8
4.865,TAKEOFF,-0.07896670699119568,-0.4900706112384796,0.1928073614835739,-0.44326435665546277,-0.23133678937604954,0.8
4.885,TAKEOFF,-0.07896670699119568,-0.4900706112384796,0.1928073614835739,-0.44139634112423354,-0.23488139569182415,0.8
4.905,TAKEOFF,-0.07896670699119568,-0.4900706112384796,0.1928073614835739,-0.4395059609843587,-0.23839989567786177,0.8
4.925,TAKEOFF,-0.07896670699119568,-0.4900706112384796,0.1928073614835739,-0.4375844891902925,-0.24190869108006588,0.8
4.945,TAKEOFF,-0.07896670699119568,-0.4900706112384796,0.1928073614835739,-0.4356358246294884,-0.24540054665665603,0.8
4.965,TAKEOFF,-0.07896670699119568,-0.4900706112384796,0.1928073614835739,-0.43366397185902,-0.24886855870410612,0.8
4.985,TAKEOFF,-0.07896670699119568,-0.4900706112384796,0.1928073614835739,-0.43164338251577344,-0.2523568709790595,0.8
5.005,TRACK,-0.07896670699119568,-0.4900706112384796,0.1928073614835739,-0.4296246187388339,-0.25577858974807016,0.8
5.025,TRACK,-0.07896670699119568,-0.4900706112384796,0.1928073614835739,-0.42755957352011215,-0.25921576165677085,0.8
5.045,TRACK,-0.07896670699119568,-0.4900706112384796,0.1928073614835739,-0.4254721396245362,-0.2626279848061115,0.8
5.065,TRACK,-0.07896670699119568,-0.4900706112384796,0.1928073614835739,-0.42335846383658665,-0.2660218244767252,0.8
5.085,TRACK,-0.07896670699119568,-0.4900706112384796,0.1928073614835739,-0.4212208772688764,-0.26939371290517933,0.8
5.105,TRACK,-0.07896670699119568,-0.4900706112384796,0.1928073614835739,-0.419049776476072,-0.27275865675603056,0.8
5.125,TRACK,-0.07896670699119568,-0.4900706112384796,0.1928073614835739,-0.41685216391415525,-0.2761055476445307,0.8
5.145,TRACK,-0.07896670699119568,-0.4900706112384796,0.1928073614835739,-0.4146290999709786,-0.2794328353240833,0.8
5.165,TRACK,-0.07896670699119568,-0.4900706112384796,0.1928073614835739,-0.41238802596881735,-0.2827297579625145,0.8
5.185,TRACK,-0.07896670699119568,-0.4900706112384796,0.1928073614835739,-0.41011012648708783,-0.28602392234347257,0.8
5.205,TRACK,-0.07896670699119568,-0.4900706112384796,0.1928073614835739,-0.4078094176448842,-0.28929479580549045,0.8
5.225,TRACK,-0.07896670699119568,-0.4900706112384796,0.1928073614835739,-0.405492554232979,-0.2925333971730657,0.8
5.245,TRACK,-0.07896670699119568,-0.4900706112384796,0.1928073614835739,-0.40314241308311016,-0.29576374824093465,0.8
5.265,TRACK,-0.07896670699119568,-0.4900706112384796,0.1928073614835739,-0.40075099815907395,-0.2989960492623705,0.8
5.285,TRACK,-0.07896670699119568,-0.4900706112384796,0.1928073614835739,-0.3983350802738462,-0.30220715382536617,0.8
5.305,TRACK,-0.07896670699119568,-0.4900706112384796,0.1928073614835739,-0.3959171691205455,-0.30536796687860596,0.8
5.325,TRACK,-0.07896670699119568,-0.4900706112384796,0.1928073614835739,-0.39345555266708276,-0.30853318796434276,0.8
5.345,TRACK,-0.07896670699119568,-0.4900706112384796,0.1928073614835739,-0.3909736850426555,-0.3116722278358571,0.8
5.365,TRACK,-0.07896670699119568,-0.4900706112384796,0.1928073614835739,-0.38844398756537096,-0.3148194220887808,0.8
5.385,TRACK,-0.07896670699119568,-0.4900706112384796,0.1928073614835739,-0.385935011628127,-0.31789018040763306,0.8
5.405,TRACK,-0.07896670699119568,-0.4900706112384796,0.1928073614835739,-0.3834032914857396,-0.3209391158427109,0.8
5.425,TRACK,-0.07896670699119568,-0.4900706112384796,0.1928073614835739,-0.3808014770445891,-0.3240219669723941,0.8
5.445,TRACK,-0.07896670699119568,-0.4900706112384796,0.1928073614835739,-0.3782015437231287,-0.32705288918681386,0.8
5.465,TRACK,-0.07896670699119568,-0.4900706112384796,0.1928073614835739,-0.3755782109544383,-0.33006212666142637,0.8
5.485,TRACK,-0.07896670699119568,-0.4900706112384796,0.1928073614835739,-0.3729266790885006,-0.33305508857248,0.8
5.505,TRACK,-0.07896670699119568,-0.4900706112384796,0.1928073614835739,-0.37024081793119545,-0.33603829653424827,0.8
5.525,TRACK,-0.07896670699119568,-0.4900706112384796,0.1928073614835739,-0.36755126643511976,-0.33897797353506554,0.8
5.545,TRACK,-0.07896670699119568,-0.4900706112384796,0.1928073614835739,-0.36481349570585053,-0.34192267159531464,0.8
5.565,TRACK,-0.07896670699119568,-0.4900706112384796,0.1928073614835739,-0.36206962917127533,-0.34482688936881817,0.8
5.585,TRACK,-0.07896670699119568,-0.4900706112384796,0.1928073614835739,-0.3593055282731094,-0.34770610772947574,0.8
5.605,TRACK,-0.07896670699119568,-0.4900706112384796,0.1928073614835739,-0.3565050921577392,-0.35057683789092786,0.8
5.625,TRACK,-0.07896670699119568,-0.4900706112384796,0.1928073614835739,-0.353689877168034,-0.3534168513085659,0.8
5.645,TRACK,-0.07896670699119568,-0.4900706112384796,0.1928073614835739,-0.35085173284262144,-0.3562345597514786,0.8
5.665,TRACK,-0.07896670699119568,-0.4900706112384796,0.1928073614835739,-0.3479905253477245,-0.35903007432277134,0.8
5.685,TRACK,-0.07896670699119568,-0.4900706112384796,0.1928073614835739,-0.345107596563041,-0.3618020823523288,0.8
5.705,TRACK,-0.07896670699119568,-0.4900706112384796,0.1928073614835739,-0.3422129475860226,-0.364541216468709,0.8
5.725,TRACK,-0.07896670699119568,-0.4900706112384796,0.1928073614835739,-0.3392800268635579,-0.3672724647607869,0.8
5.745,TRACK,-0.07896670699119568,-0.4900706112384796,0.1928073614835739,-0.3363223798421774,-0.36998277908207317,0.8
5.765,TRACK,-0.07896670699119568,-0.4900706112384796,0.1928073614835739,-0.3333550594116194,-0.37265856271482034,0.8
5.785,TRACK,-0.07896670699119568,-0.4900706112384796,0.1928073614835739,-0.3303699230311672,-0.375307492539625,0.8
5.805,TRACK,-0.07896670699119568,-0.4900706112384796,0.1928073614835739,-0.32734629340011806,-0.3779476209704247,0.8
5.825,TRACK,-0.07896670699119568,-0.4900706112384796,0.1928073614835739,-0.32431611954828676,-0.3805509881752265,0.8
5.845,TRACK,-0.07896670699119568,-0.4900706112384796,0.1928073614835739,-0.321259651669173,-0.38313474941513936,0.8
5.865,TRACK,-0.07896670699119568,-0.4900706112384796,0.1928073614835739,-0.3181935981562664,-0.38568488963448966,0.8
5.885,TRACK,-0.07896670699119568,-0.4900706112384796,0.1928073614835739,-0.3150951589882615,-0.38822035080887013,0.8
5.905,TRACK,-0.07896670699119568,-0.4900706112384796,0.1928073614835739,-0.3119748032181881,-0.39073228962676326,0.8
5.925,TRACK,-0.07896670699119568,-0.4900706112384796,0.1928073614835739,-0.30883854810339917,-0.3932159091458335,0.8
5.945,TRACK,-0.07896670699119568,-0.4900706112384796,0.1928073614835739,-0.3056825972781962,-0.3956742975241836,0.8
5.965,TRACK,-0.07896670699119568,-0.4900706112384796,0.1928073614835739,-0.30250734400911494,-0.3981071549476987,0.8
5.985,TRACK,-0.07896670699119568,-0.4900706112384796,0.1928073614835739,-0.29931303459367464,-0.4005143035177717,0.8
6.005,TRACK,-0.07896670699119568,-0.4900706112384796,0.1928073614835739,-0.296098841526062,-0.40289635893977005,0.8
6.025,TRACK,-0.07896670699119568,-0.4900706112384796,0.1928073614835739,-0.29286758568797594,-0.4052512520070679,0.8
6.045,TRACK,-0.07896670699119568,-0.4900706112384796,0.1928073614835739,-0.28962420993899823,-0.40757553535168306,0.8
6.065,TRACK,-0.07896670699119568,-0.4900706112384796,0.1928073614835739,-0.28634186697591707,-0.40988819843555657,0.8
6.085,TRACK,-0.07896670699119568,-0.4900706112384796,0.1928073614835739,-0.28306633270814396,-0.4121570711357047,0.8
6.105,TRACK,-0.07896670699119568,-0.4900706112384796,0.1928073614835739,-0.27973887274151893,-0.4144226864896567,0.8
6.125,TRACK,-0.07896670699119568,-0.4900706112384796,0.1928073614835739,-0.2764267765949122,-0.4166392170467712,0.8
6.145,TRACK,-0.07896670699119568,-0.4900706112384796,0.1928073614835739,-0.273085894525909,-0.4188365960741541,0.8
6.165,TRACK,-0.07896670699119568,-0.4900706112384796,0.1928073614835739,-0.26973401009692527,-0.4210030448785755,0.8
6.185,TRACK,-0.07896670699119568,-0.4900706112384796,0.1928073614835739,-0.2663547704029567,-0.4231490709945943,0.8
6.205,TRACK,-0.07896670699119568,-0.4900706112384796,0.1928073614835739,-0.2629623105766268,-0.4252655913851974,0.8
6.225,TRACK,-0.07896670699119568,-0.4900706112384796,0.1928073614835739,-0.25953131017440756,-0.427368107185311,0.8
6.245,TRACK,-0.07896670699119568,-0.4900706112384796,0.1928073614835739,-0.2561110621993728,-0.4294265057249133,0.8
6.265,TRACK,-0.07896670699119568,-0.4900706112384796,0.1928073614835739,-0.2526766703896114,-0.4314562553038485,0.8
6.285,TRACK,-0.07896670699119568,-0.4900706112384796,0.1928073614835739,-0.24923078173819477,-0.4334559002184286,0.8
6.305,TRACK,-0.07896670699119568,-0.4900706112384796,0.1928073614835739,-0.24574851372500228,-0.43543962612737985,0.8
6.325,TRACK,-0.07896670699119568,-0.4900706112384796,0.1928073614835739,-0.24224770441053686,-0.4373969018040996,0.8
6.345,TRACK,-0.07896670699119568,-0.4900706112384796,0.1928073614835739,-0.23874509145983472,-0.4393185419531426,0.8
6.365,TRACK,-0.07896670699119568,-0.4900706112384796,0.1928073614835739,-0.2352234911837635,-0.44121413077475424,0.8
6.385,TRACK,-0.07896670699119568,-0.4900706112384796,0.1928073614835739,-0.23168815129968265,-0.4430808058891012,0.8
6.405,TRACK,-0.07896670699119568,-0.4900706112384796,0.1928073614835739,-0.22813031902401568,-0.4449230917158614,0.8
6.425,TRACK,-0.07896670699119568,-0.4900706112384796,0.1928073614835739,-0.22458344350623452,-0.4467239381350433,0.8
6.445,TRACK,-0.07896670699119568,-0.4900706112384796,0.1928073614835739,-0.22097645784692826,-0.448519124539216,0.8
6.465,TRACK,-0.07896670699119568,-0.4900706112384796,0.1928073614835739,-0.21739802232190797,-0.45026447771340256,0.8
6.485,TRACK,-0.07896670699119568,-0.4900706112384796,0.1928073614835739,-0.21379925061881855,-0.4519843807421133,0.8
6.505,TRACK,-0.07896670699119568,-0.4900706112384796,0.1928073614835739,-0.21016506715400848,-0.45368562303444343,0.8
6.525,TRACK,-0.07896670699119568,-0.4900706112384796,0.1928073614835739,-0.20651904140929325,-0.4553568771144086,0.8
6.545,TRACK,-0.07896670699119568,-0.4900706112384796,0.1928073614835739,-0.2028687049313747,-0.45699484522198586,0.8
6.565,TRACK,-0.07896670699119568,-0.4900706112384796,0.1928073614835739,-0.19921307592927218,-0.4586002075651493,0.8
6.585,TRACK,-0.07896670699119568,-0.4900706112384796,0.1928073614835739,-0.19554334010706725,-0.4601769248232378,0.8
6.605,TRACK,-0.07896670699119568,-0.4900706112384796,0.1928073614835739,-0.19184760792058583,-0.4617298943485782,0.8
6.625,TRACK,-0.07896670699119568,-0.4900706112384796,0.1928073614835739,-0.18814820275752012,-0.4632496668095025,0.8
6.645,TRACK,-0.07896670699119568,-0.4900706112384796,0.1928073614835739,-0.1844313081407325,-0.46474196343508534,0.8
6.665,TRACK,-0.07896670699119568,-0.4900706112384796,0.1928073614835739,-0.18069230827764401,-0.4662084187670755,0.8
6.685,TRACK,-0.07896670699119568,-0.4900706112384796,0.1928073614835739,-0.17697210982026532,-0.46763326693656426,0.8
6.705,TRACK,-0.07896670699119568,-0.4900706112384796,0.1928073614835739,-0.1732208615637456,-0.46903574823153266,0.8
6.725,TRACK,-0.07896670699119568,-0.4900706112384796,0.1928073614835739,-0.16948496836141472,-0.47039860278228957,0.8
6.745,TRACK,-0.07896670699119568,-0.4900706112384796,0.1928073614835739,-0.16569503004495406,-0.47174692051819667,0.8
6.765,TRACK,-0.07896670699119568,-0.4900706112384796,0.1928073614835739,-0.16190948032115368,-0.47305953132997325,0.8
6.785,TRACK,-0.07896670699119568,-0.4900706112384796,0.1928073614835739,-0.15812140502334207,-0.47433914162068075,0.8
6.805,TRACK,-0.07896670699119568,-0.4900706112384796,0.1928073614835739,-0.154330611182104,-0.47558602003439737,0.8
6.825,TRACK,-0.07896670699119568,-0.4900706112384796,0.1928073614835739,-0.15054117252250052,-0.4767990723308412,0.8
6.845,TRACK,-0.07896670699119568,-0.4900706112384796,0.1928073614835739,-0.14672255399941803,-0.47798796234621627,0.8
6.865,TRACK,-0.07896670699119568,-0.4900706112384796,0.1928073614835739,-0.1428949135467682,-0.4791461610849675,0.8
6.885,TRACK,-0.07896670699119568,-0.4900706112384796,0.1928073614835739,-0.1390578574312627,-0.48027378888153643,0.8
6.905,TRACK,-0.07896670699119568,-0.4900706112384796,0.1928073614835739,-0.13519693887214457,-0.48137489311305137,0.8
6.925,TRACK,-0.07896670699119568,-0.4900706112384796,0.1928073614835739,-0.13133126010461219,-0.4824438828706762,0.8
6.945,TRACK,-0.07896670699119568,-0.4900706112384796,0.1928073614835739,-0.12749742916400397,-0.48347120447506464,0.8
6.965,TRACK,-0.07896670699119568,-0.4900706112384796,0.1928073614835739,-0.12360584951057182,-0.4844807467451827,0.8
6.985,TRACK,-0.07896670699119568,-0.4900706112384796,0.1928073614835739,-0.1197328524951273,-0.4854524117082745,0.8
7.005,TRACK,-0.07896670699119568,-0.4900706112384796,0.1928073614835739,-0.1158397413941051,-0.48639608788902366,0.8
7.025,TRACK,-0.07896670699119568,-0.4900706112384796,0.1928073614835739,-0.1119400313668586,-0.48730835143427076,0.8
7.045,TRACK,-0.07896670699119568,-0.4900706112384796,0.1928073614835739,-0.10802825075505404,-0.4881904311217121,0.8
7.065,TRACK,-0.07896670699119568,-0.4900706112384796,0.1928073614835739,-0.10413120857048626,-0.4890364929140257,0.8
7.085,TRACK,-0.07896670699119568,-0.4900706112384796,0.1928073614835739,-0.10021198605543966,-0.4898546293042706,0.8
7.105,TRACK,-0.07896670699119568,-0.4900706112384796,0.1928073614835739,-0.09631684576742966,-0.4906353689058843,0.8
7.125,TRACK,-0.07896670699119568,-0.4900706112384796,0.1928073614835739,-0.09235878092377146,-0.49139582373711194,0.8
7.145,TRACK,-0.07896670699119568,-0.4900706112384796,0.1928073614835739,-0.0884236251165217,-0.4921191548001895,0.8
7.165,TRACK,-0.07896670699119568,-0.4900706112384796,0.1928073614835739,-0.08449248873036361,-0.49280931337399597,0.8
7.185,TRACK,-0.07896670699119568,-0.4900706112384796,0.1928073614835739,-0.08055013288874861,-0.4934690224235002,0.8
7.205,TRACK,-0.07896670699119568,-0.4900706112384796,0.1928073614835739,-0.07659829401025525,-0.4940978661709829,0.8
7.225,TRACK,-0.07896670699119568,-0.4900706112384796,0.1928073614835739,-0.07263508565422341,-0.49469601204376373,0.8
7.245,TRACK,-0.07896670699119568,-0.4900706112384796,0.1928073614835739,-0.06867401121314318,-0.4952614261013037,0.8
7.265,TRACK,-0.07896670699119568,-0.4900706112384796,0.1928073614835739,-0.06472593893882687,-0.4957928527404235,0.8
7.285,TRACK,-0.07896670699119568,-0.4900706112384796,0.1928073614835739,-0.060750187449070465,-0.49629569283331765,0.8
7.305,TRACK,-0.07896670699119568,-0.4900706112384796,0.1928073614835739,-0.056783561705789874,-0.49676516294925993,0.8
7.325,TRACK,-0.07896670699119568,-0.4900706112384796,0.1928073614835739,-0.052794250484845505,-0.49720495483828736,0.8
7.345,TRACK,-0.07896670699119568,-0.4900706112384796,0.1928073614835739,-0.04883935994813491,-0.49760900003904324,0.8
7.365,TRACK,-0.07896670699119568,-0.4900706112384796,0.1928073614835739,-0.044845240961621735,-0.4979848435074044,0.8
7.385,TRACK,-0.07896670699119568,-0.4900706112384796,0.1928073614835739,-0.040883925634529854,-0.4983257013487366,0.8
7.405,TRACK,-0.07896670699119568,-0.4900706112384796,0.1928073614835739,-0.03686510053473832,-0.4986391123473605,0.8
7.425,TRACK,-0.07896670699119568,-0.4900706112384796,0.1928073614835739,-0.03286805029627836,-0.49891852167435247,0.8
7.445,TRACK,-0.07896670699119568,-0.4900706112384796,0.1928073614835739,-0.028877410482021543,-0.4991653986043632,0.8
7.465,TRACK,-0.07896670699119568,-0.4900706112384796,0.1928073614835739,-0.02489435378352377,-0.49937988660908317,0.8
7.485,TRACK,-0.07896670699119568,-0.4900706112384796,0.1928073614835739,-0.020901994727368207,-0.4995629155736213,0.8
7.505,TRACK,-0.07896670699119568,-0.4900706112384796,0.1928073614835739,-0.016905488518158315,-0.49971412273215016,0.8
7.525,TRACK,-0.07896670699119568,-0.4900706112384796,0.1928073614835739,-0.012890358933789293,-0.49983381102778357,0.8
7.545,TRACK,-0.07896670699119568,-0.4900706112384796,0.1928073614835739,-0.008892275946226642,-0.4999209211750356,0.8
7.565,TRACK,-0.07896670699119568,-0.4900706112384796,0.1928073614835739,-0.004887330179053135,-0.49997611343315285,0.8
7.585,TRACK,-0.07896670699119568,-0.4900706112384796,0.1928073614835739,-0.0009205514853645096,-0.49999915258424465,0.8
7.605,TRACK,-0.07896670699119568,-0.4900706112384796,0.1928073614835739,0.003102884651555497,-0.49999037201414104,0.8
7.625,TRACK,-0.07896670699119568,-0.4900706112384796,0.1928073614835739,0.007140280491376473,-0.49994901379491136,0.8
7.645,TRACK,-0.07896670699119568,-0.4900706112384796,0.1928073614835739,0.011089589780115528,-0.49987700587095296,0.8
7.665,TRACK,-0.07896670699119568,-0.4900706112384796,0.1928073614835739,0.015097927538273808,-0.4997720006003228,0.8
7.685,TRACK,-0.07896670699119568,-0.4900706112384796,0.1928073614835739,0.019096908122905865,-0.49963517500286675,0.8
7.705,TRACK,-0.07896670699119568,-0.4900706112384796,0.1928073614835739,0.023090378743300936,-0.49946654984041816,0.8
7.725,TRACK,-0.07896670699119568,-0.4900706112384796,0.1928073614835739,0.027102276285843382,-0.49926492628676195,0.8
7.745,TRACK,-0.07896670699119568,-0.4900706112384796,0.1928073614835739,0.03109295967152161,-0.4990322913989285,0.8
7.765,TRACK,-0.07896670699119568,-0.4900706112384796,0.1928073614835739,0.03506667226702219,-0.4987688126738853,0.8
7.785,TRACK,-0.07896670699119568,-0.4900706112384796,0.1928073614835739,0.03905346752684388,-0.4984724933977097,0.8
7.805,TRACK,-0.07896670699119568,-0.4900706112384796,0.1928073614835739,0.043055818657371014,-0.498142747091377,0.8
7.825,TRACK,-0.07896670699119568,-0.4900706112384796,0.1928073614835739,0.047040106216106575,-0.4977823102593918,0.8
7.845,TRACK,-0.07896670699119568,-0.4900706112384796,0.1928073614835739,0.05102427589085236,-0.49738970965412443,0.8
7.865,TRACK,-0.07896670699119568,-0.4900706112384796,0.1928073614835739,0.05497223519259944,-0.49696886558207,0.8
7.885,TRACK,-0.07896670699119568,-0.4900706112384796,0.1928073614835739,0.05897089806607035,-0.49651025486013994,0.8
7.905,TRACK,-0.07896670699119568,-0.4900706112384796,0.1928073614835739,0.06293489731610498,-0.4960233852348207,0.8
7.925,TRACK,-0.07896670699119568,-0.4900706112384796,0.1928073614835739,0.06698617681166605,-0.4954925348742968,0.8
7.945,TRACK,-0.07896670699119568,-0.4900706112384796,0.1928073614835739,0.07086716523341967,-0.4949523662856651,0.8
7.965,TRACK,-0.07896670699119568,-0.4900706112384796,0.1928073614835739,0.0748258376746894,-0.49436939025012566,0.8
7.985,TRACK,-0.07896670699119568,-0.4900706112384796,0.1928073614835739,0.07877802281253013,-0.493755023388875,0.8
8.005,TRACK,-0.07896670699119568,-0.4900706112384796,0.1928073614835739,0.08271825412460576,-0.49311022138521643,0.8
8.025,TRACK,-0.07896670699119568,-0.4900706112384796,0.1928073614835739,0.08666908409252747,-0.4924311828698122,0.8
8.045,TRACK,-0.07896670699119568,-0.4900706112384796,0.1928073614835739,0.09059966501945245,-0.4917231952006769,0.8
8.065,TRACK,-0.07896670699119568,-0.4900706112384796,0.1928073614835739,0.09452235835447606,-0.4909842398398425,0.8
8.085,TRACK,-0.07896670699119568,-0.4900706112384796,0.1928073614835739,0.09843084602966373,-0.4902156347464702,0.8
8.105,TRACK,-0.07896670699119568,-0.4900706112384796,0.1928073614835739,0.10237770672691017,-0.4894065847180019,0.8
8.125,TRACK,-0.07896670699119568,-0.4900706112384796,0.1928073614835739,0.1062817634712592,-0.48857362470096494,0.8
8.145,TRACK,-0.07896670699119568,-0.4900706112384796,0.1928073614835739,0.11018620838653789,-0.4877079038537293,0.8
8.165,TRACK,-0.07896670699119568,-0.4900706112384796,0.1928073614835739,0.11408750373027508,-0.48681006716438646,0.8
8.185,TRACK,-0.07896670699119568,-0.4900706112384796,0.1928073614835739,0.11797476660111628,-0.4858826550160153,0.8
8.205,TRACK,-0.07896670699119568,-0.4900706112384796,0.1928073614835739,0.1218603198005148,-0.4849227386482472,0.8
8.225,TRACK,-0.07896670699119568,-0.4900706112384796,0.1928073614835739,0.12572477306612095,-0.48393520375921445,0.8
8.245,TRACK,-0.07896670699119568,-0.4900706112384796,0.1928073614835739,0.12960600277026468,-0.4829102235881056,0.8
8.265,TRACK,-0.07896670699119568,-0.4900706112384796,0.1928073614835739,0.1334606807577661,-0.4818591564883598,0.8
8.285,TRACK,-0.07896670699119568,-0.4900706112384796,0.1928073614835739,0.13731128435449672,-0.4807760509727149,0.8
8.305,TRACK,-0.07896670699119568,-0.4900706112384796,0.1928073614835739,0.1411616997605984,-0.47965964445708653,0.8
8.325,TRACK,-0.07896670699119568,-0.4900706112384796,0.1928073614835739,0.14499665128541703,-0.47851433741949173,0.8
8.345,TRACK,-0.07896670699119568,-0.4900706112384796,0.1928073614835739,0.1487937693525026,-0.47734726793171683,0.8
8.365,TRACK,-0.07896670699119568,-0.4900706112384796,0.1928073614835739,0.15260996676482666,-0.4761409434653131,0.8
8.385,TRACK,-0.07896670699119568,-0.4900706112384796,0.1928073614835739,0.15641362308029463,-0.474905020519783,0.8
8.405,TRACK,-0.07896670699119568,-0.4900706112384796,0.1928073614835739,0.16020049638762698,-0.47364100430300365,0.8
8.425,TRACK,-0.07896670699119568,-0.4900706112384796,0.1928073614835739,0.16399364341833417,-0.4723410684223639,0.8
8.445,TRACK,-0.07896670699119568,-0.4900706112384796,0.1928073614835739,0.16778536236558275,-0.4710075075578415,0.8
8.465,TRACK,-0.07896670699119568,-0.4900706112384796,0.1928073614835739,0.17153694653524826,-0.46965420893819676,0.8
8.485,TRACK,-0.07896670699119568,-0.4900706112384796,0.1928073614835739,0.17528802220019715,-0.4682671345216779,0.8
8.505,TRACK,-0.07896670699119568,-0.4900706112384796,0.1928073614835739,0.17904262004763924,-0.4668444496901261,0.8
8.525,TRACK,-0.07896670699119568,-0.4900706112384796,0.1928073614835739,0.18277768347991935,-0.4653947984472048,0.8
8.545,TRACK,-0.07896670699119568,-0.4900706112384796,0.1928073614835739,0.18648256175424677,-0.4639226812320923,0.8
8.565,TRACK,-0.07896670699119568,-0.4900706112384796,0.1928073614835739,0.19019049044183203,-0.4624149406598963,0.8
8.585,TRACK,-0.07896670699119568,-0.4900706112384796,0.1928073614835739,0.1938927791226598,-0.46087480968706834,0.8
8.605,TRACK,-0.07896670699119568,-0.4900706112384796,0.1928073614835739,0.19756752918876672,-0.45931151891744,0.8
8.625,TRACK,-0.07896670699119568,-0.4900706112384796,0.1928073614835739,0.20123373587053617,-0.4577171436024516,0.8
8.645,TRACK,-0.07896670699119568,-0.4900706112384796,0.1928073614835739,0.20487724694438167,-0.45609792115782644,0.8
8.665,TRACK,-0.07896670699119568,-0.4900706112384796,0.1928073614835739,0.20852818636668755,-0.45444031015153136,0.8
8.685,TRACK,-0.07896670699119568,-0.4900706112384796,0.1928073614835739,0.21214727857631807,-0.45276211435218616,0.8
8.705,TRACK,-0.07896670699119568,-0.4900706112384796,0.1928073614835739,0.21577088971245934,-0.45104647560167643,0.8
8.725,TRACK,-0.07896670699119568,-0.4900706112384796,0.1928073614835739,0.2193764713266092,-0.4493038658060772,0.8
8.745,TRACK,-0.07896670699119568,-0.4900706112384796,0.1928073614835739,0.22296776705977175,-0.4475325405513876,0.8
8.765,TRACK,-0.07896670699119568,-0.4900706112384796,0.1928073614835739,0.226540340760884,-0.44573475746001967,0.8
8.785,TRACK,-0.07896670699119568,-0.4900706112384796,0.1928073614835739,0.23008965686533842,-0.443912998011537,0.8
8.805,TRACK,-0.07896670699119568,-0.4900706112384796,0.1928073614835739,0.23363123807638184,-0.44205932248386864,0.8
8.825,TRACK,-0.07896670699119568,-0.4900706112384796,0.1928073614835739,0.237174761814751,-0.44016830003774254,0.8
8.845,TRACK,-0.07896670699119568,-0.4900706112384796,0.1928073614835739,0.24068530129967616,-0.4382585831883776,0.8
8.865,TRACK,-0.07896670699119568,-0.4900706112384796,0.1928073614835739,0.2441838770135726,-0.43631895925643716,0.8
8.885,TRACK,-0.07896670699119568,-0.4900706112384796,0.1928073614835739,0.24765853819619615,-0.4343561309093303,0.8
8.905,TRACK,-0.07896670699119568,-0.4900706112384796,0.1928073614835739,0.25112946268732544,-0.4323586392919369,0.8
8.925,TRACK,-0.07896670699119568,-0.4900706112384796,0.1928073614835739,0.2545894484302349,-0.43033035304053185,0.8
8.945,TRACK,-0.07896670699119568,-0.4900706112384796,0.1928073614835739,0.25802374107090514,-0.4282799890769758,0.8
8.965,TRACK,-0.07896670699119568,-0.4900706112384796,0.1928073614835739,0.26142875898467377,-0.4262100467794411,0.8
8.985,TRACK,-0.07896670699119568,-0.4900706112384796,0.1928073614835739,0.26483565602136877,-0.424101491744289,0.8
9.005,TRACK,-0.07896670699119568,-0.4900706112384796,0.1928073614835739,0.2682205574818738,-0.42196887627420204,0.8
9.025,TRACK,-0.07896670699119568,-0.4900706112384796,0.1928073614835739,0.2715918099812691,-0.4198069660583281,0.8
9.045,TRACK,-0.07896670699119568,-0.4900706112384796,0.1928073614835739,0.27493894702063293,-0.4176225274230134,0.8
9.065,TRACK,-0.07896670699119568,-0.4900706112384796,0.1928073614835739,0.2782593638234394,-0.41541753266391485,0.8
9.085,TRACK,-0.07896670699119568,-0.4900706112384796,0.1928073614835739,0.28157222448353114,-0.41317923761897324,0.8
9.105,TRACK,-0.07896670699119568,-0.4900706112384796,0.1928073614835739,0.284879151142648,-0.41090615625011545,0.8
9.125,TRACK,-0.07896670699119568,-0.4900706112384796,0.1928073614835739,0.28814290555347977,-0.4086241133109969,0.8
9.145,TRACK,-0.07896670699119568,-0.4900706112384796,0.1928073614835739,0.29139380527397785,-0.4063122570732405,0.8
9.165,TRACK,-0.07896670699119568,-0.4900706112384796,0.1928073614835739,0.2946411821047805,-0.4039635798037956,0.8
9.185,TRACK,-0.07896670699119568,-0.4900706112384796,0.1928073614835739,0.29788069728921757,-0.40158073930716537,0.8
9.205,TRACK,-0.07896670699119568,-0.4900706112384796,0.1928073614835739,0.30107947191740936,-0.3991881155419508,0.8
9.225,TRACK,-0.07896670699119568,-0.4900706112384796,0.1928073614835739,0.30427155401334927,-0.3967604080781013,0.8
9.245,TRACK,-0.07896670699119568,-0.4900706112384796,0.1928073614835739,0.30743338186056507,-0.39431550276114685,0.8
9.265,TRACK,-0.07896670699119568,-0.4900706112384796,0.1928073614835739,0.3105691001329169,-0.39185052512741414,0.8
9.285,TRACK,-0.07896670699119568,-0.4900706112384796,0.1928073614835739,0.3136913305456332,-0.38935555619576084,0.8
9.305,TRACK,-0.07896670699119568,-0.4900706112384796,0.1928073614835739,0.316813144235282,-0.3868196370916999,0.8
9.325,TRACK,-0.07896670699119568,-0.4900706112384796,0.1928073614835739,0.31989159055546035,-0.3842777254693508,0.8
9.345,TRACK,-0.07896670699119568,-0.4900706112384796,0.1928073614835739,0.32295488493631946,-0.38170688007392356,0.8
9.365,TRACK,-0.07896670699119568,-0.4900706112384796,0.1928073614835739,0.32599498837302326,-0.37911379235748255,0.8
9.385,TRACK,-0.07896670699119568,-0.4900706112384796,0.1928073614835739,0.32901039421998074,-0.3764998811357221,0.8
9.405,TRACK,-0.07896670699119568,-0.4900706112384796,0.1928073614835739,0.3320217416147742,-0.3738469781810361,0.8
9.425,TRACK,-0.07896670699119568,-0.4900706112384796,0.1928073614835739,0.3350144596964583,-0.37116749830001294,0.8
9.445,TRACK,-0.07896670699119568,-0.4900706112384796,0.1928073614835739,0.3379560012574181,-0.3684911684343276,0.8
9.465,TRACK,-0.07896670699119568,-0.4900706112384796,0.1928073614835739,0.3409001630397662,-0.36576916059102194,0.8
9.485,TRACK,-0.07896670699119568,-0.4900706112384796,0.1928073614835739,0.3438017671965296,-0.36304317218829946,0.8
9.505,TRACK,-0.07896670699119568,-0.4900706112384796,0.1928073614835739,0.3467039417881534,-0.3602726422427281,0.8
9.525,TRACK,-0.07896670699119568,-0.4900706112384796,0.1928073614835739,0.3495727789585358,-0.3574896812653572,0.8
9.545,TRACK,-0.07896670699119568,-0.4900706112384796,0.1928073614835739,0.3524190076881703,-0.35468414543095295,0.8
9.565,TRACK,-0.07896670699119568,-0.4900706112384796,0.1928073614835739,0.3552449021098035,-0.3518537473510779,0.8
9.585,TRACK,-0.07896670699119568,-0.4900706112384796,0.1928073614835739,0.35804513641437313,-0.34900383993591383,0.8
9.605,TRACK,-0.07896670699119568,-0.4900706112384796,0.1928073614835739,0.3608285491311605,-0.34612535031676267,0.8
9.625,TRACK,-0.07896670699119568,-0.4900706112384796,0.1928073614835739,0.3635988043080453,-0.34321408698618383,0.8
9.645,TRACK,-0.07896670699119568,-0.4900706112384796,0.1928073614835739,0.366328176754258,-0.34029937836543445,0.8
9.665,TRACK,-0.07896670699119568,-0.4900706112384796,0.1928073614835739,0.3690380777505394,-0.33735870697254405,0.8
9.685,TRACK,-0.07896670699119568,-0.4900706112384796,0.1928073614835739,0.37172179028628477,-0.33439932808897704,0.8
9.705,TRACK,-0.07896670699119568,-0.4900706112384796,0.1928073614835739,0.3743848375699445,-0.3314151375506651,0.8
9.725,TRACK,-0.07896670699119568,-0.4900706112384796,0.1928073614835739,0.3770173825262185,-0.3284172548345763,0.8
9.745,TRACK,-0.07896670699119568,-0.4900706112384796,0.1928073614835739,0.37964572062281393,-0.32537536294683456,0.8
9.765,TRACK,-0.07896670699119568,-0.4900706112384796,0.1928073614835739,0.38222913636481326,-0.3223366056063273,0.8
9.785,TRACK,-0.07896670699119568,-0.4900706112384796,0.1928073614835739,0.3847968163582626,-0.3192669887735741,0.8
9.805,TRACK,-0.07896670699119568,-0.4900706112384796,0.1928073614835739,0.3873481072393647,-0.31616679746311377,0.8
9.825,TRACK,-0.07896670699119568,-0.4900706112384796,0.1928073614835739,0.3898554632264006,-0.31306982894001245,0.8
9.845,TRACK,-0.07896670699119568,-0.4900706112384796,0.1928073614835739,0.392354640911,-0.3099319856929908,0.8
9.865,TRACK,-0.07896670699119568,-0.4900706112384796,0.1928073614835739,0.3948234144329934,-0.30678081982984645,0.8
9.885,TRACK,-0.07896670699119568,-0.4900706112384796,0.1928073614835739,0.3972596994369473,-0.3036193854207374,0.8
9.905,TRACK,-0.07896670699119568,-0.4900706112384796,0.1928073614835739,0.3996764011500006,-0.3004309810318899,0.8
9.925,TRACK,-0.07896670699119568,-0.4900706112384796,0.1928073614835739,0.40206042691913024,-0.2972329273576646,0.8
9.945,TRACK,-0.07896670699119568,-0.4900706112384796,0.1928073614835739,0.4044266586033664,-0.2940052343257108,0.8
9.965,TRACK,-0.07896670699119568,-0.4900706112384796,0.1928073614835739,0.40714970115055776,-0.2902225367765424,0.8
9.985,TRACK,-0.07896670699119568,-0.4900706112384796,0.1928073614835739,0.4090674204415154,-0.28751320931971885,0.8
10.006,TRACK,-0.07896670699119568,-0.4900706112384796,0.1928073614835739,0.41135495145336537,-0.2842307230311309,0.8
10.027,TRACK,-0.07896670699119568,-0.4900706112384796,0.1928073614835739,0.41367711126741935,-0.2808402528368096,0.8
10.045,TRACK,-0.07896670699119568,-0.4900706112384796,0.1928073614835739,0.4158579995837713,-0.2776006559469629,0.8
10.065,TRACK,-0.07896670699119568,-0.4900706112384796,0.1928073614835739,0.41805508745608916,-0.27428077557875186,0.8
10.085,TRACK,-0.07896670699119568,-0.4900706112384796,0.1928073614835739,0.42024040035659077,-0.2709206634941903,0.8
10.105,TRACK,-0.07896670699119568,-0.4900706112384796,0.1928073614835739,0.42238962347066455,-0.26755748164517884,0.8
10.125,TRACK,-0.07896670699119568,-0.4900706112384796,0.1928073614835739,0.4245196660080458,-0.2641648219813101,0.8
10.145,TRACK,-0.07896670699119568,-0.4900706112384796,0.1928073614835739,0.4266204199496646,-0.26075854210739063,0.8
10.165,TRACK,-0.07896670699119568,-0.4900706112384796,0.1928073614835739,0.42869305770699756,-0.25733686536099887,0.8
10.185,TRACK,-0.07896670699119568,-0.4900706112384796,0.1928073614835739,0.43073793798762255,-0.253899249266655,0.8
10.205,TRACK,-0.07896670699119568,-0.4900706112384796,0.1928073614835739,0.4327546322175345,-0.25044645793915,0.8
10.225,TRACK,-0.07896670699119568,-0.4900706112384796,0.1928073614835739,0.43476687144888526,-0.2469367682030128,0.8
10.245,TRACK,-0.07896670699119568,-0.4900706112384796,0.1928073614835739,0.4367176105182292,-0.2434701802341475,0.8
10.265,TRACK,-0.07896670699119568,-0.4900706112384796,0.1928073614835739,0.4386494749790899,-0.23997216109492528,0.8
10.285,TRACK,-0.07896670699119568,-0.4900706112384796,0.1928073614835739,0.44055742572189366,-0.23645116756171486,0.8
10.305,TRACK,-0.07896670699119568,-0.4900706112384796,0.1928073614835739,0.4424331160873749,-0.23292260042601157,0.8
10.325,TRACK,-0.07896670699119568,-0.4900706112384796,0.1928073614835739,0.44428522681633126,-0.22937008792072497,0.8
10.345,TRACK,-0.07896670699119568,-0.4900706112384796,0.1928073614835739,0.4461046786137004,-0.22581101770942688,0.8
10.365,TRACK,-0.07896670699119568,-0.4900706112384796,0.1928073614835739,0.44789324628686117,-0.22224230004798173,0.8
10.385,TRACK,-0.07896670699119568,-0.4900706112384796,0.1928073614835739,0.44966031382201976,-0.21864492258793178,0.8
10.405,TRACK,-0.07896670699119568,-0.4900706112384796,0.1928073614835739,0.45139174152106837,-0.21504765910508533,0.8
10.425,TRACK,-0.07896670699119568,-0.4900706112384796,0.1928073614835739,0.4531021950560232,-0.21141996319036066,0.8
10.445,TRACK,-0.07896670699119568,-0.4900706112384796,0.1928073614835739,0.4547759247402827,-0.20779523160222113,0.8
10.465,TRACK,-0.07896670699119568,-0.4900706112384796,0.1928073614835739,0.4564277446081359,-0.20414140675504872,0.8
10.485,TRACK,-0.07896670699119568,-0.4900706112384796,0.1928073614835739,0.45804586890991383,-0.20048436840452682,0.8
10.505,TRACK,-0.07896670699119568,-0.4900706112384796,0.1928073614835739,0.45963411060244413,-0.19681586412355118,0.8
10.525,TRACK,-0.07896670699119568,-0.4900706112384796,0.1928073614835739,0.46118689326047135,-0.1931492932546081,0.8
10.545,TRACK,-0.07896670699119568,-0.4900706112384796,0.1928073614835739,0.46272135883842996,-0.18944377549742014,0.8
10.565,TRACK,-0.07896670699119568,-0.4900706112384796,0.1928073614835739,0.4642206319613933,-0.1857396157564794,0.8
10.585,TRACK,-0.07896670699119568,-0.4900706112384796,0.1928073614835739,0.4656929438473185,-0.18201670816388874,0.8
10.605,TRACK,-0.07896670699119568,-0.4900706112384796,0.1928073614835739,0.46713927612154327,-0.17827197397415148,0.8
10.625,TRACK,-0.07896670699119568,-0.4900706112384796,0.1928073614835739,0.4685499044355211,-0.17453076248462346,0.8
10.645,TRACK,-0.07896670699119568,-0.4900706112384796,0.1928073614835739,0.4699196414550046,-0.17080846166042218,0.8
10.665,TRACK,-0.07896670699119568,-0.4900706112384796,0.1928073614835739,0.4712726171209696,-0.16703927787185863,0.8
10.685,TRACK,-0.07896670699119568,-0.4900706112384796,0.1928073614835739,0.47260112151320816,-0.16324270257643325,0.8
10.705,TRACK,-0.07896670699119568,-0.4900706112384796,0.1928073614835739,0.4738923506257041,-0.15945544838118492,0.8
10.725,TRACK,-0.07896670699119568,-0.4900706112384796,0.1928073614835739,0.4751450950517881,-0.15568281423531385,0.8
10.745,TRACK,-0.07896670699119568,-0.4900706112384796,0.1928073614835739,0.4763806684127029,-0.15185999724307403,0.8
10.765,TRACK,-0.07896670699119568,-0.4900706112384796,0.1928073614835739,0.47757981016785533,-0.1480456852462619,0.8
10.785,TRACK,-0.07896670699119568,-0.4900706112384796,0.1928073614835739,0.4787485355944229,-0.14422149516003369,0.8
10.805,TRACK,-0.07896670699119568,-0.4900706112384796,0.1928073614835739,0.47988753661283734,-0.14038501417054,0.8
10.825,TRACK,-0.07896670699119568,-0.4900706112384796,0.1928073614835739,0.4809951171694106,-0.13654192491387013,0.8
10.845,TRACK,-0.07896670699119568,-0.4900706112384796,0.1928073614835739,0.4820702385377254,-0.13269621364673723,0.8
10.865,TRACK,-0.07896670699119568,-0.4900706112384796,0.1928073614835739,0.4831133102492214,-0.12884692258660888,0.8
10.885,TRACK,-0.07896670699119568,-0.4900706112384796,0.1928073614835739,0.4841341439988183,-0.12495651489430805,0.8
10.905,TRACK,-0.07896670699119568,-0.4900706112384796,0.1928073614835739,0.4851189389486168,-0.1210768973560531,0.8
10.925,TRACK,-0.07896670699119568,-0.4900706112384796,0.1928073614835739,0.4860730473801628,-0.11718785180453647,0.8
10.945,TRACK,-0.07896670699119568,-0.4900706112384796,0.1928073614835739,0.48699329948750575,-0.11330280779518455,0.8
10.965,TRACK,-0.07896670699119568,-0.4900706112384796,0.1928073614835739,0.48788311567290343,-0.10940779424383046,0.8
10.985,TRACK,-0.07896670699119568,-0.4900706112384796,0.1928073614835739,0.4887437215819302,-0.10549679907108406,0.8
11.005,TRACK,-0.07896670699119568,-0.4900706112384796,0.1928073614835739,0.4895732186677135,-0.10157786945656613,0.8
11.025,TRACK,-0.07896670699119568,-0.4900706112384796,0.1928073614835739,0.4903767494101646,-0.09762501543109027,0.8
11.045,TRACK,-0.07896670699119568,-0.4900706112384796,0.1928073614835739,0.49113548841651494,-0.09373330260836499,0.8
11.065,TRACK,-0.07896670699119568,-0.4900706112384796,0.1928073614835739,0.49186609254046726,-0.08982063799023307,0.8
11.085,TRACK,-0.07896670699119568,-0.4900706112384796,0.1928073614835739,0.49257104724304773,-0.08587062022535549,0.8
11.105,TRACK,-0.07896670699119568,-0.4900706112384796,0.1928073614835739,0.4932432030525255,-0.08192156396508256,0.8
11.125,TRACK,-0.07896670699119568,-0.4900706112384796,0.1928073614835739,0.4938797425443967,-0.07799230669931757,0.8
11.145,TRACK,-0.07896670699119568,-0.4900706112384796,0.1928073614835739,0.49449041839928864,-0.07402179483973922,0.8
11.165,TRACK,-0.07896670699119568,-0.4900706112384796,0.1928073614835739,0.49506684916073046,-0.07006293500893732,0.8
11.185,TRACK,-0.07896670699119568,-0.4900706112384796,0.1928073614835739,0.4956114158493954,-0.06610086595316056,0.8
11.205,TRACK,-0.07896670699119568,-0.4900706112384796,0.1928073614835739,0.4961246356775767,-0.062131681723511835,0.8
11.225,TRACK,-0.07896670699119568,-0.4900706112384796,0.1928073614835739,0.4966059295070782,-0.058159700638937814,0.8
11.245,TRACK,-0.07896670699119568,-0.4900706112384796,0.1928073614835739,0.4970553466031599,-0.05418470645129062,0.8
11.265,TRACK,-0.07896670699119568,-0.4900706112384796,0.1928073614835739,0.4974703321335708,-0.05023214754432432,0.8
11.285,TRACK,-0.07896670699119568,-0.4900706112384796,0.1928073614835739,0.4978559128285989,-0.046254622056639105,0.8
11.305,TRACK,-0.07896670699119568,-0.4900706112384796,0.1928073614835739,0.4982129235866384,-0.04223603640559096,0.8
11.325,TRACK,-0.07896670699119568,-0.4900706112384796,0.1928073614835739,0.4985347850026581,-0.03825007375618329,0.8
11.345,TRACK,-0.07896670699119568,-0.4900706112384796,0.1928073614835739,0.4988245611015697,-0.03426451870122148,0.8
11.365,TRACK,-0.07896670699119568,-0.4900706112384796,0.1928073614835739,0.49908264250508416,-0.030274014437176415,0.8
11.385,TRACK,-0.07896670699119568,-0.4900706112384796,0.1928073614835739,0.49930847525370164,-0.026287764070448912,0.8
11.405,TRACK,-0.07896670699119568,-0.4900706112384796,0.1928073614835739,0.49950205705133727,-0.022309078902603703,0.8
11.425,TRACK,-0.07896670699119568,-0.4900706112384796,0.1928073614835739,0.4996655313964893,-0.01828542409308517,0.8
11.445,TRACK,-0.07896670699119568,-0.4900706112384796,0.1928073614835739,0.49979567536123215,-0.014292756564423458,0.8
11.465,TRACK,-0.07896670699119568,-0.4900706112384796,0.1928073614835739,0.4998941179437782,-0.010289355918228311,0.8
11.485,TRACK,-0.07896670699119568,-0.4900706112384796,0.1928073614835739,0.4999603555179175,-0.0062962616207997086,0.8
11.505,TRACK,-0.07896670699119568,-0.4900706112384796,0.1928073614835739,0.49999472706702575,-0.002296280725525184,0.8
11.525,TRACK,-0.07896670699119568,-0.4900706112384796,0.1928073614835739,0.4999970983587311,0.001703417990212732,0.8
11.545,TRACK,-0.07896670699119568,-0.4900706112384796,0.1928073614835739,0.49996741860135036,0.005707918806546258,0.8
11.565,TRACK,-0.07896670699119568,-0.4900706112384796,0.1928073614835739,0.4999058041484547,0.009704997613953293,0.8
11.585,TRACK,-0.07896670699119568,-0.4900706112384796,0.1928073614835739,0.49981229886755896,0.013699120436214695,0.8
11.605,TRACK,-0.07896670699119568,-0.4900706112384796,0.1928073614835739,0.4996867234261124,0.017696848071785357,0.8
11.625,TRACK,-0.07896670699119568,-0.4900706112384796,0.1928073614835739,0.49952848780291803,0.021709211715996386,0.8
11.645,TRACK,-0.07896670699119568,-0.4900706112384796,0.1928073614835739,0.4993390666440741,0.02570012690678634,0.8
11.665,TRACK,-0.07896670699119568,-0.4900706112384796,0.1928073614835739,0.4991174722924171,0.029694256219482174,0.8
11.685,TRACK,-0.07896670699119568,-0.4900706112384796,0.1928073614835739,0.4988641196192799,0.03368367789420894,0.8
11.705,TRACK,-0.07896670699119568,-0.4900706112384796,0.1928073614835739,0.498578564039656,0.037675130791473624,0.8
11.725,TRACK,-0.07896670699119568,-0.4900706112384796,0.1928073614835739,0.4982615021320665,0.04165903855223626,0.8
11.745,TRACK,-0.07896670699119568,-0.4900706112384796,0.1928073614835739,0.49791196731472365,0.04564726503068495,0.8
11.765,TRACK,-0.07896670699119568,-0.4900706112384796,0.1928073614835739,0.4975313052519367,0.04962459364371872,0.8
11.785,TRACK,-0.07896670699119568,-0.4900706112384796,0.1928073614835739,0.49711885229123887,0.05359894305526426,0.8
11.805,TRACK,-0.07896670699119568,-0.4900706112384796,0.1928073614835739,0.4966729005532922,0.057584979430225613,0.8
11.825,TRACK,-0.07896670699119568,-0.4900706112384796,0.1928073614835739,0.49619766513666314,0.06154573188226696,0.8
11.845,TRACK,-0.07896670699119568,-0.4900706112384796,0.1928073614835739,0.49569125096832106,0.06549949399393039,0.8
11.865,TRACK,-0.07896670699119568,-0.4900706112384796,0.1928073614835739,0.49514873568863554,0.06948186487095566,0.8
11.885,TRACK,-0.07896670699119568,-0.4900706112384796,0.1928073614835739,0.49457807210272364,0.07343385183383151,0.8
11.905,TRACK,-0.07896670699119568,-0.4900706112384796,0.1928073614835739,0.49397334986768815,0.07739721972070139,0.8
11.925,TRACK,-0.07896670699119568,-0.4900706112384796,0.1928073614835739,0.4933379766182949,0.08134888337381586,0.8
11.945,TRACK,-0.07896670699119568,-0.4900706112384796,0.1928073614835739,0.4926719188564516,0.08528997813519451,0.8
11.965,TRACK,-0.07896670699119568,-0.4900706112384796,0.1928073614835739,0.4919731437787918,0.08923242572300862,0.8
11.985,TRACK,-0.07896670699119568,-0.4900706112384796,0.1928073614835739,0.4912461527361987,0.09315158303476845,0.8
12.005,TRACK,-0.07896670699119568,-0.4900706112384796,0.1928073614835739,0.4904832661446962,0.09708844231952189,0.8
12.025,TRACK,-0.07896670699119568,-0.4900706112384796,0.1928073614835739,0.48969057365618773,0.10101060376155463,0.8
12.045,TRACK,-0.07896670699119568,-0.4900706112384796,0.1928073614835739,0.48886791890402875,0.10491976871135386,0.8
12.065,TRACK,-0.07896670699119568,-0.4900706112384796,0.1928073614835739,0.48801204465236103,0.10883126515033241,0.8
12.085,TRACK,-0.07896670699119568,-0.4900706112384796,0.1928073614835739,0.48712641192338074,0.11272913911962962,0.8
12.105,TRACK,-0.07896670699119568,-0.4900706112384796,0.1928073614835739,0.4862148064329712,0.11659829332090721,0.8
12.125,TRACK,-0.07896670699119568,-0.4900706112384796,0.1928073614835739,0.48526032423730203,0.12050899435771796,0.8
12.145,TRACK,-0.07896670699119568,-0.4900706112384796,0.1928073614835739,0.4842869150244247,0.12436311324555052,0.8
12.165,TRACK,-0.07896670699119568,-0.4900706112384796,0.1928073614835739,0.4832782366677712,0.12822693150539685,0.8
12.185,TRACK,-0.07896670699119568,-0.4900706112384796,0.1928073614835739,0.48222867857579266,0.13211927020327077,0.8
12.205,TRACK,-0.07896670699119568,-0.4900706112384796,0.1928073614835739,0.48115669450969334,0.13597145041701075,0.8
12.225,TRACK,-0.07896670699119568,-0.4900706112384796,0.1928073614835739,0.48005080509802833,0.13982569336404102,0.8
12.245,TRACK,-0.07896670699119568,-0.4900706112384796,0.1928073614835739,0.47891845397968424,0.14365623703031155,0.8
12.265,TRACK,-0.07896670699119568,-0.4900706112384796,0.1928073614835739,0.47775313263839325,0.1474854035293046,0.8
12.285,TRACK,-0.07896670699119568,-0.4900706112384796,0.1928073614835739,0.47655866773481964,0.15130048316781342,0.8
12.305,TRACK,-0.07896670699119568,-0.4900706112384796,0.1928073614835739,0.4753329542064126,0.1551082932837715,0.8
12.325,TRACK,-0.07896670699119568,-0.4900706112384796,0.1928073614835739,0.47407760398944615,0.1589038243580874,0.8
12.345,TRACK,-0.07896670699119568,-0.4900706112384796,0.1928073614835739,0.4727916987701249,0.16268991847702013,0.8
12.365,TRACK,-0.07896670699119568,-0.4900706112384796,0.1928073614835739,0.4714750176948984,0.16646713696581447,0.8
12.385,TRACK,-0.07896670699119568,-0.4900706112384796,0.1928073614835739,0.47012819274825984,0.1702336112031201,0.8
12.405,TRACK,-0.07896670699119568,-0.4900706112384796,0.1928073614835739,0.4687529715516369,0.17398463053244181,0.8
12.425,TRACK,-0.07896670699119568,-0.4900706112384796,0.1928073614835739,0.4673423308367961,0.17773898224089904,0.8
12.445,TRACK,-0.07896670699119568,-0.4900706112384796,0.1928073614835739,0.465906415201346,0.18146959049447087,0.8
12.465,TRACK,-0.07896670699119568,-0.4900706112384796,0.1928073614835739,0.46443872443235285,0.18519360476984362,0.8
12.485,TRACK,-0.07896670699119568,-0.4900706112384796,0.1928073614835739,0.4629474650418529,0.1888905625258244,0.8
12.505,TRACK,-0.07896670699119568,-0.4900706112384796,0.1928073614835739,0.46142503347331393,0.19257969385205476,0.8
12.525,TRACK,-0.07896670699119568,-0.4900706112384796,0.1928073614835739,0.45987086494523044,0.19626203803722622,0.8
12.545,TRACK,-0.07896670699119568,-0.4900706112384796,0.1928073614835739,0.45828820663141356,0.1999297868316845,0.8
12.565,TRACK,-0.07896670699119568,-0.4900706112384796,0.1928073614835739,0.4566633842214787,0.2036137360577281,0.8
12.585,TRACK,-0.07896670699119568,-0.4900706112384796,0.1928073614835739,0.4550191092656612,0.2072621774542675,0.8
12.605,TRACK,-0.07896670699119568,-0.4900706112384796,0.1928073614835739,0.45334624936891244,0.2108961312664124,0.8
12.625,TRACK,-0.07896670699119568,-0.4900706112384796,0.1928073614835739,0.4516444702020358,0.21451636892303205,0.8
12.645,TRACK,-0.07896670699119568,-0.4900706112384796,0.1928073614835739,0.44991307459913815,0.21812433450844118,0.8
12.665,TRACK,-0.07896670699119568,-0.4900706112384796,0.1928073614835739,0.44815655756259454,0.22171084753264753,0.8
12.685,TRACK,-0.07896670699119568,-0.4900706112384796,0.1928073614835739,0.44636850751659213,0.22528904877381417,0.8
12.705,TRACK,-0.07896670699119568,-0.4900706112384796,0.1928073614835739,0.4445519105558526,0.22885278853695723,0.8
12.725,TRACK,-0.07896670699119568,-0.4900706112384796,0.1928073614835739,0.442705332504562,0.2324047946407845,0.8
12.745,TRACK,-0.07896670699119568,-0.4900706112384796,0.1928073614835739,0.4408319267833398,0.23593900128738388,0.8
12.765,TRACK,-0.07896670699119568,-0.4900706112384796,0.1928073614835739,0.4389313121527758,0.23945626576024795,0.8
12.785,TRACK,-0.07896670699119568,-0.4900706112384796,0.1928073614835739,0.43700048005820075,0.2429620966918546,0.8
12.808,TRACK,-0.07896670699119568,-0.4900706112384796,0.1928073614835739,0.43504402062157227,0.2464481692393291,0.8
12.825,TRACK,-0.07896670699119568,-0.4900706112384796,0.1928073614835739,0.433055080857401,0.2499265831070994,0.8
12.845,TRACK,-0.07896670699119568,-0.4900706112384796,0.1928073614835739,0.4310569841252587,0.2533572111403905,0.8
12.865,TRACK,-0.07896670699119568,-0.4900706112384796,0.1928073614835739,0.4290152297155223,0.25679940161950854,0.8
12.885,TRACK,-0.07896670699119568,-0.4900706112384796,0.1928073614835739,0.4269474277888738,0.2602227774512915,0.8
12.905,TRACK,-0.07896670699119568,-0.4900706112384796,0.1928073614835739,0.42483729897689987,0.2636536921759531,0.8
12.925,TRACK,-0.07896670699119568,-0.4900706112384796,0.1928073614835739,0.42271674036102136,0.2670403666462299,0.8
12.945,TRACK,-0.07896670699119568,-0.4900706112384796,0.1928073614835739,0.4205656517666918,0.27041548135056487,0.8
12.965,TRACK,-0.07896670699119568,-0.4900706112384796,0.1928073614835739,0.4183899916199583,0.27376963840472013,0.8
12.985,TRACK,-0.07896670699119568,-0.4900706112384796,0.1928073614835739,0.41618652443430226,0.27710787949694954,0.8
13.005,TRACK,-0.07896670699119568,-0.4900706112384796,0.1928073614835739,0.41395709136621184,0.2804273997091328,0.8
13.025,TRACK,-0.07896670699119568,-0.4900706112384796,0.1928073614835739,0.41169836818294897,0.2837330675749603,0.8
13.045,TRACK,-0.07896670699119568,-0.4900706112384796,0.1928073614835739,0.4094166696241373,0.28701566269783957,0.8
13.065,TRACK,-0.07896670699119568,-0.4900706112384796,0.1928073614835739,0.4071066392611168,0.2902829383024757,0.8
13.085,TRACK,-0.07896670699119568,-0.4900706112384796,0.1928073614835739,0.4047789334642841,0.2935200419452079,0.8
13.105,TRACK,-0.07896670699119568,-0.4900706112384796,0.1928073614835739,0.4024132912072974,0.29675502196207376,0.8
13.125,TRACK,-0.07896670699119568,-0.4900706112384796,0.1928073614835739,0.40002622984522684,0.29996502368745215,0.8
13.145,TRACK,-0.07896670699119568,-0.4900706112384796,0.1928073614835739,0.39761020960472954,0.30316022367402196,0.8
13.165,TRACK,-0.07896670699119568,-0.4900706112384796,0.1928073614835739,0.3951743651782342,0.30632861620485213,0.8
13.185,TRACK,-0.07896670699119568,-0.4900706112384796,0.1928073614835739,0.392713923082608,0.309476614006725,0.8
13.205,TRACK,-0.07896670699119568,-0.4900706112384796,0.1928073614835739,0.390222650528028,0.31261203274167254,0.8
13.225,TRACK,-0.07896670699119568,-0.4900706112384796,0.1928073614835739,0.38770890486554876,0.31572425482999694,0.8
13.245,TRACK,-0.07896670699119568,-0.4900706112384796,0.1928073614835739,0.3851701558933654,0.31881648484524855,0.8
13.265,TRACK,-0.07896670699119568,-0.4900706112384796,0.1928073614835739,0.3826074203895118,0.32188749876763373,0.8
13.285,TRACK,-0.07896670699119568,-0.4900706112384796,0.1928073614835739,0.38002233813731684,0.32493541283868527,0.8
13.305,TRACK,-0.07896670699119568,-0.4900706112384796,0.1928073614835739,0.37742282843190256,0.32795122896318385,0.8
13.325,TRACK,-0.07896670699119568,-0.4900706112384796,0.1928073614835739,0.37476274100593454,0.3309877459268225,0.8
13.345,TRACK,-0.07896670699119568,-0.4900706112384796,0.1928073614835739,0.3721288025580801,0.33394633447110844,0.8
13.365,TRACK,-0.07896670699119568,-0.4900706112384796,0.1928073614835739,0.3694325666886848,0.3369266666053764,0.8
13.385,TRACK,-0.07896670699119568,-0.4900706112384796,0.1928073614835739,0.3667405316775779,0.3398549432108462,0.8
13.405,TRACK,-0.07896670699119568,-0.4900706112384796,0.1928073614835739,0.363996225391813,0.34279257270324937,0.8
13.425,TRACK,-0.07896670699119568,-0.4900706112384796,0.1928073614835739,0.36123092772835963,0.3457053902566586,0.8
13.445,TRACK,-0.07896670699119568,-0.4900706112384796,0.1928073614835739,0.3584574142113021,0.34858038125652885,0.8
13.465,TRACK,-0.07896670699119568,-0.4900706112384796,0.1928073614835739,0.3556612878336775,0.35143285039462374,0.8
13.485,TRACK,-0.07896670699119568,-0.4900706112384796,0.1928073614835739,0.35284327413328087,0.35426208363146405,0.8
13.505,TRACK,-0.07896670699119568,-0.4900706112384796,0.1928073614835739,0.3499879758302658,0.3570832070739721,0.8
13.525,TRACK,-0.07896670699119568,-0.4900706112384796,0.1928073614835739,0.3470844836142776,0.3599060450092639,0.8
13.545,TRACK,-0.07896670699119568,-0.4900706112384796,0.1928073614835739,0.34423428092365976,0.36263309258391035,0.8
13.565,TRACK,-0.07896670699119568,-0.4900706112384796,0.1928073614835739,0.34132327982274085,0.36537435412333874,0.8
13.585,TRACK,-0.07896670699119568,-0.4900706112384796,0.1928073614835739,0.3383886595030156,0.36809389443422197,0.8
13.605,TRACK,-0.07896670699119568,-0.4900706112384796,0.1928073614835739,0.3354315936726838,0.37079056887440315,0.8
13.625,TRACK,-0.07896670699119568,-0.4900706112384796,0.1928073614835739,0.3324460219011532,0.37346973441243936,0.8
13.645,TRACK,-0.07896670699119568,-0.4900706112384796,0.1928073614835739,0.3294616134964259,0.3761050986524002,0.8
13.665,TRACK,-0.07896670699119568,-0.4900706112384796,0.1928073614835739,0.3264348967629805,0.3787350765051242,0.8
13.685,TRACK,-0.07896670699119568,-0.4900706112384796,0.1928073614835739,0.32339267806900346,0.38133604048313857,0.8
13.705,TRACK,-0.07896670699119568,-0.4900706112384796,0.1928073614835739,0.32034112265835823,0.38390306736724916,0.8
13.725,TRACK,-0.07896670699119568,-0.4900706112384796,0.1928073614835739,0.31725220132631365,0.38645962370422104,0.8
13.745,TRACK,-0.07896670699119568,-0.4900706112384796,0.1928073614835739,0.3141492582722762,0.38898617395349505,0.8
13.765,TRACK,-0.07896670699119568,-0.4900706112384796,0.1928073614835739,0.3110344086214402,0.3914812851893573,0.8
13.785,TRACK,-0.07896670699119568,-0.4900706112384796,0.1928073614835739,0.30789241627982594,0.39395718041098116,0.8
13.805,TRACK,-0.07896670699119568,-0.4900706112384796,0.1928073614835739,0.3047272381308663,0.3964105325809776,0.8
13.825,TRACK,-0.07896670699119568,-0.4900706112384796,0.1928073614835739,0.3015452125492837,0.39883641356903127,0.8
13.845,TRACK,-0.07896670699119568,-0.4900706112384796,0.1928073614835739,0.2983613625731441,0.40122374970021013,0.8
13.865,TRACK,-0.07896670699119568,-0.4900706112384796,0.1928073614835739,0.2951353650646228,0.40360267130950933,0.8
13.885,TRACK,-0.07896670699119568,-0.4900706112384796,0.1928073614835739,0.29191324194721685,0.40593923089037065,0.8
13.905,TRACK,-0.07896670699119568,-0.4900706112384796,0.1928073614835739,0.28865891650618475,0.4082597579011131,0.8
13.925,TRACK,-0.07896670699119568,-0.4900706112384796,0.1928073614835739,0.2853505536034146,0.4105789346255173,0.8
13.945,TRACK,-0.07896670699119568,-0.4900706112384796,0.1928073614835739,0.28205974268691747,0.4128465835578513,0.8
13.965,TRACK,-0.07896670699119568,-0.4900706112384796,0.1928073614835739,0.27875950198450883,0.41508208833115,0.8
13.985,TRACK,-0.07896670699119568,-0.4900706112384796,0.1928073614835739,0.275425506376969,0.41730179778787224,0.8
14.005,TRACK,-0.07896670699119568,-0.4900706112384796,0.1928073614835739,0.27208055755972826,0.4194903696129238,0.8
14.025,TRACK,-0.07896670699119568,-0.4900706112384796,0.1928073614835739,0.26873345908117774,0.4216424171857772,0.8
14.045,TRACK,-0.07896670699119568,-0.4900706112384796,0.1928073614835739,0.2653256511370873,0.4237951142340844,0.8
14.065,TRACK,-0.07896670699119568,-0.4900706112384796,0.1928073614835739,0.26193630304643606,0.42589831315275906,0.8
14.085,TRACK,-0.07896670699119568,-0.4900706112384796,0.1928073614835739,0.25851861101486345,0.4279814572606455,0.8
14.105,TRACK,-0.07896670699119568,-0.4900706112384796,0.1928073614835739,0.2550825484887628,0.43003824650428246,0.8
14.125,TRACK,-0.07896670699119568,-0.4900706112384796,0.1928073614835739,0.251631812431302,0.43206646591993003,0.8
14.145,TRACK,-0.07896670699119568,-0.4900706112384796,0.1928073614835739,0.2481518279464728,0.4340744985446901,0.8
14.165,TRACK,-0.07896670699119568,-0.4900706112384796,0.1928073614835739,0.24468912950092717,0.43603581263937313,0.8
14.185,TRACK,-0.07896670699119568,-0.4900706112384796,0.1928073614835739,0.24119384714916872,0.43797891284556545,0.8
14.205,TRACK,-0.07896670699119568,-0.4900706112384796,0.1928073614835739,0.23768284183373078,0.4398941539709771,0.8
14.225,TRACK,-0.07896670699119568,-0.4900706112384796,0.1928073614835739,0.2341575983032306,0.4417807365162756,0.8
14.245,TRACK,-0.07896670699119568,-0.4900706112384796,0.1928073614835739,0.23061289656160425,0.4436414001639915,0.8
14.265,TRACK,-0.07896670699119568,-0.4900706112384796,0.1928073614835739,0.22705638455939145,0.44547210712997254,0.8
14.285,TRACK,-0.07896670699119568,-0.4900706112384796,0.1928073614835739,0.22348900906434435,0.44727247045557966,0.8
14.305,TRACK,-0.07896670699119568,-0.4900706112384796,0.1928073614835739,0.21990675980874483,0.44904456013899,0.8
14.325,TRACK,-0.07896670699119568,-0.4900706112384796,0.1928073614835739,0.21628746024253265,0.4507989957196387,0.8
14.345,TRACK,-0.07896670699119568,-0.4900706112384796,0.1928073614835739,0.21269063101824168,0.45250712201805415,0.8
14.365,TRACK,-0.07896670699119568,-0.4900706112384796,0.1928073614835739,0.20907022070515643,0.4541911963196746,0.8
14.385,TRACK,-0.07896670699119568,-0.4900706112384796,0.1928073614835739,0.20543552076291516,0.4558467360954445,0.8
14.405,TRACK,-0.07896670699119568,-0.4900706112384796,0.1928073614835739,0.2017891086060487,0.4574725736565814,0.8
14.425,TRACK,-0.07896670699119568,-0.4900706112384796,0.1928073614835739,0.1981034308212999,0.4590806363775654,0.8
14.445,TRACK,-0.07896670699119568,-0.4900706112384796,0.1928073614835739,0.1944245770057005,0.4606507178504712,0.8
14.465,TRACK,-0.07896670699119568,-0.4900706112384796,0.1928073614835739,0.19073522013087044,0.46219051894389657,0.8
14.485,TRACK,-0.07896670699119568,-0.4900706112384796,0.1928073614835739,0.18703048568936712,0.46370205673772835,0.8
14.505,TRACK,-0.07896670699119568,-0.4900706112384796,0.1928073614835739,0.18331723430199123,0.4651825357941427,0.8
14.525,TRACK,-0.07896670699119568,-0.4900706112384796,0.1928073614835739,0.17957971571626088,0.46663810999881583,0.8
14.545,TRACK,-0.07896670699119568,-0.4900706112384796,0.1928073614835739,0.1758497012948411,0.46805649504575314,0.8
14.565,TRACK,-0.07896670699119568,-0.4900706112384796,0.1928073614835739,0.17210100879799708,0.4694478062263277,0.8
14.585,TRACK,-0.07896670699119568,-0.4900706112384796,0.1928073614835739,0.16833228489139213,0.4708123212738205,0.8
14.605,TRACK,-0.07896670699119568,-0.4900706112384796,0.1928073614835739,0.16456778290055862,0.47214133988795626,0.8
14.625,TRACK,-0.07896670699119568,-0.4900706112384796,0.1928073614835739,0.16077427759531263,0.4734465457300384,0.8
14.645,TRACK,-0.07896670699119568,-0.4900706112384796,0.1928073614835739,0.15698635811717304,0.47471600285339727,0.8
14.665,TRACK,-0.07896670699119568,-0.4900706112384796,0.1928073614835739,0.15320911469891463,0.47594849214297846,0.8
14.685,TRACK,-0.07896670699119568,-0.4900706112384796,0.1928073614835739,0.14939498464932702,0.4771594477338024,0.8
14.705,TRACK,-0.07896670699119568,-0.4900706112384796,0.1928073614835739,0.1455551360839518,0.4783447526205156,0.8
14.725,TRACK,-0.07896670699119568,-0.4900706112384796,0.1928073614835739,0.14172312460682904,0.47949406247802195,0.8
14.745,TRACK,-0.07896670699119568,-0.4900706112384796,0.1928073614835739,0.1378757605087815,0.4806144761283467,0.8
14.765,TRACK,-0.07896670699119568,-0.4900706112384796,0.1928073614835739,0.13400433479563684,0.48170825014315344,0.8
14.785,TRACK,-0.07896670699119568,-0.4900706112384796,0.1928073614835739,0.1302053097162058,0.4827489796174684,0.8
14.805,TRACK,-0.07896670699119568,-0.4900706112384796,0.1928073614835739,0.12630463973502334,0.4837841853361951,0.8
14.825,TRACK,-0.07896670699119568,-0.4900706112384796,0.1928073614835739,0.12242764180854605,0.484779818599329,0.8
14.845,TRACK,-0.07896670699119568,-0.4900706112384796,0.1928073614835739,0.11857077716082058,0.48573755342106195,0.8
14.865,TRACK,-0.07896670699119568,-0.4900706112384796,0.1928073614835739,0.11468980677464066,0.48666851985925247,0.8
14.885,TRACK,-0.07896670699119568,-0.4900706112384796,0.1928073614835739,0.11074484698487325,0.48758135615125503,0.8
14.905,TRACK,-0.07896670699119568,-0.4900706112384796,0.1928073614835739,0.10684246778276382,0.4884513149517453,0.8
14.925,TRACK,-0.07896670699119568,-0.4900706112384796,0.1928073614835739,0.10294818880496996,0.4892868999081993,0.8
14.945,TRACK,-0.07896670699119568,-0.4900706112384796,0.1928073614835739,0.09896838751381422,0.49010739463194747,0.8
14.965,TRACK,-0.07896670699119568,-0.4900706112384796,0.1928073614835739,0.09511289533924935,0.4908701835925513,0.8
14.985,TRACK,-0.07896670699119568,-0.4900706112384796,0.1928073614835739,0.09117304334972438,0.4916172049128766,0.8
15.005,TRACK,-0.07896670699119568,-0.4900706112384796,0.1928073614835739,0.08723929979767195,0.4923304830810417,0.8
15.025,TRACK,-0.07896670699119568,-0.4900706112384796,0.1928073614835739,0.08327505954281607,0.4930164951176993,0.8
15.045,TRACK,-0.07896670699119568,-0.4900706112384796,0.1928073614835739,0.07934958860239263,0.4936634914480015,0.8
15.065,TRACK,-0.07896670699119568,-0.4900706112384796,0.1928073614835739,0.07540523526110172,0.49428134750890396,0.8
15.085,TRACK,-0.07896670699119568,-0.4900706112384796,0.1928073614835739,0.07147202580464783,0.4948653852588396,0.8
15.105,TRACK,-0.07896670699119568,-0.4900706112384796,0.1928073614835739,0.06749715996522454,0.49542318617181097,0.8
15.125,TRACK,-0.07896670699119568,-0.4900706112384796,0.1928073614835739,0.06351028223528037,0.4959500418896998,0.8
15.145,TRACK,-0.07896670699119568,-0.4900706112384796,0.1928073614835739,0.059567871299548394,0.496438987901676,0.8
15.165,TRACK,-0.07896670699119568,-0.4900706112384796,0.1928073614835739,0.05557440681290199,0.49690188700325344,0.8
15.185,TRACK,-0.07896670699119568,-0.4900706112384796,0.1928073614835739,0.05160334075155297,0.4973299661424788,0.8
15.205,TRACK,-0.07896670699119568,-0.4900706112384796,0.1928073614835739,0.047609283064343595,0.49772819506845223,0.8
15.225,TRACK,-0.07896670699119568,-0.4900706112384796,0.1928073614835739,0.04365528886177479,0.49809056983082406,0.8
15.245,TRACK,-0.07896670699119568,-0.4900706112384796,0.1928073614835739,0.039638887262257984,0.4984262820283557,0.8
15.265,TRACK,-0.07896670699119568,-0.4900706112384796,0.1928073614835739,0.035658102689797945,0.4987268788751653,0.8
15.285,TRACK,-0.07896670699119568,-0.4900706112384796,0.1928073614835739,0.03166781161429569,0.4989961419766304,0.8
15.305,TRACK,-0.07896670699119568,-0.4900706112384796,0.1928073614835739,0.027677970193272016,0.4992333422018008,0.8
15.325,TRACK,-0.07896670699119568,-0.4900706112384796,0.1928073614835739,0.023671166100515277,0.49943936158000385,0.8
15.345,TRACK,-0.07896670699119568,-0.4900706112384796,0.1928073614835739,0.019683230702819614,0.49961242021100677,0.8
15.365,TRACK,-0.07896670699119568,-0.4900706112384796,0.1928073614835739,0.015697948945578574,0.499753513643378,0.8
15.385,TRACK,-0.07896670699119568,-0.4900706112384796,0.1928073614835739,0.011694364202625731,0.49986322313798637,0.8
15.405,TRACK,-0.07896670699119568,-0.4900706112384796,0.1928073614835739,0.0076904582179367275,0.49994085335407246,0.8
15.425,TRACK,-0.07896670699119568,-0.4900706112384796,0.1928073614835739,0.003668607128849442,0.49998654114059327,0.8
15.445,TRACK,-0.07896670699119568,-0.4900706112384796,0.1928073614835739,-0.00031886298409489054,0.499999898326387,0.8
15.465,TRACK,-0.07896670699119568,-0.4900706112384796,0.1928073614835739,-0.004305502224121824,0.499981462306952,0.8
15.485,TRACK,-0.07896670699119568,-0.4900706112384796,0.1928073614835739,-0.008275133056640646,0.49993151748303977,0.8
15.505,TRACK,-0.07896670699119568,-0.4900706112384796,0.1928073614835739,-0.012292769617190962,0.4998488649733424,0.8
15.525,TRACK,-0.07896670699119568,-0.4900706112384796,0.1928073614835739,-0.016309326201564812,0.4997339350883137,0.8
15.545,TRACK,-0.07896670699119568,-0.4900706112384796,0.1928073614835739,-0.020334977701036094,0.4995863175487279,0.8
15.565,TRACK,-0.07896670699119568,-0.4900706112384796,0.1928073614835739,-0.024301156397882766,0.49940910464039967,0.8
15.585,TRACK,-0.07896670699119568,-0.4900706112384796,0.1928073614835739,-0.02829550996285724,0.4991987220696201,0.8
15.605,TRACK,-0.07896670699119568,-0.4900706112384796,0.1928073614835739,-0.03227901171332224,0.49895697750689005,0.8
15.625,TRACK,-0.07896670699119568,-0.4900706112384796,0.1928073614835739,-0.03628233378624806,0.4986818547481182,0.8
15.645,TRACK,-0.07896670699119568,-0.4900706112384796,0.1928073614835739,-0.04026639870313789,0.4983759796935241,0.8
15.665,TRACK,-0.07896670699119568,-0.4900706112384796,0.1928073614835739,-0.04428503423566063,0.49803497441720534,0.8
15.685,TRACK,-0.07896670699119568,-0.4900706112384796,0.1928073614835739,-0.04824217415103667,0.49766725091488695,0.8
15.705,TRACK,-0.07896670699119568,-0.4900706112384796,0.1928073614835739,-0.052236054165780234,0.4972639084482099,0.8
15.725,TRACK,-0.07896670699119568,-0.4900706112384796,0.1928073614835739,-0.05619216837391502,0.49683240656526984,0.8
15.745,TRACK,-0.07896670699119568,-0.4900706112384796,0.1928073614835739,-0.0601630898132473,0.4963672054277187,0.8
15.765,TRACK,-0.07896670699119568,-0.4900706112384796,0.1928073614835739,-0.06410789091859867,0.4958731474096667,0.8
15.785,TRACK,-0.07896670699119568,-0.4900706112384796,0.1928073614835739,-0.06810031921740098,0.4953406368575953,0.8
15.805,TRACK,-0.07896670699119568,-0.4900706112384796,0.1928073614835739,-0.0720577991711235,0.4947804296641229,0.8
15.825,TRACK,-0.07896670699119568,-0.4900706112384796,0.1928073614835739,-0.07603866929306304,0.49418429838688743,0.8
15.845,TRACK,-0.07896670699119568,-0.4900706112384796,0.1928073614835739,-0.07994000572198313,0.49356822779142634,0.8
15.865,TRACK,-0.07896670699119568,-0.4900706112384796,0.1928073614835739,-0.08391810078305167,0.4929074480680583,0.8
15.885,TRACK,-0.07896670699119568,-0.4900706112384796,0.1928073614835739,-0.0878529022817906,0.49222136032548014,0.8
15.905,TRACK,-0.07896670699119568,-0.4900706112384796,0.1928073614835739,-0.09178378502191838,0.4915035470950848,0.8
15.925,TRACK,-0.07896670699119568,-0.4900706112384796,0.1928073614835739,-0.09571882128444702,0.4907523889416292,0.8
15.945,TRACK,-0.07896670699119568,-0.4900706112384796,0.1928073614835739,-0.09963948888442528,0.48997139942536494,0.8
15.965,TRACK,-0.07896670699119568,-0.4900706112384796,0.1928073614835739,-0.10356404984222847,0.489156915089909,0.8
15.985,TRACK,-0.07896670699119568,-0.4900706112384796,0.1928073614835739,-0.1074596954635664,0.48831589555417665,0.8
16.005,TRACK,-0.07896670699119568,-0.4900706112384796,0.1928073614835739,-0.11135990290237835,0.48744124981947606,0.8
16.025,TRACK,-0.07896670699119568,-0.4900706112384796,0.1928073614835739,-0.11529294341887403,0.4865259882039317,0.8
16.045,TRACK,-0.07896670699119568,-0.4900706112384796,0.1928073614835739,-0.11913223567276422,0.4856001548842514,0.8
16.065,TRACK,-0.07896670699119568,-0.4900706112384796,0.1928073614835739,-0.12302579705631328,0.4846283661308517,0.8
16.085,TRACK,-0.07896670699119568,-0.4900706112384796,0.1928073614835739,-0.12690751313145346,0.4836263879388613,0.8
16.105,TRACK,-0.07896670699119568,-0.4900706112384796,0.1928073614835739,-0.13076965682829061,0.48259641197693454,0.8
16.125,TRACK,-0.07896670699119568,-0.4900706112384796,0.1928073614835739,-0.13462601497118998,0.4815348752613635,0.8
16.145,TRACK,-0.07896670699119568,-0.4900706112384796,0.1928073614835739,-0.13846803060215324,0.4804441741775637,0.8
16.165,TRACK,-0.07896670699119568,-0.4900706112384796,0.1928073614835739,-0.14231766773703952,0.4793179335784231,0.8
16.185,TRACK,-0.07896670699119568,-0.4900706112384796,0.1928073614835739,-0.1461477493186501,0.47816402559068893,0.8
16.205,TRACK,-0.07896670699119568,-0.4900706112384796,0.1928073614835739,-0.14996556558830995,0.476980428464081,0.8
16.225,TRACK,-0.07896670699119568,-0.4900706112384796,0.1928073614835739,-0.15377942427809796,0.47576453069632746,0.8
16.245,TRACK,-0.07896670699119568,-0.4900706112384796,0.1928073614835739,-0.1575705290403373,0.4745224213648373,0.8
16.265,TRACK,-0.07896670699119568,-0.4900706112384796,0.1928073614835739,-0.16136004244604635,0.4732472257729676,0.8
16.285,TRACK,-0.07896670699119568,-0.4900706112384796,0.1928073614835739,-0.16514081277414974,0.47194121663221283,0.8
16.305,TRACK,-0.07896670699119568,-0.4900706112384796,0.1928073614835739,-0.16891446995227763,0.470603763096664,0.8
16.325,TRACK,-0.07896670699119568,-0.4900706112384796,0.1928073614835739,-0.17268289054588182,0.46923407731399797,0.8
16.345,TRACK,-0.07896670699119568,-0.4900706112384796,0.1928073614835739,-0.1764265536091294,0.46783936471999127,0.8
16.365,TRACK,-0.07896670699119568,-0.4900706112384796,0.1928073614835739,-0.1801578858952064,0.46641519716854185,0.8
16.385,TRACK,-0.07896670699119568,-0.4900706112384796,0.1928073614835739,-0.18387980739967905,0.46496044609262943,0.8
16.405,TRACK,-0.07896670699119568,-0.4900706112384796,0.1928073614835739,-0.1876124812385571,0.4634668886592785,0.8
16.425,TRACK,-0.07896670699119568,-0.4900706112384796,0.1928073614835739,-0.19131553541417012,0.4619506098157999,0.8
16.445,TRACK,-0.07896670699119568,-0.4900706112384796,0.1928073614835739,-0.19498214306621753,0.46041499094328486,0.8
16.465,TRACK,-0.07896670699119568,-0.4900706112384796,0.1928073614835739,-0.1986637316763526,0.4588384483850783,0.8
16.485,TRACK,-0.07896670699119568,-0.4900706112384796,0.1928073614835739,-0.2023341005312048,0.4572317921604187,0.8
16.505,TRACK,-0.07896670699119568,-0.4900706112384796,0.1928073614835739,-0.20598761017950568,0.4555975246338988,0.8
16.525,TRACK,-0.07896670699119568,-0.4900706112384796,0.1928073614835739,-0.20962766125291168,0.45393418425762394,0.8
16.545,TRACK,-0.07896670699119568,-0.4900706112384796,0.1928073614835739,-0.21325143564833404,0.4522431040866455,0.8
16.565,TRACK,-0.07896670699119568,-0.4900706112384796,0.1928073614835739,-0.21685796012206035,0.4505248329800466,0.8
16.585,TRACK,-0.07896670699119568,-0.4900706112384796,0.1928073614835739,-0.22046262442111997,0.44877191448814197,0.8
16.605,TRACK,-0.07896670699119568,-0.4900706112384796,0.1928073614835739,-0.22404519172125642,0.4469941297898502,0.8
16.625,TRACK,-0.07896670699119568,-0.4900706112384796,0.1928073614835739,-0.22763766660871576,0.4451753505540701,0.8
16.645,TRACK,-0.07896670699119568,-0.4900706112384796,0.1928073614835739,-0.2311655295482576,0.4433536939607853,0.8
16.665,TRACK,-0.07896670699119568,-0.4900706112384796,0.1928073614835739,-0.23467717378238961,0.4415049536590842,0.8
16.685,TRACK,-0.07896670699119568,-0.4900706112384796,0.1928073614835739,-0.2382211994765073,0.4396028436213466,0.8
16.705,TRACK,-0.07896670699119568,-0.4900706112384796,0.1928073614835739,-0.24173361410424676,0.43768123081998744,0.8
16.725,TRACK,-0.07896670699119568,-0.4900706112384796,0.1928073614835739,-0.24523393657851378,0.4357296367590865,0.8
16.745,TRACK,-0.07896670699119568,-0.4900706112384796,0.1928073614835739,-0.24870121323630612,0.43375996419078305,0.8
16.765,TRACK,-0.07896670699119568,-0.4900706112384796,0.1928073614835739,-0.2521478944448688,0.4317654911257028,0.8
16.785,TRACK,-0.07896670699119568,-0.4900706112384796,0.1928073614835739,-0.2555962045880678,0.4297331499898217,0.8
16.805,TRACK,-0.07896670699119568,-0.4900706112384796,0.1928073614835739,-0.2590382905112691,0.42766711826957116,0.8
16.825,TRACK,-0.07896670699119568,-0.4900706112384796,0.1928073614835739,-0.2624633526446374,0.42557371690288476,0.8
16.845,TRACK,-0.07896670699119568,-0.4900706112384796,0.1928073614835739,-0.26585603098959615,0.42346259667939845,0.8
16.865,TRACK,-0.07896670699119568,-0.4900706112384796,0.1928073614835739,-0.2692336582079585,0.42132319813649016,0.8
16.885,TRACK,-0.07896670699119568,-0.4900706112384796,0.1928073614835739,-0.2725936704650688,0.41915711949384976,0.8
16.905,TRACK,-0.07896670699119568,-0.4900706112384796,0.1928073614835739,-0.2759361772833778,0.41696429831130183,0.8
16.925,TRACK,-0.07896670699119568,-0.4900706112384796,0.1928073614835739,-0.27927757835417344,0.41473369073253324,0.8
16.945,TRACK,-0.07896670699119568,-0.4900706112384796,0.1928073614835739,-0.2825913110317079,0.4124829098634033,0.8
16.965,TRACK,-0.07896670699119568,-0.4900706112384796,0.1928073614835739,-0.2858503263412276,0.4102311432968171,0.8
16.985,TRACK,-0.07896670699119568,-0.4900706112384796,0.1928073614835739,-0.28913967950455993,0.4079194108350329,0.8
17.005,TRACK,-0.07896670699119568,-0.4900706112384796,0.1928073614835739,-0.2924133164033632,0.40557915674993283,0.8
17.025,TRACK,-0.07896670699119568,-0.4900706112384796,0.1928073614835739,-0.29563728744891477,0.4032351600119312,0.8
17.045,TRACK,-0.07896670699119568,-0.4900706112384796,0.1928073614835739,-0.2988624634524466,0.40085063045869723,0.8
17.065,TRACK,-0.07896670699119568,-0.4900706112384796,0.1928073614835739,-0.3020466719316219,0.3984567830706753,0.8
17.085,TRACK,-0.07896670699119568,-0.4900706112384796,0.1928073614835739,-0.3052149927644284,0.3960351097968587,0.8
17.105,TRACK,-0.07896670699119568,-0.4900706112384796,0.1928073614835739,-0.308381990341346,0.3935740693098441,0.8
17.125,TRACK,-0.07896670699119568,-0.4900706112384796,0.1928073614835739,-0.3115201932860823,0.39109483399170836,0.8
17.145,TRACK,-0.07896670699119568,-0.4900706112384796,0.1928073614835739,-0.314644728172444,0.3885855054338605,0.8
17.165,TRACK,-0.07896670699119568,-0.4900706112384796,0.1928073614835739,-0.31773800583221734,0.3860603057163036,0.8
17.185,TRACK,-0.07896670699119568,-0.4900706112384796,0.1928073614835739,-0.32079115782695505,0.38352709560087356,0.8
17.205,TRACK,-0.07896670699119568,-0.4900706112384796,0.1928073614835739,-0.3238654582630611,0.3809345940500251,0.8
17.225,TRACK,-0.07896670699119568,-0.4900706112384796,0.1928073614835739,-0.3269150918188407,0.3783206612664433,0.8
17.245,TRACK,-0.07896670699119568,-0.4900706112384796,0.1928073614835739,-0.32992643129108273,0.37569741805811024,0.8
17.265,TRACK,-0.07896670699119568,-0.4900706112384796,0.1928073614835739,-0.33293678688021067,0.3730322987917818,0.8
17.285,TRACK,-0.07896670699119568,-0.4900706112384796,0.1928073614835739,-0.3358878925635045,0.3703772720203653,0.8
17.305,TRACK,-0.07896670699119568,-0.4900706112384796,0.1928073614835739,-0.33884103965083195,0.36767750794458903,0.8
17.325,TRACK,-0.07896670699119568,-0.4900706112384796,0.1928073614835739,-0.3417773950620052,0.3649496023078118,0.8
17.345,TRACK,-0.07896670699119568,-0.4900706112384796,0.1928073614835739,-0.34466933679226686,0.3622196133220548,0.8
17.365,TRACK,-0.07896670699119568,-0.4900706112384796,0.1928073614835739,-0.34755143715354586,0.35945514119637356,0.8
17.385,TRACK,-0.07896670699119568,-0.4900706112384796,0.1928073614835739,-0.350414902878707,0.35666426207360097,0.8
17.405,TRACK,-0.07896670699119568,-0.4900706112384796,0.1928073614835739,-0.3532829538782555,0.35382362060644623,0.8
17.425,TRACK,-0.07896670699119568,-0.4900706112384796,0.1928073614835739,-0.35610019661399556,0.3509881051709213,0.8
17.445,TRACK,-0.07896670699119568,-0.4900706112384796,0.1928073614835739,-0.3588951796958981,0.3481296453780531,0.8
17.465,TRACK,-0.07896670699119568,-0.4900706112384796,0.1928073614835739,-0.3616655061584541,0.34525072288867,0.8
17.485,TRACK,-0.07896670699119568,-0.4900706112384796,0.1928073614835739,-0.3643959250116225,0.3423676530207315,0.8
17.505,TRACK,-0.07896670699119568,-0.4900706112384796,0.1928073614835739,-0.3671448620929086,0.3394181053491094,0.8
17.525,TRACK,-0.07896670699119568,-0.4900706112384796,0.1928073614835739,-0.3698486193618107,0.3364699076532142,0.8
17.545,TRACK,-0.07896670699119568,-0.4900706112384796,0.1928073614835739,-0.37252908476473134,0.33349974663311455,0.8
17.565,TRACK,-0.07896670699119568,-0.4900706112384796,0.1928073614835739,-0.3751819158549386,0.3305125262609842,0.8
17.585,TRACK,-0.07896670699119568,-0.4900706112384796,0.1928073614835739,-0.37781154343004136,0.32750333990817554,0.8
17.605,TRACK,-0.07896670699119568,-0.4900706112384796,0.1928073614835739,-0.3804213683377266,0.32446815330946077,0.8
17.625,TRACK,-0.07896670699119568,-0.4900706112384796,0.1928073614835739,-0.38303390568237117,0.3213798797337947,0.8
17.645,TRACK,-0.07896670699119568,-0.4900706112384796,0.1928073614835739,-0.38557386683384753,0.31832812193520443,0.8
17.665,TRACK,-0.07896670699119568,-0.4900706112384796,0.1928073614835739,-0.3881219525479977,0.31521635419237026,0.8
17.685,TRACK,-0.07896670699119568,-0.4900706112384796,0.1928073614835739,-0.3906099221148526,0.3121280005789753,0.8
17.705,TRACK,-0.07896670699119568,-0.4900706112384796,0.1928073614835739,-0.39309612680768674,0.3089909951581034,0.8
17.725,TRACK,-0.07896670699119568,-0.4900706112384796,0.1928073614835739,-0.3955432258420978,0.3058521807841612,0.8
17.745,TRACK,-0.07896670699119568,-0.4900706112384796,0.1928073614835739,-0.3979760297412167,0.30267983043377406,0.8
17.765,TRACK,-0.07896670699119568,-0.4900706112384796,0.1928073614835739,-0.400396843306944,0.2994701452062201,0.8
17.785,TRACK,-0.07896670699119568,-0.4900706112384796,0.1928073614835739,-0.40278143096186975,0.29625515838936634,0.8
17.805,TRACK,-0.07896670699119568,-0.4900706112384796,0.1928073614835739,-0.40513777331747447,0.2930245461243114,0.8
17.825,TRACK,-0.07896670699119568,-0.4900706112384796,0.1928073614835739,-0.4074661040700798,0.28977814623251164,0.8
17.845,TRACK,-0.07896670699119568,-0.4900706112384796,0.1928073614835739,-0.4097772199466265,0.28650066319786077,0.8
17.865,TRACK,-0.07896670699119568,-0.4900706112384796,0.1928073614835739,-0.4120479288548773,0.2832251830724203,0.8
17.885,TRACK,-0.07896670699119568,-0.4900706112384796,0.1928073614835739,-0.41430017151365695,0.27992028844611183,0.8
17.905,TRACK,-0.07896670699119568,-0.4900706112384796,0.1928073614835739,-0.41652709439474145,0.27659569706536313,0.8
17.925,TRACK,-0.07896670699119568,-0.4900706112384796,0.1928073614835739,-0.4187313785656482,0.27324720054286344,0.8
17.945,TRACK,-0.07896670699119568,-0.4900706112384796,0.1928073614835739,-0.4209156421219972,0.2698703803996036,0.8
17.965,TRACK,-0.07896670699119568,-0.4900706112384796,0.1928073614835739,-0.4230468016803962,0.26651717315773016,0.8
17.985,TRACK,-0.07896670699119568,-0.4900706112384796,0.1928073614835739,-0.4251530304251039,0.2631442583837821,0.8
18.005,TRACK,-0.07896670699119568,-0.4900706112384796,0.1928073614835739,-0.4272515650498094,0.2597231221175514,0.8
18.025,TRACK,-0.07896670699119568,-0.4900706112384796,0.1928073614835739,-0.4293190024994389,0.25629122905961255,0.8
18.045,TRACK,-0.07896670699119568,-0.4900706112384796,0.1928073614835739,-0.4313591873808052,0.25284234507331127,0.8
18.065,TRACK,-0.07896670699119568,-0.4900706112384796,0.1928073614835739,-0.4333637944447992,0.24939090132642336,0.8
18.085,TRACK,-0.07896670699119568,-0.4900706112384796,0.1928073614835739,-0.4353430609163987,0.24591953828832058,0.8
18.105,TRACK,-0.07896670699119568,-0.4900706112384796,0.1928073614835739,-0.4372954924481281,0.24243071646255787,0.8
18.125,TRACK,-0.07896670699119568,-0.4900706112384796,0.1928073614835739,-0.4392372129920108,0.23889468542228173,0.8
18.145,TRACK,-0.07896670699119568,-0.4900706112384796,0.1928073614835739,-0.44112028510898404,0.23539943514241624,0.8
18.165,TRACK,-0.07896670699119568,-0.4900706112384796,0.1928073614835739,-0.4429853848157262,0.23187054327719805,0.8
18.185,TRACK,-0.07896670699119568,-0.4900706112384796,0.1928073614835739,-0.44482665298314183,0.22831830587102625,0.8
18.205,TRACK,-0.07896670699119568,-0.4900706112384796,0.1928073614835739,-0.4466463383648771,0.22473773253561077,0.8
18.225,TRACK,-0.07896670699119568,-0.4900706112384796,0.1928073614835739,-0.44842996893612685,0.22115732626332843,0.8
18.245,TRACK,-0.07896670699119568,-0.4900706112384796,0.1928073614835739,-0.45019487833645583,0.2175421143586311,0.8
18.265,TRACK,-0.07896670699119568,-0.4900706112384796,0.1928073614835739,-0.45190981186335094,0.21395682261061633,0.8
18.285,TRACK,-0.07896670699119568,-0.4900706112384796,0.1928073614835739,-0.4535951499675238,0.21036026223110577,0.8
18.305,TRACK,-0.07896670699119568,-0.4900706112384796,0.1928073614835739,-0.45527268422402317,0.20670457904810155,0.8
18.325,TRACK,-0.07896670699119568,-0.4900706112384796,0.1928073614835739,-0.4569152380013855,0.20304793838435603,0.8
18.345,TRACK,-0.07896670699119568,-0.4900706112384796,0.1928073614835739,-0.4585285181587683,0.1993780279647788,0.8
18.365,TRACK,-0.07896670699119568,-0.4900706112384796,0.1928073614835739,-0.4601014598737327,0.19572083849723299,0.8
18.385,TRACK,-0.07896670699119568,-0.4900706112384796,0.1928073614835739,-0.4616542433496199,0.19202958000602388,0.8
18.405,TRACK,-0.07896670699119568,-0.4900706112384796,0.1928073614835739,-0.46317550970342447,0.1883306857922334,0.8
18.425,TRACK,-0.07896670699119568,-0.4900706112384796,0.1928073614835739,-0.46466997473186683,0.18461260678156913,0.8
18.445,TRACK,-0.07896670699119568,-0.4900706112384796,0.1928073614835739,-0.4661319545906765,0.18088947152743706,0.8
18.465,TRACK,-0.07896670699119568,-0.4900706112384796,0.1928073614835739,-0.4675612145708606,0.17716238491570846,0.8
18.485,TRACK,-0.07896670699119568,-0.4900706112384796,0.1928073614835739,-0.46896103800372363,0.17342302279244834,0.8
18.505,TRACK,-0.07896670699119568,-0.4900706112384796,0.1928073614835739,-0.47033757387068037,0.16965425607818468,0.8
18.525,TRACK,-0.07896670699119568,-0.4900706112384796,0.1928073614835739,-0.47167915610644195,0.1658878346796858,0.8
18.545,TRACK,-0.07896670699119568,-0.4900706112384796,0.1928073614835739,-0.4729926338725253,0.16210480653679335,0.8
18.565,TRACK,-0.07896670699119568,-0.4900706112384796,0.1928073614835739,-0.47427503120944153,0.1583135962931903,0.8
18.585,TRACK,-0.07896670699119568,-0.4900706112384796,0.1928073614835739,-0.47552374029564437,0.1545224010143531,0.8
18.605,TRACK,-0.07896670699119568,-0.4900706112384796,0.1928073614835739,-0.4767365957237466,0.15073890771042817,0.8
18.625,TRACK,-0.07896670699119568,-0.4900706112384796,0.1928073614835739,-0.47793092236112966,0.14690824841049552,0.8
18.645,TRACK,-0.07896670699119568,-0.4900706112384796,0.1928073614835739,-0.47909268213929657,0.14307411338385054,0.8
18.665,TRACK,-0.07896670699119568,-0.4900706112384796,0.1928073614835739,-0.48022373674837887,0.13923060964968775,0.8
18.685,TRACK,-0.07896670699119568,-0.4900706112384796,0.1928073614835739,-0.4813254680436139,0.13537279568877933,0.8
18.705,TRACK,-0.07896670699119568,-0.4900706112384796,0.1928073614835739,-0.4823946785542188,0.13151187818053522,0.8
18.725,TRACK,-0.07896670699119568,-0.4900706112384796,0.1928073614835739,-0.48342975441605973,0.1276545046021806,0.8
18.745,TRACK,-0.07896670699119568,-0.4900706112384796,0.1928073614835739,-0.4844351784076338,0.12378432017490747,0.8
18.765,TRACK,-0.07896670699119568,-0.4900706112384796,0.1928073614835739,-0.48540821290927083,0.11991191283699881,0.8
18.786,TRACK,-0.07896670699119568,-0.4900706112384796,0.1928073614835739,-0.48645971468086296,0.1155722544238598,0.8
18.805,TRACK,-0.07896670699119568,-0.4900706112384796,0.1928073614835739,-0.48726041818369703,0.11214849473554546,0.8
18.826,TRACK,-0.07896670699119568,-0.4900706112384796,0.1928073614835739,-0.48814151829901076,0.1082490559438582,0.8
18.845,TRACK,-0.07896670699119568,-0.4900706112384796,0.1928073614835739,-0.4889921688360312,0.1043391528479812,0.8
18.866,TRACK,-0.07896670699119568,-0.4900706112384796,0.1928073614835739,-0.4898122781850305,0.10041878379660996,0.8
18.885,TRACK,-0.07896670699119568,-0.4900706112384796,0.1928073614835739,-0.4906074899401817,0.09645875188179905,0.8
18.905,TRACK,-0.07896670699119568,-0.4900706112384796,0.1928073614835739,-0.49137202689668724,0.09248530252662468,0.8
18.925,TRACK,-0.07896670699119568,-0.4900706112384796,0.1928073614835739,-0.49207943030459217,0.08864442605775065,0.8
18.945,TRACK,-0.07896670699119568,-0.4900706112384796,0.1928073614835739,-0.4927739377021222,0.08469856150812137,0.8
18.965,TRACK,-0.07896670699119568,-0.4900706112384796,0.1928073614835739,-0.49343533379328003,0.08075624659625,0.8
18.985,TRACK,-0.07896670699119568,-0.4900706112384796,0.1928073614835739,-0.4940673149730267,0.07679510580332584,0.8
19.005,TRACK,-0.07896670699119568,-0.4900706112384796,0.1928073614835739,-0.4946671923009692,0.07283109817293648,0.8
19.025,TRACK,-0.07896670699119568,-0.4900706112384796,0.1928073614835739,-0.4952388642379195,0.06883652626575157,0.8
19.045,TRACK,-0.07896670699119568,-0.4900706112384796,0.1928073614835739,-0.4957677550001617,0.06491789508371076,0.8
19.065,TRACK,-0.07896670699119568,-0.4900706112384796,0.1928073614835739,-0.4962693034486767,0.06096538734860334,0.8
19.085,TRACK,-0.07896670699119568,-0.4900706112384796,0.1928073614835739,-0.49674343367467916,0.056973336755798375,0.8
19.105,TRACK,-0.07896670699119568,-0.4900706112384796,0.1928073614835739,-0.49718468387922093,0.05298481023764379,0.8
19.125,TRACK,-0.07896670699119568,-0.4900706112384796,0.1928073614835739,-0.4975930822610738,0.04900127024806846,0.8
19.145,TRACK,-0.07896670699119568,-0.4900706112384796,0.1928073614835739,-0.49796776083791805,0.04503453303932488,0.8
19.165,TRACK,-0.07896670699119568,-0.4900706112384796,0.1928073614835739,-0.4983127361109521,0.041041649937795806,0.8
19.185,TRACK,-0.07896670699119568,-0.4900706112384796,0.1928073614835739,-0.4986245223373182,0.037061917433954907,0.8
19.205,TRACK,-0.07896670699119568,-0.4900706112384796,0.1928073614835739,-0.49890521290137446,0.03306945024995417,0.8
19.225,TRACK,-0.07896670699119568,-0.4900706112384796,0.1928073614835739,-0.4991537756206068,0.02907762513846213,0.8
19.245,TRACK,-0.07896670699119568,-0.4900706112384796,0.1928073614835739,-0.4993706913973827,0.025078129381992744,0.8
19.265,TRACK,-0.07896670699119568,-0.4900706112384796,0.1928073614835739,-0.499555639909627,0.02107516629787578,0.8
19.285,TRACK,-0.07896670699119568,-0.4900706112384796,0.1928073614835739,-0.4997082617594989,0.01707785493849076,0.8
19.305,TRACK,-0.07896670699119568,-0.4900706112384796,0.1928073614835739,-0.49982885753449896,0.013081023498087948,0.8
19.325,TRACK,-0.07896670699119568,-0.4900706112384796,0.1928073614835739,-0.4999171129348747,0.009103856043444243,0.8
19.345,TRACK,-0.07896670699119568,-0.4900706112384796,0.1928073614835739,-0.49997388189772696,0.005110520532955371,0.8
19.365,TRACK,-0.07896670699119568,-0.4900706112384796,0.1928073614835739,-0.49999881913549915,0.0010866752534252622,0.8
19.385,TRACK,-0.07896670699119568,-0.4900706112384796,0.1928073614835739,-0.4999915073104724,-0.0029142095672362793,0.8
19.405,TRACK,-0.07896670699119568,-0.4900706112384796,0.1928073614835739,-0.49995227667826203,-0.006908041996293788,0.8
19.425,TRACK,-0.07896670699119568,-0.4900706112384796,0.1928073614835739,-0.4998809813384156,-0.010908918193049007,0.8
19.445,TRACK,-0.07896670699119568,-0.4900706112384796,0.1928073614835739,-0.4997773081402495,-0.014921201965193896,0.8
19.465,TRACK,-0.07896670699119568,-0.4900706112384796,0.1928073614835739,-0.49964234217459996,-0.018908461235117472,0.8
19.485,TRACK,-0.07896670699119568,-0.4900706112384796,0.1928073614835739,-0.4994764259784889,-0.022875748987849043,0.8
19.505,TRACK,-0.07896670699119568,-0.4900706112384796,0.1928073614835739,-0.4992777387760868,-0.026865211010480894,0.8
19.525,TRACK,-0.07896670699119568,-0.4900706112384796,0.1928073614835739,-0.4990446402557178,-0.0308941261737755,0.8
19.545,TRACK,-0.07896670699119568,-0.4900706112384796,0.1928073614835739,-0.4987803294718071,-0.03490247744781973,0.8
19.565,TRACK,-0.07896670699119568,-0.4900706112384796,0.1928073614835739,-0.4984871727669486,-0.03886564790164139,0.8
19.585,TRACK,-0.07896670699119568,-0.4900706112384796,0.1928073614835739,-0.49815910212237335,-0.04286617515746855,0.8
19.605,TRACK,-0.07896670699119568,-0.4900706112384796,0.1928073614835739,-0.4978009014070342,-0.04684295633651041,0.8
19.625,TRACK,-0.07896670699119568,-0.4900706112384796,0.1928073614835739,-0.4974105815652019,-0.050820402861130626,0.8
19.645,TRACK,-0.07896670699119568,-0.4900706112384796,0.1928073614835739,-0.4969858636965771,-0.0548183480758706,0.8
19.665,TRACK,-0.07896670699119568,-0.4900706112384796,0.1928073614835739,-0.49653424387123707,-0.05876856866743387,0.8
19.685,TRACK,-0.07896670699119568,-0.4900706112384796,0.1928073614835739,-0.4960467876632952,-0.06275017489159503,0.8
19.705,TRACK,-0.07896670699119568,-0.4900706112384796,0.1928073614835739,-0.4955292368386922,-0.0667141322214663,0.8
19.725,TRACK,-0.07896670699119568,-0.4900706112384796,0.1928073614835739,-0.49497975404420047,-0.07067561875458045,0.8
19.745,TRACK,-0.07896670699119568,-0.4900706112384796,0.1928073614835739,-0.4943984452509409,-0.07463362066423129,0.8
19.765,TRACK,-0.07896670699119568,-0.4900706112384796,0.1928073614835739,-0.49378569748976203,-0.07858552636808644,0.8
19.785,TRACK,-0.07896670699119568,-0.4900706112384796,0.1928073614835739,-0.49314122742737443,-0.08253320429634714,0.8
19.805,TRACK,-0.07896670699119568,-0.4900706112384796,0.1928073614835739,-0.49246538698621545,-0.08647452006526006,0.8
19.825,TRACK,-0.07896670699119568,-0.4900706112384796,0.1928073614835739,-0.49175721064603006,-0.0904148537444816,0.8
19.845,TRACK,-0.07896670699119568,-0.4900706112384796,0.1928073614835739,-0.4910183980387894,-0.0943447549544806,0.8
19.865,TRACK,-0.07896670699119568,-0.4900706112384796,0.1928073614835739,-0.49025354916823516,-0.09824183186376781,0.8
19.885,TRACK,-0.07896670699119568,-0.4900706112384796,0.1928073614835739,-0.48944892490815467,-0.10217509435401342,0.8
19.905,TRACK,-0.07896670699119568,-0.4900706112384796,0.1928073614835739,-0.488608990621673,-0.10611905711826634,0.8
19.925,TRACK,-0.07896670699119568,-0.4900706112384796,0.1928073614835739,-0.4877498158347311,-0.11000053251319229,0.8
19.945,TRACK,-0.07896670699119568,-0.4900706112384796,0.1928073614835739,-0.486852215190132,-0.1139075088150971,0.8
19.965,TRACK,-0.07896670699119568,-0.4900706112384796,0.1928073614835739,-0.4859270266899154,-0.11779187039986357,0.8
19.985,TRACK,-0.07896670699119568,-0.4900706112384796,0.1928073614835739,-0.4849694432201984,-0.12167431587106113,0.8
20.005,TRACK,-0.07896670699119568,-0.4900706112384796,0.1928073614835739,-0.48397811040490923,-0.12555950242372524,0.8
20.025,TRACK,-0.07896670699119568,-0.4900706112384796,0.1928073614835739,-0.4829575787377096,-0.12942942918752678,0.8
20.045,TRACK,-0.07896670699119568,-0.4900706112384796,0.1928073614835739,-0.48190741263830533,-0.133286329547535,0.8
20.065,TRACK,-0.07896670699119568,-0.4900706112384796,0.1928073614835739,-0.48082490259590166,-0.13714012193242978,0.8
20.085,TRACK,-0.07896670699119568,-0.4900706112384796,0.1928073614835739,-0.4797154465692233,-0.1409719487092756,0.8
20.105,TRACK,-0.07896670699119568,-0.4900706112384796,0.1928073614835739,-0.47857060705596105,-0.1448108216332223,0.8
20.125,TRACK,-0.07896670699119568,-0.4900706112384796,0.1928073614835739,-0.47740039173583615,-0.14862323496166469,0.8
20.145,TRACK,-0.07896670699119568,-0.4900706112384796,0.1928073614835739,-0.47619242120663147,-0.1524492636432399,0.8
20.165,TRACK,-0.07896670699119568,-0.4900706112384796,0.1928073614835739,-0.47495828868822926,-0.15625179680998444,0.8
20.185,TRACK,-0.07896670699119568,-0.4900706112384796,0.1928073614835739,-0.4736972722435115,-0.16003404096959045,0.8
20.205,TRACK,-0.07896670699119568,-0.4900706112384796,0.1928073614835739,-0.4724034969754813,-0.16381372361721244,0.8
20.225,TRACK,-0.07896670699119568,-0.4900706112384796,0.1928073614835739,-0.4710727390559793,-0.1676021316042766,0.8
20.245,TRACK,-0.07896670699119568,-0.4900706112384796,0.1928073614835739,-0.46971504930271407,-0.1713702788074667,0.8
20.265,TRACK,-0.07896670699119568,-0.4900706112384796,0.1928073614835739,-0.46833652044407015,-0.17510255171853167,0.8
20.285,TRACK,-0.07896670699119568,-0.4900706112384796,0.1928073614835739,-0.4669175401290565,-0.17885192400371575,0.8
20.305,TRACK,-0.07896670699119568,-0.4900706112384796,0.1928073614835739,-0.4654697802518095,-0.18258664702636976,0.8
20.325,TRACK,-0.07896670699119568,-0.4900706112384796,0.1928073614835739,-0.4639960569092008,-0.1862999172643769,0.8
20.345,TRACK,-0.07896670699119568,-0.4900706112384796,0.1928073614835739,-0.4624906640400989,-0.19000627799035577,0.8
20.365,TRACK,-0.07896670699119568,-0.4900706112384796,0.1928073614835739,-0.4609559427214893,-0.19369981639057648,0.8
20.385,TRACK,-0.07896670699119568,-0.4900706112384796,0.1928073614835739,-0.459391724656131,-0.19738095986559978,0.8
20.405,TRACK,-0.07896670699119568,-0.4900706112384796,0.1928073614835739,-0.4577873145581102,-0.20107405260170647,0.8
20.425,TRACK,-0.07896670699119568,-0.4900706112384796,0.1928073614835739,-0.45617180362003246,-0.20471269032975595,0.8
20.445,TRACK,-0.07896670699119568,-0.4900706112384796,0.1928073614835739,-0.4545199410118567,-0.2083545613193488,0.8
20.465,TRACK,-0.07896670699119568,-0.4900706112384796,0.1928073614835739,-0.45283768983330497,-0.21198591148101203,0.8
20.485,TRACK,-0.07896670699119568,-0.4900706112384796,0.1928073614835739,-0.4511282979277225,-0.21559976532648648,0.8
20.505,TRACK,-0.07896670699119568,-0.4900706112384796,0.1928073614835739,-0.4493846310491903,-0.2192109791428867,0.8
20.525,TRACK,-0.07896670699119568,-0.4900706112384796,0.1928073614835739,-0.4476221714126003,-0.2227877726893213,0.8
20.545,TRACK,-0.07896670699119568,-0.4900706112384796,0.1928073614835739,-0.4458235800669353,-0.2263654908688622,0.8
20.565,TRACK,-0.07896670699119568,-0.4900706112384796,0.1928073614835739,-0.4439986521326203,-0.22992432864839774,0.8
20.585,TRACK,-0.07896670699119568,-0.4900706112384796,0.1928073614835739,-0.4421445366546072,-0.2334699310542639,0.8
20.605,TRACK,-0.07896670699119568,-0.4900706112384796,0.1928073614835739,-0.44026276339747983,-0.23699936532745122,0.8
20.625,TRACK,-0.07896670699119568,-0.4900706112384796,0.1928073614835739,-0.4383666472734946,-0.24048842499836776,0.8
20.645,TRACK,-0.07896670699119568,-0.4900706112384796,0.1928073614835739,-0.436415401112148,-0.2440114703699869,0.8
20.665,TRACK,-0.07896670699119568,-0.4900706112384796,0.1928073614835739,-0.4344627254821856,-0.24747149364440146,0.8
20.685,TRACK,-0.07896670699119568,-0.4900706112384796,0.1928073614835739,-0.43245844788917026,-0.250957547902608,0.8
20.705,TRACK,-0.07896670699119568,-0.4900706112384796,0.1928073614835739,-0.43043745751153734,-0.25440832370620947,0.8
20.725,TRACK,-0.07896670699119568,-0.4900706112384796,0.1928073614835739,-0.4283877029750094,-0.25784486797257594,0.8
20.745,TRACK,-0.07896670699119568,-0.4900706112384796,0.1928073614835739,-0.42631302872331556,-0.26126079219958265,0.8
20.765,TRACK,-0.07896670699119568,-0.4900706112384796,0.1928073614835739,-0.4242048319345533,-0.2646700975995917,0.8
20.785,TRACK,-0.07896670699119568,-0.4900706112384796,0.1928073614835739,-0.422073205515556,-0.2680563544962574,0.8
20.805,TRACK,-0.07896670699119568,-0.4900706112384796,0.1928073614835739,-0.4199258082491146,-0.27140802413769544,0.8
20.825,TRACK,-0.07896670699119568,-0.4900706112384796,0.1928073614835739,-0.4177439616634531,-0.2747544039569219,0.8
20.845,TRACK,-0.07896670699119568,-0.4900706112384796,0.1928073614835739,-0.4155197213800027,-0.278106744154623,0.8
20.865,TRACK,-0.07896670699119568,-0.4900706112384796,0.1928073614835739,-0.4132809794591138,-0.28142287045888,0.8
20.885,TRACK,-0.07896670699119568,-0.4900706112384796,0.1928073614835739,-0.4110240547651807,-0.2847090205883715,0.8
20.905,TRACK,-0.07896670699119568,-0.4900706112384796,0.1928073614835739,-0.40872221529059016,-0.28800373387849065,0.8
20.925,TRACK,-0.07896670699119568,-0.4900706112384796,0.1928073614835739,-0.4064093552570134,-0.2912583663340483,0.8
20.945,TRACK,-0.07896670699119568,-0.4900706112384796,0.1928073614835739,-0.404070579386522,-0.29449442587974467,0.8
20.965,TRACK,-0.07896670699119568,-0.4900706112384796,0.1928073614835739,-0.4017138728708059,-0.29770113258625336,0.8
20.985,TRACK,-0.07896670699119568,-0.4900706112384796,0.1928073614835739,-0.3993097944838058,-0.30091807527847303,0.8
21.005,TRACK,-0.07896670699119568,-0.4900706112384796,0.1928073614835739,-0.39686751282231303,-0.3041318419143763,0.8
21.025,TRACK,-0.07896670699119568,-0.4900706112384796,0.1928073614835739,-0.3944362927846271,-0.3072783932109772,0.8
21.045,TRACK,-0.07896670699119568,-0.4900706112384796,0.1928073614835739,-0.3919651466862743,-0.3104244252361716,0.8
21.065,TRACK,-0.07896670699119568,-0.4900706112384796,0.1928073614835739,-0.3894744702271393,-0.31354367644921366,0.8
21.085,TRACK,-0.07896670699119568,-0.4900706112384796,0.1928073614835739,-0.3869541700386469,-0.31664881223478786,0.8
21.105,TRACK,-0.07896670699119568,-0.4900706112384796,0.1928073614835739,-0.3844057602476534,-0.3197377229674716,0.8
21.125,TRACK,-0.07896670699119568,-0.4900706112384796,0.1928073614835739,-0.3818324472179241,-0.3228064160632053,0.8
21.145,TRACK,-0.07896670699119568,-0.4900706112384796,0.1928073614835739,-0.37924501678207295,-0.32584231960561105,0.8
21.165,TRACK,-0.07896670699119568,-0.4900706112384796,0.1928073614835739,-0.3766388745334508,-0.32885127062271713,0.8
21.185,TRACK,-0.07896670699119568,-0.4900706112384796,0.1928073614835739,-0.3739807878288076,-0.33187101460498836,0.8
21.205,TRACK,-0.07896670699119568,-0.4900706112384796,0.1928073614835739,-0.37130733672495686,-0.3348594655885055,0.8
21.225,TRACK,-0.07896670699119568,-0.4900706112384796,0.1928073614835739,-0.3686178024055272,-0.33781787363862154,0.8
21.245,TRACK,-0.07896670699119568,-0.4900706112384796,0.1928073614835739,-0.3659044050517533,-0.3407549946276979,0.8
21.265,TRACK,-0.07896670699119568,-0.4900706112384796,0.1928073614835739,-0.3631712763902989,-0.3436664429429227,0.8
21.285,TRACK,-0.07896670699119568,-0.4900706112384796,0.1928073614835739,-0.3604091986246326,-0.3465619851437115,0.8
21.305,TRACK,-0.07896670699119568,-0.4900706112384796,0.1928073614835739,-0.35762726807098416,-0.34943202075952406,0.8
21.325,TRACK,-0.07896670699119568,-0.4900706112384796,0.1928073614835739,-0.3548190901444135,-0.35228314360623414,0.8
21.345,TRACK,-0.07896670699119568,-0.4900706112384796,0.1928073614835739,-0.3519844236850137,-0.35511542557755604,0.8
21.365,TRACK,-0.07896670699119568,-0.4900706112384796,0.1928073614835739,-0.34913308908544005,-0.35791910553316114,0.8
21.385,TRACK,-0.07896670699119568,-0.4900706112384796,0.1928073614835739,-0.3462577373577384,-0.3607015100050171,0.8
21.405,TRACK,-0.07896670699119568,-0.4900706112384796,0.1928073614835739,-0.3433660353112533,-0.36345531471507075,0.8
21.425,TRACK,-0.07896670699119568,-0.4900706112384796,0.1928073614835739,-0.34044509912272597,-0.36619275591321754,0.8
21.445,TRACK,-0.07896670699119568,-0.4900706112384796,0.1928073614835739,-0.33750561167068815,-0.3689037301123352,0.8
21.465,TRACK,-0.07896670699119568,-0.4900706112384796,0.1928073614835739,-0.33455212099940995,-0.37158428160350937,0.8
21.485,TRACK,-0.07896670699119568,-0.4900706112384796,0.1928073614835739,-0.3315627438530133,-0.3742541207370482,0.8
21.505,TRACK,-0.07896670699119568,-0.4900706112384796,0.1928073614835739,-0.32854979678181856,-0.3769018851566356,0.8
21.525,TRACK,-0.07896670699119568,-0.4900706112384796,0.1928073614835739,-0.3255297855913529,-0.3795133182022046,0.8
21.545,TRACK,-0.07896670699119568,-0.4900706112384796,0.1928073614835739,-0.3224884355169166,-0.3821010454812333,0.8
21.565,TRACK,-0.07896670699119568,-0.4900706112384796,0.1928073614835739,-0.3194197656669034,-0.3846700057208783,0.8
21.585,TRACK,-0.07896670699119568,-0.4900706112384796,0.1928073614835739,-0.3163327739347712,-0.3872125722839238,0.8
21.605,TRACK,-0.07896670699119568,-0.4900706112384796,0.1928073614835739,-0.31323115656396283,-0.3897258556441979,0.8
21.625,TRACK,-0.07896670699119568,-0.4900706112384796,0.1928073614835739,-0.3101108809597543,-0.3922132602429004,0.8
21.645,TRACK,-0.07896670699119568,-0.4900706112384796,0.1928073614835739,-0.30694081642382715,-0.39469904384616195,0.8
21.665,TRACK,-0.07896670699119568,-0.4900706112384796,0.1928073614835739,-0.30377821088313206,-0.3971382613053587,0.8
21.685,TRACK,-0.07896670699119568,-0.4900706112384796,0.1928073614835739,-0.3005899347974753,-0.3995568684160611,0.8
21.705,TRACK,-0.07896670699119568,-0.4900706112384796,0.1928073614835739,-0.29738033322140506,-0.40195141175660287,0.8
21.725,TRACK,-0.07896670699119568,-0.4900706112384796,0.1928073614835739,-0.294156361393861,-0.40431675089158037,0.8
21.745,TRACK,-0.07896670699119568,-0.4900706112384796,0.1928073614835739,-0.2909202083520066,-0.4066514876063102,0.8
21.765,TRACK,-0.07896670699119568,-0.4900706112384796,0.1928073614835739,-0.28765281059997067,-0.4089692660261128,0.8
21.785,TRACK,-0.07896670699119568,-0.4900706112384796,0.1928073614835739,-0.2843749096425787,-0.41125528661133975,0.8
21.805,TRACK,-0.07896670699119568,-0.4900706112384796,0.1928073614835739,-0.2810756084693203,-0.41351723340581753,0.8
21.825,TRACK,-0.07896670699119568,-0.4900706112384796,0.1928073614835739,-0.2777563339763181,-0.4157540365841756,0.8
21.845,TRACK,-0.07896670699119568,-0.4900706112384796,0.1928073614835739,-0.2744054681201522,-0.4179732516151723,0.8
21.865,TRACK,-0.07896670699119568,-0.4900706112384796,0.1928073614835739,-0.27107049008625456,-0.42014377230228916,0.8
21.885,TRACK,-0.07896670699119568,-0.4900706112384796,0.1928073614835739,-0.26769486508090784,-0.4223025683195812,0.8
21.905,TRACK,-0.07896670699119568,-0.4900706112384796,0.1928073614835739,-0.2643139081671117,-0.4244268581857511,0.8
21.925,TRACK,-0.07896670699119568,-0.4900706112384796,0.1928073614835739,-0.26090852905117307,-0.426528708844262,0.8
21.945,TRACK,-0.07896670699119568,-0.4900706112384796,0.1928073614835739,-0.2574852105339169,-0.4286039737990124,0.8
21.965,TRACK,-0.07896670699119568,-0.4900706112384796,0.1928073614835739,-0.25404727557995904,-0.4306506493323798,0.8
21.985,TRACK,-0.07896670699119568,-0.4900706112384796,0.1928073614835739,-0.2505939397030274,-0.43266924709772875,0.8
22.005,TRACK,-0.07896670699119568,-0.4900706112384796,0.1928073614835739,-0.2471321927553952,-0.43465581705978606,0.8
22.025,TRACK,-0.07896670699119568,-0.4900706112384796,0.1928073614835739,-0.24364149877623892,-0.4366220563302637,0.8
22.045,TRACK,-0.07896670699119568,-0.4900706112384796,0.1928073614835739,-0.24015674308004753,-0.4385484451610609,0.8
22.065,TRACK,-0.07896670699119568,-0.4900706112384796,0.1928073614835739,-0.23662248090079,-0.4404654373868116,0.8
22.085,TRACK,-0.07896670699119568,-0.4900706112384796,0.1928073614835739,-0.23309979004377804,-0.44233978781197897,0.8
22.105,TRACK,-0.07896670699119568,-0.4900706112384796,0.1928073614835739,-0.22954632518700557,-0.44419419693771495,0.8
22.125,TRACK,-0.07896670699119568,-0.4900706112384796,0.1928073614835739,-0.2259831705592305,-0.44601749587207645,0.8
22.145,TRACK,-0.07896670699119568,-0.4900706112384796,0.1928073614835739,-0.22240352726988127,-0.44781321000827473,0.8
22.165,TRACK,-0.07896670699119568,-0.4900706112384796,0.1928073614835739,-0.21881707623572688,-0.44957656427759674,0.8
22.185,TRACK,-0.07896670699119568,-0.4900706112384796,0.1928073614835739,-0.21521199699956206,-0.45131341254992685,0.8
22.205,TRACK,-0.07896670699119568,-0.4900706112384796,0.1928073614835739,-0.21162886142172824,-0.4530046633461326,0.8
22.225,TRACK,-0.07896670699119568,-0.4900706112384796,0.1928073614835739,-0.20797094919078957,-0.4546955951982403,0.8
22.245,TRACK,-0.07896670699119568,-0.4900706112384796,0.1928073614835739,-0.2043220714591521,-0.45634689778132725,0.8
22.265,TRACK,-0.07896670699119568,-0.4900706112384796,0.1928073614835739,-0.20066480044097218,-0.4579668523637762,0.8
22.285,TRACK,-0.07896670699119568,-0.4900706112384796,0.1928073614835739,-0.19698885798588606,-0.45955999589761554,0.8
22.305,TRACK,-0.07896670699119568,-0.4900706112384796,0.1928073614835739,-0.193317330950873,-0.4611164815467244,0.8
22.325,TRACK,-0.07896670699119568,-0.4900706112384796,0.1928073614835739,-0.1896170936190251,-0.4626503623768967,0.8
22.345,TRACK,-0.07896670699119568,-0.4900706112384796,0.1928073614835739,-0.18591389413664175,-0.46415086336982025,0.8
22.365,TRACK,-0.07896670699119568,-0.4900706112384796,0.1928073614835739,-0.18219713465514073,-0.4656223836151528,0.8
22.385,TRACK,-0.07896670699119568,-0.4900706112384796,0.1928073614835739,-0.17846788305945646,-0.46706446526820705,0.8
22.405,TRACK,-0.07896670699119568,-0.4900706112384796,0.1928073614835739,-0.1747256551482771,-0.46847726245038335,0.8
22.425,TRACK,-0.07896670699119568,-0.4900706112384796,0.1928073614835739,-0.1709702729966788,-0.46986079401397296,0.8
22.445,TRACK,-0.07896670699119568,-0.4900706112384796,0.1928073614835739,-0.16719854445445914,-0.47121613589976974,0.8
22.465,TRACK,-0.07896670699119568,-0.4900706112384796,0.1928073614835739,-0.1634287363641483,-0.47253682198366054,0.8
22.485,TRACK,-0.07896670699119568,-0.4900706112384796,0.1928073614835739,-0.15965794201434816,-0.4738241673360942,0.8
22.505,TRACK,-0.07896670699119568,-0.4900706112384796,0.1928073614835739,-0.15584995994422862,-0.4750902966651522,0.8
22.525,TRACK,-0.07896670699119568,-0.4900706112384796,0.1928073614835739,-0.15204038796752417,-0.4763231260674677,0.8
22.545,TRACK,-0.07896670699119568,-0.4900706112384796,0.1928073614835739,-0.14822370685415756,-0.47752458860922836,0.8
22.565,TRACK,-0.07896670699119568,-0.4900706112384796,0.1928073614835739,-0.1443978070701762,-0.47869538676837503,0.8
22.585,TRACK,-0.07896670699119568,-0.4900706112384796,0.1928073614835739,-0.14056517788113443,-0.4798347952860912,0.8
22.605,TRACK,-0.07896670699119568,-0.4900706112384796,0.1928073614835739,-0.13672461458807034,-0.4809432188582594,0.8
22.625,TRACK,-0.07896670699119568,-0.4900706112384796,0.1928073614835739,-0.13287462312543805,-0.4820210934484847,0.8
22.645,TRACK,-0.07896670699119568,-0.4900706112384796,0.1928073614835739,-0.12901562930042051,-0.48306828440316435,0.8
22.665,TRACK,-0.07896670699119568,-0.4900706112384796,0.1928073614835739,-0.12514690713016888,-0.4840849632407031,0.8
22.685,TRACK,-0.07896670699119568,-0.4900706112384796,0.1928073614835739,-0.12126906499498824,-0.48507093695174247,0.8
22.705,TRACK,-0.07896670699119568,-0.4900706112384796,0.1928073614835739,-0.1173805367666308,-0.4860265523491259,0.8
22.725,TRACK,-0.07896670699119568,-0.4900706112384796,0.1928073614835739,-0.11348731308268396,-0.4869503360397987,0.8
22.745,TRACK,-0.07896670699119568,-0.4900706112384796,0.1928073614835739,-0.10958891500757473,-0.487842464026516,0.8
22.765,TRACK,-0.07896670699119568,-0.4900706112384796,0.1928073614835739,-0.10568168848529337,-0.4887037760432156,0.8
22.785,TRACK,-0.07896670699119568,-0.4900706112384796,0.1928073614835739,-0.10176797494930226,-0.48953373660527033,0.8
22.805,TRACK,-0.07896670699119568,-0.4900706112384796,0.1928073614835739,-0.09785260904116945,-0.4903313847836339,0.8
22.825,TRACK,-0.07896670699119568,-0.4900706112384796,0.1928073614835739,-0.0939175521416208,-0.4911002885355759,0.8
22.845,TRACK,-0.07896670699119568,-0.4900706112384796,0.1928073614835739,-0.08999338876704187,-0.49183451483016527,0.8
22.865,TRACK,-0.07896670699119568,-0.4900706112384796,0.1928073614835739,-0.08606273652871917,-0.4925375167245519,0.8
22.885,TRACK,-0.07896670699119568,-0.4900706112384796,0.1928073614835739,-0.0821205278098729,-0.49321011639282897,0.8
22.905,TRACK,-0.07896670699119568,-0.4900706112384796,0.1928073614835739,-0.07817047519174922,-0.4938515736618606,0.8
22.925,TRACK,-0.07896670699119568,-0.4900706112384796,0.1928073614835739,-0.07421541516587385,-0.4944613960176841,0.8
22.945,TRACK,-0.07896670699119568,-0.4900706112384796,0.1928073614835739,-0.07026310756889051,-0.4950384790243709,0.8
22.965,TRACK,-0.07896670699119568,-0.4900706112384796,0.1928073614835739,-0.0662973834922546,-0.49558516618446213,0.8
22.985,TRACK,-0.07896670699119568,-0.4900706112384796,0.1928073614835739,-0.06233223533181402,-0.49609947836954976,0.8
23.005,TRACK,-0.07896670699119568,-0.4900706112384796,0.1928073614835739,-0.058354197902738346,-0.49658311246671294,0.8
23.025,TRACK,-0.07896670699119568,-0.4900706112384796,0.1928073614835739,-0.054400947381653186,-0.4970317262750725,0.8
23.045,TRACK,-0.07896670699119568,-0.4900706112384796,0.1928073614835739,-0.050382199850563934,-0.4974551577159672,0.8
23.065,TRACK,-0.07896670699119568,-0.4900706112384796,0.1928073614835739,-0.046426440730264446,-0.49783991965401814,0.8
23.085,TRACK,-0.07896670699119568,-0.4900706112384796,0.1928073614835739,-0.04244422999389165,-0.4981952301459997,0.8
23.105,TRACK,-0.07896670699119568,-0.4900706112384796,0.1928073614835739,-0.03845188887517719,-0.49851925964994676,0.8
23.125,TRACK,-0.07896670699119568,-0.4900706112384796,0.1928073614835739,-0.034462122557036984,-0.49881094826483485,0.8
23.145,TRACK,-0.07896670699119568,-0.4900706112384796,0.1928073614835739,-0.030465961836614878,-0.499070962057872,0.8
23.165,TRACK,-0.07896670699119568,-0.4900706112384796,0.1928073614835739,-0.026478560584237806,-0.4992983935778152,0.8
23.185,TRACK,-0.07896670699119568,-0.4900706112384796,0.1928073614835739,-0.022485706682115747,-0.49949413709772994,0.8
23.205,TRACK,-0.07896670699119568,-0.4900706112384796,0.1928073614835739,-0.018487126786617215,-0.49965810925389326,0.8
23.225,TRACK,-0.07896670699119568,-0.4900706112384796,0.1928073614835739,-0.014478973754270383,-0.4997903153513713,0.8
23.245,TRACK,-0.07896670699119568,-0.4900706112384796,0.1928073614835739,-0.01048414357462341,-0.4998900706490445,0.8
23.265,TRACK,-0.07896670699119568,-0.4900706112384796,0.1928073614835739,-0.006481920887437636,-0.4999579829361753,0.8
23.285,TRACK,-0.07896670699119568,-0.4900706112384796,0.1928073614835739,-0.002490154529537464,-0.4999937990919678,0.8
23.305,TRACK,-0.07896670699119568,-0.4900706112384796,0.1928073614835739,0.001514549733313765,-0.4999977061338435,0.8
23.325,TRACK,-0.07896670699119568,-0.4900706112384796,0.1928073614835739,0.005507951844852635,-0.499969661546053,0.8
23.345,TRACK,-0.07896670699119568,-0.4900706112384796,0.1928073614835739,0.009505913127586026,-0.49990962944877426,0.8
23.365,TRACK,-0.07896670699119568,-0.4900706112384796,0.1928073614835739,0.013508652808619532,-0.4998174829868361,0.8
23.385,TRACK,-0.07896670699119568,-0.4900706112384796,0.1928073614835739,0.017484506930509926,-0.4996941985028413,0.8
23.405,TRACK,-0.07896670699119568,-0.4900706112384796,0.1928073614835739,0.021509085551799822,-0.499537145003978,0.8
23.425,TRACK,-0.07896670699119568,-0.4900706112384796,0.1928073614835739,0.025503886041728527,-0.49934912816262184,0.8
23.445,TRACK,-0.07896670699119568,-0.4900706112384796,0.1928073614835739,0.029495055689124135,-0.49912928354274655,0.8
23.465,TRACK,-0.07896670699119568,-0.4900706112384796,0.1928073614835739,0.033481342945242645,-0.4988777402075413,0.8
23.485,TRACK,-0.07896670699119568,-0.4900706112384796,0.1928073614835739,0.03748465607487422,-0.49859292068675465,0.8
23.505,TRACK,-0.07896670699119568,-0.4900706112384796,0.1928073614835739,0.041460986518814365,-0.4982780213865415,0.8
23.525,TRACK,-0.07896670699119568,-0.4900706112384796,0.1928073614835739,0.04544503035903234,-0.49793046624570647,0.8
23.545,TRACK,-0.07896670699119568,-0.4900706112384796,0.1928073614835739,0.04943304718647523,-0.4975503731742744,0.8
23.565,TRACK,-0.07896670699119568,-0.4900706112384796,0.1928073614835739,0.05341940780522507,-0.4971381768379281,0.8
23.585,TRACK,-0.07896670699119568,-0.4900706112384796,0.1928073614835739,0.057386799677691266,-0.4966958377344756,0.8
23.605,TRACK,-0.07896670699119568,-0.4900706112384796,0.1928073614835739,0.06135838919471218,-0.4962208662233282,0.8
23.625,TRACK,-0.07896670699119568,-0.4900706112384796,0.1928073614835739,0.06532397189062555,-0.49571441243566117,0.8
23.645,TRACK,-0.07896670699119568,-0.4900706112384796,0.1928073614835739,0.06929043139751916,-0.4951755609041562,0.8
23.665,TRACK,-0.07896670699119568,-0.4900706112384796,0.1928073614835739,0.07324051606677781,-0.49460673954796863,0.8
23.685,TRACK,-0.07896670699119568,-0.4900706112384796,0.1928073614835739,0.07719573411559251,-0.4940048771362027,0.8
23.705,TRACK,-0.07896670699119568,-0.4900706112384796,0.1928073614835739,0.08116172496891266,-0.49336880160795593,0.8
23.725,TRACK,-0.07896670699119568,-0.4900706112384796,0.1928073614835739,0.08509766850421084,-0.4927051723040336,0.8
23.745,TRACK,-0.07896670699119568,-0.4900706112384796,0.1928073614835739,0.08903719787632146,-0.4920085135384679,0.8
23.765,TRACK,-0.07896670699119568,-0.4900706112384796,0.1928073614835739,0.09296582641346406,-0.4912813400886112,0.8
23.785,TRACK,-0.07896670699119568,-0.4900706112384796,0.1928073614835739,0.09688734943481597,-0.4905230285312769,0.8
23.805,TRACK,-0.07896670699119568,-0.4900706112384796,0.1928073614835739,0.10080273643827556,-0.48973340536107557,0.8
23.825,TRACK,-0.07896670699119568,-0.4900706112384796,0.1928073614835739,0.10473169331992427,-0.48890824539410394,0.8
23.845,TRACK,-0.07896670699119568,-0.4900706112384796,0.1928073614835739,0.1086417034904377,-0.4880542800372678,0.8
23.865,TRACK,-0.07896670699119568,-0.4900706112384796,0.1928073614835739,0.1125423370901271,-0.4871696032823602,0.8
23.885,TRACK,-0.07896670699119568,-0.4900706112384796,0.1928073614835739,0.11642732920075326,-0.4862557732461173,0.8
23.905,TRACK,-0.07896670699119568,-0.4900706112384796,0.1928073614835739,0.12032188911334499,-0.4853067514471604,0.8
23.925,TRACK,-0.07896670699119568,-0.4900706112384796,0.1928073614835739,0.12420100200724013,-0.4843285156795928,0.8
23.945,TRACK,-0.07896670699119568,-0.4900706112384796,0.1928073614835739,0.12807138024046763,-0.4833194818784999,0.8
23.965,TRACK,-0.07896670699119568,-0.4900706112384796,0.1928073614835739,0.13192827365154255,-0.4822809664617957,0.8
23.985,TRACK,-0.07896670699119568,-0.4900706112384796,0.1928073614835739,0.13576155755984703,-0.48121595930405753,0.8
24.005,TRACK,-0.07896670699119568,-0.4900706112384796,0.1928073614835739,0.13963922166768272,-0.4801050799273465,0.8
24.025,TRACK,-0.07896670699119568,-0.4900706112384796,0.1928073614835739,0.14347175794201786,-0.47897375154910843,0.8
24.045,TRACK,-0.07896670699119568,-0.4900706112384796,0.1928073614835739,0.1473010996070354,-0.4778099894880372,0.8
24.065,TRACK,-0.07896670699119568,-0.4900706112384796,0.1928073614835739,0.15110773076652187,-0.4766198209292101,0.8
24.085,TRACK,-0.07896670699119568,-0.4900706112384796,0.1928073614835739,0.15491880187063314,-0.4753947463182229,0.8
24.105,TRACK,-0.07896670699119568,-0.4900706112384796,0.1928073614835739,0.15874413375822594,-0.47413110001069375,0.8
24.125,TRACK,-0.07896670699119568,-0.4900706112384796,0.1928073614835739,0.16249111264752467,-0.47286006208028336,0.8
24.145,TRACK,-0.07896670699119568,-0.4900706112384796,0.1928073614835739,0.16628502856246186,-0.4715392764934659,0.8
24.165,TRACK,-0.07896670699119568,-0.4900706112384796,0.1928073614835739,0.17004058814536116,-0.4701980416624251,0.8
24.185,TRACK,-0.07896670699119568,-0.4900706112384796,0.1928073614835739,0.17379726874385812,-0.46882247106679426,0.8
24.205,TRACK,-0.07896670699119568,-0.4900706112384796,0.1928073614835739,0.17754634447640177,-0.4674155491241887,0.8
24.225,TRACK,-0.07896670699119568,-0.4900706112384796,0.1928073614835739,0.18128092164057277,-0.465979857342723,0.8
24.245,TRACK,-0.07896670699119568,-0.4900706112384796,0.1928073614835739,0.18501071293251584,-0.46451161029645127,0.8
24.265,TRACK,-0.07896670699119568,-0.4900706112384796,0.1928073614835739,0.1887203124522542,-0.46301689350165565,0.8
24.285,TRACK,-0.07896670699119568,-0.4900706112384796,0.1928073614835739,0.19241845357359533,-0.46149229541168524,0.8
24.305,TRACK,-0.07896670699119568,-0.4900706112384796,0.1928073614835739,0.1961084464043154,-0.4599363839150864,0.8
24.325,TRACK,-0.07896670699119568,-0.4900706112384796,0.1928073614835739,0.19977755407665262,-0.4583545885961546,0.8
24.345,TRACK,-0.07896670699119568,-0.4900706112384796,0.1928073614835739,0.20343690994095956,-0.45674218512600073,0.8
24.365,TRACK,-0.07896670699119568,-0.4900706112384796,0.1928073614835739,0.20708177772488637,-0.4551012385550063,0.8
24.385,TRACK,-0.07896670699119568,-0.4900706112384796,0.1928073614835739,0.21070688104154592,-0.45343424030585056,0.8
24.405,TRACK,-0.07896670699119568,-0.4900706112384796,0.1928073614835739,0.2143365740683666,-0.4517298230321257,0.8
24.425,TRACK,-0.07896670699119568,-0.4900706112384796,0.1928073614835739,0.2179414090806165,-0.45000171356113233,0.8
24.445,TRACK,-0.07896670699119568,-0.4900706112384796,0.1928073614835739,0.22151799155449323,-0.44825191512994506,0.8
24.465,TRACK,-0.07896670699119568,-0.4900706112384796,0.1928073614835739,0.2251203795699457,-0.44645359747938373,0.8
24.485,TRACK,-0.07896670699119568,-0.4900706112384796,0.1928073614835739,0.22869188689236467,-0.4446347049765795,0.8
24.505,TRACK,-0.07896670699119568,-0.4900706112384796,0.1928073614835739,0.23224147842703988,-0.44279102937844483,0.8
24.525,TRACK,-0.07896670699119568,-0.4900706112384796,0.1928073614835739,0.2357623312873414,-0.44092643734069503,0.8
24.545,TRACK,-0.07896670699119568,-0.4900706112384796,0.1928073614835739,0.23928596750892936,-0.43902417445206315,0.8
24.565,TRACK,-0.07896670699119568,-0.4900706112384796,0.1928073614835739,0.24278571092513,-0.4370984998493809,0.8
24.585,TRACK,-0.07896670699119568,-0.4900706112384796,0.1928073614835739,0.2462829058428336,-0.43513759925983175,0.8
24.605,TRACK,-0.07896670699119568,-0.4900706112384796,0.1928073614835739,0.24974707983239658,-0.4331586269661387,0.8
24.625,TRACK,-0.07896670699119568,-0.4900706112384796,0.1928073614835739,0.25320176745105005,-0.431148309702896,0.8
24.645,TRACK,-0.07896670699119568,-0.4900706112384796,0.1928073614835739,0.25664391637085876,-0.42910826161917187,0.8
24.665,TRACK,-0.07896670699119568,-0.4900706112384796,0.1928073614835739,0.2600519136867845,-0.42705152170182137,0.8
24.685,TRACK,-0.07896670699119568,-0.4900706112384796,0.1928073614835739,0.263474554161207,-0.4249484195870755,0.8
24.705,TRACK,-0.07896670699119568,-0.4900706112384796,0.1928073614835739,0.2668693403566287,-0.4228247334033546,0.8
24.725,TRACK,-0.07896670699119568,-0.4900706112384796,0.1928073614835739,0.270246287827076,-0.42067439179926935,0.8
24.745,TRACK,-0.07896670699119568,-0.4900706112384796,0.1928073614835739,0.2736587894245671,-0.41846250366153526,0.8
24.765,TRACK,-0.07896670699119568,-0.4900706112384796,0.1928073614835739,0.2769456874720601,-0.4162944705261265,0.8
24.785,TRACK,-0.07896670699119568,-0.4900706112384796,0.1928073614835739,0.28026169291894043,-0.4140692979227143,0.8
24.805,TRACK,-0.07896670699119568,-0.4900706112384796,0.1928073614835739,0.2835704638718139,-0.41181038357419336,0.8
24.825,TRACK,-0.07896670699119568,-0.4900706112384796,0.1928073614835739,0.2868667699614313,-0.40952100836452243,0.8
24.845,TRACK,-0.07896670699119568,-0.4900706112384796,0.1928073614835739,0.2901130209342928,-0.40722774351016233,0.8
24.865,TRACK,-0.07896670699119568,-0.4900706112384796,0.1928073614835739,0.293367159045726,-0.4048897504178634,0.8
24.885,TRACK,-0.07896670699119568,-0.4900706112384796,0.1928073614835739,0.2965806132611505,-0.4025418485544576,0.8
24.905,TRACK,-0.07896670699119568,-0.4900706112384796,0.1928073614835739,0.2998152707620443,-0.40013848030136023,0.8
24.925,TRACK,-0.07896670699119568,-0.4900706112384796,0.1928073614835739,0.3030023474634615,-0.3977305336928908,0.8
24.945,TRACK,-0.07896670699119568,-0.4900706112384796,0.1928073614835739,0.30616997265390644,-0.395297290460112,0.8
24.965,TRACK,-0.07896670699119568,-0.4900706112384796,0.1928073614835739,0.30932551394825397,-0.39283294976446226,0.8
24.985,TRACK,-0.07896670699119568,-0.4900706112384796,0.1928073614835739,0.3124577215148214,-0.3903462210215008,0.8
25.005,TRACK,-0.07896670699119568,-0.4900706112384796,0.1928073614835739,0.3155693838041357,-0.3878349700652045,0.8
25.025,TRACK,-0.07896670699119568,-0.4900706112384796,0.1928073614835739,0.31865726273986994,-0.3853018931995189,0.8
25.045,TRACK,-0.07896670699119568,-0.4900706112384796,0.1928073614835739,0.32174163626671903,-0.38273008699658595,0.8
25.065,TRACK,-0.07896670699119568,-0.4900706112384796,0.1928073614835739,0.3247648309575263,-0.3801681267191259,0.8
25.085,TRACK,-0.07896670699119568,-0.4900706112384796,0.1928073614835739,0.3278077022989419,-0.3775474941162877,0.8
25.105,TRACK,-0.07896670699119568,-0.4900706112384796,0.1928073614835739,0.3308338968705874,-0.3748985631893267,0.8
25.125,TRACK,-0.07896670699119568,-0.4900706112384796,0.1928073614835739,0.33381884294516107,-0.3722431733353264,0.8
25.145,TRACK,-0.07896670699119568,-0.4900706112384796,0.1928073614835739,0.33678015055656474,-0.36956613777657926,0.8
25.165,TRACK,-0.07896670699119568,-0.4900706112384796,0.1928073614835739,0.33973227089511043,-0.3668541728159178,0.8
25.185,TRACK,-0.07896670699119568,-0.4900706112384796,0.1928073614835739,0.34265519177557135,-0.3641255546501047,0.8
25.205,TRACK,-0.07896670699119568,-0.4900706112384796,0.1928073614835739,0.34556054039033035,-0.36136949639550775,0.8
25.225,TRACK,-0.07896670699119568,-0.4900706112384796,0.1928073614835739,0.34843565133859306,-0.3585980993762382,0.8
25.245,TRACK,-0.07896670699119568,-0.4900706112384796,0.1928073614835739,0.3512951191735118,-0.355797328889451,0.8
25.265,TRACK,-0.07896670699119568,-0.4900706112384796,0.1928073614835739,0.3541301560417416,-0.35297568270612034,0.8
25.285,TRACK,-0.07896670699119568,-0.4900706112384796,0.1928073614835739,0.3569426633893042,-0.35013131115704277,0.8
25.305,TRACK,-0.07896670699119568,-0.4900706112384796,0.1928073614835739,0.35973169624512275,-0.3472651821254281,0.8
25.325,TRACK,-0.07896670699119568,-0.4900706112384796,0.1928073614835739,0.36249971914571744,-0.34437472848523015,0.8
25.345,TRACK,-0.07896670699119568,-0.4900706112384796,0.1928073614835739,0.3652410660460975,-0.3414659041156382,0.8
25.365,TRACK,-0.07896670699119568,-0.4900706112384796,0.1928073614835739,0.3679619133157765,-0.3385321703309642,0.8
25.385,TRACK,-0.07896670699119568,-0.4900706112384796,0.1928073614835739,0.3706584605212839,-0.33557757023375656,0.8
25.405,TRACK,-0.07896670699119568,-0.4900706112384796,0.1928073614835739,0.3733309668666612,-0.3326018478277052,0.8
25.425,TRACK,-0.07896670699119568,-0.4900706112384796,0.1928073614835739,0.3759798042254416,-0.32960459161637695,0.8
25.445,TRACK,-0.07896670699119568,-0.4900706112384796,0.1928073614835739,0.3786038938449449,-0.3265870352072257,0.8
25.465,TRACK,-0.07896670699119568,-0.4900706112384796,0.1928073614835739,0.3812049690796363,-0.32354717051612975,0.8
25.485,TRACK,-0.07896670699119568,-0.4900706112384796,0.1928073614835739,0.38378243214601504,-0.32048563895452375,0.8
25.505,TRACK,-0.07896670699119568,-0.4900706112384796,0.1928073614835739,0.38632350257429326,-0.31741794429226905,0.8
25.525,TRACK,-0.07896670699119568,-0.4900706112384796,0.1928073614835739,0.3888597166582176,-0.3143057758942567,0.8
25.545,TRACK,-0.07896670699119568,-0.4900706112384796,0.1928073614835739,0.3913614528106447,-0.3111851751834292,0.8
25.565,TRACK,-0.07896670699119568,-0.4900706112384796,0.1928073614835739,0.39383899873244166,-0.3080435733421943,0.8
25.585,TRACK,-0.07896670699119568,-0.4900706112384796,0.1928073614835739,0.39628673249221913,-0.30488821828768714,0.8
25.605,TRACK,-0.07896670699119568,-0.4900706112384796,0.1928073614835739,0.39870858261097125,-0.3017142127118812,0.8
25.625,TRACK,-0.07896670699119568,-0.4900706112384796,0.1928073614835739,0.40111343831469987,-0.2985096474209158,0.8
25.645,TRACK,-0.07896670699119568,-0.4900706112384796,0.1928073614835739,0.4034985083900894,-0.29527775691198443,0.8
25.665,TRACK,-0.07896670699119568,-0.4900706112384796,0.1928073614835739,0.4058420537240162,-0.2920483306390789,0.8
25.685,TRACK,-0.07896670699119568,-0.4900706112384796,0.1928073614835739,0.4081613777452173,-0.2887980085061634,0.8
25.705,TRACK,-0.07896670699119568,-0.4900706112384796,0.1928073614835739,0.4104460117083049,-0.28554171581880294,0.8
25.725,TRACK,-0.07896670699119568,-0.4900706112384796,0.1928073614835739,0.41272437151614366,-0.28223853946015987,0.8
25.745,TRACK,-0.07896670699119568,-0.4900706112384796,0.1928073614835739,0.41497577634693966,-0.2789177388501038,0.8
25.765,TRACK,-0.07896670699119568,-0.4900706112384796,0.1928073614835739,0.41719273562604947,-0.2755906771660703,0.8
25.785,TRACK,-0.07896670699119568,-0.4900706112384796,0.1928073614835739,0.41938800575948476,-0.2722383158651302,0.8
25.805,TRACK,-0.07896670699119568,-0.4900706112384796,0.1928073614835739,0.4215447482816908,-0.26888664004767127,0.8
25.825,TRACK,-0.07896670699119568,-0.4900706112384796,0.1928073614835739,0.4236836943781935,-0.2655035350386988,0.8
25.845,TRACK,-0.07896670699119568,-0.4900706112384796,0.1928073614835739,0.4258016889143532,-0.2620933454280828,0.8
25.865,TRACK,-0.07896670699119568,-0.4900706112384796,0.1928073614835739,0.4278806412246418,-0.25868543999457977,0.8
25.885,TRACK,-0.07896670699119568,-0.4900706112384796,0.1928073614835739,0.42993533752239665,-0.2552559608500904,0.8
25.905,TRACK,-0.07896670699119568,-0.4900706112384796,0.1928073614835739,0.43196953506496577,-0.2517981746871039,0.8
25.925,TRACK,-0.07896670699119568,-0.4900706112384796,0.1928073614835739,0.4339678952757206,-0.24833820863886646,0.8
25.945,TRACK,-0.07896670699119568,-0.4900706112384796,0.1928073614835739,0.4359423022329268,-0.24485569040529878,0.8
25.965,TRACK,-0.07896670699119568,-0.4900706112384796,0.1928073614835739,0.4378852184038161,-0.2413639067952006,0.8
25.985,TRACK,-0.07896670699119568,-0.4900706112384796,0.1928073614835739,0.4398021630452371,-0.23785301633725536,0.8
26.005,TRACK,-0.07896670699119568,-0.4900706112384796,0.1928073614835739,0.44169326027439965,-0.23432256363434456,0.8
26.025,TRACK,-0.07896670699119568,-0.4900706112384796,0.1928073614835739,0.44355227633122124,-0.2307842675777358,0.8
26.045,TRACK,-0.07896670699119568,-0.4900706112384796,0.1928073614835739,0.4453810198597021,-0.22723500423291232,0.8
26.065,TRACK,-0.07896670699119568,-0.4900706112384796,0.1928073614835739,0.4471841574116018,-0.22366566424034728,0.8
26.085,TRACK,-0.07896670699119568,-0.4900706112384796,0.1928073614835739,0.44895726315608747,-0.22008492874205549,0.8
26.105,TRACK,-0.07896670699119568,-0.4900706112384796,0.1928073614835739,0.4507063014451472,-0.21648055302413682,0.8
26.125,TRACK,-0.07896670699119568,-0.4900706112384796,0.1928073614835739,0.4524132275509696,-0.21289028051302533,0.8
26.145,TRACK,-0.07896670699119568,-0.4900706112384796,0.1928073614835739,0.454110873023316,-0.2092446295654964,0.8
26.165,TRACK,-0.07896670699119568,-0.4900706112384796,0.1928073614835739,0.45577414186660853,-0.20559652624924535,0.8
26.185,TRACK,-0.07896670699119568,-0.4900706112384796,0.1928073614835739,0.45740132512349885,-0.20195055774933454,0.8
26.205,TRACK,-0.07896670699119568,-0.4900706112384796,0.1928073614835739,0.45900660433849216,-0.19827490303527298,0.8
26.225,TRACK,-0.07896670699119568,-0.4900706112384796,0.1928073614835739,0.4605768350602657,-0.19459953495799723,0.8
26.245,TRACK,-0.07896670699119568,-0.4900706112384796,0.1928073614835739,0.4621195485342496,-0.19090710532219943,0.8
26.265,TRACK,-0.07896670699119568,-0.4900706112384796,0.1928073614835739,0.4636312322208819,-0.18720598417077036,0.8
26.285,TRACK,-0.07896670699119568,-0.4900706112384796,0.1928073614835739,0.4651131516406631,-0.18349320469949165,0.8
26.305,TRACK,-0.07896670699119568,-0.4900706112384796,0.1928073614835739,0.46656847680397145,-0.17976055310557423,0.8
26.325,TRACK,-0.07896670699119568,-0.4900706112384796,0.1928073614835739,0.46799003645725373,-0.1760264916901382,0.8
26.345,TRACK,-0.07896670699119568,-0.4900706112384796,0.1928073614835739,0.4693856551322745,-0.17227044655438,0.8
26.365,TRACK,-0.07896670699119568,-0.4900706112384796,0.1928073614835739,0.4707435915096517,-0.16852439304917896,0.8
26.385,TRACK,-0.07896670699119568,-0.4900706112384796,0.1928073614835739,0.47207637734717095,-0.1647540407722113,0.8
26.405,TRACK,-0.07896670699119568,-0.4900706112384796,0.1928073614835739,0.4733826191980642,-0.16096240505528167,0.8
26.425,TRACK,-0.07896670699119568,-0.4900706112384796,0.1928073614835739,0.4746517077747412,-0.15718064863882472,0.8
26.445,TRACK,-0.07896670699119568,-0.4900706112384796,0.1928073614835739,0.4758958364941397,-0.15337259470825634,0.8
26.465,TRACK,-0.07896670699119568,-0.4900706112384796,0.1928073614835739,0.4771077313324617,-0.14956006386329057,0.8
26.485,TRACK,-0.07896670699119568,-0.4900706112384796,0.1928073614835739,0.4782880271782144,-0.14574142533257886,0.8
26.505,TRACK,-0.07896670699119568,-0.4900706112384796,0.1928073614835739,0.4794400068017881,-0.14190588387343697,0.8
26.525,TRACK,-0.07896670699119568,-0.4900706112384796,0.1928073614835739,0.48055780510555224,-0.13807315434991005,0.8
26.545,TRACK,-0.07896670699119568,-0.4900706112384796,0.1928073614835739,0.4816505197735445,-0.13421168653241197,0.8
26.565,TRACK,-0.07896670699119568,-0.4900706112384796,0.1928073614835739,0.48270405134559147,-0.1303717715402862,0.8
26.585,TRACK,-0.07896670699119568,-0.4900706112384796,0.1928073614835739,0.4837358134307257,-0.12648977351752244,0.8
26.605,TRACK,-0.07896670699119568,-0.4900706112384796,0.1928073614835739,0.48472967943035755,-0.12262600816850719,0.8
26.625,TRACK,-0.07896670699119568,-0.4900706112384796,0.1928073614835739,0.4856906687483462,-0.11876268054731773,0.8
26.645,TRACK,-0.07896670699119568,-0.4900706112384796,0.1928073614835739,0.48662468035423023,-0.1148756739703547,0.8
26.665,TRACK,-0.07896670699119568,-0.4900706112384796,0.1928073614835739,0.48753199772309214,-0.11096193579841201,0.8
26.685,TRACK,-0.07896670699119568,-0.4900706112384796,0.1928073614835739,0.4884046741478371,-0.1070554728659169,0.8
26.705,TRACK,-0.07896670699119568,-0.4900706112384796,0.1928073614835739,0.48924634475108575,-0.10314074921049267,0.8
26.725,TRACK,-0.07896670699119568,-0.4900706112384796,0.1928073614835739,0.4900565529257108,-0.09921983135729469,0.8
26.745,TRACK,-0.07896670699119568,-0.4900706112384796,0.1928073614835739,0.49083827373575717,-0.0952774319348602,0.8
26.765,TRACK,-0.07896670699119568,-0.4900706112384796,0.1928073614835739,0.491581632444912,-0.09136464656964109,0.8
26.785,TRACK,-0.07896670699119568,-0.4900706112384796,0.1928073614835739,0.4922964687684097,-0.08743104047278756,0.8
26.805,TRACK,-0.07896670699119568,-0.4900706112384796,0.1928073614835739,0.4929776631973227,-0.0835046321380261,0.8
26.825,TRACK,-0.07896670699119568,-0.4900706112384796,0.1928073614835739,0.49363180640914606,-0.07954646253129885,0.8
26.845,TRACK,-0.07896670699119568,-0.4900706112384796,0.1928073614835739,0.4942519492550834,-0.0755976894987567,0.8
26.865,TRACK,-0.07896670699119568,-0.4900706112384796,0.1928073614835739,0.49484101711086104,-0.07164054567553574,0.8
26.885,TRACK,-0.07896670699119568,-0.4900706112384796,0.1928073614835739,0.49539926813185114,-0.06767248432284918,0.8
26.905,TRACK,-0.07896670699119568,-0.4900706112384796,0.1928073614835739,0.49592441843431856,-0.06371005572578747,0.8
26.925,TRACK,-0.07896670699119568,-0.4900706112384796,0.1928073614835739,0.49641812663602203,-0.05974147258967072,0.8
26.945,TRACK,-0.07896670699119568,-0.4900706112384796,0.1928073614835739,0.4968803271502521,-0.05576684042563683,0.8
26.965,TRACK,-0.07896670699119568,-0.4900706112384796,0.1928073614835739,0.4973109319915014,-0.05178645500267705,0.8
26.985,TRACK,-0.07896670699119568,-0.4900706112384796,0.1928073614835739,0.4977059345204778,-0.04784143333030373,0.8
27.005,TRACK,-0.07896670699119568,-0.4900706112384796,0.1928073614835739,0.498076029589656,-0.04382087114839372,0.8
27.025,TRACK,-0.07896670699119568,-0.4900706112384796,0.1928073614835739,0.4984097156880053,-0.03984664738471363,0.8
27.045,TRACK,-0.07896670699119568,-0.4900706112384796,0.1928073614835739,0.49871323027283004,-0.03584848603273501,0.8
27.065,TRACK,-0.07896670699119568,-0.4900706112384796,0.1928073614835739,0.49898221414727223,-0.03188651697325585,0.8
27.085,TRACK,-0.07896670699119568,-0.4900706112384796,0.1928073614835739,0.49922141314599444,-0.027892304611063276,0.8
27.105,TRACK,-0.07896670699119568,-0.4900706112384796,0.1928073614835739,0.49942853527570785,-0.023898496864050805,0.8
27.125,TRACK,-0.07896670699119568,-0.4900706112384796,0.1928073614835739,0.4996036388292609,-0.019904875497260464,0.8
27.145,TRACK,-0.07896670699119568,-0.4900706112384796,0.1928073614835739,0.49974755433053825,-0.01588653331113177,0.8
27.165,TRACK,-0.07896670699119568,-0.4900706112384796,0.1928073614835739,0.49985891961682694,-0.011876888460306342,0.8
27.185,TRACK,-0.07896670699119568,-0.4900706112384796,0.1928073614835739,0.4999380899154692,-0.007868052597197124,0.8
27.205,TRACK,-0.07896670699119568,-0.4900706112384796,0.1928073614835739,0.4999849233418261,-0.0038828379915048844,0.8
27.225,TRACK,-0.07896670699119568,-0.4900706112384796,0.1928073614835739,0.4999999853750007,0.00012093386260026428,0.8
27.245,TRACK,-0.07896670699119568,-0.4900706112384796,0.1928073614835739,0.49998303846141195,0.004118403925582077,0.8
27.265,TRACK,-0.07896670699119568,-0.4900706112384796,0.1928073614835739,0.49993416657386036,0.008113512932117808,0.8
27.285,TRACK,-0.07896670699119568,-0.4900706112384796,0.1928073614835739,0.49985321177128195,0.01211472995712178,0.8
27.305,TRACK,-0.07896670699119568,-0.4900706112384796,0.1928073614835739,0.4997406516484479,0.01610220761214566,0.8
27.325,TRACK,-0.07896670699119568,-0.4900706112384796,0.1928073614835739,0.4995956426056678,0.020104573843527512,0.8
27.345,TRACK,-0.07896670699119568,-0.4900706112384796,0.1928073614835739,0.4994184163473345,0.024109031774843918,0.8
27.365,TRACK,-0.07896670699119568,-0.4900706112384796,0.1928073614835739,0.4992093238275684,0.02810784594418365,0.8
27.385,TRACK,-0.07896670699119568,-0.4900706112384796,0.1928073614835739,0.49896926652663515,0.03208848799603564,0.8
27.405,TRACK,-0.07896670699119568,-0.4900706112384796,0.1928073614835739,0.49869602003164765,0.03608711133624463,0.8
27.425,TRACK,-0.07896670699119568,-0.4900706112384796,0.1928073614835739,0.49839121163707956,0.04007742709960005,0.8
27.445,TRACK,-0.07896670699119568,-0.4900706112384796,0.1928073614835739,0.498054147449172,0.0440688802748428,0.8
27.465,TRACK,-0.07896670699119568,-0.4900706112384796,0.1928073614835739,0.4976858324388373,0.04805010082883846,0.8
27.485,TRACK,-0.07896670699119568,-0.4900706112384796,0.1928073614835739,0.4972856938574397,0.05202824891080554,0.8
27.505,TRACK,-0.07896670699119568,-0.4900706112384796,0.1928073614835739,0.4968581512958528,0.0559640732154787,0.8
27.525,TRACK,-0.07896670699119568,-0.4900706112384796,0.1928073614835739,0.4963901418720667,0.059973552939854104,0.8
27.545,TRACK,-0.07896670699119568,-0.4900706112384796,0.1928073614835739,0.49589444416398,0.06394294525041304,0.8
27.565,TRACK,-0.07896670699119568,-0.4900706112384796,0.1928073614835739,0.4953664098251455,0.06791259100451072,0.8
27.585,TRACK,-0.07896670699119568,-0.4900706112384796,0.1928073614835739,0.49481021076412346,0.07185301193105069,0.8
27.605,TRACK,-0.07896670699119568,-0.4900706112384796,0.1928073614835739,0.49421804119508866,0.07581904613808874,0.8
27.625,TRACK,-0.07896670699119568,-0.4900706112384796,0.1928073614835739,0.493596707981776,0.07976396347695709,0.8
27.645,TRACK,-0.07896670699119568,-0.4900706112384796,0.1928073614835739,0.49294177085209967,0.08371625020983708,0.8
27.665,TRACK,-0.07896670699119568,-0.4900706112384796,0.1928073614835739,0.49225441030190953,0.08766752841456912,0.8
27.685,TRACK,-0.07896670699119568,-0.4900706112384796,0.1928073614835739,0.4915395886494396,0.09159057151442895,0.8
27.705,TRACK,-0.07896670699119568,-0.4900706112384796,0.1928073614835739,0.49078912102236577,0.09553030244950338,0.8
27.725,TRACK,-0.07896670699119568,-0.4900706112384796,0.1928073614835739,0.49000960914898284,0.09945140995310756,0.8
27.746,TRACK,-0.07896670699119568,-0.4900706112384796,0.1928073614835739,0.48920041670929687,0.1033583682700645,0.8
27.765,TRACK,-0.07896670699119568,-0.4900706112384796,0.1928073614835739,0.4882593287016912,0.10771642370490152,0.8
27.785,TRACK,-0.07896670699119568,-0.4900706112384796,0.1928073614835739,0.4874863015084247,0.11116251995001385,0.8
27.805,TRACK,-0.07896670699119568,-0.4900706112384796,0.1928073614835739,0.48650343738681107,0.1153880644209669,0.8
27.825,TRACK,-0.07896670699119568,-0.4900706112384796,0.1928073614835739,0.48563325299328847,0.11899724193088117,0.8
27.846,TRACK,-0.07896670699119568,-0.4900706112384796,0.1928073614835739,0.48466805444770084,0.12286934930193333,0.8
27.877,TRACK,-0.07896670699119568,-0.4900706112384796,0.1928073614835739,0.4836788350915399,0.12670747604025165,0.8
27.885,TRACK,-0.07896670699119568,-0.4900706112384796,0.1928073614835739,0.48251709252416264,0.13106202891008764,0.8
27.905,TRACK,-0.07896670699119568,-0.4900706112384796,0.1928073614835739,0.48159266862772065,0.13441912633264086,0.8
27.925,TRACK,-0.07896670699119568,-0.4900706112384796,0.1928073614835739,0.48050328860222824,0.13826275580373684,0.8
27.945,TRACK,-0.07896670699119568,-0.4900706112384796,0.1928073614835739,0.4793795737342201,0.1421099021405526,0.8
27.965,TRACK,-0.07896670699119568,-0.4900706112384796,0.1928073614835739,0.47822848111522437,0.14593669809278775,0.8
27.985,TRACK,-0.07896670699119568,-0.4900706112384796,0.1928073614835739,0.47704731173680737,0.14975267064291478,0.8
28.005,TRACK,-0.07896670699119568,-0.4900706112384796,0.1928073614835739,0.475833936374282,0.15356453039213114,0.8
28.025,TRACK,-0.07896670699119568,-0.4900706112384796,0.1928073614835739,0.47458310874663456,0.15738765165151947,0.8
28.045,TRACK,-0.07896670699119568,-0.4900706112384796,0.1928073614835739,0.47330685268796957,0.16118505885660958,0.8
28.065,TRACK,-0.07896670699119568,-0.4900706112384796,0.1928073614835739,0.4720009042209632,0.16497013794803334,0.8
28.085,TRACK,-0.07896670699119568,-0.4900706112384796,0.1928073614835739,0.4706662959189962,0.16874014900399922,0.8
28.105,TRACK,-0.07896670699119568,-0.4900706112384796,0.1928073614835739,0.46929914119549876,0.17250598851392754,0.8
28.125,TRACK,-0.07896670699119568,-0.4900706112384796,0.1928073614835739,0.4679101596207635,0.17623870892534266,0.8
28.145,TRACK,-0.07896670699119568,-0.4900706112384796,0.1928073614835739,0.46647715716134874,0.179997393999653,0.8
28.165,TRACK,-0.07896670699119568,-0.4900706112384796,0.1928073614835739,0.4650194641304965,0.18373050367259613,0.8
28.185,TRACK,-0.07896670699119568,-0.4900706112384796,0.1928073614835739,0.4635421927684341,0.18742634692975232,0.8
28.205,TRACK,-0.07896670699119568,-0.4900706112384796,0.1928073614835739,0.4620294608103962,0.19112503065599373,0.8
28.225,TRACK,-0.07896670699119568,-0.4900706112384796,0.1928073614835739,0.4604845973276009,0.19481769843635166,0.8
28.245,TRACK,-0.07896670699119568,-0.4900706112384796,0.1928073614835739,0.4589114141702881,0.1984951232252982,0.8
28.265,TRACK,-0.07896670699119568,-0.4900706112384796,0.1928073614835739,0.45730225059475677,0.20217480456518383,0.8
28.285,TRACK,-0.07896670699119568,-0.4900706112384796,0.1928073614835739,0.45567561562236125,0.20581480346948341,0.8
28.305,TRACK,-0.07896670699119568,-0.4900706112384796,0.1928073614835739,0.4540225644499211,0.20943617397746078,0.8
28.325,TRACK,-0.07896670699119568,-0.4900706112384796,0.1928073614835739,0.45232561652490727,0.21307636338966027,0.8
28.345,TRACK,-0.07896670699119568,-0.4900706112384796,0.1928073614835739,0.45060469124536934,0.21669197545748056,0.8
28.365,TRACK,-0.07896670699119568,-0.4900706112384796,0.1928073614835739,0.4488555378416869,0.2202923197681889,0.8
28.385,TRACK,-0.07896670699119568,-0.4900706112384796,0.1928073614835739,0.44708549629372374,0.2238628129095914,0.8
28.405,TRACK,-0.07896670699119568,-0.4900706112384796,0.1928073614835739,0.44527573136611115,0.22744125187919365,0.8
28.425,TRACK,-0.07896670699119568,-0.4900706112384796,0.1928073614835739,0.443447018425966,0.23098645382169264,0.8
28.445,TRACK,-0.07896670699119568,-0.4900706112384796,0.1928073614835739,0.4415726560495413,0.23454975896247143,0.8
28.465,TRACK,-0.07896670699119568,-0.4900706112384796,0.1928073614835739,0.4396910721511827,0.2380583144327109,0.8
28.485,TRACK,-0.07896670699119568,-0.4900706112384796,0.1928073614835739,0.4377793076398408,0.241555951701426,0.8
28.505,TRACK,-0.07896670699119568,-0.4900706112384796,0.1928073614835739,0.4358329904944879,0.2450502079097906,0.8
28.525,TRACK,-0.07896670699119568,-0.4900706112384796,0.1928073614835739,0.43385181513797605,0.2485409473336003,0.8
28.545,TRACK,-0.07896670699119568,-0.4900706112384796,0.1928073614835739,0.4318475606582539,0.25200731011920213,0.8
28.565,TRACK,-0.07896670699119568,-0.4900706112384796,0.1928073614835739,0.4298182181835154,0.25545312548009264,0.8
28.585,TRACK,-0.07896670699119568,-0.4900706112384796,0.1928073614835739,0.42775873957105054,0.2588869651422917,0.8
28.605,TRACK,-0.07896670699119568,-0.4900706112384796,0.1928073614835739,0.4256728040293656,0.2623026189533329,0.8
28.625,TRACK,-0.07896670699119568,-0.4900706112384796,0.1928073614835739,0.4235654736957477,0.2656920952774035,0.8
28.645,TRACK,-0.07896670699119568,-0.4900706112384796,0.1928073614835739,0.4214289223673014,0.26906813893944237,0.8
28.665,TRACK,-0.07896670699119568,-0.4900706112384796,0.1928073614835739,0.41926068225778024,0.2724343596405208,0.8
28.685,TRACK,-0.07896670699119568,-0.4900706112384796,0.1928073614835739,0.4170691314773538,0.2757776995493395,0.8
28.705,TRACK,-0.07896670699119568,-0.4900706112384796,0.1928073614835739,0.41484519745285536,0.2791119168905216,0.8
28.725,TRACK,-0.07896670699119568,-0.4900706112384796,0.1928073614835739,0.41259083812079755,0.282433709565232,0.8
28.745,TRACK,-0.07896670699119568,-0.4900706112384796,0.1928073614835739,0.4103275107921314,0.2857119771502995,0.8
28.765,TRACK,-0.07896670699119568,-0.4900706112384796,0.1928073614835739,0.4080266165947882,0.28898837372844205,0.8
28.785,TRACK,-0.07896670699119568,-0.4900706112384796,0.1928073614835739,0.4057028781405584,0.2922416374654153,0.8
28.805,TRACK,-0.07896670699119568,-0.4900706112384796,0.1928073614835739,0.40335258156763515,0.2954770633107149,0.8
28.825,TRACK,-0.07896670699119568,-0.4900706112384796,0.1928073614835739,0.4009789332910319,0.29869029956927995,0.8
28.845,TRACK,-0.07896670699119568,-0.4900706112384796,0.1928073614835739,0.39857315256221615,0.3018930970668531,0.8
28.865,TRACK,-0.07896670699119568,-0.4900706112384796,0.1928073614835739,0.3961464744499681,0.30507043576993953,0.8
28.885,TRACK,-0.07896670699119568,-0.4900706112384796,0.1928073614835739,0.3936954673497545,0.3082269926340948,0.8
28.905,TRACK,-0.07896670699119568,-0.4900706112384796,0.1928073614835739,0.39121066785992425,0.31137471533923883,0.8
28.925,TRACK,-0.07896670699119568,-0.4900706112384796,0.1928073614835739,0.388720046899711,0.31447849710001874,0.8
28.945,TRACK,-0.07896670699119568,-0.4900706112384796,0.1928073614835739,0.38617942168748504,0.31759322137778634,0.8
28.965,TRACK,-0.07896670699119568,-0.4900706112384796,0.1928073614835739,0.3836372346558192,0.3206594333333044,0.8
28.985,TRACK,-0.07896670699119568,-0.4900706112384796,0.1928073614835739,0.3810578294865211,0.32372045129559146,0.8
29.005,TRACK,-0.07896670699119568,-0.4900706112384796,0.1928073614835739,0.3784516018022317,0.32676350024647044,0.8
29.025,TRACK,-0.07896670699119568,-0.4900706112384796,0.1928073614835739,0.37582522511129934,0.3297808365718681,0.8
29.045,TRACK,-0.07896670699119568,-0.4900706112384796,0.1928073614835739,0.3731761569881539,0.3327755337394153,0.8
29.065,TRACK,-0.07896670699119568,-0.4900706112384796,0.1928073614835739,0.37050028101793625,0.33575220291999613,0.8
29.085,TRACK,-0.07896670699119568,-0.4900706112384796,0.1928073614835739,0.36780302010955435,0.3387047953576843,0.8
29.105,TRACK,-0.07896670699119568,-0.4900706112384796,0.1928073614835739,0.3650827187925782,0.34163519789245844,0.8
29.125,TRACK,-0.07896670699119568,-0.4900706112384796,0.1928073614835739,0.36233115179569686,0.3445520808795147,0.8
29.145,TRACK,-0.07896670699119568,-0.4900706112384796,0.1928073614835739,0.3595771882369994,0.3474251656106297,0.8
29.165,TRACK,-0.07896670699119568,-0.4900706112384796,0.1928073614835739,0.3567736515952745,0.35030352771185974,0.8
29.185,TRACK,-0.07896670699119568,-0.4900706112384796,0.1928073614835739,0.3539707173075805,0.35313557069312196,0.8
29.205,TRACK,-0.07896670699119568,-0.4900706112384796,0.1928073614835739,0.3511314870628695,0.3559588161473429,0.8
29.225,TRACK,-0.07896670699119568,-0.4900706112384796,0.1928073614835739,0.34827210029261546,0.3587569430098467,0.8
29.245,TRACK,-0.07896670699119568,-0.4900706112384796,0.1928073614835739,0.34538579616520493,0.3615365151783807,0.8
29.265,TRACK,-0.07896670699119568,-0.4900706112384796,0.1928073614835739,0.34250534443005193,0.3642665082557708,0.8
29.285,TRACK,-0.07896670699119568,-0.4900706112384796,0.1928073614835739,0.339582421090423,0.3669928872422007,0.8
29.305,TRACK,-0.07896670699119568,-0.4900706112384796,0.1928073614835739,0.33663585709286864,0.3696975787307103,0.8
29.325,TRACK,-0.07896670699119568,-0.4900706112384796,0.1928073614835739,0.3336482546582145,0.3723960823686619,0.8
29.345,TRACK,-0.07896670699119568,-0.4900706112384796,0.1928073614835739,0.33064907266552407,0.3750615826040158,0.8
29.365,TRACK,-0.07896670699119568,-0.4900706112384796,0.1928073614835739,0.32766285109694115,0.3776732132558831,0.8
29.385,TRACK,-0.07896670699119568,-0.4900706112384796,0.1928073614835739,0.32463707183856333,0.3802772299100795,0.8
29.405,TRACK,-0.07896670699119568,-0.4900706112384796,0.1928073614835739,0.32155886848935933,0.38288365608346736,0.8
29.425,TRACK,-0.07896670699119568,-0.4900706112384796,0.1928073614835739,0.3185107608731529,0.38542300814560254,0.8
29.445,TRACK,-0.07896670699119568,-0.4900706112384796,0.1928073614835739,0.31541167054077746,0.38796324321599857,0.8
29.465,TRACK,-0.07896670699119568,-0.4900706112384796,0.1928073614835739,0.3123009983472489,0.39047162051973977,0.8
29.485,TRACK,-0.07896670699119568,-0.4900706112384796,0.1928073614835739,0.3091462440099479,0.39297404470847913,0.8
29.505,TRACK,-0.07896670699119568,-0.4900706112384796,0.1928073614835739,0.3059941040369389,0.3954334435712678,0.8
29.525,TRACK,-0.07896670699119568,-0.4900706112384796,0.1928073614835739,0.302815189919711,0.3978730460258515,0.8
29.545,TRACK,-0.07896670699119568,-0.4900706112384796,0.1928073614835739,0.2995917070870594,0.4003058943416417,0.8
29.565,TRACK,-0.07896670699119568,-0.4900706112384796,0.1928073614835739,0.296396684360174,0.4026772969764938,0.8
29.585,TRACK,-0.07896670699119568,-0.4900706112384796,0.1928073614835739,0.29318018792712247,0.40502515651131743,0.8
29.605,TRACK,-0.07896670699119568,-0.4900706112384796,0.1928073614835739,0.2899408208845237,0.4073503656372589,0.8
29.625,TRACK,-0.07896670699119568,-0.4900706112384796,0.1928073614835739,0.2866760204168865,0.40965456096318137,0.8
29.645,TRACK,-0.07896670699119568,-0.4900706112384796,0.1928073614835739,0.2833701233989859,0.4119482651557639,0.8
29.665,TRACK,-0.07896670699119568,-0.4900706112384796,0.1928073614835739,0.2800677988709767,0.41420046841543545,0.8
29.685,TRACK,-0.07896670699119568,-0.4900706112384796,0.1928073614835739,0.27675285678389644,0.4164226894177983,0.8
29.705,TRACK,-0.07896670699119568,-0.4900706112384796,0.1928073614835739,0.27341066179798695,0.4186246648433257,0.8
29.725,TRACK,-0.07896670699119568,-0.4900706112384796,0.1928073614835739,0.27005331549186323,0.4207982970401047,0.8
29.745,TRACK,-0.07896670699119568,-0.4900706112384796,0.1928073614835739,0.2666730426582675,0.4229485646262224,0.8
29.765,TRACK,-0.07896670699119568,-0.4900706112384796,0.1928073614835739,0.2633092141656442,0.4250508884068717,0.8
29.785,TRACK,-0.07896670699119568,-0.4900706112384796,0.1928073614835739,0.25990290560548157,0.427142224157046,0.8
29.805,TRACK,-0.07896670699119568,-0.4900706112384796,0.1928073614835739,0.2564767948357114,0.4292081706011669,0.8
29.825,TRACK,-0.07896670699119568,-0.4900706112384796,0.1928073614835739,0.2530387869596705,0.4312439823278447,0.8
29.845,TRACK,-0.07896670699119568,-0.4900706112384796,0.1928073614835739,0.2495727622021707,0.43325908688310133,0.8
29.865,TRACK,-0.07896670699119568,-0.4900706112384796,0.1928073614835739,0.2460684006470559,0.435258936959369,0.8
29.885,TRACK,-0.07896670699119568,-0.4900706112384796,0.1928073614835739,0.24261401961524487,0.43719382141806806,0.8
29.905,TRACK,-0.07896670699119568,-0.4900706112384796,0.1928073614835739,0.23908696933600815,0.4391325780373425,0.8
29.925,TRACK,-0.07896670699119568,-0.4900706112384796,0.1928073614835739,0.2355664249868524,0.4410311320291501,0.8
29.945,TRACK,-0.07896670699119568,-0.4900706112384796,0.1928073614835739,0.23201019299572875,0.4429122603248692,0.8
29.965,TRACK,-0.07896670699119568,-0.4900706112384796,0.1928073614835739,0.22847037000227355,0.44474856945360064,0.8
29.985,TRACK,-0.07896670699119568,-0.4900706112384796,0.1928073614835739,0.22491797311780068,0.4465556016540161,0.8
30.005,TRACK,-0.07896670699119568,-0.4900706112384796,0.1928073614835739,0.22133324162846227,0.4483431678415951,0.8
30.025,TRACK,-0.07896670699119568,-0.4900706112384796,0.1928073614835739,0.21773533455944089,0.4501014597668934,0.8
30.045,TRACK,-0.07896670699119568,-0.4900706112384796,0.1928073614835739,0.21414560859449822,0.4518203828068096,0.8
30.065,TRACK,-0.07896670699119568,-0.4900706112384796,0.1928073614835739,0.21050866445874433,0.4535262971292798,0.8
30.085,TRACK,-0.07896670699119568,-0.4900706112384796,0.1928073614835739,0.20689559543737404,0.45518590991880936,0.8
30.105,TRACK,-0.07896670699119568,-0.4900706112384796,0.1928073614835739,0.20325240928373262,0.4568243186612968,0.8
30.125,TRACK,-0.07896670699119568,-0.4900706112384796,0.1928073614835739,0.1995805105968479,0.4584404211998561,0.8
30.145,TRACK,-0.07896670699119568,-0.4900706112384796,0.1928073614835739,0.1959126097750592,0.46001983580181127,0.8
30.165,TRACK,-0.07896670699119568,-0.4900706112384796,0.1928073614835739,0.19220500734638693,0.4615812335342235,0.8
30.185,TRACK,-0.07896670699119568,-0.4900706112384796,0.1928073614835739,0.18853570757711016,0.46309209339870877,0.8
30.205,TRACK,-0.07896670699119568,-0.4900706112384796,0.1928073614835739,0.18481350538518126,0.4645901077587012,0.8
30.225,TRACK,-0.07896670699119568,-0.4900706112384796,0.1928073614835739,0.1810940694095992,0.4660525056521757,0.8
30.245,TRACK,-0.07896670699119568,-0.4900706112384796,0.1928073614835739,0.17736007605325896,0.46748626014288613,0.8
30.265,TRACK,-0.07896670699119568,-0.4900706112384796,0.1928073614835739,0.1735928660910226,0.46889819453939496,0.8
30.285,TRACK,-0.07896670699119568,-0.4900706112384796,0.1928073614835739,0.1698631229375931,0.470262181624132,0.8
30.305,TRACK,-0.07896670699119568,-0.4900706112384796,0.1928073614835739,0.16609905178126147,0.47160481867487936,0.8
30.325,TRACK,-0.07896670699119568,-0.4900706112384796,0.1928073614835739,0.16225098847978559,0.4729425089134328,0.8
30.345,TRACK,-0.07896670699119568,-0.4900706112384796,0.1928073614835739,0.15849395798583651,0.4742147881308468,0.8
30.365,TRACK,-0.07896670699119568,-0.4900706112384796,0.1928073614835739,0.15469607353292336,0.47546726999184324,0.8
30.385,TRACK,-0.07896670699119568,-0.4900706112384796,0.1928073614835739,0.1508748821395081,0.47669358076167706,0.8
30.405,TRACK,-0.07896670699119568,-0.4900706112384796,0.1928073614835739,0.14709875144053491,0.4778723232461111,0.8
30.425,TRACK,-0.07896670699119568,-0.4900706112384796,0.1928073614835739,0.14327005941517634,0.47903412203638673,0.8
30.445,TRACK,-0.07896670699119568,-0.4900706112384796,0.1928073614835739,0.13943668076596677,0.48016394289551756,0.8
30.465,TRACK,-0.07896670699119568,-0.4900706112384796,0.1928073614835739,0.1355530406441892,0.4812747377248413,0.8
30.485,TRACK,-0.07896670699119568,-0.4900706112384796,0.1928073614835739,0.1317387532583771,0.48233276986944235,0.8
30.505,TRACK,-0.07896670699119568,-0.4900706112384796,0.1928073614835739,0.1278499209432082,0.4833781105044119,0.8
30.525,TRACK,-0.07896670699119568,-0.4900706112384796,0.1928073614835739,0.12397575478686683,0.4843862221668022,0.8
30.545,TRACK,-0.07896670699119568,-0.4900706112384796,0.1928073614835739,0.12009891836801333,0.4853619781223425,0.8
30.565,TRACK,-0.07896670699119568,-0.4900706112384796,0.1928073614835739,0.11620823602496563,0.4863081799435065,0.8
30.585,TRACK,-0.07896670699119568,-0.4900706112384796,0.1928073614835739,0.1123145153432626,0.48722217687950947,0.8
30.605,TRACK,-0.07896670699119568,-0.4900706112384796,0.1928073614835739,0.1084042051441588,0.48810708692566956,0.8
30.625,TRACK,-0.07896670699119568,-0.4900706112384796,0.1928073614835739,0.10450781572123047,0.48895614982652313,0.8
30.645,TRACK,-0.07896670699119568,-0.4900706112384796,0.1928073614835739,0.10057301645735216,0.48978063289667667,0.8
30.665,TRACK,-0.07896670699119568,-0.4900706112384796,0.1928073614835739,0.09666193793338128,0.4905674976544646,0.8
30.685,TRACK,-0.07896670699119568,-0.4900706112384796,0.1928073614835739,0.0927708981411867,0.4913181865737086,0.8
30.705,TRACK,-0.07896670699119568,-0.4900706112384796,0.1928073614835739,0.08882926470758559,0.4920460971611397,0.8
30.725,TRACK,-0.07896670699119568,-0.4900706112384796,0.1928073614835739,0.08487426299647635,0.49274370567345144,0.8
30.746,TRACK,-0.07896670699119568,-0.4900706112384796,0.1928073614835739,0.08091990281023419,0.49340852174357736,0.8
30.765,TRACK,-0.07896670699119568,-0.4900706112384796,0.1928073614835739,0.07672550596597262,0.4940781281682741,0.8
30.785,TRACK,-0.07896670699119568,-0.4900706112384796,0.1928073614835739,0.07302313677415492,0.49463887988679484,0.8
30.805,TRACK,-0.07896670699119568,-0.4900706112384796,0.1928073614835739,0.06908347567565479,0.4952044763414111,0.8
30.825,TRACK,-0.07896670699119568,-0.4900706112384796,0.1928073614835739,0.06509589455051848,0.4957444145047605,0.8
30.845,TRACK,-0.07896670699119568,-0.4900706112384796,0.1928073614835739,0.06112596189905356,0.49624955091356554,0.8
30.865,TRACK,-0.07896670699119568,-0.4900706112384796,0.1928073614835739,0.057154150349913294,0.49672266215442545,0.8
30.885,TRACK,-0.07896670699119568,-0.4900706112384796,0.1928073614835739,0.05318190523609216,0.497163640017509,0.8
30.905,TRACK,-0.07896670699119568,-0.4900706112384796,0.1928073614835739,0.04920028319655953,0.497573443959159,0.8
30.925,TRACK,-0.07896670699119568,-0.4900706112384796,0.1928073614835739,0.045221919078697756,0.49795077872701404,0.8
30.945,TRACK,-0.07896670699119568,-0.4900706112384796,0.1928073614835739,0.04123239752636115,0.49829698914826703,0.8
30.965,TRACK,-0.07896670699119568,-0.4900706112384796,0.1928073614835739,0.03724508136747569,0.49861087424356293,0.8
30.985,TRACK,-0.07896670699119568,-0.4900706112384796,0.1928073614835739,0.033281978065915194,0.49889108023297024,0.8
31.005,TRACK,-0.07896670699119568,-0.4900706112384796,0.1928073614835739,0.0292723132948783,0.49914239619007167,0.8
31.025,TRACK,-0.07896670699119568,-0.4900706112384796,0.1928073614835739,0.025271616633947648,0.49936093699117756,0.8
31.045,TRACK,-0.07896670699119568,-0.4900706112384796,0.1928073614835739,0.02130102576404714,0.4995460602400938,0.8
31.065,TRACK,-0.07896670699119568,-0.4900706112384796,0.1928073614835739,0.01730702436737181,0.4997003771336852,0.8
31.085,TRACK,-0.07896670699119568,-0.4900706112384796,0.1928073614835739,0.0132794558645183,0.49982362494378185,0.8
31.105,TRACK,-0.07896670699119568,-0.4900706112384796,0.1928073614835739,0.009302991217398176,0.49991344686296346,0.8
31.125,TRACK,-0.07896670699119568,-0.4900706112384796,0.1928073614835739,0.005310250809271259,0.4999718004411275,0.8
31.145,TRACK,-0.07896670699119568,-0.4900706112384796,0.1928073614835739,0.0013095423370450474,0.4999982850959266,0.8
31.165,TRACK,-0.07896670699119568,-0.4900706112384796,0.1928073614835739,-0.002714137828469738,0.4999926334015813,0.8
31.185,TRACK,-0.07896670699119568,-0.4900706112384796,0.1928073614835739,-0.006691774628101229,0.49995521814691235,0.8
31.205,TRACK,-0.07896670699119568,-0.4900706112384796,0.1928073614835739,-0.010685768732496128,0.49988580130525373,0.8
31.225,TRACK,-0.07896670699119568,-0.4900706112384796,0.1928073614835739,-0.014691473211484658,0.49978411400811473,0.8
31.245,TRACK,-0.07896670699119568,-0.4900706112384796,0.1928073614835739,-0.018709195038743826,0.4996498434113657,0.8
31.265,TRACK,-0.07896670699119568,-0.4900706112384796,0.1928073614835739,-0.022704843591588877,0.49948422405265364,0.8
31.285,TRACK,-0.07896670699119568,-0.4900706112384796,0.1928073614835739,-0.026705563049794174,0.49928630353955583,0.8
31.305,TRACK,-0.07896670699119568,-0.4900706112384796,0.1928073614835739,-0.030702759990968706,0.49905645024279266,0.8
31.325,TRACK,-0.07896670699119568,-0.4900706112384796,0.1928073614835739,-0.034690900471407105,0.4987950896154481,0.8
31.345,TRACK,-0.07896670699119568,-0.4900706112384796,0.1928073614835739,-0.038680199800096085,0.49850159693166946,0.8
31.365,TRACK,-0.07896670699119568,-0.4900706112384796,0.1928073614835739,-0.04266958902367746,0.4981759791203812,0.8
31.385,TRACK,-0.07896670699119568,-0.4900706112384796,0.1928073614835739,-0.0466525881385671,0.4978187782918331,0.8
31.405,TRACK,-0.07896670699119568,-0.4900706112384796,0.1928073614835739,-0.050628713037715795,0.4974301291801137,0.8
31.425,TRACK,-0.07896670699119568,-0.4900706112384796,0.1928073614835739,-0.05460748309003617,0.4970090771712036,0.8
31.445,TRACK,-0.07896670699119568,-0.4900706112384796,0.1928073614835739,-0.05860065680011366,0.4965540887180321,0.8
31.465,TRACK,-0.07896670699119568,-0.4900706112384796,0.1928073614835739,-0.06255607658491702,0.496071302619192,0.8
31.485,TRACK,-0.07896670699119568,-0.4900706112384796,0.1928073614835739,-0.06652075597712445,0.4955552330711803,0.8
31.505,TRACK,-0.07896670699119568,-0.4900706112384796,0.1928073614835739,-0.0704833535779595,0.4950071685020373,0.8
31.525,TRACK,-0.07896670699119568,-0.4900706112384796,0.1928073614835739,-0.07441489268695749,0.49443141460306567,0.8
31.545,TRACK,-0.07896670699119568,-0.4900706112384796,0.1928073614835739,-0.07839673840310356,0.49381570591441837,0.8
31.565,TRACK,-0.07896670699119568,-0.4900706112384796,0.1928073614835739,-0.08232768361021982,0.4931755798003137,0.8
31.585,TRACK,-0.07896670699119568,-0.4900706112384796,0.1928073614835739,-0.08624922502889705,0.4925048945766069,0.8
31.605,TRACK,-0.07896670699119568,-0.4900706112384796,0.1928073614835739,-0.0901923211422541,0.4917980736104733,0.8
31.625,TRACK,-0.07896670699119568,-0.4900706112384796,0.1928073614835739,-0.09412368021670474,0.4910608239540836,0.8
31.645,TRACK,-0.07896670699119568,-0.4900706112384796,0.1928073614835739,-0.09804882867485637,0.49029218553377807,0.8
31.665,TRACK,-0.07896670699119568,-0.4900706112384796,0.1928073614835739,-0.10197106402464554,0.4894914729611555,0.8
31.685,TRACK,-0.07896670699119568,-0.4900706112384796,0.1928073614835739,-0.10588186976506855,0.4886604441276714,0.8
31.705,TRACK,-0.07896670699119568,-0.4900706112384796,0.1928073614835739,-0.10978762665579309,0.48779778293191145,0.8
31.725,TRACK,-0.07896670699119568,-0.4900706112384796,0.1928073614835739,-0.11371041059894949,0.48689828765504845,0.8
31.745,TRACK,-0.07896670699119568,-0.4900706112384796,0.1928073614835739,-0.11760534253133728,0.48597220435749905,0.8
31.765,TRACK,-0.07896670699119568,-0.4900706112384796,0.1928073614835739,-0.12148274346502273,0.48501746673724183,0.8
31.785,TRACK,-0.07896670699119568,-0.4900706112384796,0.1928073614835739,-0.12535742738702643,0.48403049015419103,0.8
31.805,TRACK,-0.07896670699119568,-0.4900706112384796,0.1928073614835739,-0.12923888117935767,0.48300860405536034,0.8
31.825,TRACK,-0.07896670699119568,-0.4900706112384796,0.1928073614835739,-0.13309495454492773,0.4819603023846296,0.8
31.845,TRACK,-0.07896670699119568,-0.4900706112384796,0.1928073614835739,-0.1370313560132028,0.48085591133850364,0.8
31.865,TRACK,-0.07896670699119568,-0.4900706112384796,0.1928073614835739,-0.1407915094994928,0.47976843461492363,0.8
31.885,TRACK,-0.07896670699119568,-0.4900706112384796,0.1928073614835739,-0.14462665902340907,0.47862629420010616,0.8
31.905,TRACK,-0.07896670699119568,-0.4900706112384796,0.1928073614835739,-0.14844466768543982,0.47745594627751714,0.8
31.925,TRACK,-0.07896670699119568,-0.4900706112384796,0.1928073614835739,-0.15225847603710366,0.47625345822876575,0.8
31.945,TRACK,-0.07896670699119568,-0.4900706112384796,0.1928073614835739,-0.15608383680111737,0.47501351127040814,0.8
31.965,TRACK,-0.07896670699119568,-0.4900706112384796,0.1928073614835739,-0.15985261091260164,0.47375852792791434,0.8
31.985,TRACK,-0.07896670699119568,-0.4900706112384796,0.1928073614835739,-0.1636217044923384,0.47247003907022705,0.8
32.005,TRACK,-0.07896670699119568,-0.4900706112384796,0.1928073614835739,-0.1674208524541445,0.4711371967522068,0.8
32.025,TRACK,-0.07896670699119568,-0.4900706112384796,0.1928073614835739,-0.1711778732899923,0.46978520165700766,0.8
32.045,TRACK,-0.07896670699119568,-0.4900706112384796,0.1928073614835739,-0.1749404163094373,0.4683971079559317,0.8
32.065,TRACK,-0.07896670699119568,-0.4900706112384796,0.1928073614835739,-0.17868382204279362,0.46698189658720096,0.8
32.085,TRACK,-0.07896670699119568,-0.4900706112384796,0.1928073614835739,-0.18240841070782146,0.4655396564236464,0.8
32.105,TRACK,-0.07896670699119568,-0.4900706112384796,0.1928073614835739,-0.18613485809617003,0.46406229603526145,0.8
32.125,TRACK,-0.07896670699119568,-0.4900706112384796,0.1928073614835739,-0.1898365046108551,0.4625603760776887,0.8
32.145,TRACK,-0.07896670699119568,-0.4900706112384796,0.1928073614835739,-0.19352590161793695,0.46102898542604087,0.8
32.165,TRACK,-0.07896670699119568,-0.4900706112384796,0.1928073614835739,-0.1971873469745568,0.45947486350521477,0.8
32.185,TRACK,-0.07896670699119568,-0.4900706112384796,0.1928073614835739,-0.20087963086031568,0.45787266123391046,0.8
32.205,TRACK,-0.07896670699119568,-0.4900706112384796,0.1928073614835739,-0.2045377078959484,0.4562502888203707,0.8
32.225,TRACK,-0.07896670699119568,-0.4900706112384796,0.1928073614835739,-0.20817930176447974,0.45460024011966127,0.8
32.245,TRACK,-0.07896670699119568,-0.4900706112384796,0.1928073614835739,-0.21182525174625425,0.45291286438192063,0.8
32.265,TRACK,-0.07896670699119568,-0.4900706112384796,0.1928073614835739,-0.21543321419113637,0.45120785700525645,0.8
32.285,TRACK,-0.07896670699119568,-0.4900706112384796,0.1928073614835739,-0.21902526789277724,0.4494751739801623,0.8
32.305,TRACK,-0.07896670699119568,-0.4900706112384796,0.1928073614835739,-0.22261436031708443,0.44770843925552184,0.8
32.325,TRACK,-0.07896670699119568,-0.4900706112384796,0.1928073614835739,-0.22619290252577612,0.4459111692332507,0.8
32.345,TRACK,-0.07896670699119568,-0.4900706112384796,0.1928073614835739,-0.22975126059726061,0.44408823251012813,0.8
32.365,TRACK,-0.07896670699119568,-0.4900706112384796,0.1928073614835739,-0.23329391616297715,0.4422374347353939,0.8
32.385,TRACK,-0.07896670699119568,-0.4900706112384796,0.1928073614835739,-0.23682136947313462,0.44035853456117896,0.8
32.405,TRACK,-0.07896670699119568,-0.4900706112384796,0.1928073614835739,-0.24032298715587674,0.43845736605110913,0.8
32.425,TRACK,-0.07896670699119568,-0.4900706112384796,0.1928073614835739,-0.24382678661227467,0.43651861143636506,0.8
32.445,TRACK,-0.07896670699119568,-0.4900706112384796,0.1928073614835739,-0.24732969989101794,0.4345434610620887,0.8
32.465,TRACK,-0.07896670699119568,-0.4900706112384796,0.1928073614835739,-0.25077358903215585,0.432565147745321,0.8
32.485,TRACK,-0.07896670699119568,-0.4900706112384796,0.1928073614835739,-0.2542425922910473,0.43053536935439846,0.8
32.505,TRACK,-0.07896670699119568,-0.4900706112384796,0.1928073614835739,-0.25765712312157835,0.42850064982997615,0.8
32.525,TRACK,-0.07896670699119568,-0.4900706112384796,0.1928073614835739,-0.2610796902104912,0.4264239619904045,0.8
32.545,TRACK,-0.07896670699119568,-0.4900706112384796,0.1928073614835739,-0.26450963791171794,0.4243049038743388,0.8
32.565,TRACK,-0.07896670699119568,-0.4900706112384796,0.1928073614835739,-0.26789553318949194,0.42217529925034436,0.8
32.585,TRACK,-0.07896670699119568,-0.4900706112384796,0.1928073614835739,-0.27126143969656497,0.42002051299162385,0.8
32.605,TRACK,-0.07896670699119568,-0.4900706112384796,0.1928073614835739,-0.2746177060460547,0.4178338372200159,0.8
32.625,TRACK,-0.07896670699119568,-0.4900706112384796,0.1928073614835739,-0.2779374789213614,0.41563296044808307,0.8
32.645,TRACK,-0.07896670699119568,-0.4900706112384796,0.1928073614835739,-0.28124012669213805,0.41340535934865447,0.8
32.665,TRACK,-0.07896670699119568,-0.4900706112384796,0.1928073614835739,-0.28455962193686263,0.41112750037324164,0.8
32.685,TRACK,-0.07896670699119568,-0.4900706112384796,0.1928073614835739,-0.28783602777421746,0.40884033694727323,0.8
32.705,TRACK,-0.07896670699119568,-0.4900706112384796,0.1928073614835739,-0.29109571839060616,0.40652586969915816,0.8
32.725,TRACK,-0.07896670699119568,-0.4900706112384796,0.1928073614835739,-0.29434655152610434,0.40417831164560325,0.8
32.745,TRACK,-0.07896670699119568,-0.4900706112384796,0.1928073614835739,-0.29758680703051515,0.40179857177618605,0.8
32.765,TRACK,-0.07896670699119568,-0.4900706112384796,0.1928073614835739,-0.3007882835926226,0.3994075718528681,0.8
32.785,TRACK,-0.07896670699119568,-0.4900706112384796,0.1928073614835739,-0.30394192724765146,0.39701297820220355,0.8
32.805,TRACK,-0.07896670699119568,-0.4900706112384796,0.1928073614835739,-0.3071261039317221,0.3945548837408061,0.8
32.825,TRACK,-0.07896670699119568,-0.4900706112384796,0.1928073614835739,-0.31027073396234867,0.39208681646602894,0.8
32.845,TRACK,-0.07896670699119568,-0.4900706112384796,0.1928073614835739,-0.3133806322170772,0.38960567161070053,0.8
32.865,TRACK,-0.07896670699119568,-0.4900706112384796,0.1928073614835739,-0.3164875609253773,0.38708606766390546,0.8
32.885,TRACK,-0.07896670699119568,-0.4900706112384796,0.1928073614835739,-0.3195916885459477,0.38452718058981206,0.8
32.905,TRACK,-0.07896670699119568,-0.4900706112384796,0.1928073614835739,-0.32266292517696604,0.38195371017473256,0.8
32.925,TRACK,-0.07896670699119568,-0.4900706112384796,0.1928073614835739,-0.3257035271470082,0.3793642213019015,0.8
32.945,TRACK,-0.07896670699119568,-0.4900706112384796,0.1928073614835739,-0.3287280910015034,0.3767463897458173,0.8
32.965,TRACK,-0.07896670699119568,-0.4900706112384796,0.1928073614835739,-0.3317357534614904,0.37410077502637873,0.8
32.985,TRACK,-0.07896670699119568,-0.4900706112384796,0.1928073614835739,-0.33471333985106744,0.37143906650451275,0.8
33.005,TRACK,-0.07896670699119568,-0.4900706112384796,0.1928073614835739,-0.3376759357678783,0.36874783037095654,0.8
33.025,TRACK,-0.07896670699119568,-0.4900706112384796,0.1928073614835739,-0.340615846550047,0.36603393979110027,0.8
33.045,TRACK,-0.07896670699119568,-0.4900706112384796,0.1928073614835739,-0.3435358868485866,0.36329477624534473,0.8
33.065,TRACK,-0.07896670699119568,-0.4900706112384796,0.1928073614835739,-0.34642722973458917,0.3605387281533264,0.8
33.085,TRACK,-0.07896670699119568,-0.4900706112384796,0.1928073614835739,-0.34928711409225555,0.3577687967516224,0.8
33.105,TRACK,-0.07896670699119568,-0.4900706112384796,0.1928073614835739,-0.352149529716616,0.354951699137173,0.8
33.125,TRACK,-0.07896670699119568,-0.4900706112384796,0.1928073614835739,-0.35498391973240445,0.3521170497596187,0.8
33.145,TRACK,-0.07896670699119568,-0.4900706112384796,0.1928073614835739,-0.35778550024775563,0.3492700041693579,0.8
33.165,TRACK,-0.07896670699119568,-0.4900706112384796,0.1928073614835739,-0.36056841000367174,0.34639633616339544,0.8
33.185,TRACK,-0.07896670699119568,-0.4900706112384796,0.1928073614835739,-0.3633231292902673,0.343505900564645,0.8
33.205,TRACK,-0.07896670699119568,-0.4900706112384796,0.1928073614835739,-0.3660628638348986,0.3405847614339087,0.8
33.225,TRACK,-0.07896670699119568,-0.4900706112384796,0.1928073614835739,-0.3687758285384052,0.3376453587505873,0.8
33.245,TRACK,-0.07896670699119568,-0.4900706112384796,0.1928073614835739,-0.37145711583835467,0.33469330900550004,0.8
33.265,TRACK,-0.07896670699119568,-0.4900706112384796,0.1928073614835739,-0.37411344398725677,0.331721466034373,0.8
33.285,TRACK,-0.07896670699119568,-0.4900706112384796,0.1928073614835739,-0.3767674078320325,0.32870400118576426,0.8
33.305,TRACK,-0.07896670699119568,-0.4900706112384796,0.1928073614835739,-0.3793887420121507,0.3256749643961564,0.8
33.325,TRACK,-0.07896670699119568,-0.4900706112384796,0.1928073614835739,-0.38198178648989056,0.3226296867772581,0.8
33.345,TRACK,-0.07896670699119568,-0.4900706112384796,0.1928073614835739,-0.3845705926102847,0.31953944873735773,0.8
33.365,TRACK,-0.07896670699119568,-0.4900706112384796,0.1928073614835739,-0.3871155682395801,0.31645147625907355,0.8
33.385,TRACK,-0.07896670699119568,-0.4900706112384796,0.1928073614835739,-0.38961196137213006,0.31337281240682296,0.8
33.405,TRACK,-0.07896670699119568,-0.4900706112384796,0.1928073614835739,-0.39211221671388774,0.31023863315796296,0.8
33.425,TRACK,-0.07896670699119568,-0.4900706112384796,0.1928073614835739,-0.3945747548599922,0.3071005744494416,0.8
33.445,TRACK,-0.07896670699119568,-0.4900706112384796,0.1928073614835739,-0.3970124117808341,0.30394266711333146,0.8
33.465,TRACK,-0.07896670699119568,-0.4900706112384796,0.1928073614835739,-0.39942918409702766,0.300759583208221,0.8
33.485,TRACK,-0.07896670699119568,-0.4900706112384796,0.1928073614835739,-0.4018190458940309,0.2975591611038227,0.8
33.505,TRACK,-0.07896670699119568,-0.4900706112384796,0.1928073614835739,-0.40420350280172185,0.2943119574920775,0.8
33.525,TRACK,-0.07896670699119568,-0.4900706112384796,0.1928073614835739,-0.4065442039267262,0.2910701122643554,0.8
33.545,TRACK,-0.07896670699119568,-0.4900706112384796,0.1928073614835739,-0.4088653002231897,0.2878005668399577,0.8
33.565,TRACK,-0.07896670699119568,-0.4900706112384796,0.1928073614835739,-0.411133483035079,0.2845509780820379,0.8
33.585,TRACK,-0.07896670699119568,-0.4900706112384796,0.1928073614835739,-0.41339536710828745,0.28125481409818437,0.8
33.605,TRACK,-0.07896670699119568,-0.4900706112384796,0.1928073614835739,-0.4156384858165308,0.2779292160031786,0.8
33.625,TRACK,-0.07896670699119568,-0.4900706112384796,0.1928073614835739,-0.4178582562805166,0.2745805485794762,0.8
33.645,TRACK,-0.07896670699119568,-0.4900706112384796,0.1928073614835739,-0.42004062431611267,0.27123029684039784,0.8
33.665,TRACK,-0.07896670699119568,-0.4900706112384796,0.1928073614835739,-0.4222009597412079,0.2678550906621021,0.8
33.685,TRACK,-0.07896670699119568,-0.4900706112384796,0.1928073614835739,-0.42434247209589,0.26444936448316303,0.8
33.705,TRACK,-0.07896670699119568,-0.4900706112384796,0.1928073614835739,-0.42643022281776544,0.26106946406577486,0.8
33.725,TRACK,-0.07896670699119568,-0.4900706112384796,0.1928073614835739,-0.4285024057157952,0.2576542029460728,0.8
33.745,TRACK,-0.07896670699119568,-0.4900706112384796,0.1928073614835739,-0.4305491033516099,0.25421933365329386,0.8
33.765,TRACK,-0.07896670699119568,-0.4900706112384796,0.1928073614835739,-0.432574222462567,0.2507579351903058,0.8
33.785,TRACK,-0.07896670699119568,-0.4900706112384796,0.1928073614835739,-0.4345583546210413,0.24730353096762148,0.8
33.805,TRACK,-0.07896670699119568,-0.4900706112384796,0.1928073614835739,-0.4365308992084574,0.24380478673778253,0.8
33.825,TRACK,-0.07896670699119568,-0.4900706112384796,0.1928073614835739,-0.43846429792064084,0.24031033987109154,0.8
33.845,TRACK,-0.07896670699119568,-0.4900706112384796,0.1928073614835739,-0.44038239249933697,0.23677700136744678,0.8
33.865,TRACK,-0.07896670699119568,-0.4900706112384796,0.1928073614835739,-0.4422530402541208,0.23326433157683366,0.8
33.885,TRACK,-0.07896670699119568,-0.4900706112384796,0.1928073614835739,-0.444102549447571,0.22972358514999663,0.8
33.905,TRACK,-0.07896670699119568,-0.4900706112384796,0.1928073614835739,-0.4459271840207974,0.22616132859373173,0.8
33.925,TRACK,-0.07896670699119568,-0.4900706112384796,0.1928073614835739,-0.44772447660729897,0.2225821040576268,0.8
33.945,TRACK,-0.07896670699119568,-0.4900706112384796,0.1928073614835739,-0.44949228936508284,0.218990140877019,0.8
33.965,TRACK,-0.07896670699119568,-0.4900706112384796,0.1928073614835739,-0.45122933404276067,0.21538822646404496,0.8
33.985,TRACK,-0.07896670699119568,-0.4900706112384796,0.1928073614835739,-0.4529234787300019,0.21180255526105804,0.8
34.005,TRACK,-0.07896670699119568,-0.4900706112384796,0.1928073614835739,-0.4546147809024266,0.20814754619028952,0.8
34.025,TRACK,-0.07896670699119568,-0.4900706112384796,0.1928073614835739,-0.45626529683927625,0.20450422709608512,0.8
34.045,TRACK,-0.07896670699119568,-0.4900706112384796,0.1928073614835739,-0.45790168866603354,0.20081345452134144,0.8
34.065,TRACK,-0.07896670699119568,-0.4900706112384796,0.1928073614835739,-0.4594790844063741,0.19717751137764206,0.8
34.085,TRACK,-0.07896670699119568,-0.4900706112384796,0.1928073614835739,-0.46103990069891904,0.1934998965465638,0.8
34.105,TRACK,-0.07896670699119568,-0.4900706112384796,0.1928073614835739,-0.4625761153631192,0.18979814934705302,0.8
34.125,TRACK,-0.07896670699119568,-0.4900706112384796,0.1928073614835739,-0.4640792724016157,0.18609252786500322,0.8
34.145,TRACK,-0.07896670699119568,-0.4900706112384796,0.1928073614835739,-0.46555147519259027,0.18237824416854942,0.8
34.165,TRACK,-0.07896670699119568,-0.4900706112384796,0.1928073614835739,-0.4669987725353332,0.17863971129200845,0.8
34.185,TRACK,-0.07896670699119568,-0.4900706112384796,0.1928073614835739,-0.4684101442175377,0.1749055081868652,0.8
34.205,TRACK,-0.07896670699119568,-0.4900706112384796,0.1928073614835739,-0.4697931424932975,0.17115607867169733,0.8
34.225,TRACK,-0.07896670699119568,-0.4900706112384796,0.1928073614835739,-0.4711467991691303,0.16739382794082702,0.8
34.245,TRACK,-0.07896670699119568,-0.4900706112384796,0.1928073614835739,-0.47247379111079346,0.16361086978985934,0.8
34.265,TRACK,-0.07896670699119568,-0.4900706112384796,0.1928073614835739,-0.47377856278078967,0.15979322091180642,0.8
34.285,TRACK,-0.07896670699119568,-0.4900706112384796,0.1928073614835739,-0.47503462113157463,0.15601957802269995,0.8
34.305,TRACK,-0.07896670699119568,-0.4900706112384796,0.1928073614835739,-0.47626120370268554,0.15223424663218538,0.8
34.325,TRACK,-0.07896670699119568,-0.4900706112384796,0.1928073614835739,-0.47746717773934455,0.14840853810217644,0.8
34.345,TRACK,-0.07896670699119568,-0.4900706112384796,0.1928073614835739,-0.47865193358336644,0.1445417810769764,0.8
34.365,TRACK,-0.07896670699119568,-0.4900706112384796,0.1928073614835739,-0.4797825769073101,0.14074330853074715,0.8
34.385,TRACK,-0.07896670699119568,-0.4900706112384796,0.1928073614835739,-0.4808888878612001,0.1369155854226177,0.8
34.405,TRACK,-0.07896670699119568,-0.4900706112384796,0.1928073614835739,-0.481973252709898,0.1330480502384037,0.8
34.425,TRACK,-0.07896670699119568,-0.4900706112384796,0.1928073614835739,-0.48301862862974887,0.12920141019600662,0.8
34.445,TRACK,-0.07896670699119568,-0.4900706112384796,0.1928073614835739,-0.4840328985095331,0.12534812786978508,0.8
34.465,TRACK,-0.07896670699119568,-0.4900706112384796,0.1928073614835739,-0.4850263105029443,0.12144742944954198,0.8
34.485,TRACK,-0.07896670699119568,-0.4900706112384796,0.1928073614835739,-0.48598125914943446,0.11756791975505156,0.8
34.505,TRACK,-0.07896670699119568,-0.4900706112384796,0.1928073614835739,-0.4869057307574948,0.113678535157302,0.8
34.525,TRACK,-0.07896670699119568,-0.4900706112384796,0.1928073614835739,-0.48780019575685624,0.10977690567497661,0.8
34.545,TRACK,-0.07896670699119568,-0.4900706112384796,0.1928073614835739,-0.48866358892530204,0.1058673550186432,0.8
34.565,TRACK,-0.07896670699119568,-0.4900706112384796,0.1928073614835739,-0.48949446270224517,0.10195671132318995,0.8
34.585,TRACK,-0.07896670699119568,-0.4900706112384796,0.1928073614835739,-0.49029248904398254,0.0980473109629033,0.8
34.605,TRACK,-0.07896670699119568,-0.4900706112384796,0.1928073614835739,-0.4910606844516901,0.09412440802383645,0.8
34.625,TRACK,-0.07896670699119568,-0.4900706112384796,0.1928073614835739,-0.49180013316665083,0.09018109013127146,0.8
34.645,TRACK,-0.07896670699119568,-0.4900706112384796,0.1928073614835739,-0.49250285009670147,0.08626089871213943,0.8
34.665,TRACK,-0.07896670699119568,-0.4900706112384796,0.1928073614835739,-0.4931914497198414,0.08223255999445206,0.8
34.685,TRACK,-0.07896670699119568,-0.4900706112384796,0.1928073614835739,-0.4938206204325138,0.07836577592066027,0.8
34.705,TRACK,-0.07896670699119568,-0.4900706112384796,0.1928073614835739,-0.49443290807938217,0.07440496897496324,0.8
34.725,TRACK,-0.07896670699119568,-0.4900706112384796,0.1928073614835739,-0.4950118690352238,0.07045033367028461,0.8
34.745,TRACK,-0.07896670699119568,-0.4900706112384796,0.1928073614835739,-0.49555947905082914,0.06648911732660333,0.8
34.765,TRACK,-0.07896670699119568,-0.4900706112384796,0.1928073614835739,-0.4960766310267033,0.06251380766835511,0.8
34.785,TRACK,-0.07896670699119568,-0.4900706112384796,0.1928073614835739,-0.4965596608645254,0.05855342177966661,0.8
34.805,TRACK,-0.07896670699119568,-0.4900706112384796,0.1928073614835739,-0.4970121513607067,0.05457949614829685,0.8
34.825,TRACK,-0.07896670699119568,-0.4900706112384796,0.1928073614835739,-0.49743302275296225,0.05060027544244147,0.8
34.845,TRACK,-0.07896670699119568,-0.4900706112384796,0.1928073614835739,-0.49782317386965147,0.046605660153534775,0.8
34.865,TRACK,-0.07896670699119568,-0.4900706112384796,0.1928073614835739,-0.4981801536916032,0.042620821998298086,0.8
34.885,TRACK,-0.07896670699119568,-0.4900706112384796,0.1928073614835739,-0.498502008056688,0.038674900949450086,0.8
34.905,TRACK,-0.07896670699119568,-0.4900706112384796,0.1928073614835739,-0.4987968241020631,0.03466595254273989,0.8
34.925,TRACK,-0.07896670699119568,-0.4900706112384796,0.1928073614835739,-0.4990579384458594,0.030678560497012293,0.8
34.945,TRACK,-0.07896670699119568,-0.4900706112384796,0.1928073614835739,-0.4992883254670351,0.02666773429303684,0.8
34.965,TRACK,-0.07896670699119568,-0.4900706112384796,0.1928073614835739,-0.4994857915333465,0.022670334278663485,0.8
34.985,TRACK,-0.07896670699119568,-0.4900706112384796,0.1928073614835739,-0.49965062707621827,0.018688254662804573,0.8
35.005,TRACK,-0.07896670699119568,-0.4900706112384796,0.1928073614835739,-0.4997844157795396,0.014681203762100168,0.8
35.025,TRACK,-0.07896670699119568,-0.4900706112384796,0.1928073614835739,-0.4998857671218505,0.010687367730131387,0.8
35.045,TRACK,-0.07896670699119568,-0.4900706112384796,0.1928073614835739,-0.4999554561628511,0.006673968309446666,0.8
35.065,TRACK,-0.07896670699119568,-0.4900706112384796,0.1928073614835739,-0.4999928623402154,0.002671630370842242,0.8
35.085,TRACK,-0.07896670699119568,-0.4900706112384796,0.1928073614835739,-0.4999982789135535,-0.0013119007143730667,0.8
35.105,TRACK,-0.07896670699119568,-0.4900706112384796,0.1928073614835739,-0.49997182400576456,-0.005308031683098272,0.8
35.125,TRACK,-0.07896670699119568,-0.4900706112384796,0.1928073614835739,-0.4999132884613782,-0.00931149932775945,0.8
35.145,TRACK,-0.07896670699119568,-0.4900706112384796,0.1928073614835739,-0.49982245478222914,-0.013323426566258829,0.8
35.165,TRACK,-0.07896670699119568,-0.4900706112384796,0.1928073614835739,-0.49969973728133354,-0.01732548876557976,0.8
35.185,TRACK,-0.07896670699119568,-0.4900706112384796,0.1928073614835739,-0.4995469263126143,-0.021280705148548483,0.8
35.205,TRACK,-0.07896670699119568,-0.4900706112384796,0.1928073614835739,-0.49935891704786883,-0.02531149866720008,0.8
35.225,TRACK,-0.07896670699119568,-0.4900706112384796,0.1928073614835739,-0.4991402300343486,-0.029309226555089503,0.8
35.245,TRACK,-0.07896670699119568,-0.4900706112384796,0.1928073614835739,-0.49888892257156814,-0.03331430526635497,0.8
35.265,TRACK,-0.07896670699119568,-0.4900706112384796,0.1928073614835739,-0.4986077415681664,-0.037286995699474156,0.8
35.285,TRACK,-0.07896670699119568,-0.4900706112384796,0.1928073614835739,-0.4982938322377622,-0.0412705313002502,0.8
35.305,TRACK,-0.07896670699119568,-0.4900706112384796,0.1928073614835739,-0.4979475797934899,-0.045257129579835215,0.8
35.325,TRACK,-0.07896670699119568,-0.4900706112384796,0.1928073614835739,-0.4975694612722102,-0.04924054436419762,0.8
35.345,TRACK,-0.07896670699119568,-0.4900706112384796,0.1928073614835739,-0.49715959401025206,-0.05321971517737885,0.8
35.365,TRACK,-0.07896670699119568,-0.4900706112384796,0.1928073614835739,-0.49672102425570097,-0.057168383415724916,0.8
35.385,TRACK,-0.07896670699119568,-0.4900706112384796,0.1928073614835739,-0.49624706449239425,-0.061146144462929986,0.8
35.405,TRACK,-0.07896670699119568,-0.4900706112384796,0.1928073614835739,-0.49573851820463793,-0.06514078268082026,0.8
35.425,TRACK,-0.07896670699119568,-0.4900706112384796,0.1928073614835739,-0.49520221985048685,-0.06909964873391247,0.8
35.445,TRACK,-0.07896670699119568,-0.4900706112384796,0.1928073614835739,-0.494635338382552,-0.07304712193631073,0.8
35.465,TRACK,-0.07896670699119568,-0.4900706112384796,0.1928073614835739,-0.49403270904810337,-0.07701741615110198,0.8
35.485,TRACK,-0.07896670699119568,-0.4900706112384796,0.1928073614835739,-0.4934051917041468,-0.08094020508618786,0.8
35.505,TRACK,-0.07896670699119568,-0.4900706112384796,0.1928073614835739,-0.49273769479715995,-0.08490915219209787,0.8
35.525,TRACK,-0.07896670699119568,-0.4900706112384796,0.1928073614835739,-0.4920443395933737,-0.08883899973615621,0.8
35.545,TRACK,-0.07896670699119568,-0.4900706112384796,0.1928073614835739,-0.4913036934562579,-0.09284762138169919,0.8
35.565,TRACK,-0.07896670699119568,-0.4900706112384796,0.1928073614835739,-0.4905605322581404,-0.09669728119554351,0.8
35.585,TRACK,-0.07896670699119568,-0.4900706112384796,0.1928073614835739,-0.4897696626237223,-0.10062642582068225,0.8
35.605,TRACK,-0.07896670699119568,-0.4900706112384796,0.1928073614835739,-0.48895061308023635,-0.10453371689775982,0.8
35.625,TRACK,-0.07896670699119568,-0.4900706112384796,0.1928073614835739,-0.4881031223124665,-0.10842205490038175,0.8
35.645,TRACK,-0.07896670699119568,-0.4900706112384796,0.1928073614835739,-0.48721007625265683,-0.11236699514483908,0.8
35.665,TRACK,-0.07896670699119568,-0.4900706112384796,0.1928073614835739,-0.4862971345105507,-0.11625444923454496,0.8
35.685,TRACK,-0.07896670699119568,-0.4900706112384796,0.1928073614835739,-0.4853555925664679,-0.1201247217039557,0.8
35.705,TRACK,-0.07896670699119568,-0.4900706112384796,0.1928073614835739,-0.4843791574746689,-0.1240033540035507,0.8
35.725,TRACK,-0.07896670699119568,-0.4900706112384796,0.1928073614835739,-0.4833714836134287,-0.1278749734285519,0.8
35.745,TRACK,-0.07896670699119568,-0.4900706112384796,0.1928073614835739,-0.48232928382134266,-0.13175151600035076,0.8
35.765,TRACK,-0.07896670699119568,-0.4900706112384796,0.1928073614835739,-0.48126096168488297,-0.1356019423096203,0.8
35.785,TRACK,-0.07896670699119568,-0.4900706112384796,0.1928073614835739,-0.4801678594302463,-0.13942319308556667,0.8
35.805,TRACK,-0.07896670699119568,-0.4900706112384796,0.1928073614835739,-0.4790371352487425,-0.14325998412912805,0.8
35.825,TRACK,-0.07896670699119568,-0.4900706112384796,0.1928073614835739,-0.4778703948720942,-0.1471050159062864,0.8
35.845,TRACK,-0.07896670699119568,-0.4900706112384796,0.1928073614835739,-0.4766752972010193,-0.15093263741921403,0.8
35.865,TRACK,-0.07896670699119568,-0.4900706112384796,0.1928073614835739,-0.4754521981858335,-0.15474238992680348,0.8
35.885,TRACK,-0.07896670699119568,-0.4900706112384796,0.1928073614835739,-0.47421053366281424,-0.15850668680919724,0.8
35.905,TRACK,-0.07896670699119568,-0.4900706112384796,0.1928073614835739,-0.4729179554917133,-0.1623225411750872,0.8
35.925,TRACK,-0.07896670699119568,-0.4900706112384796,0.1928073614835739,-0.47160344911140223,-0.16610294032987205,0.8
35.945,TRACK,-0.07896670699119568,-0.4900706112384796,0.1928073614835739,-0.4702621741897809,-0.16986314351942325,0.8
35.965,TRACK,-0.07896670699119568,-0.4900706112384796,0.1928073614835739,-0.46888360023688824,-0.1736322822199086,0.8
35.985,TRACK,-0.07896670699119568,-0.4900706112384796,0.1928073614835739,-0.4674833261295916,-0.17736780934209537,0.8
36.005,TRACK,-0.07896670699119568,-0.4900706112384796,0.1928073614835739,-0.46604778272777325,-0.18110622356651981,0.8
36.025,TRACK,-0.07896670699119568,-0.4900706112384796,0.1928073614835739,-0.4645866274253462,-0.1848222541187683,0.8
36.045,TRACK,-0.07896670699119568,-0.4900706112384796,0.1928073614835739,-0.4630918693847985,-0.18853625781184027,0.8
36.065,TRACK,-0.07896670699119568,-0.4900706112384796,0.1928073614835739,-0.461569914651378,-0.1922321874419569,0.8
36.085,TRACK,-0.07896670699119568,-0.4900706112384796,0.1928073614835739,-0.4600176412076563,-0.1959177627928207,0.8
36.105,TRACK,-0.07896670699119568,-0.4900706112384796,0.1928073614835739,-0.4584339027699802,-0.1995954828924852,0.8
36.125,TRACK,-0.07896670699119568,-0.4900706112384796,0.1928073614835739,-0.45682289474719917,-0.20325560960226757,0.8
36.145,TRACK,-0.07896670699119568,-0.4900706112384796,0.1928073614835739,-0.45518313846861413,-0.20690169272836423,0.8
36.165,TRACK,-0.07896670699119568,-0.4900706112384796,0.1928073614835739,-0.45350386081656635,-0.21055699519243815,0.8
36.185,TRACK,-0.07896670699119568,-0.4900706112384796,0.1928073614835739,-0.45181449157858977,-0.21415803790560942,0.8
36.205,TRACK,-0.07896670699119568,-0.4900706112384796,0.1928073614835739,-0.45008728764976474,-0.217764628661493,0.8
36.225,TRACK,-0.07896670699119568,-0.4900706112384796,0.1928073614835739,-0.44832814934681176,-0.22136366120766718,0.8
36.245,TRACK,-0.07896670699119568,-0.4900706112384796,0.1928073614835739,-0.44654703299614334,-0.22493498465632522,0.8
36.265,TRACK,-0.07896670699119568,-0.4900706112384796,0.1928073614835739,-0.44472683417552267,-0.22851267571891312,0.8
36.285,TRACK,-0.07896670699119568,-0.4900706112384796,0.1928073614835739,-0.4428836154719019,-0.23206486840221316,0.8
36.305,TRACK,-0.07896670699119568,-0.4900706112384796,0.1928073614835739,-0.4410144962495293,-0.2355975681066634,0.8
36.325,TRACK,-0.07896670699119568,-0.4900706112384796,0.1928073614835739,-0.43911998075097497,-0.23911010540180727,0.8
36.345,TRACK,-0.07896670699119568,-0.4900706112384796,0.1928073614835739,-0.4371954304133503,-0.24261112016081487,0.8
36.365,TRACK,-0.07896670699119568,-0.4900706112384796,0.1928073614835739,-0.43523909523484555,-0.246103494447261,0.8
36.385,TRACK,-0.07896670699119568,-0.4900706112384796,0.1928073614835739,-0.43325671963041185,-0.24957687171509846,0.8
36.405,TRACK,-0.07896670699119568,-0.4900706112384796,0.1928073614835739,-0.4312499075231022,-0.25302868861320016,0.8
36.425,TRACK,-0.07896670699119568,-0.4900706112384796,0.1928073614835739,-0.4292056644831436,-0.25648098872154856,0.8
36.445,TRACK,-0.07896670699119568,-0.4900706112384796,0.1928073614835739,-0.4271398580683544,-0.25990679415772505,0.8
36.465,TRACK,-0.07896670699119568,-0.4900706112384796,0.1928073614835739,-0.42504532722960553,-0.263318191168551,0.8
36.485,TRACK,-0.07896670699119568,-0.4900706112384796,0.1928073614835739,-0.42292675638257593,-0.266707627816891,0.8
36.505,TRACK,-0.07896670699119568,-0.4900706112384796,0.1928073614835739,-0.4207792002390612,-0.2700830698991998,0.8
36.525,TRACK,-0.07896670699119568,-0.4900706112384796,0.1928073614835739,-0.41860460048052056,-0.27344138029300497,0.8
36.545,TRACK,-0.07896670699119568,-0.4900706112384796,0.1928073614835739,-0.4164038315872892,-0.27678122956483964,0.8
36.565,TRACK,-0.07896670699119568,-0.4900706112384796,0.1928073614835739,-0.4140274876357395,-0.28032345510505824,0.8
36.585,TRACK,-0.07896670699119568,-0.4900706112384796,0.1928073614835739,-0.4117718666118468,-0.28362639134430956,0.8
36.605,TRACK,-0.07896670699119568,-0.4900706112384796,0.1928073614835739,-0.4096567355689903,-0.2866729129216054,0.8
36.625,TRACK,-0.07896670699119568,-0.4900706112384796,0.1928073614835739,-0.40734971697551875,-0.2899417322152242,0.8
36.646,TRACK,-0.07896670699119568,-0.4900706112384796,0.1928073614835739,-0.40501504993635185,-0.293194149540973,0.8
36.665,TRACK,-0.07896670699119568,-0.4900706112384796,0.1928073614835739,-0.4025801666553436,-0.29652859797286973,0.8
36.685,TRACK,-0.07896670699119568,-0.4900706112384796,0.1928073614835739,-0.4000606055503524,-0.29991917559016684,0.8
36.705,TRACK,-0.07896670699119568,-0.4900706112384796,0.1928073614835739,-0.39786667936916614,-0.30282355497509295,0.8
36.725,TRACK,-0.07896670699119568,-0.4900706112384796,0.1928073614835739,-0.3954326130850455,-0.3059951772638463,0.8
36.745,TRACK,-0.07896670699119568,-0.4900706112384796,0.1928073614835739,-0.39296754494498615,-0.3091545060643793,0.8
36.765,TRACK,-0.07896670699119568,-0.4900706112384796,0.1928073614835739,-0.39048036300151634,-0.312290067261519,0.8
36.785,TRACK,-0.07896670699119568,-0.4900706112384796,0.1928073614835739,-0.38796939573784517,-0.3154041026537405,0.8
36.805,TRACK,-0.07896670699119568,-0.4900706112384796,0.1928073614835739,-0.3854391838782227,-0.3184911859554196,0.8
36.825,TRACK,-0.07896670699119568,-0.4900706112384796,0.1928073614835739,-0.3828755153326935,-0.321568561521061,0.8
36.845,TRACK,-0.07896670699119568,-0.4900706112384796,0.1928073614835739,-0.38027300513626905,-0.3246420206390896,0.8
36.865,TRACK,-0.07896670699119568,-0.4900706112384796,0.1928073614835739,-0.37766344925774026,-0.3276741050109792,0.8
36.885,TRACK,-0.07896670699119568,-0.4900706112384796,0.1928073614835739,-0.37503003327265744,-0.33068485623552446,0.8
36.905,TRACK,-0.07896670699119568,-0.4900706112384796,0.1928073614835739,-0.37237287068476604,-0.33367416018922785,0.8
36.925,TRACK,-0.07896670699119568,-0.4900706112384796,0.1928073614835739,-0.36969255571696436,-0.3366413733447795,0.8
36.945,TRACK,-0.07896670699119568,-0.4900706112384796,0.1928073614835739,-0.3669812782983624,-0.3395949666566038,0.8
36.965,TRACK,-0.07896670699119568,-0.4900706112384796,0.1928073614835739,-0.36425979710523226,-0.34251248183512234,0.8
36.985,TRACK,-0.07896670699119568,-0.4900706112384796,0.1928073614835739,-0.3615118940419038,-0.3454115667811883,0.8
37.005,TRACK,-0.07896670699119568,-0.4900706112384796,0.1928073614835739,-0.35873832751787094,-0.3482912751845512,0.8
37.025,TRACK,-0.07896670699119568,-0.4900706112384796,0.1928073614835739,-0.35594242548922467,-0.3511481022828512,0.8
37.045,TRACK,-0.07896670699119568,-0.4900706112384796,0.1928073614835739,-0.35311702197044764,-0.35398922129737564,0.8
37.065,TRACK,-0.07896670699119568,-0.4900706112384796,0.1928073614835739,-0.3502690095266634,-0.35680754051058144,0.8
37.085,TRACK,-0.07896670699119568,-0.4900706112384796,0.1928073614835739,-0.34741136425214686,-0.3595905226621832,0.8
37.105,TRACK,-0.07896670699119568,-0.4900706112384796,0.1928073614835739,-0.34452303805799617,-0.36235876731119465,0.8
37.125,TRACK,-0.07896670699119568,-0.4900706112384796,0.1928073614835739,-0.3416063175511337,-0.36510974214495295,0.8
37.145,TRACK,-0.07896670699119568,-0.4900706112384796,0.1928073614835739,-0.33867801504679895,-0.3678276799317314,0.8
37.165,TRACK,-0.07896670699119568,-0.4900706112384796,0.1928073614835739,-0.33571936041509876,-0.37053004067481093,0.8
37.185,TRACK,-0.07896670699119568,-0.4900706112384796,0.1928073614835739,-0.332754768591066,-0.3731946730325958,0.8
37.205,TRACK,-0.07896670699119568,-0.4900706112384796,0.1928073614835739,-0.32975612462620385,-0.3758469080244076,0.8
37.225,TRACK,-0.07896670699119568,-0.4900706112384796,0.1928073614835739,-0.32675619304661374,-0.37845791087739744,0.8
37.245,TRACK,-0.07896670699119568,-0.4900706112384796,0.1928073614835739,-0.32367446151990864,-0.3810968944504759,0.8
37.265,TRACK,-0.07896670699119568,-0.4900706112384796,0.1928073614835739,-0.32062367014132137,-0.3836671241390239,0.8
37.285,TRACK,-0.07896670699119568,-0.4900706112384796,0.1928073614835739,-0.3175630774359572,-0.38620421003583616,0.8
37.305,TRACK,-0.07896670699119568,-0.4900706112384796,0.1928073614835739,-0.3144557919563117,-0.3887384144963407,0.8
37.325,TRACK,-0.07896670699119568,-0.4900706112384796,0.1928073614835739,-0.31134391752823437,-0.3912351786562297,0.8
37.345,TRACK,-0.07896670699119568,-0.4900706112384796,0.1928073614835739,-0.3082146602541364,-0.3937051221465467,0.8
37.365,TRACK,-0.07896670699119568,-0.4900706112384796,0.1928073614835739,-0.3050587822225945,-0.3961554485159426,0.8
37.385,TRACK,-0.07896670699119568,-0.4900706112384796,0.1928073614835739,-0.3018825504982191,-0.3985811406786455,0.8
37.405,TRACK,-0.07896670699119568,-0.4900706112384796,0.1928073614835739,-0.29865945942958877,-0.40100190435112126,0.8
37.425,TRACK,-0.07896670699119568,-0.4900706112384796,0.1928073614835739,-0.29544850262541517,-0.4033735022239315,0.8
37.445,TRACK,-0.07896670699119568,-0.4900706112384796,0.1928073614835739,-0.2921886881493978,-0.4057410140933918,0.8
37.465,TRACK,-0.07896670699119568,-0.4900706112384796,0.1928073614835739,-0.28893609407771054,-0.40806363907988225,0.8
37.485,TRACK,-0.07896670699119568,-0.4900706112384796,0.1928073614835739,-0.28568335309159737,-0.41034744030679865,0.8
37.505,TRACK,-0.07896670699119568,-0.4900706112384796,0.1928073614835739,-0.2823843474348485,-0.4126246239910977,0.8
37.525,TRACK,-0.07896670699119568,-0.4900706112384796,0.1928073614835739,-0.2790804060030724,-0.41486639654852775,0.8
37.545,TRACK,-0.07896670699119568,-0.4900706112384796,0.1928073614835739,-0.27573189882445814,-0.41709941257529815,0.8
37.565,TRACK,-0.07896670699119568,-0.4900706112384796,0.1928073614835739,-0.2724024734029082,-0.41928140011688797,0.8
37.585,TRACK,-0.07896670699119568,-0.4900706112384796,0.1928073614835739,-0.26904565356990556,-0.4214432776722656,0.8
37.605,TRACK,-0.07896670699119568,-0.4900706112384796,0.1928073614835739,-0.2656678396929054,-0.4235806876533734,0.8
37.625,TRACK,-0.07896670699119568,-0.4900706112384796,0.1928073614835739,-0.2622630999444093,-0.4256971533937581,0.8
37.645,TRACK,-0.07896670699119568,-0.4900706112384796,0.1928073614835739,-0.2588553709632848,-0.42777785931889956,0.8
37.665,TRACK,-0.07896670699119568,-0.4900706112384796,0.1928073614835739,-0.2554217891256263,-0.42983684071966666,0.8
37.685,TRACK,-0.07896670699119568,-0.4900706112384796,0.1928073614835739,-0.25197409601402443,-0.43186694124222474,0.8
37.705,TRACK,-0.07896670699119568,-0.4900706112384796,0.1928073614835739,-0.24851581310095647,-0.43386621283383026,0.8
37.725,TRACK,-0.07896670699119568,-0.4900706112384796,0.1928073614835739,-0.2450363478080189,-0.4358407831455285,0.8
37.745,TRACK,-0.07896670699119568,-0.4900706112384796,0.1928073614835739,-0.24152875289787878,-0.4377943141745852,0.8
37.765,TRACK,-0.07896670699119568,-0.4900706112384796,0.1928073614835739,-0.23802151980876984,-0.4397109915705126,0.8
37.785,TRACK,-0.07896670699119568,-0.4900706112384796,0.1928073614835739,-0.2345250197296009,-0.44158579587757385,0.8
37.805,TRACK,-0.07896670699119568,-0.4900706112384796,0.1928073614835739,-0.23097197097238584,-0.4434545620750015,0.8
37.825,TRACK,-0.07896670699119568,-0.4900706112384796,0.1928073614835739,-0.22740110222773868,-0.44529623702161414,0.8
37.845,TRACK,-0.07896670699119568,-0.4900706112384796,0.1928073614835739,-0.22384842442391487,-0.44709270054758316,0.8
37.865,TRACK,-0.07896670699119568,-0.4900706112384796,0.1928073614835739,-0.22025030627632275,-0.44887615506416245,0.8
37.885,TRACK,-0.07896670699119568,-0.4900706112384796,0.1928073614835739,-0.21665929567698114,-0.450620405215692,0.8
37.905,TRACK,-0.07896670699119568,-0.4900706112384796,0.1928073614835739,-0.21303592324837992,-0.4523446643939888,0.8
37.925,TRACK,-0.07896670699119568,-0.4900706112384796,0.1928073614835739,-0.20942021995764434,-0.45402992354347294,0.8
37.945,TRACK,-0.07896670699119568,-0.4900706112384796,0.1928073614835739,-0.2057509437406124,-0.45570445373053725,0.8
37.965,TRACK,-0.07896670699119568,-0.4900706112384796,0.1928073614835739,-0.20212240552245947,-0.45732541279248246,0.8
37.985,TRACK,-0.07896670699119568,-0.4900706112384796,0.1928073614835739,-0.19845820843206471,-0.4589273793378808,0.8
38.005,TRACK,-0.07896670699119568,-0.4900706112384796,0.1928073614835739,-0.19479154840449578,-0.4604956597734434,0.8
38.025,TRACK,-0.07896670699119568,-0.4900706112384796,0.1928073614835739,-0.19109068516987343,-0.46204366681224873,0.8
38.045,TRACK,-0.07896670699119568,-0.4900706112384796,0.1928073614835739,-0.18739392257834092,-0.4635553017501825,0.8
38.065,TRACK,-0.07896670699119568,-0.4900706112384796,0.1928073614835739,-0.1836726968321541,-0.46504229962273713,0.8
38.085,TRACK,-0.07896670699119568,-0.4900706112384796,0.1928073614835739,-0.17995755730527513,-0.46649252680907827,0.8
38.105,TRACK,-0.07896670699119568,-0.4900706112384796,0.1928073614835739,-0.17622034809741755,-0.46791707482888995,0.8
38.125,TRACK,-0.07896670699119568,-0.4900706112384796,0.1928073614835739,-0.17246237502783482,-0.4693151704342812,0.8
38.145,TRACK,-0.07896670699119568,-0.4900706112384796,0.1928073614835739,-0.16869376010342294,-0.4706829243792139,0.8
38.165,TRACK,-0.07896670699119568,-0.4900706112384796,0.1928073614835739,-0.16493090994975318,-0.4720146130610221,0.8
38.185,TRACK,-0.07896670699119568,-0.4900706112384796,0.1928073614835739,-0.16115497586873567,-0.47331709640868375,0.8
38.205,TRACK,-0.07896670699119568,-0.4900706112384796,0.1928073614835739,-0.15736255674677152,-0.4745914303209858,0.8
38.225,TRACK,-0.07896670699119568,-0.4900706112384796,0.1928073614835739,-0.15356051620366523,-0.47583523184319154,0.8
38.245,TRACK,-0.07896670699119568,-0.4900706112384796,0.1928073614835739,-0.14972812788120615,-0.4770550154030342,0.8
38.265,TRACK,-0.07896670699119568,-0.4900706112384796,0.1928073614835739,-0.14590324656500012,-0.4782386879391846,0.8
38.285,TRACK,-0.07896670699119568,-0.4900706112384796,0.1928073614835739,-0.14209237137755096,-0.47938477030075133,0.8
38.305,TRACK,-0.07896670699119568,-0.4900706112384796,0.1928073614835739,-0.13828440955770444,-0.4804970572992899,0.8
38.325,TRACK,-0.07896670699119568,-0.4900706112384796,0.1928073614835739,-0.13443412372941302,-0.48158848239664626,0.8
38.345,TRACK,-0.07896670699119568,-0.4900706112384796,0.1928073614835739,-0.13056988618989449,-0.48265049965824963,0.8
38.365,TRACK,-0.07896670699119568,-0.4900706112384796,0.1928073614835739,-0.12668116217502515,-0.48368572766827117,0.8
38.385,TRACK,-0.07896670699119568,-0.4900706112384796,0.1928073614835739,-0.1228170508041226,-0.48468130976114354,0.8
38.405,TRACK,-0.07896670699119568,-0.4900706112384796,0.1928073614835739,-0.11893715103142746,-0.48564797343809374,0.8
38.425,TRACK,-0.07896670699119568,-0.4900706112384796,0.1928073614835739,-0.11504426206379263,-0.48658485155848963,0.8
38.445,TRACK,-0.07896670699119568,-0.4900706112384796,0.1928073614835739,-0.11112163323516852,-0.4874956231876843,0.8
38.465,TRACK,-0.07896670699119568,-0.4900706112384796,0.1928073614835739,-0.107236088810473,-0.4883650491759544,0.8
38.485,TRACK,-0.07896670699119568,-0.4900706112384796,0.1928073614835739,-0.10332470923410655,-0.489207526987972,0.8
38.505,TRACK,-0.07896670699119568,-0.4900706112384796,0.1928073614835739,-0.09941166686571712,-0.49001767365165483,0.8
38.525,TRACK,-0.07896670699119568,-0.4900706112384796,0.1928073614835739,-0.09548862390969154,-0.4907972317605647,0.8
38.545,TRACK,-0.07896670699119568,-0.4900706112384796,0.1928073614835739,-0.09155689219507787,-0.49154586306018166,0.8
38.565,TRACK,-0.07896670699119568,-0.4900706112384796,0.1928073614835739,-0.0876229087232457,-0.49226235471227914,0.8
38.585,TRACK,-0.07896670699119568,-0.4900706112384796,0.1928073614835739,-0.08368675284520163,-0.49294677947850124,0.8
38.605,TRACK,-0.07896670699119568,-0.4900706112384796,0.1928073614835739,-0.07974784284811173,-0.4935993127639795,0.8
38.625,TRACK,-0.07896670699119568,-0.4900706112384796,0.1928073614835739,-0.07580559177269473,-0.4942201050705966,0.8
38.645,TRACK,-0.07896670699119568,-0.4900706112384796,0.1928073614835739,-0.07182109051076713,-0.494814845126785,0.8
38.665,TRACK,-0.07896670699119568,-0.4900706112384796,0.1928073614835739,-0.06786305955485118,-0.49537319784971684,0.8
38.685,TRACK,-0.07896670699119568,-0.4900706112384796,0.1928073614835739,-0.06390991346361757,-0.49589870231839983,0.8
38.705,TRACK,-0.07896670699119568,-0.4900706112384796,0.1928073614835739,-0.05993963602622905,-0.4963942385171721,0.8
38.725,TRACK,-0.07896670699119568,-0.4900706112384796,0.1928073614835739,-0.05596798434701448,-0.4968577107463789,0.8
38.745,TRACK,-0.07896670699119568,-0.4900706112384796,0.1928073614835739,-0.051976391492112015,-0.4972911166786098,0.8
38.765,TRACK,-0.07896670699119568,-0.4900706112384796,0.1928073614835739,-0.04798714269847704,-0.4976919068416082,0.8
38.785,TRACK,-0.07896670699119568,-0.4900706112384796,0.1928073614835739,-0.04403632215328548,-0.4980570271878634,0.8
38.805,TRACK,-0.07896670699119568,-0.4900706112384796,0.1928073614835739,-0.04005112098057705,-0.4983933263078461,0.8
38.825,TRACK,-0.07896670699119568,-0.4900706112384796,0.1928073614835739,-0.036047710248447745,-0.4986988696456449,0.8
38.845,TRACK,-0.07896670699119568,-0.4900706112384796,0.1928073614835739,-0.032038120622768264,-0.4989725030770342,0.8
38.865,TRACK,-0.07896670699119568,-0.4900706112384796,0.1928073614835739,-0.028007512816997017,-0.4992149629426243,0.8
38.885,TRACK,-0.07896670699119568,-0.4900706112384796,0.1928073614835739,-0.024079242216768836,-0.49941985352433294,0.8
38.905,TRACK,-0.07896670699119568,-0.4900706112384796,0.1928073614835739,-0.02006452998456555,-0.49959725243089403,0.8
38.925,TRACK,-0.07896670699119568,-0.4900706112384796,0.1928073614835739,-0.01607592561856173,-0.49974149779211496,0.8
38.945,TRACK,-0.07896670699119568,-0.4900706112384796,0.1928073614835739,-0.012068659082170266,-0.49985432624711607,0.8
38.965,TRACK,-0.07896670699119568,-0.4900706112384796,0.1928073614835739,-0.008070819715586456,-0.49993485762558953,0.8
38.985,TRACK,-0.07896670699119568,-0.4900706112384796,0.1928073614835739,-0.004085290657780345,-0.4999833101216894,0.8
39.005,TRACK,-0.07896670699119568,-0.4900706112384796,0.1928073614835739,-7.079639485802984e-05,-0.49999999498787046,0.8
39.025,TRACK,-0.07896670699119568,-0.4900706112384796,0.1928073614835739,0.0038928731517988,-0.49998484530895937,0.8
39.045,TRACK,-0.07896670699119568,-0.4900706112384796,0.1928073614835739,0.007902783905685643,-0.49993754210555147,0.8
39.065,TRACK,-0.07896670699119568,-0.4900706112384796,0.1928073614835739,0.011930014941446698,-0.49985765448125014,0.8
39.085,TRACK,-0.07896670699119568,-0.4900706112384796,0.1928073614835739,0.015911338177037722,-0.4997467651895467,0.8
39.105,TRACK,-0.07896670699119568,-0.4900706112384796,0.1928073614835739,0.019920572859764042,-0.49960301317840233,0.8
39.125,TRACK,-0.07896670699119568,-0.4900706112384796,0.1928073614835739,0.023913998206309187,-0.4994277932692459,0.8
39.145,TRACK,-0.07896670699119568,-0.4900706112384796,0.1928073614835739,0.027926367162143098,-0.49921950885069105,0.8
39.165,TRACK,-0.07896670699119568,-0.4900706112384796,0.1928073614835739,0.03190186169899509,-0.4989812333346197,0.8
39.185,TRACK,-0.07896670699119568,-0.4900706112384796,0.1928073614835739,0.03588474924689227,-0.498710622276574,0.8
39.205,TRACK,-0.07896670699119568,-0.4900706112384796,0.1928073614835739,0.03987067283968393,-0.49840779432841026,0.8
39.225,TRACK,-0.07896670699119568,-0.4900706112384796,0.1928073614835739,0.04385808550661665,-0.4980727540587763,0.8
39.245,TRACK,-0.07896670699119568,-0.4900706112384796,0.1928073614835739,0.047853606122739416,-0.4977047642740119,0.8
39.265,TRACK,-0.07896670699119568,-0.4900706112384796,0.1928073614835739,0.05183157988535111,-0.4973062309348119,0.8
39.285,TRACK,-0.07896670699119568,-0.4900706112384796,0.1928073614835739,0.05577382793843589,-0.49687954286435837,0.8
39.305,TRACK,-0.07896670699119568,-0.4900706112384796,0.1928073614835739,0.059748358918167245,-0.4964172978519039,0.8
39.325,TRACK,-0.07896670699119568,-0.4900706112384796,0.1928073614835739,0.06371750274456521,-0.49592346167931634,0.8
39.345,TRACK,-0.07896670699119568,-0.4900706112384796,0.1928073614835739,0.06771634905852805,-0.4953932741470998,0.8
39.365,TRACK,-0.07896670699119568,-0.4900706112384796,0.1928073614835739,0.07167629127582725,-0.4948358407279557,0.8
39.385,TRACK,-0.07896670699119568,-0.4900706112384796,0.1928073614835739,0.07562655795142832,-0.49424753285415524,0.8
39.405,TRACK,-0.07896670699119568,-0.4900706112384796,0.1928073614835739,0.07958127339590648,-0.49362619554140963,0.8
39.425,TRACK,-0.07896670699119568,-0.4900706112384796,0.1928073614835739,0.08351447962621836,-0.4929759950471848,0.8
39.445,TRACK,-0.07896670699119568,-0.4900706112384796,0.1928073614835739,0.08746885574612338,-0.49228975134006586,0.8
39.465,TRACK,-0.07896670699119568,-0.4900706112384796,0.1928073614835739,0.09137868542973525,-0.49157902299542183,0.8
39.485,TRACK,-0.07896670699119568,-0.4900706112384796,0.1928073614835739,0.09531691392674779,-0.49083060817300395,0.8
39.505,TRACK,-0.07896670699119568,-0.4900706112384796,0.1928073614835739,0.09926322289995605,-0.4900477656101634,0.8
39.525,TRACK,-0.07896670699119568,-0.4900706112384796,0.1928073614835739,0.10316699236484816,-0.4892408115502951,0.8
39.545,TRACK,-0.07896670699119568,-0.4900706112384796,0.1928073614835739,0.10709415356247563,-0.4883961939580784,0.8
39.565,TRACK,-0.07896670699119568,-0.4900706112384796,0.1928073614835739,0.11100501077147505,-0.48752219188835366,0.8
39.585,TRACK,-0.07896670699119568,-0.4900706112384796,0.1928073614835739,0.11487509196233812,-0.4866248177463253,0.8
39.605,TRACK,-0.07896670699119568,-0.4900706112384796,0.1928073614835739,0.11877238246668131,-0.48568829630040333,0.8
39.625,TRACK,-0.07896670699119568,-0.4900706112384796,0.1928073614835739,0.12264253250284601,-0.4847254988354629,0.8
39.645,TRACK,-0.07896670699119568,-0.4900706112384796,0.1928073614835739,0.12653624967577176,-0.48372365821612523,0.8
39.665,TRACK,-0.07896670699119568,-0.4900706112384796,0.1928073614835739,0.13040102417320243,-0.48269614965791874,0.8
39.685,TRACK,-0.07896670699119568,-0.4900706112384796,0.1928073614835739,0.13424836237440266,-0.48164029856293283,0.8
39.705,TRACK,-0.07896670699119568,-0.4900706112384796,0.1928073614835739,0.1380710213914975,-0.48055841793886894,0.8
39.725,TRACK,-0.07896670699119568,-0.4900706112384796,0.1928073614835739,0.14193763628138906,-0.4794306074989916,0.8
39.745,TRACK,-0.07896670699119568,-0.4900706112384796,0.1928073614835739,0.14577369439616217,-0.4782781931283239,0.8
39.765,TRACK,-0.07896670699119568,-0.4900706112384796,0.1928073614835739,0.1495734618442073,-0.4771035312297945,0.8
39.785,TRACK,-0.07896670699119568,-0.4900706112384796,0.1928073614835739,0.15342644112163298,-0.4758784794091345,0.8
39.805,TRACK,-0.07896670699119568,-0.4900706112384796,0.1928073614835739,0.15718252533042834,-0.4746510863052451,0.8
39.825,TRACK,-0.07896670699119568,-0.4900706112384796,0.1928073614835739,0.16097100335120199,-0.47337969546665953,0.8
39.845,TRACK,-0.07896670699119568,-0.4900706112384796,0.1928073614835739,0.1647674325185095,-0.4720717034320723,0.8
39.865,TRACK,-0.07896670699119568,-0.4900706112384796,0.1928073614835739,0.1685452441205303,-0.4707361263854208,0.8
39.885,TRACK,-0.07896670699119568,-0.4900706112384796,0.1928073614835739,0.1723085607826835,-0.4693716649745703,0.8
39.905,TRACK,-0.07896670699119568,-0.4900706112384796,0.1928073614835739,0.17605320122848608,-0.46797998924868806,0.8
39.925,TRACK,-0.07896670699119568,-0.4900706112384796,0.1928073614835739,0.17979585789285069,-0.4665548729619849,0.8
39.945,TRACK,-0.07896670699119568,-0.4900706112384796,0.1928073614835739,0.18353092760208742,-0.4650982676956745,0.8
39.965,TRACK,-0.07896670699119568,-0.4900706112384796,0.1928073614835739,0.18724407322095868,-0.46361585072517125,0.8
39.985,TRACK,-0.07896670699119568,-0.4900706112384796,0.1928073614835739,0.19094841945637253,-0.46210247900991963,0.8
40.005,TRACK,-0.07896670699119568,-0.4900706112384796,0.1928073614835739,0.19463456200490747,-0.46056203412044056,0.8
40.025,TRACK,-0.07896670699119568,-0.4900706112384796,0.1928073614835739,0.19830744691683977,-0.4589925451435184,0.8
40.045,TRACK,-0.07896670699119568,-0.4900706112384796,0.1928073614835739,0.20196916022803468,-0.4573931113569404,0.8
40.065,TRACK,-0.07896670699119568,-0.4900706112384796,0.1928073614835739,0.20563153572789142,-0.4557583477175036,0.8
40.085,TRACK,-0.07896670699119568,-0.4900706112384796,0.1928073614835739,0.20926621628305297,-0.45410092570107635,0.8
40.105,TRACK,-0.07896670699119568,-0.4900706112384796,0.1928073614835739,0.21290009428925097,-0.45240860939158534,0.8
40.125,TRACK,-0.07896670699119568,-0.4900706112384796,0.1928073614835739,0.21651392673358885,-0.45069027006404533,0.8
40.145,TRACK,-0.07896670699119568,-0.4900706112384796,0.1928073614835739,0.2200964657961677,-0.4489516073521025,0.8
40.165,TRACK,-0.07896670699119568,-0.4900706112384796,0.1928073614835739,0.22370099466817975,-0.44716648463907377,0.8
40.185,TRACK,-0.07896670699119568,-0.4900706112384796,0.1928073614835739,0.22726050825956937,-0.4453680066928946,0.8
40.205,TRACK,-0.07896670699119568,-0.4900706112384796,0.1928073614835739,0.23081960712655433,-0.4435338870548034,0.8
40.225,TRACK,-0.07896670699119568,-0.4900706112384796,0.1928073614835739,0.23435236350079194,-0.4416774498676525,0.8
40.245,TRACK,-0.07896670699119568,-0.4900706112384796,0.1928073614835739,0.23789283833061697,-0.43978062425600667,0.8
40.265,TRACK,-0.07896670699119568,-0.4900706112384796,0.1928073614835739,0.24139077717822385,-0.43787040627712337,0.8
40.285,TRACK,-0.07896670699119568,-0.4900706112384796,0.1928073614835739,0.24489192020110487,-0.4359219510648846,0.8
40.305,TRACK,-0.07896670699119568,-0.4900706112384796,0.1928073614835739,0.2483721637229226,-0.433948462709103,0.8
40.325,TRACK,-0.07896670699119568,-0.4900706112384796,0.1928073614835739,0.2518320557866401,-0.43194978374606763,0.8
40.345,TRACK,-0.07896670699119568,-0.4900706112384796,0.1928073614835739,0.2552842703754976,-0.4299185286758991,0.8
40.365,TRACK,-0.07896670699119568,-0.4900706112384796,0.1928073614835739,0.2587167561368844,-0.42786170673946494,0.8
40.385,TRACK,-0.07896670699119568,-0.4900706112384796,0.1928073614835739,0.26212187002052645,-0.4257841298791469,0.8
40.405,TRACK,-0.07896670699119568,-0.4900706112384796,0.1928073614835739,0.2655201600897199,-0.42367327575140906,0.8
40.425,TRACK,-0.07896670699119568,-0.4900706112384796,0.1928073614835739,0.2689076434195868,-0.4215313503293965,0.8
40.445,TRACK,-0.07896670699119568,-0.4900706112384796,0.1928073614835739,0.27226801053797356,-0.41936872849283113,0.8
40.465,TRACK,-0.07896670699119568,-0.4900706112384796,0.1928073614835739,0.27563549354614714,-0.41716312720274296,0.8
40.485,TRACK,-0.07896670699119568,-0.4900706112384796,0.1928073614835739,0.2789456568786339,-0.41495701043427075,0.8
40.505,TRACK,-0.07896670699119568,-0.4900706112384796,0.1928073614835739,0.28225638754969756,-0.4127121656643949,0.8
40.525,TRACK,-0.07896670699119568,-0.4900706112384796,0.1928073614835739,0.2855507366455609,-0.4104397358945373,0.8
40.545,TRACK,-0.07896670699119568,-0.4900706112384796,0.1928073614835739,0.28880028403309205,-0.40815976766752177,0.8
40.565,TRACK,-0.07896670699119568,-0.4900706112384796,0.1928073614835739,0.2920737377281039,-0.4058237693008318,0.8
40.585,TRACK,-0.07896670699119568,-0.4900706112384796,0.1928073614835739,0.2953177544813529,-0.40346923536756973,0.8
40.605,TRACK,-0.07896670699119568,-0.4900706112384796,0.1928073614835739,0.29852768191220935,-0.4011000163701352,0.8
40.625,TRACK,-0.07896670699119568,-0.4900706112384796,0.1928073614835739,0.30173016189849317,-0.3986965129026201,0.8
40.645,TRACK,-0.07896670699119568,-0.4900706112384796,0.1928073614835739,0.3049205852925904,-0.39626182842260255,0.8
40.665,TRACK,-0.07896670699119568,-0.4900706112384796,0.1928073614835739,0.3080717593506249,-0.393816951248433,0.8
40.685,TRACK,-0.07896670699119568,-0.4900706112384796,0.1928073614835739,0.3112118776303152,-0.39134021927449997,0.8
40.705,TRACK,-0.07896670699119568,-0.4900706112384796,0.1928073614835739,0.3143322334716952,-0.38883833015881514,0.8
40.725,TRACK,-0.07896670699119568,-0.4900706112384796,0.1928073614835739,0.3174359769251938,-0.38630868557870635,0.8
40.745,TRACK,-0.07896670699119568,-0.4900706112384796,0.1928073614835739,0.320518704673206,-0.38375481750019785,0.8
40.765,TRACK,-0.07896670699119568,-0.4900706112384796,0.1928073614835739,0.3235784146622181,-0.38117844845253995,0.8
40.785,TRACK,-0.07896670699119568,-0.4900706112384796,0.1928073614835739,0.3266101593160888,-0.37858394555437647,0.8
40.805,TRACK,-0.07896670699119568,-0.4900706112384796,0.1928073614835739,0.329625189052167,-0.3759617463816275,0.8
40.825,TRACK,-0.07896670699119568,-0.4900706112384796,0.1928073614835739,0.33262764039092757,-0.37330798658475517,0.8
40.845,TRACK,-0.07896670699119568,-0.4900706112384796,0.1928073614835739,0.33561265090853953,-0.3706266970283479,0.8
40.865,TRACK,-0.07896670699119568,-0.4900706112384796,0.1928073614835739,0.3385638027003317,-0.36793280840540826,0.8
40.885,TRACK,-0.07896670699119568,-0.4900706112384796,0.1928073614835739,0.34148890861126346,-0.3652195576574291,0.8
40.905,TRACK,-0.07896670699119568,-0.4900706112384796,0.1928073614835739,0.344400152943944,-0.3624755642139039,0.8
40.925,TRACK,-0.07896670699119568,-0.4900706112384796,0.1928073614835739,0.34729247068736346,-0.35970535136951576,0.8
40.945,TRACK,-0.07896670699119568,-0.4900706112384796,0.1928073614835739,0.35016284710544837,-0.3569117264913082,0.8
40.965,TRACK,-0.07896670699119568,-0.4900706112384796,0.1928073614835739,0.35298505305957756,-0.35412081598873457,0.8
40.985,TRACK,-0.07896670699119568,-0.4900706112384796,0.1928073614835739,0.3558034415952315,-0.35128892801935657,0.8
41.005,TRACK,-0.07896670699119568,-0.4900706112384796,0.1928073614835739,0.3586043284690773,-0.34842924045384327,0.8
41.025,TRACK,-0.07896670699119568,-0.4900706112384796,0.1928073614835739,0.3613847364803,-0.34554460238739676,0.8
41.045,TRACK,-0.07896670699119568,-0.4900706112384796,0.1928073614835739,0.36414857423973,-0.3426307281595914,0.8
41.065,TRACK,-0.07896670699119568,-0.4900706112384796,0.1928073614835739,0.3668776439706365,-0.3397069242075511,0.8
41.085,TRACK,-0.07896670699119568,-0.4900706112384796,0.1928073614835739,0.3695860328255297,-0.33675831740327733,0.8
41.105,TRACK,-0.07896670699119568,-0.4900706112384796,0.1928073614835739,0.3722596782513224,-0.3338004373098123,0.8
41.125,TRACK,-0.07896670699119568,-0.4900706112384796,0.1928073614835739,0.3749283600834932,-0.33080012818181087,0.8
41.145,TRACK,-0.07896670699119568,-0.4900706112384796,0.1928073614835739,0.3775540734448204,-0.3278001245045876,0.8
41.165,TRACK,-0.07896670699119568,-0.4900706112384796,0.1928073614835739,0.3801661277466059,-0.3247671709304241,0.8
41.185,TRACK,-0.07896670699119568,-0.4900706112384796,0.1928073614835739,0.3827531435341229,-0.3217142072006568,0.8
41.205,TRACK,-0.07896670699119568,-0.4900706112384796,0.1928073614835739,0.38531543013691144,-0.31864089395180734,0.8
41.225,TRACK,-0.07896670699119568,-0.4900706112384796,0.1928073614835739,0.38785972080782716,-0.3155389626890384,0.8
41.245,TRACK,-0.07896670699119568,-0.4900706112384796,0.1928073614835739,0.3903591668197216,-0.3124415479410713,0.8
41.265,TRACK,-0.07896670699119568,-0.4900706112384796,0.1928073614835739,0.3928597179504096,-0.30929151623011686,0.8
41.285,TRACK,-0.07896670699119568,-0.4900706112384796,0.1928073614835739,0.39531949378998826,-0.3061413036975368,0.8
41.305,TRACK,-0.07896670699119568,-0.4900706112384796,0.1928073614835739,0.3977501957746852,-0.30297653665127205,0.8
41.325,TRACK,-0.07896670699119568,-0.4900706112384796,0.1928073614835739,0.4001576210654237,-0.2997897234784087,0.8
41.345,TRACK,-0.07896670699119568,-0.4900706112384796,0.1928073614835739,0.40255311832846036,-0.29656531645496337,0.8
41.365,TRACK,-0.07896670699119568,-0.4900706112384796,0.1928073614835739,0.4049119204178931,-0.29333655875716175,0.8
41.385,TRACK,-0.07896670699119568,-0.4900706112384796,0.1928073614835739,0.40724006780347327,-0.2900957207120134,0.8
41.405,TRACK,-0.07896670699119568,-0.4900706112384796,0.1928073614835739,0.4095503189288548,-0.286824922671084,0.8
41.425,TRACK,-0.07896670699119568,-0.4900706112384796,0.1928073614835739,0.41183019073958843,-0.2835416971018446,0.8
41.445,TRACK,-0.07896670699119568,-0.4900706112384796,0.1928073614835739,0.41408491860293056,-0.2802386129454761,0.8
41.465,TRACK,-0.07896670699119568,-0.4900706112384796,0.1928073614835739,0.4163141054187413,-0.2769161707618267,0.8
41.485,TRACK,-0.07896670699119568,-0.4900706112384796,0.1928073614835739,0.41851282576742643,-0.2735818244477578,0.8
41.505,TRACK,-0.07896670699119568,-0.4900706112384796,0.1928073614835739,0.42068798530477197,-0.27022512655231,0.8
41.525,TRACK,-0.07896670699119568,-0.4900706112384796,0.1928073614835739,0.4228459441337538,-0.26683573135851646,0.8
41.545,TRACK,-0.07896670699119568,-0.4900706112384796,0.1928073614835739,0.4249653657643144,-0.26344722033227547,0.8
41.565,TRACK,-0.07896670699119568,-0.4900706112384796,0.1928073614835739,0.4270535171095153,-0.26004863684394297,0.8
41.585,TRACK,-0.07896670699119568,-0.4900706112384796,0.1928073614835739,0.429120167468834,-0.2566240087589621,0.8
41.605,TRACK,-0.07896670699119568,-0.4900706112384796,0.1928073614835739,0.43116070778255206,-0.2531806549964842,0.8
41.625,TRACK,-0.07896670699119568,-0.4900706112384796,0.1928073614835739,0.4331737613646792,-0.24972082905752163,0.8
41.645,TRACK,-0.07896670699119568,-0.4900706112384796,0.1928073614835739,0.4351582069371743,-0.24624649222927705,0.8
41.665,TRACK,-0.07896670699119568,-0.4900706112384796,0.1928073614835739,0.437114092114632,-0.24275763731508226,0.8
41.685,TRACK,-0.07896670699119568,-0.4900706112384796,0.1928073614835739,0.4390401808242616,-0.23925659786471865,0.8
41.705,TRACK,-0.07896670699119568,-0.4900706112384796,0.1928073614835739,0.44094040947865204,-0.23573619851180824,0.8
41.725,TRACK,-0.07896670699119568,-0.4900706112384796,0.1928073614835739,0.4428095319456298,-0.23220619806131845,0.8
41.745,TRACK,-0.07896670699119568,-0.4900706112384796,0.1928073614835739,0.44465898673934495,-0.2286446708583847,0.8
41.765,TRACK,-0.07896670699119568,-0.4900706112384796,0.1928073614835739,0.44647352895543674,-0.22508084756833224,0.8
41.785,TRACK,-0.07896670699119568,-0.4900706112384796,0.1928073614835739,0.44825234733624475,-0.22151711696288082,0.8
41.805,TRACK,-0.07896670699119568,-0.4900706112384796,0.1928073614835739,0.45001529451250327,-0.21791336513583776,0.8
41.825,TRACK,-0.07896670699119568,-0.4900706112384796,0.1928073614835739,0.4517451004894794,-0.21430437275928396,0.8
41.845,TRACK,-0.07896670699119568,-0.4900706112384796,0.1928073614835739,0.45344745077166126,-0.2106784502237517,0.8
41.865,TRACK,-0.07896670699119568,-0.4900706112384796,0.1928073614835739,0.4551111017818035,-0.2070601000554016,0.8
41.885,TRACK,-0.07896670699119568,-0.4900706112384796,0.1928073614835739,0.4567581016611892,-0.2034011714982654,0.8
41.905,TRACK,-0.07896670699119568,-0.4900706112384796,0.1928073614835739,0.4583667899390056,-0.19974955789941448,0.8
41.925,TRACK,-0.07896670699119568,-0.4900706112384796,0.1928073614835739,0.4599530733363065,-0.19606929981128177,0.8
41.945,TRACK,-0.07896670699119568,-0.4900706112384796,0.1928073614835739,0.4615061572280312,-0.19238520431835646,0.8
41.965,TRACK,-0.07896670699119568,-0.4900706112384796,0.1928073614835739,0.46303250424479414,-0.18868200765519408,0.8
41.985,TRACK,-0.07896670699119568,-0.4900706112384796,0.1928073614835739,0.4645171760424551,-0.18499673824568572,0.8
42.005,TRACK,-0.07896670699119568,-0.4900706112384796,0.1928073614835739,0.4659826832124067,-0.181273657617884,0.8
42.025,TRACK,-0.07896670699119568,-0.4900706112384796,0.1928073614835739,0.46742461497966764,-0.17752247550974903,0.8
42.045,TRACK,-0.07896670699119568,-0.4900706112384796,0.1928073614835739,0.4688608374398701,-0.1736937394242628,0.8
42.065,TRACK,-0.07896670699119568,-0.4900706112384796,0.1928073614835739,0.47020659451776553,-0.17001693583877348,0.8
42.085,TRACK,-0.07896670699119568,-0.4900706112384796,0.1928073614835739,0.47154909915937654,-0.1662571715204505,0.8
42.105,TRACK,-0.07896670699119568,-0.4900706112384796,0.1928073614835739,0.47286346279127783,-0.16248121601293433,0.8
42.125,TRACK,-0.07896670699119568,-0.4900706112384796,0.1928073614835739,0.47414951281654133,-0.15868912847399633,0.8
42.145,TRACK,-0.07896670699119568,-0.4900706112384796,0.1928073614835739,0.47540692557661635,-0.15488142275234154,0.8
42.165,TRACK,-0.07896670699119568,-0.4900706112384796,0.1928073614835739,0.4766293088805395,-0.1510778008711382,0.8
42.185,TRACK,-0.07896670699119568,-0.4900706112384796,0.1928073614835739,0.4778228618283876,-0.14725933829176874,0.8
42.205,TRACK,-0.07896670699119568,-0.4900706112384796,0.1928073614835739,0.4789846067058142,-0.14343551352045453,0.8
42.225,TRACK,-0.07896670699119568,-0.4900706112384796,0.1928073614835739,0.48011786837742726,-0.1395952451364853,0.8
42.245,TRACK,-0.07896670699119568,-0.4900706112384796,0.1928073614835739,0.4812202375931729,-0.13574639196225533,0.8
42.265,TRACK,-0.07896670699119568,-0.4900706112384796,0.1928073614835739,0.48228883491578317,-0.13189950612332269,0.8
42.285,TRACK,-0.07896670699119568,-0.4900706112384796,0.1928073614835739,0.48332941588016215,-0.12803388514350894,0.8
42.305,TRACK,-0.07896670699119568,-0.4900706112384796,0.1928073614835739,0.4843380073299115,-0.12416398292456068,0.8
42.325,TRACK,-0.07896670699119568,-0.4900706112384796,0.1928073614835739,0.4853151436036245,-0.1202880351032194,0.8
42.345,TRACK,-0.07896670699119568,-0.4900706112384796,0.1928073614835739,0.48626380492479265,-0.11639377998872272,0.8
42.365,TRACK,-0.07896670699119568,-0.4900706112384796,0.1928073614835739,0.48717839694380655,-0.11250426459144944,0.8
42.385,TRACK,-0.07896670699119568,-0.4900706112384796,0.1928073614835739,0.4880630899350866,-0.10860211896190397,0.8
42.405,TRACK,-0.07896670699119568,-0.4900706112384796,0.1928073614835739,0.4889159194432571,-0.10469586293141943,0.8
42.425,TRACK,-0.07896670699119568,-0.4900706112384796,0.1928073614835739,0.4897366395889207,-0.10078702220103329,0.8
42.445,TRACK,-0.07896670699119568,-0.4900706112384796,0.1928073614835739,0.49052965663012865,-0.09685378653582982,0.8
42.465,TRACK,-0.07896670699119568,-0.4900706112384796,0.1928073614835739,0.4912863438200278,-0.09293938011386475,0.8
42.485,TRACK,-0.07896670699119568,-0.4900706112384796,0.1928073614835739,0.4920104957743776,-0.08902624359059037,0.8
42.505,TRACK,-0.07896670699119568,-0.4900706112384796,0.1928073614835739,0.4927071317444548,-0.08508632280309492,0.8
42.525,TRACK,-0.07896670699119568,-0.4900706112384796,0.1928073614835739,0.4933771387350325,-0.08111102868064542,0.8
42.545,TRACK,-0.07896670699119568,-0.4900706112384796,0.1928073614835739,0.49401043015309754,-0.07716018986466754,0.8
42.565,TRACK,-0.07896670699119568,-0.4900706112384796,0.1928073614835739,0.4946114564402104,-0.07320865493979448,0.8
42.585,TRACK,-0.07896670699119568,-0.4900706112384796,0.1928073614835739,0.4951804724736339,-0.06925532240043851,0.8
42.605,TRACK,-0.07896670699119568,-0.4900706112384796,0.1928073614835739,0.49571787212674145,-0.06529771247245639,0.8
42.625,TRACK,-0.07896670699119568,-0.4900706112384796,0.1928073614835739,0.4962246363968134,-0.0613278911495441,0.8
42.645,TRACK,-0.07896670699119568,-0.4900706112384796,0.1928073614835739,0.4966985542139192,-0.057363283045885845,0.8
42.665,TRACK,-0.07896670699119568,-0.4900706112384796,0.1928073614835739,0.49714049669158217,-0.05339781408678636,0.8
42.685,TRACK,-0.07896670699119568,-0.4900706112384796,0.1928073614835739,0.4975531418526677,-0.04940517212336316,0.8
42.705,TRACK,-0.07896670699119568,-0.4900706112384796,0.1928073614835739,0.49793257834287236,-0.04542188266484863,0.8
42.725,TRACK,-0.07896670699119568,-0.4900706112384796,0.1928073614835739,0.49827965977943156,-0.041441291607452434,0.8
42.745,TRACK,-0.07896670699119568,-0.4900706112384796,0.1928073614835739,0.49859666267137137,-0.03743484971214254,0.8
42.765,TRACK,-0.07896670699119568,-0.4900706112384796,0.1928073614835739,0.4988800745638153,-0.033446542470068265,0.8
42.785,TRACK,-0.07896670699119568,-0.4900706112384796,0.1928073614835739,0.49912950984837096,-0.029491225788782882,0.8
42.805,TRACK,-0.07896670699119568,-0.4900706112384796,0.1928073614835739,0.49935117318494165,-0.02546381430230814,0.8
42.825,TRACK,-0.07896670699119568,-0.4900706112384796,0.1928073614835739,0.4995391110185104,-0.021463377246750615,0.8
42.845,TRACK,-0.07896670699119568,-0.4900706112384796,0.1928073614835739,0.49969435432131704,-0.017480053186476673,0.8
42.865,TRACK,-0.07896670699119568,-0.4900706112384796,0.1928073614835739,0.4998179046037092,-0.013493044043413767,0.8
42.885,TRACK,-0.07896670699119568,-0.4900706112384796,0.1928073614835739,0.49991020912721934,-0.009475379168129258,0.8
42.905,TRACK,-0.07896670699119568,-0.4900706112384796,0.1928073614835739,0.49997001949079106,-0.005475363949366966,0.8
42.925,TRACK,-0.07896670699119568,-0.4900706112384796,0.1928073614835739,0.4999978215612537,-0.0014759518964618217,0.8
42.945,TRACK,-0.07896670699119568,-0.4900706112384796,0.1928073614835739,0.49999354857386014,0.0025399575821184205,0.8
42.965,TRACK,-0.07896670699119568,-0.4900706112384796,0.1928073614835739,0.49995746427653953,0.006521802984812778,0.8
42.985,TRACK,-0.07896670699119568,-0.4900706112384796,0.1928073614835739,0.4998898451093202,0.010494891927974608,0.8
43.005,TRACK,-0.07896670699119568,-0.4900706112384796,0.1928073614835739,0.4997893165775291,0.014513408798981966,0.8
43.025,TRACK,-0.07896670699119568,-0.4900706112384796,0.1928073614835739,0.49965702682789126,0.01851635875413878,0.8
43.045,TRACK,-0.07896670699119568,-0.4900706112384796,0.1928073614835739,0.4994942690580557,0.022482775143621396,0.8
43.065,TRACK,-0.07896670699119568,-0.4900706112384796,0.1928073614835739,0.4992961861937768,0.02652015181610661,0.8
43.085,TRACK,-0.07896670699119568,-0.4900706112384796,0.1928073614835739,0.49907032431931553,0.03047640700301149,0.8
43.105,TRACK,-0.07896670699119568,-0.4900706112384796,0.1928073614835739,0.4988106838167273,0.03446595001285928,0.8
43.125,TRACK,-0.07896670699119568,-0.4900706112384796,0.1928073614835739,0.4985176366836387,0.03847292444511599,0.8
43.145,TRACK,-0.07896670699119568,-0.4900706112384796,0.1928073614835739,0.498192802843712,0.04247271117701695,0.8
43.165,TRACK,-0.07896670699119568,-0.4900706112384796,0.1928073614835739,0.4978368659499137,0.04645917456399371,0.8
43.185,TRACK,-0.07896670699119568,-0.4900706112384796,0.1928073614835739,0.49745043499319025,0.05042880848370097,0.8
43.205,TRACK,-0.07896670699119568,-0.4900706112384796,0.1928073614835739,0.49703101308464237,0.054407463017991105,0.8
43.225,TRACK,-0.07896670699119568,-0.4900706112384796,0.1928073614835739,0.4965803546388611,0.05837766171013499,0.8
43.245,TRACK,-0.07896670699119568,-0.4900706112384796,0.1928073614835739,0.4960962828119931,0.06235766336323855,0.8
43.265,TRACK,-0.07896670699119568,-0.4900706112384796,0.1928073614835739,0.49558168516382095,0.06632339956747893,0.8
43.285,TRACK,-0.07896670699119568,-0.4900706112384796,0.1928073614835739,0.49503785945522744,0.07026747260280865,0.8
43.305,TRACK,-0.07896670699119568,-0.4900706112384796,0.1928073614835739,0.4944561115274141,0.07425061463172823,0.8
43.325,TRACK,-0.07896670699119568,-0.4900706112384796,0.1928073614835739,0.4938472754618644,0.0781976247650361,0.8
43.345,TRACK,-0.07896670699119568,-0.4900706112384796,0.1928073614835739,0.49320415946754276,0.08215629667843279,0.8
43.365,TRACK,-0.07896670699119568,-0.4900706112384796,0.1928073614835739,0.49253167623324123,0.08609615500632799,0.8
43.385,TRACK,-0.07896670699119568,-0.4900706112384796,0.1928073614835739,0.4918299186456639,0.09001850434771547,0.8
43.405,TRACK,-0.07896670699119568,-0.4900706112384796,0.1928073614835739,0.4910917377219882,0.09396225381076123,0.8
43.425,TRACK,-0.07896670699119568,-0.4900706112384796,0.1928073614835739,0.49032466967328564,0.09788625189363064,0.8
43.445,TRACK,-0.07896670699119568,-0.4900706112384796,0.1928073614835739,0.48952558779350597,0.10180716524598106,0.8
43.465,TRACK,-0.07896670699119568,-0.4900706112384796,0.1928073614835739,0.48869554580602115,0.10571974039579868,0.8
43.485,TRACK,-0.07896670699119568,-0.4900706112384796,0.1928073614835739,0.48783676265884485,0.1096142919446997,0.8
43.505,TRACK,-0.07896670699119568,-0.4900706112384796,0.1928073614835739,0.48694297041188955,0.11351891281388149,0.8
43.525,TRACK,-0.07896670699119568,-0.4900706112384796,0.1928073614835739,0.4860192364029525,0.11741082508138222,0.8
43.545,TRACK,-0.07896670699119568,-0.4900706112384796,0.1928073614835739,0.48506160872344495,0.12130637140160286,0.8
43.565,TRACK,-0.07896670699119568,-0.4900706112384796,0.1928073614835739,0.4840770081162175,0.1251776745799805,0.8
43.585,TRACK,-0.07896670699119568,-0.4900706112384796,0.1928073614835739,0.48306227393451795,0.12903813196575944,0.8
43.605,TRACK,-0.07896670699119568,-0.4900706112384796,0.1928073614835739,0.48201426950905646,0.1328993754298744,0.8
43.625,TRACK,-0.07896670699119568,-0.4900706112384796,0.1928073614835739,0.48093791864836294,0.136743257260388,0.8
43.645,TRACK,-0.07896670699119568,-0.4900706112384796,0.1928073614835739,0.4798289573973527,0.14058510462694643,0.8
43.665,TRACK,-0.07896670699119568,-0.4900706112384796,0.1928073614835739,0.47869093223690096,0.14441257353210873,0.8
43.685,TRACK,-0.07896670699119568,-0.4900706112384796,0.1928073614835739,0.4775200584704076,0.14823830057855664,0.8
43.705,TRACK,-0.07896670699119568,-0.4900706112384796,0.1928073614835739,0.47631356316801304,0.15207034405889674,0.8
43.725,TRACK,-0.07896670699119568,-0.4900706112384796,0.1928073614835739,0.47508149018362145,0.15587680290828912,0.8
43.745,TRACK,-0.07896670699119568,-0.4900706112384796,0.1928073614835739,0.473818495915031,0.15967477236187866,0.8
43.765,TRACK,-0.07896670699119568,-0.4900706112384796,0.1928073614835739,0.47252596608654474,0.16346012166267823,0.8
43.785,TRACK,-0.07896670699119568,-0.4900706112384796,0.1928073614835739,0.47120501366851913,0.16722988696297894,0.8
43.805,TRACK,-0.07896670699119568,-0.4900706112384796,0.1928073614835739,0.469851606140157,0.17099552101594592,0.8
43.825,TRACK,-0.07896670699119568,-0.4900706112384796,0.1928073614835739,0.4684644562559754,0.17475998748224186,0.8
43.845,TRACK,-0.07896670699119568,-0.4900706112384796,0.1928073614835739,0.46706209163266044,0.1784740949261946,0.8
43.865,TRACK,-0.07896670699119568,-0.4900706112384796,0.1928073614835739,0.4656066836801718,0.18223725226295656,0.8
43.885,TRACK,-0.07896670699119568,-0.4900706112384796,0.1928073614835739,0.4641505715503186,0.18591462268878312,0.8
43.905,TRACK,-0.07896670699119568,-0.4900706112384796,0.1928073614835739,0.462634800886415,0.18965505795730078,0.8
43.925,TRACK,-0.07896670699119568,-0.4900706112384796,0.1928073614835739,0.4611132282533548,0.19332509079208907,0.8
43.945,TRACK,-0.07896670699119568,-0.4900706112384796,0.1928073614835739,0.45953450917898886,0.19704830593949754,0.8
43.965,TRACK,-0.07896670699119568,-0.4900706112384796,0.1928073614835739,0.45795130305470516,0.20070028408175608,0.8
43.985,TRACK,-0.07896670699119568,-0.4900706112384796,0.1928073614835739,0.45632919413673123,0.20436160739855577,0.8
44.005,TRACK,-0.07896670699119568,-0.4900706112384796,0.1928073614835739,0.45468043197504615,0.20800409798603828,0.8
44.025,TRACK,-0.07896670699119568,-0.4900706112384796,0.1928073614835739,0.4530027770932478,0.21163289901573723,0.8
44.045,TRACK,-0.07896670699119568,-0.4900706112384796,0.1928073614835739,0.4512932258420827,0.21525432471624573,0.8
44.065,TRACK,-0.07896670699119568,-0.4900706112384796,0.1928073614835739,0.4495561229453262,0.2188590695456022,0.8
44.085,TRACK,-0.07896670699119568,-0.4900706112384796,0.1928073614835739,0.44779476719875866,0.2224406583100525,0.8
44.105,TRACK,-0.07896670699119568,-0.4900706112384796,0.1928073614835739,0.44600244209074313,0.2260128793876431,0.8
44.125,TRACK,-0.07896670699119568,-0.4900706112384796,0.1928073614835739,0.4441744174496223,0.22958459635456518,0.8
44.145,TRACK,-0.07896670699119568,-0.4900706112384796,0.1928073614835739,0.4423255050373472,0.23312689161367842,0.8
44.165,TRACK,-0.07896670699119568,-0.4900706112384796,0.1928073614835739,0.44044739545391204,0.2366560623306853,0.8
44.185,TRACK,-0.07896670699119568,-0.4900706112384796,0.1928073614835739,0.4385433729602584,0.24016600515609962,0.8
44.205,TRACK,-0.07896670699119568,-0.4900706112384796,0.1928073614835739,0.4366062446320336,0.243669832249117,0.8
44.225,TRACK,-0.07896670699119568,-0.4900706112384796,0.1928073614835739,0.43463666742856794,0.2471658700682366,0.8
44.245,TRACK,-0.07896670699119568,-0.4900706112384796,0.1928073614835739,0.43260445673986275,0.2507057717899774,0.8
44.265,TRACK,-0.07896670699119568,-0.4900706112384796,0.1928073614835739,0.43063106084194247,0.25408047827045516,0.8
44.285,TRACK,-0.07896670699119568,-0.4900706112384796,0.1928073614835739,0.4285869690485437,0.2575135141342734,0.8
44.305,TRACK,-0.07896670699119568,-0.4900706112384796,0.1928073614835739,0.4265147130284536,0.26093140778805424,0.8
44.325,TRACK,-0.07896670699119568,-0.4900706112384796,0.1928073614835739,0.4244136880688353,0.26433505514745753,0.8
44.345,TRACK,-0.07896670699119568,-0.4900706112384796,0.1928073614835739,0.4222896893113984,0.2677151813052122,0.8
44.365,TRACK,-0.07896670699119568,-0.4900706112384796,0.1928073614835739,0.42013160990623055,0.2710893401769957,0.8
44.385,TRACK,-0.07896670699119568,-0.4900706112384796,0.1928073614835739,0.4179484555296908,0.27444323369386625,0.8
44.405,TRACK,-0.07896670699119568,-0.4900706112384796,0.1928073614835739,0.415739984774359,0.277777365996252,0.8
44.425,TRACK,-0.07896670699119568,-0.4900706112384796,0.1928073614835739,0.41349561468122303,0.28110741121393,0.8
44.445,TRACK,-0.07896670699119568,-0.4900706112384796,0.1928073614835739,0.4112332785288059,0.2844067345026301,0.8
44.465,TRACK,-0.07896670699119568,-0.4900706112384796,0.1928073614835739,0.40894338273582015,0.2876896065494625,0.8
44.485,TRACK,-0.07896670699119568,-0.4900706112384796,0.1928073614835739,0.4066341617012266,0.29094442517006697,0.8
44.505,TRACK,-0.07896670699119568,-0.4900706112384796,0.1928073614835739,0.4042909277578436,0.29419185191419234,0.8
44.525,TRACK,-0.07896670699119568,-0.4900706112384796,0.1928073614835739,0.4019322262753781,0.2974062633525364,0.8
44.545,TRACK,-0.07896670699119568,-0.4900706112384796,0.1928073614835739,0.3995322867423691,0.3006226070181904,0.8
44.565,TRACK,-0.07896670699119568,-0.4900706112384796,0.1928073614835739,0.39711701162694824,0.3038059892044301,0.8
44.585,TRACK,-0.07896670699119568,-0.4900706112384796,0.1928073614835739,0.39467965145654405,0.30696575171530277,0.8
44.605,TRACK,-0.07896670699119568,-0.4900706112384796,0.1928073614835739,0.3922130396489195,0.31011115995616007,0.8
44.625,TRACK,-0.07896670699119568,-0.4900706112384796,0.1928073614835739,0.3897246769223539,0.3132326231377678,0.8
44.645,TRACK,-0.07896670699119568,-0.4900706112384796,0.1928073614835739,0.38719349165721595,0.31635612846646965,0.8
44.665,TRACK,-0.07896670699119568,-0.4900706112384796,0.1928073614835739,0.38465469925347984,0.3194381980011391,0.8
44.685,TRACK,-0.07896670699119568,-0.4900706112384796,0.1928073614835739,0.3820924198600277,0.32249865532356614,0.8
44.705,TRACK,-0.07896670699119568,-0.4900706112384796,0.1928073614835739,0.37949731535241155,0.32554844131144645,0.8
44.725,TRACK,-0.07896670699119568,-0.4900706112384796,0.1928073614835739,0.37687097482030535,0.3285852527701035,0.8
44.745,TRACK,-0.07896670699119568,-0.4900706112384796,0.1928073614835739,0.37424227999954485,0.3315761087001629,0.8
44.765,TRACK,-0.07896670699119568,-0.4900706112384796,0.1928073614835739,0.37157622669867846,0.3345610672991888,0.8
44.785,TRACK,-0.07896670699119568,-0.4900706112384796,0.1928073614835739,0.36888189175324804,0.33752948009995365,0.8
44.805,TRACK,-0.07896670699119568,-0.4900706112384796,0.1928073614835739,0.36617140922806873,0.3404680588013069,0.8
44.825,TRACK,-0.07896670699119568,-0.4900706112384796,0.1928073614835739,0.363431525264642,0.34339121486114915,0.8
44.845,TRACK,-0.07896670699119568,-0.4900706112384796,0.1928073614835739,0.36067623228040013,0.3462840675919336,0.8
44.865,TRACK,-0.07896670699119568,-0.4900706112384796,0.1928073614835739,0.35788632548417926,0.3491666908962424,0.8
44.885,TRACK,-0.07896670699119568,-0.4900706112384796,0.1928073614835739,0.3550889912726907,0.3520110911277413,0.8
44.905,TRACK,-0.07896670699119568,-0.4900706112384796,0.1928073614835739,0.35226106489817555,0.35484100968856935,0.8
44.925,TRACK,-0.07896670699119568,-0.4900706112384796,0.1928073614835739,0.34940755029169435,0.3576511761467549,0.8
44.945,TRACK,-0.07896670699119568,-0.4900706112384796,0.1928073614835739,0.34653687748019163,0.3604333399482887,0.8
44.965,TRACK,-0.07896670699119568,-0.4900706112384796,0.1928073614835739,0.3436407965044844,0.363195543719583,0.8
44.985,TRACK,-0.07896670699119568,-0.4900706112384796,0.1928073614835739,0.3407277243882317,0.36592979905060646,0.8
45.005,TRACK,-0.07896670699119568,-0.4900706112384796,0.1928073614835739,0.33780836577713186,0.36862651561029014,0.8
45.025,TRACK,-0.07896670699119568,-0.4900706112384796,0.1928073614835739,0.33482963250889375,0.3713342391888461,0.8
45.045,TRACK,-0.07896670699119568,-0.4900706112384796,0.1928073614835739,0.3318458889147495,0.3740030828888711,0.8
45.065,TRACK,-0.07896670699119568,-0.4900706112384796,0.1928073614835739,0.3288370658671669,0.37665127653025754,0.8
45.085,TRACK,-0.07896670699119568,-0.4900706112384796,0.1928073614835739,0.32581720196219655,0.3792665960845026,0.8
45.105,TRACK,-0.07896670699119568,-0.4900706112384796,0.1928073614835739,0.32277850507438344,0.3818560418036439,0.8
45.125,TRACK,-0.07896670699119568,-0.4900706112384796,0.1928073614835739,0.31971296012164013,0.3844263559256292,0.8
45.145,TRACK,-0.07896670699119568,-0.4900706112384796,0.1928073614835739,0.3166186447285541,0.38697885447431574,0.8
45.165,TRACK,-0.07896670699119568,-0.4900706112384796,0.1928073614835739,0.3135165069758337,0.3894963412583897,0.8
45.185,TRACK,-0.07896670699119568,-0.4900706112384796,0.1928073614835739,0.3104159599684404,0.39197185077103636,0.8
45.205,TRACK,-0.07896670699119568,-0.4900706112384796,0.1928073614835739,0.30725573038216847,0.3944539468015502,0.8
45.225,TRACK,-0.07896670699119568,-0.4900706112384796,0.1928073614835739,0.30408333868423576,0.3969046776426909,0.8
45.245,TRACK,-0.07896670699119568,-0.4900706112384796,0.1928073614835739,0.30090229197103374,0.3993216882246427,0.8
45.265,TRACK,-0.07896670699119568,-0.4900706112384796,0.1928073614835739,0.2976969774632385,0.40171695210589764,0.8
45.285,TRACK,-0.07896670699119568,-0.4900706112384796,0.1928073614835739,0.2944816529053916,0.4040798882672936,0.8
45.305,TRACK,-0.07896670699119568,-0.4900706112384796,0.1928073614835739,0.29122869773526766,0.40643061599173375,0.8
45.325,TRACK,-0.07896670699119568,-0.4900706112384796,0.1928073614835739,0.28797401339230777,0.4087431560414522,0.8
45.345,TRACK,-0.07896670699119568,-0.4900706112384796,0.1928073614835739,0.28469473424295083,0.4110339502940549,0.8
45.365,TRACK,-0.07896670699119568,-0.4900706112384796,0.1928073614835739,0.2813938827227454,0.4133007171131183,0.8
45.388,TRACK,-0.07896670699119568,-0.4900706112384796,0.1928073614835739,0.2780727646582159,0.41554246179582716,0.8
45.405,TRACK,-0.07896670699119568,-0.4900706112384796,0.1928073614835739,0.2747577321550923,0.41774177265505846,0.8
45.425,TRACK,-0.07896670699119568,-0.4900706112384796,0.1928073614835739,0.2710063680575377,0.4201851359487415,0.8
45.445,TRACK,-0.07896670699119568,-0.4900706112384796,0.1928073614835739,0.2680443408077205,0.4220808351026549,0.8
45.466,TRACK,-0.07896670699119568,-0.4900706112384796,0.1928073614835739,0.2646619070084939,0.42420994210252466,0.8
45.485,TRACK,-0.07896670699119568,-0.4900706112384796,0.1928073614835739,0.2612556508185556,0.4263161795139529,0.8
45.505,TRACK,-0.07896670699119568,-0.4900706112384796,0.1928073614835739,0.25784403213826357,0.42838820605927297,0.8
45.525,TRACK,-0.07896670699119568,-0.4900706112384796,0.1928073614835739,0.2543968929569553,0.43044421340499794,0.8
45.545,TRACK,-0.07896670699119568,-0.4900706112384796,0.1928073614835739,0.2509501877826167,0.43246271891559557,0.8
45.565,TRACK,-0.07896670699119568,-0.4900706112384796,0.1928073614835739,0.24748456753313422,0.43445527828872965,0.8
45.585,TRACK,-0.07896670699119568,-0.4900706112384796,0.1928073614835739,0.24399925656789223,0.43642222994975394,0.8
45.605,TRACK,-0.07896670699119568,-0.4900706112384796,0.1928073614835739,0.24050220164115094,0.43835908911046795,0.8
45.625,TRACK,-0.07896670699119568,-0.4900706112384796,0.1928073614835739,0.23698087168875814,0.4402727182708876,0.8
45.645,TRACK,-0.07896670699119568,-0.4900706112384796,0.1928073614835739,0.23343525037765597,0.4421628476942868,0.8
45.665,TRACK,-0.07896670699119568,-0.4900706112384796,0.1928073614835739,0.22988514103530594,0.44401894321208585,0.8
45.685,TRACK,-0.07896670699119568,-0.4900706112384796,0.1928073614835739,0.22632860829989565,0.4458423051539999,0.8
45.705,TRACK,-0.07896670699119568,-0.4900706112384796,0.1928073614835739,0.2227550530533766,0.4476384549378967,0.8
45.725,TRACK,-0.07896670699119568,-0.4900706112384796,0.1928073614835739,0.21916835897088824,0.4494054187768633,0.8
45.745,TRACK,-0.07896670699119568,-0.4900706112384796,0.1928073614835739,0.21556623011064432,0.45114432328899445,0.8
45.765,TRACK,-0.07896670699119568,-0.4900706112384796,0.1928073614835739,0.2119456415020233,0.4528565391471076,0.8
45.785,TRACK,-0.07896670699119568,-0.4900706112384796,0.1928073614835739,0.20831695938529352,0.45453717607305344,0.8
45.805,TRACK,-0.07896670699119568,-0.4900706112384796,0.1928073614835739,0.20469522513732963,0.4561796409376222,0.8
45.825,TRACK,-0.07896670699119568,-0.4900706112384796,0.1928073614835739,0.20102688085804413,0.4578080309174204,0.8
45.845,TRACK,-0.07896670699119568,-0.4900706112384796,0.1928073614835739,0.1973476866861,0.45940601928973995,0.8
45.865,TRACK,-0.07896670699119568,-0.4900706112384796,0.1928073614835739,0.19367196906590997,0.4609676435479319,0.8
45.885,TRACK,-0.07896670699119568,-0.4900706112384796,0.1928073614835739,0.19000277332600507,0.46249210385521905,0.8
45.905,TRACK,-0.07896670699119568,-0.4900706112384796,0.1928073614835739,0.1862947196819727,0.46399814376634657,0.8
45.925,TRACK,-0.07896670699119568,-0.4900706112384796,0.1928073614835739,0.1825678492573039,0.46547715348614305,0.8
45.945,TRACK,-0.07896670699119568,-0.4900706112384796,0.1928073614835739,0.17882211348568802,0.4669289579031394,0.8
45.965,TRACK,-0.07896670699119568,-0.4900706112384796,0.1928073614835739,0.17508328086673078,0.4683437250150166,0.8
45.985,TRACK,-0.07896670699119568,-0.4900706112384796,0.1928073614835739,0.1713419919670934,0.46972536847475943,0.8
46.005,TRACK,-0.07896670699119568,-0.4900706112384796,0.1928073614835739,0.16757515571384035,0.47108233588989745,0.8
46.025,TRACK,-0.07896670699119568,-0.4900706112384796,0.1928073614835739,0.16379338437923935,0.4724105494520574,0.8
46.045,TRACK,-0.07896670699119568,-0.4900706112384796,0.1928073614835739,0.16003280050397892,0.47369769132100875,0.8
46.065,TRACK,-0.07896670699119568,-0.4900706112384796,0.1928073614835739,0.15621313839913617,0.47497100479028437,0.8
46.085,TRACK,-0.07896670699119568,-0.4900706112384796,0.1928073614835739,0.15241622700359259,0.4762029963639344,0.8
46.105,TRACK,-0.07896670699119568,-0.4900706112384796,0.1928073614835739,0.1486058676299221,0.4774057981486589,0.8
46.125,TRACK,-0.07896670699119568,-0.4900706112384796,0.1928073614835739,0.14477533797117031,0.4785813426318805,0.8
46.145,TRACK,-0.07896670699119568,-0.4900706112384796,0.1928073614835739,0.1409351906681701,0.47972624696938,0.8
46.165,TRACK,-0.07896670699119568,-0.4900706112384796,0.1928073614835739,0.13709589605353542,0.48083751443213973,0.8
46.185,TRACK,-0.07896670699119568,-0.4900706112384796,0.1928073614835739,0.13325165557378923,0.48191700145029565,0.8
46.205,TRACK,-0.07896670699119568,-0.4900706112384796,0.1928073614835739,0.12938339509673574,0.4829699132174198,0.8
46.225,TRACK,-0.07896670699119568,-0.4900706112384796,0.1928073614835739,0.12552652574511863,0.48398666441789495,0.8
46.245,TRACK,-0.07896670699119568,-0.4900706112384796,0.1928073614835739,0.1216343339813515,0.48497947255209994,0.8
46.265,TRACK,-0.07896670699119568,-0.4900706112384796,0.1928073614835739,0.11775723164865858,0.4859354220412875,0.8
46.285,TRACK,-0.07896670699119568,-0.4900706112384796,0.1928073614835739,0.1138985729576823,0.48685430580226313,0.8
46.305,TRACK,-0.07896670699119568,-0.4900706112384796,0.1928073614835739,0.10999511536732154,0.48775103751332977,0.8
46.325,TRACK,-0.07896670699119568,-0.4900706112384796,0.1928073614835739,0.10607472118398595,0.48861861766181164,0.8
46.345,TRACK,-0.07896670699119568,-0.4900706112384796,0.1928073614835739,0.10214566593103702,0.48945506732641453,0.8
46.365,TRACK,-0.07896670699119568,-0.4900706112384796,0.1928073614835739,0.09823096340337314,0.490255726972001,0.8
46.385,TRACK,-0.07896670699119568,-0.4900706112384796,0.1928073614835739,0.09431059623375744,0.4910249600967686,0.8
46.405,TRACK,-0.07896670699119568,-0.4900706112384796,0.1928073614835739,0.0903792835877886,0.49176374927210537,0.8
46.425,TRACK,-0.07896670699119568,-0.4900706112384796,0.1928073614835739,0.0864614421669384,0.49246768322237466,0.8
46.445,TRACK,-0.07896670699119568,-0.4900706112384796,0.1928073614835739,0.082494571148256,0.49314769160066574,0.8
46.465,TRACK,-0.07896670699119568,-0.4900706112384796,0.1928073614835739,0.07856219458748362,0.49378941015538025,0.8
46.485,TRACK,-0.07896670699119568,-0.4900706112384796,0.1928073614835739,0.07462544215060457,0.49439967979745575,0.8
46.505,TRACK,-0.07896670699119568,-0.4900706112384796,0.1928073614835739,0.07065293864178844,0.49498299189091305,0.8
46.525,TRACK,-0.07896670699119568,-0.4900706112384796,0.1928073614835739,0.06668566149860683,0.495533069078637,0.8
46.545,TRACK,-0.07896670699119568,-0.4900706112384796,0.1928073614835739,0.06270185273461655,0.49605289804984154,0.8
46.565,TRACK,-0.07896670699119568,-0.4900706112384796,0.1928073614835739,0.05874406526210646,0.49653714342079325,0.8
46.585,TRACK,-0.07896670699119568,-0.4900706112384796,0.1928073614835739,0.05477012406454914,0.49699118051526214,0.8
46.605,TRACK,-0.07896670699119568,-0.4900706112384796,0.1928073614835739,0.05080624491316819,0.49741202787811956,0.8
46.625,TRACK,-0.07896670699119568,-0.4900706112384796,0.1928073614835739,0.04680694913986924,0.4978042883626232,0.8
46.645,TRACK,-0.07896670699119568,-0.4900706112384796,0.1928073614835739,0.04280586519311318,0.4981642880667672,0.8
46.665,TRACK,-0.07896670699119568,-0.4900706112384796,0.1928073614835739,0.038831302515603315,0.49848984939007707,0.8
46.685,TRACK,-0.07896670699119568,-0.4900706112384796,0.1928073614835739,0.0348791951217285,0.49878195812164294,0.8
46.705,TRACK,-0.07896670699119568,-0.4900706112384796,0.1928073614835739,0.030861693702586197,0.4990466469798267,0.8
46.725,TRACK,-0.07896670699119568,-0.4900706112384796,0.1928073614835739,0.02686766512986421,0.4992776067184162,0.8
46.745,TRACK,-0.07896670699119568,-0.4900706112384796,0.1928073614835739,0.022866057464965613,0.49947686975075123,0.8
46.765,TRACK,-0.07896670699119568,-0.4900706112384796,0.1928073614835739,0.01885893133300703,0.49964421412538834,0.8
46.785,TRACK,-0.07896670699119568,-0.4900706112384796,0.1928073614835739,0.014894203107122667,0.4997781134801761,0.8
46.805,TRACK,-0.07896670699119568,-0.4900706112384796,0.1928073614835739,0.01088053123996188,0.49988160002138127,0.8
46.825,TRACK,-0.07896670699119568,-0.4900706112384796,0.1928073614835739,0.006906399023393603,0.4999522993771803,0.8
46.845,TRACK,-0.07896670699119568,-0.4900706112384796,0.1928073614835739,0.0028799036680809986,0.4999917060860736,0.8
46.865,TRACK,-0.07896670699119568,-0.4900706112384796,0.1928073614835739,-0.0011033863972419549,0.49999878253697616,0.8
46.885,TRACK,-0.07896670699119568,-0.4900706112384796,0.1928073614835739,-0.005127421565900325,0.4999737088568613,0.8
46.905,TRACK,-0.07896670699119568,-0.4900706112384796,0.1928073614835739,-0.009118419041692225,0.49991684751984516,0.8
46.925,TRACK,-0.07896670699119568,-0.4900706112384796,0.1928073614835739,-0.013118940914830455,0.4998278637583875,0.8
46.945,TRACK,-0.07896670699119568,-0.4900706112384796,0.1928073614835739,-0.01712348342789658,0.499706700290575,0.8
46.965,TRACK,-0.07896670699119568,-0.4900706112384796,0.1928073614835739,-0.02112740295329094,0.49955343342274133,0.8
46.985,TRACK,-0.07896670699119568,-0.4900706112384796,0.1928073614835739,-0.025094295659058848,0.49936987927324544,0.8
47.005,TRACK,-0.07896670699119568,-0.4900706112384796,0.1928073614835739,-0.029106256348089714,0.499152106918722,0.8
47.025,TRACK,-0.07896670699119568,-0.4900706112384796,0.1928073614835739,-0.03309259559387167,0.49890367819536113,0.8
47.045,TRACK,-0.07896670699119568,-0.4900706112384796,0.1928073614835739,-0.03709132666238226,0.49862233552702434,0.8
47.065,TRACK,-0.07896670699119568,-0.4900706112384796,0.1928073614835739,-0.04108083041238148,0.4983095076081021,0.8
47.085,TRACK,-0.07896670699119568,-0.4900706112384796,0.1928073614835739,-0.04506566063441853,0.49796494478184244,0.8
47.105,TRACK,-0.07896670699119568,-0.4900706112384796,0.1928073614835739,-0.04904770199510566,0.49758850763356594,0.8
47.125,TRACK,-0.07896670699119568,-0.4900706112384796,0.1928073614835739,-0.05301759580396968,0.4971811888388044,0.8
47.145,TRACK,-0.07896670699119568,-0.4900706112384796,0.1928073614835739,-0.05699908203807809,0.4967404801773421,0.8
47.165,TRACK,-0.07896670699119568,-0.4900706112384796,0.1928073614835739,-0.06096905331753929,0.4962688530802261,0.8
47.185,TRACK,-0.07896670699119568,-0.4900706112384796,0.1928073614835739,-0.06493195894466598,0.49576591321671987,0.8
47.205,TRACK,-0.07896670699119568,-0.4900706112384796,0.1928073614835739,-0.06889950451877495,0.495230106392036,0.8
47.225,TRACK,-0.07896670699119568,-0.4900706112384796,0.1928073614835739,-0.07286282136694829,0.4946625205758449,0.8
47.245,TRACK,-0.07896670699119568,-0.4900706112384796,0.1928073614835739,-0.07682179606384248,0.4940631656473951,0.8
47.265,TRACK,-0.07896670699119568,-0.4900706112384796,0.1928073614835739,-0.08077960870136205,0.4934315097539423,0.8
47.285,TRACK,-0.07896670699119568,-0.4900706112384796,0.1928073614835739,-0.08468777430041602,0.4927757916984577,0.8
47.305,TRACK,-0.07896670699119568,-0.4900706112384796,0.1928073614835739,-0.08863027519566863,0.49208197926640235,0.8
47.325,TRACK,-0.07896670699119568,-0.4900706112384796,0.1928073614835739,-0.09256479888797589,0.4913570575526809,0.8
47.345,TRACK,-0.07896670699119568,-0.4900706112384796,0.1928073614835739,-0.09652324635168652,0.4905948052249755,0.8
47.365,TRACK,-0.07896670699119568,-0.4900706112384796,0.1928073614835739,-0.10044178749569632,0.48980756152255284,0.8
47.385,TRACK,-0.07896670699119568,-0.4900706112384796,0.1928073614835739,-0.10432462441821495,0.48899526862741566,0.8
47.405,TRACK,-0.07896670699119568,-0.4900706112384796,0.1928073614835739,-0.10824940317780075,0.48814144129714077,0.8
47.425,TRACK,-0.07896670699119568,-0.4900706112384796,0.1928073614835739,-0.1121618990259869,0.48725733284054773,0.8
47.445,TRACK,-0.07896670699119568,-0.4900706112384796,0.1928073614835739,-0.11603869822097757,0.4863486614715629,0.8
47.465,TRACK,-0.07896670699119568,-0.4900706112384796,0.1928073614835739,-0.11991471160780169,0.48540752151158284,0.8
47.485,TRACK,-0.07896670699119568,-0.4900706112384796,0.1928073614835739,-0.1238169116307026,0.48442684937380875,0.8
47.505,TRACK,-0.07896670699119568,-0.4900706112384796,0.1928073614835739,-0.12768707450913344,0.48342115282980636,0.8
47.525,TRACK,-0.07896670699119568,-0.4900706112384796,0.1928073614835739,-0.13155399313061017,0.4823831950756487,0.8
47.545,TRACK,-0.07896670699119568,-0.4900706112384796,0.1928073614835739,-0.1354062336473454,0.48131606236384894,0.8
47.565,TRACK,-0.07896670699119568,-0.4900706112384796,0.1928073614835739,-0.13926021571992012,0.48021515211167726,0.8
47.585,TRACK,-0.07896670699119568,-0.4900706112384796,0.1928073614835739,-0.14306691534151386,0.4790948316718352,0.8
47.605,TRACK,-0.07896670699119568,-0.4900706112384796,0.1928073614835739,-0.14689063013790224,0.4779363375782281,0.8
47.625,TRACK,-0.07896670699119568,-0.4900706112384796,0.1928073614835739,-0.15071205843606575,0.4767450843395912,0.8
47.645,TRACK,-0.07896670699119568,-0.4900706112384796,0.1928073614835739,-0.15453217193157126,0.4755205651053499,0.8
47.665,TRACK,-0.07896670699119568,-0.4900706112384796,0.1928073614835739,-0.15835138392510775,0.4742624159776981,0.8
47.685,TRACK,-0.07896670699119568,-0.4900706112384796,0.1928073614835739,-0.16214037195685194,0.4729804433395674,0.8
47.705,TRACK,-0.07896670699119568,-0.4900706112384796,0.1928073614835739,-0.16591327038108192,0.4716702096925923,0.8
47.725,TRACK,-0.07896670699119568,-0.4900706112384796,0.1928073614835739,-0.16968253493509092,0.4703273725162099,0.8
47.745,TRACK,-0.07896670699119568,-0.4900706112384796,0.1928073614835739,-0.17344567326156335,0.4689526611789755,0.8
47.765,TRACK,-0.07896670699119568,-0.4900706112384796,0.1928073614835739,-0.17719147778947908,0.4675501900318088,0.8
47.785,TRACK,-0.07896670699119568,-0.4900706112384796,0.1928073614835739,-0.18091674180280293,0.46612137103490325,0.8
47.805,TRACK,-0.07896670699119568,-0.4900706112384796,0.1928073614835739,-0.18464222875070613,0.4646582048796426,0.8
47.825,TRACK,-0.07896670699119568,-0.4900706112384796,0.1928073614835739,-0.1883340631201614,0.4631741364418474,0.8
47.845,TRACK,-0.07896670699119568,-0.4900706112384796,0.1928073614835739,-0.19206072670713345,0.4616412863433337,0.8
47.865,TRACK,-0.07896670699119568,-0.4900706112384796,0.1928073614835739,-0.19574595695594468,0.46009077401682535,0.8
47.885,TRACK,-0.07896670699119568,-0.4900706112384796,0.1928073614835739,-0.1994184525650435,0.45851093855715536,0.8
47.905,TRACK,-0.07896670699119568,-0.4900706112384796,0.1928073614835739,-0.2030763252062489,0.4569026221644234,0.8
47.925,TRACK,-0.07896670699119568,-0.4900706112384796,0.1928073614835739,-0.2067348609926694,0.45525893428942354,0.8
47.945,TRACK,-0.07896670699119568,-0.4900706112384796,0.1928073614835739,-0.21038961070574386,0.45358153810212065,0.8
47.965,TRACK,-0.07896670699119568,-0.4900706112384796,0.1928073614835739,-0.21398244194736976,0.45189768149243753,0.8
47.985,TRACK,-0.07896670699119568,-0.4900706112384796,0.1928073614835739,-0.21758841568727713,0.4501725017798185,0.8
48.005,TRACK,-0.07896670699119568,-0.4900706112384796,0.1928073614835739,-0.2211824489582027,0.448417578015015,0.8
48.025,TRACK,-0.07896670699119568,-0.4900706112384796,0.1928073614835739,-0.2247562383440813,0.44663702637087593,0.8
48.045,TRACK,-0.07896670699119568,-0.4900706112384796,0.1928073614835739,-0.22833754228099382,0.4448167788933724,0.8
48.065,TRACK,-0.07896670699119568,-0.4900706112384796,0.1928073614835739,-0.2318908406834368,0.4429747600113679,0.8
48.085,TRACK,-0.07896670699119568,-0.4900706112384796,0.1928073614835739,-0.23541851126309335,0.44111010479773505,0.8
48.105,TRACK,-0.07896670699119568,-0.4900706112384796,0.1928073614835739,-0.23892029837316978,0.4392232815155357,0.8
48.125,TRACK,-0.07896670699119568,-0.4900706112384796,0.1928073614835739,-0.2424243549024505,0.4372990191506616,0.8
48.145,TRACK,-0.07896670699119568,-0.4900706112384796,0.1928073614835739,-0.24593288435971636,0.43533552162729655,0.8
48.165,TRACK,-0.07896670699119568,-0.4900706112384796,0.1928073614835739,-0.2494159651241839,0.4333493698405155,0.8
48.185,TRACK,-0.07896670699119568,-0.4900706112384796,0.1928073614835739,-0.2528805798060881,0.43133677371276463,0.8
48.205,TRACK,-0.07896670699119568,-0.4900706112384796,0.1928073614835739,-0.2563266217742431,0.4292978720769579,0.8
48.225,TRACK,-0.07896670699119568,-0.4900706112384796,0.1928073614835739,-0.2597398464305742,0.4272413980131393,0.8
48.245,TRACK,-0.07896670699119568,-0.4900706112384796,0.1928073614835739,-0.2631596031144036,0.42514353257302356,0.8
48.265,TRACK,-0.07896670699119568,-0.4900706112384796,0.1928073614835739,-0.2665384530913197,0.4230333946908759,0.8
48.285,TRACK,-0.07896670699119568,-0.4900706112384796,0.1928073614835739,-0.2699201725714194,0.420883713677561,0.8
48.305,TRACK,-0.07896670699119568,-0.4900706112384796,0.1928073614835739,-0.2732766091307788,0.4187121862353466,0.8
48.325,TRACK,-0.07896670699119568,-0.4900706112384796,0.1928073614835739,-0.27661799956873795,0.41651228350985003,0.8
48.345,TRACK,-0.07896670699119568,-0.4900706112384796,0.1928073614835739,-0.27994484225861554,0.41428358076660343,0.8
48.365,TRACK,-0.07896670699119568,-0.4900706112384796,0.1928073614835739,-0.28324571324213416,0.4120338164883493,0.8
48.385,TRACK,-0.07896670699119568,-0.4900706112384796,0.1928073614835739,-0.2865270982113457,0.4097587363200276,0.8
48.405,TRACK,-0.07896670699119568,-0.4900706112384796,0.1928073614835739,-0.28979992468969085,0.40745061498278473,0.8
48.425,TRACK,-0.07896670699119568,-0.4900706112384796,0.1928073614835739,-0.2930537339917619,0.40511666096753624,0.8
48.445,TRACK,-0.07896670699119568,-0.4900706112384796,0.1928073614835739,-0.29627054069396813,0.40277011646459543,0.8
48.465,TRACK,-0.07896670699119568,-0.4900706112384796,0.1928073614835739,-0.2994822671805172,0.40038777659216485,0.8
48.485,TRACK,-0.07896670699119568,-0.4900706112384796,0.1928073614835739,-0.3026929418009853,0.39796605757760967,0.8
48.505,TRACK,-0.07896670699119568,-0.4900706112384796,0.1928073614835739,-0.3058677392990878,0.39553119479513277,0.8
48.525,TRACK,-0.07896670699119568,-0.4900706112384796,0.1928073614835739,-0.30901864067305157,0.3930743946336106,0.8
48.545,TRACK,-0.07896670699119568,-0.4900706112384796,0.1928073614835739,-0.31215841392395954,0.3905856175238381,0.8
48.565,TRACK,-0.07896670699119568,-0.4900706112384796,0.1928073614835739,-0.31527695957072494,0.38807272355041844,0.8
48.585,TRACK,-0.07896670699119568,-0.4900706112384796,0.1928073614835739,-0.3183627759850732,0.38554525398074624,0.8
48.605,TRACK,-0.07896670699119568,-0.4900706112384796,0.1928073614835739,-0.3214464474083285,0.38297804303714944,0.8
48.625,TRACK,-0.07896670699119568,-0.4900706112384796,0.1928073614835739,-0.32449171493281226,0.3804012709494574,0.8
48.645,TRACK,-0.07896670699119568,-0.4900706112384796,0.1928073614835739,-0.3275388454501721,0.3777807627727599,0.8
48.665,TRACK,-0.07896670699119568,-0.4900706112384796,0.1928073614835739,-0.33053476156525485,0.3751623267293774,0.8
48.685,TRACK,-0.07896670699119568,-0.4900706112384796,0.1928073614835739,-0.3335305993528955,0.3725014621384704,0.8
48.705,TRACK,-0.07896670699119568,-0.4900706112384796,0.1928073614835739,-0.33650932020949154,0.36981275993689816,0.8
48.725,TRACK,-0.07896670699119568,-0.4900706112384796,0.1928073614835739,-0.33944732173758974,0.36711784996806845,0.8
48.745,TRACK,-0.07896670699119568,-0.4900706112384796,0.1928073614835739,-0.342367946981059,0.3643956488214078,0.8
48.765,TRACK,-0.07896670699119568,-0.4900706112384796,0.1928073614835739,-0.34529271207179596,0.361625418064195,0.8
48.785,TRACK,-0.07896670699119568,-0.4900706112384796,0.1928073614835739,-0.348153482248218,0.35887205630759234,0.8
48.805,TRACK,-0.07896670699119568,-0.4900706112384796,0.1928073614835739,-0.3510111451464077,0.3560774859254759,0.8
48.825,TRACK,-0.07896670699119568,-0.4900706112384796,0.1928073614835739,-0.3538583031101295,0.3532482148858218,0.8
48.845,TRACK,-0.07896670699119568,-0.4900706112384796,0.1928073614835739,-0.3566690561749393,0.35041002321177683,0.8
48.865,TRACK,-0.07896670699119568,-0.4900706112384796,0.1928073614835739,-0.3594607910250103,0.3475455937221387,0.8
48.885,TRACK,-0.07896670699119568,-0.4900706112384796,0.1928073614835739,-0.3622317901659209,0.34465653946094255,0.8
48.905,TRACK,-0.07896670699119568,-0.4900706112384796,0.1928073614835739,-0.36497474658590306,0.3417505440442719,0.8
48.925,TRACK,-0.07896670699119568,-0.4900706112384796,0.1928073614835739,-0.36770204843951276,0.33881440874523944,0.8
48.945,TRACK,-0.07896670699119568,-0.4900706112384796,0.1928073614835739,-0.3703975627858564,0.33586551695924005,0.8
48.965,TRACK,-0.07896670699119568,-0.4900706112384796,0.1928073614835739,-0.3730766031600181,0.3328871402962006,0.8
48.985,TRACK,-0.07896670699119568,-0.4900706112384796,0.1928073614835739,-0.3757269129859011,0.329892841477479,0.8
49.005,TRACK,-0.07896670699119568,-0.4900706112384796,0.1928073614835739,-0.37835627752303214,0.32687387056617767,0.8
49.025,TRACK,-0.07896670699119568,-0.4900706112384796,0.1928073614835739,-0.3809525525309144,0.3238443340868895,0.8
49.045,TRACK,-0.07896670699119568,-0.4900706112384796,0.1928073614835739,-0.3835317291481909,0.32078561803266487,0.8
49.065,TRACK,-0.07896670699119568,-0.4900706112384796,0.1928073614835739,-0.38608449938569683,0.3177086075857812,0.8
49.085,TRACK,-0.07896670699119568,-0.4900706112384796,0.1928073614835739,-0.3886135740721765,0.3146100603077546,0.8
49.105,TRACK,-0.07896670699119568,-0.4900706112384796,0.1928073614835739,-0.3911227129896914,0.3114851896697232,0.8
49.125,TRACK,-0.07896670699119568,-0.4900706112384796,0.1928073614835739,-0.39360207912069456,0.3083462393347234,0.8
49.145,TRACK,-0.07896670699119568,-0.4900706112384796,0.1928073614835739,-0.3960497347005511,0.30519601511753575,0.8
49.165,TRACK,-0.07896670699119568,-0.4900706112384796,0.1928073614835739,-0.39847992586904674,0.3020161397664023,0.8
49.185,TRACK,-0.07896670699119568,-0.4900706112384796,0.1928073614835739,-0.40088509948276263,0.29881622615362696,0.8
49.205,TRACK,-0.07896670699119568,-0.4900706112384796,0.1928073614835739,-0.40326074355205593,0.29560238955367557,0.8
49.225,TRACK,-0.07896670699119568,-0.4900706112384796,0.1928073614835739,-0.40561210117431495,0.2923676168472789,0.8
49.245,TRACK,-0.07896670699119568,-0.4900706112384796,0.1928073614835739,-0.4079436600480263,0.28910546557721867,0.8
49.265,TRACK,-0.07896670699119568,-0.4900706112384796,0.1928073614835739,-0.4102414328676746,0.2858355589472332,0.8
49.285,TRACK,-0.07896670699119568,-0.4900706112384796,0.1928073614835739,-0.4125111637773953,0.28255006593348897,0.8
49.305,TRACK,-0.07896670699119568,-0.4900706112384796,0.1928073614835739,-0.4147635839109296,0.27923318116112433,0.8
49.325,TRACK,-0.07896670699119568,-0.4900706112384796,0.1928073614835739,-0.4169800462730724,0.2759123792259173,0.8
49.345,TRACK,-0.07896670699119568,-0.4900706112384796,0.1928073614835739,-0.4191749121772196,0.27256630936566656,0.8
49.365,TRACK,-0.07896670699119568,-0.4900706112384796,0.1928073614835739,-0.42134513592970957,0.2691993247175307,0.8
49.385,TRACK,-0.07896670699119568,-0.4900706112384796,0.1928073614835739,-0.42348240861841074,0.2658244713918367,0.8
49.405,TRACK,-0.07896670699119568,-0.4900706112384796,0.1928073614835739,-0.42559467752427305,0.26242936280647033,0.8
49.425,TRACK,-0.07896670699119568,-0.4900706112384796,0.1928073614835739,-0.4276864220998151,0.2590064175874003,0.8
49.447,TRACK,-0.07896670699119568,-0.4900706112384796,0.1928073614835739,-0.4297433498156219,0.25557905487196725,0.8
49.465,TRACK,-0.07896670699119568,-0.4900706112384796,0.1928073614835739,-0.43191518881285196,0.25189138467355016,0.8
49.485,TRACK,-0.07896670699119568,-0.4900706112384796,0.1928073614835739,-0.4337612795593293,0.24869891908702252,0.8
49.505,TRACK,-0.07896670699119568,-0.4900706112384796,0.1928073614835739,-0.4357362425613348,0.24522219907367604,0.8
49.525,TRACK,-0.07896670699119568,-0.4900706112384796,0.1928073614835739,-0.43768453801140156,0.24172762602926876,0.8
49.545,TRACK,-0.07896670699119568,-0.4900706112384796,0.1928073614835739,-0.4396203234242014,0.2381889401974839,0.8
49.565,TRACK,-0.07896670699119568,-0.4900706112384796,0.1928073614835739,-0.4415022558532821,0.23468224917207312,0.8
49.585,TRACK,-0.07896670699119568,-0.4900706112384796,0.1928073614835739,-0.44336399896212053,0.23114576445247012,0.8
49.605,TRACK,-0.07896670699119568,-0.4900706112384796,0.1928073614835739,-0.4452092436728523,0.2275713719874422,0.8
49.625,TRACK,-0.07896670699119568,-0.4900706112384796,0.1928073614835739,-0.44701362425559443,0.22400629395148308,0.8
49.645,TRACK,-0.07896670699119568,-0.4900706112384796,0.1928073614835739,-0.44879349358990633,0.22041869274489106,0.8
49.665,TRACK,-0.07896670699119568,-0.4900706112384796,0.1928073614835739,-0.4505378708044784,0.21683087181249622,0.8
49.685,TRACK,-0.07896670699119568,-0.4900706112384796,0.1928073614835739,-0.45225206140732876,0.2132324387911505,0.8
49.705,TRACK,-0.07896670699119568,-0.4900706112384796,0.1928073614835739,-0.45394978566324373,0.2095938741859959,0.8
49.725,TRACK,-0.07896670699119568,-0.4900706112384796,0.1928073614835739,-0.455612972952165,0.20595343861584284,0.8
49.745,TRACK,-0.07896670699119568,-0.4900706112384796,0.1928073614835739,-0.45724737159963813,0.2022988906673055,0.8
49.765,TRACK,-0.07896670699119568,-0.4900706112384796,0.1928073614835739,-0.4588506195827006,0.19863561842874947,0.8
49.785,TRACK,-0.07896670699119568,-0.4900706112384796,0.1928073614835739,-0.4604247798384152,0.19495902674856305,0.8
49.805,TRACK,-0.07896670699119568,-0.4900706112384796,0.1928073614835739,-0.461969791646628,0.19126921238393577,0.8
49.825,TRACK,-0.07896670699119568,-0.4900706112384796,0.1928073614835739,-0.4634847689934693,0.1875683046547854,0.8
49.845,TRACK,-0.07896670699119568,-0.4900706112384796,0.1928073614835739,-0.4649812840941699,0.18382710747367179,0.8
49.865,TRACK,-0.07896670699119568,-0.4900706112384796,0.1928073614835739,-0.46642748852207583,0.18012606127650935,0.8
49.885,TRACK,-0.07896670699119568,-0.4900706112384796,0.1928073614835739,-0.4678527977123766,0.176390928544248,0.8
49.905,TRACK,-0.07896670699119568,-0.4900706112384796,0.1928073614835739,-0.4692486905943492,0.1726431764521515,0.8
49.925,TRACK,-0.07896670699119568,-0.4900706112384796,0.1928073614835739,-0.4706153517090072,0.16888218004220418,0.8
49.945,TRACK,-0.07896670699119568,-0.4900706112384796,0.1928073614835739,-0.4719533178668876,0.16510622566831493,0.8
49.965,TRACK,-0.07896670699119568,-0.4900706112384796,0.1928073614835739,-0.47325703443057976,0.16133127211415968,0.8
49.985,TRACK,-0.07896670699119568,-0.4900706112384796,0.1928073614835739,-0.4745323301794405,0.1575406855846148,0.8
50.005,TRACK,-0.07896670699119568,-0.4900706112384796,0.1928073614835739,-0.475777118873132,0.15374047338544788,0.8
50.025,TRACK,-0.07896670699119568,-0.4900706112384796,0.1928073614835739,-0.47699214677046575,0.14992828925623894,0.8
50.045,TRACK,-0.07896670699119568,-0.4900706112384796,0.1928073614835739,-0.47817693646376747,0.1461055010399201,0.8
50.065,TRACK,-0.07896670699119568,-0.4900706112384796,0.1928073614835739,-0.479330275379971,0.14227609463350177,0.8
50.085,TRACK,-0.07896670699119568,-0.4900706112384796,0.1928073614835739,-0.4804530532386543,0.13843721910546616,0.8
50.105,TRACK,-0.07896670699119568,-0.4900706112384796,0.1928073614835739,-0.48154491986177833,0.1345900819351614,0.8
50.125,TRACK,-0.07896670699119568,-0.4900706112384796,0.1928073614835739,-0.48260623114731843,0.13073341446539605,0.8
50.145,TRACK,-0.07896670699119568,-0.4900706112384796,0.1928073614835739,-0.4836384457416469,0.12686155367409022,0.8
50.165,TRACK,-0.07896670699119568,-0.4900706112384796,0.1928073614835739,-0.48463593815914424,0.12299596515579728,0.8
50.185,TRACK,-0.07896670699119568,-0.4900706112384796,0.1928073614835739,-0.485604261251822,0.11911549628017419,0.8
50.205,TRACK,-0.07896670699119568,-0.4900706112384796,0.1928073614835739,-0.48654214040937854,0.11522476125321574,0.8
50.225,TRACK,-0.07896670699119568,-0.4900706112384796,0.1928073614835739,-0.48744830546633944,0.11132901462778794,0.8
50.245,TRACK,-0.07896670699119568,-0.4900706112384796,0.1928073614835739,-0.48832491691243657,0.10741869261195613,0.8
50.265,TRACK,-0.07896670699119568,-0.4900706112384796,0.1928073614835739,-0.4891676035378612,0.1035135529726703,0.8
50.285,TRACK,-0.07896670699119568,-0.4900706112384796,0.1928073614835739,-0.48997761737675083,0.09960890758261709,0.8
50.305,TRACK,-0.07896670699119568,-0.4900706112384796,0.1928073614835739,-0.4907588275832685,0.09568580432381668,0.8
50.325,TRACK,-0.07896670699119568,-0.4900706112384796,0.1928073614835739,-0.49151016724014895,0.0917483269578296,0.8
50.345,TRACK,-0.07896670699119568,-0.4900706112384796,0.1928073614835739,-0.4922274875143441,0.0878185660058066,0.8
50.365,TRACK,-0.07896670699119568,-0.4900706112384796,0.1928073614835739,-0.4929126607775764,0.08388747728457381,0.8
50.385,TRACK,-0.07896670699119568,-0.4900706112384796,0.1928073614835739,-0.4935677738617988,0.07994280833888842,0.8
50.405,TRACK,-0.07896670699119568,-0.4900706112384796,0.1928073614835739,-0.4941899276113545,0.0760020752840618,0.8
50.425,TRACK,-0.07896670699119568,-0.4900706112384796,0.1928073614835739,-0.49478070082107506,0.07205593726408545,0.8
50.445,TRACK,-0.07896670699119568,-0.4900706112384796,0.1928073614835739,-0.4953471256459862,0.06805310510373189,0.8
50.465,TRACK,-0.07896670699119568,-0.4900706112384796,0.1928073614835739,-0.4958751491878632,0.0640924053060456,0.8
50.485,TRACK,-0.07896670699119568,-0.4900706112384796,0.1928073614835739,-0.496371802428046,0.06012515076349389,0.8
50.505,TRACK,-0.07896670699119568,-0.4900706112384796,0.1928073614835739,-0.49683695174771203,0.05615196682255836,0.8
50.525,TRACK,-0.07896670699119568,-0.4900706112384796,0.1928073614835739,-0.4972702934499338,0.052175236005376525,0.8
50.545,TRACK,-0.07896670699119568,-0.4900706112384796,0.1928073614835739,-0.49767332664157216,0.04817945567885792,0.8
50.565,TRACK,-0.07896670699119568,-0.4900706112384796,0.1928073614835739,-0.4980416225102056,0.04421020524043994,0.8
50.585,TRACK,-0.07896670699119568,-0.4900706112384796,0.1928073614835739,-0.4983780467741775,0.040240806323379216,0.8
50.605,TRACK,-0.07896670699119568,-0.4900706112384796,0.1928073614835739,-0.49868373452937576,0.03625648791368384,0.8
50.625,TRACK,-0.07896670699119568,-0.4900706112384796,0.1928073614835739,-0.4989579176096925,0.032264476667060546,0.8
50.645,TRACK,-0.07896670699119568,-0.4900706112384796,0.1928073614835739,-0.49920002613849074,0.02827249375860134,0.8
50.665,TRACK,-0.07896670699119568,-0.4900706112384796,0.1928073614835739,-0.49941016434398583,0.02427936881208171,0.8
50.685,TRACK,-0.07896670699119568,-0.4900706112384796,0.1928073614835739,-0.4995887158008993,0.02027597209527216,0.8
50.705,TRACK,-0.07896670699119568,-0.4900706112384796,0.1928073614835739,-0.4997347315591397,0.016284903239336422,0.8
50.725,TRACK,-0.07896670699119568,-0.4900706112384796,0.1928073614835739,-0.49984912799872616,0.012282069813882595,0.8
50.745,TRACK,-0.07896670699119568,-0.4900706112384796,0.1928073614835739,-0.4999316803190161,0.008265289674604253,0.8
50.765,TRACK,-0.07896670699119568,-0.4900706112384796,0.1928073614835739,-0.4999817630600177,0.004270434099287446,0.8
50.785,TRACK,-0.07896670699119568,-0.4900706112384796,0.1928073614835739,-0.49999992118402503,0.0002807418186584834,0.8
50.805,TRACK,-0.07896670699119568,-0.4900706112384796,0.1928073614835739,-0.4999861164433317,-0.003726038635759138,0.8
50.825,TRACK,-0.07896670699119568,-0.4900706112384796,0.1928073614835739,-0.4999404217157959,-0.007718467116737741,0.8
50.845,TRACK,-0.07896670699119568,-0.4900706112384796,0.1928073614835739,-0.49986232448487883,-0.011732713265639379,0.8
50.865,TRACK,-0.07896670699119568,-0.4900706112384796,0.1928073614835739,-0.4997526963753449,-0.01572394561082872,0.8
50.885,TRACK,-0.07896670699119568,-0.4900706112384796,0.1928073614835739,-0.4996110064545112,-0.019719082877009735,0.8
50.905,TRACK,-0.07896670699119568,-0.4900706112384796,0.1928073614835739,-0.4994375282498044,-0.023709816020497366,0.8
50.925,TRACK,-0.07896670699119568,-0.4900706112384796,0.1928073614835739,-0.4992321025285028,-0.02770032138749399,0.8
50.945,TRACK,-0.07896670699119568,-0.4900706112384796,0.1928073614835739,-0.49899480224989723,-0.03168891490073428,0.8
50.965,TRACK,-0.07896670699119568,-0.4900706112384796,0.1928073614835739,-0.49872527852037424,-0.035680478763255544,0.8
50.985,TRACK,-0.07896670699119568,-0.4900706112384796,0.1928073614835739,-0.4984231070590629,-0.03967878966891389,0.8
51.005,TRACK,-0.07896670699119568,-0.4900706112384796,0.1928073614835739,-0.49808988924293324,-0.04366305342005396,0.8
51.025,TRACK,-0.07896670699119568,-0.4900706112384796,0.1928073614835739,-0.49772470009625325,-0.04764580688890432,0.8
51.045,TRACK,-0.07896670699119568,-0.4900706112384796,0.1928073614835739,-0.49732582348778703,-0.05164325020943664,0.8
51.065,TRACK,-0.07896670699119568,-0.4900706112384796,0.1928073614835739,-0.49689727186887167,-0.055615656152495634,0.8
51.085,TRACK,-0.07896670699119568,-0.4900706112384796,0.1928073614835739,-0.49643780926460024,-0.05957769324641911,0.8
51.105,TRACK,-0.07896670699119568,-0.4900706112384796,0.1928073614835739,-0.49594662234923936,-0.06353697962903947,0.8
51.125,TRACK,-0.07896670699119568,-0.4900706112384796,0.1928073614835739,-0.4954215223132411,-0.0675093714148693,0.8
51.145,TRACK,-0.07896670699119568,-0.4900706112384796,0.1928073614835739,-0.4948656070597774,-0.07147049005959037,0.8
51.165,TRACK,-0.07896670699119568,-0.4900706112384796,0.1928073614835739,-0.49427817964300413,-0.07542599769839399,0.8
51.185,TRACK,-0.07896670699119568,-0.4900706112384796,0.1928073614835739,-0.4936582048581673,-0.07938247146701677,0.8
51.205,TRACK,-0.07896670699119568,-0.4900706112384796,0.1928073614835739,-0.49300879383094565,-0.08332064093222127,0.8
51.225,TRACK,-0.07896670699119568,-0.4900706112384796,0.1928073614835739,-0.4923252452291627,-0.08726885418088634,0.8
51.245,TRACK,-0.07896670699119568,-0.4900706112384796,0.1928073614835739,-0.4916076772815602,-0.0912244026444098,0.8
51.265,TRACK,-0.07896670699119568,-0.4900706112384796,0.1928073614835739,-0.49086421903303296,-0.09514367279588606,0.8
51.285,TRACK,-0.07896670699119568,-0.4900706112384796,0.1928073614835739,-0.4900887030514372,-0.09906090622117399,0.8
51.305,TRACK,-0.07896670699119568,-0.4900706112384796,0.1928073614835739,-0.4892819858930413,-0.1029715411196789,0.8
51.325,TRACK,-0.07896670699119568,-0.4900706112384796,0.1928073614835739,-0.48844285163157336,-0.10688115217388325,0.8
51.345,TRACK,-0.07896670699119568,-0.4900706112384796,0.1928073614835739,-0.4875651765216425,-0.11081605769661541,0.8
51.365,TRACK,-0.07896670699119568,-0.4900706112384796,0.1928073614835739,-0.4866663819090061,-0.11469887845832422,0.8
51.385,TRACK,-0.07896670699119568,-0.4900706112384796,0.1928073614835739,-0.4857331152375187,-0.11858895716572995,0.8
51.405,TRACK,-0.07896670699119568,-0.4900706112384796,0.1928073614835739,-0.4847726085493684,-0.12245618808472215,0.8
51.425,TRACK,-0.07896670699119568,-0.4900706112384796,0.1928073614835739,-0.4837735540971552,-0.1263453535204474,0.8
51.445,TRACK,-0.07896670699119568,-0.4900706112384796,0.1928073614835739,-0.4827457080044428,-0.13021743893691534,0.8
51.465,TRACK,-0.07896670699119568,-0.4900706112384796,0.1928073614835739,-0.4816897986802473,-0.1340706449875693,0.8
51.485,TRACK,-0.07896670699119568,-0.4900706112384796,0.1928073614835739,-0.48060272641986157,-0.13791671166974537,0.8
51.505,TRACK,-0.07896670699119568,-0.4900706112384796,0.1928073614835739,-0.47948325578110396,-0.14175968194642807,0.8
51.525,TRACK,-0.07896670699119568,-0.4900706112384796,0.1928073614835739,-0.47833730529038765,-0.1455796083506563,0.8
51.545,TRACK,-0.07896670699119568,-0.4900706112384796,0.1928073614835739,-0.47715760324224676,-0.14940087572740196,0.8
51.565,TRACK,-0.07896670699119568,-0.4900706112384796,0.1928073614835739,-0.4759491137134718,-0.15320718375898915,0.8
51.585,TRACK,-0.07896670699119568,-0.4900706112384796,0.1928073614835739,-0.47470824022451713,-0.15700982982903375,0.8
51.605,TRACK,-0.07896670699119568,-0.4900706112384796,0.1928073614835739,-0.47343735367447737,-0.1608013437310393,0.8
51.625,TRACK,-0.07896670699119568,-0.4900706112384796,0.1928073614835739,-0.4721336262130553,-0.1645899115951854,0.8
51.645,TRACK,-0.07896670699119568,-0.4900706112384796,0.1928073614835739,-0.47080208700941184,-0.1683609065893333,0.8
51.665,TRACK,-0.07896670699119568,-0.4900706112384796,0.1928073614835739,-0.4694367190589927,-0.17213124875840635,0.8
51.685,TRACK,-0.07896670699119568,-0.4900706112384796,0.1928073614835739,-0.46804489803069343,-0.1758805658037231,0.8
51.705,TRACK,-0.07896670699119568,-0.4900706112384796,0.1928073614835739,-0.46661975769684133,-0.17962739692747615,0.8
51.725,TRACK,-0.07896670699119568,-0.4900706112384796,0.1928073614835739,-0.4651702190455191,-0.18334848598541462,0.8
51.745,TRACK,-0.07896670699119568,-0.4900706112384796,0.1928073614835739,-0.46369268374584655,-0.18705372233819442,0.8
51.765,TRACK,-0.07896670699119568,-0.4900706112384796,0.1928073614835739,-0.46218416205447377,-0.19075062344853275,0.8
51.785,TRACK,-0.07896670699119568,-0.4900706112384796,0.1928073614835739,-0.4606428843392673,-0.19444313592307752,0.8
51.805,TRACK,-0.07896670699119568,-0.4900706112384796,0.1928073614835739,-0.45907301364339853,-0.19812109464761204,0.8
51.825,TRACK,-0.07896670699119568,-0.4900706112384796,0.1928073614835739,-0.45747331534209656,-0.2017874271353661,0.8
51.845,TRACK,-0.07896670699119568,-0.4900706112384796,0.1928073614835739,-0.4558415547087204,-0.20544701750265612,0.8
51.865,TRACK,-0.07896670699119568,-0.4900706112384796,0.1928073614835739,-0.45417946262203257,-0.20909570950251877,0.8
51.885,TRACK,-0.07896670699119568,-0.4900706112384796,0.1928073614835739,-0.45249161471470645,-0.21272362025143723,0.8
51.905,TRACK,-0.07896670699119568,-0.4900706112384796,0.1928073614835739,-0.4507752008491872,-0.21633704791222177,0.8
51.925,TRACK,-0.07896670699119568,-0.4900706112384796,0.1928073614835739,-0.4490296803790881,-0.21993714133509604,0.8
51.945,TRACK,-0.07896670699119568,-0.4900706112384796,0.1928073614835739,-0.44726071627705427,-0.22351253136085308,0.8
51.965,TRACK,-0.07896670699119568,-0.4900706112384796,0.1928073614835739,-0.44545477286710794,-0.22709039021921043,0.8
51.985,TRACK,-0.07896670699119568,-0.4900706112384796,0.1928073614835739,-0.44362394838369873,-0.23064646630819519,0.8
52.005,TRACK,-0.07896670699119568,-0.4900706112384796,0.1928073614835739,-0.4417633068574527,-0.23419047955535702,0.8
52.025,TRACK,-0.07896670699119568,-0.4900706112384796,0.1928073614835739,-0.4398763485805494,-0.23771579240648483,0.8
52.045,TRACK,-0.07896670699119568,-0.4900706112384796,0.1928073614835739,-0.43796510034856445,-0.24121892727701086,0.8
52.065,TRACK,-0.07896670699119568,-0.4900706112384796,0.1928073614835739,-0.4360172957303396,-0.24472212369134422,0.8
52.085,TRACK,-0.07896670699119568,-0.4900706112384796,0.1928073614835739,-0.4340447132298725,-0.24820392204233552,0.8
52.105,TRACK,-0.07896670699119568,-0.4900706112384796,0.1928073614835739,-0.43204552760899945,-0.25166776129067725,0.8
52.125,TRACK,-0.07896670699119568,-0.4900706112384796,0.1928073614835739,-0.43001775098238704,-0.25511709829027485,0.8
52.145,TRACK,-0.07896670699119568,-0.4900706112384796,0.1928073614835739,-0.4279685019243908,-0.25854005755509674,0.8
52.165,TRACK,-0.07896670699119568,-0.4900706112384796,0.1928073614835739,-0.4258828631889315,-0.2619614224308569,0.8
52.185,TRACK,-0.07896670699119568,-0.4900706112384796,0.1928073614835739,-0.42377245451018447,-0.26536184126285683,0.8
52.205,TRACK,-0.07896670699119568,-0.4900706112384796,0.1928073614835739,-0.4216351524273347,-0.2687448571369846,0.8
52.225,TRACK,-0.07896670699119568,-0.4900706112384796,0.1928073614835739,-0.4194721415315221,-0.2721086593237317,0.8
52.245,TRACK,-0.07896670699119568,-0.4900706112384796,0.1928073614835739,-0.41727998312745984,-0.2754585552876273,0.8
52.265,TRACK,-0.07896670699119568,-0.4900706112384796,0.1928073614835739,-0.4150638648081317,-0.27878663549484756,0.8
52.285,TRACK,-0.07896670699119568,-0.4900706112384796,0.1928073614835739,-0.4128206654317091,-0.2820976749151274,0.8
52.305,TRACK,-0.07896670699119568,-0.4900706112384796,0.1928073614835739,-0.4105511083460985,-0.28539058750384555,0.8
52.325,TRACK,-0.07896670699119568,-0.4900706112384796,0.1928073614835739,-0.40825134885309267,-0.28867080933068107,0.8
52.345,TRACK,-0.07896670699119568,-0.4900706112384796,0.1928073614835739,-0.4059284998187966,-0.2919281641686209,0.8
52.365,TRACK,-0.07896670699119568,-0.4900706112384796,0.1928073614835739,-0.4035845032631365,-0.2951602085746779,0.8
52.385,TRACK,-0.07896670699119568,-0.4900706112384796,0.1928073614835739,-0.40120996449857915,-0.29837989943534876,0.8
52.405,TRACK,-0.07896670699119568,-0.4900706112384796,0.1928073614835739,-0.3988088489317217,-0.3015816672375083,0.8
52.425,TRACK,-0.07896670699119568,-0.4900706112384796,0.1928073614835739,-0.3963835780963797,-0.3047622992030203,0.8
52.445,TRACK,-0.07896670699119568,-0.4900706112384796,0.1928073614835739,-0.393930621400336,-0.3079263962753845,0.8
52.465,TRACK,-0.07896670699119568,-0.4900706112384796,0.1928073614835739,-0.39145739206653785,-0.3110644791622227,0.8
52.485,TRACK,-0.07896670699119568,-0.4900706112384796,0.1928073614835739,-0.38895916516005585,-0.314182698183704,0.8
52.505,TRACK,-0.07896670699119568,-0.4900706112384796,0.1928073614835739,-0.3864506540285025,-0.31726312738946305,0.8
52.525,TRACK,-0.07896670699119568,-0.4900706112384796,0.1928073614835739,-0.3838874417840256,-0.32035984773456916,0.8
52.545,TRACK,-0.07896670699119568,-0.4900706112384796,0.1928073614835739,-0.3812939249549552,-0.32344233302467534,0.8
52.565,TRACK,-0.07896670699119568,-0.4900706112384796,0.1928073614835739,-0.3787030263287609,-0.32647207820798063,0.8
52.585,TRACK,-0.07896670699119568,-0.4900706112384796,0.1928073614835739,-0.3760873942818016,-0.32948182326544917,0.8
52.605,TRACK,-0.07896670699119568,-0.4900706112384796,0.1928073614835739,-0.3734405819697363,-0.3324787688531475,0.8
52.625,TRACK,-0.07896670699119568,-0.4900706112384796,0.1928073614835739,-0.3707730875598848,-0.33545091673940913,0.8
52.645,TRACK,-0.07896670699119568,-0.4900706112384796,0.1928073614835739,-0.36806854565436015,-0.33841623143679767,0.8
52.665,TRACK,-0.07896670699119568,-0.4900706112384796,0.1928073614835739,-0.36534732060549185,-0.34135221593888615,0.8
52.685,TRACK,-0.07896670699119568,-0.4900706112384796,0.1928073614835739,-0.3626100309292396,-0.34425857355989825,0.8
52.705,TRACK,-0.07896670699119568,-0.4900706112384796,0.1928073614835739,-0.3598627645944514,-0.34712935724083965,0.8
52.725,TRACK,-0.07896670699119568,-0.4900706112384796,0.1928073614835739,-0.35705789071164196,-0.3500138035571642,0.8
52.745,TRACK,-0.07896670699119568,-0.4900706112384796,0.1928073614835739,-0.35423521465568225,-0.3528702490970905,0.8
52.765,TRACK,-0.07896670699119568,-0.4900706112384796,0.1928073614835739,-0.35140474921071657,-0.35568905273026524,0.8
52.785,TRACK,-0.07896670699119568,-0.4900706112384796,0.1928073614835739,-0.3485516147236411,-0.35848538585769774,0.8
52.805,TRACK,-0.07896670699119568,-0.4900706112384796,0.1928073614835739,-0.34569045744610244,-0.36124521814233673,0.8
52.825,TRACK,-0.07896670699119568,-0.4900706112384796,0.1928073614835739,-0.34277575512806774,-0.36401206256988644,0.8
52.845,TRACK,-0.07896670699119568,-0.4900706112384796,0.1928073614835739,-0.3398410417999505,-0.3667534134923958,0.8
52.865,TRACK,-0.07896670699119568,-0.4900706112384796,0.1928073614835739,-0.33689839351822093,-0.36945835008136163,0.8
52.885,TRACK,-0.07896670699119568,-0.4900706112384796,0.1928073614835739,-0.3339390783712683,-0.3721353140143353,0.8
52.905,TRACK,-0.07896670699119568,-0.4900706112384796,0.1928073614835739,-0.3309678575296238,-0.3747803053553517,0.8
52.925,TRACK,-0.07896670699119568,-0.4900706112384796,0.1928073614835739,-0.3279407741035294,-0.377431912641708,0.8
52.945,TRACK,-0.07896670699119568,-0.4900706112384796,0.1928073614835739,-0.32490245122951517,-0.3800505192537599,0.8
52.965,TRACK,-0.07896670699119568,-0.4900706112384796,0.1928073614835739,-0.32185431295860134,-0.38263533714222825,0.8
52.985,TRACK,-0.07896670699119568,-0.4900706112384796,0.1928073614835739,-0.3187906809248942,-0.38519151308854443,0.8
53.005,TRACK,-0.07896670699119568,-0.4900706112384796,0.1928073614835739,-0.31569942712148535,-0.3877291215722208,0.8
53.025,TRACK,-0.07896670699119568,-0.4900706112384796,0.1928073614835739,-0.3125941523594182,-0.39023697404358915,0.8
53.045,TRACK,-0.07896670699119568,-0.4900706112384796,0.1928073614835739,-0.30944509859107333,-0.39273875662832275,0.8
53.065,TRACK,-0.07896670699119568,-0.4900706112384796,0.1928073614835739,-0.3062967525978732,-0.39519906293916895,0.8
53.085,TRACK,-0.07896670699119568,-0.4900706112384796,0.1928073614835739,-0.30313233501386516,-0.397631471929778,0.8
53.105,TRACK,-0.07896670699119568,-0.4900706112384796,0.1928073614835739,-0.29995638432850896,-0.40003270803844004,0.8
53.125,TRACK,-0.07896670699119568,-0.4900706112384796,0.1928073614835739,-0.296754927595513,-0.40241336079680784,0.8
53.145,TRACK,-0.07896670699119568,-0.4900706112384796,0.1928073614835739,-0.2935006453232987,-0.40479299795674234,0.8
53.165,TRACK,-0.07896670699119568,-0.4900706112384796,0.1928073614835739,-0.2902471618018223,-0.4071321469326474,0.8
53.185,TRACK,-0.07896670699119568,-0.4900706112384796,0.1928073614835739,-0.28698065939559225,-0.40944120595376216,0.8
53.205,TRACK,-0.07896670699119568,-0.4900706112384796,0.1928073614835739,-0.2836961808211471,-0.41172378725001424,0.8
53.225,TRACK,-0.07896670699119568,-0.4900706112384796,0.1928073614835739,-0.28039406122946675,-0.4139796739300688,0.8
53.245,TRACK,-0.07896670699119568,-0.4900706112384796,0.1928073614835739,-0.2770817046021253,-0.41620395117632003,0.8
53.265,TRACK,-0.07896670699119568,-0.4900706112384796,0.1928073614835739,-0.273736381879539,-0.4184117508334334,0.8
53.285,TRACK,-0.07896670699119568,-0.4900706112384796,0.1928073614835739,-0.27037880296034567,-0.42058923299310763,0.8
53.305,TRACK,-0.07896670699119568,-0.4900706112384796,0.1928073614835739,-0.26700628244600483,-0.4227382702504758,0.8
53.325,TRACK,-0.07896670699119568,-0.4900706112384796,0.1928073614835739,-0.26361433176233195,-0.42486172349306683,0.8
53.345,TRACK,-0.07896670699119568,-0.4900706112384796,0.1928073614835739,-0.26020191141207416,-0.42696014485839673,0.8
53.365,TRACK,-0.07896670699119568,-0.4900706112384796,0.1928073614835739,-0.2567837944082928,-0.42902457147496764,0.8
53.385,TRACK,-0.07896670699119568,-0.4900706112384796,0.1928073614835739,-0.25334337958806874,-0.43106511343287307,0.8
53.405,TRACK,-0.07896670699119568,-0.4900706112384796,0.1928073614835739,-0.2498902198439719,-0.4330760649427897,0.8
53.425,TRACK,-0.07896670699119568,-0.4900706112384796,0.1928073614835739,-0.24640873460715942,-0.43506635759306705,0.8
53.445,TRACK,-0.07896670699119568,-0.4900706112384796,0.1928073614835739,-0.24292673585027663,-0.43702013799037903,0.8
53.465,TRACK,-0.07896670699119568,-0.4900706112384796,0.1928073614835739,-0.23942384644859932,-0.4389489967544721,0.8
53.485,TRACK,-0.07896670699119568,-0.4900706112384796,0.1928073614835739,-0.23590177485980018,-0.44085184883132356,0.8
53.505,TRACK,-0.07896670699119568,-0.4900706112384796,0.1928073614835739,-0.23236829667994932,-0.44272449073668724,0.8
53.525,TRACK,-0.07896670699119568,-0.4900706112384796,0.1928073614835739,-0.22881953015321876,-0.4445690302084258,0.8
53.545,TRACK,-0.07896670699119568,-0.4900706112384796,0.1928073614835739,-0.22525003515670497,-0.44638819614983455,0.8
53.565,TRACK,-0.07896670699119568,-0.4900706112384796,0.1928073614835739,-0.2216780033563327,-0.44817280465011455,0.8
53.585,TRACK,-0.07896670699119568,-0.4900706112384796,0.1928073614835739,-0.21808612675236064,-0.4499315962656471,0.8
53.605,TRACK,-0.07896670699119568,-0.4900706112384796,0.1928073614835739,-0.2144807278009699,-0.45166139684720263,0.8
53.625,TRACK,-0.07896670699119568,-0.4900706112384796,0.1928073614835739,-0.210858323767071,-0.4533638354546391,0.8
53.645,TRACK,-0.07896670699119568,-0.4900706112384796,0.1928073614835739,-0.2072287869926484,-0.4550343172130598,0.8
53.665,TRACK,-0.07896670699119568,-0.4900706112384796,0.1928073614835739,-0.20357756825684847,-0.45667950873958446,0.8
53.685,TRACK,-0.07896670699119568,-0.4900706112384796,0.1928073614835739,-0.1999203262851674,-0.4582923337107356,0.8
53.705,TRACK,-0.07896670699119568,-0.4900706112384796,0.1928073614835739,-0.19623903675219403,-0.4598806806711617,0.8
53.725,TRACK,-0.07896670699119568,-0.4900706112384796,0.1928073614835739,-0.19256114742998387,-0.4614327735439346,0.8
53.745,TRACK,-0.07896670699119568,-0.4900706112384796,0.1928073614835739,-0.1888564137147013,-0.46296139687755994,0.8
53.765,TRACK,-0.07896670699119568,-0.4900706112384796,0.1928073614835739,-0.1851521703790151,-0.46445524413439465,0.8
53.785,TRACK,-0.07896670699119568,-0.4900706112384796,0.1928073614835739,-0.18143202422146384,-0.465921045443219,0.8
53.805,TRACK,-0.07896670699119568,-0.4900706112384796,0.1928073614835739,-0.17769786826189715,-0.4673579651778468,0.8
53.825,TRACK,-0.07896670699119568,-0.4900706112384796,0.1928073614835739,-0.1739549710709197,-0.46876397903392225,0.8
53.845,TRACK,-0.07896670699119568,-0.4900706112384796,0.1928073614835739,-0.17020695841214398,-0.4701378428802416,0.8
53.865,TRACK,-0.07896670699119568,-0.4900706112384796,0.1928073614835739,-0.16644728734094907,-0.4714820256773736,0.8
53.885,TRACK,-0.07896670699119568,-0.4900706112384796,0.1928073614835739,-0.16268462236946302,-0.4727935211532675,0.8
53.905,TRACK,-0.07896670699119568,-0.4900706112384796,0.1928073614835739,-0.1588896071068786,-0.47408236916534,0.8
53.925,TRACK,-0.07896670699119568,-0.4900706112384796,0.1928073614835739,-0.15509499035334576,-0.4753372949467521,0.8
53.945,TRACK,-0.07896670699119568,-0.4900706112384796,0.1928073614835739,-0.15126283074834956,-0.4765706201959959,0.8
53.965,TRACK,-0.07896670699119568,-0.4900706112384796,0.1928073614835739,-0.1474475656230619,-0.4777648117974291,0.8
53.985,TRACK,-0.07896670699119568,-0.4900706112384796,0.1928073614835739,-0.14364315347426332,-0.4789223783244726,0.8
54.005,TRACK,-0.07896670699119568,-0.4900706112384796,0.1928073614835739,-0.13980836696445825,-0.4800558514659845,0.8
54.025,TRACK,-0.07896670699119568,-0.4900706112384796,0.1928073614835739,-0.13596381215265352,-0.48115885296325783,0.8
54.045,TRACK,-0.07896670699119568,-0.4900706112384796,0.1928073614835739,-0.1321096373890455,-0.48223131763598154,0.8
54.065,TRACK,-0.07896670699119568,-0.4900706112384796,0.1928073614835739,-0.12823221058172912,-0.48327683595360027,0.8
54.085,TRACK,-0.07896670699119568,-0.4900706112384796,0.1928073614835739,-0.12436734108349815,-0.4842858293113901,0.8
54.105,TRACK,-0.07896670699119568,-0.4900706112384796,0.1928073614835739,-0.12049060065467246,-0.48526489173839504,0.8
54.125,TRACK,-0.07896670699119568,-0.4900706112384796,0.1928073614835739,-0.11658635515800828,-0.4862176691472357,0.8
54.145,TRACK,-0.07896670699119568,-0.4900706112384796,0.1928073614835739,-0.11268949046279943,-0.487135585580888,0.8
54.165,TRACK,-0.07896670699119568,-0.4900706112384796,0.1928073614835739,-0.10880820614479031,-0.488017186455101,0.8
54.185,TRACK,-0.07896670699119568,-0.4900706112384796,0.1928073614835739,-0.10490226396876697,-0.4888716754059568,0.8
54.205,TRACK,-0.07896670699119568,-0.4900706112384796,0.1928073614835739,-0.10098779236005329,-0.48969527850924066,0.8
54.225,TRACK,-0.07896670699119568,-0.4900706112384796,0.1928073614835739,-0.09705020446000319,-0.49049083356804085,0.8
54.245,TRACK,-0.07896670699119568,-0.4900706112384796,0.1928073614835739,-0.09310124534429294,-0.491255695249777,0.8
54.267,TRACK,-0.07896670699119568,-0.4900706112384796,0.1928073614835739,-0.08920035886048093,-0.4919789588784884,0.8
54.285,TRACK,-0.07896670699119568,-0.4900706112384796,0.1928073614835739,-0.08522948642074493,-0.49268238718717766,0.8
54.305,TRACK,-0.07896670699119568,-0.4900706112384796,0.1928073614835739,-0.08085151920028381,-0.4934197319149348,0.8
54.325,TRACK,-0.07896670699119568,-0.4900706112384796,0.1928073614835739,-0.07738348936103975,-0.49397550098593945,0.8
54.346,TRACK,-0.07896670699119568,-0.4900706112384796,0.1928073614835739,-0.07294406303570482,-0.494650547020665,0.8
54.365,TRACK,-0.07896670699119568,-0.4900706112384796,0.1928073614835739,-0.0694610186494764,-0.49515166049219417,0.8
54.386,TRACK,-0.07896670699119568,-0.4900706112384796,0.1928073614835739,-0.06550273412105614,-0.4956908228146515,0.8
54.405,TRACK,-0.07896670699119568,-0.4900706112384796,0.1928073614835739,-0.061515377227063454,-0.49620142922467697,0.8
54.425,TRACK,-0.07896670699119568,-0.4900706112384796,0.1928073614835739,-0.05756710051525766,-0.4966749731346107,0.8
54.445,TRACK,-0.07896670699119568,-0.4900706112384796,0.1928073614835739,-0.05357479008013684,-0.4971214558514541,0.8
54.465,TRACK,-0.07896670699119568,-0.4900706112384796,0.1928073614835739,-0.04961849848449154,-0.4975319131554724,0.8
54.485,TRACK,-0.07896670699119568,-0.4900706112384796,0.1928073614835739,-0.04563632177302404,-0.4979129704426558,0.8
54.505,TRACK,-0.07896670699119568,-0.4900706112384796,0.1928073614835739,-0.04165592807937262,-0.4982617621851451,0.8
54.525,TRACK,-0.07896670699119568,-0.4900706112384796,0.1928073614835739,-0.037650906913891544,-0.4985803939271594,0.8
54.545,TRACK,-0.07896670699119568,-0.4900706112384796,0.1928073614835739,-0.03366395982287182,-0.4988654506067183,0.8
54.565,TRACK,-0.07896670699119568,-0.4900706112384796,0.1928073614835739,-0.029652632263599675,-0.49911994690639216,0.8
54.585,TRACK,-0.07896670699119568,-0.4900706112384796,0.1928073614835739,-0.025657341583560516,-0.49934126689355895,0.8
54.605,TRACK,-0.07896670699119568,-0.4900706112384796,0.1928073614835739,-0.021660217115048706,-0.49953061467194276,0.8
54.625,TRACK,-0.07896670699119568,-0.4900706112384796,0.1928073614835739,-0.017662372434134037,-0.49968794322056437,0.8
54.645,TRACK,-0.07896670699119568,-0.4900706112384796,0.1928073614835739,-0.013693092667355118,-0.49981246404346824,0.8
54.665,TRACK,-0.07896670699119568,-0.4900706112384796,0.1928073614835739,-0.009700541984201073,-0.499905890628639,0.8
54.685,TRACK,-0.07896670699119568,-0.4900706112384796,0.1928073614835739,-0.005684819503960297,-0.4999676817827402,0.8
54.705,TRACK,-0.07896670699119568,-0.4900706112384796,0.1928073614835739,-0.0017036822076178693,-0.4999970974585107,0.8
54.725,TRACK,-0.07896670699119568,-0.4900706112384796,0.1928073614835739,0.002294586012971075,-0.4999947348473072,0.8
54.745,TRACK,-0.07896670699119568,-0.4900706112384796,0.1928073614835739,0.006327180088262246,-0.49995996518934466,0.8
54.765,TRACK,-0.07896670699119568,-0.4900706112384796,0.1928073614835739,0.010328994541222805,-0.49989330048698133,0.8
54.785,TRACK,-0.07896670699119568,-0.4900706112384796,0.1928073614835739,0.014297544861172176,-0.4997955384063995,0.8
54.805,TRACK,-0.07896670699119568,-0.4900706112384796,0.1928073614835739,0.01829426154535038,-0.49966520790876595,0.8
54.825,TRACK,-0.07896670699119568,-0.4900706112384796,0.1928073614835739,0.022325916340074678,-0.4995013047626362,0.8
54.845,TRACK,-0.07896670699119568,-0.4900706112384796,0.1928073614835739,0.026323832504450487,-0.4993065750040526,0.8
54.865,TRACK,-0.07896670699119568,-0.4900706112384796,0.1928073614835739,0.030314635764075625,-0.4990801767837423,0.8
54.885,TRACK,-0.07896670699119568,-0.4900706112384796,0.1928073614835739,0.03428880201731081,-0.4988228924740901,0.8
54.905,TRACK,-0.07896670699119568,-0.4900706112384796,0.1928073614835739,0.03827738576368184,-0.49853268873675505,0.8
54.925,TRACK,-0.07896670699119568,-0.4900706112384796,0.1928073614835739,0.042268652235039554,-0.4982101575020659,0.8
54.945,TRACK,-0.07896670699119568,-0.4900706112384796,0.1928073614835739,0.046273018280351304,-0.49785420333590263,0.8
54.965,TRACK,-0.07896670699119568,-0.4900706112384796,0.1928073614835739,0.050253233727580435,-0.497468202501347,0.8
54.985,TRACK,-0.07896670699119568,-0.4900706112384796,0.1928073614835739,0.05422193932377152,-0.49705128638397994,0.8
55.005,TRACK,-0.07896670699119568,-0.4900706112384796,0.1928073614835739,0.05818401800044436,-0.4966030809905673,0.8
55.025,TRACK,-0.07896670699119568,-0.4900706112384796,0.1928073614835739,0.06216359303386262,-0.49612063825356056,0.8
55.045,TRACK,-0.07896670699119568,-0.4900706112384796,0.1928073614835739,0.06613435124652639,-0.4956069486853479,0.8
55.065,TRACK,-0.07896670699119568,-0.4900706112384796,0.1928073614835739,0.07008344716843128,-0.4950639458019436,0.8
55.085,TRACK,-0.07896670699119568,-0.4900706112384796,0.1928073614835739,0.07404110416251902,-0.49448752754179254,0.8
55.105,TRACK,-0.07896670699119568,-0.4900706112384796,0.1928073614835739,0.07799458911602254,-0.49387938210520876,0.8
55.125,TRACK,-0.07896670699119568,-0.4900706112384796,0.1928073614835739,0.08194303541296781,-0.49323963643173396,0.8
55.145,TRACK,-0.07896670699119568,-0.4900706112384796,0.1928073614835739,0.08588449944400733,-0.49256862745738517,0.8
55.165,TRACK,-0.07896670699119568,-0.4900706112384796,0.1928073614835739,0.08984219020609582,-0.49186215635986036,0.8
55.185,TRACK,-0.07896670699119568,-0.4900706112384796,0.1928073614835739,0.0937587103532346,-0.4911306386623607,0.8
55.205,TRACK,-0.07896670699119568,-0.4900706112384796,0.1928073614835739,0.09768232454107241,-0.49036533673604277,0.8
55.225,TRACK,-0.07896670699119568,-0.4900706112384796,0.1928073614835739,0.10160044172704738,-0.4895685347741099,0.8
55.245,TRACK,-0.07896670699119568,-0.4900706112384796,0.1928073614835739,0.10551961275101027,-0.48873879662338743,0.8
55.265,TRACK,-0.07896670699119568,-0.4900706112384796,0.1928073614835739,0.10941986635673563,-0.48788040834457996,0.8
55.285,TRACK,-0.07896670699119568,-0.4900706112384796,0.1928073614835739,0.11331950218747344,-0.4869894151046645,0.8
55.305,TRACK,-0.07896670699119568,-0.4900706112384796,0.1928073614835739,0.11721197781381514,-0.4860672301821773,0.8
55.325,TRACK,-0.07896670699119568,-0.4900706112384796,0.1928073614835739,0.12109311111202382,-0.4851148920010713,0.8
55.345,TRACK,-0.07896670699119568,-0.4900706112384796,0.1928073614835739,0.12500755393478707,-0.4841209677954894,0.8
55.365,TRACK,-0.07896670699119568,-0.4900706112384796,0.1928073614835739,0.12882791536835939,-0.48311837909754873,0.8
55.385,TRACK,-0.07896670699119568,-0.4900706112384796,0.1928073614835739,0.1327156355814856,-0.4820648919722347,0.8
55.405,TRACK,-0.07896670699119568,-0.4900706112384796,0.1928073614835739,0.1365718537684596,-0.48098662014472554,0.8
55.425,TRACK,-0.07896670699119568,-0.4900706112384796,0.1928073614835739,0.1404047142813375,-0.479881773156239,0.8
55.445,TRACK,-0.07896670699119568,-0.4900706112384796,0.1928073614835739,0.14424950361863706,-0.4787400972404305,0.8
55.465,TRACK,-0.07896670699119568,-0.4900706112384796,0.1928073614835739,0.1480510349695819,-0.4775781517662168,0.8
55.485,TRACK,-0.07896670699119568,-0.4900706112384796,0.1928073614835739,0.1518906384078886,-0.4763708995772559,0.8
55.505,TRACK,-0.07896670699119568,-0.4900706112384796,0.1928073614835739,0.1556977430518725,-0.47514020331745566,0.8
55.525,TRACK,-0.07896670699119568,-0.4900706112384796,0.1928073614835739,0.1594883698936285,-0.4738812719117238,0.8
55.545,TRACK,-0.07896670699119568,-0.4900706112384796,0.1928073614835739,0.16326377114106372,-0.47259384362557916,0.8
55.565,TRACK,-0.07896670699119568,-0.4900706112384796,0.1928073614835739,0.16704055693095057,-0.4712721637654805,0.8
55.585,TRACK,-0.07896670699119568,-0.4900706112384796,0.1928073614835739,0.17080910963750756,-0.469919405924933,0.8
55.605,TRACK,-0.07896670699119568,-0.4900706112384796,0.1928073614835739,0.17455924663240951,-0.46853929335235656,0.8
55.625,TRACK,-0.07896670699119568,-0.4900706112384796,0.1928073614835739,0.1782993922840909,-0.46712881169022735,0.8
55.645,TRACK,-0.07896670699119568,-0.4900706112384796,0.1928073614835739,0.18205096965882295,-0.46567955124342997,0.8
55.665,TRACK,-0.07896670699119568,-0.4900706112384796,0.1928073614835739,0.18577452151392465,-0.4642066642738688,0.8
55.685,TRACK,-0.07896670699119568,-0.4900706112384796,0.1928073614835739,0.189447017128535,-0.46272003166180364,0.8
55.705,TRACK,-0.07896670699119568,-0.4900706112384796,0.1928073614835739,0.19315925337354897,-0.461182721745051,0.8
55.725,TRACK,-0.07896670699119568,-0.4900706112384796,0.1928073614835739,0.19684503353673574,-0.45962161913025956,0.8
55.745,TRACK,-0.07896670699119568,-0.4900706112384796,0.1928073614835739,0.20052710921839698,-0.45802715909486535,0.8
55.765,TRACK,-0.07896670699119568,-0.4900706112384796,0.1928073614835739,0.20418451887894654,-0.4564084598801529,0.8
55.785,TRACK,-0.07896670699119568,-0.4900706112384796,0.1928073614835739,0.20782769234420678,-0.4547610914478961,0.8
55.805,TRACK,-0.07896670699119568,-0.4900706112384796,0.1928073614835739,0.21145757603021328,-0.45308464279803895,0.8
55.825,TRACK,-0.07896670699119568,-0.4900706112384796,0.1928073614835739,0.21506158328565234,-0.4513851076350087,0.8
55.845,TRACK,-0.07896670699119568,-0.4900706112384796,0.1928073614835739,0.21868688084047616,-0.4496399094256018,0.8
55.865,TRACK,-0.07896670699119568,-0.4900706112384796,0.1928073614835739,0.2222695283310871,-0.4478797347229232,0.8
55.885,TRACK,-0.07896670699119568,-0.4900706112384796,0.1928073614835739,0.22584562471053338,-0.4460871594196687,0.8
55.905,TRACK,-0.07896670699119568,-0.4900706112384796,0.1928073614835739,0.22938425894284364,-0.4442779104898672,0.8
55.926,TRACK,-0.07896670699119568,-0.4900706112384796,0.1928073614835739,0.23292232443384048,-0.44243326138564304,0.8
55.945,TRACK,-0.07896670699119568,-0.4900706112384796,0.1928073614835739,0.23672306176175228,-0.44041138953272047,0.8
55.965,TRACK,-0.07896670699119568,-0.4900706112384796,0.1928073614835739,0.23997966834244075,-0.43864536790242314,0.8
55.985,TRACK,-0.07896670699119568,-0.4900706112384796,0.1928073614835739,0.24349960273287571,-0.43670120616839575,0.8
56.005,TRACK,-0.07896670699119568,-0.4900706112384796,0.1928073614835739,0.2469603790865063,-0.434753460206413,0.8
56.025,TRACK,-0.07896670699119568,-0.4900706112384796,0.1928073614835739,0.2504437530084532,-0.43275619762060125,0.8
56.045,TRACK,-0.07896670699119568,-0.4900706112384796,0.1928073614835739,0.25393184253978585,-0.43071872416270623,0.8
56.065,TRACK,-0.07896670699119568,-0.4900706112384796,0.1928073614835739,0.2573409724472628,-0.428690592268943,0.8
56.085,TRACK,-0.07896670699119568,-0.4900706112384796,0.1928073614835739,0.2607609205453506,-0.4266189661938875,0.8
56.105,TRACK,-0.07896670699119568,-0.4900706112384796,0.1928073614835739,0.26416431425139864,-0.42451998195148405,0.8
56.125,TRACK,-0.07896670699119568,-0.4900706112384796,0.1928073614835739,0.2675516994679647,-0.422393286063834,0.8
56.145,TRACK,-0.07896670699119568,-0.4900706112384796,0.1928073614835739,0.2709433251377191,-0.4202257899788115,0.8
56.165,TRACK,-0.07896670699119568,-0.4900706112384796,0.1928073614835739,0.27429167797569126,-0.41804793432485665,0.8
56.185,TRACK,-0.07896670699119568,-0.4900706112384796,0.1928073614835739,0.27761142172750874,-0.4158508128240599,0.8
56.205,TRACK,-0.07896670699119568,-0.4900706112384796,0.1928073614835739,0.28091628889770337,-0.4136254811202304,0.8
56.225,TRACK,-0.07896670699119568,-0.4900706112384796,0.1928073614835739,0.2842357624362023,-0.41135146936933475,0.8
56.245,TRACK,-0.07896670699119568,-0.4900706112384796,0.1928073614835739,0.28753121134280263,-0.40905476712017497,0.8
56.265,TRACK,-0.07896670699119568,-0.4900706112384796,0.1928073614835739,0.2907859930530522,-0.40674747232668856,0.8
56.285,TRACK,-0.07896670699119568,-0.4900706112384796,0.1928073614835739,0.29403074563721937,-0.404408111466648,0.8
56.305,TRACK,-0.07896670699119568,-0.4900706112384796,0.1928073614835739,0.29725825105529435,-0.40204170452771143,0.8
56.325,TRACK,-0.07896670699119568,-0.4900706112384796,0.1928073614835739,0.30045302917990985,-0.39965982692361796,0.8
56.345,TRACK,-0.07896670699119568,-0.4900706112384796,0.1928073614835739,0.3036584235476827,-0.3972298601673043,0.8
56.365,TRACK,-0.07896670699119568,-0.4900706112384796,0.1928073614835739,0.3068193173189405,-0.39479349857861046,0.8
56.385,TRACK,-0.07896670699119568,-0.4900706112384796,0.1928073614835739,0.3099607763606045,-0.3923318966359112,0.8
56.405,TRACK,-0.07896670699119568,-0.4900706112384796,0.1928073614835739,0.3130854239686778,-0.38984293926959007,0.8
56.425,TRACK,-0.07896670699119568,-0.4900706112384796,0.1928073614835739,0.316195922552814,-0.3873243325185946,0.8
56.445,TRACK,-0.07896670699119568,-0.4900706112384796,0.1928073614835739,0.31927357434615783,-0.38479135219522337,0.8
56.465,TRACK,-0.07896670699119568,-0.4900706112384796,0.1928073614835739,0.3223630494167741,-0.38220683454213433,0.8
56.485,TRACK,-0.07896670699119568,-0.4900706112384796,0.1928073614835739,0.3254039450461147,-0.37962122246842994,0.8
56.505,TRACK,-0.07896670699119568,-0.4900706112384796,0.1928073614835739,0.32842802180011554,-0.3770080032260095,0.8
56.525,TRACK,-0.07896670699119568,-0.4900706112384796,0.1928073614835739,0.3314284713629709,-0.37437303371103586,0.8
56.545,TRACK,-0.07896670699119568,-0.4900706112384796,0.1928073614835739,0.33442741992374414,-0.37169651707158585,0.8
56.565,TRACK,-0.07896670699119568,-0.4900706112384796,0.1928073614835739,0.33738881305407614,-0.3690105538137922,0.8
56.585,TRACK,-0.07896670699119568,-0.4900706112384796,0.1928073614835739,0.3403297524190553,-0.36629995852905106,0.8
56.605,TRACK,-0.07896670699119568,-0.4900706112384796,0.1928073614835739,0.34322655119683626,-0.36358703848394475,0.8
56.625,TRACK,-0.07896670699119568,-0.4900706112384796,0.1928073614835739,0.34612240672641587,-0.3608313727517517,0.8
56.645,TRACK,-0.07896670699119568,-0.4900706112384796,0.1928073614835739,0.34902495713156817,-0.35802455125215504,0.8
56.665,TRACK,-0.07896670699119568,-0.4900706112384796,0.1928073614835739,0.3518511203434336,-0.35524750402088767,0.8
56.685,TRACK,-0.07896670699119568,-0.4900706112384796,0.1928073614835739,0.3546820098537432,-0.35242115697856335,0.8
56.705,TRACK,-0.07896670699119568,-0.4900706112384796,0.1928073614835739,0.3574896965650099,-0.3495727633123856,0.8
56.725,TRACK,-0.07896670699119568,-0.4900706112384796,0.1928073614835739,0.36027450901040864,-0.34670200195168904,0.8
56.745,TRACK,-0.07896670699119568,-0.4900706112384796,0.1928073614835739,0.3630364329423718,-0.34380888347522204,0.8
56.765,TRACK,-0.07896670699119568,-0.4900706112384796,0.1928073614835739,0.3657906969128577,-0.34087705415883585,0.8
56.785,TRACK,-0.07896670699119568,-0.4900706112384796,0.1928073614835739,0.36850230237413495,-0.33794386093693374,0.8
56.805,TRACK,-0.07896670699119568,-0.4900706112384796,0.1928073614835739,0.37118163429717066,-0.33499879755079937,0.8
56.825,TRACK,-0.07896670699119568,-0.4900706112384796,0.1928073614835739,0.37384813261646305,-0.33202044174897344,0.8
56.845,TRACK,-0.07896670699119568,-0.4900706112384796,0.1928073614835739,0.37651617967221396,-0.32899174221405786,0.8
56.865,TRACK,-0.07896670699119568,-0.4900706112384796,0.1928073614835739,0.3791302523841423,-0.32597584531240437,0.8
56.885,TRACK,-0.07896670699119568,-0.4900706112384796,0.1928073614835739,0.3817231557953743,-0.32293564735039765,0.8
56.905,TRACK,-0.07896670699119568,-0.4900706112384796,0.1928073614835739,0.38430525557664,-0.3198585164352723,0.8
56.925,TRACK,-0.07896670699119568,-0.4900706112384796,0.1928073614835739,0.3868469324529871,-0.3167798144637912,0.8
56.945,TRACK,-0.07896670699119568,-0.4900706112384796,0.1928073614835739,0.3894140787191771,-0.3136186781671247,0.8
56.965,TRACK,-0.07896670699119568,-0.4900706112384796,0.1928073614835739,0.39189016464901333,-0.31051907968974984,0.8
56.985,TRACK,-0.07896670699119568,-0.4900706112384796,0.1928073614835739,0.3943419606131624,-0.3073994438833081,0.8
57.005,TRACK,-0.07896670699119568,-0.4900706112384796,0.1928073614835739,0.39677913699319667,-0.30424713054839825,0.8
57.025,TRACK,-0.07896670699119568,-0.4900706112384796,0.1928073614835739,0.39920351845909624,-0.3010590487759469,0.8
57.045,TRACK,-0.07896670699119568,-0.4900706112384796,0.1928073614835739,0.4015869736341018,-0.2978722924466175,0.8
57.065,TRACK,-0.07896670699119568,-0.4900706112384796,0.1928073614835739,0.4039608389628602,-0.29464493985884455,0.8
57.085,TRACK,-0.07896670699119568,-0.4900706112384796,0.1928073614835739,0.40629951406732673,-0.2914115729833909,0.8
57.105,TRACK,-0.07896670699119568,-0.4900706112384796,0.1928073614835739,0.4086179979129453,-0.2881515777878307,0.8
57.125,TRACK,-0.07896670699119568,-0.4900706112384796,0.1928073614835739,0.4109067120814171,-0.2848783494167983,0.8
57.145,TRACK,-0.07896670699119568,-0.4900706112384796,0.1928073614835739,0.41319485079554824,-0.2815493123345263,0.8
57.165,TRACK,-0.07896670699119568,-0.4900706112384796,0.1928073614835739,0.4154440798323968,-0.2782197270723504,0.8
57.185,TRACK,-0.07896670699119568,-0.4900706112384796,0.1928073614835739,0.4176277834241212,-0.27493096317485827,0.8
57.205,TRACK,-0.07896670699119568,-0.4900706112384796,0.1928073614835739,0.41982484873410986,-0.2715641662395497,0.8
57.225,TRACK,-0.07896670699119568,-0.4900706112384796,0.1928073614835739,0.4219821121039558,-0.26819973352761645,0.8
57.245,TRACK,-0.07896670699119568,-0.4900706112384796,0.1928073614835739,0.42412137915936,-0.2648038061281643,0.8
57.265,TRACK,-0.07896670699119568,-0.4900706112384796,0.1928073614835739,0.42622808289054154,-0.26139935224757854,0.8
57.285,TRACK,-0.07896670699119568,-0.4900706112384796,0.1928073614835739,0.4282978640686273,-0.257994068990455,0.8
57.305,TRACK,-0.07896670699119568,-0.4900706112384796,0.1928073614835739,0.43034942241607504,-0.25455721287394434,0.8
57.325,TRACK,-0.07896670699119568,-0.4900706112384796,0.1928073614835739,0.4323690200782529,-0.25111158968986547,0.8
57.345,TRACK,-0.07896670699119568,-0.4900706112384796,0.1928073614835739,0.43437248484402885,-0.2476298536332482,0.8
57.365,TRACK,-0.07896670699119568,-0.4900706112384796,0.1928073614835739,0.4363263517825757,-0.2441706672393471,0.8
57.385,TRACK,-0.07896670699119568,-0.4900706112384796,0.1928073614835739,0.4382787453916626,-0.24064858474113285,0.8
57.405,TRACK,-0.07896670699119568,-0.4900706112384796,0.1928073614835739,0.44018961550065405,-0.23713519857960003,0.8
57.425,TRACK,-0.07896670699119568,-0.4900706112384796,0.1928073614835739,0.44207579712934325,-0.23360006334000805,0.8
57.445,TRACK,-0.07896670699119568,-0.4900706112384796,0.1928073614835739,0.4439413770804955,-0.23003489673498081,0.8
57.465,TRACK,-0.07896670699119568,-0.4900706112384796,0.1928073614835739,0.44575667232335375,-0.22649721649329432,0.8
57.485,TRACK,-0.07896670699119568,-0.4900706112384796,0.1928073614835739,0.44753926948693973,-0.22295426048204678,0.8
57.505,TRACK,-0.07896670699119568,-0.4900706112384796,0.1928073614835739,0.4493088127366927,-0.21936633925272947,0.8
57.525,TRACK,-0.07896670699119568,-0.4900706112384796,0.1928073614835739,0.451060764851857,-0.21574101698855924,0.8
57.545,TRACK,-0.07896670699119568,-0.4900706112384796,0.1928073614835739,0.4527602015843702,-0.21215136073398275,0.8
57.565,TRACK,-0.07896670699119568,-0.4900706112384796,0.1928073614835739,0.45445386122757303,-0.208498652310632,0.8
57.585,TRACK,-0.07896670699119568,-0.4900706112384796,0.1928073614835739,0.45610412365714087,-0.20486343837530302,0.8
57.605,TRACK,-0.07896670699119568,-0.4900706112384796,0.1928073614835739,0.45772703529619196,-0.20121123517079917,0.8
57.625,TRACK,-0.07896670699119568,-0.4900706112384796,0.1928073614835739,0.4593246025634212,-0.1975371091211854,0.8
57.645,TRACK,-0.07896670699119568,-0.4900706112384796,0.1928073614835739,0.46088901806674926,-0.19385900295180433,0.8
57.665,TRACK,-0.07896670699119568,-0.4900706112384796,0.1928073614835739,0.46241694413589834,-0.19018561926711874,0.8
57.685,TRACK,-0.07896670699119568,-0.4900706112384796,0.1928073614835739,0.46393273688433306,-0.18645754381899432,0.8
57.705,TRACK,-0.07896670699119568,-0.4900706112384796,0.1928073614835739,0.46540099419795056,-0.1827619068612472,0.8
57.725,TRACK,-0.07896670699119568,-0.4900706112384796,0.1928073614835739,0.46540099419795056,-0.1827619068612472,0.8
57.745,TRACK,-0.07896670699119568,-0.4900706112384796,0.1928073614835739,0.46540099419795056,-0.1827619068612472,0.8
57.765,TRACK,-0.07896670699119568,-0.4900706112384796,0.1928073614835739,0.46540099419795056,-0.1827619068612472,0.8
57.785,TRACK,-0.07896670699119568,-0.4900706112384796,0.1928073614835739,0.46540099419795056,-0.1827619068612472,0.8
57.805,TRACK,-0.07896670699119568,-0.4900706112384796,0.1928073614835739,0.46540099419795056,-0.1827619068612472,0.8
57.825,TRACK,-0.07896670699119568,-0.4900706112384796,0.1928073614835739,0.46540099419795056,-0.1827619068612472,0.8
57.845,TRACK,-0.07896670699119568,-0.4900706112384796,0.1928073614835739,0.46540099419795056,-0.1827619068612472,0.8
57.865,TRACK,-0.07896670699119568,-0.4900706112384796,0.1928073614835739,0.46540099419795056,-0.1827619068612472,0.8
57.885,TRACK,-0.07896670699119568,-0.4900706112384796,0.1928073614835739,0.46540099419795056,-0.1827619068612472,0.8
57.905,TRACK,-0.07896670699119568,-0.4900706112384796,0.1928073614835739,0.46540099419795056,-0.1827619068612472,0.8
57.925,TRACK,-0.07896670699119568,-0.4900706112384796,0.1928073614835739,0.46540099419795056,-0.1827619068612472,0.8
57.945,TRACK,-0.07896670699119568,-0.4900706112384796,0.1928073614835739,0.46540099419795056,-0.1827619068612472,0.8
57.965,TRACK,-0.07896670699119568,-0.4900706112384796,0.1928073614835739,0.46540099419795056,-0.1827619068612472,0.8
57.985,TRACK,-0.07896670699119568,-0.4900706112384796,0.1928073614835739,0.46540099419795056,-0.1827619068612472,0.8
58.005,TRACK,-0.07896670699119568,-0.4900706112384796,0.1928073614835739,0.46540099419795056,-0.1827619068612472,0.8
58.025,TRACK,-0.07896670699119568,-0.4900706112384796,0.1928073614835739,0.46540099419795056,-0.1827619068612472,0.8
58.045,TRACK,-0.07896670699119568,-0.4900706112384796,0.1928073614835739,0.46540099419795056,-0.1827619068612472,0.8
58.065,TRACK,-0.07896670699119568,-0.4900706112384796,0.1928073614835739,0.46540099419795056,-0.1827619068612472,0.8
58.085,TRACK,-0.07896670699119568,-0.4900706112384796,0.1928073614835739,0.46540099419795056,-0.1827619068612472,0.8
58.105,TRACK,-0.07896670699119568,-0.4900706112384796,0.1928073614835739,0.46540099419795056,-0.1827619068612472,0.8
58.125,TRACK,-0.07896670699119568,-0.4900706112384796,0.1928073614835739,0.46540099419795056,-0.1827619068612472,0.8
58.145,TRACK,-0.07896670699119568,-0.4900706112384796,0.1928073614835739,0.46540099419795056,-0.1827619068612472,0.8
58.165,TRACK,-0.07896670699119568,-0.4900706112384796,0.1928073614835739,0.46540099419795056,-0.1827619068612472,0.8
58.185,TRACK,-0.07896670699119568,-0.4900706112384796,0.1928073614835739,0.46540099419795056,-0.1827619068612472,0.8
58.205,TRACK,-0.07896670699119568,-0.4900706112384796,0.1928073614835739,0.46540099419795056,-0.1827619068612472,0.8
58.225,TRACK,-0.07896670699119568,-0.4900706112384796,0.1928073614835739,0.46540099419795056,-0.1827619068612472,0.8
58.245,TRACK,-0.07896670699119568,-0.4900706112384796,0.1928073614835739,0.46540099419795056,-0.1827619068612472,0.8
58.265,TRACK,-0.07896670699119568,-0.4900706112384796,0.1928073614835739,0.46540099419795056,-0.1827619068612472,0.8
58.285,TRACK,-0.07896670699119568,-0.4900706112384796,0.1928073614835739,0.46540099419795056,-0.1827619068612472,0.8
58.305,TRACK,-0.07896670699119568,-0.4900706112384796,0.1928073614835739,0.46540099419795056,-0.1827619068612472,0.8
58.325,TRACK,-0.07896670699119568,-0.4900706112384796,0.1928073614835739,0.46540099419795056,-0.1827619068612472,0.8
58.345,TRACK,-0.07896670699119568,-0.4900706112384796,0.1928073614835739,0.46540099419795056,-0.1827619068612472,0.8
58.365,TRACK,-0.07896670699119568,-0.4900706112384796,0.1928073614835739,0.46540099419795056,-0.1827619068612472,0.8
58.385,TRACK,-0.07896670699119568,-0.4900706112384796,0.1928073614835739,0.46540099419795056,-0.1827619068612472,0.8
58.405,TRACK,-0.07896670699119568,-0.4900706112384796,0.1928073614835739,0.46540099419795056,-0.1827619068612472,0.8
58.425,TRACK,-0.07896670699119568,-0.4900706112384796,0.1928073614835739,0.46540099419795056,-0.1827619068612472,0.8
58.445,TRACK,-0.07896670699119568,-0.4900706112384796,0.1928073614835739,0.46540099419795056,-0.1827619068612472,0.8
58.465,TRACK,-0.07896670699119568,-0.4900706112384796,0.1928073614835739,0.46540099419795056,-0.1827619068612472,0.8
58.485,TRACK,-0.07896670699119568,-0.4900706112384796,0.1928073614835739,0.46540099419795056,-0.1827619068612472,0.8
58.505,TRACK,-0.07896670699119568,-0.4900706112384796,0.1928073614835739,0.46540099419795056,-0.1827619068612472,0.8
58.525,TRACK,-0.07896670699119568,-0.4900706112384796,0.1928073614835739,0.46540099419795056,-0.1827619068612472,0.8
58.545,TRACK,-0.07896670699119568,-0.4900706112384796,0.1928073614835739,0.46540099419795056,-0.1827619068612472,0.8
58.565,TRACK,-0.07896670699119568,-0.4900706112384796,0.1928073614835739,0.46540099419795056,-0.1827619068612472,0.8
58.585,TRACK,-0.07896670699119568,-0.4900706112384796,0.1928073614835739,0.46540099419795056,-0.1827619068612472,0.8
58.605,TRACK,-0.07896670699119568,-0.4900706112384796,0.1928073614835739,0.46540099419795056,-0.1827619068612472,0.8
58.625,TRACK,-0.07896670699119568,-0.4900706112384796,0.1928073614835739,0.46540099419795056,-0.1827619068612472,0.8
58.645,TRACK,-0.07896670699119568,-0.4900706112384796,0.1928073614835739,0.46540099419795056,-0.1827619068612472,0.8
58.665,TRACK,-0.07896670699119568,-0.4900706112384796,0.1928073614835739,0.46540099419795056,-0.1827619068612472,0.8
58.685,TRACK,-0.07896670699119568,-0.4900706112384796,0.1928073614835739,0.46540099419795056,-0.1827619068612472,0.8
58.705,TRACK,-0.07896670699119568,-0.4900706112384796,0.1928073614835739,0.46540099419795056,-0.1827619068612472,0.8
58.725,TRACK,-0.07896670699119568,-0.4900706112384796,0.1928073614835739,0.46540099419795056,-0.1827619068612472,0.8
58.745,TRACK,-0.07896670699119568,-0.4900706112384796,0.1928073614835739,0.46540099419795056,-0.1827619068612472,0.8
58.765,TRACK,-0.07896670699119568,-0.4900706112384796,0.1928073614835739,0.46540099419795056,-0.1827619068612472,0.8
58.785,TRACK,-0.07896670699119568,-0.4900706112384796,0.1928073614835739,0.46540099419795056,-0.1827619068612472,0.8
58.805,TRACK,-0.07896670699119568,-0.4900706112384796,0.1928073614835739,0.46540099419795056,-0.1827619068612472,0.8
58.825,TRACK,-0.07896670699119568,-0.4900706112384796,0.1928073614835739,0.46540099419795056,-0.1827619068612472,0.8
58.845,TRACK,-0.07896670699119568,-0.4900706112384796,0.1928073614835739,0.46540099419795056,-0.1827619068612472,0.8
58.865,TRACK,-0.07896670699119568,-0.4900706112384796,0.1928073614835739,0.46540099419795056,-0.1827619068612472,0.8
58.885,TRACK,-0.07896670699119568,-0.4900706112384796,0.1928073614835739,0.46540099419795056,-0.1827619068612472,0.8
58.905,TRACK,-0.07896670699119568,-0.4900706112384796,0.1928073614835739,0.46540099419795056,-0.1827619068612472,0.8
58.925,TRACK,-0.07896670699119568,-0.4900706112384796,0.1928073614835739,0.46540099419795056,-0.1827619068612472,0.8
58.945,TRACK,-0.07896670699119568,-0.4900706112384796,0.1928073614835739,0.46540099419795056,-0.1827619068612472,0.8
58.965,TRACK,-0.07896670699119568,-0.4900706112384796,0.1928073614835739,0.46540099419795056,-0.1827619068612472,0.8
58.985,TRACK,-0.07896670699119568,-0.4900706112384796,0.1928073614835739,0.46540099419795056,-0.1827619068612472,0.8
59.005,TRACK,-0.07896670699119568,-0.4900706112384796,0.1928073614835739,0.46540099419795056,-0.1827619068612472,0.8
59.025,TRACK,-0.07896670699119568,-0.4900706112384796,0.1928073614835739,0.46540099419795056,-0.1827619068612472,0.8
59.045,TRACK,-0.07896670699119568,-0.4900706112384796,0.1928073614835739,0.46540099419795056,-0.1827619068612472,0.8
59.065,TRACK,-0.07896670699119568,-0.4900706112384796,0.1928073614835739,0.46540099419795056,-0.1827619068612472,0.8
59.085,TRACK,-0.07896670699119568,-0.4900706112384796,0.1928073614835739,0.46540099419795056,-0.1827619068612472,0.8
59.105,TRACK,-0.07896670699119568,-0.4900706112384796,0.1928073614835739,0.46540099419795056,-0.1827619068612472,0.8
59.125,TRACK,-0.07896670699119568,-0.4900706112384796,0.1928073614835739,0.46540099419795056,-0.1827619068612472,0.8
59.145,TRACK,-0.07896670699119568,-0.4900706112384796,0.1928073614835739,0.46540099419795056,-0.1827619068612472,0.8
59.165,TRACK,-0.07896670699119568,-0.4900706112384796,0.1928073614835739,0.46540099419795056,-0.1827619068612472,0.8
59.185,TRACK,-0.07896670699119568,-0.4900706112384796,0.1928073614835739,0.46540099419795056,-0.1827619068612472,0.8
59.205,TRACK,-0.07896670699119568,-0.4900706112384796,0.1928073614835739,0.46540099419795056,-0.1827619068612472,0.8
59.225,TRACK,-0.07896670699119568,-0.4900706112384796,0.1928073614835739,0.46540099419795056,-0.1827619068612472,0.8
59.245,TRACK,-0.07896670699119568,-0.4900706112384796,0.1928073614835739,0.46540099419795056,-0.1827619068612472,0.8
59.265,TRACK,-0.07896670699119568,-0.4900706112384796,0.1928073614835739,0.46540099419795056,-0.1827619068612472,0.8
59.285,TRACK,-0.07896670699119568,-0.4900706112384796,0.1928073614835739,0.46540099419795056,-0.1827619068612472,0.8
59.305,TRACK,-0.07896670699119568,-0.4900706112384796,0.1928073614835739,0.46540099419795056,-0.1827619068612472,0.8
59.325,TRACK,-0.07896670699119568,-0.4900706112384796,0.1928073614835739,0.46540099419795056,-0.1827619068612472,0.8
59.345,TRACK,-0.07896670699119568,-0.4900706112384796,0.1928073614835739,0.46540099419795056,-0.1827619068612472,0.8
59.365,TRACK,-0.07896670699119568,-0.4900706112384796,0.1928073614835739,0.46540099419795056,-0.1827619068612472,0.8
59.385,TRACK,-0.07896670699119568,-0.4900706112384796,0.1928073614835739,0.46540099419795056,-0.1827619068612472,0.8
59.405,TRACK,-0.07896670699119568,-0.4900706112384796,0.1928073614835739,0.46540099419795056,-0.1827619068612472,0.8
59.425,TRACK,-0.07896670699119568,-0.4900706112384796,0.1928073614835739,0.46540099419795056,-0.1827619068612472,0.8
59.445,TRACK,-0.07896670699119568,-0.4900706112384796,0.1928073614835739,0.46540099419795056,-0.1827619068612472,0.8
59.465,TRACK,-0.07896670699119568,-0.4900706112384796,0.1928073614835739,0.46540099419795056,-0.1827619068612472,0.8
59.485,TRACK,-0.07896670699119568,-0.4900706112384796,0.1928073614835739,0.46540099419795056,-0.1827619068612472,0.8
59.505,TRACK,-0.07896670699119568,-0.4900706112384796,0.1928073614835739,0.46540099419795056,-0.1827619068612472,0.8
59.525,TRACK,-0.07896670699119568,-0.4900706112384796,0.1928073614835739,0.46540099419795056,-0.1827619068612472,0.8
59.545,TRACK,-0.07896670699119568,-0.4900706112384796,0.1928073614835739,0.46540099419795056,-0.1827619068612472,0.8
59.565,TRACK,-0.07896670699119568,-0.4900706112384796,0.1928073614835739,0.46540099419795056,-0.1827619068612472,0.8
59.585,TRACK,-0.07896670699119568,-0.4900706112384796,0.1928073614835739,0.46540099419795056,-0.1827619068612472,0.8
59.605,TRACK,-0.07896670699119568,-0.4900706112384796,0.1928073614835739,0.46540099419795056,-0.1827619068612472,0.8
59.625,TRACK,-0.07896670699119568,-0.4900706112384796,0.1928073614835739,0.46540099419795056,-0.1827619068612472,0.8
59.645,TRACK,-0.07896670699119568,-0.4900706112384796,0.1928073614835739,0.46540099419795056,-0.1827619068612472,0.8
59.665,TRACK,-0.07896670699119568,-0.4900706112384796,0.1928073614835739,0.46540099419795056,-0.1827619068612472,0.8
59.685,TRACK,-0.07896670699119568,-0.4900706112384796,0.1928073614835739,0.46540099419795056,-0.1827619068612472,0.8
59.705,TRACK,-0.07896670699119568,-0.4900706112384796,0.1928073614835739,0.46540099419795056,-0.1827619068612472,0.8
59.725,TRACK,-0.07896670699119568,-0.4900706112384796,0.1928073614835739,0.46540099419795056,-0.1827619068612472,0.8
59.745,TRACK,-0.07896670699119568,-0.4900706112384796,0.1928073614835739,0.46540099419795056,-0.1827619068612472,0.8
59.765,TRACK,-0.07896670699119568,-0.4900706112384796,0.1928073614835739,0.46540099419795056,-0.1827619068612472,0.8
59.785,TRACK,-0.07896670699119568,-0.4900706112384796,0.1928073614835739,0.46540099419795056,-0.1827619068612472,0.8
59.805,TRACK,-0.07896670699119568,-0.4900706112384796,0.1928073614835739,0.46540099419795056,-0.1827619068612472,0.8
59.825,TRACK,-0.07896670699119568,-0.4900706112384796,0.1928073614835739,0.46540099419795056,-0.1827619068612472,0.8
59.845,TRACK,-0.07896670699119568,-0.4900706112384796,0.1928073614835739,0.46540099419795056,-0.1827619068612472,0.8
59.865,TRACK,-0.07896670699119568,-0.4900706112384796,0.1928073614835739,0.46540099419795056,-0.1827619068612472,0.8
59.885,TRACK,-0.07896670699119568,-0.4900706112384796,0.1928073614835739,0.46540099419795056,-0.1827619068612472,0.8
59.905,TRACK,-0.07896670699119568,-0.4900706112384796,0.1928073614835739,0.46540099419795056,-0.1827619068612472,0.8
59.925,TRACK,-0.07896670699119568,-0.4900706112384796,0.1928073614835739,0.46540099419795056,-0.1827619068612472,0.8
59.945,TRACK,-0.07896670699119568,-0.4900706112384796,0.1928073614835739,0.46540099419795056,-0.1827619068612472,0.8
59.965,TRACK,-0.07896670699119568,-0.4900706112384796,0.1928073614835739,0.46540099419795056,-0.1827619068612472,0.8
59.985,TRACK,-0.07896670699119568,-0.4900706112384796,0.1928073614835739,0.46540099419795056,-0.1827619068612472,0.8
60.005,TRACK,-0.07896670699119568,-0.4900706112384796,0.1928073614835739,0.46540099419795056,-0.1827619068612472,0.8
60.025,TRACK,-0.07896670699119568,-0.4900706112384796,0.1928073614835739,0.46540099419795056,-0.1827619068612472,0.8
60.045,TRACK,-0.07896670699119568,-0.4900706112384796,0.1928073614835739,0.46540099419795056,-0.1827619068612472,0.8
60.065,TRACK,-0.07896670699119568,-0.4900706112384796,0.1928073614835739,0.46540099419795056,-0.1827619068612472,0.8
60.085,TRACK,-0.07896670699119568,-0.4900706112384796,0.1928073614835739,0.46540099419795056,-0.1827619068612472,0.8
60.105,TRACK,-0.07896670699119568,-0.4900706112384796,0.1928073614835739,0.46540099419795056,-0.1827619068612472,0.8
60.125,TRACK,-0.07896670699119568,-0.4900706112384796,0.1928073614835739,0.46540099419795056,-0.1827619068612472,0.8
60.145,TRACK,-0.07896670699119568,-0.4900706112384796,0.1928073614835739,0.46540099419795056,-0.1827619068612472,0.8
60.165,TRACK,-0.07896670699119568,-0.4900706112384796,0.1928073614835739,0.46540099419795056,-0.1827619068612472,0.8
60.185,TRACK,-0.07896670699119568,-0.4900706112384796,0.1928073614835739,0.46540099419795056,-0.1827619068612472,0.8
60.205,TRACK,-0.07896670699119568,-0.4900706112384796,0.1928073614835739,0.46540099419795056,-0.1827619068612472,0.8
60.225,TRACK,-0.07896670699119568,-0.4900706112384796,0.1928073614835739,0.46540099419795056,-0.1827619068612472,0.8
60.245,TRACK,-0.07896670699119568,-0.4900706112384796,0.1928073614835739,0.46540099419795056,-0.1827619068612472,0.8
60.265,TRACK,-0.07896670699119568,-0.4900706112384796,0.1928073614835739,0.46540099419795056,-0.1827619068612472,0.8
60.285,TRACK,-0.07896670699119568,-0.4900706112384796,0.1928073614835739,0.46540099419795056,-0.1827619068612472,0.8
60.305,TRACK,-0.07896670699119568,-0.4900706112384796,0.1928073614835739,0.46540099419795056,-0.1827619068612472,0.8
60.325,TRACK,-0.07896670699119568,-0.4900706112384796,0.1928073614835739,0.46540099419795056,-0.1827619068612472,0.8
60.345,TRACK,-0.07896670699119568,-0.4900706112384796,0.1928073614835739,0.46540099419795056,-0.1827619068612472,0.8
60.365,TRACK,-0.07896670699119568,-0.4900706112384796,0.1928073614835739,0.46540099419795056,-0.1827619068612472,0.8
60.385,TRACK,-0.07896670699119568,-0.4900706112384796,0.1928073614835739,0.46540099419795056,-0.1827619068612472,0.8
60.405,TRACK,-0.07896670699119568,-0.4900706112384796,0.1928073614835739,0.46540099419795056,-0.1827619068612472,0.8
60.425,TRACK,-0.07896670699119568,-0.4900706112384796,0.1928073614835739,0.46540099419795056,-0.1827619068612472,0.8
60.445,TRACK,-0.07896670699119568,-0.4900706112384796,0.1928073614835739,0.46540099419795056,-0.1827619068612472,0.8
60.465,TRACK,-0.07896670699119568,-0.4900706112384796,0.1928073614835739,0.46540099419795056,-0.1827619068612472,0.8
60.485,TRACK,-0.07896670699119568,-0.4900706112384796,0.1928073614835739,0.46540099419795056,-0.1827619068612472,0.8
60.505,TRACK,-0.07896670699119568,-0.4900706112384796,0.1928073614835739,0.46540099419795056,-0.1827619068612472,0.8
60.525,TRACK,-0.07896670699119568,-0.4900706112384796,0.1928073614835739,0.46540099419795056,-0.1827619068612472,0.8
60.545,TRACK,-0.07896670699119568,-0.4900706112384796,0.1928073614835739,0.46540099419795056,-0.1827619068612472,0.8
60.565,TRACK,-0.07896670699119568,-0.4900706112384796,0.1928073614835739,0.46540099419795056,-0.1827619068612472,0.8
60.585,TRACK,-0.07896670699119568,-0.4900706112384796,0.1928073614835739,0.46540099419795056,-0.1827619068612472,0.8
60.605,TRACK,-0.07896670699119568,-0.4900706112384796,0.1928073614835739,0.46540099419795056,-0.1827619068612472,0.8
60.625,TRACK,-0.07896670699119568,-0.4900706112384796,0.1928073614835739,0.46540099419795056,-0.1827619068612472,0.8
60.645,TRACK,-0.07896670699119568,-0.4900706112384796,0.1928073614835739,0.46540099419795056,-0.1827619068612472,0.8
60.665,TRACK,-0.07896670699119568,-0.4900706112384796,0.1928073614835739,0.46540099419795056,-0.1827619068612472,0.8
60.685,TRACK,-0.07896670699119568,-0.4900706112384796,0.1928073614835739,0.46540099419795056,-0.1827619068612472,0.8
60.705,TRACK,-0.07896670699119568,-0.4900706112384796,0.1928073614835739,0.46540099419795056,-0.1827619068612472,0.8
60.725,TRACK,-0.07896670699119568,-0.4900706112384796,0.1928073614835739,0.46540099419795056,-0.1827619068612472,0.8
60.745,TRACK,-0.07896670699119568,-0.4900706112384796,0.1928073614835739,0.46540099419795056,-0.1827619068612472,0.8
60.765,TRACK,-0.07896670699119568,-0.4900706112384796,0.1928073614835739,0.46540099419795056,-0.1827619068612472,0.8
60.785,TRACK,-0.07896670699119568,-0.4900706112384796,0.1928073614835739,0.46540099419795056,-0.1827619068612472,0.8
60.805,TRACK,-0.07896670699119568,-0.4900706112384796,0.1928073614835739,0.46540099419795056,-0.1827619068612472,0.8
60.825,TRACK,-0.07896670699119568,-0.4900706112384796,0.1928073614835739,0.46540099419795056,-0.1827619068612472,0.8
60.845,TRACK,-0.07896670699119568,-0.4900706112384796,0.1928073614835739,0.46540099419795056,-0.1827619068612472,0.8
60.865,TRACK,-0.07896670699119568,-0.4900706112384796,0.1928073614835739,0.46540099419795056,-0.1827619068612472,0.8
60.885,TRACK,-0.07896670699119568,-0.4900706112384796,0.1928073614835739,0.46540099419795056,-0.1827619068612472,0.8
60.905,TRACK,-0.07896670699119568,-0.4900706112384796,0.1928073614835739,0.46540099419795056,-0.1827619068612472,0.8
60.925,TRACK,-0.07896670699119568,-0.4900706112384796,0.1928073614835739,0.46540099419795056,-0.1827619068612472,0.8
60.945,TRACK,-0.07896670699119568,-0.4900706112384796,0.1928073614835739,0.46540099419795056,-0.1827619068612472,0.8
60.965,TRACK,-0.07896670699119568,-0.4900706112384796,0.1928073614835739,0.46540099419795056,-0.1827619068612472,0.8
60.985,TRACK,-0.07896670699119568,-0.4900706112384796,0.1928073614835739,0.46540099419795056,-0.1827619068612472,0.8
61.005,TRACK,-0.07896670699119568,-0.4900706112384796,0.1928073614835739,0.46540099419795056,-0.1827619068612472,0.8
61.025,TRACK,-0.07896670699119568,-0.4900706112384796,0.1928073614835739,0.46540099419795056,-0.1827619068612472,0.8
61.045,TRACK,-0.07896670699119568,-0.4900706112384796,0.1928073614835739,0.46540099419795056,-0.1827619068612472,0.8
61.065,TRACK,-0.07896670699119568,-0.4900706112384796,0.1928073614835739,0.46540099419795056,-0.1827619068612472,0.8
61.085,TRACK,-0.07896670699119568,-0.4900706112384796,0.1928073614835739,0.46540099419795056,-0.1827619068612472,0.8
61.105,TRACK,-0.07896670699119568,-0.4900706112384796,0.1928073614835739,0.46540099419795056,-0.1827619068612472,0.8
61.125,TRACK,-0.07896670699119568,-0.4900706112384796,0.1928073614835739,0.46540099419795056,-0.1827619068612472,0.8
61.145,TRACK,-0.07896670699119568,-0.4900706112384796,0.1928073614835739,0.46540099419795056,-0.1827619068612472,0.8
61.165,TRACK,-0.07896670699119568,-0.4900706112384796,0.1928073614835739,0.46540099419795056,-0.1827619068612472,0.8
61.185,TRACK,-0.07896670699119568,-0.4900706112384796,0.1928073614835739,0.46540099419795056,-0.1827619068612472,0.8
61.205,TRACK,-0.07896670699119568,-0.4900706112384796,0.1928073614835739,0.46540099419795056,-0.1827619068612472,0.8
61.225,TRACK,-0.07896670699119568,-0.4900706112384796,0.1928073614835739,0.46540099419795056,-0.1827619068612472,0.8
61.245,TRACK,-0.07896670699119568,-0.4900706112384796,0.1928073614835739,0.46540099419795056,-0.1827619068612472,0.8
61.265,TRACK,-0.07896670699119568,-0.4900706112384796,0.1928073614835739,0.46540099419795056,-0.1827619068612472,0.8
61.285,TRACK,-0.07896670699119568,-0.4900706112384796,0.1928073614835739,0.46540099419795056,-0.1827619068612472,0.8
61.305,TRACK,-0.07896670699119568,-0.4900706112384796,0.1928073614835739,0.46540099419795056,-0.1827619068612472,0.8
61.325,TRACK,-0.07896670699119568,-0.4900706112384796,0.1928073614835739,0.46540099419795056,-0.1827619068612472,0.8
61.345,TRACK,-0.07896670699119568,-0.4900706112384796,0.1928073614835739,0.46540099419795056,-0.1827619068612472,0.8
61.365,TRACK,-0.07896670699119568,-0.4900706112384796,0.1928073614835739,0.46540099419795056,-0.1827619068612472,0.8
61.385,TRACK,-0.07896670699119568,-0.4900706112384796,0.1928073614835739,0.46540099419795056,-0.1827619068612472,0.8
61.405,TRACK,-0.07896670699119568,-0.4900706112384796,0.1928073614835739,0.46540099419795056,-0.1827619068612472,0.8
61.425,TRACK,-0.07896670699119568,-0.4900706112384796,0.1928073614835739,0.46540099419795056,-0.1827619068612472,0.8
61.445,TRACK,-0.07896670699119568,-0.4900706112384796,0.1928073614835739,0.46540099419795056,-0.1827619068612472,0.8
61.465,TRACK,-0.07896670699119568,-0.4900706112384796,0.1928073614835739,0.46540099419795056,-0.1827619068612472,0.8
61.485,TRACK,-0.07896670699119568,-0.4900706112384796,0.1928073614835739,0.46540099419795056,-0.1827619068612472,0.8
61.505,TRACK,-0.07896670699119568,-0.4900706112384796,0.1928073614835739,0.46540099419795056,-0.1827619068612472,0.8
