timestamp_sec,flight_state,cf1_X,cf1_Y,cf1_Z,cf1_VelX,cf1_VelY,cf1_VelZ,cf1_Roll,cf1_Pitch,cf1_Yaw,cf1_GyroX,cf1_GyroY,cf1_GyroZ,cf1_Motor1,cf1_Motor2,cf1_Motor3,cf1_Motor4,cf1_targ_x,cf1_targ_y,cf1_targ_z,cf2_X,cf2_Y,cf2_Z,cf2_VelX,cf2_VelY,cf2_VelZ,cf2_Roll,cf2_Pitch,cf2_Yaw,cf2_GyroX,cf2_GyroY,cf2_GyroZ,cf2_Motor1,cf2_Motor2,cf2_Motor3,cf2_Motor4,cf2_targ_x,cf2_targ_y,cf2_targ_z,cf3_X,cf3_Y,cf3_Z,cf3_VelX,cf3_VelY,cf3_VelZ,cf3_Roll,cf3_Pitch,cf3_Yaw,cf3_GyroX,cf3_GyroY,cf3_GyroZ,cf3_Motor1,cf3_Motor2,cf3_Motor3,cf3_Motor4,cf3_targ_x,cf3_targ_y,cf3_targ_z
0.011,TAKEOFF,0.09249507635831833,0.7642506957054138,-0.019229669123888016,0.0,0.0,0.0,-0.005535082425922155,-0.004151311703026295,-0.10931787639856339,0.0,0.0,0.0,0.0,0.0,0.0,0.0,0.6344342385228733,0.34309293655487405,0.5,-0.7356786131858826,-0.26679182052612305,-0.02873275801539421,0.0,0.0,0.0,0.027675412595272064,0.019372789189219475,-0.15083099901676178,0.0,0.0,0.0,0.0,0.0,0.0,0.0,0.7744535901331218,1.1179368483418448,0.5,0.7371538281440735,-0.8955838084220886,-0.03581525385379791,0.0,0.0,0.0,0.0013837706064805388,0.0,-0.13699328899383545,0.0,0.0,0.0,0.0,0.0,0.0,0.0,0.5769109486011774,0.8276765014479905,0.5
0.03,TAKEOFF,0.06258818507194519,0.7371309995651245,-0.0207078754901886,0.0,0.0,0.0,0.00830262340605259,-0.009686394594609737,-0.10931787639856339,0.0,0.0,0.0,0.0,0.0,0.0,0.0,0.6344559080569767,0.34305653735151226,0.5,-0.7356786131858826,-0.26679182052612305,-0.02873275801539421,0.0,0.0,0.0,0.027675412595272064,0.019372789189219475,-0.15083099901676178,0.0,0.0,0.0,0.0,0.0,0.0,0.0,0.7743811287535411,1.1178786846646642,0.5,0.7371538281440735,-0.8955838084220886,-0.03581525385379791,0.0,0.0,0.0,0.0013837706064805388,0.0,-0.13699328899383545,0.0,0.0,0.0,0.0,0.0,0.0,0.0,0.5769193656791881,0.8277036481517923,0.5
0.051,TAKEOFF,0.06258818507194519,0.7371309995651245,-0.0207078754901886,0.0,0.0,0.0,0.00830262340605259,-0.009686394594609737,-0.10931787639856339,0.0,0.0,0.0,0.0,0.0,0.0,0.0,0.6344774501205958,0.34302035805963094,0.5,-0.7356786131858826,-0.26679182052612305,-0.02873275801539421,0.0,0.0,0.0,0.027675412595272064,0.019372789189219475,-0.15083099901676178,0.0,0.0,0.0,0.0,0.0,0.0,0.0,0.7742314642936499,1.1177584927856528,0.5,0.7371538281440735,-0.8955838084220886,-0.03581525385379791,0.0,0.0,0.0,0.0013837706064805388,0.0,-0.13699328899383545,0.0,0.0,0.0,0.0,0.0,0.0,0.0,0.5769277335290952,0.8277306315802102,0.5
0.071,TAKEOFF,0.06258818507194519,0.7371309995651245,-0.0207078754901886,0.0,0.0,0.0,0.00830262340605259,-0.009686394594609737,-0.10931787639856339,0.0,0.0,0.0,0.0,0.0,0.0,0.0,0.6344988654479795,0.3429843973417969,0.5,-0.7356786131858826,-0.26679182052612305,-0.02873275801539421,0.0,0.0,0.0,0.027675412595272064,0.019372789189219475,-0.15083099901676178,0.0,0.0,0.0,0.0,0.0,0.0,0.0,0.7740827359344729,1.1176389746134177,0.5,0.7371538281440735,-0.8955838084220886,-0.03581525385379791,0.0,0.0,0.0,0.0013837706064805388,0.0,-0.13699328899383545,0.0,0.0,0.0,0.0,0.0,0.0,0.0,0.5769360524310024,0.827757452717565,0.5
0.09,TAKEOFF,0.06258818507194519,0.7371309995651245,-0.0207078754901886,0.0,0.0,0.0,0.00830262340605259,-0.009686394594609737,-0.10931787639856339,0.0,0.0,0.0,0.0,0.0,0.0,0.0,0.6345201547693387,0.34294865386881374,0.5,-0.7527941465377808,-0.2934033274650574,-0.12318797409534454,0.0,0.0,0.0,0.029059182852506638,0.01660524681210518,-0.15359853208065033,0.0,0.0,0.0,0.0,0.0,0.0,0.0,0.7739349376183153,1.117520126685322,0.5,0.7398813366889954,-0.8956341743469238,-0.03458721563220024,0.0,0.0,0.0,-0.0027675412129610777,-0.005535082425922155,-0.13699328899383545,0.0,0.0,0.0,0.0,0.0,0.0,0.0,0.5769443226635159,0.8277841125422165,0.5
0.11,TAKEOFF,0.06258818507194519,0.7371309995651245,-0.0207078754901886,0.0,0.0,0.0,0.00830262340605259,-0.009686394594609737,-0.10931787639856339,0.0,0.0,0.0,0.0,0.0,0.0,0.0,0.6345443700263803,0.34290800477951416,0.5,-0.7527941465377808,-0.2934033274650574,-0.12318797409534454,0.0,0.0,0.0,0.029059182852506638,0.01660524681210518,-0.15359853208065033,0.0,0.0,0.0,0.0,0.0,0.0,0.0,0.7737880633288359,1.117401945552361,0.5,0.7398813366889954,-0.8956341743469238,-0.03458721563220024,0.0,0.0,0.0,-0.0027675412129610777,-0.005535082425922155,-0.13699328899383545,0.0,0.0,0.0,0.0,0.0,0.0,0.0,0.5769442821476681,0.8277839819464867,0.5
0.13,TAKEOFF,0.11680856347084045,0.7313065528869629,-0.027188975363969803,0.0,0.0,0.0,0.0013837706064805388,0.005535082425922155,-0.10931787639856339,0.0,0.0,0.0,0.0,0.0,0.0,0.0,0.6345684431685454,0.3428676014773058,0.5,-0.7527941465377808,-0.2934033274650574,-0.12318797409534454,0.0,0.0,0.0,0.029059182852506638,0.01660524681210518,-0.15359853208065033,0.0,0.0,0.0,0.0,0.0,0.0,0.0,0.7736421070907431,1.1172844277791678,0.5,0.7398813366889954,-0.8956341743469238,-0.03458721563220024,0.0,0.0,0.0,-0.0027675412129610777,-0.005535082425922155,-0.13699328899383545,0.0,0.0,0.0,0.0,0.0,0.0,0.0,0.576944241874945,0.8277838521343223,0.5
0.15,TAKEOFF,0.11680856347084045,0.7313065528869629,-0.027188975363969803,0.0,0.0,0.0,0.0013837706064805388,0.005535082425922155,-0.10931787639856339,0.0,0.0,0.0,0.0,0.0,0.0,0.0,0.6345923750103711,0.34282744246506947,0.5,-0.7527941465377808,-0.2934033274650574,-0.12318797409534454,0.0,0.0,0.0,0.029059182852506638,0.01660524681210518,-0.15359853208065033,0.0,0.0,0.0,0.0,0.0,0.0,0.0,0.7734930731480114,1.1171643544112408,0.5,0.7398813366889954,-0.8956341743469238,-0.03458721563220024,0.0,0.0,0.0,-0.0027675412129610777,-0.005535082425922155,-0.13699328899383545,0.0,0.0,0.0,0.0,0.0,0.0,0.0,0.5769442018438874,0.8277837231010219,0.5
0.17,TAKEOFF,0.11680856347084045,0.7313065528869629,-0.027188975363969803,0.0,0.0,0.0,0.0013837706064805388,0.005535082425922155,-0.10931787639856339,0.0,0.0,0.0,0.0,0.0,0.0,0.0,0.6346161663619666,0.3427875262549323,0.5,-0.7804498076438904,-0.2294560819864273,-0.11550721526145935,0.0,0.0,0.0,0.005535082425922155,0.0,-0.14806345105171204,0.0,0.0,0.0,0.0,0.0,0.0,0.0,0.7733449713730729,1.1170449543781078,0.5,0.7398813366889954,-0.8956341743469238,-0.03458721563220024,0.0,0.0,0.0,-0.0027675412129610777,-0.005535082425922155,-0.13699328899383545,0.0,0.0,0.0,0.0,0.0,0.0,0.0,0.5769441620530449,0.8277835948419123,0.5
0.19,TAKEOFF,0.11680856347084045,0.7313065528869629,-0.027188975363969803,0.0,0.0,0.0,0.0013837706064805388,0.005535082425922155,-0.10931787639856339,0.0,0.0,0.0,0.0,0.0,0.0,0.0,0.6346398180290331,0.34274785136820946,0.5,-0.7804498076438904,-0.2294560819864273,-0.11550721526145935,0.0,0.0,0.0,0.005535082425922155,0.0,-0.14806345105171204,0.0,0.0,0.0,0.0,0.0,0.0,0.0,0.7731977957334726,1.1169262242152245,0.5,0.7656207084655762,-0.8478983640670776,-0.014193717390298843,0.0,0.0,0.0,-0.01107016485184431,0.012453935109078884,-0.1342257410287857,0.0,0.0,0.0,0.0,0.0,0.0,0.0,0.5769791260684581,0.8278962563932477,0.5
0.21,TAKEOFF,0.11680856347084045,0.7313065528869629,-0.027188975363969803,0.0,0.0,0.0,0.0013837706064805388,0.005535082425922155,-0.10931787639856339,0.0,0.0,0.0,0.0,0.0,0.0,0.0,0.6346783968940994,0.3426831514993609,0.5,-0.7804498076438904,-0.2294560819864273,-0.11550721526145935,0.0,0.0,0.0,0.005535082425922155,0.0,-0.14806345105171204,0.0,0.0,0.0,0.0,0.0,0.0,0.0,0.7730515402379405,1.1168081604717415,0.5,0.7656207084655762,-0.8478983640670776,-0.014193717390298843,0.0,0.0,0.0,-0.01107016485184431,0.012453935109078884,-0.1342257410287857,0.0,0.0,0.0,0.0,0.0,0.0,0.0,0.5770139022498588,0.8280082351608086,0.5
0.23,TAKEOFF,0.11281464248895645,0.7256022691726685,-0.02528521604835987,0.0,0.0,0.0,0.0013837706064805388,0.0027675412129610777,-0.10931787639856339,0.0,0.0,0.0,0.0,0.0,0.0,0.0,0.6347167523356355,0.3426188446302128,0.5,-0.7804498076438904,-0.2294560819864273,-0.11550721526145935,0.0,0.0,0.0,0.005535082425922155,0.0,-0.14806345105171204,0.0,0.0,0.0,0.0,0.0,0.0,0.0,0.7729061989360893,1.116690759710509,0.5,0.7656207084655762,-0.8478983640670776,-0.014193717390298843,0.0,0.0,0.0,-0.01107016485184431,0.012453935109078884,-0.1342257410287857,0.0,0.0,0.0,0.0,0.0,0.0,0.0,0.5770484914603239,0.8281195353185875,0.5
0.25,TAKEOFF,0.11281464248895645,0.7256022691726685,-0.02528521604835987,0.0,0.0,0.0,0.0013837706064805388,0.0027675412129610777,-0.10931787639856339,0.0,0.0,0.0,0.0,0.0,0.0,0.0,0.6347548855972844,0.34255492834632617,0.5,-0.7804498076438904,-0.2294560819864273,-0.11550721526145935,0.0,0.0,0.0,0.005535082425922155,0.0,-0.14806345105171204,0.0,0.0,0.0,0.0,0.0,0.0,0.0,0.7727456143479402,1.1165609590463896,0.5,0.7656207084655762,-0.8478983640670776,-0.014193717390298843,0.0,0.0,0.0,-0.01107016485184431,0.012453935109078884,-0.1342257410287857,0.0,0.0,0.0,0.0,0.0,0.0,0.0,0.5770828945609324,0.8282301610146847,0.5
0.27,TAKEOFF,0.11281464248895645,0.7256022691726685,-0.02528521604835987,0.0,0.0,0.0,0.0013837706064805388,0.0027675412129610777,-0.10931787639856339,0.0,0.0,0.0,0.0,0.0,0.0,0.0,0.6347927979163972,0.34249140024840663,0.5,-0.7804498076438904,-0.2294560819864273,-0.11550721526145935,0.0,0.0,0.0,0.005535082425922155,0.0,-0.14806345105171204,0.0,0.0,0.0,0.0,0.0,0.0,0.0,0.7725860375450733,1.116431882426653,0.5,0.7656207084655762,-0.8478983640670776,-0.014193717390298843,0.0,0.0,0.0,-0.01107016485184431,0.012453935109078884,-0.1342257410287857,0.0,0.0,0.0,0.0,0.0,0.0,0.0,0.5771171124107389,0.8283401163714719,0.5
0.29,TAKEOFF,0.11281464248895645,0.7256022691726685,-0.02528521604835987,0.0,0.0,0.0,0.0013837706064805388,0.0027675412129610777,-0.10931787639856339,0.0,0.0,0.0,0.0,0.0,0.0,0.0,0.6348304905240562,0.3424282579522048,0.5,-0.7468878030776978,-0.23133771121501923,-0.009406378492712975,0.0,0.0,0.0,-0.005535082425922155,-0.02214032970368862,-0.11623673141002655,0.0,0.0,0.0,0.0,0.0,0.0,0.0,0.7724274619695433,1.116303526177145,0.5,0.7853482365608215,-0.9094561338424683,-0.029032081365585327,0.0,0.0,0.0,0.01107016485184431,0.00830262340605259,-0.12453935295343399,0.0,0.0,0.0,0.0,0.0,0.0,0.0,0.5771511458667474,0.8284494054857555,0.5
0.31,TAKEOFF,0.11281464248895645,0.7256022691726685,-0.02528521604835987,0.0,0.0,0.0,0.0013837706064805388,0.0027675412129610777,-0.10931787639856339,0.0,0.0,0.0,0.0,0.0,0.0,0.0,0.6349076296536044,0.34229909000633146,0.5,-0.7468878030776978,-0.23133771121501923,-0.009406378492712975,0.0,0.0,0.0,-0.005535082425922155,-0.02214032970368862,-0.11623673141002655,0.0,0.0,0.0,0.0,0.0,0.0,0.0,0.7722698811085327,1.1161758866374774,0.5,0.7853482365608215,-0.9094561338424683,-0.029032081365585327,0.0,0.0,0.0,0.01107016485184431,0.00830262340605259,-0.12453935295343399,0.0,0.0,0.0,0.0,0.0,0.0,0.0,0.5771769923965292,0.8285323554992599,0.5
0.33,TAKEOFF,0.12599611282348633,0.7504183650016785,-0.04829677194356918,0.0,0.0,0.0,-0.005535082425922155,-0.00830262340605259,-0.10239902138710022,0.0,0.0,0.0,0.0,0.0,0.0,0.0,0.6349843380436442,0.34217071624087364,0.5,-0.7468878030776978,-0.23133771121501923,-0.009406378492712975,0.0,0.0,0.0,-0.005535082425922155,-0.02214032970368862,-0.11623673141002655,0.0,0.0,0.0,0.0,0.0,0.0,0.0,0.7721132884940187,1.1160489601610495,0.5,0.7853482365608215,-0.9094561338424683,-0.029032081365585327,0.0,0.0,0.0,0.01107016485184431,0.00830262340605259,-0.12453935295343399,0.0,0.0,0.0,0.0,0.0,0.0,0.0,0.5772026957506262,0.8286148041027124,0.5
0.351,TAKEOFF,0.12599611282348633,0.7504183650016785,-0.04829677194356918,0.0,0.0,0.0,-0.005535082425922155,-0.00830262340605259,-0.10239902138710022,0.0,0.0,0.0,0.0,0.0,0.0,0.0,0.6350606178899024,0.3420431316692693,0.5,-0.7468878030776978,-0.23133771121501923,-0.009406378492712975,0.0,0.0,0.0,-0.005535082425922155,-0.02214032970368862,-0.11623673141002655,0.0,0.0,0.0,0.0,0.0,0.0,0.0,0.7720275390871891,1.1159794188497103,0.5,0.7853482365608215,-0.9094561338424683,-0.029032081365585327,0.0,0.0,0.0,0.01107016485184431,0.00830262340605259,-0.12453935295343399,0.0,0.0,0.0,0.0,0.0,0.0,0.0,0.5772282566451512,0.8286967543472666,0.5
0.37,TAKEOFF,0.12599611282348633,0.7504183650016785,-0.04829677194356918,0.0,0.0,0.0,-0.005535082425922155,-0.00830262340605259,-0.10239902138710022,0.0,0.0,0.0,0.0,0.0,0.0,0.0,0.6351364713796644,0.3419163313373833,0.5,-0.7468878030776978,-0.23133771121501923,-0.009406378492712975,0.0,0.0,0.0,-0.005535082425922155,-0.02214032970368862,-0.11623673141002655,0.0,0.0,0.0,0.0,0.0,0.0,0.0,0.7719423168593181,1.1159102791507178,0.5,0.7853482365608215,-0.9094561338424683,-0.029032081365585327,0.0,0.0,0.0,0.01107016485184431,0.00830262340605259,-0.12453935295343399,0.0,0.0,0.0,0.0,0.0,0.0,0.0,0.5772536757936402,0.8287782092652889,0.5
0.39,TAKEOFF,0.12599611282348633,0.7504183650016785,-0.04829677194356918,0.0,0.0,0.0,-0.005535082425922155,-0.00830262340605259,-0.10239902138710022,0.0,0.0,0.0,0.0,0.0,0.0,0.0,0.6352119006917669,0.3417903103232853,0.5,-0.7169811725616455,-0.28706344962120056,0.0002757066395133734,0.0,0.0,0.0,0.049815740436315536,-0.009686394594609737,-0.06918852776288986,0.0,0.0,0.0,0.0,0.0,0.0,0.0,0.7718576184984234,1.1158415388437535,0.5,0.7710140347480774,-0.9004920721054077,-0.011497360654175282,0.0,0.0,0.0,0.00830262340605259,-0.005535082425922155,-0.09548017382621765,0.0,0.0,0.0,0.0,0.0,0.0,0.0,0.577278953907046,0.828859171870476,0.5
0.411,TAKEOFF,0.12599611282348633,0.7504183650016785,-0.04829677194356918,0.0,0.0,0.0,-0.005535082425922155,-0.00830262340605259,-0.10239902138710022,0.0,0.0,0.0,0.0,0.0,0.0,0.0,0.6352683652329125,0.34169601986026554,0.5,-0.7169811725616455,-0.28706344962120056,0.0002757066395133734,0.0,0.0,0.0,0.049815740436315536,-0.009686394594609737,-0.06918852776288986,0.0,0.0,0.0,0.0,0.0,0.0,0.0,0.7717734407141256,1.1157731957195143,0.5,0.7710140347480774,-0.9004920721054077,-0.011497360654175282,0.0,0.0,0.0,0.00830262340605259,-0.005535082425922155,-0.09548017382621765,0.0,0.0,0.0,0.0,0.0,0.0,0.0,0.5772716453106462,0.8288357674930433,0.5
0.431,TAKEOFF,0.06219617649912834,0.7911768555641174,0.002681237179785967,0.0,0.0,0.0,-0.024907870218157768,-0.09409639984369278,-0.07333984225988388,0.0,0.0,0.0,0.0,0.0,0.0,0.0,0.6353245081022753,0.3416023053915042,0.5,-0.7169811725616455,-0.28706344962120056,0.0002757066395133734,0.0,0.0,0.0,0.049815740436315536,-0.009686394594609737,-0.06918852776288986,0.0,0.0,0.0,0.0,0.0,0.0,0.0,0.771689780237498,1.1157052475796763,0.5,0.7710140347480774,-0.9004920721054077,-0.011497360654175282,0.0,0.0,0.0,0.00830262340605259,-0.005535082425922155,-0.09548017382621765,0.0,0.0,0.0,0.0,0.0,0.0,0.0,0.5772643815136596,0.8288125032459116,0.5
0.451,TAKEOFF,0.06219617649912834,0.7911768555641174,0.002681237179785967,0.0,0.0,0.0,-0.024907870218157768,-0.09409639984369278,-0.07333984225988388,0.0,0.0,0.0,0.0,0.0,0.0,0.0,0.6353803310232715,0.3415091633414658,0.5,-0.7169811725616455,-0.28706344962120056,0.0002757066395133734,0.0,0.0,0.0,0.049815740436315536,-0.009686394594609737,-0.06918852776288986,0.0,0.0,0.0,0.0,0.0,0.0,0.0,0.7716941103881061,1.1157087650935438,0.5,0.7710140347480774,-0.9004920721054077,-0.011497360654175282,0.0,0.0,0.0,0.00830262340605259,-0.005535082425922155,-0.09548017382621765,0.0,0.0,0.0,0.0,0.0,0.0,0.0,0.5772571622359615,0.828789378291878,0.5
0.471,TAKEOFF,0.06219617649912834,0.7911768555641174,0.002681237179785967,0.0,0.0,0.0,-0.024907870218157768,-0.09409639984369278,-0.07333984225988388,0.0,0.0,0.0,0.0,0.0,0.0,0.0,0.6354358357114822,0.3414165901574434,0.5,-0.7169811725616455,-0.28706344962120056,0.0002757066395133734,0.0,0.0,0.0,0.049815740436315536,-0.009686394594609737,-0.06918852776288986,0.0,0.0,0.0,0.0,0.0,0.0,0.0,0.7716984145902221,1.1157122614624277,0.5,0.7710140347480774,-0.9004920721054077,-0.011497360654175282,0.0,0.0,0.0,0.00830262340605259,-0.005535082425922155,-0.09548017382621765,0.0,0.0,0.0,0.0,0.0,0.0,0.0,0.5772499871992434,0.8287663917987194,0.5
0.49,TAKEOFF,0.06219617649912834,0.7911768555641174,0.002681237179785967,0.0,0.0,0.0,-0.024907870218157768,-0.09409639984369278,-0.07333984225988388,0.0,0.0,0.0,0.0,0.0,0.0,0.0,0.6354910238746683,0.34132458230940577,0.5,-0.6907719969749451,-0.29003453254699707,0.0036197344306856394,0.0,0.0,0.0,-0.05258328467607498,-0.05258328467607498,-0.035978034138679504,0.0,0.0,0.0,0.0,0.0,0.0,0.0,0.7717026929991495,1.1157157368136752,0.5,0.7528237700462341,-0.9339669346809387,-0.042329512536525726,0.0,0.0,0.0,0.015221476554870605,-0.015221476554870605,-0.07057230174541473,0.0,0.0,0.0,0.0,0.0,0.0,0.0,0.5772428561270005,0.8287435429391627,0.5
0.51,TAKEOFF,0.06219617649912834,0.7911768555641174,0.002681237179785967,0.0,0.0,0.0,-0.024907870218157768,-0.09409639984369278,-0.07333984225988388,0.0,0.0,0.0,0.0,0.0,0.0,0.0,0.6355348683211886,0.34125151289973377,0.5,-0.6907719969749451,-0.29003453254699707,0.0036197344306856394,0.0,0.0,0.0,-0.05258328467607498,-0.05258328467607498,-0.035978034138679504,0.0,0.0,0.0,0.0,0.0,0.0,0.0,0.7717069457692636,1.1157191912738633,0.5,0.7528237700462341,-0.9339669346809387,-0.042329512536525726,0.0,0.0,0.0,0.015221476554870605,-0.015221476554870605,-0.07057230174541473,0.0,0.0,0.0,0.0,0.0,0.0,0.0,0.5772282919753738,0.8286968675902084,0.5
0.531,TAKEOFF,0.023758813738822937,0.796737551689148,0.042753539979457855,0.0,0.0,0.0,-0.04289688542485237,-0.05258328467607498,-0.04704819992184639,0.0,0.0,0.0,0.0,0.0,0.0,0.0,0.6355784599849775,0.3411788880782716,0.5,-0.6907719969749451,-0.29003453254699707,0.0036197344306856394,0.0,0.0,0.0,-0.05258328467607498,-0.05258328467607498,-0.035978034138679504,0.0,0.0,0.0,0.0,0.0,0.0,0.0,0.7717111730540183,1.115722624968804,0.5,0.7528237700462341,-0.9339669346809387,-0.042329512536525726,0.0,0.0,0.0,0.015221476554870605,-0.015221476554870605,-0.07057230174541473,0.0,0.0,0.0,0.0,0.0,0.0,0.0,0.5772138189781777,0.8286504711173085,0.5
0.551,TAKEOFF,0.023758813738822937,0.796737551689148,0.042753539979457855,0.0,0.0,0.0,-0.04289688542485237,-0.05258328467607498,-0.04704819992184639,0.0,0.0,0.0,0.0,0.0,0.0,0.0,0.6356218002588332,0.34110670510508606,0.5,-0.6907719969749451,-0.29003453254699707,0.0036197344306856394,0.0,0.0,0.0,-0.05258328467607498,-0.05258328467607498,-0.035978034138679504,0.0,0.0,0.0,0.0,0.0,0.0,0.0,0.7717167711937947,1.1157271720696058,0.5,0.7528237700462341,-0.9339669346809387,-0.042329512536525726,0.0,0.0,0.0,0.015221476554870605,-0.015221476554870605,-0.07057230174541473,0.0,0.0,0.0,0.0,0.0,0.0,0.0,0.5771994365434812,0.8286043518615788,0.5
0.571,TAKEOFF,0.023758813738822937,0.796737551689148,0.042753539979457855,0.0,0.0,0.0,-0.04289688542485237,-0.05258328467607498,-0.04704819992184639,0.0,0.0,0.0,0.0,0.0,0.0,0.0,0.6356648905286947,0.341034961257523,0.5,-0.6907719969749451,-0.29003453254699707,0.0036197344306856394,0.0,0.0,0.0,-0.05258328467607498,-0.05258328467607498,-0.035978034138679504,0.0,0.0,0.0,0.0,0.0,0.0,0.0,0.7717223357988985,1.1157316918211158,0.5,0.7528237700462341,-0.9339669346809387,-0.042329512536525726,0.0,0.0,0.0,0.015221476554870605,-0.015221476554870605,-0.07057230174541473,0.0,0.0,0.0,0.0,0.0,0.0,0.0,0.5771851440834416,0.8285585081739104,0.5
0.59,TAKEOFF,0.023758813738822937,0.796737551689148,0.042753539979457855,0.0,0.0,0.0,-0.04289688542485237,-0.05258328467607498,-0.04704819992184639,0.0,0.0,0.0,0.0,0.0,0.0,0.0,0.6357077321736644,0.3409636538300959,0.5,-0.7949714064598083,-0.27213767170906067,-0.12759065628051758,0.0,0.0,0.0,-0.015221476554870605,-0.062269676476716995,-0.006918853148818016,0.0,0.0,0.0,0.0,0.0,0.0,0.0,0.7717278670698888,1.1157361843882267,0.5,0.6713838577270508,-0.8340770602226257,0.017807865515351295,0.0,0.0,0.0,-0.009686394594609737,-0.02629164233803749,-0.035978034138679504,0.0,0.0,0.0,0.0,0.0,0.0,0.0,0.5771709410142735,0.8285129384149148,0.5
0.61,TAKEOFF,0.023758813738822937,0.796737551689148,0.042753539979457855,0.0,0.0,0.0,-0.04289688542485237,-0.05258328467607498,-0.04704819992184639,0.0,0.0,0.0,0.0,0.0,0.0,0.0,0.6356274275574898,0.3410973345552443,0.5,-0.7949714064598083,-0.27213767170906067,-0.12759065628051758,0.0,0.0,0.0,-0.015221476554870605,-0.062269676476716995,-0.006918853148818016,0.0,0.0,0.0,0.0,0.0,0.0,0.0,0.7717333652061296,1.115740649934833,0.5,0.6713838577270508,-0.8340770602226257,0.017807865515351295,0.0,0.0,0.0,-0.009686394594609737,-0.02629164233803749,-0.035978034138679504,0.0,0.0,0.0,0.0,0.0,0.0,0.0,0.5771883445493062,0.8285687749295374,0.5
0.63,TAKEOFF,0.009738384746015072,0.8110105991363525,0.05169661343097687,0.0,0.0,0.0,-0.013837706297636032,-0.017989017069339752,-0.023524099960923195,0.0,0.0,0.0,0.0,0.0,0.0,0.0,0.635547639204718,0.34123023387617585,0.5,-0.7949714064598083,-0.27213767170906067,-0.12759065628051758,0.0,0.0,0.0,-0.015221476554870605,-0.062269676476716995,-0.006918853148818016,0.0,0.0,0.0,0.0,0.0,0.0,0.0,0.7717388304057955,1.1157450886238358,0.5,0.6713838577270508,-0.8340770602226257,0.017807865515351295,0.0,0.0,0.0,-0.009686394594609737,-0.02629164233803749,-0.035978034138679504,0.0,0.0,0.0,0.0,0.0,0.0,0.0,0.5772056490569075,0.8286242747436122,0.5
0.65,TAKEOFF,0.009738384746015072,0.8110105991363525,0.05169661343097687,0.0,0.0,0.0,-0.013837706297636032,-0.017989017069339752,-0.023524099960923195,0.0,0.0,0.0,0.0,0.0,0.0,0.0,0.6354683636110575,0.34136235622510797,0.5,-0.7949714064598083,-0.27213767170906067,-0.12759065628051758,0.0,0.0,0.0,-0.015221476554870605,-0.062269676476716995,-0.006918853148818016,0.0,0.0,0.0,0.0,0.0,0.0,0.0,0.7717742143160056,1.115773823914274,0.5,0.6713838577270508,-0.8340770602226257,0.017807865515351295,0.0,0.0,0.0,-0.009686394594609737,-0.02629164233803749,-0.035978034138679504,0.0,0.0,0.0,0.0,0.0,0.0,0.0,0.5772228550665497,0.8286794398969433,0.5
0.671,TAKEOFF,0.009738384746015072,0.8110105991363525,0.05169661343097687,0.0,0.0,0.0,-0.013837706297636032,-0.017989017069339752,-0.023524099960923195,0.0,0.0,0.0,0.0,0.0,0.0,0.0,0.6353895972980119,0.34149370601088597,0.5,-0.7949714064598083,-0.27213767170906067,-0.12759065628051758,0.0,0.0,0.0,-0.015221476554870605,-0.062269676476716995,-0.006918853148818016,0.0,0.0,0.0,0.0,0.0,0.0,0.0,0.7718093880860755,1.1158023841289044,0.5,0.6713838577270508,-0.8340770602226257,0.017807865515351295,0.0,0.0,0.0,-0.009686394594609737,-0.02629164233803749,-0.035978034138679504,0.0,0.0,0.0,0.0,0.0,0.0,0.0,0.5772399631053053,0.8287342724168706,0.5
0.69,TAKEOFF,0.009738384746015072,0.8110105991363525,0.05169661343097687,0.0,0.0,0.0,-0.013837706297636032,-0.017989017069339752,-0.023524099960923195,0.0,0.0,0.0,0.0,0.0,0.0,0.0,0.6353113368126696,0.3416242876190818,0.5,-0.8677718043327332,-0.17666226625442505,-0.059587616473436356,0.0,0.0,0.0,-0.0,0.06503721326589584,0.017989017069339752,0.0,0.0,0.0,0.0,0.0,0.0,0.0,0.7718443529507659,1.1158307703498935,0.5,0.6914896368980408,-0.8185844421386719,-0.007875331677496433,0.0,0.0,0.0,0.023524099960923195,0.009686394594609737,-0.013837706297636032,0.0,0.0,0.0,0.0,0.0,0.0,0.0,0.5772569736978518,0.8287887743183471,0.5
0.711,TAKEOFF,0.009738384746015072,0.8110105991363525,0.05169661343097687,0.0,0.0,0.0,-0.013837706297636032,-0.017989017069339752,-0.023524099960923195,0.0,0.0,0.0,0.0,0.0,0.0,0.0,0.6352508665337958,0.3417252368490214,0.5,-0.8677718043327332,-0.17666226625442505,-0.059587616473436356,0.0,0.0,0.0,-0.0,0.06503721326589584,0.017989017069339752,0.0,0.0,0.0,0.0,0.0,0.0,0.0,0.7718791101377436,1.1158589836525377,0.5,0.6914896368980408,-0.8185844421386719,-0.007875331677496433,0.0,0.0,0.0,0.023524099960923195,0.009686394594609737,-0.013837706297636032,0.0,0.0,0.0,0.0,0.0,0.0,0.0,0.5773317471762762,0.8290281324480141,0.5
0.73,TAKEOFF,-0.016217293217778206,0.8229912519454956,0.04111526533961296,0.0,0.0,0.0,-0.012453935109078884,0.020756559446454048,0.03459426388144493,0.0,0.0,0.0,0.0,0.0,0.0,0.0,0.6351907786985764,0.3418255921348725,0.5,-0.8677718043327332,-0.17666226625442505,-0.059587616473436356,0.0,0.0,0.0,-0.0,0.06503721326589584,0.017989017069339752,0.0,0.0,0.0,0.0,0.0,0.0,0.0,0.7719136608676214,1.1158870251053103,0.5,0.6914896368980408,-0.8185844421386719,-0.007875331677496433,0.0,0.0,0.0,0.023524099960923195,0.009686394594609737,-0.013837706297636032,0.0,0.0,0.0,0.0,0.0,0.0,0.0,0.5774061711468168,0.8292660234379389,0.5
0.751,TAKEOFF,-0.016217293217778206,0.8229912519454956,0.04111526533961296,0.0,0.0,0.0,-0.012453935109078884,0.020756559446454048,0.03459426388144493,0.0,0.0,0.0,0.0,0.0,0.0,0.0,0.6351310707798553,0.34192535689592746,0.5,-0.8677718043327332,-0.17666226625442505,-0.059587616473436356,0.0,0.0,0.0,-0.0,0.06503721326589584,0.017989017069339752,0.0,0.0,0.0,0.0,0.0,0.0,0.0,0.771967530350266,1.1159307372244538,0.5,0.6914896368980408,-0.8185844421386719,-0.007875331677496433,0.0,0.0,0.0,0.023524099960923195,0.009686394594609737,-0.013837706297636032,0.0,0.0,0.0,0.0,0.0,0.0,0.0,0.5774802465077645,0.8295024564210474,0.5
0.771,TAKEOFF,-0.016217293217778206,0.8229912519454956,0.04111526533961296,0.0,0.0,0.0,-0.012453935109078884,0.020756559446454048,0.03459426388144493,0.0,0.0,0.0,0.0,0.0,0.0,0.0,0.6350717402683795,0.34202453453275733,0.5,-0.8677718043327332,-0.17666226625442505,-0.059587616473436356,0.0,0.0,0.0,-0.0,0.06503721326589584,0.017989017069339752,0.0,0.0,0.0,0.0,0.0,0.0,0.0,0.7720210816243617,1.115974180898022,0.5,0.6914896368980408,-0.8185844421386719,-0.007875331677496433,0.0,0.0,0.0,0.023524099960923195,0.009686394594609737,-0.013837706297636032,0.0,0.0,0.0,0.0,0.0,0.0,0.0,0.5775539741665736,0.829737440472252,0.5
0.791,TAKEOFF,-0.016217293217778206,0.8229912519454956,0.04111526533961296,0.0,0.0,0.0,-0.012453935109078884,0.020756559446454048,0.03459426388144493,0.0,0.0,0.0,0.0,0.0,0.0,0.0,0.6350127846726599,0.34212312842730164,0.5,-0.880266547203064,-0.18665249645709991,0.04117739573121071,0.0,0.0,0.0,0.04289688542485237,0.0982477143406868,0.035978034138679504,0.0,0.0,0.0,0.0,0.0,0.0,0.0,0.7720743165385389,1.1160173578099721,0.5,0.7536266446113586,-0.8141257166862488,-0.009686201810836792,0.0,0.0,0.0,0.10516656935214996,0.040129344910383224,-0.004151311703026295,0.0,0.0,0.0,0.0,0.0,0.0,0.0,0.5776273550396295,0.8299709846088242,0.5
0.81,TAKEOFF,-0.016217293217778206,0.8229912519454956,0.04111526533961296,0.0,0.0,0.0,-0.012453935109078884,0.020756559446454048,0.03459426388144493,0.0,0.0,0.0,0.0,0.0,0.0,0.0,0.6350248258766116,0.3421029879381974,0.5,-0.880266547203064,-0.18665249645709991,0.04117739573121071,0.0,0.0,0.0,0.04289688542485237,0.0982477143406868,0.035978034138679504,0.0,0.0,0.0,0.0,0.0,0.0,0.0,0.7721272369310737,1.1160602696332902,0.5,0.7536266446113586,-0.8141257166862488,-0.009686201810836792,0.0,0.0,0.0,0.10516656935214996,0.040129344910383224,-0.004151311703026295,0.0,0.0,0.0,0.0,0.0,0.0,0.0,0.5776981706259104,0.830196049055107,0.5
0.831,TAKEOFF,0.022853709757328033,0.7951413989067078,0.011785882525146008,0.0,0.0,0.0,0.009686394594609737,0.015221476554870605,0.05119951069355011,0.0,0.0,0.0,0.0,0.0,0.0,0.0,0.6350367956139336,0.3420829687587346,0.5,-0.880266547203064,-0.18665249645709991,0.04117739573121071,0.0,0.0,0.0,0.04289688542485237,0.0982477143406868,0.035978034138679504,0.0,0.0,0.0,0.0,0.0,0.0,0.0,0.7721798446299422,1.116102918030069,0.5,0.7536266446113586,-0.8141257166862488,-0.009686201810836792,0.0,0.0,0.0,0.10516656935214996,0.040129344910383224,-0.004151311703026295,0.0,0.0,0.0,0.0,0.0,0.0,0.0,0.577768649022098,0.8304197355003197,0.5
0.851,TAKEOFF,0.022853709757328033,0.7951413989067078,0.011785882525146008,0.0,0.0,0.0,0.009686394594609737,0.015221476554870605,0.05119951069355011,0.0,0.0,0.0,0.0,0.0,0.0,0.0,0.6350486943040685,0.34206307015550186,0.5,-0.880266547203064,-0.18665249645709991,0.04117739573121071,0.0,0.0,0.0,0.04289688542485237,0.0982477143406868,0.035978034138679504,0.0,0.0,0.0,0.0,0.0,0.0,0.0,0.7721784514324952,1.116101788709347,0.5,0.7536266446113586,-0.8141257166862488,-0.009686201810836792,0.0,0.0,0.0,0.10516656935214996,0.040129344910383224,-0.004151311703026295,0.0,0.0,0.0,0.0,0.0,0.0,0.0,0.5778387911913778,0.8306420525089779,0.5
0.871,TAKEOFF,0.022853709757328033,0.7951413989067078,0.011785882525146008,0.0,0.0,0.0,0.009686394594609737,0.015221476554870605,0.05119951069355011,0.0,0.0,0.0,0.0,0.0,0.0,0.0,0.6350605223640549,0.342043291399554,0.5,-0.8272820711135864,-0.20906364917755127,0.08440248668193817,0.0,0.0,0.0,0.07472360879182816,0.08717754483222961,0.04428065940737724,0.0,0.0,0.0,0.0,0.0,0.0,0.0,0.7721770665975782,1.116100666160422,0.5,0.7536266446113586,-0.8141257166862488,-0.009686201810836792,0.0,0.0,0.0,0.10516656935214996,0.040129344910383224,-0.004151311703026295,0.0,0.0,0.0,0.0,0.0,0.0,0.0,0.5779085981040152,0.8308630085912728,0.5
0.89,TAKEOFF,0.022853709757328033,0.7951413989067078,0.011785882525146008,0.0,0.0,0.0,0.009686394594609737,0.015221476554870605,0.05119951069355011,0.0,0.0,0.0,0.0,0.0,0.0,0.0,0.6350722802085399,0.3420236317663844,0.5,-0.8272820711135864,-0.20906364917755127,0.08440248668193817,0.0,0.0,0.0,0.07472360879182816,0.08717754483222961,0.04428065940737724,0.0,0.0,0.0,0.0,0.0,0.0,0.0,0.7721756900749759,1.1160995503427134,0.5,0.785185694694519,-0.8192792534828186,-0.035265643149614334,0.0,0.0,0.0,0.04843197017908096,-0.006918853148818016,0.00830262340605259,0.0,0.0,0.0,0.0,0.0,0.0,0.0,0.5779574563641111,0.8310174805663316,0.5
0.911,TAKEOFF,0.022853709757328033,0.7951413989067078,0.011785882525146008,0.0,0.0,0.0,0.009686394594609737,0.015221476554870605,0.05119951069355011,0.0,0.0,0.0,0.0,0.0,0.0,0.0,0.6351228039614203,0.3419391732150126,0.5,-0.8272820711135864,-0.20906364917755127,0.08440248668193817,0.0,0.0,0.0,0.07472360879182816,0.08717754483222961,0.04428065940737724,0.0,0.0,0.0,0.0,0.0,0.0,0.0,0.7721743218147751,1.1160984412158819,0.5,0.785185694694519,-0.8192792534828186,-0.035265643149614334,0.0,0.0,0.0,0.04843197017908096,-0.006918853148818016,0.00830262340605259,0.0,0.0,0.0,0.0,0.0,0.0,0.0,0.5780060628094222,0.8311710126295637,0.5
0.931,TAKEOFF,0.06257332116365433,0.7509685754776001,-0.02654218301177025,0.0,0.0,0.0,0.01107016485184431,0.041513118892908096,0.06365344673395157,0.0,0.0,0.0,0.0,0.0,0.0,0.0,0.6351730383002682,0.34185522962895676,0.5,-0.8272820711135864,-0.20906364917755127,0.08440248668193817,0.0,0.0,0.0,0.07472360879182816,0.08717754483222961,0.04428065940737724,0.0,0.0,0.0,0.0,0.0,0.0,0.0,0.772172961767362,1.1160973387398312,0.5,0.785185694694519,-0.8192792534828186,-0.035265643149614334,0.0,0.0,0.0,0.04843197017908096,-0.006918853148818016,0.00830262340605259,0.0,0.0,0.0,0.0,0.0,0.0,0.0,0.5780544184528379,0.8313236105659675,0.5
0.951,TAKEOFF,0.06257332116365433,0.7509685754776001,-0.02654218301177025,0.0,0.0,0.0,0.01107016485184431,0.041513118892908096,0.06365344673395157,0.0,0.0,0.0,0.0,0.0,0.0,0.0,0.6352229847959969,0.34177179782236405,0.5,-0.8272820711135864,-0.20906364917755127,0.08440248668193817,0.0,0.0,0.0,0.07472360879182816,0.08717754483222961,0.04428065940737724,0.0,0.0,0.0,0.0,0.0,0.0,0.0,0.7720723994670595,1.1160158031176777,0.5,0.785185694694519,-0.8192792534828186,-0.035265643149614334,0.0,0.0,0.0,0.04843197017908096,-0.006918853148818016,0.00830262340605259,0.0,0.0,0.0,0.0,0.0,0.0,0.0,0.5781025243071871,0.8314752801242873,0.5
0.971,TAKEOFF,0.06257332116365433,0.7509685754776001,-0.02654218301177025,0.0,0.0,0.0,0.01107016485184431,0.041513118892908096,0.06365344673395157,0.0,0.0,0.0,0.0,0.0,0.0,0.0,0.6352726450120982,0.3416888746296063,0.5,-0.8272820711135864,-0.20906364917755127,0.08440248668193817,0.0,0.0,0.0,0.07472360879182816,0.08717754483222961,0.04428065940737724,0.0,0.0,0.0,0.0,0.0,0.0,0.0,0.7719724579780115,1.1159347352074256,0.5,0.785185694694519,-0.8192792534828186,-0.035265643149614334,0.0,0.0,0.0,0.04843197017908096,-0.006918853148818016,0.00830262340605259,0.0,0.0,0.0,0.0,0.0,0.0,0.0,0.5781503813851664,0.8316260270172462,0.5
0.991,TAKEOFF,0.06257332116365433,0.7509685754776001,-0.02654218301177025,0.0,0.0,0.0,0.01107016485184431,0.041513118892908096,0.06365344673395157,0.0,0.0,0.0,0.0,0.0,0.0,0.0,0.635322020504663,0.34160645690514596,0.5,-0.8601303696632385,-0.18083620071411133,0.08398281037807465,0.0,0.0,0.0,0.0027675412129610777,-0.013837706297636032,0.05119951069355011,0.0,0.0,0.0,0.0,0.0,0.0,0.0,0.7718731333712849,1.1158541324637468,0.5,0.7451454401016235,-0.9283635020256042,-0.008244633674621582,0.0,0.0,0.0,0.03874557837843895,-0.00830262340605259,-0.03044295310974121,0.0,0.0,0.0,0.0,0.0,0.0,0.0,0.5781979906992684,0.8317758569217761,0.5
1.011,TAKEOFF,0.06257332116365433,0.7509685754776001,-0.02654218301177025,0.0,0.0,0.0,0.01107016485184431,0.041513118892908096,0.06365344673395157,0.0,0.0,0.0,0.0,0.0,0.0,0.0,0.6353568314638179,0.341548368331372,0.5,-0.8601303696632385,-0.18083620071411133,0.08398281037807465,0.0,0.0,0.0,0.0027675412129610777,-0.013837706297636032,0.05119951069355011,0.0,0.0,0.0,0.0,0.0,0.0,0.0,0.7717744217438798,1.1157739923533982,0.5,0.7451454401016235,-0.9283635020256042,-0.008244633674621582,0.0,0.0,0.0,0.03874557837843895,-0.00830262340605259,-0.03044295310974121,0.0,0.0,0.0,0.0,0.0,0.0,0.0,0.5782649190818583,0.8319862556555467,0.5
1.031,TAKEOFF,0.06257332116365433,0.7509685754776001,-0.02654218301177025,0.0,0.0,0.0,0.01107016485184431,0.041513118892908096,0.06365344673395157,0.0,0.0,0.0,0.0,0.0,0.0,0.0,0.635391440054436,0.3414906321831493,0.5,-0.8601303696632385,-0.18083620071411133,0.08398281037807465,0.0,0.0,0.0,0.0027675412129610777,-0.013837706297636032,0.05119951069355011,0.0,0.0,0.0,0.0,0.0,0.0,0.0,0.7716763192185458,1.1156943123551892,0.5,0.7451454401016235,-0.9283635020256042,-0.008244633674621582,0.0,0.0,0.0,0.03874557837843895,-0.00830262340605259,-0.03044295310974121,0.0,0.0,0.0,0.0,0.0,0.0,0.0,0.5783315226165553,0.8321953675758363,0.5
1.051,TAKEOFF,0.05594408139586449,0.7468794584274292,-0.010961359366774559,0.0,0.0,0.0,-0.04428065940737724,0.0013837706064805388,0.07333984225988388,0.0,0.0,0.0,0.0,0.0,0.0,0.0,0.6354258474125638,0.34143324630005584,0.5,-0.8601303696632385,-0.18083620071411133,0.08398281037807465,0.0,0.0,0.0,0.0027675412129610777,-0.013837706297636032,0.05119951069355011,0.0,0.0,0.0,0.0,0.0,0.0,0.0,0.7715788219436028,1.115615089959946,0.5,0.7451454401016235,-0.9283635020256042,-0.008244633674621582,0.0,0.0,0.0,0.03874557837843895,-0.00830262340605259,-0.03044295310974121,0.0,0.0,0.0,0.0,0.0,0.0,0.0,0.5783978023257091,0.8324032006679737,0.5
1.071,TAKEOFF,0.05594408139586449,0.7468794584274292,-0.010961359366774559,0.0,0.0,0.0,-0.04428065940737724,0.0013837706064805388,0.07333984225988388,0.0,0.0,0.0,0.0,0.0,0.0,0.0,0.635460054668375,0.3413762085351677,0.5,-0.8601303696632385,-0.18083620071411133,0.08398281037807465,0.0,0.0,0.0,0.0027675412129610777,-0.013837706297636032,0.05119951069355011,0.0,0.0,0.0,0.0,0.0,0.0,0.0,0.7714700128739576,1.115526636022428,0.5,0.7451454401016235,-0.9283635020256042,-0.008244633674621582,0.0,0.0,0.0,0.03874557837843895,-0.00830262340605259,-0.03044295310974121,0.0,0.0,0.0,0.0,0.0,0.0,0.0,0.5784637592367711,0.8326097628667112,0.5
1.09,TAKEOFF,0.05594408139586449,0.7468794584274292,-0.010961359366774559,0.0,0.0,0.0,-0.04428065940737724,0.0013837706064805388,0.07333984225988388,0.0,0.0,0.0,0.0,0.0,0.0,0.0,0.6354940629461928,0.34131951675497224,0.5,-0.851588785648346,-0.17129147052764893,0.05298985540866852,0.0,0.0,0.0,0.009686394594609737,-0.0027675412129610777,0.04289688542485237,0.0,0.0,0.0,0.0,0.0,0.0,0.0,0.7713618771486466,1.115438687609446,0.5,0.7059975266456604,-0.9090037941932678,-0.018623188138008118,0.0,0.0,0.0,-0.06365344673395157,0.009686394594609737,-0.03321049362421036,0.0,0.0,0.0,0.0,0.0,0.0,0.0,0.578529394382126,0.8328150620565508,0.5
1.111,TAKEOFF,0.05594408139586449,0.7468794584274292,-0.010961359366774559,0.0,0.0,0.0,-0.04428065940737724,0.0013837706064805388,0.07333984225988388,0.0,0.0,0.0,0.0,0.0,0.0,0.0,0.6354790432436793,0.34134455284482584,0.5,-0.851588785648346,-0.17129147052764893,0.05298985540866852,0.0,0.0,0.0,0.009686394594609737,-0.0027675412129610777,0.04289688542485237,0.0,0.0,0.0,0.0,0.0,0.0,0.0,0.771254410488246,1.1153512419940381,0.5,0.7059975266456604,-0.9090037941932678,-0.018623188138008118,0.0,0.0,0.0,-0.06365344673395157,0.009686394594609737,-0.03321049362421036,0.0,0.0,0.0,0.0,0.0,0.0,0.0,0.5785975299780061,0.8330279138622423,0.5
1.13,TAKEOFF,0.05594408139586449,0.7468794584274292,-0.010961359366774559,0.0,0.0,0.0,-0.04428065940737724,0.0013837706064805388,0.07333984225988388,0.0,0.0,0.0,0.0,0.0,0.0,0.0,0.6354641148667058,0.3413694394424012,0.5,-0.851588785648346,-0.17129147052764893,0.05298985540866852,0.0,0.0,0.0,0.009686394594609737,-0.0027675412129610777,0.04289688542485237,0.0,0.0,0.0,0.0,0.0,0.0,0.0,0.7711476086417675,1.1152642964618589,0.5,0.7059975266456604,-0.9090037941932678,-0.018623188138008118,0.0,0.0,0.0,-0.06365344673395157,0.009686394594609737,-0.03321049362421036,0.0,0.0,0.0,0.0,0.0,0.0,0.0,0.578665335327716,0.8332394633909652,0.5
1.151,TAKEOFF,0.05990133434534073,0.7896416783332825,-0.009558802470564842,0.0,0.0,0.0,-0.024907870218157768,0.004151311703026295,0.07472360879182816,0.0,0.0,0.0,0.0,0.0,0.0,0.0,0.6354492772529092,0.34139417743592954,0.5,-0.851588785648346,-0.17129147052764893,0.05298985540866852,0.0,0.0,0.0,0.009686394594609737,-0.0027675412129610777,0.04289688542485237,0.0,0.0,0.0,0.0,0.0,0.0,0.0,0.7710414673864567,1.1151778483111487,0.5,0.7059975266456604,-0.9090037941932678,-0.018623188138008118,0.0,0.0,0.0,-0.06365344673395157,0.009686394594609737,-0.03321049362421036,0.0,0.0,0.0,0.0,0.0,0.0,0.0,0.5787328114635408,0.8334497187287286,0.5
1.171,TAKEOFF,0.05990133434534073,0.7896416783332825,-0.009558802470564842,0.0,0.0,0.0,-0.024907870218157768,0.004151311703026295,0.07472360879182816,0.0,0.0,0.0,0.0,0.0,0.0,0.0,0.6354345298434723,0.34141876770841745,0.5,-0.851588785648346,-0.17129147052764893,0.05298985540866852,0.0,0.0,0.0,0.009686394594609737,-0.0027675412129610777,0.04289688542485237,0.0,0.0,0.0,0.0,0.0,0.0,0.0,0.7710450638627979,1.1151807781682828,0.5,0.7059975266456604,-0.9090037941932678,-0.018623188138008118,0.0,0.0,0.0,-0.06365344673395157,0.009686394594609737,-0.03321049362421036,0.0,0.0,0.0,0.0,0.0,0.0,0.0,0.5787999594230822,0.8336586879102851,0.5
1.19,TAKEOFF,0.05990133434534073,0.7896416783332825,-0.009558802470564842,0.0,0.0,0.0,-0.024907870218157768,0.004151311703026295,0.07472360879182816,0.0,0.0,0.0,0.0,0.0,0.0,0.0,0.6354198720831006,0.34144321113767806,0.5,-0.8897833228111267,-0.13861902058124542,0.0808156356215477,0.0,0.0,0.0,0.03459426388144493,0.02214032970368862,0.029059182852506638,0.0,0.0,0.0,0.0,0.0,0.0,0.0,0.7710486387827293,1.115183690418718,0.5,0.6569156646728516,-0.9365450739860535,0.03566920757293701,0.0,0.0,0.0,-0.024907870218157768,0.029059182852506638,-0.012453935109078884,0.0,0.0,0.0,0.0,0.0,0.0,0.0,0.5788667802490864,0.8338663789194609,0.5
1.21,TAKEOFF,0.05990133434534073,0.7896416783332825,-0.009558802470564842,0.0,0.0,0.0,-0.024907870218157768,0.004151311703026295,0.07472360879182816,0.0,0.0,0.0,0.0,0.0,0.0,0.0,0.6353611127324998,0.3415412252632951,0.5,-0.8897833228111267,-0.13861902058124542,0.0808156356215477,0.0,0.0,0.0,0.03459426388144493,0.02214032970368862,0.029059182852506638,0.0,0.0,0.0,0.0,0.0,0.0,0.0,0.7710521922753206,1.115186585168424,0.5,0.6569156646728516,-0.9365450739860535,0.03566920757293701,0.0,0.0,0.0,-0.024907870218157768,0.029059182852506638,-0.012453935109078884,0.0,0.0,0.0,0.0,0.0,0.0,0.0,0.5789558681903136,0.8341428780206327,0.5
1.23,TAKEOFF,0.052382342517375946,0.7916343808174133,0.01352262869477272,0.0,0.0,0.0,0.020756559446454048,0.01660524681210518,0.08302623778581619,0.0,0.0,0.0,0.0,0.0,0.0,0.0,0.6353027244394527,0.3416386623933701,0.5,-0.8897833228111267,-0.13861902058124542,0.0808156356215477,0.0,0.0,0.0,0.03459426388144493,0.02214032970368862,0.029059182852506638,0.0,0.0,0.0,0.0,0.0,0.0,0.0,0.7710557244688703,1.115189462522731,0.5,0.6569156646728516,-0.9365450739860535,0.03566920757293701,0.0,0.0,0.0,-0.024907870218157768,0.029059182852506638,-0.012453935109078884,0.0,0.0,0.0,0.0,0.0,0.0,0.0,0.5790445542613532,0.8344176753496886,0.5
1.251,TAKEOFF,0.052382342517375946,0.7916343808174133,0.01352262869477272,0.0,0.0,0.0,0.020756559446454048,0.01660524681210518,0.08302623778581619,0.0,0.0,0.0,0.0,0.0,0.0,0.0,0.6352447047583365,0.3417355258537438,0.5,-0.8897833228111267,-0.13861902058124542,0.0808156356215477,0.0,0.0,0.0,0.03459426388144493,0.02214032970368862,0.029059182852506638,0.0,0.0,0.0,0.0,0.0,0.0,0.0,0.7710618109103851,1.1151944204840416,0.5,0.6569156646728516,-0.9365450739860535,0.03566920757293701,0.0,0.0,0.0,-0.024907870218157768,0.029059182852506638,-0.012453935109078884,0.0,0.0,0.0,0.0,0.0,0.0,0.0,0.5791328392659562,0.8346907815659771,0.5
1.27,TAKEOFF,0.052382342517375946,0.7916343808174133,0.01352262869477272,0.0,0.0,0.0,0.020756559446454048,0.01660524681210518,0.08302623778581619,0.0,0.0,0.0,0.0,0.0,0.0,0.0,0.635187051260788,0.34183181895199255,0.5,-0.8897833228111267,-0.13861902058124542,0.0808156356215477,0.0,0.0,0.0,0.03459426388144493,0.02214032970368862,0.029059182852506638,0.0,0.0,0.0,0.0,0.0,0.0,0.0,0.7710678608975363,1.115199348618666,0.5,0.6569156646728516,-0.9365450739860535,0.03566920757293701,0.0,0.0,0.0,-0.024907870218157768,0.029059182852506638,-0.012453935109078884,0.0,0.0,0.0,0.0,0.0,0.0,0.0,0.5792207240226178,0.8349622072606602,0.5
1.29,TAKEOFF,0.052382342517375946,0.7916343808174133,0.01352262869477272,0.0,0.0,0.0,0.020756559446454048,0.01660524681210518,0.08302623778581619,0.0,0.0,0.0,0.0,0.0,0.0,0.0,0.6351297615355697,0.34192754497751554,0.5,-0.8431528806686401,-0.09135692566633224,0.01999458111822605,0.0,0.0,0.0,0.04843197017908096,0.06780476123094559,0.017989017069339752,0.0,0.0,0.0,0.0,0.0,0.0,0.0,0.7710738746482801,1.1152042471065078,0.5,0.7028535008430481,-0.9794949889183044,0.04761573299765587,0.0,0.0,0.0,-0.024907870218157768,0.10655033588409424,0.01660524681210518,0.0,0.0,0.0,0.0,0.0,0.0,0.0,0.5793082093642488,0.8352319629571526,0.5
1.31,TAKEOFF,0.052382342517375946,0.7916343808174133,0.01352262869477272,0.0,0.0,0.0,0.020756559446454048,0.01660524681210518,0.08302623778581619,0.0,0.0,0.0,0.0,0.0,0.0,0.0,0.6351347685034578,0.3419191771693471,0.5,-0.8431528806686401,-0.09135692566633224,0.01999458111822605,0.0,0.0,0.0,0.04843197017908096,0.06780476123094559,0.017989017069339752,0.0,0.0,0.0,0.0,0.0,0.0,0.0,0.7710798523792737,1.1152091161263793,0.5,0.7028535008430481,-0.9794949889183044,0.04761573299765587,0.0,0.0,0.0,-0.024907870218157768,0.10655033588409424,0.01660524681210518,0.0,0.0,0.0,0.0,0.0,0.0,0.0,0.5794095692027351,0.8355439578175259,0.5
1.33,TAKEOFF,0.0640048161149025,0.8100827932357788,0.00465993769466877,0.0,0.0,0.0,-0.01107016485184431,0.00830262340605259,0.08856131881475449,0.0,0.0,0.0,0.0,0.0,0.0,0.0,0.6351397455643131,0.34191085964867296,0.5,-0.8431528806686401,-0.09135692566633224,0.01999458111822605,0.0,0.0,0.0,0.04843197017908096,0.06780476123094559,0.017989017069339752,0.0,0.0,0.0,0.0,0.0,0.0,0.0,0.771085794305884,1.1152139558560097,0.5,0.7028535008430481,-0.9794949889183044,0.04761573299765587,0.0,0.0,0.0,-0.024907870218157768,0.10655033588409424,0.01660524681210518,0.0,0.0,0.0,0.0,0.0,0.0,0.0,0.5795104899165203,0.8358540257425472,0.5
1.351,TAKEOFF,0.0640048161149025,0.8100827932357788,0.00465993769466877,0.0,0.0,0.0,-0.01107016485184431,0.00830262340605259,0.08856131881475449,0.0,0.0,0.0,0.0,0.0,0.0,0.0,0.6351446928959638,0.3419025921128052,0.5,-0.8431528806686401,-0.09135692566633224,0.01999458111822605,0.0,0.0,0.0,0.04843197017908096,0.06780476123094559,0.017989017069339752,0.0,0.0,0.0,0.0,0.0,0.0,0.0,0.7711420127149833,1.115259739790954,0.5,0.7028535008430481,-0.9794949889183044,0.04761573299765587,0.0,0.0,0.0,-0.024907870218157768,0.10655033588409424,0.01660524681210518,0.0,0.0,0.0,0.0,0.0,0.0,0.0,0.5796109720884859,0.8361621788606859,0.5
1.371,TAKEOFF,0.0640048161149025,0.8100827932357788,0.00465993769466877,0.0,0.0,0.0,-0.01107016485184431,0.00830262340605259,0.08856131881475449,0.0,0.0,0.0,0.0,0.0,0.0,0.0,0.6351496106751906,0.341894374260884,0.5,-0.8431528806686401,-0.09135692566633224,0.01999458111822605,0.0,0.0,0.0,0.04843197017908096,0.06780476123094559,0.017989017069339752,0.0,0.0,0.0,0.0,0.0,0.0,0.0,0.7711978992959813,1.1153052422896421,0.5,0.7028535008430481,-0.9794949889183044,0.04761573299765587,0.0,0.0,0.0,-0.024907870218157768,0.10655033588409424,0.01660524681210518,0.0,0.0,0.0,0.0,0.0,0.0,0.0,0.5797110163230451,0.8364684292224986,0.5
1.39,TAKEOFF,0.0640048161149025,0.8100827932357788,0.00465993769466877,0.0,0.0,0.0,-0.01107016485184431,0.00830262340605259,0.08856131881475449,0.0,0.0,0.0,0.0,0.0,0.0,0.0,0.6351544990777331,0.34188620579386564,0.5,-0.775254487991333,-0.1567603051662445,-0.0198060292750597,0.0,0.0,0.0,0.07057230174541473,0.029059182852506638,0.004151311703026295,0.0,0.0,0.0,0.0,0.0,0.0,0.0,0.7712534559734566,1.1153504651205903,0.5,0.8246579766273499,-1.0027741193771362,0.011202380992472172,0.0,0.0,0.0,-0.03321049362421036,0.004151311703026295,0.035978034138679504,0.0,0.0,0.0,0.0,0.0,0.0,0.0,0.5798106232457068,0.8367727888011279,0.5
1.41,TAKEOFF,0.0640048161149025,0.8100827932357788,0.00465993769466877,0.0,0.0,0.0,-0.01107016485184431,0.00830262340605259,0.08856131881475449,0.0,0.0,0.0,0.0,0.0,0.0,0.0,0.6352952063046976,0.3416512115362276,0.5,-0.775254487991333,-0.1567603051662445,-0.0198060292750597,0.0,0.0,0.0,0.07057230174541473,0.029059182852506638,0.004151311703026295,0.0,0.0,0.0,0.0,0.0,0.0,0.0,0.7713086846612489,1.1153954100407595,0.5,0.8246579766273499,-1.0027741193771362,0.011202380992472172,0.0,0.0,0.0,-0.03321049362421036,0.004151311703026295,0.035978034138679504,0.0,0.0,0.0,0.0,0.0,0.0,0.0,0.5798641079420085,0.8369359906150723,0.5
1.43,TAKEOFF,-0.01243596151471138,0.8847517371177673,0.042182888835668564,0.0,0.0,0.0,0.00830262340605259,0.005535082425922155,0.09271262586116791,0.0,0.0,0.0,0.0,0.0,0.0,0.0,0.6354351755848892,0.34141769092404833,0.5,-0.775254487991333,-0.1567603051662445,-0.0198060292750597,0.0,0.0,0.0,0.07057230174541473,0.029059182852506638,0.004151311703026295,0.0,0.0,0.0,0.0,0.0,0.0,0.0,0.7713635872625134,1.1154400787956358,0.5,0.8246579766273499,-1.0027741193771362,0.011202380992472172,0.0,0.0,0.0,-0.03321049362421036,0.004151311703026295,0.035978034138679504,0.0,0.0,0.0,0.0,0.0,0.0,0.0,0.5799173180228265,0.8370981980397272,0.5
1.451,TAKEOFF,-0.01243596151471138,0.8847517371177673,0.042182888835668564,0.0,0.0,0.0,0.00830262340605259,0.005535082425922155,0.09271262586116791,0.0,0.0,0.0,0.0,0.0,0.0,0.0,0.635574410045695,0.3411856344012388,0.5,-0.775254487991333,-0.1567603051662445,-0.0198060292750597,0.0,0.0,0.0,0.07057230174541473,0.029059182852506638,0.004151311703026295,0.0,0.0,0.0,0.0,0.0,0.0,0.0,0.7715659726279491,1.115604646590828,0.5,0.8246579766273499,-1.0027741193771362,0.011202380992472172,0.0,0.0,0.0,-0.03321049362421036,0.004151311703026295,0.035978034138679504,0.0,0.0,0.0,0.0,0.0,0.0,0.0,0.5799702545777391,0.8372594172100096,0.5
1.47,TAKEOFF,-0.01243596151471138,0.8847517371177673,0.042182888835668564,0.0,0.0,0.0,0.00830262340605259,0.005535082425922155,0.09271262586116791,0.0,0.0,0.0,0.0,0.0,0.0,0.0,0.635712912811785,0.34095503247672615,0.5,-0.775254487991333,-0.1567603051662445,-0.0198060292750597,0.0,0.0,0.0,0.07057230174541473,0.029059182852506638,0.004151311703026295,0.0,0.0,0.0,0.0,0.0,0.0,0.0,0.7717672145653656,1.1157681397673715,0.5,0.8246579766273499,-1.0027741193771362,0.011202380992472172,0.0,0.0,0.0,-0.03321049362421036,0.004151311703026295,0.035978034138679504,0.0,0.0,0.0,0.0,0.0,0.0,0.0,0.5800229186965371,0.8374196542222445,0.5
1.49,TAKEOFF,-0.01243596151471138,0.8847517371177673,0.042182888835668564,0.0,0.0,0.0,0.00830262340605259,0.005535082425922155,0.09271262586116791,0.0,0.0,0.0,0.0,0.0,0.0,0.0,0.635850687004927,0.34072587572398744,0.5,-0.7418298721313477,-0.1766466200351715,-0.002626922447234392,0.0,0.0,0.0,0.0013837706064805388,-0.06918852776288986,-0.0013837706064805388,0.0,0.0,0.0,0.0,0.0,0.0,0.0,0.7719673190500291,1.115930565786124,0.5,0.8430545926094055,-1.0961132049560547,-0.035871658474206924,0.0,0.0,0.0,-0.005535082425922155,-0.1286906749010086,0.04289688542485237,0.0,0.0,0.0,0.0,0.0,0.0,0.0,0.5800753114691407,0.8375789151344125,0.5
1.51,TAKEOFF,-0.01243596151471138,0.8847517371177673,0.042182888835668564,0.0,0.0,0.0,0.00830262340605259,0.005535082425922155,0.09271262586116791,0.0,0.0,0.0,0.0,0.0,0.0,0.0,0.6360255318039598,0.34043539278109053,0.5,-0.7418298721313477,-0.1766466200351715,-0.002626922447234392,0.0,0.0,0.0,0.0013837706064805388,-0.06918852776288986,-0.0013837706064805388,0.0,0.0,0.0,0.0,0.0,0.0,0.0,0.7721662920325993,1.1160919320516127,0.5,0.8430545926094055,-1.0961132049560547,-0.035871658474206924,0.0,0.0,0.0,-0.005535082425922155,-0.1286906749010086,0.04289688542485237,0.0,0.0,0.0,0.0,0.0,0.0,0.0,0.5801103806670138,0.8376854330429087,0.5
1.531,TAKEOFF,0.05889006704092026,0.8187498450279236,0.020848756656050682,0.0,0.0,0.0,0.12730689346790314,0.0982477143406868,0.09548017382621765,0.0,0.0,0.0,0.0,0.0,0.0,0.0,0.6361994901766092,0.3401467506944235,0.5,-0.7418298721313477,-0.1766466200351715,-0.002626922447234392,0.0,0.0,0.0,0.0013837706064805388,-0.06918852776288986,-0.0013837706064805388,0.0,0.0,0.0,0.0,0.0,0.0,0.0,0.7723641394391314,1.1162522459125022,0.5,0.8430545926094055,-1.0961132049560547,-0.035871658474206924,0.0,0.0,0.0,-0.005535082425922155,-0.1286906749010086,0.04289688542485237,0.0,0.0,0.0,0.0,0.0,0.0,0.0,0.5801452591788954,0.8377913053464184,0.5
1.551,TAKEOFF,0.05889006704092026,0.8187498450279236,0.020848756656050682,0.0,0.0,0.0,0.12730689346790314,0.0982477143406868,0.09548017382621765,0.0,0.0,0.0,0.0,0.0,0.0,0.0,0.6363725654411901,0.3398599373371193,0.5,-0.7418298721313477,-0.1766466200351715,-0.002626922447234392,0.0,0.0,0.0,0.0013837706064805388,-0.06918852776288986,-0.0013837706064805388,0.0,0.0,0.0,0.0,0.0,0.0,0.0,0.7724326419807092,1.1163077204575673,0.5,0.8430545926094055,-1.0961132049560547,-0.035871658474206924,0.0,0.0,0.0,-0.005535082425922155,-0.1286906749010086,0.04289688542485237,0.0,0.0,0.0,0.0,0.0,0.0,0.0,0.5801799479116683,0.8378965359926868,0.5
1.57,TAKEOFF,0.05889006704092026,0.8187498450279236,0.020848756656050682,0.0,0.0,0.0,0.12730689346790314,0.0982477143406868,0.09548017382621765,0.0,0.0,0.0,0.0,0.0,0.0,0.0,0.6365447609209625,0.3395749406663688,0.5,-0.8660314679145813,-0.12566697597503662,0.012289664708077908,0.0,0.0,0.0,-0.027675412595272064,-0.14806345105171204,0.00830262340605259,0.0,0.0,0.0,0.0,0.0,0.0,0.0,0.7725007415830308,1.1163628521812585,0.5,0.8430545926094055,-1.0961132049560547,-0.035871658474206924,0.0,0.0,0.0,-0.005535082425922155,-0.1286906749010086,0.04289688542485237,0.0,0.0,0.0,0.0,0.0,0.0,0.0,0.580214447769633,0.8380011289049504,0.5
1.591,TAKEOFF,0.05889006704092026,0.8187498450279236,0.020848756656050682,0.0,0.0,0.0,0.12730689346790314,0.0982477143406868,0.09548017382621765,0.0,0.0,0.0,0.0,0.0,0.0,0.0,0.6367160799437879,0.33929174872281226,0.5,-0.8660314679145813,-0.12566697597503662,0.012289664708077908,0.0,0.0,0.0,-0.027675412595272064,-0.14806345105171204,0.00830262340605259,0.0,0.0,0.0,0.0,0.0,0.0,0.0,0.7725684405656719,1.1164176432586692,0.5,0.8486777544021606,-1.0571759939193726,-0.015748431906104088,0.0,0.0,0.0,-0.13699328899383545,-0.058118365705013275,0.04289688542485237,0.0,0.0,0.0,0.0,0.0,0.0,0.0,0.5802991883975892,0.8382577628135277,0.5
1.611,TAKEOFF,0.05889006704092026,0.8187498450279236,0.020848756656050682,0.0,0.0,0.0,0.12730689346790314,0.0982477143406868,0.09548017382621765,0.0,0.0,0.0,0.0,0.0,0.0,0.0,0.6368852309018787,0.3390124862098453,0.5,-0.8660314679145813,-0.12566697597503662,0.012289664708077908,0.0,0.0,0.0,-0.027675412595272064,-0.14806345105171204,0.00830262340605259,0.0,0.0,0.0,0.0,0.0,0.0,0.0,0.7726357412354885,1.1164720958504495,0.5,0.8486777544021606,-1.0571759939193726,-0.015748431906104088,0.0,0.0,0.0,-0.13699328899383545,-0.058118365705013275,0.04289688542485237,0.0,0.0,0.0,0.0,0.0,0.0,0.0,0.5803835351326211,0.8385128190654159,0.5
1.63,TAKEOFF,0.028062917292118073,0.8663567304611206,0.03864093869924545,0.0,0.0,0.0,0.02629164233803749,0.015221476554870605,0.09409639984369278,0.0,0.0,0.0,0.0,0.0,0.0,0.0,0.6370535175280204,0.33873499053118217,0.5,-0.8660314679145813,-0.12566697597503662,0.012289664708077908,0.0,0.0,0.0,-0.027675412595272064,-0.14806345105171204,0.00830262340605259,0.0,0.0,0.0,0.0,0.0,0.0,0.0,0.7727026458866803,1.116526212102909,0.5,0.8486777544021606,-1.0571759939193726,-0.015748431906104088,0.0,0.0,0.0,-0.13699328899383545,-0.058118365705013275,0.04289688542485237,0.0,0.0,0.0,0.0,0.0,0.0,0.0,0.5804674889508432,0.8387663075287592,0.5
1.651,TAKEOFF,0.028062917292118073,0.8663567304611206,0.03864093869924545,0.0,0.0,0.0,0.02629164233803749,0.015221476554870605,0.09409639984369278,0.0,0.0,0.0,0.0,0.0,0.0,0.0,0.6372209431579468,0.33845925007444944,0.5,-0.8660314679145813,-0.12566697597503662,0.012289664708077908,0.0,0.0,0.0,-0.027675412595272064,-0.14806345105171204,0.00830262340605259,0.0,0.0,0.0,0.0,0.0,0.0,0.0,0.7728729160821735,1.1166638646559606,0.5,0.8486777544021606,-1.0571759939193726,-0.015748431906104088,0.0,0.0,0.0,-0.13699328899383545,-0.058118365705013275,0.04289688542485237,0.0,0.0,0.0,0.0,0.0,0.0,0.0,0.5805510508393873,0.8390182380085955,0.5
1.67,TAKEOFF,0.028062917292118073,0.8663567304611206,0.03864093869924545,0.0,0.0,0.0,0.02629164233803749,0.015221476554870605,0.09409639984369278,0.0,0.0,0.0,0.0,0.0,0.0,0.0,0.6373875111303434,0.33818525330758287,0.5,-0.9188529849052429,-0.17421120405197144,0.07971283793449402,0.0,0.0,0.0,0.04289688542485237,0.07057230174541473,0.03321049362421036,0.0,0.0,0.0,0.0,0.0,0.0,0.0,0.7730422144263833,1.1168006297076252,0.5,0.8486777544021606,-1.0571759939193726,-0.015748431906104088,0.0,0.0,0.0,-0.13699328899383545,-0.058118365705013275,0.04289688542485237,0.0,0.0,0.0,0.0,0.0,0.0,0.0,0.5806342217961314,0.8392686202472646,0.5
1.69,TAKEOFF,0.028062917292118073,0.8663567304611206,0.03864093869924545,0.0,0.0,0.0,0.02629164233803749,0.015221476554870605,0.09409639984369278,0.0,0.0,0.0,0.0,0.0,0.0,0.0,0.6375532247865423,0.3379129887782446,0.5,-0.9188529849052429,-0.17421120405197144,0.07971283793449402,0.0,0.0,0.0,0.04289688542485237,0.07057230174541473,0.03321049362421036,0.0,0.0,0.0,0.0,0.0,0.0,0.0,0.7732105461328955,1.1169365133018934,0.5,0.8145485520362854,-0.9432265758514404,-0.010180851444602013,0.0,0.0,0.0,-0.09548017382621765,-0.14114460349082947,0.062269676476716995,0.0,0.0,0.0,0.0,0.0,0.0,0.0,0.5807035552374825,0.8394770645243321,0.5
1.71,TAKEOFF,0.028062917292118073,0.8663567304611206,0.03864093869924545,0.0,0.0,0.0,0.02629164233803749,0.015221476554870605,0.09409639984369278,0.0,0.0,0.0,0.0,0.0,0.0,0.0,0.6376566001166283,0.3377433097659114,0.5,-0.9188529849052429,-0.17421120405197144,0.07971283793449402,0.0,0.0,0.0,0.04289688542485237,0.07057230174541473,0.03321049362421036,0.0,0.0,0.0,0.0,0.0,0.0,0.0,0.7733779163917907,1.1170715214382172,0.5,0.8145485520362854,-0.9432265758514404,-0.010180851444602013,0.0,0.0,0.0,-0.09548017382621765,-0.14114460349082947,0.062269676476716995,0.0,0.0,0.0,0.0,0.0,0.0,0.0,0.5807725483040276,0.8396842329654985,0.5
1.73,TAKEOFF,0.0427200049161911,0.8529088497161865,0.04276026412844658,0.0,0.0,0.0,0.058118365705013275,0.0013837706064805388,0.09271262586116791,0.0,0.0,0.0,0.0,0.0,0.0,0.0,0.6377594108734473,0.3375746827619723,0.5,-0.9188529849052429,-0.17421120405197144,0.07971283793449402,0.0,0.0,0.0,0.04289688542485237,0.07057230174541473,0.03321049362421036,0.0,0.0,0.0,0.0,0.0,0.0,0.0,0.7735443303696854,1.1172056600718696,0.5,0.8145485520362854,-0.9432265758514404,-0.010180851444602013,0.0,0.0,0.0,-0.09548017382621765,-0.14114460349082947,0.062269676476716995,0.0,0.0,0.0,0.0,0.0,0.0,0.0,0.5808412021241726,0.8398901334997242,0.5
1.751,TAKEOFF,0.0427200049161911,0.8529088497161865,0.04276026412844658,0.0,0.0,0.0,0.058118365705013275,0.0013837706064805388,0.09271262586116791,0.0,0.0,0.0,0.0,0.0,0.0,0.0,0.6378616597672594,0.33740710106649296,0.5,-0.9188529849052429,-0.17421120405197144,0.07971283793449402,0.0,0.0,0.0,0.04289688542485237,0.07057230174541473,0.03321049362421036,0.0,0.0,0.0,0.0,0.0,0.0,0.0,0.773683815422251,1.1173180172268617,0.5,0.8145485520362854,-0.9432265758514404,-0.010180851444602013,0.0,0.0,0.0,-0.09548017382621765,-0.14114460349082947,0.062269676476716995,0.0,0.0,0.0,0.0,0.0,0.0,0.0,0.580909517830638,0.8400947740056081,0.5
1.771,TAKEOFF,0.0427200049161911,0.8529088497161865,0.04276026412844658,0.0,0.0,0.0,0.058118365705013275,0.0013837706064805388,0.09271262586116791,0.0,0.0,0.0,0.0,0.0,0.0,0.0,0.6379633495003568,0.33724055802405223,0.5,-0.9193149209022522,-0.2087564468383789,0.1396445631980896,0.0,0.0,0.0,0.03044295310974121,0.14391213655471802,0.04428065940737724,0.0,0.0,0.0,0.0,0.0,0.0,0.0,0.7738224967974948,1.1174296589694852,0.5,0.8145485520362854,-0.9432265758514404,-0.010180851444602013,0.0,0.0,0.0,-0.09548017382621765,-0.14114460349082947,0.062269676476716995,0.0,0.0,0.0,0.0,0.0,0.0,0.0,0.5809774965602991,0.8402981623117145,0.5
1.791,TAKEOFF,0.0427200049161911,0.8529088497161865,0.04276026412844658,0.0,0.0,0.0,0.058118365705013275,0.0013837706064805388,0.09271262586116791,0.0,0.0,0.0,0.0,0.0,0.0,0.0,0.6380644827670084,0.3370750470234285,0.5,-0.9193149209022522,-0.2087564468383789,0.1396445631980896,0.0,0.0,0.0,0.03044295310974121,0.14391213655471802,0.04428065940737724,0.0,0.0,0.0,0.0,0.0,0.0,0.0,0.7739603789077808,1.1175405900762203,0.5,0.6814076900482178,-0.9243021011352539,0.028534498065710068,0.0,0.0,0.0,0.031826723366975784,-0.013837706297636032,0.07610738277435303,0.0,0.0,0.0,0.0,0.0,0.0,0.0,0.5810288556841577,0.8404516656160325,0.5
1.81,TAKEOFF,0.0427200049161911,0.8529088497161865,0.04276026412844658,0.0,0.0,0.0,0.058118365705013275,0.0013837706064805388,0.09271262586116791,0.0,0.0,0.0,0.0,0.0,0.0,0.0,0.6380114920199551,0.3371617547415798,0.5,-0.9193149209022522,-0.2087564468383789,0.1396445631980896,0.0,0.0,0.0,0.03044295310974121,0.14391213655471802,0.04428065940737724,0.0,0.0,0.0,0.0,0.0,0.0,0.0,0.7740974661441136,1.1176508152892757,0.5,0.6814076900482178,-0.9243021011352539,0.028534498065710068,0.0,0.0,0.0,0.031826723366975784,-0.013837706297636032,0.07610738277435303,0.0,0.0,0.0,0.0,0.0,0.0,0.0,0.5810799476914092,0.8406042341638571,0.5
1.83,TAKEOFF,0.0944443941116333,0.8033416867256165,0.03545338660478592,0.0,0.0,0.0,0.012453935109078884,-0.0,0.08441001176834106,0.0,0.0,0.0,0.0,0.0,0.0,0.0,0.6379588337713615,0.3372479511062863,0.5,-0.9193149209022522,-0.2087564468383789,0.1396445631980896,0.0,0.0,0.0,0.03044295310974121,0.14391213655471802,0.04428065940737724,0.0,0.0,0.0,0.0,0.0,0.0,0.0,0.7742337628762022,1.1177603393168576,0.5,0.6814076900482178,-0.9243021011352539,0.028534498065710068,0.0,0.0,0.0,0.031826723366975784,-0.013837706297636032,0.07610738277435303,0.0,0.0,0.0,0.0,0.0,0.0,0.0,0.5811307736901321,0.8407558737172,0.5
1.851,TAKEOFF,0.0944443941116333,0.8033416867256165,0.03545338660478592,0.0,0.0,0.0,0.012453935109078884,-0.0,0.08441001176834106,0.0,0.0,0.0,0.0,0.0,0.0,0.0,0.6379065058535924,0.3373336390768536,0.5,-0.9193149209022522,-0.2087564468383789,0.1396445631980896,0.0,0.0,0.0,0.03044295310974121,0.14391213655471802,0.04428065940737724,0.0,0.0,0.0,0.0,0.0,0.0,0.0,0.7742654801059881,1.1177858169718449,0.5,0.6814076900482178,-0.9243021011352539,0.028534498065710068,0.0,0.0,0.0,0.031826723366975784,-0.013837706297636032,0.07610738277435303,0.0,0.0,0.0,0.0,0.0,0.0,0.0,0.5811813347877359,0.8409065900018602,0.5
1.871,TAKEOFF,0.0944443941116333,0.8033416867256165,0.03545338660478592,0.0,0.0,0.0,0.012453935109078884,-0.0,0.08441001176834106,0.0,0.0,0.0,0.0,0.0,0.0,0.0,0.6378545061140566,0.33741882159617614,0.5,-0.9448344707489014,-0.23746559023857117,0.1783042997121811,0.0,0.0,0.0,0.023524099960923195,0.13837705552577972,0.045664429664611816,0.0,0.0,0.0,0.0,0.0,0.0,0.0,0.7742970087443126,1.1178111396295827,0.5,0.6814076900482178,-0.9243021011352539,0.028534498065710068,0.0,0.0,0.0,0.031826723366975784,-0.013837706297636032,0.07610738277435303,0.0,0.0,0.0,0.0,0.0,0.0,0.0,0.5812316320908937,0.8410563887076575,0.5
1.89,TAKEOFF,0.0944443941116333,0.8033416867256165,0.03545338660478592,0.0,0.0,0.0,0.012453935109078884,-0.0,0.08441001176834106,0.0,0.0,0.0,0.0,0.0,0.0,0.0,0.6378028324150932,0.3375035015908195,0.5,-0.9448344707489014,-0.23746559023857117,0.1783042997121811,0.0,0.0,0.0,0.023524099960923195,0.13837705552577972,0.045664429664611816,0.0,0.0,0.0,0.0,0.0,0.0,0.0,0.774328349902101,1.1178363082454394,0.5,0.6698698997497559,-0.8858040571212769,0.056806035339832306,0.0,0.0,0.0,0.07472360879182816,0.13145819306373596,0.06642098724842072,0.0,0.0,0.0,0.0,0.0,0.0,0.0,0.5812732284364065,0.8411801749838413,0.5
1.91,TAKEOFF,0.0944443941116333,0.8033416867256165,0.03545338660478592,0.0,0.0,0.0,0.012453935109078884,-0.0,0.08441001176834106,0.0,0.0,0.0,0.0,0.0,0.0,0.0,0.6377258075013138,0.3376297842306039,0.5,-0.9448344707489014,-0.23746559023857117,0.1783042997121811,0.0,0.0,0.0,0.023524099960923195,0.13837705552577972,0.045664429664611816,0.0,0.0,0.0,0.0,0.0,0.0,0.0,0.7743595046838627,1.11786132376875,0.5,0.6698698997497559,-0.8858040571212769,0.056806035339832306,0.0,0.0,0.0,0.07472360879182816,0.13145819306373596,0.06642098724842072,0.0,0.0,0.0,0.0,0.0,0.0,0.0,0.5813146019026105,0.8413032095674658,0.5
1.93,TAKEOFF,0.10659339278936386,0.7907134294509888,0.04625123739242554,0.0,0.0,0.0,-0.017989017069339752,-0.024907870218157768,0.0774911567568779,0.0,0.0,0.0,0.0,0.0,0.0,0.0,0.6376492755924422,0.33775532798933,0.5,-0.9448344707489014,-0.23746559023857117,0.1783042997121811,0.0,0.0,0.0,0.023524099960923195,0.13837705552577972,0.045664429664611816,0.0,0.0,0.0,0.0,0.0,0.0,0.0,0.7743904741877259,1.117886187142855,0.5,0.6698698997497559,-0.8858040571212769,0.056806035339832306,0.0,0.0,0.0,0.07472360879182816,0.13145819306373596,0.06642098724842072,0.0,0.0,0.0,0.0,0.0,0.0,0.0,0.5813557535054387,0.8414254970703555,0.5
1.951,TAKEOFF,0.10659339278936386,0.7907134294509888,0.04625123739242554,0.0,0.0,0.0,-0.017989017069339752,-0.024907870218157768,0.0774911567568779,0.0,0.0,0.0,0.0,0.0,0.0,0.0,0.6375732333658494,0.33788013706771275,0.5,-0.9448344707489014,-0.23746559023857117,0.1783042997121811,0.0,0.0,0.0,0.023524099960923195,0.13837705552577972,0.045664429664611816,0.0,0.0,0.0,0.0,0.0,0.0,0.0,0.774392593107836,1.1178878881609828,0.5,0.6698698997497559,-0.8858040571212769,0.056806035339832306,0.0,0.0,0.0,0.07472360879182816,0.13145819306373596,0.06642098724842072,0.0,0.0,0.0,0.0,0.0,0.0,0.0,0.5813966842586058,0.8415470420755499,0.5
1.971,TAKEOFF,0.10659339278936386,0.7907134294509888,0.04625123739242554,0.0,0.0,0.0,-0.017989017069339752,-0.024907870218157768,0.0774911567568779,0.0,0.0,0.0,0.0,0.0,0.0,0.0,0.6374976775231204,0.3380042156441781,0.5,-0.8901599645614624,-0.23268553614616394,0.13179726898670197,0.0,0.0,0.0,-0.06365344673395157,0.12177181243896484,0.05258328467607498,0.0,0.0,0.0,0.0,0.0,0.0,0.0,0.7743946993220597,1.1178895789634924,0.5,0.6698698997497559,-0.8858040571212769,0.056806035339832306,0.0,0.0,0.0,0.07472360879182816,0.13145819306373596,0.06642098724842072,0.0,0.0,0.0,0.0,0.0,0.0,0.0,0.5814373951735751,0.8416678491374876,0.5
1.99,TAKEOFF,0.10659339278936386,0.7907134294509888,0.04625123739242554,0.0,0.0,0.0,-0.017989017069339752,-0.024907870218157768,0.0774911567568779,0.0,0.0,0.0,0.0,0.0,0.0,0.0,0.6374226047898605,0.3381275678749586,0.5,-0.8901599645614624,-0.23268553614616394,0.13179726898670197,0.0,0.0,0.0,-0.06365344673395157,0.12177181243896484,0.05258328467607498,0.0,0.0,0.0,0.0,0.0,0.0,0.0,0.7743967929065408,1.1178912596117907,0.5,0.6398544907569885,-0.8417709469795227,0.10423120856285095,0.0,0.0,0.0,0.07333984225988388,0.06918852776288986,0.045664429664611816,0.0,0.0,0.0,0.0,0.0,0.0,0.0,0.5814691256597898,0.8417619485767606,0.5
2.01,TAKEOFF,0.10659339278936386,0.7907134294509888,0.04625123739242554,0.0,0.0,0.0,-0.017989017069339752,-0.024907870218157768,0.0774911567568779,0.0,0.0,0.0,0.0,0.0,0.0,0.0,0.6372984357610008,0.33833173721586063,0.5,-0.8901599645614624,-0.23268553614616394,0.13179726898670197,0.0,0.0,0.0,-0.06365344673395157,0.12177181243896484,0.05258328467607498,0.0,0.0,0.0,0.0,0.0,0.0,0.0,0.7743988739369676,1.1178929301669156,0.5,0.6398544907569885,-0.8417709469795227,0.10423120856285095,0.0,0.0,0.0,0.07333984225988388,0.06918852776288986,0.045664429664611816,0.0,0.0,0.0,0.0,0.0,0.0,0.0,0.581500681197047,0.8418554782136245,0.5
2.03,TAKEOFF,0.13085497915744781,0.7565476298332214,0.059038471430540085,0.0,0.0,0.0,-0.04704819992184639,-0.04428065940737724,0.0774911567568779,0.0,0.0,0.0,0.0,0.0,0.0,0.0,0.6371750923403515,0.33853473053344607,0.5,-0.8901599645614624,-0.23268553614616394,0.13179726898670197,0.0,0.0,0.0,-0.06365344673395157,0.12177181243896484,0.05258328467607498,0.0,0.0,0.0,0.0,0.0,0.0,0.0,0.7744009424885752,1.117894590689537,0.5,0.6398544907569885,-0.8417709469795227,0.10423120856285095,0.0,0.0,0.0,0.07333984225988388,0.06918852776288986,0.045664429664611816,0.0,0.0,0.0,0.0,0.0,0.0,0.0,0.5815320626495424,0.8419484415266669,0.5
2.051,TAKEOFF,0.13085497915744781,0.7565476298332214,0.059038471430540085,0.0,0.0,0.0,-0.04704819992184639,-0.04428065940737724,0.0774911567568779,0.0,0.0,0.0,0.0,0.0,0.0,0.0,0.6370525686291939,0.33873655426617766,0.5,-0.8901599645614624,-0.23268553614616394,0.13179726898670197,0.0,0.0,0.0,-0.06365344673395157,0.12177181243896484,0.05258328467607498,0.0,0.0,0.0,0.0,0.0,0.0,0.0,0.7743191112822414,1.1178288895015305,0.5,0.6398544907569885,-0.8417709469795227,0.10423120856285095,0.0,0.0,0.0,0.07333984225988388,0.06918852776288986,0.045664429664611816,0.0,0.0,0.0,0.0,0.0,0.0,0.0,0.58156327087852,0.8420408419729336,0.5
2.07,TAKEOFF,0.13085497915744781,0.7565476298332214,0.059038471430540085,0.0,0.0,0.0,-0.04704819992184639,-0.04428065940737724,0.0774911567568779,0.0,0.0,0.0,0.0,0.0,0.0,0.0,0.6369308587751528,0.33893721482183403,0.5,-0.8901599645614624,-0.23268553614616394,0.13179726898670197,0.0,0.0,0.0,-0.06365344673395157,0.12177181243896484,0.05258328467607498,0.0,0.0,0.0,0.0,0.0,0.0,0.0,0.7742377824526099,1.1177635683375395,0.5,0.6398544907569885,-0.8417709469795227,0.10423120856285095,0.0,0.0,0.0,0.07333984225988388,0.06918852776288986,0.045664429664611816,0.0,0.0,0.0,0.0,0.0,0.0,0.0,0.581594306742264,0.8421326829880657,0.5
2.09,TAKEOFF,0.13085497915744781,0.7565476298332214,0.059038471430540085,0.0,0.0,0.0,-0.04704819992184639,-0.04428065940737724,0.0774911567568779,0.0,0.0,0.0,0.0,0.0,0.0,0.0,0.6368099569717951,0.3391367185775888,0.5,-0.8612157702445984,-0.2464584857225418,0.06880028545856476,0.0,0.0,0.0,-0.01660524681210518,0.05119951069355011,0.049815740436315536,0.0,0.0,0.0,0.0,0.0,0.0,0.0,0.7741569528515932,1.1176986250890637,0.5,0.7219842672348022,-0.8483098149299622,0.10030373185873032,0.0,0.0,0.0,0.12453935295343399,0.11623673141002655,0.029059182852506638,0.0,0.0,0.0,0.0,0.0,0.0,0.0,0.5816251710960888,0.8422239679864343,0.5
2.11,TAKEOFF,0.13085497915744781,0.7565476298332214,0.059038471430540085,0.0,0.0,0.0,-0.04704819992184639,-0.04428065940737724,0.0774911567568779,0.0,0.0,0.0,0.0,0.0,0.0,0.0,0.6367854136614309,0.33917723962146606,0.5,-0.8612157702445984,-0.2464584857225418,0.06880028545856476,0.0,0.0,0.0,-0.01660524681210518,0.05119951069355011,0.049815740436315536,0.0,0.0,0.0,0.0,0.0,0.0,0.0,0.7740766193515494,1.1176340576581651,0.5,0.7219842672348022,-0.8483098149299622,0.10030373185873032,0.0,0.0,0.0,0.12453935295343399,0.11623673141002655,0.029059182852506638,0.0,0.0,0.0,0.0,0.0,0.0,0.0,0.5816432189699137,0.8422773243446001,0.5
2.131,TAKEOFF,0.19548627734184265,0.6846825480461121,0.03869348019361496,0.0,0.0,0.0,-0.024907870218157768,-0.015221476554870605,0.08441001176834106,0.0,0.0,0.0,0.0,0.0,0.0,0.0,0.6367610207816976,0.33921751945942163,0.5,-0.8612157702445984,-0.2464584857225418,0.06880028545856476,0.0,0.0,0.0,-0.01660524681210518,0.05119951069355011,0.049815740436315536,0.0,0.0,0.0,0.0,0.0,0.0,0.0,0.7739967788451414,1.117569863957431,0.5,0.7219842672348022,-0.8483098149299622,0.10030373185873032,0.0,0.0,0.0,0.12453935295343399,0.11623673141002655,0.029059182852506638,0.0,0.0,0.0,0.0,0.0,0.0,0.0,0.5816611635203507,0.8423303588853264,0.5
2.15,TAKEOFF,0.19548627734184265,0.6846825480461121,0.03869348019361496,0.0,0.0,0.0,-0.024907870218157768,-0.015221476554870605,0.08441001176834106,0.0,0.0,0.0,0.0,0.0,0.0,0.0,0.6367367773922249,0.33925755951547026,0.5,-0.8612157702445984,-0.2464584857225418,0.06880028545856476,0.0,0.0,0.0,-0.01660524681210518,0.05119951069355011,0.049815740436315536,0.0,0.0,0.0,0.0,0.0,0.0,0.0,0.7737271423287184,1.1173529036818832,0.5,0.7219842672348022,-0.8483098149299622,0.10030373185873032,0.0,0.0,0.0,0.12453935295343399,0.11623673141002655,0.029059182852506638,0.0,0.0,0.0,0.0,0.0,0.0,0.0,0.5816790053077976,0.8423830735591511,0.5
2.171,TAKEOFF,0.19548627734184265,0.6846825480461121,0.03869348019361496,0.0,0.0,0.0,-0.024907870218157768,-0.015221476554870605,0.08441001176834106,0.0,0.0,0.0,0.0,0.0,0.0,0.0,0.6367126825587345,0.33929736120536474,0.5,-0.7614883184432983,-0.26777806878089905,0.023188317194581032,0.0,0.0,0.0,0.024907870218157768,0.05535082519054413,0.07333984225988388,0.0,0.0,0.0,0.0,0.0,0.0,0.0,0.7734592476965172,1.1171370910714833,0.5,0.7219842672348022,-0.8483098149299622,0.10030373185873032,0.0,0.0,0.0,0.12453935295343399,0.11623673141002655,0.029059182852506638,0.0,0.0,0.0,0.0,0.0,0.0,0.0,0.5816967448900052,0.8424354703046824,0.5
2.19,TAKEOFF,0.19548627734184265,0.6846825480461121,0.03869348019361496,0.0,0.0,0.0,-0.024907870218157768,-0.015221476554870605,0.08441001176834106,0.0,0.0,0.0,0.0,0.0,0.0,0.0,0.6366887353529977,0.3393369259366422,0.5,-0.7614883184432983,-0.26777806878089905,0.023188317194581032,0.0,0.0,0.0,0.024907870218157768,0.05535082519054413,0.07333984225988388,0.0,0.0,0.0,0.0,0.0,0.0,0.0,0.7731930831001921,1.1169224211541584,0.5,0.6962474584579468,-0.8962019681930542,0.08997255563735962,0.0,0.0,0.0,0.07887492328882217,-0.03459426388144493,0.004151311703026295,0.0,0.0,0.0,0.0,0.0,0.0,0.0,0.5816816661602173,0.8423909338341427,0.5
2.21,TAKEOFF,0.19548627734184265,0.6846825480461121,0.03869348019361496,0.0,0.0,0.0,-0.024907870218157768,-0.015221476554870605,0.08441001176834106,0.0,0.0,0.0,0.0,0.0,0.0,0.0,0.6366515280340023,0.3393984122220633,0.5,-0.7614883184432983,-0.26777806878089905,0.023188317194581032,0.0,0.0,0.0,0.024907870218157768,0.05535082519054413,0.07333984225988388,0.0,0.0,0.0,0.0,0.0,0.0,0.0,0.772928636777601,1.1167088889635612,0.5,0.6962474584579468,-0.8962019681930542,0.08997255563735962,0.0,0.0,0.0,0.07887492328882217,-0.03459426388144493,0.004151311703026295,0.0,0.0,0.0,0.0,0.0,0.0,0.0,0.5816666813616681,0.8423466634115092,0.5
2.23,TAKEOFF,0.18097104132175446,0.718552827835083,0.04432404413819313,0.0,0.0,0.0,-0.07195606827735901,-0.05258328467607498,0.08994509279727936,0.0,0.0,0.0,0.0,0.0,0.0,0.0,0.636614551257817,0.33945953400597295,0.5,-0.7614883184432983,-0.26777806878089905,0.023188317194581032,0.0,0.0,0.0,0.024907870218157768,0.05535082519054413,0.07333984225988388,0.0,0.0,0.0,0.0,0.0,0.0,0.0,0.7726658970521365,1.1164964895393439,0.5,0.6962474584579468,-0.8962019681930542,0.08997255563735962,0.0,0.0,0.0,0.07887492328882217,-0.03459426388144493,0.004151311703026295,0.0,0.0,0.0,0.0,0.0,0.0,0.0,0.5816517898894783,0.8423026574547696,0.5
2.251,TAKEOFF,0.18097104132175446,0.718552827835083,0.04432404413819313,0.0,0.0,0.0,-0.07195606827735901,-0.05258328467607498,0.08994509279727936,0.0,0.0,0.0,0.0,0.0,0.0,0.0,0.6365778035543808,0.33952029342168594,0.5,-0.7614883184432983,-0.26777806878089905,0.023188317194581032,0.0,0.0,0.0,0.024907870218157768,0.05535082519054413,0.07333984225988388,0.0,0.0,0.0,0.0,0.0,0.0,0.0,0.7725008409829408,1.116362932640892,0.5,0.6962474584579468,-0.8962019681930542,0.08997255563735962,0.0,0.0,0.0,0.07887492328882217,-0.03459426388144493,0.004151311703026295,0.0,0.0,0.0,0.0,0.0,0.0,0.0,0.5816369911428907,0.842258914391228,0.5
2.271,TAKEOFF,0.18097104132175446,0.718552827835083,0.04432404413819313,0.0,0.0,0.0,-0.07195606827735901,-0.05258328467607498,0.08994509279727936,0.0,0.0,0.0,0.0,0.0,0.0,0.0,0.6365412834634815,0.33958069259037515,0.5,-0.7073017954826355,-0.2709921896457672,0.03116973303258419,0.0,0.0,0.0,-0.07057230174541473,-0.13837705552577972,0.08302623778581619,0.0,0.0,0.0,0.0,0.0,0.0,0.0,0.7723368220978006,1.1162301192081137,0.5,0.6962474584579468,-0.8962019681930542,0.08997255563735962,0.0,0.0,0.0,0.07887492328882217,-0.03459426388144493,0.004151311703026295,0.0,0.0,0.0,0.0,0.0,0.0,0.0,0.5816222845252386,0.8422154326574514,0.5
2.29,TAKEOFF,0.18097104132175446,0.718552827835083,0.04432404413819313,0.0,0.0,0.0,-0.07195606827735901,-0.05258328467607498,0.08994509279727936,0.0,0.0,0.0,0.0,0.0,0.0,0.0,0.6365049895346857,0.33964073362113584,0.5,-0.7073017954826355,-0.2709921896457672,0.03116973303258419,0.0,0.0,0.0,-0.07057230174541473,-0.13837705552577972,0.08302623778581619,0.0,0.0,0.0,0.0,0.0,0.0,0.0,0.772173833633238,1.116098045488925,0.5,0.6625828146934509,-0.9108582139015198,0.07549460232257843,0.0,0.0,0.0,0.02629164233803749,-0.05950213596224785,0.0013837706064805388,0.0,0.0,0.0,0.0,0.0,0.0,0.0,0.5815930146189472,0.8421288603256254,0.5
2.311,TAKEOFF,0.18097104132175446,0.718552827835083,0.04432404413819313,0.0,0.0,0.0,-0.07195606827735901,-0.05258328467607498,0.08994509279727936,0.0,0.0,0.0,0.0,0.0,0.0,0.0,0.6364368415345536,0.3397535136911381,0.5,-0.7073017954826355,-0.2709921896457672,0.03116973303258419,0.0,0.0,0.0,-0.07057230174541473,-0.13837705552577972,0.08302623778581619,0.0,0.0,0.0,0.0,0.0,0.0,0.0,0.7720118688724553,1.1159667077449913,0.5,0.6625828146934509,-0.9108582139015198,0.07549460232257843,0.0,0.0,0.0,0.02629164233803749,-0.05950213596224785,0.0013837706064805388,0.0,0.0,0.0,0.0,0.0,0.0,0.0,0.5815639333998998,0.8420428030106997,0.5
2.33,TAKEOFF,0.18202939629554749,0.7283825874328613,0.057087719440460205,0.0,0.0,0.0,-0.041513118892908096,-0.04289688542485237,0.09271262586116791,0.0,0.0,0.0,0.0,0.0,0.0,0.0,0.6363691269700716,0.3398656319101127,0.5,-0.7073017954826355,-0.2709921896457672,0.03116973303258419,0.0,0.0,0.0,-0.07057230174541473,-0.13837705552577972,0.08302623778581619,0.0,0.0,0.0,0.0,0.0,0.0,0.0,0.7718509211449889,1.115836102251754,0.5,0.6625828146934509,-0.9108582139015198,0.07549460232257843,0.0,0.0,0.0,0.02629164233803749,-0.05950213596224785,0.0013837706064805388,0.0,0.0,0.0,0.0,0.0,0.0,0.0,0.5815350395802901,0.8419572576773737,0.5
2.35,TAKEOFF,0.18202939629554749,0.7283825874328613,0.057087719440460205,0.0,0.0,0.0,-0.041513118892908096,-0.04289688542485237,0.09271262586116791,0.0,0.0,0.0,0.0,0.0,0.0,0.0,0.636301842950136,0.3399770920664517,0.5,-0.7073017954826355,-0.2709921896457672,0.03116973303258419,0.0,0.0,0.0,-0.07057230174541473,-0.13837705552577972,0.08302623778581619,0.0,0.0,0.0,0.0,0.0,0.0,0.0,0.7717194123595823,1.1157293173232927,0.5,0.6625828146934509,-0.9108582139015198,0.07549460232257843,0.0,0.0,0.0,0.02629164233803749,-0.05950213596224785,0.0013837706064805388,0.0,0.0,0.0,0.0,0.0,0.0,0.0,0.5815063318818894,0.8418722213078683,0.5
2.371,TAKEOFF,0.18202939629554749,0.7283825874328613,0.057087719440460205,0.0,0.0,0.0,-0.041513118892908096,-0.04289688542485237,0.09271262586116791,0.0,0.0,0.0,0.0,0.0,0.0,0.0,0.6362349866044062,0.3400878979280972,0.5,-0.7073017954826355,-0.2709921896457672,0.03116973303258419,0.0,0.0,0.0,-0.07057230174541473,-0.13837705552577972,0.08302623778581619,0.0,0.0,0.0,0.0,0.0,0.0,0.0,0.7715887225108444,1.1156231363120024,0.5,0.6625828146934509,-0.9108582139015198,0.07549460232257843,0.0,0.0,0.0,0.02629164233803749,-0.05950213596224785,0.0013837706064805388,0.0,0.0,0.0,0.0,0.0,0.0,0.0,0.5814778090359669,0.8417876909018294,0.5
2.391,TAKEOFF,0.18202939629554749,0.7283825874328613,0.057087719440460205,0.0,0.0,0.0,-0.041513118892908096,-0.04289688542485237,0.09271262586116791,0.0,0.0,0.0,0.0,0.0,0.0,0.0,0.6361685550831414,0.34019805324263475,0.5,-0.6798890233039856,-0.21075966954231262,0.11726188659667969,0.0,0.0,0.0,-0.03874557837843895,-0.14667968451976776,0.0774911567568779,0.0,0.0,0.0,0.0,0.0,0.0,0.0,0.7714588463378249,1.1155175560428519,0.5,0.7160513401031494,-1.007352590560913,0.082795150578022,0.0,0.0,0.0,-0.013837706297636032,0.0027675412129610777,0.006918853148818016,0.0,0.0,0.0,0.0,0.0,0.0,0.0,0.5814494697832111,0.8417036634762316,0.5
2.411,TAKEOFF,0.18202939629554749,0.7283825874328613,0.057087719440460205,0.0,0.0,0.0,-0.041513118892908096,-0.04289688542485237,0.09271262586116791,0.0,0.0,0.0,0.0,0.0,0.0,0.0,0.6361891487469661,0.3401638995619899,0.5,-0.6798890233039856,-0.21075966954231262,0.11726188659667969,0.0,0.0,0.0,-0.03874557837843895,-0.14667968451976776,0.0774911567568779,0.0,0.0,0.0,0.0,0.0,0.0,0.0,0.7713297786151093,1.1154125733543498,0.5,0.7160513401031494,-1.007352590560913,0.082795150578022,0.0,0.0,0.0,-0.013837706297636032,0.0027675412129610777,0.006918853148818016,0.0,0.0,0.0,0.0,0.0,0.0,0.0,0.5814450749131417,0.8416906287732319,0.5
2.43,TAKEOFF,0.12937411665916443,0.7659924030303955,0.08599666506052017,0.0,0.0,0.0,-0.027675412595272064,-0.03736180439591408,0.08856131881475449,0.0,0.0,0.0,0.0,0.0,0.0,0.0,0.6362096210985664,0.34012995216006886,0.5,-0.6798890233039856,-0.21075966954231262,0.11726188659667969,0.0,0.0,0.0,-0.03874557837843895,-0.14667968451976776,0.0774911567568779,0.0,0.0,0.0,0.0,0.0,0.0,0.0,0.7712015141525623,1.115308185098531,0.5,0.7160513401031494,-1.007352590560913,0.082795150578022,0.0,0.0,0.0,-0.013837706297636032,0.0027675412129610777,0.006918853148818016,0.0,0.0,0.0,0.0,0.0,0.0,0.0,0.5814407067084447,0.8416776721786011,0.5
2.451,TAKEOFF,0.12937411665916443,0.7659924030303955,0.08599666506052017,0.0,0.0,0.0,-0.027675412595272064,-0.03736180439591408,0.08856131881475449,0.0,0.0,0.0,0.0,0.0,0.0,0.0,0.6362299728388109,0.340096209783115,0.5,-0.6798890233039856,-0.21075966954231262,0.11726188659667969,0.0,0.0,0.0,-0.03874557837843895,-0.14667968451976776,0.0774911567568779,0.0,0.0,0.0,0.0,0.0,0.0,0.0,0.7711643870146097,1.1152779581432841,0.5,0.7160513401031494,-1.007352590560913,0.082795150578022,0.0,0.0,0.0,-0.013837706297636032,0.0027675412129610777,0.006918853148818016,0.0,0.0,0.0,0.0,0.0,0.0,0.0,0.581436365005587,0.8416647932248906,0.5
2.471,TAKEOFF,0.12937411665916443,0.7659924030303955,0.08599666506052017,0.0,0.0,0.0,-0.027675412595272064,-0.03736180439591408,0.08856131881475449,0.0,0.0,0.0,0.0,0.0,0.0,0.0,0.6362502046646881,0.3400626711850844,0.5,-0.7009270191192627,-0.18800781667232513,0.16333086788654327,0.0,0.0,0.0,0.03459426388144493,-0.09409639984369278,0.06642098724842072,0.0,0.0,0.0,0.0,0.0,0.0,0.0,0.7711274850298375,1.1152479096139865,0.5,0.7160513401031494,-1.007352590560913,0.082795150578022,0.0,0.0,0.0,-0.013837706297636032,0.0027675412129610777,0.006918853148818016,0.0,0.0,0.0,0.0,0.0,0.0,0.0,0.5814320496420592,0.8416519914474414,0.5
2.49,TAKEOFF,0.12937411665916443,0.7659924030303955,0.08599666506052017,0.0,0.0,0.0,-0.027675412595272064,-0.03736180439591408,0.08856131881475449,0.0,0.0,0.0,0.0,0.0,0.0,0.0,0.6362703172693246,0.340029335127597,0.5,-0.7009270191192627,-0.18800781667232513,0.16333086788654327,0.0,0.0,0.0,0.03459426388144493,-0.09409639984369278,0.06642098724842072,0.0,0.0,0.0,0.0,0.0,0.0,0.0,0.7710908068189588,1.1152180384753931,0.5,0.6943983435630798,-0.9904167652130127,0.0845360979437828,0.0,0.0,0.0,-0.10378279536962509,-0.027675412595272064,0.01107016485184431,0.0,0.0,0.0,0.0,0.0,0.0,0.0,0.5814444820478243,0.8416888703241097,0.5
2.51,TAKEOFF,0.12937411665916443,0.7659924030303955,0.08599666506052017,0.0,0.0,0.0,-0.027675412595272064,-0.03736180439591408,0.08856131881475449,0.0,0.0,0.0,0.0,0.0,0.0,0.0,0.6362627409014509,0.3400418921629726,0.5,-0.7009270191192627,-0.18800781667232513,0.16333086788654327,0.0,0.0,0.0,0.03459426388144493,-0.09409639984369278,0.06642098724842072,0.0,0.0,0.0,0.0,0.0,0.0,0.0,0.7710543510112972,1.1151883436980454,0.5,0.6943983435630798,-0.9904167652130127,0.0845360979437828,0.0,0.0,0.0,-0.10378279536962509,-0.027675412595272064,0.01107016485184431,0.0,0.0,0.0,0.0,0.0,0.0,0.0,0.5814568422297345,0.8417255271282755,0.5
2.53,TAKEOFF,0.08766470104455948,0.7967855930328369,0.10383329540491104,0.0,0.0,0.0,0.02629164233803749,-0.0,0.08441001176834106,0.0,0.0,0.0,0.0,0.0,0.0,0.0,0.6362552102959579,0.34005437403965594,0.5,-0.7009270191192627,-0.18800781667232513,0.16333086788654327,0.0,0.0,0.0,0.03459426388144493,-0.09409639984369278,0.06642098724842072,0.0,0.0,0.0,0.0,0.0,0.0,0.0,0.771018116244732,1.1151588242582404,0.5,0.6943983435630798,-0.9904167652130127,0.0845360979437828,0.0,0.0,0.0,-0.10378279536962509,-0.027675412595272064,0.01107016485184431,0.0,0.0,0.0,0.0,0.0,0.0,0.0,0.5814691305927204,0.8417619632017854,0.5
2.551,TAKEOFF,0.08766470104455948,0.7967855930328369,0.10383329540491104,0.0,0.0,0.0,0.02629164233803749,-0.0,0.08441001176834106,0.0,0.0,0.0,0.0,0.0,0.0,0.0,0.6362477251746362,0.340066781206396,0.5,-0.7009270191192627,-0.18800781667232513,0.16333086788654327,0.0,0.0,0.0,0.03459426388144493,-0.09409639984369278,0.06642098724842072,0.0,0.0,0.0,0.0,0.0,0.0,0.0,0.7710494756548978,1.1151843721564303,0.5,0.6943983435630798,-0.9904167652130127,0.0845360979437828,0.0,0.0,0.0,-0.10378279536962509,-0.027675412595272064,0.01107016485184431,0.0,0.0,0.0,0.0,0.0,0.0,0.0,0.5814813475396239,0.8417981798783247,0.5
2.571,TAKEOFF,0.08766470104455948,0.7967855930328369,0.10383329540491104,0.0,0.0,0.0,0.02629164233803749,-0.0,0.08441001176834106,0.0,0.0,0.0,0.0,0.0,0.0,0.0,0.6362402852609899,0.34007911410927627,0.5,-0.9130873680114746,-0.072487972676754,0.1796232908964157,0.0,0.0,0.0,0.029059182852506638,-0.00830262340605259,0.05119951069355011,0.0,0.0,0.0,0.0,0.0,0.0,0.0,0.7710806486153666,1.1152097646720764,0.5,0.6943983435630798,-0.9904167652130127,0.0845360979437828,0.0,0.0,0.0,-0.10378279536962509,-0.027675412595272064,0.01107016485184431,0.0,0.0,0.0,0.0,0.0,0.0,0.0,0.5814934934712064,0.8418341784834674,0.5
2.59,TAKEOFF,0.08766470104455948,0.7967855930328369,0.10383329540491104,0.0,0.0,0.0,0.02629164233803749,-0.0,0.08441001176834106,0.0,0.0,0.0,0.0,0.0,0.0,0.0,0.6362328902802242,0.3400913731917294,0.5,-0.9130873680114746,-0.072487972676754,0.1796232908964157,0.0,0.0,0.0,0.029059182852506638,-0.00830262340605259,0.05119951069355011,0.0,0.0,0.0,0.0,0.0,0.0,0.0,0.7711116362242785,1.115235002762428,0.5,0.6032152771949768,-1.0599713325500488,0.13876229524612427,0.0,0.0,0.0,-0.045664429664611816,0.0013837706064805388,0.01660524681210518,0.0,0.0,0.0,0.0,0.0,0.0,0.0,0.5816072874575691,0.842171080885386,0.5
2.61,TAKEOFF,0.08766470104455948,0.7967855930328369,0.10383329540491104,0.0,0.0,0.0,0.02629164233803749,-0.0,0.08441001176834106,0.0,0.0,0.0,0.0,0.0,0.0,0.0,0.6361538187561483,0.3402224959408596,0.5,-0.9130873680114746,-0.072487972676754,0.1796232908964157,0.0,0.0,0.0,0.029059182852506638,-0.00830262340605259,0.05119951069355011,0.0,0.0,0.0,0.0,0.0,0.0,0.0,0.7711424395734325,1.1152600873786938,0.5,0.6032152771949768,-1.0599713325500488,0.13876229524612427,0.0,0.0,0.0,-0.045664429664611816,0.0013837706064805388,0.01660524681210518,0.0,0.0,0.0,0.0,0.0,0.0,0.0,0.5817205965383938,0.8425058949781046,0.5
2.63,TAKEOFF,0.11717548966407776,0.7387250065803528,0.15587465465068817,0.0,0.0,0.0,0.06365344673395157,0.08441001176834106,0.08302623778581619,0.0,0.0,0.0,0.0,0.0,0.0,0.0,0.6360752548255442,0.340352851946977,0.5,-0.9130873680114746,-0.072487972676754,0.1796232908964157,0.0,0.0,0.0,0.029059182852506638,-0.00830262340605259,0.05119951069355011,0.0,0.0,0.0,0.0,0.0,0.0,0.0,0.7711730597483228,1.115285019466082,0.5,0.6032152771949768,-1.0599713325500488,0.13876229524612427,0.0,0.0,0.0,-0.045664429664611816,0.0013837706064805388,0.01660524681210518,0.0,0.0,0.0,0.0,0.0,0.0,0.0,0.5818334212169647,0.8428386339766516,0.5
2.651,TAKEOFF,0.11717548966407776,0.7387250065803528,0.15587465465068817,0.0,0.0,0.0,0.06365344673395157,0.08441001176834106,0.08302623778581619,0.0,0.0,0.0,0.0,0.0,0.0,0.0,0.6359971950510831,0.34048244556302515,0.5,-0.9130873680114746,-0.072487972676754,0.1796232908964157,0.0,0.0,0.0,0.029059182852506638,-0.00830262340605259,0.05119951069355011,0.0,0.0,0.0,0.0,0.0,0.0,0.0,0.7710594327222846,1.1151924832488627,0.5,0.6032152771949768,-1.0599713325500488,0.13876229524612427,0.0,0.0,0.0,-0.045664429664611816,0.0013837706064805388,0.01660524681210518,0.0,0.0,0.0,0.0,0.0,0.0,0.0,0.5819457620229642,0.8431693110106502,0.5
2.67,TAKEOFF,0.11717548966407776,0.7387250065803528,0.15587465465068817,0.0,0.0,0.0,0.06365344673395157,0.08441001176834106,0.08302623778581619,0.0,0.0,0.0,0.0,0.0,0.0,0.0,0.6359196360206555,0.3406112811189382,0.5,-0.9356674551963806,-0.12807156145572662,0.1997634470462799,0.0,0.0,0.0,0.15359853208065033,0.13837705552577972,0.045664429664611816,0.0,0.0,0.0,0.0,0.0,0.0,0.0,0.7709465098592215,1.1151004747493758,0.5,0.6032152771949768,-1.0599713325500488,0.13876229524612427,0.0,0.0,0.0,-0.045664429664611816,0.0013837706064805388,0.01660524681210518,0.0,0.0,0.0,0.0,0.0,0.0,0.0,0.5820576195119532,0.8434979391248671,0.5
2.69,TAKEOFF,0.11717548966407776,0.7387250065803528,0.15587465465068817,0.0,0.0,0.0,0.06365344673395157,0.08441001176834106,0.08302623778581619,0.0,0.0,0.0,0.0,0.0,0.0,0.0,0.6358425743471667,0.34073936292173984,0.5,-0.9356674551963806,-0.12807156145572662,0.1997634470462799,0.0,0.0,0.0,0.15359853208065033,0.13837705552577972,0.045664429664611816,0.0,0.0,0.0,0.0,0.0,0.0,0.0,0.7708342866727478,1.1150089911356942,0.5,0.5653817653656006,-1.070117712020874,0.18029744923114777,0.0,0.0,0.0,-0.07887492328882217,0.0982477143406868,0.027675412595272064,0.0,0.0,0.0,0.0,0.0,0.0,0.0,0.58214548962165,0.8437556580927755,0.5
2.71,TAKEOFF,0.11717548966407776,0.7387250065803528,0.15587465465068817,0.0,0.0,0.0,0.06365344673395157,0.08441001176834106,0.08302623778581619,0.0,0.0,0.0,0.0,0.0,0.0,0.0,0.6357323721255425,0.34092265220437384,0.5,-0.9356674551963806,-0.12807156145572662,0.1997634470462799,0.0,0.0,0.0,0.15359853208065033,0.13837705552577972,0.045664429664611816,0.0,0.0,0.0,0.0,0.0,0.0,0.0,0.7707227587064043,1.1149180295887864,0.5,0.5653817653656006,-1.070117712020874,0.18029744923114777,0.0,0.0,0.0,-0.07887492328882217,0.0982477143406868,0.027675412595272064,0.0,0.0,0.0,0.0,0.0,0.0,0.0,0.5822329484071409,0.8440117912023694,0.5
2.73,TAKEOFF,0.11403369903564453,0.7813509702682495,0.18532727658748627,0.0,0.0,0.0,-0.03874557837843895,0.04704819992184639,0.08164246380329132,0.0,0.0,0.0,0.0,0.0,0.0,0.0,0.6356228958701695,0.34110488066819583,0.5,-0.9356674551963806,-0.12807156145572662,0.1997634470462799,0.0,0.0,0.0,0.15359853208065033,0.13837705552577972,0.045664429664611816,0.0,0.0,0.0,0.0,0.0,0.0,0.0,0.770611921533445,1.1148275873024913,0.5,0.5653817653656006,-1.070117712020874,0.18029744923114777,0.0,0.0,0.0,-0.07887492328882217,0.0982477143406868,0.027675412595272064,0.0,0.0,0.0,0.0,0.0,0.0,0.0,0.5823199969321494,0.8442663483902585,0.5
2.751,TAKEOFF,0.11403369903564453,0.7813509702682495,0.18532727658748627,0.0,0.0,0.0,-0.03874557837843895,0.04704819992184639,0.08164246380329132,0.0,0.0,0.0,0.0,0.0,0.0,0.0,0.6355141404641662,0.3412860541898466,0.5,-0.9356674551963806,-0.12807156145572662,0.1997634470462799,0.0,0.0,0.0,0.15359853208065033,0.13837705552577972,0.045664429664611816,0.0,0.0,0.0,0.0,0.0,0.0,0.0,0.7706144984781471,1.1148296905695807,0.5,0.5653817653656006,-1.070117712020874,0.18029744923114777,0.0,0.0,0.0,-0.07887492328882217,0.0982477143406868,0.027675412595272064,0.0,0.0,0.0,0.0,0.0,0.0,0.0,0.5824066362711097,0.844519339529322,0.5
2.771,TAKEOFF,0.11403369903564453,0.7813509702682495,0.18532727658748627,0.0,0.0,0.0,-0.03874557837843895,0.04704819992184639,0.08164246380329132,0.0,0.0,0.0,0.0,0.0,0.0,0.0,0.6354061008302061,0.34146617861694956,0.5,-0.9574500322341919,-0.2375798523426056,0.18416288495063782,0.0,0.0,0.0,0.08025868982076645,0.14667968451976776,0.04704819992184639,0.0,0.0,0.0,0.0,0.0,0.0,0.0,0.7706170599727362,1.1148317812029096,0.5,0.5653817653656006,-1.070117712020874,0.18029744923114777,0.0,0.0,0.0,-0.07887492328882217,0.0982477143406868,0.027675412595272064,0.0,0.0,0.0,0.0,0.0,0.0,0.0,0.5824928675088927,0.8447707744291246,0.5
2.791,TAKEOFF,0.11403369903564453,0.7813509702682495,0.18532727658748627,0.0,0.0,0.0,-0.03874557837843895,0.04704819992184639,0.08164246380329132,0.0,0.0,0.0,0.0,0.0,0.0,0.0,0.6352987719301798,0.34164525976820315,0.5,-0.9574500322341919,-0.2375798523426056,0.18416288495063782,0.0,0.0,0.0,0.08025868982076645,0.14667968451976776,0.04704819992184639,0.0,0.0,0.0,0.0,0.0,0.0,0.0,0.7706196061097748,1.1148338592784497,0.5,0.540835976600647,-1.0679043531417847,0.21030554175376892,0.0,0.0,0.0,-0.05535082519054413,0.1300744265317917,0.03044295310974121,0.0,0.0,0.0,0.0,0.0,0.0,0.0,0.5825300900814272,0.8448791967784323,0.5
2.81,TAKEOFF,0.11403369903564453,0.7813509702682495,0.18532727658748627,0.0,0.0,0.0,-0.03874557837843895,0.04704819992184639,0.08164246380329132,0.0,0.0,0.0,0.0,0.0,0.0,0.0,0.6351678509703117,0.34186389642647713,0.5,-0.9574500322341919,-0.2375798523426056,0.18416288495063782,0.0,0.0,0.0,0.08025868982076645,0.14667968451976776,0.04704819992184639,0.0,0.0,0.0,0.0,0.0,0.0,0.0,0.7706221369812718,1.1148359248717157,0.5,0.540835976600647,-1.0679043531417847,0.21030554175376892,0.0,0.0,0.0,-0.05535082519054413,0.1300744265317917,0.03044295310974121,0.0,0.0,0.0,0.0,0.0,0.0,0.0,0.582567109846586,0.8449869615439546,0.5
2.83,TAKEOFF,0.09454739093780518,0.7718135118484497,0.2063400000333786,0.0,0.0,0.0,-0.005535082425922155,-0.012453935109078884,0.07610738277435303,0.0,0.0,0.0,0.0,0.0,0.0,0.0,0.6350378075752369,0.34208127635188973,0.5,-0.9574500322341919,-0.2375798523426056,0.18416288495063782,0.0,0.0,0.0,0.08025868982076645,0.14667968451976776,0.04704819992184639,0.0,0.0,0.0,0.0,0.0,0.0,0.0,0.7706246526786853,1.1148379780577655,0.5,0.540835976600647,-1.0679043531417847,0.21030554175376892,0.0,0.0,0.0,-0.05535082519054413,0.1300744265317917,0.03044295310974121,0.0,0.0,0.0,0.0,0.0,0.0,0.0,0.5826039277742924,0.8450940727516848,0.5
2.851,TAKEOFF,0.09454739093780518,0.7718135118484497,0.2063400000333786,0.0,0.0,0.0,-0.005535082425922155,-0.012453935109078884,0.07610738277435303,0.0,0.0,0.0,0.0,0.0,0.0,0.0,0.6349086354013824,0.3422974063873786,0.5,-0.9574500322341919,-0.2375798523426056,0.18416288495063782,0.0,0.0,0.0,0.08025868982076645,0.14667968451976776,0.04704819992184639,0.0,0.0,0.0,0.0,0.0,0.0,0.0,0.7705958815137675,1.1148144951221777,0.5,0.540835976600647,-1.0679043531417847,0.21030554175376892,0.0,0.0,0.0,-0.05535082519054413,0.1300744265317917,0.03044295310974121,0.0,0.0,0.0,0.0,0.0,0.0,0.0,0.5826405448316275,0.8452005344025666,0.5
2.871,TAKEOFF,0.09454739093780518,0.7718135118484497,0.2063400000333786,0.0,0.0,0.0,-0.005535082425922155,-0.012453935109078884,0.07610738277435303,0.0,0.0,0.0,0.0,0.0,0.0,0.0,0.6347803281557091,0.3425122933438457,0.5,-0.9772410988807678,-0.2569197714328766,0.25398027896881104,0.0,0.0,0.0,-0.00830262340605259,0.16882002353668213,0.041513118892908096,0.0,0.0,0.0,0.0,0.0,0.0,0.0,0.770567284416352,1.1147911513194055,0.5,0.540835976600647,-1.0679043531417847,0.21030554175376892,0.0,0.0,0.0,-0.05535082519054413,0.1300744265317917,0.03044295310974121,0.0,0.0,0.0,0.0,0.0,0.0,0.0,0.5826769619828108,0.8453063504726535,0.5
2.891,TAKEOFF,0.09454739093780518,0.7718135118484497,0.2063400000333786,0.0,0.0,0.0,-0.005535082425922155,-0.012453935109078884,0.07610738277435303,0.0,0.0,0.0,0.0,0.0,0.0,0.0,0.6346528795952674,0.3427259440002296,0.5,-0.9772410988807678,-0.2569197714328766,0.25398027896881104,0.0,0.0,0.0,-0.00830262340605259,0.16882002353668213,0.041513118892908096,0.0,0.0,0.0,0.0,0.0,0.0,0.0,0.770538860324907,1.1147679458358544,0.5,0.5394783020019531,-1.0537625551223755,0.23177491128444672,0.0,0.0,0.0,-0.035978034138679504,0.11070165038108826,0.03459426388144493,0.0,0.0,0.0,0.0,0.0,0.0,0.0,0.5827080382983493,0.8453965971778754,0.5
2.91,TAKEOFF,0.09454739093780518,0.7718135118484497,0.2063400000333786,0.0,0.0,0.0,-0.005535082425922155,-0.012453935109078884,0.07610738277435303,0.0,0.0,0.0,0.0,0.0,0.0,0.0,0.6345201697850666,0.3429486286603111,0.5,-0.9772410988807678,-0.2569197714328766,0.25398027896881104,0.0,0.0,0.0,-0.00830262340605259,0.16882002353668213,0.041513118892908096,0.0,0.0,0.0,0.0,0.0,0.0,0.0,0.7705106081844725,1.114744877862555,0.5,0.5394783020019531,-1.0537625551223755,0.23177491128444672,0.0,0.0,0.0,-0.035978034138679504,0.11070165038108826,0.03459426388144493,0.0,0.0,0.0,0.0,0.0,0.0,0.0,0.5827389423830125,0.8454862975025536,0.5
2.93,TAKEOFF,0.1109408512711525,0.7261261343955994,0.19220532476902008,0.0,0.0,0.0,-0.004151311703026295,0.01107016485184431,0.07195606827735901,0.0,0.0,0.0,0.0,0.0,0.0,0.0,0.6343883515928044,0.3431700340142532,0.5,-0.9772410988807678,-0.2569197714328766,0.25398027896881104,0.0,0.0,0.0,-0.00830262340605259,0.16882002353668213,0.041513118892908096,0.0,0.0,0.0,0.0,0.0,0.0,0.0,0.7704825269466189,1.1147219465951401,0.5,0.5394783020019531,-1.0537625551223755,0.23177491128444672,0.0,0.0,0.0,-0.035978034138679504,0.11070165038108826,0.03459426388144493,0.0,0.0,0.0,0.0,0.0,0.0,0.0,0.5827696750992079,0.8455754547813755,0.5
2.951,TAKEOFF,0.1109408512711525,0.7261261343955994,0.19220532476902008,0.0,0.0,0.0,-0.004151311703026295,0.01107016485184431,0.07195606827735901,0.0,0.0,0.0,0.0,0.0,0.0,0.0,0.6342574185519909,0.343390167017847,0.5,-0.9772410988807678,-0.2569197714328766,0.25398027896881104,0.0,0.0,0.0,-0.00830262340605259,0.16882002353668213,0.041513118892908096,0.0,0.0,0.0,0.0,0.0,0.0,0.0,0.7703381609069311,1.114604011967685,0.5,0.5394783020019531,-1.0537625551223755,0.23177491128444672,0.0,0.0,0.0,-0.035978034138679504,0.11070165038108826,0.03459426388144493,0.0,0.0,0.0,0.0,0.0,0.0,0.0,0.5828002373062272,0.845664072328386,0.5
2.97,TAKEOFF,0.1109408512711525,0.7261261343955994,0.19220532476902008,0.0,0.0,0.0,-0.004151311703026295,0.01107016485184431,0.07195606827735901,0.0,0.0,0.0,0.0,0.0,0.0,0.0,0.6341273642478482,0.34360903459447795,0.5,-0.9381833672523499,-0.29963788390159607,0.26994314789772034,0.0,0.0,0.0,-0.04428065940737724,0.12592312693595886,0.040129344910383224,0.0,0.0,0.0,0.0,0.0,0.0,0.0,0.7701946973823318,1.1144867405034309,0.5,0.5394783020019531,-1.0537625551223755,0.23177491128444672,0.0,0.0,0.0,-0.035978034138679504,0.11070165038108826,0.03459426388144493,0.0,0.0,0.0,0.0,0.0,0.0,0.0,0.5828306298602408,0.8457521534371178,0.5
2.99,TAKEOFF,0.1109408512711525,0.7261261343955994,0.19220532476902008,0.0,0.0,0.0,-0.004151311703026295,0.01107016485184431,0.07195606827735901,0.0,0.0,0.0,0.0,0.0,0.0,0.0,0.6339981823168542,0.34382664363519544,0.5,-0.9381833672523499,-0.29963788390159607,0.26994314789772034,0.0,0.0,0.0,-0.04428065940737724,0.12592312693595886,0.040129344910383224,0.0,0.0,0.0,0.0,0.0,0.0,0.0,0.7700521305367711,1.1143701287662173,0.5,0.710706889629364,-0.9714850187301636,0.17519491910934448,0.0,0.0,0.0,-0.027675412595272064,0.11485295742750168,0.03459426388144493,0.0,0.0,0.0,0.0,0.0,0.0,0.0,0.5828328821493812,0.8457586790643581,0.5
3.01,TAKEOFF,0.1109408512711525,0.7261261343955994,0.19220532476902008,0.0,0.0,0.0,-0.004151311703026295,0.01107016485184431,0.07195606827735901,0.0,0.0,0.0,0.0,0.0,0.0,0.0,0.6340158915013446,0.34379679985857764,0.5,-0.9381833672523499,-0.29963788390159607,0.26994314789772034,0.0,0.0,0.0,-0.04428065940737724,0.12592312693595886,0.040129344910383224,0.0,0.0,0.0,0.0,0.0,0.0,0.0,0.7699104545740068,1.1142541733338127,0.5,0.710706889629364,-0.9714850187301636,0.17519491910934448,0.0,0.0,0.0,-0.027675412595272064,0.11485295742750168,0.03459426388144493,0.0,0.0,0.0,0.0,0.0,0.0,0.0,0.5828351209991937,0.8457651655121532,0.5
3.03,TAKEOFF,0.16486196219921112,0.8045544028282166,0.2057878077030182,0.0,0.0,0.0,-0.05258328467607498,-0.01107016485184431,0.07057230174541473,0.0,0.0,0.0,0.0,0.0,0.0,0.0,0.6340334961412866,0.34376713615972504,0.5,-0.9381833672523499,-0.29963788390159607,0.26994314789772034,0.0,0.0,0.0,-0.04428065940737724,0.12592312693595886,0.040129344910383224,0.0,0.0,0.0,0.0,0.0,0.0,0.0,0.7697696637373106,1.1141388707979134,0.5,0.710706889629364,-0.9714850187301636,0.17519491910934448,0.0,0.0,0.0,-0.027675412595272064,0.11485295742750168,0.03459426388144493,0.0,0.0,0.0,0.0,0.0,0.0,0.0,0.5828373464894236,0.8457716130158863,0.5
3.05,TAKEOFF,0.16486196219921112,0.8045544028282166,0.2057878077030182,0.0,0.0,0.0,-0.05258328467607498,-0.01107016485184431,0.07057230174541473,0.0,0.0,0.0,0.0,0.0,0.0,0.0,0.6340509968434246,0.3437376514461235,0.5,-0.9381833672523499,-0.29963788390159607,0.26994314789772034,0.0,0.0,0.0,-0.04428065940737724,0.12592312693595886,0.040129344910383224,0.0,0.0,0.0,0.0,0.0,0.0,0.0,0.7698594456019291,1.11421240709607,0.5,0.710706889629364,-0.9714850187301636,0.17519491910934448,0.0,0.0,0.0,-0.027675412595272064,0.11485295742750168,0.03459426388144493,0.0,0.0,0.0,0.0,0.0,0.0,0.0,0.5828395586993488,0.8457780218095247,0.5
3.071,TAKEOFF,0.16486196219921112,0.8045544028282166,0.2057878077030182,0.0,0.0,0.0,-0.05258328467607498,-0.01107016485184431,0.07057230174541473,0.0,0.0,0.0,0.0,0.0,0.0,0.0,0.6340683942111089,0.3437083446319565,0.5,-0.8766176700592041,-0.32808366417884827,0.3042546212673187,0.0,0.0,0.0,-0.10516656935214996,0.020756559446454048,0.040129344910383224,0.0,0.0,0.0,0.0,0.0,0.0,0.0,0.7699487028694973,1.1142854849652555,0.5,0.710706889629364,-0.9714850187301636,0.17519491910934448,0.0,0.0,0.0,-0.027675412595272064,0.11485295742750168,0.03459426388144493,0.0,0.0,0.0,0.0,0.0,0.0,0.0,0.5828417577077817,0.8457843921256276,0.5
3.09,TAKEOFF,0.16486196219921112,0.8045544028282166,0.2057878077030182,0.0,0.0,0.0,-0.05258328467607498,-0.01107016485184431,0.07057230174541473,0.0,0.0,0.0,0.0,0.0,0.0,0.0,0.6340856888443139,0.3436792146380627,0.5,-0.8766176700592041,-0.32808366417884827,0.3042546212673187,0.0,0.0,0.0,-0.10516656935214996,0.020756559446454048,0.040129344910383224,0.0,0.0,0.0,0.0,0.0,0.0,0.0,0.7700374385157054,1.1143581073592812,0.5,0.8613651990890503,-0.9026393890380859,0.08165457099676132,0.0,0.0,0.0,0.023524099960923195,0.00830262340605259,0.03044295310974121,0.0,0.0,0.0,0.0,0.0,0.0,0.0,0.5828171240049924,0.8457130173954504,0.5
3.11,TAKEOFF,0.16486196219921112,0.8045544028282166,0.2057878077030182,0.0,0.0,0.0,-0.05258328467607498,-0.01107016485184431,0.07057230174541473,0.0,0.0,0.0,0.0,0.0,0.0,0.0,0.6342514015235085,0.34340028837336656,0.5,-0.8766176700592041,-0.32808366417884827,0.3042546212673187,0.0,0.0,0.0,-0.10516656935214996,0.020756559446454048,0.040129344910383224,0.0,0.0,0.0,0.0,0.0,0.0,0.0,0.7701256555005042,1.1144302772118526,0.5,0.8613651990890503,-0.9026393890380859,0.08165457099676132,0.0,0.0,0.0,0.023524099960923195,0.00830262340605259,0.03044295310974121,0.0,0.0,0.0,0.0,0.0,0.0,0.0,0.5827926470059815,0.8456420678420646,0.5
3.13,TAKEOFF,0.08085058629512787,0.8356637954711914,0.2945556044578552,0.0,0.0,0.0,0.05119951069355011,-0.08441001176834106,0.07472360879182816,0.0,0.0,0.0,0.0,0.0,0.0,0.0,0.6344162693721909,0.34312312450770943,0.5,-0.8766176700592041,-0.32808366417884827,0.3042546212673187,0.0,0.0,0.0,-0.10516656935214996,0.020756559446454048,0.040129344910383224,0.0,0.0,0.0,0.0,0.0,0.0,0.0,0.7702133567681728,1.114501997436718,0.5,0.8613651990890503,-0.9026393890380859,0.08165457099676132,0.0,0.0,0.0,0.023524099960923195,0.00830262340605259,0.03044295310974121,0.0,0.0,0.0,0.0,0.0,0.0,0.0,0.5827683256644078,0.8455715409522584,0.5
3.151,TAKEOFF,0.08085058629512787,0.8356637954711914,0.2945556044578552,0.0,0.0,0.0,0.05119951069355011,-0.08441001176834106,0.07472360879182816,0.0,0.0,0.0,0.0,0.0,0.0,0.0,0.6345802956241758,0.34284771148315024,0.5,-0.8766176700592041,-0.32808366417884827,0.3042546212673187,0.0,0.0,0.0,-0.10516656935214996,0.020756559446454048,0.040129344910383224,0.0,0.0,0.0,0.0,0.0,0.0,0.0,0.7703460474737922,1.1146104565452957,0.5,0.8613651990890503,-0.9026393890380859,0.08165457099676132,0.0,0.0,0.0,0.023524099960923195,0.00830262340605259,0.03044295310974121,0.0,0.0,0.0,0.0,0.0,0.0,0.0,0.5827441589414709,0.8455014342274266,0.5
3.171,TAKEOFF,0.08085058629512787,0.8356637954711914,0.2945556044578552,0.0,0.0,0.0,0.05119951069355011,-0.08441001176834106,0.07472360879182816,0.0,0.0,0.0,0.0,0.0,0.0,0.0,0.634743483516634,0.34257403782141815,0.5,-0.8176806569099426,-0.33236899971961975,0.30871355533599854,0.0,0.0,0.0,-0.08579377084970474,-0.03459426388144493,0.03321049362421036,0.0,0.0,0.0,0.0,0.0,0.0,0.0,0.7704779727306417,1.1147182273349696,0.5,0.8613651990890503,-0.9026393890380859,0.08165457099676132,0.0,0.0,0.0,0.023524099960923195,0.00830262340605259,0.03044295310974121,0.0,0.0,0.0,0.0,0.0,0.0,0.0,0.5827201458058502,0.845431745183489,0.5
3.19,TAKEOFF,0.08085058629512787,0.8356637954711914,0.2945556044578552,0.0,0.0,0.0,0.05119951069355011,-0.08441001176834106,0.07472360879182816,0.0,0.0,0.0,0.0,0.0,0.0,0.0,0.6349058362897858,0.34230209212333745,0.5,-0.8176806569099426,-0.33236899971961975,0.30871355533599854,0.0,0.0,0.0,-0.08579377084970474,-0.03459426388144493,0.03321049362421036,0.0,0.0,0.0,0.0,0.0,0.0,0.0,0.7706091367536345,1.1148253143764628,0.5,0.9421383738517761,-0.8897197246551514,0.1478811353445053,0.0,0.0,0.0,0.10239902138710022,-0.1342257410287857,0.023524099960923195,0.0,0.0,0.0,0.0,0.0,0.0,0.0,0.582680576328865,0.845316849056735,0.5
3.21,TAKEOFF,0.08085058629512787,0.8356637954711914,0.2945556044578552,0.0,0.0,0.0,0.05119951069355011,-0.08441001176834106,0.07472360879182816,0.0,0.0,0.0,0.0,0.0,0.0,0.0,0.6351590551925538,0.34187859284078265,0.5,-0.8176806569099426,-0.33236899971961975,0.30871355533599854,0.0,0.0,0.0,-0.08579377084970474,-0.03459426388144493,0.03321049362421036,0.0,0.0,0.0,0.0,0.0,0.0,0.0,0.7707395437371001,1.114931722207957,0.5,0.9421383738517761,-0.8897197246551514,0.1478811353445053,0.0,0.0,0.0,0.10239902138710022,-0.1342257410287857,0.023524099960923195,0.0,0.0,0.0,0.0,0.0,0.0,0.0,0.5826412673306318,0.8452026343669788,0.5
3.23,TAKEOFF,0.08689432591199875,0.8334492444992065,0.27396708726882935,0.0,0.0,0.0,0.05396705120801926,0.01107016485184431,0.07472360879182816,0.0,0.0,0.0,0.0,0.0,0.0,0.0,0.6354110998466578,0.3414578410671022,0.5,-0.8176806569099426,-0.33236899971961975,0.30871355533599854,0.0,0.0,0.0,-0.08579377084970474,-0.03459426388144493,0.03321049362421036,0.0,0.0,0.0,0.0,0.0,0.0,0.0,0.7708691978548488,1.1150374553353464,0.5,0.9421383738517761,-0.8897197246551514,0.1478811353445053,0.0,0.0,0.0,0.10239902138710022,-0.1342257410287857,0.023524099960923195,0.0,0.0,0.0,0.0,0.0,0.0,0.0,0.5826022169739441,0.8450890971251774,0.5
3.251,TAKEOFF,0.08689432591199875,0.8334492444992065,0.27396708726882935,0.0,0.0,0.0,0.05396705120801926,0.01107016485184431,0.07472360879182816,0.0,0.0,0.0,0.0,0.0,0.0,0.0,0.6356619730023253,0.3410398181251517,0.5,-0.8176806569099426,-0.33236899971961975,0.30871355533599854,0.0,0.0,0.0,-0.08579377084970474,-0.03459426388144493,0.03321049362421036,0.0,0.0,0.0,0.0,0.0,0.0,0.0,0.7709951338466601,1.1151400987144506,0.5,0.9421383738517761,-0.8897197246551514,0.1478811353445053,0.0,0.0,0.0,0.10239902138710022,-0.1342257410287857,0.023524099960923195,0.0,0.0,0.0,0.0,0.0,0.0,0.0,0.5825634234358722,0.8449762333649484,0.5
3.271,TAKEOFF,0.08689432591199875,0.8334492444992065,0.27396708726882935,0.0,0.0,0.0,0.05396705120801926,0.01107016485184431,0.07472360879182816,0.0,0.0,0.0,0.0,0.0,0.0,0.0,0.6359116774474352,0.34062450547095674,0.5,-0.688794732093811,-0.21715590357780457,0.11219472438097,0.0,0.0,0.0,-0.07333984225988388,-0.07195606827735901,0.027675412595272064,0.0,0.0,0.0,0.0,0.0,0.0,0.0,0.7711203417619299,1.115242092435114,0.5,0.9421383738517761,-0.8897197246551514,0.1478811353445053,0.0,0.0,0.0,0.10239902138710022,-0.1342257410287857,0.023524099960923195,0.0,0.0,0.0,0.0,0.0,0.0,0.0,0.5825248849076383,0.8448640391424516,0.5
3.29,TAKEOFF,0.08689432591199875,0.8334492444992065,0.27396708726882935,0.0,0.0,0.0,0.05396705120801926,0.01107016485184431,0.07472360879182816,0.0,0.0,0.0,0.0,0.0,0.0,0.0,0.6361602160065983,0.3402118846927558,0.5,-0.688794732093811,-0.21715590357780457,0.11219472438097,0.0,0.0,0.0,-0.07333984225988388,-0.07195606827735901,0.027675412595272064,0.0,0.0,0.0,0.0,0.0,0.0,0.0,0.771244825630647,1.115343440792326,0.5,0.8512914776802063,-0.9804102182388306,0.20287099480628967,0.0,0.0,0.0,0.0774911567568779,-0.19926296174526215,0.020756559446454048,0.0,0.0,0.0,0.0,0.0,0.0,0.0,0.5825127647333451,0.8448287396905508,0.5
3.311,TAKEOFF,0.08689432591199875,0.8334492444992065,0.27396708726882935,0.0,0.0,0.0,0.05396705120801926,0.01107016485184431,0.07472360879182816,0.0,0.0,0.0,0.0,0.0,0.0,0.0,0.6363201124904097,0.33994682203187376,0.5,-0.688794732093811,-0.21715590357780457,0.11219472438097,0.0,0.0,0.0,-0.07333984225988388,-0.07195606827735901,0.027675412595272064,0.0,0.0,0.0,0.0,0.0,0.0,0.0,0.7713685894628284,1.1154441480506891,0.5,0.8512914776802063,-0.9804102182388306,0.20287099480628967,0.0,0.0,0.0,0.0774911567568779,-0.19926296174526215,0.020756559446454048,0.0,0.0,0.0,0.0,0.0,0.0,0.0,0.5825007194561566,0.8447936512882804,0.5
3.331,TAKEOFF,0.07228507846593857,0.8155307769775391,0.28005823493003845,0.0,0.0,0.0,0.0567345917224884,-0.005535082425922155,0.06642098724842072,0.0,0.0,0.0,0.0,0.0,0.0,0.0,0.636479185099018,0.33968343153574365,0.5,-0.688794732093811,-0.21715590357780457,0.11219472438097,0.0,0.0,0.0,-0.07333984225988388,-0.07195606827735901,0.027675412595272064,0.0,0.0,0.0,0.0,0.0,0.0,0.0,0.7714916372485862,1.1155442184446545,0.5,0.8512914776802063,-0.9804102182388306,0.20287099480628967,0.0,0.0,0.0,0.0774911567568779,-0.19926296174526215,0.020756559446454048,0.0,0.0,0.0,0.0,0.0,0.0,0.0,0.5824887486007012,0.8447587726784135,0.5
3.351,TAKEOFF,0.07228507846593857,0.8155307769775391,0.28005823493003845,0.0,0.0,0.0,0.0567345917224884,-0.005535082425922155,0.06642098724842072,0.0,0.0,0.0,0.0,0.0,0.0,0.0,0.6366374371130485,0.33942170226150564,0.5,-0.688794732093811,-0.21715590357780457,0.11219472438097,0.0,0.0,0.0,-0.07333984225988388,-0.07195606827735901,0.027675412595272064,0.0,0.0,0.0,0.0,0.0,0.0,0.0,0.7715623621984404,1.115601712083596,0.5,0.8512914776802063,-0.9804102182388306,0.20287099480628967,0.0,0.0,0.0,0.0774911567568779,-0.19926296174526215,0.020756559446454048,0.0,0.0,0.0,0.0,0.0,0.0,0.0,0.5824768516947699,0.8447241026111558,0.5
3.37,TAKEOFF,0.07228507846593857,0.8155307769775391,0.28005823493003845,0.0,0.0,0.0,0.0567345917224884,-0.005535082425922155,0.06642098724842072,0.0,0.0,0.0,0.0,0.0,0.0,0.0,0.6367948718140412,0.3391616233415932,0.5,-0.6446634531021118,-0.17142558097839355,0.0667794942855835,0.0,0.0,0.0,0.049815740436315536,-0.14114460349082947,0.03044295310974121,0.0,0.0,0.0,0.0,0.0,0.0,0.0,0.771632671453172,1.115658850112759,0.5,0.8512914776802063,-0.9804102182388306,0.20287099480628967,0.0,0.0,0.0,0.0774911567568779,-0.19926296174526215,0.020756559446454048,0.0,0.0,0.0,0.0,0.0,0.0,0.0,0.5824650282692936,0.8446896398441025,0.5
3.39,TAKEOFF,0.07228507846593857,0.8155307769775391,0.28005823493003845,0.0,0.0,0.0,0.0567345917224884,-0.005535082425922155,0.06642098724842072,0.0,0.0,0.0,0.0,0.0,0.0,0.0,0.6369514924841874,0.3389031839831896,0.5,-0.6446634531021118,-0.17142558097839355,0.0667794942855835,0.0,0.0,0.0,0.049815740436315536,-0.14114460349082947,0.03044295310974121,0.0,0.0,0.0,0.0,0.0,0.0,0.0,0.7717025674018194,1.1157156347919028,0.5,0.8839156627655029,-0.9796715378761292,0.2301323562860489,0.0,0.0,0.0,-0.11485295742750168,-0.07195606827735901,-0.005535082425922155,0.0,0.0,0.0,0.0,0.0,0.0,0.0,0.582466616182994,0.8446942686707007,0.5
3.41,TAKEOFF,0.07228507846593857,0.8155307769775391,0.28005823493003845,0.0,0.0,0.0,0.0567345917224884,-0.005535082425922155,0.06642098724842072,0.0,0.0,0.0,0.0,0.0,0.0,0.0,0.6371434621980981,0.3385868152536787,0.5,-0.6446634531021118,-0.17142558097839355,0.0667794942855835,0.0,0.0,0.0,0.049815740436315536,-0.14114460349082947,0.03044295310974121,0.0,0.0,0.0,0.0,0.0,0.0,0.0,0.7717720524203733,1.115772068365744,0.5,0.8839156627655029,-0.9796715378761292,0.2301323562860489,0.0,0.0,0.0,-0.11485295742750168,-0.07195606827735901,-0.005535082425922155,0.0,0.0,0.0,0.0,0.0,0.0,0.0,0.5824681946066259,0.8446988697115047,0.5
3.431,TAKEOFF,0.05912656709551811,0.8539422750473022,0.30522575974464417,0.0,0.0,0.0,-0.006918853148818016,0.049815740436315536,0.06088590621948242,0.0,0.0,0.0,0.0,0.0,0.0,0.0,0.6373344734287261,0.3382724621317545,0.5,-0.6446634531021118,-0.17142558097839355,0.0667794942855835,0.0,0.0,0.0,0.049815740436315536,-0.14114460349082947,0.03044295310974121,0.0,0.0,0.0,0.0,0.0,0.0,0.0,0.7718411288718383,1.1158281530640612,0.5,0.8839156627655029,-0.9796715378761292,0.2301323562860489,0.0,0.0,0.0,-0.11485295742750168,-0.07195606827735901,-0.005535082425922155,0.0,0.0,0.0,0.0,0.0,0.0,0.0,0.582469763596682,0.8447034431333819,0.5
3.451,TAKEOFF,0.05912656709551811,0.8539422750473022,0.30522575974464417,0.0,0.0,0.0,-0.006918853148818016,0.049815740436315536,0.06088590621948242,0.0,0.0,0.0,0.0,0.0,0.0,0.0,0.6375245295427647,0.33796011123634295,0.5,-0.6446634531021118,-0.17142558097839355,0.0667794942855835,0.0,0.0,0.0,0.049815740436315536,-0.14114460349082947,0.03044295310974121,0.0,0.0,0.0,0.0,0.0,0.0,0.0,0.7720004200954339,1.1159574203636762,0.5,0.8839156627655029,-0.9796715378761292,0.2301323562860489,0.0,0.0,0.0,-0.11485295742750168,-0.07195606827735901,-0.005535082425922155,0.0,0.0,0.0,0.0,0.0,0.0,0.0,0.5824713232093214,0.8447079891021978,0.5
3.471,TAKEOFF,0.05912656709551811,0.8539422750473022,0.30522575974464417,0.0,0.0,0.0,-0.006918853148818016,0.049815740436315536,0.06088590621948242,0.0,0.0,0.0,0.0,0.0,0.0,0.0,0.6377136339164353,0.3376497492799213,0.5,-0.6446634531021118,-0.17142558097839355,0.0667794942855835,0.0,0.0,0.0,0.049815740436315536,-0.14114460349082947,0.03044295310974121,0.0,0.0,0.0,0.0,0.0,0.0,0.0,0.7721587993626954,1.1160858580787023,0.5,0.8839156627655029,-0.9796715378761292,0.2301323562860489,0.0,0.0,0.0,-0.11485295742750168,-0.07195606827735901,-0.005535082425922155,0.0,0.0,0.0,0.0,0.0,0.0,0.0,0.5824728735003716,0.8447125077828201,0.5
3.49,TAKEOFF,0.05912656709551811,0.8539422750473022,0.30522575974464417,0.0,0.0,0.0,-0.006918853148818016,0.049815740436315536,0.06088590621948242,0.0,0.0,0.0,0.0,0.0,0.0,0.0,0.6379017899350534,0.3373413630678374,0.5,-0.5734582543373108,-0.223195880651474,0.053210459649562836,0.0,0.0,0.0,0.09409639984369278,-0.1549823135137558,0.02214032970368862,0.0,0.0,0.0,0.0,0.0,0.0,0.0,0.7723162716033165,1.1162134718177716,0.5,0.7603709697723389,-0.9793376326560974,0.2829073667526245,0.0,0.0,0.0,-0.05950213596224785,0.012453935109078884,-0.009686394594609737,0.0,0.0,0.0,0.0,0.0,0.0,0.0,0.5824744145253301,0.8447169993391261,0.5
3.51,TAKEOFF,0.05912656709551811,0.8539422750473022,0.30522575974464417,0.0,0.0,0.0,-0.006918853148818016,0.049815740436315536,0.06088590621948242,0.0,0.0,0.0,0.0,0.0,0.0,0.0,0.6379521990115055,0.3372588138686445,0.5,-0.5734582543373108,-0.223195880651474,0.053210459649562836,0.0,0.0,0.0,0.09409639984369278,-0.1549823135137558,0.02214032970368862,0.0,0.0,0.0,0.0,0.0,0.0,0.0,0.7724728417242168,1.1163402671485831,0.5,0.7603709697723389,-0.9793376326560974,0.2829073667526245,0.0,0.0,0.0,-0.05950213596224785,0.012453935109078884,-0.009686394594609737,0.0,0.0,0.0,0.0,0.0,0.0,0.0,0.582429563914649,0.8445862278833846,0.5
3.531,TAKEOFF,0.08211313933134079,0.7627168297767639,0.2999113202095032,0.0,0.0,0.0,-0.004151311703026295,0.03736180439591408,0.058118365705013275,0.0,0.0,0.0,0.0,0.0,0.0,0.0,0.6380023188207444,0.3371767680189571,0.5,-0.5734582543373108,-0.223195880651474,0.053210459649562836,0.0,0.0,0.0,0.09409639984369278,-0.1549823135137558,0.02214032970368862,0.0,0.0,0.0,0.0,0.0,0.0,0.0,0.7726285146095926,1.1164662495982294,0.5,0.7603709697723389,-0.9793376326560974,0.2829073667526245,0.0,0.0,0.0,-0.05950213596224785,0.012453935109078884,-0.009686394594609737,0.0,0.0,0.0,0.0,0.0,0.0,0.0,0.5823850122698414,0.8444562308183823,0.5
3.551,TAKEOFF,0.08211313933134079,0.7627168297767639,0.2999113202095032,0.0,0.0,0.0,-0.004151311703026295,0.03736180439591408,0.058118365705013275,0.0,0.0,0.0,0.0,0.0,0.0,0.0,0.6380521509393261,0.3370952224044039,0.5,-0.5734582543373108,-0.223195880651474,0.053210459649562836,0.0,0.0,0.0,0.09409639984369278,-0.1549823135137558,0.02214032970368862,0.0,0.0,0.0,0.0,0.0,0.0,0.0,0.7725603324319299,1.116411081928919,0.5,0.7603709697723389,-0.9793376326560974,0.2829073667526245,0.0,0.0,0.0,-0.05950213596224785,0.012453935109078884,-0.009686394594609737,0.0,0.0,0.0,0.0,0.0,0.0,0.0,0.5823407574421569,0.8443270036270201,0.5
3.571,TAKEOFF,0.08211313933134079,0.7627168297767639,0.2999113202095032,0.0,0.0,0.0,-0.004151311703026295,0.03736180439591408,0.058118365705013275,0.0,0.0,0.0,0.0,0.0,0.0,0.0,0.6381016969362722,0.3370141739303905,0.5,-0.5874238610267639,-0.2725033462047577,0.08076713979244232,0.0,0.0,0.0,0.024907870218157768,-0.14391213655471802,0.0027675412129610777,0.0,0.0,0.0,0.0,0.0,0.0,0.0,0.7724925673398135,1.1163562353891228,0.5,0.7603709697723389,-0.9793376326560974,0.2829073667526245,0.0,0.0,0.0,-0.05950213596224785,0.012453935109078884,-0.009686394594609737,0.0,0.0,0.0,0.0,0.0,0.0,0.0,0.5822967972999408,0.8441985418176345,0.5
3.59,TAKEOFF,0.08211313933134079,0.7627168297767639,0.2999113202095032,0.0,0.0,0.0,-0.004151311703026295,0.03736180439591408,0.058118365705013275,0.0,0.0,0.0,0.0,0.0,0.0,0.0,0.6381509583730919,0.3369336195219682,0.5,-0.5874238610267639,-0.2725033462047577,0.08076713979244232,0.0,0.0,0.0,0.024907870218157768,-0.14391213655471802,0.0027675412129610777,0.0,0.0,0.0,0.0,0.0,0.0,0.0,0.7724252167365258,1.1163017081713733,0.5,0.7006532549858093,-0.9535196423530579,0.3337237536907196,0.0,0.0,0.0,-0.03736180439591408,0.06642098724842072,-0.0027675412129610777,0.0,0.0,0.0,0.0,0.0,0.0,0.0,0.5822308324101095,0.8440055987189106,0.5
3.61,TAKEOFF,0.08211313933134079,0.7627168297767639,0.2999113202095032,0.0,0.0,0.0,-0.004151311703026295,0.03736180439591408,0.058118365705013275,0.0,0.0,0.0,0.0,0.0,0.0,0.0,0.6381276283026587,0.33697176630064357,0.5,-0.5874238610267639,-0.2725033462047577,0.08076713979244232,0.0,0.0,0.0,0.024907870218157768,-0.14391213655471802,0.0027675412129610777,0.0,0.0,0.0,0.0,0.0,0.0,0.0,0.7723582780420313,1.1162474984776005,0.5,0.7006532549858093,-0.9535196423530579,0.3337237536907196,0.0,0.0,0.0,-0.03736180439591408,0.06642098724842072,-0.0027675412129610777,0.0,0.0,0.0,0.0,0.0,0.0,0.0,0.5821653282954341,0.8438137910732049,0.5
3.63,TAKEOFF,0.13178791105747223,0.8035398125648499,0.32137301564216614,0.0,0.0,0.0,-0.03044295310974121,0.006918853148818016,0.05396705120801926,0.0,0.0,0.0,0.0,0.0,0.0,0.0,0.6381044410300925,0.3370096859216151,0.5,-0.5874238610267639,-0.2725033462047577,0.08076713979244232,0.0,0.0,0.0,0.024907870218157768,-0.14391213655471802,0.0027675412129610777,0.0,0.0,0.0,0.0,0.0,0.0,0.0,0.7722917486928631,1.1161936045190932,0.5,0.7006532549858093,-0.9535196423530579,0.3337237536907196,0.0,0.0,0.0,-0.03736180439591408,0.06642098724842072,-0.0027675412129610777,0.0,0.0,0.0,0.0,0.0,0.0,0.0,0.5821002814211811,0.8436231123551586,0.5
3.651,TAKEOFF,0.13178791105747223,0.8035398125648499,0.32137301564216614,0.0,0.0,0.0,-0.03044295310974121,0.006918853148818016,0.05396705120801926,0.0,0.0,0.0,0.0,0.0,0.0,0.0,0.6380813956650242,0.3370473797270095,0.5,-0.5874238610267639,-0.2725033462047577,0.08076713979244232,0.0,0.0,0.0,0.024907870218157768,-0.14391213655471802,0.0027675412129610777,0.0,0.0,0.0,0.0,0.0,0.0,0.0,0.7723501103030366,1.116240882819033,0.5,0.7006532549858093,-0.9535196423530579,0.3337237536907196,0.0,0.0,0.0,-0.03736180439591408,0.06642098724842072,-0.0027675412129610777,0.0,0.0,0.0,0.0,0.0,0.0,0.0,0.5820356882828991,0.843433556074741,0.5
3.67,TAKEOFF,0.13178791105747223,0.8035398125648499,0.32137301564216614,0.0,0.0,0.0,-0.03044295310974121,0.006918853148818016,0.05396705120801926,0.0,0.0,0.0,0.0,0.0,0.0,0.0,0.6380584913228267,0.337084849051153,0.5,-0.8050304055213928,-0.19364695250988007,0.167965367436409,0.0,0.0,0.0,-0.12730689346790314,-0.11070165038108826,-0.02214032970368862,0.0,0.0,0.0,0.0,0.0,0.0,0.0,0.7724081276082908,1.1162878702086547,0.5,0.7006532549858093,-0.9535196423530579,0.3337237536907196,0.0,0.0,0.0,-0.03736180439591408,0.06642098724842072,-0.0027675412129610777,0.0,0.0,0.0,0.0,0.0,0.0,0.0,0.5819715454061312,0.8432451157770906,0.5
3.691,TAKEOFF,0.13178791105747223,0.8035398125648499,0.32137301564216614,0.0,0.0,0.0,-0.03044295310974121,0.006918853148818016,0.05396705120801926,0.0,0.0,0.0,0.0,0.0,0.0,0.0,0.6380357271245749,0.337122095220616,0.5,-0.8050304055213928,-0.19364695250988007,0.167965367436409,0.0,0.0,0.0,-0.12730689346790314,-0.11070165038108826,-0.02214032970368862,0.0,0.0,0.0,0.0,0.0,0.0,0.0,0.7724658026033993,1.1163345685193244,0.5,0.7277765274047852,-0.9403209686279297,0.351143479347229,0.0,0.0,0.0,0.03874557837843895,0.1190042719244957,-0.0,0.0,0.0,0.0,0.0,0.0,0.0,0.0,0.5820014208116676,0.8433329098731919,0.5
3.71,TAKEOFF,0.13178791105747223,0.8035398125648499,0.32137301564216614,0.0,0.0,0.0,-0.03044295310974121,0.006918853148818016,0.05396705120801926,0.0,0.0,0.0,0.0,0.0,0.0,0.0,0.6380388357665117,0.33711700858517213,0.5,-0.8050304055213928,-0.19364695250988007,0.167965367436409,0.0,0.0,0.0,-0.12730689346790314,-0.11070165038108826,-0.02214032970368862,0.0,0.0,0.0,0.0,0.0,0.0,0.0,0.7725231372720331,1.1163809795704063,0.5,0.7277765274047852,-0.9403209686279297,0.351143479347229,0.0,0.0,0.0,0.03874557837843895,0.1190042719244957,-0.0,0.0,0.0,0.0,0.0,0.0,0.0,0.0,0.5820311304122883,0.8434201726275131,0.5
3.731,TAKEOFF,0.1398564577102661,0.7628811001777649,0.36383628845214844,0.0,0.0,0.0,0.031826723366975784,-0.041513118892908096,0.05119951069355011,0.0,0.0,0.0,0.0,0.0,0.0,0.0,0.6380419258066814,0.3371119525001498,0.5,-0.8050304055213928,-0.19364695250988007,0.167965367436409,0.0,0.0,0.0,-0.12730689346790314,-0.11070165038108826,-0.02214032970368862,0.0,0.0,0.0,0.0,0.0,0.0,0.0,0.7725801335868162,1.1164271051693442,0.5,0.7277765274047852,-0.9403209686279297,0.351143479347229,0.0,0.0,0.0,0.03874557837843895,0.1190042719244957,-0.0,0.0,0.0,0.0,0.0,0.0,0.0,0.0,0.5820606750412416,0.8435069072808253,0.5
3.751,TAKEOFF,0.1398564577102661,0.7628811001777649,0.36383628845214844,0.0,0.0,0.0,0.031826723366975784,-0.041513118892908096,0.05119951069355011,0.0,0.0,0.0,0.0,0.0,0.0,0.0,0.638044997356095,0.3371069267818808,0.5,-0.8050304055213928,-0.19364695250988007,0.167965367436409,0.0,0.0,0.0,-0.12730689346790314,-0.11070165038108826,-0.02214032970368862,0.0,0.0,0.0,0.0,0.0,0.0,0.0,0.7725293839738652,1.1163860354222135,0.5,0.7277765274047852,-0.9403209686279297,0.351143479347229,0.0,0.0,0.0,0.03874557837843895,0.1190042719244957,-0.0,0.0,0.0,0.0,0.0,0.0,0.0,0.0,0.5820900555287218,0.8435931170538609,0.5
3.77,TAKEOFF,0.1398564577102661,0.7628811001777649,0.36383628845214844,0.0,0.0,0.0,0.031826723366975784,-0.041513118892908096,0.05119951069355011,0.0,0.0,0.0,0.0,0.0,0.0,0.0,0.6380480505251048,0.33710193124780335,0.5,-0.8919084668159485,-0.15377691388130188,0.20206902921199799,0.0,0.0,0.0,-0.023524099960923195,0.041513118892908096,-0.027675412595272064,0.0,0.0,0.0,0.0,0.0,0.0,0.0,0.7724789432875412,1.1163452066213488,0.5,0.7277765274047852,-0.9403209686279297,0.351143479347229,0.0,0.0,0.0,0.03874557837843895,0.1190042719244957,-0.0,0.0,0.0,0.0,0.0,0.0,0.0,0.0,0.5821192727018639,0.8436788051474402,0.5
3.79,TAKEOFF,0.1398564577102661,0.7628811001777649,0.36383628845214844,0.0,0.0,0.0,0.031826723366975784,-0.041513118892908096,0.05119951069355011,0.0,0.0,0.0,0.0,0.0,0.0,0.0,0.6380510854234078,0.33709696571645525,0.5,-0.8919084668159485,-0.15377691388130188,0.20206902921199799,0.0,0.0,0.0,-0.023524099960923195,0.041513118892908096,-0.027675412595272064,0.0,0.0,0.0,0.0,0.0,0.0,0.0,0.7724288096218817,1.1163046173870153,0.5,0.829835057258606,-0.9332438111305237,0.34064364433288574,0.0,0.0,0.0,0.02629164233803749,0.03321049362421036,0.004151311703026295,0.0,0.0,0.0,0.0,0.0,0.0,0.0,0.5821859753341675,0.8438742721270396,0.5
3.81,TAKEOFF,0.1398564577102661,0.7628811001777649,0.36383628845214844,0.0,0.0,0.0,0.031826723366975784,-0.041513118892908096,0.05119951069355011,0.0,0.0,0.0,0.0,0.0,0.0,0.0,0.6381667423837379,0.33690781485651045,0.5,-0.8919084668159485,-0.15377691388130188,0.20206902921199799,0.0,0.0,0.0,-0.023524099960923195,0.041513118892908096,-0.027675412595272064,0.0,0.0,0.0,0.0,0.0,0.0,0.0,0.7723789810829755,1.1162642663469593,0.5,0.829835057258606,-0.9332438111305237,0.34064364433288574,0.0,0.0,0.0,0.02629164233803749,0.03321049362421036,0.004151311703026295,0.0,0.0,0.0,0.0,0.0,0.0,0.0,0.5822523444269484,0.8440685435388839,0.5
3.831,TAKEOFF,0.12520790100097656,0.7405281066894531,0.38740718364715576,0.0,0.0,0.0,0.0013837706064805388,-0.05119951069355011,0.045664429664611816,0.0,0.0,0.0,0.0,0.0,0.0,0.0,0.638281774660591,0.3367198412674594,0.5,-0.8919084668159485,-0.15377691388130188,0.20206902921199799,0.0,0.0,0.0,-0.023524099960923195,0.041513118892908096,-0.027675412595272064,0.0,0.0,0.0,0.0,0.0,0.0,0.0,0.7723294557888848,1.1162241521363732,0.5,0.829835057258606,-0.9332438111305237,0.34064364433288574,0.0,0.0,0.0,0.02629164233803749,0.03321049362421036,0.004151311703026295,0.0,0.0,0.0,0.0,0.0,0.0,0.0,0.5823183811760287,0.8442616268062108,0.5
3.851,TAKEOFF,0.12520790100097656,0.7405281066894531,0.38740718364715576,0.0,0.0,0.0,0.0013837706064805388,-0.05119951069355011,0.045664429664611816,0.0,0.0,0.0,0.0,0.0,0.0,0.0,0.6383961851580823,0.3365330374039447,0.5,-0.8919084668159485,-0.15377691388130188,0.20206902921199799,0.0,0.0,0.0,-0.023524099960923195,0.041513118892908096,-0.027675412595272064,0.0,0.0,0.0,0.0,0.0,0.0,0.0,0.7722154081751973,1.1161317433728015,0.5,0.829835057258606,-0.9332438111305237,0.34064364433288574,0.0,0.0,0.0,0.02629164233803749,0.03321049362421036,0.004151311703026295,0.0,0.0,0.0,0.0,0.0,0.0,0.0,0.5823840867798218,0.8444535293051354,0.5
3.871,TAKEOFF,0.12520790100097656,0.7405281066894531,0.38740718364715576,0.0,0.0,0.0,0.0013837706064805388,-0.05119951069355011,0.045664429664611816,0.0,0.0,0.0,0.0,0.0,0.0,0.0,0.6385099767732658,0.33634739577118933,0.5,-0.9837996959686279,-0.1862460821866989,0.23748454451560974,0.0,0.0,0.0,0.10655033588409424,0.13145819306373596,-0.015221476554870605,0.0,0.0,0.0,0.0,0.0,0.0,0.0,0.7721020672547468,1.11603986141409,0.5,0.829835057258606,-0.9332438111305237,0.34064364433288574,0.0,0.0,0.0,0.02629164233803749,0.03321049362421036,0.004151311703026295,0.0,0.0,0.0,0.0,0.0,0.0,0.0,0.5824494624391973,0.8446442583649565,0.5
3.89,TAKEOFF,0.12520790100097656,0.7405281066894531,0.38740718364715576,0.0,0.0,0.0,0.0013837706064805388,-0.05119951069355011,0.045664429664611816,0.0,0.0,0.0,0.0,0.0,0.0,0.0,0.6386231523960487,0.3361629089246377,0.5,-0.9837996959686279,-0.1862460821866989,0.23748454451560974,0.0,0.0,0.0,0.10655033588409424,0.13145819306373596,-0.015221476554870605,0.0,0.0,0.0,0.0,0.0,0.0,0.0,0.7719894285259323,1.1159485034355714,0.5,0.8778424859046936,-1.012664794921875,0.3273217976093292,0.0,0.0,0.0,0.05119951069355011,-0.049815740436315536,0.004151311703026295,0.0,0.0,0.0,0.0,0.0,0.0,0.0,0.5825162668839764,0.8448389402781223,0.5
3.911,TAKEOFF,0.12520790100097656,0.7405281066894531,0.38740718364715576,0.0,0.0,0.0,0.0013837706064805388,-0.05119951069355011,0.045664429664611816,0.0,0.0,0.0,0.0,0.0,0.0,0.0,0.6388059704664509,0.33586521337290104,0.5,-0.9837996959686279,-0.1862460821866989,0.23748454451560974,0.0,0.0,0.0,0.10655033588409424,0.13145819306373596,-0.015221476554870605,0.0,0.0,0.0,0.0,0.0,0.0,0.0,0.7718774875171697,1.1158576666254103,0.5,0.8778424859046936,-1.012664794921875,0.3273217976093292,0.0,0.0,0.0,0.05119951069355011,-0.049815740436315536,0.004151311703026295,0.0,0.0,0.0,0.0,0.0,0.0,0.0,0.5825827366823214,0.8450324313776462,0.5
3.93,TAKEOFF,0.051935721188783646,0.7179151773452759,0.36220160126686096,0.0,0.0,0.0,-0.013837706297636032,-0.02214032970368862,0.035978034138679504,0.0,0.0,0.0,0.0,0.0,0.0,0.0,0.6389878633739564,0.3355694095338595,0.5,-0.9837996959686279,-0.1862460821866989,0.23748454451560974,0.0,0.0,0.0,0.10655033588409424,0.13145819306373596,-0.015221476554870605,0.0,0.0,0.0,0.0,0.0,0.0,0.0,0.7717662397866789,1.115767348184576,0.5,0.8778424859046936,-1.012664794921875,0.3273217976093292,0.0,0.0,0.0,0.05119951069355011,-0.049815740436315536,0.004151311703026295,0.0,0.0,0.0,0.0,0.0,0.0,0.0,0.5826488730426714,0.8452247390579621,0.5
3.951,TAKEOFF,0.051935721188783646,0.7179151773452759,0.36220160126686096,0.0,0.0,0.0,-0.013837706297636032,-0.02214032970368862,0.035978034138679504,0.0,0.0,0.0,0.0,0.0,0.0,0.0,0.6391688345543993,0.3352754848927567,0.5,-0.9837996959686279,-0.1862460821866989,0.23748454451560974,0.0,0.0,0.0,0.10655033588409424,0.13145819306373596,-0.015221476554870605,0.0,0.0,0.0,0.0,0.0,0.0,0.0,0.7715820953245409,1.1156177503285665,0.5,0.8778424859046936,-1.012664794921875,0.3273217976093292,0.0,0.0,0.0,0.05119951069355011,-0.049815740436315536,0.004151311703026295,0.0,0.0,0.0,0.0,0.0,0.0,0.0,0.5827146771759094,0.8454158706665542,0.5
3.97,TAKEOFF,0.051935721188783646,0.7179151773452759,0.36220160126686096,0.0,0.0,0.0,-0.013837706297636032,-0.02214032970368862,0.035978034138679504,0.0,0.0,0.0,0.0,0.0,0.0,0.0,0.639348887449329,0.33498342702206596,0.5,-1.0386124849319458,-0.22250282764434814,0.27156808972358704,0.0,0.0,0.0,0.031826723366975784,0.16743624210357666,-0.0027675412129610777,0.0,0.0,0.0,0.0,0.0,0.0,0.0,0.7713991143661465,1.1154689779107323,0.5,0.8778424859046936,-1.012664794921875,0.3273217976093292,0.0,0.0,0.0,0.05119951069355011,-0.049815740436315536,0.004151311703026295,0.0,0.0,0.0,0.0,0.0,0.0,0.0,0.5827801502952286,0.8456058335042606,0.5
3.99,TAKEOFF,0.051935721188783646,0.7179151773452759,0.36220160126686096,0.0,0.0,0.0,-0.013837706297636032,-0.02214032970368862,0.035978034138679504,0.0,0.0,0.0,0.0,0.0,0.0,0.0,0.6395280255056439,0.3346932235808537,0.5,-1.0386124849319458,-0.22250282764434814,0.27156808972358704,0.0,0.0,0.0,0.031826723366975784,0.16743624210357666,-0.0027675412129610777,0.0,0.0,0.0,0.0,0.0,0.0,0.0,0.771217289256955,1.1153210268644118,0.5,0.8474861979484558,-0.9299972653388977,0.3277862071990967,0.0,0.0,0.0,-0.08302623778581619,-0.12177181243896484,0.006918853148818016,0.0,0.0,0.0,0.0,0.0,0.0,0.0,0.5828384348173258,0.8457747659417303,0.5
4.01,TAKEOFF,0.051935721188783646,0.7179151773452759,0.36220160126686096,0.0,0.0,0.0,-0.013837706297636032,-0.02214032970368862,0.035978034138679504,0.0,0.0,0.0,0.0,0.0,0.0,0.0,0.6396552713801109,0.33448730933622994,0.5,-1.0386124849319458,-0.22250282764434814,0.27156808972358704,0.0,0.0,0.0,0.031826723366975784,0.16743624210357666,-0.0027675412129610777,0.0,0.0,0.0,0.0,0.0,0.0,0.0,0.7710366123959012,1.115173893136347,0.5,0.8474861979484558,-0.9299972653388977,0.3277862071990967,0.0,0.0,0.0,-0.08302623778581619,-0.12177181243896484,0.006918853148818016,0.0,0.0,0.0,0.0,0.0,0.0,0.0,0.5828964194927524,0.8459426675736039,0.5
4.031,TAKEOFF,0.09767530113458633,0.7363300323486328,0.39596012234687805,0.0,0.0,0.0,-0.035978034138679504,0.08856131881475449,0.03321049362421036,0.0,0.0,0.0,0.0,0.0,0.0,0.0,0.6397818360950193,0.33428268146737616,0.5,-1.0386124849319458,-0.22250282764434814,0.27156808972358704,0.0,0.0,0.0,0.031826723366975784,0.16743624210357666,-0.0027675412129610777,0.0,0.0,0.0,0.0,0.0,0.0,0.0,0.7708570762349929,1.115027572686741,0.5,0.8474861979484558,-0.9299972653388977,0.3277862071990967,0.0,0.0,0.0,-0.08302623778581619,-0.12177181243896484,0.006918853148818016,0.0,0.0,0.0,0.0,0.0,0.0,0.0,0.5829541055190213,0.8461095447760429,0.5
4.051,TAKEOFF,0.09767530113458633,0.7363300323486328,0.39596012234687805,0.0,0.0,0.0,-0.035978034138679504,0.08856131881475449,0.03321049362421036,0.0,0.0,0.0,0.0,0.0,0.0,0.0,0.6399077227323313,0.33407933167979675,0.5,-1.0386124849319458,-0.22250282764434814,0.27156808972358704,0.0,0.0,0.0,0.031826723366975784,0.16743624210357666,-0.0027675412129610777,0.0,0.0,0.0,0.0,0.0,0.0,0.0,0.7707346931739258,1.114927765398157,0.5,0.8474861979484558,-0.9299972653388977,0.3277862071990967,0.0,0.0,0.0,-0.08302623778581619,-0.12177181243896484,0.006918853148818016,0.0,0.0,0.0,0.0,0.0,0.0,0.0,0.583011494093743,0.8462754038849251,0.5
4.071,TAKEOFF,0.09767530113458633,0.7363300323486328,0.39596012234687805,0.0,0.0,0.0,-0.035978034138679504,0.08856131881475449,0.03321049362421036,0.0,0.0,0.0,0.0,0.0,0.0,0.0,0.6400329343678894,0.3338772517350661,0.5,-1.0473146438598633,-0.2917310893535614,0.2776775658130646,0.0,0.0,0.0,0.009686394594609737,0.18404148519039154,0.005535082425922155,0.0,0.0,0.0,0.0,0.0,0.0,0.0,0.7706130704489365,1.1148285250345726,0.5,0.8474861979484558,-0.9299972653388977,0.3277862071990967,0.0,0.0,0.0,-0.08302623778581619,-0.12177181243896484,0.006918853148818016,0.0,0.0,0.0,0.0,0.0,0.0,0.0,0.5830685864145373,0.8464402511961059,0.5
4.09,TAKEOFF,0.09767530113458633,0.7363300323486328,0.39596012234687805,0.0,0.0,0.0,-0.035978034138679504,0.08856131881475449,0.03321049362421036,0.0,0.0,0.0,0.0,0.0,0.0,0.0,0.640157474071299,0.3336764334504274,0.5,-1.0473146438598633,-0.2917310893535614,0.2776775658130646,0.0,0.0,0.0,0.009686394594609737,0.18404148519039154,0.005535082425922155,0.0,0.0,0.0,0.0,0.0,0.0,0.0,0.7704922031947428,1.1147298485830448,0.5,0.79474937915802,-0.9258456230163574,0.39064228534698486,0.0,0.0,0.0,0.023524099960923195,-0.03874557837843895,0.020756559446454048,0.0,0.0,0.0,0.0,0.0,0.0,0.0,0.5830952457782816,0.8465171739080664,0.5
4.111,TAKEOFF,0.09767530113458633,0.7363300323486328,0.39596012234687805,0.0,0.0,0.0,-0.035978034138679504,0.08856131881475449,0.03321049362421036,0.0,0.0,0.0,0.0,0.0,0.0,0.0,0.6402195318372021,0.3335764321677054,0.5,-1.0473146438598633,-0.2917310893535614,0.2776775658130646,0.0,0.0,0.0,0.009686394594609737,0.18404148519039154,0.005535082425922155,0.0,0.0,0.0,0.0,0.0,0.0,0.0,0.7703720865787339,1.1146317330439408,0.5,0.79474937915802,-0.9258456230163574,0.39064228534698486,0.0,0.0,0.0,0.023524099960923195,-0.03874557837843895,0.020756559446454048,0.0,0.0,0.0,0.0,0.0,0.0,0.0,0.58312175552917,0.8465936314982505,0.5
4.13,TAKEOFF,0.05491463467478752,0.7569780945777893,0.4125159680843353,0.0,0.0,0.0,-0.020756559446454048,-0.029059182852506638,0.03736180439591408,0.0,0.0,0.0,0.0,0.0,0.0,0.0,0.6402812366947405,0.3334770429580868,0.5,-1.0473146438598633,-0.2917310893535614,0.2776775658130646,0.0,0.0,0.0,0.009686394594609737,0.18404148519039154,0.005535082425922155,0.0,0.0,0.0,0.0,0.0,0.0,0.0,0.7702527158007344,1.1145341754309175,0.5,0.79474937915802,-0.9258456230163574,0.39064228534698486,0.0,0.0,0.0,0.023524099960923195,-0.03874557837843895,0.020756559446454048,0.0,0.0,0.0,0.0,0.0,0.0,0.0,0.5831481164406539,0.8466696267989078,0.5
4.151,TAKEOFF,0.05491463467478752,0.7569780945777893,0.4125159680843353,0.0,0.0,0.0,-0.020756559446454048,-0.029059182852506638,0.03736180439591408,0.0,0.0,0.0,0.0,0.0,0.0,0.0,0.6403425905264802,0.3333782620085269,0.5,-1.0473146438598633,-0.2917310893535614,0.2776775658130646,0.0,0.0,0.0,0.009686394594609737,0.18404148519039154,0.005535082425922155,0.0,0.0,0.0,0.0,0.0,0.0,0.0,0.7701773532394882,1.1144725578630448,0.5,0.79474937915802,-0.9258456230163574,0.39064228534698486,0.0,0.0,0.0,0.023524099960923195,-0.03874557837843895,0.020756559446454048,0.0,0.0,0.0,0.0,0.0,0.0,0.0,0.5831743292830392,0.8467451626248221,0.5
4.17,TAKEOFF,0.05491463467478752,0.7569780945777893,0.4125159680843353,0.0,0.0,0.0,-0.020756559446454048,-0.029059182852506638,0.03736180439591408,0.0,0.0,0.0,0.0,0.0,0.0,0.0,0.6404035952065437,0.333280085530474,0.5,-1.0251630544662476,-0.38244864344596863,0.3761594891548157,0.0,0.0,0.0,-0.07057230174541473,0.15359853208065033,0.020756559446454048,0.0,0.0,0.0,0.0,0.0,0.0,0.0,0.770102452761833,1.1144112978841327,0.5,0.79474937915802,-0.9258456230163574,0.39064228534698486,0.0,0.0,0.0,0.023524099960923195,-0.03874557837843895,0.020756559446454048,0.0,0.0,0.0,0.0,0.0,0.0,0.0,0.5832003948234862,0.8468202417734215,0.5
4.19,TAKEOFF,0.05491463467478752,0.7569780945777893,0.4125159680843353,0.0,0.0,0.0,-0.020756559446454048,-0.029059182852506638,0.03736180439591408,0.0,0.0,0.0,0.0,0.0,0.0,0.0,0.6404642526006245,0.3331825097597045,0.5,-1.0251630544662476,-0.38244864344596863,0.3761594891548157,0.0,0.0,0.0,-0.07057230174541473,0.15359853208065033,0.020756559446454048,0.0,0.0,0.0,0.0,0.0,0.0,0.0,0.7700280114786555,1.1143503934951873,0.5,0.8474408388137817,-0.8731104135513306,0.39103683829307556,0.0,0.0,0.0,0.06503721326589584,0.05950213596224785,0.02629164233803749,0.0,0.0,0.0,0.0,0.0,0.0,0.0,0.5831811245967095,0.84676473893091,0.5
4.211,TAKEOFF,0.05491463467478752,0.7569780945777893,0.4125159680843353,0.0,0.0,0.0,-0.020756559446454048,-0.029059182852506638,0.03736180439591408,0.0,0.0,0.0,0.0,0.0,0.0,0.0,0.640573316081078,0.33300717088336074,0.5,-1.0251630544662476,-0.38244864344596863,0.3761594891548157,0.0,0.0,0.0,-0.07057230174541473,0.15359853208065033,0.020756559446454048,0.0,0.0,0.0,0.0,0.0,0.0,0.0,0.7699540265195381,1.114289842707428,0.5,0.8474408388137817,-0.8731104135513306,0.39103683829307556,0.0,0.0,0.0,0.06503721326589584,0.05950213596224785,0.02629164233803749,0.0,0.0,0.0,0.0,0.0,0.0,0.0,0.5831619753774929,0.8467095672356942,0.5
4.23,TAKEOFF,0.05028468370437622,0.7705696821212769,0.4497365355491638,0.0,0.0,0.0,-0.01107016485184431,0.020756559446454048,0.031826723366975784,0.0,0.0,0.0,0.0,0.0,0.0,0.0,0.640681784975459,0.3328329212477822,0.5,-1.0251630544662476,-0.38244864344596863,0.3761594891548157,0.0,0.0,0.0,-0.07057230174541473,0.15359853208065033,0.020756559446454048,0.0,0.0,0.0,0.0,0.0,0.0,0.0,0.7698804950326299,1.114229643542247,0.5,0.8474408388137817,-0.8731104135513306,0.39103683829307556,0.0,0.0,0.0,0.06503721326589584,0.05950213596224785,0.02629164233803749,0.0,0.0,0.0,0.0,0.0,0.0,0.0,0.5831429463755303,0.8466547247237786,0.5
4.251,TAKEOFF,0.05028468370437622,0.7705696821212769,0.4497365355491638,0.0,0.0,0.0,-0.01107016485184431,0.020756559446454048,0.031826723366975784,0.0,0.0,0.0,0.0,0.0,0.0,0.0,0.6407896621233192,0.33265975389258196,0.5,-1.0251630544662476,-0.38244864344596863,0.3761594891548157,0.0,0.0,0.0,-0.07057230174541473,0.15359853208065033,0.020756559446454048,0.0,0.0,0.0,0.0,0.0,0.0,0.0,0.7698403361264141,1.1141967578123766,0.5,0.8474408388137817,-0.8731104135513306,0.39103683829307556,0.0,0.0,0.0,0.06503721326589584,0.05950213596224785,0.02629164233803749,0.0,0.0,0.0,0.0,0.0,0.0,0.0,0.583124036806023,0.8466002094426678,0.5
4.271,TAKEOFF,0.05028468370437622,0.7705696821212769,0.4497365355491638,0.0,0.0,0.0,-0.01107016485184431,0.020756559446454048,0.031826723366975784,0.0,0.0,0.0,0.0,0.0,0.0,0.0,0.6408969503561007,0.33248766190385376,0.5,-1.01777982711792,-0.369658887386322,0.5198343396186829,0.0,0.0,0.0,-0.15083099901676178,0.06088590621948242,0.031826723366975784,0.0,0.0,0.0,0.0,0.0,0.0,0.0,0.769800420993163,1.1141640659540806,0.5,0.8474408388137817,-0.8731104135513306,0.39103683829307556,0.0,0.0,0.0,0.06503721326589584,0.05950213596224785,0.02629164233803749,0.0,0.0,0.0,0.0,0.0,0.0,0.0,0.5831052458896374,0.8465460194513021,0.5
4.29,TAKEOFF,0.05028468370437622,0.7705696821212769,0.4497365355491638,0.0,0.0,0.0,-0.01107016485184431,0.020756559446454048,0.031826723366975784,0.0,0.0,0.0,0.0,0.0,0.0,0.0,0.6410036524970742,0.33231663841384307,0.5,-1.01777982711792,-0.369658887386322,0.5198343396186829,0.0,0.0,0.0,-0.15083099901676178,0.06088590621948242,0.031826723366975784,0.0,0.0,0.0,0.0,0.0,0.0,0.0,0.769760748136798,1.1141315668455578,0.5,0.7947928309440613,-0.9185859560966492,0.423330157995224,0.0,0.0,0.0,0.09132885932922363,-0.08164246380329132,0.015221476554870605,0.0,0.0,0.0,0.0,0.0,0.0,0.0,0.5830907011215095,0.8465040631770712,0.5
4.311,TAKEOFF,0.05028468370437622,0.7705696821212769,0.4497365355491638,0.0,0.0,0.0,-0.01107016485184431,0.020756559446454048,0.031826723366975784,0.0,0.0,0.0,0.0,0.0,0.0,0.0,0.6410590450649227,0.3322279049542397,0.5,-1.01777982711792,-0.369658887386322,0.5198343396186829,0.0,0.0,0.0,-0.15083099901676178,0.06088590621948242,0.031826723366975784,0.0,0.0,0.0,0.0,0.0,0.0,0.0,0.7697213160706122,1.1140992593712393,0.5,0.7947928309440613,-0.9185859560966492,0.423330157995224,0.0,0.0,0.0,0.09132885932922363,-0.08164246380329132,0.015221476554870605,0.0,0.0,0.0,0.0,0.0,0.0,0.0,0.583076246699312,0.846462357573813,0.5
4.33,TAKEOFF,0.02790762484073639,0.7189109325408936,0.4733216464519501,0.0,0.0,0.0,0.062269676476716995,0.015221476554870605,0.029059182852506638,0.0,0.0,0.0,0.0,0.0,0.0,0.0,0.6411141206073514,0.33213971346711024,0.5,-1.01777982711792,-0.369658887386322,0.5198343396186829,0.0,0.0,0.0,-0.15083099901676178,0.06088590621948242,0.031826723366975784,0.0,0.0,0.0,0.0,0.0,0.0,0.0,0.7696821233172098,1.1140671424217556,0.5,0.7947928309440613,-0.9185859560966492,0.423330157995224,0.0,0.0,0.0,0.09132885932922363,-0.08164246380329132,0.015221476554870605,0.0,0.0,0.0,0.0,0.0,0.0,0.0,0.58306188204423,0.8464209011504873,0.5
4.351,TAKEOFF,0.02790762484073639,0.7189109325408936,0.4733216464519501,0.0,0.0,0.0,0.062269676476716995,0.015221476554870605,0.029059182852506638,0.0,0.0,0.0,0.0,0.0,0.0,0.0,0.6411688808414657,0.33205206058872855,0.5,-1.01777982711792,-0.369658887386322,0.5198343396186829,0.0,0.0,0.0,-0.15083099901676178,0.06088590621948242,0.031826723366975784,0.0,0.0,0.0,0.0,0.0,0.0,0.0,0.7695099173427826,1.1139259606871597,0.5,0.7947928309440613,-0.9185859560966492,0.423330157995224,0.0,0.0,0.0,0.09132885932922363,-0.08164246380329132,0.015221476554870605,0.0,0.0,0.0,0.0,0.0,0.0,0.0,0.5830476065813593,0.8463796924248406,0.5
4.37,TAKEOFF,0.02790762484073639,0.7189109325408936,0.4733216464519501,0.0,0.0,0.0,0.062269676476716995,0.015221476554870605,0.029059182852506638,0.0,0.0,0.0,0.0,0.0,0.0,0.0,0.6412233274763113,0.33196494297684215,0.5,-1.01777982711792,-0.369658887386322,0.5198343396186829,0.0,0.0,0.0,-0.15083099901676178,0.06088590621948242,0.031826723366975784,0.0,0.0,0.0,0.0,0.0,0.0,0.0,0.769338796542941,1.1137855627147353,0.5,0.7947928309440613,-0.9185859560966492,0.423330157995224,0.0,0.0,0.0,0.09132885932922363,-0.08164246380329132,0.015221476554870605,0.0,0.0,0.0,0.0,0.0,0.0,0.0,0.5830334197396781,0.8463387299233551,0.5
4.391,TAKEOFF,0.02790762484073639,0.7189109325408936,0.4733216464519501,0.0,0.0,0.0,0.062269676476716995,0.015221476554870605,0.029059182852506638,0.0,0.0,0.0,0.0,0.0,0.0,0.0,0.6412774622128949,0.3318783573105289,0.5,-0.9528782963752747,-0.3231073319911957,0.639227032661438,0.0,0.0,0.0,-0.1397608369588852,0.019372789189219475,0.02629164233803749,0.0,0.0,0.0,0.0,0.0,0.0,0.0,0.7691687538083216,1.113645944578504,0.5,0.8649308085441589,-0.9985933899879456,0.44788026809692383,0.0,0.0,0.0,0.013837706297636032,0.01660524681210518,0.03044295310974121,0.0,0.0,0.0,0.0,0.0,0.0,0.0,0.5830193209520188,0.8462980121811994,0.5
4.41,TAKEOFF,0.02790762484073639,0.7189109325408936,0.4733216464519501,0.0,0.0,0.0,0.062269676476716995,0.015221476554870605,0.029059182852506638,0.0,0.0,0.0,0.0,0.0,0.0,0.0,0.6414295821902438,0.3316352247361369,0.5,-0.9528782963752747,-0.3231073319911957,0.639227032661438,0.0,0.0,0.0,-0.1397608369588852,0.019372789189219475,0.02629164233803749,0.0,0.0,0.0,0.0,0.0,0.0,0.0,0.7689997820789565,1.1135071023664227,0.5,0.8649308085441589,-0.9985933899879456,0.44788026809692383,0.0,0.0,0.0,0.013837706297636032,0.01660524681210518,0.03044295310974121,0.0,0.0,0.0,0.0,0.0,0.0,0.0,0.5830126788459822,0.8462788262920653,0.5
4.43,TAKEOFF,0.005057166796177626,0.6934912800788879,0.5001581311225891,0.0,0.0,0.0,-0.024907870218157768,0.017989017069339752,0.02629164233803749,0.0,0.0,0.0,0.0,0.0,0.0,0.0,0.6415809046038654,0.33139362304471015,0.5,-0.9528782963752747,-0.3231073319911957,0.639227032661438,0.0,0.0,0.0,-0.1397608369588852,0.019372789189219475,0.02629164233803749,0.0,0.0,0.0,0.0,0.0,0.0,0.0,0.7688318743439024,1.1133690321804184,0.5,0.8649308085441589,-0.9985933899879456,0.44788026809692383,0.0,0.0,0.0,0.013837706297636032,0.01660524681210518,0.03044295310974121,0.0,0.0,0.0,0.0,0.0,0.0,0.0,0.5830060772359759,0.8462597552955368,0.5
4.451,TAKEOFF,0.005057166796177626,0.6934912800788879,0.5001581311225891,0.0,0.0,0.0,-0.024907870218157768,0.017989017069339752,0.02629164233803749,0.0,0.0,0.0,0.0,0.0,0.0,0.0,0.6417314328275597,0.3311535422425481,0.5,-0.9528782963752747,-0.3231073319911957,0.639227032661438,0.0,0.0,0.0,-0.1397608369588852,0.019372789189219475,0.02629164233803749,0.0,0.0,0.0,0.0,0.0,0.0,0.0,0.768600077035342,1.11317825808489,0.5,0.8649308085441589,-0.9985933899879456,0.44788026809692383,0.0,0.0,0.0,0.013837706297636032,0.01660524681210518,0.03044295310974121,0.0,0.0,0.0,0.0,0.0,0.0,0.0,0.5829995158713337,0.8462407985049443,0.5
4.47,TAKEOFF,0.005057166796177626,0.6934912800788879,0.5001581311225891,0.0,0.0,0.0,-0.024907870218157768,0.017989017069339752,0.02629164233803749,0.0,0.0,0.0,0.0,0.0,0.0,0.0,0.6418811702323522,0.3309149724046015,0.5,-0.8208310008049011,-0.17492982745170593,0.5850974917411804,0.0,0.0,0.0,-0.024907870218157768,-0.017989017069339752,0.015221476554870605,0.0,0.0,0.0,0.0,0.0,0.0,0.0,0.7683697651350413,1.1129885137202828,0.5,0.8649308085441589,-0.9985933899879456,0.44788026809692383,0.0,0.0,0.0,0.013837706297636032,0.01660524681210518,0.03044295310974121,0.0,0.0,0.0,0.0,0.0,0.0,0.0,0.582992994502985,0.8462219552377057,0.5
4.49,TAKEOFF,0.005057166796177626,0.6934912800788879,0.5001581311225891,0.0,0.0,0.0,-0.024907870218157768,0.017989017069339752,0.02629164233803749,0.0,0.0,0.0,0.0,0.0,0.0,0.0,0.6420301201862928,0.3306779036739739,0.5,-0.8208310008049011,-0.17492982745170593,0.5850974917411804,0.0,0.0,0.0,-0.024907870218157768,-0.017989017069339752,0.015221476554870605,0.0,0.0,0.0,0.0,0.0,0.0,0.0,0.7681409286549215,1.1127997943295505,0.5,0.7938171029090881,-1.0310708284378052,0.46171334385871887,0.0,0.0,0.0,-0.08025868982076645,-0.031826723366975784,0.03321049362421036,0.0,0.0,0.0,0.0,0.0,0.0,0.0,0.5830300778984164,0.8463290794358398,0.5
4.51,TAKEOFF,0.005057166796177626,0.6934912800788879,0.5001581311225891,0.0,0.0,0.0,-0.024907870218157768,0.017989017069339752,0.02629164233803749,0.0,0.0,0.0,0.0,0.0,0.0,0.0,0.6421062695054598,0.33055679922036313,0.5,-0.8208310008049011,-0.17492982745170593,0.5850974917411804,0.0,0.0,0.0,-0.024907870218157768,-0.017989017069339752,0.015221476554870605,0.0,0.0,0.0,0.0,0.0,0.0,0.0,0.767913557678668,1.1126120951663796,0.5,0.7938171029090881,-1.0310708284378052,0.46171334385871887,0.0,0.0,0.0,-0.08025868982076645,-0.031826723366975784,0.03321049362421036,0.0,0.0,0.0,0.0,0.0,0.0,0.0,0.5830669588505842,0.8464355539434625,0.5
4.53,TAKEOFF,0.08871865272521973,0.8111821413040161,0.48031365871429443,0.0,0.0,0.0,-0.0982477143406868,0.07610738277435303,0.02629164233803749,0.0,0.0,0.0,0.0,0.0,0.0,0.0,0.6421819905417472,0.3304364393898173,0.5,-0.8208310008049011,-0.17492982745170593,0.5850974917411804,0.0,0.0,0.0,-0.024907870218157768,-0.017989017069339752,0.015221476554870605,0.0,0.0,0.0,0.0,0.0,0.0,0.0,0.767687642361178,1.1124254114953518,0.5,0.7938171029090881,-1.0310708284378052,0.46171334385871887,0.0,0.0,0.0,-0.08025868982076645,-0.031826723366975784,0.03321049362421036,0.0,0.0,0.0,0.0,0.0,0.0,0.0,0.583103638332896,0.8465413827380893,0.5
4.551,TAKEOFF,0.08871865272521973,0.8111821413040161,0.48031365871429443,0.0,0.0,0.0,-0.0982477143406868,0.07610738277435303,0.02629164233803749,0.0,0.0,0.0,0.0,0.0,0.0,0.0,0.6422572855183112,0.3303168195059893,0.5,-0.8208310008049011,-0.17492982745170593,0.5850974917411804,0.0,0.0,0.0,-0.024907870218157768,-0.017989017069339752,0.015221476554870605,0.0,0.0,0.0,0.0,0.0,0.0,0.0,0.7677759820571337,1.1124984325461131,0.5,0.7938171029090881,-1.0310708284378052,0.46171334385871887,0.0,0.0,0.0,-0.08025868982076645,-0.031826723366975784,0.03321049362421036,0.0,0.0,0.0,0.0,0.0,0.0,0.0,0.583140117315827,0.8466465697724873,0.5
4.571,TAKEOFF,0.08871865272521973,0.8111821413040161,0.48031365871429443,0.0,0.0,0.0,-0.0982477143406868,0.07610738277435303,0.02629164233803749,0.0,0.0,0.0,0.0,0.0,0.0,0.0,0.6423321566491884,0.3301979349229653,0.5,-0.6866462230682373,-0.20668533444404602,0.5220059156417847,0.0,0.0,0.0,0.08025868982076645,-0.09409639984369278,0.0013837706064805388,0.0,0.0,0.0,0.0,0.0,0.0,0.0,0.767863805536553,1.1125709987461327,0.5,0.7938171029090881,-1.0310708284378052,0.46171334385871887,0.0,0.0,0.0,-0.08025868982076645,-0.031826723366975784,0.03321049362421036,0.0,0.0,0.0,0.0,0.0,0.0,0.0,0.5831763967669036,0.8467511189748342,0.5
4.59,TAKEOFF,0.08871865272521973,0.8111821413040161,0.48031365871429443,0.0,0.0,0.0,-0.0982477143406868,0.07610738277435303,0.02629164233803749,0.0,0.0,0.0,0.0,0.0,0.0,0.0,0.6424066061393001,0.3300797810250555,0.5,-0.6866462230682373,-0.20668533444404602,0.5220059156417847,0.0,0.0,0.0,0.08025868982076645,-0.09409639984369278,0.0013837706064805388,0.0,0.0,0.0,0.0,0.0,0.0,0.0,0.7679511157282348,1.1126431130220134,0.5,0.6880418658256531,-0.9574233293533325,0.5090680122375488,0.0,0.0,0.0,-0.07333984225988388,0.005535082425922155,0.02629164233803749,0.0,0.0,0.0,0.0,0.0,0.0,0.0,0.5831652137867313,0.8467188987834112,0.5
4.61,TAKEOFF,0.08871865272521973,0.8111821413040161,0.48031365871429443,0.0,0.0,0.0,-0.0982477143406868,0.07610738277435303,0.02629164233803749,0.0,0.0,0.0,0.0,0.0,0.0,0.0,0.6423442350963552,0.3301787618682972,0.5,-0.6866462230682373,-0.20668533444404602,0.5220059156417847,0.0,0.0,0.0,0.08025868982076645,-0.09409639984369278,0.0013837706064805388,0.0,0.0,0.0,0.0,0.0,0.0,0.0,0.7680379155454778,1.1127147782804832,0.5,0.6880418658256531,-0.9574233293533325,0.5090680122375488,0.0,0.0,0.0,-0.07333984225988388,0.005535082425922155,0.02629164233803749,0.0,0.0,0.0,0.0,0.0,0.0,0.0,0.5831540997194951,0.8466868712832252,0.5
4.63,TAKEOFF,0.1235751137137413,0.8375639915466309,0.42913907766342163,0.0,0.0,0.0,0.02629164233803749,-0.02214032970368862,0.03321049362421036,0.0,0.0,0.0,0.0,0.0,0.0,0.0,0.6422822574075889,0.3302771608770087,0.5,-0.6866462230682373,-0.20668533444404602,0.5220059156417847,0.0,0.0,0.0,0.08025868982076645,-0.09409639984369278,0.0013837706064805388,0.0,0.0,0.0,0.0,0.0,0.0,0.0,0.7681242078861459,1.1127859974085392,0.5,0.6880418658256531,-0.9574233293533325,0.5090680122375488,0.0,0.0,0.0,-0.07333984225988388,0.005535082425922155,0.02629164233803749,0.0,0.0,0.0,0.0,0.0,0.0,0.0,0.5831430541300373,0.846655035325766,0.5
4.65,TAKEOFF,0.1235751137137413,0.8375639915466309,0.42913907766342163,0.0,0.0,0.0,0.02629164233803749,-0.02214032970368862,0.03321049362421036,0.0,0.0,0.0,0.0,0.0,0.0,0.0,0.6422206704863368,0.33037498139436156,0.5,-0.6866462230682373,-0.20668533444404602,0.5220059156417847,0.0,0.0,0.0,0.08025868982076645,-0.09409639984369278,0.0013837706064805388,0.0,0.0,0.0,0.0,0.0,0.0,0.0,0.7682933656065594,1.1129255288488984,0.5,0.6880418658256531,-0.9574233293533325,0.5090680122375488,0.0,0.0,0.0,-0.07333984225988388,0.005535082425922155,0.02629164233803749,0.0,0.0,0.0,0.0,0.0,0.0,0.0,0.5831320765860699,0.8466233897693222,0.5
4.67,TAKEOFF,0.1235751137137413,0.8375639915466309,0.42913907766342163,0.0,0.0,0.0,0.02629164233803749,-0.02214032970368862,0.03321049362421036,0.0,0.0,0.0,0.0,0.0,0.0,0.0,0.6421594717641234,0.33047222674530174,0.5,-0.7414534687995911,-0.1992187201976776,0.43310338258743286,0.0,0.0,0.0,0.09548017382621765,-0.16466869413852692,0.0,0.0,0.0,0.0,0.0,0.0,0.0,0.0,0.7684615589053707,1.1130641618254216,0.5,0.6880418658256531,-0.9574233293533325,0.5090680122375488,0.0,0.0,0.0,-0.07333984225988388,0.005535082425922155,0.02629164233803749,0.0,0.0,0.0,0.0,0.0,0.0,0.0,0.5831211666581543,0.8465919334789399,0.5
4.691,TAKEOFF,0.1235751137137413,0.8375639915466309,0.42913907766342163,0.0,0.0,0.0,0.02629164233803749,-0.02214032970368862,0.03321049362421036,0.0,0.0,0.0,0.0,0.0,0.0,0.0,0.6420986586905207,0.33056890023663654,0.5,-0.7414534687995911,-0.1992187201976776,0.43310338258743286,0.0,0.0,0.0,0.09548017382621765,-0.16466869413852692,0.0,0.0,0.0,0.0,0.0,0.0,0.0,0.0,0.7686287929426352,1.1132019024438573,0.5,0.7265880107879639,-0.9300783276557922,0.5314518809318542,0.0,0.0,0.0,0.02629164233803749,0.1605173796415329,0.015221476554870605,0.0,0.0,0.0,0.0,0.0,0.0,0.0,0.5831273541047335,0.8466097742628782,0.5
4.711,TAKEOFF,0.1235751137137413,0.8375639915466309,0.42913907766342163,0.0,0.0,0.0,0.02629164233803749,-0.02214032970368862,0.03321049362421036,0.0,0.0,0.0,0.0,0.0,0.0,0.0,0.6420727788757782,0.3306100533187904,0.5,-0.7414534687995911,-0.1992187201976776,0.43310338258743286,0.0,0.0,0.0,0.09548017382621765,-0.16466869413852692,0.0,0.0,0.0,0.0,0.0,0.0,0.0,0.0,0.7687950728553294,1.1133387567650979,0.5,0.7265880107879639,-0.9300783276557922,0.5314518809318542,0.0,0.0,0.0,0.02629164233803749,0.1605173796415329,0.015221476554870605,0.0,0.0,0.0,0.0,0.0,0.0,0.0,0.5831335049830744,0.8466275078091209,0.5
4.731,TAKEOFF,0.18632079660892487,0.8388573527336121,0.3868725895881653,0.0,0.0,0.0,0.07472360879182816,-0.10239902138710022,0.035978034138679504,0.0,0.0,0.0,0.0,0.0,0.0,0.0,0.6420470576444326,0.33065096156036156,0.5,-0.7414534687995911,-0.1992187201976776,0.43310338258743286,0.0,0.0,0.0,0.09548017382621765,-0.16466869413852692,0.0,0.0,0.0,0.0,0.0,0.0,0.0,0.0,0.7689604037573897,1.1134747308055408,0.5,0.7265880107879639,-0.9300783276557922,0.5314518809318542,0.0,0.0,0.0,0.02629164233803749,0.1605173796415329,0.015221476554870605,0.0,0.0,0.0,0.0,0.0,0.0,0.0,0.5831396195059231,0.8466451347633863,0.5
4.751,TAKEOFF,0.18632079660892487,0.8388573527336121,0.3868725895881653,0.0,0.0,0.0,0.07472360879182816,-0.10239902138710022,0.035978034138679504,0.0,0.0,0.0,0.0,0.0,0.0,0.0,0.6420214940056137,0.33069162640527056,0.5,-0.7414534687995911,-0.1992187201976776,0.43310338258743286,0.0,0.0,0.0,0.09548017382621765,-0.16466869413852692,0.0,0.0,0.0,0.0,0.0,0.0,0.0,0.0,0.7691603460427765,1.1136390384488157,0.5,0.7265880107879639,-0.9300783276557922,0.5314518809318542,0.0,0.0,0.0,0.02629164233803749,0.1605173796415329,0.015221476554870605,0.0,0.0,0.0,0.0,0.0,0.0,0.0,0.5831456978848291,0.846662655767491,0.5
4.77,TAKEOFF,0.18632079660892487,0.8388573527336121,0.3868725895881653,0.0,0.0,0.0,0.07472360879182816,-0.10239902138710022,0.035978034138679504,0.0,0.0,0.0,0.0,0.0,0.0,0.0,0.6419960869748648,0.33073204928907934,0.5,-0.75043123960495,-0.2921627461910248,0.3460763990879059,0.0,0.0,0.0,0.09132885932922363,-0.06365344673395157,0.019372789189219475,0.0,0.0,0.0,0.0,0.0,0.0,0.0,0.7693591588890426,1.1138022747662444,0.5,0.7265880107879639,-0.9300783276557922,0.5314518809318542,0.0,0.0,0.0,0.02629164233803749,0.1605173796415329,0.015221476554870605,0.0,0.0,0.0,0.0,0.0,0.0,0.0,0.5831517403301517,0.8466800714593734,0.5
4.79,TAKEOFF,0.18632079660892487,0.8388573527336121,0.3868725895881653,0.0,0.0,0.0,0.07472360879182816,-0.10239902138710022,0.035978034138679504,0.0,0.0,0.0,0.0,0.0,0.0,0.0,0.641970835574098,0.3307722316390384,0.5,-0.75043123960495,-0.2921627461910248,0.3460763990879059,0.0,0.0,0.0,0.09132885932922363,-0.06365344673395157,0.019372789189219475,0.0,0.0,0.0,0.0,0.0,0.0,0.0,0.7695568481965586,1.1139644471787291,0.5,0.85337895154953,-0.906754195690155,0.5605403780937195,0.0,0.0,0.0,0.05396705120801926,0.0567345917224884,0.0,0.0,0.0,0.0,0.0,0.0,0.0,0.0,0.5831126208165648,0.8465672895538223,0.5
4.81,TAKEOFF,0.18632079660892487,0.8388573527336121,0.3868725895881653,0.0,0.0,0.0,0.07472360879182816,-0.10239902138710022,0.035978034138679504,0.0,0.0,0.0,0.0,0.0,0.0,0.0,0.6420866201496336,0.3305880425391413,0.5,-0.75043123960495,-0.2921627461910248,0.3460763990879059,0.0,0.0,0.0,0.09132885932922363,-0.06365344673395157,0.019372789189219475,0.0,0.0,0.0,0.0,0.0,0.0,0.0,0.7697534198414124,1.1141255630513136,0.5,0.85337895154953,-0.906754195690155,0.5605403780937195,0.0,0.0,0.0,0.05396705120801926,0.0567345917224884,0.0,0.0,0.0,0.0,0.0,0.0,0.0,0.0,0.5830737582579463,0.8464551766287428,0.5
4.83,TAKEOFF,0.1908317357301712,0.7653396129608154,0.40007832646369934,0.0,0.0,0.0,0.08994509279727936,-0.10516656935214996,0.05119951069355011,0.0,0.0,0.0,0.0,0.0,0.0,0.0,0.6422017761968268,0.3304050001918953,0.5,-0.75043123960495,-0.2921627461910248,0.3460763990879059,0.0,0.0,0.0,0.09132885932922363,-0.06365344673395157,0.019372789189219475,0.0,0.0,0.0,0.0,0.0,0.0,0.0,0.7699488796754101,1.1142856296936448,0.5,0.85337895154953,-0.906754195690155,0.5605403780937195,0.0,0.0,0.0,0.05396705120801926,0.0567345917224884,0.0,0.0,0.0,0.0,0.0,0.0,0.0,0.0,0.5830351508480186,0.8463437287668517,0.5
4.851,TAKEOFF,0.1908317357301712,0.7653396129608154,0.40007832646369934,0.0,0.0,0.0,0.08994509279727936,-0.10516656935214996,0.05119951069355011,0.0,0.0,0.0,0.0,0.0,0.0,0.0,0.6423163066802559,0.3302230972424306,0.5,-0.75043123960495,-0.2921627461910248,0.3460763990879059,0.0,0.0,0.0,0.09132885932922363,-0.06365344673395157,0.019372789189219475,0.0,0.0,0.0,0.0,0.0,0.0,0.0,0.7699374817456142,1.1142762994361597,0.5,0.85337895154953,-0.906754195690155,0.5605403780937195,0.0,0.0,0.0,0.05396705120801926,0.0567345917224884,0.0,0.0,0.0,0.0,0.0,0.0,0.0,0.0,0.5829967967944789,0.8462329420731358,0.5
4.871,TAKEOFF,0.1908317357301712,0.7653396129608154,0.40007832646369934,0.0,0.0,0.0,0.08994509279727936,-0.10516656935214996,0.05119951069355011,0.0,0.0,0.0,0.0,0.0,0.0,0.0,0.6424302145566182,0.3300423263852554,0.5,-0.7901051044464111,-0.24426491558551788,0.4701216518878937,0.0,0.0,0.0,-0.020756559446454048,0.004151311703026295,0.020756559446454048,0.0,0.0,0.0,0.0,0.0,0.0,0.0,0.7699261524303973,1.1142670248829207,0.5,0.85337895154953,-0.906754195690155,0.5605403780937195,0.0,0.0,0.0,0.05396705120801926,0.0567345917224884,0.0,0.0,0.0,0.0,0.0,0.0,0.0,0.0,0.5829586943188789,0.8461228126747358,0.5
4.89,TAKEOFF,0.1908317357301712,0.7653396129608154,0.40007832646369934,0.0,0.0,0.0,0.08994509279727936,-0.10516656935214996,0.05119951069355011,0.0,0.0,0.0,0.0,0.0,0.0,0.0,0.6425435027746557,0.3298626803639036,0.5,-0.7901051044464111,-0.24426491558551788,0.4701216518878937,0.0,0.0,0.0,-0.020756559446454048,0.004151311703026295,0.020756559446454048,0.0,0.0,0.0,0.0,0.0,0.0,0.0,0.7699148913153633,1.1142578057030252,0.5,0.7615373730659485,-0.9958754777908325,0.5246935486793518,0.0,0.0,0.0,0.04704819992184639,-0.11485295742750168,-0.01660524681210518,0.0,0.0,0.0,0.0,0.0,0.0,0.0,0.5829541807700778,0.846109762362475,0.5
4.91,TAKEOFF,0.1908317357301712,0.7653396129608154,0.40007832646369934,0.0,0.0,0.0,0.08994509279727936,-0.10516656935214996,0.05119951069355011,0.0,0.0,0.0,0.0,0.0,0.0,0.0,0.6425725913172469,0.3298165761356371,0.5,-0.7901051044464111,-0.24426491558551788,0.4701216518878937,0.0,0.0,0.0,-0.020756559446454048,0.004151311703026295,0.020756559446454048,0.0,0.0,0.0,0.0,0.0,0.0,0.0,0.769903697988634,1.1142486415675166,0.5,0.7615373730659485,-0.9958754777908325,0.5246935486793518,0.0,0.0,0.0,0.04704819992184639,-0.11485295742750168,-0.01660524681210518,0.0,0.0,0.0,0.0,0.0,0.0,0.0,0.5829496946002213,0.8460967902491466,0.5
4.93,TAKEOFF,0.10025148838758469,0.8129136562347412,0.44337931275367737,0.0,0.0,0.0,0.009686394594609737,-0.03459426388144493,0.05119951069355011,0.0,0.0,0.0,0.0,0.0,0.0,0.0,0.6426015094796929,0.32977075115206306,0.5,-0.7901051044464111,-0.24426491558551788,0.4701216518878937,0.0,0.0,0.0,-0.020756559446454048,0.004151311703026295,0.020756559446454048,0.0,0.0,0.0,0.0,0.0,0.0,0.0,0.7698925720408343,1.114239532149372,0.5,0.7615373730659485,-0.9958754777908325,0.5246935486793518,0.0,0.0,0.0,0.04704819992184639,-0.11485295742750168,-0.01660524681210518,0.0,0.0,0.0,0.0,0.0,0.0,0.0,0.5829452356414772,0.8460838958667952,0.5
4.951,TAKEOFF,0.10025148838758469,0.8129136562347412,0.44337931275367737,0.0,0.0,0.0,0.009686394594609737,-0.03459426388144493,0.05119951069355011,0.0,0.0,0.0,0.0,0.0,0.0,0.0,0.6426302582343772,0.32972520370674613,0.5,-0.7901051044464111,-0.24426491558551788,0.4701216518878937,0.0,0.0,0.0,-0.020756559446454048,0.004151311703026295,0.020756559446454048,0.0,0.0,0.0,0.0,0.0,0.0,0.0,0.7699770313607828,1.1143086724439213,0.5,0.7615373730659485,-0.9958754777908325,0.5246935486793518,0.0,0.0,0.0,0.04704819992184639,-0.11485295742750168,-0.01660524681210518,0.0,0.0,0.0,0.0,0.0,0.0,0.0,0.5829408037270623,0.8460710787502583,0.5
4.97,TAKEOFF,0.10025148838758469,0.8129136562347412,0.44337931275367737,0.0,0.0,0.0,0.009686394594609737,-0.03459426388144493,0.05119951069355011,0.0,0.0,0.0,0.0,0.0,0.0,0.0,0.6426588385484497,0.3296799321038534,0.5,-0.7400423288345337,-0.33201658725738525,0.4941878318786621,0.0,0.0,0.0,0.005535082425922155,0.08025868982076645,0.027675412595272064,0.0,0.0,0.0,0.0,0.0,0.0,0.0,0.7700609963882483,1.1143773826689984,0.5,0.7615373730659485,-0.9958754777908325,0.5246935486793518,0.0,0.0,0.0,0.04704819992184639,-0.11485295742750168,-0.01660524681210518,0.0,0.0,0.0,0.0,0.0,0.0,0.0,0.5829363986912366,0.8460583384371495,0.5
4.991,TAKEOFF,0.10025148838758469,0.8129136562347412,0.44337931275367737,0.0,0.0,0.0,0.009686394594609737,-0.03459426388144493,0.05119951069355011,0.0,0.0,0.0,0.0,0.0,0.0,0.0,0.6426872513838514,0.32963493465808663,0.5,-0.7400423288345337,-0.33201658725738525,0.4941878318786621,0.0,0.0,0.0,0.005535082425922155,0.08025868982076645,0.027675412595272064,0.0,0.0,0.0,0.0,0.0,0.0,0.0,0.7701444699371527,1.1144456655849782,0.5,0.7428596019744873,-1.04300856590271,0.5092771649360657,0.0,0.0,0.0,-0.00830262340605259,-0.07887492328882217,-0.01107016485184431,0.0,0.0,0.0,0.0,0.0,0.0,0.0,0.5828764377303673,0.8458848261571125,0.5
5.01,GO_TO_START,0.10025148838758469,0.8129136562347412,0.44337931275367737,0.0,0.0,0.0,0.009686394594609737,-0.03459426388144493,0.05119951069355011,0.0,0.0,0.0,0.0,0.0,0.0,0.0,0.6427073815671615,0.3296030598093132,0.5,-0.7400423288345337,-0.33201658725738525,0.4941878318786621,0.0,0.0,0.0,0.005535082425922155,0.08025868982076645,0.027675412595272064,0.0,0.0,0.0,0.0,0.0,0.0,0.0,0.7702274548063986,1.11451352393356,0.5,0.7428596019744873,-1.04300856590271,0.5092771649360657,0.0,0.0,0.0,-0.00830262340605259,-0.07887492328882217,-0.01107016485184431,0.0,0.0,0.0,0.0,0.0,0.0,0.0,0.5828168891503271,0.8457123367774442,0.5
5.03,GO_TO_START,0.10099693387746811,0.7506468892097473,0.4656048119068146,0.0,0.0,0.0,0.027675412595272064,0.05119951069355011,0.05535082519054413,0.0,0.0,0.0,0.0,0.0,0.0,0.0,0.6427273929541045,0.3295713774631539,0.5,-0.7400423288345337,-0.33201658725738525,0.4941878318786621,0.0,0.0,0.0,0.005535082425922155,0.08025868982076645,0.027675412595272064,0.0,0.0,0.0,0.0,0.0,0.0,0.0,0.7703099537799373,1.1145809604379053,0.5,0.7428596019744873,-1.04300856590271,0.5092771649360657,0.0,0.0,0.0,-0.00830262340605259,-0.07887492328882217,-0.01107016485184431,0.0,0.0,0.0,0.0,0.0,0.0,0.0,0.5827577498528029,0.8455408643939797,0.5
5.051,GO_TO_START,0.10099693387746811,0.7506468892097473,0.4656048119068146,0.0,0.0,0.0,0.027675412595272064,0.05119951069355011,0.05535082519054413,0.0,0.0,0.0,0.0,0.0,0.0,0.0,0.6427472862336363,0.32953988644971816,0.5,-0.7400423288345337,-0.33201658725738525,0.4941878318786621,0.0,0.0,0.0,0.005535082425922155,0.08025868982076645,0.027675412595272064,0.0,0.0,0.0,0.0,0.0,0.0,0.0,0.7702294246673669,1.1145151344267707,0.5,0.7428596019744873,-1.04300856590271,0.5092771649360657,0.0,0.0,0.0,-0.00830262340605259,-0.07887492328882217,-0.01107016485184431,0.0,0.0,0.0,0.0,0.0,0.0,0.0,0.5826990167654351,0.8453704031349067,0.5
5.071,GO_TO_START,0.10099693387746811,0.7506468892097473,0.4656048119068146,0.0,0.0,0.0,0.027675412595272064,0.05119951069355011,0.05535082519054413,0.0,0.0,0.0,0.0,0.0,0.0,0.0,0.6427670620908646,0.3295085856063111,0.5,-0.8161829113960266,-0.39096444845199585,0.5109227299690247,0.0,0.0,0.0,-0.10101525485515594,0.01660524681210518,0.029059182852506638,0.0,0.0,0.0,0.0,0.0,0.0,0.0,0.7701493900390712,1.1144496895383937,0.5,0.7428596019744873,-1.04300856590271,0.5092771649360657,0.0,0.0,0.0,-0.00830262340605259,-0.07887492328882217,-0.01107016485184431,0.0,0.0,0.0,0.0,0.0,0.0,0.0,0.5826406868415757,0.8452009471606146,0.5
5.091,GO_TO_START,0.10099693387746811,0.7506468892097473,0.4656048119068146,0.0,0.0,0.0,0.027675412595272064,0.05119951069355011,0.05535082519054413,0.0,0.0,0.0,0.0,0.0,0.0,0.0,0.6427867212070701,0.329477473777387,0.5,-0.8161829113960266,-0.39096444845199585,0.5109227299690247,0.0,0.0,0.0,-0.10101525485515594,0.01660524681210518,0.029059182852506638,0.0,0.0,0.0,0.0,0.0,0.0,0.0,0.7700698467951914,1.1143846236534656,0.5,0.6506924033164978,-0.9871399998664856,0.5292754173278809,0.0,0.0,0.0,-0.10378279536962509,-0.06088590621948242,-0.013837706297636032,0.0,0.0,0.0,0.0,0.0,0.0,0.0,0.5825737086131916,0.8450061636026227,0.5
5.11,GO_TO_START,0.10099693387746811,0.7506468892097473,0.4656048119068146,0.0,0.0,0.0,0.027675412595272064,0.05119951069355011,0.05535082519054413,0.0,0.0,0.0,0.0,0.0,0.0,0.0,0.6426908509661485,0.3296292346256458,0.5,-0.8161829113960266,-0.39096444845199585,0.5109227299690247,0.0,0.0,0.0,-0.10101525485515594,0.01660524681210518,0.029059182852506638,0.0,0.0,0.0,0.0,0.0,0.0,0.0,0.7699907918560163,1.1143199346633552,0.5,0.6506924033164978,-0.9871399998664856,0.5292754173278809,0.0,0.0,0.0,-0.10378279536962509,-0.06088590621948242,-0.013837706297636032,0.0,0.0,0.0,0.0,0.0,0.0,0.0,0.5825071985258343,0.8448125259704911,0.5
5.131,GO_TO_START,0.12701764702796936,0.6668021082878113,0.4588542580604553,0.0,0.0,0.0,-0.040129344910383224,0.06780476123094559,0.058118365705013275,0.0,0.0,0.0,0.0,0.0,0.0,0.0,0.6425956009464369,0.3297801133266509,0.5,-0.8161829113960266,-0.39096444845199585,0.5109227299690247,0.0,0.0,0.0,-0.10101525485515594,0.01660524681210518,0.029059182852506638,0.0,0.0,0.0,0.0,0.0,0.0,0.0,0.7699122221618429,1.1142556204700722,0.5,0.6506924033164978,-0.9871399998664856,0.5292754173278809,0.0,0.0,0.0,-0.10378279536962509,-0.06088590621948242,-0.013837706297636032,0.0,0.0,0.0,0.0,0.0,0.0,0.0,0.582441152985459,0.8446200276834962,0.5
5.151,GO_TO_START,0.12701764702796936,0.6668021082878113,0.4588542580604553,0.0,0.0,0.0,-0.040129344910383224,0.06780476123094559,0.058118365705013275,0.0,0.0,0.0,0.0,0.0,0.0,0.0,0.6425009668965788,0.32993011482007145,0.5,-0.8161829113960266,-0.39096444845199585,0.5109227299690247,0.0,0.0,0.0,-0.10101525485515594,0.01660524681210518,0.029059182852506638,0.0,0.0,0.0,0.0,0.0,0.0,0.0,0.7696135120646852,1.1140109048246998,0.5,0.6506924033164978,-0.9871399998664856,0.5292754173278809,0.0,0.0,0.0,-0.10378279536962509,-0.06088590621948242,-0.013837706297636032,0.0,0.0,0.0,0.0,0.0,0.0,0.0,0.5823755684288338,0.8444286621964736,0.5
5.17,GO_TO_START,0.12701764702796936,0.6668021082878113,0.4588542580604553,0.0,0.0,0.0,-0.040129344910383224,0.06780476123094559,0.058118365705013275,0.0,0.0,0.0,0.0,0.0,0.0,0.0,0.642406944596914,0.3300792440203984,0.5,-0.8044646382331848,-0.4608186185359955,0.5875329375267029,0.0,0.0,0.0,-0.15083099901676178,0.05535082519054413,0.019372789189219475,0.0,0.0,0.0,0.0,0.0,0.0,0.0,0.7693167503703182,1.1137674670040854,0.5,0.6506924033164978,-0.9871399998664856,0.5292754173278809,0.0,0.0,0.0,-0.10378279536962509,-0.06088590621948242,-0.013837706297636032,0.0,0.0,0.0,0.0,0.0,0.0,0.0,0.582310441323248,0.8442384229996596,0.5
5.191,GO_TO_START,0.12701764702796936,0.6668021082878113,0.4588542580604553,0.0,0.0,0.0,-0.040129344910383224,0.06780476123094559,0.058118365705013275,0.0,0.0,0.0,0.0,0.0,0.0,0.0,0.6423135298592172,0.3302275058170385,0.5,-0.8044646382331848,-0.4608186185359955,0.5875329375267029,0.0,0.0,0.0,-0.15083099901676178,0.05535082519054413,0.019372789189219475,0.0,0.0,0.0,0.0,0.0,0.0,0.0,0.7690219236406002,1.1135253017187858,0.5,0.6372310519218445,-0.9147329926490784,0.5345674753189087,0.0,0.0,0.0,-0.04428065940737724,0.10931787639856339,-0.023524099960923195,0.0,0.0,0.0,0.0,0.0,0.0,0.0,0.5822109590418644,0.8439474283609882,0.5
5.21,GO_TO_START,0.12701764702796936,0.6668021082878113,0.4588542580604553,0.0,0.0,0.0,-0.040129344910383224,0.06780476123094559,0.058118365705013275,0.0,0.0,0.0,0.0,0.0,0.0,0.0,0.6421811226637545,0.3304378185376823,0.5,-0.8044646382331848,-0.4608186185359955,0.5875329375267029,0.0,0.0,0.0,-0.15083099901676178,0.05535082519054413,0.019372789189219475,0.0,0.0,0.0,0.0,0.0,0.0,0.0,0.7687290185367122,1.1132844036809586,0.5,0.6372310519218445,-0.9147329926490784,0.5345674753189087,0.0,0.0,0.0,-0.04428065940737724,0.10931787639856339,-0.023524099960923195,0.0,0.0,0.0,0.0,0.0,0.0,0.0,0.5821122214766297,0.8436581291962504,0.5
5.23,GO_TO_START,0.09520131349563599,0.6810879111289978,0.48372510075569153,0.0,0.0,0.0,-0.10101525485515594,0.02214032970368862,0.05258328467607498,0.0,0.0,0.0,0.0,0.0,0.0,0.0,0.6420495962524069,0.33064692371505616,0.5,-0.8044646382331848,-0.4608186185359955,0.5875329375267029,0.0,0.0,0.0,-0.15083099901676178,0.05535082519054413,0.019372789189219475,0.0,0.0,0.0,0.0,0.0,0.0,0.0,0.7684380218183802,1.1130447676047417,0.5,0.6372310519218445,-0.9147329926490784,0.5345674753189087,0.0,0.0,0.0,-0.04428065940737724,0.10931787639856339,-0.023524099960923195,0.0,0.0,0.0,0.0,0.0,0.0,0.0,0.5820142224160981,0.8433705160111296,0.5
5.251,GO_TO_START,0.09520131349563599,0.6810879111289978,0.48372510075569153,0.0,0.0,0.0,-0.10101525485515594,0.02214032970368862,0.05258328467607498,0.0,0.0,0.0,0.0,0.0,0.0,0.0,0.6419189443295817,0.33085482790925164,0.5,-0.8044646382331848,-0.4608186185359955,0.5875329375267029,0.0,0.0,0.0,-0.15083099901676178,0.05535082519054413,0.019372789189219475,0.0,0.0,0.0,0.0,0.0,0.0,0.0,0.768185134688331,1.112836265462239,0.5,0.6372310519218445,-0.9147329926490784,0.5345674753189087,0.0,0.0,0.0,-0.04428065940737724,0.10931787639856339,-0.023524099960923195,0.0,0.0,0.0,0.0,0.0,0.0,0.0,0.5819169557064562,0.8430845793588386,0.5
5.27,GO_TO_START,0.09520131349563599,0.6810879111289978,0.48372510075569153,0.0,0.0,0.0,-0.10101525485515594,0.02214032970368862,0.05258328467607498,0.0,0.0,0.0,0.0,0.0,0.0,0.0,0.641789160649145,0.33106153764981633,0.5,-0.7899563908576965,-0.4207734167575836,0.596005380153656,0.0,0.0,0.0,-0.15359853208065033,0.03321049362421036,0.01660524681210518,0.0,0.0,0.0,0.0,0.0,0.0,0.0,0.7679338777922144,1.1126288774613033,0.5,0.6372310519218445,-0.9147329926490784,0.5345674753189087,0.0,0.0,0.0,-0.04428065940737724,0.10931787639856339,-0.023524099960923195,0.0,0.0,0.0,0.0,0.0,0.0,0.0,0.5818204152509423,0.84280030983997,0.5
5.29,GO_TO_START,0.09520131349563599,0.6810879111289978,0.48372510075569153,0.0,0.0,0.0,-0.10101525485515594,0.02214032970368862,0.05258328467607498,0.0,0.0,0.0,0.0,0.0,0.0,0.0,0.6416602390139923,0.3312670594358208,0.5,-0.7899563908576965,-0.4207734167575836,0.596005380153656,0.0,0.0,0.0,-0.15359853208065033,0.03321049362421036,0.01660524681210518,0.0,0.0,0.0,0.0,0.0,0.0,0.0,0.7676842400711724,1.1124225986152094,0.5,0.6012077331542969,-0.8873887658119202,0.5471984148025513,0.0,0.0,0.0,0.03459426388144493,0.06918852776288986,-0.024907870218157768,0.0,0.0,0.0,0.0,0.0,0.0,0.0,0.5817390087682075,0.8425602395206774,0.5
5.31,GO_TO_START,0.09520131349563599,0.6810879111289978,0.48372510075569153,0.0,0.0,0.0,-0.10101525485515594,0.02214032970368862,0.05258328467607498,0.0,0.0,0.0,0.0,0.0,0.0,0.0,0.641482126431461,0.33155130356471646,0.5,-0.7899563908576965,-0.4207734167575836,0.596005380153656,0.0,0.0,0.0,-0.15359853208065033,0.03321049362421036,0.01660524681210518,0.0,0.0,0.0,0.0,0.0,0.0,0.0,0.7674362105466372,1.1122174239457912,0.5,0.6012077331542969,-0.8873887658119202,0.5471984148025513,0.0,0.0,0.0,0.03459426388144493,0.06918852776288986,-0.024907870218157768,0.0,0.0,0.0,0.0,0.0,0.0,0.0,0.5816581912490518,0.842321575559532,0.5
5.33,GO_TO_START,0.07277664542198181,0.6883984804153442,0.5151100158691406,0.0,0.0,0.0,-0.04704819992184639,0.05119951069355011,0.040129344910383224,0.0,0.0,0.0,0.0,0.0,0.0,0.0,0.641305240035145,0.33183394086688217,0.5,-0.7899563908576965,-0.4207734167575836,0.596005380153656,0.0,0.0,0.0,-0.15359853208065033,0.03321049362421036,0.01660524681210518,0.0,0.0,0.0,0.0,0.0,0.0,0.0,0.767189778319709,1.112013348483663,0.5,0.6012077331542969,-0.8873887658119202,0.5471984148025513,0.0,0.0,0.0,0.03459426388144493,0.06918852776288986,-0.024907870218157768,0.0,0.0,0.0,0.0,0.0,0.0,0.0,0.5815779579711425,0.8420843099676388,0.5
5.351,GO_TO_START,0.07277664542198181,0.6883984804153442,0.5151100158691406,0.0,0.0,0.0,-0.04704819992184639,0.05119951069355011,0.040129344910383224,0.0,0.0,0.0,0.0,0.0,0.0,0.0,0.6411295706376039,0.332114979716674,0.5,-0.7899563908576965,-0.4207734167575836,0.596005380153656,0.0,0.0,0.0,-0.15359853208065033,0.03321049362421036,0.01660524681210518,0.0,0.0,0.0,0.0,0.0,0.0,0.0,0.7669620190715005,1.1118245393720634,0.5,0.6012077331542969,-0.8873887658119202,0.5471984148025513,0.0,0.0,0.0,0.03459426388144493,0.06918852776288986,-0.024907870218157768,0.0,0.0,0.0,0.0,0.0,0.0,0.0,0.5814983042544304,0.8418484347979205,0.5
5.37,GO_TO_START,0.07277664542198181,0.6883984804153442,0.5151100158691406,0.0,0.0,0.0,-0.04704819992184639,0.05119951069355011,0.040129344910383224,0.0,0.0,0.0,0.0,0.0,0.0,0.0,0.6409551091274038,0.33239442845487327,0.5,-0.7688596248626709,-0.45223039388656616,0.5915748476982117,0.0,0.0,0.0,-0.08164246380329132,0.062269676476716995,0.00830262340605259,0.0,0.0,0.0,0.0,0.0,0.0,0.0,0.7667357186663775,1.1116367518448047,0.5,0.6012077331542969,-0.8873887658119202,0.5471984148025513,0.0,0.0,0.0,0.03459426388144493,0.06918852776288986,-0.024907870218157768,0.0,0.0,0.0,0.0,0.0,0.0,0.0,0.5814192254607348,0.841613942144953,0.5
5.391,GO_TO_START,0.07277664542198181,0.6883984804153442,0.5151100158691406,0.0,0.0,0.0,-0.04704819992184639,0.05119951069355011,0.040129344910383224,0.0,0.0,0.0,0.0,0.0,0.0,0.0,0.6407818464684315,0.33267229538866283,0.5,-0.7688596248626709,-0.45223039388656616,0.5915748476982117,0.0,0.0,0.0,-0.08164246380329132,0.062269676476716995,0.00830262340605259,0.0,0.0,0.0,0.0,0.0,0.0,0.0,0.7665108673010246,1.111449981148323,0.5,0.6687722206115723,-0.8468023538589478,0.5261206030845642,0.0,0.0,0.0,0.05258328467607498,0.10655033588409424,-0.017989017069339752,0.0,0.0,0.0,0.0,0.0,0.0,0.0,0.5813211381642327,0.8413226387576138,0.5
5.411,GO_TO_START,0.07277664542198181,0.6883984804153442,0.5151100158691406,0.0,0.0,0.0,-0.04704819992184639,0.05119951069355011,0.040129344910383224,0.0,0.0,0.0,0.0,0.0,0.0,0.0,0.6406702738310321,0.33285140700194754,0.5,-0.7688596248626709,-0.45223039388656616,0.5915748476982117,0.0,0.0,0.0,-0.08164246380329132,0.062269676476716995,0.00830262340605259,0.0,0.0,0.0,0.0,0.0,0.0,0.0,0.766287455242527,1.11126422254034,0.5,0.6687722206115723,-0.8468023538589478,0.5261206030845642,0.0,0.0,0.0,0.05258328467607498,0.10655033588409424,-0.017989017069339752,0.0,0.0,0.0,0.0,0.0,0.0,0.0,0.5812237872956256,0.8410330334305259,0.5
5.43,GO_TO_START,0.07892848551273346,0.6918728947639465,0.5414405465126038,0.0,0.0,0.0,-0.03044295310974121,0.020756559446454048,0.03321049362421036,0.0,0.0,0.0,0.0,0.0,0.0,0.0,0.6405594330640016,0.33302948282225275,0.5,-0.7688596248626709,-0.45223039388656616,0.5915748476982117,0.0,0.0,0.0,-0.08164246380329132,0.062269676476716995,0.00830262340605259,0.0,0.0,0.0,0.0,0.0,0.0,0.0,0.7660654728278262,1.1110794712900147,0.5,0.6687722206115723,-0.8468023538589478,0.5261206030845642,0.0,0.0,0.0,0.05258328467607498,0.10655033588409424,-0.017989017069339752,0.0,0.0,0.0,0.0,0.0,0.0,0.0,0.5811271666918382,0.8407451166450781,0.5
5.451,GO_TO_START,0.07892848551273346,0.6918728947639465,0.5414405465126038,0.0,0.0,0.0,-0.03044295310974121,0.020756559446454048,0.03321049362421036,0.0,0.0,0.0,0.0,0.0,0.0,0.0,0.6404493190425755,0.33320652857764727,0.5,-0.7688596248626709,-0.45223039388656616,0.5915748476982117,0.0,0.0,0.0,-0.08164246380329132,0.062269676476716995,0.00830262340605259,0.0,0.0,0.0,0.0,0.0,0.0,0.0,0.7658544339173284,1.1109036602794817,0.5,0.6687722206115723,-0.8468023538589478,0.5261206030845642,0.0,0.0,0.0,0.05258328467607498,0.10655033588409424,-0.017989017069339752,0.0,0.0,0.0,0.0,0.0,0.0,0.0,0.5810312702471602,0.84045887893044,0.5
5.47,GO_TO_START,0.07892848551273346,0.6918728947639465,0.5414405465126038,0.0,0.0,0.0,-0.03044295310974121,0.020756559446454048,0.03321049362421036,0.0,0.0,0.0,0.0,0.0,0.0,0.0,0.6403399266812666,0.3333825499680358,0.5,-0.6827108860015869,-0.45784834027290344,0.5041950345039368,0.0,0.0,0.0,-0.10516656935214996,0.07610738277435303,0.006918853148818016,0.0,0.0,0.0,0.0,0.0,0.0,0.0,0.7656447410243257,1.1107288084087452,0.5,0.6687722206115723,-0.8468023538589478,0.5261206030845642,0.0,0.0,0.0,0.05258328467607498,0.10655033588409424,-0.017989017069339752,0.0,0.0,0.0,0.0,0.0,0.0,0.0,0.5809360919126676,0.8401743108634083,0.5
5.491,GO_TO_START,0.07892848551273346,0.6918728947639465,0.5414405465126038,0.0,0.0,0.0,-0.03044295310974121,0.020756559446454048,0.03321049362421036,0.0,0.0,0.0,0.0,0.0,0.0,0.0,0.6402312509335315,0.333557552665247,0.5,-0.6827108860015869,-0.45784834027290344,0.5041950345039368,0.0,0.0,0.0,-0.10516656935214996,0.07610738277435303,0.006918853148818016,0.0,0.0,0.0,0.0,0.0,0.0,0.0,0.765436385161208,1.1105549111041173,0.5,0.6097193360328674,-0.8766058087348938,0.5616803765296936,0.0,0.0,0.0,0.062269676476716995,-0.015221476554870605,-0.023524099960923195,0.0,0.0,0.0,0.0,0.0,0.0,0.0,0.5808162077209699,0.8398152012006994,0.5
5.511,GO_TO_START,0.07892848551273346,0.6918728947639465,0.5414405465126038,0.0,0.0,0.0,-0.03044295310974121,0.020756559446454048,0.03321049362421036,0.0,0.0,0.0,0.0,0.0,0.0,0.0,0.640068098594012,0.3338205320890145,0.5,-0.6827108860015869,-0.45784834027290344,0.5041950345039368,0.0,0.0,0.0,-0.10516656935214996,0.07610738277435303,0.006918853148818016,0.0,0.0,0.0,0.0,0.0,0.0,0.0,0.7652293574044104,1.1103819638045969,0.5,0.6097193360328674,-0.8766058087348938,0.5616803765296936,0.0,0.0,0.0,0.062269676476716995,-0.015221476554870605,-0.023524099960923195,0.0,0.0,0.0,0.0,0.0,0.0,0.0,0.5806972674161673,0.8394581713006362,0.5
5.53,GO_TO_START,0.11226122826337814,0.6510850787162781,0.547793984413147,0.0,0.0,0.0,0.05258328467607498,0.05950213596224785,0.023524099960923195,0.0,0.0,0.0,0.0,0.0,0.0,0.0,0.639906059615666,0.3340820169993744,0.5,-0.6827108860015869,-0.45784834027290344,0.5041950345039368,0.0,0.0,0.0,-0.10516656935214996,0.07610738277435303,0.006918853148818016,0.0,0.0,0.0,0.0,0.0,0.0,0.0,0.7650236488939222,1.110209961961983,0.5,0.6097193360328674,-0.8766058087348938,0.5616803765296936,0.0,0.0,0.0,0.062269676476716995,-0.015221476554870605,-0.023524099960923195,0.0,0.0,0.0,0.0,0.0,0.0,0.0,0.580579262694412,0.839103209719879,0.5
5.551,GO_TO_START,0.11226122826337814,0.6510850787162781,0.547793984413147,0.0,0.0,0.0,0.05258328467607498,0.05950213596224785,0.023524099960923195,0.0,0.0,0.0,0.0,0.0,0.0,0.0,0.6397451257520129,0.334342015297932,0.5,-0.6827108860015869,-0.45784834027290344,0.5041950345039368,0.0,0.0,0.0,-0.10516656935214996,0.07610738277435303,0.006918853148818016,0.0,0.0,0.0,0.0,0.0,0.0,0.0,0.7647142922752596,1.1099510011110378,0.5,0.6097193360328674,-0.8766058087348938,0.5616803765296936,0.0,0.0,0.0,0.062269676476716995,-0.015221476554870605,-0.023524099960923195,0.0,0.0,0.0,0.0,0.0,0.0,0.0,0.5804621853323549,0.8387503050689014,0.5
5.57,GO_TO_START,0.11226122826337814,0.6510850787162781,0.547793984413147,0.0,0.0,0.0,0.05258328467607498,0.05950213596224785,0.023524099960923195,0.0,0.0,0.0,0.0,0.0,0.0,0.0,0.6395852888240012,0.3346005348528285,0.5,-0.7025507092475891,-0.2998668849468231,0.5492148995399475,0.0,0.0,0.0,-0.11623673141002655,-0.05950213596224785,0.02214032970368862,0.0,0.0,0.0,0.0,0.0,0.0,0.0,0.7644069644257647,1.1096933879409694,0.5,0.6097193360328674,-0.8766058087348938,0.5616803765296936,0.0,0.0,0.0,0.062269676476716995,-0.015221476554870605,-0.023524099960923195,0.0,0.0,0.0,0.0,0.0,0.0,0.0,0.5803460271863153,0.8383994460118868,0.5
5.591,GO_TO_START,0.11226122826337814,0.6510850787162781,0.547793984413147,0.0,0.0,0.0,0.05258328467607498,0.05950213596224785,0.023524099960923195,0.0,0.0,0.0,0.0,0.0,0.0,0.0,0.6394265407194037,0.3348575834987531,0.5,-0.7025507092475891,-0.2998668849468231,0.5492148995399475,0.0,0.0,0.0,-0.11623673141002655,-0.05950213596224785,0.02214032970368862,0.0,0.0,0.0,0.0,0.0,0.0,0.0,0.7641016512435386,1.1094371169453296,0.5,0.636380136013031,-0.9781367778778076,0.5662166476249695,0.0,0.0,0.0,0.015221476554870605,-0.00830262340605259,-0.01660524681210518,0.0,0.0,0.0,0.0,0.0,0.0,0.0,0.5803097306819043,0.8382896626059848,0.5
5.611,GO_TO_START,0.11226122826337814,0.6510850787162781,0.547793984413147,0.0,0.0,0.0,0.05258328467607498,0.05950213596224785,0.023524099960923195,0.0,0.0,0.0,0.0,0.0,0.0,0.0,0.6393341982145182,0.3350072399454378,0.5,-0.7025507092475891,-0.2998668849468231,0.5492148995399475,0.0,0.0,0.0,-0.11623673141002655,-0.05950213596224785,0.02214032970368862,0.0,0.0,0.0,0.0,0.0,0.0,0.0,0.7637983387318663,1.109182182617895,0.5,0.636380136013031,-0.9781367778778076,0.5662166476249695,0.0,0.0,0.0,0.015221476554870605,-0.00830262340605259,-0.01660524681210518,0.0,0.0,0.0,0.0,0.0,0.0,0.0,0.5802736729238797,0.8381805309705381,0.5
5.63,GO_TO_START,0.05342227965593338,0.6792179346084595,0.5888503789901733,0.0,0.0,0.0,0.023524099960923195,0.0013837706064805388,0.013837706297636032,0.0,0.0,0.0,0.0,0.0,0.0,0.0,0.6392424532370998,0.33515602526847693,0.5,-0.7025507092475891,-0.2998668849468231,0.5492148995399475,0.0,0.0,0.0,-0.11623673141002655,-0.05950213596224785,0.02214032970368862,0.0,0.0,0.0,0.0,0.0,0.0,0.0,0.7634970129983869,1.1089285794530899,0.5,0.636380136013031,-0.9781367778778076,0.5662166476249695,0.0,0.0,0.0,0.015221476554870605,-0.00830262340605259,-0.01660524681210518,0.0,0.0,0.0,0.0,0.0,0.0,0.0,0.5802378522302211,0.8380720472818027,0.5
5.651,GO_TO_START,0.05342227965593338,0.6792179346084595,0.5888503789901733,0.0,0.0,0.0,0.023524099960923195,0.0013837706064805388,0.013837706297636032,0.0,0.0,0.0,0.0,0.0,0.0,0.0,0.6391513016895966,0.335303944361283,0.5,-0.7025507092475891,-0.2998668849468231,0.5492148995399475,0.0,0.0,0.0,-0.11623673141002655,-0.05950213596224785,0.02214032970368862,0.0,0.0,0.0,0.0,0.0,0.0,0.0,0.7632680974977295,1.108735692514736,0.5,0.636380136013031,-0.9781367778778076,0.5662166476249695,0.0,0.0,0.0,0.015221476554870605,-0.00830262340605259,-0.01660524681210518,0.0,0.0,0.0,0.0,0.0,0.0,0.0,0.5802022669319612,0.8379642077378673,0.5
5.671,GO_TO_START,0.05342227965593338,0.6792179346084595,0.5888503789901733,0.0,0.0,0.0,0.023524099960923195,0.0013837706064805388,0.013837706297636032,0.0,0.0,0.0,0.0,0.0,0.0,0.0,0.63906073950503,0.33545100209211737,0.5,-0.6815468668937683,-0.18676315248012543,0.5859124064445496,0.0,0.0,0.0,0.062269676476716995,0.04289688542485237,0.015221476554870605,0.0,0.0,0.0,0.0,0.0,0.0,0.0,0.763040650886863,1.1085438497395177,0.5,0.636380136013031,-0.9781367778778076,0.5662166476249695,0.0,0.0,0.0,0.015221476554870605,-0.00830262340605259,-0.01660524681210518,0.0,0.0,0.0,0.0,0.0,0.0,0.0,0.5801669153730733,0.837857008558536,0.5
5.69,GO_TO_START,0.05342227965593338,0.6792179346084595,0.5888503789901733,0.0,0.0,0.0,0.023524099960923195,0.0013837706064805388,0.013837706297636032,0.0,0.0,0.0,0.0,0.0,0.0,0.0,0.638970762646743,0.33559720330418713,0.5,-0.6815468668937683,-0.18676315248012543,0.5859124064445496,0.0,0.0,0.0,0.062269676476716995,0.04289688542485237,0.015221476554870605,0.0,0.0,0.0,0.0,0.0,0.0,0.0,0.7628146632665566,1.1083530462630418,0.5,0.5677672624588013,-0.870163083076477,0.6025440692901611,0.0,0.0,0.0,-0.12038803845643997,0.029059182852506638,-0.013837706297636032,0.0,0.0,0.0,0.0,0.0,0.0,0.0,0.5801827777317645,0.8379051175633925,0.5
5.71,GO_TO_START,0.05342227965593338,0.6792179346084595,0.5888503789901733,0.0,0.0,0.0,0.023524099960923195,0.0013837706064805388,0.013837706297636032,0.0,0.0,0.0,0.0,0.0,0.0,0.0,0.638767913033822,0.33592715294663517,0.5,-0.6815468668937683,-0.18676315248012543,0.5859124064445496,0.0,0.0,0.0,0.062269676476716995,0.04289688542485237,0.015221476554870605,0.0,0.0,0.0,0.0,0.0,0.0,0.0,0.7625901248089513,1.1081632772325345,0.5,0.5677672624588013,-0.870163083076477,0.6025440692901611,0.0,0.0,0.0,-0.12038803845643997,0.029059182852506638,-0.013837706297636032,0.0,0.0,0.0,0.0,0.0,0.0,0.0,0.5801985489414959,0.8379529365868574,0.5
5.73,GO_TO_START,0.08427850157022476,0.7061539888381958,0.6186148524284363,0.0,0.0,0.0,0.0027675412129610777,0.05396705120801926,0.012453935109078884,0.0,0.0,0.0,0.0,0.0,0.0,0.0,0.6385664916392275,0.3362552525925068,0.5,-0.6815468668937683,-0.18676315248012543,0.5859124064445496,0.0,0.0,0.0,0.062269676476716995,0.04289688542485237,0.015221476554870605,0.0,0.0,0.0,0.0,0.0,0.0,0.0,0.7623670257570083,1.1079745378069967,0.5,0.5677672624588013,-0.870163083076477,0.6025440692901611,0.0,0.0,0.0,-0.12038803845643997,0.029059182852506638,-0.013837706297636032,0.0,0.0,0.0,0.0,0.0,0.0,0.0,0.5802142295008941,0.8380004673843665,0.5
5.751,GO_TO_START,0.08427850157022476,0.7061539888381958,0.6186148524284363,0.0,0.0,0.0,0.0027675412129610777,0.05396705120801926,0.012453935109078884,0.0,0.0,0.0,0.0,0.0,0.0,0.0,0.6383664874499881,0.3365815116561614,0.5,-0.6815468668937683,-0.18676315248012543,0.5859124064445496,0.0,0.0,0.0,0.062269676476716995,0.04289688542485237,0.015221476554870605,0.0,0.0,0.0,0.0,0.0,0.0,0.0,0.7622167869309563,1.1078473322646412,0.5,0.5677672624588013,-0.870163083076477,0.6025440692901611,0.0,0.0,0.0,-0.12038803845643997,0.029059182852506638,-0.013837706297636032,0.0,0.0,0.0,0.0,0.0,0.0,0.0,0.5802298199061727,0.8380477117006417,0.5
5.771,GO_TO_START,0.08427850157022476,0.7061539888381958,0.6186148524284363,0.0,0.0,0.0,0.0027675412129610777,0.05396705120801926,0.012453935109078884,0.0,0.0,0.0,0.0,0.0,0.0,0.0,0.6381678895468916,0.3369059395179827,0.5,-0.6421765685081482,-0.18998895585536957,0.5710784196853638,0.0,0.0,0.0,0.15359853208065033,0.029059182852506638,0.0013837706064805388,0.0,0.0,0.0,0.0,0.0,0.0,0.0,0.7620674909066234,1.107720841112263,0.5,0.5677672624588013,-0.870163083076477,0.6025440692901611,0.0,0.0,0.0,-0.12038803845643997,0.029059182852506638,-0.013837706297636032,0.0,0.0,0.0,0.0,0.0,0.0,0.0,0.580245320651141,0.8380946712697597,0.5
5.79,GO_TO_START,0.08427850157022476,0.7061539888381958,0.6186148524284363,0.0,0.0,0.0,0.0027675412129610777,0.05396705120801926,0.012453935109078884,0.0,0.0,0.0,0.0,0.0,0.0,0.0,0.6379706871036209,0.33722854552427267,0.5,-0.6421765685081482,-0.18998895585536957,0.5710784196853638,0.0,0.0,0.0,0.15359853208065033,0.029059182852506638,0.0013837706064805388,0.0,0.0,0.0,0.0,0.0,0.0,0.0,0.7619191315480001,1.1075950606612157,0.5,0.6120571494102478,-0.8270472884178162,0.6128932237625122,0.0,0.0,0.0,-0.04843197017908096,0.07887492328882217,-0.015221476554870605,0.0,0.0,0.0,0.0,0.0,0.0,0.0,0.5802497287303804,0.8381080231893233,0.5
5.81,GO_TO_START,0.08427850157022476,0.7061539888381958,0.6186148524284363,0.0,0.0,0.0,0.0027675412129610777,0.05396705120801926,0.012453935109078884,0.0,0.0,0.0,0.0,0.0,0.0,0.0,0.6378058076917372,0.33749862501792666,0.5,-0.6421765685081482,-0.18998895585536957,0.5710784196853638,0.0,0.0,0.0,0.15359853208065033,0.029059182852506638,0.0013837706064805388,0.0,0.0,0.0,0.0,0.0,0.0,0.0,0.76177170276134,1.1074699872376008,0.5,0.6120571494102478,-0.8270472884178162,0.6128932237625122,0.0,0.0,0.0,-0.04843197017908096,0.07887492328882217,-0.015221476554870605,0.0,0.0,0.0,0.0,0.0,0.0,0.0,0.5802541106712296,0.8381212948949922,0.5
5.83,GO_TO_START,0.08330225944519043,0.6553350687026978,0.6107861995697021,0.0,0.0,0.0,0.024907870218157768,-0.005535082425922155,0.01107016485184431,0.0,0.0,0.0,0.0,0.0,0.0,0.0,0.6376420587351681,0.3377671701712596,0.5,-0.6421765685081482,-0.18998895585536957,0.5710784196853638,0.0,0.0,0.0,0.15359853208065033,0.029059182852506638,0.0013837706064805388,0.0,0.0,0.0,0.0,0.0,0.0,0.0,0.7616251984948468,1.1073456171822715,0.5,0.6120571494102478,-0.8270472884178162,0.6128932237625122,0.0,0.0,0.0,-0.04843197017908096,0.07887492328882217,-0.015221476554870605,0.0,0.0,0.0,0.0,0.0,0.0,0.0,0.5802584666268067,0.8381344868692675,0.5
5.851,GO_TO_START,0.08330225944519043,0.6553350687026978,0.6107861995697021,0.0,0.0,0.0,0.024907870218157768,-0.005535082425922155,0.01107016485184431,0.0,0.0,0.0,0.0,0.0,0.0,0.0,0.6374794318067136,0.338034189086639,0.5,-0.6421765685081482,-0.18998895585536957,0.5710784196853638,0.0,0.0,0.0,0.15359853208065033,0.029059182852506638,0.0013837706064805388,0.0,0.0,0.0,0.0,0.0,0.0,0.0,0.7613489337332349,1.107110871331788,0.5,0.6120571494102478,-0.8270472884178162,0.6128932237625122,0.0,0.0,0.0,-0.04843197017908096,0.07887492328882217,-0.015221476554870605,0.0,0.0,0.0,0.0,0.0,0.0,0.0,0.5802627967493557,0.8381475995917408,0.5
5.871,GO_TO_START,0.08330225944519043,0.6553350687026978,0.6107861995697021,0.0,0.0,0.0,0.024907870218157768,-0.005535082425922155,0.01107016485184431,0.0,0.0,0.0,0.0,0.0,0.0,0.0,0.6373179185485759,0.338299689832308,0.5,-0.6071752309799194,-0.1832244098186493,0.5801690816879272,0.0,0.0,0.0,0.08579377084970474,0.03459426388144493,0.004151311703026295,0.0,0.0,0.0,0.0,0.0,0.0,0.0,0.7610744671732449,1.1068773685743525,0.5,0.6120571494102478,-0.8270472884178162,0.6128932237625122,0.0,0.0,0.0,-0.04843197017908096,0.07887492328882217,-0.015221476554870605,0.0,0.0,0.0,0.0,0.0,0.0,0.0,0.5802671011902506,0.8381606335391119,0.5
5.89,GO_TO_START,0.08330225944519043,0.6553350687026978,0.6107861995697021,0.0,0.0,0.0,0.024907870218157768,-0.005535082425922155,0.01107016485184431,0.0,0.0,0.0,0.0,0.0,0.0,0.0,0.6371575106717335,0.3385636804423945,0.5,-0.6071752309799194,-0.1832244098186493,0.5801690816879272,0.0,0.0,0.0,0.08579377084970474,0.03459426388144493,0.004151311703026295,0.0,0.0,0.0,0.0,0.0,0.0,0.0,0.7608017864414873,1.1066451035135079,0.5,0.7526960968971252,-0.7729403376579285,0.636040985584259,0.0,0.0,0.0,-0.015221476554870605,0.006918853148818016,-0.013837706297636032,0.0,0.0,0.0,0.0,0.0,0.0,0.0,0.5802663123631093,0.8381582450270781,0.5
5.91,GO_TO_START,0.08330225944519043,0.6553350687026978,0.6107861995697021,0.0,0.0,0.0,0.024907870218157768,-0.005535082425922155,0.01107016485184431,0.0,0.0,0.0,0.0,0.0,0.0,0.0,0.6371420001640314,0.3385892230441443,0.5,-0.6071752309799194,-0.1832244098186493,0.5801690816879272,0.0,0.0,0.0,0.08579377084970474,0.03459426388144493,0.004151311703026295,0.0,0.0,0.0,0.0,0.0,0.0,0.0,0.7605308792559613,1.1064140707590702,0.5,0.7526960968971252,-0.7729403376579285,0.636040985584259,0.0,0.0,0.0,-0.015221476554870605,0.006918853148818016,-0.013837706297636032,0.0,0.0,0.0,0.0,0.0,0.0,0.0,0.5802655282788545,0.8381558708428394,0.5
5.93,GO_TO_START,0.20365330576896667,0.6495262980461121,0.5547337532043457,0.0,0.0,0.0,-0.031826723366975784,0.013837706297636032,0.017989017069339752,0.0,0.0,0.0,0.0,0.0,0.0,0.0,0.6371265839801221,0.33861461315581726,0.5,-0.6071752309799194,-0.1832244098186493,0.5801690816879272,0.0,0.0,0.0,0.08579377084970474,0.03459426388144493,0.004151311703026295,0.0,0.0,0.0,0.0,0.0,0.0,0.0,0.760261733425335,1.1061842649274254,0.5,0.7526960968971252,-0.7729403376579285,0.636040985584259,0.0,0.0,0.0,-0.015221476554870605,0.006918853148818016,-0.013837706297636032,0.0,0.0,0.0,0.0,0.0,0.0,0.0,0.5802647489089099,0.838153510900468,0.5
5.951,GO_TO_START,0.20365330576896667,0.6495262980461121,0.5547337532043457,0.0,0.0,0.0,-0.031826723366975784,0.013837706297636032,0.017989017069339752,0.0,0.0,0.0,0.0,0.0,0.0,0.0,0.6371112615390168,0.3386398516831335,0.5,-0.6071752309799194,-0.1832244098186493,0.5801690816879272,0.0,0.0,0.0,0.08579377084970474,0.03459426388144493,0.004151311703026295,0.0,0.0,0.0,0.0,0.0,0.0,0.0,0.7774409730733944,1.120318797684614,0.5,0.7526960968971252,-0.7729403376579285,0.636040985584259,0.0,0.0,0.0,-0.015221476554870605,0.006918853148818016,-0.013837706297636032,0.0,0.0,0.0,0.0,0.0,0.0,0.0,0.5802639742248724,0.8381511651145515,0.5
5.971,GO_TO_START,0.20365330576896667,0.6495262980461121,0.5547337532043457,0.0,0.0,0.0,-0.031826723366975784,0.013837706297636032,0.017989017069339752,0.0,0.0,0.0,0.0,0.0,0.0,0.0,0.6370960322633915,0.33866493952648996,0.5,-0.5940052270889282,-0.17150989174842834,0.583764910697937,0.0,0.0,0.0,-0.013837706297636032,0.01107016485184431,0.0027675412129610777,0.0,0.0,0.0,0.0,0.0,0.0,0.0,0.7950247616341478,1.1337277955080796,0.5,0.7526960968971252,-0.7729403376579285,0.636040985584259,0.0,0.0,0.0,-0.015221476554870605,0.006918853148818016,-0.013837706297636032,0.0,0.0,0.0,0.0,0.0,0.0,0.0,0.5802632041985107,0.8381488334001895,0.5
5.991,GO_TO_START,0.20365330576896667,0.6495262980461121,0.5547337532043457,0.0,0.0,0.0,-0.031826723366975784,0.013837706297636032,0.017989017069339752,0.0,0.0,0.0,0.0,0.0,0.0,0.0,0.637080895579564,0.33868987758099167,0.5,-0.5940052270889282,-0.17150989174842834,0.583764910697937,0.0,0.0,0.0,-0.013837706297636032,0.01107016485184431,0.0027675412129610777,0.0,0.0,0.0,0.0,0.0,0.0,0.0,0.8129809306416951,1.1464052244778071,0.5,0.7678841948509216,-0.7152618169784546,0.6767605543136597,0.0,0.0,0.0,0.024907870218157768,-0.16466869413852692,0.004151311703026295,0.0,0.0,0.0,0.0,0.0,0.0,0.0,0.5802653328247729,0.8381552790084117,0.5
6.01,GO_TO_START,0.20365330576896667,0.6495262980461121,0.5547337532043457,0.0,0.0,0.0,-0.031826723366975784,0.013837706297636032,0.017989017069339752,0.0,0.0,0.0,0.0,0.0,0.0,0.0,0.6370646879882195,0.33871658301255847,0.5,-0.5940052270889282,-0.17150989174842834,0.583764910697937,0.0,0.0,0.0,-0.013837706297636032,0.01107016485184431,0.0027675412129610777,0.0,0.0,0.0,0.0,0.0,0.0,0.0,0.8312776482032673,1.1583464000710144,0.5,0.7678841948509216,-0.7152618169784546,0.6767605543136597,0.0,0.0,0.0,0.024907870218157768,-0.16466869413852692,0.004151311703026295,0.0,0.0,0.0,0.0,0.0,0.0,0.0,0.5802674487515437,0.8381616859191188,0.5
6.03,GO_TO_START,0.1690559983253479,0.666462779045105,0.5593602657318115,0.0,0.0,0.0,-0.04843197017908096,-0.09548017382621765,0.035978034138679504,0.0,0.0,0.0,0.0,0.0,0.0,0.0,0.6370485790203677,0.3387431290477653,0.5,-0.5940052270889282,-0.17150989174842834,0.583764910697937,0.0,0.0,0.0,-0.013837706297636032,0.01107016485184431,0.0027675412129610777,0.0,0.0,0.0,0.0,0.0,0.0,0.0,0.8498834655592971,1.169547943654195,0.5,0.7678841948509216,-0.7152618169784546,0.6767605543136597,0.0,0.0,0.0,0.024907870218157768,-0.16466869413852692,0.004151311703026295,0.0,0.0,0.0,0.0,0.0,0.0,0.0,0.5802695520541551,0.8381680543647803,0.5
6.051,GO_TO_START,0.1690559983253479,0.666462779045105,0.5593602657318115,0.0,0.0,0.0,-0.04843197017908096,-0.09548017382621765,0.035978034138679504,0.0,0.0,0.0,0.0,0.0,0.0,0.0,0.637032568067825,0.33876951663291494,0.5,-0.5940052270889282,-0.17150989174842834,0.583764910697937,0.0,0.0,0.0,-0.013837706297636032,0.01107016485184431,0.0027675412129610777,0.0,0.0,0.0,0.0,0.0,0.0,0.0,0.8490449153190529,1.169062652292268,0.5,0.7678841948509216,-0.7152618169784546,0.6767605543136597,0.0,0.0,0.0,0.024907870218157768,-0.16466869413852692,0.004151311703026295,0.0,0.0,0.0,0.0,0.0,0.0,0.0,0.5802716428074975,0.8381743845764679,0.5
6.07,GO_TO_START,0.1690559983253479,0.666462779045105,0.5593602657318115,0.0,0.0,0.0,-0.04843197017908096,-0.09548017382621765,0.035978034138679504,0.0,0.0,0.0,0.0,0.0,0.0,0.0,0.6370166545262524,0.33879574670875434,0.5,-0.5433496832847595,-0.1618848592042923,0.5921299457550049,0.0,0.0,0.0,-0.029059182852506638,0.00830262340605259,0.0013837706064805388,0.0,0.0,0.0,0.0,0.0,0.0,0.0,0.8482121740463993,1.1685789314137234,0.5,0.7678841948509216,-0.7152618169784546,0.6767605543136597,0.0,0.0,0.0,0.024907870218157768,-0.16466869413852692,0.004151311703026295,0.0,0.0,0.0,0.0,0.0,0.0,0.0,0.5802737210860226,0.8381806767838634,0.5
6.091,GO_TO_START,0.1690559983253479,0.666462779045105,0.5593602657318115,0.0,0.0,0.0,-0.04843197017908096,-0.09548017382621765,0.035978034138679504,0.0,0.0,0.0,0.0,0.0,0.0,0.0,0.6370008377951307,0.3388218202105066,0.5,-0.5433496832847595,-0.1618848592042923,0.5921299457550049,0.0,0.0,0.0,-0.029059182852506638,0.00830262340605259,0.0013837706064805388,0.0,0.0,0.0,0.0,0.0,0.0,0.0,0.8473851997096307,1.1680967888775418,0.5,0.6052703261375427,-0.7407929301261902,0.6105362772941589,0.0,0.0,0.0,0.058118365705013275,-0.1286906749010086,0.01660524681210518,0.0,0.0,0.0,0.0,0.0,0.0,0.0,0.580268043828907,0.8381634877372861,0.5
6.11,GO_TO_START,0.1690559983253479,0.666462779045105,0.5593602657318115,0.0,0.0,0.0,-0.04843197017908096,-0.09548017382621765,0.035978034138679504,0.0,0.0,0.0,0.0,0.0,0.0,0.0,0.6367977690939897,0.3391568398804726,0.5,-0.5433496832847595,-0.1618848592042923,0.5921299457550049,0.0,0.0,0.0,-0.029059182852506638,0.00830262340605259,0.0013837706064805388,0.0,0.0,0.0,0.0,0.0,0.0,0.0,0.8465639505751245,1.1676162322700328,0.5,0.6052703261375427,-0.7407929301261902,0.6105362772941589,0.0,0.0,0.0,0.058118365705013275,-0.1286906749010086,0.01660524681210518,0.0,0.0,0.0,0.0,0.0,0.0,0.0,0.5802624011492817,0.8381464016552486,0.5
6.131,GO_TO_START,0.2053525447845459,0.6779072284698486,0.5644364953041077,0.0,0.0,0.0,-0.03874557837843895,-0.05396705120801926,0.040129344910383224,0.0,0.0,0.0,0.0,0.0,0.0,0.0,0.6365961356279276,0.33948998076097,0.5,-0.5433496832847595,-0.1618848592042923,0.5921299457550049,0.0,0.0,0.0,-0.029059182852506638,0.00830262340605259,0.0013837706064805388,0.0,0.0,0.0,0.0,0.0,0.0,0.0,0.8457483852057588,1.1671372689094228,0.5,0.6052703261375427,-0.7407929301261902,0.6105362772941589,0.0,0.0,0.0,0.058118365705013275,-0.1286906749010086,0.01660524681210518,0.0,0.0,0.0,0.0,0.0,0.0,0.0,0.580256792833538,0.8381294179220093,0.5
6.151,GO_TO_START,0.2053525447845459,0.6779072284698486,0.5644364953041077,0.0,0.0,0.0,-0.03874557837843895,-0.05396705120801926,0.040129344910383224,0.0,0.0,0.0,0.0,0.0,0.0,0.0,0.6363959262756357,0.3398212524144541,0.5,-0.5433496832847595,-0.1618848592042923,0.5921299457550049,0.0,0.0,0.0,-0.029059182852506638,0.00830262340605259,0.0013837706064805388,0.0,0.0,0.0,0.0,0.0,0.0,0.0,0.8449779967545996,1.1666832468119739,0.5,0.6052703261375427,-0.7407929301261902,0.6105362772941589,0.0,0.0,0.0,0.058118365705013275,-0.1286906749010086,0.01660524681210518,0.0,0.0,0.0,0.0,0.0,0.0,0.0,0.5802512186694221,0.8381125359254972,0.5
6.171,GO_TO_START,0.2053525447845459,0.6779072284698486,0.5644364953041077,0.0,0.0,0.0,-0.03874557837843895,-0.05396705120801926,0.040129344910383224,0.0,0.0,0.0,0.0,0.0,0.0,0.0,0.6361971300109666,0.3401506643689026,0.5,-0.4558752179145813,-0.22467109560966492,0.5804729461669922,0.0,0.0,0.0,-0.062269676476716995,-0.03459426388144493,-0.0013837706064805388,0.0,0.0,0.0,0.0,0.0,0.0,0.0,0.8442129020622341,1.1662308114930755,0.5,0.6052703261375427,-0.7407929301261902,0.6105362772941589,0.0,0.0,0.0,0.058118365705013275,-0.1286906749010086,0.01660524681210518,0.0,0.0,0.0,0.0,0.0,0.0,0.0,0.5802456784460264,0.8380957550572881,0.5
6.19,GO_TO_START,0.2053525447845459,0.6779072284698486,0.5644364953041077,0.0,0.0,0.0,-0.03874557837843895,-0.05396705120801926,0.040129344910383224,0.0,0.0,0.0,0.0,0.0,0.0,0.0,0.6359997359020545,0.3404782261177053,0.5,-0.4558752179145813,-0.22467109560966492,0.5804729461669922,0.0,0.0,0.0,-0.062269676476716995,-0.03459426388144493,-0.0013837706064805388,0.0,0.0,0.0,0.0,0.0,0.0,0.0,0.8434530629971879,1.1657799680233754,0.5,0.5803841352462769,-0.722545325756073,0.5772868394851685,0.0,0.0,0.0,-0.07472360879182816,0.031826723366975784,0.015221476554870605,0.0,0.0,0.0,0.0,0.0,0.0,0.0,0.5801818972267205,0.8379024474344611,0.5
6.21,GO_TO_START,0.2053525447845459,0.6779072284698486,0.5644364953041077,0.0,0.0,0.0,-0.03874557837843895,-0.05396705120801926,0.040129344910383224,0.0,0.0,0.0,0.0,0.0,0.0,0.0,0.6357664984675153,0.34086587716390787,0.5,-0.4558752179145813,-0.22467109560966492,0.5804729461669922,0.0,0.0,0.0,-0.062269676476716995,-0.03459426388144493,-0.0013837706064805388,0.0,0.0,0.0,0.0,0.0,0.0,0.0,0.8426984417017712,1.165330721253333,0.5,0.5803841352462769,-0.722545325756073,0.5772868394851685,0.0,0.0,0.0,-0.07472360879182816,0.031826723366975784,0.015221476554870605,0.0,0.0,0.0,0.0,0.0,0.0,0.0,0.580118563691499,0.8377102782240757,0.5
6.231,GO_TO_START,0.13164423406124115,0.7597933411598206,0.6076992154121399,0.0,0.0,0.0,-0.03459426388144493,-0.058118365705013275,0.035978034138679504,0.0,0.0,0.0,0.0,0.0,0.0,0.0,0.6355349501917044,0.34125137647958986,0.5,-0.4558752179145813,-0.22467109560966492,0.5804729461669922,0.0,0.0,0.0,-0.062269676476716995,-0.03459426388144493,-0.0013837706064805388,0.0,0.0,0.0,0.0,0.0,0.0,0.0,0.8419490005904853,1.1648830758170239,0.5,0.5803841352462769,-0.722545325756073,0.5772868394851685,0.0,0.0,0.0,-0.07472360879182816,0.031826723366975784,0.015221476554870605,0.0,0.0,0.0,0.0,0.0,0.0,0.0,0.5800556743837736,0.8375192408737432,0.5
6.251,GO_TO_START,0.13164423406124115,0.7597933411598206,0.6076992154121399,0.0,0.0,0.0,-0.03459426388144493,-0.058118365705013275,0.035978034138679504,0.0,0.0,0.0,0.0,0.0,0.0,0.0,0.6353050776021927,0.3416347346766904,0.5,-0.4558752179145813,-0.22467109560966492,0.5804729461669922,0.0,0.0,0.0,-0.062269676476716995,-0.03459426388144493,-0.0013837706064805388,0.0,0.0,0.0,0.0,0.0,0.0,0.0,0.8414450776820412,1.1645812471450534,0.5,0.5803841352462769,-0.722545325756073,0.5772868394851685,0.0,0.0,0.0,-0.07472360879182816,0.031826723366975784,0.015221476554870605,0.0,0.0,0.0,0.0,0.0,0.0,0.0,0.5799932258767792,0.8373293288666769,0.5
6.271,GO_TO_START,0.13164423406124115,0.7597933411598206,0.6076992154121399,0.0,0.0,0.0,-0.03459426388144493,-0.058118365705013275,0.035978034138679504,0.0,0.0,0.0,0.0,0.0,0.0,0.0,0.6350768673448516,0.3420159623347202,0.5,-0.4487374424934387,-0.21576417982578278,0.5880193710327148,0.0,0.0,0.0,-0.07333984225988388,-0.01107016485184431,-0.00830262340605259,0.0,0.0,0.0,0.0,0.0,0.0,0.0,0.8409444713855894,1.1642807406785396,0.5,0.5803841352462769,-0.722545325756073,0.5772868394851685,0.0,0.0,0.0,-0.07472360879182816,0.031826723366975784,0.015221476554870605,0.0,0.0,0.0,0.0,0.0,0.0,0.0,0.5799312147732882,0.83714053572153,0.5
6.29,GO_TO_START,0.13164423406124115,0.7597933411598206,0.6076992154121399,0.0,0.0,0.0,-0.03459426388144493,-0.058118365705013275,0.035978034138679504,0.0,0.0,0.0,0.0,0.0,0.0,0.0,0.6348503061827422,0.342395070000519,0.5,-0.4487374424934387,-0.21576417982578278,0.5880193710327148,0.0,0.0,0.0,-0.07333984225988388,-0.01107016485184431,-0.00830262340605259,0.0,0.0,0.0,0.0,0.0,0.0,0.0,0.8404471587649238,1.163981554613871,0.5,0.5211430191993713,-0.6811016798019409,0.5751360654830933,0.0,0.0,0.0,-0.04289688542485237,0.10931787639856339,0.012453935109078884,0.0,0.0,0.0,0.0,0.0,0.0,0.0,0.5798723572352286,0.8369611482514087,0.5
6.31,GO_TO_START,0.13164423406124115,0.7597933411598206,0.6076992154121399,0.0,0.0,0.0,-0.03459426388144493,-0.058118365705013275,0.035978034138679504,0.0,0.0,0.0,0.0,0.0,0.0,0.0,0.6345369647726181,0.3429204348801846,0.5,-0.4487374424934387,-0.21576417982578278,0.5880193710327148,0.0,0.0,0.0,-0.07333984225988388,-0.01107016485184431,-0.00830262340605259,0.0,0.0,0.0,0.0,0.0,0.0,0.0,0.8399531170491099,1.1636836870803249,0.5,0.5211430191993713,-0.6811016798019409,0.5751360654830933,0.0,0.0,0.0,-0.04289688542485237,0.10931787639856339,0.012453935109078884,0.0,0.0,0.0,0.0,0.0,0.0,0.0,0.5798139087844489,0.8367828187610716,0.5
6.331,GO_TO_START,0.18275630474090576,0.7317482829093933,0.5766938328742981,0.0,0.0,0.0,0.08994509279727936,0.07057230174541473,0.03321049362421036,0.0,0.0,0.0,0.0,0.0,0.0,0.0,0.6342260343803516,0.3434429638892923,0.5,-0.4487374424934387,-0.21576417982578278,0.5880193710327148,0.0,0.0,0.0,-0.07333984225988388,-0.01107016485184431,-0.00830262340605259,0.0,0.0,0.0,0.0,0.0,0.0,0.0,0.8394623236313234,1.163387136141473,0.5,0.5211430191993713,-0.6811016798019409,0.5751360654830933,0.0,0.0,0.0,-0.04289688542485237,0.10931787639856339,0.012453935109078884,0.0,0.0,0.0,0.0,0.0,0.0,0.0,0.5797558663028014,0.8366055411394088,0.5
6.351,GO_TO_START,0.18275630474090576,0.7317482829093933,0.5766938328742981,0.0,0.0,0.0,0.08994509279727936,0.07057230174541473,0.03321049362421036,0.0,0.0,0.0,0.0,0.0,0.0,0.0,0.6339174945037753,0.3439626697268137,0.5,-0.4487374424934387,-0.21576417982578278,0.5880193710327148,0.0,0.0,0.0,-0.07333984225988388,-0.01107016485184431,-0.00830262340605259,0.0,0.0,0.0,0.0,0.0,0.0,0.0,0.8389036964992135,1.163048818289397,0.5,0.5211430191993713,-0.6811016798019409,0.5751360654830933,0.0,0.0,0.0,-0.04289688542485237,0.10931787639856339,0.012453935109078884,0.0,0.0,0.0,0.0,0.0,0.0,0.0,0.5796982266986801,0.8364293093088369,0.5
6.371,GO_TO_START,0.18275630474090576,0.7317482829093933,0.5766938328742981,0.0,0.0,0.0,0.08994509279727936,0.07057230174541473,0.03321049362421036,0.0,0.0,0.0,0.0,0.0,0.0,0.0,0.6336113248297608,0.3444795650763681,0.5,-0.46240347623825073,-0.10093651711940765,0.6086193919181824,0.0,0.0,0.0,-0.04843197017908096,0.02629164233803749,-0.019372789189219475,0.0,0.0,0.0,0.0,0.0,0.0,0.0,0.8383487864007628,1.162711927949919,0.5,0.5211430191993713,-0.6811016798019409,0.5751360654830933,0.0,0.0,0.0,-0.04289688542485237,0.10931787639856339,0.012453935109078884,0.0,0.0,0.0,0.0,0.0,0.0,0.0,0.5796409869067697,0.8362541172251408,0.5
6.39,GO_TO_START,0.18275630474090576,0.7317482829093933,0.5766938328742981,0.0,0.0,0.0,0.08994509279727936,0.07057230174541473,0.03321049362421036,0.0,0.0,0.0,0.0,0.0,0.0,0.0,0.6333075052324162,0.34499366260542974,0.5,-0.46240347623825073,-0.10093651711940765,0.6086193919181824,0.0,0.0,0.0,-0.04843197017908096,0.02629164233803749,-0.019372789189219475,0.0,0.0,0.0,0.0,0.0,0.0,0.0,0.8377975673074282,1.1623764641558394,0.5,0.48991894721984863,-0.6409528851509094,0.5664900541305542,0.0,0.0,0.0,-0.03044295310974121,0.13560952246189117,0.013837706297636032,0.0,0.0,0.0,0.0,0.0,0.0,0.0,0.5796516876551854,0.8362868825371819,0.5
6.411,GO_TO_START,0.18275630474090576,0.7317482829093933,0.5766938328742981,0.0,0.0,0.0,0.08994509279727936,0.07057230174541473,0.03321049362421036,0.0,0.0,0.0,0.0,0.0,0.0,0.0,0.6329488318861125,0.3456020868138802,0.5,-0.46240347623825073,-0.10093651711940765,0.6086193919181824,0.0,0.0,0.0,-0.04843197017908096,0.02629164233803749,-0.019372789189219475,0.0,0.0,0.0,0.0,0.0,0.0,0.0,0.8372500133794858,1.1620424258485502,0.5,0.48991894721984863,-0.6409528851509094,0.5664900541305542,0.0,0.0,0.0,-0.03044295310974121,0.13560952246189117,0.013837706297636032,0.0,0.0,0.0,0.0,0.0,0.0,0.0,0.5796623260644669,0.836319450648089,0.5
6.43,GO_TO_START,0.15465328097343445,0.7650435566902161,0.5719839930534363,0.0,0.0,0.0,0.0982477143406868,0.045664429664611816,0.019372789189219475,0.0,0.0,0.0,0.0,0.0,0.0,0.0,0.632593020585131,0.34620727847299987,0.5,-0.46240347623825073,-0.10093651711940765,0.6086193919181824,0.0,0.0,0.0,-0.04843197017908096,0.02629164233803749,-0.019372789189219475,0.0,0.0,0.0,0.0,0.0,0.0,0.0,0.8367060989647324,1.1617098118798426,0.5,0.48991894721984863,-0.6409528851509094,0.5664900541305542,0.0,0.0,0.0,-0.03044295310974121,0.13560952246189117,0.013837706297636032,0.0,0.0,0.0,0.0,0.0,0.0,0.0,0.579672902486298,0.836351822748253,0.5
6.451,GO_TO_START,0.15465328097343445,0.7650435566902161,0.5719839930534363,0.0,0.0,0.0,0.0982477143406868,0.045664429664611816,0.019372789189219475,0.0,0.0,0.0,0.0,0.0,0.0,0.0,0.6322400461454547,0.34680925115607647,0.5,-0.46240347623825073,-0.10093651711940765,0.6086193919181824,0.0,0.0,0.0,-0.04843197017908096,0.02629164233803749,-0.019372789189219475,0.0,0.0,0.0,0.0,0.0,0.0,0.0,0.8362601668853276,1.161436523057532,0.5,0.48991894721984863,-0.6409528851509094,0.5664900541305542,0.0,0.0,0.0,-0.03044295310974121,0.13560952246189117,0.013837706297636032,0.0,0.0,0.0,0.0,0.0,0.0,0.0,0.5796834172705196,0.8363840000208382,0.5
6.47,GO_TO_START,0.15465328097343445,0.7650435566902161,0.5719839930534363,0.0,0.0,0.0,0.0982477143406868,0.045664429664611816,0.019372789189219475,0.0,0.0,0.0,0.0,0.0,0.0,0.0,0.6318898836204441,0.3474080184387514,0.5,-0.38571488857269287,-0.09314607828855515,0.5837076306343079,0.0,0.0,0.0,-0.004151311703026295,0.013837706297636032,-0.019372789189219475,0.0,0.0,0.0,0.0,0.0,0.0,0.0,0.8358171466483919,1.1611644888485917,0.5,0.48991894721984863,-0.6409528851509094,0.5664900541305542,0.0,0.0,0.0,-0.03044295310974121,0.13560952246189117,0.013837706297636032,0.0,0.0,0.0,0.0,0.0,0.0,0.0,0.5796938707651389,0.836415983641827,0.5
6.49,GO_TO_START,0.15465328097343445,0.7650435566902161,0.5719839930534363,0.0,0.0,0.0,0.0982477143406868,0.045664429664611816,0.019372789189219475,0.0,0.0,0.0,0.0,0.0,0.0,0.0,0.6315425082985746,0.34800359389776425,0.5,-0.38571488857269287,-0.09314607828855515,0.5837076306343079,0.0,0.0,0.0,-0.004151311703026295,0.013837706297636032,-0.019372789189219475,0.0,0.0,0.0,0.0,0.0,0.0,0.0,0.8353770182859903,1.1608937065353087,0.5,0.5669775605201721,-0.5806252360343933,0.5748940706253052,0.0,0.0,0.0,0.019372789189219475,0.14114460349082947,0.005535082425922155,0.0,0.0,0.0,0.0,0.0,0.0,0.0,0.5796876659656763,0.8363970001054795,0.5
6.51,GO_TO_START,0.15465328097343445,0.7650435566902161,0.5719839930534363,0.0,0.0,0.0,0.0982477143406868,0.045664429664611816,0.019372789189219475,0.0,0.0,0.0,0.0,0.0,0.0,0.0,0.631252554736744,0.34850192698319743,0.5,-0.38571488857269287,-0.09314607828855515,0.5837076306343079,0.0,0.0,0.0,-0.004151311703026295,0.013837706297636032,-0.019372789189219475,0.0,0.0,0.0,0.0,0.0,0.0,0.0,0.8349397619737975,1.1606241733553873,0.5,0.5669775605201721,-0.5806252360343933,0.5748940706253052,0.0,0.0,0.0,0.019372789189219475,0.14114460349082947,0.005535082425922155,0.0,0.0,0.0,0.0,0.0,0.0,0.0,0.5796814990212318,0.8363781302656802,0.5
6.53,GO_TO_START,0.13457325100898743,0.7882767915725708,0.5821864604949951,0.0,0.0,0.0,0.09686394035816193,0.05950213596224785,0.015221476554870605,0.0,0.0,0.0,0.0,0.0,0.0,0.0,0.6309648155831475,0.34899754596122634,0.5,-0.38571488857269287,-0.09314607828855515,0.5837076306343079,0.0,0.0,0.0,-0.004151311703026295,0.013837706297636032,-0.019372789189219475,0.0,0.0,0.0,0.0,0.0,0.0,0.0,0.8345053580300656,1.160355886503,0.5,0.5669775605201721,-0.5806252360343933,0.5748940706253052,0.0,0.0,0.0,0.019372789189219475,0.14114460349082947,0.005535082425922155,0.0,0.0,0.0,0.0,0.0,0.0,0.0,0.5796753696971896,0.8363593734427188,0.5
6.551,GO_TO_START,0.13457325100898743,0.7882767915725708,0.5821864604949951,0.0,0.0,0.0,0.09686394035816193,0.05950213596224785,0.015221476554870605,0.0,0.0,0.0,0.0,0.0,0.0,0.0,0.6306792721323365,0.34949046336763234,0.5,-0.38571488857269287,-0.09314607828855515,0.5837076306343079,0.0,0.0,0.0,-0.004151311703026295,0.013837706297636032,-0.019372789189219475,0.0,0.0,0.0,0.0,0.0,0.0,0.0,0.8341358346610008,1.1601272675075283,0.5,0.5669775605201721,-0.5806252360343933,0.5748940706253052,0.0,0.0,0.0,0.019372789189219475,0.14114460349082947,0.005535082425922155,0.0,0.0,0.0,0.0,0.0,0.0,0.0,0.5796692777604314,0.8363407289609337,0.5
6.57,GO_TO_START,0.13457325100898743,0.7882767915725708,0.5821864604949951,0.0,0.0,0.0,0.09686394035816193,0.05950213596224785,0.015221476554870605,0.0,0.0,0.0,0.0,0.0,0.0,0.0,0.6303959058508538,0.3499806917156076,0.5,-0.42297786474227905,0.00020067952573299408,0.5945311784744263,0.0,0.0,0.0,-0.020756559446454048,-0.005535082425922155,-0.013837706297636032,0.0,0.0,0.0,0.0,0.0,0.0,0.0,0.833768692609393,1.159899755075473,0.5,0.5669775605201721,-0.5806252360343933,0.5748940706253052,0.0,0.0,0.0,0.019372789189219475,0.14114460349082947,0.005535082425922155,0.0,0.0,0.0,0.0,0.0,0.0,0.0,0.5796632229793259,0.8363221961486875,0.5
6.59,GO_TO_START,0.13457325100898743,0.7882767915725708,0.5821864604949951,0.0,0.0,0.0,0.09686394035816193,0.05950213596224785,0.015221476554870605,0.0,0.0,0.0,0.0,0.0,0.0,0.0,0.6301146983755874,0.3504682434951285,0.5,-0.42297786474227905,0.00020067952573299408,0.5945311784744263,0.0,0.0,0.0,-0.020756559446454048,-0.005535082425922155,-0.013837706297636032,0.0,0.0,0.0,0.0,0.0,0.0,0.0,0.833403915811671,1.159673345856556,0.5,0.7625266313552856,-0.5430321097373962,0.5458791255950928,0.0,0.0,0.0,0.009686394594609737,0.024907870218157768,0.0027675412129610777,0.0,0.0,0.0,0.0,0.0,0.0,0.0,0.5797231282192237,0.8365054677802559,0.5
6.61,GO_TO_START,0.13457325100898743,0.7882767915725708,0.5821864604949951,0.0,0.0,0.0,0.09686394035816193,0.05950213596224785,0.015221476554870605,0.0,0.0,0.0,0.0,0.0,0.0,0.0,0.6300661784988675,0.3505524732791594,0.5,-0.42297786474227905,0.00020067952573299408,0.5945311784744263,0.0,0.0,0.0,-0.020756559446454048,-0.005535082425922155,-0.013837706297636032,0.0,0.0,0.0,0.0,0.0,0.0,0.0,0.8330414883184327,1.1594480364792918,0.5,0.7625266313552856,-0.5430321097373962,0.5458791255950928,0.0,0.0,0.0,0.009686394594609737,0.024907870218157768,0.0027675412129610777,0.0,0.0,0.0,0.0,0.0,0.0,0.0,0.5797827323911026,0.8366876206946865,0.5
6.63,GO_TO_START,0.18891213834285736,0.7352666258811951,0.5493448376655579,0.0,0.0,0.0,0.1286906749010086,0.08856131881475449,0.013837706297636032,0.0,0.0,0.0,0.0,0.0,0.0,0.0,0.6300179632654119,0.3506362054734247,0.5,-0.42297786474227905,0.00020067952573299408,0.5945311784744263,0.0,0.0,0.0,-0.020756559446454048,-0.005535082425922155,-0.013837706297636032,0.0,0.0,0.0,0.0,0.0,0.0,0.0,0.832681394293612,1.159223823551642,0.5,0.7625266313552856,-0.5430321097373962,0.5458791255950928,0.0,0.0,0.0,0.009686394594609737,0.024907870218157768,0.0027675412129610777,0.0,0.0,0.0,0.0,0.0,0.0,0.0,0.5798420365970837,0.8368686618142239,0.5
6.651,GO_TO_START,0.18891213834285736,0.7352666258811951,0.5493448376655579,0.0,0.0,0.0,0.1286906749010086,0.08856131881475449,0.013837706297636032,0.0,0.0,0.0,0.0,0.0,0.0,0.0,0.6299700506867991,0.3507194429681243,0.5,-0.42297786474227905,0.00020067952573299408,0.5945311784744263,0.0,0.0,0.0,-0.020756559446454048,-0.005535082425922155,-0.013837706297636032,0.0,0.0,0.0,0.0,0.0,0.0,0.0,0.8321805310921999,1.1589113726211706,0.5,0.7625266313552856,-0.5430321097373962,0.5458791255950928,0.0,0.0,0.0,0.009686394594609737,0.024907870218157768,0.0027675412129610777,0.0,0.0,0.0,0.0,0.0,0.0,0.0,0.5799010419412034,0.8370485980173993,0.5
6.671,GO_TO_START,0.18891213834285736,0.7352666258811951,0.5493448376655579,0.0,0.0,0.0,0.1286906749010086,0.08856131881475449,0.013837706297636032,0.0,0.0,0.0,0.0,0.0,0.0,0.0,0.6299224387884363,0.35080218863729573,0.5,-0.3339356482028961,0.009653993882238865,0.5625846982002258,0.0,0.0,0.0,0.0567345917224884,0.06365344673395157,-0.01107016485184431,0.0,0.0,0.0,0.0,0.0,0.0,0.0,0.8316829779633146,1.15860030818089,0.5,0.7625266313552856,-0.5430321097373962,0.5458791255950928,0.0,0.0,0.0,0.009686394594609737,0.024907870218157768,0.0027675412129610777,0.0,0.0,0.0,0.0,0.0,0.0,0.0,0.5799597495292986,0.8372274361393119,0.5
6.69,GO_TO_START,0.18891213834285736,0.7352666258811951,0.5493448376655579,0.0,0.0,0.0,0.1286906749010086,0.08856131881475449,0.013837706297636032,0.0,0.0,0.0,0.0,0.0,0.0,0.0,0.6298751256094549,0.35088444533889634,0.5,-0.3339356482028961,0.009653993882238865,0.5625846982002258,0.0,0.0,0.0,0.0567345917224884,0.06365344673395157,-0.01107016485184431,0.0,0.0,0.0,0.0,0.0,0.0,0.0,0.8311887118703911,1.1582906280477139,0.5,0.7958803176879883,-0.48530420660972595,0.5110041499137878,0.0,0.0,0.0,0.041513118892908096,-0.11762050539255142,0.012453935109078884,0.0,0.0,0.0,0.0,0.0,0.0,0.0,0.5800005884783428,0.8373517303495343,0.5
6.71,GO_TO_START,0.18891213834285736,0.7352666258811951,0.5493448376655579,0.0,0.0,0.0,0.1286906749010086,0.08856131881475449,0.013837706297636032,0.0,0.0,0.0,0.0,0.0,0.0,0.0,0.6298490674155252,0.35092976187607505,0.5,-0.3339356482028961,0.009653993882238865,0.5625846982002258,0.0,0.0,0.0,0.0567345917224884,0.06365344673395157,-0.01107016485184431,0.0,0.0,0.0,0.0,0.0,0.0,0.0,0.8306977099443635,1.1579823299734215,0.5,0.7958803176879883,-0.48530420660972595,0.5110041499137878,0.0,0.0,0.0,0.041513118892908096,-0.11762050539255142,0.012453935109078884,0.0,0.0,0.0,0.0,0.0,0.0,0.0,0.5800412092519529,0.8374752699665318,0.5
6.731,GO_TO_START,0.17882952094078064,0.7299454808235168,0.5590447783470154,0.0,0.0,0.0,-0.004151311703026295,0.0027675412129610777,0.01660524681210518,0.0,0.0,0.0,0.0,0.0,0.0,0.0,0.6298231694835559,0.35097480876376547,0.5,-0.3339356482028961,0.009653993882238865,0.5625846982002258,0.0,0.0,0.0,0.0567345917224884,0.06365344673395157,-0.01107016485184431,0.0,0.0,0.0,0.0,0.0,0.0,0.0,0.8302099494824695,1.1576754116460588,0.5,0.7958803176879883,-0.48530420660972595,0.5110041499137878,0.0,0.0,0.0,0.041513118892908096,-0.11762050539255142,0.012453935109078884,0.0,0.0,0.0,0.0,0.0,0.0,0.0,0.580081612835958,0.8375980596177297,0.5
6.751,GO_TO_START,0.17882952094078064,0.7299454808235168,0.5590447783470154,0.0,0.0,0.0,-0.004151311703026295,0.0027675412129610777,0.01660524681210518,0.0,0.0,0.0,0.0,0.0,0.0,0.0,0.6297974308053552,0.35101958759261365,0.5,-0.3339356482028961,0.009653993882238865,0.5625846982002258,0.0,0.0,0.0,0.0567345917224884,0.06365344673395157,-0.01107016485184431,0.0,0.0,0.0,0.0,0.0,0.0,0.0,0.8297060661576583,1.1573576607717655,0.5,0.7958803176879883,-0.48530420660972595,0.5110041499137878,0.0,0.0,0.0,0.041513118892908096,-0.11762050539255142,0.012453935109078884,0.0,0.0,0.0,0.0,0.0,0.0,0.0,0.580121800214172,0.8377201039016975,0.5
6.77,GO_TO_START,0.17882952094078064,0.7299454808235168,0.5590447783470154,0.0,0.0,0.0,-0.004151311703026295,0.0027675412129610777,0.01660524681210518,0.0,0.0,0.0,0.0,0.0,0.0,0.0,0.6297718503793345,0.3510640999440542,0.5,-0.36724284291267395,0.1350078582763672,0.6177220940589905,0.0,0.0,0.0,0.03874557837843895,-0.009686394594609737,-0.006918853148818016,0.0,0.0,0.0,0.0,0.0,0.0,0.0,0.8292055190204031,1.1570413207747778,0.5,0.7958803176879883,-0.48530420660972595,0.5110041499137878,0.0,0.0,0.0,0.041513118892908096,-0.11762050539255142,0.012453935109078884,0.0,0.0,0.0,0.0,0.0,0.0,0.0,0.5801617723683586,0.8378414073883331,0.5
6.791,GO_TO_START,0.17882952094078064,0.7299454808235168,0.5590447783470154,0.0,0.0,0.0,-0.004151311703026295,0.0027675412129610777,0.01660524681210518,0.0,0.0,0.0,0.0,0.0,0.0,0.0,0.6297464272104624,0.3511083473903607,0.5,-0.36724284291267395,0.1350078582763672,0.6177220940589905,0.0,0.0,0.0,0.03874557837843895,-0.009686394594609737,-0.006918853148818016,0.0,0.0,0.0,0.0,0.0,0.0,0.0,0.8287082847933216,1.1567263894248558,0.5,0.8037732839584351,-0.42875218391418457,0.47924286127090454,0.0,0.0,0.0,0.04704819992184639,-0.16190116107463837,0.020756559446454048,0.0,0.0,0.0,0.0,0.0,0.0,0.0,0.5802919926121316,0.8382359857151245,0.5
6.811,GO_TO_START,0.17882952094078064,0.7299454808235168,0.5590447783470154,0.0,0.0,0.0,-0.004151311703026295,0.0027675412129610777,0.01660524681210518,0.0,0.0,0.0,0.0,0.0,0.0,0.0,0.6297064349940392,0.3511779689959455,0.5,-0.36724284291267395,0.1350078582763672,0.6177220940589905,0.0,0.0,0.0,0.03874557837843895,-0.009686394594609737,-0.006918853148818016,0.0,0.0,0.0,0.0,0.0,0.0,0.0,0.8282143403687627,1.156412864425549,0.5,0.8037732839584351,-0.42875218391418457,0.47924286127090454,0.0,0.0,0.0,0.04704819992184639,-0.16190116107463837,0.020756559446454048,0.0,0.0,0.0,0.0,0.0,0.0,0.0,0.5804217023019556,0.8386281071086649,0.5
6.83,GO_TO_START,0.25011739134788513,0.6642822623252869,0.5281198620796204,0.0,0.0,0.0,-0.017989017069339752,-0.00830262340605259,0.02629164233803749,0.0,0.0,0.0,0.0,0.0,0.0,0.0,0.6296666919641619,0.35124717817486356,0.5,-0.36724284291267395,0.1350078582763672,0.6177220940589905,0.0,0.0,0.0,0.03874557837843895,-0.009686394594609737,-0.006918853148818016,0.0,0.0,0.0,0.0,0.0,0.0,0.0,0.8277236628075939,1.1561007434156232,0.5,0.8037732839584351,-0.42875218391418457,0.47924286127090454,0.0,0.0,0.0,0.04704819992184639,-0.16190116107463837,0.020756559446454048,0.0,0.0,0.0,0.0,0.0,0.0,0.0,0.5805509012007812,0.8390177871967548,0.5
6.85,GO_TO_START,0.25011739134788513,0.6642822623252869,0.5281198620796204,0.0,0.0,0.0,-0.017989017069339752,-0.00830262340605259,0.02629164233803749,0.0,0.0,0.0,0.0,0.0,0.0,0.0,0.6296271965159416,0.3513159773370166,0.5,-0.36724284291267395,0.1350078582763672,0.6177220940589905,0.0,0.0,0.0,0.03874557837843895,-0.009686394594609737,-0.006918853148818016,0.0,0.0,0.0,0.0,0.0,0.0,0.0,0.8270351620979033,1.1556616590951627,0.5,0.8037732839584351,-0.42875218391418457,0.47924286127090454,0.0,0.0,0.0,0.04704819992184639,-0.16190116107463837,0.020756559446454048,0.0,0.0,0.0,0.0,0.0,0.0,0.0,0.580679589113433,0.839405041506161,0.5
6.871,GO_TO_START,0.25011739134788513,0.6642822623252869,0.5281198620796204,0.0,0.0,0.0,-0.017989017069339752,-0.00830262340605259,0.02629164233803749,0.0,0.0,0.0,0.0,0.0,0.0,0.0,0.6295879470554192,0.35138436887864205,0.5,-0.33534106612205505,0.19095322489738464,0.6206302046775818,0.0,0.0,0.0,0.05119951069355011,-0.020756559446454048,-0.0013837706064805388,0.0,0.0,0.0,0.0,0.0,0.0,0.0,0.8263513852446702,1.1552242810544207,0.5,0.8037732839584351,-0.42875218391418457,0.47924286127090454,0.0,0.0,0.0,0.04704819992184639,-0.16190116107463837,0.020756559446454048,0.0,0.0,0.0,0.0,0.0,0.0,0.0,0.5808077658858595,0.8397898854632498,0.5
6.89,GO_TO_START,0.25011739134788513,0.6642822623252869,0.5281198620796204,0.0,0.0,0.0,-0.017989017069339752,-0.00830262340605259,0.02629164233803749,0.0,0.0,0.0,0.0,0.0,0.0,0.0,0.6295489419994849,0.3514523551823856,0.5,-0.33534106612205505,0.19095322489738464,0.6206302046775818,0.0,0.0,0.0,0.05119951069355011,-0.020756559446454048,-0.0013837706064805388,0.0,0.0,0.0,0.0,0.0,0.0,0.0,0.8256722980520574,1.154788610954295,0.5,0.8529988527297974,-0.4452730119228363,0.5111954212188721,0.0,0.0,0.0,0.07333984225988388,-0.1134691834449768,0.035978034138679504,0.0,0.0,0.0,0.0,0.0,0.0,0.0,0.5809667994853932,0.8402661733259578,0.5
6.91,GO_TO_START,0.25011739134788513,0.6642822623252869,0.5281198620796204,0.0,0.0,0.0,-0.017989017069339752,-0.00830262340605259,0.02629164233803749,0.0,0.0,0.0,0.0,0.0,0.0,0.0,0.6295921624239522,0.35137702267001975,0.5,-0.33534106612205505,0.19095322489738464,0.6206302046775818,0.0,0.0,0.0,0.05119951069355011,-0.020756559446454048,-0.0013837706064805388,0.0,0.0,0.0,0.0,0.0,0.0,0.0,0.8249978665761832,1.1543546502908124,0.5,0.8529988527297974,-0.4452730119228363,0.5111954212188721,0.0,0.0,0.0,0.07333984225988388,-0.1134691834449768,0.035978034138679504,0.0,0.0,0.0,0.0,0.0,0.0,0.0,0.5811252738511965,0.8407394713978309,0.5
6.93,GO_TO_START,0.2852807343006134,0.6390460729598999,0.5237045288085938,0.0,0.0,0.0,-0.10793410241603851,-0.041513118892908096,0.03874557837843895,0.0,0.0,0.0,0.0,0.0,0.0,0.0,0.629635134331914,0.35130214835349943,0.5,-0.33534106612205505,0.19095322489738464,0.6206302046775818,0.0,0.0,0.0,0.05119951069355011,-0.020756559446454048,-0.0013837706064805388,0.0,0.0,0.0,0.0,0.0,0.0,0.0,0.8243280571234877,1.1539224003981543,0.5,0.8529988527297974,-0.4452730119228363,0.5111954212188721,0.0,0.0,0.0,0.07333984225988388,-0.1134691834449768,0.035978034138679504,0.0,0.0,0.0,0.0,0.0,0.0,0.0,0.5812831875045941,0.8412097988730322,0.5
6.951,GO_TO_START,0.2852807343006134,0.6390460729598999,0.5237045288085938,0.0,0.0,0.0,-0.10793410241603851,-0.041513118892908096,0.03874557837843895,0.0,0.0,0.0,0.0,0.0,0.0,0.0,0.6296778590843042,0.35122772941099967,0.5,-0.33534106612205505,0.19095322489738464,0.6206302046775818,0.0,0.0,0.0,0.05119951069355011,-0.020756559446454048,-0.0013837706064805388,0.0,0.0,0.0,0.0,0.0,0.0,0.0,0.8427831593529052,1.1653812305690008,0.5,0.8529988527297974,-0.4452730119228363,0.5111954212188721,0.0,0.0,0.0,0.07333984225988388,-0.1134691834449768,0.035978034138679504,0.0,0.0,0.0,0.0,0.0,0.0,0.0,0.581440539035298,0.8416771748214366,0.5
6.971,GO_TO_START,0.2852807343006134,0.6390460729598999,0.5237045288085938,0.0,0.0,0.0,-0.10793410241603851,-0.041513118892908096,0.03874557837843895,0.0,0.0,0.0,0.0,0.0,0.0,0.0,0.6297203380354638,0.3511537630384683,0.5,-0.33043134212493896,0.15921878814697266,0.6027906537055969,0.0,0.0,0.0,0.07195606827735901,-0.005535082425922155,0.004151311703026295,0.0,0.0,0.0,0.0,0.0,0.0,0.0,0.8615266689111838,1.1761018316357799,0.5,0.8529988527297974,-0.4452730119228363,0.5111954212188721,0.0,0.0,0.0,0.07333984225988388,-0.1134691834449768,0.035978034138679504,0.0,0.0,0.0,0.0,0.0,0.0,0.0,0.5815973271002611,0.8421416181893776,0.5
6.99,GO_TO_START,0.2852807343006134,0.6390460729598999,0.5237045288085938,0.0,0.0,0.0,-0.10793410241603851,-0.041513118892908096,0.03874557837843895,0.0,0.0,0.0,0.0,0.0,0.0,0.0,0.6297625725331618,0.35108024644950897,0.5,-0.33043134212493896,0.15921878814697266,0.6027906537055969,0.0,0.0,0.0,0.07195606827735901,-0.005535082425922155,0.004151311703026295,0.0,0.0,0.0,0.0,0.0,0.0,0.0,0.8805280238392756,1.1860828798460497,0.5,0.8071693181991577,-0.4429122507572174,0.530510663986206,0.0,0.0,0.0,-0.009686394594609737,-0.08441001176834106,0.03044295310974121,0.0,0.0,0.0,0.0,0.0,0.0,0.0,0.5817300138925942,0.8425336928682584,0.5
7.01,GO_TO_START,0.2852807343006134,0.6390460729598999,0.5237045288085938,0.0,0.0,0.0,-0.10793410241603851,-0.041513118892908096,0.03874557837843895,0.0,0.0,0.0,0.0,0.0,0.0,0.0,0.6297343163231526,0.35112942870154884,0.5,-0.33043134212493896,0.15921878814697266,0.6027906537055969,0.0,0.0,0.0,0.07195606827735901,-0.005535082425922155,0.004151311703026295,0.0,0.0,0.0,0.0,0.0,0.0,0.0,0.8997571511670672,1.1953242307178162,0.5,0.8071693181991577,-0.4429122507572174,0.530510663986206,0.0,0.0,0.0,-0.009686394594609737,-0.08441001176834106,0.03044295310974121,0.0,0.0,0.0,0.0,0.0,0.0,0.0,0.5818621725816828,0.8429233242933435,0.5
7.031,GO_TO_START,0.2481134533882141,0.6646168828010559,0.5528903007507324,0.0,0.0,0.0,-0.09548017382621765,-0.09132885932922363,0.04704819992184639,0.0,0.0,0.0,0.0,0.0,0.0,0.0,0.6297062342582364,0.3511783185070822,0.5,-0.33043134212493896,0.15921878814697266,0.6027906537055969,0.0,0.0,0.0,0.07195606827735901,-0.005535082425922155,0.004151311703026295,0.0,0.0,0.0,0.0,0.0,0.0,0.0,0.9191845023894301,1.203826873727508,0.5,0.8071693181991577,-0.4429122507572174,0.530510663986206,0.0,0.0,0.0,-0.009686394594609737,-0.08441001176834106,0.03044295310974121,0.0,0.0,0.0,0.0,0.0,0.0,0.0,0.5819938030679996,0.843310528028987,0.5
7.051,GO_TO_START,0.2481134533882141,0.6646168828010559,0.5528903007507324,0.0,0.0,0.0,-0.09548017382621765,-0.09132885932922363,0.04704819992184639,0.0,0.0,0.0,0.0,0.0,0.0,0.0,0.6296783252386602,0.3512269175886915,0.5,-0.33043134212493896,0.15921878814697266,0.6027906537055969,0.0,0.0,0.0,0.07195606827735901,-0.005535082425922155,0.004151311703026295,0.0,0.0,0.0,0.0,0.0,0.0,0.0,0.9178604673739069,1.2032732032117037,0.5,0.8071693181991577,-0.4429122507572174,0.530510663986206,0.0,0.0,0.0,-0.009686394594609737,-0.08441001176834106,0.03044295310974121,0.0,0.0,0.0,0.0,0.0,0.0,0.0,0.5821249052926941,0.843695319538621,0.5
7.071,GO_TO_START,0.2481134533882141,0.6646168828010559,0.5528903007507324,0.0,0.0,0.0,-0.09548017382621765,-0.09132885932922363,0.04704819992184639,0.0,0.0,0.0,0.0,0.0,0.0,0.0,0.6296505881719218,0.35127522765901537,0.5,-0.26800432801246643,0.19063453376293182,0.5676214694976807,0.0,0.0,0.0,0.00830262340605259,0.00830262340605259,0.005535082425922155,0.0,0.0,0.0,0.0,0.0,0.0,0.0,0.9165456927332039,1.2027197177761804,0.5,0.8071693181991577,-0.4429122507572174,0.530510663986206,0.0,0.0,0.0,-0.009686394594609737,-0.08441001176834106,0.03044295310974121,0.0,0.0,0.0,0.0,0.0,0.0,0.0,0.5822554792368551,0.8440777141853927,0.5
7.09,GO_TO_START,0.2481134533882141,0.6646168828010559,0.5528903007507324,0.0,0.0,0.0,-0.09548017382621765,-0.09132885932922363,0.04704819992184639,0.0,0.0,0.0,0.0,0.0,0.0,0.0,0.6296230219727185,0.3513232504208033,0.5,-0.26800432801246643,0.19063453376293182,0.5676214694976807,0.0,0.0,0.0,0.00830262340605259,0.00830262340605259,0.005535082425922155,0.0,0.0,0.0,0.0,0.0,0.0,0.0,0.9152401145238838,1.2021664569414199,0.5,0.7532758116722107,-0.46688607335090637,0.5389713048934937,0.0,0.0,0.0,-0.03874557837843895,-0.03874557837843895,0.024907870218157768,0.0,0.0,0.0,0.0,0.0,0.0,0.0,0.5823934906912988,0.8444809774512441,0.5
7.11,GO_TO_START,0.2481134533882141,0.6646168828010559,0.5528903007507324,0.0,0.0,0.0,-0.09548017382621765,-0.09132885932922363,0.04704819992184639,0.0,0.0,0.0,0.0,0.0,0.0,0.0,0.6295287332752326,0.35148758733694824,0.5,-0.26800432801246643,0.19063453376293182,0.5676214694976807,0.0,0.0,0.0,0.00830262340605259,0.00830262340605259,0.005535082425922155,0.0,0.0,0.0,0.0,0.0,0.0,0.0,0.913943669147421,1.2016134594663348,0.5,0.7532758116722107,-0.46688607335090637,0.5389713048934937,0.0,0.0,0.0,-0.03874557837843895,-0.03874557837843895,0.024907870218157768,0.0,0.0,0.0,0.0,0.0,0.0,0.0,0.5825309579382373,0.8448817238776009,0.5
7.131,GO_TO_START,0.24896098673343658,0.6456527709960938,0.5631459355354309,0.0,0.0,0.0,-0.017989017069339752,0.019372789189219475,0.041513118892908096,0.0,0.0,0.0,0.0,0.0,0.0,0.0,0.6294350617419494,0.3516509677300897,0.5,-0.26800432801246643,0.19063453376293182,0.5676214694976807,0.0,0.0,0.0,0.00830262340605259,0.00830262340605259,0.005535082425922155,0.0,0.0,0.0,0.0,0.0,0.0,0.0,0.9126562933512148,1.2010607633593735,0.5,0.7532758116722107,-0.46688607335090637,0.5389713048934937,0.0,0.0,0.0,-0.03874557837843895,-0.03874557837843895,0.024907870218157768,0.0,0.0,0.0,0.0,0.0,0.0,0.0,0.5826678807788747,0.8452799695310987,0.5
7.151,GO_TO_START,0.24896098673343658,0.6456527709960938,0.5631459355354309,0.0,0.0,0.0,-0.017989017069339752,0.019372789189219475,0.041513118892908096,0.0,0.0,0.0,0.0,0.0,0.0,0.0,0.6293420030636966,0.35181339697049374,0.5,-0.26800432801246643,0.19063453376293182,0.5676214694976807,0.0,0.0,0.0,0.00830262340605259,0.00830262340605259,0.005535082425922155,0.0,0.0,0.0,0.0,0.0,0.0,0.0,0.9322256864400665,1.2090834896091098,0.5,0.7532758116722107,-0.46688607335090637,0.5389713048934937,0.0,0.0,0.0,-0.03874557837843895,-0.03874557837843895,0.024907870218157768,0.0,0.0,0.0,0.0,0.0,0.0,0.0,0.5828042590581295,0.8456757303740109,0.5
7.171,GO_TO_START,0.24896098673343658,0.6456527709960938,0.5631459355354309,0.0,0.0,0.0,-0.017989017069339752,0.019372789189219475,0.041513118892908096,0.0,0.0,0.0,0.0,0.0,0.0,0.0,0.6292495529642415,0.3519748804009003,0.5,-0.26217859983444214,0.22316505014896393,0.5562595129013062,0.0,0.0,0.0,-0.029059182852506638,0.03736180439591408,0.004151311703026295,0.0,0.0,0.0,0.0,0.0,0.0,0.0,0.9519458812246928,1.2163696372830526,0.5,0.7532758116722107,-0.46688607335090637,0.5389713048934937,0.0,0.0,0.0,-0.03874557837843895,-0.03874557837843895,0.024907870218157768,0.0,0.0,0.0,0.0,0.0,0.0,0.0,0.5829400926638488,0.8460690222649047,0.5
7.19,GO_TO_START,0.24896098673343658,0.6456527709960938,0.5631459355354309,0.0,0.0,0.0,-0.017989017069339752,0.019372789189219475,0.041513118892908096,0.0,0.0,0.0,0.0,0.0,0.0,0.0,0.6291577072000102,0.35213542333662823,0.5,-0.26217859983444214,0.22316505014896393,0.5562595129013062,0.0,0.0,0.0,-0.029059182852506638,0.03736180439591408,0.004151311703026295,0.0,0.0,0.0,0.0,0.0,0.0,0.0,0.9717887714445835,1.222922994840292,0.5,0.7425772547721863,-0.45005038380622864,0.5501574277877808,0.0,0.0,0.0,-0.062269676476716995,0.03044295310974121,0.015221476554870605,0.0,0.0,0.0,0.0,0.0,0.0,0.0,0.5830986795603458,0.8465270792633333,0.5
7.211,GO_TO_START,0.24896098673343658,0.6456527709960938,0.5631459355354309,0.0,0.0,0.0,-0.017989017069339752,0.019372789189219475,0.041513118892908096,0.0,0.0,0.0,0.0,0.0,0.0,0.0,0.6290425309457007,0.3523369095159111,0.5,-0.26217859983444214,0.22316505014896393,0.5562595129013062,0.0,0.0,0.0,-0.029059182852506638,0.03736180439591408,0.004151311703026295,0.0,0.0,0.0,0.0,0.0,0.0,0.0,0.991726884337356,1.2287483225534561,0.5,0.7425772547721863,-0.45005038380622864,0.5501574277877808,0.0,0.0,0.0,-0.062269676476716995,0.03044295310974121,0.015221476554870605,0.0,0.0,0.0,0.0,0.0,0.0,0.0,0.5832566816193366,0.8469822608025255,0.5
7.23,GO_TO_START,0.331072598695755,0.6348956823348999,0.531079113483429,0.0,0.0,0.0,0.02214032970368862,0.023524099960923195,0.03321049362421036,0.0,0.0,0.0,0.0,0.0,0.0,0.0,0.6289281229930693,0.3525372309137256,0.5,-0.26217859983444214,0.22316505014896393,0.5562595129013062,0.0,0.0,0.0,-0.029059182852506638,0.03736180439591408,0.004151311703026295,0.0,0.0,0.0,0.0,0.0,0.0,0.0,1.01173340400697,1.2338513067832428,0.5,0.7425772547721863,-0.45005038380622864,0.5501574277877808,0.0,0.0,0.0,-0.062269676476716995,0.03044295310974121,0.015221476554870605,0.0,0.0,0.0,0.0,0.0,0.0,0.0,0.5834140978618643,0.8474345853651657,0.5
7.251,GO_TO_START,0.331072598695755,0.6348956823348999,0.531079113483429,0.0,0.0,0.0,0.02214032970368862,0.023524099960923195,0.03321049362421036,0.0,0.0,0.0,0.0,0.0,0.0,0.0,0.6288144778249177,0.3527363939613749,0.5,-0.26217859983444214,0.22316505014896393,0.5562595129013062,0.0,0.0,0.0,-0.029059182852506638,0.03736180439591408,0.004151311703026295,0.0,0.0,0.0,0.0,0.0,0.0,0.0,1.0317341314806245,1.2382288537154207,0.5,0.7425772547721863,-0.45005038380622864,0.5501574277877808,0.0,0.0,0.0,-0.062269676476716995,0.03044295310974121,0.015221476554870605,0.0,0.0,0.0,0.0,0.0,0.0,0.0,0.5835709273701165,0.8478840713136108,0.5
7.271,GO_TO_START,0.331072598695755,0.6348956823348999,0.531079113483429,0.0,0.0,0.0,0.02214032970368862,0.023524099960923195,0.03321049362421036,0.0,0.0,0.0,0.0,0.0,0.0,0.0,0.628701589967696,0.35293440505876156,0.5,-0.2297515720129013,0.22079505026340485,0.5603929162025452,0.0,0.0,0.0,-0.05396705120801926,0.03874557837843895,0.00830262340605259,0.0,0.0,0.0,0.0,0.0,0.0,0.0,1.0517513754826822,1.2419013497031877,0.5,0.7425772547721863,-0.45005038380622864,0.5501574277877808,0.0,0.0,0.0,-0.062269676476716995,0.03044295310974121,0.015221476554870605,0.0,0.0,0.0,0.0,0.0,0.0,0.0,0.5837271692863768,0.8483307368906301,0.5
7.29,GO_TO_START,0.331072598695755,0.6348956823348999,0.531079113483429,0.0,0.0,0.0,0.02214032970368862,0.023524099960923195,0.03321049362421036,0.0,0.0,0.0,0.0,0.0,0.0,0.0,0.6285894539911202,0.3531312705744811,0.5,-0.2297515720129013,0.22079505026340485,0.5603929162025452,0.0,0.0,0.0,-0.05396705120801926,0.03874557837843895,0.00830262340605259,0.0,0.0,0.0,0.0,0.0,0.0,0.0,1.0717605808945083,1.2448769564355602,0.5,0.694681704044342,-0.4676361382007599,0.5168778300285339,0.0,0.0,0.0,-0.0774911567568779,0.013837706297636032,0.004151311703026295,0.0,0.0,0.0,0.0,0.0,0.0,0.0,0.583873207188956,0.848747212462166,0.5
7.31,GO_TO_START,0.331072598695755,0.6348956823348999,0.531079113483429,0.0,0.0,0.0,0.02214032970368862,0.023524099960923195,0.03321049362421036,0.0,0.0,0.0,0.0,0.0,0.0,0.0,0.6284208259647308,0.35342763916257064,0.5,-0.2297515720129013,0.22079505026340485,0.5603929162025452,0.0,0.0,0.0,-0.05396705120801926,0.03874557837843895,0.00830262340605259,0.0,0.0,0.0,0.0,0.0,0.0,0.0,1.0917379145182666,1.2471645747993758,0.5,0.694681704044342,-0.4676361382007599,0.5168778300285339,0.0,0.0,0.0,-0.0774911567568779,0.013837706297636032,0.004151311703026295,0.0,0.0,0.0,0.0,0.0,0.0,0.0,0.584018672417478,0.8491610826138629,0.5
7.33,GO_TO_START,0.3384745717048645,0.661142110824585,0.5265676379203796,0.0,0.0,0.0,0.02214032970368862,-0.020756559446454048,0.029059182852506638,0.0,0.0,0.0,0.0,0.0,0.0,0.0,0.6282533766485515,0.3537223244634151,0.5,-0.2297515720129013,0.22079505026340485,0.5603929162025452,0.0,0.0,0.0,-0.05396705120801926,0.03874557837843895,0.00830262340605259,0.0,0.0,0.0,0.0,0.0,0.0,0.0,1.1116602769200925,1.2487738017266254,0.5,0.694681704044342,-0.4676361382007599,0.5168778300285339,0.0,0.0,0.0,-0.0774911567568779,0.013837706297636032,0.004151311703026295,0.0,0.0,0.0,0.0,0.0,0.0,0.0,0.5841635646992098,0.8495723640339382,0.5
7.351,GO_TO_START,0.3384745717048645,0.661142110824585,0.5265676379203796,0.0,0.0,0.0,0.02214032970368862,-0.020756559446454048,0.029059182852506638,0.0,0.0,0.0,0.0,0.0,0.0,0.0,0.6280870970259818,0.3540153353478714,0.5,-0.2297515720129013,0.22079505026340485,0.5603929162025452,0.0,0.0,0.0,-0.05396705120801926,0.03874557837843895,0.00830262340605259,0.0,0.0,0.0,0.0,0.0,0.0,0.0,1.1090306338014346,1.248599624985923,0.5,0.694681704044342,-0.4676361382007599,0.5168778300285339,0.0,0.0,0.0,-0.0774911567568779,0.013837706297636032,0.004151311703026295,0.0,0.0,0.0,0.0,0.0,0.0,0.0,0.584307883808649,0.849981073301828,0.5
7.371,GO_TO_START,0.3384745717048645,0.661142110824585,0.5265676379203796,0.0,0.0,0.0,0.02214032970368862,-0.020756559446454048,0.029059182852506638,0.0,0.0,0.0,0.0,0.0,0.0,0.0,0.6279219781567833,0.354306680649911,0.5,-0.2601723372936249,0.233042910695076,0.5452932119369507,0.0,0.0,0.0,-0.04428065940737724,0.03736180439591408,0.006918853148818016,0.0,0.0,0.0,0.0,0.0,0.0,0.0,1.1064175517498875,1.2484150484442433,0.5,0.694681704044342,-0.4676361382007599,0.5168778300285339,0.0,0.0,0.0,-0.0774911567568779,0.013837706297636032,0.004151311703026295,0.0,0.0,0.0,0.0,0.0,0.0,0.0,0.5844516295666761,0.850387226888871,0.5
7.39,GO_TO_START,0.3384745717048645,0.661142110824585,0.5265676379203796,0.0,0.0,0.0,0.02214032970368862,-0.020756559446454048,0.029059182852506638,0.0,0.0,0.0,0.0,0.0,0.0,0.0,0.6277580111763751,0.35459636916661835,0.5,-0.2601723372936249,0.233042910695076,0.5452932119369507,0.0,0.0,0.0,-0.04428065940737724,0.03736180439591408,0.006918853148818016,0.0,0.0,0.0,0.0,0.0,0.0,0.0,1.1038209713921705,1.2482202749128763,0.5,0.5068150162696838,-0.272236704826355,0.5974338054656982,0.0,0.0,0.0,-0.12730689346790314,0.024907870218157768,-0.017989017069339752,0.0,0.0,0.0,0.0,0.0,0.0,0.0,0.5846117886314767,0.8508386677049568,0.5
7.41,GO_TO_START,0.3384745717048645,0.661142110824585,0.5265676379203796,0.0,0.0,0.0,0.02214032970368862,-0.020756559446454048,0.029059182852506638,0.0,0.0,0.0,0.0,0.0,0.0,0.0,0.6272023323601924,0.3555809131350732,0.5,-0.2601723372936249,0.233042910695076,0.5452932119369507,0.0,0.0,0.0,-0.04428065940737724,0.03736180439591408,0.006918853148818016,0.0,0.0,0.0,0.0,0.0,0.0,0.0,1.1012408323341816,1.2480155044549737,0.5,0.5068150162696838,-0.272236704826355,0.5974338054656982,0.0,0.0,0.0,-0.12730689346790314,0.024907870218157768,-0.017989017069339752,0.0,0.0,0.0,0.0,0.0,0.0,0.0,0.5847713438614178,0.851287273019862,0.5
7.431,GO_TO_START,0.30242839455604553,0.6670944690704346,0.5195857286453247,0.0,0.0,0.0,0.05119951069355011,-0.029059182852506638,0.03321049362421036,0.0,0.0,0.0,0.0,0.0,0.0,0.0,0.6266518270269729,0.3565605857322596,0.5,-0.2601723372936249,0.233042910695076,0.5452932119369507,0.0,0.0,0.0,-0.04428065940737724,0.03736180439591408,0.006918853148818016,0.0,0.0,0.0,0.0,0.0,0.0,0.0,1.0986770731991482,1.247800934412614,0.5,0.5068150162696838,-0.272236704826355,0.5974338054656982,0.0,0.0,0.0,-0.12730689346790314,0.024907870218157768,-0.017989017069339752,0.0,0.0,0.0,0.0,0.0,0.0,0.0,0.584930294507355,0.8517330610843339,0.5
7.451,GO_TO_START,0.30242839455604553,0.6670944690704346,0.5195857286453247,0.0,0.0,0.0,0.05119951069355011,-0.029059182852506638,0.03321049362421036,0.0,0.0,0.0,0.0,0.0,0.0,0.0,0.6261064440428865,0.35753540038731046,0.5,-0.2601723372936249,0.233042910695076,0.5452932119369507,0.0,0.0,0.0,-0.04428065940737724,0.03736180439591408,0.006918853148818016,0.0,0.0,0.0,0.0,0.0,0.0,0.0,1.096152711507384,1.2475788395868723,0.5,0.5068150162696838,-0.272236704826355,0.5974338054656982,0.0,0.0,0.0,-0.12730689346790314,0.024907870218157768,-0.017989017069339752,0.0,0.0,0.0,0.0,0.0,0.0,0.0,0.5850886398785115,0.8521760500298934,0.5
7.471,GO_TO_START,0.30242839455604553,0.6670944690704346,0.5195857286453247,0.0,0.0,0.0,0.05119951069355011,-0.029059182852506638,0.03321049362421036,0.0,0.0,0.0,0.0,0.0,0.0,0.0,0.6255661327808076,0.3585053706952347,0.5,-0.2311868518590927,0.2692423164844513,0.5179282426834106,0.0,0.0,0.0,-0.06918852776288986,0.12038803845643997,0.0027675412129610777,0.0,0.0,0.0,0.0,0.0,0.0,0.0,1.0936444478041392,1.2473475133761749,0.5,0.5068150162696838,-0.272236704826355,0.5974338054656982,0.0,0.0,0.0,-0.12730689346790314,0.024907870218157768,-0.017989017069339752,0.0,0.0,0.0,0.0,0.0,0.0,0.0,0.5852463793414598,0.8526162578695744,0.5
7.49,GO_TO_START,0.30242839455604553,0.6670944690704346,0.5195857286453247,0.0,0.0,0.0,0.05119951069355011,-0.029059182852506638,0.03321049362421036,0.0,0.0,0.0,0.0,0.0,0.0,0.0,0.6250308431157499,0.35947051041204164,0.5,-0.2311868518590927,0.2692423164844513,0.5179282426834106,0.0,0.0,0.0,-0.06918852776288986,0.12038803845643997,0.0027675412129610777,0.0,0.0,0.0,0.0,0.0,0.0,0.0,1.0911522179248778,1.2471071415959107,0.5,0.45752960443496704,-0.19106902182102203,0.6177710294723511,0.0,0.0,0.0,0.1286906749010086,0.15774984657764435,-0.03736180439591408,0.0,0.0,0.0,0.0,0.0,0.0,0.0,0.5854260475491837,0.8531163514197305,0.5
7.51,GO_TO_START,0.30242839455604553,0.6670944690704346,0.5195857286453247,0.0,0.0,0.0,0.05119951069355011,-0.029059182852506638,0.03321049362421036,0.0,0.0,0.0,0.0,0.0,0.0,0.0,0.6243619238452803,0.36068250502887805,0.5,-0.2311868518590927,0.2692423164844513,0.5179282426834106,0.0,0.0,0.0,-0.06918852776288986,0.12038803845643997,0.0027675412129610777,0.0,0.0,0.0,0.0,0.0,0.0,0.0,1.0886759569012798,1.2468579074939248,0.5,0.45752960443496704,-0.19106902182102203,0.6177710294723511,0.0,0.0,0.0,0.1286906749010086,0.15774984657764435,-0.03736180439591408,0.0,0.0,0.0,0.0,0.0,0.0,0.0,0.5856050766068603,0.8536132865214157,0.5
7.53,GO_TO_START,0.3313983082771301,0.6750906109809875,0.5387061834335327,0.0,0.0,0.0,0.03874557837843895,0.024907870218157768,0.03874557837843895,0.0,0.0,0.0,0.0,0.0,0.0,0.0,0.6236997910739002,0.36188875397800996,0.5,-0.2311868518590927,0.2692423164844513,0.5179282426834106,0.0,0.0,0.0,-0.06918852776288986,0.12038803845643997,0.0027675412129610777,0.0,0.0,0.0,0.0,0.0,0.0,0.0,1.0862155989942857,1.2465999917770216,0.5,0.45752960443496704,-0.19106902182102203,0.6177710294723511,0.0,0.0,0.0,0.1286906749010086,0.15774984657764435,-0.03736180439591408,0.0,0.0,0.0,0.0,0.0,0.0,0.0,0.5857834649613788,0.8541070836326177,0.5
7.551,GO_TO_START,0.3313983082771301,0.6750906109809875,0.5387061834335327,0.0,0.0,0.0,0.03874557837843895,0.024907870218157768,0.03874557837843895,0.0,0.0,0.0,0.0,0.0,0.0,0.0,0.6230443743579995,0.3630892671853354,0.5,-0.2311868518590927,0.2692423164844513,0.5179282426834106,0.0,0.0,0.0,-0.06918852776288986,0.12038803845643997,0.0027675412129610777,0.0,0.0,0.0,0.0,0.0,0.0,0.0,1.0838085572552774,1.2463377339288302,0.5,0.45752960443496704,-0.19106902182102203,0.6177710294723511,0.0,0.0,0.0,0.1286906749010086,0.15774984657764435,-0.03736180439591408,0.0,0.0,0.0,0.0,0.0,0.0,0.0,0.58596121113554,0.8545977630774911,0.5
7.571,GO_TO_START,0.3313983082771301,0.6750906109809875,0.5387061834335327,0.0,0.0,0.0,0.03874557837843895,0.024907870218157768,0.03874557837843895,0.0,0.0,0.0,0.0,0.0,0.0,0.0,0.6223956039563749,0.36428405491565297,0.5,-0.2034778594970703,0.3551481366157532,0.481645405292511,0.0,0.0,0.0,-0.03874557837843895,0.08441001176834106,-0.0013837706064805388,0.0,0.0,0.0,0.0,0.0,0.0,0.0,1.081417025940039,1.2460674254386754,0.5,0.45752960443496704,-0.19106902182102203,0.6177710294723511,0.0,0.0,0.0,0.1286906749010086,0.15774984657764435,-0.03736180439591408,0.0,0.0,0.0,0.0,0.0,0.0,0.0,0.5861383137267746,0.8550853450471654,0.5
7.591,GO_TO_START,0.3313983082771301,0.6750906109809875,0.5387061834335327,0.0,0.0,0.0,0.03874557837843895,0.024907870218157768,0.03874557837843895,0.0,0.0,0.0,0.0,0.0,0.0,0.0,0.6217534108243444,0.36547312776420193,0.5,-0.2034778594970703,0.3551481366157532,0.481645405292511,0.0,0.0,0.0,-0.03874557837843895,0.08441001176834106,-0.0013837706064805388,0.0,0.0,0.0,0.0,0.0,0.0,0.0,1.0790409373416125,1.245789234064063,0.5,0.6509335041046143,-0.1697593480348587,0.6081497669219971,0.0,0.0,0.0,0.12038803845643997,0.17850640416145325,-0.023524099960923195,0.0,0.0,0.0,0.0,0.0,0.0,0.0,0.5863820187491585,0.8557541523535459,0.5
7.61,GO_TO_START,0.3313983082771301,0.6750906109809875,0.5387061834335327,0.0,0.0,0.0,0.03874557837843895,0.024907870218157768,0.03874557837843895,0.0,0.0,0.0,0.0,0.0,0.0,0.0,0.6213592221568288,0.36620618752099804,0.5,-0.2034778594970703,0.3551481366157532,0.481645405292511,0.0,0.0,0.0,-0.03874557837843895,0.08441001176834106,-0.0013837706064805388,0.0,0.0,0.0,0.0,0.0,0.0,0.0,1.0766802231563772,1.2455033251994494,0.5,0.6509335041046143,-0.1697593480348587,0.6081497669219971,0.0,0.0,0.0,0.12038803845643997,0.17850640416145325,-0.023524099960923195,0.0,0.0,0.0,0.0,0.0,0.0,0.0,0.5866250477018335,0.8564186598227951,0.5
7.63,GO_TO_START,0.3414594829082489,0.6904159784317017,0.54552161693573,0.0,0.0,0.0,0.02629164233803749,-0.004151311703026295,0.03874557837843895,0.0,0.0,0.0,0.0,0.0,0.0,0.0,0.6209684067655795,0.3669353901317745,0.5,-0.2034778594970703,0.3551481366157532,0.481645405292511,0.0,0.0,0.0,-0.03874557837843895,0.08441001176834106,-0.0013837706064805388,0.0,0.0,0.0,0.0,0.0,0.0,0.0,1.074334814511972,1.245209861901718,0.5,0.6509335041046143,-0.1697593480348587,0.6081497669219971,0.0,0.0,0.0,0.12038803845643997,0.17850640416145325,-0.023524099960923195,0.0,0.0,0.0,0.0,0.0,0.0,0.0,0.5868673949006619,0.8570788957717153,0.5
7.651,GO_TO_START,0.3414594829082489,0.6904159784317017,0.54552161693573,0.0,0.0,0.0,0.02629164233803749,-0.004151311703026295,0.03874557837843895,0.0,0.0,0.0,0.0,0.0,0.0,0.0,0.6205809330859041,0.3676607508903373,0.5,-0.2034778594970703,0.3551481366157532,0.481645405292511,0.0,0.0,0.0,-0.03874557837843895,0.08441001176834106,-0.0013837706064805388,0.0,0.0,0.0,0.0,0.0,0.0,0.0,1.072073546494938,1.2449180345594875,0.5,0.6509335041046143,-0.1697593480348587,0.6081497669219971,0.0,0.0,0.0,0.12038803845643997,0.17850640416145325,-0.023524099960923195,0.0,0.0,0.0,0.0,0.0,0.0,0.0,0.5871090548170816,0.8577348883338591,0.5
7.671,GO_TO_START,0.3414594829082489,0.6904159784317017,0.54552161693573,0.0,0.0,0.0,0.02629164233803749,-0.004151311703026295,0.03874557837843895,0.0,0.0,0.0,0.0,0.0,0.0,0.0,0.6201967698629599,0.36838228511622617,0.5,-0.031992100179195404,0.543156623840332,0.570733368396759,0.0,0.0,0.0,0.0013837706064805388,0.08856131881475449,-0.00830262340605259,0.0,0.0,0.0,0.0,0.0,0.0,0.0,1.069826961192877,1.2446194445596541,0.5,0.6509335041046143,-0.1697593480348587,0.6081497669219971,0.0,0.0,0.0,0.12038803845643997,0.17850640416145325,-0.023524099960923195,0.0,0.0,0.0,0.0,0.0,0.0,0.0,0.5873500220756582,0.8583866654604795,0.5
7.69,GO_TO_START,0.3414594829082489,0.6904159784317017,0.54552161693573,0.0,0.0,0.0,0.02629164233803749,-0.004151311703026295,0.03874557837843895,0.0,0.0,0.0,0.0,0.0,0.0,0.0,0.6198158861487639,0.36910000815275984,0.5,-0.031992100179195404,0.543156623840332,0.570733368396759,0.0,0.0,0.0,0.0013837706064805388,0.08856131881475449,-0.00830262340605259,0.0,0.0,0.0,0.0,0.0,0.0,0.0,1.0675949889340561,1.2443142385566928,0.5,0.636975884437561,-0.2111096829175949,0.5567472577095032,0.0,0.0,0.0,0.041513118892908096,-0.06780476123094559,-0.00830262340605259,0.0,0.0,0.0,0.0,0.0,0.0,0.0,0.5877464067749815,0.8594538061376672,0.5
7.71,GO_TO_START,0.3414594829082489,0.6904159784317017,0.54552161693573,0.0,0.0,0.0,0.02629164233803749,-0.004151311703026295,0.03874557837843895,0.0,0.0,0.0,0.0,0.0,0.0,0.0,0.6194543206571552,0.36978350846061997,0.5,-0.031992100179195404,0.543156623840332,0.570733368396759,0.0,0.0,0.0,0.0013837706064805388,0.08856131881475449,-0.00830262340605259,0.0,0.0,0.0,0.0,0.0,0.0,0.0,1.0653775596601478,1.2440025610979535,0.5,0.636975884437561,-0.2111096829175949,0.5567472577095032,0.0,0.0,0.0,0.041513118892908096,-0.06780476123094559,-0.00830262340605259,0.0,0.0,0.0,0.0,0.0,0.0,0.0,0.5881424189620849,0.860513796769292,0.5
7.73,GO_TO_START,0.32533153891563416,0.6731842160224915,0.5604733824729919,0.0,0.0,0.0,0.03459426388144493,-0.02214032970368862,0.03736180439591408,0.0,0.0,0.0,0.0,0.0,0.0,0.0,0.61909579779411,0.37046336898337023,0.5,-0.031992100179195404,0.543156623840332,0.570733368396759,0.0,0.0,0.0,0.0013837706064805388,0.08856131881475449,-0.00830262340605259,0.0,0.0,0.0,0.0,0.0,0.0,0.0,1.0631746029485756,1.243684554647384,0.5,0.636975884437561,-0.2111096829175949,0.5567472577095032,0.0,0.0,0.0,0.041513118892908096,-0.06780476123094559,-0.00830262340605259,0.0,0.0,0.0,0.0,0.0,0.0,0.0,0.5885380354788644,0.8615666854589048,0.5
7.751,GO_TO_START,0.32533153891563416,0.6731842160224915,0.5604733824729919,0.0,0.0,0.0,0.03459426388144493,-0.02214032970368862,0.03736180439591408,0.0,0.0,0.0,0.0,0.0,0.0,0.0,0.6187402894395175,0.37113960493610343,0.5,-0.031992100179195404,0.543156623840332,0.570733368396759,0.0,0.0,0.0,0.0013837706064805388,0.08856131881475449,-0.00830262340605259,0.0,0.0,0.0,0.0,0.0,0.0,0.0,1.0609082991591892,1.243348690772375,0.5,0.636975884437561,-0.2111096829175949,0.5567472577095032,0.0,0.0,0.0,0.041513118892908096,-0.06780476123094559,-0.00830262340605259,0.0,0.0,0.0,0.0,0.0,0.0,0.0,0.588933233628046,0.8626125200286174,0.5
7.771,GO_TO_START,0.32533153891563416,0.6731842160224915,0.5604733824729919,0.0,0.0,0.0,0.03459426388144493,-0.02214032970368862,0.03736180439591408,0.0,0.0,0.0,0.0,0.0,0.0,0.0,0.6183877677481862,0.37181223154091836,0.5,0.019442910328507423,0.6565977334976196,0.6187295913696289,0.0,0.0,0.0,0.10793410241603851,0.004151311703026295,-0.017989017069339752,0.0,0.0,0.0,0.0,0.0,0.0,0.0,1.05865688045054,1.2430062685258674,0.5,0.636975884437561,-0.2111096829175949,0.5567472577095032,0.0,0.0,0.0,0.041513118892908096,-0.06780476123094559,-0.00830262340605259,0.0,0.0,0.0,0.0,0.0,0.0,0.0,0.5893279911664151,0.8636513480194135,0.5
7.791,GO_TO_START,0.32533153891563416,0.6731842160224915,0.5604733824729919,0.0,0.0,0.0,0.03459426388144493,-0.02214032970368862,0.03736180439591408,0.0,0.0,0.0,0.0,0.0,0.0,0.0,0.6180382051471656,0.37248126402537973,0.5,0.019442910328507423,0.6565977334976196,0.6187295913696289,0.0,0.0,0.0,0.10793410241603851,0.004151311703026295,-0.017989017069339752,0.0,0.0,0.0,0.0,0.0,0.0,0.0,1.05642027425432,1.2426574347203985,0.5,0.6233637928962708,-0.17022165656089783,0.5288959741592407,0.0,0.0,0.0,-0.07057230174541473,-0.09132885932922363,0.005535082425922155,0.0,0.0,0.0,0.0,0.0,0.0,0.0,0.5821404104978981,0.8437407716783033,0.5
7.811,GO_TO_START,0.32533153891563416,0.6731842160224915,0.5604733824729919,0.0,0.0,0.0,0.03459426388144493,-0.02214032970368862,0.03736180439591408,0.0,0.0,0.0,0.0,0.0,0.0,0.0,0.6176359820864107,0.3732536315849842,0.5,0.019442910328507423,0.6565977334976196,0.6187295913696289,0.0,0.0,0.0,0.10793410241603851,0.004151311703026295,-0.017989017069339752,0.0,0.0,0.0,0.0,0.0,0.0,0.0,1.0541984076438269,1.2423023340339134,0.5,0.6233637928962708,-0.17022165656089783,0.5288959741592407,0.0,0.0,0.0,-0.07057230174541473,-0.09132885932922363,0.005535082425922155,0.0,0.0,0.0,0.0,0.0,0.0,0.0,0.5756964056759503,0.8237106258882209,0.5
7.83,GO_TO_START,0.32459908723831177,0.6772365570068359,0.55762779712677,0.0,0.0,0.0,0.017989017069339752,0.015221476554870605,0.03321049362421036,0.0,0.0,0.0,0.0,0.0,0.0,0.0,0.6172372837072385,0.3740219426686996,0.5,0.019442910328507423,0.6565977334976196,0.6187295913696289,0.0,0.0,0.0,0.10793410241603851,0.004151311703026295,-0.017989017069339752,0.0,0.0,0.0,0.0,0.0,0.0,0.0,1.051991207356228,1.2419411090340915,0.5,0.6233637928962708,-0.17022165656089783,0.5288959741592407,0.0,0.0,0.0,-0.07057230174541473,-0.09132885932922363,0.005535082425922155,0.0,0.0,0.0,0.0,0.0,0.0,0.0,0.5699909914542995,0.8035888993574525,0.5
7.851,GO_TO_START,0.32459908723831177,0.6772365570068359,0.55762779712677,0.0,0.0,0.0,0.017989017069339752,0.015221476554870605,0.03321049362421036,0.0,0.0,0.0,0.0,0.0,0.0,0.0,0.6168420763878172,0.3747862131186995,0.5,0.019442910328507423,0.6565977334976196,0.6187295913696289,0.0,0.0,0.0,0.10793410241603851,0.004151311703026295,-0.017989017069339752,0.0,0.0,0.0,0.0,0.0,0.0,0.0,1.0498159212448277,1.2415768338635123,0.5,0.6233637928962708,-0.17022165656089783,0.5288959741592407,0.0,0.0,0.0,-0.07057230174541473,-0.09132885932922363,0.005535082425922155,0.0,0.0,0.0,0.0,0.0,0.0,0.0,0.5650182353662574,0.7834029049383585,0.5
7.871,GO_TO_START,0.32459908723831177,0.6772365570068359,0.55762779712677,0.0,0.0,0.0,0.017989017069339752,0.015221476554870605,0.03321049362421036,0.0,0.0,0.0,0.0,0.0,0.0,0.0,0.6164503268403287,0.37554645881095283,0.5,0.1426311582326889,0.7162320613861084,0.6084108352661133,0.0,0.0,0.0,0.13699328899383545,-0.08579377084970474,-0.02214032970368862,0.0,0.0,0.0,0.0,0.0,0.0,0.0,1.047655028388178,1.241206822343734,0.5,0.6233637928962708,-0.17022165656089783,0.5288959741592407,0.0,0.0,0.0,-0.07057230174541473,-0.09132885932922363,0.005535082425922155,0.0,0.0,0.0,0.0,0.0,0.0,0.0,0.5607713045573994,0.7631792581130094,0.5
7.891,GO_TO_START,0.32459908723831177,0.6772365570068359,0.55762779712677,0.0,0.0,0.0,0.017989017069339752,0.015221476554870605,0.03321049362421036,0.0,0.0,0.0,0.0,0.0,0.0,0.0,0.6160620021077365,0.3763026956530238,0.5,0.1426311582326889,0.7162320613861084,0.6084108352661133,0.0,0.0,0.0,0.13699328899383545,-0.08579377084970474,-0.02214032970368862,0.0,0.0,0.0,0.0,0.0,0.0,0.0,1.0455084549679763,1.2408312085670667,0.5,0.5775442719459534,-0.08716535568237305,0.5366963148117065,0.0,0.0,0.0,-0.08994509279727936,-0.04843197017908096,-0.0027675412129610777,0.0,0.0,0.0,0.0,0.0,0.0,0.0,0.5572759083505462,0.7431565949266603,0.5
7.91,GO_TO_START,0.32459908723831177,0.6772365570068359,0.55762779712677,0.0,0.0,0.0,0.017989017069339752,0.015221476554870605,0.03321049362421036,0.0,0.0,0.0,0.0,0.0,0.0,0.0,0.6155305605998087,0.37734193878184097,0.5,0.1426311582326889,0.7162320613861084,0.6084108352661133,0.0,0.0,0.0,0.13699328899383545,-0.08579377084970474,-0.02214032970368862,0.0,0.0,0.0,0.0,0.0,0.0,0.0,1.043376126929521,1.240450124643437,0.5,0.5775442719459534,-0.08716535568237305,0.5366963148117065,0.0,0.0,0.0,-0.08994509279727936,-0.04843197017908096,-0.0027675412129610777,0.0,0.0,0.0,0.0,0.0,0.0,0.0,0.5544755600308472,0.7231480785764531,0.5
7.93,GO_TO_START,0.28513818979263306,0.6563076376914978,0.5815849304199219,0.0,0.0,0.0,0.027675412595272064,0.017989017069339752,0.02629164233803749,0.0,0.0,0.0,0.0,0.0,0.0,0.0,0.6150043123221515,0.37837596909311205,0.5,0.1426311582326889,0.7162320613861084,0.6084108352661133,0.0,0.0,0.0,0.13699328899383545,-0.08579377084970474,-0.02214032970368862,0.0,0.0,0.0,0.0,0.0,0.0,0.0,1.041257970000788,1.240063700723617,0.5,0.5775442719459534,-0.08716535568237305,0.5366963148117065,0.0,0.0,0.0,-0.08994509279727936,-0.04843197017908096,-0.0027675412129610777,0.0,0.0,0.0,0.0,0.0,0.0,0.0,0.5523611736174971,0.7031773748895591,0.5
7.951,GO_TO_START,0.28513818979263306,0.6563076376914978,0.5815849304199219,0.0,0.0,0.0,0.027675412595272064,0.017989017069339752,0.02629164233803749,0.0,0.0,0.0,0.0,0.0,0.0,0.0,0.614483204082756,0.37940480179698505,0.5,0.1426311582326889,0.7162320613861084,0.6084108352661133,0.0,0.0,0.0,0.13699328899383545,-0.08579377084970474,-0.02214032970368862,0.0,0.0,0.0,0.0,0.0,0.0,0.0,1.0390630087109112,1.2396549702696693,0.5,0.5775442719459534,-0.08716535568237305,0.5366963148117065,0.0,0.0,0.0,-0.08994509279727936,-0.04843197017908096,-0.0027675412129610777,0.0,0.0,0.0,0.0,0.0,0.0,0.0,0.5509229771947288,0.6832674126852784,0.5
7.97,GO_TO_START,0.28513818979263306,0.6563076376914978,0.5815849304199219,0.0,0.0,0.0,0.027675412595272064,0.017989017069339752,0.02629164233803749,0.0,0.0,0.0,0.0,0.0,0.0,0.0,0.613967183230212,0.38042845226944483,0.5,0.1538677215576172,0.7182299494743347,0.6222668290138245,0.0,0.0,0.0,0.20064672827720642,-0.08302623778581619,-0.00830262340605259,0.0,0.0,0.0,0.0,0.0,0.0,0.0,1.0368827394741031,1.2392406005793528,0.5,0.5775442719459534,-0.08716535568237305,0.5366963148117065,0.0,0.0,0.0,-0.08994509279727936,-0.04843197017908096,-0.0027675412129610777,0.0,0.0,0.0,0.0,0.0,0.0,0.0,0.5501505552753468,0.6634403743818922,0.5
7.99,GO_TO_START,0.28513818979263306,0.6563076376914978,0.5815849304199219,0.0,0.0,0.0,0.027675412595272064,0.017989017069339752,0.02629164233803749,0.0,0.0,0.0,0.0,0.0,0.0,0.0,0.6134561976487342,0.381446936047183,0.5,0.1538677215576172,0.7182299494743347,0.6222668290138245,0.0,0.0,0.0,0.20064672827720642,-0.08302623778581619,-0.00830262340605259,0.0,0.0,0.0,0.0,0.0,0.0,0.0,1.0347170854868863,1.2388207279141608,0.5,0.5751476287841797,-0.02989017777144909,0.5558805465698242,0.0,0.0,0.0,0.024907870218157768,0.019372789189219475,-0.024907870218157768,0.0,0.0,0.0,0.0,0.0,0.0,0.0,0.5500327874224581,0.6437275338235467,0.5
8.01,GO_TO_START,0.28513818979263306,0.6563076376914978,0.5815849304199219,0.0,0.0,0.0,0.027675412595272064,0.017989017069339752,0.02629164233803749,0.0,0.0,0.0,0.0,0.0,0.0,0.0,0.612883444024448,0.38259430578807435,0.5,0.1538677215576172,0.7182299494743347,0.6222668290138245,0.0,0.0,0.0,0.20064672827720642,-0.08302623778581619,-0.00830262340605259,0.0,0.0,0.0,0.0,0.0,0.0,0.0,1.032565969721363,1.238395486499103,0.5,0.5751476287841797,-0.02989017777144909,0.5558805465698242,0.0,0.0,0.0,0.024907870218157768,0.019372789189219475,-0.024907870218157768,0.0,0.0,0.0,0.0,0.0,0.0,0.0,0.5505575576493905,0.6241396382713563,0.5
8.03,GO_TO_START,0.2895389795303345,0.6625897288322449,0.5745556354522705,0.0,0.0,0.0,-0.18819279968738556,-0.058118365705013275,-0.13560952246189117,0.0,0.0,0.0,0.0,0.0,0.0,0.0,0.6123165584629345,0.383736001876226,0.5,0.1538677215576172,0.7182299494743347,0.6222668290138245,0.0,0.0,0.0,0.20064672827720642,-0.08302623778581619,-0.00830262340605259,0.0,0.0,0.0,0.0,0.0,0.0,0.0,1.0304293149446946,1.2379650085467713,0.5,0.5751476287841797,-0.02989017777144909,0.5558805465698242,0.0,0.0,0.0,0.024907870218157768,0.019372789189219475,-0.024907870218157768,0.0,0.0,0.0,0.0,0.0,0.0,0.0,0.5517127792129617,0.6046965625705762,0.5
8.051,GO_TO_START,0.2895389795303345,0.6625897288322449,0.5745556354522705,0.0,0.0,0.0,-0.18819279968738556,-0.058118365705013275,-0.13560952246189117,0.0,0.0,0.0,0.0,0.0,0.0,0.0,0.6117554792005312,0.3848720387636372,0.5,0.1538677215576172,0.7182299494743347,0.6222668290138245,0.0,0.0,0.0,0.20064672827720642,-0.08302623778581619,-0.00830262340605259,0.0,0.0,0.0,0.0,0.0,0.0,0.0,1.028332908885857,1.2375347810468948,0.5,0.5751476287841797,-0.02989017777144909,0.5558805465698242,0.0,0.0,0.0,0.024907870218157768,0.019372789189219475,-0.024907870218157768,0.0,0.0,0.0,0.0,0.0,0.0,0.0,0.5534858845469712,0.5854174167031797,0.5
8.071,GO_TO_START,0.2895389795303345,0.6625897288322449,0.5745556354522705,0.0,0.0,0.0,-0.18819279968738556,-0.058118365705013275,-0.13560952246189117,0.0,0.0,0.0,0.0,0.0,0.0,0.0,0.6112001451058681,0.38600243113607563,0.5,0.19347114861011505,0.7153039574623108,0.6076993942260742,0.0,0.0,0.0,0.5839511752128601,-0.04704819992184639,-0.03874557837843895,0.0,0.0,0.0,0.0,0.0,0.0,0.0,1.0262506151879995,1.2370997272684185,0.5,0.5751476287841797,-0.02989017777144909,0.5558805465698242,0.0,0.0,0.0,0.024907870218157768,0.019372789189219475,-0.024907870218157768,0.0,0.0,0.0,0.0,0.0,0.0,0.0,0.5558638634081747,0.5663205449603067,0.5
8.09,GO_TO_START,0.2895389795303345,0.6625897288322449,0.5745556354522705,0.0,0.0,0.0,-0.18819279968738556,-0.058118365705013275,-0.13560952246189117,0.0,0.0,0.0,0.0,0.0,0.0,0.0,0.610650495674186,0.387127193906447,0.5,0.19347114861011505,0.7153039574623108,0.6076993942260742,0.0,0.0,0.0,0.5839511752128601,-0.04704819992184639,-0.03874557837843895,0.0,0.0,0.0,0.0,0.0,0.0,0.0,1.0241823567648942,1.2366599702133798,0.5,0.5430152416229248,0.01329120248556137,0.5305511951446533,0.0,0.0,0.0,0.04428065940737724,0.027675412595272064,-0.041513118892908096,0.0,0.0,0.0,0.0,0.0,0.0,0.0,0.5588334367198345,0.5474227390718673,0.5
8.111,GO_TO_START,0.2895389795303345,0.6625897288322449,0.5745556354522705,0.0,0.0,0.0,-0.18819279968738556,-0.058118365705013275,-0.13560952246189117,0.0,0.0,0.0,0.0,0.0,0.0,0.0,0.6100128668953111,0.38843949823916624,0.5,0.19347114861011505,0.7153039574623108,0.6076993942260742,0.0,0.0,0.0,0.5839511752128601,-0.04704819992184639,-0.03874557837843895,0.0,0.0,0.0,0.0,0.0,0.0,0.0,1.0221280564189548,1.2362156310137133,0.5,0.5430152416229248,0.01329120248556137,0.5305511951446533,0.0,0.0,0.0,0.04428065940737724,0.027675412595272064,-0.041513118892908096,0.0,0.0,0.0,0.0,0.0,0.0,0.0,0.5623807316643856,0.5287416168641634,0.5
8.13,GO_TO_START,0.36805230379104614,0.6111528277397156,0.48901256918907166,0.0,0.0,0.0,0.8649495840072632,0.13699328899383545,0.4649469256401062,0.0,0.0,0.0,0.0,0.0,0.0,0.0,0.609382228195795,0.389745461500752,0.5,0.19347114861011505,0.7153039574623108,0.6076993942260742,0.0,0.0,0.0,0.5839511752128601,-0.04704819992184639,-0.03874557837843895,0.0,0.0,0.0,0.0,0.0,0.0,0.0,1.0200876368575569,1.235766828953933,0.5,0.5430152416229248,0.01329120248556137,0.5305511951446533,0.0,0.0,0.0,0.04428065940737724,0.027675412595272064,-0.041513118892908096,0.0,0.0,0.0,0.0,0.0,0.0,0.0,0.5664916278719765,0.5102932368977646,0.5
8.151,GO_TO_START,0.36805230379104614,0.6111528277397156,0.48901256918907166,0.0,0.0,0.0,0.8649495840072632,0.13699328899383545,0.4649469256401062,0.0,0.0,0.0,0.0,0.0,0.0,0.0,0.6087585034288124,0.3910450958383271,0.5,0.19347114861011505,0.7153039574623108,0.6076993942260742,0.0,0.0,0.0,0.5839511752128601,-0.04704819992184639,-0.03874557837843895,0.0,0.0,0.0,0.0,0.0,0.0,0.0,1.0399878904514515,1.239828225632411,0.5,0.5430152416229248,0.01329120248556137,0.5305511951446533,0.0,0.0,0.0,0.04428065940737724,0.027675412595272064,-0.041513118892908096,0.0,0.0,0.0,0.0,0.0,0.0,0.0,0.5711517050783426,0.4920929024195242,0.5
8.171,GO_TO_START,0.36805230379104614,0.6111528277397156,0.48901256918907166,0.0,0.0,0.0,0.8649495840072632,0.13699328899383545,0.4649469256401062,0.0,0.0,0.0,0.0,0.0,0.0,0.0,0.6081416172304258,0.3923384137626611,0.5,0.2066718488931656,0.6750603914260864,0.4664003849029541,0.0,0.0,0.0,0.7903026342391968,0.3929908573627472,0.4690982401371002,0.0,0.0,0.0,0.0,0.0,0.0,0.0,1.059893715807592,1.2431954631898638,0.5,0.5430152416229248,0.01329120248556137,0.5305511951446533,0.0,0.0,0.0,0.04428065940737724,0.027675412595272064,-0.041513118892908096,0.0,0.0,0.0,0.0,0.0,0.0,0.0,0.576346276293607,0.47415516704267513,0.5
8.19,GO_TO_START,0.36805230379104614,0.6111528277397156,0.48901256918907166,0.0,0.0,0.0,0.8649495840072632,0.13699328899383545,0.4649469256401062,0.0,0.0,0.0,0.0,0.0,0.0,0.0,0.6075314950128818,0.39362542813874646,0.5,0.2066718488931656,0.6750603914260864,0.4664003849029541,0.0,0.0,0.0,0.7903026342391968,0.3929908573627472,0.4690982401371002,0.0,0.0,0.0,0.0,0.0,0.0,0.0,1.0797812501315278,1.2458769396166534,0.5,0.4461817443370819,0.15329322218894958,0.5798787474632263,0.0,0.0,0.0,0.05535082519054413,0.05535082519054413,-0.03459426388144493,0.0,0.0,0.0,0.0,0.0,0.0,0.0,0.582108744123839,0.45635206817681573,0.5
8.211,GO_TO_START,0.36805230379104614,0.6111528277397156,0.48901256918907166,0.0,0.0,0.0,0.8649495840072632,0.13699328899383545,0.4649469256401062,0.0,0.0,0.0,0.0,0.0,0.0,0.0,0.6066303854690531,0.39554084413310986,0.5,0.2066718488931656,0.6750603914260864,0.4664003849029541,0.0,0.0,0.0,0.7903026342391968,0.3929908573627472,0.4690982401371002,0.0,0.0,0.0,0.0,0.0,0.0,0.0,1.0996273462798016,1.2478817573376737,0.5,0.4461817443370819,0.15329322218894958,0.5798787474632263,0.0,0.0,0.0,0.05535082519054413,0.05535082519054413,-0.03459426388144493,0.0,0.0,0.0,0.0,0.0,0.0,0.0,0.5883840508894059,0.43884241499627197,0.5
8.231,GO_TO_START,0.4776823818683624,0.6004154086112976,0.2633717358112335,0.0,0.0,0.0,0.7171257138252258,0.43173640966415405,0.4192824959754944,0.0,0.0,0.0,0.0,0.0,0.0,0.0,0.6057413849795147,0.3974479064114036,0.5,0.2066718488931656,0.6750603914260864,0.4664003849029541,0.0,0.0,0.0,0.7903026342391968,0.3929908573627472,0.4690982401371002,0.0,0.0,0.0,0.0,0.0,0.0,0.0,1.1194095832933473,1.2492196812569771,0.5,0.4461817443370819,0.15329322218894958,0.5798787474632263,0.0,0.0,0.0,0.05535082519054413,0.05535082519054413,-0.03459426388144493,0.0,0.0,0.0,0.0,0.0,0.0,0.0,0.5951565952506075,0.4216388907758114,0.5
8.251,GO_TO_START,0.4776823818683624,0.6004154086112976,0.2633717358112335,0.0,0.0,0.0,0.7171257138252258,0.43173640966415405,0.4192824959754944,0.0,0.0,0.0,0.0,0.0,0.0,0.0,0.6048643515373919,0.39934660430137425,0.5,0.2066718488931656,0.6750603914260864,0.4664003849029541,0.0,0.0,0.0,0.7903026342391968,0.3929908573627472,0.4690982401371002,0.0,0.0,0.0,0.0,0.0,0.0,0.0,1.1390199640892933,1.2498995239299657,0.5,0.4461817443370819,0.15329322218894958,0.5798787474632263,0.0,0.0,0.0,0.05535082519054413,0.05535082519054413,-0.03459426388144493,0.0,0.0,0.0,0.0,0.0,0.0,0.0,0.6024106228565931,0.4047534423489379,0.5
8.27,GO_TO_START,0.4776823818683624,0.6004154086112976,0.2633717358112335,0.0,0.0,0.0,0.7171257138252258,0.43173640966415405,0.4192824959754944,0.0,0.0,0.0,0.0,0.0,0.0,0.0,0.6039991445438508,0.4012369283009366,0.5,0.33440542221069336,0.6073615550994873,0.1744670569896698,0.0,0.0,0.0,0.27121904492378235,0.423433780670166,0.8130709528923035,0.0,0.0,0.0,0.0,0.0,0.0,0.0,1.158524362146796,1.2499394429856987,0.5,0.4461817443370819,0.15329322218894958,0.5798787474632263,0.0,0.0,0.0,0.05535082519054413,0.05535082519054413,-0.03459426388144493,0.0,0.0,0.0,0.0,0.0,0.0,0.0,0.6101302552018635,0.3881972905953893,0.5
8.291,GO_TO_START,0.4776823818683624,0.6004154086112976,0.2633717358112335,0.0,0.0,0.0,0.7171257138252258,0.43173640966415405,0.4192824959754944,0.0,0.0,0.0,0.0,0.0,0.0,0.0,0.6031456247996692,0.4031188700522946,0.5,0.33440542221069336,0.6073615550994873,0.1744670569896698,0.0,0.0,0.0,0.27121904492378235,0.423433780670166,0.8130709528923035,0.0,0.0,0.0,0.0,0.0,0.0,0.0,1.1779028476121574,1.2493508414068781,0.5,0.4675402343273163,0.16862493753433228,0.5943615436553955,0.0,0.0,0.0,0.14114460349082947,0.13560952246189117,-0.027675412595272064,0.0,0.0,0.0,0.0,0.0,0.0,0.0,0.6083206419570024,0.39196226425166775,0.5
8.31,GO_TO_START,0.4776823818683624,0.6004154086112976,0.2633717358112335,0.0,0.0,0.0,0.7171257138252258,0.43173640966415405,0.4192824959754944,0.0,0.0,0.0,0.0,0.0,0.0,0.0,0.6023032829464088,0.4049932528914386,0.5,0.33440542221069336,0.6073615550994873,0.1744670569896698,0.0,0.0,0.0,0.27121904492378235,0.423433780670166,0.8130709528923035,0.0,0.0,0.0,0.0,0.0,0.0,0.0,1.1971362308365205,1.2481456141630782,0.5,0.4675402343273163,0.16862493753433228,0.5943615436553955,0.0,0.0,0.0,0.14114460349082947,0.13560952246189117,-0.027675412595272064,0.0,0.0,0.0,0.0,0.0,0.0,0.0,0.6065479063793666,0.39571704355315046,0.5
8.33,GO_TO_START,0.6267737150192261,0.6135066151618958,-0.09528718888759613,0.0,0.0,0.0,0.2643001675605774,0.5493568778038025,0.510611355304718,0.0,0.0,0.0,0.0,0.0,0.0,0.0,0.6014723619792152,0.4068592376269685,0.5,0.33440542221069336,0.6073615550994873,0.1744670569896698,0.0,0.0,0.0,0.27121904492378235,0.423433780670166,0.8130709528923035,0.0,0.0,0.0,0.0,0.0,0.0,0.0,1.2162060640912133,1.2463361108280715,0.5,0.4675402343273163,0.16862493753433228,0.5943615436553955,0.0,0.0,0.0,0.14114460349082947,0.13560952246189117,-0.027675412595272064,0.0,0.0,0.0,0.0,0.0,0.0,0.0,0.6048116000410421,0.3994613631589105,0.5
8.351,GO_TO_START,0.6267737150192261,0.6135066151618958,-0.09528718888759613,0.0,0.0,0.0,0.2643001675605774,0.5493568778038025,0.510611355304718,0.0,0.0,0.0,0.0,0.0,0.0,0.0,0.6006527267440044,0.4087168191394134,0.5,0.33440542221069336,0.6073615550994873,0.1744670569896698,0.0,0.0,0.0,0.27121904492378235,0.423433780670166,0.8130709528923035,0.0,0.0,0.0,0.0,0.0,0.0,0.0,1.2351088405552155,1.2439330646287905,0.5,0.4675402343273163,0.16862493753433228,0.5943615436553955,0.0,0.0,0.0,0.14114460349082947,0.13560952246189117,-0.027675412595272064,0.0,0.0,0.0,0.0,0.0,0.0,0.0,0.603111277207436,0.40319496584891523,0.5
8.371,GO_TO_START,0.6267737150192261,0.6135066151618958,-0.09528718888759613,0.0,0.0,0.0,0.2643001675605774,0.5493568778038025,0.510611355304718,0.0,0.0,0.0,0.0,0.0,0.0,0.0,0.599844243452501,0.41056599335589566,0.5,0.406472772359848,0.6774106025695801,-0.09247232973575592,0.0,0.0,0.0,0.13284197449684143,0.2546137869358063,0.916183590888977,0.0,0.0,0.0,0.0,0.0,0.0,0.0,1.2538131697725252,1.2409507811838316,0.5,0.4675402343273163,0.16862493753433228,0.5943615436553955,0.0,0.0,0.0,0.14114460349082947,0.13560952246189117,-0.027675412595272064,0.0,0.0,0.0,0.0,0.0,0.0,0.0,0.6014464948946575,0.40691760237186436,0.5
8.39,GO_TO_START,0.6267737150192261,0.6135066151618958,-0.09528718888759613,0.0,0.0,0.0,0.2643001675605774,0.5493568778038025,0.510611355304718,0.0,0.0,0.0,0.0,0.0,0.0,0.0,0.5990467796733354,0.4124067572263935,0.5,0.406472772359848,0.6774106025695801,-0.09247232973575592,0.0,0.0,0.0,0.13284197449684143,0.2546137869358063,0.916183590888977,0.0,0.0,0.0,0.0,0.0,0.0,0.0,1.2723027874740134,1.2374027818933837,0.5,0.5207767486572266,0.1771344691514969,0.5685440897941589,0.0,0.0,0.0,0.14114460349082947,0.1134691834449768,-0.03321049362421036,0.0,0.0,0.0,0.0,0.0,0.0,0.0,0.6090908140042711,0.390351675327111,0.5
8.411,GO_TO_START,0.6267737150192261,0.6135066151618958,-0.09528718888759613,0.0,0.0,0.0,0.2643001675605774,0.5493568778038025,0.510611355304718,0.0,0.0,0.0,0.0,0.0,0.0,0.0,0.5983028698103414,0.4141392857203748,0.5,0.406472772359848,0.6774106025695801,-0.09247232973575592,0.0,0.0,0.0,0.13284197449684143,0.2546137869358063,0.916183590888977,0.0,0.0,0.0,0.0,0.0,0.0,0.0,1.2905621662483413,1.2333029036611884,0.5,0.5207767486572266,0.1771344691514969,0.5685440897941589,0.0,0.0,0.0,0.14114460349082947,0.1134691834449768,-0.03321049362421036,0.0,0.0,0.0,0.0,0.0,0.0,0.0,0.6171849286359927,0.37412303516355727,0.5
8.43,GO_TO_START,0.8324325680732727,0.7031996846199036,-0.4859188199043274,0.0,0.0,0.0,-0.3929908573627472,0.33348873257637024,-0.04428065940737724,0.0,0.0,0.0,0.0,0.0,0.0,0.0,0.5975688225535521,0.4158637273186163,0.5,0.406472772359848,0.6774106025695801,-0.09247232973575592,0.0,0.0,0.0,0.13284197449684143,0.2546137869358063,0.916183590888977,0.0,0.0,0.0,0.0,0.0,0.0,0.0,1.3085765107893412,1.2286652661304962,0.5,0.5207767486572266,0.1771344691514969,0.5685440897941589,0.0,0.0,0.0,0.14114460349082947,0.1134691834449768,-0.03321049362421036,0.0,0.0,0.0,0.0,0.0,0.0,0.0,0.6257128830875482,0.35824150562557877,0.5
8.45,GO_TO_START,0.8324325680732727,0.7031996846199036,-0.4859188199043274,0.0,0.0,0.0,-0.3929908573627472,0.33348873257637024,-0.04428065940737724,0.0,0.0,0.0,0.0,0.0,0.0,0.0,0.5968445212299551,0.4175800862518823,0.5,0.406472772359848,0.6774106025695801,-0.09247232973575592,0.0,0.0,0.0,0.13284197449684143,0.2546137869358063,0.916183590888977,0.0,0.0,0.0,0.0,0.0,0.0,0.0,1.3054104068496382,1.229523602144753,0.5,0.5207767486572266,0.1771344691514969,0.5685440897941589,0.0,0.0,0.0,0.14114460349082947,0.1134691834449768,-0.03321049362421036,0.0,0.0,0.0,0.0,0.0,0.0,0.0,0.6346586755256438,0.34271622351803804,0.5
8.471,GO_TO_START,0.8324325680732727,0.7031996846199036,-0.4859188199043274,0.0,0.0,0.0,-0.3929908573627472,0.33348873257637024,-0.04428065940737724,0.0,0.0,0.0,0.0,0.0,0.0,0.0,0.596129850376442,0.41928836753215615,0.5,0.5345526933670044,0.6798281073570251,-0.36266571283340454,0.0,0.0,0.0,0.49400609731674194,0.25046247243881226,0.6650569438934326,0.0,0.0,0.0,0.0,0.0,0.0,0.0,1.3022586956146824,1.2303596209331895,0.5,0.5207767486572266,0.1771344691514969,0.5685440897941589,0.0,0.0,0.0,0.14114460349082947,0.1134691834449768,-0.03321049362421036,0.0,0.0,0.0,0.0,0.0,0.0,0.0,0.6440062823405132,0.3275556517953345,0.5
8.49,GO_TO_START,0.8324325680732727,0.7031996846199036,-0.4859188199043274,0.0,0.0,0.0,-0.3929908573627472,0.33348873257637024,-0.04428065940737724,0.0,0.0,0.0,0.0,0.0,0.0,0.0,0.595424695730782,0.42098857693402203,0.5,0.5345526933670044,0.6798281073570251,-0.36266571283340454,0.0,0.0,0.0,0.49400609731674194,0.25046247243881226,0.6650569438934326,0.0,0.0,0.0,0.0,0.0,0.0,0.0,1.2991214380565657,1.2311736373167161,0.5,0.569135844707489,0.17729754745960236,0.5629572868347168,0.0,0.0,0.0,0.12453935295343399,0.05258328467607498,-0.03874557837843895,0.0,0.0,0.0,0.0,0.0,0.0,0.0,0.653716253946459,0.3128020708796323,0.5
8.51,GO_TO_START,0.8324325680732727,0.7031996846199036,-0.4859188199043274,0.0,0.0,0.0,-0.3929908573627472,0.33348873257637024,-0.04428065940737724,0.0,0.0,0.0,0.0,0.0,0.0,0.0,0.5947816463884382,0.42255202833864003,0.5,0.5345526933670044,0.6798281073570251,-0.36266571283340454,0.0,0.0,0.0,0.49400609731674194,0.25046247243881226,0.6650569438934326,0.0,0.0,0.0,0.0,0.0,0.0,0.0,1.295998691497299,1.2319659629918889,0.5,0.569135844707489,0.17729754745960236,0.5629572868347168,0.0,0.0,0.0,0.12453935295343399,0.05258328467607498,-0.03874557837843895,0.0,0.0,0.0,0.0,0.0,0.0,0.0,0.6637941662746134,0.29842655496837966,0.5
8.531,GO_TO_START,0.9028482437133789,0.6111240983009338,0.003351380117237568,0.0,0.0,0.0,0.08302623778581619,0.7926385402679443,0.5687296986579895,0.0,0.0,0.0,0.0,0.0,0.0,0.0,0.5941468233939688,0.42410788845782066,0.5,0.5345526933670044,0.6798281073570251,-0.36266571283340454,0.0,0.0,0.0,0.49400609731674194,0.25046247243881226,0.6650569438934326,0.0,0.0,0.0,0.0,0.0,0.0,0.0,1.2928905096915737,1.2327369065368026,0.5,0.569135844707489,0.17729754745960236,0.5629572868347168,0.0,0.0,0.0,0.12453935295343399,0.05258328467607498,-0.03874557837843895,0.0,0.0,0.0,0.0,0.0,0.0,0.0,0.674224162721702,0.2844355697525612,0.5
8.551,GO_TO_START,0.9028482437133789,0.6111240983009338,0.003351380117237568,0.0,0.0,0.0,0.08302623778581619,0.7926385402679443,0.5687296986579895,0.0,0.0,0.0,0.0,0.0,0.0,0.0,0.5935201300646584,0.4256561693365618,0.5,0.5345526933670044,0.6798281073570251,-0.36266571283340454,0.0,0.0,0.0,0.49400609731674194,0.25046247243881226,0.6650569438934326,0.0,0.0,0.0,0.0,0.0,0.0,0.0,1.310572724478279,1.228114521659526,0.5,0.569135844707489,0.17729754745960236,0.5629572868347168,0.0,0.0,0.0,0.12453935295343399,0.05258328467607498,-0.03874557837843895,0.0,0.0,0.0,0.0,0.0,0.0,0.0,0.6849904522047158,0.27083496936132767,0.5
8.571,GO_TO_START,0.9028482437133789,0.6111240983009338,0.003351380117237568,0.0,0.0,0.0,0.08302623778581619,0.7926385402679443,0.5687296986579895,0.0,0.0,0.0,0.0,0.0,0.0,0.0,0.5929014707426015,0.42719688355132124,0.5,0.47644147276878357,0.540825605392456,-0.17670302093029022,0.0,0.0,0.0,-0.5438218712806702,-0.40544477105140686,-0.14667968451976776,0.0,0.0,0.0,0.0,0.0,0.0,0.0,1.3280012285829008,1.222988274420147,0.5,0.569135844707489,0.17729754745960236,0.5629572868347168,0.0,0.0,0.0,0.12453935295343399,0.05258328467607498,-0.03874557837843895,0.0,0.0,0.0,0.0,0.0,0.0,0.0,0.6960773280414452,0.25763001149169645,0.5
8.59,GO_TO_START,0.9028482437133789,0.6111240983009338,0.003351380117237568,0.0,0.0,0.0,0.08302623778581619,0.7926385402679443,0.5687296986579895,0.0,0.0,0.0,0.0,0.0,0.0,0.0,0.5922907507861589,0.42873004419638494,0.5,0.47644147276878357,0.540825605392456,-0.17670302093029022,0.0,0.0,0.0,-0.5438218712806702,-0.40544477105140686,-0.14667968451976776,0.0,0.0,0.0,0.0,0.0,0.0,0.0,1.3451634756222126,1.21737220392178,0.5,0.5884917378425598,0.15608040988445282,0.5407293438911438,0.0,0.0,0.0,0.07333984225988388,-0.035978034138679504,-0.041513118892908096,0.0,0.0,0.0,0.0,0.0,0.0,0.0,0.6929999537884309,0.2612186247225521,0.5
8.61,GO_TO_START,0.9028482437133789,0.6111240983009338,0.003351380117237568,0.0,0.0,0.0,0.08302623778581619,0.7926385402679443,0.5687296986579895,0.0,0.0,0.0,0.0,0.0,0.0,0.0,0.5917384574436978,0.43012719562743096,0.5,0.47644147276878357,0.540825605392456,-0.17670302093029022,0.0,0.0,0.0,-0.5438218712806702,-0.40544477105140686,-0.14667968451976776,0.0,0.0,0.0,0.0,0.0,0.0,0.0,1.3620475912124363,1.211280517264766,0.5,0.5884917378425598,0.15608040988445282,0.5407293438911438,0.0,0.0,0.0,0.07333984225988388,-0.035978034138679504,-0.041513118892908096,0.0,0.0,0.0,0.0,0.0,0.0,0.0,0.6899691586114866,0.26480962502760214,0.5
8.631,GO_TO_START,1.0595351457595825,0.6547051668167114,-0.09458178281784058,0.0,0.0,0.0,-0.3777693510055542,0.7613065242767334,0.5092275738716125,0.0,0.0,0.0,0.0,0.0,0.0,0.0,0.5911929464995757,0.431517330302438,0.5,0.47644147276878357,0.540825605392456,-0.17670302093029022,0.0,0.0,0.0,-0.5438218712806702,-0.40544477105140686,-0.14667968451976776,0.0,0.0,0.0,0.0,0.0,0.0,0.0,1.3786423643476096,1.2047275630663532,0.5,0.5884917378425598,0.15608040988445282,0.5407293438911438,0.0,0.0,0.0,0.07333984225988388,-0.035978034138679504,-0.041513118892908096,0.0,0.0,0.0,0.0,0.0,0.0,0.0,0.6869845109051738,0.26840249364247826,0.5
8.651,GO_TO_START,1.0595351457595825,0.6547051668167114,-0.09458178281784058,0.0,0.0,0.0,-0.3777693510055542,0.7613065242767334,0.5092275738716125,0.0,0.0,0.0,0.0,0.0,0.0,0.0,0.5906541391095894,0.4329004654432316,0.5,0.47644147276878357,0.540825605392456,-0.17670302093029022,0.0,0.0,0.0,-0.5438218712806702,-0.40544477105140686,-0.14667968451976776,0.0,0.0,0.0,0.0,0.0,0.0,0.0,1.374813605731548,1.206290250389111,0.5,0.5884917378425598,0.15608040988445282,0.5407293438911438,0.0,0.0,0.0,0.07333984225988388,-0.035978034138679504,-0.041513118892908096,0.0,0.0,0.0,0.0,0.0,0.0,0.0,0.6840455784980226,0.27199672344970655,0.5
8.671,GO_TO_START,1.0595351457595825,0.6547051668167114,-0.09458178281784058,0.0,0.0,0.0,-0.3777693510055542,0.7613065242767334,0.5092275738716125,0.0,0.0,0.0,0.0,0.0,0.0,0.0,0.5901219572782963,0.4342766186105126,0.5,0.5556830763816833,0.5830393433570862,-0.3872142732143402,0.0,0.0,0.0,-0.5590433478355408,-0.27121904492378235,0.1300744265317917,0.0,0.0,0.0,0.0,0.0,0.0,0.0,1.3709972357186124,1.207817373165028,0.5,0.5884917378425598,0.15608040988445282,0.5407293438911438,0.0,0.0,0.0,0.07333984225988388,-0.035978034138679504,-0.041513118892908096,0.0,0.0,0.0,0.0,0.0,0.0,0.0,0.6811519288120156,0.27559181880826006,0.5
8.691,GO_TO_START,1.0595351457595825,0.6547051668167114,-0.09458178281784058,0.0,0.0,0.0,-0.3777693510055542,0.7613065242767334,0.5092275738716125,0.0,0.0,0.0,0.0,0.0,0.0,0.0,0.5895963238513472,0.4356458076941907,0.5,0.5556830763816833,0.5830393433570862,-0.3872142732143402,0.0,0.0,0.0,-0.5590433478355408,-0.27121904492378235,0.1300744265317917,0.0,0.0,0.0,0.0,0.0,0.0,0.0,1.3671934841186157,1.2093093870626672,0.5,0.5974064469337463,0.14277474582195282,0.5265778303146362,0.0,0.0,0.0,0.029059182852506638,-0.058118365705013275,-0.031826723366975784,0.0,0.0,0.0,0.0,0.0,0.0,0.0,0.6781952571960672,0.2793245561576611,0.5
8.711,GO_TO_START,1.0595351457595825,0.6547051668167114,-0.09458178281784058,0.0,0.0,0.0,-0.3777693510055542,0.7613065242767334,0.5092275738716125,0.0,0.0,0.0,0.0,0.0,0.0,0.0,0.5891042216719471,0.43693680314571515,0.5,0.5556830763816833,0.5830393433570862,-0.3872142732143402,0.0,0.0,0.0,-0.5590433478355408,-0.27121904492378235,0.1300744265317917,0.0,0.0,0.0,0.0,0.0,0.0,0.0,1.3634025730201063,1.2107667445813797,0.5,0.5974064469337463,0.14277474582195282,0.5265778303146362,0.0,0.0,0.0,0.029059182852506638,-0.058118365705013275,-0.031826723366975784,0.0,0.0,0.0,0.0,0.0,0.0,0.0,0.6752857757754497,0.2830580354894205,0.5
8.73,GO_TO_START,1.3294657468795776,0.6430732011795044,-0.19588494300842285,0.0,0.0,0.0,-0.2739865779876709,0.3210347592830658,0.7490955591201782,0.0,0.0,0.0,0.0,0.0,0.0,0.0,0.5886180194343262,0.4382211722193139,0.5,0.5556830763816833,0.5830393433570862,-0.3872142732143402,0.0,0.0,0.0,-0.5590433478355408,-0.27121904492378235,0.1300744265317917,0.0,0.0,0.0,0.0,0.0,0.0,0.0,1.359624716941775,1.2121898950061984,0.5,0.5974064469337463,0.14277474582195282,0.5265778303146362,0.0,0.0,0.0,0.029059182852506638,-0.058118365705013275,-0.031826723366975784,0.0,0.0,0.0,0.0,0.0,0.0,0.0,0.6724230285148272,0.286791745265818,0.5
8.751,GO_TO_START,1.3294657468795776,0.6430732011795044,-0.19588494300842285,0.0,0.0,0.0,-0.2739865779876709,0.3210347592830658,0.7490955591201782,0.0,0.0,0.0,0.0,0.0,0.0,0.0,0.5881376490013461,0.4394989346101415,0.5,0.5556830763816833,0.5830393433570862,-0.3872142732143402,0.0,0.0,0.0,-0.5590433478355408,-0.27121904492378235,0.1300744265317917,0.0,0.0,0.0,0.0,0.0,0.0,0.0,1.366401195306894,1.2096164067195918,0.5,0.5974064469337463,0.14277474582195282,0.5265778303146362,0.0,0.0,0.0,0.029059182852506638,-0.058118365705013275,-0.031826723366975784,0.0,0.0,0.0,0.0,0.0,0.0,0.0,0.6696065591888058,0.29052518582579145,0.5
8.77,GO_TO_START,1.3294657468795776,0.6430732011795044,-0.19588494300842285,0.0,0.0,0.0,-0.2739865779876709,0.3210347592830658,0.7490955591201782,0.0,0.0,0.0,0.0,0.0,0.0,0.0,0.5876630429762444,0.44077011024888685,0.5,0.6472573280334473,0.6487648487091064,-0.7619429230690002,0.0,0.0,0.0,0.9010599851608276,0.4178987145423889,-0.11070165038108826,0.0,0.0,0.0,0.0,0.0,0.0,0.0,1.3731057157920317,1.2069774138876057,0.5,0.5974064469337463,0.14277474582195282,0.5265778303146362,0.0,0.0,0.0,0.029059182852506638,-0.058118365705013275,-0.031826723366975784,0.0,0.0,0.0,0.0,0.0,0.0,0.0,0.6668359115393809,0.2942578692057699,0.5
8.791,GO_TO_START,1.3294657468795776,0.6430732011795044,-0.19588494300842285,0.0,0.0,0.0,-0.2739865779876709,0.3210347592830658,0.7490955591201782,0.0,0.0,0.0,0.0,0.0,0.0,0.0,0.5871941346956454,0.4420347192942612,0.5,0.6472573280334473,0.6487648487091064,-0.7619429230690002,0.0,0.0,0.0,0.9010599851608276,0.4178987145423889,-0.11070165038108826,0.0,0.0,0.0,0.0,0.0,0.0,0.0,1.3797381264193775,1.2042746550847458,0.5,0.5695582628250122,0.15945254266262054,0.5304120779037476,0.0,0.0,0.0,0.004151311703026295,-0.02629164233803749,-0.03044295310974121,0.0,0.0,0.0,0.0,0.0,0.0,0.0,0.663878960445769,0.2983093192836725,0.5
8.811,GO_TO_START,1.3294657468795776,0.6430732011795044,-0.19588494300842285,0.0,0.0,0.0,-0.2739865779876709,0.3210347592830658,0.7490955591201782,0.0,0.0,0.0,0.0,0.0,0.0,0.0,0.5866800773675215,0.4434312105729946,0.5,0.6472573280334473,0.6487648487091064,-0.7619429230690002,0.0,0.0,0.0,0.9010599851608276,0.4178987145423889,-0.11070165038108826,0.0,0.0,0.0,0.0,0.0,0.0,0.0,1.3862983047522854,1.2015098468488081,0.5,0.5695582628250122,0.15945254266262054,0.5304120779037476,0.0,0.0,0.0,0.004151311703026295,-0.02629164233803749,-0.03044295310974121,0.0,0.0,0.0,0.0,0.0,0.0,0.0,0.6609734170193798,0.30236081760207373,0.5
8.83,GO_TO_START,1.2472689151763916,0.7297866344451904,-0.08792217075824738,0.0,0.0,0.0,-0.4248175621032715,0.3971421420574188,0.12453935295343399,0.0,0.0,0.0,0.0,0.0,0.0,0.0,0.5861725383639603,0.4448205821602463,0.5,0.6472573280334473,0.6487648487091064,-0.7619429230690002,0.0,0.0,0.0,0.9010599851608276,0.4178987145423889,-0.11070165038108826,0.0,0.0,0.0,0.0,0.0,0.0,0.0,1.3927861570118192,1.1986846835509737,0.5,0.5695582628250122,0.15945254266262054,0.5304120779037476,0.0,0.0,0.0,0.004151311703026295,-0.02629164233803749,-0.03044295310974121,0.0,0.0,0.0,0.0,0.0,0.0,0.0,0.6581187688602952,0.30641179523666945,0.5
8.851,GO_TO_START,1.2472689151763916,0.7297866344451904,-0.08792217075824738,0.0,0.0,0.0,-0.4248175621032715,0.3971421420574188,0.12453935295343399,0.0,0.0,0.0,0.0,0.0,0.0,0.0,0.5856714405479011,0.4462028533400947,0.5,0.6472573280334473,0.6487648487091064,-0.7619429230690002,0.0,0.0,0.0,0.9010599851608276,0.4178987145423889,-0.11070165038108826,0.0,0.0,0.0,0.0,0.0,0.0,0.0,1.3968232094122595,1.1968805201279635,0.5,0.5695582628250122,0.15945254266262054,0.5304120779037476,0.0,0.0,0.0,0.004151311703026295,-0.02629164233803749,-0.03044295310974121,0.0,0.0,0.0,0.0,0.0,0.0,0.0,0.6553145032633595,0.3104616968316782,0.5
8.871,GO_TO_START,1.2472689151763916,0.7297866344451904,-0.08792217075824738,0.0,0.0,0.0,-0.4248175621032715,0.3971421420574188,0.12453935295343399,0.0,0.0,0.0,0.0,0.0,0.0,0.0,0.5851767076251551,0.4475780437036523,0.5,0.7213555574417114,0.7614713907241821,-1.3159494400024414,0.0,0.0,0.0,0.8840290904045105,0.4649469256401062,0.015221476554870605,0.0,0.0,0.0,0.0,0.0,0.0,0.0,1.4008227545529177,1.1950577453797777,0.5,0.5695582628250122,0.15945254266262054,0.5304120779037476,0.0,0.0,0.0,0.004151311703026295,-0.02629164233803749,-0.03044295310974121,0.0,0.0,0.0,0.0,0.0,0.0,0.0,0.6525601074054865,0.31450998039351596,0.5
8.891,GO_TO_START,1.2472689151763916,0.7297866344451904,-0.08792217075824738,0.0,0.0,0.0,-0.4248175621032715,0.3971421420574188,0.12453935295343399,0.0,0.0,0.0,0.0,0.0,0.0,0.0,0.5846882641366045,0.4489461731398414,0.5,0.7213555574417114,0.7614713907241821,-1.3159494400024414,0.0,0.0,0.0,0.8840290904045105,0.4649469256401062,0.015221476554870605,0.0,0.0,0.0,0.0,0.0,0.0,0.0,1.4047849637118468,1.1932169200847418,0.5,0.6381694674491882,0.07918279618024826,0.5271950960159302,0.0,0.0,0.0,0.04428065940737724,0.04843197017908096,-0.024907870218157768,0.0,0.0,0.0,0.0,0.0,0.0,0.0,0.6621636622104381,0.3006925315254933,0.5
8.91,GO_TO_START,1.2472689151763916,0.7297866344451904,-0.08792217075824738,0.0,0.0,0.0,-0.4248175621032715,0.3971421420574188,0.12453935295343399,0.0,0.0,0.0,0.0,0.0,0.0,0.0,0.5843717783678698,0.44983827815170596,0.5,0.7213555574417114,0.7614713907241821,-1.3159494400024414,0.0,0.0,0.0,0.8840290904045105,0.4649469256401062,0.015221476554870605,0.0,0.0,0.0,0.0,0.0,0.0,0.0,1.4087100122893363,1.191358596072189,0.5,0.6381694674491882,0.07918279618024826,0.5271950960159302,0.0,0.0,0.0,0.04428065940737724,0.04843197017908096,-0.024907870218157768,0.0,0.0,0.0,0.0,0.0,0.0,0.0,0.6720898617854244,0.2872302385924023,0.5
8.931,GO_TO_START,1.2920770645141602,0.7622023820877075,-0.2651807367801666,0.0,0.0,0.0,0.700510561466217,-0.32241854071617126,-0.012453935109078884,0.0,0.0,0.0,0.0,0.0,0.0,0.0,0.5840585866759793,0.45072552425157375,0.5,0.7213555574417114,0.7614713907241821,-1.3159494400024414,0.0,0.0,0.0,0.8840290904045105,0.4649469256401062,0.015221476554870605,0.0,0.0,0.0,0.0,0.0,0.0,0.0,1.412598079635072,1.189483316305493,0.5,0.6381694674491882,0.07918279618024826,0.5271950960159302,0.0,0.0,0.0,0.04428065940737724,0.04843197017908096,-0.024907870218157768,0.0,0.0,0.0,0.0,0.0,0.0,0.0,0.6823245769850271,0.2741280820442073,0.5
8.951,GO_TO_START,1.2920770645141602,0.7622023820877075,-0.2651807367801666,0.0,0.0,0.0,0.700510561466217,-0.32241854071617126,-0.012453935109078884,0.0,0.0,0.0,0.0,0.0,0.0,0.0,0.5837486533680389,0.45160793252377573,0.5,0.7213555574417114,0.7614713907241821,-1.3159494400024414,0.0,0.0,0.0,0.8840290904045105,0.4649469256401062,0.015221476554870605,0.0,0.0,0.0,0.0,0.0,0.0,0.0,1.4165091215693364,1.187561985375027,0.5,0.6381694674491882,0.07918279618024826,0.5271950960159302,0.0,0.0,0.0,0.04428065940737724,0.04843197017908096,-0.024907870218157768,0.0,0.0,0.0,0.0,0.0,0.0,0.0,0.6928537659751094,0.2613905293011247,0.5
8.971,GO_TO_START,1.2920770645141602,0.7622023820877075,-0.2651807367801666,0.0,0.0,0.0,0.700510561466217,-0.32241854071617126,-0.012453935109078884,0.0,0.0,0.0,0.0,0.0,0.0,0.0,0.583441943138901,0.45248552406019527,0.5,0.8081585764884949,0.8670260310173035,-1.9298943281173706,0.0,0.0,0.0,0.7518498301506042,0.6434533596038818,0.10239902138710022,0.0,0.0,0.0,0.0,0.0,0.0,0.0,1.4203827672179943,1.1856240838419607,0.5,0.6381694674491882,0.07918279618024826,0.5271950960159302,0.0,0.0,0.0,0.04428065940737724,0.04843197017908096,-0.024907870218157768,0.0,0.0,0.0,0.0,0.0,0.0,0.0,0.7036634887594742,0.24902154829263462,0.5
8.99,GO_TO_START,1.2920770645141602,0.7622023820877075,-0.2651807367801666,0.0,0.0,0.0,0.700510561466217,-0.32241854071617126,-0.012453935109078884,0.0,0.0,0.0,0.0,0.0,0.0,0.0,0.5831384210671429,0.4533583199579797,0.5,0.8081585764884949,0.8670260310173035,-1.9298943281173706,0.0,0.0,0.0,0.7518498301506042,0.6434533596038818,0.10239902138710022,0.0,0.0,0.0,0.0,0.0,0.0,0.0,1.4242192075599014,1.183670147380589,0.5,0.693038284778595,0.006101957522332668,0.5069481730461121,0.0,0.0,0.0,-0.06365344673395157,-0.045664429664611816,-0.029059182852506638,0.0,0.0,0.0,0.0,0.0,0.0,0.0,0.7139694545873241,0.237838182909765,0.5
9.011,GO_TO_START,1.2920770645141602,0.7622023820877075,-0.2651807367801666,0.0,0.0,0.0,0.700510561466217,-0.32241854071617126,-0.012453935109078884,0.0,0.0,0.0,0.0,0.0,0.0,0.0,0.5829718296383122,0.45383921386710124,0.5,0.8081585764884949,0.8670260310173035,-1.9298943281173706,0.0,0.0,0.0,0.7518498301506042,0.6434533596038818,0.10239902138710022,0.0,0.0,0.0,0.0,0.0,0.0,0.0,1.4280186371195918,1.1817007028528028,0.5,0.693038284778595,0.006101957522332668,0.5069481730461121,0.0,0.0,0.0,-0.06365344673395157,-0.045664429664611816,-0.029059182852506638,0.0,0.0,0.0,0.0,0.0,0.0,0.0,0.7244912080384617,0.2269843171188185,0.5
9.031,GO_TO_START,1.3244580030441284,0.9032703638076782,-0.5866854786872864,0.0,0.0,0.0,0.8780730366706848,-0.2698352634906769,-0.3888395428657532,0.0,0.0,0.0,0.0,0.0,0.0,0.0,0.5828066420571142,0.45431736227893516,0.5,0.8081585764884949,0.8670260310173035,-1.9298943281173706,0.0,0.0,0.0,0.7518498301506042,0.6434533596038818,0.10239902138710022,0.0,0.0,0.0,0.0,0.0,0.0,0.0,1.4317812538060046,1.1797162683961253,0.5,0.693038284778595,0.006101957522332668,0.5069481730461121,0.0,0.0,0.0,-0.06365344673395157,-0.045664429664611816,-0.029059182852506638,0.0,0.0,0.0,0.0,0.0,0.0,0.0,0.7352175145361369,0.21646166288040886,0.5
9.051,GO_TO_START,1.3244580030441284,0.9032703638076782,-0.5866854786872864,0.0,0.0,0.0,0.8780730366706848,-0.2698352634906769,-0.3888395428657532,0.0,0.0,0.0,0.0,0.0,0.0,0.0,0.5826428451798035,0.45479277965625464,0.5,0.8081585764884949,0.8670260310173035,-1.9298943281173706,0.0,0.0,0.0,0.7518498301506042,0.6434533596038818,0.10239902138710022,0.0,0.0,0.0,0.0,0.0,0.0,0.0,1.4345595498529191,1.1782289868868463,0.5,0.693038284778595,0.006101957522332668,0.5069481730461121,0.0,0.0,0.0,-0.06365344673395157,-0.045664429664611816,-0.029059182852506638,0.0,0.0,0.0,0.0,0.0,0.0,0.0,0.7461372778527877,0.20627159020427416,0.5
9.07,GO_TO_START,1.3244580030441284,0.9032703638076782,-0.5866854786872864,0.0,0.0,0.0,0.8780730366706848,-0.2698352634906769,-0.3888395428657532,0.0,0.0,0.0,0.0,0.0,0.0,0.0,0.5824804259956144,0.45526548040503767,0.5,0.8906537890434265,0.9361420273780823,-2.5663204193115234,0.0,0.0,0.0,0.7145068049430847,0.6932690739631653,0.07057230174541473,0.0,0.0,0.0,0.0,0.0,0.0,0.0,1.4373133969422538,1.1767361881791518,0.5,0.693038284778595,0.006101957522332668,0.5069481730461121,0.0,0.0,0.0,-0.06365344673395157,-0.045664429664611816,-0.029059182852506638,0.0,0.0,0.0,0.0,0.0,0.0,0.0,0.7572395473408449,0.19641513822992773,0.5
9.09,GO_TO_START,1.3244580030441284,0.9032703638076782,-0.5866854786872864,0.0,0.0,0.0,0.8780730366706848,-0.2698352634906769,-0.3888395428657532,0.0,0.0,0.0,0.0,0.0,0.0,0.0,0.5823193716253654,0.455735478874345,0.5,0.8906537890434265,0.9361420273780823,-2.5663204193115234,0.0,0.0,0.0,0.7145068049430847,0.6932690739631653,0.07057230174541473,0.0,0.0,0.0,0.0,0.0,0.0,0.0,1.44004296045196,1.1752381184684357,0.5,0.6569864153862,0.041238900274038315,0.542216956615448,0.0,0.0,0.0,-0.08579377084970474,-0.04289688542485237,-0.040129344910383224,0.0,0.0,0.0,0.0,0.0,0.0,0.0,0.7677670846582255,0.18750892070297415,0.5
9.111,GO_TO_START,1.3244580030441284,0.9032703638076782,-0.5866854786872864,0.0,0.0,0.0,0.8780730366706848,-0.2698352634906769,-0.3888395428657532,0.0,0.0,0.0,0.0,0.0,0.0,0.0,0.5820858350936294,0.4564192641332826,0.5,0.8906537890434265,0.9361420273780823,-2.5663204193115234,0.0,0.0,0.0,0.7145068049430847,0.6932690739631653,0.07057230174541473,0.0,0.0,0.0,0.0,0.0,0.0,0.0,1.4427484060822224,1.173735019581771,0.5,0.6569864153862,0.041238900274038315,0.542216956615448,0.0,0.0,0.0,-0.08579377084970474,-0.04289688542485237,-0.040129344910383224,0.0,0.0,0.0,0.0,0.0,0.0,0.0,0.7784315475684751,0.17889822208185036,0.5
9.13,GO_TO_START,1.4278457164764404,1.065963864326477,-1.041385293006897,0.0,0.0,0.0,0.8921940922737122,-0.28228920698165894,-0.351477712392807,0.0,0.0,0.0,0.0,0.0,0.0,0.0,0.581854516018322,0.4570992249076613,0.5,0.8906537890434265,0.9361420273780823,-2.5663204193115234,0.0,0.0,0.0,0.7145068049430847,0.6932690739631653,0.07057230174541473,0.0,0.0,0.0,0.0,0.0,0.0,0.0,1.4454298998072743,1.172227129034737,0.5,0.6569864153862,0.041238900274038315,0.542216956615448,0.0,0.0,0.0,-0.08579377084970474,-0.04289688542485237,-0.040129344910383224,0.0,0.0,0.0,0.0,0.0,0.0,0.0,0.7892242053468999,0.17058282676522307,0.5
9.151,GO_TO_START,1.4278457164764404,1.065963864326477,-1.041385293006897,0.0,0.0,0.0,0.8921940922737122,-0.28228920698165894,-0.351477712392807,0.0,0.0,0.0,0.0,0.0,0.0,0.0,0.581625391657737,0.457775379850085,0.5,0.8906537890434265,0.9361420273780823,-2.5663204193115234,0.0,0.0,0.0,0.7145068049430847,0.6932690739631653,0.07057230174541473,0.0,0.0,0.0,0.0,0.0,0.0,0.0,1.4480429637287824,1.1707402344468532,0.5,0.6569864153862,0.041238900274038315,0.542216956615448,0.0,0.0,0.0,-0.08579377084970474,-0.04289688542485237,-0.040129344910383224,0.0,0.0,0.0,0.0,0.0,0.0,0.0,0.8001364747400281,0.16256229762905594,0.5
9.17,GO_TO_START,1.4278457164764404,1.065963864326477,-1.041385293006897,0.0,0.0,0.0,0.8921940922737122,-0.28228920698165894,-0.351477712392807,0.0,0.0,0.0,0.0,0.0,0.0,0.0,0.5813984395125121,0.458447747569511,0.5,0.9572635293006897,0.9759531617164612,-3.205810070037842,0.0,0.0,0.0,0.7158468961715698,0.6918852925300598,0.07057230174541473,0.0,0.0,0.0,0.0,0.0,0.0,0.0,1.4506329332839896,1.1692493037309384,0.5,0.6569864153862,0.041238900274038315,0.542216956615448,0.0,0.0,0.0,-0.08579377084970474,-0.04289688542485237,-0.040129344910383224,0.0,0.0,0.0,0.0,0.0,0.0,0.0,0.8111599230552995,0.1548359844898769,0.5
9.19,GO_TO_START,1.4278457164764404,1.065963864326477,-1.041385293006897,0.0,0.0,0.0,0.8921940922737122,-0.28228920698165894,-0.351477712392807,0.0,0.0,0.0,0.0,0.0,0.0,0.0,0.5811736373230616,0.4591163466304038,0.5,0.9572635293006897,0.9759531617164612,-3.205810070037842,0.0,0.0,0.0,0.7158468961715698,0.6918852925300598,0.07057230174541473,0.0,0.0,0.0,0.0,0.0,0.0,0.0,1.4531999720881912,1.1677545527812576,0.5,0.6671096682548523,0.05020423233509064,0.5601456761360168,0.0,0.0,0.0,-0.02214032970368862,0.004151311703026295,-0.03874557837843895,0.0,0.0,0.0,0.0,0.0,0.0,0.0,0.8216764112594115,0.14780121358519704,0.5
9.21,GO_TO_START,1.4278457164764404,1.065963864326477,-1.041385293006897,0.0,0.0,0.0,0.8921940922737122,-0.28228920698165894,-0.351477712392807,0.0,0.0,0.0,0.0,0.0,0.0,0.0,0.5809542603132328,0.45977133195982267,0.5,0.9572635293006897,0.9759531617164612,-3.205810070037842,0.0,0.0,0.0,0.7158468961715698,0.6918852925300598,0.07057230174541473,0.0,0.0,0.0,0.0,0.0,0.0,0.0,1.4557442437941346,1.166256193557765,0.5,0.6671096682548523,0.05020423233509064,0.5601456761360168,0.0,0.0,0.0,-0.02214032970368862,0.004151311703026295,-0.03874557837843895,0.0,0.0,0.0,0.0,0.0,0.0,0.0,0.8322744972233811,0.1410299567898472,0.5
9.23,GO_TO_START,1.6013823747634888,1.204997181892395,-1.514108419418335,0.0,0.0,0.0,0.9078695178031921,-0.21863575279712677,-0.35424527525901794,0.0,0.0,0.0,0.0,0.0,0.0,0.0,0.5807369469850554,0.4604226372371839,0.5,0.9572635293006897,0.9759531617164612,-3.205810070037842,0.0,0.0,0.0,0.7158468961715698,0.6918852925300598,0.07057230174541473,0.0,0.0,0.0,0.0,0.0,0.0,0.0,1.4582659120532313,1.1647544341392209,0.5,0.6671096682548523,0.05020423233509064,0.5601456761360168,0.0,0.0,0.0,-0.02214032970368862,0.004151311703026295,-0.03874557837843895,0.0,0.0,0.0,0.0,0.0,0.0,0.0,0.8429473457956882,0.13452093394000242,0.5
9.251,GO_TO_START,1.6013823747634888,1.204997181892395,-1.514108419418335,0.0,0.0,0.0,0.9078695178031921,-0.21863575279712677,-0.35424527525901794,0.0,0.0,0.0,0.0,0.0,0.0,0.0,0.5805216762963358,0.4610702807082361,0.5,0.9572635293006897,0.9759531617164612,-3.205810070037842,0.0,0.0,0.0,0.7158468961715698,0.6918852925300598,0.07057230174541473,0.0,0.0,0.0,0.0,0.0,0.0,0.0,1.461054276625143,1.1630742996810588,0.5,0.6671096682548523,0.05020423233509064,0.5601456761360168,0.0,0.0,0.0,-0.02214032970368862,0.004151311703026295,-0.03874557837843895,0.0,0.0,0.0,0.0,0.0,0.0,0.0,0.8536882617871826,0.12827272086146502,0.5
9.271,GO_TO_START,1.6013823747634888,1.204997181892395,-1.514108419418335,0.0,0.0,0.0,0.9078695178031921,-0.21863575279712677,-0.35424527525901794,0.0,0.0,0.0,0.0,0.0,0.0,0.0,0.5803084274287498,0.46171428056993813,0.5,1.024515986442566,0.99623042345047,-3.8519694805145264,0.0,0.0,0.0,0.7158468961715698,0.6918852925300598,0.07057230174541473,0.0,0.0,0.0,0.0,0.0,0.0,0.0,1.463816836475244,1.161389277502638,0.5,0.6671096682548523,0.05020423233509064,0.5601456761360168,0.0,0.0,0.0,-0.02214032970368862,0.004151311703026295,-0.03874557837843895,0.0,0.0,0.0,0.0,0.0,0.0,0.0,0.8644906909028093,0.12228375577508999,0.5
9.29,GO_TO_START,1.6013823747634888,1.204997181892395,-1.514108419418335,0.0,0.0,0.0,0.9078695178031921,-0.21863575279712677,-0.35424527525901794,0.0,0.0,0.0,0.0,0.0,0.0,0.0,0.5800971797854605,0.46235465496976913,0.5,1.024515986442566,0.99623042345047,-3.8519694805145264,0.0,0.0,0.0,0.7158468961715698,0.6918852925300598,0.07057230174541473,0.0,0.0,0.0,0.0,0.0,0.0,0.0,1.4665537753671654,1.1596996245837288,0.5,0.6826914548873901,0.07816576212644577,0.5692254304885864,0.0,0.0,0.0,0.0027675412129610777,0.020756559446454048,-0.027675412595272064,0.0,0.0,0.0,0.0,0.0,0.0,0.0,0.8747521226045509,0.1168596751423695,0.5
9.31,GO_TO_START,1.6013823747634888,1.204997181892395,-1.514108419418335,0.0,0.0,0.0,0.9078695178031921,-0.21863575279712677,-0.35424527525901794,0.0,0.0,0.0,0.0,0.0,0.0,0.0,0.5798797121068391,0.46301642496566875,0.5,1.024515986442566,0.99623042345047,-3.8519694805145264,0.0,0.0,0.0,0.7158468961715698,0.6918852925300598,0.07057230174541473,0.0,0.0,0.0,0.0,0.0,0.0,0.0,1.4692652772981947,1.1580055931893927,0.5,0.6826914548873901,0.07816576212644577,0.5692254304885864,0.0,0.0,0.0,0.0027675412129610777,0.020756559446454048,-0.027675412595272064,0.0,0.0,0.0,0.0,0.0,0.0,0.0,0.8850540702814489,0.11166585253620354,0.5
9.33,GO_TO_START,1.8365336656570435,1.3209407329559326,-2.0094306468963623,0.0,0.0,0.0,0.9187507629394531,-0.16605247557163239,-0.351477712392807,0.0,0.0,0.0,0.0,0.0,0.0,0.0,0.5796643107772174,0.46367447410842055,0.5,1.024515986442566,0.99623042345047,-3.8519694805145264,0.0,0.0,0.0,0.7158468961715698,0.6918852925300598,0.07057230174541473,0.0,0.0,0.0,0.0,0.0,0.0,0.0,1.471951526447849,1.1563074309329262,0.5,0.6826914548873901,0.07816576212644577,0.5692254304885864,0.0,0.0,0.0,0.0027675412129610777,0.020756559446454048,-0.027675412595272064,0.0,0.0,0.0,0.0,0.0,0.0,0.0,0.8953912947467854,0.10670044431337733,0.5
9.351,GO_TO_START,1.8365336656570435,1.3209407329559326,-2.0094306468963623,0.0,0.0,0.0,0.9187507629394531,-0.16605247557163239,-0.351477712392807,0.0,0.0,0.0,0.0,0.0,0.0,0.0,0.5794509545716903,0.464328820866445,0.5,1.024515986442566,0.99623042345047,-3.8519694805145264,0.0,0.0,0.0,0.7158468961715698,0.6918852925300598,0.07057230174541473,0.0,0.0,0.0,0.0,0.0,0.0,0.0,1.4749580315163398,1.1543830664812464,0.5,0.6826914548873901,0.07816576212644577,0.5692254304885864,0.0,0.0,0.0,0.0027675412129610777,0.020756559446454048,-0.027675412595272064,0.0,0.0,0.0,0.0,0.0,0.0,0.0,0.905758680404982,0.10196151795472952,0.5
9.371,GO_TO_START,1.8365336656570435,1.3209407329559326,-2.0094306468963623,0.0,0.0,0.0,0.9187507629394531,-0.16605247557163239,-0.351477712392807,0.0,0.0,0.0,0.0,0.0,0.0,0.0,0.579239622492238,0.46497948365871145,0.5,1.091510534286499,0.9970154762268066,-4.49192476272583,0.0,0.0,0.0,0.7158468961715698,0.6918852925300598,0.07057230174541473,0.0,0.0,0.0,0.0,0.0,0.0,0.0,1.477935099139319,1.152452555722911,0.5,0.6826914548873901,0.07816576212644577,0.5692254304885864,0.0,0.0,0.0,0.0027675412129610777,0.020756559446454048,-0.027675412595272064,0.0,0.0,0.0,0.0,0.0,0.0,0.0,0.9161512350029424,0.09744705673632426,0.5
9.39,GO_TO_START,1.8365336656570435,1.3209407329559326,-2.0094306468963623,0.0,0.0,0.0,0.9187507629394531,-0.16605247557163239,-0.351477712392807,0.0,0.0,0.0,0.0,0.0,0.0,0.0,0.5790302937653051,0.4656264808540381,0.5,1.091510534286499,0.9970154762268066,-4.49192476272583,0.0,0.0,0.0,0.7158468961715698,0.6918852925300598,0.07057230174541473,0.0,0.0,0.0,0.0,0.0,0.0,0.0,1.4808829391317604,1.1505162141145158,0.5,0.6943694353103638,0.08283863216638565,0.5854620933532715,0.0,0.0,0.0,0.05258328467607498,0.006918853148818016,-0.02214032970368862,0.0,0.0,0.0,0.0,0.0,0.0,0.0,0.9259604097185579,0.09339757278060357,0.5
9.41,GO_TO_START,1.8365336656570435,1.3209407329559326,-2.0094306468963623,0.0,0.0,0.0,0.9187507629394531,-0.16605247557163239,-0.351477712392807,0.0,0.0,0.0,0.0,0.0,0.0,0.0,0.578832170098918,0.46624116324353626,0.5,1.091510534286499,0.9970154762268066,-4.49192476272583,0.0,0.0,0.0,0.7158468961715698,0.6918852925300598,0.07057230174541473,0.0,0.0,0.0,0.0,0.0,0.0,0.0,1.4838017618879602,1.1485743512862383,0.5,0.6943694353103638,0.08283863216638565,0.5854620933532715,0.0,0.0,0.0,0.05258328467607498,0.006918853148818016,-0.02214032970368862,0.0,0.0,0.0,0.0,0.0,0.0,0.0,0.9357801919383673,0.08954494039750416,0.5
9.43,GO_TO_START,2.132632255554199,1.4130642414093018,-2.5280184745788574,0.0,0.0,0.0,0.9182462692260742,-0.16882002353668213,-0.351477712392807,0.0,0.0,0.0,0.0,0.0,0.0,0.0,0.5786358909717598,0.4668523685264663,0.5,1.091510534286499,0.9970154762268066,-4.49192476272583,0.0,0.0,0.0,0.7158468961715698,0.6918852925300598,0.07057230174541473,0.0,0.0,0.0,0.0,0.0,0.0,0.0,1.4866917783102331,1.1466272711181826,0.5,0.6943694353103638,0.08283863216638565,0.5854620933532715,0.0,0.0,0.0,0.05258328467607498,0.006918853148818016,-0.02214032970368862,0.0,0.0,0.0,0.0,0.0,0.0,0.0,0.9456066790997132,0.08588709430526908,0.5
9.451,GO_TO_START,2.132632255554199,1.4130642414093018,-2.5280184745788574,0.0,0.0,0.0,0.9182462692260742,-0.16882002353668213,-0.351477712392807,0.0,0.0,0.0,0.0,0.0,0.0,0.0,0.5784414376933077,0.46746011434783075,0.5,1.091510534286499,0.9970154762268066,-4.49192476272583,0.0,0.0,0.0,0.7158468961715698,0.6918852925300598,0.07057230174541473,0.0,0.0,0.0,0.0,0.0,0.0,0.0,1.4898903908673924,1.1444436491613692,0.5,0.6943694353103638,0.08283863216638565,0.5854620933532715,0.0,0.0,0.0,0.05258328467607498,0.006918853148818016,-0.02214032970368862,0.0,0.0,0.0,0.0,0.0,0.0,0.0,0.9554360719366253,0.08242191911900798,0.5
9.47,GO_TO_START,2.132632255554199,1.4130642414093018,-2.5280184745788574,0.0,0.0,0.0,0.9182462692260742,-0.16882002353668213,-0.351477712392807,0.0,0.0,0.0,0.0,0.0,0.0,0.0,0.5782487917716763,0.4680644182974312,0.5,1.1589112281799316,0.9785809516906738,-5.132016658782959,0.0,0.0,0.0,0.7158468961715698,0.6918852925300598,0.07057230174541473,0.0,0.0,0.0,0.0,0.0,0.0,0.0,1.4930557777464062,1.1422527128973574,0.5,0.6943694353103638,0.08283863216638565,0.5854620933532715,0.0,0.0,0.0,0.05258328467607498,0.006918853148818016,-0.02214032970368862,0.0,0.0,0.0,0.0,0.0,0.0,0.0,0.9652646736586314,0.07914725261101874,0.5
9.491,GO_TO_START,2.132632255554199,1.4130642414093018,-2.5280184745788574,0.0,0.0,0.0,0.9182462692260742,-0.16882002353668213,-0.351477712392807,0.0,0.0,0.0,0.0,0.0,0.0,0.0,0.5780579349114923,0.4686652979093818,0.5,1.1589112281799316,0.9785809516906738,-5.132016658782959,0.0,0.0,0.0,0.7158468961715698,0.6918852925300598,0.07057230174541473,0.0,0.0,0.0,0.0,0.0,0.0,0.0,1.4961881770639547,1.1400548398507415,0.5,0.711334764957428,0.08982117474079132,0.5824693441390991,0.0,0.0,0.0,0.0567345917224884,0.023524099960923195,-0.01107016485184431,0.0,0.0,0.0,0.0,0.0,0.0,0.0,0.9744206180882322,0.07626497348734096,0.5
9.51,GO_TO_START,2.132632255554199,1.4130642414093018,-2.5280184745788574,0.0,0.0,0.0,0.9182462692260742,-0.16882002353668213,-0.351477712392807,0.0,0.0,0.0,0.0,0.0,0.0,0.0,0.5778823441408152,0.46922005682545576,0.5,1.1589112281799316,0.9785809516906738,-5.132016658782959,0.0,0.0,0.0,0.7158468961715698,0.6918852925300598,0.07057230174541473,0.0,0.0,0.0,0.0,0.0,0.0,0.0,1.4992878279189883,1.1378504004996153,0.5,0.711334764957428,0.08982117474079132,0.5824693441390991,0.0,0.0,0.0,0.0567345917224884,0.023524099960923195,-0.01107016485184431,0.0,0.0,0.0,0.0,0.0,0.0,0.0,0.9835661658871258,0.07354551015497479,0.5
9.531,GO_TO_START,2.489248752593994,1.482488751411438,-3.068847894668579,0.0,0.0,0.0,0.9183494448661804,-0.16882002353668213,-0.351477712392807,0.0,0.0,0.0,0.0,0.0,0.0,0.0,0.5777083401731645,0.46977165569021706,0.5,1.1589112281799316,0.9785809516906738,-5.132016658782959,0.0,0.0,0.0,0.7158468961715698,0.6918852925300598,0.07057230174541473,0.0,0.0,0.0,0.0,0.0,0.0,0.0,1.5023549702981682,1.1356397583664015,0.5,0.711334764957428,0.08982117474079132,0.5824693441390991,0.0,0.0,0.0,0.0567345917224884,0.023524099960923195,-0.01107016485184431,0.0,0.0,0.0,0.0,0.0,0.0,0.0,0.9926985546287113,0.07098682632939735,0.5
9.551,GO_TO_START,2.489248752593994,1.482488751411438,-3.068847894668579,0.0,0.0,0.0,0.9183494448661804,-0.16882002353668213,-0.351477712392807,0.0,0.0,0.0,0.0,0.0,0.0,0.0,0.5775359072680669,0.47032011094002546,0.5,1.1589112281799316,0.9785809516906738,-5.132016658782959,0.0,0.0,0.0,0.7158468961715698,0.6918852925300598,0.07057230174541473,0.0,0.0,0.0,0.0,0.0,0.0,0.0,1.5056917841533664,1.1332011534400501,0.5,0.711334764957428,0.08982117474079132,0.5824693441390991,0.0,0.0,0.0,0.0567345917224884,0.023524099960923195,-0.01107016485184431,0.0,0.0,0.0,0.0,0.0,0.0,0.0,1.0018151029334086,0.06858686265155334,0.5
9.57,GO_TO_START,2.489248752593994,1.482488751411438,-3.068847894668579,0.0,0.0,0.0,0.9183494448661804,-0.16882002353668213,-0.351477712392807,0.0,0.0,0.0,0.0,0.0,0.0,0.0,0.5773650298505572,0.470865438951757,0.5,1.2266844511032104,0.9409960508346558,-5.7722296714782715,0.0,0.0,0.0,0.7158468961715698,0.6918852925300598,0.07057230174541473,0.0,0.0,0.0,0.0,0.0,0.0,0.0,1.5089918523182555,1.1307544591255578,0.5,0.711334764957428,0.08982117474079132,0.5824693441390991,0.0,0.0,0.0,0.0567345917224884,0.023524099960923195,-0.01107016485184431,0.0,0.0,0.0,0.0,0.0,0.0,0.0,1.010913209461119,0.066343538802496,0.5
9.591,GO_TO_START,2.489248752593994,1.482488751411438,-3.068847894668579,0.0,0.0,0.0,0.9183494448661804,-0.16882002353668213,-0.351477712392807,0.0,0.0,0.0,0.0,0.0,0.0,0.0,0.5771956925094058,0.47140765604253654,0.5,1.2266844511032104,0.9409960508346558,-5.7722296714782715,0.0,0.0,0.0,0.7158468961715698,0.6918852925300598,0.07057230174541473,0.0,0.0,0.0,0.0,0.0,0.0,0.0,1.5122554420410985,1.1283001094622582,0.5,0.6763303279876709,0.01526770368218422,0.5428643226623535,0.0,0.0,0.0,0.03874557837843895,0.07887492328882217,0.013837706297636032,0.0,0.0,0.0,0.0,0.0,0.0,0.0,1.0191802066750544,0.06443516014499429,0.5
9.61,GO_TO_START,2.489248752593994,1.482488751411438,-3.068847894668579,0.0,0.0,0.0,0.9183494448661804,-0.16882002353668213,-0.351477712392807,0.0,0.0,0.0,0.0,0.0,0.0,0.0,0.5770527147341156,0.4718668803774737,0.5,1.2266844511032104,0.9409960508346558,-5.7722296714782715,0.0,0.0,0.0,0.7158468961715698,0.6918852925300598,0.07057230174541473,0.0,0.0,0.0,0.0,0.0,0.0,0.0,1.515482821915891,1.1258385302646237,0.5,0.6763303279876709,0.01526770368218422,0.5428643226623535,0.0,0.0,0.0,0.03874557837843895,0.07887492328882217,0.013837706297636032,0.0,0.0,0.0,0.0,0.0,0.0,0.0,1.027423528796861,0.06265426816279163,0.5
9.63,GO_TO_START,2.906329393386841,1.5288832187652588,-3.632110118865967,0.0,0.0,0.0,0.9183494448661804,-0.16882002353668213,-0.351477712392807,0.0,0.0,0.0,0.0,0.0,0.0,0.0,0.5769109596842239,0.4723234628040527,0.5,1.2266844511032104,0.9409960508346558,-5.7722296714782715,0.0,0.0,0.0,0.7158468961715698,0.6918852925300598,0.07057230174541473,0.0,0.0,0.0,0.0,0.0,0.0,0.0,1.518674261764807,1.123370139227407,0.5,0.6763303279876709,0.01526770368218422,0.5428643226623535,0.0,0.0,0.0,0.03874557837843895,0.07887492328882217,0.013837706297636032,0.0,0.0,0.0,0.0,0.0,0.0,0.0,1.035641393706949,0.060999058433086284,0.5
9.651,GO_TO_START,2.906329393386841,1.5288832187652588,-3.632110118865967,0.0,0.0,0.0,0.9183494448661804,-0.16882002353668213,-0.351477712392807,0.0,0.0,0.0,0.0,0.0,0.0,0.0,0.5767704157474015,0.47277741752927444,0.5,1.2266844511032104,0.9409960508346558,-5.7722296714782715,0.0,0.0,0.0,0.7158468961715698,0.6918852925300598,0.07057230174541473,0.0,0.0,0.0,0.0,0.0,0.0,0.0,1.5220904244009776,1.1206896175497185,0.5,0.6763303279876709,0.01526770368218422,0.5428643226623535,0.0,0.0,0.0,0.03874557837843895,0.07887492328882217,0.013837706297636032,0.0,0.0,0.0,0.0,0.0,0.0,0.0,1.0438320772322065,0.05946772130968847,0.5
9.671,GO_TO_START,2.906329393386841,1.5288832187652588,-3.632110118865967,0.0,0.0,0.0,0.9183494448661804,-0.16882002353668213,-0.351477712392807,0.0,0.0,0.0,0.0,0.0,0.0,0.0,0.5766310714303305,0.4732287586996423,0.5,1.2955589294433594,0.883583664894104,-6.419041156768799,0.0,0.0,0.0,0.7158468961715698,0.6918852925300598,0.07057230174541473,0.0,0.0,0.0,0.0,0.0,0.0,0.0,1.5254667768493557,1.1180007473096127,0.5,0.6763303279876709,0.01526770368218422,0.5428643226623535,0.0,0.0,0.0,0.03874557837843895,0.07887492328882217,0.013837706297636032,0.0,0.0,0.0,0.0,0.0,0.0,0.0,1.0519939122137356,0.05805844312395925,0.5
9.69,GO_TO_START,2.906329393386841,1.5288832187652588,-3.632110118865967,0.0,0.0,0.0,0.9183494448661804,-0.16882002353668213,-0.351477712392807,0.0,0.0,0.0,0.0,0.0,0.0,0.0,0.5764929153574383,0.47367750040114087,0.5,1.2955589294433594,0.883583664894104,-6.419041156768799,0.0,0.0,0.0,0.7158468961715698,0.6918852925300598,0.07057230174541473,0.0,0.0,0.0,0.0,0.0,0.0,0.0,1.5288036158744658,1.1153040087947126,0.5,0.6525896191596985,-0.02417689561843872,0.5320616364479065,0.0,0.0,0.0,-0.027675412595272064,0.12730689346790314,0.031826723366975784,0.0,0.0,0.0,0.0,0.0,0.0,0.0,1.0590590218234222,0.05693192761008692,0.5
9.71,GO_TO_START,2.906329393386841,1.5288832187652588,-3.632110118865967,0.0,0.0,0.0,0.9183494448661804,-0.16882002353668213,-0.351477712392807,0.0,0.0,0.0,0.0,0.0,0.0,0.0,0.5763616852534219,0.47410490667814,0.5,1.2955589294433594,0.883583664894104,-6.419041156768799,0.0,0.0,0.0,0.7158468961715698,0.6918852925300598,0.07057230174541473,0.0,0.0,0.0,0.0,0.0,0.0,0.0,1.5321012398413842,1.1125998730130358,0.5,0.6525896191596985,-0.02417689561843872,0.5320616364479065,0.0,0.0,0.0,-0.027675412595272064,0.12730689346790314,0.031826723366975784,0.0,0.0,0.0,0.0,0.0,0.0,0.0,1.0660945566230864,0.055895735942146696,0.5
9.731,GO_TO_START,3.3838376998901367,1.5522263050079346,-4.217766761779785,0.0,0.0,0.0,0.9183494448661804,-0.16882002353668213,-0.351477712392807,0.0,0.0,0.0,0.0,0.0,0.0,0.0,0.5762315581934683,0.47452984531007947,0.5,1.2955589294433594,0.883583664894104,-6.419041156768799,0.0,0.0,0.0,0.7158468961715698,0.6918852925300598,0.07057230174541473,0.0,0.0,0.0,0.0,0.0,0.0,0.0,1.535359948578051,1.1098888018118314,0.5,0.6525896191596985,-0.02417689561843872,0.5320616364479065,0.0,0.0,0.0,-0.027675412595272064,0.12730689346790314,0.031826723366975784,0.0,0.0,0.0,0.0,0.0,0.0,0.0,1.0730995612584702,0.054948470700763474,0.5
9.751,GO_TO_START,3.3838376998901367,1.5522263050079346,-4.217766761779785,0.0,0.0,0.0,0.9183494448661804,-0.16882002353668213,-0.351477712392807,0.0,0.0,0.0,0.0,0.0,0.0,0.0,0.576102523853467,0.4749523297137612,0.5,1.2955589294433594,0.883583664894104,-6.419041156768799,0.0,0.0,0.0,0.7158468961715698,0.6918852925300598,0.07057230174541473,0.0,0.0,0.0,0.0,0.0,0.0,0.0,1.5387997666911932,1.1069843995377453,0.5,0.6525896191596985,-0.02417689561843872,0.5320616364479065,0.0,0.0,0.0,-0.027675412595272064,0.12730689346790314,0.031826723366975784,0.0,0.0,0.0,0.0,0.0,0.0,0.0,1.0800731155776526,0.05408873912722234,0.5
9.77,GO_TO_START,3.3838376998901367,1.5522263050079346,-4.217766761779785,0.0,0.0,0.0,0.9183494448661804,-0.16882002353668213,-0.351477712392807,0.0,0.0,0.0,0.0,0.0,0.0,0.0,0.575974572014156,0.4753723732461879,0.5,1.364134669303894,0.807409942150116,-7.059567928314209,0.0,0.0,0.0,0.7158468961715698,0.6918852925300598,0.07057230174541473,0.0,0.0,0.0,0.0,0.0,0.0,0.0,1.5421972535673645,1.1040719263445125,0.5,0.6525896191596985,-0.02417689561843872,0.5320616364479065,0.0,0.0,0.0,-0.027675412595272064,0.12730689346790314,0.031826723366975784,0.0,0.0,0.0,0.0,0.0,0.0,0.0,1.0870143339516556,0.05331515364269024,0.5
9.79,GO_TO_START,3.3838376998901367,1.5522263050079346,-4.217766761779785,0.0,0.0,0.0,0.9183494448661804,-0.16882002353668213,-0.351477712392807,0.0,0.0,0.0,0.0,0.0,0.0,0.0,0.5758476925600077,0.47578998920460225,0.5,1.364134669303894,0.807409942150116,-7.059567928314209,0.0,0.0,0.0,0.7158468961715698,0.6918852925300598,0.07057230174541473,0.0,0.0,0.0,0.0,0.0,0.0,0.0,1.545552735423494,1.101151896259997,0.5,0.776137113571167,-0.11307192593812943,0.4993801414966583,0.0,0.0,0.0,-0.04843197017908096,0.1300744265317917,0.04843197017908096,0.0,0.0,0.0,0.0,0.0,0.0,0.0,1.0925618283035399,0.05275561414763563,0.5
9.811,GO_TO_START,3.3838376998901367,1.5522263050079346,-4.217766761779785,0.0,0.0,0.0,0.9183494448661804,-0.16882002353668213,-0.351477712392807,0.0,0.0,0.0,0.0,0.0,0.0,0.0,0.5759099913733529,0.47558479998848635,0.5,1.364134669303894,0.807409942150116,-7.059567928314209,0.0,0.0,0.0,0.7158468961715698,0.6918852925300598,0.07057230174541473,0.0,0.0,0.0,0.0,0.0,0.0,0.0,1.5488665401837995,1.0982248131482741,0.5,0.776137113571167,-0.11307192593812943,0.4993801414966583,0.0,0.0,0.0,-0.04843197017908096,0.1300744265317917,0.04843197017908096,0.0,0.0,0.0,0.0,0.0,0.0,0.0,1.0980809541579266,0.05225054355620806,0.5
9.83,GO_TO_START,3.9217803478240967,1.5524379014968872,-4.8259477615356445,0.0,0.0,0.0,0.9183494448661804,-0.16882002353668213,-0.351477712392807,0.0,0.0,0.0,0.0,0.0,0.0,0.0,0.5759719890652256,0.4753808639860264,0.5,1.364134669303894,0.807409942150116,-7.059567928314209,0.0,0.0,0.0,0.7158468961715698,0.6918852925300598,0.07057230174541473,0.0,0.0,0.0,0.0,0.0,0.0,0.0,1.5521389973264998,1.0952911708413242,0.5,0.776137113571167,-0.11307192593812943,0.4993801414966583,0.0,0.0,0.0,-0.04843197017908096,0.1300744265317917,0.04843197017908096,0.0,0.0,0.0,0.0,0.0,0.0,0.0,1.103571356228634,0.05179904627495657,0.5
9.851,GO_TO_START,3.9217803478240967,1.5524379014968872,-4.8259477615356445,0.0,0.0,0.0,0.9183494448661804,-0.16882002353668213,-0.351477712392807,0.0,0.0,0.0,0.0,0.0,0.0,0.0,0.5760336865651597,0.4751781734393019,0.5,1.364134669303894,0.807409942150116,-7.059567928314209,0.0,0.0,0.0,0.7158468961715698,0.6918852925300598,0.07057230174541473,0.0,0.0,0.0,0.0,0.0,0.0,0.0,1.5555537991361035,1.0921833511183714,0.5,0.776137113571167,-0.11307192593812943,0.4993801414966583,0.0,0.0,0.0,-0.04843197017908096,0.1300744265317917,0.04843197017908096,0.0,0.0,0.0,0.0,0.0,0.0,0.0,1.1090326956311167,0.05140023390186055,0.5
9.871,GO_TO_START,3.9217803478240967,1.5524379014968872,-4.8259477615356445,0.0,0.0,0.0,0.9183494448661804,-0.16882002353668213,-0.351477712392807,0.0,0.0,0.0,0.0,0.0,0.0,0.0,0.5760950848077366,0.4749767206393358,0.5,1.4331190586090088,0.7120075225830078,-7.700252532958984,0.0,0.0,0.0,0.7158468961715698,0.6918852925300598,0.07057230174541473,0.0,0.0,0.0,0.0,0.0,0.0,0.0,1.5589243111174986,1.0890682267906424,0.5,0.776137113571167,-0.11307192593812943,0.4993801414966583,0.0,0.0,0.0,-0.04843197017908096,0.1300744265317917,0.04843197017908096,0.0,0.0,0.0,0.0,0.0,0.0,0.0,1.1144646495170938,0.05105322534798051,0.5
9.89,GO_TO_START,3.9217803478240967,1.5524379014968872,-4.8259477615356445,0.0,0.0,0.0,0.9183494448661804,-0.16882002353668213,-0.351477712392807,0.0,0.0,0.0,0.0,0.0,0.0,0.0,0.5761561847324257,0.47477649792578025,0.5,1.4331190586090088,0.7120075225830078,-7.700252532958984,0.0,0.0,0.0,0.7158468961715698,0.6918852925300598,0.07057230174541473,0.0,0.0,0.0,0.0,0.0,0.0,0.0,1.562250888314217,1.0859463328027188,0.5,0.8526671528816223,-0.12620125710964203,0.4784294068813324,0.0,0.0,0.0,-0.09409639984369278,0.03736180439591408,0.06365344673395157,0.0,0.0,0.0,0.0,0.0,0.0,0.0,1.1183630847455786,0.05083465921902286,0.5
9.91,GO_TO_START,3.9217803478240967,1.5524379014968872,-4.8259477615356445,0.0,0.0,0.0,0.9183494448661804,-0.16882002353668213,-0.351477712392807,0.0,0.0,0.0,0.0,0.0,0.0,0.0,0.5763115369342489,0.4742685362683836,0.5,1.4331190586090088,0.7120075225830078,-7.700252532958984,0.0,0.0,0.0,0.7158468961715698,0.6918852925300598,0.07057230174541473,0.0,0.0,0.0,0.0,0.0,0.0,0.0,1.5655338874266431,1.0828181932406513,0.5,0.8526671528816223,-0.12620125710964203,0.4784294068813324,0.0,0.0,0.0,-0.09409639984369278,0.03736180439591408,0.06365344673395157,0.0,0.0,0.0,0.0,0.0,0.0,0.0,1.1222394574414787,0.05064255049523536,0.5
9.931,GO_TO_START,4.520239353179932,1.5293688774108887,-5.4566545486450195,0.0,0.0,0.0,0.9183494448661804,-0.16882002353668213,-0.351477712392807,0.0,0.0,0.0,0.0,0.0,0.0,0.0,0.5764664026276436,0.4737637588771144,0.5,1.4331190586090088,0.7120075225830078,-7.700252532958984,0.0,0.0,0.0,0.7158468961715698,0.6918852925300598,0.07057230174541473,0.0,0.0,0.0,0.0,0.0,0.0,0.0,1.5687736666483667,1.0796843214755252,0.5,0.8526671528816223,-0.12620125710964203,0.4784294068813324,0.0,0.0,0.0,-0.09409639984369278,0.03736180439591408,0.06365344673395157,0.0,0.0,0.0,0.0,0.0,0.0,0.0,1.1260937233501758,0.05047644755460856,0.5
9.951,GO_TO_START,4.520239353179932,1.5293688774108887,-5.4566545486450195,0.0,0.0,0.0,0.9183494448661804,-0.16882002353668213,-0.351477712392807,0.0,0.0,0.0,0.0,0.0,0.0,0.0,0.5766207792815937,0.47326214540072864,0.5,1.4331190586090088,0.7120075225830078,-7.700252532958984,0.0,0.0,0.0,0.7158468961715698,0.6918852925300598,0.07057230174541473,0.0,0.0,0.0,0.0,0.0,0.0,0.0,1.572122900892298,1.0763944846527347,0.5,0.8526671528816223,-0.12620125710964203,0.4784294068813324,0.0,0.0,0.0,-0.09409639984369278,0.03736180439591408,0.06365344673395157,0.0,0.0,0.0,0.0,0.0,0.0,0.0,1.1299258434245827,0.0503359038279968,0.5
9.97,GO_TO_START,4.520239353179932,1.5293688774108887,-5.4566545486450195,0.0,0.0,0.0,0.9183494448661804,-0.16882002353668213,-0.351477712392807,0.0,0.0,0.0,0.0,0.0,0.0,0.0,0.5767746644472664,0.47276367561795885,0.5,1.5025246143341064,0.5974361896514893,-8.34112548828125,0.0,0.0,0.0,0.7158468961715698,0.6918852925300598,0.07057230174541473,0.0,0.0,0.0,0.0,0.0,0.0,0.0,1.575426428496775,1.0730985156396537,0.5,0.8526671528816223,-0.12620125710964203,0.4784294068813324,0.0,0.0,0.0,-0.09409639984369278,0.03736180439591408,0.06365344673395157,0.0,0.0,0.0,0.0,0.0,0.0,0.0,1.133735783691673,0.050220477785481665,0.5
9.99,GO_TO_START,4.520239353179932,1.5293688774108887,-5.4566545486450195,0.0,0.0,0.0,0.9183494448661804,-0.16882002353668213,-0.351477712392807,0.0,0.0,0.0,0.0,0.0,0.0,0.0,0.576928055756694,0.4722683294367678,0.5,1.5025246143341064,0.5974361896514893,-8.34112548828125,0.0,0.0,0.0,0.7158468961715698,0.6918852925300598,0.07057230174541473,0.0,0.0,0.0,0.0,0.0,0.0,0.0,1.578684632069129,1.0697969583355214,0.5,0.907917857170105,-0.06779437512159348,0.5091020464897156,0.0,0.0,0.0,-0.10655033588409424,-0.03459426388144493,0.07333984225988388,0.0,0.0,0.0,0.0,0.0,0.0,0.0,1.1362147697787015,0.05015838138076334,0.5
10.01,TRACK,4.520239353179932,1.5293688774108887,-5.4566545486450195,0.0,0.0,0.0,0.9183494448661804,-0.16882002353668213,-0.351477712392807,0.0,0.0,0.0,0.0,0.0,0.0,0.0,0.5771243197234022,0.4716367331886263,0.5,1.5025246143341064,0.5974361896514893,-8.34112548828125,0.0,0.0,0.0,0.7158468961715698,0.6918852925300598,0.07057230174541473,0.0,0.0,0.0,0.0,0.0,0.0,0.0,1.5818978956785492,1.0664903452763832,0.5,0.907917857170105,-0.06779437512159348,0.5091020464897156,0.0,0.0,0.0,-0.10655033588409424,-0.03459426388144493,0.07333984225988388,0.0,0.0,0.0,0.0,0.0,0.0,0.0,1.1386791153862872,0.0501068115309502,0.5
10.03,TRACK,5.179188251495361,1.4829763174057007,-6.109928607940674,0.0,0.0,0.0,0.9183494448661804,-0.16882002353668213,-0.351477712392807,0.0,0.0,0.0,0.0,0.0,0.0,0.0,0.5773200959514866,0.4710091412977032,0.5,1.5025246143341064,0.5974361896514893,-8.34112548828125,0.0,0.0,0.0,0.7158468961715698,0.6918852925300598,0.07057230174541473,0.0,0.0,0.0,0.0,0.0,0.0,0.0,1.585066604687297,1.0631791977893696,0.5,0.907917857170105,-0.06779437512159348,0.5091020464897156,0.0,0.0,0.0,-0.10655033588409424,-0.03459426388144493,0.07333984225988388,0.0,0.0,0.0,0.0,0.0,0.0,0.0,1.141128864347202,0.05006558445757625,0.5
10.051,TRACK,5.179188251495361,1.4829763174057007,-6.109928607940674,0.0,0.0,0.0,0.9183494448661804,-0.16882002353668213,-0.351477712392807,0.0,0.0,0.0,0.0,0.0,0.0,0.0,0.5775153788811422,0.47038552791493127,0.5,1.5025246143341064,0.5974361896514893,-8.34112548828125,0.0,0.0,0.0,0.7158468961715698,0.6918852925300598,0.07057230174541473,0.0,0.0,0.0,0.0,0.0,0.0,0.0,1.5883174474920605,1.0597289533631284,0.5,0.907917857170105,-0.06779437512159348,0.5091020464897156,0.0,0.0,0.0,-0.10655033588409424,-0.03459426388144493,0.07333984225988388,0.0,0.0,0.0,0.0,0.0,0.0,0.0,1.1435640614920928,0.05003451874668452,0.5
10.07,TRACK,5.179188251495361,1.4829763174057007,-6.109928607940674,0.0,0.0,0.0,0.9183494448661804,-0.16882002353668213,-0.351477712392807,0.0,0.0,0.0,0.0,0.0,0.0,0.0,0.5777101630908184,0.4697658673545372,0.5,1.5730195045471191,0.4623582661151886,-8.988614082336426,0.0,0.0,0.0,0.7158468961715698,0.6918852925300598,0.07057230174541473,0.0,0.0,0.0,0.0,0.0,0.0,0.0,1.5915216704450648,1.056274063321054,0.5,0.907917857170105,-0.06779437512159348,0.5091020464897156,0.0,0.0,0.0,-0.10655033588409424,-0.03459426388144493,0.07333984225988388,0.0,0.0,0.0,0.0,0.0,0.0,0.0,1.1459847526160059,0.05001343532671898,0.5
10.091,TRACK,5.179188251495361,1.4829763174057007,-6.109928607940674,0.0,0.0,0.0,0.9183494448661804,-0.16882002353668213,-0.351477712392807,0.0,0.0,0.0,0.0,0.0,0.0,0.0,0.5779044432950938,0.46915013409321094,0.5,1.5730195045471191,0.4623582661151886,-8.988614082336426,0.0,0.0,0.0,0.7158468961715698,0.6918852925300598,0.07057230174541473,0.0,0.0,0.0,0.0,0.0,0.0,0.0,1.5946796818113147,1.0528150699566587,0.5,0.8802394270896912,-0.0012431152863427997,0.5472538471221924,0.0,0.0,0.0,-0.017989017069339752,-0.06503721326589584,0.07333984225988388,0.0,0.0,0.0,0.0,0.0,0.0,0.0,1.1474208499019138,0.05000554337163121,0.5
10.11,TRACK,5.179188251495361,1.4829763174057007,-6.109928607940674,0.0,0.0,0.0,0.9183494448661804,-0.16882002353668213,-0.351477712392807,0.0,0.0,0.0,0.0,0.0,0.0,0.0,0.5780248462969407,0.4687696947352299,0.5,1.5730195045471191,0.4623582661151886,-8.988614082336426,0.0,0.0,0.0,0.7158468961715698,0.6918852925300598,0.07057230174541473,0.0,0.0,0.0,0.0,0.0,0.0,0.0,1.5977918910023101,1.0493525038766818,0.5,0.8802394270896912,-0.0012431152863427997,0.5472538471221924,0.0,0.0,0.0,-0.017989017069339752,-0.06503721326589584,0.07333984225988388,0.0,0.0,0.0,0.0,0.0,0.0,0.0,1.1488483452636307,0.05000110525821122,0.5
10.13,TRACK,0.0,0.0,0.0,0.0,0.0,0.0,0.0,0.0,0.0,0.0,0.0,0.0,0.0,0.0,0.0,0.0,0.5781447775978896,0.4683916174527373,0.5,1.5730195045471191,0.4623582661151886,-8.988614082336426,0.0,0.0,0.0,0.7158468961715698,0.6918852925300598,0.07057230174541473,0.0,0.0,0.0,0.0,0.0,0.0,0.0,1.6008587084069021,1.045886884164732,0.5,0.8802394270896912,-0.0012431152863427997,0.5472538471221924,0.0,0.0,0.0,-0.017989017069339752,-0.06503721326589584,0.07333984225988388,0.0,0.0,0.0,0.0,0.0,0.0,0.0,1.1502672821295261,0.050000059533116925,0.5
10.151,TRACK,0.0,0.0,0.0,0.0,0.0,0.0,0.0,0.0,0.0,0.0,0.0,0.0,0.0,0.0,0.0,0.0,0.5782642369766249,0.46801588728661203,0.5,1.5730195045471191,0.4623582661151886,-8.988614082336426,0.0,0.0,0.0,0.7158468961715698,0.6918852925300598,0.07057230174541473,0.0,0.0,0.0,0.0,0.0,0.0,0.0,1.610480384155733,1.0346528510329651,0.5,0.8802394270896912,-0.0012431152863427997,0.5472538471221924,0.0,0.0,0.0,-0.017989017069339752,-0.06503721326589584,0.07333984225988388,0.0,0.0,0.0,0.0,0.0,0.0,0.0,1.1516777039085448,0.050002345579922114,0.5
10.171,TRACK,0.0,0.0,0.0,0.0,0.0,0.0,0.0,0.0,0.0,0.0,0.0,0.0,0.0,0.0,0.0,0.0,0.5783832242504905,0.46764248937393593,0.5,1.6432607173919678,0.3093434274196625,-9.629813194274902,0.0,0.0,0.0,0.7158468961715698,0.6918852925300598,0.07057230174541473,0.0,0.0,0.0,0.0,0.0,0.0,0.0,1.6197670104029775,1.0232545457687672,0.5,0.8802394270896912,-0.0012431152863427997,0.5472538471221924,0.0,0.0,0.0,-0.017989017069339752,-0.06503721326589584,0.07333984225988388,0.0,0.0,0.0,0.0,0.0,0.0,0.0,1.1530796539849182,0.050007903609278315,0.5
10.19,TRACK,0.0,0.0,0.0,0.0,0.0,0.0,0.0,0.0,0.0,0.0,0.0,0.0,0.0,0.0,0.0,0.0,0.5785017392747995,0.4672714089473933,0.5,1.6432607173919678,0.3093434274196625,-9.629813194274902,0.0,0.0,0.0,0.7158468961715698,0.6918852925300598,0.07057230174541473,0.0,0.0,0.0,0.0,0.0,0.0,0.0,1.628718388638798,1.0117025081183053,0.5,1.0010230541229248,-0.015752898529171944,0.5497913360595703,0.0,0.0,0.0,0.05950213596224785,0.02214032970368862,0.06780476123094559,0.0,0.0,0.0,0.0,0.0,0.0,0.0,1.1538003362621436,0.05001203558380052,0.5
10.21,TRACK,0.0,0.0,0.0,0.0,0.0,0.0,0.0,0.0,0.0,0.0,0.0,0.0,0.0,0.0,0.0,0.0,0.5788096627341123,0.46631113639068505,0.5,1.6432607173919678,0.3093434274196625,-9.629813194274902,0.0,0.0,0.0,0.7158468961715698,0.6918852925300598,0.07057230174541473,0.0,0.0,0.0,0.0,0.0,0.0,0.0,1.6373346111926659,1.0000071095473535,0.5,1.0010230541229248,-0.015752898529171944,0.5497913360595703,0.0,0.0,0.0,0.05950213596224785,0.02214032970368862,0.06780476123094559,0.0,0.0,0.0,0.0,0.0,0.0,0.0,1.1545166890139742,0.05001700064055892,0.5
10.23,TRACK,-0.0011411230079829693,-0.00019379962759558111,-0.09693275392055511,0.0,0.0,0.0,0.0,0.0,-0.0,0.0,0.0,0.0,0.0,0.0,0.0,0.0,0.5791173376796674,0.4653571396938152,0.5,1.6432607173919678,0.3093434274196625,-9.629813194274902,0.0,0.0,0.0,0.7158468961715698,0.6918852925300598,0.07057230174541473,0.0,0.0,0.0,0.0,0.0,0.0,0.0,1.6456160504628023,0.988178548290179,0.5,1.0010230541229248,-0.015752898529171944,0.5497913360595703,0.0,0.0,0.0,0.05950213596224785,0.02214032970368862,0.06780476123094559,0.0,0.0,0.0,0.0,0.0,0.0,0.0,1.155228737270535,0.05002278351044387,0.5
10.251,TRACK,-0.0011411230079829693,-0.00019379962759558111,-0.09693275392055511,0.0,0.0,0.0,0.0,0.0,-0.0,0.0,0.0,0.0,0.0,0.0,0.0,0.0,0.5794247456207724,0.46440937768820373,0.5,1.6432607173919678,0.3093434274196625,-9.629813194274902,0.0,0.0,0.0,0.7158468961715698,0.6918852925300598,0.07057230174541473,0.0,0.0,0.0,0.0,0.0,0.0,0.0,1.6535639297774063,0.9762259472009167,0.5,1.0010230541229248,-0.015752898529171944,0.5497913360595703,0.0,0.0,0.0,0.05950213596224785,0.02214032970368862,0.06780476123094559,0.0,0.0,0.0,0.0,0.0,0.0,0.0,1.1559365059412166,0.05002936913778033,0.5
10.27,TRACK,-0.0011411230079829693,-0.00019379962759558111,-0.09693275392055511,0.0,0.0,0.0,0.0,0.0,-0.0,0.0,0.0,0.0,0.0,0.0,0.0,0.0,0.5797318684276516,0.46346780944570787,0.5,1.713962197303772,0.13705554604530334,-10.2711181640625,0.0,0.0,0.0,0.7158468961715698,0.6918852925300598,0.07057230174541473,0.0,0.0,0.0,0.0,0.0,0.0,0.0,1.661178521903596,0.9641600209199999,0.5,1.0010230541229248,-0.015752898529171944,0.5497913360595703,0.0,0.0,0.0,0.05950213596224785,0.02214032970368862,0.06780476123094559,0.0,0.0,0.0,0.0,0.0,0.0,0.0,1.1566400198147238,0.050036742677636914,0.5
10.291,TRACK,-0.0011411230079829693,-0.00019379962759558111,-0.09693275392055511,0.0,0.0,0.0,0.0,0.0,-0.0,0.0,0.0,0.0,0.0,0.0,0.0,0.0,0.5800386883262,0.46253239427815407,0.5,1.713962197303772,0.13705554604530334,-10.2711181640625,0.0,0.0,0.0,0.7158468961715698,0.6918852925300598,0.07057230174541473,0.0,0.0,0.0,0.0,0.0,0.0,0.0,1.6684609758108082,0.9519904246185701,0.5,1.1165597438812256,-0.0007053331937640905,0.5350011587142944,0.0,0.0,0.0,0.058118365705013275,-0.03736180439591408,0.04843197017908096,0.0,0.0,0.0,0.0,0.0,0.0,0.0,1.1568581786788898,0.05003919679265012,0.5
10.31,TRACK,-0.0011411230079829693,-0.00019379962759558111,-0.09693275392055511,0.0,0.0,0.0,0.0,0.0,-0.0,0.0,0.0,0.0,0.0,0.0,0.0,0.0,0.5805362882115159,0.46102624267882475,0.5,1.713962197303772,0.13705554604530334,-10.2711181640625,0.0,0.0,0.0,0.7158468961715698,0.6918852925300598,0.07057230174541473,0.0,0.0,0.0,0.0,0.0,0.0,0.0,1.675412678710103,0.9397266246838114,0.5,1.1165597438812256,-0.0007053331937640905,0.5350011587142944,0.0,0.0,0.0,0.058118365705013275,-0.03736180439591408,0.04843197017908096,0.0,0.0,0.0,0.0,0.0,0.0,0.0,1.1570750276912822,0.050041714797464,0.5
10.331,TRACK,-0.00454020407050848,-0.0007518290658481419,-0.39153197407722473,0.0,0.0,0.0,0.0,-0.0,0.0,0.0,0.0,0.0,0.0,0.0,0.0,0.0,0.58103484682951,0.45953043687328676,0.5,1.713962197303772,0.13705554604530334,-10.2711181640625,0.0,0.0,0.0,0.7158468961715698,0.6918852925300598,0.07057230174541473,0.0,0.0,0.0,0.0,0.0,0.0,0.0,1.6820352459224517,0.927377895832087,0.5,1.1165597438812256,-0.0007053331937640905,0.5350011587142944,0.0,0.0,0.0,0.058118365705013275,-0.03736180439591408,0.04843197017908096,0.0,0.0,0.0,0.0,0.0,0.0,0.0,1.1572905746936877,0.05004429536786992,0.5
10.351,TRACK,-0.00454020407050848,-0.0007518290658481419,-0.39153197407722473,0.0,0.0,0.0,0.0,-0.0,0.0,0.0,0.0,0.0,0.0,0.0,0.0,0.0,0.5815343078259433,0.4580449093640113,0.5,1.713962197303772,0.13705554604530334,-10.2711181640625,0.0,0.0,0.0,0.7158468961715698,0.6918852925300598,0.07057230174541473,0.0,0.0,0.0,0.0,0.0,0.0,0.0,1.6883319332518085,0.9149504286491538,0.5,1.1165597438812256,-0.0007053331937640905,0.5350011587142944,0.0,0.0,0.0,0.058118365705013275,-0.03736180439591408,0.04843197017908096,0.0,0.0,0.0,0.0,0.0,0.0,0.0,1.1575048274815518,0.05004693719885711,0.5
10.37,TRACK,-0.00454020407050848,-0.0007518290658481419,-0.39153197407722473,0.0,0.0,0.0,0.0,-0.0,0.0,0.0,0.0,0.0,0.0,0.0,0.0,0.0,0.5820346158248191,0.4565695929313617,0.5,1.785079002380371,-0.05449747294187546,-10.912618637084961,0.0,0.0,0.0,0.7158468961715698,0.6918852925300598,0.07057230174541473,0.0,0.0,0.0,0.0,0.0,0.0,0.0,1.6943032178566793,0.9024559506742995,0.5,1.1165597438812256,-0.0007053331937640905,0.5350011587142944,0.0,0.0,0.0,0.058118365705013275,-0.03736180439591408,0.04843197017908096,0.0,0.0,0.0,0.0,0.0,0.0,0.0,1.1577177938042398,0.05004963900436299,0.5
10.39,TRACK,-0.00454020407050848,-0.0007518290658481419,-0.39153197407722473,0.0,0.0,0.0,0.0,-0.0,0.0,0.0,0.0,0.0,0.0,0.0,0.0,0.0,0.5825357164148833,0.4551044206370233,0.5,1.785079002380371,-0.05449747294187546,-10.912618637084961,0.0,0.0,0.0,0.7158468961715698,0.6918852925300598,0.07057230174541473,0.0,0.0,0.0,0.0,0.0,0.0,0.0,1.6999513405037794,0.88990315353929,0.5,1.1565289497375488,-0.026315273717045784,0.5074183940887451,0.0,0.0,0.0,0.06780476123094559,-0.10101525485515594,0.03874557837843895,0.0,0.0,0.0,0.0,0.0,0.0,0.0,1.1575727013124195,0.05004779007421534,0.5
10.41,TRACK,-0.00454020407050848,-0.0007518290658481419,-0.39153197407722473,0.0,0.0,0.0,0.0,-0.0,0.0,0.0,0.0,0.0,0.0,0.0,0.0,0.0,0.5831094572998018,0.4534418340615817,0.5,1.785079002380371,-0.05449747294187546,-10.912618637084961,0.0,0.0,0.0,0.7158468961715698,0.6918852925300598,0.07057230174541473,0.0,0.0,0.0,0.0,0.0,0.0,0.0,1.7052787313439133,0.8773005290735019,0.5,1.1565289497375488,-0.026315273717045784,0.5074183940887451,0.0,0.0,0.0,0.06780476123094559,-0.10101525485515594,0.03874557837843895,0.0,0.0,0.0,0.0,0.0,0.0,0.0,1.1574284789366083,0.050045987011764104,0.5
10.431,TRACK,-0.010190010070800781,-0.0017049381276592612,-0.8837746977806091,0.0,0.0,0.0,0.0,0.0,0.0,0.0,0.0,0.0,0.0,0.0,0.0,0.0,0.5836845831183368,0.4517908967727562,0.5,1.785079002380371,-0.05449747294187546,-10.912618637084961,0.0,0.0,0.0,0.7158468961715698,0.6918852925300598,0.07057230174541473,0.0,0.0,0.0,0.0,0.0,0.0,0.0,1.7102880006125873,0.8646563681085405,0.5,1.1565289497375488,-0.026315273717045784,0.5074183940887451,0.0,0.0,0.0,0.06780476123094559,-0.10101525485515594,0.03874557837843895,0.0,0.0,0.0,0.0,0.0,0.0,0.0,1.1572851214696211,0.05004422912586892,0.5
10.451,TRACK,-0.010190010070800781,-0.0017049381276592612,-0.8837746977806091,0.0,0.0,0.0,0.0,0.0,0.0,0.0,0.0,0.0,0.0,0.0,0.0,0.0,0.5842610229672859,0.45015153274048303,0.5,1.785079002380371,-0.05449747294187546,-10.912618637084961,0.0,0.0,0.0,0.7158468961715698,0.6918852925300598,0.07057230174541473,0.0,0.0,0.0,0.0,0.0,0.0,0.0,1.7149836997784167,0.8519738076699344,0.5,1.1565289497375488,-0.026315273717045784,0.5074183940887451,0.0,0.0,0.0,0.06780476123094559,-0.10101525485515594,0.03874557837843895,0.0,0.0,0.0,0.0,0.0,0.0,0.0,1.1571426237352067,0.0500425157345088,0.5
10.47,TRACK,-0.010190010070800781,-0.0017049381276592612,-0.8837746977806091,0.0,0.0,0.0,0.0,0.0,0.0,0.0,0.0,0.0,0.0,0.0,0.0,0.0,0.5848387071647013,0.448523666201874,0.5,1.8573968410491943,-0.2674846053123474,-11.560663223266602,0.0,0.0,0.0,0.7158468961715698,0.6918852925300598,0.07057230174541473,0.0,0.0,0.0,0.0,0.0,0.0,0.0,1.7193667691502714,0.8392656392147859,0.5,1.1565289497375488,-0.026315273717045784,0.5074183940887451,0.0,0.0,0.0,0.06780476123094559,-0.10101525485515594,0.03874557837843895,0.0,0.0,0.0,0.0,0.0,0.0,0.0,1.1570009805878678,0.05004084616466742,0.5
10.49,TRACK,-0.010190010070800781,-0.0017049381276592612,-0.8837746977806091,0.0,0.0,0.0,0.0,0.0,0.0,0.0,0.0,0.0,0.0,0.0,0.0,0.0,0.585417567233184,0.4469072216667864,0.5,1.8573968410491943,-0.2674846053123474,-11.560663223266602,0.0,0.0,0.0,0.7158468961715698,0.6918852925300598,0.07057230174541473,0.0,0.0,0.0,0.0,0.0,0.0,0.0,1.7234403068780841,0.8265395549092852,0.5,1.1990951299667358,-0.04088569059967995,0.4948337972164154,0.0,0.0,0.0,-0.005535082425922155,-0.10655033588409424,0.03321049362421036,0.0,0.0,0.0,0.0,0.0,0.0,0.0,1.1565837027135006,0.05003612203851793,0.5
10.51,TRACK,-0.010190010070800781,-0.0017049381276592612,-0.8837746977806091,0.0,0.0,0.0,0.0,0.0,0.0,0.0,0.0,0.0,0.0,0.0,0.0,0.0,0.5860728477566515,0.4450947366154122,0.5,1.8573968410491943,-0.2674846053123474,-11.560663223266602,0.0,0.0,0.0,0.7158468961715698,0.6918852925300598,0.07057230174541473,0.0,0.0,0.0,0.0,0.0,0.0,0.0,1.7272075561304652,0.8138030437626109,0.5,1.1990951299667358,-0.04088569059967995,0.4948337972164154,0.0,0.0,0.0,-0.005535082425922155,-0.10655033588409424,0.03321049362421036,0.0,0.0,0.0,0.0,0.0,0.0,0.0,1.1561689253498444,0.050031713871451444,0.5
10.531,TRACK,-0.018097804859280586,-0.0030653069261461496,-1.573677659034729,0.0,0.0,0.0,0.0,0.0,-0.0,0.0,0.0,0.0,0.0,0.0,0.0,0.0,0.5867299629708618,0.4432952216682127,0.5,1.8573968410491943,-0.2674846053123474,-11.560663223266602,0.0,0.0,0.0,0.7158468961715698,0.6918852925300598,0.07057230174541473,0.0,0.0,0.0,0.0,0.0,0.0,0.0,1.7306718967400139,0.8010633917809165,0.5,1.1990951299667358,-0.04088569059967995,0.4948337972164154,0.0,0.0,0.0,-0.005535082425922155,-0.10655033588409424,0.03321049362421036,0.0,0.0,0.0,0.0,0.0,0.0,0.0,1.1557566337280614,0.05002761632878394,0.5
10.551,TRACK,-0.018097804859280586,-0.0030653069261461496,-1.573677659034729,0.0,0.0,0.0,0.0,0.0,-0.0,0.0,0.0,0.0,0.0,0.0,0.0,0.0,0.5873888262400145,0.44150859211849647,0.5,1.8573968410491943,-0.2674846053123474,-11.560663223266602,0.0,0.0,0.0,0.7158468961715698,0.6918852925300598,0.07057230174541473,0.0,0.0,0.0,0.0,0.0,0.0,0.0,1.7338385032836197,0.7883206495196677,0.5,1.1990951299667358,-0.04088569059967995,0.4948337972164154,0.0,0.0,0.0,-0.005535082425922155,-0.10655033588409424,0.03321049362421036,0.0,0.0,0.0,0.0,0.0,0.0,0.0,1.155346813161611,0.05002382414881268,0.5
10.57,TRACK,-0.018097804859280586,-0.0030653069261461496,-1.573677659034729,0.0,0.0,0.0,0.0,0.0,-0.0,0.0,0.0,0.0,0.0,0.0,0.0,0.0,0.5880493524149076,0.4397347635040556,0.5,1.9294073581695557,-0.49765297770500183,-12.202470779418945,0.0,0.0,0.0,0.7158468961715698,0.6918852925300598,0.07057230174541473,0.0,0.0,0.0,0.0,0.0,0.0,0.0,1.736709022695507,0.7755887044589708,0.5,1.1990951299667358,-0.04088569059967995,0.4948337972164154,0.0,0.0,0.0,-0.005535082425922155,-0.10655033588409424,0.03321049362421036,0.0,0.0,0.0,0.0,0.0,0.0,0.0,1.154939449045894,0.050020332141894164,0.5
10.59,TRACK,-0.018097804859280586,-0.0030653069261461496,-1.573677659034729,0.0,0.0,0.0,0.0,0.0,-0.0,0.0,0.0,0.0,0.0,0.0,0.0,0.0,0.5887114578127584,0.4379736516153684,0.5,1.9294073581695557,-0.49765297770500183,-12.202470779418945,0.0,0.0,0.0,0.7158468961715698,0.6918852925300598,0.07057230174541473,0.0,0.0,0.0,0.0,0.0,0.0,0.0,1.739287200113521,0.7628742476491741,0.5,1.1974800825119019,-0.04702236130833626,0.48080968856811523,0.0,0.0,0.0,-0.05950213596224785,-0.1190042719244957,0.029059182852506638,0.0,0.0,0.0,0.0,0.0,0.0,0.0,1.1543176878094736,0.05001553555781135,0.5
10.61,TRACK,-0.018097804859280586,-0.0030653069261461496,-1.573677659034729,0.0,0.0,0.0,0.0,0.0,-0.0,0.0,0.0,0.0,0.0,0.0,0.0,0.0,0.5893713040284507,0.43623502332411834,0.5,1.9294073581695557,-0.49765297770500183,-12.202470779418945,0.0,0.0,0.0,0.7158468961715698,0.6918852925300598,0.07057230174541473,0.0,0.0,0.0,0.0,0.0,0.0,0.0,1.7415768862109249,0.7501837696485123,0.5,1.1974800825119019,-0.04702236130833626,0.48080968856811523,0.0,0.0,0.0,-0.05950213596224785,-0.1190042719244957,0.029059182852506638,0.0,0.0,0.0,0.0,0.0,0.0,0.0,1.1536996525439591,0.05001140629920808,0.5
10.63,TRACK,-0.0283017810434103,-0.004845862742513418,-2.461193084716797,0.0,0.0,0.0,0.0,0.0,-0.0,0.0,0.0,0.0,0.0,0.0,0.0,0.0,0.5900325283079628,0.43450886179049586,0.5,1.9294073581695557,-0.49765297770500183,-12.202470779418945,0.0,0.0,0.0,0.7158468961715698,0.6918852925300598,0.07057230174541473,0.0,0.0,0.0,0.0,0.0,0.0,0.0,1.743582029835515,0.7375235617211141,0.5,1.1974800825119019,-0.04702236130833626,0.48080968856811523,0.0,0.0,0.0,-0.05950213596224785,-0.1190042719244957,0.029059182852506638,0.0,0.0,0.0,0.0,0.0,0.0,0.0,1.153085321598413,0.05000793272691151,0.5
10.65,TRACK,-0.0283017810434103,-0.004845862742513418,-2.461193084716797,0.0,0.0,0.0,0.0,0.0,-0.0,0.0,0.0,0.0,0.0,0.0,0.0,0.0,0.5906950523099535,0.43279508410389433,0.5,1.9294073581695557,-0.49765297770500183,-12.202470779418945,0.0,0.0,0.0,0.7158468961715698,0.6918852925300598,0.07057230174541473,0.0,0.0,0.0,0.0,0.0,0.0,0.0,1.7453078126927268,0.7248906412511003,0.5,1.1974800825119019,-0.04702236130833626,0.48080968856811523,0.0,0.0,0.0,-0.05950213596224785,-0.1190042719244957,0.029059182852506638,0.0,0.0,0.0,0.0,0.0,0.0,0.0,1.1524746734317461,0.05000510336219843,0.5
10.671,TRACK,-0.0283017810434103,-0.004845862742513418,-2.461193084716797,0.0,0.0,0.0,0.0,0.0,-0.0,0.0,0.0,0.0,0.0,0.0,0.0,0.0,0.5913587990638102,0.43109360763885485,0.5,2.0018582344055176,-0.7470104694366455,-12.844452857971191,0.0,0.0,0.0,0.7158468961715698,0.6918852925300598,0.07057230174541473,0.0,0.0,0.0,0.0,0.0,0.0,0.0,1.7467568274006817,0.7122999915784346,0.5,1.1974800825119019,-0.04702236130833626,0.48080968856811523,0.0,0.0,0.0,-0.05950213596224785,-0.1190042719244957,0.029059182852506638,0.0,0.0,0.0,0.0,0.0,0.0,0.0,1.1518676866125057,0.050002906884777154,0.5
10.69,TRACK,-0.0283017810434103,-0.004845862742513418,-2.461193084716797,0.0,0.0,0.0,0.0,0.0,-0.0,0.0,0.0,0.0,0.0,0.0,0.0,0.0,0.5920236929507547,0.429404350061733,0.5,2.0018582344055176,-0.7470104694366455,-12.844452857971191,0.0,0.0,0.0,0.7158468961715698,0.6918852925300598,0.07057230174541473,0.0,0.0,0.0,0.0,0.0,0.0,0.0,1.7479332808656787,0.699757327432302,0.5,1.1719584465026855,-0.004529518075287342,0.5119034051895142,0.0,0.0,0.0,-0.07333984225988388,-0.058118365705013275,0.02214032970368862,0.0,0.0,0.0,0.0,0.0,0.0,0.0,1.151087909364779,0.05000098628979899,0.5
10.71,TRACK,-0.0283017810434103,-0.004845862742513418,-2.461193084716797,0.0,0.0,0.0,0.0,0.0,-0.0,0.0,0.0,0.0,0.0,0.0,0.0,0.0,0.5926436911308587,0.4278425221520409,0.5,2.0018582344055176,-0.7470104694366455,-12.844452857971191,0.0,0.0,0.0,0.7158468961715698,0.6918852925300598,0.07057230174541473,0.0,0.0,0.0,0.0,0.0,0.0,0.0,1.7488414510397625,0.6872681702876786,0.5,1.1719584465026855,-0.004529518075287342,0.5119034051895142,0.0,0.0,0.0,-0.07333984225988388,-0.058118365705013275,0.02214032970368862,0.0,0.0,0.0,0.0,0.0,0.0,0.0,1.1503128089569048,0.050000081541208496,0.5
10.731,TRACK,-0.0009194497833959758,-0.00017078910605050623,-0.07824410498142242,0.0,0.0,0.0,0.0,0.0,0.0,0.0,0.0,0.0,0.0,0.0,0.0,0.0,0.5932643017576109,0.4262917920536674,0.5,2.0018582344055176,-0.7470104694366455,-12.844452857971191,0.0,0.0,0.0,0.7158468961715698,0.6918852925300598,0.07057230174541473,0.0,0.0,0.0,0.0,0.0,0.0,0.0,1.7494856805549412,0.6748378503413419,0.5,1.1719584465026855,-0.004529518075287342,0.5119034051895142,0.0,0.0,0.0,-0.07333984225988388,-0.058118365705013275,0.02214032970368862,0.0,0.0,0.0,0.0,0.0,0.0,0.0,1.1495423586315756,0.050000174529710506,0.5
10.751,TRACK,-0.0009194497833959758,-0.00017078910605050623,-0.07824410498142242,0.0,0.0,0.0,0.0,0.0,0.0,0.0,0.0,0.0,0.0,0.0,0.0,0.0,0.5938854645567156,0.424752084429844,0.5,2.0018582344055176,-0.7470104694366455,-12.844452857971191,0.0,0.0,0.0,0.7158468961715698,0.6918852925300598,0.07057230174541473,0.0,0.0,0.0,0.0,0.0,0.0,0.0,1.7498698483663868,0.6624966003732129,0.5,1.1719584465026855,-0.004529518075287342,0.5119034051895142,0.0,0.0,0.0,-0.07333984225988388,-0.058118365705013275,0.02214032970368862,0.0,0.0,0.0,0.0,0.0,0.0,0.0,1.1487765317534948,0.050001247396755155,0.5
10.771,TRACK,-0.0009194497833959758,-0.00017078910605050623,-0.07824410498142242,0.0,0.0,0.0,0.0,0.0,0.0,0.0,0.0,0.0,0.0,0.0,0.0,0.0,0.5945071203455138,0.4232233242743721,0.5,2.074777841567993,-1.0155478715896606,-13.486599922180176,0.0,0.0,0.0,0.7158468961715698,0.6918852925300598,0.07057230174541473,0.0,0.0,0.0,0.0,0.0,0.0,0.0,1.7499999581332717,0.6502241429726138,0.5,1.1719584465026855,-0.004529518075287342,0.5119034051895142,0.0,0.0,0.0,-0.07333984225988388,-0.058118365705013275,0.02214032970368862,0.0,0.0,0.0,0.0,0.0,0.0,0.0,1.1480153018095127,0.05000328253140196,0.5
10.79,TRACK,-0.0009194497833959758,-0.00017078910605050623,-0.07824410498142242,0.0,0.0,0.0,0.0,0.0,0.0,0.0,0.0,0.0,0.0,0.0,0.0,0.0,0.5951292110175619,0.4217054369153601,0.5,2.074777841567993,-1.0155478715896606,-13.486599922180176,0.0,0.0,0.0,0.7158468961715698,0.6918852925300598,0.07057230174541473,0.0,0.0,0.0,0.0,0.0,0.0,0.0,1.74988049191216,0.6380252171950899,0.5,1.1456637382507324,0.023798979818820953,0.5339048504829407,0.0,0.0,0.0,0.004151311703026295,0.019372789189219475,0.019372789189219475,0.0,0.0,0.0,0.0,0.0,0.0,0.0,1.1471120623922657,0.05000695019327617,0.5
10.81,TRACK,-0.0009194497833959758,-0.00017078910605050623,-0.07824410498142242,0.0,0.0,0.0,0.0,0.0,0.0,0.0,0.0,0.0,0.0,0.0,0.0,0.0,0.5956959085669138,0.4203329056644358,0.5,2.074777841567993,-1.0155478715896606,-13.486599922180176,0.0,0.0,0.0,0.7158468961715698,0.6918852925300598,0.07057230174541473,0.0,0.0,0.0,0.0,0.0,0.0,0.0,1.7495159723861835,0.6259043810237469,0.5,1.1456637382507324,0.023798979818820953,0.5339048504829407,0.0,0.0,0.0,0.004151311703026295,0.019372789189219475,0.019372789189219475,0.0,0.0,0.0,0.0,0.0,0.0,0.0,1.146214248893507,0.05001194337840387,0.5
10.831,TRACK,-0.004144518636167049,-0.0007067567785270512,-0.352910578250885,0.0,0.0,0.0,0.0,0.0,0.0,0.0,0.0,0.0,0.0,0.0,0.0,0.0,0.5962625705374532,0.4189700036527485,0.5,2.074777841567993,-1.0155478715896606,-13.486599922180176,0.0,0.0,0.0,0.7158468961715698,0.6918852925300598,0.07057230174541473,0.0,0.0,0.0,0.0,0.0,0.0,0.0,1.7489109575283166,0.6138660138856092,0.5,1.1456637382507324,0.023798979818820953,0.5339048504829407,0.0,0.0,0.0,0.004151311703026295,0.019372789189219475,0.019372789189219475,0.0,0.0,0.0,0.0,0.0,0.0,0.0,1.145321830672482,0.05001823800073468,0.5
10.851,TRACK,-0.004144518636167049,-0.0007067567785270512,-0.352910578250885,0.0,0.0,0.0,0.0,0.0,0.0,0.0,0.0,0.0,0.0,0.0,0.0,0.0,0.5968291534900602,0.41761666460032765,0.5,2.074777841567993,-1.0155478715896606,-13.486599922180176,0.0,0.0,0.0,0.7158468961715698,0.6918852925300598,0.07057230174541473,0.0,0.0,0.0,0.0,0.0,0.0,0.0,1.7480697916414862,0.6019112869177288,0.5,1.1456637382507324,0.023798979818820953,0.5339048504829407,0.0,0.0,0.0,0.004151311703026295,0.019372789189219475,0.019372789189219475,0.0,0.0,0.0,0.0,0.0,0.0,0.0,1.1444347772137067,0.05002581030902764,0.5
10.871,TRACK,-0.004144518636167049,-0.0007067567785270512,-0.352910578250885,0.0,0.0,0.0,0.0,0.0,0.0,0.0,0.0,0.0,0.0,0.0,0.0,0.0,0.5973956148096362,0.4162728225721705,0.5,2.1415698528289795,-1.276567816734314,-14.071083068847656,0.0,0.0,0.0,0.7158468961715698,0.6918852925300598,0.07057230174541473,0.0,0.0,0.0,0.0,0.0,0.0,0.0,1.7469972133647773,0.5900472916817745,0.5,1.1456637382507324,0.023798979818820953,0.5339048504829407,0.0,0.0,0.0,0.004151311703026295,0.019372789189219475,0.019372789189219475,0.0,0.0,0.0,0.0,0.0,0.0,0.0,1.143553058127552,0.050034636882683614,0.5
10.89,TRACK,-0.004144518636167049,-0.0007067567785270512,-0.352910578250885,0.0,0.0,0.0,0.0,0.0,0.0,0.0,0.0,0.0,0.0,0.0,0.0,0.0,0.5979619126931707,0.4149384119797165,0.5,2.1415698528289795,-1.276567816734314,-14.071083068847656,0.0,0.0,0.0,0.7158468961715698,0.6918852925300598,0.07057230174541473,0.0,0.0,0.0,0.0,0.0,0.0,0.0,1.745697858892227,0.5782778910571075,0.5,1.1144152879714966,0.051010891795158386,0.5457092523574829,0.0,0.0,0.0,0.03044295310974121,0.041513118892908096,0.00830262340605259,0.0,0.0,0.0,0.0,0.0,0.0,0.0,1.1425631337756812,0.050046090919676156,0.5
10.91,TRACK,-0.004144518636167049,-0.0007067567785270512,-0.352910578250885,0.0,0.0,0.0,0.0,0.0,0.0,0.0,0.0,0.0,0.0,0.0,0.0,0.0,0.5984536941602495,0.4137868070692823,0.5,2.1415698528289795,-1.276567816734314,-14.071083068847656,0.0,0.0,0.0,0.7158468961715698,0.6918852925300598,0.07057230174541473,0.0,0.0,0.0,0.0,0.0,0.0,0.0,1.744176380268366,0.5666067800646724,0.5,1.1144152879714966,0.051010891795158386,0.5457092523574829,0.0,0.0,0.0,0.03044295310974121,0.041513118892908096,0.00830262340605259,0.0,0.0,0.0,0.0,0.0,0.0,0.0,1.1415791690292107,0.05005909490537208,0.5
10.93,TRACK,-0.009630344808101654,-0.0015918085118755698,-0.8252172470092773,0.0,0.0,0.0,0.0,0.0,-0.0,0.0,0.0,0.0,0.0,0.0,0.0,0.0,0.5989449057210966,0.4126431314049056,0.5,2.1415698528289795,-1.276567816734314,-14.071083068847656,0.0,0.0,0.0,0.7158468961715698,0.6918852925300598,0.07057230174541473,0.0,0.0,0.0,0.0,0.0,0.0,0.0,1.7424374409621635,0.5550374887326438,0.5,1.1144152879714966,0.051010891795158386,0.5457092523574829,0.0,0.0,0.0,0.03044295310974121,0.041513118892908096,0.00830262340605259,0.0,0.0,0.0,0.0,0.0,0.0,0.0,1.1406011305135217,0.05007362013962402,0.5
10.951,TRACK,-0.009630344808101654,-0.0015918085118755698,-0.8252172470092773,0.0,0.0,0.0,0.0,0.0,-0.0,0.0,0.0,0.0,0.0,0.0,0.0,0.0,0.599435520216499,0.4115073300901618,0.5,2.1415698528289795,-1.276567816734314,-14.071083068847656,0.0,0.0,0.0,0.7158468961715698,0.6918852925300598,0.07057230174541473,0.0,0.0,0.0,0.0,0.0,0.0,0.0,1.7404847883125687,0.5435682623863501,0.5,1.1144152879714966,0.051010891795158386,0.5457092523574829,0.0,0.0,0.0,0.03044295310974121,0.041513118892908096,0.00830262340605259,0.0,0.0,0.0,0.0,0.0,0.0,0.0,1.1396289849787422,0.050089638323000174,0.5
10.971,TRACK,-0.009630344808101654,-0.0015918085118755698,-0.8252172470092773,0.0,0.0,0.0,0.0,0.0,-0.0,0.0,0.0,0.0,0.0,0.0,0.0,0.0,0.5999255110436225,0.41037934855405284,0.5,2.21541428565979,-1.5817108154296875,-14.713461875915527,0.0,0.0,0.0,0.7158468961715698,0.6918852925300598,0.07057230174541473,0.0,0.0,0.0,0.0,0.0,0.0,0.0,1.7383238284168079,0.5322075005911233,0.5,1.1144152879714966,0.051010891795158386,0.5457092523574829,0.0,0.0,0.0,0.03044295310974121,0.041513118892908096,0.00830262340605259,0.0,0.0,0.0,0.0,0.0,0.0,0.0,1.1386626993007376,0.05010712155181041,0.5
10.99,TRACK,-0.009630344808101654,-0.0015918085118755698,-0.8252172470092773,0.0,0.0,0.0,0.0,0.0,-0.0,0.0,0.0,0.0,0.0,0.0,0.0,0.0,0.6004148521477157,0.40925913255082164,0.5,2.21541428565979,-1.5817108154296875,-14.713461875915527,0.0,0.0,0.0,0.7158468961715698,0.6918852925300598,0.07057230174541473,0.0,0.0,0.0,0.0,0.0,0.0,0.0,1.7359592388084866,0.5209582608030292,0.5,1.108698844909668,0.110769122838974,0.5981078147888184,0.0,0.0,0.0,0.035978034138679504,0.05950213596224785,-0.005535082425922155,0.0,0.0,0.0,0.0,0.0,0.0,0.0,1.1375945474912186,0.05012825975209301,0.5
11.011,TRACK,-0.009630344808101654,-0.0015918085118755698,-0.8252172470092773,0.0,0.0,0.0,0.0,0.0,-0.0,0.0,0.0,0.0,0.0,0.0,0.0,0.0,0.600878699120013,0.40820298405507394,0.5,2.21541428565979,-1.5817108154296875,-14.713461875915527,0.0,0.0,0.0,0.7158468961715698,0.6918852925300598,0.07057230174541473,0.0,0.0,0.0,0.0,0.0,0.0,0.0,1.7333956925069312,0.5098234471662324,0.5,1.108698844909668,0.110769122838974,0.5981078147888184,0.0,0.0,0.0,0.035978034138679504,0.05950213596224785,-0.005535082425922155,0.0,0.0,0.0,0.0,0.0,0.0,0.0,1.136532843564572,0.05015115595881681,0.5
11.031,TRACK,-0.01738479547202587,-0.0028971924912184477,-1.495207667350769,0.0,0.0,0.0,0.0,0.0,-0.0,0.0,0.0,0.0,0.0,0.0,0.0,0.0,0.6013417744027709,0.40715405812635014,0.5,2.21541428565979,-1.5817108154296875,-14.713461875915527,0.0,0.0,0.0,0.7158468961715698,0.6918852925300598,0.07057230174541473,0.0,0.0,0.0,0.0,0.0,0.0,0.0,1.7306378544244654,0.4988058135728983,0.5,1.108698844909668,0.110769122838974,0.5981078147888184,0.0,0.0,0.0,0.035978034138679504,0.05950213596224785,-0.005535082425922155,0.0,0.0,0.0,0.0,0.0,0.0,0.0,1.135477551663311,0.05017577700270548,0.5
11.051,TRACK,-0.01738479547202587,-0.0028971924912184477,-1.495207667350769,0.0,0.0,0.0,0.0,0.0,-0.0,0.0,0.0,0.0,0.0,0.0,0.0,0.0,0.6018040568859154,0.4061123046292424,0.5,2.21541428565979,-1.5817108154296875,-14.713461875915527,0.0,0.0,0.0,0.7158468961715698,0.6918852925300598,0.07057230174541473,0.0,0.0,0.0,0.0,0.0,0.0,0.0,1.7276884433616115,0.4879010721613554,0.5,1.108698844909668,0.110769122838974,0.5981078147888184,0.0,0.0,0.0,0.035978034138679504,0.05950213596224785,-0.005535082425922155,0.0,0.0,0.0,0.0,0.0,0.0,0.0,1.1344286360521343,0.05020209017969812,0.5
11.071,TRACK,-0.01738479547202587,-0.0028971924912184477,-1.495207667350769,0.0,0.0,0.0,0.0,0.0,-0.0,0.0,0.0,0.0,0.0,0.0,0.0,0.0,0.602265525916874,0.40507767373944564,0.5,2.2896888256073,-1.9059969186782837,-15.355927467346191,0.0,0.0,0.0,0.7158468961715698,0.6918852925300598,0.07057230174541473,0.0,0.0,0.0,0.0,0.0,0.0,0.0,1.7245537875294952,0.4771186961076722,0.5,1.108698844909668,0.110769122838974,0.5981078147888184,0.0,0.0,0.0,0.035978034138679504,0.05950213596224785,-0.005535082425922155,0.0,0.0,0.0,0.0,0.0,0.0,0.0,1.1333860611193578,0.05023006324518875,0.5
11.09,TRACK,-0.01738479547202587,-0.0028971924912184477,-1.495207667350769,0.0,0.0,0.0,0.0,0.0,-0.0,0.0,0.0,0.0,0.0,0.0,0.0,0.0,0.6027261612936378,0.4040501159430997,0.5,2.2896888256073,-1.9059969186782837,-15.355927467346191,0.0,0.0,0.0,0.7158468961715698,0.6918852925300598,0.07057230174541473,0.0,0.0,0.0,0.0,0.0,0.0,0.0,1.721238514202701,0.4664610126117874,0.5,1.059044361114502,0.13127821683883667,0.5768334269523621,0.0,0.0,0.0,0.08302623778581619,0.03459426388144493,-0.019372789189219475,0.0,0.0,0.0,0.0,0.0,0.0,0.0,1.1322563264105705,0.05026242234828093,0.5
11.111,TRACK,-0.01738479547202587,-0.0028971924912184477,-1.495207667350769,0.0,0.0,0.0,0.0,0.0,-0.0,0.0,0.0,0.0,0.0,0.0,0.0,0.0,0.6030420954238448,0.403348321267295,0.5,2.2896888256073,-1.9059969186782837,-15.355927467346191,0.0,0.0,0.0,0.7158468961715698,0.6918852925300598,0.07057230174541473,0.0,0.0,0.0,0.0,0.0,0.0,0.0,1.7177472297600995,0.4559302107495026,0.5,1.059044361114502,0.13127821683883667,0.5768334269523621,0.0,0.0,0.0,0.08302623778581619,0.03459426388144493,-0.019372789189219475,0.0,0.0,0.0,0.0,0.0,0.0,0.0,1.1311334324944902,0.050296696165045285,0.5
11.131,TRACK,-0.02745920419692993,-0.004541125614196062,-2.3629000186920166,0.0,0.0,0.0,0.0,0.0,-0.0,0.0,0.0,0.0,0.0,0.0,0.0,0.0,0.6033570258104916,0.4026511395432588,0.5,2.2896888256073,-1.9059969186782837,-15.355927467346191,0.0,0.0,0.0,0.7158468961715698,0.6918852925300598,0.07057230174541473,0.0,0.0,0.0,0.0,0.0,0.0,0.0,1.7140845168407406,0.4455283446035901,0.5,1.059044361114502,0.13127821683883667,0.5768334269523621,0.0,0.0,0.0,0.08302623778581619,0.03459426388144493,-0.019372789189219475,0.0,0.0,0.0,0.0,0.0,0.0,0.0,1.1300173414812538,0.05033284785764436,0.5
11.151,TRACK,-0.02745920419692993,-0.004541125614196062,-2.3629000186920166,0.0,0.0,0.0,0.0,0.0,-0.0,0.0,0.0,0.0,0.0,0.0,0.0,0.0,0.6036709472984334,0.40195853940478216,0.5,2.2896888256073,-1.9059969186782837,-15.355927467346191,0.0,0.0,0.0,0.7158468961715698,0.6918852925300598,0.07057230174541473,0.0,0.0,0.0,0.0,0.0,0.0,0.0,1.710251600529495,0.43524864586192025,0.5,1.059044361114502,0.13127821683883667,0.5768334269523621,0.0,0.0,0.0,0.08302623778581619,0.03459426388144493,-0.019372789189219475,0.0,0.0,0.0,0.0,0.0,0.0,0.0,1.128908015600565,0.05037084110752754,0.5
11.171,TRACK,-0.02745920419692993,-0.004541125614196062,-2.3629000186920166,0.0,0.0,0.0,0.0,0.0,-0.0,0.0,0.0,0.0,0.0,0.0,0.0,0.0,0.6039838549048622,0.40127048969725077,0.5,2.365182638168335,-2.2528934478759766,-16.004961013793945,0.0,0.0,0.0,0.7158468961715698,0.6918852925300598,0.07057230174541473,0.0,0.0,0.0,0.0,0.0,0.0,0.0,1.7062560453969282,0.4251017742191585,0.5,1.059044361114502,0.13127821683883667,0.5768334269523621,0.0,0.0,0.0,0.08302623778581619,0.03459426388144493,-0.019372789189219475,0.0,0.0,0.0,0.0,0.0,0.0,0.0,1.127805417203512,0.050410640109007754,0.5
11.191,TRACK,-0.02745920419692993,-0.004541125614196062,-2.3629000186920166,0.0,0.0,0.0,0.0,0.0,-0.0,0.0,0.0,0.0,0.0,0.0,0.0,0.0,0.6042957438164761,0.4005869594764802,0.5,2.365182638168335,-2.2528934478759766,-16.004961013793945,0.0,0.0,0.0,0.7158468961715698,0.6918852925300598,0.07057230174541473,0.0,0.0,0.0,0.0,0.0,0.0,0.0,1.7021023561111313,0.415089403439229,0.5,1.057638168334961,0.15401777625083923,0.5565518140792847,0.0,0.0,0.0,0.04704819992184639,0.07333984225988388,-0.015221476554870605,0.0,0.0,0.0,0.0,0.0,0.0,0.0,1.1266268334830025,0.05045542693894001,0.5
11.21,TRACK,-0.02745920419692993,-0.004541125614196062,-2.3629000186920166,0.0,0.0,0.0,0.0,0.0,-0.0,0.0,0.0,0.0,0.0,0.0,0.0,0.0,0.6045908095145605,0.3999423767728374,0.5,2.365182638168335,-2.2528934478759766,-16.004961013793945,0.0,0.0,0.0,0.7158468961715698,0.6918852925300598,0.07057230174541473,0.0,0.0,0.0,0.0,0.0,0.0,0.0,1.697795003600132,0.40521308443723714,0.5,1.057638168334961,0.15401777625083923,0.5565518140792847,0.0,0.0,0.0,0.04704819992184639,0.07333984225988388,-0.015221476554870605,0.0,0.0,0.0,0.0,0.0,0.0,0.0,1.125455410760143,0.05050224092241451,0.5
11.23,TRACK,-0.0007206235313788056,-0.00012251755106262863,-0.061654530465602875,0.0,0.0,0.0,0.0,-0.0,0.0,0.0,0.0,0.0,0.0,0.0,0.0,0.0,0.6048848593576172,0.39930200750218364,0.5,2.365182638168335,-2.2528934478759766,-16.004961013793945,0.0,0.0,0.0,0.7158468961715698,0.6918852925300598,0.07057230174541473,0.0,0.0,0.0,0.0,0.0,0.0,0.0,1.6933384228689623,0.3954742483867921,0.5,1.057638168334961,0.15401777625083923,0.5565518140792847,0.0,0.0,0.0,0.04704819992184639,0.07333984225988388,-0.015221476554870605,0.0,0.0,0.0,0.0,0.0,0.0,0.0,1.124291109430416,0.05055104225156826,0.5
11.251,TRACK,-0.0007206235313788056,-0.00012251755106262863,-0.061654530465602875,0.0,0.0,0.0,0.0,-0.0,0.0,0.0,0.0,0.0,0.0,0.0,0.0,0.0,0.6051778900115358,0.3986658231204562,0.5,2.365182638168335,-2.2528934478759766,-16.004961013793945,0.0,0.0,0.0,0.7158468961715698,0.6918852925300598,0.07057230174541473,0.0,0.0,0.0,0.0,0.0,0.0,0.0,1.6887479572222661,0.38589653809759494,0.5,1.057638168334961,0.15401777625083923,0.5565518140792847,0.0,0.0,0.0,0.04704819992184639,0.07333984225988388,-0.015221476554870605,0.0,0.0,0.0,0.0,0.0,0.0,0.0,1.1231338900070649,0.05060179168281831,0.5
11.271,TRACK,-0.0007206235313788056,-0.00012251755106262863,-0.061654530465602875,0.0,0.0,0.0,0.0,-0.0,0.0,0.0,0.0,0.0,0.0,0.0,0.0,0.0,0.6054698982812075,0.3980337952777763,0.5,2.4405107498168945,-2.615572452545166,-16.64772605895996,0.0,0.0,0.0,0.7158468961715698,0.6918852925300598,0.07057230174541473,0.0,0.0,0.0,0.0,0.0,0.0,0.0,1.684017732696503,0.3764583008649572,0.5,1.057638168334961,0.15401777625083923,0.5565518140792847,0.0,0.0,0.0,0.04704819992184639,0.07333984225988388,-0.015221476554870605,0.0,0.0,0.0,0.0,0.0,0.0,0.0,1.1219837131232395,0.05065445052988082,0.5
11.291,TRACK,-0.0007206235313788056,-0.00012251755106262863,-0.061654530465602875,0.0,0.0,0.0,0.0,-0.0,0.0,0.0,0.0,0.0,0.0,0.0,0.0,0.0,0.6057608811081808,0.39740589581730856,0.5,2.4405107498168945,-2.615572452545166,-16.64772605895996,0.0,0.0,0.0,0.7158468961715698,0.6918852925300598,0.07057230174541473,0.0,0.0,0.0,0.0,0.0,0.0,0.0,1.6791520406214184,0.36716061464819155,0.5,1.032651662826538,0.09910444170236588,0.537922203540802,0.0,0.0,0.0,0.08856131881475449,0.06918852776288986,-0.017989017069339752,0.0,0.0,0.0,0.0,0.0,0.0,0.0,1.1207682780175852,0.050712501023137735,0.5
11.311,TRACK,-0.0007206235313788056,-0.00012251755106262863,-0.061654530465602875,0.0,0.0,0.0,0.0,-0.0,0.0,0.0,0.0,0.0,0.0,0.0,0.0,0.0,0.6060116960020099,0.39686619128731465,0.5,2.4405107498168945,-2.615572452545166,-16.64772605895996,0.0,0.0,0.0,0.7158468961715698,0.6918852925300598,0.07057230174541473,0.0,0.0,0.0,0.0,0.0,0.0,0.0,1.674155128978484,0.3580044507778437,0.5,1.032651662826538,0.09910444170236588,0.537922203540802,0.0,0.0,0.0,0.08856131881475449,0.06918852776288986,-0.017989017069339752,0.0,0.0,0.0,0.0,0.0,0.0,0.0,1.1195602546605987,0.050772645898343294,0.5
11.33,TRACK,-0.0036185740027576685,-0.0006118453457020223,-0.31655222177505493,0.0,0.0,0.0,0.0,0.0,-0.0,0.0,0.0,0.0,0.0,0.0,0.0,0.0,0.6062615364072947,0.3963299717943714,0.5,2.4405107498168945,-2.615572452545166,-16.64772605895996,0.0,0.0,0.0,0.7158468961715698,0.6918852925300598,0.07057230174541473,0.0,0.0,0.0,0.0,0.0,0.0,0.0,1.669031200824169,0.3489906769367085,0.5,1.032651662826538,0.09910444170236588,0.537922203540802,0.0,0.0,0.0,0.08856131881475449,0.06918852776288986,-0.017989017069339752,0.0,0.0,0.0,0.0,0.0,0.0,0.0,1.1183596020214521,0.050834843122733786,0.5
11.351,TRACK,-0.0036185740027576685,-0.0006118453457020223,-0.31655222177505493,0.0,0.0,0.0,0.0,0.0,-0.0,0.0,0.0,0.0,0.0,0.0,0.0,0.0,0.6065104015845644,0.3957972139920009,0.5,2.4405107498168945,-2.615572452545166,-16.64772605895996,0.0,0.0,0.0,0.7158468961715698,0.6918852925300598,0.07057230174541473,0.0,0.0,0.0,0.0,0.0,0.0,0.0,1.6637830097604098,0.34011773383826177,0.5,1.032651662826538,0.09910444170236588,0.537922203540802,0.0,0.0,0.0,0.08856131881475449,0.06918852776288986,-0.017989017069339752,0.0,0.0,0.0,0.0,0.0,0.0,0.0,1.1171662791868153,0.050899051263009754,0.5
11.37,TRACK,-0.0036185740027576685,-0.0006118453457020223,-0.31655222177505493,0.0,0.0,0.0,0.0,0.0,-0.0,0.0,0.0,0.0,0.0,0.0,0.0,0.0,0.6067582908813923,0.39526789469347573,0.5,2.5163192749023438,-2.997378349304199,-17.290708541870117,0.0,0.0,0.0,0.7158468961715698,0.6918852925300598,0.07057230174541473,0.0,0.0,0.0,0.0,0.0,0.0,0.0,1.6584159973607702,0.3313886793793208,0.5,1.032651662826538,0.09910444170236588,0.537922203540802,0.0,0.0,0.0,0.08856131881475449,0.06918852776288986,-0.017989017069339752,0.0,0.0,0.0,0.0,0.0,0.0,0.0,1.1159802453632521,0.050965229477907936,0.5
11.39,TRACK,-0.0036185740027576685,-0.0006118453457020223,-0.31655222177505493,0.0,0.0,0.0,0.0,0.0,-0.0,0.0,0.0,0.0,0.0,0.0,0.0,0.0,0.6070052037308299,0.3947419908708004,0.5,2.5163192749023438,-2.997378349304199,-17.290708541870117,0.0,0.0,0.0,0.7158468961715698,0.6918852925300598,0.07057230174541473,0.0,0.0,0.0,0.0,0.0,0.0,0.0,1.652934226093254,0.322804088925336,0.5,1.108512282371521,0.06310541927814484,0.49881571531295776,0.0,0.0,0.0,-0.00830262340605259,0.045664429664611816,-0.01660524681210518,0.0,0.0,0.0,0.0,0.0,0.0,0.0,1.1147370325020505,0.05103712709113717,0.5
11.41,TRACK,-0.0036185740027576685,-0.0006118453457020223,-0.31655222177505493,0.0,0.0,0.0,0.0,0.0,-0.0,0.0,0.0,0.0,0.0,0.0,0.0,0.0,0.6074651168107783,0.3937659263039796,0.5,2.5163192749023438,-2.997378349304199,-17.290708541870117,0.0,0.0,0.0,0.7158468961715698,0.6918852925300598,0.07057230174541473,0.0,0.0,0.0,0.0,0.0,0.0,0.0,1.6473417081962503,0.31436444573252403,0.5,1.108512282371521,0.06310541927814484,0.49881571531295776,0.0,0.0,0.0,-0.00830262340605259,0.045664429664611816,-0.01660524681210518,0.0,0.0,0.0,0.0,0.0,0.0,0.0,1.1135014294429215,0.05111115025633528,0.5
11.43,TRACK,-0.008799389936029911,-0.0014585356693714857,-0.769046425819397,0.0,0.0,0.0,0.0,0.0,-0.0,0.0,0.0,0.0,0.0,0.0,0.0,0.0,0.6079240091868133,0.3927965393236282,0.5,2.5163192749023438,-2.997378349304199,-17.290708541870117,0.0,0.0,0.0,0.7158468961715698,0.6918852925300598,0.07057230174541473,0.0,0.0,0.0,0.0,0.0,0.0,0.0,1.6416424045947844,0.30607014377309705,0.5,1.108512282371521,0.06310541927814484,0.49881571531295776,0.0,0.0,0.0,-0.00830262340605259,0.045664429664611816,-0.01660524681210518,0.0,0.0,0.0,0.0,0.0,0.0,0.0,1.1122733939378473,0.0511872553167968,0.5
11.451,TRACK,-0.008799389936029911,-0.0014585356693714857,-0.769046425819397,0.0,0.0,0.0,0.0,0.0,-0.0,0.0,0.0,0.0,0.0,0.0,0.0,0.0,0.6083818647273485,0.391833783109068,0.5,2.5163192749023438,-2.997378349304199,-17.290708541870117,0.0,0.0,0.0,0.7158468961715698,0.6918852925300598,0.07057230174541473,0.0,0.0,0.0,0.0,0.0,0.0,0.0,1.635837351595752,0.29791752699910556,0.5,1.108512282371521,0.06310541927814484,0.49881571531295776,0.0,0.0,0.0,-0.00830262340605259,0.045664429664611816,-0.01660524681210518,0.0,0.0,0.0,0.0,0.0,0.0,0.0,1.1110528838576015,0.05126539924254381,0.5
11.471,TRACK,-0.008799389936029911,-0.0014585356693714857,-0.769046425819397,0.0,0.0,0.0,0.0,0.0,-0.0,0.0,0.0,0.0,0.0,0.0,0.0,0.0,0.608838667684484,0.3908776111438925,0.5,2.592607021331787,-3.3983144760131836,-17.933881759643555,0.0,0.0,0.0,0.7158468961715698,0.6918852925300598,0.07057230174541473,0.0,0.0,0.0,0.0,0.0,0.0,0.0,1.629933163930535,0.2899109024704773,0.5,1.108512282371521,0.06310541927814484,0.49881571531295776,0.0,0.0,0.0,-0.00830262340605259,0.045664429664611816,-0.01660524681210518,0.0,0.0,0.0,0.0,0.0,0.0,0.0,1.1098398571943218,0.05134553962254029,0.5
11.49,TRACK,-0.008799389936029911,-0.0014585356693714857,-0.769046425819397,0.0,0.0,0.0,0.0,0.0,-0.0,0.0,0.0,0.0,0.0,0.0,0.0,0.0,0.6092944026880359,0.3899279772149411,0.5,2.592607021331787,-3.3983144760131836,-17.933881759643555,0.0,0.0,0.0,0.7158468961715698,0.6918852925300598,0.07057230174541473,0.0,0.0,0.0,0.0,0.0,0.0,0.0,1.6239336475815072,0.2820504142004131,0.5,1.1328227519989014,0.009688607417047024,0.4777758717536926,0.0,0.0,0.0,-0.04843197017908096,-0.040129344910383224,-0.02629164233803749,0.0,0.0,0.0,0.0,0.0,0.0,0.0,1.1085764349830514,0.051431634429878526,0.5
11.51,TRACK,-0.008799389936029911,-0.0014585356693714857,-0.769046425819397,0.0,0.0,0.0,0.0,0.0,-0.0,0.0,0.0,0.0,0.0,0.0,0.0,0.0,0.6098175943390671,0.3888430192118782,0.5,2.592607021331787,-3.3983144760131836,-17.933881759643555,0.0,0.0,0.0,0.7158468961715698,0.6918852925300598,0.07057230174541473,0.0,0.0,0.0,0.0,0.0,0.0,0.0,1.617842553697046,0.27433612770160276,0.5,1.1328227519989014,0.009688607417047024,0.4777758717536926,0.0,0.0,0.0,-0.04843197017908096,-0.040129344910383224,-0.02629164233803749,0.0,0.0,0.0,0.0,0.0,0.0,0.0,1.107320776160988,0.05151985508916046,0.5
11.53,TRACK,-0.016262898221611977,-0.0026848011184483767,-1.4191690683364868,0.0,0.0,0.0,0.0,0.0,-0.0,0.0,0.0,0.0,0.0,0.0,0.0,0.0,0.6103398043204843,0.38776561400314624,0.5,2.592607021331787,-3.3983144760131836,-17.933881759643555,0.0,0.0,0.0,0.7158468961715698,0.6918852925300598,0.07057230174541473,0.0,0.0,0.0,0.0,0.0,0.0,0.0,1.6116635779218424,0.26676803262201254,0.5,1.1328227519989014,0.009688607417047024,0.4777758717536926,0.0,0.0,0.0,-0.04843197017908096,-0.040129344910383224,-0.02629164233803749,0.0,0.0,0.0,0.0,0.0,0.0,0.0,1.1060728374370474,0.05161015684658554,0.5
11.551,TRACK,-0.016262898221611977,-0.0026848011184483767,-1.4191690683364868,0.0,0.0,0.0,0.0,0.0,-0.0,0.0,0.0,0.0,0.0,0.0,0.0,0.0,0.6108610106494703,0.3866957080446855,0.5,2.592607021331787,-3.3983144760131836,-17.933881759643555,0.0,0.0,0.0,0.7158468961715698,0.6918852925300598,0.07057230174541473,0.0,0.0,0.0,0.0,0.0,0.0,0.0,1.605395819891256,0.259340753052522,0.5,1.1328227519989014,0.009688607417047024,0.4777758717536926,0.0,0.0,0.0,-0.04843197017908096,-0.040129344910383224,-0.02629164233803749,0.0,0.0,0.0,0.0,0.0,0.0,0.0,1.1048325756417432,0.05170249559534257,0.5
11.571,TRACK,-0.016262898221611977,-0.0026848011184483767,-1.4191690683364868,0.0,0.0,0.0,0.0,0.0,-0.0,0.0,0.0,0.0,0.0,0.0,0.0,0.0,0.6113811918371429,0.38563324813202515,0.5,2.6702001094818115,-3.8227949142456055,-18.583635330200195,0.0,0.0,0.0,0.7157251834869385,0.6918852925300598,0.07057230174541473,0.0,0.0,0.0,0.0,0.0,0.0,0.0,1.599047261014395,0.25205960575047226,0.5,1.1328227519989014,0.009688607417047024,0.4777758717536926,0.0,0.0,0.0,-0.04843197017908096,-0.040129344910383224,-0.02629164233803749,0.0,0.0,0.0,0.0,0.0,0.0,0.0,1.103599947729872,0.05179682786754691,0.5
11.59,TRACK,-0.016262898221611977,-0.0026848011184483767,-1.4191690683364868,0.0,0.0,0.0,0.0,0.0,-0.0,0.0,0.0,0.0,0.0,0.0,0.0,0.0,0.6119003268809542,0.3845781813995388,0.5,2.6702001094818115,-3.8227949142456055,-18.583635330200195,0.0,0.0,0.0,0.7157251834869385,0.6918852925300598,0.07057230174541473,0.0,0.0,0.0,0.0,0.0,0.0,0.0,1.5926214335453137,0.244924369325565,0.5,1.1116199493408203,0.0354875884950161,0.5201822519302368,0.0,0.0,0.0,-0.07057230174541473,-0.06642098724842072,-0.027675412595272064,0.0,0.0,0.0,0.0,0.0,0.0,0.0,1.1023221931355016,0.05189731087998639,0.5
11.61,TRACK,-0.016262898221611977,-0.0026848011184483767,-1.4191690683364868,0.0,0.0,0.0,0.0,0.0,-0.0,0.0,0.0,0.0,0.0,0.0,0.0,0.0,0.6123615613522603,0.383645144049483,0.5,2.6702001094818115,-3.8227949142456055,-18.583635330200195,0.0,0.0,0.0,0.7157251834869385,0.6918852925300598,0.07057230174541473,0.0,0.0,0.0,0.0,0.0,0.0,0.0,1.5861218121888756,0.23793475646071416,0.5,1.1116199493408203,0.0354875884950161,0.5201822519302368,0.0,0.0,0.0,-0.07057230174541473,-0.06642098724842072,-0.027675412595272064,0.0,0.0,0.0,0.0,0.0,0.0,0.0,1.1010523206665719,0.051999895745935665,0.5
11.631,TRACK,-0.026034466922283173,-0.004300663713365793,-2.2669830322265625,0.0,0.0,0.0,0.0,0.0,-0.0,0.0,0.0,0.0,0.0,0.0,0.0,0.0,0.6128216317256756,0.3827184992220106,0.5,2.6702001094818115,-3.8227949142456055,-18.583635330200195,0.0,0.0,0.0,0.7157251834869385,0.6918852925300598,0.07057230174541473,0.0,0.0,0.0,0.0,0.0,0.0,0.0,1.5795518137736615,0.23109041633813443,0.5,1.1116199493408203,0.0354875884950161,0.5201822519302368,0.0,0.0,0.0,-0.07057230174541473,-0.06642098724842072,-0.027675412595272064,0.0,0.0,0.0,0.0,0.0,0.0,0.0,1.0997902861249234,0.05210453703629525,0.5
11.651,TRACK,-0.026034466922283173,-0.004300663713365793,-2.2669830322265625,0.0,0.0,0.0,0.0,0.0,-0.0,0.0,0.0,0.0,0.0,0.0,0.0,0.0,0.6132805244482232,0.381798201789351,0.5,2.6702001094818115,-3.8227949142456055,-18.583635330200195,0.0,0.0,0.0,0.7157251834869385,0.6918852925300598,0.07057230174541473,0.0,0.0,0.0,0.0,0.0,0.0,0.0,1.5729084175152748,0.22438459802924676,0.5,1.1116199493408203,0.0354875884950161,0.5201822519302368,0.0,0.0,0.0,-0.07057230174541473,-0.06642098724842072,-0.027675412595272064,0.0,0.0,0.0,0.0,0.0,0.0,0.0,1.0985360454380761,0.05221118998357943,0.5
11.671,TRACK,-0.026034466922283173,-0.004300663713365793,-2.2669830322265625,0.0,0.0,0.0,0.0,0.0,-0.0,0.0,0.0,0.0,0.0,0.0,0.0,0.0,0.6137382263136019,0.3808842069243829,0.5,2.747577667236328,-4.262287616729736,-19.22719383239746,0.0,0.0,0.0,0.7157251834869385,0.6918852925300598,0.07057230174541473,0.0,0.0,0.0,0.0,0.0,0.0,0.0,1.5662011454894431,0.21782340820762253,0.5,1.1116199493408203,0.0354875884950161,0.5201822519302368,0.0,0.0,0.0,-0.07057230174541473,-0.06642098724842072,-0.027675412595272064,0.0,0.0,0.0,0.0,0.0,0.0,0.0,1.097289554661977,0.05231981047363865,0.5
11.69,TRACK,-0.026034466922283173,-0.004300663713365793,-2.2669830322265625,0.0,0.0,0.0,0.0,0.0,-0.0,0.0,0.0,0.0,0.0,0.0,0.0,0.0,0.6141947244566932,0.37997647009943536,0.5,2.747577667236328,-4.262287616729736,-19.22719383239746,0.0,0.0,0.0,0.7157251834869385,0.6918852925300598,0.07057230174541473,0.0,0.0,0.0,0.0,0.0,0.0,0.0,1.5594332475015142,0.21140632033696183,0.5,1.0942493677139282,0.058102186769247055,0.5449553728103638,0.0,0.0,0.0,-0.006918853148818016,-0.020756559446454048,-0.023524099960923195,0.0,0.0,0.0,0.0,0.0,0.0,0.0,1.0960034543410722,0.052434628633064695,0.5
11.71,TRACK,-0.026034466922283173,-0.004300663713365793,-2.2669830322265625,0.0,0.0,0.0,0.0,0.0,-0.0,0.0,0.0,0.0,0.0,0.0,0.0,0.0,0.6145987501839076,0.3791762534500227,0.5,2.747577667236328,-4.262287616729736,-19.22719383239746,0.0,0.0,0.0,0.7157251834869385,0.6918852925300598,0.07057230174541473,0.0,0.0,0.0,0.0,0.0,0.0,0.0,1.552607914635229,0.20513275342741621,0.5,1.0942493677139282,0.058102186769247055,0.5449553728103638,0.0,0.0,0.0,-0.006918853148818016,-0.020756559446454048,-0.023524099960923195,0.0,0.0,0.0,0.0,0.0,0.0,0.0,1.094725318433753,0.0525515004807946,0.5
11.73,TRACK,-0.0005702377529814839,-0.00011506883311085403,-0.04702222719788551,0.0,0.0,0.0,0.0,0.0,-0.0,0.0,0.0,0.0,0.0,0.0,0.0,0.0,0.6150015361340625,0.3783814371934656,0.5,2.747577667236328,-4.262287616729736,-19.22719383239746,0.0,0.0,0.0,0.7157251834869385,0.6918852925300598,0.07057230174541473,0.0,0.0,0.0,0.0,0.0,0.0,0.0,1.5457282792045524,0.19900207424223798,0.5,1.0942493677139282,0.058102186769247055,0.5449553728103638,0.0,0.0,0.0,-0.006918853148818016,-0.020756559446454048,-0.023524099960923195,0.0,0.0,0.0,0.0,0.0,0.0,0.0,1.0934551019847645,0.05267038035231619,0.5
11.751,TRACK,-0.0005702377529814839,-0.00011506883311085403,-0.04702222719788551,0.0,0.0,0.0,0.0,0.0,-0.0,0.0,0.0,0.0,0.0,0.0,0.0,0.0,0.6154030746955736,0.37759198349708284,0.5,2.747577667236328,-4.262287616729736,-19.22719383239746,0.0,0.0,0.0,0.7157251834869385,0.6918852925300598,0.07057230174541473,0.0,0.0,0.0,0.0,0.0,0.0,0.0,1.538815512211124,0.19302899713001365,0.5,1.0942493677139282,0.058102186769247055,0.5449553728103638,0.0,0.0,0.0,-0.006918853148818016,-0.020756559446454048,-0.023524099960923195,0.0,0.0,0.0,0.0,0.0,0.0,0.0,1.0921927601698829,0.052791223253355724,0.5
11.77,TRACK,-0.0005702377529814839,-0.00011506883311085403,-0.04702222719788551,0.0,0.0,0.0,0.0,0.0,-0.0,0.0,0.0,0.0,0.0,0.0,0.0,0.0,0.6158033584958138,0.3768078547877923,0.5,2.8254830837249756,-4.720963001251221,-19.87096405029297,0.0,0.0,0.0,0.7157251834869385,0.6918852925300598,0.07057230174541473,0.0,0.0,0.0,0.0,0.0,0.0,0.0,1.5318548835778476,0.18719675034875954,0.5,1.0942493677139282,0.058102186769247055,0.5449553728103638,0.0,0.0,0.0,-0.006918853148818016,-0.020756559446454048,-0.023524099960923195,0.0,0.0,0.0,0.0,0.0,0.0,0.0,1.090938248298667,0.05291398485145371,0.5
11.791,TRACK,-0.0005702377529814839,-0.00011506883311085403,-0.04702222719788551,0.0,0.0,0.0,0.0,0.0,-0.0,0.0,0.0,0.0,0.0,0.0,0.0,0.0,0.6162023803971918,0.3760290137507702,0.5,2.8254830837249756,-4.720963001251221,-19.87096405029297,0.0,0.0,0.0,0.7157251834869385,0.6918852925300598,0.07057230174541473,0.0,0.0,0.0,0.0,0.0,0.0,0.0,1.5248493294305794,0.1815045568786769,0.5,1.1070234775543213,0.06370730698108673,0.5594654083251953,0.0,0.0,0.0,0.03459426388144493,0.024907870218157768,-0.009686394594609737,0.0,0.0,0.0,0.0,0.0,0.0,0.0,1.0896483763794815,0.05304298184344358,0.5
11.811,TRACK,-0.0005702377529814839,-0.00011506883311085403,-0.04702222719788551,0.0,0.0,0.0,0.0,0.0,-0.0,0.0,0.0,0.0,0.0,0.0,0.0,0.0,0.616634328918384,0.37518904513892204,0.5,2.8254830837249756,-4.720963001251221,-19.87096405029297,0.0,0.0,0.0,0.7157251834869385,0.6918852925300598,0.07057230174541473,0.0,0.0,0.0,0.0,0.0,0.0,0.0,1.517801727760763,0.1759515962940098,0.5,1.1070234775543213,0.06370730698108673,0.5594654083251953,0.0,0.0,0.0,0.03459426388144493,0.024907870218157768,-0.009686394594609737,0.0,0.0,0.0,0.0,0.0,0.0,0.0,1.0883665228591732,0.05317396630548099,0.5
11.83,TRACK,-0.0033649003598839045,-0.0006359380204230547,-0.28219684958457947,0.0,0.0,0.0,0.0,0.0,-0.0,0.0,0.0,0.0,0.0,0.0,0.0,0.0,0.6170649956280833,0.37435479123499144,0.5,2.8254830837249756,-4.720963001251221,-19.87096405029297,0.0,0.0,0.0,0.7157251834869385,0.6918852925300598,0.07057230174541473,0.0,0.0,0.0,0.0,0.0,0.0,0.0,1.5107148986061563,0.17053700672152988,0.5,1.1070234775543213,0.06370730698108673,0.5594654083251953,0.0,0.0,0.0,0.03459426388144493,0.024907870218157768,-0.009686394594609737,0.0,0.0,0.0,0.0,0.0,0.0,0.0,1.0870926421462208,0.05330689267609556,0.5
11.851,TRACK,-0.0033649003598839045,-0.0006359380204230547,-0.28219684958457947,0.0,0.0,0.0,0.0,0.0,-0.0,0.0,0.0,0.0,0.0,0.0,0.0,0.0,0.6174943715007474,0.3735262117006099,0.5,2.8254830837249756,-4.720963001251221,-19.87096405029297,0.0,0.0,0.0,0.7157251834869385,0.6918852925300598,0.07057230174541473,0.0,0.0,0.0,0.0,0.0,0.0,0.0,1.503589580748639,0.16525841071143732,0.5,1.1070234775543213,0.06370730698108673,0.5594654083251953,0.0,0.0,0.0,0.03459426388144493,0.024907870218157768,-0.009686394594609737,0.0,0.0,0.0,0.0,0.0,0.0,0.0,1.0858266887864176,0.05344171606800674,0.5
11.871,TRACK,-0.0033649003598839045,-0.0006359380204230547,-0.28219684958457947,0.0,0.0,0.0,0.0,0.0,-0.0,0.0,0.0,0.0,0.0,0.0,0.0,0.0,0.6179224477805795,0.3727032664739992,0.5,2.903914213180542,-5.198875427246094,-20.514860153198242,0.0,0.0,0.0,0.7157251834869385,0.6918852925300598,0.07057230174541473,0.0,0.0,0.0,0.0,0.0,0.0,0.0,1.4964304718782853,0.16011641367138196,0.5,1.1070234775543213,0.06370730698108673,0.5594654083251953,0.0,0.0,0.0,0.03459426388144493,0.024907870218157768,-0.009686394594609737,0.0,0.0,0.0,0.0,0.0,0.0,0.0,1.0845686174655789,0.05357839225960781,0.5
11.89,TRACK,-0.0033649003598839045,-0.0006359380204230547,-0.28219684958457947,0.0,0.0,0.0,0.0,0.0,-0.0,0.0,0.0,0.0,0.0,0.0,0.0,0.0,0.6183492159771278,0.37188591576860885,0.5,2.903914213180542,-5.198875427246094,-20.514860153198242,0.0,0.0,0.0,0.7157251834869385,0.6918852925300598,0.07057230174541473,0.0,0.0,0.0,0.0,0.0,0.0,0.0,1.4892402216276301,0.1551100404837088,0.5,1.1237940788269043,0.055272478610277176,0.5530732870101929,0.0,0.0,0.0,0.03874557837843895,0.0013837706064805388,-0.0,0.0,0.0,0.0,0.0,0.0,0.0,0.0,1.0832788631057417,0.05372129847567286,0.5
11.91,TRACK,-0.0033649003598839045,-0.0006359380204230547,-0.28219684958457947,0.0,0.0,0.0,0.0,0.0,-0.0,0.0,0.0,0.0,0.0,0.0,0.0,0.0,0.6188234367456337,0.37098125753046596,0.5,2.903914213180542,-5.198875427246094,-20.514860153198242,0.0,0.0,0.0,0.7157251834869385,0.6918852925300598,0.07057230174541473,0.0,0.0,0.0,0.0,0.0,0.0,0.0,1.4820214227211044,0.15023828192402172,0.5,1.1237940788269043,0.055272478610277176,0.5530732870101929,0.0,0.0,0.0,0.03874557837843895,0.0013837706064805388,-0.0,0.0,0.0,0.0,0.0,0.0,0.0,0.0,1.0819971565429378,0.05386611127888874,0.5
11.93,TRACK,-0.008490169420838356,-0.0015178534667938948,-0.7150619029998779,0.0,0.0,0.0,0.0,0.0,-0.0,0.0,0.0,0.0,0.0,0.0,0.0,0.0,0.61929633773285,0.3700828285791761,0.5,2.903914213180542,-5.198875427246094,-20.514860153198242,0.0,0.0,0.0,0.7157251834869385,0.6918852925300598,0.07057230174541473,0.0,0.0,0.0,0.0,0.0,0.0,0.0,1.4747766113274186,0.14550009639775074,0.5,1.1237940788269043,0.055272478610277176,0.5530732870101929,0.0,0.0,0.0,0.03874557837843895,0.0013837706064805388,-0.0,0.0,0.0,0.0,0.0,0.0,0.0,0.0,1.0807234516605548,0.05401278549773192,0.5
11.951,TRACK,-0.008490169420838356,-0.0015178534667938948,-0.7150619029998779,0.0,0.0,0.0,0.0,0.0,-0.0,0.0,0.0,0.0,0.0,0.0,0.0,0.0,0.6197679072639375,0.36919058450127473,0.5,2.903914213180542,-5.198875427246094,-20.514860153198242,0.0,0.0,0.0,0.7157251834869385,0.6918852925300598,0.07057230174541473,0.0,0.0,0.0,0.0,0.0,0.0,0.0,1.4675042453294231,0.14089190322899658,0.5,1.1237940788269043,0.055272478610277176,0.5530732870101929,0.0,0.0,0.0,0.03874557837843895,0.0013837706064805388,-0.0,0.0,0.0,0.0,0.0,0.0,0.0,0.0,1.0794577024862746,0.054161276634788535,0.5
11.971,TRACK,-0.008490169420838356,-0.0015178534667938948,-0.7150619029998779,0.0,0.0,0.0,0.0,0.0,-0.0,0.0,0.0,0.0,0.0,0.0,0.0,0.0,0.6202381339883103,0.368304481186135,0.5,2.9837002754211426,-5.701059341430664,-21.165332794189453,0.0,0.0,0.0,0.7157251834869385,0.6918852925300598,0.07057230174541473,0.0,0.0,0.0,0.0,0.0,0.0,0.0,1.460210724697054,0.13641523943663536,0.5,1.1237940788269043,0.055272478610277176,0.5530732870101929,0.0,0.0,0.0,0.03874557837843895,0.0013837706064805388,-0.0,0.0,0.0,0.0,0.0,0.0,0.0,0.0,1.0781998631947036,0.054311540858192675,0.5
11.99,TRACK,-0.008490169420838356,-0.0015178534667938948,-0.7150619029998779,0.0,0.0,0.0,0.0,0.0,-0.0,0.0,0.0,0.0,0.0,0.0,0.0,0.0,0.6207070068743991,0.36742447482461854,0.5,2.9837002754211426,-5.701059341430664,-21.165332794189453,0.0,0.0,0.0,0.7157251834869385,0.6918852925300598,0.07057230174541473,0.0,0.0,0.0,0.0,0.0,0.0,0.0,1.4528984218881473,0.1320689756177279,0.5,1.292353630065918,-0.024236492812633514,0.47994866967201233,0.0,0.0,0.0,0.015221476554870605,-0.00830262340605259,0.005535082425922155,0.0,0.0,0.0,0.0,0.0,0.0,0.0,1.0769132276563758,0.054468033008813865,0.5
12.01,TRACK,-0.008490169420838356,-0.0015178534667938948,-0.7150619029998779,0.0,0.0,0.0,0.0,0.0,-0.0,0.0,0.0,0.0,0.0,0.0,0.0,0.0,0.6216038868876621,0.3657509056342071,0.5,2.9837002754211426,-5.701059341430664,-21.165332794189453,0.0,0.0,0.0,0.7157251834869385,0.6918852925300598,0.07057230174541473,0.0,0.0,0.0,0.0,0.0,0.0,0.0,1.4455696544114236,0.12785195644232117,0.5,1.292353630065918,-0.024236492812633514,0.47994866967201233,0.0,0.0,0.0,0.015221476554870605,-0.00830262340605259,0.005535082425922155,0.0,0.0,0.0,0.0,0.0,0.0,0.0,1.0756346499115448,0.05462634026502189,0.5
12.03,TRACK,-0.015958018600940704,-0.002761902753263712,-1.3455654382705688,0.0,0.0,0.0,0.0,0.0,-0.0,0.0,0.0,0.0,0.0,0.0,0.0,0.0,0.6225006297432896,0.3640901988759847,0.5,2.9837002754211426,-5.701059341430664,-21.165332794189453,0.0,0.0,0.0,0.7157251834869385,0.6918852925300598,0.07057230174541473,0.0,0.0,0.0,0.0,0.0,0.0,0.0,1.4382266853080508,0.123763002178359,0.5,1.292353630065918,-0.024236492812633514,0.47994866967201233,0.0,0.0,0.0,0.015221476554870605,-0.00830262340605259,0.005535082425922155,0.0,0.0,0.0,0.0,0.0,0.0,0.0,1.0743640834120123,0.0547864180633183,0.5
12.051,TRACK,-0.015958018600940704,-0.002761902753263712,-1.3455654382705688,0.0,0.0,0.0,0.0,0.0,-0.0,0.0,0.0,0.0,0.0,0.0,0.0,0.0,0.6233971647302837,0.3624422599096033,0.5,2.9837002754211426,-5.701059341430664,-21.165332794189453,0.0,0.0,0.0,0.7157251834869385,0.6918852925300598,0.07057230174541473,0.0,0.0,0.0,0.0,0.0,0.0,0.0,1.430865590266286,0.11979766107233114,0.5,1.292353630065918,-0.024236492812633514,0.47994866967201233,0.0,0.0,0.0,0.015221476554870605,-0.00830262340605259,0.005535082425922155,0.0,0.0,0.0,0.0,0.0,0.0,0.0,1.073101481761289,0.054948222511107314,0.5
12.071,TRACK,-0.015958018600940704,-0.002761902753263712,-1.3455654382705688,0.0,0.0,0.0,0.0,0.0,-0.0,0.0,0.0,0.0,0.0,0.0,0.0,0.0,0.6242934225249589,0.36080699455298265,0.5,3.063211679458618,-6.217536926269531,-21.809459686279297,0.0,0.0,0.0,0.7157251834869385,0.6918852925300598,0.07057230174541473,0.0,0.0,0.0,0.0,0.0,0.0,0.0,1.423494606579884,0.11595814754673539,0.5,1.292353630065918,-0.024236492812633514,0.47994866967201233,0.0,0.0,0.0,0.015221476554870605,-0.00830262340605259,0.005535082425922155,0.0,0.0,0.0,0.0,0.0,0.0,0.0,1.0718467987171167,0.05511171037812723,0.5
12.09,TRACK,-0.015958018600940704,-0.002761902753263712,-1.3455654382705688,0.0,0.0,0.0,0.0,0.0,-0.0,0.0,0.0,0.0,0.0,0.0,0.0,0.0,0.6251893351704532,0.35918430908706267,0.5,3.063211679458618,-6.217536926269531,-21.809459686279297,0.0,0.0,0.0,0.7157251834869385,0.6918852925300598,0.07057230174541473,0.0,0.0,0.0,0.0,0.0,0.0,0.0,1.416115841852763,0.11224321602141074,0.5,1.2787381410598755,0.018377210944890976,0.48253133893013,0.0,0.0,0.0,-0.0774911567568779,-0.1342257410287857,0.013837706297636032,0.0,0.0,0.0,0.0,0.0,0.0,0.0,1.0705665139922684,0.055281309104330045,0.5
12.11,TRACK,-0.015958018600940704,-0.002761902753263712,-1.3455654382705688,0.0,0.0,0.0,0.0,0.0,-0.0,0.0,0.0,0.0,0.0,0.0,0.0,0.0,0.6260725369886193,0.3575961465670154,0.5,3.063211679458618,-6.217536926269531,-21.809459686279297,0.0,0.0,0.0,0.7157251834869385,0.6918852925300598,0.07057230174541473,0.0,0.0,0.0,0.0,0.0,0.0,0.0,1.4087313512327544,0.10865160211812486,0.5,1.2787381410598755,0.018377210944890976,0.48253133893013,0.0,0.0,0.0,-0.0774911567568779,-0.1342257410287857,0.013837706297636032,0.0,0.0,0.0,0.0,0.0,0.0,0.0,1.0692942756766202,0.05545262084385694,0.5
12.131,TRACK,-0.025808831676840782,-0.004387533292174339,-2.1737468242645264,0.0,0.0,0.0,0.0,0.0,-0.0,0.0,0.0,0.0,0.0,0.0,0.0,0.0,0.6269552024682288,0.3560201711427322,0.5,3.063211679458618,-6.217536926269531,-21.809459686279297,0.0,0.0,0.0,0.7157251834869385,0.6918852925300598,0.07057230174541473,0.0,0.0,0.0,0.0,0.0,0.0,0.0,1.4013431379867165,0.10518202398691878,0.5,1.2787381410598755,0.018377210944890976,0.48253133893013,0.0,0.0,0.0,-0.0774911567568779,-0.1342257410287857,0.013837706297636032,0.0,0.0,0.0,0.0,0.0,0.0,0.0,1.068030036900006,0.055625601872535624,0.5
12.151,TRACK,-0.025808831676840782,-0.004387533292174339,-2.1737468242645264,0.0,0.0,0.0,0.0,0.0,-0.0,0.0,0.0,0.0,0.0,0.0,0.0,0.0,0.6278372699163116,0.35445629204540796,0.5,3.063211679458618,-6.217536926269531,-21.809459686279297,0.0,0.0,0.0,0.7157251834869385,0.6918852925300598,0.07057230174541473,0.0,0.0,0.0,0.0,0.0,0.0,0.0,1.3939448592148072,0.10182949216264126,0.5,1.2787381410598755,0.018377210944890976,0.48253133893013,0.0,0.0,0.0,-0.0774911567568779,-0.1342257410287857,0.013837706297636032,0.0,0.0,0.0,0.0,0.0,0.0,0.0,1.0667737509517257,0.05580020913050243,0.5
12.17,TRACK,-0.025808831676840782,-0.004387533292174339,-2.1737468242645264,0.0,0.0,0.0,0.0,0.0,-0.0,0.0,0.0,0.0,0.0,0.0,0.0,0.0,0.628718678886807,0.35290441898526304,0.5,3.143207550048828,-6.753196716308594,-22.453786849975586,0.0,0.0,0.0,0.7157251834869385,0.6918852925300598,0.07057230174541473,0.0,0.0,0.0,0.0,0.0,0.0,0.0,1.3865466633568873,0.09859663035603106,0.5,1.2787381410598755,0.018377210944890976,0.48253133893013,0.0,0.0,0.0,-0.0774911567568779,-0.1342257410287857,0.013837706297636032,0.0,0.0,0.0,0.0,0.0,0.0,0.0,1.065525371282935,0.05597640021366668,0.5
12.19,TRACK,-0.025808831676840782,-0.004387533292174339,-2.1737468242645264,0.0,0.0,0.0,0.0,0.0,-0.0,0.0,0.0,0.0,0.0,0.0,0.0,0.0,0.6295993701618605,0.35136446215484035,0.5,3.143207550048828,-6.753196716308594,-22.453786849975586,0.0,0.0,0.0,0.7157251834869385,0.6918852925300598,0.07057230174541473,0.0,0.0,0.0,0.0,0.0,0.0,0.0,1.3791504075429475,0.09548210964577442,0.5,1.2081432342529297,0.06635686755180359,0.47825729846954346,0.0,0.0,0.0,-0.04428065940737724,-0.15221476554870605,0.017989017069339752,0.0,0.0,0.0,0.0,0.0,0.0,0.0,1.0642538565136412,0.05615860797918715,0.5
12.21,TRACK,-0.025808831676840782,-0.004387533292174339,-2.1737468242645264,0.0,0.0,0.0,0.0,0.0,-0.0,0.0,0.0,0.0,0.0,0.0,0.0,0.0,0.6302960903292066,0.3501536288815689,0.5,3.143207550048828,-6.753196716308594,-22.453786849975586,0.0,0.0,0.0,0.7157251834869385,0.6918852925300598,0.07057230174541473,0.0,0.0,0.0,0.0,0.0,0.0,0.0,1.371757899310094,0.09248458846990237,0.5,1.2081432342529297,0.06635686755180359,0.47825729846954346,0.0,0.0,0.0,-0.04428065940737724,-0.15221476554870605,0.017989017069339752,0.0,0.0,0.0,0.0,0.0,0.0,0.0,1.0629903602826936,0.05634241974327958,0.5
12.23,TRACK,-0.0004049199342262,-5.819804209750146e-05,-0.03441290184855461,0.0,0.0,0.0,0.0,0.0,-0.0,0.0,0.0,0.0,0.0,0.0,0.0,0.0,0.63099142215879,0.34895167144253286,0.5,3.143207550048828,-6.753196716308594,-22.453786849975586,0.0,0.0,0.0,0.7157251834869385,0.6918852925300598,0.07057230174541473,0.0,0.0,0.0,0.0,0.0,0.0,0.0,1.3643708972416828,0.08960271376835183,0.5,1.2081432342529297,0.06635686755180359,0.47825729846954346,0.0,0.0,0.0,-0.04428065940737724,-0.15221476554870605,0.017989017069339752,0.0,0.0,0.0,0.0,0.0,0.0,0.0,1.0617348354897331,0.05652779278724818,0.5
12.251,TRACK,-0.0004049199342262,-5.819804209750146e-05,-0.03441290184855461,0.0,0.0,0.0,0.0,0.0,-0.0,0.0,0.0,0.0,0.0,0.0,0.0,0.0,0.6316853368865493,0.3477585236907579,0.5,3.143207550048828,-6.753196716308594,-22.453786849975586,0.0,0.0,0.0,0.7157251834869385,0.6918852925300598,0.07057230174541473,0.0,0.0,0.0,0.0,0.0,0.0,0.0,1.3570130294132903,0.086843178454587,0.5,1.2081432342529297,0.06635686755180359,0.47825729846954346,0.0,0.0,0.0,-0.04428065940737724,-0.15221476554870605,0.017989017069339752,0.0,0.0,0.0,0.0,0.0,0.0,0.0,1.060487235201725,0.0567146850475998,0.5
12.272,TRACK,-0.0004049199342262,-5.819804209750146e-05,-0.03441290184855461,0.0,0.0,0.0,0.0,0.0,-0.0,0.0,0.0,0.0,0.0,0.0,0.0,0.0,0.6323778064163895,0.3465741199078574,0.5,3.223635673522949,-7.308019161224365,-23.09819984436035,0.0,0.0,0.0,0.7157251834869385,0.6918852925300598,0.07057230174541473,0.0,0.0,0.0,0.0,0.0,0.0,0.0,1.3496641148790203,0.08419593388737712,0.5,1.2081432342529297,0.06635686755180359,0.47825729846954346,0.0,0.0,0.0,-0.04428065940737724,-0.15221476554870605,0.017989017069339752,0.0,0.0,0.0,0.0,0.0,0.0,0.0,1.0592475126551957,0.05690305510757265,0.5
12.29,TRACK,-0.0004049199342262,-5.819804209750146e-05,-0.03441290184855461,0.0,0.0,0.0,0.0,0.0,-0.0,0.0,0.0,0.0,0.0,0.0,0.0,0.0,0.6330688033096866,0.34539839480344064,0.5,3.223635673522949,-7.308019161224365,-23.09819984436035,0.0,0.0,0.0,0.7157251834869385,0.6918852925300598,0.07057230174541473,0.0,0.0,0.0,0.0,0.0,0.0,0.0,1.342325755316923,0.08165960565716002,0.5,1.2408360242843628,0.026052674278616905,0.48094359040260315,0.0,0.0,0.0,0.020756559446454048,-0.040129344910383224,0.02214032970368862,0.0,0.0,0.0,0.0,0.0,0.0,0.0,1.057986820108471,0.05709733115270166,0.5
12.31,TRACK,-0.0004049199342262,-5.819804209750146e-05,-0.03441290184855461,0.0,0.0,0.0,0.0,0.0,-0.0,0.0,0.0,0.0,0.0,0.0,0.0,0.0,0.6338413793531755,0.3440910620266749,0.5,3.223635673522949,-7.308019161224365,-23.09819984436035,0.0,0.0,0.0,0.7157251834869385,0.6918852925300598,0.07057230174541473,0.0,0.0,0.0,0.0,0.0,0.0,0.0,1.334999506471561,0.07923281225592627,0.5,1.2408360242843628,0.026052674278616905,0.48094359040260315,0.0,0.0,0.0,0.020756559446454048,-0.040129344910383224,0.02214032970368862,0.0,0.0,0.0,0.0,0.0,0.0,0.0,1.0567341038415523,0.05729309721097253,0.5
12.33,TRACK,-0.0029281815513968468,-0.0004919074708595872,-0.24996864795684814,0.0,0.0,0.0,0.0,0.0,0.0,0.0,0.0,0.0,0.0,0.0,0.0,0.0,0.6346125965256055,0.34279351514018824,0.5,3.223635673522949,-7.308019161224365,-23.09819984436035,0.0,0.0,0.0,0.7157251834869385,0.6918852925300598,0.07057230174541473,0.0,0.0,0.0,0.0,0.0,0.0,0.0,1.3276868788276361,0.07691416603401113,0.5,1.2408360242843628,0.026052674278616905,0.48094359040260315,0.0,0.0,0.0,0.020756559446454048,-0.040129344910383224,0.02214032970368862,0.0,0.0,0.0,0.0,0.0,0.0,0.0,1.0554893166100812,0.05749031170353802,0.5
12.351,TRACK,-0.0029281815513968468,-0.0004919074708595872,-0.24996864795684814,0.0,0.0,0.0,0.0,0.0,0.0,0.0,0.0,0.0,0.0,0.0,0.0,0.0,0.6353824189420253,0.34150568033424195,0.5,3.223635673522949,-7.308019161224365,-23.09819984436035,0.0,0.0,0.0,0.7157251834869385,0.6918852925300598,0.07057230174541473,0.0,0.0,0.0,0.0,0.0,0.0,0.0,1.3203870860407472,0.07470160706765139,0.5,1.2408360242843628,0.026052674278616905,0.48094359040260315,0.0,0.0,0.0,0.020756559446454048,-0.040129344910383224,0.02214032970368862,0.0,0.0,0.0,0.0,0.0,0.0,0.0,1.0542524113448282,0.0576889336955454,0.5
12.37,TRACK,-0.0029281815513968468,-0.0004919074708595872,-0.24996864795684814,0.0,0.0,0.0,0.0,0.0,0.0,0.0,0.0,0.0,0.0,0.0,0.0,0.0,0.6361508115261801,0.34022748426499033,0.5,3.30531644821167,-7.887880325317383,-23.749189376831055,0.0,0.0,0.0,0.7157251834869385,0.6918852925300598,0.07057230174541473,0.0,0.0,0.0,0.0,0.0,0.0,0.0,1.3131037994297108,0.07259446607120856,0.5,1.2408360242843628,0.026052674278616905,0.48094359040260315,0.0,0.0,0.0,0.020756559446454048,-0.040129344910383224,0.02214032970368862,0.0,0.0,0.0,0.0,0.0,0.0,0.0,1.0530233411537655,0.0578889228877566,0.5
12.39,TRACK,-0.0029281815513968468,-0.0004919074708595872,-0.24996864795684814,0.0,0.0,0.0,0.0,0.0,0.0,0.0,0.0,0.0,0.0,0.0,0.0,0.0,0.6369177399978756,0.33895885405446363,0.5,3.30531644821167,-7.887880325317383,-23.749189376831055,0.0,0.0,0.0,0.7157251834869385,0.6918852925300598,0.07057230174541473,0.0,0.0,0.0,0.0,0.0,0.0,0.0,1.305838399066541,0.07059134164531378,0.5,1.155484676361084,0.0158339012414217,0.4800955057144165,0.0,0.0,0.0,0.004151311703026295,-0.05119951069355011,0.01660524681210518,0.0,0.0,0.0,0.0,0.0,0.0,0.0,1.0517749679568205,0.058094734708233675,0.5
12.411,TRACK,-0.0029281815513968468,-0.0004919074708595872,-0.24996864795684814,0.0,0.0,0.0,0.0,0.0,0.0,0.0,0.0,0.0,0.0,0.0,0.0,0.0,0.6374286563982705,0.3381176219817512,0.5,3.30531644821167,-7.887880325317383,-23.749189376831055,0.0,0.0,0.0,0.7157251834869385,0.6918852925300598,0.07057230174541473,0.0,0.0,0.0,0.0,0.0,0.0,0.0,1.298592222461489,0.06869082974379692,0.5,1.155484676361084,0.0158339012414217,0.4800955057144165,0.0,0.0,0.0,0.004151311703026295,-0.05119951069355011,0.01660524681210518,0.0,0.0,0.0,0.0,0.0,0.0,0.0,1.0505345178373457,0.058301920014818154,0.5
12.431,TRACK,-0.007804960943758488,-0.0013526113471016288,-0.6632088422775269,0.0,0.0,0.0,0.0,0.0,0.0,0.0,0.0,0.0,0.0,0.0,0.0,0.0,0.6379378741685131,0.3372822689885678,0.5,3.30531644821167,-7.887880325317383,-23.749189376831055,0.0,0.0,0.0,0.7157251834869385,0.6918852925300598,0.07057230174541473,0.0,0.0,0.0,0.0,0.0,0.0,0.0,1.2913665652537814,0.06689152447563562,0.5,1.155484676361084,0.0158339012414217,0.4800955057144165,0.0,0.0,0.0,0.004151311703026295,-0.05119951069355011,0.01660524681210518,0.0,0.0,0.0,0.0,0.0,0.0,0.0,1.0493019434793764,0.058510438458150515,0.5
12.451,TRACK,-0.007804960943758488,-0.0013526113471016288,-0.6632088422775269,0.0,0.0,0.0,0.0,0.0,0.0,0.0,0.0,0.0,0.0,0.0,0.0,0.0,0.6384453858054904,0.3364527520511359,0.5,3.30531644821167,-7.887880325317383,-23.749189376831055,0.0,0.0,0.0,0.7157251834869385,0.6918852925300598,0.07057230174541473,0.0,0.0,0.0,0.0,0.0,0.0,0.0,1.284158332218805,0.06519102101945407,0.5,1.155484676361084,0.0158339012414217,0.4800955057144165,0.0,0.0,0.0,0.004151311703026295,-0.05119951069355011,0.01660524681210518,0.0,0.0,0.0,0.0,0.0,0.0,0.0,1.0480771977496826,0.05872025032016981,0.5
12.47,TRACK,-0.007804960943758488,-0.0013526113471016288,-0.6632088422775269,0.0,0.0,0.0,0.0,0.0,0.0,0.0,0.0,0.0,0.0,0.0,0.0,0.0,0.6389511840833036,0.33562902845500736,0.5,3.386702299118042,-8.48132610321045,-24.39381217956543,0.0,0.0,0.0,0.7157251834869385,0.6918852925300598,0.07057230174541473,0.0,0.0,0.0,0.0,0.0,0.0,0.0,1.2769730893607956,0.06358902246105991,0.5,1.155484676361084,0.0158339012414217,0.4800955057144165,0.0,0.0,0.0,0.004151311703026295,-0.05119951069355011,0.01660524681210518,0.0,0.0,0.0,0.0,0.0,0.0,0.0,1.0468602336996675,0.05893131650584571,0.5
12.49,TRACK,-0.007804960943758488,-0.0013526113471016288,-0.6632088422775269,0.0,0.0,0.0,0.0,0.0,0.0,0.0,0.0,0.0,0.0,0.0,0.0,0.0,0.6394552620485464,0.3348110557933835,0.5,3.386702299118042,-8.48132610321045,-24.39381217956543,0.0,0.0,0.0,0.7157251834869385,0.6918852925300598,0.07057230174541473,0.0,0.0,0.0,0.0,0.0,0.0,0.0,1.2698120130694106,0.062084120367330686,0.5,1.1100823879241943,0.012731296941637993,0.4796833395957947,0.0,0.0,0.0,0.0013837706064805388,0.04289688542485237,0.019372789189219475,0.0,0.0,0.0,0.0,0.0,0.0,0.0,1.0456259869757618,0.059148017346801085,0.5
12.51,TRACK,-0.007804960943758488,-0.0013526113471016288,-0.6632088422775269,0.0,0.0,0.0,0.0,0.0,0.0,0.0,0.0,0.0,0.0,0.0,0.0,0.0,0.6398226538301537,0.33421672708154265,0.5,3.386702299118042,-8.48132610321045,-24.39381217956543,0.0,0.0,0.0,0.7157251834869385,0.6918852925300598,0.07057230174541473,0.0,0.0,0.0,0.0,0.0,0.0,0.0,1.2626762405650032,0.06067490736255132,0.5,1.1100823879241943,0.012731296941637993,0.4796833395957947,0.0,0.0,0.0,0.0013837706064805388,0.04289688542485237,0.019372789189219475,0.0,0.0,0.0,0.0,0.0,0.0,0.0,1.0443995969128717,0.05936597213855355,0.5
12.53,TRACK,-0.015008407644927502,-0.002570895943790674,-1.2741259336471558,0.0,0.0,0.0,0.0,0.0,0.0,0.0,0.0,0.0,0.0,0.0,0.0,0.0,0.6401885269096563,0.3336263887340574,0.5,3.386702299118042,-8.48132610321045,-24.39381217956543,0.0,0.0,0.0,0.7157251834869385,0.6918852925300598,0.07057230174541473,0.0,0.0,0.0,0.0,0.0,0.0,0.0,1.2555668705908258,0.05935997779217528,0.5,1.1100823879241943,0.012731296941637993,0.4796833395957947,0.0,0.0,0.0,0.0013837706064805388,0.04289688542485237,0.019372789189219475,0.0,0.0,0.0,0.0,0.0,0.0,0.0,1.043181016211226,0.05958514186858954,0.5
12.551,TRACK,-0.015008407644927502,-0.002570895943790674,-1.2741259336471558,0.0,0.0,0.0,0.0,0.0,0.0,0.0,0.0,0.0,0.0,0.0,0.0,0.0,0.6405528817103353,0.3330400125152128,0.5,3.386702299118042,-8.48132610321045,-24.39381217956543,0.0,0.0,0.0,0.7157251834869385,0.6918852925300598,0.07057230174541473,0.0,0.0,0.0,0.0,0.0,0.0,0.0,1.2484783949941538,0.05813683530787683,0.5,1.1100823879241943,0.012731296941637993,0.4796833395957947,0.0,0.0,0.0,0.0013837706064805388,0.04289688542485237,0.019372789189219475,0.0,0.0,0.0,0.0,0.0,0.0,0.0,1.0419701977611397,0.05980548814121234,0.5
12.57,TRACK,-0.015008407644927502,-0.002570895943790674,-1.2741259336471558,0.0,0.0,0.0,0.0,0.0,0.0,0.0,0.0,0.0,0.0,0.0,0.0,0.0,0.6409157187646912,0.33245757039549967,0.5,3.4685657024383545,-9.093942642211914,-25.03861427307129,0.0,0.0,0.0,0.7157251834869385,0.6918852925300598,0.07057230174541473,0.0,0.0,0.0,0.0,0.0,0.0,0.0,1.2414184211268922,0.057005335370826304,0.5,1.1100823879241943,0.012731296941637993,0.4796833395957947,0.0,0.0,0.0,0.0013837706064805388,0.04289688542485237,0.019372789189219475,0.0,0.0,0.0,0.0,0.0,0.0,0.0,1.0407670946447285,0.060026973169411524,0.5
12.59,TRACK,-0.015008407644927502,-0.002570895943790674,-1.2741259336471558,0.0,0.0,0.0,0.0,0.0,0.0,0.0,0.0,0.0,0.0,0.0,0.0,0.0,0.6412770387123332,0.3318790345502089,0.5,3.4685657024383545,-9.093942642211914,-25.03861427307129,0.0,0.0,0.0,0.7157251834869385,0.6918852925300598,0.07057230174541473,0.0,0.0,0.0,0.0,0.0,0.0,0.0,1.234387939409549,0.0559640787947161,0.5,1.0653382539749146,0.011611157096922398,0.48493728041648865,0.0,0.0,0.0,-0.012453935109078884,0.058118365705013275,0.02214032970368862,0.0,0.0,0.0,0.0,0.0,0.0,0.0,1.0395482592336294,0.06025394197020828,0.5
12.61,TRACK,-0.015008407644927502,-0.002570895943790674,-1.2741259336471558,0.0,0.0,0.0,0.0,0.0,0.0,0.0,0.0,0.0,0.0,0.0,0.0,0.0,0.64150438864434,0.33151575669739386,0.5,3.4685657024383545,-9.093942642211914,-25.03861427307129,0.0,0.0,0.0,0.7157251834869385,0.6918852925300598,0.07057230174541473,0.0,0.0,0.0,0.0,0.0,0.0,0.0,1.2273879044371532,0.05501167049527267,0.5,1.0653382539749146,0.011611157096922398,0.48493728041648865,0.0,0.0,0.0,-0.012453935109078884,0.058118365705013275,0.02214032970368862,0.0,0.0,0.0,0.0,0.0,0.0,0.0,1.0383372041793177,0.06048204435360194,0.5
12.63,TRACK,-0.024640774354338646,-0.004173069726675749,-2.091756582260132,0.0,0.0,0.0,0.0,0.0,0.0,0.0,0.0,0.0,0.0,0.0,0.0,0.0,0.641730631562714,0.3311548195309164,0.5,3.4685657024383545,-9.093942642211914,-25.03861427307129,0.0,0.0,0.0,0.7157251834869385,0.6918852925300598,0.07057230174541473,0.0,0.0,0.0,0.0,0.0,0.0,0.0,1.220419235660894,0.05414672003173848,0.5,1.0653382539749146,0.011611157096922398,0.48493728041648865,0.0,0.0,0.0,-0.012453935109078884,0.058118365705013275,0.02214032970368862,0.0,0.0,0.0,0.0,0.0,0.0,0.0,1.037133882271444,0.06071124270958328,0.5
12.65,TRACK,-0.024640774354338646,-0.004173069726675749,-2.091756582260132,0.0,0.0,0.0,0.0,0.0,0.0,0.0,0.0,0.0,0.0,0.0,0.0,0.0,0.6419557709207439,0.3307962072605272,0.5,3.4685657024383545,-9.093942642211914,-25.03861427307129,0.0,0.0,0.0,0.7157251834869385,0.6918852925300598,0.07057230174541473,0.0,0.0,0.0,0.0,0.0,0.0,0.0,1.2134740064646468,0.05336690461949234,0.5,1.0653382539749146,0.011611157096922398,0.48493728041648865,0.0,0.0,0.0,-0.012453935109078884,0.058118365705013275,0.02214032970368862,0.0,0.0,0.0,0.0,0.0,0.0,0.0,1.035938246496722,0.060941500029277784,0.5
12.671,TRACK,-0.024640774354338646,-0.004173069726675749,-2.091756582260132,0.0,0.0,0.0,0.0,0.0,0.0,0.0,0.0,0.0,0.0,0.0,0.0,0.0,0.6421798101910462,0.33043990420830366,0.5,3.551736354827881,-9.73207950592041,-25.690046310424805,0.0,0.0,0.0,0.7157251834869385,0.6918852925300598,0.07057230174541473,0.0,0.0,0.0,0.0,0.0,0.0,0.0,1.2065619120590125,0.052671991193926626,0.5,1.0653382539749146,0.011611157096922398,0.48493728041648865,0.0,0.0,0.0,-0.012453935109078884,0.058118365705013275,0.02214032970368862,0.0,0.0,0.0,0.0,0.0,0.0,0.0,1.0347502500404584,0.06117277989696912,0.5
12.691,TRACK,-0.024640774354338646,-0.004173069726675749,-2.091756582260132,0.0,0.0,0.0,0.0,0.0,0.0,0.0,0.0,0.0,0.0,0.0,0.0,0.0,0.6424027528649394,0.33008589480782774,0.5,3.551736354827881,-9.73207950592041,-25.690046310424805,0.0,0.0,0.0,0.7157251834869385,0.6918852925300598,0.07057230174541473,0.0,0.0,0.0,0.0,0.0,0.0,0.0,1.1996837740558264,0.05206060290731007,0.5,0.9625366926193237,0.07292540371417999,0.5294027924537659,0.0,0.0,0.0,-0.020756559446454048,0.07333984225988388,0.020756559446454048,0.0,0.0,0.0,0.0,0.0,0.0,0.0,1.0335477054060929,0.061409426609791984,0.5
12.71,TRACK,-0.024640774354338646,-0.004173069726675749,-2.091756582260132,0.0,0.0,0.0,0.0,0.0,0.0,0.0,0.0,0.0,0.0,0.0,0.0,0.0,0.64227469759754,0.3302891661198661,0.5,3.551736354827881,-9.73207950592041,-25.690046310424805,0.0,0.0,0.0,0.7157251834869385,0.6918852925300598,0.07057230174541473,0.0,0.0,0.0,0.0,0.0,0.0,0.0,1.1928403814858157,0.05153136948195047,0.5,0.9625366926193237,0.07292540371417999,0.5294027924537659,0.0,0.0,0.0,-0.020756559446454048,0.07333984225988388,0.020756559446454048,0.0,0.0,0.0,0.0,0.0,0.0,0.0,1.0323528575673553,0.06164708730436885,0.5
12.731,TRACK,-0.00026765759685076773,-3.9981438021641225e-05,-0.023723317310214043,0.0,0.0,0.0,0.0,-0.0,0.0,0.0,0.0,0.0,0.0,0.0,0.0,0.0,0.6421474913321473,0.33049126860167244,0.5,3.551736354827881,-9.73207950592041,-25.690046310424805,0.0,0.0,0.0,0.7157251834869385,0.6918852925300598,0.07057230174541473,0.0,0.0,0.0,0.0,0.0,0.0,0.0,1.186032491460645,0.0510829276442869,0.5,0.9625366926193237,0.07292540371417999,0.5294027924537659,0.0,0.0,0.0,-0.020756559446454048,0.07333984225988388,0.020756559446454048,0.0,0.0,0.0,0.0,0.0,0.0,0.0,1.0311656594641996,0.06188572580711715,0.5
12.751,TRACK,-0.00026765759685076773,-3.9981438021641225e-05,-0.023723317310214043,0.0,0.0,0.0,0.0,-0.0,0.0,0.0,0.0,0.0,0.0,0.0,0.0,0.0,0.6420211280295782,0.33069220862675797,0.5,3.551736354827881,-9.73207950592041,-25.690046310424805,0.0,0.0,0.0,0.7157251834869385,0.6918852925300598,0.07057230174541473,0.0,0.0,0.0,0.0,0.0,0.0,0.0,1.1792832762398973,0.050715017931654005,0.5,0.9625366926193237,0.07292540371417999,0.5294027924537659,0.0,0.0,0.0,-0.020756559446454048,0.07333984225988388,0.020756559446454048,0.0,0.0,0.0,0.0,0.0,0.0,0.0,1.0299860642401741,0.06212530652915804,0.5
12.77,TRACK,-0.00026765759685076773,-3.9981438021641225e-05,-0.023723317310214043,0.0,0.0,0.0,0.0,-0.0,0.0,0.0,0.0,0.0,0.0,0.0,0.0,0.0,0.6418956016978231,0.3308919925386033,0.5,3.6345839500427246,-10.383159637451172,-26.335163116455078,0.0,0.0,0.0,0.7157251834869385,0.6918852925300598,0.07057230174541473,0.0,0.0,0.0,0.0,0.0,0.0,0.0,1.1725708716787524,0.05042468717294468,0.5,0.9625366926193237,0.07292540371417999,0.5294027924537659,0.0,0.0,0.0,-0.020756559446454048,0.07333984225988388,0.020756559446454048,0.0,0.0,0.0,0.0,0.0,0.0,0.0,1.0288140252437679,0.062365794458506874,0.5
12.791,TRACK,-0.00026765759685076773,-3.9981438021641225e-05,-0.023723317310214043,0.0,0.0,0.0,0.0,-0.0,0.0,0.0,0.0,0.0,0.0,0.0,0.0,0.0,0.641770906391639,0.3310906266507303,0.5,3.6345839500427246,-10.383159637451172,-26.335163116455078,0.0,0.0,0.0,0.7157251834869385,0.6918852925300598,0.07057230174541473,0.0,0.0,0.0,0.0,0.0,0.0,0.0,1.1658959351185152,0.05021060425620405,0.5,0.9625366926193237,0.07292540371417999,0.5294027924537659,0.0,0.0,0.0,-0.020756559446454048,0.07333984225988388,0.020756559446454048,0.0,0.0,0.0,0.0,0.0,0.0,0.0,1.0276289202907654,0.06261144133478724,0.5
12.81,TRACK,-0.00026765759685076773,-3.9981438021641225e-05,-0.023723317310214043,0.0,0.0,0.0,0.0,-0.0,0.0,0.0,0.0,0.0,0.0,0.0,0.0,0.0,0.6416470362121462,0.3312881172467756,0.5,3.6345839500427246,-10.383159637451172,-26.335163116455078,0.0,0.0,0.0,0.7157251834869385,0.6918852925300598,0.07057230174541473,0.0,0.0,0.0,0.0,0.0,0.0,0.0,1.1592590948702843,0.05007144661869689,0.5,0.9147548079490662,0.1477281004190445,0.5469750165939331,0.0,0.0,0.0,0.009686394594609737,0.08579377084970474,0.009686394594609737,0.0,0.0,0.0,0.0,0.0,0.0,0.0,1.0264514194054226,0.06285798290953049,0.5
12.83,TRACK,-0.0025036949664354324,-0.00040421882295049727,-0.21938316524028778,0.0,0.0,0.0,0.0,-0.0,0.0,0.0,0.0,0.0,0.0,0.0,0.0,0.0,0.6412873005325851,0.3318626249549172,0.5,3.6345839500427246,-10.383159637451172,-26.335163116455078,0.0,0.0,0.0,0.7157251834869385,0.6918852925300598,0.07057230174541473,0.0,0.0,0.0,0.0,0.0,0.0,0.0,1.152660950842493,0.050005900578502516,0.5,0.9147548079490662,0.1477281004190445,0.5469750165939331,0.0,0.0,0.0,0.009686394594609737,0.08579377084970474,0.009686394594609737,0.0,0.0,0.0,0.0,0.0,0.0,0.0,1.0252814757512367,0.06310538449461767,0.5
12.851,TRACK,-0.0025036949664354324,-0.00040421882295049727,-0.21938316524028778,0.0,0.0,0.0,0.0,-0.0,0.0,0.0,0.0,0.0,0.0,0.0,0.0,0.0,0.6409303667056804,0.33243408801071406,0.5,3.6345839500427246,-10.383159637451172,-26.335163116455078,0.0,0.0,0.0,0.7157251834869385,0.6918852925300598,0.07057230174541473,0.0,0.0,0.0,0.0,0.0,0.0,0.0,1.1460999451496499,0.05001267549041988,0.5,0.9147548079490662,0.1477281004190445,0.5469750165939331,0.0,0.0,0.0,0.009686394594609737,0.08579377084970474,0.009686394594609737,0.0,0.0,0.0,0.0,0.0,0.0,0.0,1.024119042701348,0.06335361196920775,0.5
12.871,TRACK,-0.0025036949664354324,-0.00040421882295049727,-0.21938316524028778,0.0,0.0,0.0,0.0,-0.0,0.0,0.0,0.0,0.0,0.0,0.0,0.0,0.0,0.6405762106682866,0.3330025191536719,0.5,3.717977523803711,-11.053372383117676,-26.980451583862305,0.0,0.0,0.0,0.7157251834869385,0.6918852925300598,0.07057230174541473,0.0,0.0,0.0,0.0,0.0,0.0,0.0,1.1395787660946641,0.05009050858992892,0.5,0.9147548079490662,0.1477281004190445,0.5469750165939331,0.0,0.0,0.0,0.009686394594609737,0.08579377084970474,0.009686394594609737,0.0,0.0,0.0,0.0,0.0,0.0,0.0,1.0229640738397014,0.06360263177211034,0.5
12.89,TRACK,-0.0025036949664354324,-0.00040421882295049727,-0.21938316524028778,0.0,0.0,0.0,0.0,-0.0,0.0,0.0,0.0,0.0,0.0,0.0,0.0,0.0,0.6402248085796347,0.3335679311252887,0.5,3.717977523803711,-11.053372383117676,-26.980451583862305,0.0,0.0,0.0,0.7157251834869385,0.6918852925300598,0.07057230174541473,0.0,0.0,0.0,0.0,0.0,0.0,0.0,1.13309793273456,0.050238113813361296,0.5,0.9120154976844788,0.15019668638706207,0.5669187307357788,0.0,0.0,0.0,0.11623673141002655,0.13284197449684143,-0.004151311703026295,0.0,0.0,0.0,0.0,0.0,0.0,0.0,1.0217971849035927,0.0638566402309445,0.5
12.911,TRACK,-0.0025036949664354324,-0.00040421882295049727,-0.21938316524028778,0.0,0.0,0.0,0.0,-0.0,0.0,0.0,0.0,0.0,0.0,0.0,0.0,0.0,0.6398640594328608,0.3341498422642783,0.5,3.717977523803711,-11.053372383117676,-26.980451583862305,0.0,0.0,0.0,0.7157251834869385,0.6918852925300598,0.07057230174541473,0.0,0.0,0.0,0.0,0.0,0.0,0.0,1.1266579381412838,0.05045421513600501,0.5,0.9120154976844788,0.15019668638706207,0.5669187307357788,0.0,0.0,0.0,0.11623673141002655,0.13284197449684143,-0.004151311703026295,0.0,0.0,0.0,0.0,0.0,0.0,0.0,1.0206378006092158,0.06411142580796214,0.5
12.93,TRACK,-0.0069788238033652306,-0.0011435836786404252,-0.6127229928970337,0.0,0.0,0.0,0.0,0.0,0.0,0.0,0.0,0.0,0.0,0.0,0.0,0.0,0.6395061330681187,0.33472866951634395,0.5,3.717977523803711,-11.053372383117676,-26.980451583862305,0.0,0.0,0.0,0.7157251834869385,0.6918852925300598,0.07057230174541473,0.0,0.0,0.0,0.0,0.0,0.0,0.0,1.1202592499958317,0.050737546821770674,0.5,0.9120154976844788,0.15019668638706207,0.5669187307357788,0.0,0.0,0.0,0.11623673141002655,0.13284197449684143,-0.004151311703026295,0.0,0.0,0.0,0.0,0.0,0.0,0.0,1.0194858744044253,0.06436695532097703,0.5
12.951,TRACK,-0.0069788238033652306,-0.0011435836786404252,-0.6127229928970337,0.0,0.0,0.0,0.0,0.0,0.0,0.0,0.0,0.0,0.0,0.0,0.0,0.0,0.6391510051293251,0.33530442577052144,0.5,3.717977523803711,-11.053372383117676,-26.980451583862305,0.0,0.0,0.0,0.7157251834869385,0.6918852925300598,0.07057230174541473,0.0,0.0,0.0,0.0,0.0,0.0,0.0,1.1138981008453137,0.05108710743763012,0.5,0.9120154976844788,0.15019668638706207,0.5669187307357788,0.0,0.0,0.0,0.11623673141002655,0.13284197449684143,-0.004151311703026295,0.0,0.0,0.0,0.0,0.0,0.0,0.0,1.0183413599522364,0.06462319613707501,0.5
12.971,TRACK,-0.0069788238033652306,-0.0011435836786404252,-0.6127229928970337,0.0,0.0,0.0,0.0,0.0,0.0,0.0,0.0,0.0,0.0,0.0,0.0,0.0,0.6387986514863139,0.3358771239183799,0.5,3.801858425140381,-11.74282455444336,-27.62592315673828,0.0,0.0,0.0,0.7157251834869385,0.6918852925300598,0.07057230174541473,0.0,0.0,0.0,0.0,0.0,0.0,0.0,1.1075791507402528,0.05150148575950353,0.5,0.9120154976844788,0.15019668638706207,0.5669187307357788,0.0,0.0,0.0,0.11623673141002655,0.13284197449684143,-0.004151311703026295,0.0,0.0,0.0,0.0,0.0,0.0,0.0,1.0172042111318036,0.06488011616517986,0.5
12.99,TRACK,-0.0069788238033652306,-0.0011435836786404252,-0.6127229928970337,0.0,0.0,0.0,0.0,0.0,0.0,0.0,0.0,0.0,0.0,0.0,0.0,0.0,0.6384490482327051,0.33644677685283675,0.5,3.801858425140381,-11.74282455444336,-27.62592315673828,0.0,0.0,0.0,0.7157251834869385,0.6918852925300598,0.07057230174541473,0.0,0.0,0.0,0.0,0.0,0.0,0.0,1.1013027958089627,0.051979446587346434,0.5,0.9692839980125427,0.11940144002437592,0.579944372177124,0.0,0.0,0.0,0.06503721326589584,0.06503721326589584,-0.013837706297636032,0.0,0.0,0.0,0.0,0.0,0.0,0.0,1.016056153053401,0.0651418583407204,0.5
13.01,TRACK,-0.0069788238033652306,-0.0011435836786404252,-0.6127229928970337,0.0,0.0,0.0,0.0,0.0,0.0,0.0,0.0,0.0,0.0,0.0,0.0,0.0,0.6383203693971332,0.3366568085531236,0.5,3.801858425140381,-11.74282455444336,-27.62592315673828,0.0,0.0,0.0,0.7157251834869385,0.6918852925300598,0.07057230174541473,0.0,0.0,0.0,0.0,0.0,0.0,0.0,1.0950694090432198,0.05251976586908014,0.5,0.9692839980125427,0.11940144002437592,0.579944372177124,0.0,0.0,0.0,0.06503721326589584,0.06503721326589584,-0.013837706297636032,0.0,0.0,0.0,0.0,0.0,0.0,0.0,1.0149154945680865,0.06540426242383934,0.5
13.031,TRACK,-0.013758902437984943,-0.00218291231431067,-1.203743815422058,0.0,0.0,0.0,0.0,0.0,0.0,0.0,0.0,0.0,0.0,0.0,0.0,0.0,0.6381925480944194,0.3368656323973415,0.5,3.801858425140381,-11.74282455444336,-27.62592315673828,0.0,0.0,0.0,0.7157251834869385,0.6918852925300598,0.07057230174541473,0.0,0.0,0.0,0.0,0.0,0.0,0.0,1.0888793408562558,0.05312123088031173,0.5,0.9692839980125427,0.11940144002437592,0.579944372177124,0.0,0.0,0.0,0.06503721326589584,0.06503721326589584,-0.013837706297636032,0.0,0.0,0.0,0.0,0.0,0.0,0.0,1.0137821894635466,0.0656672967455485,0.5
13.051,TRACK,-0.013758902437984943,-0.00218291231431067,-1.203743815422058,0.0,0.0,0.0,0.0,0.0,0.0,0.0,0.0,0.0,0.0,0.0,0.0,0.0,0.6380655781780182,0.33707325497204105,0.5,3.801858425140381,-11.74282455444336,-27.62592315673828,0.0,0.0,0.0,0.7157251834869385,0.6918852925300598,0.07057230174541473,0.0,0.0,0.0,0.0,0.0,0.0,0.0,1.0827264313606322,0.05378337245383347,0.5,0.9692839980125427,0.11940144002437592,0.579944372177124,0.0,0.0,0.0,0.06503721326589584,0.06503721326589584,-0.013837706297636032,0.0,0.0,0.0,0.0,0.0,0.0,0.0,1.0126561917475856,0.06593093016773777,0.5
13.071,TRACK,-0.013758902437984943,-0.00218291231431067,-1.203743815422058,0.0,0.0,0.0,0.0,0.0,0.0,0.0,0.0,0.0,0.0,0.0,0.0,0.0,0.6379394535498526,0.3372796828327644,0.5,3.8871548175811768,-12.458700180053711,-28.277957916259766,0.0,0.0,0.0,0.7157251834869385,0.6918852925300598,0.07057230174541473,0.0,0.0,0.0,0.0,0.0,0.0,0.0,1.0766175302941785,0.05450439704404686,0.5,0.9692839980125427,0.11940144002437592,0.579944372177124,0.0,0.0,0.0,0.06503721326589584,0.06503721326589584,-0.013837706297636032,0.0,0.0,0.0,0.0,0.0,0.0,0.0,1.0115374556489312,0.06619513207594074,0.5
13.09,TRACK,-0.013758902437984943,-0.00218291231431067,-1.203743815422058,0.0,0.0,0.0,0.0,0.0,0.0,0.0,0.0,0.0,0.0,0.0,0.0,0.0,0.6378141681598914,0.33748492250411966,0.5,3.8871548175811768,-12.458700180053711,-28.277957916259766,0.0,0.0,0.0,0.7157251834869385,0.6918852925300598,0.07057230174541473,0.0,0.0,0.0,0.0,0.0,0.0,0.0,1.070552925101437,0.055283124259902894,0.5,0.9837689995765686,0.019929371774196625,0.5144457817077637,0.0,0.0,0.0,-0.01660524681210518,-0.040129344910383224,-0.02214032970368862,0.0,0.0,0.0,0.0,0.0,0.0,0.0,1.0104085786577492,0.0664640241701886,0.5
13.11,TRACK,-0.013758902437984943,-0.00218291231431067,-1.203743815422058,0.0,0.0,0.0,0.0,0.0,0.0,0.0,0.0,0.0,0.0,0.0,0.0,0.0,0.6378215223639935,0.3374728699033269,0.5,3.8871548175811768,-12.458700180053711,-28.277957916259766,0.0,0.0,0.0,0.7157251834869385,0.6918852925300598,0.07057230174541473,0.0,0.0,0.0,0.0,0.0,0.0,0.0,1.0645328827325138,0.056118385647454416,0.5,0.9837689995765686,0.019929371774196625,0.5144457817077637,0.0,0.0,0.0,-0.01660524681210518,-0.040129344910383224,-0.02214032970368862,0.0,0.0,0.0,0.0,0.0,0.0,0.0,1.0092869924051138,0.06673346616353737,0.5
13.131,TRACK,-0.022799011319875717,-0.003507041372358799,-1.9924604892730713,0.0,0.0,0.0,0.0,0.0,0.0,0.0,0.0,0.0,0.0,0.0,0.0,0.0,0.6378288327239415,0.3374608897896459,0.5,3.8871548175811768,-12.458700180053711,-28.277957916259766,0.0,0.0,0.0,0.7157251834869385,0.6918852925300598,0.07057230174541473,0.0,0.0,0.0,0.0,0.0,0.0,0.0,1.0585576501636165,0.0570090248103261,0.5,0.9837689995765686,0.019929371774196625,0.5144457817077637,0.0,0.0,0.0,-0.01660524681210518,-0.040129344910383224,-0.02214032970368862,0.0,0.0,0.0,0.0,0.0,0.0,0.0,1.0081726510636915,0.06700342788855218,0.5
13.15,TRACK,-0.022799011319875717,-0.003507041372358799,-1.9924604892730713,0.0,0.0,0.0,0.0,0.0,0.0,0.0,0.0,0.0,0.0,0.0,0.0,0.0,0.637836099499434,0.3374489817261086,0.5,3.8871548175811768,-12.458700180053711,-28.277957916259766,0.0,0.0,0.0,0.7157251834869385,0.6918852925300598,0.07057230174541473,0.0,0.0,0.0,0.0,0.0,0.0,0.0,1.0526188178308455,0.057955318105687326,0.5,0.9837689995765686,0.019929371774196625,0.5144457817077637,0.0,0.0,0.0,-0.01660524681210518,-0.040129344910383224,-0.02214032970368862,0.0,0.0,0.0,0.0,0.0,0.0,0.0,1.0070655090306633,0.0672738796901785,0.5
13.171,TRACK,-0.022799011319875717,-0.003507041372358799,-1.9924604892730713,0.0,0.0,0.0,0.0,0.0,0.0,0.0,0.0,0.0,0.0,0.0,0.0,0.0,0.637843322948651,0.3374371452783932,0.5,3.972140073776245,-13.1868257522583,-28.923667907714844,0.0,0.0,0.0,0.7157251834869385,0.6918852925300598,0.07057230174541473,0.0,0.0,0.0,0.0,0.0,0.0,0.0,1.0467253122473417,0.05895487577546932,0.5,0.9837689995765686,0.019929371774196625,0.5144457817077637,0.0,0.0,0.0,-0.01660524681210518,-0.040129344910383224,-0.02214032970368862,0.0,0.0,0.0,0.0,0.0,0.0,0.0,1.0059655209283584,0.06754479241871247,0.5
13.191,TRACK,-0.022799011319875717,-0.003507041372358799,-1.9924604892730713,0.0,0.0,0.0,0.0,0.0,0.0,0.0,0.0,0.0,0.0,0.0,0.0,0.0,0.6378505033282641,0.33742538001480743,0.5,3.972140073776245,-13.1868257522583,-28.923667907714844,0.0,0.0,0.0,0.7157251834869385,0.6918852925300598,0.07057230174541473,0.0,0.0,0.0,0.0,0.0,0.0,0.0,1.0408773252039931,0.0600065747439511,0.5,0.9938047528266907,-0.02243972010910511,0.47288641333580017,0.0,0.0,0.0,-0.07610738277435303,-0.06088590621948242,-0.019372789189219475,0.0,0.0,0.0,0.0,0.0,0.0,0.0,1.0048564062997545,0.06782018481591268,0.5
13.211,TRACK,-0.022799011319875717,-0.003507041372358799,-1.9924604892730713,0.0,0.0,0.0,0.0,0.0,0.0,0.0,0.0,0.0,0.0,0.0,0.0,0.0,0.6379133843639554,0.3373223735435777,0.5,3.972140073776245,-13.1868257522583,-28.923667907714844,0.0,0.0,0.0,0.7157251834869385,0.6918852925300598,0.07057230174541473,0.0,0.0,0.0,0.0,0.0,0.0,0.0,1.0350750304330134,0.06110930439509643,0.5,0.9938047528266907,-0.02243972010910511,0.47288641333580017,0.0,0.0,0.0,-0.07610738277435303,-0.06088590621948242,-0.019372789189219475,0.0,0.0,0.0,0.0,0.0,0.0,0.0,1.003754468160697,0.06809601787147102,0.5
13.231,TRACK,-0.022799011319875717,-0.003507041372358799,-1.9924604892730713,0.0,0.0,0.0,0.0,0.0,0.0,0.0,0.0,0.0,0.0,0.0,0.0,0.0,0.6379759086446127,0.3372199976474039,0.5,3.972140073776245,-13.1868257522583,-28.923667907714844,0.0,0.0,0.0,0.7157251834869385,0.6918852925300598,0.07057230174541473,0.0,0.0,0.0,0.0,0.0,0.0,0.0,1.0293185840907226,0.06226196664318895,0.5,0.9938047528266907,-0.02243972010910511,0.47288641333580017,0.0,0.0,0.0,-0.07610738277435303,-0.06088590621948242,-0.019372789189219475,0.0,0.0,0.0,0.0,0.0,0.0,0.0,1.0026596611236764,0.06837226292085241,0.5
13.251,TRACK,-0.00017117499373853207,-2.6892612368101254e-05,-0.015026424080133438,0.0,0.0,0.0,0.0,0.0,0.0,0.0,0.0,0.0,0.0,0.0,0.0,0.0,0.6380380780626541,0.3371182483969079,0.5,3.972140073776245,-13.1868257522583,-28.923667907714844,0.0,0.0,0.0,0.7157251834869385,0.6918852925300598,0.07057230174541473,0.0,0.0,0.0,0.0,0.0,0.0,0.0,1.0236293666293546,0.06345889912001745,0.5,0.9938047528266907,-0.02243972010910511,0.47288641333580017,0.0,0.0,0.0,-0.07610738277435303,-0.06088590621948242,-0.019372789189219475,0.0,0.0,0.0,0.0,0.0,0.0,0.0,1.0015719400295096,0.06864889179309508,0.5
13.271,TRACK,-0.00017117499373853207,-2.6892612368101254e-05,-0.015026424080133438,0.0,0.0,0.0,0.0,0.0,0.0,0.0,0.0,0.0,0.0,0.0,0.0,0.0,0.6380998945021557,0.33701712188796024,0.5,4.057672023773193,-13.934152603149414,-29.569509506225586,0.0,0.0,0.0,0.7157251834869385,0.6918852925300598,0.07057230174541473,0.0,0.0,0.0,0.0,0.0,0.0,0.0,1.0179860415896915,0.06470322503464854,0.5,0.9938047528266907,-0.02243972010910511,0.47288641333580017,0.0,0.0,0.0,-0.07610738277435303,-0.06088590621948242,-0.019372789189219475,0.0,0.0,0.0,0.0,0.0,0.0,0.0,1.000491259947812,0.06892587680399398,0.5
13.292,TRACK,-0.00017117499373853207,-2.6892612368101254e-05,-0.015026424080133438,0.0,0.0,0.0,0.0,0.0,0.0,0.0,0.0,0.0,0.0,0.0,0.0,0.0,0.6381613598388637,0.3369166142415109,0.5,4.057672023773193,-13.934152603149414,-29.569509506225586,0.0,0.0,0.0,0.7157251834869385,0.6918852925300598,0.07057230174541473,0.0,0.0,0.0,0.0,0.0,0.0,0.0,1.0123887117665795,0.06599389271109635,0.5,0.9345265626907349,0.056424617767333984,0.4988849461078644,0.0,0.0,0.0,-0.11485295742750168,-0.08579377084970474,-0.017989017069339752,0.0,0.0,0.0,0.0,0.0,0.0,0.0,0.9994022175446131,0.06920717297859136,0.5
13.311,TRACK,-0.00017117499373853207,-2.6892612368101254e-05,-0.015026424080133438,0.0,0.0,0.0,0.0,0.0,0.0,0.0,0.0,0.0,0.0,0.0,0.0,0.0,0.6379971484689165,0.3371852304892888,0.5,4.057672023773193,-13.934152603149414,-29.569509506225586,0.0,0.0,0.0,0.7157251834869385,0.6918852925300598,0.07057230174541473,0.0,0.0,0.0,0.0,0.0,0.0,0.0,1.0068374644291112,0.06732986312244049,0.5,0.9345265626907349,0.056424617767333984,0.4988849461078644,0.0,0.0,0.0,-0.11485295742750168,-0.08579377084970474,-0.017989017069339752,0.0,0.0,0.0,0.0,0.0,0.0,0.0,0.9983202338774059,0.06948880411399894,0.5
13.331,TRACK,-0.002209661528468132,-0.00038909027352929115,-0.1909153014421463,0.0,0.0,0.0,0.0,0.0,0.0,0.0,0.0,0.0,0.0,0.0,0.0,0.0,0.6378340620724339,0.3374523203945092,0.5,4.057672023773193,-13.934152603149414,-29.569509506225586,0.0,0.0,0.0,0.7157251834869385,0.6918852925300598,0.07057230174541473,0.0,0.0,0.0,0.0,0.0,0.0,0.0,1.0013323717585416,0.06871010991669613,0.5,0.9345265626907349,0.056424617767333984,0.4988849461078644,0.0,0.0,0.0,-0.11485295742750168,-0.08579377084970474,-0.017989017069339752,0.0,0.0,0.0,0.0,0.0,0.0,0.0,0.9972452640420846,0.06977074303131914,0.5
13.351,TRACK,-0.002209661528468132,-0.00038909027352929115,-0.1909153014421463,0.0,0.0,0.0,0.0,0.0,0.0,0.0,0.0,0.0,0.0,0.0,0.0,0.0,0.6376720922721095,0.3377178920220336,0.5,4.057672023773193,-13.934152603149414,-29.569509506225586,0.0,0.0,0.0,0.7157251834869385,0.6918852925300598,0.07057230174541473,0.0,0.0,0.0,0.0,0.0,0.0,0.0,0.9958716830571188,0.07013410005730225,0.5,0.9345265626907349,0.056424617767333984,0.4988849461078644,0.0,0.0,0.0,-0.11485295742750168,-0.08579377084970474,-0.017989017069339752,0.0,0.0,0.0,0.0,0.0,0.0,0.0,0.9961772633661057,0.07005296302639885,0.5
13.371,TRACK,-0.002209661528468132,-0.00038909027352929115,-0.1909153014421463,0.0,0.0,0.0,0.0,0.0,0.0,0.0,0.0,0.0,0.0,0.0,0.0,0.0,0.6375112307595487,0.3379819534026798,0.5,4.057672023773193,-13.934152603149414,-29.569509506225586,0.0,0.0,0.0,0.7157251834869385,0.6918852925300598,0.07057230174541473,0.0,0.0,0.0,0.0,0.0,0.0,0.0,0.9904572697992577,0.07160038274555092,0.5,0.9345265626907349,0.056424617767333984,0.4988849461078644,0.0,0.0,0.0,-0.11485295742750168,-0.08579377084970474,-0.017989017069339752,0.0,0.0,0.0,0.0,0.0,0.0,0.0,0.9951161874088051,0.07033543786322793,0.5
13.391,TRACK,-0.002209661528468132,-0.00038909027352929115,-0.1909153014421463,0.0,0.0,0.0,0.0,0.0,0.0,0.0,0.0,0.0,0.0,0.0,0.0,0.0,0.6373514692946467,0.3382445125332314,0.5,4.143712520599365,-14.70069408416748,-30.215539932250977,0.0,0.0,0.0,0.7157251834869385,0.6918852925300598,0.07057230174541473,0.0,0.0,0.0,0.0,0.0,0.0,0.0,0.9850891616891237,0.07310796902054195,0.5,0.8688685297966003,0.07893434911966324,0.5233805775642395,0.0,0.0,0.0,0.01660524681210518,0.040129344910383224,-0.019372789189219475,0.0,0.0,0.0,0.0,0.0,0.0,0.0,0.9940474338109726,0.07062206022402184,0.5
13.411,TRACK,-0.002209661528468132,-0.00038909027352929115,-0.1909153014421463,0.0,0.0,0.0,0.0,0.0,0.0,0.0,0.0,0.0,0.0,0.0,0.0,0.0,0.6369887333891568,0.3388417760522174,0.5,4.143712520599365,-14.70069408416748,-30.215539932250977,0.0,0.0,0.0,0.7157251834869385,0.6918852925300598,0.07057230174541473,0.0,0.0,0.0,0.0,0.0,0.0,0.0,0.9797673750013508,0.07465588263538381,0.5,0.8688685297966003,0.07893434911966324,0.5233805775642395,0.0,0.0,0.0,0.01660524681210518,0.040129344910383224,-0.019372789189219475,0.0,0.0,0.0,0.0,0.0,0.0,0.0,0.9929856183696305,0.07090891566072899,0.5
13.432,TRACK,-0.002209661528468132,-0.00038909027352929115,-0.1909153014421463,0.0,0.0,0.0,0.0,0.0,0.0,0.0,0.0,0.0,0.0,0.0,0.0,0.0,0.6366288634923285,0.3394358742532843,0.5,4.143712520599365,-14.70069408416748,-30.215539932250977,0.0,0.0,0.0,0.7157251834869385,0.6918852925300598,0.07057230174541473,0.0,0.0,0.0,0.0,0.0,0.0,0.0,0.9744919129807347,0.07624316004875553,0.5,0.8688685297966003,0.07893434911966324,0.5233805775642395,0.0,0.0,0.0,0.01660524681210518,0.040129344910383224,-0.019372789189219475,0.0,0.0,0.0,0.0,0.0,0.0,0.0,0.9919306967032504,0.07119597845619619,0.5
13.453,TRACK,-0.006580916699022055,-0.0011795694008469582,-0.5644515156745911,0.0,0.0,0.0,0.0,0.0,0.0,0.0,0.0,0.0,0.0,0.0,0.0,0.0,0.6362718346357777,0.3400268203351936,0.5,4.143712520599365,-14.70069408416748,-30.215539932250977,0.0,0.0,0.0,0.7157251834869385,0.6918852925300598,0.07057230174541473,0.0,0.0,0.0,0.0,0.0,0.0,0.0,0.9692589892734526,0.07787004357266347,0.5,0.8688685297966003,0.07893434911966324,0.5233805775642395,0.0,0.0,0.0,0.01660524681210518,0.040129344910383224,-0.019372789189219475,0.0,0.0,0.0,0.0,0.0,0.0,0.0,0.9908826246645356,0.07148322334926804,0.5
13.471,TRACK,-0.006580916699022055,-0.0011795694008469582,-0.5644515156745911,0.0,0.0,0.0,0.0,0.0,0.0,0.0,0.0,0.0,0.0,0.0,0.0,0.0,0.6359176220844723,0.3406146275003994,0.5,4.231152057647705,-15.494392395019531,-30.86823844909668,0.0,0.0,0.0,0.7157251834869385,0.6918852925300598,0.07057230174541473,0.0,0.0,0.0,0.0,0.0,0.0,0.0,0.964072403757465,0.07953446295549738,0.5,0.8688685297966003,0.07893434911966324,0.5233805775642395,0.0,0.0,0.0,0.01660524681210518,0.040129344910383224,-0.019372789189219475,0.0,0.0,0.0,0.0,0.0,0.0,0.0,0.989841358340592,0.07177062552840396,0.5
13.491,TRACK,-0.006580916699022055,-0.0011795694008469582,-0.5644515156745911,0.0,0.0,0.0,0.0,0.0,0.0,0.0,0.0,0.0,0.0,0.0,0.0,0.0,0.6355662013345222,0.34119930895380635,0.5,4.231152057647705,-15.494392395019531,-30.86823844909668,0.0,0.0,0.0,0.7157251834869385,0.6918852925300598,0.07057230174541473,0.0,0.0,0.0,0.0,0.0,0.0,0.0,0.9589321232978846,0.08123549118062479,0.5,0.8847545385360718,0.10239510238170624,0.5123597383499146,0.0,0.0,0.0,0.029059182852506638,0.05396705120801926,-0.01660524681210518,0.0,0.0,0.0,0.0,0.0,0.0,0.0,0.988792907485079,0.07206205062923432,0.5
13.511,TRACK,-0.006580916699022055,-0.0011795694008469582,-0.5644515156745911,0.0,0.0,0.0,0.0,0.0,0.0,0.0,0.0,0.0,0.0,0.0,0.0,0.0,0.6352293732460145,0.3417611286172542,0.5,4.231152057647705,-15.494392395019531,-30.86823844909668,0.0,0.0,0.0,0.7157251834869385,0.6918852925300598,0.07057230174541473,0.0,0.0,0.0,0.0,0.0,0.0,0.0,0.9538381032233835,0.08297221386161324,0.5,0.8847545385360718,0.10239510238170624,0.5123597383499146,0.0,0.0,0.0,0.029059182852506638,0.05396705120801926,-0.01660524681210518,0.0,0.0,0.0,0.0,0.0,0.0,0.0,0.987751272836792,0.0723536111651707,0.5
13.531,TRACK,-0.013225510716438293,-0.0023567669559270144,-1.1356217861175537,0.0,0.0,0.0,0.0,0.0,0.0,0.0,0.0,0.0,0.0,0.0,0.0,0.0,0.6348951741842738,0.3423199414629698,0.5,4.231152057647705,-15.494392395019531,-30.86823844909668,0.0,0.0,0.0,0.7157251834869385,0.6918852925300598,0.07057230174541473,0.0,0.0,0.0,0.0,0.0,0.0,0.0,0.9487902876894252,0.08474372920603901,0.5,0.8847545385360718,0.10239510238170624,0.5123597383499146,0.0,0.0,0.0,0.029059182852506638,0.05396705120801926,-0.01660524681210518,0.0,0.0,0.0,0.0,0.0,0.0,0.0,0.9867164105663614,0.07264528284453509,0.5
13.551,TRACK,-0.013225510716438293,-0.0023567669559270144,-1.1356217861175537,0.0,0.0,0.0,0.0,0.0,0.0,0.0,0.0,0.0,0.0,0.0,0.0,0.0,0.6345635814903786,0.3428757605235717,0.5,4.231152057647705,-15.494392395019531,-30.86823844909668,0.0,0.0,0.0,0.7157251834869385,0.6918852925300598,0.07057230174541473,0.0,0.0,0.0,0.0,0.0,0.0,0.0,0.9437829468496204,0.08655122061541964,0.5,0.8847545385360718,0.10239510238170624,0.5123597383499146,0.0,0.0,0.0,0.029059182852506638,0.05396705120801926,-0.01660524681210518,0.0,0.0,0.0,0.0,0.0,0.0,0.0,0.9856882770807828,0.0729370418131845,0.5
13.571,TRACK,-0.013225510716438293,-0.0023567669559270144,-1.1356217861175537,0.0,0.0,0.0,0.0,0.0,0.0,0.0,0.0,0.0,0.0,0.0,0.0,0.0,0.6342345727160579,0.3434285988246576,0.5,4.318297863006592,-16.299510955810547,-31.51466178894043,0.0,0.0,0.0,0.7157251834869385,0.6918852925300598,0.07057230174541473,0.0,0.0,0.0,0.0,0.0,0.0,0.0,0.9388217376042758,0.08839182565464498,0.5,0.8847545385360718,0.10239510238170624,0.5123597383499146,0.0,0.0,0.0,0.029059182852506638,0.05396705120801926,-0.01660524681210518,0.0,0.0,0.0,0.0,0.0,0.0,0.0,0.98466682902345,0.07322886464834344,0.5
13.591,TRACK,-0.013225510716438293,-0.0023567669559270144,-1.1356217861175537,0.0,0.0,0.0,0.0,0.0,0.0,0.0,0.0,0.0,0.0,0.0,0.0,0.0,0.6339081256216872,0.3439784693838032,0.5,4.318297863006592,-16.299510955810547,-31.51466178894043,0.0,0.0,0.0,0.7157251834869385,0.6918852925300598,0.07057230174541473,0.0,0.0,0.0,0.0,0.0,0.0,0.0,0.9339065731261438,0.09026467785040282,0.5,0.8936285972595215,0.09703319519758224,0.5165667533874512,0.0,0.0,0.0,0.049815740436315536,0.03459426388144493,-0.015221476554870605,0.0,0.0,0.0,0.0,0.0,0.0,0.0,0.983638918089301,0.07352451012597105,0.5
13.611,TRACK,-0.013225510716438293,-0.0023567669559270144,-1.1356217861175537,0.0,0.0,0.0,0.0,0.0,0.0,0.0,0.0,0.0,0.0,0.0,0.0,0.0,0.6336152673025565,0.34447290163229416,0.5,4.318297863006592,-16.299510955810547,-31.51466178894043,0.0,0.0,0.0,0.7157251834869385,0.6918852925300598,0.07057230174541473,0.0,0.0,0.0,0.0,0.0,0.0,0.0,0.9290373567540127,0.09216892315885938,0.5,0.8936285972595215,0.09703319519758224,0.5165667533874512,0.0,0.0,0.0,0.049815740436315536,0.03459426388144493,-0.015221476554870605,0.0,0.0,0.0,0.0,0.0,0.0,0.0,0.9826176985276918,0.0738201972007061,0.5
13.631,TRACK,-0.022249214351177216,-0.0038694266695529222,-1.9043562412261963,0.0,0.0,0.0,0.0,0.0,-0.0,0.0,0.0,0.0,0.0,0.0,0.0,0.0,0.6333246355597002,0.3449646450319514,0.5,4.318297863006592,-16.299510955810547,-31.51466178894043,0.0,0.0,0.0,0.7157251834869385,0.6918852925300598,0.07057230174541473,0.0,0.0,0.0,0.0,0.0,0.0,0.0,0.9242139823215192,0.09410371990730793,0.5,0.8936285972595215,0.09703319519758224,0.5165667533874512,0.0,0.0,0.0,0.049815740436315536,0.03459426388144493,-0.015221476554870605,0.0,0.0,0.0,0.0,0.0,0.0,0.0,0.9816031271000107,0.07411590298263593,0.5
13.651,TRACK,-0.022249214351177216,-0.0038694266695529222,-1.9043562412261963,0.0,0.0,0.0,0.0,0.0,-0.0,0.0,0.0,0.0,0.0,0.0,0.0,0.0,0.6330362116784903,0.34545371195124797,0.5,4.318297863006592,-16.299510955810547,-31.51466178894043,0.0,0.0,0.0,0.7157251834869385,0.6918852925300598,0.07057230174541473,0.0,0.0,0.0,0.0,0.0,0.0,0.0,0.9194286721114444,0.09607142811034908,0.5,0.8936285972595215,0.09703319519758224,0.5165667533874512,0.0,0.0,0.0,0.049815740436315536,0.03459426388144493,-0.015221476554870605,0.0,0.0,0.0,0.0,0.0,0.0,0.0,0.9805951608055954,0.07441160500100608,0.5
13.671,TRACK,-0.022249214351177216,-0.0038694266695529222,-1.9043562412261963,0.0,0.0,0.0,0.0,0.0,-0.0,0.0,0.0,0.0,0.0,0.0,0.0,0.0,0.6327499771155733,0.34594011473714575,0.5,4.405970096588135,-17.123849868774414,-32.161251068115234,0.0,0.0,0.0,0.7157251834869385,0.6918852925300598,0.07057230174541473,0.0,0.0,0.0,0.0,0.0,0.0,0.0,0.9146890652768462,0.09806815275822711,0.5,0.8936285972595215,0.09703319519758224,0.5165667533874512,0.0,0.0,0.0,0.049815740436315536,0.03459426388144493,-0.015221476554870605,0.0,0.0,0.0,0.0,0.0,0.0,0.0,0.9795937568816355,0.0747072811982713,0.5
13.691,TRACK,-0.022249214351177216,-0.0038694266695529222,-1.9043562412261963,0.0,0.0,0.0,0.0,0.0,-0.0,0.0,0.0,0.0,0.0,0.0,0.0,0.0,0.6324659134972368,0.3464238657144628,0.5,4.405970096588135,-17.123849868774414,-32.161251068115234,0.0,0.0,0.0,0.7157251834869385,0.6918852925300598,0.07057230174541473,0.0,0.0,0.0,0.0,0.0,0.0,0.0,0.9099950294307683,0.10009308596630451,0.5,0.9325683116912842,0.06777676939964294,0.49686530232429504,0.0,0.0,0.0,0.029059182852506638,0.02629164233803749,-0.013837706297636032,0.0,0.0,0.0,0.0,0.0,0.0,0.0,0.9785864077445194,0.07500662578593842,0.5
13.711,TRACK,-0.022249214351177216,-0.0038694266695529222,-1.9043562412261963,0.0,0.0,0.0,0.0,0.0,-0.0,0.0,0.0,0.0,0.0,0.0,0.0,0.0,0.6323235746197541,0.346666654313228,0.5,4.405970096588135,-17.123849868774414,-32.161251068115234,0.0,0.0,0.0,0.7157251834869385,0.6918852925300598,0.07057230174541473,0.0,0.0,0.0,0.0,0.0,0.0,0.0,0.9053464238761568,0.10214543198964299,0.5,0.9325683116912842,0.06777676939964294,0.49686530232429504,0.0,0.0,0.0,0.029059182852506638,0.02629164233803749,-0.013837706297636032,0.0,0.0,0.0,0.0,0.0,0.0,0.0,0.9775856238125221,0.07530592235182831,0.5
13.73,TRACK,-9.070720989257097e-05,-2.1204443328315392e-05,-0.008308595046401024,0.0,0.0,0.0,-0.0,-0.0,-0.0,0.0,0.0,0.0,0.0,0.0,0.0,0.0,0.632182202650829,0.34690805232000477,0.5,4.405970096588135,-17.123849868774414,-32.161251068115234,0.0,0.0,0.0,0.7157251834869385,0.6918852925300598,0.07057230174541473,0.0,0.0,0.0,0.0,0.0,0.0,0.0,0.9007430999024938,0.1042244071472399,0.5,0.9325683116912842,0.06777676939964294,0.49686530232429504,0.0,0.0,0.0,0.029059182852506638,0.02629164233803749,-0.013837706297636032,0.0,0.0,0.0,0.0,0.0,0.0,0.0,0.9765913624659844,0.07560514937144813,0.5
13.751,TRACK,-9.070720989257097e-05,-2.1204443328315392e-05,-0.008308595046401024,0.0,0.0,0.0,-0.0,-0.0,-0.0,0.0,0.0,0.0,0.0,0.0,0.0,0.0,0.6320417904690271,0.34714806723504493,0.5,4.405970096588135,-17.123849868774414,-32.161251068115234,0.0,0.0,0.0,0.7157251834869385,0.6918852925300598,0.07057230174541473,0.0,0.0,0.0,0.0,0.0,0.0,0.0,0.8962032560253768,0.10632067103127829,0.5,0.9325683116912842,0.06777676939964294,0.49686530232429504,0.0,0.0,0.0,0.029059182852506638,0.02629164233803749,-0.013837706297636032,0.0,0.0,0.0,0.0,0.0,0.0,0.0,0.9756035813242668,0.07590428572138042,0.5
13.771,TRACK,-9.070720989257097e-05,-2.1204443328315392e-05,-0.008308595046401024,0.0,0.0,0.0,-0.0,-0.0,-0.0,0.0,0.0,0.0,0.0,0.0,0.0,0.0,0.6319023310108659,0.34738670652460485,0.5,4.494145393371582,-17.967464447021484,-32.80800247192383,0.0,0.0,0.0,0.7157251834869385,0.6918852925300598,0.07057230174541473,0.0,0.0,0.0,0.0,0.0,0.0,0.0,0.8917081202037652,0.10844178075545063,0.5,0.9325683116912842,0.06777676939964294,0.49686530232429504,0.0,0.0,0.0,0.029059182852506638,0.02629164233803749,-0.013837706297636032,0.0,0.0,0.0,0.0,0.0,0.0,0.0,0.9746222382455326,0.07620331067355113,0.5
