timestamp_sec,flight_state,cf1_act_x,cf1_act_y,cf1_act_z,cf1_targ_x,cf1_targ_y,cf1_targ_z,cf2_act_x,cf2_act_y,cf2_act_z,cf2_targ_x,cf2_targ_y,cf2_targ_z,cf3_act_x,cf3_act_y,cf3_act_z,cf3_targ_x,cf3_targ_y,cf3_targ_z
0.009,TAKEOFF,0.5036761164665222,0.006260516121983528,0.0034940883051604033,-0.10054077604011168,-0.2826509372941333,1.0,-0.0038255813997238874,0.0017464892007410526,0.0005124721210449934,0.29505328012025767,0.054254602480128464,1.0,-0.5048169493675232,-0.00937661249190569,0.005006955936551094,-0.19451250408014573,0.22839633481400548,1.0
0.029,TAKEOFF,0.5036761164665222,0.006260516121983528,0.0034940883051604033,-0.09770387942023687,-0.28364405854210273,1.0,-0.0038255813997238874,0.0017464892007410526,0.0005124721210449934,0.2944949000400998,0.057207987644834965,1.0,-0.5048169493675232,-0.00937661249190569,0.005006955936551094,-0.19679102061986276,0.22643607089726836,1.0
0.049,TAKEOFF,0.5036761164665222,0.006260516121983528,0.0034940883051604033,-0.0948887276651882,-0.28459818931623887,1.0,-0.0038255813997238874,0.0017464892007410526,0.0005124721210449934,0.2939136256515099,0.06012304596728351,1.0,-0.5048169493675232,-0.00937661249190569,0.005006955936551094,-0.19902489798632148,0.22447514334895596,1.0
0.069,TAKEOFF,0.5036761164665222,0.006260516121983528,0.0034940883051604033,-0.09204097880845083,-0.2855318865205466,1.0,-0.0038255813997238874,0.0017464892007410526,0.0005124721210449934,0.2932983567215142,0.06305611742297003,1.0,-0.5048169493675232,-0.00937661249190569,0.005006955936551094,-0.20125737791306317,0.22247576909757716,1.0
0.089,TAKEOFF,0.5036761164665222,0.006260516121983528,0.0034940883051604033,-0.08915491784361469,-0.28644615658845607,1.0,-0.0038255813997238874,0.0017464892007410526,0.0005124721210449934,0.2926471073438255,0.0660126545693435,1.0,-0.5031255483627319,-0.007274724543094635,0.005302428267896175,-0.2034921895002106,0.2204335020191132,1.0
0.109,TAKEOFF,0.5031415820121765,0.006529894191771746,0.003757984610274434,-0.08628248687535701,-0.28732443762862186,1.0,-0.003074164502322674,0.0025470235850661993,0.0014299340546131134,0.29197150555214246,0.0689393932785547,1.0,-0.5031255483627319,-0.007274724543094635,0.005302428267896175,-0.20568901867678524,0.2183850443500678,1.0
0.129,TAKEOFF,0.5031415820121765,0.006529894191771746,0.003757984610274434,-0.0834160406134158,-0.2881696794744044,1.0,-0.003074164502322674,0.0025470235850661993,0.0014299340546131134,0.29127028333196114,0.07184442948286995,1.0,-0.5031255483627319,-0.007274724543094635,0.005302428267896175,-0.20785424271854513,0.21632524999153502,1.0
0.149,TAKEOFF,0.5031415820121765,0.006529894191771746,0.003757984610274434,-0.08053404780316582,-0.28898835122619976,1.0,-0.003074164502322674,0.0025470235850661993,0.0014299340546131134,0.29053827746125166,0.07474964434596823,1.0,-0.5031255483627319,-0.007274724543094635,0.005302428267896175,-0.21000422965808563,0.21423870688023214,1.0
0.169,TAKEOFF,0.5031415820121765,0.006529894191771746,0.003757984610274434,-0.07763428144568972,-0.289780810862989,1.0,-0.003074164502322674,0.0025470235850661993,0.0014299340546131134,0.2897746844594469,0.07765714549497665,1.0,-0.5031255483627319,-0.007274724543094635,0.005302428267896175,-0.21214040301375697,0.21212366536801303,1.0
0.189,TAKEOFF,0.5031415820121765,0.006529894191771746,0.003757984610274434,-0.07473634870262984,-0.2905416978380193,1.0,-0.003074164502322674,0.0025470235850661993,0.0014299340546131134,0.28898466553770186,0.08054727235644037,1.0,-0.5026795268058777,-0.006997295189648867,0.005695674102753401,-0.21424831683507184,0.20999442548157954,1.0
0.209,TAKEOFF,0.5020198822021484,0.006305269431322813,0.0008362082880921662,-0.07182127383189779,-0.2912759939046875,1.0,-0.004712412599474192,-0.00036385515704751015,0.0006320569082163274,0.2881630471499695,0.08343894928176206,1.0,-0.5026795268058777,-0.006997295189648867,0.005695674102753401,-0.2163417733180715,0.20783704462292604,1.0
0.229,TAKEOFF,0.5020198822021484,0.006305269431322813,0.0008362082880921662,-0.0689154857633774,-0.29197714948604747,1.0,-0.004712412599474192,-0.00036385515704751015,0.0006320569082163274,0.28731737166117227,0.0863060133577944,1.0,-0.5026795268058777,-0.006997295189648867,0.005695674102753401,-0.21840188589779472,0.2056711361282537,1.0
0.249,TAKEOFF,0.5020198822021484,0.006305269431322813,0.0008362082880921662,-0.0659809468297198,-0.2926542578802736,1.0,-0.004712412599474192,-0.00036385515704751015,0.0006320569082163274,0.286436495264859,0.08918595281984944,1.0,-0.5026795268058777,-0.006997295189648867,0.005695674102753401,-0.220455548435139,0.20346830506042476,1.0
0.269,TAKEOFF,0.5020198822021484,0.006305269431322813,0.0008362082880921662,-0.06305762513125528,-0.2932980325757506,1.0,-0.004712412599474192,-0.00036385515704751015,0.0006320569082163274,0.2855323596562234,0.09203951102189252,1.0,-0.5026795268058777,-0.006997295189648867,0.005695674102753401,-0.222474734524968,0.20125852155385873,1.0
0.289,TAKEOFF,0.5020198822021484,0.006305269431322813,0.0008362082880921662,-0.060122594754007504,-0.2939137179514515,1.0,-0.004712412599474192,-0.00036385515704751015,0.0006320569082163274,0.284598043643695,0.09488916457731854,1.0,-0.5027278661727905,-0.0069334120489656925,0.005612142849713564,-0.22447544888968737,0.19902455337413358,1.0
0.309,TAKEOFF,0.5019792914390564,0.009124199859797955,-0.0014549946645274758,-0.05718015219207235,-0.29450030593412196,1.0,-0.003960990346968174,-0.0011649159714579582,0.0014027480501681566,0.2836348224572748,0.09773068857646619,1.0,-0.5027278661727905,-0.0069334120489656925,0.005612142849713564,-0.22645467026520227,0.19676961735765638,1.0
0.329,TAKEOFF,0.5019792914390564,0.009124199859797955,-0.0014549946645274758,-0.054227206695113925,-0.29505831636143626,1.0,-0.003960990346968174,-0.0011649159714579582,0.0014027480501681566,0.2826416009144263,0.10056701960648017,1.0,-0.5027278661727905,-0.0069334120489656925,0.005612142849713564,-0.22841439421931223,0.19449129675495666,1.0
0.349,TAKEOFF,0.5019792914390564,0.009124199859797955,-0.0014549946645274758,-0.051282632364554645,-0.2955843223477218,1.0,-0.003960990346968174,-0.0011649159714579582,0.0014027480501681566,0.2816248482958127,0.10338009877321885,1.0,-0.5027278661727905,-0.0069334120489656925,0.005612142849713564,-0.2303422159312579,0.1922042235745036,1.0
0.369,TAKEOFF,0.5019792914390564,0.009124199859797955,-0.0014549946645274758,-0.04832053576304546,-0.2960829711813434,1.0,-0.003960990346968174,-0.0011649159714579582,0.0014027480501681566,0.28057564255254186,0.10619467409540016,1.0,-0.5027278661727905,-0.0069334120489656925,0.005612142849713564,-0.23225510678949626,0.18988829708594387,1.0
0.389,TAKEOFF,0.5019792914390564,0.009124199859797955,-0.0014549946645274758,-0.0453459942979689,-0.296553099463028,1.0,-0.003960990346968174,-0.0011649159714579582,0.0014027480501681566,0.2794955148549799,0.10900576670960893,1.0,-0.5027645230293274,-0.008596398867666721,0.00538247637450695,-0.2341495205570109,0.1875473327534197,1.0
0.409,TAKEOFF,0.4991314113140106,0.01511057186871767,0.0006350267212837934,-0.04238387753592143,-0.29699092061041193,1.0,-0.004473727662116289,0.00013482660870067775,0.0030666592065244913,0.27839362070990475,0.11178994564820972,1.0,-0.5027645230293274,-0.008596398867666721,0.00538247637450695,-0.23600974317398318,0.18520097496220286,1.0
0.429,TAKEOFF,0.4991314113140106,0.01511057186871767,0.0006350267212837934,-0.03941824753585851,-0.2973990614665786,1.0,-0.004473727662116289,0.00013482660870067775,0.0030666592065244913,0.2772642660596359,0.11456232699457276,1.0,-0.5027645230293274,-0.008596398867666721,0.00538247637450695,-0.2378460185237773,0.18283673447200643,1.0
0.449,TAKEOFF,0.4991314113140106,0.01511057186871767,0.0006350267212837934,-0.03643041109171587,-0.29777982662982494,1.0,-0.004473727662116289,0.00013482660870067775,0.0030666592065244913,0.2761001001418121,0.11734025183917644,1.0,-0.5027645230293274,-0.008596398867666721,0.00538247637450695,-0.23966968905009609,0.18043957479064912,1.0
0.469,TAKEOFF,0.4991314113140106,0.01511057186871767,0.0006350267212837934,-0.033458129436700915,-0.29812841792522393,1.0,-0.004473727662116289,0.00013482660870067775,0.0030666592065244913,0.2749158482316582,0.12008861890732134,1.0,-0.5027645230293274,-0.008596398867666721,0.00538247637450695,-0.2414577187949572,0.1780397990179032,1.0
0.489,TAKEOFF,0.4991314113140106,0.01511057186871767,0.0006350267212837934,-0.030494081063868795,-0.2984461610074256,1.0,-0.004473727662116289,0.00013482660870067775,0.0030666592065244913,0.2737089976263056,0.12281443163734071,1.0,-0.49960070848464966,-0.007370254024863243,0.013314305804669857,-0.24321491656243668,0.1756317293700855,1.0
0.509,TAKEOFF,0.4935242533683777,0.02003600262105465,0.005355291999876499,-0.027494151756062055,-0.2987374626979593,1.0,-0.004519188776612282,0.002247114898636937,0.015584565699100494,0.2724613076365698,0.12555809747272567,1.0,-0.49960070848464966,-0.007370254024863243,0.013314305804669857,-0.2449671558805076,0.17317936522523425,1.0
0.529,TAKEOFF,0.4935242533683777,0.02003600262105465,0.005355291999876499,-0.024506096652636082,-0.29899741006713026,1.0,-0.004519188776612282,0.002247114898636937,0.015584565699100494,0.27119240111020576,0.1282758027847858,1.0,-0.49960070848464966,-0.007370254024863243,0.013314305804669857,-0.2466863044575696,0.1707216072823451,1.0
0.549,TAKEOFF,0.4935242533683777,0.02003600262105465,0.005355291999876499,-0.02150760177302353,-0.2992280452530695,1.0,-0.004519188776612282,0.002247114898636937,0.015584565699100494,0.26989288960042945,0.13098789311661746,1.0,-0.49960070848464966,-0.007370254024863243,0.013314305804669857,-0.24838528782740582,0.16824015213645271,1.0
0.569,TAKEOFF,0.4935242533683777,0.02003600262105465,0.005355291999876499,-0.018524614409574442,-0.29942751820929314,1.0,-0.004519188776612282,0.002247114898636937,0.015584565699100494,0.2685741445661625,0.13367097243064413,1.0,-0.49960070848464966,-0.007370254024863243,0.013314305804669857,-0.25004953015658804,0.16575654577864965,1.0
0.589,TAKEOFF,0.4935242533683777,0.02003600262105465,0.005355291999876499,-0.015522108504347534,-0.29959817113523785,1.0,-0.004519188776612282,0.002247114898636937,0.015584565699100494,0.2672206813826473,0.13635654528255575,1.0,-0.4936148524284363,-0.002978065051138401,0.02821325697004795,-0.2516985728782997,0.16324162585268268,1.0
0.609,TAKEOFF,0.4814968407154083,0.02211407572031021,0.012347801588475704,-0.012523724099812837,-0.29973847990318453,1.0,-0.004696724005043507,0.002821373287588358,0.031805574893951416,0.2658430001377955,0.13902337673116724,1.0,-0.4936148524284363,-0.002978065051138401,0.02821325697004795,-0.2533192760379826,0.16071510317201795,1.0
0.629,TAKEOFF,0.4814968407154083,0.02211407572031021,0.012347801588475704,-0.009529483389207052,-0.29984861004569424,1.0,-0.004696724005043507,0.002821373287588358,0.031805574893951416,0.26444125528362844,0.1416715303228523,1.0,-0.4936148524284363,-0.002978065051138401,0.02821325697004795,-0.2549117718944213,0.1581770797228426,1.0
0.649,TAKEOFF,0.4814968407154083,0.02211407572031021,0.012347801588475704,-0.006529787058519744,-0.2999289280495804,1.0,-0.004696724005043507,0.002821373287588358,0.031805574893951416,0.2630109645500314,0.14430950255080954,1.0,-0.4936148524284363,-0.002978065051138401,0.02821325697004795,-0.25648117749151167,0.15561942549877153,1.0
0.669,TAKEOFF,0.4814968407154083,0.02211407572031021,0.012347801588475704,-0.0035348014594806495,-0.2999791745749062,1.0,-0.004696724005043507,0.002821373287588358,0.031805574893951416,0.2615569865178959,0.14692835942620883,1.0,-0.4936148524284363,-0.002978065051138401,0.02821325697004795,-0.25802218505841523,0.153050815148698,1.0
0.689,TAKEOFF,0.4814968407154083,0.02211407572031021,0.012347801588475704,-0.0005363521043534514,-0.2999995205436505,1.0,-0.004696724005043507,0.002821373287588358,0.031805574893951416,0.26007538196612945,0.14953526572408218,1.0,-0.48420098423957825,0.004025232512503862,0.045089203864336014,-0.25953902986177596,0.1504642548195689,1.0
0.709,TAKEOFF,0.46413782238960266,0.018852371722459793,0.017785994336009026,0.002477635594910202,-0.29998976869529875,1.0,-0.0059258644469082355,0.0026447707787156105,0.04860374331474304,0.25855994276809113,0.15214057971416248,1.0,-0.48420098423957825,0.004025232512503862,0.045089203864336014,-0.26103757836300134,0.1478491889811369,1.0
0.729,TAKEOFF,0.46413782238960266,0.018852371722459793,0.017785994336009026,0.0054687033884471305,-0.29995015133059894,1.0,-0.0059258644469082355,0.0026447707787156105,0.04860374331474304,0.25703009922706166,0.154711111725457,1.0,-0.48420098423957825,0.004025232512503862,0.045089203864336014,-0.2624988026155088,0.14523903960514253,1.0
0.75,TAKEOFF,0.46413782238960266,0.018852371722459793,0.017785994336009026,0.008465161728337667,-0.29988054461220565,1.0,-0.0059258644469082355,0.0026447707787156105,0.04860374331474304,0.2554715888707138,0.15727131740998732,1.0,-0.48420098423957825,0.004025232512503862,0.045089203864336014,-0.2639367505990514,0.142609227202219,1.0
0.769,TAKEOFF,0.46413782238960266,0.018852371722459793,0.017785994336009026,0.011469995152036859,-0.29978065182932045,1.0,-0.0059258644469082355,0.0026447707787156105,0.04860374331474304,0.25388266247123087,0.15982363309760877,1.0,-0.48420098423957825,0.004025232512503862,0.045089203864336014,-0.2653526576232677,0.1399570187317123,1.0
0.79,TAKEOFF,0.46413782238960266,0.018852371722459793,0.017785994336009026,0.014465174968138234,-0.2996510615918808,1.0,-0.0059258644469082355,0.0026447707787156105,0.04860374331474304,0.25227284412547496,0.16235273978853515,1.0,-0.4779265820980072,0.007531842216849327,0.0584699921309948,-0.2667380190936132,0.13729832180334628,1.0
0.809,TAKEOFF,0.44438719749450684,0.017590075731277466,0.029338648542761803,0.017456803783459852,-0.299491669336003,1.0,-0.005825090687721968,0.004313878249377012,0.0632023811340332,0.25063899197505746,0.16486387021335833,1.0,-0.4779265820980072,0.007531842216849327,0.0584699921309948,-0.26809579575851733,0.13462779912264533,1.0
0.829,TAKEOFF,0.44438719749450684,0.017590075731277466,0.029338648542761803,0.0204647098941672,-0.29930117882986623,1.0,-0.005825090687721968,0.004313878249377012,0.0632023811340332,0.24897006930220958,0.16737354806436092,1.0,-0.4779265820980072,0.007531842216849327,0.0584699921309948,-0.2694347791963768,0.13192763076550593,1.0
0.849,TAKEOFF,0.44438719749450684,0.017590075731277466,0.029338648542761803,0.023449942893375954,-0.29908209605106323,1.0,-0.005825090687721968,0.004313878249377012,0.0632023811340332,0.2472877215506301,0.1698492942884898,1.0,-0.4779265820980072,0.007531842216849327,0.0584699921309948,-0.2707376644440061,0.12923280176257404,1.0
0.869,TAKEOFF,0.44438719749450684,0.017590075731277466,0.029338648542761803,0.02643544195020656,-0.2988330092357557,1.0,-0.005825090687721968,0.004313878249377012,0.0632023811340332,0.24557925651241075,0.17231026890702586,1.0,-0.4779265820980072,0.007531842216849327,0.0584699921309948,-0.27201469846261733,0.1265227403287305,1.0
0.889,TAKEOFF,0.44438719749450684,0.017590075731277466,0.029338648542761803,0.029431330800356256,-0.2985528374799342,1.0,-0.005825090687721968,0.004313878249377012,0.0632023811340332,0.24383867622937155,0.17476469888025928,1.0,-0.4665542542934418,0.014604389667510986,0.07161851972341537,-0.2732700070297278,0.12378813859967555,1.0
0.909,TAKEOFF,0.426670104265213,0.012087849900126457,0.04360509663820267,0.032400366992509325,-0.2982452283252,1.0,-0.0061386944726109505,0.0034195883199572563,0.07325773686170578,0.24208776079085859,0.17718215507005217,1.0,-0.4665542542934418,0.014604389667510986,0.07161851972341537,-0.27448812778336795,0.1210630732551485,1.0
0.929,TAKEOFF,0.426670104265213,0.012087849900126457,0.04360509663820267,0.03539780235831864,-0.29790433965990054,1.0,-0.0061386944726109505,0.0034195883199572563,0.07325773686170578,0.24029382486394243,0.1796075659103952,1.0,-0.4665542542934418,0.014604389667510986,0.07161851972341537,-0.2756916272222611,0.11829677374950599,1.0
0.949,TAKEOFF,0.426670104265213,0.012087849900126457,0.04360509663820267,0.03837463323260574,-0.297535523130034,1.0,-0.0061386944726109505,0.0034195883199572563,0.07325773686170578,0.2384860049425988,0.18200116880536435,1.0,-0.4665542542934418,0.014604389667510986,0.07161851972341537,-0.27686063817520457,0.11553435432467024,1.0
0.969,TAKEOFF,0.426670104265213,0.012087849900126457,0.04360509663820267,0.04134022458578423,-0.29713799122831286,1.0,-0.0061386944726109505,0.0034195883199572563,0.07325773686170578,0.2366589365403043,0.18437068030359982,1.0,-0.4665542542934418,0.014604389667510986,0.07161851972341537,-0.2779991611260886,0.11276731092471363,1.0
0.989,TAKEOFF,0.426670104265213,0.012087849900126457,0.04360509663820267,0.04429721153039573,-0.29671157215489824,1.0,-0.0061386944726109505,0.0034195883199572563,0.07325773686170578,0.23481115331776325,0.18671829657958502,1.0,-0.4581463634967804,0.01923219859600067,0.08444655686616898,-0.27910836484815904,0.10999327557531383,1.0
1.009,TAKEOFF,0.4087528884410858,0.004328371956944466,0.054440613836050034,0.04727074789815141,-0.2962523863079408,1.0,-0.003961475100368261,0.004042725078761578,0.08428365737199783,0.23292671852536204,0.18906386168965966,1.0,-0.4581463634967804,0.01923219859600067,0.08444655686616898,-0.2801974664235135,0.10718852461828182,1.0
1.029,TAKEOFF,0.4087528884410858,0.004328371956944466,0.054440613836050034,0.05023018614712752,-0.2957649884614893,1.0,-0.003961475100368261,0.004042725078761578,0.08428365737199783,0.23102490048409713,0.19138311147097853,1.0,-0.4581463634967804,0.01923219859600067,0.08444655686616898,-0.2812550866312247,0.10438187699051141,1.0
1.049,TAKEOFF,0.4087528884410858,0.004328371956944466,0.054440613836050034,0.053184251740919654,-0.2952480912161135,1.0,-0.003961475100368261,0.004042725078761578,0.08428365737199783,0.22910022154155943,0.19368295869696017,1.0,-0.4581463634967804,0.01923219859600067,0.08444655686616898,-0.28228447328247913,0.10156513251915396,1.0
1.069,TAKEOFF,0.4087528884410858,0.004328371956944466,0.054440613836050034,0.05612084720482769,-0.29470400490833576,1.0,-0.003961475100368261,0.004042725078761578,0.08428365737199783,0.2271607312452186,0.1959540818154538,1.0,-0.4581463634967804,0.01923219859600067,0.08444655686616898,-0.28328157845004637,0.09874992309288257,1.0
1.089,TAKEOFF,0.4087528884410858,0.004328371956944466,0.054440613836050034,0.05908217492088172,-0.29412462767782355,1.0,-0.003961475100368261,0.004042725078761578,0.08428365737199783,0.22517831198719374,0.19822897823123145,1.0,-0.4522987902164459,0.020756900310516357,0.09907181560993195,-0.28426048690807554,0.09589564944659273,1.0
1.109,TAKEOFF,0.39408227801322937,-0.002971170237287879,0.06856968998908997,0.062014851840116375,-0.293520285757643,1.0,-0.00040986755630001426,0.00476415129378438,0.09976132214069366,0.2231885980721282,0.20046657998429065,1.0,-0.4522987902164459,0.020756900310516357,0.09907181560993195,-0.28520344991224467,0.09305370577335297,1.0
1.129,TAKEOFF,0.39408227801322937,-0.002971170237287879,0.06856968998908997,0.06496226463300707,-0.2928820652989035,1.0,-0.00040986755630001426,0.00476415129378438,0.09976132214069366,0.22116217654519946,0.2027000041090035,1.0,-0.4522987902164459,0.020756900310516357,0.09907181560993195,-0.2861244411782066,0.09018206118990062,1.0
1.149,TAKEOFF,0.39408227801322937,-0.002971170237287879,0.06856968998908997,0.06786430653822464,-0.29222326378658814,1.0,-0.00040986755630001426,0.00476415129378438,0.09976132214069366,0.219140616746874,0.20488384536561122,1.0,-0.4522987902164459,0.020756900310516357,0.09907181560993195,-0.28700492328509875,0.08733941842097755,1.0
1.169,TAKEOFF,0.39408227801322937,-0.002971170237287879,0.06856968998908997,0.07078027950183181,-0.29153070513008156,1.0,-0.00040986755630001426,0.00476415129378438,0.09976132214069366,0.21708285687492487,0.20706287270059034,1.0,-0.4522987902164459,0.020756900310516357,0.09907181560993195,-0.2878631363767568,0.08446783242949184,1.0
1.189,TAKEOFF,0.39408227801322937,-0.002971170237287879,0.06856968998908997,0.07370659094459626,-0.2908046396660926,1.0,-0.00040986755630001426,0.00476415129378438,0.09976132214069366,0.21499091001691764,0.20923410001741496,1.0,-0.44630396366119385,0.02404242753982544,0.11264929920434952,-0.28869750096151403,0.08157053964867826,1.0
1.209,TAKEOFF,0.3802300691604614,-0.01232664193958044,0.08006444573402405,0.07661525750464028,-0.2900518959039876,1.0,0.004962531384080648,0.0069025126285851,0.11808880418539047,0.21288468151637246,0.21137670726849886,1.0,-0.44630396366119385,0.02404242753982544,0.11264929920434952,-0.28949993902101284,0.07867518863548933,1.0
1.229,TAKEOFF,0.3802300691604614,-0.01232664193958044,0.08006444573402405,0.07950837727668975,-0.2892722211738064,1.0,0.004962531384080648,0.0069025126285851,0.11808880418539047,0.210762903507322,0.21349238512219415,1.0,-0.44630396366119385,0.02404242753982544,0.11264929920434952,-0.2902712807840119,0.07577983605161286,1.0
1.249,TAKEOFF,0.3802300691604614,-0.01232664193958044,0.08006444573402405,0.08239473479181256,-0.288463355867928,1.0,0.004962531384080648,0.0069025126285851,0.11808880418539047,0.20861922684663003,0.21558761140175545,1.0,-0.44630396366119385,0.02404242753982544,0.11264929920434952,-0.29101396163844273,0.07287574446617318,1.0
1.269,TAKEOFF,0.3802300691604614,-0.01232664193958044,0.08006444573402405,0.08528130099669344,-0.28762319047724816,1.0,0.004962531384080648,0.0069025126285851,0.11808880418539047,0.20644833917248037,0.21766736836954798,1.0,-0.44630396366119385,0.02404242753982544,0.11264929920434952,-0.29172964016917396,0.06995582210770078,1.0
1.289,TAKEOFF,0.3802300691604614,-0.01232664193958044,0.08006444573402405,0.08815438045488232,-0.28675565418421284,1.0,0.004962531384080648,0.0069025126285851,0.11808880418539047,0.20426049097491236,0.21972176002091312,1.0,-0.44055745005607605,0.026062175631523132,0.13083656132221222,-0.29241487142979483,0.06703389416330033,1.0
1.309,TAKEOFF,0.3679477572441101,-0.021531516686081886,0.09609873592853546,0.09099464682028166,-0.28586705695139514,1.0,0.011218099854886532,0.009016330353915691,0.13732421398162842,0.20207081001486002,0.22173720423045462,1.0,-0.44055745005607605,0.026062175631523132,0.13083656132221222,-0.29306545683514185,0.06412985272094114,1.0
1.329,TAKEOFF,0.3679477572441101,-0.021531516686081886,0.09609873592853546,0.09386729753863342,-0.2849367130658906,1.0,0.011218099854886532,0.009016330353915691,0.13732421398162842,0.19982878321658168,0.22375982078599457,1.0,-0.44055745005607605,0.026062175631523132,0.13083656132221222,-0.29369608075521525,0.06117689227989664,1.0
1.349,TAKEOFF,0.3679477572441101,-0.021531516686081886,0.09609873592853546,0.09671402006089978,-0.28398309513712233,1.0,0.011218099854886532,0.009016330353915691,0.13732421398162842,0.19757956460363088,0.2257483458434184,1.0,-0.44055745005607605,0.026062175631523132,0.13083656132221222,-0.2942935846645308,0.05823474929370452,1.0
1.369,TAKEOFF,0.3679477572441101,-0.021531516686081886,0.09609873592853546,0.09954198184892138,-0.28300422938463127,1.0,0.011218099854886532,0.009016330353915691,0.13732421398162842,0.19531786110106827,0.22770799971653127,1.0,-0.44055745005607605,0.026062175631523132,0.13083656132221222,-0.29485984294998985,0.05529622966810064,1.0
1.389,TAKEOFF,0.3679477572441101,-0.021531516686081886,0.09609873592853546,0.10237462811064256,-0.2819919068328161,1.0,0.011218099854886532,0.009016330353915691,0.13732421398162842,0.19302484092351183,0.22965498206320922,1.0,-0.43321722745895386,0.02867315523326397,0.15153354406356812,-0.2953994690341546,0.05233692476960749,1.0
1.409,TAKEOFF,0.3585231304168701,-0.03000924177467823,0.11640450358390808,0.10517913008756717,-0.28095791605509646,1.0,0.017679687589406967,0.011625883169472218,0.15680544078350067,0.19072712765426547,0.2315667566313298,1.0,-0.43321722745895386,0.02867315523326397,0.15153354406356812,-0.2959062577418328,0.04939115942376727,1.0
1.429,TAKEOFF,0.3585231304168701,-0.03000924177467823,0.11640450358390808,0.1079969472031863,-0.2798868689216988,1.0,0.017679687589406967,0.011625883169472218,0.15680544078350067,0.18839066507028301,0.2334715342699757,1.0,-0.43321722745895386,0.02867315523326397,0.15153354406356812,-0.29638761227346955,0.046415334651723664,1.0
1.449,TAKEOFF,0.3585231304168701,-0.03000924177467823,0.11640450358390808,0.11079285938224147,-0.27879193372460914,1.0,0.017679687589406967,0.011625883169472218,0.15680544078350067,0.1860444672845781,0.23534539764524298,1.0,-0.43321722745895386,0.02867315523326397,0.15153354406356812,-0.2968373266668198,0.04344653607936677,1.0
1.469,TAKEOFF,0.3585231304168701,-0.03000924177467823,0.11640450358390808,0.11356863600887668,-0.27767276588654366,1.0,0.017679687589406967,0.011625883169472218,0.15680544078350067,0.18368735119239726,0.23718970680010737,1.0,-0.43321722745895386,0.02867315523326397,0.15153354406356812,-0.29725598720127416,0.04048305908643686,1.0
1.489,TAKEOFF,0.3585231304168701,-0.03000924177467823,0.11640450358390808,0.11634589952359006,-0.2765205809050145,1.0,0.017679687589406967,0.011625883169472218,0.15680544078350067,0.18130089797117743,0.23901879506608825,1.0,-0.43097272515296936,0.027630075812339783,0.17322523891925812,-0.2976467974947677,0.03750178583892685,1.0
1.509,TAKEOFF,0.3496719300746918,-0.03753424808382988,0.13658316433429718,0.1190772403285903,-0.2753554263778492,1.0,0.02384687401354313,0.016237586736679077,0.17473791539669037,0.1789261741488177,0.24080162832602886,1.0,-0.43097272515296936,0.027630075812339783,0.17322523891925812,-0.29800341447740825,0.034553798051820954,1.0
1.529,TAKEOFF,0.3496719300746918,-0.03753424808382988,0.13658316433429718,0.12185302830023632,-0.27413835830481986,1.0,0.02384687401354313,0.016237586736679077,0.17473791539669037,0.17648426829361633,0.2425969971884789,1.0,-0.43097272515296936,0.027630075812339783,0.17322523891925812,-0.2983372965938529,0.031541361116341544,1.0
1.549,TAKEOFF,0.3496719300746918,-0.03753424808382988,0.13658316433429718,0.12458914937944182,-0.2729057417074751,1.0,0.02384687401354313,0.016237586736679077,0.17473791539669037,0.17404873046758668,0.2443502392522286,1.0,-0.43097272515296936,0.027630075812339783,0.17322523891925812,-0.2986378798470287,0.02855550245524712,1.0
1.569,TAKEOFF,0.3496719300746918,-0.03753424808382988,0.13658316433429718,0.12730580894350815,-0.27164909535877163,1.0,0.02384687401354313,0.016237586736679077,0.17473791539669037,0.17160211302400333,0.24607461227379224,1.0,-0.43097272515296936,0.027630075812339783,0.17322523891925812,-0.2989079219675117,0.025574483084979973,1.0
1.589,TAKEOFF,0.3496719300746918,-0.03753424808382988,0.13658316433429718,0.1300154033607016,-0.2703627098713024,1.0,0.02384687401354313,0.016237586736679077,0.17473791539669037,0.16913327330419864,0.24777799712929968,1.0,-0.43094122409820557,0.02631479874253273,0.1921255886554718,-0.2991486766649005,0.02258471274200333,1.0
1.609,TAKEOFF,0.3407697081565857,-0.04630311205983162,0.15421728789806366,0.13270988418621626,-0.2690503422024976,1.0,0.02931911312043667,0.020991424098610878,0.1950741857290268,0.16664948915115096,0.249455302139803,1.0,-0.43094122409820557,0.02631479874253273,0.1921255886554718,-0.29935937333736745,0.01959504006269518,1.0
1.629,TAKEOFF,0.3407697081565857,-0.04630311205983162,0.15421728789806366,0.13539769394681345,-0.26770779681190654,1.0,0.02931911312043667,0.020991424098610878,0.1950741857290268,0.1641429058568668,0.2511117409777244,1.0,-0.43094122409820557,0.02631479874253273,0.1921255886554718,-0.2995405998036805,0.016596055834182697,1.0
1.649,TAKEOFF,0.3407697081565857,-0.04630311205983162,0.15421728789806366,0.13807259044547293,-0.26633805542519956,1.0,0.02931911312043667,0.020991424098610878,0.1950741857290268,0.16161922677003396,0.2527433986047041,1.0,-0.43094122409820557,0.02631479874253273,0.1921255886554718,-0.29969181721550714,0.013594656820496093,1.0
1.669,TAKEOFF,0.3407697081565857,-0.04630311205983162,0.15421728789806366,0.1407315787920398,-0.2649426781979451,1.0,0.02931911312043667,0.020991424098610878,0.1950741857290268,0.15908130047008578,0.2543484614475705,1.0,-0.43094122409820557,0.02631479874253273,0.1921255886554718,-0.29981287926212585,0.010594216750375128,1.0
1.689,TAKEOFF,0.3407697081565857,-0.04630311205983162,0.15421728789806366,0.14336459225054973,-0.2635272162203244,1.0,0.02931911312043667,0.020991424098610878,0.1950741857290268,0.15653896771012035,0.2559209870023361,1.0,-0.4304019510746002,0.025018921121954918,0.21118156611919403,-0.29990355996067036,0.007606229217988881,1.0
1.709,TAKEOFF,0.3330984115600586,-0.053504280745983124,0.16967418789863586,0.1459831832738237,-0.2620856924771766,1.0,0.03314361721277237,0.025634417310357094,0.21541884541511536,0.15398127601675898,0.25746799147903937,1.0,-0.4304019510746002,0.025018921121954918,0.21118156611919403,-0.29996445929058296,0.004617700998137834,1.0
1.729,TAKEOFF,0.3330984115600586,-0.053504280745983124,0.16967418789863586,0.14860399573000524,-0.2606086192992791,1.0,0.03314361721277237,0.025634417310357094,0.21541884541511536,0.1513916868933603,0.2589991450556985,1.0,-0.4304019510746002,0.025018921121954918,0.21118156611919403,-0.29999568262336584,0.0016094742435811581,1.0
1.749,TAKEOFF,0.3330984115600586,-0.053504280745983124,0.16967418789863586,0.1512056329194984,-0.25910780878509604,1.0,0.03314361721277237,0.025634417310357094,0.21541884541511536,0.14879112826706445,0.2605018236961384,1.0,-0.4304019510746002,0.025018921121954918,0.21118156611919403,-0.2999967611865631,-0.0013940149110417792,1.0
1.769,TAKEOFF,0.3330984115600586,-0.053504280745983124,0.16967418789863586,0.1537839771709835,-0.25758588541586364,1.0,0.03314361721277237,0.025634417310357094,0.21541884541511536,0.14618393184095338,0.26197377363300983,1.0,-0.4304019510746002,0.025018921121954918,0.21118156611919403,-0.2999679090119372,-0.004387888217145671,1.0
1.789,TAKEOFF,0.3330984115600586,-0.053504280745983124,0.16967418789863586,0.1563627840024919,-0.2560286698379501,1.0,0.03314361721277237,0.025634417310357094,0.21541884541511536,0.14354594017555722,0.2634284780715922,1.0,-0.4300632178783417,0.021559536457061768,0.23112165927886963,-0.2999087241780494,-0.007399808233641564,1.0
1.809,TAKEOFF,0.32047799229621887,-0.0584847629070282,0.19317211210727692,0.15890531882678066,-0.25445844385392125,1.0,0.03437499701976776,0.030405225232243538,0.23000581562519073,0.14091481717156143,0.26484526482741844,1.0,-0.4300632178783417,0.021559536457061768,0.23112165927886963,-0.2998201359983424,-0.010386820973496644,1.0
1.829,TAKEOFF,0.32047799229621887,-0.0584847629070282,0.19317211210727692,0.1614455002295682,-0.25285440564804185,1.0,0.03437499701976776,0.030405225232243538,0.23000581562519073,0.13825558863523527,0.26624310734951356,1.0,-0.4300632178783417,0.021559536457061768,0.23112165927886963,-0.2997010888648038,-0.01338870170147117,1.0
1.849,TAKEOFF,0.32047799229621887,-0.0584847629070282,0.19317211210727692,0.16395969817430264,-0.25123140204717953,1.0,0.03437499701976776,0.030405225232243538,0.23000581562519073,0.1355929273140877,0.267608964839365,1.0,-0.4300632178783417,0.021559536457061768,0.23112165927886963,-0.2995526254883907,-0.016377562792184962,1.0
1.869,TAKEOFF,0.32047799229621887,-0.0584847629070282,0.19317211210727692,0.16646891711594036,-0.24957583944413805,1.0,0.03437499701976776,0.030405225232243538,0.23000581562519073,0.1329045585714794,0.2689542308849597,1.0,-0.4300632178783417,0.021559536457061768,0.23112165927886963,-0.2993734756874201,-0.019378391440821086,1.0
1.889,TAKEOFF,0.32047799229621887,-0.0584847629070282,0.19317211210727692,0.16895902693199294,-0.24789684793920652,1.0,0.03437499701976776,0.030405225232243538,0.23000581562519073,0.13020545436744413,0.27027123349140847,1.0,-0.430125892162323,0.018167775124311447,0.2497488558292389,-0.2991644812994374,-0.02237438555220138,1.0
1.909,TAKEOFF,0.31304576992988586,-0.06629125773906708,0.21702076494693756,0.17142935712298388,-0.2461949949052589,1.0,0.03551388904452324,0.03838203847408295,0.2469756305217743,0.12749644131104243,0.27155967567556843,1.0,-0.430125892162323,0.018167775124311447,0.2497488558292389,-0.2989257984340266,-0.02536468077030898,1.0
1.929,TAKEOFF,0.31304576992988586,-0.06629125773906708,0.21702076494693756,0.17386541013364237,-0.24448071326601678,1.0,0.03551388904452324,0.03838203847408295,0.2469756305217743,0.12479380335688828,0.2728122186481432,1.0,-0.430125892162323,0.018167775124311447,0.2497488558292389,-0.298659213490531,-0.02833150538212586,1.0
1.949,TAKEOFF,0.31304576992988586,-0.06629125773906708,0.21702076494693756,0.17631140578904284,-0.2427226569331579,1.0,0.03551388904452324,0.03838203847408295,0.2469756305217743,0.12204828408364814,0.27405148485683695,1.0,-0.430125892162323,0.018167775124311447,0.2497488558292389,-0.2983596898726913,-0.031328827923678484,1.0
1.969,TAKEOFF,0.31304576992988586,-0.06629125773906708,0.21702076494693756,0.17873655270819122,-0.24094240956293264,1.0,0.03551388904452324,0.03838203847408295,0.2469756305217743,0.11929397117643842,0.27526160001161637,1.0,-0.430125892162323,0.018167775124311447,0.2497488558292389,-0.29803052388462997,-0.03431919044868319,1.0
1.989,TAKEOFF,0.31304576992988586,-0.06629125773906708,0.21702076494693756,0.1811344888929716,-0.23914492872206583,1.0,0.03551388904452324,0.03838203847408295,0.2469756305217743,0.11653833901304175,0.27643953324385667,1.0,-0.43057483434677124,0.01354129146784544,0.2696669399738312,-0.2976728279060137,-0.037294604521790314,1.0
2.009,TAKEOFF,0.31051701307296753,-0.07316670566797256,0.23775295913219452,0.18351480245576077,-0.23732323375435263,1.0,0.03555974364280701,0.04923635348677635,0.27141961455345154,0.11377054811166126,0.2775900977743481,1.0,-0.43057483434677124,0.01354129146784544,0.2696669399738312,-0.2972853505674224,-0.04026686401999499,1.0
2.029,TAKEOFF,0.31051701307296753,-0.07316670566797256,0.23775295913219452,0.18588103492763197,-0.23547450149481677,1.0,0.03555974364280701,0.04923635348677635,0.27141961455345154,0.11098638277417179,0.2787149490764803,1.0,-0.43057483434677124,0.01354129146784544,0.2696669399738312,-0.29686741770180414,-0.04324044758166303,1.0
2.049,TAKEOFF,0.31051701307296753,-0.07316670566797256,0.23775295913219452,0.1882248293202748,-0.23360525171184277,1.0,0.03555974364280701,0.04923635348677635,0.27141961455345154,0.10819566777977636,0.27981010967026954,1.0,-0.43057483434677124,0.01354129146784544,0.2696669399738312,-0.2964204971000515,-0.046204857958426236,1.0
2.069,TAKEOFF,0.31051701307296753,-0.07316670566797256,0.23775295913219452,0.190555075630273,-0.2317083579665199,1.0,0.03555974364280701,0.04923635348677635,0.27141961455345154,0.10538778645304783,0.2808797152991415,1.0,-0.43057483434677124,0.01354129146784544,0.2696669399738312,-0.2959428620833212,-0.049171357332621075,1.0
2.089,TAKEOFF,0.31051701307296753,-0.07316670566797256,0.23775295913219452,0.19285708462714918,-0.22979587661469605,1.0,0.03555974364280701,0.04923635348677635,0.27141961455345154,0.10258052451966633,0.28191707289426465,1.0,-0.4311332106590271,0.0080394446849823,0.2917877733707428,-0.2954376091468159,-0.05212119627956808,1.0
2.109,TAKEOFF,0.30566129088401794,-0.07825764268636703,0.25435870885849,0.19514747881651415,-0.22785403553932979,1.0,0.03772236406803131,0.059285108000040054,0.29631292819976807,0.09975364372360451,0.2829296919092519,1.0,-0.4311332106590271,0.0080394446849823,0.2917877733707428,-0.294901122540119,-0.055075656369921566,1.0
2.129,TAKEOFF,0.30566129088401794,-0.07825764268636703,0.25435870885849,0.1974198031925754,-0.22588807252133697,1.0,0.03772236406803131,0.059285108000040054,0.29631292819976807,0.0969149076190914,0.2839146010355631,1.0,-0.4311332106590271,0.0080394446849823,0.2917877733707428,-0.2943347108116672,-0.05802652851422564,1.0
2.149,TAKEOFF,0.30566129088401794,-0.07825764268636703,0.25435870885849,0.19966906683057814,-0.2239023531609396,1.0,0.03772236406803131,0.059285108000040054,0.29631292819976807,0.09407059238919929,0.2848696608056834,1.0,-0.4311332106590271,0.0080394446849823,0.2917877733707428,-0.29373965921977785,-0.06096730764474333,1.0
2.169,TAKEOFF,0.30566129088401794,-0.07825764268636703,0.25435870885849,0.201898305625876,-0.22189428605847508,1.0,0.03772236406803131,0.059285108000040054,0.29631292819976807,0.09121693586831228,0.2857962046822809,1.0,-0.4311332106590271,0.0080394446849823,0.2917877733707428,-0.2931152414941887,-0.06390191862380534,1.0
2.189,TAKEOFF,0.30566129088401794,-0.07825764268636703,0.25435870885849,0.20410087654741374,-0.21987003477640457,1.0,0.03772236406803131,0.059285108000040054,0.29631292819976807,0.08836259737362716,0.2866915614129342,1.0,-0.42787423729896545,0.005290365312248468,0.3113156855106354,-0.29246347392104133,-0.06682152663652917,1.0
2.209,TAKEOFF,0.30304864048957825,-0.08129759877920151,0.27174368500709534,0.20629291648571488,-0.21781467491383094,1.0,0.038076501339673996,0.0692509338259697,0.32085981965065,0.08548658354956891,0.2875622437543263,1.0,-0.42787423729896545,0.005290365312248468,0.3113156855106354,-0.29177950003528424,-0.06974756884049485,1.0
2.229,TAKEOFF,0.30304864048957825,-0.08129759877920151,0.27174368500709534,0.20845662106518262,-0.21574484265930172,1.0,0.038076501339673996,0.0692509338259697,0.32085981965065,0.08261220394584032,0.28840115075916545,1.0,-0.42787423729896545,0.005290365312248468,0.3113156855106354,-0.2910688250110234,-0.07265630809986325,1.0
2.249,TAKEOFF,0.30304864048957825,-0.08129759877920151,0.27174368500709534,0.210609568418747,-0.2136436511822177,1.0,0.038076501339673996,0.0692509338259697,0.32085981965065,0.07971604507168804,0.2892150621218207,1.0,-0.42787423729896545,0.005290365312248468,0.3113156855106354,-0.29032561349043545,-0.07557141093960247,1.0
2.269,TAKEOFF,0.30304864048957825,-0.08129759877920151,0.27174368500709534,0.2127385888884992,-0.2115237405061903,1.0,0.038076501339673996,0.0692509338259697,0.32085981965065,0.07681563833761836,0.2899988925957894,1.0,-0.42787423729896545,0.005290365312248468,0.3113156855106354,-0.28955422722611796,-0.07847515208959867,1.0
2.289,TAKEOFF,0.30304864048957825,-0.08129759877920151,0.27174368500709534,0.21483511468737396,-0.20939406270776373,1.0,0.038076501339673996,0.0692509338259697,0.32085981965065,0.07392302036286784,0.2907496982980911,1.0,-0.4270320534706116,-0.0005618360009975731,0.33193719387054443,-0.2887581350502422,-0.08135563559032695,1.0
2.309,TAKEOFF,0.3021520972251892,-0.0838862881064415,0.2946937680244446,0.2169175603450059,-0.20723602971966706,1.0,0.03998807072639465,0.07938513904809952,0.3453556001186371,0.07101288614415532,0.29147413264555266,1.0,-0.4270320534706116,-0.0005618360009975731,0.33193719387054443,-0.2879304464891616,-0.08423810292588514,1.0
2.329,TAKEOFF,0.3021520972251892,-0.0838862881064415,0.2946937680244446,0.21898576051907845,-0.20504935183969938,1.0,0.03998807072639465,0.07938513904809952,0.3453556001186371,0.06808506746317355,0.292171907596427,1.0,-0.4270320534706116,-0.0005618360009975731,0.33193719387054443,-0.2870708279822524,-0.0871225557567272,1.0
2.349,TAKEOFF,0.3021520972251892,-0.0838862881064415,0.2946937680244446,0.22101441091299015,-0.20286111053818062,1.0,0.03998807072639465,0.07938513904809952,0.3453556001186371,0.06517566970949212,0.29283464972219253,1.0,-0.4270320534706116,-0.0005618360009975731,0.33193719387054443,-0.2861900806224827,-0.08997353918401144,1.0
2.369,TAKEOFF,0.3021520972251892,-0.0838862881064415,0.2946937680244446,0.22304131137874678,-0.20063043990992227,1.0,0.03998807072639465,0.07938513904809952,0.3453556001186371,0.062230402045066274,0.2934746617023511,1.0,-0.4270320534706116,-0.0005618360009975731,0.33193719387054443,-0.28527171342381347,-0.09284422179242835,1.0
2.389,TAKEOFF,0.3021520972251892,-0.0838862881064415,0.2946937680244446,0.22503976308403428,-0.1983862521221713,1.0,0.03998807072639465,0.07938513904809952,0.3453556001186371,0.05928765255736741,0.2940832777534909,1.0,-0.4245188236236572,-0.006106228101998568,0.35116779804229736,-0.2843274156414021,-0.09569702563131913,1.0
2.409,TAKEOFF,0.30167943239212036,-0.08662138134241104,0.3187808096408844,0.22699889472103368,-0.1961415351103102,1.0,0.04294677823781967,0.08755332231521606,0.3641853630542755,0.05636410478228889,0.29465757701455964,1.0,-0.4245188236236572,-0.006106228101998568,0.35116779804229736,-0.28336299950332305,-0.09851604190424898,1.0
2.429,TAKEOFF,0.30167943239212036,-0.08662138134241104,0.3187808096408844,0.2289513753380489,-0.19385888612806956,1.0,0.04294677823781967,0.08755332231521606,0.3641853630542755,0.053411032467238176,0.2952071503381712,1.0,-0.4245188236236572,-0.006106228101998568,0.35116779804229736,-0.28236240780528754,-0.10134826421010121,1.0
2.449,TAKEOFF,0.30167943239212036,-0.08662138134241104,0.3187808096408844,0.23088088031966547,-0.19155682995606368,1.0,0.04294677823781967,0.08755332231521606,0.3641853630542755,0.05045264085053403,0.29572712258297684,1.0,-0.4245188236236572,-0.006106228101998568,0.35116779804229736,-0.2813335211702,-0.10417029262691273,1.0
2.469,TAKEOFF,0.30167943239212036,-0.08662138134241104,0.3187808096408844,0.2327872396159275,-0.18923557031382007,1.0,0.04294677823781967,0.08755332231521606,0.3641853630542755,0.04748919138344049,0.2962174483411586,1.0,-0.4245188236236572,-0.006106228101998568,0.35116779804229736,-0.28027643099936844,-0.10698187802733808,1.0
2.489,TAKEOFF,0.30167943239212036,-0.08662138134241104,0.3187808096408844,0.23467072998746946,-0.18689475243341694,1.0,0.04294677823781967,0.08755332231521606,0.3641853630542755,0.04452023844760753,0.2966781899104957,1.0,-0.4198562204837799,-0.011718684807419777,0.3736717700958252,-0.27919096843507746,-0.10978343747707836,1.0
2.509,TAKEOFF,0.3025454580783844,-0.09006421267986298,0.3438239097595215,0.23652824114482165,-0.18453831889593306,1.0,0.044423021376132965,0.09376745671033859,0.38319891691207886,0.04155075156314078,0.2971086249918338,1.0,-0.4198562204837799,-0.011718684807419777,0.3736717700958252,-0.27807899270796294,-0.11257030609590035,1.0
2.529,TAKEOFF,0.3025454580783844,-0.09006421267986298,0.3438239097595215,0.23836530512839307,-0.18215921967072668,1.0,0.044423021376132965,0.09376745671033859,0.38319891691207886,0.038571859204202474,0.2975100194573809,1.0,-0.4198562204837799,-0.011718684807419777,0.3736717700958252,-0.276937164332596,-0.11535079978665382,1.0
2.549,TAKEOFF,0.3025454580783844,-0.09006421267986298,0.3438239097595215,0.2401666534826157,-0.17977758079071254,1.0,0.044423021376132965,0.09376745671033859,0.38319891691207886,0.035608625254358185,0.29787921345319596,1.0,-0.4198562204837799,-0.011718684807419777,0.3736717700958252,-0.2757752787369744,-0.118101632662483,1.0
2.569,TAKEOFF,0.3025454580783844,-0.09006421267986298,0.3438239097595215,0.24195746381426184,-0.17736004540078965,1.0,0.044423021376132965,0.09376745671033859,0.38319891691207886,0.032619573026313985,0.29822133299879966,1.0,-0.4198562204837799,-0.011718684807419777,0.3736717700958252,-0.2745770368405763,-0.1208612875980096,1.0
2.589,TAKEOFF,0.3025454580783844,-0.09006421267986298,0.3438239097595215,0.2437133881202978,-0.17493937364391435,1.0,0.044423021376132965,0.09376745671033859,0.38319891691207886,0.029645247637618475,0.2985316721765117,1.0,-0.4156664311885834,-0.018277835100889206,0.3983515501022339,-0.2733586357579168,-0.12359229853259698,1.0
2.609,TAKEOFF,0.3046315610408783,-0.0921497717499733,0.3644087314605713,0.2454514085606093,-0.17249233616486517,1.0,0.043569304049015045,0.1004767045378685,0.4031553864479065,0.02665704079659353,0.2988133232905935,1.0,-0.4156664311885834,-0.018277835100889206,0.3983515501022339,-0.2721084493572033,-0.12632098712572792,1.0
2.629,TAKEOFF,0.3046315610408783,-0.0921497717499733,0.3644087314605713,0.24716806255838367,-0.1700233773665696,1.0,0.043569304049015045,0.1004767045378685,0.4031553864479065,0.023660532757485263,0.29906550986302644,1.0,-0.4156664311885834,-0.018277835100889206,0.3983515501022339,-0.27082859531586945,-0.12904213249645644,1.0
2.649,TAKEOFF,0.3046315610408783,-0.0921497717499733,0.3644087314605713,0.2488577455714042,-0.1675405099345178,1.0,0.043569304049015045,0.1004767045378685,0.4031553864479065,0.020665464980589108,0.2992873845606193,1.0,-0.4156664311885834,-0.018277835100889206,0.3983515501022339,-0.2695232105519938,-0.13174687462610113,1.0
2.669,TAKEOFF,0.3046315610408783,-0.0921497717499733,0.3644087314605713,0.25051617278333443,-0.16505043827263988,1.0,0.043569304049015045,0.1004767045378685,0.4031553864479065,0.01767978605819395,0.2994785888255394,1.0,-0.4156664311885834,-0.018277835100889206,0.3983515501022339,-0.2681959588415289,-0.13442815055289914,1.0
2.689,TAKEOFF,0.3046315610408783,-0.0921497717499733,0.3644087314605713,0.2521604193909543,-0.1625272989149147,1.0,0.043569304049015045,0.1004767045378685,0.4031553864479065,0.014672559973305667,0.29964097847896193,1.0,-0.4116585850715637,-0.025798913091421127,0.41778892278671265,-0.2668329793642605,-0.13711367956404688,1.0
2.709,TAKEOFF,0.307166188955307,-0.09335058182477951,0.384700745344162,0.25377267438584006,-0.15999821791213295,1.0,0.041866376996040344,0.10696087032556534,0.4257300794124603,0.011676184079225157,0.2997726917605205,1.0,-0.4116585850715637,-0.025798913091421127,0.41778892278671265,-0.2654488584650658,-0.1397744738483872,1.0
2.729,TAKEOFF,0.307166188955307,-0.09335058182477951,0.384700745344162,0.2553557728830359,-0.15745929396293948,1.0,0.041866376996040344,0.10696087032556534,0.4257300794124603,0.00868586219234902,0.2998742333011883,1.0,-0.4116585850715637,-0.025798913091421127,0.41778892278671265,-0.2640416350753854,-0.14241493933824845,1.0
2.749,TAKEOFF,0.307166188955307,-0.09335058182477951,0.384700745344162,0.2569153730271789,-0.15490155293703656,1.0,0.041866376996040344,0.10696087032556534,0.4257300794124603,0.005690993415543904,0.2999460161328105,1.0,-0.4116585850715637,-0.025798913091421127,0.41778892278671265,-0.2626063664427233,-0.14504446319577363,1.0
2.769,TAKEOFF,0.307166188955307,-0.09335058182477951,0.384700745344162,0.2584438342432601,-0.15233773183831467,1.0,0.041866376996040344,0.10696087032556534,0.4257300794124603,0.0027064286052515896,0.29998779182527524,1.0,-0.4116585850715637,-0.025798913091421127,0.41778892278671265,-0.2611502628485123,-0.1476500599869602,1.0
2.789,TAKEOFF,0.307166188955307,-0.09335058182477951,0.384700745344162,0.2599619561328941,-0.14973236578495389,1.0,0.041866376996040344,0.10696087032556534,0.4257300794124603,-0.0003089455279334214,0.2999998409210591,1.0,-0.408795028924942,-0.034793656319379807,0.43817153573036194,-0.2596530106049612,-0.15026747513610483,1.0
2.809,TAKEOFF,0.3099818229675293,-0.09391646087169647,0.4070056676864624,0.2614462729815896,-0.14712527432102243,1.0,0.03543815389275551,0.11353380233049393,0.44645240902900696,-0.003308911390035408,0.29998175128732896,1.0,-0.408795028924942,-0.034793656319379807,0.43817153573036194,-0.25813736159155476,-0.1528564769663062,1.0
2.829,TAKEOFF,0.3099818229675293,-0.09391646087169647,0.4070056676864624,0.2629033940449273,-0.1445053819055113,1.0,0.03543815389275551,0.11353380233049393,0.44645240902900696,-0.006306365308719073,0.2999337089368132,1.0,-0.408795028924942,-0.034793656319379807,0.43817153573036194,-0.2565970287362088,-0.15542832703130158,1.0
2.849,TAKEOFF,0.3099818229675293,-0.09391646087169647,0.4070056676864624,0.26433559869639944,-0.14186857038053236,1.0,0.03543815389275551,0.11353380233049393,0.44645240902900696,-0.009306013400078451,0.2998556287859168,1.0,-0.408795028924942,-0.034793656319379807,0.43817153573036194,-0.2550295852963215,-0.15798705840538413,1.0
2.869,TAKEOFF,0.3099818229675293,-0.09391646087169647,0.4070056676864624,0.26574325000582505,-0.13921395431615885,1.0,0.03543815389275551,0.11353380233049393,0.44645240902900696,-0.012308804003832982,0.2997473825473631,1.0,-0.408795028924942,-0.034793656319379807,0.43817153573036194,-0.2534344460019926,-0.1605334282312039,1.0
2.889,TAKEOFF,0.3099818229675293,-0.09391646087169647,0.4070056676864624,0.2671180409365526,-0.13655750512592923,1.0,0.03543815389275551,0.11353380233049393,0.44645240902900696,-0.015296751951798238,0.2996097618231508,1.0,-0.40337440371513367,-0.041626013815402985,0.45623862743377686,-0.2518212889847549,-0.16305225669722126,1.0
2.909,TAKEOFF,0.31108206510543823,-0.09208356589078903,0.4262326657772064,0.2684700925234963,-0.13387983201522677,1.0,0.027813555672764778,0.12304884940385818,0.46460527181625366,-0.01829171068216889,0.29944183628931986,1.0,-0.40337440371513367,-0.041626013815402985,0.45623862743377686,-0.25017838184132796,-0.16556200427409273,1.0
2.929,TAKEOFF,0.31108206510543823,-0.09208356589078903,0.4262326657772064,0.26979829010033823,-0.13118263093463906,1.0,0.027813555672764778,0.12304884940385818,0.46460527181625366,-0.021291654125493668,0.29924348859181604,1.0,-0.40337440371513367,-0.041626013815402985,0.45623862743377686,-0.24850663597484512,-0.16806085765717668,1.0
2.949,TAKEOFF,0.31108206510543823,-0.09208356589078903,0.4262326657772064,0.27109626657041513,-0.128478847486979,1.0,0.027813555672764778,0.12304884940385818,0.46460527181625366,-0.024282187512537596,0.29901567746458707,1.0,-0.40337440371513367,-0.041626013815402985,0.45623862743377686,-0.24681407905787808,-0.17053682997760775,1.0
2.969,TAKEOFF,0.31108206510543823,-0.09208356589078903,0.4262326657772064,0.27237076087458806,-0.12575439801692015,1.0,0.027813555672764778,0.12304884940385818,0.46460527181625366,-0.027278877117022076,0.29875719717394994,1.0,-0.40337440371513367,-0.041626013815402985,0.45623862743377686,-0.24509188375756655,-0.17300279915702949,1.0
2.989,TAKEOFF,0.31108206510543823,-0.09208356589078903,0.4262326657772064,0.2736141216660026,-0.12302565758792726,1.0,0.027813555672764778,0.12304884940385818,0.46460527181625366,-0.03026371604457082,0.298469608990888,1.0,-0.39737313985824585,-0.04906914010643959,0.47679027915000916,-0.24335040562143234,-0.17544395140296046,1.0
3.009,TAKEOFF,0.31143978238105774,-0.08930137008428574,0.44691380858421326,0.2748271915304474,-0.12029137456811602,1.0,0.019908547401428223,0.13145847618579865,0.4837946593761444,-0.033238209533086184,0.29815301680015693,1.0,-0.39737313985824585,-0.04906914010643959,0.47679027915000916,-0.24158898199736173,-0.17786164223204062,1.0
3.029,TAKEOFF,0.31143978238105774,-0.08930137008428574,0.44691380858421326,0.27601984561873955,-0.11752891059057427,1.0,0.019908547401428223,0.13145847618579865,0.4837946593761444,-0.03622690055882282,0.29780465354977437,1.0,-0.39737313985824585,-0.04906914010643959,0.47679027915000916,-0.23979294505991727,-0.18027574295919985,1.0
3.049,TAKEOFF,0.31143978238105774,-0.08930137008428574,0.44691380858421326,0.2771781527945184,-0.11477051717849235,1.0,0.019908547401428223,0.13145847618579865,0.4837946593761444,-0.03919489291520684,0.2974285802833438,1.0,-0.39737313985824585,-0.04906914010643959,0.47679027915000916,-0.23798325987931213,-0.18265806310485114,1.0
3.069,TAKEOFF,0.31143978238105774,-0.08930137008428574,0.44691380858421326,0.2783158237898546,-0.11198349087331852,1.0,0.019908547401428223,0.13145847618579865,0.4837946593761444,-0.04217736399417094,0.29702031911386667,1.0,-0.39737313985824585,-0.04906914010643959,0.47679027915000916,-0.2361384597956842,-0.18503682824054793,1.0
3.089,TAKEOFF,0.31143978238105774,-0.08930137008428574,0.44691380858421326,0.2794213588397132,-0.10919571522806298,1.0,0.019908547401428223,0.13145847618579865,0.4837946593761444,-0.04514441604794311,0.2965838527291906,1.0,-0.39067456126213074,-0.05747130513191223,0.4971722364425659,-0.23427694279177066,-0.18738813750112734,1.0
3.109,TAKEOFF,0.3115750849246979,-0.08644875884056091,0.4665129482746124,0.2804965480658872,-0.10640341405763923,1.0,0.011210971511900425,0.13834978640079498,0.5057677626609802,-0.04810021440963409,0.2961188433277207,1.0,-0.39067456126213074,-0.05747130513191223,0.4971722364425659,-0.2323963336562537,-0.18971542927008123,1.0
3.129,TAKEOFF,0.3115750849246979,-0.08644875884056091,0.4665129482746124,0.2815487368807006,-0.10358720365412917,1.0,0.011210971511900425,0.13834978640079498,0.5057677626609802,-0.05106521856888252,0.2956219603691719,1.0,-0.39067456126213074,-0.05747130513191223,0.4971722364425659,-0.23048351831181862,-0.19203475671504247,1.0
3.149,TAKEOFF,0.3115750849246979,-0.08644875884056091,0.4665129482746124,0.2825714262964828,-0.10076402652123123,1.0,0.011210971511900425,0.13834978640079498,0.5057677626609802,-0.05402150639324657,0.2950960468169718,1.0,-0.39067456126213074,-0.05747130513191223,0.4971722364425659,-0.2285499199032368,-0.19433202029574034,1.0
3.169,TAKEOFF,0.3115750849246979,-0.08644875884056091,0.4665129482746124,0.2835643483218587,-0.0979349802716048,1.0,0.011210971511900425,0.13834978640079498,0.5057677626609802,-0.05696799332659206,0.2945414193901112,1.0,-0.39067456126213074,-0.05747130513191223,0.4971722364425659,-0.22659635499526717,-0.19660643911850612,1.0
3.189,TAKEOFF,0.3115750849246979,-0.08644875884056091,0.4665129482746124,0.28452289313538615,-0.09511426434489015,1.0,0.011210971511900425,0.13834978640079498,0.5057677626609802,-0.059890077382750054,0.2939611855859344,1.0,-0.3844561278820038,-0.06719047576189041,0.5183713436126709,-0.22463281575263666,-0.19884692124104406,1.0
3.209,TAKEOFF,0.31117334961891174,-0.08367117494344711,0.48717787861824036,0.28546676542237726,-0.09224275494197601,1.0,0.011210971511900425,0.13834978640079498,0.5057677626609802,-0.06284881361637515,0.2933428482629398,1.0,-0.3844561278820038,-0.06719047576189041,0.5183713436126709,-0.2226179518060027,-0.2011000933209636,1.0
3.229,TAKEOFF,0.31117334961891174,-0.08367117494344711,0.48717787861824036,0.28637177067855374,-0.08939356217552707,1.0,0.0025685159489512444,0.1463932991027832,0.5261489152908325,-0.06576878956048703,0.2927020094221226,1.0,-0.3844561278820038,-0.06719047576189041,0.5183713436126709,-0.2206029811180673,-0.20330844724659533,1.0
3.249,TAKEOFF,0.31117334961891174,-0.08367117494344711,0.48717787861824036,0.2872515165115556,-0.08652494589314395,1.0,0.0025685159489512444,0.1463932991027832,0.5261489152908325,-0.06869295705124143,0.2920295835211842,1.0,-0.3844561278820038,-0.06719047576189041,0.5183713436126709,-0.21855855946031477,-0.20550463762804003,1.0
3.269,TAKEOFF,0.31117334961891174,-0.08367117494344711,0.48717787861824036,0.28810291678688454,-0.08364633488019359,1.0,0.0025685159489512444,0.1463932991027832,0.5261489152908325,-0.07161160745373454,0.29132761228193294,1.0,-0.3844561278820038,-0.06719047576189041,0.5183713436126709,-0.21649130933315056,-0.20768127740173908,1.0
3.289,TAKEOFF,0.31117334961891174,-0.08367117494344711,0.48717787861824036,0.2889221875135532,-0.080771093606458,1.0,0.0025685159489512444,0.1463932991027832,0.5261489152908325,-0.07451127480213343,0.2905995009069371,1.0,-0.37430503964424133,-0.07722201943397522,0.5405493974685669,-0.21441091271142038,-0.20982840730047894,1.0
3.309,TAKEOFF,0.30781713128089905,-0.07825843244791031,0.5094163417816162,0.289718288178668,-0.0778672812856738,1.0,-0.003977146930992603,0.15105730295181274,0.5461764335632324,-0.07742410037231223,0.2898370381465042,1.0,-0.37430503964424133,-0.07722201943397522,0.5405493974685669,-0.21229418780635642,-0.21196975686083017,1.0
3.329,TAKEOFF,0.30781713128089905,-0.07825843244791031,0.5094163417816162,0.2904821665925881,-0.0749673988589434,1.0,-0.003977146930992603,0.15105730295181274,0.5461764335632324,-0.08031741142880883,0.2890486350449963,1.0,-0.37430503964424133,-0.07722201943397522,0.5405493974685669,-0.21016475516377983,-0.21408123618605268,1.0
3.349,TAKEOFF,0.30781713128089905,-0.07825843244791031,0.5094163417816162,0.29121817098994,-0.07205537374321264,1.0,-0.003977146930992603,0.15105730295181274,0.5461764335632324,-0.08320730135416596,0.28823002099253475,1.0,-0.37430503964424133,-0.07722201943397522,0.5405493974685669,-0.20801086963577467,-0.2161746472493219,1.0
3.369,TAKEOFF,0.30781713128089905,-0.07825843244791031,0.5094163417816162,0.29192307976520565,-0.06914416461565913,1.0,-0.003977146930992603,0.15105730295181274,0.5461764335632324,-0.08608093680198926,0.2873848853354886,1.0,-0.37430503964424133,-0.07722201943397522,0.5405493974685669,-0.205842142963217,-0.21824072071982928,1.0
3.389,TAKEOFF,0.30781713128089905,-0.07825843244791031,0.5094163417816162,0.29259647094779,-0.0662367359468979,1.0,-0.003977146930992603,0.15105730295181274,0.5461764335632324,-0.08893553948011983,0.28651434487191046,1.0,-0.365077406167984,-0.0874166414141655,0.5614098310470581,-0.2036609314676708,-0.22027760892501239,1.0
3.409,TAKEOFF,0.3071354925632477,-0.07458145171403885,0.5286373496055603,0.29324911661861797,-0.0632847185535353,1.0,-0.012732721865177155,0.1575857251882553,0.5664781332015991,-0.09181838437059935,0.28560354390583614,1.0,-0.365077406167984,-0.0874166414141655,0.5614098310470581,-0.20143073224801927,-0.2223188253523007,1.0
3.429,TAKEOFF,0.3071354925632477,-0.07458145171403885,0.5286373496055603,0.29386315300652915,-0.06036925794691554,1.0,-0.012732721865177155,0.1575857251882553,0.5664781332015991,-0.09465026551362044,0.28467758471330534,1.0,-0.365077406167984,-0.0874166414141655,0.5614098310470581,-0.19921288749290936,-0.22430832676638968,1.0
3.449,TAKEOFF,0.3071354925632477,-0.07458145171403885,0.5286373496055603,0.2944544556203583,-0.0574157954339957,1.0,-0.012732721865177155,0.1575857251882553,0.5664781332015991,-0.09750369038584861,0.2837129365417456,1.0,-0.365077406167984,-0.0874166414141655,0.5614098310470581,-0.1969507652345103,-0.22629714110774973,1.0
3.469,TAKEOFF,0.3071354925632477,-0.07458145171403885,0.5286373496055603,0.2950157767049525,-0.05445816279653228,1.0,-0.012732721865177155,0.1575857251882553,0.5664781332015991,-0.10034573592725099,0.2827202385419523,1.0,-0.365077406167984,-0.0874166414141655,0.5614098310470581,-0.1946700407777021,-0.22826207574541985,1.0
3.489,TAKEOFF,0.3071354925632477,-0.07458145171403885,0.5286373496055603,0.29554435161035847,-0.05151248616804283,1.0,-0.012732721865177155,0.1575857251882553,0.5664781332015991,-0.10316105417155993,0.2817051595235921,1.0,-0.35686084628105164,-0.09799056500196457,0.5807733535766602,-0.19238329743879914,-0.2301926733555491,1.0
3.509,TAKEOFF,0.30596476793289185,-0.06970725953578949,0.5496311783790588,0.29604488133582835,-0.048553354517018525,1.0,-0.021997161209583282,0.1632937341928482,0.5857508182525635,-0.10597400221722453,0.28065906515568617,1.0,-0.35686084628105164,-0.09799056500196457,0.5807733535766602,-0.19007087911860449,-0.23210571063866747,1.0
3.529,TAKEOFF,0.30596476793289185,-0.06970725953578949,0.5496311783790588,0.2965137017900705,-0.04560290177992112,1.0,-0.021997161209583282,0.1632937341928482,0.5857508182525635,-0.10876357946733728,0.27958984921032487,1.0,-0.35686084628105164,-0.09799056500196457,0.5807733535766602,-0.18775012232273383,-0.23398694743040363,1.0
3.549,TAKEOFF,0.30596476793289185,-0.06970725953578949,0.5496311783790588,0.29695703661971756,-0.04262063352457026,1.0,-0.021997161209583282,0.1632937341928482,0.5857508182525635,-0.11156796695219455,0.27848265430750624,1.0,-0.35686084628105164,-0.09799056500196457,0.5807733535766602,-0.18538906966752364,-0.23586202078293583,1.0
3.569,TAKEOFF,0.30596476793289185,-0.06970725953578949,0.5496311783790588,0.29736862879273346,-0.03964717656945443,1.0,-0.021997161209583282,0.1632937341928482,0.5857508182525635,-0.11434885229889233,0.2773523751077789,1.0,-0.35686084628105164,-0.09799056500196457,0.5807733535766602,-0.18301977649384174,-0.23770519853832436,1.0
3.589,TAKEOFF,0.30596476793289185,-0.06970725953578949,0.5496311783790588,0.29775007228507,-0.036672802650405505,1.0,-0.021997161209583282,0.1632937341928482,0.5857508182525635,-0.11711545741931084,0.27619552790272617,1.0,-0.3479556143283844,-0.10905627906322479,0.6002071499824524,-0.1806346148657598,-0.23952272525232055,1.0
3.609,TAKEOFF,0.3053072392940521,-0.06574153155088425,0.5708492994308472,0.29810122361866354,-0.0336995619712714,1.0,-0.03368121013045311,0.1655219942331314,0.6099962592124939,-0.11986593504580303,0.2750130135386239,1.0,-0.3479556143283844,-0.10905627906322479,0.6002071499824524,-0.1782352885728611,-0.24131345156735234,1.0
3.629,TAKEOFF,0.3053072392940521,-0.06574153155088425,0.5708492994308472,0.29842397841965346,-0.030710407098998332,1.0,-0.03368121013045311,0.1655219942331314,0.6099962592124939,-0.1226159965015325,0.27379794995933804,1.0,-0.3479556143283844,-0.10905627906322479,0.6002071499824524,-0.17580798191812158,-0.2430875428603396,1.0
3.649,TAKEOFF,0.3053072392940521,-0.06574153155088425,0.5708492994308472,0.2987163080606321,-0.027723046344612333,1.0,-0.03368121013045311,0.1655219942331314,0.6099962592124939,-0.12534929162558878,0.27255743447751174,1.0,-0.3479556143283844,-0.10905627906322479,0.6002071499824524,-0.17336701643504399,-0.2448343881328993,1.0
3.669,TAKEOFF,0.3053072392940521,-0.06574153155088425,0.5708492994308472,0.29897775155700024,-0.024744778720381607,1.0,-0.03368121013045311,0.1655219942331314,0.6099962592124939,-0.12805926879562535,0.27129471737490535,1.0,-0.3479556143283844,-0.10905627906322479,0.6002071499824524,-0.17091848276137553,-0.24654993865452365,1.0
3.689,TAKEOFF,0.3053072392940521,-0.06574153155088425,0.5708492994308472,0.29921038887233553,-0.0217518548833372,1.0,-0.03368121013045311,0.1655219942331314,0.6099962592124939,-0.13076753552776543,0.2699997252813317,1.0,-0.3365122377872467,-0.12035202234983444,0.6206344962120056,-0.1684428533445707,-0.24824787039799442,1.0
3.709,TAKEOFF,0.3058464527130127,-0.059624042361974716,0.5892560482025146,0.2994124779978151,-0.01876614023202142,1.0,-0.044517163187265396,0.16890430450439453,0.6287562251091003,-0.1334542848269961,0.2686818822721677,1.0,-0.3365122377872467,-0.12035202234983444,0.6206344962120056,-0.16595819317081964,-0.24991574204014624,1.0
3.729,TAKEOFF,0.3058464527130127,-0.059624042361974716,0.5892560482025146,0.29958568435874916,-0.015761273022821185,1.0,-0.044517163187265396,0.16890430450439453,0.6287562251091003,-0.13614317934562936,0.2673294497762336,1.0,-0.3365122377872467,-0.12035202234983444,0.6206344962120056,-0.1634425050131204,-0.2515681767534123,1.0
3.75,TAKEOFF,0.3058464527130127,-0.059624042361974716,0.5892560482025146,0.29972845667774195,-0.012761357983340525,1.0,-0.044517163187265396,0.16890430450439453,0.6287562251091003,-0.138812568138511,0.2659531367116982,1.0,-0.3365122377872467,-0.12035202234983444,0.6206344962120056,-0.16091588853923156,-0.25319177872835763,1.0
3.769,TAKEOFF,0.3058464527130127,-0.059624042361974716,0.5892560482025146,0.29984085819258527,-0.00977035098315136,1.0,-0.044517163187265396,0.16890430450439453,0.6287562251091003,-0.1414590569409936,0.26455497577888176,1.0,-0.3365122377872467,-0.12035202234983444,0.6206344962120056,-0.15838180125159232,-0.25478462479573033,1.0
3.789,TAKEOFF,0.3058464527130127,-0.059624042361974716,0.5892560482025146,0.2999235818137133,-0.0067708989087709275,1.0,-0.044517163187265396,0.16890430450439453,0.6287562251091003,-0.144098020445405,0.2631268904990815,1.0,-0.32490816712379456,-0.1319049745798111,0.6417404413223267,-0.15582556136830897,-0.25635599159031053,1.0
3.809,TAKEOFF,0.30538883805274963,-0.05413271486759186,0.6096172332763672,0.2999763636673451,-0.0037657988417772255,1.0,-0.05699728801846504,0.17336000502109528,0.6485698819160461,-0.14672690437115174,0.2616700508916886,1.0,-0.32490816712379456,-0.1319049745798111,0.6417404413223267,-0.15324945929619396,-0.2579042520499113,1.0
3.829,TAKEOFF,0.30538883805274963,-0.05413271486759186,0.6096172332763672,0.2999989859306135,-0.0007800260274761598,1.0,-0.05699728801846504,0.17336000502109528,0.6485698819160461,-0.14932397060989963,0.26019675593921965,1.0,-0.32490816712379456,-0.1319049745798111,0.6417404413223267,-0.1506750153207145,-0.2594167299117434,1.0
3.849,TAKEOFF,0.30538883805274963,-0.05413271486759186,0.6096172332763672,0.29999167793035586,0.002234540787195258,1.0,-0.05699728801846504,0.17336000502109528,0.6485698819160461,-0.15193100805268178,0.2586831436180099,1.0,-0.32490816712379456,-0.1319049745798111,0.6417404413223267,-0.14806066987767472,-0.26091768440520513,1.0
3.869,TAKEOFF,0.30538883805274963,-0.05413271486759186,0.6096172332763672,0.2999543029059649,0.005236045091157404,1.0,-0.05699728801846504,0.17336000502109528,0.6485698819160461,-0.15451169951728586,0.2571500237454392,1.0,-0.32490816712379456,-0.1319049745798111,0.6417404413223267,-0.1454426033886797,-0.2623860688365966,1.0
3.889,TAKEOFF,0.30538883805274963,-0.05413271486759186,0.6096172332763672,0.29988722053094724,0.008225263656748047,1.0,-0.05699728801846504,0.17336000502109528,0.6485698819160461,-0.15706689754504258,0.25559731942173236,1.0,-0.3129010796546936,-0.14327038824558258,0.662438690662384,-0.14282032298590527,-0.2638225830784804,1.0
3.909,TAKEOFF,0.3045530617237091,-0.04774302989244461,0.6315016150474548,0.29978986273204455,0.011226673732761431,1.0,-0.0713314339518547,0.17895027995109558,0.6679278016090393,-0.15961751601859345,0.2540123000566194,1.0,-0.3129010796546936,-0.14327038824558258,0.662438690662384,-0.14017234671345177,-0.2652389737893808,1.0
3.929,TAKEOFF,0.3045530617237091,-0.04774302989244461,0.6315016150474548,0.2996623762922525,0.014228852198278394,1.0,-0.0713314339518547,0.17895027995109558,0.6679278016090393,-0.16215373561652965,0.25240080432836304,1.0,-0.3129010796546936,-0.14327038824558258,0.662438690662384,-0.13750864067572346,-0.2666296565266414,1.0
3.949,TAKEOFF,0.3045530617237091,-0.04774302989244461,0.6315016150474548,0.29950496767470075,0.01722713958196282,1.0,-0.0713314339518547,0.17895027995109558,0.6679278016090393,-0.16467162434987093,0.2507653407749464,1.0,-0.3129010796546936,-0.14327038824558258,0.662438690662384,-0.13483334332483052,-0.2679924803569092,1.0
3.969,TAKEOFF,0.3045530617237091,-0.04774302989244461,0.6315016150474548,0.299318312270269,0.02021256885400043,1.0,-0.0713314339518547,0.17895027995109558,0.6679278016090393,-0.1671637542384413,0.24911097781693603,1.0,-0.3129010796546936,-0.14327038824558258,0.662438690662384,-0.13215455803182838,-0.2693235466709365,1.0
3.989,TAKEOFF,0.3045530617237091,-0.04774302989244461,0.6315016150474548,0.29910071532546295,0.023211249251093167,1.0,-0.0713314339518547,0.17895027995109558,0.6679278016090393,-0.16965188916775095,0.2474231931364017,1.0,-0.2992110550403595,-0.15456312894821167,0.6829237341880798,-0.1294488261577126,-0.2706344423874949,1.0
4.009,TAKEOFF,0.302905797958374,-0.03922542557120323,0.6516180634498596,0.29885419232619065,0.026194879825268327,1.0,-0.08387664705514908,0.18324320018291473,0.689253032207489,-0.17211252754085843,0.24571788266932718,1.0,-0.2992110550403595,-0.15456312894821167,0.6829237341880798,-0.12674166478533283,-0.2719127624945955,1.0
4.029,TAKEOFF,0.302905797958374,-0.03922542557120323,0.6516180634498596,0.2985765819104585,0.029189462733446584,1.0,-0.08387664705514908,0.18324320018291473,0.689253032207489,-0.1745671072052134,0.24398017354285884,1.0,-0.2992110550403595,-0.15456312894821167,0.6829237341880798,-0.1240094747052457,-0.27316963627630547,1.0
4.049,TAKEOFF,0.302905797958374,-0.03922542557120323,0.6516180634498596,0.29826952211117125,0.03217595654481016,1.0,-0.08387664705514908,0.18324320018291473,0.689253032207489,-0.17699995681445568,0.24222100505051336,1.0,-0.2992110550403595,-0.15456312894821167,0.6829237341880798,-0.12126956529671623,-0.27439696159532356,1.0
4.069,TAKEOFF,0.302905797958374,-0.03922542557120323,0.6516180634498596,0.297933328452284,0.03515297707653592,1.0,-0.08387664705514908,0.18324320018291473,0.689253032207489,-0.1794100353930744,0.24044134253546284,1.0,-0.2992110550403595,-0.15456312894821167,0.6829237341880798,-0.11852329305921024,-0.2755943196119988,1.0
4.089,TAKEOFF,0.302905797958374,-0.03922542557120323,0.6516180634498596,0.29756739016196215,0.03812674012026981,1.0,-0.08387664705514908,0.18324320018291473,0.689253032207489,-0.18180242058862234,0.23863754915795973,1.0,-0.2836933135986328,-0.16599848866462708,0.7038558721542358,-0.11576496957334043,-0.2767642892782296,1.0
4.109,TAKEOFF,0.3022982180118561,-0.029477035626769066,0.6693176627159119,0.29717186367314324,0.04109602707112642,1.0,-0.09690821170806885,0.18754202127456665,0.7096753120422363,-0.18417613527478038,0.23681036969534464,1.0,-0.2836933135986328,-0.16599848866462708,0.7038558721542358,-0.11299572839836351,-0.2779063967664711,1.0
4.129,TAKEOFF,0.3022982180118561,-0.029477035626769066,0.6693176627159119,0.2967447335583777,0.04407451764191421,1.0,-0.09690821170806885,0.18754202127456665,0.7096753120422363,-0.18654201871663226,0.2349512188798424,1.0,-0.2836933135986328,-0.16599848866462708,0.7038558721542358,-0.11020271484174612,-0.27902573652175666,1.0
4.149,TAKEOFF,0.3022982180118561,-0.029477035626769066,0.6693176627159119,0.29628871044414895,0.047042534618611416,1.0,-0.09690821170806885,0.18754202127456665,0.7096753120422363,-0.1888843852602011,0.2330722827898588,1.0,-0.2836933135986328,-0.16599848866462708,0.7038558721542358,-0.10740432518394848,-0.2801148174084703,1.0
4.169,TAKEOFF,0.3022982180118561,-0.029477035626769066,0.6693176627159119,0.2958051122111729,0.049993355455854274,1.0,-0.09690821170806885,0.18754202127456665,0.7096753120422363,-0.19119807195078187,0.23117806401625485,1.0,-0.2836933135986328,-0.16599848866462708,0.7038558721542358,-0.10460704026039166,-0.2811714194721092,1.0
4.189,TAKEOFF,0.3022982180118561,-0.029477035626769066,0.6693176627159119,0.2952889644303355,0.05295684550329717,1.0,-0.09690821170806885,0.18754202127456665,0.7096753120422363,-0.19350645572531103,0.2292493219022212,1.0,-0.2662027180194855,-0.17738977074623108,0.7266480326652527,-0.10178250870502503,-0.28220616740551846,1.0
4.209,TAKEOFF,0.2995414733886719,-0.018130870535969734,0.6886481642723083,0.29474452770993487,0.05590763261887787,1.0,-0.10952850431203842,0.19109892845153809,0.7297206521034241,-0.19578969396836346,0.22730243231381086,1.0,-0.2662027180194855,-0.17738977074623108,0.7266480326652527,-0.09895483374157206,-0.28321006493268885,1.0
4.229,TAKEOFF,0.2995414733886719,-0.018130870535969734,0.6886481642723083,0.2941705347330173,0.05885317744090514,1.0,-0.10952850431203842,0.19109892845153809,0.7297206521034241,-0.198053614123766,0.22533256740319274,1.0,-0.2662027180194855,-0.17738977074623108,0.7266480326652527,-0.09611692060925194,-0.284185744844098,1.0
4.249,TAKEOFF,0.2995414733886719,-0.018130870535969734,0.6886481642723083,0.29356905061698957,0.06178359426125519,1.0,-0.10952850431203842,0.19109892845153809,0.7297206521034241,-0.2002906874758525,0.2233464584685649,1.0,-0.2662027180194855,-0.17738977074623108,0.7266480326652527,-0.09327836314113772,-0.28513005272982017,1.0
4.269,TAKEOFF,0.2995414733886719,-0.018130870535969734,0.6886481642723083,0.2929367941289274,0.06471502642714733,1.0,-0.10952850431203842,0.19109892845153809,0.7297206521034241,-0.20251325395695485,0.22133319220524947,1.0,-0.2662027180194855,-0.17738977074623108,0.7266480326652527,-0.09042354017197322,-0.2860482186323969,1.0
4.289,TAKEOFF,0.2995414733886719,-0.018130870535969734,0.6886481642723083,0.2922728554891177,0.06765040978617438,1.0,-0.10952850431203842,0.19109892845153809,0.7297206521034241,-0.20472340119581348,0.21929051279710662,1.0,-0.24997447431087494,-0.18919730186462402,0.7466285824775696,-0.08754945429330481,-0.2869409225832811,1.0
4.309,TAKEOFF,0.29619818925857544,-0.004924382083117962,0.7073361873626709,0.29158404629392737,0.07056021504262029,1.0,-0.12081250548362732,0.19328060746192932,0.7483437657356262,-0.206898961870366,0.21723908390748853,1.0,-0.24997447431087494,-0.18919730186462402,0.7466285824775696,-0.084685084423562,-0.2877992989501089,1.0
4.329,TAKEOFF,0.29619818925857544,-0.004924382083117962,0.7073361873626709,0.2908630191605309,0.07347587416846856,1.0,-0.12081250548362732,0.19328060746192932,0.7483437657356262,-0.20906348317542828,0.2151568265302252,1.0,-0.24997447431087494,-0.18919730186462402,0.7466285824775696,-0.08179953598510326,-0.28863270069869384,1.0
4.349,TAKEOFF,0.29619818925857544,-0.004924382083117962,0.7073361873626709,0.29011491401738243,0.0763762833914218,1.0,-0.12081250548362732,0.19328060746192932,0.7483437657356262,-0.21120125867230227,0.21305874386008022,1.0,-0.24997447431087494,-0.18919730186462402,0.7466285824775696,-0.07891365534508084,-0.28943502725150216,1.0
4.369,TAKEOFF,0.29619818925857544,-0.004924382083117962,0.7073361873626709,0.2893338899749746,0.07928366863326439,1.0,-0.12081250548362732,0.19328060746192932,0.7483437657356262,-0.21332861612912196,0.2109286645774673,1.0,-0.24997447431087494,-0.18919730186462402,0.7466285824775696,-0.07600527384585327,-0.2902123332107318,1.0
4.389,TAKEOFF,0.29619818925857544,-0.004924382083117962,0.7073361873626709,0.28852917686163987,0.08216394647011875,1.0,-0.12081250548362732,0.19328060746192932,0.7483437657356262,-0.21542065334912774,0.20879162366013376,1.0,-0.23315484821796417,-0.20087020099163055,0.7660308480262756,-0.07310852351251274,-0.29095557013025264,1.0
4.409,TAKEOFF,0.29304611682891846,0.00806789193302393,0.727350652217865,0.28769246657402875,0.0850473084615342,1.0,-0.13413916528224945,0.19425341486930847,0.7695775628089905,-0.21749936293819447,0.206625330299747,1.0,-0.23315484821796417,-0.20087020099163055,0.7660308480262756,-0.0701931036358349,-0.29167263876128136,1.0
4.429,TAKEOFF,0.29304611682891846,0.00806789193302393,0.727350652217865,0.28683386987491344,0.08789955115119309,1.0,-0.13413916528224945,0.19425341486930847,0.7695775628089905,-0.21954017921563987,0.20445564240187827,1.0,-0.23315484821796417,-0.20087020099163055,0.7660308480262756,-0.06729369065927421,-0.2923551935530715,1.0
4.449,TAKEOFF,0.29304611682891846,0.00806789193302393,0.727350652217865,0.28593273531715174,0.0907880546881122,1.0,-0.13413916528224945,0.19425341486930847,0.7695775628089905,-0.22159112937865214,0.202230985214169,1.0,-0.23315484821796417,-0.20087020099163055,0.7660308480262756,-0.06434160593850019,-0.29301903990228134,1.0
4.469,TAKEOFF,0.29304611682891846,0.00806789193302393,0.727350652217865,0.2850134765436513,0.09363395852201031,1.0,-0.13413916528224945,0.19425341486930847,0.7695775628089905,-0.2235961250087852,0.2000119318467168,1.0,-0.23315484821796417,-0.20087020099163055,0.7660308480262756,-0.06141735153486667,-0.2936458903687273,1.0
4.49,TAKEOFF,0.29304611682891846,0.00806789193302393,0.727350652217865,0.28405921082426594,0.09649023134957871,1.0,-0.13413916528224945,0.19425341486930847,0.7695775628089905,-0.22559259697790598,0.19775737707798433,1.0,-0.21829856932163239,-0.20985755324363708,0.785821259021759,-0.05846661384636058,-0.29424760842756315,1.0
4.509,TAKEOFF,0.28888794779777527,0.021354837343096733,0.7472407817840576,0.28308934528539514,0.09929966055272463,1.0,-0.14612609148025513,0.19343963265419006,0.7894349694252014,-0.22754070126852882,0.1955127342814941,1.0,-0.21829856932163239,-0.20985755324363708,0.785821259021759,-0.055548644016866905,-0.29481239483421895,1.0
4.529,TAKEOFF,0.28888794779777527,0.021354837343096733,0.7472407817840576,0.2820730312829092,0.10215089340221599,1.0,-0.14612609148025513,0.19343963265419006,0.7894349694252014,-0.22950178434705007,0.19320696411237384,1.0,-0.21829856932163239,-0.20985755324363708,0.785821259021759,-0.052571246935859774,-0.29535785751459,1.0
4.549,TAKEOFF,0.28888794779777527,0.021354837343096733,0.7472407817840576,0.28103987679571363,0.10495993354918869,1.0,-0.14612609148025513,0.19343963265419006,0.7894349694252014,-0.231417907230981,0.19090770600694218,1.0,-0.21829856932163239,-0.20985755324363708,0.785821259021759,-0.04962196956473322,-0.29586763955613105,1.0
4.569,TAKEOFF,0.28888794779777527,0.021354837343096733,0.7472407817840576,0.2799750622010275,0.10776810541867553,1.0,-0.14612609148025513,0.19343963265419006,0.7894349694252014,-0.23331744811080637,0.18858146358288017,1.0,-0.21829856932163239,-0.20985755324363708,0.785821259021759,-0.04665761409022174,-0.2963495690015559,1.0
4.589,TAKEOFF,0.28888794779777527,0.021354837343096733,0.7472407817840576,0.27888348060638585,0.11056221888542041,1.0,-0.14612609148025513,0.19343963265419006,0.7894349694252014,-0.2351914305567428,0.18623906945824448,1.0,-0.2020060122013092,-0.2181881070137024,0.8065367341041565,-0.04369205004964362,-0.2968012883436651,1.0
4.609,TAKEOFF,0.2851884663105011,0.03207407891750336,0.7656580805778503,0.2777725806327709,0.11332428446105797,1.0,-0.15878985822200775,0.1931324303150177,0.8082228899002075,-0.23702799952535597,0.1838959690722117,1.0,-0.2020060122013092,-0.2181881070137024,0.8065367341041565,-0.04074458110741554,-0.29722025353326986,1.0
4.629,TAKEOFF,0.2851884663105011,0.03207407891750336,0.7656580805778503,0.2766179537018224,0.11611420106867387,1.0,-0.15878985822200775,0.1931324303150177,0.8082228899002075,-0.23886682471651718,0.18150107451430872,1.0,-0.2020060122013092,-0.2181881070137024,0.8065367341041565,-0.037751128985305825,-0.2976152755829828,1.0
4.649,TAKEOFF,0.2851884663105011,0.03207407891750336,0.7656580805778503,0.27544749338843905,0.11886411731900347,1.0,-0.15878985822200775,0.1931324303150177,0.8082228899002075,-0.24066309189089058,0.17911246802363243,1.0,-0.2020060122013092,-0.2181881070137024,0.8065367341041565,-0.03478440149754906,-0.2979765853426361,1.0
4.669,TAKEOFF,0.2851884663105011,0.03207407891750336,0.7656580805778503,0.27424144746934703,0.12162083904462002,1.0,-0.15878985822200775,0.1931324303150177,0.8082228899002075,-0.242447459976893,0.17668964075675989,1.0,-0.2020060122013092,-0.2181881070137024,0.8065367341041565,-0.031793987492454635,-0.29831047980138015,1.0
4.689,TAKEOFF,0.2851884663105011,0.03207407891750336,0.7656580805778503,0.2730095768807315,0.12436145275528078,1.0,-0.15878985822200775,0.1931324303150177,0.8082228899002075,-0.2442049657779774,0.1742525026775136,1.0,-0.18542064726352692,-0.22415585815906525,0.8285016417503357,-0.02880461110275475,-0.2986139554327946,1.0
4.709,TAKEOFF,0.2786751687526703,0.04240506514906883,0.7850011587142944,0.2717588025164479,0.127071449408694,1.0,-0.17290396988391876,0.19220636785030365,0.8323736190795898,-0.2459265045418622,0.171814301976935,1.0,-0.18542064726352692,-0.22415585815906525,0.8285016417503357,-0.02583229797458625,-0.2988857513856293,1.0
4.729,TAKEOFF,0.2786751687526703,0.04240506514906883,0.7850011587142944,0.27046858135065394,0.12979501724706038,1.0,-0.17290396988391876,0.19220636785030365,0.8323736190795898,-0.2476400728959208,0.16933515375167385,1.0,-0.18542064726352692,-0.22415585815906525,0.8285016417503357,-0.0228285084547337,-0.2991301709987345,1.0
4.749,TAKEOFF,0.2786751687526703,0.04240506514906883,0.7850011587142944,0.2691555197074134,0.1324964384843313,1.0,-0.17290396988391876,0.19220636785030365,0.8323736190795898,-0.24932304149209994,0.16684729839325718,1.0,-0.18542064726352692,-0.22415585815906525,0.8285016417503357,-0.019832478215314055,-0.29934373687758875,1.0
4.769,TAKEOFF,0.2786751687526703,0.04240506514906883,0.7850011587142944,0.2678188291853152,0.13517793730415834,1.0,-0.17290396988391876,0.19220636785030365,0.8323736190795898,-0.25097694232923906,0.16434894103420872,1.0,-0.18542064726352692,-0.22415585815906525,0.8285016417503357,-0.01684188685607672,-0.29952687833836733,1.0
4.789,TAKEOFF,0.2786751687526703,0.04240506514906883,0.7850011587142944,0.2664535842289974,0.13784951016061167,1.0,-0.17290396988391876,0.19220636785030365,0.8323736190795898,-0.2526079698128297,0.1618308177914223,1.0,-0.16577638685703278,-0.23078756034374237,0.849744439125061,-0.0138456144161683,-0.2996803279520342,1.0
4.809,TAKEOFF,0.27255183458328247,0.05379622429609299,0.8045205473899841,0.26505805558555107,0.1405141529142417,1.0,-0.18698786199092865,0.19030575454235077,0.8532183170318604,-0.2542178538077603,0.15928993315767392,1.0,-0.16577638685703278,-0.23078756034374237,0.849744439125061,-0.0108402017777914,-0.2998040860719159,1.0
4.829,TAKEOFF,0.27255183458328247,0.05379622429609299,0.8045205473899841,0.26364342335174556,0.14315077828420023,1.0,-0.18698786199092865,0.19030575454235077,0.8532183170318604,-0.2557939222415041,0.15674651302120673,1.0,-0.16577638685703278,-0.23078756034374237,0.849744439125061,-0.00784950111024202,-0.29989729130540727,1.0
4.849,TAKEOFF,0.27255183458328247,0.05379622429609299,0.8045205473899841,0.26219768129249793,0.14578194649831527,1.0,-0.18698786199092865,0.19030575454235077,0.8532183170318604,-0.25734970972693405,0.15417887956352117,1.0,-0.16577638685703278,-0.23078756034374237,0.849744439125061,-0.00484797156556446,-0.2999608260618367,1.0
4.869,TAKEOFF,0.27255183458328247,0.05379622429609299,0.8045205473899841,0.2607276445826806,0.14839506511460332,1.0,-0.18698786199092865,0.19030575454235077,0.8532183170318604,-0.2588777184768329,0.15159923112017964,1.0,-0.16577638685703278,-0.23078756034374237,0.849744439125061,-0.0018499261058482954,-0.29999429623478324,1.0
4.889,TAKEOFF,0.27255183458328247,0.05379622429609299,0.8045205473899841,0.25923104382942913,0.15099425788785675,1.0,-0.18698786199092865,0.19030575454235077,0.8532183170318604,-0.26038038507117756,0.14900354046191422,1.0,-0.14115780591964722,-0.236625075340271,0.8713855147361755,0.0011493412417478313,-0.29999779834977125,1.0
4.909,TAKEOFF,0.26421061158180237,0.06606553494930267,0.825031042098999,0.25770190487265465,0.15358947953881885,1.0,-0.19985178112983704,0.18762773275375366,0.8726698160171509,-0.26186334347097484,0.14638165645395004,1.0,-0.14115780591964722,-0.236625075340271,0.8713855147361755,0.004161438598319632,-0.29997113599276914,1.0
4.929,TAKEOFF,0.26421061158180237,0.06606553494930267,0.825031042098999,0.25616052365962905,0.156146681419826,1.0,-0.19985178112983704,0.18762773275375366,0.8726698160171509,-0.26330725465601956,0.1437681802260502,1.0,-0.14115780591964722,-0.236625075340271,0.8713855147361755,0.007146730996389976,-0.2999148616458765,1.0
4.95,TAKEOFF,0.26421061158180237,0.06606553494930267,0.825031042098999,0.25457903038764756,0.15871205778668868,1.0,-0.19985178112983704,0.18762773275375366,0.8726698160171509,-0.26473818912400016,0.14111587869316874,1.0,-0.14115780591964722,-0.236625075340271,0.8713855147361755,0.010159158736352017,-0.2998279364798577,1.0
4.969,TAKEOFF,0.26421061158180237,0.06606553494930267,0.825031042098999,0.252983630029821,0.16124293143246515,1.0,-0.19985178112983704,0.18762773275375366,0.8726698160171509,-0.2661322898160978,0.13846878463119588,1.0,-0.14115780591964722,-0.236625075340271,0.8713855147361755,0.013148659786276289,-0.2997117160636613,1.0
4.989,TAKEOFF,0.26421061158180237,0.06606553494930267,0.825031042098999,0.2513628163231233,0.163758158789441,1.0,-0.19985178112983704,0.18762773275375366,0.8726698160171509,-0.26750013375018367,0.13580750510790573,1.0,-0.11763664335012436,-0.2457071989774704,0.8916714191436768,0.01613731742705981,-0.29956566389734707,1.0
5.009,TRACK,0.25582364201545715,0.07939156889915466,0.8469982743263245,0.24970781971085435,0.16627087771239873,1.0,-0.2142372876405716,0.18290822207927704,0.8934940099716187,-0.26884871386390047,0.13311787653702478,1.0,-0.11763664335012436,-0.2457071989774704,0.8916714191436768,0.01914089415304556,-0.29938875424942385,1.0
5.029,TRACK,0.25582364201545715,0.07939156889915466,0.8469982743263245,0.24803014022636413,0.1687632944075522,1.0,-0.2142372876405716,0.18290822207927704,0.8934940099716187,-0.27016837029647467,0.13041875513647155,1.0,-0.11763664335012436,-0.2457071989774704,0.8916714191436768,0.022138230070109996,-0.29918204954402405,1.0
5.049,TRACK,0.25582364201545715,0.07939156889915466,0.8469982743263245,0.24633250350186098,0.17123170769021032,1.0,-0.2142372876405716,0.18290822207927704,0.8934940099716187,-0.271457260544044,0.12771435196532532,1.0,-0.11763664335012436,-0.2457071989774704,0.8916714191436768,0.025124757042182488,-0.298946059655536,1.0
5.069,TRACK,0.25582364201545715,0.07939156889915466,0.8469982743263245,0.24460514629681246,0.17369030601940616,1.0,-0.2142372876405716,0.18290822207927704,0.8934940099716187,-0.2727227905523053,0.12498911757974532,1.0,-0.11763664335012436,-0.2457071989774704,0.8916714191436768,0.028117644255492305,-0.29867942359915184,1.0
5.089,TRACK,0.25582364201545715,0.07939156889915466,0.8469982743263245,0.2428622793836735,0.1761190314888386,1.0,-0.2142372876405716,0.18290822207927704,0.8934940099716187,-0.27395469505108255,0.12226538782283541,1.0,-0.09360750019550323,-0.2550826370716095,0.9109152555465698,0.031092415667408533,-0.2983844193116743,1.0
5.109,TRACK,0.24388372898101807,0.09551555663347244,0.8697482347488403,0.2410835071431351,0.17854619173638492,1.0,-0.22646699845790863,0.17908114194869995,0.9103580713272095,-0.2751672913642442,0.11951134575120939,1.0,-0.09360750019550323,-0.2550826370716095,0.9109152555465698,0.034083784221108616,-0.29805753748759467,1.0
5.129,TRACK,0.24388372898101807,0.09551555663347244,0.8697482347488403,0.23929046612392155,0.18094218088161848,1.0,-0.22646699845790863,0.17908114194869995,0.9103580713272095,-0.2763457583216015,0.11676053210592614,1.0,-0.09360750019550323,-0.2550826370716095,0.9109152555465698,0.03705529219767941,-0.29770271298754497,1.0
5.149,TRACK,0.24388372898101807,0.09551555663347244,0.8697482347488403,0.23746443492882208,0.18333205432748315,1.0,-0.22646699845790863,0.17908114194869995,0.9103580713272095,-0.2775024338400004,0.1139842059799348,1.0,-0.09360750019550323,-0.2550826370716095,0.9109152555465698,0.04003799891117779,-0.2973162603074183,1.0
5.169,TRACK,0.24388372898101807,0.09551555663347244,0.8697482347488403,0.2356234131242603,0.18569223782289382,1.0,-0.22646699845790863,0.17908114194869995,0.9103580713272095,-0.27862590180233787,0.11120974258055791,1.0,-0.09360750019550323,-0.2550826370716095,0.9109152555465698,0.04300248867807708,-0.2969019804034521,1.0
5.189,TRACK,0.24388372898101807,0.09551555663347244,0.8697482347488403,0.23374851063540986,0.18804689249154763,1.0,-0.22646699845790863,0.17908114194869995,0.9103580713272095,-0.2797276413181065,0.10840870206126786,1.0,-0.06933736801147461,-0.2639443576335907,0.9296536445617676,0.04597913068269613,-0.29645559455281584,1.0
5.209,TRACK,0.23468023538589478,0.11094576865434647,0.8873748779296875,0.23186562391149068,0.19036368468837525,1.0,-0.2413768321275711,0.17290186882019043,0.9301544427871704,-0.2807925988538892,0.10561967822749156,1.0,-0.06933736801147461,-0.2639443576335907,0.9296536445617676,0.048926974942398,-0.2959833629158672,1.0
5.229,TRACK,0.23468023538589478,0.11094576865434647,0.8873748779296875,0.2299436745980645,0.19268084106194738,1.0,-0.2413768321275711,0.17290186882019043,0.9301544427871704,-0.2818383404812306,0.10279664311049239,1.0,-0.06933736801147461,-0.2639443576335907,0.9296536445617676,0.05189466588316556,-0.29547748417244013,1.0
5.249,TRACK,0.23468023538589478,0.11094576865434647,0.8873748779296875,0.22801049305977789,0.19496465078223021,1.0,-0.2413768321275711,0.17290186882019043,0.9301544427871704,-0.28284958694726203,0.09998055392806769,1.0,-0.06933736801147461,-0.2639443576335907,0.9296536445617676,0.05483909388748363,-0.2949452047102983,1.0
5.269,TRACK,0.23468023538589478,0.11094576865434647,0.8873748779296875,0.22604202695564302,0.19724350952511555,1.0,-0.2413768321275711,0.17290186882019043,0.9301544427871704,-0.2838389034581696,0.09713638290395563,1.0,-0.06933736801147461,-0.2639443576335907,0.9296536445617676,0.05779687650252605,-0.2943798924290716,1.0
5.289,TRACK,0.23468023538589478,0.11094576865434647,0.8873748779296875,0.22406593455970644,0.19948548059917878,1.0,-0.2413768321275711,0.17290186882019043,0.9301544427871704,-0.28479246116488993,0.0943040511518177,1.0,-0.04190203174948692,-0.27089861035346985,0.9460766315460205,0.060726526605182976,-0.29378953175099687,1.0
5.309,TRACK,0.22377650439739227,0.127334862947464,0.9051346182823181,0.22205543902977393,0.20172104996081677,1.0,-0.2527283728122711,0.16581960022449493,0.9450613260269165,-0.28572327325902436,0.09144512626788205,1.0,-0.04190203174948692,-0.27089861035346985,0.9460766315460205,0.06366783422924992,-0.2931661762286992,1.0
5.329,TRACK,0.22377650439739227,0.127334862947464,0.9051346182823181,0.22002691831016216,0.2039317415679404,1.0,-0.2527283728122711,0.16581960022449493,0.9450613260269165,-0.28662352799092056,0.08858302998903338,1.0,-0.04190203174948692,-0.27089861035346985,0.9460766315460205,0.06659660968075788,-0.29251477155697414,1.0
5.349,TRACK,0.22377650439739227,0.127334862947464,0.9051346182823181,0.21797570187023654,0.20612276292097811,1.0,-0.2527283728122711,0.16581960022449493,0.9450613260269165,-0.28749539992292256,0.08571111376687864,1.0,-0.04190203174948692,-0.27089861035346985,0.9460766315460205,0.06951969805268553,-0.2918338766878572,1.0
5.369,TRACK,0.22377650439739227,0.127334862947464,0.9051346182823181,0.2159072370869964,0.20828841776118884,1.0,-0.2527283728122711,0.16581960022449493,0.9450613260269165,-0.2883366796387537,0.08283694329765386,1.0,-0.04190203174948692,-0.27089861035346985,0.9460766315460205,0.0724294425517568,-0.29112536105884307,1.0
5.389,TRACK,0.22377650439739227,0.127334862947464,0.9051346182823181,0.21380787466061543,0.21044284908998584,1.0,-0.2527283728122711,0.16581960022449493,0.9450613260269165,-0.28915279068701044,0.07994162644025891,1.0,-0.01872447319328785,-0.27998942136764526,0.9554587006568909,0.07534491602639455,-0.29038447553024516,1.0
5.409,TRACK,0.21399594843387604,0.14306917786598206,0.9161584377288818,0.2117008257097093,0.2125623682447749,1.0,-0.2658742368221283,0.15725106000900269,0.9540238976478577,-0.28993482364341244,0.07705710894436231,1.0,-0.01872447319328785,-0.27998942136764526,0.9554587006568909,0.07823399793370266,-0.2896194771891376,1.0
5.429,TRACK,0.21399594843387604,0.14306917786598206,0.9161584377288818,0.20956552462374242,0.2146678617985832,1.0,-0.2658742368221283,0.15725106000900269,0.9540238976478577,-0.2906905840055313,0.07415513718228235,1.0,-0.01872447319328785,-0.27998942136764526,0.9554587006568909,0.08112505938178846,-0.28882299898086594,1.0
5.449,TRACK,0.21399594843387604,0.14306917786598206,0.9161584377288818,0.20739892257193412,0.21676182070650926,1.0,-0.2658742368221283,0.15725106000900269,0.9540238976478577,-0.29142070458837194,0.07123182531156182,1.0,-0.01872447319328785,-0.27998942136764526,0.9554587006568909,0.08402178201643733,-0.2879936460180715,1.0
5.469,TRACK,0.21399594843387604,0.14306917786598206,0.9161584377288818,0.20523983210932248,0.21880724694519857,1.0,-0.2658742368221283,0.15725106000900269,0.9540238976478577,-0.29211255044133827,0.0683392850025268,1.0,-0.01872447319328785,-0.27998942136764526,0.9554587006568909,0.08687271833201536,-0.2871465319477258,1.0
5.489,TRACK,0.21399594843387604,0.14306917786598206,0.9161584377288818,0.20303461215086588,0.22085503451075653,1.0,-0.2658742368221283,0.15725106000900269,0.9540238976478577,-0.29278337651543707,0.06540561471479193,1.0,0.001986835850402713,-0.2859435975551605,0.9595941305160522,0.08974876436457073,-0.2862606492255489,1.0
5.509,TRACK,0.20375287532806396,0.15669596195220947,0.9212138056755066,0.20081371731443654,0.22287631309396153,1.0,-0.27769148349761963,0.14570803940296173,0.957876443862915,-0.29342340769840336,0.06247162407570792,1.0,0.001986835850402713,-0.2859435975551605,0.9595941305160522,0.09260969038396637,-0.28534793716966994,1.0
5.529,TRACK,0.20375287532806396,0.15669596195220947,0.9212138056755066,0.19857460438071228,0.22487357891722984,1.0,-0.27769148349761963,0.14570803940296173,0.957876443862915,-0.29403353417260203,0.05953386248152627,1.0,0.001986835850402713,-0.2859435975551605,0.9595941305160522,0.09545892979188927,-0.28440744139875657,1.0
5.549,TRACK,0.20375287532806396,0.15669596195220947,0.9212138056755066,0.19630840760638912,0.22685459903436778,1.0,-0.27769148349761963,0.14570803940296173,0.957876443862915,-0.2946160495322899,0.05658076844641907,1.0,0.001986835850402713,-0.2859435975551605,0.9595941305160522,0.09830764192590036,-0.2834353674807873,1.0
5.569,TRACK,0.20375287532806396,0.15669596195220947,0.9212138056755066,0.19402853154123972,0.22880762432215876,1.0,-0.27769148349761963,0.14570803940296173,0.957876443862915,-0.2951674810131756,0.0536298252126241,1.0,0.001986835850402713,-0.2859435975551605,0.9595941305160522,0.10113894947193545,-0.28243744953478334,1.0
5.589,TRACK,0.20375287532806396,0.15669596195220947,0.9212138056755066,0.19173824829320615,0.23073024106400275,1.0,-0.27769148349761963,0.14570803940296173,0.957876443862915,-0.29568737432933695,0.05068507336704309,1.0,0.026646947488188744,-0.292276531457901,0.9616798162460327,0.10394912603613042,-0.2814153144310463,1.0
5.609,TRACK,0.19337737560272217,0.1715417504310608,0.922853410243988,0.1894221484967226,0.2326354436857926,1.0,-0.2861928641796112,0.13390232622623444,0.9617950320243835,-0.2961792783009219,0.047726670794693456,1.0,0.026646947488188744,-0.292276531457901,0.9616798162460327,0.10675712980419888,-0.28036211448048654,1.0
5.629,TRACK,0.19337737560272217,0.1715417504310608,0.922853410243988,0.18708625221336547,0.2345180893508153,1.0,-0.2861928641796112,0.13390232622623444,0.9617950320243835,-0.29664174913147767,0.04476240244018918,1.0,0.026646947488188744,-0.292276531457901,0.9616798162460327,0.10955549691811178,-0.27928049179100495,1.0
5.649,TRACK,0.19337737560272217,0.1715417504310608,0.922853410243988,0.18474308591311278,0.23636834011199603,1.0,-0.2861928641796112,0.13390232622623444,0.9617950320243835,-0.2970725301439053,0.041808035518288385,1.0,0.026646947488188744,-0.292276531457901,0.9616798162460327,0.11232944423079212,-0.27817637563028486,1.0
5.669,TRACK,0.19337737560272217,0.1715417504310608,0.922853410243988,0.18236694152994218,0.23820642022627064,1.0,-0.2861928641796112,0.13390232622623444,0.9617950320243835,-0.2974762820254728,0.03883119406226564,1.0,0.026646947488188744,-0.292276531457901,0.9616798162460327,0.11510934049553023,-0.2770376142885368,1.0
5.689,TRACK,0.19337737560272217,0.1715417504310608,0.922853410243988,0.1799773461119352,0.24001698874559835,1.0,-0.2861928641796112,0.13390232622623444,0.9617950320243835,-0.2978494826494995,0.03585645946584085,1.0,0.049919743090867996,-0.29585546255111694,0.9631035327911377,0.11787213653756388,-0.27587344821143966,1.0
5.709,TRACK,0.18583175539970398,0.18483705818653107,0.9217057824134827,0.1775586495789029,0.24181175728180868,1.0,-0.2947328984737396,0.12126107513904572,0.960620105266571,-0.29819444952925456,0.03286442255608438,1.0,0.049919743090867996,-0.29585546255111694,0.9631035327911377,0.1206357999503512,-0.27467617983789355,1.0
5.729,TRACK,0.18583175539970398,0.18483705818653107,0.9217057824134827,0.17512423432777482,0.2435805873855932,1.0,-0.2947328984737396,0.12126107513904572,0.960620105266571,-0.29850909370854656,0.02987174205335492,1.0,0.049919743090867996,-0.29585546255111694,0.9631035327911377,0.1233848593807713,-0.2734523294389486,1.0
5.749,TRACK,0.18583175539970398,0.18483705818653107,0.9217057824134827,0.17268518390698925,0.24531577050611583,1.0,-0.2947328984737396,0.12126107513904572,0.960620105266571,-0.2987922811607443,0.026891870867582195,1.0,0.049919743090867996,-0.29585546255111694,0.9631035327911377,0.12610709725375463,-0.2722076413736985,1.0
5.769,TRACK,0.18583175539970398,0.18483705818653107,0.9217057824134827,0.1702133932420621,0.24703724569591348,1.0,-0.2947328984737396,0.12126107513904572,0.960620105266571,-0.29904722707463016,0.023890499764019198,1.0,0.049919743090867996,-0.29585546255111694,0.9631035327911377,0.12883383383256763,-0.2709277454599332,1.0
5.789,TRACK,0.18583175539970398,0.18483705818653107,0.9217057824134827,0.16774712535794362,0.24871851948366522,1.0,-0.2947328984737396,0.12126107513904572,0.960620105266571,-0.29927011894348077,0.02091401222995902,1.0,0.06960368901491165,-0.2971511483192444,0.9625933766365051,0.13152299358553676,-0.2696325317136247,1.0
5.809,TRACK,0.1756824553012848,0.19738635420799255,0.9216604828834534,0.16525947651875342,0.2503783245825157,1.0,-0.30030515789985657,0.10898509621620178,0.9608621001243591,-0.2994637279048211,0.01792974259010021,1.0,0.06960368901491165,-0.2971511483192444,0.9625933766365051,0.1342042513860673,-0.2683080671726164,1.0
5.829,TRACK,0.1756824553012848,0.19738635420799255,0.9216604828834534,0.16274951741486854,0.2520170521635935,1.0,-0.30030515789985657,0.10898509621620178,0.9608621001243591,-0.2996279280679742,0.014936690453136985,1.0,0.06960368901491165,-0.2971511483192444,0.9625933766365051,0.13687841065310535,-0.26695374261673094,1.0
5.849,TRACK,0.1756824553012848,0.19738635420799255,0.9216604828834534,0.16020081433662714,0.2536448286204186,1.0,-0.30030515789985657,0.10898509621620178,0.9608621001243591,-0.29976327229214633,0.011915560612263773,1.0,0.06960368901491165,-0.2971511483192444,0.9625933766365051,0.13956245795551883,-0.2655603892326829,1.0
5.869,TRACK,0.1756824553012848,0.19738635420799255,0.9216604828834534,0.15766659346219117,0.25522783019496154,1.0,-0.30030515789985657,0.10898509621620178,0.9608621001243591,-0.29986708143271334,0.008929360168929944,1.0,0.06960368901491165,-0.2971511483192444,0.9625933766365051,0.1422004879705218,-0.264157190363892,1.0
5.889,TRACK,0.1756824553012848,0.19738635420799255,0.9216604828834534,0.15510583403139594,0.25679209537956,1.0,-0.30030515789985657,0.10898509621620178,0.9608621001243591,-0.29994139510543355,0.0059295448565814595,1.0,0.09090181440114975,-0.3007524907588959,0.9635269045829773,0.14483556107403722,-0.26272164023614203,1.0
5.909,TRACK,0.16497516632080078,0.20920228958129883,0.921420156955719,0.15252589173958586,0.2583328325030408,1.0,-0.30629608035087585,0.09450368583202362,0.9626839756965637,-0.2999857414490166,0.0029248807298356805,1.0,0.09090181440114975,-0.3007524907588959,0.9635269045829773,0.14745984970943038,-0.261257713232877,1.0
5.929,TRACK,0.16497516632080078,0.20920228958129883,0.921420156955719,0.14994003176929327,0.25984223458287786,1.0,-0.30629608035087585,0.09450368583202362,0.9626839756965637,-0.29999999200953426,-6.924073498550274e-05,1.0,0.09090181440114975,-0.3007524907588959,0.9635269045829773,0.15005996024024063,-0.2597729938478929,1.0
5.949,TRACK,0.16497516632080078,0.20920228958129883,0.921420156955719,0.14732739807678125,0.2613324277159756,1.0,-0.30629608035087585,0.09450368583202362,0.9626839756965637,-0.2999842202730861,-0.003076944450032917,1.0,0.09090181440114975,-0.3007524907588959,0.9635269045829773,0.15265682219630444,-0.2582554832659433,1.0
5.969,TRACK,0.16497516632080078,0.20920228958129883,0.921420156955719,0.14470919707720006,0.26279126370804656,1.0,-0.30629608035087585,0.09450368583202362,0.9626839756965637,-0.29993850880238393,-0.006073791023919521,1.0,0.09090181440114975,-0.3007524907588959,0.9635269045829773,0.15522931172518353,-0.2567174726841276,1.0
5.989,TRACK,0.16497516632080078,0.20920228958129883,0.921420156955719,0.14207138651490228,0.2642266472817101,1.0,-0.30629608035087585,0.09450368583202362,0.9626839756965637,-0.29986268216020256,-0.00907589376807208,1.0,0.11038542538881302,-0.3009510338306427,0.9647150635719299,0.15779129564529995,-0.25515075351363853,1.0
6.009,TRACK,0.15018831193447113,0.21852253377437592,0.9203193783760071,0.1394308028585949,0.26562953754092866,1.0,-0.3104218542575836,0.07998984307050705,0.9641737937927246,-0.2997573289352539,-0.01206415142486157,1.0,0.11038542538881302,-0.3009510338306427,0.9647150635719299,0.16032652607665868,-0.25356538611606766,1.0
6.029,TRACK,0.15018831193447113,0.21852253377437592,0.9203193783760071,0.13676697804596905,0.2670108494353243,1.0,-0.3104218542575836,0.07998984307050705,0.9641737937927246,-0.2996216677200372,-0.015061747331024685,1.0,0.11038542538881302,-0.3009510338306427,0.9647150635719299,0.16285468967406783,-0.25194910210430016,1.0
6.049,TRACK,0.15018831193447113,0.21852253377437592,0.9203193783760071,0.1340915819245674,0.26836439342238944,1.0,-0.3104218542575836,0.07998984307050705,0.9641737937927246,-0.29945617313727446,-0.018055480330877425,1.0,0.11038542538881302,-0.3009510338306427,0.9647150635719299,0.16536459121270672,-0.25030891309151254,1.0
6.069,TRACK,0.15018831193447113,0.21852253377437592,0.9203193783760071,0.13139141069707208,0.26969667627731964,1.0,-0.3104218542575836,0.07998984307050705,0.9641737937927246,-0.29925987832092277,-0.021060038635921267,1.0,0.11038542538881302,-0.3009510338306427,0.9647150635719299,0.16786846762385035,-0.24863663764139887,1.0
6.089,TRACK,0.15018831193447113,0.21852253377437592,0.9203193783760071,0.12868885880711287,0.2709966376524309,1.0,-0.3104218542575836,0.07998984307050705,0.9641737937927246,-0.2990344019507281,-0.02405049791522728,1.0,0.12609131634235382,-0.30096086859703064,0.9651855230331421,0.17034554314361497,-0.24694613973720425,1.0
6.109,TRACK,0.13443554937839508,0.2295563668012619,0.9248381853103638,0.12597760154757356,0.272267596140857,1.0,-0.3138981759548187,0.0661822110414505,0.9650294780731201,-0.29877945565909086,-0.027033994822396296,1.0,0.12609131634235382,-0.30096086859703064,0.9651855230331421,0.172801854111517,-0.24523360131846123,1.0
6.129,TRACK,0.13443554937839508,0.2295563668012619,0.9248381853103638,0.12324554462033276,0.27351514716965414,1.0,-0.3138981759548187,0.0661822110414505,0.9650294780731201,-0.2984938380789262,-0.030023801040370675,1.0,0.12609131634235382,-0.30096086859703064,0.9651855230331421,0.1752482934585932,-0.24349134612928403,1.0
6.149,TRACK,0.13443554937839508,0.2295563668012619,0.9248381853103638,0.1205048358923788,0.2747336610729578,1.0,-0.3138981759548187,0.0661822110414505,0.9650294780731201,-0.29817874771007474,-0.033006581374804354,1.0,0.12609131634235382,-0.30096086859703064,0.9651855230331421,0.17767391181769568,-0.241727079698154,1.0
6.169,TRACK,0.13443554937839508,0.2295563668012619,0.9248381853103638,0.11774908843713139,0.27592599038913423,1.0,-0.3138981759548187,0.0661822110414505,0.9650294780731201,-0.2978334614599368,-0.035989293335551155,1.0,0.12609131634235382,-0.30096086859703064,0.9651855230331421,0.1800843730228051,-0.23993669705358367,1.0
6.189,TRACK,0.13443554937839508,0.2295563668012619,0.9248381853103638,0.11499181821585792,0.2770864156601891,1.0,-0.3138981759548187,0.0661822110414505,0.9650294780731201,-0.297459784113227,-0.038957372027799746,1.0,0.1381109058856964,-0.29961079359054565,0.9648631811141968,0.18246796589736877,-0.2381290436323899,1.0
6.209,TRACK,0.12101418524980545,0.2381075620651245,0.9243694543838501,0.11220616561430166,0.27822612457879636,1.0,-0.31720221042633057,0.05158613622188568,0.9638729095458984,-0.2970539746888824,-0.04193967240616931,1.0,0.1381109058856964,-0.29961079359054565,0.9648631811141968,0.1848478090745805,-0.2362864521726276,1.0
6.229,TRACK,0.12101418524980545,0.2381075620651245,0.9243694543838501,0.1094195086140952,0.27933379876887426,1.0,-0.31720221042633057,0.05158613622188568,0.9638729095458984,-0.296619920176503,-0.044906825255020794,1.0,0.1381109058856964,-0.29961079359054565,0.9648631811141968,0.18720041156240755,-0.23442697351385405,1.0
6.249,TRACK,0.12101418524980545,0.2381075620651245,0.9243694543838501,0.1066208826380104,0.2804139571873904,1.0,-0.31720221042633057,0.05158613622188568,0.9638729095458984,-0.2961560518190072,-0.047870585655259326,1.0,0.1381109058856964,-0.29961079359054565,0.9648631811141968,0.18953516918099655,-0.23254337153213164,1.0
6.269,TRACK,0.12101418524980545,0.2381075620651245,0.9243694543838501,0.10381491747613059,0.28146485199652227,1.0,-0.31720221042633057,0.05158613622188568,0.9638729095458984,-0.29566317083948074,-0.050826070172147304,1.0,0.1381109058856964,-0.29961079359054565,0.9648631811141968,0.19184825336334987,-0.23063878182437555,1.0
6.289,TRACK,0.12101418524980545,0.2381075620651245,0.9243694543838501,0.10099573401335375,0.28248869306771185,1.0,-0.31720221042633057,0.05158613622188568,0.9638729095458984,-0.2951402514851803,-0.05377947520443579,1.0,0.15138916671276093,-0.29505157470703125,0.965591311454773,0.19414451747182632,-0.22870921786327658,1.0
6.309,TRACK,0.10941474139690399,0.2481490522623062,0.9200055003166199,0.0981813246224403,0.2834791482550048,1.0,-0.3202197849750519,0.036979835480451584,0.9635394215583801,-0.29459080614322936,-0.05671205282726283,1.0,0.15138916671276093,-0.29505157470703125,0.965591311454773,0.19640948152078885,-0.2267670954277426,1.0
6.329,TRACK,0.10941474139690399,0.2481490522623062,0.9200055003166199,0.0953227528094781,0.2844531117720865,1.0,-0.3202197849750519,0.036979835480451584,0.9635394215583801,-0.29400499738490027,-0.05967463039437105,1.0,0.15138916671276093,-0.29505157470703125,0.965591311454773,0.19868224457542188,-0.22477848137771603,1.0
6.349,TRACK,0.10941474139690399,0.2481490522623062,0.9200055003166199,0.09247956151066977,0.2853901377111589,1.0,-0.3202197849750519,0.036979835480451584,0.9635394215583801,-0.2933948900027378,-0.06260541925649414,1.0,0.15138916671276093,-0.29505157470703125,0.965591311454773,0.20091532849206775,-0.22278471845466535,1.0
6.369,TRACK,0.10941474139690399,0.2481490522623062,0.9200055003166199,0.08961562572138583,0.2863023570049057,1.0,-0.3202197849750519,0.036979835480451584,0.9635394215583801,-0.2927529271903028,-0.06554177005169488,1.0,0.15138916671276093,-0.29505157470703125,0.965591311454773,0.2031373014689168,-0.22076058695321144,1.0
6.389,TRACK,0.10941474139690399,0.2481490522623062,0.9200055003166199,0.08675032866697575,0.2871835309974646,1.0,-0.3202197849750519,0.036979835480451584,0.9635394215583801,-0.2920833977258079,-0.06846377708648216,1.0,0.16575224697589874,-0.2918703854084015,0.9643505811691284,0.2053330690588319,-0.218719753910983,1.0
6.409,TRACK,0.09703438729047775,0.2603487968444824,0.9222585558891296,0.08388921148763769,0.2880322901967458,1.0,-0.32180455327033997,0.021235493943095207,0.9636031985282898,-0.2913878861644122,-0.07136595684663363,1.0,0.16575224697589874,-0.2918703854084015,0.9643505811691284,0.20749867467677427,-0.21666633335011276,1.0
6.429,TRACK,0.09703438729047775,0.2603487968444824,0.9222585558891296,0.08098570251528735,0.2888621054899818,1.0,-0.32180455327033997,0.021235493943095207,0.9636031985282898,-0.2906547728026282,-0.07429537702342308,1.0,0.16575224697589874,-0.2918703854084015,0.9643505811691284,0.20966907028734066,-0.21456672846655933,1.0
6.449,TRACK,0.09703438729047775,0.2603487968444824,0.9222585558891296,0.07809992000643697,0.2896556619418791,1.0,-0.32180455327033997,0.021235493943095207,0.9636031985282898,-0.28989912159488307,-0.07719131621183294,1.0,0.16575224697589874,-0.2918703854084015,0.9643505811691284,0.21179920158844592,-0.21246434573004677,1.0
6.469,TRACK,0.09703438729047775,0.2603487968444824,0.9222585558891296,0.07520047885708236,0.29042191373872855,1.0,-0.32180455327033997,0.021235493943095207,0.9636031985282898,-0.2891129945419729,-0.0800854318023767,1.0,0.16575224697589874,-0.2918703854084015,0.9643505811691284,0.21391251568489036,-0.2103364819363525,1.0
6.489,TRACK,0.09703438729047775,0.2603487968444824,0.9222585558891296,0.07229064191597,0.2911598583104769,1.0,-0.32180455327033997,0.021235493943095207,0.9636031985282898,-0.28829715481713564,-0.0829743968001246,1.0,0.18366503715515137,-0.2830439805984497,0.9619936943054199,0.21600651290116543,-0.20818546151035294,1.0
6.509,TRACK,0.07932838797569275,0.26382237672805786,0.9233813881874084,0.06938452639145588,0.29186604375540737,1.0,-0.32551610469818115,0.0073931654915213585,0.9659874439239502,-0.28745567158997115,-0.08584425939315136,1.0,0.18366503715515137,-0.2830439805984497,0.9619936943054199,0.2180711451985151,-0.2060217843622566,1.0
6.529,TRACK,0.07932838797569275,0.26382237672805786,0.9233813881874084,0.0664488472136801,0.2925483732717941,1.0,-0.32551610469818115,0.0073931654915213585,0.9659874439239502,-0.2865787466960261,-0.08872779689665959,1.0,0.18366503715515137,-0.2830439805984497,0.9619936943054199,0.22012989948234588,-0.20382057637513515,1.0
6.549,TRACK,0.07932838797569275,0.26382237672805786,0.9233813881874084,0.06352065185137679,0.2931981016111397,1.0,-0.32551610469818115,0.0073931654915213585,0.9659874439239502,-0.2856773302623064,-0.09158855263733082,1.0,0.18366503715515137,-0.2830439805984497,0.9619936943054199,0.22215667841092945,-0.20160954897380945,1.0
6.569,TRACK,0.07932838797569275,0.26382237672805786,0.9233813881874084,0.06060249893738681,0.293815141070953,1.0,-0.32551610469818115,0.0073931654915213585,0.9659874439239502,-0.2847526256526472,-0.0944242669228804,1.0,0.18366503715515137,-0.2830439805984497,0.9619936943054199,0.22415012671526022,-0.19939087414807324,1.0
6.589,TRACK,0.07932838797569275,0.26382237672805786,0.9233813881874084,0.057663088905911576,0.29440612795563365,1.0,-0.32551610469818115,0.0073931654915213585,0.9659874439239502,-0.2837947302923464,-0.09726536412461709,1.0,0.19767959415912628,-0.2777082324028015,0.9618806838989258,0.22613164138643466,-0.1971407638310172,1.0
6.609,TRACK,0.06536101549863815,0.27090296149253845,0.9215006828308105,0.05469175795291053,0.2949725607781514,1.0,-0.32679182291030884,-0.009367233142256737,0.9661779999732971,-0.2827996100296836,-0.1001218286242259,1.0,0.19767959415912628,-0.2777082324028015,0.9618806838989258,0.22810785207677292,-0.19485073215392615,1.0
6.629,TRACK,0.06536101549863815,0.27090296149253845,0.9215006828308105,0.051741181558229196,0.295504399512018,1.0,-0.32679182291030884,-0.009367233142256737,0.9661779999732971,-0.2817849076865879,-0.10294302210475995,1.0,0.19767959415912628,-0.2777082324028015,0.9618806838989258,0.23004372612835863,-0.19256137740725873,1.0
6.649,TRACK,0.06536101549863815,0.27090296149253845,0.9215006828308105,0.04878596681222012,0.2960066374968591,1.0,-0.32679182291030884,-0.009367233142256737,0.9661779999732971,-0.2807422511672013,-0.1057534321408627,1.0,0.19767959415912628,-0.2777082324028015,0.9618806838989258,0.23195628435498103,-0.19025320535599702,1.0
6.669,TRACK,0.06536101549863815,0.27090296149253845,0.9215006828308105,0.045823053860097614,0.29647975940177534,1.0,-0.32679182291030884,-0.009367233142256737,0.9661779999732971,-0.2796705302798844,-0.10855595097906084,1.0,0.19767959415912628,-0.2777082324028015,0.9618806838989258,0.23384747641978665,-0.1879238084227151,1.0
6.689,TRACK,0.06536101549863815,0.27090296149253845,0.9215006828308105,0.042869927957666344,0.29692114993193813,1.0,-0.32679182291030884,-0.009367233142256737,0.9661779999732971,-0.2785762227407796,-0.1113341282962216,1.0,0.21179240942001343,-0.2682131230831146,0.9624422192573547,0.23570629478311317,-0.18558702163571716,1.0
6.709,TRACK,0.05398739129304886,0.27819570899009705,0.9199395775794983,0.03988267495250842,0.2973371356535079,1.0,-0.326101690530777,-0.027820052579045296,0.965142011642456,-0.27744285044069167,-0.11412915814700464,1.0,0.21179240942001343,-0.2682131230831146,0.9624422192573547,0.23756017548818312,-0.1832079775065039,1.0
6.729,TRACK,0.05398739129304886,0.27819570899009705,0.9199395775794983,0.03690338686540499,0.29772158141099253,1.0,-0.326101690530777,-0.027820052579045296,0.965142011642456,-0.27628614618949876,-0.11690152019437086,1.0,0.21179240942001343,-0.2682131230831146,0.9624422192573547,0.2393827593240937,-0.1808200612166223,1.0
6.749,TRACK,0.05398739129304886,0.27819570899009705,0.9199395775794983,0.03392579969543569,0.29807556108313404,1.0,-0.326101690530777,-0.027820052579045296,0.965142011642456,-0.275103907993012,-0.11965717616161764,1.0,0.21179240942001343,-0.2682131230831146,0.9624422192573547,0.24117810829757616,-0.17841838492151701,1.0
6.769,TRACK,0.05398739129304886,0.27819570899009705,0.9199395775794983,0.03094297346900417,0.29839995374144496,1.0,-0.326101690530777,-0.027820052579045296,0.965142011642456,-0.27389342716269466,-0.12240257577793728,1.0,0.21179240942001343,-0.2682131230831146,0.9624422192573547,0.24295045369369037,-0.17599737796350834,1.0
6.789,TRACK,0.05398739129304886,0.27819570899009705,0.9199395775794983,0.02796274923192146,0.2986939648794275,1.0,-0.326101690530777,-0.027820052579045296,0.965142011642456,-0.2726579361586417,-0.12513053124521628,1.0,0.2270323932170868,-0.2563394606113434,0.9635376334190369,0.24469518692672015,-0.17356343363421187,1.0
6.809,TRACK,0.04396309331059456,0.2879001498222351,0.9197014570236206,0.024967728379560235,0.2989592155120235,1.0,-0.3238567113876343,-0.04513475298881531,0.9636438488960266,-0.2713901395186591,-0.1278569207045232,1.0,0.2270323932170868,-0.2563394606113434,0.9635376334190369,0.2464224111390988,-0.1711022948075009,1.0
6.829,TRACK,0.04396309331059456,0.2879001498222351,0.9197014570236206,0.021983039528683523,0.29919349253130545,1.0,-0.3238567113876343,-0.04513475298881531,0.9636438488960266,-0.27010068494344186,-0.1305588755814156,1.0,0.2270323932170868,-0.2563394606113434,0.9635376334190369,0.24811764541475823,-0.1686346169498905,1.0
6.849,TRACK,0.04396309331059456,0.2879001498222351,0.9197014570236206,0.01900536962353106,0.29939738797369786,1.0,-0.3238567113876343,-0.04513475298881531,0.9636438488960266,-0.2687884286236933,-0.13323956108455823,1.0,0.2270323932170868,-0.2563394606113434,0.9635376334190369,0.24978305900016218,-0.16615782688914024,1.0
6.869,TRACK,0.04396309331059456,0.2879001498222351,0.9197014570236206,0.01599549925454781,0.29957326984161614,1.0,-0.3238567113876343,-0.04513475298881531,0.9636438488960266,-0.267435811604884,-0.1359341262201549,1.0,0.2270323932170868,-0.2563394606113434,0.9635376334190369,0.2514403123503361,-0.16363914362146187,1.0
6.889,TRACK,0.04396309331059456,0.2879001498222351,0.9197014570236206,0.01300069884694129,0.2997181706695327,1.0,-0.3238567113876343,-0.04513475298881531,0.9636438488960266,-0.26606389919908585,-0.13860014986636443,1.0,0.23699268698692322,-0.24709399044513702,0.9642617106437683,0.25306320035214447,-0.16111802080316892,1.0
6.909,TRACK,0.030157964676618576,0.2946230471134186,0.9205337166786194,0.010009389385777018,0.2998329737105709,1.0,-0.32517552375793457,-0.05450458824634552,0.9675849080085754,-0.2646676668184745,-0.14124810137083252,1.0,0.23699268698692322,-0.24709399044513702,0.9642617106437683,0.25465827743269737,-0.15858487233973897,1.0
6.929,TRACK,0.030157964676618576,0.2946230471134186,0.9205337166786194,0.00701254267849196,0.2999180292099532,1.0,-0.32517552375793457,-0.05450458824634552,0.9675849080085754,-0.26324290368802855,-0.14388597450028026,1.0,0.23699268698692322,-0.24709399044513702,0.9642617106437683,0.25623036100953656,-0.15603205470967355,1.0
6.949,TRACK,0.030157964676618576,0.2946230471134186,0.9205337166786194,0.0040050902197157415,0.2999732642292175,1.0,-0.32517552375793457,-0.05450458824634552,0.9675849080085754,-0.2617870123885019,-0.14651812223988658,1.0,0.23699268698692322,-0.24709399044513702,0.9642617106437683,0.2577819221687861,-0.1534551419893315,1.0
6.969,TRACK,0.030157964676618576,0.2946230471134186,0.9205337166786194,0.001018084710951143,0.2999982725008951,1.0,-0.32517552375793457,-0.05450458824634552,0.9675849080085754,-0.2603151674326971,-0.14911744902755963,1.0,0.23699268698692322,-0.24709399044513702,0.9642617106437683,0.25929708272174595,-0.15088082347333612,1.0
6.989,TRACK,0.030157964676618576,0.2946230471134186,0.9205337166786194,-0.0020019943006090416,0.2999933199569956,1.0,-0.32517552375793457,-0.05450458824634552,0.9675849080085754,-0.2588008388980867,-0.15173043790105714,1.0,0.2457638680934906,-0.23504039645195007,0.965096116065979,0.26080283319869574,-0.14826288205593904,1.0
7.009,TRACK,0.01885833404958248,0.30209529399871826,0.9202409386634827,-0.004998663611780489,0.2999583527126662,1.0,-0.3216320276260376,-0.07088533788919449,0.9668779373168945,-0.25727222172061137,-0.15430814602910814,1.0,0.2457638680934906,-0.23504039645195007,0.965096116065979,0.26227088533239185,-0.1456502066835587,1.0
7.029,TRACK,0.01885833404958248,0.30209529399871826,0.9202409386634827,-0.00798732657756557,0.29989365217380526,1.0,-0.3216320276260376,-0.07088533788919449,0.9668779373168945,-0.2557218579274268,-0.15686405381139734,1.0,0.2457638680934906,-0.23504039645195007,0.965096116065979,0.2637091845049923,-0.14302959836240858,1.0
7.049,TRACK,0.01885833404958248,0.30209529399871826,0.9202409386634827,-0.01099771190700149,0.29979834944977696,1.0,-0.3216320276260376,-0.07088533788919449,0.9668779373168945,-0.25413413068265045,-0.15942347261985465,1.0,0.2457638680934906,-0.23504039645195007,0.965096116065979,0.2651318425896519,-0.14037487682992295,1.0
7.069,TRACK,0.01885833404958248,0.30209529399871826,0.9202409386634827,-0.013978981219297675,0.2996741364950778,1.0,-0.3216320276260376,-0.07088533788919449,0.9668779373168945,-0.2525359244522537,-0.16194322110247653,1.0,0.2457638680934906,-0.23504039645195007,0.965096116065979,0.2665149056715514,-0.1377309153926019,1.0
7.089,TRACK,0.01885833404958248,0.30209529399871826,0.9202409386634827,-0.016982968863014692,0.2995189122052193,1.0,-0.3216320276260376,-0.07088533788919449,0.9668779373168945,-0.25089950245209336,-0.16446713856966075,1.0,0.25889670848846436,-0.22312991321086884,0.9641066789627075,0.26788247131510806,-0.13505177363555917,1.0
7.109,TRACK,0.006324471905827522,0.30588191747665405,0.9205154180526733,-0.019975864416386675,0.29933420259104726,1.0,-0.31722840666770935,-0.08864966779947281,0.9653313755989075,-0.24924309145721113,-0.16696670734266836,1.0,0.25889670848846436,-0.22312991321086884,0.9641066789627075,0.26921895587359784,-0.1323674952483795,1.0
7.129,TRACK,0.006324471905827522,0.30588191747665405,0.9205154180526733,-0.022967905311235926,0.2991195000758294,1.0,-0.31722840666770935,-0.08864966779947281,0.9653313755989075,-0.24756113317735143,-0.1694505395091608,1.0,0.25889670848846436,-0.22312991321086884,0.9641066789627075,0.27052903848858734,-0.1296689605666692,1.0
7.149,TRACK,0.006324471905827522,0.30588191747665405,0.9205154180526733,-0.02595494204288571,0.29887512607032124,1.0,-0.31722840666770935,-0.08864966779947281,0.9653313755989075,-0.24585598071473194,-0.1719152021980527,1.0,0.25889670848846436,-0.22312991321086884,0.9641066789627075,0.2718109227576177,-0.1269599238722692,1.0
7.169,TRACK,0.006324471905827522,0.30588191747665405,0.9205154180526733,-0.028948394216286043,0.29860005102527776,1.0,-0.31722840666770935,-0.08864966779947281,0.9653313755989075,-0.24412103265107696,-0.1743700703027094,1.0,0.25889670848846436,-0.22312991321086884,0.9641066789627075,0.273069426867363,-0.12422998072256902,1.0
7.189,TRACK,0.006324471905827522,0.30588191747665405,0.9205154180526733,-0.03193335698260697,0.2982955928467958,1.0,-0.31722840666770935,-0.08864966779947281,0.9653313755989075,-0.24236488275096116,-0.176802894798453,1.0,0.265981525182724,-0.2112189382314682,0.9637617468833923,0.27429823973356815,-0.12149269804834345,1.0
7.209,TRACK,-0.0057033514603972435,0.31058746576309204,0.9208179116249084,-0.034911751077206656,0.29796169155903773,1.0,-0.3112471103668213,-0.1084028035402298,0.9645683169364929,-0.2405865187061065,-0.17921530910297886,1.0,0.265981525182724,-0.2112189382314682,0.9637617468833923,0.2754982697833132,-0.11874638245605955,1.0
7.229,TRACK,-0.0057033514603972435,0.31058746576309204,0.9208179116249084,-0.037895175187429686,0.29759696856237294,1.0,-0.3112471103668213,-0.1084028035402298,0.9645683169364929,-0.2387789472705389,-0.1816166686743626,1.0,0.265981525182724,-0.2112189382314682,0.9637617468833923,0.27667412245796863,-0.11598029988801102,1.0
7.249,TRACK,-0.0057033514603972435,0.31058746576309204,0.9208179116249084,-0.04087118174061108,0.2972028709537072,1.0,-0.3112471103668213,-0.1084028035402298,0.9645683169364929,-0.23694964545327296,-0.18399691714691374,1.0,0.265981525182724,-0.2112189382314682,0.9637617468833923,0.27782082719388407,-0.1132059538067941,1.0
7.269,TRACK,-0.0057033514603972435,0.31058746576309204,0.9208179116249084,-0.0438393102220449,0.2967795728807077,1.0,-0.3112471103668213,-0.1084028035402298,0.9645683169364929,-0.23509899432796547,-0.18635574277703185,1.0,0.265981525182724,-0.2112189382314682,0.9637617468833923,0.27893830455001045,-0.11042383010367653,1.0
7.289,TRACK,-0.0057033514603972435,0.31058746576309204,0.9208179116249084,-0.04679903310472264,0.2963272692488207,1.0,-0.3112471103668213,-0.1084028035402298,0.9645683169364929,-0.23322742645118846,-0.18869278616564933,1.0,0.27395930886268616,-0.19768480956554413,0.9637126922607422,0.2800264595559112,-0.10763448308317197,1.0
7.309,TRACK,-0.020119300112128258,0.3118848204612732,0.9187667965888977,-0.04975779761020634,0.2958448268551974,1.0,-0.30588334798812866,-0.12297426164150238,0.964857280254364,-0.2313302368297063,-0.1910139301944023,1.0,0.27395930886268616,-0.19768480956554413,0.9637126922607422,0.2810880344399127,-0.10483089666079577,1.0
7.329,TRACK,-0.020119300112128258,0.3118848204612732,0.9187667965888977,-0.05271525496558015,0.2953321890582093,1.0,-0.30588334798812866,-0.12297426164150238,0.964857280254364,-0.22940755079688757,-0.1933188444962711,1.0,0.27395930886268616,-0.19768480956554413,0.9637126922607422,0.2821228057624678,-0.10201334456193883,1.0
7.349,TRACK,-0.020119300112128258,0.3118848204612732,0.9187667965888977,-0.05566718932608387,0.2947900338080206,1.0,-0.30588334798812866,-0.12297426164150238,0.964857280254364,-0.2274620633971772,-0.19560421701767713,1.0,0.27395930886268616,-0.19768480956554413,0.9637126922607422,0.28312925272326117,-0.0991858167903441,1.0
7.369,TRACK,-0.020119300112128258,0.3118848204612732,0.9187667965888977,-0.058610641004366616,0.2942189537760225,1.0,-0.30588334798812866,-0.12297426164150238,0.964857280254364,-0.22549576774273142,-0.19786778092988286,1.0,0.27395930886268616,-0.19768480956554413,0.9637126922607422,0.28410640874709814,-0.09635117284614025,1.0
7.389,TRACK,-0.020119300112128258,0.3118848204612732,0.9187667965888977,-0.06154827310672299,0.2936184770711479,1.0,-0.30588334798812866,-0.12297426164150238,0.964857280254364,-0.2235069236107511,-0.2001116066050589,1.0,0.2823030650615692,-0.18320901691913605,0.9637283682823181,0.2850551967174742,-0.09350687046608967,1.0
7.409,TRACK,-0.03453352674841881,0.3128933906555176,0.9174415469169617,-0.06448394827627435,0.29298774789178944,1.0,-0.3016098737716675,-0.14018695056438446,0.9648436307907104,-0.22149285853374287,-0.2023386112894703,1.0,0.2823030650615692,-0.18320901691913605,0.9637283682823181,0.2859768068100173,-0.09064913660231975,1.0
7.429,TRACK,-0.03453352674841881,0.3128933906555176,0.9174415469169617,-0.06741511507767331,0.2923272177869588,1.0,-0.3016098737716675,-0.14018695056438446,0.9648436307907104,-0.21945523928229568,-0.2045468111497961,1.0,0.2823030650615692,-0.18320901691913605,0.9637283682823181,0.2868703543599691,-0.08778040663716337,1.0
7.449,TRACK,-0.03453352674841881,0.3128933906555176,0.9174415469169617,-0.07033632089941994,0.2916381353018391,1.0,-0.3016098737716675,-0.14018695056438446,0.9648436307907104,-0.21739787343400577,-0.2067321083585518,1.0,0.2823030650615692,-0.18320901691913605,0.9637283682823181,0.28773419433342584,-0.08490602694328794,1.0
7.469,TRACK,-0.03453352674841881,0.3128933906555176,0.9174415469169617,-0.07324417477864546,0.29092145135928915,1.0,-0.3016098737716675,-0.14018695056438446,0.9648436307907104,-0.21532327999366033,-0.20889204171717923,1.0,0.2823030650615692,-0.18320901691913605,0.9637283682823181,0.2885674547723059,-0.08202940964211052,1.0
7.489,TRACK,-0.03453352674841881,0.3128933906555176,0.9174415469169617,-0.07614652802967031,0.2901753026517361,1.0,-0.3016098737716675,-0.14018695056438446,0.9648436307907104,-0.21322591963240603,-0.21103247900954658,1.0,0.2895377576351166,-0.1682273894548416,0.9642240405082703,0.2893724476620765,-0.07914282364219012,1.0
7.509,TRACK,-0.049889251589775085,0.3146767318248749,0.9196827411651611,-0.07904738955686201,0.2893985317935212,1.0,-0.29369544982910156,-0.15602292120456696,0.9640477895736694,-0.21110278557267664,-0.2131563133558481,1.0,0.2895377576351166,-0.1682273894548416,0.9642240405082703,0.29015017512953883,-0.07624221843767374,1.0
7.529,TRACK,-0.049889251589775085,0.3146767318248749,0.9196827411651611,-0.08194057103068866,0.2885926936344104,1.0,-0.29369544982910156,-0.15602292120456696,0.9640477895736694,-0.20895831851863447,-0.21525896293038504,1.0,0.2895377576351166,-0.1682273894548416,0.9642240405082703,0.2908988895493233,-0.07333373070402596,1.0
7.549,TRACK,-0.049889251589775085,0.3146767318248749,0.9196827411651611,-0.08482090938044214,0.28775929755939217,1.0,-0.29369544982910156,-0.15602292120456696,0.9640477895736694,-0.20679640717137776,-0.217336711075257,1.0,0.2895377576351166,-0.1682273894548416,0.9642240405082703,0.29161731655182,-0.07042258648413581,1.0
7.569,TRACK,-0.049889251589775085,0.3146767318248749,0.9196827411651611,-0.0876781019570192,0.2869016389587458,1.0,-0.29369544982910156,-0.15602292120456696,0.9640477895736694,-0.20462505674715525,-0.21938228312975386,1.0,0.2895377576351166,-0.1682273894548416,0.9642240405082703,0.2923031587041746,-0.06751935582899257,1.0
7.589,TRACK,-0.049889251589775085,0.3146767318248749,0.9196827411651611,-0.09056068597344921,0.2860048289033217,1.0,-0.29369544982910156,-0.15602292120456696,0.9640477895736694,-0.20240710444857363,-0.22143026908881316,1.0,0.2988867461681366,-0.15180492401123047,0.9633582830429077,0.292967790422023,-0.06457455981450914,1.0
7.609,TRACK,-0.06710793823003769,0.31392329931259155,0.9206419587135315,-0.09340976671913585,0.2850870314158057,1.0,-0.28737688064575195,-0.17286591231822968,0.9630494713783264,-0.20018772813601196,-0.22343874664825294,1.0,0.2988867461681366,-0.15180492401123047,0.9633582830429077,0.29359749485514797,-0.06164828476755343,1.0
7.629,TRACK,-0.06710793823003769,0.31392329931259155,0.9206419587135315,-0.09626086165319833,0.28413702066746566,1.0,-0.28737688064575195,-0.17286591231822968,0.9630494713783264,-0.19793944722704993,-0.22543286191558212,1.0,0.2988867461681366,-0.15180492401123047,0.9633582830429077,0.2942003088802484,-0.05870415875188415,1.0
7.649,TRACK,-0.06710793823003769,0.31392329931259155,0.9206419587135315,-0.09909784137500627,0.28316005691978186,1.0,-0.28737688064575195,-0.17286591231822968,0.9630494713783264,-0.19567488194207533,-0.2274012765508472,1.0,0.2988867461681366,-0.15180492401123047,0.9633582830429077,0.29477272331708176,-0.05575878036893527,1.0
7.669,TRACK,-0.06710793823003769,0.31392329931259155,0.9206419587135315,-0.10192171273006145,0.2821559222737861,1.0,-0.28737688064575195,-0.17286591231822968,0.9630494713783264,-0.19339334015229534,-0.2293447535583463,1.0,0.2988867461681366,-0.15180492401123047,0.9633582830429077,0.29531505288235693,-0.05281116871544042,1.0
7.689,TRACK,-0.06710793823003769,0.31392329931259155,0.9206419587135315,-0.10473893050070966,0.2811223157943309,1.0,-0.28737688064575195,-0.17286591231822968,0.9630494713783264,-0.19108960179824683,-0.231267732475993,1.0,0.3050796091556549,-0.13816410303115845,0.9627982974052429,0.29582853229895667,-0.04985458331833852,1.0
7.709,TRACK,-0.08078763633966446,0.3129562437534332,0.9209282994270325,-0.10754396581264879,0.2800612351206211,1.0,-0.27606838941574097,-0.18973007798194885,0.9608235955238342,-0.18876816132337987,-0.2331664239777898,1.0,0.3050796091556549,-0.13816410303115845,0.9627982974052429,0.29631212713602884,-0.046894811142831914,1.0
7.729,TRACK,-0.08078763633966446,0.3129562437534332,0.9209282994270325,-0.11034404029293428,0.2789698778933512,1.0,-0.27606838941574097,-0.18973007798194885,0.9608235955238342,-0.18642298099981763,-0.23504568099657058,1.0,0.3050796091556549,-0.13816410303115845,0.9627982974052429,0.2967670212927521,-0.04392419689678124,1.0
7.749,TRACK,-0.08078763633966446,0.3129562437534332,0.9209282994270325,-0.1131274771963169,0.2778527917858606,1.0,-0.27606838941574097,-0.18973007798194885,0.9608235955238342,-0.18406383760082476,-0.2368976650109857,1.0,0.3050796091556549,-0.13816410303115845,0.9627982974052429,0.29719131479714184,-0.04095512677487547,1.0
7.769,TRACK,-0.08078763633966446,0.3129562437534332,0.9209282994270325,-0.11589459321629289,0.2767100346269177,1.0,-0.27606838941574097,-0.18973007798194885,0.9608235955238342,-0.18169062286083568,-0.23872267920003237,1.0,0.3050796091556549,-0.13816410303115845,0.9627982974052429,0.2975852160771288,-0.03798735542688593,1.0
7.789,TRACK,-0.08078763633966446,0.3129562437534332,0.9209282994270325,-0.11866284642346668,0.2755342608074008,1.0,-0.27606838941574097,-0.18973007798194885,0.9608235955238342,-0.17928824626044249,-0.24053216989179416,1.0,0.3095357120037079,-0.12330245226621628,0.9620065689086914,0.29795109268390935,-0.03500209091560723,1.0
7.809,TRACK,-0.09593179076910019,0.31088271737098694,0.917400062084198,-0.12141331930624834,0.2743333845798556,1.0,-0.2672719955444336,-0.20645254850387573,0.9615355730056763,-0.17687302049919673,-0.2423137111669307,1.0,0.3095357120037079,-0.12330245226621628,0.9620065689086914,0.2982863398054453,-0.032019673412925526,1.0
7.829,TRACK,-0.09593179076910019,0.31088271737098694,0.917400062084198,-0.12413943226626466,0.2731106027905352,1.0,-0.2672719955444336,-0.20645254850387573,0.9615355730056763,-0.17445100392635207,-0.2440632033492306,1.0,0.3095357120037079,-0.12330245226621628,0.9620065689086914,0.298590436192617,-0.02904739944130517,1.0
7.849,TRACK,-0.09593179076910019,0.31088271737098694,0.917400062084198,-0.1268650286403103,0.27185522711195614,1.0,-0.2672719955444336,-0.20645254850387573,0.9615355730056763,-0.17200101851038666,-0.24579595121032732,1.0,0.3095357120037079,-0.12330245226621628,0.9620065689086914,0.29886604715069714,-0.026059275901629368,1.0
7.869,TRACK,-0.09593179076910019,0.31088271737098694,0.917400062084198,-0.12958147969772085,0.270570952098242,1.0,-0.2672719955444336,-0.20645254850387573,0.9615355730056763,-0.1695305781943593,-0.24750632932732491,1.0,0.3095357120037079,-0.12330245226621628,0.9620065689086914,0.2991120578920804,-0.02306462277091763,1.0
7.889,TRACK,-0.09593179076910019,0.31088271737098694,0.917400062084198,-0.13228358349050653,0.26926019672226004,1.0,-0.2672719955444336,-0.20645254850387573,0.9615355730056763,-0.16704437884421908,-0.24919104216754864,1.0,0.31214696168899536,-0.11076919734477997,0.9618121385574341,0.29932796233472586,-0.020069154554711987,1.0
7.909,TRACK,-0.11326437443494797,0.30765217542648315,0.9174708724021912,-0.13496869348689944,0.26792433965289414,1.0,-0.2558172047138214,-0.22144173085689545,0.9614149928092957,-0.16454493768812672,-0.2508484871016975,1.0,0.31214696168899536,-0.11076919734477997,0.9618121385574341,0.29951363117502644,-0.017075852551197257,1.0
7.929,TRACK,-0.11326437443494797,0.30765217542648315,0.9174708724021912,-0.1376322755668441,0.26656585813320555,1.0,-0.2558172047138214,-0.22144173085689545,0.9614149928092957,-0.16203666714153242,-0.25247597608815026,1.0,0.31214696168899536,-0.11076919734477997,0.9618121385574341,0.2996689427083768,-0.014089882045055914,1.0
7.949,TRACK,-0.11326437443494797,0.30765217542648315,0.9174708724021912,-0.14030235402471758,0.26517022731657264,1.0,-0.2558172047138214,-0.22144173085689545,0.9614149928092957,-0.15949297617108713,-0.2540905164544498,1.0,0.31214696168899536,-0.11076919734477997,0.9618121385574341,0.29979533019580495,-0.011079710862123412,1.0
7.97,TRACK,-0.11326437443494797,0.30765217542648315,0.9174708724021912,-0.1429491954581311,0.2637527772704451,1.0,-0.2558172047138214,-0.22144173085689545,0.9614149928092957,-0.15694200770583852,-0.2556740233525113,1.0,0.31214696168899536,-0.11076919734477997,0.9618121385574341,0.2998912031639699,-0.00807875391793435,1.0
7.989,TRACK,-0.11326437443494797,0.30765217542648315,0.9174708724021912,-0.14555573245105996,0.2623233286435567,1.0,-0.2558172047138214,-0.22144173085689545,0.9614149928092957,-0.15440080038508391,-0.2572166262908474,1.0,0.31616663932800293,-0.09392982721328735,0.960766077041626,0.29995653283614415,-0.0051067023527098165,1.0
8.009,TRACK,-0.12988623976707458,0.30367040634155273,0.9164442420005798,-0.14818802926179772,0.2608453717885456,1.0,-0.24224336445331573,-0.23574717342853546,0.9627903699874878,-0.15180470379757804,-0.25875728377174156,1.0,0.31616663932800293,-0.09392982721328735,0.960766077041626,0.29999273305937607,-0.0020880880168045995,1.0
8.029,TRACK,-0.12988623976707458,0.30367040634155273,0.9164442420005798,-0.1507876364260585,0.2593512843635882,1.0,-0.24224336445331573,-0.23574717342853546,0.9627903699874878,-0.14921098254995968,-0.2602615659033727,1.0,0.31616663932800293,-0.09392982721328735,0.960766077041626,0.2999986189760185,0.0009102815397839455,1.0
8.049,TRACK,-0.12988623976707458,0.30367040634155273,0.9164442420005798,-0.1533743633965606,0.2578299917633706,1.0,-0.24224336445331573,-0.23574717342853546,0.9627903699874878,-0.14660014102633095,-0.26174109087237313,1.0,0.31616663932800293,-0.09392982721328735,0.960766077041626,0.29997450442289186,0.003911099109001903,1.0
8.069,TRACK,-0.12988623976707458,0.30367040634155273,0.9164442420005798,-0.15594601854061732,0.25628273313145666,1.0,-0.24224336445331573,-0.23574717342853546,0.9627903699874878,-0.14397434817284036,-0.26319458024094217,1.0,0.31616663932800293,-0.09392982721328735,0.960766077041626,0.29992036671345795,0.006911847109484928,1.0
8.089,TRACK,-0.12988623976707458,0.30367040634155273,0.9164442420005798,-0.15850164113378037,0.254710089627204,1.0,-0.24224336445331573,-0.23574717342853546,0.9627903699874878,-0.14133458765047943,-0.2646214925769805,1.0,0.3180532455444336,-0.0807463526725769,0.9591320157051086,0.29983622878426014,0.009911402949775936,1.0
8.109,TRACK,-0.14803192019462585,0.30046209692955017,0.9160543084144592,-0.1610363668158962,0.2531151685749713,1.0,-0.22923892736434937,-0.2530515491962433,0.9621810913085938,-0.13868598266115736,-0.26601916888320126,1.0,0.3180532455444336,-0.0807463526725769,0.9591320157051086,0.29972234947705384,0.012904000308229448,1.0
8.129,TRACK,-0.14803192019462585,0.30046209692955017,0.9160543084144592,-0.16356631755173734,0.2514876930638241,1.0,-0.22923892736434937,-0.2530515491962433,0.9621810913085938,-0.13601157215654627,-0.26739643273518926,1.0,0.3180532455444336,-0.0807463526725769,0.9591320157051086,0.299577889708284,0.015908739671364597,1.0
8.149,TRACK,-0.14803192019462585,0.30046209692955017,0.9160543084144592,-0.16606960642234084,0.24984172154131665,1.0,-0.22923892736434937,-0.2530515491962433,0.9621810913085938,-0.13333447456884734,-0.268741358728889,1.0,0.3180532455444336,-0.0807463526725769,0.9591320157051086,0.2994040809911885,0.018899637187571785,1.0
8.169,TRACK,-0.14803192019462585,0.30046209692955017,0.9160543084144592,-0.1685593507957062,0.2481687838132146,1.0,-0.22923892736434937,-0.2530515491962433,0.9621810913085938,-0.13064079581067886,-0.2700610717411018,1.0,0.3180532455444336,-0.0807463526725769,0.9591320157051086,0.2992001466063854,0.021892287927886583,1.0
8.189,TRACK,-0.14803192019462585,0.30046209692955017,0.9160543084144592,-0.17103750310098556,0.2464673863475254,1.0,-0.22923892736434937,-0.2530515491962433,0.9621810913085938,-0.12792826623081785,-0.27135651585907605,1.0,0.32099881768226624,-0.06298299878835678,0.9593068361282349,0.29896576933180374,0.0248891295115501,1.0
8.209,TRACK,-0.1642777919769287,0.29754939675331116,0.9154289364814758,-0.1734927940001252,0.24474527662455534,1.0,-0.21596740186214447,-0.2668859660625458,0.9633355736732483,-0.1252092300130518,-0.27262180528992663,1.0,0.32099881768226624,-0.06298299878835678,0.9593068361282349,0.2987020240131773,0.027876528665370794,1.0
8.229,TRACK,-0.1642777919769287,0.29754939675331116,0.9154289364814758,-0.17591165670440137,0.24301252855668334,1.0,-0.21596740186214447,-0.2668859660625458,0.9633355736732483,-0.12249919481577813,-0.27385022780616053,1.0,0.32099881768226624,-0.06298299878835678,0.9593068361282349,0.2984108515201798,0.030837699249476675,1.0
8.249,TRACK,-0.1642777919769287,0.29754939675331116,0.9154289364814758,-0.1783526999653394,0.2412266867804506,1.0,-0.21596740186214447,-0.2668859660625458,0.9633355736732483,-0.11973208883995203,-0.2750713123937533,1.0,0.32099881768226624,-0.06298299878835678,0.9593068361282349,0.29808478880529177,0.0338446256133022,1.0
8.269,TRACK,-0.1642777919769287,0.29754939675331116,0.9154289364814758,-0.18075703431009105,0.2394303542732637,1.0,-0.21596740186214447,-0.2668859660625458,0.9633355736732483,-0.11697425208270855,-0.2762553607619062,1.0,0.32099881768226624,-0.06298299878835678,0.9593068361282349,0.29773128639279994,0.036825006488641995,1.0
8.289,TRACK,-0.1642777919769287,0.29754939675331116,0.9154289364814758,-0.18313594127216992,0.2376157128944892,1.0,-0.21596740186214447,-0.2668859660625458,0.9633355736732483,-0.11421327306889201,-0.2774082339349189,1.0,0.32294777035713196,-0.046948157250881195,0.9596102833747864,0.29734921434106226,0.03979252104042917,1.0
8.309,TRACK,-0.18075397610664368,0.29248514771461487,0.9200129508972168,-0.18550132587402315,0.23577374344693147,1.0,-0.20220144093036652,-0.2772917151451111,0.9647631645202637,-0.11143538843338559,-0.2785357323660655,1.0,0.32294777035713196,-0.046948157250881195,0.9596102833747864,0.29693671430740914,0.042761988919133506,1.0
8.329,TRACK,-0.18075397610664368,0.29248514771461487,0.9200129508972168,-0.18785540716684654,0.2339024283717001,1.0,-0.20220144093036652,-0.2772917151451111,0.9647631645202637,-0.10863774139333877,-0.2796387690306085,1.0,0.32294777035713196,-0.046948157250881195,0.9596102833747864,0.29649314856018566,0.04573634065890793,1.0
8.349,TRACK,-0.18075397610664368,0.29248514771461487,0.9200129508972168,-0.19018615919637252,0.23201126017961293,1.0,-0.20220144093036652,-0.2772917151451111,0.9647631645202637,-0.10583456568139918,-0.2807116754020566,1.0,0.32294777035713196,-0.046948157250881195,0.9596102833747864,0.2960207248777721,0.048700415222443165,1.0
8.369,TRACK,-0.18075397610664368,0.29248514771461487,0.9200129508972168,-0.19248446031326127,0.23010808881461017,1.0,-0.20220144093036652,-0.2772917151451111,0.9647631645202637,-0.1030372203731073,-0.28175047687232707,1.0,0.32294777035713196,-0.046948157250881195,0.9596102833747864,0.29552168068636897,0.05164238805771637,1.0
8.389,TRACK,-0.18075397610664368,0.29248514771461487,0.9200129508972168,-0.1947880075430641,0.22816141680267327,1.0,-0.20220144093036652,-0.2772917151451111,0.9647631645202637,-0.10019957934303235,-0.28277207128618514,1.0,0.3236093521118164,-0.029867466539144516,0.9586122632026672,0.29498758688609683,0.05461065448351136,1.0
8.409,TRACK,-0.19843034446239471,0.28848201036453247,0.921710193157196,-0.19706013882715182,0.22620190469008797,1.0,-0.1905028223991394,-0.2864055037498474,0.9635859727859497,-0.09736652643246634,-0.2837600386426458,1.0,0.3236093521118164,-0.029867466539144516,0.9586122632026672,0.2944266652596185,0.057558133952557294,1.0
8.429,TRACK,-0.19843034446239471,0.28848201036453247,0.921710193157196,-0.1993117305279903,0.22422050324164777,1.0,-0.1905028223991394,-0.2864055037498474,0.9635859727859497,-0.09452478659260259,-0.284719273530302,1.0,0.3236093521118164,-0.029867466539144516,0.9586122632026672,0.2938365171205933,0.06049877028865373,1.0
8.449,TRACK,-0.19843034446239471,0.28848201036453247,0.921710193157196,-0.20154329480130892,0.22221678676606021,1.0,-0.1905028223991394,-0.2864055037498474,0.9635859727859497,-0.09167373508610302,-0.2856500066433799,1.0,0.3236093521118164,-0.029867466539144516,0.9586122632026672,0.2932170298874124,0.06343321987731922,1.0
8.469,TRACK,-0.19843034446239471,0.28848201036453247,0.921710193157196,-0.2037375228994855,0.22020677047443754,1.0,-0.1905028223991394,-0.2864055037498474,0.9635859727859497,-0.08883589586644892,-0.28654525577228707,1.0,0.3236093521118164,-0.029867466539144516,0.9586122632026672,0.29257341876593485,0.06633848529784907,1.0
8.489,TRACK,-0.19843034446239471,0.28848201036453247,0.921710193157196,-0.20594509843469436,0.21814356839183696,1.0,-0.1905028223991394,-0.2864055037498474,0.9635859727859497,-0.08594532268217141,-0.28742547122525075,1.0,0.3247864544391632,-0.013008223846554756,0.9593440890312195,0.29189042111686614,0.06928190283341328,1.0
8.509,TRACK,-0.21315065026283264,0.28259411454200745,0.9219864010810852,-0.20811846521889849,0.21607106339102913,1.0,-0.18008659780025482,-0.29651278257369995,0.9635633826255798,-0.0830637973098995,-0.2882714095717089,1.0,0.3247864544391632,-0.013008223846554756,0.9593440890312195,0.2911822625287984,0.07220034618067925,1.0
8.529,TRACK,-0.21315065026283264,0.28259411454200745,0.9219864010810852,-0.21026806874718013,0.21397976368182842,1.0,-0.18008659780025482,-0.29651278257369995,0.9635633826255798,-0.08017787687066384,-0.28908737098066506,1.0,0.3247864544391632,-0.013008223846554756,0.9593440890312195,0.29044594561784437,0.07510760729883616,1.0
8.549,TRACK,-0.21315065026283264,0.28259411454200745,0.9219864010810852,-0.21238420688279822,0.21187956170137026,1.0,-0.18008659780025482,-0.29651278257369995,0.9635633826255798,-0.07730097953469962,-0.28986989937379826,1.0,0.3247864544391632,-0.013008223846554756,0.9593440890312195,0.28968518641749824,0.07799033767242755,1.0
8.569,TRACK,-0.21315065026283264,0.28259411454200745,0.9219864010810852,-0.2145074226642663,0.20972974424705193,1.0,-0.18008659780025482,-0.29651278257369995,0.9635633826255798,-0.07437757511502671,-0.29063374945110654,1.0,0.3247864544391632,-0.013008223846554756,0.9593440890312195,0.28888499777929344,0.08090400520405412,1.0
8.589,TRACK,-0.21315065026283264,0.28259411454200745,0.9219864010810852,-0.21659348773932732,0.20757471201693586,1.0,-0.18008659780025482,-0.29651278257369995,0.9635633826255798,-0.07146822992024145,-0.2913628186849988,1.0,0.3248720169067383,0.0014461945975199342,0.9600497484207153,0.2880617176595692,0.0837881066680625,1.0
8.609,TRACK,-0.22838734090328217,0.27456167340278625,0.9208053350448608,-0.21864387281860917,0.2054138672993619,1.0,-0.16769643127918243,-0.30586034059524536,0.9652981758117676,-0.06857169096154807,-0.29205808189241045,1.0,0.3248720169067383,0.0014461945975199342,0.9600497484207153,0.28721556378015767,0.08664421459304812,1.0
8.629,TRACK,-0.22838734090328217,0.27456167340278625,0.9208053350448608,-0.22070036669889828,0.20320272670161646,1.0,-0.16769643127918243,-0.30586034059524536,0.9652981758117676,-0.06562854009241685,-0.29273348753659534,1.0,0.3248720169067383,0.0014461945975199342,0.9600497484207153,0.28632890679131556,0.08953076083497845,1.0
8.649,TRACK,-0.22838734090328217,0.27456167340278625,0.9208053350448608,-0.22272110762155237,0.20098584084414725,1.0,-0.16769643127918243,-0.30586034059524536,0.9652981758117676,-0.06269829016123105,-0.29337505758134597,1.0,0.3248720169067383,0.0014461945975199342,0.9600497484207153,0.28541939778278386,0.09238921673719828,1.0
8.669,TRACK,-0.22838734090328217,0.27456167340278625,0.9208053350448608,-0.22472095561209862,0.19874730717367017,1.0,-0.16769643127918243,-0.30586034059524536,0.9652981758117676,-0.05975973914009793,-0.29398770990962775,1.0,0.3248720169067383,0.0014461945975199342,0.9600497484207153,0.28448069475219695,0.09524040273595714,1.0
8.689,TRACK,-0.22838734090328217,0.27456167340278625,0.9208053350448608,-0.22669622079056315,0.1964912809243103,1.0,-0.16769643127918243,-0.30586034059524536,0.9652981758117676,-0.0568183305073155,-0.2945703266087089,1.0,0.3246373236179352,0.016319815069437027,0.959748387336731,0.2835145512978791,0.09807904568439818,1.0
8.709,TRACK,-0.2418035864830017,0.2686915993690491,0.9218449592590332,-0.2286497179783062,0.1942145887116646,1.0,-0.15189480781555176,-0.31283363699913025,0.9662317633628845,-0.05386990862069459,-0.29512375869319296,1.0,0.3246373236179352,0.016319815069437027,0.959748387336731,0.2825196265990012,0.10090916998152795,1.0
8.729,TRACK,-0.2418035864830017,0.2686915993690491,0.9218449592590332,-0.23057733153270488,0.19192210446756022,1.0,-0.15189480781555176,-0.31283363699913025,0.9662317633628845,-0.05092075225032528,-0.2956468788779293,1.0,0.3246373236179352,0.016319815069437027,0.959748387336731,0.28149808378303065,0.10372477441036863,1.0
8.749,TRACK,-0.2418035864830017,0.2686915993690491,0.9218449592590332,-0.23248383726015148,0.18960818920288064,1.0,-0.15189480781555176,-0.31283363699913025,0.9662317633628845,-0.047963589985184886,-0.2961410036380188,1.0,0.3246373236179352,0.016319815069437027,0.959748387336731,0.2804474272453369,0.10653281443513772,1.0
8.769,TRACK,-0.2418035864830017,0.2686915993690491,0.9218449592590332,-0.23437194521499746,0.18726930153161306,1.0,-0.15189480781555176,-0.31283363699913025,0.9662317633628845,-0.04499399986784592,-0.2966067092563691,1.0,0.3246373236179352,0.016319815069437027,0.959748387336731,0.2793659450828439,0.10933740772475563,1.0
8.789,TRACK,-0.2418035864830017,0.2686915993690491,0.9218449592590332,-0.23623248996802293,0.18491676690746012,1.0,-0.15189480781555176,-0.31283363699913025,0.9662317633628845,-0.042026372743534275,-0.2970417209652905,1.0,0.3223007321357727,0.029198354110121727,0.960593581199646,0.2782588627115577,0.11212495405782999,1.0
8.809,TRACK,-0.2538911998271942,0.25840282440185547,0.9215641021728516,-0.23806230577409454,0.18255502888039404,1.0,-0.13531309366226196,-0.325102299451828,0.965153157711029,-0.03906613971197552,-0.2974455189240618,1.0,0.3223007321357727,0.029198354110121727,0.960593581199646,0.2771284454860705,0.11489049004366733,1.0
8.829,TRACK,-0.2538911998271942,0.25840282440185547,0.9215641021728516,-0.23988457601017338,0.18015379594229855,1.0,-0.13531309366226196,-0.325102299451828,0.965153157711029,-0.036075475869141456,-0.2978230347720186,1.0,0.3223007321357727,0.029198354110121727,0.960593581199646,0.2759600518793153,0.11766923882971961,1.0
8.849,TRACK,-0.2538911998271942,0.25840282440185547,0.9215641021728516,-0.2416732405584966,0.17774713724264316,1.0,-0.13531309366226196,-0.325102299451828,0.965153157711029,-0.03309691602283947,-0.2981687343598874,1.0,0.3223007321357727,0.029198354110121727,0.960593581199646,0.2747701565813366,0.12042159711724383,1.0
8.869,TRACK,-0.2538911998271942,0.25840282440185547,0.9215641021728516,-0.2434261400834585,0.17533885571677613,1.0,-0.13531309366226196,-0.325102299451828,0.965153157711029,-0.030134833279492894,-0.2984826491158526,1.0,0.3223007321357727,0.029198354110121727,0.960593581199646,0.2735609733629519,0.12314379339907605,1.0
8.889,TRACK,-0.2538911998271942,0.25840282440185547,0.9215641021728516,-0.24517536450783517,0.17288447194138098,1.0,-0.13531309366226196,-0.325102299451828,0.965153157711029,-0.027134662367176,-0.29877033001658543,1.0,0.32303494215011597,0.04537332430481911,0.9596034288406372,0.2723100268750117,0.12588585807520403,1.0
8.909,TRACK,-0.2632945775985718,0.24720829725265503,0.9193015694618225,-0.24688365116321692,0.17043609590787692,1.0,-0.11893344670534134,-0.33688902854919434,0.9652622938156128,-0.02416016319645362,-0.2990255616403399,1.0,0.32303494215011597,0.04537332430481911,0.9596034288406372,0.271043814359671,0.1285894657324626,1.0
8.929,TRACK,-0.2632945775985718,0.24720829725265503,0.9193015694618225,-0.24858366667197437,0.16794689834562807,1.0,-0.11893344670534134,-0.33688902854919434,0.9652622938156128,-0.02115444711812911,-0.299253219476627,1.0,0.32303494215011597,0.04537332430481911,0.9596034288406372,0.269738113790104,0.1313063211309985,1.0
8.949,TRACK,-0.2632945775985718,0.24720829725265503,0.9193015694618225,-0.25025491747704587,0.16544629424244278,1.0,-0.11893344670534134,-0.33688902854919434,0.9652622938156128,-0.018153235037427284,-0.29945026307832145,1.0,0.32303494215011597,0.04537332430481911,0.9596034288406372,0.2684081525144737,0.13400396883587828,1.0
8.969,TRACK,-0.2632945775985718,0.24720829725265503,0.9193015694618225,-0.25189660556836596,0.16293587727426714,1.0,-0.11893344670534134,-0.33688902854919434,0.9652622938156128,-0.015158306123235618,-0.2996167981864072,1.0,0.32303494215011597,0.04537332430481911,0.9596034288406372,0.2670549116916021,0.13668092091213968,1.0
8.989,TRACK,-0.2632945775985718,0.24720829725265503,0.9193015694618225,-0.25351255691611146,0.16041004795789868,1.0,-0.11893344670534134,-0.33688902854919434,0.9652622938156128,-0.012162898095764298,-0.29975333844665025,1.0,0.3218742311000824,0.06027388945221901,0.960555374622345,0.2656754550118762,0.13934329048875121,1.0
9.009,TRACK,-0.27507904171943665,0.23620203137397766,0.920674741268158,-0.25509753607285757,0.15787731657700904,1.0,-0.10164272040128708,-0.3454499840736389,0.964469313621521,-0.00917699880057879,-0.2998596049704164,1.0,0.3218742311000824,0.06027388945221901,0.960555374622345,0.2642745348734369,0.14198228839340699,1.0
9.029,TRACK,-0.27507904171943665,0.23620203137397766,0.920674741268158,-0.2566632674580699,0.15531892073326822,1.0,-0.10164272040128708,-0.3454499840736389,0.964469313621521,-0.006178497314356545,-0.2999363702036425,1.0,0.3218742311000824,0.06027388945221901,0.960555374622345,0.262841764772427,0.14461744947037392,1.0
9.049,TRACK,-0.27507904171943665,0.23620203137397766,0.920674741268158,-0.25821055167246915,0.15273280919631885,1.0,-0.10164272040128708,-0.3454499840736389,0.964469313621521,-0.0031652169191387536,-0.2999833018717122,1.0,0.3218742311000824,0.06027388945221901,0.960555374622345,0.2613757685916084,0.14725049267539297,1.0
9.069,TRACK,-0.27507904171943665,0.23620203137397766,0.920674741268158,-0.25971610017069596,0.1501584073974049,1.0,-0.10164272040128708,-0.3454499840736389,0.964469313621521,-0.00018294531261750947,-0.29999994421834913,1.0,0.3218742311000824,0.06027388945221901,0.960555374622345,0.259899045483314,0.1498415368209439,1.0
9.089,TRACK,-0.27507904171943665,0.23620203137397766,0.920674741268158,-0.26121427558197824,0.14753678264142245,1.0,-0.10164272040128708,-0.3454499840736389,0.964469313621521,0.002836536030894602,-0.2999865898058536,1.0,0.3175727128982544,0.07509973645210266,0.9598208665847778,0.2583777395510842,0.15244980716443074,1.0
9.109,TRACK,-0.2857162058353424,0.22567148506641388,0.9207589030265808,-0.26266413479028944,0.14493982301240965,1.0,-0.08246570080518723,-0.3574180603027344,0.9600032567977905,0.0058104986463779216,-0.2999437248976555,1.0,0.3175727128982544,0.07509973645210266,0.9598208665847778,0.2568536361439121,0.1550039018852455,1.0
9.129,TRACK,-0.2857162058353424,0.22567148506641388,0.9207589030265808,-0.2641008154772639,0.1423051624651903,1.0,-0.08246570080518723,-0.3574180603027344,0.9600032567977905,0.008810521954105734,-0.2998705965960921,1.0,0.3175727128982544,0.07509973645210266,0.9598208665847778,0.2552902935231587,0.15756543413090152,1.0
9.149,TRACK,-0.2857162058353424,0.22567148506641388,0.9207589030265808,-0.26552135792320747,0.13963670178937893,1.0,-0.08246570080518723,-0.3574180603027344,0.9600032567977905,0.01183174791132992,-0.2997665921035277,1.0,0.3175727128982544,0.07509973645210266,0.9598208665847778,0.2536896100118781,0.16012989031414837,1.0
9.169,TRACK,-0.2857162058353424,0.22567148506641388,0.9207589030265808,-0.2669056816988527,0.1369721032797216,1.0,-0.08246570080518723,-0.3574180603027344,0.9600032567977905,0.014831519799401957,-0.29963315240547056,1.0,0.3175727128982544,0.07509973645210266,0.9598208665847778,0.2520741618994513,0.16266104912574864,1.0
9.189,TRACK,-0.2857162058353424,0.22567148506641388,0.9207589030265808,-0.26825993619059246,0.13430043423242996,1.0,-0.08246570080518723,-0.3574180603027344,0.9600032567977905,0.017822380310730947,-0.29947013667486055,1.0,0.31378787755966187,0.09097717702388763,0.9606291055679321,0.25043755587986205,0.16516970244243026,1.0
9.209,TRACK,-0.2965310513973236,0.21458512544631958,0.9200215935707092,-0.26958879798824903,0.13161261337444471,1.0,-0.06511266529560089,-0.3672484755516052,0.9562712907791138,0.020814532353396156,-0.29927705432075713,1.0,0.31378787755966187,0.09097717702388763,0.9606291055679321,0.2487742656348528,0.167664440946313,1.0
9.229,TRACK,-0.2965310513973236,0.21458512544631958,0.9200215935707092,-0.27089257416581936,0.12890777037019938,1.0,-0.06511266529560089,-0.3672484755516052,0.9562712907791138,0.023808883197106383,-0.29905373610925934,1.0,0.31378787755966187,0.09097717702388763,0.9606291055679321,0.2470836909687129,0.17014596573906057,1.0
9.249,TRACK,-0.2965310513973236,0.21458512544631958,0.9200215935707092,-0.27216820501207056,0.12619218747809835,1.0,-0.06511266529560089,-0.3672484755516052,0.9562712907791138,0.026798462390873908,-0.2988006733819134,1.0,0.31378787755966187,0.09097717702388763,0.9606291055679321,0.2453697426211966,0.17260848590381567,1.0
9.269,TRACK,-0.2965310513973236,0.21458512544631958,0.9200215935707092,-0.27341677602354086,0.12346362455757114,1.0,-0.06511266529560089,-0.3672484755516052,0.9562712907791138,0.029785752701609887,-0.29851768613601193,1.0,0.31378787755966187,0.09097717702388763,0.9606291055679321,0.24363102332193093,0.17505406157844136,1.0
9.289,TRACK,-0.2965310513973236,0.21458512544631958,0.9200215935707092,-0.27463351737733266,0.12073289167809367,1.0,-0.06511266529560089,-0.3672484755516052,0.9562712907791138,0.03275900742308269,-0.298206048618492,1.0,0.30628299713134766,0.11006834357976913,0.9614521265029907,0.24187450995424992,0.17747315694039886,1.0
9.309,TRACK,-0.30483609437942505,0.20330435037612915,0.9203134775161743,-0.2758278670204331,0.11797875984667006,1.0,-0.0481690987944603,-0.373954713344574,0.9558112025260925,0.03574133037601713,-0.29786331983470604,1.0,0.30628299713134766,0.11006834357976913,0.9614521265029907,0.24008653664441593,0.17988455998803654,1.0
9.329,TRACK,-0.30483609437942505,0.20330435037612915,0.9203134775161743,-0.2769967817045611,0.11520756453165609,1.0,-0.0481690987944603,-0.373954713344574,0.9558112025260925,0.03872571325973165,-0.2974900319885106,1.0,0.30628299713134766,0.11006834357976913,0.9614521265029907,0.2382710684448294,0.18228246745685503,1.0
9.349,TRACK,-0.30483609437942505,0.20330435037612915,0.9203134775161743,-0.2781343708140696,0.11243341038971297,1.0,-0.0481690987944603,-0.373954713344574,0.9558112025260925,0.041696995775422456,-0.29708813598544187,1.0,0.30628299713134766,0.11006834357976913,0.9614521265029907,0.2364373750386471,0.18465472559572946,1.0
9.369,TRACK,-0.30483609437942505,0.20330435037612915,0.9203134775161743,-0.2792441511239933,0.10964809192612696,1.0,-0.0481690987944603,-0.373954713344574,0.9558112025260925,0.04466404247747963,-0.2966565746946625,1.0,0.30628299713134766,0.11006834357976913,0.9614521265029907,0.23458010864651357,0.18700848276853616,1.0
9.389,TRACK,-0.30483609437942505,0.20330435037612915,0.9203134775161743,-0.28032661244582263,0.10685031752245547,1.0,-0.0481690987944603,-0.373954713344574,0.9558112025260925,0.047628216846031676,-0.29619512649614504,1.0,0.300711065530777,0.1246146410703659,0.9613063335418701,0.23269839559979086,0.1893448089736902,1.0
9.409,TRACK,-0.3134629428386688,0.19110232591629028,0.9193496108055115,-0.2813797906997,0.10404524681979962,1.0,-0.0339052751660347,-0.37773197889328003,0.9579117298126221,0.05058406846088177,-0.2957046702673883,1.0,0.300711065530777,0.1246146410703659,0.9613063335418701,0.2307957222388181,0.1916594234475892,1.0
9.429,TRACK,-0.3134629428386688,0.19110232591629028,0.9193496108055115,-0.28240024262137875,0.10124279217498111,1.0,-0.0339052751660347,-0.37773197889328003,0.9579117298126221,0.05352129133708766,-0.29518718023249346,1.0,0.300711065530777,0.1246146410703659,0.9613063335418701,0.22887895128429095,0.1939443880575129,1.0
9.449,TRACK,-0.3134629428386688,0.19110232591629028,0.9193496108055115,-0.2834074595978007,0.09838806759115122,1.0,-0.0339052751660347,-0.37773197889328003,0.9579117298126221,0.05649716383570332,-0.2946320934292829,1.0,0.300711065530777,0.1246146410703659,0.9613063335418701,0.22691029576209729,0.19624402583813225,1.0
9.469,TRACK,-0.3134629428386688,0.19110232591629028,0.9193496108055115,-0.2843764806723827,0.09555112370029951,1.0,-0.0339052751660347,-0.37773197889328003,0.9579117298126221,0.059438539851582955,-0.2940528183512475,1.0,0.300711065530777,0.1246146410703659,0.9613063335418701,0.22493794082079965,0.19850169465094858,1.0
9.489,TRACK,-0.3134629428386688,0.19110232591629028,0.9193496108055115,-0.28531746906689676,0.09270351581930647,1.0,-0.0339052751660347,-0.37773197889328003,0.9579117298126221,0.06237513481379673,-0.2934439342650665,1.0,0.29361096024513245,0.13900119066238403,0.9592536091804504,0.2229423342530999,0.2007404184457606,1.0
9.509,TRACK,-0.32111549377441406,0.17947213351726532,0.9217932224273682,-0.2862303292674581,0.08984541506077257,1.0,-0.018399404361844063,-0.37640130519866943,0.962253749370575,0.06530675277754333,-0.29280544400958947,1.0,0.29361096024513245,0.13900119066238403,0.9592536091804504,0.22092357648991467,0.20296002894881746,1.0
9.529,TRACK,-0.32111549377441406,0.17947213351726532,0.9217932224273682,-0.28711129358447013,0.08698910906689529,1.0,-0.018399404361844063,-0.37640130519866943,0.962253749370575,0.06822086848772882,-0.2921402284910108,1.0,0.29361096024513245,0.13900119066238403,0.9592536091804504,0.21889042509674117,0.2051511194241161,1.0
9.549,TRACK,-0.32111549377441406,0.17947213351726532,0.9217932224273682,-0.28796268240324163,0.08412784047584836,1.0,-0.018399404361844063,-0.37640130519866943,0.962253749370575,0.07112449418401173,-0.2914469185410415,1.0,0.29361096024513245,0.13900119066238403,0.9592536091804504,0.2168381882192298,0.2073190780651937,1.0
9.569,TRACK,-0.32111549377441406,0.17947213351726532,0.9217932224273682,-0.28879812733816235,0.08121355580179059,1.0,-0.018399404361844063,-0.37640130519866943,0.962253749370575,0.07406606121306576,-0.290713292741117,1.0,0.29361096024513245,0.13900119066238403,0.9592536091804504,0.21473206612509643,0.20949973693932697,1.0
9.589,TRACK,-0.32111549377441406,0.17947213351726532,0.9217932224273682,-0.28959270883039345,0.07833302619122384,1.0,-0.018399404361844063,-0.37640130519866943,0.962253749370575,0.07695796377828538,-0.2899611556934827,1.0,0.2863752841949463,0.15425212681293488,0.9624012112617493,0.2126347450521079,0.2116281295022594,1.0
9.609,TRACK,-0.32870444655418396,0.16798830032348633,0.922468900680542,-0.29036381174191117,0.07542451080854255,1.0,-0.005700454581528902,-0.37845367193222046,0.9620680212974548,0.0798623634427441,-0.28917469271244856,1.0,0.2863752841949463,0.15425212681293488,0.9624012112617493,0.21050144829916695,0.21375018190390654,1.0
9.629,TRACK,-0.32870444655418396,0.16798830032348633,0.922468900680542,-0.29110338720210616,0.0725177079026955,1.0,-0.005700454581528902,-0.37845367193222046,0.9620680212974548,0.08274951633309953,-0.2883617823960694,1.0,0.2863752841949463,0.15425212681293488,0.9624012112617493,0.20835387086900645,0.21584407449337448,1.0
9.649,TRACK,-0.32870444655418396,0.16798830032348633,0.922468900680542,-0.2918140379696829,0.0696029255407303,1.0,-0.005700454581528902,-0.37845367193222046,0.9620680212974548,0.0856291172888526,-0.28751983283302723,1.0,0.2863752841949463,0.15425212681293488,0.9624012112617493,0.20618492068083016,0.21791690729229748,1.0
9.669,TRACK,-0.32870444655418396,0.16798830032348633,0.922468900680542,-0.29249574262218164,0.06668013608188328,1.0,-0.005700454581528902,-0.37845367193222046,0.9620680212974548,0.08850117953637684,-0.2866488116505456,1.0,0.2863752841949463,0.15425212681293488,0.9624012112617493,0.20399456308580463,0.21996867556866292,1.0
9.689,TRACK,-0.32870444655418396,0.16798830032348633,0.922468900680542,-0.2931473223981008,0.06375458705712032,1.0,-0.005700454581528902,-0.37845367193222046,0.9620680212974548,0.09136056919979796,-0.28575032177670234,1.0,0.2777278423309326,0.16808640956878662,0.9628027081489563,0.2017867531983027,0.22199573471958256,1.0
9.709,TRACK,-0.3355840742588043,0.15464843809604645,0.919891893863678,-0.2937697430413762,0.06082218405650841,1.0,0.010663263499736786,-0.37564241886138916,0.9604677557945251,0.09421131501409928,-0.2848231523653127,1.0,0.2777278423309326,0.16808640956878662,0.9628027081489563,0.19955842802727675,0.22400096830880487,1.0
9.729,TRACK,-0.3355840742588043,0.15464843809604645,0.919891893863678,-0.29436314852740053,0.05788209385496977,1.0,0.010663263499736786,-0.37564241886138916,0.9604677557945251,0.09705421056106162,-0.2838670114901855,1.0,0.2777278423309326,0.16808640956878662,0.9628027081489563,0.19730893796633872,0.22598491763521628,1.0
9.749,TRACK,-0.3355840742588043,0.15464843809604645,0.919891893863678,-0.29492783718704574,0.054932420774725044,1.0,0.010663263499736786,-0.37564241886138916,0.9604677557945251,0.09989104671123522,-0.2828812096745449,1.0,0.2777278423309326,0.16808640956878662,0.9628027081489563,0.19503679047581032,0.22794878889982034,1.0
9.769,TRACK,-0.3355840742588043,0.15464843809604645,0.919891893863678,-0.2954620026899718,0.05198273719641059,1.0,0.010663263499736786,-0.37564241886138916,0.9604677557945251,0.10271263037464437,-0.2818689687807469,1.0,0.2777278423309326,0.16808640956878662,0.9628027081489563,0.19274937231532724,0.22988623158433685,1.0
9.789,TRACK,-0.3355840742588043,0.15464843809604645,0.919891893863678,-0.29596550491095786,0.04903488454969359,1.0,0.010663263499736786,-0.37564241886138916,0.9604677557945251,0.10551729676380753,-0.2808310881716242,1.0,0.2695273160934448,0.18219292163848877,0.9630898833274841,0.19044820814715013,0.23179620362193115,1.0
9.809,TRACK,-0.3426489531993866,0.14062054455280304,0.9204237461090088,-0.2964428098069562,0.0460614862304374,1.0,0.028931619599461555,-0.37401634454727173,0.9580740332603455,0.10833098769185251,-0.27975774717728136,1.0,0.2695273160934448,0.18219292163848877,0.9630898833274841,0.1881118221151035,0.23369626094684454,1.0
9.829,TRACK,-0.3426489531993866,0.14062054455280304,0.9204237461090088,-0.2968988094401334,0.043024376265453745,1.0,0.028931619599461555,-0.37401634454727173,0.9580740332603455,0.11118920189220383,-0.2786340994612374,1.0,0.2695273160934448,0.18219292163848877,0.9630898833274841,0.1857096075479294,0.23560972319578416,1.0
9.849,TRACK,-0.3426489531993866,0.14062054455280304,0.9204237461090088,-0.2973038967083594,0.040129702241920216,1.0,0.028931619599461555,-0.37401634454727173,0.9580740332603455,0.11389860676637174,-0.27753757831450393,1.0,0.2695273160934448,0.18219292163848877,0.9630898833274841,0.1834052899419874,0.23740787607258423,1.0
9.869,TRACK,-0.3426489531993866,0.14062054455280304,0.9204237461090088,-0.29769145535035174,0.037145624390895915,1.0,0.028931619599461555,-0.37401634454727173,0.9580740332603455,0.11667667331322547,-0.2763811750184134,1.0,0.2695273160934448,0.18219292163848877,0.9630898833274841,0.18101478203712607,0.239235550627518,1.0
9.889,TRACK,-0.3426489531993866,0.14062054455280304,0.9204237461090088,-0.2980472100154357,0.034173975507902875,1.0,0.028931619599461555,-0.37401634454727173,0.9580740332603455,0.11942807406956707,-0.27520344315439443,1.0,0.259080708026886,0.1952085793018341,0.9621685147285461,0.17861913594586842,0.24102946764649205,1.0
9.909,TRACK,-0.3482167720794678,0.12436480820178986,0.9196787476539612,-0.29837442079155074,0.031188219207043424,1.0,0.046892985701560974,-0.3743346333503723,0.955937385559082,0.12217742026367831,-0.2739939378484723,1.0,0.259080708026886,0.1952085793018341,0.9621685147285461,0.1761970005278722,0.2428057186414294,1.0
9.929,TRACK,-0.3482167720794678,0.12436480820178986,0.9196787476539612,-0.29867100570558763,0.028206920264587973,1.0,0.046892985701560974,-0.3743346333503723,0.955937385559082,0.12490759334113886,-0.2727601384471798,1.0,0.259080708026886,0.1952085793018341,0.9621685147285461,0.17376341236444856,0.24455321818259232,1.0
9.949,TRACK,-0.3482167720794678,0.12436480820178986,0.9196787476539612,-0.2989383078941823,0.025216821238273856,1.0,0.046892985701560974,-0.3743346333503723,0.955937385559082,0.12763074615205533,-0.27149657941983285,1.0,0.259080708026886,0.1952085793018341,0.9621685147285461,0.17130756174212675,0.2462797581815595,1.0
9.969,TRACK,-0.3482167720794678,0.12436480820178986,0.9196787476539612,-0.2991757739420662,0.02222287754017727,1.0,0.046892985701560974,-0.3743346333503723,0.955937385559082,0.13034231047604922,-0.27020525920078825,1.0,0.259080708026886,0.1952085793018341,0.9621685147285461,0.16883346346601671,0.2479823816606115,1.0
9.989,TRACK,-0.3482167720794678,0.12436480820178986,0.9196787476539612,-0.2993826641551054,0.01923591441526413,1.0,0.046892985701560974,-0.3743346333503723,0.955937385559082,0.13303254152891097,-0.26889094981861805,1.0,0.24942342936992645,0.20709636807441711,0.9610108137130737,0.16635012262619417,0.24965503540335443,1.0
10.009,TRACK,-0.3548418879508972,0.10671499371528625,0.9175935983657837,-0.29956038194068924,0.016235072268036516,1.0,0.06577704101800919,-0.3724634051322937,0.95511794090271,0.13572020595394907,-0.26754443686202417,1.0,0.24942342936992645,0.20709636807441711,0.9610108137130737,0.16384017598673994,0.25130936459398817,1.0
10.029,TRACK,-0.3548418879508972,0.10671499371528625,0.9175935983657837,-0.29970777403106574,0.013238209295204384,1.0,0.06577704101800919,-0.3724634051322937,0.95511794090271,0.13838926146527086,-0.26617365067019105,1.0,0.24942342936992645,0.20709636807441711,0.9610108137130737,0.1613185125657946,0.2529354413749872,1.0
10.049,TRACK,-0.3548418879508972,0.10671499371528625,0.9175935983657837,-0.2998251453608638,0.010241201557281471,1.0,0.06577704101800919,-0.3724634051322937,0.95511794090271,0.1410434319665497,-0.2647767933545107,1.0,0.24942342936992645,0.20709636807441711,0.9610108137130737,0.15878171339431385,0.25453559179722973,1.0
10.069,TRACK,-0.3548418879508972,0.10671499371528625,0.9175935983657837,-0.299912602452418,0.007240917774554851,1.0,0.06577704101800919,-0.3724634051322937,0.95511794090271,0.14368548248673052,-0.2633523915261744,1.0,0.24942342936992645,0.20709636807441711,0.9610108137130737,0.15622711996568725,0.25611147375162,1.0
10.089,TRACK,-0.3548418879508972,0.10671499371528625,0.9175935983657837,-0.2999699445548066,0.004246453083015328,1.0,0.06577704101800919,-0.3724634051322937,0.95511794090271,0.14630743603153357,-0.26190481889777956,1.0,0.24075880646705627,0.21825602650642395,0.9597892165184021,0.15366250852327276,0.2576583658147647,1.0
10.109,TRACK,-0.35659921169281006,0.08649756014347076,0.9158937931060791,-0.29999741430153887,0.0012455570604487873,1.0,0.08499155938625336,-0.36795762181282043,0.9567249417304993,0.14892002309455799,-0.26042816038500194,1.0,0.24075880646705627,0.21825602650642395,0.9597892165184021,0.1510773912069806,0.2591826033245537,1.0
10.129,TRACK,-0.35659921169281006,0.08649756014347076,0.9158937931060791,-0.29999484187200415,-0.0017592186308755856,1.0,0.08499155938625336,-0.36795762181282043,0.9567249417304993,0.15152094896115148,-0.2589235447500133,1.0,0.24075880646705627,0.21825602650642395,0.9597892165184021,0.14847389291085236,0.26068276338088936,1.0
10.149,TRACK,-0.35659921169281006,0.08649756014347076,0.9158937931060791,-0.29996264253645666,-0.004734245720905614,1.0,0.08499155938625336,-0.36795762181282043,0.9567249417304993,0.15408129833029066,-0.25740814576242915,1.0,0.24075880646705627,0.21825602650642395,0.9597892165184021,0.14588134420616572,0.26214239148333524,1.0
10.169,TRACK,-0.35659921169281006,0.08649756014347076,0.9158937931060791,-0.29990021717838033,-0.007736907415775996,1.0,0.08499155938625336,-0.36795762181282043,0.9567249417304993,0.15665046695798068,-0.2558527529690595,1.0,0.24075880646705627,0.21825602650642395,0.9597892165184021,0.14324975022039937,0.263589660384836,1.0
10.189,TRACK,-0.35659921169281006,0.08649756014347076,0.9158937931060791,-0.2998072782833202,-0.010751552834255577,1.0,0.08499155938625336,-0.36795762181282043,0.9567249417304993,0.1592147570262563,-0.25426494281569795,1.0,0.22716854512691498,0.2271064817905426,0.9613816142082214,0.14059252125706362,0.26501649564995405,1.0
10.209,TRACK,-0.35881713032722473,0.07079370319843292,0.9200300574302673,-0.2996846433043746,-0.013751893234378995,1.0,0.10027243942022324,-0.3651297986507416,0.9570640921592712,0.16175181054329113,-0.2526585676084768,1.0,0.22716854512691498,0.2271064817905426,0.9613816142082214,0.13793283276108315,0.26641046084285624,1.0
10.229,TRACK,-0.35881713032722473,0.07079370319843292,0.9200300574302673,-0.2995322165846448,-0.01674667811506068,1.0,0.10027243942022324,-0.3651297986507416,0.9570640921592712,0.1642691569689661,-0.2510291697566344,1.0,0.22716854512691498,0.2271064817905426,0.9613816142082214,0.13526305961567836,0.26777584787169556,1.0
10.249,TRACK,-0.35881713032722473,0.07079370319843292,0.9200300574302673,-0.2993501221894587,-0.019735864439038457,1.0,0.10027243942022324,-0.3651297986507416,0.9570640921592712,0.16676682106458288,-0.24937687822252763,1.0,0.22716854512691498,0.2271064817905426,0.9613816142082214,0.13258330112487557,0.2691127426615666,1.0
10.269,TRACK,-0.35881713032722473,0.07079370319843292,0.9200300574302673,-0.2991372197548881,-0.02273595736527913,1.0,0.10027243942022324,-0.3651297986507416,0.9570640921592712,0.16925852653513596,-0.24769245284254157,1.0,0.22716854512691498,0.2271064817905426,0.9613816142082214,0.1298786932197518,0.27042841020782116,1.0
10.289,TRACK,-0.35881713032722473,0.07079370319843292,0.9200300574302673,-0.29889543797149026,-0.025719975890948835,1.0,0.10027243942022324,-0.3651297986507416,0.9570640921592712,0.17172187149203041,-0.2459910544131119,1.0,0.21575665473937988,0.23652350902557373,0.9616917371749878,0.12717356647945954,0.2717110303040612,1.0
10.309,TRACK,-0.3602975010871887,0.05638999491930008,0.9214183688163757,-0.29862315438900955,-0.028709086762865977,1.0,0.11594288051128387,-0.3564644455909729,0.9582291841506958,0.1741743756505985,-0.24426069447769155,1.0,0.21575665473937988,0.23652350902557373,0.9616917371749878,0.12444877873841068,0.272969781240558,1.0
10.329,TRACK,-0.3602975010871887,0.05638999491930008,0.9214183688163757,-0.2983210960147218,-0.03169422143822336,1.0,0.11594288051128387,-0.3564644455909729,0.9582291841506958,0.17660854892603198,-0.24250653691445387,1.0,0.21575665473937988,0.23652350902557373,0.9616917371749878,0.12171254708868949,0.2742007583526777,1.0
10.349,TRACK,-0.3602975010871887,0.05638999491930008,0.9214183688163757,-0.29798919387844913,-0.034676221415720236,1.0,0.11594288051128387,-0.3564644455909729,0.9582291841506958,0.17902508559249256,-0.24072810124412297,1.0,0.21575665473937988,0.23652350902557373,0.9616917371749878,0.11896410828595623,0.27540432265984366,1.0
10.369,TRACK,-0.3602975010871887,0.05638999491930008,0.9214183688163757,-0.29762694591593686,-0.03765901040590393,1.0,0.11594288051128387,-0.3564644455909729,0.9582291841506958,0.18142713265086405,-0.23892299081102636,1.0,0.21575665473937988,0.23652350902557373,0.9616917371749878,0.1161998132650725,0.2765820012169307,1.0
10.389,TRACK,-0.3602975010871887,0.05638999491930008,0.9214183688163757,-0.29723465288868245,-0.040639403565313946,1.0,0.11594288051128387,-0.3564644455909729,0.9582291841506958,0.18381208232655125,-0.23709305850399148,1.0,0.21575665473937988,0.23652350902557373,0.9616917371749878,0.11342257056213084,0.2777324620693059,1.0
10.409,TRACK,-0.3592488169670105,0.041496504098176956,0.9226164221763611,-0.2968160500136592,-0.04359165578742057,1.0,0.13283196091651917,-0.34570056200027466,0.9575105905532837,0.186159506311763,-0.23525441166907085,1.0,0.2039119303226471,0.24635764956474304,0.9612879157066345,0.11065654370189582,0.2788460674564919,1.0
10.429,TRACK,-0.3592488169670105,0.041496504098176956,0.9226164221763611,-0.2963641348730607,-0.04656500360724016,1.0,0.13283196091651917,-0.34570056200027466,0.9575105905532837,0.1885085434877146,-0.23337636776704793,1.0,0.2039119303226471,0.24635764956474304,0.9612879157066345,0.10785559138534571,0.27994137137428854,1.0
10.449,TRACK,-0.3592488169670105,0.041496504098176956,0.9226164221763611,-0.2958820748509346,-0.04953582321821197,1.0,0.13283196091651917,-0.34570056200027466,0.9575105905532837,0.19084031872981413,-0.23147348173625193,1.0,0.2039119303226471,0.24635764956474304,0.9612879157066345,0.10504175612112007,0.2810093049544643,1.0
10.469,TRACK,-0.3592488169670105,0.041496504098176956,0.9226164221763611,-0.29537434023962106,-0.05247855874553489,1.0,0.13283196091651917,-0.34570056200027466,0.9575105905532837,0.193134935147438,-0.22956240290081234,1.0,0.2039119303226471,0.24635764956474304,0.9612879157066345,0.10223940509218267,0.2820409616463477,1.0
10.489,TRACK,-0.3592488169670105,0.041496504098176956,0.9226164221763611,-0.2948353701895636,-0.05542656840526022,1.0,0.13283196091651917,-0.34570056200027466,0.9575105905532837,0.19541850137833333,-0.2276216363157209,1.0,0.19227235019207,0.25548091530799866,0.9608105421066284,0.0994168688112299,0.2830482047209816,1.0
10.509,TRACK,-0.35921284556388855,0.028778869658708572,0.9228068590164185,-0.29426486952146197,-0.05837967596276073,1.0,0.14753681421279907,-0.33328777551651,0.9576785564422607,0.19769071720918577,-0.22565101446551866,1.0,0.19227235019207,0.25548091530799866,0.9608105421066284,0.09657415231227583,0.2840306904282799,1.0
10.529,TRACK,-0.35921284556388855,0.028778869658708572,0.9228068590164185,-0.2936679268561819,-0.061311897181478336,1.0,0.14753681421279907,-0.33328777551651,0.9576785564422607,0.199931623941471,-0.22366793634342455,1.0,0.19227235019207,0.25548091530799866,0.9608105421066284,0.09373630291471056,0.28497983352490336,1.0
10.549,TRACK,-0.35921284556388855,0.028778869658708572,0.9228068590164185,-0.29303972952708396,-0.06424731059502393,1.0,0.14753681421279907,-0.33328777551651,0.9576785564422607,0.20215966786366207,-0.22165619479106338,1.0,0.19227235019207,0.25548091530799866,0.9608105421066284,0.0908800616634215,0.2859035053860877,1.0
10.569,TRACK,-0.35921284556388855,0.028778869658708572,0.9228068590164185,-0.29238089412836815,-0.06718193766702445,1.0,0.14753681421279907,-0.33328777551651,0.9576785564422607,0.20437171175929017,-0.2196183130628628,1.0,0.19227235019207,0.25548091530799866,0.9608105421066284,0.08800918236907761,0.2868002507298877,1.0
10.589,TRACK,-0.35921284556388855,0.028778869658708572,0.9228068590164185,-0.29169430891340603,-0.07010299670863168,1.0,0.14753681421279907,-0.33328777551651,0.9576785564422607,0.20655813048779523,-0.2175631833040392,1.0,0.18084082007408142,0.2653858959674835,0.9614900350570679,0.08513617842561047,0.2876661800126713,1.0
10.609,TRACK,-0.36105576157569885,0.015201500616967678,0.9222235679626465,-0.2909807085963241,-0.07300840516530344,1.0,0.1599692851305008,-0.3202587962150574,0.9591764211654663,0.20871748786110209,-0.21549248307296173,1.0,0.18084082007408142,0.2653858959674835,0.9614900350570679,0.08226322073522162,0.2885008882382656,1.0
10.629,TRACK,-0.36105576157569885,0.015201500616967678,0.9222235679626465,-0.29023631476404965,-0.07591364562569418,1.0,0.1599692851305008,-0.3202587962150574,0.9591764211654663,0.21086130298776565,-0.21339519887359623,1.0,0.18084082007408142,0.2653858959674835,0.9614900350570679,0.07937501177628362,0.28930884449929084,1.0
10.649,TRACK,-0.36105576157569885,0.015201500616967678,0.9222235679626465,-0.28946014317857477,-0.07882147874176808,1.0,0.1599692851305008,-0.3202587962150574,0.9591764211654663,0.2129914745435139,-0.21126909800484234,1.0,0.18084082007408142,0.2653858959674835,0.9614900350570679,0.0764686686350605,0.2900905767466108,1.0
10.669,TRACK,-0.36105576157569885,0.015201500616967678,0.9222235679626465,-0.28865870647431635,-0.08170771797434112,1.0,0.1599692851305008,-0.3202587962150574,0.9591764211654663,0.21509031268819223,-0.20913191384314278,1.0,0.18084082007408142,0.2653858959674835,0.9614900350570679,0.07356839378612373,0.2908396318174843,1.0
10.689,TRACK,-0.36105576157569885,0.015201500616967678,0.9222235679626465,-0.28782837052947785,-0.08458622298191114,1.0,0.1599692851305008,-0.3202587962150574,0.9591764211654663,0.2171680031772493,-0.20697356931745228,1.0,0.16685187816619873,0.27280208468437195,0.9612554907798767,0.07066036735222815,0.2915597922993638,1.0
10.709,TRACK,-0.36203059554100037,0.0007079652277752757,0.9196876883506775,-0.2869673708186948,-0.08746272397659324,1.0,0.1715136617422104,-0.30627530813217163,0.9591699242591858,0.21922862625726366,-0.204789671197922,1.0,0.16685187816619873,0.27280208468437195,0.9612554907798767,0.06773874456143066,0.2922523951745156,1.0
10.729,TRACK,-0.36203059554100037,0.0007079652277752757,0.9196876883506775,-0.2860793583308561,-0.09032497294218042,1.0,0.1715136617422104,-0.30627530813217163,0.9591699242591858,0.22126340032949857,-0.2025895053417823,1.0,0.16685187816619873,0.27280208468437195,0.9612554907798767,0.0648159580013571,0.2929144782839631,1.0
10.749,TRACK,-0.36203059554100037,0.0007079652277752757,0.9196876883506775,-0.2851616651821471,-0.09318167583031044,1.0,0.1715136617422104,-0.30627530813217163,0.9591699242591858,0.223278531027329,-0.20036640831805635,1.0,0.16685187816619873,0.27280208468437195,0.9612554907798767,0.06188313415481762,0.29354808414836714,1.0
10.769,TRACK,-0.36203059554100037,0.0007079652277752757,0.9196876883506775,-0.2842156641428488,-0.0960284137942482,1.0,0.1715136617422104,-0.30627530813217163,0.9591699242591858,0.22527087790236755,-0.19812377840404868,1.0,0.16685187816619873,0.27280208468437195,0.9612554907798767,0.05894478624048081,0.29415219219829725,1.0
10.789,TRACK,-0.36203059554100037,0.0007079652277752757,0.9196876883506775,-0.28323845189409935,-0.09887355242244489,1.0,0.1715136617422104,-0.30627530813217163,0.9591699242591858,0.2272462341072996,-0.195854918457644,1.0,0.15196450054645538,0.2810087502002716,0.9649630784988403,0.05599221778679934,0.2947284708800893,1.0
10.809,TRACK,-0.36533159017562866,-0.014549239538609982,0.9186478853225708,-0.2822378633211721,-0.1016945844570858,1.0,0.181669682264328,-0.2925388514995575,0.9587680697441101,0.2291890252277247,-0.19357786731743215,1.0,0.15196450054645538,0.2810087502002716,0.9649630784988403,0.05304883809344697,0.29527245177451833,1.0
10.829,TRACK,-0.36533159017562866,-0.014549239538609982,0.9186478853225708,-0.2812057770950594,-0.10451464456411726,1.0,0.181669682264328,-0.2925388514995575,0.9587680697441101,0.23111522580755664,-0.19127402437320679,1.0,0.15196450054645538,0.2810087502002716,0.9649630784988403,0.05009055128750231,0.2957886689373244,1.0
10.849,TRACK,-0.36533159017562866,-0.014549239538609982,0.9186478853225708,-0.280146652888755,-0.10732126012690779,1.0,0.181669682264328,-0.2925388514995575,0.9587680697441101,0.2330162640804378,-0.18895348812338889,1.0,0.15196450054645538,0.2810087502002716,0.9649630784988403,0.04713038880831676,0.29627474825029704,1.0
10.869,TRACK,-0.36533159017562866,-0.014549239538609982,0.9186478853225708,-0.27905796863146953,-0.11012107038745024,1.0,0.181669682264328,-0.2925388514995575,0.9587680697441101,0.23489662876320114,-0.18661075476960823,1.0,0.15196450054645538,0.2810087502002716,0.9649630784988403,0.044161339868267924,0.2967318251570588,1.0
10.889,TRACK,-0.36533159017562866,-0.014549239538609982,0.9186478853225708,-0.2779423400326612,-0.11290728770619077,1.0,0.181669682264328,-0.2925388514995575,0.9587680697441101,0.23675174944229047,-0.18425148340248151,1.0,0.13832084834575653,0.2885855436325073,0.9664065837860107,0.041190590590370287,0.2971587711086726,1.0
10.909,TRACK,-0.3660948872566223,-0.030318602919578552,0.9174206256866455,-0.27680985574351546,-0.1156559715849301,1.0,0.1912441998720169,-0.27948835492134094,0.95770263671875,0.23856593736367857,-0.18189638129932487,1.0,0.13832084834575653,0.2885855436325073,0.9664065837860107,0.038243918379836414,0.2975523528842553,1.0
10.929,TRACK,-0.3660948872566223,-0.030318602919578552,0.9174206256866455,-0.2756352409129429,-0.11842809618863229,1.0,0.1912441998720169,-0.27948835492134094,0.95770263671875,0.24037936027765422,-0.17949307271453596,1.0,0.13832084834575653,0.2885855436325073,0.9664065837860107,0.03525588063528816,0.29792116890316855,1.0
10.949,TRACK,-0.3660948872566223,-0.030318602919578552,0.9174206256866455,-0.27443124727908114,-0.12119195731090329,1.0,0.1912441998720169,-0.27948835492134094,0.95770263671875,0.24217093740514223,-0.17706845308048147,1.0,0.13832084834575653,0.2885855436325073,0.9664065837860107,0.032260309873938436,0.29826041039138507,1.0
10.969,TRACK,-0.3660948872566223,-0.030318602919578552,0.9174206256866455,-0.2732055242229218,-0.12393038987301888,1.0,0.1912441998720169,-0.27948835492134094,0.95770263671875,0.2439296280424052,-0.1746377294947854,1.0,0.13832084834575653,0.2885855436325073,0.9664065837860107,0.029275896180516178,0.29856811936780464,1.0
10.989,TRACK,-0.3660948872566223,-0.030318602919578552,0.9174206256866455,-0.2719526726161697,-0.1266560060041467,1.0,0.1912441998720169,-0.27948835492134094,0.95770263671875,0.24566365504955043,-0.17218992011060194,1.0,0.12365035712718964,0.2945738732814789,0.9648200869560242,0.026289017566618746,0.29884592611474897,1.0
11.009,TRACK,-0.36668962240219116,-0.048629071563482285,0.9159844517707825,-0.2706752978560198,-0.1293633763108978,1.0,0.19904352724552155,-0.26689857244491577,0.9583017230033875,0.24736961913257366,-0.16972999596478355,1.0,0.12365035712718964,0.2945738732814789,0.9648200869560242,0.023305678723445664,0.29909337227568167,1.0
11.029,TRACK,-0.36668962240219116,-0.048629071563482285,0.9159844517707825,-0.2693679643419206,-0.13206399882742376,1.0,0.19904352724552155,-0.26689857244491577,0.9583017230033875,0.24905476008086777,-0.16724750067209193,1.0,0.12365035712718964,0.2945738732814789,0.9648200869560242,0.020313204261052365,0.29931149949951597,1.0
11.049,TRACK,-0.36668962240219116,-0.048629071563482285,0.9159844517707825,-0.26803259426517523,-0.1347535840394605,1.0,0.19904352724552155,-0.26689857244491577,0.9583017230033875,0.25071632416176187,-0.16474624365615845,1.0,0.12365035712718964,0.2945738732814789,0.9648200869560242,0.01731627010341289,0.2994998276956193,1.0
11.069,TRACK,-0.36668962240219116,-0.048629071563482285,0.9159844517707825,-0.26667289297745334,-0.1374247726977771,1.0,0.19904352724552155,-0.26689857244491577,0.9583017230033875,0.25234979075430397,-0.1622331134702746,1.0,0.12365035712718964,0.2945738732814789,0.9648200869560242,0.014323102223148915,0.299657886168052,1.0
11.089,TRACK,-0.36668962240219116,-0.048629071563482285,0.9159844517707825,-0.26528556974790696,-0.14008414072809375,1.0,0.19904352724552155,-0.26689857244491577,0.9583017230033875,0.25395920941179717,-0.15970197229506886,1.0,0.10741423815488815,0.2990971803665161,0.9613706469535828,0.01132636033610932,0.29978611302316294,1.0
11.109,TRACK,-0.3664081394672394,-0.06733469665050507,0.9156026840209961,-0.26386640130758776,-0.14273935077960473,1.0,0.20848873257637024,-0.2513517737388611,0.958224356174469,0.2555491045486299,-0.15714533134774777,1.0,0.10741423815488815,0.2990971803665161,0.9613706469535828,0.008317296758957413,0.2998846821273528,1.0
11.129,TRACK,-0.3664081394672394,-0.06733469665050507,0.9156026840209961,-0.26243424416065453,-0.1453556586164637,1.0,0.20848873257637024,-0.2513517737388611,0.958224356174469,0.25709881502600346,-0.1545968929578627,1.0,0.10741423815488815,0.2990971803665161,0.9613706469535828,0.005335429134650614,0.2999525515743267,1.0
11.149,TRACK,-0.3664081394672394,-0.06733469665050507,0.9156026840209961,-0.26096185850412756,-0.14798279766943082,1.0,0.20848873257637024,-0.2513517737388611,0.958224356174469,0.25863779135688364,-0.15200820004865892,1.0,0.10741423815488815,0.2990971803665161,0.9613706469535828,0.0023240671472434314,0.29999099771809,1.0
11.169,TRACK,-0.3664081394672394,-0.06733469665050507,0.9156026840209961,-0.2594690265941339,-0.15058494027721575,1.0,0.20848873257637024,-0.2513517737388611,0.958224356174469,0.26014489700449844,-0.1494142983871319,1.0,0.10741423815488815,0.2990971803665161,0.9613706469535828,-0.0006758704103650552,0.2999992386643479,1.0
11.189,TRACK,-0.3664081394672394,-0.06733469665050507,0.9156026840209961,-0.25795302407175147,-0.15316735086903605,1.0,0.20848873257637024,-0.2513517737388611,0.958224356174469,0.26162332891882567,-0.14681019639463727,1.0,0.0928424522280693,0.30439522862434387,0.9595309495925903,-0.0036703048470746757,0.2999775472636736,1.0
11.209,TRACK,-0.3649633228778839,-0.0883621945977211,0.9138473272323608,-0.25640783023563035,-0.15574024718696242,1.0,0.2218078076839447,-0.2268468290567398,0.9575819373130798,0.26307892557339274,-0.14418557111982208,1.0,0.0928424522280693,0.30439522862434387,0.9595309495925903,-0.00667109533776289,0.2999258183067848,1.0
11.229,TRACK,-0.3649633228778839,-0.0883621945977211,0.9138473272323608,-0.2548396540587042,-0.15829324280979268,1.0,0.2218078076839447,-0.2268468290567398,0.9575819373130798,0.26450579655005113,-0.14155099290157933,1.0,0.0928424522280693,0.30439522862434387,0.9595309495925903,-0.009666142491347462,0.29984423571137225,1.0
11.249,TRACK,-0.3649633228778839,-0.0883621945977211,0.9138473272323608,-0.2532422629240372,-0.16083642705902426,1.0,0.2218078076839447,-0.2268468290567398,0.9575819373130798,0.2659095631490566,-0.13889601947456184,1.0,0.0928424522280693,0.30439522862434387,0.9595309495925903,-0.012667300225019957,0.2997324465335863,1.0
11.269,TRACK,-0.3649633228778839,-0.0883621945977211,0.9138473272323608,-0.2516203886706402,-0.16336211312674664,1.0,0.2218078076839447,-0.2268468290567398,0.9575819373130798,0.2672859343189901,-0.13622859213551494,1.0,0.0928424522280693,0.30439522862434387,0.9595309495925903,-0.015665545648350467,0.29959070526226184,1.0
11.289,TRACK,-0.3649633228778839,-0.0883621945977211,0.9138473272323608,-0.24997287084381228,-0.16587213099885928,1.0,0.2218078076839447,-0.2268468290567398,0.9575819373130798,0.2686359146467787,-0.13354679090823793,1.0,0.07843126356601715,0.30954253673553467,0.9592173099517822,-0.018663043802966947,0.29941892190709746,1.0
11.309,TRACK,-0.36348244547843933,-0.10424447804689407,0.9176453351974487,-0.24830376755778,-0.16836044374083822,1.0,0.23288793861865997,-0.20882616937160492,0.9578291177749634,0.2699563050508768,-0.13085714869000445,1.0,0.07843126356601715,0.30954253673553467,0.9592173099517822,-0.02165253749309732,0.2992175924308429,1.0
11.329,TRACK,-0.36348244547843933,-0.10424447804689407,0.9176453351974487,-0.24660433596904566,-0.17083998794563893,1.0,0.23288793861865997,-0.20882616937160492,0.9578291177749634,0.2712539375276735,-0.12814562565976637,1.0,0.07843126356601715,0.30954253673553467,0.9592173099517822,-0.024649601558628418,0.29898561360540554,1.0
11.349,TRACK,-0.36348244547843933,-0.10424447804689407,0.9176453351974487,-0.24488386334653345,-0.1732971248246096,1.0,0.23288793861865997,-0.20882616937160492,0.9578291177749634,0.2725216441741817,-0.12542708422266985,1.0,0.07843126356601715,0.30954253673553467,0.9592173099517822,-0.027637780827648725,0.2987242090472797,1.0
11.369,TRACK,-0.36348244547843933,-0.10424447804689407,0.9176453351974487,-0.24314209329060557,-0.17573253105291134,1.0,0.23288793861865997,-0.20882616937160492,0.9578291177749634,0.27375988280846186,-0.12270096399253436,1.0,0.07843126356601715,0.30954253673553467,0.9592173099517822,-0.030617789517856833,0.298433495045446,1.0
11.389,TRACK,-0.36348244547843933,-0.10424447804689407,0.9176453351974487,-0.2413681394852019,-0.17816122260877118,1.0,0.23288793861865997,-0.20882616937160492,0.9578291177749634,0.2749762144910914,-0.11995032915398478,1.0,0.06288295239210129,0.31548282504081726,0.9614019393920898,-0.03360807500589005,0.29811155176275617,1.0
11.409,TRACK,-0.35961249470710754,-0.11952666193246841,0.9185760617256165,-0.23957946258439036,-0.18055935619007585,1.0,0.2425960898399353,-0.19271345436573029,0.9589400887489319,0.276158720643764,-0.11720222272806724,1.0,0.06288295239210129,0.31548282504081726,0.9614019393920898,-0.0365792580593742,0.2977615789181433,1.0
11.429,TRACK,-0.35961249470710754,-0.11952666193246841,0.9185760617256165,-0.23775627337571628,-0.18295342158727626,1.0,0.2425960898399353,-0.19271345436573029,0.9589400887489319,0.27732044749172385,-0.11442626185884965,1.0,0.06288295239210129,0.31548282504081726,0.9614019393920898,-0.03956417411600808,0.29737968344612614,1.0
11.449,TRACK,-0.35961249470710754,-0.11952666193246841,0.9185760617256165,-0.23592056125840524,-0.1853145670893658,1.0,0.2425960898399353,-0.19271345436573029,0.9589400887489319,0.2784474034199092,-0.1116559157801786,1.0,0.06288295239210129,0.31548282504081726,0.9614019393920898,-0.04252684216150448,0.2969704828695446,1.0
11.469,TRACK,-0.35961249470710754,-0.11952666193246841,0.9185760617256165,-0.2340619832912412,-0.1876565692369194,1.0,0.2425960898399353,-0.19271345436573029,0.9589400887489319,0.2795463477918263,-0.10887533897192371,1.0,0.06288295239210129,0.31548282504081726,0.9614019393920898,-0.04548436450058562,0.2965319082088433,1.0
11.489,TRACK,-0.35961249470710754,-0.11952666193246841,0.9185760617256165,-0.23216486929539254,-0.18999861437666668,1.0,0.2425960898399353,-0.19271345436573029,0.9589400887489319,0.280626061381733,-0.10606136748777009,1.0,0.04802066832780838,0.32137393951416016,0.9633914828300476,-0.048461192086341,0.296059981864437,1.0
11.509,TRACK,-0.35363855957984924,-0.1324615478515625,0.9193670749664307,-0.23025170373145415,-0.19231264370488657,1.0,0.2541957199573517,-0.1734674572944641,0.9604598879814148,0.28167348678310444,-0.10324750284364395,1.0,0.04802066832780838,0.32137393951416016,0.9633914828300476,-0.05142178305165083,0.29556014654853074,1.0
11.529,TRACK,-0.35363855957984924,-0.1324615478515625,0.9193670749664307,-0.22831728430317413,-0.19460528689741072,1.0,0.2541957199573517,-0.1734674572944641,0.9604598879814148,0.2826917643155038,-0.1004259248809172,1.0,0.04802066832780838,0.32137393951416016,0.9633914828300476,-0.054374480012330216,0.29503121177832814,1.0
11.549,TRACK,-0.35363855957984924,-0.1324615478515625,0.9193670749664307,-0.2263618683649618,-0.1968763686944771,1.0,0.2541957199573517,-0.1734674572944641,0.9604598879814148,0.2836808708767296,-0.09759694410492716,1.0,0.04802066832780838,0.32137393951416016,0.9633914828300476,-0.05731900251176829,0.2944733127994044,1.0
11.569,TRACK,-0.35363855957984924,-0.1324615478515625,0.9193670749664307,-0.22438141784138252,-0.1991305584974112,1.0,0.2541957199573517,-0.1734674572944641,0.9604598879814148,0.2846428312492327,-0.09475472873910222,1.0,0.04802066832780838,0.32137393951416016,0.9633914828300476,-0.060261413407850704,0.2938852872365136,1.0
11.589,TRACK,-0.35363855957984924,-0.1324615478515625,0.9193670749664307,-0.22237364732020948,-0.2013702087636279,1.0,0.2541957199573517,-0.1734674572944641,0.9604598879814148,0.28557854001478244,-0.09189612332968847,1.0,0.03255768492817879,0.3255740702152252,0.9638549089431763,-0.06320489269457351,0.2932663320933166,1.0
11.609,TRACK,-0.3456735908985138,-0.14190489053726196,0.9217851161956787,-0.2203545895626979,-0.20357763840524074,1.0,0.26182106137275696,-0.15995237231254578,0.9584338068962097,0.2864807012827301,-0.089043853199169,1.0,0.03255768492817879,0.3255740702152252,0.9638549089431763,-0.06612611172003276,0.2926214916044099,1.0
11.629,TRACK,-0.3456735908985138,-0.14190489053726196,0.9217851161956787,-0.2183075125450012,-0.20577130501217644,1.0,0.26182106137275696,-0.15995237231254578,0.9584338068962097,0.28735693378292165,-0.0861741991948725,1.0,0.03255768492817879,0.3255740702152252,0.9638549089431763,-0.06904942123792104,0.2919455042070491,1.0
11.649,TRACK,-0.3456735908985138,-0.14190489053726196,0.9217851161956787,-0.21624075485580552,-0.20794214565448585,1.0,0.26182106137275696,-0.15995237231254578,0.9584338068962097,0.2882035580821315,-0.08329891421140755,1.0,0.03255768492817879,0.3255740702152252,0.9638549089431763,-0.07196280322632656,0.29124105986589355,1.0
11.669,TRACK,-0.3456735908985138,-0.14190489053726196,0.9217851161956787,-0.21414589965771688,-0.21009886639338884,1.0,0.26182106137275696,-0.15995237231254578,0.9584338068962097,0.2890239054318459,-0.08040635602316139,1.0,0.03255768492817879,0.3255740702152252,0.9638549089431763,-0.0748780057741296,0.29050522241655036,1.0
11.689,TRACK,-0.3456735908985138,-0.14190489053726196,0.9217851161956787,-0.21204362683250405,-0.21222040505031028,1.0,0.26182106137275696,-0.15995237231254578,0.9584338068962097,0.2898100753912442,-0.07752496502238067,1.0,0.016161968931555748,0.3283613324165344,0.9643054008483887,-0.07776644855874074,0.28974537007269113,1.0
11.709,TRACK,-0.3347487449645996,-0.1515916883945465,0.9224201440811157,-0.2099031418215708,-0.21433774994954466,1.0,0.2736002206802368,-0.14075444638729095,0.9585967659950256,0.2905735073570879,-0.07461257817687549,1.0,0.016161968931555748,0.3283613324165344,0.9643054008483887,-0.08067036553551771,0.2889503281264203,1.0
11.729,TRACK,-0.3347487449645996,-0.1515916883945465,0.9224201440811157,-0.20774747523227918,-0.21642778595784215,1.0,0.2736002206802368,-0.14075444638729095,0.9585967659950256,0.291305698340452,-0.07170069814431083,1.0,0.016161968931555748,0.3283613324165344,0.9643054008483887,-0.08355822310817337,0.28812848410215314,1.0
11.749,TRACK,-0.3347487449645996,-0.1515916883945465,0.9224201440811157,-0.2055793858355126,-0.218488251673845,1.0,0.2736002206802368,-0.14075444638729095,0.9585967659950256,0.29200606929575407,-0.0687928447910339,1.0,0.016161968931555748,0.3283613324165344,0.9643054008483887,-0.086426683460242,0.28728109646487904,1.0
11.769,TRACK,-0.3347487449645996,-0.1515916883945465,0.9224201440811157,-0.2033781111090869,-0.2205387583208446,1.0,0.2736002206802368,-0.14075444638729095,0.9585967659950256,0.2926812227794717,-0.06586123163374077,1.0,0.016161968931555748,0.3283613324165344,0.9643054008483887,-0.08930311167038536,0.2863999899545855,1.0
11.789,TRACK,-0.3347487449645996,-0.1515916883945465,0.9224201440811157,-0.20116604264111362,-0.222558359286084,1.0,0.2736002206802368,-0.14075444638729095,0.9585967659950256,0.29332421428688993,-0.06293572366294571,1.0,0.0021878043189644814,0.33289459347724915,0.9673048257827759,-0.09215817164577687,0.28549408294902984,1.0
11.809,TRACK,-0.32359522581100464,-0.16046839952468872,0.9237621426582336,-0.1989463138818427,-0.22454479328817076,1.0,0.28254932165145874,-0.12239481508731842,0.9591854214668274,0.2939346522160028,-0.060020165166862774,1.0,0.0021878043189644814,0.33289459347724915,0.9673048257827759,-0.09498833833416066,0.2845649584550336,1.0
11.829,TRACK,-0.32359522581100464,-0.16046839952468872,0.9237621426582336,-0.19667335132962366,-0.22653828126119085,1.0,0.28254932165145874,-0.12239481508731842,0.9591854214668274,0.29452458216666744,-0.057054977868280336,1.0,0.0021878043189644814,0.33289459347724915,0.9673048257827759,-0.09785123083704433,0.2835932591294713,1.0
11.849,TRACK,-0.32359522581100464,-0.16046839952468872,0.9237621426582336,-0.19440128004525076,-0.2284910114572737,1.0,0.28254932165145874,-0.12239481508731842,0.9591854214668274,0.2950796604810257,-0.054110941318762845,1.0,0.0021878043189644814,0.33289459347724915,0.9673048257827759,-0.1006783804357755,0.28260195277603667,1.0
11.869,TRACK,-0.32359522581100464,-0.16046839952468872,0.9237621426582336,-0.1921048498225041,-0.23042509992332247,1.0,0.28254932165145874,-0.12239481508731842,0.9591854214668274,0.29560641511441704,-0.05115513017482149,1.0,0.0021878043189644814,0.33289459347724915,0.9673048257827759,-0.10350156529191354,0.28158023009814404,1.0
11.889,TRACK,-0.32359522581100464,-0.16046839952468872,0.9237621426582336,-0.18978782147513257,-0.23233721789615025,1.0,0.28254932165145874,-0.12239481508731842,0.9591854214668274,0.29610384368023296,-0.04819246577829521,1.0,-0.012831340543925762,0.33278459310531616,0.9668241739273071,-0.10631602220510095,0.28052968367444553,1.0
11.909,TRACK,-0.31041085720062256,-0.16987955570220947,0.9218714237213135,-0.18745754179611354,-0.2342214123938252,1.0,0.28942984342575073,-0.10745568573474884,0.9610882997512817,0.29657046414138083,-0.0452322871295046,1.0,-0.012831340543925762,0.33278459310531616,0.9668241739273071,-0.10911292234526783,0.2794536995233299,1.0
11.929,TRACK,-0.31041085720062256,-0.16987955570220947,0.9218714237213135,-0.1851067560331599,-0.236083648037894,1.0,0.28942984342575073,-0.10745568573474884,0.9610882997512817,0.29700781463550047,-0.04226532911789755,1.0,-0.012831340543925762,0.33278459310531616,0.9668241739273071,-0.11190105860234112,0.27834897715579165,1.0
11.949,TRACK,-0.31041085720062256,-0.16987955570220947,0.9218714237213135,-0.18273386963347363,-0.23792505729488994,1.0,0.28942984342575073,-0.10745568573474884,0.9610882997512817,0.29741607863097963,-0.03928964458697669,1.0,-0.012831340543925762,0.33278459310531616,0.9668241739273071,-0.11468220899750653,0.2772147018818667,1.0
11.969,TRACK,-0.31041085720062256,-0.16987955570220947,0.9218714237213135,-0.18033820800107273,-0.2397459712590846,1.0,0.28942984342575073,-0.10745568573474884,0.9610882997512817,0.2977952055658776,-0.03630448377234849,1.0,-0.012831340543925762,0.33278459310531616,0.9668241739273071,-0.11745699756480538,0.27605045503143316,1.0
11.989,TRACK,-0.31041085720062256,-0.16987955570220947,0.9218714237213135,-0.17794634289843414,-0.24152660112102123,1.0,0.28942984342575073,-0.10745568573474884,0.9610882997512817,0.29814134370973255,-0.03334275290006964,1.0,-0.0274385754019022,0.33196568489074707,0.9672074317932129,-0.12019500081129901,0.2748693540210909,1.0
12.009,TRACK,-0.2992173135280609,-0.17803914844989777,0.9209422469139099,-0.1755206270554276,-0.24329510779723768,1.0,0.2953580319881439,-0.0910923108458519,0.9615655541419983,0.2984600574965951,-0.030357768019555382,1.0,-0.0274385754019022,0.33196568489074707,0.9672074317932129,-0.12293943044116808,0.2736528758167931,1.0
12.029,TRACK,-0.2992173135280609,-0.17803914844989777,0.9209422469139099,-0.17307809579026842,-0.24503871685432624,1.0,0.2953580319881439,-0.0910923108458519,0.9615655541419983,0.29874880160172285,-0.02737066936584553,1.0,-0.0274385754019022,0.33196568489074707,0.9672074317932129,-0.12567070581145498,0.2724093862201718,1.0
12.049,TRACK,-0.2992173135280609,-0.17803914844989777,0.9209422469139099,-0.1706155680741539,-0.24675965620565643,1.0,0.2953580319881439,-0.0910923108458519,0.9615655541419983,0.29900791494028983,-0.024377588130501962,1.0,-0.0274385754019022,0.33196568489074707,0.9672074317932129,-0.12839234686613651,0.27113724433615843,1.0
12.069,TRACK,-0.2992173135280609,-0.17803914844989777,0.9209422469139099,-0.16813687791102022,-0.24845520780682917,1.0,0.2953580319881439,-0.0910923108458519,0.9615655541419983,0.299236960618766,-0.02138320368053123,1.0,-0.0274385754019022,0.33196568489074707,0.9672074317932129,-0.13110008270774634,0.26983841148736043,1.0
12.089,TRACK,-0.2992173135280609,-0.17803914844989777,0.9209422469139099,-0.16564148802447853,-0.2501257632572793,1.0,0.2953580319881439,-0.0910923108458519,0.9615655541419983,0.2994360091340155,-0.01838685492121431,1.0,-0.043951548635959625,0.3300043046474457,0.9680432081222534,-0.13379452110953752,0.26851261817849364,1.0
12.109,TRACK,-0.28500133752822876,-0.18625189363956451,0.9197570085525513,-0.16315429170230514,-0.2517551927947448,1.0,0.30058836936950684,-0.07471870630979538,0.9586889147758484,0.29960353834605064,-0.015418164953280173,1.0,-0.043951548635959625,0.3300043046474457,0.9680432081222534,-0.13644924664374608,0.267173357748025,1.0
12.129,TRACK,-0.28500133752822876,-0.18625189363956451,0.9197570085525513,-0.1606167559391713,-0.25338164438565136,1.0,0.30058836936950684,-0.07471870630979538,0.9586889147758484,0.29974331886023436,-0.01240736872394147,1.0,-0.043951548635959625,0.3300043046474457,0.9680432081222534,-0.13912656292106365,0.26578901310959285,1.0
12.149,TRACK,-0.28500133752822876,-0.18625189363956451,0.9197570085525513,-0.15807142750435885,-0.25497730057151013,1.0,0.30058836936950684,-0.07471870630979538,0.9586889147758484,0.2998525334354877,-0.009405221545489622,1.0,-0.043951548635959625,0.3300043046474457,0.9680432081222534,-0.1417811059311294,0.26438252211699975,1.0
12.169,TRACK,-0.28500133752822876,-0.18625189363956451,0.9197570085525513,-0.1555025413982856,-0.25655206025030175,1.0,0.30058836936950684,-0.07471870630979538,0.9586889147758484,0.29993187226914003,-0.006393121078805474,1.0,-0.043951548635959625,0.3300043046474457,0.9680432081222534,-0.144429330870855,0.2629451813291072,1.0
12.189,TRACK,-0.28500133752822876,-0.18625189363956451,0.9197570085525513,-0.1529509197789125,-0.25808141378019583,1.0,0.30058836936950684,-0.07471870630979538,0.9586889147758484,0.2999805204677092,-0.003418675170635731,1.0,-0.05988321825861931,0.3278551399707794,0.9687997102737427,-0.14702960068879722,0.2615000889508316,1.0
12.209,TRACK,-0.26914817094802856,-0.19645453989505768,0.9202609062194824,-0.15035656188203608,-0.2596014335457596,1.0,0.30149537324905396,-0.060615427792072296,0.9561120271682739,0.2999997172505036,-0.00041188544265012485,1.0,-0.05988321825861931,0.3278551399707794,0.9687997102737427,-0.1496431553684681,0.26001331898840974,1.0
12.229,TRACK,-0.26914817094802856,-0.19645453989505768,0.9202609062194824,-0.14774927832206625,-0.26109414155685035,1.0,0.30149537324905396,-0.060615427792072296,0.9561120271682739,0.2999887985285558,0.002592442360698668,1.0,-0.05988321825861931,0.3278551399707794,0.9687997102737427,-0.15223952020649012,0.2585016991961516,1.0
12.249,TRACK,-0.26914817094802856,-0.19645453989505768,0.9202609062194824,-0.14512883585877295,-0.2625597474905042,1.0,0.30149537324905396,-0.060615427792072296,0.9561120271682739,0.2999478292673906,0.005594615069893076,1.0,-0.05988321825861931,0.3278551399707794,0.9687997102737427,-0.15481899340861824,0.2569651324206111,1.0
12.269,TRACK,-0.26914817094802856,-0.19645453989505768,0.9202609062194824,-0.14248869548199627,-0.26400184025843254,1.0,0.30149537324905396,-0.060615427792072296,0.9561120271682739,0.299876648050642,0.008602090089702861,1.0,-0.05988321825861931,0.3278551399707794,0.9687997102737427,-0.15738795256864632,0.2553997501687297,1.0
12.289,TRACK,-0.26914817094802856,-0.19645453989505768,0.9202609062194824,-0.1398524515543467,-0.26540778397447035,1.0,0.30149537324905396,-0.060615427792072296,0.9561120271682739,0.29977610906119706,0.011588116159638746,1.0,-0.07903233915567398,0.32595008611679077,0.9719042778015137,-0.15992365750685092,0.25381966781483156,1.0
12.309,TRACK,-0.25411373376846313,-0.20678749680519104,0.9234009981155396,-0.13718866095577578,-0.26679443642092915,1.0,0.302653968334198,-0.046415526419878006,0.9552878141403198,0.29964509000676476,0.01458835271159273,1.0,-0.07903233915567398,0.32595008611679077,0.9719042778015137,-0.16245642905098956,0.25220608370933634,1.0
12.329,TRACK,-0.25411373376846313,-0.20678749680519104,0.9234009981155396,-0.13451793198012382,-0.2681509387934168,1.0,0.302653968334198,-0.046415526419878006,0.9552878141403198,0.299484491033807,0.017579523037374353,1.0,-0.07903233915567398,0.32595008611679077,0.9719042778015137,-0.16496655905368374,0.2505714157560424,1.0
12.349,TRACK,-0.25411373376846313,-0.20678749680519104,0.9234009981155396,-0.13182238737582255,-0.26948628571142275,1.0,0.302653968334198,-0.046415526419878006,0.9552878141403198,0.29929316308551474,0.020581606600736286,1.0,-0.07903233915567398,0.32595008611679077,0.9719042778015137,-0.16747077570969274,0.24890467911068642,1.0
12.369,TRACK,-0.25411373376846313,-0.20678749680519104,0.9234009981155396,-0.129119560593726,-0.2707916894442721,1.0,0.302653968334198,-0.046415526419878006,0.9552878141403198,0.29907226248930907,0.023575025122485535,1.0,-0.07903233915567398,0.32595008611679077,0.9719042778015137,-0.16995270189558362,0.24721666432178652,1.0
12.389,TRACK,-0.25411373376846313,-0.20678749680519104,0.9234009981155396,-0.12641269508777506,-0.27206585695497554,1.0,0.302653968334198,-0.046415526419878006,0.9552878141403198,0.2988222911692795,0.02655632317061857,1.0,-0.09726034104824066,0.32186761498451233,0.9700238108634949,-0.172409596081505,0.24550953378435691,1.0
12.409,TRACK,-0.2377987951040268,-0.21402820944786072,0.9251969456672668,-0.12367458820920336,-0.27332141561042006,1.0,0.30217432975769043,-0.03384452685713768,0.9550933837890625,0.29854058342155004,0.029555372613460824,1.0,-0.09726034104824066,0.32186761498451233,0.9700238108634949,-0.17486599521234725,0.24376604299695914,1.0
12.429,TRACK,-0.2377987951040268,-0.21402820944786072,0.9251969456672668,-0.12094705333368544,-0.27453926912173904,1.0,0.30217432975769043,-0.03384452685713768,0.9550933837890625,0.2982315080626814,0.03252641386102686,1.0,-0.09726034104824066,0.32186761498451233,0.9700238108634949,-0.1772844547289965,0.2420128552607121,1.0
12.449,TRACK,-0.2377987951040268,-0.21402820944786072,0.9251969456672668,-0.11819105988552313,-0.2757369640855877,1.0,0.30217432975769043,-0.03384452685713768,0.9550933837890625,0.2978907456032779,0.035512021681723245,1.0,-0.09726034104824066,0.32186761498451233,0.9700238108634949,-0.17969968571775533,0.24022494240386438,1.0
12.469,TRACK,-0.2377987951040268,-0.21402820944786072,0.9251969456672668,-0.1154316584467203,-0.27690347095737117,1.0,0.30217432975769043,-0.03384452685713768,0.9550933837890625,0.2975212694685301,0.03848498686285754,1.0,-0.09726034104824066,0.32186761498451233,0.9700238108634949,-0.1820896110218103,0.23841848409451355,1.0
12.49,TRACK,-0.2377987951040268,-0.21402820944786072,0.9251969456672668,-0.11265458082108974,-0.27804486224353175,1.0,0.30217432975769043,-0.03384452685713768,0.9550933837890625,0.29712120450518803,0.041460702278015286,1.0,-0.11358685791492462,0.3169257640838623,0.9681045413017273,-0.18446662368409886,0.2365841599655164,1.0
12.509,TRACK,-0.2223016619682312,-0.22250238060951233,0.9244036078453064,-0.10988768320647763,-0.2791499544680472,1.0,0.3008301854133606,-0.019916681572794914,0.9560796022415161,0.29669479363783696,0.04440945201419766,1.0,-0.11358685791492462,0.3169257640838623,0.9681045413017273,-0.18680711043135995,0.23474050245384945,1.0
12.529,TRACK,-0.2223016619682312,-0.22250238060951233,0.9244036078453064,-0.10707644035741697,-0.28024031815637185,1.0,0.3008301854133606,-0.019916681572794914,0.9560796022415161,0.2962334548667599,0.04738924158185386,1.0,-0.11358685791492462,0.3169257640838623,0.9681045413017273,-0.18915701450934352,0.2328510765745179,1.0
12.549,TRACK,-0.2223016619682312,-0.22250238060951233,0.9244036078453064,-0.10426772679027652,-0.2812974247126842,1.0,0.3008301854133606,-0.019916681572794914,0.9560796022415161,0.29574457921546327,0.05035021216110768,1.0,-0.11358685791492462,0.3169257640838623,0.9681045413017273,-0.19147685242518733,0.2309472125515764,1.0
12.569,TRACK,-0.2223016619682312,-0.22250238060951233,0.9244036078453064,-0.10143545317690893,-0.2823310978953525,1.0,0.3008301854133606,-0.019916681572794914,0.9560796022415161,0.2952236296441809,0.05331986965208648,1.0,-0.11358685791492462,0.3169257640838623,0.9681045413017273,-0.19378817646727256,0.22901122824326592,1.0
12.589,TRACK,-0.2223016619682312,-0.22250238060951233,0.9244036078453064,-0.09861721910374423,-0.28332780325312956,1.0,0.3008301854133606,-0.019916681572794914,0.9560796022415161,0.2946776847675216,0.05625888463214656,1.0,-0.1282484382390976,0.3107432425022125,0.9691154360771179,-0.1960604656637779,0.22706891862098288,1.0
12.609,TRACK,-0.20910191535949707,-0.23411640524864197,0.9220333099365234,-0.09577736562319515,-0.2843003627051517,1.0,0.298662006855011,-0.004799237474799156,0.956024169921875,0.29410001921938883,0.059204549615338754,1.0,-0.1282484382390976,0.3107432425022125,0.9691154360771179,-0.19832265359619425,0.2250958130898128,1.0
12.629,TRACK,-0.20910191535949707,-0.23411640524864197,0.9220333099365234,-0.09292697097679607,-0.28524476869011584,1.0,0.298662006855011,-0.004799237474799156,0.956024169921875,0.29349270147065437,0.06214526678241361,1.0,-0.1282484382390976,0.3107432425022125,0.9691154360771179,-0.2005657304938588,0.22309950190770214,1.0
12.649,TRACK,-0.20910191535949707,-0.23411640524864197,0.9220333099365234,-0.09009489755073309,-0.28615189923417056,1.0,0.298662006855011,-0.004799237474799156,0.956024169921875,0.292862262853323,0.06505147958679433,1.0,-0.1282484382390976,0.3107432425022125,0.9691154360771179,-0.2027673653025905,0.22110041964737612,1.0
12.669,TRACK,-0.20910191535949707,-0.23411640524864197,0.9220333099365234,-0.08719970194776593,-0.28704740371621684,1.0,0.298662006855011,-0.004799237474799156,0.956024169921875,0.29219019468249435,0.06800654476891206,1.0,-0.1282484382390976,0.3107432425022125,0.9691154360771179,-0.204990492734729,0.21904085894730466,1.0
12.689,TRACK,-0.20910191535949707,-0.23411640524864197,0.9220333099365234,-0.08432412916624103,-0.28790526434984665,1.0,0.298662006855011,-0.004799237474799156,0.956024169921875,0.2914953373933619,0.0709257941649586,1.0,-0.1424131840467453,0.29969730973243713,0.9645175337791443,-0.20717120822712148,0.21697947018488792,1.0
12.709,TRACK,-0.19871947169303894,-0.2426910251379013,0.922354519367218,-0.08144194368204452,-0.28873380441037844,1.0,0.2984272837638855,0.007968973368406296,0.9559629559516907,0.2907717813917373,0.07383611004295743,1.0,-0.1424131840467453,0.29969730973243713,0.9645175337791443,-0.20932983770969335,0.21489769436742087,1.0
12.729,TRACK,-0.19871947169303894,-0.2426910251379013,0.922354519367218,-0.07855962737987411,-0.2895313194560052,1.0,0.2984272837638855,0.007968973368406296,0.9559629559516907,0.2900212915300652,0.07673102670519238,1.0,-0.1424131840467453,0.29969730973243713,0.9645175337791443,-0.2114616641501916,0.21280029275081266,1.0
12.749,TRACK,-0.19871947169303894,-0.2426910251379013,0.922354519367218,-0.0756670125225086,-0.29030071170411986,1.0,0.2984272837638855,0.007968973368406296,0.9559629559516907,0.2892412973337245,0.07962080077909256,1.0,-0.1424131840467453,0.29969730973243713,0.9645175337791443,-0.21357428481121649,0.21067991092502714,1.0
12.769,TRACK,-0.19871947169303894,-0.2426910251379013,0.922354519367218,-0.07275170354572362,-0.29104499588756916,1.0,0.2984272837638855,0.007968973368406296,0.9559629559516907,0.28842821185583406,0.08251767450459382,1.0,-0.1424131840467453,0.29969730973243713,0.9645175337791443,-0.215676508310111,0.20852732138297517,1.0
12.789,TRACK,-0.19871947169303894,-0.2426910251379013,0.922354519367218,-0.06983432841234857,-0.2917587472128235,1.0,0.2984272837638855,0.007968973368406296,0.9559629559516907,0.28758765106880163,0.0854010711450928,1.0,-0.1537938416004181,0.28994250297546387,0.964224100112915,-0.2177533226564536,0.20635767606773053,1.0
12.809,TRACK,-0.18898653984069824,-0.25514525175094604,0.9204931259155273,-0.06692107483953444,-0.29244071149947887,1.0,0.29845255613327026,0.026863109320402145,0.9554752707481384,0.28672162267911183,0.08826500489014329,1.0,-0.1537938416004181,0.28994250297546387,0.964224100112915,-0.21980054783957795,0.2041757066093354,1.0
12.829,TRACK,-0.18898653984069824,-0.25514525175094604,0.9204931259155273,-0.06400685988289022,-0.2930923436187511,1.0,0.29845255613327026,0.026863109320402145,0.9554752707481384,0.28582884517000134,0.09111460513432186,1.0,-0.1537938416004181,0.28994250297546387,0.964224100112915,-0.2218219852871117,0.20197773848442904,1.0
12.849,TRACK,-0.18898653984069824,-0.25514525175094604,0.9204931259155273,-0.061052199466225636,-0.29372202665162206,1.0,0.29845255613327026,0.026863109320402145,0.9554752707481384,0.2848968364644674,0.09398825763114521,1.0,-0.1537938416004181,0.28994250297546387,0.964224100112915,-0.2238446369982423,0.1997337690204767,1.0
12.869,TRACK,-0.18898653984069824,-0.25514525175094604,0.9204931259155273,-0.0581181884821976,-0.2943166257069888,1.0,0.29845255613327026,0.026863109320402145,0.9554752707481384,0.2839447688594672,0.09682648520597943,1.0,-0.1537938416004181,0.28994250297546387,0.964224100112915,-0.2258265803772701,0.1974901405010092,1.0
12.889,TRACK,-0.18898653984069824,-0.25514525175094604,0.9204931259155273,-0.0551641181923017,-0.2948845877018088,1.0,0.29845255613327026,0.026863109320402145,0.9554752707481384,0.2829596032304174,0.09966876611900413,1.0,-0.16719140112400055,0.2772164046764374,0.9622163772583008,-0.22779548503811625,0.19521582158280446,1.0
12.909,TRACK,-0.1789354532957077,-0.2680133879184723,0.9196940064430237,-0.0522143269451839,-0.2954211638689101,1.0,0.29628992080688477,0.04033547639846802,0.9556077718734741,0.2819493961986335,0.10249164835841977,1.0,-0.16719140112400055,0.2772164046764374,0.9622163772583008,-0.22973506925345016,0.19292951551049012,1.0
12.929,TRACK,-0.1789354532957077,-0.2680133879184723,0.9196940064430237,-0.04926651711521471,-0.2959270354180845,1.0,0.29628992080688477,0.04033547639846802,0.9556077718734741,0.28091358889628576,0.1052974623312858,1.0,-0.16719140112400055,0.2772164046764374,0.9622163772583008,-0.23164707178107158,0.19062957308679854,1.0
12.949,TRACK,-0.1789354532957077,-0.2680133879184723,0.9196940064430237,-0.04630222086950671,-0.29640530417411803,1.0,0.29628992080688477,0.04033547639846802,0.9556077718734741,0.27984563366599313,0.10810375256242849,1.0,-0.16719140112400055,0.2772164046764374,0.9622163772583008,-0.23354341279648697,0.1883015516116893,1.0
12.969,TRACK,-0.1789354532957077,-0.2680133879184723,0.9196940064430237,-0.043333250888839374,-0.29685388555214315,1.0,0.29628992080688477,0.04033547639846802,0.9556077718734741,0.27874963154469384,0.11089924667777237,1.0,-0.16719140112400055,0.2772164046764374,0.9622163772583008,-0.23541638065585502,0.18595463887437055,1.0
12.989,TRACK,-0.1789354532957077,-0.2680133879184723,0.9196940064430237,-0.040355332973493044,-0.29727335417187745,1.0,0.29628992080688477,0.04033547639846802,0.9556077718734741,0.277623943067801,0.11368793355271425,1.0,-0.1772146373987198,0.26722583174705505,0.9630921483039856,-0.2372686100943085,0.183585420619163,1.0
13.009,TRACK,-0.1670873612165451,-0.2800139784812927,0.9193781614303589,-0.037409766316535045,-0.2976583769762615,1.0,0.2956976890563965,0.054418351501226425,0.9586338400840759,0.27648459926895497,0.11643138050837233,1.0,-0.1772146373987198,0.26722583174705505,0.9630921483039856,-0.23907483295242044,0.181226996467889,1.0
13.029,TRACK,-0.1670873612165451,-0.2800139784812927,0.9193781614303589,-0.03441260648413384,-0.2980197518873005,1.0,0.2956976890563965,0.054418351501226425,0.9586338400840759,0.27529897920600443,0.11920768451795354,1.0,-0.1772146373987198,0.26722583174705505,0.9630921483039856,-0.2408863727218711,0.17881206736934674,1.0
13.049,TRACK,-0.1670873612165451,-0.2800139784812927,0.9193781614303589,-0.03142700643506874,-0.29834936444800775,1.0,0.2956976890563965,0.054418351501226425,0.9586338400840759,0.27409163203245074,0.12195809628633761,1.0,-0.1772146373987198,0.26722583174705505,0.9630921483039856,-0.24266462559738256,0.1763912681616699,1.0
13.069,TRACK,-0.1670873612165451,-0.2800139784812927,0.9193781614303589,-0.028437757420892953,-0.29864911510478387,1.0,0.2956976890563965,0.054418351501226425,0.9586338400840759,0.27285659920893207,0.12469673719923949,1.0,-0.1772146373987198,0.26722583174705505,0.9630921483039856,-0.24441884178803963,0.17395237790554413,1.0
13.089,TRACK,-0.1670873612165451,-0.2800139784812927,0.9193781614303589,-0.02545816406692158,-0.2989178513945624,1.0,0.2956976890563965,0.054418351501226425,0.9586338400840759,0.2715995349858134,0.12741150888161526,1.0,-0.188919335603714,0.254248708486557,0.9620386958122253,-0.24614137091889232,0.1715063425129469,1.0
13.109,TRACK,-0.15289440751075745,-0.29062414169311523,0.9191216826438904,-0.022475860673208423,-0.2991568747112433,1.0,0.2952355742454529,0.07018644362688065,0.9614356756210327,0.27031538355329926,0.13011377104070385,1.0,-0.188919335603714,0.254248708486557,0.9620386958122253,-0.24783952288009137,0.1690431036705392,1.0
13.129,TRACK,-0.15289440751075745,-0.29062414169311523,0.9191216826438904,-0.019472978593513032,-0.29936733807263705,1.0,0.2952355742454529,0.07018644362688065,0.9614356756210327,0.26899620913098443,0.13281957488698598,1.0,-0.188919335603714,0.254248708486557,0.9620386958122253,-0.2495232305374719,0.16654776318565082,1.0
13.149,TRACK,-0.15289440751075745,-0.29062414169311523,0.9191216826438904,-0.016474849150977678,-0.299547290666186,1.0,0.2952355742454529,0.07018644362688065,0.9614356756210327,0.26765298792720704,0.13550600744483013,1.0,-0.188919335603714,0.254248708486557,0.9620386958122253,-0.25117813877622985,0.1640412832213556,1.0
13.169,TRACK,-0.15289440751075745,-0.29062414169311523,0.9191216826438904,-0.013476747503875086,-0.2996971425901768,1.0,0.2952355742454529,0.07018644362688065,0.9614356756210327,0.26628371267663775,0.1381773655963444,1.0,-0.188919335603714,0.254248708486557,0.9620386958122253,-0.2528069651727632,0.16151977699383221,1.0
13.189,TRACK,-0.15289440751075745,-0.29062414169311523,0.9191216826438904,-0.010478297271624309,-0.2998169529667852,1.0,0.2952355742454529,0.07018644362688065,0.9614356756210327,0.2648882463902922,0.14083400485776104,1.0,-0.20155249536037445,0.24352121353149414,0.9588645696640015,-0.2544099491186684,0.15898294810902383,1.0
13.209,TRACK,-0.13741593062877655,-0.2979775071144104,0.9194030165672302,-0.007480907969213033,-0.29990671218890075,1.0,0.2952120006084442,0.08289147168397903,0.962907075881958,0.26346728550566256,0.14347469974973873,1.0,-0.20155249536037445,0.24352121353149414,0.9588645696640015,-0.25598637753645004,0.15643201243916177,1.0
13.229,TRACK,-0.13741593062877655,-0.2979775071144104,0.9194030165672302,-0.004489493859940333,-0.2999664055271549,1.0,0.2952120006084442,0.08289147168397903,0.962907075881958,0.262023274398391,0.14609518703073515,1.0,-0.20155249536037445,0.24352121353149414,0.9588645696640015,-0.25753378053845116,0.15387121849641947,1.0
13.249,TRACK,-0.13741593062877655,-0.2979775071144104,0.9194030165672302,-0.0014842223101532446,-0.29999632845108964,1.0,0.2952120006084442,0.08289147168397903,0.962907075881958,0.2605465526357804,0.14871279000008877,1.0,-0.20155249536037445,0.24352121353149414,0.9588645696640015,-0.25906233032562764,0.15128353845100057,1.0
13.269,TRACK,-0.13741593062877655,-0.2979775071144104,0.9194030165672302,0.0015186948357491705,-0.29999615591869816,1.0,0.2952120006084442,0.08289147168397903,0.962907075881958,0.25904494464539524,0.1513133062677044,1.0,-0.20155249536037445,0.24352121353149414,0.9588645696640015,-0.2605636394811449,0.1486828496509935,1.0
13.289,TRACK,-0.13741593062877655,-0.2979775071144104,0.9194030165672302,0.0045236053400493255,-0.299965893052406,1.0,0.2952120006084442,0.08289147168397903,0.962907075881958,0.2575162809822448,0.15390050366738092,1.0,-0.2104063630104065,0.2286168485879898,0.9545314908027649,-0.26203988632229464,0.14606538938502475,1.0
13.309,TRACK,-0.12058399617671967,-0.30187833309173584,0.9191336035728455,0.007508648861623912,-0.29990601893305313,1.0,0.297486275434494,0.09794969111680984,0.9623956084251404,0.2559719067130687,0.15645569012879026,1.0,-0.2104063630104065,0.2286168485879898,0.9545314908027649,-0.26348055557469313,0.14345032880426256,1.0
13.329,TRACK,-0.12058399617671967,-0.30187833309173584,0.9191336035728455,0.010514071536147414,-0.299815700555746,1.0,0.297486275434494,0.09794969111680984,0.9623956084251404,0.2543909773666304,0.15901330332538383,1.0,-0.2104063630104065,0.2286168485879898,0.9545314908027649,-0.26490504890277833,0.1408023972303619,1.0
13.349,TRACK,-0.12058399617671967,-0.30187833309173584,0.9191336035728455,0.013512543177698337,-0.29969553079228733,1.0,0.297486275434494,0.09794969111680984,0.9623956084251404,0.2527876714779329,0.1615499710577648,1.0,-0.2104063630104065,0.2286168485879898,0.9545314908027649,-0.26630021465563175,0.1381455597345222,1.0
13.37,TRACK,-0.12058399617671967,-0.30187833309173584,0.9191336035728455,0.016511983831186208,-0.2995452459812351,1.0,0.297486275434494,0.09794969111680984,0.9623956084251404,0.2511578006870148,0.16407242045530296,1.0,-0.2104063630104065,0.2286168485879898,0.9545314908027649,-0.2676697845182015,0.13547282552593182,1.0
13.389,TRACK,-0.12058399617671967,-0.30187833309173584,0.9191336035728455,0.01948425342371477,-0.2993666044643598,1.0,0.297486275434494,0.09794969111680984,0.9623956084251404,0.24951695779896657,0.16655716067089021,1.0,-0.2187279462814331,0.2149883657693863,0.9532678127288818,-0.2690012112226812,0.1328094437934684,1.0
13.409,TRACK,-0.10435932874679565,-0.3048619329929352,0.9193718433380127,0.022485629763019675,-0.29915614059243445,1.0,0.29797419905662537,0.11010405421257019,0.9618682265281677,0.24783400256964788,0.1690511968910831,1.0,-0.2187279462814331,0.2149883657693863,0.9532678127288818,-0.2703196323326674,0.13010494370135012,1.0
13.429,TRACK,-0.10435932874679565,-0.3048619329929352,0.9193718433380127,0.025488984794680775,-0.2989152248617265,1.0,0.29797419905662537,0.11010405421257019,0.9618682265281677,0.24612368591085299,0.1715317207797315,1.0,-0.2187279462814331,0.2149883657693863,0.9532678127288818,-0.27161267070553363,0.1273835040819938,1.0
13.449,TRACK,-0.10435932874679565,-0.3048619329929352,0.9193718433380127,0.02847125612907888,-0.29864592341840596,1.0,0.29797419905662537,0.11010405421257019,0.9618682265281677,0.24439932835246253,0.17397979279463807,1.0,-0.2187279462814331,0.2149883657693863,0.9532678127288818,-0.2728705844815412,0.12466613062376665,1.0
13.469,TRACK,-0.10435932874679565,-0.3048619329929352,0.9193718433380127,0.03145840869672413,-0.29834605498023575,1.0,0.29797419905662537,0.11010405421257019,0.9618682265281677,0.24264605838339137,0.17641680858411368,1.0,-0.2187279462814331,0.2149883657693863,0.9532678127288818,-0.2741044670801154,0.12192924639612088,1.0
13.489,TRACK,-0.10435932874679565,-0.3048619329929352,0.9193718433380127,0.03444404508882304,-0.2980161199631978,1.0,0.29797419905662537,0.11010405421257019,0.9618682265281677,0.24086750808098903,0.1788374780376157,1.0,-0.22608135640621185,0.20107148587703705,0.9533108472824097,-0.2753115531698119,0.11917864192558092,1.0
13.509,TRACK,-0.08994527906179428,-0.3091404438018799,0.9181728959083557,0.03741412845000872,-0.2976578287099573,1.0,0.29674863815307617,0.12154760211706161,0.9598684310913086,0.23907217707313608,0.18123050005313968,1.0,-0.22608135640621185,0.20107148587703705,0.9533108472824097,-0.2764863055231446,0.11642732865681635,1.0
13.529,TRACK,-0.08994527906179428,-0.3091404438018799,0.9181728959083557,0.040373793613359354,-0.29727084752673927,1.0,0.29674863815307617,0.12154760211706161,0.9598684310913086,0.2372572089560074,0.18360015467968818,1.0,-0.22608135640621185,0.20107148587703705,0.9533108472824097,-0.27763100256936657,0.11367069284704988,1.0
13.549,TRACK,-0.08994527906179428,-0.3091404438018799,0.9181728959083557,0.043362690931707075,-0.29684958655043003,1.0,0.29674863815307617,0.12154760211706161,0.9598684310913086,0.23539793758972674,0.18597798519852587,1.0,-0.22608135640621185,0.20107148587703705,0.9533108472824097,-0.2787606285214336,0.11087160135190295,1.0
13.569,TRACK,-0.08994527906179428,-0.3091404438018799,0.9181728959083557,0.046336421789639246,-0.2963999595407068,1.0,0.29674863815307617,0.12154760211706161,0.9598684310913086,0.23352168374811272,0.18832849816065123,1.0,-0.22608135640621185,0.20107148587703705,0.9533108472824097,-0.27985810553775176,0.1080714613800544,1.0
13.589,TRACK,-0.08994527906179428,-0.3091404438018799,0.9181728959083557,0.04928912735269297,-0.2959232703333924,1.0,0.29674863815307617,0.12154760211706161,0.9598684310913086,0.2316325060033417,0.19064727158449415,1.0,-0.231728658080101,0.19024570286273956,0.9532405734062195,-0.28092163335603443,0.10527599874889701,1.0
13.609,TRACK,-0.07483453303575516,-0.31127434968948364,0.9166275858879089,0.052243167042957304,-0.2954160650630254,1.0,0.2952709197998047,0.1342473328113556,0.9588692784309387,0.2297162335091384,0.1929519423648671,1.0,-0.231728658080101,0.19024570286273956,0.9532405734062195,-0.28195940055209545,0.10246412269815709,1.0
13.629,TRACK,-0.07483453303575516,-0.31127434968948364,0.9166275858879089,0.05519582353455483,-0.2948786548130303,1.0,0.2952709197998047,0.1342473328113556,0.9588692784309387,0.22777449433458974,0.1952403127702421,1.0,-0.231728658080101,0.19024570286273956,0.9532405734062195,-0.2829703178691443,0.09963834204278704,1.0
13.649,TRACK,-0.07483453303575516,-0.31127434968948364,0.9166275858879089,0.05814565767572881,-0.29431120008157513,1.0,0.2952709197998047,0.1342473328113556,0.9588692784309387,0.22580814705106492,0.1975112167077218,1.0,-0.231728658080101,0.19024570286273956,0.9532405734062195,-0.28395380472679344,0.09679998337385215,1.0
13.669,TRACK,-0.07483453303575516,-0.31127434968948364,0.9166275858879089,0.06109011722662425,-0.29371414262380574,1.0,0.2952709197998047,0.1342473328113556,0.9588692784309387,0.22381885034966992,0.19976266475032828,1.0,-0.231728658080101,0.19024570286273956,0.9532405734062195,-0.2849089675762939,0.09395147787347627,1.0
13.689,TRACK,-0.07483453303575516,-0.31127434968948364,0.9166275858879089,0.06402677283865894,-0.29308799422676246,1.0,0.2952709197998047,0.1342473328113556,0.9588692784309387,0.2218082621252742,0.20199280891399488,1.0,-0.23779460787773132,0.18022991716861725,0.9554958939552307,-0.28583503496393287,0.09109518531276646,1.0
13.709,TRACK,-0.05966516211628914,-0.312057226896286,0.9161015748977661,0.06695007709325759,-0.2924340732151554,1.0,0.2879094183444977,0.15135625004768372,0.9563164114952087,0.21978029778985475,0.20419750415566484,1.0,-0.23779460787773132,0.18022991716861725,0.9554958939552307,-0.28673037488311204,0.08823656905948936,1.0
13.729,TRACK,-0.05966516211628914,-0.312057226896286,0.9161015748977661,0.06986548890616776,-0.2917512869892816,1.0,0.2879094183444977,0.15135625004768372,0.9563164114952087,0.21773128166643885,0.20638093173520142,1.0,-0.23779460787773132,0.18022991716861725,0.9554958939552307,-0.2875967705726063,0.085370355254079,1.0
13.749,TRACK,-0.05966516211628914,-0.312057226896286,0.9161015748977661,0.07277741015643871,-0.2910385688717588,1.0,0.2879094183444977,0.15135625004768372,0.9563164114952087,0.21565808904579123,0.2085463704529944,1.0,-0.23779460787773132,0.18022991716861725,0.9554958939552307,-0.2884354992022296,0.08249219841876322,1.0
13.769,TRACK,-0.05966516211628914,-0.312057226896286,0.9161015748977661,0.07568943504315574,-0.2902948663391206,1.0,0.2879094183444977,0.15135625004768372,0.9563164114952087,0.21355801131630922,0.21069640671502476,1.0,-0.23779460787773132,0.18022991716861725,0.9554958939552307,-0.2892474463594646,0.07959845962409468,1.0
13.789,TRACK,-0.05966516211628914,-0.312057226896286,0.9161015748977661,0.07859027381595185,-0.2895230023012571,1.0,0.2879094183444977,0.15135625004768372,0.9563164114952087,0.21143913806485373,0.2128226747656173,1.0,-0.2452349066734314,0.17006705701351166,0.9565010666847229,-0.2900294118808052,0.0767003275356386,1.0
13.809,TRACK,-0.045121751725673676,-0.3134225308895111,0.9155832529067993,0.08147560336550277,-0.28872430804528265,1.0,0.28046154975891113,0.16643749177455902,0.9551763534545898,0.20930478377454773,0.21492209632583112,1.0,-0.2452349066734314,0.17006705701351166,0.9565010666847229,-0.2907803871400501,0.07380221171945038,1.0
13.829,TRACK,-0.045121751725673676,-0.3134225308895111,0.9155832529067993,0.08435820703693196,-0.28789528114492274,1.0,0.28046154975891113,0.16643749177455902,0.9551763534545898,0.20714552358270075,0.21700399088415115,1.0,-0.2452349066734314,0.17006705701351166,0.9565010666847229,-0.29150373061963236,0.07089129026077046,1.0
13.849,TRACK,-0.045121751725673676,-0.3134225308895111,0.9155832529067993,0.08723699734633401,-0.2870360714161126,1.0,0.28046154975891113,0.16643749177455902,0.9551763534545898,0.20496203097567145,0.21906749155985672,1.0,-0.2452349066734314,0.17006705701351166,0.9565010666847229,-0.29219902832200506,0.06796857985625475,1.0
13.869,TRACK,-0.045121751725673676,-0.3134225308895111,0.9155832529067993,0.0901063227272526,-0.2861483017677585,1.0,0.28046154975891113,0.16643749177455902,0.9551763534545898,0.20275853721702872,0.22110851540727863,1.0,-0.2452349066734314,0.17006705701351166,0.9565010666847229,-0.2928648599442809,0.06503978636047875,1.0
13.889,TRACK,-0.045121751725673676,-0.3134225308895111,0.9155832529067993,0.09296052985741314,-0.28523383370250627,1.0,0.28046154975891113,0.16643749177455902,0.9551763534545898,0.2005394810764904,0.22312309725703422,1.0,-0.25441068410873413,0.15871642529964447,0.9591084122657776,-0.2935000109339031,0.062110736445470896,1.0
13.909,TRACK,-0.02981426939368248,-0.3150371313095093,0.9181520938873291,0.09581074559333808,-0.28428911521345424,1.0,0.27139812707901,0.18088987469673157,0.9556679129600525,0.198296222997584,0.22511909724608536,1.0,-0.25441068410873413,0.15871642529964447,0.9591084122657776,-0.29410696859092167,0.059170017967367726,1.0
13.929,TRACK,-0.02981426939368248,-0.3150371313095093,0.9181520938873291,0.09864234530616718,-0.28331905638784494,1.0,0.27139812707901,0.18088987469673157,0.9556679129600525,0.19604032755502657,0.22708630511793945,1.0,-0.25441068410873413,0.15871642529964447,0.9591084122657776,-0.29468267286119326,0.056232751269904374,1.0
13.949,TRACK,-0.02981426939368248,-0.3150371313095093,0.9181520938873291,0.10147190008016067,-0.2823180006555053,1.0,0.27139812707901,0.18088987469673157,0.9556679129600525,0.1937586104732196,0.22903624356744753,1.0,-0.25441068410873413,0.15871642529964447,0.9591084122657776,-0.29523051055337984,0.05328175708805664,1.0
13.969,TRACK,-0.02981426939368248,-0.3150371313095093,0.9181520938873291,0.1042911304276677,-0.28128874864473197,1.0,0.27139812707901,0.18088987469673157,0.9556679129600525,0.19145763691124018,0.230963142662122,1.0,-0.25441068410873413,0.15871642529964447,0.9591084122657776,-0.2957487673389074,0.050325605982608844,1.0
13.989,TRACK,-0.02981426939368248,-0.3150371313095093,0.9181520938873291,0.1071055686871402,-0.2802291868385666,1.0,0.27139812707901,0.18088987469673157,0.9556679129600525,0.18913281034048504,0.23287073678912537,1.0,-0.2672434449195862,0.14771804213523865,0.9580968618392944,-0.2962383790276248,0.04735845004944015,1.0
14.009,TRACK,-0.0153081975877285,-0.3156178891658783,0.9205505847930908,0.10989024334696056,-0.27914894665240236,1.0,0.26605674624443054,0.1894504725933075,0.9551979899406433,0.18680495756716778,0.23474221569272244,1.0,-0.2672434449195862,0.14771804213523865,0.9580968618392944,-0.2966952009141279,0.04440673095967881,1.0
14.029,TRACK,-0.0153081975877285,-0.3156178891658783,0.9205505847930908,0.1126807962391362,-0.2780342391845189,1.0,0.26605674624443054,0.1894504725933075,0.9551979899406433,0.18444431613610465,0.23660155165400898,1.0,-0.2672434449195862,0.14771804213523865,0.9580968618392944,-0.29712511237524036,0.041432687530508806,1.0
14.049,TRACK,-0.0153081975877285,-0.3156178891658783,0.9205505847930908,0.11543954547550889,-0.2769001829909253,1.0,0.26605674624443054,0.1894504725933075,0.9551979899406433,0.18208282004494716,0.23842367047858185,1.0,-0.2672434449195862,0.14771804213523865,0.9580968618392944,-0.2975223655204555,0.03847651251234233,1.0
14.069,TRACK,-0.0153081975877285,-0.3156178891658783,0.9205505847930908,0.11820338399275175,-0.27573168119144753,1.0,0.26605674624443054,0.1894504725933075,0.9551979899406433,0.1796889485436102,0.2402329739467332,1.0,-0.2672434449195862,0.14771804213523865,0.9580968618392944,-0.29789233253636144,0.03549870724471323,1.0
14.089,TRACK,-0.0153081975877285,-0.3156178891658783,0.9205505847930908,0.12096996008639943,-0.2745291765126157,1.0,0.26605674624443054,0.1894504725933075,0.9551979899406433,0.17726426089674835,0.24202764678591893,1.0,-0.28037992119789124,0.13484932482242584,0.9579480886459351,-0.2982342209831473,0.03250152972669571,1.0
14.109,TRACK,0.001208760659210384,-0.31546127796173096,0.9218384623527527,0.12370465890511262,-0.2733078069963786,1.0,0.25834667682647705,0.19978155195713043,0.9547950029373169,0.1748391744589225,0.2437852806765053,1.0,-0.28037992119789124,0.13484932482242584,0.9579480886459351,-0.29854383336403456,0.029522526319872233,1.0
14.129,TRACK,0.001208760659210384,-0.31546127796173096,0.9218384623527527,0.12643948180066145,-0.27205340917176574,1.0,0.25834667682647705,0.19978155195713043,0.9547950029373169,0.1723854226285814,0.24552650786659547,1.0,-0.28037992119789124,0.13484932482242584,0.9579480886459351,-0.2988249044292423,0.026526901305169194,1.0
14.149,TRACK,0.001208760659210384,-0.31546127796173096,0.9218384623527527,0.12915235488729473,-0.2707760499509997,1.0,0.25834667682647705,0.19978155195713043,0.9547950029373169,0.16992276055032307,0.24723724526647994,1.0,-0.28037992119789124,0.13484932482242584,0.9579480886459351,-0.2990751154376172,0.023538804684518647,1.0
14.169,TRACK,0.001208760659210384,-0.31546127796173096,0.9218384623527527,0.13185936019100405,-0.26946819688048357,1.0,0.25834667682647705,0.19978155195713043,0.9547950029373169,0.16743662391498396,0.2489276540924134,1.0,-0.28037992119789124,0.13484932482242584,0.9579480886459351,-0.29929598410598746,0.020540542788069105,1.0
14.189,TRACK,0.001208760659210384,-0.31546127796173096,0.9218384623527527,0.13454295871945637,-0.2681383826665154,1.0,0.25834667682647705,0.19978155195713043,0.9547950029373169,0.16494317175914777,0.2505868114846276,1.0,-0.2922653257846832,0.12464146316051483,0.9579892754554749,-0.29948613047860356,0.017551571181886775,1.0
14.209,TRACK,0.019813861697912216,-0.3144538104534149,0.9214047193527222,0.13720653259989196,-0.2667852458662487,1.0,0.2534579932689667,0.21359944343566895,0.9540830850601196,0.1624395339751034,0.2522169657298082,1.0,-0.2922653257846832,0.12464146316051483,0.9579892754554749,-0.29964606657499476,0.014568280136439514,1.0
14.229,TRACK,0.019813861697912216,-0.3144538104534149,0.9214047193527222,0.13985817609810758,-0.2654047674374195,1.0,0.2534579932689667,0.21359944343566895,0.9540830850601196,0.15991818283725306,0.2538231171466281,1.0,-0.2922653257846832,0.12464146316051483,0.9579892754554749,-0.29977635893536003,0.011581650290790337,1.0
14.249,TRACK,0.019813861697912216,-0.3144538104534149,0.9214047193527222,0.1425273073687964,-0.2639809967671927,1.0,0.2534579932689667,0.21359944343566895,0.9540830850601196,0.15735059563232912,0.2554227672979667,1.0,-0.2922653257846832,0.12464146316051483,0.9579892754554749,-0.29987790300112493,0.008558229469225017,1.0
14.269,TRACK,0.019813861697912216,-0.3144538104534149,0.9214047193527222,0.14515988193504656,-0.262542584501264,1.0,0.2534579932689667,0.21359944343566895,0.9540830850601196,0.1547886067857946,0.25698343761673176,1.0,-0.2922653257846832,0.12464146316051483,0.9579892754554749,-0.29994848872084057,0.00555914688453118,1.0
14.289,TRACK,0.019813861697912216,-0.3144538104534149,0.9214047193527222,0.14777878167180541,-0.26107744385066445,1.0,0.2534579932689667,0.21359944343566895,0.9540830850601196,0.1522103078938787,0.25851890099342956,1.0,-0.3024892807006836,0.11253619194030762,0.96189284324646,-0.29998908956568354,0.00255854285723387,1.0
14.309,TRACK,0.03856603801250458,-0.3125322163105011,0.9213815927505493,0.15037262098657136,-0.25959213173289547,1.0,0.24631966650485992,0.22772707045078278,0.9535955190658569,0.14962707020995894,0.2600225756744672,1.0,-0.3024892807006836,0.11253619194030762,0.96189284324646,-0.29999969119652964,-0.000430443941572757,1.0
14.329,TRACK,0.03856603801250458,-0.3125322163105011,0.9213815927505493,0.15296685408286534,-0.2580719697138598,1.0,0.24631966650485992,0.22772707045078278,0.9535955190658569,0.14701345473545885,0.2615091664296783,1.0,-0.3024892807006836,0.11253619194030762,0.96189284324646,-0.29998030881832355,-0.003437196715819514,1.0
14.349,TRACK,0.03856603801250458,-0.3125322163105011,0.9213815927505493,0.15553410025282569,-0.2565329289945912,1.0,0.24631966650485992,0.22772707045078278,0.9535955190658569,0.14439698329013337,0.26296294647099794,1.0,-0.3024892807006836,0.11253619194030762,0.96189284324646,-0.2999310835429584,-0.0064300174764077775,1.0
14.369,TRACK,0.03856603801250458,-0.3125322163105011,0.9213815927505493,0.15809306663339287,-0.2549638842707916,1.0,0.24631966650485992,0.22772707045078278,0.9535955190658569,0.14175866750936536,0.26439455400209966,1.0,-0.3024892807006836,0.11253619194030762,0.96189284324646,-0.29985173414275756,-0.009430669731309104,1.0
14.389,TRACK,0.03856603801250458,-0.3125322163105011,0.9213815927505493,0.1606354808759409,-0.25336977381636355,1.0,0.24631966650485992,0.22772707045078278,0.9535955190658569,0.13910692023811833,0.2657992940958756,1.0,-0.30893492698669434,0.10069926828145981,0.9611758589744568,-0.29974240111405853,-0.012429520279513077,1.0
14.409,TRACK,0.05590824410319328,-0.3099648356437683,0.9203927516937256,0.16316998544177216,-0.25174502150178035,1.0,0.23800842463970184,0.24280118942260742,0.9565613269805908,0.1364325911759161,0.26718186327860155,1.0,-0.30893492698669434,0.10069926828145981,0.9611758589744568,-0.2996025766176876,-0.01543684177682218,1.0
14.429,TRACK,0.05590824410319328,-0.3099648356437683,0.9203927516937256,0.1656679628964945,-0.25010822871254296,1.0,0.23800842463970184,0.24280118942260742,0.9565613269805908,0.13376609831234418,0.2685267788178532,1.0,-0.30893492698669434,0.10069926828145981,0.9611758589744568,-0.299434061208838,-0.018418550105311206,1.0
14.449,TRACK,0.05590824410319328,-0.3099648356437683,0.9203927516937256,0.16816687792805313,-0.24843490328037904,1.0,0.23800842463970184,0.24280118942260742,0.9565613269805908,0.13106749846351232,0.2698542400009998,1.0,-0.30893492698669434,0.10069926828145981,0.9611758589744568,-0.2992343763915647,-0.02141933672062175,1.0
14.469,TRACK,0.05590824410319328,-0.3099648356437683,0.9203927516937256,0.17064230430719654,-0.2467411679893125,1.0,0.23800842463970184,0.24280118942260742,0.9565613269805908,0.12836296748459072,0.2711511544850029,1.0,-0.30893492698669434,0.10069926828145981,0.9611758589744568,-0.2990052717917866,-0.024409986495691368,1.0
14.489,TRACK,0.05590824410319328,-0.3099648356437683,0.9203927516937256,0.1731006439304181,-0.24502278888069695,1.0,0.23800842463970184,0.24280118942260742,0.9565613269805908,0.1256456377115865,0.27242094949553486,1.0,-0.313902348279953,0.08503776788711548,0.9641024470329285,-0.29874628164200384,-0.02739816061483884,1.0
14.509,TRACK,0.0735858827829361,-0.3081837594509125,0.9219583868980408,0.17554168068164752,-0.2432799176739882,1.0,0.22701048851013184,0.25766468048095703,0.9590963125228882,0.12291574859543754,0.2736635137303166,1.0,-0.313902348279953,0.08503776788711548,0.9641024470329285,-0.29845742927708435,-0.030383596056329357,1.0
14.529,TRACK,0.0735858827829361,-0.3081837594509125,0.9219583868980408,0.1779647099093394,-0.24151306802507533,1.0,0.22701048851013184,0.25766468048095703,0.9590963125228882,0.12017409730096541,0.27487849377115353,1.0,-0.313902348279953,0.08503776788711548,0.9641024470329285,-0.29813880721030406,-0.03336542574607917,1.0
14.549,TRACK,0.0735858827829361,-0.3081837594509125,0.9219583868980408,0.18037738680647544,-0.23971649573791773,1.0,0.22701048851013184,0.25766468048095703,0.9590963125228882,0.11741188161198382,0.27606964711161835,1.0,-0.313902348279953,0.08503776788711548,0.9641024470329285,-0.29778926841845854,-0.03635315137370157,1.0
14.569,TRACK,0.0735858827829361,-0.3081837594509125,0.9219583868980408,0.18276075459519048,-0.2379044063900384,1.0,0.22701048851013184,0.25766468048095703,0.9590963125228882,0.11465088230843563,0.2772276594892675,1.0,-0.313902348279953,0.08503776788711548,0.9641024470329285,-0.2974116369036254,-0.039323253099229995,1.0
14.589,TRACK,0.0735858827829361,-0.3081837594509125,0.9219583868980408,0.18513422083919487,-0.23606211105186747,1.0,0.22701048851013184,0.25766468048095703,0.9590963125228882,0.11186867462230378,0.27836199388251465,1.0,-0.31907880306243896,0.06954815238714218,0.9655123353004456,-0.2970028954614979,-0.042299882830648096,1.0
14.609,TRACK,0.08990661799907684,-0.3041107654571533,0.921977698802948,0.18748294728855594,-0.23420107701715753,1.0,0.2167208045721054,0.2694687247276306,0.9605948328971863,0.10908260864625698,0.2794655336368468,1.0,-0.31907880306243896,0.06954815238714218,0.9655123353004456,-0.2965655559348121,-0.045264456619690176,1.0
14.63,TRACK,0.08990661799907684,-0.3041107654571533,0.921977698802948,0.18981277332165963,-0.23231683340632087,1.0,0.2167208045721054,0.2694687247276306,0.9605948328971863,0.10628589279580208,0.2805411003624946,1.0,-0.31907880306243896,0.06954815238714218,0.9655123353004456,-0.29609866611746094,-0.04822426695617462,1.0
14.649,TRACK,0.08990661799907684,-0.3041107654571533,0.921977698802948,0.19211863700273676,-0.23041360488523818,1.0,0.2167208045721054,0.2694687247276306,0.9605948328971863,0.1034847167067988,0.28158642262742994,1.0,-0.31907880306243896,0.06954815238714218,0.9655123353004456,-0.2956033537095348,-0.05117281774219267,1.0
14.669,TRACK,0.08990661799907684,-0.3041107654571533,0.921977698802948,0.19440550013657357,-0.22848742091556964,1.0,0.2167208045721054,0.2694687247276306,0.9605948328971863,0.10067316088978512,0.28260381221147646,1.0,-0.31907880306243896,0.06954815238714218,0.9655123353004456,-0.2950786610263579,-0.05411639129590768,1.0
14.689,TRACK,0.08990661799907684,-0.3041107654571533,0.921977698802948,0.19669241470426865,-0.22652172963714537,1.0,0.2167208045721054,0.2694687247276306,0.9605948328971863,0.09782736502282463,0.283601492684173,1.0,-0.3197394013404846,0.049696844071149826,0.9642512202262878,-0.2945197797270925,-0.057079763047028484,1.0
14.709,TRACK,0.10620341449975967,-0.29798534512519836,0.9214296936988831,0.19893879023798586,-0.22455145899914938,1.0,0.20086990296840668,0.2816269099712372,0.960494339466095,0.09499787283113091,0.28456177564381385,1.0,-0.3197394013404846,0.049696844071149826,0.9642512202262878,-0.2939366630691159,-0.060010316644665405,1.0
14.729,TRACK,0.10620341449975967,-0.29798534512519836,0.9214296936988831,0.20118630975157206,-0.22254003857406088,1.0,0.20086990296840668,0.2816269099712372,0.960494339466095,0.09213217188852028,0.2855024744255365,1.0,-0.3197394013404846,0.049696844071149826,0.9642512202262878,-0.2933184816400915,-0.06296243585147655,1.0
14.749,TRACK,0.10620341449975967,-0.29798534512519836,0.9214296936988831,0.20339748451066006,-0.22052089083516735,1.0,0.20086990296840668,0.2816269099712372,0.960494339466095,0.08927795127310059,0.2864078340696669,1.0,-0.3197394013404846,0.049696844071149826,0.9642512202262878,-0.2926754357837598,-0.06588694323450045,1.0
14.769,TRACK,0.10620341449975967,-0.29798534512519836,0.9214296936988831,0.2055956100948413,-0.21847298485105654,1.0,0.20086990296840668,0.2816269099712372,0.960494339466095,0.08640534987420782,0.287287513674221,1.0,-0.3197394013404846,0.049696844071149826,0.9642512202262878,-0.2920009599690483,-0.06881452882316534,1.0
14.789,TRACK,0.10620341449975967,-0.29798534512519836,0.9214296936988831,0.20777915394603463,-0.2163973733331115,1.0,0.20086990296840668,0.2816269099712372,0.960494339466095,0.08351604564568317,0.28814071236065925,1.0,-0.3207820653915405,0.034324515610933304,0.9664421081542969,-0.29129519959171696,-0.07174333902754859,1.0
14.809,TRACK,0.11835920065641403,-0.29339638352394104,0.9212967753410339,0.20992222593179338,-0.2143190590214531,1.0,0.1858125776052475,0.29022055864334106,0.9594440460205078,0.08064463666185887,0.2889575099866359,1.0,-0.3207820653915405,0.034324515610933304,0.9664421081542969,-0.2905668625936514,-0.07463845096518362,1.0
14.829,TRACK,0.11835920065641403,-0.29339638352394104,0.9212967753410339,0.21206156113769384,-0.21220248416982337,1.0,0.1858125776052475,0.29022055864334106,0.9594440460205078,0.07774196146838604,0.28975194119634123,1.0,-0.3207820653915405,0.034324515610933304,0.9664421081542969,-0.289803522606079,-0.07754945702651868,1.0
14.849,TRACK,0.11835920065641403,-0.29339638352394104,0.9212967753410339,0.21416670995500728,-0.21007765313580543,1.0,0.1858125776052475,0.29022055864334106,0.9594440460205078,0.07484922940552022,0.29051263803387245,1.0,-0.3207820653915405,0.034324515610933304,0.9664421081542969,-0.2890159393605266,-0.08043498489806786,1.0
14.869,TRACK,0.11835920065641403,-0.29339638352394104,0.9212967753410339,0.21625669167109082,-0.20792557155740787,1.0,0.1858125776052475,0.29022055864334106,0.9594440460205078,0.07194048122956964,0.29124657450424707,1.0,-0.3207820653915405,0.034324515610933304,0.9664421081542969,-0.2881971729006596,-0.08332100294683999,1.0
14.889,TRACK,0.11835920065641403,-0.29339638352394104,0.9212967753410339,0.2183291450420805,-0.20574835218099358,1.0,0.1858125776052475,0.29022055864334106,0.9594440460205078,0.06901872725448832,0.29195276208347565,1.0,-0.32250264286994934,0.018961438909173012,0.966268002986908,-0.2873478722965679,-0.08620440990248288,1.0
14.909,TRACK,0.13490049540996552,-0.28404244780540466,0.9195718169212341,0.2203624992693451,-0.203569076521381,1.0,0.16970863938331604,0.2975308895111084,0.9585476517677307,0.06611474205778245,0.29262406066937297,1.0,-0.32250264286994934,0.018961438909173012,0.966268002986908,-0.28647724132712665,-0.08905498414799277,1.0
14.929,TRACK,0.13490049540996552,-0.28404244780540466,0.9195718169212341,0.22239688128267765,-0.20134454846292357,1.0,0.16970863938331604,0.2975308895111084,0.9585476517677307,0.06317105324106075,0.2932736231446924,1.0,-0.32250264286994934,0.018961438909173012,0.966268002986908,-0.28556793452373747,-0.09192907468176963,1.0
14.949,TRACK,0.13490049540996552,-0.28404244780540466,0.9195718169212341,0.2244007381174484,-0.1991087861756591,1.0,0.16970863938331604,0.2975308895111084,0.9585476517677307,0.06023289788608114,0.2938911329255187,1.0,-0.32250264286994934,0.018961438909173012,0.966268002986908,-0.2846336360035286,-0.0947823467498604,1.0
14.969,TRACK,0.13490049540996552,-0.28404244780540466,0.9195718169212341,0.2263698931884073,-0.19686714164092764,1.0,0.16970863938331604,0.2975308895111084,0.9585476517677307,0.057306999237269673,0.29447564897359435,1.0,-0.32250264286994934,0.018961438909173012,0.966268002986908,-0.28367689242567606,-0.09760850733266752,1.0
14.989,TRACK,0.13490049540996552,-0.28404244780540466,0.9195718169212341,0.22833289479580549,-0.19458697066907543,1.0,0.16970863938331604,0.2975308895111084,0.9585476517677307,0.05435081244697475,0.29503557274734477,1.0,-0.3249678313732147,0.004596325568854809,0.9654045701026917,-0.2826837072427793,-0.1004486020782701,1.0
15.009,TRACK,0.1485058218240738,-0.27614322304725647,0.9188857674598694,0.230270408293659,-0.19229024692966512,1.0,0.15249432623386383,0.3036295473575592,0.9591025114059448,0.051393034594243873,0.295565146786956,1.0,-0.3249678313732147,0.004596325568854809,0.9654045701026917,-0.2816634428879019,-0.10327489985729164,1.0
15.029,TRACK,0.1485058218240738,-0.27614322304725647,0.9188857674598694,0.23218407346948622,-0.1899751458141728,1.0,0.15249432623386383,0.3036295473575592,0.9591025114059448,0.04843126562798421,0.29606487888581384,1.0,-0.3249678313732147,0.004596325568854809,0.9654045701026917,-0.2806153390974695,-0.10608973307164181,1.0
15.05,TRACK,0.1485058218240738,-0.27614322304725647,0.9188857674598694,0.23407605213696578,-0.18763901997178642,1.0,0.15249432623386383,0.3036295473575592,0.9591025114059448,0.04546213196830052,0.2965353175540762,1.0,-0.3249678313732147,0.004596325568854809,0.9654045701026917,-0.2795381841052653,-0.10889629758229051,1.0
15.069,TRACK,0.1485058218240738,-0.27614322304725647,0.9188857674598694,0.23592508842419735,-0.18530880349307383,1.0,0.15249432623386383,0.3036295473575592,0.9591025114059448,0.042519587157802526,0.2969715217119817,1.0,-0.3249678313732147,0.004596325568854809,0.9654045701026917,-0.2784446755819989,-0.1116627182189086,1.0
15.089,TRACK,0.1485058218240738,-0.27614322304725647,0.9188857674598694,0.23776735084671774,-0.1829390250092468,1.0,0.15249432623386383,0.3036295473575592,0.9591025114059448,0.03954616757820632,0.2973820785284083,1.0,-0.32654139399528503,-0.008510399609804153,0.9653404951095581,-0.2773135184249231,-0.11444305351916226,1.0
15.109,TRACK,0.16328240931034088,-0.2662631571292877,0.9206581711769104,0.2395914712172843,-0.18054342114831326,1.0,0.1361914724111557,0.30864080786705017,0.9577057361602783,0.036559453591950515,0.29776401117841295,1.0,-0.32654139399528503,-0.008510399609804153,0.9653404951095581,-0.27615092480923387,-0.11722059003010035,1.0
15.129,TRACK,0.16328240931034088,-0.2662631571292877,0.9206581711769104,0.24138771849237328,-0.1781346944338658,1.0,0.1361914724111557,0.30864080786705017,0.9577057361602783,0.033575311428920285,0.2981152435928948,1.0,-0.32654139399528503,-0.008510399609804153,0.9653404951095581,-0.27496302992129257,-0.11998054915902973,1.0
15.149,TRACK,0.16328240931034088,-0.2662631571292877,0.9206581711769104,0.2431590594191107,-0.1757090544690665,1.0,0.1361914724111557,0.30864080786705017,0.9577057361602783,0.030588975135600632,0.29843644985181284,1.0,-0.32654139399528503,-0.008510399609804153,0.9653404951095581,-0.2737480345547103,-0.122727395382747,1.0
15.169,TRACK,0.16328240931034088,-0.2662631571292877,0.9206581711769104,0.2449032382394583,-0.1732697431747018,1.0,0.1361914724111557,0.30864080786705017,0.9577057361602783,0.027604380176768695,0.2987272973717943,1.0,-0.32654139399528503,-0.008510399609804153,0.9653404951095581,-0.272507618416226,-0.12545755419709315,1.0
15.189,TRACK,0.16328240931034088,-0.2662631571292877,0.9206581711769104,0.24662771215000717,-0.17080623993183972,1.0,0.1361914724111557,0.30864080786705017,0.9577057361602783,0.024608686830870315,0.29898898396506207,1.0,-0.3253367245197296,-0.020908011123538017,0.9656039476394653,-0.2712363989808765,-0.12818274403322302,1.0
15.209,TRACK,0.1801525056362152,-0.2552700936794281,0.9219716787338257,0.2483178144540572,-0.16833972503470598,1.0,0.1216621920466423,0.31535664200782776,0.9612492322921753,0.021627571119114758,0.29921939804679715,1.0,-0.3253367245197296,-0.020908011123538017,0.9656039476394653,-0.26994538557317094,-0.1308796730120918,1.0
15.229,TRACK,0.1801525056362152,-0.2552700936794281,0.9219716787338257,0.24999264125679838,-0.16584233270624754,1.0,0.1216621920466423,0.31535664200782776,0.9612492322921753,0.018627352518082785,0.29942114444068085,1.0,-0.3253367245197296,-0.020908011123538017,0.9656039476394653,-0.2686199937748801,-0.13357881173443395,1.0
15.249,TRACK,0.1801525056362152,-0.2552700936794281,0.9219716787338257,0.25163100033299857,-0.1633457672283383,1.0,0.1216621920466423,0.31535664200782776,0.9612492322921753,0.01564608385390206,0.2995917222822364,1.0,-0.3253367245197296,-0.020908011123538017,0.9656039476394653,-0.26727708418689955,-0.13624595505389872,1.0
15.269,TRACK,0.1801525056362152,-0.2552700936794281,0.9219716787338257,0.2532612988636056,-0.16080645042385405,1.0,0.1216621920466423,0.31535664200782776,0.9612492322921753,0.012631821727658438,0.2997339438232524,1.0,-0.3253367245197296,-0.020908011123538017,0.9656039476394653,-0.265893120591263,-0.13892749339939903,1.0
15.289,TRACK,0.1801525056362152,-0.2552700936794281,0.9219716787338257,0.25485752109861276,-0.15826447466020332,1.0,0.1216621920466423,0.31535664200782776,0.9612492322921753,0.009632295023028968,0.29984532494702887,1.0,-0.3221988379955292,-0.03397868573665619,0.9650290608406067,-0.2644898161216407,-0.14158085028682615,1.0
15.309,TRACK,0.19357426464557648,-0.24659134447574615,0.9234048128128052,0.2564225690105716,-0.15571597895533604,1.0,0.10677206516265869,0.31606143712997437,0.958108127117157,0.0066427090451989836,0.29992644834449134,1.0,-0.3221988379955292,-0.03397868573665619,0.9650290608406067,-0.2630652780557695,-0.14421046938915588,1.0
15.329,TRACK,0.19357426464557648,-0.24659134447574615,0.9234048128128052,0.2579641418959033,-0.15314862551100572,1.0,0.10677206516265869,0.31606143712997437,0.958108127117157,0.0036485292992496105,0.2999778129028087,1.0,-0.3221988379955292,-0.03397868573665619,0.9650290608406067,-0.2616126711951518,-0.1468291873918036,1.0
15.349,TRACK,0.19357426464557648,-0.24659134447574615,0.9234048128128052,0.25948543119205736,-0.15055667039049467,1.0,0.10677206516265869,0.31606143712997437,0.958108127117157,0.0006431856713408343,0.299999310519528,1.0,-0.3221988379955292,-0.03397868573665619,0.9650290608406067,-0.2601286168633971,-0.1494426401290339,1.0
15.369,TRACK,0.19357426464557648,-0.24659134447574615,0.9234048128128052,0.2609785616279605,-0.14795333849089315,1.0,0.10677206516265869,0.31606143712997437,0.958108127117157,-0.0023579311061480597,0.29999073345838306,1.0,-0.3221988379955292,-0.03397868573665619,0.9650290608406067,-0.2586206305218114,-0.15203739496749052,1.0
15.389,TRACK,0.19357426464557648,-0.24659134447574615,0.9234048128128052,0.2624474456717203,-0.14533182122436025,1.0,0.10677206516265869,0.31606143712997437,0.958108127117157,-0.0053626736773049735,0.2999520657222262,1.0,-0.31628483533859253,-0.04859575629234314,0.9631180763244629,-0.25708477199441426,-0.15462024449786654,1.0
15.409,TRACK,0.20878803730010986,-0.23459672927856445,0.9233330488204956,0.26388222330558914,-0.14271009853300215,1.0,0.09279792755842209,0.318420946598053,0.9582625031471252,-0.00835054094663363,0.29988375825625935,1.0,-0.31628483533859253,-0.04859575629234314,0.9631180763244629,-0.25553168235895446,-0.15717365972325775,1.0
15.429,TRACK,0.20878803730010986,-0.23459672927856445,0.9233330488204956,0.26530129773888156,-0.14005435165700966,1.0,0.09279792755842209,0.318420946598053,0.9582625031471252,-0.011360022423910479,0.29978483932735533,1.0,-0.31628483533859253,-0.04859575629234314,0.9631180763244629,-0.25394127531496996,-0.1597304876703462,1.0
15.449,TRACK,0.20878803730010986,-0.23459672927856445,0.9233330488204956,0.26668021440603895,-0.13741056452962086,1.0,0.09279792755842209,0.318420946598053,0.9582625031471252,-0.014339067572006179,0.299657122627121,1.0,-0.31628483533859253,-0.04859575629234314,0.9631180763244629,-0.2523411468340317,-0.16224655809750066,1.0
15.469,TRACK,0.20878803730010986,-0.23459672927856445,0.9233330488204956,0.2680464388497842,-0.13472604284231357,1.0,0.09279792755842209,0.318420946598053,0.9582625031471252,-0.017347043772097157,0.299498046859022,1.0,-0.31628483533859253,-0.04859575629234314,0.9631180763244629,-0.2506993950776859,-0.16477200401670894,1.0
15.489,TRACK,0.20878803730010986,-0.23459672927856445,0.9233330488204956,0.26938088722181597,-0.13203763705696667,1.0,0.09279792755842209,0.318420946598053,0.9582625031471252,-0.02034249566390454,0.29930951015656687,1.0,-0.3086061477661133,-0.06543418020009995,0.9604940414428711,-0.24903839155791033,-0.1672718730996007,1.0
15.509,TRACK,0.2220059633255005,-0.22301889955997467,0.9238551259040833,0.27068525820220785,-0.12934253357656197,1.0,0.07779993861913681,0.3186427056789398,0.9575594067573547,-0.02332870923395881,0.29909157682134313,1.0,-0.3086061477661133,-0.06543418020009995,0.9604940414428711,-0.24735654896824794,-0.16974904324478166,1.0
15.529,TRACK,0.2220059633255005,-0.22301889955997467,0.9238551259040833,0.27196671161728464,-0.1266258574386792,1.0,0.07779993861913681,0.3186427056789398,0.9575594067573547,-0.026322146490758667,0.2988430099636246,1.0,-0.3086061477661133,-0.06543418020009995,0.9604940414428711,-0.24564456512652488,-0.17221715252494588,1.0
15.549,TRACK,0.2220059633255005,-0.22301889955997467,0.9238551259040833,0.27321958600342533,-0.12389938589079798,1.0,0.07779993861913681,0.3186427056789398,0.9575594067573547,-0.02930977730698962,0.2985647952358326,1.0,-0.3086061477661133,-0.06543418020009995,0.9604940414428711,-0.24390980869643458,-0.1746654093450351,1.0
15.569,TRACK,0.2220059633255005,-0.22301889955997467,0.9238551259040833,0.27445117975461913,-0.1211468114780481,1.0,0.07779993861913681,0.3186427056789398,0.9575594067573547,-0.03230937354983497,0.29825509950513374,1.0,-0.3086061477661133,-0.06543418020009995,0.9604940414428711,-0.24214180620478304,-0.17710828802708609,1.0
15.589,TRACK,0.2220059633255005,-0.22301889955997467,0.9238551259040833,0.27563450585046034,-0.1184298069937317,1.0,0.07779993861913681,0.3186427056789398,0.9575594067573547,-0.03525403150336979,0.297921387722935,1.0,-0.30051007866859436,-0.08312376588582993,0.960227906703949,-0.2403804743470894,-0.17949158072920382,1.0
15.609,TRACK,0.23285676538944244,-0.21318119764328003,0.9233391284942627,0.27681121975025613,-0.1156527069306006,1.0,0.06261254847049713,0.3188149333000183,0.9547406435012817,-0.038247427656790615,0.2975519018215789,1.0,-0.30051007866859436,-0.08312376588582993,0.960227906703949,-0.2385637920934644,-0.1818991948909788,1.0
15.629,TRACK,0.23285676538944244,-0.21318119764328003,0.9233391284942627,0.27794730546369356,-0.11289506360099284,1.0,0.06261254847049713,0.3188149333000183,0.9547406435012817,-0.04120365969152635,0.29715695924548846,1.0,-0.30051007866859436,-0.08312376588582993,0.960227906703949,-0.23674364577216608,-0.18426189564449602,1.0
15.649,TRACK,0.23285676538944244,-0.21318119764328003,0.9233391284942627,0.2790700564657757,-0.11009043366336939,1.0,0.06261254847049713,0.3188149333000183,0.9547406435012817,-0.044193915966763704,0.29672697516660435,1.0,-0.30051007866859436,-0.08312376588582993,0.960227906703949,-0.2348761404990109,-0.18663654150323536,1.0
15.669,TRACK,0.23285676538944244,-0.21318119764328003,0.9233391284942627,0.28015616944578314,-0.10729641523119789,1.0,0.06261254847049713,0.3188149333000183,0.9547406435012817,-0.04715666339766991,0.296270567382585,1.0,-0.30051007866859436,-0.08312376588582993,0.960227906703949,-0.2329995060481121,-0.18897415215138755,1.0
15.689,TRACK,0.23285676538944244,-0.21318119764328003,0.9233391284942627,0.2812179842851471,-0.10448179417773573,1.0,0.06261254847049713,0.3188149333000183,0.9547406435012817,-0.050125104151676654,0.29578281548085844,1.0,-0.2918221950531006,-0.0998467355966568,0.9612938165664673,-0.23109288013346935,-0.19130102130312313,1.0
15.709,TRACK,0.24122506380081177,-0.2042992115020752,0.9227176308631897,0.28224955928709256,-0.10166211822622047,1.0,0.04687238857150078,0.3183591961860657,0.9532227516174316,-0.05308280265710163,0.2952663476626945,1.0,-0.2918221950531006,-0.0998467355966568,0.9612938165664673,-0.22916675662998975,-0.19360422943647443,1.0
15.729,TRACK,0.24122506380081177,-0.2042992115020752,0.9227176308631897,0.28324924599254975,-0.09884262564628703,1.0,0.04687238857150078,0.3183591961860657,0.9532227516174316,-0.05602439820983431,0.2947223554554793,1.0,-0.2918221950531006,-0.0998467355966568,0.9612938165664673,-0.22722484778271426,-0.1958797298091927,1.0
15.749,TRACK,0.24122506380081177,-0.2042992115020752,0.9227176308631897,0.2842239388563419,-0.09600391961261999,1.0,0.04687238857150078,0.3183591961860657,0.9532227516174316,-0.05897013618076223,0.29414711121957726,1.0,-0.2918221950531006,-0.0998467355966568,0.9612938165664673,-0.22525380267557854,-0.19814319160695762,1.0
15.769,TRACK,0.24122506380081177,-0.2042992115020752,0.9227176308631897,0.28516304182219854,-0.0931774628261097,1.0,0.04687238857150078,0.3183591961860657,0.9532227516174316,-0.06188747104350737,0.29354716985152324,1.0,-0.2918221950531006,-0.0998467355966568,0.9612938165664673,-0.22327557077869,-0.20036970702541387,1.0
15.789,TRACK,0.24122506380081177,-0.2042992115020752,0.9227176308631897,0.28608090810634984,-0.09032006431046323,1.0,0.04687238857150078,0.3183591961860657,0.9532227516174316,-0.06482098388886881,0.29291336611305224,1.0,-0.2849889099597931,-0.11720480024814606,0.9645138382911682,-0.22125992421747984,-0.20259330180258936,1.0
15.809,TRACK,0.249750018119812,-0.19222931563854218,0.923598051071167,0.2869761581083875,-0.0874338874656148,1.0,0.031134724617004395,0.3198300898075104,0.9555131793022156,-0.0677681113573408,0.29224558693513075,1.0,-0.2849889099597931,-0.11720480024814606,0.9645138382911682,-0.2192080467510455,-0.20481169946951627,1.0
15.829,TRACK,0.249750018119812,-0.19222931563854218,0.923598051071167,0.2878372014063755,-0.08455616764344058,1.0,0.031134724617004395,0.3198300898075104,0.9555131793022156,-0.07069081147731172,0.2915524123938596,1.0,-0.2849889099597931,-0.11720480024814606,0.9645138382911682,-0.2171463899290626,-0.2069962447504193,1.0
15.849,TRACK,0.249750018119812,-0.19222931563854218,0.923598051071167,0.2886669738817138,-0.08167850506696345,1.0,0.031134724617004395,0.3198300898075104,0.9555131793022156,-0.07359782660972984,0.2908321851486251,1.0,-0.2849889099597931,-0.11720480024814606,0.9645138382911682,-0.21506914727198276,-0.2091536800816619,1.0
15.869,TRACK,0.249750018119812,-0.19222931563854218,0.923598051071167,0.28946807152832615,-0.07879235727957289,1.0,0.031134724617004395,0.3198300898075104,0.9555131793022156,-0.0764978527359925,0.29008288216780803,1.0,-0.2849889099597931,-0.11720480024814606,0.9645138382911682,-0.21297021879233247,-0.2112905248882354,1.0
15.889,TRACK,0.249750018119812,-0.19222931563854218,0.923598051071167,0.29024424004214705,-0.07588333889831493,1.0,0.031134724617004395,0.3198300898075104,0.9555131793022156,-0.07940522081114823,0.2893005546277656,1.0,-0.27640727162361145,-0.13726520538330078,0.9655920267105103,-0.21083901923099765,-0.2134172157294509,1.0
15.909,TRACK,0.25960707664489746,-0.17554780840873718,0.922995924949646,0.2909870081109945,-0.0729832933664412,1.0,0.013662343844771385,0.3192886710166931,0.9563866257667542,-0.08228811794830615,0.28849378787857055,1.0,-0.27640727162361145,-0.13726520538330078,0.9655920267105103,-0.20869889016268717,-0.21551049451212959,1.0
15.929,TRACK,0.25960707664489746,-0.17554780840873718,0.922995924949646,0.2917011512941592,-0.07007451986037459,1.0,0.013662343844771385,0.3192886710166931,0.9563866257667542,-0.08516426128999732,0.28765786726409737,1.0,-0.27640727162361145,-0.13726520538330078,0.9655920267105103,-0.2065368900041607,-0.217583347403723,1.0
15.949,TRACK,0.25960707664489746,-0.17554780840873718,0.922995924949646,0.2923880677353162,-0.06715070994418551,1.0,0.013662343844771385,0.3192886710166931,0.9563866257667542,-0.08803981317383243,0.286790849394322,1.0,-0.27640727162361145,-0.13726520538330078,0.9655920267105103,-0.2043482545614826,-0.21964013945013672,1.0
15.969,TRACK,0.25960707664489746,-0.17554780840873718,0.922995924949646,0.2930452576431507,-0.06422209100348117,1.0,0.013662343844771385,0.3192886710166931,0.9563866257667542,-0.09090466652840391,0.2858956830792653,1.0,-0.27640727162361145,-0.13726520538330078,0.9655920267105103,-0.2021405911147456,-0.22167359207578433,1.0
15.989,TRACK,0.25960707664489746,-0.17554780840873718,0.922995924949646,0.2936761901229849,-0.061272304957855364,1.0,0.013662343844771385,0.3192886710166931,0.9563866257667542,-0.09377472241956179,0.28496719361206146,1.0,-0.27076107263565063,-0.15893985331058502,0.961262583732605,-0.19990146770342193,-0.2236948886542063,1.0
16.009,TRACK,0.2702292799949646,-0.15707401931285858,0.9206437468528748,0.29427111691549557,-0.058348176915022365,1.0,-0.0033541680313646793,0.3209424316883087,0.9592140316963196,-0.09660455498482896,0.28402035130635117,1.0,-0.27076107263565063,-0.15893985331058502,0.961262583732605,-0.19766656193066537,-0.22567217439132903,1.0
16.029,TRACK,0.2702292799949646,-0.15707401931285858,0.9206437468528748,0.29483966365211184,-0.05540372494254826,1.0,-0.0033541680313646793,0.3209424316883087,0.9592140316963196,-0.09943879856152289,0.2830405012372626,1.0,-0.27076107263565063,-0.15893985331058502,0.961262583732605,-0.19540086509058777,-0.22763677629471454,1.0
16.049,TRACK,0.2702292799949646,-0.15707401931285858,0.9206437468528748,0.2953784115474453,-0.05245563832142349,1.0,-0.0033541680313646793,0.3209424316883087,0.9592140316963196,-0.10226129041564073,0.28203302729029445,1.0,-0.27076107263565063,-0.15893985331058502,0.961262583732605,-0.19311712113180343,-0.22957738896887114,1.0
16.069,TRACK,0.2702292799949646,-0.15707401931285858,0.9206437468528748,0.29588881537699724,-0.049495544595420334,1.0,-0.0033541680313646793,0.3209424316883087,0.9592140316963196,-0.10508000869471834,0.2809950031098737,1.0,-0.27076107263565063,-0.15893985331058502,0.961262583732605,-0.1908088066822777,-0.2314994585144535,1.0
16.089,TRACK,0.2702292799949646,-0.15707401931285858,0.9206437468528748,0.29636916196584173,-0.04653299727789593,1.0,-0.0033541680313646793,0.3209424316883087,0.9592140316963196,-0.10788582322603017,0.279929721799672,1.0,-0.26233235001564026,-0.17841553688049316,0.9579274654388428,-0.18848333873981035,-0.2333967245217762,1.0
16.109,TRACK,0.2755022644996643,-0.13847291469573975,0.9188182353973389,0.2968186162408456,-0.04357417874004758,1.0,-0.02262265607714653,0.32556191086769104,0.9626731872558594,-0.11067296238249712,0.27883955135074073,1.0,-0.26233235001564026,-0.17841553688049316,0.9579274654388428,-0.1861456538583473,-0.2352653726106933,1.0
16.129,TRACK,0.2755022644996643,-0.13847291469573975,0.9188182353973389,0.2972398145057267,-0.04060163386615375,1.0,-0.02262265607714653,0.32556191086769104,0.9626731872558594,-0.11345786088961891,0.2777180473112107,1.0,-0.26233235001564026,-0.17841553688049316,0.9579274654388428,-0.18378195361610655,-0.23711641344505707,1.0
16.149,TRACK,0.2755022644996643,-0.13847291469573975,0.9188182353973389,0.29763078691331996,-0.037628641768710155,1.0,-0.02262265607714653,0.32556191086769104,0.9626731872558594,-0.11622803377505209,0.27657014329964347,1.0,-0.26233235001564026,-0.17841553688049316,0.9579274654388428,-0.18140275313826668,-0.23894150153093346,1.0
16.169,TRACK,0.2755022644996643,-0.13847291469573975,0.9188182353973389,0.29799290398490774,-0.03464432384448511,1.0,-0.02262265607714653,0.32556191086769104,0.9626731872558594,-0.11899358744619411,0.27539158692067,1.0,-0.26233235001564026,-0.17841553688049316,0.9579274654388428,-0.1789993165387124,-0.240747263076185,1.0
16.189,TRACK,0.2755022644996643,-0.13847291469573975,0.9188182353973389,0.2983243283897314,-0.031663782004297925,1.0,-0.02262265607714653,0.32556191086769104,0.9626731872558594,-0.12174052459925047,0.27418833795458786,1.0,-0.25170227885246277,-0.1974080502986908,0.9567145705223083,-0.17658380379047972,-0.24252455595029002,1.0
16.209,TRACK,0.2860790193080902,-0.11902759969234467,0.913500189781189,0.29862561376386765,-0.02868349358347634,1.0,-0.04022591561079025,0.3297414779663086,0.9616553783416748,-0.12447217276935471,0.27295911453196775,1.0,-0.25170227885246277,-0.1974080502986908,0.9567145705223083,-0.17415344099451177,-0.24427562094849153,1.0
16.229,TRACK,0.2860790193080902,-0.11902759969234467,0.913500189781189,0.2988973838603231,-0.025697352421108276,1.0,-0.04022591561079025,0.3297414779663086,0.9616553783416748,-0.1271941319234796,0.27170140375830315,1.0,-0.25170227885246277,-0.1974080502986908,0.9567145705223083,-0.17170325193684235,-0.24600405133719494,1.0
16.249,TRACK,0.2860790193080902,-0.11902759969234467,0.913500189781189,0.29913938107121807,-0.022707502996335525,1.0,-0.04022591561079025,0.3297414779663086,0.9616553783416748,-0.12990441608427053,0.27041605477819675,1.0,-0.25170227885246277,-0.1974080502986908,0.9567145705223083,-0.16923496498694632,-0.24770855178186127,1.0
16.269,TRACK,0.2860790193080902,-0.11902759969234467,0.913500189781189,0.29935175378202356,-0.01971110112669395,1.0,-0.04022591561079025,0.3297414779663086,0.9616553783416748,-0.13260556257873007,0.2691017740060041,1.0,-0.25170227885246277,-0.1974080502986908,0.9567145705223083,-0.16674619120329226,-0.24939067287931016,1.0
16.289,TRACK,0.2860790193080902,-0.11902759969234467,0.913500189781189,0.2995339018568276,-0.016716507961424983,1.0,-0.04022591561079025,0.3297414779663086,0.9616553783416748,-0.13529003037125428,0.26776222228340035,1.0,-0.23898214101791382,-0.21591190993785858,0.9581425189971924,-0.1642438714855721,-0.25104571432197537,1.0
16.309,TRACK,0.2879738509654999,-0.10491055995225906,0.9138173460960388,0.29968522489798155,-0.013739213145089484,1.0,-0.05434475466609001,0.3331960439682007,0.9579750895500183,-0.13794410483733355,0.2664046244730499,1.0,-0.23898214101791382,-0.21591190993785858,0.9581425189971924,-0.16174112006064684,-0.2526654113279604,1.0
16.329,TRACK,0.2879738509654999,-0.10491055995225906,0.9138173460960388,0.2998075895221405,-0.010742870422923309,1.0,-0.05434475466609001,0.3331960439682007,0.9579750895500183,-0.14060019606525354,0.2650124239850129,1.0,-0.23898214101791382,-0.21591190993785858,0.9581425189971924,-0.15920739345688573,-0.25426955356208963,1.0
16.349,TRACK,0.2879738509654999,-0.10491055995225906,0.9138173460960388,0.2999005157225168,-0.007725326489440753,1.0,-0.05434475466609001,0.3331960439682007,0.9579750895500183,-0.1432599288688732,0.26358412846847473,1.0,-0.23898214101791382,-0.21591190993785858,0.9581425189971924,-0.15664058685364238,-0.25585880197903393,1.0
16.369,TRACK,0.2879738509654999,-0.10491055995225906,0.9138173460960388,0.2999627423251399,-0.00472791886369706,1.0,-0.05434475466609001,0.3331960439682007,0.9579750895500183,-0.145886873319576,0.2621393144742657,1.0,-0.23898214101791382,-0.21591190993785858,0.9581425189971924,-0.15407586900556272,-0.25741139561056864,1.0
16.389,TRACK,0.2879738509654999,-0.10491055995225906,0.9138173460960388,0.29999491499741116,-0.0017467042382889404,1.0,-0.05434475466609001,0.3331960439682007,0.9579750895500183,-0.14848476725544876,0.2606765695130562,1.0,-0.22688844799995422,-0.23366664350032806,0.9614641666412354,-0.15151014774196117,-0.2589298652747672,1.0
16.409,TRACK,0.2897219657897949,-0.09228017181158066,0.91255784034729,0.299997270109602,0.0012798151376270405,1.0,-0.07026637345552444,0.33143994212150574,0.9529882669448853,-0.15110698747613324,0.25916534941208424,1.0,-0.22688844799995422,-0.23366664350032806,0.9614641666412354,-0.14889028263346754,-0.26044516454971123,1.0
16.429,TRACK,0.2897219657897949,-0.09228017181158066,0.91255784034729,0.2999695601611432,0.00427352041416892,1.0,-0.07026637345552444,0.33143994212150574,0.9529882669448853,-0.15368575732283263,0.25764449925451033,1.0,-0.22688844799995422,-0.23366664350032806,0.9614641666412354,-0.1462838028383093,-0.2619180196686792,1.0
16.449,TRACK,0.2897219657897949,-0.09228017181158066,0.91255784034729,0.29991163914556207,0.007280707728111079,1.0,-0.07026637345552444,0.33143994212150574,0.9529882669448853,-0.15626109742285427,0.25609074452663305,1.0,-0.22688844799995422,-0.23366664350032806,0.9614641666412354,-0.14365054172270655,-0.26337145225474407,1.0
16.469,TRACK,0.2897219657897949,-0.09228017181158066,0.91255784034729,0.29982396779131526,0.010275618612635968,1.0,-0.07026637345552444,0.33143994212150574,0.9529882669448853,-0.15881093065379995,0.25451736346440873,1.0,-0.22688844799995422,-0.23366664350032806,0.9614641666412354,-0.1410130371375141,-0.2647929820770446,1.0
16.489,TRACK,0.2897219657897949,-0.09228017181158066,0.91255784034729,0.2997061685702535,0.013274506429196895,1.0,-0.07026637345552444,0.33143994212150574,0.9529882669448853,-0.1613491440755105,0.25291590243814277,1.0,-0.21400246024131775,-0.24891908466815948,0.9629939198493958,-0.1383570244947418,-0.2661904088673396,1.0
16.509,TRACK,0.28906863927841187,-0.07981717586517334,0.910336971282959,0.2995585997258818,0.016267923354532147,1.0,-0.08222288638353348,0.3254363536834717,0.9517066478729248,-0.16386773475478325,0.2512913956074421,1.0,-0.21400246024131775,-0.24891908466815948,0.9629939198493958,-0.1356908649710973,-0.26755931896197416,1.0
16.529,TRACK,0.28906863927841187,-0.07981717586517334,0.910336971282959,0.29938092950806944,0.019262893004020766,1.0,-0.08222288638353348,0.3254363536834717,0.9517066478729248,-0.16637261944589762,0.24964004386057642,1.0,-0.21400246024131775,-0.24891908466815948,0.9629939198493958,-0.13300831006217062,-0.26890293686459704,1.0
16.549,TRACK,0.28906863927841187,-0.07981717586517334,0.910336971282959,0.29917369851169556,0.022250800408818595,1.0,-0.08222288638353348,0.3254363536834717,0.9517066478729248,-0.16885660766442123,0.24796662285086618,1.0,-0.21400246024131775,-0.24891908466815948,0.9629939198493958,-0.1303170908472731,-0.2702174232596847,1.0
16.569,TRACK,0.28906863927841187,-0.07981717586517334,0.910336971282959,0.2989357273138193,0.025247394625146597,1.0,-0.08222288638353348,0.3254363536834717,0.9517066478729248,-0.17133274878165666,0.24626223663997232,1.0,-0.21400246024131775,-0.24891908466815948,0.9629939198493958,-0.1276029785321614,-0.2715096312651188,1.0
16.589,TRACK,0.28906863927841187,-0.07981717586517334,0.910336971282959,0.29866779277992034,0.028240919885346705,1.0,-0.08222288638353348,0.3254363536834717,0.9517066478729248,-0.17379125043691093,0.2445334358969646,1.0,-0.2038586437702179,-0.2631058096885681,0.9635009765625,-0.12487654234300818,-0.2727743557823112,1.0
16.609,TRACK,0.28323644399642944,-0.06988023966550827,0.9099611043930054,0.2983703473677721,0.031227164642903132,1.0,-0.09203796088695526,0.31318822503089905,0.9535306096076965,-0.17622869155279883,0.24278271823502695,1.0,-0.2038586437702179,-0.2631058096885681,0.9635009765625,-0.12214165581497213,-0.27400988287792993,1.0
16.629,TRACK,0.28323644399642944,-0.06988023966550827,0.9099611043930054,0.29804586568252256,0.03418569802645116,1.0,-0.09203796088695526,0.31318822503089905,0.9535306096076965,-0.17862861577827094,0.24102244216076404,1.0,-0.2038586437702179,-0.2631058096885681,0.9635009765625,-0.11941724990425043,-0.275208140187215,1.0
16.649,TRACK,0.28323644399642944,-0.06988023966550827,0.9099611043930054,0.2976872470366652,0.03717933500926906,1.0,-0.09203796088695526,0.31318822503089905,0.9535306096076965,-0.18104187213217116,0.23921505081177186,1.0,-0.2038586437702179,-0.2631058096885681,0.9635009765625,-0.11664537490449284,-0.2763943858210407,1.0
16.669,TRACK,0.28323644399642944,-0.06988023966550827,0.9099611043930054,0.2973034951683942,0.040132676968482876,1.0,-0.09203796088695526,0.31318822503089905,0.9535306096076965,-0.18340766536077732,0.2374060409654925,1.0,-0.2038586437702179,-0.2631058096885681,0.9635009765625,-0.11389582980761566,-0.27753871793397517,1.0
16.689,TRACK,0.28323644399642944,-0.06988023966550827,0.9099611043930054,0.2968852290675138,0.04311798651989482,1.0,-0.09203796088695526,0.31318822503089905,0.9535306096076965,-0.18578388622002023,0.23555115712088226,1.0,-0.19061604142189026,-0.27466270327568054,0.9642246961593628,-0.1111013428474924,-0.2786691436407769,1.0
16.709,TRACK,0.2783467173576355,-0.058545906096696854,0.911588728427887,0.2964375863658497,0.04609509073197906,1.0,-0.10166879743337631,0.2998465597629547,0.9569380283355713,-0.18813831274656678,0.23367493506338036,1.0,-0.19061604142189026,-0.27466270327568054,0.9642246961593628,-0.10829927361928175,-0.27977002579535915,1.0
16.729,TRACK,0.2783467173576355,-0.058545906096696854,0.911588728427887,0.29596352930819414,0.04904680743369236,1.0,-0.10166879743337631,0.2998465597629547,0.9569380283355713,-0.19045754586619754,0.23178853125775065,1.0,-0.19061604142189026,-0.27466270327568054,0.9642246961593628,-0.10550598344199542,-0.2808353386914428,1.0
16.749,TRACK,0.2783467173576355,-0.058545906096696854,0.911588728427887,0.2954563250474013,0.052014997736079295,1.0,-0.10166879743337631,0.2998465597629547,0.9569380283355713,-0.19277447194093483,0.22986518433180292,1.0,-0.19061604142189026,-0.27466270327568054,0.9642246961593628,-0.10268185310646531,-0.28188018206788196,1.0
16.769,TRACK,0.2783467173576355,-0.058545906096696854,0.911588728427887,0.2949217457456421,0.054965115176289846,1.0,-0.10166879743337631,0.2998465597629547,0.9569380283355713,-0.19506205893742512,0.22792716635603683,1.0,-0.19061604142189026,-0.27466270327568054,0.9642246961593628,-0.09985968680821584,-0.28289228153232643,1.0
16.789,TRACK,0.2783467173576355,-0.058545906096696854,0.911588728427887,0.29435623990567206,0.05791721703081412,1.0,-0.10166879743337631,0.2998465597629547,0.9569380283355713,-0.19733590121801725,0.22596137300537217,1.0,-0.17883241176605225,-0.28386470675468445,0.9645757675170898,-0.09702033868765364,-0.28387859003618604,1.0
16.809,TRACK,0.2767944037914276,-0.04593730345368385,0.9134272336959839,0.293763832921441,0.060850722816608326,1.0,-0.11694316565990448,0.2871256172657013,0.9588382840156555,-0.19958018825854812,0.22398158061475162,1.0,-0.17883241176605225,-0.28386470675468445,0.9645757675170898,-0.09418364466289168,-0.2848323034313597,1.0
16.829,TRACK,0.2767944037914276,-0.04593730345368385,0.9134272336959839,0.29314147716312533,0.06378145785901158,1.0,-0.11694316565990448,0.2871256172657013,0.9588382840156555,-0.2018071013778728,0.2219772371966571,1.0,-0.17883241176605225,-0.28386470675468445,0.9645757675170898,-0.09133437578525136,-0.2857586950556684,1.0
16.849,TRACK,0.2767944037914276,-0.04593730345368385,0.9134272336959839,0.2924880387215964,0.06671392062226533,1.0,-0.11694316565990448,0.2871256172657013,0.9588382840156555,-0.204019969405738,0.21994511152485688,1.0,-0.17883241176605225,-0.28386470675468445,0.9645757675170898,-0.08846806931585725,-0.2866590321471219,1.0
16.869,TRACK,0.2767944037914276,-0.04593730345368385,0.9134272336959839,0.29180656095528645,0.06963426587139906,1.0,-0.11694316565990448,0.2871256172657013,0.9588382840156555,-0.20620832369615402,0.21789476184255133,1.0,-0.1677798479795456,-0.2923528254032135,0.9629516005516052,-0.08559823725913125,-0.28752902771395006,1.0
16.889,TRACK,0.2767944037914276,-0.04593730345368385,0.9134272336959839,0.29109611604837504,0.07254688981307868,1.0,-0.11694316565990448,0.2871256172657013,0.9588382840156555,-0.20837550756786363,0.21582318653433696,1.0,-0.1677798479795456,-0.2923528254032135,0.9629516005516052,-0.08272060848051023,-0.2883700763474153,1.0
16.909,TRACK,0.2777055501937866,-0.033109910786151886,0.9158794283866882,0.29035548462274247,0.07545656067892548,1.0,-0.13487260043621063,0.2798120677471161,0.9618671536445618,-0.21052504074152215,0.21372694547197468,1.0,-0.1677798479795456,-0.2923528254032135,0.9629516005516052,-0.07983044388121917,-0.2891835061508998,1.0
16.929,TRACK,0.2777055501937866,-0.033109910786151886,0.9158794283866882,0.2895882921032348,0.0783493527524738,1.0,-0.13487260043621063,0.2798120677471161,0.9618671536445618,-0.2126466759053274,0.21161614122371347,1.0,-0.1677798479795456,-0.2923528254032135,0.9629516005516052,-0.0769416161979062,-0.2899654939761869,1.0
16.949,TRACK,0.2777055501937866,-0.033109910786151886,0.9158794283866882,0.2887887253956772,0.08124698200142653,1.0,-0.13487260043621063,0.2798120677471161,0.9618671536445618,-0.21475631309189055,0.209474881518472,1.0,-0.1677798479795456,-0.2923528254032135,0.9629516005516052,-0.07403241230378553,-0.29072186351989815,1.0
16.969,TRACK,0.2777055501937866,-0.033109910786151886,0.9158794283866882,0.28796038636058013,0.08413569924274367,1.0,-0.13487260043621063,0.2798120677471161,0.9618671536445618,-0.21684384608967275,0.20731316025047306,1.0,-0.1677798479795456,-0.2923528254032135,0.9629516005516052,-0.07111654027090625,-0.29144885949321636,1.0
16.989,TRACK,0.2777055501937866,-0.033109910786151886,0.9158794283866882,0.28710525829303596,0.08700902631617664,1.0,-0.13487260043621063,0.2798120677471161,0.9618671536445618,-0.21890465629487518,0.2051359340837742,1.0,-0.1544058620929718,-0.2998112738132477,0.9634757041931152,-0.0682006019981596,-0.29214496039995047,1.0
17.009,TRACK,0.27934563159942627,-0.015509097836911678,0.9196367859840393,0.2862229281140911,0.08986899032366955,1.0,-0.15493778884410858,0.2749151289463043,0.9639060497283936,-0.2209402926898008,0.2029418317305359,1.0,-0.1544058620929718,-0.2998112738132477,0.9634757041931152,-0.06528263542428919,-0.29281082205420506,1.0
17.029,TRACK,0.27934563159942627,-0.015509097836911678,0.9196367859840393,0.28530640559655407,0.09273755941135485,1.0,-0.15493778884410858,0.2749151289463043,0.9639060497283936,-0.2229662851334785,0.2007138154033657,1.0,-0.1544058620929718,-0.2998112738132477,0.9634757041931152,-0.06234012046307444,-0.29345137481472017,1.0
17.049,TRACK,0.27934563159942627,-0.015509097836911678,0.9196367859840393,0.28436872350402936,0.09557420725639777,1.0,-0.15493778884410858,0.2749151289463043,0.9639060497283936,-0.22495405318261372,0.19848343496804413,1.0,-0.1544058620929718,-0.2998112738132477,0.9634757041931152,-0.05941467032141455,-0.2940576422244415,1.0
17.069,TRACK,0.27934563159942627,-0.015509097836911678,0.9196367859840393,0.28339372322225276,0.09842762639741541,1.0,-0.15493778884410858,0.2749151289463043,0.9639060497283936,-0.22693768650549148,0.19621235038481974,1.0,-0.13888679444789886,-0.3028705418109894,0.962661623954773,-0.056456036716760166,-0.29463997678223475,1.0
17.089,TRACK,0.27934563159942627,-0.015509097836911678,0.9196367859840393,0.28240096755855676,0.10124077005826745,1.0,-0.15493778884410858,0.2749151289463043,0.9639060497283936,-0.22887756254843647,0.19394602692988208,1.0,-0.13888679444789886,-0.3028705418109894,0.962661623954773,-0.05352340501011913,-0.2951867969881491,1.0
17.109,TRACK,0.28661561012268066,0.0030382347758859396,0.920536994934082,0.281371579753472,0.10406744979596429,1.0,-0.17727956175804138,0.2684272825717926,0.9585952162742615,-0.23081084510710229,0.1916412110714844,1.0,-0.13888679444789886,-0.3028705418109894,0.962661623954773,-0.05056073464636858,-0.29570866086744824,1.0
17.129,TRACK,0.28661561012268066,0.0030382347758859396,0.920536994934082,0.28031663856669564,0.10687648077415596,1.0,-0.17727956175804138,0.2684272825717926,0.9585952162742615,-0.23271606670084555,0.18932308971514172,1.0,-0.13888679444789886,-0.3028705418109894,0.962661623954773,-0.04760057186584895,-0.2961995704892972,1.0
17.149,TRACK,0.28661561012268066,0.0030382347758859396,0.920536994934082,0.2792337461603195,0.10967458687077092,1.0,-0.17727956175804138,0.2684272825717926,0.9585952162742615,-0.23459785145981013,0.18698622433334722,1.0,-0.13888679444789886,-0.3028705418109894,0.962661623954773,-0.0446358947005082,-0.29666081120411764,1.0
17.169,TRACK,0.28661561012268066,0.0030382347758859396,0.920536994934082,0.27812273631641243,0.11246218717360656,1.0,-0.17727956175804138,0.2684272825717926,0.9585952162742615,-0.2364564792157095,0.1846302614332513,1.0,-0.12286730110645294,-0.30828022956848145,0.9623967409133911,-0.04166625710070181,-0.2970924486068574,1.0
17.189,TRACK,0.28661561012268066,0.0030382347758859396,0.920536994934082,0.2769871130355246,0.11523080843353273,1.0,-0.17727956175804138,0.2684272825717926,0.9585952162742615,-0.2382863639198193,0.18226247219291036,1.0,-0.12286730110645294,-0.30828022956848145,0.9623967409133911,-0.03870074911570416,-0.2974932806264426,1.0
17.209,TRACK,0.29393845796585083,0.02026490308344364,0.9209566712379456,0.27581883795114454,0.11799986708162115,1.0,-0.19632349908351898,0.26340362429618835,0.9572293758392334,-0.24010030151144288,0.17986618696718462,1.0,-0.12286730110645294,-0.30828022956848145,0.9623967409133911,-0.03571853643970056,-0.2978660540488053,1.0
17.229,TRACK,0.29393845796585083,0.02026490308344364,0.9209566712379456,0.27462709889566433,0.12074749087310666,1.0,-0.19632349908351898,0.26340362429618835,0.9572293758392334,-0.24188394398717175,0.17746029877471398,1.0,-0.12286730110645294,-0.30828022956848145,0.9623967409133911,-0.03274315490849151,-0.2982077896478201,1.0
17.249,TRACK,0.29393845796585083,0.02026490308344364,0.9209566712379456,0.2734124202971769,0.12347327009211304,1.0,-0.19632349908351898,0.26340362429618835,0.9572293758392334,-0.24363719873669526,0.17504546664148735,1.0,-0.12286730110645294,-0.30828022956848145,0.9623967409133911,-0.029775221560480545,-0.29851873673359985,1.0
17.269,TRACK,0.29393845796585083,0.02026490308344364,0.9209566712379456,0.2721555532417514,0.12621947092139246,1.0,-0.19632349908351898,0.26340362429618835,0.9572293758392334,-0.24538704489103239,0.17258388742766936,1.0,-0.12286730110645294,-0.30828022956848145,0.9623967409133911,-0.026768508350717903,-0.2988033583490613,1.0
17.289,TRACK,0.29393845796585083,0.02026490308344364,0.9209566712379456,0.2708803571995686,0.12893344051654765,1.0,-0.21637769043445587,0.2529241740703583,0.9585523009300232,-0.24709981348444396,0.17012255046275612,1.0,-0.10832765698432922,-0.30976924300193787,0.9619603753089905,-0.023780543715123562,-0.2990559909793032,1.0
17.309,TRACK,0.2989330589771271,0.039329539984464645,0.9202249646186829,0.26958475102308127,0.13162090265540377,1.0,-0.21637769043445587,0.2529241740703583,0.9585523009300232,-0.24877942088015856,0.16765679153119004,1.0,-0.10832765698432922,-0.30976924300193787,0.9619603753089905,-0.020805330142921633,-0.2992776941865933,1.0
17.329,TRACK,0.2989330589771271,0.039329539984464645,0.9202249646186829,0.26824928985197916,0.13432169777779335,1.0,-0.21637769043445587,0.2529241740703583,0.9585523009300232,-0.25045064748101403,0.1651498506700531,1.0,-0.10832765698432922,-0.30976924300193787,0.9619603753089905,-0.017798642370964103,-0.2994715484478459,1.0
17.349,TRACK,0.2989330589771271,0.039329539984464645,0.9202249646186829,0.26689039778641815,0.13700188162725171,1.0,-0.21637769043445587,0.2529241740703583,0.9585523009300232,-0.2520923087486772,0.16263292369554697,1.0,-0.10832765698432922,-0.30976924300193787,0.9619603753089905,-0.014798089037739878,-0.2996348053227981,1.0
17.369,TRACK,0.2989330589771271,0.039329539984464645,0.9202249646186829,0.26550729181582294,0.13966344544163098,1.0,-0.21637769043445587,0.2529241740703583,0.9585523009300232,-0.2537057376404255,0.16010433688169598,1.0,-0.0928468406200409,-0.3120623528957367,0.9610400199890137,-0.011801554175396411,-0.29976778232332635,1.0
17.389,TRACK,0.30260205268859863,0.05541309714317322,0.9207556247711182,0.2640969995842408,0.14231224406424595,1.0,-0.21637769043445587,0.2529241740703583,0.9585523009300232,-0.25529451842132816,0.15755858867107853,1.0,-0.0928468406200409,-0.3120623528957367,0.9610400199890137,-0.008802481162911569,-0.2998708327353239,1.0
17.409,TRACK,0.30260205268859863,0.05541309714317322,0.9207556247711182,0.2626699239134438,0.1449293313008296,1.0,-0.23120349645614624,0.24151520431041718,0.9566099047660828,-0.2568474446167312,0.15501416126875378,1.0,-0.0928468406200409,-0.3120623528957367,0.9610400199890137,-0.005822479296711593,-0.29994349256958275,1.0
17.429,TRACK,0.30260205268859863,0.05541309714317322,0.9207556247711182,0.2611993961781821,0.14756312356463946,1.0,-0.23120349645614624,0.24151520431041718,0.9566099047660828,-0.25839311175785057,0.15242375076114265,1.0,-0.0928468406200409,-0.3120623528957367,0.9610400199890137,-0.0028062844203305096,-0.29998687432578147,1.0
17.449,TRACK,0.30260205268859863,0.05541309714317322,0.9207556247711182,0.2597099971475533,0.15016896277732575,1.0,-0.23120349645614624,0.24151520431041718,0.9566099047660828,-0.25990513519890013,0.149830973757903,1.0,-0.0928468406200409,-0.3120623528957367,0.9610400199890137,0.0001951380513478984,-0.29999993653522816,1.0
17.469,TRACK,0.30260205268859863,0.05541309714317322,0.9207556247711182,0.25819857176680416,0.15275306064882124,1.0,-0.23120349645614624,0.24151520431041718,0.9566099047660828,-0.261387316911106,0.14722999204650195,1.0,-0.0928468406200409,-0.3120623528957367,0.9610400199890137,0.0031887451443028472,-0.2999830526953226,1.0
17.489,TRACK,0.30196529626846313,0.07218616455793381,0.9209139347076416,0.25665226985917716,0.15533709272460358,1.0,-0.23120349645614624,0.24151520431041718,0.9566099047660828,-0.26285200337911385,0.14459883927468548,1.0,-0.07809583097696304,-0.31434357166290283,0.9610316753387451,0.0061997335199376865,-0.2999359319992884,1.0
17.509,TRACK,0.30196529626846313,0.07218616455793381,0.9209139347076416,0.2550985347980128,0.15787570282949503,1.0,-0.2427118420600891,0.22705931961536407,0.9557321667671204,-0.2642736366896715,0.14198396018852089,1.0,-0.07809583097696304,-0.31434357166290283,0.9610316753387451,0.009175101891659716,-0.29985966301801525,1.0
17.529,TRACK,0.30196529626846313,0.07218616455793381,0.9209139347076416,0.25349614986545854,0.16043597477931495,1.0,-0.2427118420600891,0.22705931961536407,0.9557321667671204,-0.2656897047725352,0.13931611815537745,1.0,-0.07809583097696304,-0.31434357166290283,0.9610316753387451,0.012193554907077651,-0.29975209293469174,1.0
17.549,TRACK,0.30196529626846313,0.07218616455793381,0.9209139347076416,0.25187962937520564,0.16296211923575687,1.0,-0.2427118420600891,0.22705931961536407,0.9557321667671204,-0.26706914980031665,0.13665309811685944,1.0,-0.07809583097696304,-0.31434357166290283,0.9610316753387451,0.015189520425112015,-0.2996152173526156,1.0
17.569,TRACK,0.30196529626846313,0.07218616455793381,0.9209139347076416,0.2502382715286827,0.16547147023682743,1.0,-0.2427118420600891,0.22705931961536407,0.9557321667671204,-0.2684216325909942,0.13397696502453438,1.0,-0.07809583097696304,-0.31434357166290283,0.9610316753387451,0.018183361062312515,-0.2994484352613611,1.0
17.589,LAND,0.30196529626846313,0.07218616455793381,0.9209139347076416,0.24857283621219908,0.16796292774723603,1.0,-0.2427118420600891,0.22705931961536407,0.9557321667671204,-0.26974658042921584,0.1312889269768955,1.0,-0.06403517723083496,-0.3172941207885742,0.9611935615539551,0.021173744217017693,-0.2992518547241308,1.0
17.609,LAND,0.29995429515838623,0.08711610734462738,0.9215678572654724,0.24687729293927732,0.17044530568770216,1.0,-0.25146183371543884,0.21047291159629822,0.9515494108200073,-0.2710486111509927,0.12857935445909638,1.0,-0.06403517723083496,-0.3172941207885742,0.9611935615539551,0.024171318211716336,-0.2990246601467978,1.0
17.629,LAND,0.29995429515838623,0.08711610734462738,0.9215678572654724,0.245163556095014,0.1729012167766523,1.0,-0.25146183371543884,0.21047291159629822,0.9515494108200073,-0.2723186241213278,0.1258672592720879,1.0,-0.06403517723083496,-0.3172941207885742,0.9611935615539551,0.027155068026314733,-0.29876847604873946,1.0
17.649,LAND,0.29995429515838623,0.08711610734462738,0.9215678572654724,0.24340668018820172,0.17536586908448998,1.0,-0.25146183371543884,0.21047291159629822,0.9515494108200073,-0.273574637678005,0.1231134339515728,1.0,-0.06403517723083496,-0.3172941207885742,0.9611935615539551,0.030167957489804238,-0.29847930303606207,1.0
17.669,LAND,0.29995429515838623,0.08711610734462738,0.9215678572654724,0.24166114242068998,0.17776358525841843,1.0,-0.25146183371543884,0.21047291159629822,0.9515494108200073,-0.274778351911936,0.12040289581467821,1.0,-0.06403517723083496,-0.3172941207885742,0.9611935615539551,0.03311720949124699,-0.2981664810730959,1.0
17.689,LAND,0.3011348247528076,0.10096051543951035,0.9207733869552612,0.23986763180326398,0.1801763558658399,1.0,-0.25146183371543884,0.21047291159629822,0.9515494108200073,-0.2759711172427544,0.11764328475431947,1.0,-0.04954299330711365,-0.32065868377685547,0.9622772932052612,0.03610348543949137,-0.2978196406201586,1.0
17.709,LAND,0.3011348247528076,0.10096051543951035,0.9207733869552612,0.23805072921733852,0.18257012438811934,1.0,-0.25876736640930176,0.19233085215091705,0.9495559334754944,-0.27713573030086525,0.11487291669756666,1.0,-0.04954299330711365,-0.32065868377685547,0.9622772932052612,0.039085001083527623,-0.29744304108568526,1.0
17.729,LAND,0.3011348247528076,0.10096051543951035,0.9207733869552612,0.2362145246195665,0.18493971547169688,1.0,-0.25876736640930176,0.19233085215091705,0.9495559334754944,-0.2782697540769385,0.11209792132756155,1.0,-0.04954299330711365,-0.32065868377685547,0.9622772932052612,0.04205522945737288,-0.29703763679925765,1.0
17.749,LAND,0.3011348247528076,0.10096051543951035,0.9207733869552612,0.23435212145550086,0.187294108741589,1.0,-0.25876736640930176,0.19233085215091705,0.9495559334754944,-0.27937751687713136,0.10930783624044614,1.0,-0.04954299330711365,-0.32065868377685547,0.9622772932052612,0.04502539542163139,-0.29660194498203435,1.0
17.769,LAND,0.3011348247528076,0.10096051543951035,0.9207733869552612,0.23247066061366947,0.1896243443069589,1.0,-0.25876736640930176,0.19233085215091705,0.9495559334754944,-0.28045482965262797,0.10651332557250955,1.0,-0.03523840382695198,-0.32169219851493835,0.961320698261261,0.04798416903895942,-0.29613766987946766,1.0
17.789,LAND,0.3011348247528076,0.10096051543951035,0.9207733869552612,0.23056257547788722,0.19193983116852933,1.0,-0.25876736640930176,0.19233085215091705,0.9495559334754944,-0.281506057528986,0.10370313194155344,1.0,-0.03523840382695198,-0.32169219851493835,0.961320698261261,0.05094348205109963,-0.295642963110082,1.0
17.809,LAND,0.3007014989852905,0.11320582777261734,0.9192906618118286,0.2286291590925536,0.19423879018525572,1.0,-0.2645225524902344,0.17784564197063446,0.9456920623779297,-0.28253030624706355,0.10087926472739822,1.0,-0.03523840382695198,-0.32169219851493835,0.961320698261261,0.05390114715451081,-0.2951180549126532,1.0
17.829,LAND,0.3007014989852905,0.11320582777261734,0.9192906618118286,0.22667532722218223,0.19651538369480545,1.0,-0.2645225524902344,0.17784564197063446,0.9456920623779297,-0.2835249781252387,0.09804889993815809,1.0,-0.03523840382695198,-0.32169219851493835,0.961320698261261,0.05684965090305732,-0.2945642836329627,1.0
17.849,LAND,0.3007014989852905,0.11320582777261734,0.9192906618118286,0.22470048564806355,0.19877044989012924,1.0,-0.2645225524902344,0.17784564197063446,0.9456920623779297,-0.28449050195054526,0.09521110386885977,1.0,-0.03523840382695198,-0.32169219851493835,0.961320698261261,0.05979001630248258,-0.2939815537589882,1.0
17.869,LAND,0.3007014989852905,0.11320582777261734,0.9192906618118286,0.22271265135077192,0.2009952112074054,1.0,-0.2645225524902344,0.17784564197063446,0.9456920623779297,-0.28542328462001754,0.09237720821025315,1.0,-0.03523840382695198,-0.32169219851493835,0.961320698261261,0.06271063326924647,-0.2933724194176577,1.0
17.889,LAND,0.30113038420677185,0.1173536479473114,0.9124634265899658,0.2206778874037015,0.20322713896288372,1.0,-0.2645225524902344,0.17784564197063446,0.9456920623779297,-0.28633880878213813,0.08949908706364632,1.0,-0.030617112293839455,-0.3258224427700043,0.9578603506088257,0.06566092137843749,-0.29272622602652915,1.0
17.909,LAND,0.30113038420677185,0.1173536479473114,0.9124634265899658,0.2186430908475083,0.2054146996313755,1.0,-0.2666001617908478,0.17027521133422852,0.9396684765815735,-0.2872158936152751,0.08664312122020401,1.0,-0.030617112293839455,-0.3258224427700043,0.9578603506088257,0.06857280276776767,-0.29205782085157866,1.0
17.929,LAND,0.30113038420677185,0.1173536479473114,0.9124634265899658,0.21657223243085313,0.20759688856029737,1.0,-0.2666001617908478,0.17027521133422852,0.9396684765815735,-0.288070295455251,0.08375861075927889,1.0,-0.030617112293839455,-0.3258224427700043,0.9578603506088257,0.07149806302439873,-0.2913554993195754,1.0
17.949,LAND,0.30113038420677185,0.1173536479473114,0.9124634265899658,0.21449672329936875,0.2097406867868846,1.0,-0.2666001617908478,0.17027521133422852,0.9396684765815735,-0.2888891246143214,0.08088926801233325,1.0,-0.030617112293839455,-0.3258224427700043,0.9578603506088257,0.07439240131495348,-0.290629954799217,1.0
17.969,LAND,0.30113038420677185,0.1173536479473114,0.9124634265899658,0.21237784344125007,0.2118859401075113,1.0,-0.2666001617908478,0.17027521133422852,0.9396684765815735,-0.2896875285584777,0.07798163756732193,1.0,-0.028904659673571587,-0.3284626603126526,0.9459238052368164,0.07730968511722847,-0.28986757767483234,1.0
17.989,LAND,0.30113038420677185,0.1173536479473114,0.9124634265899658,0.21024710154297382,0.21400036516973153,1.0,-0.2666001617908478,0.17027521133422852,0.9396684765815735,-0.29045330342762077,0.07507914842339673,1.0,-0.028904659673571587,-0.3284626603126526,0.9459238052368164,0.08020620188464778,-0.2890795135931274,1.0
18.009,LAND,0.3081706464290619,0.11905812472105026,0.8990027904510498,0.20809412459924806,0.21609450549996087,1.0,-0.2654915153980255,0.1718219816684723,0.9284048080444336,-0.29119039368082605,0.07216754553125337,1.0,-0.028904659673571587,-0.3284626603126526,0.9459238052368164,0.08309626908157881,-0.28826205103121333,1.0
18.029,LAND,0.3081706464290619,0.11905812472105026,0.8990027904510498,0.20592684410910336,0.21816080050106398,1.0,-0.2654915153980255,0.1718219816684723,0.9284048080444336,-0.2918962173984218,0.06925747806911012,1.0,-0.028904659673571587,-0.3284626603126526,0.9459238052368164,0.08596937328931924,-0.2874182785701732,1.0
18.049,LAND,0.3081706464290619,0.11905812472105026,0.8990027904510498,0.2037405171986378,0.2202040000809058,1.0,-0.2654915153980255,0.1718219816684723,0.9284048080444336,-0.29257251668433376,0.06634246363374849,1.0,-0.028904659673571587,-0.3284626603126526,0.9459238052368164,0.08883199948569674,-0.28654646371465337,1.0
18.069,LAND,0.3081706464290619,0.11905812472105026,0.8990027904510498,0.20153224984997217,0.2222268036723032,1.0,-0.2654915153980255,0.1718219816684723,0.9284048080444336,-0.29322018230701746,0.06341864621575763,1.0,-0.033082958310842514,-0.3315521776676178,0.9284806251525879,0.0916879324570461,-0.2856454498880599,1.0
18.089,LAND,0.31346988677978516,0.11254746466875076,0.8800926804542542,0.19928510864384671,0.2242441648578848,1.0,-0.2654915153980255,0.1718219816684723,0.9284048080444336,-0.2938436977392771,0.060463884252571404,1.0,-0.033082958310842514,-0.3315521776676178,0.9284806251525879,0.09455858909543116,-0.2847080491104553,1.0
18.109,LAND,0.31346988677978516,0.11254746466875076,0.8800926804542542,0.19703738084541564,0.22622172872997554,1.0,-0.2634110450744629,0.17709624767303467,0.9113211631774902,-0.29443245439089843,0.05752851294229226,1.0,-0.033082958310842514,-0.3315521776676178,0.9284806251525879,0.0973950735454836,-0.28375024167226687,1.0
18.129,LAND,0.31346988677978516,0.11254746466875076,0.8800926804542542,0.1947660588826847,0.22818015318451032,1.0,-0.2634110450744629,0.17709624767303467,0.9113211631774902,-0.2949928387385528,0.05458227819512634,1.0,-0.033082958310842514,-0.3315521776676178,0.9284806251525879,0.10022677985586889,-0.2827624313796357,1.0
18.149,LAND,0.31346988677978516,0.11254746466875076,0.8800926804542542,0.19247362666355522,0.2301171506841208,1.0,-0.2634110450744629,0.17709624767303467,0.9113211631774902,-0.29552411167071774,0.051628474907101006,1.0,-0.033082958310842514,-0.3315521776676178,0.9284806251525879,0.10305048500716325,-0.28174562559122085,1.0
18.17,LAND,0.31346988677978516,0.11254746466875076,0.8800926804542542,0.1901635636245353,0.23202978056623963,1.0,-0.2634110450744629,0.17709624767303467,0.9113211631774902,-0.2960254662171599,0.0486715866899069,1.0,-0.033082958310842514,-0.3315521776676178,0.9284806251525879,0.10586190259262533,-0.28070136725614553,1.0
18.189,LAND,0.31346988677978516,0.11254746466875076,0.8800926804542542,0.187824875154029,0.2339269464456231,1.0,-0.2634110450744629,0.17709624767303467,0.9113211631774902,-0.29649911582864585,0.045697640123218905,1.0,-0.038244735449552536,-0.3315640389919281,0.9050499200820923,0.10867424067461763,-0.27962458656884104,1.0
18.209,LAND,0.3180405795574188,0.10272738337516785,0.8544110655784607,0.18548213043609252,0.2357888447083287,1.0,-0.2602437138557434,0.18728181719779968,0.8891072869300842,-0.2969401946644428,0.042737814551551324,1.0,-0.038244735449552536,-0.3315640389919281,0.9050499200820923,0.11145806422835101,-0.2785266592598791,1.0
18.229,LAND,0.3180405795574188,0.10272738337516785,0.8544110655784607,0.1831078708046536,0.23763734481218704,1.0,-0.2602437138557434,0.18728181719779968,0.8891072869300842,-0.29735391289756286,0.039757395343616164,1.0,-0.038244735449552536,-0.3315640389919281,0.9050499200820923,0.11424604209290996,-0.27739474015580223,1.0
18.249,LAND,0.3180405795574188,0.10272738337516785,0.8544110655784607,0.18072966293274334,0.2394510157343605,1.0,-0.2602437138557434,0.18728181719779968,0.8891072869300842,-0.29773549405431515,0.036790971449975,1.0,-0.038244735449552536,-0.3315640389919281,0.9050499200820923,0.11700583112157249,-0.2762419871843345,1.0
18.269,LAND,0.3180405795574188,0.10272738337516785,0.8544110655784607,0.17832843051393465,0.24124462868722438,1.0,-0.2602437138557434,0.18728181719779968,0.8891072869300842,-0.29808819222664773,0.03381463669846402,1.0,-0.038244735449552536,-0.3315640389919281,0.9050499200820923,0.11975976171271374,-0.2750592653856874,1.0
18.289,LAND,0.3180405795574188,0.10272738337516785,0.8544110655784607,0.17589749231215226,0.2430227812331517,1.0,-0.2602437138557434,0.18728181719779968,0.8891072869300842,-0.2984126484023336,0.030820306187726725,1.0,-0.041856199502944946,-0.33624643087387085,0.8802539110183716,0.122515156090182,-0.2738430874208775,1.0
18.309,LAND,0.32528144121170044,0.10053282231092453,0.8346651196479797,0.17346974619441322,0.24476161291192264,1.0,-0.25855833292007446,0.19590727984905243,0.8624753355979919,-0.2987046477501848,0.027848400536440217,1.0,-0.041856199502944946,-0.33624643087387085,0.8802539110183716,0.12523490155577224,-0.27261001344836183,1.0
18.329,LAND,0.32528144121170044,0.10053282231092453,0.8346651196479797,0.17101646748385974,0.24648198280876826,1.0,-0.25855833292007446,0.19590727984905243,0.8624753355979919,-0.2989678924294824,0.024863613902114556,1.0,-0.041856199502944946,-0.33624643087387085,0.8802539110183716,0.12795142494562334,-0.2713455967108818,1.0
18.349,LAND,0.32528144121170044,0.10053282231092453,0.8346651196479797,0.1685460101170129,0.24817784444554228,1.0,-0.25855833292007446,0.19590727984905243,0.8624753355979919,-0.29920132300480873,0.02187620424507176,1.0,-0.041856199502944946,-0.33624643087387085,0.8802539110183716,0.1306553128877965,-0.270054048690613,1.0
18.369,LAND,0.32528144121170044,0.10053282231092453,0.8346651196479797,0.16604557237961268,0.24985769528498977,1.0,-0.25855833292007446,0.19590727984905243,0.8624753355979919,-0.2994058976376388,0.01887083622417812,1.0,-0.041856199502944946,-0.33624643087387085,0.8802539110183716,0.1333603252580268,-0.26872853150916687,1.0
18.389,LAND,0.32886168360710144,0.0961327776312828,0.80898118019104,0.16354272481843737,0.2515030360829882,1.0,-0.25855833292007446,0.19590727984905243,0.8624753355979919,-0.2995793807860007,0.01588063625540122,1.0,-0.046673018485307693,-0.3380799889564514,0.8549528121948242,0.13603665596756398,-0.2673836723383884,1.0
18.409,LAND,0.32886168360710144,0.0961327776312828,0.80898118019104,0.1610199841695986,0.25312559076083596,1.0,-0.2575587034225464,0.2023158073425293,0.8407775163650513,-0.2997231840316268,0.0128846014274233,1.0,-0.046673018485307693,-0.3380799889564514,0.8549528121948242,0.1387031998620288,-0.2660101921882582,1.0
18.429,LAND,0.32886168360710144,0.0961327776312828,0.80898118019104,0.158476167117077,0.2547259398959601,1.0,-0.2575587034225464,0.2023158073425293,0.8407775163650513,-0.29983721851130796,0.00988141666979743,1.0,-0.046673018485307693,-0.3380799889564514,0.8549528121948242,0.1413610513942316,-0.2646073565657565,1.0
18.449,LAND,0.32886168360710144,0.0961327776312828,0.80898118019104,0.15592124274576266,0.2562978073659955,1.0,-0.2575587034225464,0.2023158073425293,0.8407775163650513,-0.29992103348608384,0.006882853524473572,1.0,-0.046673018485307693,-0.3380799889564514,0.8549528121948242,0.1439997907403218,-0.26318066089046804,1.0
18.469,LAND,0.32886168360710144,0.0961327776312828,0.80898118019104,0.15335472485626986,0.25784167305588473,1.0,-0.2575587034225464,0.2023158073425293,0.8407775163650513,-0.2999748014488127,0.0038882509879609524,1.0,-0.051862142980098724,-0.34169384837150574,0.8283827900886536,0.14662007659254345,-0.26172992404384465,1.0
18.489,LAND,0.326517790555954,0.09309636801481247,0.7858314514160156,0.15076550129411484,0.259364152533719,1.0,-0.2575587034225464,0.2023158073425293,0.8407775163650513,-0.29999869557228015,0.0008846778681403464,1.0,-0.051862142980098724,-0.34169384837150574,0.8283827900886536,0.1492331942781659,-0.26024883040185826,1.0
18.509,LAND,0.326517790555954,0.09309636801481247,0.7858314514160156,0.14815491374882406,0.2608641821563062,1.0,-0.2577382028102875,0.20457322895526886,0.8174964189529419,-0.2999924655592245,-0.002126172076178335,1.0,-0.051862142980098724,-0.34169384837150574,0.8283827900886536,0.15183755181040098,-0.2587380100801268,1.0
18.529,LAND,0.326517790555954,0.09309636801481247,0.7858314514160156,0.1455375655032561,0.26233340814197764,1.0,-0.2577382028102875,0.20457322895526886,0.8174964189529419,-0.2999561784639322,-0.005127475140226514,1.0,-0.051862142980098724,-0.34169384837150574,0.8283827900886536,0.15441861296067663,-0.25720593300175004,1.0
18.549,LAND,0.326517790555954,0.09309636801481247,0.7858314514160156,0.14291800629478,0.26376967884259406,1.0,-0.2577382028102875,0.20457322895526886,0.8174964189529419,-0.2998902457731392,-0.008114215311792523,1.0,-0.051862142980098724,-0.34169384837150574,0.8283827900886536,0.1569722394783598,-0.2556554635308005,1.0
18.569,LAND,0.326517790555954,0.09309636801481247,0.7858314514160156,0.1402651804932215,0.26518989260755016,1.0,-0.2577382028102875,0.20457322895526886,0.8174964189529419,-0.29979377407161634,-0.011121736730235034,1.0,-0.05358899012207985,-0.34432026743888855,0.8030268549919128,0.15952859357839536,-0.254068155877314,1.0
18.589,LAND,0.32159024477005005,0.08855082094669342,0.7605973482131958,0.13761346527041043,0.2665755693537379,1.0,-0.2577382028102875,0.20457322895526886,0.8174964189529419,-0.29966794772384275,-0.014111027849885181,1.0,-0.05358899012207985,-0.34432026743888855,0.8030268549919128,0.16205448245343282,-0.25246454150385167,1.0
18.609,LAND,0.32159024477005005,0.08855082094669342,0.7605973482131958,0.13493158110857595,0.267943032041402,1.0,-0.26010528206825256,0.20509803295135498,0.7940795421600342,-0.29951126306917,-0.01711733900787307,1.0,-0.05358899012207985,-0.34432026743888855,0.8030268549919128,0.16457968196059455,-0.25082569303352786,1.0
18.629,LAND,0.32159024477005005,0.08855082094669342,0.7605973482131958,0.1322722547940259,0.269265762048769,1.0,-0.26010528206825256,0.20509803295135498,0.7940795421600342,-0.29932711770062276,-0.020081748156909326,1.0,-0.05358899012207985,-0.34432026743888855,0.8030268549919128,0.16705486290659735,-0.24918401389185854,1.0
18.649,LAND,0.32159024477005005,0.08855082094669342,0.7605973482131958,0.1295656123627574,0.27057855068919207,1.0,-0.26010528206825256,0.20509803295135498,0.7940795421600342,-0.2991107047973945,-0.023082163581560258,1.0,-0.05358899012207985,-0.34432026743888855,0.8030268549919128,0.16954509243463758,-0.2474963871076307,1.0
18.669,LAND,0.32159024477005005,0.08855082094669342,0.7605973482131958,0.12686114185403025,0.2718570409010802,1.0,-0.26010528206825256,0.20509803295135498,0.7940795421600342,-0.29886567454501584,-0.026063548851847897,1.0,-0.04935295134782791,-0.34266701340675354,0.7812219262123108,0.1720045326909861,-0.2457934920492312,1.0
18.689,LAND,0.32159024477005005,0.08855082094669342,0.7605973482131958,0.1241227974018336,0.2731181633746525,1.0,-0.2635000944137573,0.20520161092281342,0.7730953693389893,-0.29858866641831455,-0.029065585948548477,1.0,-0.04935295134782791,-0.34266701340675354,0.7812219262123108,0.17446586901648145,-0.24405257742610287,1.0
18.709,LAND,0.316328227519989,0.08466559648513794,0.7362362146377563,0.12138195841822534,0.2743472620066696,1.0,-0.2635000944137573,0.20520161092281342,0.7730953693389893,-0.29828267756559396,-0.03205377145204453,1.0,-0.04935295134782791,-0.34266701340675354,0.7812219262123108,0.17690071914736907,-0.24229349055462393,1.0
18.729,LAND,0.316328227519989,0.08466559648513794,0.7362362146377563,0.11862763645769778,0.27554942182566866,1.0,-0.2635000944137573,0.20520161092281342,0.7730953693389893,-0.2979466175279923,-0.035040164149562285,1.0,-0.04935295134782791,-0.34266701340675354,0.7812219262123108,0.17931898107029495,-0.24050925767610526,1.0
18.749,LAND,0.316328227519989,0.08466559648513794,0.7362362146377563,0.11587645262885511,0.2767176317587166,1.0,-0.2635000944137573,0.20520161092281342,0.7730953693389893,-0.2975827250925438,-0.03800686420234496,1.0,-0.04935295134782791,-0.34266701340675354,0.7812219262123108,0.18170627246368914,-0.23871076755637055,1.0
18.769,LAND,0.316328227519989,0.08466559648513794,0.7362362146377563,0.11309935769514183,0.27786423895302964,1.0,-0.2635000944137573,0.20520161092281342,0.7730953693389893,-0.29718716858412425,-0.040985202560818244,1.0,-0.048183806240558624,-0.34158891439437866,0.7576112747192383,0.18408781088898285,-0.23687903639221028,1.0
18.789,LAND,0.3109416961669922,0.08183712512254715,0.712467610836029,0.11031604055590213,0.27898095131400735,1.0,-0.2635000944137573,0.20520161092281342,0.7730953693389893,-0.2967626112878312,-0.04395398209067731,1.0,-0.048183806240558624,-0.34158891439437866,0.7576112747192383,0.1864465707319295,-0.2350269692233289,1.0
18.809,LAND,0.3109416961669922,0.08183712512254715,0.712467610836029,0.10752727488294711,0.2800676438938406,1.0,-0.2668447494506836,0.20817327499389648,0.7498881220817566,-0.29630933183159336,-0.04691247029857498,1.0,-0.048183806240558624,-0.34158891439437866,0.7576112747192383,0.18878205694864666,-0.2331551735952645,1.0
18.829,LAND,0.3109416961669922,0.08183712512254715,0.712467610836029,0.10470803366330383,0.2811338252262869,1.0,-0.2668447494506836,0.20817327499389648,0.7498881220817566,-0.29582305134071096,-0.04988709548040542,1.0,-0.048183806240558624,-0.34158891439437866,0.7576112747192383,0.1911150176774075,-0.23124672974588034,1.0
18.849,LAND,0.3109416961669922,0.08183712512254715,0.712467610836029,0.10189087049783978,0.28216706134698366,1.0,-0.2668447494506836,0.20817327499389648,0.7498881220817566,-0.29530927848661,-0.052843448408651454,1.0,-0.048183806240558624,-0.34158891439437866,0.7576112747192383,0.1934184079887706,-0.22932361293833106,1.0
18.869,LAND,0.3109416961669922,0.08183712512254715,0.712467610836029,0.09906236600360825,0.283172469780816,1.0,-0.2668447494506836,0.20817327499389648,0.7498881220817566,-0.2947657354843722,-0.0557957093722906,1.0,-0.048183806240558624,-0.34158891439437866,0.7576112747192383,0.1957033694807643,-0.22737676040852425,1.0
18.889,LAND,0.3066832721233368,0.07930148392915726,0.6896412968635559,0.09622685594835131,0.2841485389620985,1.0,-0.26995253562927246,0.21357543766498566,0.7244060635566711,-0.2941932811635855,-0.058739367703470595,1.0,-0.0486670583486557,-0.34191396832466125,0.7333773970603943,0.19796642521523453,-0.22540917125862678,1.0
18.909,LAND,0.3066832721233368,0.07930148392915726,0.6896412968635559,0.09338890191658919,0.2850938669961416,1.0,-0.26995253562927246,0.21357543766498566,0.7244060635566711,-0.29359298224009533,-0.061669772006770596,1.0,-0.0486670583486557,-0.34191396832466125,0.7333773970603943,0.20020408032350648,-0.22342409498936983,1.0
18.929,LAND,0.3066832721233368,0.07930148392915726,0.6896412968635559,0.090529729957039,0.2860146289858363,1.0,-0.26995253562927246,0.21357543766498566,0.7244060635566711,-0.29296079953423493,-0.06460626855237651,1.0,-0.0486670583486557,-0.34191396832466125,0.7333773970603943,0.20243106957719625,-0.22140836043345863,1.0
18.949,LAND,0.3066832721233368,0.07930148392915726,0.6896412968635559,0.08768012209966748,0.28690102158860886,1.0,-0.26995253562927246,0.21357543766498566,0.7244060635566711,-0.29230363411727683,-0.06751729764907029,1.0,-0.0486670583486557,-0.34191396832466125,0.7333773970603943,0.20462351201760967,-0.2193837239395374,1.0
18.969,LAND,0.3066832721233368,0.07930148392915726,0.6896412968635559,0.08479209621940664,0.2877677890569389,1.0,-0.26995253562927246,0.21357543766498566,0.7244060635566711,-0.29161026382389416,-0.07045178516232813,1.0,-0.051134511828422546,-0.3432616889476776,0.7092596292495728,0.20681816760448785,-0.21731600389460962,1.0
18.989,LAND,0.3066832721233368,0.07930148392915726,0.6896412968635559,0.08191064232012832,0.28860118966266235,1.0,-0.27199381589889526,0.2177773416042328,0.6991856694221497,-0.29089128297034084,-0.07336389774179859,1.0,-0.051134511828422546,-0.3432616889476776,0.7092596292495728,0.2089806406502128,-0.21523729192086258,1.0
19.009,LAND,0.30471062660217285,0.07910981774330139,0.6645638346672058,0.0790153762928975,0.28940727411261075,1.0,-0.27199381589889526,0.2177773416042328,0.6991856694221497,-0.2901417395679764,-0.07627431389706874,1.0,-0.051134511828422546,-0.3432616889476776,0.7092596292495728,0.21112636327507914,-0.21313296021554082,1.0
19.029,LAND,0.30471062660217285,0.07910981774330139,0.6645638346672058,0.07612162409484696,0.29018183669065645,1.0,-0.27199381589889526,0.2177773416042328,0.6991856694221497,-0.2893656543383595,-0.07916765810186041,1.0,-0.051134511828422546,-0.3432616889476776,0.7092596292495728,0.21324403024351277,-0.21101417858879484,1.0
19.049,LAND,0.30471062660217285,0.07910981774330139,0.6645638346672058,0.07321677912518403,0.29092834728594946,1.0,-0.27199381589889526,0.2177773416042328,0.6991856694221497,-0.288559728993246,-0.08205658293729047,1.0,-0.051134511828422546,-0.3432616889476776,0.7092596292495728,0.2153429498680622,-0.2088717643486578,1.0
19.069,LAND,0.30471062660217285,0.07910981774330139,0.6645638346672058,0.07030572875772179,0.2916455117155854,1.0,-0.27199381589889526,0.2177773416042328,0.6991856694221497,-0.28772528642427014,-0.08493620872202676,1.0,-0.051523491740226746,-0.34164464473724365,0.6833488941192627,0.21741955766654864,-0.20670930299355744,1.0
19.089,LAND,0.30268850922584534,0.07693897932767868,0.6391444206237793,0.06738127941028331,0.2923350187456736,1.0,-0.27199381589889526,0.2177773416042328,0.6991856694221497,-0.2868601923546953,-0.0878136096640334,1.0,-0.051523491740226746,-0.34164464473724365,0.6833488941192627,0.21947891294441219,-0.204521409081639,1.0
19.109,LAND,0.30268850922584534,0.07693897932767868,0.6391444206237793,0.06445108400801995,0.2929949790869993,1.0,-0.27195441722869873,0.22304168343544006,0.6726729273796082,-0.2859666370746419,-0.09068121349110868,1.0,-0.051523491740226746,-0.34164464473724365,0.6833488941192627,0.22151555306662218,-0.2023137655958894,1.0
19.129,LAND,0.30268850922584534,0.07693897932767868,0.6391444206237793,0.061528744145447366,0.29362257005190195,1.0,-0.27195441722869873,0.22304168343544006,0.6726729273796082,-0.2850489768621469,-0.09352582953303981,1.0,-0.051523491740226746,-0.34164464473724365,0.6833488941192627,0.22352023271669977,-0.20009674051886095,1.0
19.149,LAND,0.30268850922584534,0.07693897932767868,0.6391444206237793,0.05857567450250642,0.294225917207469,1.0,-0.27195441722869873,0.22304168343544006,0.6726729273796082,-0.2840949560046986,-0.09638493644075484,1.0,-0.051523491740226746,-0.34164464473724365,0.6833488941192627,0.2255192815021924,-0.197840980766713,1.0
19.169,LAND,0.30268850922584534,0.07693897932767868,0.6391444206237793,0.05564178399072992,0.29479483013500923,1.0,-0.27195441722869873,0.22304168343544006,0.6726729273796082,-0.2831207037966016,-0.09921021661964553,1.0,-0.05446445569396019,-0.3412929177284241,0.6556467413902283,0.22747891980587184,-0.19558461351536252,1.0
19.189,LAND,0.30268850922584534,0.07693897932767868,0.6391444206237793,0.05269233781157612,0.29533627873315993,1.0,-0.27254194021224976,0.22724679112434387,0.6453762650489807,-0.2821148889478667,-0.10203523623696302,1.0,-0.05446445569396019,-0.3412929177284241,0.6556467413902283,0.22942255113629073,-0.19330104249619573,1.0
19.209,LAND,0.29871994256973267,0.07603540271520615,0.6093001365661621,0.04973709783067907,0.29584830758241876,1.0,-0.27254194021224976,0.22724679112434387,0.6453762650489807,-0.2810806989483468,-0.10485056355932873,1.0,-0.05446445569396019,-0.3412929177284241,0.6556467413902283,0.23134360111766789,-0.19099774402308883,1.0
19.229,LAND,0.29871994256973267,0.07603540271520615,0.6093001365661621,0.04677579147515584,0.2963309388705012,1.0,-0.27254194021224976,0.22724679112434387,0.6453762650489807,-0.2800180167267258,-0.10765644573564138,1.0,-0.05446445569396019,-0.3412929177284241,0.6556467413902283,0.23324222525157012,-0.18867449313485865,1.0
19.249,LAND,0.29871994256973267,0.07603540271520615,0.6093001365661621,0.043804747100818574,0.2967846763757073,1.0,-0.27254194021224976,0.22724679112434387,0.6453762650489807,-0.27892544274571546,-0.11045631439219135,1.0,-0.05446445569396019,-0.3412929177284241,0.6556467413902283,0.235120695644897,-0.18632836198351477,1.0
19.269,LAND,0.29871994256973267,0.07603540271520615,0.6093001365661621,0.04084521422322878,0.29720644083710324,1.0,-0.27254194021224976,0.22724679112434387,0.6453762650489807,-0.2778109350449029,-0.11323022727821734,1.0,-0.05650218948721886,-0.34073472023010254,0.6285871863365173,0.23696572082167422,-0.1839762135588847,1.0
19.289,LAND,0.2954273521900177,0.07508240640163422,0.5809230804443359,0.03786697369057325,0.2976005583051171,1.0,-0.2708863615989685,0.23412352800369263,0.6171403527259827,-0.2766631305179504,-0.11600651797208447,1.0,-0.05650218948721886,-0.34073472023010254,0.6285871863365173,0.23879615682737723,-0.18159404033303145,1.0
19.309,LAND,0.2954273521900177,0.07508240640163422,0.5809230804443359,0.034889162736187064,0.2979643373351379,1.0,-0.2708863615989685,0.23412352800369263,0.6171403527259827,-0.2754892669221193,-0.11876726742126088,1.0,-0.05650218948721886,-0.34073472023010254,0.6285871863365173,0.24060010418593236,-0.17919706991387582,1.0
19.329,LAND,0.2954273521900177,0.07508240640163422,0.5809230804443359,0.03190277790967954,0.2982988648346582,1.0,-0.2708863615989685,0.23412352800369263,0.6171403527259827,-0.2742857838217146,-0.12152081629625291,1.0,-0.05650218948721886,-0.34073472023010254,0.6285871863365173,0.24238300591203513,-0.17677804853840404,1.0
19.349,LAND,0.2954273521900177,0.07508240640163422,0.5809230804443359,0.028918531469631244,0.29860294462319015,1.0,-0.2708863615989685,0.23412352800369263,0.6171403527259827,-0.2730570014233365,-0.124257289418754,1.0,-0.05650218948721886,-0.34073472023010254,0.6285871863365173,0.24413846995370536,-0.17434565520443493,1.0
19.369,LAND,0.2954273521900177,0.07508240640163422,0.5809230804443359,0.025931037468221996,0.29887720103049287,1.0,-0.2708863615989685,0.23412352800369263,0.6171403527259827,-0.27180076743850673,-0.12698166332127941,1.0,-0.057302605360746384,-0.3409649729728699,0.6029264330863953,0.24586972997028483,-0.17189553770921226,1.0
19.389,LAND,0.2954273521900177,0.07508240640163422,0.5809230804443359,0.02294045105296531,0.2991216068850368,1.0,-0.27123650908470154,0.23873227834701538,0.5927915573120117,-0.27051713590974713,-0.1296937900563763,1.0,-0.057302605360746384,-0.3409649729728699,0.6029264330863953,0.24757668485678183,-0.1694278168286593,1.0
19.409,LAND,0.2917233407497406,0.07190551608800888,0.5501622557640076,0.01997147771778553,0.2993344953021084,1.0,-0.27123650908470154,0.23873227834701538,0.5927915573120117,-0.2692170160195127,-0.13237144059633643,1.0,-0.057302605360746384,-0.3409649729728699,0.6029264330863953,0.24924553830172724,-0.16696305470577083,1.0
19.429,LAND,0.2917233407497406,0.07190551608800888,0.5501622557640076,0.016959869760339728,0.2995202210497854,1.0,-0.27123650908470154,0.23873227834701538,0.5927915573120117,-0.26787205525641494,-0.13507243246756234,1.0,-0.057302605360746384,-0.3409649729728699,0.6029264330863953,0.2509121854960752,-0.16444778858222184,1.0
19.449,LAND,0.2917233407497406,0.07190551608800888,0.5501622557640076,0.013960478557870687,0.2996749990213318,1.0,-0.27123650908470154,0.23873227834701538,0.5927915573120117,-0.2665064013104858,-0.1377473704305613,1.0,-0.057302605360746384,-0.3409649729728699,0.6029264330863953,0.25254592275261517,-0.16192762859076934,1.0
19.469,LAND,0.2917233407497406,0.07190551608800888,0.5501622557640076,0.010964584387880767,0.29979956285692116,1.0,-0.27123650908470154,0.23873227834701538,0.5927915573120117,-0.2651163296715041,-0.14040417280661693,1.0,-0.0590488538146019,-0.34160616993904114,0.5786902904510498,0.25415174528362333,-0.159395390050303,1.0
19.489,LAND,0.29063570499420166,0.07286397367715836,0.5297221541404724,0.00796019458034872,0.2998943735755024,1.0,-0.27276548743247986,0.24397851526737213,0.5678819417953491,-0.26369624325858043,-0.14305345606210135,1.0,-0.0590488538146019,-0.34160616993904114,0.5786902904510498,0.25573604867823174,-0.15684091751339982,1.0
19.509,LAND,0.29063570499420166,0.07286397367715836,0.5297221541404724,0.004964195407170353,0.29995892512802386,1.0,-0.27276548743247986,0.24397851526737213,0.5678819417953491,-0.2622541469563286,-0.14568034323205173,1.0,-0.0590488538146019,-0.34160616993904114,0.5786902904510498,0.25728995154915824,-0.1542785818959709,1.0
19.529,LAND,0.29063570499420166,0.07286397367715836,0.5297221541404724,0.001961907460574398,0.29999358479660215,1.0,-0.27276548743247986,0.24397851526737213,0.5678819417953491,-0.2607830191365062,-0.1482977306975688,1.0,-0.0590488538146019,-0.34160616993904114,0.5786902904510498,0.25882111167593175,-0.15169585409903216,1.0
19.549,LAND,0.29063570499420166,0.07286397367715836,0.5297221541404724,-0.0010447969856791919,0.2999981806599145,1.0,-0.27276548743247986,0.24397851526737213,0.5678819417953491,-0.2592836470477602,-0.1509039110613522,1.0,-0.0590488538146019,-0.34160616993904114,0.5786902904510498,0.26032844403343935,-0.1490942695985611,1.0
19.569,LAND,0.29063570499420166,0.07286397367715836,0.5297221541404724,-0.004040203750155848,0.29997279335575955,1.0,-0.27276548743247986,0.24397851526737213,0.5678819417953491,-0.25776395761519005,-0.15348531576197927,1.0,-0.05863538011908531,-0.3412899971008301,0.5534131526947021,0.2618041613653459,-0.14648747759377906,1.0
19.589,LAND,0.2919290363788605,0.07451559603214264,0.5061684846878052,-0.007036351795961087,0.29991747157076976,1.0,-0.27276548743247986,0.24397851526737213,0.5678819417953491,-0.2562179735211036,-0.1560523951906508,1.0,-0.05863538011908531,-0.3412899971008301,0.5534131526947021,0.2632543253170646,-0.14386507638011772,1.0
19.609,LAND,0.2919290363788605,0.07451559603214264,0.5061684846878052,-0.010041233863732818,0.2998319089464859,1.0,-0.27443927526474,0.2528429329395294,0.5474637150764465,-0.2546414330809735,-0.1586119180845755,1.0,-0.05863538011908531,-0.3412899971008301,0.5534131526947021,0.2646826669447062,-0.14121999086190917,1.0
19.629,LAND,0.2919290363788605,0.07451559603214264,0.5061684846878052,-0.013032245282863881,0.29971680063501155,1.0,-0.27443927526474,0.2528429329395294,0.5474637150764465,-0.25304624064948444,-0.16114465580081522,1.0,-0.05863538011908531,-0.3412899971008301,0.5534131526947021,0.26607848593234823,-0.13857214483419517,1.0
19.649,LAND,0.2919290363788605,0.07451559603214264,0.5061684846878052,-0.016028851719711624,0.29957148714880644,1.0,-0.27443927526474,0.2528429329395294,0.5474637150764465,-0.25142209226049445,-0.16366713635716676,1.0,-0.05863538011908531,-0.3412899971008301,0.5534131526947021,0.26745094398020597,-0.13590435079163846,1.0
19.669,LAND,0.2919290363788605,0.07451559603214264,0.5061684846878052,-0.01902399789817562,0.2993962048923971,1.0,-0.27443927526474,0.2528429329395294,0.5474637150764465,-0.24977272028437927,-0.1661733679075598,1.0,-0.060167066752910614,-0.34169644117355347,0.5291352272033691,0.2687967181825548,-0.13322283698483608,1.0
19.689,LAND,0.2946675717830658,0.0761081874370575,0.4819429814815521,-0.022017918993943956,0.29919092774209605,1.0,-0.27632448077201843,0.2633296847343445,0.524616539478302,-0.24809798450951792,-0.16866354105827078,1.0,-0.060167066752910614,-0.34169644117355347,0.5291352272033691,0.27011590350346176,-0.13052738668382402,1.0
19.709,LAND,0.2946675717830658,0.0761081874370575,0.4819429814815521,-0.02500810445565079,0.29895584073828574,1.0,-0.27632448077201843,0.2633296847343445,0.524616539478302,-0.24639930046126524,-0.17113557412823066,1.0,-0.060167066752910614,-0.34169644117355347,0.5291352272033691,0.2714074049169159,-0.12782026661005386,1.0
19.729,LAND,0.2946675717830658,0.0761081874370575,0.4819429814815521,-0.02800006289069994,0.29869046934597165,1.0,-0.27632448077201843,0.2633296847343445,0.524616539478302,-0.24467350287655906,-0.17359400044389334,1.0,-0.060167066752910614,-0.34169644117355347,0.5291352272033691,0.2726735657672589,-0.12509646890207715,1.0
19.75,LAND,0.2946675717830658,0.0761081874370575,0.4819429814815521,-0.03097598178222759,0.29839652905593106,1.0,-0.27632448077201843,0.2633296847343445,0.524616539478302,-0.2429309836724243,-0.176024251658538,1.0,-0.060167066752910614,-0.34169644117355347,0.5291352272033691,0.2739069654546517,-0.12237227739739184,1.0
19.769,LAND,0.2946675717830658,0.0761081874370575,0.4819429814815521,-0.03396314265316558,0.2980713084835921,1.0,-0.27632448077201843,0.2633296847343445,0.524616539478302,-0.24115575395947647,-0.17844859857179168,1.0,-0.062081336975097656,-0.3427920639514923,0.5041439533233643,0.27511889661264183,-0.11962270991179924,1.0
19.789,LAND,0.293651282787323,0.0772501677274704,0.45771801471710205,-0.03694118232154072,0.2977168941270997,1.0,-0.27632448077201843,0.2633296847343445,0.524616539478302,-0.23935980228910056,-0.18085044939983613,1.0,-0.062081336975097656,-0.3427920639514923,0.5041439533233643,0.27630098461064106,-0.11686644472726238,1.0
19.809,LAND,0.293651282787323,0.0772501677274704,0.45771801471710205,-0.03991829489353756,0.2973323556776029,1.0,-0.2775578200817108,0.28145742416381836,0.5006465315818787,-0.23753822593710605,-0.18323643529236303,1.0,-0.062081336975097656,-0.3427920639514923,0.5041439533233643,0.2774565208306434,-0.11409592038523868,1.0
19.829,LAND,0.293651282787323,0.0772501677274704,0.45771801471710205,-0.04288528731499817,0.29691893191898366,1.0,-0.2775578200817108,0.28145742416381836,0.5006465315818787,-0.23569669424888343,-0.1855992142228742,1.0,-0.062081336975097656,-0.3427920639514923,0.5041439533233643,0.2785819815638814,-0.11131971769610827,1.0
19.849,LAND,0.293651282787323,0.0772501677274704,0.45771801471710205,-0.04585560227582843,0.29647472698346655,1.0,-0.2775578200817108,0.28145742416381836,0.5006465315818787,-0.2338268440098241,-0.18794947996843564,1.0,-0.062081336975097656,-0.3427920639514923,0.5041439533233643,0.27968244628565225,-0.10852524701502972,1.0
19.869,LAND,0.293651282787323,0.0772501677274704,0.45771801471710205,-0.04879591530798126,0.2960049976761479,1.0,-0.2775578200817108,0.28145742416381836,0.5006465315818787,-0.23194988998070762,-0.19026100109569913,1.0,-0.06300433725118637,-0.34243202209472656,0.47773513197898865,0.28074580528868864,-0.10574399658044757,1.0
19.889,LAND,0.29146987199783325,0.07941709458827972,0.43339812755584717,-0.051779716979757646,0.2954976495837085,1.0,-0.27373847365379333,0.2952916622161865,0.4714888632297516,-0.23001861280820537,-0.19259137509709226,1.0,-0.06300433725118637,-0.34243202209472656,0.47773513197898865,0.28179832978796276,-0.10290627448661506,1.0
19.909,LAND,0.29146987199783325,0.07941709458827972,0.43339812755584717,-0.05472846586190537,0.2949657522906723,1.0,-0.27373847365379333,0.2952916622161865,0.4714888632297516,-0.228083601799158,-0.19487911789189505,1.0,-0.06300433725118637,-0.34243202209472656,0.47773513197898865,0.2828120676610631,-0.10008663439877606,1.0
19.929,LAND,0.29146987199783325,0.07941709458827972,0.43339812755584717,-0.05767501915498907,0.2944037910174929,1.0,-0.27373847365379333,0.2952916622161865,0.4714888632297516,-0.22612365241409974,-0.19714992726072053,1.0,-0.06300433725118637,-0.34243202209472656,0.47773513197898865,0.28379867156908856,-0.09725386375677118,1.0
19.949,LAND,0.29146987199783325,0.07941709458827972,0.43339812755584717,-0.06061622654464535,0.2938123092715624,1.0,-0.27373847365379333,0.2952916622161865,0.4714888632297516,-0.224140810501421,-0.19940134670499612,1.0,-0.06300433725118637,-0.34243202209472656,0.47773513197898865,0.2847570370460661,-0.09441096256656506,1.0
19.969,LAND,0.29146987199783325,0.07941709458827972,0.43339812755584717,-0.06355137194016079,0.2931914444940768,1.0,-0.27373847365379333,0.2952916622161865,0.4714888632297516,-0.22213555313404582,-0.20163282479257066,1.0,-0.06470300257205963,-0.3430965542793274,0.4522378742694855,0.2856869250742063,-0.09155861970150499,1.0
19.989,LAND,0.29141300916671753,0.07998751103878021,0.40933072566986084,-0.06648162650087072,0.2925409259194322,1.0,-0.2659350335597992,0.30297765135765076,0.44583040475845337,-0.22010706024241497,-0.20384524039437837,1.0,-0.06470300257205963,-0.3430965542793274,0.4522378742694855,0.2865886867432854,-0.08869568552505266,1.0
20.009,LAND,0.29141300916671753,0.07998751103878021,0.40933072566986084,-0.06938441970708574,0.29186606911717394,1.0,-0.2659350335597992,0.30297765135765076,0.44583040475845337,-0.2180712205046351,-0.20602170465176434,1.0,-0.06470300257205963,-0.3430965542793274,0.4522378742694855,0.2874556402117205,-0.08584436446540845,1.0
20.029,LAND,0.29141300916671753,0.07998751103878021,0.40933072566986084,-0.07230025395909717,0.2911574716153615,1.0,-0.2659350335597992,0.30297765135765076,0.44583040475845337,-0.2159996399410016,-0.20819259243632482,1.0,-0.06470300257205963,-0.3430965542793274,0.4522378742694855,0.28829989390009847,-0.08296487917903554,1.0
20.049,LAND,0.29141300916671753,0.07998751103878021,0.40933072566986084,-0.07520996267471675,0.29041945787854456,1.0,-0.2659350335597992,0.30297765135765076,0.44583040475845337,-0.21390564693876643,-0.2103434672332559,1.0,-0.06470300257205963,-0.3430965542793274,0.4522378742694855,0.28911560961348287,-0.0800759906452875,1.0
20.069,LAND,0.29141300916671753,0.07998751103878021,0.40933072566986084,-0.07813254773855205,0.2896468625479704,1.0,-0.2659350335597992,0.30297765135765076,0.44583040475845337,-0.2117752672237264,-0.21248820247797118,1.0,-0.0646490529179573,-0.3429673910140991,0.425906240940094,0.2899078149622781,-0.07715866006999811,1.0
20.089,LAND,0.2938317060470581,0.08163808286190033,0.38495373725891113,-0.0810143497943431,0.28885407237461586,1.0,-0.2557500898838043,0.3010752499103546,0.42541950941085815,-0.20964778976583512,-0.21458752118028715,1.0,-0.0646490529179573,-0.3429673910140991,0.425906240940094,0.2906621395601779,-0.07426655119432755,1.0
20.109,LAND,0.2938317060470581,0.08163808286190033,0.38495373725891113,-0.08390462601282167,0.2880278002791545,1.0,-0.2557500898838043,0.3010752499103546,0.42541950941085815,-0.20748707903148814,-0.21667743776171297,1.0,-0.0646490529179573,-0.3429673910140991,0.425906240940094,0.29139170504430945,-0.07135036251744041,1.0
20.129,LAND,0.2938317060470581,0.08163808286190033,0.38495373725891113,-0.08677637883499499,0.28717566066135447,1.0,-0.2557500898838043,0.3010752499103546,0.42541950941085815,-0.20531322806381552,-0.21873837885020472,1.0,-0.0646490529179573,-0.3429673910140991,0.425906240940094,0.2920896068988101,-0.06843728181114865,1.0
20.149,LAND,0.2938317060470581,0.08163808286190033,0.38495373725891113,-0.0896463057263956,0.2862927520382058,1.0,-0.2557500898838043,0.3010752499103546,0.42541950941085815,-0.2031136433212481,-0.2207823541335874,1.0,-0.0646490529179573,-0.3429673910140991,0.425906240940094,0.2927599490476433,-0.06551039790461727,1.0
20.169,LAND,0.2938317060470581,0.08163808286190033,0.38495373725891113,-0.09249990367295367,0.2853835451116519,1.0,-0.2557500898838043,0.3010752499103546,0.42541950941085815,-0.20089944805227666,-0.22279903898421688,1.0,-0.06509637832641602,-0.34291785955429077,0.3998720645904541,0.2933993517252299,-0.06258450612743394,1.0
20.189,LAND,0.2980876863002777,0.08344922214746475,0.3603069484233856,-0.09536093174881698,0.2844403148219279,1.0,-0.24779288470745087,0.2900732755661011,0.4031049609184265,-0.19865207262182502,-0.22480514683399297,1.0,-0.06509637832641602,-0.34291785955429077,0.3998720645904541,0.2940130043706416,-0.059635167987933786,1.0
20.209,LAND,0.2980876863002777,0.08344922214746475,0.3603069484233856,-0.09819730648123717,0.2834736125282739,1.0,-0.24779288470745087,0.2900732755661011,0.4031049609184265,-0.19639669651141387,-0.22677816826009417,1.0,-0.06509637832641602,-0.34291785955429077,0.3998720645904541,0.29459400299265065,-0.0566954442681786,1.0
20.229,LAND,0.2980876863002777,0.08344922214746475,0.3603069484233856,-0.10102479301158482,0.28247830217021347,1.0,-0.24779288470745087,0.2900732755661011,0.4031049609184265,-0.19412098919150997,-0.22872918824520333,1.0,-0.06509637832641602,-0.34291785955429077,0.3998720645904541,0.29514578220309434,-0.05374911392500902,1.0
20.249,LAND,0.2980876863002777,0.08344922214746475,0.3603069484233856,-0.10384923943059629,0.28145219037997676,1.0,-0.24779288470745087,0.2900732755661011,0.4031049609184265,-0.19182012710453647,-0.23066217470057693,1.0,-0.06509637832641602,-0.34291785955429077,0.3998720645904541,0.2956693665351323,-0.05079001567939872,1.0
20.269,LAND,0.2980876863002777,0.08344922214746475,0.3603069484233856,-0.10665531040688368,0.28040086441024265,1.0,-0.24779288470745087,0.2900732755661011,0.4031049609184265,-0.18950661661894475,-0.23256664046599693,1.0,-0.06466992944478989,-0.3421177566051483,0.37469911575317383,0.29616192702582794,-0.047834223944244594,1.0
20.289,LAND,0.3030460774898529,0.0860828384757042,0.33574846386909485,-0.10945084025158568,0.2793215236393749,1.0,-0.24454645812511444,0.2768104374408722,0.37620168924331665,-0.187174115169682,-0.23444796994311257,1.0,-0.06466992944478989,-0.3421177566051483,0.37469911575317383,0.2966249554212672,-0.04487355369626121,1.0
20.309,LAND,0.3030460774898529,0.0860828384757042,0.33574846386909485,-0.11223873277843492,0.2782129883098398,1.0,-0.24454645812511444,0.2768104374408722,0.37620168924331665,-0.18482014914988745,-0.23630808802961725,1.0,-0.06466992944478989,-0.3421177566051483,0.37469911575317383,0.2970588819283219,-0.04190490028022144,1.0
20.329,LAND,0.3030460774898529,0.0860828384757042,0.33574846386909485,-0.11501034631567841,0.2770787257086832,1.0,-0.24454645812511444,0.2768104374408722,0.37620168924331665,-0.18245204215410146,-0.23814124446176468,1.0,-0.06466992944478989,-0.3421177566051483,0.37469911575317383,0.2974623884697794,-0.03893748124691742,1.0
20.349,LAND,0.3030460774898529,0.0860828384757042,0.33574846386909485,-0.11777668284692187,0.2759142130764118,1.0,-0.24454645812511444,0.2768104374408722,0.37620168924331665,-0.18006037636590483,-0.23995470585710274,1.0,-0.06466992944478989,-0.3421177566051483,0.37469911575317383,0.29783705921282616,-0.03595950721930796,1.0
20.369,LAND,0.3030460774898529,0.0860828384757042,0.33574846386909485,-0.1205295600921548,0.2747228151136917,1.0,-0.24454645812511444,0.2768104374408722,0.37620168924331665,-0.17765215684155575,-0.24174306850361454,1.0,-0.06327209621667862,-0.34001827239990234,0.34706002473831177,0.29818171693371004,-0.03297974661007607,1.0
20.389,LAND,0.30715957283973694,0.08987373113632202,0.3092411756515503,-0.12327240883599791,0.273503040604251,1.0,-0.24271038174629211,0.26007816195487976,0.34770557284355164,-0.17522437675756986,-0.24350855793980056,1.0,-0.06327209621667862,-0.34001827239990234,0.34706002473831177,0.29849678559356724,-0.02999448266444935,1.0
20.409,LAND,0.30715957283973694,0.08987373113632202,0.3092411756515503,-0.12599824157717757,0.2722580450959332,1.0,-0.24271038174629211,0.26007816195487976,0.34770557284355164,-0.1727832626491793,-0.2452467005859706,1.0,-0.06327209621667862,-0.34001827239990234,0.34706002473831177,0.2987815042263563,-0.027011344509961507,1.0
20.429,LAND,0.30715957283973694,0.08987373113632202,0.3092411756515503,-0.128714538815863,0.2709844414305362,1.0,-0.24271038174629211,0.26007816195487976,0.34770557284355164,-0.17032214090124978,-0.2469622811662032,1.0,-0.06327209621667862,-0.34001827239990234,0.34706002473831177,0.2990366797171122,-0.024022160264331887,1.0
20.449,LAND,0.30715957283973694,0.08987373113632202,0.3092411756515503,-0.13141834990427098,0.2696835503111723,1.0,-0.24271038174629211,0.26007816195487976,0.34770557284355164,-0.16784363060011906,-0.24865340469611666,1.0,-0.06327209621667862,-0.34001827239990234,0.34706002473831177,0.2992619805043895,-0.021030145615054573,1.0
20.469,LAND,0.30715957283973694,0.08987373113632202,0.3092411756515503,-0.1340953867836667,0.2683624922438656,1.0,-0.24271038174629211,0.26007816195487976,0.34770557284355164,-0.16536104231425927,-0.2503112576068878,1.0,-0.06217920035123825,-0.33940720558166504,0.3229026198387146,0.29945642909792536,-0.018051234636976717,1.0
20.489,LAND,0.30853408575057983,0.0934545025229454,0.2789788842201233,-0.1367895112132179,0.26699930640743047,1.0,-0.24153903126716614,0.24674585461616516,0.32308200001716614,-0.16283342653505167,-0.2519628448856179,1.0,-0.06217920035123825,-0.33940720558166504,0.3229026198387146,0.299622937748269,-0.01503646152181152,1.0
20.509,LAND,0.30853408575057983,0.0934545025229454,0.2789788842201233,-0.13943437895067595,0.2656276603944689,1.0,-0.24153903126716614,0.24674585461616516,0.32308200001716614,-0.1603231123740983,-0.2535675445294256,1.0,-0.06217920035123825,-0.33940720558166504,0.3229026198387146,0.29975749132477364,-0.012060115865042213,1.0
20.529,LAND,0.30853408575057983,0.0934545025229454,0.2789788842201233,-0.14209318074837268,0.2642149276343225,1.0,-0.24153903126716614,0.24674585461616516,0.32308200001716614,-0.1577702490162047,-0.2551637680497856,1.0,-0.06217920035123825,-0.33940720558166504,0.3229026198387146,0.29986342976457675,-0.009051159584535926,1.0
20.549,LAND,0.30853408575057983,0.0934545025229454,0.2789788842201233,-0.14473626090049088,0.2627763588691818,1.0,-0.24153903126716614,0.24674585461616516,0.32308200001716614,-0.1552028718444429,-0.256733458223188,1.0,-0.06217920035123825,-0.33940720558166504,0.3229026198387146,0.2999391327449332,-0.006042900645992749,1.0
20.569,LAND,0.30853408575057983,0.0934545025229454,0.2789788842201233,-0.14735066690893792,0.26131930843604195,1.0,-0.24153903126716614,0.24674585461616516,0.32308200001716614,-0.15263382615052518,-0.25826907502573987,1.0,-0.06002512946724892,-0.33623382449150085,0.29754725098609924,0.29998449305946245,-0.0030502334103010326,1.0
20.589,LAND,0.30924367904663086,0.0980178713798523,0.2523782551288605,-0.14996378738205154,0.2598285251353878,1.0,-0.2417629510164261,0.23925679922103882,0.3010856807231903,-0.1500362097040642,-0.2597867120882784,1.0,-0.06002512946724892,-0.33623382449150085,0.29754725098609924,0.29999999708611513,-4.1813047108331377e-05,1.0
20.609,LAND,0.30924367904663086,0.0980178713798523,0.2523782551288605,-0.15255495984948453,0.2583156677890874,1.0,-0.2417629510164261,0.23925679922103882,0.3010856807231903,-0.14743045057614967,-0.261274304597512,1.0,-0.06002512946724892,-0.33623382449150085,0.29754725098609924,0.2999854104256336,0.002958636808425634,1.0
20.629,LAND,0.30924367904663086,0.0980178713798523,0.2523782551288605,-0.15512502529629693,0.2567805026220317,1.0,-0.2417629510164261,0.23925679922103882,0.3010856807231903,-0.1448159258190683,-0.2627324639803123,1.0,-0.06002512946724892,-0.33623382449150085,0.29754725098609924,0.29994095111536456,0.005951961358281619,1.0
20.649,LAND,0.30924367904663086,0.0980178713798523,0.2523782551288605,-0.15768776707169527,0.25521474901725955,1.0,-0.2417629510164261,0.23925679922103882,0.3010856807231903,-0.1421785725335694,-0.2641689866587608,1.0,-0.06002512946724892,-0.33623382449150085,0.29754725098609924,0.29986633960526393,0.008954237641502277,1.0
20.669,LAND,0.30924367904663086,0.0980178713798523,0.2523782551288605,-0.16023107824967872,0.25362571155729724,1.0,-0.2417629510164261,0.23925679922103882,0.3010856807231903,-0.1395307701366852,-0.26557704001864224,1.0,-0.059273045510053635,-0.33122026920318604,0.27352964878082275,0.2997618483863632,0.011951328461346044,1.0
20.689,LAND,0.3030295968055725,0.10695060342550278,0.22718125581741333,-0.16275591448300528,0.25201292090049804,1.0,-0.24744188785552979,0.23288068175315857,0.27455756068229675,-0.1368716343402476,-0.2669572170086989,1.0,-0.059273045510053635,-0.33122026920318604,0.27352964878082275,0.2996275488232522,0.014944296108201879,1.0
20.709,LAND,0.3030295968055725,0.10695060342550278,0.22718125581741333,-0.16526374269884084,0.25037550868479796,1.0,-0.24744188785552979,0.23288068175315857,0.27455756068229675,-0.1341996796570666,-0.26831035384408986,1.0,-0.059273045510053635,-0.33122026920318604,0.27352964878082275,0.2994634223559067,0.017934845159292886,1.0
20.729,LAND,0.3030295968055725,0.10695060342550278,0.22718125581741333,-0.16776500164392164,0.24870646196553675,1.0,-0.24744188785552979,0.23288068175315857,0.27455756068229675,-0.13150361332554292,-0.26964198427234226,1.0,-0.059273045510053635,-0.33122026920318604,0.27352964878082275,0.29926861496946383,0.02093552230680653,1.0
20.749,LAND,0.3030295968055725,0.10695060342550278,0.22718125581741333,-0.17024890518844038,0.24701277352019152,1.0,-0.24744188785552979,0.23288068175315857,0.27455756068229675,-0.1287948843335184,-0.27094626361977314,1.0,-0.059273045510053635,-0.33122026920318604,0.27352964878082275,0.2990437895219581,0.02393349009958261,1.0
20.769,LAND,0.3030295968055725,0.10695060342550278,0.22718125581741333,-0.1727059152913441,0.24530117574805682,1.0,-0.24744188785552979,0.23288068175315857,0.27455756068229675,-0.1260840921303371,-0.27221829790017543,1.0,-0.059273045510053635,-0.33122026920318604,0.27352964878082275,0.29879000742168044,0.026917122152119565,1.0
20.789,LAND,0.3030295968055725,0.10695060342550278,0.22718125581741333,-0.17515027765374636,0.24356186121356427,1.0,-0.2553291618824005,0.23223143815994263,0.24836957454681396,-0.12335562037709391,-0.27346552053482404,1.0,-0.05893826112151146,-0.3249787390232086,0.243027001619339,0.29850589803083954,0.029903659321260743,1.0
20.809,LAND,0.2991830110549927,0.11301638185977936,0.2030346691608429,-0.17757695180257388,0.24179831717467834,1.0,-0.2553291618824005,0.23223143815994263,0.24836957454681396,-0.12061500936431231,-0.2746853099749727,1.0,-0.05893826112151146,-0.3249787390232086,0.243027001619339,0.29819196116688546,0.03288699280029532,1.0
20.829,LAND,0.2991830110549927,0.11301638185977936,0.2030346691608429,-0.17998578472036325,0.24001066080196326,1.0,-0.2553291618824005,0.23223143815994263,0.24836957454681396,-0.1178624370734092,-0.27587759228889297,1.0,-0.05893826112151146,-0.3249787390232086,0.243027001619339,0.2978482217937717,0.03586693148693066,1.0
20.849,LAND,0.2991830110549927,0.11301638185977936,0.2030346691608429,-0.18237724737786207,0.23819852988394807,1.0,-0.2553291618824005,0.23223143815994263,0.24836957454681396,-0.11509735433467545,-0.2770425942434812,1.0,-0.05893826112151146,-0.3249787390232086,0.243027001619339,0.29747460171253676,0.03884406435953406,1.0
20.869,LAND,0.2991830110549927,0.11301638185977936,0.2030346691608429,-0.1847398718169612,0.23637085218159354,1.0,-0.2553291618824005,0.23223143815994263,0.24836957454681396,-0.11233322679495648,-0.2781748481761658,1.0,-0.058646731078624725,-0.32097339630126953,0.22017206251621246,0.2970730986119169,0.04180399599457314,1.0
20.889,LAND,0.29579493403434753,0.11682072281837463,0.18019288778305054,-0.18709153413674992,0.2345138756115666,1.0,-0.2633391320705414,0.2307225912809372,0.2188728153705597,-0.10954920675118632,-0.279282959201212,1.0,-0.058646731078624725,-0.32097339630126953,0.22017206251621246,0.29664074088793546,0.04476908358964628,1.0
20.909,LAND,0.29579493403434753,0.11682072281837463,0.18019288778305054,-0.1894259182282874,0.2326323741515144,1.0,-0.2633391320705414,0.2307225912809372,0.2188728153705597,-0.10675258664375485,-0.2803638443966475,1.0,-0.058646731078624725,-0.32097339630126953,0.22017206251621246,0.29617850487204145,0.047731470245134085,1.0
20.929,LAND,0.29579493403434753,0.11682072281837463,0.18019288778305054,-0.1917590396147484,0.23071296176424366,1.0,-0.2633391320705414,0.2307225912809372,0.2188728153705597,-0.10392376606280936,-0.2814246805938002,1.0,-0.058646731078624725,-0.32097339630126953,0.22017206251621246,0.29568280567755695,0.05071171882955747,1.0
20.949,LAND,0.29579493403434753,0.11682072281837463,0.18019288778305054,-0.19405370430266863,0.22878627547650762,1.0,-0.2633391320705414,0.2307225912809372,0.2188728153705597,-0.10110787444854669,-0.28244857536283824,1.0,-0.058646731078624725,-0.32097339630126953,0.22017206251621246,0.2951615787512145,0.053662299886331526,1.0
20.969,LAND,0.29579493403434753,0.11682072281837463,0.18019288778305054,-0.19633258129913686,0.22683367810009564,1.0,-0.2633391320705414,0.2307225912809372,0.2188728153705597,-0.09827743701897697,-0.2834458420456737,1.0,-0.05824330449104309,-0.31735721230506897,0.19304999709129333,0.294610018318113,0.056612163945578955,1.0
20.989,LAND,0.29111161828041077,0.1180822029709816,0.15230633318424225,-0.19859111519359934,0.2248589979657531,1.0,-0.266239196062088,0.2287350445985794,0.19485938549041748,-0.09543804691105663,-0.28441444970641516,1.0,-0.05824330449104309,-0.31735721230506897,0.19304999709129333,0.29402916210465513,0.059555451740662915,1.0
21.009,LAND,0.29111161828041077,0.1180822029709816,0.15230633318424225,-0.20082641517547548,0.22286487154275245,1.0,-0.266239196062088,0.2287350445985794,0.19485938549041748,-0.09259343277944222,-0.28535321306429845,1.0,-0.05824330449104309,-0.31735721230506897,0.19304999709129333,0.2934198479549168,0.062488341521546864,1.0
21.029,LAND,0.29111161828041077,0.1180822029709816,0.15230633318424225,-0.20304787933812074,0.22084283709527905,1.0,-0.266239196062088,0.2287350445985794,0.19485938549041748,-0.08973156749928037,-0.2862660402390093,1.0,-0.05824330449104309,-0.31735721230506897,0.19304999709129333,0.29277944683740026,0.06542320314373111,1.0
21.049,LAND,0.29111161828041077,0.1180822029709816,0.15230633318424225,-0.20524590784077865,0.2188015477884345,1.0,-0.266239196062088,0.2287350445985794,0.19485938549041748,-0.0868647448517505,-0.28714894410713104,1.0,-0.05824330449104309,-0.31735721230506897,0.19304999709129333,0.29211065269252834,0.06834739631869743,1.0
21.069,LAND,0.29111161828041077,0.1180822029709816,0.15230633318424225,-0.2074143209902502,0.21674708636600737,1.0,-0.266239196062088,0.2287350445985794,0.19485938549041748,-0.08400132249409772,-0.2879996142692601,1.0,-0.05751532316207886,-0.3160700500011444,0.1695786714553833,0.29141564348434706,0.07125252790325357,1.0
21.089,LAND,0.28369957208633423,0.11514325439929962,0.12099625915288925,-0.20958438224700207,0.21464945077531067,1.0,-0.2641231119632721,0.22542570531368256,0.17059990763664246,-0.0810996861562961,-0.2888301246500272,1.0,-0.05751532316207886,-0.3160700500011444,0.1695786714553833,0.29068406840329725,0.07418067387471738,1.0
21.109,LAND,0.28369957208633423,0.11514325439929962,0.12099625915288925,-0.21171635652357987,0.2125468992490373,1.0,-0.2641231119632721,0.22542570531368256,0.17059990763664246,-0.0782128359834887,-0.2896251927706219,1.0,-0.05751532316207886,-0.3160700500011444,0.1695786714553833,0.28992919250706767,0.0770782935215854,1.0
21.129,LAND,0.28369957208633423,0.11514325439929962,0.12099625915288925,-0.2138367207436138,0.21041353773371552,1.0,-0.2641231119632721,0.22542570531368256,0.17059990763664246,-0.07530510860574699,-0.29039480129278594,1.0,-0.05751532316207886,-0.3160700500011444,0.1695786714553833,0.2891418293493599,0.07998126355907127,1.0
21.149,LAND,0.28369957208633423,0.11514325439929962,0.12099625915288925,-0.21592806666043562,0.2082668241182125,1.0,-0.2641231119632721,0.22542570531368256,0.17059990763664246,-0.07240032712166057,-0.291132603177103,1.0,-0.05751532316207886,-0.3160700500011444,0.1695786714553833,0.2883283937820953,0.0828657790588913,1.0
21.169,LAND,0.28369957208633423,0.11514325439929962,0.12099625915288925,-0.21799648683298317,0.20610078051399272,1.0,-0.2641231119632721,0.22542570531368256,0.17059990763664246,-0.06949026824842763,-0.29184088579011946,1.0,-0.055677711963653564,-0.315606951713562,0.14769679307937622,0.28748675508140986,0.08574010527612758,1.0
21.189,LAND,0.27447599172592163,0.10906702280044556,0.0908023789525032,-0.22003644619825466,0.2039214612159362,1.0,-0.26044413447380066,0.2219730168581009,0.14547590911388397,-0.06658294269071728,-0.29251788277410434,1.0,-0.055677711963653564,-0.315606951713562,0.14769679307937622,0.28661938888897104,0.08859642155816895,1.0
21.209,LAND,0.27447599172592163,0.10906702280044556,0.0908023789525032,-0.22207943479440095,0.2016946321581202,1.0,-0.26044413447380066,0.2219730168581009,0.14547590911388397,-0.06363295785869011,-0.2931737482691009,1.0,-0.055677711963653564,-0.315606951713562,0.14769679307937622,0.2857123926530901,0.09147911611098151,1.0
21.229,LAND,0.27447599172592163,0.10906702280044556,0.0908023789525032,-0.22408067629634232,0.19946892116461112,1.0,-0.26044413447380066,0.2219730168581009,0.14547590911388397,-0.06070481484585827,-0.29379401875213534,1.0,-0.055677711963653564,-0.315606951713562,0.14769679307937622,0.28478549114219964,0.09432509758752501,1.0
21.249,LAND,0.27447599172592163,0.10906702280044556,0.0908023789525032,-0.22606464366655185,0.19721758766376526,1.0,-0.26044413447380066,0.2219730168581009,0.14547590911388397,-0.05776311915663,-0.29438651814459327,1.0,-0.055677711963653564,-0.315606951713562,0.14769679307937622,0.28382776282318095,0.09716893048082882,1.0
21.269,LAND,0.27447599172592163,0.10906702280044556,0.0908023789525032,-0.22803059428988204,0.19494114000847337,1.0,-0.26044413447380066,0.2219730168581009,0.14547590911388397,-0.054808682345096636,-0.29495085749933714,1.0,-0.05456084385514259,-0.3158572018146515,0.1232018992304802,0.2828392766349777,0.10000971749086454,1.0
21.289,LAND,0.2587651014328003,0.09315303713083267,0.06330350041389465,-0.22996333363971488,0.19265737769758304,1.0,-0.2574101984500885,0.21877221763134003,0.11779046058654785,-0.05186451649274375,-0.2954827777197411,1.0,-0.05456084385514259,-0.3158572018146515,0.1232018992304802,0.28182785013245765,0.10282540002215876,1.0
21.309,LAND,0.2587651014328003,0.09315303713083267,0.06330350041389465,-0.23188112104042571,0.190344807402344,1.0,-0.2574101984500885,0.21877221763134003,0.11779046058654785,-0.04890287816867401,-0.29598734518019487,1.0,-0.05456084385514259,-0.3158572018146515,0.1232018992304802,0.2807839992090988,0.10564253777785161,1.0
21.329,LAND,0.2587651014328003,0.09315303713083267,0.06330350041389465,-0.2337615104149004,0.1880307321916936,1.0,-0.2574101984500885,0.21877221763134003,0.11779046058654785,-0.045958635562745646,-0.29645877254217107,1.0,-0.05456084385514259,-0.3158572018146515,0.1232018992304802,0.27972014597764505,0.10842804035047818,1.0
21.349,LAND,0.2587651014328003,0.09315303713083267,0.06330350041389465,-0.2356268648704966,0.1856878578456349,1.0,-0.2574101984500885,0.21877221763134003,0.11779046058654785,-0.04299696963338583,-0.29690277971475054,1.0,-0.05456084385514259,-0.3158572018146515,0.1232018992304802,0.2786238345038815,0.11121492186911636,1.0
21.369,LAND,0.2587651014328003,0.09315303713083267,0.06330350041389465,-0.23748550002131286,0.18330476611268734,1.0,-0.2574101984500885,0.21877221763134003,0.11779046058654785,-0.04000383407769643,-0.29732085910525036,1.0,-0.05163285881280899,-0.3192908763885498,0.10046248137950897,0.2774893340990083,0.11401609299256374,1.0
21.389,LAND,0.24868889153003693,0.08135346323251724,0.043365880846977234,-0.2393043981983504,0.18092375466733313,1.0,-0.2508644759654999,0.21470902860164642,0.08948178589344025,-0.037032368590799405,-0.29770556541078497,1.0,-0.05163285881280899,-0.3192908763885498,0.10046248137950897,0.2763367667891488,0.11678181074345255,1.0
21.409,LAND,0.24868889153003693,0.08135346323251724,0.043365880846977234,-0.24110159620560115,0.1785217642392973,1.0,-0.2508644759654999,0.21470902860164642,0.08948178589344025,-0.03405358485684798,-0.29806098932667696,1.0,-0.05163285881280899,-0.3192908763885498,0.10046248137950897,0.27515518106244813,0.11953922508738035,1.0
21.429,LAND,0.24868889153003693,0.08135346323251724,0.043365880846977234,-0.24287720458312256,0.17609844830062532,1.0,-0.2508644759654999,0.21470902860164642,0.08948178589344025,-0.031067127503801598,-0.29838705331944704,1.0,-0.05163285881280899,-0.3192908763885498,0.10046248137950897,0.2739443320869232,0.12228860501882238,1.0
21.449,LAND,0.24868889153003693,0.08135346323251724,0.043365880846977234,-0.24462493779294525,0.17366243062273906,1.0,-0.2508644759654999,0.21470902860164642,0.08948178589344025,-0.02808360770577277,-0.2986826258392481,1.0,-0.05163285881280899,-0.3192908763885498,0.10046248137950897,0.27270854549871704,0.12502019521650967,1.0
21.469,LAND,0.24868889153003693,0.08135346323251724,0.043365880846977234,-0.24634801457055622,0.1712093914396784,1.0,-0.2508644759654999,0.21470902860164642,0.08948178589344025,-0.02509767506795812,-0.29894833450979985,1.0,-0.04972289875149727,-0.32292020320892334,0.07854685187339783,0.2714456896385133,0.12773894307012212,1.0
21.489,LAND,0.24269463121891022,0.07120181620121002,0.027721727266907692,-0.24804935012203524,0.16873505831342805,1.0,-0.2467341274023056,0.21117502450942993,0.06340832263231277,-0.022104171947460435,-0.29918456775461716,1.0,-0.04972289875149727,-0.32292020320892334,0.07854685187339783,0.27015352206949467,0.13044950944118974,1.0
21.509,LAND,0.24269463121891022,0.07120181620121002,0.027721727266907692,-0.2497187194294387,0.16625450720663562,1.0,-0.2467341274023056,0.21117502450942993,0.06340832263231277,-0.019121267019890868,-0.29939000842973035,1.0,-0.04972289875149727,-0.32292020320892334,0.07854685187339783,0.26883998644932855,0.1331355012230954,1.0
21.529,LAND,0.24269463121891022,0.07120181620121002,0.027721727266907692,-0.25136505997807684,0.16375471480912487,1.0,-0.2467341274023056,0.21117502450942993,0.06340832263231277,-0.016133213025140244,-0.29956588496937603,1.0,-0.04972289875149727,-0.32292020320892334,0.07854685187339783,0.26749827300321605,0.13581117016025182,1.0
21.549,LAND,0.24269463121891022,0.07120181620121002,0.027721727266907692,-0.2529978710161797,0.1612205857242818,1.0,-0.2467341274023056,0.21117502450942993,0.06340832263231277,-0.013122187342145741,-0.2997128762655312,1.0,-0.04972289875149727,-0.32292020320892334,0.07854685187339783,0.2661200583583244,0.13849229054125003,1.0
21.569,LAND,0.24269463121891022,0.07120181620121002,0.027721727266907692,-0.25460313021690806,0.1586733943789952,1.0,-0.2467341274023056,0.21117502450942993,0.06340832263231277,-0.010113625328463485,-0.2998294758403774,1.0,-0.04909728839993477,-0.32532548904418945,0.05519179254770279,0.2647167555453705,0.1411560814613828,1.0
21.589,LAND,0.24056796729564667,0.06670363247394562,0.013770014978945255,-0.2561736072640071,0.15612521558462694,1.0,-0.24282856285572052,0.21035544574260712,0.040685124695301056,-0.007121599235606257,-0.2999154594620414,1.0,-0.04909728839993477,-0.32532548904418945,0.05519179254770279,0.2632952064996123,0.14379024387741507,1.0
