timestamp_sec,flight_state,cf1_X,cf1_Y,cf1_Z,cf1_VelX,cf1_VelY,cf1_VelZ,cf1_Roll,cf1_Pitch,cf1_Yaw,cf1_GyroX,cf1_GyroY,cf1_GyroZ,cf1_Motor1,cf1_Motor2,cf1_Motor3,cf1_Motor4,cf1_targ_x,cf1_targ_y,cf1_targ_z,cf2_X,cf2_Y,cf2_Z,cf2_VelX,cf2_VelY,cf2_VelZ,cf2_Roll,cf2_Pitch,cf2_Yaw,cf2_GyroX,cf2_GyroY,cf2_GyroZ,cf2_Motor1,cf2_Motor2,cf2_Motor3,cf2_Motor4,cf2_targ_x,cf2_targ_y,cf2_targ_z,cf3_X,cf3_Y,cf3_Z,cf3_VelX,cf3_VelY,cf3_VelZ,cf3_Roll,cf3_Pitch,cf3_Yaw,cf3_GyroX,cf3_GyroY,cf3_GyroZ,cf3_Motor1,cf3_Motor2,cf3_Motor3,cf3_Motor4,cf3_targ_x,cf3_targ_y,cf3_targ_z
0.015,TAKEOFF,0.259041428565979,0.2612419128417969,0.00037516807788051665,0.0,0.0,0.0,0.0,-0.004151311703026295,-0.03874557837843895,0.0,0.0,0.0,0.0,0.0,0.0,0.0,0.599959841573143,0.006941793682404625,0.5,0.6457628607749939,0.1001497283577919,-0.0006905649788677692,0.0,0.0,0.0,0.0027675412129610777,0.0027675412129610777,-0.015221476554870605,0.0,0.0,0.0,0.0,0.0,0.0,0.0,0.5997559615589184,0.01711100740860143,0.5,0.6361543536186218,0.6200815439224243,0.00043414614629000425,0.0,0.0,0.0,-0.0027675412129610777,-0.009686394594609737,0.02629164233803749,0.0,0.0,0.0,0.0,0.0,0.0,0.0,0.4927068372582623,-0.34240323088277097,0.5
0.035,TAKEOFF,0.259041428565979,0.2612419128417969,0.00037516807788051665,0.0,0.0,0.0,0.0,-0.004151311703026295,-0.03874557837843895,0.0,0.0,0.0,0.0,0.0,0.0,0.0,0.5999598429117653,0.006941677988056037,0.5,0.6457628607749939,0.1001497283577919,-0.0006905649788677692,0.0,0.0,0.0,0.0027675412129610777,0.0027675412129610777,-0.015221476554870605,0.0,0.0,0.0,0.0,0.0,0.0,0.0,0.5997559575903709,0.017111146509136223,0.5,0.6361543536186218,0.6200815439224243,0.00043414614629000425,0.0,0.0,0.0,-0.0027675412129610777,-0.009686394594609737,0.02629164233803749,0.0,0.0,0.0,0.0,0.0,0.0,0.0,0.4927070818822904,-0.34240287887667936,0.5
0.055,TAKEOFF,0.259041428565979,0.2612419128417969,0.00037516807788051665,0.0,0.0,0.0,0.0,-0.004151311703026295,-0.03874557837843895,0.0,0.0,0.0,0.0,0.0,0.0,0.0,0.5999598442423337,0.006941562987873286,0.5,0.6457628607749939,0.1001497283577919,-0.0006905649788677692,0.0,0.0,0.0,0.0027675412129610777,0.0027675412129610777,-0.015221476554870605,0.0,0.0,0.0,0.0,0.0,0.0,0.0,0.5997559536456029,0.01711128477506689,0.5,0.6361543536186218,0.6200815439224243,0.00043414614629000425,0.0,0.0,0.0,-0.0027675412129610777,-0.009686394594609737,0.02629164233803749,0.0,0.0,0.0,0.0,0.0,0.0,0.0,0.4927073250383251,-0.34240252898245105,0.5
0.075,TAKEOFF,0.2585299015045166,0.26063352823257446,0.000845596194267273,0.0,0.0,0.0,0.0,-0.004151311703026295,-0.03874557837843895,0.0,0.0,0.0,0.0,0.0,0.0,0.0,0.5999598455648969,0.006941448677691378,0.5,0.6457628607749939,0.1001497283577919,-0.0006905649788677692,0.0,0.0,0.0,0.0027675412129610777,0.0027675412129610777,-0.015221476554870605,0.0,0.0,0.0,0.0,0.0,0.0,0.0,0.5997559679414505,0.017110783693738026,0.5,0.6361543536186218,0.6200815439224243,0.00043414614629000425,0.0,0.0,0.0,-0.0027675412129610777,-0.009686394594609737,0.02629164233803749,0.0,0.0,0.0,0.0,0.0,0.0,0.0,0.49270756673517735,-0.342402181187417,0.5
0.095,TAKEOFF,0.2585299015045166,0.26063352823257446,0.000845596194267273,0.0,0.0,0.0,0.0,-0.004151311703026295,-0.03874557837843895,0.0,0.0,0.0,0.0,0.0,0.0,0.0,0.5999598468795031,0.006941335053370311,0.5,0.6457628607749939,0.1001497283577919,-0.0006905649788677692,0.0,0.0,0.0,0.0027675412129610777,0.0027675412129610777,-0.015221476554870605,0.0,0.0,0.0,0.0,0.0,0.0,0.0,0.5997559821511079,0.017110285618885297,0.5,0.6361543536186218,0.6200815439224243,0.00043414614629000425,0.0,0.0,0.0,-0.0027675412129610777,-0.009686394594609737,0.02629164233803749,0.0,0.0,0.0,0.0,0.0,0.0,0.0,0.4927078069816052,-0.34240183547898406,0.5
0.115,TAKEOFF,0.2585299015045166,0.26063352823257446,0.000845596194267273,0.0,0.0,0.0,0.0,-0.004151311703026295,-0.03874557837843895,0.0,0.0,0.0,0.0,0.0,0.0,0.0,0.5999598449695256,0.006941500136341349,0.5,0.6453118324279785,0.10024365782737732,-0.000569454743526876,0.0,0.0,0.0,0.0027675412129610777,0.0027675412129610777,-0.015221476554870605,0.0,0.0,0.0,0.0,0.0,0.0,0.0,0.5997559962750977,0.017109790532469995,0.5,0.6364786028862,0.620493471622467,0.0006557952146977186,0.0,0.0,0.0,-0.0027675412129610777,-0.009686394594609737,0.02629164233803749,0.0,0.0,0.0,0.0,0.0,0.0,0.0,0.4927085552339145,-0.34240075875983195,0.5
0.135,TAKEOFF,0.2585299015045166,0.26063352823257446,0.000845596194267273,0.0,0.0,0.0,0.0,-0.004151311703026295,-0.03874557837843895,0.0,0.0,0.0,0.0,0.0,0.0,0.0,0.5999598430709628,0.006941664228814042,0.5,0.6453118324279785,0.10024365782737732,-0.000569454743526876,0.0,0.0,0.0,0.0027675412129610777,0.0027675412129610777,-0.015221476554870605,0.0,0.0,0.0,0.0,0.0,0.0,0.0,0.5997560103139384,0.017109298416561624,0.5,0.6364786028862,0.620493471622467,0.0006557952146977186,0.0,0.0,0.0,-0.0027675412129610777,-0.009686394594609737,0.02629164233803749,0.0,0.0,0.0,0.0,0.0,0.0,0.0,0.49270929899437804,-0.3423996884993743,0.5
0.155,TAKEOFF,0.2585299015045166,0.26063352823257446,0.000845596194267273,0.0,0.0,0.0,0.0,-0.004151311703026295,-0.03874557837843895,0.0,0.0,0.0,0.0,0.0,0.0,0.0,0.599959841183747,0.006941827336731384,0.5,0.6453118324279785,0.10024365782737732,-0.000569454743526876,0.0,0.0,0.0,0.0027675412129610777,0.0027675412129610777,-0.015221476554870605,0.0,0.0,0.0,0.0,0.0,0.0,0.0,0.5997560242681459,0.01710880925333729,0.5,0.6364786028862,0.620493471622467,0.0006557952146977186,0.0,0.0,0.0,-0.0027675412129610777,-0.009686394594609737,0.02629164233803749,0.0,0.0,0.0,0.0,0.0,0.0,0.0,0.49271003828997495,-0.34239862465887827,0.5
0.175,TAKEOFF,0.25907135009765625,0.2616763114929199,0.0010177516378462315,0.0,0.0,0.0,0.0,-0.0027675412129610777,-0.03874557837843895,0.0,0.0,0.0,0.0,0.0,0.0,0.0,0.5999598393078106,0.006941989466000712,0.5,0.6453118324279785,0.10024365782737732,-0.000569454743526876,0.0,0.0,0.0,0.0027675412129610777,0.0027675412129610777,-0.015221476554870605,0.0,0.0,0.0,0.0,0.0,0.0,0.0,0.599755940572608,0.017111742981543963,0.5,0.6364786028862,0.620493471622467,0.0006557952146977186,0.0,0.0,0.0,-0.0027675412129610777,-0.009686394594609737,0.02629164233803749,0.0,0.0,0.0,0.0,0.0,0.0,0.0,0.4927107731475219,-0.3423975671998433,0.5
0.195,TAKEOFF,0.25907135009765625,0.2616763114929199,0.0010177516378462315,0.0,0.0,0.0,0.0,-0.0027675412129610777,-0.03874557837843895,0.0,0.0,0.0,0.0,0.0,0.0,0.0,0.5999598374430863,0.006942150622493922,0.5,0.6453118324279785,0.10024365782737732,-0.000569454743526876,0.0,0.0,0.0,0.0027675412129610777,0.0027675412129610777,-0.015221476554870605,0.0,0.0,0.0,0.0,0.0,0.0,0.0,0.5997558573650215,0.017114659106975644,0.5,0.6364786028862,0.620493471622467,0.0006557952146977186,0.0,0.0,0.0,-0.0027675412129610777,-0.009686394594609737,0.02629164233803749,0.0,0.0,0.0,0.0,0.0,0.0,0.0,0.4927115035936744,-0.3423965160839996,0.5
0.215,TAKEOFF,0.25907135009765625,0.2616763114929199,0.0010177516378462315,0.0,0.0,0.0,0.0,-0.0027675412129610777,-0.03874557837843895,0.0,0.0,0.0,0.0,0.0,0.0,0.0,0.5999598667234338,0.006939619672539273,0.5,0.6452687978744507,0.09994404762983322,-0.0007533269235864282,0.0,0.0,0.0,0.0027675412129610777,0.0027675412129610777,-0.015221476554870605,0.0,0.0,0.0,0.0,0.0,0.0,0.0,0.5997557746426292,0.017117557735253763,0.5,0.6371790766716003,0.6202479600906372,0.0011628842912614346,0.0,0.0,0.0,-0.0027675412129610777,-0.009686394594609737,0.02629164233803749,0.0,0.0,0.0,0.0,0.0,0.0,0.0,0.4927113189651329,-0.3423967817658907,0.5
0.235,TAKEOFF,0.25907135009765625,0.2616763114929199,0.0010177516378462315,0.0,0.0,0.0,0.0,-0.0027675412129610777,-0.03874557837843895,0.0,0.0,0.0,0.0,0.0,0.0,0.0,0.5999598958175182,0.0069371039081619615,0.5,0.6452687978744507,0.09994404762983322,-0.0007533269235864282,0.0,0.0,0.0,0.0027675412129610777,0.0027675412129610777,-0.015221476554870605,0.0,0.0,0.0,0.0,0.0,0.0,0.0,0.599755692402688,0.01712043897136597,0.5,0.6371790766716003,0.6202479600906372,0.0011628842912614346,0.0,0.0,0.0,-0.0027675412129610777,-0.009686394594609737,0.02629164233803749,0.0,0.0,0.0,0.0,0.0,0.0,0.0,0.4927111354442208,-0.3423970458535919,0.5
0.255,TAKEOFF,0.25907135009765625,0.2616763114929199,0.0010177516378462315,0.0,0.0,0.0,0.0,-0.0027675412129610777,-0.03874557837843895,0.0,0.0,0.0,0.0,0.0,0.0,0.0,0.5999599247265838,0.006934603238250034,0.5,0.6452687978744507,0.09994404762983322,-0.0007533269235864282,0.0,0.0,0.0,0.0027675412129610777,0.0027675412129610777,-0.015221476554870605,0.0,0.0,0.0,0.0,0.0,0.0,0.0,0.5997556106424693,0.01712330291966993,0.5,0.6371790766716003,0.6202479600906372,0.0011628842912614346,0.0,0.0,0.0,-0.0027675412129610777,-0.009686394594609737,0.02629164233803749,0.0,0.0,0.0,0.0,0.0,0.0,0.0,0.4927109530242938,-0.3423973083566693,0.5
0.275,TAKEOFF,0.2590154707431793,0.261282354593277,0.0004569317970890552,0.0,0.0,0.0,0.0,-0.0027675412129610777,-0.03874557837843895,0.0,0.0,0.0,0.0,0.0,0.0,0.0,0.5999599534518655,0.006932117572238189,0.5,0.6452687978744507,0.09994404762983322,-0.0007533269235864282,0.0,0.0,0.0,0.0027675412129610777,0.0027675412129610777,-0.015221476554870605,0.0,0.0,0.0,0.0,0.0,0.0,0.0,0.5997555293592588,0.01712614968389713,0.5,0.6371790766716003,0.6202479600906372,0.0011628842912614346,0.0,0.0,0.0,-0.0027675412129610777,-0.009686394594609737,0.02629164233803749,0.0,0.0,0.0,0.0,0.0,0.0,0.0,0.49271077169874783,-0.342397569284632,0.5
0.296,TAKEOFF,0.2590154707431793,0.261282354593277,0.0004569317970890552,0.0,0.0,0.0,0.0,-0.0027675412129610777,-0.03874557837843895,0.0,0.0,0.0,0.0,0.0,0.0,0.0,0.5999599819945899,0.006929646820104493,0.5,0.6452687978744507,0.09994404762983322,-0.0007533269235864282,0.0,0.0,0.0,0.0027675412129610777,0.0027675412129610777,-0.015221476554870605,0.0,0.0,0.0,0.0,0.0,0.0,0.0,0.5997555148800153,0.01712665673760423,0.5,0.6371790766716003,0.6202479600906372,0.0011628842912614346,0.0,0.0,0.0,-0.0027675412129610777,-0.009686394594609737,0.02629164233803749,0.0,0.0,0.0,0.0,0.0,0.0,0.0,0.49271059146101814,-0.3423978286469317,0.5
0.315,TAKEOFF,0.2590154707431793,0.261282354593277,0.0004569317970890552,0.0,0.0,0.0,0.0,-0.0027675412129610777,-0.03874557837843895,0.0,0.0,0.0,0.0,0.0,0.0,0.0,0.5999600103559742,0.006927190892367132,0.5,0.6457908153533936,0.10009660571813583,-0.0006382456631399691,0.0,0.0,0.0,0.0027675412129610777,0.0027675412129610777,-0.015221476554870605,0.0,0.0,0.0,0.0,0.0,0.0,0.0,0.5997555004872225,0.017127160748976956,0.5,0.6368893980979919,0.6197008490562439,8.47018527565524e-05,0.0,0.0,0.0,-0.0027675412129610777,-0.009686394594609737,0.02629164233803749,0.0,0.0,0.0,0.0,0.0,0.0,0.0,0.4927104123045796,-0.34239808645296355,0.5
0.335,TAKEOFF,0.2590154707431793,0.261282354593277,0.0004569317970890552,0.0,0.0,0.0,0.0,-0.0027675412129610777,-0.03874557837843895,0.0,0.0,0.0,0.0,0.0,0.0,0.0,0.5999600474195136,0.006923980096372397,0.5,0.6457908153533936,0.10009660571813583,-0.0006382456631399691,0.0,0.0,0.0,0.0027675412129610777,0.0027675412129610777,-0.015221476554870605,0.0,0.0,0.0,0.0,0.0,0.0,0.0,0.5997554861803666,0.017127661736269457,0.5,0.6368893980979919,0.6197008490562439,8.47018527565524e-05,0.0,0.0,0.0,-0.0027675412129610777,-0.009686394594609737,0.02629164233803749,0.0,0.0,0.0,0.0,0.0,0.0,0.0,0.4927104569802291,-0.34239802216475174,0.5
0.355,TAKEOFF,0.2590154707431793,0.261282354593277,0.0004569317970890552,0.0,0.0,0.0,0.0,-0.0027675412129610777,-0.03874557837843895,0.0,0.0,0.0,0.0,0.0,0.0,0.0,0.5999600842436429,0.006920788564957104,0.5,0.6457908153533936,0.10009660571813583,-0.0006382456631399691,0.0,0.0,0.0,0.0027675412129610777,0.0027675412129610777,-0.015221476554870605,0.0,0.0,0.0,0.0,0.0,0.0,0.0,0.5997554719589372,0.01712815971762636,0.5,0.6368893980979919,0.6197008490562439,8.47018527565524e-05,0.0,0.0,0.0,-0.0027675412129610777,-0.009686394594609737,0.02629164233803749,0.0,0.0,0.0,0.0,0.0,0.0,0.0,0.4927105013878162,-0.34239795826226344,0.5
0.375,TAKEOFF,0.2587716281414032,0.26068204641342163,-2.5095268938457593e-06,0.0,0.0,0.0,0.0,-0.0027675412129610777,-0.03874557837843895,0.0,0.0,0.0,0.0,0.0,0.0,0.0,0.5999601208300024,0.006917616182536219,0.5,0.6457908153533936,0.10009660571813583,-0.0006382456631399691,0.0,0.0,0.0,0.0027675412129610777,0.0027675412129610777,-0.015221476554870605,0.0,0.0,0.0,0.0,0.0,0.0,0.0,0.5997554578224266,0.01712865471108342,0.5,0.6368893980979919,0.6197008490562439,8.47018527565524e-05,0.0,0.0,0.0,-0.0027675412129610777,-0.009686394594609737,0.02629164233803749,0.0,0.0,0.0,0.0,0.0,0.0,0.0,0.49271054552894966,-0.3423978947431844,0.5
0.395,TAKEOFF,0.2587716281414032,0.26068204641342163,-2.5095268938457593e-06,0.0,0.0,0.0,0.0,-0.0027675412129610777,-0.03874557837843895,0.0,0.0,0.0,0.0,0.0,0.0,0.0,0.5999601571802199,0.0069144628342181855,0.5,0.6457908153533936,0.10009660571813583,-0.0006382456631399691,0.0,0.0,0.0,0.0027675412129610777,0.0027675412129610777,-0.015221476554870605,0.0,0.0,0.0,0.0,0.0,0.0,0.0,0.5997555135639276,0.017126702825396363,0.5,0.6368893980979919,0.6197008490562439,8.47018527565524e-05,0.0,0.0,0.0,-0.0027675412129610777,-0.009686394594609737,0.02629164233803749,0.0,0.0,0.0,0.0,0.0,0.0,0.0,0.4927105894052282,-0.34239783160521403,0.5
0.415,TAKEOFF,0.2587716281414032,0.26068204641342163,-2.5095268938457593e-06,0.0,0.0,0.0,0.0,-0.0027675412129610777,-0.03874557837843895,0.0,0.0,0.0,0.0,0.0,0.0,0.0,0.5999601932959112,0.006911328405800765,0.5,0.6461482048034668,0.09991208463907242,-0.0011455314233899117,0.0,0.0,0.0,0.0027675412129610777,0.0027675412129610777,-0.015221476554870605,0.0,0.0,0.0,0.0,0.0,0.0,0.0,0.5997555689646843,0.017124762650843662,0.5,0.6364172697067261,0.620337188243866,0.00036858528619632125,0.0,0.0,0.0,-0.0027675412129610777,-0.009686394594609737,0.02629164233803749,0.0,0.0,0.0,0.0,0.0,0.0,0.0,0.4927106330182411,-0.3423977688460661,0.5
0.435,TAKEOFF,0.2587716281414032,0.26068204641342163,-2.5095268938457593e-06,0.0,0.0,0.0,0.0,-0.0027675412129610777,-0.03874557837843895,0.0,0.0,0.0,0.0,0.0,0.0,0.0,0.5999601925439886,0.006911393678568078,0.5,0.6461482048034668,0.09991208463907242,-0.0011455314233899117,0.0,0.0,0.0,0.0027675412129610777,0.0027675412129610777,-0.015221476554870605,0.0,0.0,0.0,0.0,0.0,0.0,0.0,0.5997556240268166,0.017122834117160677,0.5,0.6364172697067261,0.620337188243866,0.00036858528619632125,0.0,0.0,0.0,-0.0027675412129610777,-0.009686394594609737,0.02629164233803749,0.0,0.0,0.0,0.0,0.0,0.0,0.0,0.4927099314254321,-0.34239877843641026,0.5
0.455,TAKEOFF,0.2587716281414032,0.26068204641342163,-2.5095268938457593e-06,0.0,0.0,0.0,0.0,-0.0027675412129610777,-0.03874557837843895,0.0,0.0,0.0,0.0,0.0,0.0,0.0,0.5999601917965705,0.0069114585596987054,0.5,0.6461482048034668,0.09991208463907242,-0.0011455314233899117,0.0,0.0,0.0,0.0027675412129610777,0.0027675412129610777,-0.015221476554870605,0.0,0.0,0.0,0.0,0.0,0.0,0.0,0.5997556787524304,0.017120917154504336,0.5,0.6364172697067261,0.620337188243866,0.00036858528619632125,0.0,0.0,0.0,-0.0027675412129610777,-0.009686394594609737,0.02629164233803749,0.0,0.0,0.0,0.0,0.0,0.0,0.0,0.4927092340401299,-0.34239978196778764,0.5
0.479,TAKEOFF,0.2583312392234802,0.2603669762611389,0.00010443679639138281,0.0,0.0,0.0,0.0,-0.004151311703026295,-0.03874557837843895,0.0,0.0,0.0,0.0,0.0,0.0,0.0,0.5999601910536299,0.006911523051542468,0.5,0.6461482048034668,0.09991208463907242,-0.0011455314233899117,0.0,0.0,0.0,0.0027675412129610777,0.0027675412129610777,-0.015221476554870605,0.0,0.0,0.0,0.0,0.0,0.0,0.0,0.5997557077771709,0.017119900370758903,0.5,0.6364172697067261,0.620337188243866,0.00036858528619632125,0.0,0.0,0.0,-0.0027675412129610777,-0.009686394594609737,0.02629164233803749,0.0,0.0,0.0,0.0,0.0,0.0,0.0,0.4927085408371138,-0.34240077947656916,0.5
0.495,TAKEOFF,0.2583312392234802,0.2603669762611389,0.00010443679639138281,0.0,0.0,0.0,0.0,-0.004151311703026295,-0.03874557837843895,0.0,0.0,0.0,0.0,0.0,0.0,0.0,0.5999601903151399,0.006911587156435091,0.5,0.6461482048034668,0.09991208463907242,-0.0011455314233899117,0.0,0.0,0.0,0.0027675412129610777,0.0027675412129610777,-0.015221476554870605,0.0,0.0,0.0,0.0,0.0,0.0,0.0,0.5997557366260546,0.01711888968766718,0.5,0.6364172697067261,0.620337188243866,0.00036858528619632125,0.0,0.0,0.0,-0.0027675412129610777,-0.009686394594609737,0.02629164233803749,0.0,0.0,0.0,0.0,0.0,0.0,0.0,0.49270785179131454,-0.3424017709989071,0.5
0.517,TAKEOFF,0.2583312392234802,0.2603669762611389,0.00010443679639138281,0.0,0.0,0.0,0.0,-0.004151311703026295,-0.03874557837843895,0.0,0.0,0.0,0.0,0.0,0.0,0.0,0.5999601895810743,0.00691165087669828,0.5,0.6461776494979858,0.09998160600662231,-0.0013391805114224553,0.0,0.0,0.0,0.0027675412129610777,0.0027675412129610777,-0.015221476554870605,0.0,0.0,0.0,0.0,0.0,0.0,0.0,0.5997557653001572,0.017117885068625827,0.5,0.6367539763450623,0.6197148561477661,5.861755198566243e-05,0.0,0.0,0.0,-0.0027675412129610777,-0.009686394594609737,0.02629164233803749,0.0,0.0,0.0,0.0,0.0,0.0,0.0,0.4927071668778126,-0.34240275657073693,0.5
0.535,TAKEOFF,0.2583312392234802,0.2603669762611389,0.00010443679639138281,0.0,0.0,0.0,0.0,-0.004151311703026295,-0.03874557837843895,0.0,0.0,0.0,0.0,0.0,0.0,0.0,0.5999602206136496,0.00690895659422243,0.5,0.6461776494979858,0.09998160600662231,-0.0013391805114224553,0.0,0.0,0.0,0.0027675412129610777,0.0027675412129610777,-0.015221476554870605,0.0,0.0,0.0,0.0,0.0,0.0,0.0,0.5997557938005476,0.017116886477251125,0.5,0.6367539763450623,0.6197148561477661,5.861755198566243e-05,0.0,0.0,0.0,-0.0027675412129610777,-0.009686394594609737,0.02629164233803749,0.0,0.0,0.0,0.0,0.0,0.0,0.0,0.4927066878024084,-0.3424034459446634,0.5
0.555,TAKEOFF,0.2583312392234802,0.2603669762611389,0.00010443679639138281,0.0,0.0,0.0,0.0,-0.004151311703026295,-0.03874557837843895,0.0,0.0,0.0,0.0,0.0,0.0,0.0,0.5999602514480388,0.006906278477303355,0.5,0.6461776494979858,0.09998160600662231,-0.0013391805114224553,0.0,0.0,0.0,0.0027675412129610777,0.0027675412129610777,-0.015221476554870605,0.0,0.0,0.0,0.0,0.0,0.0,0.0,0.5997558221282877,0.017115893877377643,0.5,0.6367539763450623,0.6197148561477661,5.861755198566243e-05,0.0,0.0,0.0,-0.0027675412129610777,-0.009686394594609737,0.02629164233803749,0.0,0.0,0.0,0.0,0.0,0.0,0.0,0.49270621160050077,-0.342404131181682,0.5
0.575,TAKEOFF,0.2582762539386749,0.2601645588874817,0.0001628520985832438,0.0,0.0,0.0,0.0,-0.004151311703026295,-0.03736180439591408,0.0,0.0,0.0,0.0,0.0,0.0,0.0,0.5999602820855744,0.006903616428949416,0.5,0.6461776494979858,0.09998160600662231,-0.0013391805114224553,0.0,0.0,0.0,0.0027675412129610777,0.0027675412129610777,-0.015221476554870605,0.0,0.0,0.0,0.0,0.0,0.0,0.0,0.5997558502844335,0.017114907233056947,0.5,0.6367539763450623,0.6197148561477661,5.861755198566243e-05,0.0,0.0,0.0,-0.0027675412129610777,-0.009686394594609737,0.02629164233803749,0.0,0.0,0.0,0.0,0.0,0.0,0.0,0.49270573825486014,-0.34240481230662223,0.5
0.595,TAKEOFF,0.2582762539386749,0.2601645588874817,0.0001628520985832438,0.0,0.0,0.0,0.0,-0.004151311703026295,-0.03736180439591408,0.0,0.0,0.0,0.0,0.0,0.0,0.0,0.5999603125275791,0.0069009703527509085,0.5,0.6461776494979858,0.09998160600662231,-0.0013391805114224553,0.0,0.0,0.0,0.0027675412129610777,0.0027675412129610777,-0.015221476554870605,0.0,0.0,0.0,0.0,0.0,0.0,0.0,0.5997559072694019,0.01711291019834363,0.5,0.6367539763450623,0.6197148561477661,5.861755198566243e-05,0.0,0.0,0.0,-0.0027675412129610777,-0.009686394594609737,0.02629164233803749,0.0,0.0,0.0,0.0,0.0,0.0,0.0,0.49270526774836026,-0.34240548934416426,0.5
0.615,TAKEOFF,0.2582762539386749,0.2601645588874817,0.0001628520985832438,0.0,0.0,0.0,0.0,-0.004151311703026295,-0.03736180439591408,0.0,0.0,0.0,0.0,0.0,0.0,0.0,0.5999602541089604,0.006906047314612365,0.5,0.6455093026161194,0.10034724324941635,-0.0005813754396513104,0.0,0.0,0.0,0.0027675412129610777,0.0027675412129610777,-0.013837706297636032,0.0,0.0,0.0,0.0,0.0,0.0,0.0,0.5997559639058706,0.017110925145650567,0.5,0.6350546479225159,0.6207140684127808,0.0020793701987713575,0.0,0.0,0.0,-0.0027675412129610777,-0.01107016485184431,0.02629164233803749,0.0,0.0,0.0,0.0,0.0,0.0,0.0,0.4927062578194854,-0.34240406467435336,0.5
0.635,TAKEOFF,0.2582762539386749,0.2601645588874817,0.0001628520985832438,0.0,0.0,0.0,0.0,-0.004151311703026295,-0.03736180439591408,0.0,0.0,0.0,0.0,0.0,0.0,0.0,0.5999601959982771,0.006911093814212566,0.5,0.6455093026161194,0.10034724324941635,-0.0005813754396513104,0.0,0.0,0.0,0.0027675412129610777,0.0027675412129610777,-0.013837706297636032,0.0,0.0,0.0,0.0,0.0,0.0,0.0,0.5997560201960094,0.0171089520030879,0.5,0.6350546479225159,0.6207140684127808,0.0020793701987713575,0.0,0.0,0.0,-0.0027675412129610777,-0.01107016485184431,0.02629164233803749,0.0,0.0,0.0,0.0,0.0,0.0,0.0,0.4927072419461013,-0.3424026485497242,0.5
0.656,TAKEOFF,0.2582762539386749,0.2601645588874817,0.0001628520985832438,0.0,0.0,0.0,0.0,-0.004151311703026295,-0.03736180439591408,0.0,0.0,0.0,0.0,0.0,0.0,0.0,0.5999601381941913,0.0069161100343305875,0.5,0.6455093026161194,0.10034724324941635,-0.0005813754396513104,0.0,0.0,0.0,0.0027675412129610777,0.0027675412129610777,-0.013837706297636032,0.0,0.0,0.0,0.0,0.0,0.0,0.0,0.5997560761419741,0.017106990699197095,0.5,0.6350546479225159,0.6207140684127808,0.0020793701987713575,0.0,0.0,0.0,-0.0027675412129610777,-0.01107016485184431,0.02629164233803749,0.0,0.0,0.0,0.0,0.0,0.0,0.0,0.4927082201639239,-0.34240124091903973,0.5
0.675,TAKEOFF,0.2592269778251648,0.261453777551651,-3.8344369386322796e-05,0.0,0.0,0.0,0.0,-0.0027675412129610777,-0.03736180439591408,0.0,0.0,0.0,0.0,0.0,0.0,0.0,0.5999600806953662,0.006921096156648773,0.5,0.6455093026161194,0.10034724324941635,-0.0005813754396513104,0.0,0.0,0.0,0.0027675412129610777,0.0027675412129610777,-0.013837706297636032,0.0,0.0,0.0,0.0,0.0,0.0,0.0,0.5997560666307206,0.01710732415214816,0.5,0.6350546479225159,0.6207140684127808,0.0020793701987713575,0.0,0.0,0.0,-0.0027675412129610777,-0.01107016485184431,0.02629164233803749,0.0,0.0,0.0,0.0,0.0,0.0,0.0,0.4927091925084542,-0.34239984173136967,0.5
0.695,TAKEOFF,0.2592269778251648,0.261453777551651,-3.8344369386322796e-05,0.0,0.0,0.0,0.0,-0.0027675412129610777,-0.03736180439591408,0.0,0.0,0.0,0.0,0.0,0.0,0.0,0.5999600235004681,0.006926052361759313,0.5,0.6455093026161194,0.10034724324941635,-0.0005813754396513104,0.0,0.0,0.0,0.0027675412129610777,0.0027675412129610777,-0.013837706297636032,0.0,0.0,0.0,0.0,0.0,0.0,0.0,0.5997560571763507,0.017107655604376274,0.5,0.6350546479225159,0.6207140684127808,0.0020793701987713575,0.0,0.0,0.0,-0.0027675412129610777,-0.01107016485184431,0.02629164233803749,0.0,0.0,0.0,0.0,0.0,0.0,0.0,0.4927101590149795,-0.3423984509360893,0.5
0.715,TAKEOFF,0.2592269778251648,0.261453777551651,-3.8344369386322796e-05,0.0,0.0,0.0,0.0,-0.0027675412129610777,-0.03736180439591408,0.0,0.0,0.0,0.0,0.0,0.0,0.0,0.5999599666081642,0.006930978829170785,0.5,0.646003007888794,0.10036744922399521,-0.0004883445799350739,0.0,0.0,0.0,0.0013837706064805388,0.0027675412129610777,-0.01660524681210518,0.0,0.0,0.0,0.0,0.0,0.0,0.0,0.5997560477785255,0.017107985067885845,0.5,0.6367308497428894,0.6200459003448486,0.0008138003177009523,0.0,0.0,0.0,-0.0027675412129610777,-0.009686394594609737,0.024907870218157768,0.0,0.0,0.0,0.0,0.0,0.0,0.0,0.4927111197185751,-0.3423970684828769,0.5
0.735,TAKEOFF,0.2592269778251648,0.261453777551651,-3.8344369386322796e-05,0.0,0.0,0.0,0.0,-0.0027675412129610777,-0.03736180439591408,0.0,0.0,0.0,0.0,0.0,0.0,0.0,0.5999599872153364,0.006929194799783181,0.5,0.646003007888794,0.10036744922399521,-0.0004883445799350739,0.0,0.0,0.0,0.0013837706064805388,0.0027675412129610777,-0.01660524681210518,0.0,0.0,0.0,0.0,0.0,0.0,0.0,0.599756038436908,0.01710831255460924,0.5,0.6367308497428894,0.6200459003448486,0.0008138003177009523,0.0,0.0,0.0,-0.0027675412129610777,-0.009686394594609737,0.024907870218157768,0.0,0.0,0.0,0.0,0.0,0.0,0.0,0.49271189908145896,-0.34239594697300696,0.5
0.755,TAKEOFF,0.2592269778251648,0.261453777551651,-3.8344369386322796e-05,0.0,0.0,0.0,0.0,-0.0027675412129610777,-0.03736180439591408,0.0,0.0,0.0,0.0,0.0,0.0,0.0,0.5999600076936082,0.0069274214745111825,0.5,0.646003007888794,0.10036744922399521,-0.0004883445799350739,0.0,0.0,0.0,0.0013837706064805388,0.0027675412129610777,-0.01660524681210518,0.0,0.0,0.0,0.0,0.0,0.0,0.0,0.5997560291511629,0.01710863807640724,0.5,0.6367308497428894,0.6200459003448486,0.0008138003177009523,0.0,0.0,0.0,-0.0027675412129610777,-0.009686394594609737,0.024907870218157768,0.0,0.0,0.0,0.0,0.0,0.0,0.0,0.49271267376563554,-0.34239483219043826,0.5
0.775,TAKEOFF,0.25883543491363525,0.26198244094848633,0.0005481301341205835,0.0,0.0,0.0,-0.0,-0.0027675412129610777,-0.040129344910383224,0.0,0.0,0.0,0.0,0.0,0.0,0.0,0.5999600280438161,0.00692565878913084,0.5,0.646003007888794,0.10036744922399521,-0.0004883445799350739,0.0,0.0,0.0,0.0013837706064805388,0.0027675412129610777,-0.01660524681210518,0.0,0.0,0.0,0.0,0.0,0.0,0.0,0.5997558386340934,0.017115315489796952,0.5,0.6367308497428894,0.6200459003448486,0.0008138003177009523,0.0,0.0,0.0,-0.0027675412129610777,-0.009686394594609737,0.024907870218157768,0.0,0.0,0.0,0.0,0.0,0.0,0.0,0.49271344379920756,-0.3423937240948279,0.5
0.795,TAKEOFF,0.25883543491363525,0.26198244094848633,0.0005481301341205835,0.0,0.0,0.0,-0.0,-0.0027675412129610777,-0.040129344910383224,0.0,0.0,0.0,0.0,0.0,0.0,0.0,0.5999600482667903,0.006923906679803534,0.5,0.646003007888794,0.10036744922399521,-0.0004883445799350739,0.0,0.0,0.0,0.0013837706064805388,0.0027675412129610777,-0.01660524681210518,0.0,0.0,0.0,0.0,0.0,0.0,0.0,0.5997556491864509,0.017121952836603838,0.5,0.6367308497428894,0.6200459003448486,0.0008138003177009523,0.0,0.0,0.0,-0.0027675412129610777,-0.009686394594609737,0.024907870218157768,0.0,0.0,0.0,0.0,0.0,0.0,0.0,0.4927142092101084,-0.342392622646075,0.5
0.815,TAKEOFF,0.25883543491363525,0.26198244094848633,0.0005481301341205835,0.0,0.0,0.0,-0.0,-0.0027675412129610777,-0.040129344910383224,0.0,0.0,0.0,0.0,0.0,0.0,0.0,0.5999600683633559,0.006922165083073673,0.5,0.6469107270240784,0.10014178603887558,6.365316221490502e-05,0.0,0.0,0.0,0.0027675412129610777,0.0027675412129610777,0.0,0.0,0.0,0.0,0.0,0.0,0.0,0.0,0.5997554608027,0.01712855035725174,0.5,0.6350604891777039,0.6199227571487427,5.68353570997715e-05,0.0,0.0,0.0,-0.0027675412129610777,-0.009686394594609737,0.024907870218157768,0.0,0.0,0.0,0.0,0.0,0.0,0.0,0.49271497002610365,-0.342391527804319,0.5
0.835,TAKEOFF,0.25883543491363525,0.26198244094848633,0.0005481301341205835,0.0,0.0,0.0,-0.0,-0.0027675412129610777,-0.040129344910383224,0.0,0.0,0.0,0.0,0.0,0.0,0.0,0.5999600379228035,0.006924802933521371,0.5,0.6469107270240784,0.10014178603887558,6.365316221490502e-05,0.0,0.0,0.0,0.0027675412129610777,0.0027675412129610777,0.0,0.0,0.0,0.0,0.0,0.0,0.0,0.0,0.5997552734773286,0.01713510829072169,0.5,0.6350604891777039,0.6199227571487427,5.68353570997715e-05,0.0,0.0,0.0,-0.0027675412129610777,-0.009686394594609737,0.024907870218157768,0.0,0.0,0.0,0.0,0.0,0.0,0.0,0.49271458914451965,-0.3423920759073539,0.5
0.855,TAKEOFF,0.25883543491363525,0.26198244094848633,0.0005481301341205835,0.0,0.0,0.0,-0.0,-0.0027675412129610777,-0.040129344910383224,0.0,0.0,0.0,0.0,0.0,0.0,0.0,0.5999600076534009,0.006927424956733722,0.5,0.6469107270240784,0.10014178603887558,6.365316221490502e-05,0.0,0.0,0.0,0.0027675412129610777,0.0027675412129610777,0.0,0.0,0.0,0.0,0.0,0.0,0.0,0.0,0.5997550872048467,0.01714162687456055,0.5,0.6350604891777039,0.6199227571487427,5.68353570997715e-05,0.0,0.0,0.0,-0.0027675412129610777,-0.009686394594609737,0.024907870218157768,0.0,0.0,0.0,0.0,0.0,0.0,0.0,0.4927142105476209,-0.3423926207213506,0.5
0.875,TAKEOFF,0.25862738490104675,0.26123154163360596,0.0003753202618099749,0.0,0.0,0.0,0.0,-0.0027675412129610777,-0.03874557837843895,0.0,0.0,0.0,0.0,0.0,0.0,0.0,0.5999599775542583,0.0069300312476756765,0.5,0.6469107270240784,0.10014178603887558,6.365316221490502e-05,0.0,0.0,0.0,0.0027675412129610777,0.0027675412129610777,0.0,0.0,0.0,0.0,0.0,0.0,0.0,0.0,0.5997549019797873,0.01714810634488963,0.5,0.6350604891777039,0.6199227571487427,5.68353570997715e-05,0.0,0.0,0.0,-0.0027675412129610777,-0.009686394594609737,0.024907870218157768,0.0,0.0,0.0,0.0,0.0,0.0,0.0,0.49271383422170656,-0.3423931622660486,0.5
0.897,TAKEOFF,0.25862738490104675,0.26123154163360596,0.0003753202618099749,0.0,0.0,0.0,0.0,-0.0027675412129610777,-0.03874557837843895,0.0,0.0,0.0,0.0,0.0,0.0,0.0,0.5999599476244905,0.006932621900742376,0.5,0.6469107270240784,0.10014178603887558,6.365316221490502e-05,0.0,0.0,0.0,0.0027675412129610777,0.0027675412129610777,0.0,0.0,0.0,0.0,0.0,0.0,0.0,0.0,0.5997548241138583,0.01715082948882997,0.5,0.6350604891777039,0.6199227571487427,5.68353570997715e-05,0.0,0.0,0.0,-0.0027675412129610777,-0.009686394594609737,0.024907870218157768,0.0,0.0,0.0,0.0,0.0,0.0,0.0,0.49271346015315776,-0.34239370056106844,0.5
0.915,TAKEOFF,0.25862738490104675,0.26123154163360596,0.0003753202618099749,0.0,0.0,0.0,0.0,-0.0027675412129610777,-0.03874557837843895,0.0,0.0,0.0,0.0,0.0,0.0,0.0,0.5999599178632151,0.006935197009762573,0.5,0.6465243101119995,0.10032197088003159,0.00036461889976635575,0.0,0.0,0.0,0.0027675412129610777,0.0,0.012453935109078884,0.0,0.0,0.0,0.0,0.0,0.0,0.0,0.5997547467028715,0.01715353629355627,0.5,0.6361814141273499,0.6201191544532776,0.0005874347407370806,0.0,0.0,0.0,-0.0013837706064805388,-0.006918853148818016,0.02214032970368862,0.0,0.0,0.0,0.0,0.0,0.0,0.0,0.4927130883284375,-0.34239423562591315,0.5
0.935,TAKEOFF,0.25862738490104675,0.26123154163360596,0.0003753202618099749,0.0,0.0,0.0,0.0,-0.0027675412129610777,-0.03874557837843895,0.0,0.0,0.0,0.0,0.0,0.0,0.0,0.5999599183662697,0.006935153490652876,0.5,0.6465243101119995,0.10032197088003159,0.00036461889976635575,0.0,0.0,0.0,0.0027675412129610777,0.0,0.012453935109078884,0.0,0.0,0.0,0.0,0.0,0.0,0.0,0.5997546697442442,0.017156226857107954,0.5,0.6361814141273499,0.6201191544532776,0.0005874347407370806,0.0,0.0,0.0,-0.0013837706064805388,-0.006918853148818016,0.02214032970368862,0.0,0.0,0.0,0.0,0.0,0.0,0.0,0.4927134634649458,-0.34239369579531903,0.5
0.955,TAKEOFF,0.25862738490104675,0.26123154163360596,0.0003753202618099749,0.0,0.0,0.0,0.0,-0.0027675412129610777,-0.03874557837843895,0.0,0.0,0.0,0.0,0.0,0.0,0.0,0.599959918866303,0.006935110232657801,0.5,0.6465243101119995,0.10032197088003159,0.00036461889976635575,0.0,0.0,0.0,0.0027675412129610777,0.0,0.012453935109078884,0.0,0.0,0.0,0.0,0.0,0.0,0.0,0.5997545932354068,0.017158901276936155,0.5,0.6361814141273499,0.6201191544532776,0.0005874347407370806,0.0,0.0,0.0,-0.0013837706064805388,-0.006918853148818016,0.02214032970368862,0.0,0.0,0.0,0.0,0.0,0.0,0.0,0.49271383635004895,-0.34239315920330116,0.5
0.975,TAKEOFF,0.25859951972961426,0.26144319772720337,0.00037661049282178283,0.0,0.0,0.0,-0.0,-0.004151311703026295,-0.03736180439591408,0.0,0.0,0.0,0.0,0.0,0.0,0.0,0.5999599193633329,0.006935067234210662,0.5,0.6465243101119995,0.10032197088003159,0.00036461889976635575,0.0,0.0,0.0,0.0027675412129610777,0.0,0.012453935109078884,0.0,0.0,0.0,0.0,0.0,0.0,0.0,0.5997545171738039,0.01716155964990726,0.5,0.6361814141273499,0.6201191544532776,0.0005874347407370806,0.0,0.0,0.0,-0.0013837706064805388,-0.006918853148818016,0.02214032970368862,0.0,0.0,0.0,0.0,0.0,0.0,0.0,0.4927142069972624,-0.3423926258304329,0.5
0.995,TAKEOFF,0.25859951972961426,0.26144319772720337,0.00037661049282178283,0.0,0.0,0.0,-0.0,-0.004151311703026295,-0.03736180439591408,0.0,0.0,0.0,0.0,0.0,0.0,0.0,0.5999599198573776,0.006935024493754168,0.5,0.6465243101119995,0.10032197088003159,0.00036461889976635575,0.0,0.0,0.0,0.0027675412129610777,0.0,0.012453935109078884,0.0,0.0,0.0,0.0,0.0,0.0,0.0,0.5997543943053143,0.017165853065476192,0.5,0.6361814141273499,0.6201191544532776,0.0005874347407370806,0.0,0.0,0.0,-0.0013837706064805388,-0.006918853148818016,0.02214032970368862,0.0,0.0,0.0,0.0,0.0,0.0,0.0,0.49271457542002034,-0.34239209565740425,0.5
1.015,TAKEOFF,0.25859951972961426,0.26144319772720337,0.00037661049282178283,0.0,0.0,0.0,-0.0,-0.004151311703026295,-0.03736180439591408,0.0,0.0,0.0,0.0,0.0,0.0,0.0,0.5999599170594921,0.006935266539016105,0.5,0.6471394896507263,0.09915810823440552,0.0024880915880203247,0.0,0.0,0.0,0.0027675412129610777,-0.0,0.019372789189219475,0.0,0.0,0.0,0.0,0.0,0.0,0.0,0.5997542721435768,0.01717012071967993,0.5,0.6364411115646362,0.620470404624939,-0.00015433902444783598,0.0,0.0,0.0,-0.0013837706064805388,-0.006918853148818016,0.017989017069339752,0.0,0.0,0.0,0.0,0.0,0.0,0.0,0.4927110367235273,-0.34239718791314117,0.5
1.035,TAKEOFF,0.25859951972961426,0.26144319772720337,0.00037661049282178283,0.0,0.0,0.0,-0.0,-0.004151311703026295,-0.03736180439591408,0.0,0.0,0.0,0.0,0.0,0.0,0.0,0.5999599142782973,0.006935507132005351,0.5,0.6471394896507263,0.09915810823440552,0.0024880915880203247,0.0,0.0,0.0,0.0027675412129610777,-0.0,0.019372789189219475,0.0,0.0,0.0,0.0,0.0,0.0,0.0,0.5997541506847153,0.017174362767096888,0.5,0.6364411115646362,0.620470404624939,-0.00015433902444783598,0.0,0.0,0.0,-0.0013837706064805388,-0.006918853148818016,0.017989017069339752,0.0,0.0,0.0,0.0,0.0,0.0,0.0,0.492707519207057,-0.34240224957909887,0.5
1.055,TAKEOFF,0.25859951972961426,0.26144319772720337,0.00037661049282178283,0.0,0.0,0.0,-0.0,-0.004151311703026295,-0.03736180439591408,0.0,0.0,0.0,0.0,0.0,0.0,0.0,0.599959911513694,0.006935746281435556,0.5,0.6471394896507263,0.09915810823440552,0.0024880915880203247,0.0,0.0,0.0,0.0027675412129610777,-0.0,0.019372789189219475,0.0,0.0,0.0,0.0,0.0,0.0,0.0,0.5997540299248725,0.01717857936137788,0.5,0.6364411115646362,0.620470404624939,-0.00015433902444783598,0.0,0.0,0.0,-0.0013837706064805388,-0.006918853148818016,0.017989017069339752,0.0,0.0,0.0,0.0,0.0,0.0,0.0,0.49270402274415365,-0.34240728083924926,0.5
1.075,TAKEOFF,0.2579129934310913,0.2616031765937805,4.6180313802324235e-05,0.0,0.0,0.0,-0.0,-0.005535082425922155,-0.020756559446454048,0.0,0.0,0.0,0.0,0.0,0.0,0.0,0.5999599087655838,0.006935983995968086,0.5,0.6471394896507263,0.09915810823440552,0.0024880915880203247,0.0,0.0,0.0,0.0027675412129610777,-0.0,0.019372789189219475,0.0,0.0,0.0,0.0,0.0,0.0,0.0,0.59975390986021,0.0171827706552517,0.5,0.6364411115646362,0.620470404624939,-0.00015433902444783598,0.0,0.0,0.0,-0.0013837706064805388,-0.006918853148818016,0.017989017069339752,0.0,0.0,0.0,0.0,0.0,0.0,0.0,0.4927005472091126,-0.3424122818764551,0.5
1.095,TAKEOFF,0.2579129934310913,0.2616031765937805,4.6180313802324235e-05,0.0,0.0,0.0,-0.0,-0.005535082425922155,-0.020756559446454048,0.0,0.0,0.0,0.0,0.0,0.0,0.0,0.599959906033869,0.006936220284212342,0.5,0.6471394896507263,0.09915810823440552,0.0024880915880203247,0.0,0.0,0.0,0.0027675412129610777,-0.0,0.019372789189219475,0.0,0.0,0.0,0.0,0.0,0.0,0.0,0.5997536218657703,0.01719281998075377,0.5,0.6364411115646362,0.620470404624939,-0.00015433902444783598,0.0,0.0,0.0,-0.0013837706064805388,-0.006918853148818016,0.017989017069339752,0.0,0.0,0.0,0.0,0.0,0.0,0.0,0.4926970924769764,-0.34241725287247676,0.5
1.115,TAKEOFF,0.2579129934310913,0.2616031765937805,4.6180313802324235e-05,0.0,0.0,0.0,-0.0,-0.005535082425922155,-0.020756559446454048,0.0,0.0,0.0,0.0,0.0,0.0,0.0,0.5999597792578232,0.006947177333568678,0.5,0.6476669311523438,0.097259022295475,0.005608538165688515,0.0,0.0,0.0,0.0027675412129610777,-0.0027675412129610777,0.02214032970368862,0.0,0.0,0.0,0.0,0.0,0.0,0.0,0.5997533354324256,0.017202809005519216,0.5,0.6350012421607971,0.6227664947509766,0.002043206477537751,0.0,0.0,0.0,-0.004151311703026295,-0.0027675412129610777,0.017989017069339752,0.0,0.0,0.0,0.0,0.0,0.0,0.0,0.4926875189656613,-0.34243102758871186,0.5
1.135,TAKEOFF,0.2579129934310913,0.2616031765937805,4.6180313802324235e-05,0.0,0.0,0.0,-0.0,-0.005535082425922155,-0.020756559446454048,0.0,0.0,0.0,0.0,0.0,0.0,0.0,0.5999596530441228,0.006958068638332559,0.5,0.6476669311523438,0.097259022295475,0.005608538165688515,0.0,0.0,0.0,0.0027675412129610777,-0.0027675412129610777,0.02214032970368862,0.0,0.0,0.0,0.0,0.0,0.0,0.0,0.5997530505528059,0.017212738091406943,0.5,0.6350012421607971,0.6227664947509766,0.002043206477537751,0.0,0.0,0.0,-0.004151311703026295,-0.0027675412129610777,0.017989017069339752,0.0,0.0,0.0,0.0,0.0,0.0,0.0,0.4926780025137626,-0.3424447193913916,0.5
1.155,TAKEOFF,0.2579129934310913,0.2616031765937805,4.6180313802324235e-05,0.0,0.0,0.0,-0.0,-0.005535082425922155,-0.020756559446454048,0.0,0.0,0.0,0.0,0.0,0.0,0.0,0.5999595273917664,0.006968894592995459,0.5,0.6476669311523438,0.097259022295475,0.005608538165688515,0.0,0.0,0.0,0.0027675412129610777,-0.0027675412129610777,0.02214032970368862,0.0,0.0,0.0,0.0,0.0,0.0,0.0,0.5997527672195616,0.017222607598104095,0.5,0.6350012421607971,0.6227664947509766,0.002043206477537751,0.0,0.0,0.0,-0.004151311703026295,-0.0027675412129610777,0.017989017069339752,0.0,0.0,0.0,0.0,0.0,0.0,0.0,0.49266854278349725,-0.34245832878116034,0.5
1.175,TAKEOFF,0.25780799984931946,0.2619246542453766,0.00012753700139001012,0.0,0.0,0.0,-0.0,-0.005535082425922155,0.0027675412129610777,0.0,0.0,0.0,0.0,0.0,0.0,0.0,0.5999595273917664,0.006968894592995459,0.5,0.6476669311523438,0.097259022295475,0.005608538165688515,0.0,0.0,0.0,0.0027675412129610777,-0.0027675412129610777,0.02214032970368862,0.0,0.0,0.0,0.0,0.0,0.0,0.0,0.5997527672195616,0.017222607598104095,0.5,0.6350012421607971,0.6227664947509766,0.002043206477537751,0.0,0.0,0.0,-0.004151311703026295,-0.0027675412129610777,0.017989017069339752,0.0,0.0,0.0,0.0,0.0,0.0,0.0,0.49266854278349725,-0.34245832878116034,0.5
1.498,TAKEOFF,0.25780799984931946,0.2619246542453766,0.00012753700139001012,0.0,0.0,0.0,-0.0,-0.005535082425922155,0.0027675412129610777,0.0,0.0,0.0,0.0,0.0,0.0,0.0,0.5999595273917664,0.006968894592995459,0.5,0.6476669311523438,0.097259022295475,0.005608538165688515,0.0,0.0,0.0,0.0027675412129610777,-0.0027675412129610777,0.02214032970368862,0.0,0.0,0.0,0.0,0.0,0.0,0.0,0.5997527672195616,0.017222607598104095,0.5,0.6350012421607971,0.6227664947509766,0.002043206477537751,0.0,0.0,0.0,-0.004151311703026295,-0.0027675412129610777,0.017989017069339752,0.0,0.0,0.0,0.0,0.0,0.0,0.0,0.49266854278349725,-0.34245832878116034,0.5
1.516,TAKEOFF,0.2505651116371155,0.2661776840686798,0.0020383684895932674,0.0,0.0,0.0,-0.004151311703026295,-0.017989017069339752,0.05119951069355011,0.0,0.0,0.0,0.0,0.0,0.0,0.0,0.5999593316322799,0.006985727402925545,0.5,0.6168335676193237,0.10418470948934555,0.008643926121294498,0.0,0.0,0.0,0.006918853148818016,0.00830262340605259,0.019372789189219475,0.0,0.0,0.0,0.0,0.0,0.0,0.0,0.5997327624469236,0.01790568758193347,0.5,0.6609277129173279,0.6297352313995361,0.005123736336827278,0.0,0.0,0.0,0.005535082425922155,-0.015221476554870605,0.023524099960923195,0.0,0.0,0.0,0.0,0.0,0.0,0.0,0.49302272333004743,-0.34194823333397045,0.5
1.535,TAKEOFF,0.2505651116371155,0.2661776840686798,0.0020383684895932674,0.0,0.0,0.0,-0.004151311703026295,-0.017989017069339752,0.05119951069355011,0.0,0.0,0.0,0.0,0.0,0.0,0.0,0.5999598111667694,0.006944421123060229,0.5,0.6168335676193237,0.10418470948934555,0.008643926121294498,0.0,0.0,0.0,0.006918853148818016,0.00830262340605259,0.019372789189219475,0.0,0.0,0.0,0.0,0.0,0.0,0.0,0.5997301034802098,0.017994526379341295,0.5,0.6609277129173279,0.6297352313995361,0.005123736336827278,0.0,0.0,0.0,0.005535082425922155,-0.015221476554870605,0.023524099960923195,0.0,0.0,0.0,0.0,0.0,0.0,0.0,0.49304869104822224,-0.34191078990817864,0.5
1.555,TAKEOFF,0.2505651116371155,0.2661776840686798,0.0020383684895932674,0.0,0.0,0.0,-0.004151311703026295,-0.017989017069339752,0.05119951069355011,0.0,0.0,0.0,0.0,0.0,0.0,0.0,0.5999602850057216,0.006903362648252076,0.5,0.6168335676193237,0.10418470948934555,0.008643926121294498,0.0,0.0,0.0,0.006918853148818016,0.00830262340605259,0.019372789189219475,0.0,0.0,0.0,0.0,0.0,0.0,0.0,0.5997274474257492,0.018082831752665084,0.5,0.6609277129173279,0.6297352313995361,0.005123736336827278,0.0,0.0,0.0,0.005535082425922155,-0.015221476554870605,0.023524099960923195,0.0,0.0,0.0,0.0,0.0,0.0,0.0,0.4930745001419276,-0.34187356918865236,0.5
1.575,TAKEOFF,0.24518534541130066,0.26883623003959656,0.0006306880386546254,0.0,0.0,0.0,-0.0013837706064805388,-0.01107016485184431,0.07057230174541473,0.0,0.0,0.0,0.0,0.0,0.0,0.0,0.599960753217026,0.006862550492251602,0.5,0.6168335676193237,0.10418470948934555,0.008643926121294498,0.0,0.0,0.0,0.006918853148818016,0.00830262340605259,0.019372789189219475,0.0,0.0,0.0,0.0,0.0,0.0,0.0,0.5997230719105426,0.01822737002922015,0.5,0.6609277129173279,0.6297352313995361,0.005123736336827278,0.0,0.0,0.0,0.005535082425922155,-0.015221476554870605,0.023524099960923195,0.0,0.0,0.0,0.0,0.0,0.0,0.0,0.4931001515964809,-0.3418365698627452,0.5
1.595,TAKEOFF,0.24518534541130066,0.26883623003959656,0.0006306880386546254,0.0,0.0,0.0,-0.0013837706064805388,-0.01107016485184431,0.07057230174541473,0.0,0.0,0.0,0.0,0.0,0.0,0.0,0.5999612158677616,0.00682198317771646,0.5,0.6168335676193237,0.10418470948934555,0.008643926121294498,0.0,0.0,0.0,0.006918853148818016,0.00830262340605259,0.019372789189219475,0.0,0.0,0.0,0.0,0.0,0.0,0.0,0.5997186881266329,0.01837104002691241,0.5,0.6609277129173279,0.6297352313995361,0.005123736336827278,0.0,0.0,0.0,0.005535082425922155,-0.015221476554870605,0.023524099960923195,0.0,0.0,0.0,0.0,0.0,0.0,0.0,0.493125646390889,-0.34179979062540083,0.5
1.615,TAKEOFF,0.24518534541130066,0.26883623003959656,0.0006306880386546254,0.0,0.0,0.0,-0.0013837706064805388,-0.01107016485184431,0.07057230174541473,0.0,0.0,0.0,0.0,0.0,0.0,0.0,0.5999618571218645,0.006765352827718347,0.5,0.608149528503418,0.09878692030906677,0.014167767018079758,0.0,0.0,0.0,0.004151311703026295,0.017989017069339752,0.01660524681210518,0.0,0.0,0.0,0.0,0.0,0.0,0.0,0.5997142965369003,0.018513846959796496,0.5,0.666712760925293,0.6295101046562195,0.005693220999091864,0.0,0.0,0.0,0.0,-0.03321049362421036,0.023524099960923195,0.0,0.0,0.0,0.0,0.0,0.0,0.0,0.49313808447428337,-0.3417818451015714,0.5
1.635,TAKEOFF,0.24518534541130066,0.26883623003959656,0.0006306880386546254,0.0,0.0,0.0,-0.0013837706064805388,-0.01107016485184431,0.07057230174541473,0.0,0.0,0.0,0.0,0.0,0.0,0.0,0.5999624892311147,0.006709062200084938,0.5,0.608149528503418,0.09878692030906677,0.014167767018079758,0.0,0.0,0.0,0.004151311703026295,0.017989017069339752,0.01660524681210518,0.0,0.0,0.0,0.0,0.0,0.0,0.0,0.5997098975965011,0.018655796010736553,0.5,0.666712760925293,0.6295101046562195,0.005693220999091864,0.0,0.0,0.0,0.0,-0.03321049362421036,0.023524099960923195,0.0,0.0,0.0,0.0,0.0,0.0,0.0,0.49315044728198076,-0.3417640068023288,0.5
1.655,TAKEOFF,0.24518534541130066,0.26883623003959656,0.0006306880386546254,0.0,0.0,0.0,-0.0013837706064805388,-0.01107016485184431,0.07057230174541473,0.0,0.0,0.0,0.0,0.0,0.0,0.0,0.5999631123137532,0.006653109257687793,0.5,0.608149528503418,0.09878692030906677,0.014167767018079758,0.0,0.0,0.0,0.004151311703026295,0.017989017069339752,0.01660524681210518,0.0,0.0,0.0,0.0,0.0,0.0,0.0,0.5997054917529725,0.018796892331589633,0.5,0.666712760925293,0.6295101046562195,0.005693220999091864,0.0,0.0,0.0,0.0,-0.03321049362421036,0.023524099960923195,0.0,0.0,0.0,0.0,0.0,0.0,0.0,0.4931627352733625,-0.3417462750897153,0.5
1.675,TAKEOFF,0.23827528953552246,0.27139514684677124,0.00036106875631958246,0.0,0.0,0.0,-0.006918853148818016,-0.00830262340605259,0.08025868982076645,0.0,0.0,0.0,0.0,0.0,0.0,0.0,0.5999637264865535,0.00659749197559803,0.5,0.608149528503418,0.09878692030906677,0.014167767018079758,0.0,0.0,0.0,0.004151311703026295,0.017989017069339752,0.01660524681210518,0.0,0.0,0.0,0.0,0.0,0.0,0.0,0.5997010794463379,0.018937141043388107,0.5,0.666712760925293,0.6295101046562195,0.005693220999091864,0.0,0.0,0.0,0.0,-0.03321049362421036,0.023524099960923195,0.0,0.0,0.0,0.0,0.0,0.0,0.0,0.49317494890496116,-0.34172864932953584,0.5
1.695,TAKEOFF,0.23827528953552246,0.27139514684677124,0.00036106875631958246,0.0,0.0,0.0,-0.006918853148818016,-0.00830262340605259,0.08025868982076645,0.0,0.0,0.0,0.0,0.0,0.0,0.0,0.5999643318648391,0.006542208341013563,0.5,0.608149528503418,0.09878692030906677,0.014167767018079758,0.0,0.0,0.0,0.004151311703026295,0.017989017069339752,0.01660524681210518,0.0,0.0,0.0,0.0,0.0,0.0,0.0,0.5996944925236647,0.01914459810976078,0.5,0.666712760925293,0.6295101046562195,0.005693220999091864,0.0,0.0,0.0,0.0,-0.03321049362421036,0.023524099960923195,0.0,0.0,0.0,0.0,0.0,0.0,0.0,0.49318708863047944,-0.3417111288913365,0.5
1.715,TAKEOFF,0.23827528953552246,0.27139514684677124,0.00036106875631958246,0.0,0.0,0.0,-0.006918853148818016,-0.00830262340605259,0.08025868982076645,0.0,0.0,0.0,0.0,0.0,0.0,0.0,0.5999649868996432,0.006481858877745478,0.5,0.6008172035217285,0.09520892798900604,0.02072356455028057,0.0,0.0,0.0,-0.01660524681210518,0.03874557837843895,0.015221476554870605,0.0,0.0,0.0,0.0,0.0,0.0,0.0,0.5996878740006565,0.01935080816329566,0.5,0.6678150296211243,0.6286595463752747,0.009591791778802872,0.0,0.0,0.0,0.005535082425922155,-0.027675412595272064,0.03044295310974121,0.0,0.0,0.0,0.0,0.0,0.0,0.0,0.49319121427309737,-0.3417051743299006,0.5
1.735,TAKEOFF,0.23827528953552246,0.27139514684677124,0.00036106875631958246,0.0,0.0,0.0,-0.006918853148818016,-0.00830262340605259,0.08025868982076645,0.0,0.0,0.0,0.0,0.0,0.0,0.0,0.5999656319883062,0.006421871446261295,0.5,0.6008172035217285,0.09520892798900604,0.02072356455028057,0.0,0.0,0.0,-0.01660524681210518,0.03874557837843895,0.015221476554870605,0.0,0.0,0.0,0.0,0.0,0.0,0.0,0.599681224918593,0.01955577868906975,0.5,0.6678150296211243,0.6286595463752747,0.009591791778802872,0.0,0.0,0.0,0.005535082425922155,-0.027675412595272064,0.03044295310974121,0.0,0.0,0.0,0.0,0.0,0.0,0.0,0.49319531509061204,-0.34169925544646984,0.5
1.755,TAKEOFF,0.23827528953552246,0.27139514684677124,0.00036106875631958246,0.0,0.0,0.0,-0.006918853148818016,-0.00830262340605259,0.08025868982076645,0.0,0.0,0.0,0.0,0.0,0.0,0.0,0.5999662672624733,0.00636224387574223,0.5,0.6008172035217285,0.09520892798900604,0.02072356455028057,0.0,0.0,0.0,-0.01660524681210518,0.03874557837843895,0.015221476554870605,0.0,0.0,0.0,0.0,0.0,0.0,0.0,0.5996745463023108,0.019759517127646294,0.5,0.6678150296211243,0.6286595463752747,0.009591791778802872,0.0,0.0,0.0,0.005535082425922155,-0.027675412595272064,0.03044295310974121,0.0,0.0,0.0,0.0,0.0,0.0,0.0,0.4931993912328261,-0.3416933720275676,0.5
1.775,TAKEOFF,0.23357704281806946,0.2769821882247925,0.0076811183243989944,0.0,0.0,0.0,-0.004151311703026295,0.005535082425922155,0.08579377084970474,0.0,0.0,0.0,0.0,0.0,0.0,0.0,0.5999668928521389,0.006302974008367366,0.5,0.6008172035217285,0.09520892798900604,0.02072356455028057,0.0,0.0,0.0,-0.01660524681210518,0.03874557837843895,0.015221476554870605,0.0,0.0,0.0,0.0,0.0,0.0,0.0,0.5996678391604242,0.019962030875329398,0.5,0.6678150296211243,0.6286595463752747,0.009591791778802872,0.0,0.0,0.0,0.005535082425922155,-0.027675412595272064,0.03044295310974121,0.0,0.0,0.0,0.0,0.0,0.0,0.0,0.4932034428486328,-0.3416875238609911,0.5
1.795,TAKEOFF,0.23357704281806946,0.2769821882247925,0.0076811183243989944,0.0,0.0,0.0,-0.004151311703026295,0.005535082425922155,0.08579377084970474,0.0,0.0,0.0,0.0,0.0,0.0,0.0,0.5999675088856665,0.0062440596992361826,0.5,0.6008172035217285,0.09520892798900604,0.02072356455028057,0.0,0.0,0.0,-0.01660524681210518,0.03874557837843895,0.015221476554870605,0.0,0.0,0.0,0.0,0.0,0.0,0.0,0.5996586903636805,0.020234996202511037,0.5,0.6678150296211243,0.6286595463752747,0.009591791778802872,0.0,0.0,0.0,0.005535082425922155,-0.027675412595272064,0.03044295310974121,0.0,0.0,0.0,0.0,0.0,0.0,0.0,0.4932074700860222,-0.34168171073580367,0.5
1.815,TAKEOFF,0.23357704281806946,0.2769821882247925,0.0076811183243989944,0.0,0.0,0.0,-0.004151311703026295,0.005535082425922155,0.08579377084970474,0.0,0.0,0.0,0.0,0.0,0.0,0.0,0.5999680677478324,0.006190127860749592,0.5,0.6063429117202759,0.10215308517217636,0.021792378276586533,0.0,0.0,0.0,-0.0013837706064805388,0.04289688542485237,0.020756559446454048,0.0,0.0,0.0,0.0,0.0,0.0,0.0,0.5996494733235174,0.020506319582710614,0.5,0.6657268404960632,0.6283104419708252,0.018920518457889557,0.0,0.0,0.0,0.009686394594609737,-0.03044295310974121,0.03321049362421036,0.0,0.0,0.0,0.0,0.0,0.0,0.0,0.49323145586331346,-0.3416470853775227,0.5
1.835,TAKEOFF,0.23357704281806946,0.2769821882247925,0.0076811183243989944,0.0,0.0,0.0,-0.004151311703026295,0.005535082425922155,0.08579377084970474,0.0,0.0,0.0,0.0,0.0,0.0,0.0,0.5999686184523687,0.00613651956372342,0.5,0.6063429117202759,0.10215308517217636,0.021792378276586533,0.0,0.0,0.0,-0.0013837706064805388,0.04289688542485237,0.020756559446454048,0.0,0.0,0.0,0.0,0.0,0.0,0.0,0.5996401899244669,0.020776010862271998,0.5,0.6657268404960632,0.6283104419708252,0.018920518457889557,0.0,0.0,0.0,0.009686394594609737,-0.03044295310974121,0.03321049362421036,0.0,0.0,0.0,0.0,0.0,0.0,0.0,0.4932552953169208,-0.3416126661027327,0.5
1.855,TAKEOFF,0.23357704281806946,0.2769821882247925,0.0076811183243989944,0.0,0.0,0.0,-0.004151311703026295,0.005535082425922155,0.08579377084970474,0.0,0.0,0.0,0.0,0.0,0.0,0.0,0.5999691611056976,0.0060832328679261225,0.5,0.6063429117202759,0.10215308517217636,0.021792378276586533,0.0,0.0,0.0,-0.0013837706064805388,0.04289688542485237,0.020756559446454048,0.0,0.0,0.0,0.0,0.0,0.0,0.0,0.599630842022097,0.02104407982951063,0.5,0.6657268404960632,0.6283104419708252,0.018920518457889557,0.0,0.0,0.0,0.009686394594609737,-0.03044295310974121,0.03321049362421036,0.0,0.0,0.0,0.0,0.0,0.0,0.0,0.4932789893534931,-0.3415784516950629,0.5
1.875,TAKEOFF,0.2285732924938202,0.27869752049446106,0.014009663835167885,0.0,0.0,0.0,0.009686394594609737,0.009686394594609737,0.08994509279727936,0.0,0.0,0.0,0.0,0.0,0.0,0.0,0.5999696958129149,0.006030265844747784,0.5,0.6063429117202759,0.10215308517217636,0.021792378276586533,0.0,0.0,0.0,-0.0013837706064805388,0.04289688542485237,0.020756559446454048,0.0,0.0,0.0,0.0,0.0,0.0,0.0,0.5996214314433964,0.0213105362150315,0.5,0.6657268404960632,0.6283104419708252,0.018920518457889557,0.0,0.0,0.0,0.009686394594609737,-0.03044295310974121,0.03321049362421036,0.0,0.0,0.0,0.0,0.0,0.0,0.0,0.4933025388738975,-0.34154444094519654,0.5
1.895,TAKEOFF,0.2285732924938202,0.27869752049446106,0.014009663835167885,0.0,0.0,0.0,0.009686394594609737,0.009686394594609737,0.08994509279727936,0.0,0.0,0.0,0.0,0.0,0.0,0.0,0.5999702226778065,0.005977616577130764,0.5,0.6063429117202759,0.10215308517217636,0.021792378276586533,0.0,0.0,0.0,-0.0013837706064805388,0.04289688542485237,0.020756559446454048,0.0,0.0,0.0,0.0,0.0,0.0,0.0,0.5996101869449175,0.021624608941691485,0.5,0.6657268404960632,0.6283104419708252,0.018920518457889557,0.0,0.0,0.0,0.009686394594609737,-0.03044295310974121,0.03321049362421036,0.0,0.0,0.0,0.0,0.0,0.0,0.0,0.4933259447732588,-0.3415106326508321,0.5
1.915,TAKEOFF,0.2285732924938202,0.27869752049446106,0.014009663835167885,0.0,0.0,0.0,0.009686394594609737,0.009686394594609737,0.08994509279727936,0.0,0.0,0.0,0.0,0.0,0.0,0.0,0.599970665027074,0.005933052078874716,0.5,0.6135290861129761,0.10494678467512131,0.03259267657995224,0.0,0.0,0.0,-0.0027675412129610777,0.0,0.031826723366975784,0.0,0.0,0.0,0.0,0.0,0.0,0.0,0.5995988468844415,0.02193679135261246,0.5,0.6600750684738159,0.6256752610206604,0.03158135712146759,0.0,0.0,0.0,-0.009686394594609737,-0.0027675412129610777,0.03044295310974121,0.0,0.0,0.0,0.0,0.0,0.0,0.0,0.4933543462281664,-0.34146960195276316,0.5
1.935,TAKEOFF,0.2285732924938202,0.27869752049446106,0.014009663835167885,0.0,0.0,0.0,0.009686394594609737,0.009686394594609737,0.08994509279727936,0.0,0.0,0.0,0.0,0.0,0.0,0.0,0.5999711014418224,0.005888754935167927,0.5,0.6135290861129761,0.10494678467512131,0.03259267657995224,0.0,0.0,0.0,-0.0027675412129610777,0.0,0.031826723366975784,0.0,0.0,0.0,0.0,0.0,0.0,0.0,0.5995874137888656,0.022247094776164458,0.5,0.6600750684738159,0.6256752610206604,0.03158135712146759,0.0,0.0,0.0,-0.009686394594609737,-0.0027675412129610777,0.03044295310974121,0.0,0.0,0.0,0.0,0.0,0.0,0.0,0.49338257389240875,-0.34142881509811357,0.5
1.955,TAKEOFF,0.2285732924938202,0.27869752049446106,0.014009663835167885,0.0,0.0,0.0,0.009686394594609737,0.009686394594609737,0.08994509279727936,0.0,0.0,0.0,0.0,0.0,0.0,0.0,0.5999715319969037,0.005844723542510525,0.5,0.6135290861129761,0.10494678467512131,0.03259267657995224,0.0,0.0,0.0,-0.0027675412129610777,0.0,0.031826723366975784,0.0,0.0,0.0,0.0,0.0,0.0,0.0,0.5995758901465418,0.02255553047441119,0.5,0.6600750684738159,0.6256752610206604,0.03158135712146759,0.0,0.0,0.0,-0.009686394594609737,-0.0027675412129610777,0.03044295310974121,0.0,0.0,0.0,0.0,0.0,0.0,0.0,0.4934106288490003,-0.3413882706521038,0.5
1.975,TAKEOFF,0.22554677724838257,0.2810588777065277,0.022067617624998093,0.0,0.0,0.0,0.01660524681210518,0.03874557837843895,0.09548017382621765,0.0,0.0,0.0,0.0,0.0,0.0,0.0,0.5999719567662509,0.005800956307011843,0.5,0.6135290861129761,0.10494678467512131,0.03259267657995224,0.0,0.0,0.0,-0.0027675412129610777,0.0,0.031826723366975784,0.0,0.0,0.0,0.0,0.0,0.0,0.0,0.599564278407787,0.0228621096434611,0.5,0.6600750684738159,0.6256752610206604,0.03158135712146759,0.0,0.0,0.0,-0.009686394594609737,-0.0027675412129610777,0.03044295310974121,0.0,0.0,0.0,0.0,0.0,0.0,0.0,0.4934385121739787,-0.34134796718822014,0.5
1.995,TAKEOFF,0.22554677724838257,0.2810588777065277,0.022067617624998093,0.0,0.0,0.0,0.01660524681210518,0.03874557837843895,0.09548017382621765,0.0,0.0,0.0,0.0,0.0,0.0,0.0,0.59997237582289,0.005757451644332994,0.5,0.6135290861129761,0.10494678467512131,0.03259267657995224,0.0,0.0,0.0,-0.0027675412129610777,0.0,0.031826723366975784,0.0,0.0,0.0,0.0,0.0,0.0,0.0,0.5995510995023833,0.023205152132302922,0.5,0.6600750684738159,0.6256752610206604,0.03158135712146759,0.0,0.0,0.0,-0.009686394594609737,-0.0027675412129610777,0.03044295310974121,0.0,0.0,0.0,0.0,0.0,0.0,0.0,0.49346622493645315,-0.34130790328816857,0.5
2.015,TAKEOFF,0.22554677724838257,0.2810588777065277,0.022067617624998093,0.0,0.0,0.0,0.01660524681210518,0.03874557837843895,0.09548017382621765,0.0,0.0,0.0,0.0,0.0,0.0,0.0,0.5999726297357337,0.005730930813412762,0.5,0.6190484166145325,0.10432155430316925,0.04115372523665428,0.0,0.0,0.0,0.00830262340605259,-0.0013837706064805388,0.03736180439591408,0.0,0.0,0.0,0.0,0.0,0.0,0.0,0.5995378051605589,0.023546128838084258,0.5,0.6535983085632324,0.6253258585929871,0.0431327223777771,0.0,0.0,0.0,-0.019372789189219475,0.02214032970368862,0.020756559446454048,0.0,0.0,0.0,0.0,0.0,0.0,0.0,0.49348872274788214,-0.3412753734459372,0.5
2.035,TAKEOFF,0.22554677724838257,0.2810588777065277,0.022067617624998093,0.0,0.0,0.0,0.01660524681210518,0.03874557837843895,0.09548017382621765,0.0,0.0,0.0,0.0,0.0,0.0,0.0,0.5999728809633187,0.005704569096380624,0.5,0.6190484166145325,0.10432155430316925,0.04115372523665428,0.0,0.0,0.0,0.00830262340605259,-0.0013837706064805388,0.03736180439591408,0.0,0.0,0.0,0.0,0.0,0.0,0.0,0.5995243984063098,0.023885052136270502,0.5,0.6535983085632324,0.6253258585929871,0.0431327223777771,0.0,0.0,0.0,-0.019372789189219475,0.02214032970368862,0.020756559446454048,0.0,0.0,0.0,0.0,0.0,0.0,0.0,0.4935110834473003,-0.34124303731310285,0.5
2.055,TAKEOFF,0.22554677724838257,0.2810588777065277,0.022067617624998093,0.0,0.0,0.0,0.01660524681210518,0.03874557837843895,0.09548017382621765,0.0,0.0,0.0,0.0,0.0,0.0,0.0,0.5999731295356555,0.005678365538736457,0.5,0.6190484166145325,0.10432155430316925,0.04115372523665428,0.0,0.0,0.0,0.00830262340605259,-0.0013837706064805388,0.03736180439591408,0.0,0.0,0.0,0.0,0.0,0.0,0.0,0.5995108822175795,0.024221934330262353,0.5,0.6535983085632324,0.6253258585929871,0.0431327223777771,0.0,0.0,0.0,-0.019372789189219475,0.02214032970368862,0.020756559446454048,0.0,0.0,0.0,0.0,0.0,0.0,0.0,0.49353330788271,-0.34121089374512964,0.5
2.075,TAKEOFF,0.22783489525318146,0.280100017786026,0.03051861748099327,0.0,0.0,0.0,0.004151311703026295,0.012453935109078884,0.10239902138710022,0.0,0.0,0.0,0.0,0.0,0.0,0.0,0.5999733754824085,0.005652319191704047,0.5,0.6190484166145325,0.10432155430316925,0.04115372523665428,0.0,0.0,0.0,0.00830262340605259,-0.0013837706064805388,0.03736180439591408,0.0,0.0,0.0,0.0,0.0,0.0,0.0,0.5994972595268688,0.02455678765176697,0.5,0.6535983085632324,0.6253258585929871,0.0431327223777771,0.0,0.0,0.0,-0.019372789189219475,0.02214032970368862,0.020756559446454048,0.0,0.0,0.0,0.0,0.0,0.0,0.0,0.49355539689672384,-0.3411789416041344,0.5
2.095,TAKEOFF,0.22783489525318146,0.280100017786026,0.03051861748099327,0.0,0.0,0.0,0.004151311703026295,0.012453935109078884,0.10239902138710022,0.0,0.0,0.0,0.0,0.0,0.0,0.0,0.5999736188328996,0.005626429112196793,0.5,0.6190484166145325,0.10432155430316925,0.04115372523665428,0.0,0.0,0.0,0.00830262340605259,-0.0013837706064805388,0.03736180439591408,0.0,0.0,0.0,0.0,0.0,0.0,0.0,0.5994845190824413,0.024865867780837773,0.5,0.6535983085632324,0.6253258585929871,0.0431327223777771,0.0,0.0,0.0,-0.019372789189219475,0.02214032970368862,0.020756559446454048,0.0,0.0,0.0,0.0,0.0,0.0,0.0,0.4935773513266012,-0.3411471797588496,0.5
2.115,TAKEOFF,0.22783489525318146,0.280100017786026,0.03051861748099327,0.0,0.0,0.0,0.004151311703026295,0.012453935109078884,0.10239902138710022,0.0,0.0,0.0,0.0,0.0,0.0,0.0,0.5999736989198472,0.005617882558092275,0.5,0.6261134147644043,0.10476630926132202,0.05231422930955887,0.0,0.0,0.0,-0.0027675412129610777,-0.004151311703026295,0.031826723366975784,0.0,0.0,0.0,0.0,0.0,0.0,0.0,0.5994716971609111,0.025173086878982835,0.5,0.6532117128372192,0.6309572458267212,0.05272091180086136,0.0,0.0,0.0,-0.009686394594609737,0.004151311703026295,0.0027675412129610777,0.0,0.0,0.0,0.0,0.0,0.0,0.0,0.49359680081258167,-0.3411190382074629,0.5
2.135,TAKEOFF,0.22783489525318146,0.280100017786026,0.03051861748099327,0.0,0.0,0.0,0.004151311703026295,0.012453935109078884,0.10239902138710022,0.0,0.0,0.0,0.0,0.0,0.0,0.0,0.599973778405622,0.005609387282182657,0.5,0.6261134147644043,0.10476630926132202,0.05231422930955887,0.0,0.0,0.0,-0.0027675412129610777,-0.004151311703026295,0.031826723366975784,0.0,0.0,0.0,0.0,0.0,0.0,0.0,0.5994587961438305,0.02547845611079152,0.5,0.6532117128372192,0.6309572458267212,0.05272091180086136,0.0,0.0,0.0,-0.009686394594609737,0.004151311703026295,0.0027675412129610777,0.0,0.0,0.0,0.0,0.0,0.0,0.0,0.4936161320115539,-0.34109106440648973,0.5
2.155,TAKEOFF,0.22783489525318146,0.280100017786026,0.03051861748099327,0.0,0.0,0.0,0.004151311703026295,0.012453935109078884,0.10239902138710022,0.0,0.0,0.0,0.0,0.0,0.0,0.0,0.5999738572952745,0.005600942976813975,0.5,0.6261134147644043,0.10476630926132202,0.05231422930955887,0.0,0.0,0.0,-0.0027675412129610777,-0.004151311703026295,0.031826723366975784,0.0,0.0,0.0,0.0,0.0,0.0,0.0,0.5994458183757979,0.02578198657531713,0.5,0.6532117128372192,0.6309572458267212,0.05272091180086136,0.0,0.0,0.0,-0.009686394594609737,0.004151311703026295,0.0027675412129610777,0.0,0.0,0.0,0.0,0.0,0.0,0.0,0.49363534565220235,-0.3410632573626639,0.5
2.175,TAKEOFF,0.2320515215396881,0.27905213832855225,0.04084903001785278,0.0,0.0,0.0,0.006918853148818016,0.0027675412129610777,0.10516656935214996,0.0,0.0,0.0,0.0,0.0,0.0,0.0,0.5999739355938076,0.005592549336177973,0.5,0.6261134147644043,0.10476630926132202,0.05231422930955887,0.0,0.0,0.0,-0.0027675412129610777,-0.004151311703026295,0.031826723366975784,0.0,0.0,0.0,0.0,0.0,0.0,0.0,0.599434460639375,0.02604471919567598,0.5,0.6532117128372192,0.6309572458267212,0.05272091180086136,0.0,0.0,0.0,-0.009686394594609737,0.004151311703026295,0.0027675412129610777,0.0,0.0,0.0,0.0,0.0,0.0,0.0,0.49365444245861334,-0.34103561608851884,0.5
2.195,TAKEOFF,0.2320515215396881,0.27905213832855225,0.04084903001785278,0.0,0.0,0.0,0.006918853148818016,0.0027675412129610777,0.10516656935214996,0.0,0.0,0.0,0.0,0.0,0.0,0.0,0.5999740133061771,0.0055842060563010415,0.5,0.6261134147644043,0.10476630926132202,0.05231422930955887,0.0,0.0,0.0,-0.0027675412129610777,-0.004151311703026295,0.031826723366975784,0.0,0.0,0.0,0.0,0.0,0.0,0.0,0.5994230569299395,0.026305870462058432,0.5,0.6532117128372192,0.6309572458267212,0.05272091180086136,0.0,0.0,0.0,-0.009686394594609737,0.004151311703026295,0.0027675412129610777,0.0,0.0,0.0,0.0,0.0,0.0,0.0,0.49367342315030593,-0.3410081396023546,0.5
2.215,TAKEOFF,0.2320515215396881,0.27905213832855225,0.04084903001785278,0.0,0.0,0.0,0.006918853148818016,0.0027675412129610777,0.10516656935214996,0.0,0.0,0.0,0.0,0.0,0.0,0.0,0.5999740904372922,0.0055759128350331985,0.5,0.6328113079071045,0.10535824298858643,0.06461300700902939,0.0,0.0,0.0,0.01107016485184431,-0.01107016485184431,0.03044295310974121,0.0,0.0,0.0,0.0,0.0,0.0,0.0,0.5994116088907993,0.02656544987278554,0.5,0.6525540351867676,0.6383295655250549,0.06582793593406677,0.0,0.0,0.0,0.020756559446454048,0.005535082425922155,-0.019372789189219475,0.0,0.0,0.0,0.0,0.0,0.0,0.0,0.49369228844226143,-0.3409808269282056,0.5
2.237,TAKEOFF,0.2320515215396881,0.27905213832855225,0.04084903001785278,0.0,0.0,0.0,0.006918853148818016,0.0027675412129610777,0.10516656935214996,0.0,0.0,0.0,0.0,0.0,0.0,0.0,0.5999739557902684,0.005590382221014278,0.5,0.6328113079071045,0.10535824298858643,0.06461300700902939,0.0,0.0,0.0,0.01107016485184431,-0.01107016485184431,0.03044295310974121,0.0,0.0,0.0,0.0,0.0,0.0,0.0,0.5994001181390248,0.02682346686994628,0.5,0.6525540351867676,0.6383295655250549,0.06582793593406677,0.0,0.0,0.0,0.020756559446454048,0.005535082425922155,-0.019372789189219475,0.0,0.0,0.0,0.0,0.0,0.0,0.0,0.49370937585767816,-0.34095608542775985,0.5
2.255,TAKEOFF,0.2320515215396881,0.27905213832855225,0.04084903001785278,0.0,0.0,0.0,0.006918853148818016,0.0027675412129610777,0.10516656935214996,0.0,0.0,0.0,0.0,0.0,0.0,0.0,0.5999738216053074,0.0056047647874572434,0.5,0.6328113079071045,0.10535824298858643,0.06461300700902939,0.0,0.0,0.0,0.01107016485184431,-0.01107016485184431,0.03044295310974121,0.0,0.0,0.0,0.0,0.0,0.0,0.0,0.5993885862658017,0.027079930839710113,0.5,0.6525540351867676,0.6383295655250549,0.06582793593406677,0.0,0.0,0.0,0.020756559446454048,0.005535082425922155,-0.019372789189219475,0.0,0.0,0.0,0.0,0.0,0.0,0.0,0.49372635951981353,-0.3409314915277141,0.5
2.275,TAKEOFF,0.23582422733306885,0.2773530185222626,0.051471538841724396,0.0,0.0,0.0,0.0013837706064805388,0.0027675412129610777,0.10655033588409424,0.0,0.0,0.0,0.0,0.0,0.0,0.0,0.5999736878837744,0.005619061055309685,0.5,0.6328113079071045,0.10535824298858643,0.06461300700902939,0.0,0.0,0.0,0.01107016485184431,-0.01107016485184431,0.03044295310974121,0.0,0.0,0.0,0.0,0.0,0.0,0.0,0.5993770148367802,0.02733485111263826,0.5,0.6525540351867676,0.6383295655250549,0.06582793593406677,0.0,0.0,0.0,0.020756559446454048,0.005535082425922155,-0.019372789189219475,0.0,0.0,0.0,0.0,0.0,0.0,0.0,0.4937432400658468,-0.3409070443526792,0.5
2.295,TAKEOFF,0.23582422733306885,0.2773530185222626,0.051471538841724396,0.0,0.0,0.0,0.0013837706064805388,0.0027675412129610777,0.10655033588409424,0.0,0.0,0.0,0.0,0.0,0.0,0.0,0.5999735546269765,0.005633271542393288,0.5,0.6328113079071045,0.10535824298858643,0.06461300700902939,0.0,0.0,0.0,0.01107016485184431,-0.01107016485184431,0.03044295310974121,0.0,0.0,0.0,0.0,0.0,0.0,0.0,0.5993672170219625,0.02754885041789749,0.5,0.6525540351867676,0.6383295655250549,0.06582793593406677,0.0,0.0,0.0,0.020756559446454048,0.005535082425922155,-0.019372789189219475,0.0,0.0,0.0,0.0,0.0,0.0,0.0,0.49376001812895937,-0.3408827430323948,0.5
2.315,TAKEOFF,0.23582422733306885,0.2773530185222626,0.051471538841724396,0.0,0.0,0.0,0.0013837706064805388,0.0027675412129610777,0.10655033588409424,0.0,0.0,0.0,0.0,0.0,0.0,0.0,0.599973359251905,0.005654041738844638,0.5,0.6377232670783997,0.10414666682481766,0.07712135463953018,0.0,0.0,0.0,0.006918853148818016,-0.00830262340605259,0.031826723366975784,0.0,0.0,0.0,0.0,0.0,0.0,0.0,0.5993574022748043,0.02776156224707935,0.5,0.6540796160697937,0.6421888470649719,0.07374238222837448,0.0,0.0,0.0,0.006918853148818016,-0.0027675412129610777,-0.03321049362421036,0.0,0.0,0.0,0.0,0.0,0.0,0.0,0.49377035840964223,-0.34086776491186926,0.5
2.335,TAKEOFF,0.23582422733306885,0.2773530185222626,0.051471538841724396,0.0,0.0,0.0,0.0013837706064805388,0.0027675412129610777,0.10655033588409424,0.0,0.0,0.0,0.0,0.0,0.0,0.0,0.5999731643365086,0.005674687307402148,0.5,0.6377232670783997,0.10414666682481766,0.07712135463953018,0.0,0.0,0.0,0.006918853148818016,-0.00830262340605259,0.031826723366975784,0.0,0.0,0.0,0.0,0.0,0.0,0.0,0.5993475716040295,0.02797299434012684,0.5,0.6540796160697937,0.6421888470649719,0.07374238222837448,0.0,0.0,0.0,0.006918853148818016,-0.0027675412129610777,-0.03321049362421036,0.0,0.0,0.0,0.0,0.0,0.0,0.0,0.4937806361983636,-0.34085287634922384,0.5
2.355,TAKEOFF,0.23582422733306885,0.2773530185222626,0.051471538841724396,0.0,0.0,0.0,0.0013837706064805388,0.0027675412129610777,0.10655033588409424,0.0,0.0,0.0,0.0,0.0,0.0,0.0,0.599972969886555,0.005695208995889295,0.5,0.6377232670783997,0.10414666682481766,0.07712135463953018,0.0,0.0,0.0,0.006918853148818016,-0.00830262340605259,0.031826723366975784,0.0,0.0,0.0,0.0,0.0,0.0,0.0,0.5993377260014441,0.0281831543908383,0.5,0.6540796160697937,0.6421888470649719,0.07374238222837448,0.0,0.0,0.0,0.006918853148818016,-0.0027675412129610777,-0.03321049362421036,0.0,0.0,0.0,0.0,0.0,0.0,0.0,0.493790851875453,-0.34083807681084344,0.5
2.375,TAKEOFF,0.24055874347686768,0.2760396897792816,0.06083652749657631,0.0,0.0,0.0,-0.009686394594609737,0.0013837706064805388,0.10378279536962509,0.0,0.0,0.0,0.0,0.0,0.0,0.0,0.5999727759076751,0.005715607547642376,0.5,0.6377232670783997,0.10414666682481766,0.07712135463953018,0.0,0.0,0.0,0.006918853148818016,-0.00830262340605259,0.031826723366975784,0.0,0.0,0.0,0.0,0.0,0.0,0.0,0.5993299388324194,0.028348270125854225,0.5,0.6540796160697937,0.6421888470649719,0.07374238222837448,0.0,0.0,0.0,0.006918853148818016,-0.0027675412129610777,-0.03321049362421036,0.0,0.0,0.0,0.0,0.0,0.0,0.0,0.49380100581889386,-0.3408233657662701,0.5
2.395,TAKEOFF,0.24055874347686768,0.2760396897792816,0.06083652749657631,0.0,0.0,0.0,-0.009686394594609737,0.0013837706064805388,0.10378279536962509,0.0,0.0,0.0,0.0,0.0,0.0,0.0,0.5999725824053649,0.005735883701537427,0.5,0.6377232670783997,0.10414666682481766,0.07712135463953018,0.0,0.0,0.0,0.006918853148818016,-0.00830262340605259,0.031826723366975784,0.0,0.0,0.0,0.0,0.0,0.0,0.0,0.5993221533061028,0.028512393034189183,0.5,0.6540796160697937,0.6421888470649719,0.07374238222837448,0.0,0.0,0.0,0.006918853148818016,-0.0027675412129610777,-0.03321049362421036,0.0,0.0,0.0,0.0,0.0,0.0,0.0,0.49381109840433846,-0.34080874268818395,0.5
2.415,TAKEOFF,0.24055874347686768,0.2760396897792816,0.06083652749657631,0.0,0.0,0.0,-0.009686394594609737,0.0013837706064805388,0.10378279536962509,0.0,0.0,0.0,0.0,0.0,0.0,0.0,0.5999723056436139,0.005764760245313709,0.5,0.641281247138977,0.10145065933465958,0.09052830189466476,0.0,0.0,0.0,-0.0,-0.006918853148818016,0.03459426388144493,0.0,0.0,0.0,0.0,0.0,0.0,0.0,0.5993143699525577,0.02867552908611633,0.5,0.6540610790252686,0.6452904343605042,0.08264283835887909,0.0,0.0,0.0,0.00830262340605259,0.005535082425922155,-0.045664429664611816,0.0,0.0,0.0,0.0,0.0,0.0,0.0,0.4938109439141576,-0.3408089665349324,0.5
2.435,TAKEOFF,0.24055874347686768,0.2760396897792816,0.06083652749657631,0.0,0.0,0.0,-0.009686394594609737,0.0013837706064805388,0.10378279536962509,0.0,0.0,0.0,0.0,0.0,0.0,0.0,0.5999720291650952,0.005793463516593483,0.5,0.641281247138977,0.10145065933465958,0.09052830189466476,0.0,0.0,0.0,-0.0,-0.006918853148818016,0.03459426388144493,0.0,0.0,0.0,0.0,0.0,0.0,0.0,0.5993065892922,0.028837684216146298,0.5,0.6540610790252686,0.6452904343605042,0.08264283835887909,0.0,0.0,0.0,0.00830262340605259,0.005535082425922155,-0.045664429664611816,0.0,0.0,0.0,0.0,0.0,0.0,0.0,0.49381079035081726,-0.34080918903853097,0.5
2.455,TAKEOFF,0.24055874347686768,0.2760396897792816,0.06083652749657631,0.0,0.0,0.0,-0.009686394594609737,0.0013837706064805388,0.10378279536962509,0.0,0.0,0.0,0.0,0.0,0.0,0.0,0.5999717529845887,0.00582199455510495,0.5,0.641281247138977,0.10145065933465958,0.09052830189466476,0.0,0.0,0.0,-0.0,-0.006918853148818016,0.03459426388144493,0.0,0.0,0.0,0.0,0.0,0.0,0.0,0.5992988118359341,0.02899886432323714,0.5,0.6540610790252686,0.6452904343605042,0.08264283835887909,0.0,0.0,0.0,0.00830262340605259,0.005535082425922155,-0.045664429664611816,0.0,0.0,0.0,0.0,0.0,0.0,0.0,0.49381063770875766,-0.3408094102070394,0.5
2.475,TAKEOFF,0.24520368874073029,0.2781961262226105,0.07054939866065979,0.0,0.0,0.0,0.006918853148818016,0.0013837706064805388,0.0982477143406868,0.0,0.0,0.0,0.0,0.0,0.0,0.0,0.599971477116588,0.005850354394337996,0.5,0.641281247138977,0.10145065933465958,0.09052830189466476,0.0,0.0,0.0,-0.0,-0.006918853148818016,0.03459426388144493,0.0,0.0,0.0,0.0,0.0,0.0,0.0,0.5992910380852862,0.02915907527100319,0.5,0.6540610790252686,0.6452904343605042,0.08264283835887909,0.0,0.0,0.0,0.00830262340605259,0.005535082425922155,-0.045664429664611816,0.0,0.0,0.0,0.0,0.0,0.0,0.0,0.49381048598245225,-0.3408096300484691,0.5
2.495,TAKEOFF,0.24520368874073029,0.2781961262226105,0.07054939866065979,0.0,0.0,0.0,0.006918853148818016,0.0013837706064805388,0.0982477143406868,0.0,0.0,0.0,0.0,0.0,0.0,0.0,0.5999712015753056,0.00587854406158159,0.5,0.641281247138977,0.10145065933465958,0.09052830189466476,0.0,0.0,0.0,-0.0,-0.006918853148818016,0.03459426388144493,0.0,0.0,0.0,0.0,0.0,0.0,0.0,0.5992842572629892,0.029298105685307246,0.5,0.6540610790252686,0.6452904343605042,0.08264283835887909,0.0,0.0,0.0,0.00830262340605259,0.005535082425922155,-0.045664429664611816,0.0,0.0,0.0,0.0,0.0,0.0,0.0,0.49381033516640765,-0.34080984857078317,0.5
2.515,TAKEOFF,0.24520368874073029,0.2781961262226105,0.07054939866065979,0.0,0.0,0.0,0.006918853148818016,0.0013837706064805388,0.0982477143406868,0.0,0.0,0.0,0.0,0.0,0.0,0.0,0.5999707826870069,0.005921141945636194,0.5,0.6434717774391174,0.09852846711874008,0.10486505925655365,0.0,0.0,0.0,-0.005535082425922155,-0.0027675412129610777,0.03874557837843895,0.0,0.0,0.0,0.0,0.0,0.0,0.0,0.5992774851614584,0.02943630035446028,0.5,0.6519327759742737,0.6484212279319763,0.09499960392713547,0.0,0.0,0.0,0.0013837706064805388,-0.005535082425922155,-0.05535082519054413,0.0,0.0,0.0,0.0,0.0,0.0,0.0,0.49380004322808824,-0.34082476040912607,0.5
2.535,TAKEOFF,0.24520368874073029,0.2781961262226105,0.07054939866065979,0.0,0.0,0.0,0.006918853148818016,0.0013837706064805388,0.0982477143406868,0.0,0.0,0.0,0.0,0.0,0.0,0.0,0.5999703633147587,0.005963484212806596,0.5,0.6434717774391174,0.09852846711874008,0.10486505925655365,0.0,0.0,0.0,-0.005535082425922155,-0.0027675412129610777,0.03874557837843895,0.0,0.0,0.0,0.0,0.0,0.0,0.0,0.5992707221111455,0.029573664304346107,0.5,0.6519327759742737,0.6484212279319763,0.09499960392713547,0.0,0.0,0.0,0.0013837706064805388,-0.005535082425922155,-0.05535082519054413,0.0,0.0,0.0,0.0,0.0,0.0,0.0,0.4937898125951431,-0.34083958246842955,0.5
2.555,TAKEOFF,0.24520368874073029,0.2781961262226105,0.07054939866065979,0.0,0.0,0.0,0.006918853148818016,0.0013837706064805388,0.0982477143406868,0.0,0.0,0.0,0.0,0.0,0.0,0.0,0.5999699434973265,0.006005572396938994,0.5,0.6434717774391174,0.09852846711874008,0.10486505925655365,0.0,0.0,0.0,-0.005535082425922155,-0.0027675412129610777,0.03874557837843895,0.0,0.0,0.0,0.0,0.0,0.0,0.0,0.5992639684359352,0.029710202530687083,0.5,0.6519327759742737,0.6484212279319763,0.09499960392713547,0.0,0.0,0.0,0.0013837706064805388,-0.005535082425922155,-0.05535082519054413,0.0,0.0,0.0,0.0,0.0,0.0,0.0,0.49377964290508813,-0.34085431529103993,0.5
2.577,TAKEOFF,0.25003737211227417,0.27839863300323486,0.07987110316753387,0.0,0.0,0.0,0.0,0.0027675412129610777,0.09271262586116791,0.0,0.0,0.0,0.0,0.0,0.0,0.0,0.5999695232728136,0.006047408022678513,0.5,0.6434717774391174,0.09852846711874008,0.10486505925655365,0.0,0.0,0.0,-0.005535082425922155,-0.0027675412129610777,0.03874557837843895,0.0,0.0,0.0,0.0,0.0,0.0,0.0,0.5992572244532393,0.029845919999222793,0.5,0.6519327759742737,0.6484212279319763,0.09499960392713547,0.0,0.0,0.0,0.0013837706064805388,-0.005535082425922155,-0.05535082519054413,0.0,0.0,0.0,0.0,0.0,0.0,0.0,0.49376953379754984,-0.34086895941600526,0.5
2.596,TAKEOFF,0.25003737211227417,0.27839863300323486,0.07987110316753387,0.0,0.0,0.0,0.0,0.0027675412129610777,0.09271262586116791,0.0,0.0,0.0,0.0,0.0,0.0,0.0,0.5999691026786711,0.006088992605524329,0.5,0.6434717774391174,0.09852846711874008,0.10486505925655365,0.0,0.0,0.0,-0.005535082425922155,-0.0027675412129610777,0.03874557837843895,0.0,0.0,0.0,0.0,0.0,0.0,0.0,0.5992521683701488,0.029947265378908867,0.5,0.6519327759742737,0.6484212279319763,0.09499960392713547,0.0,0.0,0.0,0.0013837706064805388,-0.005535082425922155,-0.05535082519054413,0.0,0.0,0.0,0.0,0.0,0.0,0.0,0.4937594849142539,-0.3408835153790964,0.5
2.616,TAKEOFF,0.25003737211227417,0.27839863300323486,0.07987110316753387,0.0,0.0,0.0,0.0,0.0027675412129610777,0.09271262586116791,0.0,0.0,0.0,0.0,0.0,0.0,0.0,0.5999686193450251,0.006136432287927522,0.5,0.6311891674995422,0.09244484454393387,0.09531432390213013,0.0,0.0,0.0,-0.006918853148818016,-0.004151311703026295,0.04428065940737724,0.0,0.0,0.0,0.0,0.0,0.0,0.0,0.5992471256381413,0.0300480018374867,0.5,0.6520092487335205,0.6507005095481873,0.10806034505367279,0.0,0.0,0.0,-0.009686394594609737,-0.0013837706064805388,-0.04428065940737724,0.0,0.0,0.0,0.0,0.0,0.0,0.0,0.4937361747950054,-0.34091727691449697,0.5
2.635,TAKEOFF,0.25003737211227417,0.27839863300323486,0.07987110316753387,0.0,0.0,0.0,0.0,0.0027675412129610777,0.09271262586116791,0.0,0.0,0.0,0.0,0.0,0.0,0.0,0.5999681351940074,0.0061835872942158756,0.5,0.6311891674995422,0.09244484454393387,0.09531432390213013,0.0,0.0,0.0,-0.006918853148818016,-0.004151311703026295,0.04428065940737724,0.0,0.0,0.0,0.0,0.0,0.0,0.0,0.5992420963804651,0.03014813303581715,0.5,0.6520092487335205,0.6507005095481873,0.10806034505367279,0.0,0.0,0.0,-0.009686394594609737,-0.0013837706064805388,-0.04428065940737724,0.0,0.0,0.0,0.0,0.0,0.0,0.0,0.4937130022487122,-0.3409508343010222,0.5
2.655,TAKEOFF,0.25003737211227417,0.27839863300323486,0.07987110316753387,0.0,0.0,0.0,0.0,0.0027675412129610777,0.09271262586116791,0.0,0.0,0.0,0.0,0.0,0.0,0.0,0.599967650275,0.006230459332612279,0.5,0.6311891674995422,0.09244484454393387,0.09531432390213013,0.0,0.0,0.0,-0.006918853148818016,-0.004151311703026295,0.04428065940737724,0.0,0.0,0.0,0.0,0.0,0.0,0.0,0.5992370807171938,0.030247662612758686,0.5,0.6520092487335205,0.6507005095481873,0.10806034505367279,0.0,0.0,0.0,-0.009686394594609737,-0.0013837706064805388,-0.04428065940737724,0.0,0.0,0.0,0.0,0.0,0.0,0.0,0.4936899664774133,-0.3409841887823107,0.5
2.675,TAKEOFF,0.2552059292793274,0.28053581714630127,0.08831422030925751,0.0,0.0,0.0,0.00830262340605259,-0.012453935109078884,0.08579377084970474,0.0,0.0,0.0,0.0,0.0,0.0,0.0,0.599967164636556,0.0062770501010934576,0.5,0.6311891674995422,0.09244484454393387,0.09531432390213013,0.0,0.0,0.0,-0.006918853148818016,-0.004151311703026295,0.04428065940737724,0.0,0.0,0.0,0.0,0.0,0.0,0.0,0.5992320787652751,0.030346594185298906,0.5,0.6520092487335205,0.6507005095481873,0.10806034505367279,0.0,0.0,0.0,-0.009686394594609737,-0.0013837706064805388,-0.04428065940737724,0.0,0.0,0.0,0.0,0.0,0.0,0.0,0.49366706668760507,-0.3410173415943178,0.5
2.695,TAKEOFF,0.2552059292793274,0.28053581714630127,0.08831422030925751,0.0,0.0,0.0,0.00830262340605259,-0.012453935109078884,0.08579377084970474,0.0,0.0,0.0,0.0,0.0,0.0,0.0,0.599966678326412,0.006323361287451328,0.5,0.6311891674995422,0.09244484454393387,0.09531432390213013,0.0,0.0,0.0,-0.006918853148818016,-0.004151311703026295,0.04428065940737724,0.0,0.0,0.0,0.0,0.0,0.0,0.0,0.599228254517318,0.030422014859775273,0.5,0.6520092487335205,0.6507005095481873,0.10806034505367279,0.0,0.0,0.0,-0.009686394594609737,-0.0013837706064805388,-0.04428065940737724,0.0,0.0,0.0,0.0,0.0,0.0,0.0,0.4936443020902181,-0.3410502939653644,0.5
2.715,TAKEOFF,0.2552059292793274,0.28053581714630127,0.08831422030925751,0.0,0.0,0.0,0.00830262340605259,-0.012453935109078884,0.08579377084970474,0.0,0.0,0.0,0.0,0.0,0.0,0.0,0.5999660089267909,0.00638655873361087,0.5,0.6311891674995422,0.09244484454393387,0.09531432390213013,0.0,0.0,0.0,-0.006918853148818016,-0.004151311703026295,0.04428065940737724,0.0,0.0,0.0,0.0,0.0,0.0,0.0,0.5992244438074984,0.030496982532608602,0.5,0.650401771068573,0.6553158164024353,0.12046293169260025,0.0,0.0,0.0,0.00830262340605259,-0.005535082425922155,-0.020756559446454048,0.0,0.0,0.0,0.0,0.0,0.0,0.0,0.4936216719005948,-0.34108304711618476,0.5
2.735,TAKEOFF,0.2552059292793274,0.28053581714630127,0.08831422030925751,0.0,0.0,0.0,0.00830262340605259,-0.012453935109078884,0.08579377084970474,0.0,0.0,0.0,0.0,0.0,0.0,0.0,0.5999653369464614,0.006449376924869522,0.5,0.629351794719696,0.09199012815952301,0.10639992356300354,0.0,0.0,0.0,-0.012453935109078884,0.01107016485184431,0.04704819992184639,0.0,0.0,0.0,0.0,0.0,0.0,0.0,0.599220646667196,0.03057149992635984,0.5,0.650401771068573,0.6553158164024353,0.12046293169260025,0.0,0.0,0.0,0.00830262340605259,-0.005535082425922155,-0.020756559446454048,0.0,0.0,0.0,0.0,0.0,0.0,0.0,0.49359858436595233,-0.34111645740410684,0.5
2.755,TAKEOFF,0.2552059292793274,0.28053581714630127,0.08831422030925751,0.0,0.0,0.0,0.00830262340605259,-0.012453935109078884,0.08579377084970474,0.0,0.0,0.0,0.0,0.0,0.0,0.0,0.5999646624798428,0.006511818136914371,0.5,0.629351794719696,0.09199012815952301,0.10639992356300354,0.0,0.0,0.0,-0.012453935109078884,0.01107016485184431,0.04704819992184639,0.0,0.0,0.0,0.0,0.0,0.0,0.0,0.5992168631262543,0.03064556974722096,0.5,0.650401771068573,0.6553158164024353,0.12046293169260025,0.0,0.0,0.0,0.00830262340605259,-0.005535082425922155,-0.020756559446454048,0.0,0.0,0.0,0.0,0.0,0.0,0.0,0.493575633115487,-0.34114966568156874,0.5
2.775,TAKEOFF,0.2592991292476654,0.28071868419647217,0.09847120195627213,0.0,0.0,0.0,0.006918853148818016,-0.0013837706064805388,0.08025868982076645,0.0,0.0,0.0,0.0,0.0,0.0,0.0,0.5999639856198437,0.006573884631788702,0.5,0.629351794719696,0.09199012815952301,0.10639992356300354,0.0,0.0,0.0,-0.012453935109078884,0.01107016485184431,0.04704819992184639,0.0,0.0,0.0,0.0,0.0,0.0,0.0,0.5992130932130055,0.030719194685113152,0.5,0.650401771068573,0.6553158164024353,0.12046293169260025,0.0,0.0,0.0,0.00830262340605259,-0.005535082425922155,-0.020756559446454048,0.0,0.0,0.0,0.0,0.0,0.0,0.0,0.4935528173584085,-0.34118267317901335,0.5
2.795,TAKEOFF,0.2592991292476654,0.28071868419647217,0.09847120195627213,0.0,0.0,0.0,0.006918853148818016,-0.0013837706064805388,0.08025868982076645,0.0,0.0,0.0,0.0,0.0,0.0,0.0,0.5999633064578814,0.006635578657973525,0.5,0.629351794719696,0.09199012815952301,0.10639992356300354,0.0,0.0,0.0,-0.012453935109078884,0.01107016485184431,0.04704819992184639,0.0,0.0,0.0,0.0,0.0,0.0,0.0,0.5992107406664761,0.030765049486928663,0.5,0.650401771068573,0.6553158164024353,0.12046293169260025,0.0,0.0,0.0,0.00830262340605259,-0.005535082425922155,-0.020756559446454048,0.0,0.0,0.0,0.0,0.0,0.0,0.0,0.49353013630834724,-0.34121548111928357,0.5
2.815,TAKEOFF,0.2592991292476654,0.28071868419647217,0.09847120195627213,0.0,0.0,0.0,0.006918853148818016,-0.0013837706064805388,0.08025868982076645,0.0,0.0,0.0,0.0,0.0,0.0,0.0,0.5999626250839037,0.006696902450468614,0.5,0.6309075355529785,0.09296563267707825,0.12067333608865738,0.0,0.0,0.0,-0.006918853148818016,0.013837706297636032,0.04843197017908096,0.0,0.0,0.0,0.0,0.0,0.0,0.0,0.5992083987577036,0.030810628981388716,0.5,0.6467915773391724,0.6594045162200928,0.13211868703365326,0.0,0.0,0.0,0.03044295310974121,-0.017989017069339752,0.009686394594609737,0.0,0.0,0.0,0.0,0.0,0.0,0.0,0.49350758918333204,-0.34124809071767065,0.5
2.835,TAKEOFF,0.2592991292476654,0.28071868419647217,0.09847120195627213,0.0,0.0,0.0,0.006918853148818016,-0.0013837706064805388,0.08025868982076645,0.0,0.0,0.0,0.0,0.0,0.0,0.0,0.5999617022884993,0.006779069780291671,0.5,0.6309075355529785,0.09296563267707825,0.12067333608865738,0.0,0.0,0.0,-0.006918853148818016,0.013837706297636032,0.04843197017908096,0.0,0.0,0.0,0.0,0.0,0.0,0.0,0.5992060674644804,0.030855934822212196,0.5,0.6467915773391724,0.6594045162200928,0.13211868703365326,0.0,0.0,0.0,0.03044295310974121,-0.017989017069339752,0.009686394594609737,0.0,0.0,0.0,0.0,0.0,0.0,0.0,0.49348755206828565,-0.3412770662579761,0.5
2.855,TAKEOFF,0.2592991292476654,0.28071868419647217,0.09847120195627213,0.0,0.0,0.0,0.006918853148818016,-0.0013837706064805388,0.08025868982076645,0.0,0.0,0.0,0.0,0.0,0.0,0.0,0.599960773877792,0.006860743980129639,0.5,0.6309075355529785,0.09296563267707825,0.12067333608865738,0.0,0.0,0.0,-0.006918853148818016,0.013837706297636032,0.04843197017908096,0.0,0.0,0.0,0.0,0.0,0.0,0.0,0.5992037467642332,0.030900968653177915,0.5,0.6467915773391724,0.6594045162200928,0.13211868703365326,0.0,0.0,0.0,0.03044295310974121,-0.017989017069339752,0.009686394594609737,0.0,0.0,0.0,0.0,0.0,0.0,0.0,0.4934676334899557,-0.34130586677908525,0.5
2.875,TAKEOFF,0.26263803243637085,0.27988961338996887,0.10981176793575287,0.0,0.0,0.0,0.009686394594609737,-0.0027675412129610777,0.07472360879182816,0.0,0.0,0.0,0.0,0.0,0.0,0.0,0.5999598400189141,0.006941928008769956,0.5,0.6309075355529785,0.09296563267707825,0.12067333608865738,0.0,0.0,0.0,-0.006918853148818016,0.013837706297636032,0.04843197017908096,0.0,0.0,0.0,0.0,0.0,0.0,0.0,0.5992014366340325,0.030945732108184403,0.5,0.6467915773391724,0.6594045162200928,0.13211868703365326,0.0,0.0,0.0,0.03044295310974121,-0.017989017069339752,0.009686394594609737,0.0,0.0,0.0,0.0,0.0,0.0,0.0,0.49344783275736015,-0.34133449334496546,0.5
2.895,TAKEOFF,0.26263803243637085,0.27988961338996887,0.10981176793575287,0.0,0.0,0.0,0.009686394594609737,-0.0027675412129610777,0.07472360879182816,0.0,0.0,0.0,0.0,0.0,0.0,0.0,0.5999589008763986,0.007022624807274081,0.5,0.6309075355529785,0.09296563267707825,0.12067333608865738,0.0,0.0,0.0,-0.006918853148818016,0.013837706297636032,0.04843197017908096,0.0,0.0,0.0,0.0,0.0,0.0,0.0,0.5992005971281997,0.030961983160141315,0.5,0.6467915773391724,0.6594045162200928,0.13211868703365326,0.0,0.0,0.0,0.03044295310974121,-0.017989017069339752,0.009686394594609737,0.0,0.0,0.0,0.0,0.0,0.0,0.0,0.49342814918341954,-0.3413629470130363,0.5
2.915,TAKEOFF,0.26263803243637085,0.27988961338996887,0.10981176793575287,0.0,0.0,0.0,0.009686394594609737,-0.0027675412129610777,0.07472360879182816,0.0,0.0,0.0,0.0,0.0,0.0,0.0,0.5999578292991747,0.007113582966573287,0.5,0.6340509653091431,0.09527451545000076,0.13845396041870117,0.0,0.0,0.0,-0.005535082425922155,0.006918853148818016,0.04843197017908096,0.0,0.0,0.0,0.0,0.0,0.0,0.0,0.599199762222613,0.030978136683216695,0.5,0.6414479613304138,0.6578736305236816,0.1453300565481186,0.0,0.0,0.0,0.029059182852506638,0.005535082425922155,0.03736180439591408,0.0,0.0,0.0,0.0,0.0,0.0,0.0,0.4934144154736824,-0.341382797754609,0.5
2.935,TAKEOFF,0.26263803243637085,0.27988961338996887,0.10981176793575287,0.0,0.0,0.0,0.009686394594609737,-0.0027675412129610777,0.07472360879182816,0.0,0.0,0.0,0.0,0.0,0.0,0.0,0.5999567504853528,0.007203995214885016,0.5,0.6340509653091431,0.09527451545000076,0.13845396041870117,0.0,0.0,0.0,-0.005535082425922155,0.006918853148818016,0.04843197017908096,0.0,0.0,0.0,0.0,0.0,0.0,0.0,0.5991989318948971,0.03099419326284221,0.5,0.6414479613304138,0.6578736305236816,0.1453300565481186,0.0,0.0,0.0,0.029059182852506638,0.005535082425922155,0.03736180439591408,0.0,0.0,0.0,0.0,0.0,0.0,0.0,0.49340076337477623,-0.3414025288441608,0.5
2.955,TAKEOFF,0.26263803243637085,0.27988961338996887,0.10981176793575287,0.0,0.0,0.0,0.009686394594609737,-0.0027675412129610777,0.07472360879182816,0.0,0.0,0.0,0.0,0.0,0.0,0.0,0.5999556646418774,0.007293864827578915,0.5,0.6340509653091431,0.09527451545000076,0.13845396041870117,0.0,0.0,0.0,-0.005535082425922155,0.006918853148818016,0.04843197017908096,0.0,0.0,0.0,0.0,0.0,0.0,0.0,0.5991981061227488,0.031010153480934062,0.5,0.6414479613304138,0.6578736305236816,0.1453300565481186,0.0,0.0,0.0,0.029059182852506638,0.005535082425922155,0.03736180439591408,0.0,0.0,0.0,0.0,0.0,0.0,0.0,0.4933871924065263,-0.3414221410061236,0.5
2.975,TAKEOFF,0.2647804915904999,0.27692416310310364,0.12286587804555893,0.0,0.0,0.0,0.006918853148818016,-0.00830262340605259,0.07195606827735901,0.0,0.0,0.0,0.0,0.0,0.0,0.0,0.5999545719724951,0.007383195060409969,0.5,0.6340509653091431,0.09527451545000076,0.13845396041870117,0.0,0.0,0.0,-0.005535082425922155,0.006918853148818016,0.04843197017908096,0.0,0.0,0.0,0.0,0.0,0.0,0.0,0.5991990289743366,0.03099231640604069,0.5,0.6414479613304138,0.6578736305236816,0.1453300565481186,0.0,0.0,0.0,0.029059182852506638,0.005535082425922155,0.03736180439591408,0.0,0.0,0.0,0.0,0.0,0.0,0.0,0.4933737020915251,-0.34144163496050545,0.5
2.995,TAKEOFF,0.2647804915904999,0.27692416310310364,0.12286587804555893,0.0,0.0,0.0,0.006918853148818016,-0.00830262340605259,0.07195606827735901,0.0,0.0,0.0,0.0,0.0,0.0,0.0,0.5999534726777966,0.007471989149635099,0.5,0.6340509653091431,0.09527451545000076,0.13845396041870117,0.0,0.0,0.0,-0.005535082425922155,0.006918853148818016,0.04843197017908096,0.0,0.0,0.0,0.0,0.0,0.0,0.0,0.5991999457626057,0.030974586326379575,0.5,0.6414479613304138,0.6578736305236816,0.1453300565481186,0.0,0.0,0.0,0.029059182852506638,0.005535082425922155,0.03736180439591408,0.0,0.0,0.0,0.0,0.0,0.0,0.0,0.49336029195511666,-0.3414610114229178,0.5
3.015,TAKEOFF,0.2647804915904999,0.27692416310310364,0.12286587804555893,0.0,0.0,0.0,0.006918853148818016,-0.00830262340605259,0.07195606827735901,0.0,0.0,0.0,0.0,0.0,0.0,0.0,0.5999522288623319,0.0075712009034274485,0.5,0.6377518177032471,0.09910458326339722,0.15790939331054688,0.0,0.0,0.0,-0.004151311703026295,0.005535082425922155,0.045664429664611816,0.0,0.0,0.0,0.0,0.0,0.0,0.0,0.5992008565302309,0.030956962600320343,0.5,0.6357091069221497,0.6559683084487915,0.1635095626115799,0.0,0.0,0.0,-0.004151311703026295,0.006918853148818016,0.04289688542485237,0.0,0.0,0.0,0.0,0.0,0.0,0.0,0.49335723936570663,-0.34146542191772333,0.5
3.035,TAKEOFF,0.2647804915904999,0.27692416310310364,0.12286587804555893,0.0,0.0,0.0,0.006918853148818016,-0.00830262340605259,0.07195606827735901,0.0,0.0,0.0,0.0,0.0,0.0,0.0,0.599950976250895,0.007669817181520865,0.5,0.6377518177032471,0.09910458326339722,0.15790939331054688,0.0,0.0,0.0,-0.004151311703026295,0.005535082425922155,0.045664429664611816,0.0,0.0,0.0,0.0,0.0,0.0,0.0,0.5992017613195554,0.030939444590078025,0.5,0.6357091069221497,0.6559683084487915,0.1635095626115799,0.0,0.0,0.0,-0.004151311703026295,0.006918853148818016,0.04289688542485237,0.0,0.0,0.0,0.0,0.0,0.0,0.0,0.4933542050527586,-0.3414698059225158,0.5
3.055,TAKEOFF,0.2647804915904999,0.27692416310310364,0.12286587804555893,0.0,0.0,0.0,0.006918853148818016,-0.00830262340605259,0.07195606827735901,0.0,0.0,0.0,0.0,0.0,0.0,0.0,0.5999497150908164,0.007767841556583684,0.5,0.6377518177032471,0.09910458326339722,0.15790939331054688,0.0,0.0,0.0,-0.004151311703026295,0.005535082425922155,0.045664429664611816,0.0,0.0,0.0,0.0,0.0,0.0,0.0,0.5992026601725942,0.030922031661690087,0.5,0.6357091069221497,0.6559683084487915,0.1635095626115799,0.0,0.0,0.0,-0.004151311703026295,0.006918853148818016,0.04289688542485237,0.0,0.0,0.0,0.0,0.0,0.0,0.0,0.4933511889070816,-0.3414741635965583,0.5
3.075,TAKEOFF,0.2656635642051697,0.2750293016433716,0.13652314245700836,0.0,0.0,0.0,-0.02214032970368862,-0.019372789189219475,0.07887492328882217,0.0,0.0,0.0,0.0,0.0,0.0,0.0,0.5999484456256147,0.007865277579897707,0.5,0.6377518177032471,0.09910458326339722,0.15790939331054688,0.0,0.0,0.0,-0.004151311703026295,0.005535082425922155,0.045664429664611816,0.0,0.0,0.0,0.0,0.0,0.0,0.0,0.5992035531310366,0.030904723184993516,0.5,0.6357091069221497,0.6559683084487915,0.1635095626115799,0.0,0.0,0.0,-0.004151311703026295,0.006918853148818016,0.04289688542485237,0.0,0.0,0.0,0.0,0.0,0.0,0.0,0.4933481908201342,-0.3414784950981547,0.5
3.095,TAKEOFF,0.2656635642051697,0.2750293016433716,0.13652314245700836,0.0,0.0,0.0,-0.02214032970368862,-0.019372789189219475,0.07887492328882217,0.0,0.0,0.0,0.0,0.0,0.0,0.0,0.5999471680950473,0.00796212878148508,0.5,0.6377518177032471,0.09910458326339722,0.15790939331054688,0.0,0.0,0.0,-0.004151311703026295,0.005535082425922155,0.045664429664611816,0.0,0.0,0.0,0.0,0.0,0.0,0.0,0.5992053839577959,0.030869205302215895,0.5,0.6357091069221497,0.6559683084487915,0.1635095626115799,0.0,0.0,0.0,-0.004151311703026295,0.006918853148818016,0.04289688542485237,0.0,0.0,0.0,0.0,0.0,0.0,0.0,0.4933452106840205,-0.3414828005846552,0.5
3.115,TAKEOFF,0.2656635642051697,0.2750293016433716,0.13652314245700836,0.0,0.0,0.0,-0.02214032970368862,-0.019372789189219475,0.07887492328882217,0.0,0.0,0.0,0.0,0.0,0.0,0.0,0.599945882735161,0.008058398670234453,0.5,0.6429910659790039,0.10230626910924911,0.17723087966442108,0.0,0.0,0.0,0.004151311703026295,-0.004151311703026295,0.041513118892908096,0.0,0.0,0.0,0.0,0.0,0.0,0.0,0.5992072017131769,0.03083390041924891,0.5,0.6338331699371338,0.651968777179718,0.18747951090335846,0.0,0.0,0.0,0.004151311703026295,0.02214032970368862,0.03321049362421036,0.0,0.0,0.0,0.0,0.0,0.0,0.0,0.4933422483914867,-0.3414870802124622,0.5
3.135,TAKEOFF,0.2656635642051697,0.2750293016433716,0.13652314245700836,0.0,0.0,0.0,-0.02214032970368862,-0.019372789189219475,0.07887492328882217,0.0,0.0,0.0,0.0,0.0,0.0,0.0,0.5999446670302208,0.00814840487442349,0.5,0.6429910659790039,0.10230626910924911,0.17723087966442108,0.0,0.0,0.0,0.004151311703026295,-0.004151311703026295,0.041513118892908096,0.0,0.0,0.0,0.0,0.0,0.0,0.0,0.5992090065005633,0.030798807259501116,0.5,0.6338331699371338,0.651968777179718,0.18747951090335846,0.0,0.0,0.0,0.004151311703026295,0.02214032970368862,0.03321049362421036,0.0,0.0,0.0,0.0,0.0,0.0,0.0,0.4933467281703612,-0.34148060823947196,0.5
3.155,TAKEOFF,0.2656635642051697,0.2750293016433716,0.13652314245700836,0.0,0.0,0.0,-0.02214032970368862,-0.019372789189219475,0.07887492328882217,0.0,0.0,0.0,0.0,0.0,0.0,0.0,0.5999434452377156,0.008237870859640844,0.5,0.6429910659790039,0.10230626910924911,0.17723087966442108,0.0,0.0,0.0,0.004151311703026295,-0.004151311703026295,0.041513118892908096,0.0,0.0,0.0,0.0,0.0,0.0,0.0,0.5992107984224203,0.03076392455402161,0.5,0.6338331699371338,0.651968777179718,0.18747951090335846,0.0,0.0,0.0,0.004151311703026295,0.02214032970368862,0.03321049362421036,0.0,0.0,0.0,0.0,0.0,0.0,0.0,0.49335118098642167,-0.34147417504007965,0.5
3.175,TAKEOFF,0.2630496621131897,0.2765662372112274,0.15301010012626648,0.0,0.0,0.0,-0.012453935109078884,-0.00830262340605259,0.09409639984369278,0.0,0.0,0.0,0.0,0.0,0.0,0.0,0.5999422175542977,0.008326799867403076,0.5,0.6429910659790039,0.10230626910924911,0.17723087966442108,0.0,0.0,0.0,0.004151311703026295,-0.004151311703026295,0.041513118892908096,0.0,0.0,0.0,0.0,0.0,0.0,0.0,0.5992125775803036,0.030729251041454454,0.5,0.6338331699371338,0.651968777179718,0.18747951090335846,0.0,0.0,0.0,0.004151311703026295,0.02214032970368862,0.03321049362421036,0.0,0.0,0.0,0.0,0.0,0.0,0.0,0.49335560700245085,-0.3414677803823418,0.5
3.195,TAKEOFF,0.2630496621131897,0.2765662372112274,0.15301010012626648,0.0,0.0,0.0,-0.012453935109078884,-0.00830262340605259,0.09409639984369278,0.0,0.0,0.0,0.0,0.0,0.0,0.0,0.5999409841735232,0.008415195119810492,0.5,0.6429910659790039,0.10230626910924911,0.17723087966442108,0.0,0.0,0.0,0.004151311703026295,-0.004151311703026295,0.041513118892908096,0.0,0.0,0.0,0.0,0.0,0.0,0.0,0.5992129210460768,0.030722552814309932,0.5,0.6338331699371338,0.651968777179718,0.18747951090335846,0.0,0.0,0.0,0.004151311703026295,0.02214032970368862,0.03321049362421036,0.0,0.0,0.0,0.0,0.0,0.0,0.0,0.4933600063802429,-0.34146142403569785,0.5
3.215,TAKEOFF,0.2630496621131897,0.2765662372112274,0.15301010012626648,0.0,0.0,0.0,-0.012453935109078884,-0.00830262340605259,0.09409639984369278,0.0,0.0,0.0,0.0,0.0,0.0,0.0,0.5999399159067416,0.008491013002688067,0.5,0.6469820737838745,0.10559326410293579,0.198678120970726,0.0,0.0,0.0,0.0027675412129610777,-0.004151311703026295,0.03874557837843895,0.0,0.0,0.0,0.0,0.0,0.0,0.0,0.5992132623768527,0.030715894772723788,0.5,0.6387373805046082,0.652629017829895,0.21397115290164948,0.0,0.0,0.0,0.012453935109078884,0.0013837706064805388,0.024907870218157768,0.0,0.0,0.0,0.0,0.0,0.0,0.0,0.49337256430770043,-0.3414432790207532,0.5
3.235,TAKEOFF,0.2630496621131897,0.2765662372112274,0.15301010012626648,0.0,0.0,0.0,-0.012453935109078884,-0.00830262340605259,0.09409639984369278,0.0,0.0,0.0,0.0,0.0,0.0,0.0,0.599938844554094,0.008566375843880432,0.5,0.6469820737838745,0.10559326410293579,0.198678120970726,0.0,0.0,0.0,0.0027675412129610777,-0.004151311703026295,0.03874557837843895,0.0,0.0,0.0,0.0,0.0,0.0,0.0,0.5992136015863289,0.030709276675629,0.5,0.6387373805046082,0.652629017829895,0.21397115290164948,0.0,0.0,0.0,0.012453935109078884,0.0013837706064805388,0.024907870218157768,0.0,0.0,0.0,0.0,0.0,0.0,0.0,0.4933850462262419,-0.34142524241820366,0.5
3.255,TAKEOFF,0.2630496621131897,0.2765662372112274,0.15301010012626648,0.0,0.0,0.0,-0.012453935109078884,-0.00830262340605259,0.09409639984369278,0.0,0.0,0.0,0.0,0.0,0.0,0.0,0.599937770247716,0.008641286374066977,0.5,0.6469820737838745,0.10559326410293579,0.198678120970726,0.0,0.0,0.0,0.0027675412129610777,-0.004151311703026295,0.03874557837843895,0.0,0.0,0.0,0.0,0.0,0.0,0.0,0.5992139386881101,0.03070269828340438,0.5,0.6387373805046082,0.652629017829895,0.21397115290164948,0.0,0.0,0.0,0.012453935109078884,0.0013837706064805388,0.024907870218157768,0.0,0.0,0.0,0.0,0.0,0.0,0.0,0.49339745259981665,-0.34140731358307425,0.5
3.275,TAKEOFF,0.2601016163825989,0.2819133996963501,0.1732904613018036,0.0,0.0,0.0,0.00830262340605259,0.015221476554870605,0.09409639984369278,0.0,0.0,0.0,0.0,0.0,0.0,0.0,0.5999366931175911,0.008715747307558969,0.5,0.6469820737838745,0.10559326410293579,0.198678120970726,0.0,0.0,0.0,0.0027675412129610777,-0.004151311703026295,0.03874557837843895,0.0,0.0,0.0,0.0,0.0,0.0,0.0,0.5992114759481987,0.030750725064318814,0.5,0.6387373805046082,0.652629017829895,0.21397115290164948,0.0,0.0,0.0,0.012453935109078884,0.0013837706064805388,0.024907870218157768,0.0,0.0,0.0,0.0,0.0,0.0,0.0,0.49340978388949625,-0.3413894918741943,0.5
3.295,TAKEOFF,0.2601016163825989,0.2819133996963501,0.1732904613018036,0.0,0.0,0.0,0.00830262340605259,0.015221476554870605,0.09409639984369278,0.0,0.0,0.0,0.0,0.0,0.0,0.0,0.5999356132915795,0.008789761342397194,0.5,0.6469820737838745,0.10559326410293579,0.198678120970726,0.0,0.0,0.0,0.0027675412129610777,-0.004151311703026295,0.03874557837843895,0.0,0.0,0.0,0.0,0.0,0.0,0.0,0.5992090241699721,0.030798463488780313,0.5,0.6387373805046082,0.652629017829895,0.21397115290164948,0.0,0.0,0.0,0.012453935109078884,0.0013837706064805388,0.024907870218157768,0.0,0.0,0.0,0.0,0.0,0.0,0.0,0.4934220405534926,-0.34137177665417434,0.5
3.315,TAKEOFF,0.2601016163825989,0.2819133996963501,0.1732904613018036,0.0,0.0,0.0,0.00830262340605259,0.015221476554870605,0.09409639984369278,0.0,0.0,0.0,0.0,0.0,0.0,0.0,0.5999345308954471,0.00886333116044902,0.5,0.6487404704093933,0.10787344723939896,0.21919971704483032,0.0,0.0,0.0,0.004151311703026295,-0.00830262340605259,0.03736180439591408,0.0,0.0,0.0,0.0,0.0,0.0,0.0,0.5992065833333157,0.030845915288969475,0.5,0.6419007182121277,0.6509509086608887,0.23824137449264526,0.0,0.0,0.0,0.006918853148818016,0.0027675412129610777,0.03874557837843895,0.0,0.0,0.0,0.0,0.0,0.0,0.0,0.4934342230471766,-0.3413541672893846,0.5
3.335,TAKEOFF,0.2601016163825989,0.2819133996963501,0.1732904613018036,0.0,0.0,0.0,0.00830262340605259,0.015221476554870605,0.09409639984369278,0.0,0.0,0.0,0.0,0.0,0.0,0.0,0.5999336473375144,0.008922936305211532,0.5,0.6487404704093933,0.10787344723939896,0.21919971704483032,0.0,0.0,0.0,0.004151311703026295,-0.00830262340605259,0.03736180439591408,0.0,0.0,0.0,0.0,0.0,0.0,0.0,0.5992041534176883,0.030893082186654753,0.5,0.6419007182121277,0.6509509086608887,0.23824137449264526,0.0,0.0,0.0,0.006918853148818016,0.0027675412129610777,0.03874557837843895,0.0,0.0,0.0,0.0,0.0,0.0,0.0,0.4934524578296336,-0.3413278070446263,0.5
3.355,TAKEOFF,0.2601016163825989,0.2819133996963501,0.1732904613018036,0.0,0.0,0.0,0.00830262340605259,0.015221476554870605,0.09409639984369278,0.0,0.0,0.0,0.0,0.0,0.0,0.0,0.5999327632121851,0.008982183731819601,0.5,0.6487404704093933,0.10787344723939896,0.21919971704483032,0.0,0.0,0.0,0.004151311703026295,-0.00830262340605259,0.03736180439591408,0.0,0.0,0.0,0.0,0.0,0.0,0.0,0.5992017344021329,0.030939965893255077,0.5,0.6419007182121277,0.6509509086608887,0.23824137449264526,0.0,0.0,0.0,0.006918853148818016,0.0027675412129610777,0.03874557837843895,0.0,0.0,0.0,0.0,0.0,0.0,0.0,0.4934705818078275,-0.34130160399600257,0.5
3.375,TAKEOFF,0.25939682126045227,0.28545522689819336,0.19497136771678925,0.0,0.0,0.0,0.02629164233803749,0.012453935109078884,0.08717754483222961,0.0,0.0,0.0,0.0,0.0,0.0,0.0,0.5999318785930858,0.00904107558705379,0.5,0.6487404704093933,0.10787344723939896,0.21919971704483032,0.0,0.0,0.0,0.004151311703026295,-0.00830262340605259,0.03736180439591408,0.0,0.0,0.0,0.0,0.0,0.0,0.0,0.5991993262652842,0.03098656810990206,0.5,0.6419007182121277,0.6509509086608887,0.23824137449264526,0.0,0.0,0.0,0.006918853148818016,0.0027675412129610777,0.03874557837843895,0.0,0.0,0.0,0.0,0.0,0.0,0.0,0.49348859566322983,-0.3412755572119592,0.5
3.395,TAKEOFF,0.25939682126045227,0.28545522689819336,0.19497136771678925,0.0,0.0,0.0,0.02629164233803749,0.012453935109078884,0.08717754483222961,0.0,0.0,0.0,0.0,0.0,0.0,0.0,0.5999309935525613,0.00909961400481858,0.5,0.6487404704093933,0.10787344723939896,0.21919971704483032,0.0,0.0,0.0,0.004151311703026295,-0.00830262340605259,0.03736180439591408,0.0,0.0,0.0,0.0,0.0,0.0,0.0,0.5991955188850947,0.031060105409063635,0.5,0.6419007182121277,0.6509509086608887,0.23824137449264526,0.0,0.0,0.0,0.006918853148818016,0.0027675412129610777,0.03874557837843895,0.0,0.0,0.0,0.0,0.0,0.0,0.0,0.493506500073025,-0.34124966576639065,0.5
3.415,TAKEOFF,0.25939682126045227,0.28545522689819336,0.19497136771678925,0.0,0.0,0.0,0.02629164233803749,0.012453935109078884,0.08717754483222961,0.0,0.0,0.0,0.0,0.0,0.0,0.0,0.599930374010162,0.009140368703017748,0.5,0.6526039242744446,0.10745155811309814,0.23909881711006165,0.0,0.0,0.0,0.006918853148818016,-0.004151311703026295,0.03736180439591408,0.0,0.0,0.0,0.0,0.0,0.0,0.0,0.5991917254053142,0.03113320102081481,0.5,0.6455005407333374,0.6482914686203003,0.26182758808135986,0.0,0.0,0.0,0.019372789189219475,-0.01660524681210518,0.0567345917224884,0.0,0.0,0.0,0.0,0.0,0.0,0.0,0.4935210457261879,-0.34122862925805325,0.5
3.435,TAKEOFF,0.25939682126045227,0.28545522689819336,0.19497136771678925,0.0,0.0,0.0,0.02629164233803749,0.012453935109078884,0.08717754483222961,0.0,0.0,0.0,0.0,0.0,0.0,0.0,0.5999297554413237,0.009180878831225958,0.5,0.6526039242744446,0.10745155811309814,0.23909881711006165,0.0,0.0,0.0,0.006918853148818016,-0.004151311703026295,0.03736180439591408,0.0,0.0,0.0,0.0,0.0,0.0,0.0,0.5991879458496008,0.031205857599748716,0.5,0.6455005407333374,0.6482914686203003,0.26182758808135986,0.0,0.0,0.0,0.019372789189219475,-0.01660524681210518,0.0567345917224884,0.0,0.0,0.0,0.0,0.0,0.0,0.0,0.49353550321677114,-0.34120771835433106,0.5
3.455,TAKEOFF,0.25939682126045227,0.28545522689819336,0.19497136771678925,0.0,0.0,0.0,0.02629164233803749,0.012453935109078884,0.08717754483222961,0.0,0.0,0.0,0.0,0.0,0.0,0.0,0.5999291378730329,0.00922114585718022,0.5,0.6526039242744446,0.10745155811309814,0.23909881711006165,0.0,0.0,0.0,0.006918853148818016,-0.004151311703026295,0.03736180439591408,0.0,0.0,0.0,0.0,0.0,0.0,0.0,0.5991841802401887,0.03127807778449677,0.5,0.6455005407333374,0.6482914686203003,0.26182758808135986,0.0,0.0,0.0,0.019372789189219475,-0.01660524681210518,0.0567345917224884,0.0,0.0,0.0,0.0,0.0,0.0,0.0,0.4935498730843564,-0.3411869323089846,0.5
3.475,TAKEOFF,0.25939682126045227,0.28545522689819336,0.19497136771678925,0.0,0.0,0.0,0.02629164233803749,0.012453935109078884,0.08717754483222961,0.0,0.0,0.0,0.0,0.0,0.0,0.0,0.5999285213317224,0.0092611712398106,0.5,0.6526039242744446,0.10745155811309814,0.23909881711006165,0.0,0.0,0.0,0.006918853148818016,-0.004151311703026295,0.03736180439591408,0.0,0.0,0.0,0.0,0.0,0.0,0.0,0.5991804285979123,0.03134986419782448,0.5,0.6455005407333374,0.6482914686203003,0.26182758808135986,0.0,0.0,0.0,0.019372789189219475,-0.01660524681210518,0.0567345917224884,0.0,0.0,0.0,0.0,0.0,0.0,0.0,0.4935641558651615,-0.34116627038016306,0.5
3.495,TAKEOFF,0.2614576816558838,0.2842704951763153,0.21827739477157593,0.0,0.0,0.0,0.029059182852506638,0.01107016485184431,0.0774911567568779,0.0,0.0,0.0,0.0,0.0,0.0,0.0,0.5999279058432774,0.009300956429293022,0.5,0.6526039242744446,0.10745155811309814,0.23909881711006165,0.0,0.0,0.0,0.006918853148818016,-0.004151311703026295,0.03736180439591408,0.0,0.0,0.0,0.0,0.0,0.0,0.0,0.59917669094223,0.031421219446726746,0.5,0.6455005407333374,0.6482914686203003,0.26182758808135986,0.0,0.0,0.0,0.019372789189219475,-0.01660524681210518,0.0567345917224884,0.0,0.0,0.0,0.0,0.0,0.0,0.0,0.493578352092062,-0.3411457318303784,0.5
3.515,TAKEOFF,0.2614576816558838,0.2842704951763153,0.21827739477157593,0.0,0.0,0.0,0.029059182852506638,0.01107016485184431,0.0774911567568779,0.0,0.0,0.0,0.0,0.0,0.0,0.0,0.5999272914330449,0.009340502867101723,0.5,0.6526698470115662,0.10656624287366867,0.2581089735031128,0.0,0.0,0.0,0.005535082425922155,-0.004151311703026295,0.03736180439591408,0.0,0.0,0.0,0.0,0.0,0.0,0.0,0.5991741028783524,0.0314705328827075,0.5,0.6463222503662109,0.6426805853843689,0.2849588692188263,0.0,0.0,0.0,0.01107016485184431,-0.01660524681210518,0.062269676476716995,0.0,0.0,0.0,0.0,0.0,0.0,0.0,0.49359246229461273,-0.3411253159264808,0.5
3.535,TAKEOFF,0.2614576816558838,0.2842704951763153,0.21827739477157593,0.0,0.0,0.0,0.029059182852506638,0.01107016485184431,0.0774911567568779,0.0,0.0,0.0,0.0,0.0,0.0,0.0,0.5999269582581397,0.009361877756959227,0.5,0.6526698470115662,0.10656624287366867,0.2581089735031128,0.0,0.0,0.0,0.005535082425922155,-0.004151311703026295,0.03736180439591408,0.0,0.0,0.0,0.0,0.0,0.0,0.0,0.5991715263207182,0.03151955022681744,0.5,0.6463222503662109,0.6426805853843689,0.2849588692188263,0.0,0.0,0.0,0.01107016485184431,-0.01660524681210518,0.062269676476716995,0.0,0.0,0.0,0.0,0.0,0.0,0.0,0.493603750363614,-0.3411089820379625,0.5
3.555,TAKEOFF,0.2614576816558838,0.2842704951763153,0.21827739477157593,0.0,0.0,0.0,0.029059182852506638,0.01107016485184431,0.0774911567568779,0.0,0.0,0.0,0.0,0.0,0.0,0.0,0.5999266263275556,0.00938312438570008,0.5,0.6526698470115662,0.10656624287366867,0.2581089735031128,0.0,0.0,0.0,0.005535082425922155,-0.004151311703026295,0.03736180439591408,0.0,0.0,0.0,0.0,0.0,0.0,0.0,0.599168961248428,0.03156827325781013,0.5,0.6463222503662109,0.6426805853843689,0.2849588692188263,0.0,0.0,0.0,0.01107016485184431,-0.01660524681210518,0.062269676476716995,0.0,0.0,0.0,0.0,0.0,0.0,0.0,0.4936149701685376,-0.3410927457826004,0.5
3.575,TAKEOFF,0.26633015275001526,0.2771725058555603,0.241322323679924,0.0,0.0,0.0,0.004151311703026295,-0.0,0.06918852776288986,0.0,0.0,0.0,0.0,0.0,0.0,0.0,0.5999262956428564,0.009404243523005477,0.5,0.6526698470115662,0.10656624287366867,0.2581089735031128,0.0,0.0,0.0,0.005535082425922155,-0.004151311703026295,0.03736180439591408,0.0,0.0,0.0,0.0,0.0,0.0,0.0,0.5991664076401314,0.03161670374374609,0.5,0.6463222503662109,0.6426805853843689,0.2849588692188263,0.0,0.0,0.0,0.01107016485184431,-0.01660524681210518,0.062269676476716995,0.0,0.0,0.0,0.0,0.0,0.0,0.0,0.4936261221253647,-0.3410766065790418,0.5
3.595,TAKEOFF,0.26633015275001526,0.2771725058555603,0.241322323679924,0.0,0.0,0.0,0.004151311703026295,-0.0,0.06918852776288986,0.0,0.0,0.0,0.0,0.0,0.0,0.0,0.599925966205489,0.009425235933937638,0.5,0.6526698470115662,0.10656624287366867,0.2581089735031128,0.0,0.0,0.0,0.005535082425922155,-0.004151311703026295,0.03736180439591408,0.0,0.0,0.0,0.0,0.0,0.0,0.0,0.5991680081384364,0.03158635818543358,0.5,0.6463222503662109,0.6426805853843689,0.2849588692188263,0.0,0.0,0.0,0.01107016485184431,-0.01660524681210518,0.062269676476716995,0.0,0.0,0.0,0.0,0.0,0.0,0.0,0.4936372066475042,-0.3410605638493685,0.5
3.615,TAKEOFF,0.26633015275001526,0.2771725058555603,0.241322323679924,0.0,0.0,0.0,0.004151311703026295,-0.0,0.06918852776288986,0.0,0.0,0.0,0.0,0.0,0.0,0.0,0.5999258315999363,0.009433799824294665,0.5,0.6534152030944824,0.10494306683540344,0.27918779850006104,0.0,0.0,0.0,0.0027675412129610777,-0.0,0.040129344910383224,0.0,0.0,0.0,0.0,0.0,0.0,0.0,0.5991695975106659,0.03155619462017823,0.5,0.6432916522026062,0.6353092789649963,0.30600082874298096,0.0,0.0,0.0,-0.0,0.0013837706064805388,0.062269676476716995,0.0,0.0,0.0,0.0,0.0,0.0,0.0,0.4936428993897237,-0.3410523242584737,0.5
3.635,TAKEOFF,0.26633015275001526,0.2771725058555603,0.241322323679924,0.0,0.0,0.0,0.004151311703026295,-0.0,0.06918852776288986,0.0,0.0,0.0,0.0,0.0,0.0,0.0,0.5999256976808661,0.009442312329404465,0.5,0.6534152030944824,0.10494306683540344,0.27918779850006104,0.0,0.0,0.0,0.0027675412129610777,-0.0,0.040129344910383224,0.0,0.0,0.0,0.0,0.0,0.0,0.0,0.5991711758417945,0.03152621195705809,0.5,0.6432916522026062,0.6353092789649963,0.30600082874298096,0.0,0.0,0.0,-0.0,0.0013837706064805388,0.062269676476716995,0.0,0.0,0.0,0.0,0.0,0.0,0.0,0.4936485578391933,-0.3410441340109584,0.5
3.655,TAKEOFF,0.26633015275001526,0.2771725058555603,0.241322323679924,0.0,0.0,0.0,0.004151311703026295,-0.0,0.06918852776288986,0.0,0.0,0.0,0.0,0.0,0.0,0.0,0.5999255644456091,0.009450773757599618,0.5,0.6534152030944824,0.10494306683540344,0.27918779850006104,0.0,0.0,0.0,0.0027675412129610777,-0.0,0.040129344910383224,0.0,0.0,0.0,0.0,0.0,0.0,0.0,0.5991727432160691,0.03149640911168297,0.5,0.6432916522026062,0.6353092789649963,0.30600082874298096,0.0,0.0,0.0,-0.0,0.0013837706064805388,0.062269676476716995,0.0,0.0,0.0,0.0,0.0,0.0,0.0,0.49365418220329865,-0.34103599281189134,0.5
3.675,TAKEOFF,0.269135057926178,0.27138057351112366,0.26177915930747986,0.0,0.0,0.0,0.0013837706064805388,-0.03044295310974121,0.062269676476716995,0.0,0.0,0.0,0.0,0.0,0.0,0.0,0.5999254318914945,0.009459184415362478,0.5,0.6534152030944824,0.10494306683540344,0.27918779850006104,0.0,0.0,0.0,0.0027675412129610777,-0.0,0.040129344910383224,0.0,0.0,0.0,0.0,0.0,0.0,0.0,0.5991772785713693,0.03141001184029837,0.5,0.6432916522026062,0.6353092789649963,0.30600082874298096,0.0,0.0,0.0,-0.0,0.0013837706064805388,0.062269676476716995,0.0,0.0,0.0,0.0,0.0,0.0,0.0,0.4936597726881615,-0.341027900368097,0.5
3.695,TAKEOFF,0.269135057926178,0.27138057351112366,0.26177915930747986,0.0,0.0,0.0,0.0013837706064805388,-0.03044295310974121,0.062269676476716995,0.0,0.0,0.0,0.0,0.0,0.0,0.0,0.5999253000158504,0.009467544607336295,0.5,0.6534152030944824,0.10494306683540344,0.27918779850006104,0.0,0.0,0.0,0.0027675412129610777,-0.0,0.040129344910383224,0.0,0.0,0.0,0.0,0.0,0.0,0.0,0.5991817743684449,0.03132413230533286,0.5,0.6432916522026062,0.6353092789649963,0.30600082874298096,0.0,0.0,0.0,-0.0,0.0013837706064805388,0.062269676476716995,0.0,0.0,0.0,0.0,0.0,0.0,0.0,0.49366532949864783,-0.3410198563881456,0.5
3.715,TAKEOFF,0.269135057926178,0.27138057351112366,0.26177915930747986,0.0,0.0,0.0,0.0013837706064805388,-0.03044295310974121,0.062269676476716995,0.0,0.0,0.0,0.0,0.0,0.0,0.0,0.5999254928089559,0.009455320086141503,0.5,0.6538318395614624,0.10307803750038147,0.29953473806381226,0.0,0.0,0.0,-0.005535082425922155,0.0013837706064805388,0.040129344910383224,0.0,0.0,0.0,0.0,0.0,0.0,0.0,0.5991862309922623,0.03123876740985953,0.5,0.6401387453079224,0.6250222325325012,0.32458388805389404,0.0,0.0,0.0,0.017989017069339752,-0.009686394594609737,0.0567345917224884,0.0,0.0,0.0,0.0,0.0,0.0,0.0,0.49366495634245994,-0.34102039657386635,0.5
3.735,TAKEOFF,0.269135057926178,0.27138057351112366,0.26177915930747986,0.0,0.0,0.0,0.0013837706064805388,-0.03044295310974121,0.062269676476716995,0.0,0.0,0.0,0.0,0.0,0.0,0.0,0.5999256841984443,0.009443168908183178,0.5,0.6538318395614624,0.10307803750038147,0.29953473806381226,0.0,0.0,0.0,-0.005535082425922155,0.0013837706064805388,0.040129344910383224,0.0,0.0,0.0,0.0,0.0,0.0,0.0,0.599190648823714,0.03115391407538822,0.5,0.6401387453079224,0.6250222325325012,0.32458388805389404,0.0,0.0,0.0,0.017989017069339752,-0.009686394594609737,0.0567345917224884,0.0,0.0,0.0,0.0,0.0,0.0,0.0,0.49366458542462344,-0.34102093351806817,0.5
3.755,TAKEOFF,0.269135057926178,0.27138057351112366,0.26177915930747986,0.0,0.0,0.0,0.0013837706064805388,-0.03044295310974121,0.062269676476716995,0.0,0.0,0.0,0.0,0.0,0.0,0.0,0.5999258741956905,0.009431090633453388,0.5,0.6538318395614624,0.10307803750038147,0.29953473806381226,0.0,0.0,0.0,-0.005535082425922155,0.0013837706064805388,0.040129344910383224,0.0,0.0,0.0,0.0,0.0,0.0,0.0,0.5991950282396639,0.031069569241757168,0.5,0.6401387453079224,0.6250222325325012,0.32458388805389404,0.0,0.0,0.0,0.017989017069339752,-0.009686394594609737,0.0567345917224884,0.0,0.0,0.0,0.0,0.0,0.0,0.0,0.4936642167317152,-0.34102146724020493,0.5
3.775,TAKEOFF,0.26817190647125244,0.2631593942642212,0.2868233025074005,0.0,0.0,0.0,0.00830262340605259,0.0027675412129610777,0.05535082519054413,0.0,0.0,0.0,0.0,0.0,0.0,0.0,0.5999260628119663,0.009419084824583543,0.5,0.6538318395614624,0.10307803750038147,0.29953473806381226,0.0,0.0,0.0,-0.005535082425922155,0.0013837706064805388,0.040129344910383224,0.0,0.0,0.0,0.0,0.0,0.0,0.0,0.5992018938196738,0.03093687836411952,0.5,0.6401387453079224,0.6250222325325012,0.32458388805389404,0.0,0.0,0.0,0.017989017069339752,-0.009686394594609737,0.0567345917224884,0.0,0.0,0.0,0.0,0.0,0.0,0.0,0.4936638502503925,-0.3410219977596138,0.5
3.795,TAKEOFF,0.26817190647125244,0.2631593942642212,0.2868233025074005,0.0,0.0,0.0,0.00830262340605259,0.0027675412129610777,0.05535082519054413,0.0,0.0,0.0,0.0,0.0,0.0,0.0,0.5999262500584401,0.00940715104682858,0.5,0.6538318395614624,0.10307803750038147,0.29953473806381226,0.0,0.0,0.0,-0.005535082425922155,0.0013837706064805388,0.040129344910383224,0.0,0.0,0.0,0.0,0.0,0.0,0.0,0.5992086890859295,0.0308049821282509,0.5,0.6401387453079224,0.6250222325325012,0.32458388805389404,0.0,0.0,0.0,0.017989017069339752,-0.009686394594609737,0.0567345917224884,0.0,0.0,0.0,0.0,0.0,0.0,0.0,0.49366348596739273,-0.341022525095516,0.5
3.815,TAKEOFF,0.26817190647125244,0.2631593942642212,0.2868233025074005,0.0,0.0,0.0,0.00830262340605259,0.0027675412129610777,0.05535082519054413,0.0,0.0,0.0,0.0,0.0,0.0,0.0,0.5999265942644256,0.009385174174582156,0.5,0.6542859673500061,0.1024055927991867,0.3196001946926117,0.0,0.0,0.0,-0.0,0.004151311703026295,0.04428065940737724,0.0,0.0,0.0,0.0,0.0,0.0,0.0,0.5992154148083821,0.03067387579062187,0.5,0.6332919597625732,0.6148706078529358,0.34134793281555176,0.0,0.0,0.0,-0.03044295310974121,0.006918853148818016,0.035978034138679504,0.0,0.0,0.0,0.0,0.0,0.0,0.0,0.49366085306972163,-0.3410263364411533,0.5
3.835,TAKEOFF,0.26817190647125244,0.2631593942642212,0.2868233025074005,0.0,0.0,0.0,0.00830262340605259,0.0027675412129610777,0.05535082519054413,0.0,0.0,0.0,0.0,0.0,0.0,0.0,0.5999269356073358,0.009363329151087854,0.5,0.6542859673500061,0.1024055927991867,0.3196001946926117,0.0,0.0,0.0,-0.0,0.004151311703026295,0.04428065940737724,0.0,0.0,0.0,0.0,0.0,0.0,0.0,0.5992220717482061,0.03054355463575994,0.5,0.6332919597625732,0.6148706078529358,0.34134793281555176,0.0,0.0,0.0,-0.03044295310974121,0.006918853148818016,0.035978034138679504,0.0,0.0,0.0,0.0,0.0,0.0,0.0,0.49365823594027525,-0.3410301248985718,0.5
3.855,TAKEOFF,0.26817190647125244,0.2631593942642212,0.2868233025074005,0.0,0.0,0.0,0.00830262340605259,0.0027675412129610777,0.05535082519054413,0.0,0.0,0.0,0.0,0.0,0.0,0.0,0.599927274113894,0.009341615185431197,0.5,0.6542859673500061,0.1024055927991867,0.3196001946926117,0.0,0.0,0.0,-0.0,0.004151311703026295,0.04428065940737724,0.0,0.0,0.0,0.0,0.0,0.0,0.0,0.5992286606579014,0.03041401397608809,0.5,0.6332919597625732,0.6148706078529358,0.34134793281555176,0.0,0.0,0.0,-0.03044295310974121,0.006918853148818016,0.035978034138679504,0.0,0.0,0.0,0.0,0.0,0.0,0.0,0.4936556344847933,-0.34103389060534167,0.5
3.875,TAKEOFF,0.26691216230392456,0.2538193166255951,0.31181710958480835,0.0,0.0,0.0,0.013837706297636032,0.005535082425922155,0.04704819992184639,0.0,0.0,0.0,0.0,0.0,0.0,0.0,0.5999276098105492,0.009320031491440546,0.5,0.6542859673500061,0.1024055927991867,0.3196001946926117,0.0,0.0,0.0,-0.0,0.004151311703026295,0.04428065940737724,0.0,0.0,0.0,0.0,0.0,0.0,0.0,0.599235182281394,0.03028524915176414,0.5,0.6332919597625732,0.6148706078529358,0.34134793281555176,0.0,0.0,0.0,-0.03044295310974121,0.006918853148818016,0.035978034138679504,0.0,0.0,0.0,0.0,0.0,0.0,0.0,0.49365304860957676,-0.3410376336982046,0.5
3.895,TAKEOFF,0.26691216230392456,0.2538193166255951,0.31181710958480835,0.0,0.0,0.0,0.013837706297636032,0.005535082425922155,0.04704819992184639,0.0,0.0,0.0,0.0,0.0,0.0,0.0,0.5999279427234786,0.009298577287658686,0.5,0.6542859673500061,0.1024055927991867,0.3196001946926117,0.0,0.0,0.0,-0.0,0.004151311703026295,0.04428065940737724,0.0,0.0,0.0,0.0,0.0,0.0,0.0,0.5992444762838284,0.030100791406876843,0.5,0.6332919597625732,0.6148706078529358,0.34134793281555176,0.0,0.0,0.0,-0.03044295310974121,0.006918853148818016,0.035978034138679504,0.0,0.0,0.0,0.0,0.0,0.0,0.0,0.49365047822148483,-0.3410413543130792,0.5
3.915,TAKEOFF,0.26691216230392456,0.2538193166255951,0.31181710958480835,0.0,0.0,0.0,0.013837706297636032,0.005535082425922155,0.04704819992184639,0.0,0.0,0.0,0.0,0.0,0.0,0.0,0.5999285476012274,0.00925946937366553,0.5,0.6553869843482971,0.10229011625051498,0.3399731516838074,0.0,0.0,0.0,-0.004151311703026295,-0.0013837706064805388,0.04428065940737724,0.0,0.0,0.0,0.0,0.0,0.0,0.0,0.5992536582521067,0.029917437581905335,0.5,0.6305756568908691,0.606210470199585,0.35552161931991577,0.0,0.0,0.0,-0.019372789189219475,0.005535082425922155,0.01107016485184431,0.0,0.0,0.0,0.0,0.0,0.0,0.0,0.4936470460682807,-0.34104632223212844,0.5
3.935,TAKEOFF,0.26691216230392456,0.2538193166255951,0.31181710958480835,0.0,0.0,0.0,0.013837706297636032,0.005535082425922155,0.04704819992184639,0.0,0.0,0.0,0.0,0.0,0.0,0.0,0.5999291463232536,0.009220596068161956,0.5,0.6553869843482971,0.10229011625051498,0.3399731516838074,0.0,0.0,0.0,-0.004151311703026295,-0.0013837706064805388,0.04428065940737724,0.0,0.0,0.0,0.0,0.0,0.0,0.0,0.5992627295307984,0.02973518110415848,0.5,0.6305756568908691,0.606210470199585,0.35552161931991577,0.0,0.0,0.0,-0.019372789189219475,0.005535082425922155,0.01107016485184431,0.0,0.0,0.0,0.0,0.0,0.0,0.0,0.49364363445844944,-0.3410512603094332,0.5
3.955,TAKEOFF,0.26691216230392456,0.2538193166255951,0.31181710958480835,0.0,0.0,0.0,0.013837706297636032,0.005535082425922155,0.04704819992184639,0.0,0.0,0.0,0.0,0.0,0.0,0.0,0.5999297389567155,0.009181955964125304,0.5,0.6553869843482971,0.10229011625051498,0.3399731516838074,0.0,0.0,0.0,-0.004151311703026295,-0.0013837706064805388,0.04428065940737724,0.0,0.0,0.0,0.0,0.0,0.0,0.0,0.599271691448381,0.029554015439469058,0.5,0.6305756568908691,0.606210470199585,0.35552161931991577,0.0,0.0,0.0,-0.019372789189219475,0.005535082425922155,0.01107016485184431,0.0,0.0,0.0,0.0,0.0,0.0,0.0,0.49364024326932393,-0.3410561687244531,0.5
3.975,TAKEOFF,0.26790276169776917,0.2417972981929779,0.33757123351097107,0.0,0.0,0.0,-0.017989017069339752,0.017989017069339752,0.03321049362421036,0.0,0.0,0.0,0.0,0.0,0.0,0.0,0.5999303255680072,0.00914354766296464,0.5,0.6553869843482971,0.10229011625051498,0.3399731516838074,0.0,0.0,0.0,-0.004151311703026295,-0.0013837706064805388,0.04428065940737724,0.0,0.0,0.0,0.0,0.0,0.0,0.0,0.5992851264564051,0.029280321175332046,0.5,0.6305756568908691,0.606210470199585,0.35552161931991577,0.0,0.0,0.0,-0.019372789189219475,0.005535082425922155,0.01107016485184431,0.0,0.0,0.0,0.0,0.0,0.0,0.0,0.4936368723789661,-0.3410610476555661,0.5
3.995,TAKEOFF,0.26790276169776917,0.2417972981929779,0.33757123351097107,0.0,0.0,0.0,-0.017989017069339752,0.017989017069339752,0.03321049362421036,0.0,0.0,0.0,0.0,0.0,0.0,0.0,0.5999309062227668,0.009105369774470339,0.5,0.6553869843482971,0.10229011625051498,0.3399731516838074,0.0,0.0,0.0,-0.004151311703026295,-0.0013837706064805388,0.04428065940737724,0.0,0.0,0.0,0.0,0.0,0.0,0.0,0.5992983569778229,0.029008263024212867,0.5,0.6305756568908691,0.606210470199585,0.35552161931991577,0.0,0.0,0.0,-0.019372789189219475,0.005535082425922155,0.01107016485184431,0.0,0.0,0.0,0.0,0.0,0.0,0.0,0.4936335216661622,-0.3410658972800748,0.5
4.015,TAKEOFF,0.26790276169776917,0.2417972981929779,0.33757123351097107,0.0,0.0,0.0,-0.017989017069339752,0.017989017069339752,0.03321049362421036,0.0,0.0,0.0,0.0,0.0,0.0,0.0,0.5999314694256235,0.00906818575086468,0.5,0.6562211513519287,0.1030246764421463,0.3601042926311493,0.0,0.0,0.0,-0.0013837706064805388,-0.0013837706064805388,0.04289688542485237,0.0,0.0,0.0,0.0,0.0,0.0,0.0,0.5993113857189112,0.028737831297410567,0.5,0.6279147267341614,0.6039091348648071,0.37076765298843384,0.0,0.0,0.0,-0.023524099960923195,0.004151311703026295,-0.006918853148818016,0.0,0.0,0.0,0.0,0.0,0.0,0.0,0.4936320306419591,-0.3410680552680006,0.5
4.035,TAKEOFF,0.26790276169776917,0.2417972981929779,0.33757123351097107,0.0,0.0,0.0,-0.017989017069339752,0.017989017069339752,0.03321049362421036,0.0,0.0,0.0,0.0,0.0,0.0,0.0,0.599932026965279,0.009031224796877112,0.5,0.6562211513519287,0.1030246764421463,0.3601042926311493,0.0,0.0,0.0,-0.0013837706064805388,-0.0013837706064805388,0.04289688542485237,0.0,0.0,0.0,0.0,0.0,0.0,0.0,0.5993242153520828,0.028469016361832297,0.5,0.6279147267341614,0.6039091348648071,0.37076765298843384,0.0,0.0,0.0,-0.023524099960923195,0.004151311703026295,-0.006918853148818016,0.0,0.0,0.0,0.0,0.0,0.0,0.0,0.4936305485545521,-0.34107020030153906,0.5
4.055,TAKEOFF,0.26790276169776917,0.2417972981929779,0.33757123351097107,0.0,0.0,0.0,-0.017989017069339752,0.017989017069339752,0.03321049362421036,0.0,0.0,0.0,0.0,0.0,0.0,0.0,0.5999325789030361,0.008994485574641995,0.5,0.6562211513519287,0.1030246764421463,0.3601042926311493,0.0,0.0,0.0,-0.0013837706064805388,-0.0013837706064805388,0.04289688542485237,0.0,0.0,0.0,0.0,0.0,0.0,0.0,0.5993368485162991,0.02820180863970761,0.5,0.6279147267341614,0.6039091348648071,0.37076765298843384,0.0,0.0,0.0,-0.023524099960923195,0.004151311703026295,-0.006918853148818016,0.0,0.0,0.0,0.0,0.0,0.0,0.0,0.4936290753504321,-0.34107233245849394,0.5
4.075,TAKEOFF,0.2722797989845276,0.23188410699367523,0.36381155252456665,0.0,0.0,0.0,-0.019372789189219475,0.009686394594609737,0.02214032970368862,0.0,0.0,0.0,0.0,0.0,0.0,0.0,0.5999331252995025,0.008957966754311791,0.5,0.6562211513519287,0.1030246764421463,0.3601042926311493,0.0,0.0,0.0,-0.0013837706064805388,-0.0013837706064805388,0.04289688542485237,0.0,0.0,0.0,0.0,0.0,0.0,0.0,0.5993492878174774,0.027936198608303552,0.5,0.6279147267341614,0.6039091348648071,0.37076765298843384,0.0,0.0,0.0,-0.023524099960923195,0.004151311703026295,-0.006918853148818016,0.0,0.0,0.0,0.0,0.0,0.0,0.0,0.49362761097641006,-0.3410744518162009,0.5
4.095,TAKEOFF,0.2722797989845276,0.23188410699367523,0.36381155252456665,0.0,0.0,0.0,-0.019372789189219475,0.009686394594609737,0.02214032970368862,0.0,0.0,0.0,0.0,0.0,0.0,0.0,0.5999336662146,0.008921667014009113,0.5,0.6562211513519287,0.1030246764421463,0.3601042926311493,0.0,0.0,0.0,-0.0013837706064805388,-0.0013837706064805388,0.04289688542485237,0.0,0.0,0.0,0.0,0.0,0.0,0.0,0.5993663054450461,0.02756867601383206,0.5,0.6279147267341614,0.6039091348648071,0.37076765298843384,0.0,0.0,0.0,-0.023524099960923195,0.004151311703026295,-0.006918853148818016,0.0,0.0,0.0,0.0,0.0,0.0,0.0,0.4936261553796146,-0.34107655845153084,0.5
4.115,TAKEOFF,0.2722797989845276,0.23188410699367523,0.36381155252456665,0.0,0.0,0.0,-0.019372789189219475,0.009686394594609737,0.02214032970368862,0.0,0.0,0.0,0.0,0.0,0.0,0.0,0.5999342017075713,0.008885585039779044,0.5,0.6610148549079895,0.1015273779630661,0.37578099966049194,0.0,0.0,0.0,-0.0,-0.0027675412129610777,0.041513118892908096,0.0,0.0,0.0,0.0,0.0,0.0,0.0,0.5993829976252761,0.027203348281750653,0.5,0.6288236975669861,0.6042356491088867,0.3868539035320282,0.0,0.0,0.0,-0.01660524681210518,0.027675412595272064,-0.0013837706064805388,0.0,0.0,0.0,0.0,0.0,0.0,0.0,0.4936247085074903,-0.34107865244089264,0.5
4.135,TAKEOFF,0.2722797989845276,0.23188410699367523,0.36381155252456665,0.0,0.0,0.0,-0.019372789189219475,0.009686394594609737,0.02214032970368862,0.0,0.0,0.0,0.0,0.0,0.0,0.0,0.599934755870521,0.008848090109075127,0.5,0.6610148549079895,0.1015273779630661,0.37578099966049194,0.0,0.0,0.0,-0.0,-0.0027675412129610777,0.041513118892908096,0.0,0.0,0.0,0.0,0.0,0.0,0.0,0.599399368976764,0.026840202500298106,0.5,0.6288236975669861,0.6042356491088867,0.3868539035320282,0.0,0.0,0.0,-0.01660524681210518,0.027675412595272064,-0.0013837706064805388,0.0,0.0,0.0,0.0,0.0,0.0,0.0,0.49361646863112596,-0.3410905772608452,0.5
4.155,TAKEOFF,0.2722797989845276,0.23188410699367523,0.36381155252456665,0.0,0.0,0.0,-0.019372789189219475,0.009686394594609737,0.02214032970368862,0.0,0.0,0.0,0.0,0.0,0.0,0.0,0.5999353043861679,0.008810820113704512,0.5,0.6610148549079895,0.1015273779630661,0.37578099966049194,0.0,0.0,0.0,-0.0,-0.0027675412129610777,0.041513118892908096,0.0,0.0,0.0,0.0,0.0,0.0,0.0,0.5994154240586904,0.02647922582970113,0.5,0.6288236975669861,0.6042356491088867,0.3868539035320282,0.0,0.0,0.0,-0.01660524681210518,0.027675412595272064,-0.0013837706064805388,0.0,0.0,0.0,0.0,0.0,0.0,0.0,0.49360827790853157,-0.3411024303346047,0.5
4.175,TAKEOFF,0.27829912304878235,0.22593547403812408,0.38611483573913574,0.0,0.0,0.0,-0.02629164233803749,0.005535082425922155,0.029059182852506638,0.0,0.0,0.0,0.0,0.0,0.0,0.0,0.5999358473161779,0.008773773704607527,0.5,0.6610148549079895,0.1015273779630661,0.37578099966049194,0.0,0.0,0.0,-0.0,-0.0027675412129610777,0.041513118892908096,0.0,0.0,0.0,0.0,0.0,0.0,0.0,0.5994311673715498,0.026120405501850893,0.5,0.6288236975669861,0.6042356491088867,0.3868539035320282,0.0,0.0,0.0,-0.01660524681210518,0.027675412595272064,-0.0013837706064805388,0.0,0.0,0.0,0.0,0.0,0.0,0.0,0.49360013604820463,-0.34111421209500176,0.5
4.195,TAKEOFF,0.27829912304878235,0.22593547403812408,0.38611483573913574,0.0,0.0,0.0,-0.02629164233803749,0.005535082425922155,0.029059182852506638,0.0,0.0,0.0,0.0,0.0,0.0,0.0,0.5999363847215148,0.008736949540809696,0.5,0.6610148549079895,0.1015273779630661,0.37578099966049194,0.0,0.0,0.0,-0.0,-0.0027675412129610777,0.041513118892908096,0.0,0.0,0.0,0.0,0.0,0.0,0.0,0.599450233714332,0.025679121866465024,0.5,0.6288236975669861,0.6042356491088867,0.3868539035320282,0.0,0.0,0.0,-0.01660524681210518,0.027675412595272064,-0.0013837706064805388,0.0,0.0,0.0,0.0,0.0,0.0,0.0,0.49359204276035085,-0.3411259229722419,0.5
4.215,TAKEOFF,0.27829912304878235,0.22593547403812408,0.38611483573913574,0.0,0.0,0.0,-0.02629164233803749,0.005535082425922155,0.029059182852506638,0.0,0.0,0.0,0.0,0.0,0.0,0.0,0.5999369768129297,0.008696197592179612,0.5,0.6626763343811035,0.10215865820646286,0.3929743766784668,0.0,0.0,0.0,-0.0013837706064805388,-0.005535082425922155,0.03874557837843895,0.0,0.0,0.0,0.0,0.0,0.0,0.0,0.5994688637169514,0.025240472141128994,0.5,0.6350124478340149,0.608776330947876,0.40580812096595764,0.0,0.0,0.0,-0.012453935109078884,0.0013837706064805388,0.04428065940737724,0.0,0.0,0.0,0.0,0.0,0.0,0.0,0.49358513251865377,-0.3411359215276852,0.5
4.235,TAKEOFF,0.27829912304878235,0.22593547403812408,0.38611483573913574,0.0,0.0,0.0,-0.02629164233803749,0.005535082425922155,0.029059182852506638,0.0,0.0,0.0,0.0,0.0,0.0,0.0,0.5999375626084975,0.008655690115476313,0.5,0.6626763343811035,0.10215865820646286,0.3929743766784668,0.0,0.0,0.0,-0.0013837706064805388,-0.005535082425922155,0.03874557837843895,0.0,0.0,0.0,0.0,0.0,0.0,0.0,0.599487063839278,0.02480444092015367,0.5,0.6350124478340149,0.608776330947876,0.40580812096595764,0.0,0.0,0.0,-0.012453935109078884,0.0013837706064805388,0.04428065940737724,0.0,0.0,0.0,0.0,0.0,0.0,0.0,0.4935782635376881,-0.3411458599530712,0.5
4.255,TAKEOFF,0.27829912304878235,0.22593547403812408,0.38611483573913574,0.0,0.0,0.0,-0.02629164233803749,0.005535082425922155,0.029059182852506638,0.0,0.0,0.0,0.0,0.0,0.0,0.0,0.5999381421788113,0.008615425644526999,0.5,0.6626763343811035,0.10215865820646286,0.3929743766784668,0.0,0.0,0.0,-0.0013837706064805388,-0.005535082425922155,0.03874557837843895,0.0,0.0,0.0,0.0,0.0,0.0,0.0,0.5995048404568025,0.024371012881367424,0.5,0.6350124478340149,0.608776330947876,0.40580812096595764,0.0,0.0,0.0,-0.012453935109078884,0.0013837706064805388,0.04428065940737724,0.0,0.0,0.0,0.0,0.0,0.0,0.0,0.49357143557229366,-0.3411557386108361,0.5
4.275,TAKEOFF,0.285033643245697,0.22551196813583374,0.40518128871917725,0.0,0.0,0.0,-0.015221476554870605,-0.00830262340605259,0.0567345917224884,0.0,0.0,0.0,0.0,0.0,0.0,0.0,0.5999387155936483,0.008575402721944752,0.5,0.6626763343811035,0.10215865820646286,0.3929743766784668,0.0,0.0,0.0,-0.0013837706064805388,-0.005535082425922155,0.03874557837843895,0.0,0.0,0.0,0.0,0.0,0.0,0.0,0.5995240056782755,0.02389490773104269,0.5,0.6350124478340149,0.608776330947876,0.40580812096595764,0.0,0.0,0.0,-0.012453935109078884,0.0013837706064805388,0.04428065940737724,0.0,0.0,0.0,0.0,0.0,0.0,0.0,0.49356464837875236,-0.34116555786122155,0.5
4.295,TAKEOFF,0.285033643245697,0.22551196813583374,0.40518128871917725,0.0,0.0,0.0,-0.015221476554870605,-0.00830262340605259,0.0567345917224884,0.0,0.0,0.0,0.0,0.0,0.0,0.0,0.5999392829219791,0.008535619899076011,0.5,0.6626763343811035,0.10215865820646286,0.3929743766784668,0.0,0.0,0.0,-0.0013837706064805388,-0.005535082425922155,0.03874557837843895,0.0,0.0,0.0,0.0,0.0,0.0,0.0,0.5995426811990854,0.023421644276434228,0.5,0.6350124478340149,0.608776330947876,0.40580812096595764,0.0,0.0,0.0,-0.012453935109078884,0.0013837706064805388,0.04428065940737724,0.0,0.0,0.0,0.0,0.0,0.0,0.0,0.4935579017147799,-0.34117531806228835,0.5
4.315,TAKEOFF,0.285033643245697,0.22551196813583374,0.40518128871917725,0.0,0.0,0.0,-0.015221476554870605,-0.00830262340605259,0.0567345917224884,0.0,0.0,0.0,0.0,0.0,0.0,0.0,0.5999397802675794,0.008500591302284538,0.5,0.6641053557395935,0.10243964195251465,0.4087842106819153,0.0,0.0,0.0,-0.0,-0.006918853148818016,0.035978034138679504,0.0,0.0,0.0,0.0,0.0,0.0,0.0,0.599560874428925,0.022951205938311972,0.5,0.6413512825965881,0.6163991093635559,0.42702585458755493,0.0,0.0,0.0,0.006918853148818016,-0.013837706297636032,0.10378279536962509,0.0,0.0,0.0,0.0,0.0,0.0,0.0,0.49355137805587584,-0.34118475525607217,0.5
4.335,TAKEOFF,0.285033643245697,0.22551196813583374,0.40518128871917725,0.0,0.0,0.0,-0.015221476554870605,-0.00830262340605259,0.0567345917224884,0.0,0.0,0.0,0.0,0.0,0.0,0.0,0.599940272602265,0.008465772848355117,0.5,0.6641053557395935,0.10243964195251465,0.4087842106819153,0.0,0.0,0.0,-0.0,-0.006918853148818016,0.035978034138679504,0.0,0.0,0.0,0.0,0.0,0.0,0.0,0.5995785926799644,0.02248357622606653,0.5,0.6413512825965881,0.6163991093635559,0.42702585458755493,0.0,0.0,0.0,0.006918853148818016,-0.013837706297636032,0.10378279536962509,0.0,0.0,0.0,0.0,0.0,0.0,0.0,0.4935448933600998,-0.341194135703074,0.5
4.355,TAKEOFF,0.285033643245697,0.22551196813583374,0.40518128871917725,0.0,0.0,0.0,-0.015221476554870605,-0.00830262340605259,0.0567345917224884,0.0,0.0,0.0,0.0,0.0,0.0,0.0,0.5999407599803487,0.008431163276890386,0.5,0.6641053557395935,0.10243964195251465,0.4087842106819153,0.0,0.0,0.0,-0.0,-0.006918853148818016,0.035978034138679504,0.0,0.0,0.0,0.0,0.0,0.0,0.0,0.5995958431680577,0.02201873873740032,0.5,0.6413512825965881,0.6163991093635559,0.42702585458755493,0.0,0.0,0.0,0.006918853148818016,-0.013837706297636032,0.10378279536962509,0.0,0.0,0.0,0.0,0.0,0.0,0.0,0.49353844739581487,-0.34120345974525,0.5
4.375,TAKEOFF,0.29010361433029175,0.22774481773376465,0.42441970109939575,0.0,0.0,0.0,-0.006918853148818016,-0.017989017069339752,0.07057230174541473,0.0,0.0,0.0,0.0,0.0,0.0,0.0,0.5999412424555276,0.008396761335047796,0.5,0.6641053557395935,0.10243964195251465,0.4087842106819153,0.0,0.0,0.0,-0.0,-0.006918853148818016,0.035978034138679504,0.0,0.0,0.0,0.0,0.0,0.0,0.0,0.5996131219544066,0.021543072670579907,0.5,0.6413512825965881,0.6163991093635559,0.42702585458755493,0.0,0.0,0.0,0.006918853148818016,-0.013837706297636032,0.10378279536962509,0.0,0.0,0.0,0.0,0.0,0.0,0.0,0.4935320399327481,-0.34121272772248734,0.5
4.395,TAKEOFF,0.29010361433029175,0.22774481773376465,0.42441970109939575,0.0,0.0,0.0,-0.006918853148818016,-0.017989017069339752,0.07057230174541473,0.0,0.0,0.0,0.0,0.0,0.0,0.0,0.5999417200808901,0.008362565777494392,0.5,0.6641053557395935,0.10243964195251465,0.4087842106819153,0.0,0.0,0.0,-0.0,-0.006918853148818016,0.035978034138679504,0.0,0.0,0.0,0.0,0.0,0.0,0.0,0.5996299231062923,0.021070247163761206,0.5,0.6413512825965881,0.6163991093635559,0.42702585458755493,0.0,0.0,0.0,0.006918853148818016,-0.013837706297636032,0.10378279536962509,0.0,0.0,0.0,0.0,0.0,0.0,0.0,0.49352567074198306,-0.34122193997261624,0.5
4.415,TAKEOFF,0.29010361433029175,0.22774481773376465,0.42441970109939575,0.0,0.0,0.0,-0.006918853148818016,-0.017989017069339752,0.07057230174541473,0.0,0.0,0.0,0.0,0.0,0.0,0.0,0.5999421852102095,0.00832912991846519,0.5,0.6640956401824951,0.10334309935569763,0.4242144525051117,0.0,0.0,0.0,0.0,-0.006918853148818016,0.031826723366975784,0.0,0.0,0.0,0.0,0.0,0.0,0.0,0.599646253953246,0.020600245625700658,0.5,0.6458473205566406,0.6209116578102112,0.4494110643863678,0.0,0.0,0.0,0.015221476554870605,-0.0013837706064805388,0.13560952246189117,0.0,0.0,0.0,0.0,0.0,0.0,0.0,0.4935220641305861,-0.34122715632886785,0.5
4.435,TAKEOFF,0.29010361433029175,0.22774481773376465,0.42441970109939575,0.0,0.0,0.0,-0.006918853148818016,-0.017989017069339752,0.07057230174541473,0.0,0.0,0.0,0.0,0.0,0.0,0.0,0.5999426457020482,0.008295894648951748,0.5,0.6640956401824951,0.10334309935569763,0.4242144525051117,0.0,0.0,0.0,0.0,-0.006918853148818016,0.031826723366975784,0.0,0.0,0.0,0.0,0.0,0.0,0.0,0.599662121727828,0.020133051554087802,0.5,0.6458473205566406,0.6209116578102112,0.4494110643863678,0.0,0.0,0.0,0.015221476554870605,-0.0013837706064805388,0.13560952246189117,0.0,0.0,0.0,0.0,0.0,0.0,0.0,0.4935184791042181,-0.3412323413492037,0.5
4.455,TAKEOFF,0.29010361433029175,0.22774481773376465,0.42441970109939575,0.0,0.0,0.0,-0.006918853148818016,-0.017989017069339752,0.07057230174541473,0.0,0.0,0.0,0.0,0.0,0.0,0.0,0.599943101606324,0.008262858765824789,0.5,0.6640956401824951,0.10334309935569763,0.4242144525051117,0.0,0.0,0.0,0.0,-0.006918853148818016,0.031826723366975784,0.0,0.0,0.0,0.0,0.0,0.0,0.0,0.5996775335668308,0.01966864853523147,0.5,0.6458473205566406,0.6209116578102112,0.4494110643863678,0.0,0.0,0.0,0.015221476554870605,-0.0013837706064805388,0.13560952246189117,0.0,0.0,0.0,0.0,0.0,0.0,0.0,0.4935149155340229,-0.34123749522209057,0.5
4.475,TAKEOFF,0.2916346490383148,0.23139703273773193,0.442629337310791,0.0,0.0,0.0,-0.012453935109078884,-0.01660524681210518,0.08302623778581619,0.0,0.0,0.0,0.0,0.0,0.0,0.0,0.5999435529723902,0.008230021073167124,0.5,0.6640956401824951,0.10334309935569763,0.4242144525051117,0.0,0.0,0.0,0.0,-0.006918853148818016,0.031826723366975784,0.0,0.0,0.0,0.0,0.0,0.0,0.0,0.5996924965124679,0.019207020243743524,0.5,0.6458473205566406,0.6209116578102112,0.4494110643863678,0.0,0.0,0.0,0.015221476554870605,-0.0013837706064805388,0.13560952246189117,0.0,0.0,0.0,0.0,0.0,0.0,0.0,0.49351137329190975,-0.34124261813485907,0.5
4.495,TAKEOFF,0.2916346490383148,0.23139703273773193,0.442629337310791,0.0,0.0,0.0,-0.012453935109078884,-0.01660524681210518,0.08302623778581619,0.0,0.0,0.0,0.0,0.0,0.0,0.0,0.5999439998490435,0.008197380382230496,0.5,0.6640956401824951,0.10334309935569763,0.4242144525051117,0.0,0.0,0.0,0.0,-0.006918853148818016,0.031826723366975784,0.0,0.0,0.0,0.0,0.0,0.0,0.0,0.5997064348628428,0.018766778735277025,0.5,0.6458473205566406,0.6209116578102112,0.4494110643863678,0.0,0.0,0.0,0.015221476554870605,-0.0013837706064805388,0.13560952246189117,0.0,0.0,0.0,0.0,0.0,0.0,0.0,0.49350785225054883,-0.3412477102737108,0.5
4.515,TAKEOFF,0.2916346490383148,0.23139703273773193,0.442629337310791,0.0,0.0,0.0,-0.012453935109078884,-0.01660524681210518,0.08302623778581619,0.0,0.0,0.0,0.0,0.0,0.0,0.0,0.599944437145245,0.00816531312780117,0.5,0.6640956401824951,0.10334309935569763,0.4242144525051117,0.0,0.0,0.0,0.0,-0.006918853148818016,0.031826723366975784,0.0,0.0,0.0,0.0,0.0,0.0,0.0,0.5997199692994241,0.018329168652664804,0.5,0.6485934257507324,0.6236826777458191,0.468951016664505,0.0,0.0,0.0,0.027675412595272064,-0.01660524681210518,0.15359853208065033,0.0,0.0,0.0,0.0,0.0,0.0,0.0,0.49350435228336637,-0.34125277182372454,0.5
4.535,TAKEOFF,0.2916346490383148,0.23139703273773193,0.442629337310791,0.0,0.0,0.0,-0.012453935109078884,-0.01660524681210518,0.08302623778581619,0.0,0.0,0.0,0.0,0.0,0.0,0.0,0.5999448701190568,0.00813343825377992,0.5,0.6640956401824951,0.10334309935569763,0.4242144525051117,0.0,0.0,0.0,0.0,-0.006918853148818016,0.031826723366975784,0.0,0.0,0.0,0.0,0.0,0.0,0.0,0.5997331060704262,0.017894174558189202,0.5,0.6485934257507324,0.6236826777458191,0.468951016664505,0.0,0.0,0.0,0.027675412595272064,-0.01660524681210518,0.15359853208065033,0.0,0.0,0.0,0.0,0.0,0.0,0.0,0.4935008732645407,-0.3412578029688636,0.5
4.555,TAKEOFF,0.2916346490383148,0.23139703273773193,0.442629337310791,0.0,0.0,0.0,-0.012453935109078884,-0.01660524681210518,0.08302623778581619,0.0,0.0,0.0,0.0,0.0,0.0,0.0,0.5999452988167339,0.008101754606250058,0.5,0.6630675196647644,0.10368615388870239,0.4396600127220154,0.0,0.0,0.0,0.0027675412129610777,-0.005535082425922155,0.029059182852506638,0.0,0.0,0.0,0.0,0.0,0.0,0.0,0.5997458513411079,0.017461781098434815,0.5,0.6485934257507324,0.6236826777458191,0.468951016664505,0.0,0.0,0.0,0.027675412595272064,-0.01660524681210518,0.15359853208065033,0.0,0.0,0.0,0.0,0.0,0.0,0.0,0.4934974150689974,-0.34126280389198244,0.5
4.575,TAKEOFF,0.28889697790145874,0.23654034733772278,0.4597044587135315,0.0,0.0,0.0,0.00830262340605259,-0.017989017069339752,0.08717754483222961,0.0,0.0,0.0,0.0,0.0,0.0,0.0,0.599945723284011,0.008070261038212423,0.5,0.6630675196647644,0.10368615388870239,0.4396600127220154,0.0,0.0,0.0,0.0027675412129610777,-0.005535082425922155,0.029059182852506638,0.0,0.0,0.0,0.0,0.0,0.0,0.0,0.5997582111948052,0.017031973003955876,0.5,0.6485934257507324,0.6236826777458191,0.468951016664505,0.0,0.0,0.0,0.027675412595272064,-0.01660524681210518,0.15359853208065033,0.0,0.0,0.0,0.0,0.0,0.0,0.0,0.493495494108627,-0.3412655817607192,0.5
4.595,TAKEOFF,0.28889697790145874,0.23654034733772278,0.4597044587135315,0.0,0.0,0.0,0.00830262340605259,-0.017989017069339752,0.08717754483222961,0.0,0.0,0.0,0.0,0.0,0.0,0.0,0.5999461435661083,0.008038956409543975,0.5,0.6630675196647644,0.10368615388870239,0.4396600127220154,0.0,0.0,0.0,0.0027675412129610777,-0.005535082425922155,0.029059182852506638,0.0,0.0,0.0,0.0,0.0,0.0,0.0,0.5997686599105057,0.016659969662524046,0.5,0.6485934257507324,0.6236826777458191,0.468951016664505,0.0,0.0,0.0,0.027675412595272064,-0.01660524681210518,0.15359853208065033,0.0,0.0,0.0,0.0,0.0,0.0,0.0,0.4934935846585227,-0.3412683429515276,0.5
4.615,TAKEOFF,0.28889697790145874,0.23654034733772278,0.4597044587135315,0.0,0.0,0.0,0.00830262340605259,-0.017989017069339752,0.08717754483222961,0.0,0.0,0.0,0.0,0.0,0.0,0.0,0.599946758505391,0.007992931807165768,0.5,0.661177933216095,0.10331252217292786,0.45560410618782043,0.0,0.0,0.0,0.004151311703026295,-0.0027675412129610777,0.02629164233803749,0.0,0.0,0.0,0.0,0.0,0.0,0.0,0.5997788172692964,0.016290191989165335,0.5,0.6497036814689636,0.6195921301841736,0.48377740383148193,0.0,0.0,0.0,0.015221476554870605,-0.013837706297636032,0.1342257410287857,0.0,0.0,0.0,0.0,0.0,0.0,0.0,0.49349145039497766,-0.34127142919831616,0.5
4.635,TAKEOFF,0.28889697790145874,0.23654034733772278,0.4597044587135315,0.0,0.0,0.0,0.00830262340605259,-0.017989017069339752,0.08717754483222961,0.0,0.0,0.0,0.0,0.0,0.0,0.0,0.5999473662559943,0.00794718330578446,0.5,0.661177933216095,0.10331252217292786,0.45560410618782043,0.0,0.0,0.0,0.004151311703026295,-0.0027675412129610777,0.02629164233803749,0.0,0.0,0.0,0.0,0.0,0.0,0.0,0.5997886877512361,0.01592262684516081,0.5,0.6497036814689636,0.6195921301841736,0.48377740383148193,0.0,0.0,0.0,0.015221476554870605,-0.013837706297636032,0.1342257410287857,0.0,0.0,0.0,0.0,0.0,0.0,0.0,0.49348932891788616,-0.3412744969143964,0.5
4.655,TAKEOFF,0.28889697790145874,0.23654034733772278,0.4597044587135315,0.0,0.0,0.0,0.00830262340605259,-0.017989017069339752,0.08717754483222961,0.0,0.0,0.0,0.0,0.0,0.0,0.0,0.5999479669029094,0.007901709249615429,0.5,0.661177933216095,0.10331252217292786,0.45560410618782043,0.0,0.0,0.0,0.004151311703026295,-0.0027675412129610777,0.02629164233803749,0.0,0.0,0.0,0.0,0.0,0.0,0.0,0.5997982757769704,0.015557261165558132,0.5,0.6497036814689636,0.6195921301841736,0.48377740383148193,0.0,0.0,0.0,0.015221476554870605,-0.013837706297636032,0.1342257410287857,0.0,0.0,0.0,0.0,0.0,0.0,0.0,0.4934872201507585,-0.3412775462111106,0.5
4.675,TAKEOFF,0.28889697790145874,0.23654034733772278,0.4597044587135315,0.0,0.0,0.0,0.00830262340605259,-0.017989017069339752,0.08717754483222961,0.0,0.0,0.0,0.0,0.0,0.0,0.0,0.5999485605301168,0.007856507992794215,0.5,0.661177933216095,0.10331252217292786,0.45560410618782043,0.0,0.0,0.0,0.004151311703026295,-0.0027675412129610777,0.02629164233803749,0.0,0.0,0.0,0.0,0.0,0.0,0.0,0.5998075857084738,0.015194081958833998,0.5,0.6497036814689636,0.6195921301841736,0.48377740383148193,0.0,0.0,0.0,0.015221476554870605,-0.013837706297636032,0.1342257410287857,0.0,0.0,0.0,0.0,0.0,0.0,0.0,0.49348512401756117,-0.3412805771991314,0.5
4.695,TAKEOFF,0.2833603322505951,0.24077260494232178,0.47668519616127014,0.0,0.0,0.0,-0.0,-0.0027675412129610777,0.08164246380329132,0.0,0.0,0.0,0.0,0.0,0.0,0.0,0.5999491472205981,0.007811577899317264,0.5,0.661177933216095,0.10331252217292786,0.45560410618782043,0.0,0.0,0.0,0.004151311703026295,-0.0027675412129610777,0.02629164233803749,0.0,0.0,0.0,0.0,0.0,0.0,0.0,0.5998166218497816,0.014833076306556576,0.5,0.6497036814689636,0.6195921301841736,0.48377740383148193,0.0,0.0,0.0,0.015221476554870605,-0.013837706297636032,0.1342257410287857,0.0,0.0,0.0,0.0,0.0,0.0,0.0,0.4934830404427139,-0.34128358998846514,0.5
4.715,TAKEOFF,0.2833603322505951,0.24077260494232178,0.47668519616127014,0.0,0.0,0.0,-0.0,-0.0027675412129610777,0.08164246380329132,0.0,0.0,0.0,0.0,0.0,0.0,0.0,0.5999497270563486,0.007766917342983005,0.5,0.6589449048042297,0.10204760730266571,0.47035983204841614,0.0,0.0,0.0,-0.0013837706064805388,-0.0027675412129610777,0.023524099960923195,0.0,0.0,0.0,0.0,0.0,0.0,0.0,0.5998238007508844,0.014539878017484577,0.5,0.6476374268531799,0.6130744218826294,0.49222543835639954,0.0,0.0,0.0,-0.017989017069339752,0.005535082425922155,0.08441001176834106,0.0,0.0,0.0,0.0,0.0,0.0,0.0,0.49348096935108743,-0.3412865846884565,0.5
4.735,TAKEOFF,0.2833603322505951,0.24077260494232178,0.47668519616127014,0.0,0.0,0.0,-0.0,-0.0027675412129610777,0.08164246380329132,0.0,0.0,0.0,0.0,0.0,0.0,0.0,0.5999504709487012,0.0077092417546418684,0.5,0.6589449048042297,0.10204760730266571,0.47035983204841614,0.0,0.0,0.0,-0.0013837706064805388,-0.0027675412129610777,0.023524099960923195,0.0,0.0,0.0,0.0,0.0,0.0,0.0,0.5998307945466882,0.0142484354751197,0.5,0.6476374268531799,0.6130744218826294,0.49222543835639954,0.0,0.0,0.0,-0.017989017069339752,0.005535082425922155,0.08441001176834106,0.0,0.0,0.0,0.0,0.0,0.0,0.0,0.49347613136940427,-0.34129358002852395,0.5
4.755,TAKEOFF,0.2833603322505951,0.24077260494232178,0.47668519616127014,0.0,0.0,0.0,-0.0,-0.0027675412129610777,0.08164246380329132,0.0,0.0,0.0,0.0,0.0,0.0,0.0,0.5999512048829142,0.007651912149222842,0.5,0.6589449048042297,0.10204760730266571,0.47035983204841614,0.0,0.0,0.0,-0.0013837706064805388,-0.0027675412129610777,0.023524099960923195,0.0,0.0,0.0,0.0,0.0,0.0,0.0,0.5998376060454581,0.01395873825435976,0.5,0.6476374268531799,0.6130744218826294,0.49222543835639954,0.0,0.0,0.0,-0.017989017069339752,0.005535082425922155,0.08441001176834106,0.0,0.0,0.0,0.0,0.0,0.0,0.0,0.49347132231733926,-0.34130053332858507,0.5
4.775,TAKEOFF,0.2776835858821869,0.24425633251667023,0.4929792881011963,0.0,0.0,0.0,0.00830262340605259,0.0027675412129610777,0.0774911567568779,0.0,0.0,0.0,0.0,0.0,0.0,0.0,0.5999519289844694,0.007594926452191939,0.5,0.6589449048042297,0.10204760730266571,0.47035983204841614,0.0,0.0,0.0,-0.0013837706064805388,-0.0027675412129610777,0.023524099960923195,0.0,0.0,0.0,0.0,0.0,0.0,0.0,0.5998442380183607,0.013670775990125355,0.5,0.6476374268531799,0.6130744218826294,0.49222543835639954,0.0,0.0,0.0,-0.017989017069339752,0.005535082425922155,0.08441001176834106,0.0,0.0,0.0,0.0,0.0,0.0,0.0,0.4934665420224916,-0.3413074448416917,0.5
4.796,TAKEOFF,0.2776835858821869,0.24425633251667023,0.4929792881011963,0.0,0.0,0.0,0.00830262340605259,0.0027675412129610777,0.0774911567568779,0.0,0.0,0.0,0.0,0.0,0.0,0.0,0.5999526433773092,0.00753828260143678,0.5,0.6589449048042297,0.10204760730266571,0.47035983204841614,0.0,0.0,0.0,-0.0013837706064805388,-0.0027675412129610777,0.023524099960923195,0.0,0.0,0.0,0.0,0.0,0.0,0.0,0.5998493152839459,0.01344615013233082,0.5,0.6476374268531799,0.6130744218826294,0.49222543835639954,0.0,0.0,0.0,-0.017989017069339752,0.005535082425922155,0.08441001176834106,0.0,0.0,0.0,0.0,0.0,0.0,0.0,0.4934617903134806,-0.34131431481936775,0.5
4.815,TAKEOFF,0.2776835858821869,0.24425633251667023,0.4929792881011963,0.0,0.0,0.0,0.00830262340605259,0.0027675412129610777,0.0774911567568779,0.0,0.0,0.0,0.0,0.0,0.0,0.0,0.5999533481838561,0.007481978547192535,0.5,0.6560448408126831,0.10110576450824738,0.48526373505592346,0.0,0.0,0.0,0.0,0.0027675412129610777,0.02629164233803749,0.0,0.0,0.0,0.0,0.0,0.0,0.0,0.5998542787250125,0.013222870161012116,0.5,0.6474157571792603,0.610304594039917,0.5001901984214783,0.0,0.0,0.0,-0.0027675412129610777,-0.004151311703026295,0.04843197017908096,0.0,0.0,0.0,0.0,0.0,0.0,0.0,0.4934570670199397,-0.3413211435116183,0.5
4.835,TAKEOFF,0.2776835858821869,0.24425633251667023,0.4929792881011963,0.0,0.0,0.0,0.00830262340605259,0.0027675412129610777,0.0774911567568779,0.0,0.0,0.0,0.0,0.0,0.0,0.0,0.5999541365790365,0.007418490527243532,0.5,0.6560448408126831,0.10110576450824738,0.48526373505592346,0.0,0.0,0.0,0.0,0.0027675412129610777,0.02629164233803749,0.0,0.0,0.0,0.0,0.0,0.0,0.0,0.599859130021156,0.013000928053865468,0.5,0.6474157571792603,0.610304594039917,0.5001901984214783,0.0,0.0,0.0,-0.0027675412129610777,-0.004151311703026295,0.04843197017908096,0.0,0.0,0.0,0.0,0.0,0.0,0.0,0.4934508696921071,-0.34133010297965677,0.5
4.855,TAKEOFF,0.2776835858821869,0.24425633251667023,0.4929792881011963,0.0,0.0,0.0,0.00830262340605259,0.0027675412129610777,0.0774911567568779,0.0,0.0,0.0,0.0,0.0,0.0,0.0,0.599954913585787,0.007355383353085276,0.5,0.6560448408126831,0.10110576450824738,0.48526373505592346,0.0,0.0,0.0,0.0,0.0027675412129610777,0.02629164233803749,0.0,0.0,0.0,0.0,0.0,0.0,0.0,0.5998638708299942,0.012780315835538352,0.5,0.6474157571792603,0.610304594039917,0.5001901984214783,0.0,0.0,0.0,-0.0027675412129610777,-0.004151311703026295,0.04843197017908096,0.0,0.0,0.0,0.0,0.0,0.0,0.0,0.4934447093870298,-0.34133900857937355,0.5
4.875,TAKEOFF,0.27325546741485596,0.24698719382286072,0.5085473656654358,0.0,0.0,0.0,-0.004151311703026295,0.013837706297636032,0.07057230174541473,0.0,0.0,0.0,0.0,0.0,0.0,0.0,0.5999556793520867,0.0072926547413199785,0.5,0.6560448408126831,0.10110576450824738,0.48526373505592346,0.0,0.0,0.0,0.0,0.0027675412129610777,0.02629164233803749,0.0,0.0,0.0,0.0,0.0,0.0,0.0,0.5998685027874398,0.01256102557737175,0.5,0.6474157571792603,0.610304594039917,0.5001901984214783,0.0,0.0,0.0,-0.0027675412129610777,-0.004151311703026295,0.04843197017908096,0.0,0.0,0.0,0.0,0.0,0.0,0.0,0.493438585884502,-0.3413478606353098,0.5
4.895,TAKEOFF,0.27325546741485596,0.24698719382286072,0.5085473656654358,0.0,0.0,0.0,-0.004151311703026295,0.013837706297636032,0.07057230174541473,0.0,0.0,0.0,0.0,0.0,0.0,0.0,0.5999564340240742,0.007230302422217787,0.5,0.6560448408126831,0.10110576450824738,0.48526373505592346,0.0,0.0,0.0,0.0,0.0027675412129610777,0.02629164233803749,0.0,0.0,0.0,0.0,0.0,0.0,0.0,0.5998720252026467,0.012391665718344845,0.5,0.6474157571792603,0.610304594039917,0.5001901984214783,0.0,0.0,0.0,-0.0027675412129610777,-0.004151311703026295,0.04843197017908096,0.0,0.0,0.0,0.0,0.0,0.0,0.0,0.493432498965616,-0.34135665947004373,0.5
4.915,TAKEOFF,0.27325546741485596,0.24698719382286072,0.5085473656654358,0.0,0.0,0.0,-0.004151311703026295,0.013837706297636032,0.07057230174541473,0.0,0.0,0.0,0.0,0.0,0.0,0.0,0.5999571777460697,0.007168324139635399,0.5,0.6546531319618225,0.09937119483947754,0.4949374794960022,0.0,0.0,0.0,0.0013837706064805388,0.0013837706064805388,0.03321049362421036,0.0,0.0,0.0,0.0,0.0,0.0,0.0,0.5998754790977566,0.012223321039592245,0.5,0.6468551754951477,0.6080507040023804,0.5060701966285706,0.0,0.0,0.0,-0.0027675412129610777,-0.01660524681210518,0.03044295310974121,0.0,0.0,0.0,0.0,0.0,0.0,0.0,0.4934264484127545,-0.3413654054042022,0.5
4.935,TAKEOFF,0.27325546741485596,0.24698719382286072,0.5085473656654358,0.0,0.0,0.0,-0.004151311703026295,0.013837706297636032,0.07057230174541473,0.0,0.0,0.0,0.0,0.0,0.0,0.0,0.5999579709424729,0.007101626756645391,0.5,0.6546531319618225,0.09937119483947754,0.4949374794960022,0.0,0.0,0.0,0.0013837706064805388,0.0013837706064805388,0.03321049362421036,0.0,0.0,0.0,0.0,0.0,0.0,0.0,0.5998788654505419,0.012055985474882706,0.5,0.6468551754951477,0.6080507040023804,0.5060701966285706,0.0,0.0,0.0,-0.0027675412129610777,-0.01660524681210518,0.03044295310974121,0.0,0.0,0.0,0.0,0.0,0.0,0.0,0.4934157867153803,-0.3413808158348128,0.5
4.955,TAKEOFF,0.27325546741485596,0.24698719382286072,0.5085473656654358,0.0,0.0,0.0,-0.004151311703026295,0.013837706297636032,0.07057230174541473,0.0,0.0,0.0,0.0,0.0,0.0,0.0,0.5999587520315333,0.007035329470972393,0.5,0.6546531319618225,0.09937119483947754,0.4949374794960022,0.0,0.0,0.0,0.0013837706064805388,0.0013837706064805388,0.03321049362421036,0.0,0.0,0.0,0.0,0.0,0.0,0.0,0.5998821852261373,0.011889652993850053,0.5,0.6468551754951477,0.6080507040023804,0.5060701966285706,0.0,0.0,0.0,-0.0027675412129610777,-0.01660524681210518,0.03044295310974121,0.0,0.0,0.0,0.0,0.0,0.0,0.0,0.49340518851122284,-0.3413961334728392,0.5
4.975,TAKEOFF,0.2726411521434784,0.2518940269947052,0.5230727791786194,0.0,0.0,0.0,0.0027675412129610777,0.01107016485184431,0.06088590621948242,0.0,0.0,0.0,0.0,0.0,0.0,0.0,0.5999595211737986,0.006969429883875433,0.5,0.6546531319618225,0.09937119483947754,0.4949374794960022,0.0,0.0,0.0,0.0013837706064805388,0.0013837706064805388,0.03321049362421036,0.0,0.0,0.0,0.0,0.0,0.0,0.0,0.5998854393771967,0.01172431760178856,0.5,0.6468551754951477,0.6080507040023804,0.5060701966285706,0.0,0.0,0.0,-0.0027675412129610777,-0.01660524681210518,0.03044295310974121,0.0,0.0,0.0,0.0,0.0,0.0,0.0,0.4933946534250396,-0.3414113588789703,0.5
4.995,TAKEOFF,0.2726411521434784,0.2518940269947052,0.5230727791786194,0.0,0.0,0.0,0.0027675412129610777,0.01107016485184431,0.06088590621948242,0.0,0.0,0.0,0.0,0.0,0.0,0.0,0.5999602785278023,0.006903925610969584,0.5,0.6546531319618225,0.09937119483947754,0.4949374794960022,0.0,0.0,0.0,0.0013837706064805388,0.0013837706064805388,0.03321049362421036,0.0,0.0,0.0,0.0,0.0,0.0,0.0,0.5998878703725861,0.011599266349360352,0.5,0.6468551754951477,0.6080507040023804,0.5060701966285706,0.0,0.0,0.0,-0.0027675412129610777,-0.01660524681210518,0.03044295310974121,0.0,0.0,0.0,0.0,0.0,0.0,0.0,0.4933841810837705,-0.34142649261048436,0.5
5.017,GO_TO_START,0.2726411521434784,0.2518940269947052,0.5230727791786194,0.0,0.0,0.0,0.0027675412129610777,0.01107016485184431,0.06088590621948242,0.0,0.0,0.0,0.0,0.0,0.0,0.0,0.5999610242500877,0.006838814282140515,0.5,0.6524847745895386,0.09736006706953049,0.5073259472846985,0.0,0.0,0.0,-0.005535082425922155,0.0013837706064805388,0.03321049362421036,0.0,0.0,0.0,0.0,0.0,0.0,0.0,0.5998902609481428,0.011474964904919548,0.5,0.6423879265785217,0.6059423089027405,0.5122960209846497,0.0,0.0,0.0,-0.0013837706064805388,-0.006918853148818016,0.020756559446454048,0.0,0.0,0.0,0.0,0.0,0.0,0.0,0.4933737711165265,-0.34144153522126935,0.5
5.036,GO_TO_START,0.2726411521434784,0.2518940269947052,0.5230727791786194,0.0,0.0,0.0,0.0027675412129610777,0.01107016485184431,0.06088590621948242,0.0,0.0,0.0,0.0,0.0,0.0,0.0,0.5999616883445713,0.0067803037344584295,0.5,0.6524847745895386,0.09736006706953049,0.5073259472846985,0.0,0.0,0.0,-0.005535082425922155,0.0013837706064805388,0.03321049362421036,0.0,0.0,0.0,0.0,0.0,0.0,0.0,0.5998926116553606,0.011351408780883556,0.5,0.6423879265785217,0.6059423089027405,0.5122960209846497,0.0,0.0,0.0,-0.0013837706064805388,-0.006918853148818016,0.020756559446454048,0.0,0.0,0.0,0.0,0.0,0.0,0.0,0.4933582587986476,-0.3414639490124348,0.5
5.056,GO_TO_START,0.2726411521434784,0.2518940269947052,0.5230727791786194,0.0,0.0,0.0,0.0027675412129610777,0.01107016485184431,0.06088590621948242,0.0,0.0,0.0,0.0,0.0,0.0,0.0,0.5999623427995632,0.006722144186153742,0.5,0.6524847745895386,0.09736006706953049,0.5073259472846985,0.0,0.0,0.0,-0.005535082425922155,0.0013837706064805388,0.03321049362421036,0.0,0.0,0.0,0.0,0.0,0.0,0.0,0.5998949230387304,0.011228593516365909,0.5,0.6423879265785217,0.6059423089027405,0.5122960209846497,0.0,0.0,0.0,-0.0013837706064805388,-0.006918853148818016,0.020756559446454048,0.0,0.0,0.0,0.0,0.0,0.0,0.0,0.49334283854557137,-0.3414862276224303,0.5
5.075,GO_TO_START,0.2734527587890625,0.2557711601257324,0.5352374911308289,0.0,0.0,0.0,0.0,0.006918853148818016,0.05258328467607498,0.0,0.0,0.0,0.0,0.0,0.0,0.0,0.5999629877405498,0.006664333532536419,0.5,0.6524847745895386,0.09736006706953049,0.5073259472846985,0.0,0.0,0.0,-0.005535082425922155,0.0013837706064805388,0.03321049362421036,0.0,0.0,0.0,0.0,0.0,0.0,0.0,0.5998971956358266,0.011106514677020488,0.5,0.6423879265785217,0.6059423089027405,0.5122960209846497,0.0,0.0,0.0,-0.0013837706064805388,-0.006918853148818016,0.020756559446454048,0.0,0.0,0.0,0.0,0.0,0.0,0.0,0.49332750981701323,-0.3415083718706537,0.5
5.095,GO_TO_START,0.2734527587890625,0.2557711601257324,0.5352374911308289,0.0,0.0,0.0,0.0,0.006918853148818016,0.05258328467607498,0.0,0.0,0.0,0.0,0.0,0.0,0.0,0.5999636232914554,0.006606869681519252,0.5,0.6524847745895386,0.09736006706953049,0.5073259472846985,0.0,0.0,0.0,-0.005535082425922155,0.0013837706064805388,0.03321049362421036,0.0,0.0,0.0,0.0,0.0,0.0,0.0,0.5998990252241717,0.011007249206256387,0.5,0.6423879265785217,0.6059423089027405,0.5122960209846497,0.0,0.0,0.0,-0.0013837706064805388,-0.006918853148818016,0.020756559446454048,0.0,0.0,0.0,0.0,0.0,0.0,0.0,0.49331227207578465,-0.34153038257148804,0.5
5.117,GO_TO_START,0.2734527587890625,0.2557711601257324,0.5352374911308289,0.0,0.0,0.0,0.0,0.006918853148818016,0.05258328467607498,0.0,0.0,0.0,0.0,0.0,0.0,0.0,0.5999642495746612,0.0065497505535427126,0.5,0.6505936980247498,0.09699863940477371,0.5202633738517761,0.0,0.0,0.0,-0.009686394594609737,0.004151311703026295,0.024907870218157768,0.0,0.0,0.0,0.0,0.0,0.0,0.0,0.5999008275569839,0.010908579029634494,0.5,0.6383216381072998,0.6045773029327393,0.5199200510978699,0.0,0.0,0.0,-0.01660524681210518,0.012453935109078884,0.006918853148818016,0.0,0.0,0.0,0.0,0.0,0.0,0.0,0.4932971247877769,-0.34155226053433235,0.5
5.135,GO_TO_START,0.2734527587890625,0.2557711601257324,0.5352374911308289,0.0,0.0,0.0,0.0,0.006918853148818016,0.05258328467607498,0.0,0.0,0.0,0.0,0.0,0.0,0.0,0.5999647870294711,0.006500332659286412,0.5,0.6505936980247498,0.09699863940477371,0.5202633738517761,0.0,0.0,0.0,-0.009686394594609737,0.004151311703026295,0.024907870218157768,0.0,0.0,0.0,0.0,0.0,0.0,0.0,0.5999026029924983,0.010810500581608769,0.5,0.6383216381072998,0.6045773029327393,0.5199200510978699,0.0,0.0,0.0,-0.01660524681210518,0.012453935109078884,0.006918853148818016,0.0,0.0,0.0,0.0,0.0,0.0,0.0,0.4932818232021853,-0.34157435925187357,0.5
5.155,GO_TO_START,0.2734527587890625,0.2557711601257324,0.5352374911308289,0.0,0.0,0.0,0.0,0.006918853148818016,0.05258328467607498,0.0,0.0,0.0,0.0,0.0,0.0,0.0,0.5999653172256566,0.006451211228689648,0.5,0.6505936980247498,0.09699863940477371,0.5202633738517761,0.0,0.0,0.0,-0.009686394594609737,0.004151311703026295,0.024907870218157768,0.0,0.0,0.0,0.0,0.0,0.0,0.0,0.599904351884472,0.010713010317904711,0.5,0.6383216381072998,0.6045773029327393,0.5199200510978699,0.0,0.0,0.0,-0.01660524681210518,0.012453935109078884,0.006918853148818016,0.0,0.0,0.0,0.0,0.0,0.0,0.0,0.49326661244502107,-0.3415963246977539,0.5
5.175,GO_TO_START,0.2758834660053253,0.25989457964897156,0.5472937226295471,0.0,0.0,0.0,0.005535082425922155,0.0,0.04289688542485237,0.0,0.0,0.0,0.0,0.0,0.0,0.0,0.5999658402550276,0.006402384483819686,0.5,0.6505936980247498,0.09699863940477371,0.5202633738517761,0.0,0.0,0.0,-0.009686394594609737,0.004151311703026295,0.024907870218157768,0.0,0.0,0.0,0.0,0.0,0.0,0.0,0.5999060745822398,0.010616104715394054,0.5,0.6383216381072998,0.6045773029327393,0.5199200510978699,0.0,0.0,0.0,-0.01660524681210518,0.012453935109078884,0.006918853148818016,0.0,0.0,0.0,0.0,0.0,0.0,0.0,0.49325149198308144,-0.34161815767968795,0.5
5.197,GO_TO_START,0.2758834660053253,0.25989457964897156,0.5472937226295471,0.0,0.0,0.0,0.005535082425922155,0.0,0.04289688542485237,0.0,0.0,0.0,0.0,0.0,0.0,0.0,0.5999663562082657,0.006353850657395388,0.5,0.6505936980247498,0.09699863940477371,0.5202633738517761,0.0,0.0,0.0,-0.009686394594609737,0.004151311703026295,0.024907870218157768,0.0,0.0,0.0,0.0,0.0,0.0,0.0,0.5999075463075662,0.010532610466325417,0.5,0.6383216381072998,0.6045773029327393,0.5199200510978699,0.0,0.0,0.0,-0.01660524681210518,0.012453935109078884,0.006918853148818016,0.0,0.0,0.0,0.0,0.0,0.0,0.0,0.49323646128622106,-0.3416398590004482,0.5
5.215,GO_TO_START,0.2758834660053253,0.25989457964897156,0.5472937226295471,0.0,0.0,0.0,0.005535082425922155,0.0,0.04289688542485237,0.0,0.0,0.0,0.0,0.0,0.0,0.0,0.5999668651749378,0.006305607992723602,0.5,0.6476902961730957,0.0976925939321518,0.5312766432762146,0.0,0.0,0.0,-0.009686394594609737,0.0027675412129610777,0.012453935109078884,0.0,0.0,0.0,0.0,0.0,0.0,0.0,0.5999089976862821,0.010449616980556388,0.5,0.6383216381072998,0.6045773029327393,0.5199200510978699,0.0,0.0,0.0,-0.01660524681210518,0.012453935109078884,0.006918853148818016,0.0,0.0,0.0,0.0,0.0,0.0,0.0,0.4932215198273364,-0.3416614294578953,0.5
5.235,GO_TO_START,0.2758834660053253,0.25989457964897156,0.5472937226295471,0.0,0.0,0.0,0.005535082425922155,0.0,0.04289688542485237,0.0,0.0,0.0,0.0,0.0,0.0,0.0,0.5999673672435105,0.006257654743635921,0.5,0.6476902961730957,0.0976925939321518,0.5312766432762146,0.0,0.0,0.0,-0.009686394594609737,0.0027675412129610777,0.012453935109078884,0.0,0.0,0.0,0.0,0.0,0.0,0.0,0.5999104289782202,0.01036712125750039,0.5,0.6376189589500427,0.6053085327148438,0.5264771580696106,0.0,0.0,0.0,-0.012453935109078884,0.015221476554870605,0.01107016485184431,0.0,0.0,0.0,0.0,0.0,0.0,0.0,0.4932101553004422,-0.3416778346754639,0.5
5.257,GO_TO_START,0.2758834660053253,0.25989457964897156,0.5472937226295471,0.0,0.0,0.0,0.005535082425922155,0.0,0.04289688542485237,0.0,0.0,0.0,0.0,0.0,0.0,0.0,0.5999678195090155,0.0062141414207782944,0.5,0.6476902961730957,0.0976925939321518,0.5312766432762146,0.0,0.0,0.0,-0.009686394594609737,0.0027675412129610777,0.012453935109078884,0.0,0.0,0.0,0.0,0.0,0.0,0.0,0.5999118404400069,0.010285120314498424,0.5,0.6376189589500427,0.6053085327148438,0.5264771580696106,0.0,0.0,0.0,-0.012453935109078884,0.015221476554870605,0.01107016485184431,0.0,0.0,0.0,0.0,0.0,0.0,0.0,0.4931988584199506,-0.3416941410871095,0.5
5.275,GO_TO_START,0.2785808742046356,0.2631819546222687,0.5586569309234619,0.0,0.0,0.0,0.006918853148818016,-0.0013837706064805388,0.035978034138679504,0.0,0.0,0.0,0.0,0.0,0.0,0.0,0.5999682659334195,0.006170889145464329,0.5,0.6476902961730957,0.0976925939321518,0.5312766432762146,0.0,0.0,0.0,-0.009686394594609737,0.0027675412129610777,0.012453935109078884,0.0,0.0,0.0,0.0,0.0,0.0,0.0,0.5999132323251007,0.01020361118671293,0.5,0.6376189589500427,0.6053085327148438,0.5264771580696106,0.0,0.0,0.0,-0.012453935109078884,0.015221476554870605,0.01107016485184431,0.0,0.0,0.0,0.0,0.0,0.0,0.0,0.49318762878646516,-0.3417103492901317,0.5
5.295,GO_TO_START,0.2785808742046356,0.2631819546222687,0.5586569309234619,0.0,0.0,0.0,0.006918853148818016,-0.0013837706064805388,0.035978034138679504,0.0,0.0,0.0,0.0,0.0,0.0,0.0,0.5999687065891844,0.006127896352019089,0.5,0.6476902961730957,0.0976925939321518,0.5312766432762146,0.0,0.0,0.0,-0.009686394594609737,0.0027675412129610777,0.012453935109078884,0.0,0.0,0.0,0.0,0.0,0.0,0.0,0.5999145187732908,0.010127692975736156,0.5,0.6376189589500427,0.6053085327148438,0.5264771580696106,0.0,0.0,0.0,-0.012453935109078884,0.015221476554870605,0.01107016485184431,0.0,0.0,0.0,0.0,0.0,0.0,0.0,0.4931764660029079,-0.3417264598781936,0.5
5.315,GO_TO_START,0.2785808742046356,0.2631819546222687,0.5586569309234619,0.0,0.0,0.0,0.006918853148818016,-0.0013837706064805388,0.035978034138679504,0.0,0.0,0.0,0.0,0.0,0.0,0.0,0.5999691415478898,0.006085161484150401,0.5,0.6470499038696289,0.10087813436985016,0.5409117341041565,0.0,0.0,0.0,-0.0013837706064805388,0.004151311703026295,-0.0,0.0,0.0,0.0,0.0,0.0,0.0,0.0,0.5999157879817378,0.010052230113289411,0.5,0.637200117111206,0.6091235280036926,0.5371652841567993,0.0,0.0,0.0,0.01107016485184431,0.0013837706064805388,0.03044295310974121,0.0,0.0,0.0,0.0,0.0,0.0,0.0,0.49316536967450647,-0.3417424734413435,0.5
5.336,GO_TO_START,0.2785808742046356,0.2631819546222687,0.5586569309234619,0.0,0.0,0.0,0.006918853148818016,-0.0013837706064805388,0.035978034138679504,0.0,0.0,0.0,0.0,0.0,0.0,0.0,0.5999694450922092,0.006055159431973291,0.5,0.6470499038696289,0.10087813436985016,0.5409117341041565,0.0,0.0,0.0,-0.0013837706064805388,0.004151311703026295,-0.0,0.0,0.0,0.0,0.0,0.0,0.0,0.0,0.5999170401677701,0.009977219870387898,0.5,0.637200117111206,0.6091235280036926,0.5371652841567993,0.0,0.0,0.0,0.01107016485184431,0.0013837706064805388,0.03044295310974121,0.0,0.0,0.0,0.0,0.0,0.0,0.0,0.4931645014617902,-0.3417437263476008,0.5
5.355,GO_TO_START,0.2785808742046356,0.2631819546222687,0.5586569309234619,0.0,0.0,0.0,0.006918853148818016,-0.0013837706064805388,0.035978034138679504,0.0,0.0,0.0,0.0,0.0,0.0,0.0,0.5999697453284557,0.006025337377103579,0.5,0.6470499038696289,0.10087813436985016,0.5409117341041565,0.0,0.0,0.0,-0.0013837706064805388,0.004151311703026295,-0.0,0.0,0.0,0.0,0.0,0.0,0.0,0.0,0.59991827554605,0.009902659534362378,0.5,0.637200117111206,0.6091235280036926,0.5371652841567993,0.0,0.0,0.0,0.01107016485184431,0.0013837706064805388,0.03044295310974121,0.0,0.0,0.0,0.0,0.0,0.0,0.0,0.49316363845519584,-0.3417449717342347,0.5
5.375,GO_TO_START,0.28077974915504456,0.26492026448249817,0.5684095025062561,0.0,0.0,0.0,0.01107016485184431,0.0,0.029059182852506638,0.0,0.0,0.0,0.0,0.0,0.0,0.0,0.5999700422942654,0.005995694239809963,0.5,0.6470499038696289,0.10087813436985016,0.5409117341041565,0.0,0.0,0.0,-0.0013837706064805388,0.004151311703026295,-0.0,0.0,0.0,0.0,0.0,0.0,0.0,0.0,0.5999194943286064,0.009828546408762387,0.5,0.637200117111206,0.6091235280036926,0.5371652841567993,0.0,0.0,0.0,0.01107016485184431,0.0013837706064805388,0.03044295310974121,0.0,0.0,0.0,0.0,0.0,0.0,0.0,0.49316278062352426,-0.341746209646389,0.5
5.395,GO_TO_START,0.28077974915504456,0.26492026448249817,0.5684095025062561,0.0,0.0,0.0,0.01107016485184431,0.0,0.029059182852506638,0.0,0.0,0.0,0.0,0.0,0.0,0.0,0.5999703360268356,0.0059662289468352106,0.5,0.6470499038696289,0.10087813436985016,0.5409117341041565,0.0,0.0,0.0,-0.0013837706064805388,0.004151311703026295,-0.0,0.0,0.0,0.0,0.0,0.0,0.0,0.0,0.599920734084788,0.00975257992374417,0.5,0.637200117111206,0.6091235280036926,0.5371652841567993,0.0,0.0,0.0,0.01107016485184431,0.0013837706064805388,0.03044295310974121,0.0,0.0,0.0,0.0,0.0,0.0,0.0,0.4931619279357633,-0.3417474401289364,0.5
5.415,GO_TO_START,0.28077974915504456,0.26492026448249817,0.5684095025062561,0.0,0.0,0.0,0.01107016485184431,0.0,0.029059182852506638,0.0,0.0,0.0,0.0,0.0,0.0,0.0,0.5999706265629298,0.005936940431357373,0.5,0.6466163992881775,0.10435233265161514,0.5498964190483093,0.0,0.0,0.0,0.004151311703026295,-0.0,-0.006918853148818016,0.0,0.0,0.0,0.0,0.0,0.0,0.0,0.599921956869366,0.00967706908265985,0.5,0.6403599977493286,0.6087496876716614,0.5469610095024109,0.0,0.0,0.0,0.02629164233803749,-0.004151311703026295,0.058118365705013275,0.0,0.0,0.0,0.0,0.0,0.0,0.0,0.49316108036108636,-0.3417486632264801,0.5
5.435,GO_TO_START,0.28077974915504456,0.26492026448249817,0.5684095025062561,0.0,0.0,0.0,0.01107016485184431,0.0,0.029059182852506638,0.0,0.0,0.0,0.0,0.0,0.0,0.0,0.5999710122973276,0.005897830356995389,0.5,0.6466163992881775,0.10435233265161514,0.5498964190483093,0.0,0.0,0.0,0.004151311703026295,-0.0,-0.006918853148818016,0.0,0.0,0.0,0.0,0.0,0.0,0.0,0.5999231628982042,0.009602011154685524,0.5,0.6403599977493286,0.6087496876716614,0.5469610095024109,0.0,0.0,0.0,0.02629164233803749,-0.004151311703026295,0.058118365705013275,0.0,0.0,0.0,0.0,0.0,0.0,0.0,0.4931711932882592,-0.34173406928580363,0.5
5.455,GO_TO_START,0.28077974915504456,0.26492026448249817,0.5684095025062561,0.0,0.0,0.0,0.01107016485184431,0.0,0.029059182852506638,0.0,0.0,0.0,0.0,0.0,0.0,0.0,0.5999713931907636,0.005858954918242719,0.5,0.6466163992881775,0.10435233265161514,0.5498964190483093,0.0,0.0,0.0,0.004151311703026295,-0.0,-0.006918853148818016,0.0,0.0,0.0,0.0,0.0,0.0,0.0,0.5999243523845078,0.00952740342532466,0.5,0.6403599977493286,0.6087496876716614,0.5469610095024109,0.0,0.0,0.0,0.02629164233803749,-0.004151311703026295,0.058118365705013275,0.0,0.0,0.0,0.0,0.0,0.0,0.0,0.4931812451098748,-0.3417195626122003,0.5
5.475,GO_TO_START,0.283793181180954,0.265405535697937,0.5768184661865234,0.0,0.0,0.0,0.009686394594609737,0.0013837706064805388,0.023524099960923195,0.0,0.0,0.0,0.0,0.0,0.0,0.0,0.5999717693025098,0.005820312707744612,0.5,0.6466163992881775,0.10435233265161514,0.5498964190483093,0.0,0.0,0.0,0.004151311703026295,-0.0,-0.006918853148818016,0.0,0.0,0.0,0.0,0.0,0.0,0.0,0.599925525538855,0.009453243196311191,0.5,0.6403599977493286,0.6087496876716614,0.5469610095024109,0.0,0.0,0.0,0.02629164233803749,-0.004151311703026295,0.058118365705013275,0.0,0.0,0.0,0.0,0.0,0.0,0.0,0.4931912361976785,-0.3417051426856284,0.5
5.495,GO_TO_START,0.283793181180954,0.265405535697937,0.5768184661865234,0.0,0.0,0.0,0.009686394594609737,0.0013837706064805388,0.023524099960923195,0.0,0.0,0.0,0.0,0.0,0.0,0.0,0.5999721406911206,0.005781902326582056,0.5,0.6466163992881775,0.10435233265161514,0.5498964190483093,0.0,0.0,0.0,0.004151311703026295,-0.0,-0.006918853148818016,0.0,0.0,0.0,0.0,0.0,0.0,0.0,0.5999269307602736,0.009363639706752426,0.5,0.6403599977493286,0.6087496876716614,0.5469610095024109,0.0,0.0,0.0,0.02629164233803749,-0.004151311703026295,0.058118365705013275,0.0,0.0,0.0,0.0,0.0,0.0,0.0,0.4932011669211239,-0.3416908089891234,0.5
5.515,GO_TO_START,0.283793181180954,0.265405535697937,0.5768184661865234,0.0,0.0,0.0,0.009686394594609737,0.0013837706064805388,0.023524099960923195,0.0,0.0,0.0,0.0,0.0,0.0,0.0,0.5999725074144423,0.005743722384221322,0.5,0.6465461254119873,0.10677149146795273,0.5589262247085571,0.0,0.0,0.0,0.005535082425922155,0.0,-0.013837706297636032,0.0,0.0,0.0,0.0,0.0,0.0,0.0,0.5999283142875996,0.009274573631122265,0.5,0.640773594379425,0.6024061441421509,0.5580339431762695,0.0,0.0,0.0,0.05396705120801926,-0.023524099960923195,0.07472360879182816,0.0,0.0,0.0,0.0,0.0,0.0,0.0,0.4932110376473879,-0.34167656100878047,0.5
5.536,GO_TO_START,0.283793181180954,0.265405535697937,0.5768184661865234,0.0,0.0,0.0,0.009686394594609737,0.0013837706064805388,0.023524099960923195,0.0,0.0,0.0,0.0,0.0,0.0,0.0,0.5999730592566815,0.005685786328956057,0.5,0.6465461254119873,0.10677149146795273,0.5589262247085571,0.0,0.0,0.0,0.005535082425922155,0.0,-0.013837706297636032,0.0,0.0,0.0,0.0,0.0,0.0,0.0,0.599929676409643,0.009186041749359268,0.5,0.640773594379425,0.6024061441421509,0.5580339431762695,0.0,0.0,0.0,0.05396705120801926,-0.023524099960923195,0.07472360879182816,0.0,0.0,0.0,0.0,0.0,0.0,0.0,0.4932283548164223,-0.3416515622752008,0.5
5.555,GO_TO_START,0.283793181180954,0.265405535697937,0.5768184661865234,0.0,0.0,0.0,0.009686394594609737,0.0013837706064805388,0.023524099960923195,0.0,0.0,0.0,0.0,0.0,0.0,0.0,0.5999736022435505,0.005628197837479288,0.5,0.6465461254119873,0.10677149146795273,0.5589262247085571,0.0,0.0,0.0,0.005535082425922155,0.0,-0.013837706297636032,0.0,0.0,0.0,0.0,0.0,0.0,0.0,0.5999310174115839,0.009098040860634652,0.5,0.640773594379425,0.6024061441421509,0.5580339431762695,0.0,0.0,0.0,0.05396705120801926,-0.023524099960923195,0.07472360879182816,0.0,0.0,0.0,0.0,0.0,0.0,0.0,0.49324556682674586,-0.34162671266422096,0.5
5.575,GO_TO_START,0.28652703762054443,0.26391321420669556,0.5826846957206726,0.0,0.0,0.0,0.00830262340605259,0.006918853148818016,0.019372789189219475,0.0,0.0,0.0,0.0,0.0,0.0,0.0,0.5999741364945088,0.0055709548255627175,0.5,0.6465461254119873,0.10677149146795273,0.5589262247085571,0.0,0.0,0.0,0.005535082425922155,0.0,-0.013837706297636032,0.0,0.0,0.0,0.0,0.0,0.0,0.0,0.5999327473862661,0.008983240705147078,0.5,0.640773594379425,0.6024061441421509,0.5580339431762695,0.0,0.0,0.0,0.05396705120801926,-0.023524099960923195,0.07472360879182816,0.0,0.0,0.0,0.0,0.0,0.0,0.0,0.4932626743242906,-0.34160201129157425,0.5
5.595,GO_TO_START,0.28652703762054443,0.26391321420669556,0.5826846957206726,0.0,0.0,0.0,0.00830262340605259,0.006918853148818016,0.019372789189219475,0.0,0.0,0.0,0.0,0.0,0.0,0.0,0.5999746621275057,0.005514055221460204,0.5,0.6465461254119873,0.10677149146795273,0.5589262247085571,0.0,0.0,0.0,0.005535082425922155,0.0,-0.013837706297636032,0.0,0.0,0.0,0.0,0.0,0.0,0.0,0.5999344452107621,0.008869129024600578,0.5,0.640773594379425,0.6024061441421509,0.5580339431762695,0.0,0.0,0.0,0.05396705120801926,-0.023524099960923195,0.07472360879182816,0.0,0.0,0.0,0.0,0.0,0.0,0.0,0.49327967795093475,-0.34157745727817296,0.5
5.615,GO_TO_START,0.28652703762054443,0.26391321420669556,0.5826846957206726,0.0,0.0,0.0,0.00830262340605259,0.006918853148818016,0.019372789189219475,0.0,0.0,0.0,0.0,0.0,0.0,0.0,0.5999755045684464,0.005421615795877762,0.5,0.6467448472976685,0.10960441082715988,0.5637891888618469,0.0,0.0,0.0,0.004151311703026295,-0.0013837706064805388,-0.01660524681210518,0.0,0.0,0.0,0.0,0.0,0.0,0.0,0.5999361113383727,0.008755701696137062,0.5,0.6374335289001465,0.5874077677726746,0.5704081058502197,0.0,0.0,0.0,0.02629164233803749,0.0013837706064805388,0.07610738277435303,0.0,0.0,0.0,0.0,0.0,0.0,0.0,0.49330520917033427,-0.3415405841264149,0.5
5.635,GO_TO_START,0.28652703762054443,0.26391321420669556,0.5826846957206726,0.0,0.0,0.0,0.00830262340605259,0.006918853148818016,0.019372789189219475,0.0,0.0,0.0,0.0,0.0,0.0,0.0,0.5999763278403193,0.0053297308793009675,0.5,0.6467448472976685,0.10960441082715988,0.5637891888618469,0.0,0.0,0.0,0.004151311703026295,-0.0013837706064805388,-0.01660524681210518,0.0,0.0,0.0,0.0,0.0,0.0,0.0,0.5999377462165648,0.008642954621466784,0.5,0.6374335289001465,0.5874077677726746,0.5704081058502197,0.0,0.0,0.0,0.02629164233803749,0.0013837706064805388,0.07610738277435303,0.0,0.0,0.0,0.0,0.0,0.0,0.0,0.49333058447086975,-0.34150393032237564,0.5
5.655,GO_TO_START,0.28652703762054443,0.26391321420669556,0.5826846957206726,0.0,0.0,0.0,0.00830262340605259,0.006918853148818016,0.019372789189219475,0.0,0.0,0.0,0.0,0.0,0.0,0.0,0.5999771322269843,0.005238397148337527,0.5,0.6467448472976685,0.10960441082715988,0.5637891888618469,0.0,0.0,0.0,0.004151311703026295,-0.0013837706064805388,-0.01660524681210518,0.0,0.0,0.0,0.0,0.0,0.0,0.0,0.5999393502870445,0.008530883726724258,0.5,0.6374335289001465,0.5874077677726746,0.5704081058502197,0.0,0.0,0.0,0.02629164233803749,0.0013837706064805388,0.07610738277435303,0.0,0.0,0.0,0.0,0.0,0.0,0.0,0.49335580482059566,-0.34146749457279574,0.5
5.675,GO_TO_START,0.2901773154735565,0.2609504461288452,0.5862455368041992,0.0,0.0,0.0,0.012453935109078884,-0.0013837706064805388,0.01660524681210518,0.0,0.0,0.0,0.0,0.0,0.0,0.0,0.5999779180085795,0.0051476112994534775,0.5,0.6467448472976685,0.10960441082715988,0.5637891888618469,0.0,0.0,0.0,0.004151311703026295,-0.0013837706064805388,-0.01660524681210518,0.0,0.0,0.0,0.0,0.0,0.0,0.0,0.5999415246797345,0.008376572387049579,0.5,0.6374335289001465,0.5874077677726746,0.5704081058502197,0.0,0.0,0.0,0.02629164233803749,0.0013837706064805388,0.07610738277435303,0.0,0.0,0.0,0.0,0.0,0.0,0.0,0.4933808711813715,-0.3414312755918984,0.5
5.695,GO_TO_START,0.2901773154735565,0.2609504461288452,0.5862455368041992,0.0,0.0,0.0,0.012453935109078884,-0.0013837706064805388,0.01660524681210518,0.0,0.0,0.0,0.0,0.0,0.0,0.0,0.5999786854615662,0.00505737004885571,0.5,0.6467448472976685,0.10960441082715988,0.5637891888618469,0.0,0.0,0.0,0.004151311703026295,-0.0013837706064805388,-0.01660524681210518,0.0,0.0,0.0,0.0,0.0,0.0,0.0,0.5999436466919096,0.008223186366196804,0.5,0.6374335289001465,0.5874077677726746,0.5704081058502197,0.0,0.0,0.0,0.02629164233803749,0.0013837706064805388,0.07610738277435303,0.0,0.0,0.0,0.0,0.0,0.0,0.0,0.49340578450890327,-0.3413952721013484,0.5
5.715,GO_TO_START,0.2901773154735565,0.2609504461288452,0.5862455368041992,0.0,0.0,0.0,0.012453935109078884,-0.0013837706064805388,0.01660524681210518,0.0,0.0,0.0,0.0,0.0,0.0,0.0,0.5999798598258284,0.004916076014404646,0.5,0.6468245387077332,0.11099929362535477,0.5682840943336487,0.0,0.0,0.0,0.01107016485184431,-0.0027675412129610777,-0.015221476554870605,0.0,0.0,0.0,0.0,0.0,0.0,0.0,0.5999457171083091,0.008070720128760126,0.5,0.6348368525505066,0.5684079527854919,0.5811576247215271,0.0,0.0,0.0,0.004151311703026295,-0.005535082425922155,0.04428065940737724,0.0,0.0,0.0,0.0,0.0,0.0,0.0,0.4934347961982475,-0.3413533387866508,0.5
5.735,GO_TO_START,0.2901773154735565,0.2609504461288452,0.5862455368041992,0.0,0.0,0.0,0.012453935109078884,-0.0013837706064805388,0.01660524681210518,0.0,0.0,0.0,0.0,0.0,0.0,0.0,0.5999809941682549,0.0047756294739510164,0.5,0.6468245387077332,0.11099929362535477,0.5682840943336487,0.0,0.0,0.0,0.01107016485184431,-0.0027675412129610777,-0.015221476554870605,0.0,0.0,0.0,0.0,0.0,0.0,0.0,0.5999477367033406,0.00791916817217093,0.5,0.6348368525505066,0.5684079527854919,0.5811576247215271,0.0,0.0,0.0,0.004151311703026295,-0.005535082425922155,0.04428065940737724,0.0,0.0,0.0,0.0,0.0,0.0,0.0,0.4934636302856593,-0.3413116546285786,0.5
5.755,GO_TO_START,0.2901773154735565,0.2609504461288452,0.5862455368041992,0.0,0.0,0.0,0.012453935109078884,-0.0013837706064805388,0.01660524681210518,0.0,0.0,0.0,0.0,0.0,0.0,0.0,0.599982089123436,0.0046360253533904786,0.5,0.6468245387077332,0.11099929362535477,0.5682840943336487,0.0,0.0,0.0,0.01107016485184431,-0.0027675412129610777,-0.015221476554870605,0.0,0.0,0.0,0.0,0.0,0.0,0.0,0.5999497062412086,0.007768525026508443,0.5,0.6348368525505066,0.5684079527854919,0.5811576247215271,0.0,0.0,0.0,0.004151311703026295,-0.005535082425922155,0.04428065940737724,0.0,0.0,0.0,0.0,0.0,0.0,0.0,0.493492287878801,-0.341270218161718,0.5
5.775,GO_TO_START,0.2901773154735565,0.2609504461288452,0.5862455368041992,0.0,0.0,0.0,0.012453935109078884,-0.0013837706064805388,0.01660524681210518,0.0,0.0,0.0,0.0,0.0,0.0,0.0,0.5999831453174377,0.004497258608796948,0.5,0.6468245387077332,0.11099929362535477,0.5682840943336487,0.0,0.0,0.0,0.01107016485184431,-0.0027675412129610777,-0.015221476554870605,0.0,0.0,0.0,0.0,0.0,0.0,0.0,0.5999516264760424,0.007618785254311365,0.5,0.6348368525505066,0.5684079527854919,0.5811576247215271,0.0,0.0,0.0,0.004151311703026295,-0.005535082425922155,0.04428065940737724,0.0,0.0,0.0,0.0,0.0,0.0,0.0,0.4935207700781891,-0.34122902792908927,0.5
5.795,GO_TO_START,0.2901773154735565,0.2609504461288452,0.5862455368041992,0.0,0.0,0.0,0.012453935109078884,-0.0013837706064805388,0.01660524681210518,0.0,0.0,0.0,0.0,0.0,0.0,0.0,0.5999841633679096,0.0043593242262471455,0.5,0.6468245387077332,0.11099929362535477,0.5682840943336487,0.0,0.0,0.0,0.01107016485184431,-0.0027675412129610777,-0.015221476554870605,0.0,0.0,0.0,0.0,0.0,0.0,0.0,0.5999534981520217,0.0074699434503904885,0.5,0.6348368525505066,0.5684079527854919,0.5811576247215271,0.0,0.0,0.0,0.004151311703026295,-0.005535082425922155,0.04428065940737724,0.0,0.0,0.0,0.0,0.0,0.0,0.0,0.49354907797724384,-0.3411880824821003,0.5
5.815,GO_TO_START,0.29333484172821045,0.2555079460144043,0.5878074169158936,0.0,0.0,0.0,0.006918853148818016,-0.0027675412129610777,0.015221476554870605,0.0,0.0,0.0,0.0,0.0,0.0,0.0,0.5999851438841909,0.004222217221646111,0.5,0.6470943093299866,0.10972049087285995,0.5716429948806763,0.0,0.0,0.0,0.009686394594609737,-0.0,-0.013837706297636032,0.0,0.0,0.0,0.0,0.0,0.0,0.0,0.5999553220035017,0.00732199424164229,0.5,0.6313272714614868,0.5517508387565613,0.5872021317481995,0.0,0.0,0.0,-0.05258328467607498,0.004151311703026295,-0.0027675412129610777,0.0,0.0,0.0,0.0,0.0,0.0,0.0,0.49357721266233695,-0.3411473803805009,0.5
5.835,GO_TO_START,0.29333484172821045,0.2555079460144043,0.5878074169158936,0.0,0.0,0.0,0.006918853148818016,-0.0027675412129610777,0.015221476554870605,0.0,0.0,0.0,0.0,0.0,0.0,0.0,0.5999863803150367,0.0040427016288788415,0.5,0.6470943093299866,0.10972049087285995,0.5716429948806763,0.0,0.0,0.0,0.009686394594609737,-0.0,-0.013837706297636032,0.0,0.0,0.0,0.0,0.0,0.0,0.0,0.5999577775655923,0.007117944826652959,0.5,0.6313272714614868,0.5517508387565613,0.5872021317481995,0.0,0.0,0.0,-0.05258328467607498,0.004151311703026295,-0.0027675412129610777,0.0,0.0,0.0,0.0,0.0,0.0,0.0,0.4936011026422212,-0.34111281340691874,0.5
5.855,GO_TO_START,0.29333484172821045,0.2555079460144043,0.5878074169158936,0.0,0.0,0.0,0.006918853148818016,-0.0027675412129610777,0.015221476554870605,0.0,0.0,0.0,0.0,0.0,0.0,0.0,0.5999875560986551,0.0038642627709823164,0.5,0.6470943093299866,0.10972049087285995,0.5716429948806763,0.0,0.0,0.0,0.009686394594609737,-0.0,-0.013837706297636032,0.0,0.0,0.0,0.0,0.0,0.0,0.0,0.5999601496188788,0.0069151188921498085,0.5,0.6313272714614868,0.5517508387565613,0.5872021317481995,0.0,0.0,0.0,-0.05258328467607498,0.004151311703026295,-0.0027675412129610777,0.0,0.0,0.0,0.0,0.0,0.0,0.0,0.49362484688312197,-0.3410784521772291,0.5
5.875,GO_TO_START,0.29333484172821045,0.2555079460144043,0.5878074169158936,0.0,0.0,0.0,0.006918853148818016,-0.0027675412129610777,0.015221476554870605,0.0,0.0,0.0,0.0,0.0,0.0,0.0,0.5999886722356539,0.0036868942074798792,0.5,0.6470943093299866,0.10972049087285995,0.5716429948806763,0.0,0.0,0.0,0.009686394594609737,-0.0,-0.013837706297636032,0.0,0.0,0.0,0.0,0.0,0.0,0.0,0.5999624394869746,0.006713509129985405,0.5,0.6313272714614868,0.5517508387565613,0.5872021317481995,0.0,0.0,0.0,-0.05258328467607498,0.004151311703026295,-0.0027675412129610777,0.0,0.0,0.0,0.0,0.0,0.0,0.0,0.4936484462880619,-0.3410442954769694,0.5
5.895,GO_TO_START,0.29333484172821045,0.2555079460144043,0.5878074169158936,0.0,0.0,0.0,0.006918853148818016,-0.0027675412129610777,0.015221476554870605,0.0,0.0,0.0,0.0,0.0,0.0,0.0,0.5999897297130257,0.0035105895360194287,0.5,0.6470943093299866,0.10972049087285995,0.5716429948806763,0.0,0.0,0.0,0.009686394594609737,-0.0,-0.013837706297636032,0.0,0.0,0.0,0.0,0.0,0.0,0.0,0.5999646484757225,0.006513108275058596,0.5,0.6313272714614868,0.5517508387565613,0.5872021317481995,0.0,0.0,0.0,-0.05258328467607498,0.004151311703026295,-0.0027675412129610777,0.0,0.0,0.0,0.0,0.0,0.0,0.0,0.4936719017543058,-0.34101034209872144,0.5
5.915,GO_TO_START,0.29333484172821045,0.2555079460144043,0.5878074169158936,0.0,0.0,0.0,0.006918853148818016,-0.0027675412129610777,0.015221476554870605,0.0,0.0,0.0,0.0,0.0,0.0,0.0,0.5999908969082686,0.0033050911048619117,0.5,0.6493450403213501,0.10924860090017319,0.57212895154953,0.0,0.0,0.0,0.006918853148818016,0.0013837706064805388,-0.012453935109078884,0.0,0.0,0.0,0.0,0.0,0.0,0.0,0.5999667778734193,0.006313909105073202,0.5,0.6308125257492065,0.542019248008728,0.5877435207366943,0.0,0.0,0.0,0.004151311703026295,0.02214032970368862,-0.012453935109078884,0.0,0.0,0.0,0.0,0.0,0.0,0.0,0.4936925995997077,-0.340980376415539,0.5
5.935,GO_TO_START,0.296526700258255,0.24918726086616516,0.5884972214698792,0.0,0.0,0.0,-0.0013837706064805388,-0.0013837706064805388,0.015221476554870605,0.0,0.0,0.0,0.0,0.0,0.0,0.0,0.5999919873486502,0.0031008252800115797,0.5,0.6493450403213501,0.10924860090017319,0.57212895154953,0.0,0.0,0.0,0.006918853148818016,0.0013837706064805388,-0.012453935109078884,0.0,0.0,0.0,0.0,0.0,0.0,0.0,0.5999694757568027,0.006052120298483703,0.5,0.6308125257492065,0.542019248008728,0.5877435207366943,0.0,0.0,0.0,0.004151311703026295,0.02214032970368862,-0.012453935109078884,0.0,0.0,0.0,0.0,0.0,0.0,0.0,0.49371317145546995,-0.3409505892814701,0.5
5.955,GO_TO_START,0.296526700258255,0.24918726086616516,0.5884972214698792,0.0,0.0,0.0,-0.0013837706064805388,-0.0013837706064805388,0.015221476554870605,0.0,0.0,0.0,0.0,0.0,0.0,0.0,0.5999930023290837,0.0028977846938911256,0.5,0.6493450403213501,0.10924860090017319,0.57212895154953,0.0,0.0,0.0,0.006918853148818016,0.0013837706064805388,-0.012453935109078884,0.0,0.0,0.0,0.0,0.0,0.0,0.0,0.5999720442502701,0.005791901082717101,0.5,0.6308125257492065,0.542019248008728,0.5877435207366943,0.0,0.0,0.0,0.004151311703026295,0.02214032970368862,-0.012453935109078884,0.0,0.0,0.0,0.0,0.0,0.0,0.0,0.49373361809902216,-0.34092097964022244,0.5
5.975,GO_TO_START,0.296526700258255,0.24918726086616516,0.5884972214698792,0.0,0.0,0.0,-0.0013837706064805388,-0.0013837706064805388,0.015221476554870605,0.0,0.0,0.0,0.0,0.0,0.0,0.0,0.5999939431267401,0.0026959620223732258,0.5,0.6493450403213501,0.10924860090017319,0.57212895154953,0.0,0.0,0.0,0.006918853148818016,0.0013837706064805388,-0.012453935109078884,0.0,0.0,0.0,0.0,0.0,0.0,0.0,0.5999744854840381,0.005533242102403042,0.5,0.6308125257492065,0.542019248008728,0.5877435207366943,0.0,0.0,0.0,0.004151311703026295,0.02214032970368862,-0.012453935109078884,0.0,0.0,0.0,0.0,0.0,0.0,0.0,0.4937539403028734,-0.3408915464416601,0.5
5.995,GO_TO_START,0.29989007115364075,0.2452954649925232,0.589316189289093,0.0,0.0,0.0,-0.019372789189219475,-0.006918853148818016,0.013837706297636032,0.0,0.0,0.0,0.0,0.0,0.0,0.0,0.5999948110012742,0.002495349984536385,0.5,0.6493450403213501,0.10924860090017319,0.57212895154953,0.0,0.0,0.0,0.006918853148818016,0.0013837706064805388,-0.012453935109078884,0.0,0.0,0.0,0.0,0.0,0.0,0.0,0.5999768015593734,0.005276134056691758,0.5,0.6308125257492065,0.542019248008728,0.5877435207366943,0.0,0.0,0.0,0.004151311703026295,0.02214032970368862,-0.012453935109078884,0.0,0.0,0.0,0.0,0.0,0.0,0.0,0.49377413883464516,-0.3408622886417689,0.5
6.015,GO_TO_START,0.29989007115364075,0.2452954649925232,0.589316189289093,0.0,0.0,0.0,-0.019372789189219475,-0.006918853148818016,0.013837706297636032,0.0,0.0,0.0,0.0,0.0,0.0,0.0,0.5999956071950462,0.0022959413424219173,0.5,0.6509057879447937,0.10637614876031876,0.5723323225975037,0.0,0.0,0.0,0.00830262340605259,-0.0027675412129610777,-0.01107016485184431,0.0,0.0,0.0,0.0,0.0,0.0,0.0,0.5999793925540634,0.004972776936190808,0.5,0.6319294571876526,0.5325521230697632,0.5859631896018982,0.0,0.0,0.0,0.009686394594609737,-0.004151311703026295,-0.006918853148818016,0.0,0.0,0.0,0.0,0.0,0.0,0.0,0.49379421445710325,-0.34083320520262156,0.5
6.035,GO_TO_START,0.29989007115364075,0.2452954649925232,0.589316189289093,0.0,0.0,0.0,-0.019372789189219475,-0.006918853148818016,0.013837706297636032,0.0,0.0,0.0,0.0,0.0,0.0,0.0,0.5999964523937511,0.0020632777111092336,0.5,0.6509057879447937,0.10637614876031876,0.5723323225975037,0.0,0.0,0.0,0.00830262340605259,-0.0027675412129610777,-0.01107016485184431,0.0,0.0,0.0,0.0,0.0,0.0,0.0,0.5999818159986371,0.004671238698411337,0.5,0.6319294571876526,0.5325521230697632,0.5859631896018982,0.0,0.0,0.0,0.009686394594609737,-0.004151311703026295,-0.006918853148818016,0.0,0.0,0.0,0.0,0.0,0.0,0.0,0.4938045826055028,-0.3408181834905601,0.5
6.055,GO_TO_START,0.29989007115364075,0.2452954649925232,0.589316189289093,0.0,0.0,0.0,-0.019372789189219475,-0.006918853148818016,0.013837706297636032,0.0,0.0,0.0,0.0,0.0,0.0,0.0,0.5999972031103653,0.001832009754047408,0.5,0.6509057879447937,0.10637614876031876,0.5723323225975037,0.0,0.0,0.0,0.00830262340605259,-0.0027675412129610777,-0.01107016485184431,0.0,0.0,0.0,0.0,0.0,0.0,0.0,0.5999840747163663,0.004371508520612997,0.5,0.6319294571876526,0.5325521230697632,0.5859631896018982,0.0,0.0,0.0,0.009686394594609737,-0.004151311703026295,-0.006918853148818016,0.0,0.0,0.0,0.0,0.0,0.0,0.0,0.4938148880921412,-0.3408032515962048,0.5
6.075,GO_TO_START,0.30167973041534424,0.24340486526489258,0.5900137424468994,0.0,0.0,0.0,0.0013837706064805388,0.004151311703026295,0.015221476554870605,0.0,0.0,0.0,0.0,0.0,0.0,0.0,0.599997860981383,0.0016021291349217314,0.5,0.6509057879447937,0.10637614876031876,0.5723323225975037,0.0,0.0,0.0,0.00830262340605259,-0.0027675412129610777,-0.01107016485184431,0.0,0.0,0.0,0.0,0.0,0.0,0.0,0.5999861714918806,0.004073575642558233,0.5,0.6319294571876526,0.5325521230697632,0.5859631896018982,0.0,0.0,0.0,0.009686394594609737,-0.004151311703026295,-0.006918853148818016,0.0,0.0,0.0,0.0,0.0,0.0,0.0,0.4938251312983976,-0.34078840898440244,0.5
6.095,GO_TO_START,0.30167973041534424,0.24340486526489258,0.5900137424468994,0.0,0.0,0.0,0.0013837706064805388,0.004151311703026295,0.015221476554870605,0.0,0.0,0.0,0.0,0.0,0.0,0.0,0.5999984276206971,0.001373627566374753,0.5,0.6509057879447937,0.10637614876031876,0.5723323225975037,0.0,0.0,0.0,0.00830262340605259,-0.0027675412129610777,-0.01107016485184431,0.0,0.0,0.0,0.0,0.0,0.0,0.0,0.5999882604046276,0.0037533154182296394,0.5,0.6319294571876526,0.5325521230697632,0.5859631896018982,0.0,0.0,0.0,0.009686394594609737,-0.004151311703026295,-0.006918853148818016,0.0,0.0,0.0,0.0,0.0,0.0,0.0,0.4938353126032987,-0.34077365512316554,0.5
6.115,GO_TO_START,0.30167973041534424,0.24340486526489258,0.5900137424468994,0.0,0.0,0.0,0.0013837706064805388,0.004151311703026295,0.015221476554870605,0.0,0.0,0.0,0.0,0.0,0.0,0.0,0.5999989769895525,0.0011079763040899094,0.5,0.6533546447753906,0.10233628749847412,0.571719765663147,0.0,0.0,0.0,0.004151311703026295,-0.004151311703026295,-0.01107016485184431,0.0,0.0,0.0,0.0,0.0,0.0,0.0,0.5999901673710768,0.00343497569527916,0.5,0.6319286823272705,0.5210903882980347,0.5841690301895142,0.0,0.0,0.0,0.03321049362421036,-0.02214032970368862,-0.01107016485184431,0.0,0.0,0.0,0.0,0.0,0.0,0.0,0.49383188458768823,-0.34077862281042826,0.5
6.135,GO_TO_START,0.30167973041534424,0.24340486526489258,0.5900137424468994,0.0,0.0,0.0,0.0013837706064805388,0.004151311703026295,0.015221476554870605,0.0,0.0,0.0,0.0,0.0,0.0,0.0,0.5999994065006817,0.0008439187340295355,0.5,0.6533546447753906,0.10233628749847412,0.571719765663147,0.0,0.0,0.0,0.004151311703026295,-0.004151311703026295,-0.01107016485184431,0.0,0.0,0.0,0.0,0.0,0.0,0.0,0.5999918955092289,0.003118545052192127,0.5,0.6319286823272705,0.5210903882980347,0.5841690301895142,0.0,0.0,0.0,0.03321049362421036,-0.02214032970368862,-0.01107016485184431,0.0,0.0,0.0,0.0,0.0,0.0,0.0,0.49382847709064837,-0.3407835606573929,0.5
6.155,GO_TO_START,0.30167973041534424,0.24340486526489258,0.5900137424468994,0.0,0.0,0.0,0.0013837706064805388,0.004151311703026295,0.015221476554870605,0.0,0.0,0.0,0.0,0.0,0.0,0.0,0.5999997182676906,0.0005814453473019375,0.5,0.6533546447753906,0.10233628749847412,0.571719765663147,0.0,0.0,0.0,0.004151311703026295,-0.004151311703026295,-0.01107016485184431,0.0,0.0,0.0,0.0,0.0,0.0,0.0,0.5999934478941891,0.0028040121331799096,0.5,0.6319286823272705,0.5210903882980347,0.5841690301895142,0.0,0.0,0.0,0.03321049362421036,-0.02214032970368862,-0.01107016485184431,0.0,0.0,0.0,0.0,0.0,0.0,0.0,0.49382508998966035,-0.3407884688435097,0.5
6.175,GO_TO_START,0.30493420362472534,0.24248114228248596,0.5894094109535217,0.0,0.0,0.0,0.013837706297636032,-0.004151311703026295,0.03044295310974121,0.0,0.0,0.0,0.0,0.0,0.0,0.0,0.5999999143748432,0.0003205466905247104,0.5,0.6533546447753906,0.10233628749847412,0.571719765663147,0.0,0.0,0.0,0.004151311703026295,-0.004151311703026295,-0.01107016485184431,0.0,0.0,0.0,0.0,0.0,0.0,0.0,0.5999948275587121,0.002491365647847493,0.5,0.6319286823272705,0.5210903882980347,0.5841690301895142,0.0,0.0,0.0,0.03321049362421036,-0.02214032970368862,-0.01107016485184431,0.0,0.0,0.0,0.0,0.0,0.0,0.0,0.4938217231629338,-0.34079334754714724,0.5
6.195,GO_TO_START,0.30493420362472534,0.24248114228248596,0.5894094109535217,0.0,0.0,0.0,0.013837706297636032,-0.004151311703026295,0.03044295310974121,0.0,0.0,0.0,0.0,0.0,0.0,0.0,0.5999999968774365,6.12133655263685e-05,0.5,0.6533546447753906,0.10233628749847412,0.571719765663147,0.0,0.0,0.0,0.004151311703026295,-0.004151311703026295,-0.01107016485184431,0.0,0.0,0.0,0.0,0.0,0.0,0.0,0.5999961297235256,0.0021550676997056143,0.5,0.6319286823272705,0.5210903882980347,0.5841690301895142,0.0,0.0,0.0,0.03321049362421036,-0.02214032970368862,-0.01107016485184431,0.0,0.0,0.0,0.0,0.0,0.0,0.0,0.4938183764894018,-0.34079819694559915,0.5
6.215,GO_TO_START,0.30493420362472534,0.24248114228248596,0.5894094109535217,0.0,0.0,0.0,0.013837706297636032,-0.004151311703026295,0.03044295310974121,0.0,0.0,0.0,0.0,0.0,0.0,0.0,0.5999999482573591,-0.0002491809910658149,0.5,0.6559735536575317,0.09705652296543121,0.5704494714736938,0.0,0.0,0.0,0.004151311703026295,-0.00830262340605259,-0.009686394594609737,0.0,0.0,0.0,0.0,0.0,0.0,0.0,0.599997237272957,0.0018207868680858454,0.5,0.6283611059188843,0.5029023289680481,0.5807009935379028,0.0,0.0,0.0,0.024907870218157768,-0.012453935109078884,-0.027675412595272064,0.0,0.0,0.0,0.0,0.0,0.0,0.0,0.49379771444362697,-0.3408281344171138,0.5
6.235,GO_TO_START,0.30493420362472534,0.24248114228248596,0.5894094109535217,0.0,0.0,0.0,0.013837706297636032,-0.004151311703026295,0.03044295310974121,0.0,0.0,0.0,0.0,0.0,0.0,0.0,0.5999997407968638,-0.0005577129155952446,0.5,0.6559735536575317,0.09705652296543121,0.5704494714736938,0.0,0.0,0.0,0.004151311703026295,-0.00830262340605259,-0.009686394594609737,0.0,0.0,0.0,0.0,0.0,0.0,0.0,0.5999981536092616,0.0014885111611497518,0.5,0.6283611059188843,0.5029023289680481,0.5807009935379028,0.0,0.0,0.0,0.024907870218157768,-0.012453935109078884,-0.027675412595272064,0.0,0.0,0.0,0.0,0.0,0.0,0.0,0.4937771745714855,-0.34085789102234476,0.5
6.255,GO_TO_START,0.30493420362472534,0.24248114228248596,0.5894094109535217,0.0,0.0,0.0,0.013837706297636032,-0.004151311703026295,0.03044295310974121,0.0,0.0,0.0,0.0,0.0,0.0,0.0,0.5999993773529042,-0.000864393502592113,0.5,0.6559735536575317,0.09705652296543121,0.5704494714736938,0.0,0.0,0.0,0.004151311703026295,-0.00830262340605259,-0.009686394594609737,0.0,0.0,0.0,0.0,0.0,0.0,0.0,0.5999988820876092,0.0011582286558438932,0.5,0.6283611059188843,0.5029023289680481,0.5807009935379028,0.0,0.0,0.0,0.024907870218157768,-0.012453935109078884,-0.027675412595272064,0.0,0.0,0.0,0.0,0.0,0.0,0.0,0.4937567561615285,-0.34088746786123547,0.5
6.275,GO_TO_START,0.30715885758399963,0.238497793674469,0.5898940563201904,0.0,0.0,0.0,0.01107016485184431,0.013837706297636032,0.05396705120801926,0.0,0.0,0.0,0.0,0.0,0.0,0.0,0.5999988607425534,-0.0011692337824239331,0.5,0.6559735536575317,0.09705652296543121,0.5704494714736938,0.0,0.0,0.0,0.004151311703026295,-0.00830262340605259,-0.009686394594609737,0.0,0.0,0.0,0.0,0.0,0.0,0.0,0.5999994822228036,0.0007882463875496573,0.5,0.6283611059188843,0.5029023289680481,0.5807009935379028,0.0,0.0,0.0,0.024907870218157768,-0.012453935109078884,-0.027675412595272064,0.0,0.0,0.0,0.0,0.0,0.0,0.0,0.4937364585063159,-0.3409168660269552,0.5
6.295,GO_TO_START,0.30715885758399963,0.238497793674469,0.5898940563201904,0.0,0.0,0.0,0.01107016485184431,0.013837706297636032,0.05396705120801926,0.0,0.0,0.0,0.0,0.0,0.0,0.0,0.5999981937435142,-0.0014722447216258862,0.5,0.6559735536575317,0.09705652296543121,0.5704494714736938,0.0,0.0,0.0,0.004151311703026295,-0.00830262340605259,-0.009686394594609737,0.0,0.0,0.0,0.0,0.0,0.0,0.0,0.599999852661186,0.000420483715553831,0.5,0.6283611059188843,0.5029023289680481,0.5807009935379028,0.0,0.0,0.0,0.024907870218157768,-0.012453935109078884,-0.027675412595272064,0.0,0.0,0.0,0.0,0.0,0.0,0.0,0.49371628090239605,-0.3409460866059417,0.5
6.315,GO_TO_START,0.30715885758399963,0.238497793674469,0.5898940563201904,0.0,0.0,0.0,0.01107016485184431,0.013837706297636032,0.05396705120801926,0.0,0.0,0.0,0.0,0.0,0.0,0.0,0.5999973790946217,-0.0017734372232302946,0.5,0.6562535166740417,0.09157511591911316,0.5698302984237671,0.0,0.0,0.0,0.0013837706064805388,-0.009686394594609737,-0.004151311703026295,0.0,0.0,0.0,0.0,0.0,0.0,0.0,0.5999999974858116,5.4927462762205554e-05,0.5,0.6208675503730774,0.4809572994709015,0.574468195438385,0.0,0.0,0.0,0.004151311703026295,0.0013837706064805388,-0.0567345917224884,0.0,0.0,0.0,0.0,0.0,0.0,0.0,0.49369622265028446,-0.34097513067794366,0.5
6.335,GO_TO_START,0.30715885758399963,0.238497793674469,0.5898940563201904,0.0,0.0,0.0,0.01107016485184431,0.013837706297636032,0.05396705120801926,0.0,0.0,0.0,0.0,0.0,0.0,0.0,0.5999962196015517,-0.0021298976140961138,0.5,0.6562535166740417,0.09157511591911316,0.5698302984237671,0.0,0.0,0.0,0.0013837706064805388,-0.009686394594609737,-0.004151311703026295,0.0,0.0,0.0,0.0,0.0,0.0,0.0,0.5999999207229606,-0.00030843547298746893,0.5,0.6208675503730774,0.4809572994709015,0.574468195438385,0.0,0.0,0.0,0.004151311703026295,0.0013837706064805388,-0.0567345917224884,0.0,0.0,0.0,0.0,0.0,0.0,0.0,0.4936594124305571,-0.3410284218635114,0.5
6.355,GO_TO_START,0.30715885758399963,0.238497793674469,0.5898940563201904,0.0,0.0,0.0,0.01107016485184431,0.013837706297636032,0.05396705120801926,0.0,0.0,0.0,0.0,0.0,0.0,0.0,0.5999948571933387,-0.002484218497851272,0.5,0.6562535166740417,0.09157511591911316,0.5698302984237671,0.0,0.0,0.0,0.0013837706064805388,-0.009686394594609737,-0.004151311703026295,0.0,0.0,0.0,0.0,0.0,0.0,0.0,0.5999996263428622,-0.0006696181192818728,0.5,0.6208675503730774,0.4809572994709015,0.574468195438385,0.0,0.0,0.0,0.004151311703026295,0.0013837706064805388,-0.0567345917224884,0.0,0.0,0.0,0.0,0.0,0.0,0.0,0.49362281737139063,-0.3410813893637861,0.5
6.375,GO_TO_START,0.3123070001602173,0.2328786700963974,0.5880467891693115,0.0,0.0,0.0,0.012453935109078884,0.009686394594609737,0.07057230174541473,0.0,0.0,0.0,0.0,0.0,0.0,0.0,0.5999932955988542,-0.0028364125979925573,0.5,0.6562535166740417,0.09157511591911316,0.5698302984237671,0.0,0.0,0.0,0.0013837706064805388,-0.009686394594609737,-0.004151311703026295,0.0,0.0,0.0,0.0,0.0,0.0,0.0,0.5999991182604085,-0.0010286334294882676,0.5,0.6208675503730774,0.4809572994709015,0.574468195438385,0.0,0.0,0.0,0.004151311703026295,0.0013837706064805388,-0.0567345917224884,0.0,0.0,0.0,0.0,0.0,0.0,0.0,0.4935864362504431,-0.34113403516739177,0.5
6.395,GO_TO_START,0.3123070001602173,0.2328786700963974,0.5880467891693115,0.0,0.0,0.0,0.012453935109078884,0.009686394594609737,0.07057230174541473,0.0,0.0,0.0,0.0,0.0,0.0,0.0,0.5999915384946122,-0.003186492565225544,0.5,0.6562535166740417,0.09157511591911316,0.5698302984237671,0.0,0.0,0.0,0.0013837706064805388,-0.009686394594609737,-0.004151311703026295,0.0,0.0,0.0,0.0,0.0,0.0,0.0,0.5999982341398263,-0.0014556885278688067,0.5,0.6208675503730774,0.4809572994709015,0.574468195438385,0.0,0.0,0.0,0.004151311703026295,0.0013837706064805388,-0.0567345917224884,0.0,0.0,0.0,0.0,0.0,0.0,0.0,0.4935502678518781,-0.3411863612504746,0.5
6.415,GO_TO_START,0.3123070001602173,0.2328786700963974,0.5880467891693115,0.0,0.0,0.0,0.012453935109078884,0.009686394594609737,0.07057230174541473,0.0,0.0,0.0,0.0,0.0,0.0,0.0,0.5999891780217759,-0.003603644926154559,0.5,0.6555976867675781,0.0865280032157898,0.5692712664604187,0.0,0.0,0.0,-0.0013837706064805388,-0.009686394594609737,0.0013837706064805388,0.0,0.0,0.0,0.0,0.0,0.0,0.0,0.5999970540936364,-0.0018801805652564935,0.5,0.6132048964500427,0.4564419388771057,0.5713376998901367,0.0,0.0,0.0,0.01660524681210518,0.012453935109078884,-0.08025868982076645,0.0,0.0,0.0,0.0,0.0,0.0,0.0,0.493499114314674,-0.3412603466133038,0.5
6.435,GO_TO_START,0.3123070001602173,0.2328786700963974,0.5880467891693115,0.0,0.0,0.0,0.012453935109078884,0.009686394594609737,0.07057230174541473,0.0,0.0,0.0,0.0,0.0,0.0,0.0,0.5999865442859558,-0.004018292646985552,0.5,0.6555976867675781,0.0865280032157898,0.5692712664604187,0.0,0.0,0.0,-0.0013837706064805388,-0.009686394594609737,0.0013837706064805388,0.0,0.0,0.0,0.0,0.0,0.0,0.0,0.599995583501897,-0.0023021247181859213,0.5,0.6132048964500427,0.4564419388771057,0.5713376998901367,0.0,0.0,0.0,0.01660524681210518,0.012453935109078884,-0.08025868982076645,0.0,0.0,0.0,0.0,0.0,0.0,0.0,0.49344825670757564,-0.34133388046347596,0.5
6.455,GO_TO_START,0.3123070001602173,0.2328786700963974,0.5880467891693115,0.0,0.0,0.0,0.012453935109078884,0.009686394594609737,0.07057230174541473,0.0,0.0,0.0,0.0,0.0,0.0,0.0,0.5999836423667387,-0.004430450579944611,0.5,0.6555976867675781,0.0865280032157898,0.5692712664604187,0.0,0.0,0.0,-0.0013837706064805388,-0.009686394594609737,0.0013837706064805388,0.0,0.0,0.0,0.0,0.0,0.0,0.0,0.5999938276693972,-0.0027215360783152077,0.5,0.6132048964500427,0.4564419388771057,0.5713376998901367,0.0,0.0,0.0,0.01660524681210518,0.012453935109078884,-0.08025868982076645,0.0,0.0,0.0,0.0,0.0,0.0,0.0,0.4933976933876191,-0.34140696559938105,0.5
6.475,GO_TO_START,0.3217085599899292,0.22739720344543457,0.5880851745605469,0.0,0.0,0.0,0.019372789189219475,0.0013837706064805388,0.07472360879182816,0.0,0.0,0.0,0.0,0.0,0.0,0.0,0.5999804772721881,-0.0048401334937580014,0.5,0.6555976867675781,0.0865280032157898,0.5692712664604187,0.0,0.0,0.0,-0.0013837706064805388,-0.009686394594609737,0.0013837706064805388,0.0,0.0,0.0,0.0,0.0,0.0,0.0,0.5999913061307443,-0.0032299485326401094,0.5,0.6132048964500427,0.4564419388771057,0.5713376998901367,0.0,0.0,0.0,0.01660524681210518,0.012453935109078884,-0.08025868982076645,0.0,0.0,0.0,0.0,0.0,0.0,0.0,0.49334742272009213,-0.3414796048015792,0.5
6.495,GO_TO_START,0.3217085599899292,0.22739720344543457,0.5880851745605469,0.0,0.0,0.0,0.019372789189219475,0.0013837706064805388,0.07472360879182816,0.0,0.0,0.0,0.0,0.0,0.0,0.0,0.599977053939759,-0.0052473560740232215,0.5,0.6555976867675781,0.0865280032157898,0.5692712664604187,0.0,0.0,0.0,-0.0013837706064805388,-0.009686394594609737,0.0013837706064805388,0.0,0.0,0.0,0.0,0.0,0.0,0.0,0.5999883727811247,-0.0037353082146045495,0.5,0.6132048964500427,0.4564419388771057,0.5713376998901367,0.0,0.0,0.0,0.01660524681210518,0.012453935109078884,-0.08025868982076645,0.0,0.0,0.0,0.0,0.0,0.0,0.0,0.49329744307850365,-0.3415518008329196,0.5
6.515,GO_TO_START,0.3217085599899292,0.22739720344543457,0.5880851745605469,0.0,0.0,0.0,0.019372789189219475,0.0013837706064805388,0.07472360879182816,0.0,0.0,0.0,0.0,0.0,0.0,0.0,0.5999733772372022,-0.0056521329235805105,0.5,0.6531133651733398,0.0809914618730545,0.5694403648376465,0.0,0.0,0.0,0.0027675412129610777,-0.005535082425922155,0.009686394594609737,0.0,0.0,0.0,0.0,0.0,0.0,0.0,0.5999850352013785,-0.0042376331130271,0.5,0.6132048964500427,0.4564419388771057,0.5713376998901367,0.0,0.0,0.0,0.01660524681210518,0.012453935109078884,-0.08025868982076645,0.0,0.0,0.0,0.0,0.0,0.0,0.0,0.4932477528445543,-0.3416235564386587,0.5
6.535,GO_TO_START,0.3217085599899292,0.22739720344543457,0.5880851745605469,0.0,0.0,0.0,0.019372789189219475,0.0013837706064805388,0.07472360879182816,0.0,0.0,0.0,0.0,0.0,0.0,0.0,0.5999686271577203,-0.006135668380903609,0.5,0.6531133651733398,0.0809914618730545,0.5694403648376465,0.0,0.0,0.0,0.0027675412129610777,-0.005535082425922155,0.009686394594609737,0.0,0.0,0.0,0.0,0.0,0.0,0.0,0.5999813008659807,-0.004736941119074416,0.5,0.608679473400116,0.43208783864974976,0.5656531453132629,0.0,0.0,0.0,-0.019372789189219475,0.005535082425922155,-0.09132885932922363,0.0,0.0,0.0,0.0,0.0,0.0,0.0,0.4931822631595291,-0.3417180933237877,0.5
6.555,GO_TO_START,0.3217085599899292,0.22739720344543457,0.5880851745605469,0.0,0.0,0.0,0.019372789189219475,0.0013837706064805388,0.07472360879182816,0.0,0.0,0.0,0.0,0.0,0.0,0.0,0.5999635193841553,-0.0066162986766292314,0.5,0.6531133651733398,0.0809914618730545,0.5694403648376465,0.0,0.0,0.0,0.0027675412129610777,-0.005535082425922155,0.009686394594609737,0.0,0.0,0.0,0.0,0.0,0.0,0.0,0.5999771771443968,-0.005233250026610563,0.5,0.608679473400116,0.43208783864974976,0.5656531453132629,0.0,0.0,0.0,-0.019372789189219475,0.005535082425922155,-0.09132885932922363,0.0,0.0,0.0,0.0,0.0,0.0,0.0,0.4931171484562207,-0.3418120505459186,0.5
6.575,GO_TO_START,0.3305673897266388,0.21751545369625092,0.5854311585426331,0.0,0.0,0.0,0.006918853148818016,0.006918853148818016,0.06365344673395157,0.0,0.0,0.0,0.0,0.0,0.0,0.0,0.5999580606863512,-0.007094040983291227,0.5,0.6531133651733398,0.0809914618730545,0.5694403648376465,0.0,0.0,0.0,0.0027675412129610777,-0.005535082425922155,0.009686394594609737,0.0,0.0,0.0,0.0,0.0,0.0,0.0,0.5999726713024216,-0.0057265775325490995,0.5,0.608679473400116,0.43208783864974976,0.5656531453132629,0.0,0.0,0.0,-0.019372789189219475,0.005535082425922155,-0.09132885932922363,0.0,0.0,0.0,0.0,0.0,0.0,0.0,0.4930524067019112,-0.3419054317285017,0.5
6.595,GO_TO_START,0.3305673897266388,0.21751545369625092,0.5854311585426331,0.0,0.0,0.0,0.006918853148818016,0.006918853148818016,0.06365344673395157,0.0,0.0,0.0,0.0,0.0,0.0,0.0,0.5999522577383968,-0.007568912378952098,0.5,0.6531133651733398,0.0809914618730545,0.5694403648376465,0.0,0.0,0.0,0.0027675412129610777,-0.005535082425922155,0.009686394594609737,0.0,0.0,0.0,0.0,0.0,0.0,0.0,0.5999665356115402,-0.006336887744497096,0.5,0.608679473400116,0.43208783864974976,0.5656531453132629,0.0,0.0,0.0,-0.019372789189219475,0.005535082425922155,-0.09132885932922363,0.0,0.0,0.0,0.0,0.0,0.0,0.0,0.49298803587344,-0.34199824047156707,0.5
6.615,GO_TO_START,0.3305673897266388,0.21751545369625092,0.5854311585426331,0.0,0.0,0.0,0.006918853148818016,0.006918853148818016,0.06365344673395157,0.0,0.0,0.0,0.0,0.0,0.0,0.0,0.599944957874232,-0.00812696261133373,0.5,0.6509432792663574,0.07540726661682129,0.5689336061477661,0.0,0.0,0.0,0.0013837706064805388,-0.0027675412129610777,0.01660524681210518,0.0,0.0,0.0,0.0,0.0,0.0,0.0,0.5999598214853391,-0.006943529598118157,0.5,0.6046236753463745,0.40783464908599854,0.5600123405456543,0.0,0.0,0.0,-0.019372789189219475,-0.0013837706064805388,-0.08856131881475449,0.0,0.0,0.0,0.0,0.0,0.0,0.0,0.49290751164961283,-0.3421142864005926,0.5
6.635,GO_TO_START,0.3305673897266388,0.21751545369625092,0.5854311585426331,0.0,0.0,0.0,0.006918853148818016,0.006918853148818016,0.06365344673395157,0.0,0.0,0.0,0.0,0.0,0.0,0.0,0.59993718739694,-0.008681657574956259,0.5,0.6509432792663574,0.07540726661682129,0.5689336061477661,0.0,0.0,0.0,0.0013837706064805388,-0.0027675412129610777,0.01660524681210518,0.0,0.0,0.0,0.0,0.0,0.0,0.0,0.5999525397620759,-0.007546524566633503,0.5,0.6046236753463745,0.40783464908599854,0.5600123405456543,0.0,0.0,0.0,-0.019372789189219475,-0.0013837706064805388,-0.08856131881475449,0.0,0.0,0.0,0.0,0.0,0.0,0.0,0.4928274435000778,-0.3422296172647505,0.5
6.655,GO_TO_START,0.3305673897266388,0.21751545369625092,0.5854311585426331,0.0,0.0,0.0,0.006918853148818016,0.006918853148818016,0.06365344673395157,0.0,0.0,0.0,0.0,0.0,0.0,0.0,0.5999289552912105,-0.009233017014860857,0.5,0.6509432792663574,0.07540726661682129,0.5689336061477661,0.0,0.0,0.0,0.0013837706064805388,-0.0027675412129610777,0.01660524681210518,0.0,0.0,0.0,0.0,0.0,0.0,0.0,0.5999447011273186,-0.008145894011853505,0.5,0.6046236753463745,0.40783464908599854,0.5600123405456543,0.0,0.0,0.0,-0.019372789189219475,-0.0013837706064805388,-0.08856131881475449,0.0,0.0,0.0,0.0,0.0,0.0,0.0,0.49274782901661196,-0.3423442375729665,0.5
6.675,GO_TO_START,0.3404785394668579,0.20460021495819092,0.5833076238632202,0.0,0.0,0.0,0.004151311703026295,-0.0,0.049815740436315536,0.0,0.0,0.0,0.0,0.0,0.0,0.0,0.5999202704144219,-0.00978106057065761,0.5,0.6509432792663574,0.07540726661682129,0.5689336061477661,0.0,0.0,0.0,0.0013837706064805388,-0.0027675412129610777,0.01660524681210518,0.0,0.0,0.0,0.0,0.0,0.0,0.0,0.5999341535063285,-0.008888838880589282,0.5,0.6046236753463745,0.40783464908599854,0.5600123405456543,0.0,0.0,0.0,-0.019372789189219475,-0.0013837706064805388,-0.08856131881475449,0.0,0.0,0.0,0.0,0.0,0.0,0.0,0.4926686658014387,-0.34245815180461137,0.5
6.695,GO_TO_START,0.3404785394668579,0.20460021495819092,0.5833076238632202,0.0,0.0,0.0,0.004151311703026295,-0.0,0.049815740436315536,0.0,0.0,0.0,0.0,0.0,0.0,0.0,0.5999111414982684,-0.010325807776851803,0.5,0.6509432792663574,0.07540726661682129,0.5689336061477661,0.0,0.0,0.0,0.0013837706064805388,-0.0027675412129610777,0.01660524681210518,0.0,0.0,0.0,0.0,0.0,0.0,0.0,0.5999227574051642,-0.009627312573321832,0.5,0.6046236753463745,0.40783464908599854,0.5600123405456543,0.0,0.0,0.0,-0.019372789189219475,-0.0013837706064805388,-0.08856131881475449,0.0,0.0,0.0,0.0,0.0,0.0,0.0,0.49258995146721407,-0.3425713644097061,0.5
6.715,GO_TO_START,0.3404785394668579,0.20460021495819092,0.5833076238632202,0.0,0.0,0.0,0.004151311703026295,-0.0,0.049815740436315536,0.0,0.0,0.0,0.0,0.0,0.0,0.0,0.599900241193484,-0.010940777668879161,0.5,0.6480591297149658,0.06973616778850555,0.5688281059265137,0.0,0.0,0.0,-0.004151311703026295,-0.0013837706064805388,0.01660524681210518,0.0,0.0,0.0,0.0,0.0,0.0,0.0,0.5999105288401826,-0.010361340969801328,0.5,0.6010674834251404,0.38781797885894775,0.5526867508888245,0.0,0.0,0.0,0.0,-0.0,-0.07195606827735901,0.0,0.0,0.0,0.0,0.0,0.0,0.0,0.4924949591786425,-0.3427079152625851,0.5
6.735,GO_TO_START,0.3404785394668579,0.20460021495819092,0.5833076238632202,0.0,0.0,0.0,0.004151311703026295,-0.0,0.049815740436315536,0.0,0.0,0.0,0.0,0.0,0.0,0.0,0.5998887815463392,-0.011552046348962461,0.5,0.6480591297149658,0.06973616778850555,0.5688281059265137,0.0,0.0,0.0,-0.004151311703026295,-0.0013837706064805388,0.01660524681210518,0.0,0.0,0.0,0.0,0.0,0.0,0.0,0.59989748360196,-0.011090949825695159,0.5,0.6010674834251404,0.38781797885894775,0.5526867508888245,0.0,0.0,0.0,0.0,-0.0,-0.07195606827735901,0.0,0.0,0.0,0.0,0.0,0.0,0.0,0.49240049933052715,-0.3428436207063616,0.5
6.755,GO_TO_START,0.3404785394668579,0.20460021495819092,0.5833076238632202,0.0,0.0,0.0,0.004151311703026295,-0.0,0.049815740436315536,0.0,0.0,0.0,0.0,0.0,0.0,0.0,0.5998767733991175,-0.012159635531699384,0.5,0.6480591297149658,0.06973616778850555,0.5688281059265137,0.0,0.0,0.0,-0.004151311703026295,-0.0013837706064805388,0.01660524681210518,0.0,0.0,0.0,0.0,0.0,0.0,0.0,0.5998836372581491,-0.011816164772604883,0.5,0.6010674834251404,0.38781797885894775,0.5526867508888245,0.0,0.0,0.0,0.0,-0.0,-0.07195606827735901,0.0,0.0,0.0,0.0,0.0,0.0,0.0,0.49230656918414306,-0.34297848611558507,0.5
6.775,GO_TO_START,0.35089024901390076,0.18942894041538239,0.5799835324287415,0.0,0.0,0.0,-0.006918853148818016,0.0,0.027675412595272064,0.0,0.0,0.0,0.0,0.0,0.0,0.0,0.5998642274399001,-0.01276356681856021,0.5,0.6480591297149658,0.06973616778850555,0.5688281059265137,0.0,0.0,0.0,-0.004151311703026295,-0.0013837706064805388,0.01660524681210518,0.0,0.0,0.0,0.0,0.0,0.0,0.0,0.5998690051563006,-0.012537011318098095,0.5,0.6010674834251404,0.38781797885894775,0.5526867508888245,0.0,0.0,0.0,0.0,-0.0,-0.07195606827735901,0.0,0.0,0.0,0.0,0.0,0.0,0.0,0.4922131660116185,-0.3431125168291282,0.5
6.795,GO_TO_START,0.35089024901390076,0.18942894041538239,0.5799835324287415,0.0,0.0,0.0,-0.006918853148818016,0.0,0.027675412595272064,0.0,0.0,0.0,0.0,0.0,0.0,0.0,0.5998511542045347,-0.01336386169816004,0.5,0.6480591297149658,0.06973616778850555,0.5688281059265137,0.0,0.0,0.0,-0.004151311703026295,-0.0013837706064805388,0.01660524681210518,0.0,0.0,0.0,0.0,0.0,0.0,0.0,0.5998499154579209,-0.013419348908389372,0.5,0.6010674834251404,0.38781797885894775,0.5526867508888245,0.0,0.0,0.0,0.0,-0.0,-0.07195606827735901,0.0,0.0,0.0,0.0,0.0,0.0,0.0,0.49212028709593914,-0.3432457181504387,0.5
6.815,GO_TO_START,0.35089024901390076,0.18942894041538239,0.5799835324287415,0.0,0.0,0.0,-0.006918853148818016,0.0,0.027675412595272064,0.0,0.0,0.0,0.0,0.0,0.0,0.0,0.5998357472324948,-0.014038388156572441,0.5,0.6445963978767395,0.06506343930959702,0.5687398910522461,0.0,0.0,0.0,-0.009686394594609737,-0.0027675412129610777,0.017989017069339752,0.0,0.0,0.0,0.0,0.0,0.0,0.0,0.5998296541392745,-0.014296363704045346,0.5,0.5978508591651917,0.3676769733428955,0.5476394891738892,0.0,0.0,0.0,0.005535082425922155,-0.0027675412129610777,-0.05119951069355011,0.0,0.0,0.0,0.0,0.0,0.0,0.0,0.4920143331397972,-0.34339757713909486,0.5
6.835,GO_TO_START,0.35089024901390076,0.18942894041538239,0.5799835324287415,0.0,0.0,0.0,-0.006918853148818016,0.0,0.027675412595272064,0.0,0.0,0.0,0.0,0.0,0.0,0.0,0.599819681017244,-0.014708849865699206,0.5,0.6445963978767395,0.06506343930959702,0.5687398910522461,0.0,0.0,0.0,-0.009686394594609737,-0.0027675412129610777,0.017989017069339752,0.0,0.0,0.0,0.0,0.0,0.0,0.0,0.5998082436605983,-0.015168086128065288,0.5,0.5978508591651917,0.3676769733428955,0.5476394891738892,0.0,0.0,0.0,0.005535082425922155,-0.0027675412129610777,-0.05119951069355011,0.0,0.0,0.0,0.0,0.0,0.0,0.0,0.4919089684674733,-0.34354849256148157,0.5
6.855,GO_TO_START,0.35089024901390076,0.18942894041538239,0.5799835324287415,0.0,0.0,0.0,-0.006918853148818016,0.0,0.027675412595272064,0.0,0.0,0.0,0.0,0.0,0.0,0.0,0.5998029685272912,-0.015375270594341132,0.5,0.6445963978767395,0.06506343930959702,0.5687398910522461,0.0,0.0,0.0,-0.009686394594609737,-0.0027675412129610777,0.017989017069339752,0.0,0.0,0.0,0.0,0.0,0.0,0.0,0.5997857061646491,-0.01603454647232761,0.5,0.5978508591651917,0.3676769733428955,0.5476394891738892,0.0,0.0,0.0,0.005535082425922155,-0.0027675412129610777,-0.05119951069355011,0.0,0.0,0.0,0.0,0.0,0.0,0.0,0.49180419010869786,-0.34369847045270335,0.5
6.875,GO_TO_START,0.36308717727661133,0.17914274334907532,0.5758517980575562,0.0,0.0,0.0,-0.01107016485184431,-0.004151311703026295,0.01107016485184431,0.0,0.0,0.0,0.0,0.0,0.0,0.0,0.5997856225460554,-0.0160376739909757,0.5,0.6445963978767395,0.06506343930959702,0.5687398910522461,0.0,0.0,0.0,-0.009686394594609737,-0.0027675412129610777,0.017989017069339752,0.0,0.0,0.0,0.0,0.0,0.0,0.0,0.5997620634806975,-0.016895774897167818,0.5,0.5978508591651917,0.3676769733428955,0.5476394891738892,0.0,0.0,0.0,0.005535082425922155,-0.0027675412129610777,-0.05119951069355011,0.0,0.0,0.0,0.0,0.0,0.0,0.0,0.4916999951040865,-0.34384751680743786,0.5
6.895,GO_TO_START,0.36308717727661133,0.17914274334907532,0.5758517980575562,0.0,0.0,0.0,-0.01107016485184431,-0.004151311703026295,0.01107016485184431,0.0,0.0,0.0,0.0,0.0,0.0,0.0,0.5997676556742267,-0.016696083583946645,0.5,0.6445963978767395,0.06506343930959702,0.5687398910522461,0.0,0.0,0.0,-0.009686394594609737,-0.0027675412129610777,0.017989017069339752,0.0,0.0,0.0,0.0,0.0,0.0,0.0,0.5997334163037572,-0.01788377389211176,0.5,0.5978508591651917,0.3676769733428955,0.5476394891738892,0.0,0.0,0.0,0.005535082425922155,-0.0027675412129610777,-0.05119951069355011,0.0,0.0,0.0,0.0,0.0,0.0,0.0,0.49159638050516086,-0.3439956375802244,0.5
6.915,GO_TO_START,0.36308717727661133,0.17914274334907532,0.5758517980575562,0.0,0.0,0.0,-0.01107016485184431,-0.004151311703026295,0.01107016485184431,0.0,0.0,0.0,0.0,0.0,0.0,0.0,0.5997467448164918,-0.017431066577286495,0.5,0.640542209148407,0.06241520866751671,0.5668940544128418,0.0,0.0,0.0,-0.009686394594609737,-0.0013837706064805388,0.02214032970368862,0.0,0.0,0.0,0.0,0.0,0.0,0.0,0.5997033280806775,-0.018865796801599975,0.5,0.5928857922554016,0.34657931327819824,0.5406663417816162,0.0,0.0,0.0,-0.006918853148818016,0.0013837706064805388,-0.024907870218157768,0.0,0.0,0.0,0.0,0.0,0.0,0.0,0.4914861958903364,-0.34415304625884957,0.5
6.935,GO_TO_START,0.36308717727661133,0.17914274334907532,0.5758517980575562,0.0,0.0,0.0,-0.01107016485184431,-0.004151311703026295,0.01107016485184431,0.0,0.0,0.0,0.0,0.0,0.0,0.0,0.5997250668319863,-0.018161613732523906,0.5,0.640542209148407,0.06241520866751671,0.5668940544128418,0.0,0.0,0.0,-0.009686394594609737,-0.0013837706064805388,0.02214032970368862,0.0,0.0,0.0,0.0,0.0,0.0,0.0,0.5996718268347596,-0.019841877448015265,0.5,0.5928857922554016,0.34657931327819824,0.5406663417816162,0.0,0.0,0.0,-0.006918853148818016,0.0013837706064805388,-0.024907870218157768,0.0,0.0,0.0,0.0,0.0,0.0,0.0,0.49137662243378766,-0.3443094755094069,0.5
6.955,GO_TO_START,0.36308717727661133,0.17914274334907532,0.5758517980575562,0.0,0.0,0.0,-0.01107016485184431,-0.004151311703026295,0.01107016485184431,0.0,0.0,0.0,0.0,0.0,0.0,0.0,0.5997026370343141,-0.01888775090077059,0.5,0.640542209148407,0.06241520866751671,0.5668940544128418,0.0,0.0,0.0,-0.009686394594609737,-0.0013837706064805388,0.02214032970368862,0.0,0.0,0.0,0.0,0.0,0.0,0.0,0.599638940192092,-0.02081204952196375,0.5,0.5928857922554016,0.34657931327819824,0.5406663417816162,0.0,0.0,0.0,-0.006918853148818016,0.0013837706064805388,-0.024907870218157768,0.0,0.0,0.0,0.0,0.0,0.0,0.0,0.4912676570771626,-0.3444649316112098,0.5
6.975,GO_TO_START,0.37245872616767883,0.16732271015644073,0.5739539861679077,0.0,0.0,0.0,-0.013837706297636032,-0.019372789189219475,0.004151311703026295,0.0,0.0,0.0,0.0,0.0,0.0,0.0,0.5996794705177638,-0.019609503806430856,0.5,0.640542209148407,0.06241520866751671,0.5668940544128418,0.0,0.0,0.0,-0.009686394594609737,-0.0013837706064805388,0.02214032970368862,0.0,0.0,0.0,0.0,0.0,0.0,0.0,0.5995999614757793,-0.02190630498838068,0.5,0.5928857922554016,0.34657931327819824,0.5406663417816162,0.0,0.0,0.0,-0.006918853148818016,0.0013837706064805388,-0.024907870218157768,0.0,0.0,0.0,0.0,0.0,0.0,0.0,0.4911592967729858,-0.34461942080136176,0.5
6.995,GO_TO_START,0.37245872616767883,0.16732271015644073,0.5739539861679077,0.0,0.0,0.0,-0.013837706297636032,-0.019372789189219475,0.004151311703026295,0.0,0.0,0.0,0.0,0.0,0.0,0.0,0.599655582160106,-0.020326898047278084,0.5,0.640542209148407,0.06241520866751671,0.5668940544128418,0.0,0.0,0.0,-0.009686394594609737,-0.0013837706064805388,0.02214032970368862,0.0,0.0,0.0,0.0,0.0,0.0,0.0,0.5995592377089243,-0.022993922629548247,0.5,0.5928857922554016,0.34657931327819824,0.5406663417816162,0.0,0.0,0.0,-0.006918853148818016,0.0013837706064805388,-0.024907870218157768,0.0,0.0,0.0,0.0,0.0,0.0,0.0,0.4910515384846866,-0.34477294927505897,0.5
7.015,GO_TO_START,0.37245872616767883,0.16732271015644073,0.5739539861679077,0.0,0.0,0.0,-0.013837706297636032,-0.019372789189219475,0.004151311703026295,0.0,0.0,0.0,0.0,0.0,0.0,0.0,0.5996309866253576,-0.02103995909454501,0.5,0.6370769143104553,0.061782125383615494,0.5663240551948547,0.0,0.0,0.0,-0.005535082425922155,0.0027675412129610777,0.017989017069339752,0.0,0.0,0.0,0.0,0.0,0.0,0.0,0.5995168031704421,-0.02407493959064853,0.5,0.589789092540741,0.32409945130348206,0.5358524918556213,0.0,0.0,0.0,0.006918853148818016,-0.0013837706064805388,0.0013837706064805388,0.0,0.0,0.0,0.0,0.0,0.0,0.0,0.49094437918662437,-0.34492552318589004,0.5
7.035,GO_TO_START,0.37245872616767883,0.16732271015644073,0.5739539861679077,0.0,0.0,0.0,-0.013837706297636032,-0.019372789189219475,0.004151311703026295,0.0,0.0,0.0,0.0,0.0,0.0,0.0,0.5996022302549395,-0.021844117590382735,0.5,0.6370769143104553,0.061782125383615494,0.5663240551948547,0.0,0.0,0.0,-0.005535082425922155,0.0027675412129610777,0.017989017069339752,0.0,0.0,0.0,0.0,0.0,0.0,0.0,0.599472691652652,-0.02514939288977665,0.5,0.589789092540741,0.32409945130348206,0.5358524918556213,0.0,0.0,0.0,0.006918853148818016,-0.0013837706064805388,0.0013837706064805388,0.0,0.0,0.0,0.0,0.0,0.0,0.0,0.4908368647496867,-0.3450785015075522,0.5
7.055,GO_TO_START,0.37245872616767883,0.16732271015644073,0.5739539861679077,0.0,0.0,0.0,-0.013837706297636032,-0.019372789189219475,0.004151311703026295,0.0,0.0,0.0,0.0,0.0,0.0,0.0,0.5995725776616601,-0.022643412202065297,0.5,0.6370769143104553,0.061782125383615494,0.5663240551948547,0.0,0.0,0.0,-0.005535082425922155,0.0027675412129610777,0.017989017069339752,0.0,0.0,0.0,0.0,0.0,0.0,0.0,0.5994269364673372,-0.026217319416422902,0.5,0.589789092540741,0.32409945130348206,0.5358524918556213,0.0,0.0,0.0,0.006918853148818016,-0.0013837706064805388,0.0013837706064805388,0.0,0.0,0.0,0.0,0.0,0.0,0.0,0.49072994815944465,-0.3452305287477177,0.5
7.075,GO_TO_START,0.3782394528388977,0.16013787686824799,0.5724688172340393,0.0,0.0,0.0,-0.019372789189219475,-0.00830262340605259,0.004151311703026295,0.0,0.0,0.0,0.0,0.0,0.0,0.0,0.5995420470617309,-0.023437871171019458,0.5,0.6370769143104553,0.061782125383615494,0.5663240551948547,0.0,0.0,0.0,-0.005535082425922155,0.0027675412129610777,0.017989017069339752,0.0,0.0,0.0,0.0,0.0,0.0,0.0,0.5993760095490714,-0.027356885367880886,0.5,0.589789092540741,0.32409945130348206,0.5358524918556213,0.0,0.0,0.0,0.006918853148818016,-0.0013837706064805388,0.0013837706064805388,0.0,0.0,0.0,0.0,0.0,0.0,0.0,0.49062362640416346,-0.34538161099576187,0.5
7.095,GO_TO_START,0.3782394528388977,0.16013787686824799,0.5724688172340393,0.0,0.0,0.0,-0.019372789189219475,-0.00830262340605259,0.004151311703026295,0.0,0.0,0.0,0.0,0.0,0.0,0.0,0.5995106564093652,-0.024227522605747866,0.5,0.6370769143104553,0.061782125383615494,0.5663240551948547,0.0,0.0,0.0,-0.005535082425922155,0.0027675412129610777,0.017989017069339752,0.0,0.0,0.0,0.0,0.0,0.0,0.0,0.5993232412325777,-0.02848951593968131,0.5,0.589789092540741,0.32409945130348206,0.5358524918556213,0.0,0.0,0.0,0.006918853148818016,-0.0013837706064805388,0.0013837706064805388,0.0,0.0,0.0,0.0,0.0,0.0,0.0,0.49051789648311805,-0.3455317543002047,0.5
7.115,GO_TO_START,0.3782394528388977,0.16013787686824799,0.5724688172340393,0.0,0.0,0.0,-0.019372789189219475,-0.00830262340605259,0.004151311703026295,0.0,0.0,0.0,0.0,0.0,0.0,0.0,0.599473810299633,-0.025122714121679903,0.5,0.6337096095085144,0.06262213736772537,0.5654967427253723,0.0,0.0,0.0,-0.0,0.0027675412129610777,0.013837706297636032,0.0,0.0,0.0,0.0,0.0,0.0,0.0,0.5992686684392057,-0.029615249907799124,0.5,0.5874944925308228,0.2997599244117737,0.5303328037261963,0.0,0.0,0.0,0.0013837706064805388,-0.00830262340605259,0.020756559446454048,0.0,0.0,0.0,0.0,0.0,0.0,0.0,0.4904165372133875,-0.34567559941024195,0.5
7.135,GO_TO_START,0.3782394528388977,0.16013787686824799,0.5724688172340393,0.0,0.0,0.0,-0.019372789189219475,-0.00830262340605259,0.004151311703026295,0.0,0.0,0.0,0.0,0.0,0.0,0.0,0.599435860570138,-0.026012478977177723,0.5,0.6337096095085144,0.06262213736772537,0.5654967427253723,0.0,0.0,0.0,-0.0,0.0027675412129610777,0.013837706297636032,0.0,0.0,0.0,0.0,0.0,0.0,0.0,0.5992123275633083,-0.030734125921561883,0.5,0.5874944925308228,0.2997599244117737,0.5303328037261963,0.0,0.0,0.0,0.0013837706064805388,-0.00830262340605259,0.020756559446454048,0.0,0.0,0.0,0.0,0.0,0.0,0.0,0.49031574429535074,-0.3458185519836902,0.5
7.155,GO_TO_START,0.3782394528388977,0.16013787686824799,0.5724688172340393,0.0,0.0,0.0,-0.019372789189219475,-0.00830262340605259,0.004151311703026295,0.0,0.0,0.0,0.0,0.0,0.0,0.0,0.5993968297741158,-0.026896848453669783,0.5,0.6337096095085144,0.06262213736772537,0.5654967427253723,0.0,0.0,0.0,-0.0,0.0027675412129610777,0.013837706297636032,0.0,0.0,0.0,0.0,0.0,0.0,0.0,0.5991542544788098,-0.031846182501857,0.5,0.5874944925308228,0.2997599244117737,0.5303328037261963,0.0,0.0,0.0,0.0013837706064805388,-0.00830262340605259,0.020756559446454048,0.0,0.0,0.0,0.0,0.0,0.0,0.0,0.49021551483952863,-0.3459606177162595,0.5
7.175,GO_TO_START,0.38352644443511963,0.1555173248052597,0.5708210468292236,0.0,0.0,0.0,-0.012453935109078884,-0.006918853148818016,0.00830262340605259,0.0,0.0,0.0,0.0,0.0,0.0,0.0,0.5993567401402189,-0.02777585369507355,0.5,0.6337096095085144,0.06262213736772537,0.5654967427253723,0.0,0.0,0.0,-0.0,0.0027675412129610777,0.013837706297636032,0.0,0.0,0.0,0.0,0.0,0.0,0.0,0.5990944845456996,-0.03295145803940272,0.5,0.5874944925308228,0.2997599244117737,0.5303328037261963,0.0,0.0,0.0,0.0013837706064805388,-0.00830262340605259,0.020756559446454048,0.0,0.0,0.0,0.0,0.0,0.0,0.0,0.4901158459675455,-0.3461018022656299,0.5
7.195,GO_TO_START,0.38352644443511963,0.1555173248052597,0.5708210468292236,0.0,0.0,0.0,-0.012453935109078884,-0.006918853148818016,0.00830262340605259,0.0,0.0,0.0,0.0,0.0,0.0,0.0,0.5993156135766372,-0.028649525707397285,0.5,0.6337096095085144,0.06262213736772537,0.5654967427253723,0.0,0.0,0.0,-0.0,0.0027675412129610777,0.013837706297636032,0.0,0.0,0.0,0.0,0.0,0.0,0.0,0.5990299320145265,-0.03410484643964492,0.5,0.5874944925308228,0.2997599244117737,0.5303328037261963,0.0,0.0,0.0,0.0013837706064805388,-0.00830262340605259,0.020756559446454048,0.0,0.0,0.0,0.0,0.0,0.0,0.0,0.4900167348121392,-0.34624211125172166,0.5
7.215,GO_TO_START,0.38352644443511963,0.1555173248052597,0.5708210468292236,0.0,0.0,0.0,-0.012453935109078884,-0.006918853148818016,0.00830262340605259,0.0,0.0,0.0,0.0,0.0,0.0,0.0,0.599267785130802,-0.029633118371559138,0.5,0.6313725113868713,0.06468915194272995,0.5627564787864685,0.0,0.0,0.0,0.004151311703026295,0.0013837706064805388,0.013837706297636032,0.0,0.0,0.0,0.0,0.0,0.0,0.0,0.5989635662189925,-0.03525118923137996,0.5,0.5846603512763977,0.2750726342201233,0.5277935266494751,0.0,0.0,0.0,0.006918853148818016,0.0,0.029059182852506638,0.0,0.0,0.0,0.0,0.0,0.0,0.0,0.4899256667578571,-0.346370958730476,0.5
7.235,GO_TO_START,0.38352644443511963,0.1555173248052597,0.5708210468292236,0.0,0.0,0.0,-0.012453935109078884,-0.006918853148818016,0.00830262340605259,0.0,0.0,0.0,0.0,0.0,0.0,0.0,0.5992186438902755,-0.030610730378400945,0.5,0.6313725113868713,0.06468915194272995,0.5627564787864685,0.0,0.0,0.0,0.004151311703026295,0.0013837706064805388,0.013837706297636032,0.0,0.0,0.0,0.0,0.0,0.0,0.0,0.5988954246072792,-0.0363905260262452,0.5,0.5846603512763977,0.2750726342201233,0.5277935266494751,0.0,0.0,0.0,0.006918853148818016,0.0,0.029059182852506638,0.0,0.0,0.0,0.0,0.0,0.0,0.0,0.48983511153638976,-0.34649900938694267,0.5
7.255,GO_TO_START,0.38352644443511963,0.1555173248052597,0.5708210468292236,0.0,0.0,0.0,-0.012453935109078884,-0.006918853148818016,0.00830262340605259,0.0,0.0,0.0,0.0,0.0,0.0,0.0,0.5991682170010222,-0.03158239597965903,0.5,0.6313725113868713,0.06468915194272995,0.5627564787864685,0.0,0.0,0.0,0.004151311703026295,0.0013837706064805388,0.013837706297636032,0.0,0.0,0.0,0.0,0.0,0.0,0.0,0.5988255440884991,-0.03752289630496194,0.5,0.5846603512763977,0.2750726342201233,0.5277935266494751,0.0,0.0,0.0,0.006918853148818016,0.0,0.029059182852506638,0.0,0.0,0.0,0.0,0.0,0.0,0.0,0.48974506647856936,-0.3466262682773792,0.5
7.275,GO_TO_START,0.387363076210022,0.1538466066122055,0.5698025822639465,0.0,0.0,0.0,-0.009686394594609737,-0.0,0.01107016485184431,0.0,0.0,0.0,0.0,0.0,0.0,0.0,0.5991165312173942,-0.0325481492874338,0.5,0.6313725113868713,0.06468915194272995,0.5627564787864685,0.0,0.0,0.0,0.004151311703026295,0.0013837706064805388,0.013837706297636032,0.0,0.0,0.0,0.0,0.0,0.0,0.0,0.5987539610394438,-0.03864833941550703,0.5,0.5846603512763977,0.2750726342201233,0.5277935266494751,0.0,0.0,0.0,0.006918853148818016,0.0,0.029059182852506638,0.0,0.0,0.0,0.0,0.0,0.0,0.0,0.4896555289262565,-0.34675274042456816,0.5
7.295,GO_TO_START,0.387363076210022,0.1538466066122055,0.5698025822639465,0.0,0.0,0.0,-0.009686394594609737,-0.0,0.01107016485184431,0.0,0.0,0.0,0.0,0.0,0.0,0.0,0.5990636129070872,-0.03350802427341179,0.5,0.6313725113868713,0.06468915194272995,0.5627564787864685,0.0,0.0,0.0,0.004151311703026295,0.0013837706064805388,0.013837706297636032,0.0,0.0,0.0,0.0,0.0,0.0,0.0,0.598678999079856,-0.03979266340346976,0.5,0.5846603512763977,0.2750726342201233,0.5277935266494751,0.0,0.0,0.0,0.006918853148818016,0.0,0.029059182852506638,0.0,0.0,0.0,0.0,0.0,0.0,0.0,0.4895664962323353,-0.3468784308180531,0.5
7.315,GO_TO_START,0.387363076210022,0.1538466066122055,0.5698025822639465,0.0,0.0,0.0,-0.009686394594609737,-0.0,0.01107016485184431,0.0,0.0,0.0,0.0,0.0,0.0,0.0,0.5990094880560396,-0.03446205476812615,0.5,0.6290640234947205,0.06587773561477661,0.5601279139518738,0.0,0.0,0.0,0.005535082425922155,0.0013837706064805388,0.012453935109078884,0.0,0.0,0.0,0.0,0.0,0.0,0.0,0.5986023195329937,-0.04092997739700913,0.5,0.5846603512763977,0.2750726342201233,0.5277935266494751,0.0,0.0,0.0,0.006918853148818016,0.0,0.029059182852506638,0.0,0.0,0.0,0.0,0.0,0.0,0.0,0.4894826323280998,-0.34699676172718713,0.5
7.335,GO_TO_START,0.387363076210022,0.1538466066122055,0.5698025822639465,0.0,0.0,0.0,-0.009686394594609737,-0.0,0.01107016485184431,0.0,0.0,0.0,0.0,0.0,0.0,0.0,0.5989541822732766,-0.03541027446025489,0.5,0.6290640234947205,0.06587773561477661,0.5601279139518738,0.0,0.0,0.0,0.005535082425922155,0.0013837706064805388,0.012453935109078884,0.0,0.0,0.0,0.0,0.0,0.0,0.0,0.5985239589089211,-0.04206032111137747,0.5,0.5846603512763977,0.2750726342201233,0.5277935266494751,0.0,0.0,0.0,0.006918853148818016,0.0,0.029059182852506638,0.0,0.0,0.0,0.0,0.0,0.0,0.0,0.4893992432629466,-0.34711436255743605,0.5
7.355,GO_TO_START,0.387363076210022,0.1538466066122055,0.5698025822639465,0.0,0.0,0.0,-0.009686394594609737,-0.0,0.01107016485184431,0.0,0.0,0.0,0.0,0.0,0.0,0.0,0.5988977207956986,-0.036352716895955955,0.5,0.6290640234947205,0.06587773561477661,0.5601279139518738,0.0,0.0,0.0,0.005535082425922155,0.0013837706064805388,0.012453935109078884,0.0,0.0,0.0,0.0,0.0,0.0,0.0,0.5984439531877906,-0.04318373412489298,0.5,0.5791504979133606,0.246164008975029,0.5286585688591003,0.0,0.0,0.0,0.0013837706064805388,-0.0027675412129610777,0.03459426388144493,0.0,0.0,0.0,0.0,0.0,0.0,0.0,0.4893163265317242,-0.3472312379229424,0.5
7.375,GO_TO_START,0.39071720838546753,0.15444625914096832,0.5689127445220947,0.0,0.0,0.0,0.0013837706064805388,0.0013837706064805388,0.012453935109078884,0.0,0.0,0.0,0.0,0.0,0.0,0.0,0.598831644854564,-0.037425407422996715,0.5,0.6290640234947205,0.06587773561477661,0.5601279139518738,0.0,0.0,0.0,0.005535082425922155,0.0013837706064805388,0.012453935109078884,0.0,0.0,0.0,0.0,0.0,0.0,0.0,0.5983619071095493,-0.04430607317539014,0.5,0.5791504979133606,0.246164008975029,0.5286585688591003,0.0,0.0,0.0,0.0013837706064805388,-0.0027675412129610777,0.03459426388144493,0.0,0.0,0.0,0.0,0.0,0.0,0.0,0.4892338796401136,-0.3473473924074899,0.5
7.395,GO_TO_START,0.39071720838546753,0.15444625914096832,0.5689127445220947,0.0,0.0,0.0,0.0013837706064805388,0.0013837706064805388,0.012453935109078884,0.0,0.0,0.0,0.0,0.0,0.0,0.0,0.5987640613227033,-0.03849154281581783,0.5,0.6290640234947205,0.06587773561477661,0.5601279139518738,0.0,0.0,0.0,0.005535082425922155,0.0013837706064805388,0.012453935109078884,0.0,0.0,0.0,0.0,0.0,0.0,0.0,0.5982782673479279,-0.04542152374327974,0.5,0.5791504979133606,0.246164008975029,0.5286585688591003,0.0,0.0,0.0,0.0013837706064805388,-0.0027675412129610777,0.03459426388144493,0.0,0.0,0.0,0.0,0.0,0.0,0.0,0.48915190010461573,-0.3474628305647152,0.5
7.415,GO_TO_START,0.39071720838546753,0.15444625914096832,0.5689127445220947,0.0,0.0,0.0,0.0013837706064805388,0.0013837706064805388,0.012453935109078884,0.0,0.0,0.0,0.0,0.0,0.0,0.0,0.5986860249985089,-0.03968681735141756,0.5,0.6274725794792175,0.06656215339899063,0.5585512518882751,0.0,0.0,0.0,0.006918853148818016,0.0027675412129610777,0.009686394594609737,0.0,0.0,0.0,0.0,0.0,0.0,0.0,0.5981930687095215,-0.04653012516516148,0.5,0.5740026831626892,0.21877512335777283,0.5290849804878235,0.0,0.0,0.0,-0.013837706297636032,-0.0027675412129610777,0.03044295310974121,0.0,0.0,0.0,0.0,0.0,0.0,0.0,0.48907318300031066,-0.3475736205035483,0.5
7.435,GO_TO_START,0.39071720838546753,0.15444625914096832,0.5689127445220947,0.0,0.0,0.0,0.0013837706064805388,0.0013837706064805388,0.012453935109078884,0.0,0.0,0.0,0.0,0.0,0.0,0.0,0.5986060922751206,-0.04087476349912931,0.5,0.6274725794792175,0.06656215339899063,0.5585512518882751,0.0,0.0,0.0,0.006918853148818016,0.0027675412129610777,0.009686394594609737,0.0,0.0,0.0,0.0,0.0,0.0,0.0,0.5981063454919201,-0.047631916634751546,0.5,0.5740026831626892,0.21877512335777283,0.5290849804878235,0.0,0.0,0.0,-0.013837706297636032,-0.0027675412129610777,0.03044295310974121,0.0,0.0,0.0,0.0,0.0,0.0,0.0,0.4889949133307621,-0.3476837280297144,0.5
7.455,GO_TO_START,0.39071720838546753,0.15444625914096832,0.5689127445220947,0.0,0.0,0.0,0.0013837706064805388,0.0013837706064805388,0.012453935109078884,0.0,0.0,0.0,0.0,0.0,0.0,0.0,0.5985243031331205,-0.04205542246859937,0.5,0.6274725794792175,0.06656215339899063,0.5585512518882751,0.0,0.0,0.0,0.006918853148818016,0.0027675412129610777,0.009686394594609737,0.0,0.0,0.0,0.0,0.0,0.0,0.0,0.5980181314901515,-0.04872693720138618,0.5,0.5740026831626892,0.21877512335777283,0.5290849804878235,0.0,0.0,0.0,-0.013837706297636032,-0.0027675412129610777,0.03044295310974121,0.0,0.0,0.0,0.0,0.0,0.0,0.0,0.48891708871281314,-0.3477931574435978,0.5
7.475,GO_TO_START,0.39071720838546753,0.15444625914096832,0.5689127445220947,0.0,0.0,0.0,0.0013837706064805388,0.0013837706064805388,0.012453935109078884,0.0,0.0,0.0,0.0,0.0,0.0,0.0,0.5984406969744374,-0.0432288353388069,0.5,0.6274725794792175,0.06656215339899063,0.5585512518882751,0.0,0.0,0.0,0.006918853148818016,0.0027675412129610777,0.009686394594609737,0.0,0.0,0.0,0.0,0.0,0.0,0.0,0.597928460003055,-0.0498152257685841,0.5,0.5740026831626892,0.21877512335777283,0.5290849804878235,0.0,0.0,0.0,-0.013837706297636032,-0.0027675412129610777,0.03044295310974121,0.0,0.0,0.0,0.0,0.0,0.0,0.0,0.4888397067739297,-0.3479019130174171,0.5
7.495,GO_TO_START,0.39516153931617737,0.15498614311218262,0.5676301717758179,0.0,0.0,0.0,0.006918853148818016,0.006918853148818016,0.012453935109078884,0.0,0.0,0.0,0.0,0.0,0.0,0.0,0.5983553126295942,-0.04439504305596061,0.5,0.6274725794792175,0.06656215339899063,0.5585512518882751,0.0,0.0,0.0,0.006918853148818016,0.0027675412129610777,0.009686394594609737,0.0,0.0,0.0,0.0,0.0,0.0,0.0,0.5978373638395823,-0.05089682109266661,0.5,0.5740026831626892,0.21877512335777283,0.5290849804878235,0.0,0.0,0.0,-0.013837706297636032,-0.0027675412129610777,0.03044295310974121,0.0,0.0,0.0,0.0,0.0,0.0,0.0,0.4887627651521826,-0.34800999899542023,0.5
7.515,GO_TO_START,0.39516153931617737,0.15498614311218262,0.5676301717758179,0.0,0.0,0.0,0.006918853148818016,0.006918853148818016,0.012453935109078884,0.0,0.0,0.0,0.0,0.0,0.0,0.0,0.5982681883648789,-0.04555408643146878,0.5,0.6256202459335327,0.06729916483163834,0.5562493205070496,0.0,0.0,0.0,0.00830262340605259,0.0,0.004151311703026295,0.0,0.0,0.0,0.0,0.0,0.0,0.0,0.5977440438553645,-0.051981323909997025,0.5,0.5692922472953796,0.19152280688285828,0.5296846628189087,0.0,0.0,0.0,-0.019372789189219475,0.005535082425922155,0.015221476554870605,0.0,0.0,0.0,0.0,0.0,0.0,0.0,0.48868626149622824,-0.34811741959407894,0.5
7.535,GO_TO_START,0.39516153931617737,0.15498614311218262,0.5676301717758179,0.0,0.0,0.0,0.006918853148818016,0.006918853148818016,0.012453935109078884,0.0,0.0,0.0,0.0,0.0,0.0,0.0,0.598168243712671,-0.04684818260827803,0.5,0.6256202459335327,0.06729916483163834,0.5562493205070496,0.0,0.0,0.0,0.00830262340605259,0.0,0.004151311703026295,0.0,0.0,0.0,0.0,0.0,0.0,0.0,0.5976493341276684,-0.05305915016992459,0.5,0.5692922472953796,0.19152280688285828,0.5296846628189087,0.0,0.0,0.0,-0.019372789189219475,0.005535082425922155,0.015221476554870605,0.0,0.0,0.0,0.0,0.0,0.0,0.0,0.4886132758439138,-0.3482198539271984,0.5
7.555,GO_TO_START,0.39516153931617737,0.15498614311218262,0.5676301717758179,0.0,0.0,0.0,0.006918853148818016,0.006918853148818016,0.012453935109078884,0.0,0.0,0.0,0.0,0.0,0.0,0.0,0.5980661246522343,-0.048134296956101455,0.5,0.6256202459335327,0.06729916483163834,0.5562493205070496,0.0,0.0,0.0,0.00830262340605259,0.0,0.004151311703026295,0.0,0.0,0.0,0.0,0.0,0.0,0.0,0.5975532666259312,-0.05413033848664491,0.5,0.5692922472953796,0.19152280688285828,0.5296846628189087,0.0,0.0,0.0,-0.019372789189219475,0.005535082425922155,0.015221476554870605,0.0,0.0,0.0,0.0,0.0,0.0,0.0,0.4885407068269341,-0.348321658489735,0.5
7.575,GO_TO_START,0.4000592827796936,0.15384957194328308,0.5659982562065125,0.0,0.0,0.0,0.01107016485184431,-0.0,0.012453935109078884,0.0,0.0,0.0,0.0,0.0,0.0,0.0,0.5979618778869555,-0.049412474071894426,0.5,0.6256202459335327,0.06729916483163834,0.5562493205070496,0.0,0.0,0.0,0.00830262340605259,0.0,0.004151311703026295,0.0,0.0,0.0,0.0,0.0,0.0,0.0,0.5974558728457251,-0.055194927322651785,0.5,0.5692922472953796,0.19152280688285828,0.5296846628189087,0.0,0.0,0.0,-0.019372789189219475,0.005535082425922155,0.015221476554870605,0.0,0.0,0.0,0.0,0.0,0.0,0.0,0.48846855220317664,-0.34842283723736084,0.5
7.595,GO_TO_START,0.4000592827796936,0.15384957194328308,0.5659982562065125,0.0,0.0,0.0,0.01107016485184431,-0.0,0.012453935109078884,0.0,0.0,0.0,0.0,0.0,0.0,0.0,0.5978555494413654,-0.0506827584308814,0.5,0.6256202459335327,0.06729916483163834,0.5562493205070496,0.0,0.0,0.0,0.00830262340605259,0.0,0.004151311703026295,0.0,0.0,0.0,0.0,0.0,0.0,0.0,0.5973549419234696,-0.05627675683271231,0.5,0.5692922472953796,0.19152280688285828,0.5296846628189087,0.0,0.0,0.0,-0.019372789189219475,0.005535082425922155,0.015221476554870605,0.0,0.0,0.0,0.0,0.0,0.0,0.0,0.48839680974084343,-0.3485233940999748,0.5
7.615,GO_TO_START,0.4000592827796936,0.15384957194328308,0.5659982562065125,0.0,0.0,0.0,0.01107016485184431,-0.0,0.012453935109078884,0.0,0.0,0.0,0.0,0.0,0.0,0.0,0.5977367173481383,-0.052065504260228636,0.5,0.6268616318702698,0.06540516763925552,0.5548370480537415,0.0,0.0,0.0,0.006918853148818016,0.0013837706064805388,-0.004151311703026295,0.0,0.0,0.0,0.0,0.0,0.0,0.0,0.5972526752845517,-0.05735191248289573,0.5,0.5636510848999023,0.1688040941953659,0.530544638633728,0.0,0.0,0.0,-0.02629164233803749,0.004151311703026295,-0.006918853148818016,0.0,0.0,0.0,0.0,0.0,0.0,0.0,0.4883187866726115,-0.3486327044076452,0.5
7.635,GO_TO_START,0.4000592827796936,0.15384957194328308,0.5659982562065125,0.0,0.0,0.0,0.01107016485184431,-0.0,0.012453935109078884,0.0,0.0,0.0,0.0,0.0,0.0,0.0,0.5976154289019868,-0.05343967756540357,0.5,0.6268616318702698,0.06540516763925552,0.5548370480537415,0.0,0.0,0.0,0.006918853148818016,0.0013837706064805388,-0.004151311703026295,0.0,0.0,0.0,0.0,0.0,0.0,0.0,0.5971491044973691,-0.05842043305205868,0.5,0.5636510848999023,0.1688040941953659,0.530544638633728,0.0,0.0,0.0,-0.02629164233803749,0.004151311703026295,-0.006918853148818016,0.0,0.0,0.0,0.0,0.0,0.0,0.0,0.4882412074972921,-0.34874134154353725,0.5
7.655,GO_TO_START,0.4000592827796936,0.15384957194328308,0.5659982562065125,0.0,0.0,0.0,0.01107016485184431,-0.0,0.012453935109078884,0.0,0.0,0.0,0.0,0.0,0.0,0.0,0.5974917373944425,-0.05480532588508638,0.5,0.6268616318702698,0.06540516763925552,0.5548370480537415,0.0,0.0,0.0,0.006918853148818016,0.0013837706064805388,-0.004151311703026295,0.0,0.0,0.0,0.0,0.0,0.0,0.0,0.597044260659317,-0.05948235716386455,0.5,0.5636510848999023,0.1688040941953659,0.530544638633728,0.0,0.0,0.0,-0.02629164233803749,0.004151311703026295,-0.006918853148818016,0.0,0.0,0.0,0.0,0.0,0.0,0.0,0.4881640698454068,-0.34884930974844824,0.5
7.675,GO_TO_START,0.40520811080932617,0.14946632087230682,0.5645127892494202,0.0,0.0,0.0,0.015221476554870605,0.0027675412129610777,0.012453935109078884,0.0,0.0,0.0,0.0,0.0,0.0,0.0,0.5973656953408721,-0.056162496649599526,0.5,0.6268616318702698,0.06540516763925552,0.5548370480537415,0.0,0.0,0.0,0.006918853148818016,0.0013837706064805388,-0.004151311703026295,0.0,0.0,0.0,0.0,0.0,0.0,0.0,0.5969381744028336,-0.06053772328566866,0.5,0.5636510848999023,0.1688040941953659,0.530544638633728,0.0,0.0,0.0,-0.02629164233803749,0.004151311703026295,-0.006918853148818016,0.0,0.0,0.0,0.0,0.0,0.0,0.0,0.48808737135811087,-0.3489566132354128,0.5
7.695,GO_TO_START,0.40520811080932617,0.14946632087230682,0.5645127892494202,0.0,0.0,0.0,0.015221476554870605,0.0027675412129610777,0.012453935109078884,0.0,0.0,0.0,0.0,0.0,0.0,0.0,0.5972373544901205,-0.057511237177112914,0.5,0.6268616318702698,0.06540516763925552,0.5548370480537415,0.0,0.0,0.0,0.006918853148818016,0.0013837706064805388,-0.004151311703026295,0.0,0.0,0.0,0.0,0.0,0.0,0.0,0.5968257922109113,-0.0616358154956856,0.5,0.5636510848999023,0.1688040941953659,0.530544638633728,0.0,0.0,0.0,-0.02629164233803749,0.004151311703026295,-0.006918853148818016,0.0,0.0,0.0,0.0,0.0,0.0,0.0,0.4880111096871742,-0.34906325618989575,0.5
7.715,GO_TO_START,0.40520811080932617,0.14946632087230682,0.5645127892494202,0.0,0.0,0.0,0.015221476554870605,0.0027675412129610777,0.012453935109078884,0.0,0.0,0.0,0.0,0.0,0.0,0.0,0.5970978311976565,-0.05894217487550776,0.5,0.6088461875915527,0.04973703995347023,0.5500426888465881,0.0,0.0,0.0,-0.013837706297636032,-0.01107016485184431,0.04428065940737724,0.0,0.0,0.0,0.0,0.0,0.0,0.0,0.5967120824710229,-0.06272711242433433,0.5,0.5517249703407288,0.15014292299747467,0.5291000008583069,0.0,0.0,0.0,0.06365344673395157,0.10101525485515594,0.029059182852506638,0.0,0.0,0.0,0.0,0.0,0.0,0.0,0.48788824147433363,-0.3492349693703113,0.5
7.735,GO_TO_START,0.40520811080932617,0.14946632087230682,0.5645127892494202,0.0,0.0,0.0,0.015221476554870605,0.0027675412129610777,0.012453935109078884,0.0,0.0,0.0,0.0,0.0,0.0,0.0,0.5969557474186619,-0.06036419156939561,0.5,0.6088461875915527,0.04973703995347023,0.5500426888465881,0.0,0.0,0.0,-0.013837706297636032,-0.01107016485184431,0.04428065940737724,0.0,0.0,0.0,0.0,0.0,0.0,0.0,0.5965970774753043,-0.06381165369997675,0.5,0.5517249703407288,0.15014292299747467,0.5291000008583069,0.0,0.0,0.0,0.06365344673395157,0.10101525485515594,0.029059182852506638,0.0,0.0,0.0,0.0,0.0,0.0,0.0,0.4877660505938717,-0.3494056094112637,0.5
7.755,GO_TO_START,0.40520811080932617,0.14946632087230682,0.5645127892494202,0.0,0.0,0.0,0.015221476554870605,0.0027675412129610777,0.012453935109078884,0.0,0.0,0.0,0.0,0.0,0.0,0.0,0.5968111599640261,-0.06177733680237167,0.5,0.6088461875915527,0.04973703995347023,0.5500426888465881,0.0,0.0,0.0,-0.013837706297636032,-0.01107016485184431,0.04428065940737724,0.0,0.0,0.0,0.0,0.0,0.0,0.0,0.5964808090308247,-0.06488947879227328,0.5,0.5517249703407288,0.15014292299747467,0.5291000008583069,0.0,0.0,0.0,0.06365344673395157,0.10101525485515594,0.029059182852506638,0.0,0.0,0.0,0.0,0.0,0.0,0.0,0.48764453371297806,-0.34957518324367964,0.5
7.775,GO_TO_START,0.3685479462146759,0.15589158236980438,0.5703720450401306,0.0,0.0,0.0,0.006918853148818016,-0.009686394594609737,0.009686394594609737,0.0,0.0,0.0,0.0,0.0,0.0,0.0,0.5966641248122413,-0.06318166001334685,0.5,0.6088461875915527,0.04973703995347023,0.5500426888465881,0.0,0.0,0.0,-0.013837706297636032,-0.01107016485184431,0.04428065940737724,0.0,0.0,0.0,0.0,0.0,0.0,0.0,0.5963633084658326,-0.06596062701101449,0.5,0.5517249703407288,0.15014292299747467,0.5291000008583069,0.0,0.0,0.0,0.06365344673395157,0.10101525485515594,0.029059182852506638,0.0,0.0,0.0,0.0,0.0,0.0,0.0,0.4875236875098334,-0.3497436977513881,0.5
7.795,GO_TO_START,0.3685479462146759,0.15589158236980438,0.5703720450401306,0.0,0.0,0.0,0.006918853148818016,-0.009686394594609737,0.009686394594609737,0.0,0.0,0.0,0.0,0.0,0.0,0.0,0.5965146971197524,-0.06457721053227693,0.5,0.6088461875915527,0.04973703995347023,0.5500426888465881,0.0,0.0,0.0,-0.013837706297636032,-0.01107016485184431,0.04428065940737724,0.0,0.0,0.0,0.0,0.0,0.0,0.0,0.5962633982500126,-0.0668577587670034,0.5,0.5517249703407288,0.15014292299747467,0.5291000008583069,0.0,0.0,0.0,0.06365344673395157,0.10101525485515594,0.029059182852506638,0.0,0.0,0.0,0.0,0.0,0.0,0.0,0.4874035086736557,-0.34991115977146187,0.5
7.815,GO_TO_START,0.3685479462146759,0.15589158236980438,0.5703720450401306,0.0,0.0,0.0,0.006918853148818016,-0.009686394594609737,0.009686394594609737,0.0,0.0,0.0,0.0,0.0,0.0,0.0,0.5963629312312002,-0.06596403757602123,0.5,0.5984992384910583,0.04068541154265404,0.5487632751464844,0.0,0.0,0.0,0.013837706297636032,0.012453935109078884,0.05950213596224785,0.0,0.0,0.0,0.0,0.0,0.0,0.0,0.5961627500287654,-0.06774935776920524,0.5,0.5615001320838928,0.1219831183552742,0.5144761204719543,0.0,0.0,0.0,0.13837705552577972,0.10516656935214996,0.005535082425922155,0.0,0.0,0.0,0.0,0.0,0.0,0.0,0.48728399390474475,-0.3500775760945574,0.5
7.835,GO_TO_START,0.3685479462146759,0.15589158236980438,0.5703720450401306,0.0,0.0,0.0,0.006918853148818016,-0.009686394594609737,0.009686394594609737,0.0,0.0,0.0,0.0,0.0,0.0,0.0,0.5961879306873495,-0.06752741149145318,0.5,0.5984992384910583,0.04068541154265404,0.5487632751464844,0.0,0.0,0.0,0.013837706297636032,0.012453935109078884,0.05950213596224785,0.0,0.0,0.0,0.0,0.0,0.0,0.0,0.5960613844546301,-0.0686354570322778,0.5,0.5615001320838928,0.1219831183552742,0.5144761204719543,0.0,0.0,0.0,0.13837705552577972,0.10516656935214996,0.005535082425922155,0.0,0.0,0.0,0.0,0.0,0.0,0.0,0.4871364848516293,-0.3502828073519999,0.5
7.855,GO_TO_START,0.3685479462146759,0.15589158236980438,0.5703720450401306,0.0,0.0,0.0,0.006918853148818016,-0.009686394594609737,0.009686394594609737,0.0,0.0,0.0,0.0,0.0,0.0,0.0,0.5960099185563158,-0.06908094514765813,0.5,0.5984992384910583,0.04068541154265404,0.5487632751464844,0.0,0.0,0.0,0.013837706297636032,0.012453935109078884,0.05950213596224785,0.0,0.0,0.0,0.0,0.0,0.0,0.0,0.595959321861023,-0.069516089410651,0.5,0.5615001320838928,0.1219831183552742,0.5144761204719543,0.0,0.0,0.0,0.13837705552577972,0.10516656935214996,0.005535082425922155,0.0,0.0,0.0,0.0,0.0,0.0,0.0,0.4869897751911417,-0.3504867456256816,0.5
7.875,GO_TO_START,0.35392990708351135,0.15398365259170532,0.5703011751174927,0.0,0.0,0.0,0.017989017069339752,0.03459426388144493,0.006918853148818016,0.0,0.0,0.0,0.0,0.0,0.0,0.0,0.5958289626986385,-0.07062469263270764,0.5,0.5984992384910583,0.04068541154265404,0.5487632751464844,0.0,0.0,0.0,0.013837706297636032,0.012453935109078884,0.05950213596224785,0.0,0.0,0.0,0.0,0.0,0.0,0.0,0.5958608898436678,-0.07035481472303379,0.5,0.5615001320838928,0.1219831183552742,0.5144761204719543,0.0,0.0,0.0,0.13837705552577972,0.10516656935214996,0.005535082425922155,0.0,0.0,0.0,0.0,0.0,0.0,0.0,0.48684386117727274,-0.35068939937500865,0.5
7.895,GO_TO_START,0.35392990708351135,0.15398365259170532,0.5703011751174927,0.0,0.0,0.0,0.017989017069339752,0.03459426388144493,0.006918853148818016,0.0,0.0,0.0,0.0,0.0,0.0,0.0,0.5956451299772382,-0.07215870795960139,0.5,0.5984992384910583,0.04068541154265404,0.5487632751464844,0.0,0.0,0.0,0.013837706297636032,0.012453935109078884,0.05950213596224785,0.0,0.0,0.0,0.0,0.0,0.0,0.0,0.5957618786379848,-0.07118836956792249,0.5,0.5615001320838928,0.1219831183552742,0.5144761204719543,0.0,0.0,0.0,0.13837705552577972,0.10516656935214996,0.005535082425922155,0.0,0.0,0.0,0.0,0.0,0.0,0.0,0.4866987390734814,-0.3508907770008827,0.5
7.915,GO_TO_START,0.35392990708351135,0.15398365259170532,0.5703011751174927,0.0,0.0,0.0,0.017989017069339752,0.03459426388144493,0.006918853148818016,0.0,0.0,0.0,0.0,0.0,0.0,0.0,0.5954180657978231,-0.07400896514327988,0.5,0.5904937982559204,0.0301023218780756,0.548125684261322,0.0,0.0,0.0,-0.005535082425922155,0.024907870218157768,0.049815740436315536,0.0,0.0,0.0,0.0,0.0,0.0,0.0,0.5956623059064035,-0.07201678500367986,0.5,0.589358389377594,0.07267583161592484,0.49002566933631897,0.0,0.0,0.0,-0.045664429664611816,-0.029059182852506638,-0.03044295310974121,0.0,0.0,0.0,0.0,0.0,0.0,0.0,0.48651871670464353,-0.3511403398871551,0.5
7.935,GO_TO_START,0.35392990708351135,0.15398365259170532,0.5703011751174927,0.0,0.0,0.0,0.017989017069339752,0.03459426388144493,0.006918853148818016,0.0,0.0,0.0,0.0,0.0,0.0,0.0,0.5951866681682322,-0.0758474128418273,0.5,0.5904937982559204,0.0301023218780756,0.548125684261322,0.0,0.0,0.0,-0.005535082425922155,0.024907870218157768,0.049815740436315536,0.0,0.0,0.0,0.0,0.0,0.0,0.0,0.5955621890344205,-0.07284009193108687,0.5,0.589358389377594,0.07267583161592484,0.49002566933631897,0.0,0.0,0.0,-0.045664429664611816,-0.029059182852506638,-0.03044295310974121,0.0,0.0,0.0,0.0,0.0,0.0,0.0,0.48633964765181437,-0.3513883138664532,0.5
7.955,GO_TO_START,0.34494179487228394,0.1488703042268753,0.5687068104743958,0.0,0.0,0.0,0.027675412595272064,0.05258328467607498,0.0027675412129610777,0.0,0.0,0.0,0.0,0.0,0.0,0.0,0.5949510334210951,-0.07767411300536996,0.5,0.5904937982559204,0.0301023218780756,0.548125684261322,0.0,0.0,0.0,-0.005535082425922155,0.024907870218157768,0.049815740436315536,0.0,0.0,0.0,0.0,0.0,0.0,0.0,0.5954615451342755,-0.07365832109341837,0.5,0.589358389377594,0.07267583161592484,0.49002566933631897,0.0,0.0,0.0,-0.045664429664611816,-0.029059182852506638,-0.03044295310974121,0.0,0.0,0.0,0.0,0.0,0.0,0.0,0.48616152775846994,-0.35163470950341413,0.5
7.975,GO_TO_START,0.34494179487228394,0.1488703042268753,0.5687068104743958,0.0,0.0,0.0,0.027675412595272064,0.05258328467607498,0.0027675412129610777,0.0,0.0,0.0,0.0,0.0,0.0,0.0,0.5947112564830005,-0.079489127636494,0.5,0.5904937982559204,0.0301023218780756,0.548125684261322,0.0,0.0,0.0,-0.005535082425922155,0.024907870218157768,0.049815740436315536,0.0,0.0,0.0,0.0,0.0,0.0,0.0,0.5953590790739975,-0.07448199087136087,0.5,0.589358389377594,0.07267583161592484,0.49002566933631897,0.0,0.0,0.0,-0.045664429664611816,-0.029059182852506638,-0.03044295310974121,0.0,0.0,0.0,0.0,0.0,0.0,0.0,0.4859843528735277,-0.3518795372881158,0.5
7.995,GO_TO_START,0.34494179487228394,0.1488703042268753,0.5687068104743958,0.0,0.0,0.0,0.027675412595272064,0.05258328467607498,0.0027675412129610777,0.0,0.0,0.0,0.0,0.0,0.0,0.0,0.5944674308913298,-0.08129251877917161,0.5,0.5904937982559204,0.0301023218780756,0.548125684261322,0.0,0.0,0.0,-0.005535082425922155,0.024907870218157768,0.049815740436315536,0.0,0.0,0.0,0.0,0.0,0.0,0.0,0.5952560987058764,-0.07530057737799835,0.5,0.589358389377594,0.07267583161592484,0.49002566933631897,0.0,0.0,0.0,-0.045664429664611816,-0.029059182852506638,-0.03044295310974121,0.0,0.0,0.0,0.0,0.0,0.0,0.0,0.48580811885156094,-0.35212280763663634,0.5
8.015,GO_TO_START,0.34494179487228394,0.1488703042268753,0.5687068104743958,0.0,0.0,0.0,0.027675412595272064,0.05258328467607498,0.0027675412129610777,0.0,0.0,0.0,0.0,0.0,0.0,0.0,0.5941800509254159,-0.08336706233441372,0.5,0.587120771408081,0.02024540863931179,0.5479958653450012,0.0,0.0,0.0,0.004151311703026295,0.027675412595272064,0.03459426388144493,0.0,0.0,0.0,0.0,0.0,0.0,0.0,0.5951526208173243,-0.07611411126900278,0.5,0.6149256229400635,0.02670200727880001,0.46316468715667725,0.0,0.0,0.0,-0.08856131881475449,-0.041513118892908096,-0.06780476123094559,0.0,0.0,0.0,0.0,0.0,0.0,0.0,0.4855980085502481,-0.35241250558405723,0.5
8.035,GO_TO_START,0.34494179487228394,0.1488703042268753,0.5687068104743958,0.0,0.0,0.0,0.027675412595272064,0.05258328467607498,0.0027675412129610777,0.0,0.0,0.0,0.0,0.0,0.0,0.0,0.5938872206396612,-0.08542815203958491,0.5,0.587120771408081,0.02024540863931179,0.5479958653450012,0.0,0.0,0.0,0.004151311703026295,0.027675412595272064,0.03459426388144493,0.0,0.0,0.0,0.0,0.0,0.0,0.0,0.5950486619297163,-0.07692262304195142,0.5,0.6149256229400635,0.02670200727880001,0.46316468715667725,0.0,0.0,0.0,-0.08856131881475449,-0.041513118892908096,-0.06780476123094559,0.0,0.0,0.0,0.0,0.0,0.0,0.0,0.48538898770910033,-0.35270034109812654,0.5
8.055,GO_TO_START,0.34494179487228394,0.1488703042268753,0.5687068104743958,0.0,0.0,0.0,0.027675412595272064,0.05258328467607498,0.0027675412129610777,0.0,0.0,0.0,0.0,0.0,0.0,0.0,0.5935890620662376,-0.08747585607082826,0.5,0.587120771408081,0.02024540863931179,0.5479958653450012,0.0,0.0,0.0,0.004151311703026295,0.027675412595272064,0.03459426388144493,0.0,0.0,0.0,0.0,0.0,0.0,0.0,0.5949442383019392,-0.07772614303646694,0.5,0.6149256229400635,0.02670200727880001,0.46316468715667725,0.0,0.0,0.0,-0.08856131881475449,-0.041513118892908096,-0.06780476123094559,0.0,0.0,0.0,0.0,0.0,0.0,0.0,0.4851810519124242,-0.3529863267396536,0.5
8.075,GO_TO_START,0.3457448184490204,0.1386384814977646,0.5656915307044983,0.0,0.0,0.0,0.02214032970368862,0.04843197017908096,0.004151311703026295,0.0,0.0,0.0,0.0,0.0,0.0,0.0,0.593285695457395,-0.08951024279731991,0.5,0.587120771408081,0.02024540863931179,0.5479958653450012,0.0,0.0,0.0,0.004151311703026295,0.027675412595272064,0.03459426388144493,0.0,0.0,0.0,0.0,0.0,0.0,0.0,0.594827072843449,-0.07861776779134699,0.5,0.6149256229400635,0.02670200727880001,0.46316468715667725,0.0,0.0,0.0,-0.08856131881475449,-0.041513118892908096,-0.06780476123094559,0.0,0.0,0.0,0.0,0.0,0.0,0.0,0.4849741967443994,-0.3532704749793345,0.5
8.095,GO_TO_START,0.3457448184490204,0.1386384814977646,0.5656915307044983,0.0,0.0,0.0,0.02214032970368862,0.04843197017908096,0.004151311703026295,0.0,0.0,0.0,0.0,0.0,0.0,0.0,0.5929772393062708,-0.09153138076481594,0.5,0.587120771408081,0.02024540863931179,0.5479958653450012,0.0,0.0,0.0,0.004151311703026295,0.027675412595272064,0.03459426388144493,0.0,0.0,0.0,0.0,0.0,0.0,0.0,0.5947092861293629,-0.07950386777700469,0.5,0.6149256229400635,0.02670200727880001,0.46316468715667725,0.0,0.0,0.0,-0.08856131881475449,-0.041513118892908096,-0.06780476123094559,0.0,0.0,0.0,0.0,0.0,0.0,0.0,0.48476841778941865,-0.3535527981984354,0.5
8.115,GO_TO_START,0.3457448184490204,0.1386384814977646,0.5656915307044983,0.0,0.0,0.0,0.02214032970368862,0.04843197017908096,0.004151311703026295,0.0,0.0,0.0,0.0,0.0,0.0,0.0,0.5926638103675471,-0.09353933867961743,0.5,0.5891445279121399,0.010038862004876137,0.548904299736023,0.0,0.0,0.0,0.0,0.020756559446454048,0.019372789189219475,0.0,0.0,0.0,0.0,0.0,0.0,0.0,0.5945908979896044,-0.08038447628687861,0.5,0.6334485411643982,-0.0020585679449141026,0.4171486496925354,0.0,0.0,0.0,-0.2435436248779297,-0.10655033588409424,-0.08856131881475449,0.0,0.0,0.0,0.0,0.0,0.0,0.0,0.48456371063242204,-0.35383330868947077,0.5
8.135,GO_TO_START,0.3457448184490204,0.1386384814977646,0.5656915307044983,0.0,0.0,0.0,0.02214032970368862,0.04843197017908096,0.004151311703026295,0.0,0.0,0.0,0.0,0.0,0.0,0.0,0.5923187629509139,-0.09569996372151414,0.5,0.5891445279121399,0.010038862004876137,0.548904299736023,0.0,0.0,0.0,0.0,0.020756559446454048,0.019372789189219475,0.0,0.0,0.0,0.0,0.0,0.0,0.0,0.5944719279406759,-0.08125962644816827,0.5,0.6334485411643982,-0.0020585679449141026,0.4171486496925354,0.0,0.0,0.0,-0.2435436248779297,-0.10655033588409424,-0.08856131881475449,0.0,0.0,0.0,0.0,0.0,0.0,0.0,0.48432303349112055,-0.35416267340017477,0.5
8.155,GO_TO_START,0.3457448184490204,0.1386384814977646,0.5656915307044983,0.0,0.0,0.0,0.02214032970368862,0.04843197017908096,0.004151311703026295,0.0,0.0,0.0,0.0,0.0,0.0,0.0,0.5919679797750769,-0.09784636386199605,0.5,0.5891445279121399,0.010038862004876137,0.548904299736023,0.0,0.0,0.0,0.0,0.020756559446454048,0.019372789189219475,0.0,0.0,0.0,0.0,0.0,0.0,0.0,0.5943523951898293,-0.08212935122179474,0.5,0.6334485411643982,-0.0020585679449141026,0.4171486496925354,0.0,0.0,0.0,-0.2435436248779297,-0.10655033588409424,-0.08856131881475449,0.0,0.0,0.0,0.0,0.0,0.0,0.0,0.48408357854953354,-0.35448989968499467,0.5
8.174,GO_TO_START,0.3561367690563202,0.12371958792209625,0.5617676973342896,0.0,0.0,0.0,0.013837706297636032,0.03736180439591408,0.004151311703026295,0.0,0.0,0.0,0.0,0.0,0.0,0.0,0.5916115932134323,-0.09997861159000139,0.5,0.5891445279121399,0.010038862004876137,0.548904299736023,0.0,0.0,0.0,0.0,0.020756559446454048,0.019372789189219475,0.0,0.0,0.0,0.0,0.0,0.0,0.0,0.5942088886192455,-0.0831612691454449,0.5,0.6334485411643982,-0.0020585679449141026,0.4171486496925354,0.0,0.0,0.0,-0.2435436248779297,-0.10655033588409424,-0.08856131881475449,0.0,0.0,0.0,0.0,0.0,0.0,0.0,0.4838453412372133,-0.3548150021673894,0.5
8.195,GO_TO_START,0.3561367690563202,0.12371958792209625,0.5617676973342896,0.0,0.0,0.0,0.013837706297636032,0.03736180439591408,0.004151311703026295,0.0,0.0,0.0,0.0,0.0,0.0,0.0,0.5912497336906063,-0.10209677962985436,0.5,0.5891445279121399,0.010038862004876137,0.548904299736023,0.0,0.0,0.0,0.0,0.020756559446454048,0.019372789189219475,0.0,0.0,0.0,0.0,0.0,0.0,0.0,0.5940644675593091,-0.08418674707740302,0.5,0.6334485411643982,-0.0020585679449141026,0.4171486496925354,0.0,0.0,0.0,-0.2435436248779297,-0.10655033588409424,-0.08856131881475449,0.0,0.0,0.0,0.0,0.0,0.0,0.0,0.4836083169762405,-0.3551379953643485,0.5
8.215,GO_TO_START,0.3561367690563202,0.12371958792209625,0.5617676973342896,0.0,0.0,0.0,0.013837706297636032,0.03736180439591408,0.004151311703026295,0.0,0.0,0.0,0.0,0.0,0.0,0.0,0.5908958775246045,-0.10412522232594514,0.5,0.5952340960502625,-0.00015888188499957323,0.550832211971283,0.0,0.0,0.0,-0.0027675412129610777,0.006918853148818016,0.00830262340605259,0.0,0.0,0.0,0.0,0.0,0.0,0.0,0.5939191591657468,-0.08520582360292185,0.5,0.640529990196228,0.011599650606513023,0.35488319396972656,0.0,0.0,0.0,-0.21586820483207703,-0.05119951069355011,-0.10931787639856339,0.0,0.0,0.0,0.0,0.0,0.0,0.0,0.48333559127587356,-0.3555090803425444,0.5
8.235,GO_TO_START,0.3561367690563202,0.12371958792209625,0.5617676973342896,0.0,0.0,0.0,0.013837706297636032,0.03736180439591408,0.004151311703026295,0.0,0.0,0.0,0.0,0.0,0.0,0.0,0.5905372478917308,-0.10614027912371682,0.5,0.5952340960502625,-0.00015888188499957323,0.550832211971283,0.0,0.0,0.0,-0.0027675412129610777,0.006918853148818016,0.00830262340605259,0.0,0.0,0.0,0.0,0.0,0.0,0.0,0.5937729901695934,-0.08621853713129184,0.5,0.640529990196228,0.011599650606513023,0.35488319396972656,0.0,0.0,0.0,-0.21586820483207703,-0.05119951069355011,-0.10931787639856339,0.0,0.0,0.0,0.0,0.0,0.0,0.0,0.48306421974406066,-0.35587773125479744,0.5
8.255,GO_TO_START,0.3561367690563202,0.12371958792209625,0.5617676973342896,0.0,0.0,0.0,0.013837706297636032,0.03736180439591408,0.004151311703026295,0.0,0.0,0.0,0.0,0.0,0.0,0.0,0.5901739600792063,-0.10814202164018993,0.5,0.5952340960502625,-0.00015888188499957323,0.550832211971283,0.0,0.0,0.0,-0.0027675412129610777,0.006918853148818016,0.00830262340605259,0.0,0.0,0.0,0.0,0.0,0.0,0.0,0.5936259868827928,-0.08722492589524138,0.5,0.640529990196228,0.011599650606513023,0.35488319396972656,0.0,0.0,0.0,-0.21586820483207703,-0.05119951069355011,-0.10931787639856339,0.0,0.0,0.0,0.0,0.0,0.0,0.0,0.4827941977884001,-0.3562439649760472,0.5
8.275,GO_TO_START,0.37386611104011536,0.10611829161643982,0.5570778250694275,0.0,0.0,0.0,0.01107016485184431,0.023524099960923195,-0.004151311703026295,0.0,0.0,0.0,0.0,0.0,0.0,0.0,0.5898061276494933,-0.11013052159646576,0.5,0.5952340960502625,-0.00015888188499957323,0.550832211971283,0.0,0.0,0.0,-0.0027675412129610777,0.006918853148818016,0.00830262340605259,0.0,0.0,0.0,0.0,0.0,0.0,0.0,0.5934781752037348,-0.08822502795037816,0.5,0.640529990196228,0.011599650606513023,0.35488319396972656,0.0,0.0,0.0,-0.21586820483207703,-0.05119951069355011,-0.10931787639856339,0.0,0.0,0.0,0.0,0.0,0.0,0.0,0.48252552079913846,-0.35660779825674066,0.5
8.295,GO_TO_START,0.37386611104011536,0.10611829161643982,0.5570778250694275,0.0,0.0,0.0,0.01107016485184431,0.023524099960923195,-0.004151311703026295,0.0,0.0,0.0,0.0,0.0,0.0,0.0,0.5894338624610451,-0.11210585080295214,0.5,0.5952340960502625,-0.00015888188499957323,0.550832211971283,0.0,0.0,0.0,-0.0027675412129610777,0.006918853148818016,0.00830262340605259,0.0,0.0,0.0,0.0,0.0,0.0,0.0,0.5932986121232621,-0.0894245875171423,0.5,0.640529990196228,0.011599650606513023,0.35488319396972656,0.0,0.0,0.0,-0.21586820483207703,-0.05119951069355011,-0.10931787639856339,0.0,0.0,0.0,0.0,0.0,0.0,0.0,0.48225818414985505,-0.3569692477237843,0.5
8.315,GO_TO_START,0.37386611104011536,0.10611829161643982,0.5570778250694275,0.0,0.0,0.0,0.01107016485184431,0.023524099960923195,-0.004151311703026295,0.0,0.0,0.0,0.0,0.0,0.0,0.0,0.5891145665678154,-0.11377182189635096,0.5,0.6028823256492615,-0.009819496423006058,0.5534206628799438,0.0,0.0,0.0,-0.006918853148818016,-0.009686394594609737,-0.0,0.0,0.0,0.0,0.0,0.0,0.0,0.0,0.5931177236067985,-0.09061658757363025,0.5,0.6377445459365845,0.06522904336452484,0.2945341467857361,0.0,0.0,0.0,0.32241854071617126,-0.11070165038108826,-0.058118365705013275,0.0,0.0,0.0,0.0,0.0,0.0,0.0,0.4819578362441427,-0.3573746550650509,0.5
8.335,GO_TO_START,0.37386611104011536,0.10611829161643982,0.5570778250694275,0.0,0.0,0.0,0.01107016485184431,0.023524099960923195,-0.004151311703026295,0.0,0.0,0.0,0.0,0.0,0.0,0.0,0.5887925200607251,-0.11542689600149736,0.5,0.6028823256492615,-0.009819496423006058,0.5534206628799438,0.0,0.0,0.0,-0.006918853148818016,-0.009686394594609737,-0.0,0.0,0.0,0.0,0.0,0.0,0.0,0.0,0.5929355470780321,-0.0918010730398879,0.5,0.6377445459365845,0.06522904336452484,0.2945341467857361,0.0,0.0,0.0,0.32241854071617126,-0.11070165038108826,-0.058118365705013275,0.0,0.0,0.0,0.0,0.0,0.0,0.0,0.4816589526834713,-0.3577773795251197,0.5
8.355,GO_TO_START,0.3572019040584564,0.1005236953496933,0.5165433287620544,0.0,0.0,0.0,-0.10101525485515594,0.09271262586116791,0.09686394035816193,0.0,0.0,0.0,0.0,0.0,0.0,0.0,0.5884677977924745,-0.11707113632862459,0.5,0.6028823256492615,-0.009819496423006058,0.5534206628799438,0.0,0.0,0.0,-0.006918853148818016,-0.009686394594609737,-0.0,0.0,0.0,0.0,0.0,0.0,0.0,0.0,0.5927521193799498,-0.09297808865844537,0.5,0.6377445459365845,0.06522904336452484,0.2945341467857361,0.0,0.0,0.0,0.32241854071617126,-0.11070165038108826,-0.058118365705013275,0.0,0.0,0.0,0.0,0.0,0.0,0.0,0.48136152892946543,-0.3581774399186629,0.5
8.375,GO_TO_START,0.3572019040584564,0.1005236953496933,0.5165433287620544,0.0,0.0,0.0,-0.10101525485515594,0.09271262586116791,0.09686394035816193,0.0,0.0,0.0,0.0,0.0,0.0,0.0,0.588140473459098,-0.11870460597343292,0.5,0.6028823256492615,-0.009819496423006058,0.5534206628799438,0.0,0.0,0.0,-0.006918853148818016,-0.009686394594609737,-0.0,0.0,0.0,0.0,0.0,0.0,0.0,0.0,0.5925662105422135,-0.0941556483894678,0.5,0.6377445459365845,0.06522904336452484,0.2945341467857361,0.0,0.0,0.0,0.32241854071617126,-0.11070165038108826,-0.058118365705013275,0.0,0.0,0.0,0.0,0.0,0.0,0.0,0.4810655604166859,-0.3585748549201127,0.5
8.395,GO_TO_START,0.3572019040584564,0.1005236953496933,0.5165433287620544,0.0,0.0,0.0,-0.10101525485515594,0.09271262586116791,0.09686394035816193,0.0,0.0,0.0,0.0,0.0,0.0,0.0,0.5878106196146738,-0.12032736791026898,0.5,0.6028823256492615,-0.009819496423006058,0.5534206628799438,0.0,0.0,0.0,-0.006918853148818016,-0.009686394594609737,-0.0,0.0,0.0,0.0,0.0,0.0,0.0,0.0,0.5923790988333798,-0.09532577440206218,0.5,0.6377445459365845,0.06522904336452484,0.2945341467857361,0.0,0.0,0.0,0.32241854071617126,-0.11070165038108826,-0.058118365705013275,0.0,0.0,0.0,0.0,0.0,0.0,0.0,0.48077104255349845,-0.3589696430647335,0.5
8.415,GO_TO_START,0.3572019040584564,0.1005236953496933,0.5165433287620544,0.0,0.0,0.0,-0.10101525485515594,0.09271262586116791,0.09686394035816193,0.0,0.0,0.0,0.0,0.0,0.0,0.0,0.587483866350603,-0.12191270146193442,0.5,0.6541332602500916,0.03504196181893349,0.5486530065536499,0.0,0.0,0.0,-0.024907870218157768,-0.3985259234905243,0.21586820483207703,0.0,0.0,0.0,0.0,0.0,0.0,0.0,0.592190819930374,-0.09648851118237503,0.5,0.6168221235275269,0.06782875210046768,0.20019586384296417,0.0,0.0,0.0,0.6780475974082947,-0.0982477143406868,0.035978034138679504,0.0,0.0,0.0,0.0,0.0,0.0,0.0,0.4806284402034607,-0.359160552493712,0.5
8.435,GO_TO_START,0.3572019040584564,0.1005236953496933,0.5165433287620544,0.0,0.0,0.0,-0.10101525485515594,0.09271262586116791,0.09686394035816193,0.0,0.0,0.0,0.0,0.0,0.0,0.0,0.5871548363464326,-0.12348764373407495,0.5,0.6541332602500916,0.03504196181893349,0.5486530065536499,0.0,0.0,0.0,-0.024907870218157768,-0.3985259234905243,0.21586820483207703,0.0,0.0,0.0,0.0,0.0,0.0,0.0,0.5920014089513732,-0.09764390303336352,0.5,0.6168221235275269,0.06782875210046768,0.20019586384296417,0.0,0.0,0.0,0.6780475974082947,-0.0982477143406868,0.035978034138679504,0.0,0.0,0.0,0.0,0.0,0.0,0.0,0.4804866183401455,-0.359350260325565,0.5
8.455,GO_TO_START,0.3572019040584564,0.1005236953496933,0.5165433287620544,0.0,0.0,0.0,-0.10101525485515594,0.09271262586116791,0.09686394035816193,0.0,0.0,0.0,0.0,0.0,0.0,0.0,0.586823596301868,-0.125052256370456,0.5,0.6541332602500916,0.03504196181893349,0.5486530065536499,0.0,0.0,0.0,-0.024907870218157768,-0.3985259234905243,0.21586820483207703,0.0,0.0,0.0,0.0,0.0,0.0,0.0,0.5918109004631468,-0.0987919940734031,0.5,0.6168221235275269,0.06782875210046768,0.20019586384296417,0.0,0.0,0.0,0.6780475974082947,-0.0982477143406868,0.035978034138679504,0.0,0.0,0.0,0.0,0.0,0.0,0.0,0.4803455732013598,-0.359538774412242,0.5
8.475,GO_TO_START,0.2937539517879486,0.29047060012817383,0.7463715076446533,0.0,0.0,0.0,-0.3348724842071533,0.7216705083847046,0.1757388561964035,0.0,0.0,0.0,0.0,0.0,0.0,0.0,0.5864902118693646,-0.1266066008604129,0.5,0.6541332602500916,0.03504196181893349,0.5486530065536499,0.0,0.0,0.0,-0.024907870218157768,-0.3985259234905243,0.21586820483207703,0.0,0.0,0.0,0.0,0.0,0.0,0.0,0.5916193284883127,-0.09993282823495958,0.5,0.6168221235275269,0.06782875210046768,0.20019586384296417,0.0,0.0,0.0,0.6780475974082947,-0.0982477143406868,0.035978034138679504,0.0,0.0,0.0,0.0,0.0,0.0,0.0,0.4802053010360876,-0.35972610255142795,0.5
8.495,GO_TO_START,0.2937539517879486,0.29047060012817383,0.7463715076446533,0.0,0.0,0.0,-0.3348724842071533,0.7216705083847046,0.1757388561964035,0.0,0.0,0.0,0.0,0.0,0.0,0.0,0.5861547476676596,-0.1281507385334253,0.5,0.6541332602500916,0.03504196181893349,0.5486530065536499,0.0,0.0,0.0,-0.024907870218157768,-0.3985259234905243,0.21586820483207703,0.0,0.0,0.0,0.0,0.0,0.0,0.0,0.5917305125296208,-0.09927235537364991,0.5,0.6168221235275269,0.06782875210046768,0.20019586384296417,0.0,0.0,0.0,0.6780475974082947,-0.0982477143406868,0.035978034138679504,0.0,0.0,0.0,0.0,0.0,0.0,0.0,0.48006579810456546,-0.3599122524869451,0.5
8.515,GO_TO_START,0.2937539517879486,0.29047060012817383,0.7463715076446533,0.0,0.0,0.0,-0.3348724842071533,0.7216705083847046,0.1757388561964035,0.0,0.0,0.0,0.0,0.0,0.0,0.0,0.5856755154625218,-0.13032340767379205,0.5,0.5874620079994202,0.07320872694253922,0.5309088826179504,0.0,0.0,0.0,-0.058118365705013275,0.958314836025238,0.12177181243896484,0.0,0.0,0.0,0.0,0.0,0.0,0.0,0.5918402987503032,-0.09861572275835066,0.5,0.5813260078430176,-0.04204634949564934,0.03525519743561745,0.0,0.0,0.0,0.5756485462188721,-0.013837706297636032,-0.08994509279727936,0.0,0.0,0.0,0.0,0.0,0.0,0.0,0.4800792537700148,-0.3598943040666603,0.5
8.535,GO_TO_START,0.2937539517879486,0.29047060012817383,0.7463715076446533,0.0,0.0,0.0,-0.3348724842071533,0.7216705083847046,0.1757388561964035,0.0,0.0,0.0,0.0,0.0,0.0,0.0,0.5851911776820252,-0.13248126495140505,0.5,0.5874620079994202,0.07320872694253922,0.5309088826179504,0.0,0.0,0.0,-0.058118365705013275,0.958314836025238,0.12177181243896484,0.0,0.0,0.0,0.0,0.0,0.0,0.0,0.5919487041456191,-0.0979629096154374,0.5,0.5813260078430176,-0.04204634949564934,0.03525519743561745,0.0,0.0,0.0,0.5756485462188721,-0.013837706297636032,-0.08994509279727936,0.0,0.0,0.0,0.0,0.0,0.0,0.0,0.48009262803645364,-0.35987646283836255,0.5
8.555,GO_TO_START,0.3247573673725128,0.3412831723690033,0.6287584900856018,0.0,0.0,0.0,-0.062269676476716995,0.768624484539032,-0.15636608004570007,0.0,0.0,0.0,0.0,0.0,0.0,0.0,0.5847018669647578,-0.134624391430107,0.5,0.5874620079994202,0.07320872694253922,0.5309088826179504,0.0,0.0,0.0,-0.058118365705013275,0.958314836025238,0.12177181243896484,0.0,0.0,0.0,0.0,0.0,0.0,0.0,0.5920735013910947,-0.09720580718500993,0.5,0.5813260078430176,-0.04204634949564934,0.03525519743561745,0.0,0.0,0.0,0.5756485462188721,-0.013837706297636032,-0.08994509279727936,0.0,0.0,0.0,0.0,0.0,0.0,0.0,0.48010592140021413,-0.3598587281648889,0.5
8.575,GO_TO_START,0.3247573673725128,0.3412831723690033,0.6287584900856018,0.0,0.0,0.0,-0.062269676476716995,0.768624484539032,-0.15636608004570007,0.0,0.0,0.0,0.0,0.0,0.0,0.0,0.5842077139212303,-0.13675286832432398,0.5,0.5874620079994202,0.07320872694253922,0.5309088826179504,0.0,0.0,0.0,-0.058118365705013275,0.958314836025238,0.12177181243896484,0.0,0.0,0.0,0.0,0.0,0.0,0.0,0.5921965902174224,-0.09645308981498874,0.5,0.5813260078430176,-0.04204634949564934,0.03525519743561745,0.0,0.0,0.0,0.5756485462188721,-0.013837706297636032,-0.08994509279727936,0.0,0.0,0.0,0.0,0.0,0.0,0.0,0.4801191343545556,-0.3598410994128271,0.5
8.595,GO_TO_START,0.3247573673725128,0.3412831723690033,0.6287584900856018,0.0,0.0,0.0,-0.062269676476716995,0.768624484539032,-0.15636608004570007,0.0,0.0,0.0,0.0,0.0,0.0,0.0,0.583708847158421,-0.1388667769806266,0.5,0.5874620079994202,0.07320872694253922,0.5309088826179504,0.0,0.0,0.0,-0.058118365705013275,0.958314836025238,0.12177181243896484,0.0,0.0,0.0,0.0,0.0,0.0,0.0,0.5923179921590749,-0.09570473428541572,0.5,0.5813260078430176,-0.04204634949564934,0.03525519743561745,0.0,0.0,0.0,0.5756485462188721,-0.013837706297636032,-0.08994509279727936,0.0,0.0,0.0,0.0,0.0,0.0,0.0,0.48013226738968445,-0.35982357595249437,0.5
8.615,GO_TO_START,0.3247573673725128,0.3412831723690033,0.6287584900856018,0.0,0.0,0.0,-0.062269676476716995,0.768624484539032,-0.15636608004570007,0.0,0.0,0.0,0.0,0.0,0.0,0.0,0.5829209302022877,-0.14213792292030825,0.5,0.7656179070472717,-0.04150238260626793,0.17214816808700562,0.0,0.0,0.0,-0.09409639984369278,0.39575836062431335,0.2269383668899536,0.0,0.0,0.0,0.0,0.0,0.0,0.0,0.5924377284913447,-0.09496071745735561,0.5,0.5212182998657227,-0.2247651368379593,-0.2891332507133484,0.0,0.0,0.0,0.912541925907135,-0.2380085438489914,0.08164246380329132,0.0,0.0,0.0,0.0,0.0,0.0,0.0,0.4797604841398318,-0.36031913334974897,0.5
8.635,GO_TO_START,0.3247573673725128,0.3412831723690033,0.6287584900856018,0.0,0.0,0.0,-0.062269676476716995,0.768624484539032,-0.15636608004570007,0.0,0.0,0.0,0.0,0.0,0.0,0.0,0.5821195737699291,-0.14538501241158297,0.5,0.7656179070472717,-0.04150238260626793,0.17214816808700562,0.0,0.0,0.0,-0.09409639984369278,0.39575836062431335,0.2269383668899536,0.0,0.0,0.0,0.0,0.0,0.0,0.0,0.5925558202333282,-0.09422101627348115,0.5,0.5212182998657227,-0.2247651368379593,-0.2891332507133484,0.0,0.0,0.0,0.912541925907135,-0.2380085438489914,0.08164246380329132,0.0,0.0,0.0,0.0,0.0,0.0,0.0,0.47939042470491144,-0.360811336713863,0.5
8.655,GO_TO_START,0.3247573673725128,0.3412831723690033,0.6287584900856018,0.0,0.0,0.0,-0.062269676476716995,0.768624484539032,-0.15636608004570007,0.0,0.0,0.0,0.0,0.0,0.0,0.0,0.5813051005222968,-0.14860814280099993,0.5,0.7656179070472717,-0.04150238260626793,0.17214816808700562,0.0,0.0,0.0,-0.09409639984369278,0.39575836062431335,0.2269383668899536,0.0,0.0,0.0,0.0,0.0,0.0,0.0,0.5926722881508789,-0.09348560775863551,0.5,0.5212182998657227,-0.2247651368379593,-0.2891332507133484,0.0,0.0,0.0,0.912541925907135,-0.2380085438489914,0.08164246380329132,0.0,0.0,0.0,0.0,0.0,0.0,0.0,0.4790220851927069,-0.36130021020977976,0.5
8.675,GO_TO_START,0.9463347792625427,0.020748408511281013,0.054584674537181854,0.0,0.0,0.0,-0.5244490504264832,-0.07057230174541473,-0.5645784139633179,0.0,0.0,0.0,0.0,0.0,0.0,0.0,0.5804778283926918,-0.15180741333842906,0.5,0.7656179070472717,-0.04150238260626793,0.17214816808700562,0.0,0.0,0.0,-0.09409639984369278,0.39575836062431335,0.2269383668899536,0.0,0.0,0.0,0.0,0.0,0.0,0.0,0.5923418231130448,-0.09555712736951803,0.5,0.5212182998657227,-0.2247651368379593,-0.2891332507133484,0.0,0.0,0.0,0.912541925907135,-0.2380085438489914,0.08164246380329132,0.0,0.0,0.0,0.0,0.0,0.0,0.0,0.4786554616507834,-0.3617857778186912,0.5
8.695,GO_TO_START,0.9463347792625427,0.020748408511281013,0.054584674537181854,0.0,0.0,0.0,-0.5244490504264832,-0.07057230174541473,-0.5645784139633179,0.0,0.0,0.0,0.0,0.0,0.0,0.0,0.5796380706329536,-0.1549829251011448,0.5,0.7656179070472717,-0.04150238260626793,0.17214816808700562,0.0,0.0,0.0,-0.09409639984369278,0.39575836062431335,0.2269383668899536,0.0,0.0,0.0,0.0,0.0,0.0,0.0,0.5920061654979031,-0.09761506037732771,0.5,0.5212182998657227,-0.2247651368379593,-0.2891332507133484,0.0,0.0,0.0,0.912541925907135,-0.2380085438489914,0.08164246380329132,0.0,0.0,0.0,0.0,0.0,0.0,0.0,0.47829055006795096,-0.3622680633394239,0.5
8.715,GO_TO_START,0.9463347792625427,0.020748408511281013,0.054584674537181854,0.0,0.0,0.0,-0.5244490504264832,-0.07057230174541473,-0.5645784139633179,0.0,0.0,0.0,0.0,0.0,0.0,0.0,0.5783748434866213,-0.1596325168060265,0.5,0.8480656743049622,-0.08408103883266449,-0.14558985829353333,0.0,0.0,0.0,-0.5659621357917786,0.2601488530635834,-0.4441903531551361,0.0,0.0,0.0,0.0,0.0,0.0,0.0,0.5916654363241638,-0.09965947751888338,0.5,0.4225460886955261,-0.4700571298599243,-0.9435204267501831,0.0,0.0,0.0,0.8330299258232117,-0.3736180365085602,0.045664429664611816,0.0,0.0,0.0,0.0,0.0,0.0,0.0,0.47783011259814073,-0.36287516241050194,0.5
8.735,GO_TO_START,0.9463347792625427,0.020748408511281013,0.054584674537181854,0.0,0.0,0.0,-0.5244490504264832,-0.07057230174541473,-0.5645784139633179,0.0,0.0,0.0,0.0,0.0,0.0,0.0,0.57708223427898,-0.1642440101786986,0.5,0.8480656743049622,-0.08408103883266449,-0.14558985829353333,0.0,0.0,0.0,-0.5659621357917786,0.2601488530635834,-0.4441903531551361,0.0,0.0,0.0,0.0,0.0,0.0,0.0,0.591319754821217,-0.10169044969010517,0.5,0.4225460886955261,-0.4700571298599243,-0.9435204267501831,0.0,0.0,0.0,0.8330299258232117,-0.3736180365085602,0.045664429664611816,0.0,0.0,0.0,0.0,0.0,0.0,0.0,0.47737167407662334,-0.36347803893671765,0.5
8.755,GO_TO_START,0.959713876247406,0.07332033663988113,-0.476203590631485,0.0,0.0,0.0,-0.2587651014328003,0.12730689346790314,0.9132309556007385,0.0,0.0,0.0,0.0,0.0,0.0,0.0,0.5757609431192626,-0.16881746467240066,0.5,0.8480656743049622,-0.08408103883266449,-0.14558985829353333,0.0,0.0,0.0,-0.5659621357917786,0.2601488530635834,-0.4441903531551361,0.0,0.0,0.0,0.0,0.0,0.0,0.0,0.5909692384503354,-0.10370804792990045,0.5,0.4225460886955261,-0.4700571298599243,-0.9435204267501831,0.0,0.0,0.0,0.8330299258232117,-0.3736180365085602,0.045664429664611816,0.0,0.0,0.0,0.0,0.0,0.0,0.0,0.4769152323702576,-0.36407672423985465,0.5
8.775,GO_TO_START,0.959713876247406,0.07332033663988113,-0.476203590631485,0.0,0.0,0.0,-0.2587651014328003,0.12730689346790314,0.9132309556007385,0.0,0.0,0.0,0.0,0.0,0.0,0.0,0.5744116604621748,-0.17335294726391914,0.5,0.8480656743049622,-0.08408103883266449,-0.14558985829353333,0.0,0.0,0.0,-0.5659621357917786,0.2601488530635834,-0.4441903531551361,0.0,0.0,0.0,0.0,0.0,0.0,0.0,0.5906484307016656,-0.10551981477267536,0.5,0.4225460886955261,-0.4700571298599243,-0.9435204267501831,0.0,0.0,0.0,0.8330299258232117,-0.3736180365085602,0.045664429664611816,0.0,0.0,0.0,0.0,0.0,0.0,0.0,0.47646078522895285,-0.3646712494000721,0.5
8.795,GO_TO_START,0.959713876247406,0.07332033663988113,-0.476203590631485,0.0,0.0,0.0,-0.2587651014328003,0.12730689346790314,0.9132309556007385,0.0,0.0,0.0,0.0,0.0,0.0,0.0,0.5730350671573756,-0.1778505322115794,0.5,0.8480656743049622,-0.08408103883266449,-0.14558985829353333,0.0,0.0,0.0,-0.5659621357917786,0.2601488530635834,-0.4441903531551361,0.0,0.0,0.0,0.0,0.0,0.0,0.0,0.5903240432636067,-0.10731972765949149,0.5,0.4225460886955261,-0.4700571298599243,-0.9435204267501831,0.0,0.0,0.0,0.8330299258232117,-0.3736180365085602,0.045664429664611816,0.0,0.0,0.0,0.0,0.0,0.0,0.0,0.4760083302881051,-0.3652616452576567,0.5
8.815,GO_TO_START,0.959713876247406,0.07332033663988113,-0.476203590631485,0.0,0.0,0.0,-0.2587651014328003,0.12730689346790314,0.9132309556007385,0.0,0.0,0.0,0.0,0.0,0.0,0.0,0.5723644197901318,-0.17999714152815266,0.5,0.726087212562561,0.0046736556105315685,-0.09754035621881485,0.0,0.0,0.0,-0.39437463879585266,0.10378279536962509,-0.5493568778038025,0.0,0.0,0.0,0.0,0.0,0.0,0.0,0.5899961664573965,-0.10910785290516936,0.5,0.5755882859230042,-0.09559306502342224,-0.1405828893184662,0.0,0.0,0.0,0.6247613430023193,-0.5202977061271667,-0.3611641228199005,0.0,0.0,0.0,0.0,0.0,0.0,0.0,0.4757888212388686,-0.36554753122422795,0.5
8.835,GO_TO_START,0.959713876247406,0.07332033663988113,-0.476203590631485,0.0,0.0,0.0,-0.2587651014328003,0.12730689346790314,0.9132309556007385,0.0,0.0,0.0,0.0,0.0,0.0,0.0,0.5716898272724349,-0.1821283651527503,0.5,0.726087212562561,0.0046736556105315685,-0.09754035621881485,0.0,0.0,0.0,-0.39437463879585266,0.10378279536962509,-0.5493568778038025,0.0,0.0,0.0,0.0,0.0,0.0,0.0,0.58966488923472,-0.11088425678970572,0.5,0.5755882859230042,-0.09559306502342224,-0.1405828893184662,0.0,0.0,0.0,0.6247613430023193,-0.5202977061271667,-0.3611641228199005,0.0,0.0,0.0,0.0,0.0,0.0,0.0,0.47557045908568035,-0.36583157114310844,0.5
8.855,GO_TO_START,0.959713876247406,0.07332033663988113,-0.476203590631485,0.0,0.0,0.0,-0.2587651014328003,0.12730689346790314,0.9132309556007385,0.0,0.0,0.0,0.0,0.0,0.0,0.0,0.571011417896467,-0.18424429606331458,0.5,0.726087212562561,0.0046736556105315685,-0.09754035621881485,0.0,0.0,0.0,-0.39437463879585266,0.10378279536962509,-0.5493568778038025,0.0,0.0,0.0,0.0,0.0,0.0,0.0,0.5893302991946965,-0.11264900554860455,0.5,0.5755882859230042,-0.09559306502342224,-0.1405828893184662,0.0,0.0,0.0,0.6247613430023193,-0.5202977061271667,-0.3611641228199005,0.0,0.0,0.0,0.0,0.0,0.0,0.0,0.47535323906009747,-0.36611377755429225,0.5
8.875,GO_TO_START,1.2131636142730713,0.35350650548934937,-0.5828663110733032,0.0,0.0,0.0,0.618545413017273,0.7693914175033569,0.023524099960923195,0.0,0.0,0.0,0.0,0.0,0.0,0.0,0.5703293178738282,-0.18634502723060195,0.5,0.726087212562561,0.0046736556105315685,-0.09754035621881485,0.0,0.0,0.0,-0.39437463879585266,0.10378279536962509,-0.5493568778038025,0.0,0.0,0.0,0.0,0.0,0.0,0.0,0.5889924826007092,-0.11440216536348062,0.5,0.5755882859230042,-0.09559306502342224,-0.1405828893184662,0.0,0.0,0.0,0.6247613430023193,-0.5202977061271667,-0.3611641228199005,0.0,0.0,0.0,0.0,0.0,0.0,0.0,0.47513715639568654,-0.36639416290686305,0.5
8.895,GO_TO_START,1.2131636142730713,0.35350650548934937,-0.5828663110733032,0.0,0.0,0.0,0.618545413017273,0.7693914175033569,0.023524099960923195,0.0,0.0,0.0,0.0,0.0,0.0,0.0,0.5696436513620948,-0.1884306516012194,0.5,0.726087212562561,0.0046736556105315685,-0.09754035621881485,0.0,0.0,0.0,-0.39437463879585266,0.10378279536962509,-0.5493568778038025,0.0,0.0,0.0,0.0,0.0,0.0,0.0,0.5887955226004726,-0.1154115789929082,0.5,0.5755882859230042,-0.09559306502342224,-0.1405828893184662,0.0,0.0,0.0,0.6247613430023193,-0.5202977061271667,-0.3611641228199005,0.0,0.0,0.0,0.0,0.0,0.0,0.0,0.47492220632835236,-0.3666727395596922,0.5
8.915,GO_TO_START,1.2131636142730713,0.35350650548934937,-0.5828663110733032,0.0,0.0,0.0,0.618545413017273,0.7693914175033569,0.023524099960923195,0.0,0.0,0.0,0.0,0.0,0.0,0.0,0.568954540491144,-0.19050126208115017,0.5,0.7389309406280518,-0.09496264904737473,-0.28354012966156006,0.0,0.0,0.0,0.2643001675605774,0.5881025195121765,0.6317257881164551,0.0,0.0,0.0,0.0,0.0,0.0,0.0,0.5885980299684366,-0.11641460010357568,0.5,0.5255782604217529,-0.1788606196641922,-0.6634123921394348,0.0,0.0,0.0,-0.6240805387496948,0.7811002135276794,0.005535082425922155,0.0,0.0,0.0,0.0,0.0,0.0,0.0,0.4747083840966598,-0.3669495197821331,0.5
8.935,GO_TO_START,1.2131636142730713,0.35350650548934937,-0.5828663110733032,0.0,0.0,0.0,0.618545413017273,0.7693914175033569,0.023524099960923195,0.0,0.0,0.0,0.0,0.0,0.0,0.0,0.5680730014334746,-0.19311412439892514,0.5,0.7389309406280518,-0.09496264904737473,-0.28354012966156006,0.0,0.0,0.0,0.2643001675605774,0.5881025195121765,0.6317257881164551,0.0,0.0,0.0,0.0,0.0,0.0,0.0,0.5884000289795251,-0.11741126818535749,0.5,0.5255782604217529,-0.1788606196641922,-0.6634123921394348,0.0,0.0,0.0,-0.6240805387496948,0.7811002135276794,0.005535082425922155,0.0,0.0,0.0,0.0,0.0,0.0,0.0,0.4741997324099322,-0.36760660192976485,0.5
8.955,GO_TO_START,1.008169412612915,0.521797239780426,-0.1957038938999176,0.0,0.0,0.0,-0.3833044469356537,-0.17158754169940948,-0.02214032970368862,0.0,0.0,0.0,0.0,0.0,0.0,0.0,0.5671848601322398,-0.1957072672048015,0.5,0.7389309406280518,-0.09496264904737473,-0.28354012966156006,0.0,0.0,0.0,0.2643001675605774,0.5881025195121765,0.6317257881164551,0.0,0.0,0.0,0.0,0.0,0.0,0.0,0.5883390087089454,-0.117716654859775,0.5,0.5255782604217529,-0.1788606196641922,-0.6634123921394348,0.0,0.0,0.0,-0.6240805387496948,0.7811002135276794,0.005535082425922155,0.0,0.0,0.0,0.0,0.0,0.0,0.0,0.47369323128101437,-0.36825904284694944,0.5
8.975,GO_TO_START,1.008169412612915,0.521797239780426,-0.1957038938999176,0.0,0.0,0.0,-0.3833044469356537,-0.17158754169940948,-0.02214032970368862,0.0,0.0,0.0,0.0,0.0,0.0,0.0,0.5662903168390125,-0.19828080354479793,0.5,0.7389309406280518,-0.09496264904737473,-0.28354012966156006,0.0,0.0,0.0,0.2643001675605774,0.5881025195121765,0.6317257881164551,0.0,0.0,0.0,0.0,0.0,0.0,0.0,0.5882781974842608,-0.118020177786127,0.5,0.5255782604217529,-0.1788606196641922,-0.6634123921394348,0.0,0.0,0.0,-0.6240805387496948,0.7811002135276794,0.005535082425922155,0.0,0.0,0.0,0.0,0.0,0.0,0.0,0.47318887954157496,-0.36890687751543594,0.5
8.995,GO_TO_START,1.008169412612915,0.521797239780426,-0.1957038938999176,0.0,0.0,0.0,-0.3833044469356537,-0.17158754169940948,-0.02214032970368862,0.0,0.0,0.0,0.0,0.0,0.0,0.0,0.5653895685930586,-0.2008348468920549,0.5,0.7389309406280518,-0.09496264904737473,-0.28354012966156006,0.0,0.0,0.0,0.2643001675605774,0.5881025195121765,0.6317257881164551,0.0,0.0,0.0,0.0,0.0,0.0,0.0,0.5882175959464911,-0.11832184844284019,0.5,0.5255782604217529,-0.1788606196641922,-0.6634123921394348,0.0,0.0,0.0,-0.6240805387496948,0.7811002135276794,0.005535082425922155,0.0,0.0,0.0,0.0,0.0,0.0,0.0,0.47268667587452573,-0.36955014064493474,0.5
9.015,GO_TO_START,1.008169412612915,0.521797239780426,-0.1957038938999176,0.0,0.0,0.0,-0.3833044469356537,-0.17158754169940948,-0.02214032970368862,0.0,0.0,0.0,0.0,0.0,0.0,0.0,0.5641615387216642,-0.20425904686746232,0.5,0.8581139445304871,-0.19784583151340485,-0.6468213796615601,0.0,0.0,0.0,0.11485295742750168,0.6600585579872131,-0.31273216009140015,0.0,0.0,0.0,0.0,0.0,0.0,0.0,0.5881572047098884,-0.1186216782373708,0.5,0.4522152543067932,-0.30326375365257263,-1.369398593902588,0.0,0.0,0.0,-0.10378279536962509,0.9882631301879883,0.05396705120801926,0.0,0.0,0.0,0.0,0.0,0.0,0.0,0.4719671186345512,-0.37046867469166606,0.5
9.035,GO_TO_START,1.008169412612915,0.521797239780426,-0.1957038938999176,0.0,0.0,0.0,-0.3833044469356537,-0.17158754169940948,-0.02214032970368862,0.0,0.0,0.0,0.0,0.0,0.0,0.0,0.5629203252514517,-0.20765526099475481,0.5,0.8581139445304871,-0.19784583151340485,-0.6468213796615601,0.0,0.0,0.0,0.11485295742750168,0.6600585579872131,-0.31273216009140015,0.0,0.0,0.0,0.0,0.0,0.0,0.0,0.588097024362375,-0.11891967850662948,0.5,0.4522152543067932,-0.30326375365257263,-1.369398593902588,0.0,0.0,0.0,-0.10378279536962509,0.9882631301879883,0.05396705120801926,0.0,0.0,0.0,0.0,0.0,0.0,0.0,0.471250109853976,-0.37138030906688574,0.5
9.055,GO_TO_START,1.008169412612915,0.521797239780426,-0.1957038938999176,0.0,0.0,0.0,-0.3833044469356537,-0.17158754169940948,-0.02214032970368862,0.0,0.0,0.0,0.0,0.0,0.0,0.0,0.561666297838677,-0.2110236239670679,0.5,0.8581139445304871,-0.19784583151340485,-0.6468213796615601,0.0,0.0,0.0,0.11485295742750168,0.6600585579872131,-0.31273216009140015,0.0,0.0,0.0,0.0,0.0,0.0,0.0,0.5880370554659755,-0.1192158605174044,0.5,0.4522152543067932,-0.30326375365257263,-1.369398593902588,0.0,0.0,0.0,-0.10378279536962509,0.9882631301879883,0.05396705120801926,0.0,0.0,0.0,0.0,0.0,0.0,0.0,0.47053565806010095,-0.37228509840436497,0.5
9.075,GO_TO_START,0.9019725918769836,0.5812078714370728,-0.11631222814321518,0.0,0.0,0.0,0.6965275406837463,-0.2850567400455475,-0.058118365705013275,0.0,0.0,0.0,0.0,0.0,0.0,0.0,0.5603998203667235,-0.2143642725198021,0.5,0.8581139445304871,-0.19784583151340485,-0.6468213796615601,0.0,0.0,0.0,0.11485295742750168,0.6600585579872131,-0.31273216009140015,0.0,0.0,0.0,0.0,0.0,0.0,0.0,0.5879772985572439,-0.11951023546678205,0.5,0.4522152543067932,-0.30326375365257263,-1.369398593902588,0.0,0.0,0.0,-0.10378279536962509,0.9882631301879883,0.05396705120801926,0.0,0.0,0.0,0.0,0.0,0.0,0.0,0.469823771402983,-0.37318309691715346,0.5
9.095,GO_TO_START,0.9019725918769836,0.5812078714370728,-0.11631222814321518,0.0,0.0,0.0,0.6965275406837463,-0.2850567400455475,-0.058118365705013275,0.0,0.0,0.0,0.0,0.0,0.0,0.0,0.5591212510059739,-0.21767734533826602,0.5,0.8581139445304871,-0.19784583151340485,-0.6468213796615601,0.0,0.0,0.0,0.11485295742750168,0.6600585579872131,-0.31273216009140015,0.0,0.0,0.0,0.0,0.0,0.0,0.0,0.5879858074395734,-0.11946836505800562,0.5,0.4522152543067932,-0.30326375365257263,-1.369398593902588,0.0,0.0,0.0,-0.10378279536962509,0.9882631301879883,0.05396705120801926,0.0,0.0,0.0,0.0,0.0,0.0,0.0,0.46911445766217363,-0.3740743583999372,0.5
9.115,GO_TO_START,0.9019725918769836,0.5812078714370728,-0.11631222814321518,0.0,0.0,0.0,0.6965275406837463,-0.2850567400455475,-0.058118365705013275,0.0,0.0,0.0,0.0,0.0,0.0,0.0,0.5574019600547792,-0.22204291235500032,0.5,0.5256173014640808,-0.020296992734074593,-0.07411517202854156,0.0,0.0,0.0,-0.06918852776288986,-0.04704819992184639,-0.2988944351673126,0.0,0.0,0.0,0.0,0.0,0.0,0.0,0.5879942623137594,-0.11942674527130802,0.5,0.355548232793808,-0.46069881319999695,-2.1657214164733887,0.0,0.0,0.0,0.22970591485500336,0.9707345366477966,0.06918852776288986,0.0,0.0,0.0,0.0,0.0,0.0,0.0,0.46883038616541095,-0.3744303259726589,0.5
9.135,GO_TO_START,0.9019725918769836,0.5812078714370728,-0.11631222814321518,0.0,0.0,0.0,0.6965275406837463,-0.2850567400455475,-0.058118365705013275,0.0,0.0,0.0,0.0,0.0,0.0,0.0,0.5556592054507573,-0.2263688304467581,0.5,0.5256173014640808,-0.020296992734074593,-0.07411517202854156,0.0,0.0,0.0,-0.06918852776288986,-0.04704819992184639,-0.2988944351673126,0.0,0.0,0.0,0.0,0.0,0.0,0.0,0.5880026635391605,-0.11938537461034628,0.5,0.355548232793808,-0.46069881319999695,-2.1657214164733887,0.0,0.0,0.0,0.22970591485500336,0.9707345366477966,0.06918852776288986,0.0,0.0,0.0,0.0,0.0,0.0,0.0,0.46854775141263627,-0.37478394395459685,0.5
9.155,GO_TO_START,0.8716176748275757,0.668022871017456,-0.25937268137931824,0.0,0.0,0.0,-0.3888395428657532,0.7069714069366455,-0.18265771865844727,0.0,0.0,0.0,0.0,0.0,0.0,0.0,0.5538936364570975,-0.23065523946429786,0.5,0.5256173014640808,-0.020296992734074593,-0.07411517202854156,0.0,0.0,0.0,-0.06918852776288986,-0.04704819992184639,-0.2988944351673126,0.0,0.0,0.0,0.0,0.0,0.0,0.0,0.5880110114725577,-0.11934425158766342,0.5,0.355548232793808,-0.46069881319999695,-2.1657214164733887,0.0,0.0,0.0,0.22970591485500336,0.9707345366477966,0.06918852776288986,0.0,0.0,0.0,0.0,0.0,0.0,0.0,0.4682665481454135,-0.3751352288015337,0.5
9.175,GO_TO_START,0.8716176748275757,0.668022871017456,-0.25937268137931824,0.0,0.0,0.0,-0.3888395428657532,0.7069714069366455,-0.18265771865844727,0.0,0.0,0.0,0.0,0.0,0.0,0.0,0.5521058924593686,-0.23490228502857108,0.5,0.5256173014640808,-0.020296992734074593,-0.07411517202854156,0.0,0.0,0.0,-0.06918852776288986,-0.04704819992184639,-0.2988944351673126,0.0,0.0,0.0,0.0,0.0,0.0,0.0,0.5880775865609805,-0.11901576443737369,0.5,0.355548232793808,-0.46069881319999695,-2.1657214164733887,0.0,0.0,0.0,0.22970591485500336,0.9707345366477966,0.06918852776288986,0.0,0.0,0.0,0.0,0.0,0.0,0.0,0.46798677109392867,-0.3754841968459907,0.5
9.195,GO_TO_START,0.8716176748275757,0.668022871017456,-0.25937268137931824,0.0,0.0,0.0,-0.3888395428657532,0.7069714069366455,-0.18265771865844727,0.0,0.0,0.0,0.0,0.0,0.0,0.0,0.5502966030416153,-0.23911011831551346,0.5,0.5256173014640808,-0.020296992734074593,-0.07411517202854156,0.0,0.0,0.0,-0.06918852776288986,-0.04704819992184639,-0.2988944351673126,0.0,0.0,0.0,0.0,0.0,0.0,0.0,0.5881435803407425,-0.11868921140513336,0.5,0.355548232793808,-0.46069881319999695,-2.1657214164733887,0.0,0.0,0.0,0.22970591485500336,0.9707345366477966,0.06918852776288986,0.0,0.0,0.0,0.0,0.0,0.0,0.0,0.46770841497761606,-0.37583086429819207,0.5
9.215,GO_TO_START,0.8716176748275757,0.668022871017456,-0.25937268137931824,0.0,0.0,0.0,-0.3888395428657532,0.7069714069366455,-0.18265771865844727,0.0,0.0,0.0,0.0,0.0,0.0,0.0,0.5480587340150901,-0.2441958723438558,0.5,0.5289731621742249,0.088482566177845,-0.09033121913671494,0.0,0.0,0.0,0.24631115794181824,0.08717754483222961,0.28228920698165894,0.0,0.0,0.0,0.0,0.0,0.0,0.0,0.5882089984552823,-0.11836458142634418,0.5,0.25262153148651123,-0.635192334651947,-3.004338502883911,0.0,0.0,0.0,0.024907870218157768,0.9963734745979309,0.05396705120801926,0.0,0.0,0.0,0.0,0.0,0.0,0.0,0.4678923160334965,-0.37560189109855474,0.5
9.235,GO_TO_START,0.8716176748275757,0.668022871017456,-0.25937268137931824,0.0,0.0,0.0,-0.3888395428657532,0.7069714069366455,-0.18265771865844727,0.0,0.0,0.0,0.0,0.0,0.0,0.0,0.5457877134448739,-0.24923035901072757,0.5,0.5289731621742249,0.088482566177845,-0.09033121913671494,0.0,0.0,0.0,0.24631115794181824,0.08717754483222961,0.28228920698165894,0.0,0.0,0.0,0.0,0.0,0.0,0.0,0.588273846488803,-0.11804186349455939,0.5,0.25262153148651123,-0.635192334651947,-3.004338502883911,0.0,0.0,0.0,0.024907870218157768,0.9963734745979309,0.05396705120801926,0.0,0.0,0.0,0.0,0.0,0.0,0.0,0.4680750025929614,-0.37537420256005766,0.5
9.255,GO_TO_START,0.8716176748275757,0.668022871017456,-0.25937268137931824,0.0,0.0,0.0,-0.3888395428657532,0.7069714069366455,-0.18265771865844727,0.0,0.0,0.0,0.0,0.0,0.0,0.0,0.5434844881992462,-0.2542137114453178,0.5,0.5289731621742249,0.088482566177845,-0.09033121913671494,0.0,0.0,0.0,0.24631115794181824,0.08717754483222961,0.28228920698165894,0.0,0.0,0.0,0.0,0.0,0.0,0.0,0.5883381299669233,-0.11772104666126479,0.5,0.25262153148651123,-0.635192334651947,-3.004338502883911,0.0,0.0,0.0,0.024907870218157768,0.9963734745979309,0.05396705120801926,0.0,0.0,0.0,0.0,0.0,0.0,0.0,0.4682564832292144,-0.3751477920950734,0.5
9.275,GO_TO_START,0.7461262345314026,0.8018596768379211,-0.5086337327957153,0.0,0.0,0.0,0.23108968138694763,0.755868136882782,0.25046247243881226,0.0,0.0,0.0,0.0,0.0,0.0,0.0,0.5411499909074148,-0.2591460733657851,0.5,0.5289731621742249,0.088482566177845,-0.09033121913671494,0.0,0.0,0.0,0.24631115794181824,0.08717754483222961,0.28228920698165894,0.0,0.0,0.0,0.0,0.0,0.0,0.0,0.5885195188480632,-0.1168108553810143,0.5,0.25262153148651123,-0.635192334651947,-3.004338502883911,0.0,0.0,0.0,0.024907870218157768,0.9963734745979309,0.05396705120801926,0.0,0.0,0.0,0.0,0.0,0.0,0.0,0.46843676644942434,-0.37492265314116124,0.5
9.295,GO_TO_START,0.7461262345314026,0.8018596768379211,-0.5086337327957153,0.0,0.0,0.0,0.23108968138694763,0.755868136882782,0.25046247243881226,0.0,0.0,0.0,0.0,0.0,0.0,0.0,0.5387851400342378,-0.2640275987056782,0.5,0.5289731621742249,0.088482566177845,-0.09033121913671494,0.0,0.0,0.0,0.24631115794181824,0.08717754483222961,0.28228920698165894,0.0,0.0,0.0,0.0,0.0,0.0,0.0,0.5886984239296195,-0.11590584826824783,0.5,0.25262153148651123,-0.635192334651947,-3.004338502883911,0.0,0.0,0.0,0.024907870218157768,0.9963734745979309,0.05396705120801926,0.0,0.0,0.0,0.0,0.0,0.0,0.0,0.46861586069528005,-0.37469877916110406,0.5
9.315,GO_TO_START,0.7461262345314026,0.8018596768379211,-0.5086337327957153,0.0,0.0,0.0,0.23108968138694763,0.755868136882782,0.25046247243881226,0.0,0.0,0.0,0.0,0.0,0.0,0.0,0.5363908399593393,-0.2688584512484486,0.5,0.544806718826294,0.10166427493095398,-0.10405329614877701,0.0,0.0,0.0,0.20341427624225616,-0.03459426388144493,0.7395590543746948,0.0,0.0,0.0,0.0,0.0,0.0,0.0,0.5888748763905982,-0.11500599965200783,0.5,0.1468367725610733,-0.8253739476203918,-3.90248703956604,0.0,0.0,0.0,-0.18542525172233582,0.9792570471763611,0.07333984225988388,0.0,0.0,0.0,0.0,0.0,0.0,0.0,0.46879377434354275,-0.374476163642942,0.5
9.335,GO_TO_START,0.7461262345314026,0.8018596768379211,-0.5086337327957153,0.0,0.0,0.0,0.23108968138694763,0.755868136882782,0.25046247243881226,0.0,0.0,0.0,0.0,0.0,0.0,0.0,0.5336351681169424,-0.2742872715763576,0.5,0.544806718826294,0.10166427493095398,-0.10405329614877701,0.0,0.0,0.0,0.20341427624225616,-0.03459426388144493,0.7395590543746948,0.0,0.0,0.0,0.0,0.0,0.0,0.0,0.5890489070388953,-0.11411128391304208,0.5,0.1468367725610733,-0.8253739476203918,-3.90248703956604,0.0,0.0,0.0,-0.18542525172233582,0.9792570471763611,0.07333984225988388,0.0,0.0,0.0,0.0,0.0,0.0,0.0,0.469012608322385,-0.37420204867776047,0.5
9.355,GO_TO_START,0.5098781585693359,0.9713603854179382,-0.8691246509552002,0.0,0.0,0.0,0.5775729417800903,0.529984176158905,0.48847100138664246,0.0,0.0,0.0,0.0,0.0,0.0,0.0,0.530841579837208,-0.2796555329614222,0.5,0.544806718826294,0.10166427493095398,-0.10405329614877701,0.0,0.0,0.0,0.20341427624225616,-0.03459426388144493,0.7395590543746948,0.0,0.0,0.0,0.0,0.0,0.0,0.0,0.5894005193616894,-0.11228102144249866,0.5,0.1468367725610733,-0.8253739476203918,-3.90248703956604,0.0,0.0,0.0,-0.18542525172233582,0.9792570471763611,0.07333984225988388,0.0,0.0,0.0,0.0,0.0,0.0,0.0,0.46922997045557835,-0.3739294516700403,0.5
9.375,GO_TO_START,0.5098781585693359,0.9713603854179382,-0.8691246509552002,0.0,0.0,0.0,0.5775729417800903,0.529984176158905,0.48847100138664246,0.0,0.0,0.0,0.0,0.0,0.0,0.0,0.5280112356869245,-0.2849633923653476,0.5,0.544806718826294,0.10166427493095398,-0.10405329614877701,0.0,0.0,0.0,0.20341427624225616,-0.03459426388144493,0.7395590543746948,0.0,0.0,0.0,0.0,0.0,0.0,0.0,0.5897443862135758,-0.1104606668890453,0.5,0.1468367725610733,-0.8253739476203918,-3.90248703956604,0.0,0.0,0.0,-0.18542525172233582,0.9792570471763611,0.07333984225988388,0.0,0.0,0.0,0.0,0.0,0.0,0.0,0.4694458714018446,-0.3736583651194802,0.5
9.395,GO_TO_START,0.5098781585693359,0.9713603854179382,-0.8691246509552002,0.0,0.0,0.0,0.5775729417800903,0.529984176158905,0.48847100138664246,0.0,0.0,0.0,0.0,0.0,0.0,0.0,0.5251452783984815,-0.29021102076899385,0.5,0.544806718826294,0.10166427493095398,-0.10405329614877701,0.0,0.0,0.0,0.20341427624225616,-0.03459426388144493,0.7395590543746948,0.0,0.0,0.0,0.0,0.0,0.0,0.0,0.5900806182451651,-0.1086501908484456,0.5,0.1468367725610733,-0.8253739476203918,-3.90248703956604,0.0,0.0,0.0,-0.18542525172233582,0.9792570471763611,0.07333984225988388,0.0,0.0,0.0,0.0,0.0,0.0,0.0,0.4696603217354407,-0.3733887815499581,0.5
9.415,GO_TO_START,0.5098781585693359,0.9713603854179382,-0.8691246509552002,0.0,0.0,0.0,0.5775729417800903,0.529984176158905,0.48847100138664246,0.0,0.0,0.0,0.0,0.0,0.0,0.0,0.5222448329471645,-0.2953986026710149,0.5,0.6378414630889893,0.11771495640277863,-0.17445990443229675,0.0,0.0,0.0,0.43727150559425354,-0.4123636484146118,0.6171260476112366,0.0,0.0,0.0,0.0,0.0,0.0,0.0,0.5904093247854802,-0.10684956343548262,0.5,0.04863104969263077,-1.0069911479949951,-4.785388946533203,0.0,0.0,0.0,-0.1909603476524353,0.9783453941345215,0.07195606827735901,0.0,0.0,0.0,0.0,0.0,0.0,0.0,0.46987333194688524,-0.37312069350966337,0.5
9.435,GO_TO_START,0.5098781585693359,0.9713603854179382,-0.8691246509552002,0.0,0.0,0.0,0.5775729417800903,0.529984176158905,0.48847100138664246,0.0,0.0,0.0,0.0,0.0,0.0,0.0,0.5190804006487714,-0.3009244716906735,0.5,0.6378414630889893,0.11771495640277863,-0.17445990443229675,0.0,0.0,0.0,0.43727150559425354,-0.4123636484146118,0.6171260476112366,0.0,0.0,0.0,0.0,0.0,0.0,0.0,0.5907306138545766,-0.10505875429965385,0.5,0.04863104969263077,-1.0069911479949951,-4.785388946533203,0.0,0.0,0.0,-0.1909603476524353,0.9783453941345215,0.07195606827735901,0.0,0.0,0.0,0.0,0.0,0.0,0.0,0.47008047018492854,-0.3728596941890025,0.5
9.455,GO_TO_START,0.5098781585693359,0.9713603854179382,-0.8691246509552002,0.0,0.0,0.0,0.5775729417800903,0.529984176158905,0.48847100138664246,0.0,0.0,0.0,0.0,0.0,0.0,0.0,0.5158770123823946,-0.3063835963223467,0.5,0.6378414630889893,0.11771495640277863,-0.17445990443229675,0.0,0.0,0.0,0.43727150559425354,-0.4123636484146118,0.6171260476112366,0.0,0.0,0.0,0.0,0.0,0.0,0.0,0.5910445921761135,-0.10327773264054378,0.5,0.04863104969263077,-1.0069911479949951,-4.785388946533203,0.0,0.0,0.0,-0.1909603476524353,0.9783453941345215,0.07195606827735901,0.0,0.0,0.0,0.0,0.0,0.0,0.0,0.4702862219192526,-0.37260014690404436,0.5
9.475,GO_TO_START,0.17476508021354675,1.1277812719345093,-1.3120434284210205,0.0,0.0,0.0,0.6148054003715515,0.4870872497558594,0.50230872631073,0.0,0.0,0.0,0.0,0.0,0.0,0.0,0.5126359483909185,-0.3117761767956998,0.5,0.6378414630889893,0.11771495640277863,-0.17445990443229675,0.0,0.0,0.0,0.43727150559425354,-0.4123636484146118,0.6171260476112366,0.0,0.0,0.0,0.0,0.0,0.0,0.0,0.5915509700293851,-0.10033668251090186,0.5,0.04863104969263077,-1.0069911479949951,-4.785388946533203,0.0,0.0,0.0,-0.1909603476524353,0.9783453941345215,0.07195606827735901,0.0,0.0,0.0,0.0,0.0,0.0,0.0,0.470490597125665,-0.37234204438437407,0.5
9.495,GO_TO_START,0.17476508021354675,1.1277812719345093,-1.3120434284210205,0.0,0.0,0.0,0.6148054003715515,0.4870872497558594,0.50230872631073,0.0,0.0,0.0,0.0,0.0,0.0,0.0,0.5093584685946105,-0.31710242898936164,0.5,0.6378414630889893,0.11771495640277863,-0.17445990443229675,0.0,0.0,0.0,0.43727150559425354,-0.4123636484146118,0.6171260476112366,0.0,0.0,0.0,0.0,0.0,0.0,0.0,0.5920398064549554,-0.09741081856128185,0.5,0.04863104969263077,-1.0069911479949951,-4.785388946533203,0.0,0.0,0.0,-0.1909603476524353,0.9783453941345215,0.07195606827735901,0.0,0.0,0.0,0.0,0.0,0.0,0.0,0.4706936057014505,-0.37208537938458075,0.5
9.515,GO_TO_START,0.17476508021354675,1.1277812719345093,-1.3120434284210205,0.0,0.0,0.0,0.6148054003715515,0.4870872497558594,0.50230872631073,0.0,0.0,0.0,0.0,0.0,0.0,0.0,0.5058825412827669,-0.3226187446899042,0.5,0.7339573502540588,0.07271711528301239,-0.3219882547855377,0.0,0.0,0.0,-0.6116266250610352,0.7459896802902222,0.20341427624225616,0.0,0.0,0.0,0.0,0.0,0.0,0.0,0.5925113683744837,-0.09450014998399159,0.5,-0.0437714084982872,-1.2111551761627197,-5.668910503387451,0.0,0.0,0.0,-0.22970591485500336,0.9696677923202515,0.07472360879182816,0.0,0.0,0.0,0.0,0.0,0.0,0.0,0.4707083634289676,-0.3720667098760959,0.5
9.535,GO_TO_START,0.17476508021354675,1.1277812719345093,-1.3120434284210205,0.0,0.0,0.0,0.6148054003715515,0.4870872497558594,0.50230872631073,0.0,0.0,0.0,0.0,0.0,0.0,0.0,0.5023682664453801,-0.3280642084541738,0.5,0.7339573502540588,0.07271711528301239,-0.3219882547855377,0.0,0.0,0.0,-0.6116266250610352,0.7459896802902222,0.20341427624225616,0.0,0.0,0.0,0.0,0.0,0.0,0.0,0.5929659197289946,-0.09160468350443425,0.5,-0.0437714084982872,-1.2111551761627197,-5.668910503387451,0.0,0.0,0.0,-0.22970591485500336,0.9696677923202515,0.07472360879182816,0.0,0.0,0.0,0.0,0.0,0.0,0.0,0.47072303187626674,-0.3720481518045953,0.5
9.555,GO_TO_START,0.17476508021354675,1.1277812719345093,-1.3120434284210205,0.0,0.0,0.0,0.6148054003715515,0.4870872497558594,0.50230872631073,0.0,0.0,0.0,0.0,0.0,0.0,0.0,0.498816988804916,-0.3334390674165166,0.5,0.7339573502540588,0.07271711528301239,-0.3219882547855377,0.0,0.0,0.0,-0.6116266250610352,0.7459896802902222,0.20341427624225616,0.0,0.0,0.0,0.0,0.0,0.0,0.0,0.593403721495431,-0.08872442344345192,0.5,-0.0437714084982872,-1.2111551761627197,-5.668910503387451,0.0,0.0,0.0,-0.22970591485500336,0.9696677923202515,0.07472360879182816,0.0,0.0,0.0,0.0,0.0,0.0,0.0,0.47073761158778643,-0.3720297045084253,0.5
9.575,GO_TO_START,-0.2566339075565338,1.259838581085205,-1.8239614963531494,0.0,0.0,0.0,0.6513606905937195,0.43588772416114807,0.529984176158905,0.0,0.0,0.0,0.0,0.0,0.0,0.0,0.49523003104647073,-0.33874358495728246,0.5,0.7339573502540588,0.07271711528301239,-0.3219882547855377,0.0,0.0,0.0,-0.6116266250610352,0.7459896802902222,0.20341427624225616,0.0,0.0,0.0,0.0,0.0,0.0,0.0,0.593825031703615,-0.08585937177851094,0.5,-0.0437714084982872,-1.2111551761627197,-5.668910503387451,0.0,0.0,0.0,-0.22970591485500336,0.9696677923202515,0.07472360879182816,0.0,0.0,0.0,0.0,0.0,0.0,0.0,0.4707521031045943,-0.3720113673298189,0.5
9.595,GO_TO_START,-0.2566339075565338,1.259838581085205,-1.8239614963531494,0.0,0.0,0.0,0.6513606905937195,0.43588772416114807,0.529984176158905,0.0,0.0,0.0,0.0,0.0,0.0,0.0,0.4916086939248102,-0.34397804008038396,0.5,0.7339573502540588,0.07271711528301239,-0.3219882547855377,0.0,0.0,0.0,-0.6116266250610352,0.7459896802902222,0.20341427624225616,0.0,0.0,0.0,0.0,0.0,0.0,0.0,0.5944054181113629,-0.0817447179936163,0.5,-0.0437714084982872,-1.2111551761627197,-5.668910503387451,0.0,0.0,0.0,-0.22970591485500336,0.9696677923202515,0.07472360879182816,0.0,0.0,0.0,0.0,0.0,0.0,0.0,0.4707665069644082,-0.3719931396148722,0.5
9.615,GO_TO_START,-0.2566339075565338,1.259838581085205,-1.8239614963531494,0.0,0.0,0.0,0.6513606905937195,0.43588772416114807,0.529984176158905,0.0,0.0,0.0,0.0,0.0,0.0,0.0,0.48782322545286166,-0.34932578019488697,0.5,0.8472630381584167,0.01035784836858511,-0.5908632278442383,0.0,0.0,0.0,0.7713549733161926,-0.5424380898475647,0.3196510076522827,0.0,0.0,0.0,0.0,0.0,0.0,0.0,0.5949540679683827,-0.07765086611154486,0.5,-0.14150451123714447,-1.4296516180038452,-6.552761077880859,0.0,0.0,0.0,-0.2380085438489914,0.9681777358055115,0.06918852776288986,0.0,0.0,0.0,0.0,0.0,0.0,0.0,0.470587641261633,-0.3722193867758806,0.5
9.635,GO_TO_START,-0.2566339075565338,1.259838581085205,-1.8239614963531494,0.0,0.0,0.0,0.6513606905937195,0.43588772416114807,0.529984176158905,0.0,0.0,0.0,0.0,0.0,0.0,0.0,0.48400282103330566,-0.3546001540211198,0.5,0.8472630381584167,0.01035784836858511,-0.5908632278442383,0.0,0.0,0.0,0.7713549733161926,-0.5424380898475647,0.3196510076522827,0.0,0.0,0.0,0.0,0.0,0.0,0.0,0.5954714839559776,-0.07357793008277652,0.5,-0.14150451123714447,-1.4296516180038452,-6.552761077880859,0.0,0.0,0.0,-0.2380085438489914,0.9681777358055115,0.06918852776288986,0.0,0.0,0.0,0.0,0.0,0.0,0.0,0.470409740996804,-0.3724441912224163,0.5
9.655,GO_TO_START,-0.2566339075565338,1.259838581085205,-1.8239614963531494,0.0,0.0,0.0,0.6513606905937195,0.43588772416114807,0.529984176158905,0.0,0.0,0.0,0.0,0.0,0.0,0.0,0.4801488260466494,-0.35980147977186583,0.5,0.8472630381584167,0.01035784836858511,-0.5908632278442383,0.0,0.0,0.0,0.7713549733161926,-0.5424380898475647,0.3196510076522827,0.0,0.0,0.0,0.0,0.0,0.0,0.0,0.5959581637612009,-0.06952601704669753,0.5,-0.14150451123714447,-1.4296516180038452,-6.552761077880859,0.0,0.0,0.0,-0.2380085438489914,0.9681777358055115,0.06918852776288986,0.0,0.0,0.0,0.0,0.0,0.0,0.0,0.4702328017067385,-0.3726675625796148,0.5
9.675,GO_TO_START,-0.778793215751648,1.3783385753631592,-2.3989663124084473,0.0,0.0,0.0,0.6217243075370789,0.4746333360671997,0.510611355304718,0.0,0.0,0.0,0.0,0.0,0.0,0.0,0.4762625627518217,-0.3649300910052048,0.5,0.8472630381584167,0.01035784836858511,-0.5908632278442383,0.0,0.0,0.0,0.7713549733161926,-0.5424380898475647,0.3196510076522827,0.0,0.0,0.0,0.0,0.0,0.0,0.0,0.5965366833774095,-0.0643737942417587,0.5,-0.14150451123714447,-1.4296516180038452,-6.552761077880859,0.0,0.0,0.0,-0.2380085438489914,0.9681777358055115,0.06918852776288986,0.0,0.0,0.0,0.0,0.0,0.0,0.0,0.4700568189384312,-0.37288951040419854,0.5
9.695,GO_TO_START,-0.778793215751648,1.3783385753631592,-2.3989663124084473,0.0,0.0,0.0,0.6217243075370789,0.4746333360671997,0.510611355304718,0.0,0.0,0.0,0.0,0.0,0.0,0.0,0.47234533042534255,-0.3699863359982013,0.5,0.8472630381584167,0.01035784836858511,-0.5908632278442383,0.0,0.0,0.0,0.7713549733161926,-0.5424380898475647,0.3196510076522827,0.0,0.0,0.0,0.0,0.0,0.0,0.0,0.5970675904825987,-0.05924772059162933,0.5,-0.14150451123714447,-1.4296516180038452,-6.552761077880859,0.0,0.0,0.0,-0.2380085438489914,0.9681777358055115,0.06918852776288986,0.0,0.0,0.0,0.0,0.0,0.0,0.0,0.46988178824920346,-0.3731100441849974,0.5
9.715,GO_TO_START,-0.778793215751648,1.3783385753631592,-2.3989663124084473,0.0,0.0,0.0,0.6217243075370789,0.4746333360671997,0.510611355304718,0.0,0.0,0.0,0.0,0.0,0.0,0.0,0.46828457817036184,-0.3751127215222196,0.5,0.9715955257415771,-0.07381751388311386,-0.9832675457000732,0.0,0.0,0.0,-0.4538767337799072,0.8769361972808838,-0.10239902138710022,0.0,0.0,0.0,0.0,0.0,0.0,0.0,0.5975516600341823,-0.05414807097573276,0.5,-0.24946370720863342,-1.659117579460144,-7.43651008605957,0.0,0.0,0.0,-0.2380085438489914,0.9681777358055115,0.06918852776288986,0.0,0.0,0.0,0.0,0.0,0.0,0.0,0.4695104001403857,-0.37357728003722984,0.5
9.735,GO_TO_START,-0.778793215751648,1.3783385753631592,-2.3989663124084473,0.0,0.0,0.0,0.6217243075370789,0.4746333360671997,0.510611355304718,0.0,0.0,0.0,0.0,0.0,0.0,0.0,0.4641930549615947,-0.3801641852218879,0.5,0.9715955257415771,-0.07381751388311386,-0.9832675457000732,0.0,0.0,0.0,-0.4538767337799072,0.8769361972808838,-0.10239902138710022,0.0,0.0,0.0,0.0,0.0,0.0,0.0,0.5979896603340756,-0.04907510706597476,0.5,-0.24946370720863342,-1.659117579460144,-7.43651008605957,0.0,0.0,0.0,-0.2380085438489914,0.9681777358055115,0.06918852776288986,0.0,0.0,0.0,0.0,0.0,0.0,0.0,0.4691407799279425,-0.37404134612179146,0.5
9.755,GO_TO_START,-1.396098256111145,1.4920625686645508,-3.0420918464660645,0.0,0.0,0.0,0.5969571471214294,0.5050762295722961,0.4926223158836365,0.0,0.0,0.0,0.0,0.0,0.0,0.0,0.4600720810131551,-0.3851411173482062,0.5,0.9715955257415771,-0.07381751388311386,-0.9832675457000732,0.0,0.0,0.0,-0.4538767337799072,0.8769361972808838,-0.10239902138710022,0.0,0.0,0.0,0.0,0.0,0.0,0.0,0.5984445851309333,-0.043174975708910414,0.5,-0.24946370720863342,-1.659117579460144,-7.43651008605957,0.0,0.0,0.0,-0.2380085438489914,0.9681777358055115,0.06918852776288986,0.0,0.0,0.0,0.0,0.0,0.0,0.0,0.46877292287124656,-0.37450226539067605,0.5
9.775,GO_TO_START,-1.396098256111145,1.4920625686645508,-3.0420918464660645,0.0,0.0,0.0,0.5969571471214294,0.5050762295722961,0.4926223158836365,0.0,0.0,0.0,0.0,0.0,0.0,0.0,0.4559229527229169,-0.3900439221170058,0.5,0.9715955257415771,-0.07381751388311386,-0.9832675457000732,0.0,0.0,0.0,-0.4538767337799072,0.8769361972808838,-0.10239902138710022,0.0,0.0,0.0,0.0,0.0,0.0,0.0,0.5988390904495601,-0.03730608193771593,0.5,-0.24946370720863342,-1.659117579460144,-7.43651008605957,0.0,0.0,0.0,-0.2380085438489914,0.9681777358055115,0.06918852776288986,0.0,0.0,0.0,0.0,0.0,0.0,0.0,0.46840682418195195,-0.37496006061949844,0.5
9.795,GO_TO_START,-1.396098256111145,1.4920625686645508,-3.0420918464660645,0.0,0.0,0.0,0.5969571471214294,0.5050762295722961,0.4926223158836365,0.0,0.0,0.0,0.0,0.0,0.0,0.0,0.45174694284546857,-0.39487301709508205,0.5,0.9715955257415771,-0.07381751388311386,-0.9832675457000732,0.0,0.0,0.0,-0.4538767337799072,0.8769361972808838,-0.10239902138710022,0.0,0.0,0.0,0.0,0.0,0.0,0.0,0.5991741914169076,-0.03146884713323526,0.5,-0.24946370720863342,-1.659117579460144,-7.43651008605957,0.0,0.0,0.0,-0.2380085438489914,0.9681777358055115,0.06918852776288986,0.0,0.0,0.0,0.0,0.0,0.0,0.0,0.4680424790252876,-0.37541475440885796,0.5
9.815,GO_TO_START,-1.396098256111145,1.4920625686645508,-3.0420918464660645,0.0,0.0,0.0,0.5969571471214294,0.5050762295722961,0.4926223158836365,0.0,0.0,0.0,0.0,0.0,0.0,0.0,0.4474527533716512,-0.39973245239801114,0.5,1.1013296842575073,-0.15411239862442017,-1.4379738569259644,0.0,0.0,0.0,-0.2684514820575714,0.9331068396568298,-0.17989018559455872,0.0,0.0,0.0,0.0,0.0,0.0,0.0,0.5994508953017116,-0.025663673197272845,0.5,-0.36193087697029114,-1.9041565656661987,-8.320843696594238,0.0,0.0,0.0,-0.2380085438489914,0.9681273102760315,0.06918852776288986,0.0,0.0,0.0,0.0,0.0,0.0,0.0,0.4675373195212502,-0.376043687428581,0.5
9.835,GO_TO_START,-1.396098256111145,1.4920625686645508,-3.0420918464660645,0.0,0.0,0.0,0.5969571471214294,0.5050762295722961,0.4926223158836365,0.0,0.0,0.0,0.0,0.0,0.0,0.0,0.44313252736560654,-0.4045164560194925,0.5,1.1013296842575073,-0.15411239862442017,-1.4379738569259644,0.0,0.0,0.0,-0.2684514820575714,0.9331068396568298,-0.17989018559455872,0.0,0.0,0.0,0.0,0.0,0.0,0.0,0.5996702013499755,-0.01989094298618953,0.5,-0.36193087697029114,-1.9041565656661987,-8.320843696594238,0.0,0.0,0.0,-0.2380085438489914,0.9681273102760315,0.06918852776288986,0.0,0.0,0.0,0.0,0.0,0.0,0.0,0.4670343534339989,-0.3766681732141522,0.5
9.855,GO_TO_START,-1.396098256111145,1.4920625686645508,-3.0420918464660645,0.0,0.0,0.0,0.5969571471214294,0.5050762295722961,0.4926223158836365,0.0,0.0,0.0,0.0,0.0,0.0,0.0,0.43878753494980605,-0.4092254869539197,0.5,1.1013296842575073,-0.15411239862442017,-1.4379738569259644,0.0,0.0,0.0,-0.2684514820575714,0.9331068396568298,-0.17989018559455872,0.0,0.0,0.0,0.0,0.0,0.0,0.0,0.5998331006305383,-0.014151020738962232,0.5,-0.36193087697029114,-1.9041565656661987,-8.320843696594238,0.0,0.0,0.0,-0.2380085438489914,0.9681273102760315,0.06918852776288986,0.0,0.0,0.0,0.0,0.0,0.0,0.0,0.4665335785135959,-0.3772882454030319,0.5
9.875,GO_TO_START,-2.10933256149292,1.6035281419754028,-3.75622820854187,0.0,0.0,0.0,0.5929760336875916,0.510611355304718,0.48847100138664246,0.0,0.0,0.0,0.0,0.0,0.0,0.0,0.4344190221866881,-0.4138600163852046,0.5,1.1013296842575073,-0.15411239862442017,-1.4379738569259644,0.0,0.0,0.0,-0.2684514820575714,0.9331068396568298,-0.17989018559455872,0.0,0.0,0.0,0.0,0.0,0.0,0.0,0.5999405758904144,-0.00844425249965305,0.5,-0.36193087697029114,-1.9041565656661987,-8.320843696594238,0.0,0.0,0.0,-0.2380085438489914,0.9681273102760315,0.06918852776288986,0.0,0.0,0.0,0.0,0.0,0.0,0.0,0.4660349923785866,-0.3779039373685999,0.5
9.895,GO_TO_START,-2.10933256149292,1.6035281419754028,-3.75622820854187,0.0,0.0,0.0,0.5929760336875916,0.510611355304718,0.48847100138664246,0.0,0.0,0.0,0.0,0.0,0.0,0.0,0.43002821128429797,-0.41842052710117744,0.5,1.1013296842575073,-0.15411239862442017,-1.4379738569259644,0.0,0.0,0.0,-0.2684514820575714,0.9331068396568298,-0.17989018559455872,0.0,0.0,0.0,0.0,0.0,0.0,0.0,0.5999960976805585,-0.002163970448437631,0.5,-0.36193087697029114,-1.9041565656661987,-8.320843696594238,0.0,0.0,0.0,-0.2380085438489914,0.9681273102760315,0.06918852776288986,0.0,0.0,0.0,0.0,0.0,0.0,0.0,0.4655385925187468,-0.3785152822220844,0.5
9.915,GO_TO_START,-2.10933256149292,1.6035281419754028,-3.75622820854187,0.0,0.0,0.0,0.5929760336875916,0.510611355304718,0.48847100138664246,0.0,0.0,0.0,0.0,0.0,0.0,0.0,0.42554043252935514,-0.4229838534539225,0.5,1.2516381740570068,-0.216233029961586,-1.946819543838501,0.0,0.0,0.0,0.1300744265317917,0.9797652959823608,-0.14114460349082947,0.0,0.0,0.0,0.0,0.0,0.0,0.0,0.5999861355482434,0.004078866249938081,0.5,-0.47894152998924255,-2.1648309230804443,-9.205504417419434,0.0,0.0,0.0,-0.2380085438489914,0.9681273102760315,0.06918852776288986,0.0,0.0,0.0,0.0,0.0,0.0,0.0,0.4649714825879596,-0.37921170918097286,0.5
9.935,GO_TO_START,-2.10933256149292,1.6035281419754028,-3.75622820854187,0.0,0.0,0.0,0.5929760336875916,0.510611355304718,0.48847100138664246,0.0,0.0,0.0,0.0,0.0,0.0,0.0,0.42103159245432137,-0.42747210219542775,0.5,1.2516381740570068,-0.216233029961586,-1.946819543838501,0.0,0.0,0.0,0.1300744265317917,0.9797652959823608,-0.14114460349082947,0.0,0.0,0.0,0.0,0.0,0.0,0.0,0.5999118629089191,0.010283809661319487,0.5,-0.47894152998924255,-2.1648309230804443,-9.205504417419434,0.0,0.0,0.0,-0.2380085438489914,0.9681273102760315,0.06918852776288986,0.0,0.0,0.0,0.0,0.0,0.0,0.0,0.46440674284624084,-0.37990311554256245,0.5
9.955,GO_TO_START,-2.10933256149292,1.6035281419754028,-3.75622820854187,0.0,0.0,0.0,0.5929760336875916,0.510611355304718,0.48847100138664246,0.0,0.0,0.0,0.0,0.0,0.0,0.0,0.41650289391148815,-0.43188579435234453,0.5,1.2516381740570068,-0.216233029961586,-1.946819543838501,0.0,0.0,0.0,0.1300744265317917,0.9797652959823608,-0.14114460349082947,0.0,0.0,0.0,0.0,0.0,0.0,0.0,0.5997744436043807,0.016450434616006482,0.5,-0.47894152998924255,-2.1648309230804443,-9.205504417419434,0.0,0.0,0.0,-0.2380085438489914,0.9681273102760315,0.06918852776288986,0.0,0.0,0.0,0.0,0.0,0.0,0.0,0.46384437266394174,-0.38058953998762807,0.5
9.975,GO_TO_START,0.0,0.0,0.0,0.0,0.0,0.0,0.0,0.0,0.0,0.0,0.0,0.0,0.0,0.0,0.0,0.0,0.41195551583334306,-0.43622546117172506,0.5,1.2516381740570068,-0.216233029961586,-1.946819543838501,0.0,0.0,0.0,0.1300744265317917,0.9797652959823608,-0.14114460349082947,0.0,0.0,0.0,0.0,0.0,0.0,0.0,0.5995750317056449,0.0225783381845273,0.5,-0.47894152998924255,-2.1648309230804443,-9.205504417419434,0.0,0.0,0.0,-0.2380085438489914,0.9681273102760315,0.06918852776288986,0.0,0.0,0.0,0.0,0.0,0.0,0.0,0.463284371232623,-0.3812710208914299,0.5
9.995,GO_TO_START,0.0,0.0,0.0,0.0,0.0,0.0,0.0,0.0,0.0,0.0,0.0,0.0,0.0,0.0,0.0,0.0,0.4073906134672682,-0.44049164357427123,0.5,1.2516381740570068,-0.216233029961586,-1.946819543838501,0.0,0.0,0.0,0.1300744265317917,0.9797652959823608,-0.14114460349082947,0.0,0.0,0.0,0.0,0.0,0.0,0.0,0.5996763472656393,0.01970478444795524,0.5,-0.47894152998924255,-2.1648309230804443,-9.205504417419434,0.0,0.0,0.0,-0.2380085438489914,0.9681273102760315,0.06918852776288986,0.0,0.0,0.0,0.0,0.0,0.0,0.0,0.4627267375686138,-0.3819475963258666,0.5
10.015,TRACK,0.0,0.0,0.0,0.0,0.0,0.0,0.0,0.0,0.0,0.0,0.0,0.0,0.0,0.0,0.0,0.0,0.40274682831049663,-0.4447414892786992,0.5,1.4300063848495483,-0.25165608525276184,-2.500267267227173,0.0,0.0,0.0,0.28090542554855347,0.9415509104728699,-0.18542525172233582,0.0,0.0,0.0,0.0,0.0,0.0,0.0,0.5997634067749097,0.0168480234376077,0.5,-0.6003621816635132,-2.4411330223083496,-10.090641975402832,0.0,0.0,0.0,-0.2380085438489914,0.9681273102760315,0.06918852776288986,0.0,0.0,0.0,0.0,0.0,0.0,0.0,0.4621642908503908,-0.3826279763200221,0.5
10.035,TRACK,0.0,0.0,0.0,0.0,0.0,0.0,0.0,0.0,0.0,0.0,0.0,0.0,0.0,0.0,0.0,0.0,0.3980869718677016,-0.4489173229328578,0.5,1.4300063848495483,-0.25165608525276184,-2.500267267227173,0.0,0.0,0.0,0.28090542554855347,0.9415509104728699,-0.18542525172233582,0.0,0.0,0.0,0.0,0.0,0.0,0.0,0.5998364570976703,0.014008024004641505,0.5,-0.6003621816635132,-2.4411330223083496,-10.090641975402832,0.0,0.0,0.0,-0.2380085438489914,0.9681273102760315,0.06918852776288986,0.0,0.0,0.0,0.0,0.0,0.0,0.0,0.4616042273856165,-0.3833034532321983,0.5
10.055,TRACK,0.0004956517950631678,0.000863115768879652,-0.09688546508550644,0.0,0.0,0.0,0.0,-0.0,0.0,0.0,0.0,0.0,0.0,0.0,0.0,0.0,0.3934121684162694,-0.45301971893286147,0.5,1.4300063848495483,-0.25165608525276184,-2.500267267227173,0.0,0.0,0.0,0.28090542554855347,0.9415509104728699,-0.18542525172233582,0.0,0.0,0.0,0.0,0.0,0.0,0.0,0.5998957420215254,0.011184753213343472,0.5,-0.6003621816635132,-2.4411330223083496,-10.090641975402832,0.0,0.0,0.0,-0.2380085438489914,0.9681273102760315,0.06918852776288986,0.0,0.0,0.0,0.0,0.0,0.0,0.0,0.46104654592327105,-0.38397406486925795,0.5
10.075,TRACK,0.0004956517950631678,0.000863115768879652,-0.09688546508550644,0.0,0.0,0.0,0.0,-0.0,0.0,0.0,0.0,0.0,0.0,0.0,0.0,0.0,0.38872351877421907,-0.45704925987445744,0.5,1.4300063848495483,-0.25165608525276184,-2.500267267227173,0.0,0.0,0.0,0.28090542554855347,0.9415509104728699,-0.18542525172233582,0.0,0.0,0.0,0.0,0.0,0.0,0.0,0.5998768493837753,0.012155886368148237,0.5,-0.6003621816635132,-2.4411330223083496,-10.090641975402832,0.0,0.0,0.0,-0.2380085438489914,0.9681273102760315,0.06918852776288986,0.0,0.0,0.0,0.0,0.0,0.0,0.0,0.46049124504453764,-0.3846398487381821,0.5
10.095,TRACK,0.0004956517950631678,0.000863115768879652,-0.09688546508550644,0.0,0.0,0.0,0.0,-0.0,0.0,0.0,0.0,0.0,0.0,0.0,0.0,0.0,0.3840221005588833,-0.4610065360516518,0.5,1.4300063848495483,-0.25165608525276184,-2.500267267227173,0.0,0.0,0.0,0.28090542554855347,0.9415509104728699,-0.18542525172233582,0.0,0.0,0.0,0.0,0.0,0.0,0.0,0.5998565121175751,0.013121161158124213,0.5,-0.6003621816635132,-2.4411330223083496,-10.090641975402832,0.0,0.0,0.0,-0.2380085438489914,0.9681273102760315,0.06918852776288986,0.0,0.0,0.0,0.0,0.0,0.0,0.0,0.4599383231661994,-0.38530084204821646,0.5
10.115,TRACK,0.0004956517950631678,0.000863115768879652,-0.09688546508550644,0.0,0.0,0.0,0.0,-0.0,0.0,0.0,0.0,0.0,0.0,0.0,0.0,0.0,0.37925670055386174,-0.4649347858409805,0.5,1.6277769804000854,-0.2547557055950165,-3.0710980892181396,0.0,0.0,0.0,0.24907870590686798,0.9503693580627441,-0.18542525172233582,0.0,0.0,0.0,0.0,0.0,0.0,0.0,0.5998347575825955,0.014080610634092246,0.5,-0.727504312992096,-2.7359964847564697,-10.985074043273926,0.0,0.0,0.0,-0.2380085438489914,0.9681273102760315,0.06918852776288986,0.0,0.0,0.0,0.0,0.0,0.0,0.0,0.45943166553229703,-0.38590483892563404,0.5
10.135,TRACK,0.0004956517950631678,0.000863115768879652,-0.09688546508550644,0.0,0.0,0.0,0.0,-0.0,0.0,0.0,0.0,0.0,0.0,0.0,0.0,0.0,0.3744800725077481,-0.46879065188481706,0.5,1.6277769804000854,-0.2547557055950165,-3.0710980892181396,0.0,0.0,0.0,0.24907870590686798,0.9503693580627441,-0.18542525172233582,0.0,0.0,0.0,0.0,0.0,0.0,0.0,0.5998116127536886,0.015034267718089862,0.5,-0.727504312992096,-2.7359964847564697,-10.985074043273926,0.0,0.0,0.0,-0.2380085438489914,0.9681273102760315,0.06918852776288986,0.0,0.0,0.0,0.0,0.0,0.0,0.0,0.4589272617909409,-0.38650455157096036,0.5
10.155,TRACK,0.0020516414660960436,0.00350109557621181,-0.39152002334594727,0.0,0.0,0.0,0.0,-0.0,-0.0,0.0,0.0,0.0,0.0,0.0,0.0,0.0,0.36969325570836326,-0.4725747524823461,0.5,1.6277769804000854,-0.2547557055950165,-3.0710980892181396,0.0,0.0,0.0,0.24907870590686798,0.9503693580627441,-0.18542525172233582,0.0,0.0,0.0,0.0,0.0,0.0,0.0,0.5997871042256905,0.015982165202521752,0.5,-0.727504312992096,-2.7359964847564697,-10.985074043273926,0.0,0.0,0.0,-0.2380085438489914,0.9681273102760315,0.06918852776288986,0.0,0.0,0.0,0.0,0.0,0.0,0.0,0.45842510867579367,-0.38710001257502785,0.5
10.175,TRACK,0.0020516414660960436,0.00350109557621181,-0.39152002334594727,0.0,0.0,0.0,0.0,-0.0,-0.0,0.0,0.0,0.0,0.0,0.0,0.0,0.0,0.3648972666961693,-0.47628771216320986,0.5,1.6277769804000854,-0.2547557055950165,-3.0710980892181396,0.0,0.0,0.0,0.24907870590686798,0.9503693580627441,-0.18542525172233582,0.0,0.0,0.0,0.0,0.0,0.0,0.0,0.5997621494280374,0.016892723683895616,0.5,-0.727504312992096,-2.7359964847564697,-10.985074043273926,0.0,0.0,0.0,-0.2380085438489914,0.9681273102760315,0.06918852776288986,0.0,0.0,0.0,0.0,0.0,0.0,0.0,0.45792520280344046,-0.3876912542699769,0.5
10.195,TRACK,0.0020516414660960436,0.00350109557621181,-0.39152002334594727,0.0,0.0,0.0,0.0,-0.0,-0.0,0.0,0.0,0.0,0.0,0.0,0.0,0.0,0.360093099541276,-0.4799301612346911,0.5,1.6277769804000854,-0.2547557055950165,-3.0710980892181396,0.0,0.0,0.0,0.24907870590686798,0.9503693580627441,-0.18542525172233582,0.0,0.0,0.0,0.0,0.0,0.0,0.0,0.5997359744243835,0.017797780233365243,0.5,-0.727504312992096,-2.7359964847564697,-10.985074043273926,0.0,0.0,0.0,-0.2380085438489914,0.9681273102760315,0.06918852776288986,0.0,0.0,0.0,0.0,0.0,0.0,0.0,0.4574275406759441,-0.3882783087311954,0.5
10.215,TRACK,0.0020516414660960436,0.00350109557621181,-0.39152002334594727,0.0,0.0,0.0,0.0,-0.0,-0.0,0.0,0.0,0.0,0.0,0.0,0.0,0.0,0.35523839129142004,-0.4835345751367568,0.5,1.8438127040863037,-0.2331947237253189,-3.6433420181274414,0.0,0.0,0.0,0.24907870590686798,0.9503693580627441,-0.18542525172233582,0.0,0.0,0.0,0.0,0.0,0.0,0.0,0.5997086029849277,0.018697366281546435,0.5,-0.8581176996231079,-3.043408155441284,-11.87116813659668,0.0,0.0,0.0,-0.2380085438489914,0.9681273102760315,0.06918852776288986,0.0,0.0,0.0,0.0,0.0,0.0,0.0,0.45700079928240106,-0.3887804900650836,0.5
10.235,TRACK,0.0020516414660960436,0.00350109557621181,-0.39152002334594727,0.0,0.0,0.0,0.0,-0.0,-0.0,0.0,0.0,0.0,0.0,0.0,0.0,0.0,0.35037705792280566,-0.48706869872879216,0.5,1.8438127040863037,-0.2331947237253189,-3.6433420181274414,0.0,0.0,0.0,0.24907870590686798,0.9503693580627441,-0.18542525172233582,0.0,0.0,0.0,0.0,0.0,0.0,0.0,0.5996800585424139,0.019591513126021545,0.5,-0.8581176996231079,-3.043408155441284,-11.87116813659668,0.0,0.0,0.0,-0.2380085438489914,0.9681273102760315,0.06918852776288986,0.0,0.0,0.0,0.0,0.0,0.0,0.0,0.4565760719746333,-0.38927919351053747,0.5
10.255,TRACK,0.004705141764134169,0.007951319217681885,-0.8839007616043091,0.0,0.0,0.0,0.0,-0.0,0.0,0.0,0.0,0.0,0.0,0.0,0.0,0.0,0.3455100503421456,-0.49053318451718225,0.5,1.8438127040863037,-0.2331947237253189,-3.6433420181274414,0.0,0.0,0.0,0.24907870590686798,0.9503693580627441,-0.18542525172233582,0.0,0.0,0.0,0.0,0.0,0.0,0.0,0.5996503641963792,0.02048025193081986,0.5,-0.8581176996231079,-3.043408155441284,-11.87116813659668,0.0,0.0,0.0,-0.2380085438489914,0.9681273102760315,0.06918852776288986,0.0,0.0,0.0,0.0,0.0,0.0,0.0,0.4561533537065146,-0.3897744449066657,0.5
10.275,TRACK,0.004705141764134169,0.007951319217681885,-0.8839007616043091,0.0,0.0,0.0,0.0,-0.0,0.0,0.0,0.0,0.0,0.0,0.0,0.0,0.0,0.34063829762402364,-0.49392868937915224,0.5,1.8438127040863037,-0.2331947237253189,-3.6433420181274414,0.0,0.0,0.0,0.24907870590686798,0.9503693580627441,-0.18542525172233582,0.0,0.0,0.0,0.0,0.0,0.0,0.0,0.599620089189208,0.021348270204546122,0.5,-0.8581176996231079,-3.043408155441284,-11.87116813659668,0.0,0.0,0.0,-0.2380085438489914,0.9681273102760315,0.06918852776288986,0.0,0.0,0.0,0.0,0.0,0.0,0.0,0.45573263936964103,-0.39026626988913693,0.5
10.295,TRACK,0.004705141764134169,0.007951319217681885,-0.8839007616043091,0.0,0.0,0.0,0.0,-0.0,0.0,0.0,0.0,0.0,0.0,0.0,0.0,0.0,0.33576270730047686,-0.49725587415962647,0.5,2.0756399631500244,-0.17866304516792297,-4.2208452224731445,0.0,0.0,0.0,0.24907870590686798,0.9503693580627441,-0.18542525172233582,0.0,0.0,0.0,0.0,0.0,0.0,0.0,0.5995887506266819,0.022211036039199827,0.5,-0.8581176996231079,-3.043408155441284,-11.87116813659668,0.0,0.0,0.0,-0.2380085438489914,0.9681273102760315,0.06918852776288986,0.0,0.0,0.0,0.0,0.0,0.0,0.0,0.45540755530108756,-0.3906455664341871,0.5
10.315,TRACK,0.004705141764134169,0.007951319217681885,-0.8839007616043091,0.0,0.0,0.0,0.0,-0.0,0.0,0.0,0.0,0.0,0.0,0.0,0.0,0.0,0.3308476719973867,-0.5005395268446935,0.5,2.0756399631500244,-0.17866304516792297,-4.2208452224731445,0.0,0.0,0.0,0.24907870590686798,0.9503693580627441,-0.18542525172233582,0.0,0.0,0.0,0.0,0.0,0.0,0.0,0.5995563698520645,0.02306857970951787,0.5,-0.9934648871421814,-3.366273880004883,-12.757766723632812,0.0,0.0,0.0,-0.2380085438489914,0.9681273102760315,0.06918852776288986,0.0,0.0,0.0,0.0,0.0,0.0,0.0,0.45508410889161816,-0.391022318844234,0.5
10.335,TRACK,0.004705141764134169,0.007951319217681885,-0.8839007616043091,0.0,0.0,0.0,0.0,-0.0,0.0,0.0,0.0,0.0,0.0,0.0,0.0,0.0,0.32593030381710886,-0.5037553345163573,0.5,2.0756399631500244,-0.17866304516792297,-4.2208452224731445,0.0,0.0,0.0,0.24907870590686798,0.9503693580627441,-0.18542525172233582,0.0,0.0,0.0,0.0,0.0,0.0,0.0,0.5995229679028988,0.023920931355188985,0.5,-0.9934648871421814,-3.366273880004883,-12.757766723632812,0.0,0.0,0.0,-0.2380085438489914,0.9681273102760315,0.06918852776288986,0.0,0.0,0.0,0.0,0.0,0.0,0.0,0.45476229427769693,-0.3913965453389763,0.5
10.355,TRACK,0.008480004034936428,0.014161435887217522,-1.5740605592727661,0.0,0.0,0.0,0.0,-0.0,0.0,0.0,0.0,0.0,0.0,0.0,0.0,0.0,0.3210114647968586,-0.5069039746036473,0.5,2.0756399631500244,-0.17866304516792297,-4.2208452224731445,0.0,0.0,0.0,0.24907870590686798,0.9503693580627441,-0.18542525172233582,0.0,0.0,0.0,0.0,0.0,0.0,0.0,0.5994893405586115,0.02474935467039773,0.5,-0.9934648871421814,-3.366273880004883,-12.757766723632812,0.0,0.0,0.0,-0.2380085438489914,0.9681273102760315,0.06918852776288986,0.0,0.0,0.0,0.0,0.0,0.0,0.0,0.454442105579842,-0.39176826399819537,0.5
10.375,TRACK,0.008480004034936428,0.014161435887217522,-1.5740605592727661,0.0,0.0,0.0,0.0,-0.0,0.0,0.0,0.0,0.0,0.0,0.0,0.0,0.0,0.3160919962031886,-0.5099861271998322,0.5,2.0756399631500244,-0.17866304516792297,-4.2208452224731445,0.0,0.0,0.0,0.24907870590686798,0.9503693580627441,-0.18542525172233582,0.0,0.0,0.0,0.0,0.0,0.0,0.0,0.5994547805419043,0.02557276061471041,0.5,-0.9934648871421814,-3.366273880004883,-12.757766723632812,0.0,0.0,0.0,-0.2380085438489914,0.9681273102760315,0.06918852776288986,0.0,0.0,0.0,0.0,0.0,0.0,0.0,0.45412353690339424,-0.3921374927628721,0.5
10.395,TRACK,0.008480004034936428,0.014161435887217522,-1.5740605592727661,0.0,0.0,0.0,0.0,-0.0,0.0,0.0,0.0,0.0,0.0,0.0,0.0,0.0,0.3111727188287584,-0.5130024747081815,0.5,2.0756399631500244,-0.17866304516792297,-4.2208452224731445,0.0,0.0,0.0,0.24907870590686798,0.9503693580627441,-0.18542525172233582,0.0,0.0,0.0,0.0,0.0,0.0,0.0,0.5994193070858214,0.02639117831309933,0.5,-0.9934648871421814,-3.366273880004883,-12.757766723632812,0.0,0.0,0.0,-0.2380085438489914,0.9681273102760315,0.06918852776288986,0.0,0.0,0.0,0.0,0.0,0.0,0.0,0.4538065823392726,-0.39250424943629464,0.5
10.415,TRACK,0.008480004034936428,0.014161435887217522,-1.5740605592727661,0.0,0.0,0.0,0.0,-0.0,0.0,0.0,0.0,0.0,0.0,0.0,0.0,0.0,0.3062235745286283,-0.515972017073513,0.5,2.324953317642212,-0.08820271492004395,-4.810011386871338,0.0,0.0,0.0,0.24907870590686798,0.9503693580627441,-0.18542525172233582,0.0,0.0,0.0,0.0,0.0,0.0,0.0,0.5993829391457693,0.027204636755136822,0.5,-1.1335561275482178,-3.7045340538024902,-13.6448392868042,0.0,0.0,0.0,-0.2380085438489914,0.9681273102760315,0.06918852776288986,0.0,0.0,0.0,0.0,0.0,0.0,0.0,0.4536042342948329,-0.3927380789149409,0.5
10.435,TRACK,0.008480004034936428,0.014161435887217522,-1.5740605592727661,0.0,0.0,0.0,0.0,-0.0,0.0,0.0,0.0,0.0,0.0,0.0,0.0,0.0,0.30127604262953983,-0.5188764266542504,0.5,2.324953317642212,-0.08820271492004395,-4.810011386871338,0.0,0.0,0.0,0.24907870590686798,0.9503693580627441,-0.18542525172233582,0.0,0.0,0.0,0.0,0.0,0.0,0.0,0.5993456954030595,0.028013164794843084,0.5,-1.1335561275482178,-3.7045340538024902,-13.6448392868042,0.0,0.0,0.0,-0.2380085438489914,0.9681273102760315,0.06918852776288986,0.0,0.0,0.0,0.0,0.0,0.0,0.0,0.4534029809372069,-0.3929704020371697,0.5
10.455,TRACK,0.01332277525216341,0.022186778485774994,-2.462033748626709,0.0,0.0,0.0,0.0,-0.0,0.0,0.0,0.0,0.0,0.0,0.0,0.0,0.0,0.29633089770791105,-0.5217163971580954,0.5,2.324953317642212,-0.08820271492004395,-4.810011386871338,0.0,0.0,0.0,0.24907870590686798,0.9503693580627441,-0.18542525172233582,0.0,0.0,0.0,0.0,0.0,0.0,0.0,0.5993078070140624,0.028812366303296297,0.5,-1.1335561275482178,-3.7045340538024902,-13.6448392868042,0.0,0.0,0.0,-0.2380085438489914,0.9681273102760315,0.06918852776288986,0.0,0.0,0.0,0.0,0.0,0.0,0.0,0.4532028171791349,-0.3932012290175294,0.5
10.475,TRACK,0.01332277525216341,0.022186778485774994,-2.462033748626709,0.0,0.0,0.0,0.0,-0.0,0.0,0.0,0.0,0.0,0.0,0.0,0.0,0.0,0.29138889473335705,-0.5244926234238881,0.5,2.324953317642212,-0.08820271492004395,-4.810011386871338,0.0,0.0,0.0,0.24907870590686798,0.9503693580627441,-0.18542525172233582,0.0,0.0,0.0,0.0,0.0,0.0,0.0,0.5992690898272829,0.029606721831028825,0.5,-1.1335561275482178,-3.7045340538024902,-13.6448392868042,0.0,0.0,0.0,-0.2380085438489914,0.9681273102760315,0.06918852776288986,0.0,0.0,0.0,0.0,0.0,0.0,0.0,0.4530037379452576,-0.3934305699963137,0.5
10.495,TRACK,0.01332277525216341,0.022186778485774994,-2.462033748626709,0.0,0.0,0.0,0.0,-0.0,0.0,0.0,0.0,0.0,0.0,0.0,0.0,0.0,0.2864507693677935,-0.5272058011143268,0.5,2.324953317642212,-0.08820271492004395,-4.810011386871338,0.0,0.0,0.0,0.24907870590686798,0.9503693580627441,-0.18542525172233582,0.0,0.0,0.0,0.0,0.0,0.0,0.0,0.5992295615184327,0.03039625967823798,0.5,-1.1335561275482178,-3.7045340538024902,-13.6448392868042,0.0,0.0,0.0,-0.2380085438489914,0.9681273102760315,0.06918852776288986,0.0,0.0,0.0,0.0,0.0,0.0,0.0,0.4528057381722829,-0.3936584350401423,0.5
10.515,TRACK,0.01332277525216341,0.022186778485774994,-2.462033748626709,0.0,0.0,0.0,0.0,-0.0,0.0,0.0,0.0,0.0,0.0,0.0,0.0,0.0,0.2814910535696839,-0.5298705377356145,0.5,2.5869104862213135,0.03637098893523216,-5.399105072021484,0.0,0.0,0.0,0.24907870590686798,0.9503693580627441,-0.18542525172233582,0.0,0.0,0.0,0.0,0.0,0.0,0.0,0.5991892395057804,0.031181008009435948,0.5,-1.2784050703048706,-4.058145523071289,-14.532370567321777,0.0,0.0,0.0,-0.2380085438489914,0.9681273102760315,0.06918852776288986,0.0,0.0,0.0,0.0,0.0,0.0,0.0,0.4527316306978496,-0.39374366098474,0.5
10.535,TRACK,0.01332277525216341,0.022186778485774994,-2.462033748626709,0.0,0.0,0.0,0.0,-0.0,0.0,0.0,0.0,0.0,0.0,0.0,0.0,0.0,0.27653653129026246,-0.5324730480145917,0.5,2.5869104862213135,0.03637098893523216,-5.399105072021484,0.0,0.0,0.0,0.24907870590686798,0.9503693580627441,-0.18542525172233582,0.0,0.0,0.0,0.0,0.0,0.0,0.0,0.5991481409534541,0.031960994853411584,0.5,-1.2784050703048706,-4.058145523071289,-14.532370567321777,0.0,0.0,0.0,-0.2380085438489914,0.9681273102760315,0.06918852776288986,0.0,0.0,0.0,0.0,0.0,0.0,0.0,0.45265795197132774,-0.3938283617480121,0.5
10.555,TRACK,0.000375172880012542,0.0007060947245918214,-0.07830941677093506,0.0,0.0,0.0,-0.0,0.0,-0.0,0.0,0.0,0.0,0.0,0.0,0.0,0.0,0.2715878924368476,-0.5350140340979022,0.5,2.5869104862213135,0.03637098893523216,-5.399105072021484,0.0,0.0,0.0,0.24907870590686798,0.9503693580627441,-0.18542525172233582,0.0,0.0,0.0,0.0,0.0,0.0,0.0,0.5990959660204055,0.03292451211600682,0.5,-1.2784050703048706,-4.058145523071289,-14.532370567321777,0.0,0.0,0.0,-0.2380085438489914,0.9681273102760315,0.06918852776288986,0.0,0.0,0.0,0.0,0.0,0.0,0.0,0.4525846996129769,-0.3939125406435182,0.5
10.575,TRACK,0.000375172880012542,0.0007060947245918214,-0.07830941677093506,0.0,0.0,0.0,-0.0,0.0,-0.0,0.0,0.0,0.0,0.0,0.0,0.0,0.0,0.2666458085387406,-0.537494197911681,0.5,2.5869104862213135,0.03637098893523216,-5.399105072021484,0.0,0.0,0.0,0.24907870590686798,0.9503693580627441,-0.18542525172233582,0.0,0.0,0.0,0.0,0.0,0.0,0.0,0.5990425685793184,0.03388216389035189,0.5,-1.2784050703048706,-4.058145523071289,-14.532370567321777,0.0,0.0,0.0,-0.2380085438489914,0.9681273102760315,0.06918852776288986,0.0,0.0,0.0,0.0,0.0,0.0,0.0,0.45251187125498415,-0.39399620096304566,0.5
10.595,TRACK,0.000375172880012542,0.0007060947245918214,-0.07830941677093506,0.0,0.0,0.0,-0.0,0.0,-0.0,0.0,0.0,0.0,0.0,0.0,0.0,0.0,0.2617109330444498,-0.5399142408984999,0.5,2.864086627960205,0.19585520029067993,-5.994143962860107,0.0,0.0,0.0,0.2518462538719177,0.9496669769287109,-0.18542525172233582,0.0,0.0,0.0,0.0,0.0,0.0,0.0,0.5989879744718692,0.03483398395371079,0.5,-1.2784050703048706,-4.058145523071289,-14.532370567321777,0.0,0.0,0.0,-0.2380085438489914,0.9681273102760315,0.06918852776288986,0.0,0.0,0.0,0.0,0.0,0.0,0.0,0.45256763808303613,-0.3939321425828844,0.5
10.615,TRACK,0.000375172880012542,0.0007060947245918214,-0.07830941677093506,0.0,0.0,0.0,-0.0,0.0,-0.0,0.0,0.0,0.0,0.0,0.0,0.0,0.0,0.2567617203426165,-0.542285366727427,0.5,2.864086627960205,0.19585520029067993,-5.994143962860107,0.0,0.0,0.0,0.2518462538719177,0.9496669769287109,-0.18542525172233582,0.0,0.0,0.0,0.0,0.0,0.0,0.0,0.598932209164648,0.03578000594122859,0.5,-1.4279001951217651,-4.427157402038574,-15.420475006103516,0.0,0.0,0.0,-0.23662477731704712,0.9686146974563599,0.06780476123094559,0.0,0.0,0.0,0.0,0.0,0.0,0.0,0.45262306132335545,-0.3938684607305769,0.5
10.635,TRACK,0.000375172880012542,0.0007060947245918214,-0.07830941677093506,0.0,0.0,0.0,-0.0,0.0,-0.0,0.0,0.0,0.0,0.0,0.0,0.0,0.0,0.25182091481129376,-0.5445973070660588,0.5,2.864086627960205,0.19585520029067993,-5.994143962860107,0.0,0.0,0.0,0.2518462538719177,0.9496669769287109,-0.18542525172233582,0.0,0.0,0.0,0.0,0.0,0.0,0.0,0.5988752977539258,0.036720263345280356,0.5,-1.4279001951217651,-4.427157402038574,-15.420475006103516,0.0,0.0,0.0,-0.23662477731704712,0.9686146974563599,0.06780476123094559,0.0,0.0,0.0,0.0,0.0,0.0,0.0,0.45267814314389854,-0.393805153241793,0.5
10.655,TRACK,0.001827776781283319,0.0032262278255075216,-0.35319316387176514,0.0,0.0,0.0,0.0,-0.0,-0.0,0.0,0.0,0.0,0.0,0.0,0.0,0.0,0.2468891254235054,-0.5468507655179945,0.5,2.864086627960205,0.19585520029067993,-5.994143962860107,0.0,0.0,0.0,0.2518462538719177,0.9496669769287109,-0.18542525172233582,0.0,0.0,0.0,0.0,0.0,0.0,0.0,0.5988233685495973,0.03755759948283638,0.5,-1.4279001951217651,-4.427157402038574,-15.420475006103516,0.0,0.0,0.0,-0.23662477731704712,0.9686146974563599,0.06780476123094559,0.0,0.0,0.0,0.0,0.0,0.0,0.0,0.45273288569836073,-0.3937422179640317,0.5
10.675,TRACK,0.001827776781283319,0.0032262278255075216,-0.35319316387176514,0.0,0.0,0.0,0.0,-0.0,-0.0,0.0,0.0,0.0,0.0,0.0,0.0,0.0,0.24196694403751526,-0.5490464442951488,0.5,2.864086627960205,0.19585520029067993,-5.994143962860107,0.0,0.0,0.0,0.2518462538719177,0.9496669769287109,-0.18542525172233582,0.0,0.0,0.0,0.0,0.0,0.0,0.0,0.5987705906889315,0.0383898388382675,0.5,-1.4279001951217651,-4.427157402038574,-15.420475006103516,0.0,0.0,0.0,-0.23662477731704712,0.9686146974563599,0.06780476123094559,0.0,0.0,0.0,0.0,0.0,0.0,0.0,0.4527872911262759,-0.39367965275656425,0.5
10.695,TRACK,0.001827776781283319,0.0032262278255075216,-0.35319316387176514,0.0,0.0,0.0,0.0,-0.0,-0.0,0.0,0.0,0.0,0.0,0.0,0.0,0.0,0.23705494568861635,-0.551185043995723,0.5,2.864086627960205,0.19585520029067993,-5.994143962860107,0.0,0.0,0.0,0.2518462538719177,0.9496669769287109,-0.18542525172233582,0.0,0.0,0.0,0.0,0.0,0.0,0.0,0.5987169832459058,0.03921701126962341,0.5,-1.4279001951217651,-4.427157402038574,-15.420475006103516,0.0,0.0,0.0,-0.23662477731704712,0.9686146974563599,0.06780476123094559,0.0,0.0,0.0,0.0,0.0,0.0,0.0,0.45284136155311633,-0.3936174554903781,0.5
10.715,TRACK,0.001827776781283319,0.0032262278255075216,-0.35319316387176514,0.0,0.0,0.0,0.0,-0.0,-0.0,0.0,0.0,0.0,0.0,0.0,0.0,0.0,0.23213494765759216,-0.5532751269269268,0.5,3.1596872806549072,0.3885992765426636,-6.594788551330566,0.0,0.0,0.0,0.2587651014328003,0.9475333094596863,-0.1868090182542801,0.0,0.0,0.0,0.0,0.0,0.0,0.0,0.5986625650131335,0.040039146493096166,0.5,-1.5819885730743408,-4.811746597290039,-16.308902740478516,0.0,0.0,0.0,-0.23662477731704712,0.9685642719268799,0.06780476123094559,0.0,0.0,0.0,0.0,0.0,0.0,0.0,0.4530228122268738,-0.3934086064158417,0.5
10.735,TRACK,0.001827776781283319,0.0032262278255075216,-0.35319316387176514,0.0,0.0,0.0,0.0,-0.0,-0.0,0.0,0.0,0.0,0.0,0.0,0.0,0.0,0.22722620873718546,-0.5553091481894793,0.5,3.1596872806549072,0.3885992765426636,-6.594788551330566,0.0,0.0,0.0,0.2587651014328003,0.9475333094596863,-0.1868090182542801,0.0,0.0,0.0,0.0,0.0,0.0,0.0,0.5986073545054905,0.04085627408291236,0.5,-1.5819885730743408,-4.811746597290039,-16.308902740478516,0.0,0.0,0.0,-0.23662477731704712,0.9685642719268799,0.06780476123094559,0.0,0.0,0.0,0.0,0.0,0.0,0.0,0.4532030787412601,-0.393200927541433,0.5
10.755,TRACK,0.004406389780342579,0.007561535108834505,-0.8258072733879089,0.0,0.0,0.0,0.0,-0.0,-0.0,0.0,0.0,0.0,0.0,0.0,0.0,0.0,0.22232926135579664,-0.5572878067435046,0.5,3.1596872806549072,0.3885992765426636,-6.594788551330566,0.0,0.0,0.0,0.2587651014328003,0.9475333094596863,-0.1868090182542801,0.0,0.0,0.0,0.0,0.0,0.0,0.0,0.598551369963699,0.04166842347124638,0.5,-1.5819885730743408,-4.811746597290039,-16.308902740478516,0.0,0.0,0.0,-0.23662477731704712,0.9685642719268799,0.06780476123094559,0.0,0.0,0.0,0.0,0.0,0.0,0.0,0.45338216930572933,-0.39299441288093523,0.5
10.775,TRACK,0.004406389780342579,0.007561535108834505,-0.8258072733879089,0.0,0.0,0.0,0.0,-0.0,-0.0,0.0,0.0,0.0,0.0,0.0,0.0,0.0,0.21744462209934992,-0.5592117991602742,0.5,3.1596872806549072,0.3885992765426636,-6.594788551330566,0.0,0.0,0.0,0.2587651014328003,0.9475333094596863,-0.1868090182542801,0.0,0.0,0.0,0.0,0.0,0.0,0.0,0.5984977316354427,0.04243188927245107,0.5,-1.5819885730743408,-4.811746597290039,-16.308902740478516,0.0,0.0,0.0,-0.23662477731704712,0.9685642719268799,0.06780476123094559,0.0,0.0,0.0,0.0,0.0,0.0,0.0,0.45356009206795567,-0.39278905647090984,0.5
10.795,TRACK,0.004406389780342579,0.007561535108834505,-0.8258072733879089,0.0,0.0,0.0,0.0,-0.0,-0.0,0.0,0.0,0.0,0.0,0.0,0.0,0.0,0.2125727919947403,-0.5610818194377366,0.5,3.4686741828918457,0.6194332838058472,-7.207181453704834,0.0,0.0,0.0,0.2850567400455475,0.9406261444091797,-0.18404148519039154,0.0,0.0,0.0,0.0,0.0,0.0,0.0,0.5984434500663217,0.043190705860380624,0.5,-1.5819885730743408,-4.811746597290039,-16.308902740478516,0.0,0.0,0.0,-0.23662477731704712,0.9685642719268799,0.06780476123094559,0.0,0.0,0.0,0.0,0.0,0.0,0.0,0.4537368551143408,-0.39258485237072976,0.5
10.815,TRACK,0.004406389780342579,0.007561535108834505,-0.8258072733879089,0.0,0.0,0.0,0.0,-0.0,-0.0,0.0,0.0,0.0,0.0,0.0,0.0,0.0,0.20769833504532,-0.5629044338246075,0.5,3.4686741828918457,0.6194332838058472,-7.207181453704834,0.0,0.0,0.0,0.2850567400455475,0.9406261444091797,-0.18404148519039154,0.0,0.0,0.0,0.0,0.0,0.0,0.0,0.5983885407483661,0.04394490073991431,0.5,-1.7405953407287598,-5.211234092712402,-17.198015213012695,0.0,0.0,0.0,-0.23524101078510284,0.9682320952415466,0.07610738277435303,0.0,0.0,0.0,0.0,0.0,0.0,0.0,0.45404038472425123,-0.3922337683568995,0.5
10.835,TRACK,0.004406389780342579,0.007561535108834505,-0.8258072733879089,0.0,0.0,0.0,0.0,-0.0,-0.0,0.0,0.0,0.0,0.0,0.0,0.0,0.0,0.20283763962066892,-0.5646741467015429,0.5,3.4686741828918457,0.6194332838058472,-7.207181453704834,0.0,0.0,0.0,0.2850567400455475,0.9406261444091797,-0.18404148519039154,0.0,0.0,0.0,0.0,0.0,0.0,0.0,0.5983330189414356,0.04469450127731212,0.5,-1.7405953407287598,-5.211234092712402,-17.198015213012695,0.0,0.0,0.0,-0.23524101078510284,0.9682320952415466,0.07610738277435303,0.0,0.0,0.0,0.0,0.0,0.0,0.0,0.4543418239417205,-0.391884558278724,0.5
10.855,TRACK,0.00808345340192318,0.01374088041484356,-1.4962193965911865,0.0,0.0,0.0,0.0,-0.0,-0.0,0.0,0.0,0.0,0.0,0.0,0.0,0.0,0.19799116646060502,-0.566391647187323,0.5,3.4686741828918457,0.6194332838058472,-7.207181453704834,0.0,0.0,0.0,0.2850567400455475,0.9406261444091797,-0.18404148519039154,0.0,0.0,0.0,0.0,0.0,0.0,0.0,0.5982768996762423,0.045439534700340865,0.5,-1.7405953407287598,-5.211234092712402,-17.198015213012695,0.0,0.0,0.0,-0.23524101078510284,0.9682320952415466,0.07610738277435303,0.0,0.0,0.0,0.0,0.0,0.0,0.0,0.4546411883533915,-0.3915372138796208,0.5
10.875,TRACK,0.00808345340192318,0.01374088041484356,-1.4962193965911865,0.0,0.0,0.0,0.0,-0.0,-0.0,0.0,0.0,0.0,0.0,0.0,0.0,0.0,0.19315936172176407,-0.5680576211787328,0.5,3.4686741828918457,0.6194332838058472,-7.207181453704834,0.0,0.0,0.0,0.2850567400455475,0.9406261444091797,-0.18404148519039154,0.0,0.0,0.0,0.0,0.0,0.0,0.0,0.5982213407567127,0.04616521919411763,0.5,-1.7405953407287598,-5.211234092712402,-17.198015213012695,0.0,0.0,0.0,-0.23524101078510284,0.9682320952415466,0.07610738277435303,0.0,0.0,0.0,0.0,0.0,0.0,0.0,0.4549384934192794,-0.3911917269132826,0.5
10.895,TRACK,0.00808345340192318,0.01374088041484356,-1.4962193965911865,0.0,0.0,0.0,0.0,-0.0,-0.0,0.0,0.0,0.0,0.0,0.0,0.0,0.0,0.18834265725042607,-0.5696727512000627,0.5,3.4686741828918457,0.6194332838058472,-7.207181453704834,0.0,0.0,0.0,0.2850567400455475,0.9406261444091797,-0.18404148519039154,0.0,0.0,0.0,0.0,0.0,0.0,0.0,0.5981652428725363,0.0468864822655704,0.5,-1.7405953407287598,-5.211234092712402,-17.198015213012695,0.0,0.0,0.0,-0.23524101078510284,0.9682320952415466,0.07610738277435303,0.0,0.0,0.0,0.0,0.0,0.0,0.0,0.4552337544738644,-0.39084808914414476,0.5
10.915,TRACK,0.00808345340192318,0.01374088041484356,-1.4962193965911865,0.0,0.0,0.0,0.0,-0.0,-0.0,0.0,0.0,0.0,0.0,0.0,0.0,0.0,0.18352645707674292,-0.5712425400413195,0.5,3.786895513534546,0.8817965388298035,-7.817331314086914,0.0,0.0,0.0,0.3058133125305176,0.932976484298706,-0.18957656621932983,0.0,0.0,0.0,0.0,0.0,0.0,0.0,0.598108619774735,0.047603350209428484,0.5,-1.9063982963562012,-5.625508785247803,-18.08441162109375,0.0,0.0,0.0,-0.24907870590686798,0.9654872417449951,0.06780476123094559,0.0,0.0,0.0,0.0,0.0,0.0,0.0,0.45564894666840505,-0.39036398066416544,0.5
10.935,TRACK,0.00808345340192318,0.01374088041484356,-1.4962193965911865,0.0,0.0,0.0,0.0,-0.0,-0.0,0.0,0.0,0.0,0.0,0.0,0.0,0.0,0.17872618955036568,-0.5727625591541461,0.5,3.786895513534546,0.8817965388298035,-7.817331314086914,0.0,0.0,0.0,0.3058133125305176,0.932976484298706,-0.18957656621932983,0.0,0.0,0.0,0.0,0.0,0.0,0.0,0.5980514850057773,0.0483158491841392,0.5,-1.9063982963562012,-5.625508785247803,-18.08441162109375,0.0,0.0,0.0,-0.24907870590686798,0.9654872417449951,0.06780476123094559,0.0,0.0,0.0,0.0,0.0,0.0,0.0,0.4560611375203414,-0.3898823397432259,0.5
10.955,TRACK,0.012900630943477154,0.021747013553977013,-2.3643884658813477,0.0,0.0,0.0,0.0,-0.0,-0.0,0.0,0.0,0.0,0.0,0.0,0.0,0.0,0.17394224920744206,-0.5742334838205241,0.5,3.786895513534546,0.8817965388298035,-7.817331314086914,0.0,0.0,0.0,0.3058133125305176,0.932976484298706,-0.18957656621932983,0.0,0.0,0.0,0.0,0.0,0.0,0.0,0.5979949280964805,0.04901087604690597,0.5,-1.9063982963562012,-5.625508785247803,-18.08441162109375,0.0,0.0,0.0,-0.24907870590686798,0.9654872417449951,0.06780476123094559,0.0,0.0,0.0,0.0,0.0,0.0,0.0,0.45647035068561953,-0.38940315733818526,0.5
10.975,TRACK,0.012900630943477154,0.021747013553977013,-2.3643884658813477,0.0,0.0,0.0,0.0,-0.0,-0.0,0.0,0.0,0.0,0.0,0.0,0.0,0.0,0.16917501721896328,-0.5756559854192115,0.5,3.786895513534546,0.8817965388298035,-7.817331314086914,0.0,0.0,0.0,0.3058133125305176,0.932976484298706,-0.18957656621932983,0.0,0.0,0.0,0.0,0.0,0.0,0.0,0.5979379100567488,0.049701667144748274,0.5,-1.9063982963562012,-5.625508785247803,-18.08441162109375,0.0,0.0,0.0,-0.24907870590686798,0.9654872417449951,0.06780476123094559,0.0,0.0,0.0,0.0,0.0,0.0,0.0,0.4568766096193896,-0.38892642438215985,0.5
10.995,TRACK,0.012900630943477154,0.021747013553977013,-2.3643884658813477,0.0,0.0,0.0,0.0,-0.0,-0.0,0.0,0.0,0.0,0.0,0.0,0.0,0.0,0.16442486165145295,-0.5770307313054484,0.5,3.786895513534546,0.8817965388298035,-7.817331314086914,0.0,0.0,0.0,0.3058133125305176,0.932976484298706,-0.18957656621932983,0.0,0.0,0.0,0.0,0.0,0.0,0.0,0.5978804433056193,0.05038824776350256,0.5,-1.9063982963562012,-5.625508785247803,-18.08441162109375,0.0,0.0,0.0,-0.24907870590686798,0.9654872417449951,0.06780476123094559,0.0,0.0,0.0,0.0,0.0,0.0,0.0,0.45727993757774527,-0.38845213178574955,0.5
11.015,TRACK,0.012900630943477154,0.021747013553977013,-2.3643884658813477,0.0,0.0,0.0,0.0,-0.0,-0.0,0.0,0.0,0.0,0.0,0.0,0.0,0.0,0.15969213772469007,-0.5783583846966504,0.5,3.786895513534546,0.8817965388298035,-7.817331314086914,0.0,0.0,0.0,0.3058133125305176,0.932976484298706,-0.18957656621932983,0.0,0.0,0.0,0.0,0.0,0.0,0.0,0.5978225400718191,0.051070643055263494,0.5,-2.081801652908325,-6.059639930725098,-18.973087310791016,0.0,0.0,0.0,-0.07195606827735901,0.9925966858863831,-0.04704819992184639,0.0,0.0,0.0,0.0,0.0,0.0,0.0,0.45768035761945186,-0.387980270438241,0.5
11.035,TRACK,0.012900630943477154,0.021747013553977013,-2.3643884658813477,0.0,0.0,0.0,0.0,-0.0,-0.0,0.0,0.0,0.0,0.0,0.0,0.0,0.0,0.15496264829842094,-0.5796434918398893,0.5,4.127508640289307,1.186347484588623,-8.427749633789062,0.0,0.0,0.0,0.2269383668899536,0.9476848840713501,-0.21310067176818848,0.0,0.0,0.0,0.0,0.0,0.0,0.0,0.5977642123962743,0.05174887803867655,0.5,-2.081801652908325,-6.059639930725098,-18.973087310791016,0.0,0.0,0.0,-0.07195606827735901,0.9925966858863831,-0.04704819992184639,0.0,0.0,0.0,0.0,0.0,0.0,0.0,0.45819668694972643,-0.38737036033787403,0.5
11.055,TRACK,0.0003208936541341245,0.0005515151424333453,-0.06166122481226921,0.0,0.0,0.0,0.0,-0.0,-0.0,0.0,0.0,0.0,0.0,0.0,0.0,0.0,0.15025128878211444,-0.5808825614694537,0.5,4.127508640289307,1.186347484588623,-8.427749633789062,0.0,0.0,0.0,0.2269383668899536,0.9476848840713501,-0.21310067176818848,0.0,0.0,0.0,0.0,0.0,0.0,0.0,0.597702811901929,0.052453299653380005,0.5,-2.081801652908325,-6.059639930725098,-18.973087310791016,0.0,0.0,0.0,-0.07195606827735901,0.9925966858863831,-0.04704819992184639,0.0,0.0,0.0,0.0,0.0,0.0,0.0,0.458709112833571,-0.3867634287305849,0.5
11.075,TRACK,0.0003208936541341245,0.0005515151424333453,-0.06166122481226921,0.0,0.0,0.0,0.0,-0.0,-0.0,0.0,0.0,0.0,0.0,0.0,0.0,0.0,0.1455583807897251,-0.5820762473953677,0.5,4.127508640289307,1.186347484588623,-8.427749633789062,0.0,0.0,0.0,0.2269383668899536,0.9476848840713501,-0.21310067176818848,0.0,0.0,0.0,0.0,0.0,0.0,0.0,0.5976409571571112,0.05315342254579617,0.5,-2.081801652908325,-6.059639930725098,-18.973087310791016,0.0,0.0,0.0,-0.07195606827735901,0.9925966858863831,-0.04704819992184639,0.0,0.0,0.0,0.0,0.0,0.0,0.0,0.4592176674382721,-0.386159466946691,0.5
11.095,TRACK,0.0003208936541341245,0.0005515151424333453,-0.06166122481226921,0.0,0.0,0.0,0.0,-0.0,-0.0,0.0,0.0,0.0,0.0,0.0,0.0,0.0,0.1408842339828621,-0.5832251988855266,0.5,4.497589588165283,1.545912504196167,-9.026799201965332,0.0,0.0,0.0,0.029059182852506638,0.9422726035118103,-0.1452959030866623,0.0,0.0,0.0,0.0,0.0,0.0,0.0,0.597578660813663,0.05384927241986796,0.5,-2.081801652908325,-6.059639930725098,-18.973087310791016,0.0,0.0,0.0,-0.07195606827735901,0.9925966858863831,-0.04704819992184639,0.0,0.0,0.0,0.0,0.0,0.0,0.0,0.45984077972286325,-0.38541725091628837,0.5
11.115,TRACK,0.0003208936541341245,0.0005515151424333453,-0.06166122481226921,0.0,0.0,0.0,0.0,-0.0,-0.0,0.0,0.0,0.0,0.0,0.0,0.0,0.0,0.13622914631521635,-0.5843300605772626,0.5,4.497589588165283,1.545912504196167,-9.026799201965332,0.0,0.0,0.0,0.029059182852506638,0.9422726035118103,-0.1452959030866623,0.0,0.0,0.0,0.0,0.0,0.0,0.0,0.5975159353283435,0.054540874843504526,0.5,-2.2590105533599854,-6.509994983673096,-19.837879180908203,0.0,0.0,0.0,0.07610738277435303,0.9193945527076721,-0.22417084872722626,0.0,0.0,0.0,0.0,0.0,0.0,0.0,0.4604589644977235,-0.38467849174821844,0.5
11.135,TRACK,0.0003208936541341245,0.0005515151424333453,-0.06166122481226921,0.0,0.0,0.0,0.0,-0.0,-0.0,0.0,0.0,0.0,0.0,0.0,0.0,0.0,0.13158256341639132,-0.5853939092651813,0.5,4.497589588165283,1.545912504196167,-9.026799201965332,0.0,0.0,0.0,0.029059182852506638,0.9422726035118103,-0.1452959030866623,0.0,0.0,0.0,0.0,0.0,0.0,0.0,0.597452792965407,0.05522825524887217,0.5,-2.2590105533599854,-6.509994983673096,-19.837879180908203,0.0,0.0,0.0,0.07610738277435303,0.9193945527076721,-0.22417084872722626,0.0,0.0,0.0,0.0,0.0,0.0,0.0,0.461072263972028,-0.3839431825097413,0.5
11.155,TRACK,0.0016476466553285718,0.0028783741872757673,-0.3167293667793274,0.0,0.0,0.0,-0.0,-0.0,-0.0,0.0,0.0,0.0,0.0,0.0,0.0,0.0,0.12695562879254088,-0.586414757929821,0.5,4.497589588165283,1.545912504196167,-9.026799201965332,0.0,0.0,0.0,0.029059182852506638,0.9422726035118103,-0.1452959030866623,0.0,0.0,0.0,0.0,0.0,0.0,0.0,0.5973868753626896,0.05593676022440253,0.5,-2.2590105533599854,-6.509994983673096,-19.837879180908203,0.0,0.0,0.0,0.07610738277435303,0.9193945527076721,-0.22417084872722626,0.0,0.0,0.0,0.0,0.0,0.0,0.0,0.46168071998164484,-0.3832113161132249,0.5
11.175,TRACK,0.0016476466553285718,0.0028783741872757673,-0.3167293667793274,0.0,0.0,0.0,-0.0,-0.0,-0.0,0.0,0.0,0.0,0.0,0.0,0.0,0.0,0.12234860899177968,-0.5873932395574336,0.5,4.497589588165283,1.545912504196167,-9.026799201965332,0.0,0.0,0.0,0.029059182852506638,0.9422726035118103,-0.1452959030866623,0.0,0.0,0.0,0.0,0.0,0.0,0.0,0.5973205206132645,0.05664093620605812,0.5,-2.2590105533599854,-6.509994983673096,-19.837879180908203,0.0,0.0,0.0,0.07610738277435303,0.9193945527076721,-0.22417084872722626,0.0,0.0,0.0,0.0,0.0,0.0,0.0,0.46228437399218636,-0.3824828853199217,0.5
11.195,TRACK,0.0016476466553285718,0.0028783741872757673,-0.3167293667793274,0.0,0.0,0.0,-0.0,-0.0,-0.0,0.0,0.0,0.0,0.0,0.0,0.0,0.0,0.11776175972630788,-0.5883299821921056,0.5,0.3872341811656952,-0.32108789682388306,-0.10700619965791702,0.0,0.0,0.0,-0.04289688542485237,-0.08579377084970474,0.23108968138694763,0.0,0.0,0.0,0.0,0.0,0.0,0.0,0.5972537413932419,0.057340809130796956,0.5,-2.2590105533599854,-6.509994983673096,-19.837879180908203,0.0,0.0,0.0,0.07610738277435303,0.9193945527076721,-0.22417084872722626,0.0,0.0,0.0,0.0,0.0,0.0,0.0,0.46053051739342865,-0.38459282696033337,0.5
11.215,TRACK,0.0016476466553285718,0.0028783741872757673,-0.3167293667793274,0.0,0.0,0.0,-0.0,-0.0,-0.0,0.0,0.0,0.0,0.0,0.0,0.0,0.0,0.11319395205156192,-0.5892258728356629,0.5,0.3872341811656952,-0.32108789682388306,-0.10700619965791702,0.0,0.0,0.0,-0.04289688542485237,-0.08579377084970474,0.23108968138694763,0.0,0.0,0.0,0.0,0.0,0.0,0.0,0.5971865501818836,0.05803640479785552,0.5,-2.4355833530426025,-7.010042667388916,-20.739871978759766,0.0,0.0,0.0,-0.31273216009140015,-0.5714972615242004,0.434503972530365,0.0,0.0,0.0,0.0,0.0,0.0,0.0,0.4587776403239538,-0.38668213915150623,0.5
11.235,TRACK,0.0016476466553285718,0.0028783741872757673,-0.3167293667793274,0.0,0.0,0.0,-0.0,-0.0,-0.0,0.0,0.0,0.0,0.0,0.0,0.0,0.0,0.10864679901351994,-0.5900812427658718,0.5,0.3872341811656952,-0.32108789682388306,-0.10700619965791702,0.0,0.0,0.0,-0.04289688542485237,-0.08579377084970474,0.23108968138694763,0.0,0.0,0.0,0.0,0.0,0.0,0.0,0.5971189592642107,0.05872774886904719,0.5,-2.4355833530426025,-7.010042667388916,-20.739871978759766,0.0,0.0,0.0,-0.31273216009140015,-0.5714972615242004,0.434503972530365,0.0,0.0,0.0,0.0,0.0,0.0,0.0,0.45702588697633195,-0.3887509982411582,0.5
11.255,TRACK,0.004069560673087835,0.006959744729101658,-0.7696402668952942,0.0,0.0,0.0,-0.0,-0.0,-0.0,0.0,0.0,0.0,0.0,0.0,0.0,0.0,0.10412052544835998,-0.5908967051696576,0.5,0.3872341811656952,-0.32108789682388306,-0.10700619965791702,0.0,0.0,0.0,-0.04289688542485237,-0.08579377084970474,0.23108968138694763,0.0,0.0,0.0,0.0,0.0,0.0,0.0,0.5970542664826499,0.05938183960492302,0.5,-2.4355833530426025,-7.010042667388916,-20.739871978759766,0.0,0.0,0.0,-0.31273216009140015,-0.5714972615242004,0.434503972530365,0.0,0.0,0.0,0.0,0.0,0.0,0.0,0.45527539843043213,-0.390799579815551,0.5
11.275,TRACK,0.004069560673087835,0.006959744729101658,-0.7696402668952942,0.0,0.0,0.0,-0.0,-0.0,-0.0,0.0,0.0,0.0,0.0,0.0,0.0,0.0,0.09961534624879895,-0.5916728680544106,0.5,0.3872341811656952,-0.32108789682388306,-0.10700619965791702,0.0,0.0,0.0,-0.04289688542485237,-0.08579377084970474,0.23108968138694763,0.0,0.0,0.0,0.0,0.0,0.0,0.0,0.5969892517951735,0.060031935176528634,0.5,-2.4355833530426025,-7.010042667388916,-20.739871978759766,0.0,0.0,0.0,-0.31273216009140015,-0.5714972615242004,0.434503972530365,0.0,0.0,0.0,0.0,0.0,0.0,0.0,0.4535263127018489,-0.39282805868097653,0.5
11.295,TRACK,0.004069560673087835,0.006959744729101658,-0.7696402668952942,0.0,0.0,0.0,-0.0,-0.0,-0.0,0.0,0.0,0.0,0.0,0.0,0.0,0.0,0.09513146658165991,-0.5924103341992124,0.5,0.35428956151008606,-0.3876788020133972,-0.18528112769126892,0.0,0.0,0.0,-0.12315557897090912,-0.2988944351673126,0.3196510076522827,0.0,0.0,0.0,0.0,0.0,0.0,0.0,0.5969239257047996,0.060678059635842815,0.5,-2.4355833530426025,-7.010042667388916,-20.739871978759766,0.0,0.0,0.0,-0.31273216009140015,-0.5714972615242004,0.434503972530365,0.0,0.0,0.0,0.0,0.0,0.0,0.0,0.45177876478977314,-0.3948366088460223,0.5
11.315,TRACK,0.004069560673087835,0.006959744729101658,-0.7696402668952942,0.0,0.0,0.0,-0.0,-0.0,-0.0,0.0,0.0,0.0,0.0,0.0,0.0,0.0,0.0963919161832415,-0.5922065505332771,0.5,0.35428956151008606,-0.3876788020133972,-0.18528112769126892,0.0,0.0,0.0,-0.12315557897090912,-0.2988944351673126,0.3196510076522827,0.0,0.0,0.0,0.0,0.0,0.0,0.0,0.5968582985484255,0.061320236903313244,0.5,0.6443271636962891,-0.19637632369995117,0.05389459431171417,0.0,0.0,0.0,-0.23108968138694763,-0.13699328899383545,0.5673459768295288,0.0,0.0,0.0,0.0,0.0,0.0,0.0,0.4497039585315348,-0.39719812396468795,0.5
11.335,TRACK,0.004069560673087835,0.006959744729101658,-0.7696402668952942,0.0,0.0,0.0,-0.0,-0.0,-0.0,0.0,0.0,0.0,0.0,0.0,0.0,0.0,0.09764437050821134,-0.5920013318465214,0.5,0.35428956151008606,-0.3876788020133972,-0.18528112769126892,0.0,0.0,0.0,-0.12315557897090912,-0.2988944351673126,0.3196510076522827,0.0,0.0,0.0,0.0,0.0,0.0,0.0,0.5967923804990486,0.061958490768245736,0.5,0.6443271636962891,-0.19637632369995117,0.05389459431171417,0.0,0.0,0.0,-0.23108968138694763,-0.13699328899383545,0.5673459768295288,0.0,0.0,0.0,0.0,0.0,0.0,0.0,0.44762936802751313,-0.3995346654287825,0.5
11.355,TRACK,0.007620478048920631,0.012837214395403862,-1.4203084707260132,0.0,0.0,0.0,-0.0,-0.0,-0.0,0.0,0.0,0.0,0.0,0.0,0.0,0.0,0.0988888771499794,-0.5917947194560089,0.5,0.35428956151008606,-0.3876788020133972,-0.18528112769126892,0.0,0.0,0.0,-0.12315557897090912,-0.2988944351673126,0.3196510076522827,0.0,0.0,0.0,0.0,0.0,0.0,0.0,0.596728661023451,0.06256920259328265,0.5,0.6443271636962891,-0.19637632369995117,0.05389459431171417,0.0,0.0,0.0,-0.23108968138694763,-0.13699328899383545,0.5673459768295288,0.0,0.0,0.0,0.0,0.0,0.0,0.0,0.44555519409788885,-0.40184644954558524,0.5
11.375,TRACK,0.007620478048920631,0.012837214395403862,-1.4203084707260132,0.0,0.0,0.0,-0.0,-0.0,-0.0,0.0,0.0,0.0,0.0,0.0,0.0,0.0,0.10012548352218405,-0.5915867540348151,0.5,0.35428956151008606,-0.3876788020133972,-0.18528112769126892,0.0,0.0,0.0,-0.12315557897090912,-0.2988944351673126,0.3196510076522827,0.0,0.0,0.0,0.0,0.0,0.0,0.0,0.5966647045221685,0.06317618520829979,0.5,0.6443271636962891,-0.19637632369995117,0.05389459431171417,0.0,0.0,0.0,-0.23108968138694763,-0.13699328899383545,0.5673459768295288,0.0,0.0,0.0,0.0,0.0,0.0,0.0,0.44348163326168655,-0.4041336919381345,0.5
11.395,TRACK,0.007620478048920631,0.012837214395403862,-1.4203084707260132,0.0,0.0,0.0,-0.0,-0.0,-0.0,0.0,0.0,0.0,0.0,0.0,0.0,0.0,0.10135423685667161,-0.591377475620438,0.5,0.35428956151008606,-0.3876788020133972,-0.18528112769126892,0.0,0.0,0.0,-0.12315557897090912,-0.2988944351673126,0.3196510076522827,0.0,0.0,0.0,0.0,0.0,0.0,0.0,0.596600519892754,0.0637794611430328,0.5,0.6443271636962891,-0.19637632369995117,0.05389459431171417,0.0,0.0,0.0,-0.23108968138694763,-0.13699328899383545,0.5673459768295288,0.0,0.0,0.0,0.0,0.0,0.0,0.0,0.44140887780271365,-0.40639660751161416,0.5
11.415,TRACK,0.007620478048920631,0.012837214395403862,-1.4203084707260132,0.0,0.0,0.0,-0.0,-0.0,-0.0,0.0,0.0,0.0,0.0,0.0,0.0,0.0,0.10241541178162439,-0.591194623985706,0.5,0.4322868287563324,-0.28028613328933716,-0.05076635628938675,0.0,0.0,0.0,-0.21448443830013275,-0.4483416974544525,0.43588772416114807,0.0,0.0,0.0,0.0,0.0,0.0,0.0,0.5965361158893864,0.06437905280139349,0.5,0.6366241574287415,-0.2258259654045105,0.0778757855296135,0.0,0.0,0.0,-0.18819279968738556,-0.035978034138679504,0.5576595067977905,0.0,0.0,0.0,0.0,0.0,0.0,0.0,0.4399621395473895,-0.407962395037684,0.5
11.435,TRACK,0.007620478048920631,0.012837214395403862,-1.4203084707260132,0.0,0.0,0.0,-0.0,-0.0,-0.0,0.0,0.0,0.0,0.0,0.0,0.0,0.0,0.10346989275606167,-0.5910109823793878,0.5,0.4322868287563324,-0.28028613328933716,-0.05076635628938675,0.0,0.0,0.0,-0.21448443830013275,-0.4483416974544525,0.43588772416114807,0.0,0.0,0.0,0.0,0.0,0.0,0.0,0.5964715011248016,0.06497498246191147,0.5,0.6366241574287415,-0.2258259654045105,0.0778757855296135,0.0,0.0,0.0,-0.18819279968738556,-0.035978034138679504,0.5576595067977905,0.0,0.0,0.0,0.0,0.0,0.0,0.0,0.4385185773662831,-0.4095136839040317,0.5
11.455,TRACK,0.012277458794414997,0.020450877025723457,-2.2687652111053467,0.0,0.0,0.0,0.0,-0.0,-0.0,0.0,0.0,0.0,0.0,0.0,0.0,0.0,0.10451772052907587,-0.5908265786975108,0.5,0.4322868287563324,-0.28028613328933716,-0.05076635628938675,0.0,0.0,0.0,-0.21448443830013275,-0.4483416974544525,0.43588772416114807,0.0,0.0,0.0,0.0,0.0,0.0,0.0,0.5964066840722017,0.06556727227818057,0.5,0.6366241574287415,-0.2258259654045105,0.0778757855296135,0.0,0.0,0.0,-0.18819279968738556,-0.035978034138679504,0.5576595067977905,0.0,0.0,0.0,0.0,0.0,0.0,0.0,0.4370782559012463,-0.41105060298985646,0.5
11.475,TRACK,0.012277458794414997,0.020450877025723457,-2.2687652111053467,0.0,0.0,0.0,0.0,-0.0,-0.0,0.0,0.0,0.0,0.0,0.0,0.0,0.0,0.10555893565878126,-0.5906414403871314,0.5,0.4322868287563324,-0.28028613328933716,-0.05076635628938675,0.0,0.0,0.0,-0.21448443830013275,-0.4483416974544525,0.43588772416114807,0.0,0.0,0.0,0.0,0.0,0.0,0.0,0.5963436379026182,0.06613823049546194,0.5,0.6366241574287415,-0.2258259654045105,0.0778757855296135,0.0,0.0,0.0,-0.18819279968738556,-0.035978034138679504,0.5576595067977905,0.0,0.0,0.0,0.0,0.0,0.0,0.0,0.4356412381518486,-0.41257328030487433,0.5
11.495,TRACK,0.012277458794414997,0.020450877025723457,-2.2687652111053467,0.0,0.0,0.0,0.0,-0.0,-0.0,0.0,0.0,0.0,0.0,0.0,0.0,0.0,0.10659357851172273,-0.5904555944523392,0.5,0.42688143253326416,-0.3142116665840149,-0.16133074462413788,0.0,0.0,0.0,-0.2172519862651825,-0.4082123339176178,0.4248175621032715,0.0,0.0,0.0,0.0,0.0,0.0,0.0,0.596280428323957,0.06670570288812158,0.5,0.6366241574287415,-0.2258259654045105,0.0778757855296135,0.0,0.0,0.0,-0.18819279968738556,-0.035978034138679504,0.5576595067977905,0.0,0.0,0.0,0.0,0.0,0.0,0.0,0.4340602621989779,-0.4142362716853203,0.5
11.515,TRACK,0.012277458794414997,0.020450877025723457,-2.2687652111053467,0.0,0.0,0.0,0.0,-0.0,-0.0,0.0,0.0,0.0,0.0,0.0,0.0,0.0,0.10759298551894182,-0.5902743001919707,0.5,0.42688143253326416,-0.3142116665840149,-0.16133074462413788,0.0,0.0,0.0,-0.2172519862651825,-0.4082123339176178,0.4248175621032715,0.0,0.0,0.0,0.0,0.0,0.0,0.0,0.5962170628541331,0.06726971058054806,0.5,0.6546686291694641,-0.23821763694286346,0.05749652907252312,0.0,0.0,0.0,-0.2269383668899536,-0.0567345917224884,0.5272166132926941,0.0,0.0,0.0,0.0,0.0,0.0,0.0,0.43248248091321456,-0.41588328134604186,0.5
11.535,TRACK,0.012277458794414997,0.020450877025723457,-2.2687652111053467,0.0,0.0,0.0,0.0,-0.0,-0.0,0.0,0.0,0.0,0.0,0.0,0.0,0.0,0.10858609052110929,-0.5900924172918522,0.5,0.42688143253326416,-0.3142116665840149,-0.16133074462413788,0.0,0.0,0.0,-0.2172519862651825,-0.4082123339176178,0.4248175621032715,0.0,0.0,0.0,0.0,0.0,0.0,0.0,0.5961535488871997,0.06783027457704352,0.5,0.6546686291694641,-0.23821763694286346,0.05749652907252312,0.0,0.0,0.0,-0.2269383668899536,-0.0567345917224884,0.5272166132926941,0.0,0.0,0.0,0.0,0.0,0.0,0.0,0.43090797298864897,-0.41751445342025434,0.5
11.555,TRACK,0.00024474685778841376,0.00043299354729242623,-0.04708009585738182,0.0,0.0,0.0,0.0,0.0,-0.0,0.0,0.0,0.0,0.0,0.0,0.0,0.0,0.1095729321992583,-0.5899099698507025,0.5,0.42688143253326416,-0.3142116665840149,-0.16133074462413788,0.0,0.0,0.0,-0.2172519862651825,-0.4082123339176178,0.4248175621032715,0.0,0.0,0.0,0.0,0.0,0.0,0.0,0.5960791368569082,0.06848111129299364,0.5,0.6546686291694641,-0.23821763694286346,0.05749652907252312,0.0,0.0,0.0,-0.2269383668899536,-0.0567345917224884,0.5272166132926941,0.0,0.0,0.0,0.0,0.0,0.0,0.0,0.42933681515975614,-0.4191299311054716,0.5
11.575,TRACK,0.00024474685778841376,0.00043299354729242623,-0.04708009585738182,0.0,0.0,0.0,0.0,0.0,-0.0,0.0,0.0,0.0,0.0,0.0,0.0,0.0,0.11055354904264518,-0.5897269815720453,0.5,0.42688143253326416,-0.3142116665840149,-0.16133074462413788,0.0,0.0,0.0,-0.2172519862651825,-0.4082123339176178,0.4248175621032715,0.0,0.0,0.0,0.0,0.0,0.0,0.0,0.5960044671450795,0.06912796209284482,0.5,0.6546686291694641,-0.23821763694286346,0.05749652907252312,0.0,0.0,0.0,-0.2269383668899536,-0.0567345917224884,0.5272166132926941,0.0,0.0,0.0,0.0,0.0,0.0,0.0,0.4277690822342181,-0.42072985665922824,0.5
11.595,TRACK,0.00024474685778841376,0.00043299354729242623,-0.04708009585738182,0.0,0.0,0.0,0.0,0.0,-0.0,0.0,0.0,0.0,0.0,0.0,0.0,0.0,0.11152797934849747,-0.5895434757695492,0.5,0.28109070658683777,-0.5037709474563599,-0.3892728090286255,0.0,0.0,0.0,0.04704819992184639,-0.4455741345882416,0.4953898787498474,0.0,0.0,0.0,0.0,0.0,0.0,0.0,0.5959295498094496,0.06977085110493317,0.5,0.6546686291694641,-0.23821763694286346,0.05749652907252312,0.0,0.0,0.0,-0.2269383668899536,-0.0567345917224884,0.5272166132926941,0.0,0.0,0.0,0.0,0.0,0.0,0.0,0.42620484712530465,-0.4223143713951677,0.5
11.615,TRACK,0.00024474685778841376,0.00043299354729242623,-0.04708009585738182,0.0,0.0,0.0,0.0,0.0,-0.0,0.0,0.0,0.0,0.0,0.0,0.0,0.0,0.1125137773233299,-0.589356131649138,0.5,0.28109070658683777,-0.5037709474563599,-0.3892728090286255,0.0,0.0,0.0,0.04704819992184639,-0.4455741345882416,0.4953898787498474,0.0,0.0,0.0,0.0,0.0,0.0,0.0,0.5958543947448169,0.07040980232387997,0.5,0.6654927730560303,-0.23843000829219818,0.07086192071437836,0.0,0.0,0.0,-0.040129344910383224,-0.1397608369588852,0.5396705269813538,0.0,0.0,0.0,0.0,0.0,0.0,0.0,0.42355595565879556,-0.4249710018647912,0.5
11.635,TRACK,0.00024474685778841376,0.00043299354729242623,-0.04708009585738182,0.0,0.0,0.0,0.0,0.0,-0.0,0.0,0.0,0.0,0.0,0.0,0.0,0.0,0.11349334864898525,-0.5891682780092966,0.5,0.28109070658683777,-0.5037709474563599,-0.3892728090286255,0.0,0.0,0.0,0.04704819992184639,-0.4455741345882416,0.4953898787498474,0.0,0.0,0.0,0.0,0.0,0.0,0.0,0.5957790116852429,0.071044839611017,0.5,0.6654927730560303,-0.23843000829219818,0.07086192071437836,0.0,0.0,0.0,-0.040129344910383224,-0.1397608369588852,0.5396705269813538,0.0,0.0,0.0,0.0,0.0,0.0,0.0,0.4209065470170473,-0.4275952276139037,0.5
11.655,TRACK,0.0014687025686725974,0.002606830559670925,-0.2824355959892273,0.0,0.0,0.0,0.0,-0.0,-0.0,0.0,0.0,0.0,0.0,0.0,0.0,0.0,0.11446673173373159,-0.5889799379658002,0.5,0.28109070658683777,-0.5037709474563599,-0.3892728090286255,0.0,0.0,0.0,0.04704819992184639,-0.4455741345882416,0.4953898787498474,0.0,0.0,0.0,0.0,0.0,0.0,0.0,0.5957028106009108,0.07168096987468425,0.5,0.6654927730560303,-0.23843000829219818,0.07086192071437836,0.0,0.0,0.0,-0.040129344910383224,-0.1397608369588852,0.5396705269813538,0.0,0.0,0.0,0.0,0.0,0.0,0.0,0.4182569220589772,-0.4301873395972395,0.5
11.675,TRACK,0.0014687025686725974,0.002606830559670925,-0.2824355959892273,0.0,0.0,0.0,0.0,-0.0,-0.0,0.0,0.0,0.0,0.0,0.0,0.0,0.0,0.11543396479168577,-0.5887911342509089,0.5,0.28109070658683777,-0.5037709474563599,-0.3892728090286255,0.0,0.0,0.0,0.04704819992184639,-0.4455741345882416,0.4953898787498474,0.0,0.0,0.0,0.0,0.0,0.0,0.0,0.5956263936093624,0.07231320236239634,0.5,0.6654927730560303,-0.23843000829219818,0.07086192071437836,0.0,0.0,0.0,-0.040129344910383224,-0.1397608369588852,0.5396705269813538,0.0,0.0,0.0,0.0,0.0,0.0,0.0,0.4156073750708239,-0.43274762828551644,0.5
11.695,TRACK,0.0014687025686725974,0.002606830559670925,-0.2824355959892273,0.0,0.0,0.0,0.0,-0.0,-0.0,0.0,0.0,0.0,0.0,0.0,0.0,0.0,0.11639508584265716,-0.588601889218579,0.5,0.0914628654718399,-0.7962432503700256,-0.6436563730239868,0.0,0.0,0.0,0.11070165038108826,-0.4898547828197479,0.4967736601829529,0.0,0.0,0.0,0.0,0.0,0.0,0.0,0.5955497701444866,0.07294156072397366,0.5,0.6654927730560303,-0.23843000829219818,0.07086192071437836,0.0,0.0,0.0,-0.040129344910383224,-0.1397608369588852,0.5396705269813538,0.0,0.0,0.0,0.0,0.0,0.0,0.0,0.4119265363527844,-0.4362528265219587,0.5
11.715,TRACK,0.0014687025686725974,0.002606830559670925,-0.2824355959892273,0.0,0.0,0.0,0.0,-0.0,-0.0,0.0,0.0,0.0,0.0,0.0,0.0,0.0,0.1174113822674119,-0.588400006215207,0.5,0.0914628654718399,-0.7962432503700256,-0.6436563730239868,0.0,0.0,0.0,0.11070165038108826,-0.4898547828197479,0.4967736601829529,0.0,0.0,0.0,0.0,0.0,0.0,0.0,0.5954729494854077,0.07356606847690747,0.5,0.6391115784645081,-0.21654309332370758,0.023733412846922874,0.0,0.0,0.0,0.012453935109078884,-0.05258328467607498,0.6323831677436829,0.0,0.0,0.0,0.0,0.0,0.0,0.0,0.4082384862243198,-0.4397059680801204,0.5
11.735,TRACK,0.0014687025686725974,0.002606830559670925,-0.2824355959892273,0.0,0.0,0.0,0.0,-0.0,-0.0,0.0,0.0,0.0,0.0,0.0,0.0,0.0,0.11842123391290615,-0.5881975955055789,0.5,0.0914628654718399,-0.7962432503700256,-0.6436563730239868,0.0,0.0,0.0,0.11070165038108826,-0.4898547828197479,0.4967736601829529,0.0,0.0,0.0,0.0,0.0,0.0,0.0,0.595395940758585,0.07418674900681047,0.5,0.6391115784645081,-0.21654309332370758,0.023733412846922874,0.0,0.0,0.0,0.012453935109078884,-0.05258328467607498,0.6323831677436829,0.0,0.0,0.0,0.0,0.0,0.0,0.0,0.4045438776069233,-0.4431074938327659,0.5
11.755,TRACK,0.0037277881056070328,0.006643353030085564,-0.7155082821846008,0.0,0.0,0.0,0.0,-0.0,-0.0,0.0,0.0,0.0,0.0,0.0,0.0,0.0,0.11942468065040715,-0.5879946816524348,0.5,0.0914628654718399,-0.7962432503700256,-0.6436563730239868,0.0,0.0,0.0,0.11070165038108826,-0.4898547828197479,0.4967736601829529,0.0,0.0,0.0,0.0,0.0,0.0,0.0,0.595317977123795,0.07480979958021981,0.5,0.6391115784645081,-0.21654309332370758,0.023733412846922874,0.0,0.0,0.0,0.012453935109078884,-0.05258328467607498,0.6323831677436829,0.0,0.0,0.0,0.0,0.0,0.0,0.0,0.4008433495656864,-0.4464578469564186,0.5
11.775,TRACK,0.0037277881056070328,0.006643353030085564,-0.7155082821846008,0.0,0.0,0.0,0.0,-0.0,-0.0,0.0,0.0,0.0,0.0,0.0,0.0,0.0,0.12042176215132701,-0.5877912888095308,0.5,0.0914628654718399,-0.7962432503700256,-0.6436563730239868,0.0,0.0,0.0,0.11070165038108826,-0.4898547828197479,0.4967736601829529,0.0,0.0,0.0,0.0,0.0,0.0,0.0,0.5952398351373008,0.07542903065609975,0.5,0.6391115784645081,-0.21654309332370758,0.023733412846922874,0.0,0.0,0.0,0.012453935109078884,-0.05258328467607498,0.6323831677436829,0.0,0.0,0.0,0.0,0.0,0.0,0.0,0.39713752749370024,-0.4497574727074476,0.5
11.795,TRACK,0.0037277881056070328,0.006643353030085564,-0.7155082821846008,0.0,0.0,0.0,0.0,-0.0,-0.0,0.0,0.0,0.0,0.0,0.0,0.0,0.0,0.12141251788697377,-0.5875874407272038,0.5,0.40259817242622375,-0.36083275079727173,-0.22651246190071106,0.0,0.0,0.0,0.02214032970368862,-0.13699328899383545,0.4953898787498474,0.0,0.0,0.0,0.0,0.0,0.0,0.0,0.5951615236833505,0.07604446545878649,0.5,0.6391115784645081,-0.21654309332370758,0.023733412846922874,0.0,0.0,0.0,0.012453935109078884,-0.05258328467607498,0.6323831677436829,0.0,0.0,0.0,0.0,0.0,0.0,0.0,0.39539572780973137,-0.4512895062261173,0.5
11.815,TRACK,0.0037277881056070328,0.006643353030085564,-0.7155082821846008,0.0,0.0,0.0,0.0,-0.0,-0.0,0.0,0.0,0.0,0.0,0.0,0.0,0.0,0.12212531365270145,-0.5874397056423998,0.5,0.40259817242622375,-0.36083275079727173,-0.22651246190071106,0.0,0.0,0.0,0.02214032970368862,-0.13699328899383545,0.4953898787498474,0.0,0.0,0.0,0.0,0.0,0.0,0.0,0.595083051498575,0.0766561270815602,0.5,0.6739853024482727,-0.2879495918750763,-0.0029879091307520866,0.0,0.0,0.0,0.07057230174541473,-0.009686394594609737,0.6725125312805176,0.0,0.0,0.0,0.0,0.0,0.0,0.0,0.3936585218963445,-0.4528056626615719,0.5
11.835,TRACK,0.0037277881056070328,0.006643353030085564,-0.7155082821846008,0.0,0.0,0.0,0.0,-0.0,-0.0,0.0,0.0,0.0,0.0,0.0,0.0,0.0,0.12283365449769346,-0.5872920000500103,0.5,0.40259817242622375,-0.36083275079727173,-0.22651246190071106,0.0,0.0,0.0,0.02214032970368862,-0.13699328899383545,0.4953898787498474,0.0,0.0,0.0,0.0,0.0,0.0,0.0,0.5950044271740013,0.07726403848711665,0.5,0.6739853024482727,-0.2879495918750763,-0.0029879091307520866,0.0,0.0,0.0,0.07057230174541473,-0.009686394594609737,0.6725125312805176,0.0,0.0,0.0,0.0,0.0,0.0,0.0,0.39192597768971094,-0.4543060950636302,0.5
11.855,TRACK,0.007131265476346016,0.012471538037061691,-1.3462563753128052,0.0,0.0,0.0,0.0,-0.0,-0.0,0.0,0.0,0.0,0.0,0.0,0.0,0.0,0.12353756826188358,-0.587144334238133,0.5,0.40259817242622375,-0.36083275079727173,-0.22651246190071106,0.0,0.0,0.0,0.02214032970368862,-0.13699328899383545,0.4953898787498474,0.0,0.0,0.0,0.0,0.0,0.0,0.0,0.5949256591570393,0.07786822250804379,0.5,0.6739853024482727,-0.2879495918750763,-0.0029879091307520866,0.0,0.0,0.0,0.07057230174541473,-0.009686394594609737,0.6725125312805176,0.0,0.0,0.0,0.0,0.0,0.0,0.0,0.39019816120424183,-0.45579095536531705,0.5
11.875,TRACK,0.007131265476346016,0.012471538037061691,-1.3462563753128052,0.0,0.0,0.0,0.0,-0.0,-0.0,0.0,0.0,0.0,0.0,0.0,0.0,0.0,0.12423708262339991,-0.5869967183053296,0.5,0.40259817242622375,-0.36083275079727173,-0.22651246190071106,0.0,0.0,0.0,0.02214032970368862,-0.13699328899383545,0.4953898787498474,0.0,0.0,0.0,0.0,0.0,0.0,0.0,0.5948505591971475,0.07843986373548173,0.5,0.6739853024482727,-0.2879495918750763,-0.0029879091307520866,0.0,0.0,0.0,0.07057230174541473,-0.009686394594609737,0.6725125312805176,0.0,0.0,0.0,0.0,0.0,0.0,0.0,0.3884751365665424,-0.4572603943811515,0.5
11.895,TRACK,0.007131265476346016,0.012471538037061691,-1.3462563753128052,0.0,0.0,0.0,0.0,-0.0,-0.0,0.0,0.0,0.0,0.0,0.0,0.0,0.0,0.12493222509913715,-0.5868491621633096,0.5,0.3586053252220154,-0.4219330847263336,-0.298270583152771,0.0,0.0,0.0,0.03874557837843895,-0.27537035942077637,0.44695791602134705,0.0,0.0,0.0,0.0,0.0,0.0,0.0,0.5947753655024198,0.0790080033380343,0.5,0.6739853024482727,-0.2879495918750763,-0.0029879091307520866,0.0,0.0,0.0,0.07057230174541473,-0.009686394594609737,0.6725125312805176,0.0,0.0,0.0,0.0,0.0,0.0,0.0,0.3867569660488825,-0.4587145618057743,0.5
11.915,TRACK,0.007131265476346016,0.012471538037061691,-1.3462563753128052,0.0,0.0,0.0,0.0,-0.0,-0.0,0.0,0.0,0.0,0.0,0.0,0.0,0.0,0.12567919285019735,-0.5866896457962445,0.5,0.3586053252220154,-0.4219330847263336,-0.298270583152771,0.0,0.0,0.0,0.03874557837843895,-0.27537035942077637,0.44695791602134705,0.0,0.0,0.0,0.0,0.0,0.0,0.0,0.5947000852156689,0.07957266267051881,0.5,0.6114838123321533,-0.24978584051132202,-0.003232944291085005,0.0,0.0,0.0,0.03736180439591408,-0.04428065940737724,0.6711287498474121,0.0,0.0,0.0,0.0,0.0,0.0,0.0,0.38466917642683257,-0.46046674658122966,0.5
11.935,TRACK,0.007131265476346016,0.012471538037061691,-1.3462563753128052,0.0,0.0,0.0,0.0,-0.0,-0.0,0.0,0.0,0.0,0.0,0.0,0.0,0.0,0.1264214769542237,-0.5865301442932943,0.5,0.3586053252220154,-0.4219330847263336,-0.298270583152771,0.0,0.0,0.0,0.03874557837843895,-0.27537035942077637,0.44695791602134705,0.0,0.0,0.0,0.0,0.0,0.0,0.0,0.594624725357386,0.0801338629647499,0.5,0.6114838123321533,-0.24978584051132202,-0.003232944291085005,0.0,0.0,0.0,0.03736180439591408,-0.04428065940737724,0.6711287498474121,0.0,0.0,0.0,0.0,0.0,0.0,0.0,0.38258604666281476,-0.46219900140406894,0.5
11.955,TRACK,0.011698996648192406,0.020138297230005264,-2.1746866703033447,0.0,0.0,0.0,0.0,-0.0,-0.0,0.0,0.0,0.0,0.0,0.0,0.0,0.0,0.12715910675004502,-0.5863706690912589,0.5,0.3586053252220154,-0.4219330847263336,-0.298270583152771,0.0,0.0,0.0,0.03874557837843895,-0.27537035942077637,0.44695791602134705,0.0,0.0,0.0,0.0,0.0,0.0,0.0,0.5945492928274282,0.08069162533004962,0.5,0.6114838123321533,-0.24978584051132202,-0.003232944291085005,0.0,0.0,0.0,0.03736180439591408,-0.04428065940737724,0.6711287498474121,0.0,0.0,0.0,0.0,0.0,0.0,0.0,0.3805076850090556,-0.4639115235139663,0.5
11.975,TRACK,0.011698996648192406,0.020138297230005264,-2.1746866703033447,0.0,0.0,0.0,0.0,-0.0,-0.0,0.0,0.0,0.0,0.0,0.0,0.0,0.0,0.12789211140704737,-0.5862112314173512,0.5,0.3586053252220154,-0.4219330847263336,-0.298270583152771,0.0,0.0,0.0,0.03874557837843895,-0.27537035942077637,0.44695791602134705,0.0,0.0,0.0,0.0,0.0,0.0,0.0,0.5944771345709472,0.08122152714838513,0.5,0.6114838123321533,-0.24978584051132202,-0.003232944291085005,0.0,0.0,0.0,0.03736180439591408,-0.04428065940737724,0.6711287498474121,0.0,0.0,0.0,0.0,0.0,0.0,0.0,0.3784341968398621,-0.4656045088507718,0.5
11.995,TRACK,0.011698996648192406,0.020138297230005264,-2.1746866703033447,0.0,0.0,0.0,0.0,-0.0,-0.0,0.0,0.0,0.0,0.0,0.0,0.0,0.0,0.12862051992572385,-0.5860518422921615,0.5,0.3586053252220154,-0.4219330847263336,-0.298270583152771,0.0,0.0,0.0,0.03874557837843895,-0.27537035942077637,0.44695791602134705,0.0,0.0,0.0,0.0,0.0,0.0,0.0,0.5944049412223426,0.08174818560961129,0.5,0.6114838123321533,-0.24978584051132202,-0.003232944291085005,0.0,0.0,0.0,0.03736180439591408,-0.04428065940737724,0.6711287498474121,0.0,0.0,0.0,0.0,0.0,0.0,0.0,0.37636568470177334,-0.46727815204540146,0.5
12.015,TRACK,0.011698996648192406,0.020138297230005264,-2.1746866703033447,0.0,0.0,0.0,0.0,-0.0,-0.0,0.0,0.0,0.0,0.0,0.0,0.0,0.0,0.12927385066280658,-0.585908074304161,0.5,0.3934703469276428,-0.374382883310318,-0.20050206780433655,0.0,0.0,0.0,0.040129344910383224,-0.37085050344467163,0.4552605152130127,0.0,0.0,0.0,0.0,0.0,0.0,0.0,0.5943327186479759,0.082271620529232,0.5,0.6024523377418518,-0.26031506061553955,0.00030665117083117366,0.0,0.0,0.0,0.03874557837843895,-0.040129344910383224,0.6697449684143066,0.0,0.0,0.0,0.0,0.0,0.0,0.0,0.37459987726438276,-0.4686949241815078,0.5
12.035,TRACK,0.011698996648192406,0.020138297230005264,-2.1746866703033447,0.0,0.0,0.0,0.0,-0.0,-0.0,0.0,0.0,0.0,0.0,0.0,0.0,0.0,0.1299231021621961,-0.5857644471325923,0.5,0.3934703469276428,-0.374382883310318,-0.20050206780433655,0.0,0.0,0.0,0.040129344910383224,-0.37085050344467163,0.4552605152130127,0.0,0.0,0.0,0.0,0.0,0.0,0.0,0.5942604726106951,0.08279185160698581,0.5,0.6024523377418518,-0.26031506061553955,0.00030665117083117366,0.0,0.0,0.0,0.03874557837843895,-0.040129344910383224,0.6697449684143066,0.0,0.0,0.0,0.0,0.0,0.0,0.0,0.3728393793466656,-0.47009658285121914,0.5
12.055,TRACK,0.00017613539239391685,0.00031471639522351325,-0.03326170891523361,0.0,0.0,0.0,-0.0,-0.0,-0.0,0.0,0.0,0.0,0.0,0.0,0.0,0.0,0.13056830001435854,-0.5856209687428895,0.5,0.3934703469276428,-0.374382883310318,-0.20050206780433655,0.0,0.0,0.0,0.040129344910383224,-0.37085050344467163,0.4552605152130127,0.0,0.0,0.0,0.0,0.0,0.0,0.0,0.5941801838268231,0.08336611510393578,0.5,0.6024523377418518,-0.26031506061553955,0.00030665117083117366,0.0,0.0,0.0,0.03874557837843895,-0.040129344910383224,0.6697449684143066,0.0,0.0,0.0,0.0,0.0,0.0,0.0,0.3710842468671113,-0.47148327831119186,0.5
12.075,TRACK,0.00017613539239391685,0.00031471639522351325,-0.03326170891523361,0.0,0.0,0.0,-0.0,-0.0,-0.0,0.0,0.0,0.0,0.0,0.0,0.0,0.0,0.13120946965720678,-0.5854776469450175,0.5,0.3934703469276428,-0.374382883310318,-0.20050206780433655,0.0,0.0,0.0,0.040129344910383224,-0.37085050344467163,0.4552605152130127,0.0,0.0,0.0,0.0,0.0,0.0,0.0,0.5940998268206784,0.08393685585986568,0.5,0.6024523377418518,-0.26031506061553955,0.00030665117083117366,0.0,0.0,0.0,0.03874557837843895,-0.040129344910383224,0.6697449684143066,0.0,0.0,0.0,0.0,0.0,0.0,0.0,0.36933453399103244,-0.47285515964365543,0.5
12.095,TRACK,0.00017613539239391685,0.00031471639522351325,-0.03326170891523361,0.0,0.0,0.0,-0.0,-0.0,-0.0,0.0,0.0,0.0,0.0,0.0,0.0,0.0,0.1318466363767437,-0.5853344893957119,0.5,0.3934703469276428,-0.374382883310318,-0.20050206780433655,0.0,0.0,0.0,0.040129344910383224,-0.37085050344467163,0.4552605152130127,0.0,0.0,0.0,0.0,0.0,0.0,0.0,0.5940194086547416,0.08450409541241788,0.5,0.6024523377418518,-0.26031506061553955,0.00030665117083117366,0.0,0.0,0.0,0.03874557837843895,-0.040129344910383224,0.6697449684143066,0.0,0.0,0.0,0.0,0.0,0.0,0.0,0.36759029316258907,-0.47421237475696665,0.5
12.115,TRACK,0.00017613539239391685,0.00031471639522351325,-0.03326170891523361,0.0,0.0,0.0,-0.0,-0.0,-0.0,0.0,0.0,0.0,0.0,0.0,0.0,0.0,0.13247982530771021,-0.5851915036006919,0.5,0.36593714356422424,-0.40056392550468445,-0.2429441660642624,0.0,0.0,0.0,-0.0013837706064805388,-0.2546137869358063,0.4594118297100067,0.0,0.0,0.0,0.0,0.0,0.0,0.0,0.5939389362686962,0.08506785517461714,0.5,0.5775376558303833,-0.229733407497406,0.03245727717876434,0.0,0.0,0.0,0.02629164233803749,-0.03044295310974121,0.6642099022865295,0.0,0.0,0.0,0.0,0.0,0.0,0.0,0.36585157513633915,-0.475555070386448,0.5
12.135,TRACK,0.00017613539239391685,0.00031471639522351325,-0.03326170891523361,0.0,0.0,0.0,-0.0,-0.0,-0.0,0.0,0.0,0.0,0.0,0.0,0.0,0.0,0.1332118082513789,-0.585025310685271,0.5,0.36593714356422424,-0.40056392550468445,-0.2429441660642624,0.0,0.0,0.0,-0.0013837706064805388,-0.2546137869358063,0.4594118297100067,0.0,0.0,0.0,0.0,0.0,0.0,0.0,0.5938584164811305,0.08562815643539366,0.5,0.5775376558303833,-0.229733407497406,0.03245727717876434,0.0,0.0,0.0,0.02629164233803749,-0.03044295310974121,0.6642099022865295,0.0,0.0,0.0,0.0,0.0,0.0,0.0,0.36391811293682996,-0.47703627438224927,0.5
12.155,TRACK,0.0013892611023038626,0.002394377952441573,-0.2530924677848816,0.0,0.0,0.0,0.0,-0.0,0.0,0.0,0.0,0.0,0.0,0.0,0.0,0.0,0.133939192688702,-0.584859207555031,0.5,0.36593714356422424,-0.40056392550468445,-0.2429441660642624,0.0,0.0,0.0,-0.0013837706064805388,-0.2546137869358063,0.4594118297100067,0.0,0.0,0.0,0.0,0.0,0.0,0.0,0.5937858761152651,0.08612974704494934,0.5,0.5775376558303833,-0.229733407497406,0.03245727717876434,0.0,0.0,0.0,0.02629164233803749,-0.03044295310974121,0.6642099022865295,0.0,0.0,0.0,0.0,0.0,0.0,0.0,0.3619903085047567,-0.47850080099058456,0.5
12.175,TRACK,0.0013892611023038626,0.002394377952441573,-0.2530924677848816,0.0,0.0,0.0,0.0,-0.0,0.0,0.0,0.0,0.0,0.0,0.0,0.0,0.0,0.13466200756789654,-0.5846932047816049,0.5,0.36593714356422424,-0.40056392550468445,-0.2429441660642624,0.0,0.0,0.0,-0.0013837706064805388,-0.2546137869358063,0.4594118297100067,0.0,0.0,0.0,0.0,0.0,0.0,0.0,0.5937133511384131,0.08662826721108603,0.5,0.5775376558303833,-0.229733407497406,0.03245727717876434,0.0,0.0,0.0,0.02629164233803749,-0.03044295310974121,0.6642099022865295,0.0,0.0,0.0,0.0,0.0,0.0,0.0,0.3600682301009678,-0.4799488198464046,0.5
12.195,TRACK,0.0013892611023038626,0.002394377952441573,-0.2530924677848816,0.0,0.0,0.0,0.0,-0.0,0.0,0.0,0.0,0.0,0.0,0.0,0.0,0.0,0.1353802816675082,-0.5845273127370748,0.5,0.3976935148239136,-0.347341924905777,-0.19100889563560486,0.0,0.0,0.0,-0.02629164233803749,-0.1702037900686264,0.43588772416114807,0.0,0.0,0.0,0.0,0.0,0.0,0.0,0.5936408465320308,0.0871237357367891,0.5,0.5775376558303833,-0.229733407497406,0.03245727717876434,0.0,0.0,0.0,0.02629164233803749,-0.03044295310974121,0.6642099022865295,0.0,0.0,0.0,0.0,0.0,0.0,0.0,0.3581519438905121,-0.48138049928040033,0.5
12.215,TRACK,0.0013892611023038626,0.002394377952441573,-0.2530924677848816,0.0,0.0,0.0,0.0,-0.0,0.0,0.0,0.0,0.0,0.0,0.0,0.0,0.0,0.1361155782237601,-0.5843565259024762,0.5,0.3976935148239136,-0.347341924905777,-0.19100889563560486,0.0,0.0,0.0,-0.02629164233803749,-0.1702037900686264,0.43588772416114807,0.0,0.0,0.0,0.0,0.0,0.0,0.0,0.5935683671863627,0.0876161713139491,0.5,0.5773124694824219,-0.2255469113588333,0.04597955197095871,0.0,0.0,0.0,0.02629164233803749,-0.02214032970368862,0.6600585579872131,0.0,0.0,0.0,0.0,0.0,0.0,0.0,0.35656768095369457,-0.4825551666900938,0.5
12.235,TRACK,0.0013892611023038626,0.002394377952441573,-0.2530924677848816,0.0,0.0,0.0,0.0,-0.0,0.0,0.0,0.0,0.0,0.0,0.0,0.0,0.0,0.13684624948642735,-0.5841858471424127,0.5,0.3976935148239136,-0.347341924905777,-0.19100889563560486,0.0,0.0,0.0,-0.02629164233803749,-0.1702037900686264,0.43588772416114807,0.0,0.0,0.0,0.0,0.0,0.0,0.0,0.593495917901727,0.08810559252389465,0.5,0.5773124694824219,-0.2255469113588333,0.04597955197095871,0.0,0.0,0.0,0.02629164233803749,-0.02214032970368862,0.6600585579872131,0.0,0.0,0.0,0.0,0.0,0.0,0.0,0.35498910551797186,-0.48371761903361565,0.5
12.255,TRACK,0.0036787271965295076,0.006219890434294939,-0.6683706045150757,0.0,0.0,0.0,0.0,-0.0,-0.0,0.0,0.0,0.0,0.0,0.0,0.0,0.0,0.13757232462929264,-0.584015287039725,0.5,0.3976935148239136,-0.347341924905777,-0.19100889563560486,0.0,0.0,0.0,-0.02629164233803749,-0.1702037900686264,0.43588772416114807,0.0,0.0,0.0,0.0,0.0,0.0,0.0,0.5934279458465347,0.0885622554385458,0.5,0.5773124694824219,-0.2255469113588333,0.04597955197095871,0.0,0.0,0.0,0.02629164233803749,-0.02214032970368862,0.6600585579872131,0.0,0.0,0.0,0.0,0.0,0.0,0.0,0.3534162458386714,-0.4848679791214303,0.5
12.275,TRACK,0.0036787271965295076,0.006219890434294939,-0.6683706045150757,0.0,0.0,0.0,0.0,-0.0,-0.0,0.0,0.0,0.0,0.0,0.0,0.0,0.0,0.13829383265466985,-0.5838448559760394,0.5,0.3976935148239136,-0.347341924905777,-0.19100889563560486,0.0,0.0,0.0,-0.02629164233803749,-0.1702037900686264,0.43588772416114807,0.0,0.0,0.0,0.0,0.0,0.0,0.0,0.5933600334023764,0.0890161264082569,0.5,0.5773124694824219,-0.2255469113588333,0.04597955197095871,0.0,0.0,0.0,0.02629164233803749,-0.02214032970368862,0.6600585579872131,0.0,0.0,0.0,0.0,0.0,0.0,0.0,0.3518491289957148,-0.4860063687082267,0.5
12.295,TRACK,0.0036787271965295076,0.006219890434294939,-0.6683706045150757,0.0,0.0,0.0,0.0,-0.0,-0.0,0.0,0.0,0.0,0.0,0.0,0.0,0.0,0.13901080239401598,-0.5836745641346484,0.5,0.3976935148239136,-0.347341924905777,-0.19100889563560486,0.0,0.0,0.0,-0.02629164233803749,-0.1702037900686264,0.43588772416114807,0.0,0.0,0.0,0.0,0.0,0.0,0.0,0.5932921844170791,0.08946722254328958,0.5,0.5773124694824219,-0.2255469113588333,0.04597955197095871,0.0,0.0,0.0,0.02629164233803749,-0.02214032970368862,0.6600585579872131,0.0,0.0,0.0,0.0,0.0,0.0,0.0,0.35028778091624607,-0.48713290849702606,0.5
12.315,TRACK,0.0036787271965295076,0.006219890434294939,-0.6683706045150757,0.0,0.0,0.0,0.0,-0.0,-0.0,0.0,0.0,0.0,0.0,0.0,0.0,0.0,0.1397232625085507,-0.5835044215033564,0.5,0.30912238359451294,-0.43235909938812256,-0.2364751398563385,0.0,0.0,0.0,-0.009686394594609737,-0.17850640416145325,0.423433780670166,0.0,0.0,0.0,0.0,0.0,0.0,0.0,0.5932244026645614,0.08991556085169151,0.5,0.5756788849830627,-0.23348784446716309,0.034869469702243805,0.0,0.0,0.0,0.027675412595272064,-0.020756559446454048,0.6559072732925415,0.0,0.0,0.0,0.0,0.0,0.0,0.0,0.34873222639690327,-0.48824771814342255,0.5
12.335,TRACK,0.0036787271965295076,0.006219890434294939,-0.6683706045150757,0.0,0.0,0.0,0.0,-0.0,-0.0,0.0,0.0,0.0,0.0,0.0,0.0,0.0,0.1403862186236842,-0.5833452747906193,0.5,0.30912238359451294,-0.43235909938812256,-0.2364751398563385,0.0,0.0,0.0,-0.009686394594609737,-0.17850640416145325,0.423433780670166,0.0,0.0,0.0,0.0,0.0,0.0,0.0,0.5931566918458886,0.09036115823981906,0.5,0.5756788849830627,-0.23348784446716309,0.034869469702243805,0.0,0.0,0.0,0.027675412595272064,-0.020756559446454048,0.6559072732925415,0.0,0.0,0.0,0.0,0.0,0.0,0.0,0.34650045318772754,-0.48983409021902447,0.5
12.355,TRACK,0.006672291550785303,0.011165544390678406,-1.2112787961959839,0.0,0.0,0.0,0.0,-0.0,-0.0,0.0,0.0,0.0,0.0,0.0,0.0,0.0,0.14104501736276823,-0.5831863364972951,0.5,0.30912238359451294,-0.43235909938812256,-0.2364751398563385,0.0,0.0,0.0,-0.009686394594609737,-0.17850640416145325,0.423433780670166,0.0,0.0,0.0,0.0,0.0,0.0,0.0,0.5930915242061923,0.09078790621429521,0.5,0.5756788849830627,-0.23348784446716309,0.034869469702243805,0.0,0.0,0.0,0.027675412595272064,-0.020756559446454048,0.6559072732925415,0.0,0.0,0.0,0.0,0.0,0.0,0.0,0.34427491909636976,-0.4914008344327348,0.5
12.375,TRACK,0.006672291550785303,0.011165544390678406,-1.2112787961959839,0.0,0.0,0.0,0.0,-0.0,-0.0,0.0,0.0,0.0,0.0,0.0,0.0,0.0,0.14169968498632718,-0.5830276145044724,0.5,0.30912238359451294,-0.43235909938812256,-0.2364751398563385,0.0,0.0,0.0,-0.009686394594609737,-0.17850640416145325,0.423433780670166,0.0,0.0,0.0,0.0,0.0,0.0,0.0,0.5930264433051723,0.09121204712546073,0.5,0.5756788849830627,-0.23348784446716309,0.034869469702243805,0.0,0.0,0.0,0.027675412595272064,-0.020756559446454048,0.6559072732925415,0.0,0.0,0.0,0.0,0.0,0.0,0.0,0.342055717632336,-0.49294815755313215,0.5
12.395,TRACK,0.006672291550785303,0.011165544390678406,-1.2112787961959839,0.0,0.0,0.0,0.0,-0.0,-0.0,0.0,0.0,0.0,0.0,0.0,0.0,0.0,0.1423502475967003,-0.5828691165340278,0.5,0.30912238359451294,-0.43235909938812256,-0.2364751398563385,0.0,0.0,0.0,-0.009686394594609737,-0.17850640416145325,0.423433780670166,0.0,0.0,0.0,0.0,0.0,0.0,0.0,0.5929614522956371,0.0916335969579327,0.5,0.5756788849830627,-0.23348784446716309,0.034869469702243805,0.0,0.0,0.0,0.027675412595272064,-0.020756559446454048,0.6559072732925415,0.0,0.0,0.0,0.0,0.0,0.0,0.0,0.3398429395069082,-0.49447626481693124,0.5
12.415,TRACK,0.006672291550785303,0.011165544390678406,-1.2112787961959839,0.0,0.0,0.0,0.0,-0.0,-0.0,0.0,0.0,0.0,0.0,0.0,0.0,0.0,0.1429332446833224,-0.5827264260047741,0.5,0.39838355779647827,-0.30888620018959045,-0.11027324944734573,0.0,0.0,0.0,-0.03321049362421036,-0.08025868982076645,0.3999096751213074,0.0,0.0,0.0,0.0,0.0,0.0,0.0,0.592896554267092,0.0920525716001958,0.5,0.5679706931114197,-0.24246177077293396,0.03589223697781563,0.0,0.0,0.0,0.024907870218157768,-0.020756559446454048,0.6531397104263306,0.0,0.0,0.0,0.0,0.0,0.0,0.0,0.33850086426689224,-0.49539596777786454,0.5
12.435,TRACK,0.006672291550785303,0.011165544390678406,-1.2112787961959839,0.0,0.0,0.0,0.0,-0.0,-0.0,0.0,0.0,0.0,0.0,0.0,0.0,0.0,0.14351260204229396,-0.58258401373111,0.5,0.39838355779647827,-0.30888620018959045,-0.11027324944734573,0.0,0.0,0.0,-0.03321049362421036,-0.08025868982076645,0.3999096751213074,0.0,0.0,0.0,0.0,0.0,0.0,0.0,0.5928317522466543,0.09246898684511204,0.5,0.5679706931114197,-0.24246177077293396,0.03589223697781563,0.0,0.0,0.0,0.024907870218157768,-0.020756559446454048,0.6531397104263306,0.0,0.0,0.0,0.0,0.0,0.0,0.0,0.337164374874434,-0.49630654268862107,0.5
12.455,TRACK,0.011103823781013489,0.01837236061692238,-2.0024383068084717,0.0,0.0,0.0,0.0,-0.0,-0.0,0.0,0.0,0.0,0.0,0.0,0.0,0.0,0.14408834264014003,-0.582441885096889,0.5,0.39838355779647827,-0.30888620018959045,-0.11027324944734573,0.0,0.0,0.0,-0.03321049362421036,-0.08025868982076645,0.3999096751213074,0.0,0.0,0.0,0.0,0.0,0.0,0.0,0.592769832131277,0.09286509632287955,0.5,0.5679706931114197,-0.24246177077293396,0.03589223697781563,0.0,0.0,0.0,0.024907870218157768,-0.020756559446454048,0.6531397104263306,0.0,0.0,0.0,0.0,0.0,0.0,0.0,0.335833476947162,-0.497208080949596,0.5
12.475,TRACK,0.011103823781013489,0.01837236061692238,-2.0024383068084717,0.0,0.0,0.0,0.0,-0.0,-0.0,0.0,0.0,0.0,0.0,0.0,0.0,0.0,0.1446604893023824,-0.5823000453673306,0.5,0.39838355779647827,-0.30888620018959045,-0.11027324944734573,0.0,0.0,0.0,-0.03321049362421036,-0.08025868982076645,0.3999096751213074,0.0,0.0,0.0,0.0,0.0,0.0,0.0,0.5927080212472791,0.09325878805311068,0.5,0.5679706931114197,-0.24246177077293396,0.03589223697781563,0.0,0.0,0.0,0.024907870218157768,-0.020756559446454048,0.6531397104263306,0.0,0.0,0.0,0.0,0.0,0.0,0.0,0.3345081754459199,-0.4981006731172341,0.5
12.495,TRACK,0.011103823781013489,0.01837236061692238,-2.0024383068084717,0.0,0.0,0.0,0.0,-0.0,-0.0,0.0,0.0,0.0,0.0,0.0,0.0,0.0,0.1452290647142371,-0.5821584996907869,0.5,0.39842063188552856,-0.3034677505493164,-0.07535600662231445,0.0,0.0,0.0,-0.03736180439591408,-0.08302623778581619,0.35839658975601196,0.0,0.0,0.0,0.0,0.0,0.0,0.0,0.5926463221043243,0.09365007686178038,0.5,0.5679706931114197,-0.24246177077293396,0.03589223697781563,0.0,0.0,0.0,0.024907870218157768,-0.020756559446454048,0.6531397104263306,0.0,0.0,0.0,0.0,0.0,0.0,0.0,0.3332142082375971,-0.4989672248039857,0.5
12.515,TRACK,0.011103823781013489,0.01837236061692238,-2.0024383068084717,0.0,0.0,0.0,0.0,-0.0,-0.0,0.0,0.0,0.0,0.0,0.0,0.0,0.0,0.1458785279545035,-0.5819960954180252,0.5,0.39842063188552856,-0.3034677505493164,-0.07535600662231445,0.0,0.0,0.0,-0.03736180439591408,-0.08302623778581619,0.35839658975601196,0.0,0.0,0.0,0.0,0.0,0.0,0.0,0.5925847371587808,0.09403897748518263,0.5,0.5830570459365845,-0.2324017584323883,0.026832012459635735,0.0,0.0,0.0,0.023524099960923195,-0.012453935109078884,0.6503721475601196,0.0,0.0,0.0,0.0,0.0,0.0,0.0,0.3319257801667924,-0.49982524592167826,0.5
12.535,TRACK,0.011103823781013489,0.01837236061692238,-2.0024383068084717,0.0,0.0,0.0,0.0,-0.0,-0.0,0.0,0.0,0.0,0.0,0.0,0.0,0.0,0.14652391443843896,-0.5818339475293934,0.5,0.39842063188552856,-0.3034677505493164,-0.07535600662231445,0.0,0.0,0.0,-0.03736180439591408,-0.08302623778581619,0.35839658975601196,0.0,0.0,0.0,0.0,0.0,0.0,0.0,0.5925232688145009,0.09442550457042136,0.5,0.5830570459365845,-0.2324017584323883,0.026832012459635735,0.0,0.0,0.0,0.023524099960923195,-0.012453935109078884,0.6503721475601196,0.0,0.0,0.0,0.0,0.0,0.0,0.0,0.33064289311369877,-0.5006748218488755,0.5
12.555,TRACK,8.3948063547723e-05,0.00013979242066852748,-0.015038922429084778,0.0,0.0,0.0,0.0,0.0,-0.0,0.0,0.0,0.0,0.0,0.0,0.0,0.0,0.14716524999309177,-0.5816720632748926,0.5,0.39842063188552856,-0.3034677505493164,-0.07535600662231445,0.0,0.0,0.0,-0.03736180439591408,-0.08302623778581619,0.35839658975601196,0.0,0.0,0.0,0.0,0.0,0.0,0.0,0.5924603094737456,0.0948197326418584,0.5,0.5830570459365845,-0.2324017584323883,0.026832012459635735,0.0,0.0,0.0,0.023524099960923195,-0.012453935109078884,0.6503721475601196,0.0,0.0,0.0,0.0,0.0,0.0,0.0,0.32936554838931514,-0.5015160371655184,0.5
12.575,TRACK,8.3948063547723e-05,0.00013979242066852748,-0.015038922429084778,0.0,0.0,0.0,0.0,0.0,-0.0,0.0,0.0,0.0,0.0,0.0,0.0,0.0,0.14780256028849056,-0.5815104497531984,0.5,0.39842063188552856,-0.3034677505493164,-0.07535600662231445,0.0,0.0,0.0,-0.03736180439591408,-0.08302623778581619,0.35839658975601196,0.0,0.0,0.0,0.0,0.0,0.0,0.0,0.5923974679501408,0.09521155374355474,0.5,0.5830570459365845,-0.2324017584323883,0.026832012459635735,0.0,0.0,0.0,0.023524099960923195,-0.012453935109078884,0.6503721475601196,0.0,0.0,0.0,0.0,0.0,0.0,0.0,0.32809374674760844,-0.502348975658472,0.5
12.595,TRACK,8.3948063547723e-05,0.00013979242066852748,-0.015038922429084778,0.0,0.0,0.0,0.0,0.0,-0.0,0.0,0.0,0.0,0.0,0.0,0.0,0.0,0.14843587083835097,-0.581349113913886,0.5,0.3687908351421356,-0.3173334002494812,-0.06781969219446182,0.0,0.0,0.0,-0.03321049362421036,-0.08441001176834106,0.3500939607620239,0.0,0.0,0.0,0.0,0.0,0.0,0.0,0.592334746673934,0.09560098264519204,0.5,0.5830570459365845,-0.2324017584323883,0.026832012459635735,0.0,0.0,0.0,0.023524099960923195,-0.012453935109078884,0.6503721475601196,0.0,0.0,0.0,0.0,0.0,0.0,0.0,0.32664750668712966,-0.5032905784684246,0.5
12.615,TRACK,8.3948063547723e-05,0.00013979242066852748,-0.015038922429084778,0.0,0.0,0.0,0.0,0.0,-0.0,0.0,0.0,0.0,0.0,0.0,0.0,0.0,0.14905822546789885,-0.5811898531636294,0.5,0.3687908351421356,-0.3173334002494812,-0.06781969219446182,0.0,0.0,0.0,-0.03321049362421036,-0.08441001176834106,0.3500939607620239,0.0,0.0,0.0,0.0,0.0,0.0,0.0,0.5922721480228811,0.09598803402696816,0.5,0.5937941074371338,-0.23806026577949524,0.027609245851635933,0.0,0.0,0.0,0.024907870218157768,-0.009686394594609737,0.6489884257316589,0.0,0.0,0.0,0.0,0.0,0.0,0.0,0.3252072660094039,-0.504222405427098,0.5
12.635,TRACK,8.3948063547723e-05,0.00013979242066852748,-0.015038922429084778,0.0,0.0,0.0,0.0,0.0,-0.0,0.0,0.0,0.0,0.0,0.0,0.0,0.0,0.14967667663162434,-0.5810308877095194,0.5,0.3687908351421356,-0.3173334002494812,-0.06781969219446182,0.0,0.0,0.0,-0.03321049362421036,-0.08441001176834106,0.3500939607620239,0.0,0.0,0.0,0.0,0.0,0.0,0.0,0.5922096743230185,0.09637272248008925,0.5,0.5937941074371338,-0.23806026577949524,0.027609245851635933,0.0,0.0,0.0,0.024907870218157768,-0.009686394594609737,0.6489884257316589,0.0,0.0,0.0,0.0,0.0,0.0,0.0,0.3237730324250988,-0.505144557007453,0.5
12.655,TRACK,0.001085316645912826,0.0017544360598549247,-0.1910436600446701,0.0,0.0,0.0,-0.0,-0.0,-0.0,0.0,0.0,0.0,0.0,0.0,0.0,0.0,0.1502912490820807,-0.5808722238576638,0.5,0.3687908351421356,-0.3173334002494812,-0.06781969219446182,0.0,0.0,0.0,-0.03321049362421036,-0.08441001176834106,0.3500939607620239,0.0,0.0,0.0,0.0,0.0,0.0,0.0,0.5921549842117556,0.0967081934128406,0.5,0.5937941074371338,-0.23806026577949524,0.027609245851635933,0.0,0.0,0.0,0.024907870218157768,-0.009686394594609737,0.6489884257316589,0.0,0.0,0.0,0.0,0.0,0.0,0.0,0.3223448128880498,-0.5060571327470528,0.5
12.675,TRACK,0.001085316645912826,0.0017544360598549247,-0.1910436600446701,0.0,0.0,0.0,-0.0,-0.0,-0.0,0.0,0.0,0.0,0.0,0.0,0.0,0.0,0.15090196741997952,-0.5807138677772208,0.5,0.3687908351421356,-0.3173334002494812,-0.06781969219446182,0.0,0.0,0.0,-0.03321049362421036,-0.08441001176834106,0.3500939607620239,0.0,0.0,0.0,0.0,0.0,0.0,0.0,0.592100433912732,0.09704162076322932,0.5,0.5937941074371338,-0.23806026577949524,0.027609245851635933,0.0,0.0,0.0,0.024907870218157768,-0.009686394594609737,0.6489884257316589,0.0,0.0,0.0,0.0,0.0,0.0,0.0,0.32092261361106844,-0.5069602312539325,0.5
12.695,TRACK,0.001085316645912826,0.0017544360598549247,-0.1910436600446701,0.0,0.0,0.0,-0.0,-0.0,-0.0,0.0,0.0,0.0,0.0,0.0,0.0,0.0,0.15150885609491285,-0.5805558255024326,0.5,0.39744073152542114,-0.29937559366226196,-0.04747157543897629,0.0,0.0,0.0,-0.031826723366975784,-0.05535082519054413,0.32933738827705383,0.0,0.0,0.0,0.0,0.0,0.0,0.0,0.5920460248573771,0.09737301705594806,0.5,0.5937941074371338,-0.23806026577949524,0.027609245851635933,0.0,0.0,0.0,0.024907870218157768,-0.009686394594609737,0.6489884257316589,0.0,0.0,0.0,0.0,0.0,0.0,0.0,0.31950644008148704,-0.5078539502125144,0.5
12.715,TRACK,0.001085316645912826,0.0017544360598549247,-0.1910436600446701,0.0,0.0,0.0,-0.0,-0.0,-0.0,0.0,0.0,0.0,0.0,0.0,0.0,0.0,0.15210777715528587,-0.5803991937700103,0.5,0.39744073152542114,-0.29937559366226196,-0.04747157543897629,0.0,0.0,0.0,-0.031826723366975784,-0.05535082519054413,0.32933738827705383,0.0,0.0,0.0,0.0,0.0,0.0,0.0,0.5919917584411211,0.09770239473927647,0.5,0.5840604901313782,-0.23496860265731812,0.02721407264471054,0.0,0.0,0.0,0.017989017069339752,-0.01107016485184431,0.6476046442985535,0.0,0.0,0.0,0.0,0.0,0.0,0.0,0.31829455200980045,-0.5086143707769968,0.5
12.735,TRACK,0.001085316645912826,0.0017544360598549247,-0.1910436600446701,0.0,0.0,0.0,-0.0,-0.0,-0.0,0.0,0.0,0.0,0.0,0.0,0.0,0.0,0.15270294421783756,-0.5802428895102498,0.5,0.39744073152542114,-0.29937559366226196,-0.04747157543897629,0.0,0.0,0.0,-0.031826723366975784,-0.05535082519054413,0.32933738827705383,0.0,0.0,0.0,0.0,0.0,0.0,0.0,0.5919376360239413,0.09802976618552106,0.5,0.5840604901313782,-0.23496860265731812,0.02721407264471054,0.0,0.0,0.0,0.017989017069339752,-0.01107016485184431,0.6476046442985535,0.0,0.0,0.0,0.0,0.0,0.0,0.0,0.3170881417278186,-0.5093673628881211,0.5
12.755,TRACK,0.0031572324223816395,0.0051939645782113075,-0.5648370385169983,0.0,0.0,0.0,0.0,-0.0,-0.0,0.0,0.0,0.0,0.0,0.0,0.0,0.0,0.15329438110604213,-0.5800869182470119,0.5,0.39744073152542114,-0.29937559366226196,-0.04747157543897629,0.0,0.0,0.0,-0.031826723366975784,-0.05535082519054413,0.32933738827705383,0.0,0.0,0.0,0.0,0.0,0.0,0.0,0.5918790492822084,0.09838287971384622,0.5,0.5840604901313782,-0.23496860265731812,0.02721407264471054,0.0,0.0,0.0,0.017989017069339752,-0.01107016485184431,0.6476046442985535,0.0,0.0,0.0,0.0,0.0,0.0,0.0,0.31588720454329833,-0.5101130012123004,0.5
12.775,TRACK,0.0031572324223816395,0.0051939645782113075,-0.5648370385169983,0.0,0.0,0.0,0.0,-0.0,-0.0,0.0,0.0,0.0,0.0,0.0,0.0,0.0,0.15388211149615008,-0.579931285379127,0.5,0.39744073152542114,-0.29937559366226196,-0.04747157543897629,0.0,0.0,0.0,-0.031826723366975784,-0.05535082519054413,0.32933738827705383,0.0,0.0,0.0,0.0,0.0,0.0,0.0,0.5918206053071459,0.09873383986194163,0.5,0.5840604901313782,-0.23496860265731812,0.02721407264471054,0.0,0.0,0.0,0.017989017069339752,-0.01107016485184431,0.6476046442985535,0.0,0.0,0.0,0.0,0.0,0.0,0.0,0.31469173534460704,-0.5108513596984937,0.5
12.795,TRACK,0.0031572324223816395,0.0051939645782113075,-0.5648370385169983,0.0,0.0,0.0,0.0,-0.0,-0.0,0.0,0.0,0.0,0.0,0.0,0.0,0.0,0.15446615891791787,-0.5797759961822708,0.5,0.39320430159568787,-0.29637935757637024,-0.05361482501029968,0.0,0.0,0.0,-0.03044295310974121,-0.05396705120801926,0.32241854071617126,0.0,0.0,0.0,0.0,0.0,0.0,0.0,0.5917623057600503,0.09908265984292515,0.5,0.5840604901313782,-0.23496860265731812,0.02721407264471054,0.0,0.0,0.0,0.017989017069339752,-0.01107016485184431,0.6476046442985535,0.0,0.0,0.0,0.0,0.0,0.0,0.0,0.3135017286103027,-0.5115825115837641,0.5
12.815,TRACK,0.0031572324223816395,0.0051939645782113075,-0.5648370385169983,0.0,0.0,0.0,0.0,-0.0,-0.0,0.0,0.0,0.0,0.0,0.0,0.0,0.0,0.15504778915876347,-0.5796207234709432,0.5,0.39320430159568787,-0.29637935757637024,-0.05361482501029968,0.0,0.0,0.0,-0.03044295310974121,-0.05396705120801926,0.32241854071617126,0.0,0.0,0.0,0.0,0.0,0.0,0.0,0.591704152261833,0.09942935278933261,0.5,0.5951154232025146,-0.23916904628276825,0.029291363433003426,0.0,0.0,0.0,0.017989017069339752,-0.006918853148818016,0.646220862865448,0.0,0.0,0.0,0.0,0.0,0.0,0.0,0.31231620663127907,-0.5123071218277647,0.5
12.835,TRACK,0.0031572324223816395,0.0051939645782113075,-0.5648370385169983,0.0,0.0,0.0,0.0,-0.0,-0.0,0.0,0.0,0.0,0.0,0.0,0.0,0.0,0.15562577493837604,-0.5794658041462238,0.5,0.39320430159568787,-0.29637935757637024,-0.05361482501029968,0.0,0.0,0.0,-0.03044295310974121,-0.05396705120801926,0.32241854071617126,0.0,0.0,0.0,0.0,0.0,0.0,0.0,0.5916461463936298,0.09977393175357722,0.5,0.5951154232025146,-0.23916904628276825,0.029291363433003426,0.0,0.0,0.0,0.017989017069339752,-0.006918853148818016,0.646220862865448,0.0,0.0,0.0,0.0,0.0,0.0,0.0,0.3111361379996409,-0.5130246618152663,0.5
12.855,TRACK,0.006350656505674124,0.010459811426699162,-1.1363804340362549,0.0,0.0,0.0,-0.0,-0.0,-0.0,0.0,0.0,0.0,0.0,0.0,0.0,0.0,0.15620013940438496,-0.5793112431586761,0.5,0.39320430159568787,-0.29637935757637024,-0.05361482501029968,0.0,0.0,0.0,-0.03044295310974121,-0.05396705120801926,0.32241854071617126,0.0,0.0,0.0,0.0,0.0,0.0,0.0,0.5915882896974028,0.10011640970840731,0.5,0.5951154232025146,-0.23916904628276825,0.029291363433003426,0.0,0.0,0.0,0.017989017069339752,-0.006918853148818016,0.646220862865448,0.0,0.0,0.0,0.0,0.0,0.0,0.0,0.30996151604933525,-0.5137352027731774,0.5
12.875,TRACK,0.006350656505674124,0.010459811426699162,-1.1363804340362549,0.0,0.0,0.0,-0.0,-0.0,-0.0,0.0,0.0,0.0,0.0,0.0,0.0,0.0,0.1567709055605528,-0.5791570453423874,0.5,0.39320430159568787,-0.29637935757637024,-0.05361482501029968,0.0,0.0,0.0,-0.03044295310974121,-0.05396705120801926,0.32241854071617126,0.0,0.0,0.0,0.0,0.0,0.0,0.0,0.5915302678653888,0.10045865915440763,0.5,0.5951154232025146,-0.23916904628276825,0.029291363433003426,0.0,0.0,0.0,0.017989017069339752,-0.006918853148818016,0.646220862865448,0.0,0.0,0.0,0.0,0.0,0.0,0.0,0.30879233374020437,-0.5144388152378067,0.5
12.895,TRACK,0.006350656505674124,0.010459811426699162,-1.1363804340362549,0.0,0.0,0.0,-0.0,-0.0,-0.0,0.0,0.0,0.0,0.0,0.0,0.0,0.0,0.15733809626750977,-0.579003215416733,0.5,0.39320430159568787,-0.29637935757637024,-0.05361482501029968,0.0,0.0,0.0,-0.03044295310974121,-0.05396705120801926,0.32241854071617126,0.0,0.0,0.0,0.0,0.0,0.0,0.0,0.5914723979424427,0.10079882177990347,0.5,0.5951154232025146,-0.23916904628276825,0.029291363433003426,0.0,0.0,0.0,0.017989017069339752,-0.006918853148818016,0.646220862865448,0.0,0.0,0.0,0.0,0.0,0.0,0.0,0.30762858366678425,-0.5151355690603866,0.5
12.915,TRACK,0.006350656505674124,0.010459811426699162,-1.1363804340362549,0.0,0.0,0.0,-0.0,-0.0,-0.0,0.0,0.0,0.0,0.0,0.0,0.0,0.0,0.15793308772330183,-0.5788412043057956,0.5,0.3967341184616089,-0.2910938858985901,-0.0643579438328743,0.0,0.0,0.0,-0.027675412595272064,-0.04704819992184639,0.3099646270275116,0.0,0.0,0.0,0.0,0.0,0.0,0.0,0.5914146813836763,0.10113691039301431,0.5,0.5858041048049927,-0.2293064445257187,0.036084044724702835,0.0,0.0,0.0,0.01107016485184431,-0.006918853148818016,0.6420695185661316,0.0,0.0,0.0,0.0,0.0,0.0,0.0,0.3065101687075155,-0.5158018189953292,0.5
12.935,TRACK,0.006350656505674124,0.010459811426699162,-1.1363804340362549,0.0,0.0,0.0,-0.0,-0.0,-0.0,0.0,0.0,0.0,0.0,0.0,0.0,0.0,0.1585243439077241,-0.5786795593319549,0.5,0.3967341184616089,-0.2910938858985901,-0.0643579438328743,0.0,0.0,0.0,-0.027675412595272064,-0.04704819992184639,0.3099646270275116,0.0,0.0,0.0,0.0,0.0,0.0,0.0,0.5913571196068805,0.10147293772358038,0.5,0.5858041048049927,-0.2293064445257187,0.036084044724702835,0.0,0.0,0.0,0.01107016485184431,-0.006918853148818016,0.6420695185661316,0.0,0.0,0.0,0.0,0.0,0.0,0.0,0.30539703425644305,-0.5164616650511138,0.5
12.955,TRACK,0.010633901692926884,0.01761549524962902,-1.9056463241577148,0.0,0.0,0.0,-0.0,-0.0,-0.0,0.0,0.0,0.0,0.0,0.0,0.0,0.0,0.15911188859879669,-0.578518285714915,0.5,0.3967341184616089,-0.2910938858985901,-0.0643579438328743,0.0,0.0,0.0,-0.027675412595272064,-0.04704819992184639,0.3099646270275116,0.0,0.0,0.0,0.0,0.0,0.0,0.0,0.5912981579890657,0.10181595336064868,0.5,0.5858041048049927,-0.2293064445257187,0.036084044724702835,0.0,0.0,0.0,0.01107016485184431,-0.006918853148818016,0.6420695185661316,0.0,0.0,0.0,0.0,0.0,0.0,0.0,0.3042891708698682,-0.5171151713993007,0.5
12.975,TRACK,0.010633901692926884,0.01761549524962902,-1.9056463241577148,0.0,0.0,0.0,-0.0,-0.0,-0.0,0.0,0.0,0.0,0.0,0.0,0.0,0.0,0.15969574542663287,-0.5783573885519507,0.5,0.3967341184616089,-0.2910938858985901,-0.0643579438328743,0.0,0.0,0.0,-0.027675412595272064,-0.04704819992184639,0.3099646270275116,0.0,0.0,0.0,0.0,0.0,0.0,0.0,0.5912393529624393,0.10215687695185308,0.5,0.5858041048049927,-0.2293064445257187,0.036084044724702835,0.0,0.0,0.0,0.01107016485184431,-0.006918853148818016,0.6420695185661316,0.0,0.0,0.0,0.0,0.0,0.0,0.0,0.3031865688092887,-0.5177624015836322,0.5
12.995,TRACK,0.010633901692926884,0.01761549524962902,-1.9056463241577148,0.0,0.0,0.0,-0.0,-0.0,-0.0,0.0,0.0,0.0,0.0,0.0,0.0,0.0,0.1602759378741877,-0.5781968728197598,0.5,0.3848769962787628,-0.2998310625553131,-0.05711767449975014,0.0,0.0,0.0,-0.02214032970368862,-0.045664429664611816,0.3058133125305176,0.0,0.0,0.0,0.0,0.0,0.0,0.0,0.5911807059658728,0.10249572134334298,0.5,0.5858041048049927,-0.2293064445257187,0.036084044724702835,0.0,0.0,0.0,0.01107016485184431,-0.006918853148818016,0.6420695185661316,0.0,0.0,0.0,0.0,0.0,0.0,0.0,0.3019995719958847,-0.5184556475864666,0.5
13.015,TRACK,0.010633901692926884,0.01761549524962902,-1.9056463241577148,0.0,0.0,0.0,-0.0,-0.0,-0.0,0.0,0.0,0.0,0.0,0.0,0.0,0.0,0.16083333340965483,-0.5780420736108565,0.5,0.3848769962787628,-0.2998310625553131,-0.05711767449975014,0.0,0.0,0.0,-0.02214032970368862,-0.045664429664611816,0.3058133125305176,0.0,0.0,0.0,0.0,0.0,0.0,0.0,0.591122218400866,0.10283249930269568,0.5,0.5812535881996155,-0.2312355637550354,0.02680099382996559,0.0,0.0,0.0,0.009686394594609737,-0.00830262340605259,0.6406857967376709,0.0,0.0,0.0,0.0,0.0,0.0,0.0,0.30081812626708687,-0.5191420373165314,0.5
13.035,TRACK,0.010633901692926884,0.01761549524962902,-1.9056463241577148,0.0,0.0,0.0,-0.0,-0.0,-0.0,0.0,0.0,0.0,0.0,0.0,0.0,0.0,0.16138723640668898,-0.5778876706809131,0.5,0.3848769962787628,-0.2998310625553131,-0.05711767449975014,0.0,0.0,0.0,-0.02214032970368862,-0.045664429664611816,0.3058133125305176,0.0,0.0,0.0,0.0,0.0,0.0,0.0,0.5910638916321183,0.10316722351936938,0.5,0.5812535881996155,-0.2312355637550354,0.02680099382996559,0.0,0.0,0.0,0.009686394594609737,-0.00830262340605259,0.6406857967376709,0.0,0.0,0.0,0.0,0.0,0.0,0.0,0.29964222318253547,-0.5198216406482397,0.5
13.055,TRACK,5.0574017222970724e-05,7.771827222313732e-05,-0.008310378529131413,0.0,0.0,0.0,-0.0,-0.0,-0.0,0.0,0.0,0.0,0.0,0.0,0.0,0.0,0.16193766908898993,-0.5777336681638217,0.5,0.3848769962787628,-0.2998310625553131,-0.05711767449975014,0.0,0.0,0.0,-0.02214032970368862,-0.045664429664611816,0.3058133125305176,0.0,0.0,0.0,0.0,0.0,0.0,0.0,0.5910266922615005,0.1033801191449763,0.5,0.5812535881996155,-0.2312355637550354,0.02680099382996559,0.0,0.0,0.0,0.009686394594609737,-0.00830262340605259,0.6406857967376709,0.0,0.0,0.0,0.0,0.0,0.0,0.0,0.2984718539542248,-0.5204945267696173,0.5
13.075,TRACK,5.0574017222970724e-05,7.771827222313732e-05,-0.008310378529131413,0.0,0.0,0.0,-0.0,-0.0,-0.0,0.0,0.0,0.0,0.0,0.0,0.0,0.0,0.16248465354089217,-0.5775800700887247,0.5,0.3848769962787628,-0.2998310625553131,-0.05711767449975014,0.0,0.0,0.0,-0.02214032970368862,-0.045664429664611816,0.3058133125305176,0.0,0.0,0.0,0.0,0.0,0.0,0.0,0.5909896400928746,0.10359172410426681,0.5,0.5812535881996155,-0.2312355637550354,0.02680099382996559,0.0,0.0,0.0,0.009686394594609737,-0.00830262340605259,0.6406857967376709,0.0,0.0,0.0,0.0,0.0,0.0,0.0,0.2973070094549407,-0.5211607641879421,0.5
13.095,TRACK,5.0574017222970724e-05,7.771827222313732e-05,-0.008310378529131413,0.0,0.0,0.0,-0.0,-0.0,-0.0,0.0,0.0,0.0,0.0,0.0,0.0,0.0,0.16302821170810683,-0.577426880381626,0.5,0.3848769962787628,-0.2998310625553131,-0.05711767449975014,0.0,0.0,0.0,-0.02214032970368862,-0.045664429664611816,0.3058133125305176,0.0,0.0,0.0,0.0,0.0,0.0,0.0,0.5909527351569306,0.10380204627338806,0.5,0.5812535881996155,-0.2312355637550354,0.02680099382996559,0.0,0.0,0.0,0.009686394594609737,-0.00830262340605259,0.6406857967376709,0.0,0.0,0.0,0.0,0.0,0.0,0.0,0.29614768022654947,-0.521820420735365,0.5
13.115,TRACK,5.0574017222970724e-05,7.771827222313732e-05,-0.008310378529131413,0.0,0.0,0.0,-0.0,-0.0,-0.0,0.0,0.0,0.0,0.0,0.0,0.0,0.0,0.1635781332941143,-0.5772713350825701,0.5,0.4000724256038666,-0.2948550879955292,-0.05506514012813568,0.0,0.0,0.0,-0.019372789189219475,-0.035978034138679504,0.2905918061733246,0.0,0.0,0.0,0.0,0.0,0.0,0.0,0.590915977473166,0.10401109348013189,0.5,0.5885396599769592,-0.2322138398885727,0.02773119881749153,0.0,0.0,0.0,0.01107016485184431,-0.005535082425922155,0.6393020153045654,0.0,0.0,0.0,0.0,0.0,0.0,0.0,0.29507752675579,-0.5224263136593389,0.5
13.135,TRACK,5.0574017222970724e-05,7.771827222313732e-05,-0.008310378529131413,0.0,0.0,0.0,-0.0,-0.0,-0.0,0.0,0.0,0.0,0.0,0.0,0.0,0.0,0.1641246082791778,-0.577116204032781,0.5,0.4000724256038666,-0.2948550879955292,-0.05506514012813568,0.0,0.0,0.0,-0.019372789189219475,-0.035978034138679504,0.2905918061733246,0.0,0.0,0.0,0.0,0.0,0.0,0.0,0.5908793670500853,0.10421887350422952,0.5,0.5885396599769592,-0.2322138398885727,0.02773119881749153,0.0,0.0,0.0,0.01107016485184431,-0.005535082425922155,0.6393020153045654,0.0,0.0,0.0,0.0,0.0,0.0,0.0,0.29401256573108236,-0.5230263962671731,0.5
13.155,TRACK,0.0009681697702035308,0.0015017512487247586,-0.16445866227149963,0.0,0.0,0.0,0.0,-0.0,-0.0,0.0,0.0,0.0,0.0,0.0,0.0,0.0,0.16466765861700408,-0.5769614910941576,0.5,0.4000724256038666,-0.2948550879955292,-0.05506514012813568,0.0,0.0,0.0,-0.019372789189219475,-0.035978034138679504,0.2905918061733246,0.0,0.0,0.0,0.0,0.0,0.0,0.0,0.5908402371501535,0.10444048144445865,0.5,0.5885396599769592,-0.2322138398885727,0.02773119881749153,0.0,0.0,0.0,0.01107016485184431,-0.005535082425922155,0.6393020153045654,0.0,0.0,0.0,0.0,0.0,0.0,0.0,0.29295278507585837,-0.5236207269735395,0.5
13.175,TRACK,0.0009681697702035308,0.0015017512487247586,-0.16445866227149963,0.0,0.0,0.0,0.0,-0.0,-0.0,0.0,0.0,0.0,0.0,0.0,0.0,0.0,0.1652073061231486,-0.5768072000274721,0.5,0.4000724256038666,-0.2948550879955292,-0.05506514012813568,0.0,0.0,0.0,-0.019372789189219475,-0.035978034138679504,0.2905918061733246,0.0,0.0,0.0,0.0,0.0,0.0,0.0,0.5908012596625938,0.10466074517741787,0.5,0.5885396599769592,-0.2322138398885727,0.02773119881749153,0.0,0.0,0.0,0.01107016485184431,-0.005535082425922155,0.6393020153045654,0.0,0.0,0.0,0.0,0.0,0.0,0.0,0.29189817248429517,-0.5242093636137461,0.5
13.195,TRACK,0.0009681697702035308,0.0015017512487247586,-0.16445866227149963,0.0,0.0,0.0,0.0,-0.0,-0.0,0.0,0.0,0.0,0.0,0.0,0.0,0.0,0.1657435724757603,-0.5766533344939335,0.5,0.3931533098220825,-0.298392117023468,-0.05048799514770508,0.0,0.0,0.0,-0.01660524681210518,-0.03321049362421036,0.28644049167633057,0.0,0.0,0.0,0.0,0.0,0.0,0.0,0.5907624346637397,0.10487967291220297,0.5,0.5885396599769592,-0.2322138398885727,0.02773119881749153,0.0,0.0,0.0,0.01107016485184431,-0.005535082425922155,0.6393020153045654,0.0,0.0,0.0,0.0,0.0,0.0,0.0,0.2908043601248571,-0.5248169434501637,0.5
13.215,TRACK,0.0009681697702035308,0.0015017512487247586,-0.16445866227149963,0.0,0.0,0.0,0.0,-0.0,-0.0,0.0,0.0,0.0,0.0,0.0,0.0,0.0,0.1662624873180976,-0.576503933473831,0.5,0.3931533098220825,-0.298392117023468,-0.05048799514770508,0.0,0.0,0.0,-0.01660524681210518,-0.03321049362421036,0.28644049167633057,0.0,0.0,0.0,0.0,0.0,0.0,0.0,0.5907237622175278,0.10509727280747895,0.5,0.594389796257019,-0.2373051643371582,0.03054080717265606,0.0,0.0,0.0,0.01107016485184431,-0.004151311703026295,0.63791823387146,0.0,0.0,0.0,0.0,0.0,0.0,0.0,0.28971585733063043,-0.5254186159731855,0.5
13.235,TRACK,0.0009681697702035308,0.0015017512487247586,-0.16445866227149963,0.0,0.0,0.0,0.0,-0.0,-0.0,0.0,0.0,0.0,0.0,0.0,0.0,0.0,0.1667781552123048,-0.5763549660963982,0.5,0.3931533098220825,-0.298392117023468,-0.05048799514770508,0.0,0.0,0.0,-0.01660524681210518,-0.03321049362421036,0.28644049167633057,0.0,0.0,0.0,0.0,0.0,0.0,0.0,0.5906852423757162,0.10531355297178682,0.5,0.594389796257019,-0.2373051643371582,0.03054080717265606,0.0,0.0,0.0,0.01107016485184431,-0.004151311703026295,0.63791823387146,0.0,0.0,0.0,0.0,0.0,0.0,0.0,0.2886326518739218,-0.5260144411251724,0.5
13.255,TRACK,0.003054334782063961,0.00474988529458642,-0.518295407295227,0.0,0.0,0.0,0.0,-0.0,-0.0,0.0,0.0,0.0,0.0,0.0,0.0,0.0,0.1672905968277925,-0.5762064354144276,0.5,0.3931533098220825,-0.298392117023468,-0.05048799514770508,0.0,0.0,0.0,-0.01660524681210518,-0.03321049362421036,0.28644049167633057,0.0,0.0,0.0,0.0,0.0,0.0,0.0,0.5906461319266211,0.10553268138411186,0.5,0.594389796257019,-0.2373051643371582,0.03054080717265606,0.0,0.0,0.0,0.01107016485184431,-0.004151311703026295,0.63791823387146,0.0,0.0,0.0,0.0,0.0,0.0,0.0,0.2875547312878126,-0.5266044782509867,0.5
13.275,TRACK,0.003054334782063961,0.00474988529458642,-0.518295407295227,0.0,0.0,0.0,0.0,-0.0,-0.0,0.0,0.0,0.0,0.0,0.0,0.0,0.0,0.16779983270316587,-0.5760583443929873,0.5,0.3931533098220825,-0.298392117023468,-0.05048799514770508,0.0,0.0,0.0,-0.01660524681210518,-0.03321049362421036,0.28644049167633057,0.0,0.0,0.0,0.0,0.0,0.0,0.0,0.5906071755795915,0.10575048063199284,0.5,0.594389796257019,-0.2373051643371582,0.03054080717265606,0.0,0.0,0.0,0.01107016485184431,-0.004151311703026295,0.63791823387146,0.0,0.0,0.0,0.0,0.0,0.0,0.0,0.2864820828725828,-0.52718878610322,0.5
13.295,TRACK,0.003054334782063961,0.00474988529458642,-0.518295407295227,0.0,0.0,0.0,0.0,-0.0,-0.0,0.0,0.0,0.0,0.0,0.0,0.0,0.0,0.1683058832469564,-0.5759106959107999,0.5,0.38490015268325806,-0.27434030175209045,-0.060226425528526306,0.0,0.0,0.0,-0.02214032970368862,-0.027675412595272064,0.2795216739177704,0.0,0.0,0.0,0.0,0.0,0.0,0.0,0.5905683733790924,0.10596695883327445,0.5,0.594389796257019,-0.2373051643371582,0.03054080717265606,0.0,0.0,0.0,0.01107016485184431,-0.004151311703026295,0.63791823387146,0.0,0.0,0.0,0.0,0.0,0.0,0.0,0.2854146937020178,-0.5277674228473972,0.5
13.315,TRACK,0.003054334782063961,0.00474988529458642,-0.518295407295227,0.0,0.0,0.0,0.0,-0.0,-0.0,0.0,0.0,0.0,0.0,0.0,0.0,0.0,0.1688315480947856,-0.5757568135662122,0.5,0.38490015268325806,-0.27434030175209045,-0.060226425528526306,0.0,0.0,0.0,-0.02214032970368862,-0.027675412595272064,0.2795216739177704,0.0,0.0,0.0,0.0,0.0,0.0,0.0,0.5905297253576444,0.10618212405591215,0.5,0.5833225846290588,-0.22843879461288452,0.03151053935289383,0.0,0.0,0.0,0.006918853148818016,-0.005535082425922155,0.6351507306098938,0.0,0.0,0.0,0.0,0.0,0.0,0.0,0.28444758892853356,-0.528289285479787,0.5
13.335,TRACK,0.003054334782063961,0.00474988529458642,-0.518295407295227,0.0,0.0,0.0,0.0,-0.0,-0.0,0.0,0.0,0.0,0.0,0.0,0.0,0.0,0.16935391952360568,-0.575603379022389,0.5,0.38490015268325806,-0.27434030175209045,-0.060226425528526306,0.0,0.0,0.0,-0.02214032970368862,-0.027675412595272064,0.2795216739177704,0.0,0.0,0.0,0.0,0.0,0.0,0.0,0.5904912315360366,0.10639598431827628,0.5,0.5833225846290588,-0.22843879461288452,0.03151053935289383,0.0,0.0,0.0,0.006918853148818016,-0.005535082425922155,0.6351507306098938,0.0,0.0,0.0,0.0,0.0,0.0,0.0,0.28348534115866586,-0.5288062606930394,0.5
13.355,TRACK,0.006260876543819904,0.009850118309259415,-1.0698938369750977,0.0,0.0,0.0,0.0,-0.0,-0.0,0.0,0.0,0.0,0.0,0.0,0.0,0.0,0.1698730185358219,-0.575450395406527,0.5,0.38490015268325806,-0.27434030175209045,-0.060226425528526306,0.0,0.0,0.0,-0.02214032970368862,-0.027675412595272064,0.2795216739177704,0.0,0.0,0.0,0.0,0.0,0.0,0.0,0.5904528919235361,0.1066085475894543,0.5,0.5833225846290588,-0.22843879461288452,0.03151053935289383,0.0,0.0,0.0,0.006918853148818016,-0.005535082425922155,0.6351507306098938,0.0,0.0,0.0,0.0,0.0,0.0,0.0,0.282527935724508,-0.5293183971252541,0.5
13.375,TRACK,0.006260876543819904,0.009850118309259415,-1.0698938369750977,0.0,0.0,0.0,0.0,-0.0,-0.0,0.0,0.0,0.0,0.0,0.0,0.0,0.0,0.17038886600070485,-0.5752978657556396,0.5,0.38490015268325806,-0.27434030175209045,-0.060226425528526306,0.0,0.0,0.0,-0.02214032970368862,-0.027675412595272064,0.2795216739177704,0.0,0.0,0.0,0.0,0.0,0.0,0.0,0.5904113308563553,0.10683847807053058,0.5,0.5833225846290588,-0.22843879461288452,0.03151053935289383,0.0,0.0,0.0,0.006918853148818016,-0.005535082425922155,0.6351507306098938,0.0,0.0,0.0,0.0,0.0,0.0,0.0,0.28157535781946325,-0.5298257429276547,0.5
13.395,TRACK,0.006260876543819904,0.009850118309259415,-1.0698938369750977,0.0,0.0,0.0,0.0,-0.0,-0.0,0.0,0.0,0.0,0.0,0.0,0.0,0.0,0.17090148265513405,-0.5751457930179764,0.5,0.403097540140152,-0.2942611277103424,-0.06956883519887924,0.0,0.0,0.0,-0.009686394594609737,-0.020756559446454048,0.2739865779876709,0.0,0.0,0.0,0.0,0.0,0.0,0.0,0.5903699304217065,0.10706701291186459,0.5,0.5833225846290588,-0.22843879461288452,0.03151053935289383,0.0,0.0,0.0,0.006918853148818016,-0.005535082425922155,0.6351507306098938,0.0,0.0,0.0,0.0,0.0,0.0,0.0,0.28062759250266506,-0.5303283457690698,0.5
13.415,TRACK,0.006260876543819904,0.009850118309259415,-1.0698938369750977,0.0,0.0,0.0,0.0,-0.0,-0.0,0.0,0.0,0.0,0.0,0.0,0.0,0.0,0.17141088910433952,-0.5749941800544244,0.5,0.403097540140152,-0.2942611277103424,-0.06956883519887924,0.0,0.0,0.0,-0.009686394594609737,-0.020756559446454048,0.2739865779876709,0.0,0.0,0.0,0.0,0.0,0.0,0.0,0.5903286907235541,0.10729416064546263,0.5,0.5853900909423828,-0.22884640097618103,0.030958713963627815,0.0,0.0,0.0,0.006918853148818016,-0.005535082425922155,0.6337668895721436,0.0,0.0,0.0,0.0,0.0,0.0,0.0,0.279648503148725,-0.5308452831915129,0.5
13.435,TRACK,0.006260876543819904,0.009850118309259415,-1.0698938369750977,0.0,0.0,0.0,0.0,-0.0,-0.0,0.0,0.0,0.0,0.0,0.0,0.0,0.0,0.17191916022009124,-0.5748424152315299,0.5,0.403097540140152,-0.2942611277103424,-0.06956883519887924,0.0,0.0,0.0,-0.009686394594609737,-0.020756559446454048,0.2739865779876709,0.0,0.0,0.0,0.0,0.0,0.0,0.0,0.5902876118523672,0.10751992975085622,0.5,0.5853900909423828,-0.22884640097618103,0.030958713963627815,0.0,0.0,0.0,0.006918853148818016,-0.005535082425922155,0.6337668895721436,0.0,0.0,0.0,0.0,0.0,0.0,0.0,0.278674344642837,-0.5313573276410943,0.5
13.455,TRACK,0.01064625196158886,0.01688678376376629,-1.8277194499969482,0.0,0.0,0.0,0.0,-0.0,-0.0,0.0,0.0,0.0,0.0,0.0,0.0,0.0,0.17242424854670058,-0.574691115742279,0.5,0.403097540140152,-0.2942611277103424,-0.06956883519887924,0.0,0.0,0.0,-0.009686394594609737,-0.020756559446454048,0.2739865779876709,0.0,0.0,0.0,0.0,0.0,0.0,0.0,0.5902443097137642,0.10775738884420867,0.5,0.5853900909423828,-0.22884640097618103,0.030958713963627815,0.0,0.0,0.0,0.006918853148818016,-0.005535082425922155,0.6337668895721436,0.0,0.0,0.0,0.0,0.0,0.0,0.0,0.27770510193822134,-0.531864528200069,0.5
13.475,TRACK,0.01064625196158886,0.01688678376376629,-1.8277194499969482,0.0,0.0,0.0,0.0,-0.0,-0.0,0.0,0.0,0.0,0.0,0.0,0.0,0.0,0.17292617438750787,-0.5745402842374947,0.5,0.403097540140152,-0.2942611277103424,-0.06956883519887924,0.0,0.0,0.0,-0.009686394594609737,-0.020756559446454048,0.2739865779876709,0.0,0.0,0.0,0.0,0.0,0.0,0.0,0.5902011727216652,0.107993405900412,0.5,0.5853900909423828,-0.22884640097618103,0.030958713963627815,0.0,0.0,0.0,0.006918853148818016,-0.005535082425922155,0.6337668895721436,0.0,0.0,0.0,0.0,0.0,0.0,0.0,0.27674075984938923,-0.5323669334565988,0.5
13.495,TRACK,0.01064625196158886,0.01688678376376629,-1.8277194499969482,0.0,0.0,0.0,0.0,-0.0,-0.0,0.0,0.0,0.0,0.0,0.0,0.0,0.0,0.17342495791661364,-0.5743899232852373,0.5,0.4031481444835663,-0.29465869069099426,-0.06312715262174606,0.0,0.0,0.0,-0.00830262340605259,-0.020756559446454048,0.26706773042678833,0.0,0.0,0.0,0.0,0.0,0.0,0.0,0.5901582010246148,0.10822798974105681,0.5,0.5853900909423828,-0.22884640097618103,0.030958713963627815,0.0,0.0,0.0,0.006918853148818016,-0.005535082425922155,0.6337668895721436,0.0,0.0,0.0,0.0,0.0,0.0,0.0,0.2757794381500332,-0.5328655566779035,0.5
13.515,TRACK,0.01064625196158886,0.01688678376376629,-1.8277194499969482,0.0,0.0,0.0,0.0,-0.0,-0.0,0.0,0.0,0.0,0.0,0.0,0.0,0.0,0.17391651844872355,-0.5742412773483588,0.5,0.4031481444835663,-0.29465869069099426,-0.06312715262174606,0.0,0.0,0.0,-0.00830262340605259,-0.020756559446454048,0.26706773042678833,0.0,0.0,0.0,0.0,0.0,0.0,0.0,0.5901153947565269,0.10846114913344974,0.5,0.5832640528678894,-0.2288159281015396,0.02800927869975567,0.0,0.0,0.0,0.005535082425922155,-0.005535082425922155,0.6323831677436829,0.0,0.0,0.0,0.0,0.0,0.0,0.0,0.27482299404314864,-0.5333594678499289,0.5
13.535,TRACK,0.01064625196158886,0.01688678376376629,-1.8277194499969482,0.0,0.0,0.0,0.0,-0.0,-0.0,0.0,0.0,0.0,0.0,0.0,0.0,0.0,0.17440500335565187,-0.5740931063899958,0.5,0.4031481444835663,-0.29465869069099426,-0.06312715262174606,0.0,0.0,0.0,-0.00830262340605259,-0.020756559446454048,0.26706773042678833,0.0,0.0,0.0,0.0,0.0,0.0,0.0,0.5900727540369378,0.10869289279094328,0.5,0.5832640528678894,-0.2288159281015396,0.02800927869975567,0.0,0.0,0.0,0.005535082425922155,-0.005535082425922155,0.6323831677436829,0.0,0.0,0.0,0.0,0.0,0.0,0.0,0.2738714119660693,-0.5338487142512488,0.5
13.555,TRACK,2.079194746329449e-05,3.374975494807586e-05,-0.0035693435929715633,0.0,0.0,0.0,0.0,0.0,-0.0,0.0,0.0,0.0,0.0,0.0,0.0,0.0,0.17489043225134834,-0.573945412654319,0.5,0.4031481444835663,-0.29465869069099426,-0.06312715262174606,0.0,0.0,0.0,-0.00830262340605259,-0.020756559446454048,0.26706773042678833,0.0,0.0,0.0,0.0,0.0,0.0,0.0,0.5900235060826816,0.1089599112972275,0.5,0.5832640528678894,-0.2288159281015396,0.02800927869975567,0.0,0.0,0.0,0.005535082425922155,-0.005535082425922155,0.6323831677436829,0.0,0.0,0.0,0.0,0.0,0.0,0.0,0.2729246762337392,-0.5343333426829254,0.5
13.575,TRACK,2.079194746329449e-05,3.374975494807586e-05,-0.0035693435929715633,0.0,0.0,0.0,0.0,0.0,-0.0,0.0,0.0,0.0,0.0,0.0,0.0,0.0,0.1753728246245566,-0.5737981983094792,0.5,0.4031481444835663,-0.29465869069099426,-0.06312715262174606,0.0,0.0,0.0,-0.00830262340605259,-0.020756559446454048,0.26706773042678833,0.0,0.0,0.0,0.0,0.0,0.0,0.0,0.5899744338707744,0.10922530557915246,0.5,0.5832640528678894,-0.2288159281015396,0.02800927869975567,0.0,0.0,0.0,0.005535082425922155,-0.005535082425922155,0.6323831677436829,0.0,0.0,0.0,0.0,0.0,0.0,0.0,0.27198277104288104,-0.5348133994729711,0.5
13.595,TRACK,2.079194746329449e-05,3.374975494807586e-05,-0.0035693435929715633,0.0,0.0,0.0,0.0,0.0,-0.0,0.0,0.0,0.0,0.0,0.0,0.0,0.0,0.17585219983953965,-0.5736514654488338,0.5,0.4015675187110901,-0.30021876096725464,-0.05398397520184517,0.0,0.0,0.0,-0.005535082425922155,-0.017989017069339752,0.26568394899368286,0.0,0.0,0.0,0.0,0.0,0.0,0.0,0.5899255377892356,0.10948908559341008,0.5,0.5832640528678894,-0.2288159281015396,0.02800927869975567,0.0,0.0,0.0,0.005535082425922155,-0.005535082425922155,0.6323831677436829,0.0,0.0,0.0,0.0,0.0,0.0,0.0,0.27101095012522697,-0.5353065149166613,0.5
13.615,TRACK,2.079194746329449e-05,3.374975494807586e-05,-0.0035693435929715633,0.0,0.0,0.0,0.0,0.0,-0.0,0.0,0.0,0.0,0.0,0.0,0.0,0.0,0.1763306741232437,-0.5735045713533959,0.5,0.4015675187110901,-0.30021876096725464,-0.05398397520184517,0.0,0.0,0.0,-0.005535082425922155,-0.017989017069339752,0.26568394899368286,0.0,0.0,0.0,0.0,0.0,0.0,0.0,0.5898768182063466,0.10975126123538005,0.5,0.5825867652893066,-0.22814065217971802,0.028767211362719536,0.0,0.0,0.0,0.004151311703026295,-0.005535082425922155,0.6323831677436829,0.0,0.0,0.0,0.0,0.0,0.0,0.0,0.2700440741228729,-0.5357949216175162,0.5
13.635,TRACK,2.079194746329449e-05,3.374975494807586e-05,-0.0035693435929715633,0.0,0.0,0.0,0.0,0.0,-0.0,0.0,0.0,0.0,0.0,0.0,0.0,0.0,0.17680615595967558,-0.5733581631186242,0.5,0.4015675187110901,-0.30021876096725464,-0.05398397520184517,0.0,0.0,0.0,-0.005535082425922155,-0.017989017069339752,0.26568394899368286,0.0,0.0,0.0,0.0,0.0,0.0,0.0,0.5898282754709789,0.1100118423394994,0.5,0.5825867652893066,-0.22814065217971802,0.028767211362719536,0.0,0.0,0.0,0.004151311703026295,-0.005535082425922155,0.6323831677436829,0.0,0.0,0.0,0.0,0.0,0.0,0.0,0.2690821270897285,-0.5362786671879343,0.5
13.655,TRACK,0.0007510543218813837,0.0013102128868922591,-0.1400497555732727,0.0,0.0,0.0,0.0,-0.0,-0.0,0.0,0.0,0.0,0.0,0.0,0.0,0.0,0.17727866443437432,-0.5732122426609226,0.5,0.4015675187110901,-0.30021876096725464,-0.05398397520184517,0.0,0.0,0.0,-0.005535082425922155,-0.017989017069339752,0.26568394899368286,0.0,0.0,0.0,0.0,0.0,0.0,0.0,0.5897589637111388,0.11038280990427672,0.5,0.5825867652893066,-0.22814065217971802,0.028767211362719536,0.0,0.0,0.0,0.004151311703026295,-0.005535082425922155,0.6323831677436829,0.0,0.0,0.0,0.0,0.0,0.0,0.0,0.2681250929580968,-0.5367577987567688,0.5
13.675,TRACK,0.0007510543218813837,0.0013102128868922591,-0.1400497555732727,0.0,0.0,0.0,0.0,-0.0,-0.0,0.0,0.0,0.0,0.0,0.0,0.0,0.0,0.17774821851071412,-0.5730668118258703,0.5,0.4015675187110901,-0.30021876096725464,-0.05398397520184517,0.0,0.0,0.0,-0.005535082425922155,-0.017989017069339752,0.26568394899368286,0.0,0.0,0.0,0.0,0.0,0.0,0.0,0.5896898366005299,0.1107515083872018,0.5,0.5825867652893066,-0.22814065217971802,0.028767211362719536,0.0,0.0,0.0,0.004151311703026295,-0.005535082425922155,0.6323831677436829,0.0,0.0,0.0,0.0,0.0,0.0,0.0,0.26717295554287723,-0.537232362973866,0.5
13.695,TRACK,0.0007510543218813837,0.0013102128868922591,-0.1400497555732727,0.0,0.0,0.0,0.0,-0.0,-0.0,0.0,0.0,0.0,0.0,0.0,0.0,0.0,0.17821483703062188,-0.5729218723893764,0.5,0.40329912304878235,-0.2947024405002594,-0.05929477512836456,0.0,0.0,0.0,-0.006918853148818016,-0.015221476554870605,0.26153263449668884,0.0,0.0,0.0,0.0,0.0,0.0,0.0,0.5896208958243665,0.11111795177770083,0.5,0.5825867652893066,-0.22814065217971802,0.028767211362719536,0.0,0.0,0.0,0.004151311703026295,-0.005535082425922155,0.6323831677436829,0.0,0.0,0.0,0.0,0.0,0.0,0.0,0.2662609316282114,-0.5376849600727892,0.5
13.715,TRACK,0.0007510543218813837,0.0013102128868922591,-0.1400497555732727,0.0,0.0,0.0,0.0,-0.0,-0.0,0.0,0.0,0.0,0.0,0.0,0.0,0.0,0.17868120400236312,-0.5727765946128262,0.5,0.40329912304878235,-0.2947024405002594,-0.05929477512836456,0.0,0.0,0.0,-0.006918853148818016,-0.015221476554870605,0.26153263449668884,0.0,0.0,0.0,0.0,0.0,0.0,0.0,0.5895521430239437,0.11148215397934964,0.5,0.5848064422607422,-0.22848694026470184,0.031829364597797394,0.0,0.0,0.0,0.005535082425922155,-0.004151311703026295,0.6309993863105774,0.0,0.0,0.0,0.0,0.0,0.0,0.0,0.2653536200313411,-0.5381333072169596,0.5
13.735,TRACK,0.0007510543218813837,0.0013102128868922591,-0.1400497555732727,0.0,0.0,0.0,0.0,-0.0,-0.0,0.0,0.0,0.0,0.0,0.0,0.0,0.0,0.1791446554087952,-0.5726318122829572,0.5,0.40329912304878235,-0.2947024405002594,-0.05929477512836456,0.0,0.0,0.0,-0.006918853148818016,-0.015221476554870605,0.26153263449668884,0.0,0.0,0.0,0.0,0.0,0.0,0.0,0.589483579797309,0.11184412881036523,0.5,0.5848064422607422,-0.22848694026470184,0.031829364597797394,0.0,0.0,0.0,0.005535082425922155,-0.004151311703026295,0.6309993863105774,0.0,0.0,0.0,0.0,0.0,0.0,0.0,0.2644510041271284,-0.538577446999179,0.5
13.755,TRACK,0.0025525095406919718,0.004453712143003941,-0.4742272198200226,0.0,0.0,0.0,0.0,-0.0,-0.0,0.0,0.0,0.0,0.0,0.0,0.0,0.0,0.1796052098466736,-0.572487527022146,0.5,0.40329912304878235,-0.2947024405002594,-0.05929477512836456,0.0,0.0,0.0,-0.006918853148818016,-0.015221476554870605,0.26153263449668884,0.0,0.0,0.0,0.0,0.0,0.0,0.0,0.589415151352387,0.11220418600142641,0.5,0.5848064422607422,-0.22848694026470184,0.031829364597797394,0.0,0.0,0.0,0.005535082425922155,-0.004151311703026295,0.6309993863105774,0.0,0.0,0.0,0.0,0.0,0.0,0.0,0.26355306720713273,-0.5390174215790363,0.5
13.775,TRACK,0.0025525095406919718,0.004453712143003941,-0.4742272198200226,0.0,0.0,0.0,0.0,-0.0,-0.0,0.0,0.0,0.0,0.0,0.0,0.0,0.0,0.18006288579342877,-0.5723437403866165,0.5,0.40329912304878235,-0.2947024405002594,-0.05929477512836456,0.0,0.0,0.0,-0.006918853148818016,-0.015221476554870605,0.26153263449668884,0.0,0.0,0.0,0.0,0.0,0.0,0.0,0.5893469155301447,0.11256204135988496,0.5,0.5848064422607422,-0.22848694026470184,0.031829364597797394,0.0,0.0,0.0,0.005535082425922155,-0.004151311703026295,0.6309993863105774,0.0,0.0,0.0,0.0,0.0,0.0,0.0,0.2626597924830259,-0.5394532726870547,0.5
13.795,TRACK,0.0025525095406919718,0.004453712143003941,-0.4742272198200226,0.0,0.0,0.0,0.0,-0.0,-0.0,0.0,0.0,0.0,0.0,0.0,0.0,0.0,0.1805177016078752,-0.5722004538675324,0.5,0.40275388956069946,-0.29282304644584656,-0.062268756330013275,0.0,0.0,0.0,-0.005535082425922155,-0.015221476554870605,0.2573813498020172,0.0,0.0,0.0,0.0,0.0,0.0,0.0,0.5892788738073056,0.11291770846237367,0.5,0.5848064422607422,-0.22848694026470184,0.031829364597797394,0.0,0.0,0.0,0.005535082425922155,-0.004151311703026295,0.6309993863105774,0.0,0.0,0.0,0.0,0.0,0.0,0.0,0.26177894174279637,-0.5398812699659264,0.5
13.815,TRACK,0.0025525095406919718,0.004453712143003941,-0.4742272198200226,0.0,0.0,0.0,0.0,-0.0,-0.0,0.0,0.0,0.0,0.0,0.0,0.0,0.0,0.180968481218609,-0.5720580467097984,0.5,0.40275388956069946,-0.29282304644584656,-0.062268756330013275,0.0,0.0,0.0,-0.005535082425922155,-0.015221476554870605,0.2573813498020172,0.0,0.0,0.0,0.0,0.0,0.0,0.0,0.5892110276198695,0.11327120080204531,0.5,0.5842337012290955,-0.22849752008914948,0.03272226080298424,0.0,0.0,0.0,0.004151311703026295,-0.004151311703026295,0.6309993863105774,0.0,0.0,0.0,0.0,0.0,0.0,0.0,0.2609026849585054,-0.540305273878983,0.5
13.835,TRACK,0.0025525095406919718,0.004453712143003941,-0.4742272198200226,0.0,0.0,0.0,0.0,-0.0,-0.0,0.0,0.0,0.0,0.0,0.0,0.0,0.0,0.18141644481904587,-0.5719161420603707,0.5,0.40275388956069946,-0.29282304644584656,-0.062268756330013275,0.0,0.0,0.0,-0.005535082425922155,-0.015221476554870605,0.2573813498020172,0.0,0.0,0.0,0.0,0.0,0.0,0.0,0.5891433783637436,0.11362253178905501,0.5,0.5842337012290955,-0.22849752008914948,0.03272226080298424,0.0,0.0,0.0,0.004151311703026295,-0.004151311703026295,0.6309993863105774,0.0,0.0,0.0,0.0,0.0,0.0,0.0,0.2600310051211384,-0.5407253243336125,0.5
13.855,TRACK,0.005457321647554636,0.009443837217986584,-1.0061638355255127,0.0,0.0,0.0,0.0,-0.0,-0.0,0.0,0.0,0.0,0.0,0.0,0.0,0.0,0.18186161036493417,-0.571774741201002,0.5,0.40275388956069946,-0.29282304644584656,-0.062268756330013275,0.0,0.0,0.0,-0.005535082425922155,-0.015221476554870605,0.2573813498020172,0.0,0.0,0.0,0.0,0.0,0.0,0.0,0.5890759273953633,0.11397171475104108,0.5,0.5842337012290955,-0.22849752008914948,0.03272226080298424,0.0,0.0,0.0,0.004151311703026295,-0.004151311703026295,0.6309993863105774,0.0,0.0,0.0,0.0,0.0,0.0,0.0,0.2591638851583143,-0.5411414608303896,0.5
13.875,TRACK,0.005457321647554636,0.009443837217986584,-1.0061638355255127,0.0,0.0,0.0,0.0,-0.0,-0.0,0.0,0.0,0.0,0.0,0.0,0.0,0.0,0.18230399569654807,-0.5716338453530135,0.5,0.40275388956069946,-0.29282304644584656,-0.062268756330013275,0.0,0.0,0.0,-0.005535082425922155,-0.015221476554870605,0.2573813498020172,0.0,0.0,0.0,0.0,0.0,0.0,0.0,0.5890111242369752,0.11430614823838041,0.5,0.5842337012290955,-0.22849752008914948,0.03272226080298424,0.0,0.0,0.0,0.004151311703026295,-0.004151311703026295,0.6309993863105774,0.0,0.0,0.0,0.0,0.0,0.0,0.0,0.25830130793729733,-0.5415537224670157,0.5
13.895,TRACK,0.005457321647554636,0.009443837217986584,-1.0061638355255127,0.0,0.0,0.0,0.0,-0.0,-0.0,0.0,0.0,0.0,0.0,0.0,0.0,0.0,0.1827436185393829,-0.5714934556783065,0.5,0.40392428636550903,-0.2953506112098694,-0.06042350083589554,0.0,0.0,0.0,-0.004151311703026295,-0.013837706297636032,0.25599756836891174,0.0,0.0,0.0,0.0,0.0,0.0,0.0,0.5889465217364381,0.1146385386096281,0.5,0.5842337012290955,-0.22849752008914948,0.03272226080298424,0.0,0.0,0.0,0.004151311703026295,-0.004151311703026295,0.6309993863105774,0.0,0.0,0.0,0.0,0.0,0.0,0.0,0.257434443646366,-0.5419663340323696,0.5
13.915,TRACK,0.005457321647554636,0.009443837217986584,-1.0061638355255127,0.0,0.0,0.0,0.0,-0.0,-0.0,0.0,0.0,0.0,0.0,0.0,0.0,0.0,0.1831784612819163,-0.5713542257850112,0.5,0.40392428636550903,-0.2953506112098694,-0.06042350083589554,0.0,0.0,0.0,-0.004151311703026295,-0.013837706297636032,0.25599756836891174,0.0,0.0,0.0,0.0,0.0,0.0,0.0,0.5888821209613551,0.11496889845543434,0.5,0.5833019018173218,-0.22853244841098785,0.03282323479652405,0.0,0.0,0.0,0.004151311703026295,-0.004151311703026295,0.6296156048774719,0.0,0.0,0.0,0.0,0.0,0.0,0.0,0.2565721273517434,-0.5423750948063534,0.5
13.935,TRACK,0.005457321647554636,0.009443837217986584,-1.0061638355255127,0.0,0.0,0.0,0.0,-0.0,-0.0,0.0,0.0,0.0,0.0,0.0,0.0,0.0,0.18361058984407,-0.5712155033760137,0.5,0.40392428636550903,-0.2953506112098694,-0.06042350083589554,0.0,0.0,0.0,-0.004151311703026295,-0.013837706297636032,0.25599756836891174,0.0,0.0,0.0,0.0,0.0,0.0,0.0,0.5888179229454396,0.11529724028882231,0.5,0.5833019018173218,-0.22853244841098785,0.03282323479652405,0.0,0.0,0.0,0.004151311703026295,-0.004151311703026295,0.6296156048774719,0.0,0.0,0.0,0.0,0.0,0.0,0.0,0.2557143417419987,-0.5427800433209168,0.5
13.955,TRACK,0.009503303095698357,0.016252579167485237,-1.7358909845352173,0.0,0.0,0.0,0.0,-0.0,-0.0,0.0,0.0,0.0,0.0,0.0,0.0,0.0,0.1840400215235983,-0.5710772894080043,0.5,0.40392428636550903,-0.2953506112098694,-0.06042350083589554,0.0,0.0,0.0,-0.004151311703026295,-0.013837706297636032,0.25599756836891174,0.0,0.0,0.0,0.0,0.0,0.0,0.0,0.5887574827244221,0.11560547796710108,0.5,0.5833019018173218,-0.22853244841098785,0.03282323479652405,0.0,0.0,0.0,0.004151311703026295,-0.004151311703026295,0.6296156048774719,0.0,0.0,0.0,0.0,0.0,0.0,0.0,0.25486106945312414,-0.5431812177139502,0.5
13.975,TRACK,0.009503303095698357,0.016252579167485237,-1.7358909845352173,0.0,0.0,0.0,0.0,-0.0,-0.0,0.0,0.0,0.0,0.0,0.0,0.0,0.0,0.18446677350679577,-0.5709395847828319,0.5,0.40392428636550903,-0.2953506112098694,-0.06042350083589554,0.0,0.0,0.0,-0.004151311703026295,-0.013837706297636032,0.25599756836891174,0.0,0.0,0.0,0.0,0.0,0.0,0.0,0.5886972452360537,0.11591183482061518,0.5,0.5833019018173218,-0.22853244841098785,0.03282323479652405,0.0,0.0,0.0,0.004151311703026295,-0.004151311703026295,0.6296156048774719,0.0,0.0,0.0,0.0,0.0,0.0,0.0,0.2540122930713429,-0.5435786557331314,0.5
13.995,TRACK,0.009503303095698357,0.016252579167485237,-1.7358909845352173,0.0,0.0,0.0,0.0,-0.0,-0.0,0.0,0.0,0.0,0.0,0.0,0.0,0.0,0.18489086286917691,-0.5708023903484385,0.5,0.4011746346950531,-0.3004157841205597,-0.05807192996144295,0.0,0.0,0.0,-0.0027675412129610777,-0.013837706297636032,0.2546137869358063,0.0,0.0,0.0,0.0,0.0,0.0,0.0,0.5886372111932513,0.11621632242775401,0.5,0.5833019018173218,-0.22853244841098785,0.03282323479652405,0.0,0.0,0.0,0.004151311703026295,-0.004151311703026295,0.6296156048774719,0.0,0.0,0.0,0.0,0.0,0.0,0.0,0.25313079813906525,-0.5439897048965906,0.5
14.015,TRACK,0.009503303095698357,0.016252579167485237,-1.7358909845352173,0.0,0.0,0.0,0.0,-0.0,-0.0,0.0,0.0,0.0,0.0,0.0,0.0,0.0,0.1853164427979317,-0.5706643637276827,0.5,0.4011746346950531,-0.3004157841205597,-0.05807192996144295,0.0,0.0,0.0,-0.0027675412129610777,-0.013837706297636032,0.2546137869358063,0.0,0.0,0.0,0.0,0.0,0.0,0.0,0.588577381281324,0.11651895229540515,0.5,0.5846931338310242,-0.22826316952705383,0.03474044054746628,0.0,0.0,0.0,0.004151311703026295,-0.004151311703026295,0.6296156048774719,0.0,0.0,0.0,0.0,0.0,0.0,0.0,0.2522539329785437,-0.5443968711306636,0.5
14.035,TRACK,0.009503303095698357,0.016252579167485237,-1.7358909845352173,0.0,0.0,0.0,0.0,-0.0,-0.0,0.0,0.0,0.0,0.0,0.0,0.0,0.0,0.18573936713220002,-0.5705268508118876,0.5,0.4011746346950531,-0.3004157841205597,-0.05807192996144295,0.0,0.0,0.0,-0.0027675412129610777,-0.013837706297636032,0.2546137869358063,0.0,0.0,0.0,0.0,0.0,0.0,0.0,0.5885177561584225,0.11681973585938106,0.5,0.5846931338310242,-0.22826316952705383,0.03474044054746628,0.0,0.0,0.0,0.004151311703026295,-0.004151311703026295,0.6296156048774719,0.0,0.0,0.0,0.0,0.0,0.0,0.0,0.2513816799539907,-0.5448001936338766,0.5
14.055,TRACK,4.76167724627885e-06,6.738282536389306e-06,-0.0007999594090506434,0.0,0.0,0.0,0.0,0.0,0.0,0.0,0.0,0.0,0.0,0.0,0.0,0.0,0.1861596527969917,-0.5703898523558282,0.5,0.4011746346950531,-0.3004157841205597,-0.05807192996144295,0.0,0.0,0.0,-0.0027675412129610777,-0.013837706297636032,0.2546137869358063,0.0,0.0,0.0,0.0,0.0,0.0,0.0,0.5885187398898117,0.11681477988040762,0.5,0.5846931338310242,-0.22826316952705383,0.03474044054746628,0.0,0.0,0.0,0.004151311703026295,-0.004151311703026295,0.6296156048774719,0.0,0.0,0.0,0.0,0.0,0.0,0.0,0.25051402137536605,-0.5451997112016317,0.5
14.075,TRACK,4.76167724627885e-06,6.738282536389306e-06,-0.0007999594090506434,0.0,0.0,0.0,0.0,0.0,0.0,0.0,0.0,0.0,0.0,0.0,0.0,0.0,0.18657731660807927,-0.5702533690626724,0.5,0.4011746346950531,-0.3004157841205597,-0.05807192996144295,0.0,0.0,0.0,-0.0027675412129610777,-0.013837706297636032,0.2546137869358063,0.0,0.0,0.0,0.0,0.0,0.0,0.0,0.5885197176774526,0.1168098536290985,0.5,0.5846931338310242,-0.22826316952705383,0.03474044054746628,0.0,0.0,0.0,0.004151311703026295,-0.004151311703026295,0.6296156048774719,0.0,0.0,0.0,0.0,0.0,0.0,0.0,0.2496509395012656,-0.545595462230154,0.5
14.095,TRACK,4.76167724627885e-06,6.738282536389306e-06,-0.0007999594090506434,0.0,0.0,0.0,0.0,0.0,0.0,0.0,0.0,0.0,0.0,0.0,0.0,0.0,0.1869923752726693,-0.5701174015848711,0.5,0.402347594499588,-0.29925817251205444,-0.04959742724895477,0.0,0.0,0.0,-0.004151311703026295,-0.01107016485184431,0.2546137869358063,0.0,0.0,0.0,0.0,0.0,0.0,0.0,0.5885206895575024,0.11680495692718626,0.5,0.5846931338310242,-0.22826316952705383,0.03474044054746628,0.0,0.0,0.0,0.004151311703026295,-0.004151311703026295,0.6296156048774719,0.0,0.0,0.0,0.0,0.0,0.0,0.0,0.2487924165417514,-0.545987484720406,0.5
14.115,TRACK,4.76167724627885e-06,6.738282536389306e-06,-0.0007999594090506434,0.0,0.0,0.0,0.0,0.0,0.0,0.0,0.0,0.0,0.0,0.0,0.0,0.0,0.18740342567988183,-0.5699824173107843,0.5,0.402347594499588,-0.29925817251205444,-0.04959742724895477,0.0,0.0,0.0,-0.004151311703026295,-0.01107016485184431,0.2546137869358063,0.0,0.0,0.0,0.0,0.0,0.0,0.0,0.5885216555658955,0.1168000895974719,0.5,0.5830021500587463,-0.22788196802139282,0.03146273270249367,0.0,0.0,0.0,0.0027675412129610777,-0.004151311703026295,0.6296156048774719,0.0,0.0,0.0,0.0,0.0,0.0,0.0,0.24794908904952795,-0.5463709813300018,0.5
14.135,TRACK,4.76167724627885e-06,6.738282536389306e-06,-0.0007999594090506434,0.0,0.0,0.0,0.0,0.0,0.0,0.0,0.0,0.0,0.0,0.0,0.0,0.0,0.18781191321925841,-0.5698479492399018,0.5,0.402347594499588,-0.29925817251205444,-0.04959742724895477,0.0,0.0,0.0,-0.004151311703026295,-0.01107016485184431,0.2546137869358063,0.0,0.0,0.0,0.0,0.0,0.0,0.0,0.5885226157383447,0.1167952514638184,0.5,0.5830021500587463,-0.22788196802139282,0.03146273270249367,0.0,0.0,0.0,0.0027675412129610777,-0.004151311703026295,0.6296156048774719,0.0,0.0,0.0,0.0,0.0,0.0,0.0,0.24711023569590088,-0.5467508860663294,0.5
14.155,TRACK,0.0006636357284151018,0.001056233304552734,-0.11745703220367432,0.0,0.0,0.0,0.0,-0.0,-0.0,0.0,0.0,0.0,0.0,0.0,0.0,0.0,0.18821785421534346,-0.5697139978573211,0.5,0.402347594499588,-0.29925817251205444,-0.04959742724895477,0.0,0.0,0.0,-0.004151311703026295,-0.01107016485184431,0.2546137869358063,0.0,0.0,0.0,0.0,0.0,0.0,0.0,0.5884855515368558,0.11698186027056759,0.5,0.5830021500587463,-0.22788196802139282,0.03146273270249367,0.0,0.0,0.0,0.0027675412129610777,-0.004151311703026295,0.6296156048774719,0.0,0.0,0.0,0.0,0.0,0.0,0.0,0.24627583860310837,-0.5471272350380081,0.5
14.175,TRACK,0.0006636357284151018,0.001056233304552734,-0.11745703220367432,0.0,0.0,0.0,0.0,-0.0,-0.0,0.0,0.0,0.0,0.0,0.0,0.0,0.0,0.18862126488716915,-0.5695805636012911,0.5,0.402347594499588,-0.29925817251205444,-0.04959742724895477,0.0,0.0,0.0,-0.004151311703026295,-0.01107016485184431,0.2546137869358063,0.0,0.0,0.0,0.0,0.0,0.0,0.0,0.5884486510820962,0.11716733776808869,0.5,0.5830021500587463,-0.22788196802139282,0.03146273270249367,0.0,0.0,0.0,0.0027675412129610777,-0.004151311703026295,0.6296156048774719,0.0,0.0,0.0,0.0,0.0,0.0,0.0,0.2454458798596661,-0.5475000639816532,0.5
14.195,TRACK,0.0006636357284151018,0.001056233304552734,-0.11745703220367432,0.0,0.0,0.0,0.0,-0.0,-0.0,0.0,0.0,0.0,0.0,0.0,0.0,0.0,0.18902216134891073,-0.5694476468640347,0.5,0.39954614639282227,-0.30398300290107727,-0.04101034253835678,0.0,0.0,0.0,-0.0027675412129610777,-0.01107016485184431,0.2546137869358063,0.0,0.0,0.0,0.0,0.0,0.0,0.0,0.5884119140967692,0.11735169086543346,0.5,0.5830021500587463,-0.22788196802139282,0.03146273270249367,0.0,0.0,0.0,0.0027675412129610777,-0.004151311703026295,0.6296156048774719,0.0,0.0,0.0,0.0,0.0,0.0,0.0,0.2445845696193467,-0.5478853788011858,0.5
14.215,TRACK,0.0006636357284151018,0.001056233304552734,-0.11745703220367432,0.0,0.0,0.0,0.0,-0.0,-0.0,0.0,0.0,0.0,0.0,0.0,0.0,0.0,0.18942055961053872,-0.5693152479925602,0.5,0.39954614639282227,-0.30398300290107727,-0.04101034253835678,0.0,0.0,0.0,-0.0027675412129610777,-0.01107016485184431,0.2546137869358063,0.0,0.0,0.0,0.0,0.0,0.0,0.0,0.5883753402967458,0.11753492642907715,0.5,0.5847103595733643,-0.22806629538536072,0.037961144000291824,0.0,0.0,0.0,0.004151311703026295,-0.0027675412129610777,0.6296156048774719,0.0,0.0,0.0,0.0,0.0,0.0,0.0,0.24372782778259142,-0.5482670389184265,0.5
14.235,TRACK,0.0006636357284151018,0.001056233304552734,-0.11745703220367432,0.0,0.0,0.0,0.0,-0.0,-0.0,0.0,0.0,0.0,0.0,0.0,0.0,0.0,0.18981892530338457,-0.5691825503269299,0.5,0.39954614639282227,-0.30398300290107727,-0.04101034253835678,0.0,0.0,0.0,-0.0027675412129610777,-0.01107016485184431,0.2546137869358063,0.0,0.0,0.0,0.0,0.0,0.0,0.0,0.5883389293912079,0.11771705128318162,0.5,0.5847103595733643,-0.22806629538536072,0.037961144000291824,0.0,0.0,0.0,0.004151311703026295,-0.0027675412129610777,0.6296156048774719,0.0,0.0,0.0,0.0,0.0,0.0,0.0,0.24287563618558483,-0.5486450814027657,0.5
14.255,TRACK,0.0024653361178934574,0.003938037436455488,-0.43191418051719666,0.0,0.0,0.0,0.0,-0.0,-0.0,0.0,0.0,0.0,0.0,0.0,0.0,0.0,0.19021480867683205,-0.5690503726033717,0.5,0.39954614639282227,-0.30398300290107727,-0.04101034253835678,0.0,0.0,0.0,-0.0027675412129610777,-0.01107016485184431,0.2546137869358063,0.0,0.0,0.0,0.0,0.0,0.0,0.0,0.5883015273477045,0.11790382911660734,0.5,0.5847103595733643,-0.22806629538536072,0.037961144000291824,0.0,0.0,0.0,0.004151311703026295,-0.0027675412129610777,0.6296156048774719,0.0,0.0,0.0,0.0,0.0,0.0,0.0,0.2420279766271596,-0.5490195429397419,0.5
14.275,TRACK,0.0024653361178934574,0.003938037436455488,-0.43191418051719666,0.0,0.0,0.0,0.0,-0.0,-0.0,0.0,0.0,0.0,0.0,0.0,0.0,0.0,0.1906082255371445,-0.5689187150705987,0.5,0.39954614639282227,-0.30398300290107727,-0.04101034253835678,0.0,0.0,0.0,-0.0027675412129610777,-0.01107016485184431,0.2546137869358063,0.0,0.0,0.0,0.0,0.0,0.0,0.0,0.5882642909533662,0.11808947450612756,0.5,0.5847103595733643,-0.22806629538536072,0.037961144000291824,0.0,0.0,0.0,0.004151311703026295,-0.0027675412129610777,0.6296156048774719,0.0,0.0,0.0,0.0,0.0,0.0,0.0,0.2411848308713714,-0.54939045983485,0.5
14.295,TRACK,0.0024653361178934574,0.003938037436455488,-0.43191418051719666,0.0,0.0,0.0,0.0,-0.0,-0.0,0.0,0.0,0.0,0.0,0.0,0.0,0.0,0.19099919158827214,-0.5687875779345277,0.5,0.394800066947937,-0.3062916100025177,-0.03541448712348938,0.0,0.0,0.0,-0.0013837706064805388,-0.01107016485184431,0.2546137869358063,0.0,0.0,0.0,0.0,0.0,0.0,0.0,0.5882272199210147,0.11827399436898285,0.5,0.5847103595733643,-0.22806629538536072,0.037961144000291824,0.0,0.0,0.0,0.004151311703026295,-0.0027675412129610777,0.6296156048774719,0.0,0.0,0.0,0.0,0.0,0.0,0.0,0.24031508084171332,-0.5497714633554935,0.5
14.315,TRACK,0.0024653361178934574,0.003938037436455488,-0.43191418051719666,0.0,0.0,0.0,0.0,-0.0,-0.0,0.0,0.0,0.0,0.0,0.0,0.0,0.0,0.19138906979032835,-0.5686565078892466,0.5,0.394800066947937,-0.3062916100025177,-0.03541448712348938,0.0,0.0,0.0,-0.0013837706064805388,-0.01107016485184431,0.2546137869358063,0.0,0.0,0.0,0.0,0.0,0.0,0.0,0.5881903139566795,0.11845739557977279,0.5,0.5857717394828796,-0.2282138168811798,0.04026326164603233,0.0,0.0,0.0,0.004151311703026295,-0.0027675412129610777,0.6282318234443665,0.0,0.0,0.0,0.0,0.0,0.0,0.0,0.23944995283896237,-0.5501488163082955,0.5
14.335,TRACK,0.0024653361178934574,0.003938037436455488,-0.43191418051719666,0.0,0.0,0.0,0.0,-0.0,-0.0,0.0,0.0,0.0,0.0,0.0,0.0,0.0,0.19177651958686434,-0.568525959420631,0.5,0.394800066947937,-0.3062916100025177,-0.03541448712348938,0.0,0.0,0.0,-0.0013837706064805388,-0.01107016485184431,0.2546137869358063,0.0,0.0,0.0,0.0,0.0,0.0,0.0,0.5881535727597414,0.11863968497071947,0.5,0.5857717394828796,-0.2282138168811798,0.04026326164603233,0.0,0.0,0.0,0.004151311703026295,-0.0027675412129610777,0.6282318234443665,0.0,0.0,0.0,0.0,0.0,0.0,0.0,0.23858942838876723,-0.5505225559966833,0.5
14.355,TRACK,0.005406245589256287,0.0087046530097723,-0.94412761926651,0.0,0.0,0.0,0.0,-0.0,-0.0,0.0,0.0,0.0,0.0,0.0,0.0,0.0,0.19216155643644758,-0.5683959326278839,0.5,0.394800066947937,-0.3062916100025177,-0.03541448712348938,0.0,0.0,0.0,-0.0013837706064805388,-0.01107016485184431,0.2546137869358063,0.0,0.0,0.0,0.0,0.0,0.0,0.0,0.588114451665043,0.118833462218038,0.5,0.5857717394828796,-0.2282138168811798,0.04026326164603233,0.0,0.0,0.0,0.004151311703026295,-0.0027675412129610777,0.6282318234443665,0.0,0.0,0.0,0.0,0.0,0.0,0.0,0.23773348898032498,-0.5508927193358446,0.5
14.375,TRACK,0.005406245589256287,0.0087046530097723,-0.94412761926651,0.0,0.0,0.0,0.0,-0.0,-0.0,0.0,0.0,0.0,0.0,0.0,0.0,0.0,0.19254419569749873,-0.5682664275700292,0.5,0.394800066947937,-0.3062916100025177,-0.03541448712348938,0.0,0.0,0.0,-0.0013837706064805388,-0.01107016485184431,0.2546137869358063,0.0,0.0,0.0,0.0,0.0,0.0,0.0,0.5880755020271197,0.1190260640177232,0.5,0.5857717394828796,-0.2282138168811798,0.04026326164603233,0.0,0.0,0.0,0.004151311703026295,-0.0027675412129610777,0.6282318234443665,0.0,0.0,0.0,0.0,0.0,0.0,0.0,0.2368821160689768,-0.551259342856594,0.5
14.395,TRACK,0.005406245589256287,0.0087046530097723,-0.94412761926651,0.0,0.0,0.0,0.0,-0.0,-0.0,0.0,0.0,0.0,0.0,0.0,0.0,0.0,0.192924452628922,-0.5681374442666411,0.5,0.40429437160491943,-0.29962822794914246,-0.05581609904766083,0.0,0.0,0.0,-0.0027675412129610777,-0.006918853148818016,0.2532300353050232,0.0,0.0,0.0,0.0,0.0,0.0,0.0,0.5880367235783309,0.11921749755493782,0.5,0.5857717394828796,-0.2282138168811798,0.04026326164603233,0.0,0.0,0.0,0.004151311703026295,-0.0027675412129610777,0.6282318234443665,0.0,0.0,0.0,0.0,0.0,0.0,0.0,0.23610819895396,-0.551591260252297,0.5
14.415,TRACK,0.005406245589256287,0.0087046530097723,-0.94412761926651,0.0,0.0,0.0,0.0,-0.0,-0.0,0.0,0.0,0.0,0.0,0.0,0.0,0.0,0.1933046592597125,-0.5680081942265326,0.5,0.40429437160491943,-0.29962822794914246,-0.05581609904766083,0.0,0.0,0.0,-0.0027675412129610777,-0.006918853148818016,0.2532300353050232,0.0,0.0,0.0,0.0,0.0,0.0,0.0,0.5879981160434684,0.11940776997051633,0.5,0.5846117734909058,-0.22730426490306854,0.037849605083465576,0.0,0.0,0.0,0.0027675412129610777,-0.0027675412129610777,0.6282318234443665,0.0,0.0,0.0,0.0,0.0,0.0,0.0,0.23533846443732354,-0.5519201093965345,0.5
14.435,TRACK,0.005406245589256287,0.0087046530097723,-0.94412761926651,0.0,0.0,0.0,0.0,-0.0,-0.0,0.0,0.0,0.0,0.0,0.0,0.0,0.0,0.19368249883764396,-0.5678794675316285,0.5,0.40429437160491943,-0.29962822794914246,-0.05581609904766083,0.0,0.0,0.0,-0.0027675412129610777,-0.006918853148818016,0.2532300353050232,0.0,0.0,0.0,0.0,0.0,0.0,0.0,0.587959679139913,0.1195968883612388,0.5,0.5846117734909058,-0.22730426490306854,0.037849605083465576,0.0,0.0,0.0,0.0027675412129610777,-0.0027675412129610777,0.6282318234443665,0.0,0.0,0.0,0.0,0.0,0.0,0.0,0.23457289442235543,-0.552245920946745,0.5
14.455,TRACK,0.009470988996326923,0.015291932038962841,-1.654072880744934,0.0,0.0,0.0,0.0,-0.0,-0.0,0.0,0.0,0.0,0.0,0.0,0.0,0.0,0.1940579864259719,-0.5677512641151029,0.5,0.40429437160491943,-0.29962822794914246,-0.05581609904766083,0.0,0.0,0.0,-0.0027675412129610777,-0.006918853148818016,0.2532300353050232,0.0,0.0,0.0,0.0,0.0,0.0,0.0,0.5879205146609727,0.11978926680123264,0.5,0.5846117734909058,-0.22730426490306854,0.037849605083465576,0.0,0.0,0.0,0.0027675412129610777,-0.0027675412129610777,0.6282318234443665,0.0,0.0,0.0,0.0,0.0,0.0,0.0,0.23381147081149126,-0.5525687252432653,0.5
14.475,TRACK,0.009470988996326923,0.015291932038962841,-1.654072880744934,0.0,0.0,0.0,0.0,-0.0,-0.0,0.0,0.0,0.0,0.0,0.0,0.0,0.0,0.1944311369902746,-0.5676235838728594,0.5,0.40429437160491943,-0.29962822794914246,-0.05581609904766083,0.0,0.0,0.0,-0.0027675412129610777,-0.006918853148818016,0.2532300353050232,0.0,0.0,0.0,0.0,0.0,0.0,0.0,0.5878815227886949,0.11998047826061196,0.5,0.5846117734909058,-0.22730426490306854,0.037849605083465576,0.0,0.0,0.0,0.0027675412129610777,-0.0027675412129610777,0.6282318234443665,0.0,0.0,0.0,0.0,0.0,0.0,0.0,0.23305417550806504,-0.5528885523125397,0.5
14.495,TRACK,0.009470988996326923,0.015291932038962841,-1.654072880744934,0.0,0.0,0.0,0.0,-0.0,-0.0,0.0,0.0,0.0,0.0,0.0,0.0,0.0,0.19480196539907105,-0.5674964266642206,0.5,0.4043806493282318,-0.29668667912483215,-0.054996080696582794,0.0,0.0,0.0,-0.004151311703026295,-0.006918853148818016,0.2518462538719177,0.0,0.0,0.0,0.0,0.0,0.0,0.0,0.5878427032378439,0.12017052987327694,0.5,0.5846117734909058,-0.22730426490306854,0.037849605083465576,0.0,0.0,0.0,0.0027675412129610777,-0.0027675412129610777,0.6282318234443665,0.0,0.0,0.0,0.0,0.0,0.0,0.0,0.2323169706111377,-0.5531987212259838,0.5
14.515,TRACK,0.009470988996326923,0.015291932038962841,-1.654072880744934,0.0,0.0,0.0,0.0,-0.0,-0.0,0.0,0.0,0.0,0.0,0.0,0.0,0.0,0.19516899514605943,-0.5673703052977636,0.5,0.4043806493282318,-0.29668667912483215,-0.054996080696582794,0.0,0.0,0.0,-0.004151311703026295,-0.006918853148818016,0.2518462538719177,0.0,0.0,0.0,0.0,0.0,0.0,0.0,0.5878040557158513,0.12035942872910484,0.5,0.5842525959014893,-0.22745929658412933,0.03365219384431839,0.0,0.0,0.0,0.0027675412129610777,-0.0027675412129610777,0.6282318234443665,0.0,0.0,0.0,0.0,0.0,0.0,0.0,0.23158377985000986,-0.5535060549898096,0.5
14.535,TRACK,0.009470988996326923,0.015291932038962841,-1.654072880744934,0.0,0.0,0.0,0.0,-0.0,-0.0,0.0,0.0,0.0,0.0,0.0,0.0,0.0,0.19553374179314856,-0.5672447054141363,0.5,0.4043806493282318,-0.29668667912483215,-0.054996080696582794,0.0,0.0,0.0,-0.004151311703026295,-0.006918853148818016,0.2518462538719177,0.0,0.0,0.0,0.0,0.0,0.0,0.0,0.5877655799229682,0.12054718187422235,0.5,0.5842525959014893,-0.22745929658412933,0.03365219384431839,0.0,0.0,0.0,0.0027675412129610777,-0.0027675412129610777,0.6282318234443665,0.0,0.0,0.0,0.0,0.0,0.0,0.0,0.23085458530991723,-0.5538105817347535,0.5
14.555,TRACK,0.0,0.0,0.0,0.0,0.0,0.0,0.0,0.0,0.0,0.0,0.0,0.0,0.0,0.0,0.0,0.0,0.19589621985765662,-0.5671196267503714,0.5,0.4043806493282318,-0.29668667912483215,-0.054996080696582794,0.0,0.0,0.0,-0.004151311703026295,-0.006918853148818016,0.2518462538719177,0.0,0.0,0.0,0.0,0.0,0.0,0.0,0.5877272755524174,0.12073379631127616,0.5,0.5842525959014893,-0.22745929658412933,0.03365219384431839,0.0,0.0,0.0,0.0027675412129610777,-0.0027675412129610777,0.6282318234443665,0.0,0.0,0.0,0.0,0.0,0.0,0.0,0.2301293690876342,-0.5541123293009527,0.5
14.575,TRACK,0.0,0.0,0.0,0.0,0.0,0.0,0.0,0.0,0.0,0.0,0.0,0.0,0.0,0.0,0.0,0.0,0.1962564437627085,-0.5669950690099649,0.5,0.4043806493282318,-0.29668667912483215,-0.054996080696582794,0.0,0.0,0.0,-0.004151311703026295,-0.006918853148818016,0.2518462538719177,0.0,0.0,0.0,0.0,0.0,0.0,0.0,0.5884155346214565,0.11733353576938482,0.5,0.5842525959014893,-0.22745929658412933,0.03365219384431839,0.0,0.0,0.0,0.0027675412129610777,-0.0027675412129610777,0.6282318234443665,0.0,0.0,0.0,0.0,0.0,0.0,0.0,0.22940811329292962,-0.5544113252409066,0.5
14.595,TRACK,0.0,0.0,0.0,0.0,0.0,0.0,0.0,0.0,0.0,0.0,0.0,0.0,0.0,0.0,0.0,0.0,0.19661442783783697,-0.5668710318635095,0.5,0.4043394923210144,-0.2933353781700134,-0.06145467236638069,0.0,0.0,0.0,-0.005535082425922155,-0.006918853148818016,0.25046247243881226,0.0,0.0,0.0,0.0,0.0,0.0,0.0,0.5890801690429043,0.11394978911952111,0.5,0.5842525959014893,-0.22745929658412933,0.03365219384431839,0.0,0.0,0.0,0.0027675412129610777,-0.0027675412129610777,0.6282318234443665,0.0,0.0,0.0,0.0,0.0,0.0,0.0,0.22870864073555447,-0.5547002412590921,0.5
14.615,TRACK,0.0,0.0,0.0,0.0,0.0,0.0,0.0,0.0,0.0,0.0,0.0,0.0,0.0,0.0,0.0,0.0,0.1969688621161599,-0.5667479751676799,0.5,0.4043394923210144,-0.2933353781700134,-0.06145467236638069,0.0,0.0,0.0,-0.005535082425922155,-0.006918853148818016,0.25046247243881226,0.0,0.0,0.0,0.0,0.0,0.0,0.0,0.5897215320448238,0.11058261455900648,0.5,0.5854436755180359,-0.22818557918071747,0.03669896721839905,0.0,0.0,0.0,0.004151311703026295,-0.0027675412129610777,0.6282318234443665,0.0,0.0,0.0,0.0,0.0,0.0,0.0,0.22801300442036443,-0.5549865492200678,0.5
14.635,TRACK,0.0,0.0,0.0,0.0,0.0,0.0,0.0,0.0,0.0,0.0,0.0,0.0,0.0,0.0,0.0,0.0,0.19732109346242657,-0.5666254371935594,0.5,0.4043394923210144,-0.2933353781700134,-0.06145467236638069,0.0,0.0,0.0,-0.005535082425922155,-0.006918853148818016,0.25046247243881226,0.0,0.0,0.0,0.0,0.0,0.0,0.0,0.5903399732187966,0.10723206619304936,0.5,0.5854436755180359,-0.22818557918071747,0.03669896721839905,0.0,0.0,0.0,0.004151311703026295,-0.0027675412129610777,0.6282318234443665,0.0,0.0,0.0,0.0,0.0,0.0,0.0,0.2273211867276998,-0.555270274789413,0.5
14.655,TRACK,0.0005654973210766912,0.0008622418972663581,-0.09694386273622513,0.0,0.0,0.0,0.0,-0.0,-0.0,0.0,0.0,0.0,0.0,0.0,0.0,0.0,0.1976711358725377,-0.5665034175032493,0.5,0.4043394923210144,-0.2933353781700134,-0.06145467236638069,0.0,0.0,0.0,-0.005535082425922155,-0.006918853148818016,0.25046247243881226,0.0,0.0,0.0,0.0,0.0,0.0,0.0,0.5909358385275943,0.1038981941310288,0.5,0.5854436755180359,-0.22818557918071747,0.03669896721839905,0.0,0.0,0.0,0.004151311703026295,-0.0027675412129610777,0.6282318234443665,0.0,0.0,0.0,0.0,0.0,0.0,0.0,0.22663317006019768,-0.5555514433681776,0.5
14.675,TRACK,0.0005654973210766912,0.0008622418972663581,-0.09694386273622513,0.0,0.0,0.0,0.0,-0.0,-0.0,0.0,0.0,0.0,0.0,0.0,0.0,0.0,0.19801900325154836,-0.5663819156287242,0.5,0.4043394923210144,-0.2933353781700134,-0.06145467236638069,0.0,0.0,0.0,-0.005535082425922155,-0.006918853148818016,0.25046247243881226,0.0,0.0,0.0,0.0,0.0,0.0,0.0,0.5909013855027373,0.10409396049216996,0.5,0.5854436755180359,-0.22818557918071747,0.03669896721839905,0.0,0.0,0.0,0.004151311703026295,-0.0027675412129610777,0.6282318234443665,0.0,0.0,0.0,0.0,0.0,0.0,0.0,0.225948936843978,-0.5558300800955954,0.5
14.695,TRACK,0.0005654973210766912,0.0008622418972663581,-0.09694386273622513,0.0,0.0,0.0,0.0,-0.0,-0.0,0.0,0.0,0.0,0.0,0.0,0.0,0.0,0.198364709414251,-0.5662609310724163,0.5,0.40451136231422424,-0.2980083227157593,-0.054252851754426956,0.0,0.0,0.0,-0.0027675412129610777,-0.00830262340605259,0.25046247243881226,0.0,0.0,0.0,0.0,0.0,0.0,0.0,0.5908670749246844,0.10428854093306403,0.5,0.5854436755180359,-0.22818557918071747,0.03669896721839905,0.0,0.0,0.0,0.004151311703026295,-0.0027675412129610777,0.6282318234443665,0.0,0.0,0.0,0.0,0.0,0.0,0.0,0.22524402038572544,-0.5561161131278924,0.5
14.715,TRACK,0.0005654973210766912,0.0008622418972663581,-0.09694386273622513,0.0,0.0,0.0,0.0,-0.0,-0.0,0.0,0.0,0.0,0.0,0.0,0.0,0.0,0.19870181766828016,-0.5661427272829013,0.5,0.40451136231422424,-0.2980083227157593,-0.054252851754426956,0.0,0.0,0.0,-0.0027675412129610777,-0.00830262340605259,0.25046247243881226,0.0,0.0,0.0,0.0,0.0,0.0,0.0,0.5908329067113846,0.10448194268377864,0.5,0.5828278660774231,-0.22844186425209045,0.030601557344198227,0.0,0.0,0.0,0.0027675412129610777,-0.004151311703026295,0.6282318234443665,0.0,0.0,0.0,0.0,0.0,0.0,0.0,0.22454297458270442,-0.5563995440019257,0.5
14.735,TRACK,0.0005654973210766912,0.0008622418972663581,-0.09694386273622513,0.0,0.0,0.0,0.0,-0.0,-0.0,0.0,0.0,0.0,0.0,0.0,0.0,0.0,0.19903683346913914,-0.5660250338302876,0.5,0.40451136231422424,-0.2980083227157593,-0.054252851754426956,0.0,0.0,0.0,-0.0027675412129610777,-0.00830262340605259,0.25046247243881226,0.0,0.0,0.0,0.0,0.0,0.0,0.0,0.5907988807719757,0.10467417293000589,0.5,0.5828278660774231,-0.22844186425209045,0.030601557344198227,0.0,0.0,0.0,0.0027675412129610777,-0.004151311703026295,0.6282318234443665,0.0,0.0,0.0,0.0,0.0,0.0,0.0,0.22384578160768875,-0.5566803984841238,0.5
14.755,TRACK,0.0022605708800256252,0.0035624427255243063,-0.39555540680885315,0.0,0.0,0.0,0.0,-0.0,0.0,0.0,0.0,0.0,0.0,0.0,0.0,0.0,0.1993697700903934,-0.565907850072875,0.5,0.40451136231422424,-0.2980083227157593,-0.054252851754426956,0.0,0.0,0.0,-0.0027675412129610777,-0.00830262340605259,0.25046247243881226,0.0,0.0,0.0,0.0,0.0,0.0,0.0,0.5907649970069507,0.10486523881333384,0.5,0.5828278660774231,-0.22844186425209045,0.030601557344198227,0.0,0.0,0.0,0.0027675412129610777,-0.004151311703026295,0.6282318234443665,0.0,0.0,0.0,0.0,0.0,0.0,0.0,0.22315242365665508,-0.556958702074185,0.5
14.775,TRACK,0.0022605708800256252,0.0035624427255243063,-0.39555540680885315,0.0,0.0,0.0,0.0,-0.0,0.0,0.0,0.0,0.0,0.0,0.0,0.0,0.0,0.19970064071947113,-0.5657911753431938,0.5,0.40451136231422424,-0.2980083227157593,-0.054252851754426956,0.0,0.0,0.0,-0.0027675412129610777,-0.00830262340605259,0.25046247243881226,0.0,0.0,0.0,0.0,0.0,0.0,0.0,0.5907217780248231,0.10510842481548119,0.5,0.5828278660774231,-0.22844186425209045,0.030601557344198227,0.0,0.0,0.0,0.0027675412129610777,-0.004151311703026295,0.6282318234443665,0.0,0.0,0.0,0.0,0.0,0.0,0.0,0.22246288294997435,-0.5572344800078204,0.5
14.795,TRACK,0.0022605708800256252,0.0035624427255243063,-0.39555540680885315,0.0,0.0,0.0,0.0,-0.0,0.0,0.0,0.0,0.0,0.0,0.0,0.0,0.0,0.20002945845821937,-0.565675008948523,0.5,0.4046401083469391,-0.2951720654964447,-0.06040208786725998,0.0,0.0,0.0,-0.0027675412129610777,-0.006918853148818016,0.25046247243881226,0.0,0.0,0.0,0.0,0.0,0.0,0.0,0.5906787191492087,0.10535013404951273,0.5,0.5828278660774231,-0.22844186425209045,0.030601557344198227,0.0,0.0,0.0,0.0027675412129610777,-0.004151311703026295,0.6282318234443665,0.0,0.0,0.0,0.0,0.0,0.0,0.0,0.22179290223417705,-0.5575014874585904,0.5
14.815,TRACK,0.0022605708800256252,0.0035624427255243063,-0.39555540680885315,0.0,0.0,0.0,0.0,-0.0,0.0,0.0,0.0,0.0,0.0,0.0,0.0,0.0,0.2003562363234573,-0.5655593501714024,0.5,0.4046401083469391,-0.2951720654964447,-0.06040208786725998,0.0,0.0,0.0,-0.0027675412129610777,-0.006918853148818016,0.25046247243881226,0.0,0.0,0.0,0.0,0.0,0.0,0.0,0.5906358206135303,0.10559037554711881,0.5,0.5814687013626099,-0.22911670804023743,0.02703215926885605,0.0,0.0,0.0,0.0027675412129610777,-0.004151311703026295,0.6282318234443665,0.0,0.0,0.0,0.0,0.0,0.0,0.0,0.22112662380872314,-0.5577660945620085,0.5
14.835,TRACK,0.0022605708800256252,0.0035624427255243063,-0.39555540680885315,0.0,0.0,0.0,0.0,-0.0,0.0,0.0,0.0,0.0,0.0,0.0,0.0,0.0,0.20067488406057415,-0.565446364306355,0.5,0.4046401083469391,-0.2951720654964447,-0.06040208786725998,0.0,0.0,0.0,-0.0027675412129610777,-0.006918853148818016,0.25046247243881226,0.0,0.0,0.0,0.0,0.0,0.0,0.0,0.5905930826354131,0.10582915828447328,0.5,0.5814687013626099,-0.22911670804023743,0.02703215926885605,0.0,0.0,0.0,0.0027675412129610777,-0.004151311703026295,0.6282318234443665,0.0,0.0,0.0,0.0,0.0,0.0,0.0,0.22046403020222477,-0.5580283248966781,0.5
14.855,TRACK,0.005022602621465921,0.008085540495812893,-0.8899338841438293,0.0,0.0,0.0,0.0,-0.0,0.0,0.0,0.0,0.0,0.0,0.0,0.0,0.0,0.200991556768267,-0.5653338784363346,0.5,0.4046401083469391,-0.2951720654964447,-0.06040208786725998,0.0,0.0,0.0,-0.0027675412129610777,-0.006918853148818016,0.25046247243881226,0.0,0.0,0.0,0.0,0.0,0.0,0.0,0.5905505054169524,0.10606649118256957,0.5,0.5814687013626099,-0.22911670804023743,0.02703215926885605,0.0,0.0,0.0,0.0027675412129610777,-0.004151311703026295,0.6282318234443665,0.0,0.0,0.0,0.0,0.0,0.0,0.0,0.21980510397495567,-0.5582882017977443,0.5
14.875,TRACK,0.005022602621465921,0.008085540495812893,-0.8899338841438293,0.0,0.0,0.0,0.0,-0.0,0.0,0.0,0.0,0.0,0.0,0.0,0.0,0.0,0.20130626695370396,-0.5652218917249792,0.5,0.4046401083469391,-0.2951720654964447,-0.06040208786725998,0.0,0.0,0.0,-0.0027675412129610777,-0.006918853148818016,0.25046247243881226,0.0,0.0,0.0,0.0,0.0,0.0,0.0,0.5905019703520126,0.10633636729920211,0.5,0.5814687013626099,-0.22911670804023743,0.02703215926885605,0.0,0.0,0.0,0.0027675412129610777,-0.004151311703026295,0.6282318234443665,0.0,0.0,0.0,0.0,0.0,0.0,0.0,0.21914982771981942,-0.5585457483594101,0.5
14.895,TRACK,0.005022602621465921,0.008085540495812893,-0.8899338841438293,0.0,0.0,0.0,0.0,-0.0,0.0,0.0,0.0,0.0,0.0,0.0,0.0,0.0,0.2016190270429302,-0.565110403314487,0.5,0.4036618173122406,-0.2912994623184204,-0.06980454921722412,0.0,0.0,0.0,-0.004151311703026295,-0.006918853148818016,0.24907870590686798,0.0,0.0,0.0,0.0,0.0,0.0,0.0,0.5904536042743188,0.10660460214956054,0.5,0.5814687013626099,-0.22911670804023743,0.02703215926885605,0.0,0.0,0.0,0.0027675412129610777,-0.004151311703026295,0.6282318234443665,0.0,0.0,0.0,0.0,0.0,0.0,0.0,0.21849818406329213,-0.5588009874374272,0.5
14.915,TRACK,0.005022602621465921,0.008085540495812893,-0.8899338841438293,0.0,0.0,0.0,0.0,-0.0,0.0,0.0,0.0,0.0,0.0,0.0,0.0,0.0,0.2019262513011055,-0.5650006982610577,0.5,0.4036618173122406,-0.2912994623184204,-0.06980454921722412,0.0,0.0,0.0,-0.004151311703026295,-0.006918853148818016,0.24907870590686798,0.0,0.0,0.0,0.0,0.0,0.0,0.0,0.5904054076421164,0.10687120578970895,0.5,0.5806571245193481,-0.22950920462608337,0.025319570675492287,0.0,0.0,0.0,0.0027675412129610777,-0.004151311703026295,0.6282318234443665,0.0,0.0,0.0,0.0,0.0,0.0,0.0,0.21786735271326005,-0.5590472400626945,0.5
14.935,TRACK,0.005022602621465921,0.008085540495812893,-0.8899338841438293,0.0,0.0,0.0,0.0,-0.0,0.0,0.0,0.0,0.0,0.0,0.0,0.0,0.0,0.20223157305733816,-0.5648914859145555,0.5,0.4036618173122406,-0.2912994623184204,-0.06980454921722412,0.0,0.0,0.0,-0.004151311703026295,-0.006918853148818016,0.24907870590686798,0.0,0.0,0.0,0.0,0.0,0.0,0.0,0.5903573808931357,0.10713618821386674,0.5,0.5806571245193481,-0.22950920462608337,0.025319570675492287,0.0,0.0,0.0,0.0027675412129610777,-0.004151311703026295,0.6282318234443665,0.0,0.0,0.0,0.0,0.0,0.0,0.0,0.2172400313106572,-0.5592913094230453,0.5
14.955,TRACK,0.00892578810453415,0.014430399052798748,-1.5820623636245728,0.0,0.0,0.0,0.0,-0.0,0.0,0.0,0.0,0.0,0.0,0.0,0.0,0.0,0.20253500434600852,-0.5647827653306733,0.5,0.4036618173122406,-0.2912994623184204,-0.06980454921722412,0.0,0.0,0.0,-0.004151311703026295,-0.006918853148818016,0.24907870590686798,0.0,0.0,0.0,0.0,0.0,0.0,0.0,0.5903082941746962,0.10740632117599173,0.5,0.5806571245193481,-0.22950920462608337,0.025319570675492287,0.0,0.0,0.0,0.0027675412129610777,-0.004151311703026295,0.6282318234443665,0.0,0.0,0.0,0.0,0.0,0.0,0.0,0.21661620286885924,-0.5595332167572156,0.5
14.975,TRACK,0.00892578810453415,0.014430399052798748,-1.5820623636245728,0.0,0.0,0.0,0.0,-0.0,0.0,0.0,0.0,0.0,0.0,0.0,0.0,0.0,0.20283655712347862,-0.5646745355461797,0.5,0.4036618173122406,-0.2912994623184204,-0.06980454921722412,0.0,0.0,0.0,-0.004151311703026295,-0.006918853148818016,0.24907870590686798,0.0,0.0,0.0,0.0,0.0,0.0,0.0,0.5902593794806101,0.10767481105237701,0.5,0.5806571245193481,-0.22950920462608337,0.025319570675492287,0.0,0.0,0.0,0.0027675412129610777,-0.004151311703026295,0.6282318234443665,0.0,0.0,0.0,0.0,0.0,0.0,0.0,0.21599585044076544,-0.5597729830854383,0.5
14.995,TRACK,0.00892578810453415,0.014430399052798748,-1.5820623636245728,0.0,0.0,0.0,0.0,-0.0,0.0,0.0,0.0,0.0,0.0,0.0,0.0,0.0,0.2031362432686006,-0.5645667955793361,0.5,0.40493834018707275,-0.295540452003479,-0.06146622449159622,0.0,0.0,0.0,-0.0013837706064805388,-0.00830262340605259,0.2476949393749237,0.0,0.0,0.0,0.0,0.0,0.0,0.0,0.5902106372543019,0.10794166791314132,0.5,0.5806571245193481,-0.22950920462608337,0.025319570675492287,0.0,0.0,0.0,0.0027675412129610777,-0.004151311703026295,0.6282318234443665,0.0,0.0,0.0,0.0,0.0,0.0,0.0,0.21536091367277757,-0.5600175683512316,0.5
15.015,TRACK,0.00892578810453415,0.014430399052798748,-1.5820623636245728,0.0,0.0,0.0,0.0,-0.0,0.0,0.0,0.0,0.0,0.0,0.0,0.0,0.0,0.2034516927326717,-0.5644531944494694,0.5,0.40493834018707275,-0.295540452003479,-0.06146622449159622,0.0,0.0,0.0,-0.0013837706064805388,-0.00830262340605259,0.2476949393749237,0.0,0.0,0.0,0.0,0.0,0.0,0.0,0.5901620679187268,0.10820690176644047,0.5,0.5855240821838379,-0.22791828215122223,0.03159574419260025,0.0,0.0,0.0,0.0027675412129610777,-0.0027675412129610777,0.6268481016159058,0.0,0.0,0.0,0.0,0.0,0.0,0.0,0.21472951205330232,-0.5602599723818851,0.5
15.035,TRACK,0.00892578810453415,0.014430399052798748,-1.5820623636245728,0.0,0.0,0.0,0.0,-0.0,0.0,0.0,0.0,0.0,0.0,0.0,0.0,0.0,0.2037651865409635,-0.5643401002533192,0.5,0.40493834018707275,-0.295540452003479,-0.06146622449159622,0.0,0.0,0.0,-0.0013837706064805388,-0.00830262340605259,0.2476949393749237,0.0,0.0,0.0,0.0,0.0,0.0,0.0,0.590113671876709,0.10847052255883984,0.5,0.5855240821838379,-0.22791828215122223,0.03159574419260025,0.0,0.0,0.0,0.0027675412129610777,-0.0027675412129610777,0.6268481016159058,0.0,0.0,0.0,0.0,0.0,0.0,0.0,0.21410162845031475,-0.5605002164985518,0.5
15.055,TRACK,0.013914789073169231,0.022564370185136795,-2.4719669818878174,0.0,0.0,0.0,0.0,-0.0,-0.0,0.0,0.0,0.0,0.0,0.0,0.0,0.0,0.20407673708479926,-0.5642275120736507,0.5,0.40493834018707275,-0.295540452003479,-0.06146622449159622,0.0,0.0,0.0,-0.0013837706064805388,-0.00830262340605259,0.2476949393749237,0.0,0.0,0.0,0.0,0.0,0.0,0.0,0.5900645664672927,0.10873733213467153,0.5,0.5855240821838379,-0.22791828215122223,0.03159574419260025,0.0,0.0,0.0,0.0027675412129610777,-0.0027675412129610777,0.6268481016159058,0.0,0.0,0.0,0.0,0.0,0.0,0.0,0.2134772457718931,-0.5607383218022883,0.5
15.075,TRACK,0.013914789073169231,0.022564370185136795,-2.4719669818878174,0.0,0.0,0.0,0.0,-0.0,-0.0,0.0,0.0,0.0,0.0,0.0,0.0,0.0,0.20438635667502308,-0.5641154289727505,0.5,0.40493834018707275,-0.295540452003479,-0.06146622449159622,0.0,0.0,0.0,-0.0013837706064805388,-0.00830262340605259,0.2476949393749237,0.0,0.0,0.0,0.0,0.0,0.0,0.0,0.5900156361405642,0.10900251882248124,0.5,0.5855240821838379,-0.22791828215122223,0.03159574419260025,0.0,0.0,0.0,0.0027675412129610777,-0.0027675412129610777,0.6268481016159058,0.0,0.0,0.0,0.0,0.0,0.0,0.0,0.21285634696696773,-0.5609743091763453,0.5
15.095,TRACK,0.013914789073169231,0.022564370185136795,-2.4719669818878174,0.0,0.0,0.0,0.0,-0.0,-0.0,0.0,0.0,0.0,0.0,0.0,0.0,0.0,0.20469405754252473,-0.564003849992868,0.5,0.40512028336524963,-0.2969290018081665,-0.061275415122509,0.0,0.0,0.0,-0.0013837706064805388,-0.00830262340605259,0.2476949393749237,0.0,0.0,0.0,0.0,0.0,0.0,0.0,0.5899668812861156,0.10926609257008492,0.5,0.5855240821838379,-0.22791828215122223,0.03159574419260025,0.0,0.0,0.0,0.0027675412129610777,-0.0027675412129610777,0.6268481016159058,0.0,0.0,0.0,0.0,0.0,0.0,0.0,0.21223891502605002,-0.5612081992884326,0.5
15.115,TRACK,0.013914789073169231,0.022564370185136795,-2.4719669818878174,0.0,0.0,0.0,0.0,-0.0,-0.0,0.0,0.0,0.0,0.0,0.0,0.0,0.0,0.20499841650407516,-0.5638932959619415,0.5,0.40512028336524963,-0.2969290018081665,-0.061275415122509,0.0,0.0,0.0,-0.0013837706064805388,-0.00830262340605259,0.2476949393749237,0.0,0.0,0.0,0.0,0.0,0.0,0.0,0.5899183022738206,0.10952806326404756,0.5,0.5846743583679199,-0.22787319123744965,0.033204223960638046,0.0,0.0,0.0,0.0027675412129610777,-0.0027675412129610777,0.6268481016159058,0.0,0.0,0.0,0.0,0.0,0.0,0.0,0.21161813015702488,-0.5614425767510373,0.5
15.135,TRACK,0.013914789073169231,0.022564370185136795,-2.4719669818878174,0.0,0.0,0.0,0.0,-0.0,-0.0,0.0,0.0,0.0,0.0,0.0,0.0,0.0,0.20530089013881223,-0.5637832424861626,0.5,0.40512028336524963,-0.2969290018081665,-0.061275415122509,0.0,0.0,0.0,-0.0013837706064805388,-0.00830262340605259,0.2476949393749237,0.0,0.0,0.0,0.0,0.0,0.0,0.0,0.5898698994541625,0.10978844073005205,0.5,0.5846743583679199,-0.22787319123744965,0.033204223960638046,0.0,0.0,0.0,0.0027675412129610777,-0.0027675412129610777,0.6268481016159058,0.0,0.0,0.0,0.0,0.0,0.0,0.0,0.21100081349583344,-0.561674867431414,0.5
15.155,TRACK,0.0004490698338486254,0.0007398396846838295,-0.07830551266670227,0.0,0.0,0.0,0.0,0.0,-0.0,0.0,0.0,0.0,0.0,0.0,0.0,0.0,0.20560149038037695,-0.5636736885409569,0.5,0.40512028336524963,-0.2969290018081665,-0.061275415122509,0.0,0.0,0.0,-0.0013837706064805388,-0.00830262340605259,0.2476949393749237,0.0,0.0,0.0,0.0,0.0,0.0,0.0,0.5898170180279371,0.1100721819745211,0.5,0.5846743583679199,-0.22787319123744965,0.033204223960638046,0.0,0.0,0.0,0.0027675412129610777,-0.0027675412129610777,0.6268481016159058,0.0,0.0,0.0,0.0,0.0,0.0,0.0,0.21038694804130964,-0.5619050917137727,0.5
15.175,TRACK,0.0004490698338486254,0.0007398396846838295,-0.07830551266670227,0.0,0.0,0.0,0.0,0.0,-0.0,0.0,0.0,0.0,0.0,0.0,0.0,0.0,0.20590022908493072,-0.5635646330837067,0.5,0.40512028336524963,-0.2969290018081665,-0.061275415122509,0.0,0.0,0.0,-0.0013837706064805388,-0.00830262340605259,0.2476949393749237,0.0,0.0,0.0,0.0,0.0,0.0,0.0,0.589764318629984,0.11035419552926205,0.5,0.5846743583679199,-0.22787319123744965,0.033204223960638046,0.0,0.0,0.0,0.0027675412129610777,-0.0027675412129610777,0.6268481016159058,0.0,0.0,0.0,0.0,0.0,0.0,0.0,0.20977651683580573,-0.5621332697717125,0.5
15.195,TRACK,0.0004490698338486254,0.0007398396846838295,-0.07830551266670227,0.0,0.0,0.0,0.0,0.0,-0.0,0.0,0.0,0.0,0.0,0.0,0.0,0.0,0.2061971180316622,-0.5634560750541578,0.5,0.404449999332428,-0.2990262508392334,-0.05342354252934456,0.0,0.0,0.0,-0.0,-0.00830262340605259,0.24907870590686798,0.0,0.0,0.0,0.0,0.0,0.0,0.0,0.5897118017983286,0.11063449199851169,0.5,0.5846743583679199,-0.22787319123744965,0.033204223960638046,0.0,0.0,0.0,0.0027675412129610777,-0.0027675412129610777,0.6268481016159058,0.0,0.0,0.0,0.0,0.0,0.0,0.0,0.20915549746771908,-0.5623646307148333,0.5
15.215,TRACK,0.0004490698338486254,0.0007398396846838295,-0.07830551266670227,0.0,0.0,0.0,0.0,0.0,-0.0,0.0,0.0,0.0,0.0,0.0,0.0,0.0,0.20649209167726543,-0.5633480416889259,0.5,0.404449999332428,-0.2990262508392334,-0.05342354252934456,0.0,0.0,0.0,-0.0,-0.00830262340605259,0.24907870590686798,0.0,0.0,0.0,0.0,0.0,0.0,0.0,0.5896594680480804,0.11091308192118164,0.5,0.5839864015579224,-0.2276204377412796,0.033527519553899765,0.0,0.0,0.0,0.0027675412129610777,-0.004151311703026295,0.6268481016159058,0.0,0.0,0.0,0.0,0.0,0.0,0.0,0.2085379513406303,-0.5625939235813456,0.5
15.235,TRACK,0.0004490698338486254,0.0007398396846838295,-0.07830551266670227,0.0,0.0,0.0,0.0,0.0,-0.0,0.0,0.0,0.0,0.0,0.0,0.0,0.0,0.20678523938740082,-0.5632405034898461,0.5,0.404449999332428,-0.2990262508392334,-0.05342354252934456,0.0,0.0,0.0,-0.0,-0.00830262340605259,0.24907870590686798,0.0,0.0,0.0,0.0,0.0,0.0,0.0,0.5896073178718093,0.11118997577125002,0.5,0.5839864015579224,-0.2276204377412796,0.033527519553899765,0.0,0.0,0.0,0.0027675412129610777,-0.004151311703026295,0.6268481016159058,0.0,0.0,0.0,0.0,0.0,0.0,0.0,0.20792386137819482,-0.562821168640254,0.5
15.255,TRACK,0.001992779551073909,0.0033973786048591137,-0.35315394401550293,0.0,0.0,0.0,0.0,0.0,0.0,0.0,0.0,0.0,0.0,0.0,0.0,0.0,0.2070765727101028,-0.5631334593456843,0.5,0.404449999332428,-0.2990262508392334,-0.05342354252934456,0.0,0.0,0.0,-0.0,-0.00830262340605259,0.24907870590686798,0.0,0.0,0.0,0.0,0.0,0.0,0.0,0.5895553517399156,0.11146518395815107,0.5,0.5839864015579224,-0.2276204377412796,0.033527519553899765,0.0,0.0,0.0,0.0027675412129610777,-0.004151311703026295,0.6268481016159058,0.0,0.0,0.0,0.0,0.0,0.0,0.0,0.20731321054859955,-0.5630463859506,0.5
15.275,TRACK,0.001992779551073909,0.0033973786048591137,-0.35315394401550293,0.0,0.0,0.0,0.0,0.0,0.0,0.0,0.0,0.0,0.0,0.0,0.0,0.0,0.2073661031184524,-0.5630269081291474,0.5,0.404449999332428,-0.2990262508392334,-0.05342354252934456,0.0,0.0,0.0,-0.0,-0.00830262340605259,0.24907870590686798,0.0,0.0,0.0,0.0,0.0,0.0,0.0,0.5894934732908724,0.11179197174870613,0.5,0.5839864015579224,-0.2276204377412796,0.033527519553899765,0.0,0.0,0.0,0.0027675412129610777,-0.004151311703026295,0.6268481016159058,0.0,0.0,0.0,0.0,0.0,0.0,0.0,0.20670598186521147,-0.5632695953636578,0.5
15.295,TRACK,0.001992779551073909,0.0033973786048591137,-0.35315394401550293,0.0,0.0,0.0,0.0,0.0,0.0,0.0,0.0,0.0,0.0,0.0,0.0,0.0,0.20765384201106915,-0.5629208486972586,0.5,0.4046486020088196,-0.29883691668510437,-0.05940892919898033,0.0,0.0,0.0,-0.0013837706064805388,-0.00830262340605259,0.2476949393749237,0.0,0.0,0.0,0.0,0.0,0.0,0.0,0.589431786602519,0.112116764770316,0.5,0.5839864015579224,-0.2276204377412796,0.033527519553899765,0.0,0.0,0.0,0.0027675412129610777,-0.004151311703026295,0.6268481016159058,0.0,0.0,0.0,0.0,0.0,0.0,0.0,0.2061039751794975,-0.5634901520126231,0.5
15.315,TRACK,0.001992779551073909,0.0033973786048591137,-0.35315394401550293,0.0,0.0,0.0,0.0,0.0,0.0,0.0,0.0,0.0,0.0,0.0,0.0,0.0,0.2079420840239414,-0.5628144362858686,0.5,0.4046486020088196,-0.29883691668510437,-0.05940892919898033,0.0,0.0,0.0,-0.0013837706064805388,-0.00830262340605259,0.2476949393749237,0.0,0.0,0.0,0.0,0.0,0.0,0.0,0.5893702926905091,0.11243957530115281,0.5,0.5848472714424133,-0.2275005728006363,0.03755197301506996,0.0,0.0,0.0,0.0027675412129610777,-0.0027675412129610777,0.6268481016159058,0.0,0.0,0.0,0.0,0.0,0.0,0.0,0.20550534731147782,-0.5637087476936905,0.5
15.335,TRACK,0.001992779551073909,0.0033973786048591137,-0.35315394401550293,0.0,0.0,0.0,0.0,0.0,0.0,0.0,0.0,0.0,0.0,0.0,0.0,0.0,0.20822854254357176,-0.5627085160810879,0.5,0.4046486020088196,-0.29883691668510437,-0.05940892919898033,0.0,0.0,0.0,-0.0013837706064805388,-0.00830262340605259,0.2476949393749237,0.0,0.0,0.0,0.0,0.0,0.0,0.0,0.5893089925382059,0.11276041554377457,0.5,0.5848472714424133,-0.2275005728006363,0.03755197301506996,0.0,0.0,0.0,0.0027675412129610777,-0.0027675412129610777,0.6268481016159058,0.0,0.0,0.0,0.0,0.0,0.0,0.0,0.20491008144781164,-0.563925401556847,0.5
15.355,TRACK,0.004639539401978254,0.007916632108390331,-0.8257647752761841,0.0,0.0,0.0,0.0,0.0,0.0,0.0,0.0,0.0,0.0,0.0,0.0,0.0,0.20851322884391124,-0.5626030869068234,0.5,0.4046486020088196,-0.29883691668510437,-0.05940892919898033,0.0,0.0,0.0,-0.0013837706064805388,-0.00830262340605259,0.2476949393749237,0.0,0.0,0.0,0.0,0.0,0.0,0.0,0.5892476274547263,0.11308065059494524,0.5,0.5848472714424133,-0.2275005728006363,0.03755197301506996,0.0,0.0,0.0,0.0027675412129610777,-0.0027675412129610777,0.6268481016159058,0.0,0.0,0.0,0.0,0.0,0.0,0.0,0.2043181608229265,-0.5641401325539043,0.5
15.375,TRACK,0.004639539401978254,0.007916632108390331,-0.8257647752761841,0.0,0.0,0.0,0.0,0.0,0.0,0.0,0.0,0.0,0.0,0.0,0.0,0.0,0.2087961541257415,-0.5624981475723272,0.5,0.4046486020088196,-0.29883691668510437,-0.05940892919898033,0.0,0.0,0.0,-0.0013837706064805388,-0.00830262340605259,0.2476949393749237,0.0,0.0,0.0,0.0,0.0,0.0,0.0,0.5891864581065598,0.11339893114067295,0.5,0.5848472714424133,-0.2275005728006363,0.03755197301506996,0.0,0.0,0.0,0.0027675412129610777,-0.0027675412129610777,0.6268481016159058,0.0,0.0,0.0,0.0,0.0,0.0,0.0,0.20372956871957054,-0.5643529594405772,0.5
15.395,TRACK,0.004639539401978254,0.007916632108390331,-0.8257647752761841,0.0,0.0,0.0,0.0,0.0,0.0,0.0,0.0,0.0,0.0,0.0,0.0,0.0,0.2090773295171561,-0.5623936968725507,0.5,0.4041084051132202,-0.29283979535102844,-0.0663444921374321,0.0,0.0,0.0,-0.0027675412129610777,-0.006918853148818016,0.24631115794181824,0.0,0.0,0.0,0.0,0.0,0.0,0.0,0.5891254854002367,0.11371526921190271,0.5,0.5848472714424133,-0.2275005728006363,0.03755197301506996,0.0,0.0,0.0,0.0027675412129610777,-0.0027675412129610777,0.6268481016159058,0.0,0.0,0.0,0.0,0.0,0.0,0.0,0.20317485471203625,-0.564552901341179,0.5
15.415,TRACK,0.004639539401978254,0.007916632108390331,-0.8257647752761841,0.0,0.0,0.0,0.0,0.0,0.0,0.0,0.0,0.0,0.0,0.0,0.0,0.0,0.20935639863912395,-0.5622898703950269,0.5,0.4041084051132202,-0.29283979535102844,-0.0663444921374321,0.0,0.0,0.0,-0.0027675412129610777,-0.006918853148818016,0.24631115794181824,0.0,0.0,0.0,0.0,0.0,0.0,0.0,0.5890647102116839,0.11402967676541399,0.5,0.5844904184341431,-0.22743505239486694,0.032435618340969086,0.0,0.0,0.0,0.0027675412129610777,-0.0027675412129610777,0.6268481016159058,0.0,0.0,0.0,0.0,0.0,0.0,0.0,0.20262327452573167,-0.5647511032485638,0.5
15.435,TRACK,0.004639539401978254,0.007916632108390331,-0.8257647752761841,0.0,0.0,0.0,0.0,0.0,0.0,0.0,0.0,0.0,0.0,0.0,0.0,0.0,0.20963374225005899,-0.5621865296413957,0.5,0.4041084051132202,-0.29283979535102844,-0.0663444921374321,0.0,0.0,0.0,-0.0027675412129610777,-0.006918853148818016,0.24631115794181824,0.0,0.0,0.0,0.0,0.0,0.0,0.0,0.5890041333867134,0.11434216568425953,0.5,0.5844904184341431,-0.22743505239486694,0.032435618340969086,0.0,0.0,0.0,0.0027675412129610777,-0.0027675412129610777,0.6268481016159058,0.0,0.0,0.0,0.0,0.0,0.0,0.0,0.20207481220589804,-0.5649475818799041,0.5
15.455,TRACK,0.008381541818380356,0.01434268057346344,-1.496126413345337,0.0,0.0,0.0,0.0,0.0,0.0,0.0,0.0,0.0,0.0,0.0,0.0,0.0,0.20990937124746292,-0.5620836733641129,0.5,0.4041084051132202,-0.29283979535102844,-0.0663444921374321,0.0,0.0,0.0,-0.0027675412129610777,-0.006918853148818016,0.24631115794181824,0.0,0.0,0.0,0.0,0.0,0.0,0.0,0.5889437557415037,0.1146527477782022,0.5,0.5844904184341431,-0.22743505239486694,0.032435618340969086,0.0,0.0,0.0,0.0027675412129610777,-0.0027675412129610777,0.6268481016159058,0.0,0.0,0.0,0.0,0.0,0.0,0.0,0.20152945185027588,-0.5651423537808216,0.5
15.475,TRACK,0.008381541818380356,0.01434268057346344,-1.496126413345337,0.0,0.0,0.0,0.0,0.0,0.0,0.0,0.0,0.0,0.0,0.0,0.0,0.0,0.21018329645814748,-0.5619813003027649,0.5,0.4041084051132202,-0.29283979535102844,-0.0663444921374321,0.0,0.0,0.0,-0.0027675412129610777,-0.006918853148818016,0.24631115794181824,0.0,0.0,0.0,0.0,0.0,0.0,0.0,0.5888827189663187,0.11496583537223436,0.5,0.5844904184341431,-0.22743505239486694,0.032435618340969086,0.0,0.0,0.0,0.0027675412129610777,-0.0027675412129610777,0.6268481016159058,0.0,0.0,0.0,0.0,0.0,0.0,0.0,0.20098717760946608,-0.5653354353271878,0.5
15.495,TRACK,0.008381541818380356,0.01434268057346344,-1.496126413345337,0.0,0.0,0.0,0.0,0.0,0.0,0.0,0.0,0.0,0.0,0.0,0.0,0.0,0.21045552863870004,-0.5618794091843954,0.5,0.405032217502594,-0.295941025018692,-0.06322775036096573,0.0,0.0,0.0,-0.0,-0.006918853148818016,0.24631115794181824,0.0,0.0,0.0,0.0,0.0,0.0,0.0,0.5888218834666546,0.11527701223913339,0.5,0.5844904184341431,-0.22743505239486694,0.032435618340969086,0.0,0.0,0.0,0.0027675412129610777,-0.0027675412129610777,0.6268481016159058,0.0,0.0,0.0,0.0,0.0,0.0,0.0,0.2004346539363626,-0.565531563665027,0.5
15.515,TRACK,0.008381541818380356,0.01434268057346344,-1.496126413345337,0.0,0.0,0.0,0.0,0.0,0.0,0.0,0.0,0.0,0.0,0.0,0.0,0.0,0.21071955335899506,-0.5617804462885706,0.5,0.405032217502594,-0.295941025018692,-0.06322775036096573,0.0,0.0,0.0,-0.0,-0.006918853148818016,0.24631115794181824,0.0,0.0,0.0,0.0,0.0,0.0,0.0,0.5887612500250982,0.11558629014240326,0.5,0.5824875235557556,-0.22795501351356506,0.027009600773453712,0.0,0.0,0.0,0.0027675412129610777,-0.004151311703026295,0.6268481016159058,0.0,0.0,0.0,0.0,0.0,0.0,0.0,0.19988525573673416,-0.5657259800813998,0.5
15.535,TRACK,0.008381541818380356,0.01434268057346344,-1.496126413345337,0.0,0.0,0.0,0.0,0.0,0.0,0.0,0.0,0.0,0.0,0.0,0.0,0.0,0.2109819478135794,-0.5616819542203471,0.5,0.405032217502594,-0.295941025018692,-0.06322775036096573,0.0,0.0,0.0,-0.0,-0.006918853148818016,0.24631115794181824,0.0,0.0,0.0,0.0,0.0,0.0,0.0,0.5887008193954723,0.11589368077293755,0.5,0.5824875235557556,-0.22795501351356506,0.027009600773453712,0.0,0.0,0.0,0.0027675412129610777,-0.004151311703026295,0.6268481016159058,0.0,0.0,0.0,0.0,0.0,0.0,0.0,0.1993389670406054,-0.5659187010686114,0.5
15.555,TRACK,0.013189909979701042,0.022644517943263054,-2.3642427921295166,0.0,0.0,0.0,0.0,0.0,0.0,0.0,0.0,0.0,0.0,0.0,0.0,0.0,0.21124272227905516,-0.5615839316470281,0.5,0.405032217502594,-0.295941025018692,-0.06322775036096573,0.0,0.0,0.0,-0.0,-0.006918853148818016,0.24631115794181824,0.0,0.0,0.0,0.0,0.0,0.0,0.0,0.5886396036541007,0.11620420392543124,0.5,0.5824875235557556,-0.22795501351356506,0.027009600773453712,0.0,0.0,0.0,0.0027675412129610777,-0.004151311703026295,0.6268481016159058,0.0,0.0,0.0,0.0,0.0,0.0,0.0,0.19879577193150874,-0.5661097429493291,0.5
15.575,TRACK,0.013189909979701042,0.022644517943263054,-2.3642427921295166,0.0,0.0,0.0,0.0,0.0,0.0,0.0,0.0,0.0,0.0,0.0,0.0,0.0,0.21150188696546737,-0.5614863772257049,0.5,0.405032217502594,-0.295941025018692,-0.06322775036096573,0.0,0.0,0.0,-0.0,-0.006918853148818016,0.24631115794181824,0.0,0.0,0.0,0.0,0.0,0.0,0.0,0.5885785928860933,0.11651283189514558,0.5,0.5824875235557556,-0.22795501351356506,0.027009600773453712,0.0,0.0,0.0,0.0027675412129610777,-0.004151311703026295,0.6268481016159058,0.0,0.0,0.0,0.0,0.0,0.0,0.0,0.19825565454682606,-0.5662991218783671,0.5
15.595,TRACK,0.013189909979701042,0.022644517943263054,-2.3642427921295166,0.0,0.0,0.0,0.0,0.0,0.0,0.0,0.0,0.0,0.0,0.0,0.0,0.0,0.21175945201674382,-0.561389289603541,0.5,0.40481802821159363,-0.2963075041770935,-0.062155939638614655,0.0,0.0,0.0,-0.0013837706064805388,-0.006918853148818016,0.24631115794181824,0.0,0.0,0.0,0.0,0.0,0.0,0.0,0.5885177878202421,0.11681957635246112,0.5,0.5824875235557556,-0.22795501351356506,0.027009600773453712,0.0,0.0,0.0,0.0027675412129610777,-0.004151311703026295,0.6268481016159058,0.0,0.0,0.0,0.0,0.0,0.0,0.0,0.1977157381208238,-0.566487852384619,0.5
15.615,TRACK,0.013189909979701042,0.022644517943263054,-2.3642427921295166,0.0,0.0,0.0,0.0,0.0,0.0,0.0,0.0,0.0,0.0,0.0,0.0,0.0,0.21201866908685957,-0.5612914429764957,0.5,0.40481802821159363,-0.2963075041770935,-0.062155939638614655,0.0,0.0,0.0,-0.0013837706064805388,-0.006918853148818016,0.24631115794181824,0.0,0.0,0.0,0.0,0.0,0.0,0.0,0.5884571891572792,0.11712444889566859,0.5,0.5841417908668518,-0.22795428335666656,0.03216918557882309,0.0,0.0,0.0,0.0027675412129610777,-0.0027675412129610777,0.6268481016159058,0.0,0.0,0.0,0.0,0.0,0.0,0.0,0.19717888314351784,-0.5666749403690575,0.5
15.635,TRACK,0.013189909979701042,0.022644517943263054,-2.3642427921295166,0.0,0.0,0.0,0.0,0.0,0.0,0.0,0.0,0.0,0.0,0.0,0.0,0.0,0.21227628604927315,-0.5611940648128124,0.5,0.40481802821159363,-0.2963075041770935,-0.062155939638614655,0.0,0.0,0.0,-0.0013837706064805388,-0.006918853148818016,0.24631115794181824,0.0,0.0,0.0,0.0,0.0,0.0,0.0,0.5883967975703319,0.11742746105139885,0.5,0.5841417908668518,-0.22795428335666656,0.03216918557882309,0.0,0.0,0.0,0.0027675412129610777,-0.0027675412129610777,0.6268481016159058,0.0,0.0,0.0,0.0,0.0,0.0,0.0,0.19664507385407953,-0.566860401623648,0.5
15.655,TRACK,0.0003340632247272879,0.0005933449720032513,-0.061712369322776794,0.0,0.0,0.0,0.0,-0.0,0.0,0.0,0.0,0.0,0.0,0.0,0.0,0.0,0.21253231298689043,-0.5610971537411702,0.5,0.40481802821159363,-0.2963075041770935,-0.062155939638614655,0.0,0.0,0.0,-0.0013837706064805388,-0.006918853148818016,0.24631115794181824,0.0,0.0,0.0,0.0,0.0,0.0,0.0,0.5883262607875556,0.11778035009174148,0.5,0.5841417908668518,-0.22795428335666656,0.03216918557882309,0.0,0.0,0.0,0.0027675412129610777,-0.0027675412129610777,0.6268481016159058,0.0,0.0,0.0,0.0,0.0,0.0,0.0,0.19611429454665238,-0.5670442517779973,0.5
15.675,TRACK,0.0003340632247272879,0.0005933449720032513,-0.061712369322776794,0.0,0.0,0.0,0.0,-0.0,0.0,0.0,0.0,0.0,0.0,0.0,0.0,0.0,0.21278675991732138,-0.5610007083809148,0.5,0.40481802821159363,-0.2963075041770935,-0.062155939638614655,0.0,0.0,0.0,-0.0013837706064805388,-0.006918853148818016,0.24631115794181824,0.0,0.0,0.0,0.0,0.0,0.0,0.0,0.5882559374823927,0.11813107980845376,0.5,0.5841417908668518,-0.22795428335666656,0.03216918557882309,0.0,0.0,0.0,0.0027675412129610777,-0.0027675412129610777,0.6268481016159058,0.0,0.0,0.0,0.0,0.0,0.0,0.0,0.19558652957064185,-0.5672265063010652,0.5
15.695,TRACK,0.0003340632247272879,0.0005933449720032513,-0.061712369322776794,0.0,0.0,0.0,0.0,-0.0,0.0,0.0,0.0,0.0,0.0,0.0,0.0,0.0,0.21303963679331198,-0.5609047273423301,0.5,0.4036322236061096,-0.3014037311077118,-0.055273931473493576,0.0,0.0,0.0,-0.0,-0.00830262340605259,0.24631115794181824,0.0,0.0,0.0,0.0,0.0,0.0,0.0,0.588185828908115,0.11847966353629501,0.5,0.5841417908668518,-0.22795428335666656,0.03216918557882309,0.0,0.0,0.0,0.0027675412129610777,-0.0027675412129610777,0.6268481016159058,0.0,0.0,0.0,0.0,0.0,0.0,0.0,0.1950292371933094,-0.5674183612113691,0.5
15.715,TRACK,0.0003340632247272879,0.0005933449720032513,-0.061712369322776794,0.0,0.0,0.0,0.0,-0.0,0.0,0.0,0.0,0.0,0.0,0.0,0.0,0.0,0.21329095350317326,-0.5608092092269056,0.5,0.4036322236061096,-0.3014037311077118,-0.055273931473493576,0.0,0.0,0.0,-0.0,-0.00830262340605259,0.24631115794181824,0.0,0.0,0.0,0.0,0.0,0.0,0.0,0.5881159362797848,0.1188261145277087,0.5,0.5842273831367493,-0.22773464024066925,0.03425266966223717,0.0,0.0,0.0,0.0027675412129610777,-0.0027675412129610777,0.6268481016159058,0.0,0.0,0.0,0.0,0.0,0.0,0.0,0.19447510206547527,-0.5676085223784285,0.5
15.735,TRACK,0.0003340632247272879,0.0005933449720032513,-0.061712369322776794,0.0,0.0,0.0,0.0,-0.0,0.0,0.0,0.0,0.0,0.0,0.0,0.0,0.0,0.2135419846397499,-0.5607136709552539,0.5,0.4036322236061096,-0.3014037311077118,-0.055273931473493576,0.0,0.0,0.0,-0.0,-0.00830262340605259,0.24631115794181824,0.0,0.0,0.0,0.0,0.0,0.0,0.0,0.5880462607748566,0.11917044595330396,0.5,0.5842273831367493,-0.22773464024066925,0.03425266966223717,0.0,0.0,0.0,0.0027675412129610777,-0.0027675412129610777,0.6268481016159058,0.0,0.0,0.0,0.0,0.0,0.0,0.0,0.19392410799856294,-0.5677970062768574,0.5
15.755,TRACK,0.0017082239501178265,0.002993927104398608,-0.3168547749519348,0.0,0.0,0.0,0.0,-0.0,-0.0,0.0,0.0,0.0,0.0,0.0,0.0,0.0,0.21379146718005365,-0.5606185945551575,0.5,0.4036322236061096,-0.3014037311077118,-0.055273931473493576,0.0,0.0,0.0,-0.0,-0.00830262340605259,0.24631115794181824,0.0,0.0,0.0,0.0,0.0,0.0,0.0,0.5879808986518755,0.11949252202766847,0.5,0.5842273831367493,-0.22773464024066925,0.03425266966223717,0.0,0.0,0.0,0.0027675412129610777,-0.0027675412129610777,0.6268481016159058,0.0,0.0,0.0,0.0,0.0,0.0,0.0,0.19337623885897118,-0.5679838292106194,0.5
15.775,TRACK,0.0017082239501178265,0.002993927104398608,-0.3168547749519348,0.0,0.0,0.0,0.0,-0.0,-0.0,0.0,0.0,0.0,0.0,0.0,0.0,0.0,0.21403941087409367,-0.5605239786063313,0.5,0.4036322236061096,-0.3014037311077118,-0.055273931473493576,0.0,0.0,0.0,-0.0,-0.00830262340605259,0.24631115794181824,0.0,0.0,0.0,0.0,0.0,0.0,0.0,0.5879157538832727,0.11981263011829414,0.5,0.5842273831367493,-0.22773464024066925,0.03425266966223717,0.0,0.0,0.0,0.0027675412129610777,-0.0027675412129610777,0.6268481016159058,0.0,0.0,0.0,0.0,0.0,0.0,0.0,0.19283147856840838,-0.5681690073148318,0.5
15.795,TRACK,0.0017082239501178265,0.002993927104398608,-0.3168547749519348,0.0,0.0,0.0,0.0,-0.0,-0.0,0.0,0.0,0.0,0.0,0.0,0.0,0.0,0.21428582540877852,-0.5604298216805369,0.5,0.40035074949264526,-0.30663326382637024,-0.04561153054237366,0.0,0.0,0.0,0.0013837706064805388,-0.00830262340605259,0.24907870590686798,0.0,0.0,0.0,0.0,0.0,0.0,0.0,0.5878508272755856,0.12013078236409502,0.5,0.5842273831367493,-0.22773464024066925,0.03425266966223717,0.0,0.0,0.0,0.0027675412129610777,-0.0027675412129610777,0.6268481016159058,0.0,0.0,0.0,0.0,0.0,0.0,0.0,0.19224819750046254,-0.568366633923758,0.5
15.815,TRACK,0.0017082239501178265,0.002993927104398608,-0.3168547749519348,0.0,0.0,0.0,0.0,-0.0,-0.0,0.0,0.0,0.0,0.0,0.0,0.0,0.0,0.214532930754061,-0.5603352760821625,0.5,0.40035074949264526,-0.30663326382637024,-0.04561153054237366,0.0,0.0,0.0,0.0013837706064805388,-0.00830262340605259,0.24907870590686798,0.0,0.0,0.0,0.0,0.0,0.0,0.0,0.5877861196049687,0.12044699082888413,0.5,0.5846267342567444,-0.22744765877723694,0.03547578677535057,0.0,0.0,0.0,0.0027675412129610777,-0.0027675412129610777,0.6268481016159058,0.0,0.0,0.0,0.0,0.0,0.0,0.0,0.19166821539646303,-0.5685624813569173,0.5
15.835,TRACK,0.0017082239501178265,0.002993927104398608,-0.3168547749519348,0.0,0.0,0.0,0.0,-0.0,-0.0,0.0,0.0,0.0,0.0,0.0,0.0,0.0,0.21477851212735835,-0.5602411897820064,0.5,0.40035074949264526,-0.30663326382637024,-0.04561153054237366,0.0,0.0,0.0,0.0013837706064805388,-0.00830262340605259,0.24907870590686798,0.0,0.0,0.0,0.0,0.0,0.0,0.0,0.5877216316176849,0.12076126750182081,0.5,0.5846267342567444,-0.22744765877723694,0.03547578677535057,0.0,0.0,0.0,0.0027675412129610777,-0.0027675412129610777,0.6268481016159058,0.0,0.0,0.0,0.0,0.0,0.0,0.0,0.19109151546237546,-0.568756567186958,0.5
15.855,TRACK,0.004151713568717241,0.007228033617138863,-0.7698005437850952,0.0,0.0,0.0,0.0,0.0,-0.0,0.0,0.0,0.0,0.0,0.0,0.0,0.0,0.21502257912033593,-0.5601475613340103,0.5,0.40035074949264526,-0.30663326382637024,-0.04561153054237366,0.0,0.0,0.0,0.0013837706064805388,-0.00830262340605259,0.24907870590686798,0.0,0.0,0.0,0.0,0.0,0.0,0.0,0.5876594580796698,0.1210634599270515,0.5,0.5846267342567444,-0.22744765877723694,0.03547578677535057,0.0,0.0,0.0,0.0027675412129610777,-0.0027675412129610777,0.6268481016159058,0.0,0.0,0.0,0.0,0.0,0.0,0.0,0.19051808095853726,-0.5689489088027819,0.5
15.875,TRACK,0.004151713568717241,0.007228033617138863,-0.7698005437850952,0.0,0.0,0.0,0.0,0.0,-0.0,0.0,0.0,0.0,0.0,0.0,0.0,0.0,0.21526514126259524,-0.5600543892848219,0.5,0.40035074949264526,-0.30663326382637024,-0.04561153054237366,0.0,0.0,0.0,0.0013837706064805388,-0.00830262340605259,0.24907870590686798,0.0,0.0,0.0,0.0,0.0,0.0,0.0,0.5875975035983578,0.12136380747561334,0.5,0.5846267342567444,-0.22744765877723694,0.03547578677535057,0.0,0.0,0.0,0.0027675412129610777,-0.0027675412129610777,0.6268481016159058,0.0,0.0,0.0,0.0,0.0,0.0,0.0,0.1899478952000688,-0.569139523411495,0.5
15.895,TRACK,0.004151713568717241,0.007228033617138863,-0.7698005437850952,0.0,0.0,0.0,0.0,0.0,-0.0,0.0,0.0,0.0,0.0,0.0,0.0,0.0,0.21550620802208562,-0.5599616721740351,0.5,0.40416422486305237,-0.2968456745147705,-0.04685593768954277,0.0,0.0,0.0,-0.0027675412129610777,-0.005535082425922155,0.24907870590686798,0.0,0.0,0.0,0.0,0.0,0.0,0.0,0.5875357687177196,0.12166232151853026,0.5,0.5846267342567444,-0.22744765877723694,0.03547578677535057,0.0,0.0,0.0,0.0027675412129610777,-0.0027675412129610777,0.6268481016159058,0.0,0.0,0.0,0.0,0.0,0.0,0.0,0.18944967189251216,-0.5693055610301199,0.5
15.915,TRACK,0.004151713568717241,0.007228033617138863,-0.7698005437850952,0.0,0.0,0.0,0.0,0.0,-0.0,0.0,0.0,0.0,0.0,0.0,0.0,0.0,0.21574666262837625,-0.5598690718058263,0.5,0.40416422486305237,-0.2968456745147705,-0.04685593768954277,0.0,0.0,0.0,-0.0027675412129610777,-0.005535082425922155,0.24907870590686798,0.0,0.0,0.0,0.0,0.0,0.0,0.0,0.5874742539559807,0.12195901335638908,0.5,0.586622953414917,-0.22804860770702362,0.040742628276348114,0.0,0.0,0.0,0.004151311703026295,-0.0027675412129610777,0.6268481016159058,0.0,0.0,0.0,0.0,0.0,0.0,0.0,0.1889542940908196,-0.5694701701973862,0.5
15.935,TRACK,0.004151713568717241,0.007228033617138863,-0.7698005437850952,0.0,0.0,0.0,0.0,0.0,-0.0,0.0,0.0,0.0,0.0,0.0,0.0,0.0,0.21598563507527832,-0.5597769247129867,0.5,0.40416422486305237,-0.2968456745147705,-0.04685593768954277,0.0,0.0,0.0,-0.0027675412129610777,-0.005535082425922155,0.24907870590686798,0.0,0.0,0.0,0.0,0.0,0.0,0.0,0.5874129598060489,0.1222538942197633,0.5,0.586622953414917,-0.22804860770702362,0.040742628276348114,0.0,0.0,0.0,0.004151311703026295,-0.0027675412129610777,0.6268481016159058,0.0,0.0,0.0,0.0,0.0,0.0,0.0,0.18846174681438893,-0.5696333645316689,0.5
15.955,TRACK,0.007683953735977411,0.013304296880960464,-1.4205330610275269,0.0,0.0,0.0,0.0,0.0,-0.0,0.0,0.0,0.0,0.0,0.0,0.0,0.0,0.21622313468435478,-0.5596852294167421,0.5,0.40416422486305237,-0.2968456745147705,-0.04685593768954277,0.0,0.0,0.0,-0.0027675412129610777,-0.005535082425922155,0.24907870590686798,0.0,0.0,0.0,0.0,0.0,0.0,0.0,0.587353633487082,0.12253860301767146,0.5,0.586622953414917,-0.22804860770702362,0.040742628276348114,0.0,0.0,0.0,0.004151311703026295,-0.0027675412129610777,0.6268481016159058,0.0,0.0,0.0,0.0,0.0,0.0,0.0,0.18797201514092407,-0.5697951575117677,0.5
15.975,TRACK,0.007683953735977411,0.013304296880960464,-1.4205330610275269,0.0,0.0,0.0,0.0,0.0,-0.0,0.0,0.0,0.0,0.0,0.0,0.0,0.0,0.21645917071689036,-0.5595939844320666,0.5,0.40416422486305237,-0.2968456745147705,-0.04685593768954277,0.0,0.0,0.0,-0.0027675412129610777,-0.005535082425922155,0.24907870590686798,0.0,0.0,0.0,0.0,0.0,0.0,0.0,0.5872945263720865,0.12282157503218494,0.5,0.586622953414917,-0.22804860770702362,0.040742628276348114,0.0,0.0,0.0,0.004151311703026295,-0.0027675412129610777,0.6268481016159058,0.0,0.0,0.0,0.0,0.0,0.0,0.0,0.18748508420657709,-0.5699555624783854,0.5
15.995,TRACK,0.007683953735977411,0.013304296880960464,-1.4205330610275269,0.0,0.0,0.0,0.0,0.0,-0.0,0.0,0.0,0.0,0.0,0.0,0.0,0.0,0.21669375237429164,-0.5595031882679036,0.5,0.4049846827983856,-0.29707133769989014,-0.048772744834423065,0.0,0.0,0.0,-0.0027675412129610777,-0.005535082425922155,0.24907870590686798,0.0,0.0,0.0,0.0,0.0,0.0,0.0,0.58723563879556,0.12310282096024719,0.5,0.586622953414917,-0.22804860770702362,0.040742628276348114,0.0,0.0,0.0,0.004151311703026295,-0.0027675412129610777,0.6268481016159058,0.0,0.0,0.0,0.0,0.0,0.0,0.0,0.18700093920608193,-0.5701145926355887,0.5
16.015,TRACK,0.007683953735977411,0.013304296880960464,-1.4205330610275269,0.0,0.0,0.0,0.0,0.0,-0.0,0.0,0.0,0.0,0.0,0.0,0.0,0.0,0.21692238491690188,-0.5594145859038387,0.5,0.4049846827983856,-0.29707133769989014,-0.048772744834423065,0.0,0.0,0.0,-0.0027675412129610777,-0.005535082425922155,0.24907870590686798,0.0,0.0,0.0,0.0,0.0,0.0,0.0,0.5871769710700433,0.1233823514324862,0.5,0.5833260416984558,-0.22766843438148499,0.030591744929552078,0.0,0.0,0.0,0.0013837706064805388,-0.004151311703026295,0.6268481016159058,0.0,0.0,0.0,0.0,0.0,0.0,0.0,0.18652163502164573,-0.5702715841323781,0.5
16.035,TRACK,0.007683953735977411,0.013304296880960464,-1.4205330610275269,0.0,0.0,0.0,0.0,0.0,-0.0,0.0,0.0,0.0,0.0,0.0,0.0,0.0,0.21714960976175426,-0.5593264225658554,0.5,0.4049846827983856,-0.29707133769989014,-0.048772744834423065,0.0,0.0,0.0,-0.0027675412129610777,-0.005535082425922155,0.24907870590686798,0.0,0.0,0.0,0.0,0.0,0.0,0.0,0.5871185234864942,0.12366017701361674,0.5,0.5833260416984558,-0.22766843438148499,0.030591744929552078,0.0,0.0,0.0,0.0013837706064805388,-0.004151311703026295,0.6268481016159058,0.0,0.0,0.0,0.0,0.0,0.0,0.0,0.18604507604779702,-0.5704272343413921,0.5
16.055,TRACK,0.012355903163552284,0.021251633763313293,-2.278402328491211,0.0,0.0,0.0,0.0,-0.0,-0.0,0.0,0.0,0.0,0.0,0.0,0.0,0.0,0.2173754357474146,-0.5592386967419383,0.5,0.4049846827983856,-0.29707133769989014,-0.048772744834423065,0.0,0.0,0.0,-0.0027675412129610777,-0.005535082425922155,0.24907870590686798,0.0,0.0,0.0,0.0,0.0,0.0,0.0,0.587062442396525,0.12392614222764586,0.5,0.5833260416984558,-0.22766843438148499,0.030591744929552078,0.0,0.0,0.0,0.0013837706064805388,-0.004151311703026295,0.6268481016159058,0.0,0.0,0.0,0.0,0.0,0.0,0.0,0.18557124770567132,-0.5705815559803528,0.5
16.075,TRACK,0.012355903163552284,0.021251633763313293,-2.278402328491211,0.0,0.0,0.0,0.0,-0.0,-0.0,0.0,0.0,0.0,0.0,0.0,0.0,0.0,0.2175998716553934,-0.559151406915476,0.5,0.4049846827983856,-0.29707133769989014,-0.048772744834423065,0.0,0.0,0.0,-0.0027675412129610777,-0.005535082425922155,0.24907870590686798,0.0,0.0,0.0,0.0,0.0,0.0,0.0,0.5870065783927741,0.12419048644565306,0.5,0.5833260416984558,-0.22766843438148499,0.030591744929552078,0.0,0.0,0.0,0.0013837706064805388,-0.004151311703026295,0.6268481016159058,0.0,0.0,0.0,0.0,0.0,0.0,0.0,0.18510013547542495,-0.5707345616370006,0.5
16.095,TRACK,0.012355903163552284,0.021251633763313293,-2.278402328491211,0.0,0.0,0.0,0.0,-0.0,-0.0,0.0,0.0,0.0,0.0,0.0,0.0,0.0,0.2178229262105244,-0.559064551565456,0.5,0.40496304631233215,-0.2984977960586548,-0.0580780915915966,0.0,0.0,0.0,-0.0,-0.006918853148818016,0.2476949393749237,0.0,0.0,0.0,0.0,0.0,0.0,0.0,0.5869509316124555,0.1244532196420426,0.5,0.5833260416984558,-0.22766843438148499,0.030591744929552078,0.0,0.0,0.0,0.0013837706064805388,-0.004151311703026295,0.6268481016159058,0.0,0.0,0.0,0.0,0.0,0.0,0.0,0.18462380654005997,-0.5708888246048074,0.5
16.115,TRACK,0.012355903163552284,0.021251633763313293,-2.278402328491211,0.0,0.0,0.0,0.0,-0.0,-0.0,0.0,0.0,0.0,0.0,0.0,0.0,0.0,0.21803990860444267,-0.5589799623025554,0.5,0.40496304631233215,-0.2984977960586548,-0.0580780915915966,0.0,0.0,0.0,-0.0,-0.006918853148818016,0.2476949393749237,0.0,0.0,0.0,0.0,0.0,0.0,0.0,0.586895502174558,0.12471435172935554,0.5,0.5821827054023743,-0.2281627357006073,0.027720557525753975,0.0,0.0,0.0,0.0027675412129610777,-0.004151311703026295,0.6282318234443665,0.0,0.0,0.0,0.0,0.0,0.0,0.0,0.1841502081694513,-0.5710417680267773,0.5
16.135,TRACK,0.012355903163552284,0.021251633763313293,-2.278402328491211,0.0,0.0,0.0,0.0,-0.0,-0.0,0.0,0.0,0.0,0.0,0.0,0.0,0.0,0.21825555654976606,-0.5588957971170939,0.5,0.40496304631233215,-0.2984977960586548,-0.0580780915915966,0.0,0.0,0.0,-0.0,-0.006918853148818016,0.2476949393749237,0.0,0.0,0.0,0.0,0.0,0.0,0.0,0.5868402901801644,0.12497389255864783,0.5,0.5821827054023743,-0.2281627357006073,0.027720557525753975,0.0,0.0,0.0,0.0027675412129610777,-0.004151311703026295,0.6282318234443665,0.0,0.0,0.0,0.0,0.0,0.0,0.0,0.183679325827452,-0.571193404429334,0.5
16.155,TRACK,0.00024230487179011106,0.000467476318590343,-0.045716434717178345,0.0,0.0,0.0,0.0,-0.0,0.0,0.0,0.0,0.0,0.0,0.0,0.0,0.0,0.2184698784108524,-0.5588120544755162,0.5,0.40496304631233215,-0.2984977960586548,-0.0580780915915966,0.0,0.0,0.0,-0.0,-0.006918853148818016,0.2476949393749237,0.0,0.0,0.0,0.0,0.0,0.0,0.0,0.5867488753211152,0.12540238159383713,0.5,0.5821827054023743,-0.2281627357006073,0.027720557525753975,0.0,0.0,0.0,0.0027675412129610777,-0.004151311703026295,0.6282318234443665,0.0,0.0,0.0,0.0,0.0,0.0,0.0,0.18321114503733807,-0.5713437462107268,0.5
16.175,TRACK,0.00024230487179011106,0.000467476318590343,-0.045716434717178345,0.0,0.0,0.0,0.0,-0.0,0.0,0.0,0.0,0.0,0.0,0.0,0.0,0.0,0.21868288249816834,-0.5587287328411635,0.5,0.40496304631233215,-0.2984977960586548,-0.0580780915915966,0.0,0.0,0.0,-0.0,-0.006918853148818016,0.2476949393749237,0.0,0.0,0.0,0.0,0.0,0.0,0.0,0.5866576988945201,0.12582823342869628,0.5,0.5821827054023743,-0.2281627357006073,0.027720557525753975,0.0,0.0,0.0,0.0027675412129610777,-0.004151311703026295,0.6282318234443665,0.0,0.0,0.0,0.0,0.0,0.0,0.0,0.1827456513818849,-0.57149280564239,0.5
16.195,TRACK,0.00024230487179011106,0.000467476318590343,-0.045716434717178345,0.0,0.0,0.0,0.0,-0.0,0.0,0.0,0.0,0.0,0.0,0.0,0.0,0.0,0.21889457706864657,-0.5586458306744428,0.5,0.40532007813453674,-0.2928081750869751,-0.07398999482393265,0.0,0.0,0.0,-0.0027675412129610777,-0.006918853148818016,0.24631115794181824,0.0,0.0,0.0,0.0,0.0,0.0,0.0,0.5865667632269069,0.12625146445689106,0.5,0.5821827054023743,-0.2281627357006073,0.027720557525753975,0.0,0.0,0.0,0.0027675412129610777,-0.004151311703026295,0.6282318234443665,0.0,0.0,0.0,0.0,0.0,0.0,0.0,0.18228283050343466,-0.5716405948702874,0.5
16.215,TRACK,0.00024230487179011106,0.000467476318590343,-0.045716434717178345,0.0,0.0,0.0,0.0,-0.0,0.0,0.0,0.0,0.0,0.0,0.0,0.0,0.0,0.2191107593799031,-0.5585610755539292,0.5,0.40532007813453674,-0.2928081750869751,-0.07398999482393265,0.0,0.0,0.0,-0.0027675412129610777,-0.006918853148818016,0.24631115794181824,0.0,0.0,0.0,0.0,0.0,0.0,0.0,0.5864760705852003,0.12667209097091242,0.5,0.5857413411140442,-0.22839099168777466,0.03187068551778793,0.0,0.0,0.0,0.005535082425922155,-0.0027675412129610777,0.6268481016159058,0.0,0.0,0.0,0.0,0.0,0.0,0.0,0.1818555451872404,-0.5717766702871424,0.5
16.235,TRACK,0.00024230487179011106,0.000467476318590343,-0.045716434717178345,0.0,0.0,0.0,0.0,-0.0,0.0,0.0,0.0,0.0,0.0,0.0,0.0,0.0,0.21932561207527654,-0.5584767460582448,0.5,0.40532007813453674,-0.2928081750869751,-0.07398999482393265,0.0,0.0,0.0,-0.0027675412129610777,-0.006918853148818016,0.24631115794181824,0.0,0.0,0.0,0.0,0.0,0.0,0.0,0.5863856231776341,0.12709012916264453,0.5,0.5857413411140442,-0.22839099168777466,0.03187068551778793,0.0,0.0,0.0,0.005535082425922155,-0.0027675412129610777,0.6268481016159058,0.0,0.0,0.0,0.0,0.0,0.0,0.0,0.18143072291376852,-0.5719116127366075,0.5
16.255,TRACK,0.0015574099961668253,0.0027265234384685755,-0.2790834307670593,0.0,0.0,0.0,0.0,-0.0,-0.0,0.0,0.0,0.0,0.0,0.0,0.0,0.0,0.21953914349004675,-0.5583928406378942,0.5,0.40532007813453674,-0.2928081750869751,-0.07398999482393265,0.0,0.0,0.0,-0.0027675412129610777,-0.006918853148818016,0.24631115794181824,0.0,0.0,0.0,0.0,0.0,0.0,0.0,0.5863266029159453,0.12736214003010235,0.5,0.5857413411140442,-0.22839099168777466,0.03187068551778793,0.0,0.0,0.0,0.005535082425922155,-0.0027675412129610777,0.6268481016159058,0.0,0.0,0.0,0.0,0.0,0.0,0.0,0.1810083503415243,-0.5720454327294642,0.5
16.275,TRACK,0.0015574099961668253,0.0027265234384685755,-0.2790834307670593,0.0,0.0,0.0,0.0,-0.0,-0.0,0.0,0.0,0.0,0.0,0.0,0.0,0.0,0.21975136190577207,-0.5583093577404541,0.5,0.40532007813453674,-0.2928081750869751,-0.07398999482393265,0.0,0.0,0.0,-0.0027675412129610777,-0.006918853148818016,0.24631115794181824,0.0,0.0,0.0,0.0,0.0,0.0,0.0,0.586267811729539,0.1276324916698636,0.5,0.5857413411140442,-0.22839099168777466,0.03187068551778793,0.0,0.0,0.0,0.005535082425922155,-0.0027675412129610777,0.6268481016159058,0.0,0.0,0.0,0.0,0.0,0.0,0.0,0.18058841418776853,-0.5721781406704969,0.5
16.295,TRACK,0.0015574099961668253,0.0027265234384685755,-0.2790834307670593,0.0,0.0,0.0,0.0,-0.0,-0.0,0.0,0.0,0.0,0.0,0.0,0.0,0.0,0.21996227555064576,-0.5582262958107418,0.5,0.4052075147628784,-0.2897312641143799,-0.08477002382278442,0.0,0.0,0.0,-0.0027675412129610777,-0.006918853148818016,0.24492739140987396,0.0,0.0,0.0,0.0,0.0,0.0,0.0,0.5862092497524057,0.12790119430529756,0.5,0.5857413411140442,-0.22839099168777466,0.03187068551778793,0.0,0.0,0.0,0.005535082425922155,-0.0027675412129610777,0.6268481016159058,0.0,0.0,0.0,0.0,0.0,0.0,0.0,0.18018764020351952,-0.5723044769332902,0.5
16.315,TRACK,0.0015574099961668253,0.0027265234384685755,-0.2790834307670593,0.0,0.0,0.0,0.0,-0.0,-0.0,0.0,0.0,0.0,0.0,0.0,0.0,0.0,0.2201695714799052,-0.5581445689016018,0.5,0.4052075147628784,-0.2897312641143799,-0.08477002382278442,0.0,0.0,0.0,-0.0027675412129610777,-0.006918853148818016,0.24492739140987396,0.0,0.0,0.0,0.0,0.0,0.0,0.0,0.5861509170994894,0.1281682580962518,0.5,0.5884367227554321,-0.2299119532108307,0.03822036460042,0.0,0.0,0.0,0.005535082425922155,-0.0027675412129610777,0.6268481016159058,0.0,0.0,0.0,0.0,0.0,0.0,0.0,0.17978918327427998,-0.572429776983664,0.5
16.335,TRACK,0.0015574099961668253,0.0027265234384685755,-0.2790834307670593,0.0,0.0,0.0,0.0,-0.0,-0.0,0.0,0.0,0.0,0.0,0.0,0.0,0.0,0.2203755935407918,-0.5580632560664998,0.5,0.4052075147628784,-0.2897312641143799,-0.08477002382278442,0.0,0.0,0.0,-0.0027675412129610777,-0.006918853148818016,0.24492739140987396,0.0,0.0,0.0,0.0,0.0,0.0,0.0,0.5860928138670222,0.12843369313944095,0.5,0.5884367227554321,-0.2299119532108307,0.03822036460042,0.0,0.0,0.0,0.005535082425922155,-0.0027675412129610777,0.6268481016159058,0.0,0.0,0.0,0.0,0.0,0.0,0.0,0.1793930307370066,-0.5725540503070355,0.5
16.355,TRACK,0.003991297911852598,0.006805304437875748,-0.7102653980255127,0.0,0.0,0.0,0.0,-0.0,-0.0,0.0,0.0,0.0,0.0,0.0,0.0,0.0,0.2205803497087235,-0.5579823557446751,0.5,0.4052075147628784,-0.2897312641143799,-0.08477002382278442,0.0,0.0,0.0,-0.0027675412129610777,-0.006918853148818016,0.24492739140987396,0.0,0.0,0.0,0.0,0.0,0.0,0.0,0.5860437827254202,0.12865723737466306,0.5,0.5884367227554321,-0.2299119532108307,0.03822036460042,0.0,0.0,0.0,0.005535082425922155,-0.0027675412129610777,0.6268481016159058,0.0,0.0,0.0,0.0,0.0,0.0,0.0,0.1789991699864244,-0.5726773062940168,0.5
16.375,TRACK,0.003991297911852598,0.006805304437875748,-0.7102653980255127,0.0,0.0,0.0,0.0,-0.0,-0.0,0.0,0.0,0.0,0.0,0.0,0.0,0.0,0.22078384790779285,-0.5579018663734946,0.5,0.4052075147628784,-0.2897312641143799,-0.08477002382278442,0.0,0.0,0.0,-0.0027675412129610777,-0.006918853148818016,0.24492739140987396,0.0,0.0,0.0,0.0,0.0,0.0,0.0,0.5859949612735003,0.1288794217944391,0.5,0.5884367227554321,-0.2299119532108307,0.03822036460042,0.0,0.0,0.0,0.005535082425922155,-0.0027675412129610777,0.6268481016159058,0.0,0.0,0.0,0.0,0.0,0.0,0.0,0.17860758847495758,-0.5727995542414118,0.5
16.395,TRACK,0.003991297911852598,0.006805304437875748,-0.7102653980255127,0.0,0.0,0.0,0.0,-0.0,-0.0,0.0,0.0,0.0,0.0,0.0,0.0,0.0,0.22098609601110758,-0.5578217863886006,0.5,0.40739905834198,-0.29359427094459534,-0.08635863661766052,0.0,0.0,0.0,-0.0,-0.006918853148818016,0.24215984344482422,0.0,0.0,0.0,0.0,0.0,0.0,0.0,0.5859463492710032,0.12910025474794207,0.5,0.5884367227554321,-0.2299119532108307,0.03822036460042,0.0,0.0,0.0,0.005535082425922155,-0.0027675412129610777,0.6268481016159058,0.0,0.0,0.0,0.0,0.0,0.0,0.0,0.17820548857005902,-0.5729247802665779,0.5
16.415,TRACK,0.003991297911852598,0.006805304437875748,-0.7102653980255127,0.0,0.0,0.0,0.0,-0.0,-0.0,0.0,0.0,0.0,0.0,0.0,0.0,0.0,0.22118994326122327,-0.557740987376844,0.5,0.40739905834198,-0.29359427094459534,-0.08635863661766052,0.0,0.0,0.0,-0.0,-0.006918853148818016,0.24215984344482422,0.0,0.0,0.0,0.0,0.0,0.0,0.0,0.585897946466821,0.1293197445325425,0.5,0.5843632817268372,-0.22774866223335266,0.03683825209736824,0.0,0.0,0.0,0.0027675412129610777,-0.004151311703026295,0.6268481016159058,0.0,0.0,0.0,0.0,0.0,0.0,0.0,0.17780571425398614,-0.57304897520075,0.5
16.435,TRACK,0.003991297911852598,0.006805304437875748,-0.7102653980255127,0.0,0.0,0.0,0.0,-0.0,-0.0,0.0,0.0,0.0,0.0,0.0,0.0,0.0,0.22139253815075674,-0.5576605993354432,0.5,0.40739905834198,-0.29359427094459534,-0.08635863661766052,0.0,0.0,0.0,-0.0,-0.006918853148818016,0.24215984344482422,0.0,0.0,0.0,0.0,0.0,0.0,0.0,0.5858497525992108,0.12953789939412916,0.5,0.5843632817268372,-0.22774866223335266,0.03683825209736824,0.0,0.0,0.0,0.0027675412129610777,-0.004151311703026295,0.6268481016159058,0.0,0.0,0.0,0.0,0.0,0.0,0.0,0.17740825280706055,-0.5731721485173072,0.5
16.455,TRACK,0.007500506937503815,0.012668074108660221,-1.3392449617385864,0.0,0.0,0.0,-0.0,-0.0,-0.0,0.0,0.0,0.0,0.0,0.0,0.0,0.0,0.22159388851764694,-0.5575806206923163,0.5,0.40739905834198,-0.29359427094459534,-0.08635863661766052,0.0,0.0,0.0,-0.0,-0.006918853148818016,0.24215984344482422,0.0,0.0,0.0,0.0,0.0,0.0,0.0,0.5858049924986731,0.1297401663465466,0.5,0.5843632817268372,-0.22774866223335266,0.03683825209736824,0.0,0.0,0.0,0.0027675412129610777,-0.004151311703026295,0.6268481016159058,0.0,0.0,0.0,0.0,0.0,0.0,0.0,0.17701309156775036,-0.5732943095946681,0.5
16.475,TRACK,0.007500506937503815,0.012668074108660221,-1.3392449617385864,0.0,0.0,0.0,-0.0,-0.0,-0.0,0.0,0.0,0.0,0.0,0.0,0.0,0.0,0.22179400214940959,-0.5575010498739421,0.5,0.40739905834198,-0.29359427094459534,-0.08635863661766052,0.0,0.0,0.0,-0.0,-0.006918853148818016,0.24215984344482422,0.0,0.0,0.0,0.0,0.0,0.0,0.0,0.5857604317525062,0.12994120436996678,0.5,0.5843632817268372,-0.22774866223335266,0.03683825209736824,0.0,0.0,0.0,0.0027675412129610777,-0.004151311703026295,0.6268481016159058,0.0,0.0,0.0,0.0,0.0,0.0,0.0,0.1766202179325987,-0.5734154677172925,0.5
16.495,TRACK,0.007500506937503815,0.012668074108660221,-1.3392449617385864,0.0,0.0,0.0,-0.0,-0.0,-0.0,0.0,0.0,0.0,0.0,0.0,0.0,0.0,0.2219928867834714,-0.5574218853055025,0.5,0.40985107421875,-0.2974511981010437,-0.08843419700860977,0.0,0.0,0.0,0.0013837706064805388,-0.006918853148818016,0.23939231038093567,0.0,0.0,0.0,0.0,0.0,0.0,0.0,0.5857160699977688,0.13014102099787284,0.5,0.5843632817268372,-0.22774866223335266,0.03683825209736824,0.0,0.0,0.0,0.0027675412129610777,-0.004151311703026295,0.6268481016159058,0.0,0.0,0.0,0.0,0.0,0.0,0.0,0.17621809811846195,-0.5735391720671851,0.5
16.515,TRACK,0.007500506937503815,0.012668074108660221,-1.3392449617385864,0.0,0.0,0.0,-0.0,-0.0,-0.0,0.0,0.0,0.0,0.0,0.0,0.0,0.0,0.22218704501194045,-0.5573445227405235,0.5,0.40985107421875,-0.2974511981010437,-0.08843419700860977,0.0,0.0,0.0,0.0013837706064805388,-0.006918853148818016,0.23939231038093567,0.0,0.0,0.0,0.0,0.0,0.0,0.0,0.5856719068636436,0.13033962371705549,0.5,0.5825949311256409,-0.22776316106319427,0.031141042709350586,0.0,0.0,0.0,0.0027675412129610777,-0.004151311703026295,0.6268481016159058,0.0,0.0,0.0,0.0,0.0,0.0,0.0,0.17581830515894956,-0.5736618547289286,0.5
16.535,TRACK,0.007500506937503815,0.012668074108660221,-1.3392449617385864,0.0,0.0,0.0,-0.0,-0.0,-0.0,0.0,0.0,0.0,0.0,0.0,0.0,0.0,0.22238001157307544,-0.557267557330192,0.5,0.40985107421875,-0.2974511981010437,-0.08843419700860977,0.0,0.0,0.0,0.0013837706064805388,-0.006918853148818016,0.23939231038093567,0.0,0.0,0.0,0.0,0.0,0.0,0.0,0.5856279419716064,0.13053701996790326,0.5,0.5825949311256409,-0.22776316106319427,0.031141042709350586,0.0,0.0,0.0,0.0027675412129610777,-0.004151311703026295,0.6268481016159058,0.0,0.0,0.0,0.0,0.0,0.0,0.0,0.17542082631268804,-0.5737835251170721,0.5
16.555,TRACK,0.01216185837984085,0.020308686420321465,-2.1660287380218506,0.0,0.0,0.0,0.0,-0.0,-0.0,0.0,0.0,0.0,0.0,0.0,0.0,0.0,0.222571793913607,-0.5571909875025608,0.5,0.40985107421875,-0.2974511981010437,-0.08843419700860977,0.0,0.0,0.0,0.0013837706064805388,-0.006918853148818016,0.23939231038093567,0.0,0.0,0.0,0.0,0.0,0.0,0.0,0.5855880953298015,0.1307156555582203,0.5,0.5825949311256409,-0.22776316106319427,0.031141042709350586,0.0,0.0,0.0,0.0027675412129610777,-0.004151311703026295,0.6268481016159058,0.0,0.0,0.0,0.0,0.0,0.0,0.0,0.1750256488967556,-0.57390419255157,0.5
16.575,TRACK,0.01216185837984085,0.020308686420321465,-2.1660287380218506,0.0,0.0,0.0,0.0,-0.0,-0.0,0.0,0.0,0.0,0.0,0.0,0.0,0.0,0.2227623994324489,-0.5571148116852558,0.5,0.40985107421875,-0.2974511981010437,-0.08843419700860977,0.0,0.0,0.0,0.0013837706064805388,-0.006918853148818016,0.23939231038093567,0.0,0.0,0.0,0.0,0.0,0.0,0.0,0.5855484337675962,0.1308932072810311,0.5,0.5825949311256409,-0.22776316106319427,0.031141042709350586,0.0,0.0,0.0,0.0027675412129610777,-0.004151311703026295,0.6268481016159058,0.0,0.0,0.0,0.0,0.0,0.0,0.0,0.17463276028660654,-0.5740238662587825,0.5
16.595,TRACK,0.01216185837984085,0.020308686420321465,-2.1660287380218506,0.0,0.0,0.0,0.0,-0.0,-0.0,0.0,0.0,0.0,0.0,0.0,0.0,0.0,0.22295183548101477,-0.5570390283055995,0.5,0.41232383251190186,-0.30028942227363586,-0.0900580883026123,0.0,0.0,0.0,0.0013837706064805388,-0.005535082425922155,0.23939231038093567,0.0,0.0,0.0,0.0,0.0,0.0,0.0,0.5855089568241856,0.1310696817675771,0.5,0.5825949311256409,-0.22776316106319427,0.031141042709350586,0.0,0.0,0.0,0.0027675412129610777,-0.004151311703026295,0.6268481016159058,0.0,0.0,0.0,0.0,0.0,0.0,0.0,0.17424214791599144,-0.574142555372463,0.5
16.615,TRACK,0.01216185837984085,0.020308686420321465,-2.1660287380218506,0.0,0.0,0.0,0.0,-0.0,-0.0,0.0,0.0,0.0,0.0,0.0,0.0,0.0,0.22314226854606833,-0.556962770737968,0.5,0.41232383251190186,-0.30028942227363586,-0.0900580883026123,0.0,0.0,0.0,0.0013837706064805388,-0.005535082425922155,0.23939231038093567,0.0,0.0,0.0,0.0,0.0,0.0,0.0,0.585469664033697,0.13124508560807088,0.5,0.5838756561279297,-0.22782905399799347,0.030353868380188942,0.0,0.0,0.0,0.0027675412129610777,-0.0027675412129610777,0.6282318234443665,0.0,0.0,0.0,0.0,0.0,0.0,0.0,0.173848093979849,-0.5742619961477283,0.5
16.635,TRACK,0.01216185837984085,0.020308686420321465,-2.1660287380218506,0.0,0.0,0.0,0.0,-0.0,-0.0,0.0,0.0,0.0,0.0,0.0,0.0,0.0,0.22333153316421905,-0.5568869061977658,0.5,0.41232383251190186,-0.30028942227363586,-0.0900580883026123,0.0,0.0,0.0,0.0013837706064805388,-0.005535082425922155,0.23939231038093567,0.0,0.0,0.0,0.0,0.0,0.0,0.0,0.5854305549253154,0.13141942535195203,0.5,0.5838756561279297,-0.22782905399799347,0.030353868380188942,0.0,0.0,0.0,0.0027675412129610777,-0.0027675412129610777,0.6282318234443665,0.0,0.0,0.0,0.0,0.0,0.0,0.0,0.1734563232273398,-0.5743804522548209,0.5
16.655,TRACK,0.00019912330026272684,0.0003162515349686146,-0.034408438950777054,0.0,0.0,0.0,0.0,-0.0,-0.0,0.0,0.0,0.0,0.0,0.0,0.0,0.0,0.22351963663373797,-0.5568114331074047,0.5,0.41232383251190186,-0.30028942227363586,-0.0900580883026123,0.0,0.0,0.0,0.0013837706064805388,-0.005535082425922155,0.23939231038093567,0.0,0.0,0.0,0.0,0.0,0.0,0.0,0.5854092722911237,0.13151419663130276,0.5,0.5838756561279297,-0.22782905399799347,0.030353868380188942,0.0,0.0,0.0,0.0027675412129610777,-0.0027675412129610777,0.6282318234443665,0.0,0.0,0.0,0.0,0.0,0.0,0.0,0.17306682311078544,-0.5744979327537568,0.5
16.675,TRACK,0.00019912330026272684,0.0003162515349686146,-0.034408438950777054,0.0,0.0,0.0,0.0,-0.0,-0.0,0.0,0.0,0.0,0.0,0.0,0.0,0.0,0.2237065862060559,-0.5567363498892742,0.5,0.41232383251190186,-0.30028942227363586,-0.0900580883026123,0.0,0.0,0.0,0.0013837706064805388,-0.005535082425922155,0.23939231038093567,0.0,0.0,0.0,0.0,0.0,0.0,0.0,0.5853881021486738,0.13160839586733766,0.5,0.5838756561279297,-0.22782905399799347,0.030353868380188942,0.0,0.0,0.0,0.0027675412129610777,-0.0027675412129610777,0.6282318234443665,0.0,0.0,0.0,0.0,0.0,0.0,0.0,0.17267958114082166,-0.5746144466135796,0.5
16.695,TRACK,0.00019912330026272684,0.0003162515349686146,-0.034408438950777054,0.0,0.0,0.0,0.0,-0.0,-0.0,0.0,0.0,0.0,0.0,0.0,0.0,0.0,0.22389238908607456,-0.5566616549658596,0.5,0.4146859645843506,-0.30201369524002075,-0.09149371087551117,0.0,0.0,0.0,0.0013837706064805388,-0.005535082425922155,0.2380085438489914,0.0,0.0,0.0,0.0,0.0,0.0,0.0,0.5853670440054598,0.13170202653076407,0.5,0.5838756561279297,-0.22782905399799347,0.030353868380188942,0.0,0.0,0.0,0.0027675412129610777,-0.0027675412129610777,0.6282318234443665,0.0,0.0,0.0,0.0,0.0,0.0,0.0,0.17229456333281573,-0.5747300091747031,0.5
16.715,TRACK,0.00019912330026272684,0.0003162515349686146,-0.034408438950777054,0.0,0.0,0.0,0.0,-0.0,-0.0,0.0,0.0,0.0,0.0,0.0,0.0,0.0,0.22407902867244028,-0.5565865511393674,0.5,0.4146859645843506,-0.30201369524002075,-0.09149371087551117,0.0,0.0,0.0,0.0013837706064805388,-0.005535082425922155,0.2380085438489914,0.0,0.0,0.0,0.0,0.0,0.0,0.0,0.5853460973697389,0.13179509207104845,0.5,0.5845375061035156,-0.22768881916999817,0.03103925660252571,0.0,0.0,0.0,0.0027675412129610777,-0.0027675412129610777,0.6268481016159058,0.0,0.0,0.0,0.0,0.0,0.0,0.0,0.17191177898799975,-0.5748446226983263,0.5
16.735,TRACK,0.00019912330026272684,0.0003162515349686146,-0.034408438950777054,0.0,0.0,0.0,0.0,-0.0,-0.0,0.0,0.0,0.0,0.0,0.0,0.0,0.0,0.2242645234543355,-0.5565118359206745,0.5,0.4146859645843506,-0.30201369524002075,-0.09149371087551117,0.0,0.0,0.0,0.0013837706064805388,-0.005535082425922155,0.2380085438489914,0.0,0.0,0.0,0.0,0.0,0.0,0.0,0.5853252617505529,0.131887595916548,0.5,0.5845375061035156,-0.22768881916999817,0.03103925660252571,0.0,0.0,0.0,0.0027675412129610777,-0.0027675412129610777,0.6268481016159058,0.0,0.0,0.0,0.0,0.0,0.0,0.0,0.17153121579080158,-0.5749582958870403,0.5
16.755,TRACK,0.0014435172779485583,0.002169321058318019,-0.24989765882492065,0.0,0.0,0.0,0.0,0.0,-0.0,0.0,0.0,0.0,0.0,0.0,0.0,0.0,0.22444888057887086,-0.5564375077283088,0.5,0.4146859645843506,-0.30201369524002075,-0.09149371087551117,0.0,0.0,0.0,0.0013837706064805388,-0.005535082425922155,0.2380085438489914,0.0,0.0,0.0,0.0,0.0,0.0,0.0,0.5853244975151854,0.13189098759428447,0.5,0.5845375061035156,-0.22768881916999817,0.03103925660252571,0.0,0.0,0.0,0.0027675412129610777,-0.0027675412129610777,0.6268481016159058,0.0,0.0,0.0,0.0,0.0,0.0,0.0,0.17115286148358136,-0.57507103735624,0.5
16.775,TRACK,0.0014435172779485583,0.002169321058318019,-0.24989765882492065,0.0,0.0,0.0,0.0,0.0,-0.0,0.0,0.0,0.0,0.0,0.0,0.0,0.0,0.22463210714731288,-0.5563635649811713,0.5,0.4146859645843506,-0.30201369524002075,-0.09149371087551117,0.0,0.0,0.0,0.0013837706064805388,-0.005535082425922155,0.2380085438489914,0.0,0.0,0.0,0.0,0.0,0.0,0.0,0.5853237378457534,0.13189435891756585,0.5,0.5845375061035156,-0.22768881916999817,0.03103925660252571,0.0,0.0,0.0,0.0027675412129610777,-0.0027675412129610777,0.6268481016159058,0.0,0.0,0.0,0.0,0.0,0.0,0.0,0.17077670386652777,-0.5751828556350443,0.5
16.795,TRACK,0.0014435172779485583,0.002169321058318019,-0.24989765882492065,0.0,0.0,0.0,0.0,0.0,-0.0,0.0,0.0,0.0,0.0,0.0,0.0,0.0,0.224814210215388,-0.5562900060986458,0.5,0.4157954454421997,-0.30326351523399353,-0.09279447793960571,0.0,0.0,0.0,0.0013837706064805388,-0.005535082425922155,0.23662477731704712,0.0,0.0,0.0,0.0,0.0,0.0,0.0,0.5853229827150945,0.13189771000857126,0.5,0.5845375061035156,-0.22768881916999817,0.03103925660252571,0.0,0.0,0.0,0.0027675412129610777,-0.0027675412129610777,0.6268481016159058,0.0,0.0,0.0,0.0,0.0,0.0,0.0,0.17040033555443668,-0.5752944686357895,0.5
16.815,TRACK,0.0014435172779485583,0.002169321058318019,-0.24989765882492065,0.0,0.0,0.0,0.0,0.0,-0.0,0.0,0.0,0.0,0.0,0.0,0.0,0.0,0.22499023057580939,-0.5562188383590079,0.5,0.4157954454421997,-0.30326351523399353,-0.09279447793960571,0.0,0.0,0.0,0.0013837706064805388,-0.005535082425922155,0.23662477731704712,0.0,0.0,0.0,0.0,0.0,0.0,0.0,0.5853222320962062,0.13190104098874617,0.5,0.5827254056930542,-0.2279822677373886,0.028645718470215797,0.0,0.0,0.0,0.0027675412129610777,-0.004151311703026295,0.6282318234443665,0.0,0.0,0.0,0.0,0.0,0.0,0.0,0.17002615316128544,-0.5754051678957838,0.5
16.835,TRACK,0.0014435172779485583,0.002169321058318019,-0.24989765882492065,0.0,0.0,0.0,0.0,0.0,-0.0,0.0,0.0,0.0,0.0,0.0,0.0,0.0,0.22516517248742818,-0.556148042429987,0.5,0.4157954454421997,-0.30326351523399353,-0.09279447793960571,0.0,0.0,0.0,0.0013837706064805388,-0.005535082425922155,0.23662477731704712,0.0,0.0,0.0,0.0,0.0,0.0,0.0,0.5853214859622454,0.13190435197880668,0.5,0.5827254056930542,-0.2279822677373886,0.028645718470215797,0.0,0.0,0.0,0.0027675412129610777,-0.004151311703026295,0.6282318234443665,0.0,0.0,0.0,0.0,0.0,0.0,0.0,0.1696541445932947,-0.5755149617710363,0.5
16.855,TRACK,0.003399279899895191,0.00616162596270442,-0.6632848381996155,0.0,0.0,0.0,-0.0,0.0,-0.0,0.0,0.0,0.0,0.0,0.0,0.0,0.0,0.22533904267090038,-0.5560776167480238,0.5,0.4157954454421997,-0.30326351523399353,-0.09279447793960571,0.0,0.0,0.0,0.0013837706064805388,-0.005535082425922155,0.23662477731704712,0.0,0.0,0.0,0.0,0.0,0.0,0.0,0.5853207442865274,0.13190764309874403,0.5,0.5827254056930542,-0.2279822677373886,0.028645718470215797,0.0,0.0,0.0,0.0027675412129610777,-0.004151311703026295,0.6282318234443665,0.0,0.0,0.0,0.0,0.0,0.0,0.0,0.16928429781424723,-0.5756238585339711,0.5
16.875,TRACK,0.003399279899895191,0.00616162596270442,-0.6632848381996155,0.0,0.0,0.0,-0.0,0.0,-0.0,0.0,0.0,0.0,0.0,0.0,0.0,0.0,0.22551184780387662,-0.5560075597508376,0.5,0.4157954454421997,-0.30326351523399353,-0.09279447793960571,0.0,0.0,0.0,0.0013837706064805388,-0.005535082425922155,0.23662477731704712,0.0,0.0,0.0,0.0,0.0,0.0,0.0,0.585254238773674,0.13220240541475556,0.5,0.5827254056930542,-0.2279822677373886,0.028645718470215797,0.0,0.0,0.0,0.0027675412129610777,-0.004151311703026295,0.6282318234443665,0.0,0.0,0.0,0.0,0.0,0.0,0.0,0.16891660084537027,-0.5757318663743095,0.5
16.895,TRACK,0.003399279899895191,0.00616162596270442,-0.6632848381996155,0.0,0.0,0.0,-0.0,0.0,-0.0,0.0,0.0,0.0,0.0,0.0,0.0,0.0,0.22568359452128647,-0.5559378698775175,0.5,0.4155242443084717,-0.30350449681282043,-0.09324952960014343,0.0,0.0,0.0,0.0,-0.006918853148818016,0.23662477731704712,0.0,0.0,0.0,0.0,0.0,0.0,0.0,0.5851879851874809,0.13249536592732786,0.5,0.5827254056930542,-0.2279822677373886,0.028645718470215797,0.0,0.0,0.0,0.0027675412129610777,-0.004151311703026295,0.6282318234443665,0.0,0.0,0.0,0.0,0.0,0.0,0.0,0.1685510417652165,-0.5758389933999435,0.5
16.915,TRACK,0.003399279899895191,0.00616162596270442,-0.6632848381996155,0.0,0.0,0.0,-0.0,0.0,-0.0,0.0,0.0,0.0,0.0,0.0,0.0,0.0,0.22585428941562136,-0.5558685455686125,0.5,0.4155242443084717,-0.30350449681282043,-0.09324952960014343,0.0,0.0,0.0,0.0,-0.006918853148818016,0.23662477731704712,0.0,0.0,0.0,0.0,0.0,0.0,0.0,0.5851219837928237,0.13278653577208288,0.5,0.5843781232833862,-0.22802959382534027,0.03061560168862343,0.0,0.0,0.0,0.004151311703026295,-0.0027675412129610777,0.6282318234443665,0.0,0.0,0.0,0.0,0.0,0.0,0.0,0.16818522792091117,-0.5759459428706752,0.5
16.935,TRACK,0.003399279899895191,0.00616162596270442,-0.6632848381996155,0.0,0.0,0.0,-0.0,0.0,-0.0,0.0,0.0,0.0,0.0,0.0,0.0,0.0,0.2260269059033107,-0.555798378737988,0.5,0.4155242443084717,-0.30350449681282043,-0.09324952960014343,0.0,0.0,0.0,0.0,-0.006918853148818016,0.23662477731704712,0.0,0.0,0.0,0.0,0.0,0.0,0.0,0.5850562348314758,0.13307592601525284,0.5,0.5843781232833862,-0.22802959382534027,0.03061560168862343,0.0,0.0,0.0,0.004151311703026295,-0.0027675412129610777,0.6282318234443665,0.0,0.0,0.0,0.0,0.0,0.0,0.0,0.16782154170712826,-0.5760520203410822,0.5
16.955,TRACK,0.006438176613301039,0.012039556168019772,-1.2744104862213135,0.0,0.0,0.0,-0.0,-0.0,-0.0,0.0,0.0,0.0,0.0,0.0,0.0,0.0,0.22619846508896874,-0.5557285797863869,0.5,0.4155242443084717,-0.30350449681282043,-0.09324952960014343,0.0,0.0,0.0,0.0,-0.006918853148818016,0.23662477731704712,0.0,0.0,0.0,0.0,0.0,0.0,0.0,0.5849802741928093,0.13340944046545453,0.5,0.5843781232833862,-0.22802959382534027,0.03061560168862343,0.0,0.0,0.0,0.004151311703026295,-0.0027675412129610777,0.6282318234443665,0.0,0.0,0.0,0.0,0.0,0.0,0.0,0.167459971306383,-0.5761572337566069,0.5
16.975,TRACK,0.006438176613301039,0.012039556168019772,-1.2744104862213135,0.0,0.0,0.0,-0.0,-0.0,-0.0,0.0,0.0,0.0,0.0,0.0,0.0,0.0,0.22636897355866578,-0.5556591471486778,0.5,0.4155242443084717,-0.30350449681282043,-0.09324952960014343,0.0,0.0,0.0,0.0,-0.006918853148818016,0.23662477731704712,0.0,0.0,0.0,0.0,0.0,0.0,0.0,0.5849045809039106,0.13374091085984346,0.5,0.5843781232833862,-0.22802959382534027,0.03061560168862343,0.0,0.0,0.0,0.004151311703026295,-0.0027675412129610777,0.6282318234443665,0.0,0.0,0.0,0.0,0.0,0.0,0.0,0.167100504958205,-0.5762615909833944,0.5
16.995,TRACK,0.006438176613301039,0.012039556168019772,-1.2744104862213135,0.0,0.0,0.0,-0.0,-0.0,-0.0,0.0,0.0,0.0,0.0,0.0,0.0,0.0,0.22653843785634942,-0.5555900792613245,0.5,0.4145408868789673,-0.3026798963546753,-0.0924852043390274,0.0,0.0,0.0,0.0,-0.006918853148818016,0.23662477731704712,0.0,0.0,0.0,0.0,0.0,0.0,0.0,0.5848291556389554,0.13407034987135094,0.5,0.5843781232833862,-0.22802959382534027,0.03061560168862343,0.0,0.0,0.0,0.004151311703026295,-0.0027675412129610777,0.6282318234443665,0.0,0.0,0.0,0.0,0.0,0.0,0.0,0.1667437095324081,-0.5763649324268192,0.5
17.015,TRACK,0.006438176613301039,0.012039556168019772,-1.2744104862213135,0.0,0.0,0.0,-0.0,-0.0,-0.0,0.0,0.0,0.0,0.0,0.0,0.0,0.0,0.22670148726090134,-0.5555235689632757,0.5,0.4145408868789673,-0.3026798963546753,-0.0924852043390274,0.0,0.0,0.0,0.0,-0.006918853148818016,0.23662477731704712,0.0,0.0,0.0,0.0,0.0,0.0,0.0,0.5847539990404441,0.13439777009388298,0.5,0.5820053219795227,-0.22818627953529358,0.025605762377381325,0.0,0.0,0.0,0.0027675412129610777,-0.004151311703026295,0.6282318234443665,0.0,0.0,0.0,0.0,0.0,0.0,0.0,0.16638899154265313,-0.5764674348941308,0.5
17.035,TRACK,0.006438176613301039,0.012039556168019772,-1.2744104862213135,0.0,0.0,0.0,-0.0,-0.0,-0.0,0.0,0.0,0.0,0.0,0.0,0.0,0.0,0.22686353901743223,-0.5554574103065743,0.5,0.4145408868789673,-0.3026798963546753,-0.0924852043390274,0.0,0.0,0.0,0.0,-0.006918853148818016,0.23662477731704712,0.0,0.0,0.0,0.0,0.0,0.0,0.0,0.5846791117197286,0.13472318404279596,0.5,0.5820053219795227,-0.22818627953529358,0.025605762377381325,0.0,0.0,0.0,0.0027675412129610777,-0.004151311703026295,0.6282318234443665,0.0,0.0,0.0,0.0,0.0,0.0,0.0,0.16603633941520832,-0.576569105999964,0.5
17.055,TRACK,0.010562038980424404,0.019708972424268723,-2.083233594894409,0.0,0.0,0.0,-0.0,-0.0,-0.0,0.0,0.0,0.0,0.0,0.0,0.0,0.0,0.22702459932968488,-0.5553916017542901,0.5,0.4145408868789673,-0.3026798963546753,-0.0924852043390274,0.0,0.0,0.0,0.0,-0.006918853148818016,0.23662477731704712,0.0,0.0,0.0,0.0,0.0,0.0,0.0,0.5846052172830634,0.13504347420524349,0.5,0.5820053219795227,-0.22818627953529358,0.025605762377381325,0.0,0.0,0.0,0.0027675412129610777,-0.004151311703026295,0.6282318234443665,0.0,0.0,0.0,0.0,0.0,0.0,0.0,0.1656857416327666,-0.5766699532831584,0.5
17.075,TRACK,0.010562038980424404,0.019708972424268723,-2.083233594894409,0.0,0.0,0.0,-0.0,-0.0,-0.0,0.0,0.0,0.0,0.0,0.0,0.0,0.0,0.22718467436181952,-0.5553261417717646,0.5,0.4145408868789673,-0.3026798963546753,-0.0924852043390274,0.0,0.0,0.0,0.0,-0.006918853148818016,0.23662477731704712,0.0,0.0,0.0,0.0,0.0,0.0,0.0,0.5845315923323743,0.13536180246058674,0.5,0.5820053219795227,-0.22818627953529358,0.025605762377381325,0.0,0.0,0.0,0.0027675412129610777,-0.004151311703026295,0.6282318234443665,0.0,0.0,0.0,0.0,0.0,0.0,0.0,0.16533718673430522,-0.5767699842075569,0.5
17.095,TRACK,0.010562038980424404,0.019708972424268723,-2.083233594894409,0.0,0.0,0.0,-0.0,-0.0,-0.0,0.0,0.0,0.0,0.0,0.0,0.0,0.0,0.2273437702386749,-0.5552610288266813,0.5,0.41425421833992004,-0.3018878698348999,-0.09140235185623169,0.0,0.0,0.0,-0.0,-0.006918853148818016,0.23524101078510284,0.0,0.0,0.0,0.0,0.0,0.0,0.0,0.5844582373526903,0.1356781809672664,0.5,0.5820053219795227,-0.22818627953529358,0.025605762377381325,0.0,0.0,0.0,0.0027675412129610777,-0.004151311703026295,0.6282318234443665,0.0,0.0,0.0,0.0,0.0,0.0,0.0,0.1649938411298111,-0.5768682972648356,0.5
17.115,TRACK,0.010562038980424404,0.019708972424268723,-2.083233594894409,0.0,0.0,0.0,-0.0,-0.0,-0.0,0.0,0.0,0.0,0.0,0.0,0.0,0.0,0.22750879876750968,-0.5551934315924179,0.5,0.41425421833992004,-0.3018878698348999,-0.09140235185623169,0.0,0.0,0.0,-0.0,-0.006918853148818016,0.23524101078510284,0.0,0.0,0.0,0.0,0.0,0.0,0.0,0.584385152800645,0.1359926218078277,0.5,0.5850489139556885,-0.22798143327236176,0.03205028176307678,0.0,0.0,0.0,0.004151311703026295,-0.0027675412129610777,0.6282318234443665,0.0,0.0,0.0,0.0,0.0,0.0,0.0,0.16465249766478554,-0.5769658178893684,0.5
17.135,TRACK,0.010562038980424404,0.019708972424268723,-2.083233594894409,0.0,0.0,0.0,-0.0,-0.0,-0.0,0.0,0.0,0.0,0.0,0.0,0.0,0.0,0.22767281720671673,-0.5551261913341479,0.5,0.41425421833992004,-0.3018878698348999,-0.09140235185623169,0.0,0.0,0.0,-0.0,-0.006918853148818016,0.23524101078510284,0.0,0.0,0.0,0.0,0.0,0.0,0.0,0.5843123391049568,0.13630513698938082,0.5,0.5850489139556885,-0.22798143327236176,0.03205028176307678,0.0,0.0,0.0,0.004151311703026295,-0.0027675412129610777,0.6282318234443665,0.0,0.0,0.0,0.0,0.0,0.0,0.0,0.16431314513793846,-0.5770625532252797,0.5
17.155,TRACK,0.00013900513295084238,0.00024057002156041563,-0.023752447217702866,0.0,0.0,0.0,0.0,-0.0,-0.0,0.0,0.0,0.0,0.0,0.0,0.0,0.0,0.22783583184095002,-0.5550593064973709,0.5,0.41425421833992004,-0.3018878698348999,-0.09140235185623169,0.0,0.0,0.0,-0.0,-0.006918853148818016,0.23524101078510284,0.0,0.0,0.0,0.0,0.0,0.0,0.0,0.5842660114338922,0.13650358194249304,0.5,0.5850489139556885,-0.22798143327236176,0.03205028176307678,0.0,0.0,0.0,0.004151311703026295,-0.0027675412129610777,0.6282318234443665,0.0,0.0,0.0,0.0,0.0,0.0,0.0,0.16397577240337924,-0.5771585103459146,0.5
17.175,TRACK,0.00013900513295084238,0.00024057002156041563,-0.023752447217702866,0.0,0.0,0.0,0.0,-0.0,-0.0,0.0,0.0,0.0,0.0,0.0,0.0,0.0,0.22799784891472966,-0.5549927755297867,0.5,0.41425421833992004,-0.3018878698348999,-0.09140235185623169,0.0,0.0,0.0,-0.0,-0.006918853148818016,0.23524101078510284,0.0,0.0,0.0,0.0,0.0,0.0,0.0,0.584219894938052,0.13670082062142636,0.5,0.5850489139556885,-0.22798143327236176,0.03205028176307678,0.0,0.0,0.0,0.004151311703026295,-0.0027675412129610777,0.6282318234443665,0.0,0.0,0.0,0.0,0.0,0.0,0.0,0.16364036837046206,-0.577253696254584,0.5
17.195,TRACK,0.00013900513295084238,0.00024057002156041563,-0.023752447217702866,0.0,0.0,0.0,0.0,-0.0,-0.0,0.0,0.0,0.0,0.0,0.0,0.0,0.0,0.22815887463270743,-0.5549265968813681,0.5,0.411988765001297,-0.2986285984516144,-0.08766274154186249,0.0,0.0,0.0,-0.0,-0.006918853148818016,0.23524101078510284,0.0,0.0,0.0,0.0,0.0,0.0,0.0,0.584173989154679,0.1368968604282396,0.5,0.5850489139556885,-0.22798143327236176,0.03205028176307678,0.0,0.0,0.0,0.004151311703026295,-0.0027675412129610777,0.6282318234443665,0.0,0.0,0.0,0.0,0.0,0.0,0.0,0.16331577082354445,-0.5773456148619399,0.5
17.215,TRACK,0.00013900513295084238,0.00024057002156041563,-0.023752447217702866,0.0,0.0,0.0,0.0,-0.0,-0.0,0.0,0.0,0.0,0.0,0.0,0.0,0.0,0.2283189151599299,-0.5548607690044347,0.5,0.411988765001297,-0.2986285984516144,-0.08766274154186249,0.0,0.0,0.0,-0.0,-0.006918853148818016,0.23524101078510284,0.0,0.0,0.0,0.0,0.0,0.0,0.0,0.5841282936140839,0.13709170871901252,0.5,0.5853636860847473,-0.22766800224781036,0.032623540610075,0.0,0.0,0.0,0.004151311703026295,-0.0027675412129610777,0.6282318234443665,0.0,0.0,0.0,0.0,0.0,0.0,0.0,0.1629930696938155,-0.5774368010715865,0.5
17.235,TRACK,0.00013900513295084238,0.00024057002156041563,-0.023752447217702866,0.0,0.0,0.0,0.0,-0.0,-0.0,0.0,0.0,0.0,0.0,0.0,0.0,0.0,0.22848013014117444,-0.5547944034781461,0.5,0.411988765001297,-0.2986285984516144,-0.08766274154186249,0.0,0.0,0.0,-0.0,-0.006918853148818016,0.23524101078510284,0.0,0.0,0.0,0.0,0.0,0.0,0.0,0.5840828078398046,0.13728537280413325,0.5,0.5853636860847473,-0.22766800224781036,0.032623540610075,0.0,0.0,0.0,0.004151311703026295,-0.0027675412129610777,0.6282318234443665,0.0,0.0,0.0,0.0,0.0,0.0,0.0,0.16267225431484306,-0.5775272614138028,0.5
17.255,TRACK,0.0012380423722788692,0.0021799439564347267,-0.2195677012205124,0.0,0.0,0.0,0.0,0.0,-0.0,0.0,0.0,0.0,0.0,0.0,0.0,0.0,0.22864035871534133,-0.5547283897246652,0.5,0.411988765001297,-0.2986285984516144,-0.08766274154186249,0.0,0.0,0.0,-0.0,-0.006918853148818016,0.23524101078510284,0.0,0.0,0.0,0.0,0.0,0.0,0.0,0.5840313874901625,0.13750395785691266,0.5,0.5853636860847473,-0.22766800224781036,0.032623540610075,0.0,0.0,0.0,0.004151311703026295,-0.0027675412129610777,0.6282318234443665,0.0,0.0,0.0,0.0,0.0,0.0,0.0,0.1623533140739023,-0.5776170023546925,0.5
17.275,TRACK,0.0012380423722788692,0.0021799439564347267,-0.2195677012205124,0.0,0.0,0.0,0.0,0.0,-0.0,0.0,0.0,0.0,0.0,0.0,0.0,0.0,0.22879960701634489,-0.5546627261941857,0.5,0.411988765001297,-0.2986285984516144,-0.08766274154186249,0.0,0.0,0.0,-0.0,-0.006918853148818016,0.23524101078510284,0.0,0.0,0.0,0.0,0.0,0.0,0.0,0.5839801945948716,0.13772121231290357,0.5,0.5853636860847473,-0.22766800224781036,0.032623540610075,0.0,0.0,0.0,0.004151311703026295,-0.0027675412129610777,0.6282318234443665,0.0,0.0,0.0,0.0,0.0,0.0,0.0,0.16203623841180836,-0.5777060302968557,0.5
17.295,TRACK,0.0012380423722788692,0.0021799439564347267,-0.2195677012205124,0.0,0.0,0.0,0.0,0.0,-0.0,0.0,0.0,0.0,0.0,0.0,0.0,0.0,0.22895788113895643,-0.5545974113393962,0.5,0.4134666621685028,-0.29990577697753906,-0.0890197828412056,0.0,0.0,0.0,-0.0,-0.006918853148818016,0.23524101078510284,0.0,0.0,0.0,0.0,0.0,0.0,0.0,0.5839292287661213,0.13793714435424123,0.5,0.5853636860847473,-0.22766800224781036,0.032623540610075,0.0,0.0,0.0,0.004151311703026295,-0.0027675412129610777,0.6282318234443665,0.0,0.0,0.0,0.0,0.0,0.0,0.0,0.1617198851611983,-0.5777946683238335,0.5
17.315,TRACK,0.0012380423722788692,0.0021799439564347267,-0.2195677012205124,0.0,0.0,0.0,0.0,0.0,-0.0,0.0,0.0,0.0,0.0,0.0,0.0,0.0,0.22911175794700517,-0.5545338604363423,0.5,0.4134666621685028,-0.29990577697753906,-0.0890197828412056,0.0,0.0,0.0,-0.0,-0.006918853148818016,0.23524101078510284,0.0,0.0,0.0,0.0,0.0,0.0,0.0,0.5838784896066251,0.13815176211212823,0.5,0.5835573673248291,-0.22765816748142242,0.03090188279747963,0.0,0.0,0.0,0.0027675412129610777,-0.0027675412129610777,0.6282318234443665,0.0,0.0,0.0,0.0,0.0,0.0,0.0,0.16140538197816542,-0.5778826028428979,0.5
17.335,TRACK,0.0012380423722788692,0.0021799439564347267,-0.2195677012205124,0.0,0.0,0.0,0.0,0.0,-0.0,0.0,0.0,0.0,0.0,0.0,0.0,0.0,0.22926469401310562,-0.5544706485280145,0.5,0.4134666621685028,-0.29990577697753906,-0.0890197828412056,0.0,0.0,0.0,-0.0,-0.006918853148818016,0.23524101078510284,0.0,0.0,0.0,0.0,0.0,0.0,0.0,0.5838279767098211,0.13836507366715245,0.5,0.5835573673248291,-0.22765816748142242,0.03090188279747963,0.0,0.0,0.0,0.0027675412129610777,-0.0027675412129610777,0.6282318234443665,0.0,0.0,0.0,0.0,0.0,0.0,0.0,0.16109271842952896,-0.577969840103257,0.5
17.355,TRACK,0.0034047949593514204,0.006022337358444929,-0.613125205039978,0.0,0.0,0.0,0.0,-0.0,-0.0,0.0,0.0,0.0,0.0,0.0,0.0,0.0,0.2294166951793239,-0.5544077740914147,0.5,0.4134666621685028,-0.29990577697753906,-0.0890197828412056,0.0,0.0,0.0,-0.0,-0.006918853148818016,0.23524101078510284,0.0,0.0,0.0,0.0,0.0,0.0,0.0,0.583776076586355,0.13858388219934575,0.5,0.5835573673248291,-0.22765816748142242,0.03090188279747963,0.0,0.0,0.0,0.0027675412129610777,-0.0027675412129610777,0.6282318234443665,0.0,0.0,0.0,0.0,0.0,0.0,0.0,0.1607818841350859,-0.57805638629287,0.5
17.374,TRACK,0.0034047949593514204,0.006022337358444929,-0.613125205039978,0.0,0.0,0.0,0.0,-0.0,-0.0,0.0,0.0,0.0,0.0,0.0,0.0,0.0,0.22956776725051695,-0.5543452356064877,0.5,0.4134666621685028,-0.29990577697753906,-0.0890197828412056,0.0,0.0,0.0,-0.0,-0.006918853148818016,0.23524101078510284,0.0,0.0,0.0,0.0,0.0,0.0,0.0,0.5837244065945751,0.13880135858777126,0.5,0.5835573673248291,-0.22765816748142242,0.03090188279747963,0.0,0.0,0.0,0.0027675412129610777,-0.0027675412129610777,0.6282318234443665,0.0,0.0,0.0,0.0,0.0,0.0,0.0,0.1604728687674378,-0.5781422475390885,0.5
17.395,TRACK,0.0034047949593514204,0.006022337358444929,-0.613125205039978,0.0,0.0,0.0,0.0,-0.0,-0.0,0.0,0.0,0.0,0.0,0.0,0.0,0.0,0.22971791599457803,-0.5542830315561789,0.5,0.40878796577453613,-0.2961099147796631,-0.08476859331130981,0.0,0.0,0.0,-0.0,-0.006918853148818016,0.23524101078510284,0.0,0.0,0.0,0.0,0.0,0.0,0.0,0.5836729663331015,0.13901751102619433,0.5,0.5835573673248291,-0.22765816748142242,0.03090188279747963,0.0,0.0,0.0,0.0027675412129610777,-0.0027675412129610777,0.6282318234443665,0.0,0.0,0.0,0.0,0.0,0.0,0.0,0.160167899751392,-0.5782268100747561,0.5
17.415,TRACK,0.0034047949593514204,0.006022337358444929,-0.613125205039978,0.0,0.0,0.0,0.0,-0.0,-0.0,0.0,0.0,0.0,0.0,0.0,0.0,0.0,0.22986364507990298,-0.5542226129188346,0.5,0.40878796577453613,-0.2961099147796631,-0.08476859331130981,0.0,0.0,0.0,-0.0,-0.006918853148818016,0.23524101078510284,0.0,0.0,0.0,0.0,0.0,0.0,0.0,0.5836217553911285,0.13923234765735196,0.5,0.5827744603157043,-0.22806018590927124,0.02775508165359497,0.0,0.0,0.0,0.0027675412129610777,-0.0027675412129610777,0.6282318234443665,0.0,0.0,0.0,0.0,0.0,0.0,0.0,0.15986471638862026,-0.5783107058095899,0.5
17.435,TRACK,0.0034047949593514204,0.006022337358444929,-0.613125205039978,0.0,0.0,0.0,0.0,-0.0,-0.0,0.0,0.0,0.0,0.0,0.0,0.0,0.0,0.23000848404262464,-0.554162518823146,0.5,0.40878796577453613,-0.2961099147796631,-0.08476859331130981,0.0,0.0,0.0,-0.0,-0.006918853148818016,0.23524101078510284,0.0,0.0,0.0,0.0,0.0,0.0,0.0,0.5835707733486246,0.13944587657327154,0.5,0.5827744603157043,-0.22806018590927124,0.02775508165359497,0.0,0.0,0.0,0.0027675412129610777,-0.0027675412129610777,0.6282318234443665,0.0,0.0,0.0,0.0,0.0,0.0,0.0,0.15956330857613596,-0.578393940628908,0.5
17.455,TRACK,0.006867622956633568,0.012001619674265385,-1.204358458518982,0.0,0.0,0.0,-0.0,-0.0,-0.0027675412129610777,0.0,0.0,0.0,0.0,0.0,0.0,0.0,0.23015243840208438,-0.5541027477802062,0.5,0.40878796577453613,-0.2961099147796631,-0.08476859331130981,0.0,0.0,0.0,-0.0,-0.006918853148818016,0.23524101078510284,0.0,0.0,0.0,0.0,0.0,0.0,0.0,0.583524364986567,0.13963994939494828,0.5,0.5827744603157043,-0.22806018590927124,0.02775508165359497,0.0,0.0,0.0,0.0027675412129610777,-0.0027675412129610777,0.6282318234443665,0.0,0.0,0.0,0.0,0.0,0.0,0.0,0.15926366626279512,-0.5784765203606219,0.5
17.475,TRACK,0.006867622956633568,0.012001619674265385,-1.204358458518982,0.0,0.0,0.0,-0.0,-0.0,-0.0027675412129610777,0.0,0.0,0.0,0.0,0.0,0.0,0.0,0.23029551364254713,-0.5540432983044875,0.5,0.40878796577453613,-0.2961099147796631,-0.08476859331130981,0.0,0.0,0.0,-0.0,-0.006918853148818016,0.23524101078510284,0.0,0.0,0.0,0.0,0.0,0.0,0.0,0.5834781711133487,0.13983284247351135,0.5,0.5827744603157043,-0.22806018590927124,0.02775508165359497,0.0,0.0,0.0,0.0027675412129610777,-0.0027675412129610777,0.6282318234443665,0.0,0.0,0.0,0.0,0.0,0.0,0.0,0.1589657794491164,-0.5785584507758355,0.5
17.495,TRACK,0.006867622956633568,0.012001619674265385,-1.204358458518982,0.0,0.0,0.0,-0.0,-0.0,-0.0027675412129610777,0.0,0.0,0.0,0.0,0.0,0.0,0.0,0.23043771521343212,-0.5539841689138898,0.5,0.4072076976299286,-0.29460006952285767,-0.08251089602708817,0.0,0.0,0.0,-0.0,-0.006918853148818016,0.23524101078510284,0.0,0.0,0.0,0.0,0.0,0.0,0.0,0.5834321912122727,0.14002456304965194,0.5,0.5827744603157043,-0.22806018590927124,0.02775508165359497,0.0,0.0,0.0,0.0027675412129610777,-0.0027675412129610777,0.6282318234443665,0.0,0.0,0.0,0.0,0.0,0.0,0.0,0.15867168100205523,-0.5786391774223225,0.5
17.515,TRACK,0.006867622956633568,0.012001619674265385,-1.204358458518982,0.0,0.0,0.0,-0.0,-0.0,-0.0027675412129610777,0.0,0.0,0.0,0.0,0.0,0.0,0.0,0.23057904852954209,-0.5539253581297855,0.5,0.4072076976299286,-0.29460006952285767,-0.08251089602708817,0.0,0.0,0.0,-0.0,-0.006918853148818016,0.23524101078510284,0.0,0.0,0.0,0.0,0.0,0.0,0.0,0.583386424760445,0.14021511831905148,0.5,0.5864751935005188,-0.22870106995105743,0.034364115446805954,0.0,0.0,0.0,0.004151311703026295,-0.0013837706064805388,0.6282318234443665,0.0,0.0,0.0,0.0,0.0,0.0,0.0,0.15837930651884682,-0.5787192715528049,0.5
17.535,TRACK,0.006867622956633568,0.012001619674265385,-1.204358458518982,0.0,0.0,0.0,-0.0,-0.0,-0.0027675412129610777,0.0,0.0,0.0,0.0,0.0,0.0,0.0,0.23072348799812908,-0.5538652111172692,0.5,0.4072076976299286,-0.29460006952285767,-0.08251089602708817,0.0,0.0,0.0,-0.0,-0.006918853148818016,0.23524101078510284,0.0,0.0,0.0,0.0,0.0,0.0,0.0,0.583340871228923,0.14040451543266377,0.5,0.5864751935005188,-0.22870106995105743,0.034364115446805954,0.0,0.0,0.0,0.004151311703026295,-0.0013837706064805388,0.6282318234443665,0.0,0.0,0.0,0.0,0.0,0.0,0.0,0.15808864621573304,-0.5787987387146561,0.5
17.555,TRACK,0.0074903881177306175,0.01281729806214571,-2.0090975761413574,0.0,0.0,0.0,0.03321049362421036,0.06918852776288986,-0.09409639984369278,0.0,0.0,0.0,0.0,0.0,0.0,0.0,0.2308670452813785,-0.5538053876616278,0.5,0.4072076976299286,-0.29460006952285767,-0.08251089602708817,0.0,0.0,0.0,-0.0,-0.006918853148818016,0.23524101078510284,0.0,0.0,0.0,0.0,0.0,0.0,0.0,0.5833032237160157,0.14056083808267392,0.5,0.5864751935005188,-0.22870106995105743,0.034364115446805954,0.0,0.0,0.0,0.004151311703026295,-0.0013837706064805388,0.6282318234443665,0.0,0.0,0.0,0.0,0.0,0.0,0.0,0.1577996903596446,-0.5788775844014002,0.5
17.575,TRACK,0.0074903881177306175,0.01281729806214571,-2.0090975761413574,0.0,0.0,0.0,0.03321049362421036,0.06918852776288986,-0.09409639984369278,0.0,0.0,0.0,0.0,0.0,0.0,0.0,0.231009725848866,-0.5537458862720623,0.5,0.4072076976299286,-0.29460006952285767,-0.08251089602708817,0.0,0.0,0.0,-0.0,-0.006918853148818016,0.23524101078510284,0.0,0.0,0.0,0.0,0.0,0.0,0.0,0.583265760573381,0.14071621279282412,0.5,0.5864751935005188,-0.22870106995105743,0.034364115446805954,0.0,0.0,0.0,0.004151311703026295,-0.0013837706064805388,0.6282318234443665,0.0,0.0,0.0,0.0,0.0,0.0,0.0,0.15751242926801648,-0.578955814053273,0.5
17.595,TRACK,0.0074903881177306175,0.01281729806214571,-2.0090975761413574,0.0,0.0,0.0,0.03321049362421036,0.06918852776288986,-0.09409639984369278,0.0,0.0,0.0,0.0,0.0,0.0,0.0,0.23115153513541098,-0.5536867054612589,0.5,0.4042275547981262,-0.2905232906341553,-0.07726725935935974,0.0,0.0,0.0,-0.0013837706064805388,-0.006918853148818016,0.23385722935199738,0.0,0.0,0.0,0.0,0.0,0.0,0.0,0.5832284811941147,0.14087064535951477,0.5,0.5864751935005188,-0.22870106995105743,0.034364115446805954,0.0,0.0,0.0,0.004151311703026295,-0.0013837706064805388,0.6282318234443665,0.0,0.0,0.0,0.0,0.0,0.0,0.0,0.1572268533086016,-0.5790334330577773,0.5
17.615,TRACK,0.0074903881177306175,0.01281729806214571,-2.0090975761413574,0.0,0.0,0.0,0.03321049362421036,0.06918852776288986,-0.09409639984369278,0.0,0.0,0.0,0.0,0.0,0.0,0.0,0.23129546256381495,-0.5536265970827186,0.5,0.4042275547981262,-0.2905232906341553,-0.07726725935935974,0.0,0.0,0.0,-0.0013837706064805388,-0.006918853148818016,0.23385722935199738,0.0,0.0,0.0,0.0,0.0,0.0,0.0,0.5831913849689361,0.14102414154326282,0.5,0.5850226879119873,-0.2275294065475464,0.03697406128048897,0.0,0.0,0.0,0.0027675412129610777,-0.0027675412129610777,0.6268481016159058,0.0,0.0,0.0,0.0,0.0,0.0,0.0,0.15695381522778978,-0.5791075028744151,0.5
17.635,TRACK,0.0074903881177306175,0.01281729806214571,-2.0090975761413574,0.0,0.0,0.0,0.03321049362421036,0.06918852776288986,-0.09409639984369278,0.0,0.0,0.0,0.0,0.0,0.0,0.0,0.23143851093754944,-0.553566812277443,0.5,0.4042275547981262,-0.2905232906341553,-0.07726725935935974,0.0,0.0,0.0,-0.0013837706064805388,-0.006918853148818016,0.23385722935199738,0.0,0.0,0.0,0.0,0.0,0.0,0.0,0.5831544712862745,0.14117670706892677,0.5,0.5850226879119873,-0.2275294065475464,0.03697406128048897,0.0,0.0,0.0,0.0027675412129610777,-0.0027675412129610777,0.6268481016159058,0.0,0.0,0.0,0.0,0.0,0.0,0.0,0.15668238079438554,-0.5791810006799283,0.5
17.655,TRACK,-0.0013380544260144234,-0.006799055263400078,-0.03757261857390404,0.0,0.0,0.0,0.15913361310958862,0.0567345917224884,0.00830262340605259,0.0,0.0,0.0,0.0,0.0,0.0,0.0,0.23158068570680027,-0.5535073495515377,0.5,0.4042275547981262,-0.2905232906341553,-0.07726725935935974,0.0,0.0,0.0,-0.0013837706064805388,-0.006918853148818016,0.23385722935199738,0.0,0.0,0.0,0.0,0.0,0.0,0.0,0.5854152125088281,0.13148775214157268,0.5,0.5850226879119873,-0.2275294065475464,0.03697406128048897,0.0,0.0,0.0,0.0027675412129610777,-0.0027675412129610777,0.6268481016159058,0.0,0.0,0.0,0.0,0.0,0.0,0.0,0.15641254085932166,-0.5792539314168969,0.5
17.675,TRACK,-0.0013380544260144234,-0.006799055263400078,-0.03757261857390404,0.0,0.0,0.0,0.15913361310958862,0.0567345917224884,0.00830262340605259,0.0,0.0,0.0,0.0,0.0,0.0,0.0,0.2317219922871188,-0.5534482074146491,0.5,0.4042275547981262,-0.2905232906341553,-0.07726725935935974,0.0,0.0,0.0,-0.0013837706064805388,-0.006918853148818016,0.23385722935199738,0.0,0.0,0.0,0.0,0.0,0.0,0.0,0.5875028685468193,0.12182109607641296,0.5,0.5850226879119873,-0.2275294065475464,0.03697406128048897,0.0,0.0,0.0,0.0027675412129610777,-0.0027675412129610777,0.6268481016159058,0.0,0.0,0.0,0.0,0.0,0.0,0.0,0.15614428632171862,-0.5793262999804869,0.5
17.695,TRACK,-0.0013380544260144234,-0.006799055263400078,-0.03757261857390404,0.0,0.0,0.0,0.15913361310958862,0.0567345917224884,0.00830262340605259,0.0,0.0,0.0,0.0,0.0,0.0,0.0,0.23186243605964935,-0.5533893843800086,0.5,0.3999984562397003,-0.2858858108520508,-0.07224578410387039,0.0,0.0,0.0,-0.0013837706064805388,-0.006918853148818016,0.23385722935199738,0.0,0.0,0.0,0.0,0.0,0.0,0.0,0.5894198242145045,0.11217963640047426,0.5,0.5850226879119873,-0.2275294065475464,0.03697406128048897,0.0,0.0,0.0,0.0027675412129610777,-0.0027675412129610777,0.6268481016159058,0.0,0.0,0.0,0.0,0.0,0.0,0.0,0.15588678310783852,-0.5793956427626028,0.5
17.715,TRACK,-0.0013380544260144234,-0.006799055263400078,-0.03757261857390404,0.0,0.0,0.0,0.15913361310958862,0.0567345917224884,0.00830262340605259,0.0,0.0,0.0,0.0,0.0,0.0,0.0,0.23196117026211804,-0.553348005770897,0.5,0.3999984562397003,-0.2858858108520508,-0.07224578410387039,0.0,0.0,0.0,-0.0013837706064805388,-0.006918853148818016,0.23385722935199738,0.0,0.0,0.0,0.0,0.0,0.0,0.0,0.5911684860462098,0.10256617915196163,0.5,0.6083575487136841,-0.24526473879814148,0.02602844499051571,0.0,0.0,0.0,0.00830262340605259,-0.0013837706064805388,0.6268481016159058,0.0,0.0,0.0,0.0,0.0,0.0,0.0,0.15563079439502955,-0.5794644560591892,0.5
17.735,TRACK,-0.0013380544260144234,-0.006799055263400078,-0.03757261857390404,0.0,0.0,0.0,0.15913361310958862,0.0567345917224884,0.00830262340605259,0.0,0.0,0.0,0.0,0.0,0.0,0.0,0.23205930474120134,-0.5533068579757802,0.5,0.3999984562397003,-0.2858858108520508,-0.07224578410387039,0.0,0.0,0.0,-0.0013837706064805388,-0.006918853148818016,0.23385722935199738,0.0,0.0,0.0,0.0,0.0,0.0,0.0,0.5927512799354565,0.09298344011101191,0.5,0.6083575487136841,-0.24526473879814148,0.02602844499051571,0.0,0.0,0.0,0.00830262340605259,-0.0013837706064805388,0.6268481016159058,0.0,0.0,0.0,0.0,0.0,0.0,0.0,0.15537631151092132,-0.5795327443909111,0.5
17.755,TRACK,-0.014105468988418579,-0.03750396519899368,-0.3020012378692627,0.0,0.0,0.0,0.40129345655441284,0.05950213596224785,0.05396705120801926,0.0,0.0,0.0,0.0,0.0,0.0,0.0,0.232156843179735,-0.5532659398199206,0.5,0.3999984562397003,-0.2858858108520508,-0.07224578410387039,0.0,0.0,0.0,-0.0013837706064805388,-0.006918853148818016,0.23385722935199738,0.0,0.0,0.0,0.0,0.0,0.0,0.0,0.5941706488530695,0.08343404605748396,0.5,0.6083575487136841,-0.24526473879814148,0.02602844499051571,0.0,0.0,0.0,0.00830262340605259,-0.0013837706064805388,0.6268481016159058,0.0,0.0,0.0,0.0,0.0,0.0,0.0,0.15512332582933694,-0.5796005122354925,0.5
17.775,TRACK,-0.014105468988418579,-0.03750396519899368,-0.3020012378692627,0.0,0.0,0.0,0.40129345655441284,0.05950213596224785,0.05396705120801926,0.0,0.0,0.0,0.0,0.0,0.0,0.0,0.23225378923750203,-0.5532252501330918,0.5,0.3999984562397003,-0.2858858108520508,-0.07224578410387039,0.0,0.0,0.0,-0.0013837706064805388,-0.006918853148818016,0.23385722935199738,0.0,0.0,0.0,0.0,0.0,0.0,0.0,0.5955021263815946,0.07332951298760454,0.5,0.6083575487136841,-0.24526473879814148,0.02602844499051571,0.0,0.0,0.0,0.00830262340605259,-0.0013837706064805388,0.6268481016159058,0.0,0.0,0.0,0.0,0.0,0.0,0.0,0.15487182877010078,-0.5796677640281582,0.5
17.795,TRACK,-0.014105468988418579,-0.03750396519899368,-0.3020012378692627,0.0,0.0,0.0,0.40129345655441284,0.05950213596224785,0.05396705120801926,0.0,0.0,0.0,0.0,0.0,0.0,0.0,0.23235014655138098,-0.5531847877495836,0.5,0.39129823446273804,-0.2768334150314331,-0.06167915463447571,0.0,0.0,0.0,-0.0013837706064805388,-0.006918853148818016,0.23524101078510284,0.0,0.0,0.0,0.0,0.0,0.0,0.0,0.5966553328577531,0.06326463287180155,0.5,0.6083575487136841,-0.24526473879814148,0.02602844499051571,0.0,0.0,0.0,0.00830262340605259,-0.0013837706064805388,0.6268481016159058,0.0,0.0,0.0,0.0,0.0,0.0,0.0,0.15463854485228695,-0.5797300410069908,0.5
17.815,TRACK,-0.014105468988418579,-0.03750396519899368,-0.3020012378692627,0.0,0.0,0.0,0.40129345655441284,0.05950213596224785,0.05396705120801926,0.0,0.0,0.0,0.0,0.0,0.0,0.0,0.23248724123573677,-0.5531271848884272,0.5,0.39129823446273804,-0.2768334150314331,-0.06167915463447571,0.0,0.0,0.0,-0.0013837706064805388,-0.006918853148818016,0.23524101078510284,0.0,0.0,0.0,0.0,0.0,0.0,0.0,0.5976330492031269,0.05324226235025001,0.5,0.5871621966362,-0.22826264798641205,0.025834200903773308,0.0,0.0,0.0,-0.0013837706064805388,-0.004151311703026295,0.6268481016159058,0.0,0.0,0.0,0.0,0.0,0.0,0.0,0.15440663582006828,-0.5797918512834832,0.5
17.835,TRACK,-0.014105468988418579,-0.03750396519899368,-0.3020012378692627,0.0,0.0,0.0,0.40129345655441284,0.05950213596224785,0.05396705120801926,0.0,0.0,0.0,0.0,0.0,0.0,0.0,0.23262349919971514,-0.5530698939737003,0.5,0.39129823446273804,-0.2768334150314331,-0.06167915463447571,0.0,0.0,0.0,-0.0013837706064805388,-0.006918853148818016,0.23524101078510284,0.0,0.0,0.0,0.0,0.0,0.0,0.0,0.5984380720691803,0.043265158015687914,0.5,0.5871621966362,-0.22826264798641205,0.025834200903773308,0.0,0.0,0.0,-0.0013837706064805388,-0.004151311703026295,0.6268481016159058,0.0,0.0,0.0,0.0,0.0,0.0,0.0,0.15417609375782684,-0.5798531987611846,0.5
17.855,TRACK,1.2426655292510986,0.9541923999786377,-0.10489384829998016,0.0,0.0,0.0,0.49815741181373596,-0.3044295310974121,0.43588772416114807,0.0,0.0,0.0,0.0,0.0,0.0,0.0,0.23275892562476072,-0.5530129135400068,0.5,0.39129823446273804,-0.2768334150314331,-0.06167915463447571,0.0,0.0,0.0,-0.0013837706064805388,-0.006918853148818016,0.23524101078510284,0.0,0.0,0.0,0.0,0.0,0.0,0.0,0.5984840413826586,0.04262454938506823,0.5,0.5871621966362,-0.22826264798641205,0.025834200903773308,0.0,0.0,0.0,-0.0013837706064805388,-0.004151311703026295,0.6268481016159058,0.0,0.0,0.0,0.0,0.0,0.0,0.0,0.1539469107927919,-0.5799140873072115,0.5
17.875,TRACK,1.2426655292510986,0.9541923999786377,-0.10489384829998016,0.0,0.0,0.0,0.49815741181373596,-0.3044295310974121,0.43588772416114807,0.0,0.0,0.0,0.0,0.0,0.0,0.0,0.23289352565944926,-0.5529562421258226,0.5,0.39129823446273804,-0.2768334150314331,-0.06167915463447571,0.0,0.0,0.0,-0.0013837706064805388,-0.006918853148818016,0.23524101078510284,0.0,0.0,0.0,0.0,0.0,0.0,0.0,0.5985290552891174,0.0419877360037032,0.5,0.5871621966362,-0.22826264798641205,0.025834200903773308,0.0,0.0,0.0,-0.0013837706064805388,-0.004151311703026295,0.6268481016159058,0.0,0.0,0.0,0.0,0.0,0.0,0.0,0.15371907909485003,-0.57997452075262,0.5
17.895,TRACK,1.2426655292510986,0.9541923999786377,-0.10489384829998016,0.0,0.0,0.0,0.49815741181373596,-0.3044295310974121,0.43588772416114807,0.0,0.0,0.0,0.0,0.0,0.0,0.0,0.2330273044197038,-0.5528998782735322,0.5,0.38697364926338196,-0.2722896635532379,-0.05517548322677612,0.0,0.0,0.0,-0.0013837706064805388,-0.006918853148818016,0.23524101078510284,0.0,0.0,0.0,0.0,0.0,0.0,0.0,0.5985731276011215,0.041354696393657284,0.5,0.5871621966362,-0.22826264798641205,0.025834200903773308,0.0,0.0,0.0,-0.0013837706064805388,-0.004151311703026295,0.6268481016159058,0.0,0.0,0.0,0.0,0.0,0.0,0.0,0.15349259087635533,-0.5800345028927708,0.5
17.915,TRACK,1.2426655292510986,0.9541923999786377,-0.10489384829998016,0.0,0.0,0.0,0.49815741181373596,-0.3044295310974121,0.43588772416114807,0.0,0.0,0.0,0.0,0.0,0.0,0.0,0.23316032190346936,-0.5528437973694473,0.5,0.38697364926338196,-0.2722896635532379,-0.05517548322677612,0.0,0.0,0.0,-0.0013837706064805388,-0.006918853148818016,0.23524101078510284,0.0,0.0,0.0,0.0,0.0,0.0,0.0,0.5986162719533378,0.04072540917765515,0.5,0.5839294791221619,-0.22699478268623352,0.031565114855766296,0.0,0.0,0.0,-0.0,-0.004151311703026295,0.6268481016159058,0.0,0.0,0.0,0.0,0.0,0.0,0.0,0.1532763510806706,-0.5800916825807754,0.5
17.935,TRACK,1.2426655292510986,0.9541923999786377,-0.10489384829998016,0.0,0.0,0.0,0.49815741181373596,-0.3044295310974121,0.43588772416114807,0.0,0.0,0.0,0.0,0.0,0.0,0.0,0.2332925279070115,-0.5527880212366728,0.5,0.38697364926338196,-0.2722896635532379,-0.05517548322677612,0.0,0.0,0.0,-0.0013837706064805388,-0.006918853148818016,0.23524101078510284,0.0,0.0,0.0,0.0,0.0,0.0,0.0,0.5986585018046927,0.04009985307904094,0.5,0.5839294791221619,-0.22699478268623352,0.031565114855766296,0.0,0.0,0.0,-0.0,-0.004151311703026295,0.6268481016159058,0.0,0.0,0.0,0.0,0.0,0.0,0.0,0.1530613876142241,-0.5801484392994678,0.5
17.955,TRACK,1.0199700593948364,0.9686666131019592,0.2652009129524231,0.0,0.0,0.0,0.42620134353637695,0.013837706297636032,0.6480746269226074,0.0,0.0,0.0,0.0,0.0,0.0,0.0,0.2334239274517405,-0.5527325484291699,0.5,0.38697364926338196,-0.2722896635532379,-0.05517548322677612,0.0,0.0,0.0,-0.0013837706064805388,-0.006918853148818016,0.23524101078510284,0.0,0.0,0.0,0.0,0.0,0.0,0.0,0.5986748949833584,0.039854361325516216,0.5,0.5839294791221619,-0.22699478268623352,0.031565114855766296,0.0,0.0,0.0,-0.0,-0.004151311703026295,0.6268481016159058,0.0,0.0,0.0,0.0,0.0,0.0,0.0,0.1528476931008463,-0.5802047765347589,0.5
17.975,TRACK,1.0199700593948364,0.9686666131019592,0.2652009129524231,0.0,0.0,0.0,0.42620134353637695,0.013837706297636032,0.6480746269226074,0.0,0.0,0.0,0.0,0.0,0.0,0.0,0.23355452552724823,-0.5526773775049436,0.5,0.38697364926338196,-0.2722896635532379,-0.05517548322677612,0.0,0.0,0.0,-0.0013837706064805388,-0.006918853148818016,0.23524101078510284,0.0,0.0,0.0,0.0,0.0,0.0,0.0,0.5986910900384217,0.03961033588101009,0.5,0.5839294791221619,-0.22699478268623352,0.031565114855766296,0.0,0.0,0.0,-0.0,-0.004151311703026295,0.6268481016159058,0.0,0.0,0.0,0.0,0.0,0.0,0.0,0.15263526020473236,-0.5802606977404497,0.5
17.995,TRACK,1.0199700593948364,0.9686666131019592,0.2652009129524231,0.0,0.0,0.0,0.42620134353637695,0.013837706297636032,0.6480746269226074,0.0,0.0,0.0,0.0,0.0,0.0,0.0,0.23368432709151649,-0.5526225070260757,0.5,0.381913423538208,-0.2662679851055145,-0.04695548862218857,0.0,0.0,0.0,-0.0013837706064805388,-0.006918853148818016,0.23385722935199738,0.0,0.0,0.0,0.0,0.0,0.0,0.0,0.5987070893495405,0.03936776806730631,0.5,0.5839294791221619,-0.22699478268623352,0.031565114855766296,0.0,0.0,0.0,-0.0,-0.004151311703026295,0.6268481016159058,0.0,0.0,0.0,0.0,0.0,0.0,0.0,0.15243913466670797,-0.5803122523452915,0.5
18.015,TRACK,1.0199700593948364,0.9686666131019592,0.2652009129524231,0.0,0.0,0.0,0.42620134353637695,0.013837706297636032,0.6480746269226074,0.0,0.0,0.0,0.0,0.0,0.0,0.0,0.23380406352902705,-0.5525718594692591,0.5,0.381913423538208,-0.2662679851055145,-0.04695548862218857,0.0,0.0,0.0,-0.0013837706064805388,-0.006918853148818016,0.23385722935199738,0.0,0.0,0.0,0.0,0.0,0.0,0.0,0.5987228952679106,0.03912664925610875,0.5,0.5802426338195801,-0.22743186354637146,0.028167136013507843,0.0,0.0,0.0,0.0,-0.004151311703026295,0.6282318234443665,0.0,0.0,0.0,0.0,0.0,0.0,0.0,0.15224416862502205,-0.58036343192837,0.5
18.035,TRACK,1.0199700593948364,0.9686666131019592,0.2652009129524231,0.0,0.0,0.0,0.42620134353637695,0.013837706297636032,0.6480746269226074,0.0,0.0,0.0,0.0,0.0,0.0,0.0,0.233923070669426,-0.5525214900875681,0.5,0.381913423538208,-0.2662679851055145,-0.04695548862218857,0.0,0.0,0.0,-0.0013837706064805388,-0.006918853148818016,0.23385722935199738,0.0,0.0,0.0,0.0,0.0,0.0,0.0,0.598738510116604,0.03888697086878038,0.5,0.5802426338195801,-0.22743186354637146,0.028167136013507843,0.0,0.0,0.0,0.0,-0.004151311703026295,0.6282318234443665,0.0,0.0,0.0,0.0,0.0,0.0,0.0,0.1520503553509654,-0.5804142395200561,0.5
18.055,TRACK,1.0231542587280273,0.9644165635108948,0.401481032371521,0.0,0.0,0.0,0.5576595067977905,0.11623673141002655,0.6075636148452759,0.0,0.0,0.0,0.0,0.0,0.0,0.0,0.2340413530131752,-0.5524713975218647,0.5,0.381913423538208,-0.2662679851055145,-0.04695548862218857,0.0,0.0,0.0,-0.0013837706064805388,-0.006918853148818016,0.23385722935199738,0.0,0.0,0.0,0.0,0.0,0.0,0.0,0.5987548059430763,0.03863524763825204,0.5,0.5802426338195801,-0.22743186354637146,0.028167136013507843,0.0,0.0,0.0,0.0,-0.004151311703026295,0.6282318234443665,0.0,0.0,0.0,0.0,0.0,0.0,0.0,0.15185768815308157,-0.580464678123313,0.5
18.075,TRACK,1.0231542587280273,0.9644165635108948,0.401481032371521,0.0,0.0,0.0,0.5576595067977905,0.11623673141002655,0.6075636148452759,0.0,0.0,0.0,0.0,0.0,0.0,0.0,0.2341589150323405,-0.5524215804174174,0.5,0.381913423538208,-0.2662679851055145,-0.04695548862218857,0.0,0.0,0.0,-0.0013837706064805388,-0.006918853148818016,0.23385722935199738,0.0,0.0,0.0,0.0,0.0,0.0,0.0,0.5987708991150191,0.038385027979560005,0.5,0.5802426338195801,-0.22743186354637146,0.028167136013507843,0.0,0.0,0.0,0.0,-0.004151311703026295,0.6282318234443665,0.0,0.0,0.0,0.0,0.0,0.0,0.0,0.1516661603769879,-0.5805147507139692,0.5
18.095,TRACK,1.0231542587280273,0.9644165635108948,0.401481032371521,0.0,0.0,0.0,0.5576595067977905,0.11623673141002655,0.6075636148452759,0.0,0.0,0.0,0.0,0.0,0.0,0.0,0.23427576117077686,-0.5523720374239205,0.5,0.3771556317806244,-0.2610127031803131,-0.0406506322324276,0.0,0.0,0.0,-0.0013837706064805388,-0.006918853148818016,0.23385722935199738,0.0,0.0,0.0,0.0,0.0,0.0,0.0,0.5987867921003535,0.03813630299554551,0.5,0.5802426338195801,-0.22743186354637146,0.028167136013507843,0.0,0.0,0.0,0.0,-0.004151311703026295,0.6282318234443665,0.0,0.0,0.0,0.0,0.0,0.0,0.0,0.15148784012937014,-0.5805613096761946,0.5
18.115,TRACK,1.0231542587280273,0.9644165635108948,0.401481032371521,0.0,0.0,0.0,0.5576595067977905,0.11623673141002655,0.6075636148452759,0.0,0.0,0.0,0.0,0.0,0.0,0.0,0.2344005267616282,-0.5523191043716225,0.5,0.3771556317806244,-0.2610127031803131,-0.0406506322324276,0.0,0.0,0.0,-0.0013837706064805388,-0.006918853148818016,0.23385722935199738,0.0,0.0,0.0,0.0,0.0,0.0,0.0,0.5988024873372817,0.03788906384017228,0.5,0.5843884348869324,-0.22730280458927155,0.031037606298923492,0.0,0.0,0.0,0.0027675412129610777,-0.0027675412129610777,0.6282318234443665,0.0,0.0,0.0,0.0,0.0,0.0,0.0,0.1513105756387691,-0.5806075350009371,0.5
18.135,TRACK,1.0231542587280273,0.9644165635108948,0.401481032371521,0.0,0.0,0.0,0.5576595067977905,0.11623673141002655,0.6075636148452759,0.0,0.0,0.0,0.0,0.0,0.0,0.0,0.23452453190650002,-0.552266460989654,0.5,0.3771556317806244,-0.2610127031803131,-0.0406506322324276,0.0,0.0,0.0,-0.0013837706064805388,-0.006918853148818016,0.23385722935199738,0.0,0.0,0.0,0.0,0.0,0.0,0.0,0.5988179872346421,0.037643301718260594,0.5,0.5843884348869324,-0.22730280458927155,0.031037606298923492,0.0,0.0,0.0,0.0027675412129610777,-0.0027675412129610777,0.6282318234443665,0.0,0.0,0.0,0.0,0.0,0.0,0.0,0.15113436075648293,-0.580653429335201,0.5
18.155,TRACK,0.9634946584701538,0.9331057071685791,0.5939239263534546,0.0,0.0,0.0,0.6250555515289307,0.12453935295343399,0.5645784139633179,0.0,0.0,0.0,0.0,0.0,0.0,0.0,0.23464778130367533,-0.5522141058767537,0.5,0.3771556317806244,-0.2610127031803131,-0.0406506322324276,0.0,0.0,0.0,-0.0013837706064805388,-0.006918853148818016,0.23385722935199738,0.0,0.0,0.0,0.0,0.0,0.0,0.0,0.5988302578502043,0.03744759382200415,0.5,0.5843884348869324,-0.22730280458927155,0.031037606298923492,0.0,0.0,0.0,0.0027675412129610777,-0.0027675412129610777,0.6282318234443665,0.0,0.0,0.0,0.0,0.0,0.0,0.0,0.15095918936818695,-0.5806989953024715,0.5
18.175,TRACK,0.9634946584701538,0.9331057071685791,0.5939239263534546,0.0,0.0,0.0,0.6250555515289307,0.12453935295343399,0.5645784139633179,0.0,0.0,0.0,0.0,0.0,0.0,0.0,0.23477027962173644,-0.5521620376359929,0.5,0.3771556317806244,-0.2610127031803131,-0.0406506322324276,0.0,0.0,0.0,-0.0013837706064805388,-0.006918853148818016,0.23385722935199738,0.0,0.0,0.0,0.0,0.0,0.0,0.0,0.5988423914546096,0.037253056209175746,0.5,0.5843884348869324,-0.22730280458927155,0.031037606298923492,0.0,0.0,0.0,0.0027675412129610777,-0.0027675412129610777,0.6282318234443665,0.0,0.0,0.0,0.0,0.0,0.0,0.0,0.15078505539376225,-0.580744235502945,0.5
18.195,TRACK,0.9634946584701538,0.9331057071685791,0.5939239263534546,0.0,0.0,0.0,0.6250555515289307,0.12453935295343399,0.5645784139633179,0.0,0.0,0.0,0.0,0.0,0.0,0.0,0.2348920314997594,-0.5521102548747995,0.5,0.4055716097354889,-0.30121496319770813,-0.06153687462210655,0.0,0.0,0.0,0.0027675412129610777,-0.006918853148818016,0.2380085438489914,0.0,0.0,0.0,0.0,0.0,0.0,0.0,0.5988543896270238,0.037059681925845626,0.5,0.5843884348869324,-0.22730280458927155,0.031037606298923492,0.0,0.0,0.0,0.0027675412129610777,-0.0027675412129610777,0.6282318234443665,0.0,0.0,0.0,0.0,0.0,0.0,0.0,0.15061195278712586,-0.5807891525137574,0.5
18.215,TRACK,0.9634946584701538,0.9331057071685791,0.5939239263534546,0.0,0.0,0.0,0.6250555515289307,0.12453935295343399,0.5645784139633179,0.0,0.0,0.0,0.0,0.0,0.0,0.0,0.23501160165060303,-0.552059369171123,0.5,0.4055716097354889,-0.30121496319770813,-0.06153687462210655,0.0,0.0,0.0,0.0027675412129610777,-0.006918853148818016,0.2380085438489914,0.0,0.0,0.0,0.0,0.0,0.0,0.0,0.5988662539281082,0.03686746405863314,0.5,0.5833211541175842,-0.2271796613931656,0.0314386747777462,0.0,0.0,0.0,0.0027675412129610777,-0.0027675412129610777,0.6282318234443665,0.0,0.0,0.0,0.0,0.0,0.0,0.0,0.15032335653861628,-0.5808639156282339,0.5
18.235,TRACK,0.9634946584701538,0.9331057071685791,0.5939239263534546,0.0,0.0,0.0,0.6250555515289307,0.12453935295343399,0.5645784139633179,0.0,0.0,0.0,0.0,0.0,0.0,0.0,0.2351304434559716,-0.552008763119027,0.5,0.4055716097354889,-0.30121496319770813,-0.06153687462210655,0.0,0.0,0.0,0.0027675412129610777,-0.006918853148818016,0.2380085438489914,0.0,0.0,0.0,0.0,0.0,0.0,0.0,0.5988779859002396,0.036676395734484044,0.5,0.5833211541175842,-0.2271796613931656,0.0314386747777462,0.0,0.0,0.0,0.0027675412129610777,-0.0027675412129610777,0.6282318234443665,0.0,0.0,0.0,0.0,0.0,0.0,0.0,0.15003645508875035,-0.5809380880476003,0.5
18.255,TRACK,1.1914557218551636,0.8881354928016663,0.5339946746826172,0.0,0.0,0.0,0.6999595761299133,0.23524101078510284,0.4663306772708893,0.0,0.0,0.0,0.0,0.0,0.0,0.0,0.23524856141118106,-0.5519584353499544,0.5,0.4055716097354889,-0.30121496319770813,-0.06153687462210655,0.0,0.0,0.0,0.0027675412129610777,-0.006918853148818016,0.2380085438489914,0.0,0.0,0.0,0.0,0.0,0.0,0.0,0.5989176077659639,0.036023590991112346,0.5,0.5833211541175842,-0.2271796613931656,0.0314386747777462,0.0,0.0,0.0,0.0027675412129610777,-0.0027675412129610777,0.6282318234443665,0.0,0.0,0.0,0.0,0.0,0.0,0.0,0.14975123877811383,-0.5810116749983776,0.5
18.275,TRACK,1.1914557218551636,0.8881354928016663,0.5339946746826172,0.0,0.0,0.0,0.6999595761299133,0.23524101078510284,0.4663306772708893,0.0,0.0,0.0,0.0,0.0,0.0,0.0,0.2353659599831754,-0.5519083844998174,0.5,0.4055716097354889,-0.30121496319770813,-0.06153687462210655,0.0,0.0,0.0,0.0027675412129610777,-0.006918853148818016,0.2380085438489914,0.0,0.0,0.0,0.0,0.0,0.0,0.0,0.5989562867048676,0.0353746606586754,0.5,0.5833211541175842,-0.2271796613931656,0.0314386747777462,0.0,0.0,0.0,0.0027675412129610777,-0.0027675412129610777,0.6282318234443665,0.0,0.0,0.0,0.0,0.0,0.0,0.0,0.14946769799792248,-0.5810846816559544,0.5
18.295,TRACK,1.1914557218551636,0.8881354928016663,0.5339946746826172,0.0,0.0,0.0,0.6999595761299133,0.23524101078510284,0.4663306772708893,0.0,0.0,0.0,0.0,0.0,0.0,0.0,0.23548264361071153,-0.5518586092090171,0.5,0.40549731254577637,-0.2961256504058838,-0.062075406312942505,0.0,0.0,0.0,-0.0013837706064805388,-0.006918853148818016,0.23939231038093567,0.0,0.0,0.0,0.0,0.0,0.0,0.0,0.5989940367664712,0.03472958275314157,0.5,0.5833211541175842,-0.2271796613931656,0.0314386747777462,0.0,0.0,0.0,0.0027675412129610777,-0.0027675412129610777,0.6282318234443665,0.0,0.0,0.0,0.0,0.0,0.0,0.0,0.14918582318982776,-0.5811571131451231,0.5
18.315,TRACK,1.1914557218551636,0.8881354928016663,0.5339946746826172,0.0,0.0,0.0,0.6999595761299133,0.23524101078510284,0.4663306772708893,0.0,0.0,0.0,0.0,0.0,0.0,0.0,0.23559921863460306,-0.5518088511239779,0.5,0.40549731254577637,-0.2961256504058838,-0.062075406312942505,0.0,0.0,0.0,-0.0013837706064805388,-0.006918853148818016,0.23939231038093567,0.0,0.0,0.0,0.0,0.0,0.0,0.0,0.5990308718172032,0.03408833539381921,0.5,0.5841962695121765,-0.22739817202091217,0.03251216560602188,0.0,0.0,0.0,0.0027675412129610777,-0.0027675412129610777,0.6282318234443665,0.0,0.0,0.0,0.0,0.0,0.0,0.0,0.14893367430686114,-0.5812217826763358,0.5
18.335,TRACK,1.1914557218551636,0.8881354928016663,0.5339946746826172,0.0,0.0,0.0,0.6999595761299133,0.23524101078510284,0.4663306772708893,0.0,0.0,0.0,0.0,0.0,0.0,0.0,0.23571508378878847,-0.5517593671832354,0.5,0.40549731254577637,-0.2961256504058838,-0.062075406312942505,0.0,0.0,0.0,-0.0013837706064805388,-0.006918853148818016,0.23939231038093567,0.0,0.0,0.0,0.0,0.0,0.0,0.0,0.5990668055426321,0.03345089680331725,0.5,0.5841962695121765,-0.22739817202091217,0.03251216560602188,0.0,0.0,0.0,0.0027675412129610777,-0.0027675412129610777,0.6282318234443665,0.0,0.0,0.0,0.0,0.0,0.0,0.0,0.14868301053576524,-0.5812859557722184,0.5
18.355,TRACK,0.9981251955032349,0.8404589295387268,0.7621397376060486,0.0,0.0,0.0,0.7710334658622742,0.29197558760643005,0.3265698552131653,0.0,0.0,0.0,0.0,0.0,0.0,0.0,0.23583024345208273,-0.5517101560360579,0.5,0.40549731254577637,-0.2961256504058838,-0.062075406312942505,0.0,0.0,0.0,-0.0013837706064805388,-0.006918853148818016,0.23939231038093567,0.0,0.0,0.0,0.0,0.0,0.0,0.0,0.5990901392327231,0.033030365939789454,0.5,0.5841962695121765,-0.22739817202091217,0.03251216560602188,0.0,0.0,0.0,0.0027675412129610777,-0.0027675412129610777,0.6282318234443665,0.0,0.0,0.0,0.0,0.0,0.0,0.0,0.14843382334444433,-0.5813496366966701,0.5
18.375,TRACK,0.9981251955032349,0.8404589295387268,0.7621397376060486,0.0,0.0,0.0,0.7710334658622742,0.29197558760643005,0.3265698552131653,0.0,0.0,0.0,0.0,0.0,0.0,0.0,0.23594470197568795,-0.5516612163362618,0.5,0.40549731254577637,-0.2961256504058838,-0.062075406312942505,0.0,0.0,0.0,-0.0013837706064805388,-0.006918853148818016,0.23939231038093567,0.0,0.0,0.0,0.0,0.0,0.0,0.0,0.5991130403694293,0.03261234213144698,0.5,0.5841962695121765,-0.22739817202091217,0.03251216560602188,0.0,0.0,0.0,0.0027675412129610777,-0.0027675412129610777,0.6282318234443665,0.0,0.0,0.0,0.0,0.0,0.0,0.0,0.14818610424664458,-0.5814128296728603,0.5
18.395,TRACK,0.9981251955032349,0.8404589295387268,0.7621397376060486,0.0,0.0,0.0,0.7710334658622742,0.29197558760643005,0.3265698552131653,0.0,0.0,0.0,0.0,0.0,0.0,0.0,0.23605846368337363,-0.5516125467422268,0.5,0.4023144841194153,-0.2884407937526703,-0.07329617440700531,0.0,0.0,0.0,-0.004151311703026295,-0.006918853148818016,0.2380085438489914,0.0,0.0,0.0,0.0,0.0,0.0,0.0,0.599135515037104,0.032196810730630035,0.5,0.5841962695121765,-0.22739817202091217,0.03251216560602188,0.0,0.0,0.0,0.0027675412129610777,-0.0027675412129610777,0.6282318234443665,0.0,0.0,0.0,0.0,0.0,0.0,0.0,0.14793984480175745,-0.5814755388836507,0.5
18.415,TRACK,0.9981251955032349,0.8404589295387268,0.7621397376060486,0.0,0.0,0.0,0.7710334658622742,0.29197558760643005,0.3265698552131653,0.0,0.0,0.0,0.0,0.0,0.0,0.0,0.23617128954905414,-0.5515642501039537,0.5,0.4023144841194153,-0.2884407937526703,-0.07329617440700531,0.0,0.0,0.0,-0.004151311703026295,-0.006918853148818016,0.2380085438489914,0.0,0.0,0.0,0.0,0.0,0.0,0.0,0.5991575692421874,0.03178375716924173,0.5,0.5849719047546387,-0.22774961590766907,0.03445145860314369,0.0,0.0,0.0,0.004151311703026295,-0.0027675412129610777,0.6282318234443665,0.0,0.0,0.0,0.0,0.0,0.0,0.0,0.14772555008451924,-0.581530018014742,0.5
18.435,TRACK,0.9981251955032349,0.8404589295387268,0.7621397376060486,0.0,0.0,0.0,0.7710334658622742,0.29197558760643005,0.3265698552131653,0.0,0.0,0.0,0.0,0.0,0.0,0.0,0.23628342866700122,-0.5515162203755808,0.5,0.4023144841194153,-0.2884407937526703,-0.07329617440700531,0.0,0.0,0.0,-0.004151311703026295,-0.006918853148818016,0.2380085438489914,0.0,0.0,0.0,0.0,0.0,0.0,0.0,0.5991792089141597,0.031373166958434416,0.5,0.5849719047546387,-0.22774961590766907,0.03445145860314369,0.0,0.0,0.0,0.004151311703026295,-0.0027675412129610777,0.6282318234443665,0.0,0.0,0.0,0.0,0.0,0.0,0.0,0.14751252125369085,-0.5815840920050852,0.5
18.455,TRACK,0.90190589427948,0.7830528616905212,0.8950293064117432,0.0,0.0,0.0,0.7671545147895813,0.19787918031215668,0.2739865779876709,0.0,0.0,0.0,0.0,0.0,0.0,0.0,0.23639488527026498,-0.551468456231232,0.5,0.4023144841194153,-0.2884407937526703,-0.07329617440700531,0.0,0.0,0.0,-0.004151311703026295,-0.006918853148818016,0.2380085438489914,0.0,0.0,0.0,0.0,0.0,0.0,0.0,0.5991976275711682,0.03101939898005052,0.5,0.5849719047546387,-0.22774961590766907,0.03445145860314369,0.0,0.0,0.0,0.004151311703026295,-0.0027675412129610777,0.6282318234443665,0.0,0.0,0.0,0.0,0.0,0.0,0.0,0.14730075098014883,-0.5816377642147079,0.5
18.475,TRACK,0.90190589427948,0.7830528616905212,0.8950293064117432,0.0,0.0,0.0,0.7671545147895813,0.19787918031215668,0.2739865779876709,0.0,0.0,0.0,0.0,0.0,0.0,0.0,0.2365056635652333,-0.5514209563496555,0.5,0.4023144841194153,-0.2884407937526703,-0.07329617440700531,0.0,0.0,0.0,-0.004151311703026295,-0.006918853148818016,0.2380085438489914,0.0,0.0,0.0,0.0,0.0,0.0,0.0,0.599215728720316,0.03066774289348008,0.5,0.5849719047546387,-0.22774961590766907,0.03445145860314369,0.0,0.0,0.0,0.004151311703026295,-0.0027675412129610777,0.6282318234443665,0.0,0.0,0.0,0.0,0.0,0.0,0.0,0.14709023197505555,-0.5816910379724999,0.5
18.495,TRACK,0.90190589427948,0.7830528616905212,0.8950293064117432,0.0,0.0,0.0,0.7671545147895813,0.19787918031215668,0.2739865779876709,0.0,0.0,0.0,0.0,0.0,0.0,0.0,0.2366157677318051,-0.5513737194142359,0.5,0.40112635493278503,-0.286202073097229,-0.07686781138181686,0.0,0.0,0.0,-0.0027675412129610777,-0.006918853148818016,0.23662477731704712,0.0,0.0,0.0,0.0,0.0,0.0,0.0,0.5992335167369708,0.030318186275608575,0.5,0.5849719047546387,-0.22774961590766907,0.03445145860314369,0.0,0.0,0.0,0.004151311703026295,-0.0027675412129610777,0.6282318234443665,0.0,0.0,0.0,0.0,0.0,0.0,0.0,0.14688894099623837,-0.5817419006853499,0.5
18.515,TRACK,0.90190589427948,0.7830528616905212,0.8950293064117432,0.0,0.0,0.0,0.7671545147895813,0.19787918031215668,0.2739865779876709,0.0,0.0,0.0,0.0,0.0,0.0,0.0,0.23672520192356297,-0.5513267441130063,0.5,0.40112635493278503,-0.286202073097229,-0.07686781138181686,0.0,0.0,0.0,-0.0027675412129610777,-0.006918853148818016,0.23662477731704712,0.0,0.0,0.0,0.0,0.0,0.0,0.0,0.5992509959408727,0.029970716772746202,0.5,0.5844412446022034,-0.22755999863147736,0.035355258733034134,0.0,0.0,0.0,0.0027675412129610777,-0.0027675412129610777,0.6282318234443665,0.0,0.0,0.0,0.0,0.0,0.0,0.0,0.14668884033328047,-0.58179238919195,0.5
18.535,TRACK,0.90190589427948,0.7830528616905212,0.8950293064117432,0.0,0.0,0.0,0.7671545147895813,0.19787918031215668,0.2739865779876709,0.0,0.0,0.0,0.0,0.0,0.0,0.0,0.2368338867848969,-0.5512800650035865,0.5,0.40112635493278503,-0.286202073097229,-0.07686781138181686,0.0,0.0,0.0,-0.0027675412129610777,-0.006918853148818016,0.23662477731704712,0.0,0.0,0.0,0.0,0.0,0.0,0.0,0.5992681705968145,0.029625322100310766,0.5,0.5844412446022034,-0.22755999863147736,0.035355258733034134,0.0,0.0,0.0,0.0027675412129610777,-0.0027675412129610777,0.6282318234443665,0.0,0.0,0.0,0.0,0.0,0.0,0.0,0.14648992307627987,-0.5818425065574924,0.5
18.555,TRACK,0.8900620937347412,0.6917383074760437,0.8117476105690002,0.0,0.0,0.0,0.7414337992668152,0.21586820483207703,0.13284197449684143,0.0,0.0,0.0,0.0,0.0,0.0,0.0,0.23694191041523768,-0.5512336447358575,0.5,0.40112635493278503,-0.286202073097229,-0.07686781138181686,0.0,0.0,0.0,-0.0027675412129610777,-0.006918853148818016,0.23662477731704712,0.0,0.0,0.0,0.0,0.0,0.0,0.0,0.5992945543438136,0.029086717481519753,0.5,0.5844412446022034,-0.22755999863147736,0.035355258733034134,0.0,0.0,0.0,0.0027675412129610777,-0.0027675412129610777,0.6282318234443665,0.0,0.0,0.0,0.0,0.0,0.0,0.0,0.1462921823536003,-0.5818922558190829,0.5
18.575,TRACK,0.8900620937347412,0.6917383074760437,0.8117476105690002,0.0,0.0,0.0,0.7414337992668152,0.21586820483207703,0.13284197449684143,0.0,0.0,0.0,0.0,0.0,0.0,0.0,0.23704927688699384,-0.5511874820125665,0.5,0.40112635493278503,-0.286202073097229,-0.07686781138181686,0.0,0.0,0.0,-0.0027675412129610777,-0.006918853148818016,0.23662477731704712,0.0,0.0,0.0,0.0,0.0,0.0,0.0,0.5993203000544927,0.02855132120573029,0.5,0.5844412446022034,-0.22755999863147736,0.035355258733034134,0.0,0.0,0.0,0.0027675412129610777,-0.0027675412129610777,0.6282318234443665,0.0,0.0,0.0,0.0,0.0,0.0,0.0,0.14609561133168797,-0.5819416399860216,0.5
18.595,TRACK,0.8900620937347412,0.6917383074760437,0.8117476105690002,0.0,0.0,0.0,0.7414337992668152,0.21586820483207703,0.13284197449684143,0.0,0.0,0.0,0.0,0.0,0.0,0.0,0.23715599024695702,-0.5511415755411537,0.5,0.4056885838508606,-0.2941168546676636,-0.07282257080078125,0.0,0.0,0.0,-0.0,-0.006918853148818016,0.23939231038093567,0.0,0.0,0.0,0.0,0.0,0.0,0.0,0.5993454172762411,0.02801911472492361,0.5,0.5844412446022034,-0.22755999863147736,0.035355258733034134,0.0,0.0,0.0,0.0027675412129610777,-0.0027675412129610777,0.6282318234443665,0.0,0.0,0.0,0.0,0.0,0.0,0.0,0.1458737694800926,-0.5819972881188269,0.5
18.615,TRACK,0.8900620937347412,0.6917383074760437,0.8117476105690002,0.0,0.0,0.0,0.7414337992668152,0.21586820483207703,0.13284197449684143,0.0,0.0,0.0,0.0,0.0,0.0,0.0,0.2372620545164681,-0.5510959240337606,0.5,0.4056885838508606,-0.2941168546676636,-0.07282257080078125,0.0,0.0,0.0,-0.0,-0.006918853148818016,0.23939231038093567,0.0,0.0,0.0,0.0,0.0,0.0,0.0,0.5993699154314744,0.027490079586410823,0.5,0.5826506614685059,-0.22786986827850342,0.029624108225107193,0.0,0.0,0.0,0.0027675412129610777,-0.004151311703026295,0.6282318234443665,0.0,0.0,0.0,0.0,0.0,0.0,0.0,0.1456532376734492,-0.5820525185541607,0.5
18.635,TRACK,0.8900620937347412,0.6917383074760437,0.8117476105690002,0.0,0.0,0.0,0.7414337992668152,0.21586820483207703,0.13284197449684143,0.0,0.0,0.0,0.0,0.0,0.0,0.0,0.23736251425639565,-0.5510526624796239,0.5,0.4056885838508606,-0.2941168546676636,-0.07282257080078125,0.0,0.0,0.0,-0.0,-0.006918853148818016,0.23939231038093567,0.0,0.0,0.0,0.0,0.0,0.0,0.0,0.5993938038191724,0.02696419743258643,0.5,0.5826506614685059,-0.22786986827850342,0.029624108225107193,0.0,0.0,0.0,0.0027675412129610777,-0.004151311703026295,0.6282318234443665,0.0,0.0,0.0,0.0,0.0,0.0,0.0,0.14543400833418313,-0.5821073347930369,0.5
18.656,TRACK,0.7704803943634033,0.5023224353790283,0.5915334224700928,0.0,0.0,0.0,0.6420695185661316,0.14114460349082947,0.02629164233803749,0.0,0.0,0.0,0.0,0.0,0.0,0.0,0.23746236342057783,-0.5510096423464053,0.5,0.4056885838508606,-0.2941168546676636,-0.07282257080078125,0.0,0.0,0.0,-0.0,-0.006918853148818016,0.23939231038093567,0.0,0.0,0.0,0.0,0.0,0.0,0.0,0.5994170916163983,0.026441450000676932,0.5,0.5826506614685059,-0.22786986827850342,0.029624108225107193,0.0,0.0,0.0,0.0027675412129610777,-0.004151311703026295,0.6282318234443665,0.0,0.0,0.0,0.0,0.0,0.0,0.0,0.14521607392624442,-0.5821617403037127,0.5
18.675,TRACK,0.7704803943634033,0.5023224353790283,0.5915334224700928,0.0,0.0,0.0,0.6420695185661316,0.14114460349082947,0.02629164233803749,0.0,0.0,0.0,0.0,0.0,0.0,0.0,0.23756160576274626,-0.5509668624041063,0.5,0.4056885838508606,-0.2941168546676636,-0.07282257080078125,0.0,0.0,0.0,-0.0,-0.006918853148818016,0.23939231038093567,0.0,0.0,0.0,0.0,0.0,0.0,0.0,0.5994526101016054,0.025623587617126558,0.5,0.5826506614685059,-0.22786986827850342,0.029624108225107193,0.0,0.0,0.0,0.0027675412129610777,-0.004151311703026295,0.6282318234443665,0.0,0.0,0.0,0.0,0.0,0.0,0.0,0.14499942695491608,-0.5822157385220241,0.5
18.695,TRACK,0.7704803943634033,0.5023224353790283,0.5915334224700928,0.0,0.0,0.0,0.6420695185661316,0.14114460349082947,0.02629164233803749,0.0,0.0,0.0,0.0,0.0,0.0,0.0,0.23766024501308855,-0.5509243214274704,0.5,0.4057936370372772,-0.2966731786727905,-0.065083347260952,0.0,0.0,0.0,-0.0,-0.006918853148818016,0.24077607691287994,0.0,0.0,0.0,0.0,0.0,0.0,0.0,0.5994868095841072,0.02481058513353569,0.5,0.5826506614685059,-0.22786986827850342,0.029624108225107193,0.0,0.0,0.0,0.0027675412129610777,-0.004151311703026295,0.6282318234443665,0.0,0.0,0.0,0.0,0.0,0.0,0.0,0.1447840599666218,-0.5822693328517153,0.5
18.715,TRACK,0.7704803943634033,0.5023224353790283,0.5915334224700928,0.0,0.0,0.0,0.6420695185661316,0.14114460349082947,0.02629164233803749,0.0,0.0,0.0,0.0,0.0,0.0,0.0,0.23775828487840037,-0.5508820181959848,0.5,0.4057936370372772,-0.2966731786727905,-0.065083347260952,0.0,0.0,0.0,-0.0,-0.006918853148818016,0.24077607691287994,0.0,0.0,0.0,0.0,0.0,0.0,0.0,0.5995197111464646,0.02400241543802464,0.5,0.5835641026496887,-0.2276858240365982,0.028410274535417557,0.0,0.0,0.0,0.004151311703026295,-0.0027675412129610777,0.6282318234443665,0.0,0.0,0.0,0.0,0.0,0.0,0.0,0.14455600865249862,-0.5823259914879798,0.5
18.737,TRACK,0.7704803943634033,0.5023224353790283,0.5915334224700928,0.0,0.0,0.0,0.6420695185661316,0.14114460349082947,0.02629164233803749,0.0,0.0,0.0,0.0,0.0,0.0,0.0,0.2378583887722279,-0.5508388030001877,0.5,0.4057936370372772,-0.2966731786727905,-0.065083347260952,0.0,0.0,0.0,-0.0,-0.006918853148818016,0.24077607691287994,0.0,0.0,0.0,0.0,0.0,0.0,0.0,0.599551335590279,0.023199051530454904,0.5,0.5835641026496887,-0.2276858240365982,0.028410274535417557,0.0,0.0,0.0,0.004151311703026295,-0.0027675412129610777,0.6282318234443665,0.0,0.0,0.0,0.0,0.0,0.0,0.0,0.14432930367301974,-0.5823822216562429,0.5
18.755,TRACK,0.6494421362876892,0.3416996896266937,0.516728401184082,0.0,0.0,0.0,0.5092275738716125,0.04704819992184639,-0.0567345917224884,0.0,0.0,0.0,0.0,0.0,0.0,0.0,0.2379578842584122,-0.5507958290685034,0.5,0.4057936370372772,-0.2966731786727905,-0.065083347260952,0.0,0.0,0.0,-0.0,-0.006918853148818016,0.24077607691287994,0.0,0.0,0.0,0.0,0.0,0.0,0.0,0.5995817034396224,0.022400466522836504,0.5,0.5835641026496887,-0.2276858240365982,0.028410274535417557,0.0,0.0,0.0,0.004151311703026295,-0.0027675412129610777,0.6282318234443665,0.0,0.0,0.0,0.0,0.0,0.0,0.0,0.14410393724711335,-0.5824380269778751,0.5
18.775,TRACK,0.6494421362876892,0.3416996896266937,0.516728401184082,0.0,0.0,0.0,0.5092275738716125,0.04704819992184639,-0.0567345917224884,0.0,0.0,0.0,0.0,0.0,0.0,0.0,0.23805677507731296,-0.5507530951704126,0.5,0.4057936370372772,-0.2966731786727905,-0.065083347260952,0.0,0.0,0.0,-0.0,-0.006918853148818016,0.24077607691287994,0.0,0.0,0.0,0.0,0.0,0.0,0.0,0.5996228502910862,0.021270576127448208,0.5,0.5835641026496887,-0.2276858240365982,0.028410274535417557,0.0,0.0,0.0,0.004151311703026295,-0.0027675412129610777,0.6282318234443665,0.0,0.0,0.0,0.0,0.0,0.0,0.0,0.1438799016362355,-0.582493411040114,0.5
18.795,TRACK,0.6494421362876892,0.3416996896266937,0.516728401184082,0.0,0.0,0.0,0.5092275738716125,0.04704819992184639,-0.0567345917224884,0.0,0.0,0.0,0.0,0.0,0.0,0.0,0.2381550649458299,-0.5507106000801578,0.5,0.4021355211734772,-0.30515390634536743,-0.04589895159006119,0.0,0.0,0.0,0.0013837706064805388,-0.00830262340605259,0.2435436248779297,0.0,0.0,0.0,0.0,0.0,0.0,0.0,0.5996616401501491,0.020147390213947167,0.5,0.5835641026496887,-0.2276858240365982,0.028410274535417557,0.0,0.0,0.0,0.004151311703026295,-0.0027675412129610777,0.6282318234443665,0.0,0.0,0.0,0.0,0.0,0.0,0.0,0.14359483325098915,-0.5825637509008097,0.5
18.815,TRACK,0.6494421362876892,0.3416996896266937,0.516728401184082,0.0,0.0,0.0,0.5092275738716125,0.04704819992184639,-0.0567345917224884,0.0,0.0,0.0,0.0,0.0,0.0,0.0,0.23825009728659877,-0.5506694935648117,0.5,0.4021355211734772,-0.30515390634536743,-0.04589895159006119,0.0,0.0,0.0,0.0013837706064805388,-0.00830262340605259,0.2435436248779297,0.0,0.0,0.0,0.0,0.0,0.0,0.0,0.5996981122692424,0.01903087335639467,0.5,0.5830876231193542,-0.22804103791713715,0.03035186417400837,0.0,0.0,0.0,0.0027675412129610777,-0.0027675412129610777,0.6282318234443665,0.0,0.0,0.0,0.0,0.0,0.0,0.0,0.14331144119714473,-0.5826335304649033,0.5
18.835,TRACK,0.6494421362876892,0.3416996896266937,0.516728401184082,0.0,0.0,0.0,0.5092275738716125,0.04704819992184639,-0.0567345917224884,0.0,0.0,0.0,0.0,0.0,0.0,0.0,0.23834455240190888,-0.5506286174367744,0.5,0.4021355211734772,-0.30515390634536743,-0.04589895159006119,0.0,0.0,0.0,0.0013837706064805388,-0.00830262340605259,0.2435436248779297,0.0,0.0,0.0,0.0,0.0,0.0,0.0,0.5997323053744377,0.017920990214334916,0.5,0.5830876231193542,-0.22804103791713715,0.03035186417400837,0.0,0.0,0.0,0.0027675412129610777,-0.0027675412129610777,0.6282318234443665,0.0,0.0,0.0,0.0,0.0,0.0,0.0,0.1430297158908864,-0.5827027547319236,0.5
18.855,TRACK,0.5696192383766174,0.19937901198863983,0.48518893122673035,0.0,0.0,0.0,0.4040610194206238,0.04289688542485237,-0.20341427624225616,0.0,0.0,0.0,0.0,0.0,0.0,0.0,0.2384384338364826,-0.5505879705093504,0.5,0.4021355211734772,-0.30515390634536743,-0.04589895159006119,0.0,0.0,0.0,0.0013837706064805388,-0.00830262340605259,0.2435436248779297,0.0,0.0,0.0,0.0,0.0,0.0,0.0,0.599764257671743,0.016817705535029568,0.5,0.5830876231193542,-0.22804103791713715,0.03035186417400837,0.0,0.0,0.0,0.0027675412129610777,-0.0027675412129610777,0.6282318234443665,0.0,0.0,0.0,0.0,0.0,0.0,0.0,0.14274964779904678,-0.5827714286521329,0.5
18.875,TRACK,0.5696192383766174,0.19937901198863983,0.48518893122673035,0.0,0.0,0.0,0.4040610194206238,0.04289688542485237,-0.20341427624225616,0.0,0.0,0.0,0.0,0.0,0.0,0.0,0.23853174511284964,-0.5505475516006029,0.5,0.4021355211734772,-0.30515390634536743,-0.04589895159006119,0.0,0.0,0.0,0.0013837706064805388,-0.00830262340605259,0.2435436248779297,0.0,0.0,0.0,0.0,0.0,0.0,0.0,0.5998076986060739,0.015189624514295673,0.5,0.5830876231193542,-0.22804103791713715,0.03035186417400837,0.0,0.0,0.0,0.0027675412129610777,-0.0027675412129610777,0.6282318234443665,0.0,0.0,0.0,0.0,0.0,0.0,0.0,0.14247122743890644,-0.5828395571270463,0.5
18.895,TRACK,0.5696192383766174,0.19937901198863983,0.48518893122673035,0.0,0.0,0.0,0.4040610194206238,0.04289688542485237,-0.20341427624225616,0.0,0.0,0.0,0.0,0.0,0.0,0.0,0.23862448973149103,-0.5505073595333541,0.5,0.40098047256469727,-0.30676597356796265,-0.04154408350586891,0.0,0.0,0.0,-0.0,-0.00830262340605259,0.24631115794181824,0.0,0.0,0.0,0.0,0.0,0.0,0.0,0.5998464991164705,0.01357120104169833,0.5,0.5830876231193542,-0.22804103791713715,0.03035186417400837,0.0,0.0,0.0,0.0027675412129610777,-0.0027675412129610777,0.6282318234443665,0.0,0.0,0.0,0.0,0.0,0.0,0.0,0.14218071226133677,-0.5829104948968229,0.5
18.915,TRACK,0.5696192383766174,0.19937901198863983,0.48518893122673035,0.0,0.0,0.0,0.4040610194206238,0.04289688542485237,-0.20341427624225616,0.0,0.0,0.0,0.0,0.0,0.0,0.0,0.23871574750832775,-0.5504677936914568,0.5,0.40098047256469727,-0.30676597356796265,-0.04154408350586891,0.0,0.0,0.0,-0.0,-0.00830262340605259,0.24631115794181824,0.0,0.0,0.0,0.0,0.0,0.0,0.0,0.5998807391651158,0.011962390175645416,0.5,0.582920253276825,-0.22816355526447296,0.02806178107857704,0.0,0.0,0.0,0.0027675412129610777,-0.0027675412129610777,0.6282318234443665,0.0,0.0,0.0,0.0,0.0,0.0,0.0,0.141891905171392,-0.5829808635339866,0.5
18.935,TRACK,0.5696192383766174,0.19937901198863983,0.48518893122673035,0.0,0.0,0.0,0.4040610194206238,0.04289688542485237,-0.20341427624225616,0.0,0.0,0.0,0.0,0.0,0.0,0.0,0.23880645123710173,-0.5504284502526571,0.5,0.40098047256469727,-0.30676597356796265,-0.04154408350586891,0.0,0.0,0.0,-0.0,-0.00830262340605259,0.24631115794181824,0.0,0.0,0.0,0.0,0.0,0.0,0.0,0.59991049764672,0.010363146880399307,0.5,0.582920253276825,-0.22816355526447296,0.02806178107857704,0.0,0.0,0.0,0.0027675412129610777,-0.0027675412129610777,0.6282318234443665,0.0,0.0,0.0,0.0,0.0,0.0,0.0,0.1416047964095788,-0.5830506681531218,0.5
18.955,TRACK,0.37355685234069824,-0.07926534116268158,0.28030925989151,0.0,0.0,0.0,0.35424527525901794,-0.0013837706064805388,-0.31826722621917725,0.0,0.0,0.0,0.0,0.0,0.0,0.0,0.2388966043174433,-0.5503893280629585,0.5,0.40098047256469727,-0.30676597356796265,-0.04154408350586891,0.0,0.0,0.0,-0.0,-0.00830262340605259,0.24631115794181824,0.0,0.0,0.0,0.0,0.0,0.0,0.0,0.5999613659468094,0.006808771639483429,0.5,0.582920253276825,-0.22816355526447296,0.02806178107857704,0.0,0.0,0.0,0.0027675412129610777,-0.0027675412129610777,0.6282318234443665,0.0,0.0,0.0,0.0,0.0,0.0,0.0,0.14131937626786134,-0.5831199138181293,0.5
18.975,TRACK,0.37355685234069824,-0.07926534116268158,0.28030925989151,0.0,0.0,0.0,0.35424527525901794,-0.0013837706064805388,-0.31826722621917725,0.0,0.0,0.0,0.0,0.0,0.0,0.0,0.23898621012772764,-0.5503504259731118,0.5,0.40098047256469727,-0.30676597356796265,-0.04154408350586891,0.0,0.0,0.0,-0.0,-0.00830262340605259,0.24631115794181824,0.0,0.0,0.0,0.0,0.0,0.0,0.0,0.5999910592620176,0.0032754855582206605,0.5,0.582920253276825,-0.22816355526447296,0.02806178107857704,0.0,0.0,0.0,0.0027675412129610777,-0.0027675412129610777,0.6282318234443665,0.0,0.0,0.0,0.0,0.0,0.0,0.0,0.1410356350894596,-0.5831886055427633,0.5
18.995,TRACK,0.37355685234069824,-0.07926534116268158,0.28030925989151,0.0,0.0,0.0,0.35424527525901794,-0.0013837706064805388,-0.31826722621917725,0.0,0.0,0.0,0.0,0.0,0.0,0.0,0.2390705732379918,-0.55031378413743,0.5,0.4015626907348633,-0.30522167682647705,-0.04171483963727951,0.0,0.0,0.0,-0.0013837706064805388,-0.006918853148818016,0.24907870590686798,0.0,0.0,0.0,0.0,0.0,0.0,0.0,0.5999999533055481,-0.00023671362470545945,0.5,0.5819186568260193,-0.22872702777385712,0.02410576306283474,0.0,0.0,0.0,0.0027675412129610777,-0.004151311703026295,0.6282318234443665,0.0,0.0,0.0,0.0,0.0,0.0,0.0,0.1407645275127052,-0.5832541022522901,0.5
19.015,TRACK,0.37355685234069824,-0.07926534116268158,0.28030925989151,0.0,0.0,0.0,0.35424527525901794,-0.0013837706064805388,-0.31826722621917725,0.0,0.0,0.0,0.0,0.0,0.0,0.0,0.2391544246020611,-0.5502773493369112,0.5,0.4015626907348633,-0.30522167682647705,-0.04171483963727951,0.0,0.0,0.0,-0.0013837706064805388,-0.006918853148818016,0.24907870590686798,0.0,0.0,0.0,0.0,0.0,0.0,0.0,0.5999884192798853,-0.0037278318127840484,0.5,0.5819186568260193,-0.22872702777385712,0.02410576306283474,0.0,0.0,0.0,0.0027675412129610777,-0.004151311703026295,0.6282318234443665,0.0,0.0,0.0,0.0,0.0,0.0,0.0,0.1404950164379656,-0.5833190810834973,0.5
19.035,TRACK,0.37355685234069824,-0.07926534116268158,0.28030925989151,0.0,0.0,0.0,0.35424527525901794,-0.0013837706064805388,-0.31826722621917725,0.0,0.0,0.0,0.0,0.0,0.0,0.0,0.23923776735509333,-0.5502411204835115,0.5,0.4015626907348633,-0.30522167682647705,-0.04171483963727951,0.0,0.0,0.0,-0.0013837706064805388,-0.006918853148818016,0.24907870590686798,0.0,0.0,0.0,0.0,0.0,0.0,0.0,0.5999568239013531,-0.007197878451372954,0.5,0.5819186568260193,-0.22872702777385712,0.02410576306283474,0.0,0.0,0.0,0.0027675412129610777,-0.004151311703026295,0.6282318234443665,0.0,0.0,0.0,0.0,0.0,0.0,0.0,0.14022709270388806,-0.5833835466241871,0.5
19.055,TRACK,0.0817546397447586,-0.4105094373226166,0.029062975198030472,0.0,0.0,0.0,0.33902379870414734,-0.06365344673395157,-0.4704820215702057,0.0,0.0,0.0,0.0,0.0,0.0,0.0,0.23932060461269586,-0.5502050964938563,0.5,0.4015626907348633,-0.30522167682647705,-0.04171483963727951,0.0,0.0,0.0,-0.0013837706064805388,-0.006918853148818016,0.24907870590686798,0.0,0.0,0.0,0.0,0.0,0.0,0.0,0.5998164416702065,-0.014840360578221922,0.5,0.5819186568260193,-0.22872702777385712,0.02410576306283474,0.0,0.0,0.0,0.0027675412129610777,-0.004151311703026295,0.6282318234443665,0.0,0.0,0.0,0.0,0.0,0.0,0.0,0.13996074719807736,-0.5834475034171934,0.5
19.075,TRACK,0.0817546397447586,-0.4105094373226166,0.029062975198030472,0.0,0.0,0.0,0.33902379870414734,-0.06365344673395157,-0.4704820215702057,0.0,0.0,0.0,0.0,0.0,0.0,0.0,0.2394029394710519,-0.5501692762892343,0.5,0.4015626907348633,-0.30522167682647705,-0.04171483963727951,0.0,0.0,0.0,-0.0013837706064805388,-0.006918853148818016,0.24907870590686798,0.0,0.0,0.0,0.0,0.0,0.0,0.0,0.5995804271094628,-0.022434603344702653,0.5,0.5819186568260193,-0.22872702777385712,0.02410576306283474,0.0,0.0,0.0,0.0027675412129610777,-0.004151311703026295,0.6282318234443665,0.0,0.0,0.0,0.0,0.0,0.0,0.0,0.13969597085689126,-0.5835109559608548,0.5
19.095,TRACK,0.0817546397447586,-0.4105094373226166,0.029062975198030472,0.0,0.0,0.0,0.33902379870414734,-0.06365344673395157,-0.4704820215702057,0.0,0.0,0.0,0.0,0.0,0.0,0.0,0.2394847750070443,-0.5501336587955924,0.5,0.40489843487739563,-0.294408917427063,-0.05751539021730423,0.0,0.0,0.0,-0.005535082425922155,-0.005535082425922155,0.2476949393749237,0.0,0.0,0.0,0.0,0.0,0.0,0.0,0.5992505456964129,-0.029979717853097818,0.5,0.5819186568260193,-0.22872702777385712,0.02410576306283474,0.0,0.0,0.0,0.0027675412129610777,-0.004151311703026295,0.6282318234443665,0.0,0.0,0.0,0.0,0.0,0.0,0.0,0.13943275466523714,-0.5835739087094828,0.5
19.115,TRACK,0.0817546397447586,-0.4105094373226166,0.029062975198030472,0.0,0.0,0.0,0.33902379870414734,-0.06365344673395157,-0.4704820215702057,0.0,0.0,0.0,0.0,0.0,0.0,0.0,0.2395746330827396,-0.5500945329516288,0.5,0.40489843487739563,-0.294408917427063,-0.05751539021730423,0.0,0.0,0.0,-0.005535082425922155,-0.005535082425922155,0.2476949393749237,0.0,0.0,0.0,0.0,0.0,0.0,0.0,0.5988285523492193,-0.03747485678876319,0.5,0.58761066198349,-0.22921514511108398,0.03696530684828758,0.0,0.0,0.0,0.004151311703026295,-0.0013837706064805388,0.6282318234443665,0.0,0.0,0.0,0.0,0.0,0.0,0.0,0.13924542906319365,-0.5836186344566177,0.5
19.135,TRACK,0.0817546397447586,-0.4105094373226166,0.029062975198030472,0.0,0.0,0.0,0.33902379870414734,-0.06365344673395157,-0.4704820215702057,0.0,0.0,0.0,0.0,0.0,0.0,0.0,0.23966394567521257,-0.5500556273172639,0.5,0.40489843487739563,-0.294408917427063,-0.05751539021730423,0.0,0.0,0.0,-0.005535082425922155,-0.005535082425922155,0.2476949393749237,0.0,0.0,0.0,0.0,0.0,0.0,0.0,0.598316190870299,-0.04491921351110155,0.5,0.58761066198349,-0.22921514511108398,0.03696530684828758,0.0,0.0,0.0,0.004151311703026295,-0.0013837706064805388,0.6282318234443665,0.0,0.0,0.0,0.0,0.0,0.0,0.0,0.13905921319694592,-0.5836630322583797,0.5
19.155,TRACK,-0.2766968011856079,-0.8668139576911926,-0.35334518551826477,0.0,0.0,0.0,0.2988944351673126,-0.09686394035816193,-0.5161464214324951,0.0,0.0,0.0,0.0,0.0,0.0,0.0,0.23975271613081828,-0.5500169407462785,0.5,0.40489843487739563,-0.294408917427063,-0.05751539021730423,0.0,0.0,0.0,-0.005535082425922155,-0.005535082425922155,0.2476949393749237,0.0,0.0,0.0,0.0,0.0,0.0,0.0,0.5975537595483087,-0.05412489676370797,0.5,0.58761066198349,-0.22921514511108398,0.03696530684828758,0.0,0.0,0.0,0.004151311703026295,-0.0013837706064805388,0.6282318234443665,0.0,0.0,0.0,0.0,0.0,0.0,0.0,0.13887410059696764,-0.5837071047909074,0.5
19.175,TRACK,-0.2766968011856079,-0.8668139576911926,-0.35334518551826477,0.0,0.0,0.0,0.2988944351673126,-0.09686394035816193,-0.5161464214324951,0.0,0.0,0.0,0.0,0.0,0.0,0.0,0.23984094777499687,-0.5499784720972187,0.5,0.40489843487739563,-0.294408917427063,-0.05751539021730423,0.0,0.0,0.0,-0.005535082425922155,-0.005535082425922155,0.2476949393749237,0.0,0.0,0.0,0.0,0.0,0.0,0.0,0.5966555444836527,-0.06326263697409341,0.5,0.58761066198349,-0.22921514511108398,0.03696530684828758,0.0,0.0,0.0,0.004151311703026295,-0.0013837706064805388,0.6282318234443665,0.0,0.0,0.0,0.0,0.0,0.0,0.0,0.13869008482995498,-0.5837508547058924,0.5
19.195,TRACK,-0.2766968011856079,-0.8668139576911926,-0.35334518551826477,0.0,0.0,0.0,0.2988944351673126,-0.09686394035816193,-0.5161464214324951,0.0,0.0,0.0,0.0,0.0,0.0,0.0,0.2399286439124081,-0.5499402202333931,0.5,0.4059048295021057,-0.29653629660606384,-0.060121793299913406,0.0,0.0,0.0,-0.004151311703026295,-0.005535082425922155,0.2476949393749237,0.0,0.0,0.0,0.0,0.0,0.0,0.0,0.5956242479861201,-0.07233087315226339,0.5,0.58761066198349,-0.22921514511108398,0.03696530684828758,0.0,0.0,0.0,0.004151311703026295,-0.0013837706064805388,0.6282318234443665,0.0,0.0,0.0,0.0,0.0,0.0,0.0,0.13849929412552095,-0.5837961506611126,0.5
19.215,TRACK,-0.2766968011856079,-0.8668139576911926,-0.35334518551826477,0.0,0.0,0.0,0.2988944351673126,-0.09686394035816193,-0.5161464214324951,0.0,0.0,0.0,0.0,0.0,0.0,0.0,0.24001532238562306,-0.5499023959032415,0.5,0.4059048295021057,-0.29653629660606384,-0.060121793299913406,0.0,0.0,0.0,-0.004151311703026295,-0.005535082425922155,0.2476949393749237,0.0,0.0,0.0,0.0,0.0,0.0,0.0,0.5944625615928976,-0.08132811853480013,0.5,0.5835573077201843,-0.22773294150829315,0.0332818329334259,0.0,0.0,0.0,0.0027675412129610777,-0.0027675412129610777,0.6282318234443665,0.0,0.0,0.0,0.0,0.0,0.0,0.0,0.13830963350457146,-0.5838411130434642,0.5
19.235,TRACK,-0.2766968011856079,-0.8668139576911926,-0.35334518551826477,0.0,0.0,0.0,0.2988944351673126,-0.09686394035816193,-0.5161464214324951,0.0,0.0,0.0,0.0,0.0,0.0,0.0,0.24010147487862302,-0.5498647849800076,0.5,0.4059048295021057,-0.29653629660606384,-0.060121793299913406,0.0,0.0,0.0,-0.004151311703026295,-0.005535082425922155,0.2476949393749237,0.0,0.0,0.0,0.0,0.0,0.0,0.0,0.5931731647579294,-0.09025295901554879,0.5,0.5835573077201843,-0.22773294150829315,0.0332818329334259,0.0,0.0,0.0,0.0027675412129610777,-0.0027675412129610777,0.6282318234443665,0.0,0.0,0.0,0.0,0.0,0.0,0.0,0.13812109638184297,-0.5838857445890229,0.5
19.255,TRACK,-0.5291736125946045,-1.379441261291504,-0.7723907232284546,0.0,0.0,0.0,0.26153263449668884,-0.07195606827735901,-0.5479731559753418,0.0,0.0,0.0,0.0,0.0,0.0,0.0,0.24018710461589324,-0.5498273863461458,0.5,0.4059048295021057,-0.29653629660606384,-0.060121793299913406,0.0,0.0,0.0,-0.004151311703026295,-0.005535082425922155,0.2476949393749237,0.0,0.0,0.0,0.0,0.0,0.0,0.0,0.591724608156349,-0.09930754302778447,0.5,0.5835573077201843,-0.22773294150829315,0.0332818329334259,0.0,0.0,0.0,0.0027675412129610777,-0.0027675412129610777,0.6282318234443665,0.0,0.0,0.0,0.0,0.0,0.0,0.0,0.13793367620889463,-0.5839300480087489,0.5
19.275,TRACK,-0.5291736125946045,-1.379441261291504,-0.7723907232284546,0.0,0.0,0.0,0.26153263449668884,-0.07195606827735901,-0.5479731559753418,0.0,0.0,0.0,0.0,0.0,0.0,0.0,0.24027221480178895,-0.5497901988888516,0.5,0.4059048295021057,-0.29653629660606384,-0.060121793299913406,0.0,0.0,0.0,-0.004151311703026295,-0.005535082425922155,0.2476949393749237,0.0,0.0,0.0,0.0,0.0,0.0,0.0,0.5901477767211076,-0.10828481717735744,0.5,0.5835573077201843,-0.22773294150829315,0.0332818329334259,0.0,0.0,0.0,0.0027675412129610777,-0.0027675412129610777,0.6282318234443665,0.0,0.0,0.0,0.0,0.0,0.0,0.0,0.13774736647392494,-0.5839740259887405,0.5
19.295,TRACK,-0.5291736125946045,-1.379441261291504,-0.7723907232284546,0.0,0.0,0.0,0.26153263449668884,-0.07195606827735901,-0.5479731559753418,0.0,0.0,0.0,0.0,0.0,0.0,0.0,0.24035736327538282,-0.5497529789999374,0.5,0.40549013018608093,-0.2983398735523224,-0.055204764008522034,0.0,0.0,0.0,-0.0013837706064805388,-0.006918853148818016,0.2476949393749237,0.0,0.0,0.0,0.0,0.0,0.0,0.0,0.5884454392947935,-0.11718346714941236,0.5,0.5836325883865356,-0.2276492416858673,0.031234832480549812,0.0,0.0,0.0,0.0027675412129610777,-0.0027675412129610777,0.6282318234443665,0.0,0.0,0.0,0.0,0.0,0.0,0.0,0.13755032079228036,-0.5840204698894901,0.5
19.315,TRACK,-0.5291736125946045,-1.379441261291504,-0.7723907232284546,0.0,0.0,0.0,0.26153263449668884,-0.07195606827735901,-0.5479731559753418,0.0,0.0,0.0,0.0,0.0,0.0,0.0,0.2404419951442987,-0.5497159693614776,0.5,0.40549013018608093,-0.2983398735523224,-0.055204764008522034,0.0,0.0,0.0,-0.0013837706064805388,-0.006918853148818016,0.2476949393749237,0.0,0.0,0.0,0.0,0.0,0.0,0.0,0.5866203482366895,-0.12600225011746838,0.5,0.5836325883865356,-0.2276492416858673,0.031234832480549812,0.0,0.0,0.0,0.0027675412129610777,-0.0027675412129610777,0.6282318234443665,0.0,0.0,0.0,0.0,0.0,0.0,0.0,0.13735444186597964,-0.5840665692364914,0.5
19.335,TRACK,-0.5291736125946045,-1.379441261291504,-0.7723907232284546,0.0,0.0,0.0,0.26153263449668884,-0.07195606827735901,-0.5479731559753418,0.0,0.0,0.0,0.0,0.0,0.0,0.0,0.240526113574537,-0.549679168869195,0.5,0.40549013018608093,-0.2983398735523224,-0.055204764008522034,0.0,0.0,0.0,-0.0013837706064805388,-0.006918853148818016,0.2476949393749237,0.0,0.0,0.0,0.0,0.0,0.0,0.0,0.5846752382786053,-0.13473999311212687,0.5,0.5836325883865356,-0.2276492416858673,0.031234832480549812,0.0,0.0,0.0,0.0027675412129610777,-0.0027675412129610777,0.6282318234443665,0.0,0.0,0.0,0.0,0.0,0.0,0.0,0.13715972290199233,-0.5841123268802403,0.5
19.355,TRACK,-0.7524316310882568,-1.969021201133728,-1.248375654220581,0.0,0.0,0.0,0.2227870672941208,-0.05535082519054413,-0.5811836123466492,0.0,0.0,0.0,0.0,0.0,0.0,0.0,0.24060972171234396,-0.5496425764235412,0.5,0.40549013018608093,-0.2983398735523224,-0.055204764008522034,0.0,0.0,0.0,-0.0013837706064805388,-0.006918853148818016,0.2476949393749237,0.0,0.0,0.0,0.0,0.0,0.0,0.0,0.5826128254399514,-0.1433955913997244,0.5,0.5836325883865356,-0.2276492416858673,0.031234832480549812,0.0,0.0,0.0,0.0027675412129610777,-0.0027675412129610777,0.6282318234443665,0.0,0.0,0.0,0.0,0.0,0.0,0.0,0.13696615714517466,-0.5841577456448586,0.5
19.375,TRACK,-0.7524316310882568,-1.969021201133728,-1.248375654220581,0.0,0.0,0.0,0.2227870672941208,-0.05535082519054413,-0.5811836123466492,0.0,0.0,0.0,0.0,0.0,0.0,0.0,0.24069282268433828,-0.5496061909296925,0.5,0.40549013018608093,-0.2983398735523224,-0.055204764008522034,0.0,0.0,0.0,-0.0013837706064805388,-0.006918853148818016,0.2476949393749237,0.0,0.0,0.0,0.0,0.0,0.0,0.0,0.5804369826118386,-0.15196351278008866,0.5,0.5836325883865356,-0.2276492416858673,0.031234832480549812,0.0,0.0,0.0,0.0027675412129610777,-0.0027675412129610777,0.6282318234443665,0.0,0.0,0.0,0.0,0.0,0.0,0.0,0.13677373787808325,-0.5842028283283618,0.5
19.395,TRACK,-0.7524316310882568,-1.969021201133728,-1.248375654220581,0.0,0.0,0.0,0.2227870672941208,-0.05535082519054413,-0.5811836123466492,0.0,0.0,0.0,0.0,0.0,0.0,0.0,0.24077655882575794,-0.5495695121820591,0.5,0.405646950006485,-0.29684555530548096,-0.06014210358262062,0.0,0.0,0.0,-0.0027675412129610777,-0.006918853148818016,0.2476949393749237,0.0,0.0,0.0,0.0,0.0,0.0,0.0,0.5781493327057549,-0.16044734055723806,0.5,0.5856469869613647,-0.22820188105106354,0.03169798478484154,0.0,0.0,0.0,0.0027675412129610777,-0.0027675412129610777,0.6282318234443665,0.0,0.0,0.0,0.0,0.0,0.0,0.0,0.13659150054784852,-0.5842454638061703,0.5
19.415,TRACK,-0.7524316310882568,-1.969021201133728,-1.248375654220581,0.0,0.0,0.0,0.2227870672941208,-0.05535082519054413,-0.5811836123466492,0.0,0.0,0.0,0.0,0.0,0.0,0.0,0.2408597870111286,-0.5495330408637443,0.5,0.405646950006485,-0.29684555530548096,-0.06014210358262062,0.0,0.0,0.0,-0.0027675412129610777,-0.006918853148818016,0.2476949393749237,0.0,0.0,0.0,0.0,0.0,0.0,0.0,0.5757525265632738,-0.16884616713448578,0.5,0.5856469869613647,-0.22820188105106354,0.03169798478484154,0.0,0.0,0.0,0.0027675412129610777,-0.0027675412129610777,0.6282318234443665,0.0,0.0,0.0,0.0,0.0,0.0,0.0,0.13641034347049508,-0.5842877871342695,0.5
19.435,TRACK,-0.7524316310882568,-1.969021201133728,-1.248375654220581,0.0,0.0,0.0,0.2227870672941208,-0.05535082519054413,-0.5811836123466492,0.0,0.0,0.0,0.0,0.0,0.0,0.0,0.24094251035256578,-0.5494967758822645,0.5,0.405646950006485,-0.29684555530548096,-0.06014210358262062,0.0,0.0,0.0,-0.0027675412129610777,-0.006918853148818016,0.2476949393749237,0.0,0.0,0.0,0.0,0.0,0.0,0.0,0.5732491925403033,-0.17715914667860175,0.5,0.5856469869613647,-0.22820188105106354,0.03169798478484154,0.0,0.0,0.0,0.0027675412129610777,-0.0027675412129610777,0.6282318234443665,0.0,0.0,0.0,0.0,0.0,0.0,0.0,0.13623026033934418,-0.5843298008555395,0.5
19.455,TRACK,-0.9460394978523254,-2.6409053802490234,-1.78019380569458,0.0,0.0,0.0,0.19926296174526215,-0.03321049362421036,-0.6130103468894958,0.0,0.0,0.0,0.0,0.0,0.0,0.0,0.24102473194277602,-0.5494607161498563,0.5,0.405646950006485,-0.29684555530548096,-0.06014210358262062,0.0,0.0,0.0,-0.0027675412129610777,-0.006918853148818016,0.2476949393749237,0.0,0.0,0.0,0.0,0.0,0.0,0.0,0.5706653202424137,-0.18531349727589558,0.5,0.5856469869613647,-0.22820188105106354,0.03169798478484154,0.0,0.0,0.0,0.0027675412129610777,-0.0027675412129610777,0.6282318234443665,0.0,0.0,0.0,0.0,0.0,0.0,0.0,0.13605124488315803,-0.5843715074896645,0.5
19.475,TRACK,-0.9460394978523254,-2.6409053802490234,-1.78019380569458,0.0,0.0,0.0,0.19926296174526215,-0.03321049362421036,-0.6130103468894958,0.0,0.0,0.0,0.0,0.0,0.0,0.0,0.24110645485518145,-0.5494248605834708,0.5,0.405646950006485,-0.29684555530548096,-0.06014210358262062,0.0,0.0,0.0,-0.0027675412129610777,-0.006918853148818016,0.2476949393749237,0.0,0.0,0.0,0.0,0.0,0.0,0.0,0.5679820044453235,-0.193381598468604,0.5,0.5856469869613647,-0.22820188105106354,0.03169798478484154,0.0,0.0,0.0,0.0027675412129610777,-0.0027675412129610777,0.6282318234443665,0.0,0.0,0.0,0.0,0.0,0.0,0.0,0.13587329086596078,-0.5844129095333658,0.5
19.495,TRACK,-0.9460394978523254,-2.6409053802490234,-1.78019380569458,0.0,0.0,0.0,0.19926296174526215,-0.03321049362421036,-0.6130103468894958,0.0,0.0,0.0,0.0,0.0,0.0,0.0,0.24118768214404374,-0.5493892081047677,0.5,0.40510067343711853,-0.2970392405986786,-0.05833784490823746,0.0,0.0,0.0,-0.0027675412129610777,-0.006918853148818016,0.2476949393749237,0.0,0.0,0.0,0.0,0.0,0.0,0.0,0.5652017509885152,-0.2013628085807216,0.5,0.5856469869613647,-0.22820188105106354,0.03169798478484154,0.0,0.0,0.0,0.0027675412129610777,-0.0027675412129610777,0.6282318234443665,0.0,0.0,0.0,0.0,0.0,0.0,0.0,0.13569639208686124,-0.5844540094606323,0.5
19.515,TRACK,-0.9460394978523254,-2.6409053802490234,-1.78019380569458,0.0,0.0,0.0,0.19926296174526215,-0.03321049362421036,-0.6130103468894958,0.0,0.0,0.0,0.0,0.0,0.0,0.0,0.24126478033346513,-0.5493553547301098,0.5,0.40510067343711853,-0.2970392405986786,-0.05833784490823746,0.0,0.0,0.0,-0.0027675412129610777,-0.006918853148818016,0.2476949393749237,0.0,0.0,0.0,0.0,0.0,0.0,0.0,0.5623270405094021,-0.20925653995021815,0.5,0.5880957245826721,-0.2299037128686905,0.03644615784287453,0.0,0.0,0.0,0.004151311703026295,-0.0027675412129610777,0.6282318234443665,0.0,0.0,0.0,0.0,0.0,0.0,0.0,0.13551719895106526,-0.584495584917848,0.5
19.535,TRACK,-0.9460394978523254,-2.6409053802490234,-1.78019380569458,0.0,0.0,0.0,0.19926296174526215,-0.03321049362421036,-0.6130103468894958,0.0,0.0,0.0,0.0,0.0,0.0,0.0,0.24134141122473518,-0.5493216937533536,0.5,0.40510067343711853,-0.2970392405986786,-0.05833784490823746,0.0,0.0,0.0,-0.0027675412129610777,-0.006918853148818016,0.2476949393749237,0.0,0.0,0.0,0.0,0.0,0.0,0.0,0.5593603278545315,-0.21706225748036226,0.5,0.5880957245826721,-0.2299037128686905,0.03644615784287453,0.0,0.0,0.0,0.004151311703026295,-0.0027675412129610777,0.6282318234443665,0.0,0.0,0.0,0.0,0.0,0.0,0.0,0.13533906835033782,-0.5845368564753317,0.5
19.555,TRACK,-1.1115916967391968,-3.3971567153930664,-2.369076728820801,0.0,0.0,0.0,0.15083099901676178,-0.01660524681210518,-0.6738962531089783,0.0,0.0,0.0,0.0,0.0,0.0,0.0,0.24141757767650357,-0.549288224149043,0.5,0.40510067343711853,-0.2970392405986786,-0.05833784490823746,0.0,0.0,0.0,-0.0027675412129610777,-0.006918853148818016,0.2476949393749237,0.0,0.0,0.0,0.0,0.0,0.0,0.0,0.5563414624674974,-0.2246868423818496,0.5,0.5880957245826721,-0.2299037128686905,0.03644615784287453,0.0,0.0,0.0,0.004151311703026295,-0.0027675412129610777,0.6282318234443665,0.0,0.0,0.0,0.0,0.0,0.0,0.0,0.13516199407689378,-0.5845778266040867,0.5
19.575,TRACK,-1.1115916967391968,-3.3971567153930664,-2.369076728820801,0.0,0.0,0.0,0.15083099901676178,-0.01660524681210518,-0.6738962531089783,0.0,0.0,0.0,0.0,0.0,0.0,0.0,0.2414932825296383,-0.5492549448963207,0.5,0.40510067343711853,-0.2970392405986786,-0.05833784490823746,0.0,0.0,0.0,-0.0027675412129610777,-0.006918853148818016,0.2476949393749237,0.0,0.0,0.0,0.0,0.0,0.0,0.0,0.5532377182318986,-0.23222408816822251,0.5,0.5880957245826721,-0.2299037128686905,0.03644615784287453,0.0,0.0,0.0,0.004151311703026295,-0.0027675412129610777,0.6282318234443665,0.0,0.0,0.0,0.0,0.0,0.0,0.0,0.1349859699578996,-0.5846184977526155,0.5
19.595,TRACK,-1.1115916967391968,-3.3971567153930664,-2.369076728820801,0.0,0.0,0.0,0.15083099901676178,-0.01660524681210518,-0.6738962531089783,0.0,0.0,0.0,0.0,0.0,0.0,0.0,0.24157102349650625,-0.5492207576256112,0.5,0.4043532609939575,-0.29175207018852234,-0.06846314668655396,0.0,0.0,0.0,-0.004151311703026295,-0.006918853148818016,0.24631115794181824,0.0,0.0,0.0,0.0,0.0,0.0,0.0,0.5500514042645469,-0.23967363782151768,0.5,0.583138644695282,-0.22745703160762787,0.03211146220564842,0.0,0.0,0.0,0.0027675412129610777,-0.004151311703026295,0.6282318234443665,0.0,0.0,0.0,0.0,0.0,0.0,0.0,0.134837877741651,-0.5846526718711953,0.5
19.615,TRACK,-1.1115916967391968,-3.3971567153930664,-2.369076728820801,0.0,0.0,0.0,0.15083099901676178,-0.01660524681210518,-0.6738962531089783,0.0,0.0,0.0,0.0,0.0,0.0,0.0,0.241648293221287,-0.5491867645739825,0.5,0.4043532609939575,-0.29175207018852234,-0.06846314668655396,0.0,0.0,0.0,-0.004151311703026295,-0.006918853148818016,0.24631115794181824,0.0,0.0,0.0,0.0,0.0,0.0,0.0,0.5467848024260512,-0.24703517934882088,0.5,0.583138644695282,-0.22745703160762787,0.03211146220564842,0.0,0.0,0.0,0.0027675412129610777,-0.004151311703026295,0.6282318234443665,0.0,0.0,0.0,0.0,0.0,0.0,0.0,0.1346906655046034,-0.5846866037681443,0.5
19.635,TRACK,-1.1115916967391968,-3.3971567153930664,-2.369076728820801,0.0,0.0,0.0,0.15083099901676178,-0.01660524681210518,-0.6738962531089783,0.0,0.0,0.0,0.0,0.0,0.0,0.0,0.2417250945873003,-0.5491529647072487,0.5,0.4043532609939575,-0.29175207018852234,-0.06846314668655396,0.0,0.0,0.0,-0.004151311703026295,-0.006918853148818016,0.24631115794181824,0.0,0.0,0.0,0.0,0.0,0.0,0.0,0.5434401669614113,-0.2543084444782623,0.5,0.583138644695282,-0.22745703160762787,0.03211146220564842,0.0,0.0,0.0,0.0027675412129610777,-0.004151311703026295,0.6282318234443665,0.0,0.0,0.0,0.0,0.0,0.0,0.0,0.134544328078711,-0.5847202953394453,0.5
19.655,TRACK,-1.245803952217102,-4.240214824676514,-3.019566535949707,0.0,0.0,0.0,0.08717754483222961,0.015221476554870605,-0.6752800941467285,0.0,0.0,0.0,0.0,0.0,0.0,0.0,0.24180143045992436,-0.5491193569958487,0.5,0.4043532609939575,-0.29175207018852234,-0.06846314668655396,0.0,0.0,0.0,-0.004151311703026295,-0.006918853148818016,0.24631115794181824,0.0,0.0,0.0,0.0,0.0,0.0,0.0,0.5400675155151655,-0.26139448862834963,0.5,0.583138644695282,-0.22745703160762787,0.03211146220564842,0.0,0.0,0.0,0.0027675412129610777,-0.004151311703026295,0.6282318234443665,0.0,0.0,0.0,0.0,0.0,0.0,0.0,0.13439886032543352,-0.5847537484644494,0.5
19.675,TRACK,-1.245803952217102,-4.240214824676514,-3.019566535949707,0.0,0.0,0.0,0.08717754483222961,0.015221476554870605,-0.6752800941467285,0.0,0.0,0.0,0.0,0.0,0.0,0.0,0.2418773036867113,-0.5490859404148374,0.5,0.4043532609939575,-0.29175207018852234,-0.06846314668655396,0.0,0.0,0.0,-0.004151311703026295,-0.006918853148818016,0.24631115794181824,0.0,0.0,0.0,0.0,0.0,0.0,0.0,0.5366235369238358,-0.26839370264473894,0.5,0.583138644695282,-0.22745703160762787,0.03211146220564842,0.0,0.0,0.0,0.0027675412129610777,-0.004151311703026295,0.6282318234443665,0.0,0.0,0.0,0.0,0.0,0.0,0.0,0.13425425713557998,-0.5847869650060383,0.5
19.695,TRACK,-1.245803952217102,-4.240214824676514,-3.019566535949707,0.0,0.0,0.0,0.08717754483222961,0.015221476554870605,-0.6752800941467285,0.0,0.0,0.0,0.0,0.0,0.0,0.0,0.2419420540087462,-0.5490574127557417,0.5,0.40548214316368103,-0.2981035113334656,-0.06137823686003685,0.0,0.0,0.0,-0.0,-0.006918853148818016,0.24631115794181824,0.0,0.0,0.0,0.0,0.0,0.0,0.0,0.5331103314709996,-0.2753059652075865,0.5,0.5959264039993286,-0.23467016220092773,0.025552205741405487,0.0,0.0,0.0,0.0027675412129610777,-0.0013837706064805388,0.6282318234443665,0.0,0.0,0.0,0.0,0.0,0.0,0.0,0.13407920648364893,-0.58482712521626,0.5
19.715,TRACK,-1.245803952217102,-4.240214824676514,-3.019566535949707,0.0,0.0,0.0,0.08717754483222961,0.015221476554870605,-0.6752800941467285,0.0,0.0,0.0,0.0,0.0,0.0,0.0,0.242006412494443,-0.5490290486955763,0.5,0.40548214316368103,-0.2981035113334656,-0.06137823686003685,0.0,0.0,0.0,-0.0,-0.006918853148818016,0.24631115794181824,0.0,0.0,0.0,0.0,0.0,0.0,0.0,0.5295299713878215,-0.28213119182751295,0.5,0.5959264039993286,-0.23467016220092773,0.025552205741405487,0.0,0.0,0.0,0.0027675412129610777,-0.0013837706064805388,0.6282318234443665,0.0,0.0,0.0,0.0,0.0,0.0,0.0,0.13390519423016423,-0.5848669925360653,0.5
19.735,TRACK,-1.245803952217102,-4.240214824676514,-3.019566535949707,0.0,0.0,0.0,0.08717754483222961,0.015221476554870605,-0.6752800941467285,0.0,0.0,0.0,0.0,0.0,0.0,0.0,0.2420703815338362,-0.5490008473436657,0.5,0.40548214316368103,-0.2981035113334656,-0.06137823686003685,0.0,0.0,0.0,-0.0,-0.006918853148818016,0.24631115794181824,0.0,0.0,0.0,0.0,0.0,0.0,0.0,0.5258845006757393,-0.2888693336943682,0.5,0.5959264039993286,-0.23467016220092773,0.025552205741405487,0.0,0.0,0.0,0.0027675412129610777,-0.0013837706064805388,0.6282318234443665,0.0,0.0,0.0,0.0,0.0,0.0,0.0,0.13373221430243873,-0.5849065693405799,0.5
19.755,TRACK,0.8771139979362488,0.715533971786499,1.411874532699585,0.0,0.0,0.0,0.03736180439591408,-0.058118365705013275,0.7827054858207703,0.0,0.0,0.0,0.0,0.0,0.0,0.0,0.24213396350216915,-0.5489728078135839,0.5,0.40548214316368103,-0.2981035113334656,-0.06137823686003685,0.0,0.0,0.0,-0.0,-0.006918853148818016,0.24631115794181824,0.0,0.0,0.0,0.0,0.0,0.0,0.0,0.5221759349550069,-0.2955203765459573,0.5,0.5959264039993286,-0.23467016220092773,0.025552205741405487,0.0,0.0,0.0,0.0027675412129610777,-0.0013837706064805388,0.6282318234443665,0.0,0.0,0.0,0.0,0.0,0.0,0.0,0.13356026066206253,-0.5849458579833537,0.5
19.775,TRACK,0.8771139979362488,0.715533971786499,1.411874532699585,0.0,0.0,0.0,0.03736180439591408,-0.058118365705013275,0.7827054858207703,0.0,0.0,0.0,0.0,0.0,0.0,0.0,0.24219716075998757,-0.5489449292231423,0.5,0.40548214316368103,-0.2981035113334656,-0.06137823686003685,0.0,0.0,0.0,-0.0,-0.006918853148818016,0.24631115794181824,0.0,0.0,0.0,0.0,0.0,0.0,0.0,0.5229511515242623,-0.2941463804289422,0.5,0.5959264039993286,-0.23467016220092773,0.025552205741405487,0.0,0.0,0.0,0.0027675412129610777,-0.0013837706064805388,0.6282318234443665,0.0,0.0,0.0,0.0,0.0,0.0,0.0,0.133389327304728,-0.5849848607965783,0.5
19.795,TRACK,0.8771139979362488,0.715533971786499,1.411874532699585,0.0,0.0,0.0,0.03736180439591408,-0.058118365705013275,0.7827054858207703,0.0,0.0,0.0,0.0,0.0,0.0,0.0,0.242259975653233,-0.5489172106943768,0.5,0.4050613343715668,-0.2988016605377197,-0.05484728887677193,0.0,0.0,0.0,-0.0013837706064805388,-0.006918853148818016,0.2476949393749237,0.0,0.0,0.0,0.0,0.0,0.0,0.0,0.5237181339044906,-0.2927786129818878,0.5,0.5959264039993286,-0.23467016220092773,0.025552205741405487,0.0,0.0,0.0,0.0027675412129610777,-0.0013837706064805388,0.6282318234443665,0.0,0.0,0.0,0.0,0.0,0.0,0.0,0.13321374739641856,-0.5850248691334439,0.5
19.815,TRACK,0.8771139979362488,0.715533971786499,1.411874532699585,0.0,0.0,0.0,0.03736180439591408,-0.058118365705013275,0.7827054858207703,0.0,0.0,0.0,0.0,0.0,0.0,0.0,0.2423407004047049,-0.5488815764145824,0.5,0.4050613343715668,-0.2988016605377197,-0.05484728887677193,0.0,0.0,0.0,-0.0013837706064805388,-0.006918853148818016,0.2476949393749237,0.0,0.0,0.0,0.0,0.0,0.0,0.0,0.5244769691744168,-0.2914170702028586,0.5,0.5883573889732361,-0.22792352735996246,0.024274766445159912,0.0,0.0,0.0,-0.0013837706064805388,-0.0027675412129610777,0.6282318234443665,0.0,0.0,0.0,0.0,0.0,0.0,0.0,0.13303920907535352,-0.5850645851943223,0.5
19.835,TRACK,0.8771139979362488,0.715533971786499,1.411874532699585,0.0,0.0,0.0,0.03736180439591408,-0.058118365705013275,0.7827054858207703,0.0,0.0,0.0,0.0,0.0,0.0,0.0,0.24242093561326614,-0.5488461441755683,0.5,0.4050613343715668,-0.2988016605377197,-0.05484728887677193,0.0,0.0,0.0,-0.0013837706064805388,-0.006918853148818016,0.2476949393749237,0.0,0.0,0.0,0.0,0.0,0.0,0.0,0.5252277435561772,-0.29006174756228453,0.5,0.5883573889732361,-0.22792352735996246,0.024274766445159912,0.0,0.0,0.0,-0.0013837706064805388,-0.0027675412129610777,0.6282318234443665,0.0,0.0,0.0,0.0,0.0,0.0,0.0,0.13286570624968275,-0.5851040113541975,0.5
19.855,TRACK,0.81065434217453,0.6359269618988037,1.3445206880569458,0.0,0.0,0.0,-0.027675412595272064,-0.16743624210357666,0.8651831746101379,0.0,0.0,0.0,0.0,0.0,0.0,0.0,0.24250068427662075,-0.5488109129065954,0.5,0.4050613343715668,-0.2988016605377197,-0.05484728887677193,0.0,0.0,0.0,-0.0013837706064805388,-0.006918853148818016,0.2476949393749237,0.0,0.0,0.0,0.0,0.0,0.0,0.0,0.5259374588011532,-0.2887729028662233,0.5,0.5883573889732361,-0.22792352735996246,0.024274766445159912,0.0,0.0,0.0,-0.0013837706064805388,-0.0027675412129610777,0.6282318234443665,0.0,0.0,0.0,0.0,0.0,0.0,0.0,0.13269323286194654,-0.5851431499664379,0.5
19.875,TRACK,0.81065434217453,0.6359269618988037,1.3445206880569458,0.0,0.0,0.0,-0.027675412595272064,-0.16743624210357666,0.8651831746101379,0.0,0.0,0.0,0.0,0.0,0.0,0.0,0.24257994937379398,-0.5487758815416431,0.5,0.4050613343715668,-0.2988016605377197,-0.05484728887677193,0.0,0.0,0.0,-0.0013837706064805388,-0.006918853148818016,0.2476949393749237,0.0,0.0,0.0,0.0,0.0,0.0,0.0,0.526639781508931,-0.2874900703193509,0.5,0.5883573889732361,-0.22792352735996246,0.024274766445159912,0.0,0.0,0.0,-0.0013837706064805388,-0.0027675412129610777,0.6282318234443665,0.0,0.0,0.0,0.0,0.0,0.0,0.0,0.1325217828888998,-0.5851820033630112,0.5
19.895,TRACK,0.81065434217453,0.6359269618988037,1.3445206880569458,0.0,0.0,0.0,-0.027675412595272064,-0.16743624210357666,0.8651831746101379,0.0,0.0,0.0,0.0,0.0,0.0,0.0,0.24265873386525189,-0.5487410490194011,0.5,0.40472185611724854,-0.29938435554504395,-0.05357207730412483,0.0,0.0,0.0,-0.0013837706064805388,-0.006918853148818016,0.2476949393749237,0.0,0.0,0.0,0.0,0.0,0.0,0.0,0.5273347893974201,-0.2862132419913142,0.5,0.5819861888885498,-0.22529518604278564,0.02749449387192726,0.0,0.0,0.0,-0.0013837706064805388,-0.004151311703026295,0.6282318234443665,0.0,0.0,0.0,0.0,0.0,0.0,0.0,0.13235135034133683,-0.5852205738547003,0.5
19.915,TRACK,0.81065434217453,0.6359269618988037,1.3445206880569458,0.0,0.0,0.0,-0.027675412595272064,-0.16743624210357666,0.8651831746101379,0.0,0.0,0.0,0.0,0.0,0.0,0.0,0.24273782877162414,-0.5487060656519459,0.5,0.40472185611724854,-0.29938435554504395,-0.05357207730412483,0.0,0.0,0.0,-0.0013837706064805388,-0.006918853148818016,0.2476949393749237,0.0,0.0,0.0,0.0,0.0,0.0,0.0,0.5280225594111032,-0.28494240953734495,0.5,0.5819861888885498,-0.22529518604278564,0.02749449387192726,0.0,0.0,0.0,-0.0013837706064805388,-0.004151311703026295,0.6282318234443665,0.0,0.0,0.0,0.0,0.0,0.0,0.0,0.13217725265727956,-0.5852599199329932,0.5
19.935,TRACK,0.81065434217453,0.6359269618988037,1.3445206880569458,0.0,0.0,0.0,-0.027675412595272064,-0.16743624210357666,0.8651831746101379,0.0,0.0,0.0,0.0,0.0,0.0,0.0,0.24281644411041667,-0.5486712808864456,0.5,0.40472185611724854,-0.29938435554504395,-0.05357207730412483,0.0,0.0,0.0,-0.0013837706064805388,-0.006918853148818016,0.2476949393749237,0.0,0.0,0.0,0.0,0.0,0.0,0.0,0.5287031677272993,-0.2836775642082384,0.5,0.5819861888885498,-0.22529518604278564,0.02749449387192726,0.0,0.0,0.0,-0.0013837706064805388,-0.004151311703026295,0.6282318234443665,0.0,0.0,0.0,0.0,0.0,0.0,0.0,0.13200418796736285,-0.5852989786075806,0.5
19.955,TRACK,0.7110780477523804,0.5145314931869507,1.2439625263214111,0.0,0.0,0.0,-0.08994509279727936,-0.24907870590686798,0.8587498068809509,0.0,0.0,0.0,0.0,0.0,0.0,0.0,0.2428945828172334,-0.5486366936671682,0.5,0.40472185611724854,-0.29938435554504395,-0.05357207730412483,0.0,0.0,0.0,-0.0013837706064805388,-0.006918853148818016,0.2476949393749237,0.0,0.0,0.0,0.0,0.0,0.0,0.0,0.5293109141804789,-0.28254195463581266,0.5,0.5819861888885498,-0.22529518604278564,0.02749449387192726,0.0,0.0,0.0,-0.0013837706064805388,-0.004151311703026295,0.6282318234443665,0.0,0.0,0.0,0.0,0.0,0.0,0.0,0.13183215022730435,-0.5853377522135792,0.5
19.975,TRACK,0.7110780477523804,0.5145314931869507,1.2439625263214111,0.0,0.0,0.0,-0.08994509279727936,-0.24907870590686798,0.8587498068809509,0.0,0.0,0.0,0.0,0.0,0.0,0.0,0.24297224780939697,-0.5486023029430782,0.5,0.40472185611724854,-0.29938435554504395,-0.05357207730412483,0.0,0.0,0.0,-0.0013837706064805388,-0.006918853148818016,0.2476949393749237,0.0,0.0,0.0,0.0,0.0,0.0,0.0,0.5299125968798218,-0.28141186838526083,0.5,0.5819861888885498,-0.22529518604278564,0.02749449387192726,0.0,0.0,0.0,-0.0013837706064805388,-0.004151311703026295,0.6282318234443665,0.0,0.0,0.0,0.0,0.0,0.0,0.0,0.1316611334269817,-0.5853762430648536,0.5
19.995,TRACK,0.7110780477523804,0.5145314931869507,1.2439625263214111,0.0,0.0,0.0,-0.08994509279727936,-0.24907870590686798,0.8587498068809509,0.0,0.0,0.0,0.0,0.0,0.0,0.0,0.24304944198606593,-0.5485681076678283,0.5,0.4039729833602905,-0.2926393151283264,-0.06552174687385559,0.0,0.0,0.0,-0.004151311703026295,-0.006918853148818016,0.2476949393749237,0.0,0.0,0.0,0.0,0.0,0.0,0.0,0.5305082784131483,-0.28028729285345333,0.5,0.5819861888885498,-0.22529518604278564,0.02749449387192726,0.0,0.0,0.0,-0.0013837706064805388,-0.004151311703026295,0.6282318234443665,0.0,0.0,0.0,0.0,0.0,0.0,0.0,0.13149113159025688,-0.585414453454229,0.5
20.015,TRACK,0.7110780477523804,0.5145314931869507,1.2439625263214111,0.0,0.0,0.0,-0.08994509279727936,-0.24907870590686798,0.8587498068809509,0.0,0.0,0.0,0.0,0.0,0.0,0.0,0.24312122984397022,-0.5485362956078251,0.5,0.4039729833602905,-0.2926393151283264,-0.06552174687385559,0.0,0.0,0.0,-0.004151311703026295,-0.006918853148818016,0.2476949393749237,0.0,0.0,0.0,0.0,0.0,0.0,0.0,0.5310980207384686,-0.2791682151816019,0.5,0.5835105776786804,-0.2268926352262497,0.028616888448596,0.0,0.0,0.0,0.0027675412129610777,-0.0027675412129610777,0.6282318234443665,0.0,0.0,0.0,0.0,0.0,0.0,0.0,0.13135718871664862,-0.5854445225403162,0.5
20.035,TRACK,0.7110780477523804,0.5145314931869507,1.2439625263214111,0.0,0.0,0.0,-0.08994509279727936,-0.24907870590686798,0.8587498068809509,0.0,0.0,0.0,0.0,0.0,0.0,0.0,0.24319258284833745,-0.5485046651101105,0.5,0.4039729833602905,-0.2926393151283264,-0.06552174687385559,0.0,0.0,0.0,-0.004151311703026295,-0.006918853148818016,0.2476949393749237,0.0,0.0,0.0,0.0,0.0,0.0,0.0,0.5316818851895027,-0.27805462226213135,0.5,0.5835105776786804,-0.2268926352262497,0.028616888448596,0.0,0.0,0.0,0.0027675412129610777,-0.0027675412129610777,0.6282318234443665,0.0,0.0,0.0,0.0,0.0,0.0,0.0,0.13122404268590274,-0.5854743808410138,0.5
20.055,TRACK,0.5686426758766174,0.348388135433197,1.0956919193267822,0.0,0.0,0.0,-0.1190042719244957,-0.2698352634906769,0.8538223505020142,0.0,0.0,0.0,0.0,0.0,0.0,0.0,0.2432635036564604,-0.5484732151972266,0.5,0.4039729833602905,-0.2926393151283264,-0.06552174687385559,0.0,0.0,0.0,-0.004151311703026295,-0.006918853148818016,0.2476949393749237,0.0,0.0,0.0,0.0,0.0,0.0,0.0,0.5321324172823977,-0.2771914329072819,0.5,0.5835105776786804,-0.2268926352262497,0.028616888448596,0.0,0.0,0.0,0.0027675412129610777,-0.0027675412129610777,0.6282318234443665,0.0,0.0,0.0,0.0,0.0,0.0,0.0,0.1310916888053138,-0.5855040299828608,0.5
20.075,TRACK,0.5686426758766174,0.348388135433197,1.0956919193267822,0.0,0.0,0.0,-0.1190042719244957,-0.2698352634906769,0.8538223505020142,0.0,0.0,0.0,0.0,0.0,0.0,0.0,0.2433339949091333,-0.5484419448962322,0.5,0.4039729833602905,-0.2926393151283264,-0.06552174687385559,0.0,0.0,0.0,-0.004151311703026295,-0.006918853148818016,0.2476949393749237,0.0,0.0,0.0,0.0,0.0,0.0,0.0,0.532578857379457,-0.27633269924565934,0.5,0.5835105776786804,-0.2268926352262497,0.028616888448596,0.0,0.0,0.0,0.0027675412129610777,-0.0027675412129610777,0.6282318234443665,0.0,0.0,0.0,0.0,0.0,0.0,0.0,0.130960122409154,-0.5855334715783371,0.5
20.095,TRACK,0.5686426758766174,0.348388135433197,1.0956919193267822,0.0,0.0,0.0,-0.1190042719244957,-0.2698352634906769,0.8538223505020142,0.0,0.0,0.0,0.0,0.0,0.0,0.0,0.24340548604888526,-0.5484102199643127,0.5,0.40510106086730957,-0.2992859184741974,-0.05848149582743645,0.0,0.0,0.0,-0.0013837706064805388,-0.006918853148818016,0.24631115794181824,0.0,0.0,0.0,0.0,0.0,0.0,0.0,0.5330212454970548,-0.2754784054127809,0.5,0.5841479301452637,-0.22684891521930695,0.03590633347630501,0.0,0.0,0.0,0.0027675412129610777,-0.0027675412129610777,0.6268481016159058,0.0,0.0,0.0,0.0,0.0,0.0,0.0,0.1307964070042605,-0.5855700640527791,0.5
20.115,TRACK,0.5686426758766174,0.348388135433197,1.0956919193267822,0.0,0.0,0.0,-0.1190042719244957,-0.2698352634906769,0.8538223505020142,0.0,0.0,0.0,0.0,0.0,0.0,0.0,0.2434765441427802,-0.548378676146592,0.5,0.40510106086730957,-0.2992859184741974,-0.05848149582743645,0.0,0.0,0.0,-0.0013837706064805388,-0.006918853148818016,0.24631115794181824,0.0,0.0,0.0,0.0,0.0,0.0,0.0,0.5334596212505486,-0.2746285354715005,0.5,0.5841479301452637,-0.22684891521930695,0.03590633347630501,0.0,0.0,0.0,0.0027675412129610777,-0.0027675412129610777,0.6268481016159058,0.0,0.0,0.0,0.0,0.0,0.0,0.0,0.13063366375905544,-0.585606391608635,0.5
20.135,TRACK,0.5686426758766174,0.348388135433197,1.0956919193267822,0.0,0.0,0.0,-0.1190042719244957,-0.2698352634906769,0.8538223505020142,0.0,0.0,0.0,0.0,0.0,0.0,0.0,0.24354717183695143,-0.5483473124674018,0.5,0.40510106086730957,-0.2992859184741974,-0.05848149582743645,0.0,0.0,0.0,-0.0013837706064805388,-0.006918853148818016,0.24631115794181824,0.0,0.0,0.0,0.0,0.0,0.0,0.0,0.5338940238580988,-0.2737830734150813,0.5,0.5841479301452637,-0.22684891521930695,0.03590633347630501,0.0,0.0,0.0,0.0027675412129610777,-0.0027675412129610777,0.6268481016159058,0.0,0.0,0.0,0.0,0.0,0.0,0.0,0.13047188697426576,-0.5856424563753677,0.5
20.155,TRACK,0.37627819180488586,0.12740007042884827,0.896239161491394,0.0,0.0,0.0,-0.1494472175836563,-0.2643001675605774,0.8698360323905945,0.0,0.0,0.0,0.0,0.0,0.0,0.0,0.24361737176110432,-0.5483161279555908,0.5,0.40510106086730957,-0.2992859184741974,-0.05848149582743645,0.0,0.0,0.0,-0.0013837706064805388,-0.006918853148818016,0.24631115794181824,0.0,0.0,0.0,0.0,0.0,0.0,0.0,0.533958462537324,-0.27365737754494596,0.5,0.5841479301452637,-0.22684891521930695,0.03590633347630501,0.0,0.0,0.0,0.0027675412129610777,-0.0027675412129610777,0.6268481016159058,0.0,0.0,0.0,0.0,0.0,0.0,0.0,0.13031107098299255,-0.5856782604632559,0.5
20.175,TRACK,0.37627819180488586,0.12740007042884827,0.896239161491394,0.0,0.0,0.0,-0.1494472175836563,-0.2643001675605774,0.8698360323905945,0.0,0.0,0.0,0.0,0.0,0.0,0.0,0.2436871465286209,-0.5482851216445129,0.5,0.40510106086730957,-0.2992859184741974,-0.05848149582743645,0.0,0.0,0.0,-0.0013837706064805388,-0.006918853148818016,0.24631115794181824,0.0,0.0,0.0,0.0,0.0,0.0,0.0,0.5340224852574234,-0.27353242081969925,0.5,0.5841479301452637,-0.22684891521930695,0.03590633347630501,0.0,0.0,0.0,0.0027675412129610777,-0.0027675412129610777,0.6268481016159058,0.0,0.0,0.0,0.0,0.0,0.0,0.0,0.13015121015054243,-0.585713805963586,0.5
20.195,TRACK,0.37627819180488586,0.12740007042884827,0.896239161491394,0.0,0.0,0.0,-0.1494472175836563,-0.2643001675605774,0.8698360323905945,0.0,0.0,0.0,0.0,0.0,0.0,0.0,0.24375335040666,-0.5482556923238718,0.5,0.4044204354286194,-0.2994878888130188,-0.05215916037559509,0.0,0.0,0.0,-0.0013837706064805388,-0.006918853148818016,0.2476949393749237,0.0,0.0,0.0,0.0,0.0,0.0,0.0,0.5340860948615459,-0.2734081989910759,0.5,0.5838744640350342,-0.22738604247570038,0.035481907427310944,0.0,0.0,0.0,0.004151311703026295,-0.0027675412129610777,0.6282318234443665,0.0,0.0,0.0,0.0,0.0,0.0,0.0,0.12998833988911512,-0.5857499735321137,0.5
20.215,TRACK,0.37627819180488586,0.12740007042884827,0.896239161491394,0.0,0.0,0.0,-0.1494472175836563,-0.2643001675605774,0.8698360323905945,0.0,0.0,0.0,0.0,0.0,0.0,0.0,0.2438191535392703,-0.548226431657024,0.5,0.4044204354286194,-0.2994878888130188,-0.05215916037559509,0.0,0.0,0.0,-0.0013837706064805388,-0.006918853148818016,0.2476949393749237,0.0,0.0,0.0,0.0,0.0,0.0,0.0,0.5341492941716897,-0.27328470783394687,0.5,0.5838744640350342,-0.22738604247570038,0.035481907427310944,0.0,0.0,0.0,0.004151311703026295,-0.0027675412129610777,0.6282318234443665,0.0,0.0,0.0,0.0,0.0,0.0,0.0,0.12982643688894607,-0.5857858792124648,0.5
20.235,TRACK,0.37627819180488586,0.12740007042884827,0.896239161491394,0.0,0.0,0.0,-0.1494472175836563,-0.2643001675605774,0.8698360323905945,0.0,0.0,0.0,0.0,0.0,0.0,0.0,0.24388455837212414,-0.5481973387272451,0.5,0.4044204354286194,-0.2994878888130188,-0.05215916037559509,0.0,0.0,0.0,-0.0013837706064805388,-0.006918853148818016,0.2476949393749237,0.0,0.0,0.0,0.0,0.0,0.0,0.0,0.5342120859888757,-0.2731619431462115,0.5,0.5838744640350342,-0.22738604247570038,0.035481907427310944,0.0,0.0,0.0,0.004151311703026295,-0.0027675412129610777,0.6282318234443665,0.0,0.0,0.0,0.0,0.0,0.0,0.0,0.1296654954778904,-0.5858215251102277,0.5
20.255,TRACK,0.19245406985282898,-0.08623335510492325,0.7082181572914124,0.0,0.0,0.0,-0.17158754169940948,-0.19372788071632385,0.8779967427253723,0.0,0.0,0.0,0.0,0.0,0.0,0.0,0.24394956733574347,-0.5481684126221644,0.5,0.4044204354286194,-0.2994878888130188,-0.05215916037559509,0.0,0.0,0.0,-0.0013837706064805388,-0.006918853148818016,0.2476949393749237,0.0,0.0,0.0,0.0,0.0,0.0,0.0,0.5330441654242875,-0.2754340532815884,0.5,0.5838744640350342,-0.22738604247570038,0.035481907427310944,0.0,0.0,0.0,0.004151311703026295,-0.0027675412129610777,0.6282318234443665,0.0,0.0,0.0,0.0,0.0,0.0,0.0,0.12950551001604502,-0.5858569133120168,0.5
20.275,TRACK,0.19245406985282898,-0.08623335510492325,0.7082181572914124,0.0,0.0,0.0,-0.17158754169940948,-0.19372788071632385,0.8779967427253723,0.0,0.0,0.0,0.0,0.0,0.0,0.0,0.24401418284559684,-0.5481396524337531,0.5,0.4044204354286194,-0.2994878888130188,-0.05215916037559509,0.0,0.0,0.0,-0.0013837706064805388,-0.006918853148818016,0.2476949393749237,0.0,0.0,0.0,0.0,0.0,0.0,0.0,0.5318736754595961,-0.2776875822810595,0.5,0.5838744640350342,-0.22738604247570038,0.035481907427310944,0.0,0.0,0.0,0.004151311703026295,-0.0027675412129610777,0.6282318234443665,0.0,0.0,0.0,0.0,0.0,0.0,0.0,0.12934647489558085,-0.5858920458856621,0.5
20.295,TRACK,0.19245406985282898,-0.08623335510492325,0.7082181572914124,0.0,0.0,0.0,-0.17158754169940948,-0.19372788071632385,0.8779967427253723,0.0,0.0,0.0,0.0,0.0,0.0,0.0,0.24407840730219432,-0.5481110572583116,0.5,0.40209487080574036,-0.28809958696365356,-0.07065104693174362,0.0,0.0,0.0,-0.005535082425922155,-0.006918853148818016,0.24492739140987396,0.0,0.0,0.0,0.0,0.0,0.0,0.0,0.5307007668671433,-0.27992266083085504,0.5,0.5838744640350342,-0.22738604247570038,0.035481907427310944,0.0,0.0,0.0,0.004151311703026295,-0.0027675412129610777,0.6282318234443665,0.0,0.0,0.0,0.0,0.0,0.0,0.0,0.12924359478021935,-0.5859147490960493,0.5
20.315,TRACK,0.19245406985282898,-0.08623335510492325,0.7082181572914124,0.0,0.0,0.0,-0.17158754169940948,-0.19372788071632385,0.8779967427253723,0.0,0.0,0.0,0.0,0.0,0.0,0.0,0.24413826868365532,-0.5480843965705896,0.5,0.40209487080574036,-0.28809958696365356,-0.07065104693174362,0.0,0.0,0.0,-0.005535082425922155,-0.006918853148818016,0.24492739140987396,0.0,0.0,0.0,0.0,0.0,0.0,0.0,0.5295255876890832,-0.28213941940560344,0.5,0.5823789238929749,-0.2276145964860916,0.033394407480955124,0.0,0.0,0.0,0.004151311703026295,-0.004151311703026295,0.6282318234443665,0.0,0.0,0.0,0.0,0.0,0.0,0.0,0.12914132799641387,-0.5859372981841339,0.5
20.335,TRACK,0.19245406985282898,-0.08623335510492325,0.7082181572914124,0.0,0.0,0.0,-0.17158754169940948,-0.19372788071632385,0.8779967427253723,0.0,0.0,0.0,0.0,0.0,0.0,0.0,0.2441977680108386,-0.5480578893680161,0.5,0.40209487080574036,-0.28809958696365356,-0.07065104693174362,0.0,0.0,0.0,-0.005535082425922155,-0.006918853148818016,0.24492739140987396,0.0,0.0,0.0,0.0,0.0,0.0,0.0,0.5283482832749975,-0.284337988247021,0.5,0.5823789238929749,-0.2276145964860916,0.033394407480955124,0.0,0.0,0.0,0.004151311703026295,-0.004151311703026295,0.6282318234443665,0.0,0.0,0.0,0.0,0.0,0.0,0.0,0.12903967091451002,-0.5859596942881609,0.5
20.355,TRACK,-0.038179658353328705,-0.3400644361972809,0.49906477332115173,0.0,0.0,0.0,-0.2324734628200531,-0.16328492760658264,0.8881748914718628,0.0,0.0,0.0,0.0,0.0,0.0,0.0,0.24425690748990286,-0.5480315348075044,0.5,0.40209487080574036,-0.28809958696365356,-0.07065104693174362,0.0,0.0,0.0,-0.005535082425922155,-0.006918853148818016,0.24492739140987396,0.0,0.0,0.0,0.0,0.0,0.0,0.0,0.5249855189972027,-0.2904999222775072,0.5,0.5823789238929749,-0.2276145964860916,0.033394407480955124,0.0,0.0,0.0,0.004151311703026295,-0.004151311703026295,0.6282318234443665,0.0,0.0,0.0,0.0,0.0,0.0,0.0,0.12893861992597389,-0.5859819385370041,0.5
20.375,TRACK,-0.038179658353328705,-0.3400644361972809,0.49906477332115173,0.0,0.0,0.0,-0.2324734628200531,-0.16328492760658264,0.8881748914718628,0.0,0.0,0.0,0.0,0.0,0.0,0.0,0.24431568931337763,-0.5480053320500897,0.5,0.40209487080574036,-0.28809958696365356,-0.07065104693174362,0.0,0.0,0.0,-0.005535082425922155,-0.006918853148818016,0.24492739140987396,0.0,0.0,0.0,0.0,0.0,0.0,0.0,0.5215717146297332,-0.29658547924367457,0.5,0.5823789238929749,-0.2276145964860916,0.033394407480955124,0.0,0.0,0.0,0.004151311703026295,-0.004151311703026295,0.6282318234443665,0.0,0.0,0.0,0.0,0.0,0.0,0.0,0.1288381714432745,-0.5860040320502525,0.5
20.395,TRACK,-0.038179658353328705,-0.3400644361972809,0.49906477332115173,0.0,0.0,0.0,-0.2324734628200531,-0.16328492760658264,0.8881748914718628,0.0,0.0,0.0,0.0,0.0,0.0,0.0,0.2443726722353016,-0.5479799239612505,0.5,0.4054468870162964,-0.29644516110420227,-0.06154545396566391,0.0,0.0,0.0,-0.0,-0.006918853148818016,0.24631115794181824,0.0,0.0,0.0,0.0,0.0,0.0,0.0,0.5181084859781143,-0.3025947731826611,0.5,0.5824849605560303,-0.22795087099075317,0.029520489275455475,0.0,0.0,0.0,0.004151311703026295,-0.0027675412129610777,0.6282318234443665,0.0,0.0,0.0,0.0,0.0,0.0,0.0,0.1287044963964686,-0.5860334057093771,0.5
20.415,TRACK,-0.038179658353328705,-0.3400644361972809,0.49906477332115173,0.0,0.0,0.0,-0.2324734628200531,-0.16328492760658264,0.8881748914718628,0.0,0.0,0.0,0.0,0.0,0.0,0.0,0.24442931064106505,-0.5479546624489418,0.5,0.4054468870162964,-0.29644516110420227,-0.06154545396566391,0.0,0.0,0.0,-0.0,-0.006918853148818016,0.24631115794181824,0.0,0.0,0.0,0.0,0.0,0.0,0.0,0.5145974245572669,-0.3085279414235087,0.5,0.5824849605560303,-0.22795087099075317,0.029520489275455475,0.0,0.0,0.0,0.004151311703026295,-0.0027675412129610777,0.6282318234443665,0.0,0.0,0.0,0.0,0.0,0.0,0.0,0.1285716167632178,-0.5860625729074432,0.5
20.435,TRACK,-0.038179658353328705,-0.3400644361972809,0.49906477332115173,0.0,0.0,0.0,-0.2324734628200531,-0.16328492760658264,0.8881748914718628,0.0,0.0,0.0,0.0,0.0,0.0,0.0,0.24448560662849442,-0.5479295467042246,0.5,0.4054468870162964,-0.29644516110420227,-0.06154545396566391,0.0,0.0,0.0,-0.0,-0.006918853148818016,0.24631115794181824,0.0,0.0,0.0,0.0,0.0,0.0,0.0,0.5110400976124936,-0.3143851437842015,0.5,0.5824849605560303,-0.22795087099075317,0.029520489275455475,0.0,0.0,0.0,0.004151311703026295,-0.0027675412129610777,0.6282318234443665,0.0,0.0,0.0,0.0,0.0,0.0,0.0,0.12843952785721266,-0.5860915352432726,0.5
20.455,TRACK,-0.3004901707172394,-0.634849488735199,0.26277267932891846,0.0,0.0,0.0,-0.25599756836891174,-0.12730689346790314,0.8962817788124084,0.0,0.0,0.0,0.0,0.0,0.0,0.0,0.24454156228247254,-0.5479045759221651,0.5,0.4054468870162964,-0.29644516110420227,-0.06154545396566391,0.0,0.0,0.0,-0.0,-0.006918853148818016,0.24631115794181824,0.0,0.0,0.0,0.0,0.0,0.0,0.0,0.5068025899187103,-0.32117150379771786,0.5,0.5824849605560303,-0.22795087099075317,0.029520489275455475,0.0,0.0,0.0,0.004151311703026295,-0.0027675412129610777,0.6282318234443665,0.0,0.0,0.0,0.0,0.0,0.0,0.0,0.1283082250191098,-0.5861202943018143,0.5
20.475,TRACK,-0.3004901707172394,-0.634849488735199,0.26277267932891846,0.0,0.0,0.0,-0.25599756836891174,-0.12730689346790314,0.8962817788124084,0.0,0.0,0.0,0.0,0.0,0.0,0.0,0.2445971796750201,-0.5478797493018207,0.5,0.4054468870162964,-0.29644516110420227,-0.06154545396566391,0.0,0.0,0.0,-0.0,-0.006918853148818016,0.24631115794181824,0.0,0.0,0.0,0.0,0.0,0.0,0.0,0.5025012012170904,-0.3278605538569426,0.5,0.5824849605560303,-0.22795087099075317,0.029520489275455475,0.0,0.0,0.0,0.004151311703026295,-0.0027675412129610777,0.6282318234443665,0.0,0.0,0.0,0.0,0.0,0.0,0.0,0.12817770361638606,-0.5861488516542789,0.5
20.495,TRACK,-0.3004901707172394,-0.634849488735199,0.26277267932891846,0.0,0.0,0.0,-0.25599756836891174,-0.12730689346790314,0.8962817788124084,0.0,0.0,0.0,0.0,0.0,0.0,0.0,0.24465683320419113,-0.5478531134953023,0.5,0.4027792811393738,-0.30376744270324707,-0.044335003942251205,0.0,0.0,0.0,0.0013837706064805388,-0.00830262340605259,0.2476949393749237,0.0,0.0,0.0,0.0,0.0,0.0,0.0,0.49813813210079994,-0.3344523902547654,0.5,0.5849898457527161,-0.22803431749343872,0.03150781989097595,0.0,0.0,0.0,0.004151311703026295,-0.0027675412129610777,0.6282318234443665,0.0,0.0,0.0,0.0,0.0,0.0,0.0,0.12799577203234327,-0.5861886064585735,0.5
20.515,TRACK,-0.3004901707172394,-0.634849488735199,0.26277267932891846,0.0,0.0,0.0,-0.25599756836891174,-0.12730689346790314,0.8962817788124084,0.0,0.0,0.0,0.0,0.0,0.0,0.0,0.24471612593769193,-0.5478266310668437,0.5,0.4027792811393738,-0.30376744270324707,-0.044335003942251205,0.0,0.0,0.0,0.0013837706064805388,-0.00830262340605259,0.2476949393749237,0.0,0.0,0.0,0.0,0.0,0.0,0.0,0.49371554986944477,-0.3409471451957206,0.5,0.5849898457527161,-0.22803431749343872,0.03150781989097595,0.0,0.0,0.0,0.004151311703026295,-0.0027675412129610777,0.6282318234443665,0.0,0.0,0.0,0.0,0.0,0.0,0.0,0.1278149198184211,-0.5862280667724896,0.5
20.535,TRACK,-0.3004901707172394,-0.634849488735199,0.26277267932891846,0.0,0.0,0.0,-0.25599756836891174,-0.12730689346790314,0.8962817788124084,0.0,0.0,0.0,0.0,0.0,0.0,0.0,0.24477506007399874,-0.5478003011734937,0.5,0.4027792811393738,-0.30376744270324707,-0.044335003942251205,0.0,0.0,0.0,0.0013837706064805388,-0.00830262340605259,0.2476949393749237,0.0,0.0,0.0,0.0,0.0,0.0,0.0,0.4892355884540922,-0.347344985554676,0.5,0.5849898457527161,-0.22803431749343872,0.03150781989097595,0.0,0.0,0.0,0.004151311703026295,-0.0027675412129610777,0.6282318234443665,0.0,0.0,0.0,0.0,0.0,0.0,0.0,0.12763514066165055,-0.5862672350287714,0.5
20.555,TRACK,-0.614352822303772,-0.9994866251945496,-0.02541992999613285,0.0,0.0,0.0,-0.20341427624225616,-0.11762050539255142,0.888401210308075,0.0,0.0,0.0,0.0,0.0,0.0,0.0,0.24483363779800593,-0.5477741229764279,0.5,0.4027792811393738,-0.30376744270324707,-0.044335003942251205,0.0,0.0,0.0,0.0013837706064805388,-0.00830262340605259,0.2476949393749237,0.0,0.0,0.0,0.0,0.0,0.0,0.0,0.484468844495346,-0.3539631883591064,0.5,0.5849898457527161,-0.22803431749343872,0.03150781989097595,0.0,0.0,0.0,0.004151311703026295,-0.0027675412129610777,0.6282318234443665,0.0,0.0,0.0,0.0,0.0,0.0,0.0,0.12745642828468315,-0.5863061136376725,0.5
20.575,TRACK,-0.614352822303772,-0.9994866251945496,-0.02541992999613285,0.0,0.0,0.0,-0.20341427624225616,-0.11762050539255142,0.888401210308075,0.0,0.0,0.0,0.0,0.0,0.0,0.0,0.2448918612811123,-0.5477480956409364,0.5,0.4027792811393738,-0.30376744270324707,-0.044335003942251205,0.0,0.0,0.0,0.0013837706064805388,-0.00830262340605259,0.2476949393749237,0.0,0.0,0.0,0.0,0.0,0.0,0.0,0.4796419809378937,-0.3604768648914562,0.5,0.5849898457527161,-0.22803431749343872,0.03150781989097595,0.0,0.0,0.0,0.004151311703026295,-0.0027675412129610777,0.6282318234443665,0.0,0.0,0.0,0.0,0.0,0.0,0.0,0.12727877644560975,-0.5863447049871845,0.5
20.595,TRACK,-0.614352822303772,-0.9994866251945496,-0.02541992999613285,0.0,0.0,0.0,-0.20341427624225616,-0.11762050539255142,0.888401210308075,0.0,0.0,0.0,0.0,0.0,0.0,0.0,0.24494973268130601,-0.5477222183364089,0.5,0.4042605757713318,-0.29706135392189026,-0.05270567536354065,0.0,0.0,0.0,-0.0027675412129610777,-0.006918853148818016,0.2476949393749237,0.0,0.0,0.0,0.0,0.0,0.0,0.0,0.4747572932524761,-0.3668862391853671,0.5,0.5849898457527161,-0.22803431749343872,0.03150781989097595,0.0,0.0,0.0,0.004151311703026295,-0.0027675412129610777,0.6282318234443665,0.0,0.0,0.0,0.0,0.0,0.0,0.0,0.12710217893777986,-0.5863830114432619,0.5
20.615,TRACK,-0.614352822303772,-0.9994866251945496,-0.02541992999613285,0.0,0.0,0.0,-0.20341427624225616,-0.11762050539255142,0.888401210308075,0.0,0.0,0.0,0.0,0.0,0.0,0.0,0.2450046863242391,-0.5476976389205647,0.5,0.4042605757713318,-0.29706135392189026,-0.05270567536354065,0.0,0.0,0.0,-0.0027675412129610777,-0.006918853148818016,0.2476949393749237,0.0,0.0,0.0,0.0,0.0,0.0,0.0,0.46981703987988616,-0.37319157149981486,0.5,0.5871044397354126,-0.22938723862171173,0.036256786435842514,0.0,0.0,0.0,0.005535082425922155,-0.0027675412129610777,0.6282318234443665,0.0,0.0,0.0,0.0,0.0,0.0,0.0,0.12697043789324866,-0.5864115516437212,0.5
20.635,TRACK,-0.614352822303772,-0.9994866251945496,-0.02541992999613285,0.0,0.0,0.0,-0.20341427624225616,-0.11762050539255142,0.888401210308075,0.0,0.0,0.0,0.0,0.0,0.0,0.0,0.24505930780105412,-0.5476732015171714,0.5,0.4042605757713318,-0.29706135392189026,-0.05270567536354065,0.0,0.0,0.0,-0.0027675412129610777,-0.006918853148818016,0.2476949393749237,0.0,0.0,0.0,0.0,0.0,0.0,0.0,0.46482344221009486,-0.37939315699147574,0.5,0.5871044397354126,-0.22938723862171173,0.036256786435842514,0.0,0.0,0.0,0.005535082425922155,-0.0027675412129610777,0.6282318234443665,0.0,0.0,0.0,0.0,0.0,0.0,0.0,0.1268394809439663,-0.5864398912709342,0.5
20.655,TRACK,-0.982265293598175,-1.4321881532669067,-0.36094146966934204,0.0,0.0,0.0,-0.21863575279712677,-0.06365344673395157,0.8951113820075989,0.0,0.0,0.0,0.0,0.0,0.0,0.0,0.24511359913345251,-0.5476489053397671,0.5,0.4042605757713318,-0.29706135392189026,-0.05270567536354065,0.0,0.0,0.0,-0.0027675412129610777,-0.006918853148818016,0.2476949393749237,0.0,0.0,0.0,0.0,0.0,0.0,0.0,0.4597786845881383,-0.385491324413924,0.5,0.5871044397354126,-0.22938723862171173,0.036256786435842514,0.0,0.0,0.0,0.005535082425922155,-0.0027675412129610777,0.6282318234443665,0.0,0.0,0.0,0.0,0.0,0.0,0.0,0.12670930346781709,-0.5864680318778686,0.5
20.675,TRACK,-0.982265293598175,-1.4321881532669067,-0.36094146966934204,0.0,0.0,0.0,-0.21863575279712677,-0.06365344673395157,0.8951113820075989,0.0,0.0,0.0,0.0,0.0,0.0,0.0,0.24516756233067172,-0.5476247496058192,0.5,0.4042605757713318,-0.29706135392189026,-0.05270567536354065,0.0,0.0,0.0,-0.0027675412129610777,-0.006918853148818016,0.2476949393749237,0.0,0.0,0.0,0.0,0.0,0.0,0.0,0.4545673767748531,-0.39162290532095884,0.5,0.5871044397354126,-0.22938723862171173,0.036256786435842514,0.0,0.0,0.0,0.005535082425922155,-0.0027675412129610777,0.6282318234443665,0.0,0.0,0.0,0.0,0.0,0.0,0.0,0.1265799008693158,-0.5864959750040184,0.5
20.695,TRACK,-0.982265293598175,-1.4321881532669067,-0.36094146966934204,0.0,0.0,0.0,-0.21863575279712677,-0.06365344673395157,0.8951113820075989,0.0,0.0,0.0,0.0,0.0,0.0,0.0,0.2452211993895638,-0.5476007335367108,0.5,0.40606632828712463,-0.29408422112464905,-0.07258713245391846,0.0,0.0,0.0,-0.0027675412129610777,-0.005535082425922155,0.24492739140987396,0.0,0.0,0.0,0.0,0.0,0.0,0.0,0.4493063052721637,-0.39764788952373076,0.5,0.5845355987548828,-0.22775468230247498,0.038102492690086365,0.0,0.0,0.0,0.004151311703026295,-0.0027675412129610777,0.6282318234443665,0.0,0.0,0.0,0.0,0.0,0.0,0.0,0.1264512685794636,-0.5865237221755352,0.5
20.715,TRACK,-0.982265293598175,-1.4321881532669067,-0.36094146966934204,0.0,0.0,0.0,-0.21863575279712677,-0.06365344673395157,0.8951113820075989,0.0,0.0,0.0,0.0,0.0,0.0,0.0,0.24527758001724057,-0.5475754822313414,0.5,0.40606632828712463,-0.29408422112464905,-0.07258713245391846,0.0,0.0,0.0,-0.0027675412129610777,-0.005535082425922155,0.24492739140987396,0.0,0.0,0.0,0.0,0.0,0.0,0.0,0.4439976646931671,-0.403566690581636,0.5,0.5845355987548828,-0.22775468230247498,0.038102492690086365,0.0,0.0,0.0,0.004151311703026295,-0.0027675412129610777,0.6282318234443665,0.0,0.0,0.0,0.0,0.0,0.0,0.0,0.1263477475341054,-0.5865460311800412,0.5
20.735,TRACK,-0.982265293598175,-1.4321881532669067,-0.36094146966934204,0.0,0.0,0.0,-0.21863575279712677,-0.06365344673395157,0.8951113820075989,0.0,0.0,0.0,0.0,0.0,0.0,0.0,0.2453336197842903,-0.5475503766810295,0.5,0.40606632828712463,-0.29408422112464905,-0.07258713245391846,0.0,0.0,0.0,-0.0027675412129610777,-0.005535082425922155,0.24492739140987396,0.0,0.0,0.0,0.0,0.0,0.0,0.0,0.4386436109927619,-0.40937975345054683,0.5,0.5845355987548828,-0.22775468230247498,0.038102492690086365,0.0,0.0,0.0,0.004151311703026295,-0.0027675412129610777,0.6282318234443665,0.0,0.0,0.0,0.0,0.0,0.0,0.0,0.1262448437145276,-0.5865681882232402,0.5
20.755,TRACK,-1.3808722496032715,-1.8938164710998535,-0.7316219806671143,0.0,0.0,0.0,-0.24631115794181824,-0.06780476123094559,0.9069695472717285,0.0,0.0,0.0,0.0,0.0,0.0,0.0,0.24538932076612452,-0.5475254160803313,0.5,0.40606632828712463,-0.29408422112464905,-0.07258713245391846,0.0,0.0,0.0,-0.0027675412129610777,-0.005535082425922155,0.24492739140987396,0.0,0.0,0.0,0.0,0.0,0.0,0.0,0.43317438839686323,-0.4151625576048537,0.5,0.5845355987548828,-0.22775468230247498,0.038102492690086365,0.0,0.0,0.0,0.004151311703026295,-0.0027675412129610777,0.6282318234443665,0.0,0.0,0.0,0.0,0.0,0.0,0.0,0.12614255346717965,-0.5865901944328593,0.5
20.775,TRACK,-1.3808722496032715,-1.8938164710998535,-0.7316219806671143,0.0,0.0,0.0,-0.24631115794181824,-0.06780476123094559,0.9069695472717285,0.0,0.0,0.0,0.0,0.0,0.0,0.0,0.2454446850253511,-0.5475005996278051,0.5,0.40606632828712463,-0.29408422112464905,-0.07258713245391846,0.0,0.0,0.0,-0.0027675412129610777,-0.005535082425922155,0.24492739140987396,0.0,0.0,0.0,0.0,0.0,0.0,0.0,0.42766243337770377,-0.4208382623733981,0.5,0.5845355987548828,-0.22775468230247498,0.038102492690086365,0.0,0.0,0.0,0.004151311703026295,-0.0027675412129610777,0.6282318234443665,0.0,0.0,0.0,0.0,0.0,0.0,0.0,0.12604087315978063,-0.5866120509272887,0.5
20.795,TRACK,-1.3808722496032715,-1.8938164710998535,-0.7316219806671143,0.0,0.0,0.0,-0.24631115794181824,-0.06780476123094559,0.9069695472717285,0.0,0.0,0.0,0.0,0.0,0.0,0.0,0.24550092944431645,-0.547475381767963,0.5,0.40569058060646057,-0.297603040933609,-0.06221436336636543,0.0,0.0,0.0,-0.0027675412129610777,-0.006918853148818016,0.24492739140987396,0.0,0.0,0.0,0.0,0.0,0.0,0.0,0.422109855942917,-0.4264073985238176,0.5,0.5842466354370117,-0.2273932546377182,0.03379710763692856,0.0,0.0,0.0,0.004151311703026295,-0.0027675412129610777,0.6282318234443665,0.0,0.0,0.0,0.0,0.0,0.0,0.0,0.12591832013896004,-0.586638369571393,0.5
20.815,TRACK,-1.3808722496032715,-1.8938164710998535,-0.7316219806671143,0.0,0.0,0.0,-0.24631115794181824,-0.06780476123094559,0.9069695472717285,0.0,0.0,0.0,0.0,0.0,0.0,0.0,0.24555683382906868,-0.5474503094892202,0.5,0.40569058060646057,-0.297603040933609,-0.06221436336636543,0.0,0.0,0.0,-0.0027675412129610777,-0.006918853148818016,0.24492739140987396,0.0,0.0,0.0,0.0,0.0,0.0,0.0,0.4165187268177969,-0.43187052482205984,0.5,0.5842466354370117,-0.2273932546377182,0.03379710763692856,0.0,0.0,0.0,0.004151311703026295,-0.0027675412129610777,0.6282318234443665,0.0,0.0,0.0,0.0,0.0,0.0,0.0,0.12579649699001028,-0.5866645049302389,0.5
20.835,TRACK,-1.3808722496032715,-1.8938164710998535,-0.7316219806671143,0.0,0.0,0.0,-0.24631115794181824,-0.06780476123094559,0.9069695472717285,0.0,0.0,0.0,0.0,0.0,0.0,0.0,0.2456124002499554,-0.5474253819868564,0.5,0.40569058060646057,-0.297603040933609,-0.06221436336636543,0.0,0.0,0.0,-0.0027675412129610777,-0.006918853148818016,0.24492739140987396,0.0,0.0,0.0,0.0,0.0,0.0,0.0,0.4108910776215851,-0.4372282268232147,0.5,0.5842466354370117,-0.2273932546377182,0.03379710763692856,0.0,0.0,0.0,0.004151311703026295,-0.0027675412129610777,0.6282318234443665,0.0,0.0,0.0,0.0,0.0,0.0,0.0,0.12567539940406516,-0.5866904584059883,0.5
20.855,TRACK,-1.8274598121643066,-2.4058823585510254,-1.1260817050933838,0.0,0.0,0.0,-0.23939231038093567,-0.09686394035816193,0.8932097554206848,0.0,0.0,0.0,0.0,0.0,0.0,0.0,0.24566763076455178,-0.5474005984601513,0.5,0.40569058060646057,-0.297603040933609,-0.06221436336636543,0.0,0.0,0.0,-0.0027675412129610777,-0.006918853148818016,0.24492739140987396,0.0,0.0,0.0,0.0,0.0,0.0,0.0,0.40517690908625087,-0.44252872487931444,0.5,0.5842466354370117,-0.2273932546377182,0.03379710763692856,0.0,0.0,0.0,0.004151311703026295,-0.0027675412129610777,0.6282318234443665,0.0,0.0,0.0,0.0,0.0,0.0,0.0,0.12555502309717714,-0.5867162313887927,0.5
20.875,TRACK,-1.8274598121643066,-2.4058823585510254,-1.1260817050933838,0.0,0.0,0.0,-0.23939231038093567,-0.09686394035816193,0.8932097554206848,0.0,0.0,0.0,0.0,0.0,0.0,0.0,0.2457225274177412,-0.5473759581123722,0.5,0.40569058060646057,-0.297603040933609,-0.06221436336636543,0.0,0.0,0.0,-0.0027675412129610777,-0.006918853148818016,0.24492739140987396,0.0,0.0,0.0,0.0,0.0,0.0,0.0,0.3994292675064045,-0.44772341937774157,0.5,0.5842466354370117,-0.2273932546377182,0.03379710763692856,0.0,0.0,0.0,0.004151311703026295,-0.0027675412129610777,0.6282318234443665,0.0,0.0,0.0,0.0,0.0,0.0,0.0,0.12543536381018022,-0.5867418252569078,0.5
20.895,TRACK,-1.8274598121643066,-2.4058823585510254,-1.1260817050933838,0.0,0.0,0.0,-0.23939231038093567,-0.09686394035816193,0.8932097554206848,0.0,0.0,0.0,0.0,0.0,0.0,0.0,0.2457753171465361,-0.5473522572178903,0.5,0.404489666223526,-0.29817289113998413,-0.05225077643990517,0.0,0.0,0.0,-0.0027675412129610777,-0.006918853148818016,0.2476949393749237,0.0,0.0,0.0,0.0,0.0,0.0,0.0,0.39365011401200944,-0.452812972140079,0.5,0.5838539600372314,-0.22760388255119324,0.031216181814670563,0.0,0.0,0.0,0.004151311703026295,-0.0027675412129610777,0.6282318234443665,0.0,0.0,0.0,0.0,0.0,0.0,0.0,0.12530822163589,-0.5867689916742794,0.5
20.915,TRACK,-1.8274598121643066,-2.4058823585510254,-1.1260817050933838,0.0,0.0,0.0,-0.23939231038093567,-0.09686394035816193,0.8932097554206848,0.0,0.0,0.0,0.0,0.0,0.0,0.0,0.24582778787144896,-0.5473286934833856,0.5,0.404489666223526,-0.29817289113998413,-0.05225077643990517,0.0,0.0,0.0,-0.0027675412129610777,-0.006918853148818016,0.2476949393749237,0.0,0.0,0.0,0.0,0.0,0.0,0.0,0.3878413706900499,-0.4577980681274914,0.5,0.5838539600372314,-0.22760388255119324,0.031216181814670563,0.0,0.0,0.0,0.004151311703026295,-0.0027675412129610777,0.6282318234443665,0.0,0.0,0.0,0.0,0.0,0.0,0.0,0.1251818364838602,-0.5867959677899364,0.5
20.935,TRACK,-1.8274598121643066,-2.4058823585510254,-1.1260817050933838,0.0,0.0,0.0,-0.23939231038093567,-0.09686394035816193,0.8932097554206848,0.0,0.0,0.0,0.0,0.0,0.0,0.0,0.24587994153312964,-0.5473052661464758,0.5,0.404489666223526,-0.29817289113998413,-0.05225077643990517,0.0,0.0,0.0,-0.0027675412129610777,-0.006918853148818016,0.2476949393749237,0.0,0.0,0.0,0.0,0.0,0.0,0.0,0.3820049208478907,-0.4626794143335067,0.5,0.5838539600372314,-0.22760388255119324,0.031216181814670563,0.0,0.0,0.0,0.004151311703026295,-0.0027675412129610777,0.6282318234443665,0.0,0.0,0.0,0.0,0.0,0.0,0.0,0.12505620388752736,-0.5868227550711043,0.5
20.955,TRACK,-2.3265981674194336,-2.9854352474212646,-1.5561020374298096,0.0,0.0,0.0,-0.25046247243881226,-0.12038803845643997,0.8895696997642517,0.0,0.0,0.0,0.0,0.0,0.0,0.0,0.2459317800602743,-0.5472819744486245,0.5,0.404489666223526,-0.29817289113998413,-0.05225077643990517,0.0,0.0,0.0,-0.0027675412129610777,-0.006918853148818016,0.2476949393749237,0.0,0.0,0.0,0.0,0.0,0.0,0.0,0.3761078379589875,-0.4674857155313047,0.5,0.5838539600372314,-0.22760388255119324,0.031216181814670563,0.0,0.0,0.0,0.004151311703026295,-0.0027675412129610777,0.6282318234443665,0.0,0.0,0.0,0.0,0.0,0.0,0.0,0.12493131940611955,-0.5868493549723354,0.5
20.975,TRACK,-2.3265981674194336,-2.9854352474212646,-1.5561020374298096,0.0,0.0,0.0,-0.25046247243881226,-0.12038803845643997,0.8895696997642517,0.0,0.0,0.0,0.0,0.0,0.0,0.0,0.24598330536970028,-0.5472588176351266,0.5,0.404489666223526,-0.29817289113998413,-0.05225077643990517,0.0,0.0,0.0,-0.0027675412129610777,-0.006918853148818016,0.2476949393749237,0.0,0.0,0.0,0.0,0.0,0.0,0.0,0.37018621305053484,-0.47218869921600626,0.5,0.5838539600372314,-0.22760388255119324,0.031216181814670563,0.0,0.0,0.0,0.004151311703026295,-0.0027675412129610777,0.6282318234443665,0.0,0.0,0.0,0.0,0.0,0.0,0.0,0.12480717862451568,-0.586875768935631,0.5
20.995,TRACK,-2.3265981674194336,-2.9854352474212646,-1.5561020374298096,0.0,0.0,0.0,-0.25046247243881226,-0.12038803845643997,0.8895696997642517,0.0,0.0,0.0,0.0,0.0,0.0,0.0,0.24603451936642143,-0.5472357949550942,0.5,0.4042685031890869,-0.2969767153263092,-0.04843262583017349,0.0,0.0,0.0,-0.004151311703026295,-0.006918853148818016,0.2476949393749237,0.0,0.0,0.0,0.0,0.0,0.0,0.0,0.36424184245840263,-0.4767891359946325,0.5,0.5838539600372314,-0.22760388255119324,0.031216181814670563,0.0,0.0,0.0,0.004151311703026295,-0.0027675412129610777,0.6282318234443665,0.0,0.0,0.0,0.0,0.0,0.0,0.0,0.12468961507227036,-0.5869007581296254,0.5
21.015,TRACK,-2.3265981674194336,-2.9854352474212646,-1.5561020374298096,0.0,0.0,0.0,-0.25046247243881226,-0.12038803845643997,0.8895696997642517,0.0,0.0,0.0,0.0,0.0,0.0,0.0,0.24608559744649405,-0.5472128276360141,0.5,0.4042685031890869,-0.2969767153263092,-0.04843262583017349,0.0,0.0,0.0,-0.004151311703026295,-0.006918853148818016,0.2476949393749237,0.0,0.0,0.0,0.0,0.0,0.0,0.0,0.3582764843972765,-0.48128781485502836,0.5,0.587115466594696,-0.22883957624435425,0.03741665184497833,0.0,0.0,0.0,0.005535082425922155,-0.0027675412129610777,0.6268481016159058,0.0,0.0,0.0,0.0,0.0,0.0,0.0,0.12457275194287415,-0.5869255740495375,0.5
21.035,TRACK,-2.3265981674194336,-2.9854352474212646,-1.5561020374298096,0.0,0.0,0.0,-0.25046247243881226,-0.12038803845643997,0.8895696997642517,0.0,0.0,0.0,0.0,0.0,0.0,0.0,0.24613636693334565,-0.5471899933961268,0.5,0.4042685031890869,-0.2969767153263092,-0.04843262583017349,0.0,0.0,0.0,-0.004151311703026295,-0.006918853148818016,0.2476949393749237,0.0,0.0,0.0,0.0,0.0,0.0,0.0,0.3522918592950636,-0.4856855421715033,0.5,0.587115466594696,-0.22883957624435425,0.03741665184497833,0.0,0.0,0.0,0.005535082425922155,-0.0027675412129610777,0.6268481016159058,0.0,0.0,0.0,0.0,0.0,0.0,0.0,0.12445658509770478,-0.5869502180132636,0.5
21.055,TRACK,-2.8384854793548584,-3.6255342960357666,-2.125710964202881,0.0,0.0,0.0,-0.2836729884147644,-0.15913361310958862,0.8778778910636902,0.0,0.0,0.0,0.0,0.0,0.0,0.0,0.24618682970352282,-0.5471672914936789,0.5,0.4042685031890869,-0.2969767153263092,-0.04843262583017349,0.0,0.0,0.0,-0.004151311703026295,-0.006918853148818016,0.2476949393749237,0.0,0.0,0.0,0.0,0.0,0.0,0.0,0.34628307910987494,-0.4899877846662956,0.5,0.587115466594696,-0.22883957624435425,0.03741665184497833,0.0,0.0,0.0,0.005535082425922155,-0.0027675412129610777,0.6268481016159058,0.0,0.0,0.0,0.0,0.0,0.0,0.0,0.12434111042212498,-0.5869746913274821,0.5
21.075,TRACK,-2.8384854793548584,-3.6255342960357666,-2.125710964202881,0.0,0.0,0.0,-0.2836729884147644,-0.15913361310958862,0.8778778910636902,0.0,0.0,0.0,0.0,0.0,0.0,0.0,0.24623698762202167,-0.5471447211906849,0.5,0.4042685031890869,-0.2969767153263092,-0.04843262583017349,0.0,0.0,0.0,-0.004151311703026295,-0.006918853148818016,0.2476949393749237,0.0,0.0,0.0,0.0,0.0,0.0,0.0,0.3402582878765783,-0.49419054779639354,0.5,0.587115466594696,-0.22883957624435425,0.03741665184497833,0.0,0.0,0.0,0.005535082425922155,-0.0027675412129610777,0.6268481016159058,0.0,0.0,0.0,0.0,0.0,0.0,0.0,0.12422632382535016,-0.5869989952877596,0.5
21.095,TRACK,-2.8384854793548584,-3.6255342960357666,-2.125710964202881,0.0,0.0,0.0,-0.2836729884147644,-0.15913361310958862,0.8778778910636902,0.0,0.0,0.0,0.0,0.0,0.0,0.0,0.2462868425423606,-0.5471222817529134,0.5,0.40376779437065125,-0.2919420003890991,-0.06271341443061829,0.0,0.0,0.0,-0.004151311703026295,-0.006918853148818016,0.24631115794181824,0.0,0.0,0.0,0.0,0.0,0.0,0.0,0.3342190994998118,-0.49829468543175826,0.5,0.587115466594696,-0.22883957624435425,0.03741665184497833,0.0,0.0,0.0,0.005535082425922155,-0.0027675412129610777,0.6268481016159058,0.0,0.0,0.0,0.0,0.0,0.0,0.0,0.1241122212403171,-0.5870231311786568,0.5
21.115,TRACK,-2.8384854793548584,-3.6255342960357666,-2.125710964202881,0.0,0.0,0.0,-0.2836729884147644,-0.15913361310958862,0.8778778910636902,0.0,0.0,0.0,0.0,0.0,0.0,0.0,0.24633247893939014,-0.5471017362607935,0.5,0.40376779437065125,-0.2919420003890991,-0.06271341443061829,0.0,0.0,0.0,-0.004151311703026295,-0.006918853148818016,0.24631115794181824,0.0,0.0,0.0,0.0,0.0,0.0,0.0,0.32816709144809,-0.5023010651894946,0.5,0.5888413786888123,-0.23032212257385254,0.039645031094551086,0.0,0.0,0.0,0.005535082425922155,-0.0027675412129610777,0.6268481016159058,0.0,0.0,0.0,0.0,0.0,0.0,0.0,0.12402538702447655,-0.5870414835200566,0.5
21.135,TRACK,-2.8384854793548584,-3.6255342960357666,-2.125710964202881,0.0,0.0,0.0,-0.2836729884147644,-0.15913361310958862,0.8778778910636902,0.0,0.0,0.0,0.0,0.0,0.0,0.0,0.2463778398195073,-0.5470813102692077,0.5,0.40376779437065125,-0.2919420003890991,-0.06271341443061829,0.0,0.0,0.0,-0.004151311703026295,-0.006918853148818016,0.24631115794181824,0.0,0.0,0.0,0.0,0.0,0.0,0.0,0.322103805141241,-0.5062105675640656,0.5,0.5888413786888123,-0.23032212257385254,0.039645031094551086,0.0,0.0,0.0,0.005535082425922155,-0.0027675412129610777,0.6268481016159058,0.0,0.0,0.0,0.0,0.0,0.0,0.0,0.1239390711245613,-0.5870597130180037,0.5
21.155,TRACK,65.45472717285156,58.35085678100586,90.4710693359375,0.0,0.0,0.0,-0.02214032970368862,-0.1300744265317917,-0.22555460035800934,0.0,0.0,0.0,0.0,0.0,0.0,0.0,0.24642292685582584,-0.5470610031064254,0.5,0.40376779437065125,-0.2919420003890991,-0.06271341443061829,0.0,0.0,0.0,-0.004151311703026295,-0.006918853148818016,0.24631115794181824,0.0,0.0,0.0,0.0,0.0,0.0,0.0,0.3160307463462491,-0.5100240850820995,0.5,0.5888413786888123,-0.23032212257385254,0.039645031094551086,0.0,0.0,0.0,0.005535082425922155,-0.0027675412129610777,0.6268481016159058,0.0,0.0,0.0,0.0,0.0,0.0,0.0,0.12385327046470088,-0.5870778205614632,0.5
21.175,TRACK,65.45472717285156,58.35085678100586,90.4710693359375,0.0,0.0,0.0,-0.02214032970368862,-0.1300744265317917,-0.22555460035800934,0.0,0.0,0.0,0.0,0.0,0.0,0.0,0.24646774171118677,-0.5470408141042017,0.5,0.40376779437065125,-0.2919420003890991,-0.06271341443061829,0.0,0.0,0.0,-0.004151311703026295,-0.006918853148818016,0.24631115794181824,0.0,0.0,0.0,0.0,0.0,0.0,0.0,0.3190335877467112,-0.5081511289857196,0.5,0.5888413786888123,-0.23032212257385254,0.039645031094551086,0.0,0.0,0.0,0.005535082425922155,-0.0027675412129610777,0.6268481016159058,0.0,0.0,0.0,0.0,0.0,0.0,0.0,0.12376798198703963,-0.5870958070322558,0.5
21.195,TRACK,65.45472717285156,58.35085678100586,90.4710693359375,0.0,0.0,0.0,-0.02214032970368862,-0.1300744265317917,-0.22555460035800934,0.0,0.0,0.0,0.0,0.0,0.0,0.0,0.24651518697974878,-0.5470194352930611,0.5,0.4044310748577118,-0.29342877864837646,-0.06352446228265762,0.0,0.0,0.0,-0.0027675412129610777,-0.006918853148818016,0.24631115794181824,0.0,0.0,0.0,0.0,0.0,0.0,0.0,0.32200741227417046,-0.506271889838348,0.5,0.5839593410491943,-0.22781763970851898,0.03598363324999809,0.0,0.0,0.0,0.0027675412129610777,-0.004151311703026295,0.6268481016159058,0.0,0.0,0.0,0.0,0.0,0.0,0.0,0.12367744839373913,-0.5871148854856381,0.5
21.215,TRACK,65.45472717285156,58.35085678100586,90.4710693359375,0.0,0.0,0.0,-0.02214032970368862,-0.1300744265317917,-0.22555460035800934,0.0,0.0,0.0,0.0,0.0,0.0,0.0,0.2465623457389412,-0.5469981806767832,0.5,0.4044310748577118,-0.29342877864837646,-0.06352446228265762,0.0,0.0,0.0,-0.0027675412129610777,-0.006918853148818016,0.24631115794181824,0.0,0.0,0.0,0.0,0.0,0.0,0.0,0.32495242432097393,-0.5043866789754876,0.5,0.5839593410491943,-0.22781763970851898,0.03598363324999809,0.0,0.0,0.0,0.0027675412129610777,-0.004151311703026295,0.6268481016159058,0.0,0.0,0.0,0.0,0.0,0.0,0.0,0.1235874550875248,-0.5871338356328896,0.5
21.235,TRACK,65.45472717285156,58.35085678100586,90.4710693359375,0.0,0.0,0.0,-0.02214032970368862,-0.1300744265317917,-0.22555460035800934,0.0,0.0,0.0,0.0,0.0,0.0,0.0,0.2466092197294598,-0.5469770495591446,0.5,0.4044310748577118,-0.29342877864837646,-0.06352446228265762,0.0,0.0,0.0,-0.0027675412129610777,-0.006918853148818016,0.24631115794181824,0.0,0.0,0.0,0.0,0.0,0.0,0.0,0.3278688288726089,-0.5024958020259511,0.5,0.5839593410491943,-0.22781763970851898,0.03598363324999809,0.0,0.0,0.0,0.0027675412129610777,-0.004151311703026295,0.6268481016159058,0.0,0.0,0.0,0.0,0.0,0.0,0.0,0.12349799886363814,-0.5871526584089327,0.5
21.255,TRACK,58.60945129394531,56.430458068847656,81.24913024902344,0.0,0.0,0.0,0.7373459339141846,0.07472360879182816,0.20064672827720642,0.0,0.0,0.0,0.0,0.0,0.0,0.0,0.2466558106813035,-0.546956041247511,0.5,0.4044310748577118,-0.29342877864837646,-0.06352446228265762,0.0,0.0,0.0,-0.0027675412129610777,-0.006918853148818016,0.24631115794181824,0.0,0.0,0.0,0.0,0.0,0.0,0.0,0.33087209311800797,-0.5005233840648289,0.5,0.5839593410491943,-0.22781763970851898,0.03598363324999809,0.0,0.0,0.0,0.0027675412129610777,-0.004151311703026295,0.6268481016159058,0.0,0.0,0.0,0.0,0.0,0.0,0.0,0.12340907653606965,-0.5871713547411134,0.5
21.275,TRACK,58.60945129394531,56.430458068847656,81.24913024902344,0.0,0.0,0.0,0.7373459339141846,0.07472360879182816,0.20064672827720642,0.0,0.0,0.0,0.0,0.0,0.0,0.0,0.2467021203138414,-0.5469351550528224,0.5,0.4044310748577118,-0.29342877864837646,-0.06352446228265762,0.0,0.0,0.0,-0.0027675412129610777,-0.006918853148818016,0.24631115794181824,0.0,0.0,0.0,0.0,0.0,0.0,0.0,0.33384557909908796,-0.4985450123268656,0.5,0.5839593410491943,-0.22781763970851898,0.03598363324999809,0.0,0.0,0.0,0.0027675412129610777,-0.004151311703026295,0.6268481016159058,0.0,0.0,0.0,0.0,0.0,0.0,0.0,0.12332068493745263,-0.5871899255492702,0.5
21.295,TRACK,58.60945129394531,56.430458068847656,81.24913024902344,0.0,0.0,0.0,0.7373459339141846,0.07472360879182816,0.20064672827720642,0.0,0.0,0.0,0.0,0.0,0.0,0.0,0.24674862479562112,-0.5469141762301191,0.5,0.40549468994140625,-0.29600515961647034,-0.061341654509305954,0.0,0.0,0.0,-0.0,-0.006918853148818016,0.24631115794181824,0.0,0.0,0.0,0.0,0.0,0.0,0.0,0.33678950175308237,-0.4965610048210698,0.5,0.5835755467414856,-0.22757069766521454,0.03194477781653404,0.0,0.0,0.0,0.0027675412129610777,-0.0027675412129610777,0.6268481016159058,0.0,0.0,0.0,0.0,0.0,0.0,0.0,0.1232225697233546,-0.5872105229904969,0.5
21.315,TRACK,58.60945129394531,56.430458068847656,81.24913024902344,0.0,0.0,0.0,0.7373459339141846,0.07472360879182816,0.20064672827720642,0.0,0.0,0.0,0.0,0.0,0.0,0.0,0.2467948484825571,-0.5468933193617121,0.5,0.40549468994140625,-0.29600515961647034,-0.061341654509305954,0.0,0.0,0.0,-0.0,-0.006918853148818016,0.24631115794181824,0.0,0.0,0.0,0.0,0.0,0.0,0.0,0.3397040765685707,-0.4945716736355759,0.5,0.5835755467414856,-0.22757069766521454,0.03194477781653404,0.0,0.0,0.0,0.0027675412129610777,-0.0027675412129610777,0.6268481016159058,0.0,0.0,0.0,0.0,0.0,0.0,0.0,0.12312503979118178,-0.5872309805999849,0.5
21.335,TRACK,58.60945129394531,56.430458068847656,81.24913024902344,0.0,0.0,0.0,0.7373459339141846,0.07472360879182816,0.20064672827720642,0.0,0.0,0.0,0.0,0.0,0.0,0.0,0.24684079308024298,-0.546872583762906,0.5,0.40549468994140625,-0.29600515961647034,-0.061341654509305954,0.0,0.0,0.0,-0.0,-0.006918853148818016,0.24631115794181824,0.0,0.0,0.0,0.0,0.0,0.0,0.0,0.3425895195132719,-0.4925773250157436,0.5,0.5835755467414856,-0.22757069766521454,0.03194477781653404,0.0,0.0,0.0,0.0027675412129610777,-0.0027675412129610777,0.6268481016159058,0.0,0.0,0.0,0.0,0.0,0.0,0.0,0.12302809167269849,-0.5872512994105454,0.5
21.355,TRACK,0.0001313353277510032,5.235263233771548e-05,-4.182416887488216e-06,0.0,0.0,0.0,-0.004151311703026295,0.0,-0.009686394594609737,0.0,0.0,0.0,0.0,0.0,0.0,0.0,0.24688646028379563,-0.546851968752548,0.5,0.40549468994140625,-0.29600515961647034,-0.061341654509305954,0.0,0.0,0.0,-0.0,-0.006918853148818016,0.24631115794181824,0.0,0.0,0.0,0.0,0.0,0.0,0.0,0.3454460469639611,-0.49057825944182726,0.5,0.5835755467414856,-0.22757069766521454,0.03194477781653404,0.0,0.0,0.0,0.0027675412129610777,-0.0027675412129610777,0.6268481016159058,0.0,0.0,0.0,0.0,0.0,0.0,0.0,0.12293172191991085,-0.5872714804464845,0.5
21.375,TRACK,0.0001313353277510032,5.235263233771548e-05,-4.182416887488216e-06,0.0,0.0,0.0,-0.004151311703026295,0.0,-0.009686394594609737,0.0,0.0,0.0,0.0,0.0,0.0,0.0,0.24693185177792057,-0.5468314736530141,0.5,0.40549468994140625,-0.29600515961647034,-0.061341654509305954,0.0,0.0,0.0,-0.0,-0.006918853148818016,0.24631115794181824,0.0,0.0,0.0,0.0,0.0,0.0,0.0,0.34713804208886645,-0.4893824473095744,0.5,0.5835755467414856,-0.22757069766521454,0.03194477781653404,0.0,0.0,0.0,0.0027675412129610777,-0.0027675412129610777,0.6268481016159058,0.0,0.0,0.0,0.0,0.0,0.0,0.0,0.12283592710495303,-0.5872915247236815,0.5
21.395,TRACK,0.0001313353277510032,5.235263233771548e-05,-4.182416887488216e-06,0.0,0.0,0.0,-0.004151311703026295,0.0,-0.009686394594609737,0.0,0.0,0.0,0.0,0.0,0.0,0.0,0.2469795200848937,-0.5468099456471467,0.5,0.4045143127441406,-0.3005886971950531,-0.04899262636899948,0.0,0.0,0.0,-0.0,-0.006918853148818016,0.24907870590686798,0.0,0.0,0.0,0.0,0.0,0.0,0.0,0.34881578302145677,-0.4881880268043533,0.5,0.584499180316925,-0.22740748524665833,0.03241892531514168,0.0,0.0,0.0,0.0027675412129610777,-0.0027675412129610777,0.6268481016159058,0.0,0.0,0.0,0.0,0.0,0.0,0.0,0.12271077571720372,-0.5873176870509538,0.5
21.415,TRACK,0.0001313353277510032,5.235263233771548e-05,-4.182416887488216e-06,0.0,0.0,0.0,-0.004151311703026295,0.0,-0.009686394594609737,0.0,0.0,0.0,0.0,0.0,0.0,0.0,0.24702690052202972,-0.5467885426913033,0.5,0.4045143127441406,-0.3005886971950531,-0.04899262636899948,0.0,0.0,0.0,-0.0,-0.006918853148818016,0.24907870590686798,0.0,0.0,0.0,0.0,0.0,0.0,0.0,0.3504793847761893,-0.486995072713168,0.5,0.584499180316925,-0.22740748524665833,0.03241892531514168,0.0,0.0,0.0,0.0027675412129610777,-0.0027675412129610777,0.6268481016159058,0.0,0.0,0.0,0.0,0.0,0.0,0.0,0.12258636971561246,-0.5873436659741442,0.5
21.435,TRACK,0.0001313353277510032,5.235263233771548e-05,-4.182416887488216e-06,0.0,0.0,0.0,-0.004151311703026295,0.0,-0.009686394594609737,0.0,0.0,0.0,0.0,0.0,0.0,0.0,0.24707399483844794,-0.5467672640846108,0.5,0.4045143127441406,-0.3005886971950531,-0.04899262636899948,0.0,0.0,0.0,-0.0,-0.006918853148818016,0.24907870590686798,0.0,0.0,0.0,0.0,0.0,0.0,0.0,0.3521289617221121,-0.4858036581958881,0.5,0.584499180316925,-0.22740748524665833,0.03241892531514168,0.0,0.0,0.0,0.0027675412129610777,-0.0027675412129610777,0.6268481016159058,0.0,0.0,0.0,0.0,0.0,0.0,0.0,0.12246270469946105,-0.5873694629087323,0.5
21.455,TRACK,0.0001512085582362488,7.311177614610642e-05,-5.774344754172489e-05,0.0,0.0,0.0,0.0027675412129610777,-0.0,-0.0027675412129610777,0.0,0.0,0.0,0.0,0.0,0.0,0.0,0.24712080477251744,-0.5467461091298074,0.5,0.4045143127441406,-0.3005886971950531,-0.04899262636899948,0.0,0.0,0.0,-0.0,-0.006918853148818016,0.24907870590686798,0.0,0.0,0.0,0.0,0.0,0.0,0.0,0.3539712133102215,-0.48446298119432163,0.5,0.584499180316925,-0.22740748524665833,0.03241892531514168,0.0,0.0,0.0,0.0027675412129610777,-0.0027675412129610777,0.6268481016159058,0.0,0.0,0.0,0.0,0.0,0.0,0.0,0.12233977629348028,-0.5873950792579566,0.5
21.475,TRACK,0.0001512085582362488,7.311177614610642e-05,-5.774344754172489e-05,0.0,0.0,0.0,0.0027675412129610777,-0.0,-0.0027675412129610777,0.0,0.0,0.0,0.0,0.0,0.0,0.0,0.24716733205192426,-0.5467250771332277,0.5,0.4045143127441406,-0.3005886971950531,-0.04899262636899948,0.0,0.0,0.0,-0.0,-0.006918853148818016,0.24907870590686798,0.0,0.0,0.0,0.0,0.0,0.0,0.0,0.35579735291992703,-0.4831234248669514,0.5,0.584499180316925,-0.22740748524665833,0.03241892531514168,0.0,0.0,0.0,0.0027675412129610777,-0.0027675412129610777,0.6268481016159058,0.0,0.0,0.0,0.0,0.0,0.0,0.0,0.12221758014771032,-0.5874205164129339,0.5
21.495,TRACK,0.0001512085582362488,7.311177614610642e-05,-5.774344754172489e-05,0.0,0.0,0.0,0.0027675412129610777,-0.0,-0.0027675412129610777,0.0,0.0,0.0,0.0,0.0,0.0,0.0,0.24721061799863853,-0.5467055060530589,0.5,0.40296563506126404,-0.3031564950942993,-0.04118518903851509,0.0,0.0,0.0,0.0,-0.00830262340605259,0.25046247243881226,0.0,0.0,0.0,0.0,0.0,0.0,0.0,0.35760751195737583,-0.48178508423534167,0.5,0.5835274457931519,-0.22763597965240479,0.030045829713344574,0.0,0.0,0.0,0.0027675412129610777,-0.0027675412129610777,0.6268481016159058,0.0,0.0,0.0,0.0,0.0,0.0,0.0,0.12207524919542981,-0.5874501115276716,0.5
21.515,TRACK,0.0001512085582362488,7.311177614610642e-05,-5.774344754172489e-05,0.0,0.0,0.0,0.0027675412129610777,-0.0,-0.0027675412129610777,0.0,0.0,0.0,0.0,0.0,0.0,0.0,0.24725364269392475,-0.546686049003068,0.5,0.40296563506126404,-0.3031564950942993,-0.04118518903851509,0.0,0.0,0.0,0.0,-0.00830262340605259,0.25046247243881226,0.0,0.0,0.0,0.0,0.0,0.0,0.0,0.3594018211561584,-0.48044805229039766,0.5,0.5835274457931519,-0.22763597965240479,0.030045829713344574,0.0,0.0,0.0,0.0027675412129610777,-0.0027675412129610777,0.6268481016159058,0.0,0.0,0.0,0.0,0.0,0.0,0.0,0.12193376512673036,-0.5874794948949447,0.5
21.535,TRACK,0.0001512085582362488,7.311177614610642e-05,-5.774344754172489e-05,0.0,0.0,0.0,0.0027675412129610777,-0.0,-0.0027675412129610777,0.0,0.0,0.0,0.0,0.0,0.0,0.0,0.24729640772340097,-0.5466667053398271,0.5,0.40296563506126404,-0.3031564950942993,-0.04118518903851509,0.0,0.0,0.0,0.0,-0.00830262340605259,0.25046247243881226,0.0,0.0,0.0,0.0,0.0,0.0,0.0,0.36118041056913036,-0.47911242002385457,0.5,0.5835274457931519,-0.22763597965240479,0.030045829713344574,0.0,0.0,0.0,0.0027675412129610777,-0.0027675412129610777,0.6268481016159058,0.0,0.0,0.0,0.0,0.0,0.0,0.0,0.12179312295341324,-0.5875086681924401,0.5
21.555,TRACK,0.0005872910842299461,0.0005735713057219982,0.0014754792209714651,0.0,0.0,0.0,0.024907870218157768,-0.015221476554870605,-0.012453935109078884,0.0,0.0,0.0,0.0,0.0,0.0,0.0,0.24733891466295976,-0.5466474744232787,0.5,0.40296563506126404,-0.3031564950942993,-0.04118518903851509,0.0,0.0,0.0,0.0,-0.00830262340605259,0.25046247243881226,0.0,0.0,0.0,0.0,0.0,0.0,0.0,0.36386925234672485,-0.47707354485093323,0.5,0.5835274457931519,-0.22763597965240479,0.030045829713344574,0.0,0.0,0.0,0.0027675412129610777,-0.0027675412129610777,0.6268481016159058,0.0,0.0,0.0,0.0,0.0,0.0,0.0,0.12165331771595009,-0.5875376330829388,0.5
21.575,TRACK,0.0005872910842299461,0.0005735713057219982,0.0014754792209714651,0.0,0.0,0.0,0.024907870218157768,-0.015221476554870605,-0.012453935109078884,0.0,0.0,0.0,0.0,0.0,0.0,0.0,0.24738116507882876,-0.5466283556167217,0.5,0.40296563506126404,-0.3031564950942993,-0.04118518903851509,0.0,0.0,0.0,0.0,-0.00830262340605259,0.25046247243881226,0.0,0.0,0.0,0.0,0.0,0.0,0.0,0.3665305553505144,-0.47503194839341434,0.5,0.5835274457931519,-0.22763597965240479,0.030045829713344574,0.0,0.0,0.0,0.0027675412129610777,-0.0027675412129610777,0.6268481016159058,0.0,0.0,0.0,0.0,0.0,0.0,0.0,0.12151434448332822,-0.5875663912144626,0.5
21.595,TRACK,0.0005872910842299461,0.0005735713057219982,0.0014754792209714651,0.0,0.0,0.0,0.024907870218157768,-0.015221476554870605,-0.012453935109078884,0.0,0.0,0.0,0.0,0.0,0.0,0.0,0.24742414531011678,-0.5466089025231461,0.5,0.4048459529876709,-0.29599133133888245,-0.0559752881526947,0.0,0.0,0.0,-0.0013837706064805388,-0.006918853148818016,0.24907870590686798,0.0,0.0,0.0,0.0,0.0,0.0,0.0,0.36916453884567,-0.4729878891249371,0.5,0.5859168767929077,-0.22836542129516602,0.0352933369576931,0.0,0.0,0.0,0.004151311703026295,-0.0027675412129610777,0.6268481016159058,0.0,0.0,0.0,0.0,0.0,0.0,0.0,0.12142439788389076,-0.5875849858518635,0.5
21.615,TRACK,0.0005872910842299461,0.0005735713057219982,0.0014754792209714651,0.0,0.0,0.0,0.024907870218157768,-0.015221476554870605,-0.012453935109078884,0.0,0.0,0.0,0.0,0.0,0.0,0.0,0.24746686614404179,-0.5465895627990411,0.5,0.4048459529876709,-0.29599133133888245,-0.0559752881526947,0.0,0.0,0.0,-0.0013837706064805388,-0.006918853148818016,0.24907870590686798,0.0,0.0,0.0,0.0,0.0,0.0,0.0,0.37177142195747076,-0.47094162039017123,0.5,0.5859168767929077,-0.22836542129516602,0.0352933369576931,0.0,0.0,0.0,0.004151311703026295,-0.0027675412129610777,0.6268481016159058,0.0,0.0,0.0,0.0,0.0,0.0,0.0,0.12133498814417405,-0.5876034552757949,0.5
21.635,TRACK,0.0005872910842299461,0.0005735713057219982,0.0014754792209714651,0.0,0.0,0.0,0.024907870218157768,-0.015221476554870605,-0.012453935109078884,0.0,0.0,0.0,0.0,0.0,0.0,0.0,0.24750932915486656,-0.5465703358043755,0.5,0.4048459529876709,-0.29599133133888245,-0.0559752881526947,0.0,0.0,0.0,-0.0013837706064805388,-0.006918853148818016,0.24907870590686798,0.0,0.0,0.0,0.0,0.0,0.0,0.0,0.37435142361964996,-0.46889339047798634,0.5,0.5859168767929077,-0.22836542129516602,0.0352933369576931,0.0,0.0,0.0,0.004151311703026295,-0.0027675412129610777,0.6268481016159058,0.0,0.0,0.0,0.0,0.0,0.0,0.0,0.12124611207880817,-0.5876218004003707,0.5
21.655,TRACK,0.007061739452183247,0.004465277306735516,0.006112657953053713,0.0,0.0,0.0,0.017989017069339752,-0.015221476554870605,-0.01660524681210518,0.0,0.0,0.0,0.0,0.0,0.0,0.0,0.24755153590719883,-0.5465512209024758,0.5,0.4048459529876709,-0.29599133133888245,-0.0559752881526947,0.0,0.0,0.0,-0.0013837706064805388,-0.006918853148818016,0.24907870590686798,0.0,0.0,0.0,0.0,0.0,0.0,0.0,0.37631698530905994,-0.46731737242253335,0.5,0.5859168767929077,-0.22836542129516602,0.0352933369576931,0.0,0.0,0.0,0.004151311703026295,-0.0027675412129610777,0.6268481016159058,0.0,0.0,0.0,0.0,0.0,0.0,0.0,0.12115776652107088,-0.5876400221322793,0.5
21.675,TRACK,0.007061739452183247,0.004465277306735516,0.006112657953053713,0.0,0.0,0.0,0.017989017069339752,-0.015221476554870605,-0.01660524681210518,0.0,0.0,0.0,0.0,0.0,0.0,0.0,0.24759348795605204,-0.5465322174600106,0.5,0.4048459529876709,-0.29599133133888245,-0.0559752881526947,0.0,0.0,0.0,-0.0013837706064805388,-0.006918853148818016,0.24907870590686798,0.0,0.0,0.0,0.0,0.0,0.0,0.0,0.37826417833679293,-0.46574264501674195,0.5,0.5859168767929077,-0.22836542129516602,0.0352933369576931,0.0,0.0,0.0,0.004151311703026295,-0.0027675412129610777,0.6268481016159058,0.0,0.0,0.0,0.0,0.0,0.0,0.0,0.12106994832278153,-0.5876581213708519,0.5
21.695,TRACK,0.007061739452183247,0.004465277306735516,0.006112657953053713,0.0,0.0,0.0,0.017989017069339752,-0.015221476554870605,-0.01660524681210518,0.0,0.0,0.0,0.0,0.0,0.0,0.0,0.2476363844398894,-0.5465127821941032,0.5,0.4038741886615753,-0.30151593685150146,-0.047002192586660385,0.0,0.0,0.0,0.0,-0.00830262340605259,0.25046247243881226,0.0,0.0,0.0,0.0,0.0,0.0,0.0,0.3801931579647462,-0.464169325394078,0.5,0.5851340293884277,-0.22781416773796082,0.03438509255647659,0.0,0.0,0.0,0.0027675412129610777,-0.0027675412129610777,0.6268481016159058,0.0,0.0,0.0,0.0,0.0,0.0,0.0,0.12094744051852636,-0.587683347247493,0.5
21.715,TRACK,0.007061739452183247,0.004465277306735516,0.006112657953053713,0.0,0.0,0.0,0.017989017069339752,-0.015221476554870605,-0.01660524681210518,0.0,0.0,0.0,0.0,0.0,0.0,0.0,0.24767902203292344,-0.5464934602031525,0.5,0.4038741886615753,-0.30151593685150146,-0.047002192586660385,0.0,0.0,0.0,0.0,-0.00830262340605259,0.25046247243881226,0.0,0.0,0.0,0.0,0.0,0.0,0.0,0.38210407869713825,-0.46259752814191635,0.5,0.5851340293884277,-0.22781416773796082,0.03438509255647659,0.0,0.0,0.0,0.0027675412129610777,-0.0027675412129610777,0.6268481016159058,0.0,0.0,0.0,0.0,0.0,0.0,0.0,0.12082566255228709,-0.5877083964593333,0.5
21.735,TRACK,0.007061739452183247,0.004465277306735516,0.006112657953053713,0.0,0.0,0.0,0.017989017069339752,-0.015221476554870605,-0.01660524681210518,0.0,0.0,0.0,0.0,0.0,0.0,0.0,0.24772140230633016,-0.5464742508475448,0.5,0.4038741886615753,-0.30151593685150146,-0.047002192586660385,0.0,0.0,0.0,0.0,-0.00830262340605259,0.25046247243881226,0.0,0.0,0.0,0.0,0.0,0.0,0.0,0.3839970942681245,-0.46102736534140476,0.5,0.5851340293884277,-0.22781416773796082,0.03438509255647659,0.0,0.0,0.0,0.0027675412129610777,-0.0027675412129610777,0.6268481016159058,0.0,0.0,0.0,0.0,0.0,0.0,0.0,0.1207046101125357,-0.5877332703680987,0.5
21.755,TRACK,4.717003321275115e-05,2.474121720297262e-05,-5.071758641861379e-05,0.0,0.0,0.0,0.0013837706064805388,0.0027675412129610777,0.0013837706064805388,0.0,0.0,0.0,0.0,0.0,0.0,0.0,0.24776352682164987,-0.546455153491023,0.5,0.4038741886615753,-0.30151593685150146,-0.047002192586660385,0.0,0.0,0.0,0.0,-0.00830262340605259,0.25046247243881226,0.0,0.0,0.0,0.0,0.0,0.0,0.0,0.3856496167917298,-0.459645921409504,0.5,0.5851340293884277,-0.22781416773796082,0.03438509255647659,0.0,0.0,0.0,0.0027675412129610777,-0.0027675412129610777,0.6268481016159058,0.0,0.0,0.0,0.0,0.0,0.0,0.0,0.12058427891271326,-0.5877579703237558,0.5
21.775,TRACK,4.717003321275115e-05,2.474121720297262e-05,-5.071758641861379e-05,0.0,0.0,0.0,0.0013837706064805388,0.0027675412129610777,0.0013837706064805388,0.0,0.0,0.0,0.0,0.0,0.0,0.0,0.24780539713084715,-0.5464361675006726,0.5,0.4038741886615753,-0.30151593685150146,-0.047002192586660385,0.0,0.0,0.0,0.0,-0.00830262340605259,0.25046247243881226,0.0,0.0,0.0,0.0,0.0,0.0,0.0,0.38728729910329374,-0.45826689598232584,0.5,0.5851340293884277,-0.22781416773796082,0.03438509255647659,0.0,0.0,0.0,0.0027675412129610777,-0.0027675412129610777,0.6268481016159058,0.0,0.0,0.0,0.0,0.0,0.0,0.0,0.12046466469109263,-0.5877824976646231,0.5
21.797,TRACK,4.717003321275115e-05,2.474121720297262e-05,-5.071758641861379e-05,0.0,0.0,0.0,0.0013837706064805388,0.0027675412129610777,0.0013837706064805388,0.0,0.0,0.0,0.0,0.0,0.0,0.0,0.24783774842804662,-0.5464214952343257,0.5,0.4044156074523926,-0.29430505633354187,-0.059688400477170944,0.0,0.0,0.0,-0.0027675412129610777,-0.006918853148818016,0.24907870590686798,0.0,0.0,0.0,0.0,0.0,0.0,0.0,0.3889102685027077,-0.4568903621801972,0.5,0.5820685029029846,-0.22851726412773132,0.028220443055033684,0.0,0.0,0.0,0.0027675412129610777,-0.004151311703026295,0.6282318234443665,0.0,0.0,0.0,0.0,0.0,0.0,0.0,0.12038879202731853,-0.5877980424892576,0.5
21.815,TRACK,4.717003321275115e-05,2.474121720297262e-05,-5.071758641861379e-05,0.0,0.0,0.0,0.0013837706064805388,0.0027675412129610777,0.0013837706064805388,0.0,0.0,0.0,0.0,0.0,0.0,0.0,0.24786990475653842,-0.5464069091034488,0.5,0.4044156074523926,-0.29430505633354187,-0.059688400477170944,0.0,0.0,0.0,-0.0027675412129610777,-0.006918853148818016,0.24907870590686798,0.0,0.0,0.0,0.0,0.0,0.0,0.0,0.39051865149900616,-0.455516391397058,0.5,0.5820685029029846,-0.22851726412773132,0.028220443055033684,0.0,0.0,0.0,0.0027675412129610777,-0.004151311703026295,0.6282318234443665,0.0,0.0,0.0,0.0,0.0,0.0,0.0,0.12031337261162933,-0.5878134843390506,0.5
21.835,TRACK,4.717003321275115e-05,2.474121720297262e-05,-5.071758641861379e-05,0.0,0.0,0.0,0.0013837706064805388,0.0027675412129610777,0.0013837706064805388,0.0,0.0,0.0,0.0,0.0,0.0,0.0,0.24790186729632444,-0.5463924086139883,0.5,0.4044156074523926,-0.29430505633354187,-0.059688400477170944,0.0,0.0,0.0,-0.0027675412129610777,-0.006918853148818016,0.24907870590686798,0.0,0.0,0.0,0.0,0.0,0.0,0.0,0.3921125738065298,-0.4541450533285799,0.5,0.5820685029029846,-0.22851726412773132,0.028220443055033684,0.0,0.0,0.0,0.0027675412129610777,-0.004151311703026295,0.6282318234443665,0.0,0.0,0.0,0.0,0.0,0.0,0.0,0.12023840374955036,-0.5878288239477204,0.5
21.855,TRACK,4.728125350084156e-05,8.469966269331053e-05,-9.953022527042776e-05,0.0,0.0,0.0,0.0013837706064805388,0.0013837706064805388,0.0013837706064805388,0.0,0.0,0.0,0.0,0.0,0.0,0.0,0.24793363722020667,-0.5463779932745818,0.5,0.4044156074523926,-0.29430505633354187,-0.059688400477170944,0.0,0.0,0.0,-0.0027675412129610777,-0.006918853148818016,0.24907870590686798,0.0,0.0,0.0,0.0,0.0,0.0,0.0,0.3952616389871578,-0.45140695247767915,0.5,0.5820685029029846,-0.22851726412773132,0.028220443055033684,0.0,0.0,0.0,0.0027675412129610777,-0.004151311703026295,0.6282318234443665,0.0,0.0,0.0,0.0,0.0,0.0,0.0,0.12016388276245227,-0.5878440620432017,0.5
21.875,TRACK,4.728125350084156e-05,8.469966269331053e-05,-9.953022527042776e-05,0.0,0.0,0.0,0.0013837706064805388,0.0013837706064805388,0.0013837706064805388,0.0,0.0,0.0,0.0,0.0,0.0,0.0,0.24796521569383198,-0.5463636625965451,0.5,0.4044156074523926,-0.29430505633354187,-0.059688400477170944,0.0,0.0,0.0,-0.0027675412129610777,-0.006918853148818016,0.24907870590686798,0.0,0.0,0.0,0.0,0.0,0.0,0.0,0.39837286233556063,-0.4486636407762194,0.5,0.5820685029029846,-0.22851726412773132,0.028220443055033684,0.0,0.0,0.0,0.0027675412129610777,-0.004151311703026295,0.6282318234443665,0.0,0.0,0.0,0.0,0.0,0.0,0.0,0.12008980698746059,-0.5878591993476961,0.5
21.895,TRACK,4.728125350084156e-05,8.469966269331053e-05,-9.953022527042776e-05,0.0,0.0,0.0,0.0013837706064805388,0.0013837706064805388,0.0013837706064805388,0.0,0.0,0.0,0.0,0.0,0.0,0.0,0.24800454942588443,-0.54634580941384,0.5,0.40569594502449036,-0.2968539893627167,-0.06177379563450813,0.0,0.0,0.0,-0.0013837706064805388,-0.006918853148818016,0.2476949393749237,0.0,0.0,0.0,0.0,0.0,0.0,0.0,0.40144655022640113,-0.44591553831563385,0.5,0.5843421816825867,-0.22777679562568665,0.02873794175684452,0.0,0.0,0.0,0.004151311703026295,-0.0027675412129610777,0.6282318234443665,0.0,0.0,0.0,0.0,0.0,0.0,0.0,0.12000699892714971,-0.5878761095745422,0.5
21.915,TRACK,4.728125350084156e-05,8.469966269331053e-05,-9.953022527042776e-05,0.0,0.0,0.0,0.0013837706064805388,0.0013837706064805388,0.0013837706064805388,0.0,0.0,0.0,0.0,0.0,0.0,0.0,0.24804364588168384,-0.5463280605439572,0.5,0.40569594502449036,-0.2968539893627167,-0.06177379563450813,0.0,0.0,0.0,-0.0013837706064805388,-0.006918853148818016,0.2476949393749237,0.0,0.0,0.0,0.0,0.0,0.0,0.0,0.4044830097666968,-0.44316305668464095,0.5,0.5843421816825867,-0.22777679562568665,0.02873794175684452,0.0,0.0,0.0,0.004151311703026295,-0.0027675412129610777,0.6282318234443665,0.0,0.0,0.0,0.0,0.0,0.0,0.0,0.11992468535540284,-0.5878929067801444,0.5
21.935,TRACK,4.728125350084156e-05,8.469966269331053e-05,-9.953022527042776e-05,0.0,0.0,0.0,0.0013837706064805388,0.0013837706064805388,0.0013837706064805388,0.0,0.0,0.0,0.0,0.0,0.0,0.0,0.2480825064999298,-0.5463104153946841,0.5,0.40569594502449036,-0.2968539893627167,-0.06177379563450813,0.0,0.0,0.0,-0.0013837706064805388,-0.006918853148818016,0.2476949393749237,0.0,0.0,0.0,0.0,0.0,0.0,0.0,0.407482548683347,-0.4404065990860307,0.5,0.5843421816825867,-0.22777679562568665,0.02873794175684452,0.0,0.0,0.0,0.004151311703026295,-0.0027675412129610777,0.6282318234443665,0.0,0.0,0.0,0.0,0.0,0.0,0.0,0.11984286333512043,-0.5879095917806066,0.5
21.955,TRACK,-1.9494966181810014e-05,0.00014653043763246387,-1.8473177988198586e-05,0.0,0.0,0.0,0.0027675412129610777,0.0,0.005535082425922155,0.0,0.0,0.0,0.0,0.0,0.0,0.0,0.24812113271051325,-0.5462928733769569,0.5,0.40569594502449036,-0.2968539893627167,-0.06177379563450813,0.0,0.0,0.0,-0.0013837706064805388,-0.006918853148818016,0.2476949393749237,0.0,0.0,0.0,0.0,0.0,0.0,0.0,0.4121266737181698,-0.43606376232151783,0.5,0.5843421816825867,-0.22777679562568665,0.02873794175684452,0.0,0.0,0.0,0.004151311703026295,-0.0027675412129610777,0.6282318234443665,0.0,0.0,0.0,0.0,0.0,0.0,0.0,0.11976152994644002,-0.5879261653854911,0.5
21.975,TRACK,-1.9494966181810014e-05,0.00014653043763246387,-1.8473177988198586e-05,0.0,0.0,0.0,0.0027675412129610777,0.0,0.005535082425922155,0.0,0.0,0.0,0.0,0.0,0.0,0.0,0.24815952593457155,-0.5462754339048469,0.5,0.40569594502449036,-0.2968539893627167,-0.06177379563450813,0.0,0.0,0.0,-0.0013837706064805388,-0.006918853148818016,0.2476949393749237,0.0,0.0,0.0,0.0,0.0,0.0,0.0,0.41669706876090534,-0.4316984513361952,0.5,0.5843421816825867,-0.22777679562568665,0.02873794175684452,0.0,0.0,0.0,0.004151311703026295,-0.0027675412129610777,0.6282318234443665,0.0,0.0,0.0,0.0,0.0,0.0,0.0,0.1196806822866382,-0.5879426283978776,0.5
21.995,TRACK,-1.9494966181810014e-05,0.00014653043763246387,-1.8473177988198586e-05,0.0,0.0,0.0,0.0027675412129610777,0.0,0.005535082425922155,0.0,0.0,0.0,0.0,0.0,0.0,0.0,0.24819768758454275,-0.546258096395546,0.5,0.4024687707424164,-0.30360621213912964,-0.05215693265199661,0.0,0.0,0.0,0.0,-0.00830262340605259,0.24907870590686798,0.0,0.0,0.0,0.0,0.0,0.0,0.0,0.4211942223404536,-0.42731186160346696,0.5,0.5843421816825867,-0.22777679562568665,0.02873794175684452,0.0,0.0,0.0,0.004151311703026295,-0.0027675412129610777,0.6282318234443665,0.0,0.0,0.0,0.0,0.0,0.0,0.0,0.11960031747003226,-0.5879589816144214,0.5
22.015,TRACK,-1.9494966181810014e-05,0.00014653043763246387,-1.8473177988198586e-05,0.0,0.0,0.0,0.0027675412129610777,0.0,0.005535082425922155,0.0,0.0,0.0,0.0,0.0,0.0,0.0,0.24823577229036092,-0.5462407906367008,0.5,0.4024687707424164,-0.30360621213912964,-0.05215693265199661,0.0,0.0,0.0,0.0,-0.00830262340605259,0.24907870590686798,0.0,0.0,0.0,0.0,0.0,0.0,0.0,0.4256186334726672,-0.42290516530406597,0.5,0.5838863253593445,-0.227567657828331,0.0306279007345438,0.0,0.0,0.0,0.0027675412129610777,-0.0027675412129610777,0.6282318234443665,0.0,0.0,0.0,0.0,0.0,0.0,0.0,0.11946896244198589,-0.587985686061349,0.5
22.035,TRACK,-1.9494966181810014e-05,0.00014653043763246387,-1.8473177988198586e-05,0.0,0.0,0.0,0.0027675412129610777,0.0,0.005535082425922155,0.0,0.0,0.0,0.0,0.0,0.0,0.0,0.24827362729212646,-0.5462235860810207,0.5,0.4024687707424164,-0.30360621213912964,-0.05215693265199661,0.0,0.0,0.0,0.0,-0.00830262340605259,0.24907870590686798,0.0,0.0,0.0,0.0,0.0,0.0,0.0,0.4299708111209918,-0.41847951154621227,0.5,0.5838863253593445,-0.227567657828331,0.0306279007345438,0.0,0.0,0.0,0.0027675412129610777,-0.0027675412129610777,0.6282318234443665,0.0,0.0,0.0,0.0,0.0,0.0,0.0,0.11933838963506405,-0.588012201199354,0.5
22.055,TRACK,0.00014406190894078463,9.782613051356748e-05,-2.069801303150598e-05,0.0,0.0,0.0,-0.0013837706064805388,0.0013837706064805388,0.0013837706064805388,0.0,0.0,0.0,0.0,0.0,0.0,0.0,0.2483112539821903,-0.5462064821528505,0.5,0.4024687707424164,-0.30360621213912964,-0.05215693265199661,0.0,0.0,0.0,0.0,-0.00830262340605259,0.24907870590686798,0.0,0.0,0.0,0.0,0.0,0.0,0.0,0.4314928576125051,-0.416909958899274,0.5,0.5838863253593445,-0.227567657828331,0.0306279007345438,0.0,0.0,0.0,0.0027675412129610777,-0.0027675412129610777,0.6282318234443665,0.0,0.0,0.0,0.0,0.0,0.0,0.0,0.11920859443301685,-0.588038528510934,0.5
22.075,TRACK,0.00014406190894078463,9.782613051356748e-05,-2.069801303150598e-05,0.0,0.0,0.0,-0.0013837706064805388,0.0013837706064805388,0.0013837706064805388,0.0,0.0,0.0,0.0,0.0,0.0,0.0,0.24834865374438342,-0.5461894782796097,0.5,0.4024687707424164,-0.30360621213912964,-0.05215693265199661,0.0,0.0,0.0,0.0,-0.00830262340605259,0.24907870590686798,0.0,0.0,0.0,0.0,0.0,0.0,0.0,0.4330000939152399,-0.415344337471204,0.5,0.5838863253593445,-0.227567657828331,0.0306279007345438,0.0,0.0,0.0,0.0027675412129610777,-0.0027675412129610777,0.6282318234443665,0.0,0.0,0.0,0.0,0.0,0.0,0.0,0.11907957224625582,-0.5880646694655688,0.5
22.095,TRACK,0.00014406190894078463,9.782613051356748e-05,-2.069801303150598e-05,0.0,0.0,0.0,-0.0013837706064805388,0.0013837706064805388,0.0013837706064805388,0.0,0.0,0.0,0.0,0.0,0.0,0.0,0.24838632621629714,-0.5461723472941222,0.5,0.40082836151123047,-0.30655810236930847,-0.046066924929618835,0.0,0.0,0.0,0.0,-0.00830262340605259,0.25046247243881226,0.0,0.0,0.0,0.0,0.0,0.0,0.0,0.4344926572241749,-0.41378270966568387,0.5,0.5839577913284302,-0.22749324142932892,0.03178650513291359,0.0,0.0,0.0,0.0027675412129610777,-0.0027675412129610777,0.6282318234443665,0.0,0.0,0.0,0.0,0.0,0.0,0.0,0.11892793213136627,-0.5880953553285021,0.5
22.115,TRACK,0.00014406190894078463,9.782613051356748e-05,-2.069801303150598e-05,0.0,0.0,0.0,-0.0013837706064805388,0.0013837706064805388,0.0013837706064805388,0.0,0.0,0.0,0.0,0.0,0.0,0.0,0.24842377148230538,-0.5461553165194928,0.5,0.40082836151123047,-0.30655810236930847,-0.046066924929618835,0.0,0.0,0.0,0.0,-0.00830262340605259,0.25046247243881226,0.0,0.0,0.0,0.0,0.0,0.0,0.0,0.43597068375579867,-0.41222513618834716,0.5,0.5839577913284302,-0.22749324142932892,0.03178650513291359,0.0,0.0,0.0,0.0027675412129610777,-0.0027675412129610777,0.6282318234443665,0.0,0.0,0.0,0.0,0.0,0.0,0.0,0.11877719402067076,-0.5881258183251062,0.5
22.135,TRACK,0.00014406190894078463,9.782613051356748e-05,-2.069801303150598e-05,0.0,0.0,0.0,-0.0013837706064805388,0.0013837706064805388,0.0013837706064805388,0.0,0.0,0.0,0.0,0.0,0.0,0.0,0.24846099091947998,-0.5461383853853435,0.5,0.40082836151123047,-0.30655810236930847,-0.046066924929618835,0.0,0.0,0.0,0.0,-0.00830262340605259,0.25046247243881226,0.0,0.0,0.0,0.0,0.0,0.0,0.0,0.43743430874679445,-0.4106716760761741,0.5,0.5839577913284302,-0.22749324142932892,0.03178650513291359,0.0,0.0,0.0,0.0027675412129610777,-0.0027675412129610777,0.6282318234443665,0.0,0.0,0.0,0.0,0.0,0.0,0.0,0.11862735260571367,-0.5881560602542149,0.5
22.155,TRACK,3.3005777368089184e-05,0.00014797822223044932,-3.815265517914668e-05,0.0,0.0,0.0,-0.0027675412129610777,0.0013837706064805388,-0.004151311703026295,0.0,0.0,0.0,0.0,0.0,0.0,0.0,0.2484979858964679,-0.5461215533243481,0.5,0.40082836151123047,-0.30655810236930847,-0.046066924929618835,0.0,0.0,0.0,0.0,-0.00830262340605259,0.25046247243881226,0.0,0.0,0.0,0.0,0.0,0.0,0.0,0.43888366645300836,-0.4091223867264715,0.5,0.5839577913284302,-0.22749324142932892,0.03178650513291359,0.0,0.0,0.0,0.0027675412129610777,-0.0027675412129610777,0.6282318234443665,0.0,0.0,0.0,0.0,0.0,0.0,0.0,0.11847840260847593,-0.5881860828983834,0.5
22.175,TRACK,3.3005777368089184e-05,0.00014797822223044932,-3.815265517914668e-05,0.0,0.0,0.0,-0.0027675412129610777,0.0013837706064805388,-0.004151311703026295,0.0,0.0,0.0,0.0,0.0,0.0,0.0,0.2485347577735435,-0.5461048197722174,0.5,0.40082836151123047,-0.30655810236930847,-0.046066924929618835,0.0,0.0,0.0,0.0,-0.00830262340605259,0.25046247243881226,0.0,0.0,0.0,0.0,0.0,0.0,0.0,0.44216023529660037,-0.4055790013332236,0.5,0.5839577913284302,-0.22749324142932892,0.03178650513291359,0.0,0.0,0.0,0.0027675412129610777,-0.0027675412129610777,0.6282318234443665,0.0,0.0,0.0,0.0,0.0,0.0,0.0,0.11833033878121263,-0.5882158880240514,0.5
22.195,TRACK,3.3005777368089184e-05,0.00014797822223044932,-3.815265517914668e-05,0.0,0.0,0.0,-0.0027675412129610777,0.0013837706064805388,-0.004151311703026295,0.0,0.0,0.0,0.0,0.0,0.0,0.0,0.24857155574168924,-0.5460880713549384,0.5,0.40551480650901794,-0.29470500349998474,-0.05995924770832062,0.0,0.0,0.0,-0.0027675412129610777,-0.005535082425922155,0.2476949393749237,0.0,0.0,0.0,0.0,0.0,0.0,0.0,0.44538879496106304,-0.40203087110709806,0.5,0.5851990580558777,-0.22792582213878632,0.031734198331832886,0.0,0.0,0.0,0.004151311703026295,-0.0027675412129610777,0.6282318234443665,0.0,0.0,0.0,0.0,0.0,0.0,0.0,0.11826949808438163,-0.5882281239645623,0.5
22.215,TRACK,3.3005777368089184e-05,0.00014797822223044932,-3.815265517914668e-05,0.0,0.0,0.0,-0.0027675412129610777,0.0013837706064805388,-0.004151311703026295,0.0,0.0,0.0,0.0,0.0,0.0,0.0,0.24860813180351102,-0.546071420970891,0.5,0.40551480650901794,-0.29470500349998474,-0.05995924770832062,0.0,0.0,0.0,-0.0027675412129610777,-0.005535082425922155,0.2476949393749237,0.0,0.0,0.0,0.0,0.0,0.0,0.0,0.44856976813982513,-0.3984785604157186,0.5,0.5851990580558777,-0.22792582213878632,0.031734198331832886,0.0,0.0,0.0,0.004151311703026295,-0.0027675412129610777,0.6282318234443665,0.0,0.0,0.0,0.0,0.0,0.0,0.0,0.11820902117783832,-0.588240280253042,0.5
22.235,TRACK,3.3005777368089184e-05,0.00014797822223044932,-3.815265517914668e-05,0.0,0.0,0.0,-0.0027675412129610777,0.0013837706064805388,-0.004151311703026295,0.0,0.0,0.0,0.0,0.0,0.0,0.0,0.24864448730366626,-0.5460548680613487,0.5,0.40551480650901794,-0.29470500349998474,-0.05995924770832062,0.0,0.0,0.0,-0.0027675412129610777,-0.005535082425922155,0.2476949393749237,0.0,0.0,0.0,0.0,0.0,0.0,0.0,0.45170357880503953,-0.39492262140161005,0.5,0.5851990580558777,-0.22792582213878632,0.031734198331832886,0.0,0.0,0.0,0.004151311703026295,-0.0027675412129610777,0.6282318234443665,0.0,0.0,0.0,0.0,0.0,0.0,0.0,0.11814890589447609,-0.5882523574418875,0.5
22.255,TRACK,8.229089144151658e-05,0.00016272491484414786,-2.036624209722504e-05,0.0,0.0,0.0,0.0013837706064805388,0.0013837706064805388,0.0,0.0,0.0,0.0,0.0,0.0,0.0,0.0,0.24868062357858883,-0.5460384120705833,0.5,0.40551480650901794,-0.29470500349998474,-0.05995924770832062,0.0,0.0,0.0,-0.0027675412129610777,-0.005535082425922155,0.2476949393749237,0.0,0.0,0.0,0.0,0.0,0.0,0.0,0.4542060381010942,-0.3920419300948654,0.5,0.5851990580558777,-0.22792582213878632,0.031734198331832886,0.0,0.0,0.0,0.004151311703026295,-0.0027675412129610777,0.6282318234443665,0.0,0.0,0.0,0.0,0.0,0.0,0.0,0.11808915007999264,-0.5882643560792927,0.5
22.275,TRACK,8.229089144151658e-05,0.00016272491484414786,-2.036624209722504e-05,0.0,0.0,0.0,0.0013837706064805388,0.0013837706064805388,0.0,0.0,0.0,0.0,0.0,0.0,0.0,0.0,0.24871654195654083,-0.5460220524458516,0.5,0.40551480650901794,-0.29470500349998474,-0.05995924770832062,0.0,0.0,0.0,-0.0027675412129610777,-0.005535082425922155,0.2476949393749237,0.0,0.0,0.0,0.0,0.0,0.0,0.0,0.45667527687393866,-0.38916280846467266,0.5,0.5851990580558777,-0.22792582213878632,0.031734198331832886,0.0,0.0,0.0,0.004151311703026295,-0.0027675412129610777,0.6282318234443665,0.0,0.0,0.0,0.0,0.0,0.0,0.0,0.11802975159281545,-0.5882762767092842,0.5
22.295,TRACK,8.229089144151658e-05,0.00016272491484414786,-2.036624209722504e-05,0.0,0.0,0.0,0.0013837706064805388,0.0013837706064805388,0.0,0.0,0.0,0.0,0.0,0.0,0.0,0.0,0.2487515870154406,-0.5460060878390457,0.5,0.4054270088672638,-0.29437676072120667,-0.06418677419424057,0.0,0.0,0.0,-0.0027675412129610777,-0.006918853148818016,0.2476949393749237,0.0,0.0,0.0,0.0,0.0,0.0,0.0,0.4591116144666519,-0.3862855491237336,0.5,0.5839942097663879,-0.2275913953781128,0.03457459434866905,0.0,0.0,0.0,0.0027675412129610777,-0.0027675412129610777,0.6282318234443665,0.0,0.0,0.0,0.0,0.0,0.0,0.0,0.11797221531744616,-0.5882878176650389,0.5
22.315,TRACK,8.229089144151658e-05,0.00016272491484414786,-2.036624209722504e-05,0.0,0.0,0.0,0.0013837706064805388,0.0013837706064805388,0.0,0.0,0.0,0.0,0.0,0.0,0.0,0.0,0.24878642078845592,-0.5459902167908042,0.5,0.4054270088672638,-0.29437676072120667,-0.06418677419424057,0.0,0.0,0.0,-0.0027675412129610777,-0.006918853148818016,0.2476949393749237,0.0,0.0,0.0,0.0,0.0,0.0,0.0,0.4615153693277808,-0.38341043787857687,0.5,0.5839942097663879,-0.2275913953781128,0.03457459434866905,0.0,0.0,0.0,0.0027675412129610777,-0.0027675412129610777,0.6282318234443665,0.0,0.0,0.0,0.0,0.0,0.0,0.0,0.11791502314138876,-0.5882992837982771,0.5
22.335,TRACK,8.229089144151658e-05,0.00016272491484414786,-2.036624209722504e-05,0.0,0.0,0.0,0.0013837706064805388,0.0013837706064805388,0.0,0.0,0.0,0.0,0.0,0.0,0.0,0.0,0.2488210445553114,-0.5459744387665083,0.5,0.4054270088672638,-0.29437676072120667,-0.06418677419424057,0.0,0.0,0.0,-0.0027675412129610777,-0.006918853148818016,0.2476949393749237,0.0,0.0,0.0,0.0,0.0,0.0,0.0,0.4638868589473702,-0.38053775383783234,0.5,0.5839942097663879,-0.2275913953781128,0.03457459434866905,0.0,0.0,0.0,0.0027675412129610777,-0.0027675412129610777,0.6282318234443665,0.0,0.0,0.0,0.0,0.0,0.0,0.0,0.11785817301396283,-0.5883106756245469,0.5
22.355,TRACK,2.324165507161524e-05,0.00021344055130612105,-4.359090962680057e-05,0.0,0.0,0.0,0.0013837706064805388,-0.0,0.0027675412129610777,0.0,0.0,0.0,0.0,0.0,0.0,0.0,0.24885545958791225,-0.5459587532344261,0.5,0.4054270088672638,-0.29437676072120667,-0.06418677419424057,0.0,0.0,0.0,-0.0027675412129610777,-0.006918853148818016,0.2476949393749237,0.0,0.0,0.0,0.0,0.0,0.0,0.0,0.4670404827884391,-0.37666057324432256,0.5,0.5839942097663879,-0.2275913953781128,0.03457459434866905,0.0,0.0,0.0,0.0027675412129610777,-0.0027675412129610777,0.6282318234443665,0.0,0.0,0.0,0.0,0.0,0.0,0.0,0.117801662896616,-0.5883219936555083,0.5
22.375,TRACK,2.324165507161524e-05,0.00021344055130612105,-4.359090962680057e-05,0.0,0.0,0.0,0.0013837706064805388,-0.0,0.0027675412129610777,0.0,0.0,0.0,0.0,0.0,0.0,0.0,0.2488896671503924,-0.545943159665699,0.5,0.4054270088672638,-0.29437676072120667,-0.06418677419424057,0.0,0.0,0.0,-0.0027675412129610777,-0.006918853148818016,0.2476949393749237,0.0,0.0,0.0,0.0,0.0,0.0,0.0,0.47014307171514647,-0.37278075609967665,0.5,0.5839942097663879,-0.2275913953781128,0.03457459434866905,0.0,0.0,0.0,0.0027675412129610777,-0.0027675412129610777,0.6282318234443665,0.0,0.0,0.0,0.0,0.0,0.0,0.0,0.1177454907628536,-0.5883332383989661,0.5
22.395,TRACK,2.324165507161524e-05,0.00021344055130612105,-4.359090962680057e-05,0.0,0.0,0.0,0.0013837706064805388,-0.0,0.0027675412129610777,0.0,0.0,0.0,0.0,0.0,0.0,0.0,0.24892217533733466,-0.5459283383607497,0.5,0.4052337110042572,-0.29569873213768005,-0.06291191279888153,0.0,0.0,0.0,-0.0027675412129610777,-0.006918853148818016,0.2476949393749237,0.0,0.0,0.0,0.0,0.0,0.0,0.0,0.4731951053488166,-0.36889889166805906,0.5,0.5834073424339294,-0.22766907513141632,0.031740445643663406,0.0,0.0,0.0,0.0027675412129610777,-0.0027675412129610777,0.6282318234443665,0.0,0.0,0.0,0.0,0.0,0.0,0.0,0.11768132780182045,-0.5883460759508815,0.5
22.415,TRACK,2.324165507161524e-05,0.00021344055130612105,-4.359090962680057e-05,0.0,0.0,0.0,0.0013837706064805388,-0.0,0.0027675412129610777,0.0,0.0,0.0,0.0,0.0,0.0,0.0,0.2489544876004787,-0.5459136040653164,0.5,0.4052337110042572,-0.29569873213768005,-0.06291191279888153,0.0,0.0,0.0,-0.0027675412129610777,-0.006918853148818016,0.2476949393749237,0.0,0.0,0.0,0.0,0.0,0.0,0.0,0.4761970642737931,-0.36501555580142186,0.5,0.5834073424339294,-0.22766907513141632,0.031740445643663406,0.0,0.0,0.0,0.0027675412129610777,-0.0027675412129610777,0.6282318234443665,0.0,0.0,0.0,0.0,0.0,0.0,0.0,0.11761754843147149,-0.5883588295427973,0.5
22.435,TRACK,2.324165507161524e-05,0.00021344055130612105,-4.359090962680057e-05,0.0,0.0,0.0,0.0013837706064805388,-0.0,0.0027675412129610777,0.0,0.0,0.0,0.0,0.0,0.0,0.0,0.24898660512572,-0.5458989562803438,0.5,0.4052337110042572,-0.29569873213768005,-0.06291191279888153,0.0,0.0,0.0,-0.0027675412129610777,-0.006918853148818016,0.2476949393749237,0.0,0.0,0.0,0.0,0.0,0.0,0.0,0.47914942984246567,-0.3611313111343851,0.5,0.5834073424339294,-0.22766907513141632,0.031740445643663406,0.0,0.0,0.0,0.0027675412129610777,-0.0027675412129610777,0.6282318234443665,0.0,0.0,0.0,0.0,0.0,0.0,0.0,0.11755415036760043,-0.5883714997612917,0.5
22.455,TRACK,0.0,0.0,0.0,0.0,0.0,0.0,0.0,0.0,0.0,0.0,0.0,0.0,0.0,0.0,0.0,0.0,0.24901852909171637,-0.545884394509495,0.5,0.4052337110042572,-0.29569873213768005,-0.06291191279888153,0.0,0.0,0.0,-0.0027675412129610777,-0.006918853148818016,0.2476949393749237,0.0,0.0,0.0,0.0,0.0,0.0,0.0,0.4788996871911594,-0.36146243180752496,0.5,0.5834073424339294,-0.22766907513141632,0.031740445643663406,0.0,0.0,0.0,0.0027675412129610777,-0.0027675412129610777,0.6282318234443665,0.0,0.0,0.0,0.0,0.0,0.0,0.0,0.11749113133948563,-0.5883840871884348,0.5
22.475,TRACK,0.0,0.0,0.0,0.0,0.0,0.0,0.0,0.0,0.0,0.0,0.0,0.0,0.0,0.0,0.0,0.0,0.24905026066993344,-0.5458699182591381,0.5,0.4052337110042572,-0.29569873213768005,-0.06291191279888153,0.0,0.0,0.0,-0.0027675412129610777,-0.006918853148818016,0.2476949393749237,0.0,0.0,0.0,0.0,0.0,0.0,0.0,0.47865121622684115,-0.3617913945971708,0.5,0.5834073424339294,-0.22766907513141632,0.031740445643663406,0.0,0.0,0.0,0.0027675412129610777,-0.0027675412129610777,0.6282318234443665,0.0,0.0,0.0,0.0,0.0,0.0,0.0,0.11742848908981171,-0.5883965924018288,0.5
22.495,TRACK,0.0,0.0,0.0,0.0,0.0,0.0,0.0,0.0,0.0,0.0,0.0,0.0,0.0,0.0,0.0,0.0,0.24908864519724735,-0.5458524038911983,0.5,0.4035507142543793,-0.3012407422065735,-0.053162526339292526,0.0,0.0,0.0,-0.0,-0.00830262340605259,0.2476949393749237,0.0,0.0,0.0,0.0,0.0,0.0,0.0,0.4784040121487017,-0.3621182143444662,0.5,0.5910201072692871,-0.22921787202358246,0.024763843044638634,0.0,0.0,0.0,0.0013837706064805388,-0.0027675412129610777,0.6282318234443665,0.0,0.0,0.0,0.0,0.0,0.0,0.0,0.11732787998525146,-0.5884166623899822,0.5
22.515,TRACK,0.0,0.0,0.0,0.0,0.0,0.0,0.0,0.0,0.0,0.0,0.0,0.0,0.0,0.0,0.0,0.0,0.2491267981967693,-0.5458349919345828,0.5,0.4035507142543793,-0.3012407422065735,-0.053162526339292526,0.0,0.0,0.0,-0.0,-0.00830262340605259,0.2476949393749237,0.0,0.0,0.0,0.0,0.0,0.0,0.0,0.47815807014891065,-0.36244290578168226,0.5,0.5910201072692871,-0.22921787202358246,0.024763843044638634,0.0,0.0,0.0,0.0013837706064805388,-0.0027675412129610777,0.6282318234443665,0.0,0.0,0.0,0.0,0.0,0.0,0.0,0.11722787113591326,-0.5884365949097163,0.5
22.535,TRACK,0.0,0.0,0.0,0.0,0.0,0.0,0.0,0.0,0.0,0.0,0.0,0.0,0.0,0.0,0.0,0.0,0.24916472107208498,-0.5458176818069107,0.5,0.4035507142543793,-0.3012407422065735,-0.053162526339292526,0.0,0.0,0.0,-0.0,-0.00830262340605259,0.2476949393749237,0.0,0.0,0.0,0.0,0.0,0.0,0.0,0.4779133854131194,-0.3627654835330549,0.5,0.5910201072692871,-0.22921787202358246,0.024763843044638634,0.0,0.0,0.0,0.0013837706064805388,-0.0027675412129610777,0.6282318234443665,0.0,0.0,0.0,0.0,0.0,0.0,0.0,0.11712845898379906,-0.5884563909892393,0.5
22.555,TRACK,4.823409835807979e-05,0.00017566564201842993,-3.466516500338912e-05,0.0,0.0,0.0,-0.0027675412129610777,-0.0013837706064805388,0.0,0.0,0.0,0.0,0.0,0.0,0.0,0.0,0.24920241521818925,-0.5458004729289094,0.5,0.4035507142543793,-0.3012407422065735,-0.053162526339292526,0.0,0.0,0.0,-0.0,-0.00830262340605259,0.2476949393749237,0.0,0.0,0.0,0.0,0.0,0.0,0.0,0.48049354771714725,-0.3593409948811706,0.5,0.5910201072692871,-0.22921787202358246,0.024763843044638634,0.0,0.0,0.0,0.0013837706064805388,-0.0027675412129610777,0.6282318234443665,0.0,0.0,0.0,0.0,0.0,0.0,0.0,0.11702963999168708,-0.588476051648167,0.5
22.575,TRACK,4.823409835807979e-05,0.00017566564201842993,-3.466516500338912e-05,0.0,0.0,0.0,-0.0027675412129610777,-0.0013837706064805388,0.0,0.0,0.0,0.0,0.0,0.0,0.0,0.0,0.2492398820215398,-0.5457833647244014,0.5,0.4035507142543793,-0.3012407422065735,-0.053162526339292526,0.0,0.0,0.0,-0.0,-0.00830262340605259,0.2476949393749237,0.0,0.0,0.0,0.0,0.0,0.0,0.0,0.4830339120197475,-0.35591886693303976,0.5,0.5910201072692871,-0.22921787202358246,0.024763843044638634,0.0,0.0,0.0,0.0013837706064805388,-0.0027675412129610777,0.6282318234443665,0.0,0.0,0.0,0.0,0.0,0.0,0.0,0.11693141064301463,-0.5884955778976038,0.5
22.595,TRACK,4.823409835807979e-05,0.00017566564201842993,-3.466516500338912e-05,0.0,0.0,0.0,-0.0027675412129610777,-0.0013837706064805388,0.0,0.0,0.0,0.0,0.0,0.0,0.0,0.0,0.24927142500414853,-0.5457689590627165,0.5,0.4052808880805969,-0.29465538263320923,-0.06228238716721535,0.0,0.0,0.0,-0.0027675412129610777,-0.006918853148818016,0.24631115794181824,0.0,0.0,0.0,0.0,0.0,0.0,0.0,0.48553488100556524,-0.3524994742221775,0.5,0.5863596796989441,-0.22858493030071259,0.032570697367191315,0.0,0.0,0.0,0.0013837706064805388,-0.004151311703026295,0.6282318234443665,0.0,0.0,0.0,0.0,0.0,0.0,0.0,0.11687825052562954,-0.5885061380767987,0.5
22.615,TRACK,4.823409835807979e-05,0.00017566564201842993,-3.466516500338912e-05,0.0,0.0,0.0,-0.0027675412129610777,-0.0013837706064805388,0.0,0.0,0.0,0.0,0.0,0.0,0.0,0.0,0.2493027779037165,-0.5457546380283819,0.5,0.4052808880805969,-0.29465538263320923,-0.06228238716721535,0.0,0.0,0.0,-0.0027675412129610777,-0.006918853148818016,0.24631115794181824,0.0,0.0,0.0,0.0,0.0,0.0,0.0,0.4879968564484703,-0.34908318220219525,0.5,0.5863596796989441,-0.22858493030071259,0.032570697367191315,0.0,0.0,0.0,0.0013837706064805388,-0.004151311703026295,0.6282318234443665,0.0,0.0,0.0,0.0,0.0,0.0,0.0,0.11682540842381497,-0.5885166301359791,0.5
22.635,TRACK,4.823409835807979e-05,0.00017566564201842993,-3.466516500338912e-05,0.0,0.0,0.0,-0.0027675412129610777,-0.0013837706064805388,0.0,0.0,0.0,0.0,0.0,0.0,0.0,0.0,0.24933394187051147,-0.5457404011352948,0.5,0.4052808880805969,-0.29465538263320923,-0.06228238716721535,0.0,0.0,0.0,-0.0027675412129610777,-0.006918853148818016,0.24631115794181824,0.0,0.0,0.0,0.0,0.0,0.0,0.0,0.4904202391146435,-0.3456703473929112,0.5,0.5863596796989441,-0.22858493030071259,0.032570697367191315,0.0,0.0,0.0,0.0013837706064805388,-0.004151311703026295,0.6282318234443665,0.0,0.0,0.0,0.0,0.0,0.0,0.0,0.11677288244120723,-0.5885270545407169,0.5
22.655,TRACK,0.5433896780014038,0.25053200125694275,1.0654572248458862,0.0,0.0,0.0,-0.0,0.023524099960923195,0.9198317527770996,0.0,0.0,0.0,0.0,0.0,0.0,0.0,0.2493649180477845,-0.5457262479000087,0.5,0.4052808880805969,-0.29465538263320923,-0.06228238716721535,0.0,0.0,0.0,-0.0027675412129610777,-0.006918853148818016,0.24631115794181824,0.0,0.0,0.0,0.0,0.0,0.0,0.0,0.49101043613329265,-0.34483148291331184,0.5,0.5863596796989441,-0.22858493030071259,0.032570697367191315,0.0,0.0,0.0,0.0013837706064805388,-0.004151311703026295,0.6282318234443665,0.0,0.0,0.0,0.0,0.0,0.0,0.0,0.1167206706926731,-0.5885374117531124,0.5
22.675,TRACK,0.5433896780014038,0.25053200125694275,1.0654572248458862,0.0,0.0,0.0,-0.0,0.023524099960923195,0.9198317527770996,0.0,0.0,0.0,0.0,0.0,0.0,0.0,0.24939570757181354,-0.5457121778417212,0.5,0.4052808880805969,-0.29465538263320923,-0.06228238716721535,0.0,0.0,0.0,-0.0027675412129610777,-0.006918853148818016,0.24631115794181824,0.0,0.0,0.0,0.0,0.0,0.0,0.0,0.4915956699840547,-0.34399665296762466,0.5,0.5863596796989441,-0.22858493030071259,0.032570697367191315,0.0,0.0,0.0,0.0013837706064805388,-0.004151311703026295,0.6282318234443665,0.0,0.0,0.0,0.0,0.0,0.0,0.0,0.11666877130424394,-0.5885477022318225,0.5
22.695,TRACK,0.5433896780014038,0.25053200125694275,1.0654572248458862,0.0,0.0,0.0,-0.0,0.023524099960923195,0.9198317527770996,0.0,0.0,0.0,0.0,0.0,0.0,0.0,0.2494263115719464,-0.5456981904822612,0.5,0.4056135416030884,-0.297300785779953,-0.062090713530778885,0.0,0.0,0.0,-0.0013837706064805388,-0.006918853148818016,0.24631115794181824,0.0,0.0,0.0,0.0,0.0,0.0,0.0,0.49217598578395483,-0.34316584768533165,0.5,0.5863596796989441,-0.22858493030071259,0.032570697367191315,0.0,0.0,0.0,0.0013837706064805388,-0.004151311703026295,0.6282318234443665,0.0,0.0,0.0,0.0,0.0,0.0,0.0,0.11661718241305095,-0.5885579264320897,0.5
22.715,TRACK,0.5433896780014038,0.25053200125694275,1.0654572248458862,0.0,0.0,0.0,-0.0,0.023524099960923195,0.9198317527770996,0.0,0.0,0.0,0.0,0.0,0.0,0.0,0.24945922562873632,-0.5456831450106473,0.5,0.4056135416030884,-0.297300785779953,-0.062090713530778885,0.0,0.0,0.0,-0.0013837706064805388,-0.006918853148818016,0.24631115794181824,0.0,0.0,0.0,0.0,0.0,0.0,0.0,0.49275142822975215,-0.3423390570436558,0.5,0.5856040716171265,-0.22777655720710754,0.03881150856614113,0.0,0.0,0.0,0.0013837706064805388,-0.0027675412129610777,0.6268481016159058,0.0,0.0,0.0,0.0,0.0,0.0,0.0,0.11655225083110338,-0.5885707882882089,0.5
22.735,TRACK,0.5433896780014038,0.25053200125694275,1.0654572248458862,0.0,0.0,0.0,-0.0,0.023524099960923195,0.9198317527770996,0.0,0.0,0.0,0.0,0.0,0.0,0.0,0.24949194130178987,-0.5456681878444667,0.5,0.4056135416030884,-0.297300785779953,-0.062090713530778885,0.0,0.0,0.0,-0.0013837706064805388,-0.006918853148818016,0.24631115794181824,0.0,0.0,0.0,0.0,0.0,0.0,0.0,0.4933220416015524,-0.34151627087164704,0.5,0.5856040716171265,-0.22777655720710754,0.03881150856614113,0.0,0.0,0.0,0.0013837706064805388,-0.0027675412129610777,0.6268481016159058,0.0,0.0,0.0,0.0,0.0,0.0,0.0,0.11648770743283712,-0.5885835658740751,0.5
22.755,TRACK,0.5574886798858643,0.25149044394493103,1.0419420003890991,0.0,0.0,0.0,0.00830262340605259,0.006918853148818016,0.9194788336753845,0.0,0.0,0.0,0.0,0.0,0.0,0.0,0.24952445979205332,-0.5456533184774779,0.5,0.4056135416030884,-0.297300785779953,-0.062090713530778885,0.0,0.0,0.0,-0.0013837706064805388,-0.006918853148818016,0.24631115794181824,0.0,0.0,0.0,0.0,0.0,0.0,0.0,0.49387104725944453,-0.3407218641045207,0.5,0.5856040716171265,-0.22777655720710754,0.03881150856614113,0.0,0.0,0.0,0.0013837706064805388,-0.0027675412129610777,0.6268481016159058,0.0,0.0,0.0,0.0,0.0,0.0,0.0,0.11642354990673845,-0.5885962597800917,0.5
22.775,TRACK,0.5574886798858643,0.25149044394493103,1.0419420003890991,0.0,0.0,0.0,0.00830262340605259,0.006918853148818016,0.9194788336753845,0.0,0.0,0.0,0.0,0.0,0.0,0.0,0.24955678229314193,-0.5456385364061939,0.5,0.4056135416030884,-0.297300785779953,-0.062090713530778885,0.0,0.0,0.0,-0.0013837706064805388,-0.006918853148818016,0.24631115794181824,0.0,0.0,0.0,0.0,0.0,0.0,0.0,0.49441549112786065,-0.33993134914684814,0.5,0.5856040716171265,-0.22777655720710754,0.03881150856614113,0.0,0.0,0.0,0.0013837706064805388,-0.0027675412129610777,0.6268481016159058,0.0,0.0,0.0,0.0,0.0,0.0,0.0,0.11635977595493835,-0.5886088705921076,0.5
22.795,TRACK,0.5574886798858643,0.25149044394493103,1.0419420003890991,0.0,0.0,0.0,0.00830262340605259,0.006918853148818016,0.9194788336753845,0.0,0.0,0.0,0.0,0.0,0.0,0.0,0.2495889099913856,-0.5456238411298685,0.5,0.4050559401512146,-0.2926056385040283,-0.07086164504289627,0.0,0.0,0.0,-0.0027675412129610777,-0.006918853148818016,0.24631115794181824,0.0,0.0,0.0,0.0,0.0,0.0,0.0,0.494955414364081,-0.33914471511683747,0.5,0.5856040716171265,-0.22777655720710754,0.03881150856614113,0.0,0.0,0.0,0.0013837706064805388,-0.0027675412129610777,0.6268481016159058,0.0,0.0,0.0,0.0,0.0,0.0,0.0,0.11629638329313403,-0.5886213988914576,0.5
22.815,TRACK,0.5574886798858643,0.25149044394493103,1.0419420003890991,0.0,0.0,0.0,0.00830262340605259,0.006918853148818016,0.9194788336753845,0.0,0.0,0.0,0.0,0.0,0.0,0.0,0.24961714031470877,-0.545610926632804,0.5,0.4050559401512146,-0.2926056385040283,-0.07086164504289627,0.0,0.0,0.0,-0.0027675412129610777,-0.006918853148818016,0.24631115794181824,0.0,0.0,0.0,0.0,0.0,0.0,0.0,0.49549085774134993,-0.3383619510150947,0.5,0.5825062394142151,-0.22733069956302643,0.032232847064733505,0.0,0.0,0.0,0.0013837706064805388,-0.004151311703026295,0.6268481016159058,0.0,0.0,0.0,0.0,0.0,0.0,0.0,0.11625780539489447,-0.5886290195740971,0.5
22.835,TRACK,0.5574886798858643,0.25149044394493103,1.0419420003890991,0.0,0.0,0.0,0.00830262340605259,0.006918853148818016,0.9194788336753845,0.0,0.0,0.0,0.0,0.0,0.0,0.0,0.24964520059385853,-0.5455980881752173,0.5,0.4050559401512146,-0.2926056385040283,-0.07086164504289627,0.0,0.0,0.0,-0.0027675412129610777,-0.006918853148818016,0.24631115794181824,0.0,0.0,0.0,0.0,0.0,0.0,0.0,0.4960218616522495,-0.3375830457280648,0.5,0.5825062394142151,-0.22733069956302643,0.032232847064733505,0.0,0.0,0.0,0.0013837706064805388,-0.004151311703026295,0.6268481016159058,0.0,0.0,0.0,0.0,0.0,0.0,0.0,0.11621945846916037,-0.5886365920269782,0.5
22.855,TRACK,0.5364649891853333,0.24156104028224945,1.0594340562820435,0.0,0.0,0.0,-0.02629164233803749,0.004151311703026295,0.94383704662323,0.0,0.0,0.0,0.0,0.0,0.0,0.0,0.2496730918569492,-0.5455853253182231,0.5,0.4050559401512146,-0.2926056385040283,-0.07086164504289627,0.0,0.0,0.0,-0.0027675412129610777,-0.006918853148818016,0.24631115794181824,0.0,0.0,0.0,0.0,0.0,0.0,0.0,0.4965470717529934,-0.33681004369455436,0.5,0.5825062394142151,-0.22733069956302643,0.032232847064733505,0.0,0.0,0.0,0.0013837706064805388,-0.004151311703026295,0.6268481016159058,0.0,0.0,0.0,0.0,0.0,0.0,0.0,0.11618134113617887,-0.588644116569425,0.5
22.875,TRACK,0.5364649891853333,0.24156104028224945,1.0594340562820435,0.0,0.0,0.0,-0.02629164233803749,0.004151311703026295,0.94383704662323,0.0,0.0,0.0,0.0,0.0,0.0,0.0,0.249700815125834,-0.5455726376253615,0.5,0.4050559401512146,-0.2926056385040283,-0.07086164504289627,0.0,0.0,0.0,-0.0027675412129610777,-0.006918853148818016,0.24631115794181824,0.0,0.0,0.0,0.0,0.0,0.0,0.0,0.4970679367680611,-0.3360408698910637,0.5,0.5825062394142151,-0.22733069956302643,0.032232847064733505,0.0,0.0,0.0,0.0013837706064805388,-0.004151311703026295,0.6268481016159058,0.0,0.0,0.0,0.0,0.0,0.0,0.0,0.1161434520243998,-0.5886515935184886,0.5
22.895,TRACK,0.5364649891853333,0.24156104028224945,1.0594340562820435,0.0,0.0,0.0,-0.02629164233803749,0.004151311703026295,0.94383704662323,0.0,0.0,0.0,0.0,0.0,0.0,0.0,0.24972814343481814,-0.5455601290202564,0.5,0.40556278824806213,-0.29683172702789307,-0.06243673339486122,0.0,0.0,0.0,-0.0,-0.006918853148818016,0.24492739140987396,0.0,0.0,0.0,0.0,0.0,0.0,0.0,0.4975844958135545,-0.33527551286363083,0.5,0.5824330449104309,-0.22734887897968292,0.030199065804481506,0.0,0.0,0.0,0.0013837706064805388,-0.004151311703026295,0.6268481016159058,0.0,0.0,0.0,0.0,0.0,0.0,0.0,0.11608380060804196,-0.5886633598555224,0.5
22.915,TRACK,0.5364649891853333,0.24156104028224945,1.0594340562820435,0.0,0.0,0.0,-0.02629164233803749,0.004151311703026295,0.94383704662323,0.0,0.0,0.0,0.0,0.0,0.0,0.0,0.2497553071529661,-0.5455476941101736,0.5,0.40556278824806213,-0.29683172702789307,-0.06243673339486122,0.0,0.0,0.0,-0.0,-0.006918853148818016,0.24492739140987396,0.0,0.0,0.0,0.0,0.0,0.0,0.0,0.4980967876397118,-0.33451396105842846,0.5,0.5824330449104309,-0.22734887897968292,0.030199065804481506,0.0,0.0,0.0,0.0013837706064805388,-0.004151311703026295,0.6268481016159058,0.0,0.0,0.0,0.0,0.0,0.0,0.0,0.1160245059188563,-0.5886750496040114,0.5
22.935,TRACK,0.5364649891853333,0.24156104028224945,1.0594340562820435,0.0,0.0,0.0,-0.02629164233803749,0.004151311703026295,0.94383704662323,0.0,0.0,0.0,0.0,0.0,0.0,0.0,0.24978230727518547,-0.5455353324692038,0.5,0.40556278824806213,-0.29683172702789307,-0.06243673339486122,0.0,0.0,0.0,-0.0,-0.006918853148818016,0.24492739140987396,0.0,0.0,0.0,0.0,0.0,0.0,0.0,0.49860485063416277,-0.33375620282488266,0.5,0.5824330449104309,-0.22734887897968292,0.030199065804481506,0.0,0.0,0.0,0.0013837706064805388,-0.004151311703026295,0.6268481016159058,0.0,0.0,0.0,0.0,0.0,0.0,0.0,0.11596556583120912,-0.5886866632950397,0.5
22.955,TRACK,0.5246081948280334,0.22014813125133514,1.0515096187591553,0.0,0.0,0.0,-0.012453935109078884,-0.0,0.9421811699867249,0.0,0.0,0.0,0.0,0.0,0.0,0.0,0.24980914479032773,-0.5455230436737984,0.5,0.40556278824806213,-0.29683172702789307,-0.06243673339486122,0.0,0.0,0.0,-0.0,-0.006918853148818016,0.24492739140987396,0.0,0.0,0.0,0.0,0.0,0.0,0.0,0.4990572385210158,-0.33307937894708806,0.5,0.5824330449104309,-0.22734887897968292,0.030199065804481506,0.0,0.0,0.0,0.0013837706064805388,-0.004151311703026295,0.6268481016159058,0.0,0.0,0.0,0.0,0.0,0.0,0.0,0.11590697823203411,-0.5886982014556514,0.5
22.975,TRACK,0.5246081948280334,0.22014813125133514,1.0515096187591553,0.0,0.0,0.0,-0.012453935109078884,-0.0,0.9421811699867249,0.0,0.0,0.0,0.0,0.0,0.0,0.0,0.24983582068122523,-0.5455108273027572,0.5,0.40556278824806213,-0.29683172702789307,-0.06243673339486122,0.0,0.0,0.0,-0.0,-0.006918853148818016,0.24492739140987396,0.0,0.0,0.0,0.0,0.0,0.0,0.0,0.49950600159027186,-0.33240600833212886,0.5,0.5824330449104309,-0.22734887897968292,0.030199065804481506,0.0,0.0,0.0,0.0013837706064805388,-0.004151311703026295,0.6268481016159058,0.0,0.0,0.0,0.0,0.0,0.0,0.0,0.11584874102075854,-0.5887096646088844,0.5
22.995,TRACK,0.5246081948280334,0.22014813125133514,1.0515096187591553,0.0,0.0,0.0,-0.012453935109078884,-0.0,0.9421811699867249,0.0,0.0,0.0,0.0,0.0,0.0,0.0,0.24986235966812342,-0.5454986720616992,0.5,0.4050884544849396,-0.2966157793998718,-0.057363566011190414,0.0,0.0,0.0,-0.0013837706064805388,-0.006918853148818016,0.24631115794181824,0.0,0.0,0.0,0.0,0.0,0.0,0.0,0.49995117167498865,-0.33173607874454364,0.5,0.5829823017120361,-0.22755840420722961,0.02926970273256302,0.0,0.0,0.0,0.0027675412129610777,-0.0027675412129610777,0.6282318234443665,0.0,0.0,0.0,0.0,0.0,0.0,0.0,0.11579010714440749,-0.5887211997945093,0.5
23.015,TRACK,0.5246081948280334,0.22014813125133514,1.0515096187591553,0.0,0.0,0.0,-0.012453935109078884,-0.0,0.9421811699867249,0.0,0.0,0.0,0.0,0.0,0.0,0.0,0.24988873883502416,-0.5454865884725683,0.5,0.4050884544849396,-0.2966157793998718,-0.057363566011190414,0.0,0.0,0.0,-0.0013837706064805388,-0.006918853148818016,0.24631115794181824,0.0,0.0,0.0,0.0,0.0,0.0,0.0,0.5003927803126565,-0.33106957790012886,0.5,0.5829823017120361,-0.22755840420722961,0.02926970273256302,0.0,0.0,0.0,0.0027675412129610777,-0.0027675412129610777,0.6282318234443665,0.0,0.0,0.0,0.0,0.0,0.0,0.0,0.11573182393305895,-0.5887326599816995,0.5
23.035,TRACK,0.5246081948280334,0.22014813125133514,1.0515096187591553,0.0,0.0,0.0,-0.012453935109078884,-0.0,0.9421811699867249,0.0,0.0,0.0,0.0,0.0,0.0,0.0,0.24991495914779827,-0.5454745761207889,0.5,0.4050884544849396,-0.2966157793998718,-0.057363566011190414,0.0,0.0,0.0,-0.0013837706064805388,-0.006918853148818016,0.24631115794181824,0.0,0.0,0.0,0.0,0.0,0.0,0.0,0.5008308587478985,-0.3304064934680349,0.5,0.5829823017120361,-0.22755840420722961,0.02926970273256302,0.0,0.0,0.0,0.0027675412129610777,-0.0027675412129610777,0.6282318234443665,0.0,0.0,0.0,0.0,0.0,0.0,0.0,0.11567388929690697,-0.5887440456895737,0.5
23.055,TRACK,0.527226984500885,0.22740548849105835,1.0564274787902832,0.0,0.0,0.0,0.013837706297636032,0.01107016485184431,0.954984188079834,0.0,0.0,0.0,0.0,0.0,0.0,0.0,0.24994102156643905,-0.5454626345940892,0.5,0.4050884544849396,-0.2966157793998718,-0.057363566011190414,0.0,0.0,0.0,-0.0013837706064805388,-0.006918853148818016,0.24631115794181824,0.0,0.0,0.0,0.0,0.0,0.0,0.0,0.5012850046448137,-0.3297170667682356,0.5,0.5829823017120361,-0.22755840420722961,0.02926970273256302,0.0,0.0,0.0,0.0027675412129610777,-0.0027675412129610777,0.6282318234443665,0.0,0.0,0.0,0.0,0.0,0.0,0.0,0.11561630115850492,-0.5887553574333111,0.5
23.075,TRACK,0.527226984500885,0.22740548849105835,1.0564274787902832,0.0,0.0,0.0,0.013837706297636032,0.01107016485184431,0.954984188079834,0.0,0.0,0.0,0.0,0.0,0.0,0.0,0.24996692704509893,-0.545450763482489,0.5,0.4050884544849396,-0.2966157793998718,-0.057363566011190414,0.0,0.0,0.0,-0.0013837706064805388,-0.006918853148818016,0.24631115794181824,0.0,0.0,0.0,0.0,0.0,0.0,0.0,0.501735485151666,-0.32903115800729615,0.5,0.5829823017120361,-0.22755840420722961,0.02926970273256302,0.0,0.0,0.0,0.0027675412129610777,-0.0027675412129610777,0.6282318234443665,0.0,0.0,0.0,0.0,0.0,0.0,0.0,0.11555905745269299,-0.5887665957241843,0.5
23.095,TRACK,0.527226984500885,0.22740548849105835,1.0564274787902832,0.0,0.0,0.0,0.013837706297636032,0.01107016485184431,0.954984188079834,0.0,0.0,0.0,0.0,0.0,0.0,0.0,0.24998490590429512,-0.5454425238464825,0.5,0.4030792713165283,-0.30331549048423767,-0.04508014768362045,0.0,0.0,0.0,0.0013837706064805388,-0.00830262340605259,0.2476949393749237,0.0,0.0,0.0,0.0,0.0,0.0,0.0,0.5021823326780137,-0.32834875475029396,0.5,0.5815257430076599,-0.228582501411438,0.024603677913546562,0.0,0.0,0.0,0.0027675412129610777,-0.004151311703026295,0.6282318234443665,0.0,0.0,0.0,0.0,0.0,0.0,0.0,0.11545598726390327,-0.5887868162628281,0.5
23.115,TRACK,0.527226984500885,0.22740548849105835,1.0564274787902832,0.0,0.0,0.0,0.013837706297636032,0.01107016485184431,0.954984188079834,0.0,0.0,0.0,0.0,0.0,0.0,0.0,0.2500027766211734,-0.5454343330610053,0.5,0.4030792713165283,-0.30331549048423767,-0.04508014768362045,0.0,0.0,0.0,0.0013837706064805388,-0.00830262340605259,0.2476949393749237,0.0,0.0,0.0,0.0,0.0,0.0,0.0,0.5026255793309714,-0.32766984451152253,0.5,0.5815257430076599,-0.228582501411438,0.024603677913546562,0.0,0.0,0.0,0.0027675412129610777,-0.004151311703026295,0.6282318234443665,0.0,0.0,0.0,0.0,0.0,0.0,0.0,0.11535353198982823,-0.5888068975967178,0.5
23.135,TRACK,0.527226984500885,0.22740548849105835,1.0564274787902832,0.0,0.0,0.0,0.013837706297636032,0.01107016485184431,0.954984188079834,0.0,0.0,0.0,0.0,0.0,0.0,0.0,0.2500205398477887,-0.5454261908399891,0.5,0.4030792713165283,-0.30331549048423767,-0.04508014768362045,0.0,0.0,0.0,0.0013837706064805388,-0.00830262340605259,0.2476949393749237,0.0,0.0,0.0,0.0,0.0,0.0,0.0,0.5030652569179799,-0.3269944147566543,0.5,0.5815257430076599,-0.228582501411438,0.024603677913546562,0.0,0.0,0.0,0.0027675412129610777,-0.004151311703026295,0.6282318234443665,0.0,0.0,0.0,0.0,0.0,0.0,0.0,0.11525168798600491,-0.5888268407744135,0.5
23.155,TRACK,0.5402471423149109,0.23999769985675812,1.0722863674163818,0.0,0.0,0.0,0.03044295310974121,0.02214032970368862,0.9609965682029724,0.0,0.0,0.0,0.0,0.0,0.0,0.0,0.25003819623224627,-0.5454180968989979,0.5,0.4030792713165283,-0.30331549048423767,-0.04508014768362045,0.0,0.0,0.0,0.0013837706064805388,-0.00830262340605259,0.2476949393749237,0.0,0.0,0.0,0.0,0.0,0.0,0.0,0.5035226127072018,-0.3262897155788293,0.5,0.5815257430076599,-0.228582501411438,0.024603677913546562,0.0,0.0,0.0,0.0027675412129610777,-0.004151311703026295,0.6282318234443665,0.0,0.0,0.0,0.0,0.0,0.0,0.0,0.11515045162924345,-0.5888466468356436,0.5
23.175,TRACK,0.5402471423149109,0.23999769985675812,1.0722863674163818,0.0,0.0,0.0,0.03044295310974121,0.02214032970368862,0.9609965682029724,0.0,0.0,0.0,0.0,0.0,0.0,0.0,0.2500557464187246,-0.5454100509552189,0.5,0.4030792713165283,-0.30331549048423767,-0.04508014768362045,0.0,0.0,0.0,0.0013837706064805388,-0.00830262340605259,0.2476949393749237,0.0,0.0,0.0,0.0,0.0,0.0,0.0,0.5039762460806015,-0.3255886106523153,0.5,0.5815257430076599,-0.228582501411438,0.024603677913546562,0.0,0.0,0.0,0.0027675412129610777,-0.004151311703026295,0.6282318234443665,0.0,0.0,0.0,0.0,0.0,0.0,0.0,0.11504981931750748,-0.588866316811387,0.5
23.195,TRACK,0.5402471423149109,0.23999769985675812,1.0722863674163818,0.0,0.0,0.0,0.03044295310974121,0.02214032970368862,0.9609965682029724,0.0,0.0,0.0,0.0,0.0,0.0,0.0,0.25008369396058894,-0.5453972368971322,0.5,0.4046463966369629,-0.296935498714447,-0.0528101809322834,0.0,0.0,0.0,-0.0027675412129610777,-0.006918853148818016,0.2476949393749237,0.0,0.0,0.0,0.0,0.0,0.0,0.0,0.5044261902060032,-0.32489108734198463,0.5,0.5846377611160278,-0.22764213383197784,0.03194190561771393,0.0,0.0,0.0,0.004151311703026295,-0.0027675412129610777,0.6282318234443665,0.0,0.0,0.0,0.0,0.0,0.0,0.0,0.1149923096578167,-0.5888775498518862,0.5
23.215,TRACK,0.5402471423149109,0.23999769985675812,1.0722863674163818,0.0,0.0,0.0,0.03044295310974121,0.02214032970368862,0.9609965682029724,0.0,0.0,0.0,0.0,0.0,0.0,0.0,0.25011147316644644,-0.5453844983041871,0.5,0.4046463966369629,-0.296935498714447,-0.0528101809322834,0.0,0.0,0.0,-0.0027675412129610777,-0.006918853148818016,0.2476949393749237,0.0,0.0,0.0,0.0,0.0,0.0,0.0,0.5048724779400299,-0.32419713295878166,0.5,0.5846377611160278,-0.22764213383197784,0.03194190561771393,0.0,0.0,0.0,0.004151311703026295,-0.0027675412129610777,0.6282318234443665,0.0,0.0,0.0,0.0,0.0,0.0,0.0,0.11493514396918132,-0.5888887099281014,0.5
23.235,TRACK,0.5402471423149109,0.23999769985675812,1.0722863674163818,0.0,0.0,0.0,0.03044295310974121,0.02214032970368862,0.9609965682029724,0.0,0.0,0.0,0.0,0.0,0.0,0.0,0.25013908505402727,-0.5453718347406054,0.5,0.4046463966369629,-0.296935498714447,-0.0528101809322834,0.0,0.0,0.0,-0.0027675412129610777,-0.006918853148818016,0.2476949393749237,0.0,0.0,0.0,0.0,0.0,0.0,0.0,0.5053151418309598,-0.3235067347619782,0.5,0.5846377611160278,-0.22764213383197784,0.03194190561771393,0.0,0.0,0.0,0.004151311703026295,-0.0027675412129610777,0.6282318234443665,0.0,0.0,0.0,0.0,0.0,0.0,0.0,0.11487832020131265,-0.5888997975443061,0.5
23.255,TRACK,0.5632224678993225,0.27563685178756714,1.0979605913162231,0.0,0.0,0.0,0.040129344910383224,0.03459426388144493,0.9659541845321655,0.0,0.0,0.0,0.0,0.0,0.0,0.0,0.2501665306348644,-0.5453592457730183,0.5,0.4046463966369629,-0.296935498714447,-0.0528101809322834,0.0,0.0,0.0,-0.0027675412129610777,-0.006918853148818016,0.2476949393749237,0.0,0.0,0.0,0.0,0.0,0.0,0.0,0.5058260122599313,-0.32270736793760346,0.5,0.5846377611160278,-0.22764213383197784,0.03194190561771393,0.0,0.0,0.0,0.004151311703026295,-0.0027675412129610777,0.6282318234443665,0.0,0.0,0.0,0.0,0.0,0.0,0.0,0.11482183631605215,-0.5889108132009546,0.5
23.275,TRACK,0.5632224678993225,0.27563685178756714,1.0979605913162231,0.0,0.0,0.0,0.040129344910383224,0.03459426388144493,0.9659541845321655,0.0,0.0,0.0,0.0,0.0,0.0,0.0,0.25019381091433146,-0.5453467309704567,0.5,0.4046463966369629,-0.296935498714447,-0.0528101809322834,0.0,0.0,0.0,-0.0027675412129610777,-0.006918853148818016,0.2476949393749237,0.0,0.0,0.0,0.0,0.0,0.0,0.0,0.5063325642956852,-0.3219119978095813,0.5,0.5846377611160278,-0.22764213383197784,0.03194190561771393,0.0,0.0,0.0,0.004151311703026295,-0.0027675412129610777,0.6282318234443665,0.0,0.0,0.0,0.0,0.0,0.0,0.0,0.11476569028730103,-0.5889217573947148,0.5
23.295,TRACK,0.5632224678993225,0.27563685178756714,1.0979605913162231,0.0,0.0,0.0,0.040129344910383224,0.03459426388144493,0.9659541845321655,0.0,0.0,0.0,0.0,0.0,0.0,0.0,0.25022092689168113,-0.5453342899043374,0.5,0.4047473669052124,-0.2969054877758026,-0.05563369765877724,0.0,0.0,0.0,-0.0013837706064805388,-0.006918853148818016,0.2476949393749237,0.0,0.0,0.0,0.0,0.0,0.0,0.0,0.5068348376015326,-0.3211206119099614,0.5,0.5845467448234558,-0.22756825387477875,0.032563332468271255,0.0,0.0,0.0,0.004151311703026295,-0.0027675412129610777,0.6282318234443665,0.0,0.0,0.0,0.0,0.0,0.0,0.0,0.11470988010094979,-0.5889326306184992,0.5
23.315,TRACK,0.5632224678993225,0.27563685178756714,1.0979605913162231,0.0,0.0,0.0,0.040129344910383224,0.03459426388144493,0.9659541845321655,0.0,0.0,0.0,0.0,0.0,0.0,0.0,0.25024806640429986,-0.5453218364057221,0.5,0.4047473669052124,-0.2969054877758026,-0.05563369765877724,0.0,0.0,0.0,-0.0013837706064805388,-0.006918853148818016,0.2476949393749237,0.0,0.0,0.0,0.0,0.0,0.0,0.0,0.5073328714634485,-0.3203331976749397,0.5,0.5845467448234558,-0.22756825387477875,0.032563332468271255,0.0,0.0,0.0,0.004151311703026295,-0.0027675412129610777,0.6282318234443665,0.0,0.0,0.0,0.0,0.0,0.0,0.0,0.11465499459517793,-0.5889433183374948,0.5
23.335,TRACK,0.5632224678993225,0.27563685178756714,1.0979605913162231,0.0,0.0,0.0,0.040129344910383224,0.03459426388144493,0.9659541845321655,0.0,0.0,0.0,0.0,0.0,0.0,0.0,0.25027504246559945,-0.5453094562895846,0.5,0.4047473669052124,-0.2969054877758026,-0.05563369765877724,0.0,0.0,0.0,-0.0013837706064805388,-0.006918853148818016,0.2476949393749237,0.0,0.0,0.0,0.0,0.0,0.0,0.0,0.5078267047934836,-0.319549742448014,0.5,0.5845467448234558,-0.22756825387477875,0.032563332468271255,0.0,0.0,0.0,0.004151311703026295,-0.0027675412129610777,0.6282318234443665,0.0,0.0,0.0,0.0,0.0,0.0,0.0,0.11460043741559067,-0.5889539368610718,0.5
23.355,TRACK,0.6125757098197937,0.3387112617492676,1.1468348503112793,0.0,0.0,0.0,0.05258328467607498,0.04289688542485237,0.9702324271202087,0.0,0.0,0.0,0.0,0.0,0.0,0.0,0.2503018560635711,-0.5452971491316742,0.5,0.4047473669052124,-0.2969054877758026,-0.05563369765877724,0.0,0.0,0.0,-0.0013837706064805388,-0.006918853148818016,0.2476949393749237,0.0,0.0,0.0,0.0,0.0,0.0,0.0,0.5084119155244979,-0.3186178340154719,0.5,0.5845467448234558,-0.22756825387477875,0.032563332468271255,0.0,0.0,0.0,0.004151311703026295,-0.0027675412129610777,0.6282318234443665,0.0,0.0,0.0,0.0,0.0,0.0,0.0,0.11454620660450143,-0.5889644866649592,0.5
23.375,TRACK,0.6125757098197937,0.3387112617492676,1.1468348503112793,0.0,0.0,0.0,0.05258328467607498,0.04289688542485237,0.9702324271202087,0.0,0.0,0.0,0.0,0.0,0.0,0.0,0.2503285081801921,-0.545284914510093,0.5,0.4047473669052124,-0.2969054877758026,-0.05563369765877724,0.0,0.0,0.0,-0.0013837706064805388,-0.006918853148818016,0.2476949393749237,0.0,0.0,0.0,0.0,0.0,0.0,0.0,0.508991920220283,-0.3176904549250247,0.5,0.5845467448234558,-0.22756825387477875,0.032563332468271255,0.0,0.0,0.0,0.004151311703026295,-0.0027675412129610777,0.6282318234443665,0.0,0.0,0.0,0.0,0.0,0.0,0.0,0.11449230021581491,-0.5889749682213088,0.5
23.395,TRACK,0.6125757098197937,0.3387112617492676,1.1468348503112793,0.0,0.0,0.0,0.05258328467607498,0.04289688542485237,0.9702324271202087,0.0,0.0,0.0,0.0,0.0,0.0,0.0,0.2503174229135838,-0.5452900033797631,0.5,0.4027113616466522,-0.3038436472415924,-0.04619386047124863,0.0,0.0,0.0,0.0013837706064805388,-0.00830262340605259,0.24907870590686798,0.0,0.0,0.0,0.0,0.0,0.0,0.0,0.509566768482953,-0.3167675937621154,0.5,0.6281640529632568,-0.25289469957351685,0.008934718556702137,0.0,0.0,0.0,0.01107016485184431,0.0027675412129610777,0.6282318234443665,0.0,0.0,0.0,0.0,0.0,0.0,0.0,0.11439108946388774,-0.5889946338051517,0.5
23.415,TRACK,0.6125757098197937,0.3387112617492676,1.1468348503112793,0.0,0.0,0.0,0.05258328467607498,0.04289688542485237,0.9702324271202087,0.0,0.0,0.0,0.0,0.0,0.0,0.0,0.2503064040560539,-0.5452950614928833,0.5,0.4027113616466522,-0.3038436472415924,-0.04619386047124863,0.0,0.0,0.0,0.0013837706064805388,-0.00830262340605259,0.24907870590686798,0.0,0.0,0.0,0.0,0.0,0.0,0.0,0.5101365094369159,-0.3158492389408583,0.5,0.6281640529632568,-0.25289469957351685,0.008934718556702137,0.0,0.0,0.0,0.01107016485184431,0.0027675412129610777,0.6282318234443665,0.0,0.0,0.0,0.0,0.0,0.0,0.0,0.1142904826289795,-0.5890141641594325,0.5
23.435,TRACK,0.6125757098197937,0.3387112617492676,1.1468348503112793,0.0,0.0,0.0,0.05258328467607498,0.04289688542485237,0.9702324271202087,0.0,0.0,0.0,0.0,0.0,0.0,0.0,0.25029545121037894,-0.5453000890366632,0.5,0.4027113616466522,-0.3038436472415924,-0.04619386047124863,0.0,0.0,0.0,0.0013837706064805388,-0.00830262340605259,0.24907870590686798,0.0,0.0,0.0,0.0,0.0,0.0,0.0,0.5107011917330605,-0.3149353787087626,0.5,0.6281640529632568,-0.25289469957351685,0.008934718556702137,0.0,0.0,0.0,0.01107016485184431,0.0027675412129610777,0.6282318234443665,0.0,0.0,0.0,0.0,0.0,0.0,0.0,0.11419047613054643,-0.5890335603011759,0.5
23.455,TRACK,0.6536651849746704,0.39094558358192444,1.187643051147461,0.0,0.0,0.0,0.058118365705013275,0.04704819992184639,0.9726253747940063,0.0,0.0,0.0,0.0,0.0,0.0,0.0,0.250284563981704,-0.5453050861971566,0.5,0.4027113616466522,-0.3038436472415924,-0.04619386047124863,0.0,0.0,0.0,0.0013837706064805388,-0.00830262340605259,0.24907870590686798,0.0,0.0,0.0,0.0,0.0,0.0,0.0,0.5113247608521839,-0.31392194720894695,0.5,0.6281640529632568,-0.25289469957351685,0.008934718556702137,0.0,0.0,0.0,0.01107016485184431,0.0027675412129610777,0.6282318234443665,0.0,0.0,0.0,0.0,0.0,0.0,0.0,0.11409106640896202,-0.589052823238855,0.5
23.475,TRACK,0.6536651849746704,0.39094558358192444,1.187643051147461,0.0,0.0,0.0,0.058118365705013275,0.04704819992184639,0.9726253747940063,0.0,0.0,0.0,0.0,0.0,0.0,0.0,0.25027374197752866,-0.5453100531592695,0.5,0.4027113616466522,-0.3038436472415924,-0.04619386047124863,0.0,0.0,0.0,0.0013837706064805388,-0.00830262340605259,0.24907870590686798,0.0,0.0,0.0,0.0,0.0,0.0,0.0,0.5119425955817155,-0.3129133727232763,0.5,0.6281640529632568,-0.25289469957351685,0.008934718556702137,0.0,0.0,0.0,0.01107016485184431,0.0027675412129610777,0.6282318234443665,0.0,0.0,0.0,0.0,0.0,0.0,0.0,0.11399224992539941,-0.5890719539724713,0.5
23.495,TRACK,0.6536651849746704,0.39094558358192444,1.187643051147461,0.0,0.0,0.0,0.058118365705013275,0.04704819992184639,0.9726253747940063,0.0,0.0,0.0,0.0,0.0,0.0,0.0,0.25027786939872915,-0.5453081588324464,0.5,0.4048070013523102,-0.2970164716243744,-0.05189921334385872,0.0,0.0,0.0,-0.0027675412129610777,-0.006918853148818016,0.24907870590686798,0.0,0.0,0.0,0.0,0.0,0.0,0.0,0.5125547517925819,-0.31190964463261583,0.5,0.603991687297821,-0.23997581005096436,0.010658429935574532,0.0,0.0,0.0,0.0013837706064805388,-0.004151311703026295,0.6282318234443665,0.0,0.0,0.0,0.0,0.0,0.0,0.0,0.11394127614330923,-0.5890818157020586,0.5
23.515,TRACK,0.6536651849746704,0.39094558358192444,1.187643051147461,0.0,0.0,0.0,0.058118365705013275,0.04704819992184639,0.9726253747940063,0.0,0.0,0.0,0.0,0.0,0.0,0.0,0.25028197204119296,-0.5453062758406247,0.5,0.4048070013523102,-0.2970164716243744,-0.05189921334385872,0.0,0.0,0.0,-0.0027675412129610777,-0.006918853148818016,0.24907870590686798,0.0,0.0,0.0,0.0,0.0,0.0,0.0,0.5131612848137557,-0.3109107520950272,0.5,0.603991687297821,-0.23997581005096436,0.010658429935574532,0.0,0.0,0.0,0.0013837706064805388,-0.004151311703026295,0.6282318234443665,0.0,0.0,0.0,0.0,0.0,0.0,0.0,0.11389060735841325,-0.5890916138900059,0.5
23.535,TRACK,0.6536651849746704,0.39094558358192444,1.187643051147461,0.0,0.0,0.0,0.058118365705013275,0.04704819992184639,0.9726253747940063,0.0,0.0,0.0,0.0,0.0,0.0,0.0,0.25028605005376237,-0.5453044041161648,0.5,0.4048070013523102,-0.2970164716243744,-0.05189921334385872,0.0,0.0,0.0,-0.0027675412129610777,-0.006918853148818016,0.24907870590686798,0.0,0.0,0.0,0.0,0.0,0.0,0.0,0.5137622494369145,-0.3099166840515716,0.5,0.603991687297821,-0.23997581005096436,0.010658429935574532,0.0,0.0,0.0,0.0013837706064805388,-0.004151311703026295,0.6282318234443665,0.0,0.0,0.0,0.0,0.0,0.0,0.0,0.11384024175121528,-0.5891013489697888,0.5
23.555,TRACK,0.6829167008399963,0.42839646339416504,1.2176541090011597,0.0,0.0,0.0,0.05950213596224785,0.045664429664611816,0.9747483134269714,0.0,0.0,0.0,0.0,0.0,0.0,0.0,0.25029010358438447,-0.5453025435918286,0.5,0.4048070013523102,-0.2970164716243744,-0.05189921334385872,0.0,0.0,0.0,-0.0027675412129610777,-0.006918853148818016,0.24907870590686798,0.0,0.0,0.0,0.0,0.0,0.0,0.0,0.514397077052456,-0.3088618576643767,0.5,0.603991687297821,-0.23997581005096436,0.010658429935574532,0.0,0.0,0.0,0.0013837706064805388,-0.004151311703026295,0.6282318234443665,0.0,0.0,0.0,0.0,0.0,0.0,0.0,0.11379017751300416,-0.5891110213716587,0.5
23.575,TRACK,0.6829167008399963,0.42839646339416504,1.2176541090011597,0.0,0.0,0.0,0.05950213596224785,0.045664429664611816,0.9747483134269714,0.0,0.0,0.0,0.0,0.0,0.0,0.0,0.25029413278011664,-0.545300694200777,0.5,0.4048070013523102,-0.2970164716243744,-0.05189921334385872,0.0,0.0,0.0,-0.0027675412129610777,-0.006918853148818016,0.24907870590686798,0.0,0.0,0.0,0.0,0.0,0.0,0.0,0.5150259494556461,-0.307812071542541,0.5,0.603991687297821,-0.23997581005096436,0.010658429935574532,0.0,0.0,0.0,0.0013837706064805388,-0.004151311703026295,0.6282318234443665,0.0,0.0,0.0,0.0,0.0,0.0,0.0,0.11374041284579041,-0.5891206315226697,0.5
23.595,TRACK,0.6829167008399963,0.42839646339416504,1.2176541090011597,0.0,0.0,0.0,0.05950213596224785,0.045664429664611816,0.9747483134269714,0.0,0.0,0.0,0.0,0.0,0.0,0.0,0.2502544072857342,-0.5453189265320486,0.5,0.4043428599834442,-0.30020400881767273,-0.04765980318188667,0.0,0.0,0.0,-0.0013837706064805388,-0.006918853148818016,0.24907870590686798,0.0,0.0,0.0,0.0,0.0,0.0,0.0,0.5156489254629033,-0.3067673151901179,0.5,0.6170167326927185,-0.2547511160373688,0.0205755066126585,0.0,0.0,0.0,0.006918853148818016,-0.0013837706064805388,0.6282318234443665,0.0,0.0,0.0,0.0,0.0,0.0,0.0,0.11367098000514764,-0.5891340325466432,0.5
23.615,TRACK,0.6829167008399963,0.42839646339416504,1.2176541090011597,0.0,0.0,0.0,0.05950213596224785,0.045664429664611816,0.9747483134269714,0.0,0.0,0.0,0.0,0.0,0.0,0.0,0.2502149188281378,-0.5453370466012999,0.5,0.4043428599834442,-0.30020400881767273,-0.04765980318188667,0.0,0.0,0.0,-0.0013837706064805388,-0.006918853148818016,0.24907870590686798,0.0,0.0,0.0,0.0,0.0,0.0,0.0,0.5162660633165921,-0.3057275778656359,0.5,0.6170167326927185,-0.2547511160373688,0.0205755066126585,0.0,0.0,0.0,0.006918853148818016,-0.0013837706064805388,0.6282318234443665,0.0,0.0,0.0,0.0,0.0,0.0,0.0,0.11360196219680495,-0.5891473450547288,0.5
23.635,TRACK,0.6829167008399963,0.42839646339416504,1.2176541090011597,0.0,0.0,0.0,0.05950213596224785,0.045664429664611816,0.9747483134269714,0.0,0.0,0.0,0.0,0.0,0.0,0.0,0.25017566600105856,-0.5453550551163221,0.5,0.4043428599834442,-0.30020400881767273,-0.04765980318188667,0.0,0.0,0.0,-0.0013837706064805388,-0.006918853148818016,0.24907870590686798,0.0,0.0,0.0,0.0,0.0,0.0,0.0,0.5168774206899319,-0.3046928485884156,0.5,0.6170167326927185,-0.2547511160373688,0.0205755066126585,0.0,0.0,0.0,0.006918853148818016,-0.0013837706064805388,0.6282318234443665,0.0,0.0,0.0,0.0,0.0,0.0,0.0,0.11353335695022802,-0.5891605696748655,0.5
23.655,TRACK,0.6993461847305298,0.4513721764087677,1.2367355823516846,0.0,0.0,0.0,0.058118365705013275,0.045664429664611816,0.9757182598114014,0.0,0.0,0.0,0.0,0.0,0.0,0.0,0.25013664740647085,-0.5453729527802519,0.5,0.4043428599834442,-0.30020400881767273,-0.04765980318188667,0.0,0.0,0.0,-0.0013837706064805388,-0.006918853148818016,0.24907870590686798,0.0,0.0,0.0,0.0,0.0,0.0,0.0,0.5175065465757731,-0.3036230792466495,0.5,0.6170167326927185,-0.2547511160373688,0.0205755066126585,0.0,0.0,0.0,0.006918853148818016,-0.0013837706064805388,0.6282318234443665,0.0,0.0,0.0,0.0,0.0,0.0,0.0,0.11346516180945357,-0.5891737070300698,0.5
23.675,TRACK,0.6993461847305298,0.4513721764087677,1.2367355823516846,0.0,0.0,0.0,0.058118365705013275,0.045664429664611816,0.9757182598114014,0.0,0.0,0.0,0.0,0.0,0.0,0.0,0.25009786165454506,-0.5453907402916042,0.5,0.4043428599834442,-0.30020400881767273,-0.04765980318188667,0.0,0.0,0.0,-0.0013837706064805388,-0.006918853148818016,0.24907870590686798,0.0,0.0,0.0,0.0,0.0,0.0,0.0,0.5181297035245499,-0.30255844117386965,0.5,0.6170167326927185,-0.2547511160373688,0.0205755066126585,0.0,0.0,0.0,0.006918853148818016,-0.0013837706064805388,0.6282318234443665,0.0,0.0,0.0,0.0,0.0,0.0,0.0,0.1133973743330054,-0.5891867577384783,0.5
23.695,TRACK,0.6993461847305298,0.4513721764087677,1.2367355823516846,0.0,0.0,0.0,0.058118365705013275,0.045664429664611816,0.9757182598114014,0.0,0.0,0.0,0.0,0.0,0.0,0.0,0.2500575027174332,-0.5454092457363744,0.5,0.4031435251235962,-0.3026796579360962,-0.04066628962755203,0.0,0.0,0.0,-0.0,-0.006918853148818016,0.25046247243881226,0.0,0.0,0.0,0.0,0.0,0.0,0.0,0.5187469509904903,-0.3014989234442967,0.5,0.6211603283882141,-0.25686293840408325,0.02256842702627182,0.0,0.0,0.0,0.006918853148818016,-0.0013837706064805388,0.6282318234443665,0.0,0.0,0.0,0.0,0.0,0.0,0.0,0.11331103948301943,-0.5892033675491659,0.5
23.715,TRACK,0.6993461847305298,0.4513721764087677,1.2367355823516846,0.0,0.0,0.0,0.058118365705013275,0.045664429664611816,0.9757182598114014,0.0,0.0,0.0,0.0,0.0,0.0,0.0,0.2500173845769724,-0.5454276371887385,0.5,0.4031435251235962,-0.3026796579360962,-0.04066628962755203,0.0,0.0,0.0,-0.0,-0.006918853148818016,0.25046247243881226,0.0,0.0,0.0,0.0,0.0,0.0,0.0,0.5193583478439536,-0.30044451488552565,0.5,0.6211603283882141,-0.25686293840408325,0.02256842702627182,0.0,0.0,0.0,0.006918853148818016,-0.0013837706064805388,0.6282318234443665,0.0,0.0,0.0,0.0,0.0,0.0,0.0,0.1132252202310707,-0.589219865163782,0.5
23.735,TRACK,0.6993461847305298,0.4513721764087677,1.2367355823516846,0.0,0.0,0.0,0.058118365705013275,0.045664429664611816,0.9757182598114014,0.0,0.0,0.0,0.0,0.0,0.0,0.0,0.24997750580483274,-0.5454459153679627,0.5,0.4031435251235962,-0.3026796579360962,-0.04066628962755203,0.0,0.0,0.0,-0.0,-0.006918853148818016,0.25046247243881226,0.0,0.0,0.0,0.0,0.0,0.0,0.0,0.5199639523764525,-0.2993952040849321,0.5,0.6211603283882141,-0.25686293840408325,0.02256842702627182,0.0,0.0,0.0,0.006918853148818016,-0.0013837706064805388,0.6282318234443665,0.0,0.0,0.0,0.0,0.0,0.0,0.0,0.1131399135142212,-0.5892362514051511,0.5
23.755,TRACK,0.708159863948822,0.46454232931137085,1.2472132444381714,0.0,0.0,0.0,0.05535082519054413,0.040129344910383224,0.9786702394485474,0.0,0.0,0.0,0.0,0.0,0.0,0.0,0.24993786498105344,-0.5454640809885768,0.5,0.4031435251235962,-0.3026796579360962,-0.04066628962755203,0.0,0.0,0.0,-0.0,-0.006918853148818016,0.25046247243881226,0.0,0.0,0.0,0.0,0.0,0.0,0.0,0.520563822305651,-0.2983509793959633,0.5,0.6211603283882141,-0.25686293840408325,0.02256842702627182,0.0,0.0,0.0,0.006918853148818016,-0.0013837706064805388,0.6282318234443665,0.0,0.0,0.0,0.0,0.0,0.0,0.0,0.11305511628751161,-0.5892525270893771,0.5
23.775,TRACK,0.708159863948822,0.46454232931137085,1.2472132444381714,0.0,0.0,0.0,0.05535082519054413,0.040129344910383224,0.9786702394485474,0.0,0.0,0.0,0.0,0.0,0.0,0.0,0.24989846069399546,-0.5454821347604077,0.5,0.4031435251235962,-0.3026796579360962,-0.04066628962755203,0.0,0.0,0.0,-0.0,-0.006918853148818016,0.25046247243881226,0.0,0.0,0.0,0.0,0.0,0.0,0.0,0.5211712545518322,-0.297288619743288,0.5,0.6211603283882141,-0.25686293840408325,0.02256842702627182,0.0,0.0,0.0,0.006918853148818016,-0.0013837706064805388,0.6282318234443665,0.0,0.0,0.0,0.0,0.0,0.0,0.0,0.11297082552385872,-0.5892686930259047,0.5
23.795,TRACK,0.708159863948822,0.46454232931137085,1.2472132444381714,0.0,0.0,0.0,0.05535082519054413,0.040129344910383224,0.9786702394485474,0.0,0.0,0.0,0.0,0.0,0.0,0.0,0.24984782085623897,-0.5455053312419491,0.5,0.4030604362487793,-0.29087474942207336,-0.06521222740411758,0.0,0.0,0.0,-0.005535082425922155,-0.005535082425922155,0.24907870590686798,0.0,0.0,0.0,0.0,0.0,0.0,0.0,0.521772893636613,-0.2962314086420879,0.5,0.6179409027099609,-0.25807130336761475,0.006312323734164238,0.0,0.0,0.0,0.004151311703026295,-0.004151311703026295,0.6282318234443665,0.0,0.0,0.0,0.0,0.0,0.0,0.0,0.1129538381720372,-0.5892719494785114,0.5
23.815,TRACK,0.708159863948822,0.46454232931137085,1.2472132444381714,0.0,0.0,0.0,0.05535082519054413,0.040129344910383224,0.9786702394485474,0.0,0.0,0.0,0.0,0.0,0.0,0.0,0.24979748272366653,-0.5455283838856778,0.5,0.4030604362487793,-0.29087474942207336,-0.06521222740411758,0.0,0.0,0.0,-0.005535082425922155,-0.005535082425922155,0.24907870590686798,0.0,0.0,0.0,0.0,0.0,0.0,0.0,0.5223687975737387,-0.2951793341705451,0.5,0.6179409027099609,-0.25807130336761475,0.006312323734164238,0.0,0.0,0.0,0.004151311703026295,-0.004151311703026295,0.6282318234443665,0.0,0.0,0.0,0.0,0.0,0.0,0.0,0.11293695265130044,-0.589275185907092,0.5
23.835,TRACK,0.708159863948822,0.46454232931137085,1.2472132444381714,0.0,0.0,0.0,0.05535082519054413,0.040129344910383224,0.9786702394485474,0.0,0.0,0.0,0.0,0.0,0.0,0.0,0.24974744451200112,-0.5455512936101654,0.5,0.4030604362487793,-0.29087474942207336,-0.06521222740411758,0.0,0.0,0.0,-0.005535082425922155,-0.005535082425922155,0.24907870590686798,0.0,0.0,0.0,0.0,0.0,0.0,0.0,0.5229590238030537,-0.29413238417922816,0.5,0.6179409027099609,-0.25807130336761475,0.006312323734164238,0.0,0.0,0.0,0.004151311703026295,-0.004151311703026295,0.6282318234443665,0.0,0.0,0.0,0.0,0.0,0.0,0.0,0.11292016835178878,-0.5892784024375946,0.5
23.855,TRACK,0.7180939316749573,0.4796520471572876,1.2586066722869873,0.0,0.0,0.0,0.05396705120801926,0.035978034138679504,0.9783571362495422,0.0,0.0,0.0,0.0,0.0,0.0,0.0,0.24969770444735326,-0.545574061327811,0.5,0.4030604362487793,-0.29087474942207336,-0.06521222740411758,0.0,0.0,0.0,-0.005535082425922155,-0.005535082425922155,0.24907870590686798,0.0,0.0,0.0,0.0,0.0,0.0,0.0,0.5235582605331027,-0.29306440900858594,0.5,0.6179409027099609,-0.25807130336761475,0.006312323734164238,0.0,0.0,0.0,0.004151311703026295,-0.004151311703026295,0.6282318234443665,0.0,0.0,0.0,0.0,0.0,0.0,0.0,0.11290348466728771,-0.5892815991951416,0.5
23.875,TRACK,0.7180939316749573,0.4796520471572876,1.2586066722869873,0.0,0.0,0.0,0.05396705120801926,0.035978034138679504,0.9783571362495422,0.0,0.0,0.0,0.0,0.0,0.0,0.0,0.24964826076616262,-0.5455966879448867,0.5,0.4030604362487793,-0.29087474942207336,-0.06521222740411758,0.0,0.0,0.0,-0.005535082425922155,-0.005535082425922155,0.24907870590686798,0.0,0.0,0.0,0.0,0.0,0.0,0.0,0.5241517404454589,-0.292001631824201,0.5,0.6179409027099609,-0.25807130336761475,0.006312323734164238,0.0,0.0,0.0,0.004151311703026295,-0.004151311703026295,0.6282318234443665,0.0,0.0,0.0,0.0,0.0,0.0,0.0,0.11288690099520667,-0.5892847763040365,0.5
23.895,TRACK,0.7180939316749573,0.4796520471572876,1.2586066722869873,0.0,0.0,0.0,0.05396705120801926,0.035978034138679504,0.9783571362495422,0.0,0.0,0.0,0.0,0.0,0.0,0.0,0.24959911171514,-0.5456191743615807,0.5,0.40650081634521484,-0.29569846391677856,-0.0709649920463562,0.0,0.0,0.0,-0.0013837706064805388,-0.006918853148818016,0.24492739140987396,0.0,0.0,0.0,0.0,0.0,0.0,0.0,0.5247395215191835,-0.29094404024798026,0.5,0.6179409027099609,-0.25807130336761475,0.006312323734164238,0.0,0.0,0.0,0.004151311703026295,-0.004151311703026295,0.6282318234443665,0.0,0.0,0.0,0.0,0.0,0.0,0.0,0.11285706481678939,-0.5892904911170203,0.5
23.915,TRACK,0.7180939316749573,0.4796520471572876,1.2586066722869873,0.0,0.0,0.0,0.05396705120801926,0.035978034138679504,0.9783571362495422,0.0,0.0,0.0,0.0,0.0,0.0,0.0,0.24964513782937173,-0.5455981168938855,0.5,0.40650081634521484,-0.29569846391677856,-0.0709649920463562,0.0,0.0,0.0,-0.0013837706064805388,-0.006918853148818016,0.24492739140987396,0.0,0.0,0.0,0.0,0.0,0.0,0.0,0.5253216611569789,-0.2898916216782959,0.5,0.5794356465339661,-0.22249789535999298,0.037233155220746994,0.0,0.0,0.0,-0.006918853148818016,-0.005535082425922155,0.6268481016159058,0.0,0.0,0.0,0.0,0.0,0.0,0.0,0.1128274073687331,-0.589296170144054,0.5
23.935,TRACK,0.7180939316749573,0.4796520471572876,1.2586066722869873,0.0,0.0,0.0,0.05396705120801926,0.035978034138679504,0.9783571362495422,0.0,0.0,0.0,0.0,0.0,0.0,0.0,0.2496908860263588,-0.5455771819233021,0.5,0.40650081634521484,-0.29569846391677856,-0.0709649920463562,0.0,0.0,0.0,-0.0013837706064805388,-0.006918853148818016,0.24492739140987396,0.0,0.0,0.0,0.0,0.0,0.0,0.0,0.5258982161902562,-0.28884436329606034,0.5,0.5794356465339661,-0.22249789535999298,0.037233155220746994,0.0,0.0,0.0,-0.006918853148818016,-0.005535082425922155,0.6268481016159058,0.0,0.0,0.0,0.0,0.0,0.0,0.0,0.11279792758216016,-0.5893018136177504,0.5
23.955,TRACK,0.7284302115440369,0.48949846625328064,1.267552137374878,0.0,0.0,0.0,0.06365344673395157,0.03044295310974121,0.9779626727104187,0.0,0.0,0.0,0.0,0.0,0.0,0.0,0.24973635799434943,-0.5455563687610274,0.5,0.40650081634521484,-0.29569846391677856,-0.0709649920463562,0.0,0.0,0.0,-0.0013837706064805388,-0.006918853148818016,0.24492739140987396,0.0,0.0,0.0,0.0,0.0,0.0,0.0,0.5264740569119855,-0.28779344571868803,0.5,0.5794356465339661,-0.22249789535999298,0.037233155220746994,0.0,0.0,0.0,-0.006918853148818016,-0.005535082425922155,0.6268481016159058,0.0,0.0,0.0,0.0,0.0,0.0,0.0,0.11276862439456306,-0.5893074217691119,0.5
23.975,TRACK,0.7284302115440369,0.48949846625328064,1.267552137374878,0.0,0.0,0.0,0.06365344673395157,0.03044295310974121,0.9779626727104187,0.0,0.0,0.0,0.0,0.0,0.0,0.0,0.24978155541121955,-0.5455356767218362,0.5,0.40650081634521484,-0.29569846391677856,-0.0709649920463562,0.0,0.0,0.0,-0.0013837706064805388,-0.006918853148818016,0.24492739140987396,0.0,0.0,0.0,0.0,0.0,0.0,0.0,0.5270443613806186,-0.28674769595743194,0.5,0.5794356465339661,-0.22249789535999298,0.037233155220746994,0.0,0.0,0.0,-0.006918853148818016,-0.005535082425922155,0.6268481016159058,0.0,0.0,0.0,0.0,0.0,0.0,0.0,0.11273949674976655,-0.5893129948275444,0.5
23.995,TRACK,0.7284302115440369,0.48949846625328064,1.267552137374878,0.0,0.0,0.0,0.06365344673395157,0.03044295310974121,0.9779626727104187,0.0,0.0,0.0,0.0,0.0,0.0,0.0,0.24981898259684696,-0.5455185385798326,0.5,0.40525415539741516,-0.29917511343955994,-0.05815448611974716,0.0,0.0,0.0,-0.0013837706064805388,-0.006918853148818016,0.24631115794181824,0.0,0.0,0.0,0.0,0.0,0.0,0.0,0.5276091854856972,-0.28570710070125865,0.5,0.5809885859489441,-0.22462259232997894,0.03646482527256012,0.0,0.0,0.0,-0.0027675412129610777,-0.004151311703026295,0.6268481016159058,0.0,0.0,0.0,0.0,0.0,0.0,0.0,0.11268566008446271,-0.5893232915907268,0.5
24.015,TRACK,0.7284302115440369,0.48949846625328064,1.267552137374878,0.0,0.0,0.0,0.06365344673395157,0.03044295310974121,0.9779626727104187,0.0,0.0,0.0,0.0,0.0,0.0,0.0,0.24985618405403168,-0.5455015007220034,0.5,0.40525415539741516,-0.29917511343955994,-0.05815448611974716,0.0,0.0,0.0,-0.0013837706064805388,-0.006918853148818016,0.24631115794181824,0.0,0.0,0.0,0.0,0.0,0.0,0.0,0.5281685845579777,-0.2846716464385282,0.5,0.5809885859489441,-0.22462259232997894,0.03646482527256012,0.0,0.0,0.0,-0.0027675412129610777,-0.004151311703026295,0.6268481016159058,0.0,0.0,0.0,0.0,0.0,0.0,0.0,0.11263214550716921,-0.5893335216992597,0.5
24.035,TRACK,0.7284302115440369,0.48949846625328064,1.267552137374878,0.0,0.0,0.0,0.06365344673395157,0.03044295310974121,0.9779626727104187,0.0,0.0,0.0,0.0,0.0,0.0,0.0,0.24989316115091484,-0.5454845625771667,0.5,0.40525415539741516,-0.29917511343955994,-0.05815448611974716,0.0,0.0,0.0,-0.0013837706064805388,-0.006918853148818016,0.24631115794181824,0.0,0.0,0.0,0.0,0.0,0.0,0.0,0.5287226133744214,-0.28364131946266585,0.5,0.5809885859489441,-0.22462259232997894,0.03646482527256012,0.0,0.0,0.0,-0.0027675412129610777,-0.004151311703026295,0.6268481016159058,0.0,0.0,0.0,0.0,0.0,0.0,0.0,0.11257895109694555,-0.5893436856113006,0.5
24.055,TRACK,0.7308257818222046,0.4928392767906189,1.2708085775375366,0.0,0.0,0.0,0.06918852776288986,0.023524099960923195,0.9766489863395691,0.0,0.0,0.0,0.0,0.0,0.0,0.0,0.24992991524726726,-0.545467723577201,0.5,0.40525415539741516,-0.29917511343955994,-0.05815448611974716,0.0,0.0,0.0,-0.0013837706064805388,-0.006918853148818016,0.24631115794181824,0.0,0.0,0.0,0.0,0.0,0.0,0.0,0.5292713261631583,-0.28261610587772895,0.5,0.5809885859489441,-0.22462259232997894,0.03646482527256012,0.0,0.0,0.0,-0.0027675412129610777,-0.004151311703026295,0.6268481016159058,0.0,0.0,0.0,0.0,0.0,0.0,0.0,0.11252607494423031,-0.5893537837815631,0.5
24.075,TRACK,0.7308257818222046,0.4928392767906189,1.2708085775375366,0.0,0.0,0.0,0.06918852776288986,0.023524099960923195,0.9766489863395691,0.0,0.0,0.0,0.0,0.0,0.0,0.0,0.24996644769454116,-0.5454509831570314,0.5,0.40525415539741516,-0.29917511343955994,-0.05815448611974716,0.0,0.0,0.0,-0.0013837706064805388,-0.006918853148818016,0.24631115794181824,0.0,0.0,0.0,0.0,0.0,0.0,0.0,0.5298175304844399,-0.28159081020404325,0.5,0.5809885859489441,-0.22462259232997894,0.03646482527256012,0.0,0.0,0.0,-0.0027675412129610777,-0.004151311703026295,0.6268481016159058,0.0,0.0,0.0,0.0,0.0,0.0,0.0,0.11247351515077499,-0.5893638166613457,0.5
24.095,TRACK,0.7308257818222046,0.4928392767906189,1.2708085775375366,0.0,0.0,0.0,0.06918852776288986,0.023524099960923195,0.9766489863395691,0.0,0.0,0.0,0.0,0.0,0.0,0.0,0.24999410605606356,-0.5454383071780251,0.5,0.405148446559906,-0.2953638732433319,-0.05937018245458603,0.0,0.0,0.0,-0.0027675412129610777,-0.006918853148818016,0.24631115794181824,0.0,0.0,0.0,0.0,0.0,0.0,0.0,0.5303584892402816,-0.2805706201489494,0.5,0.580312967300415,-0.22612708806991577,0.03232065588235855,0.0,0.0,0.0,0.0013837706064805388,-0.004151311703026295,0.6268481016159058,0.0,0.0,0.0,0.0,0.0,0.0,0.0,0.11244245298833194,-0.5893697436804562,0.5
24.115,TRACK,0.7308257818222046,0.4928392767906189,1.2708085775375366,0.0,0.0,0.0,0.06918852776288986,0.023524099960923195,0.9766489863395691,0.0,0.0,0.0,0.0,0.0,0.0,0.0,0.2500215978303826,-0.5454257058650082,0.5,0.405148446559906,-0.2953638732433319,-0.05937018245458603,0.0,0.0,0.0,-0.0027675412129610777,-0.006918853148818016,0.24631115794181824,0.0,0.0,0.0,0.0,0.0,0.0,0.0,0.5308942554675539,-0.27955552133977185,0.5,0.580312967300415,-0.22612708806991577,0.03232065588235855,0.0,0.0,0.0,0.0013837706064805388,-0.004151311703026295,0.6268481016159058,0.0,0.0,0.0,0.0,0.0,0.0,0.0,0.11241157688933255,-0.5893756335150391,0.5
24.135,TRACK,0.7308257818222046,0.4928392767906189,1.2708085775375366,0.0,0.0,0.0,0.06918852776288986,0.023524099960923195,0.9766489863395691,0.0,0.0,0.0,0.0,0.0,0.0,0.0,0.2500489240245738,-0.5454131787866451,0.5,0.405148446559906,-0.2953638732433319,-0.05937018245458603,0.0,0.0,0.0,-0.0027675412129610777,-0.006918853148818016,0.24631115794181824,0.0,0.0,0.0,0.0,0.0,0.0,0.0,0.5314248816695106,-0.2785454992322558,0.5,0.580312967300415,-0.22612708806991577,0.03232065588235855,0.0,0.0,0.0,0.0013837706064805388,-0.004151311703026295,0.6268481016159058,0.0,0.0,0.0,0.0,0.0,0.0,0.0,0.11238088574118336,-0.5893814864075958,0.5
24.155,TRACK,0.7429711818695068,0.5103058815002441,1.283945083618164,0.0,0.0,0.0,0.07472360879182816,0.02214032970368862,0.9765588045120239,0.0,0.0,0.0,0.0,0.0,0.0,0.0,0.25007608563958106,-0.5454007255139883,0.5,0.405148446559906,-0.2953638732433319,-0.05937018245458603,0.0,0.0,0.0,-0.0027675412129610777,-0.006918853148818016,0.24631115794181824,0.0,0.0,0.0,0.0,0.0,0.0,0.0,0.5319646283120076,-0.27751330459073037,0.5,0.580312967300415,-0.22612708806991577,0.03232065588235855,0.0,0.0,0.0,0.0013837706064805388,-0.004151311703026295,0.6268481016159058,0.0,0.0,0.0,0.0,0.0,0.0,0.0,0.11235037843791958,-0.5893873025989415,0.5
24.175,TRACK,0.7429711818695068,0.5103058815002441,1.283945083618164,0.0,0.0,0.0,0.07472360879182816,0.02214032970368862,0.9765588045120239,0.0,0.0,0.0,0.0,0.0,0.0,0.0,0.2501030836702546,-0.5453883456204667,0.5,0.405148446559906,-0.2953638732433319,-0.05937018245458603,0.0,0.0,0.0,-0.0027675412129610777,-0.006918853148818016,0.24631115794181824,0.0,0.0,0.0,0.0,0.0,0.0,0.0,0.5324991496412202,-0.27648626662345693,0.5,0.580312967300415,-0.22612708806991577,0.03232065588235855,0.0,0.0,0.0,0.0013837706064805388,-0.004151311703026295,0.6268481016159058,0.0,0.0,0.0,0.0,0.0,0.0,0.0,0.11232005388016618,-0.5893930823282172,0.5
24.195,TRACK,0.7429711818695068,0.5103058815002441,1.283945083618164,0.0,0.0,0.0,0.07472360879182816,0.02214032970368862,0.9765588045120239,0.0,0.0,0.0,0.0,0.0,0.0,0.0,0.2501338664249939,-0.5453742282756706,0.5,0.4050402343273163,-0.29835882782936096,-0.05675739794969559,0.0,0.0,0.0,-0.0013837706064805388,-0.006918853148818016,0.24631115794181824,0.0,0.0,0.0,0.0,0.0,0.0,0.0,0.5330284988069556,-0.27546437058103046,0.5,0.5823671817779541,-0.22611874341964722,0.030028101056814194,0.0,0.0,0.0,0.004151311703026295,-0.0027675412129610777,0.6268481016159058,0.0,0.0,0.0,0.0,0.0,0.0,0.0,0.11227245015423158,-0.5894021521307549,0.5
24.215,TRACK,0.7429711818695068,0.5103058815002441,1.283945083618164,0.0,0.0,0.0,0.07472360879182816,0.02214032970368862,0.9765588045120239,0.0,0.0,0.0,0.0,0.0,0.0,0.0,0.2501644636934933,-0.5453601939131117,0.5,0.4050402343273163,-0.29835882782936096,-0.05675739794969559,0.0,0.0,0.0,-0.0013837706064805388,-0.006918853148818016,0.24631115794181824,0.0,0.0,0.0,0.0,0.0,0.0,0.0,0.53355272842179,-0.27444760154474585,0.5,0.5823671817779541,-0.22611874341964722,0.030028101056814194,0.0,0.0,0.0,0.004151311703026295,-0.0027675412129610777,0.6268481016159058,0.0,0.0,0.0,0.0,0.0,0.0,0.0,0.11222513132484699,-0.5894111637041843,0.5
24.235,TRACK,0.7429711818695068,0.5103058815002441,1.283945083618164,0.0,0.0,0.0,0.07472360879182816,0.02214032970368862,0.9765588045120239,0.0,0.0,0.0,0.0,0.0,0.0,0.0,0.2501948765980229,-0.5453462420555404,0.5,0.4050402343273163,-0.29835882782936096,-0.05675739794969559,0.0,0.0,0.0,-0.0013837706064805388,-0.006918853148818016,0.24631115794181824,0.0,0.0,0.0,0.0,0.0,0.0,0.0,0.5340718905659807,-0.27343594443174274,0.5,0.5823671817779541,-0.22611874341964722,0.030028101056814194,0.0,0.0,0.0,0.004151311703026295,-0.0027675412129610777,0.6268481016159058,0.0,0.0,0.0,0.0,0.0,0.0,0.0,0.11217809569161903,-0.5894201174434088,0.5
24.255,TRACK,0.7165695428848267,0.47501450777053833,1.256666898727417,0.0,0.0,0.0,0.07472360879182816,0.019372789189219475,0.9782866835594177,0.0,0.0,0.0,0.0,0.0,0.0,0.0,0.25022510625400907,-0.5453323722283226,0.5,0.4050402343273163,-0.29835882782936096,-0.05675739794969559,0.0,0.0,0.0,-0.0013837706064805388,-0.006918853148818016,0.24631115794181824,0.0,0.0,0.0,0.0,0.0,0.0,0.0,0.5345591431641769,-0.27248215071740206,0.5,0.5823671817779541,-0.22611874341964722,0.030028101056814194,0.0,0.0,0.0,0.004151311703026295,-0.0027675412129610777,0.6268481016159058,0.0,0.0,0.0,0.0,0.0,0.0,0.0,0.11213134156424366,-0.5894290137404189,0.5
24.275,TRACK,0.7165695428848267,0.47501450777053833,1.256666898727417,0.0,0.0,0.0,0.07472360879182816,0.019372789189219475,0.9782866835594177,0.0,0.0,0.0,0.0,0.0,0.0,0.0,0.25025515377007657,-0.5453185839594276,0.5,0.4050402343273163,-0.29835882782936096,-0.05675739794969559,0.0,0.0,0.0,-0.0013837706064805388,-0.006918853148818016,0.24631115794181824,0.0,0.0,0.0,0.0,0.0,0.0,0.0,0.5350417841804513,-0.27153321929553903,0.5,0.5823671817779541,-0.22611874341964722,0.030028101056814194,0.0,0.0,0.0,0.004151311703026295,-0.0027675412129610777,0.6268481016159058,0.0,0.0,0.0,0.0,0.0,0.0,0.0,0.11208486726244708,-0.5894378529843156,0.5
24.295,TRACK,0.7165695428848267,0.47501450777053833,1.256666898727417,0.0,0.0,0.0,0.07472360879182816,0.019372789189219475,0.9782866835594177,0.0,0.0,0.0,0.0,0.0,0.0,0.0,0.25028502024809096,-0.5453048767794147,0.5,0.4046770930290222,-0.29862380027770996,-0.050980184227228165,0.0,0.0,0.0,-0.0013837706064805388,-0.006918853148818016,0.2476949393749237,0.0,0.0,0.0,0.0,0.0,0.0,0.0,0.5355198599744032,-0.2705891342478399,0.5,0.581214964389801,-0.2275812029838562,0.025627417489886284,0.0,0.0,0.0,0.005535082425922155,-0.004151311703026295,0.6268481016159058,0.0,0.0,0.0,0.0,0.0,0.0,0.0,0.11203867111592726,-0.5894466355613348,0.5
24.315,TRACK,0.7165695428848267,0.47501450777053833,1.256666898727417,0.0,0.0,0.0,0.07472360879182816,0.019372789189219475,0.9782866835594177,0.0,0.0,0.0,0.0,0.0,0.0,0.0,0.25030537478336967,-0.5452955339580151,0.5,0.4046770930290222,-0.29862380027770996,-0.050980184227228165,0.0,0.0,0.0,-0.0013837706064805388,-0.006918853148818016,0.2476949393749237,0.0,0.0,0.0,0.0,0.0,0.0,0.0,0.5359934164359562,-0.2696498795425498,0.5,0.581214964389801,-0.2275812029838562,0.025627417489886284,0.0,0.0,0.0,0.005535082425922155,-0.004151311703026295,0.6268481016159058,0.0,0.0,0.0,0.0,0.0,0.0,0.0,0.11198973665132504,-0.589455934642079,0.5
24.335,TRACK,0.7165695428848267,0.47501450777053833,1.256666898727417,0.0,0.0,0.0,0.07472360879182816,0.019372789189219475,0.9782866835594177,0.0,0.0,0.0,0.0,0.0,0.0,0.0,0.2503256068458137,-0.5452862464405966,0.5,0.4046770930290222,-0.29862380027770996,-0.050980184227228165,0.0,0.0,0.0,-0.0013837706064805388,-0.006918853148818016,0.2476949393749237,0.0,0.0,0.0,0.0,0.0,0.0,0.0,0.5364624989897757,-0.2687154390384832,0.5,0.581214964389801,-0.2275812029838562,0.025627417489886284,0.0,0.0,0.0,0.005535082425922155,-0.004151311703026295,0.6268481016159058,0.0,0.0,0.0,0.0,0.0,0.0,0.0,0.11194109502862927,-0.5894651739024039,0.5
24.355,TRACK,0.7054218649864197,0.4613848030567169,1.2448420524597168,0.0,0.0,0.0,0.07610738277435303,0.019372789189219475,0.9792520999908447,0.0,0.0,0.0,0.0,0.0,0.0,0.0,0.2503457171743674,-0.5452770139043563,0.5,0.4046770930290222,-0.29862380027770996,-0.050980184227228165,0.0,0.0,0.0,-0.0013837706064805388,-0.006918853148818016,0.2476949393749237,0.0,0.0,0.0,0.0,0.0,0.0,0.0,0.5369172383895535,-0.2678056741746435,0.5,0.581214964389801,-0.2275812029838562,0.025627417489886284,0.0,0.0,0.0,0.005535082425922155,-0.004151311703026295,0.6268481016159058,0.0,0.0,0.0,0.0,0.0,0.0,0.0,0.11189274450026773,-0.5894743537493364,0.5
24.375,TRACK,0.7054218649864197,0.4613848030567169,1.2448420524597168,0.0,0.0,0.0,0.07610738277435303,0.019372789189219475,0.9792520999908447,0.0,0.0,0.0,0.0,0.0,0.0,0.0,0.2503657065034929,-0.54526783602832,0.5,0.4046770930290222,-0.29862380027770996,-0.050980184227228165,0.0,0.0,0.0,-0.0013837706064805388,-0.006918853148818016,0.2476949393749237,0.0,0.0,0.0,0.0,0.0,0.0,0.0,0.5373677203815025,-0.26690060526718057,0.5,0.581214964389801,-0.2275812029838562,0.025627417489886284,0.0,0.0,0.0,0.005535082425922155,-0.004151311703026295,0.6268481016159058,0.0,0.0,0.0,0.0,0.0,0.0,0.0,0.11184468332903445,-0.5894834745868861,0.5
24.395,TRACK,0.7054218649864197,0.4613848030567169,1.2448420524597168,0.0,0.0,0.0,0.07610738277435303,0.019372789189219475,0.9792520999908447,0.0,0.0,0.0,0.0,0.0,0.0,0.0,0.2503898324503931,-0.5452567576889479,0.5,0.40355879068374634,-0.29248523712158203,-0.060350921005010605,0.0,0.0,0.0,-0.004151311703026295,-0.006918853148818016,0.24631115794181824,0.0,0.0,0.0,0.0,0.0,0.0,0.0,0.5378139875351702,-0.2660002158110399,0.5,0.5837738513946533,-0.22770754992961884,0.02625807747244835,0.0,0.0,0.0,0.006918853148818016,-0.0027675412129610777,0.6282318234443665,0.0,0.0,0.0,0.0,0.0,0.0,0.0,0.11182724993822991,-0.5894867820157231,0.5
24.415,TRACK,0.7054218649864197,0.4613848030567169,1.2448420524597168,0.0,0.0,0.0,0.07610738277435303,0.019372789189219475,0.9792520999908447,0.0,0.0,0.0,0.0,0.0,0.0,0.0,0.2504138131558136,-0.5452457447617223,0.5,0.40355879068374634,-0.29248523712158203,-0.060350921005010605,0.0,0.0,0.0,-0.004151311703026295,-0.006918853148818016,0.24631115794181824,0.0,0.0,0.0,0.0,0.0,0.0,0.0,0.5382560819878806,-0.26510448921709345,0.5,0.5837738513946533,-0.22770754992961884,0.02625807747244835,0.0,0.0,0.0,0.006918853148818016,-0.0027675412129610777,0.6282318234443665,0.0,0.0,0.0,0.0,0.0,0.0,0.0,0.11180992105084255,-0.5894900690890427,0.5
24.435,TRACK,0.7054218649864197,0.4613848030567169,1.2448420524597168,0.0,0.0,0.0,0.07610738277435303,0.019372789189219475,0.9792520999908447,0.0,0.0,0.0,0.0,0.0,0.0,0.0,0.2504376494969696,-0.545234796866848,0.5,0.40355879068374634,-0.29248523712158203,-0.060350921005010605,0.0,0.0,0.0,-0.004151311703026295,-0.006918853148818016,0.24631115794181824,0.0,0.0,0.0,0.0,0.0,0.0,0.0,0.5386940454488648,-0.26421340881555644,0.5,0.5837738513946533,-0.22770754992961884,0.02625807747244835,0.0,0.0,0.0,0.006918853148818016,-0.0027675412129610777,0.6282318234443665,0.0,0.0,0.0,0.0,0.0,0.0,0.0,0.11179269604102642,-0.5894933359350881,0.5
24.455,TRACK,0.6989580988883972,0.453214555978775,1.2377502918243408,0.0,0.0,0.0,0.07472360879182816,0.017989017069339752,0.9799089431762695,0.0,0.0,0.0,0.0,0.0,0.0,0.0,0.2504613423457445,-0.5452239136266565,0.5,0.40355879068374634,-0.29248523712158203,-0.060350921005010605,0.0,0.0,0.0,-0.004151311703026295,-0.006918853148818016,0.24631115794181824,0.0,0.0,0.0,0.0,0.0,0.0,0.0,0.5391216610681258,-0.26333977019649885,0.5,0.5837738513946533,-0.22770754992961884,0.02625807747244835,0.0,0.0,0.0,0.006918853148818016,-0.0027675412129610777,0.6282318234443665,0.0,0.0,0.0,0.0,0.0,0.0,0.0,0.1117755742866763,-0.58949658268126,0.5
24.475,TRACK,0.6989580988883972,0.453214555978775,1.2377502918243408,0.0,0.0,0.0,0.07472360879182816,0.017989017069339752,0.9799089431762695,0.0,0.0,0.0,0.0,0.0,0.0,0.0,0.25048489256872314,-0.5452130946655951,0.5,0.40355879068374634,-0.29248523712158203,-0.060350921005010605,0.0,0.0,0.0,-0.004151311703026295,-0.006918853148818016,0.24631115794181824,0.0,0.0,0.0,0.0,0.0,0.0,0.0,0.5395453068809497,-0.26247068754956565,0.5,0.5837738513946533,-0.22770754992961884,0.02625807747244835,0.0,0.0,0.0,0.006918853148818016,-0.0027675412129610777,0.6282318234443665,0.0,0.0,0.0,0.0,0.0,0.0,0.0,0.11175855516940532,-0.5894998094541227,0.5
24.495,TRACK,0.6989580988883972,0.453214555978775,1.2377502918243408,0.0,0.0,0.0,0.07472360879182816,0.017989017069339752,0.9799089431762695,0.0,0.0,0.0,0.0,0.0,0.0,0.0,0.25050973263408366,-0.5452016818165548,0.5,0.40528246760368347,-0.2951136827468872,-0.062158457934856415,0.0,0.0,0.0,-0.0013837706064805388,-0.006918853148818016,0.24631115794181824,0.0,0.0,0.0,0.0,0.0,0.0,0.0,0.5399650224147925,-0.26160614398097126,0.5,0.5857528448104858,-0.22818417847156525,0.032148707658052444,0.0,0.0,0.0,0.006918853148818016,-0.0027675412129610777,0.6282318234443665,0.0,0.0,0.0,0.0,0.0,0.0,0.0,0.11173375946774321,-0.5895045097327115,0.5
24.515,TRACK,0.6989580988883972,0.453214555978775,1.2377502918243408,0.0,0.0,0.0,0.07472360879182816,0.017989017069339752,0.9799089431762695,0.0,0.0,0.0,0.0,0.0,0.0,0.0,0.25053442314371893,-0.5451903363230532,0.5,0.40528246760368347,-0.2951136827468872,-0.062158457934856415,0.0,0.0,0.0,-0.0013837706064805388,-0.006918853148818016,0.24631115794181824,0.0,0.0,0.0,0.0,0.0,0.0,0.0,0.5403808467950431,-0.26074612253506685,0.5,0.5857528448104858,-0.22818417847156525,0.032148707658052444,0.0,0.0,0.0,0.006918853148818016,-0.0027675412129610777,0.6282318234443665,0.0,0.0,0.0,0.0,0.0,0.0,0.0,0.11170911234438492,-0.589509180776033,0.5
24.535,TRACK,0.6989580988883972,0.453214555978775,1.2377502918243408,0.0,0.0,0.0,0.07472360879182816,0.017989017069339752,0.9799089431762695,0.0,0.0,0.0,0.0,0.0,0.0,0.0,0.25055896500107855,-0.5451790577943987,0.5,0.40528246760368347,-0.2951136827468872,-0.062158457934856415,0.0,0.0,0.0,-0.0013837706064805388,-0.006918853148818016,0.24631115794181824,0.0,0.0,0.0,0.0,0.0,0.0,0.0,0.5407928187489163,-0.2598906061973033,0.5,0.5857528448104858,-0.22818417847156525,0.032148707658052444,0.0,0.0,0.0,0.006918853148818016,-0.0027675412129610777,0.6282318234443665,0.0,0.0,0.0,0.0,0.0,0.0,0.0,0.11168461291024707,-0.5895138227718568,0.5
24.555,TRACK,0.693805456161499,0.4481153190135956,1.2333914041519165,0.0,0.0,0.0,0.07057230174541473,0.019372789189219475,0.9799294471740723,0.0,0.0,0.0,0.0,0.0,0.0,0.0,0.25058335910411905,-0.545167845842082,0.5,0.40528246760368347,-0.2951136827468872,-0.062158457934856415,0.0,0.0,0.0,-0.0013837706064805388,-0.006918853148818016,0.24631115794181824,0.0,0.0,0.0,0.0,0.0,0.0,0.0,0.5411982005486964,-0.25904537772917885,0.5,0.5857528448104858,-0.22818417847156525,0.032148707658052444,0.0,0.0,0.0,0.006918853148818016,-0.0027675412129610777,0.6282318234443665,0.0,0.0,0.0,0.0,0.0,0.0,0.0,0.11166026028155161,-0.5895184359066781,0.5
24.575,TRACK,0.693805456161499,0.4481153190135956,1.2333914041519165,0.0,0.0,0.0,0.07057230174541473,0.019372789189219475,0.9799294471740723,0.0,0.0,0.0,0.0,0.0,0.0,0.0,0.2506076063453381,-0.5451567000797661,0.5,0.40528246760368347,-0.2951136827468872,-0.062158457934856415,0.0,0.0,0.0,-0.0013837706064805388,-0.006918853148818016,0.24631115794181824,0.0,0.0,0.0,0.0,0.0,0.0,0.0,0.5415998408821338,-0.25820459398788276,0.5,0.5857528448104858,-0.22818417847156525,0.032148707658052444,0.0,0.0,0.0,0.006918853148818016,-0.0027675412129610777,0.6282318234443665,0.0,0.0,0.0,0.0,0.0,0.0,0.0,0.11163605357979418,-0.5895230203657269,0.5
24.595,TRACK,0.693805456161499,0.4481153190135956,1.2333914041519165,0.0,0.0,0.0,0.07057230174541473,0.019372789189219475,0.9799294471740723,0.0,0.0,0.0,0.0,0.0,0.0,0.0,0.25063002309598686,-0.5451463945793873,0.5,0.40385717153549194,-0.2999511659145355,-0.055034082382917404,0.0,0.0,0.0,-0.0013837706064805388,-0.006918853148818016,0.2476949393749237,0.0,0.0,0.0,0.0,0.0,0.0,0.0,0.5419977769010234,-0.2573682378117946,0.5,0.5847296714782715,-0.22813250124454498,0.03457748144865036,0.0,0.0,0.0,0.005535082425922155,-0.0027675412129610777,0.6282318234443665,0.0,0.0,0.0,0.0,0.0,0.0,0.0,0.11157859570435788,-0.5895338980759659,0.5
24.615,TRACK,0.693805456161499,0.4481153190135956,1.2333914041519165,0.0,0.0,0.0,0.07057230174541473,0.019372789189219475,0.9799294471740723,0.0,0.0,0.0,0.0,0.0,0.0,0.0,0.25065230492615503,-0.5451361499985171,0.5,0.40385717153549194,-0.2999511659145355,-0.055034082382917404,0.0,0.0,0.0,-0.0013837706064805388,-0.006918853148818016,0.2476949393749237,0.0,0.0,0.0,0.0,0.0,0.0,0.0,0.5423920453785762,-0.2565362919940266,0.5,0.5847296714782715,-0.22813250124454498,0.03457748144865036,0.0,0.0,0.0,0.005535082425922155,-0.0027675412129610777,0.6282318234443665,0.0,0.0,0.0,0.0,0.0,0.0,0.0,0.11152148152577966,-0.589544704970111,0.5
24.635,TRACK,0.693805456161499,0.4481153190135956,1.2333914041519165,0.0,0.0,0.0,0.07057230174541473,0.019372789189219475,0.9799294471740723,0.0,0.0,0.0,0.0,0.0,0.0,0.0,0.25067445265035293,-0.5451259659825846,0.5,0.40385717153549194,-0.2999511659145355,-0.055034082382917404,0.0,0.0,0.0,-0.0013837706064805388,-0.006918853148818016,0.2476949393749237,0.0,0.0,0.0,0.0,0.0,0.0,0.0,0.5427826827131204,-0.25570873928504695,0.5,0.5847296714782715,-0.22813250124454498,0.03457748144865036,0.0,0.0,0.0,0.005535082425922155,-0.0027675412129610777,0.6282318234443665,0.0,0.0,0.0,0.0,0.0,0.0,0.0,0.11146470899497647,-0.5895554415393561,0.5
24.655,TRACK,0.6917226314544678,0.44681403040885925,1.2327041625976562,0.0,0.0,0.0,0.06642098724842072,0.020756559446454048,0.9799284934997559,0.0,0.0,0.0,0.0,0.0,0.0,0.0,0.25069646707814525,-0.5451158421790147,0.5,0.40385717153549194,-0.2999511659145355,-0.055034082382917404,0.0,0.0,0.0,-0.0013837706064805388,-0.006918853148818016,0.2476949393749237,0.0,0.0,0.0,0.0,0.0,0.0,0.0,0.5431697935214893,-0.2548854162281997,0.5,0.5847296714782715,-0.22813250124454498,0.03457748144865036,0.0,0.0,0.0,0.005535082425922155,-0.0027675412129610777,0.6282318234443665,0.0,0.0,0.0,0.0,0.0,0.0,0.0,0.11140827607499375,-0.5895661082711573,0.5
24.675,TRACK,0.6917226314544678,0.44681403040885925,1.2327041625976562,0.0,0.0,0.0,0.06642098724842072,0.020756559446454048,0.9799284934997559,0.0,0.0,0.0,0.0,0.0,0.0,0.0,0.2507183490141807,-0.5451057782372183,0.5,0.40385717153549194,-0.2999511659145355,-0.055034082382917404,0.0,0.0,0.0,-0.0013837706064805388,-0.006918853148818016,0.2476949393749237,0.0,0.0,0.0,0.0,0.0,0.0,0.0,0.5435533440225696,-0.2540664523345852,0.5,0.5847296714782715,-0.22813250124454498,0.03457748144865036,0.0,0.0,0.0,0.005535082425922155,-0.0027675412129610777,0.6282318234443665,0.0,0.0,0.0,0.0,0.0,0.0,0.0,0.11135218074093446,-0.5895767056492635,0.5
24.695,TRACK,0.6917226314544678,0.44681403040885925,1.2327041625976562,0.0,0.0,0.0,0.06642098724842072,0.020756559446454048,0.9799284934997559,0.0,0.0,0.0,0.0,0.0,0.0,0.0,0.2507400992582226,-0.5450957738085819,0.5,0.4047223627567291,-0.29879066348075867,-0.05030191317200661,0.0,0.0,0.0,-0.0,-0.006918853148818016,0.2476949393749237,0.0,0.0,0.0,0.0,0.0,0.0,0.0,0.5439333695218538,-0.2532518302413675,0.5,0.5973904132843018,-0.23670639097690582,0.027873879298567772,0.0,0.0,0.0,0.009686394594609737,-0.0,0.6282318234443665,0.0,0.0,0.0,0.0,0.0,0.0,0.0,0.11129642097988898,-0.5895872341537487,0.5
24.715,TRACK,0.6917226314544678,0.44681403040885925,1.2327041625976562,0.0,0.0,0.0,0.06642098724842072,0.020756559446454048,0.9799284934997559,0.0,0.0,0.0,0.0,0.0,0.0,0.0,0.25074448606557403,-0.5450937558876556,0.5,0.4047223627567291,-0.29879066348075867,-0.05030191317200661,0.0,0.0,0.0,-0.0,-0.006918853148818016,0.2476949393749237,0.0,0.0,0.0,0.0,0.0,0.0,0.0,0.5443099049643518,-0.25244153255298196,0.5,0.5973904132843018,-0.23670639097690582,0.027873879298567772,0.0,0.0,0.0,0.009686394594609737,-0.0,0.6282318234443665,0.0,0.0,0.0,0.0,0.0,0.0,0.0,0.11125117381258505,-0.5895957736664349,0.5
24.735,TRACK,0.6917226314544678,0.44681403040885925,1.2327041625976562,0.0,0.0,0.0,0.06642098724842072,0.020756559446454048,0.9799284934997559,0.0,0.0,0.0,0.0,0.0,0.0,0.0,0.25074884653598734,-0.545091750039268,0.5,0.4047223627567291,-0.29879066348075867,-0.05030191317200661,0.0,0.0,0.0,-0.0,-0.006918853148818016,0.2476949393749237,0.0,0.0,0.0,0.0,0.0,0.0,0.0,0.5446829849381442,-0.251635541843503,0.5,0.5973904132843018,-0.23670639097690582,0.027873879298567772,0.0,0.0,0.0,0.009686394594609737,-0.0,0.6282318234443665,0.0,0.0,0.0,0.0,0.0,0.0,0.0,0.11120619747895295,-0.5896042585007949,0.5
24.755,TRACK,0.686307430267334,0.443006306886673,1.2308236360549927,0.0,0.0,0.0,0.058118365705013275,0.02214032970368862,0.9804256558418274,0.0,0.0,0.0,0.0,0.0,0.0,0.0,0.2507531808276763,-0.5450897561914025,0.5,0.4047223627567291,-0.29879066348075867,-0.05030191317200661,0.0,0.0,0.0,-0.0,-0.006918853148818016,0.2476949393749237,0.0,0.0,0.0,0.0,0.0,0.0,0.0,0.545052164213939,-0.25083488251377883,0.5,0.5973904132843018,-0.23670639097690582,0.027873879298567772,0.0,0.0,0.0,0.009686394594609737,-0.0,0.6282318234443665,0.0,0.0,0.0,0.0,0.0,0.0,0.0,0.11116149036201854,-0.5896126890260206,0.5
24.775,TRACK,0.686307430267334,0.443006306886673,1.2308236360549927,0.0,0.0,0.0,0.058118365705013275,0.02214032970368862,0.9804256558418274,0.0,0.0,0.0,0.0,0.0,0.0,0.0,0.25075748909790346,-0.5450877742724696,0.5,0.4047223627567291,-0.29879066348075867,-0.05030191317200661,0.0,0.0,0.0,-0.0,-0.006918853148818016,0.2476949393749237,0.0,0.0,0.0,0.0,0.0,0.0,0.0,0.5454179620546624,-0.25003849037326004,0.5,0.5973904132843018,-0.23670639097690582,0.027873879298567772,0.0,0.0,0.0,0.009686394594609737,-0.0,0.6282318234443665,0.0,0.0,0.0,0.0,0.0,0.0,0.0,0.11111705085440891,-0.5896210656085981,0.5
24.795,TRACK,0.686307430267334,0.443006306886673,1.2308236360549927,0.0,0.0,0.0,0.058118365705013275,0.02214032970368862,0.9804256558418274,0.0,0.0,0.0,0.0,0.0,0.0,0.0,0.2507734255123104,-0.5450804427392545,0.5,0.4048387408256531,-0.2959737479686737,-0.054237741976976395,0.0,0.0,0.0,-0.0013837706064805388,-0.006918853148818016,0.2476949393749237,0.0,0.0,0.0,0.0,0.0,0.0,0.0,0.5457804119298237,-0.24924634792452205,0.5,0.5935209393501282,-0.23272962868213654,0.027661673724651337,0.0,0.0,0.0,0.006918853148818016,-0.0013837706064805388,0.6282318234443665,0.0,0.0,0.0,0.0,0.0,0.0,0.0,0.11108935215058598,-0.5896262848947315,0.5
24.815,TRACK,0.686307430267334,0.443006306886673,1.2308236360549927,0.0,0.0,0.0,0.058118365705013275,0.02214032970368862,0.9804256558418274,0.0,0.0,0.0,0.0,0.0,0.0,0.0,0.2507892660958003,-0.5450731547334998,0.5,0.4048387408256531,-0.2959737479686737,-0.054237741976976395,0.0,0.0,0.0,-0.0013837706064805388,-0.006918853148818016,0.2476949393749237,0.0,0.0,0.0,0.0,0.0,0.0,0.0,0.5461395469666666,-0.24845843764912506,0.5,0.5935209393501282,-0.23272962868213654,0.027661673724651337,0.0,0.0,0.0,0.006918853148818016,-0.0013837706064805388,0.6282318234443665,0.0,0.0,0.0,0.0,0.0,0.0,0.0,0.11106181939603242,-0.5896314715756301,0.5
24.835,TRACK,0.686307430267334,0.443006306886673,1.2308236360549927,0.0,0.0,0.0,0.058118365705013275,0.02214032970368862,0.9804256558418274,0.0,0.0,0.0,0.0,0.0,0.0,0.0,0.2508050114258868,-0.5450659099995713,0.5,0.4048387408256531,-0.2959737479686737,-0.054237741976976395,0.0,0.0,0.0,-0.0013837706064805388,-0.006918853148818016,0.2476949393749237,0.0,0.0,0.0,0.0,0.0,0.0,0.0,0.5464953999535679,-0.24767474200973724,0.5,0.5935209393501282,-0.23272962868213654,0.027661673724651337,0.0,0.0,0.0,0.006918853148818016,-0.0013837706064805388,0.6282318234443665,0.0,0.0,0.0,0.0,0.0,0.0,0.0,0.11103445159801892,-0.5896366258623417,0.5
24.855,TRACK,0.6826463341712952,0.44009390473365784,1.2279155254364014,0.0,0.0,0.0,0.05396705120801926,0.019372789189219475,0.9812446236610413,0.0,0.0,0.0,0.0,0.0,0.0,0.0,0.2508206620765887,-0.5450587082833019,0.5,0.4048387408256531,-0.2959737479686737,-0.054237741976976395,0.0,0.0,0.0,-0.0013837706064805388,-0.006918853148818016,0.2476949393749237,0.0,0.0,0.0,0.0,0.0,0.0,0.0,0.5468471617788178,-0.2468971074242295,0.5,0.5935209393501282,-0.23272962868213654,0.027661673724651337,0.0,0.0,0.0,0.006918853148818016,-0.0013837706064805388,0.6282318234443665,0.0,0.0,0.0,0.0,0.0,0.0,0.0,0.11100724776973575,-0.589641747964464,0.5
24.875,TRACK,0.6826463341712952,0.44009390473365784,1.2279155254364014,0.0,0.0,0.0,0.05396705120801926,0.019372789189219475,0.9812446236610413,0.0,0.0,0.0,0.0,0.0,0.0,0.0,0.2508362186184509,-0.5450515493319845,0.5,0.4048387408256531,-0.2959737479686737,-0.054237741976976395,0.0,0.0,0.0,-0.0013837706064805388,-0.006918853148818016,0.2476949393749237,0.0,0.0,0.0,0.0,0.0,0.0,0.0,0.547195716440429,-0.2461236435396763,0.5,0.5935209393501282,-0.23272962868213654,0.027661673724651337,0.0,0.0,0.0,0.006918853148818016,-0.0013837706064805388,0.6282318234443665,0.0,0.0,0.0,0.0,0.0,0.0,0.0,0.11098020693025806,-0.5896468380901546,0.5
24.895,TRACK,0.6826463341712952,0.44009390473365784,1.2279155254364014,0.0,0.0,0.0,0.05396705120801926,0.019372789189219475,0.9812446236610413,0.0,0.0,0.0,0.0,0.0,0.0,0.0,0.2508516816185656,-0.545044432894363,0.5,0.4050559401512146,-0.2955112159252167,-0.058387625962495804,0.0,0.0,0.0,-0.0013837706064805388,-0.006918853148818016,0.2476949393749237,0.0,0.0,0.0,0.0,0.0,0.0,0.0,0.5475410956104081,-0.24535433278781507,0.5,0.5935209393501282,-0.23272962868213654,0.027661673724651337,0.0,0.0,0.0,0.006918853148818016,-0.0013837706064805388,0.6282318234443665,0.0,0.0,0.0,0.0,0.0,0.0,0.0,0.1109568672831093,-0.5896512304767272,0.5
24.915,TRACK,0.6826463341712952,0.44009390473365784,1.2279155254364014,0.0,0.0,0.0,0.05396705120801926,0.019372789189219475,0.9812446236610413,0.0,0.0,0.0,0.0,0.0,0.0,0.0,0.25086705164059364,-0.5450373587206254,0.5,0.4050559401512146,-0.2955112159252167,-0.058387625962495804,0.0,0.0,0.0,-0.0013837706064805388,-0.006918853148818016,0.2476949393749237,0.0,0.0,0.0,0.0,0.0,0.0,0.0,0.5478833306365078,-0.24458915759012495,0.5,0.5838662385940552,-0.22757010161876678,0.029342809692025185,0.0,0.0,0.0,0.0027675412129610777,-0.004151311703026295,0.6282318234443665,0.0,0.0,0.0,0.0,0.0,0.0,0.0,0.11093366750156242,-0.5896555955934386,0.5
24.935,TRACK,0.6826463341712952,0.44009390473365784,1.2279155254364014,0.0,0.0,0.0,0.05396705120801926,0.019372789189219475,0.9812446236610413,0.0,0.0,0.0,0.0,0.0,0.0,0.0,0.25088900345078463,-0.545027254316215,0.5,0.4050559401512146,-0.2955112159252167,-0.058387625962495804,0.0,0.0,0.0,-0.0013837706064805388,-0.006918853148818016,0.2476949393749237,0.0,0.0,0.0,0.0,0.0,0.0,0.0,0.5482224525454701,-0.24382810035972002,0.5,0.5838662385940552,-0.22757010161876678,0.029342809692025185,0.0,0.0,0.0,0.0027675412129610777,-0.004151311703026295,0.6282318234443665,0.0,0.0,0.0,0.0,0.0,0.0,0.0,0.11091060674852055,-0.5896599336148548,0.5
24.955,TRACK,0.6739907264709473,0.43048587441444397,1.2201663255691528,0.0,0.0,0.0,0.05396705120801926,0.019372789189219475,0.9807214736938477,0.0,0.0,0.0,0.0,0.0,0.0,0.0,0.25091082314678564,-0.5450172096620459,0.5,0.4050559401512146,-0.2955112159252167,-0.058387625962495804,0.0,0.0,0.0,-0.0013837706064805388,-0.006918853148818016,0.2476949393749237,0.0,0.0,0.0,0.0,0.0,0.0,0.0,0.5485523182619007,-0.2430850759086095,0.5,0.5838662385940552,-0.22757010161876678,0.029342809692025185,0.0,0.0,0.0,0.0027675412129610777,-0.004151311703026295,0.6282318234443665,0.0,0.0,0.0,0.0,0.0,0.0,0.0,0.11088768419188377,-0.5896642447143637,0.5
24.975,TRACK,0.6739907264709473,0.43048587441444397,1.2201663255691528,0.0,0.0,0.0,0.05396705120801926,0.019372789189219475,0.9807214736938477,0.0,0.0,0.0,0.0,0.0,0.0,0.0,0.2509325115260725,-0.5450072244101151,0.5,0.4050559401512146,-0.2955112159252167,-0.058387625962495804,0.0,0.0,0.0,-0.0013837706064805388,-0.006918853148818016,0.2476949393749237,0.0,0.0,0.0,0.0,0.0,0.0,0.0,0.5488792067848721,-0.242346067348347,0.5,0.5838662385940552,-0.22757010161876678,0.029342809692025185,0.0,0.0,0.0,0.0027675412129610777,-0.004151311703026295,0.6282318234443665,0.0,0.0,0.0,0.0,0.0,0.0,0.0,0.11086489900451933,-0.5896685290641833,0.5
24.995,TRACK,0.6739907264709473,0.43048587441444397,1.2201663255691528,0.0,0.0,0.0,0.05396705120801926,0.019372789189219475,0.9807214736938477,0.0,0.0,0.0,0.0,0.0,0.0,0.0,0.2509484255125755,-0.5449998970025217,0.5,0.4058612883090973,-0.2958912253379822,-0.06473052501678467,0.0,0.0,0.0,-0.0,-0.006918853148818016,0.24631115794181824,0.0,0.0,0.0,0.0,0.0,0.0,0.0,0.5492031473299904,-0.2416110572031686,0.5,0.5815944075584412,-0.22784170508384705,0.027723943814635277,0.0,0.0,0.0,0.0027675412129610777,-0.004151311703026295,0.6282318234443665,0.0,0.0,0.0,0.0,0.0,0.0,0.0,0.11084343138290889,-0.5896725648351484,0.5
25.015,TRACK,0.6739907264709473,0.43048587441444397,1.2201663255691528,0.0,0.0,0.0,0.05396705120801926,0.019372789189219475,0.9807214736938477,0.0,0.0,0.0,0.0,0.0,0.0,0.0,0.2509642438031158,-0.5449926130988659,0.5,0.4058612883090973,-0.2958912253379822,-0.06473052501678467,0.0,0.0,0.0,-0.0,-0.006918853148818016,0.24631115794181824,0.0,0.0,0.0,0.0,0.0,0.0,0.0,0.5495241688140131,-0.2408800279999734,0.5,0.5815944075584412,-0.22784170508384705,0.027723943814635277,0.0,0.0,0.0,0.0027675412129610777,-0.004151311703026295,0.6282318234443665,0.0,0.0,0.0,0.0,0.0,0.0,0.0,0.11082209242143505,-0.589676575616952,0.5
25.035,TRACK,0.6739907264709473,0.43048587441444397,1.2201663255691528,0.0,0.0,0.0,0.05396705120801926,0.019372789189219475,0.9807214736938477,0.0,0.0,0.0,0.0,0.0,0.0,0.0,0.250979966974393,-0.5449853724436396,0.5,0.4058612883090973,-0.2958912253379822,-0.06473052501678467,0.0,0.0,0.0,-0.0,-0.006918853148818016,0.24631115794181824,0.0,0.0,0.0,0.0,0.0,0.0,0.0,0.5498422998578609,-0.24015296226992106,0.5,0.5815944075584412,-0.22784170508384705,0.027723943814635277,0.0,0.0,0.0,0.0027675412129610777,-0.004151311703026295,0.6282318234443665,0.0,0.0,0.0,0.0,0.0,0.0,0.0,0.1108008813499065,-0.5896805615687903,0.5
25.055,TRACK,0.66850346326828,0.42436596751213074,1.2163634300231934,0.0,0.0,0.0,0.05950213596224785,0.024907870218157768,0.980011522769928,0.0,0.0,0.0,0.0,0.0,0.0,0.0,0.2509955955996162,-0.5449781747828016,0.5,0.4058612883090973,-0.2958912253379822,-0.06473052501678467,0.0,0.0,0.0,-0.0,-0.006918853148818016,0.24631115794181824,0.0,0.0,0.0,0.0,0.0,0.0,0.0,0.5501535701790141,-0.23943903027552652,0.5,0.5815944075584412,-0.22784170508384705,0.027723943814635277,0.0,0.0,0.0,0.0027675412129610777,-0.004151311703026295,0.6282318234443665,0.0,0.0,0.0,0.0,0.0,0.0,0.0,0.11077979740273151,-0.5896845228487939,0.5
25.075,TRACK,0.66850346326828,0.42436596751213074,1.2163634300231934,0.0,0.0,0.0,0.05950213596224785,0.024907870218157768,0.980011522769928,0.0,0.0,0.0,0.0,0.0,0.0,0.0,0.25101113024852606,-0.5449710198637698,0.5,0.4058612883090973,-0.2958912253379822,-0.06473052501678467,0.0,0.0,0.0,-0.0,-0.006918853148818016,0.24631115794181824,0.0,0.0,0.0,0.0,0.0,0.0,0.0,0.5504620542149188,-0.23872898204761783,0.5,0.5815944075584412,-0.22784170508384705,0.027723943814635277,0.0,0.0,0.0,0.0027675412129610777,-0.004151311703026295,0.6282318234443665,0.0,0.0,0.0,0.0,0.0,0.0,0.0,0.1107588398188905,-0.5896884596140349,0.5
25.095,TRACK,0.66850346326828,0.42436596751213074,1.2163634300231934,0.0,0.0,0.0,0.05950213596224785,0.024907870218157768,0.980011522769928,0.0,0.0,0.0,0.0,0.0,0.0,0.0,0.25103255976487454,-0.5449611490169686,0.5,0.4052348732948303,-0.2992851436138153,-0.0610368475317955,0.0,0.0,0.0,0.0,-0.00830262340605259,0.24631115794181824,0.0,0.0,0.0,0.0,0.0,0.0,0.0,0.5507677791652096,-0.23802280023859676,0.5,0.5836526155471802,-0.22741594910621643,0.029589401558041573,0.0,0.0,0.0,0.004151311703026295,-0.0027675412129610777,0.6282318234443665,0.0,0.0,0.0,0.0,0.0,0.0,0.0,0.1107161546080765,-0.5896964754081547,0.5
25.115,TRACK,0.66850346326828,0.42436596751213074,1.2163634300231934,0.0,0.0,0.0,0.05950213596224785,0.024907870218157768,0.980011522769928,0.0,0.0,0.0,0.0,0.0,0.0,0.0,0.25105386031944693,-0.5449513365601589,0.5,0.4052348732948303,-0.2992851436138153,-0.0610368475317955,0.0,0.0,0.0,0.0,-0.00830262340605259,0.24631115794181824,0.0,0.0,0.0,0.0,0.0,0.0,0.0,0.551070771951505,-0.23732046751338648,0.5,0.5836526155471802,-0.22741594910621643,0.029589401558041573,0.0,0.0,0.0,0.004151311703026295,-0.0027675412129610777,0.6282318234443665,0.0,0.0,0.0,0.0,0.0,0.0,0.0,0.1106737249336218,-0.5897044400454493,0.5
25.135,TRACK,0.66850346326828,0.42436596751213074,1.2163634300231934,0.0,0.0,0.0,0.05950213596224785,0.024907870218157768,0.980011522769928,0.0,0.0,0.0,0.0,0.0,0.0,0.0,0.2510750326905839,-0.5449415821530067,0.5,0.4052348732948303,-0.2992851436138153,-0.0610368475317955,0.0,0.0,0.0,0.0,-0.00830262340605259,0.24631115794181824,0.0,0.0,0.0,0.0,0.0,0.0,0.0,0.5513710592202249,-0.2366219665507985,0.5,0.5836526155471802,-0.22741594910621643,0.029589401558041573,0.0,0.0,0.0,0.004151311703026295,-0.0027675412129610777,0.6282318234443665,0.0,0.0,0.0,0.0,0.0,0.0,0.0,0.11063154926940397,-0.5897123538694534,0.5
25.155,TRACK,0.6636227965354919,0.42026686668395996,1.213556170463562,0.0,0.0,0.0,0.05535082519054413,0.02629164233803749,0.9810065031051636,0.0,0.0,0.0,0.0,0.0,0.0,0.0,0.2510960776519021,-0.5449318854570999,0.5,0.4052348732948303,-0.2992851436138153,-0.0610368475317955,0.0,0.0,0.0,0.0,-0.00830262340605259,0.24631115794181824,0.0,0.0,0.0,0.0,0.0,0.0,0.0,0.5516671445917408,-0.2359308406673347,0.5,0.5836526155471802,-0.22741594910621643,0.029589401558041573,0.0,0.0,0.0,0.004151311703026295,-0.0027675412129610777,0.6282318234443665,0.0,0.0,0.0,0.0,0.0,0.0,0.0,0.11058962609836875,-0.589720217221203,0.5
25.175,TRACK,0.6636227965354919,0.42026686668395996,1.213556170463562,0.0,0.0,0.0,0.05535082519054413,0.02629164233803749,0.9810065031051636,0.0,0.0,0.0,0.0,0.0,0.0,0.0,0.2511169959723229,-0.5449222461359385,0.5,0.4052348732948303,-0.2992851436138153,-0.0610368475317955,0.0,0.0,0.0,0.0,-0.00830262340605259,0.24631115794181824,0.0,0.0,0.0,0.0,0.0,0.0,0.0,0.5519605949294298,-0.23524349437370168,0.5,0.5836526155471802,-0.22741594910621643,0.029589401558041573,0.0,0.0,0.0,0.004151311703026295,-0.0027675412129610777,0.6282318234443665,0.0,0.0,0.0,0.0,0.0,0.0,0.0,0.11054795391247647,-0.5897280304392567,0.5
25.195,TRACK,0.6636227965354919,0.42026686668395996,1.213556170463562,0.0,0.0,0.0,0.05535082519054413,0.02629164233803749,0.9810065031051636,0.0,0.0,0.0,0.0,0.0,0.0,0.0,0.2511387575650558,-0.5449122171952837,0.5,0.4006057381629944,-0.30719420313835144,-0.047302089631557465,0.0,0.0,0.0,0.0013837706064805388,-0.00830262340605259,0.24907870590686798,0.0,0.0,0.0,0.0,0.0,0.0,0.0,0.5522514358636246,-0.23455991044201255,0.5,0.584375262260437,-0.22749802470207214,0.033228591084480286,0.0,0.0,0.0,0.004151311703026295,-0.0027675412129610777,0.6282318234443665,0.0,0.0,0.0,0.0,0.0,0.0,0.0,0.11044265883522762,-0.5897477588845976,0.5
25.215,TRACK,0.6636227965354919,0.42026686668395996,1.213556170463562,0.0,0.0,0.0,0.05535082519054413,0.02629164233803749,0.9810065031051636,0.0,0.0,0.0,0.0,0.0,0.0,0.0,0.2511603881913009,-0.5449022475670247,0.5,0.4006057381629944,-0.30719420313835144,-0.047302089631557465,0.0,0.0,0.0,0.0013837706064805388,-0.00830262340605259,0.24907870590686798,0.0,0.0,0.0,0.0,0.0,0.0,0.0,0.5525396927627503,-0.23388007166418762,0.5,0.584375262260437,-0.22749802470207214,0.033228591084480286,0.0,0.0,0.0,0.004151311703026295,-0.0027675412129610777,0.6282318234443665,0.0,0.0,0.0,0.0,0.0,0.0,0.0,0.11033799203931126,-0.58976735032785,0.5
25.235,TRACK,0.6636227965354919,0.42026686668395996,1.213556170463562,0.0,0.0,0.0,0.05535082519054413,0.02629164233803749,0.9810065031051636,0.0,0.0,0.0,0.0,0.0,0.0,0.0,0.25118188864157215,-0.5448923369056063,0.5,0.4006057381629944,-0.30719420313835144,-0.047302089631557465,0.0,0.0,0.0,0.0013837706064805388,-0.00830262340605259,0.24907870590686798,0.0,0.0,0.0,0.0,0.0,0.0,0.0,0.5528253907359926,-0.23320396085314918,0.5,0.584375262260437,-0.22749802470207214,0.033228591084480286,0.0,0.0,0.0,0.004151311703026295,-0.0027675412129610777,0.6282318234443665,0.0,0.0,0.0,0.0,0.0,0.0,0.0,0.11023394980005041,-0.589786805813321,0.5
25.255,TRACK,0.6589950323104858,0.4166449308395386,1.2110161781311035,0.0,0.0,0.0,0.05119951069355011,0.027675412595272064,0.9814524054527283,0.0,0.0,0.0,0.0,0.0,0.0,0.0,0.2512032597015848,-0.5448824848674236,0.5,0.4006057381629944,-0.30719420313835144,-0.047302089631557465,0.0,0.0,0.0,0.0013837706064805388,-0.00830262340605259,0.24907870590686798,0.0,0.0,0.0,0.0,0.0,0.0,0.0,0.55310855463594,-0.23253156084398818,0.5,0.584375262260437,-0.22749802470207214,0.033228591084480286,0.0,0.0,0.0,0.004151311703026295,-0.0027675412129610777,0.6282318234443665,0.0,0.0,0.0,0.0,0.0,0.0,0.0,0.11013052841451938,-0.5898061263764041,0.5
25.275,TRACK,0.6589950323104858,0.4166449308395386,1.2110161781311035,0.0,0.0,0.0,0.05119951069355011,0.027675412595272064,0.9814524054527283,0.0,0.0,0.0,0.0,0.0,0.0,0.0,0.2512245021522844,-0.5448726911108106,0.5,0.4006057381629944,-0.30719420313835144,-0.047302089631557465,0.0,0.0,0.0,0.0013837706064805388,-0.00830262340605259,0.24907870590686798,0.0,0.0,0.0,0.0,0.0,0.0,0.0,0.5533881670732039,-0.2318653414017709,0.5,0.584375262260437,-0.22749802470207214,0.033228591084480286,0.0,0.0,0.0,0.004151311703026295,-0.0027675412129610777,0.6282318234443665,0.0,0.0,0.0,0.0,0.0,0.0,0.0,0.11002772420142135,-0.5898253130436637,0.5
25.295,TRACK,0.6589950323104858,0.4166449308395386,1.2110161781311035,0.0,0.0,0.0,0.05119951069355011,0.027675412595272064,0.9814524054527283,0.0,0.0,0.0,0.0,0.0,0.0,0.0,0.2512456167698768,-0.5448629552960306,0.5,0.3992898464202881,-0.3091123402118683,-0.045226190239191055,0.0,0.0,0.0,0.0013837706064805388,-0.00830262340605259,0.25046247243881226,0.0,0.0,0.0,0.0,0.0,0.0,0.0,0.5536653065831499,-0.2312027860692567,0.5,0.584375262260437,-0.22749802470207214,0.033228591084480286,0.0,0.0,0.0,0.004151311703026295,-0.0027675412129610777,0.6282318234443665,0.0,0.0,0.0,0.0,0.0,0.0,0.0,0.109909253306454,-0.5898474006364848,0.5
25.315,TRACK,0.6589950323104858,0.4166449308395386,1.2110161781311035,0.0,0.0,0.0,0.05119951069355011,0.027675412595272064,0.9814524054527283,0.0,0.0,0.0,0.0,0.0,0.0,0.0,0.2512666043258561,-0.544853277085266,0.5,0.3992898464202881,-0.3091123402118683,-0.045226190239191055,0.0,0.0,0.0,0.0013837706064805388,-0.00830262340605259,0.25046247243881226,0.0,0.0,0.0,0.0,0.0,0.0,0.0,0.5539399971242354,-0.23054387778902757,0.5,0.584375262260437,-0.22749802470207214,0.033228591084480286,0.0,0.0,0.0,0.004151311703026295,-0.0027675412129610777,0.6282318234443665,0.0,0.0,0.0,0.0,0.0,0.0,0.0,0.10979148884268515,-0.5898693321217051,0.5
25.335,TRACK,0.6589950323104858,0.4166449308395386,1.2110161781311035,0.0,0.0,0.0,0.05119951069355011,0.027675412595272064,0.9814524054527283,0.0,0.0,0.0,0.0,0.0,0.0,0.0,0.25128382289802476,-0.5448453361732613,0.5,0.3992898464202881,-0.3091123402118683,-0.045226190239191055,0.0,0.0,0.0,0.0013837706064805388,-0.00830262340605259,0.25046247243881226,0.0,0.0,0.0,0.0,0.0,0.0,0.0,0.5542122624101875,-0.22988859953068883,0.5,0.5832374691963196,-0.2278037965297699,0.03109227493405342,0.0,0.0,0.0,0.004151311703026295,-0.0027675412129610777,0.6282318234443665,0.0,0.0,0.0,0.0,0.0,0.0,0.0,0.10967442662875128,-0.5898911087172399,0.5
25.355,TRACK,0.6559469699859619,0.4120906889438629,1.2069514989852905,0.0,0.0,0.0,0.04843197017908096,0.024907870218157768,0.9811480045318604,0.0,0.0,0.0,0.0,0.0,0.0,0.0,0.25130093791005376,-0.544837442367471,0.5,0.3992898464202881,-0.3091123402118683,-0.045226190239191055,0.0,0.0,0.0,0.0013837706064805388,-0.00830262340605259,0.25046247243881226,0.0,0.0,0.0,0.0,0.0,0.0,0.0,0.5544781831769849,-0.2292464708141652,0.5,0.5832374691963196,-0.2278037965297699,0.03109227493405342,0.0,0.0,0.0,0.004151311703026295,-0.0027675412129610777,0.6282318234443665,0.0,0.0,0.0,0.0,0.0,0.0,0.0,0.10955806250760942,-0.5899127316303479,0.5
25.375,TRACK,0.6559469699859619,0.4120906889438629,1.2069514989852905,0.0,0.0,0.0,0.04843197017908096,0.024907870218157768,0.9811480045318604,0.0,0.0,0.0,0.0,0.0,0.0,0.0,0.2513179499862626,-0.5448295953917173,0.5,0.3992898464202881,-0.3091123402118683,-0.045226190239191055,0.0,0.0,0.0,0.0013837706064805388,-0.00830262340605259,0.25046247243881226,0.0,0.0,0.0,0.0,0.0,0.0,0.0,0.5547417711110726,-0.2286078900312724,0.5,0.5832374691963196,-0.2278037965297699,0.03109227493405342,0.0,0.0,0.0,0.004151311703026295,-0.0027675412129610777,0.6282318234443665,0.0,0.0,0.0,0.0,0.0,0.0,0.0,0.1094423923464021,-0.5899342020577347,0.5
25.395,TRACK,0.6559469699859619,0.4120906889438629,1.2069514989852905,0.0,0.0,0.0,0.04843197017908096,0.024907870218157768,0.9811480045318604,0.0,0.0,0.0,0.0,0.0,0.0,0.0,0.25133485974719,-0.5448217949714019,0.5,0.4047938883304596,-0.29972440004348755,-0.04200983792543411,0.0,0.0,0.0,-0.0013837706064805388,-0.005535082425922155,0.2518462538719177,0.0,0.0,0.0,0.0,0.0,0.0,0.0,0.5550030486842852,-0.22797284038049137,0.5,0.5869268178939819,-0.22877299785614014,0.03986383229494095,0.0,0.0,0.0,0.005535082425922155,-0.0027675412129610777,0.6268481016159058,0.0,0.0,0.0,0.0,0.0,0.0,0.0,0.10932741203632215,-0.589955521185657,0.5
25.415,TRACK,0.6559469699859619,0.4120906889438629,1.2069514989852905,0.0,0.0,0.0,0.04843197017908096,0.024907870218157768,0.9811480045318604,0.0,0.0,0.0,0.0,0.0,0.0,0.0,0.25135394831828517,-0.5448129887078765,0.5,0.4047938883304596,-0.29972440004348755,-0.04200983792543411,0.0,0.0,0.0,-0.0013837706064805388,-0.005535082425922155,0.2518462538719177,0.0,0.0,0.0,0.0,0.0,0.0,0.0,0.555262038139376,-0.22734130509281888,0.5,0.5869268178939819,-0.22877299785614014,0.03986383229494095,0.0,0.0,0.0,0.005535082425922155,-0.0027675412129610777,0.6268481016159058,0.0,0.0,0.0,0.0,0.0,0.0,0.0,0.10928897372928872,-0.5899626430725922,0.5
25.435,TRACK,0.6559469699859619,0.4120906889438629,1.2069514989852905,0.0,0.0,0.0,0.04843197017908096,0.024907870218157768,0.9811480045318604,0.0,0.0,0.0,0.0,0.0,0.0,0.0,0.2513729220521716,-0.5448042346191454,0.5,0.4047938883304596,-0.29972440004348755,-0.04200983792543411,0.0,0.0,0.0,-0.0013837706064805388,-0.005535082425922155,0.2518462538719177,0.0,0.0,0.0,0.0,0.0,0.0,0.0,0.5555187614923691,-0.2267132674326411,0.5,0.5869268178939819,-0.22877299785614014,0.03986383229494095,0.0,0.0,0.0,0.005535082425922155,-0.0027675412129610777,0.6268481016159058,0.0,0.0,0.0,0.0,0.0,0.0,0.0,0.109250765592325,-0.5899697197462688,0.5
25.455,TRACK,0.6531022787094116,0.4065142869949341,1.2034573554992676,0.0,0.0,0.0,0.04704819992184639,0.020756559446454048,0.9813119173049927,0.0,0.0,0.0,0.0,0.0,0.0,0.0,0.25139178164150816,-0.5447955324000998,0.5,0.4047938883304596,-0.29972440004348755,-0.04200983792543411,0.0,0.0,0.0,-0.0013837706064805388,-0.005535082425922155,0.2518462538719177,0.0,0.0,0.0,0.0,0.0,0.0,0.0,0.5557675823754602,-0.22610261913683377,0.5,0.5869268178939819,-0.22877299785614014,0.03986383229494095,0.0,0.0,0.0,0.005535082425922155,-0.0027675412129610777,0.6268481016159058,0.0,0.0,0.0,0.0,0.0,0.0,0.0,0.10921278625007022,-0.5899767515076306,0.5
25.475,TRACK,0.6531022787094116,0.4065142869949341,1.2034573554992676,0.0,0.0,0.0,0.04704819992184639,0.020756559446454048,0.9813119173049927,0.0,0.0,0.0,0.0,0.0,0.0,0.0,0.2514105277747546,-0.5447868817473667,0.5,0.4047938883304596,-0.29972440004348755,-0.04200983792543411,0.0,0.0,0.0,-0.0013837706064805388,-0.005535082425922155,0.2518462538719177,0.0,0.0,0.0,0.0,0.0,0.0,0.0,0.5560142451143681,-0.2254953640984651,0.5,0.5869268178939819,-0.22877299785614014,0.03986383229494095,0.0,0.0,0.0,0.005535082425922155,-0.0027675412129610777,0.6268481016159058,0.0,0.0,0.0,0.0,0.0,0.0,0.0,0.1091750343353451,-0.5899837386554617,0.5
25.495,TRACK,0.6531022787094116,0.4065142869949341,1.2034573554992676,0.0,0.0,0.0,0.04704819992184639,0.020756559446454048,0.9813119173049927,0.0,0.0,0.0,0.0,0.0,0.0,0.0,0.2514267446981217,-0.5447793976009973,0.5,0.40545347332954407,-0.29379257559776306,-0.06314577907323837,0.0,0.0,0.0,-0.0027675412129610777,-0.005535082425922155,0.2476949393749237,0.0,0.0,0.0,0.0,0.0,0.0,0.0,0.5562587703249232,-0.22489148591399424,0.5,0.5832012295722961,-0.2278176248073578,0.03132005035877228,0.0,0.0,0.0,0.004151311703026295,-0.0027675412129610777,0.6282318234443665,0.0,0.0,0.0,0.0,0.0,0.0,0.0,0.10917398787612159,-0.5899839322991978,0.5
25.515,TRACK,0.6531022787094116,0.4065142869949341,1.2034573554992676,0.0,0.0,0.0,0.04704819992184639,0.020756559446454048,0.9813119173049927,0.0,0.0,0.0,0.0,0.0,0.0,0.0,0.251442864099157,-0.5447719578811053,0.5,0.40545347332954407,-0.29379257559776306,-0.06314577907323837,0.0,0.0,0.0,-0.0027675412129610777,-0.005535082425922155,0.2476949393749237,0.0,0.0,0.0,0.0,0.0,0.0,0.0,0.5565011784135208,-0.22429096821843414,0.5,0.5832012295722961,-0.2278176248073578,0.03132005035877228,0.0,0.0,0.0,0.004151311703026295,-0.0027675412129610777,0.6282318234443665,0.0,0.0,0.0,0.0,0.0,0.0,0.0,0.10917294769531317,-0.589984124779232,0.5
25.535,TRACK,0.6531022787094116,0.4065142869949341,1.2034573554992676,0.0,0.0,0.0,0.04704819992184639,0.020756559446454048,0.9813119173049927,0.0,0.0,0.0,0.0,0.0,0.0,0.0,0.2514588865656221,-0.544764562326862,0.5,0.40545347332954407,-0.29379257559776306,-0.06314577907323837,0.0,0.0,0.0,-0.0027675412129610777,-0.005535082425922155,0.2476949393749237,0.0,0.0,0.0,0.0,0.0,0.0,0.0,0.5567414895792787,-0.22369379468605252,0.5,0.5832012295722961,-0.2278176248073578,0.03132005035877228,0.0,0.0,0.0,0.004151311703026295,-0.0027675412129610777,0.6282318234443665,0.0,0.0,0.0,0.0,0.0,0.0,0.0,0.10917191375525322,-0.5899843161025685,0.5
25.555,TRACK,0.6514170169830322,0.4022279381752014,1.2008676528930664,0.0,0.0,0.0,0.049815740436315536,0.020756559446454048,0.9811753034591675,0.0,0.0,0.0,0.0,0.0,0.0,0.0,0.25147481268172067,-0.5447572106789349,0.5,0.40545347332954407,-0.29379257559776306,-0.06314577907323837,0.0,0.0,0.0,-0.0027675412129610777,-0.005535082425922155,0.2476949393749237,0.0,0.0,0.0,0.0,0.0,0.0,0.0,0.5569749181376252,-0.22311194626372108,0.5,0.5832012295722961,-0.2278176248073578,0.03132005035877228,0.0,0.0,0.0,0.004151311703026295,-0.0027675412129610777,0.6282318234443665,0.0,0.0,0.0,0.0,0.0,0.0,0.0,0.10917088601850129,-0.5899845062761694,0.5
25.575,TRACK,0.6514170169830322,0.4022279381752014,1.2008676528930664,0.0,0.0,0.0,0.049815740436315536,0.020756559446454048,0.9811753034591675,0.0,0.0,0.0,0.0,0.0,0.0,0.0,0.2514906430281206,-0.5447499026794795,0.5,0.40545347332954407,-0.29379257559776306,-0.06314577907323837,0.0,0.0,0.0,-0.0027675412129610777,-0.005535082425922155,0.2476949393749237,0.0,0.0,0.0,0.0,0.0,0.0,0.0,0.5572063434995769,-0.22253334753207557,0.5,0.5832012295722961,-0.2278176248073578,0.03132005035877228,0.0,0.0,0.0,0.004151311703026295,-0.0027675412129610777,0.6282318234443665,0.0,0.0,0.0,0.0,0.0,0.0,0.0,0.10916986444784169,-0.5899846953069544,0.5
25.595,TRACK,0.6514170169830322,0.4022279381752014,1.2008676528930664,0.0,0.0,0.0,0.049815740436315536,0.020756559446454048,0.9811753034591675,0.0,0.0,0.0,0.0,0.0,0.0,0.0,0.25150283396257,-0.5447442744157995,0.5,0.4058118462562561,-0.29806825518608093,-0.0623246505856514,0.0,0.0,0.0,-0.0,-0.006918853148818016,0.2476949393749237,0.0,0.0,0.0,0.0,0.0,0.0,0.0,0.5574357846467153,-0.22195798249961832,0.5,0.5826506018638611,-0.228331059217453,0.02470487542450428,0.0,0.0,0.0,0.004151311703026295,-0.004151311703026295,0.6282318234443665,0.0,0.0,0.0,0.0,0.0,0.0,0.0,0.10914598586872516,-0.5899891132629008,0.5
25.615,TRACK,0.6514170169830322,0.4022279381752014,1.2008676528930664,0.0,0.0,0.0,0.049815740436315536,0.020756559446454048,0.9811753034591675,0.0,0.0,0.0,0.0,0.0,0.0,0.0,0.2515149516265857,-0.5447386796513317,0.5,0.4058118462562561,-0.29806825518608093,-0.0623246505856514,0.0,0.0,0.0,-0.0,-0.006918853148818016,0.2476949393749237,0.0,0.0,0.0,0.0,0.0,0.0,0.0,0.5576632603684903,-0.22138583521803137,0.5,0.5826506018638611,-0.228331059217453,0.02470487542450428,0.0,0.0,0.0,0.004151311703026295,-0.004151311703026295,0.6282318234443665,0.0,0.0,0.0,0.0,0.0,0.0,0.0,0.1091222503839005,-0.5899935037533492,0.5
25.635,TRACK,0.6514170169830322,0.4022279381752014,1.2008676528930664,0.0,0.0,0.0,0.049815740436315536,0.020756559446454048,0.9811753034591675,0.0,0.0,0.0,0.0,0.0,0.0,0.0,0.2515269964612779,-0.5447331181883183,0.5,0.4058118462562561,-0.29806825518608093,-0.0623246505856514,0.0,0.0,0.0,-0.0,-0.006918853148818016,0.2476949393749237,0.0,0.0,0.0,0.0,0.0,0.0,0.0,0.5578887892642037,-0.22081688978273564,0.5,0.5826506018638611,-0.228331059217453,0.02470487542450428,0.0,0.0,0.0,0.004151311703026295,-0.004151311703026295,0.6282318234443665,0.0,0.0,0.0,0.0,0.0,0.0,0.0,0.10909865713695978,-0.5899978669545443,0.5
25.655,TRACK,0.6500744223594666,0.40014681220054626,1.1994587182998657,0.0,0.0,0.0,0.04843197017908096,0.02214032970368862,0.9814748764038086,0.0,0.0,0.0,0.0,0.0,0.0,0.0,0.25153896890509225,-0.544727589830149,0.5,0.4058118462562561,-0.29806825518608093,-0.0623246505856514,0.0,0.0,0.0,-0.0,-0.006918853148818016,0.2476949393749237,0.0,0.0,0.0,0.0,0.0,0.0,0.0,0.5581105453512861,-0.22025580393644556,0.5,0.5826506018638611,-0.228331059217453,0.02470487542450428,0.0,0.0,0.0,0.004151311703026295,-0.004151311703026295,0.6282318234443665,0.0,0.0,0.0,0.0,0.0,0.0,0.0,0.10907520527660709,-0.590002203041536,0.5
25.675,TRACK,0.6500744223594666,0.40014681220054626,1.1994587182998657,0.0,0.0,0.0,0.04843197017908096,0.02214032970368862,0.9814748764038086,0.0,0.0,0.0,0.0,0.0,0.0,0.0,0.2515508693938263,-0.5447220943813553,0.5,0.4058118462562561,-0.29806825518608093,-0.0623246505856514,0.0,0.0,0.0,-0.0,-0.006918853148818016,0.2476949393749237,0.0,0.0,0.0,0.0,0.0,0.0,0.0,0.5583304116697821,-0.21969786390552723,0.5,0.5826506018638611,-0.228331059217453,0.02470487542450428,0.0,0.0,0.0,0.004151311703026295,-0.004151311703026295,0.6282318234443665,0.0,0.0,0.0,0.0,0.0,0.0,0.0,0.10905189395662818,-0.5900065121881896,0.5
25.695,TRACK,0.6500744223594666,0.40014681220054626,1.1994587182998657,0.0,0.0,0.0,0.04843197017908096,0.02214032970368862,0.9814748764038086,0.0,0.0,0.0,0.0,0.0,0.0,0.0,0.25156929041752096,-0.54471358723537,0.5,0.4059019982814789,-0.29254963994026184,-0.07724333554506302,0.0,0.0,0.0,-0.0027675412129610777,-0.006918853148818016,0.24631115794181824,0.0,0.0,0.0,0.0,0.0,0.0,0.0,0.5585484060312789,-0.21914305400791884,0.5,0.5851742625236511,-0.22795957326889038,0.028209807351231575,0.0,0.0,0.0,0.004151311703026295,-0.0027675412129610777,0.6282318234443665,0.0,0.0,0.0,0.0,0.0,0.0,0.0,0.10906056945734215,-0.5900049086148692,0.5
25.715,TRACK,0.6500744223594666,0.40014681220054626,1.1994587182998657,0.0,0.0,0.0,0.04843197017908096,0.02214032970368862,0.9814748764038086,0.0,0.0,0.0,0.0,0.0,0.0,0.0,0.2515876006299563,-0.5447051305149068,0.5,0.4059019982814789,-0.29254963994026184,-0.07724333554506302,0.0,0.0,0.0,-0.0027675412129610777,-0.006918853148818016,0.24631115794181824,0.0,0.0,0.0,0.0,0.0,0.0,0.0,0.5587645460674866,-0.2185913586077812,0.5,0.5851742625236511,-0.22795957326889038,0.028209807351231575,0.0,0.0,0.0,0.004151311703026295,-0.0027675412129610777,0.6282318234443665,0.0,0.0,0.0,0.0,0.0,0.0,0.0,0.10906919288168351,-0.5900033145365694,0.5
25.735,TRACK,0.6500744223594666,0.40014681220054626,1.1994587182998657,0.0,0.0,0.0,0.04843197017908096,0.02214032970368862,0.9814748764038086,0.0,0.0,0.0,0.0,0.0,0.0,0.0,0.2516058006993904,-0.5446967239248081,0.5,0.4059019982814789,-0.29254963994026184,-0.07724333554506302,0.0,0.0,0.0,-0.0027675412129610777,-0.006918853148818016,0.24631115794181824,0.0,0.0,0.0,0.0,0.0,0.0,0.0,0.5589788492320996,-0.218042762115961,0.5,0.5851742625236511,-0.22795957326889038,0.028209807351231575,0.0,0.0,0.0,0.004151311703026295,-0.0027675412129610777,0.6282318234443665,0.0,0.0,0.0,0.0,0.0,0.0,0.0,0.1090777645423884,-0.5900017298978328,0.5
25.755,TRACK,0.6455764174461365,0.3964901566505432,1.1979446411132812,0.0,0.0,0.0,0.04843197017908096,0.02629164233803749,0.9821418523788452,0.0,0.0,0.0,0.0,0.0,0.0,0.0,0.25162389129003176,-0.5446883671715986,0.5,0.4059019982814789,-0.29254963994026184,-0.07724333554506302,0.0,0.0,0.0,-0.0027675412129610777,-0.006918853148818016,0.24631115794181824,0.0,0.0,0.0,0.0,0.0,0.0,0.0,0.5591900302715316,-0.21750059780360037,0.5,0.5851742625236511,-0.22795957326889038,0.028209807351231575,0.0,0.0,0.0,0.004151311703026295,-0.0027675412129610777,0.6282318234443665,0.0,0.0,0.0,0.0,0.0,0.0,0.0,0.1090862847503131,-0.5900001546435166,0.5
25.775,TRACK,0.6455764174461365,0.3964901566505432,1.1979446411132812,0.0,0.0,0.0,0.04843197017908096,0.02629164233803749,0.9821418523788452,0.0,0.0,0.0,0.0,0.0,0.0,0.0,0.2516418730620639,-0.5446800599634762,0.5,0.4059019982814789,-0.29254963994026184,-0.07724333554506302,0.0,0.0,0.0,-0.0027675412129610777,-0.006918853148818016,0.24631115794181824,0.0,0.0,0.0,0.0,0.0,0.0,0.0,0.5593994230929252,-0.216961483778348,0.5,0.5851742625236511,-0.22795957326889038,0.028209807351231575,0.0,0.0,0.0,0.004151311703026295,-0.0027675412129610777,0.6282318234443665,0.0,0.0,0.0,0.0,0.0,0.0,0.0,0.10909475381444543,-0.5899985887187914,0.5
