[0.266s] DEBUG:colcon:Command line arguments: ['/usr/bin/colcon', 'build', '--symlink-install', '--packages-select', 'central_swarm_control']
[0.266s] DEBUG:colcon:Parsed command line arguments: Namespace(log_base=None, log_level=None, verb_name='build', build_base='build', install_base='install', merge_install=False, symlink_install=True, test_result_base=None, continue_on_error=False, executor='parallel', parallel_workers=4, event_handlers=None, ignore_user_meta=False, metas=['./colcon.meta'], base_paths=['.'], packages_ignore=None, packages_ignore_regex=None, paths=None, packages_up_to=None, packages_up_to_regex=None, packages_above=None, packages_above_and_dependencies=None, packages_above_depth=None, packages_select_by_dep=None, packages_skip_by_dep=None, packages_skip_up_to=None, packages_select_build_failed=False, packages_skip_build_finished=False, packages_select_test_failures=False, packages_skip_test_passed=False, packages_select=['central_swarm_control'], packages_skip=None, packages_select_regex=None, packages_skip_regex=None, packages_start=None, packages_end=None, allow_overriding=[], cmake_args=None, cmake_target=None, cmake_target_skip_unavailable=False, cmake_clean_cache=False, cmake_clean_first=False, cmake_force_configure=False, ament_cmake_args=None, catkin_cmake_args=None, catkin_skip_building_tests=False, mixin_files=None, mixin=None, verb_parser=<colcon_mixin.mixin.mixin_argument.MixinArgumentDecorator object at 0x7924bf4486a0>, verb_extension=<colcon_core.verb.build.BuildVerb object at 0x7924bf407f40>, main=<bound method BuildVerb.main of <colcon_core.verb.build.BuildVerb object at 0x7924bf407f40>>, mixin_verb=('build',))
[0.828s] Level 1:colcon.colcon_core.package_discovery:discover_packages(colcon_meta) check parameters
[0.828s] Level 1:colcon.colcon_core.package_discovery:discover_packages(recursive) check parameters
[0.829s] Level 1:colcon.colcon_core.package_discovery:discover_packages(ignore) check parameters
[0.829s] Level 1:colcon.colcon_core.package_discovery:discover_packages(path) check parameters
[0.829s] Level 1:colcon.colcon_core.package_discovery:discover_packages(colcon_meta) discover
[0.829s] Level 1:colcon.colcon_core.package_discovery:discover_packages(recursive) discover
[0.829s] INFO:colcon.colcon_core.package_discovery:Crawling recursively for packages in '/home/gowtham/crazyflie_ws'
[0.829s] Level 1:colcon.colcon_core.package_identification:_identify(.) by extensions ['ignore', 'ignore_ament_install']
[0.830s] Level 1:colcon.colcon_core.package_identification:_identify(.) by extension 'ignore'
[0.830s] Level 1:colcon.colcon_core.package_identification:_identify(.) by extension 'ignore_ament_install'
[0.830s] Level 1:colcon.colcon_core.package_identification:_identify(.) by extensions ['colcon_pkg']
[0.830s] Level 1:colcon.colcon_core.package_identification:_identify(.) by extension 'colcon_pkg'
[0.830s] Level 1:colcon.colcon_core.package_identification:_identify(.) by extensions ['colcon_meta']
[0.830s] Level 1:colcon.colcon_core.package_identification:_identify(.) by extension 'colcon_meta'
[0.830s] Level 1:colcon.colcon_core.package_identification:_identify(.) by extensions ['ros']
[0.830s] Level 1:colcon.colcon_core.package_identification:_identify(.) by extension 'ros'
[0.918s] Level 1:colcon.colcon_core.package_identification:_identify(.) by extensions ['cmake', 'python']
[0.918s] Level 1:colcon.colcon_core.package_identification:_identify(.) by extension 'cmake'
[0.918s] Level 1:colcon.colcon_core.package_identification:_identify(.) by extension 'python'
[0.918s] Level 1:colcon.colcon_core.package_identification:_identify(.) by extensions ['python_setup_py']
[0.918s] Level 1:colcon.colcon_core.package_identification:_identify(.) by extension 'python_setup_py'
[0.919s] Level 1:colcon.colcon_core.package_identification:_identify(build) by extensions ['ignore', 'ignore_ament_install']
[0.919s] Level 1:colcon.colcon_core.package_identification:_identify(build) by extension 'ignore'
[0.920s] Level 1:colcon.colcon_core.package_identification:_identify(build) ignored
[0.920s] Level 1:colcon.colcon_core.package_identification:_identify(experiment_logs) by extensions ['ignore', 'ignore_ament_install']
[0.920s] Level 1:colcon.colcon_core.package_identification:_identify(experiment_logs) by extension 'ignore'
[0.920s] Level 1:colcon.colcon_core.package_identification:_identify(experiment_logs) by extension 'ignore_ament_install'
[0.920s] Level 1:colcon.colcon_core.package_identification:_identify(experiment_logs) by extensions ['colcon_pkg']
[0.920s] Level 1:colcon.colcon_core.package_identification:_identify(experiment_logs) by extension 'colcon_pkg'
[0.921s] Level 1:colcon.colcon_core.package_identification:_identify(experiment_logs) by extensions ['colcon_meta']
[0.921s] Level 1:colcon.colcon_core.package_identification:_identify(experiment_logs) by extension 'colcon_meta'
[0.921s] Level 1:colcon.colcon_core.package_identification:_identify(experiment_logs) by extensions ['ros']
[0.921s] Level 1:colcon.colcon_core.package_identification:_identify(experiment_logs) by extension 'ros'
[0.921s] Level 1:colcon.colcon_core.package_identification:_identify(experiment_logs) by extensions ['cmake', 'python']
[0.921s] Level 1:colcon.colcon_core.package_identification:_identify(experiment_logs) by extension 'cmake'
[0.921s] Level 1:colcon.colcon_core.package_identification:_identify(experiment_logs) by extension 'python'
[0.921s] Level 1:colcon.colcon_core.package_identification:_identify(experiment_logs) by extensions ['python_setup_py']
[0.921s] Level 1:colcon.colcon_core.package_identification:_identify(experiment_logs) by extension 'python_setup_py'
[0.921s] Level 1:colcon.colcon_core.package_identification:_identify(experiment_logs/A1_abrupt_health_0.7) by extensions ['ignore', 'ignore_ament_install']
[0.922s] Level 1:colcon.colcon_core.package_identification:_identify(experiment_logs/A1_abrupt_health_0.7) by extension 'ignore'
[0.922s] Level 1:colcon.colcon_core.package_identification:_identify(experiment_logs/A1_abrupt_health_0.7) by extension 'ignore_ament_install'
[0.922s] Level 1:colcon.colcon_core.package_identification:_identify(experiment_logs/A1_abrupt_health_0.7) by extensions ['colcon_pkg']
[0.922s] Level 1:colcon.colcon_core.package_identification:_identify(experiment_logs/A1_abrupt_health_0.7) by extension 'colcon_pkg'
[0.922s] Level 1:colcon.colcon_core.package_identification:_identify(experiment_logs/A1_abrupt_health_0.7) by extensions ['colcon_meta']
[0.922s] Level 1:colcon.colcon_core.package_identification:_identify(experiment_logs/A1_abrupt_health_0.7) by extension 'colcon_meta'
[0.922s] Level 1:colcon.colcon_core.package_identification:_identify(experiment_logs/A1_abrupt_health_0.7) by extensions ['ros']
[0.922s] Level 1:colcon.colcon_core.package_identification:_identify(experiment_logs/A1_abrupt_health_0.7) by extension 'ros'
[0.922s] Level 1:colcon.colcon_core.package_identification:_identify(experiment_logs/A1_abrupt_health_0.7) by extensions ['cmake', 'python']
[0.923s] Level 1:colcon.colcon_core.package_identification:_identify(experiment_logs/A1_abrupt_health_0.7) by extension 'cmake'
[0.923s] Level 1:colcon.colcon_core.package_identification:_identify(experiment_logs/A1_abrupt_health_0.7) by extension 'python'
[0.923s] Level 1:colcon.colcon_core.package_identification:_identify(experiment_logs/A1_abrupt_health_0.7) by extensions ['python_setup_py']
[0.923s] Level 1:colcon.colcon_core.package_identification:_identify(experiment_logs/A1_abrupt_health_0.7) by extension 'python_setup_py'
[0.924s] Level 1:colcon.colcon_core.package_identification:_identify(experiment_logs/A1_abrupt_health_0.7/run_1) by extensions ['ignore', 'ignore_ament_install']
[0.924s] Level 1:colcon.colcon_core.package_identification:_identify(experiment_logs/A1_abrupt_health_0.7/run_1) by extension 'ignore'
[0.924s] Level 1:colcon.colcon_core.package_identification:_identify(experiment_logs/A1_abrupt_health_0.7/run_1) by extension 'ignore_ament_install'
[0.924s] Level 1:colcon.colcon_core.package_identification:_identify(experiment_logs/A1_abrupt_health_0.7/run_1) by extensions ['colcon_pkg']
[0.924s] Level 1:colcon.colcon_core.package_identification:_identify(experiment_logs/A1_abrupt_health_0.7/run_1) by extension 'colcon_pkg'
[0.925s] Level 1:colcon.colcon_core.package_identification:_identify(experiment_logs/A1_abrupt_health_0.7/run_1) by extensions ['colcon_meta']
[0.925s] Level 1:colcon.colcon_core.package_identification:_identify(experiment_logs/A1_abrupt_health_0.7/run_1) by extension 'colcon_meta'
[0.925s] Level 1:colcon.colcon_core.package_identification:_identify(experiment_logs/A1_abrupt_health_0.7/run_1) by extensions ['ros']
[0.925s] Level 1:colcon.colcon_core.package_identification:_identify(experiment_logs/A1_abrupt_health_0.7/run_1) by extension 'ros'
[0.926s] Level 1:colcon.colcon_core.package_identification:_identify(experiment_logs/A1_abrupt_health_0.7/run_1) by extensions ['cmake', 'python']
[0.927s] Level 1:colcon.colcon_core.package_identification:_identify(experiment_logs/A1_abrupt_health_0.7/run_1) by extension 'cmake'
[0.927s] Level 1:colcon.colcon_core.package_identification:_identify(experiment_logs/A1_abrupt_health_0.7/run_1) by extension 'python'
[0.927s] Level 1:colcon.colcon_core.package_identification:_identify(experiment_logs/A1_abrupt_health_0.7/run_1) by extensions ['python_setup_py']
[0.927s] Level 1:colcon.colcon_core.package_identification:_identify(experiment_logs/A1_abrupt_health_0.7/run_1) by extension 'python_setup_py'
[0.927s] Level 1:colcon.colcon_core.package_identification:_identify(experiment_logs/A1_abrupt_health_0.7/run_2) by extensions ['ignore', 'ignore_ament_install']
[0.928s] Level 1:colcon.colcon_core.package_identification:_identify(experiment_logs/A1_abrupt_health_0.7/run_2) by extension 'ignore'
[0.929s] Level 1:colcon.colcon_core.package_identification:_identify(experiment_logs/A1_abrupt_health_0.7/run_2) by extension 'ignore_ament_install'
[0.930s] Level 1:colcon.colcon_core.package_identification:_identify(experiment_logs/A1_abrupt_health_0.7/run_2) by extensions ['colcon_pkg']
[0.931s] Level 1:colcon.colcon_core.package_identification:_identify(experiment_logs/A1_abrupt_health_0.7/run_2) by extension 'colcon_pkg'
[0.932s] Level 1:colcon.colcon_core.package_identification:_identify(experiment_logs/A1_abrupt_health_0.7/run_2) by extensions ['colcon_meta']
[0.932s] Level 1:colcon.colcon_core.package_identification:_identify(experiment_logs/A1_abrupt_health_0.7/run_2) by extension 'colcon_meta'
[0.932s] Level 1:colcon.colcon_core.package_identification:_identify(experiment_logs/A1_abrupt_health_0.7/run_2) by extensions ['ros']
[0.933s] Level 1:colcon.colcon_core.package_identification:_identify(experiment_logs/A1_abrupt_health_0.7/run_2) by extension 'ros'
[0.933s] Level 1:colcon.colcon_core.package_identification:_identify(experiment_logs/A1_abrupt_health_0.7/run_2) by extensions ['cmake', 'python']
[0.933s] Level 1:colcon.colcon_core.package_identification:_identify(experiment_logs/A1_abrupt_health_0.7/run_2) by extension 'cmake'
[0.933s] Level 1:colcon.colcon_core.package_identification:_identify(experiment_logs/A1_abrupt_health_0.7/run_2) by extension 'python'
[0.933s] Level 1:colcon.colcon_core.package_identification:_identify(experiment_logs/A1_abrupt_health_0.7/run_2) by extensions ['python_setup_py']
[0.934s] Level 1:colcon.colcon_core.package_identification:_identify(experiment_logs/A1_abrupt_health_0.7/run_2) by extension 'python_setup_py'
[0.934s] Level 1:colcon.colcon_core.package_identification:_identify(experiment_logs/A1_abrupt_health_0.7/run_3) by extensions ['ignore', 'ignore_ament_install']
[0.935s] Level 1:colcon.colcon_core.package_identification:_identify(experiment_logs/A1_abrupt_health_0.7/run_3) by extension 'ignore'
[0.936s] Level 1:colcon.colcon_core.package_identification:_identify(experiment_logs/A1_abrupt_health_0.7/run_3) by extension 'ignore_ament_install'
[0.937s] Level 1:colcon.colcon_core.package_identification:_identify(experiment_logs/A1_abrupt_health_0.7/run_3) by extensions ['colcon_pkg']
[0.937s] Level 1:colcon.colcon_core.package_identification:_identify(experiment_logs/A1_abrupt_health_0.7/run_3) by extension 'colcon_pkg'
[0.937s] Level 1:colcon.colcon_core.package_identification:_identify(experiment_logs/A1_abrupt_health_0.7/run_3) by extensions ['colcon_meta']
[0.937s] Level 1:colcon.colcon_core.package_identification:_identify(experiment_logs/A1_abrupt_health_0.7/run_3) by extension 'colcon_meta'
[0.937s] Level 1:colcon.colcon_core.package_identification:_identify(experiment_logs/A1_abrupt_health_0.7/run_3) by extensions ['ros']
[0.938s] Level 1:colcon.colcon_core.package_identification:_identify(experiment_logs/A1_abrupt_health_0.7/run_3) by extension 'ros'
[0.938s] Level 1:colcon.colcon_core.package_identification:_identify(experiment_logs/A1_abrupt_health_0.7/run_3) by extensions ['cmake', 'python']
[0.938s] Level 1:colcon.colcon_core.package_identification:_identify(experiment_logs/A1_abrupt_health_0.7/run_3) by extension 'cmake'
[0.938s] Level 1:colcon.colcon_core.package_identification:_identify(experiment_logs/A1_abrupt_health_0.7/run_3) by extension 'python'
[0.938s] Level 1:colcon.colcon_core.package_identification:_identify(experiment_logs/A1_abrupt_health_0.7/run_3) by extensions ['python_setup_py']
[0.938s] Level 1:colcon.colcon_core.package_identification:_identify(experiment_logs/A1_abrupt_health_0.7/run_3) by extension 'python_setup_py'
[0.938s] Level 1:colcon.colcon_core.package_identification:_identify(experiment_logs/A2_abrupt_health_0.5) by extensions ['ignore', 'ignore_ament_install']
[0.938s] Level 1:colcon.colcon_core.package_identification:_identify(experiment_logs/A2_abrupt_health_0.5) by extension 'ignore'
[0.939s] Level 1:colcon.colcon_core.package_identification:_identify(experiment_logs/A2_abrupt_health_0.5) by extension 'ignore_ament_install'
[0.940s] Level 1:colcon.colcon_core.package_identification:_identify(experiment_logs/A2_abrupt_health_0.5) by extensions ['colcon_pkg']
[0.940s] Level 1:colcon.colcon_core.package_identification:_identify(experiment_logs/A2_abrupt_health_0.5) by extension 'colcon_pkg'
[0.940s] Level 1:colcon.colcon_core.package_identification:_identify(experiment_logs/A2_abrupt_health_0.5) by extensions ['colcon_meta']
[0.940s] Level 1:colcon.colcon_core.package_identification:_identify(experiment_logs/A2_abrupt_health_0.5) by extension 'colcon_meta'
[0.940s] Level 1:colcon.colcon_core.package_identification:_identify(experiment_logs/A2_abrupt_health_0.5) by extensions ['ros']
[0.940s] Level 1:colcon.colcon_core.package_identification:_identify(experiment_logs/A2_abrupt_health_0.5) by extension 'ros'
[0.940s] Level 1:colcon.colcon_core.package_identification:_identify(experiment_logs/A2_abrupt_health_0.5) by extensions ['cmake', 'python']
[0.941s] Level 1:colcon.colcon_core.package_identification:_identify(experiment_logs/A2_abrupt_health_0.5) by extension 'cmake'
[0.941s] Level 1:colcon.colcon_core.package_identification:_identify(experiment_logs/A2_abrupt_health_0.5) by extension 'python'
[0.941s] Level 1:colcon.colcon_core.package_identification:_identify(experiment_logs/A2_abrupt_health_0.5) by extensions ['python_setup_py']
[0.941s] Level 1:colcon.colcon_core.package_identification:_identify(experiment_logs/A2_abrupt_health_0.5) by extension 'python_setup_py'
[0.941s] Level 1:colcon.colcon_core.package_identification:_identify(experiment_logs/A2_abrupt_health_0.5/run_1) by extensions ['ignore', 'ignore_ament_install']
[0.941s] Level 1:colcon.colcon_core.package_identification:_identify(experiment_logs/A2_abrupt_health_0.5/run_1) by extension 'ignore'
[0.941s] Level 1:colcon.colcon_core.package_identification:_identify(experiment_logs/A2_abrupt_health_0.5/run_1) by extension 'ignore_ament_install'
[0.941s] Level 1:colcon.colcon_core.package_identification:_identify(experiment_logs/A2_abrupt_health_0.5/run_1) by extensions ['colcon_pkg']
[0.941s] Level 1:colcon.colcon_core.package_identification:_identify(experiment_logs/A2_abrupt_health_0.5/run_1) by extension 'colcon_pkg'
[0.941s] Level 1:colcon.colcon_core.package_identification:_identify(experiment_logs/A2_abrupt_health_0.5/run_1) by extensions ['colcon_meta']
[0.941s] Level 1:colcon.colcon_core.package_identification:_identify(experiment_logs/A2_abrupt_health_0.5/run_1) by extension 'colcon_meta'
[0.942s] Level 1:colcon.colcon_core.package_identification:_identify(experiment_logs/A2_abrupt_health_0.5/run_1) by extensions ['ros']
[0.942s] Level 1:colcon.colcon_core.package_identification:_identify(experiment_logs/A2_abrupt_health_0.5/run_1) by extension 'ros'
[0.942s] Level 1:colcon.colcon_core.package_identification:_identify(experiment_logs/A2_abrupt_health_0.5/run_1) by extensions ['cmake', 'python']
[0.942s] Level 1:colcon.colcon_core.package_identification:_identify(experiment_logs/A2_abrupt_health_0.5/run_1) by extension 'cmake'
[0.942s] Level 1:colcon.colcon_core.package_identification:_identify(experiment_logs/A2_abrupt_health_0.5/run_1) by extension 'python'
[0.942s] Level 1:colcon.colcon_core.package_identification:_identify(experiment_logs/A2_abrupt_health_0.5/run_1) by extensions ['python_setup_py']
[0.942s] Level 1:colcon.colcon_core.package_identification:_identify(experiment_logs/A2_abrupt_health_0.5/run_1) by extension 'python_setup_py'
[0.942s] Level 1:colcon.colcon_core.package_identification:_identify(experiment_logs/A2_abrupt_health_0.5/run_2) by extensions ['ignore', 'ignore_ament_install']
[0.942s] Level 1:colcon.colcon_core.package_identification:_identify(experiment_logs/A2_abrupt_health_0.5/run_2) by extension 'ignore'
[0.942s] Level 1:colcon.colcon_core.package_identification:_identify(experiment_logs/A2_abrupt_health_0.5/run_2) by extension 'ignore_ament_install'
[0.943s] Level 1:colcon.colcon_core.package_identification:_identify(experiment_logs/A2_abrupt_health_0.5/run_2) by extensions ['colcon_pkg']
[0.943s] Level 1:colcon.colcon_core.package_identification:_identify(experiment_logs/A2_abrupt_health_0.5/run_2) by extension 'colcon_pkg'
[0.943s] Level 1:colcon.colcon_core.package_identification:_identify(experiment_logs/A2_abrupt_health_0.5/run_2) by extensions ['colcon_meta']
[0.943s] Level 1:colcon.colcon_core.package_identification:_identify(experiment_logs/A2_abrupt_health_0.5/run_2) by extension 'colcon_meta'
[0.943s] Level 1:colcon.colcon_core.package_identification:_identify(experiment_logs/A2_abrupt_health_0.5/run_2) by extensions ['ros']
[0.943s] Level 1:colcon.colcon_core.package_identification:_identify(experiment_logs/A2_abrupt_health_0.5/run_2) by extension 'ros'
[0.943s] Level 1:colcon.colcon_core.package_identification:_identify(experiment_logs/A2_abrupt_health_0.5/run_2) by extensions ['cmake', 'python']
[0.943s] Level 1:colcon.colcon_core.package_identification:_identify(experiment_logs/A2_abrupt_health_0.5/run_2) by extension 'cmake'
[0.944s] Level 1:colcon.colcon_core.package_identification:_identify(experiment_logs/A2_abrupt_health_0.5/run_2) by extension 'python'
[0.945s] Level 1:colcon.colcon_core.package_identification:_identify(experiment_logs/A2_abrupt_health_0.5/run_2) by extensions ['python_setup_py']
[0.946s] Level 1:colcon.colcon_core.package_identification:_identify(experiment_logs/A2_abrupt_health_0.5/run_2) by extension 'python_setup_py'
[0.946s] Level 1:colcon.colcon_core.package_identification:_identify(experiment_logs/A2_abrupt_health_0.5/run_3) by extensions ['ignore', 'ignore_ament_install']
[0.947s] Level 1:colcon.colcon_core.package_identification:_identify(experiment_logs/A2_abrupt_health_0.5/run_3) by extension 'ignore'
[0.948s] Level 1:colcon.colcon_core.package_identification:_identify(experiment_logs/A2_abrupt_health_0.5/run_3) by extension 'ignore_ament_install'
[0.949s] Level 1:colcon.colcon_core.package_identification:_identify(experiment_logs/A2_abrupt_health_0.5/run_3) by extensions ['colcon_pkg']
[0.949s] Level 1:colcon.colcon_core.package_identification:_identify(experiment_logs/A2_abrupt_health_0.5/run_3) by extension 'colcon_pkg'
[0.950s] Level 1:colcon.colcon_core.package_identification:_identify(experiment_logs/A2_abrupt_health_0.5/run_3) by extensions ['colcon_meta']
[0.950s] Level 1:colcon.colcon_core.package_identification:_identify(experiment_logs/A2_abrupt_health_0.5/run_3) by extension 'colcon_meta'
[0.950s] Level 1:colcon.colcon_core.package_identification:_identify(experiment_logs/A2_abrupt_health_0.5/run_3) by extensions ['ros']
[0.951s] Level 1:colcon.colcon_core.package_identification:_identify(experiment_logs/A2_abrupt_health_0.5/run_3) by extension 'ros'
[0.952s] Level 1:colcon.colcon_core.package_identification:_identify(experiment_logs/A2_abrupt_health_0.5/run_3) by extensions ['cmake', 'python']
[0.953s] Level 1:colcon.colcon_core.package_identification:_identify(experiment_logs/A2_abrupt_health_0.5/run_3) by extension 'cmake'
[0.954s] Level 1:colcon.colcon_core.package_identification:_identify(experiment_logs/A2_abrupt_health_0.5/run_3) by extension 'python'
[0.954s] Level 1:colcon.colcon_core.package_identification:_identify(experiment_logs/A2_abrupt_health_0.5/run_3) by extensions ['python_setup_py']
[0.954s] Level 1:colcon.colcon_core.package_identification:_identify(experiment_logs/A2_abrupt_health_0.5/run_3) by extension 'python_setup_py'
[0.955s] Level 1:colcon.colcon_core.package_identification:_identify(experiment_logs/A3_abrupt_health_0.3) by extensions ['ignore', 'ignore_ament_install']
[0.955s] Level 1:colcon.colcon_core.package_identification:_identify(experiment_logs/A3_abrupt_health_0.3) by extension 'ignore'
[0.955s] Level 1:colcon.colcon_core.package_identification:_identify(experiment_logs/A3_abrupt_health_0.3) by extension 'ignore_ament_install'
[0.955s] Level 1:colcon.colcon_core.package_identification:_identify(experiment_logs/A3_abrupt_health_0.3) by extensions ['colcon_pkg']
[0.955s] Level 1:colcon.colcon_core.package_identification:_identify(experiment_logs/A3_abrupt_health_0.3) by extension 'colcon_pkg'
[0.955s] Level 1:colcon.colcon_core.package_identification:_identify(experiment_logs/A3_abrupt_health_0.3) by extensions ['colcon_meta']
[0.955s] Level 1:colcon.colcon_core.package_identification:_identify(experiment_logs/A3_abrupt_health_0.3) by extension 'colcon_meta'
[0.956s] Level 1:colcon.colcon_core.package_identification:_identify(experiment_logs/A3_abrupt_health_0.3) by extensions ['ros']
[0.957s] Level 1:colcon.colcon_core.package_identification:_identify(experiment_logs/A3_abrupt_health_0.3) by extension 'ros'
[0.957s] Level 1:colcon.colcon_core.package_identification:_identify(experiment_logs/A3_abrupt_health_0.3) by extensions ['cmake', 'python']
[0.958s] Level 1:colcon.colcon_core.package_identification:_identify(experiment_logs/A3_abrupt_health_0.3) by extension 'cmake'
[0.959s] Level 1:colcon.colcon_core.package_identification:_identify(experiment_logs/A3_abrupt_health_0.3) by extension 'python'
[0.959s] Level 1:colcon.colcon_core.package_identification:_identify(experiment_logs/A3_abrupt_health_0.3) by extensions ['python_setup_py']
[0.960s] Level 1:colcon.colcon_core.package_identification:_identify(experiment_logs/A3_abrupt_health_0.3) by extension 'python_setup_py'
[0.961s] Level 1:colcon.colcon_core.package_identification:_identify(experiment_logs/A3_abrupt_health_0.3/run_1) by extensions ['ignore', 'ignore_ament_install']
[0.962s] Level 1:colcon.colcon_core.package_identification:_identify(experiment_logs/A3_abrupt_health_0.3/run_1) by extension 'ignore'
[0.962s] Level 1:colcon.colcon_core.package_identification:_identify(experiment_logs/A3_abrupt_health_0.3/run_1) by extension 'ignore_ament_install'
[0.962s] Level 1:colcon.colcon_core.package_identification:_identify(experiment_logs/A3_abrupt_health_0.3/run_1) by extensions ['colcon_pkg']
[0.963s] Level 1:colcon.colcon_core.package_identification:_identify(experiment_logs/A3_abrupt_health_0.3/run_1) by extension 'colcon_pkg'
[0.963s] Level 1:colcon.colcon_core.package_identification:_identify(experiment_logs/A3_abrupt_health_0.3/run_1) by extensions ['colcon_meta']
[0.963s] Level 1:colcon.colcon_core.package_identification:_identify(experiment_logs/A3_abrupt_health_0.3/run_1) by extension 'colcon_meta'
[0.963s] Level 1:colcon.colcon_core.package_identification:_identify(experiment_logs/A3_abrupt_health_0.3/run_1) by extensions ['ros']
[0.964s] Level 1:colcon.colcon_core.package_identification:_identify(experiment_logs/A3_abrupt_health_0.3/run_1) by extension 'ros'
[0.964s] Level 1:colcon.colcon_core.package_identification:_identify(experiment_logs/A3_abrupt_health_0.3/run_1) by extensions ['cmake', 'python']
[0.965s] Level 1:colcon.colcon_core.package_identification:_identify(experiment_logs/A3_abrupt_health_0.3/run_1) by extension 'cmake'
[0.965s] Level 1:colcon.colcon_core.package_identification:_identify(experiment_logs/A3_abrupt_health_0.3/run_1) by extension 'python'
[0.965s] Level 1:colcon.colcon_core.package_identification:_identify(experiment_logs/A3_abrupt_health_0.3/run_1) by extensions ['python_setup_py']
[0.966s] Level 1:colcon.colcon_core.package_identification:_identify(experiment_logs/A3_abrupt_health_0.3/run_1) by extension 'python_setup_py'
[0.967s] Level 1:colcon.colcon_core.package_identification:_identify(experiment_logs/A3_abrupt_health_0.3/run_2) by extensions ['ignore', 'ignore_ament_install']
[0.967s] Level 1:colcon.colcon_core.package_identification:_identify(experiment_logs/A3_abrupt_health_0.3/run_2) by extension 'ignore'
[0.967s] Level 1:colcon.colcon_core.package_identification:_identify(experiment_logs/A3_abrupt_health_0.3/run_2) by extension 'ignore_ament_install'
[0.967s] Level 1:colcon.colcon_core.package_identification:_identify(experiment_logs/A3_abrupt_health_0.3/run_2) by extensions ['colcon_pkg']
[0.967s] Level 1:colcon.colcon_core.package_identification:_identify(experiment_logs/A3_abrupt_health_0.3/run_2) by extension 'colcon_pkg'
[0.968s] Level 1:colcon.colcon_core.package_identification:_identify(experiment_logs/A3_abrupt_health_0.3/run_2) by extensions ['colcon_meta']
[0.968s] Level 1:colcon.colcon_core.package_identification:_identify(experiment_logs/A3_abrupt_health_0.3/run_2) by extension 'colcon_meta'
[0.968s] Level 1:colcon.colcon_core.package_identification:_identify(experiment_logs/A3_abrupt_health_0.3/run_2) by extensions ['ros']
[0.968s] Level 1:colcon.colcon_core.package_identification:_identify(experiment_logs/A3_abrupt_health_0.3/run_2) by extension 'ros'
[0.969s] Level 1:colcon.colcon_core.package_identification:_identify(experiment_logs/A3_abrupt_health_0.3/run_2) by extensions ['cmake', 'python']
[0.969s] Level 1:colcon.colcon_core.package_identification:_identify(experiment_logs/A3_abrupt_health_0.3/run_2) by extension 'cmake'
[0.970s] Level 1:colcon.colcon_core.package_identification:_identify(experiment_logs/A3_abrupt_health_0.3/run_2) by extension 'python'
[0.970s] Level 1:colcon.colcon_core.package_identification:_identify(experiment_logs/A3_abrupt_health_0.3/run_2) by extensions ['python_setup_py']
[0.970s] Level 1:colcon.colcon_core.package_identification:_identify(experiment_logs/A3_abrupt_health_0.3/run_2) by extension 'python_setup_py'
[0.971s] Level 1:colcon.colcon_core.package_identification:_identify(experiment_logs/A3_abrupt_health_0.3/run_3) by extensions ['ignore', 'ignore_ament_install']
[0.971s] Level 1:colcon.colcon_core.package_identification:_identify(experiment_logs/A3_abrupt_health_0.3/run_3) by extension 'ignore'
[0.972s] Level 1:colcon.colcon_core.package_identification:_identify(experiment_logs/A3_abrupt_health_0.3/run_3) by extension 'ignore_ament_install'
[0.972s] Level 1:colcon.colcon_core.package_identification:_identify(experiment_logs/A3_abrupt_health_0.3/run_3) by extensions ['colcon_pkg']
[0.973s] Level 1:colcon.colcon_core.package_identification:_identify(experiment_logs/A3_abrupt_health_0.3/run_3) by extension 'colcon_pkg'
[0.973s] Level 1:colcon.colcon_core.package_identification:_identify(experiment_logs/A3_abrupt_health_0.3/run_3) by extensions ['colcon_meta']
[0.973s] Level 1:colcon.colcon_core.package_identification:_identify(experiment_logs/A3_abrupt_health_0.3/run_3) by extension 'colcon_meta'
[0.973s] Level 1:colcon.colcon_core.package_identification:_identify(experiment_logs/A3_abrupt_health_0.3/run_3) by extensions ['ros']
[0.973s] Level 1:colcon.colcon_core.package_identification:_identify(experiment_logs/A3_abrupt_health_0.3/run_3) by extension 'ros'
[0.973s] Level 1:colcon.colcon_core.package_identification:_identify(experiment_logs/A3_abrupt_health_0.3/run_3) by extensions ['cmake', 'python']
[0.973s] Level 1:colcon.colcon_core.package_identification:_identify(experiment_logs/A3_abrupt_health_0.3/run_3) by extension 'cmake'
[0.973s] Level 1:colcon.colcon_core.package_identification:_identify(experiment_logs/A3_abrupt_health_0.3/run_3) by extension 'python'
[0.973s] Level 1:colcon.colcon_core.package_identification:_identify(experiment_logs/A3_abrupt_health_0.3/run_3) by extensions ['python_setup_py']
[0.973s] Level 1:colcon.colcon_core.package_identification:_identify(experiment_logs/A3_abrupt_health_0.3/run_3) by extension 'python_setup_py'
[0.974s] Level 1:colcon.colcon_core.package_identification:_identify(experiment_logs/B1_no_fault) by extensions ['ignore', 'ignore_ament_install']
[0.974s] Level 1:colcon.colcon_core.package_identification:_identify(experiment_logs/B1_no_fault) by extension 'ignore'
[0.974s] Level 1:colcon.colcon_core.package_identification:_identify(experiment_logs/B1_no_fault) by extension 'ignore_ament_install'
[0.974s] Level 1:colcon.colcon_core.package_identification:_identify(experiment_logs/B1_no_fault) by extensions ['colcon_pkg']
[0.974s] Level 1:colcon.colcon_core.package_identification:_identify(experiment_logs/B1_no_fault) by extension 'colcon_pkg'
[0.974s] Level 1:colcon.colcon_core.package_identification:_identify(experiment_logs/B1_no_fault) by extensions ['colcon_meta']
[0.974s] Level 1:colcon.colcon_core.package_identification:_identify(experiment_logs/B1_no_fault) by extension 'colcon_meta'
[0.974s] Level 1:colcon.colcon_core.package_identification:_identify(experiment_logs/B1_no_fault) by extensions ['ros']
[0.974s] Level 1:colcon.colcon_core.package_identification:_identify(experiment_logs/B1_no_fault) by extension 'ros'
[0.974s] Level 1:colcon.colcon_core.package_identification:_identify(experiment_logs/B1_no_fault) by extensions ['cmake', 'python']
[0.974s] Level 1:colcon.colcon_core.package_identification:_identify(experiment_logs/B1_no_fault) by extension 'cmake'
[0.974s] Level 1:colcon.colcon_core.package_identification:_identify(experiment_logs/B1_no_fault) by extension 'python'
[0.975s] Level 1:colcon.colcon_core.package_identification:_identify(experiment_logs/B1_no_fault) by extensions ['python_setup_py']
[0.975s] Level 1:colcon.colcon_core.package_identification:_identify(experiment_logs/B1_no_fault) by extension 'python_setup_py'
[0.975s] Level 1:colcon.colcon_core.package_identification:_identify(experiment_logs/B1_no_fault/run_1) by extensions ['ignore', 'ignore_ament_install']
[0.975s] Level 1:colcon.colcon_core.package_identification:_identify(experiment_logs/B1_no_fault/run_1) by extension 'ignore'
[0.975s] Level 1:colcon.colcon_core.package_identification:_identify(experiment_logs/B1_no_fault/run_1) by extension 'ignore_ament_install'
[0.975s] Level 1:colcon.colcon_core.package_identification:_identify(experiment_logs/B1_no_fault/run_1) by extensions ['colcon_pkg']
[0.975s] Level 1:colcon.colcon_core.package_identification:_identify(experiment_logs/B1_no_fault/run_1) by extension 'colcon_pkg'
[0.975s] Level 1:colcon.colcon_core.package_identification:_identify(experiment_logs/B1_no_fault/run_1) by extensions ['colcon_meta']
[0.976s] Level 1:colcon.colcon_core.package_identification:_identify(experiment_logs/B1_no_fault/run_1) by extension 'colcon_meta'
[0.976s] Level 1:colcon.colcon_core.package_identification:_identify(experiment_logs/B1_no_fault/run_1) by extensions ['ros']
[0.976s] Level 1:colcon.colcon_core.package_identification:_identify(experiment_logs/B1_no_fault/run_1) by extension 'ros'
[0.976s] Level 1:colcon.colcon_core.package_identification:_identify(experiment_logs/B1_no_fault/run_1) by extensions ['cmake', 'python']
[0.976s] Level 1:colcon.colcon_core.package_identification:_identify(experiment_logs/B1_no_fault/run_1) by extension 'cmake'
[0.976s] Level 1:colcon.colcon_core.package_identification:_identify(experiment_logs/B1_no_fault/run_1) by extension 'python'
[0.976s] Level 1:colcon.colcon_core.package_identification:_identify(experiment_logs/B1_no_fault/run_1) by extensions ['python_setup_py']
[0.976s] Level 1:colcon.colcon_core.package_identification:_identify(experiment_logs/B1_no_fault/run_1) by extension 'python_setup_py'
[0.976s] Level 1:colcon.colcon_core.package_identification:_identify(experiment_logs/B1_no_fault/run_2) by extensions ['ignore', 'ignore_ament_install']
[0.977s] Level 1:colcon.colcon_core.package_identification:_identify(experiment_logs/B1_no_fault/run_2) by extension 'ignore'
[0.977s] Level 1:colcon.colcon_core.package_identification:_identify(experiment_logs/B1_no_fault/run_2) by extension 'ignore_ament_install'
[0.977s] Level 1:colcon.colcon_core.package_identification:_identify(experiment_logs/B1_no_fault/run_2) by extensions ['colcon_pkg']
[0.977s] Level 1:colcon.colcon_core.package_identification:_identify(experiment_logs/B1_no_fault/run_2) by extension 'colcon_pkg'
[0.977s] Level 1:colcon.colcon_core.package_identification:_identify(experiment_logs/B1_no_fault/run_2) by extensions ['colcon_meta']
[0.977s] Level 1:colcon.colcon_core.package_identification:_identify(experiment_logs/B1_no_fault/run_2) by extension 'colcon_meta'
[0.977s] Level 1:colcon.colcon_core.package_identification:_identify(experiment_logs/B1_no_fault/run_2) by extensions ['ros']
[0.977s] Level 1:colcon.colcon_core.package_identification:_identify(experiment_logs/B1_no_fault/run_2) by extension 'ros'
[0.977s] Level 1:colcon.colcon_core.package_identification:_identify(experiment_logs/B1_no_fault/run_2) by extensions ['cmake', 'python']
[0.977s] Level 1:colcon.colcon_core.package_identification:_identify(experiment_logs/B1_no_fault/run_2) by extension 'cmake'
[0.977s] Level 1:colcon.colcon_core.package_identification:_identify(experiment_logs/B1_no_fault/run_2) by extension 'python'
[0.978s] Level 1:colcon.colcon_core.package_identification:_identify(experiment_logs/B1_no_fault/run_2) by extensions ['python_setup_py']
[0.978s] Level 1:colcon.colcon_core.package_identification:_identify(experiment_logs/B1_no_fault/run_2) by extension 'python_setup_py'
[0.978s] Level 1:colcon.colcon_core.package_identification:_identify(experiment_logs/B1_no_fault/run_3) by extensions ['ignore', 'ignore_ament_install']
[0.978s] Level 1:colcon.colcon_core.package_identification:_identify(experiment_logs/B1_no_fault/run_3) by extension 'ignore'
[0.978s] Level 1:colcon.colcon_core.package_identification:_identify(experiment_logs/B1_no_fault/run_3) by extension 'ignore_ament_install'
[0.978s] Level 1:colcon.colcon_core.package_identification:_identify(experiment_logs/B1_no_fault/run_3) by extensions ['colcon_pkg']
[0.978s] Level 1:colcon.colcon_core.package_identification:_identify(experiment_logs/B1_no_fault/run_3) by extension 'colcon_pkg'
[0.978s] Level 1:colcon.colcon_core.package_identification:_identify(experiment_logs/B1_no_fault/run_3) by extensions ['colcon_meta']
[0.978s] Level 1:colcon.colcon_core.package_identification:_identify(experiment_logs/B1_no_fault/run_3) by extension 'colcon_meta'
[0.979s] Level 1:colcon.colcon_core.package_identification:_identify(experiment_logs/B1_no_fault/run_3) by extensions ['ros']
[0.979s] Level 1:colcon.colcon_core.package_identification:_identify(experiment_logs/B1_no_fault/run_3) by extension 'ros'
[0.979s] Level 1:colcon.colcon_core.package_identification:_identify(experiment_logs/B1_no_fault/run_3) by extensions ['cmake', 'python']
[0.979s] Level 1:colcon.colcon_core.package_identification:_identify(experiment_logs/B1_no_fault/run_3) by extension 'cmake'
[0.979s] Level 1:colcon.colcon_core.package_identification:_identify(experiment_logs/B1_no_fault/run_3) by extension 'python'
[0.979s] Level 1:colcon.colcon_core.package_identification:_identify(experiment_logs/B1_no_fault/run_3) by extensions ['python_setup_py']
[0.979s] Level 1:colcon.colcon_core.package_identification:_identify(experiment_logs/B1_no_fault/run_3) by extension 'python_setup_py'
[0.979s] Level 1:colcon.colcon_core.package_identification:_identify(experiment_logs/I1_incipient_slow) by extensions ['ignore', 'ignore_ament_install']
[0.979s] Level 1:colcon.colcon_core.package_identification:_identify(experiment_logs/I1_incipient_slow) by extension 'ignore'
[0.980s] Level 1:colcon.colcon_core.package_identification:_identify(experiment_logs/I1_incipient_slow) by extension 'ignore_ament_install'
[0.980s] Level 1:colcon.colcon_core.package_identification:_identify(experiment_logs/I1_incipient_slow) by extensions ['colcon_pkg']
[0.980s] Level 1:colcon.colcon_core.package_identification:_identify(experiment_logs/I1_incipient_slow) by extension 'colcon_pkg'
[0.980s] Level 1:colcon.colcon_core.package_identification:_identify(experiment_logs/I1_incipient_slow) by extensions ['colcon_meta']
[0.980s] Level 1:colcon.colcon_core.package_identification:_identify(experiment_logs/I1_incipient_slow) by extension 'colcon_meta'
[0.980s] Level 1:colcon.colcon_core.package_identification:_identify(experiment_logs/I1_incipient_slow) by extensions ['ros']
[0.980s] Level 1:colcon.colcon_core.package_identification:_identify(experiment_logs/I1_incipient_slow) by extension 'ros'
[0.980s] Level 1:colcon.colcon_core.package_identification:_identify(experiment_logs/I1_incipient_slow) by extensions ['cmake', 'python']
[0.980s] Level 1:colcon.colcon_core.package_identification:_identify(experiment_logs/I1_incipient_slow) by extension 'cmake'
[0.980s] Level 1:colcon.colcon_core.package_identification:_identify(experiment_logs/I1_incipient_slow) by extension 'python'
[0.980s] Level 1:colcon.colcon_core.package_identification:_identify(experiment_logs/I1_incipient_slow) by extensions ['python_setup_py']
[0.980s] Level 1:colcon.colcon_core.package_identification:_identify(experiment_logs/I1_incipient_slow) by extension 'python_setup_py'
[0.981s] Level 1:colcon.colcon_core.package_identification:_identify(experiment_logs/I1_incipient_slow/run_1) by extensions ['ignore', 'ignore_ament_install']
[0.981s] Level 1:colcon.colcon_core.package_identification:_identify(experiment_logs/I1_incipient_slow/run_1) by extension 'ignore'
[0.981s] Level 1:colcon.colcon_core.package_identification:_identify(experiment_logs/I1_incipient_slow/run_1) by extension 'ignore_ament_install'
[0.981s] Level 1:colcon.colcon_core.package_identification:_identify(experiment_logs/I1_incipient_slow/run_1) by extensions ['colcon_pkg']
[0.981s] Level 1:colcon.colcon_core.package_identification:_identify(experiment_logs/I1_incipient_slow/run_1) by extension 'colcon_pkg'
[0.981s] Level 1:colcon.colcon_core.package_identification:_identify(experiment_logs/I1_incipient_slow/run_1) by extensions ['colcon_meta']
[0.981s] Level 1:colcon.colcon_core.package_identification:_identify(experiment_logs/I1_incipient_slow/run_1) by extension 'colcon_meta'
[0.981s] Level 1:colcon.colcon_core.package_identification:_identify(experiment_logs/I1_incipient_slow/run_1) by extensions ['ros']
[0.981s] Level 1:colcon.colcon_core.package_identification:_identify(experiment_logs/I1_incipient_slow/run_1) by extension 'ros'
[0.982s] Level 1:colcon.colcon_core.package_identification:_identify(experiment_logs/I1_incipient_slow/run_1) by extensions ['cmake', 'python']
[0.982s] Level 1:colcon.colcon_core.package_identification:_identify(experiment_logs/I1_incipient_slow/run_1) by extension 'cmake'
[0.982s] Level 1:colcon.colcon_core.package_identification:_identify(experiment_logs/I1_incipient_slow/run_1) by extension 'python'
[0.982s] Level 1:colcon.colcon_core.package_identification:_identify(experiment_logs/I1_incipient_slow/run_1) by extensions ['python_setup_py']
[0.982s] Level 1:colcon.colcon_core.package_identification:_identify(experiment_logs/I1_incipient_slow/run_1) by extension 'python_setup_py'
[0.982s] Level 1:colcon.colcon_core.package_identification:_identify(experiment_logs/I1_incipient_slow/run_2) by extensions ['ignore', 'ignore_ament_install']
[0.982s] Level 1:colcon.colcon_core.package_identification:_identify(experiment_logs/I1_incipient_slow/run_2) by extension 'ignore'
[0.982s] Level 1:colcon.colcon_core.package_identification:_identify(experiment_logs/I1_incipient_slow/run_2) by extension 'ignore_ament_install'
[0.982s] Level 1:colcon.colcon_core.package_identification:_identify(experiment_logs/I1_incipient_slow/run_2) by extensions ['colcon_pkg']
[0.983s] Level 1:colcon.colcon_core.package_identification:_identify(experiment_logs/I1_incipient_slow/run_2) by extension 'colcon_pkg'
[0.983s] Level 1:colcon.colcon_core.package_identification:_identify(experiment_logs/I1_incipient_slow/run_2) by extensions ['colcon_meta']
[0.983s] Level 1:colcon.colcon_core.package_identification:_identify(experiment_logs/I1_incipient_slow/run_2) by extension 'colcon_meta'
[0.983s] Level 1:colcon.colcon_core.package_identification:_identify(experiment_logs/I1_incipient_slow/run_2) by extensions ['ros']
[0.983s] Level 1:colcon.colcon_core.package_identification:_identify(experiment_logs/I1_incipient_slow/run_2) by extension 'ros'
[0.983s] Level 1:colcon.colcon_core.package_identification:_identify(experiment_logs/I1_incipient_slow/run_2) by extensions ['cmake', 'python']
[0.983s] Level 1:colcon.colcon_core.package_identification:_identify(experiment_logs/I1_incipient_slow/run_2) by extension 'cmake'
[0.983s] Level 1:colcon.colcon_core.package_identification:_identify(experiment_logs/I1_incipient_slow/run_2) by extension 'python'
[0.983s] Level 1:colcon.colcon_core.package_identification:_identify(experiment_logs/I1_incipient_slow/run_2) by extensions ['python_setup_py']
[0.983s] Level 1:colcon.colcon_core.package_identification:_identify(experiment_logs/I1_incipient_slow/run_2) by extension 'python_setup_py'
[0.983s] Level 1:colcon.colcon_core.package_identification:_identify(experiment_logs/I1_incipient_slow/run_3) by extensions ['ignore', 'ignore_ament_install']
[0.984s] Level 1:colcon.colcon_core.package_identification:_identify(experiment_logs/I1_incipient_slow/run_3) by extension 'ignore'
[0.984s] Level 1:colcon.colcon_core.package_identification:_identify(experiment_logs/I1_incipient_slow/run_3) by extension 'ignore_ament_install'
[0.984s] Level 1:colcon.colcon_core.package_identification:_identify(experiment_logs/I1_incipient_slow/run_3) by extensions ['colcon_pkg']
[0.984s] Level 1:colcon.colcon_core.package_identification:_identify(experiment_logs/I1_incipient_slow/run_3) by extension 'colcon_pkg'
[0.984s] Level 1:colcon.colcon_core.package_identification:_identify(experiment_logs/I1_incipient_slow/run_3) by extensions ['colcon_meta']
[0.984s] Level 1:colcon.colcon_core.package_identification:_identify(experiment_logs/I1_incipient_slow/run_3) by extension 'colcon_meta'
[0.984s] Level 1:colcon.colcon_core.package_identification:_identify(experiment_logs/I1_incipient_slow/run_3) by extensions ['ros']
[0.984s] Level 1:colcon.colcon_core.package_identification:_identify(experiment_logs/I1_incipient_slow/run_3) by extension 'ros'
[0.984s] Level 1:colcon.colcon_core.package_identification:_identify(experiment_logs/I1_incipient_slow/run_3) by extensions ['cmake', 'python']
[0.984s] Level 1:colcon.colcon_core.package_identification:_identify(experiment_logs/I1_incipient_slow/run_3) by extension 'cmake'
[0.985s] Level 1:colcon.colcon_core.package_identification:_identify(experiment_logs/I1_incipient_slow/run_3) by extension 'python'
[0.985s] Level 1:colcon.colcon_core.package_identification:_identify(experiment_logs/I1_incipient_slow/run_3) by extensions ['python_setup_py']
[0.985s] Level 1:colcon.colcon_core.package_identification:_identify(experiment_logs/I1_incipient_slow/run_3) by extension 'python_setup_py'
[0.985s] Level 1:colcon.colcon_core.package_identification:_identify(experiment_logs/I2_incipient_medium) by extensions ['ignore', 'ignore_ament_install']
[0.985s] Level 1:colcon.colcon_core.package_identification:_identify(experiment_logs/I2_incipient_medium) by extension 'ignore'
[0.985s] Level 1:colcon.colcon_core.package_identification:_identify(experiment_logs/I2_incipient_medium) by extension 'ignore_ament_install'
[0.985s] Level 1:colcon.colcon_core.package_identification:_identify(experiment_logs/I2_incipient_medium) by extensions ['colcon_pkg']
[0.985s] Level 1:colcon.colcon_core.package_identification:_identify(experiment_logs/I2_incipient_medium) by extension 'colcon_pkg'
[0.985s] Level 1:colcon.colcon_core.package_identification:_identify(experiment_logs/I2_incipient_medium) by extensions ['colcon_meta']
[0.985s] Level 1:colcon.colcon_core.package_identification:_identify(experiment_logs/I2_incipient_medium) by extension 'colcon_meta'
[0.986s] Level 1:colcon.colcon_core.package_identification:_identify(experiment_logs/I2_incipient_medium) by extensions ['ros']
[0.986s] Level 1:colcon.colcon_core.package_identification:_identify(experiment_logs/I2_incipient_medium) by extension 'ros'
[0.986s] Level 1:colcon.colcon_core.package_identification:_identify(experiment_logs/I2_incipient_medium) by extensions ['cmake', 'python']
[0.986s] Level 1:colcon.colcon_core.package_identification:_identify(experiment_logs/I2_incipient_medium) by extension 'cmake'
[0.986s] Level 1:colcon.colcon_core.package_identification:_identify(experiment_logs/I2_incipient_medium) by extension 'python'
[0.986s] Level 1:colcon.colcon_core.package_identification:_identify(experiment_logs/I2_incipient_medium) by extensions ['python_setup_py']
[0.986s] Level 1:colcon.colcon_core.package_identification:_identify(experiment_logs/I2_incipient_medium) by extension 'python_setup_py'
[0.986s] Level 1:colcon.colcon_core.package_identification:_identify(experiment_logs/I2_incipient_medium/run_1) by extensions ['ignore', 'ignore_ament_install']
[0.986s] Level 1:colcon.colcon_core.package_identification:_identify(experiment_logs/I2_incipient_medium/run_1) by extension 'ignore'
[0.987s] Level 1:colcon.colcon_core.package_identification:_identify(experiment_logs/I2_incipient_medium/run_1) by extension 'ignore_ament_install'
[0.987s] Level 1:colcon.colcon_core.package_identification:_identify(experiment_logs/I2_incipient_medium/run_1) by extensions ['colcon_pkg']
[0.987s] Level 1:colcon.colcon_core.package_identification:_identify(experiment_logs/I2_incipient_medium/run_1) by extension 'colcon_pkg'
[0.987s] Level 1:colcon.colcon_core.package_identification:_identify(experiment_logs/I2_incipient_medium/run_1) by extensions ['colcon_meta']
[0.987s] Level 1:colcon.colcon_core.package_identification:_identify(experiment_logs/I2_incipient_medium/run_1) by extension 'colcon_meta'
[0.987s] Level 1:colcon.colcon_core.package_identification:_identify(experiment_logs/I2_incipient_medium/run_1) by extensions ['ros']
[0.987s] Level 1:colcon.colcon_core.package_identification:_identify(experiment_logs/I2_incipient_medium/run_1) by extension 'ros'
[0.987s] Level 1:colcon.colcon_core.package_identification:_identify(experiment_logs/I2_incipient_medium/run_1) by extensions ['cmake', 'python']
[0.987s] Level 1:colcon.colcon_core.package_identification:_identify(experiment_logs/I2_incipient_medium/run_1) by extension 'cmake'
[0.987s] Level 1:colcon.colcon_core.package_identification:_identify(experiment_logs/I2_incipient_medium/run_1) by extension 'python'
[0.987s] Level 1:colcon.colcon_core.package_identification:_identify(experiment_logs/I2_incipient_medium/run_1) by extensions ['python_setup_py']
[0.988s] Level 1:colcon.colcon_core.package_identification:_identify(experiment_logs/I2_incipient_medium/run_1) by extension 'python_setup_py'
[0.988s] Level 1:colcon.colcon_core.package_identification:_identify(experiment_logs/I2_incipient_medium/run_2) by extensions ['ignore', 'ignore_ament_install']
[0.988s] Level 1:colcon.colcon_core.package_identification:_identify(experiment_logs/I2_incipient_medium/run_2) by extension 'ignore'
[0.988s] Level 1:colcon.colcon_core.package_identification:_identify(experiment_logs/I2_incipient_medium/run_2) by extension 'ignore_ament_install'
[0.988s] Level 1:colcon.colcon_core.package_identification:_identify(experiment_logs/I2_incipient_medium/run_2) by extensions ['colcon_pkg']
[0.988s] Level 1:colcon.colcon_core.package_identification:_identify(experiment_logs/I2_incipient_medium/run_2) by extension 'colcon_pkg'
[0.988s] Level 1:colcon.colcon_core.package_identification:_identify(experiment_logs/I2_incipient_medium/run_2) by extensions ['colcon_meta']
[0.988s] Level 1:colcon.colcon_core.package_identification:_identify(experiment_logs/I2_incipient_medium/run_2) by extension 'colcon_meta'
[0.988s] Level 1:colcon.colcon_core.package_identification:_identify(experiment_logs/I2_incipient_medium/run_2) by extensions ['ros']
[0.989s] Level 1:colcon.colcon_core.package_identification:_identify(experiment_logs/I2_incipient_medium/run_2) by extension 'ros'
[0.989s] Level 1:colcon.colcon_core.package_identification:_identify(experiment_logs/I2_incipient_medium/run_2) by extensions ['cmake', 'python']
[0.989s] Level 1:colcon.colcon_core.package_identification:_identify(experiment_logs/I2_incipient_medium/run_2) by extension 'cmake'
[0.989s] Level 1:colcon.colcon_core.package_identification:_identify(experiment_logs/I2_incipient_medium/run_2) by extension 'python'
[0.989s] Level 1:colcon.colcon_core.package_identification:_identify(experiment_logs/I2_incipient_medium/run_2) by extensions ['python_setup_py']
[0.989s] Level 1:colcon.colcon_core.package_identification:_identify(experiment_logs/I2_incipient_medium/run_2) by extension 'python_setup_py'
[0.989s] Level 1:colcon.colcon_core.package_identification:_identify(experiment_logs/I2_incipient_medium/run_3) by extensions ['ignore', 'ignore_ament_install']
[0.989s] Level 1:colcon.colcon_core.package_identification:_identify(experiment_logs/I2_incipient_medium/run_3) by extension 'ignore'
[0.989s] Level 1:colcon.colcon_core.package_identification:_identify(experiment_logs/I2_incipient_medium/run_3) by extension 'ignore_ament_install'
[0.990s] Level 1:colcon.colcon_core.package_identification:_identify(experiment_logs/I2_incipient_medium/run_3) by extensions ['colcon_pkg']
[0.990s] Level 1:colcon.colcon_core.package_identification:_identify(experiment_logs/I2_incipient_medium/run_3) by extension 'colcon_pkg'
[0.990s] Level 1:colcon.colcon_core.package_identification:_identify(experiment_logs/I2_incipient_medium/run_3) by extensions ['colcon_meta']
[0.990s] Level 1:colcon.colcon_core.package_identification:_identify(experiment_logs/I2_incipient_medium/run_3) by extension 'colcon_meta'
[0.990s] Level 1:colcon.colcon_core.package_identification:_identify(experiment_logs/I2_incipient_medium/run_3) by extensions ['ros']
[0.990s] Level 1:colcon.colcon_core.package_identification:_identify(experiment_logs/I2_incipient_medium/run_3) by extension 'ros'
[0.990s] Level 1:colcon.colcon_core.package_identification:_identify(experiment_logs/I2_incipient_medium/run_3) by extensions ['cmake', 'python']
[0.990s] Level 1:colcon.colcon_core.package_identification:_identify(experiment_logs/I2_incipient_medium/run_3) by extension 'cmake'
[0.990s] Level 1:colcon.colcon_core.package_identification:_identify(experiment_logs/I2_incipient_medium/run_3) by extension 'python'
[0.990s] Level 1:colcon.colcon_core.package_identification:_identify(experiment_logs/I2_incipient_medium/run_3) by extensions ['python_setup_py']
[0.990s] Level 1:colcon.colcon_core.package_identification:_identify(experiment_logs/I2_incipient_medium/run_3) by extension 'python_setup_py'
[0.991s] Level 1:colcon.colcon_core.package_identification:_identify(experiment_logs/I3_incipient_fast) by extensions ['ignore', 'ignore_ament_install']
[0.991s] Level 1:colcon.colcon_core.package_identification:_identify(experiment_logs/I3_incipient_fast) by extension 'ignore'
[0.991s] Level 1:colcon.colcon_core.package_identification:_identify(experiment_logs/I3_incipient_fast) by extension 'ignore_ament_install'
[0.991s] Level 1:colcon.colcon_core.package_identification:_identify(experiment_logs/I3_incipient_fast) by extensions ['colcon_pkg']
[0.991s] Level 1:colcon.colcon_core.package_identification:_identify(experiment_logs/I3_incipient_fast) by extension 'colcon_pkg'
[0.991s] Level 1:colcon.colcon_core.package_identification:_identify(experiment_logs/I3_incipient_fast) by extensions ['colcon_meta']
[0.991s] Level 1:colcon.colcon_core.package_identification:_identify(experiment_logs/I3_incipient_fast) by extension 'colcon_meta'
[0.991s] Level 1:colcon.colcon_core.package_identification:_identify(experiment_logs/I3_incipient_fast) by extensions ['ros']
[0.992s] Level 1:colcon.colcon_core.package_identification:_identify(experiment_logs/I3_incipient_fast) by extension 'ros'
[0.992s] Level 1:colcon.colcon_core.package_identification:_identify(experiment_logs/I3_incipient_fast) by extensions ['cmake', 'python']
[0.992s] Level 1:colcon.colcon_core.package_identification:_identify(experiment_logs/I3_incipient_fast) by extension 'cmake'
[0.992s] Level 1:colcon.colcon_core.package_identification:_identify(experiment_logs/I3_incipient_fast) by extension 'python'
[0.992s] Level 1:colcon.colcon_core.package_identification:_identify(experiment_logs/I3_incipient_fast) by extensions ['python_setup_py']
[0.992s] Level 1:colcon.colcon_core.package_identification:_identify(experiment_logs/I3_incipient_fast) by extension 'python_setup_py'
[0.992s] Level 1:colcon.colcon_core.package_identification:_identify(experiment_logs/I3_incipient_fast/run_1) by extensions ['ignore', 'ignore_ament_install']
[0.992s] Level 1:colcon.colcon_core.package_identification:_identify(experiment_logs/I3_incipient_fast/run_1) by extension 'ignore'
[0.992s] Level 1:colcon.colcon_core.package_identification:_identify(experiment_logs/I3_incipient_fast/run_1) by extension 'ignore_ament_install'
[0.993s] Level 1:colcon.colcon_core.package_identification:_identify(experiment_logs/I3_incipient_fast/run_1) by extensions ['colcon_pkg']
[0.993s] Level 1:colcon.colcon_core.package_identification:_identify(experiment_logs/I3_incipient_fast/run_1) by extension 'colcon_pkg'
[0.993s] Level 1:colcon.colcon_core.package_identification:_identify(experiment_logs/I3_incipient_fast/run_1) by extensions ['colcon_meta']
[0.993s] Level 1:colcon.colcon_core.package_identification:_identify(experiment_logs/I3_incipient_fast/run_1) by extension 'colcon_meta'
[0.993s] Level 1:colcon.colcon_core.package_identification:_identify(experiment_logs/I3_incipient_fast/run_1) by extensions ['ros']
[0.993s] Level 1:colcon.colcon_core.package_identification:_identify(experiment_logs/I3_incipient_fast/run_1) by extension 'ros'
[0.993s] Level 1:colcon.colcon_core.package_identification:_identify(experiment_logs/I3_incipient_fast/run_1) by extensions ['cmake', 'python']
[0.993s] Level 1:colcon.colcon_core.package_identification:_identify(experiment_logs/I3_incipient_fast/run_1) by extension 'cmake'
[0.993s] Level 1:colcon.colcon_core.package_identification:_identify(experiment_logs/I3_incipient_fast/run_1) by extension 'python'
[0.993s] Level 1:colcon.colcon_core.package_identification:_identify(experiment_logs/I3_incipient_fast/run_1) by extensions ['python_setup_py']
[0.993s] Level 1:colcon.colcon_core.package_identification:_identify(experiment_logs/I3_incipient_fast/run_1) by extension 'python_setup_py'
[0.994s] Level 1:colcon.colcon_core.package_identification:_identify(experiment_logs/I3_incipient_fast/run_2) by extensions ['ignore', 'ignore_ament_install']
[0.994s] Level 1:colcon.colcon_core.package_identification:_identify(experiment_logs/I3_incipient_fast/run_2) by extension 'ignore'
[0.994s] Level 1:colcon.colcon_core.package_identification:_identify(experiment_logs/I3_incipient_fast/run_2) by extension 'ignore_ament_install'
[0.994s] Level 1:colcon.colcon_core.package_identification:_identify(experiment_logs/I3_incipient_fast/run_2) by extensions ['colcon_pkg']
[0.994s] Level 1:colcon.colcon_core.package_identification:_identify(experiment_logs/I3_incipient_fast/run_2) by extension 'colcon_pkg'
[0.994s] Level 1:colcon.colcon_core.package_identification:_identify(experiment_logs/I3_incipient_fast/run_2) by extensions ['colcon_meta']
[0.994s] Level 1:colcon.colcon_core.package_identification:_identify(experiment_logs/I3_incipient_fast/run_2) by extension 'colcon_meta'
[0.994s] Level 1:colcon.colcon_core.package_identification:_identify(experiment_logs/I3_incipient_fast/run_2) by extensions ['ros']
[0.994s] Level 1:colcon.colcon_core.package_identification:_identify(experiment_logs/I3_incipient_fast/run_2) by extension 'ros'
[0.995s] Level 1:colcon.colcon_core.package_identification:_identify(experiment_logs/I3_incipient_fast/run_2) by extensions ['cmake', 'python']
[0.995s] Level 1:colcon.colcon_core.package_identification:_identify(experiment_logs/I3_incipient_fast/run_2) by extension 'cmake'
[0.995s] Level 1:colcon.colcon_core.package_identification:_identify(experiment_logs/I3_incipient_fast/run_2) by extension 'python'
[0.995s] Level 1:colcon.colcon_core.package_identification:_identify(experiment_logs/I3_incipient_fast/run_2) by extensions ['python_setup_py']
[0.995s] Level 1:colcon.colcon_core.package_identification:_identify(experiment_logs/I3_incipient_fast/run_2) by extension 'python_setup_py'
[0.995s] Level 1:colcon.colcon_core.package_identification:_identify(experiment_logs/I3_incipient_fast/run_3) by extensions ['ignore', 'ignore_ament_install']
[0.995s] Level 1:colcon.colcon_core.package_identification:_identify(experiment_logs/I3_incipient_fast/run_3) by extension 'ignore'
[0.995s] Level 1:colcon.colcon_core.package_identification:_identify(experiment_logs/I3_incipient_fast/run_3) by extension 'ignore_ament_install'
[0.995s] Level 1:colcon.colcon_core.package_identification:_identify(experiment_logs/I3_incipient_fast/run_3) by extensions ['colcon_pkg']
[0.995s] Level 1:colcon.colcon_core.package_identification:_identify(experiment_logs/I3_incipient_fast/run_3) by extension 'colcon_pkg'
[0.996s] Level 1:colcon.colcon_core.package_identification:_identify(experiment_logs/I3_incipient_fast/run_3) by extensions ['colcon_meta']
[0.996s] Level 1:colcon.colcon_core.package_identification:_identify(experiment_logs/I3_incipient_fast/run_3) by extension 'colcon_meta'
[0.996s] Level 1:colcon.colcon_core.package_identification:_identify(experiment_logs/I3_incipient_fast/run_3) by extensions ['ros']
[0.996s] Level 1:colcon.colcon_core.package_identification:_identify(experiment_logs/I3_incipient_fast/run_3) by extension 'ros'
[0.996s] Level 1:colcon.colcon_core.package_identification:_identify(experiment_logs/I3_incipient_fast/run_3) by extensions ['cmake', 'python']
[0.996s] Level 1:colcon.colcon_core.package_identification:_identify(experiment_logs/I3_incipient_fast/run_3) by extension 'cmake'
[0.996s] Level 1:colcon.colcon_core.package_identification:_identify(experiment_logs/I3_incipient_fast/run_3) by extension 'python'
[0.996s] Level 1:colcon.colcon_core.package_identification:_identify(experiment_logs/I3_incipient_fast/run_3) by extensions ['python_setup_py']
[0.996s] Level 1:colcon.colcon_core.package_identification:_identify(experiment_logs/I3_incipient_fast/run_3) by extension 'python_setup_py'
[0.996s] Level 1:colcon.colcon_core.package_identification:_identify(experiment_logs/T1_intermittent_10s_cycle) by extensions ['ignore', 'ignore_ament_install']
[0.997s] Level 1:colcon.colcon_core.package_identification:_identify(experiment_logs/T1_intermittent_10s_cycle) by extension 'ignore'
[0.997s] Level 1:colcon.colcon_core.package_identification:_identify(experiment_logs/T1_intermittent_10s_cycle) by extension 'ignore_ament_install'
[0.997s] Level 1:colcon.colcon_core.package_identification:_identify(experiment_logs/T1_intermittent_10s_cycle) by extensions ['colcon_pkg']
[0.997s] Level 1:colcon.colcon_core.package_identification:_identify(experiment_logs/T1_intermittent_10s_cycle) by extension 'colcon_pkg'
[0.997s] Level 1:colcon.colcon_core.package_identification:_identify(experiment_logs/T1_intermittent_10s_cycle) by extensions ['colcon_meta']
[0.997s] Level 1:colcon.colcon_core.package_identification:_identify(experiment_logs/T1_intermittent_10s_cycle) by extension 'colcon_meta'
[0.997s] Level 1:colcon.colcon_core.package_identification:_identify(experiment_logs/T1_intermittent_10s_cycle) by extensions ['ros']
[0.997s] Level 1:colcon.colcon_core.package_identification:_identify(experiment_logs/T1_intermittent_10s_cycle) by extension 'ros'
[0.997s] Level 1:colcon.colcon_core.package_identification:_identify(experiment_logs/T1_intermittent_10s_cycle) by extensions ['cmake', 'python']
[0.997s] Level 1:colcon.colcon_core.package_identification:_identify(experiment_logs/T1_intermittent_10s_cycle) by extension 'cmake'
[0.997s] Level 1:colcon.colcon_core.package_identification:_identify(experiment_logs/T1_intermittent_10s_cycle) by extension 'python'
[0.998s] Level 1:colcon.colcon_core.package_identification:_identify(experiment_logs/T1_intermittent_10s_cycle) by extensions ['python_setup_py']
[0.998s] Level 1:colcon.colcon_core.package_identification:_identify(experiment_logs/T1_intermittent_10s_cycle) by extension 'python_setup_py'
[0.998s] Level 1:colcon.colcon_core.package_identification:_identify(experiment_logs/T1_intermittent_10s_cycle/run_1) by extensions ['ignore', 'ignore_ament_install']
[0.998s] Level 1:colcon.colcon_core.package_identification:_identify(experiment_logs/T1_intermittent_10s_cycle/run_1) by extension 'ignore'
[0.998s] Level 1:colcon.colcon_core.package_identification:_identify(experiment_logs/T1_intermittent_10s_cycle/run_1) by extension 'ignore_ament_install'
[0.998s] Level 1:colcon.colcon_core.package_identification:_identify(experiment_logs/T1_intermittent_10s_cycle/run_1) by extensions ['colcon_pkg']
[0.998s] Level 1:colcon.colcon_core.package_identification:_identify(experiment_logs/T1_intermittent_10s_cycle/run_1) by extension 'colcon_pkg'
[0.998s] Level 1:colcon.colcon_core.package_identification:_identify(experiment_logs/T1_intermittent_10s_cycle/run_1) by extensions ['colcon_meta']
[0.998s] Level 1:colcon.colcon_core.package_identification:_identify(experiment_logs/T1_intermittent_10s_cycle/run_1) by extension 'colcon_meta'
[0.999s] Level 1:colcon.colcon_core.package_identification:_identify(experiment_logs/T1_intermittent_10s_cycle/run_1) by extensions ['ros']
[0.999s] Level 1:colcon.colcon_core.package_identification:_identify(experiment_logs/T1_intermittent_10s_cycle/run_1) by extension 'ros'
[0.999s] Level 1:colcon.colcon_core.package_identification:_identify(experiment_logs/T1_intermittent_10s_cycle/run_1) by extensions ['cmake', 'python']
[0.999s] Level 1:colcon.colcon_core.package_identification:_identify(experiment_logs/T1_intermittent_10s_cycle/run_1) by extension 'cmake'
[0.999s] Level 1:colcon.colcon_core.package_identification:_identify(experiment_logs/T1_intermittent_10s_cycle/run_1) by extension 'python'
[0.999s] Level 1:colcon.colcon_core.package_identification:_identify(experiment_logs/T1_intermittent_10s_cycle/run_1) by extensions ['python_setup_py']
[0.999s] Level 1:colcon.colcon_core.package_identification:_identify(experiment_logs/T1_intermittent_10s_cycle/run_1) by extension 'python_setup_py'
[0.999s] Level 1:colcon.colcon_core.package_identification:_identify(experiment_logs/T1_intermittent_10s_cycle/run_2) by extensions ['ignore', 'ignore_ament_install']
[0.999s] Level 1:colcon.colcon_core.package_identification:_identify(experiment_logs/T1_intermittent_10s_cycle/run_2) by extension 'ignore'
[1.000s] Level 1:colcon.colcon_core.package_identification:_identify(experiment_logs/T1_intermittent_10s_cycle/run_2) by extension 'ignore_ament_install'
[1.000s] Level 1:colcon.colcon_core.package_identification:_identify(experiment_logs/T1_intermittent_10s_cycle/run_2) by extensions ['colcon_pkg']
[1.000s] Level 1:colcon.colcon_core.package_identification:_identify(experiment_logs/T1_intermittent_10s_cycle/run_2) by extension 'colcon_pkg'
[1.000s] Level 1:colcon.colcon_core.package_identification:_identify(experiment_logs/T1_intermittent_10s_cycle/run_2) by extensions ['colcon_meta']
[1.000s] Level 1:colcon.colcon_core.package_identification:_identify(experiment_logs/T1_intermittent_10s_cycle/run_2) by extension 'colcon_meta'
[1.000s] Level 1:colcon.colcon_core.package_identification:_identify(experiment_logs/T1_intermittent_10s_cycle/run_2) by extensions ['ros']
[1.000s] Level 1:colcon.colcon_core.package_identification:_identify(experiment_logs/T1_intermittent_10s_cycle/run_2) by extension 'ros'
[1.000s] Level 1:colcon.colcon_core.package_identification:_identify(experiment_logs/T1_intermittent_10s_cycle/run_2) by extensions ['cmake', 'python']
[1.000s] Level 1:colcon.colcon_core.package_identification:_identify(experiment_logs/T1_intermittent_10s_cycle/run_2) by extension 'cmake'
[1.000s] Level 1:colcon.colcon_core.package_identification:_identify(experiment_logs/T1_intermittent_10s_cycle/run_2) by extension 'python'
[1.000s] Level 1:colcon.colcon_core.package_identification:_identify(experiment_logs/T1_intermittent_10s_cycle/run_2) by extensions ['python_setup_py']
[1.001s] Level 1:colcon.colcon_core.package_identification:_identify(experiment_logs/T1_intermittent_10s_cycle/run_2) by extension 'python_setup_py'
[1.001s] Level 1:colcon.colcon_core.package_identification:_identify(experiment_logs/T1_intermittent_10s_cycle/run_3) by extensions ['ignore', 'ignore_ament_install']
[1.001s] Level 1:colcon.colcon_core.package_identification:_identify(experiment_logs/T1_intermittent_10s_cycle/run_3) by extension 'ignore'
[1.001s] Level 1:colcon.colcon_core.package_identification:_identify(experiment_logs/T1_intermittent_10s_cycle/run_3) by extension 'ignore_ament_install'
[1.001s] Level 1:colcon.colcon_core.package_identification:_identify(experiment_logs/T1_intermittent_10s_cycle/run_3) by extensions ['colcon_pkg']
[1.001s] Level 1:colcon.colcon_core.package_identification:_identify(experiment_logs/T1_intermittent_10s_cycle/run_3) by extension 'colcon_pkg'
[1.001s] Level 1:colcon.colcon_core.package_identification:_identify(experiment_logs/T1_intermittent_10s_cycle/run_3) by extensions ['colcon_meta']
[1.001s] Level 1:colcon.colcon_core.package_identification:_identify(experiment_logs/T1_intermittent_10s_cycle/run_3) by extension 'colcon_meta'
[1.001s] Level 1:colcon.colcon_core.package_identification:_identify(experiment_logs/T1_intermittent_10s_cycle/run_3) by extensions ['ros']
[1.002s] Level 1:colcon.colcon_core.package_identification:_identify(experiment_logs/T1_intermittent_10s_cycle/run_3) by extension 'ros'
[1.002s] Level 1:colcon.colcon_core.package_identification:_identify(experiment_logs/T1_intermittent_10s_cycle/run_3) by extensions ['cmake', 'python']
[1.002s] Level 1:colcon.colcon_core.package_identification:_identify(experiment_logs/T1_intermittent_10s_cycle/run_3) by extension 'cmake'
[1.002s] Level 1:colcon.colcon_core.package_identification:_identify(experiment_logs/T1_intermittent_10s_cycle/run_3) by extension 'python'
[1.002s] Level 1:colcon.colcon_core.package_identification:_identify(experiment_logs/T1_intermittent_10s_cycle/run_3) by extensions ['python_setup_py']
[1.002s] Level 1:colcon.colcon_core.package_identification:_identify(experiment_logs/T1_intermittent_10s_cycle/run_3) by extension 'python_setup_py'
[1.002s] Level 1:colcon.colcon_core.package_identification:_identify(experiment_logs/T2_intermittent_3s_cycle) by extensions ['ignore', 'ignore_ament_install']
[1.002s] Level 1:colcon.colcon_core.package_identification:_identify(experiment_logs/T2_intermittent_3s_cycle) by extension 'ignore'
[1.002s] Level 1:colcon.colcon_core.package_identification:_identify(experiment_logs/T2_intermittent_3s_cycle) by extension 'ignore_ament_install'
[1.003s] Level 1:colcon.colcon_core.package_identification:_identify(experiment_logs/T2_intermittent_3s_cycle) by extensions ['colcon_pkg']
[1.003s] Level 1:colcon.colcon_core.package_identification:_identify(experiment_logs/T2_intermittent_3s_cycle) by extension 'colcon_pkg'
[1.003s] Level 1:colcon.colcon_core.package_identification:_identify(experiment_logs/T2_intermittent_3s_cycle) by extensions ['colcon_meta']
[1.003s] Level 1:colcon.colcon_core.package_identification:_identify(experiment_logs/T2_intermittent_3s_cycle) by extension 'colcon_meta'
[1.003s] Level 1:colcon.colcon_core.package_identification:_identify(experiment_logs/T2_intermittent_3s_cycle) by extensions ['ros']
[1.003s] Level 1:colcon.colcon_core.package_identification:_identify(experiment_logs/T2_intermittent_3s_cycle) by extension 'ros'
[1.003s] Level 1:colcon.colcon_core.package_identification:_identify(experiment_logs/T2_intermittent_3s_cycle) by extensions ['cmake', 'python']
[1.003s] Level 1:colcon.colcon_core.package_identification:_identify(experiment_logs/T2_intermittent_3s_cycle) by extension 'cmake'
[1.003s] Level 1:colcon.colcon_core.package_identification:_identify(experiment_logs/T2_intermittent_3s_cycle) by extension 'python'
[1.003s] Level 1:colcon.colcon_core.package_identification:_identify(experiment_logs/T2_intermittent_3s_cycle) by extensions ['python_setup_py']
[1.003s] Level 1:colcon.colcon_core.package_identification:_identify(experiment_logs/T2_intermittent_3s_cycle) by extension 'python_setup_py'
[1.003s] Level 1:colcon.colcon_core.package_identification:_identify(experiment_logs/T2_intermittent_3s_cycle/run_1) by extensions ['ignore', 'ignore_ament_install']
[1.003s] Level 1:colcon.colcon_core.package_identification:_identify(experiment_logs/T2_intermittent_3s_cycle/run_1) by extension 'ignore'
[1.004s] Level 1:colcon.colcon_core.package_identification:_identify(experiment_logs/T2_intermittent_3s_cycle/run_1) by extension 'ignore_ament_install'
[1.004s] Level 1:colcon.colcon_core.package_identification:_identify(experiment_logs/T2_intermittent_3s_cycle/run_1) by extensions ['colcon_pkg']
[1.004s] Level 1:colcon.colcon_core.package_identification:_identify(experiment_logs/T2_intermittent_3s_cycle/run_1) by extension 'colcon_pkg'
[1.004s] Level 1:colcon.colcon_core.package_identification:_identify(experiment_logs/T2_intermittent_3s_cycle/run_1) by extensions ['colcon_meta']
[1.004s] Level 1:colcon.colcon_core.package_identification:_identify(experiment_logs/T2_intermittent_3s_cycle/run_1) by extension 'colcon_meta'
[1.004s] Level 1:colcon.colcon_core.package_identification:_identify(experiment_logs/T2_intermittent_3s_cycle/run_1) by extensions ['ros']
[1.004s] Level 1:colcon.colcon_core.package_identification:_identify(experiment_logs/T2_intermittent_3s_cycle/run_1) by extension 'ros'
[1.004s] Level 1:colcon.colcon_core.package_identification:_identify(experiment_logs/T2_intermittent_3s_cycle/run_1) by extensions ['cmake', 'python']
[1.004s] Level 1:colcon.colcon_core.package_identification:_identify(experiment_logs/T2_intermittent_3s_cycle/run_1) by extension 'cmake'
[1.004s] Level 1:colcon.colcon_core.package_identification:_identify(experiment_logs/T2_intermittent_3s_cycle/run_1) by extension 'python'
[1.004s] Level 1:colcon.colcon_core.package_identification:_identify(experiment_logs/T2_intermittent_3s_cycle/run_1) by extensions ['python_setup_py']
[1.004s] Level 1:colcon.colcon_core.package_identification:_identify(experiment_logs/T2_intermittent_3s_cycle/run_1) by extension 'python_setup_py'
[1.005s] Level 1:colcon.colcon_core.package_identification:_identify(experiment_logs/T2_intermittent_3s_cycle/run_2) by extensions ['ignore', 'ignore_ament_install']
[1.005s] Level 1:colcon.colcon_core.package_identification:_identify(experiment_logs/T2_intermittent_3s_cycle/run_2) by extension 'ignore'
[1.005s] Level 1:colcon.colcon_core.package_identification:_identify(experiment_logs/T2_intermittent_3s_cycle/run_2) by extension 'ignore_ament_install'
[1.005s] Level 1:colcon.colcon_core.package_identification:_identify(experiment_logs/T2_intermittent_3s_cycle/run_2) by extensions ['colcon_pkg']
[1.005s] Level 1:colcon.colcon_core.package_identification:_identify(experiment_logs/T2_intermittent_3s_cycle/run_2) by extension 'colcon_pkg'
[1.005s] Level 1:colcon.colcon_core.package_identification:_identify(experiment_logs/T2_intermittent_3s_cycle/run_2) by extensions ['colcon_meta']
[1.005s] Level 1:colcon.colcon_core.package_identification:_identify(experiment_logs/T2_intermittent_3s_cycle/run_2) by extension 'colcon_meta'
[1.005s] Level 1:colcon.colcon_core.package_identification:_identify(experiment_logs/T2_intermittent_3s_cycle/run_2) by extensions ['ros']
[1.005s] Level 1:colcon.colcon_core.package_identification:_identify(experiment_logs/T2_intermittent_3s_cycle/run_2) by extension 'ros'
[1.006s] Level 1:colcon.colcon_core.package_identification:_identify(experiment_logs/T2_intermittent_3s_cycle/run_2) by extensions ['cmake', 'python']
[1.006s] Level 1:colcon.colcon_core.package_identification:_identify(experiment_logs/T2_intermittent_3s_cycle/run_2) by extension 'cmake'
[1.006s] Level 1:colcon.colcon_core.package_identification:_identify(experiment_logs/T2_intermittent_3s_cycle/run_2) by extension 'python'
[1.006s] Level 1:colcon.colcon_core.package_identification:_identify(experiment_logs/T2_intermittent_3s_cycle/run_2) by extensions ['python_setup_py']
[1.006s] Level 1:colcon.colcon_core.package_identification:_identify(experiment_logs/T2_intermittent_3s_cycle/run_2) by extension 'python_setup_py'
[1.006s] Level 1:colcon.colcon_core.package_identification:_identify(experiment_logs/T2_intermittent_3s_cycle/run_3) by extensions ['ignore', 'ignore_ament_install']
[1.006s] Level 1:colcon.colcon_core.package_identification:_identify(experiment_logs/T2_intermittent_3s_cycle/run_3) by extension 'ignore'
[1.006s] Level 1:colcon.colcon_core.package_identification:_identify(experiment_logs/T2_intermittent_3s_cycle/run_3) by extension 'ignore_ament_install'
[1.007s] Level 1:colcon.colcon_core.package_identification:_identify(experiment_logs/T2_intermittent_3s_cycle/run_3) by extensions ['colcon_pkg']
[1.007s] Level 1:colcon.colcon_core.package_identification:_identify(experiment_logs/T2_intermittent_3s_cycle/run_3) by extension 'colcon_pkg'
[1.007s] Level 1:colcon.colcon_core.package_identification:_identify(experiment_logs/T2_intermittent_3s_cycle/run_3) by extensions ['colcon_meta']
[1.007s] Level 1:colcon.colcon_core.package_identification:_identify(experiment_logs/T2_intermittent_3s_cycle/run_3) by extension 'colcon_meta'
[1.007s] Level 1:colcon.colcon_core.package_identification:_identify(experiment_logs/T2_intermittent_3s_cycle/run_3) by extensions ['ros']
[1.007s] Level 1:colcon.colcon_core.package_identification:_identify(experiment_logs/T2_intermittent_3s_cycle/run_3) by extension 'ros'
[1.007s] Level 1:colcon.colcon_core.package_identification:_identify(experiment_logs/T2_intermittent_3s_cycle/run_3) by extensions ['cmake', 'python']
[1.007s] Level 1:colcon.colcon_core.package_identification:_identify(experiment_logs/T2_intermittent_3s_cycle/run_3) by extension 'cmake'
[1.007s] Level 1:colcon.colcon_core.package_identification:_identify(experiment_logs/T2_intermittent_3s_cycle/run_3) by extension 'python'
[1.007s] Level 1:colcon.colcon_core.package_identification:_identify(experiment_logs/T2_intermittent_3s_cycle/run_3) by extensions ['python_setup_py']
[1.007s] Level 1:colcon.colcon_core.package_identification:_identify(experiment_logs/T2_intermittent_3s_cycle/run_3) by extension 'python_setup_py'
[1.008s] Level 1:colcon.colcon_core.package_identification:_identify(experiment_logs/T3_intermittent_asymmetric) by extensions ['ignore', 'ignore_ament_install']
[1.008s] Level 1:colcon.colcon_core.package_identification:_identify(experiment_logs/T3_intermittent_asymmetric) by extension 'ignore'
[1.008s] Level 1:colcon.colcon_core.package_identification:_identify(experiment_logs/T3_intermittent_asymmetric) by extension 'ignore_ament_install'
[1.008s] Level 1:colcon.colcon_core.package_identification:_identify(experiment_logs/T3_intermittent_asymmetric) by extensions ['colcon_pkg']
[1.008s] Level 1:colcon.colcon_core.package_identification:_identify(experiment_logs/T3_intermittent_asymmetric) by extension 'colcon_pkg'
[1.008s] Level 1:colcon.colcon_core.package_identification:_identify(experiment_logs/T3_intermittent_asymmetric) by extensions ['colcon_meta']
[1.008s] Level 1:colcon.colcon_core.package_identification:_identify(experiment_logs/T3_intermittent_asymmetric) by extension 'colcon_meta'
[1.008s] Level 1:colcon.colcon_core.package_identification:_identify(experiment_logs/T3_intermittent_asymmetric) by extensions ['ros']
[1.008s] Level 1:colcon.colcon_core.package_identification:_identify(experiment_logs/T3_intermittent_asymmetric) by extension 'ros'
[1.008s] Level 1:colcon.colcon_core.package_identification:_identify(experiment_logs/T3_intermittent_asymmetric) by extensions ['cmake', 'python']
[1.009s] Level 1:colcon.colcon_core.package_identification:_identify(experiment_logs/T3_intermittent_asymmetric) by extension 'cmake'
[1.009s] Level 1:colcon.colcon_core.package_identification:_identify(experiment_logs/T3_intermittent_asymmetric) by extension 'python'
[1.009s] Level 1:colcon.colcon_core.package_identification:_identify(experiment_logs/T3_intermittent_asymmetric) by extensions ['python_setup_py']
[1.009s] Level 1:colcon.colcon_core.package_identification:_identify(experiment_logs/T3_intermittent_asymmetric) by extension 'python_setup_py'
[1.009s] Level 1:colcon.colcon_core.package_identification:_identify(experiment_logs/T3_intermittent_asymmetric/run_1) by extensions ['ignore', 'ignore_ament_install']
[1.009s] Level 1:colcon.colcon_core.package_identification:_identify(experiment_logs/T3_intermittent_asymmetric/run_1) by extension 'ignore'
[1.009s] Level 1:colcon.colcon_core.package_identification:_identify(experiment_logs/T3_intermittent_asymmetric/run_1) by extension 'ignore_ament_install'
[1.009s] Level 1:colcon.colcon_core.package_identification:_identify(experiment_logs/T3_intermittent_asymmetric/run_1) by extensions ['colcon_pkg']
[1.010s] Level 1:colcon.colcon_core.package_identification:_identify(experiment_logs/T3_intermittent_asymmetric/run_1) by extension 'colcon_pkg'
[1.010s] Level 1:colcon.colcon_core.package_identification:_identify(experiment_logs/T3_intermittent_asymmetric/run_1) by extensions ['colcon_meta']
[1.010s] Level 1:colcon.colcon_core.package_identification:_identify(experiment_logs/T3_intermittent_asymmetric/run_1) by extension 'colcon_meta'
[1.010s] Level 1:colcon.colcon_core.package_identification:_identify(experiment_logs/T3_intermittent_asymmetric/run_1) by extensions ['ros']
[1.010s] Level 1:colcon.colcon_core.package_identification:_identify(experiment_logs/T3_intermittent_asymmetric/run_1) by extension 'ros'
[1.010s] Level 1:colcon.colcon_core.package_identification:_identify(experiment_logs/T3_intermittent_asymmetric/run_1) by extensions ['cmake', 'python']
[1.010s] Level 1:colcon.colcon_core.package_identification:_identify(experiment_logs/T3_intermittent_asymmetric/run_1) by extension 'cmake'
[1.010s] Level 1:colcon.colcon_core.package_identification:_identify(experiment_logs/T3_intermittent_asymmetric/run_1) by extension 'python'
[1.010s] Level 1:colcon.colcon_core.package_identification:_identify(experiment_logs/T3_intermittent_asymmetric/run_1) by extensions ['python_setup_py']
[1.010s] Level 1:colcon.colcon_core.package_identification:_identify(experiment_logs/T3_intermittent_asymmetric/run_1) by extension 'python_setup_py'
[1.010s] Level 1:colcon.colcon_core.package_identification:_identify(experiment_logs/T3_intermittent_asymmetric/run_2) by extensions ['ignore', 'ignore_ament_install']
[1.011s] Level 1:colcon.colcon_core.package_identification:_identify(experiment_logs/T3_intermittent_asymmetric/run_2) by extension 'ignore'
[1.011s] Level 1:colcon.colcon_core.package_identification:_identify(experiment_logs/T3_intermittent_asymmetric/run_2) by extension 'ignore_ament_install'
[1.011s] Level 1:colcon.colcon_core.package_identification:_identify(experiment_logs/T3_intermittent_asymmetric/run_2) by extensions ['colcon_pkg']
[1.011s] Level 1:colcon.colcon_core.package_identification:_identify(experiment_logs/T3_intermittent_asymmetric/run_2) by extension 'colcon_pkg'
[1.011s] Level 1:colcon.colcon_core.package_identification:_identify(experiment_logs/T3_intermittent_asymmetric/run_2) by extensions ['colcon_meta']
[1.011s] Level 1:colcon.colcon_core.package_identification:_identify(experiment_logs/T3_intermittent_asymmetric/run_2) by extension 'colcon_meta'
[1.011s] Level 1:colcon.colcon_core.package_identification:_identify(experiment_logs/T3_intermittent_asymmetric/run_2) by extensions ['ros']
[1.011s] Level 1:colcon.colcon_core.package_identification:_identify(experiment_logs/T3_intermittent_asymmetric/run_2) by extension 'ros'
[1.011s] Level 1:colcon.colcon_core.package_identification:_identify(experiment_logs/T3_intermittent_asymmetric/run_2) by extensions ['cmake', 'python']
[1.011s] Level 1:colcon.colcon_core.package_identification:_identify(experiment_logs/T3_intermittent_asymmetric/run_2) by extension 'cmake'
[1.012s] Level 1:colcon.colcon_core.package_identification:_identify(experiment_logs/T3_intermittent_asymmetric/run_2) by extension 'python'
[1.012s] Level 1:colcon.colcon_core.package_identification:_identify(experiment_logs/T3_intermittent_asymmetric/run_2) by extensions ['python_setup_py']
[1.012s] Level 1:colcon.colcon_core.package_identification:_identify(experiment_logs/T3_intermittent_asymmetric/run_2) by extension 'python_setup_py'
[1.012s] Level 1:colcon.colcon_core.package_identification:_identify(experiment_logs/T3_intermittent_asymmetric/run_3) by extensions ['ignore', 'ignore_ament_install']
[1.012s] Level 1:colcon.colcon_core.package_identification:_identify(experiment_logs/T3_intermittent_asymmetric/run_3) by extension 'ignore'
[1.012s] Level 1:colcon.colcon_core.package_identification:_identify(experiment_logs/T3_intermittent_asymmetric/run_3) by extension 'ignore_ament_install'
[1.012s] Level 1:colcon.colcon_core.package_identification:_identify(experiment_logs/T3_intermittent_asymmetric/run_3) by extensions ['colcon_pkg']
[1.012s] Level 1:colcon.colcon_core.package_identification:_identify(experiment_logs/T3_intermittent_asymmetric/run_3) by extension 'colcon_pkg'
[1.012s] Level 1:colcon.colcon_core.package_identification:_identify(experiment_logs/T3_intermittent_asymmetric/run_3) by extensions ['colcon_meta']
[1.012s] Level 1:colcon.colcon_core.package_identification:_identify(experiment_logs/T3_intermittent_asymmetric/run_3) by extension 'colcon_meta'
[1.013s] Level 1:colcon.colcon_core.package_identification:_identify(experiment_logs/T3_intermittent_asymmetric/run_3) by extensions ['ros']
[1.013s] Level 1:colcon.colcon_core.package_identification:_identify(experiment_logs/T3_intermittent_asymmetric/run_3) by extension 'ros'
[1.013s] Level 1:colcon.colcon_core.package_identification:_identify(experiment_logs/T3_intermittent_asymmetric/run_3) by extensions ['cmake', 'python']
[1.013s] Level 1:colcon.colcon_core.package_identification:_identify(experiment_logs/T3_intermittent_asymmetric/run_3) by extension 'cmake'
[1.013s] Level 1:colcon.colcon_core.package_identification:_identify(experiment_logs/T3_intermittent_asymmetric/run_3) by extension 'python'
[1.013s] Level 1:colcon.colcon_core.package_identification:_identify(experiment_logs/T3_intermittent_asymmetric/run_3) by extensions ['python_setup_py']
[1.013s] Level 1:colcon.colcon_core.package_identification:_identify(experiment_logs/T3_intermittent_asymmetric/run_3) by extension 'python_setup_py'
[1.013s] Level 1:colcon.colcon_core.package_identification:_identify(install) by extensions ['ignore', 'ignore_ament_install']
[1.014s] Level 1:colcon.colcon_core.package_identification:_identify(install) by extension 'ignore'
[1.014s] Level 1:colcon.colcon_core.package_identification:_identify(install) ignored
[1.014s] Level 1:colcon.colcon_core.package_identification:_identify(log) by extensions ['ignore', 'ignore_ament_install']
[1.014s] Level 1:colcon.colcon_core.package_identification:_identify(log) by extension 'ignore'
[1.014s] Level 1:colcon.colcon_core.package_identification:_identify(log) ignored
[1.014s] Level 1:colcon.colcon_core.package_identification:_identify(src) by extensions ['ignore', 'ignore_ament_install']
[1.014s] Level 1:colcon.colcon_core.package_identification:_identify(src) by extension 'ignore'
[1.015s] Level 1:colcon.colcon_core.package_identification:_identify(src) by extension 'ignore_ament_install'
[1.015s] Level 1:colcon.colcon_core.package_identification:_identify(src) by extensions ['colcon_pkg']
[1.015s] Level 1:colcon.colcon_core.package_identification:_identify(src) by extension 'colcon_pkg'
[1.015s] Level 1:colcon.colcon_core.package_identification:_identify(src) by extensions ['colcon_meta']
[1.015s] Level 1:colcon.colcon_core.package_identification:_identify(src) by extension 'colcon_meta'
[1.015s] Level 1:colcon.colcon_core.package_identification:_identify(src) by extensions ['ros']
[1.015s] Level 1:colcon.colcon_core.package_identification:_identify(src) by extension 'ros'
[1.015s] Level 1:colcon.colcon_core.package_identification:_identify(src) by extensions ['cmake', 'python']
[1.015s] Level 1:colcon.colcon_core.package_identification:_identify(src) by extension 'cmake'
[1.015s] Level 1:colcon.colcon_core.package_identification:_identify(src) by extension 'python'
[1.015s] Level 1:colcon.colcon_core.package_identification:_identify(src) by extensions ['python_setup_py']
[1.016s] Level 1:colcon.colcon_core.package_identification:_identify(src) by extension 'python_setup_py'
[1.016s] Level 1:colcon.colcon_core.package_identification:_identify(src/central_swarm_control) by extensions ['ignore', 'ignore_ament_install']
[1.016s] Level 1:colcon.colcon_core.package_identification:_identify(src/central_swarm_control) by extension 'ignore'
[1.016s] Level 1:colcon.colcon_core.package_identification:_identify(src/central_swarm_control) by extension 'ignore_ament_install'
[1.016s] Level 1:colcon.colcon_core.package_identification:_identify(src/central_swarm_control) by extensions ['colcon_pkg']
[1.016s] Level 1:colcon.colcon_core.package_identification:_identify(src/central_swarm_control) by extension 'colcon_pkg'
[1.016s] Level 1:colcon.colcon_core.package_identification:_identify(src/central_swarm_control) by extensions ['colcon_meta']
[1.016s] Level 1:colcon.colcon_core.package_identification:_identify(src/central_swarm_control) by extension 'colcon_meta'
[1.016s] Level 1:colcon.colcon_core.package_identification:_identify(src/central_swarm_control) by extensions ['ros']
[1.017s] Level 1:colcon.colcon_core.package_identification:_identify(src/central_swarm_control) by extension 'ros'
[1.022s] DEBUG:colcon.colcon_core.package_identification:Package 'src/central_swarm_control' with type 'ros.ament_python' and name 'central_swarm_control'
[1.022s] Level 1:colcon.colcon_core.package_identification:_identify(src/crazyswarm2) by extensions ['ignore', 'ignore_ament_install']
[1.022s] Level 1:colcon.colcon_core.package_identification:_identify(src/crazyswarm2) by extension 'ignore'
[1.023s] Level 1:colcon.colcon_core.package_identification:_identify(src/crazyswarm2) by extension 'ignore_ament_install'
[1.023s] Level 1:colcon.colcon_core.package_identification:_identify(src/crazyswarm2) by extensions ['colcon_pkg']
[1.023s] Level 1:colcon.colcon_core.package_identification:_identify(src/crazyswarm2) by extension 'colcon_pkg'
[1.023s] Level 1:colcon.colcon_core.package_identification:_identify(src/crazyswarm2) by extensions ['colcon_meta']
[1.023s] Level 1:colcon.colcon_core.package_identification:_identify(src/crazyswarm2) by extension 'colcon_meta'
[1.023s] Level 1:colcon.colcon_core.package_identification:_identify(src/crazyswarm2) by extensions ['ros']
[1.023s] Level 1:colcon.colcon_core.package_identification:_identify(src/crazyswarm2) by extension 'ros'
[1.023s] Level 1:colcon.colcon_core.package_identification:_identify(src/crazyswarm2) by extensions ['cmake', 'python']
[1.023s] Level 1:colcon.colcon_core.package_identification:_identify(src/crazyswarm2) by extension 'cmake'
[1.023s] Level 1:colcon.colcon_core.package_identification:_identify(src/crazyswarm2) by extension 'python'
[1.024s] Level 1:colcon.colcon_core.package_identification:_identify(src/crazyswarm2) by extensions ['python_setup_py']
[1.024s] Level 1:colcon.colcon_core.package_identification:_identify(src/crazyswarm2) by extension 'python_setup_py'
[1.024s] Level 1:colcon.colcon_core.package_identification:_identify(src/crazyswarm2/crazyflie) by extensions ['ignore', 'ignore_ament_install']
[1.024s] Level 1:colcon.colcon_core.package_identification:_identify(src/crazyswarm2/crazyflie) by extension 'ignore'
[1.024s] Level 1:colcon.colcon_core.package_identification:_identify(src/crazyswarm2/crazyflie) by extension 'ignore_ament_install'
[1.024s] Level 1:colcon.colcon_core.package_identification:_identify(src/crazyswarm2/crazyflie) by extensions ['colcon_pkg']
[1.024s] Level 1:colcon.colcon_core.package_identification:_identify(src/crazyswarm2/crazyflie) by extension 'colcon_pkg'
[1.024s] Level 1:colcon.colcon_core.package_identification:_identify(src/crazyswarm2/crazyflie) by extensions ['colcon_meta']
[1.024s] Level 1:colcon.colcon_core.package_identification:_identify(src/crazyswarm2/crazyflie) by extension 'colcon_meta'
[1.025s] Level 1:colcon.colcon_core.package_identification:_identify(src/crazyswarm2/crazyflie) by extensions ['ros']
[1.025s] Level 1:colcon.colcon_core.package_identification:_identify(src/crazyswarm2/crazyflie) by extension 'ros'
[1.028s] DEBUG:colcon.colcon_core.package_identification:Package 'src/crazyswarm2/crazyflie' with type 'ros.ament_cmake' and name 'crazyflie'
[1.028s] Level 1:colcon.colcon_core.package_identification:_identify(src/crazyswarm2/crazyflie_examples) by extensions ['ignore', 'ignore_ament_install']
[1.028s] Level 1:colcon.colcon_core.package_identification:_identify(src/crazyswarm2/crazyflie_examples) by extension 'ignore'
[1.028s] Level 1:colcon.colcon_core.package_identification:_identify(src/crazyswarm2/crazyflie_examples) by extension 'ignore_ament_install'
[1.028s] Level 1:colcon.colcon_core.package_identification:_identify(src/crazyswarm2/crazyflie_examples) by extensions ['colcon_pkg']
[1.028s] Level 1:colcon.colcon_core.package_identification:_identify(src/crazyswarm2/crazyflie_examples) by extension 'colcon_pkg'
[1.028s] Level 1:colcon.colcon_core.package_identification:_identify(src/crazyswarm2/crazyflie_examples) by extensions ['colcon_meta']
[1.029s] Level 1:colcon.colcon_core.package_identification:_identify(src/crazyswarm2/crazyflie_examples) by extension 'colcon_meta'
[1.029s] Level 1:colcon.colcon_core.package_identification:_identify(src/crazyswarm2/crazyflie_examples) by extensions ['ros']
[1.029s] Level 1:colcon.colcon_core.package_identification:_identify(src/crazyswarm2/crazyflie_examples) by extension 'ros'
[1.030s] DEBUG:colcon.colcon_core.package_identification:Package 'src/crazyswarm2/crazyflie_examples' with type 'ros.ament_cmake' and name 'crazyflie_examples'
[1.031s] Level 1:colcon.colcon_core.package_identification:_identify(src/crazyswarm2/crazyflie_interfaces) by extensions ['ignore', 'ignore_ament_install']
[1.031s] Level 1:colcon.colcon_core.package_identification:_identify(src/crazyswarm2/crazyflie_interfaces) by extension 'ignore'
[1.031s] Level 1:colcon.colcon_core.package_identification:_identify(src/crazyswarm2/crazyflie_interfaces) by extension 'ignore_ament_install'
[1.031s] Level 1:colcon.colcon_core.package_identification:_identify(src/crazyswarm2/crazyflie_interfaces) by extensions ['colcon_pkg']
[1.031s] Level 1:colcon.colcon_core.package_identification:_identify(src/crazyswarm2/crazyflie_interfaces) by extension 'colcon_pkg'
[1.031s] Level 1:colcon.colcon_core.package_identification:_identify(src/crazyswarm2/crazyflie_interfaces) by extensions ['colcon_meta']
[1.031s] Level 1:colcon.colcon_core.package_identification:_identify(src/crazyswarm2/crazyflie_interfaces) by extension 'colcon_meta'
[1.031s] Level 1:colcon.colcon_core.package_identification:_identify(src/crazyswarm2/crazyflie_interfaces) by extensions ['ros']
[1.031s] Level 1:colcon.colcon_core.package_identification:_identify(src/crazyswarm2/crazyflie_interfaces) by extension 'ros'
[1.033s] DEBUG:colcon.colcon_core.package_identification:Package 'src/crazyswarm2/crazyflie_interfaces' with type 'ros.ament_cmake' and name 'crazyflie_interfaces'
[1.033s] Level 1:colcon.colcon_core.package_identification:_identify(src/crazyswarm2/crazyflie_py) by extensions ['ignore', 'ignore_ament_install']
[1.033s] Level 1:colcon.colcon_core.package_identification:_identify(src/crazyswarm2/crazyflie_py) by extension 'ignore'
[1.034s] Level 1:colcon.colcon_core.package_identification:_identify(src/crazyswarm2/crazyflie_py) by extension 'ignore_ament_install'
[1.034s] Level 1:colcon.colcon_core.package_identification:_identify(src/crazyswarm2/crazyflie_py) by extensions ['colcon_pkg']
[1.034s] Level 1:colcon.colcon_core.package_identification:_identify(src/crazyswarm2/crazyflie_py) by extension 'colcon_pkg'
[1.034s] Level 1:colcon.colcon_core.package_identification:_identify(src/crazyswarm2/crazyflie_py) by extensions ['colcon_meta']
[1.035s] Level 1:colcon.colcon_core.package_identification:_identify(src/crazyswarm2/crazyflie_py) by extension 'colcon_meta'
[1.035s] Level 1:colcon.colcon_core.package_identification:_identify(src/crazyswarm2/crazyflie_py) by extensions ['ros']
[1.035s] Level 1:colcon.colcon_core.package_identification:_identify(src/crazyswarm2/crazyflie_py) by extension 'ros'
[1.037s] DEBUG:colcon.colcon_core.package_identification:Package 'src/crazyswarm2/crazyflie_py' with type 'ros.ament_python' and name 'crazyflie_py'
[1.038s] Level 1:colcon.colcon_core.package_identification:_identify(src/crazyswarm2/crazyflie_sim) by extensions ['ignore', 'ignore_ament_install']
[1.038s] Level 1:colcon.colcon_core.package_identification:_identify(src/crazyswarm2/crazyflie_sim) by extension 'ignore'
[1.039s] Level 1:colcon.colcon_core.package_identification:_identify(src/crazyswarm2/crazyflie_sim) by extension 'ignore_ament_install'
[1.039s] Level 1:colcon.colcon_core.package_identification:_identify(src/crazyswarm2/crazyflie_sim) by extensions ['colcon_pkg']
[1.039s] Level 1:colcon.colcon_core.package_identification:_identify(src/crazyswarm2/crazyflie_sim) by extension 'colcon_pkg'
[1.040s] Level 1:colcon.colcon_core.package_identification:_identify(src/crazyswarm2/crazyflie_sim) by extensions ['colcon_meta']
[1.040s] Level 1:colcon.colcon_core.package_identification:_identify(src/crazyswarm2/crazyflie_sim) by extension 'colcon_meta'
[1.040s] Level 1:colcon.colcon_core.package_identification:_identify(src/crazyswarm2/crazyflie_sim) by extensions ['ros']
[1.040s] Level 1:colcon.colcon_core.package_identification:_identify(src/crazyswarm2/crazyflie_sim) by extension 'ros'
[1.044s] DEBUG:colcon.colcon_core.package_identification:Package 'src/crazyswarm2/crazyflie_sim' with type 'ros.ament_cmake' and name 'crazyflie_sim'
[1.045s] Level 1:colcon.colcon_core.package_identification:_identify(src/crazyswarm2/docs) by extensions ['ignore', 'ignore_ament_install']
[1.046s] Level 1:colcon.colcon_core.package_identification:_identify(src/crazyswarm2/docs) by extension 'ignore'
[1.047s] Level 1:colcon.colcon_core.package_identification:_identify(src/crazyswarm2/docs) by extension 'ignore_ament_install'
[1.047s] Level 1:colcon.colcon_core.package_identification:_identify(src/crazyswarm2/docs) by extensions ['colcon_pkg']
[1.047s] Level 1:colcon.colcon_core.package_identification:_identify(src/crazyswarm2/docs) by extension 'colcon_pkg'
[1.048s] Level 1:colcon.colcon_core.package_identification:_identify(src/crazyswarm2/docs) by extensions ['colcon_meta']
[1.048s] Level 1:colcon.colcon_core.package_identification:_identify(src/crazyswarm2/docs) by extension 'colcon_meta'
[1.048s] Level 1:colcon.colcon_core.package_identification:_identify(src/crazyswarm2/docs) by extensions ['ros']
[1.048s] Level 1:colcon.colcon_core.package_identification:_identify(src/crazyswarm2/docs) by extension 'ros'
[1.049s] Level 1:colcon.colcon_core.package_identification:_identify(src/crazyswarm2/docs) by extensions ['cmake', 'python']
[1.049s] Level 1:colcon.colcon_core.package_identification:_identify(src/crazyswarm2/docs) by extension 'cmake'
[1.049s] Level 1:colcon.colcon_core.package_identification:_identify(src/crazyswarm2/docs) by extension 'python'
[1.049s] Level 1:colcon.colcon_core.package_identification:_identify(src/crazyswarm2/docs) by extensions ['python_setup_py']
[1.050s] Level 1:colcon.colcon_core.package_identification:_identify(src/crazyswarm2/docs) by extension 'python_setup_py'
[1.050s] Level 1:colcon.colcon_core.package_identification:_identify(src/crazyswarm2/docs/generated) by extensions ['ignore', 'ignore_ament_install']
[1.050s] Level 1:colcon.colcon_core.package_identification:_identify(src/crazyswarm2/docs/generated) by extension 'ignore'
[1.050s] Level 1:colcon.colcon_core.package_identification:_identify(src/crazyswarm2/docs/generated) by extension 'ignore_ament_install'
[1.050s] Level 1:colcon.colcon_core.package_identification:_identify(src/crazyswarm2/docs/generated) by extensions ['colcon_pkg']
[1.050s] Level 1:colcon.colcon_core.package_identification:_identify(src/crazyswarm2/docs/generated) by extension 'colcon_pkg'
[1.050s] Level 1:colcon.colcon_core.package_identification:_identify(src/crazyswarm2/docs/generated) by extensions ['colcon_meta']
[1.051s] Level 1:colcon.colcon_core.package_identification:_identify(src/crazyswarm2/docs/generated) by extension 'colcon_meta'
[1.051s] Level 1:colcon.colcon_core.package_identification:_identify(src/crazyswarm2/docs/generated) by extensions ['ros']
[1.051s] Level 1:colcon.colcon_core.package_identification:_identify(src/crazyswarm2/docs/generated) by extension 'ros'
[1.051s] Level 1:colcon.colcon_core.package_identification:_identify(src/crazyswarm2/docs/generated) by extensions ['cmake', 'python']
[1.051s] Level 1:colcon.colcon_core.package_identification:_identify(src/crazyswarm2/docs/generated) by extension 'cmake'
[1.051s] Level 1:colcon.colcon_core.package_identification:_identify(src/crazyswarm2/docs/generated) by extension 'python'
[1.051s] Level 1:colcon.colcon_core.package_identification:_identify(src/crazyswarm2/docs/generated) by extensions ['python_setup_py']
[1.051s] Level 1:colcon.colcon_core.package_identification:_identify(src/crazyswarm2/docs/generated) by extension 'python_setup_py'
[1.051s] Level 1:colcon.colcon_core.package_identification:_identify(src/crazyswarm2/docs/howto) by extensions ['ignore', 'ignore_ament_install']
[1.052s] Level 1:colcon.colcon_core.package_identification:_identify(src/crazyswarm2/docs/howto) by extension 'ignore'
[1.052s] Level 1:colcon.colcon_core.package_identification:_identify(src/crazyswarm2/docs/howto) by extension 'ignore_ament_install'
[1.052s] Level 1:colcon.colcon_core.package_identification:_identify(src/crazyswarm2/docs/howto) by extensions ['colcon_pkg']
[1.052s] Level 1:colcon.colcon_core.package_identification:_identify(src/crazyswarm2/docs/howto) by extension 'colcon_pkg'
[1.052s] Level 1:colcon.colcon_core.package_identification:_identify(src/crazyswarm2/docs/howto) by extensions ['colcon_meta']
[1.052s] Level 1:colcon.colcon_core.package_identification:_identify(src/crazyswarm2/docs/howto) by extension 'colcon_meta'
[1.052s] Level 1:colcon.colcon_core.package_identification:_identify(src/crazyswarm2/docs/howto) by extensions ['ros']
[1.053s] Level 1:colcon.colcon_core.package_identification:_identify(src/crazyswarm2/docs/howto) by extension 'ros'
[1.053s] Level 1:colcon.colcon_core.package_identification:_identify(src/crazyswarm2/docs/howto) by extensions ['cmake', 'python']
[1.053s] Level 1:colcon.colcon_core.package_identification:_identify(src/crazyswarm2/docs/howto) by extension 'cmake'
[1.054s] Level 1:colcon.colcon_core.package_identification:_identify(src/crazyswarm2/docs/howto) by extension 'python'
[1.054s] Level 1:colcon.colcon_core.package_identification:_identify(src/crazyswarm2/docs/howto) by extensions ['python_setup_py']
[1.054s] Level 1:colcon.colcon_core.package_identification:_identify(src/crazyswarm2/docs/howto) by extension 'python_setup_py'
[1.055s] Level 1:colcon.colcon_core.package_identification:_identify(src/crazyswarm2/docs/images) by extensions ['ignore', 'ignore_ament_install']
[1.056s] Level 1:colcon.colcon_core.package_identification:_identify(src/crazyswarm2/docs/images) by extension 'ignore'
[1.056s] Level 1:colcon.colcon_core.package_identification:_identify(src/crazyswarm2/docs/images) by extension 'ignore_ament_install'
[1.056s] Level 1:colcon.colcon_core.package_identification:_identify(src/crazyswarm2/docs/images) by extensions ['colcon_pkg']
[1.057s] Level 1:colcon.colcon_core.package_identification:_identify(src/crazyswarm2/docs/images) by extension 'colcon_pkg'
[1.057s] Level 1:colcon.colcon_core.package_identification:_identify(src/crazyswarm2/docs/images) by extensions ['colcon_meta']
[1.057s] Level 1:colcon.colcon_core.package_identification:_identify(src/crazyswarm2/docs/images) by extension 'colcon_meta'
[1.057s] Level 1:colcon.colcon_core.package_identification:_identify(src/crazyswarm2/docs/images) by extensions ['ros']
[1.058s] Level 1:colcon.colcon_core.package_identification:_identify(src/crazyswarm2/docs/images) by extension 'ros'
[1.058s] Level 1:colcon.colcon_core.package_identification:_identify(src/crazyswarm2/docs/images) by extensions ['cmake', 'python']
[1.058s] Level 1:colcon.colcon_core.package_identification:_identify(src/crazyswarm2/docs/images) by extension 'cmake'
[1.059s] Level 1:colcon.colcon_core.package_identification:_identify(src/crazyswarm2/docs/images) by extension 'python'
[1.059s] Level 1:colcon.colcon_core.package_identification:_identify(src/crazyswarm2/docs/images) by extensions ['python_setup_py']
[1.059s] Level 1:colcon.colcon_core.package_identification:_identify(src/crazyswarm2/docs/images) by extension 'python_setup_py'
[1.060s] Level 1:colcon.colcon_core.package_identification:_identify(src/crazyswarm2/docs/tutorials) by extensions ['ignore', 'ignore_ament_install']
[1.061s] Level 1:colcon.colcon_core.package_identification:_identify(src/crazyswarm2/docs/tutorials) by extension 'ignore'
[1.062s] Level 1:colcon.colcon_core.package_identification:_identify(src/crazyswarm2/docs/tutorials) by extension 'ignore_ament_install'
[1.062s] Level 1:colcon.colcon_core.package_identification:_identify(src/crazyswarm2/docs/tutorials) by extensions ['colcon_pkg']
[1.062s] Level 1:colcon.colcon_core.package_identification:_identify(src/crazyswarm2/docs/tutorials) by extension 'colcon_pkg'
[1.063s] Level 1:colcon.colcon_core.package_identification:_identify(src/crazyswarm2/docs/tutorials) by extensions ['colcon_meta']
[1.063s] Level 1:colcon.colcon_core.package_identification:_identify(src/crazyswarm2/docs/tutorials) by extension 'colcon_meta'
[1.063s] Level 1:colcon.colcon_core.package_identification:_identify(src/crazyswarm2/docs/tutorials) by extensions ['ros']
[1.063s] Level 1:colcon.colcon_core.package_identification:_identify(src/crazyswarm2/docs/tutorials) by extension 'ros'
[1.064s] Level 1:colcon.colcon_core.package_identification:_identify(src/crazyswarm2/docs/tutorials) by extensions ['cmake', 'python']
[1.065s] Level 1:colcon.colcon_core.package_identification:_identify(src/crazyswarm2/docs/tutorials) by extension 'cmake'
[1.065s] Level 1:colcon.colcon_core.package_identification:_identify(src/crazyswarm2/docs/tutorials) by extension 'python'
[1.065s] Level 1:colcon.colcon_core.package_identification:_identify(src/crazyswarm2/docs/tutorials) by extensions ['python_setup_py']
[1.065s] Level 1:colcon.colcon_core.package_identification:_identify(src/crazyswarm2/docs/tutorials) by extension 'python_setup_py'
[1.066s] Level 1:colcon.colcon_core.package_identification:_identify(src/crazyswarm2/docs2) by extensions ['ignore', 'ignore_ament_install']
[1.067s] Level 1:colcon.colcon_core.package_identification:_identify(src/crazyswarm2/docs2) by extension 'ignore'
[1.068s] Level 1:colcon.colcon_core.package_identification:_identify(src/crazyswarm2/docs2) by extension 'ignore_ament_install'
[1.068s] Level 1:colcon.colcon_core.package_identification:_identify(src/crazyswarm2/docs2) by extensions ['colcon_pkg']
[1.068s] Level 1:colcon.colcon_core.package_identification:_identify(src/crazyswarm2/docs2) by extension 'colcon_pkg'
[1.069s] Level 1:colcon.colcon_core.package_identification:_identify(src/crazyswarm2/docs2) by extensions ['colcon_meta']
[1.069s] Level 1:colcon.colcon_core.package_identification:_identify(src/crazyswarm2/docs2) by extension 'colcon_meta'
[1.069s] Level 1:colcon.colcon_core.package_identification:_identify(src/crazyswarm2/docs2) by extensions ['ros']
[1.069s] Level 1:colcon.colcon_core.package_identification:_identify(src/crazyswarm2/docs2) by extension 'ros'
[1.070s] Level 1:colcon.colcon_core.package_identification:_identify(src/crazyswarm2/docs2) by extensions ['cmake', 'python']
[1.070s] Level 1:colcon.colcon_core.package_identification:_identify(src/crazyswarm2/docs2) by extension 'cmake'
[1.070s] Level 1:colcon.colcon_core.package_identification:_identify(src/crazyswarm2/docs2) by extension 'python'
[1.070s] Level 1:colcon.colcon_core.package_identification:_identify(src/crazyswarm2/docs2) by extensions ['python_setup_py']
[1.071s] Level 1:colcon.colcon_core.package_identification:_identify(src/crazyswarm2/docs2) by extension 'python_setup_py'
[1.071s] Level 1:colcon.colcon_core.package_identification:_identify(src/crazyswarm2/docs2/images) by extensions ['ignore', 'ignore_ament_install']
[1.072s] Level 1:colcon.colcon_core.package_identification:_identify(src/crazyswarm2/docs2/images) by extension 'ignore'
[1.072s] Level 1:colcon.colcon_core.package_identification:_identify(src/crazyswarm2/docs2/images) by extension 'ignore_ament_install'
[1.073s] Level 1:colcon.colcon_core.package_identification:_identify(src/crazyswarm2/docs2/images) by extensions ['colcon_pkg']
[1.073s] Level 1:colcon.colcon_core.package_identification:_identify(src/crazyswarm2/docs2/images) by extension 'colcon_pkg'
[1.073s] Level 1:colcon.colcon_core.package_identification:_identify(src/crazyswarm2/docs2/images) by extensions ['colcon_meta']
[1.073s] Level 1:colcon.colcon_core.package_identification:_identify(src/crazyswarm2/docs2/images) by extension 'colcon_meta'
[1.073s] Level 1:colcon.colcon_core.package_identification:_identify(src/crazyswarm2/docs2/images) by extensions ['ros']
[1.073s] Level 1:colcon.colcon_core.package_identification:_identify(src/crazyswarm2/docs2/images) by extension 'ros'
[1.073s] Level 1:colcon.colcon_core.package_identification:_identify(src/crazyswarm2/docs2/images) by extensions ['cmake', 'python']
[1.073s] Level 1:colcon.colcon_core.package_identification:_identify(src/crazyswarm2/docs2/images) by extension 'cmake'
[1.073s] Level 1:colcon.colcon_core.package_identification:_identify(src/crazyswarm2/docs2/images) by extension 'python'
[1.073s] Level 1:colcon.colcon_core.package_identification:_identify(src/crazyswarm2/docs2/images) by extensions ['python_setup_py']
[1.073s] Level 1:colcon.colcon_core.package_identification:_identify(src/crazyswarm2/docs2/images) by extension 'python_setup_py'
[1.074s] Level 1:colcon.colcon_core.package_identification:_identify(src/crazyswarm2/prebuilt) by extensions ['ignore', 'ignore_ament_install']
[1.074s] Level 1:colcon.colcon_core.package_identification:_identify(src/crazyswarm2/prebuilt) by extension 'ignore'
[1.074s] Level 1:colcon.colcon_core.package_identification:_identify(src/crazyswarm2/prebuilt) by extension 'ignore_ament_install'
[1.074s] Level 1:colcon.colcon_core.package_identification:_identify(src/crazyswarm2/prebuilt) by extensions ['colcon_pkg']
[1.074s] Level 1:colcon.colcon_core.package_identification:_identify(src/crazyswarm2/prebuilt) by extension 'colcon_pkg'
[1.074s] Level 1:colcon.colcon_core.package_identification:_identify(src/crazyswarm2/prebuilt) by extensions ['colcon_meta']
[1.074s] Level 1:colcon.colcon_core.package_identification:_identify(src/crazyswarm2/prebuilt) by extension 'colcon_meta'
[1.074s] Level 1:colcon.colcon_core.package_identification:_identify(src/crazyswarm2/prebuilt) by extensions ['ros']
[1.074s] Level 1:colcon.colcon_core.package_identification:_identify(src/crazyswarm2/prebuilt) by extension 'ros'
[1.074s] Level 1:colcon.colcon_core.package_identification:_identify(src/crazyswarm2/prebuilt) by extensions ['cmake', 'python']
[1.074s] Level 1:colcon.colcon_core.package_identification:_identify(src/crazyswarm2/prebuilt) by extension 'cmake'
[1.074s] Level 1:colcon.colcon_core.package_identification:_identify(src/crazyswarm2/prebuilt) by extension 'python'
[1.074s] Level 1:colcon.colcon_core.package_identification:_identify(src/crazyswarm2/prebuilt) by extensions ['python_setup_py']
[1.075s] Level 1:colcon.colcon_core.package_identification:_identify(src/crazyswarm2/prebuilt) by extension 'python_setup_py'
[1.075s] Level 1:colcon.colcon_core.package_identification:_identify(src/crazyswarm2/ros_ws) by extensions ['ignore', 'ignore_ament_install']
[1.075s] Level 1:colcon.colcon_core.package_identification:_identify(src/crazyswarm2/ros_ws) by extension 'ignore'
[1.075s] Level 1:colcon.colcon_core.package_identification:_identify(src/crazyswarm2/ros_ws) by extension 'ignore_ament_install'
[1.075s] Level 1:colcon.colcon_core.package_identification:_identify(src/crazyswarm2/ros_ws) by extensions ['colcon_pkg']
[1.075s] Level 1:colcon.colcon_core.package_identification:_identify(src/crazyswarm2/ros_ws) by extension 'colcon_pkg'
[1.075s] Level 1:colcon.colcon_core.package_identification:_identify(src/crazyswarm2/ros_ws) by extensions ['colcon_meta']
[1.075s] Level 1:colcon.colcon_core.package_identification:_identify(src/crazyswarm2/ros_ws) by extension 'colcon_meta'
[1.075s] Level 1:colcon.colcon_core.package_identification:_identify(src/crazyswarm2/ros_ws) by extensions ['ros']
[1.075s] Level 1:colcon.colcon_core.package_identification:_identify(src/crazyswarm2/ros_ws) by extension 'ros'
[1.076s] Level 1:colcon.colcon_core.package_identification:_identify(src/crazyswarm2/ros_ws) by extensions ['cmake', 'python']
[1.076s] Level 1:colcon.colcon_core.package_identification:_identify(src/crazyswarm2/ros_ws) by extension 'cmake'
[1.076s] Level 1:colcon.colcon_core.package_identification:_identify(src/crazyswarm2/ros_ws) by extension 'python'
[1.076s] Level 1:colcon.colcon_core.package_identification:_identify(src/crazyswarm2/ros_ws) by extensions ['python_setup_py']
[1.076s] Level 1:colcon.colcon_core.package_identification:_identify(src/crazyswarm2/ros_ws) by extension 'python_setup_py'
[1.076s] Level 1:colcon.colcon_core.package_identification:_identify(src/crazyswarm2/ros_ws/src) by extensions ['ignore', 'ignore_ament_install']
[1.076s] Level 1:colcon.colcon_core.package_identification:_identify(src/crazyswarm2/ros_ws/src) by extension 'ignore'
[1.076s] Level 1:colcon.colcon_core.package_identification:_identify(src/crazyswarm2/ros_ws/src) by extension 'ignore_ament_install'
[1.077s] Level 1:colcon.colcon_core.package_identification:_identify(src/crazyswarm2/ros_ws/src) by extensions ['colcon_pkg']
[1.077s] Level 1:colcon.colcon_core.package_identification:_identify(src/crazyswarm2/ros_ws/src) by extension 'colcon_pkg'
[1.077s] Level 1:colcon.colcon_core.package_identification:_identify(src/crazyswarm2/ros_ws/src) by extensions ['colcon_meta']
[1.077s] Level 1:colcon.colcon_core.package_identification:_identify(src/crazyswarm2/ros_ws/src) by extension 'colcon_meta'
[1.077s] Level 1:colcon.colcon_core.package_identification:_identify(src/crazyswarm2/ros_ws/src) by extensions ['ros']
[1.077s] Level 1:colcon.colcon_core.package_identification:_identify(src/crazyswarm2/ros_ws/src) by extension 'ros'
[1.077s] Level 1:colcon.colcon_core.package_identification:_identify(src/crazyswarm2/ros_ws/src) by extensions ['cmake', 'python']
[1.077s] Level 1:colcon.colcon_core.package_identification:_identify(src/crazyswarm2/ros_ws/src) by extension 'cmake'
[1.077s] Level 1:colcon.colcon_core.package_identification:_identify(src/crazyswarm2/ros_ws/src) by extension 'python'
[1.077s] Level 1:colcon.colcon_core.package_identification:_identify(src/crazyswarm2/ros_ws/src) by extensions ['python_setup_py']
[1.077s] Level 1:colcon.colcon_core.package_identification:_identify(src/crazyswarm2/ros_ws/src) by extension 'python_setup_py'
[1.078s] Level 1:colcon.colcon_core.package_identification:_identify(src/crazyswarm2/ros_ws/src/crazyswarm) by extensions ['ignore', 'ignore_ament_install']
[1.078s] Level 1:colcon.colcon_core.package_identification:_identify(src/crazyswarm2/ros_ws/src/crazyswarm) by extension 'ignore'
[1.078s] Level 1:colcon.colcon_core.package_identification:_identify(src/crazyswarm2/ros_ws/src/crazyswarm) by extension 'ignore_ament_install'
[1.078s] Level 1:colcon.colcon_core.package_identification:_identify(src/crazyswarm2/ros_ws/src/crazyswarm) by extensions ['colcon_pkg']
[1.078s] Level 1:colcon.colcon_core.package_identification:_identify(src/crazyswarm2/ros_ws/src/crazyswarm) by extension 'colcon_pkg'
[1.078s] Level 1:colcon.colcon_core.package_identification:_identify(src/crazyswarm2/ros_ws/src/crazyswarm) by extensions ['colcon_meta']
[1.078s] Level 1:colcon.colcon_core.package_identification:_identify(src/crazyswarm2/ros_ws/src/crazyswarm) by extension 'colcon_meta'
[1.078s] Level 1:colcon.colcon_core.package_identification:_identify(src/crazyswarm2/ros_ws/src/crazyswarm) by extensions ['ros']
[1.078s] Level 1:colcon.colcon_core.package_identification:_identify(src/crazyswarm2/ros_ws/src/crazyswarm) by extension 'ros'
[1.079s] Level 1:colcon.colcon_core.package_identification:_identify(src/crazyswarm2/ros_ws/src/crazyswarm) by extensions ['cmake', 'python']
[1.079s] Level 1:colcon.colcon_core.package_identification:_identify(src/crazyswarm2/ros_ws/src/crazyswarm) by extension 'cmake'
[1.079s] Level 1:colcon.colcon_core.package_identification:_identify(src/crazyswarm2/ros_ws/src/crazyswarm) by extension 'python'
[1.079s] Level 1:colcon.colcon_core.package_identification:_identify(src/crazyswarm2/ros_ws/src/crazyswarm) by extensions ['python_setup_py']
[1.079s] Level 1:colcon.colcon_core.package_identification:_identify(src/crazyswarm2/ros_ws/src/crazyswarm) by extension 'python_setup_py'
[1.079s] Level 1:colcon.colcon_core.package_identification:_identify(src/crazyswarm2/ros_ws/src/crazyswarm/launch) by extensions ['ignore', 'ignore_ament_install']
[1.079s] Level 1:colcon.colcon_core.package_identification:_identify(src/crazyswarm2/ros_ws/src/crazyswarm/launch) by extension 'ignore'
[1.079s] Level 1:colcon.colcon_core.package_identification:_identify(src/crazyswarm2/ros_ws/src/crazyswarm/launch) by extension 'ignore_ament_install'
[1.079s] Level 1:colcon.colcon_core.package_identification:_identify(src/crazyswarm2/ros_ws/src/crazyswarm/launch) by extensions ['colcon_pkg']
[1.079s] Level 1:colcon.colcon_core.package_identification:_identify(src/crazyswarm2/ros_ws/src/crazyswarm/launch) by extension 'colcon_pkg'
[1.079s] Level 1:colcon.colcon_core.package_identification:_identify(src/crazyswarm2/ros_ws/src/crazyswarm/launch) by extensions ['colcon_meta']
[1.079s] Level 1:colcon.colcon_core.package_identification:_identify(src/crazyswarm2/ros_ws/src/crazyswarm/launch) by extension 'colcon_meta'
[1.080s] Level 1:colcon.colcon_core.package_identification:_identify(src/crazyswarm2/ros_ws/src/crazyswarm/launch) by extensions ['ros']
[1.080s] Level 1:colcon.colcon_core.package_identification:_identify(src/crazyswarm2/ros_ws/src/crazyswarm/launch) by extension 'ros'
[1.080s] Level 1:colcon.colcon_core.package_identification:_identify(src/crazyswarm2/ros_ws/src/crazyswarm/launch) by extensions ['cmake', 'python']
[1.080s] Level 1:colcon.colcon_core.package_identification:_identify(src/crazyswarm2/ros_ws/src/crazyswarm/launch) by extension 'cmake'
[1.080s] Level 1:colcon.colcon_core.package_identification:_identify(src/crazyswarm2/ros_ws/src/crazyswarm/launch) by extension 'python'
[1.080s] Level 1:colcon.colcon_core.package_identification:_identify(src/crazyswarm2/ros_ws/src/crazyswarm/launch) by extensions ['python_setup_py']
[1.080s] Level 1:colcon.colcon_core.package_identification:_identify(src/crazyswarm2/ros_ws/src/crazyswarm/launch) by extension 'python_setup_py'
[1.080s] Level 1:colcon.colcon_core.package_identification:_identify(src/crazyswarm2/ros_ws/src/crazyswarm/scripts) by extensions ['ignore', 'ignore_ament_install']
[1.080s] Level 1:colcon.colcon_core.package_identification:_identify(src/crazyswarm2/ros_ws/src/crazyswarm/scripts) by extension 'ignore'
[1.081s] Level 1:colcon.colcon_core.package_identification:_identify(src/crazyswarm2/ros_ws/src/crazyswarm/scripts) by extension 'ignore_ament_install'
[1.081s] Level 1:colcon.colcon_core.package_identification:_identify(src/crazyswarm2/ros_ws/src/crazyswarm/scripts) by extensions ['colcon_pkg']
[1.081s] Level 1:colcon.colcon_core.package_identification:_identify(src/crazyswarm2/ros_ws/src/crazyswarm/scripts) by extension 'colcon_pkg'
[1.082s] Level 1:colcon.colcon_core.package_identification:_identify(src/crazyswarm2/ros_ws/src/crazyswarm/scripts) by extensions ['colcon_meta']
[1.082s] Level 1:colcon.colcon_core.package_identification:_identify(src/crazyswarm2/ros_ws/src/crazyswarm/scripts) by extension 'colcon_meta'
[1.082s] Level 1:colcon.colcon_core.package_identification:_identify(src/crazyswarm2/ros_ws/src/crazyswarm/scripts) by extensions ['ros']
[1.082s] Level 1:colcon.colcon_core.package_identification:_identify(src/crazyswarm2/ros_ws/src/crazyswarm/scripts) by extension 'ros'
[1.082s] Level 1:colcon.colcon_core.package_identification:_identify(src/crazyswarm2/ros_ws/src/crazyswarm/scripts) by extensions ['cmake', 'python']
[1.082s] Level 1:colcon.colcon_core.package_identification:_identify(src/crazyswarm2/ros_ws/src/crazyswarm/scripts) by extension 'cmake'
[1.082s] Level 1:colcon.colcon_core.package_identification:_identify(src/crazyswarm2/ros_ws/src/crazyswarm/scripts) by extension 'python'
[1.082s] Level 1:colcon.colcon_core.package_identification:_identify(src/crazyswarm2/ros_ws/src/crazyswarm/scripts) by extensions ['python_setup_py']
[1.082s] Level 1:colcon.colcon_core.package_identification:_identify(src/crazyswarm2/ros_ws/src/crazyswarm/scripts) by extension 'python_setup_py'
[1.083s] Level 1:colcon.colcon_core.package_identification:_identify(src/crazyswarm2/ros_ws/src/crazyswarm/scripts/crossing2_pps) by extensions ['ignore', 'ignore_ament_install']
[1.083s] Level 1:colcon.colcon_core.package_identification:_identify(src/crazyswarm2/ros_ws/src/crazyswarm/scripts/crossing2_pps) by extension 'ignore'
[1.083s] Level 1:colcon.colcon_core.package_identification:_identify(src/crazyswarm2/ros_ws/src/crazyswarm/scripts/crossing2_pps) by extension 'ignore_ament_install'
[1.083s] Level 1:colcon.colcon_core.package_identification:_identify(src/crazyswarm2/ros_ws/src/crazyswarm/scripts/crossing2_pps) by extensions ['colcon_pkg']
[1.083s] Level 1:colcon.colcon_core.package_identification:_identify(src/crazyswarm2/ros_ws/src/crazyswarm/scripts/crossing2_pps) by extension 'colcon_pkg'
[1.084s] Level 1:colcon.colcon_core.package_identification:_identify(src/crazyswarm2/ros_ws/src/crazyswarm/scripts/crossing2_pps) by extensions ['colcon_meta']
[1.084s] Level 1:colcon.colcon_core.package_identification:_identify(src/crazyswarm2/ros_ws/src/crazyswarm/scripts/crossing2_pps) by extension 'colcon_meta'
[1.085s] Level 1:colcon.colcon_core.package_identification:_identify(src/crazyswarm2/ros_ws/src/crazyswarm/scripts/crossing2_pps) by extensions ['ros']
[1.085s] Level 1:colcon.colcon_core.package_identification:_identify(src/crazyswarm2/ros_ws/src/crazyswarm/scripts/crossing2_pps) by extension 'ros'
[1.085s] Level 1:colcon.colcon_core.package_identification:_identify(src/crazyswarm2/ros_ws/src/crazyswarm/scripts/crossing2_pps) by extensions ['cmake', 'python']
[1.085s] Level 1:colcon.colcon_core.package_identification:_identify(src/crazyswarm2/ros_ws/src/crazyswarm/scripts/crossing2_pps) by extension 'cmake'
[1.085s] Level 1:colcon.colcon_core.package_identification:_identify(src/crazyswarm2/ros_ws/src/crazyswarm/scripts/crossing2_pps) by extension 'python'
[1.085s] Level 1:colcon.colcon_core.package_identification:_identify(src/crazyswarm2/ros_ws/src/crazyswarm/scripts/crossing2_pps) by extensions ['python_setup_py']
[1.085s] Level 1:colcon.colcon_core.package_identification:_identify(src/crazyswarm2/ros_ws/src/crazyswarm/scripts/crossing2_pps) by extension 'python_setup_py'
[1.086s] Level 1:colcon.colcon_core.package_identification:_identify(src/crazyswarm2/ros_ws/src/crazyswarm/scripts/crossing4_pps) by extensions ['ignore', 'ignore_ament_install']
[1.086s] Level 1:colcon.colcon_core.package_identification:_identify(src/crazyswarm2/ros_ws/src/crazyswarm/scripts/crossing4_pps) by extension 'ignore'
[1.086s] Level 1:colcon.colcon_core.package_identification:_identify(src/crazyswarm2/ros_ws/src/crazyswarm/scripts/crossing4_pps) by extension 'ignore_ament_install'
[1.086s] Level 1:colcon.colcon_core.package_identification:_identify(src/crazyswarm2/ros_ws/src/crazyswarm/scripts/crossing4_pps) by extensions ['colcon_pkg']
[1.086s] Level 1:colcon.colcon_core.package_identification:_identify(src/crazyswarm2/ros_ws/src/crazyswarm/scripts/crossing4_pps) by extension 'colcon_pkg'
[1.086s] Level 1:colcon.colcon_core.package_identification:_identify(src/crazyswarm2/ros_ws/src/crazyswarm/scripts/crossing4_pps) by extensions ['colcon_meta']
[1.086s] Level 1:colcon.colcon_core.package_identification:_identify(src/crazyswarm2/ros_ws/src/crazyswarm/scripts/crossing4_pps) by extension 'colcon_meta'
[1.086s] Level 1:colcon.colcon_core.package_identification:_identify(src/crazyswarm2/ros_ws/src/crazyswarm/scripts/crossing4_pps) by extensions ['ros']
[1.086s] Level 1:colcon.colcon_core.package_identification:_identify(src/crazyswarm2/ros_ws/src/crazyswarm/scripts/crossing4_pps) by extension 'ros'
[1.086s] Level 1:colcon.colcon_core.package_identification:_identify(src/crazyswarm2/ros_ws/src/crazyswarm/scripts/crossing4_pps) by extensions ['cmake', 'python']
[1.086s] Level 1:colcon.colcon_core.package_identification:_identify(src/crazyswarm2/ros_ws/src/crazyswarm/scripts/crossing4_pps) by extension 'cmake'
[1.087s] Level 1:colcon.colcon_core.package_identification:_identify(src/crazyswarm2/ros_ws/src/crazyswarm/scripts/crossing4_pps) by extension 'python'
[1.087s] Level 1:colcon.colcon_core.package_identification:_identify(src/crazyswarm2/ros_ws/src/crazyswarm/scripts/crossing4_pps) by extensions ['python_setup_py']
[1.088s] Level 1:colcon.colcon_core.package_identification:_identify(src/crazyswarm2/ros_ws/src/crazyswarm/scripts/crossing4_pps) by extension 'python_setup_py'
[1.089s] Level 1:colcon.colcon_core.package_identification:_identify(src/crazyswarm2/ros_ws/src/crazyswarm/scripts/sequence_trajectories) by extensions ['ignore', 'ignore_ament_install']
[1.090s] Level 1:colcon.colcon_core.package_identification:_identify(src/crazyswarm2/ros_ws/src/crazyswarm/scripts/sequence_trajectories) by extension 'ignore'
[1.090s] Level 1:colcon.colcon_core.package_identification:_identify(src/crazyswarm2/ros_ws/src/crazyswarm/scripts/sequence_trajectories) by extension 'ignore_ament_install'
[1.090s] Level 1:colcon.colcon_core.package_identification:_identify(src/crazyswarm2/ros_ws/src/crazyswarm/scripts/sequence_trajectories) by extensions ['colcon_pkg']
[1.090s] Level 1:colcon.colcon_core.package_identification:_identify(src/crazyswarm2/ros_ws/src/crazyswarm/scripts/sequence_trajectories) by extension 'colcon_pkg'
[1.090s] Level 1:colcon.colcon_core.package_identification:_identify(src/crazyswarm2/ros_ws/src/crazyswarm/scripts/sequence_trajectories) by extensions ['colcon_meta']
[1.090s] Level 1:colcon.colcon_core.package_identification:_identify(src/crazyswarm2/ros_ws/src/crazyswarm/scripts/sequence_trajectories) by extension 'colcon_meta'
[1.090s] Level 1:colcon.colcon_core.package_identification:_identify(src/crazyswarm2/ros_ws/src/crazyswarm/scripts/sequence_trajectories) by extensions ['ros']
[1.090s] Level 1:colcon.colcon_core.package_identification:_identify(src/crazyswarm2/ros_ws/src/crazyswarm/scripts/sequence_trajectories) by extension 'ros'
[1.090s] Level 1:colcon.colcon_core.package_identification:_identify(src/crazyswarm2/ros_ws/src/crazyswarm/scripts/sequence_trajectories) by extensions ['cmake', 'python']
[1.090s] Level 1:colcon.colcon_core.package_identification:_identify(src/crazyswarm2/ros_ws/src/crazyswarm/scripts/sequence_trajectories) by extension 'cmake'
[1.090s] Level 1:colcon.colcon_core.package_identification:_identify(src/crazyswarm2/ros_ws/src/crazyswarm/scripts/sequence_trajectories) by extension 'python'
[1.090s] Level 1:colcon.colcon_core.package_identification:_identify(src/crazyswarm2/ros_ws/src/crazyswarm/scripts/sequence_trajectories) by extensions ['python_setup_py']
[1.091s] Level 1:colcon.colcon_core.package_identification:_identify(src/crazyswarm2/ros_ws/src/crazyswarm/scripts/sequence_trajectories) by extension 'python_setup_py'
[1.091s] Level 1:colcon.colcon_core.package_identification:_identify(src/crazyswarm2/ros_ws/src/crazyswarm/scripts/sequence_trajectories/1) by extensions ['ignore', 'ignore_ament_install']
[1.091s] Level 1:colcon.colcon_core.package_identification:_identify(src/crazyswarm2/ros_ws/src/crazyswarm/scripts/sequence_trajectories/1) by extension 'ignore'
[1.091s] Level 1:colcon.colcon_core.package_identification:_identify(src/crazyswarm2/ros_ws/src/crazyswarm/scripts/sequence_trajectories/1) by extension 'ignore_ament_install'
[1.091s] Level 1:colcon.colcon_core.package_identification:_identify(src/crazyswarm2/ros_ws/src/crazyswarm/scripts/sequence_trajectories/1) by extensions ['colcon_pkg']
[1.091s] Level 1:colcon.colcon_core.package_identification:_identify(src/crazyswarm2/ros_ws/src/crazyswarm/scripts/sequence_trajectories/1) by extension 'colcon_pkg'
[1.091s] Level 1:colcon.colcon_core.package_identification:_identify(src/crazyswarm2/ros_ws/src/crazyswarm/scripts/sequence_trajectories/1) by extensions ['colcon_meta']
[1.091s] Level 1:colcon.colcon_core.package_identification:_identify(src/crazyswarm2/ros_ws/src/crazyswarm/scripts/sequence_trajectories/1) by extension 'colcon_meta'
[1.091s] Level 1:colcon.colcon_core.package_identification:_identify(src/crazyswarm2/ros_ws/src/crazyswarm/scripts/sequence_trajectories/1) by extensions ['ros']
[1.091s] Level 1:colcon.colcon_core.package_identification:_identify(src/crazyswarm2/ros_ws/src/crazyswarm/scripts/sequence_trajectories/1) by extension 'ros'
[1.092s] Level 1:colcon.colcon_core.package_identification:_identify(src/crazyswarm2/ros_ws/src/crazyswarm/scripts/sequence_trajectories/1) by extensions ['cmake', 'python']
[1.092s] Level 1:colcon.colcon_core.package_identification:_identify(src/crazyswarm2/ros_ws/src/crazyswarm/scripts/sequence_trajectories/1) by extension 'cmake'
[1.092s] Level 1:colcon.colcon_core.package_identification:_identify(src/crazyswarm2/ros_ws/src/crazyswarm/scripts/sequence_trajectories/1) by extension 'python'
[1.092s] Level 1:colcon.colcon_core.package_identification:_identify(src/crazyswarm2/ros_ws/src/crazyswarm/scripts/sequence_trajectories/1) by extensions ['python_setup_py']
[1.092s] Level 1:colcon.colcon_core.package_identification:_identify(src/crazyswarm2/ros_ws/src/crazyswarm/scripts/sequence_trajectories/1) by extension 'python_setup_py'
[1.092s] Level 1:colcon.colcon_core.package_identification:_identify(src/crazyswarm2/ros_ws/src/crazyswarm/scripts/sequence_trajectories/2) by extensions ['ignore', 'ignore_ament_install']
[1.092s] Level 1:colcon.colcon_core.package_identification:_identify(src/crazyswarm2/ros_ws/src/crazyswarm/scripts/sequence_trajectories/2) by extension 'ignore'
[1.092s] Level 1:colcon.colcon_core.package_identification:_identify(src/crazyswarm2/ros_ws/src/crazyswarm/scripts/sequence_trajectories/2) by extension 'ignore_ament_install'
[1.093s] Level 1:colcon.colcon_core.package_identification:_identify(src/crazyswarm2/ros_ws/src/crazyswarm/scripts/sequence_trajectories/2) by extensions ['colcon_pkg']
[1.093s] Level 1:colcon.colcon_core.package_identification:_identify(src/crazyswarm2/ros_ws/src/crazyswarm/scripts/sequence_trajectories/2) by extension 'colcon_pkg'
[1.093s] Level 1:colcon.colcon_core.package_identification:_identify(src/crazyswarm2/ros_ws/src/crazyswarm/scripts/sequence_trajectories/2) by extensions ['colcon_meta']
[1.093s] Level 1:colcon.colcon_core.package_identification:_identify(src/crazyswarm2/ros_ws/src/crazyswarm/scripts/sequence_trajectories/2) by extension 'colcon_meta'
[1.093s] Level 1:colcon.colcon_core.package_identification:_identify(src/crazyswarm2/ros_ws/src/crazyswarm/scripts/sequence_trajectories/2) by extensions ['ros']
[1.093s] Level 1:colcon.colcon_core.package_identification:_identify(src/crazyswarm2/ros_ws/src/crazyswarm/scripts/sequence_trajectories/2) by extension 'ros'
[1.093s] Level 1:colcon.colcon_core.package_identification:_identify(src/crazyswarm2/ros_ws/src/crazyswarm/scripts/sequence_trajectories/2) by extensions ['cmake', 'python']
[1.093s] Level 1:colcon.colcon_core.package_identification:_identify(src/crazyswarm2/ros_ws/src/crazyswarm/scripts/sequence_trajectories/2) by extension 'cmake'
[1.093s] Level 1:colcon.colcon_core.package_identification:_identify(src/crazyswarm2/ros_ws/src/crazyswarm/scripts/sequence_trajectories/2) by extension 'python'
[1.093s] Level 1:colcon.colcon_core.package_identification:_identify(src/crazyswarm2/ros_ws/src/crazyswarm/scripts/sequence_trajectories/2) by extensions ['python_setup_py']
[1.093s] Level 1:colcon.colcon_core.package_identification:_identify(src/crazyswarm2/ros_ws/src/crazyswarm/scripts/sequence_trajectories/2) by extension 'python_setup_py'
[1.094s] Level 1:colcon.colcon_core.package_identification:_identify(src/crazyswarm2/ros_ws/src/crazyswarm/scripts/sequence_trajectories/3) by extensions ['ignore', 'ignore_ament_install']
[1.094s] Level 1:colcon.colcon_core.package_identification:_identify(src/crazyswarm2/ros_ws/src/crazyswarm/scripts/sequence_trajectories/3) by extension 'ignore'
[1.094s] Level 1:colcon.colcon_core.package_identification:_identify(src/crazyswarm2/ros_ws/src/crazyswarm/scripts/sequence_trajectories/3) by extension 'ignore_ament_install'
[1.094s] Level 1:colcon.colcon_core.package_identification:_identify(src/crazyswarm2/ros_ws/src/crazyswarm/scripts/sequence_trajectories/3) by extensions ['colcon_pkg']
[1.094s] Level 1:colcon.colcon_core.package_identification:_identify(src/crazyswarm2/ros_ws/src/crazyswarm/scripts/sequence_trajectories/3) by extension 'colcon_pkg'
[1.094s] Level 1:colcon.colcon_core.package_identification:_identify(src/crazyswarm2/ros_ws/src/crazyswarm/scripts/sequence_trajectories/3) by extensions ['colcon_meta']
[1.094s] Level 1:colcon.colcon_core.package_identification:_identify(src/crazyswarm2/ros_ws/src/crazyswarm/scripts/sequence_trajectories/3) by extension 'colcon_meta'
[1.095s] Level 1:colcon.colcon_core.package_identification:_identify(src/crazyswarm2/ros_ws/src/crazyswarm/scripts/sequence_trajectories/3) by extensions ['ros']
[1.095s] Level 1:colcon.colcon_core.package_identification:_identify(src/crazyswarm2/ros_ws/src/crazyswarm/scripts/sequence_trajectories/3) by extension 'ros'
[1.095s] Level 1:colcon.colcon_core.package_identification:_identify(src/crazyswarm2/ros_ws/src/crazyswarm/scripts/sequence_trajectories/3) by extensions ['cmake', 'python']
[1.095s] Level 1:colcon.colcon_core.package_identification:_identify(src/crazyswarm2/ros_ws/src/crazyswarm/scripts/sequence_trajectories/3) by extension 'cmake'
[1.095s] Level 1:colcon.colcon_core.package_identification:_identify(src/crazyswarm2/ros_ws/src/crazyswarm/scripts/sequence_trajectories/3) by extension 'python'
[1.095s] Level 1:colcon.colcon_core.package_identification:_identify(src/crazyswarm2/ros_ws/src/crazyswarm/scripts/sequence_trajectories/3) by extensions ['python_setup_py']
[1.095s] Level 1:colcon.colcon_core.package_identification:_identify(src/crazyswarm2/ros_ws/src/crazyswarm/scripts/sequence_trajectories/3) by extension 'python_setup_py'
[1.095s] Level 1:colcon.colcon_core.package_identification:_identify(src/crazyswarm2/ros_ws/src/crazyswarm/scripts/sequence_trajectories/4) by extensions ['ignore', 'ignore_ament_install']
[1.095s] Level 1:colcon.colcon_core.package_identification:_identify(src/crazyswarm2/ros_ws/src/crazyswarm/scripts/sequence_trajectories/4) by extension 'ignore'
[1.095s] Level 1:colcon.colcon_core.package_identification:_identify(src/crazyswarm2/ros_ws/src/crazyswarm/scripts/sequence_trajectories/4) by extension 'ignore_ament_install'
[1.095s] Level 1:colcon.colcon_core.package_identification:_identify(src/crazyswarm2/ros_ws/src/crazyswarm/scripts/sequence_trajectories/4) by extensions ['colcon_pkg']
[1.095s] Level 1:colcon.colcon_core.package_identification:_identify(src/crazyswarm2/ros_ws/src/crazyswarm/scripts/sequence_trajectories/4) by extension 'colcon_pkg'
[1.096s] Level 1:colcon.colcon_core.package_identification:_identify(src/crazyswarm2/ros_ws/src/crazyswarm/scripts/sequence_trajectories/4) by extensions ['colcon_meta']
[1.096s] Level 1:colcon.colcon_core.package_identification:_identify(src/crazyswarm2/ros_ws/src/crazyswarm/scripts/sequence_trajectories/4) by extension 'colcon_meta'
[1.096s] Level 1:colcon.colcon_core.package_identification:_identify(src/crazyswarm2/ros_ws/src/crazyswarm/scripts/sequence_trajectories/4) by extensions ['ros']
[1.096s] Level 1:colcon.colcon_core.package_identification:_identify(src/crazyswarm2/ros_ws/src/crazyswarm/scripts/sequence_trajectories/4) by extension 'ros'
[1.096s] Level 1:colcon.colcon_core.package_identification:_identify(src/crazyswarm2/ros_ws/src/crazyswarm/scripts/sequence_trajectories/4) by extensions ['cmake', 'python']
[1.096s] Level 1:colcon.colcon_core.package_identification:_identify(src/crazyswarm2/ros_ws/src/crazyswarm/scripts/sequence_trajectories/4) by extension 'cmake'
[1.096s] Level 1:colcon.colcon_core.package_identification:_identify(src/crazyswarm2/ros_ws/src/crazyswarm/scripts/sequence_trajectories/4) by extension 'python'
[1.096s] Level 1:colcon.colcon_core.package_identification:_identify(src/crazyswarm2/ros_ws/src/crazyswarm/scripts/sequence_trajectories/4) by extensions ['python_setup_py']
[1.096s] Level 1:colcon.colcon_core.package_identification:_identify(src/crazyswarm2/ros_ws/src/crazyswarm/scripts/sequence_trajectories/4) by extension 'python_setup_py'
[1.096s] Level 1:colcon.colcon_core.package_identification:_identify(src/crazyswarm2/ros_ws/src/crazyswarm/scripts/sequence_trajectories/5) by extensions ['ignore', 'ignore_ament_install']
[1.096s] Level 1:colcon.colcon_core.package_identification:_identify(src/crazyswarm2/ros_ws/src/crazyswarm/scripts/sequence_trajectories/5) by extension 'ignore'
[1.097s] Level 1:colcon.colcon_core.package_identification:_identify(src/crazyswarm2/ros_ws/src/crazyswarm/scripts/sequence_trajectories/5) by extension 'ignore_ament_install'
[1.097s] Level 1:colcon.colcon_core.package_identification:_identify(src/crazyswarm2/ros_ws/src/crazyswarm/scripts/sequence_trajectories/5) by extensions ['colcon_pkg']
[1.097s] Level 1:colcon.colcon_core.package_identification:_identify(src/crazyswarm2/ros_ws/src/crazyswarm/scripts/sequence_trajectories/5) by extension 'colcon_pkg'
[1.097s] Level 1:colcon.colcon_core.package_identification:_identify(src/crazyswarm2/ros_ws/src/crazyswarm/scripts/sequence_trajectories/5) by extensions ['colcon_meta']
[1.097s] Level 1:colcon.colcon_core.package_identification:_identify(src/crazyswarm2/ros_ws/src/crazyswarm/scripts/sequence_trajectories/5) by extension 'colcon_meta'
[1.097s] Level 1:colcon.colcon_core.package_identification:_identify(src/crazyswarm2/ros_ws/src/crazyswarm/scripts/sequence_trajectories/5) by extensions ['ros']
[1.097s] Level 1:colcon.colcon_core.package_identification:_identify(src/crazyswarm2/ros_ws/src/crazyswarm/scripts/sequence_trajectories/5) by extension 'ros'
[1.097s] Level 1:colcon.colcon_core.package_identification:_identify(src/crazyswarm2/ros_ws/src/crazyswarm/scripts/sequence_trajectories/5) by extensions ['cmake', 'python']
[1.097s] Level 1:colcon.colcon_core.package_identification:_identify(src/crazyswarm2/ros_ws/src/crazyswarm/scripts/sequence_trajectories/5) by extension 'cmake'
[1.098s] Level 1:colcon.colcon_core.package_identification:_identify(src/crazyswarm2/ros_ws/src/crazyswarm/scripts/sequence_trajectories/5) by extension 'python'
[1.098s] Level 1:colcon.colcon_core.package_identification:_identify(src/crazyswarm2/ros_ws/src/crazyswarm/scripts/sequence_trajectories/5) by extensions ['python_setup_py']
[1.098s] Level 1:colcon.colcon_core.package_identification:_identify(src/crazyswarm2/ros_ws/src/crazyswarm/scripts/sequence_trajectories/5) by extension 'python_setup_py'
[1.098s] Level 1:colcon.colcon_core.package_identification:_identify(src/crazyswarm2/ros_ws/src/crazyswarm/scripts/sequence_trajectories/6) by extensions ['ignore', 'ignore_ament_install']
[1.098s] Level 1:colcon.colcon_core.package_identification:_identify(src/crazyswarm2/ros_ws/src/crazyswarm/scripts/sequence_trajectories/6) by extension 'ignore'
[1.098s] Level 1:colcon.colcon_core.package_identification:_identify(src/crazyswarm2/ros_ws/src/crazyswarm/scripts/sequence_trajectories/6) by extension 'ignore_ament_install'
[1.098s] Level 1:colcon.colcon_core.package_identification:_identify(src/crazyswarm2/ros_ws/src/crazyswarm/scripts/sequence_trajectories/6) by extensions ['colcon_pkg']
[1.098s] Level 1:colcon.colcon_core.package_identification:_identify(src/crazyswarm2/ros_ws/src/crazyswarm/scripts/sequence_trajectories/6) by extension 'colcon_pkg'
[1.098s] Level 1:colcon.colcon_core.package_identification:_identify(src/crazyswarm2/ros_ws/src/crazyswarm/scripts/sequence_trajectories/6) by extensions ['colcon_meta']
[1.098s] Level 1:colcon.colcon_core.package_identification:_identify(src/crazyswarm2/ros_ws/src/crazyswarm/scripts/sequence_trajectories/6) by extension 'colcon_meta'
[1.099s] Level 1:colcon.colcon_core.package_identification:_identify(src/crazyswarm2/ros_ws/src/crazyswarm/scripts/sequence_trajectories/6) by extensions ['ros']
[1.099s] Level 1:colcon.colcon_core.package_identification:_identify(src/crazyswarm2/ros_ws/src/crazyswarm/scripts/sequence_trajectories/6) by extension 'ros'
[1.099s] Level 1:colcon.colcon_core.package_identification:_identify(src/crazyswarm2/ros_ws/src/crazyswarm/scripts/sequence_trajectories/6) by extensions ['cmake', 'python']
[1.099s] Level 1:colcon.colcon_core.package_identification:_identify(src/crazyswarm2/ros_ws/src/crazyswarm/scripts/sequence_trajectories/6) by extension 'cmake'
[1.099s] Level 1:colcon.colcon_core.package_identification:_identify(src/crazyswarm2/ros_ws/src/crazyswarm/scripts/sequence_trajectories/6) by extension 'python'
[1.099s] Level 1:colcon.colcon_core.package_identification:_identify(src/crazyswarm2/ros_ws/src/crazyswarm/scripts/sequence_trajectories/6) by extensions ['python_setup_py']
[1.099s] Level 1:colcon.colcon_core.package_identification:_identify(src/crazyswarm2/ros_ws/src/crazyswarm/scripts/sequence_trajectories/6) by extension 'python_setup_py'
[1.099s] Level 1:colcon.colcon_core.package_identification:_identify(src/crazyswarm2/ros_ws/src/crazyswarm/scripts/sequence_trajectories/7) by extensions ['ignore', 'ignore_ament_install']
[1.099s] Level 1:colcon.colcon_core.package_identification:_identify(src/crazyswarm2/ros_ws/src/crazyswarm/scripts/sequence_trajectories/7) by extension 'ignore'
[1.100s] Level 1:colcon.colcon_core.package_identification:_identify(src/crazyswarm2/ros_ws/src/crazyswarm/scripts/sequence_trajectories/7) by extension 'ignore_ament_install'
[1.100s] Level 1:colcon.colcon_core.package_identification:_identify(src/crazyswarm2/ros_ws/src/crazyswarm/scripts/sequence_trajectories/7) by extensions ['colcon_pkg']
[1.100s] Level 1:colcon.colcon_core.package_identification:_identify(src/crazyswarm2/ros_ws/src/crazyswarm/scripts/sequence_trajectories/7) by extension 'colcon_pkg'
[1.100s] Level 1:colcon.colcon_core.package_identification:_identify(src/crazyswarm2/ros_ws/src/crazyswarm/scripts/sequence_trajectories/7) by extensions ['colcon_meta']
[1.100s] Level 1:colcon.colcon_core.package_identification:_identify(src/crazyswarm2/ros_ws/src/crazyswarm/scripts/sequence_trajectories/7) by extension 'colcon_meta'
[1.100s] Level 1:colcon.colcon_core.package_identification:_identify(src/crazyswarm2/ros_ws/src/crazyswarm/scripts/sequence_trajectories/7) by extensions ['ros']
[1.100s] Level 1:colcon.colcon_core.package_identification:_identify(src/crazyswarm2/ros_ws/src/crazyswarm/scripts/sequence_trajectories/7) by extension 'ros'
[1.100s] Level 1:colcon.colcon_core.package_identification:_identify(src/crazyswarm2/ros_ws/src/crazyswarm/scripts/sequence_trajectories/7) by extensions ['cmake', 'python']
[1.100s] Level 1:colcon.colcon_core.package_identification:_identify(src/crazyswarm2/ros_ws/src/crazyswarm/scripts/sequence_trajectories/7) by extension 'cmake'
[1.100s] Level 1:colcon.colcon_core.package_identification:_identify(src/crazyswarm2/ros_ws/src/crazyswarm/scripts/sequence_trajectories/7) by extension 'python'
[1.100s] Level 1:colcon.colcon_core.package_identification:_identify(src/crazyswarm2/ros_ws/src/crazyswarm/scripts/sequence_trajectories/7) by extensions ['python_setup_py']
[1.100s] Level 1:colcon.colcon_core.package_identification:_identify(src/crazyswarm2/ros_ws/src/crazyswarm/scripts/sequence_trajectories/7) by extension 'python_setup_py'
[1.100s] Level 1:colcon.colcon_core.package_identification:_identify(src/crazyswarm2/ros_ws/src/crazyswarm/scripts/swap6v_pps) by extensions ['ignore', 'ignore_ament_install']
[1.102s] Level 1:colcon.colcon_core.package_identification:_identify(src/crazyswarm2/ros_ws/src/crazyswarm/scripts/swap6v_pps) by extension 'ignore'
[1.102s] Level 1:colcon.colcon_core.package_identification:_identify(src/crazyswarm2/ros_ws/src/crazyswarm/scripts/swap6v_pps) by extension 'ignore_ament_install'
[1.102s] Level 1:colcon.colcon_core.package_identification:_identify(src/crazyswarm2/ros_ws/src/crazyswarm/scripts/swap6v_pps) by extensions ['colcon_pkg']
[1.102s] Level 1:colcon.colcon_core.package_identification:_identify(src/crazyswarm2/ros_ws/src/crazyswarm/scripts/swap6v_pps) by extension 'colcon_pkg'
[1.102s] Level 1:colcon.colcon_core.package_identification:_identify(src/crazyswarm2/ros_ws/src/crazyswarm/scripts/swap6v_pps) by extensions ['colcon_meta']
[1.102s] Level 1:colcon.colcon_core.package_identification:_identify(src/crazyswarm2/ros_ws/src/crazyswarm/scripts/swap6v_pps) by extension 'colcon_meta'
[1.102s] Level 1:colcon.colcon_core.package_identification:_identify(src/crazyswarm2/ros_ws/src/crazyswarm/scripts/swap6v_pps) by extensions ['ros']
[1.102s] Level 1:colcon.colcon_core.package_identification:_identify(src/crazyswarm2/ros_ws/src/crazyswarm/scripts/swap6v_pps) by extension 'ros'
[1.102s] Level 1:colcon.colcon_core.package_identification:_identify(src/crazyswarm2/ros_ws/src/crazyswarm/scripts/swap6v_pps) by extensions ['cmake', 'python']
[1.103s] Level 1:colcon.colcon_core.package_identification:_identify(src/crazyswarm2/ros_ws/src/crazyswarm/scripts/swap6v_pps) by extension 'cmake'
[1.103s] Level 1:colcon.colcon_core.package_identification:_identify(src/crazyswarm2/ros_ws/src/crazyswarm/scripts/swap6v_pps) by extension 'python'
[1.103s] Level 1:colcon.colcon_core.package_identification:_identify(src/crazyswarm2/ros_ws/src/crazyswarm/scripts/swap6v_pps) by extensions ['python_setup_py']
[1.103s] Level 1:colcon.colcon_core.package_identification:_identify(src/crazyswarm2/ros_ws/src/crazyswarm/scripts/swap6v_pps) by extension 'python_setup_py'
[1.103s] Level 1:colcon.colcon_core.package_identification:_identify(src/crazyswarm2/systemtests) by extensions ['ignore', 'ignore_ament_install']
[1.103s] Level 1:colcon.colcon_core.package_identification:_identify(src/crazyswarm2/systemtests) by extension 'ignore'
[1.103s] Level 1:colcon.colcon_core.package_identification:_identify(src/crazyswarm2/systemtests) by extension 'ignore_ament_install'
[1.103s] Level 1:colcon.colcon_core.package_identification:_identify(src/crazyswarm2/systemtests) by extensions ['colcon_pkg']
[1.103s] Level 1:colcon.colcon_core.package_identification:_identify(src/crazyswarm2/systemtests) by extension 'colcon_pkg'
[1.103s] Level 1:colcon.colcon_core.package_identification:_identify(src/crazyswarm2/systemtests) by extensions ['colcon_meta']
[1.103s] Level 1:colcon.colcon_core.package_identification:_identify(src/crazyswarm2/systemtests) by extension 'colcon_meta'
[1.104s] Level 1:colcon.colcon_core.package_identification:_identify(src/crazyswarm2/systemtests) by extensions ['ros']
[1.104s] Level 1:colcon.colcon_core.package_identification:_identify(src/crazyswarm2/systemtests) by extension 'ros'
[1.104s] Level 1:colcon.colcon_core.package_identification:_identify(src/crazyswarm2/systemtests) by extensions ['cmake', 'python']
[1.104s] Level 1:colcon.colcon_core.package_identification:_identify(src/crazyswarm2/systemtests) by extension 'cmake'
[1.104s] Level 1:colcon.colcon_core.package_identification:_identify(src/crazyswarm2/systemtests) by extension 'python'
[1.104s] Level 1:colcon.colcon_core.package_identification:_identify(src/crazyswarm2/systemtests) by extensions ['python_setup_py']
[1.104s] Level 1:colcon.colcon_core.package_identification:_identify(src/crazyswarm2/systemtests) by extension 'python_setup_py'
[1.104s] Level 1:colcon.colcon_core.package_identification:_identify(src/crazyswarm2/systemtests/SDplotting) by extensions ['ignore', 'ignore_ament_install']
[1.105s] Level 1:colcon.colcon_core.package_identification:_identify(src/crazyswarm2/systemtests/SDplotting) by extension 'ignore'
[1.105s] Level 1:colcon.colcon_core.package_identification:_identify(src/crazyswarm2/systemtests/SDplotting) by extension 'ignore_ament_install'
[1.105s] Level 1:colcon.colcon_core.package_identification:_identify(src/crazyswarm2/systemtests/SDplotting) by extensions ['colcon_pkg']
[1.105s] Level 1:colcon.colcon_core.package_identification:_identify(src/crazyswarm2/systemtests/SDplotting) by extension 'colcon_pkg'
[1.105s] Level 1:colcon.colcon_core.package_identification:_identify(src/crazyswarm2/systemtests/SDplotting) by extensions ['colcon_meta']
[1.105s] Level 1:colcon.colcon_core.package_identification:_identify(src/crazyswarm2/systemtests/SDplotting) by extension 'colcon_meta'
[1.105s] Level 1:colcon.colcon_core.package_identification:_identify(src/crazyswarm2/systemtests/SDplotting) by extensions ['ros']
[1.105s] Level 1:colcon.colcon_core.package_identification:_identify(src/crazyswarm2/systemtests/SDplotting) by extension 'ros'
[1.105s] Level 1:colcon.colcon_core.package_identification:_identify(src/crazyswarm2/systemtests/SDplotting) by extensions ['cmake', 'python']
[1.105s] Level 1:colcon.colcon_core.package_identification:_identify(src/crazyswarm2/systemtests/SDplotting) by extension 'cmake'
[1.105s] Level 1:colcon.colcon_core.package_identification:_identify(src/crazyswarm2/systemtests/SDplotting) by extension 'python'
[1.106s] Level 1:colcon.colcon_core.package_identification:_identify(src/crazyswarm2/systemtests/SDplotting) by extensions ['python_setup_py']
[1.106s] Level 1:colcon.colcon_core.package_identification:_identify(src/crazyswarm2/systemtests/SDplotting) by extension 'python_setup_py'
[1.106s] Level 1:colcon.colcon_core.package_identification:_identify(src/swarm_guidance) by extensions ['ignore', 'ignore_ament_install']
[1.106s] Level 1:colcon.colcon_core.package_identification:_identify(src/swarm_guidance) by extension 'ignore'
[1.106s] Level 1:colcon.colcon_core.package_identification:_identify(src/swarm_guidance) by extension 'ignore_ament_install'
[1.106s] Level 1:colcon.colcon_core.package_identification:_identify(src/swarm_guidance) by extensions ['colcon_pkg']
[1.106s] Level 1:colcon.colcon_core.package_identification:_identify(src/swarm_guidance) by extension 'colcon_pkg'
[1.106s] Level 1:colcon.colcon_core.package_identification:_identify(src/swarm_guidance) by extensions ['colcon_meta']
[1.106s] Level 1:colcon.colcon_core.package_identification:_identify(src/swarm_guidance) by extension 'colcon_meta'
[1.107s] Level 1:colcon.colcon_core.package_identification:_identify(src/swarm_guidance) by extensions ['ros']
[1.107s] Level 1:colcon.colcon_core.package_identification:_identify(src/swarm_guidance) by extension 'ros'
[1.110s] DEBUG:colcon.colcon_core.package_identification:Package 'src/swarm_guidance' with type 'ros.ament_python' and name 'swarm_guidance'
[1.111s] Level 1:colcon.colcon_core.package_identification:_identify(src/swarm_navigation) by extensions ['ignore', 'ignore_ament_install']
[1.111s] Level 1:colcon.colcon_core.package_identification:_identify(src/swarm_navigation) by extension 'ignore'
[1.111s] Level 1:colcon.colcon_core.package_identification:_identify(src/swarm_navigation) by extension 'ignore_ament_install'
[1.111s] Level 1:colcon.colcon_core.package_identification:_identify(src/swarm_navigation) by extensions ['colcon_pkg']
[1.111s] Level 1:colcon.colcon_core.package_identification:_identify(src/swarm_navigation) by extension 'colcon_pkg'
[1.111s] Level 1:colcon.colcon_core.package_identification:_identify(src/swarm_navigation) by extensions ['colcon_meta']
[1.111s] Level 1:colcon.colcon_core.package_identification:_identify(src/swarm_navigation) by extension 'colcon_meta'
[1.111s] Level 1:colcon.colcon_core.package_identification:_identify(src/swarm_navigation) by extensions ['ros']
[1.111s] Level 1:colcon.colcon_core.package_identification:_identify(src/swarm_navigation) by extension 'ros'
[1.113s] DEBUG:colcon.colcon_core.package_identification:Package 'src/swarm_navigation' with type 'ros.ament_python' and name 'swarm_navigation'
[1.114s] Level 1:colcon.colcon_core.package_discovery:discover_packages(recursive) using defaults
[1.114s] Level 1:colcon.colcon_core.package_discovery:discover_packages(ignore) discover
[1.114s] Level 1:colcon.colcon_core.package_discovery:discover_packages(ignore) using defaults
[1.114s] Level 1:colcon.colcon_core.package_discovery:discover_packages(path) discover
[1.114s] Level 1:colcon.colcon_core.package_discovery:discover_packages(path) using defaults
[1.175s] INFO:colcon.colcon_metadata.metadata.colcon_pkg:Updating descriptor of package 'src/crazyswarm2/crazyflie_py' from colcon.pkg: {'python-testing': 'pytest'}
[1.180s] INFO:colcon.colcon_core.package_selection:Skipping not selected package 'crazyflie_interfaces' in 'src/crazyswarm2/crazyflie_interfaces'
[1.180s] INFO:colcon.colcon_core.package_selection:Skipping not selected package 'swarm_guidance' in 'src/swarm_guidance'
[1.180s] INFO:colcon.colcon_core.package_selection:Skipping not selected package 'crazyflie' in 'src/crazyswarm2/crazyflie'
[1.180s] INFO:colcon.colcon_core.package_selection:Skipping not selected package 'crazyflie_py' in 'src/crazyswarm2/crazyflie_py'
[1.180s] INFO:colcon.colcon_core.package_selection:Skipping not selected package 'crazyflie_sim' in 'src/crazyswarm2/crazyflie_sim'
[1.180s] INFO:colcon.colcon_core.package_selection:Skipping not selected package 'swarm_navigation' in 'src/swarm_navigation'
[1.180s] INFO:colcon.colcon_core.package_selection:Skipping not selected package 'crazyflie_examples' in 'src/crazyswarm2/crazyflie_examples'
[1.181s] Level 1:colcon.colcon_core.package_discovery:discover_packages(prefix_path) check parameters
[1.181s] Level 1:colcon.colcon_core.package_discovery:discover_packages(prefix_path) discover
[1.187s] DEBUG:colcon.colcon_installed_package_information.package_discovery:Found 8 installed packages in /home/gowtham/swarm_ws/install
[1.193s] DEBUG:colcon.colcon_installed_package_information.package_discovery:Found 278 installed packages in /opt/ros/humble
[1.198s] Level 1:colcon.colcon_core.package_discovery:discover_packages(prefix_path) using defaults
[1.340s] Level 5:colcon.colcon_core.verb:set package 'central_swarm_control' build argument 'cmake_args' from command line to 'None'
[1.340s] Level 5:colcon.colcon_core.verb:set package 'central_swarm_control' build argument 'cmake_target' from command line to 'None'
[1.340s] Level 5:colcon.colcon_core.verb:set package 'central_swarm_control' build argument 'cmake_target_skip_unavailable' from command line to 'False'
[1.340s] Level 5:colcon.colcon_core.verb:set package 'central_swarm_control' build argument 'cmake_clean_cache' from command line to 'False'
[1.340s] Level 5:colcon.colcon_core.verb:set package 'central_swarm_control' build argument 'cmake_clean_first' from command line to 'False'
[1.340s] Level 5:colcon.colcon_core.verb:set package 'central_swarm_control' build argument 'cmake_force_configure' from command line to 'False'
[1.340s] Level 5:colcon.colcon_core.verb:set package 'central_swarm_control' build argument 'ament_cmake_args' from command line to 'None'
[1.340s] Level 5:colcon.colcon_core.verb:set package 'central_swarm_control' build argument 'catkin_cmake_args' from command line to 'None'
[1.340s] Level 5:colcon.colcon_core.verb:set package 'central_swarm_control' build argument 'catkin_skip_building_tests' from command line to 'False'
[1.340s] DEBUG:colcon.colcon_core.verb:Building package 'central_swarm_control' with the following arguments: {'ament_cmake_args': None, 'build_base': '/home/gowtham/crazyflie_ws/build/central_swarm_control', 'catkin_cmake_args': None, 'catkin_skip_building_tests': False, 'cmake_args': None, 'cmake_clean_cache': False, 'cmake_clean_first': False, 'cmake_force_configure': False, 'cmake_target': None, 'cmake_target_skip_unavailable': False, 'install_base': '/home/gowtham/crazyflie_ws/install/central_swarm_control', 'merge_install': False, 'path': '/home/gowtham/crazyflie_ws/src/central_swarm_control', 'symlink_install': True, 'test_result_base': None}
[1.341s] INFO:colcon.colcon_core.executor:Executing jobs using 'parallel' executor
[1.345s] DEBUG:colcon.colcon_parallel_executor.executor.parallel:run_until_complete
[1.345s] INFO:colcon.colcon_ros.task.ament_python.build:Building ROS package in '/home/gowtham/crazyflie_ws/src/central_swarm_control' with build type 'ament_python'
[1.347s] Level 1:colcon.colcon_core.shell:create_environment_hook('central_swarm_control', 'ament_prefix_path')
[1.353s] INFO:colcon.colcon_core.plugin_system:Skipping extension 'colcon_core.shell.bat': Not used on non-Windows systems
[1.353s] INFO:colcon.colcon_core.shell:Creating environment hook '/home/gowtham/crazyflie_ws/install/central_swarm_control/share/central_swarm_control/hook/ament_prefix_path.ps1'
[1.354s] INFO:colcon.colcon_core.shell:Creating environment descriptor '/home/gowtham/crazyflie_ws/install/central_swarm_control/share/central_swarm_control/hook/ament_prefix_path.dsv'
[1.355s] INFO:colcon.colcon_core.shell:Creating environment hook '/home/gowtham/crazyflie_ws/install/central_swarm_control/share/central_swarm_control/hook/ament_prefix_path.sh'
[1.357s] INFO:colcon.colcon_core.shell:Skip shell extension 'powershell' for command environment: Not usable outside of PowerShell
[1.357s] DEBUG:colcon.colcon_core.shell:Skip shell extension 'dsv' for command environment
[2.155s] INFO:colcon.colcon_core.task.python.build:Building Python package in '/home/gowtham/crazyflie_ws/src/central_swarm_control'
[2.155s] INFO:colcon.colcon_core.shell:Skip shell extension 'powershell' for command environment: Not usable outside of PowerShell
[2.156s] DEBUG:colcon.colcon_core.shell:Skip shell extension 'dsv' for command environment
[3.565s] DEBUG:colcon.colcon_core.event_handler.log_command:Invoking command in '/home/gowtham/crazyflie_ws/build/central_swarm_control': AMENT_PREFIX_PATH=/home/gowtham/crazyflie_ws/install/crazyflie_interfaces:${AMENT_PREFIX_PATH} CMAKE_PREFIX_PATH=/home/gowtham/crazyflie_ws/install/crazyflie_interfaces:${CMAKE_PREFIX_PATH} LD_LIBRARY_PATH=/home/gowtham/crazyflie_ws/install/crazyflie_interfaces/lib:${LD_LIBRARY_PATH} PYTHONPATH=/home/gowtham/crazyflie_ws/build/central_swarm_control/prefix_override:/usr/lib/python3/dist-packages/colcon_core/task/python/colcon_distutils_commands:/home/gowtham/crazyflie_ws/install/central_swarm_control/lib/python3.10/site-packages:/home/gowtham/crazyflie_ws/install/crazyflie_interfaces/local/lib/python3.10/dist-packages:${PYTHONPATH} /usr/bin/python3 -W ignore:setup.py install is deprecated -W ignore:easy_install command is deprecated setup.py develop --editable --build-directory /home/gowtham/crazyflie_ws/build/central_swarm_control/build --no-deps symlink_data
[4.649s] Level 1:colcon.colcon_core.shell:create_environment_hook('central_swarm_control', 'pythonpath_develop')
[4.650s] INFO:colcon.colcon_core.shell:Creating environment hook '/home/gowtham/crazyflie_ws/build/central_swarm_control/share/central_swarm_control/hook/pythonpath_develop.ps1'
[4.654s] DEBUG:colcon.colcon_core.event_handler.log_command:Invoked command in '/home/gowtham/crazyflie_ws/build/central_swarm_control' returned '0': AMENT_PREFIX_PATH=/home/gowtham/crazyflie_ws/install/crazyflie_interfaces:${AMENT_PREFIX_PATH} CMAKE_PREFIX_PATH=/home/gowtham/crazyflie_ws/install/crazyflie_interfaces:${CMAKE_PREFIX_PATH} LD_LIBRARY_PATH=/home/gowtham/crazyflie_ws/install/crazyflie_interfaces/lib:${LD_LIBRARY_PATH} PYTHONPATH=/home/gowtham/crazyflie_ws/build/central_swarm_control/prefix_override:/usr/lib/python3/dist-packages/colcon_core/task/python/colcon_distutils_commands:/home/gowtham/crazyflie_ws/install/central_swarm_control/lib/python3.10/site-packages:/home/gowtham/crazyflie_ws/install/crazyflie_interfaces/local/lib/python3.10/dist-packages:${PYTHONPATH} /usr/bin/python3 -W ignore:setup.py install is deprecated -W ignore:easy_install command is deprecated setup.py develop --editable --build-directory /home/gowtham/crazyflie_ws/build/central_swarm_control/build --no-deps symlink_data
[4.657s] INFO:colcon.colcon_core.shell:Creating environment descriptor '/home/gowtham/crazyflie_ws/build/central_swarm_control/share/central_swarm_control/hook/pythonpath_develop.dsv'
[4.659s] INFO:colcon.colcon_core.shell:Creating environment hook '/home/gowtham/crazyflie_ws/build/central_swarm_control/share/central_swarm_control/hook/pythonpath_develop.sh'
[4.674s] Level 1:colcon.colcon_core.environment:checking '/home/gowtham/crazyflie_ws/install/central_swarm_control' for CMake module files
[4.676s] Level 1:colcon.colcon_core.environment:checking '/home/gowtham/crazyflie_ws/install/central_swarm_control' for CMake config files
[4.678s] Level 1:colcon.colcon_core.environment:checking '/home/gowtham/crazyflie_ws/install/central_swarm_control/lib'
[4.678s] Level 1:colcon.colcon_core.environment:checking '/home/gowtham/crazyflie_ws/install/central_swarm_control/bin'
[4.679s] Level 1:colcon.colcon_core.environment:checking '/home/gowtham/crazyflie_ws/install/central_swarm_control/lib/pkgconfig/central_swarm_control.pc'
[4.679s] Level 1:colcon.colcon_core.environment:checking '/home/gowtham/crazyflie_ws/install/central_swarm_control/lib/python3.10/site-packages'
[4.680s] Level 1:colcon.colcon_core.shell:create_environment_hook('central_swarm_control', 'pythonpath')
[4.680s] INFO:colcon.colcon_core.shell:Creating environment hook '/home/gowtham/crazyflie_ws/install/central_swarm_control/share/central_swarm_control/hook/pythonpath.ps1'
[4.687s] INFO:colcon.colcon_core.shell:Creating environment descriptor '/home/gowtham/crazyflie_ws/install/central_swarm_control/share/central_swarm_control/hook/pythonpath.dsv'
[4.691s] INFO:colcon.colcon_core.shell:Creating environment hook '/home/gowtham/crazyflie_ws/install/central_swarm_control/share/central_swarm_control/hook/pythonpath.sh'
[4.694s] Level 1:colcon.colcon_core.environment:checking '/home/gowtham/crazyflie_ws/install/central_swarm_control/bin'
[4.694s] Level 1:colcon.colcon_core.environment:create_environment_scripts_only(central_swarm_control)
[4.695s] INFO:colcon.colcon_core.shell:Creating package script '/home/gowtham/crazyflie_ws/install/central_swarm_control/share/central_swarm_control/package.ps1'
[4.698s] INFO:colcon.colcon_core.shell:Creating package descriptor '/home/gowtham/crazyflie_ws/install/central_swarm_control/share/central_swarm_control/package.dsv'
[4.699s] INFO:colcon.colcon_core.shell:Creating package script '/home/gowtham/crazyflie_ws/install/central_swarm_control/share/central_swarm_control/package.sh'
[4.702s] INFO:colcon.colcon_core.shell:Creating package script '/home/gowtham/crazyflie_ws/install/central_swarm_control/share/central_swarm_control/package.bash'
[4.704s] INFO:colcon.colcon_core.shell:Creating package script '/home/gowtham/crazyflie_ws/install/central_swarm_control/share/central_swarm_control/package.zsh'
[4.706s] Level 1:colcon.colcon_core.environment:create_file_with_runtime_dependencies(/home/gowtham/crazyflie_ws/install/central_swarm_control/share/colcon-core/packages/central_swarm_control)
[4.706s] DEBUG:colcon.colcon_parallel_executor.executor.parallel:closing loop
[4.711s] DEBUG:colcon.colcon_parallel_executor.executor.parallel:loop closed
[4.711s] DEBUG:colcon.colcon_parallel_executor.executor.parallel:run_until_complete finished with '0'
[4.711s] DEBUG:colcon.colcon_core.event_reactor:joining thread
[4.725s] INFO:colcon.colcon_core.plugin_system:Skipping extension 'colcon_notification.desktop_notification.terminal_notifier': Not used on non-Darwin systems
[4.728s] INFO:colcon.colcon_core.plugin_system:Skipping extension 'colcon_notification.desktop_notification.win32': Not used on non-Windows systems
[4.728s] INFO:colcon.colcon_notification.desktop_notification:Sending desktop notification using 'notify2'
[4.758s] DEBUG:colcon.colcon_core.event_reactor:joined thread
[4.760s] INFO:colcon.colcon_core.shell:Creating prefix script '/home/gowtham/crazyflie_ws/install/local_setup.ps1'
[4.762s] INFO:colcon.colcon_core.shell:Creating prefix util module '/home/gowtham/crazyflie_ws/install/_local_setup_util_ps1.py'
[4.766s] INFO:colcon.colcon_core.shell:Creating prefix chain script '/home/gowtham/crazyflie_ws/install/setup.ps1'
[4.769s] INFO:colcon.colcon_core.shell:Creating prefix script '/home/gowtham/crazyflie_ws/install/local_setup.sh'
[4.770s] INFO:colcon.colcon_core.shell:Creating prefix util module '/home/gowtham/crazyflie_ws/install/_local_setup_util_sh.py'
[4.773s] INFO:colcon.colcon_core.shell:Creating prefix chain script '/home/gowtham/crazyflie_ws/install/setup.sh'
[4.776s] INFO:colcon.colcon_core.shell:Creating prefix script '/home/gowtham/crazyflie_ws/install/local_setup.bash'
[4.778s] INFO:colcon.colcon_core.shell:Creating prefix chain script '/home/gowtham/crazyflie_ws/install/setup.bash'
[4.782s] INFO:colcon.colcon_core.shell:Creating prefix script '/home/gowtham/crazyflie_ws/install/local_setup.zsh'
[4.783s] INFO:colcon.colcon_core.shell:Creating prefix chain script '/home/gowtham/crazyflie_ws/install/setup.zsh'
