[0.156s] DEBUG:colcon:Command line arguments: ['/usr/bin/colcon', 'build', '--packages-select', 'central_swarm_control', 'swarm_guidance', 'swarm_navigation']
[0.157s] DEBUG:colcon:Parsed command line arguments: Namespace(log_base=None, log_level=None, verb_name='build', build_base='build', install_base='install', merge_install=False, symlink_install=False, test_result_base=None, continue_on_error=False, executor='parallel', parallel_workers=4, event_handlers=None, ignore_user_meta=False, metas=['./colcon.meta'], base_paths=['.'], packages_ignore=None, packages_ignore_regex=None, paths=None, packages_up_to=None, packages_up_to_regex=None, packages_above=None, packages_above_and_dependencies=None, packages_above_depth=None, packages_select_by_dep=None, packages_skip_by_dep=None, packages_skip_up_to=None, packages_select_build_failed=False, packages_skip_build_finished=False, packages_select_test_failures=False, packages_skip_test_passed=False, packages_select=['central_swarm_control', 'swarm_guidance', 'swarm_navigation'], packages_skip=None, packages_select_regex=None, packages_skip_regex=None, packages_start=None, packages_end=None, allow_overriding=[], cmake_args=None, cmake_target=None, cmake_target_skip_unavailable=False, cmake_clean_cache=False, cmake_clean_first=False, cmake_force_configure=False, ament_cmake_args=None, catkin_cmake_args=None, catkin_skip_building_tests=False, mixin_files=None, mixin=None, verb_parser=<colcon_mixin.mixin.mixin_argument.MixinArgumentDecorator object at 0x7aabd4248670>, verb_extension=<colcon_core.verb.build.BuildVerb object at 0x7aabd4207f10>, main=<bound method BuildVerb.main of <colcon_core.verb.build.BuildVerb object at 0x7aabd4207f10>>, mixin_verb=('build',))
[0.417s] Level 1:colcon.colcon_core.package_discovery:discover_packages(colcon_meta) check parameters
[0.417s] Level 1:colcon.colcon_core.package_discovery:discover_packages(recursive) check parameters
[0.417s] Level 1:colcon.colcon_core.package_discovery:discover_packages(ignore) check parameters
[0.417s] Level 1:colcon.colcon_core.package_discovery:discover_packages(path) check parameters
[0.417s] Level 1:colcon.colcon_core.package_discovery:discover_packages(colcon_meta) discover
[0.417s] Level 1:colcon.colcon_core.package_discovery:discover_packages(recursive) discover
[0.418s] INFO:colcon.colcon_core.package_discovery:Crawling recursively for packages in '/home/gowtham/crazyflie_ws'
[0.418s] Level 1:colcon.colcon_core.package_identification:_identify(.) by extensions ['ignore', 'ignore_ament_install']
[0.418s] Level 1:colcon.colcon_core.package_identification:_identify(.) by extension 'ignore'
[0.418s] Level 1:colcon.colcon_core.package_identification:_identify(.) by extension 'ignore_ament_install'
[0.418s] Level 1:colcon.colcon_core.package_identification:_identify(.) by extensions ['colcon_pkg']
[0.418s] Level 1:colcon.colcon_core.package_identification:_identify(.) by extension 'colcon_pkg'
[0.418s] Level 1:colcon.colcon_core.package_identification:_identify(.) by extensions ['colcon_meta']
[0.418s] Level 1:colcon.colcon_core.package_identification:_identify(.) by extension 'colcon_meta'
[0.418s] Level 1:colcon.colcon_core.package_identification:_identify(.) by extensions ['ros']
[0.418s] Level 1:colcon.colcon_core.package_identification:_identify(.) by extension 'ros'
[0.471s] Level 1:colcon.colcon_core.package_identification:_identify(.) by extensions ['cmake', 'python']
[0.471s] Level 1:colcon.colcon_core.package_identification:_identify(.) by extension 'cmake'
[0.471s] Level 1:colcon.colcon_core.package_identification:_identify(.) by extension 'python'
[0.472s] Level 1:colcon.colcon_core.package_identification:_identify(.) by extensions ['python_setup_py']
[0.472s] Level 1:colcon.colcon_core.package_identification:_identify(.) by extension 'python_setup_py'
[0.472s] Level 1:colcon.colcon_core.package_identification:_identify(build) by extensions ['ignore', 'ignore_ament_install']
[0.472s] Level 1:colcon.colcon_core.package_identification:_identify(build) by extension 'ignore'
[0.472s] Level 1:colcon.colcon_core.package_identification:_identify(build) ignored
[0.472s] Level 1:colcon.colcon_core.package_identification:_identify(experiment_logs) by extensions ['ignore', 'ignore_ament_install']
[0.472s] Level 1:colcon.colcon_core.package_identification:_identify(experiment_logs) by extension 'ignore'
[0.472s] Level 1:colcon.colcon_core.package_identification:_identify(experiment_logs) by extension 'ignore_ament_install'
[0.472s] Level 1:colcon.colcon_core.package_identification:_identify(experiment_logs) by extensions ['colcon_pkg']
[0.472s] Level 1:colcon.colcon_core.package_identification:_identify(experiment_logs) by extension 'colcon_pkg'
[0.472s] Level 1:colcon.colcon_core.package_identification:_identify(experiment_logs) by extensions ['colcon_meta']
[0.472s] Level 1:colcon.colcon_core.package_identification:_identify(experiment_logs) by extension 'colcon_meta'
[0.472s] Level 1:colcon.colcon_core.package_identification:_identify(experiment_logs) by extensions ['ros']
[0.473s] Level 1:colcon.colcon_core.package_identification:_identify(experiment_logs) by extension 'ros'
[0.473s] Level 1:colcon.colcon_core.package_identification:_identify(experiment_logs) by extensions ['cmake', 'python']
[0.473s] Level 1:colcon.colcon_core.package_identification:_identify(experiment_logs) by extension 'cmake'
[0.473s] Level 1:colcon.colcon_core.package_identification:_identify(experiment_logs) by extension 'python'
[0.473s] Level 1:colcon.colcon_core.package_identification:_identify(experiment_logs) by extensions ['python_setup_py']
[0.473s] Level 1:colcon.colcon_core.package_identification:_identify(experiment_logs) by extension 'python_setup_py'
[0.473s] Level 1:colcon.colcon_core.package_identification:_identify(experiment_logs/A1_abrupt_health_0.7) by extensions ['ignore', 'ignore_ament_install']
[0.473s] Level 1:colcon.colcon_core.package_identification:_identify(experiment_logs/A1_abrupt_health_0.7) by extension 'ignore'
[0.473s] Level 1:colcon.colcon_core.package_identification:_identify(experiment_logs/A1_abrupt_health_0.7) by extension 'ignore_ament_install'
[0.473s] Level 1:colcon.colcon_core.package_identification:_identify(experiment_logs/A1_abrupt_health_0.7) by extensions ['colcon_pkg']
[0.473s] Level 1:colcon.colcon_core.package_identification:_identify(experiment_logs/A1_abrupt_health_0.7) by extension 'colcon_pkg'
[0.473s] Level 1:colcon.colcon_core.package_identification:_identify(experiment_logs/A1_abrupt_health_0.7) by extensions ['colcon_meta']
[0.473s] Level 1:colcon.colcon_core.package_identification:_identify(experiment_logs/A1_abrupt_health_0.7) by extension 'colcon_meta'
[0.473s] Level 1:colcon.colcon_core.package_identification:_identify(experiment_logs/A1_abrupt_health_0.7) by extensions ['ros']
[0.473s] Level 1:colcon.colcon_core.package_identification:_identify(experiment_logs/A1_abrupt_health_0.7) by extension 'ros'
[0.473s] Level 1:colcon.colcon_core.package_identification:_identify(experiment_logs/A1_abrupt_health_0.7) by extensions ['cmake', 'python']
[0.473s] Level 1:colcon.colcon_core.package_identification:_identify(experiment_logs/A1_abrupt_health_0.7) by extension 'cmake'
[0.474s] Level 1:colcon.colcon_core.package_identification:_identify(experiment_logs/A1_abrupt_health_0.7) by extension 'python'
[0.474s] Level 1:colcon.colcon_core.package_identification:_identify(experiment_logs/A1_abrupt_health_0.7) by extensions ['python_setup_py']
[0.474s] Level 1:colcon.colcon_core.package_identification:_identify(experiment_logs/A1_abrupt_health_0.7) by extension 'python_setup_py'
[0.474s] Level 1:colcon.colcon_core.package_identification:_identify(experiment_logs/A1_abrupt_health_0.7/run_1) by extensions ['ignore', 'ignore_ament_install']
[0.474s] Level 1:colcon.colcon_core.package_identification:_identify(experiment_logs/A1_abrupt_health_0.7/run_1) by extension 'ignore'
[0.474s] Level 1:colcon.colcon_core.package_identification:_identify(experiment_logs/A1_abrupt_health_0.7/run_1) by extension 'ignore_ament_install'
[0.474s] Level 1:colcon.colcon_core.package_identification:_identify(experiment_logs/A1_abrupt_health_0.7/run_1) by extensions ['colcon_pkg']
[0.474s] Level 1:colcon.colcon_core.package_identification:_identify(experiment_logs/A1_abrupt_health_0.7/run_1) by extension 'colcon_pkg'
[0.474s] Level 1:colcon.colcon_core.package_identification:_identify(experiment_logs/A1_abrupt_health_0.7/run_1) by extensions ['colcon_meta']
[0.474s] Level 1:colcon.colcon_core.package_identification:_identify(experiment_logs/A1_abrupt_health_0.7/run_1) by extension 'colcon_meta'
[0.474s] Level 1:colcon.colcon_core.package_identification:_identify(experiment_logs/A1_abrupt_health_0.7/run_1) by extensions ['ros']
[0.474s] Level 1:colcon.colcon_core.package_identification:_identify(experiment_logs/A1_abrupt_health_0.7/run_1) by extension 'ros'
[0.474s] Level 1:colcon.colcon_core.package_identification:_identify(experiment_logs/A1_abrupt_health_0.7/run_1) by extensions ['cmake', 'python']
[0.474s] Level 1:colcon.colcon_core.package_identification:_identify(experiment_logs/A1_abrupt_health_0.7/run_1) by extension 'cmake'
[0.474s] Level 1:colcon.colcon_core.package_identification:_identify(experiment_logs/A1_abrupt_health_0.7/run_1) by extension 'python'
[0.474s] Level 1:colcon.colcon_core.package_identification:_identify(experiment_logs/A1_abrupt_health_0.7/run_1) by extensions ['python_setup_py']
[0.474s] Level 1:colcon.colcon_core.package_identification:_identify(experiment_logs/A1_abrupt_health_0.7/run_1) by extension 'python_setup_py'
[0.475s] Level 1:colcon.colcon_core.package_identification:_identify(experiment_logs/A1_abrupt_health_0.7/run_2) by extensions ['ignore', 'ignore_ament_install']
[0.475s] Level 1:colcon.colcon_core.package_identification:_identify(experiment_logs/A1_abrupt_health_0.7/run_2) by extension 'ignore'
[0.475s] Level 1:colcon.colcon_core.package_identification:_identify(experiment_logs/A1_abrupt_health_0.7/run_2) by extension 'ignore_ament_install'
[0.475s] Level 1:colcon.colcon_core.package_identification:_identify(experiment_logs/A1_abrupt_health_0.7/run_2) by extensions ['colcon_pkg']
[0.475s] Level 1:colcon.colcon_core.package_identification:_identify(experiment_logs/A1_abrupt_health_0.7/run_2) by extension 'colcon_pkg'
[0.475s] Level 1:colcon.colcon_core.package_identification:_identify(experiment_logs/A1_abrupt_health_0.7/run_2) by extensions ['colcon_meta']
[0.475s] Level 1:colcon.colcon_core.package_identification:_identify(experiment_logs/A1_abrupt_health_0.7/run_2) by extension 'colcon_meta'
[0.475s] Level 1:colcon.colcon_core.package_identification:_identify(experiment_logs/A1_abrupt_health_0.7/run_2) by extensions ['ros']
[0.475s] Level 1:colcon.colcon_core.package_identification:_identify(experiment_logs/A1_abrupt_health_0.7/run_2) by extension 'ros'
[0.475s] Level 1:colcon.colcon_core.package_identification:_identify(experiment_logs/A1_abrupt_health_0.7/run_2) by extensions ['cmake', 'python']
[0.475s] Level 1:colcon.colcon_core.package_identification:_identify(experiment_logs/A1_abrupt_health_0.7/run_2) by extension 'cmake'
[0.475s] Level 1:colcon.colcon_core.package_identification:_identify(experiment_logs/A1_abrupt_health_0.7/run_2) by extension 'python'
[0.475s] Level 1:colcon.colcon_core.package_identification:_identify(experiment_logs/A1_abrupt_health_0.7/run_2) by extensions ['python_setup_py']
[0.475s] Level 1:colcon.colcon_core.package_identification:_identify(experiment_logs/A1_abrupt_health_0.7/run_2) by extension 'python_setup_py'
[0.475s] Level 1:colcon.colcon_core.package_identification:_identify(experiment_logs/A1_abrupt_health_0.7/run_3) by extensions ['ignore', 'ignore_ament_install']
[0.476s] Level 1:colcon.colcon_core.package_identification:_identify(experiment_logs/A1_abrupt_health_0.7/run_3) by extension 'ignore'
[0.476s] Level 1:colcon.colcon_core.package_identification:_identify(experiment_logs/A1_abrupt_health_0.7/run_3) by extension 'ignore_ament_install'
[0.476s] Level 1:colcon.colcon_core.package_identification:_identify(experiment_logs/A1_abrupt_health_0.7/run_3) by extensions ['colcon_pkg']
[0.476s] Level 1:colcon.colcon_core.package_identification:_identify(experiment_logs/A1_abrupt_health_0.7/run_3) by extension 'colcon_pkg'
[0.476s] Level 1:colcon.colcon_core.package_identification:_identify(experiment_logs/A1_abrupt_health_0.7/run_3) by extensions ['colcon_meta']
[0.476s] Level 1:colcon.colcon_core.package_identification:_identify(experiment_logs/A1_abrupt_health_0.7/run_3) by extension 'colcon_meta'
[0.476s] Level 1:colcon.colcon_core.package_identification:_identify(experiment_logs/A1_abrupt_health_0.7/run_3) by extensions ['ros']
[0.476s] Level 1:colcon.colcon_core.package_identification:_identify(experiment_logs/A1_abrupt_health_0.7/run_3) by extension 'ros'
[0.476s] Level 1:colcon.colcon_core.package_identification:_identify(experiment_logs/A1_abrupt_health_0.7/run_3) by extensions ['cmake', 'python']
[0.476s] Level 1:colcon.colcon_core.package_identification:_identify(experiment_logs/A1_abrupt_health_0.7/run_3) by extension 'cmake'
[0.476s] Level 1:colcon.colcon_core.package_identification:_identify(experiment_logs/A1_abrupt_health_0.7/run_3) by extension 'python'
[0.476s] Level 1:colcon.colcon_core.package_identification:_identify(experiment_logs/A1_abrupt_health_0.7/run_3) by extensions ['python_setup_py']
[0.476s] Level 1:colcon.colcon_core.package_identification:_identify(experiment_logs/A1_abrupt_health_0.7/run_3) by extension 'python_setup_py'
[0.476s] Level 1:colcon.colcon_core.package_identification:_identify(experiment_logs/A2_abrupt_health_0.5) by extensions ['ignore', 'ignore_ament_install']
[0.476s] Level 1:colcon.colcon_core.package_identification:_identify(experiment_logs/A2_abrupt_health_0.5) by extension 'ignore'
[0.476s] Level 1:colcon.colcon_core.package_identification:_identify(experiment_logs/A2_abrupt_health_0.5) by extension 'ignore_ament_install'
[0.476s] Level 1:colcon.colcon_core.package_identification:_identify(experiment_logs/A2_abrupt_health_0.5) by extensions ['colcon_pkg']
[0.477s] Level 1:colcon.colcon_core.package_identification:_identify(experiment_logs/A2_abrupt_health_0.5) by extension 'colcon_pkg'
[0.477s] Level 1:colcon.colcon_core.package_identification:_identify(experiment_logs/A2_abrupt_health_0.5) by extensions ['colcon_meta']
[0.477s] Level 1:colcon.colcon_core.package_identification:_identify(experiment_logs/A2_abrupt_health_0.5) by extension 'colcon_meta'
[0.477s] Level 1:colcon.colcon_core.package_identification:_identify(experiment_logs/A2_abrupt_health_0.5) by extensions ['ros']
[0.477s] Level 1:colcon.colcon_core.package_identification:_identify(experiment_logs/A2_abrupt_health_0.5) by extension 'ros'
[0.477s] Level 1:colcon.colcon_core.package_identification:_identify(experiment_logs/A2_abrupt_health_0.5) by extensions ['cmake', 'python']
[0.477s] Level 1:colcon.colcon_core.package_identification:_identify(experiment_logs/A2_abrupt_health_0.5) by extension 'cmake'
[0.477s] Level 1:colcon.colcon_core.package_identification:_identify(experiment_logs/A2_abrupt_health_0.5) by extension 'python'
[0.477s] Level 1:colcon.colcon_core.package_identification:_identify(experiment_logs/A2_abrupt_health_0.5) by extensions ['python_setup_py']
[0.477s] Level 1:colcon.colcon_core.package_identification:_identify(experiment_logs/A2_abrupt_health_0.5) by extension 'python_setup_py'
[0.477s] Level 1:colcon.colcon_core.package_identification:_identify(experiment_logs/A2_abrupt_health_0.5/run_1) by extensions ['ignore', 'ignore_ament_install']
[0.477s] Level 1:colcon.colcon_core.package_identification:_identify(experiment_logs/A2_abrupt_health_0.5/run_1) by extension 'ignore'
[0.477s] Level 1:colcon.colcon_core.package_identification:_identify(experiment_logs/A2_abrupt_health_0.5/run_1) by extension 'ignore_ament_install'
[0.477s] Level 1:colcon.colcon_core.package_identification:_identify(experiment_logs/A2_abrupt_health_0.5/run_1) by extensions ['colcon_pkg']
[0.477s] Level 1:colcon.colcon_core.package_identification:_identify(experiment_logs/A2_abrupt_health_0.5/run_1) by extension 'colcon_pkg'
[0.477s] Level 1:colcon.colcon_core.package_identification:_identify(experiment_logs/A2_abrupt_health_0.5/run_1) by extensions ['colcon_meta']
[0.477s] Level 1:colcon.colcon_core.package_identification:_identify(experiment_logs/A2_abrupt_health_0.5/run_1) by extension 'colcon_meta'
[0.477s] Level 1:colcon.colcon_core.package_identification:_identify(experiment_logs/A2_abrupt_health_0.5/run_1) by extensions ['ros']
[0.478s] Level 1:colcon.colcon_core.package_identification:_identify(experiment_logs/A2_abrupt_health_0.5/run_1) by extension 'ros'
[0.478s] Level 1:colcon.colcon_core.package_identification:_identify(experiment_logs/A2_abrupt_health_0.5/run_1) by extensions ['cmake', 'python']
[0.478s] Level 1:colcon.colcon_core.package_identification:_identify(experiment_logs/A2_abrupt_health_0.5/run_1) by extension 'cmake'
[0.478s] Level 1:colcon.colcon_core.package_identification:_identify(experiment_logs/A2_abrupt_health_0.5/run_1) by extension 'python'
[0.478s] Level 1:colcon.colcon_core.package_identification:_identify(experiment_logs/A2_abrupt_health_0.5/run_1) by extensions ['python_setup_py']
[0.478s] Level 1:colcon.colcon_core.package_identification:_identify(experiment_logs/A2_abrupt_health_0.5/run_1) by extension 'python_setup_py'
[0.478s] Level 1:colcon.colcon_core.package_identification:_identify(experiment_logs/A2_abrupt_health_0.5/run_2) by extensions ['ignore', 'ignore_ament_install']
[0.478s] Level 1:colcon.colcon_core.package_identification:_identify(experiment_logs/A2_abrupt_health_0.5/run_2) by extension 'ignore'
[0.478s] Level 1:colcon.colcon_core.package_identification:_identify(experiment_logs/A2_abrupt_health_0.5/run_2) by extension 'ignore_ament_install'
[0.478s] Level 1:colcon.colcon_core.package_identification:_identify(experiment_logs/A2_abrupt_health_0.5/run_2) by extensions ['colcon_pkg']
[0.478s] Level 1:colcon.colcon_core.package_identification:_identify(experiment_logs/A2_abrupt_health_0.5/run_2) by extension 'colcon_pkg'
[0.478s] Level 1:colcon.colcon_core.package_identification:_identify(experiment_logs/A2_abrupt_health_0.5/run_2) by extensions ['colcon_meta']
[0.478s] Level 1:colcon.colcon_core.package_identification:_identify(experiment_logs/A2_abrupt_health_0.5/run_2) by extension 'colcon_meta'
[0.478s] Level 1:colcon.colcon_core.package_identification:_identify(experiment_logs/A2_abrupt_health_0.5/run_2) by extensions ['ros']
[0.478s] Level 1:colcon.colcon_core.package_identification:_identify(experiment_logs/A2_abrupt_health_0.5/run_2) by extension 'ros'
[0.479s] Level 1:colcon.colcon_core.package_identification:_identify(experiment_logs/A2_abrupt_health_0.5/run_2) by extensions ['cmake', 'python']
[0.479s] Level 1:colcon.colcon_core.package_identification:_identify(experiment_logs/A2_abrupt_health_0.5/run_2) by extension 'cmake'
[0.479s] Level 1:colcon.colcon_core.package_identification:_identify(experiment_logs/A2_abrupt_health_0.5/run_2) by extension 'python'
[0.479s] Level 1:colcon.colcon_core.package_identification:_identify(experiment_logs/A2_abrupt_health_0.5/run_2) by extensions ['python_setup_py']
[0.479s] Level 1:colcon.colcon_core.package_identification:_identify(experiment_logs/A2_abrupt_health_0.5/run_2) by extension 'python_setup_py'
[0.479s] Level 1:colcon.colcon_core.package_identification:_identify(experiment_logs/A2_abrupt_health_0.5/run_3) by extensions ['ignore', 'ignore_ament_install']
[0.479s] Level 1:colcon.colcon_core.package_identification:_identify(experiment_logs/A2_abrupt_health_0.5/run_3) by extension 'ignore'
[0.479s] Level 1:colcon.colcon_core.package_identification:_identify(experiment_logs/A2_abrupt_health_0.5/run_3) by extension 'ignore_ament_install'
[0.479s] Level 1:colcon.colcon_core.package_identification:_identify(experiment_logs/A2_abrupt_health_0.5/run_3) by extensions ['colcon_pkg']
[0.479s] Level 1:colcon.colcon_core.package_identification:_identify(experiment_logs/A2_abrupt_health_0.5/run_3) by extension 'colcon_pkg'
[0.479s] Level 1:colcon.colcon_core.package_identification:_identify(experiment_logs/A2_abrupt_health_0.5/run_3) by extensions ['colcon_meta']
[0.479s] Level 1:colcon.colcon_core.package_identification:_identify(experiment_logs/A2_abrupt_health_0.5/run_3) by extension 'colcon_meta'
[0.480s] Level 1:colcon.colcon_core.package_identification:_identify(experiment_logs/A2_abrupt_health_0.5/run_3) by extensions ['ros']
[0.480s] Level 1:colcon.colcon_core.package_identification:_identify(experiment_logs/A2_abrupt_health_0.5/run_3) by extension 'ros'
[0.480s] Level 1:colcon.colcon_core.package_identification:_identify(experiment_logs/A2_abrupt_health_0.5/run_3) by extensions ['cmake', 'python']
[0.480s] Level 1:colcon.colcon_core.package_identification:_identify(experiment_logs/A2_abrupt_health_0.5/run_3) by extension 'cmake'
[0.480s] Level 1:colcon.colcon_core.package_identification:_identify(experiment_logs/A2_abrupt_health_0.5/run_3) by extension 'python'
[0.480s] Level 1:colcon.colcon_core.package_identification:_identify(experiment_logs/A2_abrupt_health_0.5/run_3) by extensions ['python_setup_py']
[0.480s] Level 1:colcon.colcon_core.package_identification:_identify(experiment_logs/A2_abrupt_health_0.5/run_3) by extension 'python_setup_py'
[0.480s] Level 1:colcon.colcon_core.package_identification:_identify(experiment_logs/A3_abrupt_health_0.3) by extensions ['ignore', 'ignore_ament_install']
[0.480s] Level 1:colcon.colcon_core.package_identification:_identify(experiment_logs/A3_abrupt_health_0.3) by extension 'ignore'
[0.480s] Level 1:colcon.colcon_core.package_identification:_identify(experiment_logs/A3_abrupt_health_0.3) by extension 'ignore_ament_install'
[0.480s] Level 1:colcon.colcon_core.package_identification:_identify(experiment_logs/A3_abrupt_health_0.3) by extensions ['colcon_pkg']
[0.480s] Level 1:colcon.colcon_core.package_identification:_identify(experiment_logs/A3_abrupt_health_0.3) by extension 'colcon_pkg'
[0.480s] Level 1:colcon.colcon_core.package_identification:_identify(experiment_logs/A3_abrupt_health_0.3) by extensions ['colcon_meta']
[0.480s] Level 1:colcon.colcon_core.package_identification:_identify(experiment_logs/A3_abrupt_health_0.3) by extension 'colcon_meta'
[0.480s] Level 1:colcon.colcon_core.package_identification:_identify(experiment_logs/A3_abrupt_health_0.3) by extensions ['ros']
[0.480s] Level 1:colcon.colcon_core.package_identification:_identify(experiment_logs/A3_abrupt_health_0.3) by extension 'ros'
[0.481s] Level 1:colcon.colcon_core.package_identification:_identify(experiment_logs/A3_abrupt_health_0.3) by extensions ['cmake', 'python']
[0.481s] Level 1:colcon.colcon_core.package_identification:_identify(experiment_logs/A3_abrupt_health_0.3) by extension 'cmake'
[0.481s] Level 1:colcon.colcon_core.package_identification:_identify(experiment_logs/A3_abrupt_health_0.3) by extension 'python'
[0.481s] Level 1:colcon.colcon_core.package_identification:_identify(experiment_logs/A3_abrupt_health_0.3) by extensions ['python_setup_py']
[0.481s] Level 1:colcon.colcon_core.package_identification:_identify(experiment_logs/A3_abrupt_health_0.3) by extension 'python_setup_py'
[0.481s] Level 1:colcon.colcon_core.package_identification:_identify(experiment_logs/A3_abrupt_health_0.3/run_1) by extensions ['ignore', 'ignore_ament_install']
[0.481s] Level 1:colcon.colcon_core.package_identification:_identify(experiment_logs/A3_abrupt_health_0.3/run_1) by extension 'ignore'
[0.481s] Level 1:colcon.colcon_core.package_identification:_identify(experiment_logs/A3_abrupt_health_0.3/run_1) by extension 'ignore_ament_install'
[0.481s] Level 1:colcon.colcon_core.package_identification:_identify(experiment_logs/A3_abrupt_health_0.3/run_1) by extensions ['colcon_pkg']
[0.481s] Level 1:colcon.colcon_core.package_identification:_identify(experiment_logs/A3_abrupt_health_0.3/run_1) by extension 'colcon_pkg'
[0.481s] Level 1:colcon.colcon_core.package_identification:_identify(experiment_logs/A3_abrupt_health_0.3/run_1) by extensions ['colcon_meta']
[0.481s] Level 1:colcon.colcon_core.package_identification:_identify(experiment_logs/A3_abrupt_health_0.3/run_1) by extension 'colcon_meta'
[0.481s] Level 1:colcon.colcon_core.package_identification:_identify(experiment_logs/A3_abrupt_health_0.3/run_1) by extensions ['ros']
[0.481s] Level 1:colcon.colcon_core.package_identification:_identify(experiment_logs/A3_abrupt_health_0.3/run_1) by extension 'ros'
[0.482s] Level 1:colcon.colcon_core.package_identification:_identify(experiment_logs/A3_abrupt_health_0.3/run_1) by extensions ['cmake', 'python']
[0.482s] Level 1:colcon.colcon_core.package_identification:_identify(experiment_logs/A3_abrupt_health_0.3/run_1) by extension 'cmake'
[0.482s] Level 1:colcon.colcon_core.package_identification:_identify(experiment_logs/A3_abrupt_health_0.3/run_1) by extension 'python'
[0.482s] Level 1:colcon.colcon_core.package_identification:_identify(experiment_logs/A3_abrupt_health_0.3/run_1) by extensions ['python_setup_py']
[0.482s] Level 1:colcon.colcon_core.package_identification:_identify(experiment_logs/A3_abrupt_health_0.3/run_1) by extension 'python_setup_py'
[0.482s] Level 1:colcon.colcon_core.package_identification:_identify(experiment_logs/A3_abrupt_health_0.3/run_2) by extensions ['ignore', 'ignore_ament_install']
[0.482s] Level 1:colcon.colcon_core.package_identification:_identify(experiment_logs/A3_abrupt_health_0.3/run_2) by extension 'ignore'
[0.482s] Level 1:colcon.colcon_core.package_identification:_identify(experiment_logs/A3_abrupt_health_0.3/run_2) by extension 'ignore_ament_install'
[0.482s] Level 1:colcon.colcon_core.package_identification:_identify(experiment_logs/A3_abrupt_health_0.3/run_2) by extensions ['colcon_pkg']
[0.482s] Level 1:colcon.colcon_core.package_identification:_identify(experiment_logs/A3_abrupt_health_0.3/run_2) by extension 'colcon_pkg'
[0.483s] Level 1:colcon.colcon_core.package_identification:_identify(experiment_logs/A3_abrupt_health_0.3/run_2) by extensions ['colcon_meta']
[0.483s] Level 1:colcon.colcon_core.package_identification:_identify(experiment_logs/A3_abrupt_health_0.3/run_2) by extension 'colcon_meta'
[0.483s] Level 1:colcon.colcon_core.package_identification:_identify(experiment_logs/A3_abrupt_health_0.3/run_2) by extensions ['ros']
[0.483s] Level 1:colcon.colcon_core.package_identification:_identify(experiment_logs/A3_abrupt_health_0.3/run_2) by extension 'ros'
[0.483s] Level 1:colcon.colcon_core.package_identification:_identify(experiment_logs/A3_abrupt_health_0.3/run_2) by extensions ['cmake', 'python']
[0.483s] Level 1:colcon.colcon_core.package_identification:_identify(experiment_logs/A3_abrupt_health_0.3/run_2) by extension 'cmake'
[0.483s] Level 1:colcon.colcon_core.package_identification:_identify(experiment_logs/A3_abrupt_health_0.3/run_2) by extension 'python'
[0.483s] Level 1:colcon.colcon_core.package_identification:_identify(experiment_logs/A3_abrupt_health_0.3/run_2) by extensions ['python_setup_py']
[0.483s] Level 1:colcon.colcon_core.package_identification:_identify(experiment_logs/A3_abrupt_health_0.3/run_2) by extension 'python_setup_py'
[0.483s] Level 1:colcon.colcon_core.package_identification:_identify(experiment_logs/A3_abrupt_health_0.3/run_3) by extensions ['ignore', 'ignore_ament_install']
[0.484s] Level 1:colcon.colcon_core.package_identification:_identify(experiment_logs/A3_abrupt_health_0.3/run_3) by extension 'ignore'
[0.485s] Level 1:colcon.colcon_core.package_identification:_identify(experiment_logs/A3_abrupt_health_0.3/run_3) by extension 'ignore_ament_install'
[0.485s] Level 1:colcon.colcon_core.package_identification:_identify(experiment_logs/A3_abrupt_health_0.3/run_3) by extensions ['colcon_pkg']
[0.485s] Level 1:colcon.colcon_core.package_identification:_identify(experiment_logs/A3_abrupt_health_0.3/run_3) by extension 'colcon_pkg'
[0.485s] Level 1:colcon.colcon_core.package_identification:_identify(experiment_logs/A3_abrupt_health_0.3/run_3) by extensions ['colcon_meta']
[0.485s] Level 1:colcon.colcon_core.package_identification:_identify(experiment_logs/A3_abrupt_health_0.3/run_3) by extension 'colcon_meta'
[0.485s] Level 1:colcon.colcon_core.package_identification:_identify(experiment_logs/A3_abrupt_health_0.3/run_3) by extensions ['ros']
[0.485s] Level 1:colcon.colcon_core.package_identification:_identify(experiment_logs/A3_abrupt_health_0.3/run_3) by extension 'ros'
[0.485s] Level 1:colcon.colcon_core.package_identification:_identify(experiment_logs/A3_abrupt_health_0.3/run_3) by extensions ['cmake', 'python']
[0.485s] Level 1:colcon.colcon_core.package_identification:_identify(experiment_logs/A3_abrupt_health_0.3/run_3) by extension 'cmake'
[0.485s] Level 1:colcon.colcon_core.package_identification:_identify(experiment_logs/A3_abrupt_health_0.3/run_3) by extension 'python'
[0.485s] Level 1:colcon.colcon_core.package_identification:_identify(experiment_logs/A3_abrupt_health_0.3/run_3) by extensions ['python_setup_py']
[0.486s] Level 1:colcon.colcon_core.package_identification:_identify(experiment_logs/A3_abrupt_health_0.3/run_3) by extension 'python_setup_py'
[0.486s] Level 1:colcon.colcon_core.package_identification:_identify(experiment_logs/B1_no_fault) by extensions ['ignore', 'ignore_ament_install']
[0.486s] Level 1:colcon.colcon_core.package_identification:_identify(experiment_logs/B1_no_fault) by extension 'ignore'
[0.486s] Level 1:colcon.colcon_core.package_identification:_identify(experiment_logs/B1_no_fault) by extension 'ignore_ament_install'
[0.486s] Level 1:colcon.colcon_core.package_identification:_identify(experiment_logs/B1_no_fault) by extensions ['colcon_pkg']
[0.486s] Level 1:colcon.colcon_core.package_identification:_identify(experiment_logs/B1_no_fault) by extension 'colcon_pkg'
[0.486s] Level 1:colcon.colcon_core.package_identification:_identify(experiment_logs/B1_no_fault) by extensions ['colcon_meta']
[0.486s] Level 1:colcon.colcon_core.package_identification:_identify(experiment_logs/B1_no_fault) by extension 'colcon_meta'
[0.486s] Level 1:colcon.colcon_core.package_identification:_identify(experiment_logs/B1_no_fault) by extensions ['ros']
[0.486s] Level 1:colcon.colcon_core.package_identification:_identify(experiment_logs/B1_no_fault) by extension 'ros'
[0.486s] Level 1:colcon.colcon_core.package_identification:_identify(experiment_logs/B1_no_fault) by extensions ['cmake', 'python']
[0.486s] Level 1:colcon.colcon_core.package_identification:_identify(experiment_logs/B1_no_fault) by extension 'cmake'
[0.487s] Level 1:colcon.colcon_core.package_identification:_identify(experiment_logs/B1_no_fault) by extension 'python'
[0.487s] Level 1:colcon.colcon_core.package_identification:_identify(experiment_logs/B1_no_fault) by extensions ['python_setup_py']
[0.487s] Level 1:colcon.colcon_core.package_identification:_identify(experiment_logs/B1_no_fault) by extension 'python_setup_py'
[0.487s] Level 1:colcon.colcon_core.package_identification:_identify(experiment_logs/B1_no_fault/run_1) by extensions ['ignore', 'ignore_ament_install']
[0.487s] Level 1:colcon.colcon_core.package_identification:_identify(experiment_logs/B1_no_fault/run_1) by extension 'ignore'
[0.487s] Level 1:colcon.colcon_core.package_identification:_identify(experiment_logs/B1_no_fault/run_1) by extension 'ignore_ament_install'
[0.487s] Level 1:colcon.colcon_core.package_identification:_identify(experiment_logs/B1_no_fault/run_1) by extensions ['colcon_pkg']
[0.487s] Level 1:colcon.colcon_core.package_identification:_identify(experiment_logs/B1_no_fault/run_1) by extension 'colcon_pkg'
[0.487s] Level 1:colcon.colcon_core.package_identification:_identify(experiment_logs/B1_no_fault/run_1) by extensions ['colcon_meta']
[0.487s] Level 1:colcon.colcon_core.package_identification:_identify(experiment_logs/B1_no_fault/run_1) by extension 'colcon_meta'
[0.487s] Level 1:colcon.colcon_core.package_identification:_identify(experiment_logs/B1_no_fault/run_1) by extensions ['ros']
[0.487s] Level 1:colcon.colcon_core.package_identification:_identify(experiment_logs/B1_no_fault/run_1) by extension 'ros'
[0.488s] Level 1:colcon.colcon_core.package_identification:_identify(experiment_logs/B1_no_fault/run_1) by extensions ['cmake', 'python']
[0.488s] Level 1:colcon.colcon_core.package_identification:_identify(experiment_logs/B1_no_fault/run_1) by extension 'cmake'
[0.488s] Level 1:colcon.colcon_core.package_identification:_identify(experiment_logs/B1_no_fault/run_1) by extension 'python'
[0.488s] Level 1:colcon.colcon_core.package_identification:_identify(experiment_logs/B1_no_fault/run_1) by extensions ['python_setup_py']
[0.488s] Level 1:colcon.colcon_core.package_identification:_identify(experiment_logs/B1_no_fault/run_1) by extension 'python_setup_py'
[0.488s] Level 1:colcon.colcon_core.package_identification:_identify(experiment_logs/B1_no_fault/run_2) by extensions ['ignore', 'ignore_ament_install']
[0.488s] Level 1:colcon.colcon_core.package_identification:_identify(experiment_logs/B1_no_fault/run_2) by extension 'ignore'
[0.488s] Level 1:colcon.colcon_core.package_identification:_identify(experiment_logs/B1_no_fault/run_2) by extension 'ignore_ament_install'
[0.488s] Level 1:colcon.colcon_core.package_identification:_identify(experiment_logs/B1_no_fault/run_2) by extensions ['colcon_pkg']
[0.488s] Level 1:colcon.colcon_core.package_identification:_identify(experiment_logs/B1_no_fault/run_2) by extension 'colcon_pkg'
[0.488s] Level 1:colcon.colcon_core.package_identification:_identify(experiment_logs/B1_no_fault/run_2) by extensions ['colcon_meta']
[0.488s] Level 1:colcon.colcon_core.package_identification:_identify(experiment_logs/B1_no_fault/run_2) by extension 'colcon_meta'
[0.489s] Level 1:colcon.colcon_core.package_identification:_identify(experiment_logs/B1_no_fault/run_2) by extensions ['ros']
[0.489s] Level 1:colcon.colcon_core.package_identification:_identify(experiment_logs/B1_no_fault/run_2) by extension 'ros'
[0.489s] Level 1:colcon.colcon_core.package_identification:_identify(experiment_logs/B1_no_fault/run_2) by extensions ['cmake', 'python']
[0.489s] Level 1:colcon.colcon_core.package_identification:_identify(experiment_logs/B1_no_fault/run_2) by extension 'cmake'
[0.489s] Level 1:colcon.colcon_core.package_identification:_identify(experiment_logs/B1_no_fault/run_2) by extension 'python'
[0.489s] Level 1:colcon.colcon_core.package_identification:_identify(experiment_logs/B1_no_fault/run_2) by extensions ['python_setup_py']
[0.489s] Level 1:colcon.colcon_core.package_identification:_identify(experiment_logs/B1_no_fault/run_2) by extension 'python_setup_py'
[0.489s] Level 1:colcon.colcon_core.package_identification:_identify(experiment_logs/B1_no_fault/run_3) by extensions ['ignore', 'ignore_ament_install']
[0.489s] Level 1:colcon.colcon_core.package_identification:_identify(experiment_logs/B1_no_fault/run_3) by extension 'ignore'
[0.489s] Level 1:colcon.colcon_core.package_identification:_identify(experiment_logs/B1_no_fault/run_3) by extension 'ignore_ament_install'
[0.490s] Level 1:colcon.colcon_core.package_identification:_identify(experiment_logs/B1_no_fault/run_3) by extensions ['colcon_pkg']
[0.490s] Level 1:colcon.colcon_core.package_identification:_identify(experiment_logs/B1_no_fault/run_3) by extension 'colcon_pkg'
[0.490s] Level 1:colcon.colcon_core.package_identification:_identify(experiment_logs/B1_no_fault/run_3) by extensions ['colcon_meta']
[0.490s] Level 1:colcon.colcon_core.package_identification:_identify(experiment_logs/B1_no_fault/run_3) by extension 'colcon_meta'
[0.490s] Level 1:colcon.colcon_core.package_identification:_identify(experiment_logs/B1_no_fault/run_3) by extensions ['ros']
[0.490s] Level 1:colcon.colcon_core.package_identification:_identify(experiment_logs/B1_no_fault/run_3) by extension 'ros'
[0.490s] Level 1:colcon.colcon_core.package_identification:_identify(experiment_logs/B1_no_fault/run_3) by extensions ['cmake', 'python']
[0.490s] Level 1:colcon.colcon_core.package_identification:_identify(experiment_logs/B1_no_fault/run_3) by extension 'cmake'
[0.490s] Level 1:colcon.colcon_core.package_identification:_identify(experiment_logs/B1_no_fault/run_3) by extension 'python'
[0.490s] Level 1:colcon.colcon_core.package_identification:_identify(experiment_logs/B1_no_fault/run_3) by extensions ['python_setup_py']
[0.490s] Level 1:colcon.colcon_core.package_identification:_identify(experiment_logs/B1_no_fault/run_3) by extension 'python_setup_py'
[0.491s] Level 1:colcon.colcon_core.package_identification:_identify(experiment_logs/I1_incipient_slow) by extensions ['ignore', 'ignore_ament_install']
[0.491s] Level 1:colcon.colcon_core.package_identification:_identify(experiment_logs/I1_incipient_slow) by extension 'ignore'
[0.491s] Level 1:colcon.colcon_core.package_identification:_identify(experiment_logs/I1_incipient_slow) by extension 'ignore_ament_install'
[0.491s] Level 1:colcon.colcon_core.package_identification:_identify(experiment_logs/I1_incipient_slow) by extensions ['colcon_pkg']
[0.491s] Level 1:colcon.colcon_core.package_identification:_identify(experiment_logs/I1_incipient_slow) by extension 'colcon_pkg'
[0.491s] Level 1:colcon.colcon_core.package_identification:_identify(experiment_logs/I1_incipient_slow) by extensions ['colcon_meta']
[0.491s] Level 1:colcon.colcon_core.package_identification:_identify(experiment_logs/I1_incipient_slow) by extension 'colcon_meta'
[0.491s] Level 1:colcon.colcon_core.package_identification:_identify(experiment_logs/I1_incipient_slow) by extensions ['ros']
[0.491s] Level 1:colcon.colcon_core.package_identification:_identify(experiment_logs/I1_incipient_slow) by extension 'ros'
[0.491s] Level 1:colcon.colcon_core.package_identification:_identify(experiment_logs/I1_incipient_slow) by extensions ['cmake', 'python']
[0.491s] Level 1:colcon.colcon_core.package_identification:_identify(experiment_logs/I1_incipient_slow) by extension 'cmake'
[0.491s] Level 1:colcon.colcon_core.package_identification:_identify(experiment_logs/I1_incipient_slow) by extension 'python'
[0.491s] Level 1:colcon.colcon_core.package_identification:_identify(experiment_logs/I1_incipient_slow) by extensions ['python_setup_py']
[0.491s] Level 1:colcon.colcon_core.package_identification:_identify(experiment_logs/I1_incipient_slow) by extension 'python_setup_py'
[0.491s] Level 1:colcon.colcon_core.package_identification:_identify(experiment_logs/I1_incipient_slow/run_1) by extensions ['ignore', 'ignore_ament_install']
[0.492s] Level 1:colcon.colcon_core.package_identification:_identify(experiment_logs/I1_incipient_slow/run_1) by extension 'ignore'
[0.492s] Level 1:colcon.colcon_core.package_identification:_identify(experiment_logs/I1_incipient_slow/run_1) by extension 'ignore_ament_install'
[0.492s] Level 1:colcon.colcon_core.package_identification:_identify(experiment_logs/I1_incipient_slow/run_1) by extensions ['colcon_pkg']
[0.492s] Level 1:colcon.colcon_core.package_identification:_identify(experiment_logs/I1_incipient_slow/run_1) by extension 'colcon_pkg'
[0.492s] Level 1:colcon.colcon_core.package_identification:_identify(experiment_logs/I1_incipient_slow/run_1) by extensions ['colcon_meta']
[0.492s] Level 1:colcon.colcon_core.package_identification:_identify(experiment_logs/I1_incipient_slow/run_1) by extension 'colcon_meta'
[0.492s] Level 1:colcon.colcon_core.package_identification:_identify(experiment_logs/I1_incipient_slow/run_1) by extensions ['ros']
[0.492s] Level 1:colcon.colcon_core.package_identification:_identify(experiment_logs/I1_incipient_slow/run_1) by extension 'ros'
[0.492s] Level 1:colcon.colcon_core.package_identification:_identify(experiment_logs/I1_incipient_slow/run_1) by extensions ['cmake', 'python']
[0.492s] Level 1:colcon.colcon_core.package_identification:_identify(experiment_logs/I1_incipient_slow/run_1) by extension 'cmake'
[0.492s] Level 1:colcon.colcon_core.package_identification:_identify(experiment_logs/I1_incipient_slow/run_1) by extension 'python'
[0.492s] Level 1:colcon.colcon_core.package_identification:_identify(experiment_logs/I1_incipient_slow/run_1) by extensions ['python_setup_py']
[0.492s] Level 1:colcon.colcon_core.package_identification:_identify(experiment_logs/I1_incipient_slow/run_1) by extension 'python_setup_py'
[0.492s] Level 1:colcon.colcon_core.package_identification:_identify(experiment_logs/I1_incipient_slow/run_2) by extensions ['ignore', 'ignore_ament_install']
[0.493s] Level 1:colcon.colcon_core.package_identification:_identify(experiment_logs/I1_incipient_slow/run_2) by extension 'ignore'
[0.493s] Level 1:colcon.colcon_core.package_identification:_identify(experiment_logs/I1_incipient_slow/run_2) by extension 'ignore_ament_install'
[0.493s] Level 1:colcon.colcon_core.package_identification:_identify(experiment_logs/I1_incipient_slow/run_2) by extensions ['colcon_pkg']
[0.493s] Level 1:colcon.colcon_core.package_identification:_identify(experiment_logs/I1_incipient_slow/run_2) by extension 'colcon_pkg'
[0.493s] Level 1:colcon.colcon_core.package_identification:_identify(experiment_logs/I1_incipient_slow/run_2) by extensions ['colcon_meta']
[0.493s] Level 1:colcon.colcon_core.package_identification:_identify(experiment_logs/I1_incipient_slow/run_2) by extension 'colcon_meta'
[0.493s] Level 1:colcon.colcon_core.package_identification:_identify(experiment_logs/I1_incipient_slow/run_2) by extensions ['ros']
[0.493s] Level 1:colcon.colcon_core.package_identification:_identify(experiment_logs/I1_incipient_slow/run_2) by extension 'ros'
[0.493s] Level 1:colcon.colcon_core.package_identification:_identify(experiment_logs/I1_incipient_slow/run_2) by extensions ['cmake', 'python']
[0.493s] Level 1:colcon.colcon_core.package_identification:_identify(experiment_logs/I1_incipient_slow/run_2) by extension 'cmake'
[0.493s] Level 1:colcon.colcon_core.package_identification:_identify(experiment_logs/I1_incipient_slow/run_2) by extension 'python'
[0.493s] Level 1:colcon.colcon_core.package_identification:_identify(experiment_logs/I1_incipient_slow/run_2) by extensions ['python_setup_py']
[0.493s] Level 1:colcon.colcon_core.package_identification:_identify(experiment_logs/I1_incipient_slow/run_2) by extension 'python_setup_py'
[0.493s] Level 1:colcon.colcon_core.package_identification:_identify(experiment_logs/I1_incipient_slow/run_3) by extensions ['ignore', 'ignore_ament_install']
[0.494s] Level 1:colcon.colcon_core.package_identification:_identify(experiment_logs/I1_incipient_slow/run_3) by extension 'ignore'
[0.494s] Level 1:colcon.colcon_core.package_identification:_identify(experiment_logs/I1_incipient_slow/run_3) by extension 'ignore_ament_install'
[0.494s] Level 1:colcon.colcon_core.package_identification:_identify(experiment_logs/I1_incipient_slow/run_3) by extensions ['colcon_pkg']
[0.494s] Level 1:colcon.colcon_core.package_identification:_identify(experiment_logs/I1_incipient_slow/run_3) by extension 'colcon_pkg'
[0.494s] Level 1:colcon.colcon_core.package_identification:_identify(experiment_logs/I1_incipient_slow/run_3) by extensions ['colcon_meta']
[0.494s] Level 1:colcon.colcon_core.package_identification:_identify(experiment_logs/I1_incipient_slow/run_3) by extension 'colcon_meta'
[0.494s] Level 1:colcon.colcon_core.package_identification:_identify(experiment_logs/I1_incipient_slow/run_3) by extensions ['ros']
[0.494s] Level 1:colcon.colcon_core.package_identification:_identify(experiment_logs/I1_incipient_slow/run_3) by extension 'ros'
[0.494s] Level 1:colcon.colcon_core.package_identification:_identify(experiment_logs/I1_incipient_slow/run_3) by extensions ['cmake', 'python']
[0.494s] Level 1:colcon.colcon_core.package_identification:_identify(experiment_logs/I1_incipient_slow/run_3) by extension 'cmake'
[0.494s] Level 1:colcon.colcon_core.package_identification:_identify(experiment_logs/I1_incipient_slow/run_3) by extension 'python'
[0.494s] Level 1:colcon.colcon_core.package_identification:_identify(experiment_logs/I1_incipient_slow/run_3) by extensions ['python_setup_py']
[0.494s] Level 1:colcon.colcon_core.package_identification:_identify(experiment_logs/I1_incipient_slow/run_3) by extension 'python_setup_py'
[0.494s] Level 1:colcon.colcon_core.package_identification:_identify(experiment_logs/I2_incipient_medium) by extensions ['ignore', 'ignore_ament_install']
[0.494s] Level 1:colcon.colcon_core.package_identification:_identify(experiment_logs/I2_incipient_medium) by extension 'ignore'
[0.494s] Level 1:colcon.colcon_core.package_identification:_identify(experiment_logs/I2_incipient_medium) by extension 'ignore_ament_install'
[0.495s] Level 1:colcon.colcon_core.package_identification:_identify(experiment_logs/I2_incipient_medium) by extensions ['colcon_pkg']
[0.495s] Level 1:colcon.colcon_core.package_identification:_identify(experiment_logs/I2_incipient_medium) by extension 'colcon_pkg'
[0.495s] Level 1:colcon.colcon_core.package_identification:_identify(experiment_logs/I2_incipient_medium) by extensions ['colcon_meta']
[0.495s] Level 1:colcon.colcon_core.package_identification:_identify(experiment_logs/I2_incipient_medium) by extension 'colcon_meta'
[0.495s] Level 1:colcon.colcon_core.package_identification:_identify(experiment_logs/I2_incipient_medium) by extensions ['ros']
[0.495s] Level 1:colcon.colcon_core.package_identification:_identify(experiment_logs/I2_incipient_medium) by extension 'ros'
[0.495s] Level 1:colcon.colcon_core.package_identification:_identify(experiment_logs/I2_incipient_medium) by extensions ['cmake', 'python']
[0.495s] Level 1:colcon.colcon_core.package_identification:_identify(experiment_logs/I2_incipient_medium) by extension 'cmake'
[0.495s] Level 1:colcon.colcon_core.package_identification:_identify(experiment_logs/I2_incipient_medium) by extension 'python'
[0.495s] Level 1:colcon.colcon_core.package_identification:_identify(experiment_logs/I2_incipient_medium) by extensions ['python_setup_py']
[0.495s] Level 1:colcon.colcon_core.package_identification:_identify(experiment_logs/I2_incipient_medium) by extension 'python_setup_py'
[0.495s] Level 1:colcon.colcon_core.package_identification:_identify(experiment_logs/I2_incipient_medium/run_1) by extensions ['ignore', 'ignore_ament_install']
[0.495s] Level 1:colcon.colcon_core.package_identification:_identify(experiment_logs/I2_incipient_medium/run_1) by extension 'ignore'
[0.495s] Level 1:colcon.colcon_core.package_identification:_identify(experiment_logs/I2_incipient_medium/run_1) by extension 'ignore_ament_install'
[0.496s] Level 1:colcon.colcon_core.package_identification:_identify(experiment_logs/I2_incipient_medium/run_1) by extensions ['colcon_pkg']
[0.496s] Level 1:colcon.colcon_core.package_identification:_identify(experiment_logs/I2_incipient_medium/run_1) by extension 'colcon_pkg'
[0.496s] Level 1:colcon.colcon_core.package_identification:_identify(experiment_logs/I2_incipient_medium/run_1) by extensions ['colcon_meta']
[0.496s] Level 1:colcon.colcon_core.package_identification:_identify(experiment_logs/I2_incipient_medium/run_1) by extension 'colcon_meta'
[0.496s] Level 1:colcon.colcon_core.package_identification:_identify(experiment_logs/I2_incipient_medium/run_1) by extensions ['ros']
[0.496s] Level 1:colcon.colcon_core.package_identification:_identify(experiment_logs/I2_incipient_medium/run_1) by extension 'ros'
[0.496s] Level 1:colcon.colcon_core.package_identification:_identify(experiment_logs/I2_incipient_medium/run_1) by extensions ['cmake', 'python']
[0.496s] Level 1:colcon.colcon_core.package_identification:_identify(experiment_logs/I2_incipient_medium/run_1) by extension 'cmake'
[0.496s] Level 1:colcon.colcon_core.package_identification:_identify(experiment_logs/I2_incipient_medium/run_1) by extension 'python'
[0.496s] Level 1:colcon.colcon_core.package_identification:_identify(experiment_logs/I2_incipient_medium/run_1) by extensions ['python_setup_py']
[0.496s] Level 1:colcon.colcon_core.package_identification:_identify(experiment_logs/I2_incipient_medium/run_1) by extension 'python_setup_py'
[0.496s] Level 1:colcon.colcon_core.package_identification:_identify(experiment_logs/I2_incipient_medium/run_2) by extensions ['ignore', 'ignore_ament_install']
[0.496s] Level 1:colcon.colcon_core.package_identification:_identify(experiment_logs/I2_incipient_medium/run_2) by extension 'ignore'
[0.497s] Level 1:colcon.colcon_core.package_identification:_identify(experiment_logs/I2_incipient_medium/run_2) by extension 'ignore_ament_install'
[0.497s] Level 1:colcon.colcon_core.package_identification:_identify(experiment_logs/I2_incipient_medium/run_2) by extensions ['colcon_pkg']
[0.497s] Level 1:colcon.colcon_core.package_identification:_identify(experiment_logs/I2_incipient_medium/run_2) by extension 'colcon_pkg'
[0.497s] Level 1:colcon.colcon_core.package_identification:_identify(experiment_logs/I2_incipient_medium/run_2) by extensions ['colcon_meta']
[0.497s] Level 1:colcon.colcon_core.package_identification:_identify(experiment_logs/I2_incipient_medium/run_2) by extension 'colcon_meta'
[0.497s] Level 1:colcon.colcon_core.package_identification:_identify(experiment_logs/I2_incipient_medium/run_2) by extensions ['ros']
[0.497s] Level 1:colcon.colcon_core.package_identification:_identify(experiment_logs/I2_incipient_medium/run_2) by extension 'ros'
[0.497s] Level 1:colcon.colcon_core.package_identification:_identify(experiment_logs/I2_incipient_medium/run_2) by extensions ['cmake', 'python']
[0.497s] Level 1:colcon.colcon_core.package_identification:_identify(experiment_logs/I2_incipient_medium/run_2) by extension 'cmake'
[0.497s] Level 1:colcon.colcon_core.package_identification:_identify(experiment_logs/I2_incipient_medium/run_2) by extension 'python'
[0.497s] Level 1:colcon.colcon_core.package_identification:_identify(experiment_logs/I2_incipient_medium/run_2) by extensions ['python_setup_py']
[0.497s] Level 1:colcon.colcon_core.package_identification:_identify(experiment_logs/I2_incipient_medium/run_2) by extension 'python_setup_py'
[0.497s] Level 1:colcon.colcon_core.package_identification:_identify(experiment_logs/I2_incipient_medium/run_3) by extensions ['ignore', 'ignore_ament_install']
[0.497s] Level 1:colcon.colcon_core.package_identification:_identify(experiment_logs/I2_incipient_medium/run_3) by extension 'ignore'
[0.497s] Level 1:colcon.colcon_core.package_identification:_identify(experiment_logs/I2_incipient_medium/run_3) by extension 'ignore_ament_install'
[0.498s] Level 1:colcon.colcon_core.package_identification:_identify(experiment_logs/I2_incipient_medium/run_3) by extensions ['colcon_pkg']
[0.498s] Level 1:colcon.colcon_core.package_identification:_identify(experiment_logs/I2_incipient_medium/run_3) by extension 'colcon_pkg'
[0.498s] Level 1:colcon.colcon_core.package_identification:_identify(experiment_logs/I2_incipient_medium/run_3) by extensions ['colcon_meta']
[0.498s] Level 1:colcon.colcon_core.package_identification:_identify(experiment_logs/I2_incipient_medium/run_3) by extension 'colcon_meta'
[0.498s] Level 1:colcon.colcon_core.package_identification:_identify(experiment_logs/I2_incipient_medium/run_3) by extensions ['ros']
[0.498s] Level 1:colcon.colcon_core.package_identification:_identify(experiment_logs/I2_incipient_medium/run_3) by extension 'ros'
[0.498s] Level 1:colcon.colcon_core.package_identification:_identify(experiment_logs/I2_incipient_medium/run_3) by extensions ['cmake', 'python']
[0.498s] Level 1:colcon.colcon_core.package_identification:_identify(experiment_logs/I2_incipient_medium/run_3) by extension 'cmake'
[0.498s] Level 1:colcon.colcon_core.package_identification:_identify(experiment_logs/I2_incipient_medium/run_3) by extension 'python'
[0.498s] Level 1:colcon.colcon_core.package_identification:_identify(experiment_logs/I2_incipient_medium/run_3) by extensions ['python_setup_py']
[0.498s] Level 1:colcon.colcon_core.package_identification:_identify(experiment_logs/I2_incipient_medium/run_3) by extension 'python_setup_py'
[0.498s] Level 1:colcon.colcon_core.package_identification:_identify(experiment_logs/I3_incipient_fast) by extensions ['ignore', 'ignore_ament_install']
[0.499s] Level 1:colcon.colcon_core.package_identification:_identify(experiment_logs/I3_incipient_fast) by extension 'ignore'
[0.499s] Level 1:colcon.colcon_core.package_identification:_identify(experiment_logs/I3_incipient_fast) by extension 'ignore_ament_install'
[0.499s] Level 1:colcon.colcon_core.package_identification:_identify(experiment_logs/I3_incipient_fast) by extensions ['colcon_pkg']
[0.499s] Level 1:colcon.colcon_core.package_identification:_identify(experiment_logs/I3_incipient_fast) by extension 'colcon_pkg'
[0.499s] Level 1:colcon.colcon_core.package_identification:_identify(experiment_logs/I3_incipient_fast) by extensions ['colcon_meta']
[0.499s] Level 1:colcon.colcon_core.package_identification:_identify(experiment_logs/I3_incipient_fast) by extension 'colcon_meta'
[0.499s] Level 1:colcon.colcon_core.package_identification:_identify(experiment_logs/I3_incipient_fast) by extensions ['ros']
[0.499s] Level 1:colcon.colcon_core.package_identification:_identify(experiment_logs/I3_incipient_fast) by extension 'ros'
[0.499s] Level 1:colcon.colcon_core.package_identification:_identify(experiment_logs/I3_incipient_fast) by extensions ['cmake', 'python']
[0.499s] Level 1:colcon.colcon_core.package_identification:_identify(experiment_logs/I3_incipient_fast) by extension 'cmake'
[0.499s] Level 1:colcon.colcon_core.package_identification:_identify(experiment_logs/I3_incipient_fast) by extension 'python'
[0.500s] Level 1:colcon.colcon_core.package_identification:_identify(experiment_logs/I3_incipient_fast) by extensions ['python_setup_py']
[0.500s] Level 1:colcon.colcon_core.package_identification:_identify(experiment_logs/I3_incipient_fast) by extension 'python_setup_py'
[0.500s] Level 1:colcon.colcon_core.package_identification:_identify(experiment_logs/I3_incipient_fast/run_1) by extensions ['ignore', 'ignore_ament_install']
[0.500s] Level 1:colcon.colcon_core.package_identification:_identify(experiment_logs/I3_incipient_fast/run_1) by extension 'ignore'
[0.500s] Level 1:colcon.colcon_core.package_identification:_identify(experiment_logs/I3_incipient_fast/run_1) by extension 'ignore_ament_install'
[0.500s] Level 1:colcon.colcon_core.package_identification:_identify(experiment_logs/I3_incipient_fast/run_1) by extensions ['colcon_pkg']
[0.500s] Level 1:colcon.colcon_core.package_identification:_identify(experiment_logs/I3_incipient_fast/run_1) by extension 'colcon_pkg'
[0.500s] Level 1:colcon.colcon_core.package_identification:_identify(experiment_logs/I3_incipient_fast/run_1) by extensions ['colcon_meta']
[0.500s] Level 1:colcon.colcon_core.package_identification:_identify(experiment_logs/I3_incipient_fast/run_1) by extension 'colcon_meta'
[0.500s] Level 1:colcon.colcon_core.package_identification:_identify(experiment_logs/I3_incipient_fast/run_1) by extensions ['ros']
[0.501s] Level 1:colcon.colcon_core.package_identification:_identify(experiment_logs/I3_incipient_fast/run_1) by extension 'ros'
[0.501s] Level 1:colcon.colcon_core.package_identification:_identify(experiment_logs/I3_incipient_fast/run_1) by extensions ['cmake', 'python']
[0.501s] Level 1:colcon.colcon_core.package_identification:_identify(experiment_logs/I3_incipient_fast/run_1) by extension 'cmake'
[0.501s] Level 1:colcon.colcon_core.package_identification:_identify(experiment_logs/I3_incipient_fast/run_1) by extension 'python'
[0.501s] Level 1:colcon.colcon_core.package_identification:_identify(experiment_logs/I3_incipient_fast/run_1) by extensions ['python_setup_py']
[0.501s] Level 1:colcon.colcon_core.package_identification:_identify(experiment_logs/I3_incipient_fast/run_1) by extension 'python_setup_py'
[0.501s] Level 1:colcon.colcon_core.package_identification:_identify(experiment_logs/I3_incipient_fast/run_2) by extensions ['ignore', 'ignore_ament_install']
[0.501s] Level 1:colcon.colcon_core.package_identification:_identify(experiment_logs/I3_incipient_fast/run_2) by extension 'ignore'
[0.501s] Level 1:colcon.colcon_core.package_identification:_identify(experiment_logs/I3_incipient_fast/run_2) by extension 'ignore_ament_install'
[0.501s] Level 1:colcon.colcon_core.package_identification:_identify(experiment_logs/I3_incipient_fast/run_2) by extensions ['colcon_pkg']
[0.502s] Level 1:colcon.colcon_core.package_identification:_identify(experiment_logs/I3_incipient_fast/run_2) by extension 'colcon_pkg'
[0.502s] Level 1:colcon.colcon_core.package_identification:_identify(experiment_logs/I3_incipient_fast/run_2) by extensions ['colcon_meta']
[0.502s] Level 1:colcon.colcon_core.package_identification:_identify(experiment_logs/I3_incipient_fast/run_2) by extension 'colcon_meta'
[0.502s] Level 1:colcon.colcon_core.package_identification:_identify(experiment_logs/I3_incipient_fast/run_2) by extensions ['ros']
[0.502s] Level 1:colcon.colcon_core.package_identification:_identify(experiment_logs/I3_incipient_fast/run_2) by extension 'ros'
[0.502s] Level 1:colcon.colcon_core.package_identification:_identify(experiment_logs/I3_incipient_fast/run_2) by extensions ['cmake', 'python']
[0.502s] Level 1:colcon.colcon_core.package_identification:_identify(experiment_logs/I3_incipient_fast/run_2) by extension 'cmake'
[0.502s] Level 1:colcon.colcon_core.package_identification:_identify(experiment_logs/I3_incipient_fast/run_2) by extension 'python'
[0.502s] Level 1:colcon.colcon_core.package_identification:_identify(experiment_logs/I3_incipient_fast/run_2) by extensions ['python_setup_py']
[0.502s] Level 1:colcon.colcon_core.package_identification:_identify(experiment_logs/I3_incipient_fast/run_2) by extension 'python_setup_py'
[0.503s] Level 1:colcon.colcon_core.package_identification:_identify(experiment_logs/I3_incipient_fast/run_3) by extensions ['ignore', 'ignore_ament_install']
[0.503s] Level 1:colcon.colcon_core.package_identification:_identify(experiment_logs/I3_incipient_fast/run_3) by extension 'ignore'
[0.503s] Level 1:colcon.colcon_core.package_identification:_identify(experiment_logs/I3_incipient_fast/run_3) by extension 'ignore_ament_install'
[0.503s] Level 1:colcon.colcon_core.package_identification:_identify(experiment_logs/I3_incipient_fast/run_3) by extensions ['colcon_pkg']
[0.503s] Level 1:colcon.colcon_core.package_identification:_identify(experiment_logs/I3_incipient_fast/run_3) by extension 'colcon_pkg'
[0.503s] Level 1:colcon.colcon_core.package_identification:_identify(experiment_logs/I3_incipient_fast/run_3) by extensions ['colcon_meta']
[0.503s] Level 1:colcon.colcon_core.package_identification:_identify(experiment_logs/I3_incipient_fast/run_3) by extension 'colcon_meta'
[0.503s] Level 1:colcon.colcon_core.package_identification:_identify(experiment_logs/I3_incipient_fast/run_3) by extensions ['ros']
[0.504s] Level 1:colcon.colcon_core.package_identification:_identify(experiment_logs/I3_incipient_fast/run_3) by extension 'ros'
[0.504s] Level 1:colcon.colcon_core.package_identification:_identify(experiment_logs/I3_incipient_fast/run_3) by extensions ['cmake', 'python']
[0.504s] Level 1:colcon.colcon_core.package_identification:_identify(experiment_logs/I3_incipient_fast/run_3) by extension 'cmake'
[0.504s] Level 1:colcon.colcon_core.package_identification:_identify(experiment_logs/I3_incipient_fast/run_3) by extension 'python'
[0.504s] Level 1:colcon.colcon_core.package_identification:_identify(experiment_logs/I3_incipient_fast/run_3) by extensions ['python_setup_py']
[0.504s] Level 1:colcon.colcon_core.package_identification:_identify(experiment_logs/I3_incipient_fast/run_3) by extension 'python_setup_py'
[0.504s] Level 1:colcon.colcon_core.package_identification:_identify(experiment_logs/T1_intermittent_10s_cycle) by extensions ['ignore', 'ignore_ament_install']
[0.504s] Level 1:colcon.colcon_core.package_identification:_identify(experiment_logs/T1_intermittent_10s_cycle) by extension 'ignore'
[0.504s] Level 1:colcon.colcon_core.package_identification:_identify(experiment_logs/T1_intermittent_10s_cycle) by extension 'ignore_ament_install'
[0.505s] Level 1:colcon.colcon_core.package_identification:_identify(experiment_logs/T1_intermittent_10s_cycle) by extensions ['colcon_pkg']
[0.505s] Level 1:colcon.colcon_core.package_identification:_identify(experiment_logs/T1_intermittent_10s_cycle) by extension 'colcon_pkg'
[0.505s] Level 1:colcon.colcon_core.package_identification:_identify(experiment_logs/T1_intermittent_10s_cycle) by extensions ['colcon_meta']
[0.505s] Level 1:colcon.colcon_core.package_identification:_identify(experiment_logs/T1_intermittent_10s_cycle) by extension 'colcon_meta'
[0.505s] Level 1:colcon.colcon_core.package_identification:_identify(experiment_logs/T1_intermittent_10s_cycle) by extensions ['ros']
[0.505s] Level 1:colcon.colcon_core.package_identification:_identify(experiment_logs/T1_intermittent_10s_cycle) by extension 'ros'
[0.505s] Level 1:colcon.colcon_core.package_identification:_identify(experiment_logs/T1_intermittent_10s_cycle) by extensions ['cmake', 'python']
[0.505s] Level 1:colcon.colcon_core.package_identification:_identify(experiment_logs/T1_intermittent_10s_cycle) by extension 'cmake'
[0.505s] Level 1:colcon.colcon_core.package_identification:_identify(experiment_logs/T1_intermittent_10s_cycle) by extension 'python'
[0.505s] Level 1:colcon.colcon_core.package_identification:_identify(experiment_logs/T1_intermittent_10s_cycle) by extensions ['python_setup_py']
[0.505s] Level 1:colcon.colcon_core.package_identification:_identify(experiment_logs/T1_intermittent_10s_cycle) by extension 'python_setup_py'
[0.505s] Level 1:colcon.colcon_core.package_identification:_identify(experiment_logs/T1_intermittent_10s_cycle/run_1) by extensions ['ignore', 'ignore_ament_install']
[0.506s] Level 1:colcon.colcon_core.package_identification:_identify(experiment_logs/T1_intermittent_10s_cycle/run_1) by extension 'ignore'
[0.506s] Level 1:colcon.colcon_core.package_identification:_identify(experiment_logs/T1_intermittent_10s_cycle/run_1) by extension 'ignore_ament_install'
[0.506s] Level 1:colcon.colcon_core.package_identification:_identify(experiment_logs/T1_intermittent_10s_cycle/run_1) by extensions ['colcon_pkg']
[0.506s] Level 1:colcon.colcon_core.package_identification:_identify(experiment_logs/T1_intermittent_10s_cycle/run_1) by extension 'colcon_pkg'
[0.506s] Level 1:colcon.colcon_core.package_identification:_identify(experiment_logs/T1_intermittent_10s_cycle/run_1) by extensions ['colcon_meta']
[0.506s] Level 1:colcon.colcon_core.package_identification:_identify(experiment_logs/T1_intermittent_10s_cycle/run_1) by extension 'colcon_meta'
[0.506s] Level 1:colcon.colcon_core.package_identification:_identify(experiment_logs/T1_intermittent_10s_cycle/run_1) by extensions ['ros']
[0.506s] Level 1:colcon.colcon_core.package_identification:_identify(experiment_logs/T1_intermittent_10s_cycle/run_1) by extension 'ros'
[0.506s] Level 1:colcon.colcon_core.package_identification:_identify(experiment_logs/T1_intermittent_10s_cycle/run_1) by extensions ['cmake', 'python']
[0.506s] Level 1:colcon.colcon_core.package_identification:_identify(experiment_logs/T1_intermittent_10s_cycle/run_1) by extension 'cmake'
[0.506s] Level 1:colcon.colcon_core.package_identification:_identify(experiment_logs/T1_intermittent_10s_cycle/run_1) by extension 'python'
[0.506s] Level 1:colcon.colcon_core.package_identification:_identify(experiment_logs/T1_intermittent_10s_cycle/run_1) by extensions ['python_setup_py']
[0.506s] Level 1:colcon.colcon_core.package_identification:_identify(experiment_logs/T1_intermittent_10s_cycle/run_1) by extension 'python_setup_py'
[0.507s] Level 1:colcon.colcon_core.package_identification:_identify(experiment_logs/T1_intermittent_10s_cycle/run_2) by extensions ['ignore', 'ignore_ament_install']
[0.507s] Level 1:colcon.colcon_core.package_identification:_identify(experiment_logs/T1_intermittent_10s_cycle/run_2) by extension 'ignore'
[0.507s] Level 1:colcon.colcon_core.package_identification:_identify(experiment_logs/T1_intermittent_10s_cycle/run_2) by extension 'ignore_ament_install'
[0.507s] Level 1:colcon.colcon_core.package_identification:_identify(experiment_logs/T1_intermittent_10s_cycle/run_2) by extensions ['colcon_pkg']
[0.507s] Level 1:colcon.colcon_core.package_identification:_identify(experiment_logs/T1_intermittent_10s_cycle/run_2) by extension 'colcon_pkg'
[0.507s] Level 1:colcon.colcon_core.package_identification:_identify(experiment_logs/T1_intermittent_10s_cycle/run_2) by extensions ['colcon_meta']
[0.507s] Level 1:colcon.colcon_core.package_identification:_identify(experiment_logs/T1_intermittent_10s_cycle/run_2) by extension 'colcon_meta'
[0.507s] Level 1:colcon.colcon_core.package_identification:_identify(experiment_logs/T1_intermittent_10s_cycle/run_2) by extensions ['ros']
[0.507s] Level 1:colcon.colcon_core.package_identification:_identify(experiment_logs/T1_intermittent_10s_cycle/run_2) by extension 'ros'
[0.507s] Level 1:colcon.colcon_core.package_identification:_identify(experiment_logs/T1_intermittent_10s_cycle/run_2) by extensions ['cmake', 'python']
[0.507s] Level 1:colcon.colcon_core.package_identification:_identify(experiment_logs/T1_intermittent_10s_cycle/run_2) by extension 'cmake'
[0.507s] Level 1:colcon.colcon_core.package_identification:_identify(experiment_logs/T1_intermittent_10s_cycle/run_2) by extension 'python'
[0.507s] Level 1:colcon.colcon_core.package_identification:_identify(experiment_logs/T1_intermittent_10s_cycle/run_2) by extensions ['python_setup_py']
[0.508s] Level 1:colcon.colcon_core.package_identification:_identify(experiment_logs/T1_intermittent_10s_cycle/run_2) by extension 'python_setup_py'
[0.508s] Level 1:colcon.colcon_core.package_identification:_identify(experiment_logs/T1_intermittent_10s_cycle/run_3) by extensions ['ignore', 'ignore_ament_install']
[0.508s] Level 1:colcon.colcon_core.package_identification:_identify(experiment_logs/T1_intermittent_10s_cycle/run_3) by extension 'ignore'
[0.508s] Level 1:colcon.colcon_core.package_identification:_identify(experiment_logs/T1_intermittent_10s_cycle/run_3) by extension 'ignore_ament_install'
[0.508s] Level 1:colcon.colcon_core.package_identification:_identify(experiment_logs/T1_intermittent_10s_cycle/run_3) by extensions ['colcon_pkg']
[0.508s] Level 1:colcon.colcon_core.package_identification:_identify(experiment_logs/T1_intermittent_10s_cycle/run_3) by extension 'colcon_pkg'
[0.508s] Level 1:colcon.colcon_core.package_identification:_identify(experiment_logs/T1_intermittent_10s_cycle/run_3) by extensions ['colcon_meta']
[0.508s] Level 1:colcon.colcon_core.package_identification:_identify(experiment_logs/T1_intermittent_10s_cycle/run_3) by extension 'colcon_meta'
[0.508s] Level 1:colcon.colcon_core.package_identification:_identify(experiment_logs/T1_intermittent_10s_cycle/run_3) by extensions ['ros']
[0.508s] Level 1:colcon.colcon_core.package_identification:_identify(experiment_logs/T1_intermittent_10s_cycle/run_3) by extension 'ros'
[0.508s] Level 1:colcon.colcon_core.package_identification:_identify(experiment_logs/T1_intermittent_10s_cycle/run_3) by extensions ['cmake', 'python']
[0.508s] Level 1:colcon.colcon_core.package_identification:_identify(experiment_logs/T1_intermittent_10s_cycle/run_3) by extension 'cmake'
[0.508s] Level 1:colcon.colcon_core.package_identification:_identify(experiment_logs/T1_intermittent_10s_cycle/run_3) by extension 'python'
[0.508s] Level 1:colcon.colcon_core.package_identification:_identify(experiment_logs/T1_intermittent_10s_cycle/run_3) by extensions ['python_setup_py']
[0.508s] Level 1:colcon.colcon_core.package_identification:_identify(experiment_logs/T1_intermittent_10s_cycle/run_3) by extension 'python_setup_py'
[0.509s] Level 1:colcon.colcon_core.package_identification:_identify(experiment_logs/T2_intermittent_3s_cycle) by extensions ['ignore', 'ignore_ament_install']
[0.509s] Level 1:colcon.colcon_core.package_identification:_identify(experiment_logs/T2_intermittent_3s_cycle) by extension 'ignore'
[0.509s] Level 1:colcon.colcon_core.package_identification:_identify(experiment_logs/T2_intermittent_3s_cycle) by extension 'ignore_ament_install'
[0.509s] Level 1:colcon.colcon_core.package_identification:_identify(experiment_logs/T2_intermittent_3s_cycle) by extensions ['colcon_pkg']
[0.509s] Level 1:colcon.colcon_core.package_identification:_identify(experiment_logs/T2_intermittent_3s_cycle) by extension 'colcon_pkg'
[0.509s] Level 1:colcon.colcon_core.package_identification:_identify(experiment_logs/T2_intermittent_3s_cycle) by extensions ['colcon_meta']
[0.509s] Level 1:colcon.colcon_core.package_identification:_identify(experiment_logs/T2_intermittent_3s_cycle) by extension 'colcon_meta'
[0.509s] Level 1:colcon.colcon_core.package_identification:_identify(experiment_logs/T2_intermittent_3s_cycle) by extensions ['ros']
[0.509s] Level 1:colcon.colcon_core.package_identification:_identify(experiment_logs/T2_intermittent_3s_cycle) by extension 'ros'
[0.509s] Level 1:colcon.colcon_core.package_identification:_identify(experiment_logs/T2_intermittent_3s_cycle) by extensions ['cmake', 'python']
[0.509s] Level 1:colcon.colcon_core.package_identification:_identify(experiment_logs/T2_intermittent_3s_cycle) by extension 'cmake'
[0.509s] Level 1:colcon.colcon_core.package_identification:_identify(experiment_logs/T2_intermittent_3s_cycle) by extension 'python'
[0.509s] Level 1:colcon.colcon_core.package_identification:_identify(experiment_logs/T2_intermittent_3s_cycle) by extensions ['python_setup_py']
[0.509s] Level 1:colcon.colcon_core.package_identification:_identify(experiment_logs/T2_intermittent_3s_cycle) by extension 'python_setup_py'
[0.509s] Level 1:colcon.colcon_core.package_identification:_identify(experiment_logs/T2_intermittent_3s_cycle/run_1) by extensions ['ignore', 'ignore_ament_install']
[0.510s] Level 1:colcon.colcon_core.package_identification:_identify(experiment_logs/T2_intermittent_3s_cycle/run_1) by extension 'ignore'
[0.510s] Level 1:colcon.colcon_core.package_identification:_identify(experiment_logs/T2_intermittent_3s_cycle/run_1) by extension 'ignore_ament_install'
[0.510s] Level 1:colcon.colcon_core.package_identification:_identify(experiment_logs/T2_intermittent_3s_cycle/run_1) by extensions ['colcon_pkg']
[0.510s] Level 1:colcon.colcon_core.package_identification:_identify(experiment_logs/T2_intermittent_3s_cycle/run_1) by extension 'colcon_pkg'
[0.510s] Level 1:colcon.colcon_core.package_identification:_identify(experiment_logs/T2_intermittent_3s_cycle/run_1) by extensions ['colcon_meta']
[0.510s] Level 1:colcon.colcon_core.package_identification:_identify(experiment_logs/T2_intermittent_3s_cycle/run_1) by extension 'colcon_meta'
[0.510s] Level 1:colcon.colcon_core.package_identification:_identify(experiment_logs/T2_intermittent_3s_cycle/run_1) by extensions ['ros']
[0.510s] Level 1:colcon.colcon_core.package_identification:_identify(experiment_logs/T2_intermittent_3s_cycle/run_1) by extension 'ros'
[0.510s] Level 1:colcon.colcon_core.package_identification:_identify(experiment_logs/T2_intermittent_3s_cycle/run_1) by extensions ['cmake', 'python']
[0.510s] Level 1:colcon.colcon_core.package_identification:_identify(experiment_logs/T2_intermittent_3s_cycle/run_1) by extension 'cmake'
[0.510s] Level 1:colcon.colcon_core.package_identification:_identify(experiment_logs/T2_intermittent_3s_cycle/run_1) by extension 'python'
[0.510s] Level 1:colcon.colcon_core.package_identification:_identify(experiment_logs/T2_intermittent_3s_cycle/run_1) by extensions ['python_setup_py']
[0.510s] Level 1:colcon.colcon_core.package_identification:_identify(experiment_logs/T2_intermittent_3s_cycle/run_1) by extension 'python_setup_py'
[0.510s] Level 1:colcon.colcon_core.package_identification:_identify(experiment_logs/T2_intermittent_3s_cycle/run_2) by extensions ['ignore', 'ignore_ament_install']
[0.511s] Level 1:colcon.colcon_core.package_identification:_identify(experiment_logs/T2_intermittent_3s_cycle/run_2) by extension 'ignore'
[0.511s] Level 1:colcon.colcon_core.package_identification:_identify(experiment_logs/T2_intermittent_3s_cycle/run_2) by extension 'ignore_ament_install'
[0.511s] Level 1:colcon.colcon_core.package_identification:_identify(experiment_logs/T2_intermittent_3s_cycle/run_2) by extensions ['colcon_pkg']
[0.511s] Level 1:colcon.colcon_core.package_identification:_identify(experiment_logs/T2_intermittent_3s_cycle/run_2) by extension 'colcon_pkg'
[0.511s] Level 1:colcon.colcon_core.package_identification:_identify(experiment_logs/T2_intermittent_3s_cycle/run_2) by extensions ['colcon_meta']
[0.511s] Level 1:colcon.colcon_core.package_identification:_identify(experiment_logs/T2_intermittent_3s_cycle/run_2) by extension 'colcon_meta'
[0.511s] Level 1:colcon.colcon_core.package_identification:_identify(experiment_logs/T2_intermittent_3s_cycle/run_2) by extensions ['ros']
[0.511s] Level 1:colcon.colcon_core.package_identification:_identify(experiment_logs/T2_intermittent_3s_cycle/run_2) by extension 'ros'
[0.511s] Level 1:colcon.colcon_core.package_identification:_identify(experiment_logs/T2_intermittent_3s_cycle/run_2) by extensions ['cmake', 'python']
[0.511s] Level 1:colcon.colcon_core.package_identification:_identify(experiment_logs/T2_intermittent_3s_cycle/run_2) by extension 'cmake'
[0.511s] Level 1:colcon.colcon_core.package_identification:_identify(experiment_logs/T2_intermittent_3s_cycle/run_2) by extension 'python'
[0.511s] Level 1:colcon.colcon_core.package_identification:_identify(experiment_logs/T2_intermittent_3s_cycle/run_2) by extensions ['python_setup_py']
[0.511s] Level 1:colcon.colcon_core.package_identification:_identify(experiment_logs/T2_intermittent_3s_cycle/run_2) by extension 'python_setup_py'
[0.511s] Level 1:colcon.colcon_core.package_identification:_identify(experiment_logs/T2_intermittent_3s_cycle/run_3) by extensions ['ignore', 'ignore_ament_install']
[0.511s] Level 1:colcon.colcon_core.package_identification:_identify(experiment_logs/T2_intermittent_3s_cycle/run_3) by extension 'ignore'
[0.512s] Level 1:colcon.colcon_core.package_identification:_identify(experiment_logs/T2_intermittent_3s_cycle/run_3) by extension 'ignore_ament_install'
[0.512s] Level 1:colcon.colcon_core.package_identification:_identify(experiment_logs/T2_intermittent_3s_cycle/run_3) by extensions ['colcon_pkg']
[0.512s] Level 1:colcon.colcon_core.package_identification:_identify(experiment_logs/T2_intermittent_3s_cycle/run_3) by extension 'colcon_pkg'
[0.512s] Level 1:colcon.colcon_core.package_identification:_identify(experiment_logs/T2_intermittent_3s_cycle/run_3) by extensions ['colcon_meta']
[0.512s] Level 1:colcon.colcon_core.package_identification:_identify(experiment_logs/T2_intermittent_3s_cycle/run_3) by extension 'colcon_meta'
[0.512s] Level 1:colcon.colcon_core.package_identification:_identify(experiment_logs/T2_intermittent_3s_cycle/run_3) by extensions ['ros']
[0.512s] Level 1:colcon.colcon_core.package_identification:_identify(experiment_logs/T2_intermittent_3s_cycle/run_3) by extension 'ros'
[0.512s] Level 1:colcon.colcon_core.package_identification:_identify(experiment_logs/T2_intermittent_3s_cycle/run_3) by extensions ['cmake', 'python']
[0.512s] Level 1:colcon.colcon_core.package_identification:_identify(experiment_logs/T2_intermittent_3s_cycle/run_3) by extension 'cmake'
[0.512s] Level 1:colcon.colcon_core.package_identification:_identify(experiment_logs/T2_intermittent_3s_cycle/run_3) by extension 'python'
[0.512s] Level 1:colcon.colcon_core.package_identification:_identify(experiment_logs/T2_intermittent_3s_cycle/run_3) by extensions ['python_setup_py']
[0.512s] Level 1:colcon.colcon_core.package_identification:_identify(experiment_logs/T2_intermittent_3s_cycle/run_3) by extension 'python_setup_py'
[0.512s] Level 1:colcon.colcon_core.package_identification:_identify(experiment_logs/T3_intermittent_asymmetric) by extensions ['ignore', 'ignore_ament_install']
[0.512s] Level 1:colcon.colcon_core.package_identification:_identify(experiment_logs/T3_intermittent_asymmetric) by extension 'ignore'
[0.512s] Level 1:colcon.colcon_core.package_identification:_identify(experiment_logs/T3_intermittent_asymmetric) by extension 'ignore_ament_install'
[0.513s] Level 1:colcon.colcon_core.package_identification:_identify(experiment_logs/T3_intermittent_asymmetric) by extensions ['colcon_pkg']
[0.513s] Level 1:colcon.colcon_core.package_identification:_identify(experiment_logs/T3_intermittent_asymmetric) by extension 'colcon_pkg'
[0.513s] Level 1:colcon.colcon_core.package_identification:_identify(experiment_logs/T3_intermittent_asymmetric) by extensions ['colcon_meta']
[0.513s] Level 1:colcon.colcon_core.package_identification:_identify(experiment_logs/T3_intermittent_asymmetric) by extension 'colcon_meta'
[0.513s] Level 1:colcon.colcon_core.package_identification:_identify(experiment_logs/T3_intermittent_asymmetric) by extensions ['ros']
[0.513s] Level 1:colcon.colcon_core.package_identification:_identify(experiment_logs/T3_intermittent_asymmetric) by extension 'ros'
[0.513s] Level 1:colcon.colcon_core.package_identification:_identify(experiment_logs/T3_intermittent_asymmetric) by extensions ['cmake', 'python']
[0.513s] Level 1:colcon.colcon_core.package_identification:_identify(experiment_logs/T3_intermittent_asymmetric) by extension 'cmake'
[0.513s] Level 1:colcon.colcon_core.package_identification:_identify(experiment_logs/T3_intermittent_asymmetric) by extension 'python'
[0.513s] Level 1:colcon.colcon_core.package_identification:_identify(experiment_logs/T3_intermittent_asymmetric) by extensions ['python_setup_py']
[0.513s] Level 1:colcon.colcon_core.package_identification:_identify(experiment_logs/T3_intermittent_asymmetric) by extension 'python_setup_py'
[0.513s] Level 1:colcon.colcon_core.package_identification:_identify(experiment_logs/T3_intermittent_asymmetric/run_1) by extensions ['ignore', 'ignore_ament_install']
[0.514s] Level 1:colcon.colcon_core.package_identification:_identify(experiment_logs/T3_intermittent_asymmetric/run_1) by extension 'ignore'
[0.514s] Level 1:colcon.colcon_core.package_identification:_identify(experiment_logs/T3_intermittent_asymmetric/run_1) by extension 'ignore_ament_install'
[0.514s] Level 1:colcon.colcon_core.package_identification:_identify(experiment_logs/T3_intermittent_asymmetric/run_1) by extensions ['colcon_pkg']
[0.514s] Level 1:colcon.colcon_core.package_identification:_identify(experiment_logs/T3_intermittent_asymmetric/run_1) by extension 'colcon_pkg'
[0.514s] Level 1:colcon.colcon_core.package_identification:_identify(experiment_logs/T3_intermittent_asymmetric/run_1) by extensions ['colcon_meta']
[0.514s] Level 1:colcon.colcon_core.package_identification:_identify(experiment_logs/T3_intermittent_asymmetric/run_1) by extension 'colcon_meta'
[0.514s] Level 1:colcon.colcon_core.package_identification:_identify(experiment_logs/T3_intermittent_asymmetric/run_1) by extensions ['ros']
[0.514s] Level 1:colcon.colcon_core.package_identification:_identify(experiment_logs/T3_intermittent_asymmetric/run_1) by extension 'ros'
[0.514s] Level 1:colcon.colcon_core.package_identification:_identify(experiment_logs/T3_intermittent_asymmetric/run_1) by extensions ['cmake', 'python']
[0.514s] Level 1:colcon.colcon_core.package_identification:_identify(experiment_logs/T3_intermittent_asymmetric/run_1) by extension 'cmake'
[0.514s] Level 1:colcon.colcon_core.package_identification:_identify(experiment_logs/T3_intermittent_asymmetric/run_1) by extension 'python'
[0.514s] Level 1:colcon.colcon_core.package_identification:_identify(experiment_logs/T3_intermittent_asymmetric/run_1) by extensions ['python_setup_py']
[0.514s] Level 1:colcon.colcon_core.package_identification:_identify(experiment_logs/T3_intermittent_asymmetric/run_1) by extension 'python_setup_py'
[0.514s] Level 1:colcon.colcon_core.package_identification:_identify(experiment_logs/T3_intermittent_asymmetric/run_2) by extensions ['ignore', 'ignore_ament_install']
[0.514s] Level 1:colcon.colcon_core.package_identification:_identify(experiment_logs/T3_intermittent_asymmetric/run_2) by extension 'ignore'
[0.515s] Level 1:colcon.colcon_core.package_identification:_identify(experiment_logs/T3_intermittent_asymmetric/run_2) by extension 'ignore_ament_install'
[0.515s] Level 1:colcon.colcon_core.package_identification:_identify(experiment_logs/T3_intermittent_asymmetric/run_2) by extensions ['colcon_pkg']
[0.515s] Level 1:colcon.colcon_core.package_identification:_identify(experiment_logs/T3_intermittent_asymmetric/run_2) by extension 'colcon_pkg'
[0.515s] Level 1:colcon.colcon_core.package_identification:_identify(experiment_logs/T3_intermittent_asymmetric/run_2) by extensions ['colcon_meta']
[0.515s] Level 1:colcon.colcon_core.package_identification:_identify(experiment_logs/T3_intermittent_asymmetric/run_2) by extension 'colcon_meta'
[0.515s] Level 1:colcon.colcon_core.package_identification:_identify(experiment_logs/T3_intermittent_asymmetric/run_2) by extensions ['ros']
[0.515s] Level 1:colcon.colcon_core.package_identification:_identify(experiment_logs/T3_intermittent_asymmetric/run_2) by extension 'ros'
[0.515s] Level 1:colcon.colcon_core.package_identification:_identify(experiment_logs/T3_intermittent_asymmetric/run_2) by extensions ['cmake', 'python']
[0.515s] Level 1:colcon.colcon_core.package_identification:_identify(experiment_logs/T3_intermittent_asymmetric/run_2) by extension 'cmake'
[0.515s] Level 1:colcon.colcon_core.package_identification:_identify(experiment_logs/T3_intermittent_asymmetric/run_2) by extension 'python'
[0.515s] Level 1:colcon.colcon_core.package_identification:_identify(experiment_logs/T3_intermittent_asymmetric/run_2) by extensions ['python_setup_py']
[0.516s] Level 1:colcon.colcon_core.package_identification:_identify(experiment_logs/T3_intermittent_asymmetric/run_2) by extension 'python_setup_py'
[0.516s] Level 1:colcon.colcon_core.package_identification:_identify(experiment_logs/T3_intermittent_asymmetric/run_3) by extensions ['ignore', 'ignore_ament_install']
[0.516s] Level 1:colcon.colcon_core.package_identification:_identify(experiment_logs/T3_intermittent_asymmetric/run_3) by extension 'ignore'
[0.516s] Level 1:colcon.colcon_core.package_identification:_identify(experiment_logs/T3_intermittent_asymmetric/run_3) by extension 'ignore_ament_install'
[0.516s] Level 1:colcon.colcon_core.package_identification:_identify(experiment_logs/T3_intermittent_asymmetric/run_3) by extensions ['colcon_pkg']
[0.516s] Level 1:colcon.colcon_core.package_identification:_identify(experiment_logs/T3_intermittent_asymmetric/run_3) by extension 'colcon_pkg'
[0.516s] Level 1:colcon.colcon_core.package_identification:_identify(experiment_logs/T3_intermittent_asymmetric/run_3) by extensions ['colcon_meta']
[0.516s] Level 1:colcon.colcon_core.package_identification:_identify(experiment_logs/T3_intermittent_asymmetric/run_3) by extension 'colcon_meta'
[0.517s] Level 1:colcon.colcon_core.package_identification:_identify(experiment_logs/T3_intermittent_asymmetric/run_3) by extensions ['ros']
[0.517s] Level 1:colcon.colcon_core.package_identification:_identify(experiment_logs/T3_intermittent_asymmetric/run_3) by extension 'ros'
[0.517s] Level 1:colcon.colcon_core.package_identification:_identify(experiment_logs/T3_intermittent_asymmetric/run_3) by extensions ['cmake', 'python']
[0.517s] Level 1:colcon.colcon_core.package_identification:_identify(experiment_logs/T3_intermittent_asymmetric/run_3) by extension 'cmake'
[0.517s] Level 1:colcon.colcon_core.package_identification:_identify(experiment_logs/T3_intermittent_asymmetric/run_3) by extension 'python'
[0.517s] Level 1:colcon.colcon_core.package_identification:_identify(experiment_logs/T3_intermittent_asymmetric/run_3) by extensions ['python_setup_py']
[0.517s] Level 1:colcon.colcon_core.package_identification:_identify(experiment_logs/T3_intermittent_asymmetric/run_3) by extension 'python_setup_py'
[0.517s] Level 1:colcon.colcon_core.package_identification:_identify(install) by extensions ['ignore', 'ignore_ament_install']
[0.517s] Level 1:colcon.colcon_core.package_identification:_identify(install) by extension 'ignore'
[0.518s] Level 1:colcon.colcon_core.package_identification:_identify(install) ignored
[0.518s] Level 1:colcon.colcon_core.package_identification:_identify(log) by extensions ['ignore', 'ignore_ament_install']
[0.518s] Level 1:colcon.colcon_core.package_identification:_identify(log) by extension 'ignore'
[0.518s] Level 1:colcon.colcon_core.package_identification:_identify(log) ignored
[0.518s] Level 1:colcon.colcon_core.package_identification:_identify(src) by extensions ['ignore', 'ignore_ament_install']
[0.518s] Level 1:colcon.colcon_core.package_identification:_identify(src) by extension 'ignore'
[0.518s] Level 1:colcon.colcon_core.package_identification:_identify(src) by extension 'ignore_ament_install'
[0.518s] Level 1:colcon.colcon_core.package_identification:_identify(src) by extensions ['colcon_pkg']
[0.518s] Level 1:colcon.colcon_core.package_identification:_identify(src) by extension 'colcon_pkg'
[0.518s] Level 1:colcon.colcon_core.package_identification:_identify(src) by extensions ['colcon_meta']
[0.518s] Level 1:colcon.colcon_core.package_identification:_identify(src) by extension 'colcon_meta'
[0.518s] Level 1:colcon.colcon_core.package_identification:_identify(src) by extensions ['ros']
[0.519s] Level 1:colcon.colcon_core.package_identification:_identify(src) by extension 'ros'
[0.519s] Level 1:colcon.colcon_core.package_identification:_identify(src) by extensions ['cmake', 'python']
[0.519s] Level 1:colcon.colcon_core.package_identification:_identify(src) by extension 'cmake'
[0.519s] Level 1:colcon.colcon_core.package_identification:_identify(src) by extension 'python'
[0.519s] Level 1:colcon.colcon_core.package_identification:_identify(src) by extensions ['python_setup_py']
[0.519s] Level 1:colcon.colcon_core.package_identification:_identify(src) by extension 'python_setup_py'
[0.519s] Level 1:colcon.colcon_core.package_identification:_identify(src/central_swarm_control) by extensions ['ignore', 'ignore_ament_install']
[0.519s] Level 1:colcon.colcon_core.package_identification:_identify(src/central_swarm_control) by extension 'ignore'
[0.519s] Level 1:colcon.colcon_core.package_identification:_identify(src/central_swarm_control) by extension 'ignore_ament_install'
[0.519s] Level 1:colcon.colcon_core.package_identification:_identify(src/central_swarm_control) by extensions ['colcon_pkg']
[0.519s] Level 1:colcon.colcon_core.package_identification:_identify(src/central_swarm_control) by extension 'colcon_pkg'
[0.519s] Level 1:colcon.colcon_core.package_identification:_identify(src/central_swarm_control) by extensions ['colcon_meta']
[0.519s] Level 1:colcon.colcon_core.package_identification:_identify(src/central_swarm_control) by extension 'colcon_meta'
[0.520s] Level 1:colcon.colcon_core.package_identification:_identify(src/central_swarm_control) by extensions ['ros']
[0.520s] Level 1:colcon.colcon_core.package_identification:_identify(src/central_swarm_control) by extension 'ros'
[0.523s] DEBUG:colcon.colcon_core.package_identification:Package 'src/central_swarm_control' with type 'ros.ament_python' and name 'central_swarm_control'
[0.523s] Level 1:colcon.colcon_core.package_identification:_identify(src/crazyswarm2) by extensions ['ignore', 'ignore_ament_install']
[0.523s] Level 1:colcon.colcon_core.package_identification:_identify(src/crazyswarm2) by extension 'ignore'
[0.523s] Level 1:colcon.colcon_core.package_identification:_identify(src/crazyswarm2) by extension 'ignore_ament_install'
[0.523s] Level 1:colcon.colcon_core.package_identification:_identify(src/crazyswarm2) by extensions ['colcon_pkg']
[0.523s] Level 1:colcon.colcon_core.package_identification:_identify(src/crazyswarm2) by extension 'colcon_pkg'
[0.524s] Level 1:colcon.colcon_core.package_identification:_identify(src/crazyswarm2) by extensions ['colcon_meta']
[0.524s] Level 1:colcon.colcon_core.package_identification:_identify(src/crazyswarm2) by extension 'colcon_meta'
[0.524s] Level 1:colcon.colcon_core.package_identification:_identify(src/crazyswarm2) by extensions ['ros']
[0.524s] Level 1:colcon.colcon_core.package_identification:_identify(src/crazyswarm2) by extension 'ros'
[0.524s] Level 1:colcon.colcon_core.package_identification:_identify(src/crazyswarm2) by extensions ['cmake', 'python']
[0.524s] Level 1:colcon.colcon_core.package_identification:_identify(src/crazyswarm2) by extension 'cmake'
[0.524s] Level 1:colcon.colcon_core.package_identification:_identify(src/crazyswarm2) by extension 'python'
[0.524s] Level 1:colcon.colcon_core.package_identification:_identify(src/crazyswarm2) by extensions ['python_setup_py']
[0.524s] Level 1:colcon.colcon_core.package_identification:_identify(src/crazyswarm2) by extension 'python_setup_py'
[0.524s] Level 1:colcon.colcon_core.package_identification:_identify(src/crazyswarm2/crazyflie) by extensions ['ignore', 'ignore_ament_install']
[0.524s] Level 1:colcon.colcon_core.package_identification:_identify(src/crazyswarm2/crazyflie) by extension 'ignore'
[0.525s] Level 1:colcon.colcon_core.package_identification:_identify(src/crazyswarm2/crazyflie) by extension 'ignore_ament_install'
[0.525s] Level 1:colcon.colcon_core.package_identification:_identify(src/crazyswarm2/crazyflie) by extensions ['colcon_pkg']
[0.525s] Level 1:colcon.colcon_core.package_identification:_identify(src/crazyswarm2/crazyflie) by extension 'colcon_pkg'
[0.525s] Level 1:colcon.colcon_core.package_identification:_identify(src/crazyswarm2/crazyflie) by extensions ['colcon_meta']
[0.525s] Level 1:colcon.colcon_core.package_identification:_identify(src/crazyswarm2/crazyflie) by extension 'colcon_meta'
[0.525s] Level 1:colcon.colcon_core.package_identification:_identify(src/crazyswarm2/crazyflie) by extensions ['ros']
[0.525s] Level 1:colcon.colcon_core.package_identification:_identify(src/crazyswarm2/crazyflie) by extension 'ros'
[0.527s] DEBUG:colcon.colcon_core.package_identification:Package 'src/crazyswarm2/crazyflie' with type 'ros.ament_cmake' and name 'crazyflie'
[0.527s] Level 1:colcon.colcon_core.package_identification:_identify(src/crazyswarm2/crazyflie_examples) by extensions ['ignore', 'ignore_ament_install']
[0.527s] Level 1:colcon.colcon_core.package_identification:_identify(src/crazyswarm2/crazyflie_examples) by extension 'ignore'
[0.527s] Level 1:colcon.colcon_core.package_identification:_identify(src/crazyswarm2/crazyflie_examples) by extension 'ignore_ament_install'
[0.527s] Level 1:colcon.colcon_core.package_identification:_identify(src/crazyswarm2/crazyflie_examples) by extensions ['colcon_pkg']
[0.527s] Level 1:colcon.colcon_core.package_identification:_identify(src/crazyswarm2/crazyflie_examples) by extension 'colcon_pkg'
[0.527s] Level 1:colcon.colcon_core.package_identification:_identify(src/crazyswarm2/crazyflie_examples) by extensions ['colcon_meta']
[0.527s] Level 1:colcon.colcon_core.package_identification:_identify(src/crazyswarm2/crazyflie_examples) by extension 'colcon_meta'
[0.527s] Level 1:colcon.colcon_core.package_identification:_identify(src/crazyswarm2/crazyflie_examples) by extensions ['ros']
[0.527s] Level 1:colcon.colcon_core.package_identification:_identify(src/crazyswarm2/crazyflie_examples) by extension 'ros'
[0.528s] DEBUG:colcon.colcon_core.package_identification:Package 'src/crazyswarm2/crazyflie_examples' with type 'ros.ament_cmake' and name 'crazyflie_examples'
[0.528s] Level 1:colcon.colcon_core.package_identification:_identify(src/crazyswarm2/crazyflie_interfaces) by extensions ['ignore', 'ignore_ament_install']
[0.528s] Level 1:colcon.colcon_core.package_identification:_identify(src/crazyswarm2/crazyflie_interfaces) by extension 'ignore'
[0.528s] Level 1:colcon.colcon_core.package_identification:_identify(src/crazyswarm2/crazyflie_interfaces) by extension 'ignore_ament_install'
[0.528s] Level 1:colcon.colcon_core.package_identification:_identify(src/crazyswarm2/crazyflie_interfaces) by extensions ['colcon_pkg']
[0.528s] Level 1:colcon.colcon_core.package_identification:_identify(src/crazyswarm2/crazyflie_interfaces) by extension 'colcon_pkg'
[0.528s] Level 1:colcon.colcon_core.package_identification:_identify(src/crazyswarm2/crazyflie_interfaces) by extensions ['colcon_meta']
[0.529s] Level 1:colcon.colcon_core.package_identification:_identify(src/crazyswarm2/crazyflie_interfaces) by extension 'colcon_meta'
[0.529s] Level 1:colcon.colcon_core.package_identification:_identify(src/crazyswarm2/crazyflie_interfaces) by extensions ['ros']
[0.529s] Level 1:colcon.colcon_core.package_identification:_identify(src/crazyswarm2/crazyflie_interfaces) by extension 'ros'
[0.530s] DEBUG:colcon.colcon_core.package_identification:Package 'src/crazyswarm2/crazyflie_interfaces' with type 'ros.ament_cmake' and name 'crazyflie_interfaces'
[0.530s] Level 1:colcon.colcon_core.package_identification:_identify(src/crazyswarm2/crazyflie_py) by extensions ['ignore', 'ignore_ament_install']
[0.530s] Level 1:colcon.colcon_core.package_identification:_identify(src/crazyswarm2/crazyflie_py) by extension 'ignore'
[0.530s] Level 1:colcon.colcon_core.package_identification:_identify(src/crazyswarm2/crazyflie_py) by extension 'ignore_ament_install'
[0.530s] Level 1:colcon.colcon_core.package_identification:_identify(src/crazyswarm2/crazyflie_py) by extensions ['colcon_pkg']
[0.530s] Level 1:colcon.colcon_core.package_identification:_identify(src/crazyswarm2/crazyflie_py) by extension 'colcon_pkg'
[0.531s] Level 1:colcon.colcon_core.package_identification:_identify(src/crazyswarm2/crazyflie_py) by extensions ['colcon_meta']
[0.531s] Level 1:colcon.colcon_core.package_identification:_identify(src/crazyswarm2/crazyflie_py) by extension 'colcon_meta'
[0.531s] Level 1:colcon.colcon_core.package_identification:_identify(src/crazyswarm2/crazyflie_py) by extensions ['ros']
[0.531s] Level 1:colcon.colcon_core.package_identification:_identify(src/crazyswarm2/crazyflie_py) by extension 'ros'
[0.532s] DEBUG:colcon.colcon_core.package_identification:Package 'src/crazyswarm2/crazyflie_py' with type 'ros.ament_python' and name 'crazyflie_py'
[0.533s] Level 1:colcon.colcon_core.package_identification:_identify(src/crazyswarm2/crazyflie_sim) by extensions ['ignore', 'ignore_ament_install']
[0.533s] Level 1:colcon.colcon_core.package_identification:_identify(src/crazyswarm2/crazyflie_sim) by extension 'ignore'
[0.533s] Level 1:colcon.colcon_core.package_identification:_identify(src/crazyswarm2/crazyflie_sim) by extension 'ignore_ament_install'
[0.533s] Level 1:colcon.colcon_core.package_identification:_identify(src/crazyswarm2/crazyflie_sim) by extensions ['colcon_pkg']
[0.533s] Level 1:colcon.colcon_core.package_identification:_identify(src/crazyswarm2/crazyflie_sim) by extension 'colcon_pkg'
[0.533s] Level 1:colcon.colcon_core.package_identification:_identify(src/crazyswarm2/crazyflie_sim) by extensions ['colcon_meta']
[0.533s] Level 1:colcon.colcon_core.package_identification:_identify(src/crazyswarm2/crazyflie_sim) by extension 'colcon_meta'
[0.533s] Level 1:colcon.colcon_core.package_identification:_identify(src/crazyswarm2/crazyflie_sim) by extensions ['ros']
[0.533s] Level 1:colcon.colcon_core.package_identification:_identify(src/crazyswarm2/crazyflie_sim) by extension 'ros'
[0.535s] DEBUG:colcon.colcon_core.package_identification:Package 'src/crazyswarm2/crazyflie_sim' with type 'ros.ament_cmake' and name 'crazyflie_sim'
[0.535s] Level 1:colcon.colcon_core.package_identification:_identify(src/crazyswarm2/docs) by extensions ['ignore', 'ignore_ament_install']
[0.535s] Level 1:colcon.colcon_core.package_identification:_identify(src/crazyswarm2/docs) by extension 'ignore'
[0.535s] Level 1:colcon.colcon_core.package_identification:_identify(src/crazyswarm2/docs) by extension 'ignore_ament_install'
[0.535s] Level 1:colcon.colcon_core.package_identification:_identify(src/crazyswarm2/docs) by extensions ['colcon_pkg']
[0.535s] Level 1:colcon.colcon_core.package_identification:_identify(src/crazyswarm2/docs) by extension 'colcon_pkg'
[0.535s] Level 1:colcon.colcon_core.package_identification:_identify(src/crazyswarm2/docs) by extensions ['colcon_meta']
[0.535s] Level 1:colcon.colcon_core.package_identification:_identify(src/crazyswarm2/docs) by extension 'colcon_meta'
[0.536s] Level 1:colcon.colcon_core.package_identification:_identify(src/crazyswarm2/docs) by extensions ['ros']
[0.536s] Level 1:colcon.colcon_core.package_identification:_identify(src/crazyswarm2/docs) by extension 'ros'
[0.536s] Level 1:colcon.colcon_core.package_identification:_identify(src/crazyswarm2/docs) by extensions ['cmake', 'python']
[0.536s] Level 1:colcon.colcon_core.package_identification:_identify(src/crazyswarm2/docs) by extension 'cmake'
[0.536s] Level 1:colcon.colcon_core.package_identification:_identify(src/crazyswarm2/docs) by extension 'python'
[0.536s] Level 1:colcon.colcon_core.package_identification:_identify(src/crazyswarm2/docs) by extensions ['python_setup_py']
[0.536s] Level 1:colcon.colcon_core.package_identification:_identify(src/crazyswarm2/docs) by extension 'python_setup_py'
[0.536s] Level 1:colcon.colcon_core.package_identification:_identify(src/crazyswarm2/docs/generated) by extensions ['ignore', 'ignore_ament_install']
[0.536s] Level 1:colcon.colcon_core.package_identification:_identify(src/crazyswarm2/docs/generated) by extension 'ignore'
[0.536s] Level 1:colcon.colcon_core.package_identification:_identify(src/crazyswarm2/docs/generated) by extension 'ignore_ament_install'
[0.536s] Level 1:colcon.colcon_core.package_identification:_identify(src/crazyswarm2/docs/generated) by extensions ['colcon_pkg']
[0.536s] Level 1:colcon.colcon_core.package_identification:_identify(src/crazyswarm2/docs/generated) by extension 'colcon_pkg'
[0.536s] Level 1:colcon.colcon_core.package_identification:_identify(src/crazyswarm2/docs/generated) by extensions ['colcon_meta']
[0.537s] Level 1:colcon.colcon_core.package_identification:_identify(src/crazyswarm2/docs/generated) by extension 'colcon_meta'
[0.537s] Level 1:colcon.colcon_core.package_identification:_identify(src/crazyswarm2/docs/generated) by extensions ['ros']
[0.537s] Level 1:colcon.colcon_core.package_identification:_identify(src/crazyswarm2/docs/generated) by extension 'ros'
[0.537s] Level 1:colcon.colcon_core.package_identification:_identify(src/crazyswarm2/docs/generated) by extensions ['cmake', 'python']
[0.537s] Level 1:colcon.colcon_core.package_identification:_identify(src/crazyswarm2/docs/generated) by extension 'cmake'
[0.537s] Level 1:colcon.colcon_core.package_identification:_identify(src/crazyswarm2/docs/generated) by extension 'python'
[0.537s] Level 1:colcon.colcon_core.package_identification:_identify(src/crazyswarm2/docs/generated) by extensions ['python_setup_py']
[0.537s] Level 1:colcon.colcon_core.package_identification:_identify(src/crazyswarm2/docs/generated) by extension 'python_setup_py'
[0.537s] Level 1:colcon.colcon_core.package_identification:_identify(src/crazyswarm2/docs/howto) by extensions ['ignore', 'ignore_ament_install']
[0.537s] Level 1:colcon.colcon_core.package_identification:_identify(src/crazyswarm2/docs/howto) by extension 'ignore'
[0.537s] Level 1:colcon.colcon_core.package_identification:_identify(src/crazyswarm2/docs/howto) by extension 'ignore_ament_install'
[0.537s] Level 1:colcon.colcon_core.package_identification:_identify(src/crazyswarm2/docs/howto) by extensions ['colcon_pkg']
[0.538s] Level 1:colcon.colcon_core.package_identification:_identify(src/crazyswarm2/docs/howto) by extension 'colcon_pkg'
[0.538s] Level 1:colcon.colcon_core.package_identification:_identify(src/crazyswarm2/docs/howto) by extensions ['colcon_meta']
[0.538s] Level 1:colcon.colcon_core.package_identification:_identify(src/crazyswarm2/docs/howto) by extension 'colcon_meta'
[0.538s] Level 1:colcon.colcon_core.package_identification:_identify(src/crazyswarm2/docs/howto) by extensions ['ros']
[0.538s] Level 1:colcon.colcon_core.package_identification:_identify(src/crazyswarm2/docs/howto) by extension 'ros'
[0.538s] Level 1:colcon.colcon_core.package_identification:_identify(src/crazyswarm2/docs/howto) by extensions ['cmake', 'python']
[0.538s] Level 1:colcon.colcon_core.package_identification:_identify(src/crazyswarm2/docs/howto) by extension 'cmake'
[0.538s] Level 1:colcon.colcon_core.package_identification:_identify(src/crazyswarm2/docs/howto) by extension 'python'
[0.538s] Level 1:colcon.colcon_core.package_identification:_identify(src/crazyswarm2/docs/howto) by extensions ['python_setup_py']
[0.538s] Level 1:colcon.colcon_core.package_identification:_identify(src/crazyswarm2/docs/howto) by extension 'python_setup_py'
[0.538s] Level 1:colcon.colcon_core.package_identification:_identify(src/crazyswarm2/docs/images) by extensions ['ignore', 'ignore_ament_install']
[0.538s] Level 1:colcon.colcon_core.package_identification:_identify(src/crazyswarm2/docs/images) by extension 'ignore'
[0.538s] Level 1:colcon.colcon_core.package_identification:_identify(src/crazyswarm2/docs/images) by extension 'ignore_ament_install'
[0.538s] Level 1:colcon.colcon_core.package_identification:_identify(src/crazyswarm2/docs/images) by extensions ['colcon_pkg']
[0.539s] Level 1:colcon.colcon_core.package_identification:_identify(src/crazyswarm2/docs/images) by extension 'colcon_pkg'
[0.539s] Level 1:colcon.colcon_core.package_identification:_identify(src/crazyswarm2/docs/images) by extensions ['colcon_meta']
[0.539s] Level 1:colcon.colcon_core.package_identification:_identify(src/crazyswarm2/docs/images) by extension 'colcon_meta'
[0.539s] Level 1:colcon.colcon_core.package_identification:_identify(src/crazyswarm2/docs/images) by extensions ['ros']
[0.539s] Level 1:colcon.colcon_core.package_identification:_identify(src/crazyswarm2/docs/images) by extension 'ros'
[0.539s] Level 1:colcon.colcon_core.package_identification:_identify(src/crazyswarm2/docs/images) by extensions ['cmake', 'python']
[0.539s] Level 1:colcon.colcon_core.package_identification:_identify(src/crazyswarm2/docs/images) by extension 'cmake'
[0.539s] Level 1:colcon.colcon_core.package_identification:_identify(src/crazyswarm2/docs/images) by extension 'python'
[0.539s] Level 1:colcon.colcon_core.package_identification:_identify(src/crazyswarm2/docs/images) by extensions ['python_setup_py']
[0.539s] Level 1:colcon.colcon_core.package_identification:_identify(src/crazyswarm2/docs/images) by extension 'python_setup_py'
[0.539s] Level 1:colcon.colcon_core.package_identification:_identify(src/crazyswarm2/docs/tutorials) by extensions ['ignore', 'ignore_ament_install']
[0.539s] Level 1:colcon.colcon_core.package_identification:_identify(src/crazyswarm2/docs/tutorials) by extension 'ignore'
[0.539s] Level 1:colcon.colcon_core.package_identification:_identify(src/crazyswarm2/docs/tutorials) by extension 'ignore_ament_install'
[0.540s] Level 1:colcon.colcon_core.package_identification:_identify(src/crazyswarm2/docs/tutorials) by extensions ['colcon_pkg']
[0.540s] Level 1:colcon.colcon_core.package_identification:_identify(src/crazyswarm2/docs/tutorials) by extension 'colcon_pkg'
[0.540s] Level 1:colcon.colcon_core.package_identification:_identify(src/crazyswarm2/docs/tutorials) by extensions ['colcon_meta']
[0.540s] Level 1:colcon.colcon_core.package_identification:_identify(src/crazyswarm2/docs/tutorials) by extension 'colcon_meta'
[0.540s] Level 1:colcon.colcon_core.package_identification:_identify(src/crazyswarm2/docs/tutorials) by extensions ['ros']
[0.540s] Level 1:colcon.colcon_core.package_identification:_identify(src/crazyswarm2/docs/tutorials) by extension 'ros'
[0.540s] Level 1:colcon.colcon_core.package_identification:_identify(src/crazyswarm2/docs/tutorials) by extensions ['cmake', 'python']
[0.540s] Level 1:colcon.colcon_core.package_identification:_identify(src/crazyswarm2/docs/tutorials) by extension 'cmake'
[0.540s] Level 1:colcon.colcon_core.package_identification:_identify(src/crazyswarm2/docs/tutorials) by extension 'python'
[0.540s] Level 1:colcon.colcon_core.package_identification:_identify(src/crazyswarm2/docs/tutorials) by extensions ['python_setup_py']
[0.540s] Level 1:colcon.colcon_core.package_identification:_identify(src/crazyswarm2/docs/tutorials) by extension 'python_setup_py'
[0.540s] Level 1:colcon.colcon_core.package_identification:_identify(src/crazyswarm2/docs2) by extensions ['ignore', 'ignore_ament_install']
[0.540s] Level 1:colcon.colcon_core.package_identification:_identify(src/crazyswarm2/docs2) by extension 'ignore'
[0.540s] Level 1:colcon.colcon_core.package_identification:_identify(src/crazyswarm2/docs2) by extension 'ignore_ament_install'
[0.541s] Level 1:colcon.colcon_core.package_identification:_identify(src/crazyswarm2/docs2) by extensions ['colcon_pkg']
[0.541s] Level 1:colcon.colcon_core.package_identification:_identify(src/crazyswarm2/docs2) by extension 'colcon_pkg'
[0.541s] Level 1:colcon.colcon_core.package_identification:_identify(src/crazyswarm2/docs2) by extensions ['colcon_meta']
[0.541s] Level 1:colcon.colcon_core.package_identification:_identify(src/crazyswarm2/docs2) by extension 'colcon_meta'
[0.541s] Level 1:colcon.colcon_core.package_identification:_identify(src/crazyswarm2/docs2) by extensions ['ros']
[0.541s] Level 1:colcon.colcon_core.package_identification:_identify(src/crazyswarm2/docs2) by extension 'ros'
[0.541s] Level 1:colcon.colcon_core.package_identification:_identify(src/crazyswarm2/docs2) by extensions ['cmake', 'python']
[0.541s] Level 1:colcon.colcon_core.package_identification:_identify(src/crazyswarm2/docs2) by extension 'cmake'
[0.541s] Level 1:colcon.colcon_core.package_identification:_identify(src/crazyswarm2/docs2) by extension 'python'
[0.541s] Level 1:colcon.colcon_core.package_identification:_identify(src/crazyswarm2/docs2) by extensions ['python_setup_py']
[0.541s] Level 1:colcon.colcon_core.package_identification:_identify(src/crazyswarm2/docs2) by extension 'python_setup_py'
[0.541s] Level 1:colcon.colcon_core.package_identification:_identify(src/crazyswarm2/docs2/images) by extensions ['ignore', 'ignore_ament_install']
[0.541s] Level 1:colcon.colcon_core.package_identification:_identify(src/crazyswarm2/docs2/images) by extension 'ignore'
[0.542s] Level 1:colcon.colcon_core.package_identification:_identify(src/crazyswarm2/docs2/images) by extension 'ignore_ament_install'
[0.542s] Level 1:colcon.colcon_core.package_identification:_identify(src/crazyswarm2/docs2/images) by extensions ['colcon_pkg']
[0.542s] Level 1:colcon.colcon_core.package_identification:_identify(src/crazyswarm2/docs2/images) by extension 'colcon_pkg'
[0.542s] Level 1:colcon.colcon_core.package_identification:_identify(src/crazyswarm2/docs2/images) by extensions ['colcon_meta']
[0.542s] Level 1:colcon.colcon_core.package_identification:_identify(src/crazyswarm2/docs2/images) by extension 'colcon_meta'
[0.542s] Level 1:colcon.colcon_core.package_identification:_identify(src/crazyswarm2/docs2/images) by extensions ['ros']
[0.542s] Level 1:colcon.colcon_core.package_identification:_identify(src/crazyswarm2/docs2/images) by extension 'ros'
[0.542s] Level 1:colcon.colcon_core.package_identification:_identify(src/crazyswarm2/docs2/images) by extensions ['cmake', 'python']
[0.542s] Level 1:colcon.colcon_core.package_identification:_identify(src/crazyswarm2/docs2/images) by extension 'cmake'
[0.542s] Level 1:colcon.colcon_core.package_identification:_identify(src/crazyswarm2/docs2/images) by extension 'python'
[0.542s] Level 1:colcon.colcon_core.package_identification:_identify(src/crazyswarm2/docs2/images) by extensions ['python_setup_py']
[0.542s] Level 1:colcon.colcon_core.package_identification:_identify(src/crazyswarm2/docs2/images) by extension 'python_setup_py'
[0.542s] Level 1:colcon.colcon_core.package_identification:_identify(src/crazyswarm2/prebuilt) by extensions ['ignore', 'ignore_ament_install']
[0.542s] Level 1:colcon.colcon_core.package_identification:_identify(src/crazyswarm2/prebuilt) by extension 'ignore'
[0.543s] Level 1:colcon.colcon_core.package_identification:_identify(src/crazyswarm2/prebuilt) by extension 'ignore_ament_install'
[0.543s] Level 1:colcon.colcon_core.package_identification:_identify(src/crazyswarm2/prebuilt) by extensions ['colcon_pkg']
[0.543s] Level 1:colcon.colcon_core.package_identification:_identify(src/crazyswarm2/prebuilt) by extension 'colcon_pkg'
[0.543s] Level 1:colcon.colcon_core.package_identification:_identify(src/crazyswarm2/prebuilt) by extensions ['colcon_meta']
[0.543s] Level 1:colcon.colcon_core.package_identification:_identify(src/crazyswarm2/prebuilt) by extension 'colcon_meta'
[0.543s] Level 1:colcon.colcon_core.package_identification:_identify(src/crazyswarm2/prebuilt) by extensions ['ros']
[0.543s] Level 1:colcon.colcon_core.package_identification:_identify(src/crazyswarm2/prebuilt) by extension 'ros'
[0.543s] Level 1:colcon.colcon_core.package_identification:_identify(src/crazyswarm2/prebuilt) by extensions ['cmake', 'python']
[0.543s] Level 1:colcon.colcon_core.package_identification:_identify(src/crazyswarm2/prebuilt) by extension 'cmake'
[0.543s] Level 1:colcon.colcon_core.package_identification:_identify(src/crazyswarm2/prebuilt) by extension 'python'
[0.543s] Level 1:colcon.colcon_core.package_identification:_identify(src/crazyswarm2/prebuilt) by extensions ['python_setup_py']
[0.543s] Level 1:colcon.colcon_core.package_identification:_identify(src/crazyswarm2/prebuilt) by extension 'python_setup_py'
[0.543s] Level 1:colcon.colcon_core.package_identification:_identify(src/crazyswarm2/ros_ws) by extensions ['ignore', 'ignore_ament_install']
[0.543s] Level 1:colcon.colcon_core.package_identification:_identify(src/crazyswarm2/ros_ws) by extension 'ignore'
[0.544s] Level 1:colcon.colcon_core.package_identification:_identify(src/crazyswarm2/ros_ws) by extension 'ignore_ament_install'
[0.544s] Level 1:colcon.colcon_core.package_identification:_identify(src/crazyswarm2/ros_ws) by extensions ['colcon_pkg']
[0.544s] Level 1:colcon.colcon_core.package_identification:_identify(src/crazyswarm2/ros_ws) by extension 'colcon_pkg'
[0.544s] Level 1:colcon.colcon_core.package_identification:_identify(src/crazyswarm2/ros_ws) by extensions ['colcon_meta']
[0.544s] Level 1:colcon.colcon_core.package_identification:_identify(src/crazyswarm2/ros_ws) by extension 'colcon_meta'
[0.544s] Level 1:colcon.colcon_core.package_identification:_identify(src/crazyswarm2/ros_ws) by extensions ['ros']
[0.544s] Level 1:colcon.colcon_core.package_identification:_identify(src/crazyswarm2/ros_ws) by extension 'ros'
[0.544s] Level 1:colcon.colcon_core.package_identification:_identify(src/crazyswarm2/ros_ws) by extensions ['cmake', 'python']
[0.544s] Level 1:colcon.colcon_core.package_identification:_identify(src/crazyswarm2/ros_ws) by extension 'cmake'
[0.544s] Level 1:colcon.colcon_core.package_identification:_identify(src/crazyswarm2/ros_ws) by extension 'python'
[0.544s] Level 1:colcon.colcon_core.package_identification:_identify(src/crazyswarm2/ros_ws) by extensions ['python_setup_py']
[0.544s] Level 1:colcon.colcon_core.package_identification:_identify(src/crazyswarm2/ros_ws) by extension 'python_setup_py'
[0.544s] Level 1:colcon.colcon_core.package_identification:_identify(src/crazyswarm2/ros_ws/src) by extensions ['ignore', 'ignore_ament_install']
[0.545s] Level 1:colcon.colcon_core.package_identification:_identify(src/crazyswarm2/ros_ws/src) by extension 'ignore'
[0.545s] Level 1:colcon.colcon_core.package_identification:_identify(src/crazyswarm2/ros_ws/src) by extension 'ignore_ament_install'
[0.545s] Level 1:colcon.colcon_core.package_identification:_identify(src/crazyswarm2/ros_ws/src) by extensions ['colcon_pkg']
[0.545s] Level 1:colcon.colcon_core.package_identification:_identify(src/crazyswarm2/ros_ws/src) by extension 'colcon_pkg'
[0.545s] Level 1:colcon.colcon_core.package_identification:_identify(src/crazyswarm2/ros_ws/src) by extensions ['colcon_meta']
[0.545s] Level 1:colcon.colcon_core.package_identification:_identify(src/crazyswarm2/ros_ws/src) by extension 'colcon_meta'
[0.545s] Level 1:colcon.colcon_core.package_identification:_identify(src/crazyswarm2/ros_ws/src) by extensions ['ros']
[0.545s] Level 1:colcon.colcon_core.package_identification:_identify(src/crazyswarm2/ros_ws/src) by extension 'ros'
[0.545s] Level 1:colcon.colcon_core.package_identification:_identify(src/crazyswarm2/ros_ws/src) by extensions ['cmake', 'python']
[0.545s] Level 1:colcon.colcon_core.package_identification:_identify(src/crazyswarm2/ros_ws/src) by extension 'cmake'
[0.545s] Level 1:colcon.colcon_core.package_identification:_identify(src/crazyswarm2/ros_ws/src) by extension 'python'
[0.545s] Level 1:colcon.colcon_core.package_identification:_identify(src/crazyswarm2/ros_ws/src) by extensions ['python_setup_py']
[0.545s] Level 1:colcon.colcon_core.package_identification:_identify(src/crazyswarm2/ros_ws/src) by extension 'python_setup_py'
[0.546s] Level 1:colcon.colcon_core.package_identification:_identify(src/crazyswarm2/ros_ws/src/crazyswarm) by extensions ['ignore', 'ignore_ament_install']
[0.546s] Level 1:colcon.colcon_core.package_identification:_identify(src/crazyswarm2/ros_ws/src/crazyswarm) by extension 'ignore'
[0.546s] Level 1:colcon.colcon_core.package_identification:_identify(src/crazyswarm2/ros_ws/src/crazyswarm) by extension 'ignore_ament_install'
[0.546s] Level 1:colcon.colcon_core.package_identification:_identify(src/crazyswarm2/ros_ws/src/crazyswarm) by extensions ['colcon_pkg']
[0.546s] Level 1:colcon.colcon_core.package_identification:_identify(src/crazyswarm2/ros_ws/src/crazyswarm) by extension 'colcon_pkg'
[0.546s] Level 1:colcon.colcon_core.package_identification:_identify(src/crazyswarm2/ros_ws/src/crazyswarm) by extensions ['colcon_meta']
[0.546s] Level 1:colcon.colcon_core.package_identification:_identify(src/crazyswarm2/ros_ws/src/crazyswarm) by extension 'colcon_meta'
[0.546s] Level 1:colcon.colcon_core.package_identification:_identify(src/crazyswarm2/ros_ws/src/crazyswarm) by extensions ['ros']
[0.546s] Level 1:colcon.colcon_core.package_identification:_identify(src/crazyswarm2/ros_ws/src/crazyswarm) by extension 'ros'
[0.546s] Level 1:colcon.colcon_core.package_identification:_identify(src/crazyswarm2/ros_ws/src/crazyswarm) by extensions ['cmake', 'python']
[0.546s] Level 1:colcon.colcon_core.package_identification:_identify(src/crazyswarm2/ros_ws/src/crazyswarm) by extension 'cmake'
[0.546s] Level 1:colcon.colcon_core.package_identification:_identify(src/crazyswarm2/ros_ws/src/crazyswarm) by extension 'python'
[0.547s] Level 1:colcon.colcon_core.package_identification:_identify(src/crazyswarm2/ros_ws/src/crazyswarm) by extensions ['python_setup_py']
[0.547s] Level 1:colcon.colcon_core.package_identification:_identify(src/crazyswarm2/ros_ws/src/crazyswarm) by extension 'python_setup_py'
[0.547s] Level 1:colcon.colcon_core.package_identification:_identify(src/crazyswarm2/ros_ws/src/crazyswarm/launch) by extensions ['ignore', 'ignore_ament_install']
[0.547s] Level 1:colcon.colcon_core.package_identification:_identify(src/crazyswarm2/ros_ws/src/crazyswarm/launch) by extension 'ignore'
[0.547s] Level 1:colcon.colcon_core.package_identification:_identify(src/crazyswarm2/ros_ws/src/crazyswarm/launch) by extension 'ignore_ament_install'
[0.547s] Level 1:colcon.colcon_core.package_identification:_identify(src/crazyswarm2/ros_ws/src/crazyswarm/launch) by extensions ['colcon_pkg']
[0.547s] Level 1:colcon.colcon_core.package_identification:_identify(src/crazyswarm2/ros_ws/src/crazyswarm/launch) by extension 'colcon_pkg'
[0.547s] Level 1:colcon.colcon_core.package_identification:_identify(src/crazyswarm2/ros_ws/src/crazyswarm/launch) by extensions ['colcon_meta']
[0.547s] Level 1:colcon.colcon_core.package_identification:_identify(src/crazyswarm2/ros_ws/src/crazyswarm/launch) by extension 'colcon_meta'
[0.547s] Level 1:colcon.colcon_core.package_identification:_identify(src/crazyswarm2/ros_ws/src/crazyswarm/launch) by extensions ['ros']
[0.547s] Level 1:colcon.colcon_core.package_identification:_identify(src/crazyswarm2/ros_ws/src/crazyswarm/launch) by extension 'ros'
[0.547s] Level 1:colcon.colcon_core.package_identification:_identify(src/crazyswarm2/ros_ws/src/crazyswarm/launch) by extensions ['cmake', 'python']
[0.548s] Level 1:colcon.colcon_core.package_identification:_identify(src/crazyswarm2/ros_ws/src/crazyswarm/launch) by extension 'cmake'
[0.548s] Level 1:colcon.colcon_core.package_identification:_identify(src/crazyswarm2/ros_ws/src/crazyswarm/launch) by extension 'python'
[0.548s] Level 1:colcon.colcon_core.package_identification:_identify(src/crazyswarm2/ros_ws/src/crazyswarm/launch) by extensions ['python_setup_py']
[0.548s] Level 1:colcon.colcon_core.package_identification:_identify(src/crazyswarm2/ros_ws/src/crazyswarm/launch) by extension 'python_setup_py'
[0.548s] Level 1:colcon.colcon_core.package_identification:_identify(src/crazyswarm2/ros_ws/src/crazyswarm/scripts) by extensions ['ignore', 'ignore_ament_install']
[0.548s] Level 1:colcon.colcon_core.package_identification:_identify(src/crazyswarm2/ros_ws/src/crazyswarm/scripts) by extension 'ignore'
[0.548s] Level 1:colcon.colcon_core.package_identification:_identify(src/crazyswarm2/ros_ws/src/crazyswarm/scripts) by extension 'ignore_ament_install'
[0.548s] Level 1:colcon.colcon_core.package_identification:_identify(src/crazyswarm2/ros_ws/src/crazyswarm/scripts) by extensions ['colcon_pkg']
[0.548s] Level 1:colcon.colcon_core.package_identification:_identify(src/crazyswarm2/ros_ws/src/crazyswarm/scripts) by extension 'colcon_pkg'
[0.548s] Level 1:colcon.colcon_core.package_identification:_identify(src/crazyswarm2/ros_ws/src/crazyswarm/scripts) by extensions ['colcon_meta']
[0.548s] Level 1:colcon.colcon_core.package_identification:_identify(src/crazyswarm2/ros_ws/src/crazyswarm/scripts) by extension 'colcon_meta'
[0.549s] Level 1:colcon.colcon_core.package_identification:_identify(src/crazyswarm2/ros_ws/src/crazyswarm/scripts) by extensions ['ros']
[0.549s] Level 1:colcon.colcon_core.package_identification:_identify(src/crazyswarm2/ros_ws/src/crazyswarm/scripts) by extension 'ros'
[0.549s] Level 1:colcon.colcon_core.package_identification:_identify(src/crazyswarm2/ros_ws/src/crazyswarm/scripts) by extensions ['cmake', 'python']
[0.549s] Level 1:colcon.colcon_core.package_identification:_identify(src/crazyswarm2/ros_ws/src/crazyswarm/scripts) by extension 'cmake'
[0.549s] Level 1:colcon.colcon_core.package_identification:_identify(src/crazyswarm2/ros_ws/src/crazyswarm/scripts) by extension 'python'
[0.549s] Level 1:colcon.colcon_core.package_identification:_identify(src/crazyswarm2/ros_ws/src/crazyswarm/scripts) by extensions ['python_setup_py']
[0.549s] Level 1:colcon.colcon_core.package_identification:_identify(src/crazyswarm2/ros_ws/src/crazyswarm/scripts) by extension 'python_setup_py'
[0.549s] Level 1:colcon.colcon_core.package_identification:_identify(src/crazyswarm2/ros_ws/src/crazyswarm/scripts/crossing2_pps) by extensions ['ignore', 'ignore_ament_install']
[0.549s] Level 1:colcon.colcon_core.package_identification:_identify(src/crazyswarm2/ros_ws/src/crazyswarm/scripts/crossing2_pps) by extension 'ignore'
[0.550s] Level 1:colcon.colcon_core.package_identification:_identify(src/crazyswarm2/ros_ws/src/crazyswarm/scripts/crossing2_pps) by extension 'ignore_ament_install'
[0.550s] Level 1:colcon.colcon_core.package_identification:_identify(src/crazyswarm2/ros_ws/src/crazyswarm/scripts/crossing2_pps) by extensions ['colcon_pkg']
[0.550s] Level 1:colcon.colcon_core.package_identification:_identify(src/crazyswarm2/ros_ws/src/crazyswarm/scripts/crossing2_pps) by extension 'colcon_pkg'
[0.550s] Level 1:colcon.colcon_core.package_identification:_identify(src/crazyswarm2/ros_ws/src/crazyswarm/scripts/crossing2_pps) by extensions ['colcon_meta']
[0.550s] Level 1:colcon.colcon_core.package_identification:_identify(src/crazyswarm2/ros_ws/src/crazyswarm/scripts/crossing2_pps) by extension 'colcon_meta'
[0.550s] Level 1:colcon.colcon_core.package_identification:_identify(src/crazyswarm2/ros_ws/src/crazyswarm/scripts/crossing2_pps) by extensions ['ros']
[0.550s] Level 1:colcon.colcon_core.package_identification:_identify(src/crazyswarm2/ros_ws/src/crazyswarm/scripts/crossing2_pps) by extension 'ros'
[0.550s] Level 1:colcon.colcon_core.package_identification:_identify(src/crazyswarm2/ros_ws/src/crazyswarm/scripts/crossing2_pps) by extensions ['cmake', 'python']
[0.550s] Level 1:colcon.colcon_core.package_identification:_identify(src/crazyswarm2/ros_ws/src/crazyswarm/scripts/crossing2_pps) by extension 'cmake'
[0.550s] Level 1:colcon.colcon_core.package_identification:_identify(src/crazyswarm2/ros_ws/src/crazyswarm/scripts/crossing2_pps) by extension 'python'
[0.551s] Level 1:colcon.colcon_core.package_identification:_identify(src/crazyswarm2/ros_ws/src/crazyswarm/scripts/crossing2_pps) by extensions ['python_setup_py']
[0.551s] Level 1:colcon.colcon_core.package_identification:_identify(src/crazyswarm2/ros_ws/src/crazyswarm/scripts/crossing2_pps) by extension 'python_setup_py'
[0.551s] Level 1:colcon.colcon_core.package_identification:_identify(src/crazyswarm2/ros_ws/src/crazyswarm/scripts/crossing4_pps) by extensions ['ignore', 'ignore_ament_install']
[0.551s] Level 1:colcon.colcon_core.package_identification:_identify(src/crazyswarm2/ros_ws/src/crazyswarm/scripts/crossing4_pps) by extension 'ignore'
[0.551s] Level 1:colcon.colcon_core.package_identification:_identify(src/crazyswarm2/ros_ws/src/crazyswarm/scripts/crossing4_pps) by extension 'ignore_ament_install'
[0.551s] Level 1:colcon.colcon_core.package_identification:_identify(src/crazyswarm2/ros_ws/src/crazyswarm/scripts/crossing4_pps) by extensions ['colcon_pkg']
[0.551s] Level 1:colcon.colcon_core.package_identification:_identify(src/crazyswarm2/ros_ws/src/crazyswarm/scripts/crossing4_pps) by extension 'colcon_pkg'
[0.551s] Level 1:colcon.colcon_core.package_identification:_identify(src/crazyswarm2/ros_ws/src/crazyswarm/scripts/crossing4_pps) by extensions ['colcon_meta']
[0.551s] Level 1:colcon.colcon_core.package_identification:_identify(src/crazyswarm2/ros_ws/src/crazyswarm/scripts/crossing4_pps) by extension 'colcon_meta'
[0.552s] Level 1:colcon.colcon_core.package_identification:_identify(src/crazyswarm2/ros_ws/src/crazyswarm/scripts/crossing4_pps) by extensions ['ros']
[0.552s] Level 1:colcon.colcon_core.package_identification:_identify(src/crazyswarm2/ros_ws/src/crazyswarm/scripts/crossing4_pps) by extension 'ros'
[0.552s] Level 1:colcon.colcon_core.package_identification:_identify(src/crazyswarm2/ros_ws/src/crazyswarm/scripts/crossing4_pps) by extensions ['cmake', 'python']
[0.552s] Level 1:colcon.colcon_core.package_identification:_identify(src/crazyswarm2/ros_ws/src/crazyswarm/scripts/crossing4_pps) by extension 'cmake'
[0.552s] Level 1:colcon.colcon_core.package_identification:_identify(src/crazyswarm2/ros_ws/src/crazyswarm/scripts/crossing4_pps) by extension 'python'
[0.552s] Level 1:colcon.colcon_core.package_identification:_identify(src/crazyswarm2/ros_ws/src/crazyswarm/scripts/crossing4_pps) by extensions ['python_setup_py']
[0.552s] Level 1:colcon.colcon_core.package_identification:_identify(src/crazyswarm2/ros_ws/src/crazyswarm/scripts/crossing4_pps) by extension 'python_setup_py'
[0.552s] Level 1:colcon.colcon_core.package_identification:_identify(src/crazyswarm2/ros_ws/src/crazyswarm/scripts/sequence_trajectories) by extensions ['ignore', 'ignore_ament_install']
[0.553s] Level 1:colcon.colcon_core.package_identification:_identify(src/crazyswarm2/ros_ws/src/crazyswarm/scripts/sequence_trajectories) by extension 'ignore'
[0.553s] Level 1:colcon.colcon_core.package_identification:_identify(src/crazyswarm2/ros_ws/src/crazyswarm/scripts/sequence_trajectories) by extension 'ignore_ament_install'
[0.553s] Level 1:colcon.colcon_core.package_identification:_identify(src/crazyswarm2/ros_ws/src/crazyswarm/scripts/sequence_trajectories) by extensions ['colcon_pkg']
[0.553s] Level 1:colcon.colcon_core.package_identification:_identify(src/crazyswarm2/ros_ws/src/crazyswarm/scripts/sequence_trajectories) by extension 'colcon_pkg'
[0.553s] Level 1:colcon.colcon_core.package_identification:_identify(src/crazyswarm2/ros_ws/src/crazyswarm/scripts/sequence_trajectories) by extensions ['colcon_meta']
[0.553s] Level 1:colcon.colcon_core.package_identification:_identify(src/crazyswarm2/ros_ws/src/crazyswarm/scripts/sequence_trajectories) by extension 'colcon_meta'
[0.553s] Level 1:colcon.colcon_core.package_identification:_identify(src/crazyswarm2/ros_ws/src/crazyswarm/scripts/sequence_trajectories) by extensions ['ros']
[0.553s] Level 1:colcon.colcon_core.package_identification:_identify(src/crazyswarm2/ros_ws/src/crazyswarm/scripts/sequence_trajectories) by extension 'ros'
[0.553s] Level 1:colcon.colcon_core.package_identification:_identify(src/crazyswarm2/ros_ws/src/crazyswarm/scripts/sequence_trajectories) by extensions ['cmake', 'python']
[0.553s] Level 1:colcon.colcon_core.package_identification:_identify(src/crazyswarm2/ros_ws/src/crazyswarm/scripts/sequence_trajectories) by extension 'cmake'
[0.553s] Level 1:colcon.colcon_core.package_identification:_identify(src/crazyswarm2/ros_ws/src/crazyswarm/scripts/sequence_trajectories) by extension 'python'
[0.553s] Level 1:colcon.colcon_core.package_identification:_identify(src/crazyswarm2/ros_ws/src/crazyswarm/scripts/sequence_trajectories) by extensions ['python_setup_py']
[0.553s] Level 1:colcon.colcon_core.package_identification:_identify(src/crazyswarm2/ros_ws/src/crazyswarm/scripts/sequence_trajectories) by extension 'python_setup_py'
[0.554s] Level 1:colcon.colcon_core.package_identification:_identify(src/crazyswarm2/ros_ws/src/crazyswarm/scripts/sequence_trajectories/1) by extensions ['ignore', 'ignore_ament_install']
[0.554s] Level 1:colcon.colcon_core.package_identification:_identify(src/crazyswarm2/ros_ws/src/crazyswarm/scripts/sequence_trajectories/1) by extension 'ignore'
[0.554s] Level 1:colcon.colcon_core.package_identification:_identify(src/crazyswarm2/ros_ws/src/crazyswarm/scripts/sequence_trajectories/1) by extension 'ignore_ament_install'
[0.554s] Level 1:colcon.colcon_core.package_identification:_identify(src/crazyswarm2/ros_ws/src/crazyswarm/scripts/sequence_trajectories/1) by extensions ['colcon_pkg']
[0.554s] Level 1:colcon.colcon_core.package_identification:_identify(src/crazyswarm2/ros_ws/src/crazyswarm/scripts/sequence_trajectories/1) by extension 'colcon_pkg'
[0.554s] Level 1:colcon.colcon_core.package_identification:_identify(src/crazyswarm2/ros_ws/src/crazyswarm/scripts/sequence_trajectories/1) by extensions ['colcon_meta']
[0.554s] Level 1:colcon.colcon_core.package_identification:_identify(src/crazyswarm2/ros_ws/src/crazyswarm/scripts/sequence_trajectories/1) by extension 'colcon_meta'
[0.554s] Level 1:colcon.colcon_core.package_identification:_identify(src/crazyswarm2/ros_ws/src/crazyswarm/scripts/sequence_trajectories/1) by extensions ['ros']
[0.554s] Level 1:colcon.colcon_core.package_identification:_identify(src/crazyswarm2/ros_ws/src/crazyswarm/scripts/sequence_trajectories/1) by extension 'ros'
[0.555s] Level 1:colcon.colcon_core.package_identification:_identify(src/crazyswarm2/ros_ws/src/crazyswarm/scripts/sequence_trajectories/1) by extensions ['cmake', 'python']
[0.555s] Level 1:colcon.colcon_core.package_identification:_identify(src/crazyswarm2/ros_ws/src/crazyswarm/scripts/sequence_trajectories/1) by extension 'cmake'
[0.555s] Level 1:colcon.colcon_core.package_identification:_identify(src/crazyswarm2/ros_ws/src/crazyswarm/scripts/sequence_trajectories/1) by extension 'python'
[0.555s] Level 1:colcon.colcon_core.package_identification:_identify(src/crazyswarm2/ros_ws/src/crazyswarm/scripts/sequence_trajectories/1) by extensions ['python_setup_py']
[0.555s] Level 1:colcon.colcon_core.package_identification:_identify(src/crazyswarm2/ros_ws/src/crazyswarm/scripts/sequence_trajectories/1) by extension 'python_setup_py'
[0.555s] Level 1:colcon.colcon_core.package_identification:_identify(src/crazyswarm2/ros_ws/src/crazyswarm/scripts/sequence_trajectories/2) by extensions ['ignore', 'ignore_ament_install']
[0.555s] Level 1:colcon.colcon_core.package_identification:_identify(src/crazyswarm2/ros_ws/src/crazyswarm/scripts/sequence_trajectories/2) by extension 'ignore'
[0.555s] Level 1:colcon.colcon_core.package_identification:_identify(src/crazyswarm2/ros_ws/src/crazyswarm/scripts/sequence_trajectories/2) by extension 'ignore_ament_install'
[0.555s] Level 1:colcon.colcon_core.package_identification:_identify(src/crazyswarm2/ros_ws/src/crazyswarm/scripts/sequence_trajectories/2) by extensions ['colcon_pkg']
[0.555s] Level 1:colcon.colcon_core.package_identification:_identify(src/crazyswarm2/ros_ws/src/crazyswarm/scripts/sequence_trajectories/2) by extension 'colcon_pkg'
[0.555s] Level 1:colcon.colcon_core.package_identification:_identify(src/crazyswarm2/ros_ws/src/crazyswarm/scripts/sequence_trajectories/2) by extensions ['colcon_meta']
[0.555s] Level 1:colcon.colcon_core.package_identification:_identify(src/crazyswarm2/ros_ws/src/crazyswarm/scripts/sequence_trajectories/2) by extension 'colcon_meta'
[0.556s] Level 1:colcon.colcon_core.package_identification:_identify(src/crazyswarm2/ros_ws/src/crazyswarm/scripts/sequence_trajectories/2) by extensions ['ros']
[0.556s] Level 1:colcon.colcon_core.package_identification:_identify(src/crazyswarm2/ros_ws/src/crazyswarm/scripts/sequence_trajectories/2) by extension 'ros'
[0.556s] Level 1:colcon.colcon_core.package_identification:_identify(src/crazyswarm2/ros_ws/src/crazyswarm/scripts/sequence_trajectories/2) by extensions ['cmake', 'python']
[0.556s] Level 1:colcon.colcon_core.package_identification:_identify(src/crazyswarm2/ros_ws/src/crazyswarm/scripts/sequence_trajectories/2) by extension 'cmake'
[0.556s] Level 1:colcon.colcon_core.package_identification:_identify(src/crazyswarm2/ros_ws/src/crazyswarm/scripts/sequence_trajectories/2) by extension 'python'
[0.556s] Level 1:colcon.colcon_core.package_identification:_identify(src/crazyswarm2/ros_ws/src/crazyswarm/scripts/sequence_trajectories/2) by extensions ['python_setup_py']
[0.556s] Level 1:colcon.colcon_core.package_identification:_identify(src/crazyswarm2/ros_ws/src/crazyswarm/scripts/sequence_trajectories/2) by extension 'python_setup_py'
[0.556s] Level 1:colcon.colcon_core.package_identification:_identify(src/crazyswarm2/ros_ws/src/crazyswarm/scripts/sequence_trajectories/3) by extensions ['ignore', 'ignore_ament_install']
[0.557s] Level 1:colcon.colcon_core.package_identification:_identify(src/crazyswarm2/ros_ws/src/crazyswarm/scripts/sequence_trajectories/3) by extension 'ignore'
[0.557s] Level 1:colcon.colcon_core.package_identification:_identify(src/crazyswarm2/ros_ws/src/crazyswarm/scripts/sequence_trajectories/3) by extension 'ignore_ament_install'
[0.557s] Level 1:colcon.colcon_core.package_identification:_identify(src/crazyswarm2/ros_ws/src/crazyswarm/scripts/sequence_trajectories/3) by extensions ['colcon_pkg']
[0.557s] Level 1:colcon.colcon_core.package_identification:_identify(src/crazyswarm2/ros_ws/src/crazyswarm/scripts/sequence_trajectories/3) by extension 'colcon_pkg'
[0.557s] Level 1:colcon.colcon_core.package_identification:_identify(src/crazyswarm2/ros_ws/src/crazyswarm/scripts/sequence_trajectories/3) by extensions ['colcon_meta']
[0.557s] Level 1:colcon.colcon_core.package_identification:_identify(src/crazyswarm2/ros_ws/src/crazyswarm/scripts/sequence_trajectories/3) by extension 'colcon_meta'
[0.557s] Level 1:colcon.colcon_core.package_identification:_identify(src/crazyswarm2/ros_ws/src/crazyswarm/scripts/sequence_trajectories/3) by extensions ['ros']
[0.557s] Level 1:colcon.colcon_core.package_identification:_identify(src/crazyswarm2/ros_ws/src/crazyswarm/scripts/sequence_trajectories/3) by extension 'ros'
[0.557s] Level 1:colcon.colcon_core.package_identification:_identify(src/crazyswarm2/ros_ws/src/crazyswarm/scripts/sequence_trajectories/3) by extensions ['cmake', 'python']
[0.557s] Level 1:colcon.colcon_core.package_identification:_identify(src/crazyswarm2/ros_ws/src/crazyswarm/scripts/sequence_trajectories/3) by extension 'cmake'
[0.558s] Level 1:colcon.colcon_core.package_identification:_identify(src/crazyswarm2/ros_ws/src/crazyswarm/scripts/sequence_trajectories/3) by extension 'python'
[0.558s] Level 1:colcon.colcon_core.package_identification:_identify(src/crazyswarm2/ros_ws/src/crazyswarm/scripts/sequence_trajectories/3) by extensions ['python_setup_py']
[0.558s] Level 1:colcon.colcon_core.package_identification:_identify(src/crazyswarm2/ros_ws/src/crazyswarm/scripts/sequence_trajectories/3) by extension 'python_setup_py'
[0.558s] Level 1:colcon.colcon_core.package_identification:_identify(src/crazyswarm2/ros_ws/src/crazyswarm/scripts/sequence_trajectories/4) by extensions ['ignore', 'ignore_ament_install']
[0.558s] Level 1:colcon.colcon_core.package_identification:_identify(src/crazyswarm2/ros_ws/src/crazyswarm/scripts/sequence_trajectories/4) by extension 'ignore'
[0.558s] Level 1:colcon.colcon_core.package_identification:_identify(src/crazyswarm2/ros_ws/src/crazyswarm/scripts/sequence_trajectories/4) by extension 'ignore_ament_install'
[0.558s] Level 1:colcon.colcon_core.package_identification:_identify(src/crazyswarm2/ros_ws/src/crazyswarm/scripts/sequence_trajectories/4) by extensions ['colcon_pkg']
[0.558s] Level 1:colcon.colcon_core.package_identification:_identify(src/crazyswarm2/ros_ws/src/crazyswarm/scripts/sequence_trajectories/4) by extension 'colcon_pkg'
[0.558s] Level 1:colcon.colcon_core.package_identification:_identify(src/crazyswarm2/ros_ws/src/crazyswarm/scripts/sequence_trajectories/4) by extensions ['colcon_meta']
[0.558s] Level 1:colcon.colcon_core.package_identification:_identify(src/crazyswarm2/ros_ws/src/crazyswarm/scripts/sequence_trajectories/4) by extension 'colcon_meta'
[0.558s] Level 1:colcon.colcon_core.package_identification:_identify(src/crazyswarm2/ros_ws/src/crazyswarm/scripts/sequence_trajectories/4) by extensions ['ros']
[0.559s] Level 1:colcon.colcon_core.package_identification:_identify(src/crazyswarm2/ros_ws/src/crazyswarm/scripts/sequence_trajectories/4) by extension 'ros'
[0.559s] Level 1:colcon.colcon_core.package_identification:_identify(src/crazyswarm2/ros_ws/src/crazyswarm/scripts/sequence_trajectories/4) by extensions ['cmake', 'python']
[0.559s] Level 1:colcon.colcon_core.package_identification:_identify(src/crazyswarm2/ros_ws/src/crazyswarm/scripts/sequence_trajectories/4) by extension 'cmake'
[0.559s] Level 1:colcon.colcon_core.package_identification:_identify(src/crazyswarm2/ros_ws/src/crazyswarm/scripts/sequence_trajectories/4) by extension 'python'
[0.559s] Level 1:colcon.colcon_core.package_identification:_identify(src/crazyswarm2/ros_ws/src/crazyswarm/scripts/sequence_trajectories/4) by extensions ['python_setup_py']
[0.559s] Level 1:colcon.colcon_core.package_identification:_identify(src/crazyswarm2/ros_ws/src/crazyswarm/scripts/sequence_trajectories/4) by extension 'python_setup_py'
[0.559s] Level 1:colcon.colcon_core.package_identification:_identify(src/crazyswarm2/ros_ws/src/crazyswarm/scripts/sequence_trajectories/5) by extensions ['ignore', 'ignore_ament_install']
[0.559s] Level 1:colcon.colcon_core.package_identification:_identify(src/crazyswarm2/ros_ws/src/crazyswarm/scripts/sequence_trajectories/5) by extension 'ignore'
[0.559s] Level 1:colcon.colcon_core.package_identification:_identify(src/crazyswarm2/ros_ws/src/crazyswarm/scripts/sequence_trajectories/5) by extension 'ignore_ament_install'
[0.559s] Level 1:colcon.colcon_core.package_identification:_identify(src/crazyswarm2/ros_ws/src/crazyswarm/scripts/sequence_trajectories/5) by extensions ['colcon_pkg']
[0.559s] Level 1:colcon.colcon_core.package_identification:_identify(src/crazyswarm2/ros_ws/src/crazyswarm/scripts/sequence_trajectories/5) by extension 'colcon_pkg'
[0.559s] Level 1:colcon.colcon_core.package_identification:_identify(src/crazyswarm2/ros_ws/src/crazyswarm/scripts/sequence_trajectories/5) by extensions ['colcon_meta']
[0.559s] Level 1:colcon.colcon_core.package_identification:_identify(src/crazyswarm2/ros_ws/src/crazyswarm/scripts/sequence_trajectories/5) by extension 'colcon_meta'
[0.559s] Level 1:colcon.colcon_core.package_identification:_identify(src/crazyswarm2/ros_ws/src/crazyswarm/scripts/sequence_trajectories/5) by extensions ['ros']
[0.560s] Level 1:colcon.colcon_core.package_identification:_identify(src/crazyswarm2/ros_ws/src/crazyswarm/scripts/sequence_trajectories/5) by extension 'ros'
[0.560s] Level 1:colcon.colcon_core.package_identification:_identify(src/crazyswarm2/ros_ws/src/crazyswarm/scripts/sequence_trajectories/5) by extensions ['cmake', 'python']
[0.560s] Level 1:colcon.colcon_core.package_identification:_identify(src/crazyswarm2/ros_ws/src/crazyswarm/scripts/sequence_trajectories/5) by extension 'cmake'
[0.560s] Level 1:colcon.colcon_core.package_identification:_identify(src/crazyswarm2/ros_ws/src/crazyswarm/scripts/sequence_trajectories/5) by extension 'python'
[0.560s] Level 1:colcon.colcon_core.package_identification:_identify(src/crazyswarm2/ros_ws/src/crazyswarm/scripts/sequence_trajectories/5) by extensions ['python_setup_py']
[0.560s] Level 1:colcon.colcon_core.package_identification:_identify(src/crazyswarm2/ros_ws/src/crazyswarm/scripts/sequence_trajectories/5) by extension 'python_setup_py'
[0.560s] Level 1:colcon.colcon_core.package_identification:_identify(src/crazyswarm2/ros_ws/src/crazyswarm/scripts/sequence_trajectories/6) by extensions ['ignore', 'ignore_ament_install']
[0.560s] Level 1:colcon.colcon_core.package_identification:_identify(src/crazyswarm2/ros_ws/src/crazyswarm/scripts/sequence_trajectories/6) by extension 'ignore'
[0.560s] Level 1:colcon.colcon_core.package_identification:_identify(src/crazyswarm2/ros_ws/src/crazyswarm/scripts/sequence_trajectories/6) by extension 'ignore_ament_install'
[0.560s] Level 1:colcon.colcon_core.package_identification:_identify(src/crazyswarm2/ros_ws/src/crazyswarm/scripts/sequence_trajectories/6) by extensions ['colcon_pkg']
[0.560s] Level 1:colcon.colcon_core.package_identification:_identify(src/crazyswarm2/ros_ws/src/crazyswarm/scripts/sequence_trajectories/6) by extension 'colcon_pkg'
[0.560s] Level 1:colcon.colcon_core.package_identification:_identify(src/crazyswarm2/ros_ws/src/crazyswarm/scripts/sequence_trajectories/6) by extensions ['colcon_meta']
[0.560s] Level 1:colcon.colcon_core.package_identification:_identify(src/crazyswarm2/ros_ws/src/crazyswarm/scripts/sequence_trajectories/6) by extension 'colcon_meta'
[0.560s] Level 1:colcon.colcon_core.package_identification:_identify(src/crazyswarm2/ros_ws/src/crazyswarm/scripts/sequence_trajectories/6) by extensions ['ros']
[0.560s] Level 1:colcon.colcon_core.package_identification:_identify(src/crazyswarm2/ros_ws/src/crazyswarm/scripts/sequence_trajectories/6) by extension 'ros'
[0.561s] Level 1:colcon.colcon_core.package_identification:_identify(src/crazyswarm2/ros_ws/src/crazyswarm/scripts/sequence_trajectories/6) by extensions ['cmake', 'python']
[0.561s] Level 1:colcon.colcon_core.package_identification:_identify(src/crazyswarm2/ros_ws/src/crazyswarm/scripts/sequence_trajectories/6) by extension 'cmake'
[0.561s] Level 1:colcon.colcon_core.package_identification:_identify(src/crazyswarm2/ros_ws/src/crazyswarm/scripts/sequence_trajectories/6) by extension 'python'
[0.561s] Level 1:colcon.colcon_core.package_identification:_identify(src/crazyswarm2/ros_ws/src/crazyswarm/scripts/sequence_trajectories/6) by extensions ['python_setup_py']
[0.561s] Level 1:colcon.colcon_core.package_identification:_identify(src/crazyswarm2/ros_ws/src/crazyswarm/scripts/sequence_trajectories/6) by extension 'python_setup_py'
[0.561s] Level 1:colcon.colcon_core.package_identification:_identify(src/crazyswarm2/ros_ws/src/crazyswarm/scripts/sequence_trajectories/7) by extensions ['ignore', 'ignore_ament_install']
[0.561s] Level 1:colcon.colcon_core.package_identification:_identify(src/crazyswarm2/ros_ws/src/crazyswarm/scripts/sequence_trajectories/7) by extension 'ignore'
[0.561s] Level 1:colcon.colcon_core.package_identification:_identify(src/crazyswarm2/ros_ws/src/crazyswarm/scripts/sequence_trajectories/7) by extension 'ignore_ament_install'
[0.561s] Level 1:colcon.colcon_core.package_identification:_identify(src/crazyswarm2/ros_ws/src/crazyswarm/scripts/sequence_trajectories/7) by extensions ['colcon_pkg']
[0.561s] Level 1:colcon.colcon_core.package_identification:_identify(src/crazyswarm2/ros_ws/src/crazyswarm/scripts/sequence_trajectories/7) by extension 'colcon_pkg'
[0.561s] Level 1:colcon.colcon_core.package_identification:_identify(src/crazyswarm2/ros_ws/src/crazyswarm/scripts/sequence_trajectories/7) by extensions ['colcon_meta']
[0.561s] Level 1:colcon.colcon_core.package_identification:_identify(src/crazyswarm2/ros_ws/src/crazyswarm/scripts/sequence_trajectories/7) by extension 'colcon_meta'
[0.561s] Level 1:colcon.colcon_core.package_identification:_identify(src/crazyswarm2/ros_ws/src/crazyswarm/scripts/sequence_trajectories/7) by extensions ['ros']
[0.561s] Level 1:colcon.colcon_core.package_identification:_identify(src/crazyswarm2/ros_ws/src/crazyswarm/scripts/sequence_trajectories/7) by extension 'ros'
[0.562s] Level 1:colcon.colcon_core.package_identification:_identify(src/crazyswarm2/ros_ws/src/crazyswarm/scripts/sequence_trajectories/7) by extensions ['cmake', 'python']
[0.562s] Level 1:colcon.colcon_core.package_identification:_identify(src/crazyswarm2/ros_ws/src/crazyswarm/scripts/sequence_trajectories/7) by extension 'cmake'
[0.562s] Level 1:colcon.colcon_core.package_identification:_identify(src/crazyswarm2/ros_ws/src/crazyswarm/scripts/sequence_trajectories/7) by extension 'python'
[0.562s] Level 1:colcon.colcon_core.package_identification:_identify(src/crazyswarm2/ros_ws/src/crazyswarm/scripts/sequence_trajectories/7) by extensions ['python_setup_py']
[0.562s] Level 1:colcon.colcon_core.package_identification:_identify(src/crazyswarm2/ros_ws/src/crazyswarm/scripts/sequence_trajectories/7) by extension 'python_setup_py'
[0.562s] Level 1:colcon.colcon_core.package_identification:_identify(src/crazyswarm2/ros_ws/src/crazyswarm/scripts/swap6v_pps) by extensions ['ignore', 'ignore_ament_install']
[0.562s] Level 1:colcon.colcon_core.package_identification:_identify(src/crazyswarm2/ros_ws/src/crazyswarm/scripts/swap6v_pps) by extension 'ignore'
[0.562s] Level 1:colcon.colcon_core.package_identification:_identify(src/crazyswarm2/ros_ws/src/crazyswarm/scripts/swap6v_pps) by extension 'ignore_ament_install'
[0.562s] Level 1:colcon.colcon_core.package_identification:_identify(src/crazyswarm2/ros_ws/src/crazyswarm/scripts/swap6v_pps) by extensions ['colcon_pkg']
[0.562s] Level 1:colcon.colcon_core.package_identification:_identify(src/crazyswarm2/ros_ws/src/crazyswarm/scripts/swap6v_pps) by extension 'colcon_pkg'
[0.562s] Level 1:colcon.colcon_core.package_identification:_identify(src/crazyswarm2/ros_ws/src/crazyswarm/scripts/swap6v_pps) by extensions ['colcon_meta']
[0.562s] Level 1:colcon.colcon_core.package_identification:_identify(src/crazyswarm2/ros_ws/src/crazyswarm/scripts/swap6v_pps) by extension 'colcon_meta'
[0.563s] Level 1:colcon.colcon_core.package_identification:_identify(src/crazyswarm2/ros_ws/src/crazyswarm/scripts/swap6v_pps) by extensions ['ros']
[0.563s] Level 1:colcon.colcon_core.package_identification:_identify(src/crazyswarm2/ros_ws/src/crazyswarm/scripts/swap6v_pps) by extension 'ros'
[0.563s] Level 1:colcon.colcon_core.package_identification:_identify(src/crazyswarm2/ros_ws/src/crazyswarm/scripts/swap6v_pps) by extensions ['cmake', 'python']
[0.563s] Level 1:colcon.colcon_core.package_identification:_identify(src/crazyswarm2/ros_ws/src/crazyswarm/scripts/swap6v_pps) by extension 'cmake'
[0.563s] Level 1:colcon.colcon_core.package_identification:_identify(src/crazyswarm2/ros_ws/src/crazyswarm/scripts/swap6v_pps) by extension 'python'
[0.563s] Level 1:colcon.colcon_core.package_identification:_identify(src/crazyswarm2/ros_ws/src/crazyswarm/scripts/swap6v_pps) by extensions ['python_setup_py']
[0.563s] Level 1:colcon.colcon_core.package_identification:_identify(src/crazyswarm2/ros_ws/src/crazyswarm/scripts/swap6v_pps) by extension 'python_setup_py'
[0.563s] Level 1:colcon.colcon_core.package_identification:_identify(src/crazyswarm2/systemtests) by extensions ['ignore', 'ignore_ament_install']
[0.563s] Level 1:colcon.colcon_core.package_identification:_identify(src/crazyswarm2/systemtests) by extension 'ignore'
[0.563s] Level 1:colcon.colcon_core.package_identification:_identify(src/crazyswarm2/systemtests) by extension 'ignore_ament_install'
[0.563s] Level 1:colcon.colcon_core.package_identification:_identify(src/crazyswarm2/systemtests) by extensions ['colcon_pkg']
[0.563s] Level 1:colcon.colcon_core.package_identification:_identify(src/crazyswarm2/systemtests) by extension 'colcon_pkg'
[0.563s] Level 1:colcon.colcon_core.package_identification:_identify(src/crazyswarm2/systemtests) by extensions ['colcon_meta']
[0.563s] Level 1:colcon.colcon_core.package_identification:_identify(src/crazyswarm2/systemtests) by extension 'colcon_meta'
[0.564s] Level 1:colcon.colcon_core.package_identification:_identify(src/crazyswarm2/systemtests) by extensions ['ros']
[0.564s] Level 1:colcon.colcon_core.package_identification:_identify(src/crazyswarm2/systemtests) by extension 'ros'
[0.564s] Level 1:colcon.colcon_core.package_identification:_identify(src/crazyswarm2/systemtests) by extensions ['cmake', 'python']
[0.564s] Level 1:colcon.colcon_core.package_identification:_identify(src/crazyswarm2/systemtests) by extension 'cmake'
[0.564s] Level 1:colcon.colcon_core.package_identification:_identify(src/crazyswarm2/systemtests) by extension 'python'
[0.564s] Level 1:colcon.colcon_core.package_identification:_identify(src/crazyswarm2/systemtests) by extensions ['python_setup_py']
[0.564s] Level 1:colcon.colcon_core.package_identification:_identify(src/crazyswarm2/systemtests) by extension 'python_setup_py'
[0.564s] Level 1:colcon.colcon_core.package_identification:_identify(src/crazyswarm2/systemtests/SDplotting) by extensions ['ignore', 'ignore_ament_install']
[0.564s] Level 1:colcon.colcon_core.package_identification:_identify(src/crazyswarm2/systemtests/SDplotting) by extension 'ignore'
[0.564s] Level 1:colcon.colcon_core.package_identification:_identify(src/crazyswarm2/systemtests/SDplotting) by extension 'ignore_ament_install'
[0.564s] Level 1:colcon.colcon_core.package_identification:_identify(src/crazyswarm2/systemtests/SDplotting) by extensions ['colcon_pkg']
[0.564s] Level 1:colcon.colcon_core.package_identification:_identify(src/crazyswarm2/systemtests/SDplotting) by extension 'colcon_pkg'
[0.564s] Level 1:colcon.colcon_core.package_identification:_identify(src/crazyswarm2/systemtests/SDplotting) by extensions ['colcon_meta']
[0.564s] Level 1:colcon.colcon_core.package_identification:_identify(src/crazyswarm2/systemtests/SDplotting) by extension 'colcon_meta'
[0.564s] Level 1:colcon.colcon_core.package_identification:_identify(src/crazyswarm2/systemtests/SDplotting) by extensions ['ros']
[0.564s] Level 1:colcon.colcon_core.package_identification:_identify(src/crazyswarm2/systemtests/SDplotting) by extension 'ros'
[0.565s] Level 1:colcon.colcon_core.package_identification:_identify(src/crazyswarm2/systemtests/SDplotting) by extensions ['cmake', 'python']
[0.565s] Level 1:colcon.colcon_core.package_identification:_identify(src/crazyswarm2/systemtests/SDplotting) by extension 'cmake'
[0.565s] Level 1:colcon.colcon_core.package_identification:_identify(src/crazyswarm2/systemtests/SDplotting) by extension 'python'
[0.565s] Level 1:colcon.colcon_core.package_identification:_identify(src/crazyswarm2/systemtests/SDplotting) by extensions ['python_setup_py']
[0.565s] Level 1:colcon.colcon_core.package_identification:_identify(src/crazyswarm2/systemtests/SDplotting) by extension 'python_setup_py'
[0.565s] Level 1:colcon.colcon_core.package_identification:_identify(src/swarm_guidance) by extensions ['ignore', 'ignore_ament_install']
[0.565s] Level 1:colcon.colcon_core.package_identification:_identify(src/swarm_guidance) by extension 'ignore'
[0.565s] Level 1:colcon.colcon_core.package_identification:_identify(src/swarm_guidance) by extension 'ignore_ament_install'
[0.565s] Level 1:colcon.colcon_core.package_identification:_identify(src/swarm_guidance) by extensions ['colcon_pkg']
[0.565s] Level 1:colcon.colcon_core.package_identification:_identify(src/swarm_guidance) by extension 'colcon_pkg'
[0.565s] Level 1:colcon.colcon_core.package_identification:_identify(src/swarm_guidance) by extensions ['colcon_meta']
[0.565s] Level 1:colcon.colcon_core.package_identification:_identify(src/swarm_guidance) by extension 'colcon_meta'
[0.566s] Level 1:colcon.colcon_core.package_identification:_identify(src/swarm_guidance) by extensions ['ros']
[0.566s] Level 1:colcon.colcon_core.package_identification:_identify(src/swarm_guidance) by extension 'ros'
[0.567s] DEBUG:colcon.colcon_core.package_identification:Package 'src/swarm_guidance' with type 'ros.ament_python' and name 'swarm_guidance'
[0.568s] Level 1:colcon.colcon_core.package_identification:_identify(src/swarm_navigation) by extensions ['ignore', 'ignore_ament_install']
[0.568s] Level 1:colcon.colcon_core.package_identification:_identify(src/swarm_navigation) by extension 'ignore'
[0.568s] Level 1:colcon.colcon_core.package_identification:_identify(src/swarm_navigation) by extension 'ignore_ament_install'
[0.568s] Level 1:colcon.colcon_core.package_identification:_identify(src/swarm_navigation) by extensions ['colcon_pkg']
[0.568s] Level 1:colcon.colcon_core.package_identification:_identify(src/swarm_navigation) by extension 'colcon_pkg'
[0.568s] Level 1:colcon.colcon_core.package_identification:_identify(src/swarm_navigation) by extensions ['colcon_meta']
[0.568s] Level 1:colcon.colcon_core.package_identification:_identify(src/swarm_navigation) by extension 'colcon_meta'
[0.568s] Level 1:colcon.colcon_core.package_identification:_identify(src/swarm_navigation) by extensions ['ros']
[0.569s] Level 1:colcon.colcon_core.package_identification:_identify(src/swarm_navigation) by extension 'ros'
[0.570s] DEBUG:colcon.colcon_core.package_identification:Package 'src/swarm_navigation' with type 'ros.ament_python' and name 'swarm_navigation'
[0.570s] Level 1:colcon.colcon_core.package_discovery:discover_packages(recursive) using defaults
[0.571s] Level 1:colcon.colcon_core.package_discovery:discover_packages(ignore) discover
[0.571s] Level 1:colcon.colcon_core.package_discovery:discover_packages(ignore) using defaults
[0.571s] Level 1:colcon.colcon_core.package_discovery:discover_packages(path) discover
[0.571s] Level 1:colcon.colcon_core.package_discovery:discover_packages(path) using defaults
[0.600s] INFO:colcon.colcon_metadata.metadata.colcon_pkg:Updating descriptor of package 'src/crazyswarm2/crazyflie_py' from colcon.pkg: {'python-testing': 'pytest'}
[0.603s] INFO:colcon.colcon_core.package_selection:Skipping not selected package 'crazyflie_interfaces' in 'src/crazyswarm2/crazyflie_interfaces'
[0.603s] INFO:colcon.colcon_core.package_selection:Skipping not selected package 'crazyflie' in 'src/crazyswarm2/crazyflie'
[0.603s] INFO:colcon.colcon_core.package_selection:Skipping not selected package 'crazyflie_py' in 'src/crazyswarm2/crazyflie_py'
[0.603s] INFO:colcon.colcon_core.package_selection:Skipping not selected package 'crazyflie_sim' in 'src/crazyswarm2/crazyflie_sim'
[0.603s] INFO:colcon.colcon_core.package_selection:Skipping not selected package 'crazyflie_examples' in 'src/crazyswarm2/crazyflie_examples'
[0.604s] Level 1:colcon.colcon_core.package_discovery:discover_packages(prefix_path) check parameters
[0.604s] Level 1:colcon.colcon_core.package_discovery:discover_packages(prefix_path) discover
[0.620s] DEBUG:colcon.colcon_installed_package_information.package_discovery:Found 8 installed packages in /home/gowtham/swarm_ws/install
[0.622s] DEBUG:colcon.colcon_installed_package_information.package_discovery:Found 278 installed packages in /opt/ros/humble
[0.625s] Level 1:colcon.colcon_core.package_discovery:discover_packages(prefix_path) using defaults
[0.677s] Level 5:colcon.colcon_core.verb:set package 'swarm_guidance' build argument 'cmake_args' from command line to 'None'
[0.677s] Level 5:colcon.colcon_core.verb:set package 'swarm_guidance' build argument 'cmake_target' from command line to 'None'
[0.677s] Level 5:colcon.colcon_core.verb:set package 'swarm_guidance' build argument 'cmake_target_skip_unavailable' from command line to 'False'
[0.677s] Level 5:colcon.colcon_core.verb:set package 'swarm_guidance' build argument 'cmake_clean_cache' from command line to 'False'
[0.677s] Level 5:colcon.colcon_core.verb:set package 'swarm_guidance' build argument 'cmake_clean_first' from command line to 'False'
[0.677s] Level 5:colcon.colcon_core.verb:set package 'swarm_guidance' build argument 'cmake_force_configure' from command line to 'False'
[0.677s] Level 5:colcon.colcon_core.verb:set package 'swarm_guidance' build argument 'ament_cmake_args' from command line to 'None'
[0.677s] Level 5:colcon.colcon_core.verb:set package 'swarm_guidance' build argument 'catkin_cmake_args' from command line to 'None'
[0.677s] Level 5:colcon.colcon_core.verb:set package 'swarm_guidance' build argument 'catkin_skip_building_tests' from command line to 'False'
[0.677s] DEBUG:colcon.colcon_core.verb:Building package 'swarm_guidance' with the following arguments: {'ament_cmake_args': None, 'build_base': '/home/gowtham/crazyflie_ws/build/swarm_guidance', 'catkin_cmake_args': None, 'catkin_skip_building_tests': False, 'cmake_args': None, 'cmake_clean_cache': False, 'cmake_clean_first': False, 'cmake_force_configure': False, 'cmake_target': None, 'cmake_target_skip_unavailable': False, 'install_base': '/home/gowtham/crazyflie_ws/install/swarm_guidance', 'merge_install': False, 'path': '/home/gowtham/crazyflie_ws/src/swarm_guidance', 'symlink_install': False, 'test_result_base': None}
[0.678s] Level 5:colcon.colcon_core.verb:set package 'central_swarm_control' build argument 'cmake_args' from command line to 'None'
[0.678s] Level 5:colcon.colcon_core.verb:set package 'central_swarm_control' build argument 'cmake_target' from command line to 'None'
[0.678s] Level 5:colcon.colcon_core.verb:set package 'central_swarm_control' build argument 'cmake_target_skip_unavailable' from command line to 'False'
[0.678s] Level 5:colcon.colcon_core.verb:set package 'central_swarm_control' build argument 'cmake_clean_cache' from command line to 'False'
[0.678s] Level 5:colcon.colcon_core.verb:set package 'central_swarm_control' build argument 'cmake_clean_first' from command line to 'False'
[0.678s] Level 5:colcon.colcon_core.verb:set package 'central_swarm_control' build argument 'cmake_force_configure' from command line to 'False'
[0.678s] Level 5:colcon.colcon_core.verb:set package 'central_swarm_control' build argument 'ament_cmake_args' from command line to 'None'
[0.678s] Level 5:colcon.colcon_core.verb:set package 'central_swarm_control' build argument 'catkin_cmake_args' from command line to 'None'
[0.678s] Level 5:colcon.colcon_core.verb:set package 'central_swarm_control' build argument 'catkin_skip_building_tests' from command line to 'False'
[0.678s] DEBUG:colcon.colcon_core.verb:Building package 'central_swarm_control' with the following arguments: {'ament_cmake_args': None, 'build_base': '/home/gowtham/crazyflie_ws/build/central_swarm_control', 'catkin_cmake_args': None, 'catkin_skip_building_tests': False, 'cmake_args': None, 'cmake_clean_cache': False, 'cmake_clean_first': False, 'cmake_force_configure': False, 'cmake_target': None, 'cmake_target_skip_unavailable': False, 'install_base': '/home/gowtham/crazyflie_ws/install/central_swarm_control', 'merge_install': False, 'path': '/home/gowtham/crazyflie_ws/src/central_swarm_control', 'symlink_install': False, 'test_result_base': None}
[0.678s] Level 5:colcon.colcon_core.verb:set package 'swarm_navigation' build argument 'cmake_args' from command line to 'None'
[0.678s] Level 5:colcon.colcon_core.verb:set package 'swarm_navigation' build argument 'cmake_target' from command line to 'None'
[0.678s] Level 5:colcon.colcon_core.verb:set package 'swarm_navigation' build argument 'cmake_target_skip_unavailable' from command line to 'False'
[0.679s] Level 5:colcon.colcon_core.verb:set package 'swarm_navigation' build argument 'cmake_clean_cache' from command line to 'False'
[0.679s] Level 5:colcon.colcon_core.verb:set package 'swarm_navigation' build argument 'cmake_clean_first' from command line to 'False'
[0.679s] Level 5:colcon.colcon_core.verb:set package 'swarm_navigation' build argument 'cmake_force_configure' from command line to 'False'
[0.679s] Level 5:colcon.colcon_core.verb:set package 'swarm_navigation' build argument 'ament_cmake_args' from command line to 'None'
[0.679s] Level 5:colcon.colcon_core.verb:set package 'swarm_navigation' build argument 'catkin_cmake_args' from command line to 'None'
[0.679s] Level 5:colcon.colcon_core.verb:set package 'swarm_navigation' build argument 'catkin_skip_building_tests' from command line to 'False'
[0.679s] DEBUG:colcon.colcon_core.verb:Building package 'swarm_navigation' with the following arguments: {'ament_cmake_args': None, 'build_base': '/home/gowtham/crazyflie_ws/build/swarm_navigation', 'catkin_cmake_args': None, 'catkin_skip_building_tests': False, 'cmake_args': None, 'cmake_clean_cache': False, 'cmake_clean_first': False, 'cmake_force_configure': False, 'cmake_target': None, 'cmake_target_skip_unavailable': False, 'install_base': '/home/gowtham/crazyflie_ws/install/swarm_navigation', 'merge_install': False, 'path': '/home/gowtham/crazyflie_ws/src/swarm_navigation', 'symlink_install': False, 'test_result_base': None}
[0.679s] INFO:colcon.colcon_core.executor:Executing jobs using 'parallel' executor
[0.680s] DEBUG:colcon.colcon_parallel_executor.executor.parallel:run_until_complete
[0.681s] INFO:colcon.colcon_ros.task.ament_python.build:Building ROS package in '/home/gowtham/crazyflie_ws/src/swarm_guidance' with build type 'ament_python'
[0.681s] Level 1:colcon.colcon_core.shell:create_environment_hook('swarm_guidance', 'ament_prefix_path')
[0.685s] INFO:colcon.colcon_core.plugin_system:Skipping extension 'colcon_core.shell.bat': Not used on non-Windows systems
[0.685s] INFO:colcon.colcon_core.shell:Creating environment hook '/home/gowtham/crazyflie_ws/install/swarm_guidance/share/swarm_guidance/hook/ament_prefix_path.ps1'
[0.686s] INFO:colcon.colcon_core.shell:Creating environment descriptor '/home/gowtham/crazyflie_ws/install/swarm_guidance/share/swarm_guidance/hook/ament_prefix_path.dsv'
[0.687s] INFO:colcon.colcon_core.shell:Creating environment hook '/home/gowtham/crazyflie_ws/install/swarm_guidance/share/swarm_guidance/hook/ament_prefix_path.sh'
[0.689s] INFO:colcon.colcon_core.shell:Skip shell extension 'powershell' for command environment: Not usable outside of PowerShell
[0.689s] DEBUG:colcon.colcon_core.shell:Skip shell extension 'dsv' for command environment
[0.697s] INFO:colcon.colcon_ros.task.ament_python.build:Building ROS package in '/home/gowtham/crazyflie_ws/src/central_swarm_control' with build type 'ament_python'
[0.697s] Level 1:colcon.colcon_core.shell:create_environment_hook('central_swarm_control', 'ament_prefix_path')
[0.698s] INFO:colcon.colcon_core.shell:Creating environment hook '/home/gowtham/crazyflie_ws/install/central_swarm_control/share/central_swarm_control/hook/ament_prefix_path.ps1'
[0.698s] INFO:colcon.colcon_core.shell:Creating environment descriptor '/home/gowtham/crazyflie_ws/install/central_swarm_control/share/central_swarm_control/hook/ament_prefix_path.dsv'
[0.699s] INFO:colcon.colcon_core.shell:Creating environment hook '/home/gowtham/crazyflie_ws/install/central_swarm_control/share/central_swarm_control/hook/ament_prefix_path.sh'
[0.701s] INFO:colcon.colcon_core.shell:Skip shell extension 'powershell' for command environment: Not usable outside of PowerShell
[0.701s] DEBUG:colcon.colcon_core.shell:Skip shell extension 'dsv' for command environment
[0.709s] INFO:colcon.colcon_ros.task.ament_python.build:Building ROS package in '/home/gowtham/crazyflie_ws/src/swarm_navigation' with build type 'ament_python'
[0.709s] Level 1:colcon.colcon_core.shell:create_environment_hook('swarm_navigation', 'ament_prefix_path')
[0.710s] INFO:colcon.colcon_core.shell:Creating environment hook '/home/gowtham/crazyflie_ws/install/swarm_navigation/share/swarm_navigation/hook/ament_prefix_path.ps1'
[0.711s] INFO:colcon.colcon_core.shell:Creating environment descriptor '/home/gowtham/crazyflie_ws/install/swarm_navigation/share/swarm_navigation/hook/ament_prefix_path.dsv'
[0.711s] INFO:colcon.colcon_core.shell:Creating environment hook '/home/gowtham/crazyflie_ws/install/swarm_navigation/share/swarm_navigation/hook/ament_prefix_path.sh'
[0.714s] INFO:colcon.colcon_core.shell:Skip shell extension 'powershell' for command environment: Not usable outside of PowerShell
[0.714s] DEBUG:colcon.colcon_core.shell:Skip shell extension 'dsv' for command environment
[1.171s] INFO:colcon.colcon_core.task.python.build:Building Python package in '/home/gowtham/crazyflie_ws/src/swarm_guidance'
[1.171s] INFO:colcon.colcon_core.shell:Skip shell extension 'powershell' for command environment: Not usable outside of PowerShell
[1.171s] DEBUG:colcon.colcon_core.shell:Skip shell extension 'dsv' for command environment
[1.622s] INFO:colcon.colcon_core.task.python.build:Building Python package in '/home/gowtham/crazyflie_ws/src/central_swarm_control'
[1.622s] INFO:colcon.colcon_core.shell:Skip shell extension 'powershell' for command environment: Not usable outside of PowerShell
[1.622s] DEBUG:colcon.colcon_core.shell:Skip shell extension 'dsv' for command environment
[2.071s] INFO:colcon.colcon_core.task.python.build:Building Python package in '/home/gowtham/crazyflie_ws/src/swarm_navigation'
[2.072s] INFO:colcon.colcon_core.shell:Skip shell extension 'powershell' for command environment: Not usable outside of PowerShell
[2.072s] DEBUG:colcon.colcon_core.shell:Skip shell extension 'dsv' for command environment
[2.954s] DEBUG:colcon.colcon_core.event_handler.log_command:Invoking command in '/home/gowtham/crazyflie_ws/src/swarm_guidance': PYTHONPATH=/home/gowtham/crazyflie_ws/build/swarm_guidance/prefix_override:/usr/lib/python3/dist-packages/colcon_core/task/python/colcon_distutils_commands:/home/gowtham/crazyflie_ws/install/swarm_guidance/lib/python3.10/site-packages:${PYTHONPATH} /usr/bin/python3 -W ignore:setup.py install is deprecated -W ignore:easy_install command is deprecated setup.py egg_info --egg-base ../../build/swarm_guidance build --build-base /home/gowtham/crazyflie_ws/build/swarm_guidance/build install --record /home/gowtham/crazyflie_ws/build/swarm_guidance/install.log --single-version-externally-managed install_data
[3.014s] DEBUG:colcon.colcon_core.event_handler.log_command:Invoking command in '/home/gowtham/crazyflie_ws/src/central_swarm_control': AMENT_PREFIX_PATH=/home/gowtham/crazyflie_ws/install/crazyflie_interfaces:${AMENT_PREFIX_PATH} CMAKE_PREFIX_PATH=/home/gowtham/crazyflie_ws/install/crazyflie_interfaces:${CMAKE_PREFIX_PATH} LD_LIBRARY_PATH=/home/gowtham/crazyflie_ws/install/crazyflie_interfaces/lib:${LD_LIBRARY_PATH} PYTHONPATH=/home/gowtham/crazyflie_ws/build/central_swarm_control/prefix_override:/usr/lib/python3/dist-packages/colcon_core/task/python/colcon_distutils_commands:/home/gowtham/crazyflie_ws/install/central_swarm_control/lib/python3.10/site-packages:/home/gowtham/crazyflie_ws/install/crazyflie_interfaces/local/lib/python3.10/dist-packages:${PYTHONPATH} /usr/bin/python3 -W ignore:setup.py install is deprecated -W ignore:easy_install command is deprecated setup.py egg_info --egg-base ../../build/central_swarm_control build --build-base /home/gowtham/crazyflie_ws/build/central_swarm_control/build install --record /home/gowtham/crazyflie_ws/build/central_swarm_control/install.log --single-version-externally-managed install_data
[3.117s] DEBUG:colcon.colcon_core.event_handler.log_command:Invoking command in '/home/gowtham/crazyflie_ws/src/swarm_navigation': AMENT_PREFIX_PATH=/home/gowtham/crazyflie_ws/install/crazyflie_interfaces:${AMENT_PREFIX_PATH} CMAKE_PREFIX_PATH=/home/gowtham/crazyflie_ws/install/crazyflie_interfaces:${CMAKE_PREFIX_PATH} LD_LIBRARY_PATH=/home/gowtham/crazyflie_ws/install/crazyflie_interfaces/lib:${LD_LIBRARY_PATH} PYTHONPATH=/home/gowtham/crazyflie_ws/build/swarm_navigation/prefix_override:/usr/lib/python3/dist-packages/colcon_core/task/python/colcon_distutils_commands:/home/gowtham/crazyflie_ws/install/swarm_navigation/lib/python3.10/site-packages:/home/gowtham/crazyflie_ws/install/crazyflie_interfaces/local/lib/python3.10/dist-packages:${PYTHONPATH} /usr/bin/python3 -W ignore:setup.py install is deprecated -W ignore:easy_install command is deprecated setup.py egg_info --egg-base ../../build/swarm_navigation build --build-base /home/gowtham/crazyflie_ws/build/swarm_navigation/build install --record /home/gowtham/crazyflie_ws/build/swarm_navigation/install.log --single-version-externally-managed install_data
[3.897s] DEBUG:colcon.colcon_core.event_handler.log_command:Invoked command in '/home/gowtham/crazyflie_ws/src/swarm_guidance' returned '0': PYTHONPATH=/home/gowtham/crazyflie_ws/build/swarm_guidance/prefix_override:/usr/lib/python3/dist-packages/colcon_core/task/python/colcon_distutils_commands:/home/gowtham/crazyflie_ws/install/swarm_guidance/lib/python3.10/site-packages:${PYTHONPATH} /usr/bin/python3 -W ignore:setup.py install is deprecated -W ignore:easy_install command is deprecated setup.py egg_info --egg-base ../../build/swarm_guidance build --build-base /home/gowtham/crazyflie_ws/build/swarm_guidance/build install --record /home/gowtham/crazyflie_ws/build/swarm_guidance/install.log --single-version-externally-managed install_data
[3.911s] Level 1:colcon.colcon_core.environment:checking '/home/gowtham/crazyflie_ws/install/swarm_guidance' for CMake module files
[3.912s] Level 1:colcon.colcon_core.environment:checking '/home/gowtham/crazyflie_ws/install/swarm_guidance' for CMake config files
[3.915s] Level 1:colcon.colcon_core.environment:checking '/home/gowtham/crazyflie_ws/install/swarm_guidance/lib'
[3.919s] Level 1:colcon.colcon_core.environment:checking '/home/gowtham/crazyflie_ws/install/swarm_guidance/bin'
[3.919s] Level 1:colcon.colcon_core.environment:checking '/home/gowtham/crazyflie_ws/install/swarm_guidance/lib/pkgconfig/swarm_guidance.pc'
[3.920s] Level 1:colcon.colcon_core.environment:checking '/home/gowtham/crazyflie_ws/install/swarm_guidance/lib/python3.10/site-packages'
[3.920s] Level 1:colcon.colcon_core.shell:create_environment_hook('swarm_guidance', 'pythonpath')
[3.921s] INFO:colcon.colcon_core.shell:Creating environment hook '/home/gowtham/crazyflie_ws/install/swarm_guidance/share/swarm_guidance/hook/pythonpath.ps1'
[3.927s] INFO:colcon.colcon_core.shell:Creating environment descriptor '/home/gowtham/crazyflie_ws/install/swarm_guidance/share/swarm_guidance/hook/pythonpath.dsv'
[3.930s] INFO:colcon.colcon_core.shell:Creating environment hook '/home/gowtham/crazyflie_ws/install/swarm_guidance/share/swarm_guidance/hook/pythonpath.sh'
[3.933s] Level 1:colcon.colcon_core.environment:checking '/home/gowtham/crazyflie_ws/install/swarm_guidance/bin'
[3.934s] Level 1:colcon.colcon_core.environment:create_environment_scripts_only(swarm_guidance)
[3.938s] INFO:colcon.colcon_core.shell:Creating package script '/home/gowtham/crazyflie_ws/install/swarm_guidance/share/swarm_guidance/package.ps1'
[3.944s] INFO:colcon.colcon_core.shell:Creating package descriptor '/home/gowtham/crazyflie_ws/install/swarm_guidance/share/swarm_guidance/package.dsv'
[3.947s] INFO:colcon.colcon_core.shell:Creating package script '/home/gowtham/crazyflie_ws/install/swarm_guidance/share/swarm_guidance/package.sh'
[3.951s] INFO:colcon.colcon_core.shell:Creating package script '/home/gowtham/crazyflie_ws/install/swarm_guidance/share/swarm_guidance/package.bash'
[3.954s] INFO:colcon.colcon_core.shell:Creating package script '/home/gowtham/crazyflie_ws/install/swarm_guidance/share/swarm_guidance/package.zsh'
[3.958s] Level 1:colcon.colcon_core.environment:create_file_with_runtime_dependencies(/home/gowtham/crazyflie_ws/install/swarm_guidance/share/colcon-core/packages/swarm_guidance)
[3.971s] Level 1:colcon.colcon_core.environment:checking '/home/gowtham/crazyflie_ws/install/swarm_navigation' for CMake module files
[3.973s] Level 1:colcon.colcon_core.environment:checking '/home/gowtham/crazyflie_ws/install/swarm_navigation' for CMake config files
[3.972s] DEBUG:colcon.colcon_core.event_handler.log_command:Invoked command in '/home/gowtham/crazyflie_ws/src/swarm_navigation' returned '0': AMENT_PREFIX_PATH=/home/gowtham/crazyflie_ws/install/crazyflie_interfaces:${AMENT_PREFIX_PATH} CMAKE_PREFIX_PATH=/home/gowtham/crazyflie_ws/install/crazyflie_interfaces:${CMAKE_PREFIX_PATH} LD_LIBRARY_PATH=/home/gowtham/crazyflie_ws/install/crazyflie_interfaces/lib:${LD_LIBRARY_PATH} PYTHONPATH=/home/gowtham/crazyflie_ws/build/swarm_navigation/prefix_override:/usr/lib/python3/dist-packages/colcon_core/task/python/colcon_distutils_commands:/home/gowtham/crazyflie_ws/install/swarm_navigation/lib/python3.10/site-packages:/home/gowtham/crazyflie_ws/install/crazyflie_interfaces/local/lib/python3.10/dist-packages:${PYTHONPATH} /usr/bin/python3 -W ignore:setup.py install is deprecated -W ignore:easy_install command is deprecated setup.py egg_info --egg-base ../../build/swarm_navigation build --build-base /home/gowtham/crazyflie_ws/build/swarm_navigation/build install --record /home/gowtham/crazyflie_ws/build/swarm_navigation/install.log --single-version-externally-managed install_data
[3.975s] Level 1:colcon.colcon_core.environment:checking '/home/gowtham/crazyflie_ws/install/swarm_navigation/lib'
[3.976s] Level 1:colcon.colcon_core.environment:checking '/home/gowtham/crazyflie_ws/install/swarm_navigation/bin'
[3.976s] Level 1:colcon.colcon_core.environment:checking '/home/gowtham/crazyflie_ws/install/swarm_navigation/lib/pkgconfig/swarm_navigation.pc'
[3.977s] Level 1:colcon.colcon_core.environment:checking '/home/gowtham/crazyflie_ws/install/swarm_navigation/lib/python3.10/site-packages'
[3.977s] Level 1:colcon.colcon_core.shell:create_environment_hook('swarm_navigation', 'pythonpath')
[3.979s] INFO:colcon.colcon_core.shell:Creating environment hook '/home/gowtham/crazyflie_ws/install/swarm_navigation/share/swarm_navigation/hook/pythonpath.ps1'
[3.980s] INFO:colcon.colcon_core.shell:Creating environment descriptor '/home/gowtham/crazyflie_ws/install/swarm_navigation/share/swarm_navigation/hook/pythonpath.dsv'
[3.981s] INFO:colcon.colcon_core.shell:Creating environment hook '/home/gowtham/crazyflie_ws/install/swarm_navigation/share/swarm_navigation/hook/pythonpath.sh'
[3.983s] Level 1:colcon.colcon_core.environment:checking '/home/gowtham/crazyflie_ws/install/swarm_navigation/bin'
[3.983s] Level 1:colcon.colcon_core.environment:create_environment_scripts_only(swarm_navigation)
[3.984s] INFO:colcon.colcon_core.shell:Creating package script '/home/gowtham/crazyflie_ws/install/swarm_navigation/share/swarm_navigation/package.ps1'
[3.985s] INFO:colcon.colcon_core.shell:Creating package descriptor '/home/gowtham/crazyflie_ws/install/swarm_navigation/share/swarm_navigation/package.dsv'
[3.986s] INFO:colcon.colcon_core.shell:Creating package script '/home/gowtham/crazyflie_ws/install/swarm_navigation/share/swarm_navigation/package.sh'
[3.987s] INFO:colcon.colcon_core.shell:Creating package script '/home/gowtham/crazyflie_ws/install/swarm_navigation/share/swarm_navigation/package.bash'
[3.988s] INFO:colcon.colcon_core.shell:Creating package script '/home/gowtham/crazyflie_ws/install/swarm_navigation/share/swarm_navigation/package.zsh'
[3.989s] Level 1:colcon.colcon_core.environment:create_file_with_runtime_dependencies(/home/gowtham/crazyflie_ws/install/swarm_navigation/share/colcon-core/packages/swarm_navigation)
[3.991s] Level 1:colcon.colcon_core.environment:checking '/home/gowtham/crazyflie_ws/install/central_swarm_control' for CMake module files
[3.992s] DEBUG:colcon.colcon_core.event_handler.log_command:Invoked command in '/home/gowtham/crazyflie_ws/src/central_swarm_control' returned '0': AMENT_PREFIX_PATH=/home/gowtham/crazyflie_ws/install/crazyflie_interfaces:${AMENT_PREFIX_PATH} CMAKE_PREFIX_PATH=/home/gowtham/crazyflie_ws/install/crazyflie_interfaces:${CMAKE_PREFIX_PATH} LD_LIBRARY_PATH=/home/gowtham/crazyflie_ws/install/crazyflie_interfaces/lib:${LD_LIBRARY_PATH} PYTHONPATH=/home/gowtham/crazyflie_ws/build/central_swarm_control/prefix_override:/usr/lib/python3/dist-packages/colcon_core/task/python/colcon_distutils_commands:/home/gowtham/crazyflie_ws/install/central_swarm_control/lib/python3.10/site-packages:/home/gowtham/crazyflie_ws/install/crazyflie_interfaces/local/lib/python3.10/dist-packages:${PYTHONPATH} /usr/bin/python3 -W ignore:setup.py install is deprecated -W ignore:easy_install command is deprecated setup.py egg_info --egg-base ../../build/central_swarm_control build --build-base /home/gowtham/crazyflie_ws/build/central_swarm_control/build install --record /home/gowtham/crazyflie_ws/build/central_swarm_control/install.log --single-version-externally-managed install_data
[3.993s] Level 1:colcon.colcon_core.environment:checking '/home/gowtham/crazyflie_ws/install/central_swarm_control' for CMake config files
[3.994s] Level 1:colcon.colcon_core.environment:checking '/home/gowtham/crazyflie_ws/install/central_swarm_control/lib'
[3.994s] Level 1:colcon.colcon_core.environment:checking '/home/gowtham/crazyflie_ws/install/central_swarm_control/bin'
[3.994s] Level 1:colcon.colcon_core.environment:checking '/home/gowtham/crazyflie_ws/install/central_swarm_control/lib/pkgconfig/central_swarm_control.pc'
[3.995s] Level 1:colcon.colcon_core.environment:checking '/home/gowtham/crazyflie_ws/install/central_swarm_control/lib/python3.10/site-packages'
[3.995s] Level 1:colcon.colcon_core.shell:create_environment_hook('central_swarm_control', 'pythonpath')
[3.995s] INFO:colcon.colcon_core.shell:Creating environment hook '/home/gowtham/crazyflie_ws/install/central_swarm_control/share/central_swarm_control/hook/pythonpath.ps1'
[3.996s] INFO:colcon.colcon_core.shell:Creating environment descriptor '/home/gowtham/crazyflie_ws/install/central_swarm_control/share/central_swarm_control/hook/pythonpath.dsv'
[3.997s] INFO:colcon.colcon_core.shell:Creating environment hook '/home/gowtham/crazyflie_ws/install/central_swarm_control/share/central_swarm_control/hook/pythonpath.sh'
[3.998s] Level 1:colcon.colcon_core.environment:checking '/home/gowtham/crazyflie_ws/install/central_swarm_control/bin'
[3.999s] Level 1:colcon.colcon_core.environment:create_environment_scripts_only(central_swarm_control)
[3.999s] INFO:colcon.colcon_core.shell:Creating package script '/home/gowtham/crazyflie_ws/install/central_swarm_control/share/central_swarm_control/package.ps1'
[4.001s] INFO:colcon.colcon_core.shell:Creating package descriptor '/home/gowtham/crazyflie_ws/install/central_swarm_control/share/central_swarm_control/package.dsv'
[4.002s] INFO:colcon.colcon_core.shell:Creating package script '/home/gowtham/crazyflie_ws/install/central_swarm_control/share/central_swarm_control/package.sh'
[4.003s] INFO:colcon.colcon_core.shell:Creating package script '/home/gowtham/crazyflie_ws/install/central_swarm_control/share/central_swarm_control/package.bash'
[4.004s] INFO:colcon.colcon_core.shell:Creating package script '/home/gowtham/crazyflie_ws/install/central_swarm_control/share/central_swarm_control/package.zsh'
[4.004s] Level 1:colcon.colcon_core.environment:create_file_with_runtime_dependencies(/home/gowtham/crazyflie_ws/install/central_swarm_control/share/colcon-core/packages/central_swarm_control)
[4.005s] DEBUG:colcon.colcon_parallel_executor.executor.parallel:closing loop
[4.006s] DEBUG:colcon.colcon_parallel_executor.executor.parallel:loop closed
[4.006s] DEBUG:colcon.colcon_parallel_executor.executor.parallel:run_until_complete finished with '0'
[4.006s] DEBUG:colcon.colcon_core.event_reactor:joining thread
[4.017s] INFO:colcon.colcon_core.plugin_system:Skipping extension 'colcon_notification.desktop_notification.terminal_notifier': Not used on non-Darwin systems
[4.018s] INFO:colcon.colcon_core.plugin_system:Skipping extension 'colcon_notification.desktop_notification.win32': Not used on non-Windows systems
[4.018s] INFO:colcon.colcon_notification.desktop_notification:Sending desktop notification using 'notify2'
[4.063s] DEBUG:colcon.colcon_core.event_reactor:joined thread
[4.064s] INFO:colcon.colcon_core.shell:Creating prefix script '/home/gowtham/crazyflie_ws/install/local_setup.ps1'
[4.066s] INFO:colcon.colcon_core.shell:Creating prefix util module '/home/gowtham/crazyflie_ws/install/_local_setup_util_ps1.py'
[4.070s] INFO:colcon.colcon_core.shell:Creating prefix chain script '/home/gowtham/crazyflie_ws/install/setup.ps1'
[4.074s] INFO:colcon.colcon_core.shell:Creating prefix script '/home/gowtham/crazyflie_ws/install/local_setup.sh'
[4.076s] INFO:colcon.colcon_core.shell:Creating prefix util module '/home/gowtham/crazyflie_ws/install/_local_setup_util_sh.py'
[4.078s] INFO:colcon.colcon_core.shell:Creating prefix chain script '/home/gowtham/crazyflie_ws/install/setup.sh'
[4.082s] INFO:colcon.colcon_core.shell:Creating prefix script '/home/gowtham/crazyflie_ws/install/local_setup.bash'
[4.084s] INFO:colcon.colcon_core.shell:Creating prefix chain script '/home/gowtham/crazyflie_ws/install/setup.bash'
[4.088s] INFO:colcon.colcon_core.shell:Creating prefix script '/home/gowtham/crazyflie_ws/install/local_setup.zsh'
[4.089s] INFO:colcon.colcon_core.shell:Creating prefix chain script '/home/gowtham/crazyflie_ws/install/setup.zsh'
