[0.000000] (-) TimerEvent: {}
[0.000934] (central_swarm_control) JobQueued: {'identifier': 'central_swarm_control', 'dependencies': OrderedDict()}
[0.001002] (crazyflie_interfaces) JobQueued: {'identifier': 'crazyflie_interfaces', 'dependencies': OrderedDict()}
[0.001277] (swarm_guidance) JobQueued: {'identifier': 'swarm_guidance', 'dependencies': OrderedDict()}
[0.001310] (swarm_navigation) JobQueued: {'identifier': 'swarm_navigation', 'dependencies': OrderedDict()}
[0.001338] (crazyflie) JobQueued: {'identifier': 'crazyflie', 'dependencies': OrderedDict([('crazyflie_interfaces', '/home/gowtham/crazyflie_ws/install/crazyflie_interfaces')])}
[0.001370] (crazyflie_py) JobQueued: {'identifier': 'crazyflie_py', 'dependencies': OrderedDict([('crazyflie_interfaces', '/home/gowtham/crazyflie_ws/install/crazyflie_interfaces')])}
[0.001400] (crazyflie_sim) JobQueued: {'identifier': 'crazyflie_sim', 'dependencies': OrderedDict([('crazyflie_interfaces', '/home/gowtham/crazyflie_ws/install/crazyflie_interfaces')])}
[0.001428] (crazyflie_examples) JobQueued: {'identifier': 'crazyflie_examples', 'dependencies': OrderedDict([('crazyflie_interfaces', '/home/gowtham/crazyflie_ws/install/crazyflie_interfaces'), ('crazyflie_py', '/home/gowtham/crazyflie_ws/install/crazyflie_py')])}
[0.001472] (crazyflie_interfaces) JobStarted: {'identifier': 'crazyflie_interfaces'}
[0.009418] (central_swarm_control) JobStarted: {'identifier': 'central_swarm_control'}
[0.019879] (swarm_guidance) JobStarted: {'identifier': 'swarm_guidance'}
[0.030104] (swarm_navigation) JobStarted: {'identifier': 'swarm_navigation'}
[0.039101] (crazyflie_interfaces) JobProgress: {'identifier': 'crazyflie_interfaces', 'progress': 'cmake'}
[0.039850] (crazyflie_interfaces) JobProgress: {'identifier': 'crazyflie_interfaces', 'progress': 'build'}
[0.040873] (crazyflie_interfaces) Command: {'cmd': ['/usr/bin/cmake', '--build', '/home/gowtham/crazyflie_ws/build/crazyflie_interfaces', '--', '-j4', '-l4'], 'cwd': '/home/gowtham/crazyflie_ws/build/crazyflie_interfaces', 'env': OrderedDict([('LESSOPEN', '| /usr/bin/lesspipe %s'), ('LANGUAGE', 'en_IN:en'), ('USER', 'gowtham'), ('XDG_SESSION_TYPE', 'wayland'), ('SHLVL', '1'), ('LD_LIBRARY_PATH', '/home/gowtham/crazyflie_ws/install/crazyflie_interfaces/lib:/home/gowtham/swarm_ws/install/crazyflie_interfaces/lib:/opt/ros/humble/opt/rviz_ogre_vendor/lib:/opt/ros/humble/lib/x86_64-linux-gnu:/opt/ros/humble/lib'), ('HOME', '/home/gowtham'), ('OLDPWD', '/home/gowtham/crazyflie_ws'), ('DESKTOP_SESSION', 'ubuntu'), ('ROS_PYTHON_VERSION', '3'), ('GNOME_SHELL_SESSION_MODE', 'ubuntu'), ('GTK_MODULES', 'gail:atk-bridge'), ('SYSTEMD_EXEC_PID', '3090'), ('DBUS_SESSION_BUS_ADDRESS', 'unix:path=/run/user/1000/bus'), ('COLORTERM', 'truecolor'), ('IM_CONFIG_PHASE', '1'), ('WAYLAND_DISPLAY', 'wayland-0'), ('COLCON_PREFIX_PATH', '/home/gowtham/crazyflie_ws/install:/home/gowtham/swarm_ws/install'), ('ROS_DISTRO', 'humble'), ('LOGNAME', 'gowtham'), ('_', '/usr/bin/colcon'), ('ROS_VERSION', '2'), ('XDG_SESSION_CLASS', 'user'), ('USERNAME', 'gowtham'), ('TERM', 'xterm-256color'), ('GNOME_DESKTOP_SESSION_ID', 'this-is-deprecated'), ('ROS_LOCALHOST_ONLY', '0'), ('PATH', '/opt/ros/humble/bin:/home/gowtham/.local/bin:/usr/local/sbin:/usr/local/bin:/usr/sbin:/usr/bin:/sbin:/bin:/usr/games:/usr/local/games:/snap/bin:/snap/bin:/home/gowtham/.local/bin'), ('SESSION_MANAGER', 'local/gowtham:@/tmp/.ICE-unix/882,unix/gowtham:/tmp/.ICE-unix/882'), ('XDG_MENU_PREFIX', 'gnome-'), ('GNOME_TERMINAL_SCREEN', '/org/gnome/Terminal/screen/c2aa9c91_cb9d_4464_837a_3feabbe7a3f9'), ('GNOME_SETUP_DISPLAY', ':1'), ('XDG_RUNTIME_DIR', '/run/user/1000'), ('DISPLAY', ':0'), ('LANG', 'en_US.UTF-8'), ('XDG_CURRENT_DESKTOP', 'ubuntu:GNOME'), ('XMODIFIERS', '@im=ibus'), ('XDG_SESSION_DESKTOP', 'ubuntu'), ('XAUTHORITY', '/run/user/1000/.mutter-Xwaylandauth.NKMGQ3'), ('LS_COLORS', 'rs=0:di=01;34:ln=01;36:mh=00:pi=40;33:so=01;35:do=01;35:bd=40;33;01:cd=40;33;01:or=40;31;01:mi=00:su=37;41:sg=30;43:ca=30;41:tw=30;42:ow=34;42:st=37;44:ex=01;32:*.tar=01;31:*.tgz=01;31:*.arc=01;31:*.arj=01;31:*.taz=01;31:*.lha=01;31:*.lz4=01;31:*.lzh=01;31:*.lzma=01;31:*.tlz=01;31:*.txz=01;31:*.tzo=01;31:*.t7z=01;31:*.zip=01;31:*.z=01;31:*.dz=01;31:*.gz=01;31:*.lrz=01;31:*.lz=01;31:*.lzo=01;31:*.xz=01;31:*.zst=01;31:*.tzst=01;31:*.bz2=01;31:*.bz=01;31:*.tbz=01;31:*.tbz2=01;31:*.tz=01;31:*.deb=01;31:*.rpm=01;31:*.jar=01;31:*.war=01;31:*.ear=01;31:*.sar=01;31:*.rar=01;31:*.alz=01;31:*.ace=01;31:*.zoo=01;31:*.cpio=01;31:*.7z=01;31:*.rz=01;31:*.cab=01;31:*.wim=01;31:*.swm=01;31:*.dwm=01;31:*.esd=01;31:*.jpg=01;35:*.jpeg=01;35:*.mjpg=01;35:*.mjpeg=01;35:*.gif=01;35:*.bmp=01;35:*.pbm=01;35:*.pgm=01;35:*.ppm=01;35:*.tga=01;35:*.xbm=01;35:*.xpm=01;35:*.tif=01;35:*.tiff=01;35:*.png=01;35:*.svg=01;35:*.svgz=01;35:*.mng=01;35:*.pcx=01;35:*.mov=01;35:*.mpg=01;35:*.mpeg=01;35:*.m2v=01;35:*.mkv=01;35:*.webm=01;35:*.webp=01;35:*.ogm=01;35:*.mp4=01;35:*.m4v=01;35:*.mp4v=01;35:*.vob=01;35:*.qt=01;35:*.nuv=01;35:*.wmv=01;35:*.asf=01;35:*.rm=01;35:*.rmvb=01;35:*.flc=01;35:*.avi=01;35:*.fli=01;35:*.flv=01;35:*.gl=01;35:*.dl=01;35:*.xcf=01;35:*.xwd=01;35:*.yuv=01;35:*.cgm=01;35:*.emf=01;35:*.ogv=01;35:*.ogx=01;35:*.aac=00;36:*.au=00;36:*.flac=00;36:*.m4a=00;36:*.mid=00;36:*.midi=00;36:*.mka=00;36:*.mp3=00;36:*.mpc=00;36:*.ogg=00;36:*.ra=00;36:*.wav=00;36:*.oga=00;36:*.opus=00;36:*.spx=00;36:*.xspf=00;36:'), ('GNOME_TERMINAL_SERVICE', ':1.128'), ('SSH_AGENT_LAUNCHER', 'gnome-keyring'), ('SSH_AUTH_SOCK', '/run/user/1000/keyring/ssh'), ('AMENT_PREFIX_PATH', '/home/gowtham/crazyflie_ws/install/swarm_navigation:/home/gowtham/crazyflie_ws/install/swarm_guidance:/home/gowtham/crazyflie_ws/install/crazyflie_sim:/home/gowtham/crazyflie_ws/install/crazyflie_examples:/home/gowtham/crazyflie_ws/install/crazyflie_py:/home/gowtham/crazyflie_ws/install/crazyflie:/home/gowtham/crazyflie_ws/install/crazyflie_interfaces:/home/gowtham/crazyflie_ws/install/central_swarm_control:/home/gowtham/swarm_ws/install/guidance_layer:/home/gowtham/swarm_ws/install/crazyflie_sim:/home/gowtham/swarm_ws/install/crazyflie_examples:/home/gowtham/swarm_ws/install/crazyflie_py:/home/gowtham/swarm_ws/install/crazyflie:/home/gowtham/swarm_ws/install/crazyflie_interfaces:/home/gowtham/swarm_ws/install/control_layer:/home/gowtham/swarm_ws/install/consensus_controller:/opt/ros/humble'), ('SHELL', '/bin/bash'), ('QT_ACCESSIBILITY', '1'), ('GDMSESSION', 'ubuntu'), ('LESSCLOSE', '/usr/bin/lesspipe %s %s'), ('QT_IM_MODULE', 'ibus'), ('PWD', '/home/gowtham/crazyflie_ws/build/crazyflie_interfaces'), ('LC_ALL', 'en_US.UTF-8'), ('XDG_CONFIG_DIRS', '/etc/xdg/xdg-ubuntu:/etc/xdg'), ('XDG_DATA_DIRS', '/usr/share/ubuntu:/usr/local/share/:/usr/share/:/var/lib/snapd/desktop'), ('PYTHONPATH', '/home/gowtham/crazyflie_ws/build/swarm_navigation:/home/gowtham/crazyflie_ws/install/swarm_navigation/lib/python3.10/site-packages:/home/gowtham/crazyflie_ws/install/swarm_guidance/lib/python3.10/site-packages:/home/gowtham/crazyflie_ws/install/crazyflie_sim/local/lib/python3.10/dist-packages:/home/gowtham/crazyflie_ws/install/crazyflie_examples/local/lib/python3.10/dist-packages:/home/gowtham/crazyflie_ws/install/crazyflie_py/lib/python3.10/site-packages:/home/gowtham/crazyflie_ws/install/crazyflie_interfaces/local/lib/python3.10/dist-packages:/home/gowtham/crazyflie_ws/build/central_swarm_control:/home/gowtham/crazyflie_ws/install/central_swarm_control/lib/python3.10/site-packages:/home/gowtham/crazyflie-firmware/build:/home/gowtham/crazyflie-firmware/build:/home/gowtham/swarm_ws/install/guidance_layer/lib/python3.10/site-packages:/home/gowtham/swarm_ws/install/crazyflie_sim/local/lib/python3.10/dist-packages:/home/gowtham/swarm_ws/install/crazyflie_examples/local/lib/python3.10/dist-packages:/home/gowtham/swarm_ws/install/crazyflie_py/lib/python3.10/site-packages:/home/gowtham/swarm_ws/install/crazyflie_interfaces/local/lib/python3.10/dist-packages:/home/gowtham/swarm_ws/install/control_layer/lib/python3.10/site-packages:/home/gowtham/swarm_ws/install/consensus_controller/lib/python3.10/site-packages:/opt/ros/humble/lib/python3.10/site-packages:/opt/ros/humble/local/lib/python3.10/dist-packages'), ('COLCON', '1'), ('VTE_VERSION', '6800'), ('CMAKE_PREFIX_PATH', '/home/gowtham/crazyflie_ws/install/crazyflie_sim:/home/gowtham/crazyflie_ws/install/crazyflie_examples:/home/gowtham/crazyflie_ws/install/crazyflie:/home/gowtham/crazyflie_ws/install/crazyflie_interfaces:/home/gowtham/swarm_ws/install/crazyflie_sim:/home/gowtham/swarm_ws/install/crazyflie_examples:/home/gowtham/swarm_ws/install/crazyflie:/home/gowtham/swarm_ws/install/crazyflie_interfaces:/home/gowtham/crazyflie_ws/install/swarm_navigation:/home/gowtham/crazyflie_ws/install/swarm_guidance:/home/gowtham/crazyflie_ws/install/crazyflie_py:/home/gowtham/crazyflie_ws/install/central_swarm_control:/home/gowtham/swarm_ws/install/guidance_layer:/home/gowtham/swarm_ws/install/crazyflie_py:/home/gowtham/swarm_ws/install/control_layer:/home/gowtham/swarm_ws/install/consensus_controller:/opt/ros/humble')]), 'shell': False}
[0.099731] (-) TimerEvent: {}
[0.200659] (-) TimerEvent: {}
[0.301062] (-) TimerEvent: {}
[0.401595] (-) TimerEvent: {}
[0.502582] (-) TimerEvent: {}
[0.603093] (-) TimerEvent: {}
[0.703883] (-) TimerEvent: {}
[0.805558] (-) TimerEvent: {}
[0.906355] (-) TimerEvent: {}
[1.006899] (-) TimerEvent: {}
[1.107431] (-) TimerEvent: {}
[1.207890] (-) TimerEvent: {}
[1.308314] (-) TimerEvent: {}
[1.408672] (-) TimerEvent: {}
[1.433188] (crazyflie_interfaces) StdoutLine: {'line': b'[  0%] Built target crazyflie_interfaces__cpp\n'}
[1.433568] (crazyflie_interfaces) StdoutLine: {'line': b'[  1%] Built target crazyflie_interfaces__rs\n'}
[1.433675] (crazyflie_interfaces) StdoutLine: {'line': b'[  1%] Built target ament_cmake_python_symlink_crazyflie_interfaces\n'}
[1.433764] (crazyflie_interfaces) StdoutLine: {'line': b'[ 13%] Built target crazyflie_interfaces__rosidl_generator_c\n'}
[1.433849] (crazyflie_interfaces) StdoutLine: {'line': b'[ 25%] Built target crazyflie_interfaces__rosidl_typesupport_fastrtps_cpp\n'}
[1.433934] (crazyflie_interfaces) StdoutLine: {'line': b'[ 37%] Built target crazyflie_interfaces__rosidl_typesupport_introspection_cpp\n'}
[1.434017] (crazyflie_interfaces) StdoutLine: {'line': b'[ 49%] Built target crazyflie_interfaces__rosidl_typesupport_cpp\n'}
[1.434100] (crazyflie_interfaces) StdoutLine: {'line': b'[ 61%] Built target crazyflie_interfaces__rosidl_typesupport_introspection_c\n'}
[1.434181] (crazyflie_interfaces) StdoutLine: {'line': b'[ 73%] Built target crazyflie_interfaces__rosidl_typesupport_fastrtps_c\n'}
[1.434263] (crazyflie_interfaces) StdoutLine: {'line': b'[ 85%] Built target crazyflie_interfaces__rosidl_typesupport_c\n'}
[1.434345] (crazyflie_interfaces) StdoutLine: {'line': b'[ 85%] Built target crazyflie_interfaces\n'}
[1.434426] (crazyflie_interfaces) StdoutLine: {'line': b'[ 86%] Built target crazyflie_interfaces__py\n'}
[1.434523] (crazyflie_interfaces) StdoutLine: {'line': b'[ 97%] Built target crazyflie_interfaces__rosidl_generator_py\n'}
[1.434622] (crazyflie_interfaces) StdoutLine: {'line': b'[ 98%] Built target crazyflie_interfaces__rosidl_typesupport_fastrtps_c__pyext\n'}
[1.434712] (crazyflie_interfaces) StdoutLine: {'line': b'[100%] Built target crazyflie_interfaces__rosidl_typesupport_introspection_c__pyext\n'}
[1.434802] (crazyflie_interfaces) StdoutLine: {'line': b'[100%] Built target crazyflie_interfaces__rosidl_typesupport_c__pyext\n'}
[1.434891] (crazyflie_interfaces) StdoutLine: {'line': b'running egg_info\n'}
[1.434980] (crazyflie_interfaces) StdoutLine: {'line': b'writing crazyflie_interfaces.egg-info/PKG-INFO\n'}
[1.435068] (crazyflie_interfaces) StdoutLine: {'line': b'writing dependency_links to crazyflie_interfaces.egg-info/dependency_links.txt\n'}
[1.435156] (crazyflie_interfaces) StdoutLine: {'line': b'writing top-level names to crazyflie_interfaces.egg-info/top_level.txt\n'}
[1.435243] (crazyflie_interfaces) StdoutLine: {'line': b"reading manifest file 'crazyflie_interfaces.egg-info/SOURCES.txt'\n"}
[1.435331] (crazyflie_interfaces) StdoutLine: {'line': b"writing manifest file 'crazyflie_interfaces.egg-info/SOURCES.txt'\n"}
[1.435418] (crazyflie_interfaces) StdoutLine: {'line': b'[100%] Built target ament_cmake_python_build_crazyflie_interfaces_egg\n'}
[1.437007] (crazyflie_interfaces) CommandEnded: {'returncode': 0}
[1.437819] (crazyflie_interfaces) JobProgress: {'identifier': 'crazyflie_interfaces', 'progress': 'install'}
[1.454113] (crazyflie_interfaces) Command: {'cmd': ['/usr/bin/cmake', '--install', '/home/gowtham/crazyflie_ws/build/crazyflie_interfaces'], 'cwd': '/home/gowtham/crazyflie_ws/build/crazyflie_interfaces', 'env': OrderedDict([('LESSOPEN', '| /usr/bin/lesspipe %s'), ('LANGUAGE', 'en_IN:en'), ('USER', 'gowtham'), ('XDG_SESSION_TYPE', 'wayland'), ('SHLVL', '1'), ('LD_LIBRARY_PATH', '/home/gowtham/crazyflie_ws/install/crazyflie_interfaces/lib:/home/gowtham/swarm_ws/install/crazyflie_interfaces/lib:/opt/ros/humble/opt/rviz_ogre_vendor/lib:/opt/ros/humble/lib/x86_64-linux-gnu:/opt/ros/humble/lib'), ('HOME', '/home/gowtham'), ('OLDPWD', '/home/gowtham/crazyflie_ws'), ('DESKTOP_SESSION', 'ubuntu'), ('ROS_PYTHON_VERSION', '3'), ('GNOME_SHELL_SESSION_MODE', 'ubuntu'), ('GTK_MODULES', 'gail:atk-bridge'), ('SYSTEMD_EXEC_PID', '3090'), ('DBUS_SESSION_BUS_ADDRESS', 'unix:path=/run/user/1000/bus'), ('COLORTERM', 'truecolor'), ('IM_CONFIG_PHASE', '1'), ('WAYLAND_DISPLAY', 'wayland-0'), ('COLCON_PREFIX_PATH', '/home/gowtham/crazyflie_ws/install:/home/gowtham/swarm_ws/install'), ('ROS_DISTRO', 'humble'), ('LOGNAME', 'gowtham'), ('_', '/usr/bin/colcon'), ('ROS_VERSION', '2'), ('XDG_SESSION_CLASS', 'user'), ('USERNAME', 'gowtham'), ('TERM', 'xterm-256color'), ('GNOME_DESKTOP_SESSION_ID', 'this-is-deprecated'), ('ROS_LOCALHOST_ONLY', '0'), ('PATH', '/opt/ros/humble/bin:/home/gowtham/.local/bin:/usr/local/sbin:/usr/local/bin:/usr/sbin:/usr/bin:/sbin:/bin:/usr/games:/usr/local/games:/snap/bin:/snap/bin:/home/gowtham/.local/bin'), ('SESSION_MANAGER', 'local/gowtham:@/tmp/.ICE-unix/882,unix/gowtham:/tmp/.ICE-unix/882'), ('XDG_MENU_PREFIX', 'gnome-'), ('GNOME_TERMINAL_SCREEN', '/org/gnome/Terminal/screen/c2aa9c91_cb9d_4464_837a_3feabbe7a3f9'), ('GNOME_SETUP_DISPLAY', ':1'), ('XDG_RUNTIME_DIR', '/run/user/1000'), ('DISPLAY', ':0'), ('LANG', 'en_US.UTF-8'), ('XDG_CURRENT_DESKTOP', 'ubuntu:GNOME'), ('XMODIFIERS', '@im=ibus'), ('XDG_SESSION_DESKTOP', 'ubuntu'), ('XAUTHORITY', '/run/user/1000/.mutter-Xwaylandauth.NKMGQ3'), ('LS_COLORS', 'rs=0:di=01;34:ln=01;36:mh=00:pi=40;33:so=01;35:do=01;35:bd=40;33;01:cd=40;33;01:or=40;31;01:mi=00:su=37;41:sg=30;43:ca=30;41:tw=30;42:ow=34;42:st=37;44:ex=01;32:*.tar=01;31:*.tgz=01;31:*.arc=01;31:*.arj=01;31:*.taz=01;31:*.lha=01;31:*.lz4=01;31:*.lzh=01;31:*.lzma=01;31:*.tlz=01;31:*.txz=01;31:*.tzo=01;31:*.t7z=01;31:*.zip=01;31:*.z=01;31:*.dz=01;31:*.gz=01;31:*.lrz=01;31:*.lz=01;31:*.lzo=01;31:*.xz=01;31:*.zst=01;31:*.tzst=01;31:*.bz2=01;31:*.bz=01;31:*.tbz=01;31:*.tbz2=01;31:*.tz=01;31:*.deb=01;31:*.rpm=01;31:*.jar=01;31:*.war=01;31:*.ear=01;31:*.sar=01;31:*.rar=01;31:*.alz=01;31:*.ace=01;31:*.zoo=01;31:*.cpio=01;31:*.7z=01;31:*.rz=01;31:*.cab=01;31:*.wim=01;31:*.swm=01;31:*.dwm=01;31:*.esd=01;31:*.jpg=01;35:*.jpeg=01;35:*.mjpg=01;35:*.mjpeg=01;35:*.gif=01;35:*.bmp=01;35:*.pbm=01;35:*.pgm=01;35:*.ppm=01;35:*.tga=01;35:*.xbm=01;35:*.xpm=01;35:*.tif=01;35:*.tiff=01;35:*.png=01;35:*.svg=01;35:*.svgz=01;35:*.mng=01;35:*.pcx=01;35:*.mov=01;35:*.mpg=01;35:*.mpeg=01;35:*.m2v=01;35:*.mkv=01;35:*.webm=01;35:*.webp=01;35:*.ogm=01;35:*.mp4=01;35:*.m4v=01;35:*.mp4v=01;35:*.vob=01;35:*.qt=01;35:*.nuv=01;35:*.wmv=01;35:*.asf=01;35:*.rm=01;35:*.rmvb=01;35:*.flc=01;35:*.avi=01;35:*.fli=01;35:*.flv=01;35:*.gl=01;35:*.dl=01;35:*.xcf=01;35:*.xwd=01;35:*.yuv=01;35:*.cgm=01;35:*.emf=01;35:*.ogv=01;35:*.ogx=01;35:*.aac=00;36:*.au=00;36:*.flac=00;36:*.m4a=00;36:*.mid=00;36:*.midi=00;36:*.mka=00;36:*.mp3=00;36:*.mpc=00;36:*.ogg=00;36:*.ra=00;36:*.wav=00;36:*.oga=00;36:*.opus=00;36:*.spx=00;36:*.xspf=00;36:'), ('GNOME_TERMINAL_SERVICE', ':1.128'), ('SSH_AGENT_LAUNCHER', 'gnome-keyring'), ('SSH_AUTH_SOCK', '/run/user/1000/keyring/ssh'), ('AMENT_PREFIX_PATH', '/home/gowtham/crazyflie_ws/install/swarm_navigation:/home/gowtham/crazyflie_ws/install/swarm_guidance:/home/gowtham/crazyflie_ws/install/crazyflie_sim:/home/gowtham/crazyflie_ws/install/crazyflie_examples:/home/gowtham/crazyflie_ws/install/crazyflie_py:/home/gowtham/crazyflie_ws/install/crazyflie:/home/gowtham/crazyflie_ws/install/crazyflie_interfaces:/home/gowtham/crazyflie_ws/install/central_swarm_control:/home/gowtham/swarm_ws/install/guidance_layer:/home/gowtham/swarm_ws/install/crazyflie_sim:/home/gowtham/swarm_ws/install/crazyflie_examples:/home/gowtham/swarm_ws/install/crazyflie_py:/home/gowtham/swarm_ws/install/crazyflie:/home/gowtham/swarm_ws/install/crazyflie_interfaces:/home/gowtham/swarm_ws/install/control_layer:/home/gowtham/swarm_ws/install/consensus_controller:/opt/ros/humble'), ('SHELL', '/bin/bash'), ('QT_ACCESSIBILITY', '1'), ('GDMSESSION', 'ubuntu'), ('LESSCLOSE', '/usr/bin/lesspipe %s %s'), ('QT_IM_MODULE', 'ibus'), ('PWD', '/home/gowtham/crazyflie_ws/build/crazyflie_interfaces'), ('LC_ALL', 'en_US.UTF-8'), ('XDG_CONFIG_DIRS', '/etc/xdg/xdg-ubuntu:/etc/xdg'), ('XDG_DATA_DIRS', '/usr/share/ubuntu:/usr/local/share/:/usr/share/:/var/lib/snapd/desktop'), ('PYTHONPATH', '/home/gowtham/crazyflie_ws/build/swarm_navigation:/home/gowtham/crazyflie_ws/install/swarm_navigation/lib/python3.10/site-packages:/home/gowtham/crazyflie_ws/install/swarm_guidance/lib/python3.10/site-packages:/home/gowtham/crazyflie_ws/install/crazyflie_sim/local/lib/python3.10/dist-packages:/home/gowtham/crazyflie_ws/install/crazyflie_examples/local/lib/python3.10/dist-packages:/home/gowtham/crazyflie_ws/install/crazyflie_py/lib/python3.10/site-packages:/home/gowtham/crazyflie_ws/install/crazyflie_interfaces/local/lib/python3.10/dist-packages:/home/gowtham/crazyflie_ws/build/central_swarm_control:/home/gowtham/crazyflie_ws/install/central_swarm_control/lib/python3.10/site-packages:/home/gowtham/crazyflie-firmware/build:/home/gowtham/crazyflie-firmware/build:/home/gowtham/swarm_ws/install/guidance_layer/lib/python3.10/site-packages:/home/gowtham/swarm_ws/install/crazyflie_sim/local/lib/python3.10/dist-packages:/home/gowtham/swarm_ws/install/crazyflie_examples/local/lib/python3.10/dist-packages:/home/gowtham/swarm_ws/install/crazyflie_py/lib/python3.10/site-packages:/home/gowtham/swarm_ws/install/crazyflie_interfaces/local/lib/python3.10/dist-packages:/home/gowtham/swarm_ws/install/control_layer/lib/python3.10/site-packages:/home/gowtham/swarm_ws/install/consensus_controller/lib/python3.10/site-packages:/opt/ros/humble/lib/python3.10/site-packages:/opt/ros/humble/local/lib/python3.10/dist-packages'), ('COLCON', '1'), ('VTE_VERSION', '6800'), ('CMAKE_PREFIX_PATH', '/home/gowtham/crazyflie_ws/install/crazyflie_sim:/home/gowtham/crazyflie_ws/install/crazyflie_examples:/home/gowtham/crazyflie_ws/install/crazyflie:/home/gowtham/crazyflie_ws/install/crazyflie_interfaces:/home/gowtham/swarm_ws/install/crazyflie_sim:/home/gowtham/swarm_ws/install/crazyflie_examples:/home/gowtham/swarm_ws/install/crazyflie:/home/gowtham/swarm_ws/install/crazyflie_interfaces:/home/gowtham/crazyflie_ws/install/swarm_navigation:/home/gowtham/crazyflie_ws/install/swarm_guidance:/home/gowtham/crazyflie_ws/install/crazyflie_py:/home/gowtham/crazyflie_ws/install/central_swarm_control:/home/gowtham/swarm_ws/install/guidance_layer:/home/gowtham/swarm_ws/install/crazyflie_py:/home/gowtham/swarm_ws/install/control_layer:/home/gowtham/swarm_ws/install/consensus_controller:/opt/ros/humble')]), 'shell': False}
[1.508783] (-) TimerEvent: {}
[1.609187] (-) TimerEvent: {}
[1.709537] (-) TimerEvent: {}
[1.809908] (-) TimerEvent: {}
[1.910348] (-) TimerEvent: {}
[1.956989] (crazyflie_interfaces) StdoutLine: {'line': b'-- Install configuration: ""\n'}
[1.957338] (crazyflie_interfaces) StdoutLine: {'line': b'-- Execute custom install script\n'}
[1.957441] (crazyflie_interfaces) StdoutLine: {'line': b'-- Up-to-date symlink: /home/gowtham/crazyflie_ws/install/crazyflie_interfaces/share/ament_index/resource_index/rosidl_interfaces/crazyflie_interfaces\n'}
[1.958102] (crazyflie_interfaces) StdoutLine: {'line': b'-- Up-to-date symlink: /home/gowtham/crazyflie_ws/install/crazyflie_interfaces/include/crazyflie_interfaces/crazyflie_interfaces/msg/connection_statistics.h\n'}
[1.958244] (crazyflie_interfaces) StdoutLine: {'line': b'-- Up-to-date symlink: /home/gowtham/crazyflie_ws/install/crazyflie_interfaces/include/crazyflie_interfaces/crazyflie_interfaces/msg/connection_statistics_array.h\n'}
[1.958356] (crazyflie_interfaces) StdoutLine: {'line': b'-- Up-to-date symlink: /home/gowtham/crazyflie_ws/install/crazyflie_interfaces/include/crazyflie_interfaces/crazyflie_interfaces/msg/detail/connection_statistics__functions.h\n'}
[1.958459] (crazyflie_interfaces) StdoutLine: {'line': b'-- Up-to-date symlink: /home/gowtham/crazyflie_ws/install/crazyflie_interfaces/include/crazyflie_interfaces/crazyflie_interfaces/msg/detail/connection_statistics__struct.h\n'}
[1.958587] (crazyflie_interfaces) StdoutLine: {'line': b'-- Up-to-date symlink: /home/gowtham/crazyflie_ws/install/crazyflie_interfaces/include/crazyflie_interfaces/crazyflie_interfaces/msg/detail/connection_statistics__type_support.h\n'}
[1.958684] (crazyflie_interfaces) StdoutLine: {'line': b'-- Up-to-date symlink: /home/gowtham/crazyflie_ws/install/crazyflie_interfaces/include/crazyflie_interfaces/crazyflie_interfaces/msg/detail/connection_statistics_array__functions.h\n'}
[1.958785] (crazyflie_interfaces) StdoutLine: {'line': b'-- Up-to-date symlink: /home/gowtham/crazyflie_ws/install/crazyflie_interfaces/include/crazyflie_interfaces/crazyflie_interfaces/msg/detail/connection_statistics_array__struct.h\n'}
[1.958878] (crazyflie_interfaces) StdoutLine: {'line': b'-- Up-to-date symlink: /home/gowtham/crazyflie_ws/install/crazyflie_interfaces/include/crazyflie_interfaces/crazyflie_interfaces/msg/detail/connection_statistics_array__type_support.h\n'}
[1.958980] (crazyflie_interfaces) StdoutLine: {'line': b'-- Up-to-date symlink: /home/gowtham/crazyflie_ws/install/crazyflie_interfaces/include/crazyflie_interfaces/crazyflie_interfaces/msg/detail/full_state__functions.h\n'}
[1.959076] (crazyflie_interfaces) StdoutLine: {'line': b'-- Up-to-date symlink: /home/gowtham/crazyflie_ws/install/crazyflie_interfaces/include/crazyflie_interfaces/crazyflie_interfaces/msg/detail/full_state__struct.h\n'}
[1.959173] (crazyflie_interfaces) StdoutLine: {'line': b'-- Up-to-date symlink: /home/gowtham/crazyflie_ws/install/crazyflie_interfaces/include/crazyflie_interfaces/crazyflie_interfaces/msg/detail/full_state__type_support.h\n'}
[1.959273] (crazyflie_interfaces) StdoutLine: {'line': b'-- Up-to-date symlink: /home/gowtham/crazyflie_ws/install/crazyflie_interfaces/include/crazyflie_interfaces/crazyflie_interfaces/msg/detail/hover__functions.h\n'}
[1.959365] (crazyflie_interfaces) StdoutLine: {'line': b'-- Up-to-date symlink: /home/gowtham/crazyflie_ws/install/crazyflie_interfaces/include/crazyflie_interfaces/crazyflie_interfaces/msg/detail/hover__struct.h\n'}
[1.959480] (crazyflie_interfaces) StdoutLine: {'line': b'-- Up-to-date symlink: /home/gowtham/crazyflie_ws/install/crazyflie_interfaces/include/crazyflie_interfaces/crazyflie_interfaces/msg/detail/hover__type_support.h\n'}
[1.963438] (crazyflie_interfaces) StdoutLine: {'line': b'-- Up-to-date symlink: /home/gowtham/crazyflie_ws/install/crazyflie_interfaces/include/crazyflie_interfaces/crazyflie_interfaces/msg/detail/log_block__functions.h\n'}
[1.965427] (crazyflie_interfaces) StdoutLine: {'line': b'-- Up-to-date symlink: /home/gowtham/crazyflie_ws/install/crazyflie_interfaces/include/crazyflie_interfaces/crazyflie_interfaces/msg/detail/log_block__struct.h\n'}
[1.965989] (crazyflie_interfaces) StdoutLine: {'line': b'-- Up-to-date symlink: /home/gowtham/crazyflie_ws/install/crazyflie_interfaces/include/crazyflie_interfaces/crazyflie_interfaces/msg/detail/log_block__type_support.h\n'}
[1.966363] (crazyflie_interfaces) StdoutLine: {'line': b'-- Up-to-date symlink: /home/gowtham/crazyflie_ws/install/crazyflie_interfaces/include/crazyflie_interfaces/crazyflie_interfaces/msg/detail/log_data_generic__functions.h\n'}
[1.966665] (crazyflie_interfaces) StdoutLine: {'line': b'-- Up-to-date symlink: /home/gowtham/crazyflie_ws/install/crazyflie_interfaces/include/crazyflie_interfaces/crazyflie_interfaces/msg/detail/log_data_generic__struct.h\n'}
[1.966951] (crazyflie_interfaces) StdoutLine: {'line': b'-- Up-to-date symlink: /home/gowtham/crazyflie_ws/install/crazyflie_interfaces/include/crazyflie_interfaces/crazyflie_interfaces/msg/detail/log_data_generic__type_support.h\n'}
[1.967092] (crazyflie_interfaces) StdoutLine: {'line': b'-- Up-to-date symlink: /home/gowtham/crazyflie_ws/install/crazyflie_interfaces/include/crazyflie_interfaces/crazyflie_interfaces/msg/detail/position__functions.h\n'}
[1.967607] (crazyflie_interfaces) StdoutLine: {'line': b'-- Up-to-date symlink: /home/gowtham/crazyflie_ws/install/crazyflie_interfaces/include/crazyflie_interfaces/crazyflie_interfaces/msg/detail/position__struct.h\n'}
[1.968354] (crazyflie_interfaces) StdoutLine: {'line': b'-- Up-to-date symlink: /home/gowtham/crazyflie_ws/install/crazyflie_interfaces/include/crazyflie_interfaces/crazyflie_interfaces/msg/detail/position__type_support.h\n'}
[1.968482] (crazyflie_interfaces) StdoutLine: {'line': b'-- Up-to-date symlink: /home/gowtham/crazyflie_ws/install/crazyflie_interfaces/include/crazyflie_interfaces/crazyflie_interfaces/msg/detail/status__functions.h\n'}
[1.968603] (crazyflie_interfaces) StdoutLine: {'line': b'-- Up-to-date symlink: /home/gowtham/crazyflie_ws/install/crazyflie_interfaces/include/crazyflie_interfaces/crazyflie_interfaces/msg/detail/status__struct.h\n'}
[1.968714] (crazyflie_interfaces) StdoutLine: {'line': b'-- Up-to-date symlink: /home/gowtham/crazyflie_ws/install/crazyflie_interfaces/include/crazyflie_interfaces/crazyflie_interfaces/msg/detail/status__type_support.h\n'}
[1.968832] (crazyflie_interfaces) StdoutLine: {'line': b'-- Up-to-date symlink: /home/gowtham/crazyflie_ws/install/crazyflie_interfaces/include/crazyflie_interfaces/crazyflie_interfaces/msg/detail/trajectory_polynomial_piece__functions.h\n'}
[1.968943] (crazyflie_interfaces) StdoutLine: {'line': b'-- Up-to-date symlink: /home/gowtham/crazyflie_ws/install/crazyflie_interfaces/include/crazyflie_interfaces/crazyflie_interfaces/msg/detail/trajectory_polynomial_piece__struct.h\n'}
[1.969046] (crazyflie_interfaces) StdoutLine: {'line': b'-- Up-to-date symlink: /home/gowtham/crazyflie_ws/install/crazyflie_interfaces/include/crazyflie_interfaces/crazyflie_interfaces/msg/detail/trajectory_polynomial_piece__type_support.h\n'}
[1.969152] (crazyflie_interfaces) StdoutLine: {'line': b'-- Up-to-date symlink: /home/gowtham/crazyflie_ws/install/crazyflie_interfaces/include/crazyflie_interfaces/crazyflie_interfaces/msg/detail/velocity_world__functions.h\n'}
[1.969254] (crazyflie_interfaces) StdoutLine: {'line': b'-- Up-to-date symlink: /home/gowtham/crazyflie_ws/install/crazyflie_interfaces/include/crazyflie_interfaces/crazyflie_interfaces/msg/detail/velocity_world__struct.h\n'}
[1.969360] (crazyflie_interfaces) StdoutLine: {'line': b'-- Up-to-date symlink: /home/gowtham/crazyflie_ws/install/crazyflie_interfaces/include/crazyflie_interfaces/crazyflie_interfaces/msg/detail/velocity_world__type_support.h\n'}
[1.969464] (crazyflie_interfaces) StdoutLine: {'line': b'-- Up-to-date symlink: /home/gowtham/crazyflie_ws/install/crazyflie_interfaces/include/crazyflie_interfaces/crazyflie_interfaces/msg/full_state.h\n'}
[1.969589] (crazyflie_interfaces) StdoutLine: {'line': b'-- Up-to-date symlink: /home/gowtham/crazyflie_ws/install/crazyflie_interfaces/include/crazyflie_interfaces/crazyflie_interfaces/msg/hover.h\n'}
[1.969695] (crazyflie_interfaces) StdoutLine: {'line': b'-- Up-to-date symlink: /home/gowtham/crazyflie_ws/install/crazyflie_interfaces/include/crazyflie_interfaces/crazyflie_interfaces/msg/log_block.h\n'}
[1.969794] (crazyflie_interfaces) StdoutLine: {'line': b'-- Up-to-date symlink: /home/gowtham/crazyflie_ws/install/crazyflie_interfaces/include/crazyflie_interfaces/crazyflie_interfaces/msg/log_data_generic.h\n'}
[1.969900] (crazyflie_interfaces) StdoutLine: {'line': b'-- Up-to-date symlink: /home/gowtham/crazyflie_ws/install/crazyflie_interfaces/include/crazyflie_interfaces/crazyflie_interfaces/msg/position.h\n'}
[1.969999] (crazyflie_interfaces) StdoutLine: {'line': b'-- Up-to-date symlink: /home/gowtham/crazyflie_ws/install/crazyflie_interfaces/include/crazyflie_interfaces/crazyflie_interfaces/msg/rosidl_generator_c__visibility_control.h\n'}
[1.971072] (crazyflie_interfaces) StdoutLine: {'line': b'-- Up-to-date symlink: /home/gowtham/crazyflie_ws/install/crazyflie_interfaces/include/crazyflie_interfaces/crazyflie_interfaces/msg/status.h\n'}
[1.971198] (crazyflie_interfaces) StdoutLine: {'line': b'-- Up-to-date symlink: /home/gowtham/crazyflie_ws/install/crazyflie_interfaces/include/crazyflie_interfaces/crazyflie_interfaces/msg/trajectory_polynomial_piece.h\n'}
[1.971449] (crazyflie_interfaces) StdoutLine: {'line': b'-- Up-to-date symlink: /home/gowtham/crazyflie_ws/install/crazyflie_interfaces/include/crazyflie_interfaces/crazyflie_interfaces/msg/velocity_world.h\n'}
[1.971701] (crazyflie_interfaces) StdoutLine: {'line': b'-- Up-to-date symlink: /home/gowtham/crazyflie_ws/install/crazyflie_interfaces/include/crazyflie_interfaces/crazyflie_interfaces/srv/add_logging.h\n'}
[1.971815] (crazyflie_interfaces) StdoutLine: {'line': b'-- Up-to-date symlink: /home/gowtham/crazyflie_ws/install/crazyflie_interfaces/include/crazyflie_interfaces/crazyflie_interfaces/srv/arm.h\n'}
[1.971917] (crazyflie_interfaces) StdoutLine: {'line': b'-- Up-to-date symlink: /home/gowtham/crazyflie_ws/install/crazyflie_interfaces/include/crazyflie_interfaces/crazyflie_interfaces/srv/detail/add_logging__functions.h\n'}
[1.972023] (crazyflie_interfaces) StdoutLine: {'line': b'-- Up-to-date symlink: /home/gowtham/crazyflie_ws/install/crazyflie_interfaces/include/crazyflie_interfaces/crazyflie_interfaces/srv/detail/add_logging__struct.h\n'}
[1.972124] (crazyflie_interfaces) StdoutLine: {'line': b'-- Up-to-date symlink: /home/gowtham/crazyflie_ws/install/crazyflie_interfaces/include/crazyflie_interfaces/crazyflie_interfaces/srv/detail/add_logging__type_support.h\n'}
[1.972229] (crazyflie_interfaces) StdoutLine: {'line': b'-- Up-to-date symlink: /home/gowtham/crazyflie_ws/install/crazyflie_interfaces/include/crazyflie_interfaces/crazyflie_interfaces/srv/detail/arm__functions.h\n'}
[1.972331] (crazyflie_interfaces) StdoutLine: {'line': b'-- Up-to-date symlink: /home/gowtham/crazyflie_ws/install/crazyflie_interfaces/include/crazyflie_interfaces/crazyflie_interfaces/srv/detail/arm__struct.h\n'}
[1.972436] (crazyflie_interfaces) StdoutLine: {'line': b'-- Up-to-date symlink: /home/gowtham/crazyflie_ws/install/crazyflie_interfaces/include/crazyflie_interfaces/crazyflie_interfaces/srv/detail/arm__type_support.h\n'}
[1.972563] (crazyflie_interfaces) StdoutLine: {'line': b'-- Up-to-date symlink: /home/gowtham/crazyflie_ws/install/crazyflie_interfaces/include/crazyflie_interfaces/crazyflie_interfaces/srv/detail/go_to__functions.h\n'}
[1.973144] (crazyflie_interfaces) StdoutLine: {'line': b'-- Up-to-date symlink: /home/gowtham/crazyflie_ws/install/crazyflie_interfaces/include/crazyflie_interfaces/crazyflie_interfaces/srv/detail/go_to__struct.h\n'}
[1.973364] (crazyflie_interfaces) StdoutLine: {'line': b'-- Up-to-date symlink: /home/gowtham/crazyflie_ws/install/crazyflie_interfaces/include/crazyflie_interfaces/crazyflie_interfaces/srv/detail/go_to__type_support.h\n'}
[1.978864] (crazyflie_interfaces) StdoutLine: {'line': b'-- Up-to-date symlink: /home/gowtham/crazyflie_ws/install/crazyflie_interfaces/include/crazyflie_interfaces/crazyflie_interfaces/srv/detail/land__functions.h\n'}
[1.982851] (crazyflie_interfaces) StdoutLine: {'line': b'-- Up-to-date symlink: /home/gowtham/crazyflie_ws/install/crazyflie_interfaces/include/crazyflie_interfaces/crazyflie_interfaces/srv/detail/land__struct.h\n'}
[1.983067] (crazyflie_interfaces) StdoutLine: {'line': b'-- Up-to-date symlink: /home/gowtham/crazyflie_ws/install/crazyflie_interfaces/include/crazyflie_interfaces/crazyflie_interfaces/srv/detail/land__type_support.h\n'}
[1.983236] (crazyflie_interfaces) StdoutLine: {'line': b'-- Up-to-date symlink: /home/gowtham/crazyflie_ws/install/crazyflie_interfaces/include/crazyflie_interfaces/crazyflie_interfaces/srv/detail/notify_setpoints_stop__functions.h\n'}
[1.983413] (crazyflie_interfaces) StdoutLine: {'line': b'-- Up-to-date symlink: /home/gowtham/crazyflie_ws/install/crazyflie_interfaces/include/crazyflie_interfaces/crazyflie_interfaces/srv/detail/notify_setpoints_stop__struct.h\n'}
[1.983618] (crazyflie_interfaces) StdoutLine: {'line': b'-- Up-to-date symlink: /home/gowtham/crazyflie_ws/install/crazyflie_interfaces/include/crazyflie_interfaces/crazyflie_interfaces/srv/detail/notify_setpoints_stop__type_support.h\n'}
[1.983779] (crazyflie_interfaces) StdoutLine: {'line': b'-- Up-to-date symlink: /home/gowtham/crazyflie_ws/install/crazyflie_interfaces/include/crazyflie_interfaces/crazyflie_interfaces/srv/detail/remove_logging__functions.h\n'}
[1.983881] (crazyflie_interfaces) StdoutLine: {'line': b'-- Up-to-date symlink: /home/gowtham/crazyflie_ws/install/crazyflie_interfaces/include/crazyflie_interfaces/crazyflie_interfaces/srv/detail/remove_logging__struct.h\n'}
[1.983988] (crazyflie_interfaces) StdoutLine: {'line': b'-- Up-to-date symlink: /home/gowtham/crazyflie_ws/install/crazyflie_interfaces/include/crazyflie_interfaces/crazyflie_interfaces/srv/detail/remove_logging__type_support.h\n'}
[1.984083] (crazyflie_interfaces) StdoutLine: {'line': b'-- Up-to-date symlink: /home/gowtham/crazyflie_ws/install/crazyflie_interfaces/include/crazyflie_interfaces/crazyflie_interfaces/srv/detail/set_group_mask__functions.h\n'}
[1.984189] (crazyflie_interfaces) StdoutLine: {'line': b'-- Up-to-date symlink: /home/gowtham/crazyflie_ws/install/crazyflie_interfaces/include/crazyflie_interfaces/crazyflie_interfaces/srv/detail/set_group_mask__struct.h\n'}
[1.984295] (crazyflie_interfaces) StdoutLine: {'line': b'-- Up-to-date symlink: /home/gowtham/crazyflie_ws/install/crazyflie_interfaces/include/crazyflie_interfaces/crazyflie_interfaces/srv/detail/set_group_mask__type_support.h\n'}
[1.984404] (crazyflie_interfaces) StdoutLine: {'line': b'-- Up-to-date symlink: /home/gowtham/crazyflie_ws/install/crazyflie_interfaces/include/crazyflie_interfaces/crazyflie_interfaces/srv/detail/start_trajectory__functions.h\n'}
[1.984574] (crazyflie_interfaces) StdoutLine: {'line': b'-- Up-to-date symlink: /home/gowtham/crazyflie_ws/install/crazyflie_interfaces/include/crazyflie_interfaces/crazyflie_interfaces/srv/detail/start_trajectory__struct.h\n'}
[1.984748] (crazyflie_interfaces) StdoutLine: {'line': b'-- Up-to-date symlink: /home/gowtham/crazyflie_ws/install/crazyflie_interfaces/include/crazyflie_interfaces/crazyflie_interfaces/srv/detail/start_trajectory__type_support.h\n'}
[1.984896] (crazyflie_interfaces) StdoutLine: {'line': b'-- Up-to-date symlink: /home/gowtham/crazyflie_ws/install/crazyflie_interfaces/include/crazyflie_interfaces/crazyflie_interfaces/srv/detail/stop__functions.h\n'}
[1.985047] (crazyflie_interfaces) StdoutLine: {'line': b'-- Up-to-date symlink: /home/gowtham/crazyflie_ws/install/crazyflie_interfaces/include/crazyflie_interfaces/crazyflie_interfaces/srv/detail/stop__struct.h\n'}
[1.985194] (crazyflie_interfaces) StdoutLine: {'line': b'-- Up-to-date symlink: /home/gowtham/crazyflie_ws/install/crazyflie_interfaces/include/crazyflie_interfaces/crazyflie_interfaces/srv/detail/stop__type_support.h\n'}
[1.985339] (crazyflie_interfaces) StdoutLine: {'line': b'-- Up-to-date symlink: /home/gowtham/crazyflie_ws/install/crazyflie_interfaces/include/crazyflie_interfaces/crazyflie_interfaces/srv/detail/takeoff__functions.h\n'}
[1.985543] (crazyflie_interfaces) StdoutLine: {'line': b'-- Up-to-date symlink: /home/gowtham/crazyflie_ws/install/crazyflie_interfaces/include/crazyflie_interfaces/crazyflie_interfaces/srv/detail/takeoff__struct.h\n'}
[1.990208] (crazyflie_interfaces) StdoutLine: {'line': b'-- Up-to-date symlink: /home/gowtham/crazyflie_ws/install/crazyflie_interfaces/include/crazyflie_interfaces/crazyflie_interfaces/srv/detail/takeoff__type_support.h\n'}
[1.990390] (crazyflie_interfaces) StdoutLine: {'line': b'-- Up-to-date symlink: /home/gowtham/crazyflie_ws/install/crazyflie_interfaces/include/crazyflie_interfaces/crazyflie_interfaces/srv/detail/update_params__functions.h\n'}
[1.990614] (crazyflie_interfaces) StdoutLine: {'line': b'-- Up-to-date symlink: /home/gowtham/crazyflie_ws/install/crazyflie_interfaces/include/crazyflie_interfaces/crazyflie_interfaces/srv/detail/update_params__struct.h\n'}
[1.990775] (crazyflie_interfaces) StdoutLine: {'line': b'-- Up-to-date symlink: /home/gowtham/crazyflie_ws/install/crazyflie_interfaces/include/crazyflie_interfaces/crazyflie_interfaces/srv/detail/update_params__type_support.h\n'}
[1.990925] (crazyflie_interfaces) StdoutLine: {'line': b'-- Up-to-date symlink: /home/gowtham/crazyflie_ws/install/crazyflie_interfaces/include/crazyflie_interfaces/crazyflie_interfaces/srv/detail/upload_trajectory__functions.h\n'}
[1.991072] (crazyflie_interfaces) StdoutLine: {'line': b'-- Up-to-date symlink: /home/gowtham/crazyflie_ws/install/crazyflie_interfaces/include/crazyflie_interfaces/crazyflie_interfaces/srv/detail/upload_trajectory__struct.h\n'}
[1.991234] (crazyflie_interfaces) StdoutLine: {'line': b'-- Up-to-date symlink: /home/gowtham/crazyflie_ws/install/crazyflie_interfaces/include/crazyflie_interfaces/crazyflie_interfaces/srv/detail/upload_trajectory__type_support.h\n'}
[1.991384] (crazyflie_interfaces) StdoutLine: {'line': b'-- Up-to-date symlink: /home/gowtham/crazyflie_ws/install/crazyflie_interfaces/include/crazyflie_interfaces/crazyflie_interfaces/srv/go_to.h\n'}
[1.991585] (crazyflie_interfaces) StdoutLine: {'line': b'-- Up-to-date symlink: /home/gowtham/crazyflie_ws/install/crazyflie_interfaces/include/crazyflie_interfaces/crazyflie_interfaces/srv/land.h\n'}
[1.991809] (crazyflie_interfaces) StdoutLine: {'line': b'-- Up-to-date symlink: /home/gowtham/crazyflie_ws/install/crazyflie_interfaces/include/crazyflie_interfaces/crazyflie_interfaces/srv/notify_setpoints_stop.h\n'}
[1.991960] (crazyflie_interfaces) StdoutLine: {'line': b'-- Up-to-date symlink: /home/gowtham/crazyflie_ws/install/crazyflie_interfaces/include/crazyflie_interfaces/crazyflie_interfaces/srv/remove_logging.h\n'}
[1.995481] (crazyflie_interfaces) StdoutLine: {'line': b'-- Up-to-date symlink: /home/gowtham/crazyflie_ws/install/crazyflie_interfaces/include/crazyflie_interfaces/crazyflie_interfaces/srv/set_group_mask.h\n'}
[1.996718] (crazyflie_interfaces) StdoutLine: {'line': b'-- Up-to-date symlink: /home/gowtham/crazyflie_ws/install/crazyflie_interfaces/include/crazyflie_interfaces/crazyflie_interfaces/srv/start_trajectory.h\n'}
[1.996868] (crazyflie_interfaces) StdoutLine: {'line': b'-- Up-to-date symlink: /home/gowtham/crazyflie_ws/install/crazyflie_interfaces/include/crazyflie_interfaces/crazyflie_interfaces/srv/stop.h\n'}
[1.996979] (crazyflie_interfaces) StdoutLine: {'line': b'-- Up-to-date symlink: /home/gowtham/crazyflie_ws/install/crazyflie_interfaces/include/crazyflie_interfaces/crazyflie_interfaces/srv/takeoff.h\n'}
[1.997087] (crazyflie_interfaces) StdoutLine: {'line': b'-- Up-to-date symlink: /home/gowtham/crazyflie_ws/install/crazyflie_interfaces/include/crazyflie_interfaces/crazyflie_interfaces/srv/update_params.h\n'}
[1.997192] (crazyflie_interfaces) StdoutLine: {'line': b'-- Up-to-date symlink: /home/gowtham/crazyflie_ws/install/crazyflie_interfaces/include/crazyflie_interfaces/crazyflie_interfaces/srv/upload_trajectory.h\n'}
[1.997297] (crazyflie_interfaces) StdoutLine: {'line': b'-- Up-to-date symlink: /home/gowtham/crazyflie_ws/install/crazyflie_interfaces/share/crazyflie_interfaces/environment/library_path.sh\n'}
[1.997406] (crazyflie_interfaces) StdoutLine: {'line': b'-- Up-to-date symlink: /home/gowtham/crazyflie_ws/install/crazyflie_interfaces/share/crazyflie_interfaces/environment/library_path.dsv\n'}
[1.997540] (crazyflie_interfaces) StdoutLine: {'line': b'-- Up-to-date symlink: /home/gowtham/crazyflie_ws/install/crazyflie_interfaces/include/crazyflie_interfaces/crazyflie_interfaces/msg/detail/connection_statistics__rosidl_typesupport_fastrtps_c.h\n'}
[1.997670] (crazyflie_interfaces) StdoutLine: {'line': b'-- Up-to-date symlink: /home/gowtham/crazyflie_ws/install/crazyflie_interfaces/include/crazyflie_interfaces/crazyflie_interfaces/msg/detail/connection_statistics_array__rosidl_typesupport_fastrtps_c.h\n'}
[1.997780] (crazyflie_interfaces) StdoutLine: {'line': b'-- Up-to-date symlink: /home/gowtham/crazyflie_ws/install/crazyflie_interfaces/include/crazyflie_interfaces/crazyflie_interfaces/msg/detail/full_state__rosidl_typesupport_fastrtps_c.h\n'}
[1.997877] (crazyflie_interfaces) StdoutLine: {'line': b'-- Up-to-date symlink: /home/gowtham/crazyflie_ws/install/crazyflie_interfaces/include/crazyflie_interfaces/crazyflie_interfaces/msg/detail/hover__rosidl_typesupport_fastrtps_c.h\n'}
[1.997988] (crazyflie_interfaces) StdoutLine: {'line': b'-- Up-to-date symlink: /home/gowtham/crazyflie_ws/install/crazyflie_interfaces/include/crazyflie_interfaces/crazyflie_interfaces/msg/detail/log_block__rosidl_typesupport_fastrtps_c.h\n'}
[1.998084] (crazyflie_interfaces) StdoutLine: {'line': b'-- Up-to-date symlink: /home/gowtham/crazyflie_ws/install/crazyflie_interfaces/include/crazyflie_interfaces/crazyflie_interfaces/msg/detail/log_data_generic__rosidl_typesupport_fastrtps_c.h\n'}
[1.998190] (crazyflie_interfaces) StdoutLine: {'line': b'-- Up-to-date symlink: /home/gowtham/crazyflie_ws/install/crazyflie_interfaces/include/crazyflie_interfaces/crazyflie_interfaces/msg/detail/position__rosidl_typesupport_fastrtps_c.h\n'}
[1.998301] (crazyflie_interfaces) StdoutLine: {'line': b'-- Up-to-date symlink: /home/gowtham/crazyflie_ws/install/crazyflie_interfaces/include/crazyflie_interfaces/crazyflie_interfaces/msg/detail/status__rosidl_typesupport_fastrtps_c.h\n'}
[1.998402] (crazyflie_interfaces) StdoutLine: {'line': b'-- Up-to-date symlink: /home/gowtham/crazyflie_ws/install/crazyflie_interfaces/include/crazyflie_interfaces/crazyflie_interfaces/msg/detail/trajectory_polynomial_piece__rosidl_typesupport_fastrtps_c.h\n'}
[1.998522] (crazyflie_interfaces) StdoutLine: {'line': b'-- Up-to-date symlink: /home/gowtham/crazyflie_ws/install/crazyflie_interfaces/include/crazyflie_interfaces/crazyflie_interfaces/msg/detail/velocity_world__rosidl_typesupport_fastrtps_c.h\n'}
[1.998640] (crazyflie_interfaces) StdoutLine: {'line': b'-- Up-to-date symlink: /home/gowtham/crazyflie_ws/install/crazyflie_interfaces/include/crazyflie_interfaces/crazyflie_interfaces/msg/rosidl_typesupport_fastrtps_c__visibility_control.h\n'}
[1.998746] (crazyflie_interfaces) StdoutLine: {'line': b'-- Up-to-date symlink: /home/gowtham/crazyflie_ws/install/crazyflie_interfaces/include/crazyflie_interfaces/crazyflie_interfaces/srv/detail/add_logging__rosidl_typesupport_fastrtps_c.h\n'}
[1.998842] (crazyflie_interfaces) StdoutLine: {'line': b'-- Up-to-date symlink: /home/gowtham/crazyflie_ws/install/crazyflie_interfaces/include/crazyflie_interfaces/crazyflie_interfaces/srv/detail/arm__rosidl_typesupport_fastrtps_c.h\n'}
[1.998943] (crazyflie_interfaces) StdoutLine: {'line': b'-- Up-to-date symlink: /home/gowtham/crazyflie_ws/install/crazyflie_interfaces/include/crazyflie_interfaces/crazyflie_interfaces/srv/detail/go_to__rosidl_typesupport_fastrtps_c.h\n'}
[1.999044] (crazyflie_interfaces) StdoutLine: {'line': b'-- Up-to-date symlink: /home/gowtham/crazyflie_ws/install/crazyflie_interfaces/include/crazyflie_interfaces/crazyflie_interfaces/srv/detail/land__rosidl_typesupport_fastrtps_c.h\n'}
[1.999144] (crazyflie_interfaces) StdoutLine: {'line': b'-- Up-to-date symlink: /home/gowtham/crazyflie_ws/install/crazyflie_interfaces/include/crazyflie_interfaces/crazyflie_interfaces/srv/detail/notify_setpoints_stop__rosidl_typesupport_fastrtps_c.h\n'}
[1.999245] (crazyflie_interfaces) StdoutLine: {'line': b'-- Up-to-date symlink: /home/gowtham/crazyflie_ws/install/crazyflie_interfaces/include/crazyflie_interfaces/crazyflie_interfaces/srv/detail/remove_logging__rosidl_typesupport_fastrtps_c.h\n'}
[1.999344] (crazyflie_interfaces) StdoutLine: {'line': b'-- Up-to-date symlink: /home/gowtham/crazyflie_ws/install/crazyflie_interfaces/include/crazyflie_interfaces/crazyflie_interfaces/srv/detail/set_group_mask__rosidl_typesupport_fastrtps_c.h\n'}
[1.999448] (crazyflie_interfaces) StdoutLine: {'line': b'-- Up-to-date symlink: /home/gowtham/crazyflie_ws/install/crazyflie_interfaces/include/crazyflie_interfaces/crazyflie_interfaces/srv/detail/start_trajectory__rosidl_typesupport_fastrtps_c.h\n'}
[2.003763] (crazyflie_interfaces) StdoutLine: {'line': b'-- Up-to-date symlink: /home/gowtham/crazyflie_ws/install/crazyflie_interfaces/include/crazyflie_interfaces/crazyflie_interfaces/srv/detail/stop__rosidl_typesupport_fastrtps_c.h\n'}
[2.003887] (crazyflie_interfaces) StdoutLine: {'line': b'-- Up-to-date symlink: /home/gowtham/crazyflie_ws/install/crazyflie_interfaces/include/crazyflie_interfaces/crazyflie_interfaces/srv/detail/takeoff__rosidl_typesupport_fastrtps_c.h\n'}
[2.003994] (crazyflie_interfaces) StdoutLine: {'line': b'-- Up-to-date symlink: /home/gowtham/crazyflie_ws/install/crazyflie_interfaces/include/crazyflie_interfaces/crazyflie_interfaces/srv/detail/update_params__rosidl_typesupport_fastrtps_c.h\n'}
[2.004101] (crazyflie_interfaces) StdoutLine: {'line': b'-- Up-to-date symlink: /home/gowtham/crazyflie_ws/install/crazyflie_interfaces/include/crazyflie_interfaces/crazyflie_interfaces/srv/detail/upload_trajectory__rosidl_typesupport_fastrtps_c.h\n'}
[2.004235] (crazyflie_interfaces) StdoutLine: {'line': b'-- Up-to-date symlink: /home/gowtham/crazyflie_ws/install/crazyflie_interfaces/include/crazyflie_interfaces/crazyflie_interfaces/msg/connection_statistics.hpp\n'}
[2.004343] (crazyflie_interfaces) StdoutLine: {'line': b'-- Up-to-date symlink: /home/gowtham/crazyflie_ws/install/crazyflie_interfaces/include/crazyflie_interfaces/crazyflie_interfaces/msg/connection_statistics_array.hpp\n'}
[2.004445] (crazyflie_interfaces) StdoutLine: {'line': b'-- Up-to-date symlink: /home/gowtham/crazyflie_ws/install/crazyflie_interfaces/include/crazyflie_interfaces/crazyflie_interfaces/msg/detail/connection_statistics__builder.hpp\n'}
[2.004575] (crazyflie_interfaces) StdoutLine: {'line': b'-- Up-to-date symlink: /home/gowtham/crazyflie_ws/install/crazyflie_interfaces/include/crazyflie_interfaces/crazyflie_interfaces/msg/detail/connection_statistics__struct.hpp\n'}
[2.004682] (crazyflie_interfaces) StdoutLine: {'line': b'-- Up-to-date symlink: /home/gowtham/crazyflie_ws/install/crazyflie_interfaces/include/crazyflie_interfaces/crazyflie_interfaces/msg/detail/connection_statistics__traits.hpp\n'}
[2.004798] (crazyflie_interfaces) StdoutLine: {'line': b'-- Up-to-date symlink: /home/gowtham/crazyflie_ws/install/crazyflie_interfaces/include/crazyflie_interfaces/crazyflie_interfaces/msg/detail/connection_statistics__type_support.hpp\n'}
[2.004903] (crazyflie_interfaces) StdoutLine: {'line': b'-- Up-to-date symlink: /home/gowtham/crazyflie_ws/install/crazyflie_interfaces/include/crazyflie_interfaces/crazyflie_interfaces/msg/detail/connection_statistics_array__builder.hpp\n'}
[2.005002] (crazyflie_interfaces) StdoutLine: {'line': b'-- Up-to-date symlink: /home/gowtham/crazyflie_ws/install/crazyflie_interfaces/include/crazyflie_interfaces/crazyflie_interfaces/msg/detail/connection_statistics_array__struct.hpp\n'}
[2.005106] (crazyflie_interfaces) StdoutLine: {'line': b'-- Up-to-date symlink: /home/gowtham/crazyflie_ws/install/crazyflie_interfaces/include/crazyflie_interfaces/crazyflie_interfaces/msg/detail/connection_statistics_array__traits.hpp\n'}
[2.005212] (crazyflie_interfaces) StdoutLine: {'line': b'-- Up-to-date symlink: /home/gowtham/crazyflie_ws/install/crazyflie_interfaces/include/crazyflie_interfaces/crazyflie_interfaces/msg/detail/connection_statistics_array__type_support.hpp\n'}
[2.005316] (crazyflie_interfaces) StdoutLine: {'line': b'-- Up-to-date symlink: /home/gowtham/crazyflie_ws/install/crazyflie_interfaces/include/crazyflie_interfaces/crazyflie_interfaces/msg/detail/full_state__builder.hpp\n'}
[2.005418] (crazyflie_interfaces) StdoutLine: {'line': b'-- Up-to-date symlink: /home/gowtham/crazyflie_ws/install/crazyflie_interfaces/include/crazyflie_interfaces/crazyflie_interfaces/msg/detail/full_state__struct.hpp\n'}
[2.005546] (crazyflie_interfaces) StdoutLine: {'line': b'-- Up-to-date symlink: /home/gowtham/crazyflie_ws/install/crazyflie_interfaces/include/crazyflie_interfaces/crazyflie_interfaces/msg/detail/full_state__traits.hpp\n'}
[2.005670] (crazyflie_interfaces) StdoutLine: {'line': b'-- Up-to-date symlink: /home/gowtham/crazyflie_ws/install/crazyflie_interfaces/include/crazyflie_interfaces/crazyflie_interfaces/msg/detail/full_state__type_support.hpp\n'}
[2.005778] (crazyflie_interfaces) StdoutLine: {'line': b'-- Up-to-date symlink: /home/gowtham/crazyflie_ws/install/crazyflie_interfaces/include/crazyflie_interfaces/crazyflie_interfaces/msg/detail/hover__builder.hpp\n'}
[2.005885] (crazyflie_interfaces) StdoutLine: {'line': b'-- Up-to-date symlink: /home/gowtham/crazyflie_ws/install/crazyflie_interfaces/include/crazyflie_interfaces/crazyflie_interfaces/msg/detail/hover__struct.hpp\n'}
[2.005991] (crazyflie_interfaces) StdoutLine: {'line': b'-- Up-to-date symlink: /home/gowtham/crazyflie_ws/install/crazyflie_interfaces/include/crazyflie_interfaces/crazyflie_interfaces/msg/detail/hover__traits.hpp\n'}
[2.006091] (crazyflie_interfaces) StdoutLine: {'line': b'-- Up-to-date symlink: /home/gowtham/crazyflie_ws/install/crazyflie_interfaces/include/crazyflie_interfaces/crazyflie_interfaces/msg/detail/hover__type_support.hpp\n'}
[2.006186] (crazyflie_interfaces) StdoutLine: {'line': b'-- Up-to-date symlink: /home/gowtham/crazyflie_ws/install/crazyflie_interfaces/include/crazyflie_interfaces/crazyflie_interfaces/msg/detail/log_block__builder.hpp\n'}
[2.006291] (crazyflie_interfaces) StdoutLine: {'line': b'-- Up-to-date symlink: /home/gowtham/crazyflie_ws/install/crazyflie_interfaces/include/crazyflie_interfaces/crazyflie_interfaces/msg/detail/log_block__struct.hpp\n'}
[2.006390] (crazyflie_interfaces) StdoutLine: {'line': b'-- Up-to-date symlink: /home/gowtham/crazyflie_ws/install/crazyflie_interfaces/include/crazyflie_interfaces/crazyflie_interfaces/msg/detail/log_block__traits.hpp\n'}
[2.009576] (crazyflie_interfaces) StdoutLine: {'line': b'-- Up-to-date symlink: /home/gowtham/crazyflie_ws/install/crazyflie_interfaces/include/crazyflie_interfaces/crazyflie_interfaces/msg/detail/log_block__type_support.hpp\n'}
[2.010020] (crazyflie_interfaces) StdoutLine: {'line': b'-- Up-to-date symlink: /home/gowtham/crazyflie_ws/install/crazyflie_interfaces/include/crazyflie_interfaces/crazyflie_interfaces/msg/detail/log_data_generic__builder.hpp\n'}
[2.010149] (crazyflie_interfaces) StdoutLine: {'line': b'-- Up-to-date symlink: /home/gowtham/crazyflie_ws/install/crazyflie_interfaces/include/crazyflie_interfaces/crazyflie_interfaces/msg/detail/log_data_generic__struct.hpp\n'}
[2.010289] (crazyflie_interfaces) StdoutLine: {'line': b'-- Up-to-date symlink: /home/gowtham/crazyflie_ws/install/crazyflie_interfaces/include/crazyflie_interfaces/crazyflie_interfaces/msg/detail/log_data_generic__traits.hpp\n'}
[2.010398] (-) TimerEvent: {}
[2.010590] (crazyflie_interfaces) StdoutLine: {'line': b'-- Up-to-date symlink: /home/gowtham/crazyflie_ws/install/crazyflie_interfaces/include/crazyflie_interfaces/crazyflie_interfaces/msg/detail/log_data_generic__type_support.hpp\n'}
[2.010725] (crazyflie_interfaces) StdoutLine: {'line': b'-- Up-to-date symlink: /home/gowtham/crazyflie_ws/install/crazyflie_interfaces/include/crazyflie_interfaces/crazyflie_interfaces/msg/detail/position__builder.hpp\n'}
[2.010836] (crazyflie_interfaces) StdoutLine: {'line': b'-- Up-to-date symlink: /home/gowtham/crazyflie_ws/install/crazyflie_interfaces/include/crazyflie_interfaces/crazyflie_interfaces/msg/detail/position__struct.hpp\n'}
[2.010954] (crazyflie_interfaces) StdoutLine: {'line': b'-- Up-to-date symlink: /home/gowtham/crazyflie_ws/install/crazyflie_interfaces/include/crazyflie_interfaces/crazyflie_interfaces/msg/detail/position__traits.hpp\n'}
[2.011058] (crazyflie_interfaces) StdoutLine: {'line': b'-- Up-to-date symlink: /home/gowtham/crazyflie_ws/install/crazyflie_interfaces/include/crazyflie_interfaces/crazyflie_interfaces/msg/detail/position__type_support.hpp\n'}
[2.011161] (crazyflie_interfaces) StdoutLine: {'line': b'-- Up-to-date symlink: /home/gowtham/crazyflie_ws/install/crazyflie_interfaces/include/crazyflie_interfaces/crazyflie_interfaces/msg/detail/status__builder.hpp\n'}
[2.011276] (crazyflie_interfaces) StdoutLine: {'line': b'-- Up-to-date symlink: /home/gowtham/crazyflie_ws/install/crazyflie_interfaces/include/crazyflie_interfaces/crazyflie_interfaces/msg/detail/status__struct.hpp\n'}
[2.011380] (crazyflie_interfaces) StdoutLine: {'line': b'-- Up-to-date symlink: /home/gowtham/crazyflie_ws/install/crazyflie_interfaces/include/crazyflie_interfaces/crazyflie_interfaces/msg/detail/status__traits.hpp\n'}
[2.013803] (crazyflie_interfaces) StdoutLine: {'line': b'-- Up-to-date symlink: /home/gowtham/crazyflie_ws/install/crazyflie_interfaces/include/crazyflie_interfaces/crazyflie_interfaces/msg/detail/status__type_support.hpp\n'}
[2.013966] (crazyflie_interfaces) StdoutLine: {'line': b'-- Up-to-date symlink: /home/gowtham/crazyflie_ws/install/crazyflie_interfaces/include/crazyflie_interfaces/crazyflie_interfaces/msg/detail/trajectory_polynomial_piece__builder.hpp\n'}
[2.014075] (crazyflie_interfaces) StdoutLine: {'line': b'-- Up-to-date symlink: /home/gowtham/crazyflie_ws/install/crazyflie_interfaces/include/crazyflie_interfaces/crazyflie_interfaces/msg/detail/trajectory_polynomial_piece__struct.hpp\n'}
[2.014182] (crazyflie_interfaces) StdoutLine: {'line': b'-- Up-to-date symlink: /home/gowtham/crazyflie_ws/install/crazyflie_interfaces/include/crazyflie_interfaces/crazyflie_interfaces/msg/detail/trajectory_polynomial_piece__traits.hpp\n'}
[2.014293] (crazyflie_interfaces) StdoutLine: {'line': b'-- Up-to-date symlink: /home/gowtham/crazyflie_ws/install/crazyflie_interfaces/include/crazyflie_interfaces/crazyflie_interfaces/msg/detail/trajectory_polynomial_piece__type_support.hpp\n'}
[2.014399] (crazyflie_interfaces) StdoutLine: {'line': b'-- Up-to-date symlink: /home/gowtham/crazyflie_ws/install/crazyflie_interfaces/include/crazyflie_interfaces/crazyflie_interfaces/msg/detail/velocity_world__builder.hpp\n'}
[2.014523] (crazyflie_interfaces) StdoutLine: {'line': b'-- Up-to-date symlink: /home/gowtham/crazyflie_ws/install/crazyflie_interfaces/include/crazyflie_interfaces/crazyflie_interfaces/msg/detail/velocity_world__struct.hpp\n'}
[2.014639] (crazyflie_interfaces) StdoutLine: {'line': b'-- Up-to-date symlink: /home/gowtham/crazyflie_ws/install/crazyflie_interfaces/include/crazyflie_interfaces/crazyflie_interfaces/msg/detail/velocity_world__traits.hpp\n'}
[2.014743] (crazyflie_interfaces) StdoutLine: {'line': b'-- Up-to-date symlink: /home/gowtham/crazyflie_ws/install/crazyflie_interfaces/include/crazyflie_interfaces/crazyflie_interfaces/msg/detail/velocity_world__type_support.hpp\n'}
[2.014851] (crazyflie_interfaces) StdoutLine: {'line': b'-- Up-to-date symlink: /home/gowtham/crazyflie_ws/install/crazyflie_interfaces/include/crazyflie_interfaces/crazyflie_interfaces/msg/full_state.hpp\n'}
[2.014959] (crazyflie_interfaces) StdoutLine: {'line': b'-- Up-to-date symlink: /home/gowtham/crazyflie_ws/install/crazyflie_interfaces/include/crazyflie_interfaces/crazyflie_interfaces/msg/hover.hpp\n'}
[2.015066] (crazyflie_interfaces) StdoutLine: {'line': b'-- Up-to-date symlink: /home/gowtham/crazyflie_ws/install/crazyflie_interfaces/include/crazyflie_interfaces/crazyflie_interfaces/msg/log_block.hpp\n'}
[2.015164] (crazyflie_interfaces) StdoutLine: {'line': b'-- Up-to-date symlink: /home/gowtham/crazyflie_ws/install/crazyflie_interfaces/include/crazyflie_interfaces/crazyflie_interfaces/msg/log_data_generic.hpp\n'}
[2.015263] (crazyflie_interfaces) StdoutLine: {'line': b'-- Up-to-date symlink: /home/gowtham/crazyflie_ws/install/crazyflie_interfaces/include/crazyflie_interfaces/crazyflie_interfaces/msg/position.hpp\n'}
[2.015365] (crazyflie_interfaces) StdoutLine: {'line': b'-- Up-to-date symlink: /home/gowtham/crazyflie_ws/install/crazyflie_interfaces/include/crazyflie_interfaces/crazyflie_interfaces/msg/rosidl_generator_cpp__visibility_control.hpp\n'}
[2.018514] (crazyflie_interfaces) StdoutLine: {'line': b'-- Up-to-date symlink: /home/gowtham/crazyflie_ws/install/crazyflie_interfaces/include/crazyflie_interfaces/crazyflie_interfaces/msg/status.hpp\n'}
[2.018915] (crazyflie_interfaces) StdoutLine: {'line': b'-- Up-to-date symlink: /home/gowtham/crazyflie_ws/install/crazyflie_interfaces/include/crazyflie_interfaces/crazyflie_interfaces/msg/trajectory_polynomial_piece.hpp\n'}
[2.019037] (crazyflie_interfaces) StdoutLine: {'line': b'-- Up-to-date symlink: /home/gowtham/crazyflie_ws/install/crazyflie_interfaces/include/crazyflie_interfaces/crazyflie_interfaces/msg/velocity_world.hpp\n'}
[2.019151] (crazyflie_interfaces) StdoutLine: {'line': b'-- Up-to-date symlink: /home/gowtham/crazyflie_ws/install/crazyflie_interfaces/include/crazyflie_interfaces/crazyflie_interfaces/srv/add_logging.hpp\n'}
[2.019267] (crazyflie_interfaces) StdoutLine: {'line': b'-- Up-to-date symlink: /home/gowtham/crazyflie_ws/install/crazyflie_interfaces/include/crazyflie_interfaces/crazyflie_interfaces/srv/arm.hpp\n'}
[2.019373] (crazyflie_interfaces) StdoutLine: {'line': b'-- Up-to-date symlink: /home/gowtham/crazyflie_ws/install/crazyflie_interfaces/include/crazyflie_interfaces/crazyflie_interfaces/srv/detail/add_logging__builder.hpp\n'}
[2.019462] (crazyflie_interfaces) StdoutLine: {'line': b'-- Up-to-date symlink: /home/gowtham/crazyflie_ws/install/crazyflie_interfaces/include/crazyflie_interfaces/crazyflie_interfaces/srv/detail/add_logging__struct.hpp\n'}
[2.019580] (crazyflie_interfaces) StdoutLine: {'line': b'-- Up-to-date symlink: /home/gowtham/crazyflie_ws/install/crazyflie_interfaces/include/crazyflie_interfaces/crazyflie_interfaces/srv/detail/add_logging__traits.hpp\n'}
[2.019672] (crazyflie_interfaces) StdoutLine: {'line': b'-- Up-to-date symlink: /home/gowtham/crazyflie_ws/install/crazyflie_interfaces/include/crazyflie_interfaces/crazyflie_interfaces/srv/detail/add_logging__type_support.hpp\n'}
[2.019774] (crazyflie_interfaces) StdoutLine: {'line': b'-- Up-to-date symlink: /home/gowtham/crazyflie_ws/install/crazyflie_interfaces/include/crazyflie_interfaces/crazyflie_interfaces/srv/detail/arm__builder.hpp\n'}
[2.019886] (crazyflie_interfaces) StdoutLine: {'line': b'-- Up-to-date symlink: /home/gowtham/crazyflie_ws/install/crazyflie_interfaces/include/crazyflie_interfaces/crazyflie_interfaces/srv/detail/arm__struct.hpp\n'}
[2.019988] (crazyflie_interfaces) StdoutLine: {'line': b'-- Up-to-date symlink: /home/gowtham/crazyflie_ws/install/crazyflie_interfaces/include/crazyflie_interfaces/crazyflie_interfaces/srv/detail/arm__traits.hpp\n'}
[2.020075] (crazyflie_interfaces) StdoutLine: {'line': b'-- Up-to-date symlink: /home/gowtham/crazyflie_ws/install/crazyflie_interfaces/include/crazyflie_interfaces/crazyflie_interfaces/srv/detail/arm__type_support.hpp\n'}
[2.020158] (crazyflie_interfaces) StdoutLine: {'line': b'-- Up-to-date symlink: /home/gowtham/crazyflie_ws/install/crazyflie_interfaces/include/crazyflie_interfaces/crazyflie_interfaces/srv/detail/go_to__builder.hpp\n'}
[2.020240] (crazyflie_interfaces) StdoutLine: {'line': b'-- Up-to-date symlink: /home/gowtham/crazyflie_ws/install/crazyflie_interfaces/include/crazyflie_interfaces/crazyflie_interfaces/srv/detail/go_to__struct.hpp\n'}
[2.020327] (crazyflie_interfaces) StdoutLine: {'line': b'-- Up-to-date symlink: /home/gowtham/crazyflie_ws/install/crazyflie_interfaces/include/crazyflie_interfaces/crazyflie_interfaces/srv/detail/go_to__traits.hpp\n'}
[2.020416] (crazyflie_interfaces) StdoutLine: {'line': b'-- Up-to-date symlink: /home/gowtham/crazyflie_ws/install/crazyflie_interfaces/include/crazyflie_interfaces/crazyflie_interfaces/srv/detail/go_to__type_support.hpp\n'}
[2.020535] (crazyflie_interfaces) StdoutLine: {'line': b'-- Up-to-date symlink: /home/gowtham/crazyflie_ws/install/crazyflie_interfaces/include/crazyflie_interfaces/crazyflie_interfaces/srv/detail/land__builder.hpp\n'}
[2.020650] (crazyflie_interfaces) StdoutLine: {'line': b'-- Up-to-date symlink: /home/gowtham/crazyflie_ws/install/crazyflie_interfaces/include/crazyflie_interfaces/crazyflie_interfaces/srv/detail/land__struct.hpp\n'}
[2.020751] (crazyflie_interfaces) StdoutLine: {'line': b'-- Up-to-date symlink: /home/gowtham/crazyflie_ws/install/crazyflie_interfaces/include/crazyflie_interfaces/crazyflie_interfaces/srv/detail/land__traits.hpp\n'}
[2.020863] (crazyflie_interfaces) StdoutLine: {'line': b'-- Up-to-date symlink: /home/gowtham/crazyflie_ws/install/crazyflie_interfaces/include/crazyflie_interfaces/crazyflie_interfaces/srv/detail/land__type_support.hpp\n'}
[2.020963] (crazyflie_interfaces) StdoutLine: {'line': b'-- Up-to-date symlink: /home/gowtham/crazyflie_ws/install/crazyflie_interfaces/include/crazyflie_interfaces/crazyflie_interfaces/srv/detail/notify_setpoints_stop__builder.hpp\n'}
[2.021076] (crazyflie_interfaces) StdoutLine: {'line': b'-- Up-to-date symlink: /home/gowtham/crazyflie_ws/install/crazyflie_interfaces/include/crazyflie_interfaces/crazyflie_interfaces/srv/detail/notify_setpoints_stop__struct.hpp\n'}
[2.021195] (crazyflie_interfaces) StdoutLine: {'line': b'-- Up-to-date symlink: /home/gowtham/crazyflie_ws/install/crazyflie_interfaces/include/crazyflie_interfaces/crazyflie_interfaces/srv/detail/notify_setpoints_stop__traits.hpp\n'}
[2.021297] (crazyflie_interfaces) StdoutLine: {'line': b'-- Up-to-date symlink: /home/gowtham/crazyflie_ws/install/crazyflie_interfaces/include/crazyflie_interfaces/crazyflie_interfaces/srv/detail/notify_setpoints_stop__type_support.hpp\n'}
[2.021407] (crazyflie_interfaces) StdoutLine: {'line': b'-- Up-to-date symlink: /home/gowtham/crazyflie_ws/install/crazyflie_interfaces/include/crazyflie_interfaces/crazyflie_interfaces/srv/detail/remove_logging__builder.hpp\n'}
[2.024656] (crazyflie_interfaces) StdoutLine: {'line': b'-- Up-to-date symlink: /home/gowtham/crazyflie_ws/install/crazyflie_interfaces/include/crazyflie_interfaces/crazyflie_interfaces/srv/detail/remove_logging__struct.hpp\n'}
[2.024798] (crazyflie_interfaces) StdoutLine: {'line': b'-- Up-to-date symlink: /home/gowtham/crazyflie_ws/install/crazyflie_interfaces/include/crazyflie_interfaces/crazyflie_interfaces/srv/detail/remove_logging__traits.hpp\n'}
[2.024907] (crazyflie_interfaces) StdoutLine: {'line': b'-- Up-to-date symlink: /home/gowtham/crazyflie_ws/install/crazyflie_interfaces/include/crazyflie_interfaces/crazyflie_interfaces/srv/detail/remove_logging__type_support.hpp\n'}
[2.025011] (crazyflie_interfaces) StdoutLine: {'line': b'-- Up-to-date symlink: /home/gowtham/crazyflie_ws/install/crazyflie_interfaces/include/crazyflie_interfaces/crazyflie_interfaces/srv/detail/set_group_mask__builder.hpp\n'}
[2.025115] (crazyflie_interfaces) StdoutLine: {'line': b'-- Up-to-date symlink: /home/gowtham/crazyflie_ws/install/crazyflie_interfaces/include/crazyflie_interfaces/crazyflie_interfaces/srv/detail/set_group_mask__struct.hpp\n'}
[2.025214] (crazyflie_interfaces) StdoutLine: {'line': b'-- Up-to-date symlink: /home/gowtham/crazyflie_ws/install/crazyflie_interfaces/include/crazyflie_interfaces/crazyflie_interfaces/srv/detail/set_group_mask__traits.hpp\n'}
[2.025309] (crazyflie_interfaces) StdoutLine: {'line': b'-- Up-to-date symlink: /home/gowtham/crazyflie_ws/install/crazyflie_interfaces/include/crazyflie_interfaces/crazyflie_interfaces/srv/detail/set_group_mask__type_support.hpp\n'}
[2.025406] (crazyflie_interfaces) StdoutLine: {'line': b'-- Up-to-date symlink: /home/gowtham/crazyflie_ws/install/crazyflie_interfaces/include/crazyflie_interfaces/crazyflie_interfaces/srv/detail/start_trajectory__builder.hpp\n'}
[2.025544] (crazyflie_interfaces) StdoutLine: {'line': b'-- Up-to-date symlink: /home/gowtham/crazyflie_ws/install/crazyflie_interfaces/include/crazyflie_interfaces/crazyflie_interfaces/srv/detail/start_trajectory__struct.hpp\n'}
[2.025677] (crazyflie_interfaces) StdoutLine: {'line': b'-- Up-to-date symlink: /home/gowtham/crazyflie_ws/install/crazyflie_interfaces/include/crazyflie_interfaces/crazyflie_interfaces/srv/detail/start_trajectory__traits.hpp\n'}
[2.025786] (crazyflie_interfaces) StdoutLine: {'line': b'-- Up-to-date symlink: /home/gowtham/crazyflie_ws/install/crazyflie_interfaces/include/crazyflie_interfaces/crazyflie_interfaces/srv/detail/start_trajectory__type_support.hpp\n'}
[2.025891] (crazyflie_interfaces) StdoutLine: {'line': b'-- Up-to-date symlink: /home/gowtham/crazyflie_ws/install/crazyflie_interfaces/include/crazyflie_interfaces/crazyflie_interfaces/srv/detail/stop__builder.hpp\n'}
[2.026011] (crazyflie_interfaces) StdoutLine: {'line': b'-- Up-to-date symlink: /home/gowtham/crazyflie_ws/install/crazyflie_interfaces/include/crazyflie_interfaces/crazyflie_interfaces/srv/detail/stop__struct.hpp\n'}
[2.026113] (crazyflie_interfaces) StdoutLine: {'line': b'-- Up-to-date symlink: /home/gowtham/crazyflie_ws/install/crazyflie_interfaces/include/crazyflie_interfaces/crazyflie_interfaces/srv/detail/stop__traits.hpp\n'}
[2.026206] (crazyflie_interfaces) StdoutLine: {'line': b'-- Up-to-date symlink: /home/gowtham/crazyflie_ws/install/crazyflie_interfaces/include/crazyflie_interfaces/crazyflie_interfaces/srv/detail/stop__type_support.hpp\n'}
[2.026312] (crazyflie_interfaces) StdoutLine: {'line': b'-- Up-to-date symlink: /home/gowtham/crazyflie_ws/install/crazyflie_interfaces/include/crazyflie_interfaces/crazyflie_interfaces/srv/detail/takeoff__builder.hpp\n'}
[2.026413] (crazyflie_interfaces) StdoutLine: {'line': b'-- Up-to-date symlink: /home/gowtham/crazyflie_ws/install/crazyflie_interfaces/include/crazyflie_interfaces/crazyflie_interfaces/srv/detail/takeoff__struct.hpp\n'}
[2.026566] (crazyflie_interfaces) StdoutLine: {'line': b'-- Up-to-date symlink: /home/gowtham/crazyflie_ws/install/crazyflie_interfaces/include/crazyflie_interfaces/crazyflie_interfaces/srv/detail/takeoff__traits.hpp\n'}
[2.026687] (crazyflie_interfaces) StdoutLine: {'line': b'-- Up-to-date symlink: /home/gowtham/crazyflie_ws/install/crazyflie_interfaces/include/crazyflie_interfaces/crazyflie_interfaces/srv/detail/takeoff__type_support.hpp\n'}
[2.026794] (crazyflie_interfaces) StdoutLine: {'line': b'-- Up-to-date symlink: /home/gowtham/crazyflie_ws/install/crazyflie_interfaces/include/crazyflie_interfaces/crazyflie_interfaces/srv/detail/update_params__builder.hpp\n'}
[2.026917] (crazyflie_interfaces) StdoutLine: {'line': b'-- Up-to-date symlink: /home/gowtham/crazyflie_ws/install/crazyflie_interfaces/include/crazyflie_interfaces/crazyflie_interfaces/srv/detail/update_params__struct.hpp\n'}
[2.027024] (crazyflie_interfaces) StdoutLine: {'line': b'-- Up-to-date symlink: /home/gowtham/crazyflie_ws/install/crazyflie_interfaces/include/crazyflie_interfaces/crazyflie_interfaces/srv/detail/update_params__traits.hpp\n'}
[2.027120] (crazyflie_interfaces) StdoutLine: {'line': b'-- Up-to-date symlink: /home/gowtham/crazyflie_ws/install/crazyflie_interfaces/include/crazyflie_interfaces/crazyflie_interfaces/srv/detail/update_params__type_support.hpp\n'}
[2.027235] (crazyflie_interfaces) StdoutLine: {'line': b'-- Up-to-date symlink: /home/gowtham/crazyflie_ws/install/crazyflie_interfaces/include/crazyflie_interfaces/crazyflie_interfaces/srv/detail/upload_trajectory__builder.hpp\n'}
[2.027342] (crazyflie_interfaces) StdoutLine: {'line': b'-- Up-to-date symlink: /home/gowtham/crazyflie_ws/install/crazyflie_interfaces/include/crazyflie_interfaces/crazyflie_interfaces/srv/detail/upload_trajectory__struct.hpp\n'}
[2.030571] (crazyflie_interfaces) StdoutLine: {'line': b'-- Up-to-date symlink: /home/gowtham/crazyflie_ws/install/crazyflie_interfaces/include/crazyflie_interfaces/crazyflie_interfaces/srv/detail/upload_trajectory__traits.hpp\n'}
[2.030825] (crazyflie_interfaces) StdoutLine: {'line': b'-- Up-to-date symlink: /home/gowtham/crazyflie_ws/install/crazyflie_interfaces/include/crazyflie_interfaces/crazyflie_interfaces/srv/detail/upload_trajectory__type_support.hpp\n'}
[2.030942] (crazyflie_interfaces) StdoutLine: {'line': b'-- Up-to-date symlink: /home/gowtham/crazyflie_ws/install/crazyflie_interfaces/include/crazyflie_interfaces/crazyflie_interfaces/srv/go_to.hpp\n'}
[2.031050] (crazyflie_interfaces) StdoutLine: {'line': b'-- Up-to-date symlink: /home/gowtham/crazyflie_ws/install/crazyflie_interfaces/include/crazyflie_interfaces/crazyflie_interfaces/srv/land.hpp\n'}
[2.031156] (crazyflie_interfaces) StdoutLine: {'line': b'-- Up-to-date symlink: /home/gowtham/crazyflie_ws/install/crazyflie_interfaces/include/crazyflie_interfaces/crazyflie_interfaces/srv/notify_setpoints_stop.hpp\n'}
[2.031276] (crazyflie_interfaces) StdoutLine: {'line': b'-- Up-to-date symlink: /home/gowtham/crazyflie_ws/install/crazyflie_interfaces/include/crazyflie_interfaces/crazyflie_interfaces/srv/remove_logging.hpp\n'}
[2.031383] (crazyflie_interfaces) StdoutLine: {'line': b'-- Up-to-date symlink: /home/gowtham/crazyflie_ws/install/crazyflie_interfaces/include/crazyflie_interfaces/crazyflie_interfaces/srv/set_group_mask.hpp\n'}
[2.031512] (crazyflie_interfaces) StdoutLine: {'line': b'-- Up-to-date symlink: /home/gowtham/crazyflie_ws/install/crazyflie_interfaces/include/crazyflie_interfaces/crazyflie_interfaces/srv/start_trajectory.hpp\n'}
[2.031628] (crazyflie_interfaces) StdoutLine: {'line': b'-- Up-to-date symlink: /home/gowtham/crazyflie_ws/install/crazyflie_interfaces/include/crazyflie_interfaces/crazyflie_interfaces/srv/stop.hpp\n'}
[2.031724] (crazyflie_interfaces) StdoutLine: {'line': b'-- Up-to-date symlink: /home/gowtham/crazyflie_ws/install/crazyflie_interfaces/include/crazyflie_interfaces/crazyflie_interfaces/srv/takeoff.hpp\n'}
[2.031831] (crazyflie_interfaces) StdoutLine: {'line': b'-- Up-to-date symlink: /home/gowtham/crazyflie_ws/install/crazyflie_interfaces/include/crazyflie_interfaces/crazyflie_interfaces/srv/update_params.hpp\n'}
[2.031938] (crazyflie_interfaces) StdoutLine: {'line': b'-- Up-to-date symlink: /home/gowtham/crazyflie_ws/install/crazyflie_interfaces/include/crazyflie_interfaces/crazyflie_interfaces/srv/upload_trajectory.hpp\n'}
[2.032046] (crazyflie_interfaces) StdoutLine: {'line': b'-- Up-to-date symlink: /home/gowtham/crazyflie_ws/install/crazyflie_interfaces/include/crazyflie_interfaces/crazyflie_interfaces/msg/detail/connection_statistics__rosidl_typesupport_fastrtps_cpp.hpp\n'}
[2.032155] (crazyflie_interfaces) StdoutLine: {'line': b'-- Up-to-date symlink: /home/gowtham/crazyflie_ws/install/crazyflie_interfaces/include/crazyflie_interfaces/crazyflie_interfaces/msg/detail/connection_statistics_array__rosidl_typesupport_fastrtps_cpp.hpp\n'}
[2.032260] (crazyflie_interfaces) StdoutLine: {'line': b'-- Up-to-date symlink: /home/gowtham/crazyflie_ws/install/crazyflie_interfaces/include/crazyflie_interfaces/crazyflie_interfaces/msg/detail/full_state__rosidl_typesupport_fastrtps_cpp.hpp\n'}
[2.032360] (crazyflie_interfaces) StdoutLine: {'line': b'-- Up-to-date symlink: /home/gowtham/crazyflie_ws/install/crazyflie_interfaces/include/crazyflie_interfaces/crazyflie_interfaces/msg/detail/hover__rosidl_typesupport_fastrtps_cpp.hpp\n'}
[2.032454] (crazyflie_interfaces) StdoutLine: {'line': b'-- Up-to-date symlink: /home/gowtham/crazyflie_ws/install/crazyflie_interfaces/include/crazyflie_interfaces/crazyflie_interfaces/msg/detail/log_block__rosidl_typesupport_fastrtps_cpp.hpp\n'}
[2.032576] (crazyflie_interfaces) StdoutLine: {'line': b'-- Up-to-date symlink: /home/gowtham/crazyflie_ws/install/crazyflie_interfaces/include/crazyflie_interfaces/crazyflie_interfaces/msg/detail/log_data_generic__rosidl_typesupport_fastrtps_cpp.hpp\n'}
[2.032682] (crazyflie_interfaces) StdoutLine: {'line': b'-- Up-to-date symlink: /home/gowtham/crazyflie_ws/install/crazyflie_interfaces/include/crazyflie_interfaces/crazyflie_interfaces/msg/detail/position__rosidl_typesupport_fastrtps_cpp.hpp\n'}
[2.032787] (crazyflie_interfaces) StdoutLine: {'line': b'-- Up-to-date symlink: /home/gowtham/crazyflie_ws/install/crazyflie_interfaces/include/crazyflie_interfaces/crazyflie_interfaces/msg/detail/status__rosidl_typesupport_fastrtps_cpp.hpp\n'}
[2.032887] (crazyflie_interfaces) StdoutLine: {'line': b'-- Up-to-date symlink: /home/gowtham/crazyflie_ws/install/crazyflie_interfaces/include/crazyflie_interfaces/crazyflie_interfaces/msg/detail/trajectory_polynomial_piece__rosidl_typesupport_fastrtps_cpp.hpp\n'}
[2.033015] (crazyflie_interfaces) StdoutLine: {'line': b'-- Up-to-date symlink: /home/gowtham/crazyflie_ws/install/crazyflie_interfaces/include/crazyflie_interfaces/crazyflie_interfaces/msg/detail/velocity_world__rosidl_typesupport_fastrtps_cpp.hpp\n'}
[2.033111] (crazyflie_interfaces) StdoutLine: {'line': b'-- Up-to-date symlink: /home/gowtham/crazyflie_ws/install/crazyflie_interfaces/include/crazyflie_interfaces/crazyflie_interfaces/msg/rosidl_typesupport_fastrtps_cpp__visibility_control.h\n'}
[2.033233] (crazyflie_interfaces) StdoutLine: {'line': b'-- Up-to-date symlink: /home/gowtham/crazyflie_ws/install/crazyflie_interfaces/include/crazyflie_interfaces/crazyflie_interfaces/srv/detail/add_logging__rosidl_typesupport_fastrtps_cpp.hpp\n'}
[2.033354] (crazyflie_interfaces) StdoutLine: {'line': b'-- Up-to-date symlink: /home/gowtham/crazyflie_ws/install/crazyflie_interfaces/include/crazyflie_interfaces/crazyflie_interfaces/srv/detail/arm__rosidl_typesupport_fastrtps_cpp.hpp\n'}
[2.033460] (crazyflie_interfaces) StdoutLine: {'line': b'-- Up-to-date symlink: /home/gowtham/crazyflie_ws/install/crazyflie_interfaces/include/crazyflie_interfaces/crazyflie_interfaces/srv/detail/go_to__rosidl_typesupport_fastrtps_cpp.hpp\n'}
[2.036763] (crazyflie_interfaces) StdoutLine: {'line': b'-- Up-to-date symlink: /home/gowtham/crazyflie_ws/install/crazyflie_interfaces/include/crazyflie_interfaces/crazyflie_interfaces/srv/detail/land__rosidl_typesupport_fastrtps_cpp.hpp\n'}
[2.036883] (crazyflie_interfaces) StdoutLine: {'line': b'-- Up-to-date symlink: /home/gowtham/crazyflie_ws/install/crazyflie_interfaces/include/crazyflie_interfaces/crazyflie_interfaces/srv/detail/notify_setpoints_stop__rosidl_typesupport_fastrtps_cpp.hpp\n'}
[2.036990] (crazyflie_interfaces) StdoutLine: {'line': b'-- Up-to-date symlink: /home/gowtham/crazyflie_ws/install/crazyflie_interfaces/include/crazyflie_interfaces/crazyflie_interfaces/srv/detail/remove_logging__rosidl_typesupport_fastrtps_cpp.hpp\n'}
[2.037097] (crazyflie_interfaces) StdoutLine: {'line': b'-- Up-to-date symlink: /home/gowtham/crazyflie_ws/install/crazyflie_interfaces/include/crazyflie_interfaces/crazyflie_interfaces/srv/detail/set_group_mask__rosidl_typesupport_fastrtps_cpp.hpp\n'}
[2.037203] (crazyflie_interfaces) StdoutLine: {'line': b'-- Up-to-date symlink: /home/gowtham/crazyflie_ws/install/crazyflie_interfaces/include/crazyflie_interfaces/crazyflie_interfaces/srv/detail/start_trajectory__rosidl_typesupport_fastrtps_cpp.hpp\n'}
[2.037313] (crazyflie_interfaces) StdoutLine: {'line': b'-- Up-to-date symlink: /home/gowtham/crazyflie_ws/install/crazyflie_interfaces/include/crazyflie_interfaces/crazyflie_interfaces/srv/detail/stop__rosidl_typesupport_fastrtps_cpp.hpp\n'}
[2.037420] (crazyflie_interfaces) StdoutLine: {'line': b'-- Up-to-date symlink: /home/gowtham/crazyflie_ws/install/crazyflie_interfaces/include/crazyflie_interfaces/crazyflie_interfaces/srv/detail/takeoff__rosidl_typesupport_fastrtps_cpp.hpp\n'}
[2.037552] (crazyflie_interfaces) StdoutLine: {'line': b'-- Up-to-date symlink: /home/gowtham/crazyflie_ws/install/crazyflie_interfaces/include/crazyflie_interfaces/crazyflie_interfaces/srv/detail/update_params__rosidl_typesupport_fastrtps_cpp.hpp\n'}
[2.037659] (crazyflie_interfaces) StdoutLine: {'line': b'-- Up-to-date symlink: /home/gowtham/crazyflie_ws/install/crazyflie_interfaces/include/crazyflie_interfaces/crazyflie_interfaces/srv/detail/upload_trajectory__rosidl_typesupport_fastrtps_cpp.hpp\n'}
[2.037763] (crazyflie_interfaces) StdoutLine: {'line': b'-- Up-to-date symlink: /home/gowtham/crazyflie_ws/install/crazyflie_interfaces/include/crazyflie_interfaces/crazyflie_interfaces/msg/detail/connection_statistics__rosidl_typesupport_introspection_c.h\n'}
[2.037867] (crazyflie_interfaces) StdoutLine: {'line': b'-- Up-to-date symlink: /home/gowtham/crazyflie_ws/install/crazyflie_interfaces/include/crazyflie_interfaces/crazyflie_interfaces/msg/detail/connection_statistics_array__rosidl_typesupport_introspection_c.h\n'}
[2.037976] (crazyflie_interfaces) StdoutLine: {'line': b'-- Up-to-date symlink: /home/gowtham/crazyflie_ws/install/crazyflie_interfaces/include/crazyflie_interfaces/crazyflie_interfaces/msg/detail/full_state__rosidl_typesupport_introspection_c.h\n'}
[2.038077] (crazyflie_interfaces) StdoutLine: {'line': b'-- Up-to-date symlink: /home/gowtham/crazyflie_ws/install/crazyflie_interfaces/include/crazyflie_interfaces/crazyflie_interfaces/msg/detail/hover__rosidl_typesupport_introspection_c.h\n'}
[2.038203] (crazyflie_interfaces) StdoutLine: {'line': b'-- Up-to-date symlink: /home/gowtham/crazyflie_ws/install/crazyflie_interfaces/include/crazyflie_interfaces/crazyflie_interfaces/msg/detail/log_block__rosidl_typesupport_introspection_c.h\n'}
[2.038306] (crazyflie_interfaces) StdoutLine: {'line': b'-- Up-to-date symlink: /home/gowtham/crazyflie_ws/install/crazyflie_interfaces/include/crazyflie_interfaces/crazyflie_interfaces/msg/detail/log_data_generic__rosidl_typesupport_introspection_c.h\n'}
[2.038407] (crazyflie_interfaces) StdoutLine: {'line': b'-- Up-to-date symlink: /home/gowtham/crazyflie_ws/install/crazyflie_interfaces/include/crazyflie_interfaces/crazyflie_interfaces/msg/detail/position__rosidl_typesupport_introspection_c.h\n'}
[2.038532] (crazyflie_interfaces) StdoutLine: {'line': b'-- Up-to-date symlink: /home/gowtham/crazyflie_ws/install/crazyflie_interfaces/include/crazyflie_interfaces/crazyflie_interfaces/msg/detail/status__rosidl_typesupport_introspection_c.h\n'}
[2.038643] (crazyflie_interfaces) StdoutLine: {'line': b'-- Up-to-date symlink: /home/gowtham/crazyflie_ws/install/crazyflie_interfaces/include/crazyflie_interfaces/crazyflie_interfaces/msg/detail/trajectory_polynomial_piece__rosidl_typesupport_introspection_c.h\n'}
[2.038785] (crazyflie_interfaces) StdoutLine: {'line': b'-- Up-to-date symlink: /home/gowtham/crazyflie_ws/install/crazyflie_interfaces/include/crazyflie_interfaces/crazyflie_interfaces/msg/detail/velocity_world__rosidl_typesupport_introspection_c.h\n'}
[2.038899] (crazyflie_interfaces) StdoutLine: {'line': b'-- Up-to-date symlink: /home/gowtham/crazyflie_ws/install/crazyflie_interfaces/include/crazyflie_interfaces/crazyflie_interfaces/msg/rosidl_typesupport_introspection_c__visibility_control.h\n'}
[2.038996] (crazyflie_interfaces) StdoutLine: {'line': b'-- Up-to-date symlink: /home/gowtham/crazyflie_ws/install/crazyflie_interfaces/include/crazyflie_interfaces/crazyflie_interfaces/srv/detail/add_logging__rosidl_typesupport_introspection_c.h\n'}
[2.039087] (crazyflie_interfaces) StdoutLine: {'line': b'-- Up-to-date symlink: /home/gowtham/crazyflie_ws/install/crazyflie_interfaces/include/crazyflie_interfaces/crazyflie_interfaces/srv/detail/arm__rosidl_typesupport_introspection_c.h\n'}
[2.039180] (crazyflie_interfaces) StdoutLine: {'line': b'-- Up-to-date symlink: /home/gowtham/crazyflie_ws/install/crazyflie_interfaces/include/crazyflie_interfaces/crazyflie_interfaces/srv/detail/go_to__rosidl_typesupport_introspection_c.h\n'}
[2.039276] (crazyflie_interfaces) StdoutLine: {'line': b'-- Up-to-date symlink: /home/gowtham/crazyflie_ws/install/crazyflie_interfaces/include/crazyflie_interfaces/crazyflie_interfaces/srv/detail/land__rosidl_typesupport_introspection_c.h\n'}
[2.039371] (crazyflie_interfaces) StdoutLine: {'line': b'-- Up-to-date symlink: /home/gowtham/crazyflie_ws/install/crazyflie_interfaces/include/crazyflie_interfaces/crazyflie_interfaces/srv/detail/notify_setpoints_stop__rosidl_typesupport_introspection_c.h\n'}
[2.042540] (crazyflie_interfaces) StdoutLine: {'line': b'-- Up-to-date symlink: /home/gowtham/crazyflie_ws/install/crazyflie_interfaces/include/crazyflie_interfaces/crazyflie_interfaces/srv/detail/remove_logging__rosidl_typesupport_introspection_c.h\n'}
[2.042781] (crazyflie_interfaces) StdoutLine: {'line': b'-- Up-to-date symlink: /home/gowtham/crazyflie_ws/install/crazyflie_interfaces/include/crazyflie_interfaces/crazyflie_interfaces/srv/detail/set_group_mask__rosidl_typesupport_introspection_c.h\n'}
[2.042894] (crazyflie_interfaces) StdoutLine: {'line': b'-- Up-to-date symlink: /home/gowtham/crazyflie_ws/install/crazyflie_interfaces/include/crazyflie_interfaces/crazyflie_interfaces/srv/detail/start_trajectory__rosidl_typesupport_introspection_c.h\n'}
[2.043001] (crazyflie_interfaces) StdoutLine: {'line': b'-- Up-to-date symlink: /home/gowtham/crazyflie_ws/install/crazyflie_interfaces/include/crazyflie_interfaces/crazyflie_interfaces/srv/detail/stop__rosidl_typesupport_introspection_c.h\n'}
[2.043136] (crazyflie_interfaces) StdoutLine: {'line': b'-- Up-to-date symlink: /home/gowtham/crazyflie_ws/install/crazyflie_interfaces/include/crazyflie_interfaces/crazyflie_interfaces/srv/detail/takeoff__rosidl_typesupport_introspection_c.h\n'}
[2.043246] (crazyflie_interfaces) StdoutLine: {'line': b'-- Up-to-date symlink: /home/gowtham/crazyflie_ws/install/crazyflie_interfaces/include/crazyflie_interfaces/crazyflie_interfaces/srv/detail/update_params__rosidl_typesupport_introspection_c.h\n'}
[2.043371] (crazyflie_interfaces) StdoutLine: {'line': b'-- Up-to-date symlink: /home/gowtham/crazyflie_ws/install/crazyflie_interfaces/include/crazyflie_interfaces/crazyflie_interfaces/srv/detail/upload_trajectory__rosidl_typesupport_introspection_c.h\n'}
[2.043490] (crazyflie_interfaces) StdoutLine: {'line': b'-- Up-to-date symlink: /home/gowtham/crazyflie_ws/install/crazyflie_interfaces/include/crazyflie_interfaces/crazyflie_interfaces/msg/detail/connection_statistics__rosidl_typesupport_introspection_cpp.hpp\n'}
[2.043613] (crazyflie_interfaces) StdoutLine: {'line': b'-- Up-to-date symlink: /home/gowtham/crazyflie_ws/install/crazyflie_interfaces/include/crazyflie_interfaces/crazyflie_interfaces/msg/detail/connection_statistics_array__rosidl_typesupport_introspection_cpp.hpp\n'}
[2.043716] (crazyflie_interfaces) StdoutLine: {'line': b'-- Up-to-date symlink: /home/gowtham/crazyflie_ws/install/crazyflie_interfaces/include/crazyflie_interfaces/crazyflie_interfaces/msg/detail/full_state__rosidl_typesupport_introspection_cpp.hpp\n'}
[2.043826] (crazyflie_interfaces) StdoutLine: {'line': b'-- Up-to-date symlink: /home/gowtham/crazyflie_ws/install/crazyflie_interfaces/include/crazyflie_interfaces/crazyflie_interfaces/msg/detail/hover__rosidl_typesupport_introspection_cpp.hpp\n'}
[2.043949] (crazyflie_interfaces) StdoutLine: {'line': b'-- Up-to-date symlink: /home/gowtham/crazyflie_ws/install/crazyflie_interfaces/include/crazyflie_interfaces/crazyflie_interfaces/msg/detail/log_block__rosidl_typesupport_introspection_cpp.hpp\n'}
[2.044050] (crazyflie_interfaces) StdoutLine: {'line': b'-- Up-to-date symlink: /home/gowtham/crazyflie_ws/install/crazyflie_interfaces/include/crazyflie_interfaces/crazyflie_interfaces/msg/detail/log_data_generic__rosidl_typesupport_introspection_cpp.hpp\n'}
[2.044168] (crazyflie_interfaces) StdoutLine: {'line': b'-- Up-to-date symlink: /home/gowtham/crazyflie_ws/install/crazyflie_interfaces/include/crazyflie_interfaces/crazyflie_interfaces/msg/detail/position__rosidl_typesupport_introspection_cpp.hpp\n'}
[2.044271] (crazyflie_interfaces) StdoutLine: {'line': b'-- Up-to-date symlink: /home/gowtham/crazyflie_ws/install/crazyflie_interfaces/include/crazyflie_interfaces/crazyflie_interfaces/msg/detail/status__rosidl_typesupport_introspection_cpp.hpp\n'}
[2.044395] (crazyflie_interfaces) StdoutLine: {'line': b'-- Up-to-date symlink: /home/gowtham/crazyflie_ws/install/crazyflie_interfaces/include/crazyflie_interfaces/crazyflie_interfaces/msg/detail/trajectory_polynomial_piece__rosidl_typesupport_introspection_cpp.hpp\n'}
[2.044527] (crazyflie_interfaces) StdoutLine: {'line': b'-- Up-to-date symlink: /home/gowtham/crazyflie_ws/install/crazyflie_interfaces/include/crazyflie_interfaces/crazyflie_interfaces/msg/detail/velocity_world__rosidl_typesupport_introspection_cpp.hpp\n'}
[2.044651] (crazyflie_interfaces) StdoutLine: {'line': b'-- Up-to-date symlink: /home/gowtham/crazyflie_ws/install/crazyflie_interfaces/include/crazyflie_interfaces/crazyflie_interfaces/srv/detail/add_logging__rosidl_typesupport_introspection_cpp.hpp\n'}
[2.044757] (crazyflie_interfaces) StdoutLine: {'line': b'-- Up-to-date symlink: /home/gowtham/crazyflie_ws/install/crazyflie_interfaces/include/crazyflie_interfaces/crazyflie_interfaces/srv/detail/arm__rosidl_typesupport_introspection_cpp.hpp\n'}
[2.044861] (crazyflie_interfaces) StdoutLine: {'line': b'-- Up-to-date symlink: /home/gowtham/crazyflie_ws/install/crazyflie_interfaces/include/crazyflie_interfaces/crazyflie_interfaces/srv/detail/go_to__rosidl_typesupport_introspection_cpp.hpp\n'}
[2.044982] (crazyflie_interfaces) StdoutLine: {'line': b'-- Up-to-date symlink: /home/gowtham/crazyflie_ws/install/crazyflie_interfaces/include/crazyflie_interfaces/crazyflie_interfaces/srv/detail/land__rosidl_typesupport_introspection_cpp.hpp\n'}
[2.045090] (crazyflie_interfaces) StdoutLine: {'line': b'-- Up-to-date symlink: /home/gowtham/crazyflie_ws/install/crazyflie_interfaces/include/crazyflie_interfaces/crazyflie_interfaces/srv/detail/notify_setpoints_stop__rosidl_typesupport_introspection_cpp.hpp\n'}
[2.045195] (crazyflie_interfaces) StdoutLine: {'line': b'-- Up-to-date symlink: /home/gowtham/crazyflie_ws/install/crazyflie_interfaces/include/crazyflie_interfaces/crazyflie_interfaces/srv/detail/remove_logging__rosidl_typesupport_introspection_cpp.hpp\n'}
[2.045315] (crazyflie_interfaces) StdoutLine: {'line': b'-- Up-to-date symlink: /home/gowtham/crazyflie_ws/install/crazyflie_interfaces/include/crazyflie_interfaces/crazyflie_interfaces/srv/detail/set_group_mask__rosidl_typesupport_introspection_cpp.hpp\n'}
[2.045440] (crazyflie_interfaces) StdoutLine: {'line': b'-- Up-to-date symlink: /home/gowtham/crazyflie_ws/install/crazyflie_interfaces/include/crazyflie_interfaces/crazyflie_interfaces/srv/detail/start_trajectory__rosidl_typesupport_introspection_cpp.hpp\n'}
[2.049004] (crazyflie_interfaces) StdoutLine: {'line': b'-- Up-to-date symlink: /home/gowtham/crazyflie_ws/install/crazyflie_interfaces/include/crazyflie_interfaces/crazyflie_interfaces/srv/detail/stop__rosidl_typesupport_introspection_cpp.hpp\n'}
[2.049149] (crazyflie_interfaces) StdoutLine: {'line': b'-- Up-to-date symlink: /home/gowtham/crazyflie_ws/install/crazyflie_interfaces/include/crazyflie_interfaces/crazyflie_interfaces/srv/detail/takeoff__rosidl_typesupport_introspection_cpp.hpp\n'}
[2.049262] (crazyflie_interfaces) StdoutLine: {'line': b'-- Up-to-date symlink: /home/gowtham/crazyflie_ws/install/crazyflie_interfaces/include/crazyflie_interfaces/crazyflie_interfaces/srv/detail/update_params__rosidl_typesupport_introspection_cpp.hpp\n'}
[2.049372] (crazyflie_interfaces) StdoutLine: {'line': b'-- Up-to-date symlink: /home/gowtham/crazyflie_ws/install/crazyflie_interfaces/include/crazyflie_interfaces/crazyflie_interfaces/srv/detail/upload_trajectory__rosidl_typesupport_introspection_cpp.hpp\n'}
[2.049495] (crazyflie_interfaces) StdoutLine: {'line': b'-- Up-to-date symlink: /home/gowtham/crazyflie_ws/install/crazyflie_interfaces/share/crazyflie_interfaces/environment/pythonpath.sh\n'}
[2.049611] (crazyflie_interfaces) StdoutLine: {'line': b'-- Up-to-date symlink: /home/gowtham/crazyflie_ws/install/crazyflie_interfaces/share/crazyflie_interfaces/environment/pythonpath.dsv\n'}
[2.049700] (crazyflie_interfaces) StdoutLine: {'line': b'-- Up-to-date symlink: /home/gowtham/crazyflie_ws/install/crazyflie_interfaces/local/lib/python3.10/dist-packages/crazyflie_interfaces-1.0.3-py3.10.egg-info/PKG-INFO\n'}
[2.049790] (crazyflie_interfaces) StdoutLine: {'line': b'-- Up-to-date symlink: /home/gowtham/crazyflie_ws/install/crazyflie_interfaces/local/lib/python3.10/dist-packages/crazyflie_interfaces-1.0.3-py3.10.egg-info/SOURCES.txt\n'}
[2.049883] (crazyflie_interfaces) StdoutLine: {'line': b'-- Up-to-date symlink: /home/gowtham/crazyflie_ws/install/crazyflie_interfaces/local/lib/python3.10/dist-packages/crazyflie_interfaces-1.0.3-py3.10.egg-info/dependency_links.txt\n'}
[2.050001] (crazyflie_interfaces) StdoutLine: {'line': b'-- Up-to-date symlink: /home/gowtham/crazyflie_ws/install/crazyflie_interfaces/local/lib/python3.10/dist-packages/crazyflie_interfaces-1.0.3-py3.10.egg-info/top_level.txt\n'}
[2.050122] (crazyflie_interfaces) StdoutLine: {'line': b'-- Up-to-date symlink: /home/gowtham/crazyflie_ws/install/crazyflie_interfaces/local/lib/python3.10/dist-packages/crazyflie_interfaces/__init__.py\n'}
[2.050222] (crazyflie_interfaces) StdoutLine: {'line': b'-- Up-to-date symlink: /home/gowtham/crazyflie_ws/install/crazyflie_interfaces/local/lib/python3.10/dist-packages/crazyflie_interfaces/_crazyflie_interfaces_s.ep.rosidl_typesupport_c.c\n'}
[2.050333] (crazyflie_interfaces) StdoutLine: {'line': b'-- Up-to-date symlink: /home/gowtham/crazyflie_ws/install/crazyflie_interfaces/local/lib/python3.10/dist-packages/crazyflie_interfaces/_crazyflie_interfaces_s.ep.rosidl_typesupport_fastrtps_c.c\n'}
[2.050450] (crazyflie_interfaces) StdoutLine: {'line': b'-- Up-to-date symlink: /home/gowtham/crazyflie_ws/install/crazyflie_interfaces/local/lib/python3.10/dist-packages/crazyflie_interfaces/_crazyflie_interfaces_s.ep.rosidl_typesupport_introspection_c.c\n'}
[2.050582] (crazyflie_interfaces) StdoutLine: {'line': b'-- Up-to-date symlink: /home/gowtham/crazyflie_ws/install/crazyflie_interfaces/local/lib/python3.10/dist-packages/crazyflie_interfaces/crazyflie_interfaces_s__rosidl_typesupport_c.cpython-310-x86_64-linux-gnu.so\n'}
[2.050690] (crazyflie_interfaces) StdoutLine: {'line': b'-- Up-to-date symlink: /home/gowtham/crazyflie_ws/install/crazyflie_interfaces/local/lib/python3.10/dist-packages/crazyflie_interfaces/crazyflie_interfaces_s__rosidl_typesupport_fastrtps_c.cpython-310-x86_64-linux-gnu.so\n'}
[2.050803] (crazyflie_interfaces) StdoutLine: {'line': b'-- Up-to-date symlink: /home/gowtham/crazyflie_ws/install/crazyflie_interfaces/local/lib/python3.10/dist-packages/crazyflie_interfaces/crazyflie_interfaces_s__rosidl_typesupport_introspection_c.cpython-310-x86_64-linux-gnu.so\n'}
[2.050912] (crazyflie_interfaces) StdoutLine: {'line': b'-- Up-to-date symlink: /home/gowtham/crazyflie_ws/install/crazyflie_interfaces/local/lib/python3.10/dist-packages/crazyflie_interfaces/libcrazyflie_interfaces__rosidl_generator_py.so\n'}
[2.051020] (crazyflie_interfaces) StdoutLine: {'line': b'-- Up-to-date symlink: /home/gowtham/crazyflie_ws/install/crazyflie_interfaces/local/lib/python3.10/dist-packages/crazyflie_interfaces/msg/__init__.py\n'}
[2.051129] (crazyflie_interfaces) StdoutLine: {'line': b'-- Up-to-date symlink: /home/gowtham/crazyflie_ws/install/crazyflie_interfaces/local/lib/python3.10/dist-packages/crazyflie_interfaces/msg/_connection_statistics.py\n'}
[2.051236] (crazyflie_interfaces) StdoutLine: {'line': b'-- Up-to-date symlink: /home/gowtham/crazyflie_ws/install/crazyflie_interfaces/local/lib/python3.10/dist-packages/crazyflie_interfaces/msg/_connection_statistics_array.py\n'}
[2.051342] (crazyflie_interfaces) StdoutLine: {'line': b'-- Up-to-date symlink: /home/gowtham/crazyflie_ws/install/crazyflie_interfaces/local/lib/python3.10/dist-packages/crazyflie_interfaces/msg/_connection_statistics_array_s.c\n'}
[2.051443] (crazyflie_interfaces) StdoutLine: {'line': b'-- Up-to-date symlink: /home/gowtham/crazyflie_ws/install/crazyflie_interfaces/local/lib/python3.10/dist-packages/crazyflie_interfaces/msg/_connection_statistics_s.c\n'}
[2.051582] (crazyflie_interfaces) StdoutLine: {'line': b'-- Up-to-date symlink: /home/gowtham/crazyflie_ws/install/crazyflie_interfaces/local/lib/python3.10/dist-packages/crazyflie_interfaces/msg/_full_state.py\n'}
[2.051693] (crazyflie_interfaces) StdoutLine: {'line': b'-- Up-to-date symlink: /home/gowtham/crazyflie_ws/install/crazyflie_interfaces/local/lib/python3.10/dist-packages/crazyflie_interfaces/msg/_full_state_s.c\n'}
[2.051799] (crazyflie_interfaces) StdoutLine: {'line': b'-- Up-to-date symlink: /home/gowtham/crazyflie_ws/install/crazyflie_interfaces/local/lib/python3.10/dist-packages/crazyflie_interfaces/msg/_hover.py\n'}
[2.051905] (crazyflie_interfaces) StdoutLine: {'line': b'-- Up-to-date symlink: /home/gowtham/crazyflie_ws/install/crazyflie_interfaces/local/lib/python3.10/dist-packages/crazyflie_interfaces/msg/_hover_s.c\n'}
[2.052018] (crazyflie_interfaces) StdoutLine: {'line': b'-- Up-to-date symlink: /home/gowtham/crazyflie_ws/install/crazyflie_interfaces/local/lib/python3.10/dist-packages/crazyflie_interfaces/msg/_log_block.py\n'}
[2.052115] (crazyflie_interfaces) StdoutLine: {'line': b'-- Up-to-date symlink: /home/gowtham/crazyflie_ws/install/crazyflie_interfaces/local/lib/python3.10/dist-packages/crazyflie_interfaces/msg/_log_block_s.c\n'}
[2.052219] (crazyflie_interfaces) StdoutLine: {'line': b'-- Up-to-date symlink: /home/gowtham/crazyflie_ws/install/crazyflie_interfaces/local/lib/python3.10/dist-packages/crazyflie_interfaces/msg/_log_data_generic.py\n'}
[2.052338] (crazyflie_interfaces) StdoutLine: {'line': b'-- Up-to-date symlink: /home/gowtham/crazyflie_ws/install/crazyflie_interfaces/local/lib/python3.10/dist-packages/crazyflie_interfaces/msg/_log_data_generic_s.c\n'}
[2.052444] (crazyflie_interfaces) StdoutLine: {'line': b'-- Up-to-date symlink: /home/gowtham/crazyflie_ws/install/crazyflie_interfaces/local/lib/python3.10/dist-packages/crazyflie_interfaces/msg/_position.py\n'}
[2.052571] (crazyflie_interfaces) StdoutLine: {'line': b'-- Up-to-date symlink: /home/gowtham/crazyflie_ws/install/crazyflie_interfaces/local/lib/python3.10/dist-packages/crazyflie_interfaces/msg/_position_s.c\n'}
[2.052679] (crazyflie_interfaces) StdoutLine: {'line': b'-- Up-to-date symlink: /home/gowtham/crazyflie_ws/install/crazyflie_interfaces/local/lib/python3.10/dist-packages/crazyflie_interfaces/msg/_status.py\n'}
[2.052786] (crazyflie_interfaces) StdoutLine: {'line': b'-- Up-to-date symlink: /home/gowtham/crazyflie_ws/install/crazyflie_interfaces/local/lib/python3.10/dist-packages/crazyflie_interfaces/msg/_status_s.c\n'}
[2.052894] (crazyflie_interfaces) StdoutLine: {'line': b'-- Up-to-date symlink: /home/gowtham/crazyflie_ws/install/crazyflie_interfaces/local/lib/python3.10/dist-packages/crazyflie_interfaces/msg/_trajectory_polynomial_piece.py\n'}
[2.053009] (crazyflie_interfaces) StdoutLine: {'line': b'-- Up-to-date symlink: /home/gowtham/crazyflie_ws/install/crazyflie_interfaces/local/lib/python3.10/dist-packages/crazyflie_interfaces/msg/_trajectory_polynomial_piece_s.c\n'}
[2.053164] (crazyflie_interfaces) StdoutLine: {'line': b'-- Up-to-date symlink: /home/gowtham/crazyflie_ws/install/crazyflie_interfaces/local/lib/python3.10/dist-packages/crazyflie_interfaces/msg/_velocity_world.py\n'}
[2.053276] (crazyflie_interfaces) StdoutLine: {'line': b'-- Up-to-date symlink: /home/gowtham/crazyflie_ws/install/crazyflie_interfaces/local/lib/python3.10/dist-packages/crazyflie_interfaces/msg/_velocity_world_s.c\n'}
[2.053379] (crazyflie_interfaces) StdoutLine: {'line': b'-- Up-to-date symlink: /home/gowtham/crazyflie_ws/install/crazyflie_interfaces/local/lib/python3.10/dist-packages/crazyflie_interfaces/srv/__init__.py\n'}
[2.053501] (crazyflie_interfaces) StdoutLine: {'line': b'-- Up-to-date symlink: /home/gowtham/crazyflie_ws/install/crazyflie_interfaces/local/lib/python3.10/dist-packages/crazyflie_interfaces/srv/_add_logging.py\n'}
[2.053629] (crazyflie_interfaces) StdoutLine: {'line': b'-- Up-to-date symlink: /home/gowtham/crazyflie_ws/install/crazyflie_interfaces/local/lib/python3.10/dist-packages/crazyflie_interfaces/srv/_add_logging_s.c\n'}
[2.053743] (crazyflie_interfaces) StdoutLine: {'line': b'-- Up-to-date symlink: /home/gowtham/crazyflie_ws/install/crazyflie_interfaces/local/lib/python3.10/dist-packages/crazyflie_interfaces/srv/_arm.py\n'}
[2.053849] (crazyflie_interfaces) StdoutLine: {'line': b'-- Up-to-date symlink: /home/gowtham/crazyflie_ws/install/crazyflie_interfaces/local/lib/python3.10/dist-packages/crazyflie_interfaces/srv/_arm_s.c\n'}
[2.053956] (crazyflie_interfaces) StdoutLine: {'line': b'-- Up-to-date symlink: /home/gowtham/crazyflie_ws/install/crazyflie_interfaces/local/lib/python3.10/dist-packages/crazyflie_interfaces/srv/_go_to.py\n'}
[2.054062] (crazyflie_interfaces) StdoutLine: {'line': b'-- Up-to-date symlink: /home/gowtham/crazyflie_ws/install/crazyflie_interfaces/local/lib/python3.10/dist-packages/crazyflie_interfaces/srv/_go_to_s.c\n'}
[2.054163] (crazyflie_interfaces) StdoutLine: {'line': b'-- Up-to-date symlink: /home/gowtham/crazyflie_ws/install/crazyflie_interfaces/local/lib/python3.10/dist-packages/crazyflie_interfaces/srv/_land.py\n'}
[2.054267] (crazyflie_interfaces) StdoutLine: {'line': b'-- Up-to-date symlink: /home/gowtham/crazyflie_ws/install/crazyflie_interfaces/local/lib/python3.10/dist-packages/crazyflie_interfaces/srv/_land_s.c\n'}
[2.054371] (crazyflie_interfaces) StdoutLine: {'line': b'-- Up-to-date symlink: /home/gowtham/crazyflie_ws/install/crazyflie_interfaces/local/lib/python3.10/dist-packages/crazyflie_interfaces/srv/_notify_setpoints_stop.py\n'}
[2.057725] (crazyflie_interfaces) StdoutLine: {'line': b'-- Up-to-date symlink: /home/gowtham/crazyflie_ws/install/crazyflie_interfaces/local/lib/python3.10/dist-packages/crazyflie_interfaces/srv/_notify_setpoints_stop_s.c\n'}
[2.057925] (crazyflie_interfaces) StdoutLine: {'line': b'-- Up-to-date symlink: /home/gowtham/crazyflie_ws/install/crazyflie_interfaces/local/lib/python3.10/dist-packages/crazyflie_interfaces/srv/_remove_logging.py\n'}
[2.058037] (crazyflie_interfaces) StdoutLine: {'line': b'-- Up-to-date symlink: /home/gowtham/crazyflie_ws/install/crazyflie_interfaces/local/lib/python3.10/dist-packages/crazyflie_interfaces/srv/_remove_logging_s.c\n'}
[2.058142] (crazyflie_interfaces) StdoutLine: {'line': b'-- Up-to-date symlink: /home/gowtham/crazyflie_ws/install/crazyflie_interfaces/local/lib/python3.10/dist-packages/crazyflie_interfaces/srv/_set_group_mask.py\n'}
[2.058246] (crazyflie_interfaces) StdoutLine: {'line': b'-- Up-to-date symlink: /home/gowtham/crazyflie_ws/install/crazyflie_interfaces/local/lib/python3.10/dist-packages/crazyflie_interfaces/srv/_set_group_mask_s.c\n'}
[2.058346] (crazyflie_interfaces) StdoutLine: {'line': b'-- Up-to-date symlink: /home/gowtham/crazyflie_ws/install/crazyflie_interfaces/local/lib/python3.10/dist-packages/crazyflie_interfaces/srv/_start_trajectory.py\n'}
[2.058441] (crazyflie_interfaces) StdoutLine: {'line': b'-- Up-to-date symlink: /home/gowtham/crazyflie_ws/install/crazyflie_interfaces/local/lib/python3.10/dist-packages/crazyflie_interfaces/srv/_start_trajectory_s.c\n'}
[2.058583] (crazyflie_interfaces) StdoutLine: {'line': b'-- Up-to-date symlink: /home/gowtham/crazyflie_ws/install/crazyflie_interfaces/local/lib/python3.10/dist-packages/crazyflie_interfaces/srv/_stop.py\n'}
[2.058687] (crazyflie_interfaces) StdoutLine: {'line': b'-- Up-to-date symlink: /home/gowtham/crazyflie_ws/install/crazyflie_interfaces/local/lib/python3.10/dist-packages/crazyflie_interfaces/srv/_stop_s.c\n'}
[2.058806] (crazyflie_interfaces) StdoutLine: {'line': b'-- Up-to-date symlink: /home/gowtham/crazyflie_ws/install/crazyflie_interfaces/local/lib/python3.10/dist-packages/crazyflie_interfaces/srv/_takeoff.py\n'}
[2.058924] (crazyflie_interfaces) StdoutLine: {'line': b'-- Up-to-date symlink: /home/gowtham/crazyflie_ws/install/crazyflie_interfaces/local/lib/python3.10/dist-packages/crazyflie_interfaces/srv/_takeoff_s.c\n'}
[2.059028] (crazyflie_interfaces) StdoutLine: {'line': b'-- Up-to-date symlink: /home/gowtham/crazyflie_ws/install/crazyflie_interfaces/local/lib/python3.10/dist-packages/crazyflie_interfaces/srv/_update_params.py\n'}
[2.059129] (crazyflie_interfaces) StdoutLine: {'line': b'-- Up-to-date symlink: /home/gowtham/crazyflie_ws/install/crazyflie_interfaces/local/lib/python3.10/dist-packages/crazyflie_interfaces/srv/_update_params_s.c\n'}
[2.059238] (crazyflie_interfaces) StdoutLine: {'line': b'-- Up-to-date symlink: /home/gowtham/crazyflie_ws/install/crazyflie_interfaces/local/lib/python3.10/dist-packages/crazyflie_interfaces/srv/_upload_trajectory.py\n'}
[2.059369] (crazyflie_interfaces) StdoutLine: {'line': b'-- Up-to-date symlink: /home/gowtham/crazyflie_ws/install/crazyflie_interfaces/local/lib/python3.10/dist-packages/crazyflie_interfaces/srv/_upload_trajectory_s.c\n'}
[2.059490] (crazyflie_interfaces) StdoutLine: {'line': b'-- Up-to-date symlink: /home/gowtham/crazyflie_ws/install/crazyflie_interfaces/local/lib/python3.10/dist-packages/crazyflie_interfaces/crazyflie_interfaces_s__rosidl_typesupport_fastrtps_c.cpython-310-x86_64-linux-gnu.so\n'}
[2.059631] (crazyflie_interfaces) StdoutLine: {'line': b'-- Up-to-date symlink: /home/gowtham/crazyflie_ws/install/crazyflie_interfaces/local/lib/python3.10/dist-packages/crazyflie_interfaces/crazyflie_interfaces_s__rosidl_typesupport_introspection_c.cpython-310-x86_64-linux-gnu.so\n'}
[2.059748] (crazyflie_interfaces) StdoutLine: {'line': b'-- Up-to-date symlink: /home/gowtham/crazyflie_ws/install/crazyflie_interfaces/local/lib/python3.10/dist-packages/crazyflie_interfaces/crazyflie_interfaces_s__rosidl_typesupport_c.cpython-310-x86_64-linux-gnu.so\n'}
[2.059875] (crazyflie_interfaces) StdoutLine: {'line': b'-- Up-to-date symlink: /home/gowtham/crazyflie_ws/install/crazyflie_interfaces/share/ament_index/resource_index/rust_packages/crazyflie_interfaces\n'}
[2.059978] (crazyflie_interfaces) StdoutLine: {'line': b'-- Up-to-date symlink: /home/gowtham/crazyflie_ws/install/crazyflie_interfaces/share/crazyflie_interfaces/rust/Cargo.toml\n'}
[2.060311] (crazyflie_interfaces) StdoutLine: {'line': b'-- Up-to-date symlink: /home/gowtham/crazyflie_ws/install/crazyflie_interfaces/share/crazyflie_interfaces/rust/build.rs\n'}
[2.060829] (crazyflie_interfaces) StdoutLine: {'line': b'-- Up-to-date symlink: /home/gowtham/crazyflie_ws/install/crazyflie_interfaces/share/crazyflie_interfaces/rust/src/lib.rs\n'}
[2.061378] (crazyflie_interfaces) StdoutLine: {'line': b'-- Up-to-date symlink: /home/gowtham/crazyflie_ws/install/crazyflie_interfaces/share/crazyflie_interfaces/rust/src/msg.rs\n'}
[2.061982] (crazyflie_interfaces) StdoutLine: {'line': b'-- Up-to-date symlink: /home/gowtham/crazyflie_ws/install/crazyflie_interfaces/share/crazyflie_interfaces/rust/src/msg/rmw.rs\n'}
[2.062586] (crazyflie_interfaces) StdoutLine: {'line': b'-- Up-to-date symlink: /home/gowtham/crazyflie_ws/install/crazyflie_interfaces/share/crazyflie_interfaces/rust/src/srv.rs\n'}
[2.063126] (crazyflie_interfaces) StdoutLine: {'line': b'-- Up-to-date symlink: /home/gowtham/crazyflie_ws/install/crazyflie_interfaces/share/crazyflie_interfaces/rust/src/srv/rmw.rs\n'}
[2.063780] (crazyflie_interfaces) StdoutLine: {'line': b'-- Up-to-date symlink: /home/gowtham/crazyflie_ws/install/crazyflie_interfaces/share/crazyflie_interfaces/msg/ConnectionStatistics.idl\n'}
[2.064508] (crazyflie_interfaces) StdoutLine: {'line': b'-- Up-to-date symlink: /home/gowtham/crazyflie_ws/install/crazyflie_interfaces/share/crazyflie_interfaces/msg/ConnectionStatisticsArray.idl\n'}
[2.065210] (crazyflie_interfaces) StdoutLine: {'line': b'-- Up-to-date symlink: /home/gowtham/crazyflie_ws/install/crazyflie_interfaces/share/crazyflie_interfaces/msg/FullState.idl\n'}
[2.065912] (crazyflie_interfaces) StdoutLine: {'line': b'-- Up-to-date symlink: /home/gowtham/crazyflie_ws/install/crazyflie_interfaces/share/crazyflie_interfaces/msg/LogDataGeneric.idl\n'}
[2.066604] (crazyflie_interfaces) StdoutLine: {'line': b'-- Up-to-date symlink: /home/gowtham/crazyflie_ws/install/crazyflie_interfaces/share/crazyflie_interfaces/msg/Hover.idl\n'}
[2.067218] (crazyflie_interfaces) StdoutLine: {'line': b'-- Up-to-date symlink: /home/gowtham/crazyflie_ws/install/crazyflie_interfaces/share/crazyflie_interfaces/msg/LogBlock.idl\n'}
[2.067802] (crazyflie_interfaces) StdoutLine: {'line': b'-- Up-to-date symlink: /home/gowtham/crazyflie_ws/install/crazyflie_interfaces/share/crazyflie_interfaces/msg/Position.idl\n'}
[2.068364] (crazyflie_interfaces) StdoutLine: {'line': b'-- Up-to-date symlink: /home/gowtham/crazyflie_ws/install/crazyflie_interfaces/share/crazyflie_interfaces/msg/Status.idl\n'}
[2.068978] (crazyflie_interfaces) StdoutLine: {'line': b'-- Up-to-date symlink: /home/gowtham/crazyflie_ws/install/crazyflie_interfaces/share/crazyflie_interfaces/msg/TrajectoryPolynomialPiece.idl\n'}
[2.069592] (crazyflie_interfaces) StdoutLine: {'line': b'-- Up-to-date symlink: /home/gowtham/crazyflie_ws/install/crazyflie_interfaces/share/crazyflie_interfaces/msg/VelocityWorld.idl\n'}
[2.070182] (crazyflie_interfaces) StdoutLine: {'line': b'-- Up-to-date symlink: /home/gowtham/crazyflie_ws/install/crazyflie_interfaces/share/crazyflie_interfaces/srv/GoTo.idl\n'}
[2.071092] (crazyflie_interfaces) StdoutLine: {'line': b'-- Up-to-date symlink: /home/gowtham/crazyflie_ws/install/crazyflie_interfaces/share/crazyflie_interfaces/srv/Land.idl\n'}
[2.071837] (crazyflie_interfaces) StdoutLine: {'line': b'-- Up-to-date symlink: /home/gowtham/crazyflie_ws/install/crazyflie_interfaces/share/crazyflie_interfaces/srv/NotifySetpointsStop.idl\n'}
[2.072664] (crazyflie_interfaces) StdoutLine: {'line': b'-- Up-to-date symlink: /home/gowtham/crazyflie_ws/install/crazyflie_interfaces/share/crazyflie_interfaces/srv/SetGroupMask.idl\n'}
[2.075649] (crazyflie_interfaces) StdoutLine: {'line': b'-- Up-to-date symlink: /home/gowtham/crazyflie_ws/install/crazyflie_interfaces/share/crazyflie_interfaces/srv/StartTrajectory.idl\n'}
[2.075894] (crazyflie_interfaces) StdoutLine: {'line': b'-- Up-to-date symlink: /home/gowtham/crazyflie_ws/install/crazyflie_interfaces/share/crazyflie_interfaces/srv/Stop.idl\n'}
[2.076005] (crazyflie_interfaces) StdoutLine: {'line': b'-- Up-to-date symlink: /home/gowtham/crazyflie_ws/install/crazyflie_interfaces/share/crazyflie_interfaces/srv/Takeoff.idl\n'}
[2.076129] (crazyflie_interfaces) StdoutLine: {'line': b'-- Up-to-date symlink: /home/gowtham/crazyflie_ws/install/crazyflie_interfaces/share/crazyflie_interfaces/srv/UpdateParams.idl\n'}
[2.076259] (crazyflie_interfaces) StdoutLine: {'line': b'-- Up-to-date symlink: /home/gowtham/crazyflie_ws/install/crazyflie_interfaces/share/crazyflie_interfaces/srv/UploadTrajectory.idl\n'}
[2.076371] (crazyflie_interfaces) StdoutLine: {'line': b'-- Up-to-date symlink: /home/gowtham/crazyflie_ws/install/crazyflie_interfaces/share/crazyflie_interfaces/srv/RemoveLogging.idl\n'}
[2.076495] (crazyflie_interfaces) StdoutLine: {'line': b'-- Up-to-date symlink: /home/gowtham/crazyflie_ws/install/crazyflie_interfaces/share/crazyflie_interfaces/srv/AddLogging.idl\n'}
[2.076629] (crazyflie_interfaces) StdoutLine: {'line': b'-- Up-to-date symlink: /home/gowtham/crazyflie_ws/install/crazyflie_interfaces/share/crazyflie_interfaces/srv/Arm.idl\n'}
[2.077229] (crazyflie_interfaces) StdoutLine: {'line': b'-- Up-to-date symlink: /home/gowtham/crazyflie_ws/install/crazyflie_interfaces/share/crazyflie_interfaces/msg/ConnectionStatistics.msg\n'}
[2.077855] (crazyflie_interfaces) StdoutLine: {'line': b'-- Up-to-date symlink: /home/gowtham/crazyflie_ws/install/crazyflie_interfaces/share/crazyflie_interfaces/msg/ConnectionStatisticsArray.msg\n'}
[2.080626] (crazyflie_interfaces) StdoutLine: {'line': b'-- Up-to-date symlink: /home/gowtham/crazyflie_ws/install/crazyflie_interfaces/share/crazyflie_interfaces/msg/FullState.msg\n'}
[2.080869] (crazyflie_interfaces) StdoutLine: {'line': b'-- Up-to-date symlink: /home/gowtham/crazyflie_ws/install/crazyflie_interfaces/share/crazyflie_interfaces/msg/LogDataGeneric.msg\n'}
[2.080988] (crazyflie_interfaces) StdoutLine: {'line': b'-- Up-to-date symlink: /home/gowtham/crazyflie_ws/install/crazyflie_interfaces/share/crazyflie_interfaces/msg/Hover.msg\n'}
[2.081102] (crazyflie_interfaces) StdoutLine: {'line': b'-- Up-to-date symlink: /home/gowtham/crazyflie_ws/install/crazyflie_interfaces/share/crazyflie_interfaces/msg/LogBlock.msg\n'}
[2.081215] (crazyflie_interfaces) StdoutLine: {'line': b'-- Up-to-date symlink: /home/gowtham/crazyflie_ws/install/crazyflie_interfaces/share/crazyflie_interfaces/msg/Position.msg\n'}
[2.081323] (crazyflie_interfaces) StdoutLine: {'line': b'-- Up-to-date symlink: /home/gowtham/crazyflie_ws/install/crazyflie_interfaces/share/crazyflie_interfaces/msg/Status.msg\n'}
[2.081437] (crazyflie_interfaces) StdoutLine: {'line': b'-- Up-to-date symlink: /home/gowtham/crazyflie_ws/install/crazyflie_interfaces/share/crazyflie_interfaces/msg/TrajectoryPolynomialPiece.msg\n'}
[2.081951] (crazyflie_interfaces) StdoutLine: {'line': b'-- Up-to-date symlink: /home/gowtham/crazyflie_ws/install/crazyflie_interfaces/share/crazyflie_interfaces/msg/VelocityWorld.msg\n'}
[2.082606] (crazyflie_interfaces) StdoutLine: {'line': b'-- Up-to-date symlink: /home/gowtham/crazyflie_ws/install/crazyflie_interfaces/share/crazyflie_interfaces/srv/GoTo.srv\n'}
[2.083244] (crazyflie_interfaces) StdoutLine: {'line': b'-- Up-to-date symlink: /home/gowtham/crazyflie_ws/install/crazyflie_interfaces/share/crazyflie_interfaces/srv/GoTo_Request.msg\n'}
[2.083820] (crazyflie_interfaces) StdoutLine: {'line': b'-- Up-to-date symlink: /home/gowtham/crazyflie_ws/install/crazyflie_interfaces/share/crazyflie_interfaces/srv/GoTo_Response.msg\n'}
[2.084407] (crazyflie_interfaces) StdoutLine: {'line': b'-- Up-to-date symlink: /home/gowtham/crazyflie_ws/install/crazyflie_interfaces/share/crazyflie_interfaces/srv/Land.srv\n'}
[2.085019] (crazyflie_interfaces) StdoutLine: {'line': b'-- Up-to-date symlink: /home/gowtham/crazyflie_ws/install/crazyflie_interfaces/share/crazyflie_interfaces/srv/Land_Request.msg\n'}
[2.088633] (crazyflie_interfaces) StdoutLine: {'line': b'-- Up-to-date symlink: /home/gowtham/crazyflie_ws/install/crazyflie_interfaces/share/crazyflie_interfaces/srv/Land_Response.msg\n'}
[2.088871] (crazyflie_interfaces) StdoutLine: {'line': b'-- Up-to-date symlink: /home/gowtham/crazyflie_ws/install/crazyflie_interfaces/share/crazyflie_interfaces/srv/NotifySetpointsStop.srv\n'}
[2.088986] (crazyflie_interfaces) StdoutLine: {'line': b'-- Up-to-date symlink: /home/gowtham/crazyflie_ws/install/crazyflie_interfaces/share/crazyflie_interfaces/srv/NotifySetpointsStop_Request.msg\n'}
[2.089095] (crazyflie_interfaces) StdoutLine: {'line': b'-- Up-to-date symlink: /home/gowtham/crazyflie_ws/install/crazyflie_interfaces/share/crazyflie_interfaces/srv/NotifySetpointsStop_Response.msg\n'}
[2.089202] (crazyflie_interfaces) StdoutLine: {'line': b'-- Up-to-date symlink: /home/gowtham/crazyflie_ws/install/crazyflie_interfaces/share/crazyflie_interfaces/srv/SetGroupMask.srv\n'}
[2.089307] (crazyflie_interfaces) StdoutLine: {'line': b'-- Up-to-date symlink: /home/gowtham/crazyflie_ws/install/crazyflie_interfaces/share/crazyflie_interfaces/srv/SetGroupMask_Request.msg\n'}
[2.089410] (crazyflie_interfaces) StdoutLine: {'line': b'-- Up-to-date symlink: /home/gowtham/crazyflie_ws/install/crazyflie_interfaces/share/crazyflie_interfaces/srv/SetGroupMask_Response.msg\n'}
[2.089537] (crazyflie_interfaces) StdoutLine: {'line': b'-- Up-to-date symlink: /home/gowtham/crazyflie_ws/install/crazyflie_interfaces/share/crazyflie_interfaces/srv/StartTrajectory.srv\n'}
[2.089649] (crazyflie_interfaces) StdoutLine: {'line': b'-- Up-to-date symlink: /home/gowtham/crazyflie_ws/install/crazyflie_interfaces/share/crazyflie_interfaces/srv/StartTrajectory_Request.msg\n'}
[2.089751] (crazyflie_interfaces) StdoutLine: {'line': b'-- Up-to-date symlink: /home/gowtham/crazyflie_ws/install/crazyflie_interfaces/share/crazyflie_interfaces/srv/StartTrajectory_Response.msg\n'}
[2.089854] (crazyflie_interfaces) StdoutLine: {'line': b'-- Up-to-date symlink: /home/gowtham/crazyflie_ws/install/crazyflie_interfaces/share/crazyflie_interfaces/srv/Stop.srv\n'}
[2.090453] (crazyflie_interfaces) StdoutLine: {'line': b'-- Up-to-date symlink: /home/gowtham/crazyflie_ws/install/crazyflie_interfaces/share/crazyflie_interfaces/srv/Stop_Request.msg\n'}
[2.091039] (crazyflie_interfaces) StdoutLine: {'line': b'-- Up-to-date symlink: /home/gowtham/crazyflie_ws/install/crazyflie_interfaces/share/crazyflie_interfaces/srv/Stop_Response.msg\n'}
[2.091653] (crazyflie_interfaces) StdoutLine: {'line': b'-- Up-to-date symlink: /home/gowtham/crazyflie_ws/install/crazyflie_interfaces/share/crazyflie_interfaces/srv/Takeoff.srv\n'}
[2.092317] (crazyflie_interfaces) StdoutLine: {'line': b'-- Up-to-date symlink: /home/gowtham/crazyflie_ws/install/crazyflie_interfaces/share/crazyflie_interfaces/srv/Takeoff_Request.msg\n'}
[2.093002] (crazyflie_interfaces) StdoutLine: {'line': b'-- Up-to-date symlink: /home/gowtham/crazyflie_ws/install/crazyflie_interfaces/share/crazyflie_interfaces/srv/Takeoff_Response.msg\n'}
[2.093670] (crazyflie_interfaces) StdoutLine: {'line': b'-- Up-to-date symlink: /home/gowtham/crazyflie_ws/install/crazyflie_interfaces/share/crazyflie_interfaces/srv/UpdateParams.srv\n'}
[2.096642] (crazyflie_interfaces) StdoutLine: {'line': b'-- Up-to-date symlink: /home/gowtham/crazyflie_ws/install/crazyflie_interfaces/share/crazyflie_interfaces/srv/UpdateParams_Request.msg\n'}
[2.096884] (crazyflie_interfaces) StdoutLine: {'line': b'-- Up-to-date symlink: /home/gowtham/crazyflie_ws/install/crazyflie_interfaces/share/crazyflie_interfaces/srv/UpdateParams_Response.msg\n'}
[2.097021] (crazyflie_interfaces) StdoutLine: {'line': b'-- Up-to-date symlink: /home/gowtham/crazyflie_ws/install/crazyflie_interfaces/share/crazyflie_interfaces/srv/UploadTrajectory.srv\n'}
[2.097128] (crazyflie_interfaces) StdoutLine: {'line': b'-- Up-to-date symlink: /home/gowtham/crazyflie_ws/install/crazyflie_interfaces/share/crazyflie_interfaces/srv/UploadTrajectory_Request.msg\n'}
[2.097232] (crazyflie_interfaces) StdoutLine: {'line': b'-- Up-to-date symlink: /home/gowtham/crazyflie_ws/install/crazyflie_interfaces/share/crazyflie_interfaces/srv/UploadTrajectory_Response.msg\n'}
[2.097337] (crazyflie_interfaces) StdoutLine: {'line': b'-- Up-to-date symlink: /home/gowtham/crazyflie_ws/install/crazyflie_interfaces/share/crazyflie_interfaces/srv/RemoveLogging.srv\n'}
[2.097444] (crazyflie_interfaces) StdoutLine: {'line': b'-- Up-to-date symlink: /home/gowtham/crazyflie_ws/install/crazyflie_interfaces/share/crazyflie_interfaces/srv/RemoveLogging_Request.msg\n'}
[2.097575] (crazyflie_interfaces) StdoutLine: {'line': b'-- Up-to-date symlink: /home/gowtham/crazyflie_ws/install/crazyflie_interfaces/share/crazyflie_interfaces/srv/RemoveLogging_Response.msg\n'}
[2.098213] (crazyflie_interfaces) StdoutLine: {'line': b'-- Up-to-date symlink: /home/gowtham/crazyflie_ws/install/crazyflie_interfaces/share/crazyflie_interfaces/srv/AddLogging.srv\n'}
[2.098931] (crazyflie_interfaces) StdoutLine: {'line': b'-- Up-to-date symlink: /home/gowtham/crazyflie_ws/install/crazyflie_interfaces/share/crazyflie_interfaces/srv/AddLogging_Request.msg\n'}
[2.099638] (crazyflie_interfaces) StdoutLine: {'line': b'-- Up-to-date symlink: /home/gowtham/crazyflie_ws/install/crazyflie_interfaces/share/crazyflie_interfaces/srv/AddLogging_Response.msg\n'}
[2.100336] (crazyflie_interfaces) StdoutLine: {'line': b'-- Up-to-date symlink: /home/gowtham/crazyflie_ws/install/crazyflie_interfaces/share/crazyflie_interfaces/srv/Arm.srv\n'}
[2.101572] (crazyflie_interfaces) StdoutLine: {'line': b'-- Up-to-date symlink: /home/gowtham/crazyflie_ws/install/crazyflie_interfaces/share/crazyflie_interfaces/srv/Arm_Request.msg\n'}
[2.101810] (crazyflie_interfaces) StdoutLine: {'line': b'-- Up-to-date symlink: /home/gowtham/crazyflie_ws/install/crazyflie_interfaces/share/crazyflie_interfaces/srv/Arm_Response.msg\n'}
[2.102127] (crazyflie_interfaces) StdoutLine: {'line': b'-- Up-to-date symlink: /home/gowtham/crazyflie_ws/install/crazyflie_interfaces/share/ament_index/resource_index/package_run_dependencies/crazyflie_interfaces\n'}
[2.102732] (crazyflie_interfaces) StdoutLine: {'line': b'-- Up-to-date symlink: /home/gowtham/crazyflie_ws/install/crazyflie_interfaces/share/ament_index/resource_index/parent_prefix_path/crazyflie_interfaces\n'}
[2.103317] (crazyflie_interfaces) StdoutLine: {'line': b'-- Up-to-date symlink: /home/gowtham/crazyflie_ws/install/crazyflie_interfaces/share/crazyflie_interfaces/environment/ament_prefix_path.sh\n'}
[2.104304] (crazyflie_interfaces) StdoutLine: {'line': b'-- Up-to-date symlink: /home/gowtham/crazyflie_ws/install/crazyflie_interfaces/share/crazyflie_interfaces/environment/ament_prefix_path.dsv\n'}
[2.104511] (crazyflie_interfaces) StdoutLine: {'line': b'-- Up-to-date symlink: /home/gowtham/crazyflie_ws/install/crazyflie_interfaces/share/crazyflie_interfaces/environment/path.sh\n'}
[2.105412] (crazyflie_interfaces) StdoutLine: {'line': b'-- Up-to-date symlink: /home/gowtham/crazyflie_ws/install/crazyflie_interfaces/share/crazyflie_interfaces/environment/path.dsv\n'}
[2.106132] (crazyflie_interfaces) StdoutLine: {'line': b'-- Up-to-date symlink: /home/gowtham/crazyflie_ws/install/crazyflie_interfaces/share/crazyflie_interfaces/local_setup.bash\n'}
[2.106307] (crazyflie_interfaces) StdoutLine: {'line': b'-- Up-to-date symlink: /home/gowtham/crazyflie_ws/install/crazyflie_interfaces/share/crazyflie_interfaces/local_setup.sh\n'}
[2.106826] (crazyflie_interfaces) StdoutLine: {'line': b'-- Up-to-date symlink: /home/gowtham/crazyflie_ws/install/crazyflie_interfaces/share/crazyflie_interfaces/local_setup.zsh\n'}
[2.107623] (crazyflie_interfaces) StdoutLine: {'line': b'-- Up-to-date symlink: /home/gowtham/crazyflie_ws/install/crazyflie_interfaces/share/crazyflie_interfaces/local_setup.dsv\n'}
[2.107803] (crazyflie_interfaces) StdoutLine: {'line': b'-- Symlinking: /home/gowtham/crazyflie_ws/install/crazyflie_interfaces/share/crazyflie_interfaces/package.dsv\n'}
[2.111590] (-) TimerEvent: {}
[2.128677] (crazyflie_interfaces) StdoutLine: {'line': b'-- Up-to-date symlink: /home/gowtham/crazyflie_ws/install/crazyflie_interfaces/share/ament_index/resource_index/packages/crazyflie_interfaces\n'}
[2.128926] (crazyflie_interfaces) StdoutLine: {'line': b'-- Up-to-date symlink: /home/gowtham/crazyflie_ws/install/crazyflie_interfaces/share/crazyflie_interfaces/cmake/rosidl_cmake-extras.cmake\n'}
[2.129087] (crazyflie_interfaces) StdoutLine: {'line': b'-- Up-to-date symlink: /home/gowtham/crazyflie_ws/install/crazyflie_interfaces/share/crazyflie_interfaces/cmake/ament_cmake_export_dependencies-extras.cmake\n'}
[2.129207] (crazyflie_interfaces) StdoutLine: {'line': b'-- Up-to-date symlink: /home/gowtham/crazyflie_ws/install/crazyflie_interfaces/share/crazyflie_interfaces/cmake/ament_cmake_export_include_directories-extras.cmake\n'}
[2.129316] (crazyflie_interfaces) StdoutLine: {'line': b'-- Up-to-date symlink: /home/gowtham/crazyflie_ws/install/crazyflie_interfaces/share/crazyflie_interfaces/cmake/ament_cmake_export_libraries-extras.cmake\n'}
[2.129420] (crazyflie_interfaces) StdoutLine: {'line': b'-- Up-to-date symlink: /home/gowtham/crazyflie_ws/install/crazyflie_interfaces/share/crazyflie_interfaces/cmake/ament_cmake_export_targets-extras.cmake\n'}
[2.129559] (crazyflie_interfaces) StdoutLine: {'line': b'-- Up-to-date symlink: /home/gowtham/crazyflie_ws/install/crazyflie_interfaces/share/crazyflie_interfaces/cmake/rosidl_cmake_export_typesupport_targets-extras.cmake\n'}
[2.129670] (crazyflie_interfaces) StdoutLine: {'line': b'-- Up-to-date symlink: /home/gowtham/crazyflie_ws/install/crazyflie_interfaces/share/crazyflie_interfaces/cmake/rosidl_cmake_export_typesupport_libraries-extras.cmake\n'}
[2.129794] (crazyflie_interfaces) StdoutLine: {'line': b'-- Up-to-date symlink: /home/gowtham/crazyflie_ws/install/crazyflie_interfaces/share/crazyflie_interfaces/cmake/crazyflie_interfacesConfig.cmake\n'}
[2.129905] (crazyflie_interfaces) StdoutLine: {'line': b'-- Up-to-date symlink: /home/gowtham/crazyflie_ws/install/crazyflie_interfaces/share/crazyflie_interfaces/cmake/crazyflie_interfacesConfig-version.cmake\n'}
[2.132110] (crazyflie_interfaces) StdoutLine: {'line': b'-- Up-to-date symlink: /home/gowtham/crazyflie_ws/install/crazyflie_interfaces/share/crazyflie_interfaces/package.xml\n'}
[2.132323] (crazyflie_interfaces) StdoutLine: {'line': b'-- Up-to-date: /home/gowtham/crazyflie_ws/install/crazyflie_interfaces/lib/libcrazyflie_interfaces__rosidl_generator_c.so\n'}
[2.132436] (crazyflie_interfaces) StdoutLine: {'line': b'-- Up-to-date: /home/gowtham/crazyflie_ws/install/crazyflie_interfaces/lib/libcrazyflie_interfaces__rosidl_typesupport_fastrtps_c.so\n'}
[2.133437] (crazyflie_interfaces) StdoutLine: {'line': b'-- Up-to-date: /home/gowtham/crazyflie_ws/install/crazyflie_interfaces/lib/libcrazyflie_interfaces__rosidl_typesupport_fastrtps_cpp.so\n'}
[2.133638] (crazyflie_interfaces) StdoutLine: {'line': b'-- Up-to-date: /home/gowtham/crazyflie_ws/install/crazyflie_interfaces/lib/libcrazyflie_interfaces__rosidl_typesupport_introspection_c.so\n'}
[2.134475] (crazyflie_interfaces) StdoutLine: {'line': b'-- Up-to-date: /home/gowtham/crazyflie_ws/install/crazyflie_interfaces/lib/libcrazyflie_interfaces__rosidl_typesupport_c.so\n'}
[2.135382] (crazyflie_interfaces) StdoutLine: {'line': b'-- Up-to-date: /home/gowtham/crazyflie_ws/install/crazyflie_interfaces/lib/libcrazyflie_interfaces__rosidl_typesupport_introspection_cpp.so\n'}
[2.136304] (crazyflie_interfaces) StdoutLine: {'line': b'-- Up-to-date: /home/gowtham/crazyflie_ws/install/crazyflie_interfaces/lib/libcrazyflie_interfaces__rosidl_typesupport_cpp.so\n'}
[2.211703] (-) TimerEvent: {}
[2.243729] (crazyflie_interfaces) StdoutLine: {'line': b"Listing '/home/gowtham/crazyflie_ws/install/crazyflie_interfaces/local/lib/python3.10/dist-packages/crazyflie_interfaces'...\n"}
[2.243988] (crazyflie_interfaces) StdoutLine: {'line': b"Listing '/home/gowtham/crazyflie_ws/install/crazyflie_interfaces/local/lib/python3.10/dist-packages/crazyflie_interfaces/msg'...\n"}
[2.244108] (crazyflie_interfaces) StdoutLine: {'line': b"Listing '/home/gowtham/crazyflie_ws/install/crazyflie_interfaces/local/lib/python3.10/dist-packages/crazyflie_interfaces/srv'...\n"}
[2.275255] (crazyflie_interfaces) StdoutLine: {'line': b'-- Up-to-date: /home/gowtham/crazyflie_ws/install/crazyflie_interfaces/lib/libcrazyflie_interfaces__rosidl_generator_py.so\n'}
[2.279606] (crazyflie_interfaces) StdoutLine: {'line': b'-- Up-to-date: /home/gowtham/crazyflie_ws/install/crazyflie_interfaces/share/crazyflie_interfaces/cmake/export_crazyflie_interfaces__rosidl_generator_cExport.cmake\n'}
[2.279879] (crazyflie_interfaces) StdoutLine: {'line': b'-- Up-to-date: /home/gowtham/crazyflie_ws/install/crazyflie_interfaces/share/crazyflie_interfaces/cmake/export_crazyflie_interfaces__rosidl_generator_cExport-noconfig.cmake\n'}
[2.280018] (crazyflie_interfaces) StdoutLine: {'line': b'-- Up-to-date: /home/gowtham/crazyflie_ws/install/crazyflie_interfaces/share/crazyflie_interfaces/cmake/export_crazyflie_interfaces__rosidl_typesupport_fastrtps_cExport.cmake\n'}
[2.280192] (crazyflie_interfaces) StdoutLine: {'line': b'-- Up-to-date: /home/gowtham/crazyflie_ws/install/crazyflie_interfaces/share/crazyflie_interfaces/cmake/export_crazyflie_interfaces__rosidl_typesupport_fastrtps_cExport-noconfig.cmake\n'}
[2.280309] (crazyflie_interfaces) StdoutLine: {'line': b'-- Up-to-date: /home/gowtham/crazyflie_ws/install/crazyflie_interfaces/share/crazyflie_interfaces/cmake/export_crazyflie_interfaces__rosidl_generator_cppExport.cmake\n'}
[2.283687] (crazyflie_interfaces) StdoutLine: {'line': b'-- Up-to-date: /home/gowtham/crazyflie_ws/install/crazyflie_interfaces/share/crazyflie_interfaces/cmake/export_crazyflie_interfaces__rosidl_typesupport_fastrtps_cppExport.cmake\n'}
[2.283966] (crazyflie_interfaces) StdoutLine: {'line': b'-- Up-to-date: /home/gowtham/crazyflie_ws/install/crazyflie_interfaces/share/crazyflie_interfaces/cmake/export_crazyflie_interfaces__rosidl_typesupport_fastrtps_cppExport-noconfig.cmake\n'}
[2.284090] (crazyflie_interfaces) StdoutLine: {'line': b'-- Up-to-date: /home/gowtham/crazyflie_ws/install/crazyflie_interfaces/share/crazyflie_interfaces/cmake/crazyflie_interfaces__rosidl_typesupport_introspection_cExport.cmake\n'}
[2.284227] (crazyflie_interfaces) StdoutLine: {'line': b'-- Up-to-date: /home/gowtham/crazyflie_ws/install/crazyflie_interfaces/share/crazyflie_interfaces/cmake/crazyflie_interfaces__rosidl_typesupport_introspection_cExport-noconfig.cmake\n'}
[2.284337] (crazyflie_interfaces) StdoutLine: {'line': b'-- Up-to-date: /home/gowtham/crazyflie_ws/install/crazyflie_interfaces/share/crazyflie_interfaces/cmake/crazyflie_interfaces__rosidl_typesupport_cExport.cmake\n'}
[2.284446] (crazyflie_interfaces) StdoutLine: {'line': b'-- Up-to-date: /home/gowtham/crazyflie_ws/install/crazyflie_interfaces/share/crazyflie_interfaces/cmake/crazyflie_interfaces__rosidl_typesupport_cExport-noconfig.cmake\n'}
[2.284580] (crazyflie_interfaces) StdoutLine: {'line': b'-- Up-to-date: /home/gowtham/crazyflie_ws/install/crazyflie_interfaces/share/crazyflie_interfaces/cmake/crazyflie_interfaces__rosidl_typesupport_introspection_cppExport.cmake\n'}
[2.284690] (crazyflie_interfaces) StdoutLine: {'line': b'-- Up-to-date: /home/gowtham/crazyflie_ws/install/crazyflie_interfaces/share/crazyflie_interfaces/cmake/crazyflie_interfaces__rosidl_typesupport_introspection_cppExport-noconfig.cmake\n'}
[2.284798] (crazyflie_interfaces) StdoutLine: {'line': b'-- Up-to-date: /home/gowtham/crazyflie_ws/install/crazyflie_interfaces/share/crazyflie_interfaces/cmake/crazyflie_interfaces__rosidl_typesupport_cppExport.cmake\n'}
[2.284902] (crazyflie_interfaces) StdoutLine: {'line': b'-- Up-to-date: /home/gowtham/crazyflie_ws/install/crazyflie_interfaces/share/crazyflie_interfaces/cmake/crazyflie_interfaces__rosidl_typesupport_cppExport-noconfig.cmake\n'}
[2.285016] (crazyflie_interfaces) StdoutLine: {'line': b'-- Up-to-date: /home/gowtham/crazyflie_ws/install/crazyflie_interfaces/share/crazyflie_interfaces/cmake/export_crazyflie_interfaces__rosidl_generator_pyExport.cmake\n'}
[2.285125] (crazyflie_interfaces) StdoutLine: {'line': b'-- Up-to-date: /home/gowtham/crazyflie_ws/install/crazyflie_interfaces/share/crazyflie_interfaces/cmake/export_crazyflie_interfaces__rosidl_generator_pyExport-noconfig.cmake\n'}
[2.287567] (crazyflie_interfaces) CommandEnded: {'returncode': 0}
[2.311820] (-) TimerEvent: {}
[2.334616] (crazyflie_interfaces) JobEnded: {'identifier': 'crazyflie_interfaces', 'rc': 0}
[2.335574] (crazyflie_py) JobStarted: {'identifier': 'crazyflie_py'}
[2.411935] (-) TimerEvent: {}
[2.512286] (-) TimerEvent: {}
[2.612640] (-) TimerEvent: {}
[2.713531] (-) TimerEvent: {}
[2.816786] (-) TimerEvent: {}
[2.917195] (-) TimerEvent: {}
[3.017555] (-) TimerEvent: {}
[3.038049] (swarm_guidance) Command: {'cmd': ['/usr/bin/python3', '-W', 'ignore:setup.py install is deprecated', '-W', 'ignore:easy_install command is deprecated', 'setup.py', 'egg_info', '--egg-base', '../../build/swarm_guidance', 'build', '--build-base', '/home/gowtham/crazyflie_ws/build/swarm_guidance/build', 'install', '--record', '/home/gowtham/crazyflie_ws/build/swarm_guidance/install.log', '--single-version-externally-managed', 'install_data'], 'cwd': '/home/gowtham/crazyflie_ws/src/swarm_guidance', 'env': {'LESSOPEN': '| /usr/bin/lesspipe %s', 'LANGUAGE': 'en_IN:en', 'USER': 'gowtham', 'XDG_SESSION_TYPE': 'wayland', 'SHLVL': '1', 'LD_LIBRARY_PATH': '/home/gowtham/crazyflie_ws/install/crazyflie_interfaces/lib:/home/gowtham/swarm_ws/install/crazyflie_interfaces/lib:/opt/ros/humble/opt/rviz_ogre_vendor/lib:/opt/ros/humble/lib/x86_64-linux-gnu:/opt/ros/humble/lib', 'HOME': '/home/gowtham', 'OLDPWD': '/home/gowtham/crazyflie_ws', 'DESKTOP_SESSION': 'ubuntu', 'ROS_PYTHON_VERSION': '3', 'GNOME_SHELL_SESSION_MODE': 'ubuntu', 'GTK_MODULES': 'gail:atk-bridge', 'SYSTEMD_EXEC_PID': '3090', 'DBUS_SESSION_BUS_ADDRESS': 'unix:path=/run/user/1000/bus', 'COLORTERM': 'truecolor', 'IM_CONFIG_PHASE': '1', 'WAYLAND_DISPLAY': 'wayland-0', 'COLCON_PREFIX_PATH': '/home/gowtham/crazyflie_ws/install:/home/gowtham/swarm_ws/install', 'ROS_DISTRO': 'humble', 'LOGNAME': 'gowtham', '_': '/usr/bin/colcon', 'ROS_VERSION': '2', 'XDG_SESSION_CLASS': 'user', 'USERNAME': 'gowtham', 'TERM': 'xterm-256color', 'GNOME_DESKTOP_SESSION_ID': 'this-is-deprecated', 'ROS_LOCALHOST_ONLY': '0', 'PATH': '/opt/ros/humble/bin:/home/gowtham/.local/bin:/usr/local/sbin:/usr/local/bin:/usr/sbin:/usr/bin:/sbin:/bin:/usr/games:/usr/local/games:/snap/bin:/snap/bin:/home/gowtham/.local/bin', 'SESSION_MANAGER': 'local/gowtham:@/tmp/.ICE-unix/882,unix/gowtham:/tmp/.ICE-unix/882', 'XDG_MENU_PREFIX': 'gnome-', 'GNOME_TERMINAL_SCREEN': '/org/gnome/Terminal/screen/c2aa9c91_cb9d_4464_837a_3feabbe7a3f9', 'GNOME_SETUP_DISPLAY': ':1', 'XDG_RUNTIME_DIR': '/run/user/1000', 'DISPLAY': ':0', 'LANG': 'en_US.UTF-8', 'XDG_CURRENT_DESKTOP': 'ubuntu:GNOME', 'XMODIFIERS': '@im=ibus', 'XDG_SESSION_DESKTOP': 'ubuntu', 'XAUTHORITY': '/run/user/1000/.mutter-Xwaylandauth.NKMGQ3', 'LS_COLORS': 'rs=0:di=01;34:ln=01;36:mh=00:pi=40;33:so=01;35:do=01;35:bd=40;33;01:cd=40;33;01:or=40;31;01:mi=00:su=37;41:sg=30;43:ca=30;41:tw=30;42:ow=34;42:st=37;44:ex=01;32:*.tar=01;31:*.tgz=01;31:*.arc=01;31:*.arj=01;31:*.taz=01;31:*.lha=01;31:*.lz4=01;31:*.lzh=01;31:*.lzma=01;31:*.tlz=01;31:*.txz=01;31:*.tzo=01;31:*.t7z=01;31:*.zip=01;31:*.z=01;31:*.dz=01;31:*.gz=01;31:*.lrz=01;31:*.lz=01;31:*.lzo=01;31:*.xz=01;31:*.zst=01;31:*.tzst=01;31:*.bz2=01;31:*.bz=01;31:*.tbz=01;31:*.tbz2=01;31:*.tz=01;31:*.deb=01;31:*.rpm=01;31:*.jar=01;31:*.war=01;31:*.ear=01;31:*.sar=01;31:*.rar=01;31:*.alz=01;31:*.ace=01;31:*.zoo=01;31:*.cpio=01;31:*.7z=01;31:*.rz=01;31:*.cab=01;31:*.wim=01;31:*.swm=01;31:*.dwm=01;31:*.esd=01;31:*.jpg=01;35:*.jpeg=01;35:*.mjpg=01;35:*.mjpeg=01;35:*.gif=01;35:*.bmp=01;35:*.pbm=01;35:*.pgm=01;35:*.ppm=01;35:*.tga=01;35:*.xbm=01;35:*.xpm=01;35:*.tif=01;35:*.tiff=01;35:*.png=01;35:*.svg=01;35:*.svgz=01;35:*.mng=01;35:*.pcx=01;35:*.mov=01;35:*.mpg=01;35:*.mpeg=01;35:*.m2v=01;35:*.mkv=01;35:*.webm=01;35:*.webp=01;35:*.ogm=01;35:*.mp4=01;35:*.m4v=01;35:*.mp4v=01;35:*.vob=01;35:*.qt=01;35:*.nuv=01;35:*.wmv=01;35:*.asf=01;35:*.rm=01;35:*.rmvb=01;35:*.flc=01;35:*.avi=01;35:*.fli=01;35:*.flv=01;35:*.gl=01;35:*.dl=01;35:*.xcf=01;35:*.xwd=01;35:*.yuv=01;35:*.cgm=01;35:*.emf=01;35:*.ogv=01;35:*.ogx=01;35:*.aac=00;36:*.au=00;36:*.flac=00;36:*.m4a=00;36:*.mid=00;36:*.midi=00;36:*.mka=00;36:*.mp3=00;36:*.mpc=00;36:*.ogg=00;36:*.ra=00;36:*.wav=00;36:*.oga=00;36:*.opus=00;36:*.spx=00;36:*.xspf=00;36:', 'GNOME_TERMINAL_SERVICE': ':1.128', 'SSH_AGENT_LAUNCHER': 'gnome-keyring', 'SSH_AUTH_SOCK': '/run/user/1000/keyring/ssh', 'AMENT_PREFIX_PATH': '/home/gowtham/crazyflie_ws/install/swarm_navigation:/home/gowtham/crazyflie_ws/install/swarm_guidance:/home/gowtham/crazyflie_ws/install/crazyflie_sim:/home/gowtham/crazyflie_ws/install/crazyflie_examples:/home/gowtham/crazyflie_ws/install/crazyflie_py:/home/gowtham/crazyflie_ws/install/crazyflie:/home/gowtham/crazyflie_ws/install/crazyflie_interfaces:/home/gowtham/crazyflie_ws/install/central_swarm_control:/home/gowtham/swarm_ws/install/guidance_layer:/home/gowtham/swarm_ws/install/crazyflie_sim:/home/gowtham/swarm_ws/install/crazyflie_examples:/home/gowtham/swarm_ws/install/crazyflie_py:/home/gowtham/swarm_ws/install/crazyflie:/home/gowtham/swarm_ws/install/crazyflie_interfaces:/home/gowtham/swarm_ws/install/control_layer:/home/gowtham/swarm_ws/install/consensus_controller:/opt/ros/humble', 'SHELL': '/bin/bash', 'QT_ACCESSIBILITY': '1', 'GDMSESSION': 'ubuntu', 'LESSCLOSE': '/usr/bin/lesspipe %s %s', 'QT_IM_MODULE': 'ibus', 'PWD': '/home/gowtham/crazyflie_ws/build/swarm_guidance', 'LC_ALL': 'en_US.UTF-8', 'XDG_CONFIG_DIRS': '/etc/xdg/xdg-ubuntu:/etc/xdg', 'XDG_DATA_DIRS': '/usr/share/ubuntu:/usr/local/share/:/usr/share/:/var/lib/snapd/desktop', 'PYTHONPATH': '/home/gowtham/crazyflie_ws/build/swarm_guidance/prefix_override:/usr/lib/python3/dist-packages/colcon_core/task/python/colcon_distutils_commands:/home/gowtham/crazyflie_ws/install/swarm_guidance/lib/python3.10/site-packages:/home/gowtham/crazyflie_ws/build/swarm_navigation:/home/gowtham/crazyflie_ws/install/swarm_navigation/lib/python3.10/site-packages:/home/gowtham/crazyflie_ws/install/swarm_guidance/lib/python3.10/site-packages:/home/gowtham/crazyflie_ws/install/crazyflie_sim/local/lib/python3.10/dist-packages:/home/gowtham/crazyflie_ws/install/crazyflie_examples/local/lib/python3.10/dist-packages:/home/gowtham/crazyflie_ws/install/crazyflie_py/lib/python3.10/site-packages:/home/gowtham/crazyflie_ws/install/crazyflie_interfaces/local/lib/python3.10/dist-packages:/home/gowtham/crazyflie_ws/build/central_swarm_control:/home/gowtham/crazyflie_ws/install/central_swarm_control/lib/python3.10/site-packages:/home/gowtham/crazyflie-firmware/build:/home/gowtham/crazyflie-firmware/build:/home/gowtham/swarm_ws/install/guidance_layer/lib/python3.10/site-packages:/home/gowtham/swarm_ws/install/crazyflie_sim/local/lib/python3.10/dist-packages:/home/gowtham/swarm_ws/install/crazyflie_examples/local/lib/python3.10/dist-packages:/home/gowtham/swarm_ws/install/crazyflie_py/lib/python3.10/site-packages:/home/gowtham/swarm_ws/install/crazyflie_interfaces/local/lib/python3.10/dist-packages:/home/gowtham/swarm_ws/install/control_layer/lib/python3.10/site-packages:/home/gowtham/swarm_ws/install/consensus_controller/lib/python3.10/site-packages:/opt/ros/humble/lib/python3.10/site-packages:/opt/ros/humble/local/lib/python3.10/dist-packages', 'COLCON': '1', 'VTE_VERSION': '6800', 'CMAKE_PREFIX_PATH': '/home/gowtham/crazyflie_ws/install/crazyflie_sim:/home/gowtham/crazyflie_ws/install/crazyflie_examples:/home/gowtham/crazyflie_ws/install/crazyflie:/home/gowtham/crazyflie_ws/install/crazyflie_interfaces:/home/gowtham/swarm_ws/install/crazyflie_sim:/home/gowtham/swarm_ws/install/crazyflie_examples:/home/gowtham/swarm_ws/install/crazyflie:/home/gowtham/swarm_ws/install/crazyflie_interfaces'}, 'shell': False}
[3.047735] (swarm_navigation) Command: {'cmd': ['/usr/bin/python3', '-W', 'ignore:setup.py install is deprecated', '-W', 'ignore:easy_install command is deprecated', 'setup.py', 'egg_info', '--egg-base', '../../build/swarm_navigation', 'build', '--build-base', '/home/gowtham/crazyflie_ws/build/swarm_navigation/build', 'install', '--record', '/home/gowtham/crazyflie_ws/build/swarm_navigation/install.log', '--single-version-externally-managed', 'install_data'], 'cwd': '/home/gowtham/crazyflie_ws/src/swarm_navigation', 'env': {'LESSOPEN': '| /usr/bin/lesspipe %s', 'LANGUAGE': 'en_IN:en', 'USER': 'gowtham', 'XDG_SESSION_TYPE': 'wayland', 'SHLVL': '1', 'LD_LIBRARY_PATH': '/home/gowtham/crazyflie_ws/install/crazyflie_interfaces/lib:/home/gowtham/swarm_ws/install/crazyflie_interfaces/lib:/opt/ros/humble/opt/rviz_ogre_vendor/lib:/opt/ros/humble/lib/x86_64-linux-gnu:/opt/ros/humble/lib', 'HOME': '/home/gowtham', 'OLDPWD': '/home/gowtham/crazyflie_ws', 'DESKTOP_SESSION': 'ubuntu', 'ROS_PYTHON_VERSION': '3', 'GNOME_SHELL_SESSION_MODE': 'ubuntu', 'GTK_MODULES': 'gail:atk-bridge', 'SYSTEMD_EXEC_PID': '3090', 'DBUS_SESSION_BUS_ADDRESS': 'unix:path=/run/user/1000/bus', 'COLORTERM': 'truecolor', 'IM_CONFIG_PHASE': '1', 'WAYLAND_DISPLAY': 'wayland-0', 'COLCON_PREFIX_PATH': '/home/gowtham/crazyflie_ws/install:/home/gowtham/swarm_ws/install', 'ROS_DISTRO': 'humble', 'LOGNAME': 'gowtham', '_': '/usr/bin/colcon', 'ROS_VERSION': '2', 'XDG_SESSION_CLASS': 'user', 'USERNAME': 'gowtham', 'TERM': 'xterm-256color', 'GNOME_DESKTOP_SESSION_ID': 'this-is-deprecated', 'ROS_LOCALHOST_ONLY': '0', 'PATH': '/opt/ros/humble/bin:/home/gowtham/.local/bin:/usr/local/sbin:/usr/local/bin:/usr/sbin:/usr/bin:/sbin:/bin:/usr/games:/usr/local/games:/snap/bin:/snap/bin:/home/gowtham/.local/bin', 'SESSION_MANAGER': 'local/gowtham:@/tmp/.ICE-unix/882,unix/gowtham:/tmp/.ICE-unix/882', 'XDG_MENU_PREFIX': 'gnome-', 'GNOME_TERMINAL_SCREEN': '/org/gnome/Terminal/screen/c2aa9c91_cb9d_4464_837a_3feabbe7a3f9', 'GNOME_SETUP_DISPLAY': ':1', 'XDG_RUNTIME_DIR': '/run/user/1000', 'DISPLAY': ':0', 'LANG': 'en_US.UTF-8', 'XDG_CURRENT_DESKTOP': 'ubuntu:GNOME', 'XMODIFIERS': '@im=ibus', 'XDG_SESSION_DESKTOP': 'ubuntu', 'XAUTHORITY': '/run/user/1000/.mutter-Xwaylandauth.NKMGQ3', 'LS_COLORS': 'rs=0:di=01;34:ln=01;36:mh=00:pi=40;33:so=01;35:do=01;35:bd=40;33;01:cd=40;33;01:or=40;31;01:mi=00:su=37;41:sg=30;43:ca=30;41:tw=30;42:ow=34;42:st=37;44:ex=01;32:*.tar=01;31:*.tgz=01;31:*.arc=01;31:*.arj=01;31:*.taz=01;31:*.lha=01;31:*.lz4=01;31:*.lzh=01;31:*.lzma=01;31:*.tlz=01;31:*.txz=01;31:*.tzo=01;31:*.t7z=01;31:*.zip=01;31:*.z=01;31:*.dz=01;31:*.gz=01;31:*.lrz=01;31:*.lz=01;31:*.lzo=01;31:*.xz=01;31:*.zst=01;31:*.tzst=01;31:*.bz2=01;31:*.bz=01;31:*.tbz=01;31:*.tbz2=01;31:*.tz=01;31:*.deb=01;31:*.rpm=01;31:*.jar=01;31:*.war=01;31:*.ear=01;31:*.sar=01;31:*.rar=01;31:*.alz=01;31:*.ace=01;31:*.zoo=01;31:*.cpio=01;31:*.7z=01;31:*.rz=01;31:*.cab=01;31:*.wim=01;31:*.swm=01;31:*.dwm=01;31:*.esd=01;31:*.jpg=01;35:*.jpeg=01;35:*.mjpg=01;35:*.mjpeg=01;35:*.gif=01;35:*.bmp=01;35:*.pbm=01;35:*.pgm=01;35:*.ppm=01;35:*.tga=01;35:*.xbm=01;35:*.xpm=01;35:*.tif=01;35:*.tiff=01;35:*.png=01;35:*.svg=01;35:*.svgz=01;35:*.mng=01;35:*.pcx=01;35:*.mov=01;35:*.mpg=01;35:*.mpeg=01;35:*.m2v=01;35:*.mkv=01;35:*.webm=01;35:*.webp=01;35:*.ogm=01;35:*.mp4=01;35:*.m4v=01;35:*.mp4v=01;35:*.vob=01;35:*.qt=01;35:*.nuv=01;35:*.wmv=01;35:*.asf=01;35:*.rm=01;35:*.rmvb=01;35:*.flc=01;35:*.avi=01;35:*.fli=01;35:*.flv=01;35:*.gl=01;35:*.dl=01;35:*.xcf=01;35:*.xwd=01;35:*.yuv=01;35:*.cgm=01;35:*.emf=01;35:*.ogv=01;35:*.ogx=01;35:*.aac=00;36:*.au=00;36:*.flac=00;36:*.m4a=00;36:*.mid=00;36:*.midi=00;36:*.mka=00;36:*.mp3=00;36:*.mpc=00;36:*.ogg=00;36:*.ra=00;36:*.wav=00;36:*.oga=00;36:*.opus=00;36:*.spx=00;36:*.xspf=00;36:', 'GNOME_TERMINAL_SERVICE': ':1.128', 'SSH_AGENT_LAUNCHER': 'gnome-keyring', 'SSH_AUTH_SOCK': '/run/user/1000/keyring/ssh', 'AMENT_PREFIX_PATH': '/home/gowtham/crazyflie_ws/install/swarm_navigation:/home/gowtham/crazyflie_ws/install/swarm_guidance:/home/gowtham/crazyflie_ws/install/crazyflie_sim:/home/gowtham/crazyflie_ws/install/crazyflie_examples:/home/gowtham/crazyflie_ws/install/crazyflie_py:/home/gowtham/crazyflie_ws/install/crazyflie:/home/gowtham/crazyflie_ws/install/crazyflie_interfaces:/home/gowtham/crazyflie_ws/install/central_swarm_control:/home/gowtham/swarm_ws/install/guidance_layer:/home/gowtham/swarm_ws/install/crazyflie_sim:/home/gowtham/swarm_ws/install/crazyflie_examples:/home/gowtham/swarm_ws/install/crazyflie_py:/home/gowtham/swarm_ws/install/crazyflie:/home/gowtham/swarm_ws/install/crazyflie_interfaces:/home/gowtham/swarm_ws/install/control_layer:/home/gowtham/swarm_ws/install/consensus_controller:/opt/ros/humble', 'SHELL': '/bin/bash', 'QT_ACCESSIBILITY': '1', 'GDMSESSION': 'ubuntu', 'LESSCLOSE': '/usr/bin/lesspipe %s %s', 'QT_IM_MODULE': 'ibus', 'PWD': '/home/gowtham/crazyflie_ws/build/swarm_navigation', 'LC_ALL': 'en_US.UTF-8', 'XDG_CONFIG_DIRS': '/etc/xdg/xdg-ubuntu:/etc/xdg', 'XDG_DATA_DIRS': '/usr/share/ubuntu:/usr/local/share/:/usr/share/:/var/lib/snapd/desktop', 'PYTHONPATH': '/home/gowtham/crazyflie_ws/build/swarm_navigation/prefix_override:/usr/lib/python3/dist-packages/colcon_core/task/python/colcon_distutils_commands:/home/gowtham/crazyflie_ws/install/swarm_navigation/lib/python3.10/site-packages:/home/gowtham/crazyflie_ws/build/swarm_navigation:/home/gowtham/crazyflie_ws/install/swarm_navigation/lib/python3.10/site-packages:/home/gowtham/crazyflie_ws/install/swarm_guidance/lib/python3.10/site-packages:/home/gowtham/crazyflie_ws/install/crazyflie_sim/local/lib/python3.10/dist-packages:/home/gowtham/crazyflie_ws/install/crazyflie_examples/local/lib/python3.10/dist-packages:/home/gowtham/crazyflie_ws/install/crazyflie_py/lib/python3.10/site-packages:/home/gowtham/crazyflie_ws/install/crazyflie_interfaces/local/lib/python3.10/dist-packages:/home/gowtham/crazyflie_ws/build/central_swarm_control:/home/gowtham/crazyflie_ws/install/central_swarm_control/lib/python3.10/site-packages:/home/gowtham/crazyflie-firmware/build:/home/gowtham/crazyflie-firmware/build:/home/gowtham/swarm_ws/install/guidance_layer/lib/python3.10/site-packages:/home/gowtham/swarm_ws/install/crazyflie_sim/local/lib/python3.10/dist-packages:/home/gowtham/swarm_ws/install/crazyflie_examples/local/lib/python3.10/dist-packages:/home/gowtham/swarm_ws/install/crazyflie_py/lib/python3.10/site-packages:/home/gowtham/swarm_ws/install/crazyflie_interfaces/local/lib/python3.10/dist-packages:/home/gowtham/swarm_ws/install/control_layer/lib/python3.10/site-packages:/home/gowtham/swarm_ws/install/consensus_controller/lib/python3.10/site-packages:/opt/ros/humble/lib/python3.10/site-packages:/opt/ros/humble/local/lib/python3.10/dist-packages', 'COLCON': '1', 'VTE_VERSION': '6800', 'CMAKE_PREFIX_PATH': '/home/gowtham/crazyflie_ws/install/crazyflie_sim:/home/gowtham/crazyflie_ws/install/crazyflie_examples:/home/gowtham/crazyflie_ws/install/crazyflie:/home/gowtham/crazyflie_ws/install/crazyflie_interfaces:/home/gowtham/swarm_ws/install/crazyflie_sim:/home/gowtham/swarm_ws/install/crazyflie_examples:/home/gowtham/swarm_ws/install/crazyflie:/home/gowtham/swarm_ws/install/crazyflie_interfaces'}, 'shell': False}
[3.049100] (central_swarm_control) Command: {'cmd': ['/usr/bin/python3', '-W', 'ignore:setup.py install is deprecated', '-W', 'ignore:easy_install command is deprecated', 'setup.py', 'egg_info', '--egg-base', '../../build/central_swarm_control', 'build', '--build-base', '/home/gowtham/crazyflie_ws/build/central_swarm_control/build', 'install', '--record', '/home/gowtham/crazyflie_ws/build/central_swarm_control/install.log', '--single-version-externally-managed', 'install_data'], 'cwd': '/home/gowtham/crazyflie_ws/src/central_swarm_control', 'env': {'LESSOPEN': '| /usr/bin/lesspipe %s', 'LANGUAGE': 'en_IN:en', 'USER': 'gowtham', 'XDG_SESSION_TYPE': 'wayland', 'SHLVL': '1', 'LD_LIBRARY_PATH': '/home/gowtham/crazyflie_ws/install/crazyflie_interfaces/lib:/home/gowtham/swarm_ws/install/crazyflie_interfaces/lib:/opt/ros/humble/opt/rviz_ogre_vendor/lib:/opt/ros/humble/lib/x86_64-linux-gnu:/opt/ros/humble/lib', 'HOME': '/home/gowtham', 'OLDPWD': '/home/gowtham/crazyflie_ws', 'DESKTOP_SESSION': 'ubuntu', 'ROS_PYTHON_VERSION': '3', 'GNOME_SHELL_SESSION_MODE': 'ubuntu', 'GTK_MODULES': 'gail:atk-bridge', 'SYSTEMD_EXEC_PID': '3090', 'DBUS_SESSION_BUS_ADDRESS': 'unix:path=/run/user/1000/bus', 'COLORTERM': 'truecolor', 'IM_CONFIG_PHASE': '1', 'WAYLAND_DISPLAY': 'wayland-0', 'COLCON_PREFIX_PATH': '/home/gowtham/crazyflie_ws/install:/home/gowtham/swarm_ws/install', 'ROS_DISTRO': 'humble', 'LOGNAME': 'gowtham', '_': '/usr/bin/colcon', 'ROS_VERSION': '2', 'XDG_SESSION_CLASS': 'user', 'USERNAME': 'gowtham', 'TERM': 'xterm-256color', 'GNOME_DESKTOP_SESSION_ID': 'this-is-deprecated', 'ROS_LOCALHOST_ONLY': '0', 'PATH': '/opt/ros/humble/bin:/home/gowtham/.local/bin:/usr/local/sbin:/usr/local/bin:/usr/sbin:/usr/bin:/sbin:/bin:/usr/games:/usr/local/games:/snap/bin:/snap/bin:/home/gowtham/.local/bin', 'SESSION_MANAGER': 'local/gowtham:@/tmp/.ICE-unix/882,unix/gowtham:/tmp/.ICE-unix/882', 'XDG_MENU_PREFIX': 'gnome-', 'GNOME_TERMINAL_SCREEN': '/org/gnome/Terminal/screen/c2aa9c91_cb9d_4464_837a_3feabbe7a3f9', 'GNOME_SETUP_DISPLAY': ':1', 'XDG_RUNTIME_DIR': '/run/user/1000', 'DISPLAY': ':0', 'LANG': 'en_US.UTF-8', 'XDG_CURRENT_DESKTOP': 'ubuntu:GNOME', 'XMODIFIERS': '@im=ibus', 'XDG_SESSION_DESKTOP': 'ubuntu', 'XAUTHORITY': '/run/user/1000/.mutter-Xwaylandauth.NKMGQ3', 'LS_COLORS': 'rs=0:di=01;34:ln=01;36:mh=00:pi=40;33:so=01;35:do=01;35:bd=40;33;01:cd=40;33;01:or=40;31;01:mi=00:su=37;41:sg=30;43:ca=30;41:tw=30;42:ow=34;42:st=37;44:ex=01;32:*.tar=01;31:*.tgz=01;31:*.arc=01;31:*.arj=01;31:*.taz=01;31:*.lha=01;31:*.lz4=01;31:*.lzh=01;31:*.lzma=01;31:*.tlz=01;31:*.txz=01;31:*.tzo=01;31:*.t7z=01;31:*.zip=01;31:*.z=01;31:*.dz=01;31:*.gz=01;31:*.lrz=01;31:*.lz=01;31:*.lzo=01;31:*.xz=01;31:*.zst=01;31:*.tzst=01;31:*.bz2=01;31:*.bz=01;31:*.tbz=01;31:*.tbz2=01;31:*.tz=01;31:*.deb=01;31:*.rpm=01;31:*.jar=01;31:*.war=01;31:*.ear=01;31:*.sar=01;31:*.rar=01;31:*.alz=01;31:*.ace=01;31:*.zoo=01;31:*.cpio=01;31:*.7z=01;31:*.rz=01;31:*.cab=01;31:*.wim=01;31:*.swm=01;31:*.dwm=01;31:*.esd=01;31:*.jpg=01;35:*.jpeg=01;35:*.mjpg=01;35:*.mjpeg=01;35:*.gif=01;35:*.bmp=01;35:*.pbm=01;35:*.pgm=01;35:*.ppm=01;35:*.tga=01;35:*.xbm=01;35:*.xpm=01;35:*.tif=01;35:*.tiff=01;35:*.png=01;35:*.svg=01;35:*.svgz=01;35:*.mng=01;35:*.pcx=01;35:*.mov=01;35:*.mpg=01;35:*.mpeg=01;35:*.m2v=01;35:*.mkv=01;35:*.webm=01;35:*.webp=01;35:*.ogm=01;35:*.mp4=01;35:*.m4v=01;35:*.mp4v=01;35:*.vob=01;35:*.qt=01;35:*.nuv=01;35:*.wmv=01;35:*.asf=01;35:*.rm=01;35:*.rmvb=01;35:*.flc=01;35:*.avi=01;35:*.fli=01;35:*.flv=01;35:*.gl=01;35:*.dl=01;35:*.xcf=01;35:*.xwd=01;35:*.yuv=01;35:*.cgm=01;35:*.emf=01;35:*.ogv=01;35:*.ogx=01;35:*.aac=00;36:*.au=00;36:*.flac=00;36:*.m4a=00;36:*.mid=00;36:*.midi=00;36:*.mka=00;36:*.mp3=00;36:*.mpc=00;36:*.ogg=00;36:*.ra=00;36:*.wav=00;36:*.oga=00;36:*.opus=00;36:*.spx=00;36:*.xspf=00;36:', 'GNOME_TERMINAL_SERVICE': ':1.128', 'SSH_AGENT_LAUNCHER': 'gnome-keyring', 'SSH_AUTH_SOCK': '/run/user/1000/keyring/ssh', 'AMENT_PREFIX_PATH': '/home/gowtham/crazyflie_ws/install/swarm_navigation:/home/gowtham/crazyflie_ws/install/swarm_guidance:/home/gowtham/crazyflie_ws/install/crazyflie_sim:/home/gowtham/crazyflie_ws/install/crazyflie_examples:/home/gowtham/crazyflie_ws/install/crazyflie_py:/home/gowtham/crazyflie_ws/install/crazyflie:/home/gowtham/crazyflie_ws/install/crazyflie_interfaces:/home/gowtham/crazyflie_ws/install/central_swarm_control:/home/gowtham/swarm_ws/install/guidance_layer:/home/gowtham/swarm_ws/install/crazyflie_sim:/home/gowtham/swarm_ws/install/crazyflie_examples:/home/gowtham/swarm_ws/install/crazyflie_py:/home/gowtham/swarm_ws/install/crazyflie:/home/gowtham/swarm_ws/install/crazyflie_interfaces:/home/gowtham/swarm_ws/install/control_layer:/home/gowtham/swarm_ws/install/consensus_controller:/opt/ros/humble', 'SHELL': '/bin/bash', 'QT_ACCESSIBILITY': '1', 'GDMSESSION': 'ubuntu', 'LESSCLOSE': '/usr/bin/lesspipe %s %s', 'QT_IM_MODULE': 'ibus', 'PWD': '/home/gowtham/crazyflie_ws/build/central_swarm_control', 'LC_ALL': 'en_US.UTF-8', 'XDG_CONFIG_DIRS': '/etc/xdg/xdg-ubuntu:/etc/xdg', 'XDG_DATA_DIRS': '/usr/share/ubuntu:/usr/local/share/:/usr/share/:/var/lib/snapd/desktop', 'PYTHONPATH': '/home/gowtham/crazyflie_ws/build/central_swarm_control/prefix_override:/usr/lib/python3/dist-packages/colcon_core/task/python/colcon_distutils_commands:/home/gowtham/crazyflie_ws/install/central_swarm_control/lib/python3.10/site-packages:/home/gowtham/crazyflie_ws/build/swarm_navigation:/home/gowtham/crazyflie_ws/install/swarm_navigation/lib/python3.10/site-packages:/home/gowtham/crazyflie_ws/install/swarm_guidance/lib/python3.10/site-packages:/home/gowtham/crazyflie_ws/install/crazyflie_sim/local/lib/python3.10/dist-packages:/home/gowtham/crazyflie_ws/install/crazyflie_examples/local/lib/python3.10/dist-packages:/home/gowtham/crazyflie_ws/install/crazyflie_py/lib/python3.10/site-packages:/home/gowtham/crazyflie_ws/install/crazyflie_interfaces/local/lib/python3.10/dist-packages:/home/gowtham/crazyflie_ws/build/central_swarm_control:/home/gowtham/crazyflie_ws/install/central_swarm_control/lib/python3.10/site-packages:/home/gowtham/crazyflie-firmware/build:/home/gowtham/crazyflie-firmware/build:/home/gowtham/swarm_ws/install/guidance_layer/lib/python3.10/site-packages:/home/gowtham/swarm_ws/install/crazyflie_sim/local/lib/python3.10/dist-packages:/home/gowtham/swarm_ws/install/crazyflie_examples/local/lib/python3.10/dist-packages:/home/gowtham/swarm_ws/install/crazyflie_py/lib/python3.10/site-packages:/home/gowtham/swarm_ws/install/crazyflie_interfaces/local/lib/python3.10/dist-packages:/home/gowtham/swarm_ws/install/control_layer/lib/python3.10/site-packages:/home/gowtham/swarm_ws/install/consensus_controller/lib/python3.10/site-packages:/opt/ros/humble/lib/python3.10/site-packages:/opt/ros/humble/local/lib/python3.10/dist-packages', 'COLCON': '1', 'VTE_VERSION': '6800', 'CMAKE_PREFIX_PATH': '/home/gowtham/crazyflie_ws/install/crazyflie_sim:/home/gowtham/crazyflie_ws/install/crazyflie_examples:/home/gowtham/crazyflie_ws/install/crazyflie:/home/gowtham/crazyflie_ws/install/crazyflie_interfaces:/home/gowtham/swarm_ws/install/crazyflie_sim:/home/gowtham/swarm_ws/install/crazyflie_examples:/home/gowtham/swarm_ws/install/crazyflie:/home/gowtham/swarm_ws/install/crazyflie_interfaces'}, 'shell': False}
[3.120539] (-) TimerEvent: {}
[3.220923] (-) TimerEvent: {}
[3.321292] (-) TimerEvent: {}
[3.421691] (-) TimerEvent: {}
[3.524542] (-) TimerEvent: {}
[3.585619] (central_swarm_control) StdoutLine: {'line': b'running egg_info\n'}
[3.585894] (central_swarm_control) StdoutLine: {'line': b'writing ../../build/central_swarm_control/central_swarm_control.egg-info/PKG-INFO\n'}
[3.586020] (central_swarm_control) StdoutLine: {'line': b'writing dependency_links to ../../build/central_swarm_control/central_swarm_control.egg-info/dependency_links.txt\n'}
[3.586217] (central_swarm_control) StdoutLine: {'line': b'writing entry points to ../../build/central_swarm_control/central_swarm_control.egg-info/entry_points.txt\n'}
[3.586338] (central_swarm_control) StdoutLine: {'line': b'writing requirements to ../../build/central_swarm_control/central_swarm_control.egg-info/requires.txt\n'}
[3.586450] (central_swarm_control) StdoutLine: {'line': b'writing top-level names to ../../build/central_swarm_control/central_swarm_control.egg-info/top_level.txt\n'}
[3.591769] (central_swarm_control) StdoutLine: {'line': b"reading manifest file '../../build/central_swarm_control/central_swarm_control.egg-info/SOURCES.txt'\n"}
[3.593925] (central_swarm_control) StdoutLine: {'line': b"writing manifest file '../../build/central_swarm_control/central_swarm_control.egg-info/SOURCES.txt'\n"}
[3.594229] (central_swarm_control) StdoutLine: {'line': b'running build\n'}
[3.594346] (central_swarm_control) StdoutLine: {'line': b'running build_py\n'}
[3.594784] (central_swarm_control) StdoutLine: {'line': b'running install\n'}
[3.595514] (central_swarm_control) StdoutLine: {'line': b'running install_lib\n'}
[3.598229] (central_swarm_control) StdoutLine: {'line': b'running install_data\n'}
[3.599979] (central_swarm_control) StdoutLine: {'line': b'running install_egg_info\n'}
[3.602657] (central_swarm_control) StdoutLine: {'line': b"removing '/home/gowtham/crazyflie_ws/install/central_swarm_control/lib/python3.10/site-packages/central_swarm_control-0.0.0-py3.10.egg-info' (and everything under it)\n"}
[3.603333] (central_swarm_control) StdoutLine: {'line': b'Copying ../../build/central_swarm_control/central_swarm_control.egg-info to /home/gowtham/crazyflie_ws/install/central_swarm_control/lib/python3.10/site-packages/central_swarm_control-0.0.0-py3.10.egg-info\n'}
[3.604386] (swarm_navigation) StdoutLine: {'line': b'running egg_info\n'}
[3.605047] (central_swarm_control) StdoutLine: {'line': b'running install_scripts\n'}
[3.605943] (swarm_navigation) StdoutLine: {'line': b'writing ../../build/swarm_navigation/swarm_navigation.egg-info/PKG-INFO\n'}
[3.606336] (swarm_navigation) StdoutLine: {'line': b'writing dependency_links to ../../build/swarm_navigation/swarm_navigation.egg-info/dependency_links.txt\n'}
[3.606616] (swarm_navigation) StdoutLine: {'line': b'writing entry points to ../../build/swarm_navigation/swarm_navigation.egg-info/entry_points.txt\n'}
[3.608620] (swarm_navigation) StdoutLine: {'line': b'writing requirements to ../../build/swarm_navigation/swarm_navigation.egg-info/requires.txt\n'}
[3.608997] (swarm_navigation) StdoutLine: {'line': b'writing top-level names to ../../build/swarm_navigation/swarm_navigation.egg-info/top_level.txt\n'}
[3.611159] (swarm_navigation) StdoutLine: {'line': b"reading manifest file '../../build/swarm_navigation/swarm_navigation.egg-info/SOURCES.txt'\n"}
[3.613365] (swarm_navigation) StdoutLine: {'line': b"writing manifest file '../../build/swarm_navigation/swarm_navigation.egg-info/SOURCES.txt'\n"}
[3.613695] (swarm_navigation) StdoutLine: {'line': b'running build\n'}
[3.613831] (swarm_navigation) StdoutLine: {'line': b'running build_py\n'}
[3.614129] (swarm_navigation) StdoutLine: {'line': b'running install\n'}
[3.614794] (swarm_navigation) StdoutLine: {'line': b'running install_lib\n'}
[3.617529] (swarm_navigation) StdoutLine: {'line': b'running install_data\n'}
[3.617815] (swarm_navigation) StdoutLine: {'line': b'running install_egg_info\n'}
[3.623612] (swarm_navigation) StdoutLine: {'line': b"removing '/home/gowtham/crazyflie_ws/install/swarm_navigation/lib/python3.10/site-packages/swarm_navigation-0.0.0-py3.10.egg-info' (and everything under it)\n"}
[3.623851] (swarm_navigation) StdoutLine: {'line': b'Copying ../../build/swarm_navigation/swarm_navigation.egg-info to /home/gowtham/crazyflie_ws/install/swarm_navigation/lib/python3.10/site-packages/swarm_navigation-0.0.0-py3.10.egg-info\n'}
[3.623975] (swarm_navigation) StdoutLine: {'line': b'running install_scripts\n'}
[3.624630] (-) TimerEvent: {}
[3.648531] (central_swarm_control) StdoutLine: {'line': b'Installing control_node script to /home/gowtham/crazyflie_ws/install/central_swarm_control/lib/central_swarm_control\n'}
[3.649117] (central_swarm_control) StdoutLine: {'line': b"writing list of installed files to '/home/gowtham/crazyflie_ws/build/central_swarm_control/install.log'\n"}
[3.683252] (swarm_navigation) StdoutLine: {'line': b'Installing navigation_node script to /home/gowtham/crazyflie_ws/install/swarm_navigation/lib/swarm_navigation\n'}
[3.683971] (swarm_navigation) StdoutLine: {'line': b"writing list of installed files to '/home/gowtham/crazyflie_ws/build/swarm_navigation/install.log'\n"}
[3.723787] (central_swarm_control) CommandEnded: {'returncode': 0}
[3.724965] (-) TimerEvent: {}
[3.744595] (central_swarm_control) JobEnded: {'identifier': 'central_swarm_control', 'rc': 0}
[3.745439] (crazyflie) JobStarted: {'identifier': 'crazyflie'}
[3.747268] (swarm_guidance) StdoutLine: {'line': b'running egg_info\n'}
[3.748518] (swarm_guidance) StdoutLine: {'line': b'writing ../../build/swarm_guidance/swarm_guidance.egg-info/PKG-INFO\n'}
[3.748887] (swarm_guidance) StdoutLine: {'line': b'writing dependency_links to ../../build/swarm_guidance/swarm_guidance.egg-info/dependency_links.txt\n'}
[3.749178] (swarm_guidance) StdoutLine: {'line': b'writing entry points to ../../build/swarm_guidance/swarm_guidance.egg-info/entry_points.txt\n'}
[3.749463] (swarm_guidance) StdoutLine: {'line': b'writing requirements to ../../build/swarm_guidance/swarm_guidance.egg-info/requires.txt\n'}
[3.749665] (swarm_guidance) StdoutLine: {'line': b'writing top-level names to ../../build/swarm_guidance/swarm_guidance.egg-info/top_level.txt\n'}
[3.753867] (swarm_guidance) StdoutLine: {'line': b"reading manifest file '../../build/swarm_guidance/swarm_guidance.egg-info/SOURCES.txt'\n"}
[3.757252] (swarm_guidance) StdoutLine: {'line': b"writing manifest file '../../build/swarm_guidance/swarm_guidance.egg-info/SOURCES.txt'\n"}
[3.757401] (swarm_guidance) StdoutLine: {'line': b'running build\n'}
[3.757518] (swarm_guidance) StdoutLine: {'line': b'running build_py\n'}
[3.757619] (swarm_guidance) StdoutLine: {'line': b'copying swarm_guidance/guidance_node.py -> /home/gowtham/crazyflie_ws/build/swarm_guidance/build/lib/swarm_guidance\n'}
[3.757713] (swarm_guidance) StdoutLine: {'line': b'running install\n'}
[3.757808] (swarm_guidance) StdoutLine: {'line': b'running install_lib\n'}
[3.759031] (swarm_guidance) StdoutLine: {'line': b'copying /home/gowtham/crazyflie_ws/build/swarm_guidance/build/lib/swarm_guidance/guidance_node.py -> /home/gowtham/crazyflie_ws/install/swarm_guidance/lib/python3.10/site-packages/swarm_guidance\n'}
[3.760243] (swarm_navigation) CommandEnded: {'returncode': 0}
[3.762154] (swarm_guidance) StdoutLine: {'line': b'byte-compiling /home/gowtham/crazyflie_ws/install/swarm_guidance/lib/python3.10/site-packages/swarm_guidance/guidance_node.py to guidance_node.cpython-310.pyc\n'}
[3.765995] (swarm_guidance) StdoutLine: {'line': b'running install_data\n'}
[3.766280] (swarm_guidance) StdoutLine: {'line': b'running install_egg_info\n'}
[3.771728] (swarm_guidance) StdoutLine: {'line': b"removing '/home/gowtham/crazyflie_ws/install/swarm_guidance/lib/python3.10/site-packages/swarm_guidance-0.0.0-py3.10.egg-info' (and everything under it)\n"}
[3.772110] (swarm_navigation) JobEnded: {'identifier': 'swarm_navigation', 'rc': 0}
[3.772775] (crazyflie_sim) JobStarted: {'identifier': 'crazyflie_sim'}
[3.772852] (swarm_guidance) StdoutLine: {'line': b'Copying ../../build/swarm_guidance/swarm_guidance.egg-info to /home/gowtham/crazyflie_ws/install/swarm_guidance/lib/python3.10/site-packages/swarm_guidance-0.0.0-py3.10.egg-info\n'}
[3.773065] (swarm_guidance) StdoutLine: {'line': b'running install_scripts\n'}
[3.781795] (crazyflie) JobProgress: {'identifier': 'crazyflie', 'progress': 'cmake'}
[3.782173] (crazyflie) JobProgress: {'identifier': 'crazyflie', 'progress': 'build'}
[3.782734] (crazyflie) Command: {'cmd': ['/usr/bin/cmake', '--build', '/home/gowtham/crazyflie_ws/build/crazyflie', '--', '-j4', '-l4'], 'cwd': '/home/gowtham/crazyflie_ws/build/crazyflie', 'env': OrderedDict([('LESSOPEN', '| /usr/bin/lesspipe %s'), ('LANGUAGE', 'en_IN:en'), ('USER', 'gowtham'), ('XDG_SESSION_TYPE', 'wayland'), ('SHLVL', '1'), ('LD_LIBRARY_PATH', '/home/gowtham/crazyflie_ws/install/crazyflie_interfaces/lib:/home/gowtham/swarm_ws/install/crazyflie_interfaces/lib:/opt/ros/humble/opt/rviz_ogre_vendor/lib:/opt/ros/humble/lib/x86_64-linux-gnu:/opt/ros/humble/lib'), ('HOME', '/home/gowtham'), ('OLDPWD', '/home/gowtham/crazyflie_ws'), ('DESKTOP_SESSION', 'ubuntu'), ('ROS_PYTHON_VERSION', '3'), ('GNOME_SHELL_SESSION_MODE', 'ubuntu'), ('GTK_MODULES', 'gail:atk-bridge'), ('SYSTEMD_EXEC_PID', '3090'), ('DBUS_SESSION_BUS_ADDRESS', 'unix:path=/run/user/1000/bus'), ('COLORTERM', 'truecolor'), ('IM_CONFIG_PHASE', '1'), ('WAYLAND_DISPLAY', 'wayland-0'), ('COLCON_PREFIX_PATH', '/home/gowtham/crazyflie_ws/install:/home/gowtham/swarm_ws/install'), ('ROS_DISTRO', 'humble'), ('LOGNAME', 'gowtham'), ('_', '/usr/bin/colcon'), ('ROS_VERSION', '2'), ('XDG_SESSION_CLASS', 'user'), ('USERNAME', 'gowtham'), ('TERM', 'xterm-256color'), ('GNOME_DESKTOP_SESSION_ID', 'this-is-deprecated'), ('ROS_LOCALHOST_ONLY', '0'), ('PATH', '/opt/ros/humble/bin:/home/gowtham/.local/bin:/usr/local/sbin:/usr/local/bin:/usr/sbin:/usr/bin:/sbin:/bin:/usr/games:/usr/local/games:/snap/bin:/snap/bin:/home/gowtham/.local/bin'), ('SESSION_MANAGER', 'local/gowtham:@/tmp/.ICE-unix/882,unix/gowtham:/tmp/.ICE-unix/882'), ('XDG_MENU_PREFIX', 'gnome-'), ('GNOME_TERMINAL_SCREEN', '/org/gnome/Terminal/screen/c2aa9c91_cb9d_4464_837a_3feabbe7a3f9'), ('GNOME_SETUP_DISPLAY', ':1'), ('XDG_RUNTIME_DIR', '/run/user/1000'), ('DISPLAY', ':0'), ('LANG', 'en_US.UTF-8'), ('XDG_CURRENT_DESKTOP', 'ubuntu:GNOME'), ('XMODIFIERS', '@im=ibus'), ('XDG_SESSION_DESKTOP', 'ubuntu'), ('XAUTHORITY', '/run/user/1000/.mutter-Xwaylandauth.NKMGQ3'), ('LS_COLORS', 'rs=0:di=01;34:ln=01;36:mh=00:pi=40;33:so=01;35:do=01;35:bd=40;33;01:cd=40;33;01:or=40;31;01:mi=00:su=37;41:sg=30;43:ca=30;41:tw=30;42:ow=34;42:st=37;44:ex=01;32:*.tar=01;31:*.tgz=01;31:*.arc=01;31:*.arj=01;31:*.taz=01;31:*.lha=01;31:*.lz4=01;31:*.lzh=01;31:*.lzma=01;31:*.tlz=01;31:*.txz=01;31:*.tzo=01;31:*.t7z=01;31:*.zip=01;31:*.z=01;31:*.dz=01;31:*.gz=01;31:*.lrz=01;31:*.lz=01;31:*.lzo=01;31:*.xz=01;31:*.zst=01;31:*.tzst=01;31:*.bz2=01;31:*.bz=01;31:*.tbz=01;31:*.tbz2=01;31:*.tz=01;31:*.deb=01;31:*.rpm=01;31:*.jar=01;31:*.war=01;31:*.ear=01;31:*.sar=01;31:*.rar=01;31:*.alz=01;31:*.ace=01;31:*.zoo=01;31:*.cpio=01;31:*.7z=01;31:*.rz=01;31:*.cab=01;31:*.wim=01;31:*.swm=01;31:*.dwm=01;31:*.esd=01;31:*.jpg=01;35:*.jpeg=01;35:*.mjpg=01;35:*.mjpeg=01;35:*.gif=01;35:*.bmp=01;35:*.pbm=01;35:*.pgm=01;35:*.ppm=01;35:*.tga=01;35:*.xbm=01;35:*.xpm=01;35:*.tif=01;35:*.tiff=01;35:*.png=01;35:*.svg=01;35:*.svgz=01;35:*.mng=01;35:*.pcx=01;35:*.mov=01;35:*.mpg=01;35:*.mpeg=01;35:*.m2v=01;35:*.mkv=01;35:*.webm=01;35:*.webp=01;35:*.ogm=01;35:*.mp4=01;35:*.m4v=01;35:*.mp4v=01;35:*.vob=01;35:*.qt=01;35:*.nuv=01;35:*.wmv=01;35:*.asf=01;35:*.rm=01;35:*.rmvb=01;35:*.flc=01;35:*.avi=01;35:*.fli=01;35:*.flv=01;35:*.gl=01;35:*.dl=01;35:*.xcf=01;35:*.xwd=01;35:*.yuv=01;35:*.cgm=01;35:*.emf=01;35:*.ogv=01;35:*.ogx=01;35:*.aac=00;36:*.au=00;36:*.flac=00;36:*.m4a=00;36:*.mid=00;36:*.midi=00;36:*.mka=00;36:*.mp3=00;36:*.mpc=00;36:*.ogg=00;36:*.ra=00;36:*.wav=00;36:*.oga=00;36:*.opus=00;36:*.spx=00;36:*.xspf=00;36:'), ('GNOME_TERMINAL_SERVICE', ':1.128'), ('SSH_AGENT_LAUNCHER', 'gnome-keyring'), ('SSH_AUTH_SOCK', '/run/user/1000/keyring/ssh'), ('AMENT_PREFIX_PATH', '/home/gowtham/crazyflie_ws/install/swarm_navigation:/home/gowtham/crazyflie_ws/install/swarm_guidance:/home/gowtham/crazyflie_ws/install/crazyflie_sim:/home/gowtham/crazyflie_ws/install/crazyflie_examples:/home/gowtham/crazyflie_ws/install/crazyflie_py:/home/gowtham/crazyflie_ws/install/crazyflie:/home/gowtham/crazyflie_ws/install/crazyflie_interfaces:/home/gowtham/crazyflie_ws/install/central_swarm_control:/home/gowtham/swarm_ws/install/guidance_layer:/home/gowtham/swarm_ws/install/crazyflie_sim:/home/gowtham/swarm_ws/install/crazyflie_examples:/home/gowtham/swarm_ws/install/crazyflie_py:/home/gowtham/swarm_ws/install/crazyflie:/home/gowtham/swarm_ws/install/crazyflie_interfaces:/home/gowtham/swarm_ws/install/control_layer:/home/gowtham/swarm_ws/install/consensus_controller:/opt/ros/humble'), ('SHELL', '/bin/bash'), ('QT_ACCESSIBILITY', '1'), ('GDMSESSION', 'ubuntu'), ('LESSCLOSE', '/usr/bin/lesspipe %s %s'), ('QT_IM_MODULE', 'ibus'), ('PWD', '/home/gowtham/crazyflie_ws/build/crazyflie'), ('LC_ALL', 'en_US.UTF-8'), ('XDG_CONFIG_DIRS', '/etc/xdg/xdg-ubuntu:/etc/xdg'), ('XDG_DATA_DIRS', '/usr/share/ubuntu:/usr/local/share/:/usr/share/:/var/lib/snapd/desktop'), ('PYTHONPATH', '/home/gowtham/crazyflie_ws/build/swarm_navigation:/home/gowtham/crazyflie_ws/install/swarm_navigation/lib/python3.10/site-packages:/home/gowtham/crazyflie_ws/install/swarm_guidance/lib/python3.10/site-packages:/home/gowtham/crazyflie_ws/install/crazyflie_sim/local/lib/python3.10/dist-packages:/home/gowtham/crazyflie_ws/install/crazyflie_examples/local/lib/python3.10/dist-packages:/home/gowtham/crazyflie_ws/install/crazyflie_py/lib/python3.10/site-packages:/home/gowtham/crazyflie_ws/install/crazyflie_interfaces/local/lib/python3.10/dist-packages:/home/gowtham/crazyflie_ws/build/central_swarm_control:/home/gowtham/crazyflie_ws/install/central_swarm_control/lib/python3.10/site-packages:/home/gowtham/crazyflie-firmware/build:/home/gowtham/crazyflie-firmware/build:/home/gowtham/swarm_ws/install/guidance_layer/lib/python3.10/site-packages:/home/gowtham/swarm_ws/install/crazyflie_sim/local/lib/python3.10/dist-packages:/home/gowtham/swarm_ws/install/crazyflie_examples/local/lib/python3.10/dist-packages:/home/gowtham/swarm_ws/install/crazyflie_py/lib/python3.10/site-packages:/home/gowtham/swarm_ws/install/crazyflie_interfaces/local/lib/python3.10/dist-packages:/home/gowtham/swarm_ws/install/control_layer/lib/python3.10/site-packages:/home/gowtham/swarm_ws/install/consensus_controller/lib/python3.10/site-packages:/opt/ros/humble/lib/python3.10/site-packages:/opt/ros/humble/local/lib/python3.10/dist-packages'), ('COLCON', '1'), ('VTE_VERSION', '6800'), ('CMAKE_PREFIX_PATH', '/home/gowtham/crazyflie_ws/install/crazyflie_interfaces:/home/gowtham/crazyflie_ws/install/crazyflie_sim:/home/gowtham/crazyflie_ws/install/crazyflie_examples:/home/gowtham/crazyflie_ws/install/crazyflie:/home/gowtham/swarm_ws/install/crazyflie_sim:/home/gowtham/swarm_ws/install/crazyflie_examples:/home/gowtham/swarm_ws/install/crazyflie:/home/gowtham/swarm_ws/install/crazyflie_interfaces:/home/gowtham/crazyflie_ws/install/swarm_navigation:/home/gowtham/crazyflie_ws/install/swarm_guidance:/home/gowtham/crazyflie_ws/install/crazyflie_py:/home/gowtham/crazyflie_ws/install/central_swarm_control:/home/gowtham/swarm_ws/install/guidance_layer:/home/gowtham/swarm_ws/install/crazyflie_py:/home/gowtham/swarm_ws/install/control_layer:/home/gowtham/swarm_ws/install/consensus_controller:/opt/ros/humble')]), 'shell': False}
[3.796819] (crazyflie_sim) JobProgress: {'identifier': 'crazyflie_sim', 'progress': 'cmake'}
[3.796930] (crazyflie_sim) JobProgress: {'identifier': 'crazyflie_sim', 'progress': 'build'}
[3.796968] (crazyflie_sim) Command: {'cmd': ['/usr/bin/cmake', '--build', '/home/gowtham/crazyflie_ws/build/crazyflie_sim', '--', '-j4', '-l4'], 'cwd': '/home/gowtham/crazyflie_ws/build/crazyflie_sim', 'env': OrderedDict([('LESSOPEN', '| /usr/bin/lesspipe %s'), ('LANGUAGE', 'en_IN:en'), ('USER', 'gowtham'), ('XDG_SESSION_TYPE', 'wayland'), ('SHLVL', '1'), ('LD_LIBRARY_PATH', '/home/gowtham/crazyflie_ws/install/crazyflie_interfaces/lib:/home/gowtham/swarm_ws/install/crazyflie_interfaces/lib:/opt/ros/humble/opt/rviz_ogre_vendor/lib:/opt/ros/humble/lib/x86_64-linux-gnu:/opt/ros/humble/lib'), ('HOME', '/home/gowtham'), ('OLDPWD', '/home/gowtham/crazyflie_ws'), ('DESKTOP_SESSION', 'ubuntu'), ('ROS_PYTHON_VERSION', '3'), ('GNOME_SHELL_SESSION_MODE', 'ubuntu'), ('GTK_MODULES', 'gail:atk-bridge'), ('SYSTEMD_EXEC_PID', '3090'), ('DBUS_SESSION_BUS_ADDRESS', 'unix:path=/run/user/1000/bus'), ('COLORTERM', 'truecolor'), ('IM_CONFIG_PHASE', '1'), ('WAYLAND_DISPLAY', 'wayland-0'), ('COLCON_PREFIX_PATH', '/home/gowtham/crazyflie_ws/install:/home/gowtham/swarm_ws/install'), ('ROS_DISTRO', 'humble'), ('LOGNAME', 'gowtham'), ('_', '/usr/bin/colcon'), ('ROS_VERSION', '2'), ('XDG_SESSION_CLASS', 'user'), ('USERNAME', 'gowtham'), ('TERM', 'xterm-256color'), ('GNOME_DESKTOP_SESSION_ID', 'this-is-deprecated'), ('ROS_LOCALHOST_ONLY', '0'), ('PATH', '/opt/ros/humble/bin:/home/gowtham/.local/bin:/usr/local/sbin:/usr/local/bin:/usr/sbin:/usr/bin:/sbin:/bin:/usr/games:/usr/local/games:/snap/bin:/snap/bin:/home/gowtham/.local/bin'), ('SESSION_MANAGER', 'local/gowtham:@/tmp/.ICE-unix/882,unix/gowtham:/tmp/.ICE-unix/882'), ('XDG_MENU_PREFIX', 'gnome-'), ('GNOME_TERMINAL_SCREEN', '/org/gnome/Terminal/screen/c2aa9c91_cb9d_4464_837a_3feabbe7a3f9'), ('GNOME_SETUP_DISPLAY', ':1'), ('XDG_RUNTIME_DIR', '/run/user/1000'), ('DISPLAY', ':0'), ('LANG', 'en_US.UTF-8'), ('XDG_CURRENT_DESKTOP', 'ubuntu:GNOME'), ('XMODIFIERS', '@im=ibus'), ('XDG_SESSION_DESKTOP', 'ubuntu'), ('XAUTHORITY', '/run/user/1000/.mutter-Xwaylandauth.NKMGQ3'), ('LS_COLORS', 'rs=0:di=01;34:ln=01;36:mh=00:pi=40;33:so=01;35:do=01;35:bd=40;33;01:cd=40;33;01:or=40;31;01:mi=00:su=37;41:sg=30;43:ca=30;41:tw=30;42:ow=34;42:st=37;44:ex=01;32:*.tar=01;31:*.tgz=01;31:*.arc=01;31:*.arj=01;31:*.taz=01;31:*.lha=01;31:*.lz4=01;31:*.lzh=01;31:*.lzma=01;31:*.tlz=01;31:*.txz=01;31:*.tzo=01;31:*.t7z=01;31:*.zip=01;31:*.z=01;31:*.dz=01;31:*.gz=01;31:*.lrz=01;31:*.lz=01;31:*.lzo=01;31:*.xz=01;31:*.zst=01;31:*.tzst=01;31:*.bz2=01;31:*.bz=01;31:*.tbz=01;31:*.tbz2=01;31:*.tz=01;31:*.deb=01;31:*.rpm=01;31:*.jar=01;31:*.war=01;31:*.ear=01;31:*.sar=01;31:*.rar=01;31:*.alz=01;31:*.ace=01;31:*.zoo=01;31:*.cpio=01;31:*.7z=01;31:*.rz=01;31:*.cab=01;31:*.wim=01;31:*.swm=01;31:*.dwm=01;31:*.esd=01;31:*.jpg=01;35:*.jpeg=01;35:*.mjpg=01;35:*.mjpeg=01;35:*.gif=01;35:*.bmp=01;35:*.pbm=01;35:*.pgm=01;35:*.ppm=01;35:*.tga=01;35:*.xbm=01;35:*.xpm=01;35:*.tif=01;35:*.tiff=01;35:*.png=01;35:*.svg=01;35:*.svgz=01;35:*.mng=01;35:*.pcx=01;35:*.mov=01;35:*.mpg=01;35:*.mpeg=01;35:*.m2v=01;35:*.mkv=01;35:*.webm=01;35:*.webp=01;35:*.ogm=01;35:*.mp4=01;35:*.m4v=01;35:*.mp4v=01;35:*.vob=01;35:*.qt=01;35:*.nuv=01;35:*.wmv=01;35:*.asf=01;35:*.rm=01;35:*.rmvb=01;35:*.flc=01;35:*.avi=01;35:*.fli=01;35:*.flv=01;35:*.gl=01;35:*.dl=01;35:*.xcf=01;35:*.xwd=01;35:*.yuv=01;35:*.cgm=01;35:*.emf=01;35:*.ogv=01;35:*.ogx=01;35:*.aac=00;36:*.au=00;36:*.flac=00;36:*.m4a=00;36:*.mid=00;36:*.midi=00;36:*.mka=00;36:*.mp3=00;36:*.mpc=00;36:*.ogg=00;36:*.ra=00;36:*.wav=00;36:*.oga=00;36:*.opus=00;36:*.spx=00;36:*.xspf=00;36:'), ('GNOME_TERMINAL_SERVICE', ':1.128'), ('SSH_AGENT_LAUNCHER', 'gnome-keyring'), ('SSH_AUTH_SOCK', '/run/user/1000/keyring/ssh'), ('AMENT_PREFIX_PATH', '/home/gowtham/crazyflie_ws/install/swarm_navigation:/home/gowtham/crazyflie_ws/install/swarm_guidance:/home/gowtham/crazyflie_ws/install/crazyflie_sim:/home/gowtham/crazyflie_ws/install/crazyflie_examples:/home/gowtham/crazyflie_ws/install/crazyflie_py:/home/gowtham/crazyflie_ws/install/crazyflie:/home/gowtham/crazyflie_ws/install/crazyflie_interfaces:/home/gowtham/crazyflie_ws/install/central_swarm_control:/home/gowtham/swarm_ws/install/guidance_layer:/home/gowtham/swarm_ws/install/crazyflie_sim:/home/gowtham/swarm_ws/install/crazyflie_examples:/home/gowtham/swarm_ws/install/crazyflie_py:/home/gowtham/swarm_ws/install/crazyflie:/home/gowtham/swarm_ws/install/crazyflie_interfaces:/home/gowtham/swarm_ws/install/control_layer:/home/gowtham/swarm_ws/install/consensus_controller:/opt/ros/humble'), ('SHELL', '/bin/bash'), ('QT_ACCESSIBILITY', '1'), ('GDMSESSION', 'ubuntu'), ('LESSCLOSE', '/usr/bin/lesspipe %s %s'), ('QT_IM_MODULE', 'ibus'), ('PWD', '/home/gowtham/crazyflie_ws/build/crazyflie_sim'), ('LC_ALL', 'en_US.UTF-8'), ('XDG_CONFIG_DIRS', '/etc/xdg/xdg-ubuntu:/etc/xdg'), ('XDG_DATA_DIRS', '/usr/share/ubuntu:/usr/local/share/:/usr/share/:/var/lib/snapd/desktop'), ('PYTHONPATH', '/home/gowtham/crazyflie_ws/build/swarm_navigation:/home/gowtham/crazyflie_ws/install/swarm_navigation/lib/python3.10/site-packages:/home/gowtham/crazyflie_ws/install/swarm_guidance/lib/python3.10/site-packages:/home/gowtham/crazyflie_ws/install/crazyflie_sim/local/lib/python3.10/dist-packages:/home/gowtham/crazyflie_ws/install/crazyflie_examples/local/lib/python3.10/dist-packages:/home/gowtham/crazyflie_ws/install/crazyflie_py/lib/python3.10/site-packages:/home/gowtham/crazyflie_ws/install/crazyflie_interfaces/local/lib/python3.10/dist-packages:/home/gowtham/crazyflie_ws/build/central_swarm_control:/home/gowtham/crazyflie_ws/install/central_swarm_control/lib/python3.10/site-packages:/home/gowtham/crazyflie-firmware/build:/home/gowtham/crazyflie-firmware/build:/home/gowtham/swarm_ws/install/guidance_layer/lib/python3.10/site-packages:/home/gowtham/swarm_ws/install/crazyflie_sim/local/lib/python3.10/dist-packages:/home/gowtham/swarm_ws/install/crazyflie_examples/local/lib/python3.10/dist-packages:/home/gowtham/swarm_ws/install/crazyflie_py/lib/python3.10/site-packages:/home/gowtham/swarm_ws/install/crazyflie_interfaces/local/lib/python3.10/dist-packages:/home/gowtham/swarm_ws/install/control_layer/lib/python3.10/site-packages:/home/gowtham/swarm_ws/install/consensus_controller/lib/python3.10/site-packages:/opt/ros/humble/lib/python3.10/site-packages:/opt/ros/humble/local/lib/python3.10/dist-packages'), ('COLCON', '1'), ('VTE_VERSION', '6800'), ('CMAKE_PREFIX_PATH', '/home/gowtham/crazyflie_ws/install/crazyflie_interfaces:/home/gowtham/crazyflie_ws/install/crazyflie_sim:/home/gowtham/crazyflie_ws/install/crazyflie_examples:/home/gowtham/crazyflie_ws/install/crazyflie:/home/gowtham/swarm_ws/install/crazyflie_sim:/home/gowtham/swarm_ws/install/crazyflie_examples:/home/gowtham/swarm_ws/install/crazyflie:/home/gowtham/swarm_ws/install/crazyflie_interfaces:/home/gowtham/crazyflie_ws/install/swarm_navigation:/home/gowtham/crazyflie_ws/install/swarm_guidance:/home/gowtham/crazyflie_ws/install/crazyflie_py:/home/gowtham/crazyflie_ws/install/central_swarm_control:/home/gowtham/swarm_ws/install/guidance_layer:/home/gowtham/swarm_ws/install/crazyflie_py:/home/gowtham/swarm_ws/install/control_layer:/home/gowtham/swarm_ws/install/consensus_controller:/opt/ros/humble')]), 'shell': False}
[3.816228] (swarm_guidance) StdoutLine: {'line': b'Installing guidance_node script to /home/gowtham/crazyflie_ws/install/swarm_guidance/lib/swarm_guidance\n'}
[3.816580] (swarm_guidance) StdoutLine: {'line': b"writing list of installed files to '/home/gowtham/crazyflie_ws/build/swarm_guidance/install.log'\n"}
[3.825202] (-) TimerEvent: {}
[3.887273] (swarm_guidance) CommandEnded: {'returncode': 0}
[3.901077] (swarm_guidance) JobEnded: {'identifier': 'swarm_guidance', 'rc': 0}
[3.916549] (crazyflie_py) Command: {'cmd': ['/usr/bin/python3', '-W', 'ignore:setup.py install is deprecated', '-W', 'ignore:easy_install command is deprecated', 'setup.py', 'egg_info', '--egg-base', '../../../build/crazyflie_py', 'build', '--build-base', '/home/gowtham/crazyflie_ws/build/crazyflie_py/build', 'install', '--record', '/home/gowtham/crazyflie_ws/build/crazyflie_py/install.log', '--single-version-externally-managed', 'install_data'], 'cwd': '/home/gowtham/crazyflie_ws/src/crazyswarm2/crazyflie_py', 'env': {'LESSOPEN': '| /usr/bin/lesspipe %s', 'LANGUAGE': 'en_IN:en', 'USER': 'gowtham', 'XDG_SESSION_TYPE': 'wayland', 'SHLVL': '1', 'LD_LIBRARY_PATH': '/home/gowtham/crazyflie_ws/install/crazyflie_interfaces/lib:/home/gowtham/swarm_ws/install/crazyflie_interfaces/lib:/opt/ros/humble/opt/rviz_ogre_vendor/lib:/opt/ros/humble/lib/x86_64-linux-gnu:/opt/ros/humble/lib', 'HOME': '/home/gowtham', 'OLDPWD': '/home/gowtham/crazyflie_ws', 'DESKTOP_SESSION': 'ubuntu', 'ROS_PYTHON_VERSION': '3', 'GNOME_SHELL_SESSION_MODE': 'ubuntu', 'GTK_MODULES': 'gail:atk-bridge', 'SYSTEMD_EXEC_PID': '3090', 'DBUS_SESSION_BUS_ADDRESS': 'unix:path=/run/user/1000/bus', 'COLORTERM': 'truecolor', 'IM_CONFIG_PHASE': '1', 'WAYLAND_DISPLAY': 'wayland-0', 'COLCON_PREFIX_PATH': '/home/gowtham/crazyflie_ws/install:/home/gowtham/swarm_ws/install', 'ROS_DISTRO': 'humble', 'LOGNAME': 'gowtham', '_': '/usr/bin/colcon', 'ROS_VERSION': '2', 'XDG_SESSION_CLASS': 'user', 'USERNAME': 'gowtham', 'TERM': 'xterm-256color', 'GNOME_DESKTOP_SESSION_ID': 'this-is-deprecated', 'ROS_LOCALHOST_ONLY': '0', 'PATH': '/opt/ros/humble/bin:/home/gowtham/.local/bin:/usr/local/sbin:/usr/local/bin:/usr/sbin:/usr/bin:/sbin:/bin:/usr/games:/usr/local/games:/snap/bin:/snap/bin:/home/gowtham/.local/bin', 'SESSION_MANAGER': 'local/gowtham:@/tmp/.ICE-unix/882,unix/gowtham:/tmp/.ICE-unix/882', 'XDG_MENU_PREFIX': 'gnome-', 'GNOME_TERMINAL_SCREEN': '/org/gnome/Terminal/screen/c2aa9c91_cb9d_4464_837a_3feabbe7a3f9', 'GNOME_SETUP_DISPLAY': ':1', 'XDG_RUNTIME_DIR': '/run/user/1000', 'DISPLAY': ':0', 'LANG': 'en_US.UTF-8', 'XDG_CURRENT_DESKTOP': 'ubuntu:GNOME', 'XMODIFIERS': '@im=ibus', 'XDG_SESSION_DESKTOP': 'ubuntu', 'XAUTHORITY': '/run/user/1000/.mutter-Xwaylandauth.NKMGQ3', 'LS_COLORS': 'rs=0:di=01;34:ln=01;36:mh=00:pi=40;33:so=01;35:do=01;35:bd=40;33;01:cd=40;33;01:or=40;31;01:mi=00:su=37;41:sg=30;43:ca=30;41:tw=30;42:ow=34;42:st=37;44:ex=01;32:*.tar=01;31:*.tgz=01;31:*.arc=01;31:*.arj=01;31:*.taz=01;31:*.lha=01;31:*.lz4=01;31:*.lzh=01;31:*.lzma=01;31:*.tlz=01;31:*.txz=01;31:*.tzo=01;31:*.t7z=01;31:*.zip=01;31:*.z=01;31:*.dz=01;31:*.gz=01;31:*.lrz=01;31:*.lz=01;31:*.lzo=01;31:*.xz=01;31:*.zst=01;31:*.tzst=01;31:*.bz2=01;31:*.bz=01;31:*.tbz=01;31:*.tbz2=01;31:*.tz=01;31:*.deb=01;31:*.rpm=01;31:*.jar=01;31:*.war=01;31:*.ear=01;31:*.sar=01;31:*.rar=01;31:*.alz=01;31:*.ace=01;31:*.zoo=01;31:*.cpio=01;31:*.7z=01;31:*.rz=01;31:*.cab=01;31:*.wim=01;31:*.swm=01;31:*.dwm=01;31:*.esd=01;31:*.jpg=01;35:*.jpeg=01;35:*.mjpg=01;35:*.mjpeg=01;35:*.gif=01;35:*.bmp=01;35:*.pbm=01;35:*.pgm=01;35:*.ppm=01;35:*.tga=01;35:*.xbm=01;35:*.xpm=01;35:*.tif=01;35:*.tiff=01;35:*.png=01;35:*.svg=01;35:*.svgz=01;35:*.mng=01;35:*.pcx=01;35:*.mov=01;35:*.mpg=01;35:*.mpeg=01;35:*.m2v=01;35:*.mkv=01;35:*.webm=01;35:*.webp=01;35:*.ogm=01;35:*.mp4=01;35:*.m4v=01;35:*.mp4v=01;35:*.vob=01;35:*.qt=01;35:*.nuv=01;35:*.wmv=01;35:*.asf=01;35:*.rm=01;35:*.rmvb=01;35:*.flc=01;35:*.avi=01;35:*.fli=01;35:*.flv=01;35:*.gl=01;35:*.dl=01;35:*.xcf=01;35:*.xwd=01;35:*.yuv=01;35:*.cgm=01;35:*.emf=01;35:*.ogv=01;35:*.ogx=01;35:*.aac=00;36:*.au=00;36:*.flac=00;36:*.m4a=00;36:*.mid=00;36:*.midi=00;36:*.mka=00;36:*.mp3=00;36:*.mpc=00;36:*.ogg=00;36:*.ra=00;36:*.wav=00;36:*.oga=00;36:*.opus=00;36:*.spx=00;36:*.xspf=00;36:', 'GNOME_TERMINAL_SERVICE': ':1.128', 'SSH_AGENT_LAUNCHER': 'gnome-keyring', 'SSH_AUTH_SOCK': '/run/user/1000/keyring/ssh', 'AMENT_PREFIX_PATH': '/home/gowtham/crazyflie_ws/install/swarm_navigation:/home/gowtham/crazyflie_ws/install/swarm_guidance:/home/gowtham/crazyflie_ws/install/crazyflie_sim:/home/gowtham/crazyflie_ws/install/crazyflie_examples:/home/gowtham/crazyflie_ws/install/crazyflie_py:/home/gowtham/crazyflie_ws/install/crazyflie:/home/gowtham/crazyflie_ws/install/crazyflie_interfaces:/home/gowtham/crazyflie_ws/install/central_swarm_control:/home/gowtham/swarm_ws/install/guidance_layer:/home/gowtham/swarm_ws/install/crazyflie_sim:/home/gowtham/swarm_ws/install/crazyflie_examples:/home/gowtham/swarm_ws/install/crazyflie_py:/home/gowtham/swarm_ws/install/crazyflie:/home/gowtham/swarm_ws/install/crazyflie_interfaces:/home/gowtham/swarm_ws/install/control_layer:/home/gowtham/swarm_ws/install/consensus_controller:/opt/ros/humble', 'SHELL': '/bin/bash', 'QT_ACCESSIBILITY': '1', 'GDMSESSION': 'ubuntu', 'LESSCLOSE': '/usr/bin/lesspipe %s %s', 'QT_IM_MODULE': 'ibus', 'PWD': '/home/gowtham/crazyflie_ws/build/crazyflie_py', 'LC_ALL': 'en_US.UTF-8', 'XDG_CONFIG_DIRS': '/etc/xdg/xdg-ubuntu:/etc/xdg', 'XDG_DATA_DIRS': '/usr/share/ubuntu:/usr/local/share/:/usr/share/:/var/lib/snapd/desktop', 'PYTHONPATH': '/home/gowtham/crazyflie_ws/build/crazyflie_py/prefix_override:/usr/lib/python3/dist-packages/colcon_core/task/python/colcon_distutils_commands:/home/gowtham/crazyflie_ws/install/crazyflie_py/lib/python3.10/site-packages:/home/gowtham/crazyflie_ws/build/swarm_navigation:/home/gowtham/crazyflie_ws/install/swarm_navigation/lib/python3.10/site-packages:/home/gowtham/crazyflie_ws/install/swarm_guidance/lib/python3.10/site-packages:/home/gowtham/crazyflie_ws/install/crazyflie_sim/local/lib/python3.10/dist-packages:/home/gowtham/crazyflie_ws/install/crazyflie_examples/local/lib/python3.10/dist-packages:/home/gowtham/crazyflie_ws/install/crazyflie_py/lib/python3.10/site-packages:/home/gowtham/crazyflie_ws/install/crazyflie_interfaces/local/lib/python3.10/dist-packages:/home/gowtham/crazyflie_ws/build/central_swarm_control:/home/gowtham/crazyflie_ws/install/central_swarm_control/lib/python3.10/site-packages:/home/gowtham/crazyflie-firmware/build:/home/gowtham/crazyflie-firmware/build:/home/gowtham/swarm_ws/install/guidance_layer/lib/python3.10/site-packages:/home/gowtham/swarm_ws/install/crazyflie_sim/local/lib/python3.10/dist-packages:/home/gowtham/swarm_ws/install/crazyflie_examples/local/lib/python3.10/dist-packages:/home/gowtham/swarm_ws/install/crazyflie_py/lib/python3.10/site-packages:/home/gowtham/swarm_ws/install/crazyflie_interfaces/local/lib/python3.10/dist-packages:/home/gowtham/swarm_ws/install/control_layer/lib/python3.10/site-packages:/home/gowtham/swarm_ws/install/consensus_controller/lib/python3.10/site-packages:/opt/ros/humble/lib/python3.10/site-packages:/opt/ros/humble/local/lib/python3.10/dist-packages', 'COLCON': '1', 'VTE_VERSION': '6800', 'CMAKE_PREFIX_PATH': '/home/gowtham/crazyflie_ws/install/crazyflie_interfaces:/home/gowtham/crazyflie_ws/install/crazyflie_sim:/home/gowtham/crazyflie_ws/install/crazyflie_examples:/home/gowtham/crazyflie_ws/install/crazyflie:/home/gowtham/swarm_ws/install/crazyflie_sim:/home/gowtham/swarm_ws/install/crazyflie_examples:/home/gowtham/swarm_ws/install/crazyflie:/home/gowtham/swarm_ws/install/crazyflie_interfaces'}, 'shell': False}
[3.929018] (-) TimerEvent: {}
[3.929674] (crazyflie_sim) StdoutLine: {'line': b'Built target ament_cmake_python_symlink_crazyflie_sim_setup\n'}
[3.936633] (crazyflie_sim) StdoutLine: {'line': b'Built target ament_cmake_python_symlink_crazyflie_sim\n'}
[3.961965] (crazyflie) StdoutLine: {'line': b'[  5%] Built target teleop\n'}
[3.964624] (crazyflie) StdoutLine: {'line': b'[ 27%] Built target crazyflieLinkCpp\n'}
[4.003498] (crazyflie) StdoutLine: {'line': b'[ 35%] Built target crazyflie_cpp\n'}
[4.029118] (-) TimerEvent: {}
[4.093995] (crazyflie) StdoutLine: {'line': b'[ 40%] Built target scan\n'}
[4.113745] (crazyflie) StdoutLine: {'line': b'[ 45%] Built target listLogVariables\n'}
[4.125712] (crazyflie) StdoutLine: {'line': b'[ 50%] Built target crazyflie_server\n'}
[4.126896] (crazyflie) StdoutLine: {'line': b'[ 55%] Built target listParams\n'}
[4.129240] (-) TimerEvent: {}
[4.195603] (crazyflie) StdoutLine: {'line': b'[ 60%] Built target listMemories\n'}
[4.195922] (crazyflie) StdoutLine: {'line': b'[ 65%] Built target reboot\n'}
[4.229538] (-) TimerEvent: {}
[4.232417] (crazyflie) StdoutLine: {'line': b'[ 70%] Built target battery\n'}
[4.236526] (crazyflie) StdoutLine: {'line': b'[ 75%] Built target version\n'}
[4.295828] (crazyflie) StdoutLine: {'line': b'[ 80%] Built target console\n'}
[4.312795] (crazyflie) StdoutLine: {'line': b'[ 85%] Built target comCheck\n'}
[4.318256] (crazyflie) StdoutLine: {'line': b'[ 90%] Built target log\n'}
[4.329637] (-) TimerEvent: {}
[4.339830] (crazyflie) StdoutLine: {'line': b'[ 95%] Built target downloadUSDLogfile\n'}
[4.357520] (crazyflie) StdoutLine: {'line': b'[100%] Built target setParam\n'}
[4.381718] (crazyflie) CommandEnded: {'returncode': 0}
[4.386783] (crazyflie) JobProgress: {'identifier': 'crazyflie', 'progress': 'install'}
[4.386872] (crazyflie) Command: {'cmd': ['/usr/bin/cmake', '--install', '/home/gowtham/crazyflie_ws/build/crazyflie'], 'cwd': '/home/gowtham/crazyflie_ws/build/crazyflie', 'env': OrderedDict([('LESSOPEN', '| /usr/bin/lesspipe %s'), ('LANGUAGE', 'en_IN:en'), ('USER', 'gowtham'), ('XDG_SESSION_TYPE', 'wayland'), ('SHLVL', '1'), ('LD_LIBRARY_PATH', '/home/gowtham/crazyflie_ws/install/crazyflie_interfaces/lib:/home/gowtham/swarm_ws/install/crazyflie_interfaces/lib:/opt/ros/humble/opt/rviz_ogre_vendor/lib:/opt/ros/humble/lib/x86_64-linux-gnu:/opt/ros/humble/lib'), ('HOME', '/home/gowtham'), ('OLDPWD', '/home/gowtham/crazyflie_ws'), ('DESKTOP_SESSION', 'ubuntu'), ('ROS_PYTHON_VERSION', '3'), ('GNOME_SHELL_SESSION_MODE', 'ubuntu'), ('GTK_MODULES', 'gail:atk-bridge'), ('SYSTEMD_EXEC_PID', '3090'), ('DBUS_SESSION_BUS_ADDRESS', 'unix:path=/run/user/1000/bus'), ('COLORTERM', 'truecolor'), ('IM_CONFIG_PHASE', '1'), ('WAYLAND_DISPLAY', 'wayland-0'), ('COLCON_PREFIX_PATH', '/home/gowtham/crazyflie_ws/install:/home/gowtham/swarm_ws/install'), ('ROS_DISTRO', 'humble'), ('LOGNAME', 'gowtham'), ('_', '/usr/bin/colcon'), ('ROS_VERSION', '2'), ('XDG_SESSION_CLASS', 'user'), ('USERNAME', 'gowtham'), ('TERM', 'xterm-256color'), ('GNOME_DESKTOP_SESSION_ID', 'this-is-deprecated'), ('ROS_LOCALHOST_ONLY', '0'), ('PATH', '/opt/ros/humble/bin:/home/gowtham/.local/bin:/usr/local/sbin:/usr/local/bin:/usr/sbin:/usr/bin:/sbin:/bin:/usr/games:/usr/local/games:/snap/bin:/snap/bin:/home/gowtham/.local/bin'), ('SESSION_MANAGER', 'local/gowtham:@/tmp/.ICE-unix/882,unix/gowtham:/tmp/.ICE-unix/882'), ('XDG_MENU_PREFIX', 'gnome-'), ('GNOME_TERMINAL_SCREEN', '/org/gnome/Terminal/screen/c2aa9c91_cb9d_4464_837a_3feabbe7a3f9'), ('GNOME_SETUP_DISPLAY', ':1'), ('XDG_RUNTIME_DIR', '/run/user/1000'), ('DISPLAY', ':0'), ('LANG', 'en_US.UTF-8'), ('XDG_CURRENT_DESKTOP', 'ubuntu:GNOME'), ('XMODIFIERS', '@im=ibus'), ('XDG_SESSION_DESKTOP', 'ubuntu'), ('XAUTHORITY', '/run/user/1000/.mutter-Xwaylandauth.NKMGQ3'), ('LS_COLORS', 'rs=0:di=01;34:ln=01;36:mh=00:pi=40;33:so=01;35:do=01;35:bd=40;33;01:cd=40;33;01:or=40;31;01:mi=00:su=37;41:sg=30;43:ca=30;41:tw=30;42:ow=34;42:st=37;44:ex=01;32:*.tar=01;31:*.tgz=01;31:*.arc=01;31:*.arj=01;31:*.taz=01;31:*.lha=01;31:*.lz4=01;31:*.lzh=01;31:*.lzma=01;31:*.tlz=01;31:*.txz=01;31:*.tzo=01;31:*.t7z=01;31:*.zip=01;31:*.z=01;31:*.dz=01;31:*.gz=01;31:*.lrz=01;31:*.lz=01;31:*.lzo=01;31:*.xz=01;31:*.zst=01;31:*.tzst=01;31:*.bz2=01;31:*.bz=01;31:*.tbz=01;31:*.tbz2=01;31:*.tz=01;31:*.deb=01;31:*.rpm=01;31:*.jar=01;31:*.war=01;31:*.ear=01;31:*.sar=01;31:*.rar=01;31:*.alz=01;31:*.ace=01;31:*.zoo=01;31:*.cpio=01;31:*.7z=01;31:*.rz=01;31:*.cab=01;31:*.wim=01;31:*.swm=01;31:*.dwm=01;31:*.esd=01;31:*.jpg=01;35:*.jpeg=01;35:*.mjpg=01;35:*.mjpeg=01;35:*.gif=01;35:*.bmp=01;35:*.pbm=01;35:*.pgm=01;35:*.ppm=01;35:*.tga=01;35:*.xbm=01;35:*.xpm=01;35:*.tif=01;35:*.tiff=01;35:*.png=01;35:*.svg=01;35:*.svgz=01;35:*.mng=01;35:*.pcx=01;35:*.mov=01;35:*.mpg=01;35:*.mpeg=01;35:*.m2v=01;35:*.mkv=01;35:*.webm=01;35:*.webp=01;35:*.ogm=01;35:*.mp4=01;35:*.m4v=01;35:*.mp4v=01;35:*.vob=01;35:*.qt=01;35:*.nuv=01;35:*.wmv=01;35:*.asf=01;35:*.rm=01;35:*.rmvb=01;35:*.flc=01;35:*.avi=01;35:*.fli=01;35:*.flv=01;35:*.gl=01;35:*.dl=01;35:*.xcf=01;35:*.xwd=01;35:*.yuv=01;35:*.cgm=01;35:*.emf=01;35:*.ogv=01;35:*.ogx=01;35:*.aac=00;36:*.au=00;36:*.flac=00;36:*.m4a=00;36:*.mid=00;36:*.midi=00;36:*.mka=00;36:*.mp3=00;36:*.mpc=00;36:*.ogg=00;36:*.ra=00;36:*.wav=00;36:*.oga=00;36:*.opus=00;36:*.spx=00;36:*.xspf=00;36:'), ('GNOME_TERMINAL_SERVICE', ':1.128'), ('SSH_AGENT_LAUNCHER', 'gnome-keyring'), ('SSH_AUTH_SOCK', '/run/user/1000/keyring/ssh'), ('AMENT_PREFIX_PATH', '/home/gowtham/crazyflie_ws/install/swarm_navigation:/home/gowtham/crazyflie_ws/install/swarm_guidance:/home/gowtham/crazyflie_ws/install/crazyflie_sim:/home/gowtham/crazyflie_ws/install/crazyflie_examples:/home/gowtham/crazyflie_ws/install/crazyflie_py:/home/gowtham/crazyflie_ws/install/crazyflie:/home/gowtham/crazyflie_ws/install/crazyflie_interfaces:/home/gowtham/crazyflie_ws/install/central_swarm_control:/home/gowtham/swarm_ws/install/guidance_layer:/home/gowtham/swarm_ws/install/crazyflie_sim:/home/gowtham/swarm_ws/install/crazyflie_examples:/home/gowtham/swarm_ws/install/crazyflie_py:/home/gowtham/swarm_ws/install/crazyflie:/home/gowtham/swarm_ws/install/crazyflie_interfaces:/home/gowtham/swarm_ws/install/control_layer:/home/gowtham/swarm_ws/install/consensus_controller:/opt/ros/humble'), ('SHELL', '/bin/bash'), ('QT_ACCESSIBILITY', '1'), ('GDMSESSION', 'ubuntu'), ('LESSCLOSE', '/usr/bin/lesspipe %s %s'), ('QT_IM_MODULE', 'ibus'), ('PWD', '/home/gowtham/crazyflie_ws/build/crazyflie'), ('LC_ALL', 'en_US.UTF-8'), ('XDG_CONFIG_DIRS', '/etc/xdg/xdg-ubuntu:/etc/xdg'), ('XDG_DATA_DIRS', '/usr/share/ubuntu:/usr/local/share/:/usr/share/:/var/lib/snapd/desktop'), ('PYTHONPATH', '/home/gowtham/crazyflie_ws/build/swarm_navigation:/home/gowtham/crazyflie_ws/install/swarm_navigation/lib/python3.10/site-packages:/home/gowtham/crazyflie_ws/install/swarm_guidance/lib/python3.10/site-packages:/home/gowtham/crazyflie_ws/install/crazyflie_sim/local/lib/python3.10/dist-packages:/home/gowtham/crazyflie_ws/install/crazyflie_examples/local/lib/python3.10/dist-packages:/home/gowtham/crazyflie_ws/install/crazyflie_py/lib/python3.10/site-packages:/home/gowtham/crazyflie_ws/install/crazyflie_interfaces/local/lib/python3.10/dist-packages:/home/gowtham/crazyflie_ws/build/central_swarm_control:/home/gowtham/crazyflie_ws/install/central_swarm_control/lib/python3.10/site-packages:/home/gowtham/crazyflie-firmware/build:/home/gowtham/crazyflie-firmware/build:/home/gowtham/swarm_ws/install/guidance_layer/lib/python3.10/site-packages:/home/gowtham/swarm_ws/install/crazyflie_sim/local/lib/python3.10/dist-packages:/home/gowtham/swarm_ws/install/crazyflie_examples/local/lib/python3.10/dist-packages:/home/gowtham/swarm_ws/install/crazyflie_py/lib/python3.10/site-packages:/home/gowtham/swarm_ws/install/crazyflie_interfaces/local/lib/python3.10/dist-packages:/home/gowtham/swarm_ws/install/control_layer/lib/python3.10/site-packages:/home/gowtham/swarm_ws/install/consensus_controller/lib/python3.10/site-packages:/opt/ros/humble/lib/python3.10/site-packages:/opt/ros/humble/local/lib/python3.10/dist-packages'), ('COLCON', '1'), ('VTE_VERSION', '6800'), ('CMAKE_PREFIX_PATH', '/home/gowtham/crazyflie_ws/install/crazyflie_interfaces:/home/gowtham/crazyflie_ws/install/crazyflie_sim:/home/gowtham/crazyflie_ws/install/crazyflie_examples:/home/gowtham/crazyflie_ws/install/crazyflie:/home/gowtham/swarm_ws/install/crazyflie_sim:/home/gowtham/swarm_ws/install/crazyflie_examples:/home/gowtham/swarm_ws/install/crazyflie:/home/gowtham/swarm_ws/install/crazyflie_interfaces:/home/gowtham/crazyflie_ws/install/swarm_navigation:/home/gowtham/crazyflie_ws/install/swarm_guidance:/home/gowtham/crazyflie_ws/install/crazyflie_py:/home/gowtham/crazyflie_ws/install/central_swarm_control:/home/gowtham/swarm_ws/install/guidance_layer:/home/gowtham/swarm_ws/install/crazyflie_py:/home/gowtham/swarm_ws/install/control_layer:/home/gowtham/swarm_ws/install/consensus_controller:/opt/ros/humble')]), 'shell': False}
[4.402743] (crazyflie) StdoutLine: {'line': b'-- Install configuration: ""\n'}
[4.403058] (crazyflie) StdoutLine: {'line': b'-- Execute custom install script\n'}
[4.404042] (crazyflie) StdoutLine: {'line': b'-- Up-to-date symlink: /home/gowtham/crazyflie_ws/install/crazyflie/lib/crazyflie/comCheck\n'}
[4.404701] (crazyflie) StdoutLine: {'line': b'-- Up-to-date symlink: /home/gowtham/crazyflie_ws/install/crazyflie/lib/crazyflie/scan\n'}
[4.405299] (crazyflie) StdoutLine: {'line': b'-- Up-to-date symlink: /home/gowtham/crazyflie_ws/install/crazyflie/lib/crazyflie/listParams\n'}
[4.405863] (crazyflie) StdoutLine: {'line': b'-- Up-to-date symlink: /home/gowtham/crazyflie_ws/install/crazyflie/lib/crazyflie/listLogVariables\n'}
[4.406415] (crazyflie) StdoutLine: {'line': b'-- Up-to-date symlink: /home/gowtham/crazyflie_ws/install/crazyflie/lib/crazyflie/listMemories\n'}
[4.407019] (crazyflie) StdoutLine: {'line': b'-- Up-to-date symlink: /home/gowtham/crazyflie_ws/install/crazyflie/lib/crazyflie/reboot\n'}
[4.407928] (crazyflie) StdoutLine: {'line': b'-- Up-to-date symlink: /home/gowtham/crazyflie_ws/install/crazyflie/lib/crazyflie/battery\n'}
[4.408535] (crazyflie) StdoutLine: {'line': b'-- Up-to-date symlink: /home/gowtham/crazyflie_ws/install/crazyflie/lib/crazyflie/version\n'}
[4.411700] (crazyflie) StdoutLine: {'line': b'-- Up-to-date symlink: /home/gowtham/crazyflie_ws/install/crazyflie/lib/crazyflie/console\n'}
[4.412430] (crazyflie) StdoutLine: {'line': b'-- Up-to-date symlink: /home/gowtham/crazyflie_ws/install/crazyflie/lib/crazyflie/log\n'}
[4.413048] (crazyflie) StdoutLine: {'line': b'-- Up-to-date symlink: /home/gowtham/crazyflie_ws/install/crazyflie/lib/crazyflie/setParam\n'}
[4.413651] (crazyflie) StdoutLine: {'line': b'-- Up-to-date symlink: /home/gowtham/crazyflie_ws/install/crazyflie/lib/crazyflie/downloadUSDLogfile\n'}
[4.414231] (crazyflie) StdoutLine: {'line': b'-- Up-to-date symlink: /home/gowtham/crazyflie_ws/install/crazyflie/lib/crazyflie/teleop\n'}
[4.414792] (crazyflie) StdoutLine: {'line': b'-- Up-to-date symlink: /home/gowtham/crazyflie_ws/install/crazyflie/lib/crazyflie/crazyflie_server\n'}
[4.415425] (crazyflie) StdoutLine: {'line': b'-- Up-to-date symlink: /home/gowtham/crazyflie_ws/install/crazyflie/lib/crazyflie/crazyflie_server.py\n'}
[4.415956] (crazyflie) StdoutLine: {'line': b'-- Up-to-date symlink: /home/gowtham/crazyflie_ws/install/crazyflie/lib/crazyflie/chooser.py\n'}
[4.416447] (crazyflie) StdoutLine: {'line': b'-- Up-to-date symlink: /home/gowtham/crazyflie_ws/install/crazyflie/lib/crazyflie/vel_mux.py\n'}
[4.416942] (crazyflie) StdoutLine: {'line': b'-- Up-to-date symlink: /home/gowtham/crazyflie_ws/install/crazyflie/lib/crazyflie/cfmult.py\n'}
[4.417408] (crazyflie) StdoutLine: {'line': b'-- Up-to-date symlink: /home/gowtham/crazyflie_ws/install/crazyflie/lib/crazyflie/simple_mapper_multiranger.py\n'}
[4.417896] (crazyflie) StdoutLine: {'line': b'-- Up-to-date symlink: /home/gowtham/crazyflie_ws/install/crazyflie/lib/crazyflie/aideck_streamer.py\n'}
[4.418371] (crazyflie) StdoutLine: {'line': b'-- Up-to-date symlink: /home/gowtham/crazyflie_ws/install/crazyflie/lib/crazyflie/gui.py\n'}
[4.418827] (crazyflie) StdoutLine: {'line': b'-- Up-to-date symlink: /home/gowtham/crazyflie_ws/install/crazyflie/lib/crazyflie/flash.py\n'}
[4.419702] (crazyflie) StdoutLine: {'line': b'-- Up-to-date symlink: /home/gowtham/crazyflie_ws/install/crazyflie/share/crazyflie//launch/launch.py\n'}
[4.420520] (crazyflie) StdoutLine: {'line': b'-- Up-to-date symlink: /home/gowtham/crazyflie_ws/install/crazyflie/share/crazyflie//launch/launch_teleop2.py\n'}
[4.420775] (crazyflie) StdoutLine: {'line': b'-- Up-to-date symlink: /home/gowtham/crazyflie_ws/install/crazyflie/share/crazyflie//launch/teleop_launch.py\n'}
[4.421565] (crazyflie) StdoutLine: {'line': b'-- Up-to-date symlink: /home/gowtham/crazyflie_ws/install/crazyflie/share/crazyflie//config/aideck_streamer.yaml\n'}
[4.422403] (crazyflie) StdoutLine: {'line': b'-- Up-to-date symlink: /home/gowtham/crazyflie_ws/install/crazyflie/share/crazyflie//config/config.rviz\n'}
[4.422674] (crazyflie) StdoutLine: {'line': b'-- Up-to-date symlink: /home/gowtham/crazyflie_ws/install/crazyflie/share/crazyflie//config/crazyflies.yaml\n'}
[4.423491] (crazyflie) StdoutLine: {'line': b'-- Up-to-date symlink: /home/gowtham/crazyflie_ws/install/crazyflie/share/crazyflie//config/motion_capture.yaml\n'}
[4.423752] (crazyflie) StdoutLine: {'line': b'-- Up-to-date symlink: /home/gowtham/crazyflie_ws/install/crazyflie/share/crazyflie//config/server.yaml\n'}
[4.424791] (crazyflie) StdoutLine: {'line': b'-- Up-to-date symlink: /home/gowtham/crazyflie_ws/install/crazyflie/share/crazyflie//config/teleop.yaml\n'}
[4.425063] (crazyflie) StdoutLine: {'line': b'-- Up-to-date symlink: /home/gowtham/crazyflie_ws/install/crazyflie/share/crazyflie//urdf/cf2_assembly.stl\n'}
[4.425536] (crazyflie) StdoutLine: {'line': b'-- Up-to-date symlink: /home/gowtham/crazyflie_ws/install/crazyflie/share/crazyflie//urdf/cf2_assembly_with_props.dae\n'}
[4.428845] (crazyflie) StdoutLine: {'line': b'-- Up-to-date symlink: /home/gowtham/crazyflie_ws/install/crazyflie/share/crazyflie//urdf/crazyflie_description.urdf\n'}
[4.429812] (-) TimerEvent: {}
[4.430921] (crazyflie) StdoutLine: {'line': b'-- Up-to-date symlink: /home/gowtham/crazyflie_ws/install/crazyflie/share/ament_index/resource_index/package_run_dependencies/crazyflie\n'}
[4.431236] (crazyflie) StdoutLine: {'line': b'-- Up-to-date symlink: /home/gowtham/crazyflie_ws/install/crazyflie/share/ament_index/resource_index/parent_prefix_path/crazyflie\n'}
[4.431919] (crazyflie) StdoutLine: {'line': b'-- Up-to-date symlink: /home/gowtham/crazyflie_ws/install/crazyflie/share/crazyflie/environment/ament_prefix_path.sh\n'}
[4.432943] (crazyflie) StdoutLine: {'line': b'-- Up-to-date symlink: /home/gowtham/crazyflie_ws/install/crazyflie/share/crazyflie/environment/ament_prefix_path.dsv\n'}
[4.433211] (crazyflie) StdoutLine: {'line': b'-- Up-to-date symlink: /home/gowtham/crazyflie_ws/install/crazyflie/share/crazyflie/environment/path.sh\n'}
[4.433837] (crazyflie) StdoutLine: {'line': b'-- Up-to-date symlink: /home/gowtham/crazyflie_ws/install/crazyflie/share/crazyflie/environment/path.dsv\n'}
[4.434807] (crazyflie) StdoutLine: {'line': b'-- Up-to-date symlink: /home/gowtham/crazyflie_ws/install/crazyflie/share/crazyflie/local_setup.bash\n'}
[4.435416] (crazyflie) StdoutLine: {'line': b'-- Up-to-date symlink: /home/gowtham/crazyflie_ws/install/crazyflie/share/crazyflie/local_setup.sh\n'}
[4.435700] (crazyflie) StdoutLine: {'line': b'-- Up-to-date symlink: /home/gowtham/crazyflie_ws/install/crazyflie/share/crazyflie/local_setup.zsh\n'}
[4.436296] (crazyflie) StdoutLine: {'line': b'-- Up-to-date symlink: /home/gowtham/crazyflie_ws/install/crazyflie/share/crazyflie/local_setup.dsv\n'}
[4.437905] (crazyflie) StdoutLine: {'line': b'-- Symlinking: /home/gowtham/crazyflie_ws/install/crazyflie/share/crazyflie/package.dsv\n'}
[4.458031] (crazyflie) StdoutLine: {'line': b'-- Up-to-date symlink: /home/gowtham/crazyflie_ws/install/crazyflie/share/ament_index/resource_index/packages/crazyflie\n'}
[4.462272] (crazyflie) StdoutLine: {'line': b'-- Up-to-date symlink: /home/gowtham/crazyflie_ws/install/crazyflie/share/crazyflie/cmake/crazyflieConfig.cmake\n'}
[4.462512] (crazyflie) StdoutLine: {'line': b'-- Up-to-date symlink: /home/gowtham/crazyflie_ws/install/crazyflie/share/crazyflie/cmake/crazyflieConfig-version.cmake\n'}
[4.463542] (crazyflie) StdoutLine: {'line': b'-- Up-to-date symlink: /home/gowtham/crazyflie_ws/install/crazyflie/share/crazyflie/package.xml\n'}
[4.466661] (crazyflie) CommandEnded: {'returncode': 0}
[4.499432] (crazyflie) JobEnded: {'identifier': 'crazyflie', 'rc': 0}
[4.529936] (-) TimerEvent: {}
[4.580232] (crazyflie_py) StdoutLine: {'line': b'running egg_info\n'}
[4.581755] (crazyflie_py) StdoutLine: {'line': b'writing ../../../build/crazyflie_py/crazyflie_py.egg-info/PKG-INFO\n'}
[4.582061] (crazyflie_py) StdoutLine: {'line': b'writing dependency_links to ../../../build/crazyflie_py/crazyflie_py.egg-info/dependency_links.txt\n'}
[4.582267] (crazyflie_py) StdoutLine: {'line': b'writing entry points to ../../../build/crazyflie_py/crazyflie_py.egg-info/entry_points.txt\n'}
[4.582443] (crazyflie_py) StdoutLine: {'line': b'writing requirements to ../../../build/crazyflie_py/crazyflie_py.egg-info/requires.txt\n'}
[4.582638] (crazyflie_py) StdoutLine: {'line': b'writing top-level names to ../../../build/crazyflie_py/crazyflie_py.egg-info/top_level.txt\n'}
[4.586111] (crazyflie_py) StdoutLine: {'line': b"reading manifest file '../../../build/crazyflie_py/crazyflie_py.egg-info/SOURCES.txt'\n"}
[4.587818] (crazyflie_py) StdoutLine: {'line': b"writing manifest file '../../../build/crazyflie_py/crazyflie_py.egg-info/SOURCES.txt'\n"}
[4.588129] (crazyflie_py) StdoutLine: {'line': b'running build\n'}
[4.588255] (crazyflie_py) StdoutLine: {'line': b'running build_py\n'}
[4.589374] (crazyflie_py) StdoutLine: {'line': b'running install\n'}
[4.594547] (crazyflie_py) StdoutLine: {'line': b'running install_lib\n'}
[4.594787] (crazyflie_py) StdoutLine: {'line': b'running install_data\n'}
[4.594905] (crazyflie_py) StdoutLine: {'line': b'running install_egg_info\n'}
[4.597198] (crazyflie_py) StdoutLine: {'line': b"removing '/home/gowtham/crazyflie_ws/install/crazyflie_py/lib/python3.10/site-packages/crazyflie_py-1.0.3-py3.10.egg-info' (and everything under it)\n"}
[4.597977] (crazyflie_py) StdoutLine: {'line': b'Copying ../../../build/crazyflie_py/crazyflie_py.egg-info to /home/gowtham/crazyflie_ws/install/crazyflie_py/lib/python3.10/site-packages/crazyflie_py-1.0.3-py3.10.egg-info\n'}
[4.599674] (crazyflie_py) StdoutLine: {'line': b'running install_scripts\n'}
[4.616104] (crazyflie_sim) StdoutLine: {'line': b'running install_scripts\n'}
[4.620609] (crazyflie_sim) StderrLine: {'line': b'/usr/lib/python3/dist-packages/setuptools/command/install.py:34: SetuptoolsDeprecationWarning: setup.py install is deprecated. Use build and pip and other standards-based tools.\n'}
[4.620900] (crazyflie_sim) StderrLine: {'line': b'  warnings.warn(\n'}
[4.630052] (-) TimerEvent: {}
[4.642480] (crazyflie_sim) StdoutLine: {'line': b'running egg_info\n'}
[4.643081] (crazyflie_sim) StdoutLine: {'line': b'writing crazyflie_sim.egg-info/PKG-INFO\n'}
[4.643247] (crazyflie_sim) StdoutLine: {'line': b'writing dependency_links to crazyflie_sim.egg-info/dependency_links.txt\n'}
[4.643406] (crazyflie_sim) StdoutLine: {'line': b'writing entry points to crazyflie_sim.egg-info/entry_points.txt\n'}
[4.643580] (crazyflie_sim) StdoutLine: {'line': b'writing top-level names to crazyflie_sim.egg-info/top_level.txt\n'}
[4.643714] (crazyflie_sim) StdoutLine: {'line': b"reading manifest file 'crazyflie_sim.egg-info/SOURCES.txt'\n"}
[4.643858] (crazyflie_sim) StdoutLine: {'line': b"writing manifest file 'crazyflie_sim.egg-info/SOURCES.txt'\n"}
[4.643987] (crazyflie_py) StdoutLine: {'line': b"writing list of installed files to '/home/gowtham/crazyflie_ws/build/crazyflie_py/install.log'\n"}
[4.683160] (crazyflie_sim) StdoutLine: {'line': b'running egg_info\n'}
[4.687112] (crazyflie_sim) StdoutLine: {'line': b'writing crazyflie_sim.egg-info/PKG-INFO\n'}
[4.687587] (crazyflie_sim) StdoutLine: {'line': b'writing dependency_links to crazyflie_sim.egg-info/dependency_links.txt\n'}
[4.687873] (crazyflie_sim) StdoutLine: {'line': b'writing entry points to crazyflie_sim.egg-info/entry_points.txt\n'}
[4.688155] (crazyflie_sim) StdoutLine: {'line': b'writing top-level names to crazyflie_sim.egg-info/top_level.txt\n'}
[4.692159] (crazyflie_sim) StdoutLine: {'line': b"reading manifest file 'crazyflie_sim.egg-info/SOURCES.txt'\n"}
[4.698688] (crazyflie_sim) StdoutLine: {'line': b"writing manifest file 'crazyflie_sim.egg-info/SOURCES.txt'\n"}
[4.698971] (crazyflie_sim) StdoutLine: {'line': b'Installing crazyflie_server script to scripts\n'}
[4.699560] (crazyflie_sim) StdoutLine: {'line': b'Built target ament_cmake_python_build_crazyflie_sim_egg\n'}
[4.702284] (crazyflie_py) CommandEnded: {'returncode': 0}
[4.713725] (crazyflie_py) JobEnded: {'identifier': 'crazyflie_py', 'rc': 0}
[4.715107] (crazyflie_examples) JobStarted: {'identifier': 'crazyflie_examples'}
[4.730437] (-) TimerEvent: {}
[4.736070] (crazyflie_examples) JobProgress: {'identifier': 'crazyflie_examples', 'progress': 'cmake'}
[4.736981] (crazyflie_examples) JobProgress: {'identifier': 'crazyflie_examples', 'progress': 'build'}
[4.737694] (crazyflie_examples) Command: {'cmd': ['/usr/bin/cmake', '--build', '/home/gowtham/crazyflie_ws/build/crazyflie_examples', '--', '-j4', '-l4'], 'cwd': '/home/gowtham/crazyflie_ws/build/crazyflie_examples', 'env': OrderedDict([('LESSOPEN', '| /usr/bin/lesspipe %s'), ('LANGUAGE', 'en_IN:en'), ('USER', 'gowtham'), ('XDG_SESSION_TYPE', 'wayland'), ('SHLVL', '1'), ('LD_LIBRARY_PATH', '/home/gowtham/crazyflie_ws/install/crazyflie_interfaces/lib:/home/gowtham/swarm_ws/install/crazyflie_interfaces/lib:/opt/ros/humble/opt/rviz_ogre_vendor/lib:/opt/ros/humble/lib/x86_64-linux-gnu:/opt/ros/humble/lib'), ('HOME', '/home/gowtham'), ('OLDPWD', '/home/gowtham/crazyflie_ws'), ('DESKTOP_SESSION', 'ubuntu'), ('ROS_PYTHON_VERSION', '3'), ('GNOME_SHELL_SESSION_MODE', 'ubuntu'), ('GTK_MODULES', 'gail:atk-bridge'), ('SYSTEMD_EXEC_PID', '3090'), ('DBUS_SESSION_BUS_ADDRESS', 'unix:path=/run/user/1000/bus'), ('COLORTERM', 'truecolor'), ('IM_CONFIG_PHASE', '1'), ('WAYLAND_DISPLAY', 'wayland-0'), ('COLCON_PREFIX_PATH', '/home/gowtham/crazyflie_ws/install:/home/gowtham/swarm_ws/install'), ('ROS_DISTRO', 'humble'), ('LOGNAME', 'gowtham'), ('_', '/usr/bin/colcon'), ('ROS_VERSION', '2'), ('XDG_SESSION_CLASS', 'user'), ('USERNAME', 'gowtham'), ('TERM', 'xterm-256color'), ('GNOME_DESKTOP_SESSION_ID', 'this-is-deprecated'), ('ROS_LOCALHOST_ONLY', '0'), ('PATH', '/opt/ros/humble/bin:/home/gowtham/.local/bin:/usr/local/sbin:/usr/local/bin:/usr/sbin:/usr/bin:/sbin:/bin:/usr/games:/usr/local/games:/snap/bin:/snap/bin:/home/gowtham/.local/bin'), ('SESSION_MANAGER', 'local/gowtham:@/tmp/.ICE-unix/882,unix/gowtham:/tmp/.ICE-unix/882'), ('XDG_MENU_PREFIX', 'gnome-'), ('GNOME_TERMINAL_SCREEN', '/org/gnome/Terminal/screen/c2aa9c91_cb9d_4464_837a_3feabbe7a3f9'), ('GNOME_SETUP_DISPLAY', ':1'), ('XDG_RUNTIME_DIR', '/run/user/1000'), ('DISPLAY', ':0'), ('LANG', 'en_US.UTF-8'), ('XDG_CURRENT_DESKTOP', 'ubuntu:GNOME'), ('XMODIFIERS', '@im=ibus'), ('XDG_SESSION_DESKTOP', 'ubuntu'), ('XAUTHORITY', '/run/user/1000/.mutter-Xwaylandauth.NKMGQ3'), ('LS_COLORS', 'rs=0:di=01;34:ln=01;36:mh=00:pi=40;33:so=01;35:do=01;35:bd=40;33;01:cd=40;33;01:or=40;31;01:mi=00:su=37;41:sg=30;43:ca=30;41:tw=30;42:ow=34;42:st=37;44:ex=01;32:*.tar=01;31:*.tgz=01;31:*.arc=01;31:*.arj=01;31:*.taz=01;31:*.lha=01;31:*.lz4=01;31:*.lzh=01;31:*.lzma=01;31:*.tlz=01;31:*.txz=01;31:*.tzo=01;31:*.t7z=01;31:*.zip=01;31:*.z=01;31:*.dz=01;31:*.gz=01;31:*.lrz=01;31:*.lz=01;31:*.lzo=01;31:*.xz=01;31:*.zst=01;31:*.tzst=01;31:*.bz2=01;31:*.bz=01;31:*.tbz=01;31:*.tbz2=01;31:*.tz=01;31:*.deb=01;31:*.rpm=01;31:*.jar=01;31:*.war=01;31:*.ear=01;31:*.sar=01;31:*.rar=01;31:*.alz=01;31:*.ace=01;31:*.zoo=01;31:*.cpio=01;31:*.7z=01;31:*.rz=01;31:*.cab=01;31:*.wim=01;31:*.swm=01;31:*.dwm=01;31:*.esd=01;31:*.jpg=01;35:*.jpeg=01;35:*.mjpg=01;35:*.mjpeg=01;35:*.gif=01;35:*.bmp=01;35:*.pbm=01;35:*.pgm=01;35:*.ppm=01;35:*.tga=01;35:*.xbm=01;35:*.xpm=01;35:*.tif=01;35:*.tiff=01;35:*.png=01;35:*.svg=01;35:*.svgz=01;35:*.mng=01;35:*.pcx=01;35:*.mov=01;35:*.mpg=01;35:*.mpeg=01;35:*.m2v=01;35:*.mkv=01;35:*.webm=01;35:*.webp=01;35:*.ogm=01;35:*.mp4=01;35:*.m4v=01;35:*.mp4v=01;35:*.vob=01;35:*.qt=01;35:*.nuv=01;35:*.wmv=01;35:*.asf=01;35:*.rm=01;35:*.rmvb=01;35:*.flc=01;35:*.avi=01;35:*.fli=01;35:*.flv=01;35:*.gl=01;35:*.dl=01;35:*.xcf=01;35:*.xwd=01;35:*.yuv=01;35:*.cgm=01;35:*.emf=01;35:*.ogv=01;35:*.ogx=01;35:*.aac=00;36:*.au=00;36:*.flac=00;36:*.m4a=00;36:*.mid=00;36:*.midi=00;36:*.mka=00;36:*.mp3=00;36:*.mpc=00;36:*.ogg=00;36:*.ra=00;36:*.wav=00;36:*.oga=00;36:*.opus=00;36:*.spx=00;36:*.xspf=00;36:'), ('GNOME_TERMINAL_SERVICE', ':1.128'), ('SSH_AGENT_LAUNCHER', 'gnome-keyring'), ('SSH_AUTH_SOCK', '/run/user/1000/keyring/ssh'), ('AMENT_PREFIX_PATH', '/home/gowtham/crazyflie_ws/install/crazyflie_py:/home/gowtham/crazyflie_ws/install/swarm_navigation:/home/gowtham/crazyflie_ws/install/swarm_guidance:/home/gowtham/crazyflie_ws/install/crazyflie_sim:/home/gowtham/crazyflie_ws/install/crazyflie_examples:/home/gowtham/crazyflie_ws/install/crazyflie:/home/gowtham/crazyflie_ws/install/crazyflie_interfaces:/home/gowtham/crazyflie_ws/install/central_swarm_control:/home/gowtham/swarm_ws/install/guidance_layer:/home/gowtham/swarm_ws/install/crazyflie_sim:/home/gowtham/swarm_ws/install/crazyflie_examples:/home/gowtham/swarm_ws/install/crazyflie_py:/home/gowtham/swarm_ws/install/crazyflie:/home/gowtham/swarm_ws/install/crazyflie_interfaces:/home/gowtham/swarm_ws/install/control_layer:/home/gowtham/swarm_ws/install/consensus_controller:/opt/ros/humble'), ('SHELL', '/bin/bash'), ('QT_ACCESSIBILITY', '1'), ('GDMSESSION', 'ubuntu'), ('LESSCLOSE', '/usr/bin/lesspipe %s %s'), ('QT_IM_MODULE', 'ibus'), ('PWD', '/home/gowtham/crazyflie_ws/build/crazyflie_examples'), ('LC_ALL', 'en_US.UTF-8'), ('XDG_CONFIG_DIRS', '/etc/xdg/xdg-ubuntu:/etc/xdg'), ('XDG_DATA_DIRS', '/usr/share/ubuntu:/usr/local/share/:/usr/share/:/var/lib/snapd/desktop'), ('PYTHONPATH', '/home/gowtham/crazyflie_ws/install/crazyflie_py/lib/python3.10/site-packages:/home/gowtham/crazyflie_ws/build/swarm_navigation:/home/gowtham/crazyflie_ws/install/swarm_navigation/lib/python3.10/site-packages:/home/gowtham/crazyflie_ws/install/swarm_guidance/lib/python3.10/site-packages:/home/gowtham/crazyflie_ws/install/crazyflie_sim/local/lib/python3.10/dist-packages:/home/gowtham/crazyflie_ws/install/crazyflie_examples/local/lib/python3.10/dist-packages:/home/gowtham/crazyflie_ws/install/crazyflie_interfaces/local/lib/python3.10/dist-packages:/home/gowtham/crazyflie_ws/build/central_swarm_control:/home/gowtham/crazyflie_ws/install/central_swarm_control/lib/python3.10/site-packages:/home/gowtham/crazyflie-firmware/build:/home/gowtham/crazyflie-firmware/build:/home/gowtham/swarm_ws/install/guidance_layer/lib/python3.10/site-packages:/home/gowtham/swarm_ws/install/crazyflie_sim/local/lib/python3.10/dist-packages:/home/gowtham/swarm_ws/install/crazyflie_examples/local/lib/python3.10/dist-packages:/home/gowtham/swarm_ws/install/crazyflie_py/lib/python3.10/site-packages:/home/gowtham/swarm_ws/install/crazyflie_interfaces/local/lib/python3.10/dist-packages:/home/gowtham/swarm_ws/install/control_layer/lib/python3.10/site-packages:/home/gowtham/swarm_ws/install/consensus_controller/lib/python3.10/site-packages:/opt/ros/humble/lib/python3.10/site-packages:/opt/ros/humble/local/lib/python3.10/dist-packages'), ('COLCON', '1'), ('VTE_VERSION', '6800'), ('CMAKE_PREFIX_PATH', '/home/gowtham/crazyflie_ws/install/crazyflie_interfaces:/home/gowtham/crazyflie_ws/install/crazyflie_sim:/home/gowtham/crazyflie_ws/install/crazyflie_examples:/home/gowtham/crazyflie_ws/install/crazyflie:/home/gowtham/swarm_ws/install/crazyflie_sim:/home/gowtham/swarm_ws/install/crazyflie_examples:/home/gowtham/swarm_ws/install/crazyflie:/home/gowtham/swarm_ws/install/crazyflie_interfaces:/home/gowtham/crazyflie_ws/install/swarm_navigation:/home/gowtham/crazyflie_ws/install/swarm_guidance:/home/gowtham/crazyflie_ws/install/crazyflie_py:/home/gowtham/crazyflie_ws/install/central_swarm_control:/home/gowtham/swarm_ws/install/guidance_layer:/home/gowtham/swarm_ws/install/crazyflie_py:/home/gowtham/swarm_ws/install/control_layer:/home/gowtham/swarm_ws/install/consensus_controller:/opt/ros/humble')]), 'shell': False}
[4.760648] (crazyflie_sim) StdoutLine: {'line': b'Built target ament_cmake_python_build_crazyflie_sim_scripts\n'}
[4.777646] (crazyflie_sim) CommandEnded: {'returncode': 0}
[4.778423] (crazyflie_sim) JobProgress: {'identifier': 'crazyflie_sim', 'progress': 'install'}
[4.779484] (crazyflie_sim) Command: {'cmd': ['/usr/bin/cmake', '--install', '/home/gowtham/crazyflie_ws/build/crazyflie_sim'], 'cwd': '/home/gowtham/crazyflie_ws/build/crazyflie_sim', 'env': OrderedDict([('LESSOPEN', '| /usr/bin/lesspipe %s'), ('LANGUAGE', 'en_IN:en'), ('USER', 'gowtham'), ('XDG_SESSION_TYPE', 'wayland'), ('SHLVL', '1'), ('LD_LIBRARY_PATH', '/home/gowtham/crazyflie_ws/install/crazyflie_interfaces/lib:/home/gowtham/swarm_ws/install/crazyflie_interfaces/lib:/opt/ros/humble/opt/rviz_ogre_vendor/lib:/opt/ros/humble/lib/x86_64-linux-gnu:/opt/ros/humble/lib'), ('HOME', '/home/gowtham'), ('OLDPWD', '/home/gowtham/crazyflie_ws'), ('DESKTOP_SESSION', 'ubuntu'), ('ROS_PYTHON_VERSION', '3'), ('GNOME_SHELL_SESSION_MODE', 'ubuntu'), ('GTK_MODULES', 'gail:atk-bridge'), ('SYSTEMD_EXEC_PID', '3090'), ('DBUS_SESSION_BUS_ADDRESS', 'unix:path=/run/user/1000/bus'), ('COLORTERM', 'truecolor'), ('IM_CONFIG_PHASE', '1'), ('WAYLAND_DISPLAY', 'wayland-0'), ('COLCON_PREFIX_PATH', '/home/gowtham/crazyflie_ws/install:/home/gowtham/swarm_ws/install'), ('ROS_DISTRO', 'humble'), ('LOGNAME', 'gowtham'), ('_', '/usr/bin/colcon'), ('ROS_VERSION', '2'), ('XDG_SESSION_CLASS', 'user'), ('USERNAME', 'gowtham'), ('TERM', 'xterm-256color'), ('GNOME_DESKTOP_SESSION_ID', 'this-is-deprecated'), ('ROS_LOCALHOST_ONLY', '0'), ('PATH', '/opt/ros/humble/bin:/home/gowtham/.local/bin:/usr/local/sbin:/usr/local/bin:/usr/sbin:/usr/bin:/sbin:/bin:/usr/games:/usr/local/games:/snap/bin:/snap/bin:/home/gowtham/.local/bin'), ('SESSION_MANAGER', 'local/gowtham:@/tmp/.ICE-unix/882,unix/gowtham:/tmp/.ICE-unix/882'), ('XDG_MENU_PREFIX', 'gnome-'), ('GNOME_TERMINAL_SCREEN', '/org/gnome/Terminal/screen/c2aa9c91_cb9d_4464_837a_3feabbe7a3f9'), ('GNOME_SETUP_DISPLAY', ':1'), ('XDG_RUNTIME_DIR', '/run/user/1000'), ('DISPLAY', ':0'), ('LANG', 'en_US.UTF-8'), ('XDG_CURRENT_DESKTOP', 'ubuntu:GNOME'), ('XMODIFIERS', '@im=ibus'), ('XDG_SESSION_DESKTOP', 'ubuntu'), ('XAUTHORITY', '/run/user/1000/.mutter-Xwaylandauth.NKMGQ3'), ('LS_COLORS', 'rs=0:di=01;34:ln=01;36:mh=00:pi=40;33:so=01;35:do=01;35:bd=40;33;01:cd=40;33;01:or=40;31;01:mi=00:su=37;41:sg=30;43:ca=30;41:tw=30;42:ow=34;42:st=37;44:ex=01;32:*.tar=01;31:*.tgz=01;31:*.arc=01;31:*.arj=01;31:*.taz=01;31:*.lha=01;31:*.lz4=01;31:*.lzh=01;31:*.lzma=01;31:*.tlz=01;31:*.txz=01;31:*.tzo=01;31:*.t7z=01;31:*.zip=01;31:*.z=01;31:*.dz=01;31:*.gz=01;31:*.lrz=01;31:*.lz=01;31:*.lzo=01;31:*.xz=01;31:*.zst=01;31:*.tzst=01;31:*.bz2=01;31:*.bz=01;31:*.tbz=01;31:*.tbz2=01;31:*.tz=01;31:*.deb=01;31:*.rpm=01;31:*.jar=01;31:*.war=01;31:*.ear=01;31:*.sar=01;31:*.rar=01;31:*.alz=01;31:*.ace=01;31:*.zoo=01;31:*.cpio=01;31:*.7z=01;31:*.rz=01;31:*.cab=01;31:*.wim=01;31:*.swm=01;31:*.dwm=01;31:*.esd=01;31:*.jpg=01;35:*.jpeg=01;35:*.mjpg=01;35:*.mjpeg=01;35:*.gif=01;35:*.bmp=01;35:*.pbm=01;35:*.pgm=01;35:*.ppm=01;35:*.tga=01;35:*.xbm=01;35:*.xpm=01;35:*.tif=01;35:*.tiff=01;35:*.png=01;35:*.svg=01;35:*.svgz=01;35:*.mng=01;35:*.pcx=01;35:*.mov=01;35:*.mpg=01;35:*.mpeg=01;35:*.m2v=01;35:*.mkv=01;35:*.webm=01;35:*.webp=01;35:*.ogm=01;35:*.mp4=01;35:*.m4v=01;35:*.mp4v=01;35:*.vob=01;35:*.qt=01;35:*.nuv=01;35:*.wmv=01;35:*.asf=01;35:*.rm=01;35:*.rmvb=01;35:*.flc=01;35:*.avi=01;35:*.fli=01;35:*.flv=01;35:*.gl=01;35:*.dl=01;35:*.xcf=01;35:*.xwd=01;35:*.yuv=01;35:*.cgm=01;35:*.emf=01;35:*.ogv=01;35:*.ogx=01;35:*.aac=00;36:*.au=00;36:*.flac=00;36:*.m4a=00;36:*.mid=00;36:*.midi=00;36:*.mka=00;36:*.mp3=00;36:*.mpc=00;36:*.ogg=00;36:*.ra=00;36:*.wav=00;36:*.oga=00;36:*.opus=00;36:*.spx=00;36:*.xspf=00;36:'), ('GNOME_TERMINAL_SERVICE', ':1.128'), ('SSH_AGENT_LAUNCHER', 'gnome-keyring'), ('SSH_AUTH_SOCK', '/run/user/1000/keyring/ssh'), ('AMENT_PREFIX_PATH', '/home/gowtham/crazyflie_ws/install/swarm_navigation:/home/gowtham/crazyflie_ws/install/swarm_guidance:/home/gowtham/crazyflie_ws/install/crazyflie_sim:/home/gowtham/crazyflie_ws/install/crazyflie_examples:/home/gowtham/crazyflie_ws/install/crazyflie_py:/home/gowtham/crazyflie_ws/install/crazyflie:/home/gowtham/crazyflie_ws/install/crazyflie_interfaces:/home/gowtham/crazyflie_ws/install/central_swarm_control:/home/gowtham/swarm_ws/install/guidance_layer:/home/gowtham/swarm_ws/install/crazyflie_sim:/home/gowtham/swarm_ws/install/crazyflie_examples:/home/gowtham/swarm_ws/install/crazyflie_py:/home/gowtham/swarm_ws/install/crazyflie:/home/gowtham/swarm_ws/install/crazyflie_interfaces:/home/gowtham/swarm_ws/install/control_layer:/home/gowtham/swarm_ws/install/consensus_controller:/opt/ros/humble'), ('SHELL', '/bin/bash'), ('QT_ACCESSIBILITY', '1'), ('GDMSESSION', 'ubuntu'), ('LESSCLOSE', '/usr/bin/lesspipe %s %s'), ('QT_IM_MODULE', 'ibus'), ('PWD', '/home/gowtham/crazyflie_ws/build/crazyflie_sim'), ('LC_ALL', 'en_US.UTF-8'), ('XDG_CONFIG_DIRS', '/etc/xdg/xdg-ubuntu:/etc/xdg'), ('XDG_DATA_DIRS', '/usr/share/ubuntu:/usr/local/share/:/usr/share/:/var/lib/snapd/desktop'), ('PYTHONPATH', '/home/gowtham/crazyflie_ws/build/swarm_navigation:/home/gowtham/crazyflie_ws/install/swarm_navigation/lib/python3.10/site-packages:/home/gowtham/crazyflie_ws/install/swarm_guidance/lib/python3.10/site-packages:/home/gowtham/crazyflie_ws/install/crazyflie_sim/local/lib/python3.10/dist-packages:/home/gowtham/crazyflie_ws/install/crazyflie_examples/local/lib/python3.10/dist-packages:/home/gowtham/crazyflie_ws/install/crazyflie_py/lib/python3.10/site-packages:/home/gowtham/crazyflie_ws/install/crazyflie_interfaces/local/lib/python3.10/dist-packages:/home/gowtham/crazyflie_ws/build/central_swarm_control:/home/gowtham/crazyflie_ws/install/central_swarm_control/lib/python3.10/site-packages:/home/gowtham/crazyflie-firmware/build:/home/gowtham/crazyflie-firmware/build:/home/gowtham/swarm_ws/install/guidance_layer/lib/python3.10/site-packages:/home/gowtham/swarm_ws/install/crazyflie_sim/local/lib/python3.10/dist-packages:/home/gowtham/swarm_ws/install/crazyflie_examples/local/lib/python3.10/dist-packages:/home/gowtham/swarm_ws/install/crazyflie_py/lib/python3.10/site-packages:/home/gowtham/swarm_ws/install/crazyflie_interfaces/local/lib/python3.10/dist-packages:/home/gowtham/swarm_ws/install/control_layer/lib/python3.10/site-packages:/home/gowtham/swarm_ws/install/consensus_controller/lib/python3.10/site-packages:/opt/ros/humble/lib/python3.10/site-packages:/opt/ros/humble/local/lib/python3.10/dist-packages'), ('COLCON', '1'), ('VTE_VERSION', '6800'), ('CMAKE_PREFIX_PATH', '/home/gowtham/crazyflie_ws/install/crazyflie_interfaces:/home/gowtham/crazyflie_ws/install/crazyflie_sim:/home/gowtham/crazyflie_ws/install/crazyflie_examples:/home/gowtham/crazyflie_ws/install/crazyflie:/home/gowtham/swarm_ws/install/crazyflie_sim:/home/gowtham/swarm_ws/install/crazyflie_examples:/home/gowtham/swarm_ws/install/crazyflie:/home/gowtham/swarm_ws/install/crazyflie_interfaces:/home/gowtham/crazyflie_ws/install/swarm_navigation:/home/gowtham/crazyflie_ws/install/swarm_guidance:/home/gowtham/crazyflie_ws/install/crazyflie_py:/home/gowtham/crazyflie_ws/install/central_swarm_control:/home/gowtham/swarm_ws/install/guidance_layer:/home/gowtham/swarm_ws/install/crazyflie_py:/home/gowtham/swarm_ws/install/control_layer:/home/gowtham/swarm_ws/install/consensus_controller:/opt/ros/humble')]), 'shell': False}
[4.789444] (crazyflie_sim) StdoutLine: {'line': b'-- Install configuration: ""\n'}
[4.790118] (crazyflie_sim) StdoutLine: {'line': b'-- Execute custom install script\n'}
[4.790453] (crazyflie_sim) StdoutLine: {'line': b'-- Up-to-date symlink: /home/gowtham/crazyflie_ws/install/crazyflie_sim/share/crazyflie_sim/environment/pythonpath.sh\n'}
[4.790898] (crazyflie_sim) StdoutLine: {'line': b'-- Up-to-date symlink: /home/gowtham/crazyflie_ws/install/crazyflie_sim/share/crazyflie_sim/environment/pythonpath.dsv\n'}
[4.792420] (crazyflie_sim) StdoutLine: {'line': b'-- Up-to-date symlink: /home/gowtham/crazyflie_ws/install/crazyflie_sim/local/lib/python3.10/dist-packages/crazyflie_sim-1.0.3-py3.10.egg-info/PKG-INFO\n'}
[4.792634] (crazyflie_sim) StdoutLine: {'line': b'-- Up-to-date symlink: /home/gowtham/crazyflie_ws/install/crazyflie_sim/local/lib/python3.10/dist-packages/crazyflie_sim-1.0.3-py3.10.egg-info/SOURCES.txt\n'}
[4.792748] (crazyflie_sim) StdoutLine: {'line': b'-- Up-to-date symlink: /home/gowtham/crazyflie_ws/install/crazyflie_sim/local/lib/python3.10/dist-packages/crazyflie_sim-1.0.3-py3.10.egg-info/dependency_links.txt\n'}
[4.795650] (crazyflie_sim) StdoutLine: {'line': b'-- Up-to-date symlink: /home/gowtham/crazyflie_ws/install/crazyflie_sim/local/lib/python3.10/dist-packages/crazyflie_sim-1.0.3-py3.10.egg-info/entry_points.txt\n'}
[4.795890] (crazyflie_sim) StdoutLine: {'line': b'-- Up-to-date symlink: /home/gowtham/crazyflie_ws/install/crazyflie_sim/local/lib/python3.10/dist-packages/crazyflie_sim-1.0.3-py3.10.egg-info/top_level.txt\n'}
[4.796009] (crazyflie_sim) StdoutLine: {'line': b'-- Up-to-date symlink: /home/gowtham/crazyflie_ws/install/crazyflie_sim/lib/crazyflie_sim//crazyflie_server\n'}
[4.796205] (crazyflie_sim) StdoutLine: {'line': b'-- Up-to-date symlink: /home/gowtham/crazyflie_ws/install/crazyflie_sim/local/lib/python3.10/dist-packages/crazyflie_sim/__init__.py\n'}
[4.796323] (crazyflie_sim) StdoutLine: {'line': b'-- Up-to-date symlink: /home/gowtham/crazyflie_ws/install/crazyflie_sim/local/lib/python3.10/dist-packages/crazyflie_sim/backend/data/dynobench/crazyflie2.yaml\n'}
[4.796509] (crazyflie_sim) StdoutLine: {'line': b'-- Up-to-date symlink: /home/gowtham/crazyflie_ws/install/crazyflie_sim/local/lib/python3.10/dist-packages/crazyflie_sim/backend/data/neuralswarm2/phi_G.pth\n'}
[4.796782] (crazyflie_sim) StdoutLine: {'line': b'-- Up-to-date symlink: /home/gowtham/crazyflie_ws/install/crazyflie_sim/local/lib/python3.10/dist-packages/crazyflie_sim/backend/data/neuralswarm2/phi_L.pth\n'}
[4.797013] (crazyflie_sim) StdoutLine: {'line': b'-- Up-to-date symlink: /home/gowtham/crazyflie_ws/install/crazyflie_sim/local/lib/python3.10/dist-packages/crazyflie_sim/backend/data/neuralswarm2/phi_S.pth\n'}
[4.797266] (crazyflie_sim) StdoutLine: {'line': b'-- Up-to-date symlink: /home/gowtham/crazyflie_ws/install/crazyflie_sim/local/lib/python3.10/dist-packages/crazyflie_sim/backend/data/neuralswarm2/rho_L.pth\n'}
[4.797517] (crazyflie_sim) StdoutLine: {'line': b'-- Up-to-date symlink: /home/gowtham/crazyflie_ws/install/crazyflie_sim/local/lib/python3.10/dist-packages/crazyflie_sim/backend/data/neuralswarm2/rho_S.pth\n'}
[4.797764] (crazyflie_sim) StdoutLine: {'line': b'-- Up-to-date symlink: /home/gowtham/crazyflie_ws/install/crazyflie_sim/local/lib/python3.10/dist-packages/crazyflie_sim/backend/data/pinocchio/crazyflie2.urdf\n'}
[4.797986] (crazyflie_sim) StdoutLine: {'line': b'-- Up-to-date symlink: /home/gowtham/crazyflie_ws/install/crazyflie_sim/local/lib/python3.10/dist-packages/crazyflie_sim/backend/dynobench.py\n'}
[4.798205] (crazyflie_sim) StdoutLine: {'line': b'-- Up-to-date symlink: /home/gowtham/crazyflie_ws/install/crazyflie_sim/local/lib/python3.10/dist-packages/crazyflie_sim/backend/neuralswarm.py\n'}
[4.798426] (crazyflie_sim) StdoutLine: {'line': b'-- Up-to-date symlink: /home/gowtham/crazyflie_ws/install/crazyflie_sim/local/lib/python3.10/dist-packages/crazyflie_sim/backend/none.py\n'}
[4.798760] (crazyflie_sim) StdoutLine: {'line': b'-- Up-to-date symlink: /home/gowtham/crazyflie_ws/install/crazyflie_sim/local/lib/python3.10/dist-packages/crazyflie_sim/backend/np.py\n'}
[4.798915] (crazyflie_sim) StdoutLine: {'line': b'-- Up-to-date symlink: /home/gowtham/crazyflie_ws/install/crazyflie_sim/local/lib/python3.10/dist-packages/crazyflie_sim/backend/pinocchio.py\n'}
[4.799093] (crazyflie_sim) StdoutLine: {'line': b'-- Up-to-date symlink: /home/gowtham/crazyflie_ws/install/crazyflie_sim/local/lib/python3.10/dist-packages/crazyflie_sim/crazyflie_server.py\n'}
[4.801699] (crazyflie_sim) StdoutLine: {'line': b'-- Up-to-date symlink: /home/gowtham/crazyflie_ws/install/crazyflie_sim/local/lib/python3.10/dist-packages/crazyflie_sim/crazyflie_sil.py\n'}
[4.801925] (crazyflie_sim) StdoutLine: {'line': b'-- Up-to-date symlink: /home/gowtham/crazyflie_ws/install/crazyflie_sim/local/lib/python3.10/dist-packages/crazyflie_sim/sim_data_types.py\n'}
[4.802032] (crazyflie_sim) StdoutLine: {'line': b'-- Up-to-date symlink: /home/gowtham/crazyflie_ws/install/crazyflie_sim/local/lib/python3.10/dist-packages/crazyflie_sim/visualization/README.md\n'}
[4.802145] (crazyflie_sim) StdoutLine: {'line': b'-- Up-to-date symlink: /home/gowtham/crazyflie_ws/install/crazyflie_sim/local/lib/python3.10/dist-packages/crazyflie_sim/visualization/blender.py\n'}
[4.802252] (crazyflie_sim) StdoutLine: {'line': b'-- Up-to-date symlink: /home/gowtham/crazyflie_ws/install/crazyflie_sim/local/lib/python3.10/dist-packages/crazyflie_sim/visualization/data/README.md\n'}
[4.802346] (crazyflie_sim) StdoutLine: {'line': b'-- Up-to-date symlink: /home/gowtham/crazyflie_ws/install/crazyflie_sim/local/lib/python3.10/dist-packages/crazyflie_sim/visualization/data/env/abandoned_greenhouse.jpg\n'}
[4.802450] (crazyflie_sim) StdoutLine: {'line': b'-- Up-to-date symlink: /home/gowtham/crazyflie_ws/install/crazyflie_sim/local/lib/python3.10/dist-packages/crazyflie_sim/visualization/data/env/aerodynamics_workshop.jpg\n'}
[4.802573] (crazyflie_sim) StdoutLine: {'line': b'-- Up-to-date symlink: /home/gowtham/crazyflie_ws/install/crazyflie_sim/local/lib/python3.10/dist-packages/crazyflie_sim/visualization/data/env/aviation_museum.jpg\n'}
[4.802677] (crazyflie_sim) StdoutLine: {'line': b'-- Up-to-date symlink: /home/gowtham/crazyflie_ws/install/crazyflie_sim/local/lib/python3.10/dist-packages/crazyflie_sim/visualization/data/env/crosswalk.jpg\n'}
[4.802779] (crazyflie_sim) StdoutLine: {'line': b'-- Up-to-date symlink: /home/gowtham/crazyflie_ws/install/crazyflie_sim/local/lib/python3.10/dist-packages/crazyflie_sim/visualization/data/env/derelict_overpass.jpg\n'}
[4.802873] (crazyflie_sim) StdoutLine: {'line': b'-- Up-to-date symlink: /home/gowtham/crazyflie_ws/install/crazyflie_sim/local/lib/python3.10/dist-packages/crazyflie_sim/visualization/data/env/env.jpg\n'}
[4.802974] (crazyflie_sim) StdoutLine: {'line': b'-- Up-to-date symlink: /home/gowtham/crazyflie_ws/install/crazyflie_sim/local/lib/python3.10/dist-packages/crazyflie_sim/visualization/data/env/lago_disola.jpg\n'}
[4.803069] (crazyflie_sim) StdoutLine: {'line': b'-- Up-to-date symlink: /home/gowtham/crazyflie_ws/install/crazyflie_sim/local/lib/python3.10/dist-packages/crazyflie_sim/visualization/data/env/lake_pier.jpg\n'}
[4.803168] (crazyflie_sim) StdoutLine: {'line': b'-- Up-to-date symlink: /home/gowtham/crazyflie_ws/install/crazyflie_sim/local/lib/python3.10/dist-packages/crazyflie_sim/visualization/data/env/machine_shop.jpg\n'}
[4.803372] (crazyflie_sim) StdoutLine: {'line': b'-- Up-to-date symlink: /home/gowtham/crazyflie_ws/install/crazyflie_sim/local/lib/python3.10/dist-packages/crazyflie_sim/visualization/data/env/museumplein.jpg\n'}
[4.803496] (crazyflie_sim) StdoutLine: {'line': b'-- Up-to-date symlink: /home/gowtham/crazyflie_ws/install/crazyflie_sim/local/lib/python3.10/dist-packages/crazyflie_sim/visualization/data/env/peppermint_powerplant.jpg\n'}
[4.803612] (crazyflie_sim) StdoutLine: {'line': b'-- Up-to-date symlink: /home/gowtham/crazyflie_ws/install/crazyflie_sim/local/lib/python3.10/dist-packages/crazyflie_sim/visualization/data/env/studio_garden.jpg\n'}
[4.803885] (crazyflie_sim) StdoutLine: {'line': b'-- Up-to-date symlink: /home/gowtham/crazyflie_ws/install/crazyflie_sim/local/lib/python3.10/dist-packages/crazyflie_sim/visualization/data/model/cf.mtl\n'}
[4.803985] (crazyflie_sim) StdoutLine: {'line': b'-- Up-to-date symlink: /home/gowtham/crazyflie_ws/install/crazyflie_sim/local/lib/python3.10/dist-packages/crazyflie_sim/visualization/data/model/cf.obj\n'}
[4.804134] (crazyflie_sim) StdoutLine: {'line': b'-- Up-to-date symlink: /home/gowtham/crazyflie_ws/install/crazyflie_sim/local/lib/python3.10/dist-packages/crazyflie_sim/visualization/pdf.py\n'}
[4.804234] (crazyflie_sim) StdoutLine: {'line': b'-- Up-to-date symlink: /home/gowtham/crazyflie_ws/install/crazyflie_sim/local/lib/python3.10/dist-packages/crazyflie_sim/visualization/record_states.py\n'}
[4.804345] (crazyflie_sim) StdoutLine: {'line': b'-- Up-to-date symlink: /home/gowtham/crazyflie_ws/install/crazyflie_sim/local/lib/python3.10/dist-packages/crazyflie_sim/visualization/rviz.py\n'}
[4.804512] (crazyflie_sim) StdoutLine: {'line': b'-- Up-to-date symlink: /home/gowtham/crazyflie_ws/install/crazyflie_sim/share/ament_index/resource_index/package_run_dependencies/crazyflie_sim\n'}
[4.804643] (crazyflie_sim) StdoutLine: {'line': b'-- Up-to-date symlink: /home/gowtham/crazyflie_ws/install/crazyflie_sim/share/ament_index/resource_index/parent_prefix_path/crazyflie_sim\n'}
[4.804803] (crazyflie_sim) StdoutLine: {'line': b'-- Up-to-date symlink: /home/gowtham/crazyflie_ws/install/crazyflie_sim/share/crazyflie_sim/environment/ament_prefix_path.sh\n'}
[4.804898] (crazyflie_sim) StdoutLine: {'line': b'-- Up-to-date symlink: /home/gowtham/crazyflie_ws/install/crazyflie_sim/share/crazyflie_sim/environment/ament_prefix_path.dsv\n'}
[4.805064] (crazyflie_sim) StdoutLine: {'line': b'-- Up-to-date symlink: /home/gowtham/crazyflie_ws/install/crazyflie_sim/share/crazyflie_sim/environment/path.sh\n'}
[4.805241] (crazyflie_sim) StdoutLine: {'line': b'-- Up-to-date symlink: /home/gowtham/crazyflie_ws/install/crazyflie_sim/share/crazyflie_sim/environment/path.dsv\n'}
[4.805502] (crazyflie_sim) StdoutLine: {'line': b'-- Up-to-date symlink: /home/gowtham/crazyflie_ws/install/crazyflie_sim/share/crazyflie_sim/local_setup.bash\n'}
[4.805752] (crazyflie_sim) StdoutLine: {'line': b'-- Up-to-date symlink: /home/gowtham/crazyflie_ws/install/crazyflie_sim/share/crazyflie_sim/local_setup.sh\n'}
[4.805997] (crazyflie_sim) StdoutLine: {'line': b'-- Up-to-date symlink: /home/gowtham/crazyflie_ws/install/crazyflie_sim/share/crazyflie_sim/local_setup.zsh\n'}
[4.806240] (crazyflie_sim) StdoutLine: {'line': b'-- Up-to-date symlink: /home/gowtham/crazyflie_ws/install/crazyflie_sim/share/crazyflie_sim/local_setup.dsv\n'}
[4.806424] (crazyflie_sim) StdoutLine: {'line': b'-- Symlinking: /home/gowtham/crazyflie_ws/install/crazyflie_sim/share/crazyflie_sim/package.dsv\n'}
[4.824347] (crazyflie_sim) StdoutLine: {'line': b'-- Up-to-date symlink: /home/gowtham/crazyflie_ws/install/crazyflie_sim/share/ament_index/resource_index/packages/crazyflie_sim\n'}
[4.824586] (crazyflie_sim) StdoutLine: {'line': b'-- Up-to-date symlink: /home/gowtham/crazyflie_ws/install/crazyflie_sim/share/crazyflie_sim/cmake/crazyflie_simConfig.cmake\n'}
[4.824676] (crazyflie_sim) StdoutLine: {'line': b'-- Up-to-date symlink: /home/gowtham/crazyflie_ws/install/crazyflie_sim/share/crazyflie_sim/cmake/crazyflie_simConfig-version.cmake\n'}
[4.824753] (crazyflie_sim) StdoutLine: {'line': b'-- Up-to-date symlink: /home/gowtham/crazyflie_ws/install/crazyflie_sim/share/crazyflie_sim/package.xml\n'}
[4.830526] (-) TimerEvent: {}
[4.839395] (crazyflie_examples) StdoutLine: {'line': b'Built target ament_cmake_python_symlink_crazyflie_examples\n'}
[4.843752] (crazyflie_examples) StdoutLine: {'line': b'Built target ament_cmake_python_symlink_crazyflie_examples_setup\n'}
[4.906552] (crazyflie_sim) StdoutLine: {'line': b"Listing '/home/gowtham/crazyflie_ws/install/crazyflie_sim/local/lib/python3.10/dist-packages/crazyflie_sim'...\n"}
[4.906846] (crazyflie_sim) StdoutLine: {'line': b"Listing '/home/gowtham/crazyflie_ws/install/crazyflie_sim/local/lib/python3.10/dist-packages/crazyflie_sim/backend'...\n"}
[4.906987] (crazyflie_sim) StdoutLine: {'line': b"Listing '/home/gowtham/crazyflie_ws/install/crazyflie_sim/local/lib/python3.10/dist-packages/crazyflie_sim/backend/data'...\n"}
[4.907241] (crazyflie_sim) StdoutLine: {'line': b"Listing '/home/gowtham/crazyflie_ws/install/crazyflie_sim/local/lib/python3.10/dist-packages/crazyflie_sim/backend/data/dynobench'...\n"}
[4.907420] (crazyflie_sim) StdoutLine: {'line': b"Listing '/home/gowtham/crazyflie_ws/install/crazyflie_sim/local/lib/python3.10/dist-packages/crazyflie_sim/backend/data/neuralswarm2'...\n"}
[4.907629] (crazyflie_sim) StdoutLine: {'line': b"Listing '/home/gowtham/crazyflie_ws/install/crazyflie_sim/local/lib/python3.10/dist-packages/crazyflie_sim/backend/data/pinocchio'...\n"}
[4.907768] (crazyflie_sim) StdoutLine: {'line': b"Listing '/home/gowtham/crazyflie_ws/install/crazyflie_sim/local/lib/python3.10/dist-packages/crazyflie_sim/visualization'...\n"}
[4.907903] (crazyflie_sim) StdoutLine: {'line': b"Listing '/home/gowtham/crazyflie_ws/install/crazyflie_sim/local/lib/python3.10/dist-packages/crazyflie_sim/visualization/data'...\n"}
[4.908038] (crazyflie_sim) StdoutLine: {'line': b"Listing '/home/gowtham/crazyflie_ws/install/crazyflie_sim/local/lib/python3.10/dist-packages/crazyflie_sim/visualization/data/env'...\n"}
[4.908183] (crazyflie_sim) StdoutLine: {'line': b"Listing '/home/gowtham/crazyflie_ws/install/crazyflie_sim/local/lib/python3.10/dist-packages/crazyflie_sim/visualization/data/model'...\n"}
[4.920529] (crazyflie_sim) CommandEnded: {'returncode': 0}
[4.930844] (-) TimerEvent: {}
[4.945714] (crazyflie_sim) JobEnded: {'identifier': 'crazyflie_sim', 'rc': 0}
[5.030965] (-) TimerEvent: {}
[5.131413] (-) TimerEvent: {}
[5.224356] (crazyflie_examples) StdoutLine: {'line': b'running install_scripts\n'}
[5.228562] (crazyflie_examples) StderrLine: {'line': b'/usr/lib/python3/dist-packages/setuptools/command/install.py:34: SetuptoolsDeprecationWarning: setup.py install is deprecated. Use build and pip and other standards-based tools.\n'}
[5.228842] (crazyflie_examples) StderrLine: {'line': b'  warnings.warn(\n'}
[5.231528] (-) TimerEvent: {}
[5.257189] (crazyflie_examples) StdoutLine: {'line': b'running egg_info\n'}
[5.259774] (crazyflie_examples) StdoutLine: {'line': b'writing crazyflie_examples.egg-info/PKG-INFO\n'}
[5.260034] (crazyflie_examples) StdoutLine: {'line': b'writing dependency_links to crazyflie_examples.egg-info/dependency_links.txt\n'}
[5.260184] (crazyflie_examples) StdoutLine: {'line': b'writing entry points to crazyflie_examples.egg-info/entry_points.txt\n'}
[5.260324] (crazyflie_examples) StdoutLine: {'line': b'writing top-level names to crazyflie_examples.egg-info/top_level.txt\n'}
[5.262971] (crazyflie_examples) StdoutLine: {'line': b"reading manifest file 'crazyflie_examples.egg-info/SOURCES.txt'\n"}
[5.264122] (crazyflie_examples) StdoutLine: {'line': b"writing manifest file 'crazyflie_examples.egg-info/SOURCES.txt'\n"}
[5.265912] (crazyflie_examples) StdoutLine: {'line': b'Installing arming script to scripts\n'}
[5.267173] (crazyflie_examples) StdoutLine: {'line': b'Installing cmd_full_state script to scripts\n'}
[5.267448] (crazyflie_examples) StdoutLine: {'line': b'Installing figure8 script to scripts\n'}
[5.267630] (crazyflie_examples) StdoutLine: {'line': b'Installing goto_unicast script to scripts\n'}
[5.267826] (crazyflie_examples) StdoutLine: {'line': b'Installing group_mask script to scripts\n'}
[5.268031] (crazyflie_examples) StdoutLine: {'line': b'Installing hello_world script to scripts\n'}
[5.268167] (crazyflie_examples) StdoutLine: {'line': b'Installing infinite_flight script to scripts\n'}
[5.268279] (crazyflie_examples) StdoutLine: {'line': b'Installing multi_trajectory script to scripts\n'}
[5.268450] (crazyflie_examples) StdoutLine: {'line': b'Installing nice_hover script to scripts\n'}
[5.268587] (crazyflie_examples) StdoutLine: {'line': b'Installing set_param script to scripts\n'}
[5.268700] (crazyflie_examples) StdoutLine: {'line': b'Installing swap script to scripts\n'}
[5.289661] (crazyflie_examples) StdoutLine: {'line': b'running egg_info\n'}
[5.290871] (crazyflie_examples) StdoutLine: {'line': b'writing crazyflie_examples.egg-info/PKG-INFO\n'}
[5.291215] (crazyflie_examples) StdoutLine: {'line': b'writing dependency_links to crazyflie_examples.egg-info/dependency_links.txt\n'}
[5.291518] (crazyflie_examples) StdoutLine: {'line': b'writing entry points to crazyflie_examples.egg-info/entry_points.txt\n'}
[5.291777] (crazyflie_examples) StdoutLine: {'line': b'writing top-level names to crazyflie_examples.egg-info/top_level.txt\n'}
[5.295616] (crazyflie_examples) StdoutLine: {'line': b"reading manifest file 'crazyflie_examples.egg-info/SOURCES.txt'\n"}
[5.296934] (crazyflie_examples) StdoutLine: {'line': b"writing manifest file 'crazyflie_examples.egg-info/SOURCES.txt'\n"}
[5.329602] (crazyflie_examples) StdoutLine: {'line': b'Built target ament_cmake_python_build_crazyflie_examples_scripts\n'}
[5.331642] (-) TimerEvent: {}
[5.344895] (crazyflie_examples) StdoutLine: {'line': b'Built target ament_cmake_python_build_crazyflie_examples_egg\n'}
[5.360408] (crazyflie_examples) CommandEnded: {'returncode': 0}
[5.361391] (crazyflie_examples) JobProgress: {'identifier': 'crazyflie_examples', 'progress': 'install'}
[5.362586] (crazyflie_examples) Command: {'cmd': ['/usr/bin/cmake', '--install', '/home/gowtham/crazyflie_ws/build/crazyflie_examples'], 'cwd': '/home/gowtham/crazyflie_ws/build/crazyflie_examples', 'env': OrderedDict([('LESSOPEN', '| /usr/bin/lesspipe %s'), ('LANGUAGE', 'en_IN:en'), ('USER', 'gowtham'), ('XDG_SESSION_TYPE', 'wayland'), ('SHLVL', '1'), ('LD_LIBRARY_PATH', '/home/gowtham/crazyflie_ws/install/crazyflie_interfaces/lib:/home/gowtham/swarm_ws/install/crazyflie_interfaces/lib:/opt/ros/humble/opt/rviz_ogre_vendor/lib:/opt/ros/humble/lib/x86_64-linux-gnu:/opt/ros/humble/lib'), ('HOME', '/home/gowtham'), ('OLDPWD', '/home/gowtham/crazyflie_ws'), ('DESKTOP_SESSION', 'ubuntu'), ('ROS_PYTHON_VERSION', '3'), ('GNOME_SHELL_SESSION_MODE', 'ubuntu'), ('GTK_MODULES', 'gail:atk-bridge'), ('SYSTEMD_EXEC_PID', '3090'), ('DBUS_SESSION_BUS_ADDRESS', 'unix:path=/run/user/1000/bus'), ('COLORTERM', 'truecolor'), ('IM_CONFIG_PHASE', '1'), ('WAYLAND_DISPLAY', 'wayland-0'), ('COLCON_PREFIX_PATH', '/home/gowtham/crazyflie_ws/install:/home/gowtham/swarm_ws/install'), ('ROS_DISTRO', 'humble'), ('LOGNAME', 'gowtham'), ('_', '/usr/bin/colcon'), ('ROS_VERSION', '2'), ('XDG_SESSION_CLASS', 'user'), ('USERNAME', 'gowtham'), ('TERM', 'xterm-256color'), ('GNOME_DESKTOP_SESSION_ID', 'this-is-deprecated'), ('ROS_LOCALHOST_ONLY', '0'), ('PATH', '/opt/ros/humble/bin:/home/gowtham/.local/bin:/usr/local/sbin:/usr/local/bin:/usr/sbin:/usr/bin:/sbin:/bin:/usr/games:/usr/local/games:/snap/bin:/snap/bin:/home/gowtham/.local/bin'), ('SESSION_MANAGER', 'local/gowtham:@/tmp/.ICE-unix/882,unix/gowtham:/tmp/.ICE-unix/882'), ('XDG_MENU_PREFIX', 'gnome-'), ('GNOME_TERMINAL_SCREEN', '/org/gnome/Terminal/screen/c2aa9c91_cb9d_4464_837a_3feabbe7a3f9'), ('GNOME_SETUP_DISPLAY', ':1'), ('XDG_RUNTIME_DIR', '/run/user/1000'), ('DISPLAY', ':0'), ('LANG', 'en_US.UTF-8'), ('XDG_CURRENT_DESKTOP', 'ubuntu:GNOME'), ('XMODIFIERS', '@im=ibus'), ('XDG_SESSION_DESKTOP', 'ubuntu'), ('XAUTHORITY', '/run/user/1000/.mutter-Xwaylandauth.NKMGQ3'), ('LS_COLORS', 'rs=0:di=01;34:ln=01;36:mh=00:pi=40;33:so=01;35:do=01;35:bd=40;33;01:cd=40;33;01:or=40;31;01:mi=00:su=37;41:sg=30;43:ca=30;41:tw=30;42:ow=34;42:st=37;44:ex=01;32:*.tar=01;31:*.tgz=01;31:*.arc=01;31:*.arj=01;31:*.taz=01;31:*.lha=01;31:*.lz4=01;31:*.lzh=01;31:*.lzma=01;31:*.tlz=01;31:*.txz=01;31:*.tzo=01;31:*.t7z=01;31:*.zip=01;31:*.z=01;31:*.dz=01;31:*.gz=01;31:*.lrz=01;31:*.lz=01;31:*.lzo=01;31:*.xz=01;31:*.zst=01;31:*.tzst=01;31:*.bz2=01;31:*.bz=01;31:*.tbz=01;31:*.tbz2=01;31:*.tz=01;31:*.deb=01;31:*.rpm=01;31:*.jar=01;31:*.war=01;31:*.ear=01;31:*.sar=01;31:*.rar=01;31:*.alz=01;31:*.ace=01;31:*.zoo=01;31:*.cpio=01;31:*.7z=01;31:*.rz=01;31:*.cab=01;31:*.wim=01;31:*.swm=01;31:*.dwm=01;31:*.esd=01;31:*.jpg=01;35:*.jpeg=01;35:*.mjpg=01;35:*.mjpeg=01;35:*.gif=01;35:*.bmp=01;35:*.pbm=01;35:*.pgm=01;35:*.ppm=01;35:*.tga=01;35:*.xbm=01;35:*.xpm=01;35:*.tif=01;35:*.tiff=01;35:*.png=01;35:*.svg=01;35:*.svgz=01;35:*.mng=01;35:*.pcx=01;35:*.mov=01;35:*.mpg=01;35:*.mpeg=01;35:*.m2v=01;35:*.mkv=01;35:*.webm=01;35:*.webp=01;35:*.ogm=01;35:*.mp4=01;35:*.m4v=01;35:*.mp4v=01;35:*.vob=01;35:*.qt=01;35:*.nuv=01;35:*.wmv=01;35:*.asf=01;35:*.rm=01;35:*.rmvb=01;35:*.flc=01;35:*.avi=01;35:*.fli=01;35:*.flv=01;35:*.gl=01;35:*.dl=01;35:*.xcf=01;35:*.xwd=01;35:*.yuv=01;35:*.cgm=01;35:*.emf=01;35:*.ogv=01;35:*.ogx=01;35:*.aac=00;36:*.au=00;36:*.flac=00;36:*.m4a=00;36:*.mid=00;36:*.midi=00;36:*.mka=00;36:*.mp3=00;36:*.mpc=00;36:*.ogg=00;36:*.ra=00;36:*.wav=00;36:*.oga=00;36:*.opus=00;36:*.spx=00;36:*.xspf=00;36:'), ('GNOME_TERMINAL_SERVICE', ':1.128'), ('SSH_AGENT_LAUNCHER', 'gnome-keyring'), ('SSH_AUTH_SOCK', '/run/user/1000/keyring/ssh'), ('AMENT_PREFIX_PATH', '/home/gowtham/crazyflie_ws/install/crazyflie_py:/home/gowtham/crazyflie_ws/install/swarm_navigation:/home/gowtham/crazyflie_ws/install/swarm_guidance:/home/gowtham/crazyflie_ws/install/crazyflie_sim:/home/gowtham/crazyflie_ws/install/crazyflie_examples:/home/gowtham/crazyflie_ws/install/crazyflie:/home/gowtham/crazyflie_ws/install/crazyflie_interfaces:/home/gowtham/crazyflie_ws/install/central_swarm_control:/home/gowtham/swarm_ws/install/guidance_layer:/home/gowtham/swarm_ws/install/crazyflie_sim:/home/gowtham/swarm_ws/install/crazyflie_examples:/home/gowtham/swarm_ws/install/crazyflie_py:/home/gowtham/swarm_ws/install/crazyflie:/home/gowtham/swarm_ws/install/crazyflie_interfaces:/home/gowtham/swarm_ws/install/control_layer:/home/gowtham/swarm_ws/install/consensus_controller:/opt/ros/humble'), ('SHELL', '/bin/bash'), ('QT_ACCESSIBILITY', '1'), ('GDMSESSION', 'ubuntu'), ('LESSCLOSE', '/usr/bin/lesspipe %s %s'), ('QT_IM_MODULE', 'ibus'), ('PWD', '/home/gowtham/crazyflie_ws/build/crazyflie_examples'), ('LC_ALL', 'en_US.UTF-8'), ('XDG_CONFIG_DIRS', '/etc/xdg/xdg-ubuntu:/etc/xdg'), ('XDG_DATA_DIRS', '/usr/share/ubuntu:/usr/local/share/:/usr/share/:/var/lib/snapd/desktop'), ('PYTHONPATH', '/home/gowtham/crazyflie_ws/install/crazyflie_py/lib/python3.10/site-packages:/home/gowtham/crazyflie_ws/build/swarm_navigation:/home/gowtham/crazyflie_ws/install/swarm_navigation/lib/python3.10/site-packages:/home/gowtham/crazyflie_ws/install/swarm_guidance/lib/python3.10/site-packages:/home/gowtham/crazyflie_ws/install/crazyflie_sim/local/lib/python3.10/dist-packages:/home/gowtham/crazyflie_ws/install/crazyflie_examples/local/lib/python3.10/dist-packages:/home/gowtham/crazyflie_ws/install/crazyflie_interfaces/local/lib/python3.10/dist-packages:/home/gowtham/crazyflie_ws/build/central_swarm_control:/home/gowtham/crazyflie_ws/install/central_swarm_control/lib/python3.10/site-packages:/home/gowtham/crazyflie-firmware/build:/home/gowtham/crazyflie-firmware/build:/home/gowtham/swarm_ws/install/guidance_layer/lib/python3.10/site-packages:/home/gowtham/swarm_ws/install/crazyflie_sim/local/lib/python3.10/dist-packages:/home/gowtham/swarm_ws/install/crazyflie_examples/local/lib/python3.10/dist-packages:/home/gowtham/swarm_ws/install/crazyflie_py/lib/python3.10/site-packages:/home/gowtham/swarm_ws/install/crazyflie_interfaces/local/lib/python3.10/dist-packages:/home/gowtham/swarm_ws/install/control_layer/lib/python3.10/site-packages:/home/gowtham/swarm_ws/install/consensus_controller/lib/python3.10/site-packages:/opt/ros/humble/lib/python3.10/site-packages:/opt/ros/humble/local/lib/python3.10/dist-packages'), ('COLCON', '1'), ('VTE_VERSION', '6800'), ('CMAKE_PREFIX_PATH', '/home/gowtham/crazyflie_ws/install/crazyflie_interfaces:/home/gowtham/crazyflie_ws/install/crazyflie_sim:/home/gowtham/crazyflie_ws/install/crazyflie_examples:/home/gowtham/crazyflie_ws/install/crazyflie:/home/gowtham/swarm_ws/install/crazyflie_sim:/home/gowtham/swarm_ws/install/crazyflie_examples:/home/gowtham/swarm_ws/install/crazyflie:/home/gowtham/swarm_ws/install/crazyflie_interfaces:/home/gowtham/crazyflie_ws/install/swarm_navigation:/home/gowtham/crazyflie_ws/install/swarm_guidance:/home/gowtham/crazyflie_ws/install/crazyflie_py:/home/gowtham/crazyflie_ws/install/central_swarm_control:/home/gowtham/swarm_ws/install/guidance_layer:/home/gowtham/swarm_ws/install/crazyflie_py:/home/gowtham/swarm_ws/install/control_layer:/home/gowtham/swarm_ws/install/consensus_controller:/opt/ros/humble')]), 'shell': False}
[5.372071] (crazyflie_examples) StdoutLine: {'line': b'-- Install configuration: ""\n'}
[5.372709] (crazyflie_examples) StdoutLine: {'line': b'-- Execute custom install script\n'}
[5.373022] (crazyflie_examples) StdoutLine: {'line': b'-- Up-to-date symlink: /home/gowtham/crazyflie_ws/install/crazyflie_examples/share/crazyflie_examples/environment/pythonpath.sh\n'}
[5.373267] (crazyflie_examples) StdoutLine: {'line': b'-- Up-to-date symlink: /home/gowtham/crazyflie_ws/install/crazyflie_examples/share/crazyflie_examples/environment/pythonpath.dsv\n'}
[5.373892] (crazyflie_examples) StdoutLine: {'line': b'-- Up-to-date symlink: /home/gowtham/crazyflie_ws/install/crazyflie_examples/local/lib/python3.10/dist-packages/crazyflie_examples-1.0.3-py3.10.egg-info/PKG-INFO\n'}
[5.374091] (crazyflie_examples) StdoutLine: {'line': b'-- Up-to-date symlink: /home/gowtham/crazyflie_ws/install/crazyflie_examples/local/lib/python3.10/dist-packages/crazyflie_examples-1.0.3-py3.10.egg-info/SOURCES.txt\n'}
[5.374298] (crazyflie_examples) StdoutLine: {'line': b'-- Up-to-date symlink: /home/gowtham/crazyflie_ws/install/crazyflie_examples/local/lib/python3.10/dist-packages/crazyflie_examples-1.0.3-py3.10.egg-info/dependency_links.txt\n'}
[5.374510] (crazyflie_examples) StdoutLine: {'line': b'-- Up-to-date symlink: /home/gowtham/crazyflie_ws/install/crazyflie_examples/local/lib/python3.10/dist-packages/crazyflie_examples-1.0.3-py3.10.egg-info/entry_points.txt\n'}
[5.374710] (crazyflie_examples) StdoutLine: {'line': b'-- Up-to-date symlink: /home/gowtham/crazyflie_ws/install/crazyflie_examples/local/lib/python3.10/dist-packages/crazyflie_examples-1.0.3-py3.10.egg-info/top_level.txt\n'}
[5.375291] (crazyflie_examples) StdoutLine: {'line': b'-- Up-to-date symlink: /home/gowtham/crazyflie_ws/install/crazyflie_examples/lib/crazyflie_examples//arming\n'}
[5.375443] (crazyflie_examples) StdoutLine: {'line': b'-- Up-to-date symlink: /home/gowtham/crazyflie_ws/install/crazyflie_examples/lib/crazyflie_examples//cmd_full_state\n'}
[5.375650] (crazyflie_examples) StdoutLine: {'line': b'-- Up-to-date symlink: /home/gowtham/crazyflie_ws/install/crazyflie_examples/lib/crazyflie_examples//figure8\n'}
[5.375826] (crazyflie_examples) StdoutLine: {'line': b'-- Up-to-date symlink: /home/gowtham/crazyflie_ws/install/crazyflie_examples/lib/crazyflie_examples//goto_unicast\n'}
[5.376012] (crazyflie_examples) StdoutLine: {'line': b'-- Up-to-date symlink: /home/gowtham/crazyflie_ws/install/crazyflie_examples/lib/crazyflie_examples//group_mask\n'}
[5.376198] (crazyflie_examples) StdoutLine: {'line': b'-- Up-to-date symlink: /home/gowtham/crazyflie_ws/install/crazyflie_examples/lib/crazyflie_examples//hello_world\n'}
[5.376386] (crazyflie_examples) StdoutLine: {'line': b'-- Up-to-date symlink: /home/gowtham/crazyflie_ws/install/crazyflie_examples/lib/crazyflie_examples//infinite_flight\n'}
[5.376874] (crazyflie_examples) StdoutLine: {'line': b'-- Up-to-date symlink: /home/gowtham/crazyflie_ws/install/crazyflie_examples/lib/crazyflie_examples//multi_trajectory\n'}
[5.377076] (crazyflie_examples) StdoutLine: {'line': b'-- Up-to-date symlink: /home/gowtham/crazyflie_ws/install/crazyflie_examples/lib/crazyflie_examples//nice_hover\n'}
[5.377269] (crazyflie_examples) StdoutLine: {'line': b'-- Up-to-date symlink: /home/gowtham/crazyflie_ws/install/crazyflie_examples/lib/crazyflie_examples//set_param\n'}
[5.377477] (crazyflie_examples) StdoutLine: {'line': b'-- Up-to-date symlink: /home/gowtham/crazyflie_ws/install/crazyflie_examples/lib/crazyflie_examples//swap\n'}
[5.378844] (crazyflie_examples) StdoutLine: {'line': b'-- Up-to-date symlink: /home/gowtham/crazyflie_ws/install/crazyflie_examples/local/lib/python3.10/dist-packages/crazyflie_examples/__init__.py\n'}
[5.379113] (crazyflie_examples) StdoutLine: {'line': b'-- Up-to-date symlink: /home/gowtham/crazyflie_ws/install/crazyflie_examples/local/lib/python3.10/dist-packages/crazyflie_examples/arming.py\n'}
[5.379278] (crazyflie_examples) StdoutLine: {'line': b'-- Up-to-date symlink: /home/gowtham/crazyflie_ws/install/crazyflie_examples/local/lib/python3.10/dist-packages/crazyflie_examples/cmd_full_state.py\n'}
[5.379441] (crazyflie_examples) StdoutLine: {'line': b'-- Up-to-date symlink: /home/gowtham/crazyflie_ws/install/crazyflie_examples/local/lib/python3.10/dist-packages/crazyflie_examples/data/figure8.csv\n'}
[5.379604] (crazyflie_examples) StdoutLine: {'line': b'-- Up-to-date symlink: /home/gowtham/crazyflie_ws/install/crazyflie_examples/local/lib/python3.10/dist-packages/crazyflie_examples/data/multi_trajectory/traj0.csv\n'}
[5.379756] (crazyflie_examples) StdoutLine: {'line': b'-- Up-to-date symlink: /home/gowtham/crazyflie_ws/install/crazyflie_examples/local/lib/python3.10/dist-packages/crazyflie_examples/data/multi_trajectory/traj1.csv\n'}
[5.379900] (crazyflie_examples) StdoutLine: {'line': b'-- Up-to-date symlink: /home/gowtham/crazyflie_ws/install/crazyflie_examples/local/lib/python3.10/dist-packages/crazyflie_examples/figure8.py\n'}
[5.380058] (crazyflie_examples) StdoutLine: {'line': b'-- Up-to-date symlink: /home/gowtham/crazyflie_ws/install/crazyflie_examples/local/lib/python3.10/dist-packages/crazyflie_examples/goto_unicast.py\n'}
[5.380216] (crazyflie_examples) StdoutLine: {'line': b'-- Up-to-date symlink: /home/gowtham/crazyflie_ws/install/crazyflie_examples/local/lib/python3.10/dist-packages/crazyflie_examples/group_mask.py\n'}
[5.380374] (crazyflie_examples) StdoutLine: {'line': b'-- Up-to-date symlink: /home/gowtham/crazyflie_ws/install/crazyflie_examples/local/lib/python3.10/dist-packages/crazyflie_examples/hello_world.py\n'}
[5.380546] (crazyflie_examples) StdoutLine: {'line': b'-- Up-to-date symlink: /home/gowtham/crazyflie_ws/install/crazyflie_examples/local/lib/python3.10/dist-packages/crazyflie_examples/infinite_flight.py\n'}
[5.380705] (crazyflie_examples) StdoutLine: {'line': b'-- Up-to-date symlink: /home/gowtham/crazyflie_ws/install/crazyflie_examples/local/lib/python3.10/dist-packages/crazyflie_examples/multi_trajectory.py\n'}
[5.380854] (crazyflie_examples) StdoutLine: {'line': b'-- Up-to-date symlink: /home/gowtham/crazyflie_ws/install/crazyflie_examples/local/lib/python3.10/dist-packages/crazyflie_examples/nice_hover.py\n'}
[5.381010] (crazyflie_examples) StdoutLine: {'line': b'-- Up-to-date symlink: /home/gowtham/crazyflie_ws/install/crazyflie_examples/local/lib/python3.10/dist-packages/crazyflie_examples/set_param.py\n'}
[5.381170] (crazyflie_examples) StdoutLine: {'line': b'-- Up-to-date symlink: /home/gowtham/crazyflie_ws/install/crazyflie_examples/local/lib/python3.10/dist-packages/crazyflie_examples/swap.py\n'}
[5.381593] (crazyflie_examples) StdoutLine: {'line': b'-- Up-to-date symlink: /home/gowtham/crazyflie_ws/install/crazyflie_examples/share/crazyflie_examples//config/nav2_params.yaml\n'}
[5.381745] (crazyflie_examples) StdoutLine: {'line': b'-- Up-to-date symlink: /home/gowtham/crazyflie_ws/install/crazyflie_examples/share/crazyflie_examples//config/nav2_view.rviz\n'}
[5.381903] (crazyflie_examples) StdoutLine: {'line': b'-- Up-to-date symlink: /home/gowtham/crazyflie_ws/install/crazyflie_examples/share/crazyflie_examples//config/slam_params.yaml\n'}
[5.382222] (crazyflie_examples) StdoutLine: {'line': b'-- Up-to-date symlink: /home/gowtham/crazyflie_ws/install/crazyflie_examples/share/crazyflie_examples//data/map.data\n'}
[5.382375] (crazyflie_examples) StdoutLine: {'line': b'-- Up-to-date symlink: /home/gowtham/crazyflie_ws/install/crazyflie_examples/share/crazyflie_examples//data/map.pgm\n'}
[5.382539] (crazyflie_examples) StdoutLine: {'line': b'-- Up-to-date symlink: /home/gowtham/crazyflie_ws/install/crazyflie_examples/share/crazyflie_examples//data/map.posegraph\n'}
[5.382691] (crazyflie_examples) StdoutLine: {'line': b'-- Up-to-date symlink: /home/gowtham/crazyflie_ws/install/crazyflie_examples/share/crazyflie_examples//data/map.yaml\n'}
[5.383016] (crazyflie_examples) StdoutLine: {'line': b'-- Up-to-date symlink: /home/gowtham/crazyflie_ws/install/crazyflie_examples/share/crazyflie_examples//launch/keyboard_velmux_launch.py\n'}
[5.383169] (crazyflie_examples) StdoutLine: {'line': b'-- Up-to-date symlink: /home/gowtham/crazyflie_ws/install/crazyflie_examples/share/crazyflie_examples//launch/launch.py\n'}
[5.383323] (crazyflie_examples) StdoutLine: {'line': b'-- Up-to-date symlink: /home/gowtham/crazyflie_ws/install/crazyflie_examples/share/crazyflie_examples//launch/multiranger_mapping_launch.py\n'}
[5.383483] (crazyflie_examples) StdoutLine: {'line': b'-- Up-to-date symlink: /home/gowtham/crazyflie_ws/install/crazyflie_examples/share/crazyflie_examples//launch/multiranger_nav2_launch.py\n'}
[5.383648] (crazyflie_examples) StdoutLine: {'line': b'-- Up-to-date symlink: /home/gowtham/crazyflie_ws/install/crazyflie_examples/share/crazyflie_examples//launch/multiranger_simple_mapper_launch.py\n'}
[5.383891] (crazyflie_examples) StdoutLine: {'line': b'-- Up-to-date symlink: /home/gowtham/crazyflie_ws/install/crazyflie_examples/share/ament_index/resource_index/package_run_dependencies/crazyflie_examples\n'}
[5.384116] (crazyflie_examples) StdoutLine: {'line': b'-- Up-to-date symlink: /home/gowtham/crazyflie_ws/install/crazyflie_examples/share/ament_index/resource_index/parent_prefix_path/crazyflie_examples\n'}
[5.384336] (crazyflie_examples) StdoutLine: {'line': b'-- Up-to-date symlink: /home/gowtham/crazyflie_ws/install/crazyflie_examples/share/crazyflie_examples/environment/ament_prefix_path.sh\n'}
[5.384550] (crazyflie_examples) StdoutLine: {'line': b'-- Up-to-date symlink: /home/gowtham/crazyflie_ws/install/crazyflie_examples/share/crazyflie_examples/environment/ament_prefix_path.dsv\n'}
[5.384768] (crazyflie_examples) StdoutLine: {'line': b'-- Up-to-date symlink: /home/gowtham/crazyflie_ws/install/crazyflie_examples/share/crazyflie_examples/environment/path.sh\n'}
[5.384971] (crazyflie_examples) StdoutLine: {'line': b'-- Up-to-date symlink: /home/gowtham/crazyflie_ws/install/crazyflie_examples/share/crazyflie_examples/environment/path.dsv\n'}
[5.385165] (crazyflie_examples) StdoutLine: {'line': b'-- Up-to-date symlink: /home/gowtham/crazyflie_ws/install/crazyflie_examples/share/crazyflie_examples/local_setup.bash\n'}
[5.385365] (crazyflie_examples) StdoutLine: {'line': b'-- Up-to-date symlink: /home/gowtham/crazyflie_ws/install/crazyflie_examples/share/crazyflie_examples/local_setup.sh\n'}
[5.385625] (crazyflie_examples) StdoutLine: {'line': b'-- Up-to-date symlink: /home/gowtham/crazyflie_ws/install/crazyflie_examples/share/crazyflie_examples/local_setup.zsh\n'}
[5.385854] (crazyflie_examples) StdoutLine: {'line': b'-- Up-to-date symlink: /home/gowtham/crazyflie_ws/install/crazyflie_examples/share/crazyflie_examples/local_setup.dsv\n'}
[5.386077] (crazyflie_examples) StdoutLine: {'line': b'-- Symlinking: /home/gowtham/crazyflie_ws/install/crazyflie_examples/share/crazyflie_examples/package.dsv\n'}
[5.401104] (crazyflie_examples) StdoutLine: {'line': b'-- Up-to-date symlink: /home/gowtham/crazyflie_ws/install/crazyflie_examples/share/ament_index/resource_index/packages/crazyflie_examples\n'}
[5.401349] (crazyflie_examples) StdoutLine: {'line': b'-- Up-to-date symlink: /home/gowtham/crazyflie_ws/install/crazyflie_examples/share/crazyflie_examples/cmake/crazyflie_examplesConfig.cmake\n'}
[5.401487] (crazyflie_examples) StdoutLine: {'line': b'-- Up-to-date symlink: /home/gowtham/crazyflie_ws/install/crazyflie_examples/share/crazyflie_examples/cmake/crazyflie_examplesConfig-version.cmake\n'}
[5.401755] (crazyflie_examples) StdoutLine: {'line': b'-- Up-to-date symlink: /home/gowtham/crazyflie_ws/install/crazyflie_examples/share/crazyflie_examples/package.xml\n'}
[5.431735] (-) TimerEvent: {}
[5.450781] (crazyflie_examples) StdoutLine: {'line': b"Listing '/home/gowtham/crazyflie_ws/install/crazyflie_examples/local/lib/python3.10/dist-packages/crazyflie_examples'...\n"}
[5.451171] (crazyflie_examples) StdoutLine: {'line': b"Listing '/home/gowtham/crazyflie_ws/install/crazyflie_examples/local/lib/python3.10/dist-packages/crazyflie_examples/data'...\n"}
[5.451371] (crazyflie_examples) StdoutLine: {'line': b"Listing '/home/gowtham/crazyflie_ws/install/crazyflie_examples/local/lib/python3.10/dist-packages/crazyflie_examples/data/multi_trajectory'...\n"}
[5.460134] (crazyflie_examples) CommandEnded: {'returncode': 0}
[5.476824] (crazyflie_examples) JobEnded: {'identifier': 'crazyflie_examples', 'rc': 0}
[5.477833] (-) EventReactorShutdown: {}
