[0.220s] DEBUG:colcon:Command line arguments: ['/usr/bin/colcon', 'build', '--packages-select', 'central_swarm_control']
[0.220s] DEBUG:colcon:Parsed command line arguments: Namespace(log_base=None, log_level=None, verb_name='build', build_base='build', install_base='install', merge_install=False, symlink_install=False, test_result_base=None, continue_on_error=False, executor='parallel', parallel_workers=4, event_handlers=None, ignore_user_meta=False, metas=['./colcon.meta'], base_paths=['.'], packages_ignore=None, packages_ignore_regex=None, paths=None, packages_up_to=None, packages_up_to_regex=None, packages_above=None, packages_above_and_dependencies=None, packages_above_depth=None, packages_select_by_dep=None, packages_skip_by_dep=None, packages_skip_up_to=None, packages_select_build_failed=False, packages_skip_build_finished=False, packages_select_test_failures=False, packages_skip_test_passed=False, packages_select=['central_swarm_control'], packages_skip=None, packages_select_regex=None, packages_skip_regex=None, packages_start=None, packages_end=None, allow_overriding=[], cmake_args=None, cmake_target=None, cmake_target_skip_unavailable=False, cmake_clean_cache=False, cmake_clean_first=False, cmake_force_configure=False, ament_cmake_args=None, catkin_cmake_args=None, catkin_skip_building_tests=False, mixin_files=None, mixin=None, verb_parser=<colcon_mixin.mixin.mixin_argument.MixinArgumentDecorator object at 0x78bca8740670>, verb_extension=<colcon_core.verb.build.BuildVerb object at 0x78bca86fff10>, main=<bound method BuildVerb.main of <colcon_core.verb.build.BuildVerb object at 0x78bca86fff10>>, mixin_verb=('build',))
[0.565s] Level 1:colcon.colcon_core.package_discovery:discover_packages(colcon_meta) check parameters
[0.565s] Level 1:colcon.colcon_core.package_discovery:discover_packages(recursive) check parameters
[0.565s] Level 1:colcon.colcon_core.package_discovery:discover_packages(ignore) check parameters
[0.565s] Level 1:colcon.colcon_core.package_discovery:discover_packages(path) check parameters
[0.565s] Level 1:colcon.colcon_core.package_discovery:discover_packages(colcon_meta) discover
[0.565s] Level 1:colcon.colcon_core.package_discovery:discover_packages(recursive) discover
[0.565s] INFO:colcon.colcon_core.package_discovery:Crawling recursively for packages in '/home/gowtham/crazyflie_ws'
[0.565s] Level 1:colcon.colcon_core.package_identification:_identify(.) by extensions ['ignore', 'ignore_ament_install']
[0.565s] Level 1:colcon.colcon_core.package_identification:_identify(.) by extension 'ignore'
[0.565s] Level 1:colcon.colcon_core.package_identification:_identify(.) by extension 'ignore_ament_install'
[0.566s] Level 1:colcon.colcon_core.package_identification:_identify(.) by extensions ['colcon_pkg']
[0.566s] Level 1:colcon.colcon_core.package_identification:_identify(.) by extension 'colcon_pkg'
[0.566s] Level 1:colcon.colcon_core.package_identification:_identify(.) by extensions ['colcon_meta']
[0.566s] Level 1:colcon.colcon_core.package_identification:_identify(.) by extension 'colcon_meta'
[0.566s] Level 1:colcon.colcon_core.package_identification:_identify(.) by extensions ['ros']
[0.566s] Level 1:colcon.colcon_core.package_identification:_identify(.) by extension 'ros'
[0.626s] Level 1:colcon.colcon_core.package_identification:_identify(.) by extensions ['cmake', 'python']
[0.626s] Level 1:colcon.colcon_core.package_identification:_identify(.) by extension 'cmake'
[0.627s] Level 1:colcon.colcon_core.package_identification:_identify(.) by extension 'python'
[0.627s] Level 1:colcon.colcon_core.package_identification:_identify(.) by extensions ['python_setup_py']
[0.627s] Level 1:colcon.colcon_core.package_identification:_identify(.) by extension 'python_setup_py'
[0.627s] Level 1:colcon.colcon_core.package_identification:_identify(build) by extensions ['ignore', 'ignore_ament_install']
[0.627s] Level 1:colcon.colcon_core.package_identification:_identify(build) by extension 'ignore'
[0.627s] Level 1:colcon.colcon_core.package_identification:_identify(build) ignored
[0.628s] Level 1:colcon.colcon_core.package_identification:_identify(experiment_logs) by extensions ['ignore', 'ignore_ament_install']
[0.628s] Level 1:colcon.colcon_core.package_identification:_identify(experiment_logs) by extension 'ignore'
[0.628s] Level 1:colcon.colcon_core.package_identification:_identify(experiment_logs) by extension 'ignore_ament_install'
[0.628s] Level 1:colcon.colcon_core.package_identification:_identify(experiment_logs) by extensions ['colcon_pkg']
[0.628s] Level 1:colcon.colcon_core.package_identification:_identify(experiment_logs) by extension 'colcon_pkg'
[0.628s] Level 1:colcon.colcon_core.package_identification:_identify(experiment_logs) by extensions ['colcon_meta']
[0.628s] Level 1:colcon.colcon_core.package_identification:_identify(experiment_logs) by extension 'colcon_meta'
[0.628s] Level 1:colcon.colcon_core.package_identification:_identify(experiment_logs) by extensions ['ros']
[0.628s] Level 1:colcon.colcon_core.package_identification:_identify(experiment_logs) by extension 'ros'
[0.628s] Level 1:colcon.colcon_core.package_identification:_identify(experiment_logs) by extensions ['cmake', 'python']
[0.629s] Level 1:colcon.colcon_core.package_identification:_identify(experiment_logs) by extension 'cmake'
[0.629s] Level 1:colcon.colcon_core.package_identification:_identify(experiment_logs) by extension 'python'
[0.629s] Level 1:colcon.colcon_core.package_identification:_identify(experiment_logs) by extensions ['python_setup_py']
[0.629s] Level 1:colcon.colcon_core.package_identification:_identify(experiment_logs) by extension 'python_setup_py'
[0.629s] Level 1:colcon.colcon_core.package_identification:_identify(experiment_logs/A1_abrupt_health_0.7) by extensions ['ignore', 'ignore_ament_install']
[0.629s] Level 1:colcon.colcon_core.package_identification:_identify(experiment_logs/A1_abrupt_health_0.7) by extension 'ignore'
[0.629s] Level 1:colcon.colcon_core.package_identification:_identify(experiment_logs/A1_abrupt_health_0.7) by extension 'ignore_ament_install'
[0.629s] Level 1:colcon.colcon_core.package_identification:_identify(experiment_logs/A1_abrupt_health_0.7) by extensions ['colcon_pkg']
[0.629s] Level 1:colcon.colcon_core.package_identification:_identify(experiment_logs/A1_abrupt_health_0.7) by extension 'colcon_pkg'
[0.629s] Level 1:colcon.colcon_core.package_identification:_identify(experiment_logs/A1_abrupt_health_0.7) by extensions ['colcon_meta']
[0.629s] Level 1:colcon.colcon_core.package_identification:_identify(experiment_logs/A1_abrupt_health_0.7) by extension 'colcon_meta'
[0.629s] Level 1:colcon.colcon_core.package_identification:_identify(experiment_logs/A1_abrupt_health_0.7) by extensions ['ros']
[0.629s] Level 1:colcon.colcon_core.package_identification:_identify(experiment_logs/A1_abrupt_health_0.7) by extension 'ros'
[0.630s] Level 1:colcon.colcon_core.package_identification:_identify(experiment_logs/A1_abrupt_health_0.7) by extensions ['cmake', 'python']
[0.630s] Level 1:colcon.colcon_core.package_identification:_identify(experiment_logs/A1_abrupt_health_0.7) by extension 'cmake'
[0.630s] Level 1:colcon.colcon_core.package_identification:_identify(experiment_logs/A1_abrupt_health_0.7) by extension 'python'
[0.630s] Level 1:colcon.colcon_core.package_identification:_identify(experiment_logs/A1_abrupt_health_0.7) by extensions ['python_setup_py']
[0.630s] Level 1:colcon.colcon_core.package_identification:_identify(experiment_logs/A1_abrupt_health_0.7) by extension 'python_setup_py'
[0.630s] Level 1:colcon.colcon_core.package_identification:_identify(experiment_logs/A1_abrupt_health_0.7/run_1) by extensions ['ignore', 'ignore_ament_install']
[0.630s] Level 1:colcon.colcon_core.package_identification:_identify(experiment_logs/A1_abrupt_health_0.7/run_1) by extension 'ignore'
[0.630s] Level 1:colcon.colcon_core.package_identification:_identify(experiment_logs/A1_abrupt_health_0.7/run_1) by extension 'ignore_ament_install'
[0.630s] Level 1:colcon.colcon_core.package_identification:_identify(experiment_logs/A1_abrupt_health_0.7/run_1) by extensions ['colcon_pkg']
[0.630s] Level 1:colcon.colcon_core.package_identification:_identify(experiment_logs/A1_abrupt_health_0.7/run_1) by extension 'colcon_pkg'
[0.630s] Level 1:colcon.colcon_core.package_identification:_identify(experiment_logs/A1_abrupt_health_0.7/run_1) by extensions ['colcon_meta']
[0.630s] Level 1:colcon.colcon_core.package_identification:_identify(experiment_logs/A1_abrupt_health_0.7/run_1) by extension 'colcon_meta'
[0.631s] Level 1:colcon.colcon_core.package_identification:_identify(experiment_logs/A1_abrupt_health_0.7/run_1) by extensions ['ros']
[0.631s] Level 1:colcon.colcon_core.package_identification:_identify(experiment_logs/A1_abrupt_health_0.7/run_1) by extension 'ros'
[0.631s] Level 1:colcon.colcon_core.package_identification:_identify(experiment_logs/A1_abrupt_health_0.7/run_1) by extensions ['cmake', 'python']
[0.631s] Level 1:colcon.colcon_core.package_identification:_identify(experiment_logs/A1_abrupt_health_0.7/run_1) by extension 'cmake'
[0.631s] Level 1:colcon.colcon_core.package_identification:_identify(experiment_logs/A1_abrupt_health_0.7/run_1) by extension 'python'
[0.631s] Level 1:colcon.colcon_core.package_identification:_identify(experiment_logs/A1_abrupt_health_0.7/run_1) by extensions ['python_setup_py']
[0.631s] Level 1:colcon.colcon_core.package_identification:_identify(experiment_logs/A1_abrupt_health_0.7/run_1) by extension 'python_setup_py'
[0.631s] Level 1:colcon.colcon_core.package_identification:_identify(experiment_logs/A1_abrupt_health_0.7/run_2) by extensions ['ignore', 'ignore_ament_install']
[0.631s] Level 1:colcon.colcon_core.package_identification:_identify(experiment_logs/A1_abrupt_health_0.7/run_2) by extension 'ignore'
[0.631s] Level 1:colcon.colcon_core.package_identification:_identify(experiment_logs/A1_abrupt_health_0.7/run_2) by extension 'ignore_ament_install'
[0.631s] Level 1:colcon.colcon_core.package_identification:_identify(experiment_logs/A1_abrupt_health_0.7/run_2) by extensions ['colcon_pkg']
[0.631s] Level 1:colcon.colcon_core.package_identification:_identify(experiment_logs/A1_abrupt_health_0.7/run_2) by extension 'colcon_pkg'
[0.632s] Level 1:colcon.colcon_core.package_identification:_identify(experiment_logs/A1_abrupt_health_0.7/run_2) by extensions ['colcon_meta']
[0.632s] Level 1:colcon.colcon_core.package_identification:_identify(experiment_logs/A1_abrupt_health_0.7/run_2) by extension 'colcon_meta'
[0.632s] Level 1:colcon.colcon_core.package_identification:_identify(experiment_logs/A1_abrupt_health_0.7/run_2) by extensions ['ros']
[0.632s] Level 1:colcon.colcon_core.package_identification:_identify(experiment_logs/A1_abrupt_health_0.7/run_2) by extension 'ros'
[0.632s] Level 1:colcon.colcon_core.package_identification:_identify(experiment_logs/A1_abrupt_health_0.7/run_2) by extensions ['cmake', 'python']
[0.632s] Level 1:colcon.colcon_core.package_identification:_identify(experiment_logs/A1_abrupt_health_0.7/run_2) by extension 'cmake'
[0.632s] Level 1:colcon.colcon_core.package_identification:_identify(experiment_logs/A1_abrupt_health_0.7/run_2) by extension 'python'
[0.632s] Level 1:colcon.colcon_core.package_identification:_identify(experiment_logs/A1_abrupt_health_0.7/run_2) by extensions ['python_setup_py']
[0.632s] Level 1:colcon.colcon_core.package_identification:_identify(experiment_logs/A1_abrupt_health_0.7/run_2) by extension 'python_setup_py'
[0.632s] Level 1:colcon.colcon_core.package_identification:_identify(experiment_logs/A1_abrupt_health_0.7/run_3) by extensions ['ignore', 'ignore_ament_install']
[0.632s] Level 1:colcon.colcon_core.package_identification:_identify(experiment_logs/A1_abrupt_health_0.7/run_3) by extension 'ignore'
[0.632s] Level 1:colcon.colcon_core.package_identification:_identify(experiment_logs/A1_abrupt_health_0.7/run_3) by extension 'ignore_ament_install'
[0.633s] Level 1:colcon.colcon_core.package_identification:_identify(experiment_logs/A1_abrupt_health_0.7/run_3) by extensions ['colcon_pkg']
[0.633s] Level 1:colcon.colcon_core.package_identification:_identify(experiment_logs/A1_abrupt_health_0.7/run_3) by extension 'colcon_pkg'
[0.633s] Level 1:colcon.colcon_core.package_identification:_identify(experiment_logs/A1_abrupt_health_0.7/run_3) by extensions ['colcon_meta']
[0.633s] Level 1:colcon.colcon_core.package_identification:_identify(experiment_logs/A1_abrupt_health_0.7/run_3) by extension 'colcon_meta'
[0.633s] Level 1:colcon.colcon_core.package_identification:_identify(experiment_logs/A1_abrupt_health_0.7/run_3) by extensions ['ros']
[0.633s] Level 1:colcon.colcon_core.package_identification:_identify(experiment_logs/A1_abrupt_health_0.7/run_3) by extension 'ros'
[0.633s] Level 1:colcon.colcon_core.package_identification:_identify(experiment_logs/A1_abrupt_health_0.7/run_3) by extensions ['cmake', 'python']
[0.633s] Level 1:colcon.colcon_core.package_identification:_identify(experiment_logs/A1_abrupt_health_0.7/run_3) by extension 'cmake'
[0.633s] Level 1:colcon.colcon_core.package_identification:_identify(experiment_logs/A1_abrupt_health_0.7/run_3) by extension 'python'
[0.633s] Level 1:colcon.colcon_core.package_identification:_identify(experiment_logs/A1_abrupt_health_0.7/run_3) by extensions ['python_setup_py']
[0.633s] Level 1:colcon.colcon_core.package_identification:_identify(experiment_logs/A1_abrupt_health_0.7/run_3) by extension 'python_setup_py'
[0.633s] Level 1:colcon.colcon_core.package_identification:_identify(experiment_logs/A2_abrupt_health_0.5) by extensions ['ignore', 'ignore_ament_install']
[0.634s] Level 1:colcon.colcon_core.package_identification:_identify(experiment_logs/A2_abrupt_health_0.5) by extension 'ignore'
[0.634s] Level 1:colcon.colcon_core.package_identification:_identify(experiment_logs/A2_abrupt_health_0.5) by extension 'ignore_ament_install'
[0.634s] Level 1:colcon.colcon_core.package_identification:_identify(experiment_logs/A2_abrupt_health_0.5) by extensions ['colcon_pkg']
[0.634s] Level 1:colcon.colcon_core.package_identification:_identify(experiment_logs/A2_abrupt_health_0.5) by extension 'colcon_pkg'
[0.634s] Level 1:colcon.colcon_core.package_identification:_identify(experiment_logs/A2_abrupt_health_0.5) by extensions ['colcon_meta']
[0.634s] Level 1:colcon.colcon_core.package_identification:_identify(experiment_logs/A2_abrupt_health_0.5) by extension 'colcon_meta'
[0.634s] Level 1:colcon.colcon_core.package_identification:_identify(experiment_logs/A2_abrupt_health_0.5) by extensions ['ros']
[0.634s] Level 1:colcon.colcon_core.package_identification:_identify(experiment_logs/A2_abrupt_health_0.5) by extension 'ros'
[0.634s] Level 1:colcon.colcon_core.package_identification:_identify(experiment_logs/A2_abrupt_health_0.5) by extensions ['cmake', 'python']
[0.634s] Level 1:colcon.colcon_core.package_identification:_identify(experiment_logs/A2_abrupt_health_0.5) by extension 'cmake'
[0.634s] Level 1:colcon.colcon_core.package_identification:_identify(experiment_logs/A2_abrupt_health_0.5) by extension 'python'
[0.634s] Level 1:colcon.colcon_core.package_identification:_identify(experiment_logs/A2_abrupt_health_0.5) by extensions ['python_setup_py']
[0.634s] Level 1:colcon.colcon_core.package_identification:_identify(experiment_logs/A2_abrupt_health_0.5) by extension 'python_setup_py'
[0.634s] Level 1:colcon.colcon_core.package_identification:_identify(experiment_logs/A2_abrupt_health_0.5/run_1) by extensions ['ignore', 'ignore_ament_install']
[0.635s] Level 1:colcon.colcon_core.package_identification:_identify(experiment_logs/A2_abrupt_health_0.5/run_1) by extension 'ignore'
[0.635s] Level 1:colcon.colcon_core.package_identification:_identify(experiment_logs/A2_abrupt_health_0.5/run_1) by extension 'ignore_ament_install'
[0.635s] Level 1:colcon.colcon_core.package_identification:_identify(experiment_logs/A2_abrupt_health_0.5/run_1) by extensions ['colcon_pkg']
[0.635s] Level 1:colcon.colcon_core.package_identification:_identify(experiment_logs/A2_abrupt_health_0.5/run_1) by extension 'colcon_pkg'
[0.635s] Level 1:colcon.colcon_core.package_identification:_identify(experiment_logs/A2_abrupt_health_0.5/run_1) by extensions ['colcon_meta']
[0.635s] Level 1:colcon.colcon_core.package_identification:_identify(experiment_logs/A2_abrupt_health_0.5/run_1) by extension 'colcon_meta'
[0.635s] Level 1:colcon.colcon_core.package_identification:_identify(experiment_logs/A2_abrupt_health_0.5/run_1) by extensions ['ros']
[0.635s] Level 1:colcon.colcon_core.package_identification:_identify(experiment_logs/A2_abrupt_health_0.5/run_1) by extension 'ros'
[0.635s] Level 1:colcon.colcon_core.package_identification:_identify(experiment_logs/A2_abrupt_health_0.5/run_1) by extensions ['cmake', 'python']
[0.635s] Level 1:colcon.colcon_core.package_identification:_identify(experiment_logs/A2_abrupt_health_0.5/run_1) by extension 'cmake'
[0.635s] Level 1:colcon.colcon_core.package_identification:_identify(experiment_logs/A2_abrupt_health_0.5/run_1) by extension 'python'
[0.635s] Level 1:colcon.colcon_core.package_identification:_identify(experiment_logs/A2_abrupt_health_0.5/run_1) by extensions ['python_setup_py']
[0.635s] Level 1:colcon.colcon_core.package_identification:_identify(experiment_logs/A2_abrupt_health_0.5/run_1) by extension 'python_setup_py'
[0.635s] Level 1:colcon.colcon_core.package_identification:_identify(experiment_logs/A2_abrupt_health_0.5/run_2) by extensions ['ignore', 'ignore_ament_install']
[0.636s] Level 1:colcon.colcon_core.package_identification:_identify(experiment_logs/A2_abrupt_health_0.5/run_2) by extension 'ignore'
[0.636s] Level 1:colcon.colcon_core.package_identification:_identify(experiment_logs/A2_abrupt_health_0.5/run_2) by extension 'ignore_ament_install'
[0.636s] Level 1:colcon.colcon_core.package_identification:_identify(experiment_logs/A2_abrupt_health_0.5/run_2) by extensions ['colcon_pkg']
[0.636s] Level 1:colcon.colcon_core.package_identification:_identify(experiment_logs/A2_abrupt_health_0.5/run_2) by extension 'colcon_pkg'
[0.636s] Level 1:colcon.colcon_core.package_identification:_identify(experiment_logs/A2_abrupt_health_0.5/run_2) by extensions ['colcon_meta']
[0.636s] Level 1:colcon.colcon_core.package_identification:_identify(experiment_logs/A2_abrupt_health_0.5/run_2) by extension 'colcon_meta'
[0.636s] Level 1:colcon.colcon_core.package_identification:_identify(experiment_logs/A2_abrupt_health_0.5/run_2) by extensions ['ros']
[0.636s] Level 1:colcon.colcon_core.package_identification:_identify(experiment_logs/A2_abrupt_health_0.5/run_2) by extension 'ros'
[0.636s] Level 1:colcon.colcon_core.package_identification:_identify(experiment_logs/A2_abrupt_health_0.5/run_2) by extensions ['cmake', 'python']
[0.636s] Level 1:colcon.colcon_core.package_identification:_identify(experiment_logs/A2_abrupt_health_0.5/run_2) by extension 'cmake'
[0.636s] Level 1:colcon.colcon_core.package_identification:_identify(experiment_logs/A2_abrupt_health_0.5/run_2) by extension 'python'
[0.636s] Level 1:colcon.colcon_core.package_identification:_identify(experiment_logs/A2_abrupt_health_0.5/run_2) by extensions ['python_setup_py']
[0.636s] Level 1:colcon.colcon_core.package_identification:_identify(experiment_logs/A2_abrupt_health_0.5/run_2) by extension 'python_setup_py'
[0.636s] Level 1:colcon.colcon_core.package_identification:_identify(experiment_logs/A2_abrupt_health_0.5/run_3) by extensions ['ignore', 'ignore_ament_install']
[0.636s] Level 1:colcon.colcon_core.package_identification:_identify(experiment_logs/A2_abrupt_health_0.5/run_3) by extension 'ignore'
[0.636s] Level 1:colcon.colcon_core.package_identification:_identify(experiment_logs/A2_abrupt_health_0.5/run_3) by extension 'ignore_ament_install'
[0.637s] Level 1:colcon.colcon_core.package_identification:_identify(experiment_logs/A2_abrupt_health_0.5/run_3) by extensions ['colcon_pkg']
[0.637s] Level 1:colcon.colcon_core.package_identification:_identify(experiment_logs/A2_abrupt_health_0.5/run_3) by extension 'colcon_pkg'
[0.637s] Level 1:colcon.colcon_core.package_identification:_identify(experiment_logs/A2_abrupt_health_0.5/run_3) by extensions ['colcon_meta']
[0.637s] Level 1:colcon.colcon_core.package_identification:_identify(experiment_logs/A2_abrupt_health_0.5/run_3) by extension 'colcon_meta'
[0.637s] Level 1:colcon.colcon_core.package_identification:_identify(experiment_logs/A2_abrupt_health_0.5/run_3) by extensions ['ros']
[0.637s] Level 1:colcon.colcon_core.package_identification:_identify(experiment_logs/A2_abrupt_health_0.5/run_3) by extension 'ros'
[0.637s] Level 1:colcon.colcon_core.package_identification:_identify(experiment_logs/A2_abrupt_health_0.5/run_3) by extensions ['cmake', 'python']
[0.637s] Level 1:colcon.colcon_core.package_identification:_identify(experiment_logs/A2_abrupt_health_0.5/run_3) by extension 'cmake'
[0.637s] Level 1:colcon.colcon_core.package_identification:_identify(experiment_logs/A2_abrupt_health_0.5/run_3) by extension 'python'
[0.637s] Level 1:colcon.colcon_core.package_identification:_identify(experiment_logs/A2_abrupt_health_0.5/run_3) by extensions ['python_setup_py']
[0.637s] Level 1:colcon.colcon_core.package_identification:_identify(experiment_logs/A2_abrupt_health_0.5/run_3) by extension 'python_setup_py'
[0.637s] Level 1:colcon.colcon_core.package_identification:_identify(experiment_logs/A3_abrupt_health_0.3) by extensions ['ignore', 'ignore_ament_install']
[0.637s] Level 1:colcon.colcon_core.package_identification:_identify(experiment_logs/A3_abrupt_health_0.3) by extension 'ignore'
[0.637s] Level 1:colcon.colcon_core.package_identification:_identify(experiment_logs/A3_abrupt_health_0.3) by extension 'ignore_ament_install'
[0.637s] Level 1:colcon.colcon_core.package_identification:_identify(experiment_logs/A3_abrupt_health_0.3) by extensions ['colcon_pkg']
[0.637s] Level 1:colcon.colcon_core.package_identification:_identify(experiment_logs/A3_abrupt_health_0.3) by extension 'colcon_pkg'
[0.638s] Level 1:colcon.colcon_core.package_identification:_identify(experiment_logs/A3_abrupt_health_0.3) by extensions ['colcon_meta']
[0.638s] Level 1:colcon.colcon_core.package_identification:_identify(experiment_logs/A3_abrupt_health_0.3) by extension 'colcon_meta'
[0.638s] Level 1:colcon.colcon_core.package_identification:_identify(experiment_logs/A3_abrupt_health_0.3) by extensions ['ros']
[0.638s] Level 1:colcon.colcon_core.package_identification:_identify(experiment_logs/A3_abrupt_health_0.3) by extension 'ros'
[0.638s] Level 1:colcon.colcon_core.package_identification:_identify(experiment_logs/A3_abrupt_health_0.3) by extensions ['cmake', 'python']
[0.638s] Level 1:colcon.colcon_core.package_identification:_identify(experiment_logs/A3_abrupt_health_0.3) by extension 'cmake'
[0.638s] Level 1:colcon.colcon_core.package_identification:_identify(experiment_logs/A3_abrupt_health_0.3) by extension 'python'
[0.638s] Level 1:colcon.colcon_core.package_identification:_identify(experiment_logs/A3_abrupt_health_0.3) by extensions ['python_setup_py']
[0.638s] Level 1:colcon.colcon_core.package_identification:_identify(experiment_logs/A3_abrupt_health_0.3) by extension 'python_setup_py'
[0.638s] Level 1:colcon.colcon_core.package_identification:_identify(experiment_logs/A3_abrupt_health_0.3/run_1) by extensions ['ignore', 'ignore_ament_install']
[0.638s] Level 1:colcon.colcon_core.package_identification:_identify(experiment_logs/A3_abrupt_health_0.3/run_1) by extension 'ignore'
[0.638s] Level 1:colcon.colcon_core.package_identification:_identify(experiment_logs/A3_abrupt_health_0.3/run_1) by extension 'ignore_ament_install'
[0.638s] Level 1:colcon.colcon_core.package_identification:_identify(experiment_logs/A3_abrupt_health_0.3/run_1) by extensions ['colcon_pkg']
[0.638s] Level 1:colcon.colcon_core.package_identification:_identify(experiment_logs/A3_abrupt_health_0.3/run_1) by extension 'colcon_pkg'
[0.638s] Level 1:colcon.colcon_core.package_identification:_identify(experiment_logs/A3_abrupt_health_0.3/run_1) by extensions ['colcon_meta']
[0.638s] Level 1:colcon.colcon_core.package_identification:_identify(experiment_logs/A3_abrupt_health_0.3/run_1) by extension 'colcon_meta'
[0.638s] Level 1:colcon.colcon_core.package_identification:_identify(experiment_logs/A3_abrupt_health_0.3/run_1) by extensions ['ros']
[0.639s] Level 1:colcon.colcon_core.package_identification:_identify(experiment_logs/A3_abrupt_health_0.3/run_1) by extension 'ros'
[0.639s] Level 1:colcon.colcon_core.package_identification:_identify(experiment_logs/A3_abrupt_health_0.3/run_1) by extensions ['cmake', 'python']
[0.639s] Level 1:colcon.colcon_core.package_identification:_identify(experiment_logs/A3_abrupt_health_0.3/run_1) by extension 'cmake'
[0.639s] Level 1:colcon.colcon_core.package_identification:_identify(experiment_logs/A3_abrupt_health_0.3/run_1) by extension 'python'
[0.639s] Level 1:colcon.colcon_core.package_identification:_identify(experiment_logs/A3_abrupt_health_0.3/run_1) by extensions ['python_setup_py']
[0.639s] Level 1:colcon.colcon_core.package_identification:_identify(experiment_logs/A3_abrupt_health_0.3/run_1) by extension 'python_setup_py'
[0.639s] Level 1:colcon.colcon_core.package_identification:_identify(experiment_logs/A3_abrupt_health_0.3/run_2) by extensions ['ignore', 'ignore_ament_install']
[0.639s] Level 1:colcon.colcon_core.package_identification:_identify(experiment_logs/A3_abrupt_health_0.3/run_2) by extension 'ignore'
[0.639s] Level 1:colcon.colcon_core.package_identification:_identify(experiment_logs/A3_abrupt_health_0.3/run_2) by extension 'ignore_ament_install'
[0.639s] Level 1:colcon.colcon_core.package_identification:_identify(experiment_logs/A3_abrupt_health_0.3/run_2) by extensions ['colcon_pkg']
[0.639s] Level 1:colcon.colcon_core.package_identification:_identify(experiment_logs/A3_abrupt_health_0.3/run_2) by extension 'colcon_pkg'
[0.639s] Level 1:colcon.colcon_core.package_identification:_identify(experiment_logs/A3_abrupt_health_0.3/run_2) by extensions ['colcon_meta']
[0.639s] Level 1:colcon.colcon_core.package_identification:_identify(experiment_logs/A3_abrupt_health_0.3/run_2) by extension 'colcon_meta'
[0.640s] Level 1:colcon.colcon_core.package_identification:_identify(experiment_logs/A3_abrupt_health_0.3/run_2) by extensions ['ros']
[0.640s] Level 1:colcon.colcon_core.package_identification:_identify(experiment_logs/A3_abrupt_health_0.3/run_2) by extension 'ros'
[0.640s] Level 1:colcon.colcon_core.package_identification:_identify(experiment_logs/A3_abrupt_health_0.3/run_2) by extensions ['cmake', 'python']
[0.640s] Level 1:colcon.colcon_core.package_identification:_identify(experiment_logs/A3_abrupt_health_0.3/run_2) by extension 'cmake'
[0.640s] Level 1:colcon.colcon_core.package_identification:_identify(experiment_logs/A3_abrupt_health_0.3/run_2) by extension 'python'
[0.640s] Level 1:colcon.colcon_core.package_identification:_identify(experiment_logs/A3_abrupt_health_0.3/run_2) by extensions ['python_setup_py']
[0.640s] Level 1:colcon.colcon_core.package_identification:_identify(experiment_logs/A3_abrupt_health_0.3/run_2) by extension 'python_setup_py'
[0.640s] Level 1:colcon.colcon_core.package_identification:_identify(experiment_logs/A3_abrupt_health_0.3/run_3) by extensions ['ignore', 'ignore_ament_install']
[0.641s] Level 1:colcon.colcon_core.package_identification:_identify(experiment_logs/A3_abrupt_health_0.3/run_3) by extension 'ignore'
[0.642s] Level 1:colcon.colcon_core.package_identification:_identify(experiment_logs/A3_abrupt_health_0.3/run_3) by extension 'ignore_ament_install'
[0.642s] Level 1:colcon.colcon_core.package_identification:_identify(experiment_logs/A3_abrupt_health_0.3/run_3) by extensions ['colcon_pkg']
[0.642s] Level 1:colcon.colcon_core.package_identification:_identify(experiment_logs/A3_abrupt_health_0.3/run_3) by extension 'colcon_pkg'
[0.642s] Level 1:colcon.colcon_core.package_identification:_identify(experiment_logs/A3_abrupt_health_0.3/run_3) by extensions ['colcon_meta']
[0.642s] Level 1:colcon.colcon_core.package_identification:_identify(experiment_logs/A3_abrupt_health_0.3/run_3) by extension 'colcon_meta'
[0.642s] Level 1:colcon.colcon_core.package_identification:_identify(experiment_logs/A3_abrupt_health_0.3/run_3) by extensions ['ros']
[0.642s] Level 1:colcon.colcon_core.package_identification:_identify(experiment_logs/A3_abrupt_health_0.3/run_3) by extension 'ros'
[0.642s] Level 1:colcon.colcon_core.package_identification:_identify(experiment_logs/A3_abrupt_health_0.3/run_3) by extensions ['cmake', 'python']
[0.642s] Level 1:colcon.colcon_core.package_identification:_identify(experiment_logs/A3_abrupt_health_0.3/run_3) by extension 'cmake'
[0.642s] Level 1:colcon.colcon_core.package_identification:_identify(experiment_logs/A3_abrupt_health_0.3/run_3) by extension 'python'
[0.642s] Level 1:colcon.colcon_core.package_identification:_identify(experiment_logs/A3_abrupt_health_0.3/run_3) by extensions ['python_setup_py']
[0.642s] Level 1:colcon.colcon_core.package_identification:_identify(experiment_logs/A3_abrupt_health_0.3/run_3) by extension 'python_setup_py'
[0.642s] Level 1:colcon.colcon_core.package_identification:_identify(experiment_logs/B1_no_fault) by extensions ['ignore', 'ignore_ament_install']
[0.642s] Level 1:colcon.colcon_core.package_identification:_identify(experiment_logs/B1_no_fault) by extension 'ignore'
[0.642s] Level 1:colcon.colcon_core.package_identification:_identify(experiment_logs/B1_no_fault) by extension 'ignore_ament_install'
[0.643s] Level 1:colcon.colcon_core.package_identification:_identify(experiment_logs/B1_no_fault) by extensions ['colcon_pkg']
[0.643s] Level 1:colcon.colcon_core.package_identification:_identify(experiment_logs/B1_no_fault) by extension 'colcon_pkg'
[0.643s] Level 1:colcon.colcon_core.package_identification:_identify(experiment_logs/B1_no_fault) by extensions ['colcon_meta']
[0.643s] Level 1:colcon.colcon_core.package_identification:_identify(experiment_logs/B1_no_fault) by extension 'colcon_meta'
[0.643s] Level 1:colcon.colcon_core.package_identification:_identify(experiment_logs/B1_no_fault) by extensions ['ros']
[0.643s] Level 1:colcon.colcon_core.package_identification:_identify(experiment_logs/B1_no_fault) by extension 'ros'
[0.643s] Level 1:colcon.colcon_core.package_identification:_identify(experiment_logs/B1_no_fault) by extensions ['cmake', 'python']
[0.643s] Level 1:colcon.colcon_core.package_identification:_identify(experiment_logs/B1_no_fault) by extension 'cmake'
[0.643s] Level 1:colcon.colcon_core.package_identification:_identify(experiment_logs/B1_no_fault) by extension 'python'
[0.643s] Level 1:colcon.colcon_core.package_identification:_identify(experiment_logs/B1_no_fault) by extensions ['python_setup_py']
[0.643s] Level 1:colcon.colcon_core.package_identification:_identify(experiment_logs/B1_no_fault) by extension 'python_setup_py'
[0.643s] Level 1:colcon.colcon_core.package_identification:_identify(experiment_logs/B1_no_fault/run_1) by extensions ['ignore', 'ignore_ament_install']
[0.643s] Level 1:colcon.colcon_core.package_identification:_identify(experiment_logs/B1_no_fault/run_1) by extension 'ignore'
[0.643s] Level 1:colcon.colcon_core.package_identification:_identify(experiment_logs/B1_no_fault/run_1) by extension 'ignore_ament_install'
[0.643s] Level 1:colcon.colcon_core.package_identification:_identify(experiment_logs/B1_no_fault/run_1) by extensions ['colcon_pkg']
[0.643s] Level 1:colcon.colcon_core.package_identification:_identify(experiment_logs/B1_no_fault/run_1) by extension 'colcon_pkg'
[0.644s] Level 1:colcon.colcon_core.package_identification:_identify(experiment_logs/B1_no_fault/run_1) by extensions ['colcon_meta']
[0.644s] Level 1:colcon.colcon_core.package_identification:_identify(experiment_logs/B1_no_fault/run_1) by extension 'colcon_meta'
[0.644s] Level 1:colcon.colcon_core.package_identification:_identify(experiment_logs/B1_no_fault/run_1) by extensions ['ros']
[0.644s] Level 1:colcon.colcon_core.package_identification:_identify(experiment_logs/B1_no_fault/run_1) by extension 'ros'
[0.644s] Level 1:colcon.colcon_core.package_identification:_identify(experiment_logs/B1_no_fault/run_1) by extensions ['cmake', 'python']
[0.644s] Level 1:colcon.colcon_core.package_identification:_identify(experiment_logs/B1_no_fault/run_1) by extension 'cmake'
[0.644s] Level 1:colcon.colcon_core.package_identification:_identify(experiment_logs/B1_no_fault/run_1) by extension 'python'
[0.644s] Level 1:colcon.colcon_core.package_identification:_identify(experiment_logs/B1_no_fault/run_1) by extensions ['python_setup_py']
[0.644s] Level 1:colcon.colcon_core.package_identification:_identify(experiment_logs/B1_no_fault/run_1) by extension 'python_setup_py'
[0.644s] Level 1:colcon.colcon_core.package_identification:_identify(experiment_logs/B1_no_fault/run_2) by extensions ['ignore', 'ignore_ament_install']
[0.644s] Level 1:colcon.colcon_core.package_identification:_identify(experiment_logs/B1_no_fault/run_2) by extension 'ignore'
[0.645s] Level 1:colcon.colcon_core.package_identification:_identify(experiment_logs/B1_no_fault/run_2) by extension 'ignore_ament_install'
[0.645s] Level 1:colcon.colcon_core.package_identification:_identify(experiment_logs/B1_no_fault/run_2) by extensions ['colcon_pkg']
[0.645s] Level 1:colcon.colcon_core.package_identification:_identify(experiment_logs/B1_no_fault/run_2) by extension 'colcon_pkg'
[0.645s] Level 1:colcon.colcon_core.package_identification:_identify(experiment_logs/B1_no_fault/run_2) by extensions ['colcon_meta']
[0.645s] Level 1:colcon.colcon_core.package_identification:_identify(experiment_logs/B1_no_fault/run_2) by extension 'colcon_meta'
[0.645s] Level 1:colcon.colcon_core.package_identification:_identify(experiment_logs/B1_no_fault/run_2) by extensions ['ros']
[0.645s] Level 1:colcon.colcon_core.package_identification:_identify(experiment_logs/B1_no_fault/run_2) by extension 'ros'
[0.645s] Level 1:colcon.colcon_core.package_identification:_identify(experiment_logs/B1_no_fault/run_2) by extensions ['cmake', 'python']
[0.645s] Level 1:colcon.colcon_core.package_identification:_identify(experiment_logs/B1_no_fault/run_2) by extension 'cmake'
[0.645s] Level 1:colcon.colcon_core.package_identification:_identify(experiment_logs/B1_no_fault/run_2) by extension 'python'
[0.645s] Level 1:colcon.colcon_core.package_identification:_identify(experiment_logs/B1_no_fault/run_2) by extensions ['python_setup_py']
[0.645s] Level 1:colcon.colcon_core.package_identification:_identify(experiment_logs/B1_no_fault/run_2) by extension 'python_setup_py'
[0.645s] Level 1:colcon.colcon_core.package_identification:_identify(experiment_logs/B1_no_fault/run_3) by extensions ['ignore', 'ignore_ament_install']
[0.645s] Level 1:colcon.colcon_core.package_identification:_identify(experiment_logs/B1_no_fault/run_3) by extension 'ignore'
[0.645s] Level 1:colcon.colcon_core.package_identification:_identify(experiment_logs/B1_no_fault/run_3) by extension 'ignore_ament_install'
[0.646s] Level 1:colcon.colcon_core.package_identification:_identify(experiment_logs/B1_no_fault/run_3) by extensions ['colcon_pkg']
[0.646s] Level 1:colcon.colcon_core.package_identification:_identify(experiment_logs/B1_no_fault/run_3) by extension 'colcon_pkg'
[0.646s] Level 1:colcon.colcon_core.package_identification:_identify(experiment_logs/B1_no_fault/run_3) by extensions ['colcon_meta']
[0.646s] Level 1:colcon.colcon_core.package_identification:_identify(experiment_logs/B1_no_fault/run_3) by extension 'colcon_meta'
[0.646s] Level 1:colcon.colcon_core.package_identification:_identify(experiment_logs/B1_no_fault/run_3) by extensions ['ros']
[0.646s] Level 1:colcon.colcon_core.package_identification:_identify(experiment_logs/B1_no_fault/run_3) by extension 'ros'
[0.646s] Level 1:colcon.colcon_core.package_identification:_identify(experiment_logs/B1_no_fault/run_3) by extensions ['cmake', 'python']
[0.646s] Level 1:colcon.colcon_core.package_identification:_identify(experiment_logs/B1_no_fault/run_3) by extension 'cmake'
[0.646s] Level 1:colcon.colcon_core.package_identification:_identify(experiment_logs/B1_no_fault/run_3) by extension 'python'
[0.646s] Level 1:colcon.colcon_core.package_identification:_identify(experiment_logs/B1_no_fault/run_3) by extensions ['python_setup_py']
[0.646s] Level 1:colcon.colcon_core.package_identification:_identify(experiment_logs/B1_no_fault/run_3) by extension 'python_setup_py'
[0.646s] Level 1:colcon.colcon_core.package_identification:_identify(experiment_logs/I1_incipient_slow) by extensions ['ignore', 'ignore_ament_install']
[0.646s] Level 1:colcon.colcon_core.package_identification:_identify(experiment_logs/I1_incipient_slow) by extension 'ignore'
[0.646s] Level 1:colcon.colcon_core.package_identification:_identify(experiment_logs/I1_incipient_slow) by extension 'ignore_ament_install'
[0.646s] Level 1:colcon.colcon_core.package_identification:_identify(experiment_logs/I1_incipient_slow) by extensions ['colcon_pkg']
[0.646s] Level 1:colcon.colcon_core.package_identification:_identify(experiment_logs/I1_incipient_slow) by extension 'colcon_pkg'
[0.647s] Level 1:colcon.colcon_core.package_identification:_identify(experiment_logs/I1_incipient_slow) by extensions ['colcon_meta']
[0.647s] Level 1:colcon.colcon_core.package_identification:_identify(experiment_logs/I1_incipient_slow) by extension 'colcon_meta'
[0.647s] Level 1:colcon.colcon_core.package_identification:_identify(experiment_logs/I1_incipient_slow) by extensions ['ros']
[0.647s] Level 1:colcon.colcon_core.package_identification:_identify(experiment_logs/I1_incipient_slow) by extension 'ros'
[0.647s] Level 1:colcon.colcon_core.package_identification:_identify(experiment_logs/I1_incipient_slow) by extensions ['cmake', 'python']
[0.647s] Level 1:colcon.colcon_core.package_identification:_identify(experiment_logs/I1_incipient_slow) by extension 'cmake'
[0.647s] Level 1:colcon.colcon_core.package_identification:_identify(experiment_logs/I1_incipient_slow) by extension 'python'
[0.647s] Level 1:colcon.colcon_core.package_identification:_identify(experiment_logs/I1_incipient_slow) by extensions ['python_setup_py']
[0.647s] Level 1:colcon.colcon_core.package_identification:_identify(experiment_logs/I1_incipient_slow) by extension 'python_setup_py'
[0.647s] Level 1:colcon.colcon_core.package_identification:_identify(experiment_logs/I1_incipient_slow/run_1) by extensions ['ignore', 'ignore_ament_install']
[0.647s] Level 1:colcon.colcon_core.package_identification:_identify(experiment_logs/I1_incipient_slow/run_1) by extension 'ignore'
[0.647s] Level 1:colcon.colcon_core.package_identification:_identify(experiment_logs/I1_incipient_slow/run_1) by extension 'ignore_ament_install'
[0.647s] Level 1:colcon.colcon_core.package_identification:_identify(experiment_logs/I1_incipient_slow/run_1) by extensions ['colcon_pkg']
[0.647s] Level 1:colcon.colcon_core.package_identification:_identify(experiment_logs/I1_incipient_slow/run_1) by extension 'colcon_pkg'
[0.647s] Level 1:colcon.colcon_core.package_identification:_identify(experiment_logs/I1_incipient_slow/run_1) by extensions ['colcon_meta']
[0.647s] Level 1:colcon.colcon_core.package_identification:_identify(experiment_logs/I1_incipient_slow/run_1) by extension 'colcon_meta'
[0.648s] Level 1:colcon.colcon_core.package_identification:_identify(experiment_logs/I1_incipient_slow/run_1) by extensions ['ros']
[0.648s] Level 1:colcon.colcon_core.package_identification:_identify(experiment_logs/I1_incipient_slow/run_1) by extension 'ros'
[0.648s] Level 1:colcon.colcon_core.package_identification:_identify(experiment_logs/I1_incipient_slow/run_1) by extensions ['cmake', 'python']
[0.648s] Level 1:colcon.colcon_core.package_identification:_identify(experiment_logs/I1_incipient_slow/run_1) by extension 'cmake'
[0.648s] Level 1:colcon.colcon_core.package_identification:_identify(experiment_logs/I1_incipient_slow/run_1) by extension 'python'
[0.648s] Level 1:colcon.colcon_core.package_identification:_identify(experiment_logs/I1_incipient_slow/run_1) by extensions ['python_setup_py']
[0.648s] Level 1:colcon.colcon_core.package_identification:_identify(experiment_logs/I1_incipient_slow/run_1) by extension 'python_setup_py'
[0.648s] Level 1:colcon.colcon_core.package_identification:_identify(experiment_logs/I1_incipient_slow/run_2) by extensions ['ignore', 'ignore_ament_install']
[0.648s] Level 1:colcon.colcon_core.package_identification:_identify(experiment_logs/I1_incipient_slow/run_2) by extension 'ignore'
[0.648s] Level 1:colcon.colcon_core.package_identification:_identify(experiment_logs/I1_incipient_slow/run_2) by extension 'ignore_ament_install'
[0.648s] Level 1:colcon.colcon_core.package_identification:_identify(experiment_logs/I1_incipient_slow/run_2) by extensions ['colcon_pkg']
[0.648s] Level 1:colcon.colcon_core.package_identification:_identify(experiment_logs/I1_incipient_slow/run_2) by extension 'colcon_pkg'
[0.648s] Level 1:colcon.colcon_core.package_identification:_identify(experiment_logs/I1_incipient_slow/run_2) by extensions ['colcon_meta']
[0.648s] Level 1:colcon.colcon_core.package_identification:_identify(experiment_logs/I1_incipient_slow/run_2) by extension 'colcon_meta'
[0.648s] Level 1:colcon.colcon_core.package_identification:_identify(experiment_logs/I1_incipient_slow/run_2) by extensions ['ros']
[0.648s] Level 1:colcon.colcon_core.package_identification:_identify(experiment_logs/I1_incipient_slow/run_2) by extension 'ros'
[0.649s] Level 1:colcon.colcon_core.package_identification:_identify(experiment_logs/I1_incipient_slow/run_2) by extensions ['cmake', 'python']
[0.649s] Level 1:colcon.colcon_core.package_identification:_identify(experiment_logs/I1_incipient_slow/run_2) by extension 'cmake'
[0.649s] Level 1:colcon.colcon_core.package_identification:_identify(experiment_logs/I1_incipient_slow/run_2) by extension 'python'
[0.649s] Level 1:colcon.colcon_core.package_identification:_identify(experiment_logs/I1_incipient_slow/run_2) by extensions ['python_setup_py']
[0.649s] Level 1:colcon.colcon_core.package_identification:_identify(experiment_logs/I1_incipient_slow/run_2) by extension 'python_setup_py'
[0.649s] Level 1:colcon.colcon_core.package_identification:_identify(experiment_logs/I1_incipient_slow/run_3) by extensions ['ignore', 'ignore_ament_install']
[0.649s] Level 1:colcon.colcon_core.package_identification:_identify(experiment_logs/I1_incipient_slow/run_3) by extension 'ignore'
[0.649s] Level 1:colcon.colcon_core.package_identification:_identify(experiment_logs/I1_incipient_slow/run_3) by extension 'ignore_ament_install'
[0.649s] Level 1:colcon.colcon_core.package_identification:_identify(experiment_logs/I1_incipient_slow/run_3) by extensions ['colcon_pkg']
[0.649s] Level 1:colcon.colcon_core.package_identification:_identify(experiment_logs/I1_incipient_slow/run_3) by extension 'colcon_pkg'
[0.649s] Level 1:colcon.colcon_core.package_identification:_identify(experiment_logs/I1_incipient_slow/run_3) by extensions ['colcon_meta']
[0.649s] Level 1:colcon.colcon_core.package_identification:_identify(experiment_logs/I1_incipient_slow/run_3) by extension 'colcon_meta'
[0.649s] Level 1:colcon.colcon_core.package_identification:_identify(experiment_logs/I1_incipient_slow/run_3) by extensions ['ros']
[0.649s] Level 1:colcon.colcon_core.package_identification:_identify(experiment_logs/I1_incipient_slow/run_3) by extension 'ros'
[0.649s] Level 1:colcon.colcon_core.package_identification:_identify(experiment_logs/I1_incipient_slow/run_3) by extensions ['cmake', 'python']
[0.650s] Level 1:colcon.colcon_core.package_identification:_identify(experiment_logs/I1_incipient_slow/run_3) by extension 'cmake'
[0.650s] Level 1:colcon.colcon_core.package_identification:_identify(experiment_logs/I1_incipient_slow/run_3) by extension 'python'
[0.650s] Level 1:colcon.colcon_core.package_identification:_identify(experiment_logs/I1_incipient_slow/run_3) by extensions ['python_setup_py']
[0.650s] Level 1:colcon.colcon_core.package_identification:_identify(experiment_logs/I1_incipient_slow/run_3) by extension 'python_setup_py'
[0.650s] Level 1:colcon.colcon_core.package_identification:_identify(experiment_logs/I2_incipient_medium) by extensions ['ignore', 'ignore_ament_install']
[0.650s] Level 1:colcon.colcon_core.package_identification:_identify(experiment_logs/I2_incipient_medium) by extension 'ignore'
[0.650s] Level 1:colcon.colcon_core.package_identification:_identify(experiment_logs/I2_incipient_medium) by extension 'ignore_ament_install'
[0.650s] Level 1:colcon.colcon_core.package_identification:_identify(experiment_logs/I2_incipient_medium) by extensions ['colcon_pkg']
[0.650s] Level 1:colcon.colcon_core.package_identification:_identify(experiment_logs/I2_incipient_medium) by extension 'colcon_pkg'
[0.650s] Level 1:colcon.colcon_core.package_identification:_identify(experiment_logs/I2_incipient_medium) by extensions ['colcon_meta']
[0.650s] Level 1:colcon.colcon_core.package_identification:_identify(experiment_logs/I2_incipient_medium) by extension 'colcon_meta'
[0.650s] Level 1:colcon.colcon_core.package_identification:_identify(experiment_logs/I2_incipient_medium) by extensions ['ros']
[0.650s] Level 1:colcon.colcon_core.package_identification:_identify(experiment_logs/I2_incipient_medium) by extension 'ros'
[0.650s] Level 1:colcon.colcon_core.package_identification:_identify(experiment_logs/I2_incipient_medium) by extensions ['cmake', 'python']
[0.650s] Level 1:colcon.colcon_core.package_identification:_identify(experiment_logs/I2_incipient_medium) by extension 'cmake'
[0.650s] Level 1:colcon.colcon_core.package_identification:_identify(experiment_logs/I2_incipient_medium) by extension 'python'
[0.651s] Level 1:colcon.colcon_core.package_identification:_identify(experiment_logs/I2_incipient_medium) by extensions ['python_setup_py']
[0.651s] Level 1:colcon.colcon_core.package_identification:_identify(experiment_logs/I2_incipient_medium) by extension 'python_setup_py'
[0.651s] Level 1:colcon.colcon_core.package_identification:_identify(experiment_logs/I2_incipient_medium/run_1) by extensions ['ignore', 'ignore_ament_install']
[0.651s] Level 1:colcon.colcon_core.package_identification:_identify(experiment_logs/I2_incipient_medium/run_1) by extension 'ignore'
[0.651s] Level 1:colcon.colcon_core.package_identification:_identify(experiment_logs/I2_incipient_medium/run_1) by extension 'ignore_ament_install'
[0.651s] Level 1:colcon.colcon_core.package_identification:_identify(experiment_logs/I2_incipient_medium/run_1) by extensions ['colcon_pkg']
[0.651s] Level 1:colcon.colcon_core.package_identification:_identify(experiment_logs/I2_incipient_medium/run_1) by extension 'colcon_pkg'
[0.651s] Level 1:colcon.colcon_core.package_identification:_identify(experiment_logs/I2_incipient_medium/run_1) by extensions ['colcon_meta']
[0.651s] Level 1:colcon.colcon_core.package_identification:_identify(experiment_logs/I2_incipient_medium/run_1) by extension 'colcon_meta'
[0.651s] Level 1:colcon.colcon_core.package_identification:_identify(experiment_logs/I2_incipient_medium/run_1) by extensions ['ros']
[0.651s] Level 1:colcon.colcon_core.package_identification:_identify(experiment_logs/I2_incipient_medium/run_1) by extension 'ros'
[0.651s] Level 1:colcon.colcon_core.package_identification:_identify(experiment_logs/I2_incipient_medium/run_1) by extensions ['cmake', 'python']
[0.651s] Level 1:colcon.colcon_core.package_identification:_identify(experiment_logs/I2_incipient_medium/run_1) by extension 'cmake'
[0.651s] Level 1:colcon.colcon_core.package_identification:_identify(experiment_logs/I2_incipient_medium/run_1) by extension 'python'
[0.651s] Level 1:colcon.colcon_core.package_identification:_identify(experiment_logs/I2_incipient_medium/run_1) by extensions ['python_setup_py']
[0.651s] Level 1:colcon.colcon_core.package_identification:_identify(experiment_logs/I2_incipient_medium/run_1) by extension 'python_setup_py'
[0.652s] Level 1:colcon.colcon_core.package_identification:_identify(experiment_logs/I2_incipient_medium/run_2) by extensions ['ignore', 'ignore_ament_install']
[0.652s] Level 1:colcon.colcon_core.package_identification:_identify(experiment_logs/I2_incipient_medium/run_2) by extension 'ignore'
[0.652s] Level 1:colcon.colcon_core.package_identification:_identify(experiment_logs/I2_incipient_medium/run_2) by extension 'ignore_ament_install'
[0.652s] Level 1:colcon.colcon_core.package_identification:_identify(experiment_logs/I2_incipient_medium/run_2) by extensions ['colcon_pkg']
[0.652s] Level 1:colcon.colcon_core.package_identification:_identify(experiment_logs/I2_incipient_medium/run_2) by extension 'colcon_pkg'
[0.652s] Level 1:colcon.colcon_core.package_identification:_identify(experiment_logs/I2_incipient_medium/run_2) by extensions ['colcon_meta']
[0.652s] Level 1:colcon.colcon_core.package_identification:_identify(experiment_logs/I2_incipient_medium/run_2) by extension 'colcon_meta'
[0.652s] Level 1:colcon.colcon_core.package_identification:_identify(experiment_logs/I2_incipient_medium/run_2) by extensions ['ros']
[0.652s] Level 1:colcon.colcon_core.package_identification:_identify(experiment_logs/I2_incipient_medium/run_2) by extension 'ros'
[0.652s] Level 1:colcon.colcon_core.package_identification:_identify(experiment_logs/I2_incipient_medium/run_2) by extensions ['cmake', 'python']
[0.652s] Level 1:colcon.colcon_core.package_identification:_identify(experiment_logs/I2_incipient_medium/run_2) by extension 'cmake'
[0.652s] Level 1:colcon.colcon_core.package_identification:_identify(experiment_logs/I2_incipient_medium/run_2) by extension 'python'
[0.652s] Level 1:colcon.colcon_core.package_identification:_identify(experiment_logs/I2_incipient_medium/run_2) by extensions ['python_setup_py']
[0.652s] Level 1:colcon.colcon_core.package_identification:_identify(experiment_logs/I2_incipient_medium/run_2) by extension 'python_setup_py'
[0.652s] Level 1:colcon.colcon_core.package_identification:_identify(experiment_logs/I2_incipient_medium/run_3) by extensions ['ignore', 'ignore_ament_install']
[0.652s] Level 1:colcon.colcon_core.package_identification:_identify(experiment_logs/I2_incipient_medium/run_3) by extension 'ignore'
[0.653s] Level 1:colcon.colcon_core.package_identification:_identify(experiment_logs/I2_incipient_medium/run_3) by extension 'ignore_ament_install'
[0.653s] Level 1:colcon.colcon_core.package_identification:_identify(experiment_logs/I2_incipient_medium/run_3) by extensions ['colcon_pkg']
[0.653s] Level 1:colcon.colcon_core.package_identification:_identify(experiment_logs/I2_incipient_medium/run_3) by extension 'colcon_pkg'
[0.653s] Level 1:colcon.colcon_core.package_identification:_identify(experiment_logs/I2_incipient_medium/run_3) by extensions ['colcon_meta']
[0.653s] Level 1:colcon.colcon_core.package_identification:_identify(experiment_logs/I2_incipient_medium/run_3) by extension 'colcon_meta'
[0.653s] Level 1:colcon.colcon_core.package_identification:_identify(experiment_logs/I2_incipient_medium/run_3) by extensions ['ros']
[0.653s] Level 1:colcon.colcon_core.package_identification:_identify(experiment_logs/I2_incipient_medium/run_3) by extension 'ros'
[0.653s] Level 1:colcon.colcon_core.package_identification:_identify(experiment_logs/I2_incipient_medium/run_3) by extensions ['cmake', 'python']
[0.653s] Level 1:colcon.colcon_core.package_identification:_identify(experiment_logs/I2_incipient_medium/run_3) by extension 'cmake'
[0.653s] Level 1:colcon.colcon_core.package_identification:_identify(experiment_logs/I2_incipient_medium/run_3) by extension 'python'
[0.653s] Level 1:colcon.colcon_core.package_identification:_identify(experiment_logs/I2_incipient_medium/run_3) by extensions ['python_setup_py']
[0.653s] Level 1:colcon.colcon_core.package_identification:_identify(experiment_logs/I2_incipient_medium/run_3) by extension 'python_setup_py'
[0.653s] Level 1:colcon.colcon_core.package_identification:_identify(experiment_logs/I3_incipient_fast) by extensions ['ignore', 'ignore_ament_install']
[0.653s] Level 1:colcon.colcon_core.package_identification:_identify(experiment_logs/I3_incipient_fast) by extension 'ignore'
[0.653s] Level 1:colcon.colcon_core.package_identification:_identify(experiment_logs/I3_incipient_fast) by extension 'ignore_ament_install'
[0.653s] Level 1:colcon.colcon_core.package_identification:_identify(experiment_logs/I3_incipient_fast) by extensions ['colcon_pkg']
[0.653s] Level 1:colcon.colcon_core.package_identification:_identify(experiment_logs/I3_incipient_fast) by extension 'colcon_pkg'
[0.654s] Level 1:colcon.colcon_core.package_identification:_identify(experiment_logs/I3_incipient_fast) by extensions ['colcon_meta']
[0.654s] Level 1:colcon.colcon_core.package_identification:_identify(experiment_logs/I3_incipient_fast) by extension 'colcon_meta'
[0.654s] Level 1:colcon.colcon_core.package_identification:_identify(experiment_logs/I3_incipient_fast) by extensions ['ros']
[0.654s] Level 1:colcon.colcon_core.package_identification:_identify(experiment_logs/I3_incipient_fast) by extension 'ros'
[0.654s] Level 1:colcon.colcon_core.package_identification:_identify(experiment_logs/I3_incipient_fast) by extensions ['cmake', 'python']
[0.654s] Level 1:colcon.colcon_core.package_identification:_identify(experiment_logs/I3_incipient_fast) by extension 'cmake'
[0.654s] Level 1:colcon.colcon_core.package_identification:_identify(experiment_logs/I3_incipient_fast) by extension 'python'
[0.654s] Level 1:colcon.colcon_core.package_identification:_identify(experiment_logs/I3_incipient_fast) by extensions ['python_setup_py']
[0.654s] Level 1:colcon.colcon_core.package_identification:_identify(experiment_logs/I3_incipient_fast) by extension 'python_setup_py'
[0.654s] Level 1:colcon.colcon_core.package_identification:_identify(experiment_logs/I3_incipient_fast/run_1) by extensions ['ignore', 'ignore_ament_install']
[0.654s] Level 1:colcon.colcon_core.package_identification:_identify(experiment_logs/I3_incipient_fast/run_1) by extension 'ignore'
[0.654s] Level 1:colcon.colcon_core.package_identification:_identify(experiment_logs/I3_incipient_fast/run_1) by extension 'ignore_ament_install'
[0.654s] Level 1:colcon.colcon_core.package_identification:_identify(experiment_logs/I3_incipient_fast/run_1) by extensions ['colcon_pkg']
[0.654s] Level 1:colcon.colcon_core.package_identification:_identify(experiment_logs/I3_incipient_fast/run_1) by extension 'colcon_pkg'
[0.654s] Level 1:colcon.colcon_core.package_identification:_identify(experiment_logs/I3_incipient_fast/run_1) by extensions ['colcon_meta']
[0.654s] Level 1:colcon.colcon_core.package_identification:_identify(experiment_logs/I3_incipient_fast/run_1) by extension 'colcon_meta'
[0.654s] Level 1:colcon.colcon_core.package_identification:_identify(experiment_logs/I3_incipient_fast/run_1) by extensions ['ros']
[0.655s] Level 1:colcon.colcon_core.package_identification:_identify(experiment_logs/I3_incipient_fast/run_1) by extension 'ros'
[0.655s] Level 1:colcon.colcon_core.package_identification:_identify(experiment_logs/I3_incipient_fast/run_1) by extensions ['cmake', 'python']
[0.655s] Level 1:colcon.colcon_core.package_identification:_identify(experiment_logs/I3_incipient_fast/run_1) by extension 'cmake'
[0.655s] Level 1:colcon.colcon_core.package_identification:_identify(experiment_logs/I3_incipient_fast/run_1) by extension 'python'
[0.655s] Level 1:colcon.colcon_core.package_identification:_identify(experiment_logs/I3_incipient_fast/run_1) by extensions ['python_setup_py']
[0.655s] Level 1:colcon.colcon_core.package_identification:_identify(experiment_logs/I3_incipient_fast/run_1) by extension 'python_setup_py'
[0.655s] Level 1:colcon.colcon_core.package_identification:_identify(experiment_logs/I3_incipient_fast/run_2) by extensions ['ignore', 'ignore_ament_install']
[0.655s] Level 1:colcon.colcon_core.package_identification:_identify(experiment_logs/I3_incipient_fast/run_2) by extension 'ignore'
[0.655s] Level 1:colcon.colcon_core.package_identification:_identify(experiment_logs/I3_incipient_fast/run_2) by extension 'ignore_ament_install'
[0.655s] Level 1:colcon.colcon_core.package_identification:_identify(experiment_logs/I3_incipient_fast/run_2) by extensions ['colcon_pkg']
[0.655s] Level 1:colcon.colcon_core.package_identification:_identify(experiment_logs/I3_incipient_fast/run_2) by extension 'colcon_pkg'
[0.655s] Level 1:colcon.colcon_core.package_identification:_identify(experiment_logs/I3_incipient_fast/run_2) by extensions ['colcon_meta']
[0.655s] Level 1:colcon.colcon_core.package_identification:_identify(experiment_logs/I3_incipient_fast/run_2) by extension 'colcon_meta'
[0.655s] Level 1:colcon.colcon_core.package_identification:_identify(experiment_logs/I3_incipient_fast/run_2) by extensions ['ros']
[0.655s] Level 1:colcon.colcon_core.package_identification:_identify(experiment_logs/I3_incipient_fast/run_2) by extension 'ros'
[0.656s] Level 1:colcon.colcon_core.package_identification:_identify(experiment_logs/I3_incipient_fast/run_2) by extensions ['cmake', 'python']
[0.656s] Level 1:colcon.colcon_core.package_identification:_identify(experiment_logs/I3_incipient_fast/run_2) by extension 'cmake'
[0.656s] Level 1:colcon.colcon_core.package_identification:_identify(experiment_logs/I3_incipient_fast/run_2) by extension 'python'
[0.656s] Level 1:colcon.colcon_core.package_identification:_identify(experiment_logs/I3_incipient_fast/run_2) by extensions ['python_setup_py']
[0.656s] Level 1:colcon.colcon_core.package_identification:_identify(experiment_logs/I3_incipient_fast/run_2) by extension 'python_setup_py'
[0.656s] Level 1:colcon.colcon_core.package_identification:_identify(experiment_logs/I3_incipient_fast/run_3) by extensions ['ignore', 'ignore_ament_install']
[0.656s] Level 1:colcon.colcon_core.package_identification:_identify(experiment_logs/I3_incipient_fast/run_3) by extension 'ignore'
[0.656s] Level 1:colcon.colcon_core.package_identification:_identify(experiment_logs/I3_incipient_fast/run_3) by extension 'ignore_ament_install'
[0.656s] Level 1:colcon.colcon_core.package_identification:_identify(experiment_logs/I3_incipient_fast/run_3) by extensions ['colcon_pkg']
[0.656s] Level 1:colcon.colcon_core.package_identification:_identify(experiment_logs/I3_incipient_fast/run_3) by extension 'colcon_pkg'
[0.656s] Level 1:colcon.colcon_core.package_identification:_identify(experiment_logs/I3_incipient_fast/run_3) by extensions ['colcon_meta']
[0.656s] Level 1:colcon.colcon_core.package_identification:_identify(experiment_logs/I3_incipient_fast/run_3) by extension 'colcon_meta'
[0.656s] Level 1:colcon.colcon_core.package_identification:_identify(experiment_logs/I3_incipient_fast/run_3) by extensions ['ros']
[0.657s] Level 1:colcon.colcon_core.package_identification:_identify(experiment_logs/I3_incipient_fast/run_3) by extension 'ros'
[0.657s] Level 1:colcon.colcon_core.package_identification:_identify(experiment_logs/I3_incipient_fast/run_3) by extensions ['cmake', 'python']
[0.657s] Level 1:colcon.colcon_core.package_identification:_identify(experiment_logs/I3_incipient_fast/run_3) by extension 'cmake'
[0.657s] Level 1:colcon.colcon_core.package_identification:_identify(experiment_logs/I3_incipient_fast/run_3) by extension 'python'
[0.657s] Level 1:colcon.colcon_core.package_identification:_identify(experiment_logs/I3_incipient_fast/run_3) by extensions ['python_setup_py']
[0.657s] Level 1:colcon.colcon_core.package_identification:_identify(experiment_logs/I3_incipient_fast/run_3) by extension 'python_setup_py'
[0.657s] Level 1:colcon.colcon_core.package_identification:_identify(experiment_logs/T1_intermittent_10s_cycle) by extensions ['ignore', 'ignore_ament_install']
[0.657s] Level 1:colcon.colcon_core.package_identification:_identify(experiment_logs/T1_intermittent_10s_cycle) by extension 'ignore'
[0.657s] Level 1:colcon.colcon_core.package_identification:_identify(experiment_logs/T1_intermittent_10s_cycle) by extension 'ignore_ament_install'
[0.657s] Level 1:colcon.colcon_core.package_identification:_identify(experiment_logs/T1_intermittent_10s_cycle) by extensions ['colcon_pkg']
[0.657s] Level 1:colcon.colcon_core.package_identification:_identify(experiment_logs/T1_intermittent_10s_cycle) by extension 'colcon_pkg'
[0.657s] Level 1:colcon.colcon_core.package_identification:_identify(experiment_logs/T1_intermittent_10s_cycle) by extensions ['colcon_meta']
[0.657s] Level 1:colcon.colcon_core.package_identification:_identify(experiment_logs/T1_intermittent_10s_cycle) by extension 'colcon_meta'
[0.658s] Level 1:colcon.colcon_core.package_identification:_identify(experiment_logs/T1_intermittent_10s_cycle) by extensions ['ros']
[0.658s] Level 1:colcon.colcon_core.package_identification:_identify(experiment_logs/T1_intermittent_10s_cycle) by extension 'ros'
[0.658s] Level 1:colcon.colcon_core.package_identification:_identify(experiment_logs/T1_intermittent_10s_cycle) by extensions ['cmake', 'python']
[0.658s] Level 1:colcon.colcon_core.package_identification:_identify(experiment_logs/T1_intermittent_10s_cycle) by extension 'cmake'
[0.658s] Level 1:colcon.colcon_core.package_identification:_identify(experiment_logs/T1_intermittent_10s_cycle) by extension 'python'
[0.658s] Level 1:colcon.colcon_core.package_identification:_identify(experiment_logs/T1_intermittent_10s_cycle) by extensions ['python_setup_py']
[0.658s] Level 1:colcon.colcon_core.package_identification:_identify(experiment_logs/T1_intermittent_10s_cycle) by extension 'python_setup_py'
[0.658s] Level 1:colcon.colcon_core.package_identification:_identify(experiment_logs/T1_intermittent_10s_cycle/run_1) by extensions ['ignore', 'ignore_ament_install']
[0.658s] Level 1:colcon.colcon_core.package_identification:_identify(experiment_logs/T1_intermittent_10s_cycle/run_1) by extension 'ignore'
[0.658s] Level 1:colcon.colcon_core.package_identification:_identify(experiment_logs/T1_intermittent_10s_cycle/run_1) by extension 'ignore_ament_install'
[0.658s] Level 1:colcon.colcon_core.package_identification:_identify(experiment_logs/T1_intermittent_10s_cycle/run_1) by extensions ['colcon_pkg']
[0.658s] Level 1:colcon.colcon_core.package_identification:_identify(experiment_logs/T1_intermittent_10s_cycle/run_1) by extension 'colcon_pkg'
[0.658s] Level 1:colcon.colcon_core.package_identification:_identify(experiment_logs/T1_intermittent_10s_cycle/run_1) by extensions ['colcon_meta']
[0.658s] Level 1:colcon.colcon_core.package_identification:_identify(experiment_logs/T1_intermittent_10s_cycle/run_1) by extension 'colcon_meta'
[0.658s] Level 1:colcon.colcon_core.package_identification:_identify(experiment_logs/T1_intermittent_10s_cycle/run_1) by extensions ['ros']
[0.659s] Level 1:colcon.colcon_core.package_identification:_identify(experiment_logs/T1_intermittent_10s_cycle/run_1) by extension 'ros'
[0.659s] Level 1:colcon.colcon_core.package_identification:_identify(experiment_logs/T1_intermittent_10s_cycle/run_1) by extensions ['cmake', 'python']
[0.659s] Level 1:colcon.colcon_core.package_identification:_identify(experiment_logs/T1_intermittent_10s_cycle/run_1) by extension 'cmake'
[0.659s] Level 1:colcon.colcon_core.package_identification:_identify(experiment_logs/T1_intermittent_10s_cycle/run_1) by extension 'python'
[0.659s] Level 1:colcon.colcon_core.package_identification:_identify(experiment_logs/T1_intermittent_10s_cycle/run_1) by extensions ['python_setup_py']
[0.659s] Level 1:colcon.colcon_core.package_identification:_identify(experiment_logs/T1_intermittent_10s_cycle/run_1) by extension 'python_setup_py'
[0.659s] Level 1:colcon.colcon_core.package_identification:_identify(experiment_logs/T1_intermittent_10s_cycle/run_2) by extensions ['ignore', 'ignore_ament_install']
[0.659s] Level 1:colcon.colcon_core.package_identification:_identify(experiment_logs/T1_intermittent_10s_cycle/run_2) by extension 'ignore'
[0.659s] Level 1:colcon.colcon_core.package_identification:_identify(experiment_logs/T1_intermittent_10s_cycle/run_2) by extension 'ignore_ament_install'
[0.659s] Level 1:colcon.colcon_core.package_identification:_identify(experiment_logs/T1_intermittent_10s_cycle/run_2) by extensions ['colcon_pkg']
[0.659s] Level 1:colcon.colcon_core.package_identification:_identify(experiment_logs/T1_intermittent_10s_cycle/run_2) by extension 'colcon_pkg'
[0.659s] Level 1:colcon.colcon_core.package_identification:_identify(experiment_logs/T1_intermittent_10s_cycle/run_2) by extensions ['colcon_meta']
[0.659s] Level 1:colcon.colcon_core.package_identification:_identify(experiment_logs/T1_intermittent_10s_cycle/run_2) by extension 'colcon_meta'
[0.659s] Level 1:colcon.colcon_core.package_identification:_identify(experiment_logs/T1_intermittent_10s_cycle/run_2) by extensions ['ros']
[0.659s] Level 1:colcon.colcon_core.package_identification:_identify(experiment_logs/T1_intermittent_10s_cycle/run_2) by extension 'ros'
[0.659s] Level 1:colcon.colcon_core.package_identification:_identify(experiment_logs/T1_intermittent_10s_cycle/run_2) by extensions ['cmake', 'python']
[0.660s] Level 1:colcon.colcon_core.package_identification:_identify(experiment_logs/T1_intermittent_10s_cycle/run_2) by extension 'cmake'
[0.660s] Level 1:colcon.colcon_core.package_identification:_identify(experiment_logs/T1_intermittent_10s_cycle/run_2) by extension 'python'
[0.660s] Level 1:colcon.colcon_core.package_identification:_identify(experiment_logs/T1_intermittent_10s_cycle/run_2) by extensions ['python_setup_py']
[0.660s] Level 1:colcon.colcon_core.package_identification:_identify(experiment_logs/T1_intermittent_10s_cycle/run_2) by extension 'python_setup_py'
[0.660s] Level 1:colcon.colcon_core.package_identification:_identify(experiment_logs/T1_intermittent_10s_cycle/run_3) by extensions ['ignore', 'ignore_ament_install']
[0.660s] Level 1:colcon.colcon_core.package_identification:_identify(experiment_logs/T1_intermittent_10s_cycle/run_3) by extension 'ignore'
[0.660s] Level 1:colcon.colcon_core.package_identification:_identify(experiment_logs/T1_intermittent_10s_cycle/run_3) by extension 'ignore_ament_install'
[0.660s] Level 1:colcon.colcon_core.package_identification:_identify(experiment_logs/T1_intermittent_10s_cycle/run_3) by extensions ['colcon_pkg']
[0.660s] Level 1:colcon.colcon_core.package_identification:_identify(experiment_logs/T1_intermittent_10s_cycle/run_3) by extension 'colcon_pkg'
[0.660s] Level 1:colcon.colcon_core.package_identification:_identify(experiment_logs/T1_intermittent_10s_cycle/run_3) by extensions ['colcon_meta']
[0.660s] Level 1:colcon.colcon_core.package_identification:_identify(experiment_logs/T1_intermittent_10s_cycle/run_3) by extension 'colcon_meta'
[0.660s] Level 1:colcon.colcon_core.package_identification:_identify(experiment_logs/T1_intermittent_10s_cycle/run_3) by extensions ['ros']
[0.660s] Level 1:colcon.colcon_core.package_identification:_identify(experiment_logs/T1_intermittent_10s_cycle/run_3) by extension 'ros'
[0.660s] Level 1:colcon.colcon_core.package_identification:_identify(experiment_logs/T1_intermittent_10s_cycle/run_3) by extensions ['cmake', 'python']
[0.660s] Level 1:colcon.colcon_core.package_identification:_identify(experiment_logs/T1_intermittent_10s_cycle/run_3) by extension 'cmake'
[0.660s] Level 1:colcon.colcon_core.package_identification:_identify(experiment_logs/T1_intermittent_10s_cycle/run_3) by extension 'python'
[0.661s] Level 1:colcon.colcon_core.package_identification:_identify(experiment_logs/T1_intermittent_10s_cycle/run_3) by extensions ['python_setup_py']
[0.661s] Level 1:colcon.colcon_core.package_identification:_identify(experiment_logs/T1_intermittent_10s_cycle/run_3) by extension 'python_setup_py'
[0.661s] Level 1:colcon.colcon_core.package_identification:_identify(experiment_logs/T2_intermittent_3s_cycle) by extensions ['ignore', 'ignore_ament_install']
[0.661s] Level 1:colcon.colcon_core.package_identification:_identify(experiment_logs/T2_intermittent_3s_cycle) by extension 'ignore'
[0.661s] Level 1:colcon.colcon_core.package_identification:_identify(experiment_logs/T2_intermittent_3s_cycle) by extension 'ignore_ament_install'
[0.661s] Level 1:colcon.colcon_core.package_identification:_identify(experiment_logs/T2_intermittent_3s_cycle) by extensions ['colcon_pkg']
[0.661s] Level 1:colcon.colcon_core.package_identification:_identify(experiment_logs/T2_intermittent_3s_cycle) by extension 'colcon_pkg'
[0.661s] Level 1:colcon.colcon_core.package_identification:_identify(experiment_logs/T2_intermittent_3s_cycle) by extensions ['colcon_meta']
[0.661s] Level 1:colcon.colcon_core.package_identification:_identify(experiment_logs/T2_intermittent_3s_cycle) by extension 'colcon_meta'
[0.661s] Level 1:colcon.colcon_core.package_identification:_identify(experiment_logs/T2_intermittent_3s_cycle) by extensions ['ros']
[0.661s] Level 1:colcon.colcon_core.package_identification:_identify(experiment_logs/T2_intermittent_3s_cycle) by extension 'ros'
[0.661s] Level 1:colcon.colcon_core.package_identification:_identify(experiment_logs/T2_intermittent_3s_cycle) by extensions ['cmake', 'python']
[0.661s] Level 1:colcon.colcon_core.package_identification:_identify(experiment_logs/T2_intermittent_3s_cycle) by extension 'cmake'
[0.662s] Level 1:colcon.colcon_core.package_identification:_identify(experiment_logs/T2_intermittent_3s_cycle) by extension 'python'
[0.662s] Level 1:colcon.colcon_core.package_identification:_identify(experiment_logs/T2_intermittent_3s_cycle) by extensions ['python_setup_py']
[0.662s] Level 1:colcon.colcon_core.package_identification:_identify(experiment_logs/T2_intermittent_3s_cycle) by extension 'python_setup_py'
[0.662s] Level 1:colcon.colcon_core.package_identification:_identify(experiment_logs/T2_intermittent_3s_cycle/run_1) by extensions ['ignore', 'ignore_ament_install']
[0.662s] Level 1:colcon.colcon_core.package_identification:_identify(experiment_logs/T2_intermittent_3s_cycle/run_1) by extension 'ignore'
[0.662s] Level 1:colcon.colcon_core.package_identification:_identify(experiment_logs/T2_intermittent_3s_cycle/run_1) by extension 'ignore_ament_install'
[0.662s] Level 1:colcon.colcon_core.package_identification:_identify(experiment_logs/T2_intermittent_3s_cycle/run_1) by extensions ['colcon_pkg']
[0.662s] Level 1:colcon.colcon_core.package_identification:_identify(experiment_logs/T2_intermittent_3s_cycle/run_1) by extension 'colcon_pkg'
[0.662s] Level 1:colcon.colcon_core.package_identification:_identify(experiment_logs/T2_intermittent_3s_cycle/run_1) by extensions ['colcon_meta']
[0.662s] Level 1:colcon.colcon_core.package_identification:_identify(experiment_logs/T2_intermittent_3s_cycle/run_1) by extension 'colcon_meta'
[0.662s] Level 1:colcon.colcon_core.package_identification:_identify(experiment_logs/T2_intermittent_3s_cycle/run_1) by extensions ['ros']
[0.662s] Level 1:colcon.colcon_core.package_identification:_identify(experiment_logs/T2_intermittent_3s_cycle/run_1) by extension 'ros'
[0.662s] Level 1:colcon.colcon_core.package_identification:_identify(experiment_logs/T2_intermittent_3s_cycle/run_1) by extensions ['cmake', 'python']
[0.663s] Level 1:colcon.colcon_core.package_identification:_identify(experiment_logs/T2_intermittent_3s_cycle/run_1) by extension 'cmake'
[0.663s] Level 1:colcon.colcon_core.package_identification:_identify(experiment_logs/T2_intermittent_3s_cycle/run_1) by extension 'python'
[0.663s] Level 1:colcon.colcon_core.package_identification:_identify(experiment_logs/T2_intermittent_3s_cycle/run_1) by extensions ['python_setup_py']
[0.663s] Level 1:colcon.colcon_core.package_identification:_identify(experiment_logs/T2_intermittent_3s_cycle/run_1) by extension 'python_setup_py'
[0.663s] Level 1:colcon.colcon_core.package_identification:_identify(experiment_logs/T2_intermittent_3s_cycle/run_2) by extensions ['ignore', 'ignore_ament_install']
[0.663s] Level 1:colcon.colcon_core.package_identification:_identify(experiment_logs/T2_intermittent_3s_cycle/run_2) by extension 'ignore'
[0.663s] Level 1:colcon.colcon_core.package_identification:_identify(experiment_logs/T2_intermittent_3s_cycle/run_2) by extension 'ignore_ament_install'
[0.663s] Level 1:colcon.colcon_core.package_identification:_identify(experiment_logs/T2_intermittent_3s_cycle/run_2) by extensions ['colcon_pkg']
[0.663s] Level 1:colcon.colcon_core.package_identification:_identify(experiment_logs/T2_intermittent_3s_cycle/run_2) by extension 'colcon_pkg'
[0.663s] Level 1:colcon.colcon_core.package_identification:_identify(experiment_logs/T2_intermittent_3s_cycle/run_2) by extensions ['colcon_meta']
[0.663s] Level 1:colcon.colcon_core.package_identification:_identify(experiment_logs/T2_intermittent_3s_cycle/run_2) by extension 'colcon_meta'
[0.663s] Level 1:colcon.colcon_core.package_identification:_identify(experiment_logs/T2_intermittent_3s_cycle/run_2) by extensions ['ros']
[0.663s] Level 1:colcon.colcon_core.package_identification:_identify(experiment_logs/T2_intermittent_3s_cycle/run_2) by extension 'ros'
[0.663s] Level 1:colcon.colcon_core.package_identification:_identify(experiment_logs/T2_intermittent_3s_cycle/run_2) by extensions ['cmake', 'python']
[0.663s] Level 1:colcon.colcon_core.package_identification:_identify(experiment_logs/T2_intermittent_3s_cycle/run_2) by extension 'cmake'
[0.663s] Level 1:colcon.colcon_core.package_identification:_identify(experiment_logs/T2_intermittent_3s_cycle/run_2) by extension 'python'
[0.664s] Level 1:colcon.colcon_core.package_identification:_identify(experiment_logs/T2_intermittent_3s_cycle/run_2) by extensions ['python_setup_py']
[0.664s] Level 1:colcon.colcon_core.package_identification:_identify(experiment_logs/T2_intermittent_3s_cycle/run_2) by extension 'python_setup_py'
[0.664s] Level 1:colcon.colcon_core.package_identification:_identify(experiment_logs/T2_intermittent_3s_cycle/run_3) by extensions ['ignore', 'ignore_ament_install']
[0.664s] Level 1:colcon.colcon_core.package_identification:_identify(experiment_logs/T2_intermittent_3s_cycle/run_3) by extension 'ignore'
[0.664s] Level 1:colcon.colcon_core.package_identification:_identify(experiment_logs/T2_intermittent_3s_cycle/run_3) by extension 'ignore_ament_install'
[0.664s] Level 1:colcon.colcon_core.package_identification:_identify(experiment_logs/T2_intermittent_3s_cycle/run_3) by extensions ['colcon_pkg']
[0.664s] Level 1:colcon.colcon_core.package_identification:_identify(experiment_logs/T2_intermittent_3s_cycle/run_3) by extension 'colcon_pkg'
[0.664s] Level 1:colcon.colcon_core.package_identification:_identify(experiment_logs/T2_intermittent_3s_cycle/run_3) by extensions ['colcon_meta']
[0.664s] Level 1:colcon.colcon_core.package_identification:_identify(experiment_logs/T2_intermittent_3s_cycle/run_3) by extension 'colcon_meta'
[0.664s] Level 1:colcon.colcon_core.package_identification:_identify(experiment_logs/T2_intermittent_3s_cycle/run_3) by extensions ['ros']
[0.664s] Level 1:colcon.colcon_core.package_identification:_identify(experiment_logs/T2_intermittent_3s_cycle/run_3) by extension 'ros'
[0.664s] Level 1:colcon.colcon_core.package_identification:_identify(experiment_logs/T2_intermittent_3s_cycle/run_3) by extensions ['cmake', 'python']
[0.664s] Level 1:colcon.colcon_core.package_identification:_identify(experiment_logs/T2_intermittent_3s_cycle/run_3) by extension 'cmake'
[0.664s] Level 1:colcon.colcon_core.package_identification:_identify(experiment_logs/T2_intermittent_3s_cycle/run_3) by extension 'python'
[0.664s] Level 1:colcon.colcon_core.package_identification:_identify(experiment_logs/T2_intermittent_3s_cycle/run_3) by extensions ['python_setup_py']
[0.664s] Level 1:colcon.colcon_core.package_identification:_identify(experiment_logs/T2_intermittent_3s_cycle/run_3) by extension 'python_setup_py'
[0.665s] Level 1:colcon.colcon_core.package_identification:_identify(experiment_logs/T3_intermittent_asymmetric) by extensions ['ignore', 'ignore_ament_install']
[0.665s] Level 1:colcon.colcon_core.package_identification:_identify(experiment_logs/T3_intermittent_asymmetric) by extension 'ignore'
[0.665s] Level 1:colcon.colcon_core.package_identification:_identify(experiment_logs/T3_intermittent_asymmetric) by extension 'ignore_ament_install'
[0.665s] Level 1:colcon.colcon_core.package_identification:_identify(experiment_logs/T3_intermittent_asymmetric) by extensions ['colcon_pkg']
[0.665s] Level 1:colcon.colcon_core.package_identification:_identify(experiment_logs/T3_intermittent_asymmetric) by extension 'colcon_pkg'
[0.665s] Level 1:colcon.colcon_core.package_identification:_identify(experiment_logs/T3_intermittent_asymmetric) by extensions ['colcon_meta']
[0.665s] Level 1:colcon.colcon_core.package_identification:_identify(experiment_logs/T3_intermittent_asymmetric) by extension 'colcon_meta'
[0.665s] Level 1:colcon.colcon_core.package_identification:_identify(experiment_logs/T3_intermittent_asymmetric) by extensions ['ros']
[0.665s] Level 1:colcon.colcon_core.package_identification:_identify(experiment_logs/T3_intermittent_asymmetric) by extension 'ros'
[0.665s] Level 1:colcon.colcon_core.package_identification:_identify(experiment_logs/T3_intermittent_asymmetric) by extensions ['cmake', 'python']
[0.665s] Level 1:colcon.colcon_core.package_identification:_identify(experiment_logs/T3_intermittent_asymmetric) by extension 'cmake'
[0.665s] Level 1:colcon.colcon_core.package_identification:_identify(experiment_logs/T3_intermittent_asymmetric) by extension 'python'
[0.665s] Level 1:colcon.colcon_core.package_identification:_identify(experiment_logs/T3_intermittent_asymmetric) by extensions ['python_setup_py']
[0.665s] Level 1:colcon.colcon_core.package_identification:_identify(experiment_logs/T3_intermittent_asymmetric) by extension 'python_setup_py'
[0.665s] Level 1:colcon.colcon_core.package_identification:_identify(experiment_logs/T3_intermittent_asymmetric/run_1) by extensions ['ignore', 'ignore_ament_install']
[0.666s] Level 1:colcon.colcon_core.package_identification:_identify(experiment_logs/T3_intermittent_asymmetric/run_1) by extension 'ignore'
[0.666s] Level 1:colcon.colcon_core.package_identification:_identify(experiment_logs/T3_intermittent_asymmetric/run_1) by extension 'ignore_ament_install'
[0.666s] Level 1:colcon.colcon_core.package_identification:_identify(experiment_logs/T3_intermittent_asymmetric/run_1) by extensions ['colcon_pkg']
[0.666s] Level 1:colcon.colcon_core.package_identification:_identify(experiment_logs/T3_intermittent_asymmetric/run_1) by extension 'colcon_pkg'
[0.666s] Level 1:colcon.colcon_core.package_identification:_identify(experiment_logs/T3_intermittent_asymmetric/run_1) by extensions ['colcon_meta']
[0.666s] Level 1:colcon.colcon_core.package_identification:_identify(experiment_logs/T3_intermittent_asymmetric/run_1) by extension 'colcon_meta'
[0.666s] Level 1:colcon.colcon_core.package_identification:_identify(experiment_logs/T3_intermittent_asymmetric/run_1) by extensions ['ros']
[0.666s] Level 1:colcon.colcon_core.package_identification:_identify(experiment_logs/T3_intermittent_asymmetric/run_1) by extension 'ros'
[0.666s] Level 1:colcon.colcon_core.package_identification:_identify(experiment_logs/T3_intermittent_asymmetric/run_1) by extensions ['cmake', 'python']
[0.666s] Level 1:colcon.colcon_core.package_identification:_identify(experiment_logs/T3_intermittent_asymmetric/run_1) by extension 'cmake'
[0.666s] Level 1:colcon.colcon_core.package_identification:_identify(experiment_logs/T3_intermittent_asymmetric/run_1) by extension 'python'
[0.666s] Level 1:colcon.colcon_core.package_identification:_identify(experiment_logs/T3_intermittent_asymmetric/run_1) by extensions ['python_setup_py']
[0.666s] Level 1:colcon.colcon_core.package_identification:_identify(experiment_logs/T3_intermittent_asymmetric/run_1) by extension 'python_setup_py'
[0.666s] Level 1:colcon.colcon_core.package_identification:_identify(experiment_logs/T3_intermittent_asymmetric/run_2) by extensions ['ignore', 'ignore_ament_install']
[0.666s] Level 1:colcon.colcon_core.package_identification:_identify(experiment_logs/T3_intermittent_asymmetric/run_2) by extension 'ignore'
[0.666s] Level 1:colcon.colcon_core.package_identification:_identify(experiment_logs/T3_intermittent_asymmetric/run_2) by extension 'ignore_ament_install'
[0.667s] Level 1:colcon.colcon_core.package_identification:_identify(experiment_logs/T3_intermittent_asymmetric/run_2) by extensions ['colcon_pkg']
[0.667s] Level 1:colcon.colcon_core.package_identification:_identify(experiment_logs/T3_intermittent_asymmetric/run_2) by extension 'colcon_pkg'
[0.667s] Level 1:colcon.colcon_core.package_identification:_identify(experiment_logs/T3_intermittent_asymmetric/run_2) by extensions ['colcon_meta']
[0.667s] Level 1:colcon.colcon_core.package_identification:_identify(experiment_logs/T3_intermittent_asymmetric/run_2) by extension 'colcon_meta'
[0.667s] Level 1:colcon.colcon_core.package_identification:_identify(experiment_logs/T3_intermittent_asymmetric/run_2) by extensions ['ros']
[0.667s] Level 1:colcon.colcon_core.package_identification:_identify(experiment_logs/T3_intermittent_asymmetric/run_2) by extension 'ros'
[0.667s] Level 1:colcon.colcon_core.package_identification:_identify(experiment_logs/T3_intermittent_asymmetric/run_2) by extensions ['cmake', 'python']
[0.667s] Level 1:colcon.colcon_core.package_identification:_identify(experiment_logs/T3_intermittent_asymmetric/run_2) by extension 'cmake'
[0.667s] Level 1:colcon.colcon_core.package_identification:_identify(experiment_logs/T3_intermittent_asymmetric/run_2) by extension 'python'
[0.667s] Level 1:colcon.colcon_core.package_identification:_identify(experiment_logs/T3_intermittent_asymmetric/run_2) by extensions ['python_setup_py']
[0.667s] Level 1:colcon.colcon_core.package_identification:_identify(experiment_logs/T3_intermittent_asymmetric/run_2) by extension 'python_setup_py'
[0.667s] Level 1:colcon.colcon_core.package_identification:_identify(experiment_logs/T3_intermittent_asymmetric/run_3) by extensions ['ignore', 'ignore_ament_install']
[0.667s] Level 1:colcon.colcon_core.package_identification:_identify(experiment_logs/T3_intermittent_asymmetric/run_3) by extension 'ignore'
[0.667s] Level 1:colcon.colcon_core.package_identification:_identify(experiment_logs/T3_intermittent_asymmetric/run_3) by extension 'ignore_ament_install'
[0.667s] Level 1:colcon.colcon_core.package_identification:_identify(experiment_logs/T3_intermittent_asymmetric/run_3) by extensions ['colcon_pkg']
[0.667s] Level 1:colcon.colcon_core.package_identification:_identify(experiment_logs/T3_intermittent_asymmetric/run_3) by extension 'colcon_pkg'
[0.668s] Level 1:colcon.colcon_core.package_identification:_identify(experiment_logs/T3_intermittent_asymmetric/run_3) by extensions ['colcon_meta']
[0.668s] Level 1:colcon.colcon_core.package_identification:_identify(experiment_logs/T3_intermittent_asymmetric/run_3) by extension 'colcon_meta'
[0.668s] Level 1:colcon.colcon_core.package_identification:_identify(experiment_logs/T3_intermittent_asymmetric/run_3) by extensions ['ros']
[0.668s] Level 1:colcon.colcon_core.package_identification:_identify(experiment_logs/T3_intermittent_asymmetric/run_3) by extension 'ros'
[0.668s] Level 1:colcon.colcon_core.package_identification:_identify(experiment_logs/T3_intermittent_asymmetric/run_3) by extensions ['cmake', 'python']
[0.668s] Level 1:colcon.colcon_core.package_identification:_identify(experiment_logs/T3_intermittent_asymmetric/run_3) by extension 'cmake'
[0.668s] Level 1:colcon.colcon_core.package_identification:_identify(experiment_logs/T3_intermittent_asymmetric/run_3) by extension 'python'
[0.668s] Level 1:colcon.colcon_core.package_identification:_identify(experiment_logs/T3_intermittent_asymmetric/run_3) by extensions ['python_setup_py']
[0.668s] Level 1:colcon.colcon_core.package_identification:_identify(experiment_logs/T3_intermittent_asymmetric/run_3) by extension 'python_setup_py'
[0.668s] Level 1:colcon.colcon_core.package_identification:_identify(install) by extensions ['ignore', 'ignore_ament_install']
[0.668s] Level 1:colcon.colcon_core.package_identification:_identify(install) by extension 'ignore'
[0.668s] Level 1:colcon.colcon_core.package_identification:_identify(install) ignored
[0.668s] Level 1:colcon.colcon_core.package_identification:_identify(log) by extensions ['ignore', 'ignore_ament_install']
[0.668s] Level 1:colcon.colcon_core.package_identification:_identify(log) by extension 'ignore'
[0.668s] Level 1:colcon.colcon_core.package_identification:_identify(log) ignored
[0.669s] Level 1:colcon.colcon_core.package_identification:_identify(src) by extensions ['ignore', 'ignore_ament_install']
[0.669s] Level 1:colcon.colcon_core.package_identification:_identify(src) by extension 'ignore'
[0.669s] Level 1:colcon.colcon_core.package_identification:_identify(src) by extension 'ignore_ament_install'
[0.669s] Level 1:colcon.colcon_core.package_identification:_identify(src) by extensions ['colcon_pkg']
[0.669s] Level 1:colcon.colcon_core.package_identification:_identify(src) by extension 'colcon_pkg'
[0.669s] Level 1:colcon.colcon_core.package_identification:_identify(src) by extensions ['colcon_meta']
[0.669s] Level 1:colcon.colcon_core.package_identification:_identify(src) by extension 'colcon_meta'
[0.669s] Level 1:colcon.colcon_core.package_identification:_identify(src) by extensions ['ros']
[0.669s] Level 1:colcon.colcon_core.package_identification:_identify(src) by extension 'ros'
[0.669s] Level 1:colcon.colcon_core.package_identification:_identify(src) by extensions ['cmake', 'python']
[0.669s] Level 1:colcon.colcon_core.package_identification:_identify(src) by extension 'cmake'
[0.669s] Level 1:colcon.colcon_core.package_identification:_identify(src) by extension 'python'
[0.669s] Level 1:colcon.colcon_core.package_identification:_identify(src) by extensions ['python_setup_py']
[0.669s] Level 1:colcon.colcon_core.package_identification:_identify(src) by extension 'python_setup_py'
[0.669s] Level 1:colcon.colcon_core.package_identification:_identify(src/central_swarm_control) by extensions ['ignore', 'ignore_ament_install']
[0.670s] Level 1:colcon.colcon_core.package_identification:_identify(src/central_swarm_control) by extension 'ignore'
[0.670s] Level 1:colcon.colcon_core.package_identification:_identify(src/central_swarm_control) by extension 'ignore_ament_install'
[0.670s] Level 1:colcon.colcon_core.package_identification:_identify(src/central_swarm_control) by extensions ['colcon_pkg']
[0.670s] Level 1:colcon.colcon_core.package_identification:_identify(src/central_swarm_control) by extension 'colcon_pkg'
[0.670s] Level 1:colcon.colcon_core.package_identification:_identify(src/central_swarm_control) by extensions ['colcon_meta']
[0.670s] Level 1:colcon.colcon_core.package_identification:_identify(src/central_swarm_control) by extension 'colcon_meta'
[0.670s] Level 1:colcon.colcon_core.package_identification:_identify(src/central_swarm_control) by extensions ['ros']
[0.670s] Level 1:colcon.colcon_core.package_identification:_identify(src/central_swarm_control) by extension 'ros'
[0.675s] DEBUG:colcon.colcon_core.package_identification:Package 'src/central_swarm_control' with type 'ros.ament_python' and name 'central_swarm_control'
[0.675s] Level 1:colcon.colcon_core.package_identification:_identify(src/crazyswarm2) by extensions ['ignore', 'ignore_ament_install']
[0.675s] Level 1:colcon.colcon_core.package_identification:_identify(src/crazyswarm2) by extension 'ignore'
[0.675s] Level 1:colcon.colcon_core.package_identification:_identify(src/crazyswarm2) by extension 'ignore_ament_install'
[0.675s] Level 1:colcon.colcon_core.package_identification:_identify(src/crazyswarm2) by extensions ['colcon_pkg']
[0.675s] Level 1:colcon.colcon_core.package_identification:_identify(src/crazyswarm2) by extension 'colcon_pkg'
[0.675s] Level 1:colcon.colcon_core.package_identification:_identify(src/crazyswarm2) by extensions ['colcon_meta']
[0.675s] Level 1:colcon.colcon_core.package_identification:_identify(src/crazyswarm2) by extension 'colcon_meta'
[0.675s] Level 1:colcon.colcon_core.package_identification:_identify(src/crazyswarm2) by extensions ['ros']
[0.675s] Level 1:colcon.colcon_core.package_identification:_identify(src/crazyswarm2) by extension 'ros'
[0.676s] Level 1:colcon.colcon_core.package_identification:_identify(src/crazyswarm2) by extensions ['cmake', 'python']
[0.676s] Level 1:colcon.colcon_core.package_identification:_identify(src/crazyswarm2) by extension 'cmake'
[0.676s] Level 1:colcon.colcon_core.package_identification:_identify(src/crazyswarm2) by extension 'python'
[0.676s] Level 1:colcon.colcon_core.package_identification:_identify(src/crazyswarm2) by extensions ['python_setup_py']
[0.676s] Level 1:colcon.colcon_core.package_identification:_identify(src/crazyswarm2) by extension 'python_setup_py'
[0.676s] Level 1:colcon.colcon_core.package_identification:_identify(src/crazyswarm2/crazyflie) by extensions ['ignore', 'ignore_ament_install']
[0.676s] Level 1:colcon.colcon_core.package_identification:_identify(src/crazyswarm2/crazyflie) by extension 'ignore'
[0.676s] Level 1:colcon.colcon_core.package_identification:_identify(src/crazyswarm2/crazyflie) by extension 'ignore_ament_install'
[0.676s] Level 1:colcon.colcon_core.package_identification:_identify(src/crazyswarm2/crazyflie) by extensions ['colcon_pkg']
[0.676s] Level 1:colcon.colcon_core.package_identification:_identify(src/crazyswarm2/crazyflie) by extension 'colcon_pkg'
[0.676s] Level 1:colcon.colcon_core.package_identification:_identify(src/crazyswarm2/crazyflie) by extensions ['colcon_meta']
[0.676s] Level 1:colcon.colcon_core.package_identification:_identify(src/crazyswarm2/crazyflie) by extension 'colcon_meta'
[0.676s] Level 1:colcon.colcon_core.package_identification:_identify(src/crazyswarm2/crazyflie) by extensions ['ros']
[0.676s] Level 1:colcon.colcon_core.package_identification:_identify(src/crazyswarm2/crazyflie) by extension 'ros'
[0.679s] DEBUG:colcon.colcon_core.package_identification:Package 'src/crazyswarm2/crazyflie' with type 'ros.ament_cmake' and name 'crazyflie'
[0.679s] Level 1:colcon.colcon_core.package_identification:_identify(src/crazyswarm2/crazyflie_examples) by extensions ['ignore', 'ignore_ament_install']
[0.679s] Level 1:colcon.colcon_core.package_identification:_identify(src/crazyswarm2/crazyflie_examples) by extension 'ignore'
[0.679s] Level 1:colcon.colcon_core.package_identification:_identify(src/crazyswarm2/crazyflie_examples) by extension 'ignore_ament_install'
[0.679s] Level 1:colcon.colcon_core.package_identification:_identify(src/crazyswarm2/crazyflie_examples) by extensions ['colcon_pkg']
[0.679s] Level 1:colcon.colcon_core.package_identification:_identify(src/crazyswarm2/crazyflie_examples) by extension 'colcon_pkg'
[0.679s] Level 1:colcon.colcon_core.package_identification:_identify(src/crazyswarm2/crazyflie_examples) by extensions ['colcon_meta']
[0.679s] Level 1:colcon.colcon_core.package_identification:_identify(src/crazyswarm2/crazyflie_examples) by extension 'colcon_meta'
[0.679s] Level 1:colcon.colcon_core.package_identification:_identify(src/crazyswarm2/crazyflie_examples) by extensions ['ros']
[0.679s] Level 1:colcon.colcon_core.package_identification:_identify(src/crazyswarm2/crazyflie_examples) by extension 'ros'
[0.680s] DEBUG:colcon.colcon_core.package_identification:Package 'src/crazyswarm2/crazyflie_examples' with type 'ros.ament_cmake' and name 'crazyflie_examples'
[0.681s] Level 1:colcon.colcon_core.package_identification:_identify(src/crazyswarm2/crazyflie_interfaces) by extensions ['ignore', 'ignore_ament_install']
[0.681s] Level 1:colcon.colcon_core.package_identification:_identify(src/crazyswarm2/crazyflie_interfaces) by extension 'ignore'
[0.681s] Level 1:colcon.colcon_core.package_identification:_identify(src/crazyswarm2/crazyflie_interfaces) by extension 'ignore_ament_install'
[0.681s] Level 1:colcon.colcon_core.package_identification:_identify(src/crazyswarm2/crazyflie_interfaces) by extensions ['colcon_pkg']
[0.681s] Level 1:colcon.colcon_core.package_identification:_identify(src/crazyswarm2/crazyflie_interfaces) by extension 'colcon_pkg'
[0.681s] Level 1:colcon.colcon_core.package_identification:_identify(src/crazyswarm2/crazyflie_interfaces) by extensions ['colcon_meta']
[0.681s] Level 1:colcon.colcon_core.package_identification:_identify(src/crazyswarm2/crazyflie_interfaces) by extension 'colcon_meta'
[0.681s] Level 1:colcon.colcon_core.package_identification:_identify(src/crazyswarm2/crazyflie_interfaces) by extensions ['ros']
[0.681s] Level 1:colcon.colcon_core.package_identification:_identify(src/crazyswarm2/crazyflie_interfaces) by extension 'ros'
[0.682s] DEBUG:colcon.colcon_core.package_identification:Package 'src/crazyswarm2/crazyflie_interfaces' with type 'ros.ament_cmake' and name 'crazyflie_interfaces'
[0.682s] Level 1:colcon.colcon_core.package_identification:_identify(src/crazyswarm2/crazyflie_py) by extensions ['ignore', 'ignore_ament_install']
[0.682s] Level 1:colcon.colcon_core.package_identification:_identify(src/crazyswarm2/crazyflie_py) by extension 'ignore'
[0.683s] Level 1:colcon.colcon_core.package_identification:_identify(src/crazyswarm2/crazyflie_py) by extension 'ignore_ament_install'
[0.683s] Level 1:colcon.colcon_core.package_identification:_identify(src/crazyswarm2/crazyflie_py) by extensions ['colcon_pkg']
[0.683s] Level 1:colcon.colcon_core.package_identification:_identify(src/crazyswarm2/crazyflie_py) by extension 'colcon_pkg'
[0.683s] Level 1:colcon.colcon_core.package_identification:_identify(src/crazyswarm2/crazyflie_py) by extensions ['colcon_meta']
[0.683s] Level 1:colcon.colcon_core.package_identification:_identify(src/crazyswarm2/crazyflie_py) by extension 'colcon_meta'
[0.683s] Level 1:colcon.colcon_core.package_identification:_identify(src/crazyswarm2/crazyflie_py) by extensions ['ros']
[0.683s] Level 1:colcon.colcon_core.package_identification:_identify(src/crazyswarm2/crazyflie_py) by extension 'ros'
[0.684s] DEBUG:colcon.colcon_core.package_identification:Package 'src/crazyswarm2/crazyflie_py' with type 'ros.ament_python' and name 'crazyflie_py'
[0.684s] Level 1:colcon.colcon_core.package_identification:_identify(src/crazyswarm2/crazyflie_sim) by extensions ['ignore', 'ignore_ament_install']
[0.685s] Level 1:colcon.colcon_core.package_identification:_identify(src/crazyswarm2/crazyflie_sim) by extension 'ignore'
[0.685s] Level 1:colcon.colcon_core.package_identification:_identify(src/crazyswarm2/crazyflie_sim) by extension 'ignore_ament_install'
[0.685s] Level 1:colcon.colcon_core.package_identification:_identify(src/crazyswarm2/crazyflie_sim) by extensions ['colcon_pkg']
[0.685s] Level 1:colcon.colcon_core.package_identification:_identify(src/crazyswarm2/crazyflie_sim) by extension 'colcon_pkg'
[0.685s] Level 1:colcon.colcon_core.package_identification:_identify(src/crazyswarm2/crazyflie_sim) by extensions ['colcon_meta']
[0.685s] Level 1:colcon.colcon_core.package_identification:_identify(src/crazyswarm2/crazyflie_sim) by extension 'colcon_meta'
[0.685s] Level 1:colcon.colcon_core.package_identification:_identify(src/crazyswarm2/crazyflie_sim) by extensions ['ros']
[0.685s] Level 1:colcon.colcon_core.package_identification:_identify(src/crazyswarm2/crazyflie_sim) by extension 'ros'
[0.686s] DEBUG:colcon.colcon_core.package_identification:Package 'src/crazyswarm2/crazyflie_sim' with type 'ros.ament_cmake' and name 'crazyflie_sim'
[0.686s] Level 1:colcon.colcon_core.package_identification:_identify(src/crazyswarm2/docs) by extensions ['ignore', 'ignore_ament_install']
[0.686s] Level 1:colcon.colcon_core.package_identification:_identify(src/crazyswarm2/docs) by extension 'ignore'
[0.686s] Level 1:colcon.colcon_core.package_identification:_identify(src/crazyswarm2/docs) by extension 'ignore_ament_install'
[0.686s] Level 1:colcon.colcon_core.package_identification:_identify(src/crazyswarm2/docs) by extensions ['colcon_pkg']
[0.686s] Level 1:colcon.colcon_core.package_identification:_identify(src/crazyswarm2/docs) by extension 'colcon_pkg'
[0.686s] Level 1:colcon.colcon_core.package_identification:_identify(src/crazyswarm2/docs) by extensions ['colcon_meta']
[0.686s] Level 1:colcon.colcon_core.package_identification:_identify(src/crazyswarm2/docs) by extension 'colcon_meta'
[0.687s] Level 1:colcon.colcon_core.package_identification:_identify(src/crazyswarm2/docs) by extensions ['ros']
[0.687s] Level 1:colcon.colcon_core.package_identification:_identify(src/crazyswarm2/docs) by extension 'ros'
[0.687s] Level 1:colcon.colcon_core.package_identification:_identify(src/crazyswarm2/docs) by extensions ['cmake', 'python']
[0.687s] Level 1:colcon.colcon_core.package_identification:_identify(src/crazyswarm2/docs) by extension 'cmake'
[0.687s] Level 1:colcon.colcon_core.package_identification:_identify(src/crazyswarm2/docs) by extension 'python'
[0.687s] Level 1:colcon.colcon_core.package_identification:_identify(src/crazyswarm2/docs) by extensions ['python_setup_py']
[0.687s] Level 1:colcon.colcon_core.package_identification:_identify(src/crazyswarm2/docs) by extension 'python_setup_py'
[0.687s] Level 1:colcon.colcon_core.package_identification:_identify(src/crazyswarm2/docs/generated) by extensions ['ignore', 'ignore_ament_install']
[0.687s] Level 1:colcon.colcon_core.package_identification:_identify(src/crazyswarm2/docs/generated) by extension 'ignore'
[0.687s] Level 1:colcon.colcon_core.package_identification:_identify(src/crazyswarm2/docs/generated) by extension 'ignore_ament_install'
[0.687s] Level 1:colcon.colcon_core.package_identification:_identify(src/crazyswarm2/docs/generated) by extensions ['colcon_pkg']
[0.687s] Level 1:colcon.colcon_core.package_identification:_identify(src/crazyswarm2/docs/generated) by extension 'colcon_pkg'
[0.687s] Level 1:colcon.colcon_core.package_identification:_identify(src/crazyswarm2/docs/generated) by extensions ['colcon_meta']
[0.687s] Level 1:colcon.colcon_core.package_identification:_identify(src/crazyswarm2/docs/generated) by extension 'colcon_meta'
[0.687s] Level 1:colcon.colcon_core.package_identification:_identify(src/crazyswarm2/docs/generated) by extensions ['ros']
[0.687s] Level 1:colcon.colcon_core.package_identification:_identify(src/crazyswarm2/docs/generated) by extension 'ros'
[0.688s] Level 1:colcon.colcon_core.package_identification:_identify(src/crazyswarm2/docs/generated) by extensions ['cmake', 'python']
[0.688s] Level 1:colcon.colcon_core.package_identification:_identify(src/crazyswarm2/docs/generated) by extension 'cmake'
[0.688s] Level 1:colcon.colcon_core.package_identification:_identify(src/crazyswarm2/docs/generated) by extension 'python'
[0.688s] Level 1:colcon.colcon_core.package_identification:_identify(src/crazyswarm2/docs/generated) by extensions ['python_setup_py']
[0.688s] Level 1:colcon.colcon_core.package_identification:_identify(src/crazyswarm2/docs/generated) by extension 'python_setup_py'
[0.688s] Level 1:colcon.colcon_core.package_identification:_identify(src/crazyswarm2/docs/howto) by extensions ['ignore', 'ignore_ament_install']
[0.688s] Level 1:colcon.colcon_core.package_identification:_identify(src/crazyswarm2/docs/howto) by extension 'ignore'
[0.688s] Level 1:colcon.colcon_core.package_identification:_identify(src/crazyswarm2/docs/howto) by extension 'ignore_ament_install'
[0.688s] Level 1:colcon.colcon_core.package_identification:_identify(src/crazyswarm2/docs/howto) by extensions ['colcon_pkg']
[0.688s] Level 1:colcon.colcon_core.package_identification:_identify(src/crazyswarm2/docs/howto) by extension 'colcon_pkg'
[0.688s] Level 1:colcon.colcon_core.package_identification:_identify(src/crazyswarm2/docs/howto) by extensions ['colcon_meta']
[0.688s] Level 1:colcon.colcon_core.package_identification:_identify(src/crazyswarm2/docs/howto) by extension 'colcon_meta'
[0.688s] Level 1:colcon.colcon_core.package_identification:_identify(src/crazyswarm2/docs/howto) by extensions ['ros']
[0.688s] Level 1:colcon.colcon_core.package_identification:_identify(src/crazyswarm2/docs/howto) by extension 'ros'
[0.689s] Level 1:colcon.colcon_core.package_identification:_identify(src/crazyswarm2/docs/howto) by extensions ['cmake', 'python']
[0.689s] Level 1:colcon.colcon_core.package_identification:_identify(src/crazyswarm2/docs/howto) by extension 'cmake'
[0.689s] Level 1:colcon.colcon_core.package_identification:_identify(src/crazyswarm2/docs/howto) by extension 'python'
[0.689s] Level 1:colcon.colcon_core.package_identification:_identify(src/crazyswarm2/docs/howto) by extensions ['python_setup_py']
[0.689s] Level 1:colcon.colcon_core.package_identification:_identify(src/crazyswarm2/docs/howto) by extension 'python_setup_py'
[0.689s] Level 1:colcon.colcon_core.package_identification:_identify(src/crazyswarm2/docs/images) by extensions ['ignore', 'ignore_ament_install']
[0.689s] Level 1:colcon.colcon_core.package_identification:_identify(src/crazyswarm2/docs/images) by extension 'ignore'
[0.689s] Level 1:colcon.colcon_core.package_identification:_identify(src/crazyswarm2/docs/images) by extension 'ignore_ament_install'
[0.689s] Level 1:colcon.colcon_core.package_identification:_identify(src/crazyswarm2/docs/images) by extensions ['colcon_pkg']
[0.689s] Level 1:colcon.colcon_core.package_identification:_identify(src/crazyswarm2/docs/images) by extension 'colcon_pkg'
[0.689s] Level 1:colcon.colcon_core.package_identification:_identify(src/crazyswarm2/docs/images) by extensions ['colcon_meta']
[0.689s] Level 1:colcon.colcon_core.package_identification:_identify(src/crazyswarm2/docs/images) by extension 'colcon_meta'
[0.690s] Level 1:colcon.colcon_core.package_identification:_identify(src/crazyswarm2/docs/images) by extensions ['ros']
[0.690s] Level 1:colcon.colcon_core.package_identification:_identify(src/crazyswarm2/docs/images) by extension 'ros'
[0.690s] Level 1:colcon.colcon_core.package_identification:_identify(src/crazyswarm2/docs/images) by extensions ['cmake', 'python']
[0.690s] Level 1:colcon.colcon_core.package_identification:_identify(src/crazyswarm2/docs/images) by extension 'cmake'
[0.690s] Level 1:colcon.colcon_core.package_identification:_identify(src/crazyswarm2/docs/images) by extension 'python'
[0.690s] Level 1:colcon.colcon_core.package_identification:_identify(src/crazyswarm2/docs/images) by extensions ['python_setup_py']
[0.690s] Level 1:colcon.colcon_core.package_identification:_identify(src/crazyswarm2/docs/images) by extension 'python_setup_py'
[0.690s] Level 1:colcon.colcon_core.package_identification:_identify(src/crazyswarm2/docs/tutorials) by extensions ['ignore', 'ignore_ament_install']
[0.690s] Level 1:colcon.colcon_core.package_identification:_identify(src/crazyswarm2/docs/tutorials) by extension 'ignore'
[0.690s] Level 1:colcon.colcon_core.package_identification:_identify(src/crazyswarm2/docs/tutorials) by extension 'ignore_ament_install'
[0.691s] Level 1:colcon.colcon_core.package_identification:_identify(src/crazyswarm2/docs/tutorials) by extensions ['colcon_pkg']
[0.691s] Level 1:colcon.colcon_core.package_identification:_identify(src/crazyswarm2/docs/tutorials) by extension 'colcon_pkg'
[0.691s] Level 1:colcon.colcon_core.package_identification:_identify(src/crazyswarm2/docs/tutorials) by extensions ['colcon_meta']
[0.691s] Level 1:colcon.colcon_core.package_identification:_identify(src/crazyswarm2/docs/tutorials) by extension 'colcon_meta'
[0.691s] Level 1:colcon.colcon_core.package_identification:_identify(src/crazyswarm2/docs/tutorials) by extensions ['ros']
[0.691s] Level 1:colcon.colcon_core.package_identification:_identify(src/crazyswarm2/docs/tutorials) by extension 'ros'
[0.691s] Level 1:colcon.colcon_core.package_identification:_identify(src/crazyswarm2/docs/tutorials) by extensions ['cmake', 'python']
[0.691s] Level 1:colcon.colcon_core.package_identification:_identify(src/crazyswarm2/docs/tutorials) by extension 'cmake'
[0.691s] Level 1:colcon.colcon_core.package_identification:_identify(src/crazyswarm2/docs/tutorials) by extension 'python'
[0.691s] Level 1:colcon.colcon_core.package_identification:_identify(src/crazyswarm2/docs/tutorials) by extensions ['python_setup_py']
[0.691s] Level 1:colcon.colcon_core.package_identification:_identify(src/crazyswarm2/docs/tutorials) by extension 'python_setup_py'
[0.691s] Level 1:colcon.colcon_core.package_identification:_identify(src/crazyswarm2/docs2) by extensions ['ignore', 'ignore_ament_install']
[0.692s] Level 1:colcon.colcon_core.package_identification:_identify(src/crazyswarm2/docs2) by extension 'ignore'
[0.692s] Level 1:colcon.colcon_core.package_identification:_identify(src/crazyswarm2/docs2) by extension 'ignore_ament_install'
[0.692s] Level 1:colcon.colcon_core.package_identification:_identify(src/crazyswarm2/docs2) by extensions ['colcon_pkg']
[0.692s] Level 1:colcon.colcon_core.package_identification:_identify(src/crazyswarm2/docs2) by extension 'colcon_pkg'
[0.692s] Level 1:colcon.colcon_core.package_identification:_identify(src/crazyswarm2/docs2) by extensions ['colcon_meta']
[0.692s] Level 1:colcon.colcon_core.package_identification:_identify(src/crazyswarm2/docs2) by extension 'colcon_meta'
[0.692s] Level 1:colcon.colcon_core.package_identification:_identify(src/crazyswarm2/docs2) by extensions ['ros']
[0.692s] Level 1:colcon.colcon_core.package_identification:_identify(src/crazyswarm2/docs2) by extension 'ros'
[0.692s] Level 1:colcon.colcon_core.package_identification:_identify(src/crazyswarm2/docs2) by extensions ['cmake', 'python']
[0.692s] Level 1:colcon.colcon_core.package_identification:_identify(src/crazyswarm2/docs2) by extension 'cmake'
[0.692s] Level 1:colcon.colcon_core.package_identification:_identify(src/crazyswarm2/docs2) by extension 'python'
[0.692s] Level 1:colcon.colcon_core.package_identification:_identify(src/crazyswarm2/docs2) by extensions ['python_setup_py']
[0.692s] Level 1:colcon.colcon_core.package_identification:_identify(src/crazyswarm2/docs2) by extension 'python_setup_py'
[0.693s] Level 1:colcon.colcon_core.package_identification:_identify(src/crazyswarm2/docs2/images) by extensions ['ignore', 'ignore_ament_install']
[0.693s] Level 1:colcon.colcon_core.package_identification:_identify(src/crazyswarm2/docs2/images) by extension 'ignore'
[0.693s] Level 1:colcon.colcon_core.package_identification:_identify(src/crazyswarm2/docs2/images) by extension 'ignore_ament_install'
[0.693s] Level 1:colcon.colcon_core.package_identification:_identify(src/crazyswarm2/docs2/images) by extensions ['colcon_pkg']
[0.693s] Level 1:colcon.colcon_core.package_identification:_identify(src/crazyswarm2/docs2/images) by extension 'colcon_pkg'
[0.693s] Level 1:colcon.colcon_core.package_identification:_identify(src/crazyswarm2/docs2/images) by extensions ['colcon_meta']
[0.693s] Level 1:colcon.colcon_core.package_identification:_identify(src/crazyswarm2/docs2/images) by extension 'colcon_meta'
[0.693s] Level 1:colcon.colcon_core.package_identification:_identify(src/crazyswarm2/docs2/images) by extensions ['ros']
[0.693s] Level 1:colcon.colcon_core.package_identification:_identify(src/crazyswarm2/docs2/images) by extension 'ros'
[0.693s] Level 1:colcon.colcon_core.package_identification:_identify(src/crazyswarm2/docs2/images) by extensions ['cmake', 'python']
[0.693s] Level 1:colcon.colcon_core.package_identification:_identify(src/crazyswarm2/docs2/images) by extension 'cmake'
[0.693s] Level 1:colcon.colcon_core.package_identification:_identify(src/crazyswarm2/docs2/images) by extension 'python'
[0.693s] Level 1:colcon.colcon_core.package_identification:_identify(src/crazyswarm2/docs2/images) by extensions ['python_setup_py']
[0.693s] Level 1:colcon.colcon_core.package_identification:_identify(src/crazyswarm2/docs2/images) by extension 'python_setup_py'
[0.694s] Level 1:colcon.colcon_core.package_identification:_identify(src/crazyswarm2/prebuilt) by extensions ['ignore', 'ignore_ament_install']
[0.694s] Level 1:colcon.colcon_core.package_identification:_identify(src/crazyswarm2/prebuilt) by extension 'ignore'
[0.694s] Level 1:colcon.colcon_core.package_identification:_identify(src/crazyswarm2/prebuilt) by extension 'ignore_ament_install'
[0.694s] Level 1:colcon.colcon_core.package_identification:_identify(src/crazyswarm2/prebuilt) by extensions ['colcon_pkg']
[0.694s] Level 1:colcon.colcon_core.package_identification:_identify(src/crazyswarm2/prebuilt) by extension 'colcon_pkg'
[0.694s] Level 1:colcon.colcon_core.package_identification:_identify(src/crazyswarm2/prebuilt) by extensions ['colcon_meta']
[0.694s] Level 1:colcon.colcon_core.package_identification:_identify(src/crazyswarm2/prebuilt) by extension 'colcon_meta'
[0.694s] Level 1:colcon.colcon_core.package_identification:_identify(src/crazyswarm2/prebuilt) by extensions ['ros']
[0.694s] Level 1:colcon.colcon_core.package_identification:_identify(src/crazyswarm2/prebuilt) by extension 'ros'
[0.694s] Level 1:colcon.colcon_core.package_identification:_identify(src/crazyswarm2/prebuilt) by extensions ['cmake', 'python']
[0.694s] Level 1:colcon.colcon_core.package_identification:_identify(src/crazyswarm2/prebuilt) by extension 'cmake'
[0.694s] Level 1:colcon.colcon_core.package_identification:_identify(src/crazyswarm2/prebuilt) by extension 'python'
[0.694s] Level 1:colcon.colcon_core.package_identification:_identify(src/crazyswarm2/prebuilt) by extensions ['python_setup_py']
[0.694s] Level 1:colcon.colcon_core.package_identification:_identify(src/crazyswarm2/prebuilt) by extension 'python_setup_py'
[0.694s] Level 1:colcon.colcon_core.package_identification:_identify(src/crazyswarm2/ros_ws) by extensions ['ignore', 'ignore_ament_install']
[0.695s] Level 1:colcon.colcon_core.package_identification:_identify(src/crazyswarm2/ros_ws) by extension 'ignore'
[0.695s] Level 1:colcon.colcon_core.package_identification:_identify(src/crazyswarm2/ros_ws) by extension 'ignore_ament_install'
[0.695s] Level 1:colcon.colcon_core.package_identification:_identify(src/crazyswarm2/ros_ws) by extensions ['colcon_pkg']
[0.695s] Level 1:colcon.colcon_core.package_identification:_identify(src/crazyswarm2/ros_ws) by extension 'colcon_pkg'
[0.695s] Level 1:colcon.colcon_core.package_identification:_identify(src/crazyswarm2/ros_ws) by extensions ['colcon_meta']
[0.695s] Level 1:colcon.colcon_core.package_identification:_identify(src/crazyswarm2/ros_ws) by extension 'colcon_meta'
[0.695s] Level 1:colcon.colcon_core.package_identification:_identify(src/crazyswarm2/ros_ws) by extensions ['ros']
[0.695s] Level 1:colcon.colcon_core.package_identification:_identify(src/crazyswarm2/ros_ws) by extension 'ros'
[0.695s] Level 1:colcon.colcon_core.package_identification:_identify(src/crazyswarm2/ros_ws) by extensions ['cmake', 'python']
[0.695s] Level 1:colcon.colcon_core.package_identification:_identify(src/crazyswarm2/ros_ws) by extension 'cmake'
[0.695s] Level 1:colcon.colcon_core.package_identification:_identify(src/crazyswarm2/ros_ws) by extension 'python'
[0.695s] Level 1:colcon.colcon_core.package_identification:_identify(src/crazyswarm2/ros_ws) by extensions ['python_setup_py']
[0.695s] Level 1:colcon.colcon_core.package_identification:_identify(src/crazyswarm2/ros_ws) by extension 'python_setup_py'
[0.696s] Level 1:colcon.colcon_core.package_identification:_identify(src/crazyswarm2/ros_ws/src) by extensions ['ignore', 'ignore_ament_install']
[0.696s] Level 1:colcon.colcon_core.package_identification:_identify(src/crazyswarm2/ros_ws/src) by extension 'ignore'
[0.696s] Level 1:colcon.colcon_core.package_identification:_identify(src/crazyswarm2/ros_ws/src) by extension 'ignore_ament_install'
[0.696s] Level 1:colcon.colcon_core.package_identification:_identify(src/crazyswarm2/ros_ws/src) by extensions ['colcon_pkg']
[0.696s] Level 1:colcon.colcon_core.package_identification:_identify(src/crazyswarm2/ros_ws/src) by extension 'colcon_pkg'
[0.696s] Level 1:colcon.colcon_core.package_identification:_identify(src/crazyswarm2/ros_ws/src) by extensions ['colcon_meta']
[0.696s] Level 1:colcon.colcon_core.package_identification:_identify(src/crazyswarm2/ros_ws/src) by extension 'colcon_meta'
[0.696s] Level 1:colcon.colcon_core.package_identification:_identify(src/crazyswarm2/ros_ws/src) by extensions ['ros']
[0.696s] Level 1:colcon.colcon_core.package_identification:_identify(src/crazyswarm2/ros_ws/src) by extension 'ros'
[0.696s] Level 1:colcon.colcon_core.package_identification:_identify(src/crazyswarm2/ros_ws/src) by extensions ['cmake', 'python']
[0.696s] Level 1:colcon.colcon_core.package_identification:_identify(src/crazyswarm2/ros_ws/src) by extension 'cmake'
[0.696s] Level 1:colcon.colcon_core.package_identification:_identify(src/crazyswarm2/ros_ws/src) by extension 'python'
[0.696s] Level 1:colcon.colcon_core.package_identification:_identify(src/crazyswarm2/ros_ws/src) by extensions ['python_setup_py']
[0.696s] Level 1:colcon.colcon_core.package_identification:_identify(src/crazyswarm2/ros_ws/src) by extension 'python_setup_py'
[0.696s] Level 1:colcon.colcon_core.package_identification:_identify(src/crazyswarm2/ros_ws/src/crazyswarm) by extensions ['ignore', 'ignore_ament_install']
[0.697s] Level 1:colcon.colcon_core.package_identification:_identify(src/crazyswarm2/ros_ws/src/crazyswarm) by extension 'ignore'
[0.697s] Level 1:colcon.colcon_core.package_identification:_identify(src/crazyswarm2/ros_ws/src/crazyswarm) by extension 'ignore_ament_install'
[0.697s] Level 1:colcon.colcon_core.package_identification:_identify(src/crazyswarm2/ros_ws/src/crazyswarm) by extensions ['colcon_pkg']
[0.697s] Level 1:colcon.colcon_core.package_identification:_identify(src/crazyswarm2/ros_ws/src/crazyswarm) by extension 'colcon_pkg'
[0.697s] Level 1:colcon.colcon_core.package_identification:_identify(src/crazyswarm2/ros_ws/src/crazyswarm) by extensions ['colcon_meta']
[0.697s] Level 1:colcon.colcon_core.package_identification:_identify(src/crazyswarm2/ros_ws/src/crazyswarm) by extension 'colcon_meta'
[0.697s] Level 1:colcon.colcon_core.package_identification:_identify(src/crazyswarm2/ros_ws/src/crazyswarm) by extensions ['ros']
[0.697s] Level 1:colcon.colcon_core.package_identification:_identify(src/crazyswarm2/ros_ws/src/crazyswarm) by extension 'ros'
[0.697s] Level 1:colcon.colcon_core.package_identification:_identify(src/crazyswarm2/ros_ws/src/crazyswarm) by extensions ['cmake', 'python']
[0.697s] Level 1:colcon.colcon_core.package_identification:_identify(src/crazyswarm2/ros_ws/src/crazyswarm) by extension 'cmake'
[0.697s] Level 1:colcon.colcon_core.package_identification:_identify(src/crazyswarm2/ros_ws/src/crazyswarm) by extension 'python'
[0.697s] Level 1:colcon.colcon_core.package_identification:_identify(src/crazyswarm2/ros_ws/src/crazyswarm) by extensions ['python_setup_py']
[0.697s] Level 1:colcon.colcon_core.package_identification:_identify(src/crazyswarm2/ros_ws/src/crazyswarm) by extension 'python_setup_py'
[0.697s] Level 1:colcon.colcon_core.package_identification:_identify(src/crazyswarm2/ros_ws/src/crazyswarm/launch) by extensions ['ignore', 'ignore_ament_install']
[0.698s] Level 1:colcon.colcon_core.package_identification:_identify(src/crazyswarm2/ros_ws/src/crazyswarm/launch) by extension 'ignore'
[0.698s] Level 1:colcon.colcon_core.package_identification:_identify(src/crazyswarm2/ros_ws/src/crazyswarm/launch) by extension 'ignore_ament_install'
[0.698s] Level 1:colcon.colcon_core.package_identification:_identify(src/crazyswarm2/ros_ws/src/crazyswarm/launch) by extensions ['colcon_pkg']
[0.698s] Level 1:colcon.colcon_core.package_identification:_identify(src/crazyswarm2/ros_ws/src/crazyswarm/launch) by extension 'colcon_pkg'
[0.698s] Level 1:colcon.colcon_core.package_identification:_identify(src/crazyswarm2/ros_ws/src/crazyswarm/launch) by extensions ['colcon_meta']
[0.698s] Level 1:colcon.colcon_core.package_identification:_identify(src/crazyswarm2/ros_ws/src/crazyswarm/launch) by extension 'colcon_meta'
[0.698s] Level 1:colcon.colcon_core.package_identification:_identify(src/crazyswarm2/ros_ws/src/crazyswarm/launch) by extensions ['ros']
[0.698s] Level 1:colcon.colcon_core.package_identification:_identify(src/crazyswarm2/ros_ws/src/crazyswarm/launch) by extension 'ros'
[0.698s] Level 1:colcon.colcon_core.package_identification:_identify(src/crazyswarm2/ros_ws/src/crazyswarm/launch) by extensions ['cmake', 'python']
[0.698s] Level 1:colcon.colcon_core.package_identification:_identify(src/crazyswarm2/ros_ws/src/crazyswarm/launch) by extension 'cmake'
[0.698s] Level 1:colcon.colcon_core.package_identification:_identify(src/crazyswarm2/ros_ws/src/crazyswarm/launch) by extension 'python'
[0.698s] Level 1:colcon.colcon_core.package_identification:_identify(src/crazyswarm2/ros_ws/src/crazyswarm/launch) by extensions ['python_setup_py']
[0.698s] Level 1:colcon.colcon_core.package_identification:_identify(src/crazyswarm2/ros_ws/src/crazyswarm/launch) by extension 'python_setup_py'
[0.698s] Level 1:colcon.colcon_core.package_identification:_identify(src/crazyswarm2/ros_ws/src/crazyswarm/scripts) by extensions ['ignore', 'ignore_ament_install']
[0.698s] Level 1:colcon.colcon_core.package_identification:_identify(src/crazyswarm2/ros_ws/src/crazyswarm/scripts) by extension 'ignore'
[0.699s] Level 1:colcon.colcon_core.package_identification:_identify(src/crazyswarm2/ros_ws/src/crazyswarm/scripts) by extension 'ignore_ament_install'
[0.699s] Level 1:colcon.colcon_core.package_identification:_identify(src/crazyswarm2/ros_ws/src/crazyswarm/scripts) by extensions ['colcon_pkg']
[0.699s] Level 1:colcon.colcon_core.package_identification:_identify(src/crazyswarm2/ros_ws/src/crazyswarm/scripts) by extension 'colcon_pkg'
[0.699s] Level 1:colcon.colcon_core.package_identification:_identify(src/crazyswarm2/ros_ws/src/crazyswarm/scripts) by extensions ['colcon_meta']
[0.699s] Level 1:colcon.colcon_core.package_identification:_identify(src/crazyswarm2/ros_ws/src/crazyswarm/scripts) by extension 'colcon_meta'
[0.699s] Level 1:colcon.colcon_core.package_identification:_identify(src/crazyswarm2/ros_ws/src/crazyswarm/scripts) by extensions ['ros']
[0.699s] Level 1:colcon.colcon_core.package_identification:_identify(src/crazyswarm2/ros_ws/src/crazyswarm/scripts) by extension 'ros'
[0.699s] Level 1:colcon.colcon_core.package_identification:_identify(src/crazyswarm2/ros_ws/src/crazyswarm/scripts) by extensions ['cmake', 'python']
[0.699s] Level 1:colcon.colcon_core.package_identification:_identify(src/crazyswarm2/ros_ws/src/crazyswarm/scripts) by extension 'cmake'
[0.699s] Level 1:colcon.colcon_core.package_identification:_identify(src/crazyswarm2/ros_ws/src/crazyswarm/scripts) by extension 'python'
[0.699s] Level 1:colcon.colcon_core.package_identification:_identify(src/crazyswarm2/ros_ws/src/crazyswarm/scripts) by extensions ['python_setup_py']
[0.699s] Level 1:colcon.colcon_core.package_identification:_identify(src/crazyswarm2/ros_ws/src/crazyswarm/scripts) by extension 'python_setup_py'
[0.699s] Level 1:colcon.colcon_core.package_identification:_identify(src/crazyswarm2/ros_ws/src/crazyswarm/scripts/crossing2_pps) by extensions ['ignore', 'ignore_ament_install']
[0.699s] Level 1:colcon.colcon_core.package_identification:_identify(src/crazyswarm2/ros_ws/src/crazyswarm/scripts/crossing2_pps) by extension 'ignore'
[0.700s] Level 1:colcon.colcon_core.package_identification:_identify(src/crazyswarm2/ros_ws/src/crazyswarm/scripts/crossing2_pps) by extension 'ignore_ament_install'
[0.700s] Level 1:colcon.colcon_core.package_identification:_identify(src/crazyswarm2/ros_ws/src/crazyswarm/scripts/crossing2_pps) by extensions ['colcon_pkg']
[0.700s] Level 1:colcon.colcon_core.package_identification:_identify(src/crazyswarm2/ros_ws/src/crazyswarm/scripts/crossing2_pps) by extension 'colcon_pkg'
[0.700s] Level 1:colcon.colcon_core.package_identification:_identify(src/crazyswarm2/ros_ws/src/crazyswarm/scripts/crossing2_pps) by extensions ['colcon_meta']
[0.700s] Level 1:colcon.colcon_core.package_identification:_identify(src/crazyswarm2/ros_ws/src/crazyswarm/scripts/crossing2_pps) by extension 'colcon_meta'
[0.700s] Level 1:colcon.colcon_core.package_identification:_identify(src/crazyswarm2/ros_ws/src/crazyswarm/scripts/crossing2_pps) by extensions ['ros']
[0.700s] Level 1:colcon.colcon_core.package_identification:_identify(src/crazyswarm2/ros_ws/src/crazyswarm/scripts/crossing2_pps) by extension 'ros'
[0.700s] Level 1:colcon.colcon_core.package_identification:_identify(src/crazyswarm2/ros_ws/src/crazyswarm/scripts/crossing2_pps) by extensions ['cmake', 'python']
[0.700s] Level 1:colcon.colcon_core.package_identification:_identify(src/crazyswarm2/ros_ws/src/crazyswarm/scripts/crossing2_pps) by extension 'cmake'
[0.700s] Level 1:colcon.colcon_core.package_identification:_identify(src/crazyswarm2/ros_ws/src/crazyswarm/scripts/crossing2_pps) by extension 'python'
[0.700s] Level 1:colcon.colcon_core.package_identification:_identify(src/crazyswarm2/ros_ws/src/crazyswarm/scripts/crossing2_pps) by extensions ['python_setup_py']
[0.700s] Level 1:colcon.colcon_core.package_identification:_identify(src/crazyswarm2/ros_ws/src/crazyswarm/scripts/crossing2_pps) by extension 'python_setup_py'
[0.700s] Level 1:colcon.colcon_core.package_identification:_identify(src/crazyswarm2/ros_ws/src/crazyswarm/scripts/crossing4_pps) by extensions ['ignore', 'ignore_ament_install']
[0.700s] Level 1:colcon.colcon_core.package_identification:_identify(src/crazyswarm2/ros_ws/src/crazyswarm/scripts/crossing4_pps) by extension 'ignore'
[0.700s] Level 1:colcon.colcon_core.package_identification:_identify(src/crazyswarm2/ros_ws/src/crazyswarm/scripts/crossing4_pps) by extension 'ignore_ament_install'
[0.701s] Level 1:colcon.colcon_core.package_identification:_identify(src/crazyswarm2/ros_ws/src/crazyswarm/scripts/crossing4_pps) by extensions ['colcon_pkg']
[0.701s] Level 1:colcon.colcon_core.package_identification:_identify(src/crazyswarm2/ros_ws/src/crazyswarm/scripts/crossing4_pps) by extension 'colcon_pkg'
[0.701s] Level 1:colcon.colcon_core.package_identification:_identify(src/crazyswarm2/ros_ws/src/crazyswarm/scripts/crossing4_pps) by extensions ['colcon_meta']
[0.701s] Level 1:colcon.colcon_core.package_identification:_identify(src/crazyswarm2/ros_ws/src/crazyswarm/scripts/crossing4_pps) by extension 'colcon_meta'
[0.701s] Level 1:colcon.colcon_core.package_identification:_identify(src/crazyswarm2/ros_ws/src/crazyswarm/scripts/crossing4_pps) by extensions ['ros']
[0.701s] Level 1:colcon.colcon_core.package_identification:_identify(src/crazyswarm2/ros_ws/src/crazyswarm/scripts/crossing4_pps) by extension 'ros'
[0.701s] Level 1:colcon.colcon_core.package_identification:_identify(src/crazyswarm2/ros_ws/src/crazyswarm/scripts/crossing4_pps) by extensions ['cmake', 'python']
[0.701s] Level 1:colcon.colcon_core.package_identification:_identify(src/crazyswarm2/ros_ws/src/crazyswarm/scripts/crossing4_pps) by extension 'cmake'
[0.701s] Level 1:colcon.colcon_core.package_identification:_identify(src/crazyswarm2/ros_ws/src/crazyswarm/scripts/crossing4_pps) by extension 'python'
[0.701s] Level 1:colcon.colcon_core.package_identification:_identify(src/crazyswarm2/ros_ws/src/crazyswarm/scripts/crossing4_pps) by extensions ['python_setup_py']
[0.701s] Level 1:colcon.colcon_core.package_identification:_identify(src/crazyswarm2/ros_ws/src/crazyswarm/scripts/crossing4_pps) by extension 'python_setup_py'
[0.701s] Level 1:colcon.colcon_core.package_identification:_identify(src/crazyswarm2/ros_ws/src/crazyswarm/scripts/sequence_trajectories) by extensions ['ignore', 'ignore_ament_install']
[0.701s] Level 1:colcon.colcon_core.package_identification:_identify(src/crazyswarm2/ros_ws/src/crazyswarm/scripts/sequence_trajectories) by extension 'ignore'
[0.701s] Level 1:colcon.colcon_core.package_identification:_identify(src/crazyswarm2/ros_ws/src/crazyswarm/scripts/sequence_trajectories) by extension 'ignore_ament_install'
[0.701s] Level 1:colcon.colcon_core.package_identification:_identify(src/crazyswarm2/ros_ws/src/crazyswarm/scripts/sequence_trajectories) by extensions ['colcon_pkg']
[0.702s] Level 1:colcon.colcon_core.package_identification:_identify(src/crazyswarm2/ros_ws/src/crazyswarm/scripts/sequence_trajectories) by extension 'colcon_pkg'
[0.702s] Level 1:colcon.colcon_core.package_identification:_identify(src/crazyswarm2/ros_ws/src/crazyswarm/scripts/sequence_trajectories) by extensions ['colcon_meta']
[0.702s] Level 1:colcon.colcon_core.package_identification:_identify(src/crazyswarm2/ros_ws/src/crazyswarm/scripts/sequence_trajectories) by extension 'colcon_meta'
[0.702s] Level 1:colcon.colcon_core.package_identification:_identify(src/crazyswarm2/ros_ws/src/crazyswarm/scripts/sequence_trajectories) by extensions ['ros']
[0.702s] Level 1:colcon.colcon_core.package_identification:_identify(src/crazyswarm2/ros_ws/src/crazyswarm/scripts/sequence_trajectories) by extension 'ros'
[0.702s] Level 1:colcon.colcon_core.package_identification:_identify(src/crazyswarm2/ros_ws/src/crazyswarm/scripts/sequence_trajectories) by extensions ['cmake', 'python']
[0.702s] Level 1:colcon.colcon_core.package_identification:_identify(src/crazyswarm2/ros_ws/src/crazyswarm/scripts/sequence_trajectories) by extension 'cmake'
[0.702s] Level 1:colcon.colcon_core.package_identification:_identify(src/crazyswarm2/ros_ws/src/crazyswarm/scripts/sequence_trajectories) by extension 'python'
[0.702s] Level 1:colcon.colcon_core.package_identification:_identify(src/crazyswarm2/ros_ws/src/crazyswarm/scripts/sequence_trajectories) by extensions ['python_setup_py']
[0.702s] Level 1:colcon.colcon_core.package_identification:_identify(src/crazyswarm2/ros_ws/src/crazyswarm/scripts/sequence_trajectories) by extension 'python_setup_py'
[0.702s] Level 1:colcon.colcon_core.package_identification:_identify(src/crazyswarm2/ros_ws/src/crazyswarm/scripts/sequence_trajectories/1) by extensions ['ignore', 'ignore_ament_install']
[0.702s] Level 1:colcon.colcon_core.package_identification:_identify(src/crazyswarm2/ros_ws/src/crazyswarm/scripts/sequence_trajectories/1) by extension 'ignore'
[0.702s] Level 1:colcon.colcon_core.package_identification:_identify(src/crazyswarm2/ros_ws/src/crazyswarm/scripts/sequence_trajectories/1) by extension 'ignore_ament_install'
[0.702s] Level 1:colcon.colcon_core.package_identification:_identify(src/crazyswarm2/ros_ws/src/crazyswarm/scripts/sequence_trajectories/1) by extensions ['colcon_pkg']
[0.702s] Level 1:colcon.colcon_core.package_identification:_identify(src/crazyswarm2/ros_ws/src/crazyswarm/scripts/sequence_trajectories/1) by extension 'colcon_pkg'
[0.703s] Level 1:colcon.colcon_core.package_identification:_identify(src/crazyswarm2/ros_ws/src/crazyswarm/scripts/sequence_trajectories/1) by extensions ['colcon_meta']
[0.703s] Level 1:colcon.colcon_core.package_identification:_identify(src/crazyswarm2/ros_ws/src/crazyswarm/scripts/sequence_trajectories/1) by extension 'colcon_meta'
[0.703s] Level 1:colcon.colcon_core.package_identification:_identify(src/crazyswarm2/ros_ws/src/crazyswarm/scripts/sequence_trajectories/1) by extensions ['ros']
[0.703s] Level 1:colcon.colcon_core.package_identification:_identify(src/crazyswarm2/ros_ws/src/crazyswarm/scripts/sequence_trajectories/1) by extension 'ros'
[0.703s] Level 1:colcon.colcon_core.package_identification:_identify(src/crazyswarm2/ros_ws/src/crazyswarm/scripts/sequence_trajectories/1) by extensions ['cmake', 'python']
[0.703s] Level 1:colcon.colcon_core.package_identification:_identify(src/crazyswarm2/ros_ws/src/crazyswarm/scripts/sequence_trajectories/1) by extension 'cmake'
[0.703s] Level 1:colcon.colcon_core.package_identification:_identify(src/crazyswarm2/ros_ws/src/crazyswarm/scripts/sequence_trajectories/1) by extension 'python'
[0.703s] Level 1:colcon.colcon_core.package_identification:_identify(src/crazyswarm2/ros_ws/src/crazyswarm/scripts/sequence_trajectories/1) by extensions ['python_setup_py']
[0.703s] Level 1:colcon.colcon_core.package_identification:_identify(src/crazyswarm2/ros_ws/src/crazyswarm/scripts/sequence_trajectories/1) by extension 'python_setup_py'
[0.703s] Level 1:colcon.colcon_core.package_identification:_identify(src/crazyswarm2/ros_ws/src/crazyswarm/scripts/sequence_trajectories/2) by extensions ['ignore', 'ignore_ament_install']
[0.703s] Level 1:colcon.colcon_core.package_identification:_identify(src/crazyswarm2/ros_ws/src/crazyswarm/scripts/sequence_trajectories/2) by extension 'ignore'
[0.703s] Level 1:colcon.colcon_core.package_identification:_identify(src/crazyswarm2/ros_ws/src/crazyswarm/scripts/sequence_trajectories/2) by extension 'ignore_ament_install'
[0.703s] Level 1:colcon.colcon_core.package_identification:_identify(src/crazyswarm2/ros_ws/src/crazyswarm/scripts/sequence_trajectories/2) by extensions ['colcon_pkg']
[0.703s] Level 1:colcon.colcon_core.package_identification:_identify(src/crazyswarm2/ros_ws/src/crazyswarm/scripts/sequence_trajectories/2) by extension 'colcon_pkg'
[0.704s] Level 1:colcon.colcon_core.package_identification:_identify(src/crazyswarm2/ros_ws/src/crazyswarm/scripts/sequence_trajectories/2) by extensions ['colcon_meta']
[0.704s] Level 1:colcon.colcon_core.package_identification:_identify(src/crazyswarm2/ros_ws/src/crazyswarm/scripts/sequence_trajectories/2) by extension 'colcon_meta'
[0.704s] Level 1:colcon.colcon_core.package_identification:_identify(src/crazyswarm2/ros_ws/src/crazyswarm/scripts/sequence_trajectories/2) by extensions ['ros']
[0.704s] Level 1:colcon.colcon_core.package_identification:_identify(src/crazyswarm2/ros_ws/src/crazyswarm/scripts/sequence_trajectories/2) by extension 'ros'
[0.704s] Level 1:colcon.colcon_core.package_identification:_identify(src/crazyswarm2/ros_ws/src/crazyswarm/scripts/sequence_trajectories/2) by extensions ['cmake', 'python']
[0.704s] Level 1:colcon.colcon_core.package_identification:_identify(src/crazyswarm2/ros_ws/src/crazyswarm/scripts/sequence_trajectories/2) by extension 'cmake'
[0.704s] Level 1:colcon.colcon_core.package_identification:_identify(src/crazyswarm2/ros_ws/src/crazyswarm/scripts/sequence_trajectories/2) by extension 'python'
[0.704s] Level 1:colcon.colcon_core.package_identification:_identify(src/crazyswarm2/ros_ws/src/crazyswarm/scripts/sequence_trajectories/2) by extensions ['python_setup_py']
[0.704s] Level 1:colcon.colcon_core.package_identification:_identify(src/crazyswarm2/ros_ws/src/crazyswarm/scripts/sequence_trajectories/2) by extension 'python_setup_py'
[0.704s] Level 1:colcon.colcon_core.package_identification:_identify(src/crazyswarm2/ros_ws/src/crazyswarm/scripts/sequence_trajectories/3) by extensions ['ignore', 'ignore_ament_install']
[0.704s] Level 1:colcon.colcon_core.package_identification:_identify(src/crazyswarm2/ros_ws/src/crazyswarm/scripts/sequence_trajectories/3) by extension 'ignore'
[0.704s] Level 1:colcon.colcon_core.package_identification:_identify(src/crazyswarm2/ros_ws/src/crazyswarm/scripts/sequence_trajectories/3) by extension 'ignore_ament_install'
[0.704s] Level 1:colcon.colcon_core.package_identification:_identify(src/crazyswarm2/ros_ws/src/crazyswarm/scripts/sequence_trajectories/3) by extensions ['colcon_pkg']
[0.705s] Level 1:colcon.colcon_core.package_identification:_identify(src/crazyswarm2/ros_ws/src/crazyswarm/scripts/sequence_trajectories/3) by extension 'colcon_pkg'
[0.705s] Level 1:colcon.colcon_core.package_identification:_identify(src/crazyswarm2/ros_ws/src/crazyswarm/scripts/sequence_trajectories/3) by extensions ['colcon_meta']
[0.705s] Level 1:colcon.colcon_core.package_identification:_identify(src/crazyswarm2/ros_ws/src/crazyswarm/scripts/sequence_trajectories/3) by extension 'colcon_meta'
[0.705s] Level 1:colcon.colcon_core.package_identification:_identify(src/crazyswarm2/ros_ws/src/crazyswarm/scripts/sequence_trajectories/3) by extensions ['ros']
[0.705s] Level 1:colcon.colcon_core.package_identification:_identify(src/crazyswarm2/ros_ws/src/crazyswarm/scripts/sequence_trajectories/3) by extension 'ros'
[0.705s] Level 1:colcon.colcon_core.package_identification:_identify(src/crazyswarm2/ros_ws/src/crazyswarm/scripts/sequence_trajectories/3) by extensions ['cmake', 'python']
[0.705s] Level 1:colcon.colcon_core.package_identification:_identify(src/crazyswarm2/ros_ws/src/crazyswarm/scripts/sequence_trajectories/3) by extension 'cmake'
[0.705s] Level 1:colcon.colcon_core.package_identification:_identify(src/crazyswarm2/ros_ws/src/crazyswarm/scripts/sequence_trajectories/3) by extension 'python'
[0.705s] Level 1:colcon.colcon_core.package_identification:_identify(src/crazyswarm2/ros_ws/src/crazyswarm/scripts/sequence_trajectories/3) by extensions ['python_setup_py']
[0.705s] Level 1:colcon.colcon_core.package_identification:_identify(src/crazyswarm2/ros_ws/src/crazyswarm/scripts/sequence_trajectories/3) by extension 'python_setup_py'
[0.705s] Level 1:colcon.colcon_core.package_identification:_identify(src/crazyswarm2/ros_ws/src/crazyswarm/scripts/sequence_trajectories/4) by extensions ['ignore', 'ignore_ament_install']
[0.705s] Level 1:colcon.colcon_core.package_identification:_identify(src/crazyswarm2/ros_ws/src/crazyswarm/scripts/sequence_trajectories/4) by extension 'ignore'
[0.705s] Level 1:colcon.colcon_core.package_identification:_identify(src/crazyswarm2/ros_ws/src/crazyswarm/scripts/sequence_trajectories/4) by extension 'ignore_ament_install'
[0.705s] Level 1:colcon.colcon_core.package_identification:_identify(src/crazyswarm2/ros_ws/src/crazyswarm/scripts/sequence_trajectories/4) by extensions ['colcon_pkg']
[0.706s] Level 1:colcon.colcon_core.package_identification:_identify(src/crazyswarm2/ros_ws/src/crazyswarm/scripts/sequence_trajectories/4) by extension 'colcon_pkg'
[0.706s] Level 1:colcon.colcon_core.package_identification:_identify(src/crazyswarm2/ros_ws/src/crazyswarm/scripts/sequence_trajectories/4) by extensions ['colcon_meta']
[0.706s] Level 1:colcon.colcon_core.package_identification:_identify(src/crazyswarm2/ros_ws/src/crazyswarm/scripts/sequence_trajectories/4) by extension 'colcon_meta'
[0.706s] Level 1:colcon.colcon_core.package_identification:_identify(src/crazyswarm2/ros_ws/src/crazyswarm/scripts/sequence_trajectories/4) by extensions ['ros']
[0.706s] Level 1:colcon.colcon_core.package_identification:_identify(src/crazyswarm2/ros_ws/src/crazyswarm/scripts/sequence_trajectories/4) by extension 'ros'
[0.706s] Level 1:colcon.colcon_core.package_identification:_identify(src/crazyswarm2/ros_ws/src/crazyswarm/scripts/sequence_trajectories/4) by extensions ['cmake', 'python']
[0.706s] Level 1:colcon.colcon_core.package_identification:_identify(src/crazyswarm2/ros_ws/src/crazyswarm/scripts/sequence_trajectories/4) by extension 'cmake'
[0.706s] Level 1:colcon.colcon_core.package_identification:_identify(src/crazyswarm2/ros_ws/src/crazyswarm/scripts/sequence_trajectories/4) by extension 'python'
[0.706s] Level 1:colcon.colcon_core.package_identification:_identify(src/crazyswarm2/ros_ws/src/crazyswarm/scripts/sequence_trajectories/4) by extensions ['python_setup_py']
[0.706s] Level 1:colcon.colcon_core.package_identification:_identify(src/crazyswarm2/ros_ws/src/crazyswarm/scripts/sequence_trajectories/4) by extension 'python_setup_py'
[0.707s] Level 1:colcon.colcon_core.package_identification:_identify(src/crazyswarm2/ros_ws/src/crazyswarm/scripts/sequence_trajectories/5) by extensions ['ignore', 'ignore_ament_install']
[0.707s] Level 1:colcon.colcon_core.package_identification:_identify(src/crazyswarm2/ros_ws/src/crazyswarm/scripts/sequence_trajectories/5) by extension 'ignore'
[0.707s] Level 1:colcon.colcon_core.package_identification:_identify(src/crazyswarm2/ros_ws/src/crazyswarm/scripts/sequence_trajectories/5) by extension 'ignore_ament_install'
[0.707s] Level 1:colcon.colcon_core.package_identification:_identify(src/crazyswarm2/ros_ws/src/crazyswarm/scripts/sequence_trajectories/5) by extensions ['colcon_pkg']
[0.707s] Level 1:colcon.colcon_core.package_identification:_identify(src/crazyswarm2/ros_ws/src/crazyswarm/scripts/sequence_trajectories/5) by extension 'colcon_pkg'
[0.707s] Level 1:colcon.colcon_core.package_identification:_identify(src/crazyswarm2/ros_ws/src/crazyswarm/scripts/sequence_trajectories/5) by extensions ['colcon_meta']
[0.707s] Level 1:colcon.colcon_core.package_identification:_identify(src/crazyswarm2/ros_ws/src/crazyswarm/scripts/sequence_trajectories/5) by extension 'colcon_meta'
[0.707s] Level 1:colcon.colcon_core.package_identification:_identify(src/crazyswarm2/ros_ws/src/crazyswarm/scripts/sequence_trajectories/5) by extensions ['ros']
[0.707s] Level 1:colcon.colcon_core.package_identification:_identify(src/crazyswarm2/ros_ws/src/crazyswarm/scripts/sequence_trajectories/5) by extension 'ros'
[0.707s] Level 1:colcon.colcon_core.package_identification:_identify(src/crazyswarm2/ros_ws/src/crazyswarm/scripts/sequence_trajectories/5) by extensions ['cmake', 'python']
[0.707s] Level 1:colcon.colcon_core.package_identification:_identify(src/crazyswarm2/ros_ws/src/crazyswarm/scripts/sequence_trajectories/5) by extension 'cmake'
[0.707s] Level 1:colcon.colcon_core.package_identification:_identify(src/crazyswarm2/ros_ws/src/crazyswarm/scripts/sequence_trajectories/5) by extension 'python'
[0.708s] Level 1:colcon.colcon_core.package_identification:_identify(src/crazyswarm2/ros_ws/src/crazyswarm/scripts/sequence_trajectories/5) by extensions ['python_setup_py']
[0.708s] Level 1:colcon.colcon_core.package_identification:_identify(src/crazyswarm2/ros_ws/src/crazyswarm/scripts/sequence_trajectories/5) by extension 'python_setup_py'
[0.708s] Level 1:colcon.colcon_core.package_identification:_identify(src/crazyswarm2/ros_ws/src/crazyswarm/scripts/sequence_trajectories/6) by extensions ['ignore', 'ignore_ament_install']
[0.708s] Level 1:colcon.colcon_core.package_identification:_identify(src/crazyswarm2/ros_ws/src/crazyswarm/scripts/sequence_trajectories/6) by extension 'ignore'
[0.708s] Level 1:colcon.colcon_core.package_identification:_identify(src/crazyswarm2/ros_ws/src/crazyswarm/scripts/sequence_trajectories/6) by extension 'ignore_ament_install'
[0.708s] Level 1:colcon.colcon_core.package_identification:_identify(src/crazyswarm2/ros_ws/src/crazyswarm/scripts/sequence_trajectories/6) by extensions ['colcon_pkg']
[0.708s] Level 1:colcon.colcon_core.package_identification:_identify(src/crazyswarm2/ros_ws/src/crazyswarm/scripts/sequence_trajectories/6) by extension 'colcon_pkg'
[0.708s] Level 1:colcon.colcon_core.package_identification:_identify(src/crazyswarm2/ros_ws/src/crazyswarm/scripts/sequence_trajectories/6) by extensions ['colcon_meta']
[0.708s] Level 1:colcon.colcon_core.package_identification:_identify(src/crazyswarm2/ros_ws/src/crazyswarm/scripts/sequence_trajectories/6) by extension 'colcon_meta'
[0.708s] Level 1:colcon.colcon_core.package_identification:_identify(src/crazyswarm2/ros_ws/src/crazyswarm/scripts/sequence_trajectories/6) by extensions ['ros']
[0.708s] Level 1:colcon.colcon_core.package_identification:_identify(src/crazyswarm2/ros_ws/src/crazyswarm/scripts/sequence_trajectories/6) by extension 'ros'
[0.709s] Level 1:colcon.colcon_core.package_identification:_identify(src/crazyswarm2/ros_ws/src/crazyswarm/scripts/sequence_trajectories/6) by extensions ['cmake', 'python']
[0.709s] Level 1:colcon.colcon_core.package_identification:_identify(src/crazyswarm2/ros_ws/src/crazyswarm/scripts/sequence_trajectories/6) by extension 'cmake'
[0.709s] Level 1:colcon.colcon_core.package_identification:_identify(src/crazyswarm2/ros_ws/src/crazyswarm/scripts/sequence_trajectories/6) by extension 'python'
[0.709s] Level 1:colcon.colcon_core.package_identification:_identify(src/crazyswarm2/ros_ws/src/crazyswarm/scripts/sequence_trajectories/6) by extensions ['python_setup_py']
[0.709s] Level 1:colcon.colcon_core.package_identification:_identify(src/crazyswarm2/ros_ws/src/crazyswarm/scripts/sequence_trajectories/6) by extension 'python_setup_py'
[0.709s] Level 1:colcon.colcon_core.package_identification:_identify(src/crazyswarm2/ros_ws/src/crazyswarm/scripts/sequence_trajectories/7) by extensions ['ignore', 'ignore_ament_install']
[0.709s] Level 1:colcon.colcon_core.package_identification:_identify(src/crazyswarm2/ros_ws/src/crazyswarm/scripts/sequence_trajectories/7) by extension 'ignore'
[0.709s] Level 1:colcon.colcon_core.package_identification:_identify(src/crazyswarm2/ros_ws/src/crazyswarm/scripts/sequence_trajectories/7) by extension 'ignore_ament_install'
[0.709s] Level 1:colcon.colcon_core.package_identification:_identify(src/crazyswarm2/ros_ws/src/crazyswarm/scripts/sequence_trajectories/7) by extensions ['colcon_pkg']
[0.709s] Level 1:colcon.colcon_core.package_identification:_identify(src/crazyswarm2/ros_ws/src/crazyswarm/scripts/sequence_trajectories/7) by extension 'colcon_pkg'
[0.709s] Level 1:colcon.colcon_core.package_identification:_identify(src/crazyswarm2/ros_ws/src/crazyswarm/scripts/sequence_trajectories/7) by extensions ['colcon_meta']
[0.709s] Level 1:colcon.colcon_core.package_identification:_identify(src/crazyswarm2/ros_ws/src/crazyswarm/scripts/sequence_trajectories/7) by extension 'colcon_meta'
[0.710s] Level 1:colcon.colcon_core.package_identification:_identify(src/crazyswarm2/ros_ws/src/crazyswarm/scripts/sequence_trajectories/7) by extensions ['ros']
[0.710s] Level 1:colcon.colcon_core.package_identification:_identify(src/crazyswarm2/ros_ws/src/crazyswarm/scripts/sequence_trajectories/7) by extension 'ros'
[0.710s] Level 1:colcon.colcon_core.package_identification:_identify(src/crazyswarm2/ros_ws/src/crazyswarm/scripts/sequence_trajectories/7) by extensions ['cmake', 'python']
[0.710s] Level 1:colcon.colcon_core.package_identification:_identify(src/crazyswarm2/ros_ws/src/crazyswarm/scripts/sequence_trajectories/7) by extension 'cmake'
[0.710s] Level 1:colcon.colcon_core.package_identification:_identify(src/crazyswarm2/ros_ws/src/crazyswarm/scripts/sequence_trajectories/7) by extension 'python'
[0.710s] Level 1:colcon.colcon_core.package_identification:_identify(src/crazyswarm2/ros_ws/src/crazyswarm/scripts/sequence_trajectories/7) by extensions ['python_setup_py']
[0.710s] Level 1:colcon.colcon_core.package_identification:_identify(src/crazyswarm2/ros_ws/src/crazyswarm/scripts/sequence_trajectories/7) by extension 'python_setup_py'
[0.710s] Level 1:colcon.colcon_core.package_identification:_identify(src/crazyswarm2/ros_ws/src/crazyswarm/scripts/swap6v_pps) by extensions ['ignore', 'ignore_ament_install']
[0.710s] Level 1:colcon.colcon_core.package_identification:_identify(src/crazyswarm2/ros_ws/src/crazyswarm/scripts/swap6v_pps) by extension 'ignore'
[0.710s] Level 1:colcon.colcon_core.package_identification:_identify(src/crazyswarm2/ros_ws/src/crazyswarm/scripts/swap6v_pps) by extension 'ignore_ament_install'
[0.710s] Level 1:colcon.colcon_core.package_identification:_identify(src/crazyswarm2/ros_ws/src/crazyswarm/scripts/swap6v_pps) by extensions ['colcon_pkg']
[0.711s] Level 1:colcon.colcon_core.package_identification:_identify(src/crazyswarm2/ros_ws/src/crazyswarm/scripts/swap6v_pps) by extension 'colcon_pkg'
[0.711s] Level 1:colcon.colcon_core.package_identification:_identify(src/crazyswarm2/ros_ws/src/crazyswarm/scripts/swap6v_pps) by extensions ['colcon_meta']
[0.711s] Level 1:colcon.colcon_core.package_identification:_identify(src/crazyswarm2/ros_ws/src/crazyswarm/scripts/swap6v_pps) by extension 'colcon_meta'
[0.711s] Level 1:colcon.colcon_core.package_identification:_identify(src/crazyswarm2/ros_ws/src/crazyswarm/scripts/swap6v_pps) by extensions ['ros']
[0.711s] Level 1:colcon.colcon_core.package_identification:_identify(src/crazyswarm2/ros_ws/src/crazyswarm/scripts/swap6v_pps) by extension 'ros'
[0.711s] Level 1:colcon.colcon_core.package_identification:_identify(src/crazyswarm2/ros_ws/src/crazyswarm/scripts/swap6v_pps) by extensions ['cmake', 'python']
[0.711s] Level 1:colcon.colcon_core.package_identification:_identify(src/crazyswarm2/ros_ws/src/crazyswarm/scripts/swap6v_pps) by extension 'cmake'
[0.711s] Level 1:colcon.colcon_core.package_identification:_identify(src/crazyswarm2/ros_ws/src/crazyswarm/scripts/swap6v_pps) by extension 'python'
[0.711s] Level 1:colcon.colcon_core.package_identification:_identify(src/crazyswarm2/ros_ws/src/crazyswarm/scripts/swap6v_pps) by extensions ['python_setup_py']
[0.711s] Level 1:colcon.colcon_core.package_identification:_identify(src/crazyswarm2/ros_ws/src/crazyswarm/scripts/swap6v_pps) by extension 'python_setup_py'
[0.711s] Level 1:colcon.colcon_core.package_identification:_identify(src/crazyswarm2/systemtests) by extensions ['ignore', 'ignore_ament_install']
[0.712s] Level 1:colcon.colcon_core.package_identification:_identify(src/crazyswarm2/systemtests) by extension 'ignore'
[0.712s] Level 1:colcon.colcon_core.package_identification:_identify(src/crazyswarm2/systemtests) by extension 'ignore_ament_install'
[0.712s] Level 1:colcon.colcon_core.package_identification:_identify(src/crazyswarm2/systemtests) by extensions ['colcon_pkg']
[0.712s] Level 1:colcon.colcon_core.package_identification:_identify(src/crazyswarm2/systemtests) by extension 'colcon_pkg'
[0.712s] Level 1:colcon.colcon_core.package_identification:_identify(src/crazyswarm2/systemtests) by extensions ['colcon_meta']
[0.712s] Level 1:colcon.colcon_core.package_identification:_identify(src/crazyswarm2/systemtests) by extension 'colcon_meta'
[0.712s] Level 1:colcon.colcon_core.package_identification:_identify(src/crazyswarm2/systemtests) by extensions ['ros']
[0.712s] Level 1:colcon.colcon_core.package_identification:_identify(src/crazyswarm2/systemtests) by extension 'ros'
[0.712s] Level 1:colcon.colcon_core.package_identification:_identify(src/crazyswarm2/systemtests) by extensions ['cmake', 'python']
[0.712s] Level 1:colcon.colcon_core.package_identification:_identify(src/crazyswarm2/systemtests) by extension 'cmake'
[0.712s] Level 1:colcon.colcon_core.package_identification:_identify(src/crazyswarm2/systemtests) by extension 'python'
[0.712s] Level 1:colcon.colcon_core.package_identification:_identify(src/crazyswarm2/systemtests) by extensions ['python_setup_py']
[0.712s] Level 1:colcon.colcon_core.package_identification:_identify(src/crazyswarm2/systemtests) by extension 'python_setup_py'
[0.713s] Level 1:colcon.colcon_core.package_identification:_identify(src/crazyswarm2/systemtests/SDplotting) by extensions ['ignore', 'ignore_ament_install']
[0.713s] Level 1:colcon.colcon_core.package_identification:_identify(src/crazyswarm2/systemtests/SDplotting) by extension 'ignore'
[0.713s] Level 1:colcon.colcon_core.package_identification:_identify(src/crazyswarm2/systemtests/SDplotting) by extension 'ignore_ament_install'
[0.713s] Level 1:colcon.colcon_core.package_identification:_identify(src/crazyswarm2/systemtests/SDplotting) by extensions ['colcon_pkg']
[0.713s] Level 1:colcon.colcon_core.package_identification:_identify(src/crazyswarm2/systemtests/SDplotting) by extension 'colcon_pkg'
[0.713s] Level 1:colcon.colcon_core.package_identification:_identify(src/crazyswarm2/systemtests/SDplotting) by extensions ['colcon_meta']
[0.713s] Level 1:colcon.colcon_core.package_identification:_identify(src/crazyswarm2/systemtests/SDplotting) by extension 'colcon_meta'
[0.713s] Level 1:colcon.colcon_core.package_identification:_identify(src/crazyswarm2/systemtests/SDplotting) by extensions ['ros']
[0.713s] Level 1:colcon.colcon_core.package_identification:_identify(src/crazyswarm2/systemtests/SDplotting) by extension 'ros'
[0.713s] Level 1:colcon.colcon_core.package_identification:_identify(src/crazyswarm2/systemtests/SDplotting) by extensions ['cmake', 'python']
[0.713s] Level 1:colcon.colcon_core.package_identification:_identify(src/crazyswarm2/systemtests/SDplotting) by extension 'cmake'
[0.713s] Level 1:colcon.colcon_core.package_identification:_identify(src/crazyswarm2/systemtests/SDplotting) by extension 'python'
[0.714s] Level 1:colcon.colcon_core.package_identification:_identify(src/crazyswarm2/systemtests/SDplotting) by extensions ['python_setup_py']
[0.714s] Level 1:colcon.colcon_core.package_identification:_identify(src/crazyswarm2/systemtests/SDplotting) by extension 'python_setup_py'
[0.714s] Level 1:colcon.colcon_core.package_identification:_identify(src/swarm_guidance) by extensions ['ignore', 'ignore_ament_install']
[0.714s] Level 1:colcon.colcon_core.package_identification:_identify(src/swarm_guidance) by extension 'ignore'
[0.714s] Level 1:colcon.colcon_core.package_identification:_identify(src/swarm_guidance) by extension 'ignore_ament_install'
[0.714s] Level 1:colcon.colcon_core.package_identification:_identify(src/swarm_guidance) by extensions ['colcon_pkg']
[0.714s] Level 1:colcon.colcon_core.package_identification:_identify(src/swarm_guidance) by extension 'colcon_pkg'
[0.714s] Level 1:colcon.colcon_core.package_identification:_identify(src/swarm_guidance) by extensions ['colcon_meta']
[0.714s] Level 1:colcon.colcon_core.package_identification:_identify(src/swarm_guidance) by extension 'colcon_meta'
[0.714s] Level 1:colcon.colcon_core.package_identification:_identify(src/swarm_guidance) by extensions ['ros']
[0.714s] Level 1:colcon.colcon_core.package_identification:_identify(src/swarm_guidance) by extension 'ros'
[0.715s] DEBUG:colcon.colcon_core.package_identification:Package 'src/swarm_guidance' with type 'ros.ament_python' and name 'swarm_guidance'
[0.716s] Level 1:colcon.colcon_core.package_identification:_identify(src/swarm_navigation) by extensions ['ignore', 'ignore_ament_install']
[0.716s] Level 1:colcon.colcon_core.package_identification:_identify(src/swarm_navigation) by extension 'ignore'
[0.716s] Level 1:colcon.colcon_core.package_identification:_identify(src/swarm_navigation) by extension 'ignore_ament_install'
[0.716s] Level 1:colcon.colcon_core.package_identification:_identify(src/swarm_navigation) by extensions ['colcon_pkg']
[0.716s] Level 1:colcon.colcon_core.package_identification:_identify(src/swarm_navigation) by extension 'colcon_pkg'
[0.716s] Level 1:colcon.colcon_core.package_identification:_identify(src/swarm_navigation) by extensions ['colcon_meta']
[0.716s] Level 1:colcon.colcon_core.package_identification:_identify(src/swarm_navigation) by extension 'colcon_meta'
[0.716s] Level 1:colcon.colcon_core.package_identification:_identify(src/swarm_navigation) by extensions ['ros']
[0.716s] Level 1:colcon.colcon_core.package_identification:_identify(src/swarm_navigation) by extension 'ros'
[0.717s] DEBUG:colcon.colcon_core.package_identification:Package 'src/swarm_navigation' with type 'ros.ament_python' and name 'swarm_navigation'
[0.718s] Level 1:colcon.colcon_core.package_discovery:discover_packages(recursive) using defaults
[0.718s] Level 1:colcon.colcon_core.package_discovery:discover_packages(ignore) discover
[0.718s] Level 1:colcon.colcon_core.package_discovery:discover_packages(ignore) using defaults
[0.718s] Level 1:colcon.colcon_core.package_discovery:discover_packages(path) discover
[0.718s] Level 1:colcon.colcon_core.package_discovery:discover_packages(path) using defaults
[0.756s] INFO:colcon.colcon_metadata.metadata.colcon_pkg:Updating descriptor of package 'src/crazyswarm2/crazyflie_py' from colcon.pkg: {'python-testing': 'pytest'}
[0.759s] INFO:colcon.colcon_core.package_selection:Skipping not selected package 'crazyflie_interfaces' in 'src/crazyswarm2/crazyflie_interfaces'
[0.760s] INFO:colcon.colcon_core.package_selection:Skipping not selected package 'swarm_guidance' in 'src/swarm_guidance'
[0.760s] INFO:colcon.colcon_core.package_selection:Skipping not selected package 'crazyflie' in 'src/crazyswarm2/crazyflie'
[0.760s] INFO:colcon.colcon_core.package_selection:Skipping not selected package 'crazyflie_py' in 'src/crazyswarm2/crazyflie_py'
[0.760s] INFO:colcon.colcon_core.package_selection:Skipping not selected package 'crazyflie_sim' in 'src/crazyswarm2/crazyflie_sim'
[0.760s] INFO:colcon.colcon_core.package_selection:Skipping not selected package 'swarm_navigation' in 'src/swarm_navigation'
[0.760s] INFO:colcon.colcon_core.package_selection:Skipping not selected package 'crazyflie_examples' in 'src/crazyswarm2/crazyflie_examples'
[0.761s] Level 1:colcon.colcon_core.package_discovery:discover_packages(prefix_path) check parameters
[0.761s] Level 1:colcon.colcon_core.package_discovery:discover_packages(prefix_path) discover
[0.765s] DEBUG:colcon.colcon_installed_package_information.package_discovery:Found 8 installed packages in /home/gowtham/swarm_ws/install
[0.766s] DEBUG:colcon.colcon_installed_package_information.package_discovery:Found 278 installed packages in /opt/ros/humble
[0.769s] Level 1:colcon.colcon_core.package_discovery:discover_packages(prefix_path) using defaults
[0.828s] Level 5:colcon.colcon_core.verb:set package 'central_swarm_control' build argument 'cmake_args' from command line to 'None'
[0.828s] Level 5:colcon.colcon_core.verb:set package 'central_swarm_control' build argument 'cmake_target' from command line to 'None'
[0.828s] Level 5:colcon.colcon_core.verb:set package 'central_swarm_control' build argument 'cmake_target_skip_unavailable' from command line to 'False'
[0.828s] Level 5:colcon.colcon_core.verb:set package 'central_swarm_control' build argument 'cmake_clean_cache' from command line to 'False'
[0.828s] Level 5:colcon.colcon_core.verb:set package 'central_swarm_control' build argument 'cmake_clean_first' from command line to 'False'
[0.828s] Level 5:colcon.colcon_core.verb:set package 'central_swarm_control' build argument 'cmake_force_configure' from command line to 'False'
[0.828s] Level 5:colcon.colcon_core.verb:set package 'central_swarm_control' build argument 'ament_cmake_args' from command line to 'None'
[0.828s] Level 5:colcon.colcon_core.verb:set package 'central_swarm_control' build argument 'catkin_cmake_args' from command line to 'None'
[0.828s] Level 5:colcon.colcon_core.verb:set package 'central_swarm_control' build argument 'catkin_skip_building_tests' from command line to 'False'
[0.828s] DEBUG:colcon.colcon_core.verb:Building package 'central_swarm_control' with the following arguments: {'ament_cmake_args': None, 'build_base': '/home/gowtham/crazyflie_ws/build/central_swarm_control', 'catkin_cmake_args': None, 'catkin_skip_building_tests': False, 'cmake_args': None, 'cmake_clean_cache': False, 'cmake_clean_first': False, 'cmake_force_configure': False, 'cmake_target': None, 'cmake_target_skip_unavailable': False, 'install_base': '/home/gowtham/crazyflie_ws/install/central_swarm_control', 'merge_install': False, 'path': '/home/gowtham/crazyflie_ws/src/central_swarm_control', 'symlink_install': False, 'test_result_base': None}
[0.829s] INFO:colcon.colcon_core.executor:Executing jobs using 'parallel' executor
[0.830s] DEBUG:colcon.colcon_parallel_executor.executor.parallel:run_until_complete
[0.831s] INFO:colcon.colcon_ros.task.ament_python.build:Building ROS package in '/home/gowtham/crazyflie_ws/src/central_swarm_control' with build type 'ament_python'
[0.831s] Level 1:colcon.colcon_core.shell:create_environment_hook('central_swarm_control', 'ament_prefix_path')
[0.840s] INFO:colcon.colcon_core.plugin_system:Skipping extension 'colcon_core.shell.bat': Not used on non-Windows systems
[0.840s] INFO:colcon.colcon_core.shell:Creating environment hook '/home/gowtham/crazyflie_ws/install/central_swarm_control/share/central_swarm_control/hook/ament_prefix_path.ps1'
[0.842s] INFO:colcon.colcon_core.shell:Creating environment descriptor '/home/gowtham/crazyflie_ws/install/central_swarm_control/share/central_swarm_control/hook/ament_prefix_path.dsv'
[0.843s] INFO:colcon.colcon_core.shell:Creating environment hook '/home/gowtham/crazyflie_ws/install/central_swarm_control/share/central_swarm_control/hook/ament_prefix_path.sh'
[0.844s] INFO:colcon.colcon_core.shell:Skip shell extension 'powershell' for command environment: Not usable outside of PowerShell
[0.844s] DEBUG:colcon.colcon_core.shell:Skip shell extension 'dsv' for command environment
[1.247s] INFO:colcon.colcon_core.task.python.build:Building Python package in '/home/gowtham/crazyflie_ws/src/central_swarm_control'
[1.247s] INFO:colcon.colcon_core.shell:Skip shell extension 'powershell' for command environment: Not usable outside of PowerShell
[1.247s] DEBUG:colcon.colcon_core.shell:Skip shell extension 'dsv' for command environment
[1.793s] DEBUG:colcon.colcon_core.event_handler.log_command:Invoking command in '/home/gowtham/crazyflie_ws/src/central_swarm_control': AMENT_PREFIX_PATH=/home/gowtham/crazyflie_ws/install/crazyflie_interfaces:${AMENT_PREFIX_PATH} CMAKE_PREFIX_PATH=/home/gowtham/crazyflie_ws/install/crazyflie_interfaces:${CMAKE_PREFIX_PATH} LD_LIBRARY_PATH=/home/gowtham/crazyflie_ws/install/crazyflie_interfaces/lib:${LD_LIBRARY_PATH} PYTHONPATH=/home/gowtham/crazyflie_ws/build/central_swarm_control/prefix_override:/usr/lib/python3/dist-packages/colcon_core/task/python/colcon_distutils_commands:/home/gowtham/crazyflie_ws/install/central_swarm_control/lib/python3.10/site-packages:/home/gowtham/crazyflie_ws/install/crazyflie_interfaces/local/lib/python3.10/dist-packages:${PYTHONPATH} /usr/bin/python3 -W ignore:setup.py install is deprecated -W ignore:easy_install command is deprecated setup.py egg_info --egg-base ../../build/central_swarm_control build --build-base /home/gowtham/crazyflie_ws/build/central_swarm_control/build install --record /home/gowtham/crazyflie_ws/build/central_swarm_control/install.log --single-version-externally-managed install_data
[2.275s] DEBUG:colcon.colcon_core.event_handler.log_command:Invoked command in '/home/gowtham/crazyflie_ws/src/central_swarm_control' returned '0': AMENT_PREFIX_PATH=/home/gowtham/crazyflie_ws/install/crazyflie_interfaces:${AMENT_PREFIX_PATH} CMAKE_PREFIX_PATH=/home/gowtham/crazyflie_ws/install/crazyflie_interfaces:${CMAKE_PREFIX_PATH} LD_LIBRARY_PATH=/home/gowtham/crazyflie_ws/install/crazyflie_interfaces/lib:${LD_LIBRARY_PATH} PYTHONPATH=/home/gowtham/crazyflie_ws/build/central_swarm_control/prefix_override:/usr/lib/python3/dist-packages/colcon_core/task/python/colcon_distutils_commands:/home/gowtham/crazyflie_ws/install/central_swarm_control/lib/python3.10/site-packages:/home/gowtham/crazyflie_ws/install/crazyflie_interfaces/local/lib/python3.10/dist-packages:${PYTHONPATH} /usr/bin/python3 -W ignore:setup.py install is deprecated -W ignore:easy_install command is deprecated setup.py egg_info --egg-base ../../build/central_swarm_control build --build-base /home/gowtham/crazyflie_ws/build/central_swarm_control/build install --record /home/gowtham/crazyflie_ws/build/central_swarm_control/install.log --single-version-externally-managed install_data
[2.281s] Level 1:colcon.colcon_core.environment:checking '/home/gowtham/crazyflie_ws/install/central_swarm_control' for CMake module files
[2.282s] Level 1:colcon.colcon_core.environment:checking '/home/gowtham/crazyflie_ws/install/central_swarm_control' for CMake config files
[2.283s] Level 1:colcon.colcon_core.environment:checking '/home/gowtham/crazyflie_ws/install/central_swarm_control/lib'
[2.284s] Level 1:colcon.colcon_core.environment:checking '/home/gowtham/crazyflie_ws/install/central_swarm_control/bin'
[2.284s] Level 1:colcon.colcon_core.environment:checking '/home/gowtham/crazyflie_ws/install/central_swarm_control/lib/pkgconfig/central_swarm_control.pc'
[2.284s] Level 1:colcon.colcon_core.environment:checking '/home/gowtham/crazyflie_ws/install/central_swarm_control/lib/python3.10/site-packages'
[2.284s] Level 1:colcon.colcon_core.shell:create_environment_hook('central_swarm_control', 'pythonpath')
[2.285s] INFO:colcon.colcon_core.shell:Creating environment hook '/home/gowtham/crazyflie_ws/install/central_swarm_control/share/central_swarm_control/hook/pythonpath.ps1'
[2.286s] INFO:colcon.colcon_core.shell:Creating environment descriptor '/home/gowtham/crazyflie_ws/install/central_swarm_control/share/central_swarm_control/hook/pythonpath.dsv'
[2.286s] INFO:colcon.colcon_core.shell:Creating environment hook '/home/gowtham/crazyflie_ws/install/central_swarm_control/share/central_swarm_control/hook/pythonpath.sh'
[2.287s] Level 1:colcon.colcon_core.environment:checking '/home/gowtham/crazyflie_ws/install/central_swarm_control/bin'
[2.287s] Level 1:colcon.colcon_core.environment:create_environment_scripts_only(central_swarm_control)
[2.288s] INFO:colcon.colcon_core.shell:Creating package script '/home/gowtham/crazyflie_ws/install/central_swarm_control/share/central_swarm_control/package.ps1'
[2.289s] INFO:colcon.colcon_core.shell:Creating package descriptor '/home/gowtham/crazyflie_ws/install/central_swarm_control/share/central_swarm_control/package.dsv'
[2.291s] INFO:colcon.colcon_core.shell:Creating package script '/home/gowtham/crazyflie_ws/install/central_swarm_control/share/central_swarm_control/package.sh'
[2.292s] INFO:colcon.colcon_core.shell:Creating package script '/home/gowtham/crazyflie_ws/install/central_swarm_control/share/central_swarm_control/package.bash'
[2.293s] INFO:colcon.colcon_core.shell:Creating package script '/home/gowtham/crazyflie_ws/install/central_swarm_control/share/central_swarm_control/package.zsh'
[2.295s] Level 1:colcon.colcon_core.environment:create_file_with_runtime_dependencies(/home/gowtham/crazyflie_ws/install/central_swarm_control/share/colcon-core/packages/central_swarm_control)
[2.295s] DEBUG:colcon.colcon_parallel_executor.executor.parallel:closing loop
[2.295s] DEBUG:colcon.colcon_parallel_executor.executor.parallel:loop closed
[2.296s] DEBUG:colcon.colcon_parallel_executor.executor.parallel:run_until_complete finished with '0'
[2.296s] DEBUG:colcon.colcon_core.event_reactor:joining thread
[2.313s] INFO:colcon.colcon_core.plugin_system:Skipping extension 'colcon_notification.desktop_notification.terminal_notifier': Not used on non-Darwin systems
[2.313s] INFO:colcon.colcon_core.plugin_system:Skipping extension 'colcon_notification.desktop_notification.win32': Not used on non-Windows systems
[2.313s] INFO:colcon.colcon_notification.desktop_notification:Sending desktop notification using 'notify2'
[2.337s] DEBUG:colcon.colcon_core.event_reactor:joined thread
[2.338s] INFO:colcon.colcon_core.shell:Creating prefix script '/home/gowtham/crazyflie_ws/install/local_setup.ps1'
[2.340s] INFO:colcon.colcon_core.shell:Creating prefix util module '/home/gowtham/crazyflie_ws/install/_local_setup_util_ps1.py'
[2.344s] INFO:colcon.colcon_core.shell:Creating prefix chain script '/home/gowtham/crazyflie_ws/install/setup.ps1'
[2.347s] INFO:colcon.colcon_core.shell:Creating prefix script '/home/gowtham/crazyflie_ws/install/local_setup.sh'
[2.348s] INFO:colcon.colcon_core.shell:Creating prefix util module '/home/gowtham/crazyflie_ws/install/_local_setup_util_sh.py'
[2.350s] INFO:colcon.colcon_core.shell:Creating prefix chain script '/home/gowtham/crazyflie_ws/install/setup.sh'
[2.352s] INFO:colcon.colcon_core.shell:Creating prefix script '/home/gowtham/crazyflie_ws/install/local_setup.bash'
[2.354s] INFO:colcon.colcon_core.shell:Creating prefix chain script '/home/gowtham/crazyflie_ws/install/setup.bash'
[2.356s] INFO:colcon.colcon_core.shell:Creating prefix script '/home/gowtham/crazyflie_ws/install/local_setup.zsh'
[2.358s] INFO:colcon.colcon_core.shell:Creating prefix chain script '/home/gowtham/crazyflie_ws/install/setup.zsh'
