[0.000000] (-) TimerEvent: {}
[0.000787] (central_swarm_control) JobQueued: {'identifier': 'central_swarm_control', 'dependencies': OrderedDict()}
[0.000925] (crazyflie_interfaces) JobQueued: {'identifier': 'crazyflie_interfaces', 'dependencies': OrderedDict()}
[0.000956] (swarm_guidance) JobQueued: {'identifier': 'swarm_guidance', 'dependencies': OrderedDict()}
[0.000984] (swarm_navigation) JobQueued: {'identifier': 'swarm_navigation', 'dependencies': OrderedDict()}
[0.001009] (crazyflie) JobQueued: {'identifier': 'crazyflie', 'dependencies': OrderedDict([('crazyflie_interfaces', '/home/gowtham/crazyflie_ws/install/crazyflie_interfaces')])}
[0.001039] (crazyflie_py) JobQueued: {'identifier': 'crazyflie_py', 'dependencies': OrderedDict([('crazyflie_interfaces', '/home/gowtham/crazyflie_ws/install/crazyflie_interfaces')])}
[0.001065] (crazyflie_sim) JobQueued: {'identifier': 'crazyflie_sim', 'dependencies': OrderedDict([('crazyflie_interfaces', '/home/gowtham/crazyflie_ws/install/crazyflie_interfaces')])}
[0.001090] (crazyflie_examples) JobQueued: {'identifier': 'crazyflie_examples', 'dependencies': OrderedDict([('crazyflie_interfaces', '/home/gowtham/crazyflie_ws/install/crazyflie_interfaces'), ('crazyflie_py', '/home/gowtham/crazyflie_ws/install/crazyflie_py')])}
[0.001119] (crazyflie_interfaces) JobStarted: {'identifier': 'crazyflie_interfaces'}
[0.010199] (central_swarm_control) JobStarted: {'identifier': 'central_swarm_control'}
[0.020236] (swarm_guidance) JobStarted: {'identifier': 'swarm_guidance'}
[0.029469] (swarm_navigation) JobStarted: {'identifier': 'swarm_navigation'}
[0.039823] (crazyflie_interfaces) JobProgress: {'identifier': 'crazyflie_interfaces', 'progress': 'cmake'}
[0.041053] (crazyflie_interfaces) JobProgress: {'identifier': 'crazyflie_interfaces', 'progress': 'build'}
[0.041916] (crazyflie_interfaces) Command: {'cmd': ['/usr/bin/cmake', '--build', '/home/gowtham/crazyflie_ws/build/crazyflie_interfaces', '--', '-j4', '-l4'], 'cwd': '/home/gowtham/crazyflie_ws/build/crazyflie_interfaces', 'env': OrderedDict([('LESSOPEN', '| /usr/bin/lesspipe %s'), ('LANGUAGE', 'en_IN:en'), ('USER', 'gowtham'), ('XDG_SESSION_TYPE', 'wayland'), ('SHLVL', '1'), ('LD_LIBRARY_PATH', '/home/gowtham/crazyflie_ws/install/crazyflie_interfaces/lib:/home/gowtham/swarm_ws/install/crazyflie_interfaces/lib:/opt/ros/humble/opt/rviz_ogre_vendor/lib:/opt/ros/humble/lib/x86_64-linux-gnu:/opt/ros/humble/lib'), ('HOME', '/home/gowtham'), ('OLDPWD', '/home/gowtham/crazyflie_ws'), ('DESKTOP_SESSION', 'ubuntu'), ('ROS_PYTHON_VERSION', '3'), ('GNOME_SHELL_SESSION_MODE', 'ubuntu'), ('GTK_MODULES', 'gail:atk-bridge'), ('SYSTEMD_EXEC_PID', '1223'), ('DBUS_SESSION_BUS_ADDRESS', 'unix:path=/run/user/1000/bus'), ('COLORTERM', 'truecolor'), ('IM_CONFIG_PHASE', '1'), ('WAYLAND_DISPLAY', 'wayland-0'), ('COLCON_PREFIX_PATH', '/home/gowtham/crazyflie_ws/install:/home/gowtham/swarm_ws/install'), ('ROS_DISTRO', 'humble'), ('LOGNAME', 'gowtham'), ('_', '/usr/bin/colcon'), ('ROS_VERSION', '2'), ('XDG_SESSION_CLASS', 'user'), ('USERNAME', 'gowtham'), ('TERM', 'xterm-256color'), ('GNOME_DESKTOP_SESSION_ID', 'this-is-deprecated'), ('ROS_LOCALHOST_ONLY', '0'), ('PATH', '/opt/ros/humble/bin:/home/gowtham/.local/bin:/usr/local/sbin:/usr/local/bin:/usr/sbin:/usr/bin:/sbin:/bin:/usr/games:/usr/local/games:/snap/bin:/snap/bin:/home/gowtham/.local/bin'), ('SESSION_MANAGER', 'local/gowtham:@/tmp/.ICE-unix/982,unix/gowtham:/tmp/.ICE-unix/982'), ('XDG_MENU_PREFIX', 'gnome-'), ('GNOME_TERMINAL_SCREEN', '/org/gnome/Terminal/screen/66663db3_71b1_4ea7_9e7c_3581e2124211'), ('GNOME_SETUP_DISPLAY', ':1'), ('XDG_RUNTIME_DIR', '/run/user/1000'), ('DISPLAY', ':0'), ('LANG', 'en_US.UTF-8'), ('XDG_CURRENT_DESKTOP', 'ubuntu:GNOME'), ('XMODIFIERS', '@im=ibus'), ('XDG_SESSION_DESKTOP', 'ubuntu'), ('XAUTHORITY', '/run/user/1000/.mutter-Xwaylandauth.YWIQP3'), ('LS_COLORS', 'rs=0:di=01;34:ln=01;36:mh=00:pi=40;33:so=01;35:do=01;35:bd=40;33;01:cd=40;33;01:or=40;31;01:mi=00:su=37;41:sg=30;43:ca=30;41:tw=30;42:ow=34;42:st=37;44:ex=01;32:*.tar=01;31:*.tgz=01;31:*.arc=01;31:*.arj=01;31:*.taz=01;31:*.lha=01;31:*.lz4=01;31:*.lzh=01;31:*.lzma=01;31:*.tlz=01;31:*.txz=01;31:*.tzo=01;31:*.t7z=01;31:*.zip=01;31:*.z=01;31:*.dz=01;31:*.gz=01;31:*.lrz=01;31:*.lz=01;31:*.lzo=01;31:*.xz=01;31:*.zst=01;31:*.tzst=01;31:*.bz2=01;31:*.bz=01;31:*.tbz=01;31:*.tbz2=01;31:*.tz=01;31:*.deb=01;31:*.rpm=01;31:*.jar=01;31:*.war=01;31:*.ear=01;31:*.sar=01;31:*.rar=01;31:*.alz=01;31:*.ace=01;31:*.zoo=01;31:*.cpio=01;31:*.7z=01;31:*.rz=01;31:*.cab=01;31:*.wim=01;31:*.swm=01;31:*.dwm=01;31:*.esd=01;31:*.jpg=01;35:*.jpeg=01;35:*.mjpg=01;35:*.mjpeg=01;35:*.gif=01;35:*.bmp=01;35:*.pbm=01;35:*.pgm=01;35:*.ppm=01;35:*.tga=01;35:*.xbm=01;35:*.xpm=01;35:*.tif=01;35:*.tiff=01;35:*.png=01;35:*.svg=01;35:*.svgz=01;35:*.mng=01;35:*.pcx=01;35:*.mov=01;35:*.mpg=01;35:*.mpeg=01;35:*.m2v=01;35:*.mkv=01;35:*.webm=01;35:*.webp=01;35:*.ogm=01;35:*.mp4=01;35:*.m4v=01;35:*.mp4v=01;35:*.vob=01;35:*.qt=01;35:*.nuv=01;35:*.wmv=01;35:*.asf=01;35:*.rm=01;35:*.rmvb=01;35:*.flc=01;35:*.avi=01;35:*.fli=01;35:*.flv=01;35:*.gl=01;35:*.dl=01;35:*.xcf=01;35:*.xwd=01;35:*.yuv=01;35:*.cgm=01;35:*.emf=01;35:*.ogv=01;35:*.ogx=01;35:*.aac=00;36:*.au=00;36:*.flac=00;36:*.m4a=00;36:*.mid=00;36:*.midi=00;36:*.mka=00;36:*.mp3=00;36:*.mpc=00;36:*.ogg=00;36:*.ra=00;36:*.wav=00;36:*.oga=00;36:*.opus=00;36:*.spx=00;36:*.xspf=00;36:'), ('GNOME_TERMINAL_SERVICE', ':1.490'), ('SSH_AGENT_LAUNCHER', 'gnome-keyring'), ('SSH_AUTH_SOCK', '/run/user/1000/keyring/ssh'), ('AMENT_PREFIX_PATH', '/home/gowtham/crazyflie_ws/install/swarm_navigation:/home/gowtham/crazyflie_ws/install/swarm_guidance:/home/gowtham/crazyflie_ws/install/crazyflie_sim:/home/gowtham/crazyflie_ws/install/crazyflie_examples:/home/gowtham/crazyflie_ws/install/crazyflie_py:/home/gowtham/crazyflie_ws/install/crazyflie:/home/gowtham/crazyflie_ws/install/crazyflie_interfaces:/home/gowtham/crazyflie_ws/install/central_swarm_control:/home/gowtham/swarm_ws/install/guidance_layer:/home/gowtham/swarm_ws/install/crazyflie_sim:/home/gowtham/swarm_ws/install/crazyflie_examples:/home/gowtham/swarm_ws/install/crazyflie_py:/home/gowtham/swarm_ws/install/crazyflie:/home/gowtham/swarm_ws/install/crazyflie_interfaces:/home/gowtham/swarm_ws/install/control_layer:/home/gowtham/swarm_ws/install/consensus_controller:/opt/ros/humble'), ('SHELL', '/bin/bash'), ('QT_ACCESSIBILITY', '1'), ('GDMSESSION', 'ubuntu'), ('LESSCLOSE', '/usr/bin/lesspipe %s %s'), ('QT_IM_MODULE', 'ibus'), ('PWD', '/home/gowtham/crazyflie_ws/build/crazyflie_interfaces'), ('LC_ALL', 'en_US.UTF-8'), ('XDG_CONFIG_DIRS', '/etc/xdg/xdg-ubuntu:/etc/xdg'), ('XDG_DATA_DIRS', '/usr/share/ubuntu:/usr/local/share/:/usr/share/:/var/lib/snapd/desktop'), ('PYTHONPATH', '/home/gowtham/crazyflie_ws/install/swarm_navigation/lib/python3.10/site-packages:/home/gowtham/crazyflie_ws/install/swarm_guidance/lib/python3.10/site-packages:/home/gowtham/crazyflie_ws/install/crazyflie_sim/local/lib/python3.10/dist-packages:/home/gowtham/crazyflie_ws/install/crazyflie_examples/local/lib/python3.10/dist-packages:/home/gowtham/crazyflie_ws/install/crazyflie_py/lib/python3.10/site-packages:/home/gowtham/crazyflie_ws/install/crazyflie_interfaces/local/lib/python3.10/dist-packages:/home/gowtham/crazyflie_ws/install/central_swarm_control/lib/python3.10/site-packages:/home/gowtham/crazyflie-firmware/build:/home/gowtham/crazyflie-firmware/build:/home/gowtham/swarm_ws/install/guidance_layer/lib/python3.10/site-packages:/home/gowtham/swarm_ws/install/crazyflie_sim/local/lib/python3.10/dist-packages:/home/gowtham/swarm_ws/install/crazyflie_examples/local/lib/python3.10/dist-packages:/home/gowtham/swarm_ws/install/crazyflie_py/lib/python3.10/site-packages:/home/gowtham/swarm_ws/install/crazyflie_interfaces/local/lib/python3.10/dist-packages:/home/gowtham/swarm_ws/install/control_layer/lib/python3.10/site-packages:/home/gowtham/swarm_ws/install/consensus_controller/lib/python3.10/site-packages:/opt/ros/humble/lib/python3.10/site-packages:/opt/ros/humble/local/lib/python3.10/dist-packages'), ('COLCON', '1'), ('VTE_VERSION', '6800'), ('CMAKE_PREFIX_PATH', '/home/gowtham/crazyflie_ws/install/crazyflie_sim:/home/gowtham/crazyflie_ws/install/crazyflie_examples:/home/gowtham/crazyflie_ws/install/crazyflie:/home/gowtham/crazyflie_ws/install/crazyflie_interfaces:/home/gowtham/swarm_ws/install/crazyflie_sim:/home/gowtham/swarm_ws/install/crazyflie_examples:/home/gowtham/swarm_ws/install/crazyflie:/home/gowtham/swarm_ws/install/crazyflie_interfaces:/home/gowtham/crazyflie_ws/install/swarm_navigation:/home/gowtham/crazyflie_ws/install/swarm_guidance:/home/gowtham/crazyflie_ws/install/crazyflie_py:/home/gowtham/crazyflie_ws/install/central_swarm_control:/home/gowtham/swarm_ws/install/guidance_layer:/home/gowtham/swarm_ws/install/crazyflie_py:/home/gowtham/swarm_ws/install/control_layer:/home/gowtham/swarm_ws/install/consensus_controller:/opt/ros/humble')]), 'shell': False}
[0.099778] (-) TimerEvent: {}
[0.200726] (-) TimerEvent: {}
[0.301410] (-) TimerEvent: {}
[0.403779] (-) TimerEvent: {}
[0.504144] (-) TimerEvent: {}
[0.604486] (-) TimerEvent: {}
[0.704951] (-) TimerEvent: {}
[0.805320] (-) TimerEvent: {}
[0.905690] (-) TimerEvent: {}
[1.004550] (crazyflie_interfaces) StdoutLine: {'line': b'[  1%] Built target crazyflie_interfaces__rs\n'}
[1.005257] (crazyflie_interfaces) StdoutLine: {'line': b'[  1%] Built target crazyflie_interfaces__cpp\n'}
[1.005350] (crazyflie_interfaces) StdoutLine: {'line': b'[ 13%] Built target crazyflie_interfaces__rosidl_generator_c\n'}
[1.005431] (crazyflie_interfaces) StdoutLine: {'line': b'[ 13%] Built target ament_cmake_python_copy_crazyflie_interfaces\n'}
[1.005518] (crazyflie_interfaces) StdoutLine: {'line': b'[ 31%] Built target crazyflie_interfaces__rosidl_typesupport_fastrtps_cpp\n'}
[1.005609] (crazyflie_interfaces) StdoutLine: {'line': b'[ 37%] Built target crazyflie_interfaces__rosidl_typesupport_introspection_cpp\n'}
[1.005683] (-) TimerEvent: {}
[1.006113] (crazyflie_interfaces) StdoutLine: {'line': b'[ 49%] Built target crazyflie_interfaces__rosidl_typesupport_cpp\n'}
[1.006212] (crazyflie_interfaces) StdoutLine: {'line': b'[ 61%] Built target crazyflie_interfaces__rosidl_typesupport_fastrtps_c\n'}
[1.006290] (crazyflie_interfaces) StdoutLine: {'line': b'[ 73%] Built target crazyflie_interfaces__rosidl_typesupport_c\n'}
[1.006368] (crazyflie_interfaces) StdoutLine: {'line': b'[ 85%] Built target crazyflie_interfaces__rosidl_typesupport_introspection_c\n'}
[1.006445] (crazyflie_interfaces) StdoutLine: {'line': b'[ 85%] Built target crazyflie_interfaces\n'}
[1.006562] (crazyflie_interfaces) StdoutLine: {'line': b'[ 86%] Built target crazyflie_interfaces__py\n'}
[1.006670] (crazyflie_interfaces) StdoutLine: {'line': b'[ 97%] Built target crazyflie_interfaces__rosidl_generator_py\n'}
[1.006763] (crazyflie_interfaces) StdoutLine: {'line': b'[ 98%] Built target crazyflie_interfaces__rosidl_typesupport_introspection_c__pyext\n'}
[1.006870] (crazyflie_interfaces) StdoutLine: {'line': b'[ 99%] Built target crazyflie_interfaces__rosidl_typesupport_fastrtps_c__pyext\n'}
[1.006945] (crazyflie_interfaces) StdoutLine: {'line': b'[100%] Built target crazyflie_interfaces__rosidl_typesupport_c__pyext\n'}
[1.007031] (crazyflie_interfaces) StdoutLine: {'line': b'running egg_info\n'}
[1.007672] (crazyflie_interfaces) StdoutLine: {'line': b'writing crazyflie_interfaces.egg-info/PKG-INFO\n'}
[1.007847] (crazyflie_interfaces) StdoutLine: {'line': b'writing dependency_links to crazyflie_interfaces.egg-info/dependency_links.txt\n'}
[1.007959] (crazyflie_interfaces) StdoutLine: {'line': b'writing top-level names to crazyflie_interfaces.egg-info/top_level.txt\n'}
[1.008068] (crazyflie_interfaces) StdoutLine: {'line': b"reading manifest file 'crazyflie_interfaces.egg-info/SOURCES.txt'\n"}
[1.008171] (crazyflie_interfaces) StdoutLine: {'line': b"writing manifest file 'crazyflie_interfaces.egg-info/SOURCES.txt'\n"}
[1.008278] (crazyflie_interfaces) StdoutLine: {'line': b'[100%] Built target ament_cmake_python_build_crazyflie_interfaces_egg\n'}
[1.105821] (-) TimerEvent: {}
[1.206259] (-) TimerEvent: {}
[1.306702] (-) TimerEvent: {}
[1.383192] (crazyflie_interfaces) CommandEnded: {'returncode': 0}
[1.384738] (crazyflie_interfaces) JobProgress: {'identifier': 'crazyflie_interfaces', 'progress': 'install'}
[1.400372] (crazyflie_interfaces) Command: {'cmd': ['/usr/bin/cmake', '--install', '/home/gowtham/crazyflie_ws/build/crazyflie_interfaces'], 'cwd': '/home/gowtham/crazyflie_ws/build/crazyflie_interfaces', 'env': OrderedDict([('LESSOPEN', '| /usr/bin/lesspipe %s'), ('LANGUAGE', 'en_IN:en'), ('USER', 'gowtham'), ('XDG_SESSION_TYPE', 'wayland'), ('SHLVL', '1'), ('LD_LIBRARY_PATH', '/home/gowtham/crazyflie_ws/install/crazyflie_interfaces/lib:/home/gowtham/swarm_ws/install/crazyflie_interfaces/lib:/opt/ros/humble/opt/rviz_ogre_vendor/lib:/opt/ros/humble/lib/x86_64-linux-gnu:/opt/ros/humble/lib'), ('HOME', '/home/gowtham'), ('OLDPWD', '/home/gowtham/crazyflie_ws'), ('DESKTOP_SESSION', 'ubuntu'), ('ROS_PYTHON_VERSION', '3'), ('GNOME_SHELL_SESSION_MODE', 'ubuntu'), ('GTK_MODULES', 'gail:atk-bridge'), ('SYSTEMD_EXEC_PID', '1223'), ('DBUS_SESSION_BUS_ADDRESS', 'unix:path=/run/user/1000/bus'), ('COLORTERM', 'truecolor'), ('IM_CONFIG_PHASE', '1'), ('WAYLAND_DISPLAY', 'wayland-0'), ('COLCON_PREFIX_PATH', '/home/gowtham/crazyflie_ws/install:/home/gowtham/swarm_ws/install'), ('ROS_DISTRO', 'humble'), ('LOGNAME', 'gowtham'), ('_', '/usr/bin/colcon'), ('ROS_VERSION', '2'), ('XDG_SESSION_CLASS', 'user'), ('USERNAME', 'gowtham'), ('TERM', 'xterm-256color'), ('GNOME_DESKTOP_SESSION_ID', 'this-is-deprecated'), ('ROS_LOCALHOST_ONLY', '0'), ('PATH', '/opt/ros/humble/bin:/home/gowtham/.local/bin:/usr/local/sbin:/usr/local/bin:/usr/sbin:/usr/bin:/sbin:/bin:/usr/games:/usr/local/games:/snap/bin:/snap/bin:/home/gowtham/.local/bin'), ('SESSION_MANAGER', 'local/gowtham:@/tmp/.ICE-unix/982,unix/gowtham:/tmp/.ICE-unix/982'), ('XDG_MENU_PREFIX', 'gnome-'), ('GNOME_TERMINAL_SCREEN', '/org/gnome/Terminal/screen/66663db3_71b1_4ea7_9e7c_3581e2124211'), ('GNOME_SETUP_DISPLAY', ':1'), ('XDG_RUNTIME_DIR', '/run/user/1000'), ('DISPLAY', ':0'), ('LANG', 'en_US.UTF-8'), ('XDG_CURRENT_DESKTOP', 'ubuntu:GNOME'), ('XMODIFIERS', '@im=ibus'), ('XDG_SESSION_DESKTOP', 'ubuntu'), ('XAUTHORITY', '/run/user/1000/.mutter-Xwaylandauth.YWIQP3'), ('LS_COLORS', 'rs=0:di=01;34:ln=01;36:mh=00:pi=40;33:so=01;35:do=01;35:bd=40;33;01:cd=40;33;01:or=40;31;01:mi=00:su=37;41:sg=30;43:ca=30;41:tw=30;42:ow=34;42:st=37;44:ex=01;32:*.tar=01;31:*.tgz=01;31:*.arc=01;31:*.arj=01;31:*.taz=01;31:*.lha=01;31:*.lz4=01;31:*.lzh=01;31:*.lzma=01;31:*.tlz=01;31:*.txz=01;31:*.tzo=01;31:*.t7z=01;31:*.zip=01;31:*.z=01;31:*.dz=01;31:*.gz=01;31:*.lrz=01;31:*.lz=01;31:*.lzo=01;31:*.xz=01;31:*.zst=01;31:*.tzst=01;31:*.bz2=01;31:*.bz=01;31:*.tbz=01;31:*.tbz2=01;31:*.tz=01;31:*.deb=01;31:*.rpm=01;31:*.jar=01;31:*.war=01;31:*.ear=01;31:*.sar=01;31:*.rar=01;31:*.alz=01;31:*.ace=01;31:*.zoo=01;31:*.cpio=01;31:*.7z=01;31:*.rz=01;31:*.cab=01;31:*.wim=01;31:*.swm=01;31:*.dwm=01;31:*.esd=01;31:*.jpg=01;35:*.jpeg=01;35:*.mjpg=01;35:*.mjpeg=01;35:*.gif=01;35:*.bmp=01;35:*.pbm=01;35:*.pgm=01;35:*.ppm=01;35:*.tga=01;35:*.xbm=01;35:*.xpm=01;35:*.tif=01;35:*.tiff=01;35:*.png=01;35:*.svg=01;35:*.svgz=01;35:*.mng=01;35:*.pcx=01;35:*.mov=01;35:*.mpg=01;35:*.mpeg=01;35:*.m2v=01;35:*.mkv=01;35:*.webm=01;35:*.webp=01;35:*.ogm=01;35:*.mp4=01;35:*.m4v=01;35:*.mp4v=01;35:*.vob=01;35:*.qt=01;35:*.nuv=01;35:*.wmv=01;35:*.asf=01;35:*.rm=01;35:*.rmvb=01;35:*.flc=01;35:*.avi=01;35:*.fli=01;35:*.flv=01;35:*.gl=01;35:*.dl=01;35:*.xcf=01;35:*.xwd=01;35:*.yuv=01;35:*.cgm=01;35:*.emf=01;35:*.ogv=01;35:*.ogx=01;35:*.aac=00;36:*.au=00;36:*.flac=00;36:*.m4a=00;36:*.mid=00;36:*.midi=00;36:*.mka=00;36:*.mp3=00;36:*.mpc=00;36:*.ogg=00;36:*.ra=00;36:*.wav=00;36:*.oga=00;36:*.opus=00;36:*.spx=00;36:*.xspf=00;36:'), ('GNOME_TERMINAL_SERVICE', ':1.490'), ('SSH_AGENT_LAUNCHER', 'gnome-keyring'), ('SSH_AUTH_SOCK', '/run/user/1000/keyring/ssh'), ('AMENT_PREFIX_PATH', '/home/gowtham/crazyflie_ws/install/swarm_navigation:/home/gowtham/crazyflie_ws/install/swarm_guidance:/home/gowtham/crazyflie_ws/install/crazyflie_sim:/home/gowtham/crazyflie_ws/install/crazyflie_examples:/home/gowtham/crazyflie_ws/install/crazyflie_py:/home/gowtham/crazyflie_ws/install/crazyflie:/home/gowtham/crazyflie_ws/install/crazyflie_interfaces:/home/gowtham/crazyflie_ws/install/central_swarm_control:/home/gowtham/swarm_ws/install/guidance_layer:/home/gowtham/swarm_ws/install/crazyflie_sim:/home/gowtham/swarm_ws/install/crazyflie_examples:/home/gowtham/swarm_ws/install/crazyflie_py:/home/gowtham/swarm_ws/install/crazyflie:/home/gowtham/swarm_ws/install/crazyflie_interfaces:/home/gowtham/swarm_ws/install/control_layer:/home/gowtham/swarm_ws/install/consensus_controller:/opt/ros/humble'), ('SHELL', '/bin/bash'), ('QT_ACCESSIBILITY', '1'), ('GDMSESSION', 'ubuntu'), ('LESSCLOSE', '/usr/bin/lesspipe %s %s'), ('QT_IM_MODULE', 'ibus'), ('PWD', '/home/gowtham/crazyflie_ws/build/crazyflie_interfaces'), ('LC_ALL', 'en_US.UTF-8'), ('XDG_CONFIG_DIRS', '/etc/xdg/xdg-ubuntu:/etc/xdg'), ('XDG_DATA_DIRS', '/usr/share/ubuntu:/usr/local/share/:/usr/share/:/var/lib/snapd/desktop'), ('PYTHONPATH', '/home/gowtham/crazyflie_ws/install/swarm_navigation/lib/python3.10/site-packages:/home/gowtham/crazyflie_ws/install/swarm_guidance/lib/python3.10/site-packages:/home/gowtham/crazyflie_ws/install/crazyflie_sim/local/lib/python3.10/dist-packages:/home/gowtham/crazyflie_ws/install/crazyflie_examples/local/lib/python3.10/dist-packages:/home/gowtham/crazyflie_ws/install/crazyflie_py/lib/python3.10/site-packages:/home/gowtham/crazyflie_ws/install/crazyflie_interfaces/local/lib/python3.10/dist-packages:/home/gowtham/crazyflie_ws/install/central_swarm_control/lib/python3.10/site-packages:/home/gowtham/crazyflie-firmware/build:/home/gowtham/crazyflie-firmware/build:/home/gowtham/swarm_ws/install/guidance_layer/lib/python3.10/site-packages:/home/gowtham/swarm_ws/install/crazyflie_sim/local/lib/python3.10/dist-packages:/home/gowtham/swarm_ws/install/crazyflie_examples/local/lib/python3.10/dist-packages:/home/gowtham/swarm_ws/install/crazyflie_py/lib/python3.10/site-packages:/home/gowtham/swarm_ws/install/crazyflie_interfaces/local/lib/python3.10/dist-packages:/home/gowtham/swarm_ws/install/control_layer/lib/python3.10/site-packages:/home/gowtham/swarm_ws/install/consensus_controller/lib/python3.10/site-packages:/opt/ros/humble/lib/python3.10/site-packages:/opt/ros/humble/local/lib/python3.10/dist-packages'), ('COLCON', '1'), ('VTE_VERSION', '6800'), ('CMAKE_PREFIX_PATH', '/home/gowtham/crazyflie_ws/install/crazyflie_sim:/home/gowtham/crazyflie_ws/install/crazyflie_examples:/home/gowtham/crazyflie_ws/install/crazyflie:/home/gowtham/crazyflie_ws/install/crazyflie_interfaces:/home/gowtham/swarm_ws/install/crazyflie_sim:/home/gowtham/swarm_ws/install/crazyflie_examples:/home/gowtham/swarm_ws/install/crazyflie:/home/gowtham/swarm_ws/install/crazyflie_interfaces:/home/gowtham/crazyflie_ws/install/swarm_navigation:/home/gowtham/crazyflie_ws/install/swarm_guidance:/home/gowtham/crazyflie_ws/install/crazyflie_py:/home/gowtham/crazyflie_ws/install/central_swarm_control:/home/gowtham/swarm_ws/install/guidance_layer:/home/gowtham/swarm_ws/install/crazyflie_py:/home/gowtham/swarm_ws/install/control_layer:/home/gowtham/swarm_ws/install/consensus_controller:/opt/ros/humble')]), 'shell': False}
[1.408729] (-) TimerEvent: {}
[1.415645] (crazyflie_interfaces) StdoutLine: {'line': b'-- Install configuration: ""\n'}
[1.416740] (crazyflie_interfaces) StdoutLine: {'line': b'-- Up-to-date: /home/gowtham/crazyflie_ws/install/crazyflie_interfaces/share/ament_index/resource_index/rosidl_interfaces/crazyflie_interfaces\n'}
[1.417177] (crazyflie_interfaces) StdoutLine: {'line': b'-- Up-to-date: /home/gowtham/crazyflie_ws/install/crazyflie_interfaces/include/crazyflie_interfaces/crazyflie_interfaces\n'}
[1.417620] (crazyflie_interfaces) StdoutLine: {'line': b'-- Up-to-date: /home/gowtham/crazyflie_ws/install/crazyflie_interfaces/include/crazyflie_interfaces/crazyflie_interfaces/srv\n'}
[1.418427] (crazyflie_interfaces) StdoutLine: {'line': b'-- Up-to-date: /home/gowtham/crazyflie_ws/install/crazyflie_interfaces/include/crazyflie_interfaces/crazyflie_interfaces/srv/takeoff.h\n'}
[1.418662] (crazyflie_interfaces) StdoutLine: {'line': b'-- Up-to-date: /home/gowtham/crazyflie_ws/install/crazyflie_interfaces/include/crazyflie_interfaces/crazyflie_interfaces/srv/update_params.h\n'}
[1.419306] (crazyflie_interfaces) StdoutLine: {'line': b'-- Up-to-date: /home/gowtham/crazyflie_ws/install/crazyflie_interfaces/include/crazyflie_interfaces/crazyflie_interfaces/srv/go_to.h\n'}
[1.422282] (crazyflie_interfaces) StdoutLine: {'line': b'-- Up-to-date: /home/gowtham/crazyflie_ws/install/crazyflie_interfaces/include/crazyflie_interfaces/crazyflie_interfaces/srv/start_trajectory.h\n'}
[1.422538] (crazyflie_interfaces) StdoutLine: {'line': b'-- Up-to-date: /home/gowtham/crazyflie_ws/install/crazyflie_interfaces/include/crazyflie_interfaces/crazyflie_interfaces/srv/notify_setpoints_stop.h\n'}
[1.422988] (crazyflie_interfaces) StdoutLine: {'line': b'-- Up-to-date: /home/gowtham/crazyflie_ws/install/crazyflie_interfaces/include/crazyflie_interfaces/crazyflie_interfaces/srv/arm.h\n'}
[1.423099] (crazyflie_interfaces) StdoutLine: {'line': b'-- Up-to-date: /home/gowtham/crazyflie_ws/install/crazyflie_interfaces/include/crazyflie_interfaces/crazyflie_interfaces/srv/land.h\n'}
[1.423201] (crazyflie_interfaces) StdoutLine: {'line': b'-- Up-to-date: /home/gowtham/crazyflie_ws/install/crazyflie_interfaces/include/crazyflie_interfaces/crazyflie_interfaces/srv/upload_trajectory.h\n'}
[1.423301] (crazyflie_interfaces) StdoutLine: {'line': b'-- Up-to-date: /home/gowtham/crazyflie_ws/install/crazyflie_interfaces/include/crazyflie_interfaces/crazyflie_interfaces/srv/set_group_mask.h\n'}
[1.423416] (crazyflie_interfaces) StdoutLine: {'line': b'-- Up-to-date: /home/gowtham/crazyflie_ws/install/crazyflie_interfaces/include/crazyflie_interfaces/crazyflie_interfaces/srv/detail\n'}
[1.423576] (crazyflie_interfaces) StdoutLine: {'line': b'-- Up-to-date: /home/gowtham/crazyflie_ws/install/crazyflie_interfaces/include/crazyflie_interfaces/crazyflie_interfaces/srv/detail/upload_trajectory__functions.c\n'}
[1.423836] (crazyflie_interfaces) StdoutLine: {'line': b'-- Up-to-date: /home/gowtham/crazyflie_ws/install/crazyflie_interfaces/include/crazyflie_interfaces/crazyflie_interfaces/srv/detail/stop__functions.c\n'}
[1.424046] (crazyflie_interfaces) StdoutLine: {'line': b'-- Up-to-date: /home/gowtham/crazyflie_ws/install/crazyflie_interfaces/include/crazyflie_interfaces/crazyflie_interfaces/srv/detail/remove_logging__struct.h\n'}
[1.424223] (crazyflie_interfaces) StdoutLine: {'line': b'-- Up-to-date: /home/gowtham/crazyflie_ws/install/crazyflie_interfaces/include/crazyflie_interfaces/crazyflie_interfaces/srv/detail/add_logging__type_support.h\n'}
[1.424313] (crazyflie_interfaces) StdoutLine: {'line': b'-- Up-to-date: /home/gowtham/crazyflie_ws/install/crazyflie_interfaces/include/crazyflie_interfaces/crazyflie_interfaces/srv/detail/update_params__struct.h\n'}
[1.424400] (crazyflie_interfaces) StdoutLine: {'line': b'-- Up-to-date: /home/gowtham/crazyflie_ws/install/crazyflie_interfaces/include/crazyflie_interfaces/crazyflie_interfaces/srv/detail/start_trajectory__type_support.h\n'}
[1.424572] (crazyflie_interfaces) StdoutLine: {'line': b'-- Up-to-date: /home/gowtham/crazyflie_ws/install/crazyflie_interfaces/include/crazyflie_interfaces/crazyflie_interfaces/srv/detail/go_to__functions.h\n'}
[1.424677] (crazyflie_interfaces) StdoutLine: {'line': b'-- Up-to-date: /home/gowtham/crazyflie_ws/install/crazyflie_interfaces/include/crazyflie_interfaces/crazyflie_interfaces/srv/detail/stop__type_support.h\n'}
[1.424773] (crazyflie_interfaces) StdoutLine: {'line': b'-- Up-to-date: /home/gowtham/crazyflie_ws/install/crazyflie_interfaces/include/crazyflie_interfaces/crazyflie_interfaces/srv/detail/upload_trajectory__struct.h\n'}
[1.424869] (crazyflie_interfaces) StdoutLine: {'line': b'-- Up-to-date: /home/gowtham/crazyflie_ws/install/crazyflie_interfaces/include/crazyflie_interfaces/crazyflie_interfaces/srv/detail/add_logging__functions.h\n'}
[1.424971] (crazyflie_interfaces) StdoutLine: {'line': b'-- Up-to-date: /home/gowtham/crazyflie_ws/install/crazyflie_interfaces/include/crazyflie_interfaces/crazyflie_interfaces/srv/detail/land__functions.c\n'}
[1.425072] (crazyflie_interfaces) StdoutLine: {'line': b'-- Up-to-date: /home/gowtham/crazyflie_ws/install/crazyflie_interfaces/include/crazyflie_interfaces/crazyflie_interfaces/srv/detail/set_group_mask__struct.h\n'}
[1.425211] (crazyflie_interfaces) StdoutLine: {'line': b'-- Up-to-date: /home/gowtham/crazyflie_ws/install/crazyflie_interfaces/include/crazyflie_interfaces/crazyflie_interfaces/srv/detail/arm__type_support.h\n'}
[1.425318] (crazyflie_interfaces) StdoutLine: {'line': b'-- Up-to-date: /home/gowtham/crazyflie_ws/install/crazyflie_interfaces/include/crazyflie_interfaces/crazyflie_interfaces/srv/detail/update_params__type_support.h\n'}
[1.425418] (crazyflie_interfaces) StdoutLine: {'line': b'-- Up-to-date: /home/gowtham/crazyflie_ws/install/crazyflie_interfaces/include/crazyflie_interfaces/crazyflie_interfaces/srv/detail/land__type_support.h\n'}
[1.425534] (crazyflie_interfaces) StdoutLine: {'line': b'-- Up-to-date: /home/gowtham/crazyflie_ws/install/crazyflie_interfaces/include/crazyflie_interfaces/crazyflie_interfaces/srv/detail/start_trajectory__struct.h\n'}
[1.425649] (crazyflie_interfaces) StdoutLine: {'line': b'-- Up-to-date: /home/gowtham/crazyflie_ws/install/crazyflie_interfaces/include/crazyflie_interfaces/crazyflie_interfaces/srv/detail/update_params__functions.c\n'}
[1.425764] (crazyflie_interfaces) StdoutLine: {'line': b'-- Up-to-date: /home/gowtham/crazyflie_ws/install/crazyflie_interfaces/include/crazyflie_interfaces/crazyflie_interfaces/srv/detail/land__functions.h\n'}
[1.425865] (crazyflie_interfaces) StdoutLine: {'line': b'-- Up-to-date: /home/gowtham/crazyflie_ws/install/crazyflie_interfaces/include/crazyflie_interfaces/crazyflie_interfaces/srv/detail/land__struct.h\n'}
[1.426006] (crazyflie_interfaces) StdoutLine: {'line': b'-- Up-to-date: /home/gowtham/crazyflie_ws/install/crazyflie_interfaces/include/crazyflie_interfaces/crazyflie_interfaces/srv/detail/takeoff__struct.h\n'}
[1.426104] (crazyflie_interfaces) StdoutLine: {'line': b'-- Up-to-date: /home/gowtham/crazyflie_ws/install/crazyflie_interfaces/include/crazyflie_interfaces/crazyflie_interfaces/srv/detail/upload_trajectory__type_support.h\n'}
[1.426240] (crazyflie_interfaces) StdoutLine: {'line': b'-- Up-to-date: /home/gowtham/crazyflie_ws/install/crazyflie_interfaces/include/crazyflie_interfaces/crazyflie_interfaces/srv/detail/set_group_mask__functions.h\n'}
[1.426340] (crazyflie_interfaces) StdoutLine: {'line': b'-- Up-to-date: /home/gowtham/crazyflie_ws/install/crazyflie_interfaces/include/crazyflie_interfaces/crazyflie_interfaces/srv/detail/set_group_mask__type_support.h\n'}
[1.426461] (crazyflie_interfaces) StdoutLine: {'line': b'-- Up-to-date: /home/gowtham/crazyflie_ws/install/crazyflie_interfaces/include/crazyflie_interfaces/crazyflie_interfaces/srv/detail/stop__struct.h\n'}
[1.426617] (crazyflie_interfaces) StdoutLine: {'line': b'-- Up-to-date: /home/gowtham/crazyflie_ws/install/crazyflie_interfaces/include/crazyflie_interfaces/crazyflie_interfaces/srv/detail/notify_setpoints_stop__struct.h\n'}
[1.426914] (crazyflie_interfaces) StdoutLine: {'line': b'-- Up-to-date: /home/gowtham/crazyflie_ws/install/crazyflie_interfaces/include/crazyflie_interfaces/crazyflie_interfaces/srv/detail/remove_logging__functions.h\n'}
[1.427201] (crazyflie_interfaces) StdoutLine: {'line': b'-- Up-to-date: /home/gowtham/crazyflie_ws/install/crazyflie_interfaces/include/crazyflie_interfaces/crazyflie_interfaces/srv/detail/takeoff__functions.c\n'}
[1.427489] (crazyflie_interfaces) StdoutLine: {'line': b'-- Up-to-date: /home/gowtham/crazyflie_ws/install/crazyflie_interfaces/include/crazyflie_interfaces/crazyflie_interfaces/srv/detail/start_trajectory__functions.h\n'}
[1.427838] (crazyflie_interfaces) StdoutLine: {'line': b'-- Up-to-date: /home/gowtham/crazyflie_ws/install/crazyflie_interfaces/include/crazyflie_interfaces/crazyflie_interfaces/srv/detail/start_trajectory__functions.c\n'}
[1.428130] (crazyflie_interfaces) StdoutLine: {'line': b'-- Up-to-date: /home/gowtham/crazyflie_ws/install/crazyflie_interfaces/include/crazyflie_interfaces/crazyflie_interfaces/srv/detail/remove_logging__type_support.h\n'}
[1.428493] (crazyflie_interfaces) StdoutLine: {'line': b'-- Up-to-date: /home/gowtham/crazyflie_ws/install/crazyflie_interfaces/include/crazyflie_interfaces/crazyflie_interfaces/srv/detail/notify_setpoints_stop__type_support.h\n'}
[1.428748] (crazyflie_interfaces) StdoutLine: {'line': b'-- Up-to-date: /home/gowtham/crazyflie_ws/install/crazyflie_interfaces/include/crazyflie_interfaces/crazyflie_interfaces/srv/detail/go_to__type_support.h\n'}
[1.428897] (crazyflie_interfaces) StdoutLine: {'line': b'-- Up-to-date: /home/gowtham/crazyflie_ws/install/crazyflie_interfaces/include/crazyflie_interfaces/crazyflie_interfaces/srv/detail/notify_setpoints_stop__functions.c\n'}
[1.428998] (crazyflie_interfaces) StdoutLine: {'line': b'-- Up-to-date: /home/gowtham/crazyflie_ws/install/crazyflie_interfaces/include/crazyflie_interfaces/crazyflie_interfaces/srv/detail/upload_trajectory__functions.h\n'}
[1.429099] (crazyflie_interfaces) StdoutLine: {'line': b'-- Up-to-date: /home/gowtham/crazyflie_ws/install/crazyflie_interfaces/include/crazyflie_interfaces/crazyflie_interfaces/srv/detail/go_to__struct.h\n'}
[1.429197] (crazyflie_interfaces) StdoutLine: {'line': b'-- Up-to-date: /home/gowtham/crazyflie_ws/install/crazyflie_interfaces/include/crazyflie_interfaces/crazyflie_interfaces/srv/detail/takeoff__type_support.h\n'}
[1.429295] (crazyflie_interfaces) StdoutLine: {'line': b'-- Up-to-date: /home/gowtham/crazyflie_ws/install/crazyflie_interfaces/include/crazyflie_interfaces/crazyflie_interfaces/srv/detail/notify_setpoints_stop__functions.h\n'}
[1.429392] (crazyflie_interfaces) StdoutLine: {'line': b'-- Up-to-date: /home/gowtham/crazyflie_ws/install/crazyflie_interfaces/include/crazyflie_interfaces/crazyflie_interfaces/srv/detail/set_group_mask__functions.c\n'}
[1.429489] (crazyflie_interfaces) StdoutLine: {'line': b'-- Up-to-date: /home/gowtham/crazyflie_ws/install/crazyflie_interfaces/include/crazyflie_interfaces/crazyflie_interfaces/srv/detail/add_logging__struct.h\n'}
[1.429616] (crazyflie_interfaces) StdoutLine: {'line': b'-- Up-to-date: /home/gowtham/crazyflie_ws/install/crazyflie_interfaces/include/crazyflie_interfaces/crazyflie_interfaces/srv/detail/stop__functions.h\n'}
[1.429717] (crazyflie_interfaces) StdoutLine: {'line': b'-- Up-to-date: /home/gowtham/crazyflie_ws/install/crazyflie_interfaces/include/crazyflie_interfaces/crazyflie_interfaces/srv/detail/remove_logging__functions.c\n'}
[1.429815] (crazyflie_interfaces) StdoutLine: {'line': b'-- Up-to-date: /home/gowtham/crazyflie_ws/install/crazyflie_interfaces/include/crazyflie_interfaces/crazyflie_interfaces/srv/detail/arm__functions.c\n'}
[1.429924] (crazyflie_interfaces) StdoutLine: {'line': b'-- Up-to-date: /home/gowtham/crazyflie_ws/install/crazyflie_interfaces/include/crazyflie_interfaces/crazyflie_interfaces/srv/detail/arm__struct.h\n'}
[1.430024] (crazyflie_interfaces) StdoutLine: {'line': b'-- Up-to-date: /home/gowtham/crazyflie_ws/install/crazyflie_interfaces/include/crazyflie_interfaces/crazyflie_interfaces/srv/detail/takeoff__functions.h\n'}
[1.430144] (crazyflie_interfaces) StdoutLine: {'line': b'-- Up-to-date: /home/gowtham/crazyflie_ws/install/crazyflie_interfaces/include/crazyflie_interfaces/crazyflie_interfaces/srv/detail/add_logging__functions.c\n'}
[1.430261] (crazyflie_interfaces) StdoutLine: {'line': b'-- Up-to-date: /home/gowtham/crazyflie_ws/install/crazyflie_interfaces/include/crazyflie_interfaces/crazyflie_interfaces/srv/detail/arm__functions.h\n'}
[1.430358] (crazyflie_interfaces) StdoutLine: {'line': b'-- Up-to-date: /home/gowtham/crazyflie_ws/install/crazyflie_interfaces/include/crazyflie_interfaces/crazyflie_interfaces/srv/detail/update_params__functions.h\n'}
[1.430457] (crazyflie_interfaces) StdoutLine: {'line': b'-- Up-to-date: /home/gowtham/crazyflie_ws/install/crazyflie_interfaces/include/crazyflie_interfaces/crazyflie_interfaces/srv/detail/go_to__functions.c\n'}
[1.430636] (crazyflie_interfaces) StdoutLine: {'line': b'-- Up-to-date: /home/gowtham/crazyflie_ws/install/crazyflie_interfaces/include/crazyflie_interfaces/crazyflie_interfaces/srv/remove_logging.h\n'}
[1.430808] (crazyflie_interfaces) StdoutLine: {'line': b'-- Up-to-date: /home/gowtham/crazyflie_ws/install/crazyflie_interfaces/include/crazyflie_interfaces/crazyflie_interfaces/srv/add_logging.h\n'}
[1.431303] (crazyflie_interfaces) StdoutLine: {'line': b'-- Up-to-date: /home/gowtham/crazyflie_ws/install/crazyflie_interfaces/include/crazyflie_interfaces/crazyflie_interfaces/srv/stop.h\n'}
[1.431451] (crazyflie_interfaces) StdoutLine: {'line': b'-- Up-to-date: /home/gowtham/crazyflie_ws/install/crazyflie_interfaces/include/crazyflie_interfaces/crazyflie_interfaces/msg\n'}
[1.431608] (crazyflie_interfaces) StdoutLine: {'line': b'-- Up-to-date: /home/gowtham/crazyflie_ws/install/crazyflie_interfaces/include/crazyflie_interfaces/crazyflie_interfaces/msg/velocity_world.h\n'}
[1.431732] (crazyflie_interfaces) StdoutLine: {'line': b'-- Up-to-date: /home/gowtham/crazyflie_ws/install/crazyflie_interfaces/include/crazyflie_interfaces/crazyflie_interfaces/msg/connection_statistics.h\n'}
[1.431849] (crazyflie_interfaces) StdoutLine: {'line': b'-- Up-to-date: /home/gowtham/crazyflie_ws/install/crazyflie_interfaces/include/crazyflie_interfaces/crazyflie_interfaces/msg/trajectory_polynomial_piece.h\n'}
[1.431967] (crazyflie_interfaces) StdoutLine: {'line': b'-- Up-to-date: /home/gowtham/crazyflie_ws/install/crazyflie_interfaces/include/crazyflie_interfaces/crazyflie_interfaces/msg/hover.h\n'}
[1.432087] (crazyflie_interfaces) StdoutLine: {'line': b'-- Up-to-date: /home/gowtham/crazyflie_ws/install/crazyflie_interfaces/include/crazyflie_interfaces/crazyflie_interfaces/msg/log_data_generic.h\n'}
[1.432194] (crazyflie_interfaces) StdoutLine: {'line': b'-- Up-to-date: /home/gowtham/crazyflie_ws/install/crazyflie_interfaces/include/crazyflie_interfaces/crazyflie_interfaces/msg/log_block.h\n'}
[1.432292] (crazyflie_interfaces) StdoutLine: {'line': b'-- Up-to-date: /home/gowtham/crazyflie_ws/install/crazyflie_interfaces/include/crazyflie_interfaces/crazyflie_interfaces/msg/rosidl_generator_c__visibility_control.h\n'}
[1.432414] (crazyflie_interfaces) StdoutLine: {'line': b'-- Up-to-date: /home/gowtham/crazyflie_ws/install/crazyflie_interfaces/include/crazyflie_interfaces/crazyflie_interfaces/msg/detail\n'}
[1.432517] (crazyflie_interfaces) StdoutLine: {'line': b'-- Up-to-date: /home/gowtham/crazyflie_ws/install/crazyflie_interfaces/include/crazyflie_interfaces/crazyflie_interfaces/msg/detail/trajectory_polynomial_piece__functions.h\n'}
[1.432627] (crazyflie_interfaces) StdoutLine: {'line': b'-- Up-to-date: /home/gowtham/crazyflie_ws/install/crazyflie_interfaces/include/crazyflie_interfaces/crazyflie_interfaces/msg/detail/status__functions.h\n'}
[1.432723] (crazyflie_interfaces) StdoutLine: {'line': b'-- Up-to-date: /home/gowtham/crazyflie_ws/install/crazyflie_interfaces/include/crazyflie_interfaces/crazyflie_interfaces/msg/detail/connection_statistics__functions.c\n'}
[1.432810] (crazyflie_interfaces) StdoutLine: {'line': b'-- Up-to-date: /home/gowtham/crazyflie_ws/install/crazyflie_interfaces/include/crazyflie_interfaces/crazyflie_interfaces/msg/detail/log_block__functions.h\n'}
[1.432898] (crazyflie_interfaces) StdoutLine: {'line': b'-- Up-to-date: /home/gowtham/crazyflie_ws/install/crazyflie_interfaces/include/crazyflie_interfaces/crazyflie_interfaces/msg/detail/position__functions.c\n'}
[1.432998] (crazyflie_interfaces) StdoutLine: {'line': b'-- Up-to-date: /home/gowtham/crazyflie_ws/install/crazyflie_interfaces/include/crazyflie_interfaces/crazyflie_interfaces/msg/detail/log_data_generic__type_support.h\n'}
[1.433090] (crazyflie_interfaces) StdoutLine: {'line': b'-- Up-to-date: /home/gowtham/crazyflie_ws/install/crazyflie_interfaces/include/crazyflie_interfaces/crazyflie_interfaces/msg/detail/connection_statistics_array__functions.c\n'}
[1.433185] (crazyflie_interfaces) StdoutLine: {'line': b'-- Up-to-date: /home/gowtham/crazyflie_ws/install/crazyflie_interfaces/include/crazyflie_interfaces/crazyflie_interfaces/msg/detail/full_state__struct.h\n'}
[1.433275] (crazyflie_interfaces) StdoutLine: {'line': b'-- Up-to-date: /home/gowtham/crazyflie_ws/install/crazyflie_interfaces/include/crazyflie_interfaces/crazyflie_interfaces/msg/detail/velocity_world__type_support.h\n'}
[1.433383] (crazyflie_interfaces) StdoutLine: {'line': b'-- Up-to-date: /home/gowtham/crazyflie_ws/install/crazyflie_interfaces/include/crazyflie_interfaces/crazyflie_interfaces/msg/detail/log_block__type_support.h\n'}
[1.433488] (crazyflie_interfaces) StdoutLine: {'line': b'-- Up-to-date: /home/gowtham/crazyflie_ws/install/crazyflie_interfaces/include/crazyflie_interfaces/crazyflie_interfaces/msg/detail/velocity_world__struct.h\n'}
[1.433912] (crazyflie_interfaces) StdoutLine: {'line': b'-- Up-to-date: /home/gowtham/crazyflie_ws/install/crazyflie_interfaces/include/crazyflie_interfaces/crazyflie_interfaces/msg/detail/velocity_world__functions.h\n'}
[1.434039] (crazyflie_interfaces) StdoutLine: {'line': b'-- Up-to-date: /home/gowtham/crazyflie_ws/install/crazyflie_interfaces/include/crazyflie_interfaces/crazyflie_interfaces/msg/detail/log_block__struct.h\n'}
[1.434159] (crazyflie_interfaces) StdoutLine: {'line': b'-- Up-to-date: /home/gowtham/crazyflie_ws/install/crazyflie_interfaces/include/crazyflie_interfaces/crazyflie_interfaces/msg/detail/connection_statistics__type_support.h\n'}
[1.434275] (crazyflie_interfaces) StdoutLine: {'line': b'-- Up-to-date: /home/gowtham/crazyflie_ws/install/crazyflie_interfaces/include/crazyflie_interfaces/crazyflie_interfaces/msg/detail/hover__functions.h\n'}
[1.434392] (crazyflie_interfaces) StdoutLine: {'line': b'-- Up-to-date: /home/gowtham/crazyflie_ws/install/crazyflie_interfaces/include/crazyflie_interfaces/crazyflie_interfaces/msg/detail/status__type_support.h\n'}
[1.437518] (crazyflie_interfaces) StdoutLine: {'line': b'-- Up-to-date: /home/gowtham/crazyflie_ws/install/crazyflie_interfaces/include/crazyflie_interfaces/crazyflie_interfaces/msg/detail/full_state__functions.c\n'}
[1.438835] (crazyflie_interfaces) StdoutLine: {'line': b'-- Up-to-date: /home/gowtham/crazyflie_ws/install/crazyflie_interfaces/include/crazyflie_interfaces/crazyflie_interfaces/msg/detail/log_data_generic__struct.h\n'}
[1.438998] (crazyflie_interfaces) StdoutLine: {'line': b'-- Up-to-date: /home/gowtham/crazyflie_ws/install/crazyflie_interfaces/include/crazyflie_interfaces/crazyflie_interfaces/msg/detail/log_block__functions.c\n'}
[1.439122] (crazyflie_interfaces) StdoutLine: {'line': b'-- Up-to-date: /home/gowtham/crazyflie_ws/install/crazyflie_interfaces/include/crazyflie_interfaces/crazyflie_interfaces/msg/detail/hover__struct.h\n'}
[1.439246] (crazyflie_interfaces) StdoutLine: {'line': b'-- Up-to-date: /home/gowtham/crazyflie_ws/install/crazyflie_interfaces/include/crazyflie_interfaces/crazyflie_interfaces/msg/detail/connection_statistics_array__functions.h\n'}
[1.439371] (crazyflie_interfaces) StdoutLine: {'line': b'-- Up-to-date: /home/gowtham/crazyflie_ws/install/crazyflie_interfaces/include/crazyflie_interfaces/crazyflie_interfaces/msg/detail/status__struct.h\n'}
[1.439488] (crazyflie_interfaces) StdoutLine: {'line': b'-- Up-to-date: /home/gowtham/crazyflie_ws/install/crazyflie_interfaces/include/crazyflie_interfaces/crazyflie_interfaces/msg/detail/connection_statistics__struct.h\n'}
[1.439644] (crazyflie_interfaces) StdoutLine: {'line': b'-- Up-to-date: /home/gowtham/crazyflie_ws/install/crazyflie_interfaces/include/crazyflie_interfaces/crazyflie_interfaces/msg/detail/trajectory_polynomial_piece__type_support.h\n'}
[1.439788] (crazyflie_interfaces) StdoutLine: {'line': b'-- Up-to-date: /home/gowtham/crazyflie_ws/install/crazyflie_interfaces/include/crazyflie_interfaces/crazyflie_interfaces/msg/detail/velocity_world__functions.c\n'}
[1.439937] (crazyflie_interfaces) StdoutLine: {'line': b'-- Up-to-date: /home/gowtham/crazyflie_ws/install/crazyflie_interfaces/include/crazyflie_interfaces/crazyflie_interfaces/msg/detail/connection_statistics_array__type_support.h\n'}
[1.440081] (crazyflie_interfaces) StdoutLine: {'line': b'-- Up-to-date: /home/gowtham/crazyflie_ws/install/crazyflie_interfaces/include/crazyflie_interfaces/crazyflie_interfaces/msg/detail/connection_statistics__functions.h\n'}
[1.440248] (crazyflie_interfaces) StdoutLine: {'line': b'-- Up-to-date: /home/gowtham/crazyflie_ws/install/crazyflie_interfaces/include/crazyflie_interfaces/crazyflie_interfaces/msg/detail/position__struct.h\n'}
[1.440701] (crazyflie_interfaces) StdoutLine: {'line': b'-- Up-to-date: /home/gowtham/crazyflie_ws/install/crazyflie_interfaces/include/crazyflie_interfaces/crazyflie_interfaces/msg/detail/position__functions.h\n'}
[1.443761] (crazyflie_interfaces) StdoutLine: {'line': b'-- Up-to-date: /home/gowtham/crazyflie_ws/install/crazyflie_interfaces/include/crazyflie_interfaces/crazyflie_interfaces/msg/detail/full_state__functions.h\n'}
[1.443972] (crazyflie_interfaces) StdoutLine: {'line': b'-- Up-to-date: /home/gowtham/crazyflie_ws/install/crazyflie_interfaces/include/crazyflie_interfaces/crazyflie_interfaces/msg/detail/hover__type_support.h\n'}
[1.444097] (crazyflie_interfaces) StdoutLine: {'line': b'-- Up-to-date: /home/gowtham/crazyflie_ws/install/crazyflie_interfaces/include/crazyflie_interfaces/crazyflie_interfaces/msg/detail/full_state__type_support.h\n'}
[1.444236] (crazyflie_interfaces) StdoutLine: {'line': b'-- Up-to-date: /home/gowtham/crazyflie_ws/install/crazyflie_interfaces/include/crazyflie_interfaces/crazyflie_interfaces/msg/detail/hover__functions.c\n'}
[1.444362] (crazyflie_interfaces) StdoutLine: {'line': b'-- Up-to-date: /home/gowtham/crazyflie_ws/install/crazyflie_interfaces/include/crazyflie_interfaces/crazyflie_interfaces/msg/detail/connection_statistics_array__struct.h\n'}
[1.444488] (crazyflie_interfaces) StdoutLine: {'line': b'-- Up-to-date: /home/gowtham/crazyflie_ws/install/crazyflie_interfaces/include/crazyflie_interfaces/crazyflie_interfaces/msg/detail/trajectory_polynomial_piece__functions.c\n'}
[1.444667] (crazyflie_interfaces) StdoutLine: {'line': b'-- Up-to-date: /home/gowtham/crazyflie_ws/install/crazyflie_interfaces/include/crazyflie_interfaces/crazyflie_interfaces/msg/detail/log_data_generic__functions.c\n'}
[1.444811] (crazyflie_interfaces) StdoutLine: {'line': b'-- Up-to-date: /home/gowtham/crazyflie_ws/install/crazyflie_interfaces/include/crazyflie_interfaces/crazyflie_interfaces/msg/detail/log_data_generic__functions.h\n'}
[1.444931] (crazyflie_interfaces) StdoutLine: {'line': b'-- Up-to-date: /home/gowtham/crazyflie_ws/install/crazyflie_interfaces/include/crazyflie_interfaces/crazyflie_interfaces/msg/detail/position__type_support.h\n'}
[1.445093] (crazyflie_interfaces) StdoutLine: {'line': b'-- Up-to-date: /home/gowtham/crazyflie_ws/install/crazyflie_interfaces/include/crazyflie_interfaces/crazyflie_interfaces/msg/detail/trajectory_polynomial_piece__struct.h\n'}
[1.445211] (crazyflie_interfaces) StdoutLine: {'line': b'-- Up-to-date: /home/gowtham/crazyflie_ws/install/crazyflie_interfaces/include/crazyflie_interfaces/crazyflie_interfaces/msg/detail/status__functions.c\n'}
[1.445373] (crazyflie_interfaces) StdoutLine: {'line': b'-- Up-to-date: /home/gowtham/crazyflie_ws/install/crazyflie_interfaces/include/crazyflie_interfaces/crazyflie_interfaces/msg/connection_statistics_array.h\n'}
[1.445578] (crazyflie_interfaces) StdoutLine: {'line': b'-- Up-to-date: /home/gowtham/crazyflie_ws/install/crazyflie_interfaces/include/crazyflie_interfaces/crazyflie_interfaces/msg/status.h\n'}
[1.445724] (crazyflie_interfaces) StdoutLine: {'line': b'-- Up-to-date: /home/gowtham/crazyflie_ws/install/crazyflie_interfaces/include/crazyflie_interfaces/crazyflie_interfaces/msg/full_state.h\n'}
[1.445844] (crazyflie_interfaces) StdoutLine: {'line': b'-- Up-to-date: /home/gowtham/crazyflie_ws/install/crazyflie_interfaces/include/crazyflie_interfaces/crazyflie_interfaces/msg/position.h\n'}
[1.445965] (crazyflie_interfaces) StdoutLine: {'line': b'-- Up-to-date: /home/gowtham/crazyflie_ws/install/crazyflie_interfaces/share/crazyflie_interfaces/environment/library_path.sh\n'}
[1.446084] (crazyflie_interfaces) StdoutLine: {'line': b'-- Up-to-date: /home/gowtham/crazyflie_ws/install/crazyflie_interfaces/share/crazyflie_interfaces/environment/library_path.dsv\n'}
[1.446221] (crazyflie_interfaces) StdoutLine: {'line': b'-- Up-to-date: /home/gowtham/crazyflie_ws/install/crazyflie_interfaces/lib/libcrazyflie_interfaces__rosidl_generator_c.so\n'}
[1.446338] (crazyflie_interfaces) StdoutLine: {'line': b'-- Up-to-date: /home/gowtham/crazyflie_ws/install/crazyflie_interfaces/include/crazyflie_interfaces/crazyflie_interfaces\n'}
[1.446453] (crazyflie_interfaces) StdoutLine: {'line': b'-- Up-to-date: /home/gowtham/crazyflie_ws/install/crazyflie_interfaces/include/crazyflie_interfaces/crazyflie_interfaces/srv\n'}
[1.449570] (crazyflie_interfaces) StdoutLine: {'line': b'-- Up-to-date: /home/gowtham/crazyflie_ws/install/crazyflie_interfaces/include/crazyflie_interfaces/crazyflie_interfaces/srv/detail\n'}
[1.454876] (crazyflie_interfaces) StdoutLine: {'line': b'-- Up-to-date: /home/gowtham/crazyflie_ws/install/crazyflie_interfaces/include/crazyflie_interfaces/crazyflie_interfaces/srv/detail/arm__rosidl_typesupport_fastrtps_c.h\n'}
[1.455052] (crazyflie_interfaces) StdoutLine: {'line': b'-- Up-to-date: /home/gowtham/crazyflie_ws/install/crazyflie_interfaces/include/crazyflie_interfaces/crazyflie_interfaces/srv/detail/start_trajectory__rosidl_typesupport_fastrtps_c.h\n'}
[1.455220] (crazyflie_interfaces) StdoutLine: {'line': b'-- Up-to-date: /home/gowtham/crazyflie_ws/install/crazyflie_interfaces/include/crazyflie_interfaces/crazyflie_interfaces/srv/detail/upload_trajectory__rosidl_typesupport_fastrtps_c.h\n'}
[1.455344] (crazyflie_interfaces) StdoutLine: {'line': b'-- Up-to-date: /home/gowtham/crazyflie_ws/install/crazyflie_interfaces/include/crazyflie_interfaces/crazyflie_interfaces/srv/detail/takeoff__rosidl_typesupport_fastrtps_c.h\n'}
[1.455464] (crazyflie_interfaces) StdoutLine: {'line': b'-- Up-to-date: /home/gowtham/crazyflie_ws/install/crazyflie_interfaces/include/crazyflie_interfaces/crazyflie_interfaces/srv/detail/add_logging__rosidl_typesupport_fastrtps_c.h\n'}
[1.455616] (crazyflie_interfaces) StdoutLine: {'line': b'-- Up-to-date: /home/gowtham/crazyflie_ws/install/crazyflie_interfaces/include/crazyflie_interfaces/crazyflie_interfaces/srv/detail/go_to__rosidl_typesupport_fastrtps_c.h\n'}
[1.455742] (crazyflie_interfaces) StdoutLine: {'line': b'-- Up-to-date: /home/gowtham/crazyflie_ws/install/crazyflie_interfaces/include/crazyflie_interfaces/crazyflie_interfaces/srv/detail/notify_setpoints_stop__rosidl_typesupport_fastrtps_c.h\n'}
[1.455878] (crazyflie_interfaces) StdoutLine: {'line': b'-- Up-to-date: /home/gowtham/crazyflie_ws/install/crazyflie_interfaces/include/crazyflie_interfaces/crazyflie_interfaces/srv/detail/remove_logging__rosidl_typesupport_fastrtps_c.h\n'}
[1.456000] (crazyflie_interfaces) StdoutLine: {'line': b'-- Up-to-date: /home/gowtham/crazyflie_ws/install/crazyflie_interfaces/include/crazyflie_interfaces/crazyflie_interfaces/srv/detail/stop__rosidl_typesupport_fastrtps_c.h\n'}
[1.456121] (crazyflie_interfaces) StdoutLine: {'line': b'-- Up-to-date: /home/gowtham/crazyflie_ws/install/crazyflie_interfaces/include/crazyflie_interfaces/crazyflie_interfaces/srv/detail/update_params__rosidl_typesupport_fastrtps_c.h\n'}
[1.456241] (crazyflie_interfaces) StdoutLine: {'line': b'-- Up-to-date: /home/gowtham/crazyflie_ws/install/crazyflie_interfaces/include/crazyflie_interfaces/crazyflie_interfaces/srv/detail/set_group_mask__rosidl_typesupport_fastrtps_c.h\n'}
[1.456361] (crazyflie_interfaces) StdoutLine: {'line': b'-- Up-to-date: /home/gowtham/crazyflie_ws/install/crazyflie_interfaces/include/crazyflie_interfaces/crazyflie_interfaces/srv/detail/land__rosidl_typesupport_fastrtps_c.h\n'}
[1.456483] (crazyflie_interfaces) StdoutLine: {'line': b'-- Up-to-date: /home/gowtham/crazyflie_ws/install/crazyflie_interfaces/include/crazyflie_interfaces/crazyflie_interfaces/msg\n'}
[1.456787] (crazyflie_interfaces) StdoutLine: {'line': b'-- Up-to-date: /home/gowtham/crazyflie_ws/install/crazyflie_interfaces/include/crazyflie_interfaces/crazyflie_interfaces/msg/detail\n'}
[1.459728] (crazyflie_interfaces) StdoutLine: {'line': b'-- Up-to-date: /home/gowtham/crazyflie_ws/install/crazyflie_interfaces/include/crazyflie_interfaces/crazyflie_interfaces/msg/detail/position__rosidl_typesupport_fastrtps_c.h\n'}
[1.459904] (crazyflie_interfaces) StdoutLine: {'line': b'-- Up-to-date: /home/gowtham/crazyflie_ws/install/crazyflie_interfaces/include/crazyflie_interfaces/crazyflie_interfaces/msg/detail/status__rosidl_typesupport_fastrtps_c.h\n'}
[1.460026] (crazyflie_interfaces) StdoutLine: {'line': b'-- Up-to-date: /home/gowtham/crazyflie_ws/install/crazyflie_interfaces/include/crazyflie_interfaces/crazyflie_interfaces/msg/detail/log_block__rosidl_typesupport_fastrtps_c.h\n'}
[1.460146] (crazyflie_interfaces) StdoutLine: {'line': b'-- Up-to-date: /home/gowtham/crazyflie_ws/install/crazyflie_interfaces/include/crazyflie_interfaces/crazyflie_interfaces/msg/detail/velocity_world__rosidl_typesupport_fastrtps_c.h\n'}
[1.460264] (crazyflie_interfaces) StdoutLine: {'line': b'-- Up-to-date: /home/gowtham/crazyflie_ws/install/crazyflie_interfaces/include/crazyflie_interfaces/crazyflie_interfaces/msg/detail/trajectory_polynomial_piece__rosidl_typesupport_fastrtps_c.h\n'}
[1.460387] (crazyflie_interfaces) StdoutLine: {'line': b'-- Up-to-date: /home/gowtham/crazyflie_ws/install/crazyflie_interfaces/include/crazyflie_interfaces/crazyflie_interfaces/msg/detail/full_state__rosidl_typesupport_fastrtps_c.h\n'}
[1.460542] (crazyflie_interfaces) StdoutLine: {'line': b'-- Up-to-date: /home/gowtham/crazyflie_ws/install/crazyflie_interfaces/include/crazyflie_interfaces/crazyflie_interfaces/msg/detail/connection_statistics_array__rosidl_typesupport_fastrtps_c.h\n'}
[1.460692] (crazyflie_interfaces) StdoutLine: {'line': b'-- Up-to-date: /home/gowtham/crazyflie_ws/install/crazyflie_interfaces/include/crazyflie_interfaces/crazyflie_interfaces/msg/detail/hover__rosidl_typesupport_fastrtps_c.h\n'}
[1.460812] (crazyflie_interfaces) StdoutLine: {'line': b'-- Up-to-date: /home/gowtham/crazyflie_ws/install/crazyflie_interfaces/include/crazyflie_interfaces/crazyflie_interfaces/msg/detail/connection_statistics__rosidl_typesupport_fastrtps_c.h\n'}
[1.460946] (crazyflie_interfaces) StdoutLine: {'line': b'-- Up-to-date: /home/gowtham/crazyflie_ws/install/crazyflie_interfaces/include/crazyflie_interfaces/crazyflie_interfaces/msg/detail/log_data_generic__rosidl_typesupport_fastrtps_c.h\n'}
[1.461092] (crazyflie_interfaces) StdoutLine: {'line': b'-- Up-to-date: /home/gowtham/crazyflie_ws/install/crazyflie_interfaces/include/crazyflie_interfaces/crazyflie_interfaces/msg/rosidl_typesupport_fastrtps_c__visibility_control.h\n'}
[1.461215] (crazyflie_interfaces) StdoutLine: {'line': b'-- Up-to-date: /home/gowtham/crazyflie_ws/install/crazyflie_interfaces/lib/libcrazyflie_interfaces__rosidl_typesupport_fastrtps_c.so\n'}
[1.461383] (crazyflie_interfaces) StdoutLine: {'line': b'-- Up-to-date: /home/gowtham/crazyflie_ws/install/crazyflie_interfaces/include/crazyflie_interfaces/crazyflie_interfaces\n'}
[1.462739] (crazyflie_interfaces) StdoutLine: {'line': b'-- Up-to-date: /home/gowtham/crazyflie_ws/install/crazyflie_interfaces/include/crazyflie_interfaces/crazyflie_interfaces/srv\n'}
[1.462901] (crazyflie_interfaces) StdoutLine: {'line': b'-- Up-to-date: /home/gowtham/crazyflie_ws/install/crazyflie_interfaces/include/crazyflie_interfaces/crazyflie_interfaces/srv/update_params.hpp\n'}
[1.463030] (crazyflie_interfaces) StdoutLine: {'line': b'-- Up-to-date: /home/gowtham/crazyflie_ws/install/crazyflie_interfaces/include/crazyflie_interfaces/crazyflie_interfaces/srv/set_group_mask.hpp\n'}
[1.463169] (crazyflie_interfaces) StdoutLine: {'line': b'-- Up-to-date: /home/gowtham/crazyflie_ws/install/crazyflie_interfaces/include/crazyflie_interfaces/crazyflie_interfaces/srv/add_logging.hpp\n'}
[1.463309] (crazyflie_interfaces) StdoutLine: {'line': b'-- Up-to-date: /home/gowtham/crazyflie_ws/install/crazyflie_interfaces/include/crazyflie_interfaces/crazyflie_interfaces/srv/stop.hpp\n'}
[1.463447] (crazyflie_interfaces) StdoutLine: {'line': b'-- Up-to-date: /home/gowtham/crazyflie_ws/install/crazyflie_interfaces/include/crazyflie_interfaces/crazyflie_interfaces/srv/go_to.hpp\n'}
[1.464580] (crazyflie_interfaces) StdoutLine: {'line': b'-- Up-to-date: /home/gowtham/crazyflie_ws/install/crazyflie_interfaces/include/crazyflie_interfaces/crazyflie_interfaces/srv/remove_logging.hpp\n'}
[1.464784] (crazyflie_interfaces) StdoutLine: {'line': b'-- Up-to-date: /home/gowtham/crazyflie_ws/install/crazyflie_interfaces/include/crazyflie_interfaces/crazyflie_interfaces/srv/takeoff.hpp\n'}
[1.464912] (crazyflie_interfaces) StdoutLine: {'line': b'-- Up-to-date: /home/gowtham/crazyflie_ws/install/crazyflie_interfaces/include/crazyflie_interfaces/crazyflie_interfaces/srv/notify_setpoints_stop.hpp\n'}
[1.465040] (crazyflie_interfaces) StdoutLine: {'line': b'-- Up-to-date: /home/gowtham/crazyflie_ws/install/crazyflie_interfaces/include/crazyflie_interfaces/crazyflie_interfaces/srv/detail\n'}
[1.465158] (crazyflie_interfaces) StdoutLine: {'line': b'-- Up-to-date: /home/gowtham/crazyflie_ws/install/crazyflie_interfaces/include/crazyflie_interfaces/crazyflie_interfaces/srv/detail/notify_setpoints_stop__builder.hpp\n'}
[1.465290] (crazyflie_interfaces) StdoutLine: {'line': b'-- Up-to-date: /home/gowtham/crazyflie_ws/install/crazyflie_interfaces/include/crazyflie_interfaces/crazyflie_interfaces/srv/detail/set_group_mask__traits.hpp\n'}
[1.465406] (crazyflie_interfaces) StdoutLine: {'line': b'-- Up-to-date: /home/gowtham/crazyflie_ws/install/crazyflie_interfaces/include/crazyflie_interfaces/crazyflie_interfaces/srv/detail/update_params__traits.hpp\n'}
[1.465551] (crazyflie_interfaces) StdoutLine: {'line': b'-- Up-to-date: /home/gowtham/crazyflie_ws/install/crazyflie_interfaces/include/crazyflie_interfaces/crazyflie_interfaces/srv/detail/stop__type_support.hpp\n'}
[1.466286] (crazyflie_interfaces) StdoutLine: {'line': b'-- Up-to-date: /home/gowtham/crazyflie_ws/install/crazyflie_interfaces/include/crazyflie_interfaces/crazyflie_interfaces/srv/detail/upload_trajectory__type_support.hpp\n'}
[1.466773] (crazyflie_interfaces) StdoutLine: {'line': b'-- Up-to-date: /home/gowtham/crazyflie_ws/install/crazyflie_interfaces/include/crazyflie_interfaces/crazyflie_interfaces/srv/detail/arm__type_support.hpp\n'}
[1.466915] (crazyflie_interfaces) StdoutLine: {'line': b'-- Up-to-date: /home/gowtham/crazyflie_ws/install/crazyflie_interfaces/include/crazyflie_interfaces/crazyflie_interfaces/srv/detail/stop__builder.hpp\n'}
[1.467049] (crazyflie_interfaces) StdoutLine: {'line': b'-- Up-to-date: /home/gowtham/crazyflie_ws/install/crazyflie_interfaces/include/crazyflie_interfaces/crazyflie_interfaces/srv/detail/land__traits.hpp\n'}
[1.467175] (crazyflie_interfaces) StdoutLine: {'line': b'-- Up-to-date: /home/gowtham/crazyflie_ws/install/crazyflie_interfaces/include/crazyflie_interfaces/crazyflie_interfaces/srv/detail/takeoff__type_support.hpp\n'}
[1.467300] (crazyflie_interfaces) StdoutLine: {'line': b'-- Up-to-date: /home/gowtham/crazyflie_ws/install/crazyflie_interfaces/include/crazyflie_interfaces/crazyflie_interfaces/srv/detail/notify_setpoints_stop__type_support.hpp\n'}
[1.467423] (crazyflie_interfaces) StdoutLine: {'line': b'-- Up-to-date: /home/gowtham/crazyflie_ws/install/crazyflie_interfaces/include/crazyflie_interfaces/crazyflie_interfaces/srv/detail/start_trajectory__builder.hpp\n'}
[1.467572] (crazyflie_interfaces) StdoutLine: {'line': b'-- Up-to-date: /home/gowtham/crazyflie_ws/install/crazyflie_interfaces/include/crazyflie_interfaces/crazyflie_interfaces/srv/detail/update_params__struct.hpp\n'}
[1.467713] (crazyflie_interfaces) StdoutLine: {'line': b'-- Up-to-date: /home/gowtham/crazyflie_ws/install/crazyflie_interfaces/include/crazyflie_interfaces/crazyflie_interfaces/srv/detail/upload_trajectory__builder.hpp\n'}
[1.467840] (crazyflie_interfaces) StdoutLine: {'line': b'-- Up-to-date: /home/gowtham/crazyflie_ws/install/crazyflie_interfaces/include/crazyflie_interfaces/crazyflie_interfaces/srv/detail/go_to__traits.hpp\n'}
[1.467958] (crazyflie_interfaces) StdoutLine: {'line': b'-- Up-to-date: /home/gowtham/crazyflie_ws/install/crazyflie_interfaces/include/crazyflie_interfaces/crazyflie_interfaces/srv/detail/set_group_mask__builder.hpp\n'}
[1.468097] (crazyflie_interfaces) StdoutLine: {'line': b'-- Up-to-date: /home/gowtham/crazyflie_ws/install/crazyflie_interfaces/include/crazyflie_interfaces/crazyflie_interfaces/srv/detail/notify_setpoints_stop__struct.hpp\n'}
[1.468236] (crazyflie_interfaces) StdoutLine: {'line': b'-- Up-to-date: /home/gowtham/crazyflie_ws/install/crazyflie_interfaces/include/crazyflie_interfaces/crazyflie_interfaces/srv/detail/add_logging__struct.hpp\n'}
[1.468362] (crazyflie_interfaces) StdoutLine: {'line': b'-- Up-to-date: /home/gowtham/crazyflie_ws/install/crazyflie_interfaces/include/crazyflie_interfaces/crazyflie_interfaces/srv/detail/update_params__builder.hpp\n'}
[1.468486] (crazyflie_interfaces) StdoutLine: {'line': b'-- Up-to-date: /home/gowtham/crazyflie_ws/install/crazyflie_interfaces/include/crazyflie_interfaces/crazyflie_interfaces/srv/detail/add_logging__traits.hpp\n'}
[1.468648] (crazyflie_interfaces) StdoutLine: {'line': b'-- Up-to-date: /home/gowtham/crazyflie_ws/install/crazyflie_interfaces/include/crazyflie_interfaces/crazyflie_interfaces/srv/detail/start_trajectory__type_support.hpp\n'}
[1.468777] (crazyflie_interfaces) StdoutLine: {'line': b'-- Up-to-date: /home/gowtham/crazyflie_ws/install/crazyflie_interfaces/include/crazyflie_interfaces/crazyflie_interfaces/srv/detail/takeoff__builder.hpp\n'}
[1.468901] (crazyflie_interfaces) StdoutLine: {'line': b'-- Up-to-date: /home/gowtham/crazyflie_ws/install/crazyflie_interfaces/include/crazyflie_interfaces/crazyflie_interfaces/srv/detail/arm__traits.hpp\n'}
[1.469032] (crazyflie_interfaces) StdoutLine: {'line': b'-- Up-to-date: /home/gowtham/crazyflie_ws/install/crazyflie_interfaces/include/crazyflie_interfaces/crazyflie_interfaces/srv/detail/arm__builder.hpp\n'}
[1.469149] (crazyflie_interfaces) StdoutLine: {'line': b'-- Up-to-date: /home/gowtham/crazyflie_ws/install/crazyflie_interfaces/include/crazyflie_interfaces/crazyflie_interfaces/srv/detail/arm__struct.hpp\n'}
[1.469273] (crazyflie_interfaces) StdoutLine: {'line': b'-- Up-to-date: /home/gowtham/crazyflie_ws/install/crazyflie_interfaces/include/crazyflie_interfaces/crazyflie_interfaces/srv/detail/remove_logging__builder.hpp\n'}
[1.469398] (crazyflie_interfaces) StdoutLine: {'line': b'-- Up-to-date: /home/gowtham/crazyflie_ws/install/crazyflie_interfaces/include/crazyflie_interfaces/crazyflie_interfaces/srv/detail/takeoff__traits.hpp\n'}
[1.470263] (crazyflie_interfaces) StdoutLine: {'line': b'-- Up-to-date: /home/gowtham/crazyflie_ws/install/crazyflie_interfaces/include/crazyflie_interfaces/crazyflie_interfaces/srv/detail/remove_logging__type_support.hpp\n'}
[1.472446] (crazyflie_interfaces) StdoutLine: {'line': b'-- Up-to-date: /home/gowtham/crazyflie_ws/install/crazyflie_interfaces/include/crazyflie_interfaces/crazyflie_interfaces/srv/detail/stop__traits.hpp\n'}
[1.472703] (crazyflie_interfaces) StdoutLine: {'line': b'-- Up-to-date: /home/gowtham/crazyflie_ws/install/crazyflie_interfaces/include/crazyflie_interfaces/crazyflie_interfaces/srv/detail/land__type_support.hpp\n'}
[1.472832] (crazyflie_interfaces) StdoutLine: {'line': b'-- Up-to-date: /home/gowtham/crazyflie_ws/install/crazyflie_interfaces/include/crazyflie_interfaces/crazyflie_interfaces/srv/detail/notify_setpoints_stop__traits.hpp\n'}
[1.472953] (crazyflie_interfaces) StdoutLine: {'line': b'-- Up-to-date: /home/gowtham/crazyflie_ws/install/crazyflie_interfaces/include/crazyflie_interfaces/crazyflie_interfaces/srv/detail/land__struct.hpp\n'}
[1.473085] (crazyflie_interfaces) StdoutLine: {'line': b'-- Up-to-date: /home/gowtham/crazyflie_ws/install/crazyflie_interfaces/include/crazyflie_interfaces/crazyflie_interfaces/srv/detail/set_group_mask__type_support.hpp\n'}
[1.473212] (crazyflie_interfaces) StdoutLine: {'line': b'-- Up-to-date: /home/gowtham/crazyflie_ws/install/crazyflie_interfaces/include/crazyflie_interfaces/crazyflie_interfaces/srv/detail/set_group_mask__struct.hpp\n'}
[1.473335] (crazyflie_interfaces) StdoutLine: {'line': b'-- Up-to-date: /home/gowtham/crazyflie_ws/install/crazyflie_interfaces/include/crazyflie_interfaces/crazyflie_interfaces/srv/detail/stop__struct.hpp\n'}
[1.473496] (crazyflie_interfaces) StdoutLine: {'line': b'-- Up-to-date: /home/gowtham/crazyflie_ws/install/crazyflie_interfaces/include/crazyflie_interfaces/crazyflie_interfaces/srv/detail/update_params__type_support.hpp\n'}
[1.474065] (crazyflie_interfaces) StdoutLine: {'line': b'-- Up-to-date: /home/gowtham/crazyflie_ws/install/crazyflie_interfaces/include/crazyflie_interfaces/crazyflie_interfaces/srv/detail/remove_logging__struct.hpp\n'}
[1.474648] (crazyflie_interfaces) StdoutLine: {'line': b'-- Up-to-date: /home/gowtham/crazyflie_ws/install/crazyflie_interfaces/include/crazyflie_interfaces/crazyflie_interfaces/srv/detail/go_to__struct.hpp\n'}
[1.475478] (crazyflie_interfaces) StdoutLine: {'line': b'-- Up-to-date: /home/gowtham/crazyflie_ws/install/crazyflie_interfaces/include/crazyflie_interfaces/crazyflie_interfaces/srv/detail/add_logging__type_support.hpp\n'}
[1.476520] (crazyflie_interfaces) StdoutLine: {'line': b'-- Up-to-date: /home/gowtham/crazyflie_ws/install/crazyflie_interfaces/include/crazyflie_interfaces/crazyflie_interfaces/srv/detail/upload_trajectory__struct.hpp\n'}
[1.476665] (crazyflie_interfaces) StdoutLine: {'line': b'-- Up-to-date: /home/gowtham/crazyflie_ws/install/crazyflie_interfaces/include/crazyflie_interfaces/crazyflie_interfaces/srv/detail/start_trajectory__traits.hpp\n'}
[1.476771] (crazyflie_interfaces) StdoutLine: {'line': b'-- Up-to-date: /home/gowtham/crazyflie_ws/install/crazyflie_interfaces/include/crazyflie_interfaces/crazyflie_interfaces/srv/detail/add_logging__builder.hpp\n'}
[1.476877] (crazyflie_interfaces) StdoutLine: {'line': b'-- Up-to-date: /home/gowtham/crazyflie_ws/install/crazyflie_interfaces/include/crazyflie_interfaces/crazyflie_interfaces/srv/detail/remove_logging__traits.hpp\n'}
[1.477006] (crazyflie_interfaces) StdoutLine: {'line': b'-- Up-to-date: /home/gowtham/crazyflie_ws/install/crazyflie_interfaces/include/crazyflie_interfaces/crazyflie_interfaces/srv/detail/go_to__type_support.hpp\n'}
[1.477118] (crazyflie_interfaces) StdoutLine: {'line': b'-- Up-to-date: /home/gowtham/crazyflie_ws/install/crazyflie_interfaces/include/crazyflie_interfaces/crazyflie_interfaces/srv/detail/upload_trajectory__traits.hpp\n'}
[1.477220] (crazyflie_interfaces) StdoutLine: {'line': b'-- Up-to-date: /home/gowtham/crazyflie_ws/install/crazyflie_interfaces/include/crazyflie_interfaces/crazyflie_interfaces/srv/detail/start_trajectory__struct.hpp\n'}
[1.477322] (crazyflie_interfaces) StdoutLine: {'line': b'-- Up-to-date: /home/gowtham/crazyflie_ws/install/crazyflie_interfaces/include/crazyflie_interfaces/crazyflie_interfaces/srv/detail/go_to__builder.hpp\n'}
[1.477427] (crazyflie_interfaces) StdoutLine: {'line': b'-- Up-to-date: /home/gowtham/crazyflie_ws/install/crazyflie_interfaces/include/crazyflie_interfaces/crazyflie_interfaces/srv/detail/takeoff__struct.hpp\n'}
[1.477581] (crazyflie_interfaces) StdoutLine: {'line': b'-- Up-to-date: /home/gowtham/crazyflie_ws/install/crazyflie_interfaces/include/crazyflie_interfaces/crazyflie_interfaces/srv/detail/land__builder.hpp\n'}
[1.477688] (crazyflie_interfaces) StdoutLine: {'line': b'-- Up-to-date: /home/gowtham/crazyflie_ws/install/crazyflie_interfaces/include/crazyflie_interfaces/crazyflie_interfaces/srv/upload_trajectory.hpp\n'}
[1.477792] (crazyflie_interfaces) StdoutLine: {'line': b'-- Up-to-date: /home/gowtham/crazyflie_ws/install/crazyflie_interfaces/include/crazyflie_interfaces/crazyflie_interfaces/srv/start_trajectory.hpp\n'}
[1.477891] (crazyflie_interfaces) StdoutLine: {'line': b'-- Up-to-date: /home/gowtham/crazyflie_ws/install/crazyflie_interfaces/include/crazyflie_interfaces/crazyflie_interfaces/srv/arm.hpp\n'}
[1.477992] (crazyflie_interfaces) StdoutLine: {'line': b'-- Up-to-date: /home/gowtham/crazyflie_ws/install/crazyflie_interfaces/include/crazyflie_interfaces/crazyflie_interfaces/srv/land.hpp\n'}
[1.478091] (crazyflie_interfaces) StdoutLine: {'line': b'-- Up-to-date: /home/gowtham/crazyflie_ws/install/crazyflie_interfaces/include/crazyflie_interfaces/crazyflie_interfaces/msg\n'}
[1.480328] (crazyflie_interfaces) StdoutLine: {'line': b'-- Up-to-date: /home/gowtham/crazyflie_ws/install/crazyflie_interfaces/include/crazyflie_interfaces/crazyflie_interfaces/msg/hover.hpp\n'}
[1.480455] (crazyflie_interfaces) StdoutLine: {'line': b'-- Up-to-date: /home/gowtham/crazyflie_ws/install/crazyflie_interfaces/include/crazyflie_interfaces/crazyflie_interfaces/msg/velocity_world.hpp\n'}
[1.481216] (crazyflie_interfaces) StdoutLine: {'line': b'-- Up-to-date: /home/gowtham/crazyflie_ws/install/crazyflie_interfaces/include/crazyflie_interfaces/crazyflie_interfaces/msg/connection_statistics.hpp\n'}
[1.481358] (crazyflie_interfaces) StdoutLine: {'line': b'-- Up-to-date: /home/gowtham/crazyflie_ws/install/crazyflie_interfaces/include/crazyflie_interfaces/crazyflie_interfaces/msg/log_data_generic.hpp\n'}
[1.481467] (crazyflie_interfaces) StdoutLine: {'line': b'-- Up-to-date: /home/gowtham/crazyflie_ws/install/crazyflie_interfaces/include/crazyflie_interfaces/crazyflie_interfaces/msg/log_block.hpp\n'}
[1.482403] (crazyflie_interfaces) StdoutLine: {'line': b'-- Up-to-date: /home/gowtham/crazyflie_ws/install/crazyflie_interfaces/include/crazyflie_interfaces/crazyflie_interfaces/msg/detail\n'}
[1.483001] (crazyflie_interfaces) StdoutLine: {'line': b'-- Up-to-date: /home/gowtham/crazyflie_ws/install/crazyflie_interfaces/include/crazyflie_interfaces/crazyflie_interfaces/msg/detail/position__traits.hpp\n'}
[1.483362] (crazyflie_interfaces) StdoutLine: {'line': b'-- Up-to-date: /home/gowtham/crazyflie_ws/install/crazyflie_interfaces/include/crazyflie_interfaces/crazyflie_interfaces/msg/detail/status__type_support.hpp\n'}
[1.483701] (crazyflie_interfaces) StdoutLine: {'line': b'-- Up-to-date: /home/gowtham/crazyflie_ws/install/crazyflie_interfaces/include/crazyflie_interfaces/crazyflie_interfaces/msg/detail/log_block__traits.hpp\n'}
[1.484164] (crazyflie_interfaces) StdoutLine: {'line': b'-- Up-to-date: /home/gowtham/crazyflie_ws/install/crazyflie_interfaces/include/crazyflie_interfaces/crazyflie_interfaces/msg/detail/position__builder.hpp\n'}
[1.484352] (crazyflie_interfaces) StdoutLine: {'line': b'-- Up-to-date: /home/gowtham/crazyflie_ws/install/crazyflie_interfaces/include/crazyflie_interfaces/crazyflie_interfaces/msg/detail/connection_statistics_array__builder.hpp\n'}
[1.484637] (crazyflie_interfaces) StdoutLine: {'line': b'-- Up-to-date: /home/gowtham/crazyflie_ws/install/crazyflie_interfaces/include/crazyflie_interfaces/crazyflie_interfaces/msg/detail/full_state__struct.hpp\n'}
[1.485109] (crazyflie_interfaces) StdoutLine: {'line': b'-- Up-to-date: /home/gowtham/crazyflie_ws/install/crazyflie_interfaces/include/crazyflie_interfaces/crazyflie_interfaces/msg/detail/log_data_generic__type_support.hpp\n'}
[1.485904] (crazyflie_interfaces) StdoutLine: {'line': b'-- Up-to-date: /home/gowtham/crazyflie_ws/install/crazyflie_interfaces/include/crazyflie_interfaces/crazyflie_interfaces/msg/detail/full_state__traits.hpp\n'}
[1.486120] (crazyflie_interfaces) StdoutLine: {'line': b'-- Up-to-date: /home/gowtham/crazyflie_ws/install/crazyflie_interfaces/include/crazyflie_interfaces/crazyflie_interfaces/msg/detail/log_data_generic__traits.hpp\n'}
[1.486252] (crazyflie_interfaces) StdoutLine: {'line': b'-- Up-to-date: /home/gowtham/crazyflie_ws/install/crazyflie_interfaces/include/crazyflie_interfaces/crazyflie_interfaces/msg/detail/hover__builder.hpp\n'}
[1.486388] (crazyflie_interfaces) StdoutLine: {'line': b'-- Up-to-date: /home/gowtham/crazyflie_ws/install/crazyflie_interfaces/include/crazyflie_interfaces/crazyflie_interfaces/msg/detail/position__type_support.hpp\n'}
[1.486556] (crazyflie_interfaces) StdoutLine: {'line': b'-- Up-to-date: /home/gowtham/crazyflie_ws/install/crazyflie_interfaces/include/crazyflie_interfaces/crazyflie_interfaces/msg/detail/hover__traits.hpp\n'}
[1.486700] (crazyflie_interfaces) StdoutLine: {'line': b'-- Up-to-date: /home/gowtham/crazyflie_ws/install/crazyflie_interfaces/include/crazyflie_interfaces/crazyflie_interfaces/msg/detail/connection_statistics_array__type_support.hpp\n'}
[1.486824] (crazyflie_interfaces) StdoutLine: {'line': b'-- Up-to-date: /home/gowtham/crazyflie_ws/install/crazyflie_interfaces/include/crazyflie_interfaces/crazyflie_interfaces/msg/detail/log_block__type_support.hpp\n'}
[1.486961] (crazyflie_interfaces) StdoutLine: {'line': b'-- Up-to-date: /home/gowtham/crazyflie_ws/install/crazyflie_interfaces/include/crazyflie_interfaces/crazyflie_interfaces/msg/detail/trajectory_polynomial_piece__struct.hpp\n'}
[1.487083] (crazyflie_interfaces) StdoutLine: {'line': b'-- Up-to-date: /home/gowtham/crazyflie_ws/install/crazyflie_interfaces/include/crazyflie_interfaces/crazyflie_interfaces/msg/detail/velocity_world__struct.hpp\n'}
[1.487214] (crazyflie_interfaces) StdoutLine: {'line': b'-- Up-to-date: /home/gowtham/crazyflie_ws/install/crazyflie_interfaces/include/crazyflie_interfaces/crazyflie_interfaces/msg/detail/velocity_world__traits.hpp\n'}
[1.487340] (crazyflie_interfaces) StdoutLine: {'line': b'-- Up-to-date: /home/gowtham/crazyflie_ws/install/crazyflie_interfaces/include/crazyflie_interfaces/crazyflie_interfaces/msg/detail/connection_statistics_array__struct.hpp\n'}
[1.487465] (crazyflie_interfaces) StdoutLine: {'line': b'-- Up-to-date: /home/gowtham/crazyflie_ws/install/crazyflie_interfaces/include/crazyflie_interfaces/crazyflie_interfaces/msg/detail/log_data_generic__builder.hpp\n'}
[1.487616] (crazyflie_interfaces) StdoutLine: {'line': b'-- Up-to-date: /home/gowtham/crazyflie_ws/install/crazyflie_interfaces/include/crazyflie_interfaces/crazyflie_interfaces/msg/detail/connection_statistics__struct.hpp\n'}
[1.487747] (crazyflie_interfaces) StdoutLine: {'line': b'-- Up-to-date: /home/gowtham/crazyflie_ws/install/crazyflie_interfaces/include/crazyflie_interfaces/crazyflie_interfaces/msg/detail/full_state__type_support.hpp\n'}
[1.487870] (crazyflie_interfaces) StdoutLine: {'line': b'-- Up-to-date: /home/gowtham/crazyflie_ws/install/crazyflie_interfaces/include/crazyflie_interfaces/crazyflie_interfaces/msg/detail/status__builder.hpp\n'}
[1.487986] (crazyflie_interfaces) StdoutLine: {'line': b'-- Up-to-date: /home/gowtham/crazyflie_ws/install/crazyflie_interfaces/include/crazyflie_interfaces/crazyflie_interfaces/msg/detail/full_state__builder.hpp\n'}
[1.488106] (crazyflie_interfaces) StdoutLine: {'line': b'-- Up-to-date: /home/gowtham/crazyflie_ws/install/crazyflie_interfaces/include/crazyflie_interfaces/crazyflie_interfaces/msg/detail/connection_statistics__type_support.hpp\n'}
[1.488228] (crazyflie_interfaces) StdoutLine: {'line': b'-- Up-to-date: /home/gowtham/crazyflie_ws/install/crazyflie_interfaces/include/crazyflie_interfaces/crazyflie_interfaces/msg/detail/hover__type_support.hpp\n'}
[1.488352] (crazyflie_interfaces) StdoutLine: {'line': b'-- Up-to-date: /home/gowtham/crazyflie_ws/install/crazyflie_interfaces/include/crazyflie_interfaces/crazyflie_interfaces/msg/detail/log_block__builder.hpp\n'}
[1.488475] (crazyflie_interfaces) StdoutLine: {'line': b'-- Up-to-date: /home/gowtham/crazyflie_ws/install/crazyflie_interfaces/include/crazyflie_interfaces/crazyflie_interfaces/msg/detail/trajectory_polynomial_piece__builder.hpp\n'}
[1.489028] (crazyflie_interfaces) StdoutLine: {'line': b'-- Up-to-date: /home/gowtham/crazyflie_ws/install/crazyflie_interfaces/include/crazyflie_interfaces/crazyflie_interfaces/msg/detail/velocity_world__builder.hpp\n'}
[1.489176] (crazyflie_interfaces) StdoutLine: {'line': b'-- Up-to-date: /home/gowtham/crazyflie_ws/install/crazyflie_interfaces/include/crazyflie_interfaces/crazyflie_interfaces/msg/detail/connection_statistics__traits.hpp\n'}
[1.489304] (crazyflie_interfaces) StdoutLine: {'line': b'-- Up-to-date: /home/gowtham/crazyflie_ws/install/crazyflie_interfaces/include/crazyflie_interfaces/crazyflie_interfaces/msg/detail/velocity_world__type_support.hpp\n'}
[1.489429] (crazyflie_interfaces) StdoutLine: {'line': b'-- Up-to-date: /home/gowtham/crazyflie_ws/install/crazyflie_interfaces/include/crazyflie_interfaces/crazyflie_interfaces/msg/detail/connection_statistics__builder.hpp\n'}
[1.489583] (crazyflie_interfaces) StdoutLine: {'line': b'-- Up-to-date: /home/gowtham/crazyflie_ws/install/crazyflie_interfaces/include/crazyflie_interfaces/crazyflie_interfaces/msg/detail/hover__struct.hpp\n'}
[1.489723] (crazyflie_interfaces) StdoutLine: {'line': b'-- Up-to-date: /home/gowtham/crazyflie_ws/install/crazyflie_interfaces/include/crazyflie_interfaces/crazyflie_interfaces/msg/detail/status__struct.hpp\n'}
[1.489914] (crazyflie_interfaces) StdoutLine: {'line': b'-- Up-to-date: /home/gowtham/crazyflie_ws/install/crazyflie_interfaces/include/crazyflie_interfaces/crazyflie_interfaces/msg/detail/status__traits.hpp\n'}
[1.490044] (crazyflie_interfaces) StdoutLine: {'line': b'-- Up-to-date: /home/gowtham/crazyflie_ws/install/crazyflie_interfaces/include/crazyflie_interfaces/crazyflie_interfaces/msg/detail/trajectory_polynomial_piece__traits.hpp\n'}
[1.490150] (crazyflie_interfaces) StdoutLine: {'line': b'-- Up-to-date: /home/gowtham/crazyflie_ws/install/crazyflie_interfaces/include/crazyflie_interfaces/crazyflie_interfaces/msg/detail/position__struct.hpp\n'}
[1.490282] (crazyflie_interfaces) StdoutLine: {'line': b'-- Up-to-date: /home/gowtham/crazyflie_ws/install/crazyflie_interfaces/include/crazyflie_interfaces/crazyflie_interfaces/msg/detail/log_data_generic__struct.hpp\n'}
[1.490547] (crazyflie_interfaces) StdoutLine: {'line': b'-- Up-to-date: /home/gowtham/crazyflie_ws/install/crazyflie_interfaces/include/crazyflie_interfaces/crazyflie_interfaces/msg/detail/trajectory_polynomial_piece__type_support.hpp\n'}
[1.490696] (crazyflie_interfaces) StdoutLine: {'line': b'-- Up-to-date: /home/gowtham/crazyflie_ws/install/crazyflie_interfaces/include/crazyflie_interfaces/crazyflie_interfaces/msg/detail/log_block__struct.hpp\n'}
[1.490813] (crazyflie_interfaces) StdoutLine: {'line': b'-- Up-to-date: /home/gowtham/crazyflie_ws/install/crazyflie_interfaces/include/crazyflie_interfaces/crazyflie_interfaces/msg/detail/connection_statistics_array__traits.hpp\n'}
[1.490932] (crazyflie_interfaces) StdoutLine: {'line': b'-- Up-to-date: /home/gowtham/crazyflie_ws/install/crazyflie_interfaces/include/crazyflie_interfaces/crazyflie_interfaces/msg/rosidl_generator_cpp__visibility_control.hpp\n'}
[1.491045] (crazyflie_interfaces) StdoutLine: {'line': b'-- Up-to-date: /home/gowtham/crazyflie_ws/install/crazyflie_interfaces/include/crazyflie_interfaces/crazyflie_interfaces/msg/trajectory_polynomial_piece.hpp\n'}
[1.495302] (crazyflie_interfaces) StdoutLine: {'line': b'-- Up-to-date: /home/gowtham/crazyflie_ws/install/crazyflie_interfaces/include/crazyflie_interfaces/crazyflie_interfaces/msg/position.hpp\n'}
[1.495466] (crazyflie_interfaces) StdoutLine: {'line': b'-- Up-to-date: /home/gowtham/crazyflie_ws/install/crazyflie_interfaces/include/crazyflie_interfaces/crazyflie_interfaces/msg/full_state.hpp\n'}
[1.495650] (crazyflie_interfaces) StdoutLine: {'line': b'-- Up-to-date: /home/gowtham/crazyflie_ws/install/crazyflie_interfaces/include/crazyflie_interfaces/crazyflie_interfaces/msg/status.hpp\n'}
[1.496368] (crazyflie_interfaces) StdoutLine: {'line': b'-- Up-to-date: /home/gowtham/crazyflie_ws/install/crazyflie_interfaces/include/crazyflie_interfaces/crazyflie_interfaces/msg/connection_statistics_array.hpp\n'}
[1.496711] (crazyflie_interfaces) StdoutLine: {'line': b'-- Up-to-date: /home/gowtham/crazyflie_ws/install/crazyflie_interfaces/include/crazyflie_interfaces/crazyflie_interfaces\n'}
[1.496981] (crazyflie_interfaces) StdoutLine: {'line': b'-- Up-to-date: /home/gowtham/crazyflie_ws/install/crazyflie_interfaces/include/crazyflie_interfaces/crazyflie_interfaces/srv\n'}
[1.497269] (crazyflie_interfaces) StdoutLine: {'line': b'-- Up-to-date: /home/gowtham/crazyflie_ws/install/crazyflie_interfaces/include/crazyflie_interfaces/crazyflie_interfaces/srv/detail\n'}
[1.497575] (crazyflie_interfaces) StdoutLine: {'line': b'-- Up-to-date: /home/gowtham/crazyflie_ws/install/crazyflie_interfaces/include/crazyflie_interfaces/crazyflie_interfaces/srv/detail/set_group_mask__rosidl_typesupport_fastrtps_cpp.hpp\n'}
[1.497905] (crazyflie_interfaces) StdoutLine: {'line': b'-- Up-to-date: /home/gowtham/crazyflie_ws/install/crazyflie_interfaces/include/crazyflie_interfaces/crazyflie_interfaces/srv/detail/arm__rosidl_typesupport_fastrtps_cpp.hpp\n'}
[1.498173] (crazyflie_interfaces) StdoutLine: {'line': b'-- Up-to-date: /home/gowtham/crazyflie_ws/install/crazyflie_interfaces/include/crazyflie_interfaces/crazyflie_interfaces/srv/detail/start_trajectory__rosidl_typesupport_fastrtps_cpp.hpp\n'}
[1.498456] (crazyflie_interfaces) StdoutLine: {'line': b'-- Up-to-date: /home/gowtham/crazyflie_ws/install/crazyflie_interfaces/include/crazyflie_interfaces/crazyflie_interfaces/srv/detail/go_to__rosidl_typesupport_fastrtps_cpp.hpp\n'}
[1.498662] (crazyflie_interfaces) StdoutLine: {'line': b'-- Up-to-date: /home/gowtham/crazyflie_ws/install/crazyflie_interfaces/include/crazyflie_interfaces/crazyflie_interfaces/srv/detail/update_params__rosidl_typesupport_fastrtps_cpp.hpp\n'}
[1.498789] (crazyflie_interfaces) StdoutLine: {'line': b'-- Up-to-date: /home/gowtham/crazyflie_ws/install/crazyflie_interfaces/include/crazyflie_interfaces/crazyflie_interfaces/srv/detail/land__rosidl_typesupport_fastrtps_cpp.hpp\n'}
[1.498916] (crazyflie_interfaces) StdoutLine: {'line': b'-- Up-to-date: /home/gowtham/crazyflie_ws/install/crazyflie_interfaces/include/crazyflie_interfaces/crazyflie_interfaces/srv/detail/stop__rosidl_typesupport_fastrtps_cpp.hpp\n'}
[1.499040] (crazyflie_interfaces) StdoutLine: {'line': b'-- Up-to-date: /home/gowtham/crazyflie_ws/install/crazyflie_interfaces/include/crazyflie_interfaces/crazyflie_interfaces/srv/detail/notify_setpoints_stop__rosidl_typesupport_fastrtps_cpp.hpp\n'}
[1.499165] (crazyflie_interfaces) StdoutLine: {'line': b'-- Up-to-date: /home/gowtham/crazyflie_ws/install/crazyflie_interfaces/include/crazyflie_interfaces/crazyflie_interfaces/srv/detail/dds_fastrtps\n'}
[1.499315] (crazyflie_interfaces) StdoutLine: {'line': b'-- Up-to-date: /home/gowtham/crazyflie_ws/install/crazyflie_interfaces/include/crazyflie_interfaces/crazyflie_interfaces/srv/detail/takeoff__rosidl_typesupport_fastrtps_cpp.hpp\n'}
[1.499436] (crazyflie_interfaces) StdoutLine: {'line': b'-- Up-to-date: /home/gowtham/crazyflie_ws/install/crazyflie_interfaces/include/crazyflie_interfaces/crazyflie_interfaces/srv/detail/upload_trajectory__rosidl_typesupport_fastrtps_cpp.hpp\n'}
[1.499597] (crazyflie_interfaces) StdoutLine: {'line': b'-- Up-to-date: /home/gowtham/crazyflie_ws/install/crazyflie_interfaces/include/crazyflie_interfaces/crazyflie_interfaces/srv/detail/remove_logging__rosidl_typesupport_fastrtps_cpp.hpp\n'}
[1.499758] (crazyflie_interfaces) StdoutLine: {'line': b'-- Up-to-date: /home/gowtham/crazyflie_ws/install/crazyflie_interfaces/include/crazyflie_interfaces/crazyflie_interfaces/srv/detail/add_logging__rosidl_typesupport_fastrtps_cpp.hpp\n'}
[1.499886] (crazyflie_interfaces) StdoutLine: {'line': b'-- Up-to-date: /home/gowtham/crazyflie_ws/install/crazyflie_interfaces/include/crazyflie_interfaces/crazyflie_interfaces/msg\n'}
[1.500013] (crazyflie_interfaces) StdoutLine: {'line': b'-- Up-to-date: /home/gowtham/crazyflie_ws/install/crazyflie_interfaces/include/crazyflie_interfaces/crazyflie_interfaces/msg/rosidl_typesupport_fastrtps_cpp__visibility_control.h\n'}
[1.500132] (crazyflie_interfaces) StdoutLine: {'line': b'-- Up-to-date: /home/gowtham/crazyflie_ws/install/crazyflie_interfaces/include/crazyflie_interfaces/crazyflie_interfaces/msg/detail\n'}
[1.500242] (crazyflie_interfaces) StdoutLine: {'line': b'-- Up-to-date: /home/gowtham/crazyflie_ws/install/crazyflie_interfaces/include/crazyflie_interfaces/crazyflie_interfaces/msg/detail/log_data_generic__rosidl_typesupport_fastrtps_cpp.hpp\n'}
[1.500355] (crazyflie_interfaces) StdoutLine: {'line': b'-- Up-to-date: /home/gowtham/crazyflie_ws/install/crazyflie_interfaces/include/crazyflie_interfaces/crazyflie_interfaces/msg/detail/connection_statistics__rosidl_typesupport_fastrtps_cpp.hpp\n'}
[1.500472] (crazyflie_interfaces) StdoutLine: {'line': b'-- Up-to-date: /home/gowtham/crazyflie_ws/install/crazyflie_interfaces/include/crazyflie_interfaces/crazyflie_interfaces/msg/detail/status__rosidl_typesupport_fastrtps_cpp.hpp\n'}
[1.500644] (crazyflie_interfaces) StdoutLine: {'line': b'-- Up-to-date: /home/gowtham/crazyflie_ws/install/crazyflie_interfaces/include/crazyflie_interfaces/crazyflie_interfaces/msg/detail/hover__rosidl_typesupport_fastrtps_cpp.hpp\n'}
[1.500774] (crazyflie_interfaces) StdoutLine: {'line': b'-- Up-to-date: /home/gowtham/crazyflie_ws/install/crazyflie_interfaces/include/crazyflie_interfaces/crazyflie_interfaces/msg/detail/trajectory_polynomial_piece__rosidl_typesupport_fastrtps_cpp.hpp\n'}
[1.500910] (crazyflie_interfaces) StdoutLine: {'line': b'-- Up-to-date: /home/gowtham/crazyflie_ws/install/crazyflie_interfaces/include/crazyflie_interfaces/crazyflie_interfaces/msg/detail/position__rosidl_typesupport_fastrtps_cpp.hpp\n'}
[1.501024] (crazyflie_interfaces) StdoutLine: {'line': b'-- Up-to-date: /home/gowtham/crazyflie_ws/install/crazyflie_interfaces/include/crazyflie_interfaces/crazyflie_interfaces/msg/detail/velocity_world__rosidl_typesupport_fastrtps_cpp.hpp\n'}
[1.501138] (crazyflie_interfaces) StdoutLine: {'line': b'-- Up-to-date: /home/gowtham/crazyflie_ws/install/crazyflie_interfaces/include/crazyflie_interfaces/crazyflie_interfaces/msg/detail/log_block__rosidl_typesupport_fastrtps_cpp.hpp\n'}
[1.501257] (crazyflie_interfaces) StdoutLine: {'line': b'-- Up-to-date: /home/gowtham/crazyflie_ws/install/crazyflie_interfaces/include/crazyflie_interfaces/crazyflie_interfaces/msg/detail/dds_fastrtps\n'}
[1.501382] (crazyflie_interfaces) StdoutLine: {'line': b'-- Up-to-date: /home/gowtham/crazyflie_ws/install/crazyflie_interfaces/include/crazyflie_interfaces/crazyflie_interfaces/msg/detail/connection_statistics_array__rosidl_typesupport_fastrtps_cpp.hpp\n'}
[1.501520] (crazyflie_interfaces) StdoutLine: {'line': b'-- Up-to-date: /home/gowtham/crazyflie_ws/install/crazyflie_interfaces/include/crazyflie_interfaces/crazyflie_interfaces/msg/detail/full_state__rosidl_typesupport_fastrtps_cpp.hpp\n'}
[1.501738] (crazyflie_interfaces) StdoutLine: {'line': b'-- Up-to-date: /home/gowtham/crazyflie_ws/install/crazyflie_interfaces/lib/libcrazyflie_interfaces__rosidl_typesupport_fastrtps_cpp.so\n'}
[1.501852] (crazyflie_interfaces) StdoutLine: {'line': b'-- Up-to-date: /home/gowtham/crazyflie_ws/install/crazyflie_interfaces/include/crazyflie_interfaces/crazyflie_interfaces\n'}
[1.501963] (crazyflie_interfaces) StdoutLine: {'line': b'-- Up-to-date: /home/gowtham/crazyflie_ws/install/crazyflie_interfaces/include/crazyflie_interfaces/crazyflie_interfaces/srv\n'}
[1.502073] (crazyflie_interfaces) StdoutLine: {'line': b'-- Up-to-date: /home/gowtham/crazyflie_ws/install/crazyflie_interfaces/include/crazyflie_interfaces/crazyflie_interfaces/srv/detail\n'}
[1.502182] (crazyflie_interfaces) StdoutLine: {'line': b'-- Up-to-date: /home/gowtham/crazyflie_ws/install/crazyflie_interfaces/include/crazyflie_interfaces/crazyflie_interfaces/srv/detail/upload_trajectory__type_support.c\n'}
[1.502301] (crazyflie_interfaces) StdoutLine: {'line': b'-- Up-to-date: /home/gowtham/crazyflie_ws/install/crazyflie_interfaces/include/crazyflie_interfaces/crazyflie_interfaces/srv/detail/takeoff__rosidl_typesupport_introspection_c.h\n'}
[1.502427] (crazyflie_interfaces) StdoutLine: {'line': b'-- Up-to-date: /home/gowtham/crazyflie_ws/install/crazyflie_interfaces/include/crazyflie_interfaces/crazyflie_interfaces/srv/detail/takeoff__type_support.c\n'}
[1.502675] (crazyflie_interfaces) StdoutLine: {'line': b'-- Up-to-date: /home/gowtham/crazyflie_ws/install/crazyflie_interfaces/include/crazyflie_interfaces/crazyflie_interfaces/srv/detail/set_group_mask__type_support.c\n'}
[1.502796] (crazyflie_interfaces) StdoutLine: {'line': b'-- Up-to-date: /home/gowtham/crazyflie_ws/install/crazyflie_interfaces/include/crazyflie_interfaces/crazyflie_interfaces/srv/detail/land__type_support.c\n'}
[1.502902] (crazyflie_interfaces) StdoutLine: {'line': b'-- Up-to-date: /home/gowtham/crazyflie_ws/install/crazyflie_interfaces/include/crazyflie_interfaces/crazyflie_interfaces/srv/detail/go_to__type_support.c\n'}
[1.503026] (crazyflie_interfaces) StdoutLine: {'line': b'-- Up-to-date: /home/gowtham/crazyflie_ws/install/crazyflie_interfaces/include/crazyflie_interfaces/crazyflie_interfaces/srv/detail/arm__rosidl_typesupport_introspection_c.h\n'}
[1.503140] (crazyflie_interfaces) StdoutLine: {'line': b'-- Up-to-date: /home/gowtham/crazyflie_ws/install/crazyflie_interfaces/include/crazyflie_interfaces/crazyflie_interfaces/srv/detail/arm__type_support.c\n'}
[1.503244] (crazyflie_interfaces) StdoutLine: {'line': b'-- Up-to-date: /home/gowtham/crazyflie_ws/install/crazyflie_interfaces/include/crazyflie_interfaces/crazyflie_interfaces/srv/detail/add_logging__rosidl_typesupport_introspection_c.h\n'}
[1.503348] (crazyflie_interfaces) StdoutLine: {'line': b'-- Up-to-date: /home/gowtham/crazyflie_ws/install/crazyflie_interfaces/include/crazyflie_interfaces/crazyflie_interfaces/srv/detail/add_logging__type_support.c\n'}
[1.503452] (crazyflie_interfaces) StdoutLine: {'line': b'-- Up-to-date: /home/gowtham/crazyflie_ws/install/crazyflie_interfaces/include/crazyflie_interfaces/crazyflie_interfaces/srv/detail/stop__type_support.c\n'}
[1.503590] (crazyflie_interfaces) StdoutLine: {'line': b'-- Up-to-date: /home/gowtham/crazyflie_ws/install/crazyflie_interfaces/include/crazyflie_interfaces/crazyflie_interfaces/srv/detail/start_trajectory__type_support.c\n'}
[1.503723] (crazyflie_interfaces) StdoutLine: {'line': b'-- Up-to-date: /home/gowtham/crazyflie_ws/install/crazyflie_interfaces/include/crazyflie_interfaces/crazyflie_interfaces/srv/detail/update_params__rosidl_typesupport_introspection_c.h\n'}
[1.503847] (crazyflie_interfaces) StdoutLine: {'line': b'-- Up-to-date: /home/gowtham/crazyflie_ws/install/crazyflie_interfaces/include/crazyflie_interfaces/crazyflie_interfaces/srv/detail/notify_setpoints_stop__rosidl_typesupport_introspection_c.h\n'}
[1.503974] (crazyflie_interfaces) StdoutLine: {'line': b'-- Up-to-date: /home/gowtham/crazyflie_ws/install/crazyflie_interfaces/include/crazyflie_interfaces/crazyflie_interfaces/srv/detail/notify_setpoints_stop__type_support.c\n'}
[1.504101] (crazyflie_interfaces) StdoutLine: {'line': b'-- Up-to-date: /home/gowtham/crazyflie_ws/install/crazyflie_interfaces/include/crazyflie_interfaces/crazyflie_interfaces/srv/detail/go_to__rosidl_typesupport_introspection_c.h\n'}
[1.504229] (crazyflie_interfaces) StdoutLine: {'line': b'-- Up-to-date: /home/gowtham/crazyflie_ws/install/crazyflie_interfaces/include/crazyflie_interfaces/crazyflie_interfaces/srv/detail/start_trajectory__rosidl_typesupport_introspection_c.h\n'}
[1.504357] (crazyflie_interfaces) StdoutLine: {'line': b'-- Up-to-date: /home/gowtham/crazyflie_ws/install/crazyflie_interfaces/include/crazyflie_interfaces/crazyflie_interfaces/srv/detail/upload_trajectory__rosidl_typesupport_introspection_c.h\n'}
[1.504481] (crazyflie_interfaces) StdoutLine: {'line': b'-- Up-to-date: /home/gowtham/crazyflie_ws/install/crazyflie_interfaces/include/crazyflie_interfaces/crazyflie_interfaces/srv/detail/update_params__type_support.c\n'}
[1.504631] (crazyflie_interfaces) StdoutLine: {'line': b'-- Up-to-date: /home/gowtham/crazyflie_ws/install/crazyflie_interfaces/include/crazyflie_interfaces/crazyflie_interfaces/srv/detail/set_group_mask__rosidl_typesupport_introspection_c.h\n'}
[1.504758] (crazyflie_interfaces) StdoutLine: {'line': b'-- Up-to-date: /home/gowtham/crazyflie_ws/install/crazyflie_interfaces/include/crazyflie_interfaces/crazyflie_interfaces/srv/detail/stop__rosidl_typesupport_introspection_c.h\n'}
[1.504879] (crazyflie_interfaces) StdoutLine: {'line': b'-- Up-to-date: /home/gowtham/crazyflie_ws/install/crazyflie_interfaces/include/crazyflie_interfaces/crazyflie_interfaces/srv/detail/land__rosidl_typesupport_introspection_c.h\n'}
[1.505003] (crazyflie_interfaces) StdoutLine: {'line': b'-- Up-to-date: /home/gowtham/crazyflie_ws/install/crazyflie_interfaces/include/crazyflie_interfaces/crazyflie_interfaces/srv/detail/remove_logging__rosidl_typesupport_introspection_c.h\n'}
[1.505125] (crazyflie_interfaces) StdoutLine: {'line': b'-- Up-to-date: /home/gowtham/crazyflie_ws/install/crazyflie_interfaces/include/crazyflie_interfaces/crazyflie_interfaces/srv/detail/remove_logging__type_support.c\n'}
[1.505282] (crazyflie_interfaces) StdoutLine: {'line': b'-- Up-to-date: /home/gowtham/crazyflie_ws/install/crazyflie_interfaces/include/crazyflie_interfaces/crazyflie_interfaces/msg\n'}
[1.505406] (crazyflie_interfaces) StdoutLine: {'line': b'-- Up-to-date: /home/gowtham/crazyflie_ws/install/crazyflie_interfaces/include/crazyflie_interfaces/crazyflie_interfaces/msg/rosidl_typesupport_introspection_c__visibility_control.h\n'}
[1.505538] (crazyflie_interfaces) StdoutLine: {'line': b'-- Up-to-date: /home/gowtham/crazyflie_ws/install/crazyflie_interfaces/include/crazyflie_interfaces/crazyflie_interfaces/msg/detail\n'}
[1.505677] (crazyflie_interfaces) StdoutLine: {'line': b'-- Up-to-date: /home/gowtham/crazyflie_ws/install/crazyflie_interfaces/include/crazyflie_interfaces/crazyflie_interfaces/msg/detail/position__rosidl_typesupport_introspection_c.h\n'}
[1.505796] (crazyflie_interfaces) StdoutLine: {'line': b'-- Up-to-date: /home/gowtham/crazyflie_ws/install/crazyflie_interfaces/include/crazyflie_interfaces/crazyflie_interfaces/msg/detail/status__rosidl_typesupport_introspection_c.h\n'}
[1.505911] (crazyflie_interfaces) StdoutLine: {'line': b'-- Up-to-date: /home/gowtham/crazyflie_ws/install/crazyflie_interfaces/include/crazyflie_interfaces/crazyflie_interfaces/msg/detail/hover__type_support.c\n'}
[1.506050] (crazyflie_interfaces) StdoutLine: {'line': b'-- Up-to-date: /home/gowtham/crazyflie_ws/install/crazyflie_interfaces/include/crazyflie_interfaces/crazyflie_interfaces/msg/detail/log_data_generic__rosidl_typesupport_introspection_c.h\n'}
[1.506171] (crazyflie_interfaces) StdoutLine: {'line': b'-- Up-to-date: /home/gowtham/crazyflie_ws/install/crazyflie_interfaces/include/crazyflie_interfaces/crazyflie_interfaces/msg/detail/log_block__rosidl_typesupport_introspection_c.h\n'}
[1.506296] (crazyflie_interfaces) StdoutLine: {'line': b'-- Up-to-date: /home/gowtham/crazyflie_ws/install/crazyflie_interfaces/include/crazyflie_interfaces/crazyflie_interfaces/msg/detail/log_block__type_support.c\n'}
[1.506420] (crazyflie_interfaces) StdoutLine: {'line': b'-- Up-to-date: /home/gowtham/crazyflie_ws/install/crazyflie_interfaces/include/crazyflie_interfaces/crazyflie_interfaces/msg/detail/log_data_generic__type_support.c\n'}
[1.506566] (crazyflie_interfaces) StdoutLine: {'line': b'-- Up-to-date: /home/gowtham/crazyflie_ws/install/crazyflie_interfaces/include/crazyflie_interfaces/crazyflie_interfaces/msg/detail/full_state__type_support.c\n'}
[1.506700] (crazyflie_interfaces) StdoutLine: {'line': b'-- Up-to-date: /home/gowtham/crazyflie_ws/install/crazyflie_interfaces/include/crazyflie_interfaces/crazyflie_interfaces/msg/detail/connection_statistics__type_support.c\n'}
[1.506821] (crazyflie_interfaces) StdoutLine: {'line': b'-- Up-to-date: /home/gowtham/crazyflie_ws/install/crazyflie_interfaces/include/crazyflie_interfaces/crazyflie_interfaces/msg/detail/velocity_world__type_support.c\n'}
[1.506948] (crazyflie_interfaces) StdoutLine: {'line': b'-- Up-to-date: /home/gowtham/crazyflie_ws/install/crazyflie_interfaces/include/crazyflie_interfaces/crazyflie_interfaces/msg/detail/connection_statistics_array__rosidl_typesupport_introspection_c.h\n'}
[1.509724] (-) TimerEvent: {}
[1.509959] (crazyflie_interfaces) StdoutLine: {'line': b'-- Up-to-date: /home/gowtham/crazyflie_ws/install/crazyflie_interfaces/include/crazyflie_interfaces/crazyflie_interfaces/msg/detail/status__type_support.c\n'}
[1.510120] (crazyflie_interfaces) StdoutLine: {'line': b'-- Up-to-date: /home/gowtham/crazyflie_ws/install/crazyflie_interfaces/include/crazyflie_interfaces/crazyflie_interfaces/msg/detail/velocity_world__rosidl_typesupport_introspection_c.h\n'}
[1.510249] (crazyflie_interfaces) StdoutLine: {'line': b'-- Up-to-date: /home/gowtham/crazyflie_ws/install/crazyflie_interfaces/include/crazyflie_interfaces/crazyflie_interfaces/msg/detail/full_state__rosidl_typesupport_introspection_c.h\n'}
[1.510373] (crazyflie_interfaces) StdoutLine: {'line': b'-- Up-to-date: /home/gowtham/crazyflie_ws/install/crazyflie_interfaces/include/crazyflie_interfaces/crazyflie_interfaces/msg/detail/position__type_support.c\n'}
[1.510534] (crazyflie_interfaces) StdoutLine: {'line': b'-- Up-to-date: /home/gowtham/crazyflie_ws/install/crazyflie_interfaces/include/crazyflie_interfaces/crazyflie_interfaces/msg/detail/hover__rosidl_typesupport_introspection_c.h\n'}
[1.510679] (crazyflie_interfaces) StdoutLine: {'line': b'-- Up-to-date: /home/gowtham/crazyflie_ws/install/crazyflie_interfaces/include/crazyflie_interfaces/crazyflie_interfaces/msg/detail/connection_statistics_array__type_support.c\n'}
[1.510808] (crazyflie_interfaces) StdoutLine: {'line': b'-- Up-to-date: /home/gowtham/crazyflie_ws/install/crazyflie_interfaces/include/crazyflie_interfaces/crazyflie_interfaces/msg/detail/connection_statistics__rosidl_typesupport_introspection_c.h\n'}
[1.510935] (crazyflie_interfaces) StdoutLine: {'line': b'-- Up-to-date: /home/gowtham/crazyflie_ws/install/crazyflie_interfaces/include/crazyflie_interfaces/crazyflie_interfaces/msg/detail/trajectory_polynomial_piece__rosidl_typesupport_introspection_c.h\n'}
[1.511066] (crazyflie_interfaces) StdoutLine: {'line': b'-- Up-to-date: /home/gowtham/crazyflie_ws/install/crazyflie_interfaces/include/crazyflie_interfaces/crazyflie_interfaces/msg/detail/trajectory_polynomial_piece__type_support.c\n'}
[1.511209] (crazyflie_interfaces) StdoutLine: {'line': b'-- Up-to-date: /home/gowtham/crazyflie_ws/install/crazyflie_interfaces/lib/libcrazyflie_interfaces__rosidl_typesupport_introspection_c.so\n'}
[1.511335] (crazyflie_interfaces) StdoutLine: {'line': b'-- Up-to-date: /home/gowtham/crazyflie_ws/install/crazyflie_interfaces/lib/libcrazyflie_interfaces__rosidl_typesupport_c.so\n'}
[1.511462] (crazyflie_interfaces) StdoutLine: {'line': b'-- Up-to-date: /home/gowtham/crazyflie_ws/install/crazyflie_interfaces/include/crazyflie_interfaces/crazyflie_interfaces\n'}
[1.511617] (crazyflie_interfaces) StdoutLine: {'line': b'-- Up-to-date: /home/gowtham/crazyflie_ws/install/crazyflie_interfaces/include/crazyflie_interfaces/crazyflie_interfaces/srv\n'}
[1.511749] (crazyflie_interfaces) StdoutLine: {'line': b'-- Up-to-date: /home/gowtham/crazyflie_ws/install/crazyflie_interfaces/include/crazyflie_interfaces/crazyflie_interfaces/srv/detail\n'}
[1.511873] (crazyflie_interfaces) StdoutLine: {'line': b'-- Up-to-date: /home/gowtham/crazyflie_ws/install/crazyflie_interfaces/include/crazyflie_interfaces/crazyflie_interfaces/srv/detail/notify_setpoints_stop__type_support.cpp\n'}
[1.511996] (crazyflie_interfaces) StdoutLine: {'line': b'-- Up-to-date: /home/gowtham/crazyflie_ws/install/crazyflie_interfaces/include/crazyflie_interfaces/crazyflie_interfaces/srv/detail/start_trajectory__rosidl_typesupport_introspection_cpp.hpp\n'}
[1.512119] (crazyflie_interfaces) StdoutLine: {'line': b'-- Up-to-date: /home/gowtham/crazyflie_ws/install/crazyflie_interfaces/include/crazyflie_interfaces/crazyflie_interfaces/srv/detail/set_group_mask__rosidl_typesupport_introspection_cpp.hpp\n'}
[1.512266] (crazyflie_interfaces) StdoutLine: {'line': b'-- Up-to-date: /home/gowtham/crazyflie_ws/install/crazyflie_interfaces/include/crazyflie_interfaces/crazyflie_interfaces/srv/detail/arm__type_support.cpp\n'}
[1.512389] (crazyflie_interfaces) StdoutLine: {'line': b'-- Up-to-date: /home/gowtham/crazyflie_ws/install/crazyflie_interfaces/include/crazyflie_interfaces/crazyflie_interfaces/srv/detail/notify_setpoints_stop__rosidl_typesupport_introspection_cpp.hpp\n'}
[1.514708] (crazyflie_interfaces) StdoutLine: {'line': b'-- Up-to-date: /home/gowtham/crazyflie_ws/install/crazyflie_interfaces/include/crazyflie_interfaces/crazyflie_interfaces/srv/detail/set_group_mask__type_support.cpp\n'}
[1.514973] (crazyflie_interfaces) StdoutLine: {'line': b'-- Up-to-date: /home/gowtham/crazyflie_ws/install/crazyflie_interfaces/include/crazyflie_interfaces/crazyflie_interfaces/srv/detail/remove_logging__rosidl_typesupport_introspection_cpp.hpp\n'}
[1.515111] (crazyflie_interfaces) StdoutLine: {'line': b'-- Up-to-date: /home/gowtham/crazyflie_ws/install/crazyflie_interfaces/include/crazyflie_interfaces/crazyflie_interfaces/srv/detail/add_logging__rosidl_typesupport_introspection_cpp.hpp\n'}
[1.515258] (crazyflie_interfaces) StdoutLine: {'line': b'-- Up-to-date: /home/gowtham/crazyflie_ws/install/crazyflie_interfaces/include/crazyflie_interfaces/crazyflie_interfaces/srv/detail/stop__rosidl_typesupport_introspection_cpp.hpp\n'}
[1.515382] (crazyflie_interfaces) StdoutLine: {'line': b'-- Up-to-date: /home/gowtham/crazyflie_ws/install/crazyflie_interfaces/include/crazyflie_interfaces/crazyflie_interfaces/srv/detail/arm__rosidl_typesupport_introspection_cpp.hpp\n'}
[1.515521] (crazyflie_interfaces) StdoutLine: {'line': b'-- Up-to-date: /home/gowtham/crazyflie_ws/install/crazyflie_interfaces/include/crazyflie_interfaces/crazyflie_interfaces/srv/detail/land__rosidl_typesupport_introspection_cpp.hpp\n'}
[1.515663] (crazyflie_interfaces) StdoutLine: {'line': b'-- Up-to-date: /home/gowtham/crazyflie_ws/install/crazyflie_interfaces/include/crazyflie_interfaces/crazyflie_interfaces/srv/detail/add_logging__type_support.cpp\n'}
[1.515788] (crazyflie_interfaces) StdoutLine: {'line': b'-- Up-to-date: /home/gowtham/crazyflie_ws/install/crazyflie_interfaces/include/crazyflie_interfaces/crazyflie_interfaces/srv/detail/land__type_support.cpp\n'}
[1.515934] (crazyflie_interfaces) StdoutLine: {'line': b'-- Up-to-date: /home/gowtham/crazyflie_ws/install/crazyflie_interfaces/include/crazyflie_interfaces/crazyflie_interfaces/srv/detail/remove_logging__type_support.cpp\n'}
[1.516045] (crazyflie_interfaces) StdoutLine: {'line': b'-- Up-to-date: /home/gowtham/crazyflie_ws/install/crazyflie_interfaces/include/crazyflie_interfaces/crazyflie_interfaces/srv/detail/stop__type_support.cpp\n'}
[1.516159] (crazyflie_interfaces) StdoutLine: {'line': b'-- Up-to-date: /home/gowtham/crazyflie_ws/install/crazyflie_interfaces/include/crazyflie_interfaces/crazyflie_interfaces/srv/detail/takeoff__rosidl_typesupport_introspection_cpp.hpp\n'}
[1.516282] (crazyflie_interfaces) StdoutLine: {'line': b'-- Up-to-date: /home/gowtham/crazyflie_ws/install/crazyflie_interfaces/include/crazyflie_interfaces/crazyflie_interfaces/srv/detail/go_to__rosidl_typesupport_introspection_cpp.hpp\n'}
[1.516405] (crazyflie_interfaces) StdoutLine: {'line': b'-- Up-to-date: /home/gowtham/crazyflie_ws/install/crazyflie_interfaces/include/crazyflie_interfaces/crazyflie_interfaces/srv/detail/update_params__type_support.cpp\n'}
[1.516552] (crazyflie_interfaces) StdoutLine: {'line': b'-- Up-to-date: /home/gowtham/crazyflie_ws/install/crazyflie_interfaces/include/crazyflie_interfaces/crazyflie_interfaces/srv/detail/upload_trajectory__type_support.cpp\n'}
[1.516716] (crazyflie_interfaces) StdoutLine: {'line': b'-- Up-to-date: /home/gowtham/crazyflie_ws/install/crazyflie_interfaces/include/crazyflie_interfaces/crazyflie_interfaces/srv/detail/update_params__rosidl_typesupport_introspection_cpp.hpp\n'}
[1.516843] (crazyflie_interfaces) StdoutLine: {'line': b'-- Up-to-date: /home/gowtham/crazyflie_ws/install/crazyflie_interfaces/include/crazyflie_interfaces/crazyflie_interfaces/srv/detail/start_trajectory__type_support.cpp\n'}
[1.516968] (crazyflie_interfaces) StdoutLine: {'line': b'-- Up-to-date: /home/gowtham/crazyflie_ws/install/crazyflie_interfaces/include/crazyflie_interfaces/crazyflie_interfaces/srv/detail/upload_trajectory__rosidl_typesupport_introspection_cpp.hpp\n'}
[1.517092] (crazyflie_interfaces) StdoutLine: {'line': b'-- Up-to-date: /home/gowtham/crazyflie_ws/install/crazyflie_interfaces/include/crazyflie_interfaces/crazyflie_interfaces/srv/detail/takeoff__type_support.cpp\n'}
[1.517208] (crazyflie_interfaces) StdoutLine: {'line': b'-- Up-to-date: /home/gowtham/crazyflie_ws/install/crazyflie_interfaces/include/crazyflie_interfaces/crazyflie_interfaces/srv/detail/go_to__type_support.cpp\n'}
[1.517322] (crazyflie_interfaces) StdoutLine: {'line': b'-- Up-to-date: /home/gowtham/crazyflie_ws/install/crazyflie_interfaces/include/crazyflie_interfaces/crazyflie_interfaces/msg\n'}
[1.517440] (crazyflie_interfaces) StdoutLine: {'line': b'-- Up-to-date: /home/gowtham/crazyflie_ws/install/crazyflie_interfaces/include/crazyflie_interfaces/crazyflie_interfaces/msg/detail\n'}
[1.517617] (crazyflie_interfaces) StdoutLine: {'line': b'-- Up-to-date: /home/gowtham/crazyflie_ws/install/crazyflie_interfaces/include/crazyflie_interfaces/crazyflie_interfaces/msg/detail/status__rosidl_typesupport_introspection_cpp.hpp\n'}
[1.517770] (crazyflie_interfaces) StdoutLine: {'line': b'-- Up-to-date: /home/gowtham/crazyflie_ws/install/crazyflie_interfaces/include/crazyflie_interfaces/crazyflie_interfaces/msg/detail/hover__rosidl_typesupport_introspection_cpp.hpp\n'}
[1.517896] (crazyflie_interfaces) StdoutLine: {'line': b'-- Up-to-date: /home/gowtham/crazyflie_ws/install/crazyflie_interfaces/include/crazyflie_interfaces/crazyflie_interfaces/msg/detail/hover__type_support.cpp\n'}
[1.518018] (crazyflie_interfaces) StdoutLine: {'line': b'-- Up-to-date: /home/gowtham/crazyflie_ws/install/crazyflie_interfaces/include/crazyflie_interfaces/crazyflie_interfaces/msg/detail/position__type_support.cpp\n'}
[1.518140] (crazyflie_interfaces) StdoutLine: {'line': b'-- Up-to-date: /home/gowtham/crazyflie_ws/install/crazyflie_interfaces/include/crazyflie_interfaces/crazyflie_interfaces/msg/detail/position__rosidl_typesupport_introspection_cpp.hpp\n'}
[1.518264] (crazyflie_interfaces) StdoutLine: {'line': b'-- Up-to-date: /home/gowtham/crazyflie_ws/install/crazyflie_interfaces/include/crazyflie_interfaces/crazyflie_interfaces/msg/detail/log_block__rosidl_typesupport_introspection_cpp.hpp\n'}
[1.518389] (crazyflie_interfaces) StdoutLine: {'line': b'-- Up-to-date: /home/gowtham/crazyflie_ws/install/crazyflie_interfaces/include/crazyflie_interfaces/crazyflie_interfaces/msg/detail/connection_statistics__rosidl_typesupport_introspection_cpp.hpp\n'}
[1.518525] (crazyflie_interfaces) StdoutLine: {'line': b'-- Up-to-date: /home/gowtham/crazyflie_ws/install/crazyflie_interfaces/include/crazyflie_interfaces/crazyflie_interfaces/msg/detail/velocity_world__type_support.cpp\n'}
[1.518668] (crazyflie_interfaces) StdoutLine: {'line': b'-- Up-to-date: /home/gowtham/crazyflie_ws/install/crazyflie_interfaces/include/crazyflie_interfaces/crazyflie_interfaces/msg/detail/velocity_world__rosidl_typesupport_introspection_cpp.hpp\n'}
[1.518788] (crazyflie_interfaces) StdoutLine: {'line': b'-- Up-to-date: /home/gowtham/crazyflie_ws/install/crazyflie_interfaces/include/crazyflie_interfaces/crazyflie_interfaces/msg/detail/status__type_support.cpp\n'}
[1.518912] (crazyflie_interfaces) StdoutLine: {'line': b'-- Up-to-date: /home/gowtham/crazyflie_ws/install/crazyflie_interfaces/include/crazyflie_interfaces/crazyflie_interfaces/msg/detail/trajectory_polynomial_piece__type_support.cpp\n'}
[1.519035] (crazyflie_interfaces) StdoutLine: {'line': b'-- Up-to-date: /home/gowtham/crazyflie_ws/install/crazyflie_interfaces/include/crazyflie_interfaces/crazyflie_interfaces/msg/detail/connection_statistics__type_support.cpp\n'}
[1.519154] (crazyflie_interfaces) StdoutLine: {'line': b'-- Up-to-date: /home/gowtham/crazyflie_ws/install/crazyflie_interfaces/include/crazyflie_interfaces/crazyflie_interfaces/msg/detail/log_data_generic__type_support.cpp\n'}
[1.519278] (crazyflie_interfaces) StdoutLine: {'line': b'-- Up-to-date: /home/gowtham/crazyflie_ws/install/crazyflie_interfaces/include/crazyflie_interfaces/crazyflie_interfaces/msg/detail/full_state__rosidl_typesupport_introspection_cpp.hpp\n'}
[1.519402] (crazyflie_interfaces) StdoutLine: {'line': b'-- Up-to-date: /home/gowtham/crazyflie_ws/install/crazyflie_interfaces/include/crazyflie_interfaces/crazyflie_interfaces/msg/detail/trajectory_polynomial_piece__rosidl_typesupport_introspection_cpp.hpp\n'}
[1.519543] (crazyflie_interfaces) StdoutLine: {'line': b'-- Up-to-date: /home/gowtham/crazyflie_ws/install/crazyflie_interfaces/include/crazyflie_interfaces/crazyflie_interfaces/msg/detail/connection_statistics_array__type_support.cpp\n'}
[1.519691] (crazyflie_interfaces) StdoutLine: {'line': b'-- Up-to-date: /home/gowtham/crazyflie_ws/install/crazyflie_interfaces/include/crazyflie_interfaces/crazyflie_interfaces/msg/detail/log_data_generic__rosidl_typesupport_introspection_cpp.hpp\n'}
[1.519804] (crazyflie_interfaces) StdoutLine: {'line': b'-- Up-to-date: /home/gowtham/crazyflie_ws/install/crazyflie_interfaces/include/crazyflie_interfaces/crazyflie_interfaces/msg/detail/connection_statistics_array__rosidl_typesupport_introspection_cpp.hpp\n'}
[1.519909] (crazyflie_interfaces) StdoutLine: {'line': b'-- Up-to-date: /home/gowtham/crazyflie_ws/install/crazyflie_interfaces/include/crazyflie_interfaces/crazyflie_interfaces/msg/detail/log_block__type_support.cpp\n'}
[1.520017] (crazyflie_interfaces) StdoutLine: {'line': b'-- Up-to-date: /home/gowtham/crazyflie_ws/install/crazyflie_interfaces/include/crazyflie_interfaces/crazyflie_interfaces/msg/detail/full_state__type_support.cpp\n'}
[1.520134] (crazyflie_interfaces) StdoutLine: {'line': b'-- Up-to-date: /home/gowtham/crazyflie_ws/install/crazyflie_interfaces/lib/libcrazyflie_interfaces__rosidl_typesupport_introspection_cpp.so\n'}
[1.520261] (crazyflie_interfaces) StdoutLine: {'line': b'-- Up-to-date: /home/gowtham/crazyflie_ws/install/crazyflie_interfaces/lib/libcrazyflie_interfaces__rosidl_typesupport_cpp.so\n'}
[1.520374] (crazyflie_interfaces) StdoutLine: {'line': b'-- Up-to-date: /home/gowtham/crazyflie_ws/install/crazyflie_interfaces/share/crazyflie_interfaces/environment/pythonpath.sh\n'}
[1.520480] (crazyflie_interfaces) StdoutLine: {'line': b'-- Up-to-date: /home/gowtham/crazyflie_ws/install/crazyflie_interfaces/share/crazyflie_interfaces/environment/pythonpath.dsv\n'}
[1.520618] (crazyflie_interfaces) StdoutLine: {'line': b'-- Up-to-date: /home/gowtham/crazyflie_ws/install/crazyflie_interfaces/local/lib/python3.10/dist-packages/crazyflie_interfaces-1.0.3-py3.10.egg-info\n'}
[1.520791] (crazyflie_interfaces) StdoutLine: {'line': b'-- Installing: /home/gowtham/crazyflie_ws/install/crazyflie_interfaces/local/lib/python3.10/dist-packages/crazyflie_interfaces-1.0.3-py3.10.egg-info/dependency_links.txt\n'}
[1.520908] (crazyflie_interfaces) StdoutLine: {'line': b'-- Installing: /home/gowtham/crazyflie_ws/install/crazyflie_interfaces/local/lib/python3.10/dist-packages/crazyflie_interfaces-1.0.3-py3.10.egg-info/SOURCES.txt\n'}
[1.521024] (crazyflie_interfaces) StdoutLine: {'line': b'-- Installing: /home/gowtham/crazyflie_ws/install/crazyflie_interfaces/local/lib/python3.10/dist-packages/crazyflie_interfaces-1.0.3-py3.10.egg-info/top_level.txt\n'}
[1.521140] (crazyflie_interfaces) StdoutLine: {'line': b'-- Installing: /home/gowtham/crazyflie_ws/install/crazyflie_interfaces/local/lib/python3.10/dist-packages/crazyflie_interfaces-1.0.3-py3.10.egg-info/PKG-INFO\n'}
[1.521261] (crazyflie_interfaces) StdoutLine: {'line': b'-- Up-to-date: /home/gowtham/crazyflie_ws/install/crazyflie_interfaces/local/lib/python3.10/dist-packages/crazyflie_interfaces\n'}
[1.521381] (crazyflie_interfaces) StdoutLine: {'line': b'-- Up-to-date: /home/gowtham/crazyflie_ws/install/crazyflie_interfaces/local/lib/python3.10/dist-packages/crazyflie_interfaces/_crazyflie_interfaces_s.ep.rosidl_typesupport_c.c\n'}
[1.521527] (crazyflie_interfaces) StdoutLine: {'line': b'-- Up-to-date: /home/gowtham/crazyflie_ws/install/crazyflie_interfaces/local/lib/python3.10/dist-packages/crazyflie_interfaces/__init__.py\n'}
[1.521678] (crazyflie_interfaces) StdoutLine: {'line': b'-- Up-to-date: /home/gowtham/crazyflie_ws/install/crazyflie_interfaces/local/lib/python3.10/dist-packages/crazyflie_interfaces/_crazyflie_interfaces_s.ep.rosidl_typesupport_fastrtps_c.c\n'}
[1.521806] (crazyflie_interfaces) StdoutLine: {'line': b'-- Up-to-date: /home/gowtham/crazyflie_ws/install/crazyflie_interfaces/local/lib/python3.10/dist-packages/crazyflie_interfaces/libcrazyflie_interfaces__rosidl_generator_py.so\n'}
[1.521933] (crazyflie_interfaces) StdoutLine: {'line': b'-- Up-to-date: /home/gowtham/crazyflie_ws/install/crazyflie_interfaces/local/lib/python3.10/dist-packages/crazyflie_interfaces/srv\n'}
[1.522054] (crazyflie_interfaces) StdoutLine: {'line': b'-- Up-to-date: /home/gowtham/crazyflie_ws/install/crazyflie_interfaces/local/lib/python3.10/dist-packages/crazyflie_interfaces/srv/_start_trajectory.py\n'}
[1.522193] (crazyflie_interfaces) StdoutLine: {'line': b'-- Up-to-date: /home/gowtham/crazyflie_ws/install/crazyflie_interfaces/local/lib/python3.10/dist-packages/crazyflie_interfaces/srv/_go_to_s.c\n'}
[1.522317] (crazyflie_interfaces) StdoutLine: {'line': b'-- Up-to-date: /home/gowtham/crazyflie_ws/install/crazyflie_interfaces/local/lib/python3.10/dist-packages/crazyflie_interfaces/srv/__init__.py\n'}
[1.522441] (crazyflie_interfaces) StdoutLine: {'line': b'-- Up-to-date: /home/gowtham/crazyflie_ws/install/crazyflie_interfaces/local/lib/python3.10/dist-packages/crazyflie_interfaces/srv/_takeoff.py\n'}
[1.522605] (crazyflie_interfaces) StdoutLine: {'line': b'-- Up-to-date: /home/gowtham/crazyflie_ws/install/crazyflie_interfaces/local/lib/python3.10/dist-packages/crazyflie_interfaces/srv/_set_group_mask_s.c\n'}
[1.522739] (crazyflie_interfaces) StdoutLine: {'line': b'-- Up-to-date: /home/gowtham/crazyflie_ws/install/crazyflie_interfaces/local/lib/python3.10/dist-packages/crazyflie_interfaces/srv/_land_s.c\n'}
[1.522884] (crazyflie_interfaces) StdoutLine: {'line': b'-- Up-to-date: /home/gowtham/crazyflie_ws/install/crazyflie_interfaces/local/lib/python3.10/dist-packages/crazyflie_interfaces/srv/_stop.py\n'}
[1.523009] (crazyflie_interfaces) StdoutLine: {'line': b'-- Up-to-date: /home/gowtham/crazyflie_ws/install/crazyflie_interfaces/local/lib/python3.10/dist-packages/crazyflie_interfaces/srv/_update_params.py\n'}
[1.523131] (crazyflie_interfaces) StdoutLine: {'line': b'-- Up-to-date: /home/gowtham/crazyflie_ws/install/crazyflie_interfaces/local/lib/python3.10/dist-packages/crazyflie_interfaces/srv/_notify_setpoints_stop.py\n'}
[1.523253] (crazyflie_interfaces) StdoutLine: {'line': b'-- Up-to-date: /home/gowtham/crazyflie_ws/install/crazyflie_interfaces/local/lib/python3.10/dist-packages/crazyflie_interfaces/srv/_remove_logging.py\n'}
[1.523375] (crazyflie_interfaces) StdoutLine: {'line': b'-- Up-to-date: /home/gowtham/crazyflie_ws/install/crazyflie_interfaces/local/lib/python3.10/dist-packages/crazyflie_interfaces/srv/_add_logging.py\n'}
[1.523494] (crazyflie_interfaces) StdoutLine: {'line': b'-- Up-to-date: /home/gowtham/crazyflie_ws/install/crazyflie_interfaces/local/lib/python3.10/dist-packages/crazyflie_interfaces/srv/_add_logging_s.c\n'}
[1.523657] (crazyflie_interfaces) StdoutLine: {'line': b'-- Up-to-date: /home/gowtham/crazyflie_ws/install/crazyflie_interfaces/local/lib/python3.10/dist-packages/crazyflie_interfaces/srv/_upload_trajectory_s.c\n'}
[1.527807] (crazyflie_interfaces) StdoutLine: {'line': b'-- Up-to-date: /home/gowtham/crazyflie_ws/install/crazyflie_interfaces/local/lib/python3.10/dist-packages/crazyflie_interfaces/srv/_arm.py\n'}
[1.527956] (crazyflie_interfaces) StdoutLine: {'line': b'-- Up-to-date: /home/gowtham/crazyflie_ws/install/crazyflie_interfaces/local/lib/python3.10/dist-packages/crazyflie_interfaces/srv/_stop_s.c\n'}
[1.528065] (crazyflie_interfaces) StdoutLine: {'line': b'-- Up-to-date: /home/gowtham/crazyflie_ws/install/crazyflie_interfaces/local/lib/python3.10/dist-packages/crazyflie_interfaces/srv/_go_to.py\n'}
[1.528174] (crazyflie_interfaces) StdoutLine: {'line': b'-- Up-to-date: /home/gowtham/crazyflie_ws/install/crazyflie_interfaces/local/lib/python3.10/dist-packages/crazyflie_interfaces/srv/_remove_logging_s.c\n'}
[1.528278] (crazyflie_interfaces) StdoutLine: {'line': b'-- Up-to-date: /home/gowtham/crazyflie_ws/install/crazyflie_interfaces/local/lib/python3.10/dist-packages/crazyflie_interfaces/srv/_notify_setpoints_stop_s.c\n'}
[1.528403] (crazyflie_interfaces) StdoutLine: {'line': b'-- Up-to-date: /home/gowtham/crazyflie_ws/install/crazyflie_interfaces/local/lib/python3.10/dist-packages/crazyflie_interfaces/srv/_upload_trajectory.py\n'}
[1.528513] (crazyflie_interfaces) StdoutLine: {'line': b'-- Up-to-date: /home/gowtham/crazyflie_ws/install/crazyflie_interfaces/local/lib/python3.10/dist-packages/crazyflie_interfaces/srv/_set_group_mask.py\n'}
[1.528647] (crazyflie_interfaces) StdoutLine: {'line': b'-- Up-to-date: /home/gowtham/crazyflie_ws/install/crazyflie_interfaces/local/lib/python3.10/dist-packages/crazyflie_interfaces/srv/_land.py\n'}
[1.528761] (crazyflie_interfaces) StdoutLine: {'line': b'-- Up-to-date: /home/gowtham/crazyflie_ws/install/crazyflie_interfaces/local/lib/python3.10/dist-packages/crazyflie_interfaces/srv/_arm_s.c\n'}
[1.528857] (crazyflie_interfaces) StdoutLine: {'line': b'-- Up-to-date: /home/gowtham/crazyflie_ws/install/crazyflie_interfaces/local/lib/python3.10/dist-packages/crazyflie_interfaces/srv/_takeoff_s.c\n'}
[1.528958] (crazyflie_interfaces) StdoutLine: {'line': b'-- Up-to-date: /home/gowtham/crazyflie_ws/install/crazyflie_interfaces/local/lib/python3.10/dist-packages/crazyflie_interfaces/srv/_start_trajectory_s.c\n'}
[1.529058] (crazyflie_interfaces) StdoutLine: {'line': b'-- Up-to-date: /home/gowtham/crazyflie_ws/install/crazyflie_interfaces/local/lib/python3.10/dist-packages/crazyflie_interfaces/srv/_update_params_s.c\n'}
[1.529157] (crazyflie_interfaces) StdoutLine: {'line': b'-- Up-to-date: /home/gowtham/crazyflie_ws/install/crazyflie_interfaces/local/lib/python3.10/dist-packages/crazyflie_interfaces/crazyflie_interfaces_s__rosidl_typesupport_c.cpython-310-x86_64-linux-gnu.so\n'}
[1.529255] (crazyflie_interfaces) StdoutLine: {'line': b'-- Up-to-date: /home/gowtham/crazyflie_ws/install/crazyflie_interfaces/local/lib/python3.10/dist-packages/crazyflie_interfaces/crazyflie_interfaces_s__rosidl_typesupport_fastrtps_c.cpython-310-x86_64-linux-gnu.so\n'}
[1.529357] (crazyflie_interfaces) StdoutLine: {'line': b'-- Up-to-date: /home/gowtham/crazyflie_ws/install/crazyflie_interfaces/local/lib/python3.10/dist-packages/crazyflie_interfaces/_crazyflie_interfaces_s.ep.rosidl_typesupport_introspection_c.c\n'}
[1.529457] (crazyflie_interfaces) StdoutLine: {'line': b'-- Up-to-date: /home/gowtham/crazyflie_ws/install/crazyflie_interfaces/local/lib/python3.10/dist-packages/crazyflie_interfaces/crazyflie_interfaces_s__rosidl_typesupport_introspection_c.cpython-310-x86_64-linux-gnu.so\n'}
[1.529588] (crazyflie_interfaces) StdoutLine: {'line': b'-- Up-to-date: /home/gowtham/crazyflie_ws/install/crazyflie_interfaces/local/lib/python3.10/dist-packages/crazyflie_interfaces/msg\n'}
[1.529702] (crazyflie_interfaces) StdoutLine: {'line': b'-- Up-to-date: /home/gowtham/crazyflie_ws/install/crazyflie_interfaces/local/lib/python3.10/dist-packages/crazyflie_interfaces/msg/_full_state_s.c\n'}
[1.529795] (crazyflie_interfaces) StdoutLine: {'line': b'-- Up-to-date: /home/gowtham/crazyflie_ws/install/crazyflie_interfaces/local/lib/python3.10/dist-packages/crazyflie_interfaces/msg/__init__.py\n'}
[1.529890] (crazyflie_interfaces) StdoutLine: {'line': b'-- Up-to-date: /home/gowtham/crazyflie_ws/install/crazyflie_interfaces/local/lib/python3.10/dist-packages/crazyflie_interfaces/msg/_full_state.py\n'}
[1.529992] (crazyflie_interfaces) StdoutLine: {'line': b'-- Up-to-date: /home/gowtham/crazyflie_ws/install/crazyflie_interfaces/local/lib/python3.10/dist-packages/crazyflie_interfaces/msg/_connection_statistics_array.py\n'}
[1.530083] (crazyflie_interfaces) StdoutLine: {'line': b'-- Up-to-date: /home/gowtham/crazyflie_ws/install/crazyflie_interfaces/local/lib/python3.10/dist-packages/crazyflie_interfaces/msg/_log_data_generic.py\n'}
[1.530169] (crazyflie_interfaces) StdoutLine: {'line': b'-- Up-to-date: /home/gowtham/crazyflie_ws/install/crazyflie_interfaces/local/lib/python3.10/dist-packages/crazyflie_interfaces/msg/_trajectory_polynomial_piece.py\n'}
[1.530266] (crazyflie_interfaces) StdoutLine: {'line': b'-- Up-to-date: /home/gowtham/crazyflie_ws/install/crazyflie_interfaces/local/lib/python3.10/dist-packages/crazyflie_interfaces/msg/_trajectory_polynomial_piece_s.c\n'}
[1.530363] (crazyflie_interfaces) StdoutLine: {'line': b'-- Up-to-date: /home/gowtham/crazyflie_ws/install/crazyflie_interfaces/local/lib/python3.10/dist-packages/crazyflie_interfaces/msg/_velocity_world.py\n'}
[1.530457] (crazyflie_interfaces) StdoutLine: {'line': b'-- Up-to-date: /home/gowtham/crazyflie_ws/install/crazyflie_interfaces/local/lib/python3.10/dist-packages/crazyflie_interfaces/msg/_position.py\n'}
[1.530584] (crazyflie_interfaces) StdoutLine: {'line': b'-- Up-to-date: /home/gowtham/crazyflie_ws/install/crazyflie_interfaces/local/lib/python3.10/dist-packages/crazyflie_interfaces/msg/_log_data_generic_s.c\n'}
[1.530687] (crazyflie_interfaces) StdoutLine: {'line': b'-- Up-to-date: /home/gowtham/crazyflie_ws/install/crazyflie_interfaces/local/lib/python3.10/dist-packages/crazyflie_interfaces/msg/_connection_statistics.py\n'}
[1.530789] (crazyflie_interfaces) StdoutLine: {'line': b'-- Up-to-date: /home/gowtham/crazyflie_ws/install/crazyflie_interfaces/local/lib/python3.10/dist-packages/crazyflie_interfaces/msg/_connection_statistics_array_s.c\n'}
[1.530886] (crazyflie_interfaces) StdoutLine: {'line': b'-- Up-to-date: /home/gowtham/crazyflie_ws/install/crazyflie_interfaces/local/lib/python3.10/dist-packages/crazyflie_interfaces/msg/_position_s.c\n'}
[1.531005] (crazyflie_interfaces) StdoutLine: {'line': b'-- Up-to-date: /home/gowtham/crazyflie_ws/install/crazyflie_interfaces/local/lib/python3.10/dist-packages/crazyflie_interfaces/msg/_connection_statistics_s.c\n'}
[1.531099] (crazyflie_interfaces) StdoutLine: {'line': b'-- Up-to-date: /home/gowtham/crazyflie_ws/install/crazyflie_interfaces/local/lib/python3.10/dist-packages/crazyflie_interfaces/msg/_hover_s.c\n'}
[1.531198] (crazyflie_interfaces) StdoutLine: {'line': b'-- Up-to-date: /home/gowtham/crazyflie_ws/install/crazyflie_interfaces/local/lib/python3.10/dist-packages/crazyflie_interfaces/msg/_status_s.c\n'}
[1.531295] (crazyflie_interfaces) StdoutLine: {'line': b'-- Up-to-date: /home/gowtham/crazyflie_ws/install/crazyflie_interfaces/local/lib/python3.10/dist-packages/crazyflie_interfaces/msg/_velocity_world_s.c\n'}
[1.531390] (crazyflie_interfaces) StdoutLine: {'line': b'-- Up-to-date: /home/gowtham/crazyflie_ws/install/crazyflie_interfaces/local/lib/python3.10/dist-packages/crazyflie_interfaces/msg/_hover.py\n'}
[1.531488] (crazyflie_interfaces) StdoutLine: {'line': b'-- Up-to-date: /home/gowtham/crazyflie_ws/install/crazyflie_interfaces/local/lib/python3.10/dist-packages/crazyflie_interfaces/msg/_log_block_s.c\n'}
[1.531615] (crazyflie_interfaces) StdoutLine: {'line': b'-- Up-to-date: /home/gowtham/crazyflie_ws/install/crazyflie_interfaces/local/lib/python3.10/dist-packages/crazyflie_interfaces/msg/_status.py\n'}
[1.531720] (crazyflie_interfaces) StdoutLine: {'line': b'-- Up-to-date: /home/gowtham/crazyflie_ws/install/crazyflie_interfaces/local/lib/python3.10/dist-packages/crazyflie_interfaces/msg/_log_block.py\n'}
[1.600584] (crazyflie_interfaces) StdoutLine: {'line': b"Listing '/home/gowtham/crazyflie_ws/install/crazyflie_interfaces/local/lib/python3.10/dist-packages/crazyflie_interfaces'...\n"}
[1.600848] (crazyflie_interfaces) StdoutLine: {'line': b"Listing '/home/gowtham/crazyflie_ws/install/crazyflie_interfaces/local/lib/python3.10/dist-packages/crazyflie_interfaces/msg'...\n"}
[1.600955] (crazyflie_interfaces) StdoutLine: {'line': b"Listing '/home/gowtham/crazyflie_ws/install/crazyflie_interfaces/local/lib/python3.10/dist-packages/crazyflie_interfaces/srv'...\n"}
[1.609840] (-) TimerEvent: {}
[1.615752] (crazyflie_interfaces) StdoutLine: {'line': b'-- Up-to-date: /home/gowtham/crazyflie_ws/install/crazyflie_interfaces/local/lib/python3.10/dist-packages/crazyflie_interfaces/crazyflie_interfaces_s__rosidl_typesupport_fastrtps_c.cpython-310-x86_64-linux-gnu.so\n'}
[1.617078] (crazyflie_interfaces) StdoutLine: {'line': b'-- Up-to-date: /home/gowtham/crazyflie_ws/install/crazyflie_interfaces/local/lib/python3.10/dist-packages/crazyflie_interfaces/crazyflie_interfaces_s__rosidl_typesupport_introspection_c.cpython-310-x86_64-linux-gnu.so\n'}
[1.618180] (crazyflie_interfaces) StdoutLine: {'line': b'-- Up-to-date: /home/gowtham/crazyflie_ws/install/crazyflie_interfaces/local/lib/python3.10/dist-packages/crazyflie_interfaces/crazyflie_interfaces_s__rosidl_typesupport_c.cpython-310-x86_64-linux-gnu.so\n'}
[1.619347] (crazyflie_interfaces) StdoutLine: {'line': b'-- Up-to-date: /home/gowtham/crazyflie_ws/install/crazyflie_interfaces/lib/libcrazyflie_interfaces__rosidl_generator_py.so\n'}
[1.621080] (crazyflie_interfaces) StdoutLine: {'line': b'-- Up-to-date: /home/gowtham/crazyflie_ws/install/crazyflie_interfaces/share/ament_index/resource_index/rust_packages/crazyflie_interfaces\n'}
[1.621353] (crazyflie_interfaces) StdoutLine: {'line': b'-- Up-to-date: /home/gowtham/crazyflie_ws/install/crazyflie_interfaces/share/crazyflie_interfaces/rust\n'}
[1.621859] (crazyflie_interfaces) StdoutLine: {'line': b'-- Up-to-date: /home/gowtham/crazyflie_ws/install/crazyflie_interfaces/share/crazyflie_interfaces/rust/Cargo.toml\n'}
[1.622070] (crazyflie_interfaces) StdoutLine: {'line': b'-- Up-to-date: /home/gowtham/crazyflie_ws/install/crazyflie_interfaces/share/crazyflie_interfaces/rust/build.rs\n'}
[1.622203] (crazyflie_interfaces) StdoutLine: {'line': b'-- Up-to-date: /home/gowtham/crazyflie_ws/install/crazyflie_interfaces/share/crazyflie_interfaces/rust/src\n'}
[1.622331] (crazyflie_interfaces) StdoutLine: {'line': b'-- Up-to-date: /home/gowtham/crazyflie_ws/install/crazyflie_interfaces/share/crazyflie_interfaces/rust/src/srv.rs\n'}
[1.622460] (crazyflie_interfaces) StdoutLine: {'line': b'-- Up-to-date: /home/gowtham/crazyflie_ws/install/crazyflie_interfaces/share/crazyflie_interfaces/rust/src/srv\n'}
[1.623071] (crazyflie_interfaces) StdoutLine: {'line': b'-- Up-to-date: /home/gowtham/crazyflie_ws/install/crazyflie_interfaces/share/crazyflie_interfaces/rust/src/srv/rmw.rs\n'}
[1.623259] (crazyflie_interfaces) StdoutLine: {'line': b'-- Up-to-date: /home/gowtham/crazyflie_ws/install/crazyflie_interfaces/share/crazyflie_interfaces/rust/src/msg.rs\n'}
[1.623393] (crazyflie_interfaces) StdoutLine: {'line': b'-- Up-to-date: /home/gowtham/crazyflie_ws/install/crazyflie_interfaces/share/crazyflie_interfaces/rust/src/lib.rs\n'}
[1.623586] (crazyflie_interfaces) StdoutLine: {'line': b'-- Up-to-date: /home/gowtham/crazyflie_ws/install/crazyflie_interfaces/share/crazyflie_interfaces/rust/src/msg\n'}
[1.627021] (crazyflie_interfaces) StdoutLine: {'line': b'-- Up-to-date: /home/gowtham/crazyflie_ws/install/crazyflie_interfaces/share/crazyflie_interfaces/rust/src/msg/rmw.rs\n'}
[1.627249] (crazyflie_interfaces) StdoutLine: {'line': b'-- Up-to-date: /home/gowtham/crazyflie_ws/install/crazyflie_interfaces/share/crazyflie_interfaces/msg/ConnectionStatistics.idl\n'}
[1.627379] (crazyflie_interfaces) StdoutLine: {'line': b'-- Up-to-date: /home/gowtham/crazyflie_ws/install/crazyflie_interfaces/share/crazyflie_interfaces/msg/ConnectionStatisticsArray.idl\n'}
[1.627514] (crazyflie_interfaces) StdoutLine: {'line': b'-- Up-to-date: /home/gowtham/crazyflie_ws/install/crazyflie_interfaces/share/crazyflie_interfaces/msg/FullState.idl\n'}
[1.627663] (crazyflie_interfaces) StdoutLine: {'line': b'-- Up-to-date: /home/gowtham/crazyflie_ws/install/crazyflie_interfaces/share/crazyflie_interfaces/msg/LogDataGeneric.idl\n'}
[1.627833] (crazyflie_interfaces) StdoutLine: {'line': b'-- Up-to-date: /home/gowtham/crazyflie_ws/install/crazyflie_interfaces/share/crazyflie_interfaces/msg/Hover.idl\n'}
[1.627961] (crazyflie_interfaces) StdoutLine: {'line': b'-- Up-to-date: /home/gowtham/crazyflie_ws/install/crazyflie_interfaces/share/crazyflie_interfaces/msg/LogBlock.idl\n'}
[1.628098] (crazyflie_interfaces) StdoutLine: {'line': b'-- Up-to-date: /home/gowtham/crazyflie_ws/install/crazyflie_interfaces/share/crazyflie_interfaces/msg/Position.idl\n'}
[1.628242] (crazyflie_interfaces) StdoutLine: {'line': b'-- Up-to-date: /home/gowtham/crazyflie_ws/install/crazyflie_interfaces/share/crazyflie_interfaces/msg/Status.idl\n'}
[1.628373] (crazyflie_interfaces) StdoutLine: {'line': b'-- Up-to-date: /home/gowtham/crazyflie_ws/install/crazyflie_interfaces/share/crazyflie_interfaces/msg/TrajectoryPolynomialPiece.idl\n'}
[1.631570] (crazyflie_interfaces) StdoutLine: {'line': b'-- Up-to-date: /home/gowtham/crazyflie_ws/install/crazyflie_interfaces/share/crazyflie_interfaces/msg/VelocityWorld.idl\n'}
[1.631825] (crazyflie_interfaces) StdoutLine: {'line': b'-- Up-to-date: /home/gowtham/crazyflie_ws/install/crazyflie_interfaces/share/crazyflie_interfaces/srv/GoTo.idl\n'}
[1.631979] (crazyflie_interfaces) StdoutLine: {'line': b'-- Up-to-date: /home/gowtham/crazyflie_ws/install/crazyflie_interfaces/share/crazyflie_interfaces/srv/Land.idl\n'}
[1.632099] (crazyflie_interfaces) StdoutLine: {'line': b'-- Up-to-date: /home/gowtham/crazyflie_ws/install/crazyflie_interfaces/share/crazyflie_interfaces/srv/NotifySetpointsStop.idl\n'}
[1.632220] (crazyflie_interfaces) StdoutLine: {'line': b'-- Up-to-date: /home/gowtham/crazyflie_ws/install/crazyflie_interfaces/share/crazyflie_interfaces/srv/SetGroupMask.idl\n'}
[1.632350] (crazyflie_interfaces) StdoutLine: {'line': b'-- Up-to-date: /home/gowtham/crazyflie_ws/install/crazyflie_interfaces/share/crazyflie_interfaces/srv/StartTrajectory.idl\n'}
[1.632629] (crazyflie_interfaces) StdoutLine: {'line': b'-- Up-to-date: /home/gowtham/crazyflie_ws/install/crazyflie_interfaces/share/crazyflie_interfaces/srv/Stop.idl\n'}
[1.632785] (crazyflie_interfaces) StdoutLine: {'line': b'-- Up-to-date: /home/gowtham/crazyflie_ws/install/crazyflie_interfaces/share/crazyflie_interfaces/srv/Takeoff.idl\n'}
[1.632936] (crazyflie_interfaces) StdoutLine: {'line': b'-- Up-to-date: /home/gowtham/crazyflie_ws/install/crazyflie_interfaces/share/crazyflie_interfaces/srv/UpdateParams.idl\n'}
[1.633067] (crazyflie_interfaces) StdoutLine: {'line': b'-- Up-to-date: /home/gowtham/crazyflie_ws/install/crazyflie_interfaces/share/crazyflie_interfaces/srv/UploadTrajectory.idl\n'}
[1.633201] (crazyflie_interfaces) StdoutLine: {'line': b'-- Up-to-date: /home/gowtham/crazyflie_ws/install/crazyflie_interfaces/share/crazyflie_interfaces/srv/RemoveLogging.idl\n'}
[1.633329] (crazyflie_interfaces) StdoutLine: {'line': b'-- Up-to-date: /home/gowtham/crazyflie_ws/install/crazyflie_interfaces/share/crazyflie_interfaces/srv/AddLogging.idl\n'}
[1.633465] (crazyflie_interfaces) StdoutLine: {'line': b'-- Up-to-date: /home/gowtham/crazyflie_ws/install/crazyflie_interfaces/share/crazyflie_interfaces/srv/Arm.idl\n'}
[1.633618] (crazyflie_interfaces) StdoutLine: {'line': b'-- Up-to-date: /home/gowtham/crazyflie_ws/install/crazyflie_interfaces/share/crazyflie_interfaces/msg/ConnectionStatistics.msg\n'}
[1.633752] (crazyflie_interfaces) StdoutLine: {'line': b'-- Up-to-date: /home/gowtham/crazyflie_ws/install/crazyflie_interfaces/share/crazyflie_interfaces/msg/ConnectionStatisticsArray.msg\n'}
[1.633883] (crazyflie_interfaces) StdoutLine: {'line': b'-- Up-to-date: /home/gowtham/crazyflie_ws/install/crazyflie_interfaces/share/crazyflie_interfaces/msg/FullState.msg\n'}
[1.634010] (crazyflie_interfaces) StdoutLine: {'line': b'-- Up-to-date: /home/gowtham/crazyflie_ws/install/crazyflie_interfaces/share/crazyflie_interfaces/msg/LogDataGeneric.msg\n'}
[1.634139] (crazyflie_interfaces) StdoutLine: {'line': b'-- Up-to-date: /home/gowtham/crazyflie_ws/install/crazyflie_interfaces/share/crazyflie_interfaces/msg/Hover.msg\n'}
[1.634265] (crazyflie_interfaces) StdoutLine: {'line': b'-- Up-to-date: /home/gowtham/crazyflie_ws/install/crazyflie_interfaces/share/crazyflie_interfaces/msg/LogBlock.msg\n'}
[1.634707] (crazyflie_interfaces) StdoutLine: {'line': b'-- Up-to-date: /home/gowtham/crazyflie_ws/install/crazyflie_interfaces/share/crazyflie_interfaces/msg/Position.msg\n'}
[1.635166] (crazyflie_interfaces) StdoutLine: {'line': b'-- Up-to-date: /home/gowtham/crazyflie_ws/install/crazyflie_interfaces/share/crazyflie_interfaces/msg/Status.msg\n'}
[1.635611] (crazyflie_interfaces) StdoutLine: {'line': b'-- Up-to-date: /home/gowtham/crazyflie_ws/install/crazyflie_interfaces/share/crazyflie_interfaces/msg/TrajectoryPolynomialPiece.msg\n'}
[1.638837] (crazyflie_interfaces) StdoutLine: {'line': b'-- Up-to-date: /home/gowtham/crazyflie_ws/install/crazyflie_interfaces/share/crazyflie_interfaces/msg/VelocityWorld.msg\n'}
[1.639435] (crazyflie_interfaces) StdoutLine: {'line': b'-- Up-to-date: /home/gowtham/crazyflie_ws/install/crazyflie_interfaces/share/crazyflie_interfaces/srv/GoTo.srv\n'}
[1.640038] (crazyflie_interfaces) StdoutLine: {'line': b'-- Up-to-date: /home/gowtham/crazyflie_ws/install/crazyflie_interfaces/share/crazyflie_interfaces/srv/GoTo_Request.msg\n'}
[1.640746] (crazyflie_interfaces) StdoutLine: {'line': b'-- Up-to-date: /home/gowtham/crazyflie_ws/install/crazyflie_interfaces/share/crazyflie_interfaces/srv/GoTo_Response.msg\n'}
[1.641350] (crazyflie_interfaces) StdoutLine: {'line': b'-- Up-to-date: /home/gowtham/crazyflie_ws/install/crazyflie_interfaces/share/crazyflie_interfaces/srv/Land.srv\n'}
[1.644691] (crazyflie_interfaces) StdoutLine: {'line': b'-- Up-to-date: /home/gowtham/crazyflie_ws/install/crazyflie_interfaces/share/crazyflie_interfaces/srv/Land_Request.msg\n'}
[1.644919] (crazyflie_interfaces) StdoutLine: {'line': b'-- Up-to-date: /home/gowtham/crazyflie_ws/install/crazyflie_interfaces/share/crazyflie_interfaces/srv/Land_Response.msg\n'}
[1.645072] (crazyflie_interfaces) StdoutLine: {'line': b'-- Up-to-date: /home/gowtham/crazyflie_ws/install/crazyflie_interfaces/share/crazyflie_interfaces/srv/NotifySetpointsStop.srv\n'}
[1.645197] (crazyflie_interfaces) StdoutLine: {'line': b'-- Up-to-date: /home/gowtham/crazyflie_ws/install/crazyflie_interfaces/share/crazyflie_interfaces/srv/NotifySetpointsStop_Request.msg\n'}
[1.645318] (crazyflie_interfaces) StdoutLine: {'line': b'-- Up-to-date: /home/gowtham/crazyflie_ws/install/crazyflie_interfaces/share/crazyflie_interfaces/srv/NotifySetpointsStop_Response.msg\n'}
[1.645441] (crazyflie_interfaces) StdoutLine: {'line': b'-- Up-to-date: /home/gowtham/crazyflie_ws/install/crazyflie_interfaces/share/crazyflie_interfaces/srv/SetGroupMask.srv\n'}
[1.645586] (crazyflie_interfaces) StdoutLine: {'line': b'-- Up-to-date: /home/gowtham/crazyflie_ws/install/crazyflie_interfaces/share/crazyflie_interfaces/srv/SetGroupMask_Request.msg\n'}
[1.645733] (crazyflie_interfaces) StdoutLine: {'line': b'-- Up-to-date: /home/gowtham/crazyflie_ws/install/crazyflie_interfaces/share/crazyflie_interfaces/srv/SetGroupMask_Response.msg\n'}
[1.645866] (crazyflie_interfaces) StdoutLine: {'line': b'-- Up-to-date: /home/gowtham/crazyflie_ws/install/crazyflie_interfaces/share/crazyflie_interfaces/srv/StartTrajectory.srv\n'}
[1.646033] (crazyflie_interfaces) StdoutLine: {'line': b'-- Up-to-date: /home/gowtham/crazyflie_ws/install/crazyflie_interfaces/share/crazyflie_interfaces/srv/StartTrajectory_Request.msg\n'}
[1.646155] (crazyflie_interfaces) StdoutLine: {'line': b'-- Up-to-date: /home/gowtham/crazyflie_ws/install/crazyflie_interfaces/share/crazyflie_interfaces/srv/StartTrajectory_Response.msg\n'}
[1.646282] (crazyflie_interfaces) StdoutLine: {'line': b'-- Up-to-date: /home/gowtham/crazyflie_ws/install/crazyflie_interfaces/share/crazyflie_interfaces/srv/Stop.srv\n'}
[1.646409] (crazyflie_interfaces) StdoutLine: {'line': b'-- Up-to-date: /home/gowtham/crazyflie_ws/install/crazyflie_interfaces/share/crazyflie_interfaces/srv/Stop_Request.msg\n'}
[1.646934] (crazyflie_interfaces) StdoutLine: {'line': b'-- Up-to-date: /home/gowtham/crazyflie_ws/install/crazyflie_interfaces/share/crazyflie_interfaces/srv/Stop_Response.msg\n'}
[1.647528] (crazyflie_interfaces) StdoutLine: {'line': b'-- Up-to-date: /home/gowtham/crazyflie_ws/install/crazyflie_interfaces/share/crazyflie_interfaces/srv/Takeoff.srv\n'}
[1.648104] (crazyflie_interfaces) StdoutLine: {'line': b'-- Up-to-date: /home/gowtham/crazyflie_ws/install/crazyflie_interfaces/share/crazyflie_interfaces/srv/Takeoff_Request.msg\n'}
[1.648669] (crazyflie_interfaces) StdoutLine: {'line': b'-- Up-to-date: /home/gowtham/crazyflie_ws/install/crazyflie_interfaces/share/crazyflie_interfaces/srv/Takeoff_Response.msg\n'}
[1.649202] (crazyflie_interfaces) StdoutLine: {'line': b'-- Up-to-date: /home/gowtham/crazyflie_ws/install/crazyflie_interfaces/share/crazyflie_interfaces/srv/UpdateParams.srv\n'}
[1.649700] (crazyflie_interfaces) StdoutLine: {'line': b'-- Up-to-date: /home/gowtham/crazyflie_ws/install/crazyflie_interfaces/share/crazyflie_interfaces/srv/UpdateParams_Request.msg\n'}
[1.650231] (crazyflie_interfaces) StdoutLine: {'line': b'-- Up-to-date: /home/gowtham/crazyflie_ws/install/crazyflie_interfaces/share/crazyflie_interfaces/srv/UpdateParams_Response.msg\n'}
[1.651630] (crazyflie_interfaces) StdoutLine: {'line': b'-- Up-to-date: /home/gowtham/crazyflie_ws/install/crazyflie_interfaces/share/crazyflie_interfaces/srv/UploadTrajectory.srv\n'}
[1.651830] (crazyflie_interfaces) StdoutLine: {'line': b'-- Up-to-date: /home/gowtham/crazyflie_ws/install/crazyflie_interfaces/share/crazyflie_interfaces/srv/UploadTrajectory_Request.msg\n'}
[1.651957] (crazyflie_interfaces) StdoutLine: {'line': b'-- Up-to-date: /home/gowtham/crazyflie_ws/install/crazyflie_interfaces/share/crazyflie_interfaces/srv/UploadTrajectory_Response.msg\n'}
[1.652082] (crazyflie_interfaces) StdoutLine: {'line': b'-- Up-to-date: /home/gowtham/crazyflie_ws/install/crazyflie_interfaces/share/crazyflie_interfaces/srv/RemoveLogging.srv\n'}
[1.653651] (crazyflie_interfaces) StdoutLine: {'line': b'-- Up-to-date: /home/gowtham/crazyflie_ws/install/crazyflie_interfaces/share/crazyflie_interfaces/srv/RemoveLogging_Request.msg\n'}
[1.654238] (crazyflie_interfaces) StdoutLine: {'line': b'-- Up-to-date: /home/gowtham/crazyflie_ws/install/crazyflie_interfaces/share/crazyflie_interfaces/srv/RemoveLogging_Response.msg\n'}
[1.654649] (crazyflie_interfaces) StdoutLine: {'line': b'-- Up-to-date: /home/gowtham/crazyflie_ws/install/crazyflie_interfaces/share/crazyflie_interfaces/srv/AddLogging.srv\n'}
[1.655093] (crazyflie_interfaces) StdoutLine: {'line': b'-- Up-to-date: /home/gowtham/crazyflie_ws/install/crazyflie_interfaces/share/crazyflie_interfaces/srv/AddLogging_Request.msg\n'}
[1.655524] (crazyflie_interfaces) StdoutLine: {'line': b'-- Up-to-date: /home/gowtham/crazyflie_ws/install/crazyflie_interfaces/share/crazyflie_interfaces/srv/AddLogging_Response.msg\n'}
[1.655955] (crazyflie_interfaces) StdoutLine: {'line': b'-- Up-to-date: /home/gowtham/crazyflie_ws/install/crazyflie_interfaces/share/crazyflie_interfaces/srv/Arm.srv\n'}
[1.656383] (crazyflie_interfaces) StdoutLine: {'line': b'-- Up-to-date: /home/gowtham/crazyflie_ws/install/crazyflie_interfaces/share/crazyflie_interfaces/srv/Arm_Request.msg\n'}
[1.657255] (crazyflie_interfaces) StdoutLine: {'line': b'-- Up-to-date: /home/gowtham/crazyflie_ws/install/crazyflie_interfaces/share/crazyflie_interfaces/srv/Arm_Response.msg\n'}
[1.658194] (crazyflie_interfaces) StdoutLine: {'line': b'-- Up-to-date: /home/gowtham/crazyflie_ws/install/crazyflie_interfaces/share/ament_index/resource_index/package_run_dependencies/crazyflie_interfaces\n'}
[1.658438] (crazyflie_interfaces) StdoutLine: {'line': b'-- Up-to-date: /home/gowtham/crazyflie_ws/install/crazyflie_interfaces/share/ament_index/resource_index/parent_prefix_path/crazyflie_interfaces\n'}
[1.659648] (crazyflie_interfaces) StdoutLine: {'line': b'-- Up-to-date: /home/gowtham/crazyflie_ws/install/crazyflie_interfaces/share/crazyflie_interfaces/environment/ament_prefix_path.sh\n'}
[1.659901] (crazyflie_interfaces) StdoutLine: {'line': b'-- Up-to-date: /home/gowtham/crazyflie_ws/install/crazyflie_interfaces/share/crazyflie_interfaces/environment/ament_prefix_path.dsv\n'}
[1.660030] (crazyflie_interfaces) StdoutLine: {'line': b'-- Up-to-date: /home/gowtham/crazyflie_ws/install/crazyflie_interfaces/share/crazyflie_interfaces/environment/path.sh\n'}
[1.661000] (crazyflie_interfaces) StdoutLine: {'line': b'-- Up-to-date: /home/gowtham/crazyflie_ws/install/crazyflie_interfaces/share/crazyflie_interfaces/environment/path.dsv\n'}
[1.661207] (crazyflie_interfaces) StdoutLine: {'line': b'-- Up-to-date: /home/gowtham/crazyflie_ws/install/crazyflie_interfaces/share/crazyflie_interfaces/local_setup.bash\n'}
[1.661359] (crazyflie_interfaces) StdoutLine: {'line': b'-- Up-to-date: /home/gowtham/crazyflie_ws/install/crazyflie_interfaces/share/crazyflie_interfaces/local_setup.sh\n'}
[1.662501] (crazyflie_interfaces) StdoutLine: {'line': b'-- Up-to-date: /home/gowtham/crazyflie_ws/install/crazyflie_interfaces/share/crazyflie_interfaces/local_setup.zsh\n'}
[1.662769] (crazyflie_interfaces) StdoutLine: {'line': b'-- Up-to-date: /home/gowtham/crazyflie_ws/install/crazyflie_interfaces/share/crazyflie_interfaces/local_setup.dsv\n'}
[1.662942] (crazyflie_interfaces) StdoutLine: {'line': b'-- Installing: /home/gowtham/crazyflie_ws/install/crazyflie_interfaces/share/crazyflie_interfaces/package.dsv\n'}
[1.664495] (crazyflie_interfaces) StdoutLine: {'line': b'-- Up-to-date: /home/gowtham/crazyflie_ws/install/crazyflie_interfaces/share/ament_index/resource_index/packages/crazyflie_interfaces\n'}
[1.665651] (crazyflie_interfaces) StdoutLine: {'line': b'-- Up-to-date: /home/gowtham/crazyflie_ws/install/crazyflie_interfaces/share/crazyflie_interfaces/cmake/export_crazyflie_interfaces__rosidl_generator_cExport.cmake\n'}
[1.665898] (crazyflie_interfaces) StdoutLine: {'line': b'-- Up-to-date: /home/gowtham/crazyflie_ws/install/crazyflie_interfaces/share/crazyflie_interfaces/cmake/export_crazyflie_interfaces__rosidl_generator_cExport-noconfig.cmake\n'}
[1.666671] (crazyflie_interfaces) StdoutLine: {'line': b'-- Up-to-date: /home/gowtham/crazyflie_ws/install/crazyflie_interfaces/share/crazyflie_interfaces/cmake/export_crazyflie_interfaces__rosidl_typesupport_fastrtps_cExport.cmake\n'}
[1.667285] (crazyflie_interfaces) StdoutLine: {'line': b'-- Up-to-date: /home/gowtham/crazyflie_ws/install/crazyflie_interfaces/share/crazyflie_interfaces/cmake/export_crazyflie_interfaces__rosidl_typesupport_fastrtps_cExport-noconfig.cmake\n'}
[1.668030] (crazyflie_interfaces) StdoutLine: {'line': b'-- Up-to-date: /home/gowtham/crazyflie_ws/install/crazyflie_interfaces/share/crazyflie_interfaces/cmake/export_crazyflie_interfaces__rosidl_generator_cppExport.cmake\n'}
[1.669258] (crazyflie_interfaces) StdoutLine: {'line': b'-- Up-to-date: /home/gowtham/crazyflie_ws/install/crazyflie_interfaces/share/crazyflie_interfaces/cmake/export_crazyflie_interfaces__rosidl_typesupport_fastrtps_cppExport.cmake\n'}
[1.669501] (crazyflie_interfaces) StdoutLine: {'line': b'-- Up-to-date: /home/gowtham/crazyflie_ws/install/crazyflie_interfaces/share/crazyflie_interfaces/cmake/export_crazyflie_interfaces__rosidl_typesupport_fastrtps_cppExport-noconfig.cmake\n'}
[1.670516] (crazyflie_interfaces) StdoutLine: {'line': b'-- Up-to-date: /home/gowtham/crazyflie_ws/install/crazyflie_interfaces/share/crazyflie_interfaces/cmake/crazyflie_interfaces__rosidl_typesupport_introspection_cExport.cmake\n'}
[1.670757] (crazyflie_interfaces) StdoutLine: {'line': b'-- Up-to-date: /home/gowtham/crazyflie_ws/install/crazyflie_interfaces/share/crazyflie_interfaces/cmake/crazyflie_interfaces__rosidl_typesupport_introspection_cExport-noconfig.cmake\n'}
[1.671627] (crazyflie_interfaces) StdoutLine: {'line': b'-- Up-to-date: /home/gowtham/crazyflie_ws/install/crazyflie_interfaces/share/crazyflie_interfaces/cmake/crazyflie_interfaces__rosidl_typesupport_cExport.cmake\n'}
[1.671891] (crazyflie_interfaces) StdoutLine: {'line': b'-- Up-to-date: /home/gowtham/crazyflie_ws/install/crazyflie_interfaces/share/crazyflie_interfaces/cmake/crazyflie_interfaces__rosidl_typesupport_cExport-noconfig.cmake\n'}
[1.672780] (crazyflie_interfaces) StdoutLine: {'line': b'-- Up-to-date: /home/gowtham/crazyflie_ws/install/crazyflie_interfaces/share/crazyflie_interfaces/cmake/crazyflie_interfaces__rosidl_typesupport_introspection_cppExport.cmake\n'}
[1.673657] (crazyflie_interfaces) StdoutLine: {'line': b'-- Up-to-date: /home/gowtham/crazyflie_ws/install/crazyflie_interfaces/share/crazyflie_interfaces/cmake/crazyflie_interfaces__rosidl_typesupport_introspection_cppExport-noconfig.cmake\n'}
[1.679544] (crazyflie_interfaces) StdoutLine: {'line': b'-- Up-to-date: /home/gowtham/crazyflie_ws/install/crazyflie_interfaces/share/crazyflie_interfaces/cmake/crazyflie_interfaces__rosidl_typesupport_cppExport.cmake\n'}
[1.679784] (crazyflie_interfaces) StdoutLine: {'line': b'-- Up-to-date: /home/gowtham/crazyflie_ws/install/crazyflie_interfaces/share/crazyflie_interfaces/cmake/crazyflie_interfaces__rosidl_typesupport_cppExport-noconfig.cmake\n'}
[1.681237] (crazyflie_interfaces) StdoutLine: {'line': b'-- Up-to-date: /home/gowtham/crazyflie_ws/install/crazyflie_interfaces/share/crazyflie_interfaces/cmake/export_crazyflie_interfaces__rosidl_generator_pyExport.cmake\n'}
[1.681488] (crazyflie_interfaces) StdoutLine: {'line': b'-- Up-to-date: /home/gowtham/crazyflie_ws/install/crazyflie_interfaces/share/crazyflie_interfaces/cmake/export_crazyflie_interfaces__rosidl_generator_pyExport-noconfig.cmake\n'}
[1.682055] (crazyflie_interfaces) StdoutLine: {'line': b'-- Up-to-date: /home/gowtham/crazyflie_ws/install/crazyflie_interfaces/share/crazyflie_interfaces/cmake/rosidl_cmake-extras.cmake\n'}
[1.682355] (crazyflie_interfaces) StdoutLine: {'line': b'-- Up-to-date: /home/gowtham/crazyflie_ws/install/crazyflie_interfaces/share/crazyflie_interfaces/cmake/ament_cmake_export_dependencies-extras.cmake\n'}
[1.682895] (crazyflie_interfaces) StdoutLine: {'line': b'-- Up-to-date: /home/gowtham/crazyflie_ws/install/crazyflie_interfaces/share/crazyflie_interfaces/cmake/ament_cmake_export_include_directories-extras.cmake\n'}
[1.683732] (crazyflie_interfaces) StdoutLine: {'line': b'-- Up-to-date: /home/gowtham/crazyflie_ws/install/crazyflie_interfaces/share/crazyflie_interfaces/cmake/ament_cmake_export_libraries-extras.cmake\n'}
[1.684019] (crazyflie_interfaces) StdoutLine: {'line': b'-- Up-to-date: /home/gowtham/crazyflie_ws/install/crazyflie_interfaces/share/crazyflie_interfaces/cmake/ament_cmake_export_targets-extras.cmake\n'}
[1.684541] (crazyflie_interfaces) StdoutLine: {'line': b'-- Up-to-date: /home/gowtham/crazyflie_ws/install/crazyflie_interfaces/share/crazyflie_interfaces/cmake/rosidl_cmake_export_typesupport_targets-extras.cmake\n'}
[1.685128] (crazyflie_interfaces) StdoutLine: {'line': b'-- Up-to-date: /home/gowtham/crazyflie_ws/install/crazyflie_interfaces/share/crazyflie_interfaces/cmake/rosidl_cmake_export_typesupport_libraries-extras.cmake\n'}
[1.685962] (crazyflie_interfaces) StdoutLine: {'line': b'-- Up-to-date: /home/gowtham/crazyflie_ws/install/crazyflie_interfaces/share/crazyflie_interfaces/cmake/crazyflie_interfacesConfig.cmake\n'}
[1.686609] (crazyflie_interfaces) StdoutLine: {'line': b'-- Up-to-date: /home/gowtham/crazyflie_ws/install/crazyflie_interfaces/share/crazyflie_interfaces/cmake/crazyflie_interfacesConfig-version.cmake\n'}
[1.686911] (crazyflie_interfaces) StdoutLine: {'line': b'-- Up-to-date: /home/gowtham/crazyflie_ws/install/crazyflie_interfaces/share/crazyflie_interfaces/package.xml\n'}
[1.698095] (crazyflie_interfaces) CommandEnded: {'returncode': 0}
[1.709934] (-) TimerEvent: {}
[1.751742] (crazyflie_interfaces) JobEnded: {'identifier': 'crazyflie_interfaces', 'rc': 0}
[1.757673] (crazyflie_py) JobStarted: {'identifier': 'crazyflie_py'}
[1.810047] (-) TimerEvent: {}
[1.911187] (-) TimerEvent: {}
[2.011576] (-) TimerEvent: {}
[2.111913] (-) TimerEvent: {}
[2.212258] (-) TimerEvent: {}
[2.312731] (-) TimerEvent: {}
[2.371574] (swarm_guidance) Command: {'cmd': ['/usr/bin/python3', '-W', 'ignore:setup.py install is deprecated', '-W', 'ignore:easy_install command is deprecated', 'setup.py', 'egg_info', '--egg-base', '../../build/swarm_guidance', 'build', '--build-base', '/home/gowtham/crazyflie_ws/build/swarm_guidance/build', 'install', '--record', '/home/gowtham/crazyflie_ws/build/swarm_guidance/install.log', '--single-version-externally-managed', 'install_data'], 'cwd': '/home/gowtham/crazyflie_ws/src/swarm_guidance', 'env': {'LESSOPEN': '| /usr/bin/lesspipe %s', 'LANGUAGE': 'en_IN:en', 'USER': 'gowtham', 'XDG_SESSION_TYPE': 'wayland', 'SHLVL': '1', 'LD_LIBRARY_PATH': '/home/gowtham/crazyflie_ws/install/crazyflie_interfaces/lib:/home/gowtham/swarm_ws/install/crazyflie_interfaces/lib:/opt/ros/humble/opt/rviz_ogre_vendor/lib:/opt/ros/humble/lib/x86_64-linux-gnu:/opt/ros/humble/lib', 'HOME': '/home/gowtham', 'OLDPWD': '/home/gowtham/crazyflie_ws', 'DESKTOP_SESSION': 'ubuntu', 'ROS_PYTHON_VERSION': '3', 'GNOME_SHELL_SESSION_MODE': 'ubuntu', 'GTK_MODULES': 'gail:atk-bridge', 'SYSTEMD_EXEC_PID': '1223', 'DBUS_SESSION_BUS_ADDRESS': 'unix:path=/run/user/1000/bus', 'COLORTERM': 'truecolor', 'IM_CONFIG_PHASE': '1', 'WAYLAND_DISPLAY': 'wayland-0', 'COLCON_PREFIX_PATH': '/home/gowtham/crazyflie_ws/install:/home/gowtham/swarm_ws/install', 'ROS_DISTRO': 'humble', 'LOGNAME': 'gowtham', '_': '/usr/bin/colcon', 'ROS_VERSION': '2', 'XDG_SESSION_CLASS': 'user', 'USERNAME': 'gowtham', 'TERM': 'xterm-256color', 'GNOME_DESKTOP_SESSION_ID': 'this-is-deprecated', 'ROS_LOCALHOST_ONLY': '0', 'PATH': '/opt/ros/humble/bin:/home/gowtham/.local/bin:/usr/local/sbin:/usr/local/bin:/usr/sbin:/usr/bin:/sbin:/bin:/usr/games:/usr/local/games:/snap/bin:/snap/bin:/home/gowtham/.local/bin', 'SESSION_MANAGER': 'local/gowtham:@/tmp/.ICE-unix/982,unix/gowtham:/tmp/.ICE-unix/982', 'XDG_MENU_PREFIX': 'gnome-', 'GNOME_TERMINAL_SCREEN': '/org/gnome/Terminal/screen/66663db3_71b1_4ea7_9e7c_3581e2124211', 'GNOME_SETUP_DISPLAY': ':1', 'XDG_RUNTIME_DIR': '/run/user/1000', 'DISPLAY': ':0', 'LANG': 'en_US.UTF-8', 'XDG_CURRENT_DESKTOP': 'ubuntu:GNOME', 'XMODIFIERS': '@im=ibus', 'XDG_SESSION_DESKTOP': 'ubuntu', 'XAUTHORITY': '/run/user/1000/.mutter-Xwaylandauth.YWIQP3', 'LS_COLORS': 'rs=0:di=01;34:ln=01;36:mh=00:pi=40;33:so=01;35:do=01;35:bd=40;33;01:cd=40;33;01:or=40;31;01:mi=00:su=37;41:sg=30;43:ca=30;41:tw=30;42:ow=34;42:st=37;44:ex=01;32:*.tar=01;31:*.tgz=01;31:*.arc=01;31:*.arj=01;31:*.taz=01;31:*.lha=01;31:*.lz4=01;31:*.lzh=01;31:*.lzma=01;31:*.tlz=01;31:*.txz=01;31:*.tzo=01;31:*.t7z=01;31:*.zip=01;31:*.z=01;31:*.dz=01;31:*.gz=01;31:*.lrz=01;31:*.lz=01;31:*.lzo=01;31:*.xz=01;31:*.zst=01;31:*.tzst=01;31:*.bz2=01;31:*.bz=01;31:*.tbz=01;31:*.tbz2=01;31:*.tz=01;31:*.deb=01;31:*.rpm=01;31:*.jar=01;31:*.war=01;31:*.ear=01;31:*.sar=01;31:*.rar=01;31:*.alz=01;31:*.ace=01;31:*.zoo=01;31:*.cpio=01;31:*.7z=01;31:*.rz=01;31:*.cab=01;31:*.wim=01;31:*.swm=01;31:*.dwm=01;31:*.esd=01;31:*.jpg=01;35:*.jpeg=01;35:*.mjpg=01;35:*.mjpeg=01;35:*.gif=01;35:*.bmp=01;35:*.pbm=01;35:*.pgm=01;35:*.ppm=01;35:*.tga=01;35:*.xbm=01;35:*.xpm=01;35:*.tif=01;35:*.tiff=01;35:*.png=01;35:*.svg=01;35:*.svgz=01;35:*.mng=01;35:*.pcx=01;35:*.mov=01;35:*.mpg=01;35:*.mpeg=01;35:*.m2v=01;35:*.mkv=01;35:*.webm=01;35:*.webp=01;35:*.ogm=01;35:*.mp4=01;35:*.m4v=01;35:*.mp4v=01;35:*.vob=01;35:*.qt=01;35:*.nuv=01;35:*.wmv=01;35:*.asf=01;35:*.rm=01;35:*.rmvb=01;35:*.flc=01;35:*.avi=01;35:*.fli=01;35:*.flv=01;35:*.gl=01;35:*.dl=01;35:*.xcf=01;35:*.xwd=01;35:*.yuv=01;35:*.cgm=01;35:*.emf=01;35:*.ogv=01;35:*.ogx=01;35:*.aac=00;36:*.au=00;36:*.flac=00;36:*.m4a=00;36:*.mid=00;36:*.midi=00;36:*.mka=00;36:*.mp3=00;36:*.mpc=00;36:*.ogg=00;36:*.ra=00;36:*.wav=00;36:*.oga=00;36:*.opus=00;36:*.spx=00;36:*.xspf=00;36:', 'GNOME_TERMINAL_SERVICE': ':1.490', 'SSH_AGENT_LAUNCHER': 'gnome-keyring', 'SSH_AUTH_SOCK': '/run/user/1000/keyring/ssh', 'AMENT_PREFIX_PATH': '/home/gowtham/crazyflie_ws/install/swarm_navigation:/home/gowtham/crazyflie_ws/install/swarm_guidance:/home/gowtham/crazyflie_ws/install/crazyflie_sim:/home/gowtham/crazyflie_ws/install/crazyflie_examples:/home/gowtham/crazyflie_ws/install/crazyflie_py:/home/gowtham/crazyflie_ws/install/crazyflie:/home/gowtham/crazyflie_ws/install/crazyflie_interfaces:/home/gowtham/crazyflie_ws/install/central_swarm_control:/home/gowtham/swarm_ws/install/guidance_layer:/home/gowtham/swarm_ws/install/crazyflie_sim:/home/gowtham/swarm_ws/install/crazyflie_examples:/home/gowtham/swarm_ws/install/crazyflie_py:/home/gowtham/swarm_ws/install/crazyflie:/home/gowtham/swarm_ws/install/crazyflie_interfaces:/home/gowtham/swarm_ws/install/control_layer:/home/gowtham/swarm_ws/install/consensus_controller:/opt/ros/humble', 'SHELL': '/bin/bash', 'QT_ACCESSIBILITY': '1', 'GDMSESSION': 'ubuntu', 'LESSCLOSE': '/usr/bin/lesspipe %s %s', 'QT_IM_MODULE': 'ibus', 'PWD': '/home/gowtham/crazyflie_ws/build/swarm_guidance', 'LC_ALL': 'en_US.UTF-8', 'XDG_CONFIG_DIRS': '/etc/xdg/xdg-ubuntu:/etc/xdg', 'XDG_DATA_DIRS': '/usr/share/ubuntu:/usr/local/share/:/usr/share/:/var/lib/snapd/desktop', 'PYTHONPATH': '/home/gowtham/crazyflie_ws/build/swarm_guidance/prefix_override:/usr/lib/python3/dist-packages/colcon_core/task/python/colcon_distutils_commands:/home/gowtham/crazyflie_ws/install/swarm_guidance/lib/python3.10/site-packages:/home/gowtham/crazyflie_ws/install/swarm_navigation/lib/python3.10/site-packages:/home/gowtham/crazyflie_ws/install/swarm_guidance/lib/python3.10/site-packages:/home/gowtham/crazyflie_ws/install/crazyflie_sim/local/lib/python3.10/dist-packages:/home/gowtham/crazyflie_ws/install/crazyflie_examples/local/lib/python3.10/dist-packages:/home/gowtham/crazyflie_ws/install/crazyflie_py/lib/python3.10/site-packages:/home/gowtham/crazyflie_ws/install/crazyflie_interfaces/local/lib/python3.10/dist-packages:/home/gowtham/crazyflie_ws/install/central_swarm_control/lib/python3.10/site-packages:/home/gowtham/crazyflie-firmware/build:/home/gowtham/crazyflie-firmware/build:/home/gowtham/swarm_ws/install/guidance_layer/lib/python3.10/site-packages:/home/gowtham/swarm_ws/install/crazyflie_sim/local/lib/python3.10/dist-packages:/home/gowtham/swarm_ws/install/crazyflie_examples/local/lib/python3.10/dist-packages:/home/gowtham/swarm_ws/install/crazyflie_py/lib/python3.10/site-packages:/home/gowtham/swarm_ws/install/crazyflie_interfaces/local/lib/python3.10/dist-packages:/home/gowtham/swarm_ws/install/control_layer/lib/python3.10/site-packages:/home/gowtham/swarm_ws/install/consensus_controller/lib/python3.10/site-packages:/opt/ros/humble/lib/python3.10/site-packages:/opt/ros/humble/local/lib/python3.10/dist-packages', 'COLCON': '1', 'VTE_VERSION': '6800', 'CMAKE_PREFIX_PATH': '/home/gowtham/crazyflie_ws/install/crazyflie_sim:/home/gowtham/crazyflie_ws/install/crazyflie_examples:/home/gowtham/crazyflie_ws/install/crazyflie:/home/gowtham/crazyflie_ws/install/crazyflie_interfaces:/home/gowtham/swarm_ws/install/crazyflie_sim:/home/gowtham/swarm_ws/install/crazyflie_examples:/home/gowtham/swarm_ws/install/crazyflie:/home/gowtham/swarm_ws/install/crazyflie_interfaces'}, 'shell': False}
[2.376155] (central_swarm_control) Command: {'cmd': ['/usr/bin/python3', '-W', 'ignore:setup.py install is deprecated', '-W', 'ignore:easy_install command is deprecated', 'setup.py', 'egg_info', '--egg-base', '../../build/central_swarm_control', 'build', '--build-base', '/home/gowtham/crazyflie_ws/build/central_swarm_control/build', 'install', '--record', '/home/gowtham/crazyflie_ws/build/central_swarm_control/install.log', '--single-version-externally-managed', 'install_data'], 'cwd': '/home/gowtham/crazyflie_ws/src/central_swarm_control', 'env': {'LESSOPEN': '| /usr/bin/lesspipe %s', 'LANGUAGE': 'en_IN:en', 'USER': 'gowtham', 'XDG_SESSION_TYPE': 'wayland', 'SHLVL': '1', 'LD_LIBRARY_PATH': '/home/gowtham/crazyflie_ws/install/crazyflie_interfaces/lib:/home/gowtham/swarm_ws/install/crazyflie_interfaces/lib:/opt/ros/humble/opt/rviz_ogre_vendor/lib:/opt/ros/humble/lib/x86_64-linux-gnu:/opt/ros/humble/lib', 'HOME': '/home/gowtham', 'OLDPWD': '/home/gowtham/crazyflie_ws', 'DESKTOP_SESSION': 'ubuntu', 'ROS_PYTHON_VERSION': '3', 'GNOME_SHELL_SESSION_MODE': 'ubuntu', 'GTK_MODULES': 'gail:atk-bridge', 'SYSTEMD_EXEC_PID': '1223', 'DBUS_SESSION_BUS_ADDRESS': 'unix:path=/run/user/1000/bus', 'COLORTERM': 'truecolor', 'IM_CONFIG_PHASE': '1', 'WAYLAND_DISPLAY': 'wayland-0', 'COLCON_PREFIX_PATH': '/home/gowtham/crazyflie_ws/install:/home/gowtham/swarm_ws/install', 'ROS_DISTRO': 'humble', 'LOGNAME': 'gowtham', '_': '/usr/bin/colcon', 'ROS_VERSION': '2', 'XDG_SESSION_CLASS': 'user', 'USERNAME': 'gowtham', 'TERM': 'xterm-256color', 'GNOME_DESKTOP_SESSION_ID': 'this-is-deprecated', 'ROS_LOCALHOST_ONLY': '0', 'PATH': '/opt/ros/humble/bin:/home/gowtham/.local/bin:/usr/local/sbin:/usr/local/bin:/usr/sbin:/usr/bin:/sbin:/bin:/usr/games:/usr/local/games:/snap/bin:/snap/bin:/home/gowtham/.local/bin', 'SESSION_MANAGER': 'local/gowtham:@/tmp/.ICE-unix/982,unix/gowtham:/tmp/.ICE-unix/982', 'XDG_MENU_PREFIX': 'gnome-', 'GNOME_TERMINAL_SCREEN': '/org/gnome/Terminal/screen/66663db3_71b1_4ea7_9e7c_3581e2124211', 'GNOME_SETUP_DISPLAY': ':1', 'XDG_RUNTIME_DIR': '/run/user/1000', 'DISPLAY': ':0', 'LANG': 'en_US.UTF-8', 'XDG_CURRENT_DESKTOP': 'ubuntu:GNOME', 'XMODIFIERS': '@im=ibus', 'XDG_SESSION_DESKTOP': 'ubuntu', 'XAUTHORITY': '/run/user/1000/.mutter-Xwaylandauth.YWIQP3', 'LS_COLORS': 'rs=0:di=01;34:ln=01;36:mh=00:pi=40;33:so=01;35:do=01;35:bd=40;33;01:cd=40;33;01:or=40;31;01:mi=00:su=37;41:sg=30;43:ca=30;41:tw=30;42:ow=34;42:st=37;44:ex=01;32:*.tar=01;31:*.tgz=01;31:*.arc=01;31:*.arj=01;31:*.taz=01;31:*.lha=01;31:*.lz4=01;31:*.lzh=01;31:*.lzma=01;31:*.tlz=01;31:*.txz=01;31:*.tzo=01;31:*.t7z=01;31:*.zip=01;31:*.z=01;31:*.dz=01;31:*.gz=01;31:*.lrz=01;31:*.lz=01;31:*.lzo=01;31:*.xz=01;31:*.zst=01;31:*.tzst=01;31:*.bz2=01;31:*.bz=01;31:*.tbz=01;31:*.tbz2=01;31:*.tz=01;31:*.deb=01;31:*.rpm=01;31:*.jar=01;31:*.war=01;31:*.ear=01;31:*.sar=01;31:*.rar=01;31:*.alz=01;31:*.ace=01;31:*.zoo=01;31:*.cpio=01;31:*.7z=01;31:*.rz=01;31:*.cab=01;31:*.wim=01;31:*.swm=01;31:*.dwm=01;31:*.esd=01;31:*.jpg=01;35:*.jpeg=01;35:*.mjpg=01;35:*.mjpeg=01;35:*.gif=01;35:*.bmp=01;35:*.pbm=01;35:*.pgm=01;35:*.ppm=01;35:*.tga=01;35:*.xbm=01;35:*.xpm=01;35:*.tif=01;35:*.tiff=01;35:*.png=01;35:*.svg=01;35:*.svgz=01;35:*.mng=01;35:*.pcx=01;35:*.mov=01;35:*.mpg=01;35:*.mpeg=01;35:*.m2v=01;35:*.mkv=01;35:*.webm=01;35:*.webp=01;35:*.ogm=01;35:*.mp4=01;35:*.m4v=01;35:*.mp4v=01;35:*.vob=01;35:*.qt=01;35:*.nuv=01;35:*.wmv=01;35:*.asf=01;35:*.rm=01;35:*.rmvb=01;35:*.flc=01;35:*.avi=01;35:*.fli=01;35:*.flv=01;35:*.gl=01;35:*.dl=01;35:*.xcf=01;35:*.xwd=01;35:*.yuv=01;35:*.cgm=01;35:*.emf=01;35:*.ogv=01;35:*.ogx=01;35:*.aac=00;36:*.au=00;36:*.flac=00;36:*.m4a=00;36:*.mid=00;36:*.midi=00;36:*.mka=00;36:*.mp3=00;36:*.mpc=00;36:*.ogg=00;36:*.ra=00;36:*.wav=00;36:*.oga=00;36:*.opus=00;36:*.spx=00;36:*.xspf=00;36:', 'GNOME_TERMINAL_SERVICE': ':1.490', 'SSH_AGENT_LAUNCHER': 'gnome-keyring', 'SSH_AUTH_SOCK': '/run/user/1000/keyring/ssh', 'AMENT_PREFIX_PATH': '/home/gowtham/crazyflie_ws/install/swarm_navigation:/home/gowtham/crazyflie_ws/install/swarm_guidance:/home/gowtham/crazyflie_ws/install/crazyflie_sim:/home/gowtham/crazyflie_ws/install/crazyflie_examples:/home/gowtham/crazyflie_ws/install/crazyflie_py:/home/gowtham/crazyflie_ws/install/crazyflie:/home/gowtham/crazyflie_ws/install/crazyflie_interfaces:/home/gowtham/crazyflie_ws/install/central_swarm_control:/home/gowtham/swarm_ws/install/guidance_layer:/home/gowtham/swarm_ws/install/crazyflie_sim:/home/gowtham/swarm_ws/install/crazyflie_examples:/home/gowtham/swarm_ws/install/crazyflie_py:/home/gowtham/swarm_ws/install/crazyflie:/home/gowtham/swarm_ws/install/crazyflie_interfaces:/home/gowtham/swarm_ws/install/control_layer:/home/gowtham/swarm_ws/install/consensus_controller:/opt/ros/humble', 'SHELL': '/bin/bash', 'QT_ACCESSIBILITY': '1', 'GDMSESSION': 'ubuntu', 'LESSCLOSE': '/usr/bin/lesspipe %s %s', 'QT_IM_MODULE': 'ibus', 'PWD': '/home/gowtham/crazyflie_ws/build/central_swarm_control', 'LC_ALL': 'en_US.UTF-8', 'XDG_CONFIG_DIRS': '/etc/xdg/xdg-ubuntu:/etc/xdg', 'XDG_DATA_DIRS': '/usr/share/ubuntu:/usr/local/share/:/usr/share/:/var/lib/snapd/desktop', 'PYTHONPATH': '/home/gowtham/crazyflie_ws/build/central_swarm_control/prefix_override:/usr/lib/python3/dist-packages/colcon_core/task/python/colcon_distutils_commands:/home/gowtham/crazyflie_ws/install/central_swarm_control/lib/python3.10/site-packages:/home/gowtham/crazyflie_ws/install/swarm_navigation/lib/python3.10/site-packages:/home/gowtham/crazyflie_ws/install/swarm_guidance/lib/python3.10/site-packages:/home/gowtham/crazyflie_ws/install/crazyflie_sim/local/lib/python3.10/dist-packages:/home/gowtham/crazyflie_ws/install/crazyflie_examples/local/lib/python3.10/dist-packages:/home/gowtham/crazyflie_ws/install/crazyflie_py/lib/python3.10/site-packages:/home/gowtham/crazyflie_ws/install/crazyflie_interfaces/local/lib/python3.10/dist-packages:/home/gowtham/crazyflie_ws/install/central_swarm_control/lib/python3.10/site-packages:/home/gowtham/crazyflie-firmware/build:/home/gowtham/crazyflie-firmware/build:/home/gowtham/swarm_ws/install/guidance_layer/lib/python3.10/site-packages:/home/gowtham/swarm_ws/install/crazyflie_sim/local/lib/python3.10/dist-packages:/home/gowtham/swarm_ws/install/crazyflie_examples/local/lib/python3.10/dist-packages:/home/gowtham/swarm_ws/install/crazyflie_py/lib/python3.10/site-packages:/home/gowtham/swarm_ws/install/crazyflie_interfaces/local/lib/python3.10/dist-packages:/home/gowtham/swarm_ws/install/control_layer/lib/python3.10/site-packages:/home/gowtham/swarm_ws/install/consensus_controller/lib/python3.10/site-packages:/opt/ros/humble/lib/python3.10/site-packages:/opt/ros/humble/local/lib/python3.10/dist-packages', 'COLCON': '1', 'VTE_VERSION': '6800', 'CMAKE_PREFIX_PATH': '/home/gowtham/crazyflie_ws/install/crazyflie_sim:/home/gowtham/crazyflie_ws/install/crazyflie_examples:/home/gowtham/crazyflie_ws/install/crazyflie:/home/gowtham/crazyflie_ws/install/crazyflie_interfaces:/home/gowtham/swarm_ws/install/crazyflie_sim:/home/gowtham/swarm_ws/install/crazyflie_examples:/home/gowtham/swarm_ws/install/crazyflie:/home/gowtham/swarm_ws/install/crazyflie_interfaces'}, 'shell': False}
[2.379537] (swarm_navigation) Command: {'cmd': ['/usr/bin/python3', '-W', 'ignore:setup.py install is deprecated', '-W', 'ignore:easy_install command is deprecated', 'setup.py', 'egg_info', '--egg-base', '../../build/swarm_navigation', 'build', '--build-base', '/home/gowtham/crazyflie_ws/build/swarm_navigation/build', 'install', '--record', '/home/gowtham/crazyflie_ws/build/swarm_navigation/install.log', '--single-version-externally-managed', 'install_data'], 'cwd': '/home/gowtham/crazyflie_ws/src/swarm_navigation', 'env': {'LESSOPEN': '| /usr/bin/lesspipe %s', 'LANGUAGE': 'en_IN:en', 'USER': 'gowtham', 'XDG_SESSION_TYPE': 'wayland', 'SHLVL': '1', 'LD_LIBRARY_PATH': '/home/gowtham/crazyflie_ws/install/crazyflie_interfaces/lib:/home/gowtham/swarm_ws/install/crazyflie_interfaces/lib:/opt/ros/humble/opt/rviz_ogre_vendor/lib:/opt/ros/humble/lib/x86_64-linux-gnu:/opt/ros/humble/lib', 'HOME': '/home/gowtham', 'OLDPWD': '/home/gowtham/crazyflie_ws', 'DESKTOP_SESSION': 'ubuntu', 'ROS_PYTHON_VERSION': '3', 'GNOME_SHELL_SESSION_MODE': 'ubuntu', 'GTK_MODULES': 'gail:atk-bridge', 'SYSTEMD_EXEC_PID': '1223', 'DBUS_SESSION_BUS_ADDRESS': 'unix:path=/run/user/1000/bus', 'COLORTERM': 'truecolor', 'IM_CONFIG_PHASE': '1', 'WAYLAND_DISPLAY': 'wayland-0', 'COLCON_PREFIX_PATH': '/home/gowtham/crazyflie_ws/install:/home/gowtham/swarm_ws/install', 'ROS_DISTRO': 'humble', 'LOGNAME': 'gowtham', '_': '/usr/bin/colcon', 'ROS_VERSION': '2', 'XDG_SESSION_CLASS': 'user', 'USERNAME': 'gowtham', 'TERM': 'xterm-256color', 'GNOME_DESKTOP_SESSION_ID': 'this-is-deprecated', 'ROS_LOCALHOST_ONLY': '0', 'PATH': '/opt/ros/humble/bin:/home/gowtham/.local/bin:/usr/local/sbin:/usr/local/bin:/usr/sbin:/usr/bin:/sbin:/bin:/usr/games:/usr/local/games:/snap/bin:/snap/bin:/home/gowtham/.local/bin', 'SESSION_MANAGER': 'local/gowtham:@/tmp/.ICE-unix/982,unix/gowtham:/tmp/.ICE-unix/982', 'XDG_MENU_PREFIX': 'gnome-', 'GNOME_TERMINAL_SCREEN': '/org/gnome/Terminal/screen/66663db3_71b1_4ea7_9e7c_3581e2124211', 'GNOME_SETUP_DISPLAY': ':1', 'XDG_RUNTIME_DIR': '/run/user/1000', 'DISPLAY': ':0', 'LANG': 'en_US.UTF-8', 'XDG_CURRENT_DESKTOP': 'ubuntu:GNOME', 'XMODIFIERS': '@im=ibus', 'XDG_SESSION_DESKTOP': 'ubuntu', 'XAUTHORITY': '/run/user/1000/.mutter-Xwaylandauth.YWIQP3', 'LS_COLORS': 'rs=0:di=01;34:ln=01;36:mh=00:pi=40;33:so=01;35:do=01;35:bd=40;33;01:cd=40;33;01:or=40;31;01:mi=00:su=37;41:sg=30;43:ca=30;41:tw=30;42:ow=34;42:st=37;44:ex=01;32:*.tar=01;31:*.tgz=01;31:*.arc=01;31:*.arj=01;31:*.taz=01;31:*.lha=01;31:*.lz4=01;31:*.lzh=01;31:*.lzma=01;31:*.tlz=01;31:*.txz=01;31:*.tzo=01;31:*.t7z=01;31:*.zip=01;31:*.z=01;31:*.dz=01;31:*.gz=01;31:*.lrz=01;31:*.lz=01;31:*.lzo=01;31:*.xz=01;31:*.zst=01;31:*.tzst=01;31:*.bz2=01;31:*.bz=01;31:*.tbz=01;31:*.tbz2=01;31:*.tz=01;31:*.deb=01;31:*.rpm=01;31:*.jar=01;31:*.war=01;31:*.ear=01;31:*.sar=01;31:*.rar=01;31:*.alz=01;31:*.ace=01;31:*.zoo=01;31:*.cpio=01;31:*.7z=01;31:*.rz=01;31:*.cab=01;31:*.wim=01;31:*.swm=01;31:*.dwm=01;31:*.esd=01;31:*.jpg=01;35:*.jpeg=01;35:*.mjpg=01;35:*.mjpeg=01;35:*.gif=01;35:*.bmp=01;35:*.pbm=01;35:*.pgm=01;35:*.ppm=01;35:*.tga=01;35:*.xbm=01;35:*.xpm=01;35:*.tif=01;35:*.tiff=01;35:*.png=01;35:*.svg=01;35:*.svgz=01;35:*.mng=01;35:*.pcx=01;35:*.mov=01;35:*.mpg=01;35:*.mpeg=01;35:*.m2v=01;35:*.mkv=01;35:*.webm=01;35:*.webp=01;35:*.ogm=01;35:*.mp4=01;35:*.m4v=01;35:*.mp4v=01;35:*.vob=01;35:*.qt=01;35:*.nuv=01;35:*.wmv=01;35:*.asf=01;35:*.rm=01;35:*.rmvb=01;35:*.flc=01;35:*.avi=01;35:*.fli=01;35:*.flv=01;35:*.gl=01;35:*.dl=01;35:*.xcf=01;35:*.xwd=01;35:*.yuv=01;35:*.cgm=01;35:*.emf=01;35:*.ogv=01;35:*.ogx=01;35:*.aac=00;36:*.au=00;36:*.flac=00;36:*.m4a=00;36:*.mid=00;36:*.midi=00;36:*.mka=00;36:*.mp3=00;36:*.mpc=00;36:*.ogg=00;36:*.ra=00;36:*.wav=00;36:*.oga=00;36:*.opus=00;36:*.spx=00;36:*.xspf=00;36:', 'GNOME_TERMINAL_SERVICE': ':1.490', 'SSH_AGENT_LAUNCHER': 'gnome-keyring', 'SSH_AUTH_SOCK': '/run/user/1000/keyring/ssh', 'AMENT_PREFIX_PATH': '/home/gowtham/crazyflie_ws/install/swarm_navigation:/home/gowtham/crazyflie_ws/install/swarm_guidance:/home/gowtham/crazyflie_ws/install/crazyflie_sim:/home/gowtham/crazyflie_ws/install/crazyflie_examples:/home/gowtham/crazyflie_ws/install/crazyflie_py:/home/gowtham/crazyflie_ws/install/crazyflie:/home/gowtham/crazyflie_ws/install/crazyflie_interfaces:/home/gowtham/crazyflie_ws/install/central_swarm_control:/home/gowtham/swarm_ws/install/guidance_layer:/home/gowtham/swarm_ws/install/crazyflie_sim:/home/gowtham/swarm_ws/install/crazyflie_examples:/home/gowtham/swarm_ws/install/crazyflie_py:/home/gowtham/swarm_ws/install/crazyflie:/home/gowtham/swarm_ws/install/crazyflie_interfaces:/home/gowtham/swarm_ws/install/control_layer:/home/gowtham/swarm_ws/install/consensus_controller:/opt/ros/humble', 'SHELL': '/bin/bash', 'QT_ACCESSIBILITY': '1', 'GDMSESSION': 'ubuntu', 'LESSCLOSE': '/usr/bin/lesspipe %s %s', 'QT_IM_MODULE': 'ibus', 'PWD': '/home/gowtham/crazyflie_ws/build/swarm_navigation', 'LC_ALL': 'en_US.UTF-8', 'XDG_CONFIG_DIRS': '/etc/xdg/xdg-ubuntu:/etc/xdg', 'XDG_DATA_DIRS': '/usr/share/ubuntu:/usr/local/share/:/usr/share/:/var/lib/snapd/desktop', 'PYTHONPATH': '/home/gowtham/crazyflie_ws/build/swarm_navigation/prefix_override:/usr/lib/python3/dist-packages/colcon_core/task/python/colcon_distutils_commands:/home/gowtham/crazyflie_ws/install/swarm_navigation/lib/python3.10/site-packages:/home/gowtham/crazyflie_ws/install/swarm_navigation/lib/python3.10/site-packages:/home/gowtham/crazyflie_ws/install/swarm_guidance/lib/python3.10/site-packages:/home/gowtham/crazyflie_ws/install/crazyflie_sim/local/lib/python3.10/dist-packages:/home/gowtham/crazyflie_ws/install/crazyflie_examples/local/lib/python3.10/dist-packages:/home/gowtham/crazyflie_ws/install/crazyflie_py/lib/python3.10/site-packages:/home/gowtham/crazyflie_ws/install/crazyflie_interfaces/local/lib/python3.10/dist-packages:/home/gowtham/crazyflie_ws/install/central_swarm_control/lib/python3.10/site-packages:/home/gowtham/crazyflie-firmware/build:/home/gowtham/crazyflie-firmware/build:/home/gowtham/swarm_ws/install/guidance_layer/lib/python3.10/site-packages:/home/gowtham/swarm_ws/install/crazyflie_sim/local/lib/python3.10/dist-packages:/home/gowtham/swarm_ws/install/crazyflie_examples/local/lib/python3.10/dist-packages:/home/gowtham/swarm_ws/install/crazyflie_py/lib/python3.10/site-packages:/home/gowtham/swarm_ws/install/crazyflie_interfaces/local/lib/python3.10/dist-packages:/home/gowtham/swarm_ws/install/control_layer/lib/python3.10/site-packages:/home/gowtham/swarm_ws/install/consensus_controller/lib/python3.10/site-packages:/opt/ros/humble/lib/python3.10/site-packages:/opt/ros/humble/local/lib/python3.10/dist-packages', 'COLCON': '1', 'VTE_VERSION': '6800', 'CMAKE_PREFIX_PATH': '/home/gowtham/crazyflie_ws/install/crazyflie_sim:/home/gowtham/crazyflie_ws/install/crazyflie_examples:/home/gowtham/crazyflie_ws/install/crazyflie:/home/gowtham/crazyflie_ws/install/crazyflie_interfaces:/home/gowtham/swarm_ws/install/crazyflie_sim:/home/gowtham/swarm_ws/install/crazyflie_examples:/home/gowtham/swarm_ws/install/crazyflie:/home/gowtham/swarm_ws/install/crazyflie_interfaces'}, 'shell': False}
[2.415576] (-) TimerEvent: {}
[2.515940] (-) TimerEvent: {}
[2.616284] (-) TimerEvent: {}
[2.716658] (-) TimerEvent: {}
[2.817035] (-) TimerEvent: {}
[2.917413] (-) TimerEvent: {}
[2.964647] (swarm_guidance) StdoutLine: {'line': b'running egg_info\n'}
[2.966144] (swarm_guidance) StdoutLine: {'line': b'writing ../../build/swarm_guidance/swarm_guidance.egg-info/PKG-INFO\n'}
[2.967126] (swarm_guidance) StdoutLine: {'line': b'writing dependency_links to ../../build/swarm_guidance/swarm_guidance.egg-info/dependency_links.txt\n'}
[2.967906] (swarm_guidance) StdoutLine: {'line': b'writing entry points to ../../build/swarm_guidance/swarm_guidance.egg-info/entry_points.txt\n'}
[2.968558] (swarm_guidance) StdoutLine: {'line': b'writing requirements to ../../build/swarm_guidance/swarm_guidance.egg-info/requires.txt\n'}
[2.969092] (swarm_guidance) StdoutLine: {'line': b'writing top-level names to ../../build/swarm_guidance/swarm_guidance.egg-info/top_level.txt\n'}
[2.973435] (swarm_guidance) StdoutLine: {'line': b"reading manifest file '../../build/swarm_guidance/swarm_guidance.egg-info/SOURCES.txt'\n"}
[2.976019] (swarm_guidance) StdoutLine: {'line': b"writing manifest file '../../build/swarm_guidance/swarm_guidance.egg-info/SOURCES.txt'\n"}
[2.977383] (swarm_guidance) StdoutLine: {'line': b'running build\n'}
[2.977690] (swarm_guidance) StdoutLine: {'line': b'running build_py\n'}
[2.977825] (swarm_guidance) StdoutLine: {'line': b'copying swarm_guidance/guidance_node.py -> /home/gowtham/crazyflie_ws/build/swarm_guidance/build/lib/swarm_guidance\n'}
[2.978632] (swarm_guidance) StdoutLine: {'line': b'running install\n'}
[2.980418] (swarm_guidance) StdoutLine: {'line': b'running install_lib\n'}
[2.982660] (swarm_guidance) StdoutLine: {'line': b'copying /home/gowtham/crazyflie_ws/build/swarm_guidance/build/lib/swarm_guidance/guidance_node.py -> /home/gowtham/crazyflie_ws/install/swarm_guidance/lib/python3.10/site-packages/swarm_guidance\n'}
[2.984585] (swarm_guidance) StdoutLine: {'line': b'byte-compiling /home/gowtham/crazyflie_ws/install/swarm_guidance/lib/python3.10/site-packages/swarm_guidance/guidance_node.py to guidance_node.cpython-310.pyc\n'}
[2.987600] (swarm_guidance) StdoutLine: {'line': b'running install_data\n'}
[2.987861] (swarm_guidance) StdoutLine: {'line': b'running install_egg_info\n'}
[2.991164] (swarm_guidance) StdoutLine: {'line': b"removing '/home/gowtham/crazyflie_ws/install/swarm_guidance/lib/python3.10/site-packages/swarm_guidance-0.0.0-py3.10.egg-info' (and everything under it)\n"}
[2.993639] (swarm_guidance) StdoutLine: {'line': b'Copying ../../build/swarm_guidance/swarm_guidance.egg-info to /home/gowtham/crazyflie_ws/install/swarm_guidance/lib/python3.10/site-packages/swarm_guidance-0.0.0-py3.10.egg-info\n'}
[2.996587] (swarm_guidance) StdoutLine: {'line': b'running install_scripts\n'}
[3.017564] (-) TimerEvent: {}
[3.045811] (swarm_guidance) StdoutLine: {'line': b'Installing guidance_node script to /home/gowtham/crazyflie_ws/install/swarm_guidance/lib/swarm_guidance\n'}
[3.046146] (swarm_guidance) StdoutLine: {'line': b"writing list of installed files to '/home/gowtham/crazyflie_ws/build/swarm_guidance/install.log'\n"}
[3.054335] (swarm_navigation) StdoutLine: {'line': b'running egg_info\n'}
[3.054685] (swarm_navigation) StdoutLine: {'line': b'writing ../../build/swarm_navigation/swarm_navigation.egg-info/PKG-INFO\n'}
[3.057582] (swarm_navigation) StdoutLine: {'line': b'writing dependency_links to ../../build/swarm_navigation/swarm_navigation.egg-info/dependency_links.txt\n'}
[3.057877] (swarm_navigation) StdoutLine: {'line': b'writing entry points to ../../build/swarm_navigation/swarm_navigation.egg-info/entry_points.txt\n'}
[3.058001] (swarm_navigation) StdoutLine: {'line': b'writing requirements to ../../build/swarm_navigation/swarm_navigation.egg-info/requires.txt\n'}
[3.058121] (swarm_navigation) StdoutLine: {'line': b'writing top-level names to ../../build/swarm_navigation/swarm_navigation.egg-info/top_level.txt\n'}
[3.062433] (swarm_navigation) StdoutLine: {'line': b"reading manifest file '../../build/swarm_navigation/swarm_navigation.egg-info/SOURCES.txt'\n"}
[3.065600] (swarm_navigation) StdoutLine: {'line': b"writing manifest file '../../build/swarm_navigation/swarm_navigation.egg-info/SOURCES.txt'\n"}
[3.065791] (swarm_navigation) StdoutLine: {'line': b'running build\n'}
[3.065913] (swarm_navigation) StdoutLine: {'line': b'running build_py\n'}
[3.066042] (swarm_navigation) StdoutLine: {'line': b'copying swarm_navigation/navigation_node.py -> /home/gowtham/crazyflie_ws/build/swarm_navigation/build/lib/swarm_navigation\n'}
[3.066930] (swarm_navigation) StdoutLine: {'line': b'running install\n'}
[3.068088] (swarm_navigation) StdoutLine: {'line': b'running install_lib\n'}
[3.070673] (swarm_navigation) StdoutLine: {'line': b'copying /home/gowtham/crazyflie_ws/build/swarm_navigation/build/lib/swarm_navigation/navigation_node.py -> /home/gowtham/crazyflie_ws/install/swarm_navigation/lib/python3.10/site-packages/swarm_navigation\n'}
[3.072585] (swarm_navigation) StdoutLine: {'line': b'byte-compiling /home/gowtham/crazyflie_ws/install/swarm_navigation/lib/python3.10/site-packages/swarm_navigation/navigation_node.py to navigation_node.cpython-310.pyc\n'}
[3.077283] (swarm_navigation) StdoutLine: {'line': b'running install_data\n'}
[3.078578] (swarm_navigation) StdoutLine: {'line': b'running install_egg_info\n'}
[3.081417] (swarm_navigation) StdoutLine: {'line': b"removing '/home/gowtham/crazyflie_ws/install/swarm_navigation/lib/python3.10/site-packages/swarm_navigation-0.0.0-py3.10.egg-info' (and everything under it)\n"}
[3.083204] (swarm_navigation) StdoutLine: {'line': b'Copying ../../build/swarm_navigation/swarm_navigation.egg-info to /home/gowtham/crazyflie_ws/install/swarm_navigation/lib/python3.10/site-packages/swarm_navigation-0.0.0-py3.10.egg-info\n'}
[3.087581] (swarm_navigation) StdoutLine: {'line': b'running install_scripts\n'}
[3.114613] (swarm_guidance) CommandEnded: {'returncode': 0}
[3.117668] (-) TimerEvent: {}
[3.131229] (swarm_navigation) StdoutLine: {'line': b'Installing navigation_node script to /home/gowtham/crazyflie_ws/install/swarm_navigation/lib/swarm_navigation\n'}
[3.132761] (swarm_navigation) StdoutLine: {'line': b"writing list of installed files to '/home/gowtham/crazyflie_ws/build/swarm_navigation/install.log'\n"}
[3.140614] (swarm_guidance) JobEnded: {'identifier': 'swarm_guidance', 'rc': 0}
[3.144227] (crazyflie) JobStarted: {'identifier': 'crazyflie'}
[3.150588] (central_swarm_control) StdoutLine: {'line': b'running egg_info\n'}
[3.163864] (central_swarm_control) StdoutLine: {'line': b'writing ../../build/central_swarm_control/central_swarm_control.egg-info/PKG-INFO\n'}
[3.164298] (central_swarm_control) StdoutLine: {'line': b'writing dependency_links to ../../build/central_swarm_control/central_swarm_control.egg-info/dependency_links.txt\n'}
[3.164450] (central_swarm_control) StdoutLine: {'line': b'writing entry points to ../../build/central_swarm_control/central_swarm_control.egg-info/entry_points.txt\n'}
[3.164651] (central_swarm_control) StdoutLine: {'line': b'writing requirements to ../../build/central_swarm_control/central_swarm_control.egg-info/requires.txt\n'}
[3.164777] (central_swarm_control) StdoutLine: {'line': b'writing top-level names to ../../build/central_swarm_control/central_swarm_control.egg-info/top_level.txt\n'}
[3.164891] (central_swarm_control) StdoutLine: {'line': b"reading manifest file '../../build/central_swarm_control/central_swarm_control.egg-info/SOURCES.txt'\n"}
[3.165773] (central_swarm_control) StdoutLine: {'line': b"writing manifest file '../../build/central_swarm_control/central_swarm_control.egg-info/SOURCES.txt'\n"}
[3.166892] (central_swarm_control) StdoutLine: {'line': b'running build\n'}
[3.167156] (central_swarm_control) StdoutLine: {'line': b'running build_py\n'}
[3.169573] (central_swarm_control) StdoutLine: {'line': b'copying central_swarm_control/control_node.py -> /home/gowtham/crazyflie_ws/build/central_swarm_control/build/lib/central_swarm_control\n'}
[3.169876] (central_swarm_control) StdoutLine: {'line': b'running install\n'}
[3.170010] (central_swarm_control) StdoutLine: {'line': b'running install_lib\n'}
[3.171546] (central_swarm_control) StdoutLine: {'line': b'copying /home/gowtham/crazyflie_ws/build/central_swarm_control/build/lib/central_swarm_control/control_node.py -> /home/gowtham/crazyflie_ws/install/central_swarm_control/lib/python3.10/site-packages/central_swarm_control\n'}
[3.174481] (central_swarm_control) StdoutLine: {'line': b'byte-compiling /home/gowtham/crazyflie_ws/install/central_swarm_control/lib/python3.10/site-packages/central_swarm_control/control_node.py to control_node.cpython-310.pyc\n'}
[3.180756] (crazyflie) JobProgress: {'identifier': 'crazyflie', 'progress': 'cmake'}
[3.181042] (central_swarm_control) StdoutLine: {'line': b'running install_data\n'}
[3.181335] (central_swarm_control) StdoutLine: {'line': b'running install_egg_info\n'}
[3.184899] (crazyflie) JobProgress: {'identifier': 'crazyflie', 'progress': 'build'}
[3.185071] (crazyflie) Command: {'cmd': ['/usr/bin/cmake', '--build', '/home/gowtham/crazyflie_ws/build/crazyflie', '--', '-j4', '-l4'], 'cwd': '/home/gowtham/crazyflie_ws/build/crazyflie', 'env': OrderedDict([('LESSOPEN', '| /usr/bin/lesspipe %s'), ('LANGUAGE', 'en_IN:en'), ('USER', 'gowtham'), ('XDG_SESSION_TYPE', 'wayland'), ('SHLVL', '1'), ('LD_LIBRARY_PATH', '/home/gowtham/crazyflie_ws/install/crazyflie_interfaces/lib:/home/gowtham/swarm_ws/install/crazyflie_interfaces/lib:/opt/ros/humble/opt/rviz_ogre_vendor/lib:/opt/ros/humble/lib/x86_64-linux-gnu:/opt/ros/humble/lib'), ('HOME', '/home/gowtham'), ('OLDPWD', '/home/gowtham/crazyflie_ws'), ('DESKTOP_SESSION', 'ubuntu'), ('ROS_PYTHON_VERSION', '3'), ('GNOME_SHELL_SESSION_MODE', 'ubuntu'), ('GTK_MODULES', 'gail:atk-bridge'), ('SYSTEMD_EXEC_PID', '1223'), ('DBUS_SESSION_BUS_ADDRESS', 'unix:path=/run/user/1000/bus'), ('COLORTERM', 'truecolor'), ('IM_CONFIG_PHASE', '1'), ('WAYLAND_DISPLAY', 'wayland-0'), ('COLCON_PREFIX_PATH', '/home/gowtham/crazyflie_ws/install:/home/gowtham/swarm_ws/install'), ('ROS_DISTRO', 'humble'), ('LOGNAME', 'gowtham'), ('_', '/usr/bin/colcon'), ('ROS_VERSION', '2'), ('XDG_SESSION_CLASS', 'user'), ('USERNAME', 'gowtham'), ('TERM', 'xterm-256color'), ('GNOME_DESKTOP_SESSION_ID', 'this-is-deprecated'), ('ROS_LOCALHOST_ONLY', '0'), ('PATH', '/opt/ros/humble/bin:/home/gowtham/.local/bin:/usr/local/sbin:/usr/local/bin:/usr/sbin:/usr/bin:/sbin:/bin:/usr/games:/usr/local/games:/snap/bin:/snap/bin:/home/gowtham/.local/bin'), ('SESSION_MANAGER', 'local/gowtham:@/tmp/.ICE-unix/982,unix/gowtham:/tmp/.ICE-unix/982'), ('XDG_MENU_PREFIX', 'gnome-'), ('GNOME_TERMINAL_SCREEN', '/org/gnome/Terminal/screen/66663db3_71b1_4ea7_9e7c_3581e2124211'), ('GNOME_SETUP_DISPLAY', ':1'), ('XDG_RUNTIME_DIR', '/run/user/1000'), ('DISPLAY', ':0'), ('LANG', 'en_US.UTF-8'), ('XDG_CURRENT_DESKTOP', 'ubuntu:GNOME'), ('XMODIFIERS', '@im=ibus'), ('XDG_SESSION_DESKTOP', 'ubuntu'), ('XAUTHORITY', '/run/user/1000/.mutter-Xwaylandauth.YWIQP3'), ('LS_COLORS', 'rs=0:di=01;34:ln=01;36:mh=00:pi=40;33:so=01;35:do=01;35:bd=40;33;01:cd=40;33;01:or=40;31;01:mi=00:su=37;41:sg=30;43:ca=30;41:tw=30;42:ow=34;42:st=37;44:ex=01;32:*.tar=01;31:*.tgz=01;31:*.arc=01;31:*.arj=01;31:*.taz=01;31:*.lha=01;31:*.lz4=01;31:*.lzh=01;31:*.lzma=01;31:*.tlz=01;31:*.txz=01;31:*.tzo=01;31:*.t7z=01;31:*.zip=01;31:*.z=01;31:*.dz=01;31:*.gz=01;31:*.lrz=01;31:*.lz=01;31:*.lzo=01;31:*.xz=01;31:*.zst=01;31:*.tzst=01;31:*.bz2=01;31:*.bz=01;31:*.tbz=01;31:*.tbz2=01;31:*.tz=01;31:*.deb=01;31:*.rpm=01;31:*.jar=01;31:*.war=01;31:*.ear=01;31:*.sar=01;31:*.rar=01;31:*.alz=01;31:*.ace=01;31:*.zoo=01;31:*.cpio=01;31:*.7z=01;31:*.rz=01;31:*.cab=01;31:*.wim=01;31:*.swm=01;31:*.dwm=01;31:*.esd=01;31:*.jpg=01;35:*.jpeg=01;35:*.mjpg=01;35:*.mjpeg=01;35:*.gif=01;35:*.bmp=01;35:*.pbm=01;35:*.pgm=01;35:*.ppm=01;35:*.tga=01;35:*.xbm=01;35:*.xpm=01;35:*.tif=01;35:*.tiff=01;35:*.png=01;35:*.svg=01;35:*.svgz=01;35:*.mng=01;35:*.pcx=01;35:*.mov=01;35:*.mpg=01;35:*.mpeg=01;35:*.m2v=01;35:*.mkv=01;35:*.webm=01;35:*.webp=01;35:*.ogm=01;35:*.mp4=01;35:*.m4v=01;35:*.mp4v=01;35:*.vob=01;35:*.qt=01;35:*.nuv=01;35:*.wmv=01;35:*.asf=01;35:*.rm=01;35:*.rmvb=01;35:*.flc=01;35:*.avi=01;35:*.fli=01;35:*.flv=01;35:*.gl=01;35:*.dl=01;35:*.xcf=01;35:*.xwd=01;35:*.yuv=01;35:*.cgm=01;35:*.emf=01;35:*.ogv=01;35:*.ogx=01;35:*.aac=00;36:*.au=00;36:*.flac=00;36:*.m4a=00;36:*.mid=00;36:*.midi=00;36:*.mka=00;36:*.mp3=00;36:*.mpc=00;36:*.ogg=00;36:*.ra=00;36:*.wav=00;36:*.oga=00;36:*.opus=00;36:*.spx=00;36:*.xspf=00;36:'), ('GNOME_TERMINAL_SERVICE', ':1.490'), ('SSH_AGENT_LAUNCHER', 'gnome-keyring'), ('SSH_AUTH_SOCK', '/run/user/1000/keyring/ssh'), ('AMENT_PREFIX_PATH', '/home/gowtham/crazyflie_ws/install/swarm_navigation:/home/gowtham/crazyflie_ws/install/swarm_guidance:/home/gowtham/crazyflie_ws/install/crazyflie_sim:/home/gowtham/crazyflie_ws/install/crazyflie_examples:/home/gowtham/crazyflie_ws/install/crazyflie_py:/home/gowtham/crazyflie_ws/install/crazyflie:/home/gowtham/crazyflie_ws/install/crazyflie_interfaces:/home/gowtham/crazyflie_ws/install/central_swarm_control:/home/gowtham/swarm_ws/install/guidance_layer:/home/gowtham/swarm_ws/install/crazyflie_sim:/home/gowtham/swarm_ws/install/crazyflie_examples:/home/gowtham/swarm_ws/install/crazyflie_py:/home/gowtham/swarm_ws/install/crazyflie:/home/gowtham/swarm_ws/install/crazyflie_interfaces:/home/gowtham/swarm_ws/install/control_layer:/home/gowtham/swarm_ws/install/consensus_controller:/opt/ros/humble'), ('SHELL', '/bin/bash'), ('QT_ACCESSIBILITY', '1'), ('GDMSESSION', 'ubuntu'), ('LESSCLOSE', '/usr/bin/lesspipe %s %s'), ('QT_IM_MODULE', 'ibus'), ('PWD', '/home/gowtham/crazyflie_ws/build/crazyflie'), ('LC_ALL', 'en_US.UTF-8'), ('XDG_CONFIG_DIRS', '/etc/xdg/xdg-ubuntu:/etc/xdg'), ('XDG_DATA_DIRS', '/usr/share/ubuntu:/usr/local/share/:/usr/share/:/var/lib/snapd/desktop'), ('PYTHONPATH', '/home/gowtham/crazyflie_ws/install/swarm_navigation/lib/python3.10/site-packages:/home/gowtham/crazyflie_ws/install/swarm_guidance/lib/python3.10/site-packages:/home/gowtham/crazyflie_ws/install/crazyflie_sim/local/lib/python3.10/dist-packages:/home/gowtham/crazyflie_ws/install/crazyflie_examples/local/lib/python3.10/dist-packages:/home/gowtham/crazyflie_ws/install/crazyflie_py/lib/python3.10/site-packages:/home/gowtham/crazyflie_ws/install/crazyflie_interfaces/local/lib/python3.10/dist-packages:/home/gowtham/crazyflie_ws/install/central_swarm_control/lib/python3.10/site-packages:/home/gowtham/crazyflie-firmware/build:/home/gowtham/crazyflie-firmware/build:/home/gowtham/swarm_ws/install/guidance_layer/lib/python3.10/site-packages:/home/gowtham/swarm_ws/install/crazyflie_sim/local/lib/python3.10/dist-packages:/home/gowtham/swarm_ws/install/crazyflie_examples/local/lib/python3.10/dist-packages:/home/gowtham/swarm_ws/install/crazyflie_py/lib/python3.10/site-packages:/home/gowtham/swarm_ws/install/crazyflie_interfaces/local/lib/python3.10/dist-packages:/home/gowtham/swarm_ws/install/control_layer/lib/python3.10/site-packages:/home/gowtham/swarm_ws/install/consensus_controller/lib/python3.10/site-packages:/opt/ros/humble/lib/python3.10/site-packages:/opt/ros/humble/local/lib/python3.10/dist-packages'), ('COLCON', '1'), ('VTE_VERSION', '6800'), ('CMAKE_PREFIX_PATH', '/home/gowtham/crazyflie_ws/install/crazyflie_interfaces:/home/gowtham/crazyflie_ws/install/crazyflie_sim:/home/gowtham/crazyflie_ws/install/crazyflie_examples:/home/gowtham/crazyflie_ws/install/crazyflie:/home/gowtham/swarm_ws/install/crazyflie_sim:/home/gowtham/swarm_ws/install/crazyflie_examples:/home/gowtham/swarm_ws/install/crazyflie:/home/gowtham/swarm_ws/install/crazyflie_interfaces:/home/gowtham/crazyflie_ws/install/swarm_navigation:/home/gowtham/crazyflie_ws/install/swarm_guidance:/home/gowtham/crazyflie_ws/install/crazyflie_py:/home/gowtham/crazyflie_ws/install/central_swarm_control:/home/gowtham/swarm_ws/install/guidance_layer:/home/gowtham/swarm_ws/install/crazyflie_py:/home/gowtham/swarm_ws/install/control_layer:/home/gowtham/swarm_ws/install/consensus_controller:/opt/ros/humble')]), 'shell': False}
[3.193765] (central_swarm_control) StdoutLine: {'line': b"removing '/home/gowtham/crazyflie_ws/install/central_swarm_control/lib/python3.10/site-packages/central_swarm_control-0.0.0-py3.10.egg-info' (and everything under it)\n"}
[3.194230] (central_swarm_control) StdoutLine: {'line': b'Copying ../../build/central_swarm_control/central_swarm_control.egg-info to /home/gowtham/crazyflie_ws/install/central_swarm_control/lib/python3.10/site-packages/central_swarm_control-0.0.0-py3.10.egg-info\n'}
[3.194547] (central_swarm_control) StdoutLine: {'line': b'running install_scripts\n'}
[3.204190] (swarm_navigation) CommandEnded: {'returncode': 0}
[3.218081] (-) TimerEvent: {}
[3.218832] (swarm_navigation) JobEnded: {'identifier': 'swarm_navigation', 'rc': 0}
[3.221293] (crazyflie_sim) JobStarted: {'identifier': 'crazyflie_sim'}
[3.247133] (central_swarm_control) StdoutLine: {'line': b'Installing control_node script to /home/gowtham/crazyflie_ws/install/central_swarm_control/lib/central_swarm_control\n'}
[3.249842] (central_swarm_control) StdoutLine: {'line': b"writing list of installed files to '/home/gowtham/crazyflie_ws/build/central_swarm_control/install.log'\n"}
[3.250994] (crazyflie_sim) JobProgress: {'identifier': 'crazyflie_sim', 'progress': 'cmake'}
[3.253017] (crazyflie_sim) JobProgress: {'identifier': 'crazyflie_sim', 'progress': 'build'}
[3.253151] (crazyflie_sim) Command: {'cmd': ['/usr/bin/cmake', '--build', '/home/gowtham/crazyflie_ws/build/crazyflie_sim', '--', '-j4', '-l4'], 'cwd': '/home/gowtham/crazyflie_ws/build/crazyflie_sim', 'env': OrderedDict([('LESSOPEN', '| /usr/bin/lesspipe %s'), ('LANGUAGE', 'en_IN:en'), ('USER', 'gowtham'), ('XDG_SESSION_TYPE', 'wayland'), ('SHLVL', '1'), ('LD_LIBRARY_PATH', '/home/gowtham/crazyflie_ws/install/crazyflie_interfaces/lib:/home/gowtham/swarm_ws/install/crazyflie_interfaces/lib:/opt/ros/humble/opt/rviz_ogre_vendor/lib:/opt/ros/humble/lib/x86_64-linux-gnu:/opt/ros/humble/lib'), ('HOME', '/home/gowtham'), ('OLDPWD', '/home/gowtham/crazyflie_ws'), ('DESKTOP_SESSION', 'ubuntu'), ('ROS_PYTHON_VERSION', '3'), ('GNOME_SHELL_SESSION_MODE', 'ubuntu'), ('GTK_MODULES', 'gail:atk-bridge'), ('SYSTEMD_EXEC_PID', '1223'), ('DBUS_SESSION_BUS_ADDRESS', 'unix:path=/run/user/1000/bus'), ('COLORTERM', 'truecolor'), ('IM_CONFIG_PHASE', '1'), ('WAYLAND_DISPLAY', 'wayland-0'), ('COLCON_PREFIX_PATH', '/home/gowtham/crazyflie_ws/install:/home/gowtham/swarm_ws/install'), ('ROS_DISTRO', 'humble'), ('LOGNAME', 'gowtham'), ('_', '/usr/bin/colcon'), ('ROS_VERSION', '2'), ('XDG_SESSION_CLASS', 'user'), ('USERNAME', 'gowtham'), ('TERM', 'xterm-256color'), ('GNOME_DESKTOP_SESSION_ID', 'this-is-deprecated'), ('ROS_LOCALHOST_ONLY', '0'), ('PATH', '/opt/ros/humble/bin:/home/gowtham/.local/bin:/usr/local/sbin:/usr/local/bin:/usr/sbin:/usr/bin:/sbin:/bin:/usr/games:/usr/local/games:/snap/bin:/snap/bin:/home/gowtham/.local/bin'), ('SESSION_MANAGER', 'local/gowtham:@/tmp/.ICE-unix/982,unix/gowtham:/tmp/.ICE-unix/982'), ('XDG_MENU_PREFIX', 'gnome-'), ('GNOME_TERMINAL_SCREEN', '/org/gnome/Terminal/screen/66663db3_71b1_4ea7_9e7c_3581e2124211'), ('GNOME_SETUP_DISPLAY', ':1'), ('XDG_RUNTIME_DIR', '/run/user/1000'), ('DISPLAY', ':0'), ('LANG', 'en_US.UTF-8'), ('XDG_CURRENT_DESKTOP', 'ubuntu:GNOME'), ('XMODIFIERS', '@im=ibus'), ('XDG_SESSION_DESKTOP', 'ubuntu'), ('XAUTHORITY', '/run/user/1000/.mutter-Xwaylandauth.YWIQP3'), ('LS_COLORS', 'rs=0:di=01;34:ln=01;36:mh=00:pi=40;33:so=01;35:do=01;35:bd=40;33;01:cd=40;33;01:or=40;31;01:mi=00:su=37;41:sg=30;43:ca=30;41:tw=30;42:ow=34;42:st=37;44:ex=01;32:*.tar=01;31:*.tgz=01;31:*.arc=01;31:*.arj=01;31:*.taz=01;31:*.lha=01;31:*.lz4=01;31:*.lzh=01;31:*.lzma=01;31:*.tlz=01;31:*.txz=01;31:*.tzo=01;31:*.t7z=01;31:*.zip=01;31:*.z=01;31:*.dz=01;31:*.gz=01;31:*.lrz=01;31:*.lz=01;31:*.lzo=01;31:*.xz=01;31:*.zst=01;31:*.tzst=01;31:*.bz2=01;31:*.bz=01;31:*.tbz=01;31:*.tbz2=01;31:*.tz=01;31:*.deb=01;31:*.rpm=01;31:*.jar=01;31:*.war=01;31:*.ear=01;31:*.sar=01;31:*.rar=01;31:*.alz=01;31:*.ace=01;31:*.zoo=01;31:*.cpio=01;31:*.7z=01;31:*.rz=01;31:*.cab=01;31:*.wim=01;31:*.swm=01;31:*.dwm=01;31:*.esd=01;31:*.jpg=01;35:*.jpeg=01;35:*.mjpg=01;35:*.mjpeg=01;35:*.gif=01;35:*.bmp=01;35:*.pbm=01;35:*.pgm=01;35:*.ppm=01;35:*.tga=01;35:*.xbm=01;35:*.xpm=01;35:*.tif=01;35:*.tiff=01;35:*.png=01;35:*.svg=01;35:*.svgz=01;35:*.mng=01;35:*.pcx=01;35:*.mov=01;35:*.mpg=01;35:*.mpeg=01;35:*.m2v=01;35:*.mkv=01;35:*.webm=01;35:*.webp=01;35:*.ogm=01;35:*.mp4=01;35:*.m4v=01;35:*.mp4v=01;35:*.vob=01;35:*.qt=01;35:*.nuv=01;35:*.wmv=01;35:*.asf=01;35:*.rm=01;35:*.rmvb=01;35:*.flc=01;35:*.avi=01;35:*.fli=01;35:*.flv=01;35:*.gl=01;35:*.dl=01;35:*.xcf=01;35:*.xwd=01;35:*.yuv=01;35:*.cgm=01;35:*.emf=01;35:*.ogv=01;35:*.ogx=01;35:*.aac=00;36:*.au=00;36:*.flac=00;36:*.m4a=00;36:*.mid=00;36:*.midi=00;36:*.mka=00;36:*.mp3=00;36:*.mpc=00;36:*.ogg=00;36:*.ra=00;36:*.wav=00;36:*.oga=00;36:*.opus=00;36:*.spx=00;36:*.xspf=00;36:'), ('GNOME_TERMINAL_SERVICE', ':1.490'), ('SSH_AGENT_LAUNCHER', 'gnome-keyring'), ('SSH_AUTH_SOCK', '/run/user/1000/keyring/ssh'), ('AMENT_PREFIX_PATH', '/home/gowtham/crazyflie_ws/install/swarm_navigation:/home/gowtham/crazyflie_ws/install/swarm_guidance:/home/gowtham/crazyflie_ws/install/crazyflie_sim:/home/gowtham/crazyflie_ws/install/crazyflie_examples:/home/gowtham/crazyflie_ws/install/crazyflie_py:/home/gowtham/crazyflie_ws/install/crazyflie:/home/gowtham/crazyflie_ws/install/crazyflie_interfaces:/home/gowtham/crazyflie_ws/install/central_swarm_control:/home/gowtham/swarm_ws/install/guidance_layer:/home/gowtham/swarm_ws/install/crazyflie_sim:/home/gowtham/swarm_ws/install/crazyflie_examples:/home/gowtham/swarm_ws/install/crazyflie_py:/home/gowtham/swarm_ws/install/crazyflie:/home/gowtham/swarm_ws/install/crazyflie_interfaces:/home/gowtham/swarm_ws/install/control_layer:/home/gowtham/swarm_ws/install/consensus_controller:/opt/ros/humble'), ('SHELL', '/bin/bash'), ('QT_ACCESSIBILITY', '1'), ('GDMSESSION', 'ubuntu'), ('LESSCLOSE', '/usr/bin/lesspipe %s %s'), ('QT_IM_MODULE', 'ibus'), ('PWD', '/home/gowtham/crazyflie_ws/build/crazyflie_sim'), ('LC_ALL', 'en_US.UTF-8'), ('XDG_CONFIG_DIRS', '/etc/xdg/xdg-ubuntu:/etc/xdg'), ('XDG_DATA_DIRS', '/usr/share/ubuntu:/usr/local/share/:/usr/share/:/var/lib/snapd/desktop'), ('PYTHONPATH', '/home/gowtham/crazyflie_ws/install/swarm_navigation/lib/python3.10/site-packages:/home/gowtham/crazyflie_ws/install/swarm_guidance/lib/python3.10/site-packages:/home/gowtham/crazyflie_ws/install/crazyflie_sim/local/lib/python3.10/dist-packages:/home/gowtham/crazyflie_ws/install/crazyflie_examples/local/lib/python3.10/dist-packages:/home/gowtham/crazyflie_ws/install/crazyflie_py/lib/python3.10/site-packages:/home/gowtham/crazyflie_ws/install/crazyflie_interfaces/local/lib/python3.10/dist-packages:/home/gowtham/crazyflie_ws/install/central_swarm_control/lib/python3.10/site-packages:/home/gowtham/crazyflie-firmware/build:/home/gowtham/crazyflie-firmware/build:/home/gowtham/swarm_ws/install/guidance_layer/lib/python3.10/site-packages:/home/gowtham/swarm_ws/install/crazyflie_sim/local/lib/python3.10/dist-packages:/home/gowtham/swarm_ws/install/crazyflie_examples/local/lib/python3.10/dist-packages:/home/gowtham/swarm_ws/install/crazyflie_py/lib/python3.10/site-packages:/home/gowtham/swarm_ws/install/crazyflie_interfaces/local/lib/python3.10/dist-packages:/home/gowtham/swarm_ws/install/control_layer/lib/python3.10/site-packages:/home/gowtham/swarm_ws/install/consensus_controller/lib/python3.10/site-packages:/opt/ros/humble/lib/python3.10/site-packages:/opt/ros/humble/local/lib/python3.10/dist-packages'), ('COLCON', '1'), ('VTE_VERSION', '6800'), ('CMAKE_PREFIX_PATH', '/home/gowtham/crazyflie_ws/install/crazyflie_interfaces:/home/gowtham/crazyflie_ws/install/crazyflie_sim:/home/gowtham/crazyflie_ws/install/crazyflie_examples:/home/gowtham/crazyflie_ws/install/crazyflie:/home/gowtham/swarm_ws/install/crazyflie_sim:/home/gowtham/swarm_ws/install/crazyflie_examples:/home/gowtham/swarm_ws/install/crazyflie:/home/gowtham/swarm_ws/install/crazyflie_interfaces:/home/gowtham/crazyflie_ws/install/swarm_navigation:/home/gowtham/crazyflie_ws/install/swarm_guidance:/home/gowtham/crazyflie_ws/install/crazyflie_py:/home/gowtham/crazyflie_ws/install/central_swarm_control:/home/gowtham/swarm_ws/install/guidance_layer:/home/gowtham/swarm_ws/install/crazyflie_py:/home/gowtham/swarm_ws/install/control_layer:/home/gowtham/swarm_ws/install/consensus_controller:/opt/ros/humble')]), 'shell': False}
[3.314529] (central_swarm_control) CommandEnded: {'returncode': 0}
[3.319155] (-) TimerEvent: {}
[3.327849] (central_swarm_control) JobEnded: {'identifier': 'central_swarm_control', 'rc': 0}
[3.332976] (crazyflie_py) Command: {'cmd': ['/usr/bin/python3', '-W', 'ignore:setup.py install is deprecated', '-W', 'ignore:easy_install command is deprecated', 'setup.py', 'egg_info', '--egg-base', '../../../build/crazyflie_py', 'build', '--build-base', '/home/gowtham/crazyflie_ws/build/crazyflie_py/build', 'install', '--record', '/home/gowtham/crazyflie_ws/build/crazyflie_py/install.log', '--single-version-externally-managed', 'install_data'], 'cwd': '/home/gowtham/crazyflie_ws/src/crazyswarm2/crazyflie_py', 'env': {'LESSOPEN': '| /usr/bin/lesspipe %s', 'LANGUAGE': 'en_IN:en', 'USER': 'gowtham', 'XDG_SESSION_TYPE': 'wayland', 'SHLVL': '1', 'LD_LIBRARY_PATH': '/home/gowtham/crazyflie_ws/install/crazyflie_interfaces/lib:/home/gowtham/swarm_ws/install/crazyflie_interfaces/lib:/opt/ros/humble/opt/rviz_ogre_vendor/lib:/opt/ros/humble/lib/x86_64-linux-gnu:/opt/ros/humble/lib', 'HOME': '/home/gowtham', 'OLDPWD': '/home/gowtham/crazyflie_ws', 'DESKTOP_SESSION': 'ubuntu', 'ROS_PYTHON_VERSION': '3', 'GNOME_SHELL_SESSION_MODE': 'ubuntu', 'GTK_MODULES': 'gail:atk-bridge', 'SYSTEMD_EXEC_PID': '1223', 'DBUS_SESSION_BUS_ADDRESS': 'unix:path=/run/user/1000/bus', 'COLORTERM': 'truecolor', 'IM_CONFIG_PHASE': '1', 'WAYLAND_DISPLAY': 'wayland-0', 'COLCON_PREFIX_PATH': '/home/gowtham/crazyflie_ws/install:/home/gowtham/swarm_ws/install', 'ROS_DISTRO': 'humble', 'LOGNAME': 'gowtham', '_': '/usr/bin/colcon', 'ROS_VERSION': '2', 'XDG_SESSION_CLASS': 'user', 'USERNAME': 'gowtham', 'TERM': 'xterm-256color', 'GNOME_DESKTOP_SESSION_ID': 'this-is-deprecated', 'ROS_LOCALHOST_ONLY': '0', 'PATH': '/opt/ros/humble/bin:/home/gowtham/.local/bin:/usr/local/sbin:/usr/local/bin:/usr/sbin:/usr/bin:/sbin:/bin:/usr/games:/usr/local/games:/snap/bin:/snap/bin:/home/gowtham/.local/bin', 'SESSION_MANAGER': 'local/gowtham:@/tmp/.ICE-unix/982,unix/gowtham:/tmp/.ICE-unix/982', 'XDG_MENU_PREFIX': 'gnome-', 'GNOME_TERMINAL_SCREEN': '/org/gnome/Terminal/screen/66663db3_71b1_4ea7_9e7c_3581e2124211', 'GNOME_SETUP_DISPLAY': ':1', 'XDG_RUNTIME_DIR': '/run/user/1000', 'DISPLAY': ':0', 'LANG': 'en_US.UTF-8', 'XDG_CURRENT_DESKTOP': 'ubuntu:GNOME', 'XMODIFIERS': '@im=ibus', 'XDG_SESSION_DESKTOP': 'ubuntu', 'XAUTHORITY': '/run/user/1000/.mutter-Xwaylandauth.YWIQP3', 'LS_COLORS': 'rs=0:di=01;34:ln=01;36:mh=00:pi=40;33:so=01;35:do=01;35:bd=40;33;01:cd=40;33;01:or=40;31;01:mi=00:su=37;41:sg=30;43:ca=30;41:tw=30;42:ow=34;42:st=37;44:ex=01;32:*.tar=01;31:*.tgz=01;31:*.arc=01;31:*.arj=01;31:*.taz=01;31:*.lha=01;31:*.lz4=01;31:*.lzh=01;31:*.lzma=01;31:*.tlz=01;31:*.txz=01;31:*.tzo=01;31:*.t7z=01;31:*.zip=01;31:*.z=01;31:*.dz=01;31:*.gz=01;31:*.lrz=01;31:*.lz=01;31:*.lzo=01;31:*.xz=01;31:*.zst=01;31:*.tzst=01;31:*.bz2=01;31:*.bz=01;31:*.tbz=01;31:*.tbz2=01;31:*.tz=01;31:*.deb=01;31:*.rpm=01;31:*.jar=01;31:*.war=01;31:*.ear=01;31:*.sar=01;31:*.rar=01;31:*.alz=01;31:*.ace=01;31:*.zoo=01;31:*.cpio=01;31:*.7z=01;31:*.rz=01;31:*.cab=01;31:*.wim=01;31:*.swm=01;31:*.dwm=01;31:*.esd=01;31:*.jpg=01;35:*.jpeg=01;35:*.mjpg=01;35:*.mjpeg=01;35:*.gif=01;35:*.bmp=01;35:*.pbm=01;35:*.pgm=01;35:*.ppm=01;35:*.tga=01;35:*.xbm=01;35:*.xpm=01;35:*.tif=01;35:*.tiff=01;35:*.png=01;35:*.svg=01;35:*.svgz=01;35:*.mng=01;35:*.pcx=01;35:*.mov=01;35:*.mpg=01;35:*.mpeg=01;35:*.m2v=01;35:*.mkv=01;35:*.webm=01;35:*.webp=01;35:*.ogm=01;35:*.mp4=01;35:*.m4v=01;35:*.mp4v=01;35:*.vob=01;35:*.qt=01;35:*.nuv=01;35:*.wmv=01;35:*.asf=01;35:*.rm=01;35:*.rmvb=01;35:*.flc=01;35:*.avi=01;35:*.fli=01;35:*.flv=01;35:*.gl=01;35:*.dl=01;35:*.xcf=01;35:*.xwd=01;35:*.yuv=01;35:*.cgm=01;35:*.emf=01;35:*.ogv=01;35:*.ogx=01;35:*.aac=00;36:*.au=00;36:*.flac=00;36:*.m4a=00;36:*.mid=00;36:*.midi=00;36:*.mka=00;36:*.mp3=00;36:*.mpc=00;36:*.ogg=00;36:*.ra=00;36:*.wav=00;36:*.oga=00;36:*.opus=00;36:*.spx=00;36:*.xspf=00;36:', 'GNOME_TERMINAL_SERVICE': ':1.490', 'SSH_AGENT_LAUNCHER': 'gnome-keyring', 'SSH_AUTH_SOCK': '/run/user/1000/keyring/ssh', 'AMENT_PREFIX_PATH': '/home/gowtham/crazyflie_ws/install/swarm_navigation:/home/gowtham/crazyflie_ws/install/swarm_guidance:/home/gowtham/crazyflie_ws/install/crazyflie_sim:/home/gowtham/crazyflie_ws/install/crazyflie_examples:/home/gowtham/crazyflie_ws/install/crazyflie_py:/home/gowtham/crazyflie_ws/install/crazyflie:/home/gowtham/crazyflie_ws/install/crazyflie_interfaces:/home/gowtham/crazyflie_ws/install/central_swarm_control:/home/gowtham/swarm_ws/install/guidance_layer:/home/gowtham/swarm_ws/install/crazyflie_sim:/home/gowtham/swarm_ws/install/crazyflie_examples:/home/gowtham/swarm_ws/install/crazyflie_py:/home/gowtham/swarm_ws/install/crazyflie:/home/gowtham/swarm_ws/install/crazyflie_interfaces:/home/gowtham/swarm_ws/install/control_layer:/home/gowtham/swarm_ws/install/consensus_controller:/opt/ros/humble', 'SHELL': '/bin/bash', 'QT_ACCESSIBILITY': '1', 'GDMSESSION': 'ubuntu', 'LESSCLOSE': '/usr/bin/lesspipe %s %s', 'QT_IM_MODULE': 'ibus', 'PWD': '/home/gowtham/crazyflie_ws/build/crazyflie_py', 'LC_ALL': 'en_US.UTF-8', 'XDG_CONFIG_DIRS': '/etc/xdg/xdg-ubuntu:/etc/xdg', 'XDG_DATA_DIRS': '/usr/share/ubuntu:/usr/local/share/:/usr/share/:/var/lib/snapd/desktop', 'PYTHONPATH': '/home/gowtham/crazyflie_ws/build/crazyflie_py/prefix_override:/usr/lib/python3/dist-packages/colcon_core/task/python/colcon_distutils_commands:/home/gowtham/crazyflie_ws/install/crazyflie_py/lib/python3.10/site-packages:/home/gowtham/crazyflie_ws/install/swarm_navigation/lib/python3.10/site-packages:/home/gowtham/crazyflie_ws/install/swarm_guidance/lib/python3.10/site-packages:/home/gowtham/crazyflie_ws/install/crazyflie_sim/local/lib/python3.10/dist-packages:/home/gowtham/crazyflie_ws/install/crazyflie_examples/local/lib/python3.10/dist-packages:/home/gowtham/crazyflie_ws/install/crazyflie_py/lib/python3.10/site-packages:/home/gowtham/crazyflie_ws/install/crazyflie_interfaces/local/lib/python3.10/dist-packages:/home/gowtham/crazyflie_ws/install/central_swarm_control/lib/python3.10/site-packages:/home/gowtham/crazyflie-firmware/build:/home/gowtham/crazyflie-firmware/build:/home/gowtham/swarm_ws/install/guidance_layer/lib/python3.10/site-packages:/home/gowtham/swarm_ws/install/crazyflie_sim/local/lib/python3.10/dist-packages:/home/gowtham/swarm_ws/install/crazyflie_examples/local/lib/python3.10/dist-packages:/home/gowtham/swarm_ws/install/crazyflie_py/lib/python3.10/site-packages:/home/gowtham/swarm_ws/install/crazyflie_interfaces/local/lib/python3.10/dist-packages:/home/gowtham/swarm_ws/install/control_layer/lib/python3.10/site-packages:/home/gowtham/swarm_ws/install/consensus_controller/lib/python3.10/site-packages:/opt/ros/humble/lib/python3.10/site-packages:/opt/ros/humble/local/lib/python3.10/dist-packages', 'COLCON': '1', 'VTE_VERSION': '6800', 'CMAKE_PREFIX_PATH': '/home/gowtham/crazyflie_ws/install/crazyflie_interfaces:/home/gowtham/crazyflie_ws/install/crazyflie_sim:/home/gowtham/crazyflie_ws/install/crazyflie_examples:/home/gowtham/crazyflie_ws/install/crazyflie:/home/gowtham/swarm_ws/install/crazyflie_sim:/home/gowtham/swarm_ws/install/crazyflie_examples:/home/gowtham/swarm_ws/install/crazyflie:/home/gowtham/swarm_ws/install/crazyflie_interfaces'}, 'shell': False}
[3.388698] (crazyflie) StdoutLine: {'line': b'[ 22%] Built target crazyflieLinkCpp\n'}
[3.388989] (crazyflie) StdoutLine: {'line': b'[ 27%] Built target teleop\n'}
[3.419444] (-) TimerEvent: {}
[3.442010] (crazyflie_sim) StdoutLine: {'line': b'Built target ament_cmake_python_copy_crazyflie_sim_setup\n'}
[3.447906] (crazyflie) StdoutLine: {'line': b'[ 35%] Built target crazyflie_cpp\n'}
[3.482595] (crazyflie_sim) StdoutLine: {'line': b'Built target ament_cmake_python_copy_crazyflie_sim\n'}
[3.520151] (-) TimerEvent: {}
[3.545838] (crazyflie) StdoutLine: {'line': b'[ 40%] Built target listParams\n'}
[3.555592] (crazyflie) StdoutLine: {'line': b'[ 45%] Built target scan\n'}
[3.560322] (crazyflie) StdoutLine: {'line': b'[ 50%] Built target crazyflie_server\n'}
[3.567793] (crazyflie) StdoutLine: {'line': b'[ 55%] Built target listLogVariables\n'}
[3.620282] (-) TimerEvent: {}
[3.680099] (crazyflie) StdoutLine: {'line': b'[ 60%] Built target listMemories\n'}
[3.690580] (crazyflie) StdoutLine: {'line': b'[ 70%] Built target version\n'}
[3.690844] (crazyflie) StdoutLine: {'line': b'[ 70%] Built target battery\n'}
[3.698586] (crazyflie) StdoutLine: {'line': b'[ 75%] Built target reboot\n'}
[3.720400] (-) TimerEvent: {}
[3.812614] (crazyflie) StdoutLine: {'line': b'[ 80%] Built target console\n'}
[3.814642] (crazyflie) StdoutLine: {'line': b'[ 85%] Built target comCheck\n'}
[3.820538] (-) TimerEvent: {}
[3.821065] (crazyflie) StdoutLine: {'line': b'[ 90%] Built target log\n'}
[3.825831] (crazyflie) StdoutLine: {'line': b'[ 95%] Built target downloadUSDLogfile\n'}
[3.884749] (crazyflie) StdoutLine: {'line': b'[100%] Built target setParam\n'}
[3.912865] (crazyflie) CommandEnded: {'returncode': 0}
[3.918800] (crazyflie) JobProgress: {'identifier': 'crazyflie', 'progress': 'install'}
[3.918901] (crazyflie) Command: {'cmd': ['/usr/bin/cmake', '--install', '/home/gowtham/crazyflie_ws/build/crazyflie'], 'cwd': '/home/gowtham/crazyflie_ws/build/crazyflie', 'env': OrderedDict([('LESSOPEN', '| /usr/bin/lesspipe %s'), ('LANGUAGE', 'en_IN:en'), ('USER', 'gowtham'), ('XDG_SESSION_TYPE', 'wayland'), ('SHLVL', '1'), ('LD_LIBRARY_PATH', '/home/gowtham/crazyflie_ws/install/crazyflie_interfaces/lib:/home/gowtham/swarm_ws/install/crazyflie_interfaces/lib:/opt/ros/humble/opt/rviz_ogre_vendor/lib:/opt/ros/humble/lib/x86_64-linux-gnu:/opt/ros/humble/lib'), ('HOME', '/home/gowtham'), ('OLDPWD', '/home/gowtham/crazyflie_ws'), ('DESKTOP_SESSION', 'ubuntu'), ('ROS_PYTHON_VERSION', '3'), ('GNOME_SHELL_SESSION_MODE', 'ubuntu'), ('GTK_MODULES', 'gail:atk-bridge'), ('SYSTEMD_EXEC_PID', '1223'), ('DBUS_SESSION_BUS_ADDRESS', 'unix:path=/run/user/1000/bus'), ('COLORTERM', 'truecolor'), ('IM_CONFIG_PHASE', '1'), ('WAYLAND_DISPLAY', 'wayland-0'), ('COLCON_PREFIX_PATH', '/home/gowtham/crazyflie_ws/install:/home/gowtham/swarm_ws/install'), ('ROS_DISTRO', 'humble'), ('LOGNAME', 'gowtham'), ('_', '/usr/bin/colcon'), ('ROS_VERSION', '2'), ('XDG_SESSION_CLASS', 'user'), ('USERNAME', 'gowtham'), ('TERM', 'xterm-256color'), ('GNOME_DESKTOP_SESSION_ID', 'this-is-deprecated'), ('ROS_LOCALHOST_ONLY', '0'), ('PATH', '/opt/ros/humble/bin:/home/gowtham/.local/bin:/usr/local/sbin:/usr/local/bin:/usr/sbin:/usr/bin:/sbin:/bin:/usr/games:/usr/local/games:/snap/bin:/snap/bin:/home/gowtham/.local/bin'), ('SESSION_MANAGER', 'local/gowtham:@/tmp/.ICE-unix/982,unix/gowtham:/tmp/.ICE-unix/982'), ('XDG_MENU_PREFIX', 'gnome-'), ('GNOME_TERMINAL_SCREEN', '/org/gnome/Terminal/screen/66663db3_71b1_4ea7_9e7c_3581e2124211'), ('GNOME_SETUP_DISPLAY', ':1'), ('XDG_RUNTIME_DIR', '/run/user/1000'), ('DISPLAY', ':0'), ('LANG', 'en_US.UTF-8'), ('XDG_CURRENT_DESKTOP', 'ubuntu:GNOME'), ('XMODIFIERS', '@im=ibus'), ('XDG_SESSION_DESKTOP', 'ubuntu'), ('XAUTHORITY', '/run/user/1000/.mutter-Xwaylandauth.YWIQP3'), ('LS_COLORS', 'rs=0:di=01;34:ln=01;36:mh=00:pi=40;33:so=01;35:do=01;35:bd=40;33;01:cd=40;33;01:or=40;31;01:mi=00:su=37;41:sg=30;43:ca=30;41:tw=30;42:ow=34;42:st=37;44:ex=01;32:*.tar=01;31:*.tgz=01;31:*.arc=01;31:*.arj=01;31:*.taz=01;31:*.lha=01;31:*.lz4=01;31:*.lzh=01;31:*.lzma=01;31:*.tlz=01;31:*.txz=01;31:*.tzo=01;31:*.t7z=01;31:*.zip=01;31:*.z=01;31:*.dz=01;31:*.gz=01;31:*.lrz=01;31:*.lz=01;31:*.lzo=01;31:*.xz=01;31:*.zst=01;31:*.tzst=01;31:*.bz2=01;31:*.bz=01;31:*.tbz=01;31:*.tbz2=01;31:*.tz=01;31:*.deb=01;31:*.rpm=01;31:*.jar=01;31:*.war=01;31:*.ear=01;31:*.sar=01;31:*.rar=01;31:*.alz=01;31:*.ace=01;31:*.zoo=01;31:*.cpio=01;31:*.7z=01;31:*.rz=01;31:*.cab=01;31:*.wim=01;31:*.swm=01;31:*.dwm=01;31:*.esd=01;31:*.jpg=01;35:*.jpeg=01;35:*.mjpg=01;35:*.mjpeg=01;35:*.gif=01;35:*.bmp=01;35:*.pbm=01;35:*.pgm=01;35:*.ppm=01;35:*.tga=01;35:*.xbm=01;35:*.xpm=01;35:*.tif=01;35:*.tiff=01;35:*.png=01;35:*.svg=01;35:*.svgz=01;35:*.mng=01;35:*.pcx=01;35:*.mov=01;35:*.mpg=01;35:*.mpeg=01;35:*.m2v=01;35:*.mkv=01;35:*.webm=01;35:*.webp=01;35:*.ogm=01;35:*.mp4=01;35:*.m4v=01;35:*.mp4v=01;35:*.vob=01;35:*.qt=01;35:*.nuv=01;35:*.wmv=01;35:*.asf=01;35:*.rm=01;35:*.rmvb=01;35:*.flc=01;35:*.avi=01;35:*.fli=01;35:*.flv=01;35:*.gl=01;35:*.dl=01;35:*.xcf=01;35:*.xwd=01;35:*.yuv=01;35:*.cgm=01;35:*.emf=01;35:*.ogv=01;35:*.ogx=01;35:*.aac=00;36:*.au=00;36:*.flac=00;36:*.m4a=00;36:*.mid=00;36:*.midi=00;36:*.mka=00;36:*.mp3=00;36:*.mpc=00;36:*.ogg=00;36:*.ra=00;36:*.wav=00;36:*.oga=00;36:*.opus=00;36:*.spx=00;36:*.xspf=00;36:'), ('GNOME_TERMINAL_SERVICE', ':1.490'), ('SSH_AGENT_LAUNCHER', 'gnome-keyring'), ('SSH_AUTH_SOCK', '/run/user/1000/keyring/ssh'), ('AMENT_PREFIX_PATH', '/home/gowtham/crazyflie_ws/install/swarm_navigation:/home/gowtham/crazyflie_ws/install/swarm_guidance:/home/gowtham/crazyflie_ws/install/crazyflie_sim:/home/gowtham/crazyflie_ws/install/crazyflie_examples:/home/gowtham/crazyflie_ws/install/crazyflie_py:/home/gowtham/crazyflie_ws/install/crazyflie:/home/gowtham/crazyflie_ws/install/crazyflie_interfaces:/home/gowtham/crazyflie_ws/install/central_swarm_control:/home/gowtham/swarm_ws/install/guidance_layer:/home/gowtham/swarm_ws/install/crazyflie_sim:/home/gowtham/swarm_ws/install/crazyflie_examples:/home/gowtham/swarm_ws/install/crazyflie_py:/home/gowtham/swarm_ws/install/crazyflie:/home/gowtham/swarm_ws/install/crazyflie_interfaces:/home/gowtham/swarm_ws/install/control_layer:/home/gowtham/swarm_ws/install/consensus_controller:/opt/ros/humble'), ('SHELL', '/bin/bash'), ('QT_ACCESSIBILITY', '1'), ('GDMSESSION', 'ubuntu'), ('LESSCLOSE', '/usr/bin/lesspipe %s %s'), ('QT_IM_MODULE', 'ibus'), ('PWD', '/home/gowtham/crazyflie_ws/build/crazyflie'), ('LC_ALL', 'en_US.UTF-8'), ('XDG_CONFIG_DIRS', '/etc/xdg/xdg-ubuntu:/etc/xdg'), ('XDG_DATA_DIRS', '/usr/share/ubuntu:/usr/local/share/:/usr/share/:/var/lib/snapd/desktop'), ('PYTHONPATH', '/home/gowtham/crazyflie_ws/install/swarm_navigation/lib/python3.10/site-packages:/home/gowtham/crazyflie_ws/install/swarm_guidance/lib/python3.10/site-packages:/home/gowtham/crazyflie_ws/install/crazyflie_sim/local/lib/python3.10/dist-packages:/home/gowtham/crazyflie_ws/install/crazyflie_examples/local/lib/python3.10/dist-packages:/home/gowtham/crazyflie_ws/install/crazyflie_py/lib/python3.10/site-packages:/home/gowtham/crazyflie_ws/install/crazyflie_interfaces/local/lib/python3.10/dist-packages:/home/gowtham/crazyflie_ws/install/central_swarm_control/lib/python3.10/site-packages:/home/gowtham/crazyflie-firmware/build:/home/gowtham/crazyflie-firmware/build:/home/gowtham/swarm_ws/install/guidance_layer/lib/python3.10/site-packages:/home/gowtham/swarm_ws/install/crazyflie_sim/local/lib/python3.10/dist-packages:/home/gowtham/swarm_ws/install/crazyflie_examples/local/lib/python3.10/dist-packages:/home/gowtham/swarm_ws/install/crazyflie_py/lib/python3.10/site-packages:/home/gowtham/swarm_ws/install/crazyflie_interfaces/local/lib/python3.10/dist-packages:/home/gowtham/swarm_ws/install/control_layer/lib/python3.10/site-packages:/home/gowtham/swarm_ws/install/consensus_controller/lib/python3.10/site-packages:/opt/ros/humble/lib/python3.10/site-packages:/opt/ros/humble/local/lib/python3.10/dist-packages'), ('COLCON', '1'), ('VTE_VERSION', '6800'), ('CMAKE_PREFIX_PATH', '/home/gowtham/crazyflie_ws/install/crazyflie_interfaces:/home/gowtham/crazyflie_ws/install/crazyflie_sim:/home/gowtham/crazyflie_ws/install/crazyflie_examples:/home/gowtham/crazyflie_ws/install/crazyflie:/home/gowtham/swarm_ws/install/crazyflie_sim:/home/gowtham/swarm_ws/install/crazyflie_examples:/home/gowtham/swarm_ws/install/crazyflie:/home/gowtham/swarm_ws/install/crazyflie_interfaces:/home/gowtham/crazyflie_ws/install/swarm_navigation:/home/gowtham/crazyflie_ws/install/swarm_guidance:/home/gowtham/crazyflie_ws/install/crazyflie_py:/home/gowtham/crazyflie_ws/install/central_swarm_control:/home/gowtham/swarm_ws/install/guidance_layer:/home/gowtham/swarm_ws/install/crazyflie_py:/home/gowtham/swarm_ws/install/control_layer:/home/gowtham/swarm_ws/install/consensus_controller:/opt/ros/humble')]), 'shell': False}
[3.922578] (-) TimerEvent: {}
[3.936759] (crazyflie) StdoutLine: {'line': b'-- Install configuration: ""\n'}
[3.938411] (crazyflie) StdoutLine: {'line': b'-- Up-to-date: /home/gowtham/crazyflie_ws/install/crazyflie/lib/crazyflie/comCheck\n'}
[3.940093] (crazyflie) StdoutLine: {'line': b'-- Up-to-date: /home/gowtham/crazyflie_ws/install/crazyflie/lib/crazyflie/scan\n'}
[3.941654] (crazyflie) StdoutLine: {'line': b'-- Up-to-date: /home/gowtham/crazyflie_ws/install/crazyflie/lib/crazyflie/listParams\n'}
[3.945396] (crazyflie) StdoutLine: {'line': b'-- Up-to-date: /home/gowtham/crazyflie_ws/install/crazyflie/lib/crazyflie/listLogVariables\n'}
[3.946530] (crazyflie) StdoutLine: {'line': b'-- Up-to-date: /home/gowtham/crazyflie_ws/install/crazyflie/lib/crazyflie/listMemories\n'}
[3.947545] (crazyflie) StdoutLine: {'line': b'-- Up-to-date: /home/gowtham/crazyflie_ws/install/crazyflie/lib/crazyflie/reboot\n'}
[3.948451] (crazyflie) StdoutLine: {'line': b'-- Up-to-date: /home/gowtham/crazyflie_ws/install/crazyflie/lib/crazyflie/battery\n'}
[3.951167] (crazyflie) StdoutLine: {'line': b'-- Up-to-date: /home/gowtham/crazyflie_ws/install/crazyflie/lib/crazyflie/version\n'}
[3.953091] (crazyflie) StdoutLine: {'line': b'-- Up-to-date: /home/gowtham/crazyflie_ws/install/crazyflie/lib/crazyflie/console\n'}
[3.954294] (crazyflie) StdoutLine: {'line': b'-- Up-to-date: /home/gowtham/crazyflie_ws/install/crazyflie/lib/crazyflie/log\n'}
[3.955553] (crazyflie) StdoutLine: {'line': b'-- Up-to-date: /home/gowtham/crazyflie_ws/install/crazyflie/lib/crazyflie/setParam\n'}
[3.956785] (crazyflie) StdoutLine: {'line': b'-- Up-to-date: /home/gowtham/crazyflie_ws/install/crazyflie/lib/crazyflie/downloadUSDLogfile\n'}
[3.958803] (crazyflie) StdoutLine: {'line': b'-- Up-to-date: /home/gowtham/crazyflie_ws/install/crazyflie/lib/crazyflie/teleop\n'}
[3.963303] (crazyflie) StdoutLine: {'line': b'-- Up-to-date: /home/gowtham/crazyflie_ws/install/crazyflie/lib/crazyflie/crazyflie_server\n'}
[3.963768] (crazyflie) StdoutLine: {'line': b'-- Up-to-date: /home/gowtham/crazyflie_ws/install/crazyflie/lib/crazyflie/crazyflie_server.py\n'}
[3.963921] (crazyflie) StdoutLine: {'line': b'-- Up-to-date: /home/gowtham/crazyflie_ws/install/crazyflie/lib/crazyflie/chooser.py\n'}
[3.964064] (crazyflie) StdoutLine: {'line': b'-- Up-to-date: /home/gowtham/crazyflie_ws/install/crazyflie/lib/crazyflie/vel_mux.py\n'}
[3.964206] (crazyflie) StdoutLine: {'line': b'-- Up-to-date: /home/gowtham/crazyflie_ws/install/crazyflie/lib/crazyflie/cfmult.py\n'}
[3.964344] (crazyflie) StdoutLine: {'line': b'-- Up-to-date: /home/gowtham/crazyflie_ws/install/crazyflie/lib/crazyflie/simple_mapper_multiranger.py\n'}
[3.964486] (crazyflie) StdoutLine: {'line': b'-- Up-to-date: /home/gowtham/crazyflie_ws/install/crazyflie/lib/crazyflie/aideck_streamer.py\n'}
[3.964655] (crazyflie) StdoutLine: {'line': b'-- Up-to-date: /home/gowtham/crazyflie_ws/install/crazyflie/lib/crazyflie/gui.py\n'}
[3.964799] (crazyflie) StdoutLine: {'line': b'-- Up-to-date: /home/gowtham/crazyflie_ws/install/crazyflie/lib/crazyflie/flash.py\n'}
[3.964935] (crazyflie) StdoutLine: {'line': b'-- Up-to-date: /home/gowtham/crazyflie_ws/install/crazyflie/share/crazyflie//launch\n'}
[3.965298] (crazyflie) StdoutLine: {'line': b'-- Up-to-date: /home/gowtham/crazyflie_ws/install/crazyflie/share/crazyflie//launch/teleop_launch.py\n'}
[3.965659] (crazyflie) StdoutLine: {'line': b'-- Up-to-date: /home/gowtham/crazyflie_ws/install/crazyflie/share/crazyflie//launch/launch_teleop2.py\n'}
[3.966005] (crazyflie) StdoutLine: {'line': b'-- Up-to-date: /home/gowtham/crazyflie_ws/install/crazyflie/share/crazyflie//launch/launch.py\n'}
[3.966321] (crazyflie) StdoutLine: {'line': b'-- Up-to-date: /home/gowtham/crazyflie_ws/install/crazyflie/share/crazyflie//config\n'}
[3.966937] (crazyflie) StdoutLine: {'line': b'-- Up-to-date: /home/gowtham/crazyflie_ws/install/crazyflie/share/crazyflie//config/crazyflies.yaml\n'}
[3.967302] (crazyflie) StdoutLine: {'line': b'-- Up-to-date: /home/gowtham/crazyflie_ws/install/crazyflie/share/crazyflie//config/motion_capture.yaml\n'}
[3.967570] (crazyflie) StdoutLine: {'line': b'-- Up-to-date: /home/gowtham/crazyflie_ws/install/crazyflie/share/crazyflie//config/config.rviz\n'}
[3.968010] (crazyflie) StdoutLine: {'line': b'-- Up-to-date: /home/gowtham/crazyflie_ws/install/crazyflie/share/crazyflie//config/server.yaml\n'}
[3.968350] (crazyflie) StdoutLine: {'line': b'-- Up-to-date: /home/gowtham/crazyflie_ws/install/crazyflie/share/crazyflie//config/aideck_streamer.yaml\n'}
[3.968594] (crazyflie) StdoutLine: {'line': b'-- Up-to-date: /home/gowtham/crazyflie_ws/install/crazyflie/share/crazyflie//config/teleop.yaml\n'}
[3.969032] (crazyflie) StdoutLine: {'line': b'-- Up-to-date: /home/gowtham/crazyflie_ws/install/crazyflie/share/crazyflie//urdf\n'}
[3.969391] (crazyflie) StdoutLine: {'line': b'-- Up-to-date: /home/gowtham/crazyflie_ws/install/crazyflie/share/crazyflie//urdf/cf2_assembly.stl\n'}
[3.969726] (crazyflie) StdoutLine: {'line': b'-- Up-to-date: /home/gowtham/crazyflie_ws/install/crazyflie/share/crazyflie//urdf/cf2_assembly_with_props.dae\n'}
[3.970391] (crazyflie) StdoutLine: {'line': b'-- Up-to-date: /home/gowtham/crazyflie_ws/install/crazyflie/share/crazyflie//urdf/crazyflie_description.urdf\n'}
[3.970646] (crazyflie) StdoutLine: {'line': b'-- Up-to-date: /home/gowtham/crazyflie_ws/install/crazyflie/share/ament_index/resource_index/package_run_dependencies/crazyflie\n'}
[3.971124] (crazyflie) StdoutLine: {'line': b'-- Up-to-date: /home/gowtham/crazyflie_ws/install/crazyflie/share/ament_index/resource_index/parent_prefix_path/crazyflie\n'}
[3.971776] (crazyflie) StdoutLine: {'line': b'-- Up-to-date: /home/gowtham/crazyflie_ws/install/crazyflie/share/crazyflie/environment/ament_prefix_path.sh\n'}
[3.972097] (crazyflie) StdoutLine: {'line': b'-- Up-to-date: /home/gowtham/crazyflie_ws/install/crazyflie/share/crazyflie/environment/ament_prefix_path.dsv\n'}
[3.972575] (crazyflie) StdoutLine: {'line': b'-- Up-to-date: /home/gowtham/crazyflie_ws/install/crazyflie/share/crazyflie/environment/path.sh\n'}
[3.973028] (crazyflie) StdoutLine: {'line': b'-- Up-to-date: /home/gowtham/crazyflie_ws/install/crazyflie/share/crazyflie/environment/path.dsv\n'}
[3.973452] (crazyflie) StdoutLine: {'line': b'-- Up-to-date: /home/gowtham/crazyflie_ws/install/crazyflie/share/crazyflie/local_setup.bash\n'}
[3.974039] (crazyflie) StdoutLine: {'line': b'-- Up-to-date: /home/gowtham/crazyflie_ws/install/crazyflie/share/crazyflie/local_setup.sh\n'}
[3.974517] (crazyflie) StdoutLine: {'line': b'-- Up-to-date: /home/gowtham/crazyflie_ws/install/crazyflie/share/crazyflie/local_setup.zsh\n'}
[3.974981] (crazyflie) StdoutLine: {'line': b'-- Up-to-date: /home/gowtham/crazyflie_ws/install/crazyflie/share/crazyflie/local_setup.dsv\n'}
[3.975359] (crazyflie) StdoutLine: {'line': b'-- Installing: /home/gowtham/crazyflie_ws/install/crazyflie/share/crazyflie/package.dsv\n'}
[3.984904] (crazyflie) StdoutLine: {'line': b'-- Up-to-date: /home/gowtham/crazyflie_ws/install/crazyflie/share/ament_index/resource_index/packages/crazyflie\n'}
[3.985173] (crazyflie) StdoutLine: {'line': b'-- Up-to-date: /home/gowtham/crazyflie_ws/install/crazyflie/share/crazyflie/cmake/crazyflieConfig.cmake\n'}
[3.985329] (crazyflie) StdoutLine: {'line': b'-- Up-to-date: /home/gowtham/crazyflie_ws/install/crazyflie/share/crazyflie/cmake/crazyflieConfig-version.cmake\n'}
[3.985472] (crazyflie) StdoutLine: {'line': b'-- Up-to-date: /home/gowtham/crazyflie_ws/install/crazyflie/share/crazyflie/package.xml\n'}
[3.989003] (crazyflie) CommandEnded: {'returncode': 0}
[4.023894] (-) TimerEvent: {}
[4.030543] (crazyflie) JobEnded: {'identifier': 'crazyflie', 'rc': 0}
[4.126581] (-) TimerEvent: {}
[4.158362] (crazyflie_py) StdoutLine: {'line': b'running egg_info\n'}
[4.161624] (crazyflie_py) StdoutLine: {'line': b'writing ../../../build/crazyflie_py/crazyflie_py.egg-info/PKG-INFO\n'}
[4.162813] (crazyflie_py) StdoutLine: {'line': b'writing dependency_links to ../../../build/crazyflie_py/crazyflie_py.egg-info/dependency_links.txt\n'}
[4.163077] (crazyflie_py) StdoutLine: {'line': b'writing entry points to ../../../build/crazyflie_py/crazyflie_py.egg-info/entry_points.txt\n'}
[4.163211] (crazyflie_py) StdoutLine: {'line': b'writing requirements to ../../../build/crazyflie_py/crazyflie_py.egg-info/requires.txt\n'}
[4.163335] (crazyflie_py) StdoutLine: {'line': b'writing top-level names to ../../../build/crazyflie_py/crazyflie_py.egg-info/top_level.txt\n'}
[4.169232] (crazyflie_py) StdoutLine: {'line': b"reading manifest file '../../../build/crazyflie_py/crazyflie_py.egg-info/SOURCES.txt'\n"}
[4.169901] (crazyflie_py) StdoutLine: {'line': b"writing manifest file '../../../build/crazyflie_py/crazyflie_py.egg-info/SOURCES.txt'\n"}
[4.170521] (crazyflie_py) StdoutLine: {'line': b'running build\n'}
[4.170896] (crazyflie_py) StdoutLine: {'line': b'running build_py\n'}
[4.173168] (crazyflie_py) StdoutLine: {'line': b'running install\n'}
[4.174286] (crazyflie_py) StdoutLine: {'line': b'running install_lib\n'}
[4.178768] (crazyflie_py) StdoutLine: {'line': b'running install_data\n'}
[4.179037] (crazyflie_py) StdoutLine: {'line': b'running install_egg_info\n'}
[4.182822] (crazyflie_py) StdoutLine: {'line': b"removing '/home/gowtham/crazyflie_ws/install/crazyflie_py/lib/python3.10/site-packages/crazyflie_py-1.0.3-py3.10.egg-info' (and everything under it)\n"}
[4.183528] (crazyflie_py) StdoutLine: {'line': b'Copying ../../../build/crazyflie_py/crazyflie_py.egg-info to /home/gowtham/crazyflie_ws/install/crazyflie_py/lib/python3.10/site-packages/crazyflie_py-1.0.3-py3.10.egg-info\n'}
[4.185711] (crazyflie_py) StdoutLine: {'line': b'running install_scripts\n'}
[4.228448] (-) TimerEvent: {}
[4.235494] (crazyflie_py) StdoutLine: {'line': b"writing list of installed files to '/home/gowtham/crazyflie_ws/build/crazyflie_py/install.log'\n"}
[4.290352] (crazyflie_sim) StdoutLine: {'line': b'running egg_info\n'}
[4.295130] (crazyflie_py) CommandEnded: {'returncode': 0}
[4.296540] (crazyflie_sim) StdoutLine: {'line': b'running install_scripts\n'}
[4.296746] (crazyflie_sim) StdoutLine: {'line': b'writing crazyflie_sim.egg-info/PKG-INFO\n'}
[4.296885] (crazyflie_sim) StdoutLine: {'line': b'writing dependency_links to crazyflie_sim.egg-info/dependency_links.txt\n'}
[4.297018] (crazyflie_sim) StdoutLine: {'line': b'writing entry points to crazyflie_sim.egg-info/entry_points.txt\n'}
[4.297159] (crazyflie_sim) StdoutLine: {'line': b'writing top-level names to crazyflie_sim.egg-info/top_level.txt\n'}
[4.297627] (crazyflie_sim) StderrLine: {'line': b'/usr/lib/python3/dist-packages/setuptools/command/install.py:34: SetuptoolsDeprecationWarning: setup.py install is deprecated. Use build and pip and other standards-based tools.\n'}
[4.297929] (crazyflie_sim) StderrLine: {'line': b'  warnings.warn(\n'}
[4.298075] (crazyflie_sim) StdoutLine: {'line': b"reading manifest file 'crazyflie_sim.egg-info/SOURCES.txt'\n"}
[4.299021] (crazyflie_sim) StdoutLine: {'line': b"writing manifest file 'crazyflie_sim.egg-info/SOURCES.txt'\n"}
[4.314837] (crazyflie_py) JobEnded: {'identifier': 'crazyflie_py', 'rc': 0}
[4.317263] (crazyflie_examples) JobStarted: {'identifier': 'crazyflie_examples'}
[4.334114] (-) TimerEvent: {}
[4.347275] (crazyflie_examples) JobProgress: {'identifier': 'crazyflie_examples', 'progress': 'cmake'}
[4.348350] (crazyflie_sim) StdoutLine: {'line': b'running egg_info\n'}
[4.349208] (crazyflie_examples) JobProgress: {'identifier': 'crazyflie_examples', 'progress': 'build'}
[4.349920] (crazyflie_examples) Command: {'cmd': ['/usr/bin/cmake', '--build', '/home/gowtham/crazyflie_ws/build/crazyflie_examples', '--', '-j4', '-l4'], 'cwd': '/home/gowtham/crazyflie_ws/build/crazyflie_examples', 'env': OrderedDict([('LESSOPEN', '| /usr/bin/lesspipe %s'), ('LANGUAGE', 'en_IN:en'), ('USER', 'gowtham'), ('XDG_SESSION_TYPE', 'wayland'), ('SHLVL', '1'), ('LD_LIBRARY_PATH', '/home/gowtham/crazyflie_ws/install/crazyflie_interfaces/lib:/home/gowtham/swarm_ws/install/crazyflie_interfaces/lib:/opt/ros/humble/opt/rviz_ogre_vendor/lib:/opt/ros/humble/lib/x86_64-linux-gnu:/opt/ros/humble/lib'), ('HOME', '/home/gowtham'), ('OLDPWD', '/home/gowtham/crazyflie_ws'), ('DESKTOP_SESSION', 'ubuntu'), ('ROS_PYTHON_VERSION', '3'), ('GNOME_SHELL_SESSION_MODE', 'ubuntu'), ('GTK_MODULES', 'gail:atk-bridge'), ('SYSTEMD_EXEC_PID', '1223'), ('DBUS_SESSION_BUS_ADDRESS', 'unix:path=/run/user/1000/bus'), ('COLORTERM', 'truecolor'), ('IM_CONFIG_PHASE', '1'), ('WAYLAND_DISPLAY', 'wayland-0'), ('COLCON_PREFIX_PATH', '/home/gowtham/crazyflie_ws/install:/home/gowtham/swarm_ws/install'), ('ROS_DISTRO', 'humble'), ('LOGNAME', 'gowtham'), ('_', '/usr/bin/colcon'), ('ROS_VERSION', '2'), ('XDG_SESSION_CLASS', 'user'), ('USERNAME', 'gowtham'), ('TERM', 'xterm-256color'), ('GNOME_DESKTOP_SESSION_ID', 'this-is-deprecated'), ('ROS_LOCALHOST_ONLY', '0'), ('PATH', '/opt/ros/humble/bin:/home/gowtham/.local/bin:/usr/local/sbin:/usr/local/bin:/usr/sbin:/usr/bin:/sbin:/bin:/usr/games:/usr/local/games:/snap/bin:/snap/bin:/home/gowtham/.local/bin'), ('SESSION_MANAGER', 'local/gowtham:@/tmp/.ICE-unix/982,unix/gowtham:/tmp/.ICE-unix/982'), ('XDG_MENU_PREFIX', 'gnome-'), ('GNOME_TERMINAL_SCREEN', '/org/gnome/Terminal/screen/66663db3_71b1_4ea7_9e7c_3581e2124211'), ('GNOME_SETUP_DISPLAY', ':1'), ('XDG_RUNTIME_DIR', '/run/user/1000'), ('DISPLAY', ':0'), ('LANG', 'en_US.UTF-8'), ('XDG_CURRENT_DESKTOP', 'ubuntu:GNOME'), ('XMODIFIERS', '@im=ibus'), ('XDG_SESSION_DESKTOP', 'ubuntu'), ('XAUTHORITY', '/run/user/1000/.mutter-Xwaylandauth.YWIQP3'), ('LS_COLORS', 'rs=0:di=01;34:ln=01;36:mh=00:pi=40;33:so=01;35:do=01;35:bd=40;33;01:cd=40;33;01:or=40;31;01:mi=00:su=37;41:sg=30;43:ca=30;41:tw=30;42:ow=34;42:st=37;44:ex=01;32:*.tar=01;31:*.tgz=01;31:*.arc=01;31:*.arj=01;31:*.taz=01;31:*.lha=01;31:*.lz4=01;31:*.lzh=01;31:*.lzma=01;31:*.tlz=01;31:*.txz=01;31:*.tzo=01;31:*.t7z=01;31:*.zip=01;31:*.z=01;31:*.dz=01;31:*.gz=01;31:*.lrz=01;31:*.lz=01;31:*.lzo=01;31:*.xz=01;31:*.zst=01;31:*.tzst=01;31:*.bz2=01;31:*.bz=01;31:*.tbz=01;31:*.tbz2=01;31:*.tz=01;31:*.deb=01;31:*.rpm=01;31:*.jar=01;31:*.war=01;31:*.ear=01;31:*.sar=01;31:*.rar=01;31:*.alz=01;31:*.ace=01;31:*.zoo=01;31:*.cpio=01;31:*.7z=01;31:*.rz=01;31:*.cab=01;31:*.wim=01;31:*.swm=01;31:*.dwm=01;31:*.esd=01;31:*.jpg=01;35:*.jpeg=01;35:*.mjpg=01;35:*.mjpeg=01;35:*.gif=01;35:*.bmp=01;35:*.pbm=01;35:*.pgm=01;35:*.ppm=01;35:*.tga=01;35:*.xbm=01;35:*.xpm=01;35:*.tif=01;35:*.tiff=01;35:*.png=01;35:*.svg=01;35:*.svgz=01;35:*.mng=01;35:*.pcx=01;35:*.mov=01;35:*.mpg=01;35:*.mpeg=01;35:*.m2v=01;35:*.mkv=01;35:*.webm=01;35:*.webp=01;35:*.ogm=01;35:*.mp4=01;35:*.m4v=01;35:*.mp4v=01;35:*.vob=01;35:*.qt=01;35:*.nuv=01;35:*.wmv=01;35:*.asf=01;35:*.rm=01;35:*.rmvb=01;35:*.flc=01;35:*.avi=01;35:*.fli=01;35:*.flv=01;35:*.gl=01;35:*.dl=01;35:*.xcf=01;35:*.xwd=01;35:*.yuv=01;35:*.cgm=01;35:*.emf=01;35:*.ogv=01;35:*.ogx=01;35:*.aac=00;36:*.au=00;36:*.flac=00;36:*.m4a=00;36:*.mid=00;36:*.midi=00;36:*.mka=00;36:*.mp3=00;36:*.mpc=00;36:*.ogg=00;36:*.ra=00;36:*.wav=00;36:*.oga=00;36:*.opus=00;36:*.spx=00;36:*.xspf=00;36:'), ('GNOME_TERMINAL_SERVICE', ':1.490'), ('SSH_AGENT_LAUNCHER', 'gnome-keyring'), ('SSH_AUTH_SOCK', '/run/user/1000/keyring/ssh'), ('AMENT_PREFIX_PATH', '/home/gowtham/crazyflie_ws/install/crazyflie_py:/home/gowtham/crazyflie_ws/install/swarm_navigation:/home/gowtham/crazyflie_ws/install/swarm_guidance:/home/gowtham/crazyflie_ws/install/crazyflie_sim:/home/gowtham/crazyflie_ws/install/crazyflie_examples:/home/gowtham/crazyflie_ws/install/crazyflie:/home/gowtham/crazyflie_ws/install/crazyflie_interfaces:/home/gowtham/crazyflie_ws/install/central_swarm_control:/home/gowtham/swarm_ws/install/guidance_layer:/home/gowtham/swarm_ws/install/crazyflie_sim:/home/gowtham/swarm_ws/install/crazyflie_examples:/home/gowtham/swarm_ws/install/crazyflie_py:/home/gowtham/swarm_ws/install/crazyflie:/home/gowtham/swarm_ws/install/crazyflie_interfaces:/home/gowtham/swarm_ws/install/control_layer:/home/gowtham/swarm_ws/install/consensus_controller:/opt/ros/humble'), ('SHELL', '/bin/bash'), ('QT_ACCESSIBILITY', '1'), ('GDMSESSION', 'ubuntu'), ('LESSCLOSE', '/usr/bin/lesspipe %s %s'), ('QT_IM_MODULE', 'ibus'), ('PWD', '/home/gowtham/crazyflie_ws/build/crazyflie_examples'), ('LC_ALL', 'en_US.UTF-8'), ('XDG_CONFIG_DIRS', '/etc/xdg/xdg-ubuntu:/etc/xdg'), ('XDG_DATA_DIRS', '/usr/share/ubuntu:/usr/local/share/:/usr/share/:/var/lib/snapd/desktop'), ('PYTHONPATH', '/home/gowtham/crazyflie_ws/install/crazyflie_py/lib/python3.10/site-packages:/home/gowtham/crazyflie_ws/install/swarm_navigation/lib/python3.10/site-packages:/home/gowtham/crazyflie_ws/install/swarm_guidance/lib/python3.10/site-packages:/home/gowtham/crazyflie_ws/install/crazyflie_sim/local/lib/python3.10/dist-packages:/home/gowtham/crazyflie_ws/install/crazyflie_examples/local/lib/python3.10/dist-packages:/home/gowtham/crazyflie_ws/install/crazyflie_interfaces/local/lib/python3.10/dist-packages:/home/gowtham/crazyflie_ws/install/central_swarm_control/lib/python3.10/site-packages:/home/gowtham/crazyflie-firmware/build:/home/gowtham/crazyflie-firmware/build:/home/gowtham/swarm_ws/install/guidance_layer/lib/python3.10/site-packages:/home/gowtham/swarm_ws/install/crazyflie_sim/local/lib/python3.10/dist-packages:/home/gowtham/swarm_ws/install/crazyflie_examples/local/lib/python3.10/dist-packages:/home/gowtham/swarm_ws/install/crazyflie_py/lib/python3.10/site-packages:/home/gowtham/swarm_ws/install/crazyflie_interfaces/local/lib/python3.10/dist-packages:/home/gowtham/swarm_ws/install/control_layer/lib/python3.10/site-packages:/home/gowtham/swarm_ws/install/consensus_controller/lib/python3.10/site-packages:/opt/ros/humble/lib/python3.10/site-packages:/opt/ros/humble/local/lib/python3.10/dist-packages'), ('COLCON', '1'), ('VTE_VERSION', '6800'), ('CMAKE_PREFIX_PATH', '/home/gowtham/crazyflie_ws/install/crazyflie_interfaces:/home/gowtham/crazyflie_ws/install/crazyflie_sim:/home/gowtham/crazyflie_ws/install/crazyflie_examples:/home/gowtham/crazyflie_ws/install/crazyflie:/home/gowtham/swarm_ws/install/crazyflie_sim:/home/gowtham/swarm_ws/install/crazyflie_examples:/home/gowtham/swarm_ws/install/crazyflie:/home/gowtham/swarm_ws/install/crazyflie_interfaces:/home/gowtham/crazyflie_ws/install/swarm_navigation:/home/gowtham/crazyflie_ws/install/swarm_guidance:/home/gowtham/crazyflie_ws/install/crazyflie_py:/home/gowtham/crazyflie_ws/install/central_swarm_control:/home/gowtham/swarm_ws/install/guidance_layer:/home/gowtham/swarm_ws/install/crazyflie_py:/home/gowtham/swarm_ws/install/control_layer:/home/gowtham/swarm_ws/install/consensus_controller:/opt/ros/humble')]), 'shell': False}
[4.355347] (crazyflie_sim) StdoutLine: {'line': b'writing crazyflie_sim.egg-info/PKG-INFO\n'}
[4.355541] (crazyflie_sim) StdoutLine: {'line': b'writing dependency_links to crazyflie_sim.egg-info/dependency_links.txt\n'}
[4.356707] (crazyflie_sim) StdoutLine: {'line': b'writing entry points to crazyflie_sim.egg-info/entry_points.txt\n'}
[4.356872] (crazyflie_sim) StdoutLine: {'line': b'writing top-level names to crazyflie_sim.egg-info/top_level.txt\n'}
[4.357009] (crazyflie_sim) StdoutLine: {'line': b"reading manifest file 'crazyflie_sim.egg-info/SOURCES.txt'\n"}
[4.357553] (crazyflie_sim) StdoutLine: {'line': b"writing manifest file 'crazyflie_sim.egg-info/SOURCES.txt'\n"}
[4.361140] (crazyflie_sim) StdoutLine: {'line': b'Installing crazyflie_server script to scripts\n'}
[4.362471] (crazyflie_sim) StdoutLine: {'line': b'Built target ament_cmake_python_build_crazyflie_sim_egg\n'}
[4.422637] (crazyflie_sim) StdoutLine: {'line': b'Built target ament_cmake_python_build_crazyflie_sim_scripts\n'}
[4.434610] (-) TimerEvent: {}
[4.444190] (crazyflie_sim) CommandEnded: {'returncode': 0}
[4.445551] (crazyflie_sim) JobProgress: {'identifier': 'crazyflie_sim', 'progress': 'install'}
[4.446041] (crazyflie_sim) Command: {'cmd': ['/usr/bin/cmake', '--install', '/home/gowtham/crazyflie_ws/build/crazyflie_sim'], 'cwd': '/home/gowtham/crazyflie_ws/build/crazyflie_sim', 'env': OrderedDict([('LESSOPEN', '| /usr/bin/lesspipe %s'), ('LANGUAGE', 'en_IN:en'), ('USER', 'gowtham'), ('XDG_SESSION_TYPE', 'wayland'), ('SHLVL', '1'), ('LD_LIBRARY_PATH', '/home/gowtham/crazyflie_ws/install/crazyflie_interfaces/lib:/home/gowtham/swarm_ws/install/crazyflie_interfaces/lib:/opt/ros/humble/opt/rviz_ogre_vendor/lib:/opt/ros/humble/lib/x86_64-linux-gnu:/opt/ros/humble/lib'), ('HOME', '/home/gowtham'), ('OLDPWD', '/home/gowtham/crazyflie_ws'), ('DESKTOP_SESSION', 'ubuntu'), ('ROS_PYTHON_VERSION', '3'), ('GNOME_SHELL_SESSION_MODE', 'ubuntu'), ('GTK_MODULES', 'gail:atk-bridge'), ('SYSTEMD_EXEC_PID', '1223'), ('DBUS_SESSION_BUS_ADDRESS', 'unix:path=/run/user/1000/bus'), ('COLORTERM', 'truecolor'), ('IM_CONFIG_PHASE', '1'), ('WAYLAND_DISPLAY', 'wayland-0'), ('COLCON_PREFIX_PATH', '/home/gowtham/crazyflie_ws/install:/home/gowtham/swarm_ws/install'), ('ROS_DISTRO', 'humble'), ('LOGNAME', 'gowtham'), ('_', '/usr/bin/colcon'), ('ROS_VERSION', '2'), ('XDG_SESSION_CLASS', 'user'), ('USERNAME', 'gowtham'), ('TERM', 'xterm-256color'), ('GNOME_DESKTOP_SESSION_ID', 'this-is-deprecated'), ('ROS_LOCALHOST_ONLY', '0'), ('PATH', '/opt/ros/humble/bin:/home/gowtham/.local/bin:/usr/local/sbin:/usr/local/bin:/usr/sbin:/usr/bin:/sbin:/bin:/usr/games:/usr/local/games:/snap/bin:/snap/bin:/home/gowtham/.local/bin'), ('SESSION_MANAGER', 'local/gowtham:@/tmp/.ICE-unix/982,unix/gowtham:/tmp/.ICE-unix/982'), ('XDG_MENU_PREFIX', 'gnome-'), ('GNOME_TERMINAL_SCREEN', '/org/gnome/Terminal/screen/66663db3_71b1_4ea7_9e7c_3581e2124211'), ('GNOME_SETUP_DISPLAY', ':1'), ('XDG_RUNTIME_DIR', '/run/user/1000'), ('DISPLAY', ':0'), ('LANG', 'en_US.UTF-8'), ('XDG_CURRENT_DESKTOP', 'ubuntu:GNOME'), ('XMODIFIERS', '@im=ibus'), ('XDG_SESSION_DESKTOP', 'ubuntu'), ('XAUTHORITY', '/run/user/1000/.mutter-Xwaylandauth.YWIQP3'), ('LS_COLORS', 'rs=0:di=01;34:ln=01;36:mh=00:pi=40;33:so=01;35:do=01;35:bd=40;33;01:cd=40;33;01:or=40;31;01:mi=00:su=37;41:sg=30;43:ca=30;41:tw=30;42:ow=34;42:st=37;44:ex=01;32:*.tar=01;31:*.tgz=01;31:*.arc=01;31:*.arj=01;31:*.taz=01;31:*.lha=01;31:*.lz4=01;31:*.lzh=01;31:*.lzma=01;31:*.tlz=01;31:*.txz=01;31:*.tzo=01;31:*.t7z=01;31:*.zip=01;31:*.z=01;31:*.dz=01;31:*.gz=01;31:*.lrz=01;31:*.lz=01;31:*.lzo=01;31:*.xz=01;31:*.zst=01;31:*.tzst=01;31:*.bz2=01;31:*.bz=01;31:*.tbz=01;31:*.tbz2=01;31:*.tz=01;31:*.deb=01;31:*.rpm=01;31:*.jar=01;31:*.war=01;31:*.ear=01;31:*.sar=01;31:*.rar=01;31:*.alz=01;31:*.ace=01;31:*.zoo=01;31:*.cpio=01;31:*.7z=01;31:*.rz=01;31:*.cab=01;31:*.wim=01;31:*.swm=01;31:*.dwm=01;31:*.esd=01;31:*.jpg=01;35:*.jpeg=01;35:*.mjpg=01;35:*.mjpeg=01;35:*.gif=01;35:*.bmp=01;35:*.pbm=01;35:*.pgm=01;35:*.ppm=01;35:*.tga=01;35:*.xbm=01;35:*.xpm=01;35:*.tif=01;35:*.tiff=01;35:*.png=01;35:*.svg=01;35:*.svgz=01;35:*.mng=01;35:*.pcx=01;35:*.mov=01;35:*.mpg=01;35:*.mpeg=01;35:*.m2v=01;35:*.mkv=01;35:*.webm=01;35:*.webp=01;35:*.ogm=01;35:*.mp4=01;35:*.m4v=01;35:*.mp4v=01;35:*.vob=01;35:*.qt=01;35:*.nuv=01;35:*.wmv=01;35:*.asf=01;35:*.rm=01;35:*.rmvb=01;35:*.flc=01;35:*.avi=01;35:*.fli=01;35:*.flv=01;35:*.gl=01;35:*.dl=01;35:*.xcf=01;35:*.xwd=01;35:*.yuv=01;35:*.cgm=01;35:*.emf=01;35:*.ogv=01;35:*.ogx=01;35:*.aac=00;36:*.au=00;36:*.flac=00;36:*.m4a=00;36:*.mid=00;36:*.midi=00;36:*.mka=00;36:*.mp3=00;36:*.mpc=00;36:*.ogg=00;36:*.ra=00;36:*.wav=00;36:*.oga=00;36:*.opus=00;36:*.spx=00;36:*.xspf=00;36:'), ('GNOME_TERMINAL_SERVICE', ':1.490'), ('SSH_AGENT_LAUNCHER', 'gnome-keyring'), ('SSH_AUTH_SOCK', '/run/user/1000/keyring/ssh'), ('AMENT_PREFIX_PATH', '/home/gowtham/crazyflie_ws/install/swarm_navigation:/home/gowtham/crazyflie_ws/install/swarm_guidance:/home/gowtham/crazyflie_ws/install/crazyflie_sim:/home/gowtham/crazyflie_ws/install/crazyflie_examples:/home/gowtham/crazyflie_ws/install/crazyflie_py:/home/gowtham/crazyflie_ws/install/crazyflie:/home/gowtham/crazyflie_ws/install/crazyflie_interfaces:/home/gowtham/crazyflie_ws/install/central_swarm_control:/home/gowtham/swarm_ws/install/guidance_layer:/home/gowtham/swarm_ws/install/crazyflie_sim:/home/gowtham/swarm_ws/install/crazyflie_examples:/home/gowtham/swarm_ws/install/crazyflie_py:/home/gowtham/swarm_ws/install/crazyflie:/home/gowtham/swarm_ws/install/crazyflie_interfaces:/home/gowtham/swarm_ws/install/control_layer:/home/gowtham/swarm_ws/install/consensus_controller:/opt/ros/humble'), ('SHELL', '/bin/bash'), ('QT_ACCESSIBILITY', '1'), ('GDMSESSION', 'ubuntu'), ('LESSCLOSE', '/usr/bin/lesspipe %s %s'), ('QT_IM_MODULE', 'ibus'), ('PWD', '/home/gowtham/crazyflie_ws/build/crazyflie_sim'), ('LC_ALL', 'en_US.UTF-8'), ('XDG_CONFIG_DIRS', '/etc/xdg/xdg-ubuntu:/etc/xdg'), ('XDG_DATA_DIRS', '/usr/share/ubuntu:/usr/local/share/:/usr/share/:/var/lib/snapd/desktop'), ('PYTHONPATH', '/home/gowtham/crazyflie_ws/install/swarm_navigation/lib/python3.10/site-packages:/home/gowtham/crazyflie_ws/install/swarm_guidance/lib/python3.10/site-packages:/home/gowtham/crazyflie_ws/install/crazyflie_sim/local/lib/python3.10/dist-packages:/home/gowtham/crazyflie_ws/install/crazyflie_examples/local/lib/python3.10/dist-packages:/home/gowtham/crazyflie_ws/install/crazyflie_py/lib/python3.10/site-packages:/home/gowtham/crazyflie_ws/install/crazyflie_interfaces/local/lib/python3.10/dist-packages:/home/gowtham/crazyflie_ws/install/central_swarm_control/lib/python3.10/site-packages:/home/gowtham/crazyflie-firmware/build:/home/gowtham/crazyflie-firmware/build:/home/gowtham/swarm_ws/install/guidance_layer/lib/python3.10/site-packages:/home/gowtham/swarm_ws/install/crazyflie_sim/local/lib/python3.10/dist-packages:/home/gowtham/swarm_ws/install/crazyflie_examples/local/lib/python3.10/dist-packages:/home/gowtham/swarm_ws/install/crazyflie_py/lib/python3.10/site-packages:/home/gowtham/swarm_ws/install/crazyflie_interfaces/local/lib/python3.10/dist-packages:/home/gowtham/swarm_ws/install/control_layer/lib/python3.10/site-packages:/home/gowtham/swarm_ws/install/consensus_controller/lib/python3.10/site-packages:/opt/ros/humble/lib/python3.10/site-packages:/opt/ros/humble/local/lib/python3.10/dist-packages'), ('COLCON', '1'), ('VTE_VERSION', '6800'), ('CMAKE_PREFIX_PATH', '/home/gowtham/crazyflie_ws/install/crazyflie_interfaces:/home/gowtham/crazyflie_ws/install/crazyflie_sim:/home/gowtham/crazyflie_ws/install/crazyflie_examples:/home/gowtham/crazyflie_ws/install/crazyflie:/home/gowtham/swarm_ws/install/crazyflie_sim:/home/gowtham/swarm_ws/install/crazyflie_examples:/home/gowtham/swarm_ws/install/crazyflie:/home/gowtham/swarm_ws/install/crazyflie_interfaces:/home/gowtham/crazyflie_ws/install/swarm_navigation:/home/gowtham/crazyflie_ws/install/swarm_guidance:/home/gowtham/crazyflie_ws/install/crazyflie_py:/home/gowtham/crazyflie_ws/install/central_swarm_control:/home/gowtham/swarm_ws/install/guidance_layer:/home/gowtham/swarm_ws/install/crazyflie_py:/home/gowtham/swarm_ws/install/control_layer:/home/gowtham/swarm_ws/install/consensus_controller:/opt/ros/humble')]), 'shell': False}
[4.456149] (crazyflie_examples) StdoutLine: {'line': b'Built target ament_cmake_python_copy_crazyflie_examples_setup\n'}
[4.460342] (crazyflie_sim) StdoutLine: {'line': b'-- Install configuration: ""\n'}
[4.460715] (crazyflie_sim) StdoutLine: {'line': b'-- Up-to-date: /home/gowtham/crazyflie_ws/install/crazyflie_sim/share/crazyflie_sim/environment/pythonpath.sh\n'}
[4.460885] (crazyflie_sim) StdoutLine: {'line': b'-- Up-to-date: /home/gowtham/crazyflie_ws/install/crazyflie_sim/share/crazyflie_sim/environment/pythonpath.dsv\n'}
[4.461039] (crazyflie_sim) StdoutLine: {'line': b'-- Up-to-date: /home/gowtham/crazyflie_ws/install/crazyflie_sim/local/lib/python3.10/dist-packages/crazyflie_sim-1.0.3-py3.10.egg-info\n'}
[4.461190] (crazyflie_sim) StdoutLine: {'line': b'-- Installing: /home/gowtham/crazyflie_ws/install/crazyflie_sim/local/lib/python3.10/dist-packages/crazyflie_sim-1.0.3-py3.10.egg-info/dependency_links.txt\n'}
[4.461400] (crazyflie_sim) StdoutLine: {'line': b'-- Installing: /home/gowtham/crazyflie_ws/install/crazyflie_sim/local/lib/python3.10/dist-packages/crazyflie_sim-1.0.3-py3.10.egg-info/SOURCES.txt\n'}
[4.461572] (crazyflie_sim) StdoutLine: {'line': b'-- Installing: /home/gowtham/crazyflie_ws/install/crazyflie_sim/local/lib/python3.10/dist-packages/crazyflie_sim-1.0.3-py3.10.egg-info/top_level.txt\n'}
[4.461771] (crazyflie_sim) StdoutLine: {'line': b'-- Installing: /home/gowtham/crazyflie_ws/install/crazyflie_sim/local/lib/python3.10/dist-packages/crazyflie_sim-1.0.3-py3.10.egg-info/PKG-INFO\n'}
[4.462027] (crazyflie_sim) StdoutLine: {'line': b'-- Installing: /home/gowtham/crazyflie_ws/install/crazyflie_sim/local/lib/python3.10/dist-packages/crazyflie_sim-1.0.3-py3.10.egg-info/entry_points.txt\n'}
[4.462163] (crazyflie_examples) StdoutLine: {'line': b'Built target ament_cmake_python_copy_crazyflie_examples\n'}
[4.462387] (crazyflie_sim) StdoutLine: {'line': b'-- Up-to-date: /home/gowtham/crazyflie_ws/install/crazyflie_sim/lib/crazyflie_sim/\n'}
[4.462613] (crazyflie_sim) StdoutLine: {'line': b'-- Installing: /home/gowtham/crazyflie_ws/install/crazyflie_sim/lib/crazyflie_sim//crazyflie_server\n'}
[4.463002] (crazyflie_sim) StdoutLine: {'line': b'-- Up-to-date: /home/gowtham/crazyflie_ws/install/crazyflie_sim/local/lib/python3.10/dist-packages/crazyflie_sim\n'}
[4.463387] (crazyflie_sim) StdoutLine: {'line': b'-- Up-to-date: /home/gowtham/crazyflie_ws/install/crazyflie_sim/local/lib/python3.10/dist-packages/crazyflie_sim/visualization\n'}
[4.463704] (crazyflie_sim) StdoutLine: {'line': b'-- Up-to-date: /home/gowtham/crazyflie_ws/install/crazyflie_sim/local/lib/python3.10/dist-packages/crazyflie_sim/visualization/blender.py\n'}
[4.463818] (crazyflie_sim) StdoutLine: {'line': b'-- Up-to-date: /home/gowtham/crazyflie_ws/install/crazyflie_sim/local/lib/python3.10/dist-packages/crazyflie_sim/visualization/record_states.py\n'}
[4.463932] (crazyflie_sim) StdoutLine: {'line': b'-- Up-to-date: /home/gowtham/crazyflie_ws/install/crazyflie_sim/local/lib/python3.10/dist-packages/crazyflie_sim/visualization/pdf.py\n'}
[4.464039] (crazyflie_sim) StdoutLine: {'line': b'-- Up-to-date: /home/gowtham/crazyflie_ws/install/crazyflie_sim/local/lib/python3.10/dist-packages/crazyflie_sim/visualization/README.md\n'}
[4.464145] (crazyflie_sim) StdoutLine: {'line': b'-- Up-to-date: /home/gowtham/crazyflie_ws/install/crazyflie_sim/local/lib/python3.10/dist-packages/crazyflie_sim/visualization/data\n'}
[4.464254] (crazyflie_sim) StdoutLine: {'line': b'-- Up-to-date: /home/gowtham/crazyflie_ws/install/crazyflie_sim/local/lib/python3.10/dist-packages/crazyflie_sim/visualization/data/model\n'}
[4.464362] (crazyflie_sim) StdoutLine: {'line': b'-- Up-to-date: /home/gowtham/crazyflie_ws/install/crazyflie_sim/local/lib/python3.10/dist-packages/crazyflie_sim/visualization/data/model/cf.mtl\n'}
[4.464519] (crazyflie_sim) StdoutLine: {'line': b'-- Up-to-date: /home/gowtham/crazyflie_ws/install/crazyflie_sim/local/lib/python3.10/dist-packages/crazyflie_sim/visualization/data/model/cf.obj\n'}
[4.464660] (crazyflie_sim) StdoutLine: {'line': b'-- Up-to-date: /home/gowtham/crazyflie_ws/install/crazyflie_sim/local/lib/python3.10/dist-packages/crazyflie_sim/visualization/data/env\n'}
[4.464775] (crazyflie_sim) StdoutLine: {'line': b'-- Up-to-date: /home/gowtham/crazyflie_ws/install/crazyflie_sim/local/lib/python3.10/dist-packages/crazyflie_sim/visualization/data/env/aerodynamics_workshop.jpg\n'}
[4.464920] (crazyflie_sim) StdoutLine: {'line': b'-- Up-to-date: /home/gowtham/crazyflie_ws/install/crazyflie_sim/local/lib/python3.10/dist-packages/crazyflie_sim/visualization/data/env/derelict_overpass.jpg\n'}
[4.465186] (crazyflie_sim) StdoutLine: {'line': b'-- Up-to-date: /home/gowtham/crazyflie_ws/install/crazyflie_sim/local/lib/python3.10/dist-packages/crazyflie_sim/visualization/data/env/machine_shop.jpg\n'}
[4.465301] (crazyflie_sim) StdoutLine: {'line': b'-- Up-to-date: /home/gowtham/crazyflie_ws/install/crazyflie_sim/local/lib/python3.10/dist-packages/crazyflie_sim/visualization/data/env/crosswalk.jpg\n'}
[4.465566] (crazyflie_sim) StdoutLine: {'line': b'-- Up-to-date: /home/gowtham/crazyflie_ws/install/crazyflie_sim/local/lib/python3.10/dist-packages/crazyflie_sim/visualization/data/env/abandoned_greenhouse.jpg\n'}
[4.465697] (crazyflie_sim) StdoutLine: {'line': b'-- Up-to-date: /home/gowtham/crazyflie_ws/install/crazyflie_sim/local/lib/python3.10/dist-packages/crazyflie_sim/visualization/data/env/env.jpg\n'}
[4.465806] (crazyflie_sim) StdoutLine: {'line': b'-- Up-to-date: /home/gowtham/crazyflie_ws/install/crazyflie_sim/local/lib/python3.10/dist-packages/crazyflie_sim/visualization/data/env/lake_pier.jpg\n'}
[4.465906] (crazyflie_sim) StdoutLine: {'line': b'-- Up-to-date: /home/gowtham/crazyflie_ws/install/crazyflie_sim/local/lib/python3.10/dist-packages/crazyflie_sim/visualization/data/env/museumplein.jpg\n'}
[4.466006] (crazyflie_sim) StdoutLine: {'line': b'-- Up-to-date: /home/gowtham/crazyflie_ws/install/crazyflie_sim/local/lib/python3.10/dist-packages/crazyflie_sim/visualization/data/env/peppermint_powerplant.jpg\n'}
[4.466111] (crazyflie_sim) StdoutLine: {'line': b'-- Up-to-date: /home/gowtham/crazyflie_ws/install/crazyflie_sim/local/lib/python3.10/dist-packages/crazyflie_sim/visualization/data/env/lago_disola.jpg\n'}
[4.466224] (crazyflie_sim) StdoutLine: {'line': b'-- Up-to-date: /home/gowtham/crazyflie_ws/install/crazyflie_sim/local/lib/python3.10/dist-packages/crazyflie_sim/visualization/data/env/studio_garden.jpg\n'}
[4.466365] (crazyflie_sim) StdoutLine: {'line': b'-- Up-to-date: /home/gowtham/crazyflie_ws/install/crazyflie_sim/local/lib/python3.10/dist-packages/crazyflie_sim/visualization/data/env/aviation_museum.jpg\n'}
[4.466540] (crazyflie_sim) StdoutLine: {'line': b'-- Up-to-date: /home/gowtham/crazyflie_ws/install/crazyflie_sim/local/lib/python3.10/dist-packages/crazyflie_sim/visualization/data/README.md\n'}
[4.466670] (crazyflie_sim) StdoutLine: {'line': b'-- Up-to-date: /home/gowtham/crazyflie_ws/install/crazyflie_sim/local/lib/python3.10/dist-packages/crazyflie_sim/visualization/rviz.py\n'}
[4.466778] (crazyflie_sim) StdoutLine: {'line': b'-- Up-to-date: /home/gowtham/crazyflie_ws/install/crazyflie_sim/local/lib/python3.10/dist-packages/crazyflie_sim/__init__.py\n'}
[4.466889] (crazyflie_sim) StdoutLine: {'line': b'-- Up-to-date: /home/gowtham/crazyflie_ws/install/crazyflie_sim/local/lib/python3.10/dist-packages/crazyflie_sim/backend\n'}
[4.467001] (crazyflie_sim) StdoutLine: {'line': b'-- Up-to-date: /home/gowtham/crazyflie_ws/install/crazyflie_sim/local/lib/python3.10/dist-packages/crazyflie_sim/backend/pinocchio.py\n'}
[4.467110] (crazyflie_sim) StdoutLine: {'line': b'-- Up-to-date: /home/gowtham/crazyflie_ws/install/crazyflie_sim/local/lib/python3.10/dist-packages/crazyflie_sim/backend/np.py\n'}
[4.467222] (crazyflie_sim) StdoutLine: {'line': b'-- Up-to-date: /home/gowtham/crazyflie_ws/install/crazyflie_sim/local/lib/python3.10/dist-packages/crazyflie_sim/backend/neuralswarm.py\n'}
[4.467326] (crazyflie_sim) StdoutLine: {'line': b'-- Up-to-date: /home/gowtham/crazyflie_ws/install/crazyflie_sim/local/lib/python3.10/dist-packages/crazyflie_sim/backend/none.py\n'}
[4.467418] (crazyflie_sim) StdoutLine: {'line': b'-- Up-to-date: /home/gowtham/crazyflie_ws/install/crazyflie_sim/local/lib/python3.10/dist-packages/crazyflie_sim/backend/data\n'}
[4.467551] (crazyflie_sim) StdoutLine: {'line': b'-- Up-to-date: /home/gowtham/crazyflie_ws/install/crazyflie_sim/local/lib/python3.10/dist-packages/crazyflie_sim/backend/data/dynobench\n'}
[4.467677] (crazyflie_sim) StdoutLine: {'line': b'-- Up-to-date: /home/gowtham/crazyflie_ws/install/crazyflie_sim/local/lib/python3.10/dist-packages/crazyflie_sim/backend/data/dynobench/crazyflie2.yaml\n'}
[4.467785] (crazyflie_sim) StdoutLine: {'line': b'-- Up-to-date: /home/gowtham/crazyflie_ws/install/crazyflie_sim/local/lib/python3.10/dist-packages/crazyflie_sim/backend/data/neuralswarm2\n'}
[4.467892] (crazyflie_sim) StdoutLine: {'line': b'-- Up-to-date: /home/gowtham/crazyflie_ws/install/crazyflie_sim/local/lib/python3.10/dist-packages/crazyflie_sim/backend/data/neuralswarm2/phi_G.pth\n'}
[4.468004] (crazyflie_sim) StdoutLine: {'line': b'-- Up-to-date: /home/gowtham/crazyflie_ws/install/crazyflie_sim/local/lib/python3.10/dist-packages/crazyflie_sim/backend/data/neuralswarm2/rho_L.pth\n'}
[4.468111] (crazyflie_sim) StdoutLine: {'line': b'-- Up-to-date: /home/gowtham/crazyflie_ws/install/crazyflie_sim/local/lib/python3.10/dist-packages/crazyflie_sim/backend/data/neuralswarm2/phi_S.pth\n'}
[4.468217] (crazyflie_sim) StdoutLine: {'line': b'-- Up-to-date: /home/gowtham/crazyflie_ws/install/crazyflie_sim/local/lib/python3.10/dist-packages/crazyflie_sim/backend/data/neuralswarm2/rho_S.pth\n'}
[4.468320] (crazyflie_sim) StdoutLine: {'line': b'-- Up-to-date: /home/gowtham/crazyflie_ws/install/crazyflie_sim/local/lib/python3.10/dist-packages/crazyflie_sim/backend/data/neuralswarm2/phi_L.pth\n'}
[4.468435] (crazyflie_sim) StdoutLine: {'line': b'-- Up-to-date: /home/gowtham/crazyflie_ws/install/crazyflie_sim/local/lib/python3.10/dist-packages/crazyflie_sim/backend/data/pinocchio\n'}
[4.468565] (crazyflie_sim) StdoutLine: {'line': b'-- Up-to-date: /home/gowtham/crazyflie_ws/install/crazyflie_sim/local/lib/python3.10/dist-packages/crazyflie_sim/backend/data/pinocchio/crazyflie2.urdf\n'}
[4.468703] (crazyflie_sim) StdoutLine: {'line': b'-- Up-to-date: /home/gowtham/crazyflie_ws/install/crazyflie_sim/local/lib/python3.10/dist-packages/crazyflie_sim/backend/dynobench.py\n'}
[4.468834] (crazyflie_sim) StdoutLine: {'line': b'-- Up-to-date: /home/gowtham/crazyflie_ws/install/crazyflie_sim/local/lib/python3.10/dist-packages/crazyflie_sim/crazyflie_server.py\n'}
[4.468943] (crazyflie_sim) StdoutLine: {'line': b'-- Up-to-date: /home/gowtham/crazyflie_ws/install/crazyflie_sim/local/lib/python3.10/dist-packages/crazyflie_sim/crazyflie_sil.py\n'}
[4.469058] (crazyflie_sim) StdoutLine: {'line': b'-- Up-to-date: /home/gowtham/crazyflie_ws/install/crazyflie_sim/local/lib/python3.10/dist-packages/crazyflie_sim/sim_data_types.py\n'}
[4.534716] (-) TimerEvent: {}
[4.554809] (crazyflie_sim) StdoutLine: {'line': b"Listing '/home/gowtham/crazyflie_ws/install/crazyflie_sim/local/lib/python3.10/dist-packages/crazyflie_sim'...\n"}
[4.555098] (crazyflie_sim) StdoutLine: {'line': b"Listing '/home/gowtham/crazyflie_ws/install/crazyflie_sim/local/lib/python3.10/dist-packages/crazyflie_sim/backend'...\n"}
[4.555240] (crazyflie_sim) StdoutLine: {'line': b"Listing '/home/gowtham/crazyflie_ws/install/crazyflie_sim/local/lib/python3.10/dist-packages/crazyflie_sim/backend/data'...\n"}
[4.555371] (crazyflie_sim) StdoutLine: {'line': b"Listing '/home/gowtham/crazyflie_ws/install/crazyflie_sim/local/lib/python3.10/dist-packages/crazyflie_sim/backend/data/dynobench'...\n"}
[4.555499] (crazyflie_sim) StdoutLine: {'line': b"Listing '/home/gowtham/crazyflie_ws/install/crazyflie_sim/local/lib/python3.10/dist-packages/crazyflie_sim/backend/data/neuralswarm2'...\n"}
[4.555681] (crazyflie_sim) StdoutLine: {'line': b"Listing '/home/gowtham/crazyflie_ws/install/crazyflie_sim/local/lib/python3.10/dist-packages/crazyflie_sim/backend/data/pinocchio'...\n"}
[4.555809] (crazyflie_sim) StdoutLine: {'line': b"Listing '/home/gowtham/crazyflie_ws/install/crazyflie_sim/local/lib/python3.10/dist-packages/crazyflie_sim/visualization'...\n"}
[4.555941] (crazyflie_sim) StdoutLine: {'line': b"Listing '/home/gowtham/crazyflie_ws/install/crazyflie_sim/local/lib/python3.10/dist-packages/crazyflie_sim/visualization/data'...\n"}
[4.556194] (crazyflie_sim) StdoutLine: {'line': b"Listing '/home/gowtham/crazyflie_ws/install/crazyflie_sim/local/lib/python3.10/dist-packages/crazyflie_sim/visualization/data/env'...\n"}
[4.556330] (crazyflie_sim) StdoutLine: {'line': b"Listing '/home/gowtham/crazyflie_ws/install/crazyflie_sim/local/lib/python3.10/dist-packages/crazyflie_sim/visualization/data/model'...\n"}
[4.564265] (crazyflie_sim) StdoutLine: {'line': b'-- Up-to-date: /home/gowtham/crazyflie_ws/install/crazyflie_sim/share/ament_index/resource_index/package_run_dependencies/crazyflie_sim\n'}
[4.564564] (crazyflie_sim) StdoutLine: {'line': b'-- Up-to-date: /home/gowtham/crazyflie_ws/install/crazyflie_sim/share/ament_index/resource_index/parent_prefix_path/crazyflie_sim\n'}
[4.564745] (crazyflie_sim) StdoutLine: {'line': b'-- Up-to-date: /home/gowtham/crazyflie_ws/install/crazyflie_sim/share/crazyflie_sim/environment/ament_prefix_path.sh\n'}
[4.564900] (crazyflie_sim) StdoutLine: {'line': b'-- Up-to-date: /home/gowtham/crazyflie_ws/install/crazyflie_sim/share/crazyflie_sim/environment/ament_prefix_path.dsv\n'}
[4.565086] (crazyflie_sim) StdoutLine: {'line': b'-- Up-to-date: /home/gowtham/crazyflie_ws/install/crazyflie_sim/share/crazyflie_sim/environment/path.sh\n'}
[4.565483] (crazyflie_sim) StdoutLine: {'line': b'-- Up-to-date: /home/gowtham/crazyflie_ws/install/crazyflie_sim/share/crazyflie_sim/environment/path.dsv\n'}
[4.565694] (crazyflie_sim) StdoutLine: {'line': b'-- Up-to-date: /home/gowtham/crazyflie_ws/install/crazyflie_sim/share/crazyflie_sim/local_setup.bash\n'}
[4.565830] (crazyflie_sim) StdoutLine: {'line': b'-- Up-to-date: /home/gowtham/crazyflie_ws/install/crazyflie_sim/share/crazyflie_sim/local_setup.sh\n'}
[4.565961] (crazyflie_sim) StdoutLine: {'line': b'-- Up-to-date: /home/gowtham/crazyflie_ws/install/crazyflie_sim/share/crazyflie_sim/local_setup.zsh\n'}
[4.566087] (crazyflie_sim) StdoutLine: {'line': b'-- Up-to-date: /home/gowtham/crazyflie_ws/install/crazyflie_sim/share/crazyflie_sim/local_setup.dsv\n'}
[4.566232] (crazyflie_sim) StdoutLine: {'line': b'-- Installing: /home/gowtham/crazyflie_ws/install/crazyflie_sim/share/crazyflie_sim/package.dsv\n'}
[4.566356] (crazyflie_sim) StdoutLine: {'line': b'-- Up-to-date: /home/gowtham/crazyflie_ws/install/crazyflie_sim/share/ament_index/resource_index/packages/crazyflie_sim\n'}
[4.566483] (crazyflie_sim) StdoutLine: {'line': b'-- Up-to-date: /home/gowtham/crazyflie_ws/install/crazyflie_sim/share/crazyflie_sim/cmake/crazyflie_simConfig.cmake\n'}
[4.566640] (crazyflie_sim) StdoutLine: {'line': b'-- Up-to-date: /home/gowtham/crazyflie_ws/install/crazyflie_sim/share/crazyflie_sim/cmake/crazyflie_simConfig-version.cmake\n'}
[4.566769] (crazyflie_sim) StdoutLine: {'line': b'-- Up-to-date: /home/gowtham/crazyflie_ws/install/crazyflie_sim/share/crazyflie_sim/package.xml\n'}
[4.570898] (crazyflie_sim) CommandEnded: {'returncode': 0}
[4.599483] (crazyflie_sim) JobEnded: {'identifier': 'crazyflie_sim', 'rc': 0}
[4.634837] (-) TimerEvent: {}
[4.735215] (-) TimerEvent: {}
[4.835573] (-) TimerEvent: {}
[4.928694] (crazyflie_examples) StdoutLine: {'line': b'running egg_info\n'}
[4.930135] (crazyflie_examples) StdoutLine: {'line': b'writing crazyflie_examples.egg-info/PKG-INFO\n'}
[4.930469] (crazyflie_examples) StdoutLine: {'line': b'writing dependency_links to crazyflie_examples.egg-info/dependency_links.txt\n'}
[4.930837] (crazyflie_examples) StdoutLine: {'line': b'writing entry points to crazyflie_examples.egg-info/entry_points.txt\n'}
[4.931097] (crazyflie_examples) StdoutLine: {'line': b'writing top-level names to crazyflie_examples.egg-info/top_level.txt\n'}
[4.934526] (crazyflie_examples) StdoutLine: {'line': b"reading manifest file 'crazyflie_examples.egg-info/SOURCES.txt'\n"}
[4.935614] (crazyflie_examples) StdoutLine: {'line': b"writing manifest file 'crazyflie_examples.egg-info/SOURCES.txt'\n"}
[4.935931] (-) TimerEvent: {}
[4.988772] (crazyflie_examples) StdoutLine: {'line': b'Built target ament_cmake_python_build_crazyflie_examples_egg\n'}
[5.001697] (crazyflie_examples) StdoutLine: {'line': b'running install_scripts\n'}
[5.004726] (crazyflie_examples) StderrLine: {'line': b'/usr/lib/python3/dist-packages/setuptools/command/install.py:34: SetuptoolsDeprecationWarning: setup.py install is deprecated. Use build and pip and other standards-based tools.\n'}
[5.004931] (crazyflie_examples) StderrLine: {'line': b'  warnings.warn(\n'}
[5.033946] (crazyflie_examples) StdoutLine: {'line': b'running egg_info\n'}
[5.035165] (crazyflie_examples) StdoutLine: {'line': b'writing crazyflie_examples.egg-info/PKG-INFO\n'}
[5.035526] (crazyflie_examples) StdoutLine: {'line': b'writing dependency_links to crazyflie_examples.egg-info/dependency_links.txt\n'}
[5.035835] (crazyflie_examples) StdoutLine: {'line': b'writing entry points to crazyflie_examples.egg-info/entry_points.txt\n'}
[5.036079] (-) TimerEvent: {}
[5.036298] (crazyflie_examples) StdoutLine: {'line': b'writing top-level names to crazyflie_examples.egg-info/top_level.txt\n'}
[5.038450] (crazyflie_examples) StdoutLine: {'line': b"reading manifest file 'crazyflie_examples.egg-info/SOURCES.txt'\n"}
[5.039405] (crazyflie_examples) StdoutLine: {'line': b"writing manifest file 'crazyflie_examples.egg-info/SOURCES.txt'\n"}
[5.042675] (crazyflie_examples) StdoutLine: {'line': b'Installing arming script to scripts\n'}
[5.042960] (crazyflie_examples) StdoutLine: {'line': b'Installing cmd_full_state script to scripts\n'}
[5.043137] (crazyflie_examples) StdoutLine: {'line': b'Installing figure8 script to scripts\n'}
[5.043306] (crazyflie_examples) StdoutLine: {'line': b'Installing goto_unicast script to scripts\n'}
[5.043459] (crazyflie_examples) StdoutLine: {'line': b'Installing group_mask script to scripts\n'}
[5.043624] (crazyflie_examples) StdoutLine: {'line': b'Installing hello_world script to scripts\n'}
[5.043784] (crazyflie_examples) StdoutLine: {'line': b'Installing infinite_flight script to scripts\n'}
[5.044007] (crazyflie_examples) StdoutLine: {'line': b'Installing multi_trajectory script to scripts\n'}
[5.044138] (crazyflie_examples) StdoutLine: {'line': b'Installing nice_hover script to scripts\n'}
[5.044355] (crazyflie_examples) StdoutLine: {'line': b'Installing set_param script to scripts\n'}
[5.044477] (crazyflie_examples) StdoutLine: {'line': b'Installing swap script to scripts\n'}
[5.095495] (crazyflie_examples) StdoutLine: {'line': b'Built target ament_cmake_python_build_crazyflie_examples_scripts\n'}
[5.113577] (crazyflie_examples) CommandEnded: {'returncode': 0}
[5.114877] (crazyflie_examples) JobProgress: {'identifier': 'crazyflie_examples', 'progress': 'install'}
[5.115922] (crazyflie_examples) Command: {'cmd': ['/usr/bin/cmake', '--install', '/home/gowtham/crazyflie_ws/build/crazyflie_examples'], 'cwd': '/home/gowtham/crazyflie_ws/build/crazyflie_examples', 'env': OrderedDict([('LESSOPEN', '| /usr/bin/lesspipe %s'), ('LANGUAGE', 'en_IN:en'), ('USER', 'gowtham'), ('XDG_SESSION_TYPE', 'wayland'), ('SHLVL', '1'), ('LD_LIBRARY_PATH', '/home/gowtham/crazyflie_ws/install/crazyflie_interfaces/lib:/home/gowtham/swarm_ws/install/crazyflie_interfaces/lib:/opt/ros/humble/opt/rviz_ogre_vendor/lib:/opt/ros/humble/lib/x86_64-linux-gnu:/opt/ros/humble/lib'), ('HOME', '/home/gowtham'), ('OLDPWD', '/home/gowtham/crazyflie_ws'), ('DESKTOP_SESSION', 'ubuntu'), ('ROS_PYTHON_VERSION', '3'), ('GNOME_SHELL_SESSION_MODE', 'ubuntu'), ('GTK_MODULES', 'gail:atk-bridge'), ('SYSTEMD_EXEC_PID', '1223'), ('DBUS_SESSION_BUS_ADDRESS', 'unix:path=/run/user/1000/bus'), ('COLORTERM', 'truecolor'), ('IM_CONFIG_PHASE', '1'), ('WAYLAND_DISPLAY', 'wayland-0'), ('COLCON_PREFIX_PATH', '/home/gowtham/crazyflie_ws/install:/home/gowtham/swarm_ws/install'), ('ROS_DISTRO', 'humble'), ('LOGNAME', 'gowtham'), ('_', '/usr/bin/colcon'), ('ROS_VERSION', '2'), ('XDG_SESSION_CLASS', 'user'), ('USERNAME', 'gowtham'), ('TERM', 'xterm-256color'), ('GNOME_DESKTOP_SESSION_ID', 'this-is-deprecated'), ('ROS_LOCALHOST_ONLY', '0'), ('PATH', '/opt/ros/humble/bin:/home/gowtham/.local/bin:/usr/local/sbin:/usr/local/bin:/usr/sbin:/usr/bin:/sbin:/bin:/usr/games:/usr/local/games:/snap/bin:/snap/bin:/home/gowtham/.local/bin'), ('SESSION_MANAGER', 'local/gowtham:@/tmp/.ICE-unix/982,unix/gowtham:/tmp/.ICE-unix/982'), ('XDG_MENU_PREFIX', 'gnome-'), ('GNOME_TERMINAL_SCREEN', '/org/gnome/Terminal/screen/66663db3_71b1_4ea7_9e7c_3581e2124211'), ('GNOME_SETUP_DISPLAY', ':1'), ('XDG_RUNTIME_DIR', '/run/user/1000'), ('DISPLAY', ':0'), ('LANG', 'en_US.UTF-8'), ('XDG_CURRENT_DESKTOP', 'ubuntu:GNOME'), ('XMODIFIERS', '@im=ibus'), ('XDG_SESSION_DESKTOP', 'ubuntu'), ('XAUTHORITY', '/run/user/1000/.mutter-Xwaylandauth.YWIQP3'), ('LS_COLORS', 'rs=0:di=01;34:ln=01;36:mh=00:pi=40;33:so=01;35:do=01;35:bd=40;33;01:cd=40;33;01:or=40;31;01:mi=00:su=37;41:sg=30;43:ca=30;41:tw=30;42:ow=34;42:st=37;44:ex=01;32:*.tar=01;31:*.tgz=01;31:*.arc=01;31:*.arj=01;31:*.taz=01;31:*.lha=01;31:*.lz4=01;31:*.lzh=01;31:*.lzma=01;31:*.tlz=01;31:*.txz=01;31:*.tzo=01;31:*.t7z=01;31:*.zip=01;31:*.z=01;31:*.dz=01;31:*.gz=01;31:*.lrz=01;31:*.lz=01;31:*.lzo=01;31:*.xz=01;31:*.zst=01;31:*.tzst=01;31:*.bz2=01;31:*.bz=01;31:*.tbz=01;31:*.tbz2=01;31:*.tz=01;31:*.deb=01;31:*.rpm=01;31:*.jar=01;31:*.war=01;31:*.ear=01;31:*.sar=01;31:*.rar=01;31:*.alz=01;31:*.ace=01;31:*.zoo=01;31:*.cpio=01;31:*.7z=01;31:*.rz=01;31:*.cab=01;31:*.wim=01;31:*.swm=01;31:*.dwm=01;31:*.esd=01;31:*.jpg=01;35:*.jpeg=01;35:*.mjpg=01;35:*.mjpeg=01;35:*.gif=01;35:*.bmp=01;35:*.pbm=01;35:*.pgm=01;35:*.ppm=01;35:*.tga=01;35:*.xbm=01;35:*.xpm=01;35:*.tif=01;35:*.tiff=01;35:*.png=01;35:*.svg=01;35:*.svgz=01;35:*.mng=01;35:*.pcx=01;35:*.mov=01;35:*.mpg=01;35:*.mpeg=01;35:*.m2v=01;35:*.mkv=01;35:*.webm=01;35:*.webp=01;35:*.ogm=01;35:*.mp4=01;35:*.m4v=01;35:*.mp4v=01;35:*.vob=01;35:*.qt=01;35:*.nuv=01;35:*.wmv=01;35:*.asf=01;35:*.rm=01;35:*.rmvb=01;35:*.flc=01;35:*.avi=01;35:*.fli=01;35:*.flv=01;35:*.gl=01;35:*.dl=01;35:*.xcf=01;35:*.xwd=01;35:*.yuv=01;35:*.cgm=01;35:*.emf=01;35:*.ogv=01;35:*.ogx=01;35:*.aac=00;36:*.au=00;36:*.flac=00;36:*.m4a=00;36:*.mid=00;36:*.midi=00;36:*.mka=00;36:*.mp3=00;36:*.mpc=00;36:*.ogg=00;36:*.ra=00;36:*.wav=00;36:*.oga=00;36:*.opus=00;36:*.spx=00;36:*.xspf=00;36:'), ('GNOME_TERMINAL_SERVICE', ':1.490'), ('SSH_AGENT_LAUNCHER', 'gnome-keyring'), ('SSH_AUTH_SOCK', '/run/user/1000/keyring/ssh'), ('AMENT_PREFIX_PATH', '/home/gowtham/crazyflie_ws/install/crazyflie_py:/home/gowtham/crazyflie_ws/install/swarm_navigation:/home/gowtham/crazyflie_ws/install/swarm_guidance:/home/gowtham/crazyflie_ws/install/crazyflie_sim:/home/gowtham/crazyflie_ws/install/crazyflie_examples:/home/gowtham/crazyflie_ws/install/crazyflie:/home/gowtham/crazyflie_ws/install/crazyflie_interfaces:/home/gowtham/crazyflie_ws/install/central_swarm_control:/home/gowtham/swarm_ws/install/guidance_layer:/home/gowtham/swarm_ws/install/crazyflie_sim:/home/gowtham/swarm_ws/install/crazyflie_examples:/home/gowtham/swarm_ws/install/crazyflie_py:/home/gowtham/swarm_ws/install/crazyflie:/home/gowtham/swarm_ws/install/crazyflie_interfaces:/home/gowtham/swarm_ws/install/control_layer:/home/gowtham/swarm_ws/install/consensus_controller:/opt/ros/humble'), ('SHELL', '/bin/bash'), ('QT_ACCESSIBILITY', '1'), ('GDMSESSION', 'ubuntu'), ('LESSCLOSE', '/usr/bin/lesspipe %s %s'), ('QT_IM_MODULE', 'ibus'), ('PWD', '/home/gowtham/crazyflie_ws/build/crazyflie_examples'), ('LC_ALL', 'en_US.UTF-8'), ('XDG_CONFIG_DIRS', '/etc/xdg/xdg-ubuntu:/etc/xdg'), ('XDG_DATA_DIRS', '/usr/share/ubuntu:/usr/local/share/:/usr/share/:/var/lib/snapd/desktop'), ('PYTHONPATH', '/home/gowtham/crazyflie_ws/install/crazyflie_py/lib/python3.10/site-packages:/home/gowtham/crazyflie_ws/install/swarm_navigation/lib/python3.10/site-packages:/home/gowtham/crazyflie_ws/install/swarm_guidance/lib/python3.10/site-packages:/home/gowtham/crazyflie_ws/install/crazyflie_sim/local/lib/python3.10/dist-packages:/home/gowtham/crazyflie_ws/install/crazyflie_examples/local/lib/python3.10/dist-packages:/home/gowtham/crazyflie_ws/install/crazyflie_interfaces/local/lib/python3.10/dist-packages:/home/gowtham/crazyflie_ws/install/central_swarm_control/lib/python3.10/site-packages:/home/gowtham/crazyflie-firmware/build:/home/gowtham/crazyflie-firmware/build:/home/gowtham/swarm_ws/install/guidance_layer/lib/python3.10/site-packages:/home/gowtham/swarm_ws/install/crazyflie_sim/local/lib/python3.10/dist-packages:/home/gowtham/swarm_ws/install/crazyflie_examples/local/lib/python3.10/dist-packages:/home/gowtham/swarm_ws/install/crazyflie_py/lib/python3.10/site-packages:/home/gowtham/swarm_ws/install/crazyflie_interfaces/local/lib/python3.10/dist-packages:/home/gowtham/swarm_ws/install/control_layer/lib/python3.10/site-packages:/home/gowtham/swarm_ws/install/consensus_controller/lib/python3.10/site-packages:/opt/ros/humble/lib/python3.10/site-packages:/opt/ros/humble/local/lib/python3.10/dist-packages'), ('COLCON', '1'), ('VTE_VERSION', '6800'), ('CMAKE_PREFIX_PATH', '/home/gowtham/crazyflie_ws/install/crazyflie_interfaces:/home/gowtham/crazyflie_ws/install/crazyflie_sim:/home/gowtham/crazyflie_ws/install/crazyflie_examples:/home/gowtham/crazyflie_ws/install/crazyflie:/home/gowtham/swarm_ws/install/crazyflie_sim:/home/gowtham/swarm_ws/install/crazyflie_examples:/home/gowtham/swarm_ws/install/crazyflie:/home/gowtham/swarm_ws/install/crazyflie_interfaces:/home/gowtham/crazyflie_ws/install/swarm_navigation:/home/gowtham/crazyflie_ws/install/swarm_guidance:/home/gowtham/crazyflie_ws/install/crazyflie_py:/home/gowtham/crazyflie_ws/install/central_swarm_control:/home/gowtham/swarm_ws/install/guidance_layer:/home/gowtham/swarm_ws/install/crazyflie_py:/home/gowtham/swarm_ws/install/control_layer:/home/gowtham/swarm_ws/install/consensus_controller:/opt/ros/humble')]), 'shell': False}
[5.134891] (crazyflie_examples) StdoutLine: {'line': b'-- Install configuration: ""\n'}
[5.135187] (crazyflie_examples) StdoutLine: {'line': b'-- Up-to-date: /home/gowtham/crazyflie_ws/install/crazyflie_examples/share/crazyflie_examples/environment/pythonpath.sh\n'}
[5.135332] (crazyflie_examples) StdoutLine: {'line': b'-- Up-to-date: /home/gowtham/crazyflie_ws/install/crazyflie_examples/share/crazyflie_examples/environment/pythonpath.dsv\n'}
[5.135464] (crazyflie_examples) StdoutLine: {'line': b'-- Up-to-date: /home/gowtham/crazyflie_ws/install/crazyflie_examples/local/lib/python3.10/dist-packages/crazyflie_examples-1.0.3-py3.10.egg-info\n'}
[5.135621] (crazyflie_examples) StdoutLine: {'line': b'-- Installing: /home/gowtham/crazyflie_ws/install/crazyflie_examples/local/lib/python3.10/dist-packages/crazyflie_examples-1.0.3-py3.10.egg-info/dependency_links.txt\n'}
[5.135734] (crazyflie_examples) StdoutLine: {'line': b'-- Installing: /home/gowtham/crazyflie_ws/install/crazyflie_examples/local/lib/python3.10/dist-packages/crazyflie_examples-1.0.3-py3.10.egg-info/SOURCES.txt\n'}
[5.135880] (crazyflie_examples) StdoutLine: {'line': b'-- Installing: /home/gowtham/crazyflie_ws/install/crazyflie_examples/local/lib/python3.10/dist-packages/crazyflie_examples-1.0.3-py3.10.egg-info/top_level.txt\n'}
[5.136070] (crazyflie_examples) StdoutLine: {'line': b'-- Installing: /home/gowtham/crazyflie_ws/install/crazyflie_examples/local/lib/python3.10/dist-packages/crazyflie_examples-1.0.3-py3.10.egg-info/PKG-INFO\n'}
[5.136179] (-) TimerEvent: {}
[5.136348] (crazyflie_examples) StdoutLine: {'line': b'-- Installing: /home/gowtham/crazyflie_ws/install/crazyflie_examples/local/lib/python3.10/dist-packages/crazyflie_examples-1.0.3-py3.10.egg-info/entry_points.txt\n'}
[5.136653] (crazyflie_examples) StdoutLine: {'line': b'-- Up-to-date: /home/gowtham/crazyflie_ws/install/crazyflie_examples/lib/crazyflie_examples/\n'}
[5.136835] (crazyflie_examples) StdoutLine: {'line': b'-- Installing: /home/gowtham/crazyflie_ws/install/crazyflie_examples/lib/crazyflie_examples//nice_hover\n'}
[5.137159] (crazyflie_examples) StdoutLine: {'line': b'-- Installing: /home/gowtham/crazyflie_ws/install/crazyflie_examples/lib/crazyflie_examples//group_mask\n'}
[5.137394] (crazyflie_examples) StdoutLine: {'line': b'-- Installing: /home/gowtham/crazyflie_ws/install/crazyflie_examples/lib/crazyflie_examples//set_param\n'}
[5.137641] (crazyflie_examples) StdoutLine: {'line': b'-- Installing: /home/gowtham/crazyflie_ws/install/crazyflie_examples/lib/crazyflie_examples//arming\n'}
[5.137878] (crazyflie_examples) StdoutLine: {'line': b'-- Installing: /home/gowtham/crazyflie_ws/install/crazyflie_examples/lib/crazyflie_examples//figure8\n'}
[5.138118] (crazyflie_examples) StdoutLine: {'line': b'-- Installing: /home/gowtham/crazyflie_ws/install/crazyflie_examples/lib/crazyflie_examples//hello_world\n'}
[5.138358] (crazyflie_examples) StdoutLine: {'line': b'-- Installing: /home/gowtham/crazyflie_ws/install/crazyflie_examples/lib/crazyflie_examples//cmd_full_state\n'}
[5.138601] (crazyflie_examples) StdoutLine: {'line': b'-- Installing: /home/gowtham/crazyflie_ws/install/crazyflie_examples/lib/crazyflie_examples//multi_trajectory\n'}
[5.138835] (crazyflie_examples) StdoutLine: {'line': b'-- Installing: /home/gowtham/crazyflie_ws/install/crazyflie_examples/lib/crazyflie_examples//infinite_flight\n'}
[5.139071] (crazyflie_examples) StdoutLine: {'line': b'-- Installing: /home/gowtham/crazyflie_ws/install/crazyflie_examples/lib/crazyflie_examples//goto_unicast\n'}
[5.139322] (crazyflie_examples) StdoutLine: {'line': b'-- Installing: /home/gowtham/crazyflie_ws/install/crazyflie_examples/lib/crazyflie_examples//swap\n'}
[5.139649] (crazyflie_examples) StdoutLine: {'line': b'-- Up-to-date: /home/gowtham/crazyflie_ws/install/crazyflie_examples/local/lib/python3.10/dist-packages/crazyflie_examples\n'}
[5.139791] (crazyflie_examples) StdoutLine: {'line': b'-- Up-to-date: /home/gowtham/crazyflie_ws/install/crazyflie_examples/local/lib/python3.10/dist-packages/crazyflie_examples/infinite_flight.py\n'}
[5.139893] (crazyflie_examples) StdoutLine: {'line': b'-- Up-to-date: /home/gowtham/crazyflie_ws/install/crazyflie_examples/local/lib/python3.10/dist-packages/crazyflie_examples/swap.py\n'}
[5.140021] (crazyflie_examples) StdoutLine: {'line': b'-- Up-to-date: /home/gowtham/crazyflie_ws/install/crazyflie_examples/local/lib/python3.10/dist-packages/crazyflie_examples/__init__.py\n'}
[5.140212] (crazyflie_examples) StdoutLine: {'line': b'-- Up-to-date: /home/gowtham/crazyflie_ws/install/crazyflie_examples/local/lib/python3.10/dist-packages/crazyflie_examples/goto_unicast.py\n'}
[5.140324] (crazyflie_examples) StdoutLine: {'line': b'-- Up-to-date: /home/gowtham/crazyflie_ws/install/crazyflie_examples/local/lib/python3.10/dist-packages/crazyflie_examples/cmd_full_state.py\n'}
[5.140425] (crazyflie_examples) StdoutLine: {'line': b'-- Up-to-date: /home/gowtham/crazyflie_ws/install/crazyflie_examples/local/lib/python3.10/dist-packages/crazyflie_examples/group_mask.py\n'}
[5.140592] (crazyflie_examples) StdoutLine: {'line': b'-- Up-to-date: /home/gowtham/crazyflie_ws/install/crazyflie_examples/local/lib/python3.10/dist-packages/crazyflie_examples/arming.py\n'}
[5.140705] (crazyflie_examples) StdoutLine: {'line': b'-- Up-to-date: /home/gowtham/crazyflie_ws/install/crazyflie_examples/local/lib/python3.10/dist-packages/crazyflie_examples/hello_world.py\n'}
[5.140794] (crazyflie_examples) StdoutLine: {'line': b'-- Up-to-date: /home/gowtham/crazyflie_ws/install/crazyflie_examples/local/lib/python3.10/dist-packages/crazyflie_examples/nice_hover.py\n'}
[5.140882] (crazyflie_examples) StdoutLine: {'line': b'-- Up-to-date: /home/gowtham/crazyflie_ws/install/crazyflie_examples/local/lib/python3.10/dist-packages/crazyflie_examples/multi_trajectory.py\n'}
[5.140970] (crazyflie_examples) StdoutLine: {'line': b'-- Up-to-date: /home/gowtham/crazyflie_ws/install/crazyflie_examples/local/lib/python3.10/dist-packages/crazyflie_examples/set_param.py\n'}
[5.141058] (crazyflie_examples) StdoutLine: {'line': b'-- Up-to-date: /home/gowtham/crazyflie_ws/install/crazyflie_examples/local/lib/python3.10/dist-packages/crazyflie_examples/data\n'}
[5.141145] (crazyflie_examples) StdoutLine: {'line': b'-- Up-to-date: /home/gowtham/crazyflie_ws/install/crazyflie_examples/local/lib/python3.10/dist-packages/crazyflie_examples/data/figure8.csv\n'}
[5.141231] (crazyflie_examples) StdoutLine: {'line': b'-- Up-to-date: /home/gowtham/crazyflie_ws/install/crazyflie_examples/local/lib/python3.10/dist-packages/crazyflie_examples/data/multi_trajectory\n'}
[5.141321] (crazyflie_examples) StdoutLine: {'line': b'-- Up-to-date: /home/gowtham/crazyflie_ws/install/crazyflie_examples/local/lib/python3.10/dist-packages/crazyflie_examples/data/multi_trajectory/traj1.csv\n'}
[5.141421] (crazyflie_examples) StdoutLine: {'line': b'-- Up-to-date: /home/gowtham/crazyflie_ws/install/crazyflie_examples/local/lib/python3.10/dist-packages/crazyflie_examples/data/multi_trajectory/traj0.csv\n'}
[5.141526] (crazyflie_examples) StdoutLine: {'line': b'-- Up-to-date: /home/gowtham/crazyflie_ws/install/crazyflie_examples/local/lib/python3.10/dist-packages/crazyflie_examples/figure8.py\n'}
[5.193175] (crazyflie_examples) StdoutLine: {'line': b"Listing '/home/gowtham/crazyflie_ws/install/crazyflie_examples/local/lib/python3.10/dist-packages/crazyflie_examples'...\n"}
[5.193379] (crazyflie_examples) StdoutLine: {'line': b"Listing '/home/gowtham/crazyflie_ws/install/crazyflie_examples/local/lib/python3.10/dist-packages/crazyflie_examples/data'...\n"}
[5.193455] (crazyflie_examples) StdoutLine: {'line': b"Listing '/home/gowtham/crazyflie_ws/install/crazyflie_examples/local/lib/python3.10/dist-packages/crazyflie_examples/data/multi_trajectory'...\n"}
[5.202076] (crazyflie_examples) StdoutLine: {'line': b'-- Up-to-date: /home/gowtham/crazyflie_ws/install/crazyflie_examples/share/crazyflie_examples//config\n'}
[5.202378] (crazyflie_examples) StdoutLine: {'line': b'-- Up-to-date: /home/gowtham/crazyflie_ws/install/crazyflie_examples/share/crazyflie_examples//config/nav2_view.rviz\n'}
[5.202530] (crazyflie_examples) StdoutLine: {'line': b'-- Up-to-date: /home/gowtham/crazyflie_ws/install/crazyflie_examples/share/crazyflie_examples//config/slam_params.yaml\n'}
[5.202829] (crazyflie_examples) StdoutLine: {'line': b'-- Up-to-date: /home/gowtham/crazyflie_ws/install/crazyflie_examples/share/crazyflie_examples//config/nav2_params.yaml\n'}
[5.202973] (crazyflie_examples) StdoutLine: {'line': b'-- Up-to-date: /home/gowtham/crazyflie_ws/install/crazyflie_examples/share/crazyflie_examples//data\n'}
[5.203105] (crazyflie_examples) StdoutLine: {'line': b'-- Up-to-date: /home/gowtham/crazyflie_ws/install/crazyflie_examples/share/crazyflie_examples//data/map.posegraph\n'}
[5.203229] (crazyflie_examples) StdoutLine: {'line': b'-- Up-to-date: /home/gowtham/crazyflie_ws/install/crazyflie_examples/share/crazyflie_examples//data/map.pgm\n'}
[5.203349] (crazyflie_examples) StdoutLine: {'line': b'-- Up-to-date: /home/gowtham/crazyflie_ws/install/crazyflie_examples/share/crazyflie_examples//data/map.yaml\n'}
[5.203473] (crazyflie_examples) StdoutLine: {'line': b'-- Up-to-date: /home/gowtham/crazyflie_ws/install/crazyflie_examples/share/crazyflie_examples//data/map.data\n'}
[5.203715] (crazyflie_examples) StdoutLine: {'line': b'-- Up-to-date: /home/gowtham/crazyflie_ws/install/crazyflie_examples/share/crazyflie_examples//launch\n'}
[5.203916] (crazyflie_examples) StdoutLine: {'line': b'-- Up-to-date: /home/gowtham/crazyflie_ws/install/crazyflie_examples/share/crazyflie_examples//launch/multiranger_simple_mapper_launch.py\n'}
[5.204071] (crazyflie_examples) StdoutLine: {'line': b'-- Up-to-date: /home/gowtham/crazyflie_ws/install/crazyflie_examples/share/crazyflie_examples//launch/multiranger_nav2_launch.py\n'}
[5.204374] (crazyflie_examples) StdoutLine: {'line': b'-- Up-to-date: /home/gowtham/crazyflie_ws/install/crazyflie_examples/share/crazyflie_examples//launch/launch.py\n'}
[5.204695] (crazyflie_examples) StdoutLine: {'line': b'-- Up-to-date: /home/gowtham/crazyflie_ws/install/crazyflie_examples/share/crazyflie_examples//launch/multiranger_mapping_launch.py\n'}
[5.204951] (crazyflie_examples) StdoutLine: {'line': b'-- Up-to-date: /home/gowtham/crazyflie_ws/install/crazyflie_examples/share/crazyflie_examples//launch/keyboard_velmux_launch.py\n'}
[5.205207] (crazyflie_examples) StdoutLine: {'line': b'-- Up-to-date: /home/gowtham/crazyflie_ws/install/crazyflie_examples/share/ament_index/resource_index/package_run_dependencies/crazyflie_examples\n'}
[5.205436] (crazyflie_examples) StdoutLine: {'line': b'-- Up-to-date: /home/gowtham/crazyflie_ws/install/crazyflie_examples/share/ament_index/resource_index/parent_prefix_path/crazyflie_examples\n'}
[5.205701] (crazyflie_examples) StdoutLine: {'line': b'-- Up-to-date: /home/gowtham/crazyflie_ws/install/crazyflie_examples/share/crazyflie_examples/environment/ament_prefix_path.sh\n'}
[5.205943] (crazyflie_examples) StdoutLine: {'line': b'-- Up-to-date: /home/gowtham/crazyflie_ws/install/crazyflie_examples/share/crazyflie_examples/environment/ament_prefix_path.dsv\n'}
[5.206538] (crazyflie_examples) StdoutLine: {'line': b'-- Up-to-date: /home/gowtham/crazyflie_ws/install/crazyflie_examples/share/crazyflie_examples/environment/path.sh\n'}
[5.206820] (crazyflie_examples) StdoutLine: {'line': b'-- Up-to-date: /home/gowtham/crazyflie_ws/install/crazyflie_examples/share/crazyflie_examples/environment/path.dsv\n'}
[5.207057] (crazyflie_examples) StdoutLine: {'line': b'-- Up-to-date: /home/gowtham/crazyflie_ws/install/crazyflie_examples/share/crazyflie_examples/local_setup.bash\n'}
[5.207219] (crazyflie_examples) StdoutLine: {'line': b'-- Up-to-date: /home/gowtham/crazyflie_ws/install/crazyflie_examples/share/crazyflie_examples/local_setup.sh\n'}
[5.207336] (crazyflie_examples) StdoutLine: {'line': b'-- Up-to-date: /home/gowtham/crazyflie_ws/install/crazyflie_examples/share/crazyflie_examples/local_setup.zsh\n'}
[5.207461] (crazyflie_examples) StdoutLine: {'line': b'-- Up-to-date: /home/gowtham/crazyflie_ws/install/crazyflie_examples/share/crazyflie_examples/local_setup.dsv\n'}
[5.207639] (crazyflie_examples) StdoutLine: {'line': b'-- Installing: /home/gowtham/crazyflie_ws/install/crazyflie_examples/share/crazyflie_examples/package.dsv\n'}
[5.207774] (crazyflie_examples) StdoutLine: {'line': b'-- Up-to-date: /home/gowtham/crazyflie_ws/install/crazyflie_examples/share/ament_index/resource_index/packages/crazyflie_examples\n'}
[5.207897] (crazyflie_examples) StdoutLine: {'line': b'-- Up-to-date: /home/gowtham/crazyflie_ws/install/crazyflie_examples/share/crazyflie_examples/cmake/crazyflie_examplesConfig.cmake\n'}
[5.208013] (crazyflie_examples) StdoutLine: {'line': b'-- Up-to-date: /home/gowtham/crazyflie_ws/install/crazyflie_examples/share/crazyflie_examples/cmake/crazyflie_examplesConfig-version.cmake\n'}
[5.208120] (crazyflie_examples) StdoutLine: {'line': b'-- Up-to-date: /home/gowtham/crazyflie_ws/install/crazyflie_examples/share/crazyflie_examples/package.xml\n'}
[5.211245] (crazyflie_examples) CommandEnded: {'returncode': 0}
[5.226038] (crazyflie_examples) JobEnded: {'identifier': 'crazyflie_examples', 'rc': 0}
[5.226951] (-) EventReactorShutdown: {}
