[0.155s] DEBUG:colcon:Command line arguments: ['/usr/bin/colcon', 'build', '--symlink-install', '--packages-select', 'central_swarm_control']
[0.155s] DEBUG:colcon:Parsed command line arguments: Namespace(log_base=None, log_level=None, verb_name='build', build_base='build', install_base='install', merge_install=False, symlink_install=True, test_result_base=None, continue_on_error=False, executor='parallel', parallel_workers=4, event_handlers=None, ignore_user_meta=False, metas=['./colcon.meta'], base_paths=['.'], packages_ignore=None, packages_ignore_regex=None, paths=None, packages_up_to=None, packages_up_to_regex=None, packages_above=None, packages_above_and_dependencies=None, packages_above_depth=None, packages_select_by_dep=None, packages_skip_by_dep=None, packages_skip_up_to=None, packages_select_build_failed=False, packages_skip_build_finished=False, packages_select_test_failures=False, packages_skip_test_passed=False, packages_select=['central_swarm_control'], packages_skip=None, packages_select_regex=None, packages_skip_regex=None, packages_start=None, packages_end=None, allow_overriding=[], cmake_args=None, cmake_target=None, cmake_target_skip_unavailable=False, cmake_clean_cache=False, cmake_clean_first=False, cmake_force_configure=False, ament_cmake_args=None, catkin_cmake_args=None, catkin_skip_building_tests=False, mixin_files=None, mixin=None, verb_parser=<colcon_mixin.mixin.mixin_argument.MixinArgumentDecorator object at 0x7b46a66506a0>, verb_extension=<colcon_core.verb.build.BuildVerb object at 0x7b46a660ff40>, main=<bound method BuildVerb.main of <colcon_core.verb.build.BuildVerb object at 0x7b46a660ff40>>, mixin_verb=('build',))
[0.441s] Level 1:colcon.colcon_core.package_discovery:discover_packages(colcon_meta) check parameters
[0.441s] Level 1:colcon.colcon_core.package_discovery:discover_packages(recursive) check parameters
[0.442s] Level 1:colcon.colcon_core.package_discovery:discover_packages(ignore) check parameters
[0.442s] Level 1:colcon.colcon_core.package_discovery:discover_packages(path) check parameters
[0.442s] Level 1:colcon.colcon_core.package_discovery:discover_packages(colcon_meta) discover
[0.442s] Level 1:colcon.colcon_core.package_discovery:discover_packages(recursive) discover
[0.442s] INFO:colcon.colcon_core.package_discovery:Crawling recursively for packages in '/home/gowtham/crazyflie_ws'
[0.442s] Level 1:colcon.colcon_core.package_identification:_identify(.) by extensions ['ignore', 'ignore_ament_install']
[0.442s] Level 1:colcon.colcon_core.package_identification:_identify(.) by extension 'ignore'
[0.442s] Level 1:colcon.colcon_core.package_identification:_identify(.) by extension 'ignore_ament_install'
[0.442s] Level 1:colcon.colcon_core.package_identification:_identify(.) by extensions ['colcon_pkg']
[0.442s] Level 1:colcon.colcon_core.package_identification:_identify(.) by extension 'colcon_pkg'
[0.442s] Level 1:colcon.colcon_core.package_identification:_identify(.) by extensions ['colcon_meta']
[0.442s] Level 1:colcon.colcon_core.package_identification:_identify(.) by extension 'colcon_meta'
[0.443s] Level 1:colcon.colcon_core.package_identification:_identify(.) by extensions ['ros']
[0.443s] Level 1:colcon.colcon_core.package_identification:_identify(.) by extension 'ros'
[0.521s] Level 1:colcon.colcon_core.package_identification:_identify(.) by extensions ['cmake', 'python']
[0.521s] Level 1:colcon.colcon_core.package_identification:_identify(.) by extension 'cmake'
[0.521s] Level 1:colcon.colcon_core.package_identification:_identify(.) by extension 'python'
[0.521s] Level 1:colcon.colcon_core.package_identification:_identify(.) by extensions ['python_setup_py']
[0.521s] Level 1:colcon.colcon_core.package_identification:_identify(.) by extension 'python_setup_py'
[0.522s] Level 1:colcon.colcon_core.package_identification:_identify(build) by extensions ['ignore', 'ignore_ament_install']
[0.522s] Level 1:colcon.colcon_core.package_identification:_identify(build) by extension 'ignore'
[0.522s] Level 1:colcon.colcon_core.package_identification:_identify(build) ignored
[0.522s] Level 1:colcon.colcon_core.package_identification:_identify(experiment_logs) by extensions ['ignore', 'ignore_ament_install']
[0.522s] Level 1:colcon.colcon_core.package_identification:_identify(experiment_logs) by extension 'ignore'
[0.523s] Level 1:colcon.colcon_core.package_identification:_identify(experiment_logs) by extension 'ignore_ament_install'
[0.523s] Level 1:colcon.colcon_core.package_identification:_identify(experiment_logs) by extensions ['colcon_pkg']
[0.523s] Level 1:colcon.colcon_core.package_identification:_identify(experiment_logs) by extension 'colcon_pkg'
[0.523s] Level 1:colcon.colcon_core.package_identification:_identify(experiment_logs) by extensions ['colcon_meta']
[0.523s] Level 1:colcon.colcon_core.package_identification:_identify(experiment_logs) by extension 'colcon_meta'
[0.523s] Level 1:colcon.colcon_core.package_identification:_identify(experiment_logs) by extensions ['ros']
[0.523s] Level 1:colcon.colcon_core.package_identification:_identify(experiment_logs) by extension 'ros'
[0.523s] Level 1:colcon.colcon_core.package_identification:_identify(experiment_logs) by extensions ['cmake', 'python']
[0.524s] Level 1:colcon.colcon_core.package_identification:_identify(experiment_logs) by extension 'cmake'
[0.524s] Level 1:colcon.colcon_core.package_identification:_identify(experiment_logs) by extension 'python'
[0.524s] Level 1:colcon.colcon_core.package_identification:_identify(experiment_logs) by extensions ['python_setup_py']
[0.524s] Level 1:colcon.colcon_core.package_identification:_identify(experiment_logs) by extension 'python_setup_py'
[0.524s] Level 1:colcon.colcon_core.package_identification:_identify(experiment_logs/A1_abrupt_health_0.7) by extensions ['ignore', 'ignore_ament_install']
[0.524s] Level 1:colcon.colcon_core.package_identification:_identify(experiment_logs/A1_abrupt_health_0.7) by extension 'ignore'
[0.524s] Level 1:colcon.colcon_core.package_identification:_identify(experiment_logs/A1_abrupt_health_0.7) by extension 'ignore_ament_install'
[0.525s] Level 1:colcon.colcon_core.package_identification:_identify(experiment_logs/A1_abrupt_health_0.7) by extensions ['colcon_pkg']
[0.525s] Level 1:colcon.colcon_core.package_identification:_identify(experiment_logs/A1_abrupt_health_0.7) by extension 'colcon_pkg'
[0.525s] Level 1:colcon.colcon_core.package_identification:_identify(experiment_logs/A1_abrupt_health_0.7) by extensions ['colcon_meta']
[0.525s] Level 1:colcon.colcon_core.package_identification:_identify(experiment_logs/A1_abrupt_health_0.7) by extension 'colcon_meta'
[0.525s] Level 1:colcon.colcon_core.package_identification:_identify(experiment_logs/A1_abrupt_health_0.7) by extensions ['ros']
[0.525s] Level 1:colcon.colcon_core.package_identification:_identify(experiment_logs/A1_abrupt_health_0.7) by extension 'ros'
[0.525s] Level 1:colcon.colcon_core.package_identification:_identify(experiment_logs/A1_abrupt_health_0.7) by extensions ['cmake', 'python']
[0.526s] Level 1:colcon.colcon_core.package_identification:_identify(experiment_logs/A1_abrupt_health_0.7) by extension 'cmake'
[0.526s] Level 1:colcon.colcon_core.package_identification:_identify(experiment_logs/A1_abrupt_health_0.7) by extension 'python'
[0.526s] Level 1:colcon.colcon_core.package_identification:_identify(experiment_logs/A1_abrupt_health_0.7) by extensions ['python_setup_py']
[0.526s] Level 1:colcon.colcon_core.package_identification:_identify(experiment_logs/A1_abrupt_health_0.7) by extension 'python_setup_py'
[0.526s] Level 1:colcon.colcon_core.package_identification:_identify(experiment_logs/A1_abrupt_health_0.7/run_1) by extensions ['ignore', 'ignore_ament_install']
[0.526s] Level 1:colcon.colcon_core.package_identification:_identify(experiment_logs/A1_abrupt_health_0.7/run_1) by extension 'ignore'
[0.527s] Level 1:colcon.colcon_core.package_identification:_identify(experiment_logs/A1_abrupt_health_0.7/run_1) by extension 'ignore_ament_install'
[0.527s] Level 1:colcon.colcon_core.package_identification:_identify(experiment_logs/A1_abrupt_health_0.7/run_1) by extensions ['colcon_pkg']
[0.527s] Level 1:colcon.colcon_core.package_identification:_identify(experiment_logs/A1_abrupt_health_0.7/run_1) by extension 'colcon_pkg'
[0.527s] Level 1:colcon.colcon_core.package_identification:_identify(experiment_logs/A1_abrupt_health_0.7/run_1) by extensions ['colcon_meta']
[0.527s] Level 1:colcon.colcon_core.package_identification:_identify(experiment_logs/A1_abrupt_health_0.7/run_1) by extension 'colcon_meta'
[0.527s] Level 1:colcon.colcon_core.package_identification:_identify(experiment_logs/A1_abrupt_health_0.7/run_1) by extensions ['ros']
[0.527s] Level 1:colcon.colcon_core.package_identification:_identify(experiment_logs/A1_abrupt_health_0.7/run_1) by extension 'ros'
[0.527s] Level 1:colcon.colcon_core.package_identification:_identify(experiment_logs/A1_abrupt_health_0.7/run_1) by extensions ['cmake', 'python']
[0.527s] Level 1:colcon.colcon_core.package_identification:_identify(experiment_logs/A1_abrupt_health_0.7/run_1) by extension 'cmake'
[0.528s] Level 1:colcon.colcon_core.package_identification:_identify(experiment_logs/A1_abrupt_health_0.7/run_1) by extension 'python'
[0.528s] Level 1:colcon.colcon_core.package_identification:_identify(experiment_logs/A1_abrupt_health_0.7/run_1) by extensions ['python_setup_py']
[0.528s] Level 1:colcon.colcon_core.package_identification:_identify(experiment_logs/A1_abrupt_health_0.7/run_1) by extension 'python_setup_py'
[0.528s] Level 1:colcon.colcon_core.package_identification:_identify(experiment_logs/A1_abrupt_health_0.7/run_2) by extensions ['ignore', 'ignore_ament_install']
[0.528s] Level 1:colcon.colcon_core.package_identification:_identify(experiment_logs/A1_abrupt_health_0.7/run_2) by extension 'ignore'
[0.528s] Level 1:colcon.colcon_core.package_identification:_identify(experiment_logs/A1_abrupt_health_0.7/run_2) by extension 'ignore_ament_install'
[0.529s] Level 1:colcon.colcon_core.package_identification:_identify(experiment_logs/A1_abrupt_health_0.7/run_2) by extensions ['colcon_pkg']
[0.529s] Level 1:colcon.colcon_core.package_identification:_identify(experiment_logs/A1_abrupt_health_0.7/run_2) by extension 'colcon_pkg'
[0.529s] Level 1:colcon.colcon_core.package_identification:_identify(experiment_logs/A1_abrupt_health_0.7/run_2) by extensions ['colcon_meta']
[0.529s] Level 1:colcon.colcon_core.package_identification:_identify(experiment_logs/A1_abrupt_health_0.7/run_2) by extension 'colcon_meta'
[0.529s] Level 1:colcon.colcon_core.package_identification:_identify(experiment_logs/A1_abrupt_health_0.7/run_2) by extensions ['ros']
[0.529s] Level 1:colcon.colcon_core.package_identification:_identify(experiment_logs/A1_abrupt_health_0.7/run_2) by extension 'ros'
[0.529s] Level 1:colcon.colcon_core.package_identification:_identify(experiment_logs/A1_abrupt_health_0.7/run_2) by extensions ['cmake', 'python']
[0.529s] Level 1:colcon.colcon_core.package_identification:_identify(experiment_logs/A1_abrupt_health_0.7/run_2) by extension 'cmake'
[0.529s] Level 1:colcon.colcon_core.package_identification:_identify(experiment_logs/A1_abrupt_health_0.7/run_2) by extension 'python'
[0.530s] Level 1:colcon.colcon_core.package_identification:_identify(experiment_logs/A1_abrupt_health_0.7/run_2) by extensions ['python_setup_py']
[0.530s] Level 1:colcon.colcon_core.package_identification:_identify(experiment_logs/A1_abrupt_health_0.7/run_2) by extension 'python_setup_py'
[0.530s] Level 1:colcon.colcon_core.package_identification:_identify(experiment_logs/A1_abrupt_health_0.7/run_3) by extensions ['ignore', 'ignore_ament_install']
[0.530s] Level 1:colcon.colcon_core.package_identification:_identify(experiment_logs/A1_abrupt_health_0.7/run_3) by extension 'ignore'
[0.530s] Level 1:colcon.colcon_core.package_identification:_identify(experiment_logs/A1_abrupt_health_0.7/run_3) by extension 'ignore_ament_install'
[0.531s] Level 1:colcon.colcon_core.package_identification:_identify(experiment_logs/A1_abrupt_health_0.7/run_3) by extensions ['colcon_pkg']
[0.531s] Level 1:colcon.colcon_core.package_identification:_identify(experiment_logs/A1_abrupt_health_0.7/run_3) by extension 'colcon_pkg'
[0.531s] Level 1:colcon.colcon_core.package_identification:_identify(experiment_logs/A1_abrupt_health_0.7/run_3) by extensions ['colcon_meta']
[0.531s] Level 1:colcon.colcon_core.package_identification:_identify(experiment_logs/A1_abrupt_health_0.7/run_3) by extension 'colcon_meta'
[0.531s] Level 1:colcon.colcon_core.package_identification:_identify(experiment_logs/A1_abrupt_health_0.7/run_3) by extensions ['ros']
[0.531s] Level 1:colcon.colcon_core.package_identification:_identify(experiment_logs/A1_abrupt_health_0.7/run_3) by extension 'ros'
[0.531s] Level 1:colcon.colcon_core.package_identification:_identify(experiment_logs/A1_abrupt_health_0.7/run_3) by extensions ['cmake', 'python']
[0.531s] Level 1:colcon.colcon_core.package_identification:_identify(experiment_logs/A1_abrupt_health_0.7/run_3) by extension 'cmake'
[0.532s] Level 1:colcon.colcon_core.package_identification:_identify(experiment_logs/A1_abrupt_health_0.7/run_3) by extension 'python'
[0.532s] Level 1:colcon.colcon_core.package_identification:_identify(experiment_logs/A1_abrupt_health_0.7/run_3) by extensions ['python_setup_py']
[0.532s] Level 1:colcon.colcon_core.package_identification:_identify(experiment_logs/A1_abrupt_health_0.7/run_3) by extension 'python_setup_py'
[0.532s] Level 1:colcon.colcon_core.package_identification:_identify(experiment_logs/A2_abrupt_health_0.5) by extensions ['ignore', 'ignore_ament_install']
[0.532s] Level 1:colcon.colcon_core.package_identification:_identify(experiment_logs/A2_abrupt_health_0.5) by extension 'ignore'
[0.533s] Level 1:colcon.colcon_core.package_identification:_identify(experiment_logs/A2_abrupt_health_0.5) by extension 'ignore_ament_install'
[0.533s] Level 1:colcon.colcon_core.package_identification:_identify(experiment_logs/A2_abrupt_health_0.5) by extensions ['colcon_pkg']
[0.533s] Level 1:colcon.colcon_core.package_identification:_identify(experiment_logs/A2_abrupt_health_0.5) by extension 'colcon_pkg'
[0.533s] Level 1:colcon.colcon_core.package_identification:_identify(experiment_logs/A2_abrupt_health_0.5) by extensions ['colcon_meta']
[0.533s] Level 1:colcon.colcon_core.package_identification:_identify(experiment_logs/A2_abrupt_health_0.5) by extension 'colcon_meta'
[0.534s] Level 1:colcon.colcon_core.package_identification:_identify(experiment_logs/A2_abrupt_health_0.5) by extensions ['ros']
[0.534s] Level 1:colcon.colcon_core.package_identification:_identify(experiment_logs/A2_abrupt_health_0.5) by extension 'ros'
[0.534s] Level 1:colcon.colcon_core.package_identification:_identify(experiment_logs/A2_abrupt_health_0.5) by extensions ['cmake', 'python']
[0.534s] Level 1:colcon.colcon_core.package_identification:_identify(experiment_logs/A2_abrupt_health_0.5) by extension 'cmake'
[0.534s] Level 1:colcon.colcon_core.package_identification:_identify(experiment_logs/A2_abrupt_health_0.5) by extension 'python'
[0.534s] Level 1:colcon.colcon_core.package_identification:_identify(experiment_logs/A2_abrupt_health_0.5) by extensions ['python_setup_py']
[0.534s] Level 1:colcon.colcon_core.package_identification:_identify(experiment_logs/A2_abrupt_health_0.5) by extension 'python_setup_py'
[0.535s] Level 1:colcon.colcon_core.package_identification:_identify(experiment_logs/A2_abrupt_health_0.5/run_1) by extensions ['ignore', 'ignore_ament_install']
[0.535s] Level 1:colcon.colcon_core.package_identification:_identify(experiment_logs/A2_abrupt_health_0.5/run_1) by extension 'ignore'
[0.535s] Level 1:colcon.colcon_core.package_identification:_identify(experiment_logs/A2_abrupt_health_0.5/run_1) by extension 'ignore_ament_install'
[0.535s] Level 1:colcon.colcon_core.package_identification:_identify(experiment_logs/A2_abrupt_health_0.5/run_1) by extensions ['colcon_pkg']
[0.535s] Level 1:colcon.colcon_core.package_identification:_identify(experiment_logs/A2_abrupt_health_0.5/run_1) by extension 'colcon_pkg'
[0.535s] Level 1:colcon.colcon_core.package_identification:_identify(experiment_logs/A2_abrupt_health_0.5/run_1) by extensions ['colcon_meta']
[0.535s] Level 1:colcon.colcon_core.package_identification:_identify(experiment_logs/A2_abrupt_health_0.5/run_1) by extension 'colcon_meta'
[0.536s] Level 1:colcon.colcon_core.package_identification:_identify(experiment_logs/A2_abrupt_health_0.5/run_1) by extensions ['ros']
[0.536s] Level 1:colcon.colcon_core.package_identification:_identify(experiment_logs/A2_abrupt_health_0.5/run_1) by extension 'ros'
[0.536s] Level 1:colcon.colcon_core.package_identification:_identify(experiment_logs/A2_abrupt_health_0.5/run_1) by extensions ['cmake', 'python']
[0.536s] Level 1:colcon.colcon_core.package_identification:_identify(experiment_logs/A2_abrupt_health_0.5/run_1) by extension 'cmake'
[0.536s] Level 1:colcon.colcon_core.package_identification:_identify(experiment_logs/A2_abrupt_health_0.5/run_1) by extension 'python'
[0.536s] Level 1:colcon.colcon_core.package_identification:_identify(experiment_logs/A2_abrupt_health_0.5/run_1) by extensions ['python_setup_py']
[0.536s] Level 1:colcon.colcon_core.package_identification:_identify(experiment_logs/A2_abrupt_health_0.5/run_1) by extension 'python_setup_py'
[0.537s] Level 1:colcon.colcon_core.package_identification:_identify(experiment_logs/A2_abrupt_health_0.5/run_2) by extensions ['ignore', 'ignore_ament_install']
[0.537s] Level 1:colcon.colcon_core.package_identification:_identify(experiment_logs/A2_abrupt_health_0.5/run_2) by extension 'ignore'
[0.537s] Level 1:colcon.colcon_core.package_identification:_identify(experiment_logs/A2_abrupt_health_0.5/run_2) by extension 'ignore_ament_install'
[0.537s] Level 1:colcon.colcon_core.package_identification:_identify(experiment_logs/A2_abrupt_health_0.5/run_2) by extensions ['colcon_pkg']
[0.537s] Level 1:colcon.colcon_core.package_identification:_identify(experiment_logs/A2_abrupt_health_0.5/run_2) by extension 'colcon_pkg'
[0.537s] Level 1:colcon.colcon_core.package_identification:_identify(experiment_logs/A2_abrupt_health_0.5/run_2) by extensions ['colcon_meta']
[0.537s] Level 1:colcon.colcon_core.package_identification:_identify(experiment_logs/A2_abrupt_health_0.5/run_2) by extension 'colcon_meta'
[0.538s] Level 1:colcon.colcon_core.package_identification:_identify(experiment_logs/A2_abrupt_health_0.5/run_2) by extensions ['ros']
[0.538s] Level 1:colcon.colcon_core.package_identification:_identify(experiment_logs/A2_abrupt_health_0.5/run_2) by extension 'ros'
[0.538s] Level 1:colcon.colcon_core.package_identification:_identify(experiment_logs/A2_abrupt_health_0.5/run_2) by extensions ['cmake', 'python']
[0.538s] Level 1:colcon.colcon_core.package_identification:_identify(experiment_logs/A2_abrupt_health_0.5/run_2) by extension 'cmake'
[0.538s] Level 1:colcon.colcon_core.package_identification:_identify(experiment_logs/A2_abrupt_health_0.5/run_2) by extension 'python'
[0.538s] Level 1:colcon.colcon_core.package_identification:_identify(experiment_logs/A2_abrupt_health_0.5/run_2) by extensions ['python_setup_py']
[0.538s] Level 1:colcon.colcon_core.package_identification:_identify(experiment_logs/A2_abrupt_health_0.5/run_2) by extension 'python_setup_py'
[0.539s] Level 1:colcon.colcon_core.package_identification:_identify(experiment_logs/A2_abrupt_health_0.5/run_3) by extensions ['ignore', 'ignore_ament_install']
[0.539s] Level 1:colcon.colcon_core.package_identification:_identify(experiment_logs/A2_abrupt_health_0.5/run_3) by extension 'ignore'
[0.539s] Level 1:colcon.colcon_core.package_identification:_identify(experiment_logs/A2_abrupt_health_0.5/run_3) by extension 'ignore_ament_install'
[0.539s] Level 1:colcon.colcon_core.package_identification:_identify(experiment_logs/A2_abrupt_health_0.5/run_3) by extensions ['colcon_pkg']
[0.539s] Level 1:colcon.colcon_core.package_identification:_identify(experiment_logs/A2_abrupt_health_0.5/run_3) by extension 'colcon_pkg'
[0.539s] Level 1:colcon.colcon_core.package_identification:_identify(experiment_logs/A2_abrupt_health_0.5/run_3) by extensions ['colcon_meta']
[0.539s] Level 1:colcon.colcon_core.package_identification:_identify(experiment_logs/A2_abrupt_health_0.5/run_3) by extension 'colcon_meta'
[0.540s] Level 1:colcon.colcon_core.package_identification:_identify(experiment_logs/A2_abrupt_health_0.5/run_3) by extensions ['ros']
[0.540s] Level 1:colcon.colcon_core.package_identification:_identify(experiment_logs/A2_abrupt_health_0.5/run_3) by extension 'ros'
[0.540s] Level 1:colcon.colcon_core.package_identification:_identify(experiment_logs/A2_abrupt_health_0.5/run_3) by extensions ['cmake', 'python']
[0.540s] Level 1:colcon.colcon_core.package_identification:_identify(experiment_logs/A2_abrupt_health_0.5/run_3) by extension 'cmake'
[0.540s] Level 1:colcon.colcon_core.package_identification:_identify(experiment_logs/A2_abrupt_health_0.5/run_3) by extension 'python'
[0.540s] Level 1:colcon.colcon_core.package_identification:_identify(experiment_logs/A2_abrupt_health_0.5/run_3) by extensions ['python_setup_py']
[0.540s] Level 1:colcon.colcon_core.package_identification:_identify(experiment_logs/A2_abrupt_health_0.5/run_3) by extension 'python_setup_py'
[0.541s] Level 1:colcon.colcon_core.package_identification:_identify(experiment_logs/A3_abrupt_health_0.3) by extensions ['ignore', 'ignore_ament_install']
[0.541s] Level 1:colcon.colcon_core.package_identification:_identify(experiment_logs/A3_abrupt_health_0.3) by extension 'ignore'
[0.541s] Level 1:colcon.colcon_core.package_identification:_identify(experiment_logs/A3_abrupt_health_0.3) by extension 'ignore_ament_install'
[0.541s] Level 1:colcon.colcon_core.package_identification:_identify(experiment_logs/A3_abrupt_health_0.3) by extensions ['colcon_pkg']
[0.541s] Level 1:colcon.colcon_core.package_identification:_identify(experiment_logs/A3_abrupt_health_0.3) by extension 'colcon_pkg'
[0.541s] Level 1:colcon.colcon_core.package_identification:_identify(experiment_logs/A3_abrupt_health_0.3) by extensions ['colcon_meta']
[0.541s] Level 1:colcon.colcon_core.package_identification:_identify(experiment_logs/A3_abrupt_health_0.3) by extension 'colcon_meta'
[0.542s] Level 1:colcon.colcon_core.package_identification:_identify(experiment_logs/A3_abrupt_health_0.3) by extensions ['ros']
[0.542s] Level 1:colcon.colcon_core.package_identification:_identify(experiment_logs/A3_abrupt_health_0.3) by extension 'ros'
[0.542s] Level 1:colcon.colcon_core.package_identification:_identify(experiment_logs/A3_abrupt_health_0.3) by extensions ['cmake', 'python']
[0.542s] Level 1:colcon.colcon_core.package_identification:_identify(experiment_logs/A3_abrupt_health_0.3) by extension 'cmake'
[0.542s] Level 1:colcon.colcon_core.package_identification:_identify(experiment_logs/A3_abrupt_health_0.3) by extension 'python'
[0.542s] Level 1:colcon.colcon_core.package_identification:_identify(experiment_logs/A3_abrupt_health_0.3) by extensions ['python_setup_py']
[0.542s] Level 1:colcon.colcon_core.package_identification:_identify(experiment_logs/A3_abrupt_health_0.3) by extension 'python_setup_py'
[0.542s] Level 1:colcon.colcon_core.package_identification:_identify(experiment_logs/A3_abrupt_health_0.3/run_1) by extensions ['ignore', 'ignore_ament_install']
[0.542s] Level 1:colcon.colcon_core.package_identification:_identify(experiment_logs/A3_abrupt_health_0.3/run_1) by extension 'ignore'
[0.543s] Level 1:colcon.colcon_core.package_identification:_identify(experiment_logs/A3_abrupt_health_0.3/run_1) by extension 'ignore_ament_install'
[0.543s] Level 1:colcon.colcon_core.package_identification:_identify(experiment_logs/A3_abrupt_health_0.3/run_1) by extensions ['colcon_pkg']
[0.543s] Level 1:colcon.colcon_core.package_identification:_identify(experiment_logs/A3_abrupt_health_0.3/run_1) by extension 'colcon_pkg'
[0.543s] Level 1:colcon.colcon_core.package_identification:_identify(experiment_logs/A3_abrupt_health_0.3/run_1) by extensions ['colcon_meta']
[0.543s] Level 1:colcon.colcon_core.package_identification:_identify(experiment_logs/A3_abrupt_health_0.3/run_1) by extension 'colcon_meta'
[0.543s] Level 1:colcon.colcon_core.package_identification:_identify(experiment_logs/A3_abrupt_health_0.3/run_1) by extensions ['ros']
[0.543s] Level 1:colcon.colcon_core.package_identification:_identify(experiment_logs/A3_abrupt_health_0.3/run_1) by extension 'ros'
[0.543s] Level 1:colcon.colcon_core.package_identification:_identify(experiment_logs/A3_abrupt_health_0.3/run_1) by extensions ['cmake', 'python']
[0.543s] Level 1:colcon.colcon_core.package_identification:_identify(experiment_logs/A3_abrupt_health_0.3/run_1) by extension 'cmake'
[0.543s] Level 1:colcon.colcon_core.package_identification:_identify(experiment_logs/A3_abrupt_health_0.3/run_1) by extension 'python'
[0.544s] Level 1:colcon.colcon_core.package_identification:_identify(experiment_logs/A3_abrupt_health_0.3/run_1) by extensions ['python_setup_py']
[0.544s] Level 1:colcon.colcon_core.package_identification:_identify(experiment_logs/A3_abrupt_health_0.3/run_1) by extension 'python_setup_py'
[0.544s] Level 1:colcon.colcon_core.package_identification:_identify(experiment_logs/A3_abrupt_health_0.3/run_2) by extensions ['ignore', 'ignore_ament_install']
[0.544s] Level 1:colcon.colcon_core.package_identification:_identify(experiment_logs/A3_abrupt_health_0.3/run_2) by extension 'ignore'
[0.544s] Level 1:colcon.colcon_core.package_identification:_identify(experiment_logs/A3_abrupt_health_0.3/run_2) by extension 'ignore_ament_install'
[0.544s] Level 1:colcon.colcon_core.package_identification:_identify(experiment_logs/A3_abrupt_health_0.3/run_2) by extensions ['colcon_pkg']
[0.544s] Level 1:colcon.colcon_core.package_identification:_identify(experiment_logs/A3_abrupt_health_0.3/run_2) by extension 'colcon_pkg'
[0.545s] Level 1:colcon.colcon_core.package_identification:_identify(experiment_logs/A3_abrupt_health_0.3/run_2) by extensions ['colcon_meta']
[0.545s] Level 1:colcon.colcon_core.package_identification:_identify(experiment_logs/A3_abrupt_health_0.3/run_2) by extension 'colcon_meta'
[0.545s] Level 1:colcon.colcon_core.package_identification:_identify(experiment_logs/A3_abrupt_health_0.3/run_2) by extensions ['ros']
[0.545s] Level 1:colcon.colcon_core.package_identification:_identify(experiment_logs/A3_abrupt_health_0.3/run_2) by extension 'ros'
[0.545s] Level 1:colcon.colcon_core.package_identification:_identify(experiment_logs/A3_abrupt_health_0.3/run_2) by extensions ['cmake', 'python']
[0.545s] Level 1:colcon.colcon_core.package_identification:_identify(experiment_logs/A3_abrupt_health_0.3/run_2) by extension 'cmake'
[0.545s] Level 1:colcon.colcon_core.package_identification:_identify(experiment_logs/A3_abrupt_health_0.3/run_2) by extension 'python'
[0.546s] Level 1:colcon.colcon_core.package_identification:_identify(experiment_logs/A3_abrupt_health_0.3/run_2) by extensions ['python_setup_py']
[0.546s] Level 1:colcon.colcon_core.package_identification:_identify(experiment_logs/A3_abrupt_health_0.3/run_2) by extension 'python_setup_py'
[0.546s] Level 1:colcon.colcon_core.package_identification:_identify(experiment_logs/A3_abrupt_health_0.3/run_3) by extensions ['ignore', 'ignore_ament_install']
[0.546s] Level 1:colcon.colcon_core.package_identification:_identify(experiment_logs/A3_abrupt_health_0.3/run_3) by extension 'ignore'
[0.546s] Level 1:colcon.colcon_core.package_identification:_identify(experiment_logs/A3_abrupt_health_0.3/run_3) by extension 'ignore_ament_install'
[0.546s] Level 1:colcon.colcon_core.package_identification:_identify(experiment_logs/A3_abrupt_health_0.3/run_3) by extensions ['colcon_pkg']
[0.547s] Level 1:colcon.colcon_core.package_identification:_identify(experiment_logs/A3_abrupt_health_0.3/run_3) by extension 'colcon_pkg'
[0.547s] Level 1:colcon.colcon_core.package_identification:_identify(experiment_logs/A3_abrupt_health_0.3/run_3) by extensions ['colcon_meta']
[0.547s] Level 1:colcon.colcon_core.package_identification:_identify(experiment_logs/A3_abrupt_health_0.3/run_3) by extension 'colcon_meta'
[0.547s] Level 1:colcon.colcon_core.package_identification:_identify(experiment_logs/A3_abrupt_health_0.3/run_3) by extensions ['ros']
[0.547s] Level 1:colcon.colcon_core.package_identification:_identify(experiment_logs/A3_abrupt_health_0.3/run_3) by extension 'ros'
[0.547s] Level 1:colcon.colcon_core.package_identification:_identify(experiment_logs/A3_abrupt_health_0.3/run_3) by extensions ['cmake', 'python']
[0.547s] Level 1:colcon.colcon_core.package_identification:_identify(experiment_logs/A3_abrupt_health_0.3/run_3) by extension 'cmake'
[0.547s] Level 1:colcon.colcon_core.package_identification:_identify(experiment_logs/A3_abrupt_health_0.3/run_3) by extension 'python'
[0.547s] Level 1:colcon.colcon_core.package_identification:_identify(experiment_logs/A3_abrupt_health_0.3/run_3) by extensions ['python_setup_py']
[0.547s] Level 1:colcon.colcon_core.package_identification:_identify(experiment_logs/A3_abrupt_health_0.3/run_3) by extension 'python_setup_py'
[0.548s] Level 1:colcon.colcon_core.package_identification:_identify(experiment_logs/B1_no_fault) by extensions ['ignore', 'ignore_ament_install']
[0.548s] Level 1:colcon.colcon_core.package_identification:_identify(experiment_logs/B1_no_fault) by extension 'ignore'
[0.548s] Level 1:colcon.colcon_core.package_identification:_identify(experiment_logs/B1_no_fault) by extension 'ignore_ament_install'
[0.548s] Level 1:colcon.colcon_core.package_identification:_identify(experiment_logs/B1_no_fault) by extensions ['colcon_pkg']
[0.548s] Level 1:colcon.colcon_core.package_identification:_identify(experiment_logs/B1_no_fault) by extension 'colcon_pkg'
[0.548s] Level 1:colcon.colcon_core.package_identification:_identify(experiment_logs/B1_no_fault) by extensions ['colcon_meta']
[0.548s] Level 1:colcon.colcon_core.package_identification:_identify(experiment_logs/B1_no_fault) by extension 'colcon_meta'
[0.549s] Level 1:colcon.colcon_core.package_identification:_identify(experiment_logs/B1_no_fault) by extensions ['ros']
[0.549s] Level 1:colcon.colcon_core.package_identification:_identify(experiment_logs/B1_no_fault) by extension 'ros'
[0.549s] Level 1:colcon.colcon_core.package_identification:_identify(experiment_logs/B1_no_fault) by extensions ['cmake', 'python']
[0.549s] Level 1:colcon.colcon_core.package_identification:_identify(experiment_logs/B1_no_fault) by extension 'cmake'
[0.549s] Level 1:colcon.colcon_core.package_identification:_identify(experiment_logs/B1_no_fault) by extension 'python'
[0.549s] Level 1:colcon.colcon_core.package_identification:_identify(experiment_logs/B1_no_fault) by extensions ['python_setup_py']
[0.549s] Level 1:colcon.colcon_core.package_identification:_identify(experiment_logs/B1_no_fault) by extension 'python_setup_py'
[0.550s] Level 1:colcon.colcon_core.package_identification:_identify(experiment_logs/B1_no_fault/run_1) by extensions ['ignore', 'ignore_ament_install']
[0.550s] Level 1:colcon.colcon_core.package_identification:_identify(experiment_logs/B1_no_fault/run_1) by extension 'ignore'
[0.550s] Level 1:colcon.colcon_core.package_identification:_identify(experiment_logs/B1_no_fault/run_1) by extension 'ignore_ament_install'
[0.551s] Level 1:colcon.colcon_core.package_identification:_identify(experiment_logs/B1_no_fault/run_1) by extensions ['colcon_pkg']
[0.551s] Level 1:colcon.colcon_core.package_identification:_identify(experiment_logs/B1_no_fault/run_1) by extension 'colcon_pkg'
[0.551s] Level 1:colcon.colcon_core.package_identification:_identify(experiment_logs/B1_no_fault/run_1) by extensions ['colcon_meta']
[0.551s] Level 1:colcon.colcon_core.package_identification:_identify(experiment_logs/B1_no_fault/run_1) by extension 'colcon_meta'
[0.551s] Level 1:colcon.colcon_core.package_identification:_identify(experiment_logs/B1_no_fault/run_1) by extensions ['ros']
[0.551s] Level 1:colcon.colcon_core.package_identification:_identify(experiment_logs/B1_no_fault/run_1) by extension 'ros'
[0.551s] Level 1:colcon.colcon_core.package_identification:_identify(experiment_logs/B1_no_fault/run_1) by extensions ['cmake', 'python']
[0.551s] Level 1:colcon.colcon_core.package_identification:_identify(experiment_logs/B1_no_fault/run_1) by extension 'cmake'
[0.552s] Level 1:colcon.colcon_core.package_identification:_identify(experiment_logs/B1_no_fault/run_1) by extension 'python'
[0.552s] Level 1:colcon.colcon_core.package_identification:_identify(experiment_logs/B1_no_fault/run_1) by extensions ['python_setup_py']
[0.552s] Level 1:colcon.colcon_core.package_identification:_identify(experiment_logs/B1_no_fault/run_1) by extension 'python_setup_py'
[0.552s] Level 1:colcon.colcon_core.package_identification:_identify(experiment_logs/B1_no_fault/run_2) by extensions ['ignore', 'ignore_ament_install']
[0.552s] Level 1:colcon.colcon_core.package_identification:_identify(experiment_logs/B1_no_fault/run_2) by extension 'ignore'
[0.553s] Level 1:colcon.colcon_core.package_identification:_identify(experiment_logs/B1_no_fault/run_2) by extension 'ignore_ament_install'
[0.553s] Level 1:colcon.colcon_core.package_identification:_identify(experiment_logs/B1_no_fault/run_2) by extensions ['colcon_pkg']
[0.553s] Level 1:colcon.colcon_core.package_identification:_identify(experiment_logs/B1_no_fault/run_2) by extension 'colcon_pkg'
[0.553s] Level 1:colcon.colcon_core.package_identification:_identify(experiment_logs/B1_no_fault/run_2) by extensions ['colcon_meta']
[0.553s] Level 1:colcon.colcon_core.package_identification:_identify(experiment_logs/B1_no_fault/run_2) by extension 'colcon_meta'
[0.553s] Level 1:colcon.colcon_core.package_identification:_identify(experiment_logs/B1_no_fault/run_2) by extensions ['ros']
[0.553s] Level 1:colcon.colcon_core.package_identification:_identify(experiment_logs/B1_no_fault/run_2) by extension 'ros'
[0.553s] Level 1:colcon.colcon_core.package_identification:_identify(experiment_logs/B1_no_fault/run_2) by extensions ['cmake', 'python']
[0.554s] Level 1:colcon.colcon_core.package_identification:_identify(experiment_logs/B1_no_fault/run_2) by extension 'cmake'
[0.554s] Level 1:colcon.colcon_core.package_identification:_identify(experiment_logs/B1_no_fault/run_2) by extension 'python'
[0.554s] Level 1:colcon.colcon_core.package_identification:_identify(experiment_logs/B1_no_fault/run_2) by extensions ['python_setup_py']
[0.554s] Level 1:colcon.colcon_core.package_identification:_identify(experiment_logs/B1_no_fault/run_2) by extension 'python_setup_py'
[0.554s] Level 1:colcon.colcon_core.package_identification:_identify(experiment_logs/B1_no_fault/run_3) by extensions ['ignore', 'ignore_ament_install']
[0.554s] Level 1:colcon.colcon_core.package_identification:_identify(experiment_logs/B1_no_fault/run_3) by extension 'ignore'
[0.555s] Level 1:colcon.colcon_core.package_identification:_identify(experiment_logs/B1_no_fault/run_3) by extension 'ignore_ament_install'
[0.555s] Level 1:colcon.colcon_core.package_identification:_identify(experiment_logs/B1_no_fault/run_3) by extensions ['colcon_pkg']
[0.555s] Level 1:colcon.colcon_core.package_identification:_identify(experiment_logs/B1_no_fault/run_3) by extension 'colcon_pkg'
[0.555s] Level 1:colcon.colcon_core.package_identification:_identify(experiment_logs/B1_no_fault/run_3) by extensions ['colcon_meta']
[0.555s] Level 1:colcon.colcon_core.package_identification:_identify(experiment_logs/B1_no_fault/run_3) by extension 'colcon_meta'
[0.555s] Level 1:colcon.colcon_core.package_identification:_identify(experiment_logs/B1_no_fault/run_3) by extensions ['ros']
[0.555s] Level 1:colcon.colcon_core.package_identification:_identify(experiment_logs/B1_no_fault/run_3) by extension 'ros'
[0.556s] Level 1:colcon.colcon_core.package_identification:_identify(experiment_logs/B1_no_fault/run_3) by extensions ['cmake', 'python']
[0.556s] Level 1:colcon.colcon_core.package_identification:_identify(experiment_logs/B1_no_fault/run_3) by extension 'cmake'
[0.556s] Level 1:colcon.colcon_core.package_identification:_identify(experiment_logs/B1_no_fault/run_3) by extension 'python'
[0.556s] Level 1:colcon.colcon_core.package_identification:_identify(experiment_logs/B1_no_fault/run_3) by extensions ['python_setup_py']
[0.556s] Level 1:colcon.colcon_core.package_identification:_identify(experiment_logs/B1_no_fault/run_3) by extension 'python_setup_py'
[0.556s] Level 1:colcon.colcon_core.package_identification:_identify(experiment_logs/I1_incipient_slow) by extensions ['ignore', 'ignore_ament_install']
[0.557s] Level 1:colcon.colcon_core.package_identification:_identify(experiment_logs/I1_incipient_slow) by extension 'ignore'
[0.557s] Level 1:colcon.colcon_core.package_identification:_identify(experiment_logs/I1_incipient_slow) by extension 'ignore_ament_install'
[0.557s] Level 1:colcon.colcon_core.package_identification:_identify(experiment_logs/I1_incipient_slow) by extensions ['colcon_pkg']
[0.557s] Level 1:colcon.colcon_core.package_identification:_identify(experiment_logs/I1_incipient_slow) by extension 'colcon_pkg'
[0.557s] Level 1:colcon.colcon_core.package_identification:_identify(experiment_logs/I1_incipient_slow) by extensions ['colcon_meta']
[0.557s] Level 1:colcon.colcon_core.package_identification:_identify(experiment_logs/I1_incipient_slow) by extension 'colcon_meta'
[0.557s] Level 1:colcon.colcon_core.package_identification:_identify(experiment_logs/I1_incipient_slow) by extensions ['ros']
[0.558s] Level 1:colcon.colcon_core.package_identification:_identify(experiment_logs/I1_incipient_slow) by extension 'ros'
[0.558s] Level 1:colcon.colcon_core.package_identification:_identify(experiment_logs/I1_incipient_slow) by extensions ['cmake', 'python']
[0.558s] Level 1:colcon.colcon_core.package_identification:_identify(experiment_logs/I1_incipient_slow) by extension 'cmake'
[0.558s] Level 1:colcon.colcon_core.package_identification:_identify(experiment_logs/I1_incipient_slow) by extension 'python'
[0.558s] Level 1:colcon.colcon_core.package_identification:_identify(experiment_logs/I1_incipient_slow) by extensions ['python_setup_py']
[0.558s] Level 1:colcon.colcon_core.package_identification:_identify(experiment_logs/I1_incipient_slow) by extension 'python_setup_py'
[0.559s] Level 1:colcon.colcon_core.package_identification:_identify(experiment_logs/I1_incipient_slow/run_1) by extensions ['ignore', 'ignore_ament_install']
[0.559s] Level 1:colcon.colcon_core.package_identification:_identify(experiment_logs/I1_incipient_slow/run_1) by extension 'ignore'
[0.559s] Level 1:colcon.colcon_core.package_identification:_identify(experiment_logs/I1_incipient_slow/run_1) by extension 'ignore_ament_install'
[0.559s] Level 1:colcon.colcon_core.package_identification:_identify(experiment_logs/I1_incipient_slow/run_1) by extensions ['colcon_pkg']
[0.559s] Level 1:colcon.colcon_core.package_identification:_identify(experiment_logs/I1_incipient_slow/run_1) by extension 'colcon_pkg'
[0.559s] Level 1:colcon.colcon_core.package_identification:_identify(experiment_logs/I1_incipient_slow/run_1) by extensions ['colcon_meta']
[0.559s] Level 1:colcon.colcon_core.package_identification:_identify(experiment_logs/I1_incipient_slow/run_1) by extension 'colcon_meta'
[0.559s] Level 1:colcon.colcon_core.package_identification:_identify(experiment_logs/I1_incipient_slow/run_1) by extensions ['ros']
[0.559s] Level 1:colcon.colcon_core.package_identification:_identify(experiment_logs/I1_incipient_slow/run_1) by extension 'ros'
[0.560s] Level 1:colcon.colcon_core.package_identification:_identify(experiment_logs/I1_incipient_slow/run_1) by extensions ['cmake', 'python']
[0.560s] Level 1:colcon.colcon_core.package_identification:_identify(experiment_logs/I1_incipient_slow/run_1) by extension 'cmake'
[0.560s] Level 1:colcon.colcon_core.package_identification:_identify(experiment_logs/I1_incipient_slow/run_1) by extension 'python'
[0.560s] Level 1:colcon.colcon_core.package_identification:_identify(experiment_logs/I1_incipient_slow/run_1) by extensions ['python_setup_py']
[0.560s] Level 1:colcon.colcon_core.package_identification:_identify(experiment_logs/I1_incipient_slow/run_1) by extension 'python_setup_py'
[0.560s] Level 1:colcon.colcon_core.package_identification:_identify(experiment_logs/I1_incipient_slow/run_2) by extensions ['ignore', 'ignore_ament_install']
[0.560s] Level 1:colcon.colcon_core.package_identification:_identify(experiment_logs/I1_incipient_slow/run_2) by extension 'ignore'
[0.560s] Level 1:colcon.colcon_core.package_identification:_identify(experiment_logs/I1_incipient_slow/run_2) by extension 'ignore_ament_install'
[0.561s] Level 1:colcon.colcon_core.package_identification:_identify(experiment_logs/I1_incipient_slow/run_2) by extensions ['colcon_pkg']
[0.561s] Level 1:colcon.colcon_core.package_identification:_identify(experiment_logs/I1_incipient_slow/run_2) by extension 'colcon_pkg'
[0.561s] Level 1:colcon.colcon_core.package_identification:_identify(experiment_logs/I1_incipient_slow/run_2) by extensions ['colcon_meta']
[0.561s] Level 1:colcon.colcon_core.package_identification:_identify(experiment_logs/I1_incipient_slow/run_2) by extension 'colcon_meta'
[0.561s] Level 1:colcon.colcon_core.package_identification:_identify(experiment_logs/I1_incipient_slow/run_2) by extensions ['ros']
[0.561s] Level 1:colcon.colcon_core.package_identification:_identify(experiment_logs/I1_incipient_slow/run_2) by extension 'ros'
[0.561s] Level 1:colcon.colcon_core.package_identification:_identify(experiment_logs/I1_incipient_slow/run_2) by extensions ['cmake', 'python']
[0.561s] Level 1:colcon.colcon_core.package_identification:_identify(experiment_logs/I1_incipient_slow/run_2) by extension 'cmake'
[0.561s] Level 1:colcon.colcon_core.package_identification:_identify(experiment_logs/I1_incipient_slow/run_2) by extension 'python'
[0.561s] Level 1:colcon.colcon_core.package_identification:_identify(experiment_logs/I1_incipient_slow/run_2) by extensions ['python_setup_py']
[0.561s] Level 1:colcon.colcon_core.package_identification:_identify(experiment_logs/I1_incipient_slow/run_2) by extension 'python_setup_py'
[0.562s] Level 1:colcon.colcon_core.package_identification:_identify(experiment_logs/I1_incipient_slow/run_3) by extensions ['ignore', 'ignore_ament_install']
[0.562s] Level 1:colcon.colcon_core.package_identification:_identify(experiment_logs/I1_incipient_slow/run_3) by extension 'ignore'
[0.562s] Level 1:colcon.colcon_core.package_identification:_identify(experiment_logs/I1_incipient_slow/run_3) by extension 'ignore_ament_install'
[0.562s] Level 1:colcon.colcon_core.package_identification:_identify(experiment_logs/I1_incipient_slow/run_3) by extensions ['colcon_pkg']
[0.562s] Level 1:colcon.colcon_core.package_identification:_identify(experiment_logs/I1_incipient_slow/run_3) by extension 'colcon_pkg'
[0.562s] Level 1:colcon.colcon_core.package_identification:_identify(experiment_logs/I1_incipient_slow/run_3) by extensions ['colcon_meta']
[0.562s] Level 1:colcon.colcon_core.package_identification:_identify(experiment_logs/I1_incipient_slow/run_3) by extension 'colcon_meta'
[0.562s] Level 1:colcon.colcon_core.package_identification:_identify(experiment_logs/I1_incipient_slow/run_3) by extensions ['ros']
[0.563s] Level 1:colcon.colcon_core.package_identification:_identify(experiment_logs/I1_incipient_slow/run_3) by extension 'ros'
[0.563s] Level 1:colcon.colcon_core.package_identification:_identify(experiment_logs/I1_incipient_slow/run_3) by extensions ['cmake', 'python']
[0.563s] Level 1:colcon.colcon_core.package_identification:_identify(experiment_logs/I1_incipient_slow/run_3) by extension 'cmake'
[0.563s] Level 1:colcon.colcon_core.package_identification:_identify(experiment_logs/I1_incipient_slow/run_3) by extension 'python'
[0.563s] Level 1:colcon.colcon_core.package_identification:_identify(experiment_logs/I1_incipient_slow/run_3) by extensions ['python_setup_py']
[0.563s] Level 1:colcon.colcon_core.package_identification:_identify(experiment_logs/I1_incipient_slow/run_3) by extension 'python_setup_py'
[0.563s] Level 1:colcon.colcon_core.package_identification:_identify(experiment_logs/I2_incipient_medium) by extensions ['ignore', 'ignore_ament_install']
[0.564s] Level 1:colcon.colcon_core.package_identification:_identify(experiment_logs/I2_incipient_medium) by extension 'ignore'
[0.564s] Level 1:colcon.colcon_core.package_identification:_identify(experiment_logs/I2_incipient_medium) by extension 'ignore_ament_install'
[0.564s] Level 1:colcon.colcon_core.package_identification:_identify(experiment_logs/I2_incipient_medium) by extensions ['colcon_pkg']
[0.564s] Level 1:colcon.colcon_core.package_identification:_identify(experiment_logs/I2_incipient_medium) by extension 'colcon_pkg'
[0.564s] Level 1:colcon.colcon_core.package_identification:_identify(experiment_logs/I2_incipient_medium) by extensions ['colcon_meta']
[0.565s] Level 1:colcon.colcon_core.package_identification:_identify(experiment_logs/I2_incipient_medium) by extension 'colcon_meta'
[0.565s] Level 1:colcon.colcon_core.package_identification:_identify(experiment_logs/I2_incipient_medium) by extensions ['ros']
[0.565s] Level 1:colcon.colcon_core.package_identification:_identify(experiment_logs/I2_incipient_medium) by extension 'ros'
[0.565s] Level 1:colcon.colcon_core.package_identification:_identify(experiment_logs/I2_incipient_medium) by extensions ['cmake', 'python']
[0.565s] Level 1:colcon.colcon_core.package_identification:_identify(experiment_logs/I2_incipient_medium) by extension 'cmake'
[0.565s] Level 1:colcon.colcon_core.package_identification:_identify(experiment_logs/I2_incipient_medium) by extension 'python'
[0.566s] Level 1:colcon.colcon_core.package_identification:_identify(experiment_logs/I2_incipient_medium) by extensions ['python_setup_py']
[0.566s] Level 1:colcon.colcon_core.package_identification:_identify(experiment_logs/I2_incipient_medium) by extension 'python_setup_py'
[0.566s] Level 1:colcon.colcon_core.package_identification:_identify(experiment_logs/I2_incipient_medium/run_1) by extensions ['ignore', 'ignore_ament_install']
[0.566s] Level 1:colcon.colcon_core.package_identification:_identify(experiment_logs/I2_incipient_medium/run_1) by extension 'ignore'
[0.566s] Level 1:colcon.colcon_core.package_identification:_identify(experiment_logs/I2_incipient_medium/run_1) by extension 'ignore_ament_install'
[0.567s] Level 1:colcon.colcon_core.package_identification:_identify(experiment_logs/I2_incipient_medium/run_1) by extensions ['colcon_pkg']
[0.567s] Level 1:colcon.colcon_core.package_identification:_identify(experiment_logs/I2_incipient_medium/run_1) by extension 'colcon_pkg'
[0.567s] Level 1:colcon.colcon_core.package_identification:_identify(experiment_logs/I2_incipient_medium/run_1) by extensions ['colcon_meta']
[0.567s] Level 1:colcon.colcon_core.package_identification:_identify(experiment_logs/I2_incipient_medium/run_1) by extension 'colcon_meta'
[0.567s] Level 1:colcon.colcon_core.package_identification:_identify(experiment_logs/I2_incipient_medium/run_1) by extensions ['ros']
[0.567s] Level 1:colcon.colcon_core.package_identification:_identify(experiment_logs/I2_incipient_medium/run_1) by extension 'ros'
[0.567s] Level 1:colcon.colcon_core.package_identification:_identify(experiment_logs/I2_incipient_medium/run_1) by extensions ['cmake', 'python']
[0.567s] Level 1:colcon.colcon_core.package_identification:_identify(experiment_logs/I2_incipient_medium/run_1) by extension 'cmake'
[0.567s] Level 1:colcon.colcon_core.package_identification:_identify(experiment_logs/I2_incipient_medium/run_1) by extension 'python'
[0.568s] Level 1:colcon.colcon_core.package_identification:_identify(experiment_logs/I2_incipient_medium/run_1) by extensions ['python_setup_py']
[0.568s] Level 1:colcon.colcon_core.package_identification:_identify(experiment_logs/I2_incipient_medium/run_1) by extension 'python_setup_py'
[0.568s] Level 1:colcon.colcon_core.package_identification:_identify(experiment_logs/I2_incipient_medium/run_2) by extensions ['ignore', 'ignore_ament_install']
[0.568s] Level 1:colcon.colcon_core.package_identification:_identify(experiment_logs/I2_incipient_medium/run_2) by extension 'ignore'
[0.568s] Level 1:colcon.colcon_core.package_identification:_identify(experiment_logs/I2_incipient_medium/run_2) by extension 'ignore_ament_install'
[0.569s] Level 1:colcon.colcon_core.package_identification:_identify(experiment_logs/I2_incipient_medium/run_2) by extensions ['colcon_pkg']
[0.569s] Level 1:colcon.colcon_core.package_identification:_identify(experiment_logs/I2_incipient_medium/run_2) by extension 'colcon_pkg'
[0.569s] Level 1:colcon.colcon_core.package_identification:_identify(experiment_logs/I2_incipient_medium/run_2) by extensions ['colcon_meta']
[0.569s] Level 1:colcon.colcon_core.package_identification:_identify(experiment_logs/I2_incipient_medium/run_2) by extension 'colcon_meta'
[0.569s] Level 1:colcon.colcon_core.package_identification:_identify(experiment_logs/I2_incipient_medium/run_2) by extensions ['ros']
[0.569s] Level 1:colcon.colcon_core.package_identification:_identify(experiment_logs/I2_incipient_medium/run_2) by extension 'ros'
[0.569s] Level 1:colcon.colcon_core.package_identification:_identify(experiment_logs/I2_incipient_medium/run_2) by extensions ['cmake', 'python']
[0.569s] Level 1:colcon.colcon_core.package_identification:_identify(experiment_logs/I2_incipient_medium/run_2) by extension 'cmake'
[0.569s] Level 1:colcon.colcon_core.package_identification:_identify(experiment_logs/I2_incipient_medium/run_2) by extension 'python'
[0.570s] Level 1:colcon.colcon_core.package_identification:_identify(experiment_logs/I2_incipient_medium/run_2) by extensions ['python_setup_py']
[0.570s] Level 1:colcon.colcon_core.package_identification:_identify(experiment_logs/I2_incipient_medium/run_2) by extension 'python_setup_py'
[0.570s] Level 1:colcon.colcon_core.package_identification:_identify(experiment_logs/I2_incipient_medium/run_3) by extensions ['ignore', 'ignore_ament_install']
[0.570s] Level 1:colcon.colcon_core.package_identification:_identify(experiment_logs/I2_incipient_medium/run_3) by extension 'ignore'
[0.570s] Level 1:colcon.colcon_core.package_identification:_identify(experiment_logs/I2_incipient_medium/run_3) by extension 'ignore_ament_install'
[0.570s] Level 1:colcon.colcon_core.package_identification:_identify(experiment_logs/I2_incipient_medium/run_3) by extensions ['colcon_pkg']
[0.570s] Level 1:colcon.colcon_core.package_identification:_identify(experiment_logs/I2_incipient_medium/run_3) by extension 'colcon_pkg'
[0.570s] Level 1:colcon.colcon_core.package_identification:_identify(experiment_logs/I2_incipient_medium/run_3) by extensions ['colcon_meta']
[0.571s] Level 1:colcon.colcon_core.package_identification:_identify(experiment_logs/I2_incipient_medium/run_3) by extension 'colcon_meta'
[0.571s] Level 1:colcon.colcon_core.package_identification:_identify(experiment_logs/I2_incipient_medium/run_3) by extensions ['ros']
[0.571s] Level 1:colcon.colcon_core.package_identification:_identify(experiment_logs/I2_incipient_medium/run_3) by extension 'ros'
[0.571s] Level 1:colcon.colcon_core.package_identification:_identify(experiment_logs/I2_incipient_medium/run_3) by extensions ['cmake', 'python']
[0.571s] Level 1:colcon.colcon_core.package_identification:_identify(experiment_logs/I2_incipient_medium/run_3) by extension 'cmake'
[0.571s] Level 1:colcon.colcon_core.package_identification:_identify(experiment_logs/I2_incipient_medium/run_3) by extension 'python'
[0.571s] Level 1:colcon.colcon_core.package_identification:_identify(experiment_logs/I2_incipient_medium/run_3) by extensions ['python_setup_py']
[0.571s] Level 1:colcon.colcon_core.package_identification:_identify(experiment_logs/I2_incipient_medium/run_3) by extension 'python_setup_py'
[0.571s] Level 1:colcon.colcon_core.package_identification:_identify(experiment_logs/I3_incipient_fast) by extensions ['ignore', 'ignore_ament_install']
[0.572s] Level 1:colcon.colcon_core.package_identification:_identify(experiment_logs/I3_incipient_fast) by extension 'ignore'
[0.572s] Level 1:colcon.colcon_core.package_identification:_identify(experiment_logs/I3_incipient_fast) by extension 'ignore_ament_install'
[0.572s] Level 1:colcon.colcon_core.package_identification:_identify(experiment_logs/I3_incipient_fast) by extensions ['colcon_pkg']
[0.572s] Level 1:colcon.colcon_core.package_identification:_identify(experiment_logs/I3_incipient_fast) by extension 'colcon_pkg'
[0.572s] Level 1:colcon.colcon_core.package_identification:_identify(experiment_logs/I3_incipient_fast) by extensions ['colcon_meta']
[0.572s] Level 1:colcon.colcon_core.package_identification:_identify(experiment_logs/I3_incipient_fast) by extension 'colcon_meta'
[0.572s] Level 1:colcon.colcon_core.package_identification:_identify(experiment_logs/I3_incipient_fast) by extensions ['ros']
[0.572s] Level 1:colcon.colcon_core.package_identification:_identify(experiment_logs/I3_incipient_fast) by extension 'ros'
[0.573s] Level 1:colcon.colcon_core.package_identification:_identify(experiment_logs/I3_incipient_fast) by extensions ['cmake', 'python']
[0.573s] Level 1:colcon.colcon_core.package_identification:_identify(experiment_logs/I3_incipient_fast) by extension 'cmake'
[0.573s] Level 1:colcon.colcon_core.package_identification:_identify(experiment_logs/I3_incipient_fast) by extension 'python'
[0.573s] Level 1:colcon.colcon_core.package_identification:_identify(experiment_logs/I3_incipient_fast) by extensions ['python_setup_py']
[0.573s] Level 1:colcon.colcon_core.package_identification:_identify(experiment_logs/I3_incipient_fast) by extension 'python_setup_py'
[0.573s] Level 1:colcon.colcon_core.package_identification:_identify(experiment_logs/I3_incipient_fast/run_1) by extensions ['ignore', 'ignore_ament_install']
[0.573s] Level 1:colcon.colcon_core.package_identification:_identify(experiment_logs/I3_incipient_fast/run_1) by extension 'ignore'
[0.574s] Level 1:colcon.colcon_core.package_identification:_identify(experiment_logs/I3_incipient_fast/run_1) by extension 'ignore_ament_install'
[0.574s] Level 1:colcon.colcon_core.package_identification:_identify(experiment_logs/I3_incipient_fast/run_1) by extensions ['colcon_pkg']
[0.574s] Level 1:colcon.colcon_core.package_identification:_identify(experiment_logs/I3_incipient_fast/run_1) by extension 'colcon_pkg'
[0.574s] Level 1:colcon.colcon_core.package_identification:_identify(experiment_logs/I3_incipient_fast/run_1) by extensions ['colcon_meta']
[0.574s] Level 1:colcon.colcon_core.package_identification:_identify(experiment_logs/I3_incipient_fast/run_1) by extension 'colcon_meta'
[0.574s] Level 1:colcon.colcon_core.package_identification:_identify(experiment_logs/I3_incipient_fast/run_1) by extensions ['ros']
[0.574s] Level 1:colcon.colcon_core.package_identification:_identify(experiment_logs/I3_incipient_fast/run_1) by extension 'ros'
[0.574s] Level 1:colcon.colcon_core.package_identification:_identify(experiment_logs/I3_incipient_fast/run_1) by extensions ['cmake', 'python']
[0.574s] Level 1:colcon.colcon_core.package_identification:_identify(experiment_logs/I3_incipient_fast/run_1) by extension 'cmake'
[0.575s] Level 1:colcon.colcon_core.package_identification:_identify(experiment_logs/I3_incipient_fast/run_1) by extension 'python'
[0.575s] Level 1:colcon.colcon_core.package_identification:_identify(experiment_logs/I3_incipient_fast/run_1) by extensions ['python_setup_py']
[0.575s] Level 1:colcon.colcon_core.package_identification:_identify(experiment_logs/I3_incipient_fast/run_1) by extension 'python_setup_py'
[0.575s] Level 1:colcon.colcon_core.package_identification:_identify(experiment_logs/I3_incipient_fast/run_2) by extensions ['ignore', 'ignore_ament_install']
[0.575s] Level 1:colcon.colcon_core.package_identification:_identify(experiment_logs/I3_incipient_fast/run_2) by extension 'ignore'
[0.575s] Level 1:colcon.colcon_core.package_identification:_identify(experiment_logs/I3_incipient_fast/run_2) by extension 'ignore_ament_install'
[0.575s] Level 1:colcon.colcon_core.package_identification:_identify(experiment_logs/I3_incipient_fast/run_2) by extensions ['colcon_pkg']
[0.575s] Level 1:colcon.colcon_core.package_identification:_identify(experiment_logs/I3_incipient_fast/run_2) by extension 'colcon_pkg'
[0.575s] Level 1:colcon.colcon_core.package_identification:_identify(experiment_logs/I3_incipient_fast/run_2) by extensions ['colcon_meta']
[0.576s] Level 1:colcon.colcon_core.package_identification:_identify(experiment_logs/I3_incipient_fast/run_2) by extension 'colcon_meta'
[0.576s] Level 1:colcon.colcon_core.package_identification:_identify(experiment_logs/I3_incipient_fast/run_2) by extensions ['ros']
[0.576s] Level 1:colcon.colcon_core.package_identification:_identify(experiment_logs/I3_incipient_fast/run_2) by extension 'ros'
[0.576s] Level 1:colcon.colcon_core.package_identification:_identify(experiment_logs/I3_incipient_fast/run_2) by extensions ['cmake', 'python']
[0.576s] Level 1:colcon.colcon_core.package_identification:_identify(experiment_logs/I3_incipient_fast/run_2) by extension 'cmake'
[0.576s] Level 1:colcon.colcon_core.package_identification:_identify(experiment_logs/I3_incipient_fast/run_2) by extension 'python'
[0.577s] Level 1:colcon.colcon_core.package_identification:_identify(experiment_logs/I3_incipient_fast/run_2) by extensions ['python_setup_py']
[0.577s] Level 1:colcon.colcon_core.package_identification:_identify(experiment_logs/I3_incipient_fast/run_2) by extension 'python_setup_py'
[0.577s] Level 1:colcon.colcon_core.package_identification:_identify(experiment_logs/I3_incipient_fast/run_3) by extensions ['ignore', 'ignore_ament_install']
[0.577s] Level 1:colcon.colcon_core.package_identification:_identify(experiment_logs/I3_incipient_fast/run_3) by extension 'ignore'
[0.578s] Level 1:colcon.colcon_core.package_identification:_identify(experiment_logs/I3_incipient_fast/run_3) by extension 'ignore_ament_install'
[0.578s] Level 1:colcon.colcon_core.package_identification:_identify(experiment_logs/I3_incipient_fast/run_3) by extensions ['colcon_pkg']
[0.578s] Level 1:colcon.colcon_core.package_identification:_identify(experiment_logs/I3_incipient_fast/run_3) by extension 'colcon_pkg'
[0.578s] Level 1:colcon.colcon_core.package_identification:_identify(experiment_logs/I3_incipient_fast/run_3) by extensions ['colcon_meta']
[0.578s] Level 1:colcon.colcon_core.package_identification:_identify(experiment_logs/I3_incipient_fast/run_3) by extension 'colcon_meta'
[0.578s] Level 1:colcon.colcon_core.package_identification:_identify(experiment_logs/I3_incipient_fast/run_3) by extensions ['ros']
[0.579s] Level 1:colcon.colcon_core.package_identification:_identify(experiment_logs/I3_incipient_fast/run_3) by extension 'ros'
[0.579s] Level 1:colcon.colcon_core.package_identification:_identify(experiment_logs/I3_incipient_fast/run_3) by extensions ['cmake', 'python']
[0.579s] Level 1:colcon.colcon_core.package_identification:_identify(experiment_logs/I3_incipient_fast/run_3) by extension 'cmake'
[0.579s] Level 1:colcon.colcon_core.package_identification:_identify(experiment_logs/I3_incipient_fast/run_3) by extension 'python'
[0.579s] Level 1:colcon.colcon_core.package_identification:_identify(experiment_logs/I3_incipient_fast/run_3) by extensions ['python_setup_py']
[0.579s] Level 1:colcon.colcon_core.package_identification:_identify(experiment_logs/I3_incipient_fast/run_3) by extension 'python_setup_py'
[0.580s] Level 1:colcon.colcon_core.package_identification:_identify(experiment_logs/T1_intermittent_10s_cycle) by extensions ['ignore', 'ignore_ament_install']
[0.580s] Level 1:colcon.colcon_core.package_identification:_identify(experiment_logs/T1_intermittent_10s_cycle) by extension 'ignore'
[0.580s] Level 1:colcon.colcon_core.package_identification:_identify(experiment_logs/T1_intermittent_10s_cycle) by extension 'ignore_ament_install'
[0.581s] Level 1:colcon.colcon_core.package_identification:_identify(experiment_logs/T1_intermittent_10s_cycle) by extensions ['colcon_pkg']
[0.581s] Level 1:colcon.colcon_core.package_identification:_identify(experiment_logs/T1_intermittent_10s_cycle) by extension 'colcon_pkg'
[0.581s] Level 1:colcon.colcon_core.package_identification:_identify(experiment_logs/T1_intermittent_10s_cycle) by extensions ['colcon_meta']
[0.581s] Level 1:colcon.colcon_core.package_identification:_identify(experiment_logs/T1_intermittent_10s_cycle) by extension 'colcon_meta'
[0.581s] Level 1:colcon.colcon_core.package_identification:_identify(experiment_logs/T1_intermittent_10s_cycle) by extensions ['ros']
[0.581s] Level 1:colcon.colcon_core.package_identification:_identify(experiment_logs/T1_intermittent_10s_cycle) by extension 'ros'
[0.581s] Level 1:colcon.colcon_core.package_identification:_identify(experiment_logs/T1_intermittent_10s_cycle) by extensions ['cmake', 'python']
[0.582s] Level 1:colcon.colcon_core.package_identification:_identify(experiment_logs/T1_intermittent_10s_cycle) by extension 'cmake'
[0.582s] Level 1:colcon.colcon_core.package_identification:_identify(experiment_logs/T1_intermittent_10s_cycle) by extension 'python'
[0.582s] Level 1:colcon.colcon_core.package_identification:_identify(experiment_logs/T1_intermittent_10s_cycle) by extensions ['python_setup_py']
[0.582s] Level 1:colcon.colcon_core.package_identification:_identify(experiment_logs/T1_intermittent_10s_cycle) by extension 'python_setup_py'
[0.583s] Level 1:colcon.colcon_core.package_identification:_identify(experiment_logs/T1_intermittent_10s_cycle/run_1) by extensions ['ignore', 'ignore_ament_install']
[0.583s] Level 1:colcon.colcon_core.package_identification:_identify(experiment_logs/T1_intermittent_10s_cycle/run_1) by extension 'ignore'
[0.583s] Level 1:colcon.colcon_core.package_identification:_identify(experiment_logs/T1_intermittent_10s_cycle/run_1) by extension 'ignore_ament_install'
[0.583s] Level 1:colcon.colcon_core.package_identification:_identify(experiment_logs/T1_intermittent_10s_cycle/run_1) by extensions ['colcon_pkg']
[0.584s] Level 1:colcon.colcon_core.package_identification:_identify(experiment_logs/T1_intermittent_10s_cycle/run_1) by extension 'colcon_pkg'
[0.584s] Level 1:colcon.colcon_core.package_identification:_identify(experiment_logs/T1_intermittent_10s_cycle/run_1) by extensions ['colcon_meta']
[0.584s] Level 1:colcon.colcon_core.package_identification:_identify(experiment_logs/T1_intermittent_10s_cycle/run_1) by extension 'colcon_meta'
[0.584s] Level 1:colcon.colcon_core.package_identification:_identify(experiment_logs/T1_intermittent_10s_cycle/run_1) by extensions ['ros']
[0.584s] Level 1:colcon.colcon_core.package_identification:_identify(experiment_logs/T1_intermittent_10s_cycle/run_1) by extension 'ros'
[0.585s] Level 1:colcon.colcon_core.package_identification:_identify(experiment_logs/T1_intermittent_10s_cycle/run_1) by extensions ['cmake', 'python']
[0.585s] Level 1:colcon.colcon_core.package_identification:_identify(experiment_logs/T1_intermittent_10s_cycle/run_1) by extension 'cmake'
[0.585s] Level 1:colcon.colcon_core.package_identification:_identify(experiment_logs/T1_intermittent_10s_cycle/run_1) by extension 'python'
[0.585s] Level 1:colcon.colcon_core.package_identification:_identify(experiment_logs/T1_intermittent_10s_cycle/run_1) by extensions ['python_setup_py']
[0.585s] Level 1:colcon.colcon_core.package_identification:_identify(experiment_logs/T1_intermittent_10s_cycle/run_1) by extension 'python_setup_py'
[0.585s] Level 1:colcon.colcon_core.package_identification:_identify(experiment_logs/T1_intermittent_10s_cycle/run_2) by extensions ['ignore', 'ignore_ament_install']
[0.586s] Level 1:colcon.colcon_core.package_identification:_identify(experiment_logs/T1_intermittent_10s_cycle/run_2) by extension 'ignore'
[0.586s] Level 1:colcon.colcon_core.package_identification:_identify(experiment_logs/T1_intermittent_10s_cycle/run_2) by extension 'ignore_ament_install'
[0.586s] Level 1:colcon.colcon_core.package_identification:_identify(experiment_logs/T1_intermittent_10s_cycle/run_2) by extensions ['colcon_pkg']
[0.586s] Level 1:colcon.colcon_core.package_identification:_identify(experiment_logs/T1_intermittent_10s_cycle/run_2) by extension 'colcon_pkg'
[0.586s] Level 1:colcon.colcon_core.package_identification:_identify(experiment_logs/T1_intermittent_10s_cycle/run_2) by extensions ['colcon_meta']
[0.587s] Level 1:colcon.colcon_core.package_identification:_identify(experiment_logs/T1_intermittent_10s_cycle/run_2) by extension 'colcon_meta'
[0.587s] Level 1:colcon.colcon_core.package_identification:_identify(experiment_logs/T1_intermittent_10s_cycle/run_2) by extensions ['ros']
[0.587s] Level 1:colcon.colcon_core.package_identification:_identify(experiment_logs/T1_intermittent_10s_cycle/run_2) by extension 'ros'
[0.587s] Level 1:colcon.colcon_core.package_identification:_identify(experiment_logs/T1_intermittent_10s_cycle/run_2) by extensions ['cmake', 'python']
[0.587s] Level 1:colcon.colcon_core.package_identification:_identify(experiment_logs/T1_intermittent_10s_cycle/run_2) by extension 'cmake'
[0.587s] Level 1:colcon.colcon_core.package_identification:_identify(experiment_logs/T1_intermittent_10s_cycle/run_2) by extension 'python'
[0.588s] Level 1:colcon.colcon_core.package_identification:_identify(experiment_logs/T1_intermittent_10s_cycle/run_2) by extensions ['python_setup_py']
[0.588s] Level 1:colcon.colcon_core.package_identification:_identify(experiment_logs/T1_intermittent_10s_cycle/run_2) by extension 'python_setup_py'
[0.588s] Level 1:colcon.colcon_core.package_identification:_identify(experiment_logs/T1_intermittent_10s_cycle/run_3) by extensions ['ignore', 'ignore_ament_install']
[0.589s] Level 1:colcon.colcon_core.package_identification:_identify(experiment_logs/T1_intermittent_10s_cycle/run_3) by extension 'ignore'
[0.589s] Level 1:colcon.colcon_core.package_identification:_identify(experiment_logs/T1_intermittent_10s_cycle/run_3) by extension 'ignore_ament_install'
[0.589s] Level 1:colcon.colcon_core.package_identification:_identify(experiment_logs/T1_intermittent_10s_cycle/run_3) by extensions ['colcon_pkg']
[0.589s] Level 1:colcon.colcon_core.package_identification:_identify(experiment_logs/T1_intermittent_10s_cycle/run_3) by extension 'colcon_pkg'
[0.589s] Level 1:colcon.colcon_core.package_identification:_identify(experiment_logs/T1_intermittent_10s_cycle/run_3) by extensions ['colcon_meta']
[0.589s] Level 1:colcon.colcon_core.package_identification:_identify(experiment_logs/T1_intermittent_10s_cycle/run_3) by extension 'colcon_meta'
[0.589s] Level 1:colcon.colcon_core.package_identification:_identify(experiment_logs/T1_intermittent_10s_cycle/run_3) by extensions ['ros']
[0.590s] Level 1:colcon.colcon_core.package_identification:_identify(experiment_logs/T1_intermittent_10s_cycle/run_3) by extension 'ros'
[0.590s] Level 1:colcon.colcon_core.package_identification:_identify(experiment_logs/T1_intermittent_10s_cycle/run_3) by extensions ['cmake', 'python']
[0.590s] Level 1:colcon.colcon_core.package_identification:_identify(experiment_logs/T1_intermittent_10s_cycle/run_3) by extension 'cmake'
[0.590s] Level 1:colcon.colcon_core.package_identification:_identify(experiment_logs/T1_intermittent_10s_cycle/run_3) by extension 'python'
[0.590s] Level 1:colcon.colcon_core.package_identification:_identify(experiment_logs/T1_intermittent_10s_cycle/run_3) by extensions ['python_setup_py']
[0.591s] Level 1:colcon.colcon_core.package_identification:_identify(experiment_logs/T1_intermittent_10s_cycle/run_3) by extension 'python_setup_py'
[0.591s] Level 1:colcon.colcon_core.package_identification:_identify(experiment_logs/T2_intermittent_3s_cycle) by extensions ['ignore', 'ignore_ament_install']
[0.591s] Level 1:colcon.colcon_core.package_identification:_identify(experiment_logs/T2_intermittent_3s_cycle) by extension 'ignore'
[0.591s] Level 1:colcon.colcon_core.package_identification:_identify(experiment_logs/T2_intermittent_3s_cycle) by extension 'ignore_ament_install'
[0.592s] Level 1:colcon.colcon_core.package_identification:_identify(experiment_logs/T2_intermittent_3s_cycle) by extensions ['colcon_pkg']
[0.592s] Level 1:colcon.colcon_core.package_identification:_identify(experiment_logs/T2_intermittent_3s_cycle) by extension 'colcon_pkg'
[0.592s] Level 1:colcon.colcon_core.package_identification:_identify(experiment_logs/T2_intermittent_3s_cycle) by extensions ['colcon_meta']
[0.592s] Level 1:colcon.colcon_core.package_identification:_identify(experiment_logs/T2_intermittent_3s_cycle) by extension 'colcon_meta'
[0.592s] Level 1:colcon.colcon_core.package_identification:_identify(experiment_logs/T2_intermittent_3s_cycle) by extensions ['ros']
[0.592s] Level 1:colcon.colcon_core.package_identification:_identify(experiment_logs/T2_intermittent_3s_cycle) by extension 'ros'
[0.593s] Level 1:colcon.colcon_core.package_identification:_identify(experiment_logs/T2_intermittent_3s_cycle) by extensions ['cmake', 'python']
[0.593s] Level 1:colcon.colcon_core.package_identification:_identify(experiment_logs/T2_intermittent_3s_cycle) by extension 'cmake'
[0.593s] Level 1:colcon.colcon_core.package_identification:_identify(experiment_logs/T2_intermittent_3s_cycle) by extension 'python'
[0.593s] Level 1:colcon.colcon_core.package_identification:_identify(experiment_logs/T2_intermittent_3s_cycle) by extensions ['python_setup_py']
[0.593s] Level 1:colcon.colcon_core.package_identification:_identify(experiment_logs/T2_intermittent_3s_cycle) by extension 'python_setup_py'
[0.594s] Level 1:colcon.colcon_core.package_identification:_identify(experiment_logs/T2_intermittent_3s_cycle/run_1) by extensions ['ignore', 'ignore_ament_install']
[0.594s] Level 1:colcon.colcon_core.package_identification:_identify(experiment_logs/T2_intermittent_3s_cycle/run_1) by extension 'ignore'
[0.594s] Level 1:colcon.colcon_core.package_identification:_identify(experiment_logs/T2_intermittent_3s_cycle/run_1) by extension 'ignore_ament_install'
[0.595s] Level 1:colcon.colcon_core.package_identification:_identify(experiment_logs/T2_intermittent_3s_cycle/run_1) by extensions ['colcon_pkg']
[0.595s] Level 1:colcon.colcon_core.package_identification:_identify(experiment_logs/T2_intermittent_3s_cycle/run_1) by extension 'colcon_pkg'
[0.595s] Level 1:colcon.colcon_core.package_identification:_identify(experiment_logs/T2_intermittent_3s_cycle/run_1) by extensions ['colcon_meta']
[0.595s] Level 1:colcon.colcon_core.package_identification:_identify(experiment_logs/T2_intermittent_3s_cycle/run_1) by extension 'colcon_meta'
[0.595s] Level 1:colcon.colcon_core.package_identification:_identify(experiment_logs/T2_intermittent_3s_cycle/run_1) by extensions ['ros']
[0.595s] Level 1:colcon.colcon_core.package_identification:_identify(experiment_logs/T2_intermittent_3s_cycle/run_1) by extension 'ros'
[0.596s] Level 1:colcon.colcon_core.package_identification:_identify(experiment_logs/T2_intermittent_3s_cycle/run_1) by extensions ['cmake', 'python']
[0.596s] Level 1:colcon.colcon_core.package_identification:_identify(experiment_logs/T2_intermittent_3s_cycle/run_1) by extension 'cmake'
[0.596s] Level 1:colcon.colcon_core.package_identification:_identify(experiment_logs/T2_intermittent_3s_cycle/run_1) by extension 'python'
[0.596s] Level 1:colcon.colcon_core.package_identification:_identify(experiment_logs/T2_intermittent_3s_cycle/run_1) by extensions ['python_setup_py']
[0.596s] Level 1:colcon.colcon_core.package_identification:_identify(experiment_logs/T2_intermittent_3s_cycle/run_1) by extension 'python_setup_py'
[0.596s] Level 1:colcon.colcon_core.package_identification:_identify(experiment_logs/T2_intermittent_3s_cycle/run_2) by extensions ['ignore', 'ignore_ament_install']
[0.597s] Level 1:colcon.colcon_core.package_identification:_identify(experiment_logs/T2_intermittent_3s_cycle/run_2) by extension 'ignore'
[0.597s] Level 1:colcon.colcon_core.package_identification:_identify(experiment_logs/T2_intermittent_3s_cycle/run_2) by extension 'ignore_ament_install'
[0.597s] Level 1:colcon.colcon_core.package_identification:_identify(experiment_logs/T2_intermittent_3s_cycle/run_2) by extensions ['colcon_pkg']
[0.597s] Level 1:colcon.colcon_core.package_identification:_identify(experiment_logs/T2_intermittent_3s_cycle/run_2) by extension 'colcon_pkg'
[0.598s] Level 1:colcon.colcon_core.package_identification:_identify(experiment_logs/T2_intermittent_3s_cycle/run_2) by extensions ['colcon_meta']
[0.598s] Level 1:colcon.colcon_core.package_identification:_identify(experiment_logs/T2_intermittent_3s_cycle/run_2) by extension 'colcon_meta'
[0.598s] Level 1:colcon.colcon_core.package_identification:_identify(experiment_logs/T2_intermittent_3s_cycle/run_2) by extensions ['ros']
[0.598s] Level 1:colcon.colcon_core.package_identification:_identify(experiment_logs/T2_intermittent_3s_cycle/run_2) by extension 'ros'
[0.598s] Level 1:colcon.colcon_core.package_identification:_identify(experiment_logs/T2_intermittent_3s_cycle/run_2) by extensions ['cmake', 'python']
[0.599s] Level 1:colcon.colcon_core.package_identification:_identify(experiment_logs/T2_intermittent_3s_cycle/run_2) by extension 'cmake'
[0.599s] Level 1:colcon.colcon_core.package_identification:_identify(experiment_logs/T2_intermittent_3s_cycle/run_2) by extension 'python'
[0.599s] Level 1:colcon.colcon_core.package_identification:_identify(experiment_logs/T2_intermittent_3s_cycle/run_2) by extensions ['python_setup_py']
[0.599s] Level 1:colcon.colcon_core.package_identification:_identify(experiment_logs/T2_intermittent_3s_cycle/run_2) by extension 'python_setup_py'
[0.600s] Level 1:colcon.colcon_core.package_identification:_identify(experiment_logs/T2_intermittent_3s_cycle/run_3) by extensions ['ignore', 'ignore_ament_install']
[0.600s] Level 1:colcon.colcon_core.package_identification:_identify(experiment_logs/T2_intermittent_3s_cycle/run_3) by extension 'ignore'
[0.600s] Level 1:colcon.colcon_core.package_identification:_identify(experiment_logs/T2_intermittent_3s_cycle/run_3) by extension 'ignore_ament_install'
[0.600s] Level 1:colcon.colcon_core.package_identification:_identify(experiment_logs/T2_intermittent_3s_cycle/run_3) by extensions ['colcon_pkg']
[0.600s] Level 1:colcon.colcon_core.package_identification:_identify(experiment_logs/T2_intermittent_3s_cycle/run_3) by extension 'colcon_pkg'
[0.601s] Level 1:colcon.colcon_core.package_identification:_identify(experiment_logs/T2_intermittent_3s_cycle/run_3) by extensions ['colcon_meta']
[0.601s] Level 1:colcon.colcon_core.package_identification:_identify(experiment_logs/T2_intermittent_3s_cycle/run_3) by extension 'colcon_meta'
[0.601s] Level 1:colcon.colcon_core.package_identification:_identify(experiment_logs/T2_intermittent_3s_cycle/run_3) by extensions ['ros']
[0.601s] Level 1:colcon.colcon_core.package_identification:_identify(experiment_logs/T2_intermittent_3s_cycle/run_3) by extension 'ros'
[0.601s] Level 1:colcon.colcon_core.package_identification:_identify(experiment_logs/T2_intermittent_3s_cycle/run_3) by extensions ['cmake', 'python']
[0.602s] Level 1:colcon.colcon_core.package_identification:_identify(experiment_logs/T2_intermittent_3s_cycle/run_3) by extension 'cmake'
[0.602s] Level 1:colcon.colcon_core.package_identification:_identify(experiment_logs/T2_intermittent_3s_cycle/run_3) by extension 'python'
[0.602s] Level 1:colcon.colcon_core.package_identification:_identify(experiment_logs/T2_intermittent_3s_cycle/run_3) by extensions ['python_setup_py']
[0.602s] Level 1:colcon.colcon_core.package_identification:_identify(experiment_logs/T2_intermittent_3s_cycle/run_3) by extension 'python_setup_py'
[0.602s] Level 1:colcon.colcon_core.package_identification:_identify(experiment_logs/T3_intermittent_asymmetric) by extensions ['ignore', 'ignore_ament_install']
[0.603s] Level 1:colcon.colcon_core.package_identification:_identify(experiment_logs/T3_intermittent_asymmetric) by extension 'ignore'
[0.603s] Level 1:colcon.colcon_core.package_identification:_identify(experiment_logs/T3_intermittent_asymmetric) by extension 'ignore_ament_install'
[0.603s] Level 1:colcon.colcon_core.package_identification:_identify(experiment_logs/T3_intermittent_asymmetric) by extensions ['colcon_pkg']
[0.603s] Level 1:colcon.colcon_core.package_identification:_identify(experiment_logs/T3_intermittent_asymmetric) by extension 'colcon_pkg'
[0.603s] Level 1:colcon.colcon_core.package_identification:_identify(experiment_logs/T3_intermittent_asymmetric) by extensions ['colcon_meta']
[0.603s] Level 1:colcon.colcon_core.package_identification:_identify(experiment_logs/T3_intermittent_asymmetric) by extension 'colcon_meta'
[0.604s] Level 1:colcon.colcon_core.package_identification:_identify(experiment_logs/T3_intermittent_asymmetric) by extensions ['ros']
[0.604s] Level 1:colcon.colcon_core.package_identification:_identify(experiment_logs/T3_intermittent_asymmetric) by extension 'ros'
[0.604s] Level 1:colcon.colcon_core.package_identification:_identify(experiment_logs/T3_intermittent_asymmetric) by extensions ['cmake', 'python']
[0.604s] Level 1:colcon.colcon_core.package_identification:_identify(experiment_logs/T3_intermittent_asymmetric) by extension 'cmake'
[0.604s] Level 1:colcon.colcon_core.package_identification:_identify(experiment_logs/T3_intermittent_asymmetric) by extension 'python'
[0.605s] Level 1:colcon.colcon_core.package_identification:_identify(experiment_logs/T3_intermittent_asymmetric) by extensions ['python_setup_py']
[0.605s] Level 1:colcon.colcon_core.package_identification:_identify(experiment_logs/T3_intermittent_asymmetric) by extension 'python_setup_py'
[0.605s] Level 1:colcon.colcon_core.package_identification:_identify(experiment_logs/T3_intermittent_asymmetric/run_1) by extensions ['ignore', 'ignore_ament_install']
[0.605s] Level 1:colcon.colcon_core.package_identification:_identify(experiment_logs/T3_intermittent_asymmetric/run_1) by extension 'ignore'
[0.606s] Level 1:colcon.colcon_core.package_identification:_identify(experiment_logs/T3_intermittent_asymmetric/run_1) by extension 'ignore_ament_install'
[0.606s] Level 1:colcon.colcon_core.package_identification:_identify(experiment_logs/T3_intermittent_asymmetric/run_1) by extensions ['colcon_pkg']
[0.606s] Level 1:colcon.colcon_core.package_identification:_identify(experiment_logs/T3_intermittent_asymmetric/run_1) by extension 'colcon_pkg'
[0.606s] Level 1:colcon.colcon_core.package_identification:_identify(experiment_logs/T3_intermittent_asymmetric/run_1) by extensions ['colcon_meta']
[0.606s] Level 1:colcon.colcon_core.package_identification:_identify(experiment_logs/T3_intermittent_asymmetric/run_1) by extension 'colcon_meta'
[0.606s] Level 1:colcon.colcon_core.package_identification:_identify(experiment_logs/T3_intermittent_asymmetric/run_1) by extensions ['ros']
[0.606s] Level 1:colcon.colcon_core.package_identification:_identify(experiment_logs/T3_intermittent_asymmetric/run_1) by extension 'ros'
[0.607s] Level 1:colcon.colcon_core.package_identification:_identify(experiment_logs/T3_intermittent_asymmetric/run_1) by extensions ['cmake', 'python']
[0.607s] Level 1:colcon.colcon_core.package_identification:_identify(experiment_logs/T3_intermittent_asymmetric/run_1) by extension 'cmake'
[0.607s] Level 1:colcon.colcon_core.package_identification:_identify(experiment_logs/T3_intermittent_asymmetric/run_1) by extension 'python'
[0.607s] Level 1:colcon.colcon_core.package_identification:_identify(experiment_logs/T3_intermittent_asymmetric/run_1) by extensions ['python_setup_py']
[0.607s] Level 1:colcon.colcon_core.package_identification:_identify(experiment_logs/T3_intermittent_asymmetric/run_1) by extension 'python_setup_py'
[0.608s] Level 1:colcon.colcon_core.package_identification:_identify(experiment_logs/T3_intermittent_asymmetric/run_2) by extensions ['ignore', 'ignore_ament_install']
[0.608s] Level 1:colcon.colcon_core.package_identification:_identify(experiment_logs/T3_intermittent_asymmetric/run_2) by extension 'ignore'
[0.608s] Level 1:colcon.colcon_core.package_identification:_identify(experiment_logs/T3_intermittent_asymmetric/run_2) by extension 'ignore_ament_install'
[0.608s] Level 1:colcon.colcon_core.package_identification:_identify(experiment_logs/T3_intermittent_asymmetric/run_2) by extensions ['colcon_pkg']
[0.609s] Level 1:colcon.colcon_core.package_identification:_identify(experiment_logs/T3_intermittent_asymmetric/run_2) by extension 'colcon_pkg'
[0.609s] Level 1:colcon.colcon_core.package_identification:_identify(experiment_logs/T3_intermittent_asymmetric/run_2) by extensions ['colcon_meta']
[0.609s] Level 1:colcon.colcon_core.package_identification:_identify(experiment_logs/T3_intermittent_asymmetric/run_2) by extension 'colcon_meta'
[0.609s] Level 1:colcon.colcon_core.package_identification:_identify(experiment_logs/T3_intermittent_asymmetric/run_2) by extensions ['ros']
[0.609s] Level 1:colcon.colcon_core.package_identification:_identify(experiment_logs/T3_intermittent_asymmetric/run_2) by extension 'ros'
[0.609s] Level 1:colcon.colcon_core.package_identification:_identify(experiment_logs/T3_intermittent_asymmetric/run_2) by extensions ['cmake', 'python']
[0.610s] Level 1:colcon.colcon_core.package_identification:_identify(experiment_logs/T3_intermittent_asymmetric/run_2) by extension 'cmake'
[0.610s] Level 1:colcon.colcon_core.package_identification:_identify(experiment_logs/T3_intermittent_asymmetric/run_2) by extension 'python'
[0.610s] Level 1:colcon.colcon_core.package_identification:_identify(experiment_logs/T3_intermittent_asymmetric/run_2) by extensions ['python_setup_py']
[0.610s] Level 1:colcon.colcon_core.package_identification:_identify(experiment_logs/T3_intermittent_asymmetric/run_2) by extension 'python_setup_py'
[0.611s] Level 1:colcon.colcon_core.package_identification:_identify(experiment_logs/T3_intermittent_asymmetric/run_3) by extensions ['ignore', 'ignore_ament_install']
[0.611s] Level 1:colcon.colcon_core.package_identification:_identify(experiment_logs/T3_intermittent_asymmetric/run_3) by extension 'ignore'
[0.611s] Level 1:colcon.colcon_core.package_identification:_identify(experiment_logs/T3_intermittent_asymmetric/run_3) by extension 'ignore_ament_install'
[0.611s] Level 1:colcon.colcon_core.package_identification:_identify(experiment_logs/T3_intermittent_asymmetric/run_3) by extensions ['colcon_pkg']
[0.611s] Level 1:colcon.colcon_core.package_identification:_identify(experiment_logs/T3_intermittent_asymmetric/run_3) by extension 'colcon_pkg'
[0.612s] Level 1:colcon.colcon_core.package_identification:_identify(experiment_logs/T3_intermittent_asymmetric/run_3) by extensions ['colcon_meta']
[0.612s] Level 1:colcon.colcon_core.package_identification:_identify(experiment_logs/T3_intermittent_asymmetric/run_3) by extension 'colcon_meta'
[0.612s] Level 1:colcon.colcon_core.package_identification:_identify(experiment_logs/T3_intermittent_asymmetric/run_3) by extensions ['ros']
[0.612s] Level 1:colcon.colcon_core.package_identification:_identify(experiment_logs/T3_intermittent_asymmetric/run_3) by extension 'ros'
[0.612s] Level 1:colcon.colcon_core.package_identification:_identify(experiment_logs/T3_intermittent_asymmetric/run_3) by extensions ['cmake', 'python']
[0.613s] Level 1:colcon.colcon_core.package_identification:_identify(experiment_logs/T3_intermittent_asymmetric/run_3) by extension 'cmake'
[0.613s] Level 1:colcon.colcon_core.package_identification:_identify(experiment_logs/T3_intermittent_asymmetric/run_3) by extension 'python'
[0.613s] Level 1:colcon.colcon_core.package_identification:_identify(experiment_logs/T3_intermittent_asymmetric/run_3) by extensions ['python_setup_py']
[0.613s] Level 1:colcon.colcon_core.package_identification:_identify(experiment_logs/T3_intermittent_asymmetric/run_3) by extension 'python_setup_py'
[0.614s] Level 1:colcon.colcon_core.package_identification:_identify(install) by extensions ['ignore', 'ignore_ament_install']
[0.614s] Level 1:colcon.colcon_core.package_identification:_identify(install) by extension 'ignore'
[0.614s] Level 1:colcon.colcon_core.package_identification:_identify(install) ignored
[0.615s] Level 1:colcon.colcon_core.package_identification:_identify(log) by extensions ['ignore', 'ignore_ament_install']
[0.615s] Level 1:colcon.colcon_core.package_identification:_identify(log) by extension 'ignore'
[0.615s] Level 1:colcon.colcon_core.package_identification:_identify(log) ignored
[0.616s] Level 1:colcon.colcon_core.package_identification:_identify(src) by extensions ['ignore', 'ignore_ament_install']
[0.616s] Level 1:colcon.colcon_core.package_identification:_identify(src) by extension 'ignore'
[0.616s] Level 1:colcon.colcon_core.package_identification:_identify(src) by extension 'ignore_ament_install'
[0.616s] Level 1:colcon.colcon_core.package_identification:_identify(src) by extensions ['colcon_pkg']
[0.617s] Level 1:colcon.colcon_core.package_identification:_identify(src) by extension 'colcon_pkg'
[0.617s] Level 1:colcon.colcon_core.package_identification:_identify(src) by extensions ['colcon_meta']
[0.617s] Level 1:colcon.colcon_core.package_identification:_identify(src) by extension 'colcon_meta'
[0.617s] Level 1:colcon.colcon_core.package_identification:_identify(src) by extensions ['ros']
[0.617s] Level 1:colcon.colcon_core.package_identification:_identify(src) by extension 'ros'
[0.618s] Level 1:colcon.colcon_core.package_identification:_identify(src) by extensions ['cmake', 'python']
[0.618s] Level 1:colcon.colcon_core.package_identification:_identify(src) by extension 'cmake'
[0.618s] Level 1:colcon.colcon_core.package_identification:_identify(src) by extension 'python'
[0.618s] Level 1:colcon.colcon_core.package_identification:_identify(src) by extensions ['python_setup_py']
[0.618s] Level 1:colcon.colcon_core.package_identification:_identify(src) by extension 'python_setup_py'
[0.619s] Level 1:colcon.colcon_core.package_identification:_identify(src/central_swarm_control) by extensions ['ignore', 'ignore_ament_install']
[0.619s] Level 1:colcon.colcon_core.package_identification:_identify(src/central_swarm_control) by extension 'ignore'
[0.619s] Level 1:colcon.colcon_core.package_identification:_identify(src/central_swarm_control) by extension 'ignore_ament_install'
[0.619s] Level 1:colcon.colcon_core.package_identification:_identify(src/central_swarm_control) by extensions ['colcon_pkg']
[0.620s] Level 1:colcon.colcon_core.package_identification:_identify(src/central_swarm_control) by extension 'colcon_pkg'
[0.620s] Level 1:colcon.colcon_core.package_identification:_identify(src/central_swarm_control) by extensions ['colcon_meta']
[0.620s] Level 1:colcon.colcon_core.package_identification:_identify(src/central_swarm_control) by extension 'colcon_meta'
[0.620s] Level 1:colcon.colcon_core.package_identification:_identify(src/central_swarm_control) by extensions ['ros']
[0.620s] Level 1:colcon.colcon_core.package_identification:_identify(src/central_swarm_control) by extension 'ros'
[0.629s] DEBUG:colcon.colcon_core.package_identification:Package 'src/central_swarm_control' with type 'ros.ament_python' and name 'central_swarm_control'
[0.630s] Level 1:colcon.colcon_core.package_identification:_identify(src/crazyswarm2) by extensions ['ignore', 'ignore_ament_install']
[0.630s] Level 1:colcon.colcon_core.package_identification:_identify(src/crazyswarm2) by extension 'ignore'
[0.630s] Level 1:colcon.colcon_core.package_identification:_identify(src/crazyswarm2) by extension 'ignore_ament_install'
[0.631s] Level 1:colcon.colcon_core.package_identification:_identify(src/crazyswarm2) by extensions ['colcon_pkg']
[0.631s] Level 1:colcon.colcon_core.package_identification:_identify(src/crazyswarm2) by extension 'colcon_pkg'
[0.631s] Level 1:colcon.colcon_core.package_identification:_identify(src/crazyswarm2) by extensions ['colcon_meta']
[0.631s] Level 1:colcon.colcon_core.package_identification:_identify(src/crazyswarm2) by extension 'colcon_meta'
[0.631s] Level 1:colcon.colcon_core.package_identification:_identify(src/crazyswarm2) by extensions ['ros']
[0.631s] Level 1:colcon.colcon_core.package_identification:_identify(src/crazyswarm2) by extension 'ros'
[0.632s] Level 1:colcon.colcon_core.package_identification:_identify(src/crazyswarm2) by extensions ['cmake', 'python']
[0.632s] Level 1:colcon.colcon_core.package_identification:_identify(src/crazyswarm2) by extension 'cmake'
[0.632s] Level 1:colcon.colcon_core.package_identification:_identify(src/crazyswarm2) by extension 'python'
[0.633s] Level 1:colcon.colcon_core.package_identification:_identify(src/crazyswarm2) by extensions ['python_setup_py']
[0.633s] Level 1:colcon.colcon_core.package_identification:_identify(src/crazyswarm2) by extension 'python_setup_py'
[0.633s] Level 1:colcon.colcon_core.package_identification:_identify(src/crazyswarm2/crazyflie) by extensions ['ignore', 'ignore_ament_install']
[0.634s] Level 1:colcon.colcon_core.package_identification:_identify(src/crazyswarm2/crazyflie) by extension 'ignore'
[0.634s] Level 1:colcon.colcon_core.package_identification:_identify(src/crazyswarm2/crazyflie) by extension 'ignore_ament_install'
[0.634s] Level 1:colcon.colcon_core.package_identification:_identify(src/crazyswarm2/crazyflie) by extensions ['colcon_pkg']
[0.635s] Level 1:colcon.colcon_core.package_identification:_identify(src/crazyswarm2/crazyflie) by extension 'colcon_pkg'
[0.635s] Level 1:colcon.colcon_core.package_identification:_identify(src/crazyswarm2/crazyflie) by extensions ['colcon_meta']
[0.635s] Level 1:colcon.colcon_core.package_identification:_identify(src/crazyswarm2/crazyflie) by extension 'colcon_meta'
[0.635s] Level 1:colcon.colcon_core.package_identification:_identify(src/crazyswarm2/crazyflie) by extensions ['ros']
[0.635s] Level 1:colcon.colcon_core.package_identification:_identify(src/crazyswarm2/crazyflie) by extension 'ros'
[0.640s] DEBUG:colcon.colcon_core.package_identification:Package 'src/crazyswarm2/crazyflie' with type 'ros.ament_cmake' and name 'crazyflie'
[0.640s] Level 1:colcon.colcon_core.package_identification:_identify(src/crazyswarm2/crazyflie_examples) by extensions ['ignore', 'ignore_ament_install']
[0.640s] Level 1:colcon.colcon_core.package_identification:_identify(src/crazyswarm2/crazyflie_examples) by extension 'ignore'
[0.641s] Level 1:colcon.colcon_core.package_identification:_identify(src/crazyswarm2/crazyflie_examples) by extension 'ignore_ament_install'
[0.641s] Level 1:colcon.colcon_core.package_identification:_identify(src/crazyswarm2/crazyflie_examples) by extensions ['colcon_pkg']
[0.641s] Level 1:colcon.colcon_core.package_identification:_identify(src/crazyswarm2/crazyflie_examples) by extension 'colcon_pkg'
[0.641s] Level 1:colcon.colcon_core.package_identification:_identify(src/crazyswarm2/crazyflie_examples) by extensions ['colcon_meta']
[0.641s] Level 1:colcon.colcon_core.package_identification:_identify(src/crazyswarm2/crazyflie_examples) by extension 'colcon_meta'
[0.641s] Level 1:colcon.colcon_core.package_identification:_identify(src/crazyswarm2/crazyflie_examples) by extensions ['ros']
[0.641s] Level 1:colcon.colcon_core.package_identification:_identify(src/crazyswarm2/crazyflie_examples) by extension 'ros'
[0.644s] DEBUG:colcon.colcon_core.package_identification:Package 'src/crazyswarm2/crazyflie_examples' with type 'ros.ament_cmake' and name 'crazyflie_examples'
[0.644s] Level 1:colcon.colcon_core.package_identification:_identify(src/crazyswarm2/crazyflie_interfaces) by extensions ['ignore', 'ignore_ament_install']
[0.645s] Level 1:colcon.colcon_core.package_identification:_identify(src/crazyswarm2/crazyflie_interfaces) by extension 'ignore'
[0.645s] Level 1:colcon.colcon_core.package_identification:_identify(src/crazyswarm2/crazyflie_interfaces) by extension 'ignore_ament_install'
[0.645s] Level 1:colcon.colcon_core.package_identification:_identify(src/crazyswarm2/crazyflie_interfaces) by extensions ['colcon_pkg']
[0.645s] Level 1:colcon.colcon_core.package_identification:_identify(src/crazyswarm2/crazyflie_interfaces) by extension 'colcon_pkg'
[0.646s] Level 1:colcon.colcon_core.package_identification:_identify(src/crazyswarm2/crazyflie_interfaces) by extensions ['colcon_meta']
[0.646s] Level 1:colcon.colcon_core.package_identification:_identify(src/crazyswarm2/crazyflie_interfaces) by extension 'colcon_meta'
[0.646s] Level 1:colcon.colcon_core.package_identification:_identify(src/crazyswarm2/crazyflie_interfaces) by extensions ['ros']
[0.646s] Level 1:colcon.colcon_core.package_identification:_identify(src/crazyswarm2/crazyflie_interfaces) by extension 'ros'
[0.649s] DEBUG:colcon.colcon_core.package_identification:Package 'src/crazyswarm2/crazyflie_interfaces' with type 'ros.ament_cmake' and name 'crazyflie_interfaces'
[0.650s] Level 1:colcon.colcon_core.package_identification:_identify(src/crazyswarm2/crazyflie_py) by extensions ['ignore', 'ignore_ament_install']
[0.650s] Level 1:colcon.colcon_core.package_identification:_identify(src/crazyswarm2/crazyflie_py) by extension 'ignore'
[0.650s] Level 1:colcon.colcon_core.package_identification:_identify(src/crazyswarm2/crazyflie_py) by extension 'ignore_ament_install'
[0.651s] Level 1:colcon.colcon_core.package_identification:_identify(src/crazyswarm2/crazyflie_py) by extensions ['colcon_pkg']
[0.651s] Level 1:colcon.colcon_core.package_identification:_identify(src/crazyswarm2/crazyflie_py) by extension 'colcon_pkg'
[0.652s] Level 1:colcon.colcon_core.package_identification:_identify(src/crazyswarm2/crazyflie_py) by extensions ['colcon_meta']
[0.652s] Level 1:colcon.colcon_core.package_identification:_identify(src/crazyswarm2/crazyflie_py) by extension 'colcon_meta'
[0.653s] Level 1:colcon.colcon_core.package_identification:_identify(src/crazyswarm2/crazyflie_py) by extensions ['ros']
[0.653s] Level 1:colcon.colcon_core.package_identification:_identify(src/crazyswarm2/crazyflie_py) by extension 'ros'
[0.655s] DEBUG:colcon.colcon_core.package_identification:Package 'src/crazyswarm2/crazyflie_py' with type 'ros.ament_python' and name 'crazyflie_py'
[0.656s] Level 1:colcon.colcon_core.package_identification:_identify(src/crazyswarm2/crazyflie_sim) by extensions ['ignore', 'ignore_ament_install']
[0.656s] Level 1:colcon.colcon_core.package_identification:_identify(src/crazyswarm2/crazyflie_sim) by extension 'ignore'
[0.656s] Level 1:colcon.colcon_core.package_identification:_identify(src/crazyswarm2/crazyflie_sim) by extension 'ignore_ament_install'
[0.657s] Level 1:colcon.colcon_core.package_identification:_identify(src/crazyswarm2/crazyflie_sim) by extensions ['colcon_pkg']
[0.657s] Level 1:colcon.colcon_core.package_identification:_identify(src/crazyswarm2/crazyflie_sim) by extension 'colcon_pkg'
[0.657s] Level 1:colcon.colcon_core.package_identification:_identify(src/crazyswarm2/crazyflie_sim) by extensions ['colcon_meta']
[0.657s] Level 1:colcon.colcon_core.package_identification:_identify(src/crazyswarm2/crazyflie_sim) by extension 'colcon_meta'
[0.657s] Level 1:colcon.colcon_core.package_identification:_identify(src/crazyswarm2/crazyflie_sim) by extensions ['ros']
[0.657s] Level 1:colcon.colcon_core.package_identification:_identify(src/crazyswarm2/crazyflie_sim) by extension 'ros'
[0.660s] DEBUG:colcon.colcon_core.package_identification:Package 'src/crazyswarm2/crazyflie_sim' with type 'ros.ament_cmake' and name 'crazyflie_sim'
[0.660s] Level 1:colcon.colcon_core.package_identification:_identify(src/crazyswarm2/docs) by extensions ['ignore', 'ignore_ament_install']
[0.660s] Level 1:colcon.colcon_core.package_identification:_identify(src/crazyswarm2/docs) by extension 'ignore'
[0.661s] Level 1:colcon.colcon_core.package_identification:_identify(src/crazyswarm2/docs) by extension 'ignore_ament_install'
[0.661s] Level 1:colcon.colcon_core.package_identification:_identify(src/crazyswarm2/docs) by extensions ['colcon_pkg']
[0.661s] Level 1:colcon.colcon_core.package_identification:_identify(src/crazyswarm2/docs) by extension 'colcon_pkg'
[0.661s] Level 1:colcon.colcon_core.package_identification:_identify(src/crazyswarm2/docs) by extensions ['colcon_meta']
[0.661s] Level 1:colcon.colcon_core.package_identification:_identify(src/crazyswarm2/docs) by extension 'colcon_meta'
[0.661s] Level 1:colcon.colcon_core.package_identification:_identify(src/crazyswarm2/docs) by extensions ['ros']
[0.662s] Level 1:colcon.colcon_core.package_identification:_identify(src/crazyswarm2/docs) by extension 'ros'
[0.662s] Level 1:colcon.colcon_core.package_identification:_identify(src/crazyswarm2/docs) by extensions ['cmake', 'python']
[0.662s] Level 1:colcon.colcon_core.package_identification:_identify(src/crazyswarm2/docs) by extension 'cmake'
[0.662s] Level 1:colcon.colcon_core.package_identification:_identify(src/crazyswarm2/docs) by extension 'python'
[0.662s] Level 1:colcon.colcon_core.package_identification:_identify(src/crazyswarm2/docs) by extensions ['python_setup_py']
[0.662s] Level 1:colcon.colcon_core.package_identification:_identify(src/crazyswarm2/docs) by extension 'python_setup_py'
[0.663s] Level 1:colcon.colcon_core.package_identification:_identify(src/crazyswarm2/docs/generated) by extensions ['ignore', 'ignore_ament_install']
[0.663s] Level 1:colcon.colcon_core.package_identification:_identify(src/crazyswarm2/docs/generated) by extension 'ignore'
[0.663s] Level 1:colcon.colcon_core.package_identification:_identify(src/crazyswarm2/docs/generated) by extension 'ignore_ament_install'
[0.664s] Level 1:colcon.colcon_core.package_identification:_identify(src/crazyswarm2/docs/generated) by extensions ['colcon_pkg']
[0.664s] Level 1:colcon.colcon_core.package_identification:_identify(src/crazyswarm2/docs/generated) by extension 'colcon_pkg'
[0.664s] Level 1:colcon.colcon_core.package_identification:_identify(src/crazyswarm2/docs/generated) by extensions ['colcon_meta']
[0.664s] Level 1:colcon.colcon_core.package_identification:_identify(src/crazyswarm2/docs/generated) by extension 'colcon_meta'
[0.664s] Level 1:colcon.colcon_core.package_identification:_identify(src/crazyswarm2/docs/generated) by extensions ['ros']
[0.665s] Level 1:colcon.colcon_core.package_identification:_identify(src/crazyswarm2/docs/generated) by extension 'ros'
[0.665s] Level 1:colcon.colcon_core.package_identification:_identify(src/crazyswarm2/docs/generated) by extensions ['cmake', 'python']
[0.665s] Level 1:colcon.colcon_core.package_identification:_identify(src/crazyswarm2/docs/generated) by extension 'cmake'
[0.665s] Level 1:colcon.colcon_core.package_identification:_identify(src/crazyswarm2/docs/generated) by extension 'python'
[0.665s] Level 1:colcon.colcon_core.package_identification:_identify(src/crazyswarm2/docs/generated) by extensions ['python_setup_py']
[0.666s] Level 1:colcon.colcon_core.package_identification:_identify(src/crazyswarm2/docs/generated) by extension 'python_setup_py'
[0.666s] Level 1:colcon.colcon_core.package_identification:_identify(src/crazyswarm2/docs/howto) by extensions ['ignore', 'ignore_ament_install']
[0.666s] Level 1:colcon.colcon_core.package_identification:_identify(src/crazyswarm2/docs/howto) by extension 'ignore'
[0.666s] Level 1:colcon.colcon_core.package_identification:_identify(src/crazyswarm2/docs/howto) by extension 'ignore_ament_install'
[0.667s] Level 1:colcon.colcon_core.package_identification:_identify(src/crazyswarm2/docs/howto) by extensions ['colcon_pkg']
[0.667s] Level 1:colcon.colcon_core.package_identification:_identify(src/crazyswarm2/docs/howto) by extension 'colcon_pkg'
[0.667s] Level 1:colcon.colcon_core.package_identification:_identify(src/crazyswarm2/docs/howto) by extensions ['colcon_meta']
[0.667s] Level 1:colcon.colcon_core.package_identification:_identify(src/crazyswarm2/docs/howto) by extension 'colcon_meta'
[0.667s] Level 1:colcon.colcon_core.package_identification:_identify(src/crazyswarm2/docs/howto) by extensions ['ros']
[0.667s] Level 1:colcon.colcon_core.package_identification:_identify(src/crazyswarm2/docs/howto) by extension 'ros'
[0.668s] Level 1:colcon.colcon_core.package_identification:_identify(src/crazyswarm2/docs/howto) by extensions ['cmake', 'python']
[0.668s] Level 1:colcon.colcon_core.package_identification:_identify(src/crazyswarm2/docs/howto) by extension 'cmake'
[0.668s] Level 1:colcon.colcon_core.package_identification:_identify(src/crazyswarm2/docs/howto) by extension 'python'
[0.668s] Level 1:colcon.colcon_core.package_identification:_identify(src/crazyswarm2/docs/howto) by extensions ['python_setup_py']
[0.668s] Level 1:colcon.colcon_core.package_identification:_identify(src/crazyswarm2/docs/howto) by extension 'python_setup_py'
[0.669s] Level 1:colcon.colcon_core.package_identification:_identify(src/crazyswarm2/docs/images) by extensions ['ignore', 'ignore_ament_install']
[0.669s] Level 1:colcon.colcon_core.package_identification:_identify(src/crazyswarm2/docs/images) by extension 'ignore'
[0.669s] Level 1:colcon.colcon_core.package_identification:_identify(src/crazyswarm2/docs/images) by extension 'ignore_ament_install'
[0.669s] Level 1:colcon.colcon_core.package_identification:_identify(src/crazyswarm2/docs/images) by extensions ['colcon_pkg']
[0.669s] Level 1:colcon.colcon_core.package_identification:_identify(src/crazyswarm2/docs/images) by extension 'colcon_pkg'
[0.670s] Level 1:colcon.colcon_core.package_identification:_identify(src/crazyswarm2/docs/images) by extensions ['colcon_meta']
[0.670s] Level 1:colcon.colcon_core.package_identification:_identify(src/crazyswarm2/docs/images) by extension 'colcon_meta'
[0.670s] Level 1:colcon.colcon_core.package_identification:_identify(src/crazyswarm2/docs/images) by extensions ['ros']
[0.670s] Level 1:colcon.colcon_core.package_identification:_identify(src/crazyswarm2/docs/images) by extension 'ros'
[0.670s] Level 1:colcon.colcon_core.package_identification:_identify(src/crazyswarm2/docs/images) by extensions ['cmake', 'python']
[0.671s] Level 1:colcon.colcon_core.package_identification:_identify(src/crazyswarm2/docs/images) by extension 'cmake'
[0.671s] Level 1:colcon.colcon_core.package_identification:_identify(src/crazyswarm2/docs/images) by extension 'python'
[0.671s] Level 1:colcon.colcon_core.package_identification:_identify(src/crazyswarm2/docs/images) by extensions ['python_setup_py']
[0.671s] Level 1:colcon.colcon_core.package_identification:_identify(src/crazyswarm2/docs/images) by extension 'python_setup_py'
[0.671s] Level 1:colcon.colcon_core.package_identification:_identify(src/crazyswarm2/docs/tutorials) by extensions ['ignore', 'ignore_ament_install']
[0.672s] Level 1:colcon.colcon_core.package_identification:_identify(src/crazyswarm2/docs/tutorials) by extension 'ignore'
[0.672s] Level 1:colcon.colcon_core.package_identification:_identify(src/crazyswarm2/docs/tutorials) by extension 'ignore_ament_install'
[0.672s] Level 1:colcon.colcon_core.package_identification:_identify(src/crazyswarm2/docs/tutorials) by extensions ['colcon_pkg']
[0.672s] Level 1:colcon.colcon_core.package_identification:_identify(src/crazyswarm2/docs/tutorials) by extension 'colcon_pkg'
[0.672s] Level 1:colcon.colcon_core.package_identification:_identify(src/crazyswarm2/docs/tutorials) by extensions ['colcon_meta']
[0.672s] Level 1:colcon.colcon_core.package_identification:_identify(src/crazyswarm2/docs/tutorials) by extension 'colcon_meta'
[0.673s] Level 1:colcon.colcon_core.package_identification:_identify(src/crazyswarm2/docs/tutorials) by extensions ['ros']
[0.673s] Level 1:colcon.colcon_core.package_identification:_identify(src/crazyswarm2/docs/tutorials) by extension 'ros'
[0.673s] Level 1:colcon.colcon_core.package_identification:_identify(src/crazyswarm2/docs/tutorials) by extensions ['cmake', 'python']
[0.673s] Level 1:colcon.colcon_core.package_identification:_identify(src/crazyswarm2/docs/tutorials) by extension 'cmake'
[0.673s] Level 1:colcon.colcon_core.package_identification:_identify(src/crazyswarm2/docs/tutorials) by extension 'python'
[0.673s] Level 1:colcon.colcon_core.package_identification:_identify(src/crazyswarm2/docs/tutorials) by extensions ['python_setup_py']
[0.674s] Level 1:colcon.colcon_core.package_identification:_identify(src/crazyswarm2/docs/tutorials) by extension 'python_setup_py'
[0.674s] Level 1:colcon.colcon_core.package_identification:_identify(src/crazyswarm2/docs2) by extensions ['ignore', 'ignore_ament_install']
[0.674s] Level 1:colcon.colcon_core.package_identification:_identify(src/crazyswarm2/docs2) by extension 'ignore'
[0.675s] Level 1:colcon.colcon_core.package_identification:_identify(src/crazyswarm2/docs2) by extension 'ignore_ament_install'
[0.675s] Level 1:colcon.colcon_core.package_identification:_identify(src/crazyswarm2/docs2) by extensions ['colcon_pkg']
[0.675s] Level 1:colcon.colcon_core.package_identification:_identify(src/crazyswarm2/docs2) by extension 'colcon_pkg'
[0.675s] Level 1:colcon.colcon_core.package_identification:_identify(src/crazyswarm2/docs2) by extensions ['colcon_meta']
[0.675s] Level 1:colcon.colcon_core.package_identification:_identify(src/crazyswarm2/docs2) by extension 'colcon_meta'
[0.676s] Level 1:colcon.colcon_core.package_identification:_identify(src/crazyswarm2/docs2) by extensions ['ros']
[0.676s] Level 1:colcon.colcon_core.package_identification:_identify(src/crazyswarm2/docs2) by extension 'ros'
[0.676s] Level 1:colcon.colcon_core.package_identification:_identify(src/crazyswarm2/docs2) by extensions ['cmake', 'python']
[0.676s] Level 1:colcon.colcon_core.package_identification:_identify(src/crazyswarm2/docs2) by extension 'cmake'
[0.676s] Level 1:colcon.colcon_core.package_identification:_identify(src/crazyswarm2/docs2) by extension 'python'
[0.677s] Level 1:colcon.colcon_core.package_identification:_identify(src/crazyswarm2/docs2) by extensions ['python_setup_py']
[0.677s] Level 1:colcon.colcon_core.package_identification:_identify(src/crazyswarm2/docs2) by extension 'python_setup_py'
[0.677s] Level 1:colcon.colcon_core.package_identification:_identify(src/crazyswarm2/docs2/images) by extensions ['ignore', 'ignore_ament_install']
[0.677s] Level 1:colcon.colcon_core.package_identification:_identify(src/crazyswarm2/docs2/images) by extension 'ignore'
[0.677s] Level 1:colcon.colcon_core.package_identification:_identify(src/crazyswarm2/docs2/images) by extension 'ignore_ament_install'
[0.678s] Level 1:colcon.colcon_core.package_identification:_identify(src/crazyswarm2/docs2/images) by extensions ['colcon_pkg']
[0.678s] Level 1:colcon.colcon_core.package_identification:_identify(src/crazyswarm2/docs2/images) by extension 'colcon_pkg'
[0.678s] Level 1:colcon.colcon_core.package_identification:_identify(src/crazyswarm2/docs2/images) by extensions ['colcon_meta']
[0.678s] Level 1:colcon.colcon_core.package_identification:_identify(src/crazyswarm2/docs2/images) by extension 'colcon_meta'
[0.678s] Level 1:colcon.colcon_core.package_identification:_identify(src/crazyswarm2/docs2/images) by extensions ['ros']
[0.678s] Level 1:colcon.colcon_core.package_identification:_identify(src/crazyswarm2/docs2/images) by extension 'ros'
[0.678s] Level 1:colcon.colcon_core.package_identification:_identify(src/crazyswarm2/docs2/images) by extensions ['cmake', 'python']
[0.679s] Level 1:colcon.colcon_core.package_identification:_identify(src/crazyswarm2/docs2/images) by extension 'cmake'
[0.679s] Level 1:colcon.colcon_core.package_identification:_identify(src/crazyswarm2/docs2/images) by extension 'python'
[0.679s] Level 1:colcon.colcon_core.package_identification:_identify(src/crazyswarm2/docs2/images) by extensions ['python_setup_py']
[0.679s] Level 1:colcon.colcon_core.package_identification:_identify(src/crazyswarm2/docs2/images) by extension 'python_setup_py'
[0.679s] Level 1:colcon.colcon_core.package_identification:_identify(src/crazyswarm2/prebuilt) by extensions ['ignore', 'ignore_ament_install']
[0.679s] Level 1:colcon.colcon_core.package_identification:_identify(src/crazyswarm2/prebuilt) by extension 'ignore'
[0.680s] Level 1:colcon.colcon_core.package_identification:_identify(src/crazyswarm2/prebuilt) by extension 'ignore_ament_install'
[0.680s] Level 1:colcon.colcon_core.package_identification:_identify(src/crazyswarm2/prebuilt) by extensions ['colcon_pkg']
[0.680s] Level 1:colcon.colcon_core.package_identification:_identify(src/crazyswarm2/prebuilt) by extension 'colcon_pkg'
[0.680s] Level 1:colcon.colcon_core.package_identification:_identify(src/crazyswarm2/prebuilt) by extensions ['colcon_meta']
[0.680s] Level 1:colcon.colcon_core.package_identification:_identify(src/crazyswarm2/prebuilt) by extension 'colcon_meta'
[0.680s] Level 1:colcon.colcon_core.package_identification:_identify(src/crazyswarm2/prebuilt) by extensions ['ros']
[0.681s] Level 1:colcon.colcon_core.package_identification:_identify(src/crazyswarm2/prebuilt) by extension 'ros'
[0.681s] Level 1:colcon.colcon_core.package_identification:_identify(src/crazyswarm2/prebuilt) by extensions ['cmake', 'python']
[0.681s] Level 1:colcon.colcon_core.package_identification:_identify(src/crazyswarm2/prebuilt) by extension 'cmake'
[0.681s] Level 1:colcon.colcon_core.package_identification:_identify(src/crazyswarm2/prebuilt) by extension 'python'
[0.682s] Level 1:colcon.colcon_core.package_identification:_identify(src/crazyswarm2/prebuilt) by extensions ['python_setup_py']
[0.682s] Level 1:colcon.colcon_core.package_identification:_identify(src/crazyswarm2/prebuilt) by extension 'python_setup_py'
[0.682s] Level 1:colcon.colcon_core.package_identification:_identify(src/crazyswarm2/ros_ws) by extensions ['ignore', 'ignore_ament_install']
[0.682s] Level 1:colcon.colcon_core.package_identification:_identify(src/crazyswarm2/ros_ws) by extension 'ignore'
[0.683s] Level 1:colcon.colcon_core.package_identification:_identify(src/crazyswarm2/ros_ws) by extension 'ignore_ament_install'
[0.683s] Level 1:colcon.colcon_core.package_identification:_identify(src/crazyswarm2/ros_ws) by extensions ['colcon_pkg']
[0.683s] Level 1:colcon.colcon_core.package_identification:_identify(src/crazyswarm2/ros_ws) by extension 'colcon_pkg'
[0.683s] Level 1:colcon.colcon_core.package_identification:_identify(src/crazyswarm2/ros_ws) by extensions ['colcon_meta']
[0.683s] Level 1:colcon.colcon_core.package_identification:_identify(src/crazyswarm2/ros_ws) by extension 'colcon_meta'
[0.684s] Level 1:colcon.colcon_core.package_identification:_identify(src/crazyswarm2/ros_ws) by extensions ['ros']
[0.684s] Level 1:colcon.colcon_core.package_identification:_identify(src/crazyswarm2/ros_ws) by extension 'ros'
[0.684s] Level 1:colcon.colcon_core.package_identification:_identify(src/crazyswarm2/ros_ws) by extensions ['cmake', 'python']
[0.684s] Level 1:colcon.colcon_core.package_identification:_identify(src/crazyswarm2/ros_ws) by extension 'cmake'
[0.684s] Level 1:colcon.colcon_core.package_identification:_identify(src/crazyswarm2/ros_ws) by extension 'python'
[0.684s] Level 1:colcon.colcon_core.package_identification:_identify(src/crazyswarm2/ros_ws) by extensions ['python_setup_py']
[0.685s] Level 1:colcon.colcon_core.package_identification:_identify(src/crazyswarm2/ros_ws) by extension 'python_setup_py'
[0.685s] Level 1:colcon.colcon_core.package_identification:_identify(src/crazyswarm2/ros_ws/src) by extensions ['ignore', 'ignore_ament_install']
[0.685s] Level 1:colcon.colcon_core.package_identification:_identify(src/crazyswarm2/ros_ws/src) by extension 'ignore'
[0.685s] Level 1:colcon.colcon_core.package_identification:_identify(src/crazyswarm2/ros_ws/src) by extension 'ignore_ament_install'
[0.686s] Level 1:colcon.colcon_core.package_identification:_identify(src/crazyswarm2/ros_ws/src) by extensions ['colcon_pkg']
[0.686s] Level 1:colcon.colcon_core.package_identification:_identify(src/crazyswarm2/ros_ws/src) by extension 'colcon_pkg'
[0.686s] Level 1:colcon.colcon_core.package_identification:_identify(src/crazyswarm2/ros_ws/src) by extensions ['colcon_meta']
[0.686s] Level 1:colcon.colcon_core.package_identification:_identify(src/crazyswarm2/ros_ws/src) by extension 'colcon_meta'
[0.686s] Level 1:colcon.colcon_core.package_identification:_identify(src/crazyswarm2/ros_ws/src) by extensions ['ros']
[0.686s] Level 1:colcon.colcon_core.package_identification:_identify(src/crazyswarm2/ros_ws/src) by extension 'ros'
[0.687s] Level 1:colcon.colcon_core.package_identification:_identify(src/crazyswarm2/ros_ws/src) by extensions ['cmake', 'python']
[0.687s] Level 1:colcon.colcon_core.package_identification:_identify(src/crazyswarm2/ros_ws/src) by extension 'cmake'
[0.687s] Level 1:colcon.colcon_core.package_identification:_identify(src/crazyswarm2/ros_ws/src) by extension 'python'
[0.687s] Level 1:colcon.colcon_core.package_identification:_identify(src/crazyswarm2/ros_ws/src) by extensions ['python_setup_py']
[0.687s] Level 1:colcon.colcon_core.package_identification:_identify(src/crazyswarm2/ros_ws/src) by extension 'python_setup_py'
[0.688s] Level 1:colcon.colcon_core.package_identification:_identify(src/crazyswarm2/ros_ws/src/crazyswarm) by extensions ['ignore', 'ignore_ament_install']
[0.688s] Level 1:colcon.colcon_core.package_identification:_identify(src/crazyswarm2/ros_ws/src/crazyswarm) by extension 'ignore'
[0.688s] Level 1:colcon.colcon_core.package_identification:_identify(src/crazyswarm2/ros_ws/src/crazyswarm) by extension 'ignore_ament_install'
[0.689s] Level 1:colcon.colcon_core.package_identification:_identify(src/crazyswarm2/ros_ws/src/crazyswarm) by extensions ['colcon_pkg']
[0.689s] Level 1:colcon.colcon_core.package_identification:_identify(src/crazyswarm2/ros_ws/src/crazyswarm) by extension 'colcon_pkg'
[0.689s] Level 1:colcon.colcon_core.package_identification:_identify(src/crazyswarm2/ros_ws/src/crazyswarm) by extensions ['colcon_meta']
[0.689s] Level 1:colcon.colcon_core.package_identification:_identify(src/crazyswarm2/ros_ws/src/crazyswarm) by extension 'colcon_meta'
[0.689s] Level 1:colcon.colcon_core.package_identification:_identify(src/crazyswarm2/ros_ws/src/crazyswarm) by extensions ['ros']
[0.689s] Level 1:colcon.colcon_core.package_identification:_identify(src/crazyswarm2/ros_ws/src/crazyswarm) by extension 'ros'
[0.690s] Level 1:colcon.colcon_core.package_identification:_identify(src/crazyswarm2/ros_ws/src/crazyswarm) by extensions ['cmake', 'python']
[0.690s] Level 1:colcon.colcon_core.package_identification:_identify(src/crazyswarm2/ros_ws/src/crazyswarm) by extension 'cmake'
[0.690s] Level 1:colcon.colcon_core.package_identification:_identify(src/crazyswarm2/ros_ws/src/crazyswarm) by extension 'python'
[0.690s] Level 1:colcon.colcon_core.package_identification:_identify(src/crazyswarm2/ros_ws/src/crazyswarm) by extensions ['python_setup_py']
[0.690s] Level 1:colcon.colcon_core.package_identification:_identify(src/crazyswarm2/ros_ws/src/crazyswarm) by extension 'python_setup_py'
[0.691s] Level 1:colcon.colcon_core.package_identification:_identify(src/crazyswarm2/ros_ws/src/crazyswarm/launch) by extensions ['ignore', 'ignore_ament_install']
[0.691s] Level 1:colcon.colcon_core.package_identification:_identify(src/crazyswarm2/ros_ws/src/crazyswarm/launch) by extension 'ignore'
[0.691s] Level 1:colcon.colcon_core.package_identification:_identify(src/crazyswarm2/ros_ws/src/crazyswarm/launch) by extension 'ignore_ament_install'
[0.691s] Level 1:colcon.colcon_core.package_identification:_identify(src/crazyswarm2/ros_ws/src/crazyswarm/launch) by extensions ['colcon_pkg']
[0.692s] Level 1:colcon.colcon_core.package_identification:_identify(src/crazyswarm2/ros_ws/src/crazyswarm/launch) by extension 'colcon_pkg'
[0.692s] Level 1:colcon.colcon_core.package_identification:_identify(src/crazyswarm2/ros_ws/src/crazyswarm/launch) by extensions ['colcon_meta']
[0.692s] Level 1:colcon.colcon_core.package_identification:_identify(src/crazyswarm2/ros_ws/src/crazyswarm/launch) by extension 'colcon_meta'
[0.692s] Level 1:colcon.colcon_core.package_identification:_identify(src/crazyswarm2/ros_ws/src/crazyswarm/launch) by extensions ['ros']
[0.692s] Level 1:colcon.colcon_core.package_identification:_identify(src/crazyswarm2/ros_ws/src/crazyswarm/launch) by extension 'ros'
[0.693s] Level 1:colcon.colcon_core.package_identification:_identify(src/crazyswarm2/ros_ws/src/crazyswarm/launch) by extensions ['cmake', 'python']
[0.693s] Level 1:colcon.colcon_core.package_identification:_identify(src/crazyswarm2/ros_ws/src/crazyswarm/launch) by extension 'cmake'
[0.693s] Level 1:colcon.colcon_core.package_identification:_identify(src/crazyswarm2/ros_ws/src/crazyswarm/launch) by extension 'python'
[0.693s] Level 1:colcon.colcon_core.package_identification:_identify(src/crazyswarm2/ros_ws/src/crazyswarm/launch) by extensions ['python_setup_py']
[0.693s] Level 1:colcon.colcon_core.package_identification:_identify(src/crazyswarm2/ros_ws/src/crazyswarm/launch) by extension 'python_setup_py'
[0.694s] Level 1:colcon.colcon_core.package_identification:_identify(src/crazyswarm2/ros_ws/src/crazyswarm/scripts) by extensions ['ignore', 'ignore_ament_install']
[0.694s] Level 1:colcon.colcon_core.package_identification:_identify(src/crazyswarm2/ros_ws/src/crazyswarm/scripts) by extension 'ignore'
[0.694s] Level 1:colcon.colcon_core.package_identification:_identify(src/crazyswarm2/ros_ws/src/crazyswarm/scripts) by extension 'ignore_ament_install'
[0.694s] Level 1:colcon.colcon_core.package_identification:_identify(src/crazyswarm2/ros_ws/src/crazyswarm/scripts) by extensions ['colcon_pkg']
[0.695s] Level 1:colcon.colcon_core.package_identification:_identify(src/crazyswarm2/ros_ws/src/crazyswarm/scripts) by extension 'colcon_pkg'
[0.695s] Level 1:colcon.colcon_core.package_identification:_identify(src/crazyswarm2/ros_ws/src/crazyswarm/scripts) by extensions ['colcon_meta']
[0.695s] Level 1:colcon.colcon_core.package_identification:_identify(src/crazyswarm2/ros_ws/src/crazyswarm/scripts) by extension 'colcon_meta'
[0.695s] Level 1:colcon.colcon_core.package_identification:_identify(src/crazyswarm2/ros_ws/src/crazyswarm/scripts) by extensions ['ros']
[0.695s] Level 1:colcon.colcon_core.package_identification:_identify(src/crazyswarm2/ros_ws/src/crazyswarm/scripts) by extension 'ros'
[0.695s] Level 1:colcon.colcon_core.package_identification:_identify(src/crazyswarm2/ros_ws/src/crazyswarm/scripts) by extensions ['cmake', 'python']
[0.695s] Level 1:colcon.colcon_core.package_identification:_identify(src/crazyswarm2/ros_ws/src/crazyswarm/scripts) by extension 'cmake'
[0.696s] Level 1:colcon.colcon_core.package_identification:_identify(src/crazyswarm2/ros_ws/src/crazyswarm/scripts) by extension 'python'
[0.696s] Level 1:colcon.colcon_core.package_identification:_identify(src/crazyswarm2/ros_ws/src/crazyswarm/scripts) by extensions ['python_setup_py']
[0.696s] Level 1:colcon.colcon_core.package_identification:_identify(src/crazyswarm2/ros_ws/src/crazyswarm/scripts) by extension 'python_setup_py'
[0.696s] Level 1:colcon.colcon_core.package_identification:_identify(src/crazyswarm2/ros_ws/src/crazyswarm/scripts/crossing2_pps) by extensions ['ignore', 'ignore_ament_install']
[0.697s] Level 1:colcon.colcon_core.package_identification:_identify(src/crazyswarm2/ros_ws/src/crazyswarm/scripts/crossing2_pps) by extension 'ignore'
[0.697s] Level 1:colcon.colcon_core.package_identification:_identify(src/crazyswarm2/ros_ws/src/crazyswarm/scripts/crossing2_pps) by extension 'ignore_ament_install'
[0.697s] Level 1:colcon.colcon_core.package_identification:_identify(src/crazyswarm2/ros_ws/src/crazyswarm/scripts/crossing2_pps) by extensions ['colcon_pkg']
[0.697s] Level 1:colcon.colcon_core.package_identification:_identify(src/crazyswarm2/ros_ws/src/crazyswarm/scripts/crossing2_pps) by extension 'colcon_pkg'
[0.697s] Level 1:colcon.colcon_core.package_identification:_identify(src/crazyswarm2/ros_ws/src/crazyswarm/scripts/crossing2_pps) by extensions ['colcon_meta']
[0.697s] Level 1:colcon.colcon_core.package_identification:_identify(src/crazyswarm2/ros_ws/src/crazyswarm/scripts/crossing2_pps) by extension 'colcon_meta'
[0.698s] Level 1:colcon.colcon_core.package_identification:_identify(src/crazyswarm2/ros_ws/src/crazyswarm/scripts/crossing2_pps) by extensions ['ros']
[0.698s] Level 1:colcon.colcon_core.package_identification:_identify(src/crazyswarm2/ros_ws/src/crazyswarm/scripts/crossing2_pps) by extension 'ros'
[0.698s] Level 1:colcon.colcon_core.package_identification:_identify(src/crazyswarm2/ros_ws/src/crazyswarm/scripts/crossing2_pps) by extensions ['cmake', 'python']
[0.699s] Level 1:colcon.colcon_core.package_identification:_identify(src/crazyswarm2/ros_ws/src/crazyswarm/scripts/crossing2_pps) by extension 'cmake'
[0.699s] Level 1:colcon.colcon_core.package_identification:_identify(src/crazyswarm2/ros_ws/src/crazyswarm/scripts/crossing2_pps) by extension 'python'
[0.699s] Level 1:colcon.colcon_core.package_identification:_identify(src/crazyswarm2/ros_ws/src/crazyswarm/scripts/crossing2_pps) by extensions ['python_setup_py']
[0.699s] Level 1:colcon.colcon_core.package_identification:_identify(src/crazyswarm2/ros_ws/src/crazyswarm/scripts/crossing2_pps) by extension 'python_setup_py'
[0.700s] Level 1:colcon.colcon_core.package_identification:_identify(src/crazyswarm2/ros_ws/src/crazyswarm/scripts/crossing4_pps) by extensions ['ignore', 'ignore_ament_install']
[0.700s] Level 1:colcon.colcon_core.package_identification:_identify(src/crazyswarm2/ros_ws/src/crazyswarm/scripts/crossing4_pps) by extension 'ignore'
[0.700s] Level 1:colcon.colcon_core.package_identification:_identify(src/crazyswarm2/ros_ws/src/crazyswarm/scripts/crossing4_pps) by extension 'ignore_ament_install'
[0.700s] Level 1:colcon.colcon_core.package_identification:_identify(src/crazyswarm2/ros_ws/src/crazyswarm/scripts/crossing4_pps) by extensions ['colcon_pkg']
[0.701s] Level 1:colcon.colcon_core.package_identification:_identify(src/crazyswarm2/ros_ws/src/crazyswarm/scripts/crossing4_pps) by extension 'colcon_pkg'
[0.701s] Level 1:colcon.colcon_core.package_identification:_identify(src/crazyswarm2/ros_ws/src/crazyswarm/scripts/crossing4_pps) by extensions ['colcon_meta']
[0.701s] Level 1:colcon.colcon_core.package_identification:_identify(src/crazyswarm2/ros_ws/src/crazyswarm/scripts/crossing4_pps) by extension 'colcon_meta'
[0.701s] Level 1:colcon.colcon_core.package_identification:_identify(src/crazyswarm2/ros_ws/src/crazyswarm/scripts/crossing4_pps) by extensions ['ros']
[0.701s] Level 1:colcon.colcon_core.package_identification:_identify(src/crazyswarm2/ros_ws/src/crazyswarm/scripts/crossing4_pps) by extension 'ros'
[0.702s] Level 1:colcon.colcon_core.package_identification:_identify(src/crazyswarm2/ros_ws/src/crazyswarm/scripts/crossing4_pps) by extensions ['cmake', 'python']
[0.702s] Level 1:colcon.colcon_core.package_identification:_identify(src/crazyswarm2/ros_ws/src/crazyswarm/scripts/crossing4_pps) by extension 'cmake'
[0.702s] Level 1:colcon.colcon_core.package_identification:_identify(src/crazyswarm2/ros_ws/src/crazyswarm/scripts/crossing4_pps) by extension 'python'
[0.702s] Level 1:colcon.colcon_core.package_identification:_identify(src/crazyswarm2/ros_ws/src/crazyswarm/scripts/crossing4_pps) by extensions ['python_setup_py']
[0.702s] Level 1:colcon.colcon_core.package_identification:_identify(src/crazyswarm2/ros_ws/src/crazyswarm/scripts/crossing4_pps) by extension 'python_setup_py'
[0.703s] Level 1:colcon.colcon_core.package_identification:_identify(src/crazyswarm2/ros_ws/src/crazyswarm/scripts/sequence_trajectories) by extensions ['ignore', 'ignore_ament_install']
[0.703s] Level 1:colcon.colcon_core.package_identification:_identify(src/crazyswarm2/ros_ws/src/crazyswarm/scripts/sequence_trajectories) by extension 'ignore'
[0.703s] Level 1:colcon.colcon_core.package_identification:_identify(src/crazyswarm2/ros_ws/src/crazyswarm/scripts/sequence_trajectories) by extension 'ignore_ament_install'
[0.703s] Level 1:colcon.colcon_core.package_identification:_identify(src/crazyswarm2/ros_ws/src/crazyswarm/scripts/sequence_trajectories) by extensions ['colcon_pkg']
[0.703s] Level 1:colcon.colcon_core.package_identification:_identify(src/crazyswarm2/ros_ws/src/crazyswarm/scripts/sequence_trajectories) by extension 'colcon_pkg'
[0.704s] Level 1:colcon.colcon_core.package_identification:_identify(src/crazyswarm2/ros_ws/src/crazyswarm/scripts/sequence_trajectories) by extensions ['colcon_meta']
[0.704s] Level 1:colcon.colcon_core.package_identification:_identify(src/crazyswarm2/ros_ws/src/crazyswarm/scripts/sequence_trajectories) by extension 'colcon_meta'
[0.704s] Level 1:colcon.colcon_core.package_identification:_identify(src/crazyswarm2/ros_ws/src/crazyswarm/scripts/sequence_trajectories) by extensions ['ros']
[0.704s] Level 1:colcon.colcon_core.package_identification:_identify(src/crazyswarm2/ros_ws/src/crazyswarm/scripts/sequence_trajectories) by extension 'ros'
[0.704s] Level 1:colcon.colcon_core.package_identification:_identify(src/crazyswarm2/ros_ws/src/crazyswarm/scripts/sequence_trajectories) by extensions ['cmake', 'python']
[0.704s] Level 1:colcon.colcon_core.package_identification:_identify(src/crazyswarm2/ros_ws/src/crazyswarm/scripts/sequence_trajectories) by extension 'cmake'
[0.705s] Level 1:colcon.colcon_core.package_identification:_identify(src/crazyswarm2/ros_ws/src/crazyswarm/scripts/sequence_trajectories) by extension 'python'
[0.705s] Level 1:colcon.colcon_core.package_identification:_identify(src/crazyswarm2/ros_ws/src/crazyswarm/scripts/sequence_trajectories) by extensions ['python_setup_py']
[0.705s] Level 1:colcon.colcon_core.package_identification:_identify(src/crazyswarm2/ros_ws/src/crazyswarm/scripts/sequence_trajectories) by extension 'python_setup_py'
[0.705s] Level 1:colcon.colcon_core.package_identification:_identify(src/crazyswarm2/ros_ws/src/crazyswarm/scripts/sequence_trajectories/1) by extensions ['ignore', 'ignore_ament_install']
[0.706s] Level 1:colcon.colcon_core.package_identification:_identify(src/crazyswarm2/ros_ws/src/crazyswarm/scripts/sequence_trajectories/1) by extension 'ignore'
[0.706s] Level 1:colcon.colcon_core.package_identification:_identify(src/crazyswarm2/ros_ws/src/crazyswarm/scripts/sequence_trajectories/1) by extension 'ignore_ament_install'
[0.706s] Level 1:colcon.colcon_core.package_identification:_identify(src/crazyswarm2/ros_ws/src/crazyswarm/scripts/sequence_trajectories/1) by extensions ['colcon_pkg']
[0.706s] Level 1:colcon.colcon_core.package_identification:_identify(src/crazyswarm2/ros_ws/src/crazyswarm/scripts/sequence_trajectories/1) by extension 'colcon_pkg'
[0.707s] Level 1:colcon.colcon_core.package_identification:_identify(src/crazyswarm2/ros_ws/src/crazyswarm/scripts/sequence_trajectories/1) by extensions ['colcon_meta']
[0.707s] Level 1:colcon.colcon_core.package_identification:_identify(src/crazyswarm2/ros_ws/src/crazyswarm/scripts/sequence_trajectories/1) by extension 'colcon_meta'
[0.707s] Level 1:colcon.colcon_core.package_identification:_identify(src/crazyswarm2/ros_ws/src/crazyswarm/scripts/sequence_trajectories/1) by extensions ['ros']
[0.707s] Level 1:colcon.colcon_core.package_identification:_identify(src/crazyswarm2/ros_ws/src/crazyswarm/scripts/sequence_trajectories/1) by extension 'ros'
[0.707s] Level 1:colcon.colcon_core.package_identification:_identify(src/crazyswarm2/ros_ws/src/crazyswarm/scripts/sequence_trajectories/1) by extensions ['cmake', 'python']
[0.708s] Level 1:colcon.colcon_core.package_identification:_identify(src/crazyswarm2/ros_ws/src/crazyswarm/scripts/sequence_trajectories/1) by extension 'cmake'
[0.708s] Level 1:colcon.colcon_core.package_identification:_identify(src/crazyswarm2/ros_ws/src/crazyswarm/scripts/sequence_trajectories/1) by extension 'python'
[0.708s] Level 1:colcon.colcon_core.package_identification:_identify(src/crazyswarm2/ros_ws/src/crazyswarm/scripts/sequence_trajectories/1) by extensions ['python_setup_py']
[0.708s] Level 1:colcon.colcon_core.package_identification:_identify(src/crazyswarm2/ros_ws/src/crazyswarm/scripts/sequence_trajectories/1) by extension 'python_setup_py'
[0.709s] Level 1:colcon.colcon_core.package_identification:_identify(src/crazyswarm2/ros_ws/src/crazyswarm/scripts/sequence_trajectories/2) by extensions ['ignore', 'ignore_ament_install']
[0.709s] Level 1:colcon.colcon_core.package_identification:_identify(src/crazyswarm2/ros_ws/src/crazyswarm/scripts/sequence_trajectories/2) by extension 'ignore'
[0.709s] Level 1:colcon.colcon_core.package_identification:_identify(src/crazyswarm2/ros_ws/src/crazyswarm/scripts/sequence_trajectories/2) by extension 'ignore_ament_install'
[0.709s] Level 1:colcon.colcon_core.package_identification:_identify(src/crazyswarm2/ros_ws/src/crazyswarm/scripts/sequence_trajectories/2) by extensions ['colcon_pkg']
[0.709s] Level 1:colcon.colcon_core.package_identification:_identify(src/crazyswarm2/ros_ws/src/crazyswarm/scripts/sequence_trajectories/2) by extension 'colcon_pkg'
[0.710s] Level 1:colcon.colcon_core.package_identification:_identify(src/crazyswarm2/ros_ws/src/crazyswarm/scripts/sequence_trajectories/2) by extensions ['colcon_meta']
[0.710s] Level 1:colcon.colcon_core.package_identification:_identify(src/crazyswarm2/ros_ws/src/crazyswarm/scripts/sequence_trajectories/2) by extension 'colcon_meta'
[0.710s] Level 1:colcon.colcon_core.package_identification:_identify(src/crazyswarm2/ros_ws/src/crazyswarm/scripts/sequence_trajectories/2) by extensions ['ros']
[0.710s] Level 1:colcon.colcon_core.package_identification:_identify(src/crazyswarm2/ros_ws/src/crazyswarm/scripts/sequence_trajectories/2) by extension 'ros'
[0.710s] Level 1:colcon.colcon_core.package_identification:_identify(src/crazyswarm2/ros_ws/src/crazyswarm/scripts/sequence_trajectories/2) by extensions ['cmake', 'python']
[0.711s] Level 1:colcon.colcon_core.package_identification:_identify(src/crazyswarm2/ros_ws/src/crazyswarm/scripts/sequence_trajectories/2) by extension 'cmake'
[0.711s] Level 1:colcon.colcon_core.package_identification:_identify(src/crazyswarm2/ros_ws/src/crazyswarm/scripts/sequence_trajectories/2) by extension 'python'
[0.711s] Level 1:colcon.colcon_core.package_identification:_identify(src/crazyswarm2/ros_ws/src/crazyswarm/scripts/sequence_trajectories/2) by extensions ['python_setup_py']
[0.711s] Level 1:colcon.colcon_core.package_identification:_identify(src/crazyswarm2/ros_ws/src/crazyswarm/scripts/sequence_trajectories/2) by extension 'python_setup_py'
[0.711s] Level 1:colcon.colcon_core.package_identification:_identify(src/crazyswarm2/ros_ws/src/crazyswarm/scripts/sequence_trajectories/3) by extensions ['ignore', 'ignore_ament_install']
[0.712s] Level 1:colcon.colcon_core.package_identification:_identify(src/crazyswarm2/ros_ws/src/crazyswarm/scripts/sequence_trajectories/3) by extension 'ignore'
[0.712s] Level 1:colcon.colcon_core.package_identification:_identify(src/crazyswarm2/ros_ws/src/crazyswarm/scripts/sequence_trajectories/3) by extension 'ignore_ament_install'
[0.712s] Level 1:colcon.colcon_core.package_identification:_identify(src/crazyswarm2/ros_ws/src/crazyswarm/scripts/sequence_trajectories/3) by extensions ['colcon_pkg']
[0.712s] Level 1:colcon.colcon_core.package_identification:_identify(src/crazyswarm2/ros_ws/src/crazyswarm/scripts/sequence_trajectories/3) by extension 'colcon_pkg'
[0.712s] Level 1:colcon.colcon_core.package_identification:_identify(src/crazyswarm2/ros_ws/src/crazyswarm/scripts/sequence_trajectories/3) by extensions ['colcon_meta']
[0.712s] Level 1:colcon.colcon_core.package_identification:_identify(src/crazyswarm2/ros_ws/src/crazyswarm/scripts/sequence_trajectories/3) by extension 'colcon_meta'
[0.712s] Level 1:colcon.colcon_core.package_identification:_identify(src/crazyswarm2/ros_ws/src/crazyswarm/scripts/sequence_trajectories/3) by extensions ['ros']
[0.713s] Level 1:colcon.colcon_core.package_identification:_identify(src/crazyswarm2/ros_ws/src/crazyswarm/scripts/sequence_trajectories/3) by extension 'ros'
[0.713s] Level 1:colcon.colcon_core.package_identification:_identify(src/crazyswarm2/ros_ws/src/crazyswarm/scripts/sequence_trajectories/3) by extensions ['cmake', 'python']
[0.713s] Level 1:colcon.colcon_core.package_identification:_identify(src/crazyswarm2/ros_ws/src/crazyswarm/scripts/sequence_trajectories/3) by extension 'cmake'
[0.713s] Level 1:colcon.colcon_core.package_identification:_identify(src/crazyswarm2/ros_ws/src/crazyswarm/scripts/sequence_trajectories/3) by extension 'python'
[0.713s] Level 1:colcon.colcon_core.package_identification:_identify(src/crazyswarm2/ros_ws/src/crazyswarm/scripts/sequence_trajectories/3) by extensions ['python_setup_py']
[0.714s] Level 1:colcon.colcon_core.package_identification:_identify(src/crazyswarm2/ros_ws/src/crazyswarm/scripts/sequence_trajectories/3) by extension 'python_setup_py'
[0.714s] Level 1:colcon.colcon_core.package_identification:_identify(src/crazyswarm2/ros_ws/src/crazyswarm/scripts/sequence_trajectories/4) by extensions ['ignore', 'ignore_ament_install']
[0.715s] Level 1:colcon.colcon_core.package_identification:_identify(src/crazyswarm2/ros_ws/src/crazyswarm/scripts/sequence_trajectories/4) by extension 'ignore'
[0.715s] Level 1:colcon.colcon_core.package_identification:_identify(src/crazyswarm2/ros_ws/src/crazyswarm/scripts/sequence_trajectories/4) by extension 'ignore_ament_install'
[0.715s] Level 1:colcon.colcon_core.package_identification:_identify(src/crazyswarm2/ros_ws/src/crazyswarm/scripts/sequence_trajectories/4) by extensions ['colcon_pkg']
[0.715s] Level 1:colcon.colcon_core.package_identification:_identify(src/crazyswarm2/ros_ws/src/crazyswarm/scripts/sequence_trajectories/4) by extension 'colcon_pkg'
[0.715s] Level 1:colcon.colcon_core.package_identification:_identify(src/crazyswarm2/ros_ws/src/crazyswarm/scripts/sequence_trajectories/4) by extensions ['colcon_meta']
[0.716s] Level 1:colcon.colcon_core.package_identification:_identify(src/crazyswarm2/ros_ws/src/crazyswarm/scripts/sequence_trajectories/4) by extension 'colcon_meta'
[0.716s] Level 1:colcon.colcon_core.package_identification:_identify(src/crazyswarm2/ros_ws/src/crazyswarm/scripts/sequence_trajectories/4) by extensions ['ros']
[0.716s] Level 1:colcon.colcon_core.package_identification:_identify(src/crazyswarm2/ros_ws/src/crazyswarm/scripts/sequence_trajectories/4) by extension 'ros'
[0.716s] Level 1:colcon.colcon_core.package_identification:_identify(src/crazyswarm2/ros_ws/src/crazyswarm/scripts/sequence_trajectories/4) by extensions ['cmake', 'python']
[0.717s] Level 1:colcon.colcon_core.package_identification:_identify(src/crazyswarm2/ros_ws/src/crazyswarm/scripts/sequence_trajectories/4) by extension 'cmake'
[0.717s] Level 1:colcon.colcon_core.package_identification:_identify(src/crazyswarm2/ros_ws/src/crazyswarm/scripts/sequence_trajectories/4) by extension 'python'
[0.717s] Level 1:colcon.colcon_core.package_identification:_identify(src/crazyswarm2/ros_ws/src/crazyswarm/scripts/sequence_trajectories/4) by extensions ['python_setup_py']
[0.717s] Level 1:colcon.colcon_core.package_identification:_identify(src/crazyswarm2/ros_ws/src/crazyswarm/scripts/sequence_trajectories/4) by extension 'python_setup_py'
[0.718s] Level 1:colcon.colcon_core.package_identification:_identify(src/crazyswarm2/ros_ws/src/crazyswarm/scripts/sequence_trajectories/5) by extensions ['ignore', 'ignore_ament_install']
[0.718s] Level 1:colcon.colcon_core.package_identification:_identify(src/crazyswarm2/ros_ws/src/crazyswarm/scripts/sequence_trajectories/5) by extension 'ignore'
[0.718s] Level 1:colcon.colcon_core.package_identification:_identify(src/crazyswarm2/ros_ws/src/crazyswarm/scripts/sequence_trajectories/5) by extension 'ignore_ament_install'
[0.718s] Level 1:colcon.colcon_core.package_identification:_identify(src/crazyswarm2/ros_ws/src/crazyswarm/scripts/sequence_trajectories/5) by extensions ['colcon_pkg']
[0.718s] Level 1:colcon.colcon_core.package_identification:_identify(src/crazyswarm2/ros_ws/src/crazyswarm/scripts/sequence_trajectories/5) by extension 'colcon_pkg'
[0.719s] Level 1:colcon.colcon_core.package_identification:_identify(src/crazyswarm2/ros_ws/src/crazyswarm/scripts/sequence_trajectories/5) by extensions ['colcon_meta']
[0.719s] Level 1:colcon.colcon_core.package_identification:_identify(src/crazyswarm2/ros_ws/src/crazyswarm/scripts/sequence_trajectories/5) by extension 'colcon_meta'
[0.719s] Level 1:colcon.colcon_core.package_identification:_identify(src/crazyswarm2/ros_ws/src/crazyswarm/scripts/sequence_trajectories/5) by extensions ['ros']
[0.719s] Level 1:colcon.colcon_core.package_identification:_identify(src/crazyswarm2/ros_ws/src/crazyswarm/scripts/sequence_trajectories/5) by extension 'ros'
[0.720s] Level 1:colcon.colcon_core.package_identification:_identify(src/crazyswarm2/ros_ws/src/crazyswarm/scripts/sequence_trajectories/5) by extensions ['cmake', 'python']
[0.720s] Level 1:colcon.colcon_core.package_identification:_identify(src/crazyswarm2/ros_ws/src/crazyswarm/scripts/sequence_trajectories/5) by extension 'cmake'
[0.720s] Level 1:colcon.colcon_core.package_identification:_identify(src/crazyswarm2/ros_ws/src/crazyswarm/scripts/sequence_trajectories/5) by extension 'python'
[0.720s] Level 1:colcon.colcon_core.package_identification:_identify(src/crazyswarm2/ros_ws/src/crazyswarm/scripts/sequence_trajectories/5) by extensions ['python_setup_py']
[0.720s] Level 1:colcon.colcon_core.package_identification:_identify(src/crazyswarm2/ros_ws/src/crazyswarm/scripts/sequence_trajectories/5) by extension 'python_setup_py'
[0.721s] Level 1:colcon.colcon_core.package_identification:_identify(src/crazyswarm2/ros_ws/src/crazyswarm/scripts/sequence_trajectories/6) by extensions ['ignore', 'ignore_ament_install']
[0.721s] Level 1:colcon.colcon_core.package_identification:_identify(src/crazyswarm2/ros_ws/src/crazyswarm/scripts/sequence_trajectories/6) by extension 'ignore'
[0.721s] Level 1:colcon.colcon_core.package_identification:_identify(src/crazyswarm2/ros_ws/src/crazyswarm/scripts/sequence_trajectories/6) by extension 'ignore_ament_install'
[0.721s] Level 1:colcon.colcon_core.package_identification:_identify(src/crazyswarm2/ros_ws/src/crazyswarm/scripts/sequence_trajectories/6) by extensions ['colcon_pkg']
[0.722s] Level 1:colcon.colcon_core.package_identification:_identify(src/crazyswarm2/ros_ws/src/crazyswarm/scripts/sequence_trajectories/6) by extension 'colcon_pkg'
[0.722s] Level 1:colcon.colcon_core.package_identification:_identify(src/crazyswarm2/ros_ws/src/crazyswarm/scripts/sequence_trajectories/6) by extensions ['colcon_meta']
[0.722s] Level 1:colcon.colcon_core.package_identification:_identify(src/crazyswarm2/ros_ws/src/crazyswarm/scripts/sequence_trajectories/6) by extension 'colcon_meta'
[0.722s] Level 1:colcon.colcon_core.package_identification:_identify(src/crazyswarm2/ros_ws/src/crazyswarm/scripts/sequence_trajectories/6) by extensions ['ros']
[0.722s] Level 1:colcon.colcon_core.package_identification:_identify(src/crazyswarm2/ros_ws/src/crazyswarm/scripts/sequence_trajectories/6) by extension 'ros'
[0.723s] Level 1:colcon.colcon_core.package_identification:_identify(src/crazyswarm2/ros_ws/src/crazyswarm/scripts/sequence_trajectories/6) by extensions ['cmake', 'python']
[0.723s] Level 1:colcon.colcon_core.package_identification:_identify(src/crazyswarm2/ros_ws/src/crazyswarm/scripts/sequence_trajectories/6) by extension 'cmake'
[0.723s] Level 1:colcon.colcon_core.package_identification:_identify(src/crazyswarm2/ros_ws/src/crazyswarm/scripts/sequence_trajectories/6) by extension 'python'
[0.723s] Level 1:colcon.colcon_core.package_identification:_identify(src/crazyswarm2/ros_ws/src/crazyswarm/scripts/sequence_trajectories/6) by extensions ['python_setup_py']
[0.723s] Level 1:colcon.colcon_core.package_identification:_identify(src/crazyswarm2/ros_ws/src/crazyswarm/scripts/sequence_trajectories/6) by extension 'python_setup_py'
[0.724s] Level 1:colcon.colcon_core.package_identification:_identify(src/crazyswarm2/ros_ws/src/crazyswarm/scripts/sequence_trajectories/7) by extensions ['ignore', 'ignore_ament_install']
[0.724s] Level 1:colcon.colcon_core.package_identification:_identify(src/crazyswarm2/ros_ws/src/crazyswarm/scripts/sequence_trajectories/7) by extension 'ignore'
[0.724s] Level 1:colcon.colcon_core.package_identification:_identify(src/crazyswarm2/ros_ws/src/crazyswarm/scripts/sequence_trajectories/7) by extension 'ignore_ament_install'
[0.724s] Level 1:colcon.colcon_core.package_identification:_identify(src/crazyswarm2/ros_ws/src/crazyswarm/scripts/sequence_trajectories/7) by extensions ['colcon_pkg']
[0.724s] Level 1:colcon.colcon_core.package_identification:_identify(src/crazyswarm2/ros_ws/src/crazyswarm/scripts/sequence_trajectories/7) by extension 'colcon_pkg'
[0.725s] Level 1:colcon.colcon_core.package_identification:_identify(src/crazyswarm2/ros_ws/src/crazyswarm/scripts/sequence_trajectories/7) by extensions ['colcon_meta']
[0.725s] Level 1:colcon.colcon_core.package_identification:_identify(src/crazyswarm2/ros_ws/src/crazyswarm/scripts/sequence_trajectories/7) by extension 'colcon_meta'
[0.725s] Level 1:colcon.colcon_core.package_identification:_identify(src/crazyswarm2/ros_ws/src/crazyswarm/scripts/sequence_trajectories/7) by extensions ['ros']
[0.725s] Level 1:colcon.colcon_core.package_identification:_identify(src/crazyswarm2/ros_ws/src/crazyswarm/scripts/sequence_trajectories/7) by extension 'ros'
[0.726s] Level 1:colcon.colcon_core.package_identification:_identify(src/crazyswarm2/ros_ws/src/crazyswarm/scripts/sequence_trajectories/7) by extensions ['cmake', 'python']
[0.726s] Level 1:colcon.colcon_core.package_identification:_identify(src/crazyswarm2/ros_ws/src/crazyswarm/scripts/sequence_trajectories/7) by extension 'cmake'
[0.726s] Level 1:colcon.colcon_core.package_identification:_identify(src/crazyswarm2/ros_ws/src/crazyswarm/scripts/sequence_trajectories/7) by extension 'python'
[0.726s] Level 1:colcon.colcon_core.package_identification:_identify(src/crazyswarm2/ros_ws/src/crazyswarm/scripts/sequence_trajectories/7) by extensions ['python_setup_py']
[0.726s] Level 1:colcon.colcon_core.package_identification:_identify(src/crazyswarm2/ros_ws/src/crazyswarm/scripts/sequence_trajectories/7) by extension 'python_setup_py'
[0.727s] Level 1:colcon.colcon_core.package_identification:_identify(src/crazyswarm2/ros_ws/src/crazyswarm/scripts/swap6v_pps) by extensions ['ignore', 'ignore_ament_install']
[0.727s] Level 1:colcon.colcon_core.package_identification:_identify(src/crazyswarm2/ros_ws/src/crazyswarm/scripts/swap6v_pps) by extension 'ignore'
[0.727s] Level 1:colcon.colcon_core.package_identification:_identify(src/crazyswarm2/ros_ws/src/crazyswarm/scripts/swap6v_pps) by extension 'ignore_ament_install'
[0.727s] Level 1:colcon.colcon_core.package_identification:_identify(src/crazyswarm2/ros_ws/src/crazyswarm/scripts/swap6v_pps) by extensions ['colcon_pkg']
[0.728s] Level 1:colcon.colcon_core.package_identification:_identify(src/crazyswarm2/ros_ws/src/crazyswarm/scripts/swap6v_pps) by extension 'colcon_pkg'
[0.728s] Level 1:colcon.colcon_core.package_identification:_identify(src/crazyswarm2/ros_ws/src/crazyswarm/scripts/swap6v_pps) by extensions ['colcon_meta']
[0.728s] Level 1:colcon.colcon_core.package_identification:_identify(src/crazyswarm2/ros_ws/src/crazyswarm/scripts/swap6v_pps) by extension 'colcon_meta'
[0.728s] Level 1:colcon.colcon_core.package_identification:_identify(src/crazyswarm2/ros_ws/src/crazyswarm/scripts/swap6v_pps) by extensions ['ros']
[0.728s] Level 1:colcon.colcon_core.package_identification:_identify(src/crazyswarm2/ros_ws/src/crazyswarm/scripts/swap6v_pps) by extension 'ros'
[0.729s] Level 1:colcon.colcon_core.package_identification:_identify(src/crazyswarm2/ros_ws/src/crazyswarm/scripts/swap6v_pps) by extensions ['cmake', 'python']
[0.729s] Level 1:colcon.colcon_core.package_identification:_identify(src/crazyswarm2/ros_ws/src/crazyswarm/scripts/swap6v_pps) by extension 'cmake'
[0.729s] Level 1:colcon.colcon_core.package_identification:_identify(src/crazyswarm2/ros_ws/src/crazyswarm/scripts/swap6v_pps) by extension 'python'
[0.729s] Level 1:colcon.colcon_core.package_identification:_identify(src/crazyswarm2/ros_ws/src/crazyswarm/scripts/swap6v_pps) by extensions ['python_setup_py']
[0.729s] Level 1:colcon.colcon_core.package_identification:_identify(src/crazyswarm2/ros_ws/src/crazyswarm/scripts/swap6v_pps) by extension 'python_setup_py'
[0.730s] Level 1:colcon.colcon_core.package_identification:_identify(src/crazyswarm2/systemtests) by extensions ['ignore', 'ignore_ament_install']
[0.730s] Level 1:colcon.colcon_core.package_identification:_identify(src/crazyswarm2/systemtests) by extension 'ignore'
[0.730s] Level 1:colcon.colcon_core.package_identification:_identify(src/crazyswarm2/systemtests) by extension 'ignore_ament_install'
[0.730s] Level 1:colcon.colcon_core.package_identification:_identify(src/crazyswarm2/systemtests) by extensions ['colcon_pkg']
[0.730s] Level 1:colcon.colcon_core.package_identification:_identify(src/crazyswarm2/systemtests) by extension 'colcon_pkg'
[0.731s] Level 1:colcon.colcon_core.package_identification:_identify(src/crazyswarm2/systemtests) by extensions ['colcon_meta']
[0.731s] Level 1:colcon.colcon_core.package_identification:_identify(src/crazyswarm2/systemtests) by extension 'colcon_meta'
[0.731s] Level 1:colcon.colcon_core.package_identification:_identify(src/crazyswarm2/systemtests) by extensions ['ros']
[0.731s] Level 1:colcon.colcon_core.package_identification:_identify(src/crazyswarm2/systemtests) by extension 'ros'
[0.732s] Level 1:colcon.colcon_core.package_identification:_identify(src/crazyswarm2/systemtests) by extensions ['cmake', 'python']
[0.732s] Level 1:colcon.colcon_core.package_identification:_identify(src/crazyswarm2/systemtests) by extension 'cmake'
[0.732s] Level 1:colcon.colcon_core.package_identification:_identify(src/crazyswarm2/systemtests) by extension 'python'
[0.732s] Level 1:colcon.colcon_core.package_identification:_identify(src/crazyswarm2/systemtests) by extensions ['python_setup_py']
[0.732s] Level 1:colcon.colcon_core.package_identification:_identify(src/crazyswarm2/systemtests) by extension 'python_setup_py'
[0.733s] Level 1:colcon.colcon_core.package_identification:_identify(src/crazyswarm2/systemtests/SDplotting) by extensions ['ignore', 'ignore_ament_install']
[0.733s] Level 1:colcon.colcon_core.package_identification:_identify(src/crazyswarm2/systemtests/SDplotting) by extension 'ignore'
[0.733s] Level 1:colcon.colcon_core.package_identification:_identify(src/crazyswarm2/systemtests/SDplotting) by extension 'ignore_ament_install'
[0.733s] Level 1:colcon.colcon_core.package_identification:_identify(src/crazyswarm2/systemtests/SDplotting) by extensions ['colcon_pkg']
[0.733s] Level 1:colcon.colcon_core.package_identification:_identify(src/crazyswarm2/systemtests/SDplotting) by extension 'colcon_pkg'
[0.734s] Level 1:colcon.colcon_core.package_identification:_identify(src/crazyswarm2/systemtests/SDplotting) by extensions ['colcon_meta']
[0.734s] Level 1:colcon.colcon_core.package_identification:_identify(src/crazyswarm2/systemtests/SDplotting) by extension 'colcon_meta'
[0.734s] Level 1:colcon.colcon_core.package_identification:_identify(src/crazyswarm2/systemtests/SDplotting) by extensions ['ros']
[0.734s] Level 1:colcon.colcon_core.package_identification:_identify(src/crazyswarm2/systemtests/SDplotting) by extension 'ros'
[0.734s] Level 1:colcon.colcon_core.package_identification:_identify(src/crazyswarm2/systemtests/SDplotting) by extensions ['cmake', 'python']
[0.734s] Level 1:colcon.colcon_core.package_identification:_identify(src/crazyswarm2/systemtests/SDplotting) by extension 'cmake'
[0.735s] Level 1:colcon.colcon_core.package_identification:_identify(src/crazyswarm2/systemtests/SDplotting) by extension 'python'
[0.735s] Level 1:colcon.colcon_core.package_identification:_identify(src/crazyswarm2/systemtests/SDplotting) by extensions ['python_setup_py']
[0.735s] Level 1:colcon.colcon_core.package_identification:_identify(src/crazyswarm2/systemtests/SDplotting) by extension 'python_setup_py'
[0.735s] Level 1:colcon.colcon_core.package_identification:_identify(src/swarm_guidance) by extensions ['ignore', 'ignore_ament_install']
[0.736s] Level 1:colcon.colcon_core.package_identification:_identify(src/swarm_guidance) by extension 'ignore'
[0.736s] Level 1:colcon.colcon_core.package_identification:_identify(src/swarm_guidance) by extension 'ignore_ament_install'
[0.736s] Level 1:colcon.colcon_core.package_identification:_identify(src/swarm_guidance) by extensions ['colcon_pkg']
[0.736s] Level 1:colcon.colcon_core.package_identification:_identify(src/swarm_guidance) by extension 'colcon_pkg'
[0.736s] Level 1:colcon.colcon_core.package_identification:_identify(src/swarm_guidance) by extensions ['colcon_meta']
[0.736s] Level 1:colcon.colcon_core.package_identification:_identify(src/swarm_guidance) by extension 'colcon_meta'
[0.737s] Level 1:colcon.colcon_core.package_identification:_identify(src/swarm_guidance) by extensions ['ros']
[0.737s] Level 1:colcon.colcon_core.package_identification:_identify(src/swarm_guidance) by extension 'ros'
[0.740s] DEBUG:colcon.colcon_core.package_identification:Package 'src/swarm_guidance' with type 'ros.ament_python' and name 'swarm_guidance'
[0.740s] Level 1:colcon.colcon_core.package_identification:_identify(src/swarm_navigation) by extensions ['ignore', 'ignore_ament_install']
[0.740s] Level 1:colcon.colcon_core.package_identification:_identify(src/swarm_navigation) by extension 'ignore'
[0.740s] Level 1:colcon.colcon_core.package_identification:_identify(src/swarm_navigation) by extension 'ignore_ament_install'
[0.741s] Level 1:colcon.colcon_core.package_identification:_identify(src/swarm_navigation) by extensions ['colcon_pkg']
[0.741s] Level 1:colcon.colcon_core.package_identification:_identify(src/swarm_navigation) by extension 'colcon_pkg'
[0.741s] Level 1:colcon.colcon_core.package_identification:_identify(src/swarm_navigation) by extensions ['colcon_meta']
[0.741s] Level 1:colcon.colcon_core.package_identification:_identify(src/swarm_navigation) by extension 'colcon_meta'
[0.741s] Level 1:colcon.colcon_core.package_identification:_identify(src/swarm_navigation) by extensions ['ros']
[0.741s] Level 1:colcon.colcon_core.package_identification:_identify(src/swarm_navigation) by extension 'ros'
[0.745s] DEBUG:colcon.colcon_core.package_identification:Package 'src/swarm_navigation' with type 'ros.ament_python' and name 'swarm_navigation'
[0.745s] Level 1:colcon.colcon_core.package_discovery:discover_packages(recursive) using defaults
[0.745s] Level 1:colcon.colcon_core.package_discovery:discover_packages(ignore) discover
[0.745s] Level 1:colcon.colcon_core.package_discovery:discover_packages(ignore) using defaults
[0.745s] Level 1:colcon.colcon_core.package_discovery:discover_packages(path) discover
[0.745s] Level 1:colcon.colcon_core.package_discovery:discover_packages(path) using defaults
[0.810s] INFO:colcon.colcon_metadata.metadata.colcon_pkg:Updating descriptor of package 'src/crazyswarm2/crazyflie_py' from colcon.pkg: {'python-testing': 'pytest'}
[0.820s] INFO:colcon.colcon_core.package_selection:Skipping not selected package 'crazyflie_interfaces' in 'src/crazyswarm2/crazyflie_interfaces'
[0.820s] INFO:colcon.colcon_core.package_selection:Skipping not selected package 'swarm_guidance' in 'src/swarm_guidance'
[0.821s] INFO:colcon.colcon_core.package_selection:Skipping not selected package 'crazyflie' in 'src/crazyswarm2/crazyflie'
[0.821s] INFO:colcon.colcon_core.package_selection:Skipping not selected package 'crazyflie_py' in 'src/crazyswarm2/crazyflie_py'
[0.821s] INFO:colcon.colcon_core.package_selection:Skipping not selected package 'crazyflie_sim' in 'src/crazyswarm2/crazyflie_sim'
[0.821s] INFO:colcon.colcon_core.package_selection:Skipping not selected package 'swarm_navigation' in 'src/swarm_navigation'
[0.821s] INFO:colcon.colcon_core.package_selection:Skipping not selected package 'crazyflie_examples' in 'src/crazyswarm2/crazyflie_examples'
[0.823s] Level 1:colcon.colcon_core.package_discovery:discover_packages(prefix_path) check parameters
[0.823s] Level 1:colcon.colcon_core.package_discovery:discover_packages(prefix_path) discover
[0.833s] DEBUG:colcon.colcon_installed_package_information.package_discovery:Found 8 installed packages in /home/gowtham/swarm_ws/install
[0.840s] DEBUG:colcon.colcon_installed_package_information.package_discovery:Found 278 installed packages in /opt/ros/humble
[0.850s] Level 1:colcon.colcon_core.package_discovery:discover_packages(prefix_path) using defaults
[0.987s] Level 5:colcon.colcon_core.verb:set package 'central_swarm_control' build argument 'cmake_args' from command line to 'None'
[0.988s] Level 5:colcon.colcon_core.verb:set package 'central_swarm_control' build argument 'cmake_target' from command line to 'None'
[0.988s] Level 5:colcon.colcon_core.verb:set package 'central_swarm_control' build argument 'cmake_target_skip_unavailable' from command line to 'False'
[0.988s] Level 5:colcon.colcon_core.verb:set package 'central_swarm_control' build argument 'cmake_clean_cache' from command line to 'False'
[0.988s] Level 5:colcon.colcon_core.verb:set package 'central_swarm_control' build argument 'cmake_clean_first' from command line to 'False'
[0.988s] Level 5:colcon.colcon_core.verb:set package 'central_swarm_control' build argument 'cmake_force_configure' from command line to 'False'
[0.988s] Level 5:colcon.colcon_core.verb:set package 'central_swarm_control' build argument 'ament_cmake_args' from command line to 'None'
[0.988s] Level 5:colcon.colcon_core.verb:set package 'central_swarm_control' build argument 'catkin_cmake_args' from command line to 'None'
[0.988s] Level 5:colcon.colcon_core.verb:set package 'central_swarm_control' build argument 'catkin_skip_building_tests' from command line to 'False'
[0.989s] DEBUG:colcon.colcon_core.verb:Building package 'central_swarm_control' with the following arguments: {'ament_cmake_args': None, 'build_base': '/home/gowtham/crazyflie_ws/build/central_swarm_control', 'catkin_cmake_args': None, 'catkin_skip_building_tests': False, 'cmake_args': None, 'cmake_clean_cache': False, 'cmake_clean_first': False, 'cmake_force_configure': False, 'cmake_target': None, 'cmake_target_skip_unavailable': False, 'install_base': '/home/gowtham/crazyflie_ws/install/central_swarm_control', 'merge_install': False, 'path': '/home/gowtham/crazyflie_ws/src/central_swarm_control', 'symlink_install': True, 'test_result_base': None}
[0.989s] INFO:colcon.colcon_core.executor:Executing jobs using 'parallel' executor
[0.992s] DEBUG:colcon.colcon_parallel_executor.executor.parallel:run_until_complete
[0.993s] INFO:colcon.colcon_ros.task.ament_python.build:Building ROS package in '/home/gowtham/crazyflie_ws/src/central_swarm_control' with build type 'ament_python'
[0.994s] Level 1:colcon.colcon_core.shell:create_environment_hook('central_swarm_control', 'ament_prefix_path')
[1.002s] INFO:colcon.colcon_core.plugin_system:Skipping extension 'colcon_core.shell.bat': Not used on non-Windows systems
[1.002s] INFO:colcon.colcon_core.shell:Creating environment hook '/home/gowtham/crazyflie_ws/install/central_swarm_control/share/central_swarm_control/hook/ament_prefix_path.ps1'
[1.005s] INFO:colcon.colcon_core.shell:Creating environment descriptor '/home/gowtham/crazyflie_ws/install/central_swarm_control/share/central_swarm_control/hook/ament_prefix_path.dsv'
[1.006s] INFO:colcon.colcon_core.shell:Creating environment hook '/home/gowtham/crazyflie_ws/install/central_swarm_control/share/central_swarm_control/hook/ament_prefix_path.sh'
[1.009s] INFO:colcon.colcon_core.shell:Skip shell extension 'powershell' for command environment: Not usable outside of PowerShell
[1.009s] DEBUG:colcon.colcon_core.shell:Skip shell extension 'dsv' for command environment
[1.637s] INFO:colcon.colcon_core.task.python.build:Building Python package in '/home/gowtham/crazyflie_ws/src/central_swarm_control'
[1.638s] INFO:colcon.colcon_core.shell:Skip shell extension 'powershell' for command environment: Not usable outside of PowerShell
[1.638s] DEBUG:colcon.colcon_core.shell:Skip shell extension 'dsv' for command environment
[2.227s] DEBUG:colcon.colcon_core.event_handler.log_command:Invoking command in '/home/gowtham/crazyflie_ws/build/central_swarm_control': AMENT_PREFIX_PATH=/home/gowtham/crazyflie_ws/install/crazyflie_interfaces:${AMENT_PREFIX_PATH} CMAKE_PREFIX_PATH=/home/gowtham/crazyflie_ws/install/crazyflie_interfaces:${CMAKE_PREFIX_PATH} LD_LIBRARY_PATH=/home/gowtham/crazyflie_ws/install/crazyflie_interfaces/lib:${LD_LIBRARY_PATH} PYTHONPATH=/home/gowtham/crazyflie_ws/build/central_swarm_control/prefix_override:/usr/lib/python3/dist-packages/colcon_core/task/python/colcon_distutils_commands:/home/gowtham/crazyflie_ws/install/central_swarm_control/lib/python3.10/site-packages:/home/gowtham/crazyflie_ws/install/crazyflie_interfaces/local/lib/python3.10/dist-packages:${PYTHONPATH} /usr/bin/python3 -W ignore:setup.py install is deprecated -W ignore:easy_install command is deprecated setup.py develop --editable --build-directory /home/gowtham/crazyflie_ws/build/central_swarm_control/build --no-deps symlink_data
[3.086s] Level 1:colcon.colcon_core.shell:create_environment_hook('central_swarm_control', 'pythonpath_develop')
[3.086s] INFO:colcon.colcon_core.shell:Creating environment hook '/home/gowtham/crazyflie_ws/build/central_swarm_control/share/central_swarm_control/hook/pythonpath_develop.ps1'
[3.087s] DEBUG:colcon.colcon_core.event_handler.log_command:Invoked command in '/home/gowtham/crazyflie_ws/build/central_swarm_control' returned '0': AMENT_PREFIX_PATH=/home/gowtham/crazyflie_ws/install/crazyflie_interfaces:${AMENT_PREFIX_PATH} CMAKE_PREFIX_PATH=/home/gowtham/crazyflie_ws/install/crazyflie_interfaces:${CMAKE_PREFIX_PATH} LD_LIBRARY_PATH=/home/gowtham/crazyflie_ws/install/crazyflie_interfaces/lib:${LD_LIBRARY_PATH} PYTHONPATH=/home/gowtham/crazyflie_ws/build/central_swarm_control/prefix_override:/usr/lib/python3/dist-packages/colcon_core/task/python/colcon_distutils_commands:/home/gowtham/crazyflie_ws/install/central_swarm_control/lib/python3.10/site-packages:/home/gowtham/crazyflie_ws/install/crazyflie_interfaces/local/lib/python3.10/dist-packages:${PYTHONPATH} /usr/bin/python3 -W ignore:setup.py install is deprecated -W ignore:easy_install command is deprecated setup.py develop --editable --build-directory /home/gowtham/crazyflie_ws/build/central_swarm_control/build --no-deps symlink_data
[3.087s] INFO:colcon.colcon_core.shell:Creating environment descriptor '/home/gowtham/crazyflie_ws/build/central_swarm_control/share/central_swarm_control/hook/pythonpath_develop.dsv'
[3.088s] INFO:colcon.colcon_core.shell:Creating environment hook '/home/gowtham/crazyflie_ws/build/central_swarm_control/share/central_swarm_control/hook/pythonpath_develop.sh'
[3.092s] Level 1:colcon.colcon_core.environment:checking '/home/gowtham/crazyflie_ws/install/central_swarm_control' for CMake module files
[3.092s] Level 1:colcon.colcon_core.environment:checking '/home/gowtham/crazyflie_ws/install/central_swarm_control' for CMake config files
[3.093s] Level 1:colcon.colcon_core.environment:checking '/home/gowtham/crazyflie_ws/install/central_swarm_control/lib'
[3.094s] Level 1:colcon.colcon_core.environment:checking '/home/gowtham/crazyflie_ws/install/central_swarm_control/bin'
[3.094s] Level 1:colcon.colcon_core.environment:checking '/home/gowtham/crazyflie_ws/install/central_swarm_control/lib/pkgconfig/central_swarm_control.pc'
[3.094s] Level 1:colcon.colcon_core.environment:checking '/home/gowtham/crazyflie_ws/install/central_swarm_control/lib/python3.10/site-packages'
[3.094s] Level 1:colcon.colcon_core.shell:create_environment_hook('central_swarm_control', 'pythonpath')
[3.095s] INFO:colcon.colcon_core.shell:Creating environment hook '/home/gowtham/crazyflie_ws/install/central_swarm_control/share/central_swarm_control/hook/pythonpath.ps1'
[3.095s] INFO:colcon.colcon_core.shell:Creating environment descriptor '/home/gowtham/crazyflie_ws/install/central_swarm_control/share/central_swarm_control/hook/pythonpath.dsv'
[3.096s] INFO:colcon.colcon_core.shell:Creating environment hook '/home/gowtham/crazyflie_ws/install/central_swarm_control/share/central_swarm_control/hook/pythonpath.sh'
[3.097s] Level 1:colcon.colcon_core.environment:checking '/home/gowtham/crazyflie_ws/install/central_swarm_control/bin'
[3.097s] Level 1:colcon.colcon_core.environment:create_environment_scripts_only(central_swarm_control)
[3.098s] INFO:colcon.colcon_core.shell:Creating package script '/home/gowtham/crazyflie_ws/install/central_swarm_control/share/central_swarm_control/package.ps1'
[3.099s] INFO:colcon.colcon_core.shell:Creating package descriptor '/home/gowtham/crazyflie_ws/install/central_swarm_control/share/central_swarm_control/package.dsv'
[3.100s] INFO:colcon.colcon_core.shell:Creating package script '/home/gowtham/crazyflie_ws/install/central_swarm_control/share/central_swarm_control/package.sh'
[3.101s] INFO:colcon.colcon_core.shell:Creating package script '/home/gowtham/crazyflie_ws/install/central_swarm_control/share/central_swarm_control/package.bash'
[3.102s] INFO:colcon.colcon_core.shell:Creating package script '/home/gowtham/crazyflie_ws/install/central_swarm_control/share/central_swarm_control/package.zsh'
[3.103s] Level 1:colcon.colcon_core.environment:create_file_with_runtime_dependencies(/home/gowtham/crazyflie_ws/install/central_swarm_control/share/colcon-core/packages/central_swarm_control)
[3.103s] DEBUG:colcon.colcon_parallel_executor.executor.parallel:closing loop
[3.104s] DEBUG:colcon.colcon_parallel_executor.executor.parallel:loop closed
[3.104s] DEBUG:colcon.colcon_parallel_executor.executor.parallel:run_until_complete finished with '0'
[3.104s] DEBUG:colcon.colcon_core.event_reactor:joining thread
[3.111s] INFO:colcon.colcon_core.plugin_system:Skipping extension 'colcon_notification.desktop_notification.terminal_notifier': Not used on non-Darwin systems
[3.111s] INFO:colcon.colcon_core.plugin_system:Skipping extension 'colcon_notification.desktop_notification.win32': Not used on non-Windows systems
[3.111s] INFO:colcon.colcon_notification.desktop_notification:Sending desktop notification using 'notify2'
[3.132s] DEBUG:colcon.colcon_core.event_reactor:joined thread
[3.133s] INFO:colcon.colcon_core.shell:Creating prefix script '/home/gowtham/crazyflie_ws/install/local_setup.ps1'
[3.135s] INFO:colcon.colcon_core.shell:Creating prefix util module '/home/gowtham/crazyflie_ws/install/_local_setup_util_ps1.py'
[3.138s] INFO:colcon.colcon_core.shell:Creating prefix chain script '/home/gowtham/crazyflie_ws/install/setup.ps1'
[3.140s] INFO:colcon.colcon_core.shell:Creating prefix script '/home/gowtham/crazyflie_ws/install/local_setup.sh'
[3.141s] INFO:colcon.colcon_core.shell:Creating prefix util module '/home/gowtham/crazyflie_ws/install/_local_setup_util_sh.py'
[3.142s] INFO:colcon.colcon_core.shell:Creating prefix chain script '/home/gowtham/crazyflie_ws/install/setup.sh'
[3.144s] INFO:colcon.colcon_core.shell:Creating prefix script '/home/gowtham/crazyflie_ws/install/local_setup.bash'
[3.144s] INFO:colcon.colcon_core.shell:Creating prefix chain script '/home/gowtham/crazyflie_ws/install/setup.bash'
[3.147s] INFO:colcon.colcon_core.shell:Creating prefix script '/home/gowtham/crazyflie_ws/install/local_setup.zsh'
[3.148s] INFO:colcon.colcon_core.shell:Creating prefix chain script '/home/gowtham/crazyflie_ws/install/setup.zsh'
