[0.000000] (-) TimerEvent: {}
[0.000795] (central_swarm_control) JobQueued: {'identifier': 'central_swarm_control', 'dependencies': OrderedDict()}
[0.000876] (crazyflie_interfaces) JobQueued: {'identifier': 'crazyflie_interfaces', 'dependencies': OrderedDict()}
[0.000923] (swarm_guidance) JobQueued: {'identifier': 'swarm_guidance', 'dependencies': OrderedDict()}
[0.000964] (swarm_navigation) JobQueued: {'identifier': 'swarm_navigation', 'dependencies': OrderedDict()}
[0.001003] (crazyflie) JobQueued: {'identifier': 'crazyflie', 'dependencies': OrderedDict([('crazyflie_interfaces', '/home/gowtham/crazyflie_ws/install/crazyflie_interfaces')])}
[0.001050] (crazyflie_py) JobQueued: {'identifier': 'crazyflie_py', 'dependencies': OrderedDict([('crazyflie_interfaces', '/home/gowtham/crazyflie_ws/install/crazyflie_interfaces')])}
[0.001291] (crazyflie_sim) JobQueued: {'identifier': 'crazyflie_sim', 'dependencies': OrderedDict([('crazyflie_interfaces', '/home/gowtham/crazyflie_ws/install/crazyflie_interfaces')])}
[0.001393] (crazyflie_examples) JobQueued: {'identifier': 'crazyflie_examples', 'dependencies': OrderedDict([('crazyflie_interfaces', '/home/gowtham/crazyflie_ws/install/crazyflie_interfaces'), ('crazyflie_py', '/home/gowtham/crazyflie_ws/install/crazyflie_py')])}
[0.001459] (crazyflie_interfaces) JobStarted: {'identifier': 'crazyflie_interfaces'}
[0.012013] (central_swarm_control) JobStarted: {'identifier': 'central_swarm_control'}
[0.019822] (swarm_guidance) JobStarted: {'identifier': 'swarm_guidance'}
[0.028159] (swarm_navigation) JobStarted: {'identifier': 'swarm_navigation'}
[0.038315] (crazyflie_interfaces) JobProgress: {'identifier': 'crazyflie_interfaces', 'progress': 'cmake'}
[0.040196] (crazyflie_interfaces) JobProgress: {'identifier': 'crazyflie_interfaces', 'progress': 'build'}
[0.041173] (crazyflie_interfaces) Command: {'cmd': ['/usr/bin/cmake', '--build', '/home/gowtham/crazyflie_ws/build/crazyflie_interfaces', '--', '-j4', '-l4'], 'cwd': '/home/gowtham/crazyflie_ws/build/crazyflie_interfaces', 'env': OrderedDict([('LESSOPEN', '| /usr/bin/lesspipe %s'), ('LANGUAGE', 'en_IN:en'), ('USER', 'gowtham'), ('XDG_SESSION_TYPE', 'wayland'), ('SHLVL', '1'), ('LD_LIBRARY_PATH', '/home/gowtham/swarm_ws/install/crazyflie_interfaces/lib:/opt/ros/humble/opt/rviz_ogre_vendor/lib:/opt/ros/humble/lib/x86_64-linux-gnu:/opt/ros/humble/lib'), ('HOME', '/home/gowtham'), ('OLDPWD', '/home/gowtham'), ('DESKTOP_SESSION', 'ubuntu'), ('ROS_PYTHON_VERSION', '3'), ('GNOME_SHELL_SESSION_MODE', 'ubuntu'), ('GTK_MODULES', 'gail:atk-bridge'), ('SYSTEMD_EXEC_PID', '1194'), ('DBUS_SESSION_BUS_ADDRESS', 'unix:path=/run/user/1000/bus'), ('COLORTERM', 'truecolor'), ('IM_CONFIG_PHASE', '1'), ('WAYLAND_DISPLAY', 'wayland-0'), ('COLCON_PREFIX_PATH', '/home/gowtham/swarm_ws/install'), ('ROS_DISTRO', 'humble'), ('LOGNAME', 'gowtham'), ('_', '/usr/bin/colcon'), ('ROS_VERSION', '2'), ('XDG_SESSION_CLASS', 'user'), ('USERNAME', 'gowtham'), ('TERM', 'xterm-256color'), ('GNOME_DESKTOP_SESSION_ID', 'this-is-deprecated'), ('ROS_LOCALHOST_ONLY', '0'), ('PATH', '/opt/ros/humble/bin:/home/gowtham/.local/bin:/usr/local/sbin:/usr/local/bin:/usr/sbin:/usr/bin:/sbin:/bin:/usr/games:/usr/local/games:/snap/bin:/snap/bin:/home/gowtham/.local/bin'), ('SESSION_MANAGER', 'local/gowtham:@/tmp/.ICE-unix/886,unix/gowtham:/tmp/.ICE-unix/886'), ('XDG_MENU_PREFIX', 'gnome-'), ('GNOME_TERMINAL_SCREEN', '/org/gnome/Terminal/screen/6bd8070d_3214_421e_a9d9_4cc0ef401316'), ('GNOME_SETUP_DISPLAY', ':1'), ('XDG_RUNTIME_DIR', '/run/user/1000'), ('DISPLAY', ':0'), ('LANG', 'en_US.UTF-8'), ('XDG_CURRENT_DESKTOP', 'ubuntu:GNOME'), ('XMODIFIERS', '@im=ibus'), ('XDG_SESSION_DESKTOP', 'ubuntu'), ('XAUTHORITY', '/run/user/1000/.mutter-Xwaylandauth.C45TP3'), ('LS_COLORS', 'rs=0:di=01;34:ln=01;36:mh=00:pi=40;33:so=01;35:do=01;35:bd=40;33;01:cd=40;33;01:or=40;31;01:mi=00:su=37;41:sg=30;43:ca=30;41:tw=30;42:ow=34;42:st=37;44:ex=01;32:*.tar=01;31:*.tgz=01;31:*.arc=01;31:*.arj=01;31:*.taz=01;31:*.lha=01;31:*.lz4=01;31:*.lzh=01;31:*.lzma=01;31:*.tlz=01;31:*.txz=01;31:*.tzo=01;31:*.t7z=01;31:*.zip=01;31:*.z=01;31:*.dz=01;31:*.gz=01;31:*.lrz=01;31:*.lz=01;31:*.lzo=01;31:*.xz=01;31:*.zst=01;31:*.tzst=01;31:*.bz2=01;31:*.bz=01;31:*.tbz=01;31:*.tbz2=01;31:*.tz=01;31:*.deb=01;31:*.rpm=01;31:*.jar=01;31:*.war=01;31:*.ear=01;31:*.sar=01;31:*.rar=01;31:*.alz=01;31:*.ace=01;31:*.zoo=01;31:*.cpio=01;31:*.7z=01;31:*.rz=01;31:*.cab=01;31:*.wim=01;31:*.swm=01;31:*.dwm=01;31:*.esd=01;31:*.jpg=01;35:*.jpeg=01;35:*.mjpg=01;35:*.mjpeg=01;35:*.gif=01;35:*.bmp=01;35:*.pbm=01;35:*.pgm=01;35:*.ppm=01;35:*.tga=01;35:*.xbm=01;35:*.xpm=01;35:*.tif=01;35:*.tiff=01;35:*.png=01;35:*.svg=01;35:*.svgz=01;35:*.mng=01;35:*.pcx=01;35:*.mov=01;35:*.mpg=01;35:*.mpeg=01;35:*.m2v=01;35:*.mkv=01;35:*.webm=01;35:*.webp=01;35:*.ogm=01;35:*.mp4=01;35:*.m4v=01;35:*.mp4v=01;35:*.vob=01;35:*.qt=01;35:*.nuv=01;35:*.wmv=01;35:*.asf=01;35:*.rm=01;35:*.rmvb=01;35:*.flc=01;35:*.avi=01;35:*.fli=01;35:*.flv=01;35:*.gl=01;35:*.dl=01;35:*.xcf=01;35:*.xwd=01;35:*.yuv=01;35:*.cgm=01;35:*.emf=01;35:*.ogv=01;35:*.ogx=01;35:*.aac=00;36:*.au=00;36:*.flac=00;36:*.m4a=00;36:*.mid=00;36:*.midi=00;36:*.mka=00;36:*.mp3=00;36:*.mpc=00;36:*.ogg=00;36:*.ra=00;36:*.wav=00;36:*.oga=00;36:*.opus=00;36:*.spx=00;36:*.xspf=00;36:'), ('GNOME_TERMINAL_SERVICE', ':1.120'), ('SSH_AGENT_LAUNCHER', 'gnome-keyring'), ('SSH_AUTH_SOCK', '/run/user/1000/keyring/ssh'), ('AMENT_PREFIX_PATH', '/home/gowtham/swarm_ws/install/guidance_layer:/home/gowtham/swarm_ws/install/crazyflie_sim:/home/gowtham/swarm_ws/install/crazyflie_examples:/home/gowtham/swarm_ws/install/crazyflie_py:/home/gowtham/swarm_ws/install/crazyflie:/home/gowtham/swarm_ws/install/crazyflie_interfaces:/home/gowtham/swarm_ws/install/control_layer:/home/gowtham/swarm_ws/install/consensus_controller:/opt/ros/humble'), ('SHELL', '/bin/bash'), ('QT_ACCESSIBILITY', '1'), ('GDMSESSION', 'ubuntu'), ('LESSCLOSE', '/usr/bin/lesspipe %s %s'), ('QT_IM_MODULE', 'ibus'), ('PWD', '/home/gowtham/crazyflie_ws/build/crazyflie_interfaces'), ('LC_ALL', 'en_US.UTF-8'), ('XDG_CONFIG_DIRS', '/etc/xdg/xdg-ubuntu:/etc/xdg'), ('XDG_DATA_DIRS', '/usr/share/ubuntu:/usr/local/share/:/usr/share/:/var/lib/snapd/desktop'), ('PYTHONPATH', '/home/gowtham/crazyflie-firmware/build:/home/gowtham/crazyflie-firmware/build:/home/gowtham/swarm_ws/install/guidance_layer/lib/python3.10/site-packages:/home/gowtham/swarm_ws/install/crazyflie_sim/local/lib/python3.10/dist-packages:/home/gowtham/swarm_ws/install/crazyflie_examples/local/lib/python3.10/dist-packages:/home/gowtham/swarm_ws/install/crazyflie_py/lib/python3.10/site-packages:/home/gowtham/swarm_ws/install/crazyflie_interfaces/local/lib/python3.10/dist-packages:/home/gowtham/swarm_ws/install/control_layer/lib/python3.10/site-packages:/home/gowtham/swarm_ws/install/consensus_controller/lib/python3.10/site-packages:/opt/ros/humble/lib/python3.10/site-packages:/opt/ros/humble/local/lib/python3.10/dist-packages'), ('COLCON', '1'), ('VTE_VERSION', '6800'), ('CMAKE_PREFIX_PATH', '/home/gowtham/swarm_ws/install/crazyflie_sim:/home/gowtham/swarm_ws/install/crazyflie_examples:/home/gowtham/swarm_ws/install/crazyflie:/home/gowtham/swarm_ws/install/crazyflie_interfaces:/home/gowtham/swarm_ws/install/guidance_layer:/home/gowtham/swarm_ws/install/crazyflie_py:/home/gowtham/swarm_ws/install/control_layer:/home/gowtham/swarm_ws/install/consensus_controller:/opt/ros/humble')]), 'shell': False}
[0.099503] (-) TimerEvent: {}
[0.199851] (-) TimerEvent: {}
[0.301273] (-) TimerEvent: {}
[0.401708] (-) TimerEvent: {}
[0.502043] (-) TimerEvent: {}
[0.602497] (-) TimerEvent: {}
[0.702831] (-) TimerEvent: {}
[0.803151] (-) TimerEvent: {}
[0.903530] (-) TimerEvent: {}
[0.917908] (crazyflie_interfaces) StdoutLine: {'line': b'[  1%] Built target crazyflie_interfaces__rs\n'}
[0.919672] (crazyflie_interfaces) StdoutLine: {'line': b'[  1%] Built target crazyflie_interfaces__cpp\n'}
[0.919818] (crazyflie_interfaces) StdoutLine: {'line': b'[ 13%] Built target crazyflie_interfaces__rosidl_generator_c\n'}
[0.919919] (crazyflie_interfaces) StdoutLine: {'line': b'[ 13%] Built target ament_cmake_python_copy_crazyflie_interfaces\n'}
[0.920015] (crazyflie_interfaces) StdoutLine: {'line': b'[ 25%] Built target crazyflie_interfaces__rosidl_typesupport_fastrtps_cpp\n'}
[0.920134] (crazyflie_interfaces) StdoutLine: {'line': b'[ 37%] Built target crazyflie_interfaces__rosidl_typesupport_introspection_cpp\n'}
[0.920234] (crazyflie_interfaces) StdoutLine: {'line': b'[ 49%] Built target crazyflie_interfaces__rosidl_typesupport_cpp\n'}
[0.920327] (crazyflie_interfaces) StdoutLine: {'line': b'[ 61%] Built target crazyflie_interfaces__rosidl_typesupport_fastrtps_c\n'}
[0.920419] (crazyflie_interfaces) StdoutLine: {'line': b'[ 73%] Built target crazyflie_interfaces__rosidl_typesupport_c\n'}
[0.920535] (crazyflie_interfaces) StdoutLine: {'line': b'[ 85%] Built target crazyflie_interfaces__rosidl_typesupport_introspection_c\n'}
[0.920632] (crazyflie_interfaces) StdoutLine: {'line': b'[ 85%] Built target crazyflie_interfaces\n'}
[0.920722] (crazyflie_interfaces) StdoutLine: {'line': b'[ 86%] Built target crazyflie_interfaces__py\n'}
[0.920818] (crazyflie_interfaces) StdoutLine: {'line': b'[ 97%] Built target crazyflie_interfaces__rosidl_generator_py\n'}
[0.920913] (crazyflie_interfaces) StdoutLine: {'line': b'[ 98%] Built target crazyflie_interfaces__rosidl_typesupport_c__pyext\n'}
[0.921009] (crazyflie_interfaces) StdoutLine: {'line': b'[ 99%] Built target crazyflie_interfaces__rosidl_typesupport_fastrtps_c__pyext\n'}
[0.921105] (crazyflie_interfaces) StdoutLine: {'line': b'[100%] Built target crazyflie_interfaces__rosidl_typesupport_introspection_c__pyext\n'}
[0.921201] (crazyflie_interfaces) StdoutLine: {'line': b'running egg_info\n'}
[0.921295] (crazyflie_interfaces) StdoutLine: {'line': b'writing crazyflie_interfaces.egg-info/PKG-INFO\n'}
[0.921388] (crazyflie_interfaces) StdoutLine: {'line': b'writing dependency_links to crazyflie_interfaces.egg-info/dependency_links.txt\n'}
[0.921513] (crazyflie_interfaces) StdoutLine: {'line': b'writing top-level names to crazyflie_interfaces.egg-info/top_level.txt\n'}
[0.921613] (crazyflie_interfaces) StdoutLine: {'line': b"reading manifest file 'crazyflie_interfaces.egg-info/SOURCES.txt'\n"}
[0.921703] (crazyflie_interfaces) StdoutLine: {'line': b"writing manifest file 'crazyflie_interfaces.egg-info/SOURCES.txt'\n"}
[0.921795] (crazyflie_interfaces) StdoutLine: {'line': b'[100%] Built target ament_cmake_python_build_crazyflie_interfaces_egg\n'}
[1.003669] (-) TimerEvent: {}
[1.104195] (-) TimerEvent: {}
[1.204660] (-) TimerEvent: {}
[1.289372] (crazyflie_interfaces) CommandEnded: {'returncode': 0}
[1.290579] (crazyflie_interfaces) JobProgress: {'identifier': 'crazyflie_interfaces', 'progress': 'install'}
[1.302545] (crazyflie_interfaces) Command: {'cmd': ['/usr/bin/cmake', '--install', '/home/gowtham/crazyflie_ws/build/crazyflie_interfaces'], 'cwd': '/home/gowtham/crazyflie_ws/build/crazyflie_interfaces', 'env': OrderedDict([('LESSOPEN', '| /usr/bin/lesspipe %s'), ('LANGUAGE', 'en_IN:en'), ('USER', 'gowtham'), ('XDG_SESSION_TYPE', 'wayland'), ('SHLVL', '1'), ('LD_LIBRARY_PATH', '/home/gowtham/swarm_ws/install/crazyflie_interfaces/lib:/opt/ros/humble/opt/rviz_ogre_vendor/lib:/opt/ros/humble/lib/x86_64-linux-gnu:/opt/ros/humble/lib'), ('HOME', '/home/gowtham'), ('OLDPWD', '/home/gowtham'), ('DESKTOP_SESSION', 'ubuntu'), ('ROS_PYTHON_VERSION', '3'), ('GNOME_SHELL_SESSION_MODE', 'ubuntu'), ('GTK_MODULES', 'gail:atk-bridge'), ('SYSTEMD_EXEC_PID', '1194'), ('DBUS_SESSION_BUS_ADDRESS', 'unix:path=/run/user/1000/bus'), ('COLORTERM', 'truecolor'), ('IM_CONFIG_PHASE', '1'), ('WAYLAND_DISPLAY', 'wayland-0'), ('COLCON_PREFIX_PATH', '/home/gowtham/swarm_ws/install'), ('ROS_DISTRO', 'humble'), ('LOGNAME', 'gowtham'), ('_', '/usr/bin/colcon'), ('ROS_VERSION', '2'), ('XDG_SESSION_CLASS', 'user'), ('USERNAME', 'gowtham'), ('TERM', 'xterm-256color'), ('GNOME_DESKTOP_SESSION_ID', 'this-is-deprecated'), ('ROS_LOCALHOST_ONLY', '0'), ('PATH', '/opt/ros/humble/bin:/home/gowtham/.local/bin:/usr/local/sbin:/usr/local/bin:/usr/sbin:/usr/bin:/sbin:/bin:/usr/games:/usr/local/games:/snap/bin:/snap/bin:/home/gowtham/.local/bin'), ('SESSION_MANAGER', 'local/gowtham:@/tmp/.ICE-unix/886,unix/gowtham:/tmp/.ICE-unix/886'), ('XDG_MENU_PREFIX', 'gnome-'), ('GNOME_TERMINAL_SCREEN', '/org/gnome/Terminal/screen/6bd8070d_3214_421e_a9d9_4cc0ef401316'), ('GNOME_SETUP_DISPLAY', ':1'), ('XDG_RUNTIME_DIR', '/run/user/1000'), ('DISPLAY', ':0'), ('LANG', 'en_US.UTF-8'), ('XDG_CURRENT_DESKTOP', 'ubuntu:GNOME'), ('XMODIFIERS', '@im=ibus'), ('XDG_SESSION_DESKTOP', 'ubuntu'), ('XAUTHORITY', '/run/user/1000/.mutter-Xwaylandauth.C45TP3'), ('LS_COLORS', 'rs=0:di=01;34:ln=01;36:mh=00:pi=40;33:so=01;35:do=01;35:bd=40;33;01:cd=40;33;01:or=40;31;01:mi=00:su=37;41:sg=30;43:ca=30;41:tw=30;42:ow=34;42:st=37;44:ex=01;32:*.tar=01;31:*.tgz=01;31:*.arc=01;31:*.arj=01;31:*.taz=01;31:*.lha=01;31:*.lz4=01;31:*.lzh=01;31:*.lzma=01;31:*.tlz=01;31:*.txz=01;31:*.tzo=01;31:*.t7z=01;31:*.zip=01;31:*.z=01;31:*.dz=01;31:*.gz=01;31:*.lrz=01;31:*.lz=01;31:*.lzo=01;31:*.xz=01;31:*.zst=01;31:*.tzst=01;31:*.bz2=01;31:*.bz=01;31:*.tbz=01;31:*.tbz2=01;31:*.tz=01;31:*.deb=01;31:*.rpm=01;31:*.jar=01;31:*.war=01;31:*.ear=01;31:*.sar=01;31:*.rar=01;31:*.alz=01;31:*.ace=01;31:*.zoo=01;31:*.cpio=01;31:*.7z=01;31:*.rz=01;31:*.cab=01;31:*.wim=01;31:*.swm=01;31:*.dwm=01;31:*.esd=01;31:*.jpg=01;35:*.jpeg=01;35:*.mjpg=01;35:*.mjpeg=01;35:*.gif=01;35:*.bmp=01;35:*.pbm=01;35:*.pgm=01;35:*.ppm=01;35:*.tga=01;35:*.xbm=01;35:*.xpm=01;35:*.tif=01;35:*.tiff=01;35:*.png=01;35:*.svg=01;35:*.svgz=01;35:*.mng=01;35:*.pcx=01;35:*.mov=01;35:*.mpg=01;35:*.mpeg=01;35:*.m2v=01;35:*.mkv=01;35:*.webm=01;35:*.webp=01;35:*.ogm=01;35:*.mp4=01;35:*.m4v=01;35:*.mp4v=01;35:*.vob=01;35:*.qt=01;35:*.nuv=01;35:*.wmv=01;35:*.asf=01;35:*.rm=01;35:*.rmvb=01;35:*.flc=01;35:*.avi=01;35:*.fli=01;35:*.flv=01;35:*.gl=01;35:*.dl=01;35:*.xcf=01;35:*.xwd=01;35:*.yuv=01;35:*.cgm=01;35:*.emf=01;35:*.ogv=01;35:*.ogx=01;35:*.aac=00;36:*.au=00;36:*.flac=00;36:*.m4a=00;36:*.mid=00;36:*.midi=00;36:*.mka=00;36:*.mp3=00;36:*.mpc=00;36:*.ogg=00;36:*.ra=00;36:*.wav=00;36:*.oga=00;36:*.opus=00;36:*.spx=00;36:*.xspf=00;36:'), ('GNOME_TERMINAL_SERVICE', ':1.120'), ('SSH_AGENT_LAUNCHER', 'gnome-keyring'), ('SSH_AUTH_SOCK', '/run/user/1000/keyring/ssh'), ('AMENT_PREFIX_PATH', '/home/gowtham/swarm_ws/install/guidance_layer:/home/gowtham/swarm_ws/install/crazyflie_sim:/home/gowtham/swarm_ws/install/crazyflie_examples:/home/gowtham/swarm_ws/install/crazyflie_py:/home/gowtham/swarm_ws/install/crazyflie:/home/gowtham/swarm_ws/install/crazyflie_interfaces:/home/gowtham/swarm_ws/install/control_layer:/home/gowtham/swarm_ws/install/consensus_controller:/opt/ros/humble'), ('SHELL', '/bin/bash'), ('QT_ACCESSIBILITY', '1'), ('GDMSESSION', 'ubuntu'), ('LESSCLOSE', '/usr/bin/lesspipe %s %s'), ('QT_IM_MODULE', 'ibus'), ('PWD', '/home/gowtham/crazyflie_ws/build/crazyflie_interfaces'), ('LC_ALL', 'en_US.UTF-8'), ('XDG_CONFIG_DIRS', '/etc/xdg/xdg-ubuntu:/etc/xdg'), ('XDG_DATA_DIRS', '/usr/share/ubuntu:/usr/local/share/:/usr/share/:/var/lib/snapd/desktop'), ('PYTHONPATH', '/home/gowtham/crazyflie-firmware/build:/home/gowtham/crazyflie-firmware/build:/home/gowtham/swarm_ws/install/guidance_layer/lib/python3.10/site-packages:/home/gowtham/swarm_ws/install/crazyflie_sim/local/lib/python3.10/dist-packages:/home/gowtham/swarm_ws/install/crazyflie_examples/local/lib/python3.10/dist-packages:/home/gowtham/swarm_ws/install/crazyflie_py/lib/python3.10/site-packages:/home/gowtham/swarm_ws/install/crazyflie_interfaces/local/lib/python3.10/dist-packages:/home/gowtham/swarm_ws/install/control_layer/lib/python3.10/site-packages:/home/gowtham/swarm_ws/install/consensus_controller/lib/python3.10/site-packages:/opt/ros/humble/lib/python3.10/site-packages:/opt/ros/humble/local/lib/python3.10/dist-packages'), ('COLCON', '1'), ('VTE_VERSION', '6800'), ('CMAKE_PREFIX_PATH', '/home/gowtham/swarm_ws/install/crazyflie_sim:/home/gowtham/swarm_ws/install/crazyflie_examples:/home/gowtham/swarm_ws/install/crazyflie:/home/gowtham/swarm_ws/install/crazyflie_interfaces:/home/gowtham/swarm_ws/install/guidance_layer:/home/gowtham/swarm_ws/install/crazyflie_py:/home/gowtham/swarm_ws/install/control_layer:/home/gowtham/swarm_ws/install/consensus_controller:/opt/ros/humble')]), 'shell': False}
[1.306104] (-) TimerEvent: {}
[1.317620] (crazyflie_interfaces) StdoutLine: {'line': b'-- Install configuration: ""\n'}
[1.318774] (crazyflie_interfaces) StdoutLine: {'line': b'-- Up-to-date: /home/gowtham/crazyflie_ws/install/crazyflie_interfaces/share/ament_index/resource_index/rosidl_interfaces/crazyflie_interfaces\n'}
[1.319029] (crazyflie_interfaces) StdoutLine: {'line': b'-- Up-to-date: /home/gowtham/crazyflie_ws/install/crazyflie_interfaces/include/crazyflie_interfaces/crazyflie_interfaces\n'}
[1.319206] (crazyflie_interfaces) StdoutLine: {'line': b'-- Up-to-date: /home/gowtham/crazyflie_ws/install/crazyflie_interfaces/include/crazyflie_interfaces/crazyflie_interfaces/srv\n'}
[1.320491] (crazyflie_interfaces) StdoutLine: {'line': b'-- Up-to-date: /home/gowtham/crazyflie_ws/install/crazyflie_interfaces/include/crazyflie_interfaces/crazyflie_interfaces/srv/takeoff.h\n'}
[1.320707] (crazyflie_interfaces) StdoutLine: {'line': b'-- Up-to-date: /home/gowtham/crazyflie_ws/install/crazyflie_interfaces/include/crazyflie_interfaces/crazyflie_interfaces/srv/update_params.h\n'}
[1.320822] (crazyflie_interfaces) StdoutLine: {'line': b'-- Up-to-date: /home/gowtham/crazyflie_ws/install/crazyflie_interfaces/include/crazyflie_interfaces/crazyflie_interfaces/srv/go_to.h\n'}
[1.320931] (crazyflie_interfaces) StdoutLine: {'line': b'-- Up-to-date: /home/gowtham/crazyflie_ws/install/crazyflie_interfaces/include/crazyflie_interfaces/crazyflie_interfaces/srv/start_trajectory.h\n'}
[1.321036] (crazyflie_interfaces) StdoutLine: {'line': b'-- Up-to-date: /home/gowtham/crazyflie_ws/install/crazyflie_interfaces/include/crazyflie_interfaces/crazyflie_interfaces/srv/notify_setpoints_stop.h\n'}
[1.321158] (crazyflie_interfaces) StdoutLine: {'line': b'-- Up-to-date: /home/gowtham/crazyflie_ws/install/crazyflie_interfaces/include/crazyflie_interfaces/crazyflie_interfaces/srv/arm.h\n'}
[1.321261] (crazyflie_interfaces) StdoutLine: {'line': b'-- Up-to-date: /home/gowtham/crazyflie_ws/install/crazyflie_interfaces/include/crazyflie_interfaces/crazyflie_interfaces/srv/land.h\n'}
[1.321364] (crazyflie_interfaces) StdoutLine: {'line': b'-- Up-to-date: /home/gowtham/crazyflie_ws/install/crazyflie_interfaces/include/crazyflie_interfaces/crazyflie_interfaces/srv/upload_trajectory.h\n'}
[1.321483] (crazyflie_interfaces) StdoutLine: {'line': b'-- Up-to-date: /home/gowtham/crazyflie_ws/install/crazyflie_interfaces/include/crazyflie_interfaces/crazyflie_interfaces/srv/set_group_mask.h\n'}
[1.321596] (crazyflie_interfaces) StdoutLine: {'line': b'-- Up-to-date: /home/gowtham/crazyflie_ws/install/crazyflie_interfaces/include/crazyflie_interfaces/crazyflie_interfaces/srv/detail\n'}
[1.327490] (crazyflie_interfaces) StdoutLine: {'line': b'-- Up-to-date: /home/gowtham/crazyflie_ws/install/crazyflie_interfaces/include/crazyflie_interfaces/crazyflie_interfaces/srv/detail/upload_trajectory__functions.c\n'}
[1.327767] (crazyflie_interfaces) StdoutLine: {'line': b'-- Up-to-date: /home/gowtham/crazyflie_ws/install/crazyflie_interfaces/include/crazyflie_interfaces/crazyflie_interfaces/srv/detail/stop__functions.c\n'}
[1.327880] (crazyflie_interfaces) StdoutLine: {'line': b'-- Up-to-date: /home/gowtham/crazyflie_ws/install/crazyflie_interfaces/include/crazyflie_interfaces/crazyflie_interfaces/srv/detail/remove_logging__struct.h\n'}
[1.327990] (crazyflie_interfaces) StdoutLine: {'line': b'-- Up-to-date: /home/gowtham/crazyflie_ws/install/crazyflie_interfaces/include/crazyflie_interfaces/crazyflie_interfaces/srv/detail/add_logging__type_support.h\n'}
[1.328101] (crazyflie_interfaces) StdoutLine: {'line': b'-- Up-to-date: /home/gowtham/crazyflie_ws/install/crazyflie_interfaces/include/crazyflie_interfaces/crazyflie_interfaces/srv/detail/update_params__struct.h\n'}
[1.328209] (crazyflie_interfaces) StdoutLine: {'line': b'-- Up-to-date: /home/gowtham/crazyflie_ws/install/crazyflie_interfaces/include/crazyflie_interfaces/crazyflie_interfaces/srv/detail/start_trajectory__type_support.h\n'}
[1.328337] (crazyflie_interfaces) StdoutLine: {'line': b'-- Up-to-date: /home/gowtham/crazyflie_ws/install/crazyflie_interfaces/include/crazyflie_interfaces/crazyflie_interfaces/srv/detail/go_to__functions.h\n'}
[1.328448] (crazyflie_interfaces) StdoutLine: {'line': b'-- Up-to-date: /home/gowtham/crazyflie_ws/install/crazyflie_interfaces/include/crazyflie_interfaces/crazyflie_interfaces/srv/detail/stop__type_support.h\n'}
[1.328558] (crazyflie_interfaces) StdoutLine: {'line': b'-- Up-to-date: /home/gowtham/crazyflie_ws/install/crazyflie_interfaces/include/crazyflie_interfaces/crazyflie_interfaces/srv/detail/upload_trajectory__struct.h\n'}
[1.328664] (crazyflie_interfaces) StdoutLine: {'line': b'-- Up-to-date: /home/gowtham/crazyflie_ws/install/crazyflie_interfaces/include/crazyflie_interfaces/crazyflie_interfaces/srv/detail/add_logging__functions.h\n'}
[1.328766] (crazyflie_interfaces) StdoutLine: {'line': b'-- Up-to-date: /home/gowtham/crazyflie_ws/install/crazyflie_interfaces/include/crazyflie_interfaces/crazyflie_interfaces/srv/detail/land__functions.c\n'}
[1.328853] (crazyflie_interfaces) StdoutLine: {'line': b'-- Up-to-date: /home/gowtham/crazyflie_ws/install/crazyflie_interfaces/include/crazyflie_interfaces/crazyflie_interfaces/srv/detail/set_group_mask__struct.h\n'}
[1.328934] (crazyflie_interfaces) StdoutLine: {'line': b'-- Up-to-date: /home/gowtham/crazyflie_ws/install/crazyflie_interfaces/include/crazyflie_interfaces/crazyflie_interfaces/srv/detail/arm__type_support.h\n'}
[1.329015] (crazyflie_interfaces) StdoutLine: {'line': b'-- Up-to-date: /home/gowtham/crazyflie_ws/install/crazyflie_interfaces/include/crazyflie_interfaces/crazyflie_interfaces/srv/detail/update_params__type_support.h\n'}
[1.329099] (crazyflie_interfaces) StdoutLine: {'line': b'-- Up-to-date: /home/gowtham/crazyflie_ws/install/crazyflie_interfaces/include/crazyflie_interfaces/crazyflie_interfaces/srv/detail/land__type_support.h\n'}
[1.329186] (crazyflie_interfaces) StdoutLine: {'line': b'-- Up-to-date: /home/gowtham/crazyflie_ws/install/crazyflie_interfaces/include/crazyflie_interfaces/crazyflie_interfaces/srv/detail/start_trajectory__struct.h\n'}
[1.329278] (crazyflie_interfaces) StdoutLine: {'line': b'-- Up-to-date: /home/gowtham/crazyflie_ws/install/crazyflie_interfaces/include/crazyflie_interfaces/crazyflie_interfaces/srv/detail/update_params__functions.c\n'}
[1.329374] (crazyflie_interfaces) StdoutLine: {'line': b'-- Up-to-date: /home/gowtham/crazyflie_ws/install/crazyflie_interfaces/include/crazyflie_interfaces/crazyflie_interfaces/srv/detail/land__functions.h\n'}
[1.329496] (crazyflie_interfaces) StdoutLine: {'line': b'-- Up-to-date: /home/gowtham/crazyflie_ws/install/crazyflie_interfaces/include/crazyflie_interfaces/crazyflie_interfaces/srv/detail/land__struct.h\n'}
[1.329610] (crazyflie_interfaces) StdoutLine: {'line': b'-- Up-to-date: /home/gowtham/crazyflie_ws/install/crazyflie_interfaces/include/crazyflie_interfaces/crazyflie_interfaces/srv/detail/takeoff__struct.h\n'}
[1.329712] (crazyflie_interfaces) StdoutLine: {'line': b'-- Up-to-date: /home/gowtham/crazyflie_ws/install/crazyflie_interfaces/include/crazyflie_interfaces/crazyflie_interfaces/srv/detail/upload_trajectory__type_support.h\n'}
[1.329822] (crazyflie_interfaces) StdoutLine: {'line': b'-- Up-to-date: /home/gowtham/crazyflie_ws/install/crazyflie_interfaces/include/crazyflie_interfaces/crazyflie_interfaces/srv/detail/set_group_mask__functions.h\n'}
[1.329905] (crazyflie_interfaces) StdoutLine: {'line': b'-- Up-to-date: /home/gowtham/crazyflie_ws/install/crazyflie_interfaces/include/crazyflie_interfaces/crazyflie_interfaces/srv/detail/set_group_mask__type_support.h\n'}
[1.329985] (crazyflie_interfaces) StdoutLine: {'line': b'-- Up-to-date: /home/gowtham/crazyflie_ws/install/crazyflie_interfaces/include/crazyflie_interfaces/crazyflie_interfaces/srv/detail/stop__struct.h\n'}
[1.330067] (crazyflie_interfaces) StdoutLine: {'line': b'-- Up-to-date: /home/gowtham/crazyflie_ws/install/crazyflie_interfaces/include/crazyflie_interfaces/crazyflie_interfaces/srv/detail/notify_setpoints_stop__struct.h\n'}
[1.330155] (crazyflie_interfaces) StdoutLine: {'line': b'-- Up-to-date: /home/gowtham/crazyflie_ws/install/crazyflie_interfaces/include/crazyflie_interfaces/crazyflie_interfaces/srv/detail/remove_logging__functions.h\n'}
[1.330262] (crazyflie_interfaces) StdoutLine: {'line': b'-- Up-to-date: /home/gowtham/crazyflie_ws/install/crazyflie_interfaces/include/crazyflie_interfaces/crazyflie_interfaces/srv/detail/takeoff__functions.c\n'}
[1.330364] (crazyflie_interfaces) StdoutLine: {'line': b'-- Up-to-date: /home/gowtham/crazyflie_ws/install/crazyflie_interfaces/include/crazyflie_interfaces/crazyflie_interfaces/srv/detail/start_trajectory__functions.h\n'}
[1.332344] (crazyflie_interfaces) StdoutLine: {'line': b'-- Up-to-date: /home/gowtham/crazyflie_ws/install/crazyflie_interfaces/include/crazyflie_interfaces/crazyflie_interfaces/srv/detail/start_trajectory__functions.c\n'}
[1.332623] (crazyflie_interfaces) StdoutLine: {'line': b'-- Up-to-date: /home/gowtham/crazyflie_ws/install/crazyflie_interfaces/include/crazyflie_interfaces/crazyflie_interfaces/srv/detail/remove_logging__type_support.h\n'}
[1.332748] (crazyflie_interfaces) StdoutLine: {'line': b'-- Up-to-date: /home/gowtham/crazyflie_ws/install/crazyflie_interfaces/include/crazyflie_interfaces/crazyflie_interfaces/srv/detail/notify_setpoints_stop__type_support.h\n'}
[1.332852] (crazyflie_interfaces) StdoutLine: {'line': b'-- Up-to-date: /home/gowtham/crazyflie_ws/install/crazyflie_interfaces/include/crazyflie_interfaces/crazyflie_interfaces/srv/detail/go_to__type_support.h\n'}
[1.334278] (crazyflie_interfaces) StdoutLine: {'line': b'-- Up-to-date: /home/gowtham/crazyflie_ws/install/crazyflie_interfaces/include/crazyflie_interfaces/crazyflie_interfaces/srv/detail/notify_setpoints_stop__functions.c\n'}
[1.334431] (crazyflie_interfaces) StdoutLine: {'line': b'-- Up-to-date: /home/gowtham/crazyflie_ws/install/crazyflie_interfaces/include/crazyflie_interfaces/crazyflie_interfaces/srv/detail/upload_trajectory__functions.h\n'}
[1.334556] (crazyflie_interfaces) StdoutLine: {'line': b'-- Up-to-date: /home/gowtham/crazyflie_ws/install/crazyflie_interfaces/include/crazyflie_interfaces/crazyflie_interfaces/srv/detail/go_to__struct.h\n'}
[1.334657] (crazyflie_interfaces) StdoutLine: {'line': b'-- Up-to-date: /home/gowtham/crazyflie_ws/install/crazyflie_interfaces/include/crazyflie_interfaces/crazyflie_interfaces/srv/detail/takeoff__type_support.h\n'}
[1.334755] (crazyflie_interfaces) StdoutLine: {'line': b'-- Up-to-date: /home/gowtham/crazyflie_ws/install/crazyflie_interfaces/include/crazyflie_interfaces/crazyflie_interfaces/srv/detail/notify_setpoints_stop__functions.h\n'}
[1.334856] (crazyflie_interfaces) StdoutLine: {'line': b'-- Up-to-date: /home/gowtham/crazyflie_ws/install/crazyflie_interfaces/include/crazyflie_interfaces/crazyflie_interfaces/srv/detail/set_group_mask__functions.c\n'}
[1.334955] (crazyflie_interfaces) StdoutLine: {'line': b'-- Up-to-date: /home/gowtham/crazyflie_ws/install/crazyflie_interfaces/include/crazyflie_interfaces/crazyflie_interfaces/srv/detail/add_logging__struct.h\n'}
[1.335056] (crazyflie_interfaces) StdoutLine: {'line': b'-- Up-to-date: /home/gowtham/crazyflie_ws/install/crazyflie_interfaces/include/crazyflie_interfaces/crazyflie_interfaces/srv/detail/stop__functions.h\n'}
[1.335155] (crazyflie_interfaces) StdoutLine: {'line': b'-- Up-to-date: /home/gowtham/crazyflie_ws/install/crazyflie_interfaces/include/crazyflie_interfaces/crazyflie_interfaces/srv/detail/remove_logging__functions.c\n'}
[1.335256] (crazyflie_interfaces) StdoutLine: {'line': b'-- Up-to-date: /home/gowtham/crazyflie_ws/install/crazyflie_interfaces/include/crazyflie_interfaces/crazyflie_interfaces/srv/detail/arm__functions.c\n'}
[1.335361] (crazyflie_interfaces) StdoutLine: {'line': b'-- Up-to-date: /home/gowtham/crazyflie_ws/install/crazyflie_interfaces/include/crazyflie_interfaces/crazyflie_interfaces/srv/detail/arm__struct.h\n'}
[1.335480] (crazyflie_interfaces) StdoutLine: {'line': b'-- Up-to-date: /home/gowtham/crazyflie_ws/install/crazyflie_interfaces/include/crazyflie_interfaces/crazyflie_interfaces/srv/detail/takeoff__functions.h\n'}
[1.335606] (crazyflie_interfaces) StdoutLine: {'line': b'-- Up-to-date: /home/gowtham/crazyflie_ws/install/crazyflie_interfaces/include/crazyflie_interfaces/crazyflie_interfaces/srv/detail/add_logging__functions.c\n'}
[1.335713] (crazyflie_interfaces) StdoutLine: {'line': b'-- Up-to-date: /home/gowtham/crazyflie_ws/install/crazyflie_interfaces/include/crazyflie_interfaces/crazyflie_interfaces/srv/detail/arm__functions.h\n'}
[1.335815] (crazyflie_interfaces) StdoutLine: {'line': b'-- Up-to-date: /home/gowtham/crazyflie_ws/install/crazyflie_interfaces/include/crazyflie_interfaces/crazyflie_interfaces/srv/detail/update_params__functions.h\n'}
[1.335922] (crazyflie_interfaces) StdoutLine: {'line': b'-- Up-to-date: /home/gowtham/crazyflie_ws/install/crazyflie_interfaces/include/crazyflie_interfaces/crazyflie_interfaces/srv/detail/go_to__functions.c\n'}
[1.336027] (crazyflie_interfaces) StdoutLine: {'line': b'-- Up-to-date: /home/gowtham/crazyflie_ws/install/crazyflie_interfaces/include/crazyflie_interfaces/crazyflie_interfaces/srv/remove_logging.h\n'}
[1.336130] (crazyflie_interfaces) StdoutLine: {'line': b'-- Up-to-date: /home/gowtham/crazyflie_ws/install/crazyflie_interfaces/include/crazyflie_interfaces/crazyflie_interfaces/srv/add_logging.h\n'}
[1.336495] (crazyflie_interfaces) StdoutLine: {'line': b'-- Up-to-date: /home/gowtham/crazyflie_ws/install/crazyflie_interfaces/include/crazyflie_interfaces/crazyflie_interfaces/srv/stop.h\n'}
[1.336626] (crazyflie_interfaces) StdoutLine: {'line': b'-- Up-to-date: /home/gowtham/crazyflie_ws/install/crazyflie_interfaces/include/crazyflie_interfaces/crazyflie_interfaces/msg\n'}
[1.336732] (crazyflie_interfaces) StdoutLine: {'line': b'-- Up-to-date: /home/gowtham/crazyflie_ws/install/crazyflie_interfaces/include/crazyflie_interfaces/crazyflie_interfaces/msg/velocity_world.h\n'}
[1.336830] (crazyflie_interfaces) StdoutLine: {'line': b'-- Up-to-date: /home/gowtham/crazyflie_ws/install/crazyflie_interfaces/include/crazyflie_interfaces/crazyflie_interfaces/msg/connection_statistics.h\n'}
[1.336961] (crazyflie_interfaces) StdoutLine: {'line': b'-- Up-to-date: /home/gowtham/crazyflie_ws/install/crazyflie_interfaces/include/crazyflie_interfaces/crazyflie_interfaces/msg/trajectory_polynomial_piece.h\n'}
[1.337065] (crazyflie_interfaces) StdoutLine: {'line': b'-- Up-to-date: /home/gowtham/crazyflie_ws/install/crazyflie_interfaces/include/crazyflie_interfaces/crazyflie_interfaces/msg/hover.h\n'}
[1.337167] (crazyflie_interfaces) StdoutLine: {'line': b'-- Up-to-date: /home/gowtham/crazyflie_ws/install/crazyflie_interfaces/include/crazyflie_interfaces/crazyflie_interfaces/msg/log_data_generic.h\n'}
[1.337266] (crazyflie_interfaces) StdoutLine: {'line': b'-- Up-to-date: /home/gowtham/crazyflie_ws/install/crazyflie_interfaces/include/crazyflie_interfaces/crazyflie_interfaces/msg/log_block.h\n'}
[1.337364] (crazyflie_interfaces) StdoutLine: {'line': b'-- Up-to-date: /home/gowtham/crazyflie_ws/install/crazyflie_interfaces/include/crazyflie_interfaces/crazyflie_interfaces/msg/rosidl_generator_c__visibility_control.h\n'}
[1.337524] (crazyflie_interfaces) StdoutLine: {'line': b'-- Up-to-date: /home/gowtham/crazyflie_ws/install/crazyflie_interfaces/include/crazyflie_interfaces/crazyflie_interfaces/msg/detail\n'}
[1.337643] (crazyflie_interfaces) StdoutLine: {'line': b'-- Up-to-date: /home/gowtham/crazyflie_ws/install/crazyflie_interfaces/include/crazyflie_interfaces/crazyflie_interfaces/msg/detail/trajectory_polynomial_piece__functions.h\n'}
[1.337741] (crazyflie_interfaces) StdoutLine: {'line': b'-- Up-to-date: /home/gowtham/crazyflie_ws/install/crazyflie_interfaces/include/crazyflie_interfaces/crazyflie_interfaces/msg/detail/status__functions.h\n'}
[1.337840] (crazyflie_interfaces) StdoutLine: {'line': b'-- Up-to-date: /home/gowtham/crazyflie_ws/install/crazyflie_interfaces/include/crazyflie_interfaces/crazyflie_interfaces/msg/detail/connection_statistics__functions.c\n'}
[1.337943] (crazyflie_interfaces) StdoutLine: {'line': b'-- Up-to-date: /home/gowtham/crazyflie_ws/install/crazyflie_interfaces/include/crazyflie_interfaces/crazyflie_interfaces/msg/detail/log_block__functions.h\n'}
[1.338057] (crazyflie_interfaces) StdoutLine: {'line': b'-- Up-to-date: /home/gowtham/crazyflie_ws/install/crazyflie_interfaces/include/crazyflie_interfaces/crazyflie_interfaces/msg/detail/position__functions.c\n'}
[1.338167] (crazyflie_interfaces) StdoutLine: {'line': b'-- Up-to-date: /home/gowtham/crazyflie_ws/install/crazyflie_interfaces/include/crazyflie_interfaces/crazyflie_interfaces/msg/detail/log_data_generic__type_support.h\n'}
[1.338271] (crazyflie_interfaces) StdoutLine: {'line': b'-- Up-to-date: /home/gowtham/crazyflie_ws/install/crazyflie_interfaces/include/crazyflie_interfaces/crazyflie_interfaces/msg/detail/connection_statistics_array__functions.c\n'}
[1.338374] (crazyflie_interfaces) StdoutLine: {'line': b'-- Up-to-date: /home/gowtham/crazyflie_ws/install/crazyflie_interfaces/include/crazyflie_interfaces/crazyflie_interfaces/msg/detail/full_state__struct.h\n'}
[1.338711] (crazyflie_interfaces) StdoutLine: {'line': b'-- Up-to-date: /home/gowtham/crazyflie_ws/install/crazyflie_interfaces/include/crazyflie_interfaces/crazyflie_interfaces/msg/detail/velocity_world__type_support.h\n'}
[1.338840] (crazyflie_interfaces) StdoutLine: {'line': b'-- Up-to-date: /home/gowtham/crazyflie_ws/install/crazyflie_interfaces/include/crazyflie_interfaces/crazyflie_interfaces/msg/detail/log_block__type_support.h\n'}
[1.338944] (crazyflie_interfaces) StdoutLine: {'line': b'-- Up-to-date: /home/gowtham/crazyflie_ws/install/crazyflie_interfaces/include/crazyflie_interfaces/crazyflie_interfaces/msg/detail/velocity_world__struct.h\n'}
[1.339065] (crazyflie_interfaces) StdoutLine: {'line': b'-- Up-to-date: /home/gowtham/crazyflie_ws/install/crazyflie_interfaces/include/crazyflie_interfaces/crazyflie_interfaces/msg/detail/velocity_world__functions.h\n'}
[1.339170] (crazyflie_interfaces) StdoutLine: {'line': b'-- Up-to-date: /home/gowtham/crazyflie_ws/install/crazyflie_interfaces/include/crazyflie_interfaces/crazyflie_interfaces/msg/detail/log_block__struct.h\n'}
[1.339269] (crazyflie_interfaces) StdoutLine: {'line': b'-- Up-to-date: /home/gowtham/crazyflie_ws/install/crazyflie_interfaces/include/crazyflie_interfaces/crazyflie_interfaces/msg/detail/connection_statistics__type_support.h\n'}
[1.339381] (crazyflie_interfaces) StdoutLine: {'line': b'-- Up-to-date: /home/gowtham/crazyflie_ws/install/crazyflie_interfaces/include/crazyflie_interfaces/crazyflie_interfaces/msg/detail/hover__functions.h\n'}
[1.339498] (crazyflie_interfaces) StdoutLine: {'line': b'-- Up-to-date: /home/gowtham/crazyflie_ws/install/crazyflie_interfaces/include/crazyflie_interfaces/crazyflie_interfaces/msg/detail/status__type_support.h\n'}
[1.339595] (crazyflie_interfaces) StdoutLine: {'line': b'-- Up-to-date: /home/gowtham/crazyflie_ws/install/crazyflie_interfaces/include/crazyflie_interfaces/crazyflie_interfaces/msg/detail/full_state__functions.c\n'}
[1.339694] (crazyflie_interfaces) StdoutLine: {'line': b'-- Up-to-date: /home/gowtham/crazyflie_ws/install/crazyflie_interfaces/include/crazyflie_interfaces/crazyflie_interfaces/msg/detail/log_data_generic__struct.h\n'}
[1.339799] (crazyflie_interfaces) StdoutLine: {'line': b'-- Up-to-date: /home/gowtham/crazyflie_ws/install/crazyflie_interfaces/include/crazyflie_interfaces/crazyflie_interfaces/msg/detail/log_block__functions.c\n'}
[1.339898] (crazyflie_interfaces) StdoutLine: {'line': b'-- Up-to-date: /home/gowtham/crazyflie_ws/install/crazyflie_interfaces/include/crazyflie_interfaces/crazyflie_interfaces/msg/detail/hover__struct.h\n'}
[1.340000] (crazyflie_interfaces) StdoutLine: {'line': b'-- Up-to-date: /home/gowtham/crazyflie_ws/install/crazyflie_interfaces/include/crazyflie_interfaces/crazyflie_interfaces/msg/detail/connection_statistics_array__functions.h\n'}
[1.340095] (crazyflie_interfaces) StdoutLine: {'line': b'-- Up-to-date: /home/gowtham/crazyflie_ws/install/crazyflie_interfaces/include/crazyflie_interfaces/crazyflie_interfaces/msg/detail/status__struct.h\n'}
[1.340191] (crazyflie_interfaces) StdoutLine: {'line': b'-- Up-to-date: /home/gowtham/crazyflie_ws/install/crazyflie_interfaces/include/crazyflie_interfaces/crazyflie_interfaces/msg/detail/connection_statistics__struct.h\n'}
[1.340312] (crazyflie_interfaces) StdoutLine: {'line': b'-- Up-to-date: /home/gowtham/crazyflie_ws/install/crazyflie_interfaces/include/crazyflie_interfaces/crazyflie_interfaces/msg/detail/trajectory_polynomial_piece__type_support.h\n'}
[1.340412] (crazyflie_interfaces) StdoutLine: {'line': b'-- Up-to-date: /home/gowtham/crazyflie_ws/install/crazyflie_interfaces/include/crazyflie_interfaces/crazyflie_interfaces/msg/detail/velocity_world__functions.c\n'}
[1.340560] (crazyflie_interfaces) StdoutLine: {'line': b'-- Up-to-date: /home/gowtham/crazyflie_ws/install/crazyflie_interfaces/include/crazyflie_interfaces/crazyflie_interfaces/msg/detail/connection_statistics_array__type_support.h\n'}
[1.340668] (crazyflie_interfaces) StdoutLine: {'line': b'-- Up-to-date: /home/gowtham/crazyflie_ws/install/crazyflie_interfaces/include/crazyflie_interfaces/crazyflie_interfaces/msg/detail/connection_statistics__functions.h\n'}
[1.340772] (crazyflie_interfaces) StdoutLine: {'line': b'-- Up-to-date: /home/gowtham/crazyflie_ws/install/crazyflie_interfaces/include/crazyflie_interfaces/crazyflie_interfaces/msg/detail/position__struct.h\n'}
[1.340874] (crazyflie_interfaces) StdoutLine: {'line': b'-- Up-to-date: /home/gowtham/crazyflie_ws/install/crazyflie_interfaces/include/crazyflie_interfaces/crazyflie_interfaces/msg/detail/position__functions.h\n'}
[1.340972] (crazyflie_interfaces) StdoutLine: {'line': b'-- Up-to-date: /home/gowtham/crazyflie_ws/install/crazyflie_interfaces/include/crazyflie_interfaces/crazyflie_interfaces/msg/detail/full_state__functions.h\n'}
[1.341073] (crazyflie_interfaces) StdoutLine: {'line': b'-- Up-to-date: /home/gowtham/crazyflie_ws/install/crazyflie_interfaces/include/crazyflie_interfaces/crazyflie_interfaces/msg/detail/hover__type_support.h\n'}
[1.341170] (crazyflie_interfaces) StdoutLine: {'line': b'-- Up-to-date: /home/gowtham/crazyflie_ws/install/crazyflie_interfaces/include/crazyflie_interfaces/crazyflie_interfaces/msg/detail/full_state__type_support.h\n'}
[1.341269] (crazyflie_interfaces) StdoutLine: {'line': b'-- Up-to-date: /home/gowtham/crazyflie_ws/install/crazyflie_interfaces/include/crazyflie_interfaces/crazyflie_interfaces/msg/detail/hover__functions.c\n'}
[1.341371] (crazyflie_interfaces) StdoutLine: {'line': b'-- Up-to-date: /home/gowtham/crazyflie_ws/install/crazyflie_interfaces/include/crazyflie_interfaces/crazyflie_interfaces/msg/detail/connection_statistics_array__struct.h\n'}
[1.341497] (crazyflie_interfaces) StdoutLine: {'line': b'-- Up-to-date: /home/gowtham/crazyflie_ws/install/crazyflie_interfaces/include/crazyflie_interfaces/crazyflie_interfaces/msg/detail/trajectory_polynomial_piece__functions.c\n'}
[1.341627] (crazyflie_interfaces) StdoutLine: {'line': b'-- Up-to-date: /home/gowtham/crazyflie_ws/install/crazyflie_interfaces/include/crazyflie_interfaces/crazyflie_interfaces/msg/detail/log_data_generic__functions.c\n'}
[1.341727] (crazyflie_interfaces) StdoutLine: {'line': b'-- Up-to-date: /home/gowtham/crazyflie_ws/install/crazyflie_interfaces/include/crazyflie_interfaces/crazyflie_interfaces/msg/detail/log_data_generic__functions.h\n'}
[1.341824] (crazyflie_interfaces) StdoutLine: {'line': b'-- Up-to-date: /home/gowtham/crazyflie_ws/install/crazyflie_interfaces/include/crazyflie_interfaces/crazyflie_interfaces/msg/detail/position__type_support.h\n'}
[1.341919] (crazyflie_interfaces) StdoutLine: {'line': b'-- Up-to-date: /home/gowtham/crazyflie_ws/install/crazyflie_interfaces/include/crazyflie_interfaces/crazyflie_interfaces/msg/detail/trajectory_polynomial_piece__struct.h\n'}
[1.342016] (crazyflie_interfaces) StdoutLine: {'line': b'-- Up-to-date: /home/gowtham/crazyflie_ws/install/crazyflie_interfaces/include/crazyflie_interfaces/crazyflie_interfaces/msg/detail/status__functions.c\n'}
[1.342109] (crazyflie_interfaces) StdoutLine: {'line': b'-- Up-to-date: /home/gowtham/crazyflie_ws/install/crazyflie_interfaces/include/crazyflie_interfaces/crazyflie_interfaces/msg/connection_statistics_array.h\n'}
[1.342220] (crazyflie_interfaces) StdoutLine: {'line': b'-- Up-to-date: /home/gowtham/crazyflie_ws/install/crazyflie_interfaces/include/crazyflie_interfaces/crazyflie_interfaces/msg/status.h\n'}
[1.342319] (crazyflie_interfaces) StdoutLine: {'line': b'-- Up-to-date: /home/gowtham/crazyflie_ws/install/crazyflie_interfaces/include/crazyflie_interfaces/crazyflie_interfaces/msg/full_state.h\n'}
[1.342421] (crazyflie_interfaces) StdoutLine: {'line': b'-- Up-to-date: /home/gowtham/crazyflie_ws/install/crazyflie_interfaces/include/crazyflie_interfaces/crazyflie_interfaces/msg/position.h\n'}
[1.342549] (crazyflie_interfaces) StdoutLine: {'line': b'-- Up-to-date: /home/gowtham/crazyflie_ws/install/crazyflie_interfaces/share/crazyflie_interfaces/environment/library_path.sh\n'}
[1.342653] (crazyflie_interfaces) StdoutLine: {'line': b'-- Up-to-date: /home/gowtham/crazyflie_ws/install/crazyflie_interfaces/share/crazyflie_interfaces/environment/library_path.dsv\n'}
[1.342754] (crazyflie_interfaces) StdoutLine: {'line': b'-- Up-to-date: /home/gowtham/crazyflie_ws/install/crazyflie_interfaces/lib/libcrazyflie_interfaces__rosidl_generator_c.so\n'}
[1.342857] (crazyflie_interfaces) StdoutLine: {'line': b'-- Up-to-date: /home/gowtham/crazyflie_ws/install/crazyflie_interfaces/include/crazyflie_interfaces/crazyflie_interfaces\n'}
[1.342960] (crazyflie_interfaces) StdoutLine: {'line': b'-- Up-to-date: /home/gowtham/crazyflie_ws/install/crazyflie_interfaces/include/crazyflie_interfaces/crazyflie_interfaces/srv\n'}
[1.343059] (crazyflie_interfaces) StdoutLine: {'line': b'-- Up-to-date: /home/gowtham/crazyflie_ws/install/crazyflie_interfaces/include/crazyflie_interfaces/crazyflie_interfaces/srv/detail\n'}
[1.343182] (crazyflie_interfaces) StdoutLine: {'line': b'-- Up-to-date: /home/gowtham/crazyflie_ws/install/crazyflie_interfaces/include/crazyflie_interfaces/crazyflie_interfaces/srv/detail/arm__rosidl_typesupport_fastrtps_c.h\n'}
[1.343359] (crazyflie_interfaces) StdoutLine: {'line': b'-- Up-to-date: /home/gowtham/crazyflie_ws/install/crazyflie_interfaces/include/crazyflie_interfaces/crazyflie_interfaces/srv/detail/start_trajectory__rosidl_typesupport_fastrtps_c.h\n'}
[1.343498] (crazyflie_interfaces) StdoutLine: {'line': b'-- Up-to-date: /home/gowtham/crazyflie_ws/install/crazyflie_interfaces/include/crazyflie_interfaces/crazyflie_interfaces/srv/detail/upload_trajectory__rosidl_typesupport_fastrtps_c.h\n'}
[1.343705] (crazyflie_interfaces) StdoutLine: {'line': b'-- Up-to-date: /home/gowtham/crazyflie_ws/install/crazyflie_interfaces/include/crazyflie_interfaces/crazyflie_interfaces/srv/detail/takeoff__rosidl_typesupport_fastrtps_c.h\n'}
[1.343993] (crazyflie_interfaces) StdoutLine: {'line': b'-- Up-to-date: /home/gowtham/crazyflie_ws/install/crazyflie_interfaces/include/crazyflie_interfaces/crazyflie_interfaces/srv/detail/add_logging__rosidl_typesupport_fastrtps_c.h\n'}
[1.344276] (crazyflie_interfaces) StdoutLine: {'line': b'-- Up-to-date: /home/gowtham/crazyflie_ws/install/crazyflie_interfaces/include/crazyflie_interfaces/crazyflie_interfaces/srv/detail/go_to__rosidl_typesupport_fastrtps_c.h\n'}
[1.344504] (crazyflie_interfaces) StdoutLine: {'line': b'-- Up-to-date: /home/gowtham/crazyflie_ws/install/crazyflie_interfaces/include/crazyflie_interfaces/crazyflie_interfaces/srv/detail/notify_setpoints_stop__rosidl_typesupport_fastrtps_c.h\n'}
[1.344681] (crazyflie_interfaces) StdoutLine: {'line': b'-- Up-to-date: /home/gowtham/crazyflie_ws/install/crazyflie_interfaces/include/crazyflie_interfaces/crazyflie_interfaces/srv/detail/remove_logging__rosidl_typesupport_fastrtps_c.h\n'}
[1.344911] (crazyflie_interfaces) StdoutLine: {'line': b'-- Up-to-date: /home/gowtham/crazyflie_ws/install/crazyflie_interfaces/include/crazyflie_interfaces/crazyflie_interfaces/srv/detail/stop__rosidl_typesupport_fastrtps_c.h\n'}
[1.345133] (crazyflie_interfaces) StdoutLine: {'line': b'-- Up-to-date: /home/gowtham/crazyflie_ws/install/crazyflie_interfaces/include/crazyflie_interfaces/crazyflie_interfaces/srv/detail/update_params__rosidl_typesupport_fastrtps_c.h\n'}
[1.345434] (crazyflie_interfaces) StdoutLine: {'line': b'-- Up-to-date: /home/gowtham/crazyflie_ws/install/crazyflie_interfaces/include/crazyflie_interfaces/crazyflie_interfaces/srv/detail/set_group_mask__rosidl_typesupport_fastrtps_c.h\n'}
[1.345707] (crazyflie_interfaces) StdoutLine: {'line': b'-- Up-to-date: /home/gowtham/crazyflie_ws/install/crazyflie_interfaces/include/crazyflie_interfaces/crazyflie_interfaces/srv/detail/land__rosidl_typesupport_fastrtps_c.h\n'}
[1.345924] (crazyflie_interfaces) StdoutLine: {'line': b'-- Up-to-date: /home/gowtham/crazyflie_ws/install/crazyflie_interfaces/include/crazyflie_interfaces/crazyflie_interfaces/msg\n'}
[1.346132] (crazyflie_interfaces) StdoutLine: {'line': b'-- Up-to-date: /home/gowtham/crazyflie_ws/install/crazyflie_interfaces/include/crazyflie_interfaces/crazyflie_interfaces/msg/detail\n'}
[1.346275] (crazyflie_interfaces) StdoutLine: {'line': b'-- Up-to-date: /home/gowtham/crazyflie_ws/install/crazyflie_interfaces/include/crazyflie_interfaces/crazyflie_interfaces/msg/detail/position__rosidl_typesupport_fastrtps_c.h\n'}
[1.346378] (crazyflie_interfaces) StdoutLine: {'line': b'-- Up-to-date: /home/gowtham/crazyflie_ws/install/crazyflie_interfaces/include/crazyflie_interfaces/crazyflie_interfaces/msg/detail/status__rosidl_typesupport_fastrtps_c.h\n'}
[1.346500] (crazyflie_interfaces) StdoutLine: {'line': b'-- Up-to-date: /home/gowtham/crazyflie_ws/install/crazyflie_interfaces/include/crazyflie_interfaces/crazyflie_interfaces/msg/detail/log_block__rosidl_typesupport_fastrtps_c.h\n'}
[1.346608] (crazyflie_interfaces) StdoutLine: {'line': b'-- Up-to-date: /home/gowtham/crazyflie_ws/install/crazyflie_interfaces/include/crazyflie_interfaces/crazyflie_interfaces/msg/detail/velocity_world__rosidl_typesupport_fastrtps_c.h\n'}
[1.346711] (crazyflie_interfaces) StdoutLine: {'line': b'-- Up-to-date: /home/gowtham/crazyflie_ws/install/crazyflie_interfaces/include/crazyflie_interfaces/crazyflie_interfaces/msg/detail/trajectory_polynomial_piece__rosidl_typesupport_fastrtps_c.h\n'}
[1.346811] (crazyflie_interfaces) StdoutLine: {'line': b'-- Up-to-date: /home/gowtham/crazyflie_ws/install/crazyflie_interfaces/include/crazyflie_interfaces/crazyflie_interfaces/msg/detail/full_state__rosidl_typesupport_fastrtps_c.h\n'}
[1.346906] (crazyflie_interfaces) StdoutLine: {'line': b'-- Up-to-date: /home/gowtham/crazyflie_ws/install/crazyflie_interfaces/include/crazyflie_interfaces/crazyflie_interfaces/msg/detail/connection_statistics_array__rosidl_typesupport_fastrtps_c.h\n'}
[1.347005] (crazyflie_interfaces) StdoutLine: {'line': b'-- Up-to-date: /home/gowtham/crazyflie_ws/install/crazyflie_interfaces/include/crazyflie_interfaces/crazyflie_interfaces/msg/detail/hover__rosidl_typesupport_fastrtps_c.h\n'}
[1.347102] (crazyflie_interfaces) StdoutLine: {'line': b'-- Up-to-date: /home/gowtham/crazyflie_ws/install/crazyflie_interfaces/include/crazyflie_interfaces/crazyflie_interfaces/msg/detail/connection_statistics__rosidl_typesupport_fastrtps_c.h\n'}
[1.347206] (crazyflie_interfaces) StdoutLine: {'line': b'-- Up-to-date: /home/gowtham/crazyflie_ws/install/crazyflie_interfaces/include/crazyflie_interfaces/crazyflie_interfaces/msg/detail/log_data_generic__rosidl_typesupport_fastrtps_c.h\n'}
[1.347306] (crazyflie_interfaces) StdoutLine: {'line': b'-- Up-to-date: /home/gowtham/crazyflie_ws/install/crazyflie_interfaces/include/crazyflie_interfaces/crazyflie_interfaces/msg/rosidl_typesupport_fastrtps_c__visibility_control.h\n'}
[1.347406] (crazyflie_interfaces) StdoutLine: {'line': b'-- Up-to-date: /home/gowtham/crazyflie_ws/install/crazyflie_interfaces/lib/libcrazyflie_interfaces__rosidl_typesupport_fastrtps_c.so\n'}
[1.347566] (crazyflie_interfaces) StdoutLine: {'line': b'-- Up-to-date: /home/gowtham/crazyflie_ws/install/crazyflie_interfaces/include/crazyflie_interfaces/crazyflie_interfaces\n'}
[1.347669] (crazyflie_interfaces) StdoutLine: {'line': b'-- Up-to-date: /home/gowtham/crazyflie_ws/install/crazyflie_interfaces/include/crazyflie_interfaces/crazyflie_interfaces/srv\n'}
[1.347777] (crazyflie_interfaces) StdoutLine: {'line': b'-- Up-to-date: /home/gowtham/crazyflie_ws/install/crazyflie_interfaces/include/crazyflie_interfaces/crazyflie_interfaces/srv/update_params.hpp\n'}
[1.347875] (crazyflie_interfaces) StdoutLine: {'line': b'-- Up-to-date: /home/gowtham/crazyflie_ws/install/crazyflie_interfaces/include/crazyflie_interfaces/crazyflie_interfaces/srv/set_group_mask.hpp\n'}
[1.347973] (crazyflie_interfaces) StdoutLine: {'line': b'-- Up-to-date: /home/gowtham/crazyflie_ws/install/crazyflie_interfaces/include/crazyflie_interfaces/crazyflie_interfaces/srv/add_logging.hpp\n'}
[1.348073] (crazyflie_interfaces) StdoutLine: {'line': b'-- Up-to-date: /home/gowtham/crazyflie_ws/install/crazyflie_interfaces/include/crazyflie_interfaces/crazyflie_interfaces/srv/stop.hpp\n'}
[1.348170] (crazyflie_interfaces) StdoutLine: {'line': b'-- Up-to-date: /home/gowtham/crazyflie_ws/install/crazyflie_interfaces/include/crazyflie_interfaces/crazyflie_interfaces/srv/go_to.hpp\n'}
[1.348266] (crazyflie_interfaces) StdoutLine: {'line': b'-- Up-to-date: /home/gowtham/crazyflie_ws/install/crazyflie_interfaces/include/crazyflie_interfaces/crazyflie_interfaces/srv/remove_logging.hpp\n'}
[1.348364] (crazyflie_interfaces) StdoutLine: {'line': b'-- Up-to-date: /home/gowtham/crazyflie_ws/install/crazyflie_interfaces/include/crazyflie_interfaces/crazyflie_interfaces/srv/takeoff.hpp\n'}
[1.348515] (crazyflie_interfaces) StdoutLine: {'line': b'-- Up-to-date: /home/gowtham/crazyflie_ws/install/crazyflie_interfaces/include/crazyflie_interfaces/crazyflie_interfaces/srv/notify_setpoints_stop.hpp\n'}
[1.348809] (crazyflie_interfaces) StdoutLine: {'line': b'-- Up-to-date: /home/gowtham/crazyflie_ws/install/crazyflie_interfaces/include/crazyflie_interfaces/crazyflie_interfaces/srv/detail\n'}
[1.349035] (crazyflie_interfaces) StdoutLine: {'line': b'-- Up-to-date: /home/gowtham/crazyflie_ws/install/crazyflie_interfaces/include/crazyflie_interfaces/crazyflie_interfaces/srv/detail/notify_setpoints_stop__builder.hpp\n'}
[1.349353] (crazyflie_interfaces) StdoutLine: {'line': b'-- Up-to-date: /home/gowtham/crazyflie_ws/install/crazyflie_interfaces/include/crazyflie_interfaces/crazyflie_interfaces/srv/detail/set_group_mask__traits.hpp\n'}
[1.349651] (crazyflie_interfaces) StdoutLine: {'line': b'-- Up-to-date: /home/gowtham/crazyflie_ws/install/crazyflie_interfaces/include/crazyflie_interfaces/crazyflie_interfaces/srv/detail/update_params__traits.hpp\n'}
[1.349865] (crazyflie_interfaces) StdoutLine: {'line': b'-- Up-to-date: /home/gowtham/crazyflie_ws/install/crazyflie_interfaces/include/crazyflie_interfaces/crazyflie_interfaces/srv/detail/stop__type_support.hpp\n'}
[1.350147] (crazyflie_interfaces) StdoutLine: {'line': b'-- Up-to-date: /home/gowtham/crazyflie_ws/install/crazyflie_interfaces/include/crazyflie_interfaces/crazyflie_interfaces/srv/detail/upload_trajectory__type_support.hpp\n'}
[1.350390] (crazyflie_interfaces) StdoutLine: {'line': b'-- Up-to-date: /home/gowtham/crazyflie_ws/install/crazyflie_interfaces/include/crazyflie_interfaces/crazyflie_interfaces/srv/detail/arm__type_support.hpp\n'}
[1.350524] (crazyflie_interfaces) StdoutLine: {'line': b'-- Up-to-date: /home/gowtham/crazyflie_ws/install/crazyflie_interfaces/include/crazyflie_interfaces/crazyflie_interfaces/srv/detail/stop__builder.hpp\n'}
[1.350634] (crazyflie_interfaces) StdoutLine: {'line': b'-- Up-to-date: /home/gowtham/crazyflie_ws/install/crazyflie_interfaces/include/crazyflie_interfaces/crazyflie_interfaces/srv/detail/land__traits.hpp\n'}
[1.350734] (crazyflie_interfaces) StdoutLine: {'line': b'-- Up-to-date: /home/gowtham/crazyflie_ws/install/crazyflie_interfaces/include/crazyflie_interfaces/crazyflie_interfaces/srv/detail/takeoff__type_support.hpp\n'}
[1.350835] (crazyflie_interfaces) StdoutLine: {'line': b'-- Up-to-date: /home/gowtham/crazyflie_ws/install/crazyflie_interfaces/include/crazyflie_interfaces/crazyflie_interfaces/srv/detail/notify_setpoints_stop__type_support.hpp\n'}
[1.350937] (crazyflie_interfaces) StdoutLine: {'line': b'-- Up-to-date: /home/gowtham/crazyflie_ws/install/crazyflie_interfaces/include/crazyflie_interfaces/crazyflie_interfaces/srv/detail/start_trajectory__builder.hpp\n'}
[1.351055] (crazyflie_interfaces) StdoutLine: {'line': b'-- Up-to-date: /home/gowtham/crazyflie_ws/install/crazyflie_interfaces/include/crazyflie_interfaces/crazyflie_interfaces/srv/detail/update_params__struct.hpp\n'}
[1.351158] (crazyflie_interfaces) StdoutLine: {'line': b'-- Up-to-date: /home/gowtham/crazyflie_ws/install/crazyflie_interfaces/include/crazyflie_interfaces/crazyflie_interfaces/srv/detail/upload_trajectory__builder.hpp\n'}
[1.351258] (crazyflie_interfaces) StdoutLine: {'line': b'-- Up-to-date: /home/gowtham/crazyflie_ws/install/crazyflie_interfaces/include/crazyflie_interfaces/crazyflie_interfaces/srv/detail/go_to__traits.hpp\n'}
[1.351358] (crazyflie_interfaces) StdoutLine: {'line': b'-- Up-to-date: /home/gowtham/crazyflie_ws/install/crazyflie_interfaces/include/crazyflie_interfaces/crazyflie_interfaces/srv/detail/set_group_mask__builder.hpp\n'}
[1.351489] (crazyflie_interfaces) StdoutLine: {'line': b'-- Up-to-date: /home/gowtham/crazyflie_ws/install/crazyflie_interfaces/include/crazyflie_interfaces/crazyflie_interfaces/srv/detail/notify_setpoints_stop__struct.hpp\n'}
[1.351693] (crazyflie_interfaces) StdoutLine: {'line': b'-- Up-to-date: /home/gowtham/crazyflie_ws/install/crazyflie_interfaces/include/crazyflie_interfaces/crazyflie_interfaces/srv/detail/add_logging__struct.hpp\n'}
[1.351779] (crazyflie_interfaces) StdoutLine: {'line': b'-- Up-to-date: /home/gowtham/crazyflie_ws/install/crazyflie_interfaces/include/crazyflie_interfaces/crazyflie_interfaces/srv/detail/update_params__builder.hpp\n'}
[1.351863] (crazyflie_interfaces) StdoutLine: {'line': b'-- Up-to-date: /home/gowtham/crazyflie_ws/install/crazyflie_interfaces/include/crazyflie_interfaces/crazyflie_interfaces/srv/detail/add_logging__traits.hpp\n'}
[1.351946] (crazyflie_interfaces) StdoutLine: {'line': b'-- Up-to-date: /home/gowtham/crazyflie_ws/install/crazyflie_interfaces/include/crazyflie_interfaces/crazyflie_interfaces/srv/detail/start_trajectory__type_support.hpp\n'}
[1.352022] (crazyflie_interfaces) StdoutLine: {'line': b'-- Up-to-date: /home/gowtham/crazyflie_ws/install/crazyflie_interfaces/include/crazyflie_interfaces/crazyflie_interfaces/srv/detail/takeoff__builder.hpp\n'}
[1.352123] (crazyflie_interfaces) StdoutLine: {'line': b'-- Up-to-date: /home/gowtham/crazyflie_ws/install/crazyflie_interfaces/include/crazyflie_interfaces/crazyflie_interfaces/srv/detail/arm__traits.hpp\n'}
[1.352234] (crazyflie_interfaces) StdoutLine: {'line': b'-- Up-to-date: /home/gowtham/crazyflie_ws/install/crazyflie_interfaces/include/crazyflie_interfaces/crazyflie_interfaces/srv/detail/arm__builder.hpp\n'}
[1.352338] (crazyflie_interfaces) StdoutLine: {'line': b'-- Up-to-date: /home/gowtham/crazyflie_ws/install/crazyflie_interfaces/include/crazyflie_interfaces/crazyflie_interfaces/srv/detail/arm__struct.hpp\n'}
[1.352471] (crazyflie_interfaces) StdoutLine: {'line': b'-- Up-to-date: /home/gowtham/crazyflie_ws/install/crazyflie_interfaces/include/crazyflie_interfaces/crazyflie_interfaces/srv/detail/remove_logging__builder.hpp\n'}
[1.352584] (crazyflie_interfaces) StdoutLine: {'line': b'-- Up-to-date: /home/gowtham/crazyflie_ws/install/crazyflie_interfaces/include/crazyflie_interfaces/crazyflie_interfaces/srv/detail/takeoff__traits.hpp\n'}
[1.352682] (crazyflie_interfaces) StdoutLine: {'line': b'-- Up-to-date: /home/gowtham/crazyflie_ws/install/crazyflie_interfaces/include/crazyflie_interfaces/crazyflie_interfaces/srv/detail/remove_logging__type_support.hpp\n'}
[1.352779] (crazyflie_interfaces) StdoutLine: {'line': b'-- Up-to-date: /home/gowtham/crazyflie_ws/install/crazyflie_interfaces/include/crazyflie_interfaces/crazyflie_interfaces/srv/detail/stop__traits.hpp\n'}
[1.352876] (crazyflie_interfaces) StdoutLine: {'line': b'-- Up-to-date: /home/gowtham/crazyflie_ws/install/crazyflie_interfaces/include/crazyflie_interfaces/crazyflie_interfaces/srv/detail/land__type_support.hpp\n'}
[1.352984] (crazyflie_interfaces) StdoutLine: {'line': b'-- Up-to-date: /home/gowtham/crazyflie_ws/install/crazyflie_interfaces/include/crazyflie_interfaces/crazyflie_interfaces/srv/detail/notify_setpoints_stop__traits.hpp\n'}
[1.353082] (crazyflie_interfaces) StdoutLine: {'line': b'-- Up-to-date: /home/gowtham/crazyflie_ws/install/crazyflie_interfaces/include/crazyflie_interfaces/crazyflie_interfaces/srv/detail/land__struct.hpp\n'}
[1.353178] (crazyflie_interfaces) StdoutLine: {'line': b'-- Up-to-date: /home/gowtham/crazyflie_ws/install/crazyflie_interfaces/include/crazyflie_interfaces/crazyflie_interfaces/srv/detail/set_group_mask__type_support.hpp\n'}
[1.353285] (crazyflie_interfaces) StdoutLine: {'line': b'-- Up-to-date: /home/gowtham/crazyflie_ws/install/crazyflie_interfaces/include/crazyflie_interfaces/crazyflie_interfaces/srv/detail/set_group_mask__struct.hpp\n'}
[1.353393] (crazyflie_interfaces) StdoutLine: {'line': b'-- Up-to-date: /home/gowtham/crazyflie_ws/install/crazyflie_interfaces/include/crazyflie_interfaces/crazyflie_interfaces/srv/detail/stop__struct.hpp\n'}
[1.353885] (crazyflie_interfaces) StdoutLine: {'line': b'-- Up-to-date: /home/gowtham/crazyflie_ws/install/crazyflie_interfaces/include/crazyflie_interfaces/crazyflie_interfaces/srv/detail/update_params__type_support.hpp\n'}
[1.354020] (crazyflie_interfaces) StdoutLine: {'line': b'-- Up-to-date: /home/gowtham/crazyflie_ws/install/crazyflie_interfaces/include/crazyflie_interfaces/crazyflie_interfaces/srv/detail/remove_logging__struct.hpp\n'}
[1.354127] (crazyflie_interfaces) StdoutLine: {'line': b'-- Up-to-date: /home/gowtham/crazyflie_ws/install/crazyflie_interfaces/include/crazyflie_interfaces/crazyflie_interfaces/srv/detail/go_to__struct.hpp\n'}
[1.354230] (crazyflie_interfaces) StdoutLine: {'line': b'-- Up-to-date: /home/gowtham/crazyflie_ws/install/crazyflie_interfaces/include/crazyflie_interfaces/crazyflie_interfaces/srv/detail/add_logging__type_support.hpp\n'}
[1.354339] (crazyflie_interfaces) StdoutLine: {'line': b'-- Up-to-date: /home/gowtham/crazyflie_ws/install/crazyflie_interfaces/include/crazyflie_interfaces/crazyflie_interfaces/srv/detail/upload_trajectory__struct.hpp\n'}
[1.354667] (crazyflie_interfaces) StdoutLine: {'line': b'-- Up-to-date: /home/gowtham/crazyflie_ws/install/crazyflie_interfaces/include/crazyflie_interfaces/crazyflie_interfaces/srv/detail/start_trajectory__traits.hpp\n'}
[1.354781] (crazyflie_interfaces) StdoutLine: {'line': b'-- Up-to-date: /home/gowtham/crazyflie_ws/install/crazyflie_interfaces/include/crazyflie_interfaces/crazyflie_interfaces/srv/detail/add_logging__builder.hpp\n'}
[1.354882] (crazyflie_interfaces) StdoutLine: {'line': b'-- Up-to-date: /home/gowtham/crazyflie_ws/install/crazyflie_interfaces/include/crazyflie_interfaces/crazyflie_interfaces/srv/detail/remove_logging__traits.hpp\n'}
[1.355008] (crazyflie_interfaces) StdoutLine: {'line': b'-- Up-to-date: /home/gowtham/crazyflie_ws/install/crazyflie_interfaces/include/crazyflie_interfaces/crazyflie_interfaces/srv/detail/go_to__type_support.hpp\n'}
[1.355109] (crazyflie_interfaces) StdoutLine: {'line': b'-- Up-to-date: /home/gowtham/crazyflie_ws/install/crazyflie_interfaces/include/crazyflie_interfaces/crazyflie_interfaces/srv/detail/upload_trajectory__traits.hpp\n'}
[1.355212] (crazyflie_interfaces) StdoutLine: {'line': b'-- Up-to-date: /home/gowtham/crazyflie_ws/install/crazyflie_interfaces/include/crazyflie_interfaces/crazyflie_interfaces/srv/detail/start_trajectory__struct.hpp\n'}
[1.355316] (crazyflie_interfaces) StdoutLine: {'line': b'-- Up-to-date: /home/gowtham/crazyflie_ws/install/crazyflie_interfaces/include/crazyflie_interfaces/crazyflie_interfaces/srv/detail/go_to__builder.hpp\n'}
[1.355417] (crazyflie_interfaces) StdoutLine: {'line': b'-- Up-to-date: /home/gowtham/crazyflie_ws/install/crazyflie_interfaces/include/crazyflie_interfaces/crazyflie_interfaces/srv/detail/takeoff__struct.hpp\n'}
[1.355566] (crazyflie_interfaces) StdoutLine: {'line': b'-- Up-to-date: /home/gowtham/crazyflie_ws/install/crazyflie_interfaces/include/crazyflie_interfaces/crazyflie_interfaces/srv/detail/land__builder.hpp\n'}
[1.355694] (crazyflie_interfaces) StdoutLine: {'line': b'-- Up-to-date: /home/gowtham/crazyflie_ws/install/crazyflie_interfaces/include/crazyflie_interfaces/crazyflie_interfaces/srv/upload_trajectory.hpp\n'}
[1.355798] (crazyflie_interfaces) StdoutLine: {'line': b'-- Up-to-date: /home/gowtham/crazyflie_ws/install/crazyflie_interfaces/include/crazyflie_interfaces/crazyflie_interfaces/srv/start_trajectory.hpp\n'}
[1.355904] (crazyflie_interfaces) StdoutLine: {'line': b'-- Up-to-date: /home/gowtham/crazyflie_ws/install/crazyflie_interfaces/include/crazyflie_interfaces/crazyflie_interfaces/srv/arm.hpp\n'}
[1.356008] (crazyflie_interfaces) StdoutLine: {'line': b'-- Up-to-date: /home/gowtham/crazyflie_ws/install/crazyflie_interfaces/include/crazyflie_interfaces/crazyflie_interfaces/srv/land.hpp\n'}
[1.356110] (crazyflie_interfaces) StdoutLine: {'line': b'-- Up-to-date: /home/gowtham/crazyflie_ws/install/crazyflie_interfaces/include/crazyflie_interfaces/crazyflie_interfaces/msg\n'}
[1.356211] (crazyflie_interfaces) StdoutLine: {'line': b'-- Up-to-date: /home/gowtham/crazyflie_ws/install/crazyflie_interfaces/include/crazyflie_interfaces/crazyflie_interfaces/msg/hover.hpp\n'}
[1.356310] (crazyflie_interfaces) StdoutLine: {'line': b'-- Up-to-date: /home/gowtham/crazyflie_ws/install/crazyflie_interfaces/include/crazyflie_interfaces/crazyflie_interfaces/msg/velocity_world.hpp\n'}
[1.356410] (crazyflie_interfaces) StdoutLine: {'line': b'-- Up-to-date: /home/gowtham/crazyflie_ws/install/crazyflie_interfaces/include/crazyflie_interfaces/crazyflie_interfaces/msg/connection_statistics.hpp\n'}
[1.356543] (crazyflie_interfaces) StdoutLine: {'line': b'-- Up-to-date: /home/gowtham/crazyflie_ws/install/crazyflie_interfaces/include/crazyflie_interfaces/crazyflie_interfaces/msg/log_data_generic.hpp\n'}
[1.356674] (crazyflie_interfaces) StdoutLine: {'line': b'-- Up-to-date: /home/gowtham/crazyflie_ws/install/crazyflie_interfaces/include/crazyflie_interfaces/crazyflie_interfaces/msg/log_block.hpp\n'}
[1.356787] (crazyflie_interfaces) StdoutLine: {'line': b'-- Up-to-date: /home/gowtham/crazyflie_ws/install/crazyflie_interfaces/include/crazyflie_interfaces/crazyflie_interfaces/msg/detail\n'}
[1.356883] (crazyflie_interfaces) StdoutLine: {'line': b'-- Up-to-date: /home/gowtham/crazyflie_ws/install/crazyflie_interfaces/include/crazyflie_interfaces/crazyflie_interfaces/msg/detail/position__traits.hpp\n'}
[1.356979] (crazyflie_interfaces) StdoutLine: {'line': b'-- Up-to-date: /home/gowtham/crazyflie_ws/install/crazyflie_interfaces/include/crazyflie_interfaces/crazyflie_interfaces/msg/detail/status__type_support.hpp\n'}
[1.357225] (crazyflie_interfaces) StdoutLine: {'line': b'-- Up-to-date: /home/gowtham/crazyflie_ws/install/crazyflie_interfaces/include/crazyflie_interfaces/crazyflie_interfaces/msg/detail/log_block__traits.hpp\n'}
[1.357686] (crazyflie_interfaces) StdoutLine: {'line': b'-- Up-to-date: /home/gowtham/crazyflie_ws/install/crazyflie_interfaces/include/crazyflie_interfaces/crazyflie_interfaces/msg/detail/position__builder.hpp\n'}
[1.357854] (crazyflie_interfaces) StdoutLine: {'line': b'-- Up-to-date: /home/gowtham/crazyflie_ws/install/crazyflie_interfaces/include/crazyflie_interfaces/crazyflie_interfaces/msg/detail/connection_statistics_array__builder.hpp\n'}
[1.358071] (crazyflie_interfaces) StdoutLine: {'line': b'-- Up-to-date: /home/gowtham/crazyflie_ws/install/crazyflie_interfaces/include/crazyflie_interfaces/crazyflie_interfaces/msg/detail/full_state__struct.hpp\n'}
[1.358269] (crazyflie_interfaces) StdoutLine: {'line': b'-- Up-to-date: /home/gowtham/crazyflie_ws/install/crazyflie_interfaces/include/crazyflie_interfaces/crazyflie_interfaces/msg/detail/log_data_generic__type_support.hpp\n'}
[1.358551] (crazyflie_interfaces) StdoutLine: {'line': b'-- Up-to-date: /home/gowtham/crazyflie_ws/install/crazyflie_interfaces/include/crazyflie_interfaces/crazyflie_interfaces/msg/detail/full_state__traits.hpp\n'}
[1.358807] (crazyflie_interfaces) StdoutLine: {'line': b'-- Up-to-date: /home/gowtham/crazyflie_ws/install/crazyflie_interfaces/include/crazyflie_interfaces/crazyflie_interfaces/msg/detail/log_data_generic__traits.hpp\n'}
[1.359096] (crazyflie_interfaces) StdoutLine: {'line': b'-- Up-to-date: /home/gowtham/crazyflie_ws/install/crazyflie_interfaces/include/crazyflie_interfaces/crazyflie_interfaces/msg/detail/hover__builder.hpp\n'}
[1.359204] (crazyflie_interfaces) StdoutLine: {'line': b'-- Up-to-date: /home/gowtham/crazyflie_ws/install/crazyflie_interfaces/include/crazyflie_interfaces/crazyflie_interfaces/msg/detail/position__type_support.hpp\n'}
[1.359326] (crazyflie_interfaces) StdoutLine: {'line': b'-- Up-to-date: /home/gowtham/crazyflie_ws/install/crazyflie_interfaces/include/crazyflie_interfaces/crazyflie_interfaces/msg/detail/hover__traits.hpp\n'}
[1.359424] (crazyflie_interfaces) StdoutLine: {'line': b'-- Up-to-date: /home/gowtham/crazyflie_ws/install/crazyflie_interfaces/include/crazyflie_interfaces/crazyflie_interfaces/msg/detail/connection_statistics_array__type_support.hpp\n'}
[1.359552] (crazyflie_interfaces) StdoutLine: {'line': b'-- Up-to-date: /home/gowtham/crazyflie_ws/install/crazyflie_interfaces/include/crazyflie_interfaces/crazyflie_interfaces/msg/detail/log_block__type_support.hpp\n'}
[1.359666] (crazyflie_interfaces) StdoutLine: {'line': b'-- Up-to-date: /home/gowtham/crazyflie_ws/install/crazyflie_interfaces/include/crazyflie_interfaces/crazyflie_interfaces/msg/detail/trajectory_polynomial_piece__struct.hpp\n'}
[1.359767] (crazyflie_interfaces) StdoutLine: {'line': b'-- Up-to-date: /home/gowtham/crazyflie_ws/install/crazyflie_interfaces/include/crazyflie_interfaces/crazyflie_interfaces/msg/detail/velocity_world__struct.hpp\n'}
[1.359862] (crazyflie_interfaces) StdoutLine: {'line': b'-- Up-to-date: /home/gowtham/crazyflie_ws/install/crazyflie_interfaces/include/crazyflie_interfaces/crazyflie_interfaces/msg/detail/velocity_world__traits.hpp\n'}
[1.359955] (crazyflie_interfaces) StdoutLine: {'line': b'-- Up-to-date: /home/gowtham/crazyflie_ws/install/crazyflie_interfaces/include/crazyflie_interfaces/crazyflie_interfaces/msg/detail/connection_statistics_array__struct.hpp\n'}
[1.360052] (crazyflie_interfaces) StdoutLine: {'line': b'-- Up-to-date: /home/gowtham/crazyflie_ws/install/crazyflie_interfaces/include/crazyflie_interfaces/crazyflie_interfaces/msg/detail/log_data_generic__builder.hpp\n'}
[1.360151] (crazyflie_interfaces) StdoutLine: {'line': b'-- Up-to-date: /home/gowtham/crazyflie_ws/install/crazyflie_interfaces/include/crazyflie_interfaces/crazyflie_interfaces/msg/detail/connection_statistics__struct.hpp\n'}
[1.360272] (crazyflie_interfaces) StdoutLine: {'line': b'-- Up-to-date: /home/gowtham/crazyflie_ws/install/crazyflie_interfaces/include/crazyflie_interfaces/crazyflie_interfaces/msg/detail/full_state__type_support.hpp\n'}
[1.360550] (crazyflie_interfaces) StdoutLine: {'line': b'-- Up-to-date: /home/gowtham/crazyflie_ws/install/crazyflie_interfaces/include/crazyflie_interfaces/crazyflie_interfaces/msg/detail/status__builder.hpp\n'}
[1.360668] (crazyflie_interfaces) StdoutLine: {'line': b'-- Up-to-date: /home/gowtham/crazyflie_ws/install/crazyflie_interfaces/include/crazyflie_interfaces/crazyflie_interfaces/msg/detail/full_state__builder.hpp\n'}
[1.360776] (crazyflie_interfaces) StdoutLine: {'line': b'-- Up-to-date: /home/gowtham/crazyflie_ws/install/crazyflie_interfaces/include/crazyflie_interfaces/crazyflie_interfaces/msg/detail/connection_statistics__type_support.hpp\n'}
[1.360884] (crazyflie_interfaces) StdoutLine: {'line': b'-- Up-to-date: /home/gowtham/crazyflie_ws/install/crazyflie_interfaces/include/crazyflie_interfaces/crazyflie_interfaces/msg/detail/hover__type_support.hpp\n'}
[1.360987] (crazyflie_interfaces) StdoutLine: {'line': b'-- Up-to-date: /home/gowtham/crazyflie_ws/install/crazyflie_interfaces/include/crazyflie_interfaces/crazyflie_interfaces/msg/detail/log_block__builder.hpp\n'}
[1.361087] (crazyflie_interfaces) StdoutLine: {'line': b'-- Up-to-date: /home/gowtham/crazyflie_ws/install/crazyflie_interfaces/include/crazyflie_interfaces/crazyflie_interfaces/msg/detail/trajectory_polynomial_piece__builder.hpp\n'}
[1.361205] (crazyflie_interfaces) StdoutLine: {'line': b'-- Up-to-date: /home/gowtham/crazyflie_ws/install/crazyflie_interfaces/include/crazyflie_interfaces/crazyflie_interfaces/msg/detail/velocity_world__builder.hpp\n'}
[1.361297] (crazyflie_interfaces) StdoutLine: {'line': b'-- Up-to-date: /home/gowtham/crazyflie_ws/install/crazyflie_interfaces/include/crazyflie_interfaces/crazyflie_interfaces/msg/detail/connection_statistics__traits.hpp\n'}
[1.361395] (crazyflie_interfaces) StdoutLine: {'line': b'-- Up-to-date: /home/gowtham/crazyflie_ws/install/crazyflie_interfaces/include/crazyflie_interfaces/crazyflie_interfaces/msg/detail/velocity_world__type_support.hpp\n'}
[1.361535] (crazyflie_interfaces) StdoutLine: {'line': b'-- Up-to-date: /home/gowtham/crazyflie_ws/install/crazyflie_interfaces/include/crazyflie_interfaces/crazyflie_interfaces/msg/detail/connection_statistics__builder.hpp\n'}
[1.361638] (crazyflie_interfaces) StdoutLine: {'line': b'-- Up-to-date: /home/gowtham/crazyflie_ws/install/crazyflie_interfaces/include/crazyflie_interfaces/crazyflie_interfaces/msg/detail/hover__struct.hpp\n'}
[1.361743] (crazyflie_interfaces) StdoutLine: {'line': b'-- Up-to-date: /home/gowtham/crazyflie_ws/install/crazyflie_interfaces/include/crazyflie_interfaces/crazyflie_interfaces/msg/detail/status__struct.hpp\n'}
[1.361843] (crazyflie_interfaces) StdoutLine: {'line': b'-- Up-to-date: /home/gowtham/crazyflie_ws/install/crazyflie_interfaces/include/crazyflie_interfaces/crazyflie_interfaces/msg/detail/status__traits.hpp\n'}
[1.361934] (crazyflie_interfaces) StdoutLine: {'line': b'-- Up-to-date: /home/gowtham/crazyflie_ws/install/crazyflie_interfaces/include/crazyflie_interfaces/crazyflie_interfaces/msg/detail/trajectory_polynomial_piece__traits.hpp\n'}
[1.362033] (crazyflie_interfaces) StdoutLine: {'line': b'-- Up-to-date: /home/gowtham/crazyflie_ws/install/crazyflie_interfaces/include/crazyflie_interfaces/crazyflie_interfaces/msg/detail/position__struct.hpp\n'}
[1.362153] (crazyflie_interfaces) StdoutLine: {'line': b'-- Up-to-date: /home/gowtham/crazyflie_ws/install/crazyflie_interfaces/include/crazyflie_interfaces/crazyflie_interfaces/msg/detail/log_data_generic__struct.hpp\n'}
[1.362263] (crazyflie_interfaces) StdoutLine: {'line': b'-- Up-to-date: /home/gowtham/crazyflie_ws/install/crazyflie_interfaces/include/crazyflie_interfaces/crazyflie_interfaces/msg/detail/trajectory_polynomial_piece__type_support.hpp\n'}
[1.362373] (crazyflie_interfaces) StdoutLine: {'line': b'-- Up-to-date: /home/gowtham/crazyflie_ws/install/crazyflie_interfaces/include/crazyflie_interfaces/crazyflie_interfaces/msg/detail/log_block__struct.hpp\n'}
[1.362498] (crazyflie_interfaces) StdoutLine: {'line': b'-- Up-to-date: /home/gowtham/crazyflie_ws/install/crazyflie_interfaces/include/crazyflie_interfaces/crazyflie_interfaces/msg/detail/connection_statistics_array__traits.hpp\n'}
[1.362613] (crazyflie_interfaces) StdoutLine: {'line': b'-- Up-to-date: /home/gowtham/crazyflie_ws/install/crazyflie_interfaces/include/crazyflie_interfaces/crazyflie_interfaces/msg/rosidl_generator_cpp__visibility_control.hpp\n'}
[1.362719] (crazyflie_interfaces) StdoutLine: {'line': b'-- Up-to-date: /home/gowtham/crazyflie_ws/install/crazyflie_interfaces/include/crazyflie_interfaces/crazyflie_interfaces/msg/trajectory_polynomial_piece.hpp\n'}
[1.362940] (crazyflie_interfaces) StdoutLine: {'line': b'-- Up-to-date: /home/gowtham/crazyflie_ws/install/crazyflie_interfaces/include/crazyflie_interfaces/crazyflie_interfaces/msg/position.hpp\n'}
[1.363106] (crazyflie_interfaces) StdoutLine: {'line': b'-- Up-to-date: /home/gowtham/crazyflie_ws/install/crazyflie_interfaces/include/crazyflie_interfaces/crazyflie_interfaces/msg/full_state.hpp\n'}
[1.363283] (crazyflie_interfaces) StdoutLine: {'line': b'-- Up-to-date: /home/gowtham/crazyflie_ws/install/crazyflie_interfaces/include/crazyflie_interfaces/crazyflie_interfaces/msg/status.hpp\n'}
[1.363388] (crazyflie_interfaces) StdoutLine: {'line': b'-- Up-to-date: /home/gowtham/crazyflie_ws/install/crazyflie_interfaces/include/crazyflie_interfaces/crazyflie_interfaces/msg/connection_statistics_array.hpp\n'}
[1.363532] (crazyflie_interfaces) StdoutLine: {'line': b'-- Up-to-date: /home/gowtham/crazyflie_ws/install/crazyflie_interfaces/include/crazyflie_interfaces/crazyflie_interfaces\n'}
[1.363734] (crazyflie_interfaces) StdoutLine: {'line': b'-- Up-to-date: /home/gowtham/crazyflie_ws/install/crazyflie_interfaces/include/crazyflie_interfaces/crazyflie_interfaces/srv\n'}
[1.363841] (crazyflie_interfaces) StdoutLine: {'line': b'-- Up-to-date: /home/gowtham/crazyflie_ws/install/crazyflie_interfaces/include/crazyflie_interfaces/crazyflie_interfaces/srv/detail\n'}
[1.363942] (crazyflie_interfaces) StdoutLine: {'line': b'-- Up-to-date: /home/gowtham/crazyflie_ws/install/crazyflie_interfaces/include/crazyflie_interfaces/crazyflie_interfaces/srv/detail/set_group_mask__rosidl_typesupport_fastrtps_cpp.hpp\n'}
[1.364041] (crazyflie_interfaces) StdoutLine: {'line': b'-- Up-to-date: /home/gowtham/crazyflie_ws/install/crazyflie_interfaces/include/crazyflie_interfaces/crazyflie_interfaces/srv/detail/arm__rosidl_typesupport_fastrtps_cpp.hpp\n'}
[1.364144] (crazyflie_interfaces) StdoutLine: {'line': b'-- Up-to-date: /home/gowtham/crazyflie_ws/install/crazyflie_interfaces/include/crazyflie_interfaces/crazyflie_interfaces/srv/detail/start_trajectory__rosidl_typesupport_fastrtps_cpp.hpp\n'}
[1.364270] (crazyflie_interfaces) StdoutLine: {'line': b'-- Up-to-date: /home/gowtham/crazyflie_ws/install/crazyflie_interfaces/include/crazyflie_interfaces/crazyflie_interfaces/srv/detail/go_to__rosidl_typesupport_fastrtps_cpp.hpp\n'}
[1.364430] (crazyflie_interfaces) StdoutLine: {'line': b'-- Up-to-date: /home/gowtham/crazyflie_ws/install/crazyflie_interfaces/include/crazyflie_interfaces/crazyflie_interfaces/srv/detail/update_params__rosidl_typesupport_fastrtps_cpp.hpp\n'}
[1.364558] (crazyflie_interfaces) StdoutLine: {'line': b'-- Up-to-date: /home/gowtham/crazyflie_ws/install/crazyflie_interfaces/include/crazyflie_interfaces/crazyflie_interfaces/srv/detail/land__rosidl_typesupport_fastrtps_cpp.hpp\n'}
[1.364657] (crazyflie_interfaces) StdoutLine: {'line': b'-- Up-to-date: /home/gowtham/crazyflie_ws/install/crazyflie_interfaces/include/crazyflie_interfaces/crazyflie_interfaces/srv/detail/stop__rosidl_typesupport_fastrtps_cpp.hpp\n'}
[1.364832] (crazyflie_interfaces) StdoutLine: {'line': b'-- Up-to-date: /home/gowtham/crazyflie_ws/install/crazyflie_interfaces/include/crazyflie_interfaces/crazyflie_interfaces/srv/detail/notify_setpoints_stop__rosidl_typesupport_fastrtps_cpp.hpp\n'}
[1.365072] (crazyflie_interfaces) StdoutLine: {'line': b'-- Up-to-date: /home/gowtham/crazyflie_ws/install/crazyflie_interfaces/include/crazyflie_interfaces/crazyflie_interfaces/srv/detail/dds_fastrtps\n'}
[1.365368] (crazyflie_interfaces) StdoutLine: {'line': b'-- Up-to-date: /home/gowtham/crazyflie_ws/install/crazyflie_interfaces/include/crazyflie_interfaces/crazyflie_interfaces/srv/detail/takeoff__rosidl_typesupport_fastrtps_cpp.hpp\n'}
[1.365688] (crazyflie_interfaces) StdoutLine: {'line': b'-- Up-to-date: /home/gowtham/crazyflie_ws/install/crazyflie_interfaces/include/crazyflie_interfaces/crazyflie_interfaces/srv/detail/upload_trajectory__rosidl_typesupport_fastrtps_cpp.hpp\n'}
[1.365919] (crazyflie_interfaces) StdoutLine: {'line': b'-- Up-to-date: /home/gowtham/crazyflie_ws/install/crazyflie_interfaces/include/crazyflie_interfaces/crazyflie_interfaces/srv/detail/remove_logging__rosidl_typesupport_fastrtps_cpp.hpp\n'}
[1.366166] (crazyflie_interfaces) StdoutLine: {'line': b'-- Up-to-date: /home/gowtham/crazyflie_ws/install/crazyflie_interfaces/include/crazyflie_interfaces/crazyflie_interfaces/srv/detail/add_logging__rosidl_typesupport_fastrtps_cpp.hpp\n'}
[1.366425] (crazyflie_interfaces) StdoutLine: {'line': b'-- Up-to-date: /home/gowtham/crazyflie_ws/install/crazyflie_interfaces/include/crazyflie_interfaces/crazyflie_interfaces/msg\n'}
[1.366603] (crazyflie_interfaces) StdoutLine: {'line': b'-- Up-to-date: /home/gowtham/crazyflie_ws/install/crazyflie_interfaces/include/crazyflie_interfaces/crazyflie_interfaces/msg/rosidl_typesupport_fastrtps_cpp__visibility_control.h\n'}
[1.366723] (crazyflie_interfaces) StdoutLine: {'line': b'-- Up-to-date: /home/gowtham/crazyflie_ws/install/crazyflie_interfaces/include/crazyflie_interfaces/crazyflie_interfaces/msg/detail\n'}
[1.366828] (crazyflie_interfaces) StdoutLine: {'line': b'-- Up-to-date: /home/gowtham/crazyflie_ws/install/crazyflie_interfaces/include/crazyflie_interfaces/crazyflie_interfaces/msg/detail/log_data_generic__rosidl_typesupport_fastrtps_cpp.hpp\n'}
[1.366932] (crazyflie_interfaces) StdoutLine: {'line': b'-- Up-to-date: /home/gowtham/crazyflie_ws/install/crazyflie_interfaces/include/crazyflie_interfaces/crazyflie_interfaces/msg/detail/connection_statistics__rosidl_typesupport_fastrtps_cpp.hpp\n'}
[1.367033] (crazyflie_interfaces) StdoutLine: {'line': b'-- Up-to-date: /home/gowtham/crazyflie_ws/install/crazyflie_interfaces/include/crazyflie_interfaces/crazyflie_interfaces/msg/detail/status__rosidl_typesupport_fastrtps_cpp.hpp\n'}
[1.367130] (crazyflie_interfaces) StdoutLine: {'line': b'-- Up-to-date: /home/gowtham/crazyflie_ws/install/crazyflie_interfaces/include/crazyflie_interfaces/crazyflie_interfaces/msg/detail/hover__rosidl_typesupport_fastrtps_cpp.hpp\n'}
[1.367232] (crazyflie_interfaces) StdoutLine: {'line': b'-- Up-to-date: /home/gowtham/crazyflie_ws/install/crazyflie_interfaces/include/crazyflie_interfaces/crazyflie_interfaces/msg/detail/trajectory_polynomial_piece__rosidl_typesupport_fastrtps_cpp.hpp\n'}
[1.367334] (crazyflie_interfaces) StdoutLine: {'line': b'-- Up-to-date: /home/gowtham/crazyflie_ws/install/crazyflie_interfaces/include/crazyflie_interfaces/crazyflie_interfaces/msg/detail/position__rosidl_typesupport_fastrtps_cpp.hpp\n'}
[1.367434] (crazyflie_interfaces) StdoutLine: {'line': b'-- Up-to-date: /home/gowtham/crazyflie_ws/install/crazyflie_interfaces/include/crazyflie_interfaces/crazyflie_interfaces/msg/detail/velocity_world__rosidl_typesupport_fastrtps_cpp.hpp\n'}
[1.367568] (crazyflie_interfaces) StdoutLine: {'line': b'-- Up-to-date: /home/gowtham/crazyflie_ws/install/crazyflie_interfaces/include/crazyflie_interfaces/crazyflie_interfaces/msg/detail/log_block__rosidl_typesupport_fastrtps_cpp.hpp\n'}
[1.367666] (crazyflie_interfaces) StdoutLine: {'line': b'-- Up-to-date: /home/gowtham/crazyflie_ws/install/crazyflie_interfaces/include/crazyflie_interfaces/crazyflie_interfaces/msg/detail/dds_fastrtps\n'}
[1.367767] (crazyflie_interfaces) StdoutLine: {'line': b'-- Up-to-date: /home/gowtham/crazyflie_ws/install/crazyflie_interfaces/include/crazyflie_interfaces/crazyflie_interfaces/msg/detail/connection_statistics_array__rosidl_typesupport_fastrtps_cpp.hpp\n'}
[1.367861] (crazyflie_interfaces) StdoutLine: {'line': b'-- Up-to-date: /home/gowtham/crazyflie_ws/install/crazyflie_interfaces/include/crazyflie_interfaces/crazyflie_interfaces/msg/detail/full_state__rosidl_typesupport_fastrtps_cpp.hpp\n'}
[1.368156] (crazyflie_interfaces) StdoutLine: {'line': b'-- Up-to-date: /home/gowtham/crazyflie_ws/install/crazyflie_interfaces/lib/libcrazyflie_interfaces__rosidl_typesupport_fastrtps_cpp.so\n'}
[1.368280] (crazyflie_interfaces) StdoutLine: {'line': b'-- Up-to-date: /home/gowtham/crazyflie_ws/install/crazyflie_interfaces/include/crazyflie_interfaces/crazyflie_interfaces\n'}
[1.368397] (crazyflie_interfaces) StdoutLine: {'line': b'-- Up-to-date: /home/gowtham/crazyflie_ws/install/crazyflie_interfaces/include/crazyflie_interfaces/crazyflie_interfaces/srv\n'}
[1.368554] (crazyflie_interfaces) StdoutLine: {'line': b'-- Up-to-date: /home/gowtham/crazyflie_ws/install/crazyflie_interfaces/include/crazyflie_interfaces/crazyflie_interfaces/srv/detail\n'}
[1.368685] (crazyflie_interfaces) StdoutLine: {'line': b'-- Up-to-date: /home/gowtham/crazyflie_ws/install/crazyflie_interfaces/include/crazyflie_interfaces/crazyflie_interfaces/srv/detail/upload_trajectory__type_support.c\n'}
[1.368799] (crazyflie_interfaces) StdoutLine: {'line': b'-- Up-to-date: /home/gowtham/crazyflie_ws/install/crazyflie_interfaces/include/crazyflie_interfaces/crazyflie_interfaces/srv/detail/takeoff__rosidl_typesupport_introspection_c.h\n'}
[1.368922] (crazyflie_interfaces) StdoutLine: {'line': b'-- Up-to-date: /home/gowtham/crazyflie_ws/install/crazyflie_interfaces/include/crazyflie_interfaces/crazyflie_interfaces/srv/detail/takeoff__type_support.c\n'}
[1.369026] (crazyflie_interfaces) StdoutLine: {'line': b'-- Up-to-date: /home/gowtham/crazyflie_ws/install/crazyflie_interfaces/include/crazyflie_interfaces/crazyflie_interfaces/srv/detail/set_group_mask__type_support.c\n'}
[1.369127] (crazyflie_interfaces) StdoutLine: {'line': b'-- Up-to-date: /home/gowtham/crazyflie_ws/install/crazyflie_interfaces/include/crazyflie_interfaces/crazyflie_interfaces/srv/detail/land__type_support.c\n'}
[1.369233] (crazyflie_interfaces) StdoutLine: {'line': b'-- Up-to-date: /home/gowtham/crazyflie_ws/install/crazyflie_interfaces/include/crazyflie_interfaces/crazyflie_interfaces/srv/detail/go_to__type_support.c\n'}
[1.369348] (crazyflie_interfaces) StdoutLine: {'line': b'-- Up-to-date: /home/gowtham/crazyflie_ws/install/crazyflie_interfaces/include/crazyflie_interfaces/crazyflie_interfaces/srv/detail/arm__rosidl_typesupport_introspection_c.h\n'}
[1.369515] (crazyflie_interfaces) StdoutLine: {'line': b'-- Up-to-date: /home/gowtham/crazyflie_ws/install/crazyflie_interfaces/include/crazyflie_interfaces/crazyflie_interfaces/srv/detail/arm__type_support.c\n'}
[1.369621] (crazyflie_interfaces) StdoutLine: {'line': b'-- Up-to-date: /home/gowtham/crazyflie_ws/install/crazyflie_interfaces/include/crazyflie_interfaces/crazyflie_interfaces/srv/detail/add_logging__rosidl_typesupport_introspection_c.h\n'}
[1.369718] (crazyflie_interfaces) StdoutLine: {'line': b'-- Up-to-date: /home/gowtham/crazyflie_ws/install/crazyflie_interfaces/include/crazyflie_interfaces/crazyflie_interfaces/srv/detail/add_logging__type_support.c\n'}
[1.369817] (crazyflie_interfaces) StdoutLine: {'line': b'-- Up-to-date: /home/gowtham/crazyflie_ws/install/crazyflie_interfaces/include/crazyflie_interfaces/crazyflie_interfaces/srv/detail/stop__type_support.c\n'}
[1.369913] (crazyflie_interfaces) StdoutLine: {'line': b'-- Up-to-date: /home/gowtham/crazyflie_ws/install/crazyflie_interfaces/include/crazyflie_interfaces/crazyflie_interfaces/srv/detail/start_trajectory__type_support.c\n'}
[1.370007] (crazyflie_interfaces) StdoutLine: {'line': b'-- Up-to-date: /home/gowtham/crazyflie_ws/install/crazyflie_interfaces/include/crazyflie_interfaces/crazyflie_interfaces/srv/detail/update_params__rosidl_typesupport_introspection_c.h\n'}
[1.370108] (crazyflie_interfaces) StdoutLine: {'line': b'-- Up-to-date: /home/gowtham/crazyflie_ws/install/crazyflie_interfaces/include/crazyflie_interfaces/crazyflie_interfaces/srv/detail/notify_setpoints_stop__rosidl_typesupport_introspection_c.h\n'}
[1.370207] (crazyflie_interfaces) StdoutLine: {'line': b'-- Up-to-date: /home/gowtham/crazyflie_ws/install/crazyflie_interfaces/include/crazyflie_interfaces/crazyflie_interfaces/srv/detail/notify_setpoints_stop__type_support.c\n'}
[1.370473] (crazyflie_interfaces) StdoutLine: {'line': b'-- Up-to-date: /home/gowtham/crazyflie_ws/install/crazyflie_interfaces/include/crazyflie_interfaces/crazyflie_interfaces/srv/detail/go_to__rosidl_typesupport_introspection_c.h\n'}
[1.370601] (crazyflie_interfaces) StdoutLine: {'line': b'-- Up-to-date: /home/gowtham/crazyflie_ws/install/crazyflie_interfaces/include/crazyflie_interfaces/crazyflie_interfaces/srv/detail/start_trajectory__rosidl_typesupport_introspection_c.h\n'}
[1.370703] (crazyflie_interfaces) StdoutLine: {'line': b'-- Up-to-date: /home/gowtham/crazyflie_ws/install/crazyflie_interfaces/include/crazyflie_interfaces/crazyflie_interfaces/srv/detail/upload_trajectory__rosidl_typesupport_introspection_c.h\n'}
[1.370803] (crazyflie_interfaces) StdoutLine: {'line': b'-- Up-to-date: /home/gowtham/crazyflie_ws/install/crazyflie_interfaces/include/crazyflie_interfaces/crazyflie_interfaces/srv/detail/update_params__type_support.c\n'}
[1.370904] (crazyflie_interfaces) StdoutLine: {'line': b'-- Up-to-date: /home/gowtham/crazyflie_ws/install/crazyflie_interfaces/include/crazyflie_interfaces/crazyflie_interfaces/srv/detail/set_group_mask__rosidl_typesupport_introspection_c.h\n'}
[1.371028] (crazyflie_interfaces) StdoutLine: {'line': b'-- Up-to-date: /home/gowtham/crazyflie_ws/install/crazyflie_interfaces/include/crazyflie_interfaces/crazyflie_interfaces/srv/detail/stop__rosidl_typesupport_introspection_c.h\n'}
[1.371124] (crazyflie_interfaces) StdoutLine: {'line': b'-- Up-to-date: /home/gowtham/crazyflie_ws/install/crazyflie_interfaces/include/crazyflie_interfaces/crazyflie_interfaces/srv/detail/land__rosidl_typesupport_introspection_c.h\n'}
[1.371221] (crazyflie_interfaces) StdoutLine: {'line': b'-- Up-to-date: /home/gowtham/crazyflie_ws/install/crazyflie_interfaces/include/crazyflie_interfaces/crazyflie_interfaces/srv/detail/remove_logging__rosidl_typesupport_introspection_c.h\n'}
[1.371319] (crazyflie_interfaces) StdoutLine: {'line': b'-- Up-to-date: /home/gowtham/crazyflie_ws/install/crazyflie_interfaces/include/crazyflie_interfaces/crazyflie_interfaces/srv/detail/remove_logging__type_support.c\n'}
[1.371417] (crazyflie_interfaces) StdoutLine: {'line': b'-- Up-to-date: /home/gowtham/crazyflie_ws/install/crazyflie_interfaces/include/crazyflie_interfaces/crazyflie_interfaces/msg\n'}
[1.371545] (crazyflie_interfaces) StdoutLine: {'line': b'-- Up-to-date: /home/gowtham/crazyflie_ws/install/crazyflie_interfaces/include/crazyflie_interfaces/crazyflie_interfaces/msg/rosidl_typesupport_introspection_c__visibility_control.h\n'}
[1.371736] (crazyflie_interfaces) StdoutLine: {'line': b'-- Up-to-date: /home/gowtham/crazyflie_ws/install/crazyflie_interfaces/include/crazyflie_interfaces/crazyflie_interfaces/msg/detail\n'}
[1.371997] (crazyflie_interfaces) StdoutLine: {'line': b'-- Up-to-date: /home/gowtham/crazyflie_ws/install/crazyflie_interfaces/include/crazyflie_interfaces/crazyflie_interfaces/msg/detail/position__rosidl_typesupport_introspection_c.h\n'}
[1.372244] (crazyflie_interfaces) StdoutLine: {'line': b'-- Up-to-date: /home/gowtham/crazyflie_ws/install/crazyflie_interfaces/include/crazyflie_interfaces/crazyflie_interfaces/msg/detail/status__rosidl_typesupport_introspection_c.h\n'}
[1.372367] (crazyflie_interfaces) StdoutLine: {'line': b'-- Up-to-date: /home/gowtham/crazyflie_ws/install/crazyflie_interfaces/include/crazyflie_interfaces/crazyflie_interfaces/msg/detail/hover__type_support.c\n'}
[1.372499] (crazyflie_interfaces) StdoutLine: {'line': b'-- Up-to-date: /home/gowtham/crazyflie_ws/install/crazyflie_interfaces/include/crazyflie_interfaces/crazyflie_interfaces/msg/detail/log_data_generic__rosidl_typesupport_introspection_c.h\n'}
[1.372611] (crazyflie_interfaces) StdoutLine: {'line': b'-- Up-to-date: /home/gowtham/crazyflie_ws/install/crazyflie_interfaces/include/crazyflie_interfaces/crazyflie_interfaces/msg/detail/log_block__rosidl_typesupport_introspection_c.h\n'}
[1.372708] (crazyflie_interfaces) StdoutLine: {'line': b'-- Up-to-date: /home/gowtham/crazyflie_ws/install/crazyflie_interfaces/include/crazyflie_interfaces/crazyflie_interfaces/msg/detail/log_block__type_support.c\n'}
[1.372817] (crazyflie_interfaces) StdoutLine: {'line': b'-- Up-to-date: /home/gowtham/crazyflie_ws/install/crazyflie_interfaces/include/crazyflie_interfaces/crazyflie_interfaces/msg/detail/log_data_generic__type_support.c\n'}
[1.373024] (crazyflie_interfaces) StdoutLine: {'line': b'-- Up-to-date: /home/gowtham/crazyflie_ws/install/crazyflie_interfaces/include/crazyflie_interfaces/crazyflie_interfaces/msg/detail/full_state__type_support.c\n'}
[1.373162] (crazyflie_interfaces) StdoutLine: {'line': b'-- Up-to-date: /home/gowtham/crazyflie_ws/install/crazyflie_interfaces/include/crazyflie_interfaces/crazyflie_interfaces/msg/detail/connection_statistics__type_support.c\n'}
[1.373266] (crazyflie_interfaces) StdoutLine: {'line': b'-- Up-to-date: /home/gowtham/crazyflie_ws/install/crazyflie_interfaces/include/crazyflie_interfaces/crazyflie_interfaces/msg/detail/velocity_world__type_support.c\n'}
[1.373372] (crazyflie_interfaces) StdoutLine: {'line': b'-- Up-to-date: /home/gowtham/crazyflie_ws/install/crazyflie_interfaces/include/crazyflie_interfaces/crazyflie_interfaces/msg/detail/connection_statistics_array__rosidl_typesupport_introspection_c.h\n'}
[1.373511] (crazyflie_interfaces) StdoutLine: {'line': b'-- Up-to-date: /home/gowtham/crazyflie_ws/install/crazyflie_interfaces/include/crazyflie_interfaces/crazyflie_interfaces/msg/detail/status__type_support.c\n'}
[1.373626] (crazyflie_interfaces) StdoutLine: {'line': b'-- Up-to-date: /home/gowtham/crazyflie_ws/install/crazyflie_interfaces/include/crazyflie_interfaces/crazyflie_interfaces/msg/detail/velocity_world__rosidl_typesupport_introspection_c.h\n'}
[1.373728] (crazyflie_interfaces) StdoutLine: {'line': b'-- Up-to-date: /home/gowtham/crazyflie_ws/install/crazyflie_interfaces/include/crazyflie_interfaces/crazyflie_interfaces/msg/detail/full_state__rosidl_typesupport_introspection_c.h\n'}
[1.373827] (crazyflie_interfaces) StdoutLine: {'line': b'-- Up-to-date: /home/gowtham/crazyflie_ws/install/crazyflie_interfaces/include/crazyflie_interfaces/crazyflie_interfaces/msg/detail/position__type_support.c\n'}
[1.373927] (crazyflie_interfaces) StdoutLine: {'line': b'-- Up-to-date: /home/gowtham/crazyflie_ws/install/crazyflie_interfaces/include/crazyflie_interfaces/crazyflie_interfaces/msg/detail/hover__rosidl_typesupport_introspection_c.h\n'}
[1.374027] (crazyflie_interfaces) StdoutLine: {'line': b'-- Up-to-date: /home/gowtham/crazyflie_ws/install/crazyflie_interfaces/include/crazyflie_interfaces/crazyflie_interfaces/msg/detail/connection_statistics_array__type_support.c\n'}
[1.374219] (crazyflie_interfaces) StdoutLine: {'line': b'-- Up-to-date: /home/gowtham/crazyflie_ws/install/crazyflie_interfaces/include/crazyflie_interfaces/crazyflie_interfaces/msg/detail/connection_statistics__rosidl_typesupport_introspection_c.h\n'}
[1.374324] (crazyflie_interfaces) StdoutLine: {'line': b'-- Up-to-date: /home/gowtham/crazyflie_ws/install/crazyflie_interfaces/include/crazyflie_interfaces/crazyflie_interfaces/msg/detail/trajectory_polynomial_piece__rosidl_typesupport_introspection_c.h\n'}
[1.374423] (crazyflie_interfaces) StdoutLine: {'line': b'-- Up-to-date: /home/gowtham/crazyflie_ws/install/crazyflie_interfaces/include/crazyflie_interfaces/crazyflie_interfaces/msg/detail/trajectory_polynomial_piece__type_support.c\n'}
[1.374540] (crazyflie_interfaces) StdoutLine: {'line': b'-- Up-to-date: /home/gowtham/crazyflie_ws/install/crazyflie_interfaces/lib/libcrazyflie_interfaces__rosidl_typesupport_introspection_c.so\n'}
[1.377241] (crazyflie_interfaces) StdoutLine: {'line': b'-- Up-to-date: /home/gowtham/crazyflie_ws/install/crazyflie_interfaces/lib/libcrazyflie_interfaces__rosidl_typesupport_c.so\n'}
[1.377615] (crazyflie_interfaces) StdoutLine: {'line': b'-- Up-to-date: /home/gowtham/crazyflie_ws/install/crazyflie_interfaces/include/crazyflie_interfaces/crazyflie_interfaces\n'}
[1.377798] (crazyflie_interfaces) StdoutLine: {'line': b'-- Up-to-date: /home/gowtham/crazyflie_ws/install/crazyflie_interfaces/include/crazyflie_interfaces/crazyflie_interfaces/srv\n'}
[1.378046] (crazyflie_interfaces) StdoutLine: {'line': b'-- Up-to-date: /home/gowtham/crazyflie_ws/install/crazyflie_interfaces/include/crazyflie_interfaces/crazyflie_interfaces/srv/detail\n'}
[1.378189] (crazyflie_interfaces) StdoutLine: {'line': b'-- Up-to-date: /home/gowtham/crazyflie_ws/install/crazyflie_interfaces/include/crazyflie_interfaces/crazyflie_interfaces/srv/detail/notify_setpoints_stop__type_support.cpp\n'}
[1.378296] (crazyflie_interfaces) StdoutLine: {'line': b'-- Up-to-date: /home/gowtham/crazyflie_ws/install/crazyflie_interfaces/include/crazyflie_interfaces/crazyflie_interfaces/srv/detail/start_trajectory__rosidl_typesupport_introspection_cpp.hpp\n'}
[1.378398] (crazyflie_interfaces) StdoutLine: {'line': b'-- Up-to-date: /home/gowtham/crazyflie_ws/install/crazyflie_interfaces/include/crazyflie_interfaces/crazyflie_interfaces/srv/detail/set_group_mask__rosidl_typesupport_introspection_cpp.hpp\n'}
[1.378646] (crazyflie_interfaces) StdoutLine: {'line': b'-- Up-to-date: /home/gowtham/crazyflie_ws/install/crazyflie_interfaces/include/crazyflie_interfaces/crazyflie_interfaces/srv/detail/arm__type_support.cpp\n'}
[1.378933] (crazyflie_interfaces) StdoutLine: {'line': b'-- Up-to-date: /home/gowtham/crazyflie_ws/install/crazyflie_interfaces/include/crazyflie_interfaces/crazyflie_interfaces/srv/detail/notify_setpoints_stop__rosidl_typesupport_introspection_cpp.hpp\n'}
[1.379127] (crazyflie_interfaces) StdoutLine: {'line': b'-- Up-to-date: /home/gowtham/crazyflie_ws/install/crazyflie_interfaces/include/crazyflie_interfaces/crazyflie_interfaces/srv/detail/set_group_mask__type_support.cpp\n'}
[1.379392] (crazyflie_interfaces) StdoutLine: {'line': b'-- Up-to-date: /home/gowtham/crazyflie_ws/install/crazyflie_interfaces/include/crazyflie_interfaces/crazyflie_interfaces/srv/detail/remove_logging__rosidl_typesupport_introspection_cpp.hpp\n'}
[1.379566] (crazyflie_interfaces) StdoutLine: {'line': b'-- Up-to-date: /home/gowtham/crazyflie_ws/install/crazyflie_interfaces/include/crazyflie_interfaces/crazyflie_interfaces/srv/detail/add_logging__rosidl_typesupport_introspection_cpp.hpp\n'}
[1.379676] (crazyflie_interfaces) StdoutLine: {'line': b'-- Up-to-date: /home/gowtham/crazyflie_ws/install/crazyflie_interfaces/include/crazyflie_interfaces/crazyflie_interfaces/srv/detail/stop__rosidl_typesupport_introspection_cpp.hpp\n'}
[1.379780] (crazyflie_interfaces) StdoutLine: {'line': b'-- Up-to-date: /home/gowtham/crazyflie_ws/install/crazyflie_interfaces/include/crazyflie_interfaces/crazyflie_interfaces/srv/detail/arm__rosidl_typesupport_introspection_cpp.hpp\n'}
[1.379878] (crazyflie_interfaces) StdoutLine: {'line': b'-- Up-to-date: /home/gowtham/crazyflie_ws/install/crazyflie_interfaces/include/crazyflie_interfaces/crazyflie_interfaces/srv/detail/land__rosidl_typesupport_introspection_cpp.hpp\n'}
[1.379973] (crazyflie_interfaces) StdoutLine: {'line': b'-- Up-to-date: /home/gowtham/crazyflie_ws/install/crazyflie_interfaces/include/crazyflie_interfaces/crazyflie_interfaces/srv/detail/add_logging__type_support.cpp\n'}
[1.380076] (crazyflie_interfaces) StdoutLine: {'line': b'-- Up-to-date: /home/gowtham/crazyflie_ws/install/crazyflie_interfaces/include/crazyflie_interfaces/crazyflie_interfaces/srv/detail/land__type_support.cpp\n'}
[1.380180] (crazyflie_interfaces) StdoutLine: {'line': b'-- Up-to-date: /home/gowtham/crazyflie_ws/install/crazyflie_interfaces/include/crazyflie_interfaces/crazyflie_interfaces/srv/detail/remove_logging__type_support.cpp\n'}
[1.380281] (crazyflie_interfaces) StdoutLine: {'line': b'-- Up-to-date: /home/gowtham/crazyflie_ws/install/crazyflie_interfaces/include/crazyflie_interfaces/crazyflie_interfaces/srv/detail/stop__type_support.cpp\n'}
[1.380381] (crazyflie_interfaces) StdoutLine: {'line': b'-- Up-to-date: /home/gowtham/crazyflie_ws/install/crazyflie_interfaces/include/crazyflie_interfaces/crazyflie_interfaces/srv/detail/takeoff__rosidl_typesupport_introspection_cpp.hpp\n'}
[1.380518] (crazyflie_interfaces) StdoutLine: {'line': b'-- Up-to-date: /home/gowtham/crazyflie_ws/install/crazyflie_interfaces/include/crazyflie_interfaces/crazyflie_interfaces/srv/detail/go_to__rosidl_typesupport_introspection_cpp.hpp\n'}
[1.380637] (crazyflie_interfaces) StdoutLine: {'line': b'-- Up-to-date: /home/gowtham/crazyflie_ws/install/crazyflie_interfaces/include/crazyflie_interfaces/crazyflie_interfaces/srv/detail/update_params__type_support.cpp\n'}
[1.380734] (crazyflie_interfaces) StdoutLine: {'line': b'-- Up-to-date: /home/gowtham/crazyflie_ws/install/crazyflie_interfaces/include/crazyflie_interfaces/crazyflie_interfaces/srv/detail/upload_trajectory__type_support.cpp\n'}
[1.380838] (crazyflie_interfaces) StdoutLine: {'line': b'-- Up-to-date: /home/gowtham/crazyflie_ws/install/crazyflie_interfaces/include/crazyflie_interfaces/crazyflie_interfaces/srv/detail/update_params__rosidl_typesupport_introspection_cpp.hpp\n'}
[1.380940] (crazyflie_interfaces) StdoutLine: {'line': b'-- Up-to-date: /home/gowtham/crazyflie_ws/install/crazyflie_interfaces/include/crazyflie_interfaces/crazyflie_interfaces/srv/detail/start_trajectory__type_support.cpp\n'}
[1.381060] (crazyflie_interfaces) StdoutLine: {'line': b'-- Up-to-date: /home/gowtham/crazyflie_ws/install/crazyflie_interfaces/include/crazyflie_interfaces/crazyflie_interfaces/srv/detail/upload_trajectory__rosidl_typesupport_introspection_cpp.hpp\n'}
[1.381169] (crazyflie_interfaces) StdoutLine: {'line': b'-- Up-to-date: /home/gowtham/crazyflie_ws/install/crazyflie_interfaces/include/crazyflie_interfaces/crazyflie_interfaces/srv/detail/takeoff__type_support.cpp\n'}
[1.381268] (crazyflie_interfaces) StdoutLine: {'line': b'-- Up-to-date: /home/gowtham/crazyflie_ws/install/crazyflie_interfaces/include/crazyflie_interfaces/crazyflie_interfaces/srv/detail/go_to__type_support.cpp\n'}
[1.381367] (crazyflie_interfaces) StdoutLine: {'line': b'-- Up-to-date: /home/gowtham/crazyflie_ws/install/crazyflie_interfaces/include/crazyflie_interfaces/crazyflie_interfaces/msg\n'}
[1.381503] (crazyflie_interfaces) StdoutLine: {'line': b'-- Up-to-date: /home/gowtham/crazyflie_ws/install/crazyflie_interfaces/include/crazyflie_interfaces/crazyflie_interfaces/msg/detail\n'}
[1.381699] (crazyflie_interfaces) StdoutLine: {'line': b'-- Up-to-date: /home/gowtham/crazyflie_ws/install/crazyflie_interfaces/include/crazyflie_interfaces/crazyflie_interfaces/msg/detail/status__rosidl_typesupport_introspection_cpp.hpp\n'}
[1.381890] (crazyflie_interfaces) StdoutLine: {'line': b'-- Up-to-date: /home/gowtham/crazyflie_ws/install/crazyflie_interfaces/include/crazyflie_interfaces/crazyflie_interfaces/msg/detail/hover__rosidl_typesupport_introspection_cpp.hpp\n'}
[1.381991] (crazyflie_interfaces) StdoutLine: {'line': b'-- Up-to-date: /home/gowtham/crazyflie_ws/install/crazyflie_interfaces/include/crazyflie_interfaces/crazyflie_interfaces/msg/detail/hover__type_support.cpp\n'}
[1.382176] (crazyflie_interfaces) StdoutLine: {'line': b'-- Up-to-date: /home/gowtham/crazyflie_ws/install/crazyflie_interfaces/include/crazyflie_interfaces/crazyflie_interfaces/msg/detail/position__type_support.cpp\n'}
[1.382356] (crazyflie_interfaces) StdoutLine: {'line': b'-- Up-to-date: /home/gowtham/crazyflie_ws/install/crazyflie_interfaces/include/crazyflie_interfaces/crazyflie_interfaces/msg/detail/position__rosidl_typesupport_introspection_cpp.hpp\n'}
[1.382633] (crazyflie_interfaces) StdoutLine: {'line': b'-- Up-to-date: /home/gowtham/crazyflie_ws/install/crazyflie_interfaces/include/crazyflie_interfaces/crazyflie_interfaces/msg/detail/log_block__rosidl_typesupport_introspection_cpp.hpp\n'}
[1.382852] (crazyflie_interfaces) StdoutLine: {'line': b'-- Up-to-date: /home/gowtham/crazyflie_ws/install/crazyflie_interfaces/include/crazyflie_interfaces/crazyflie_interfaces/msg/detail/connection_statistics__rosidl_typesupport_introspection_cpp.hpp\n'}
[1.382955] (crazyflie_interfaces) StdoutLine: {'line': b'-- Up-to-date: /home/gowtham/crazyflie_ws/install/crazyflie_interfaces/include/crazyflie_interfaces/crazyflie_interfaces/msg/detail/velocity_world__type_support.cpp\n'}
[1.383057] (crazyflie_interfaces) StdoutLine: {'line': b'-- Up-to-date: /home/gowtham/crazyflie_ws/install/crazyflie_interfaces/include/crazyflie_interfaces/crazyflie_interfaces/msg/detail/velocity_world__rosidl_typesupport_introspection_cpp.hpp\n'}
[1.383157] (crazyflie_interfaces) StdoutLine: {'line': b'-- Up-to-date: /home/gowtham/crazyflie_ws/install/crazyflie_interfaces/include/crazyflie_interfaces/crazyflie_interfaces/msg/detail/status__type_support.cpp\n'}
[1.383255] (crazyflie_interfaces) StdoutLine: {'line': b'-- Up-to-date: /home/gowtham/crazyflie_ws/install/crazyflie_interfaces/include/crazyflie_interfaces/crazyflie_interfaces/msg/detail/trajectory_polynomial_piece__type_support.cpp\n'}
[1.383356] (crazyflie_interfaces) StdoutLine: {'line': b'-- Up-to-date: /home/gowtham/crazyflie_ws/install/crazyflie_interfaces/include/crazyflie_interfaces/crazyflie_interfaces/msg/detail/connection_statistics__type_support.cpp\n'}
[1.383468] (crazyflie_interfaces) StdoutLine: {'line': b'-- Up-to-date: /home/gowtham/crazyflie_ws/install/crazyflie_interfaces/include/crazyflie_interfaces/crazyflie_interfaces/msg/detail/log_data_generic__type_support.cpp\n'}
[1.383599] (crazyflie_interfaces) StdoutLine: {'line': b'-- Up-to-date: /home/gowtham/crazyflie_ws/install/crazyflie_interfaces/include/crazyflie_interfaces/crazyflie_interfaces/msg/detail/full_state__rosidl_typesupport_introspection_cpp.hpp\n'}
[1.383699] (crazyflie_interfaces) StdoutLine: {'line': b'-- Up-to-date: /home/gowtham/crazyflie_ws/install/crazyflie_interfaces/include/crazyflie_interfaces/crazyflie_interfaces/msg/detail/trajectory_polynomial_piece__rosidl_typesupport_introspection_cpp.hpp\n'}
[1.383799] (crazyflie_interfaces) StdoutLine: {'line': b'-- Up-to-date: /home/gowtham/crazyflie_ws/install/crazyflie_interfaces/include/crazyflie_interfaces/crazyflie_interfaces/msg/detail/connection_statistics_array__type_support.cpp\n'}
[1.383899] (crazyflie_interfaces) StdoutLine: {'line': b'-- Up-to-date: /home/gowtham/crazyflie_ws/install/crazyflie_interfaces/include/crazyflie_interfaces/crazyflie_interfaces/msg/detail/log_data_generic__rosidl_typesupport_introspection_cpp.hpp\n'}
[1.383998] (crazyflie_interfaces) StdoutLine: {'line': b'-- Up-to-date: /home/gowtham/crazyflie_ws/install/crazyflie_interfaces/include/crazyflie_interfaces/crazyflie_interfaces/msg/detail/connection_statistics_array__rosidl_typesupport_introspection_cpp.hpp\n'}
[1.384100] (crazyflie_interfaces) StdoutLine: {'line': b'-- Up-to-date: /home/gowtham/crazyflie_ws/install/crazyflie_interfaces/include/crazyflie_interfaces/crazyflie_interfaces/msg/detail/log_block__type_support.cpp\n'}
[1.384223] (crazyflie_interfaces) StdoutLine: {'line': b'-- Up-to-date: /home/gowtham/crazyflie_ws/install/crazyflie_interfaces/include/crazyflie_interfaces/crazyflie_interfaces/msg/detail/full_state__type_support.cpp\n'}
[1.385876] (crazyflie_interfaces) StdoutLine: {'line': b'-- Up-to-date: /home/gowtham/crazyflie_ws/install/crazyflie_interfaces/lib/libcrazyflie_interfaces__rosidl_typesupport_introspection_cpp.so\n'}
[1.387167] (crazyflie_interfaces) StdoutLine: {'line': b'-- Up-to-date: /home/gowtham/crazyflie_ws/install/crazyflie_interfaces/lib/libcrazyflie_interfaces__rosidl_typesupport_cpp.so\n'}
[1.394491] (crazyflie_interfaces) StdoutLine: {'line': b'-- Up-to-date: /home/gowtham/crazyflie_ws/install/crazyflie_interfaces/share/crazyflie_interfaces/environment/pythonpath.sh\n'}
[1.394783] (crazyflie_interfaces) StdoutLine: {'line': b'-- Up-to-date: /home/gowtham/crazyflie_ws/install/crazyflie_interfaces/share/crazyflie_interfaces/environment/pythonpath.dsv\n'}
[1.394924] (crazyflie_interfaces) StdoutLine: {'line': b'-- Up-to-date: /home/gowtham/crazyflie_ws/install/crazyflie_interfaces/local/lib/python3.10/dist-packages/crazyflie_interfaces-1.0.3-py3.10.egg-info\n'}
[1.395128] (crazyflie_interfaces) StdoutLine: {'line': b'-- Installing: /home/gowtham/crazyflie_ws/install/crazyflie_interfaces/local/lib/python3.10/dist-packages/crazyflie_interfaces-1.0.3-py3.10.egg-info/dependency_links.txt\n'}
[1.395255] (crazyflie_interfaces) StdoutLine: {'line': b'-- Installing: /home/gowtham/crazyflie_ws/install/crazyflie_interfaces/local/lib/python3.10/dist-packages/crazyflie_interfaces-1.0.3-py3.10.egg-info/SOURCES.txt\n'}
[1.395376] (crazyflie_interfaces) StdoutLine: {'line': b'-- Installing: /home/gowtham/crazyflie_ws/install/crazyflie_interfaces/local/lib/python3.10/dist-packages/crazyflie_interfaces-1.0.3-py3.10.egg-info/top_level.txt\n'}
[1.395510] (crazyflie_interfaces) StdoutLine: {'line': b'-- Installing: /home/gowtham/crazyflie_ws/install/crazyflie_interfaces/local/lib/python3.10/dist-packages/crazyflie_interfaces-1.0.3-py3.10.egg-info/PKG-INFO\n'}
[1.395618] (crazyflie_interfaces) StdoutLine: {'line': b'-- Up-to-date: /home/gowtham/crazyflie_ws/install/crazyflie_interfaces/local/lib/python3.10/dist-packages/crazyflie_interfaces\n'}
[1.395722] (crazyflie_interfaces) StdoutLine: {'line': b'-- Up-to-date: /home/gowtham/crazyflie_ws/install/crazyflie_interfaces/local/lib/python3.10/dist-packages/crazyflie_interfaces/_crazyflie_interfaces_s.ep.rosidl_typesupport_c.c\n'}
[1.395820] (crazyflie_interfaces) StdoutLine: {'line': b'-- Up-to-date: /home/gowtham/crazyflie_ws/install/crazyflie_interfaces/local/lib/python3.10/dist-packages/crazyflie_interfaces/__init__.py\n'}
[1.395930] (crazyflie_interfaces) StdoutLine: {'line': b'-- Up-to-date: /home/gowtham/crazyflie_ws/install/crazyflie_interfaces/local/lib/python3.10/dist-packages/crazyflie_interfaces/_crazyflie_interfaces_s.ep.rosidl_typesupport_fastrtps_c.c\n'}
[1.396023] (crazyflie_interfaces) StdoutLine: {'line': b'-- Up-to-date: /home/gowtham/crazyflie_ws/install/crazyflie_interfaces/local/lib/python3.10/dist-packages/crazyflie_interfaces/libcrazyflie_interfaces__rosidl_generator_py.so\n'}
[1.396117] (crazyflie_interfaces) StdoutLine: {'line': b'-- Up-to-date: /home/gowtham/crazyflie_ws/install/crazyflie_interfaces/local/lib/python3.10/dist-packages/crazyflie_interfaces/srv\n'}
[1.396210] (crazyflie_interfaces) StdoutLine: {'line': b'-- Up-to-date: /home/gowtham/crazyflie_ws/install/crazyflie_interfaces/local/lib/python3.10/dist-packages/crazyflie_interfaces/srv/_start_trajectory.py\n'}
[1.396302] (crazyflie_interfaces) StdoutLine: {'line': b'-- Up-to-date: /home/gowtham/crazyflie_ws/install/crazyflie_interfaces/local/lib/python3.10/dist-packages/crazyflie_interfaces/srv/_go_to_s.c\n'}
[1.396393] (crazyflie_interfaces) StdoutLine: {'line': b'-- Up-to-date: /home/gowtham/crazyflie_ws/install/crazyflie_interfaces/local/lib/python3.10/dist-packages/crazyflie_interfaces/srv/__init__.py\n'}
[1.396525] (crazyflie_interfaces) StdoutLine: {'line': b'-- Up-to-date: /home/gowtham/crazyflie_ws/install/crazyflie_interfaces/local/lib/python3.10/dist-packages/crazyflie_interfaces/srv/_takeoff.py\n'}
[1.396631] (crazyflie_interfaces) StdoutLine: {'line': b'-- Up-to-date: /home/gowtham/crazyflie_ws/install/crazyflie_interfaces/local/lib/python3.10/dist-packages/crazyflie_interfaces/srv/_set_group_mask_s.c\n'}
[1.396728] (crazyflie_interfaces) StdoutLine: {'line': b'-- Up-to-date: /home/gowtham/crazyflie_ws/install/crazyflie_interfaces/local/lib/python3.10/dist-packages/crazyflie_interfaces/srv/_land_s.c\n'}
[1.396826] (crazyflie_interfaces) StdoutLine: {'line': b'-- Up-to-date: /home/gowtham/crazyflie_ws/install/crazyflie_interfaces/local/lib/python3.10/dist-packages/crazyflie_interfaces/srv/_stop.py\n'}
[1.396925] (crazyflie_interfaces) StdoutLine: {'line': b'-- Up-to-date: /home/gowtham/crazyflie_ws/install/crazyflie_interfaces/local/lib/python3.10/dist-packages/crazyflie_interfaces/srv/_update_params.py\n'}
[1.397022] (crazyflie_interfaces) StdoutLine: {'line': b'-- Up-to-date: /home/gowtham/crazyflie_ws/install/crazyflie_interfaces/local/lib/python3.10/dist-packages/crazyflie_interfaces/srv/_notify_setpoints_stop.py\n'}
[1.397120] (crazyflie_interfaces) StdoutLine: {'line': b'-- Up-to-date: /home/gowtham/crazyflie_ws/install/crazyflie_interfaces/local/lib/python3.10/dist-packages/crazyflie_interfaces/srv/_remove_logging.py\n'}
[1.397219] (crazyflie_interfaces) StdoutLine: {'line': b'-- Up-to-date: /home/gowtham/crazyflie_ws/install/crazyflie_interfaces/local/lib/python3.10/dist-packages/crazyflie_interfaces/srv/_add_logging.py\n'}
[1.397317] (crazyflie_interfaces) StdoutLine: {'line': b'-- Up-to-date: /home/gowtham/crazyflie_ws/install/crazyflie_interfaces/local/lib/python3.10/dist-packages/crazyflie_interfaces/srv/_add_logging_s.c\n'}
[1.400517] (crazyflie_interfaces) StdoutLine: {'line': b'-- Up-to-date: /home/gowtham/crazyflie_ws/install/crazyflie_interfaces/local/lib/python3.10/dist-packages/crazyflie_interfaces/srv/_upload_trajectory_s.c\n'}
[1.400771] (crazyflie_interfaces) StdoutLine: {'line': b'-- Up-to-date: /home/gowtham/crazyflie_ws/install/crazyflie_interfaces/local/lib/python3.10/dist-packages/crazyflie_interfaces/srv/_arm.py\n'}
[1.400874] (crazyflie_interfaces) StdoutLine: {'line': b'-- Up-to-date: /home/gowtham/crazyflie_ws/install/crazyflie_interfaces/local/lib/python3.10/dist-packages/crazyflie_interfaces/srv/_stop_s.c\n'}
[1.400969] (crazyflie_interfaces) StdoutLine: {'line': b'-- Up-to-date: /home/gowtham/crazyflie_ws/install/crazyflie_interfaces/local/lib/python3.10/dist-packages/crazyflie_interfaces/srv/_go_to.py\n'}
[1.401081] (crazyflie_interfaces) StdoutLine: {'line': b'-- Up-to-date: /home/gowtham/crazyflie_ws/install/crazyflie_interfaces/local/lib/python3.10/dist-packages/crazyflie_interfaces/srv/_remove_logging_s.c\n'}
[1.401185] (crazyflie_interfaces) StdoutLine: {'line': b'-- Up-to-date: /home/gowtham/crazyflie_ws/install/crazyflie_interfaces/local/lib/python3.10/dist-packages/crazyflie_interfaces/srv/_notify_setpoints_stop_s.c\n'}
[1.401313] (crazyflie_interfaces) StdoutLine: {'line': b'-- Up-to-date: /home/gowtham/crazyflie_ws/install/crazyflie_interfaces/local/lib/python3.10/dist-packages/crazyflie_interfaces/srv/_upload_trajectory.py\n'}
[1.401416] (crazyflie_interfaces) StdoutLine: {'line': b'-- Up-to-date: /home/gowtham/crazyflie_ws/install/crazyflie_interfaces/local/lib/python3.10/dist-packages/crazyflie_interfaces/srv/_set_group_mask.py\n'}
[1.401548] (crazyflie_interfaces) StdoutLine: {'line': b'-- Up-to-date: /home/gowtham/crazyflie_ws/install/crazyflie_interfaces/local/lib/python3.10/dist-packages/crazyflie_interfaces/srv/_land.py\n'}
[1.401641] (crazyflie_interfaces) StdoutLine: {'line': b'-- Up-to-date: /home/gowtham/crazyflie_ws/install/crazyflie_interfaces/local/lib/python3.10/dist-packages/crazyflie_interfaces/srv/_arm_s.c\n'}
[1.401736] (crazyflie_interfaces) StdoutLine: {'line': b'-- Up-to-date: /home/gowtham/crazyflie_ws/install/crazyflie_interfaces/local/lib/python3.10/dist-packages/crazyflie_interfaces/srv/_takeoff_s.c\n'}
[1.401858] (crazyflie_interfaces) StdoutLine: {'line': b'-- Up-to-date: /home/gowtham/crazyflie_ws/install/crazyflie_interfaces/local/lib/python3.10/dist-packages/crazyflie_interfaces/srv/_start_trajectory_s.c\n'}
[1.401957] (crazyflie_interfaces) StdoutLine: {'line': b'-- Up-to-date: /home/gowtham/crazyflie_ws/install/crazyflie_interfaces/local/lib/python3.10/dist-packages/crazyflie_interfaces/srv/_update_params_s.c\n'}
[1.402048] (crazyflie_interfaces) StdoutLine: {'line': b'-- Up-to-date: /home/gowtham/crazyflie_ws/install/crazyflie_interfaces/local/lib/python3.10/dist-packages/crazyflie_interfaces/crazyflie_interfaces_s__rosidl_typesupport_c.cpython-310-x86_64-linux-gnu.so\n'}
[1.402146] (crazyflie_interfaces) StdoutLine: {'line': b'-- Up-to-date: /home/gowtham/crazyflie_ws/install/crazyflie_interfaces/local/lib/python3.10/dist-packages/crazyflie_interfaces/crazyflie_interfaces_s__rosidl_typesupport_fastrtps_c.cpython-310-x86_64-linux-gnu.so\n'}
[1.402254] (crazyflie_interfaces) StdoutLine: {'line': b'-- Up-to-date: /home/gowtham/crazyflie_ws/install/crazyflie_interfaces/local/lib/python3.10/dist-packages/crazyflie_interfaces/_crazyflie_interfaces_s.ep.rosidl_typesupport_introspection_c.c\n'}
[1.402355] (crazyflie_interfaces) StdoutLine: {'line': b'-- Up-to-date: /home/gowtham/crazyflie_ws/install/crazyflie_interfaces/local/lib/python3.10/dist-packages/crazyflie_interfaces/crazyflie_interfaces_s__rosidl_typesupport_introspection_c.cpython-310-x86_64-linux-gnu.so\n'}
[1.402475] (crazyflie_interfaces) StdoutLine: {'line': b'-- Up-to-date: /home/gowtham/crazyflie_ws/install/crazyflie_interfaces/local/lib/python3.10/dist-packages/crazyflie_interfaces/msg\n'}
[1.402596] (crazyflie_interfaces) StdoutLine: {'line': b'-- Up-to-date: /home/gowtham/crazyflie_ws/install/crazyflie_interfaces/local/lib/python3.10/dist-packages/crazyflie_interfaces/msg/_full_state_s.c\n'}
[1.402701] (crazyflie_interfaces) StdoutLine: {'line': b'-- Up-to-date: /home/gowtham/crazyflie_ws/install/crazyflie_interfaces/local/lib/python3.10/dist-packages/crazyflie_interfaces/msg/__init__.py\n'}
[1.402802] (crazyflie_interfaces) StdoutLine: {'line': b'-- Up-to-date: /home/gowtham/crazyflie_ws/install/crazyflie_interfaces/local/lib/python3.10/dist-packages/crazyflie_interfaces/msg/_full_state.py\n'}
[1.402905] (crazyflie_interfaces) StdoutLine: {'line': b'-- Up-to-date: /home/gowtham/crazyflie_ws/install/crazyflie_interfaces/local/lib/python3.10/dist-packages/crazyflie_interfaces/msg/_connection_statistics_array.py\n'}
[1.403022] (crazyflie_interfaces) StdoutLine: {'line': b'-- Up-to-date: /home/gowtham/crazyflie_ws/install/crazyflie_interfaces/local/lib/python3.10/dist-packages/crazyflie_interfaces/msg/_log_data_generic.py\n'}
[1.403130] (crazyflie_interfaces) StdoutLine: {'line': b'-- Up-to-date: /home/gowtham/crazyflie_ws/install/crazyflie_interfaces/local/lib/python3.10/dist-packages/crazyflie_interfaces/msg/_trajectory_polynomial_piece.py\n'}
[1.403230] (crazyflie_interfaces) StdoutLine: {'line': b'-- Up-to-date: /home/gowtham/crazyflie_ws/install/crazyflie_interfaces/local/lib/python3.10/dist-packages/crazyflie_interfaces/msg/_trajectory_polynomial_piece_s.c\n'}
[1.403329] (crazyflie_interfaces) StdoutLine: {'line': b'-- Up-to-date: /home/gowtham/crazyflie_ws/install/crazyflie_interfaces/local/lib/python3.10/dist-packages/crazyflie_interfaces/msg/_velocity_world.py\n'}
[1.403428] (crazyflie_interfaces) StdoutLine: {'line': b'-- Up-to-date: /home/gowtham/crazyflie_ws/install/crazyflie_interfaces/local/lib/python3.10/dist-packages/crazyflie_interfaces/msg/_position.py\n'}
[1.405759] (crazyflie_interfaces) StdoutLine: {'line': b'-- Up-to-date: /home/gowtham/crazyflie_ws/install/crazyflie_interfaces/local/lib/python3.10/dist-packages/crazyflie_interfaces/msg/_log_data_generic_s.c\n'}
[1.405883] (crazyflie_interfaces) StdoutLine: {'line': b'-- Up-to-date: /home/gowtham/crazyflie_ws/install/crazyflie_interfaces/local/lib/python3.10/dist-packages/crazyflie_interfaces/msg/_connection_statistics.py\n'}
[1.405989] (crazyflie_interfaces) StdoutLine: {'line': b'-- Up-to-date: /home/gowtham/crazyflie_ws/install/crazyflie_interfaces/local/lib/python3.10/dist-packages/crazyflie_interfaces/msg/_connection_statistics_array_s.c\n'}
[1.406091] (crazyflie_interfaces) StdoutLine: {'line': b'-- Up-to-date: /home/gowtham/crazyflie_ws/install/crazyflie_interfaces/local/lib/python3.10/dist-packages/crazyflie_interfaces/msg/_position_s.c\n'}
[1.406221] (-) TimerEvent: {}
[1.406383] (crazyflie_interfaces) StdoutLine: {'line': b'-- Up-to-date: /home/gowtham/crazyflie_ws/install/crazyflie_interfaces/local/lib/python3.10/dist-packages/crazyflie_interfaces/msg/_connection_statistics_s.c\n'}
[1.406523] (crazyflie_interfaces) StdoutLine: {'line': b'-- Up-to-date: /home/gowtham/crazyflie_ws/install/crazyflie_interfaces/local/lib/python3.10/dist-packages/crazyflie_interfaces/msg/_hover_s.c\n'}
[1.406636] (crazyflie_interfaces) StdoutLine: {'line': b'-- Up-to-date: /home/gowtham/crazyflie_ws/install/crazyflie_interfaces/local/lib/python3.10/dist-packages/crazyflie_interfaces/msg/_status_s.c\n'}
[1.406746] (crazyflie_interfaces) StdoutLine: {'line': b'-- Up-to-date: /home/gowtham/crazyflie_ws/install/crazyflie_interfaces/local/lib/python3.10/dist-packages/crazyflie_interfaces/msg/_velocity_world_s.c\n'}
[1.406849] (crazyflie_interfaces) StdoutLine: {'line': b'-- Up-to-date: /home/gowtham/crazyflie_ws/install/crazyflie_interfaces/local/lib/python3.10/dist-packages/crazyflie_interfaces/msg/_hover.py\n'}
[1.406949] (crazyflie_interfaces) StdoutLine: {'line': b'-- Up-to-date: /home/gowtham/crazyflie_ws/install/crazyflie_interfaces/local/lib/python3.10/dist-packages/crazyflie_interfaces/msg/_log_block_s.c\n'}
[1.407051] (crazyflie_interfaces) StdoutLine: {'line': b'-- Up-to-date: /home/gowtham/crazyflie_ws/install/crazyflie_interfaces/local/lib/python3.10/dist-packages/crazyflie_interfaces/msg/_status.py\n'}
[1.407154] (crazyflie_interfaces) StdoutLine: {'line': b'-- Up-to-date: /home/gowtham/crazyflie_ws/install/crazyflie_interfaces/local/lib/python3.10/dist-packages/crazyflie_interfaces/msg/_log_block.py\n'}
[1.494520] (crazyflie_interfaces) StdoutLine: {'line': b"Listing '/home/gowtham/crazyflie_ws/install/crazyflie_interfaces/local/lib/python3.10/dist-packages/crazyflie_interfaces'...\n"}
[1.494803] (crazyflie_interfaces) StdoutLine: {'line': b"Listing '/home/gowtham/crazyflie_ws/install/crazyflie_interfaces/local/lib/python3.10/dist-packages/crazyflie_interfaces/msg'...\n"}
[1.494947] (crazyflie_interfaces) StdoutLine: {'line': b"Listing '/home/gowtham/crazyflie_ws/install/crazyflie_interfaces/local/lib/python3.10/dist-packages/crazyflie_interfaces/srv'...\n"}
[1.501129] (crazyflie_interfaces) StdoutLine: {'line': b'-- Up-to-date: /home/gowtham/crazyflie_ws/install/crazyflie_interfaces/local/lib/python3.10/dist-packages/crazyflie_interfaces/crazyflie_interfaces_s__rosidl_typesupport_fastrtps_c.cpython-310-x86_64-linux-gnu.so\n'}
[1.503572] (crazyflie_interfaces) StdoutLine: {'line': b'-- Up-to-date: /home/gowtham/crazyflie_ws/install/crazyflie_interfaces/local/lib/python3.10/dist-packages/crazyflie_interfaces/crazyflie_interfaces_s__rosidl_typesupport_introspection_c.cpython-310-x86_64-linux-gnu.so\n'}
[1.506357] (-) TimerEvent: {}
[1.507122] (crazyflie_interfaces) StdoutLine: {'line': b'-- Up-to-date: /home/gowtham/crazyflie_ws/install/crazyflie_interfaces/local/lib/python3.10/dist-packages/crazyflie_interfaces/crazyflie_interfaces_s__rosidl_typesupport_c.cpython-310-x86_64-linux-gnu.so\n'}
[1.508988] (crazyflie_interfaces) StdoutLine: {'line': b'-- Up-to-date: /home/gowtham/crazyflie_ws/install/crazyflie_interfaces/lib/libcrazyflie_interfaces__rosidl_generator_py.so\n'}
[1.509576] (crazyflie_interfaces) StdoutLine: {'line': b'-- Up-to-date: /home/gowtham/crazyflie_ws/install/crazyflie_interfaces/share/ament_index/resource_index/rust_packages/crazyflie_interfaces\n'}
[1.509936] (crazyflie_interfaces) StdoutLine: {'line': b'-- Up-to-date: /home/gowtham/crazyflie_ws/install/crazyflie_interfaces/share/crazyflie_interfaces/rust\n'}
[1.510118] (crazyflie_interfaces) StdoutLine: {'line': b'-- Up-to-date: /home/gowtham/crazyflie_ws/install/crazyflie_interfaces/share/crazyflie_interfaces/rust/Cargo.toml\n'}
[1.511006] (crazyflie_interfaces) StdoutLine: {'line': b'-- Up-to-date: /home/gowtham/crazyflie_ws/install/crazyflie_interfaces/share/crazyflie_interfaces/rust/build.rs\n'}
[1.513735] (crazyflie_interfaces) StdoutLine: {'line': b'-- Up-to-date: /home/gowtham/crazyflie_ws/install/crazyflie_interfaces/share/crazyflie_interfaces/rust/src\n'}
[1.513898] (crazyflie_interfaces) StdoutLine: {'line': b'-- Up-to-date: /home/gowtham/crazyflie_ws/install/crazyflie_interfaces/share/crazyflie_interfaces/rust/src/srv.rs\n'}
[1.514036] (crazyflie_interfaces) StdoutLine: {'line': b'-- Up-to-date: /home/gowtham/crazyflie_ws/install/crazyflie_interfaces/share/crazyflie_interfaces/rust/src/srv\n'}
[1.514171] (crazyflie_interfaces) StdoutLine: {'line': b'-- Up-to-date: /home/gowtham/crazyflie_ws/install/crazyflie_interfaces/share/crazyflie_interfaces/rust/src/srv/rmw.rs\n'}
[1.514302] (crazyflie_interfaces) StdoutLine: {'line': b'-- Up-to-date: /home/gowtham/crazyflie_ws/install/crazyflie_interfaces/share/crazyflie_interfaces/rust/src/msg.rs\n'}
[1.514432] (crazyflie_interfaces) StdoutLine: {'line': b'-- Up-to-date: /home/gowtham/crazyflie_ws/install/crazyflie_interfaces/share/crazyflie_interfaces/rust/src/lib.rs\n'}
[1.514766] (crazyflie_interfaces) StdoutLine: {'line': b'-- Up-to-date: /home/gowtham/crazyflie_ws/install/crazyflie_interfaces/share/crazyflie_interfaces/rust/src/msg\n'}
[1.514915] (crazyflie_interfaces) StdoutLine: {'line': b'-- Up-to-date: /home/gowtham/crazyflie_ws/install/crazyflie_interfaces/share/crazyflie_interfaces/rust/src/msg/rmw.rs\n'}
[1.515048] (crazyflie_interfaces) StdoutLine: {'line': b'-- Up-to-date: /home/gowtham/crazyflie_ws/install/crazyflie_interfaces/share/crazyflie_interfaces/msg/ConnectionStatistics.idl\n'}
[1.515178] (crazyflie_interfaces) StdoutLine: {'line': b'-- Up-to-date: /home/gowtham/crazyflie_ws/install/crazyflie_interfaces/share/crazyflie_interfaces/msg/ConnectionStatisticsArray.idl\n'}
[1.515306] (crazyflie_interfaces) StdoutLine: {'line': b'-- Up-to-date: /home/gowtham/crazyflie_ws/install/crazyflie_interfaces/share/crazyflie_interfaces/msg/FullState.idl\n'}
[1.515434] (crazyflie_interfaces) StdoutLine: {'line': b'-- Up-to-date: /home/gowtham/crazyflie_ws/install/crazyflie_interfaces/share/crazyflie_interfaces/msg/LogDataGeneric.idl\n'}
[1.515618] (crazyflie_interfaces) StdoutLine: {'line': b'-- Up-to-date: /home/gowtham/crazyflie_ws/install/crazyflie_interfaces/share/crazyflie_interfaces/msg/Hover.idl\n'}
[1.515763] (crazyflie_interfaces) StdoutLine: {'line': b'-- Up-to-date: /home/gowtham/crazyflie_ws/install/crazyflie_interfaces/share/crazyflie_interfaces/msg/LogBlock.idl\n'}
[1.515883] (crazyflie_interfaces) StdoutLine: {'line': b'-- Up-to-date: /home/gowtham/crazyflie_ws/install/crazyflie_interfaces/share/crazyflie_interfaces/msg/Position.idl\n'}
[1.515986] (crazyflie_interfaces) StdoutLine: {'line': b'-- Up-to-date: /home/gowtham/crazyflie_ws/install/crazyflie_interfaces/share/crazyflie_interfaces/msg/Status.idl\n'}
[1.516100] (crazyflie_interfaces) StdoutLine: {'line': b'-- Up-to-date: /home/gowtham/crazyflie_ws/install/crazyflie_interfaces/share/crazyflie_interfaces/msg/TrajectoryPolynomialPiece.idl\n'}
[1.516217] (crazyflie_interfaces) StdoutLine: {'line': b'-- Up-to-date: /home/gowtham/crazyflie_ws/install/crazyflie_interfaces/share/crazyflie_interfaces/msg/VelocityWorld.idl\n'}
[1.516334] (crazyflie_interfaces) StdoutLine: {'line': b'-- Up-to-date: /home/gowtham/crazyflie_ws/install/crazyflie_interfaces/share/crazyflie_interfaces/srv/GoTo.idl\n'}
[1.516461] (crazyflie_interfaces) StdoutLine: {'line': b'-- Up-to-date: /home/gowtham/crazyflie_ws/install/crazyflie_interfaces/share/crazyflie_interfaces/srv/Land.idl\n'}
[1.516607] (crazyflie_interfaces) StdoutLine: {'line': b'-- Up-to-date: /home/gowtham/crazyflie_ws/install/crazyflie_interfaces/share/crazyflie_interfaces/srv/NotifySetpointsStop.idl\n'}
[1.516736] (crazyflie_interfaces) StdoutLine: {'line': b'-- Up-to-date: /home/gowtham/crazyflie_ws/install/crazyflie_interfaces/share/crazyflie_interfaces/srv/SetGroupMask.idl\n'}
[1.516863] (crazyflie_interfaces) StdoutLine: {'line': b'-- Up-to-date: /home/gowtham/crazyflie_ws/install/crazyflie_interfaces/share/crazyflie_interfaces/srv/StartTrajectory.idl\n'}
[1.516989] (crazyflie_interfaces) StdoutLine: {'line': b'-- Up-to-date: /home/gowtham/crazyflie_ws/install/crazyflie_interfaces/share/crazyflie_interfaces/srv/Stop.idl\n'}
[1.519619] (crazyflie_interfaces) StdoutLine: {'line': b'-- Up-to-date: /home/gowtham/crazyflie_ws/install/crazyflie_interfaces/share/crazyflie_interfaces/srv/Takeoff.idl\n'}
[1.519991] (crazyflie_interfaces) StdoutLine: {'line': b'-- Up-to-date: /home/gowtham/crazyflie_ws/install/crazyflie_interfaces/share/crazyflie_interfaces/srv/UpdateParams.idl\n'}
[1.520257] (crazyflie_interfaces) StdoutLine: {'line': b'-- Up-to-date: /home/gowtham/crazyflie_ws/install/crazyflie_interfaces/share/crazyflie_interfaces/srv/UploadTrajectory.idl\n'}
[1.520390] (crazyflie_interfaces) StdoutLine: {'line': b'-- Up-to-date: /home/gowtham/crazyflie_ws/install/crazyflie_interfaces/share/crazyflie_interfaces/srv/RemoveLogging.idl\n'}
[1.520548] (crazyflie_interfaces) StdoutLine: {'line': b'-- Up-to-date: /home/gowtham/crazyflie_ws/install/crazyflie_interfaces/share/crazyflie_interfaces/srv/AddLogging.idl\n'}
[1.520681] (crazyflie_interfaces) StdoutLine: {'line': b'-- Up-to-date: /home/gowtham/crazyflie_ws/install/crazyflie_interfaces/share/crazyflie_interfaces/srv/Arm.idl\n'}
[1.520824] (crazyflie_interfaces) StdoutLine: {'line': b'-- Up-to-date: /home/gowtham/crazyflie_ws/install/crazyflie_interfaces/share/crazyflie_interfaces/msg/ConnectionStatistics.msg\n'}
[1.520961] (crazyflie_interfaces) StdoutLine: {'line': b'-- Up-to-date: /home/gowtham/crazyflie_ws/install/crazyflie_interfaces/share/crazyflie_interfaces/msg/ConnectionStatisticsArray.msg\n'}
[1.521086] (crazyflie_interfaces) StdoutLine: {'line': b'-- Up-to-date: /home/gowtham/crazyflie_ws/install/crazyflie_interfaces/share/crazyflie_interfaces/msg/FullState.msg\n'}
[1.521212] (crazyflie_interfaces) StdoutLine: {'line': b'-- Up-to-date: /home/gowtham/crazyflie_ws/install/crazyflie_interfaces/share/crazyflie_interfaces/msg/LogDataGeneric.msg\n'}
[1.521337] (crazyflie_interfaces) StdoutLine: {'line': b'-- Up-to-date: /home/gowtham/crazyflie_ws/install/crazyflie_interfaces/share/crazyflie_interfaces/msg/Hover.msg\n'}
[1.521477] (crazyflie_interfaces) StdoutLine: {'line': b'-- Up-to-date: /home/gowtham/crazyflie_ws/install/crazyflie_interfaces/share/crazyflie_interfaces/msg/LogBlock.msg\n'}
[1.521642] (crazyflie_interfaces) StdoutLine: {'line': b'-- Up-to-date: /home/gowtham/crazyflie_ws/install/crazyflie_interfaces/share/crazyflie_interfaces/msg/Position.msg\n'}
[1.521769] (crazyflie_interfaces) StdoutLine: {'line': b'-- Up-to-date: /home/gowtham/crazyflie_ws/install/crazyflie_interfaces/share/crazyflie_interfaces/msg/Status.msg\n'}
[1.521895] (crazyflie_interfaces) StdoutLine: {'line': b'-- Up-to-date: /home/gowtham/crazyflie_ws/install/crazyflie_interfaces/share/crazyflie_interfaces/msg/TrajectoryPolynomialPiece.msg\n'}
[1.522023] (crazyflie_interfaces) StdoutLine: {'line': b'-- Up-to-date: /home/gowtham/crazyflie_ws/install/crazyflie_interfaces/share/crazyflie_interfaces/msg/VelocityWorld.msg\n'}
[1.522149] (crazyflie_interfaces) StdoutLine: {'line': b'-- Up-to-date: /home/gowtham/crazyflie_ws/install/crazyflie_interfaces/share/crazyflie_interfaces/srv/GoTo.srv\n'}
[1.522275] (crazyflie_interfaces) StdoutLine: {'line': b'-- Up-to-date: /home/gowtham/crazyflie_ws/install/crazyflie_interfaces/share/crazyflie_interfaces/srv/GoTo_Request.msg\n'}
[1.522401] (crazyflie_interfaces) StdoutLine: {'line': b'-- Up-to-date: /home/gowtham/crazyflie_ws/install/crazyflie_interfaces/share/crazyflie_interfaces/srv/GoTo_Response.msg\n'}
[1.525876] (crazyflie_interfaces) StdoutLine: {'line': b'-- Up-to-date: /home/gowtham/crazyflie_ws/install/crazyflie_interfaces/share/crazyflie_interfaces/srv/Land.srv\n'}
[1.526125] (crazyflie_interfaces) StdoutLine: {'line': b'-- Up-to-date: /home/gowtham/crazyflie_ws/install/crazyflie_interfaces/share/crazyflie_interfaces/srv/Land_Request.msg\n'}
[1.526403] (crazyflie_interfaces) StdoutLine: {'line': b'-- Up-to-date: /home/gowtham/crazyflie_ws/install/crazyflie_interfaces/share/crazyflie_interfaces/srv/Land_Response.msg\n'}
[1.526673] (crazyflie_interfaces) StdoutLine: {'line': b'-- Up-to-date: /home/gowtham/crazyflie_ws/install/crazyflie_interfaces/share/crazyflie_interfaces/srv/NotifySetpointsStop.srv\n'}
[1.526898] (crazyflie_interfaces) StdoutLine: {'line': b'-- Up-to-date: /home/gowtham/crazyflie_ws/install/crazyflie_interfaces/share/crazyflie_interfaces/srv/NotifySetpointsStop_Request.msg\n'}
[1.529580] (crazyflie_interfaces) StdoutLine: {'line': b'-- Up-to-date: /home/gowtham/crazyflie_ws/install/crazyflie_interfaces/share/crazyflie_interfaces/srv/NotifySetpointsStop_Response.msg\n'}
[1.529798] (crazyflie_interfaces) StdoutLine: {'line': b'-- Up-to-date: /home/gowtham/crazyflie_ws/install/crazyflie_interfaces/share/crazyflie_interfaces/srv/SetGroupMask.srv\n'}
[1.529938] (crazyflie_interfaces) StdoutLine: {'line': b'-- Up-to-date: /home/gowtham/crazyflie_ws/install/crazyflie_interfaces/share/crazyflie_interfaces/srv/SetGroupMask_Request.msg\n'}
[1.530072] (crazyflie_interfaces) StdoutLine: {'line': b'-- Up-to-date: /home/gowtham/crazyflie_ws/install/crazyflie_interfaces/share/crazyflie_interfaces/srv/SetGroupMask_Response.msg\n'}
[1.530202] (crazyflie_interfaces) StdoutLine: {'line': b'-- Up-to-date: /home/gowtham/crazyflie_ws/install/crazyflie_interfaces/share/crazyflie_interfaces/srv/StartTrajectory.srv\n'}
[1.530332] (crazyflie_interfaces) StdoutLine: {'line': b'-- Up-to-date: /home/gowtham/crazyflie_ws/install/crazyflie_interfaces/share/crazyflie_interfaces/srv/StartTrajectory_Request.msg\n'}
[1.530491] (crazyflie_interfaces) StdoutLine: {'line': b'-- Up-to-date: /home/gowtham/crazyflie_ws/install/crazyflie_interfaces/share/crazyflie_interfaces/srv/StartTrajectory_Response.msg\n'}
[1.530810] (crazyflie_interfaces) StdoutLine: {'line': b'-- Up-to-date: /home/gowtham/crazyflie_ws/install/crazyflie_interfaces/share/crazyflie_interfaces/srv/Stop.srv\n'}
[1.530943] (crazyflie_interfaces) StdoutLine: {'line': b'-- Up-to-date: /home/gowtham/crazyflie_ws/install/crazyflie_interfaces/share/crazyflie_interfaces/srv/Stop_Request.msg\n'}
[1.531073] (crazyflie_interfaces) StdoutLine: {'line': b'-- Up-to-date: /home/gowtham/crazyflie_ws/install/crazyflie_interfaces/share/crazyflie_interfaces/srv/Stop_Response.msg\n'}
[1.531223] (crazyflie_interfaces) StdoutLine: {'line': b'-- Up-to-date: /home/gowtham/crazyflie_ws/install/crazyflie_interfaces/share/crazyflie_interfaces/srv/Takeoff.srv\n'}
[1.531431] (crazyflie_interfaces) StdoutLine: {'line': b'-- Up-to-date: /home/gowtham/crazyflie_ws/install/crazyflie_interfaces/share/crazyflie_interfaces/srv/Takeoff_Request.msg\n'}
[1.531593] (crazyflie_interfaces) StdoutLine: {'line': b'-- Up-to-date: /home/gowtham/crazyflie_ws/install/crazyflie_interfaces/share/crazyflie_interfaces/srv/Takeoff_Response.msg\n'}
[1.531721] (crazyflie_interfaces) StdoutLine: {'line': b'-- Up-to-date: /home/gowtham/crazyflie_ws/install/crazyflie_interfaces/share/crazyflie_interfaces/srv/UpdateParams.srv\n'}
[1.531860] (crazyflie_interfaces) StdoutLine: {'line': b'-- Up-to-date: /home/gowtham/crazyflie_ws/install/crazyflie_interfaces/share/crazyflie_interfaces/srv/UpdateParams_Request.msg\n'}
[1.531990] (crazyflie_interfaces) StdoutLine: {'line': b'-- Up-to-date: /home/gowtham/crazyflie_ws/install/crazyflie_interfaces/share/crazyflie_interfaces/srv/UpdateParams_Response.msg\n'}
[1.532118] (crazyflie_interfaces) StdoutLine: {'line': b'-- Up-to-date: /home/gowtham/crazyflie_ws/install/crazyflie_interfaces/share/crazyflie_interfaces/srv/UploadTrajectory.srv\n'}
[1.532245] (crazyflie_interfaces) StdoutLine: {'line': b'-- Up-to-date: /home/gowtham/crazyflie_ws/install/crazyflie_interfaces/share/crazyflie_interfaces/srv/UploadTrajectory_Request.msg\n'}
[1.534625] (crazyflie_interfaces) StdoutLine: {'line': b'-- Up-to-date: /home/gowtham/crazyflie_ws/install/crazyflie_interfaces/share/crazyflie_interfaces/srv/UploadTrajectory_Response.msg\n'}
[1.534828] (crazyflie_interfaces) StdoutLine: {'line': b'-- Up-to-date: /home/gowtham/crazyflie_ws/install/crazyflie_interfaces/share/crazyflie_interfaces/srv/RemoveLogging.srv\n'}
[1.534964] (crazyflie_interfaces) StdoutLine: {'line': b'-- Up-to-date: /home/gowtham/crazyflie_ws/install/crazyflie_interfaces/share/crazyflie_interfaces/srv/RemoveLogging_Request.msg\n'}
[1.535096] (crazyflie_interfaces) StdoutLine: {'line': b'-- Up-to-date: /home/gowtham/crazyflie_ws/install/crazyflie_interfaces/share/crazyflie_interfaces/srv/RemoveLogging_Response.msg\n'}
[1.535228] (crazyflie_interfaces) StdoutLine: {'line': b'-- Up-to-date: /home/gowtham/crazyflie_ws/install/crazyflie_interfaces/share/crazyflie_interfaces/srv/AddLogging.srv\n'}
[1.535358] (crazyflie_interfaces) StdoutLine: {'line': b'-- Up-to-date: /home/gowtham/crazyflie_ws/install/crazyflie_interfaces/share/crazyflie_interfaces/srv/AddLogging_Request.msg\n'}
[1.535628] (crazyflie_interfaces) StdoutLine: {'line': b'-- Up-to-date: /home/gowtham/crazyflie_ws/install/crazyflie_interfaces/share/crazyflie_interfaces/srv/AddLogging_Response.msg\n'}
[1.535781] (crazyflie_interfaces) StdoutLine: {'line': b'-- Up-to-date: /home/gowtham/crazyflie_ws/install/crazyflie_interfaces/share/crazyflie_interfaces/srv/Arm.srv\n'}
[1.535918] (crazyflie_interfaces) StdoutLine: {'line': b'-- Up-to-date: /home/gowtham/crazyflie_ws/install/crazyflie_interfaces/share/crazyflie_interfaces/srv/Arm_Request.msg\n'}
[1.536045] (crazyflie_interfaces) StdoutLine: {'line': b'-- Up-to-date: /home/gowtham/crazyflie_ws/install/crazyflie_interfaces/share/crazyflie_interfaces/srv/Arm_Response.msg\n'}
[1.536173] (crazyflie_interfaces) StdoutLine: {'line': b'-- Up-to-date: /home/gowtham/crazyflie_ws/install/crazyflie_interfaces/share/ament_index/resource_index/package_run_dependencies/crazyflie_interfaces\n'}
[1.536303] (crazyflie_interfaces) StdoutLine: {'line': b'-- Up-to-date: /home/gowtham/crazyflie_ws/install/crazyflie_interfaces/share/ament_index/resource_index/parent_prefix_path/crazyflie_interfaces\n'}
[1.536432] (crazyflie_interfaces) StdoutLine: {'line': b'-- Up-to-date: /home/gowtham/crazyflie_ws/install/crazyflie_interfaces/share/crazyflie_interfaces/environment/ament_prefix_path.sh\n'}
[1.536626] (crazyflie_interfaces) StdoutLine: {'line': b'-- Up-to-date: /home/gowtham/crazyflie_ws/install/crazyflie_interfaces/share/crazyflie_interfaces/environment/ament_prefix_path.dsv\n'}
[1.536755] (crazyflie_interfaces) StdoutLine: {'line': b'-- Up-to-date: /home/gowtham/crazyflie_ws/install/crazyflie_interfaces/share/crazyflie_interfaces/environment/path.sh\n'}
[1.536896] (crazyflie_interfaces) StdoutLine: {'line': b'-- Up-to-date: /home/gowtham/crazyflie_ws/install/crazyflie_interfaces/share/crazyflie_interfaces/environment/path.dsv\n'}
[1.537178] (crazyflie_interfaces) StdoutLine: {'line': b'-- Up-to-date: /home/gowtham/crazyflie_ws/install/crazyflie_interfaces/share/crazyflie_interfaces/local_setup.bash\n'}
[1.537316] (crazyflie_interfaces) StdoutLine: {'line': b'-- Up-to-date: /home/gowtham/crazyflie_ws/install/crazyflie_interfaces/share/crazyflie_interfaces/local_setup.sh\n'}
[1.537455] (crazyflie_interfaces) StdoutLine: {'line': b'-- Up-to-date: /home/gowtham/crazyflie_ws/install/crazyflie_interfaces/share/crazyflie_interfaces/local_setup.zsh\n'}
[1.537606] (crazyflie_interfaces) StdoutLine: {'line': b'-- Up-to-date: /home/gowtham/crazyflie_ws/install/crazyflie_interfaces/share/crazyflie_interfaces/local_setup.dsv\n'}
[1.537732] (crazyflie_interfaces) StdoutLine: {'line': b'-- Installing: /home/gowtham/crazyflie_ws/install/crazyflie_interfaces/share/crazyflie_interfaces/package.dsv\n'}
[1.537859] (crazyflie_interfaces) StdoutLine: {'line': b'-- Up-to-date: /home/gowtham/crazyflie_ws/install/crazyflie_interfaces/share/ament_index/resource_index/packages/crazyflie_interfaces\n'}
[1.537985] (crazyflie_interfaces) StdoutLine: {'line': b'-- Up-to-date: /home/gowtham/crazyflie_ws/install/crazyflie_interfaces/share/crazyflie_interfaces/cmake/export_crazyflie_interfaces__rosidl_generator_cExport.cmake\n'}
[1.538112] (crazyflie_interfaces) StdoutLine: {'line': b'-- Up-to-date: /home/gowtham/crazyflie_ws/install/crazyflie_interfaces/share/crazyflie_interfaces/cmake/export_crazyflie_interfaces__rosidl_generator_cExport-noconfig.cmake\n'}
[1.538239] (crazyflie_interfaces) StdoutLine: {'line': b'-- Up-to-date: /home/gowtham/crazyflie_ws/install/crazyflie_interfaces/share/crazyflie_interfaces/cmake/export_crazyflie_interfaces__rosidl_typesupport_fastrtps_cExport.cmake\n'}
[1.538428] (crazyflie_interfaces) StdoutLine: {'line': b'-- Up-to-date: /home/gowtham/crazyflie_ws/install/crazyflie_interfaces/share/crazyflie_interfaces/cmake/export_crazyflie_interfaces__rosidl_typesupport_fastrtps_cExport-noconfig.cmake\n'}
[1.541376] (crazyflie_interfaces) StdoutLine: {'line': b'-- Up-to-date: /home/gowtham/crazyflie_ws/install/crazyflie_interfaces/share/crazyflie_interfaces/cmake/export_crazyflie_interfaces__rosidl_generator_cppExport.cmake\n'}
[1.542024] (crazyflie_interfaces) StdoutLine: {'line': b'-- Up-to-date: /home/gowtham/crazyflie_ws/install/crazyflie_interfaces/share/crazyflie_interfaces/cmake/export_crazyflie_interfaces__rosidl_typesupport_fastrtps_cppExport.cmake\n'}
[1.542257] (crazyflie_interfaces) StdoutLine: {'line': b'-- Up-to-date: /home/gowtham/crazyflie_ws/install/crazyflie_interfaces/share/crazyflie_interfaces/cmake/export_crazyflie_interfaces__rosidl_typesupport_fastrtps_cppExport-noconfig.cmake\n'}
[1.542773] (crazyflie_interfaces) StdoutLine: {'line': b'-- Up-to-date: /home/gowtham/crazyflie_ws/install/crazyflie_interfaces/share/crazyflie_interfaces/cmake/crazyflie_interfaces__rosidl_typesupport_introspection_cExport.cmake\n'}
[1.543010] (crazyflie_interfaces) StdoutLine: {'line': b'-- Up-to-date: /home/gowtham/crazyflie_ws/install/crazyflie_interfaces/share/crazyflie_interfaces/cmake/crazyflie_interfaces__rosidl_typesupport_introspection_cExport-noconfig.cmake\n'}
[1.543608] (crazyflie_interfaces) StdoutLine: {'line': b'-- Up-to-date: /home/gowtham/crazyflie_ws/install/crazyflie_interfaces/share/crazyflie_interfaces/cmake/crazyflie_interfaces__rosidl_typesupport_cExport.cmake\n'}
[1.543929] (crazyflie_interfaces) StdoutLine: {'line': b'-- Up-to-date: /home/gowtham/crazyflie_ws/install/crazyflie_interfaces/share/crazyflie_interfaces/cmake/crazyflie_interfaces__rosidl_typesupport_cExport-noconfig.cmake\n'}
[1.544411] (crazyflie_interfaces) StdoutLine: {'line': b'-- Up-to-date: /home/gowtham/crazyflie_ws/install/crazyflie_interfaces/share/crazyflie_interfaces/cmake/crazyflie_interfaces__rosidl_typesupport_introspection_cppExport.cmake\n'}
[1.544684] (crazyflie_interfaces) StdoutLine: {'line': b'-- Up-to-date: /home/gowtham/crazyflie_ws/install/crazyflie_interfaces/share/crazyflie_interfaces/cmake/crazyflie_interfaces__rosidl_typesupport_introspection_cppExport-noconfig.cmake\n'}
[1.546551] (crazyflie_interfaces) StdoutLine: {'line': b'-- Up-to-date: /home/gowtham/crazyflie_ws/install/crazyflie_interfaces/share/crazyflie_interfaces/cmake/crazyflie_interfaces__rosidl_typesupport_cppExport.cmake\n'}
[1.546755] (crazyflie_interfaces) StdoutLine: {'line': b'-- Up-to-date: /home/gowtham/crazyflie_ws/install/crazyflie_interfaces/share/crazyflie_interfaces/cmake/crazyflie_interfaces__rosidl_typesupport_cppExport-noconfig.cmake\n'}
[1.546875] (crazyflie_interfaces) StdoutLine: {'line': b'-- Up-to-date: /home/gowtham/crazyflie_ws/install/crazyflie_interfaces/share/crazyflie_interfaces/cmake/export_crazyflie_interfaces__rosidl_generator_pyExport.cmake\n'}
[1.546994] (crazyflie_interfaces) StdoutLine: {'line': b'-- Up-to-date: /home/gowtham/crazyflie_ws/install/crazyflie_interfaces/share/crazyflie_interfaces/cmake/export_crazyflie_interfaces__rosidl_generator_pyExport-noconfig.cmake\n'}
[1.547121] (crazyflie_interfaces) StdoutLine: {'line': b'-- Up-to-date: /home/gowtham/crazyflie_ws/install/crazyflie_interfaces/share/crazyflie_interfaces/cmake/rosidl_cmake-extras.cmake\n'}
[1.547366] (crazyflie_interfaces) StdoutLine: {'line': b'-- Up-to-date: /home/gowtham/crazyflie_ws/install/crazyflie_interfaces/share/crazyflie_interfaces/cmake/ament_cmake_export_dependencies-extras.cmake\n'}
[1.547530] (crazyflie_interfaces) StdoutLine: {'line': b'-- Up-to-date: /home/gowtham/crazyflie_ws/install/crazyflie_interfaces/share/crazyflie_interfaces/cmake/ament_cmake_export_include_directories-extras.cmake\n'}
[1.547671] (crazyflie_interfaces) StdoutLine: {'line': b'-- Up-to-date: /home/gowtham/crazyflie_ws/install/crazyflie_interfaces/share/crazyflie_interfaces/cmake/ament_cmake_export_libraries-extras.cmake\n'}
[1.547800] (crazyflie_interfaces) StdoutLine: {'line': b'-- Up-to-date: /home/gowtham/crazyflie_ws/install/crazyflie_interfaces/share/crazyflie_interfaces/cmake/ament_cmake_export_targets-extras.cmake\n'}
[1.548033] (crazyflie_interfaces) StdoutLine: {'line': b'-- Up-to-date: /home/gowtham/crazyflie_ws/install/crazyflie_interfaces/share/crazyflie_interfaces/cmake/rosidl_cmake_export_typesupport_targets-extras.cmake\n'}
[1.548250] (crazyflie_interfaces) StdoutLine: {'line': b'-- Up-to-date: /home/gowtham/crazyflie_ws/install/crazyflie_interfaces/share/crazyflie_interfaces/cmake/rosidl_cmake_export_typesupport_libraries-extras.cmake\n'}
[1.548388] (crazyflie_interfaces) StdoutLine: {'line': b'-- Up-to-date: /home/gowtham/crazyflie_ws/install/crazyflie_interfaces/share/crazyflie_interfaces/cmake/crazyflie_interfacesConfig.cmake\n'}
[1.548545] (crazyflie_interfaces) StdoutLine: {'line': b'-- Up-to-date: /home/gowtham/crazyflie_ws/install/crazyflie_interfaces/share/crazyflie_interfaces/cmake/crazyflie_interfacesConfig-version.cmake\n'}
[1.548673] (crazyflie_interfaces) StdoutLine: {'line': b'-- Up-to-date: /home/gowtham/crazyflie_ws/install/crazyflie_interfaces/share/crazyflie_interfaces/package.xml\n'}
[1.555392] (crazyflie_interfaces) CommandEnded: {'returncode': 0}
[1.607596] (-) TimerEvent: {}
[1.609423] (crazyflie_interfaces) JobEnded: {'identifier': 'crazyflie_interfaces', 'rc': 0}
[1.611634] (crazyflie_py) JobStarted: {'identifier': 'crazyflie_py'}
[1.707729] (-) TimerEvent: {}
[1.809663] (-) TimerEvent: {}
[1.910289] (-) TimerEvent: {}
[2.013535] (-) TimerEvent: {}
[2.114103] (-) TimerEvent: {}
[2.218523] (-) TimerEvent: {}
[2.318916] (-) TimerEvent: {}
[2.425536] (-) TimerEvent: {}
[2.526014] (-) TimerEvent: {}
[2.565572] (central_swarm_control) Command: {'cmd': ['/usr/bin/python3', '-W', 'ignore:setup.py install is deprecated', '-W', 'ignore:easy_install command is deprecated', 'setup.py', 'egg_info', '--egg-base', '../../build/central_swarm_control', 'build', '--build-base', '/home/gowtham/crazyflie_ws/build/central_swarm_control/build', 'install', '--record', '/home/gowtham/crazyflie_ws/build/central_swarm_control/install.log', '--single-version-externally-managed', 'install_data'], 'cwd': '/home/gowtham/crazyflie_ws/src/central_swarm_control', 'env': {'LESSOPEN': '| /usr/bin/lesspipe %s', 'LANGUAGE': 'en_IN:en', 'USER': 'gowtham', 'XDG_SESSION_TYPE': 'wayland', 'SHLVL': '1', 'LD_LIBRARY_PATH': '/home/gowtham/swarm_ws/install/crazyflie_interfaces/lib:/opt/ros/humble/opt/rviz_ogre_vendor/lib:/opt/ros/humble/lib/x86_64-linux-gnu:/opt/ros/humble/lib', 'HOME': '/home/gowtham', 'OLDPWD': '/home/gowtham', 'DESKTOP_SESSION': 'ubuntu', 'ROS_PYTHON_VERSION': '3', 'GNOME_SHELL_SESSION_MODE': 'ubuntu', 'GTK_MODULES': 'gail:atk-bridge', 'SYSTEMD_EXEC_PID': '1194', 'DBUS_SESSION_BUS_ADDRESS': 'unix:path=/run/user/1000/bus', 'COLORTERM': 'truecolor', 'IM_CONFIG_PHASE': '1', 'WAYLAND_DISPLAY': 'wayland-0', 'COLCON_PREFIX_PATH': '/home/gowtham/swarm_ws/install', 'ROS_DISTRO': 'humble', 'LOGNAME': 'gowtham', '_': '/usr/bin/colcon', 'ROS_VERSION': '2', 'XDG_SESSION_CLASS': 'user', 'USERNAME': 'gowtham', 'TERM': 'xterm-256color', 'GNOME_DESKTOP_SESSION_ID': 'this-is-deprecated', 'ROS_LOCALHOST_ONLY': '0', 'PATH': '/opt/ros/humble/bin:/home/gowtham/.local/bin:/usr/local/sbin:/usr/local/bin:/usr/sbin:/usr/bin:/sbin:/bin:/usr/games:/usr/local/games:/snap/bin:/snap/bin:/home/gowtham/.local/bin', 'SESSION_MANAGER': 'local/gowtham:@/tmp/.ICE-unix/886,unix/gowtham:/tmp/.ICE-unix/886', 'XDG_MENU_PREFIX': 'gnome-', 'GNOME_TERMINAL_SCREEN': '/org/gnome/Terminal/screen/6bd8070d_3214_421e_a9d9_4cc0ef401316', 'GNOME_SETUP_DISPLAY': ':1', 'XDG_RUNTIME_DIR': '/run/user/1000', 'DISPLAY': ':0', 'LANG': 'en_US.UTF-8', 'XDG_CURRENT_DESKTOP': 'ubuntu:GNOME', 'XMODIFIERS': '@im=ibus', 'XDG_SESSION_DESKTOP': 'ubuntu', 'XAUTHORITY': '/run/user/1000/.mutter-Xwaylandauth.C45TP3', 'LS_COLORS': 'rs=0:di=01;34:ln=01;36:mh=00:pi=40;33:so=01;35:do=01;35:bd=40;33;01:cd=40;33;01:or=40;31;01:mi=00:su=37;41:sg=30;43:ca=30;41:tw=30;42:ow=34;42:st=37;44:ex=01;32:*.tar=01;31:*.tgz=01;31:*.arc=01;31:*.arj=01;31:*.taz=01;31:*.lha=01;31:*.lz4=01;31:*.lzh=01;31:*.lzma=01;31:*.tlz=01;31:*.txz=01;31:*.tzo=01;31:*.t7z=01;31:*.zip=01;31:*.z=01;31:*.dz=01;31:*.gz=01;31:*.lrz=01;31:*.lz=01;31:*.lzo=01;31:*.xz=01;31:*.zst=01;31:*.tzst=01;31:*.bz2=01;31:*.bz=01;31:*.tbz=01;31:*.tbz2=01;31:*.tz=01;31:*.deb=01;31:*.rpm=01;31:*.jar=01;31:*.war=01;31:*.ear=01;31:*.sar=01;31:*.rar=01;31:*.alz=01;31:*.ace=01;31:*.zoo=01;31:*.cpio=01;31:*.7z=01;31:*.rz=01;31:*.cab=01;31:*.wim=01;31:*.swm=01;31:*.dwm=01;31:*.esd=01;31:*.jpg=01;35:*.jpeg=01;35:*.mjpg=01;35:*.mjpeg=01;35:*.gif=01;35:*.bmp=01;35:*.pbm=01;35:*.pgm=01;35:*.ppm=01;35:*.tga=01;35:*.xbm=01;35:*.xpm=01;35:*.tif=01;35:*.tiff=01;35:*.png=01;35:*.svg=01;35:*.svgz=01;35:*.mng=01;35:*.pcx=01;35:*.mov=01;35:*.mpg=01;35:*.mpeg=01;35:*.m2v=01;35:*.mkv=01;35:*.webm=01;35:*.webp=01;35:*.ogm=01;35:*.mp4=01;35:*.m4v=01;35:*.mp4v=01;35:*.vob=01;35:*.qt=01;35:*.nuv=01;35:*.wmv=01;35:*.asf=01;35:*.rm=01;35:*.rmvb=01;35:*.flc=01;35:*.avi=01;35:*.fli=01;35:*.flv=01;35:*.gl=01;35:*.dl=01;35:*.xcf=01;35:*.xwd=01;35:*.yuv=01;35:*.cgm=01;35:*.emf=01;35:*.ogv=01;35:*.ogx=01;35:*.aac=00;36:*.au=00;36:*.flac=00;36:*.m4a=00;36:*.mid=00;36:*.midi=00;36:*.mka=00;36:*.mp3=00;36:*.mpc=00;36:*.ogg=00;36:*.ra=00;36:*.wav=00;36:*.oga=00;36:*.opus=00;36:*.spx=00;36:*.xspf=00;36:', 'GNOME_TERMINAL_SERVICE': ':1.120', 'SSH_AGENT_LAUNCHER': 'gnome-keyring', 'SSH_AUTH_SOCK': '/run/user/1000/keyring/ssh', 'AMENT_PREFIX_PATH': '/home/gowtham/swarm_ws/install/guidance_layer:/home/gowtham/swarm_ws/install/crazyflie_sim:/home/gowtham/swarm_ws/install/crazyflie_examples:/home/gowtham/swarm_ws/install/crazyflie_py:/home/gowtham/swarm_ws/install/crazyflie:/home/gowtham/swarm_ws/install/crazyflie_interfaces:/home/gowtham/swarm_ws/install/control_layer:/home/gowtham/swarm_ws/install/consensus_controller:/opt/ros/humble', 'SHELL': '/bin/bash', 'QT_ACCESSIBILITY': '1', 'GDMSESSION': 'ubuntu', 'LESSCLOSE': '/usr/bin/lesspipe %s %s', 'QT_IM_MODULE': 'ibus', 'PWD': '/home/gowtham/crazyflie_ws/build/central_swarm_control', 'LC_ALL': 'en_US.UTF-8', 'XDG_CONFIG_DIRS': '/etc/xdg/xdg-ubuntu:/etc/xdg', 'XDG_DATA_DIRS': '/usr/share/ubuntu:/usr/local/share/:/usr/share/:/var/lib/snapd/desktop', 'PYTHONPATH': '/home/gowtham/crazyflie_ws/build/central_swarm_control/prefix_override:/usr/lib/python3/dist-packages/colcon_core/task/python/colcon_distutils_commands:/home/gowtham/crazyflie_ws/install/central_swarm_control/lib/python3.10/site-packages:/home/gowtham/crazyflie-firmware/build:/home/gowtham/crazyflie-firmware/build:/home/gowtham/swarm_ws/install/guidance_layer/lib/python3.10/site-packages:/home/gowtham/swarm_ws/install/crazyflie_sim/local/lib/python3.10/dist-packages:/home/gowtham/swarm_ws/install/crazyflie_examples/local/lib/python3.10/dist-packages:/home/gowtham/swarm_ws/install/crazyflie_py/lib/python3.10/site-packages:/home/gowtham/swarm_ws/install/crazyflie_interfaces/local/lib/python3.10/dist-packages:/home/gowtham/swarm_ws/install/control_layer/lib/python3.10/site-packages:/home/gowtham/swarm_ws/install/consensus_controller/lib/python3.10/site-packages:/opt/ros/humble/lib/python3.10/site-packages:/opt/ros/humble/local/lib/python3.10/dist-packages', 'COLCON': '1', 'VTE_VERSION': '6800', 'CMAKE_PREFIX_PATH': '/home/gowtham/swarm_ws/install/crazyflie_sim:/home/gowtham/swarm_ws/install/crazyflie_examples:/home/gowtham/swarm_ws/install/crazyflie:/home/gowtham/swarm_ws/install/crazyflie_interfaces'}, 'shell': False}
[2.571542] (swarm_guidance) Command: {'cmd': ['/usr/bin/python3', '-W', 'ignore:setup.py install is deprecated', '-W', 'ignore:easy_install command is deprecated', 'setup.py', 'egg_info', '--egg-base', '../../build/swarm_guidance', 'build', '--build-base', '/home/gowtham/crazyflie_ws/build/swarm_guidance/build', 'install', '--record', '/home/gowtham/crazyflie_ws/build/swarm_guidance/install.log', '--single-version-externally-managed', 'install_data'], 'cwd': '/home/gowtham/crazyflie_ws/src/swarm_guidance', 'env': {'LESSOPEN': '| /usr/bin/lesspipe %s', 'LANGUAGE': 'en_IN:en', 'USER': 'gowtham', 'XDG_SESSION_TYPE': 'wayland', 'SHLVL': '1', 'LD_LIBRARY_PATH': '/home/gowtham/swarm_ws/install/crazyflie_interfaces/lib:/opt/ros/humble/opt/rviz_ogre_vendor/lib:/opt/ros/humble/lib/x86_64-linux-gnu:/opt/ros/humble/lib', 'HOME': '/home/gowtham', 'OLDPWD': '/home/gowtham', 'DESKTOP_SESSION': 'ubuntu', 'ROS_PYTHON_VERSION': '3', 'GNOME_SHELL_SESSION_MODE': 'ubuntu', 'GTK_MODULES': 'gail:atk-bridge', 'SYSTEMD_EXEC_PID': '1194', 'DBUS_SESSION_BUS_ADDRESS': 'unix:path=/run/user/1000/bus', 'COLORTERM': 'truecolor', 'IM_CONFIG_PHASE': '1', 'WAYLAND_DISPLAY': 'wayland-0', 'COLCON_PREFIX_PATH': '/home/gowtham/swarm_ws/install', 'ROS_DISTRO': 'humble', 'LOGNAME': 'gowtham', '_': '/usr/bin/colcon', 'ROS_VERSION': '2', 'XDG_SESSION_CLASS': 'user', 'USERNAME': 'gowtham', 'TERM': 'xterm-256color', 'GNOME_DESKTOP_SESSION_ID': 'this-is-deprecated', 'ROS_LOCALHOST_ONLY': '0', 'PATH': '/opt/ros/humble/bin:/home/gowtham/.local/bin:/usr/local/sbin:/usr/local/bin:/usr/sbin:/usr/bin:/sbin:/bin:/usr/games:/usr/local/games:/snap/bin:/snap/bin:/home/gowtham/.local/bin', 'SESSION_MANAGER': 'local/gowtham:@/tmp/.ICE-unix/886,unix/gowtham:/tmp/.ICE-unix/886', 'XDG_MENU_PREFIX': 'gnome-', 'GNOME_TERMINAL_SCREEN': '/org/gnome/Terminal/screen/6bd8070d_3214_421e_a9d9_4cc0ef401316', 'GNOME_SETUP_DISPLAY': ':1', 'XDG_RUNTIME_DIR': '/run/user/1000', 'DISPLAY': ':0', 'LANG': 'en_US.UTF-8', 'XDG_CURRENT_DESKTOP': 'ubuntu:GNOME', 'XMODIFIERS': '@im=ibus', 'XDG_SESSION_DESKTOP': 'ubuntu', 'XAUTHORITY': '/run/user/1000/.mutter-Xwaylandauth.C45TP3', 'LS_COLORS': 'rs=0:di=01;34:ln=01;36:mh=00:pi=40;33:so=01;35:do=01;35:bd=40;33;01:cd=40;33;01:or=40;31;01:mi=00:su=37;41:sg=30;43:ca=30;41:tw=30;42:ow=34;42:st=37;44:ex=01;32:*.tar=01;31:*.tgz=01;31:*.arc=01;31:*.arj=01;31:*.taz=01;31:*.lha=01;31:*.lz4=01;31:*.lzh=01;31:*.lzma=01;31:*.tlz=01;31:*.txz=01;31:*.tzo=01;31:*.t7z=01;31:*.zip=01;31:*.z=01;31:*.dz=01;31:*.gz=01;31:*.lrz=01;31:*.lz=01;31:*.lzo=01;31:*.xz=01;31:*.zst=01;31:*.tzst=01;31:*.bz2=01;31:*.bz=01;31:*.tbz=01;31:*.tbz2=01;31:*.tz=01;31:*.deb=01;31:*.rpm=01;31:*.jar=01;31:*.war=01;31:*.ear=01;31:*.sar=01;31:*.rar=01;31:*.alz=01;31:*.ace=01;31:*.zoo=01;31:*.cpio=01;31:*.7z=01;31:*.rz=01;31:*.cab=01;31:*.wim=01;31:*.swm=01;31:*.dwm=01;31:*.esd=01;31:*.jpg=01;35:*.jpeg=01;35:*.mjpg=01;35:*.mjpeg=01;35:*.gif=01;35:*.bmp=01;35:*.pbm=01;35:*.pgm=01;35:*.ppm=01;35:*.tga=01;35:*.xbm=01;35:*.xpm=01;35:*.tif=01;35:*.tiff=01;35:*.png=01;35:*.svg=01;35:*.svgz=01;35:*.mng=01;35:*.pcx=01;35:*.mov=01;35:*.mpg=01;35:*.mpeg=01;35:*.m2v=01;35:*.mkv=01;35:*.webm=01;35:*.webp=01;35:*.ogm=01;35:*.mp4=01;35:*.m4v=01;35:*.mp4v=01;35:*.vob=01;35:*.qt=01;35:*.nuv=01;35:*.wmv=01;35:*.asf=01;35:*.rm=01;35:*.rmvb=01;35:*.flc=01;35:*.avi=01;35:*.fli=01;35:*.flv=01;35:*.gl=01;35:*.dl=01;35:*.xcf=01;35:*.xwd=01;35:*.yuv=01;35:*.cgm=01;35:*.emf=01;35:*.ogv=01;35:*.ogx=01;35:*.aac=00;36:*.au=00;36:*.flac=00;36:*.m4a=00;36:*.mid=00;36:*.midi=00;36:*.mka=00;36:*.mp3=00;36:*.mpc=00;36:*.ogg=00;36:*.ra=00;36:*.wav=00;36:*.oga=00;36:*.opus=00;36:*.spx=00;36:*.xspf=00;36:', 'GNOME_TERMINAL_SERVICE': ':1.120', 'SSH_AGENT_LAUNCHER': 'gnome-keyring', 'SSH_AUTH_SOCK': '/run/user/1000/keyring/ssh', 'AMENT_PREFIX_PATH': '/home/gowtham/swarm_ws/install/guidance_layer:/home/gowtham/swarm_ws/install/crazyflie_sim:/home/gowtham/swarm_ws/install/crazyflie_examples:/home/gowtham/swarm_ws/install/crazyflie_py:/home/gowtham/swarm_ws/install/crazyflie:/home/gowtham/swarm_ws/install/crazyflie_interfaces:/home/gowtham/swarm_ws/install/control_layer:/home/gowtham/swarm_ws/install/consensus_controller:/opt/ros/humble', 'SHELL': '/bin/bash', 'QT_ACCESSIBILITY': '1', 'GDMSESSION': 'ubuntu', 'LESSCLOSE': '/usr/bin/lesspipe %s %s', 'QT_IM_MODULE': 'ibus', 'PWD': '/home/gowtham/crazyflie_ws/build/swarm_guidance', 'LC_ALL': 'en_US.UTF-8', 'XDG_CONFIG_DIRS': '/etc/xdg/xdg-ubuntu:/etc/xdg', 'XDG_DATA_DIRS': '/usr/share/ubuntu:/usr/local/share/:/usr/share/:/var/lib/snapd/desktop', 'PYTHONPATH': '/home/gowtham/crazyflie_ws/build/swarm_guidance/prefix_override:/usr/lib/python3/dist-packages/colcon_core/task/python/colcon_distutils_commands:/home/gowtham/crazyflie_ws/install/swarm_guidance/lib/python3.10/site-packages:/home/gowtham/crazyflie-firmware/build:/home/gowtham/crazyflie-firmware/build:/home/gowtham/swarm_ws/install/guidance_layer/lib/python3.10/site-packages:/home/gowtham/swarm_ws/install/crazyflie_sim/local/lib/python3.10/dist-packages:/home/gowtham/swarm_ws/install/crazyflie_examples/local/lib/python3.10/dist-packages:/home/gowtham/swarm_ws/install/crazyflie_py/lib/python3.10/site-packages:/home/gowtham/swarm_ws/install/crazyflie_interfaces/local/lib/python3.10/dist-packages:/home/gowtham/swarm_ws/install/control_layer/lib/python3.10/site-packages:/home/gowtham/swarm_ws/install/consensus_controller/lib/python3.10/site-packages:/opt/ros/humble/lib/python3.10/site-packages:/opt/ros/humble/local/lib/python3.10/dist-packages', 'COLCON': '1', 'VTE_VERSION': '6800', 'CMAKE_PREFIX_PATH': '/home/gowtham/swarm_ws/install/crazyflie_sim:/home/gowtham/swarm_ws/install/crazyflie_examples:/home/gowtham/swarm_ws/install/crazyflie:/home/gowtham/swarm_ws/install/crazyflie_interfaces'}, 'shell': False}
[2.574005] (swarm_navigation) Command: {'cmd': ['/usr/bin/python3', '-W', 'ignore:setup.py install is deprecated', '-W', 'ignore:easy_install command is deprecated', 'setup.py', 'egg_info', '--egg-base', '../../build/swarm_navigation', 'build', '--build-base', '/home/gowtham/crazyflie_ws/build/swarm_navigation/build', 'install', '--record', '/home/gowtham/crazyflie_ws/build/swarm_navigation/install.log', '--single-version-externally-managed', 'install_data'], 'cwd': '/home/gowtham/crazyflie_ws/src/swarm_navigation', 'env': {'LESSOPEN': '| /usr/bin/lesspipe %s', 'LANGUAGE': 'en_IN:en', 'USER': 'gowtham', 'XDG_SESSION_TYPE': 'wayland', 'SHLVL': '1', 'LD_LIBRARY_PATH': '/home/gowtham/swarm_ws/install/crazyflie_interfaces/lib:/opt/ros/humble/opt/rviz_ogre_vendor/lib:/opt/ros/humble/lib/x86_64-linux-gnu:/opt/ros/humble/lib', 'HOME': '/home/gowtham', 'OLDPWD': '/home/gowtham', 'DESKTOP_SESSION': 'ubuntu', 'ROS_PYTHON_VERSION': '3', 'GNOME_SHELL_SESSION_MODE': 'ubuntu', 'GTK_MODULES': 'gail:atk-bridge', 'SYSTEMD_EXEC_PID': '1194', 'DBUS_SESSION_BUS_ADDRESS': 'unix:path=/run/user/1000/bus', 'COLORTERM': 'truecolor', 'IM_CONFIG_PHASE': '1', 'WAYLAND_DISPLAY': 'wayland-0', 'COLCON_PREFIX_PATH': '/home/gowtham/swarm_ws/install', 'ROS_DISTRO': 'humble', 'LOGNAME': 'gowtham', '_': '/usr/bin/colcon', 'ROS_VERSION': '2', 'XDG_SESSION_CLASS': 'user', 'USERNAME': 'gowtham', 'TERM': 'xterm-256color', 'GNOME_DESKTOP_SESSION_ID': 'this-is-deprecated', 'ROS_LOCALHOST_ONLY': '0', 'PATH': '/opt/ros/humble/bin:/home/gowtham/.local/bin:/usr/local/sbin:/usr/local/bin:/usr/sbin:/usr/bin:/sbin:/bin:/usr/games:/usr/local/games:/snap/bin:/snap/bin:/home/gowtham/.local/bin', 'SESSION_MANAGER': 'local/gowtham:@/tmp/.ICE-unix/886,unix/gowtham:/tmp/.ICE-unix/886', 'XDG_MENU_PREFIX': 'gnome-', 'GNOME_TERMINAL_SCREEN': '/org/gnome/Terminal/screen/6bd8070d_3214_421e_a9d9_4cc0ef401316', 'GNOME_SETUP_DISPLAY': ':1', 'XDG_RUNTIME_DIR': '/run/user/1000', 'DISPLAY': ':0', 'LANG': 'en_US.UTF-8', 'XDG_CURRENT_DESKTOP': 'ubuntu:GNOME', 'XMODIFIERS': '@im=ibus', 'XDG_SESSION_DESKTOP': 'ubuntu', 'XAUTHORITY': '/run/user/1000/.mutter-Xwaylandauth.C45TP3', 'LS_COLORS': 'rs=0:di=01;34:ln=01;36:mh=00:pi=40;33:so=01;35:do=01;35:bd=40;33;01:cd=40;33;01:or=40;31;01:mi=00:su=37;41:sg=30;43:ca=30;41:tw=30;42:ow=34;42:st=37;44:ex=01;32:*.tar=01;31:*.tgz=01;31:*.arc=01;31:*.arj=01;31:*.taz=01;31:*.lha=01;31:*.lz4=01;31:*.lzh=01;31:*.lzma=01;31:*.tlz=01;31:*.txz=01;31:*.tzo=01;31:*.t7z=01;31:*.zip=01;31:*.z=01;31:*.dz=01;31:*.gz=01;31:*.lrz=01;31:*.lz=01;31:*.lzo=01;31:*.xz=01;31:*.zst=01;31:*.tzst=01;31:*.bz2=01;31:*.bz=01;31:*.tbz=01;31:*.tbz2=01;31:*.tz=01;31:*.deb=01;31:*.rpm=01;31:*.jar=01;31:*.war=01;31:*.ear=01;31:*.sar=01;31:*.rar=01;31:*.alz=01;31:*.ace=01;31:*.zoo=01;31:*.cpio=01;31:*.7z=01;31:*.rz=01;31:*.cab=01;31:*.wim=01;31:*.swm=01;31:*.dwm=01;31:*.esd=01;31:*.jpg=01;35:*.jpeg=01;35:*.mjpg=01;35:*.mjpeg=01;35:*.gif=01;35:*.bmp=01;35:*.pbm=01;35:*.pgm=01;35:*.ppm=01;35:*.tga=01;35:*.xbm=01;35:*.xpm=01;35:*.tif=01;35:*.tiff=01;35:*.png=01;35:*.svg=01;35:*.svgz=01;35:*.mng=01;35:*.pcx=01;35:*.mov=01;35:*.mpg=01;35:*.mpeg=01;35:*.m2v=01;35:*.mkv=01;35:*.webm=01;35:*.webp=01;35:*.ogm=01;35:*.mp4=01;35:*.m4v=01;35:*.mp4v=01;35:*.vob=01;35:*.qt=01;35:*.nuv=01;35:*.wmv=01;35:*.asf=01;35:*.rm=01;35:*.rmvb=01;35:*.flc=01;35:*.avi=01;35:*.fli=01;35:*.flv=01;35:*.gl=01;35:*.dl=01;35:*.xcf=01;35:*.xwd=01;35:*.yuv=01;35:*.cgm=01;35:*.emf=01;35:*.ogv=01;35:*.ogx=01;35:*.aac=00;36:*.au=00;36:*.flac=00;36:*.m4a=00;36:*.mid=00;36:*.midi=00;36:*.mka=00;36:*.mp3=00;36:*.mpc=00;36:*.ogg=00;36:*.ra=00;36:*.wav=00;36:*.oga=00;36:*.opus=00;36:*.spx=00;36:*.xspf=00;36:', 'GNOME_TERMINAL_SERVICE': ':1.120', 'SSH_AGENT_LAUNCHER': 'gnome-keyring', 'SSH_AUTH_SOCK': '/run/user/1000/keyring/ssh', 'AMENT_PREFIX_PATH': '/home/gowtham/swarm_ws/install/guidance_layer:/home/gowtham/swarm_ws/install/crazyflie_sim:/home/gowtham/swarm_ws/install/crazyflie_examples:/home/gowtham/swarm_ws/install/crazyflie_py:/home/gowtham/swarm_ws/install/crazyflie:/home/gowtham/swarm_ws/install/crazyflie_interfaces:/home/gowtham/swarm_ws/install/control_layer:/home/gowtham/swarm_ws/install/consensus_controller:/opt/ros/humble', 'SHELL': '/bin/bash', 'QT_ACCESSIBILITY': '1', 'GDMSESSION': 'ubuntu', 'LESSCLOSE': '/usr/bin/lesspipe %s %s', 'QT_IM_MODULE': 'ibus', 'PWD': '/home/gowtham/crazyflie_ws/build/swarm_navigation', 'LC_ALL': 'en_US.UTF-8', 'XDG_CONFIG_DIRS': '/etc/xdg/xdg-ubuntu:/etc/xdg', 'XDG_DATA_DIRS': '/usr/share/ubuntu:/usr/local/share/:/usr/share/:/var/lib/snapd/desktop', 'PYTHONPATH': '/home/gowtham/crazyflie_ws/build/swarm_navigation/prefix_override:/usr/lib/python3/dist-packages/colcon_core/task/python/colcon_distutils_commands:/home/gowtham/crazyflie_ws/install/swarm_navigation/lib/python3.10/site-packages:/home/gowtham/crazyflie-firmware/build:/home/gowtham/crazyflie-firmware/build:/home/gowtham/swarm_ws/install/guidance_layer/lib/python3.10/site-packages:/home/gowtham/swarm_ws/install/crazyflie_sim/local/lib/python3.10/dist-packages:/home/gowtham/swarm_ws/install/crazyflie_examples/local/lib/python3.10/dist-packages:/home/gowtham/swarm_ws/install/crazyflie_py/lib/python3.10/site-packages:/home/gowtham/swarm_ws/install/crazyflie_interfaces/local/lib/python3.10/dist-packages:/home/gowtham/swarm_ws/install/control_layer/lib/python3.10/site-packages:/home/gowtham/swarm_ws/install/consensus_controller/lib/python3.10/site-packages:/opt/ros/humble/lib/python3.10/site-packages:/opt/ros/humble/local/lib/python3.10/dist-packages', 'COLCON': '1', 'VTE_VERSION': '6800', 'CMAKE_PREFIX_PATH': '/home/gowtham/swarm_ws/install/crazyflie_sim:/home/gowtham/swarm_ws/install/crazyflie_examples:/home/gowtham/swarm_ws/install/crazyflie:/home/gowtham/swarm_ws/install/crazyflie_interfaces'}, 'shell': False}
[2.627897] (-) TimerEvent: {}
[2.728367] (-) TimerEvent: {}
[2.829912] (-) TimerEvent: {}
[2.931757] (-) TimerEvent: {}
[3.032112] (-) TimerEvent: {}
[3.132470] (-) TimerEvent: {}
[3.235517] (-) TimerEvent: {}
[3.239712] (central_swarm_control) StdoutLine: {'line': b'running egg_info\n'}
[3.242220] (central_swarm_control) StdoutLine: {'line': b'writing ../../build/central_swarm_control/central_swarm_control.egg-info/PKG-INFO\n'}
[3.243358] (central_swarm_control) StdoutLine: {'line': b'writing dependency_links to ../../build/central_swarm_control/central_swarm_control.egg-info/dependency_links.txt\n'}
[3.244078] (central_swarm_control) StdoutLine: {'line': b'writing entry points to ../../build/central_swarm_control/central_swarm_control.egg-info/entry_points.txt\n'}
[3.244725] (central_swarm_control) StdoutLine: {'line': b'writing requirements to ../../build/central_swarm_control/central_swarm_control.egg-info/requires.txt\n'}
[3.245549] (central_swarm_control) StdoutLine: {'line': b'writing top-level names to ../../build/central_swarm_control/central_swarm_control.egg-info/top_level.txt\n'}
[3.249670] (central_swarm_control) StdoutLine: {'line': b"reading manifest file '../../build/central_swarm_control/central_swarm_control.egg-info/SOURCES.txt'\n"}
[3.252047] (central_swarm_control) StdoutLine: {'line': b"writing manifest file '../../build/central_swarm_control/central_swarm_control.egg-info/SOURCES.txt'\n"}
[3.252754] (central_swarm_control) StdoutLine: {'line': b'running build\n'}
[3.252955] (central_swarm_control) StdoutLine: {'line': b'running build_py\n'}
[3.254241] (central_swarm_control) StdoutLine: {'line': b'copying central_swarm_control/control_node.py -> /home/gowtham/crazyflie_ws/build/central_swarm_control/build/lib/central_swarm_control\n'}
[3.254593] (central_swarm_control) StdoutLine: {'line': b'running install\n'}
[3.257813] (central_swarm_control) StdoutLine: {'line': b'running install_lib\n'}
[3.264651] (central_swarm_control) StdoutLine: {'line': b'copying /home/gowtham/crazyflie_ws/build/central_swarm_control/build/lib/central_swarm_control/control_node.py -> /home/gowtham/crazyflie_ws/install/central_swarm_control/lib/python3.10/site-packages/central_swarm_control\n'}
[3.267581] (central_swarm_control) StdoutLine: {'line': b'byte-compiling /home/gowtham/crazyflie_ws/install/central_swarm_control/lib/python3.10/site-packages/central_swarm_control/control_node.py to control_node.cpython-310.pyc\n'}
[3.269324] (central_swarm_control) StdoutLine: {'line': b'running install_data\n'}
[3.270347] (central_swarm_control) StdoutLine: {'line': b'copying config/crazyflies.yaml -> /home/gowtham/crazyflie_ws/install/central_swarm_control/share/central_swarm_control/config\n'}
[3.270670] (central_swarm_control) StdoutLine: {'line': b'running install_egg_info\n'}
[3.283043] (central_swarm_control) StdoutLine: {'line': b"removing '/home/gowtham/crazyflie_ws/install/central_swarm_control/lib/python3.10/site-packages/central_swarm_control-0.0.0-py3.10.egg-info' (and everything under it)\n"}
[3.283654] (central_swarm_control) StdoutLine: {'line': b'Copying ../../build/central_swarm_control/central_swarm_control.egg-info to /home/gowtham/crazyflie_ws/install/central_swarm_control/lib/python3.10/site-packages/central_swarm_control-0.0.0-py3.10.egg-info\n'}
[3.285542] (central_swarm_control) StdoutLine: {'line': b'running install_scripts\n'}
[3.298581] (swarm_navigation) StdoutLine: {'line': b'running egg_info\n'}
[3.298815] (swarm_navigation) StdoutLine: {'line': b'writing ../../build/swarm_navigation/swarm_navigation.egg-info/PKG-INFO\n'}
[3.298926] (swarm_navigation) StdoutLine: {'line': b'writing dependency_links to ../../build/swarm_navigation/swarm_navigation.egg-info/dependency_links.txt\n'}
[3.299945] (swarm_navigation) StdoutLine: {'line': b'writing entry points to ../../build/swarm_navigation/swarm_navigation.egg-info/entry_points.txt\n'}
[3.300146] (swarm_navigation) StdoutLine: {'line': b'writing requirements to ../../build/swarm_navigation/swarm_navigation.egg-info/requires.txt\n'}
[3.300259] (swarm_navigation) StdoutLine: {'line': b'writing top-level names to ../../build/swarm_navigation/swarm_navigation.egg-info/top_level.txt\n'}
[3.302667] (swarm_guidance) StdoutLine: {'line': b'running egg_info\n'}
[3.307566] (swarm_navigation) StdoutLine: {'line': b"reading manifest file '../../build/swarm_navigation/swarm_navigation.egg-info/SOURCES.txt'\n"}
[3.307888] (swarm_guidance) StdoutLine: {'line': b'writing ../../build/swarm_guidance/swarm_guidance.egg-info/PKG-INFO\n'}
[3.308023] (swarm_guidance) StdoutLine: {'line': b'writing dependency_links to ../../build/swarm_guidance/swarm_guidance.egg-info/dependency_links.txt\n'}
[3.308131] (swarm_guidance) StdoutLine: {'line': b'writing entry points to ../../build/swarm_guidance/swarm_guidance.egg-info/entry_points.txt\n'}
[3.308239] (swarm_guidance) StdoutLine: {'line': b'writing requirements to ../../build/swarm_guidance/swarm_guidance.egg-info/requires.txt\n'}
[3.308353] (swarm_guidance) StdoutLine: {'line': b'writing top-level names to ../../build/swarm_guidance/swarm_guidance.egg-info/top_level.txt\n'}
[3.309466] (swarm_navigation) StdoutLine: {'line': b"writing manifest file '../../build/swarm_navigation/swarm_navigation.egg-info/SOURCES.txt'\n"}
[3.310140] (swarm_navigation) StdoutLine: {'line': b'running build\n'}
[3.310281] (swarm_navigation) StdoutLine: {'line': b'running build_py\n'}
[3.310385] (swarm_navigation) StdoutLine: {'line': b'copying swarm_navigation/navigation_node.py -> /home/gowtham/crazyflie_ws/build/swarm_navigation/build/lib/swarm_navigation\n'}
[3.311902] (swarm_guidance) StdoutLine: {'line': b"reading manifest file '../../build/swarm_guidance/swarm_guidance.egg-info/SOURCES.txt'\n"}
[3.312111] (swarm_navigation) StdoutLine: {'line': b'running install\n'}
[3.312881] (swarm_navigation) StdoutLine: {'line': b'running install_lib\n'}
[3.313693] (swarm_guidance) StdoutLine: {'line': b"writing manifest file '../../build/swarm_guidance/swarm_guidance.egg-info/SOURCES.txt'\n"}
[3.313841] (swarm_guidance) StdoutLine: {'line': b'running build\n'}
[3.313950] (swarm_guidance) StdoutLine: {'line': b'running build_py\n'}
[3.316512] (swarm_guidance) StdoutLine: {'line': b'copying swarm_guidance/guidance_node.py -> /home/gowtham/crazyflie_ws/build/swarm_guidance/build/lib/swarm_guidance\n'}
[3.316799] (swarm_navigation) StdoutLine: {'line': b'copying /home/gowtham/crazyflie_ws/build/swarm_navigation/build/lib/swarm_navigation/navigation_node.py -> /home/gowtham/crazyflie_ws/install/swarm_navigation/lib/python3.10/site-packages/swarm_navigation\n'}
[3.316930] (swarm_guidance) StdoutLine: {'line': b'running install\n'}
[3.317043] (swarm_guidance) StdoutLine: {'line': b'running install_lib\n'}
[3.317149] (swarm_navigation) StdoutLine: {'line': b'byte-compiling /home/gowtham/crazyflie_ws/install/swarm_navigation/lib/python3.10/site-packages/swarm_navigation/navigation_node.py to navigation_node.cpython-310.pyc\n'}
[3.317415] (swarm_navigation) StdoutLine: {'line': b'running install_data\n'}
[3.318131] (swarm_navigation) StdoutLine: {'line': b'running install_egg_info\n'}
[3.318969] (swarm_guidance) StdoutLine: {'line': b'copying /home/gowtham/crazyflie_ws/build/swarm_guidance/build/lib/swarm_guidance/guidance_node.py -> /home/gowtham/crazyflie_ws/install/swarm_guidance/lib/python3.10/site-packages/swarm_guidance\n'}
[3.320669] (swarm_guidance) StdoutLine: {'line': b'byte-compiling /home/gowtham/crazyflie_ws/install/swarm_guidance/lib/python3.10/site-packages/swarm_guidance/guidance_node.py to guidance_node.cpython-310.pyc\n'}
[3.325854] (swarm_navigation) StdoutLine: {'line': b"removing '/home/gowtham/crazyflie_ws/install/swarm_navigation/lib/python3.10/site-packages/swarm_navigation-0.0.0-py3.10.egg-info' (and everything under it)\n"}
[3.326009] (swarm_navigation) StdoutLine: {'line': b'Copying ../../build/swarm_navigation/swarm_navigation.egg-info to /home/gowtham/crazyflie_ws/install/swarm_navigation/lib/python3.10/site-packages/swarm_navigation-0.0.0-py3.10.egg-info\n'}
[3.326125] (swarm_guidance) StdoutLine: {'line': b'running install_data\n'}
[3.326608] (swarm_navigation) StdoutLine: {'line': b'running install_scripts\n'}
[3.327074] (swarm_guidance) StdoutLine: {'line': b'running install_egg_info\n'}
[3.330686] (swarm_guidance) StdoutLine: {'line': b"removing '/home/gowtham/crazyflie_ws/install/swarm_guidance/lib/python3.10/site-packages/swarm_guidance-0.0.0-py3.10.egg-info' (and everything under it)\n"}
[3.331715] (swarm_guidance) StdoutLine: {'line': b'Copying ../../build/swarm_guidance/swarm_guidance.egg-info to /home/gowtham/crazyflie_ws/install/swarm_guidance/lib/python3.10/site-packages/swarm_guidance-0.0.0-py3.10.egg-info\n'}
[3.335525] (swarm_guidance) StdoutLine: {'line': b'running install_scripts\n'}
[3.335763] (-) TimerEvent: {}
[3.344600] (central_swarm_control) StdoutLine: {'line': b'Installing control_node script to /home/gowtham/crazyflie_ws/install/central_swarm_control/lib/central_swarm_control\n'}
[3.346292] (central_swarm_control) StdoutLine: {'line': b"writing list of installed files to '/home/gowtham/crazyflie_ws/build/central_swarm_control/install.log'\n"}
[3.378750] (swarm_guidance) StdoutLine: {'line': b'Installing guidance_node script to /home/gowtham/crazyflie_ws/install/swarm_guidance/lib/swarm_guidance\n'}
[3.381617] (swarm_guidance) StdoutLine: {'line': b"writing list of installed files to '/home/gowtham/crazyflie_ws/build/swarm_guidance/install.log'\n"}
[3.417385] (swarm_navigation) StdoutLine: {'line': b'Installing navigation_node script to /home/gowtham/crazyflie_ws/install/swarm_navigation/lib/swarm_navigation\n'}
[3.420646] (central_swarm_control) CommandEnded: {'returncode': 0}
[3.423681] (swarm_navigation) StdoutLine: {'line': b"writing list of installed files to '/home/gowtham/crazyflie_ws/build/swarm_navigation/install.log'\n"}
[3.436423] (-) TimerEvent: {}
[3.450725] (central_swarm_control) JobEnded: {'identifier': 'central_swarm_control', 'rc': 0}
[3.451591] (crazyflie) JobStarted: {'identifier': 'crazyflie'}
[3.476080] (swarm_guidance) CommandEnded: {'returncode': 0}
[3.489688] (swarm_guidance) JobEnded: {'identifier': 'swarm_guidance', 'rc': 0}
[3.491162] (crazyflie_sim) JobStarted: {'identifier': 'crazyflie_sim'}
[3.502078] (crazyflie) JobProgress: {'identifier': 'crazyflie', 'progress': 'cmake'}
[3.503177] (crazyflie) JobProgress: {'identifier': 'crazyflie', 'progress': 'build'}
[3.507557] (crazyflie) Command: {'cmd': ['/usr/bin/cmake', '--build', '/home/gowtham/crazyflie_ws/build/crazyflie', '--', '-j4', '-l4'], 'cwd': '/home/gowtham/crazyflie_ws/build/crazyflie', 'env': OrderedDict([('LESSOPEN', '| /usr/bin/lesspipe %s'), ('LANGUAGE', 'en_IN:en'), ('USER', 'gowtham'), ('XDG_SESSION_TYPE', 'wayland'), ('SHLVL', '1'), ('LD_LIBRARY_PATH', '/home/gowtham/crazyflie_ws/install/crazyflie_interfaces/lib:/home/gowtham/swarm_ws/install/crazyflie_interfaces/lib:/opt/ros/humble/opt/rviz_ogre_vendor/lib:/opt/ros/humble/lib/x86_64-linux-gnu:/opt/ros/humble/lib'), ('HOME', '/home/gowtham'), ('OLDPWD', '/home/gowtham'), ('DESKTOP_SESSION', 'ubuntu'), ('ROS_PYTHON_VERSION', '3'), ('GNOME_SHELL_SESSION_MODE', 'ubuntu'), ('GTK_MODULES', 'gail:atk-bridge'), ('SYSTEMD_EXEC_PID', '1194'), ('DBUS_SESSION_BUS_ADDRESS', 'unix:path=/run/user/1000/bus'), ('COLORTERM', 'truecolor'), ('IM_CONFIG_PHASE', '1'), ('WAYLAND_DISPLAY', 'wayland-0'), ('COLCON_PREFIX_PATH', '/home/gowtham/swarm_ws/install'), ('ROS_DISTRO', 'humble'), ('LOGNAME', 'gowtham'), ('_', '/usr/bin/colcon'), ('ROS_VERSION', '2'), ('XDG_SESSION_CLASS', 'user'), ('USERNAME', 'gowtham'), ('TERM', 'xterm-256color'), ('GNOME_DESKTOP_SESSION_ID', 'this-is-deprecated'), ('ROS_LOCALHOST_ONLY', '0'), ('PATH', '/opt/ros/humble/bin:/home/gowtham/.local/bin:/usr/local/sbin:/usr/local/bin:/usr/sbin:/usr/bin:/sbin:/bin:/usr/games:/usr/local/games:/snap/bin:/snap/bin:/home/gowtham/.local/bin'), ('SESSION_MANAGER', 'local/gowtham:@/tmp/.ICE-unix/886,unix/gowtham:/tmp/.ICE-unix/886'), ('XDG_MENU_PREFIX', 'gnome-'), ('GNOME_TERMINAL_SCREEN', '/org/gnome/Terminal/screen/6bd8070d_3214_421e_a9d9_4cc0ef401316'), ('GNOME_SETUP_DISPLAY', ':1'), ('XDG_RUNTIME_DIR', '/run/user/1000'), ('DISPLAY', ':0'), ('LANG', 'en_US.UTF-8'), ('XDG_CURRENT_DESKTOP', 'ubuntu:GNOME'), ('XMODIFIERS', '@im=ibus'), ('XDG_SESSION_DESKTOP', 'ubuntu'), ('XAUTHORITY', '/run/user/1000/.mutter-Xwaylandauth.C45TP3'), ('LS_COLORS', 'rs=0:di=01;34:ln=01;36:mh=00:pi=40;33:so=01;35:do=01;35:bd=40;33;01:cd=40;33;01:or=40;31;01:mi=00:su=37;41:sg=30;43:ca=30;41:tw=30;42:ow=34;42:st=37;44:ex=01;32:*.tar=01;31:*.tgz=01;31:*.arc=01;31:*.arj=01;31:*.taz=01;31:*.lha=01;31:*.lz4=01;31:*.lzh=01;31:*.lzma=01;31:*.tlz=01;31:*.txz=01;31:*.tzo=01;31:*.t7z=01;31:*.zip=01;31:*.z=01;31:*.dz=01;31:*.gz=01;31:*.lrz=01;31:*.lz=01;31:*.lzo=01;31:*.xz=01;31:*.zst=01;31:*.tzst=01;31:*.bz2=01;31:*.bz=01;31:*.tbz=01;31:*.tbz2=01;31:*.tz=01;31:*.deb=01;31:*.rpm=01;31:*.jar=01;31:*.war=01;31:*.ear=01;31:*.sar=01;31:*.rar=01;31:*.alz=01;31:*.ace=01;31:*.zoo=01;31:*.cpio=01;31:*.7z=01;31:*.rz=01;31:*.cab=01;31:*.wim=01;31:*.swm=01;31:*.dwm=01;31:*.esd=01;31:*.jpg=01;35:*.jpeg=01;35:*.mjpg=01;35:*.mjpeg=01;35:*.gif=01;35:*.bmp=01;35:*.pbm=01;35:*.pgm=01;35:*.ppm=01;35:*.tga=01;35:*.xbm=01;35:*.xpm=01;35:*.tif=01;35:*.tiff=01;35:*.png=01;35:*.svg=01;35:*.svgz=01;35:*.mng=01;35:*.pcx=01;35:*.mov=01;35:*.mpg=01;35:*.mpeg=01;35:*.m2v=01;35:*.mkv=01;35:*.webm=01;35:*.webp=01;35:*.ogm=01;35:*.mp4=01;35:*.m4v=01;35:*.mp4v=01;35:*.vob=01;35:*.qt=01;35:*.nuv=01;35:*.wmv=01;35:*.asf=01;35:*.rm=01;35:*.rmvb=01;35:*.flc=01;35:*.avi=01;35:*.fli=01;35:*.flv=01;35:*.gl=01;35:*.dl=01;35:*.xcf=01;35:*.xwd=01;35:*.yuv=01;35:*.cgm=01;35:*.emf=01;35:*.ogv=01;35:*.ogx=01;35:*.aac=00;36:*.au=00;36:*.flac=00;36:*.m4a=00;36:*.mid=00;36:*.midi=00;36:*.mka=00;36:*.mp3=00;36:*.mpc=00;36:*.ogg=00;36:*.ra=00;36:*.wav=00;36:*.oga=00;36:*.opus=00;36:*.spx=00;36:*.xspf=00;36:'), ('GNOME_TERMINAL_SERVICE', ':1.120'), ('SSH_AGENT_LAUNCHER', 'gnome-keyring'), ('SSH_AUTH_SOCK', '/run/user/1000/keyring/ssh'), ('AMENT_PREFIX_PATH', '/home/gowtham/crazyflie_ws/install/crazyflie_interfaces:/home/gowtham/swarm_ws/install/guidance_layer:/home/gowtham/swarm_ws/install/crazyflie_sim:/home/gowtham/swarm_ws/install/crazyflie_examples:/home/gowtham/swarm_ws/install/crazyflie_py:/home/gowtham/swarm_ws/install/crazyflie:/home/gowtham/swarm_ws/install/crazyflie_interfaces:/home/gowtham/swarm_ws/install/control_layer:/home/gowtham/swarm_ws/install/consensus_controller:/opt/ros/humble'), ('SHELL', '/bin/bash'), ('QT_ACCESSIBILITY', '1'), ('GDMSESSION', 'ubuntu'), ('LESSCLOSE', '/usr/bin/lesspipe %s %s'), ('QT_IM_MODULE', 'ibus'), ('PWD', '/home/gowtham/crazyflie_ws/build/crazyflie'), ('LC_ALL', 'en_US.UTF-8'), ('XDG_CONFIG_DIRS', '/etc/xdg/xdg-ubuntu:/etc/xdg'), ('XDG_DATA_DIRS', '/usr/share/ubuntu:/usr/local/share/:/usr/share/:/var/lib/snapd/desktop'), ('PYTHONPATH', '/home/gowtham/crazyflie_ws/install/crazyflie_interfaces/local/lib/python3.10/dist-packages:/home/gowtham/crazyflie-firmware/build:/home/gowtham/crazyflie-firmware/build:/home/gowtham/swarm_ws/install/guidance_layer/lib/python3.10/site-packages:/home/gowtham/swarm_ws/install/crazyflie_sim/local/lib/python3.10/dist-packages:/home/gowtham/swarm_ws/install/crazyflie_examples/local/lib/python3.10/dist-packages:/home/gowtham/swarm_ws/install/crazyflie_py/lib/python3.10/site-packages:/home/gowtham/swarm_ws/install/crazyflie_interfaces/local/lib/python3.10/dist-packages:/home/gowtham/swarm_ws/install/control_layer/lib/python3.10/site-packages:/home/gowtham/swarm_ws/install/consensus_controller/lib/python3.10/site-packages:/opt/ros/humble/lib/python3.10/site-packages:/opt/ros/humble/local/lib/python3.10/dist-packages'), ('COLCON', '1'), ('VTE_VERSION', '6800'), ('CMAKE_PREFIX_PATH', '/home/gowtham/crazyflie_ws/install/crazyflie_interfaces:/home/gowtham/swarm_ws/install/crazyflie_sim:/home/gowtham/swarm_ws/install/crazyflie_examples:/home/gowtham/swarm_ws/install/crazyflie:/home/gowtham/swarm_ws/install/crazyflie_interfaces:/home/gowtham/swarm_ws/install/guidance_layer:/home/gowtham/swarm_ws/install/crazyflie_py:/home/gowtham/swarm_ws/install/control_layer:/home/gowtham/swarm_ws/install/consensus_controller:/opt/ros/humble')]), 'shell': False}
[3.517258] (swarm_navigation) CommandEnded: {'returncode': 0}
[3.535881] (swarm_navigation) JobEnded: {'identifier': 'swarm_navigation', 'rc': 0}
[3.537423] (-) TimerEvent: {}
[3.537923] (crazyflie_sim) JobProgress: {'identifier': 'crazyflie_sim', 'progress': 'cmake'}
[3.542913] (crazyflie_sim) JobProgress: {'identifier': 'crazyflie_sim', 'progress': 'build'}
[3.543098] (crazyflie_sim) Command: {'cmd': ['/usr/bin/cmake', '--build', '/home/gowtham/crazyflie_ws/build/crazyflie_sim', '--', '-j4', '-l4'], 'cwd': '/home/gowtham/crazyflie_ws/build/crazyflie_sim', 'env': OrderedDict([('LESSOPEN', '| /usr/bin/lesspipe %s'), ('LANGUAGE', 'en_IN:en'), ('USER', 'gowtham'), ('XDG_SESSION_TYPE', 'wayland'), ('SHLVL', '1'), ('LD_LIBRARY_PATH', '/home/gowtham/crazyflie_ws/install/crazyflie_interfaces/lib:/home/gowtham/swarm_ws/install/crazyflie_interfaces/lib:/opt/ros/humble/opt/rviz_ogre_vendor/lib:/opt/ros/humble/lib/x86_64-linux-gnu:/opt/ros/humble/lib'), ('HOME', '/home/gowtham'), ('OLDPWD', '/home/gowtham'), ('DESKTOP_SESSION', 'ubuntu'), ('ROS_PYTHON_VERSION', '3'), ('GNOME_SHELL_SESSION_MODE', 'ubuntu'), ('GTK_MODULES', 'gail:atk-bridge'), ('SYSTEMD_EXEC_PID', '1194'), ('DBUS_SESSION_BUS_ADDRESS', 'unix:path=/run/user/1000/bus'), ('COLORTERM', 'truecolor'), ('IM_CONFIG_PHASE', '1'), ('WAYLAND_DISPLAY', 'wayland-0'), ('COLCON_PREFIX_PATH', '/home/gowtham/swarm_ws/install'), ('ROS_DISTRO', 'humble'), ('LOGNAME', 'gowtham'), ('_', '/usr/bin/colcon'), ('ROS_VERSION', '2'), ('XDG_SESSION_CLASS', 'user'), ('USERNAME', 'gowtham'), ('TERM', 'xterm-256color'), ('GNOME_DESKTOP_SESSION_ID', 'this-is-deprecated'), ('ROS_LOCALHOST_ONLY', '0'), ('PATH', '/opt/ros/humble/bin:/home/gowtham/.local/bin:/usr/local/sbin:/usr/local/bin:/usr/sbin:/usr/bin:/sbin:/bin:/usr/games:/usr/local/games:/snap/bin:/snap/bin:/home/gowtham/.local/bin'), ('SESSION_MANAGER', 'local/gowtham:@/tmp/.ICE-unix/886,unix/gowtham:/tmp/.ICE-unix/886'), ('XDG_MENU_PREFIX', 'gnome-'), ('GNOME_TERMINAL_SCREEN', '/org/gnome/Terminal/screen/6bd8070d_3214_421e_a9d9_4cc0ef401316'), ('GNOME_SETUP_DISPLAY', ':1'), ('XDG_RUNTIME_DIR', '/run/user/1000'), ('DISPLAY', ':0'), ('LANG', 'en_US.UTF-8'), ('XDG_CURRENT_DESKTOP', 'ubuntu:GNOME'), ('XMODIFIERS', '@im=ibus'), ('XDG_SESSION_DESKTOP', 'ubuntu'), ('XAUTHORITY', '/run/user/1000/.mutter-Xwaylandauth.C45TP3'), ('LS_COLORS', 'rs=0:di=01;34:ln=01;36:mh=00:pi=40;33:so=01;35:do=01;35:bd=40;33;01:cd=40;33;01:or=40;31;01:mi=00:su=37;41:sg=30;43:ca=30;41:tw=30;42:ow=34;42:st=37;44:ex=01;32:*.tar=01;31:*.tgz=01;31:*.arc=01;31:*.arj=01;31:*.taz=01;31:*.lha=01;31:*.lz4=01;31:*.lzh=01;31:*.lzma=01;31:*.tlz=01;31:*.txz=01;31:*.tzo=01;31:*.t7z=01;31:*.zip=01;31:*.z=01;31:*.dz=01;31:*.gz=01;31:*.lrz=01;31:*.lz=01;31:*.lzo=01;31:*.xz=01;31:*.zst=01;31:*.tzst=01;31:*.bz2=01;31:*.bz=01;31:*.tbz=01;31:*.tbz2=01;31:*.tz=01;31:*.deb=01;31:*.rpm=01;31:*.jar=01;31:*.war=01;31:*.ear=01;31:*.sar=01;31:*.rar=01;31:*.alz=01;31:*.ace=01;31:*.zoo=01;31:*.cpio=01;31:*.7z=01;31:*.rz=01;31:*.cab=01;31:*.wim=01;31:*.swm=01;31:*.dwm=01;31:*.esd=01;31:*.jpg=01;35:*.jpeg=01;35:*.mjpg=01;35:*.mjpeg=01;35:*.gif=01;35:*.bmp=01;35:*.pbm=01;35:*.pgm=01;35:*.ppm=01;35:*.tga=01;35:*.xbm=01;35:*.xpm=01;35:*.tif=01;35:*.tiff=01;35:*.png=01;35:*.svg=01;35:*.svgz=01;35:*.mng=01;35:*.pcx=01;35:*.mov=01;35:*.mpg=01;35:*.mpeg=01;35:*.m2v=01;35:*.mkv=01;35:*.webm=01;35:*.webp=01;35:*.ogm=01;35:*.mp4=01;35:*.m4v=01;35:*.mp4v=01;35:*.vob=01;35:*.qt=01;35:*.nuv=01;35:*.wmv=01;35:*.asf=01;35:*.rm=01;35:*.rmvb=01;35:*.flc=01;35:*.avi=01;35:*.fli=01;35:*.flv=01;35:*.gl=01;35:*.dl=01;35:*.xcf=01;35:*.xwd=01;35:*.yuv=01;35:*.cgm=01;35:*.emf=01;35:*.ogv=01;35:*.ogx=01;35:*.aac=00;36:*.au=00;36:*.flac=00;36:*.m4a=00;36:*.mid=00;36:*.midi=00;36:*.mka=00;36:*.mp3=00;36:*.mpc=00;36:*.ogg=00;36:*.ra=00;36:*.wav=00;36:*.oga=00;36:*.opus=00;36:*.spx=00;36:*.xspf=00;36:'), ('GNOME_TERMINAL_SERVICE', ':1.120'), ('SSH_AGENT_LAUNCHER', 'gnome-keyring'), ('SSH_AUTH_SOCK', '/run/user/1000/keyring/ssh'), ('AMENT_PREFIX_PATH', '/home/gowtham/crazyflie_ws/install/crazyflie_interfaces:/home/gowtham/swarm_ws/install/guidance_layer:/home/gowtham/swarm_ws/install/crazyflie_sim:/home/gowtham/swarm_ws/install/crazyflie_examples:/home/gowtham/swarm_ws/install/crazyflie_py:/home/gowtham/swarm_ws/install/crazyflie:/home/gowtham/swarm_ws/install/crazyflie_interfaces:/home/gowtham/swarm_ws/install/control_layer:/home/gowtham/swarm_ws/install/consensus_controller:/opt/ros/humble'), ('SHELL', '/bin/bash'), ('QT_ACCESSIBILITY', '1'), ('GDMSESSION', 'ubuntu'), ('LESSCLOSE', '/usr/bin/lesspipe %s %s'), ('QT_IM_MODULE', 'ibus'), ('PWD', '/home/gowtham/crazyflie_ws/build/crazyflie_sim'), ('LC_ALL', 'en_US.UTF-8'), ('XDG_CONFIG_DIRS', '/etc/xdg/xdg-ubuntu:/etc/xdg'), ('XDG_DATA_DIRS', '/usr/share/ubuntu:/usr/local/share/:/usr/share/:/var/lib/snapd/desktop'), ('PYTHONPATH', '/home/gowtham/crazyflie_ws/install/crazyflie_interfaces/local/lib/python3.10/dist-packages:/home/gowtham/crazyflie-firmware/build:/home/gowtham/crazyflie-firmware/build:/home/gowtham/swarm_ws/install/guidance_layer/lib/python3.10/site-packages:/home/gowtham/swarm_ws/install/crazyflie_sim/local/lib/python3.10/dist-packages:/home/gowtham/swarm_ws/install/crazyflie_examples/local/lib/python3.10/dist-packages:/home/gowtham/swarm_ws/install/crazyflie_py/lib/python3.10/site-packages:/home/gowtham/swarm_ws/install/crazyflie_interfaces/local/lib/python3.10/dist-packages:/home/gowtham/swarm_ws/install/control_layer/lib/python3.10/site-packages:/home/gowtham/swarm_ws/install/consensus_controller/lib/python3.10/site-packages:/opt/ros/humble/lib/python3.10/site-packages:/opt/ros/humble/local/lib/python3.10/dist-packages'), ('COLCON', '1'), ('VTE_VERSION', '6800'), ('CMAKE_PREFIX_PATH', '/home/gowtham/crazyflie_ws/install/crazyflie_interfaces:/home/gowtham/swarm_ws/install/crazyflie_sim:/home/gowtham/swarm_ws/install/crazyflie_examples:/home/gowtham/swarm_ws/install/crazyflie:/home/gowtham/swarm_ws/install/crazyflie_interfaces:/home/gowtham/swarm_ws/install/guidance_layer:/home/gowtham/swarm_ws/install/crazyflie_py:/home/gowtham/swarm_ws/install/control_layer:/home/gowtham/swarm_ws/install/consensus_controller:/opt/ros/humble')]), 'shell': False}
[3.569109] (crazyflie_py) Command: {'cmd': ['/usr/bin/python3', '-W', 'ignore:setup.py install is deprecated', '-W', 'ignore:easy_install command is deprecated', 'setup.py', 'egg_info', '--egg-base', '../../../build/crazyflie_py', 'build', '--build-base', '/home/gowtham/crazyflie_ws/build/crazyflie_py/build', 'install', '--record', '/home/gowtham/crazyflie_ws/build/crazyflie_py/install.log', '--single-version-externally-managed', 'install_data'], 'cwd': '/home/gowtham/crazyflie_ws/src/crazyswarm2/crazyflie_py', 'env': {'LESSOPEN': '| /usr/bin/lesspipe %s', 'LANGUAGE': 'en_IN:en', 'USER': 'gowtham', 'XDG_SESSION_TYPE': 'wayland', 'SHLVL': '1', 'LD_LIBRARY_PATH': '/home/gowtham/crazyflie_ws/install/crazyflie_interfaces/lib:/home/gowtham/swarm_ws/install/crazyflie_interfaces/lib:/opt/ros/humble/opt/rviz_ogre_vendor/lib:/opt/ros/humble/lib/x86_64-linux-gnu:/opt/ros/humble/lib', 'HOME': '/home/gowtham', 'OLDPWD': '/home/gowtham', 'DESKTOP_SESSION': 'ubuntu', 'ROS_PYTHON_VERSION': '3', 'GNOME_SHELL_SESSION_MODE': 'ubuntu', 'GTK_MODULES': 'gail:atk-bridge', 'SYSTEMD_EXEC_PID': '1194', 'DBUS_SESSION_BUS_ADDRESS': 'unix:path=/run/user/1000/bus', 'COLORTERM': 'truecolor', 'IM_CONFIG_PHASE': '1', 'WAYLAND_DISPLAY': 'wayland-0', 'COLCON_PREFIX_PATH': '/home/gowtham/swarm_ws/install', 'ROS_DISTRO': 'humble', 'LOGNAME': 'gowtham', '_': '/usr/bin/colcon', 'ROS_VERSION': '2', 'XDG_SESSION_CLASS': 'user', 'USERNAME': 'gowtham', 'TERM': 'xterm-256color', 'GNOME_DESKTOP_SESSION_ID': 'this-is-deprecated', 'ROS_LOCALHOST_ONLY': '0', 'PATH': '/opt/ros/humble/bin:/home/gowtham/.local/bin:/usr/local/sbin:/usr/local/bin:/usr/sbin:/usr/bin:/sbin:/bin:/usr/games:/usr/local/games:/snap/bin:/snap/bin:/home/gowtham/.local/bin', 'SESSION_MANAGER': 'local/gowtham:@/tmp/.ICE-unix/886,unix/gowtham:/tmp/.ICE-unix/886', 'XDG_MENU_PREFIX': 'gnome-', 'GNOME_TERMINAL_SCREEN': '/org/gnome/Terminal/screen/6bd8070d_3214_421e_a9d9_4cc0ef401316', 'GNOME_SETUP_DISPLAY': ':1', 'XDG_RUNTIME_DIR': '/run/user/1000', 'DISPLAY': ':0', 'LANG': 'en_US.UTF-8', 'XDG_CURRENT_DESKTOP': 'ubuntu:GNOME', 'XMODIFIERS': '@im=ibus', 'XDG_SESSION_DESKTOP': 'ubuntu', 'XAUTHORITY': '/run/user/1000/.mutter-Xwaylandauth.C45TP3', 'LS_COLORS': 'rs=0:di=01;34:ln=01;36:mh=00:pi=40;33:so=01;35:do=01;35:bd=40;33;01:cd=40;33;01:or=40;31;01:mi=00:su=37;41:sg=30;43:ca=30;41:tw=30;42:ow=34;42:st=37;44:ex=01;32:*.tar=01;31:*.tgz=01;31:*.arc=01;31:*.arj=01;31:*.taz=01;31:*.lha=01;31:*.lz4=01;31:*.lzh=01;31:*.lzma=01;31:*.tlz=01;31:*.txz=01;31:*.tzo=01;31:*.t7z=01;31:*.zip=01;31:*.z=01;31:*.dz=01;31:*.gz=01;31:*.lrz=01;31:*.lz=01;31:*.lzo=01;31:*.xz=01;31:*.zst=01;31:*.tzst=01;31:*.bz2=01;31:*.bz=01;31:*.tbz=01;31:*.tbz2=01;31:*.tz=01;31:*.deb=01;31:*.rpm=01;31:*.jar=01;31:*.war=01;31:*.ear=01;31:*.sar=01;31:*.rar=01;31:*.alz=01;31:*.ace=01;31:*.zoo=01;31:*.cpio=01;31:*.7z=01;31:*.rz=01;31:*.cab=01;31:*.wim=01;31:*.swm=01;31:*.dwm=01;31:*.esd=01;31:*.jpg=01;35:*.jpeg=01;35:*.mjpg=01;35:*.mjpeg=01;35:*.gif=01;35:*.bmp=01;35:*.pbm=01;35:*.pgm=01;35:*.ppm=01;35:*.tga=01;35:*.xbm=01;35:*.xpm=01;35:*.tif=01;35:*.tiff=01;35:*.png=01;35:*.svg=01;35:*.svgz=01;35:*.mng=01;35:*.pcx=01;35:*.mov=01;35:*.mpg=01;35:*.mpeg=01;35:*.m2v=01;35:*.mkv=01;35:*.webm=01;35:*.webp=01;35:*.ogm=01;35:*.mp4=01;35:*.m4v=01;35:*.mp4v=01;35:*.vob=01;35:*.qt=01;35:*.nuv=01;35:*.wmv=01;35:*.asf=01;35:*.rm=01;35:*.rmvb=01;35:*.flc=01;35:*.avi=01;35:*.fli=01;35:*.flv=01;35:*.gl=01;35:*.dl=01;35:*.xcf=01;35:*.xwd=01;35:*.yuv=01;35:*.cgm=01;35:*.emf=01;35:*.ogv=01;35:*.ogx=01;35:*.aac=00;36:*.au=00;36:*.flac=00;36:*.m4a=00;36:*.mid=00;36:*.midi=00;36:*.mka=00;36:*.mp3=00;36:*.mpc=00;36:*.ogg=00;36:*.ra=00;36:*.wav=00;36:*.oga=00;36:*.opus=00;36:*.spx=00;36:*.xspf=00;36:', 'GNOME_TERMINAL_SERVICE': ':1.120', 'SSH_AGENT_LAUNCHER': 'gnome-keyring', 'SSH_AUTH_SOCK': '/run/user/1000/keyring/ssh', 'AMENT_PREFIX_PATH': '/home/gowtham/crazyflie_ws/install/crazyflie_interfaces:/home/gowtham/swarm_ws/install/guidance_layer:/home/gowtham/swarm_ws/install/crazyflie_sim:/home/gowtham/swarm_ws/install/crazyflie_examples:/home/gowtham/swarm_ws/install/crazyflie_py:/home/gowtham/swarm_ws/install/crazyflie:/home/gowtham/swarm_ws/install/crazyflie_interfaces:/home/gowtham/swarm_ws/install/control_layer:/home/gowtham/swarm_ws/install/consensus_controller:/opt/ros/humble', 'SHELL': '/bin/bash', 'QT_ACCESSIBILITY': '1', 'GDMSESSION': 'ubuntu', 'LESSCLOSE': '/usr/bin/lesspipe %s %s', 'QT_IM_MODULE': 'ibus', 'PWD': '/home/gowtham/crazyflie_ws/build/crazyflie_py', 'LC_ALL': 'en_US.UTF-8', 'XDG_CONFIG_DIRS': '/etc/xdg/xdg-ubuntu:/etc/xdg', 'XDG_DATA_DIRS': '/usr/share/ubuntu:/usr/local/share/:/usr/share/:/var/lib/snapd/desktop', 'PYTHONPATH': '/home/gowtham/crazyflie_ws/build/crazyflie_py/prefix_override:/usr/lib/python3/dist-packages/colcon_core/task/python/colcon_distutils_commands:/home/gowtham/crazyflie_ws/install/crazyflie_py/lib/python3.10/site-packages:/home/gowtham/crazyflie_ws/install/crazyflie_interfaces/local/lib/python3.10/dist-packages:/home/gowtham/crazyflie-firmware/build:/home/gowtham/crazyflie-firmware/build:/home/gowtham/swarm_ws/install/guidance_layer/lib/python3.10/site-packages:/home/gowtham/swarm_ws/install/crazyflie_sim/local/lib/python3.10/dist-packages:/home/gowtham/swarm_ws/install/crazyflie_examples/local/lib/python3.10/dist-packages:/home/gowtham/swarm_ws/install/crazyflie_py/lib/python3.10/site-packages:/home/gowtham/swarm_ws/install/crazyflie_interfaces/local/lib/python3.10/dist-packages:/home/gowtham/swarm_ws/install/control_layer/lib/python3.10/site-packages:/home/gowtham/swarm_ws/install/consensus_controller/lib/python3.10/site-packages:/opt/ros/humble/lib/python3.10/site-packages:/opt/ros/humble/local/lib/python3.10/dist-packages', 'COLCON': '1', 'VTE_VERSION': '6800', 'CMAKE_PREFIX_PATH': '/home/gowtham/crazyflie_ws/install/crazyflie_interfaces:/home/gowtham/swarm_ws/install/crazyflie_sim:/home/gowtham/swarm_ws/install/crazyflie_examples:/home/gowtham/swarm_ws/install/crazyflie:/home/gowtham/swarm_ws/install/crazyflie_interfaces'}, 'shell': False}
[3.637649] (-) TimerEvent: {}
[3.680591] (crazyflie_sim) StdoutLine: {'line': b'Built target ament_cmake_python_copy_crazyflie_sim_setup\n'}
[3.683509] (crazyflie) StdoutLine: {'line': b'[ 22%] Built target crazyflieLinkCpp\n'}
[3.692551] (crazyflie) StdoutLine: {'line': b'[ 27%] Built target teleop\n'}
[3.736523] (crazyflie_sim) StdoutLine: {'line': b'Built target ament_cmake_python_copy_crazyflie_sim\n'}
[3.737754] (-) TimerEvent: {}
[3.742212] (crazyflie) StdoutLine: {'line': b'[ 35%] Built target crazyflie_cpp\n'}
[3.837860] (-) TimerEvent: {}
[3.845371] (crazyflie) StdoutLine: {'line': b'[ 40%] Built target crazyflie_server\n'}
[3.898568] (crazyflie) StdoutLine: {'line': b'[ 45%] Built target scan\n'}
[3.900054] (crazyflie) StdoutLine: {'line': b'[ 50%] Built target listLogVariables\n'}
[3.914768] (crazyflie) StdoutLine: {'line': b'[ 55%] Built target listParams\n'}
[3.937964] (-) TimerEvent: {}
[3.962884] (crazyflie) StdoutLine: {'line': b'[ 60%] Built target listMemories\n'}
[4.009154] (crazyflie) StdoutLine: {'line': b'[ 65%] Built target battery\n'}
[4.019348] (crazyflie) StdoutLine: {'line': b'[ 70%] Built target reboot\n'}
[4.040509] (-) TimerEvent: {}
[4.045582] (crazyflie) StdoutLine: {'line': b'[ 75%] Built target version\n'}
[4.063488] (crazyflie) StdoutLine: {'line': b'[ 80%] Built target console\n'}
[4.137536] (crazyflie) StdoutLine: {'line': b'[ 85%] Built target comCheck\n'}
[4.140611] (-) TimerEvent: {}
[4.187380] (crazyflie) StdoutLine: {'line': b'[ 90%] Built target log\n'}
[4.199571] (crazyflie) StdoutLine: {'line': b'[ 97%] Built target setParam\n'}
[4.203470] (crazyflie) StdoutLine: {'line': b'[100%] Built target downloadUSDLogfile\n'}
[4.244514] (-) TimerEvent: {}
[4.254494] (crazyflie) CommandEnded: {'returncode': 0}
[4.271545] (crazyflie) JobProgress: {'identifier': 'crazyflie', 'progress': 'install'}
[4.271665] (crazyflie) Command: {'cmd': ['/usr/bin/cmake', '--install', '/home/gowtham/crazyflie_ws/build/crazyflie'], 'cwd': '/home/gowtham/crazyflie_ws/build/crazyflie', 'env': OrderedDict([('LESSOPEN', '| /usr/bin/lesspipe %s'), ('LANGUAGE', 'en_IN:en'), ('USER', 'gowtham'), ('XDG_SESSION_TYPE', 'wayland'), ('SHLVL', '1'), ('LD_LIBRARY_PATH', '/home/gowtham/crazyflie_ws/install/crazyflie_interfaces/lib:/home/gowtham/swarm_ws/install/crazyflie_interfaces/lib:/opt/ros/humble/opt/rviz_ogre_vendor/lib:/opt/ros/humble/lib/x86_64-linux-gnu:/opt/ros/humble/lib'), ('HOME', '/home/gowtham'), ('OLDPWD', '/home/gowtham'), ('DESKTOP_SESSION', 'ubuntu'), ('ROS_PYTHON_VERSION', '3'), ('GNOME_SHELL_SESSION_MODE', 'ubuntu'), ('GTK_MODULES', 'gail:atk-bridge'), ('SYSTEMD_EXEC_PID', '1194'), ('DBUS_SESSION_BUS_ADDRESS', 'unix:path=/run/user/1000/bus'), ('COLORTERM', 'truecolor'), ('IM_CONFIG_PHASE', '1'), ('WAYLAND_DISPLAY', 'wayland-0'), ('COLCON_PREFIX_PATH', '/home/gowtham/swarm_ws/install'), ('ROS_DISTRO', 'humble'), ('LOGNAME', 'gowtham'), ('_', '/usr/bin/colcon'), ('ROS_VERSION', '2'), ('XDG_SESSION_CLASS', 'user'), ('USERNAME', 'gowtham'), ('TERM', 'xterm-256color'), ('GNOME_DESKTOP_SESSION_ID', 'this-is-deprecated'), ('ROS_LOCALHOST_ONLY', '0'), ('PATH', '/opt/ros/humble/bin:/home/gowtham/.local/bin:/usr/local/sbin:/usr/local/bin:/usr/sbin:/usr/bin:/sbin:/bin:/usr/games:/usr/local/games:/snap/bin:/snap/bin:/home/gowtham/.local/bin'), ('SESSION_MANAGER', 'local/gowtham:@/tmp/.ICE-unix/886,unix/gowtham:/tmp/.ICE-unix/886'), ('XDG_MENU_PREFIX', 'gnome-'), ('GNOME_TERMINAL_SCREEN', '/org/gnome/Terminal/screen/6bd8070d_3214_421e_a9d9_4cc0ef401316'), ('GNOME_SETUP_DISPLAY', ':1'), ('XDG_RUNTIME_DIR', '/run/user/1000'), ('DISPLAY', ':0'), ('LANG', 'en_US.UTF-8'), ('XDG_CURRENT_DESKTOP', 'ubuntu:GNOME'), ('XMODIFIERS', '@im=ibus'), ('XDG_SESSION_DESKTOP', 'ubuntu'), ('XAUTHORITY', '/run/user/1000/.mutter-Xwaylandauth.C45TP3'), ('LS_COLORS', 'rs=0:di=01;34:ln=01;36:mh=00:pi=40;33:so=01;35:do=01;35:bd=40;33;01:cd=40;33;01:or=40;31;01:mi=00:su=37;41:sg=30;43:ca=30;41:tw=30;42:ow=34;42:st=37;44:ex=01;32:*.tar=01;31:*.tgz=01;31:*.arc=01;31:*.arj=01;31:*.taz=01;31:*.lha=01;31:*.lz4=01;31:*.lzh=01;31:*.lzma=01;31:*.tlz=01;31:*.txz=01;31:*.tzo=01;31:*.t7z=01;31:*.zip=01;31:*.z=01;31:*.dz=01;31:*.gz=01;31:*.lrz=01;31:*.lz=01;31:*.lzo=01;31:*.xz=01;31:*.zst=01;31:*.tzst=01;31:*.bz2=01;31:*.bz=01;31:*.tbz=01;31:*.tbz2=01;31:*.tz=01;31:*.deb=01;31:*.rpm=01;31:*.jar=01;31:*.war=01;31:*.ear=01;31:*.sar=01;31:*.rar=01;31:*.alz=01;31:*.ace=01;31:*.zoo=01;31:*.cpio=01;31:*.7z=01;31:*.rz=01;31:*.cab=01;31:*.wim=01;31:*.swm=01;31:*.dwm=01;31:*.esd=01;31:*.jpg=01;35:*.jpeg=01;35:*.mjpg=01;35:*.mjpeg=01;35:*.gif=01;35:*.bmp=01;35:*.pbm=01;35:*.pgm=01;35:*.ppm=01;35:*.tga=01;35:*.xbm=01;35:*.xpm=01;35:*.tif=01;35:*.tiff=01;35:*.png=01;35:*.svg=01;35:*.svgz=01;35:*.mng=01;35:*.pcx=01;35:*.mov=01;35:*.mpg=01;35:*.mpeg=01;35:*.m2v=01;35:*.mkv=01;35:*.webm=01;35:*.webp=01;35:*.ogm=01;35:*.mp4=01;35:*.m4v=01;35:*.mp4v=01;35:*.vob=01;35:*.qt=01;35:*.nuv=01;35:*.wmv=01;35:*.asf=01;35:*.rm=01;35:*.rmvb=01;35:*.flc=01;35:*.avi=01;35:*.fli=01;35:*.flv=01;35:*.gl=01;35:*.dl=01;35:*.xcf=01;35:*.xwd=01;35:*.yuv=01;35:*.cgm=01;35:*.emf=01;35:*.ogv=01;35:*.ogx=01;35:*.aac=00;36:*.au=00;36:*.flac=00;36:*.m4a=00;36:*.mid=00;36:*.midi=00;36:*.mka=00;36:*.mp3=00;36:*.mpc=00;36:*.ogg=00;36:*.ra=00;36:*.wav=00;36:*.oga=00;36:*.opus=00;36:*.spx=00;36:*.xspf=00;36:'), ('GNOME_TERMINAL_SERVICE', ':1.120'), ('SSH_AGENT_LAUNCHER', 'gnome-keyring'), ('SSH_AUTH_SOCK', '/run/user/1000/keyring/ssh'), ('AMENT_PREFIX_PATH', '/home/gowtham/crazyflie_ws/install/crazyflie_interfaces:/home/gowtham/swarm_ws/install/guidance_layer:/home/gowtham/swarm_ws/install/crazyflie_sim:/home/gowtham/swarm_ws/install/crazyflie_examples:/home/gowtham/swarm_ws/install/crazyflie_py:/home/gowtham/swarm_ws/install/crazyflie:/home/gowtham/swarm_ws/install/crazyflie_interfaces:/home/gowtham/swarm_ws/install/control_layer:/home/gowtham/swarm_ws/install/consensus_controller:/opt/ros/humble'), ('SHELL', '/bin/bash'), ('QT_ACCESSIBILITY', '1'), ('GDMSESSION', 'ubuntu'), ('LESSCLOSE', '/usr/bin/lesspipe %s %s'), ('QT_IM_MODULE', 'ibus'), ('PWD', '/home/gowtham/crazyflie_ws/build/crazyflie'), ('LC_ALL', 'en_US.UTF-8'), ('XDG_CONFIG_DIRS', '/etc/xdg/xdg-ubuntu:/etc/xdg'), ('XDG_DATA_DIRS', '/usr/share/ubuntu:/usr/local/share/:/usr/share/:/var/lib/snapd/desktop'), ('PYTHONPATH', '/home/gowtham/crazyflie_ws/install/crazyflie_interfaces/local/lib/python3.10/dist-packages:/home/gowtham/crazyflie-firmware/build:/home/gowtham/crazyflie-firmware/build:/home/gowtham/swarm_ws/install/guidance_layer/lib/python3.10/site-packages:/home/gowtham/swarm_ws/install/crazyflie_sim/local/lib/python3.10/dist-packages:/home/gowtham/swarm_ws/install/crazyflie_examples/local/lib/python3.10/dist-packages:/home/gowtham/swarm_ws/install/crazyflie_py/lib/python3.10/site-packages:/home/gowtham/swarm_ws/install/crazyflie_interfaces/local/lib/python3.10/dist-packages:/home/gowtham/swarm_ws/install/control_layer/lib/python3.10/site-packages:/home/gowtham/swarm_ws/install/consensus_controller/lib/python3.10/site-packages:/opt/ros/humble/lib/python3.10/site-packages:/opt/ros/humble/local/lib/python3.10/dist-packages'), ('COLCON', '1'), ('VTE_VERSION', '6800'), ('CMAKE_PREFIX_PATH', '/home/gowtham/crazyflie_ws/install/crazyflie_interfaces:/home/gowtham/swarm_ws/install/crazyflie_sim:/home/gowtham/swarm_ws/install/crazyflie_examples:/home/gowtham/swarm_ws/install/crazyflie:/home/gowtham/swarm_ws/install/crazyflie_interfaces:/home/gowtham/swarm_ws/install/guidance_layer:/home/gowtham/swarm_ws/install/crazyflie_py:/home/gowtham/swarm_ws/install/control_layer:/home/gowtham/swarm_ws/install/consensus_controller:/opt/ros/humble')]), 'shell': False}
[4.277062] (crazyflie_py) StdoutLine: {'line': b'running egg_info\n'}
[4.277353] (crazyflie_py) StdoutLine: {'line': b'writing ../../../build/crazyflie_py/crazyflie_py.egg-info/PKG-INFO\n'}
[4.277542] (crazyflie_py) StdoutLine: {'line': b'writing dependency_links to ../../../build/crazyflie_py/crazyflie_py.egg-info/dependency_links.txt\n'}
[4.277958] (crazyflie_py) StdoutLine: {'line': b'writing entry points to ../../../build/crazyflie_py/crazyflie_py.egg-info/entry_points.txt\n'}
[4.278074] (crazyflie_py) StdoutLine: {'line': b'writing requirements to ../../../build/crazyflie_py/crazyflie_py.egg-info/requires.txt\n'}
[4.278176] (crazyflie_py) StdoutLine: {'line': b'writing top-level names to ../../../build/crazyflie_py/crazyflie_py.egg-info/top_level.txt\n'}
[4.278274] (crazyflie_py) StdoutLine: {'line': b"reading manifest file '../../../build/crazyflie_py/crazyflie_py.egg-info/SOURCES.txt'\n"}
[4.282190] (crazyflie_py) StdoutLine: {'line': b"writing manifest file '../../../build/crazyflie_py/crazyflie_py.egg-info/SOURCES.txt'\n"}
[4.282515] (crazyflie_py) StdoutLine: {'line': b'running build\n'}
[4.282663] (crazyflie_py) StdoutLine: {'line': b'running build_py\n'}
[4.287223] (crazyflie_py) StdoutLine: {'line': b'running install\n'}
[4.289466] (crazyflie_py) StdoutLine: {'line': b'running install_lib\n'}
[4.291274] (crazyflie) StdoutLine: {'line': b'-- Install configuration: ""\n'}
[4.292123] (crazyflie_py) StdoutLine: {'line': b'running install_data\n'}
[4.292598] (crazyflie) StdoutLine: {'line': b'-- Up-to-date: /home/gowtham/crazyflie_ws/install/crazyflie/lib/crazyflie/comCheck\n'}
[4.293503] (crazyflie_py) StdoutLine: {'line': b'running install_egg_info\n'}
[4.297181] (crazyflie_py) StdoutLine: {'line': b"removing '/home/gowtham/crazyflie_ws/install/crazyflie_py/lib/python3.10/site-packages/crazyflie_py-1.0.3-py3.10.egg-info' (and everything under it)\n"}
[4.297418] (crazyflie) StdoutLine: {'line': b'-- Up-to-date: /home/gowtham/crazyflie_ws/install/crazyflie/lib/crazyflie/scan\n'}
[4.298758] (crazyflie) StdoutLine: {'line': b'-- Up-to-date: /home/gowtham/crazyflie_ws/install/crazyflie/lib/crazyflie/listParams\n'}
[4.298949] (crazyflie_py) StdoutLine: {'line': b'Copying ../../../build/crazyflie_py/crazyflie_py.egg-info to /home/gowtham/crazyflie_ws/install/crazyflie_py/lib/python3.10/site-packages/crazyflie_py-1.0.3-py3.10.egg-info\n'}
[4.299453] (crazyflie) StdoutLine: {'line': b'-- Up-to-date: /home/gowtham/crazyflie_ws/install/crazyflie/lib/crazyflie/listLogVariables\n'}
[4.300910] (crazyflie_py) StdoutLine: {'line': b'running install_scripts\n'}
[4.303520] (crazyflie) StdoutLine: {'line': b'-- Up-to-date: /home/gowtham/crazyflie_ws/install/crazyflie/lib/crazyflie/listMemories\n'}
[4.306926] (crazyflie) StdoutLine: {'line': b'-- Up-to-date: /home/gowtham/crazyflie_ws/install/crazyflie/lib/crazyflie/reboot\n'}
[4.308547] (crazyflie) StdoutLine: {'line': b'-- Up-to-date: /home/gowtham/crazyflie_ws/install/crazyflie/lib/crazyflie/battery\n'}
[4.311238] (crazyflie) StdoutLine: {'line': b'-- Up-to-date: /home/gowtham/crazyflie_ws/install/crazyflie/lib/crazyflie/version\n'}
[4.315924] (crazyflie) StdoutLine: {'line': b'-- Up-to-date: /home/gowtham/crazyflie_ws/install/crazyflie/lib/crazyflie/console\n'}
[4.317833] (crazyflie) StdoutLine: {'line': b'-- Up-to-date: /home/gowtham/crazyflie_ws/install/crazyflie/lib/crazyflie/log\n'}
[4.321523] (crazyflie) StdoutLine: {'line': b'-- Up-to-date: /home/gowtham/crazyflie_ws/install/crazyflie/lib/crazyflie/setParam\n'}
[4.321748] (crazyflie) StdoutLine: {'line': b'-- Up-to-date: /home/gowtham/crazyflie_ws/install/crazyflie/lib/crazyflie/downloadUSDLogfile\n'}
[4.326825] (crazyflie) StdoutLine: {'line': b'-- Up-to-date: /home/gowtham/crazyflie_ws/install/crazyflie/lib/crazyflie/teleop\n'}
[4.327162] (crazyflie) StdoutLine: {'line': b'-- Up-to-date: /home/gowtham/crazyflie_ws/install/crazyflie/lib/crazyflie/crazyflie_server\n'}
[4.328584] (crazyflie) StdoutLine: {'line': b'-- Up-to-date: /home/gowtham/crazyflie_ws/install/crazyflie/lib/crazyflie/crazyflie_server.py\n'}
[4.329002] (crazyflie) StdoutLine: {'line': b'-- Up-to-date: /home/gowtham/crazyflie_ws/install/crazyflie/lib/crazyflie/chooser.py\n'}
[4.329159] (crazyflie) StdoutLine: {'line': b'-- Up-to-date: /home/gowtham/crazyflie_ws/install/crazyflie/lib/crazyflie/vel_mux.py\n'}
[4.329284] (crazyflie) StdoutLine: {'line': b'-- Up-to-date: /home/gowtham/crazyflie_ws/install/crazyflie/lib/crazyflie/cfmult.py\n'}
[4.329430] (crazyflie) StdoutLine: {'line': b'-- Up-to-date: /home/gowtham/crazyflie_ws/install/crazyflie/lib/crazyflie/simple_mapper_multiranger.py\n'}
[4.329576] (crazyflie) StdoutLine: {'line': b'-- Up-to-date: /home/gowtham/crazyflie_ws/install/crazyflie/lib/crazyflie/aideck_streamer.py\n'}
[4.329684] (crazyflie) StdoutLine: {'line': b'-- Up-to-date: /home/gowtham/crazyflie_ws/install/crazyflie/lib/crazyflie/gui.py\n'}
[4.329792] (crazyflie) StdoutLine: {'line': b'-- Up-to-date: /home/gowtham/crazyflie_ws/install/crazyflie/lib/crazyflie/flash.py\n'}
[4.329900] (crazyflie) StdoutLine: {'line': b'-- Up-to-date: /home/gowtham/crazyflie_ws/install/crazyflie/share/crazyflie//launch\n'}
[4.330002] (crazyflie) StdoutLine: {'line': b'-- Up-to-date: /home/gowtham/crazyflie_ws/install/crazyflie/share/crazyflie//launch/teleop_launch.py\n'}
[4.333584] (crazyflie) StdoutLine: {'line': b'-- Up-to-date: /home/gowtham/crazyflie_ws/install/crazyflie/share/crazyflie//launch/launch_teleop2.py\n'}
[4.333828] (crazyflie) StdoutLine: {'line': b'-- Up-to-date: /home/gowtham/crazyflie_ws/install/crazyflie/share/crazyflie//launch/launch.py\n'}
[4.333952] (crazyflie) StdoutLine: {'line': b'-- Up-to-date: /home/gowtham/crazyflie_ws/install/crazyflie/share/crazyflie//config\n'}
[4.334064] (crazyflie) StdoutLine: {'line': b'-- Up-to-date: /home/gowtham/crazyflie_ws/install/crazyflie/share/crazyflie//config/crazyflies.yaml\n'}
[4.337318] (crazyflie) StdoutLine: {'line': b'-- Up-to-date: /home/gowtham/crazyflie_ws/install/crazyflie/share/crazyflie//config/motion_capture.yaml\n'}
[4.337502] (crazyflie) StdoutLine: {'line': b'-- Up-to-date: /home/gowtham/crazyflie_ws/install/crazyflie/share/crazyflie//config/config.rviz\n'}
[4.337629] (crazyflie) StdoutLine: {'line': b'-- Up-to-date: /home/gowtham/crazyflie_ws/install/crazyflie/share/crazyflie//config/server.yaml\n'}
[4.337738] (crazyflie) StdoutLine: {'line': b'-- Up-to-date: /home/gowtham/crazyflie_ws/install/crazyflie/share/crazyflie//config/aideck_streamer.yaml\n'}
[4.337848] (crazyflie) StdoutLine: {'line': b'-- Up-to-date: /home/gowtham/crazyflie_ws/install/crazyflie/share/crazyflie//config/teleop.yaml\n'}
[4.337956] (crazyflie) StdoutLine: {'line': b'-- Up-to-date: /home/gowtham/crazyflie_ws/install/crazyflie/share/crazyflie//urdf\n'}
[4.338064] (crazyflie) StdoutLine: {'line': b'-- Up-to-date: /home/gowtham/crazyflie_ws/install/crazyflie/share/crazyflie//urdf/cf2_assembly.stl\n'}
[4.338585] (crazyflie) StdoutLine: {'line': b'-- Up-to-date: /home/gowtham/crazyflie_ws/install/crazyflie/share/crazyflie//urdf/cf2_assembly_with_props.dae\n'}
[4.338724] (crazyflie) StdoutLine: {'line': b'-- Up-to-date: /home/gowtham/crazyflie_ws/install/crazyflie/share/crazyflie//urdf/crazyflie_description.urdf\n'}
[4.338834] (crazyflie) StdoutLine: {'line': b'-- Up-to-date: /home/gowtham/crazyflie_ws/install/crazyflie/share/ament_index/resource_index/package_run_dependencies/crazyflie\n'}
[4.338945] (crazyflie) StdoutLine: {'line': b'-- Up-to-date: /home/gowtham/crazyflie_ws/install/crazyflie/share/ament_index/resource_index/parent_prefix_path/crazyflie\n'}
[4.339086] (crazyflie) StdoutLine: {'line': b'-- Up-to-date: /home/gowtham/crazyflie_ws/install/crazyflie/share/crazyflie/environment/ament_prefix_path.sh\n'}
[4.339195] (crazyflie) StdoutLine: {'line': b'-- Up-to-date: /home/gowtham/crazyflie_ws/install/crazyflie/share/crazyflie/environment/ament_prefix_path.dsv\n'}
[4.339419] (crazyflie) StdoutLine: {'line': b'-- Up-to-date: /home/gowtham/crazyflie_ws/install/crazyflie/share/crazyflie/environment/path.sh\n'}
[4.339602] (crazyflie) StdoutLine: {'line': b'-- Up-to-date: /home/gowtham/crazyflie_ws/install/crazyflie/share/crazyflie/environment/path.dsv\n'}
[4.339716] (crazyflie) StdoutLine: {'line': b'-- Up-to-date: /home/gowtham/crazyflie_ws/install/crazyflie/share/crazyflie/local_setup.bash\n'}
[4.339826] (crazyflie) StdoutLine: {'line': b'-- Up-to-date: /home/gowtham/crazyflie_ws/install/crazyflie/share/crazyflie/local_setup.sh\n'}
[4.340990] (crazyflie) StdoutLine: {'line': b'-- Up-to-date: /home/gowtham/crazyflie_ws/install/crazyflie/share/crazyflie/local_setup.zsh\n'}
[4.341518] (crazyflie) StdoutLine: {'line': b'-- Up-to-date: /home/gowtham/crazyflie_ws/install/crazyflie/share/crazyflie/local_setup.dsv\n'}
[4.341674] (crazyflie) StdoutLine: {'line': b'-- Installing: /home/gowtham/crazyflie_ws/install/crazyflie/share/crazyflie/package.dsv\n'}
[4.341787] (crazyflie) StdoutLine: {'line': b'-- Up-to-date: /home/gowtham/crazyflie_ws/install/crazyflie/share/ament_index/resource_index/packages/crazyflie\n'}
[4.341896] (crazyflie) StdoutLine: {'line': b'-- Up-to-date: /home/gowtham/crazyflie_ws/install/crazyflie/share/crazyflie/cmake/crazyflieConfig.cmake\n'}
[4.342003] (crazyflie) StdoutLine: {'line': b'-- Up-to-date: /home/gowtham/crazyflie_ws/install/crazyflie/share/crazyflie/cmake/crazyflieConfig-version.cmake\n'}
[4.342110] (crazyflie) StdoutLine: {'line': b'-- Up-to-date: /home/gowtham/crazyflie_ws/install/crazyflie/share/crazyflie/package.xml\n'}
[4.345731] (crazyflie) CommandEnded: {'returncode': 0}
[4.346327] (-) TimerEvent: {}
[4.365338] (crazyflie_py) StdoutLine: {'line': b"writing list of installed files to '/home/gowtham/crazyflie_ws/build/crazyflie_py/install.log'\n"}
[4.375898] (crazyflie) JobEnded: {'identifier': 'crazyflie', 'rc': 0}
[4.425476] (crazyflie_py) CommandEnded: {'returncode': 0}
[4.440583] (crazyflie_py) JobEnded: {'identifier': 'crazyflie_py', 'rc': 0}
[4.443698] (crazyflie_examples) JobStarted: {'identifier': 'crazyflie_examples'}
[4.446472] (-) TimerEvent: {}
[4.459644] (crazyflie_examples) JobProgress: {'identifier': 'crazyflie_examples', 'progress': 'cmake'}
[4.460807] (crazyflie_examples) JobProgress: {'identifier': 'crazyflie_examples', 'progress': 'build'}
[4.462123] (crazyflie_examples) Command: {'cmd': ['/usr/bin/cmake', '--build', '/home/gowtham/crazyflie_ws/build/crazyflie_examples', '--', '-j4', '-l4'], 'cwd': '/home/gowtham/crazyflie_ws/build/crazyflie_examples', 'env': OrderedDict([('LESSOPEN', '| /usr/bin/lesspipe %s'), ('LANGUAGE', 'en_IN:en'), ('USER', 'gowtham'), ('XDG_SESSION_TYPE', 'wayland'), ('SHLVL', '1'), ('LD_LIBRARY_PATH', '/home/gowtham/crazyflie_ws/install/crazyflie_interfaces/lib:/home/gowtham/swarm_ws/install/crazyflie_interfaces/lib:/opt/ros/humble/opt/rviz_ogre_vendor/lib:/opt/ros/humble/lib/x86_64-linux-gnu:/opt/ros/humble/lib'), ('HOME', '/home/gowtham'), ('OLDPWD', '/home/gowtham'), ('DESKTOP_SESSION', 'ubuntu'), ('ROS_PYTHON_VERSION', '3'), ('GNOME_SHELL_SESSION_MODE', 'ubuntu'), ('GTK_MODULES', 'gail:atk-bridge'), ('SYSTEMD_EXEC_PID', '1194'), ('DBUS_SESSION_BUS_ADDRESS', 'unix:path=/run/user/1000/bus'), ('COLORTERM', 'truecolor'), ('IM_CONFIG_PHASE', '1'), ('WAYLAND_DISPLAY', 'wayland-0'), ('COLCON_PREFIX_PATH', '/home/gowtham/swarm_ws/install'), ('ROS_DISTRO', 'humble'), ('LOGNAME', 'gowtham'), ('_', '/usr/bin/colcon'), ('ROS_VERSION', '2'), ('XDG_SESSION_CLASS', 'user'), ('USERNAME', 'gowtham'), ('TERM', 'xterm-256color'), ('GNOME_DESKTOP_SESSION_ID', 'this-is-deprecated'), ('ROS_LOCALHOST_ONLY', '0'), ('PATH', '/opt/ros/humble/bin:/home/gowtham/.local/bin:/usr/local/sbin:/usr/local/bin:/usr/sbin:/usr/bin:/sbin:/bin:/usr/games:/usr/local/games:/snap/bin:/snap/bin:/home/gowtham/.local/bin'), ('SESSION_MANAGER', 'local/gowtham:@/tmp/.ICE-unix/886,unix/gowtham:/tmp/.ICE-unix/886'), ('XDG_MENU_PREFIX', 'gnome-'), ('GNOME_TERMINAL_SCREEN', '/org/gnome/Terminal/screen/6bd8070d_3214_421e_a9d9_4cc0ef401316'), ('GNOME_SETUP_DISPLAY', ':1'), ('XDG_RUNTIME_DIR', '/run/user/1000'), ('DISPLAY', ':0'), ('LANG', 'en_US.UTF-8'), ('XDG_CURRENT_DESKTOP', 'ubuntu:GNOME'), ('XMODIFIERS', '@im=ibus'), ('XDG_SESSION_DESKTOP', 'ubuntu'), ('XAUTHORITY', '/run/user/1000/.mutter-Xwaylandauth.C45TP3'), ('LS_COLORS', 'rs=0:di=01;34:ln=01;36:mh=00:pi=40;33:so=01;35:do=01;35:bd=40;33;01:cd=40;33;01:or=40;31;01:mi=00:su=37;41:sg=30;43:ca=30;41:tw=30;42:ow=34;42:st=37;44:ex=01;32:*.tar=01;31:*.tgz=01;31:*.arc=01;31:*.arj=01;31:*.taz=01;31:*.lha=01;31:*.lz4=01;31:*.lzh=01;31:*.lzma=01;31:*.tlz=01;31:*.txz=01;31:*.tzo=01;31:*.t7z=01;31:*.zip=01;31:*.z=01;31:*.dz=01;31:*.gz=01;31:*.lrz=01;31:*.lz=01;31:*.lzo=01;31:*.xz=01;31:*.zst=01;31:*.tzst=01;31:*.bz2=01;31:*.bz=01;31:*.tbz=01;31:*.tbz2=01;31:*.tz=01;31:*.deb=01;31:*.rpm=01;31:*.jar=01;31:*.war=01;31:*.ear=01;31:*.sar=01;31:*.rar=01;31:*.alz=01;31:*.ace=01;31:*.zoo=01;31:*.cpio=01;31:*.7z=01;31:*.rz=01;31:*.cab=01;31:*.wim=01;31:*.swm=01;31:*.dwm=01;31:*.esd=01;31:*.jpg=01;35:*.jpeg=01;35:*.mjpg=01;35:*.mjpeg=01;35:*.gif=01;35:*.bmp=01;35:*.pbm=01;35:*.pgm=01;35:*.ppm=01;35:*.tga=01;35:*.xbm=01;35:*.xpm=01;35:*.tif=01;35:*.tiff=01;35:*.png=01;35:*.svg=01;35:*.svgz=01;35:*.mng=01;35:*.pcx=01;35:*.mov=01;35:*.mpg=01;35:*.mpeg=01;35:*.m2v=01;35:*.mkv=01;35:*.webm=01;35:*.webp=01;35:*.ogm=01;35:*.mp4=01;35:*.m4v=01;35:*.mp4v=01;35:*.vob=01;35:*.qt=01;35:*.nuv=01;35:*.wmv=01;35:*.asf=01;35:*.rm=01;35:*.rmvb=01;35:*.flc=01;35:*.avi=01;35:*.fli=01;35:*.flv=01;35:*.gl=01;35:*.dl=01;35:*.xcf=01;35:*.xwd=01;35:*.yuv=01;35:*.cgm=01;35:*.emf=01;35:*.ogv=01;35:*.ogx=01;35:*.aac=00;36:*.au=00;36:*.flac=00;36:*.m4a=00;36:*.mid=00;36:*.midi=00;36:*.mka=00;36:*.mp3=00;36:*.mpc=00;36:*.ogg=00;36:*.ra=00;36:*.wav=00;36:*.oga=00;36:*.opus=00;36:*.spx=00;36:*.xspf=00;36:'), ('GNOME_TERMINAL_SERVICE', ':1.120'), ('SSH_AGENT_LAUNCHER', 'gnome-keyring'), ('SSH_AUTH_SOCK', '/run/user/1000/keyring/ssh'), ('AMENT_PREFIX_PATH', '/home/gowtham/crazyflie_ws/install/crazyflie_py:/home/gowtham/crazyflie_ws/install/crazyflie_interfaces:/home/gowtham/swarm_ws/install/guidance_layer:/home/gowtham/swarm_ws/install/crazyflie_sim:/home/gowtham/swarm_ws/install/crazyflie_examples:/home/gowtham/swarm_ws/install/crazyflie_py:/home/gowtham/swarm_ws/install/crazyflie:/home/gowtham/swarm_ws/install/crazyflie_interfaces:/home/gowtham/swarm_ws/install/control_layer:/home/gowtham/swarm_ws/install/consensus_controller:/opt/ros/humble'), ('SHELL', '/bin/bash'), ('QT_ACCESSIBILITY', '1'), ('GDMSESSION', 'ubuntu'), ('LESSCLOSE', '/usr/bin/lesspipe %s %s'), ('QT_IM_MODULE', 'ibus'), ('PWD', '/home/gowtham/crazyflie_ws/build/crazyflie_examples'), ('LC_ALL', 'en_US.UTF-8'), ('XDG_CONFIG_DIRS', '/etc/xdg/xdg-ubuntu:/etc/xdg'), ('XDG_DATA_DIRS', '/usr/share/ubuntu:/usr/local/share/:/usr/share/:/var/lib/snapd/desktop'), ('PYTHONPATH', '/home/gowtham/crazyflie_ws/install/crazyflie_py/lib/python3.10/site-packages:/home/gowtham/crazyflie_ws/install/crazyflie_interfaces/local/lib/python3.10/dist-packages:/home/gowtham/crazyflie-firmware/build:/home/gowtham/crazyflie-firmware/build:/home/gowtham/swarm_ws/install/guidance_layer/lib/python3.10/site-packages:/home/gowtham/swarm_ws/install/crazyflie_sim/local/lib/python3.10/dist-packages:/home/gowtham/swarm_ws/install/crazyflie_examples/local/lib/python3.10/dist-packages:/home/gowtham/swarm_ws/install/crazyflie_py/lib/python3.10/site-packages:/home/gowtham/swarm_ws/install/crazyflie_interfaces/local/lib/python3.10/dist-packages:/home/gowtham/swarm_ws/install/control_layer/lib/python3.10/site-packages:/home/gowtham/swarm_ws/install/consensus_controller/lib/python3.10/site-packages:/opt/ros/humble/lib/python3.10/site-packages:/opt/ros/humble/local/lib/python3.10/dist-packages'), ('COLCON', '1'), ('VTE_VERSION', '6800'), ('CMAKE_PREFIX_PATH', '/home/gowtham/crazyflie_ws/install/crazyflie_interfaces:/home/gowtham/swarm_ws/install/crazyflie_sim:/home/gowtham/swarm_ws/install/crazyflie_examples:/home/gowtham/swarm_ws/install/crazyflie:/home/gowtham/swarm_ws/install/crazyflie_interfaces:/home/gowtham/swarm_ws/install/guidance_layer:/home/gowtham/swarm_ws/install/crazyflie_py:/home/gowtham/swarm_ws/install/control_layer:/home/gowtham/swarm_ws/install/consensus_controller:/opt/ros/humble')]), 'shell': False}
[4.538360] (crazyflie_sim) StdoutLine: {'line': b'running egg_info\n'}
[4.538625] (crazyflie_sim) StdoutLine: {'line': b'writing crazyflie_sim.egg-info/PKG-INFO\n'}
[4.538789] (crazyflie_sim) StdoutLine: {'line': b'writing dependency_links to crazyflie_sim.egg-info/dependency_links.txt\n'}
[4.540092] (crazyflie_sim) StdoutLine: {'line': b'writing entry points to crazyflie_sim.egg-info/entry_points.txt\n'}
[4.540303] (crazyflie_sim) StdoutLine: {'line': b'writing top-level names to crazyflie_sim.egg-info/top_level.txt\n'}
[4.543655] (crazyflie_sim) StdoutLine: {'line': b"reading manifest file 'crazyflie_sim.egg-info/SOURCES.txt'\n"}
[4.545154] (crazyflie_sim) StdoutLine: {'line': b'running install_scripts\n'}
[4.545384] (crazyflie_sim) StdoutLine: {'line': b"writing manifest file 'crazyflie_sim.egg-info/SOURCES.txt'\n"}
[4.549948] (-) TimerEvent: {}
[4.554370] (crazyflie_sim) StderrLine: {'line': b'/usr/lib/python3/dist-packages/setuptools/command/install.py:34: SetuptoolsDeprecationWarning: setup.py install is deprecated. Use build and pip and other standards-based tools.\n'}
[4.554691] (crazyflie_sim) StderrLine: {'line': b'  warnings.warn(\n'}
[4.599392] (crazyflie_examples) StdoutLine: {'line': b'Built target ament_cmake_python_copy_crazyflie_examples_setup\n'}
[4.604532] (crazyflie_sim) StdoutLine: {'line': b'running egg_info\n'}
[4.605480] (crazyflie_sim) StdoutLine: {'line': b'writing crazyflie_sim.egg-info/PKG-INFO\n'}
[4.605874] (crazyflie_sim) StdoutLine: {'line': b'writing dependency_links to crazyflie_sim.egg-info/dependency_links.txt\n'}
[4.606109] (crazyflie_sim) StdoutLine: {'line': b'writing entry points to crazyflie_sim.egg-info/entry_points.txt\n'}
[4.606324] (crazyflie_sim) StdoutLine: {'line': b'writing top-level names to crazyflie_sim.egg-info/top_level.txt\n'}
[4.610220] (crazyflie_sim) StdoutLine: {'line': b'Built target ament_cmake_python_build_crazyflie_sim_egg\n'}
[4.610432] (crazyflie_sim) StdoutLine: {'line': b"reading manifest file 'crazyflie_sim.egg-info/SOURCES.txt'\n"}
[4.610871] (crazyflie_sim) StdoutLine: {'line': b"writing manifest file 'crazyflie_sim.egg-info/SOURCES.txt'\n"}
[4.613102] (crazyflie_sim) StdoutLine: {'line': b'Installing crazyflie_server script to scripts\n'}
[4.619158] (crazyflie_examples) StdoutLine: {'line': b'Built target ament_cmake_python_copy_crazyflie_examples\n'}
[4.650068] (-) TimerEvent: {}
[4.706000] (crazyflie_sim) StdoutLine: {'line': b'Built target ament_cmake_python_build_crazyflie_sim_scripts\n'}
[4.728016] (crazyflie_sim) CommandEnded: {'returncode': 0}
[4.733344] (crazyflie_sim) JobProgress: {'identifier': 'crazyflie_sim', 'progress': 'install'}
[4.733474] (crazyflie_sim) Command: {'cmd': ['/usr/bin/cmake', '--install', '/home/gowtham/crazyflie_ws/build/crazyflie_sim'], 'cwd': '/home/gowtham/crazyflie_ws/build/crazyflie_sim', 'env': OrderedDict([('LESSOPEN', '| /usr/bin/lesspipe %s'), ('LANGUAGE', 'en_IN:en'), ('USER', 'gowtham'), ('XDG_SESSION_TYPE', 'wayland'), ('SHLVL', '1'), ('LD_LIBRARY_PATH', '/home/gowtham/crazyflie_ws/install/crazyflie_interfaces/lib:/home/gowtham/swarm_ws/install/crazyflie_interfaces/lib:/opt/ros/humble/opt/rviz_ogre_vendor/lib:/opt/ros/humble/lib/x86_64-linux-gnu:/opt/ros/humble/lib'), ('HOME', '/home/gowtham'), ('OLDPWD', '/home/gowtham'), ('DESKTOP_SESSION', 'ubuntu'), ('ROS_PYTHON_VERSION', '3'), ('GNOME_SHELL_SESSION_MODE', 'ubuntu'), ('GTK_MODULES', 'gail:atk-bridge'), ('SYSTEMD_EXEC_PID', '1194'), ('DBUS_SESSION_BUS_ADDRESS', 'unix:path=/run/user/1000/bus'), ('COLORTERM', 'truecolor'), ('IM_CONFIG_PHASE', '1'), ('WAYLAND_DISPLAY', 'wayland-0'), ('COLCON_PREFIX_PATH', '/home/gowtham/swarm_ws/install'), ('ROS_DISTRO', 'humble'), ('LOGNAME', 'gowtham'), ('_', '/usr/bin/colcon'), ('ROS_VERSION', '2'), ('XDG_SESSION_CLASS', 'user'), ('USERNAME', 'gowtham'), ('TERM', 'xterm-256color'), ('GNOME_DESKTOP_SESSION_ID', 'this-is-deprecated'), ('ROS_LOCALHOST_ONLY', '0'), ('PATH', '/opt/ros/humble/bin:/home/gowtham/.local/bin:/usr/local/sbin:/usr/local/bin:/usr/sbin:/usr/bin:/sbin:/bin:/usr/games:/usr/local/games:/snap/bin:/snap/bin:/home/gowtham/.local/bin'), ('SESSION_MANAGER', 'local/gowtham:@/tmp/.ICE-unix/886,unix/gowtham:/tmp/.ICE-unix/886'), ('XDG_MENU_PREFIX', 'gnome-'), ('GNOME_TERMINAL_SCREEN', '/org/gnome/Terminal/screen/6bd8070d_3214_421e_a9d9_4cc0ef401316'), ('GNOME_SETUP_DISPLAY', ':1'), ('XDG_RUNTIME_DIR', '/run/user/1000'), ('DISPLAY', ':0'), ('LANG', 'en_US.UTF-8'), ('XDG_CURRENT_DESKTOP', 'ubuntu:GNOME'), ('XMODIFIERS', '@im=ibus'), ('XDG_SESSION_DESKTOP', 'ubuntu'), ('XAUTHORITY', '/run/user/1000/.mutter-Xwaylandauth.C45TP3'), ('LS_COLORS', 'rs=0:di=01;34:ln=01;36:mh=00:pi=40;33:so=01;35:do=01;35:bd=40;33;01:cd=40;33;01:or=40;31;01:mi=00:su=37;41:sg=30;43:ca=30;41:tw=30;42:ow=34;42:st=37;44:ex=01;32:*.tar=01;31:*.tgz=01;31:*.arc=01;31:*.arj=01;31:*.taz=01;31:*.lha=01;31:*.lz4=01;31:*.lzh=01;31:*.lzma=01;31:*.tlz=01;31:*.txz=01;31:*.tzo=01;31:*.t7z=01;31:*.zip=01;31:*.z=01;31:*.dz=01;31:*.gz=01;31:*.lrz=01;31:*.lz=01;31:*.lzo=01;31:*.xz=01;31:*.zst=01;31:*.tzst=01;31:*.bz2=01;31:*.bz=01;31:*.tbz=01;31:*.tbz2=01;31:*.tz=01;31:*.deb=01;31:*.rpm=01;31:*.jar=01;31:*.war=01;31:*.ear=01;31:*.sar=01;31:*.rar=01;31:*.alz=01;31:*.ace=01;31:*.zoo=01;31:*.cpio=01;31:*.7z=01;31:*.rz=01;31:*.cab=01;31:*.wim=01;31:*.swm=01;31:*.dwm=01;31:*.esd=01;31:*.jpg=01;35:*.jpeg=01;35:*.mjpg=01;35:*.mjpeg=01;35:*.gif=01;35:*.bmp=01;35:*.pbm=01;35:*.pgm=01;35:*.ppm=01;35:*.tga=01;35:*.xbm=01;35:*.xpm=01;35:*.tif=01;35:*.tiff=01;35:*.png=01;35:*.svg=01;35:*.svgz=01;35:*.mng=01;35:*.pcx=01;35:*.mov=01;35:*.mpg=01;35:*.mpeg=01;35:*.m2v=01;35:*.mkv=01;35:*.webm=01;35:*.webp=01;35:*.ogm=01;35:*.mp4=01;35:*.m4v=01;35:*.mp4v=01;35:*.vob=01;35:*.qt=01;35:*.nuv=01;35:*.wmv=01;35:*.asf=01;35:*.rm=01;35:*.rmvb=01;35:*.flc=01;35:*.avi=01;35:*.fli=01;35:*.flv=01;35:*.gl=01;35:*.dl=01;35:*.xcf=01;35:*.xwd=01;35:*.yuv=01;35:*.cgm=01;35:*.emf=01;35:*.ogv=01;35:*.ogx=01;35:*.aac=00;36:*.au=00;36:*.flac=00;36:*.m4a=00;36:*.mid=00;36:*.midi=00;36:*.mka=00;36:*.mp3=00;36:*.mpc=00;36:*.ogg=00;36:*.ra=00;36:*.wav=00;36:*.oga=00;36:*.opus=00;36:*.spx=00;36:*.xspf=00;36:'), ('GNOME_TERMINAL_SERVICE', ':1.120'), ('SSH_AGENT_LAUNCHER', 'gnome-keyring'), ('SSH_AUTH_SOCK', '/run/user/1000/keyring/ssh'), ('AMENT_PREFIX_PATH', '/home/gowtham/crazyflie_ws/install/crazyflie_interfaces:/home/gowtham/swarm_ws/install/guidance_layer:/home/gowtham/swarm_ws/install/crazyflie_sim:/home/gowtham/swarm_ws/install/crazyflie_examples:/home/gowtham/swarm_ws/install/crazyflie_py:/home/gowtham/swarm_ws/install/crazyflie:/home/gowtham/swarm_ws/install/crazyflie_interfaces:/home/gowtham/swarm_ws/install/control_layer:/home/gowtham/swarm_ws/install/consensus_controller:/opt/ros/humble'), ('SHELL', '/bin/bash'), ('QT_ACCESSIBILITY', '1'), ('GDMSESSION', 'ubuntu'), ('LESSCLOSE', '/usr/bin/lesspipe %s %s'), ('QT_IM_MODULE', 'ibus'), ('PWD', '/home/gowtham/crazyflie_ws/build/crazyflie_sim'), ('LC_ALL', 'en_US.UTF-8'), ('XDG_CONFIG_DIRS', '/etc/xdg/xdg-ubuntu:/etc/xdg'), ('XDG_DATA_DIRS', '/usr/share/ubuntu:/usr/local/share/:/usr/share/:/var/lib/snapd/desktop'), ('PYTHONPATH', '/home/gowtham/crazyflie_ws/install/crazyflie_interfaces/local/lib/python3.10/dist-packages:/home/gowtham/crazyflie-firmware/build:/home/gowtham/crazyflie-firmware/build:/home/gowtham/swarm_ws/install/guidance_layer/lib/python3.10/site-packages:/home/gowtham/swarm_ws/install/crazyflie_sim/local/lib/python3.10/dist-packages:/home/gowtham/swarm_ws/install/crazyflie_examples/local/lib/python3.10/dist-packages:/home/gowtham/swarm_ws/install/crazyflie_py/lib/python3.10/site-packages:/home/gowtham/swarm_ws/install/crazyflie_interfaces/local/lib/python3.10/dist-packages:/home/gowtham/swarm_ws/install/control_layer/lib/python3.10/site-packages:/home/gowtham/swarm_ws/install/consensus_controller/lib/python3.10/site-packages:/opt/ros/humble/lib/python3.10/site-packages:/opt/ros/humble/local/lib/python3.10/dist-packages'), ('COLCON', '1'), ('VTE_VERSION', '6800'), ('CMAKE_PREFIX_PATH', '/home/gowtham/crazyflie_ws/install/crazyflie_interfaces:/home/gowtham/swarm_ws/install/crazyflie_sim:/home/gowtham/swarm_ws/install/crazyflie_examples:/home/gowtham/swarm_ws/install/crazyflie:/home/gowtham/swarm_ws/install/crazyflie_interfaces:/home/gowtham/swarm_ws/install/guidance_layer:/home/gowtham/swarm_ws/install/crazyflie_py:/home/gowtham/swarm_ws/install/control_layer:/home/gowtham/swarm_ws/install/consensus_controller:/opt/ros/humble')]), 'shell': False}
[4.751549] (-) TimerEvent: {}
[4.756868] (crazyflie_sim) StdoutLine: {'line': b'-- Install configuration: ""\n'}
[4.757111] (crazyflie_sim) StdoutLine: {'line': b'-- Up-to-date: /home/gowtham/crazyflie_ws/install/crazyflie_sim/share/crazyflie_sim/environment/pythonpath.sh\n'}
[4.759629] (crazyflie_sim) StdoutLine: {'line': b'-- Up-to-date: /home/gowtham/crazyflie_ws/install/crazyflie_sim/share/crazyflie_sim/environment/pythonpath.dsv\n'}
[4.759846] (crazyflie_sim) StdoutLine: {'line': b'-- Up-to-date: /home/gowtham/crazyflie_ws/install/crazyflie_sim/local/lib/python3.10/dist-packages/crazyflie_sim-1.0.3-py3.10.egg-info\n'}
[4.759971] (crazyflie_sim) StdoutLine: {'line': b'-- Installing: /home/gowtham/crazyflie_ws/install/crazyflie_sim/local/lib/python3.10/dist-packages/crazyflie_sim-1.0.3-py3.10.egg-info/dependency_links.txt\n'}
[4.760092] (crazyflie_sim) StdoutLine: {'line': b'-- Installing: /home/gowtham/crazyflie_ws/install/crazyflie_sim/local/lib/python3.10/dist-packages/crazyflie_sim-1.0.3-py3.10.egg-info/SOURCES.txt\n'}
[4.760211] (crazyflie_sim) StdoutLine: {'line': b'-- Installing: /home/gowtham/crazyflie_ws/install/crazyflie_sim/local/lib/python3.10/dist-packages/crazyflie_sim-1.0.3-py3.10.egg-info/top_level.txt\n'}
[4.760328] (crazyflie_sim) StdoutLine: {'line': b'-- Installing: /home/gowtham/crazyflie_ws/install/crazyflie_sim/local/lib/python3.10/dist-packages/crazyflie_sim-1.0.3-py3.10.egg-info/PKG-INFO\n'}
[4.760698] (crazyflie_sim) StdoutLine: {'line': b'-- Installing: /home/gowtham/crazyflie_ws/install/crazyflie_sim/local/lib/python3.10/dist-packages/crazyflie_sim-1.0.3-py3.10.egg-info/entry_points.txt\n'}
[4.761030] (crazyflie_sim) StdoutLine: {'line': b'-- Up-to-date: /home/gowtham/crazyflie_ws/install/crazyflie_sim/lib/crazyflie_sim/\n'}
[4.762009] (crazyflie_sim) StdoutLine: {'line': b'-- Installing: /home/gowtham/crazyflie_ws/install/crazyflie_sim/lib/crazyflie_sim//crazyflie_server\n'}
[4.762521] (crazyflie_sim) StdoutLine: {'line': b'-- Up-to-date: /home/gowtham/crazyflie_ws/install/crazyflie_sim/local/lib/python3.10/dist-packages/crazyflie_sim\n'}
[4.763041] (crazyflie_sim) StdoutLine: {'line': b'-- Up-to-date: /home/gowtham/crazyflie_ws/install/crazyflie_sim/local/lib/python3.10/dist-packages/crazyflie_sim/visualization\n'}
[4.763415] (crazyflie_sim) StdoutLine: {'line': b'-- Up-to-date: /home/gowtham/crazyflie_ws/install/crazyflie_sim/local/lib/python3.10/dist-packages/crazyflie_sim/visualization/blender.py\n'}
[4.763634] (crazyflie_sim) StdoutLine: {'line': b'-- Up-to-date: /home/gowtham/crazyflie_ws/install/crazyflie_sim/local/lib/python3.10/dist-packages/crazyflie_sim/visualization/record_states.py\n'}
[4.763830] (crazyflie_sim) StdoutLine: {'line': b'-- Up-to-date: /home/gowtham/crazyflie_ws/install/crazyflie_sim/local/lib/python3.10/dist-packages/crazyflie_sim/visualization/pdf.py\n'}
[4.763947] (crazyflie_sim) StdoutLine: {'line': b'-- Up-to-date: /home/gowtham/crazyflie_ws/install/crazyflie_sim/local/lib/python3.10/dist-packages/crazyflie_sim/visualization/README.md\n'}
[4.764053] (crazyflie_sim) StdoutLine: {'line': b'-- Up-to-date: /home/gowtham/crazyflie_ws/install/crazyflie_sim/local/lib/python3.10/dist-packages/crazyflie_sim/visualization/data\n'}
[4.764744] (crazyflie_sim) StdoutLine: {'line': b'-- Up-to-date: /home/gowtham/crazyflie_ws/install/crazyflie_sim/local/lib/python3.10/dist-packages/crazyflie_sim/visualization/data/model\n'}
[4.767992] (crazyflie_sim) StdoutLine: {'line': b'-- Up-to-date: /home/gowtham/crazyflie_ws/install/crazyflie_sim/local/lib/python3.10/dist-packages/crazyflie_sim/visualization/data/model/cf.mtl\n'}
[4.768333] (crazyflie_sim) StdoutLine: {'line': b'-- Up-to-date: /home/gowtham/crazyflie_ws/install/crazyflie_sim/local/lib/python3.10/dist-packages/crazyflie_sim/visualization/data/model/cf.obj\n'}
[4.768517] (crazyflie_sim) StdoutLine: {'line': b'-- Up-to-date: /home/gowtham/crazyflie_ws/install/crazyflie_sim/local/lib/python3.10/dist-packages/crazyflie_sim/visualization/data/env\n'}
[4.769626] (crazyflie_sim) StdoutLine: {'line': b'-- Up-to-date: /home/gowtham/crazyflie_ws/install/crazyflie_sim/local/lib/python3.10/dist-packages/crazyflie_sim/visualization/data/env/aerodynamics_workshop.jpg\n'}
[4.769861] (crazyflie_sim) StdoutLine: {'line': b'-- Up-to-date: /home/gowtham/crazyflie_ws/install/crazyflie_sim/local/lib/python3.10/dist-packages/crazyflie_sim/visualization/data/env/derelict_overpass.jpg\n'}
[4.770001] (crazyflie_sim) StdoutLine: {'line': b'-- Up-to-date: /home/gowtham/crazyflie_ws/install/crazyflie_sim/local/lib/python3.10/dist-packages/crazyflie_sim/visualization/data/env/machine_shop.jpg\n'}
[4.770122] (crazyflie_sim) StdoutLine: {'line': b'-- Up-to-date: /home/gowtham/crazyflie_ws/install/crazyflie_sim/local/lib/python3.10/dist-packages/crazyflie_sim/visualization/data/env/crosswalk.jpg\n'}
[4.770269] (crazyflie_sim) StdoutLine: {'line': b'-- Up-to-date: /home/gowtham/crazyflie_ws/install/crazyflie_sim/local/lib/python3.10/dist-packages/crazyflie_sim/visualization/data/env/abandoned_greenhouse.jpg\n'}
[4.770393] (crazyflie_sim) StdoutLine: {'line': b'-- Up-to-date: /home/gowtham/crazyflie_ws/install/crazyflie_sim/local/lib/python3.10/dist-packages/crazyflie_sim/visualization/data/env/env.jpg\n'}
[4.770549] (crazyflie_sim) StdoutLine: {'line': b'-- Up-to-date: /home/gowtham/crazyflie_ws/install/crazyflie_sim/local/lib/python3.10/dist-packages/crazyflie_sim/visualization/data/env/lake_pier.jpg\n'}
[4.770686] (crazyflie_sim) StdoutLine: {'line': b'-- Up-to-date: /home/gowtham/crazyflie_ws/install/crazyflie_sim/local/lib/python3.10/dist-packages/crazyflie_sim/visualization/data/env/museumplein.jpg\n'}
[4.770811] (crazyflie_sim) StdoutLine: {'line': b'-- Up-to-date: /home/gowtham/crazyflie_ws/install/crazyflie_sim/local/lib/python3.10/dist-packages/crazyflie_sim/visualization/data/env/peppermint_powerplant.jpg\n'}
[4.772476] (crazyflie_sim) StdoutLine: {'line': b'-- Up-to-date: /home/gowtham/crazyflie_ws/install/crazyflie_sim/local/lib/python3.10/dist-packages/crazyflie_sim/visualization/data/env/lago_disola.jpg\n'}
[4.772736] (crazyflie_sim) StdoutLine: {'line': b'-- Up-to-date: /home/gowtham/crazyflie_ws/install/crazyflie_sim/local/lib/python3.10/dist-packages/crazyflie_sim/visualization/data/env/studio_garden.jpg\n'}
[4.772991] (crazyflie_sim) StdoutLine: {'line': b'-- Up-to-date: /home/gowtham/crazyflie_ws/install/crazyflie_sim/local/lib/python3.10/dist-packages/crazyflie_sim/visualization/data/env/aviation_museum.jpg\n'}
[4.773192] (crazyflie_sim) StdoutLine: {'line': b'-- Up-to-date: /home/gowtham/crazyflie_ws/install/crazyflie_sim/local/lib/python3.10/dist-packages/crazyflie_sim/visualization/data/README.md\n'}
[4.773372] (crazyflie_sim) StdoutLine: {'line': b'-- Up-to-date: /home/gowtham/crazyflie_ws/install/crazyflie_sim/local/lib/python3.10/dist-packages/crazyflie_sim/visualization/rviz.py\n'}
[4.773566] (crazyflie_sim) StdoutLine: {'line': b'-- Up-to-date: /home/gowtham/crazyflie_ws/install/crazyflie_sim/local/lib/python3.10/dist-packages/crazyflie_sim/__init__.py\n'}
[4.773660] (crazyflie_sim) StdoutLine: {'line': b'-- Up-to-date: /home/gowtham/crazyflie_ws/install/crazyflie_sim/local/lib/python3.10/dist-packages/crazyflie_sim/backend\n'}
[4.773841] (crazyflie_sim) StdoutLine: {'line': b'-- Up-to-date: /home/gowtham/crazyflie_ws/install/crazyflie_sim/local/lib/python3.10/dist-packages/crazyflie_sim/backend/pinocchio.py\n'}
[4.774022] (crazyflie_sim) StdoutLine: {'line': b'-- Up-to-date: /home/gowtham/crazyflie_ws/install/crazyflie_sim/local/lib/python3.10/dist-packages/crazyflie_sim/backend/np.py\n'}
[4.774247] (crazyflie_sim) StdoutLine: {'line': b'-- Up-to-date: /home/gowtham/crazyflie_ws/install/crazyflie_sim/local/lib/python3.10/dist-packages/crazyflie_sim/backend/neuralswarm.py\n'}
[4.774372] (crazyflie_sim) StdoutLine: {'line': b'-- Up-to-date: /home/gowtham/crazyflie_ws/install/crazyflie_sim/local/lib/python3.10/dist-packages/crazyflie_sim/backend/none.py\n'}
[4.774534] (crazyflie_sim) StdoutLine: {'line': b'-- Up-to-date: /home/gowtham/crazyflie_ws/install/crazyflie_sim/local/lib/python3.10/dist-packages/crazyflie_sim/backend/data\n'}
[4.774752] (crazyflie_sim) StdoutLine: {'line': b'-- Up-to-date: /home/gowtham/crazyflie_ws/install/crazyflie_sim/local/lib/python3.10/dist-packages/crazyflie_sim/backend/data/dynobench\n'}
[4.774869] (crazyflie_sim) StdoutLine: {'line': b'-- Up-to-date: /home/gowtham/crazyflie_ws/install/crazyflie_sim/local/lib/python3.10/dist-packages/crazyflie_sim/backend/data/dynobench/crazyflie2.yaml\n'}
[4.775111] (crazyflie_sim) StdoutLine: {'line': b'-- Up-to-date: /home/gowtham/crazyflie_ws/install/crazyflie_sim/local/lib/python3.10/dist-packages/crazyflie_sim/backend/data/neuralswarm2\n'}
[4.775388] (crazyflie_sim) StdoutLine: {'line': b'-- Up-to-date: /home/gowtham/crazyflie_ws/install/crazyflie_sim/local/lib/python3.10/dist-packages/crazyflie_sim/backend/data/neuralswarm2/phi_G.pth\n'}
[4.775538] (crazyflie_sim) StdoutLine: {'line': b'-- Up-to-date: /home/gowtham/crazyflie_ws/install/crazyflie_sim/local/lib/python3.10/dist-packages/crazyflie_sim/backend/data/neuralswarm2/rho_L.pth\n'}
[4.775969] (crazyflie_sim) StdoutLine: {'line': b'-- Up-to-date: /home/gowtham/crazyflie_ws/install/crazyflie_sim/local/lib/python3.10/dist-packages/crazyflie_sim/backend/data/neuralswarm2/phi_S.pth\n'}
[4.776094] (crazyflie_sim) StdoutLine: {'line': b'-- Up-to-date: /home/gowtham/crazyflie_ws/install/crazyflie_sim/local/lib/python3.10/dist-packages/crazyflie_sim/backend/data/neuralswarm2/rho_S.pth\n'}
[4.776200] (crazyflie_sim) StdoutLine: {'line': b'-- Up-to-date: /home/gowtham/crazyflie_ws/install/crazyflie_sim/local/lib/python3.10/dist-packages/crazyflie_sim/backend/data/neuralswarm2/phi_L.pth\n'}
[4.776320] (crazyflie_sim) StdoutLine: {'line': b'-- Up-to-date: /home/gowtham/crazyflie_ws/install/crazyflie_sim/local/lib/python3.10/dist-packages/crazyflie_sim/backend/data/pinocchio\n'}
[4.776427] (crazyflie_sim) StdoutLine: {'line': b'-- Up-to-date: /home/gowtham/crazyflie_ws/install/crazyflie_sim/local/lib/python3.10/dist-packages/crazyflie_sim/backend/data/pinocchio/crazyflie2.urdf\n'}
[4.776572] (crazyflie_sim) StdoutLine: {'line': b'-- Up-to-date: /home/gowtham/crazyflie_ws/install/crazyflie_sim/local/lib/python3.10/dist-packages/crazyflie_sim/backend/dynobench.py\n'}
[4.776680] (crazyflie_sim) StdoutLine: {'line': b'-- Up-to-date: /home/gowtham/crazyflie_ws/install/crazyflie_sim/local/lib/python3.10/dist-packages/crazyflie_sim/crazyflie_server.py\n'}
[4.776791] (crazyflie_sim) StdoutLine: {'line': b'-- Up-to-date: /home/gowtham/crazyflie_ws/install/crazyflie_sim/local/lib/python3.10/dist-packages/crazyflie_sim/crazyflie_sil.py\n'}
[4.776899] (crazyflie_sim) StdoutLine: {'line': b'-- Up-to-date: /home/gowtham/crazyflie_ws/install/crazyflie_sim/local/lib/python3.10/dist-packages/crazyflie_sim/sim_data_types.py\n'}
[4.851651] (-) TimerEvent: {}
[4.874697] (crazyflie_sim) StdoutLine: {'line': b"Listing '/home/gowtham/crazyflie_ws/install/crazyflie_sim/local/lib/python3.10/dist-packages/crazyflie_sim'...\n"}
[4.874999] (crazyflie_sim) StdoutLine: {'line': b"Listing '/home/gowtham/crazyflie_ws/install/crazyflie_sim/local/lib/python3.10/dist-packages/crazyflie_sim/backend'...\n"}
[4.875226] (crazyflie_sim) StdoutLine: {'line': b"Listing '/home/gowtham/crazyflie_ws/install/crazyflie_sim/local/lib/python3.10/dist-packages/crazyflie_sim/backend/data'...\n"}
[4.875424] (crazyflie_sim) StdoutLine: {'line': b"Listing '/home/gowtham/crazyflie_ws/install/crazyflie_sim/local/lib/python3.10/dist-packages/crazyflie_sim/backend/data/dynobench'...\n"}
[4.875593] (crazyflie_sim) StdoutLine: {'line': b"Listing '/home/gowtham/crazyflie_ws/install/crazyflie_sim/local/lib/python3.10/dist-packages/crazyflie_sim/backend/data/neuralswarm2'...\n"}
[4.875747] (crazyflie_sim) StdoutLine: {'line': b"Listing '/home/gowtham/crazyflie_ws/install/crazyflie_sim/local/lib/python3.10/dist-packages/crazyflie_sim/backend/data/pinocchio'...\n"}
[4.875859] (crazyflie_sim) StdoutLine: {'line': b"Listing '/home/gowtham/crazyflie_ws/install/crazyflie_sim/local/lib/python3.10/dist-packages/crazyflie_sim/visualization'...\n"}
[4.875966] (crazyflie_sim) StdoutLine: {'line': b"Listing '/home/gowtham/crazyflie_ws/install/crazyflie_sim/local/lib/python3.10/dist-packages/crazyflie_sim/visualization/data'...\n"}
[4.876091] (crazyflie_sim) StdoutLine: {'line': b"Listing '/home/gowtham/crazyflie_ws/install/crazyflie_sim/local/lib/python3.10/dist-packages/crazyflie_sim/visualization/data/env'...\n"}
[4.876257] (crazyflie_sim) StdoutLine: {'line': b"Listing '/home/gowtham/crazyflie_ws/install/crazyflie_sim/local/lib/python3.10/dist-packages/crazyflie_sim/visualization/data/model'...\n"}
[4.880540] (crazyflie_sim) StdoutLine: {'line': b'-- Up-to-date: /home/gowtham/crazyflie_ws/install/crazyflie_sim/share/ament_index/resource_index/package_run_dependencies/crazyflie_sim\n'}
[4.881058] (crazyflie_sim) StdoutLine: {'line': b'-- Up-to-date: /home/gowtham/crazyflie_ws/install/crazyflie_sim/share/ament_index/resource_index/parent_prefix_path/crazyflie_sim\n'}
[4.881392] (crazyflie_sim) StdoutLine: {'line': b'-- Up-to-date: /home/gowtham/crazyflie_ws/install/crazyflie_sim/share/crazyflie_sim/environment/ament_prefix_path.sh\n'}
[4.881847] (crazyflie_sim) StdoutLine: {'line': b'-- Up-to-date: /home/gowtham/crazyflie_ws/install/crazyflie_sim/share/crazyflie_sim/environment/ament_prefix_path.dsv\n'}
[4.882083] (crazyflie_sim) StdoutLine: {'line': b'-- Up-to-date: /home/gowtham/crazyflie_ws/install/crazyflie_sim/share/crazyflie_sim/environment/path.sh\n'}
[4.882353] (crazyflie_sim) StdoutLine: {'line': b'-- Up-to-date: /home/gowtham/crazyflie_ws/install/crazyflie_sim/share/crazyflie_sim/environment/path.dsv\n'}
[4.882631] (crazyflie_sim) StdoutLine: {'line': b'-- Up-to-date: /home/gowtham/crazyflie_ws/install/crazyflie_sim/share/crazyflie_sim/local_setup.bash\n'}
[4.882805] (crazyflie_sim) StdoutLine: {'line': b'-- Up-to-date: /home/gowtham/crazyflie_ws/install/crazyflie_sim/share/crazyflie_sim/local_setup.sh\n'}
[4.882987] (crazyflie_sim) StdoutLine: {'line': b'-- Up-to-date: /home/gowtham/crazyflie_ws/install/crazyflie_sim/share/crazyflie_sim/local_setup.zsh\n'}
[4.883155] (crazyflie_sim) StdoutLine: {'line': b'-- Up-to-date: /home/gowtham/crazyflie_ws/install/crazyflie_sim/share/crazyflie_sim/local_setup.dsv\n'}
[4.883336] (crazyflie_sim) StdoutLine: {'line': b'-- Installing: /home/gowtham/crazyflie_ws/install/crazyflie_sim/share/crazyflie_sim/package.dsv\n'}
[4.884052] (crazyflie_sim) StdoutLine: {'line': b'-- Up-to-date: /home/gowtham/crazyflie_ws/install/crazyflie_sim/share/ament_index/resource_index/packages/crazyflie_sim\n'}
[4.884272] (crazyflie_sim) StdoutLine: {'line': b'-- Up-to-date: /home/gowtham/crazyflie_ws/install/crazyflie_sim/share/crazyflie_sim/cmake/crazyflie_simConfig.cmake\n'}
[4.884807] (crazyflie_sim) StdoutLine: {'line': b'-- Up-to-date: /home/gowtham/crazyflie_ws/install/crazyflie_sim/share/crazyflie_sim/cmake/crazyflie_simConfig-version.cmake\n'}
[4.884975] (crazyflie_sim) StdoutLine: {'line': b'-- Up-to-date: /home/gowtham/crazyflie_ws/install/crazyflie_sim/share/crazyflie_sim/package.xml\n'}
[4.892782] (crazyflie_sim) CommandEnded: {'returncode': 0}
[4.925192] (crazyflie_sim) JobEnded: {'identifier': 'crazyflie_sim', 'rc': 0}
[4.951763] (-) TimerEvent: {}
[5.052072] (-) TimerEvent: {}
[5.130052] (crazyflie_examples) StdoutLine: {'line': b'running install_scripts\n'}
[5.133473] (crazyflie_examples) StderrLine: {'line': b'/usr/lib/python3/dist-packages/setuptools/command/install.py:34: SetuptoolsDeprecationWarning: setup.py install is deprecated. Use build and pip and other standards-based tools.\n'}
[5.133761] (crazyflie_examples) StderrLine: {'line': b'  warnings.warn(\n'}
[5.152194] (-) TimerEvent: {}
[5.155367] (crazyflie_examples) StdoutLine: {'line': b'running egg_info\n'}
[5.156651] (crazyflie_examples) StdoutLine: {'line': b'writing crazyflie_examples.egg-info/PKG-INFO\n'}
[5.157005] (crazyflie_examples) StdoutLine: {'line': b'writing dependency_links to crazyflie_examples.egg-info/dependency_links.txt\n'}
[5.157495] (crazyflie_examples) StdoutLine: {'line': b'writing entry points to crazyflie_examples.egg-info/entry_points.txt\n'}
[5.158114] (crazyflie_examples) StdoutLine: {'line': b'writing top-level names to crazyflie_examples.egg-info/top_level.txt\n'}
[5.161642] (crazyflie_examples) StdoutLine: {'line': b"reading manifest file 'crazyflie_examples.egg-info/SOURCES.txt'\n"}
[5.163057] (crazyflie_examples) StdoutLine: {'line': b"writing manifest file 'crazyflie_examples.egg-info/SOURCES.txt'\n"}
[5.180630] (crazyflie_examples) StdoutLine: {'line': b'running egg_info\n'}
[5.180921] (crazyflie_examples) StdoutLine: {'line': b'writing crazyflie_examples.egg-info/PKG-INFO\n'}
[5.181067] (crazyflie_examples) StdoutLine: {'line': b'writing dependency_links to crazyflie_examples.egg-info/dependency_links.txt\n'}
[5.181250] (crazyflie_examples) StdoutLine: {'line': b'writing entry points to crazyflie_examples.egg-info/entry_points.txt\n'}
[5.181503] (crazyflie_examples) StdoutLine: {'line': b'writing top-level names to crazyflie_examples.egg-info/top_level.txt\n'}
[5.183135] (crazyflie_examples) StdoutLine: {'line': b"reading manifest file 'crazyflie_examples.egg-info/SOURCES.txt'\n"}
[5.184135] (crazyflie_examples) StdoutLine: {'line': b"writing manifest file 'crazyflie_examples.egg-info/SOURCES.txt'\n"}
[5.187230] (crazyflie_examples) StdoutLine: {'line': b'Installing arming script to scripts\n'}
[5.192829] (crazyflie_examples) StdoutLine: {'line': b'Installing cmd_full_state script to scripts\n'}
[5.193176] (crazyflie_examples) StdoutLine: {'line': b'Installing figure8 script to scripts\n'}
[5.193329] (crazyflie_examples) StdoutLine: {'line': b'Installing goto_unicast script to scripts\n'}
[5.193473] (crazyflie_examples) StdoutLine: {'line': b'Installing group_mask script to scripts\n'}
[5.193633] (crazyflie_examples) StdoutLine: {'line': b'Installing hello_world script to scripts\n'}
[5.193770] (crazyflie_examples) StdoutLine: {'line': b'Installing infinite_flight script to scripts\n'}
[5.193905] (crazyflie_examples) StdoutLine: {'line': b'Installing multi_trajectory script to scripts\n'}
[5.194038] (crazyflie_examples) StdoutLine: {'line': b'Installing nice_hover script to scripts\n'}
[5.194173] (crazyflie_examples) StdoutLine: {'line': b'Installing set_param script to scripts\n'}
[5.194317] (crazyflie_examples) StdoutLine: {'line': b'Installing swap script to scripts\n'}
[5.244570] (crazyflie_examples) StdoutLine: {'line': b'Built target ament_cmake_python_build_crazyflie_examples_egg\n'}
[5.252333] (-) TimerEvent: {}
[5.261463] (crazyflie_examples) StdoutLine: {'line': b'Built target ament_cmake_python_build_crazyflie_examples_scripts\n'}
[5.280248] (crazyflie_examples) CommandEnded: {'returncode': 0}
[5.281514] (crazyflie_examples) JobProgress: {'identifier': 'crazyflie_examples', 'progress': 'install'}
[5.281993] (crazyflie_examples) Command: {'cmd': ['/usr/bin/cmake', '--install', '/home/gowtham/crazyflie_ws/build/crazyflie_examples'], 'cwd': '/home/gowtham/crazyflie_ws/build/crazyflie_examples', 'env': OrderedDict([('LESSOPEN', '| /usr/bin/lesspipe %s'), ('LANGUAGE', 'en_IN:en'), ('USER', 'gowtham'), ('XDG_SESSION_TYPE', 'wayland'), ('SHLVL', '1'), ('LD_LIBRARY_PATH', '/home/gowtham/crazyflie_ws/install/crazyflie_interfaces/lib:/home/gowtham/swarm_ws/install/crazyflie_interfaces/lib:/opt/ros/humble/opt/rviz_ogre_vendor/lib:/opt/ros/humble/lib/x86_64-linux-gnu:/opt/ros/humble/lib'), ('HOME', '/home/gowtham'), ('OLDPWD', '/home/gowtham'), ('DESKTOP_SESSION', 'ubuntu'), ('ROS_PYTHON_VERSION', '3'), ('GNOME_SHELL_SESSION_MODE', 'ubuntu'), ('GTK_MODULES', 'gail:atk-bridge'), ('SYSTEMD_EXEC_PID', '1194'), ('DBUS_SESSION_BUS_ADDRESS', 'unix:path=/run/user/1000/bus'), ('COLORTERM', 'truecolor'), ('IM_CONFIG_PHASE', '1'), ('WAYLAND_DISPLAY', 'wayland-0'), ('COLCON_PREFIX_PATH', '/home/gowtham/swarm_ws/install'), ('ROS_DISTRO', 'humble'), ('LOGNAME', 'gowtham'), ('_', '/usr/bin/colcon'), ('ROS_VERSION', '2'), ('XDG_SESSION_CLASS', 'user'), ('USERNAME', 'gowtham'), ('TERM', 'xterm-256color'), ('GNOME_DESKTOP_SESSION_ID', 'this-is-deprecated'), ('ROS_LOCALHOST_ONLY', '0'), ('PATH', '/opt/ros/humble/bin:/home/gowtham/.local/bin:/usr/local/sbin:/usr/local/bin:/usr/sbin:/usr/bin:/sbin:/bin:/usr/games:/usr/local/games:/snap/bin:/snap/bin:/home/gowtham/.local/bin'), ('SESSION_MANAGER', 'local/gowtham:@/tmp/.ICE-unix/886,unix/gowtham:/tmp/.ICE-unix/886'), ('XDG_MENU_PREFIX', 'gnome-'), ('GNOME_TERMINAL_SCREEN', '/org/gnome/Terminal/screen/6bd8070d_3214_421e_a9d9_4cc0ef401316'), ('GNOME_SETUP_DISPLAY', ':1'), ('XDG_RUNTIME_DIR', '/run/user/1000'), ('DISPLAY', ':0'), ('LANG', 'en_US.UTF-8'), ('XDG_CURRENT_DESKTOP', 'ubuntu:GNOME'), ('XMODIFIERS', '@im=ibus'), ('XDG_SESSION_DESKTOP', 'ubuntu'), ('XAUTHORITY', '/run/user/1000/.mutter-Xwaylandauth.C45TP3'), ('LS_COLORS', 'rs=0:di=01;34:ln=01;36:mh=00:pi=40;33:so=01;35:do=01;35:bd=40;33;01:cd=40;33;01:or=40;31;01:mi=00:su=37;41:sg=30;43:ca=30;41:tw=30;42:ow=34;42:st=37;44:ex=01;32:*.tar=01;31:*.tgz=01;31:*.arc=01;31:*.arj=01;31:*.taz=01;31:*.lha=01;31:*.lz4=01;31:*.lzh=01;31:*.lzma=01;31:*.tlz=01;31:*.txz=01;31:*.tzo=01;31:*.t7z=01;31:*.zip=01;31:*.z=01;31:*.dz=01;31:*.gz=01;31:*.lrz=01;31:*.lz=01;31:*.lzo=01;31:*.xz=01;31:*.zst=01;31:*.tzst=01;31:*.bz2=01;31:*.bz=01;31:*.tbz=01;31:*.tbz2=01;31:*.tz=01;31:*.deb=01;31:*.rpm=01;31:*.jar=01;31:*.war=01;31:*.ear=01;31:*.sar=01;31:*.rar=01;31:*.alz=01;31:*.ace=01;31:*.zoo=01;31:*.cpio=01;31:*.7z=01;31:*.rz=01;31:*.cab=01;31:*.wim=01;31:*.swm=01;31:*.dwm=01;31:*.esd=01;31:*.jpg=01;35:*.jpeg=01;35:*.mjpg=01;35:*.mjpeg=01;35:*.gif=01;35:*.bmp=01;35:*.pbm=01;35:*.pgm=01;35:*.ppm=01;35:*.tga=01;35:*.xbm=01;35:*.xpm=01;35:*.tif=01;35:*.tiff=01;35:*.png=01;35:*.svg=01;35:*.svgz=01;35:*.mng=01;35:*.pcx=01;35:*.mov=01;35:*.mpg=01;35:*.mpeg=01;35:*.m2v=01;35:*.mkv=01;35:*.webm=01;35:*.webp=01;35:*.ogm=01;35:*.mp4=01;35:*.m4v=01;35:*.mp4v=01;35:*.vob=01;35:*.qt=01;35:*.nuv=01;35:*.wmv=01;35:*.asf=01;35:*.rm=01;35:*.rmvb=01;35:*.flc=01;35:*.avi=01;35:*.fli=01;35:*.flv=01;35:*.gl=01;35:*.dl=01;35:*.xcf=01;35:*.xwd=01;35:*.yuv=01;35:*.cgm=01;35:*.emf=01;35:*.ogv=01;35:*.ogx=01;35:*.aac=00;36:*.au=00;36:*.flac=00;36:*.m4a=00;36:*.mid=00;36:*.midi=00;36:*.mka=00;36:*.mp3=00;36:*.mpc=00;36:*.ogg=00;36:*.ra=00;36:*.wav=00;36:*.oga=00;36:*.opus=00;36:*.spx=00;36:*.xspf=00;36:'), ('GNOME_TERMINAL_SERVICE', ':1.120'), ('SSH_AGENT_LAUNCHER', 'gnome-keyring'), ('SSH_AUTH_SOCK', '/run/user/1000/keyring/ssh'), ('AMENT_PREFIX_PATH', '/home/gowtham/crazyflie_ws/install/crazyflie_py:/home/gowtham/crazyflie_ws/install/crazyflie_interfaces:/home/gowtham/swarm_ws/install/guidance_layer:/home/gowtham/swarm_ws/install/crazyflie_sim:/home/gowtham/swarm_ws/install/crazyflie_examples:/home/gowtham/swarm_ws/install/crazyflie_py:/home/gowtham/swarm_ws/install/crazyflie:/home/gowtham/swarm_ws/install/crazyflie_interfaces:/home/gowtham/swarm_ws/install/control_layer:/home/gowtham/swarm_ws/install/consensus_controller:/opt/ros/humble'), ('SHELL', '/bin/bash'), ('QT_ACCESSIBILITY', '1'), ('GDMSESSION', 'ubuntu'), ('LESSCLOSE', '/usr/bin/lesspipe %s %s'), ('QT_IM_MODULE', 'ibus'), ('PWD', '/home/gowtham/crazyflie_ws/build/crazyflie_examples'), ('LC_ALL', 'en_US.UTF-8'), ('XDG_CONFIG_DIRS', '/etc/xdg/xdg-ubuntu:/etc/xdg'), ('XDG_DATA_DIRS', '/usr/share/ubuntu:/usr/local/share/:/usr/share/:/var/lib/snapd/desktop'), ('PYTHONPATH', '/home/gowtham/crazyflie_ws/install/crazyflie_py/lib/python3.10/site-packages:/home/gowtham/crazyflie_ws/install/crazyflie_interfaces/local/lib/python3.10/dist-packages:/home/gowtham/crazyflie-firmware/build:/home/gowtham/crazyflie-firmware/build:/home/gowtham/swarm_ws/install/guidance_layer/lib/python3.10/site-packages:/home/gowtham/swarm_ws/install/crazyflie_sim/local/lib/python3.10/dist-packages:/home/gowtham/swarm_ws/install/crazyflie_examples/local/lib/python3.10/dist-packages:/home/gowtham/swarm_ws/install/crazyflie_py/lib/python3.10/site-packages:/home/gowtham/swarm_ws/install/crazyflie_interfaces/local/lib/python3.10/dist-packages:/home/gowtham/swarm_ws/install/control_layer/lib/python3.10/site-packages:/home/gowtham/swarm_ws/install/consensus_controller/lib/python3.10/site-packages:/opt/ros/humble/lib/python3.10/site-packages:/opt/ros/humble/local/lib/python3.10/dist-packages'), ('COLCON', '1'), ('VTE_VERSION', '6800'), ('CMAKE_PREFIX_PATH', '/home/gowtham/crazyflie_ws/install/crazyflie_interfaces:/home/gowtham/swarm_ws/install/crazyflie_sim:/home/gowtham/swarm_ws/install/crazyflie_examples:/home/gowtham/swarm_ws/install/crazyflie:/home/gowtham/swarm_ws/install/crazyflie_interfaces:/home/gowtham/swarm_ws/install/guidance_layer:/home/gowtham/swarm_ws/install/crazyflie_py:/home/gowtham/swarm_ws/install/control_layer:/home/gowtham/swarm_ws/install/consensus_controller:/opt/ros/humble')]), 'shell': False}
[5.297188] (crazyflie_examples) StdoutLine: {'line': b'-- Install configuration: ""\n'}
[5.297708] (crazyflie_examples) StdoutLine: {'line': b'-- Up-to-date: /home/gowtham/crazyflie_ws/install/crazyflie_examples/share/crazyflie_examples/environment/pythonpath.sh\n'}
[5.297882] (crazyflie_examples) StdoutLine: {'line': b'-- Up-to-date: /home/gowtham/crazyflie_ws/install/crazyflie_examples/share/crazyflie_examples/environment/pythonpath.dsv\n'}
[5.298388] (crazyflie_examples) StdoutLine: {'line': b'-- Up-to-date: /home/gowtham/crazyflie_ws/install/crazyflie_examples/local/lib/python3.10/dist-packages/crazyflie_examples-1.0.3-py3.10.egg-info\n'}
[5.298606] (crazyflie_examples) StdoutLine: {'line': b'-- Installing: /home/gowtham/crazyflie_ws/install/crazyflie_examples/local/lib/python3.10/dist-packages/crazyflie_examples-1.0.3-py3.10.egg-info/dependency_links.txt\n'}
[5.298966] (crazyflie_examples) StdoutLine: {'line': b'-- Installing: /home/gowtham/crazyflie_ws/install/crazyflie_examples/local/lib/python3.10/dist-packages/crazyflie_examples-1.0.3-py3.10.egg-info/SOURCES.txt\n'}
[5.299259] (crazyflie_examples) StdoutLine: {'line': b'-- Installing: /home/gowtham/crazyflie_ws/install/crazyflie_examples/local/lib/python3.10/dist-packages/crazyflie_examples-1.0.3-py3.10.egg-info/top_level.txt\n'}
[5.299545] (crazyflie_examples) StdoutLine: {'line': b'-- Installing: /home/gowtham/crazyflie_ws/install/crazyflie_examples/local/lib/python3.10/dist-packages/crazyflie_examples-1.0.3-py3.10.egg-info/PKG-INFO\n'}
[5.299779] (crazyflie_examples) StdoutLine: {'line': b'-- Installing: /home/gowtham/crazyflie_ws/install/crazyflie_examples/local/lib/python3.10/dist-packages/crazyflie_examples-1.0.3-py3.10.egg-info/entry_points.txt\n'}
[5.300171] (crazyflie_examples) StdoutLine: {'line': b'-- Up-to-date: /home/gowtham/crazyflie_ws/install/crazyflie_examples/lib/crazyflie_examples/\n'}
[5.300322] (crazyflie_examples) StdoutLine: {'line': b'-- Installing: /home/gowtham/crazyflie_ws/install/crazyflie_examples/lib/crazyflie_examples//nice_hover\n'}
[5.300573] (crazyflie_examples) StdoutLine: {'line': b'-- Installing: /home/gowtham/crazyflie_ws/install/crazyflie_examples/lib/crazyflie_examples//group_mask\n'}
[5.300803] (crazyflie_examples) StdoutLine: {'line': b'-- Installing: /home/gowtham/crazyflie_ws/install/crazyflie_examples/lib/crazyflie_examples//set_param\n'}
[5.301037] (crazyflie_examples) StdoutLine: {'line': b'-- Installing: /home/gowtham/crazyflie_ws/install/crazyflie_examples/lib/crazyflie_examples//arming\n'}
[5.301269] (crazyflie_examples) StdoutLine: {'line': b'-- Installing: /home/gowtham/crazyflie_ws/install/crazyflie_examples/lib/crazyflie_examples//figure8\n'}
[5.301531] (crazyflie_examples) StdoutLine: {'line': b'-- Installing: /home/gowtham/crazyflie_ws/install/crazyflie_examples/lib/crazyflie_examples//hello_world\n'}
[5.301759] (crazyflie_examples) StdoutLine: {'line': b'-- Installing: /home/gowtham/crazyflie_ws/install/crazyflie_examples/lib/crazyflie_examples//cmd_full_state\n'}
[5.301988] (crazyflie_examples) StdoutLine: {'line': b'-- Installing: /home/gowtham/crazyflie_ws/install/crazyflie_examples/lib/crazyflie_examples//multi_trajectory\n'}
[5.302427] (crazyflie_examples) StdoutLine: {'line': b'-- Installing: /home/gowtham/crazyflie_ws/install/crazyflie_examples/lib/crazyflie_examples//infinite_flight\n'}
[5.304595] (crazyflie_examples) StdoutLine: {'line': b'-- Installing: /home/gowtham/crazyflie_ws/install/crazyflie_examples/lib/crazyflie_examples//goto_unicast\n'}
[5.304810] (crazyflie_examples) StdoutLine: {'line': b'-- Installing: /home/gowtham/crazyflie_ws/install/crazyflie_examples/lib/crazyflie_examples//swap\n'}
[5.305504] (crazyflie_examples) StdoutLine: {'line': b'-- Up-to-date: /home/gowtham/crazyflie_ws/install/crazyflie_examples/local/lib/python3.10/dist-packages/crazyflie_examples\n'}
[5.305762] (crazyflie_examples) StdoutLine: {'line': b'-- Up-to-date: /home/gowtham/crazyflie_ws/install/crazyflie_examples/local/lib/python3.10/dist-packages/crazyflie_examples/infinite_flight.py\n'}
[5.305906] (crazyflie_examples) StdoutLine: {'line': b'-- Up-to-date: /home/gowtham/crazyflie_ws/install/crazyflie_examples/local/lib/python3.10/dist-packages/crazyflie_examples/swap.py\n'}
[5.306645] (crazyflie_examples) StdoutLine: {'line': b'-- Up-to-date: /home/gowtham/crazyflie_ws/install/crazyflie_examples/local/lib/python3.10/dist-packages/crazyflie_examples/__init__.py\n'}
[5.306844] (crazyflie_examples) StdoutLine: {'line': b'-- Up-to-date: /home/gowtham/crazyflie_ws/install/crazyflie_examples/local/lib/python3.10/dist-packages/crazyflie_examples/goto_unicast.py\n'}
[5.306980] (crazyflie_examples) StdoutLine: {'line': b'-- Up-to-date: /home/gowtham/crazyflie_ws/install/crazyflie_examples/local/lib/python3.10/dist-packages/crazyflie_examples/cmd_full_state.py\n'}
[5.307108] (crazyflie_examples) StdoutLine: {'line': b'-- Up-to-date: /home/gowtham/crazyflie_ws/install/crazyflie_examples/local/lib/python3.10/dist-packages/crazyflie_examples/group_mask.py\n'}
[5.307234] (crazyflie_examples) StdoutLine: {'line': b'-- Up-to-date: /home/gowtham/crazyflie_ws/install/crazyflie_examples/local/lib/python3.10/dist-packages/crazyflie_examples/arming.py\n'}
[5.307361] (crazyflie_examples) StdoutLine: {'line': b'-- Up-to-date: /home/gowtham/crazyflie_ws/install/crazyflie_examples/local/lib/python3.10/dist-packages/crazyflie_examples/hello_world.py\n'}
[5.307575] (crazyflie_examples) StdoutLine: {'line': b'-- Up-to-date: /home/gowtham/crazyflie_ws/install/crazyflie_examples/local/lib/python3.10/dist-packages/crazyflie_examples/nice_hover.py\n'}
[5.307685] (crazyflie_examples) StdoutLine: {'line': b'-- Up-to-date: /home/gowtham/crazyflie_ws/install/crazyflie_examples/local/lib/python3.10/dist-packages/crazyflie_examples/multi_trajectory.py\n'}
[5.307785] (crazyflie_examples) StdoutLine: {'line': b'-- Up-to-date: /home/gowtham/crazyflie_ws/install/crazyflie_examples/local/lib/python3.10/dist-packages/crazyflie_examples/set_param.py\n'}
[5.307890] (crazyflie_examples) StdoutLine: {'line': b'-- Up-to-date: /home/gowtham/crazyflie_ws/install/crazyflie_examples/local/lib/python3.10/dist-packages/crazyflie_examples/data\n'}
[5.307996] (crazyflie_examples) StdoutLine: {'line': b'-- Up-to-date: /home/gowtham/crazyflie_ws/install/crazyflie_examples/local/lib/python3.10/dist-packages/crazyflie_examples/data/figure8.csv\n'}
[5.308099] (crazyflie_examples) StdoutLine: {'line': b'-- Up-to-date: /home/gowtham/crazyflie_ws/install/crazyflie_examples/local/lib/python3.10/dist-packages/crazyflie_examples/data/multi_trajectory\n'}
[5.308218] (crazyflie_examples) StdoutLine: {'line': b'-- Up-to-date: /home/gowtham/crazyflie_ws/install/crazyflie_examples/local/lib/python3.10/dist-packages/crazyflie_examples/data/multi_trajectory/traj1.csv\n'}
[5.308323] (crazyflie_examples) StdoutLine: {'line': b'-- Up-to-date: /home/gowtham/crazyflie_ws/install/crazyflie_examples/local/lib/python3.10/dist-packages/crazyflie_examples/data/multi_trajectory/traj0.csv\n'}
[5.308422] (crazyflie_examples) StdoutLine: {'line': b'-- Up-to-date: /home/gowtham/crazyflie_ws/install/crazyflie_examples/local/lib/python3.10/dist-packages/crazyflie_examples/figure8.py\n'}
[5.352431] (-) TimerEvent: {}
[5.358682] (crazyflie_examples) StdoutLine: {'line': b"Listing '/home/gowtham/crazyflie_ws/install/crazyflie_examples/local/lib/python3.10/dist-packages/crazyflie_examples'...\n"}
[5.358991] (crazyflie_examples) StdoutLine: {'line': b"Listing '/home/gowtham/crazyflie_ws/install/crazyflie_examples/local/lib/python3.10/dist-packages/crazyflie_examples/data'...\n"}
[5.359191] (crazyflie_examples) StdoutLine: {'line': b"Listing '/home/gowtham/crazyflie_ws/install/crazyflie_examples/local/lib/python3.10/dist-packages/crazyflie_examples/data/multi_trajectory'...\n"}
[5.365535] (crazyflie_examples) StdoutLine: {'line': b'-- Up-to-date: /home/gowtham/crazyflie_ws/install/crazyflie_examples/share/crazyflie_examples//config\n'}
[5.365860] (crazyflie_examples) StdoutLine: {'line': b'-- Up-to-date: /home/gowtham/crazyflie_ws/install/crazyflie_examples/share/crazyflie_examples//config/nav2_view.rviz\n'}
[5.366029] (crazyflie_examples) StdoutLine: {'line': b'-- Up-to-date: /home/gowtham/crazyflie_ws/install/crazyflie_examples/share/crazyflie_examples//config/slam_params.yaml\n'}
[5.366123] (crazyflie_examples) StdoutLine: {'line': b'-- Up-to-date: /home/gowtham/crazyflie_ws/install/crazyflie_examples/share/crazyflie_examples//config/nav2_params.yaml\n'}
[5.366209] (crazyflie_examples) StdoutLine: {'line': b'-- Up-to-date: /home/gowtham/crazyflie_ws/install/crazyflie_examples/share/crazyflie_examples//data\n'}
[5.366353] (crazyflie_examples) StdoutLine: {'line': b'-- Up-to-date: /home/gowtham/crazyflie_ws/install/crazyflie_examples/share/crazyflie_examples//data/map.posegraph\n'}
[5.366466] (crazyflie_examples) StdoutLine: {'line': b'-- Up-to-date: /home/gowtham/crazyflie_ws/install/crazyflie_examples/share/crazyflie_examples//data/map.pgm\n'}
[5.366591] (crazyflie_examples) StdoutLine: {'line': b'-- Up-to-date: /home/gowtham/crazyflie_ws/install/crazyflie_examples/share/crazyflie_examples//data/map.yaml\n'}
[5.366676] (crazyflie_examples) StdoutLine: {'line': b'-- Up-to-date: /home/gowtham/crazyflie_ws/install/crazyflie_examples/share/crazyflie_examples//data/map.data\n'}
[5.366769] (crazyflie_examples) StdoutLine: {'line': b'-- Up-to-date: /home/gowtham/crazyflie_ws/install/crazyflie_examples/share/crazyflie_examples//launch\n'}
[5.366895] (crazyflie_examples) StdoutLine: {'line': b'-- Up-to-date: /home/gowtham/crazyflie_ws/install/crazyflie_examples/share/crazyflie_examples//launch/multiranger_simple_mapper_launch.py\n'}
[5.367035] (crazyflie_examples) StdoutLine: {'line': b'-- Up-to-date: /home/gowtham/crazyflie_ws/install/crazyflie_examples/share/crazyflie_examples//launch/multiranger_nav2_launch.py\n'}
[5.367134] (crazyflie_examples) StdoutLine: {'line': b'-- Up-to-date: /home/gowtham/crazyflie_ws/install/crazyflie_examples/share/crazyflie_examples//launch/launch.py\n'}
[5.367217] (crazyflie_examples) StdoutLine: {'line': b'-- Up-to-date: /home/gowtham/crazyflie_ws/install/crazyflie_examples/share/crazyflie_examples//launch/multiranger_mapping_launch.py\n'}
[5.367300] (crazyflie_examples) StdoutLine: {'line': b'-- Up-to-date: /home/gowtham/crazyflie_ws/install/crazyflie_examples/share/crazyflie_examples//launch/keyboard_velmux_launch.py\n'}
[5.367421] (crazyflie_examples) StdoutLine: {'line': b'-- Up-to-date: /home/gowtham/crazyflie_ws/install/crazyflie_examples/share/ament_index/resource_index/package_run_dependencies/crazyflie_examples\n'}
[5.367550] (crazyflie_examples) StdoutLine: {'line': b'-- Up-to-date: /home/gowtham/crazyflie_ws/install/crazyflie_examples/share/ament_index/resource_index/parent_prefix_path/crazyflie_examples\n'}
[5.367665] (crazyflie_examples) StdoutLine: {'line': b'-- Up-to-date: /home/gowtham/crazyflie_ws/install/crazyflie_examples/share/crazyflie_examples/environment/ament_prefix_path.sh\n'}
[5.367787] (crazyflie_examples) StdoutLine: {'line': b'-- Up-to-date: /home/gowtham/crazyflie_ws/install/crazyflie_examples/share/crazyflie_examples/environment/ament_prefix_path.dsv\n'}
[5.367912] (crazyflie_examples) StdoutLine: {'line': b'-- Up-to-date: /home/gowtham/crazyflie_ws/install/crazyflie_examples/share/crazyflie_examples/environment/path.sh\n'}
[5.368063] (crazyflie_examples) StdoutLine: {'line': b'-- Up-to-date: /home/gowtham/crazyflie_ws/install/crazyflie_examples/share/crazyflie_examples/environment/path.dsv\n'}
[5.368157] (crazyflie_examples) StdoutLine: {'line': b'-- Up-to-date: /home/gowtham/crazyflie_ws/install/crazyflie_examples/share/crazyflie_examples/local_setup.bash\n'}
[5.368251] (crazyflie_examples) StdoutLine: {'line': b'-- Up-to-date: /home/gowtham/crazyflie_ws/install/crazyflie_examples/share/crazyflie_examples/local_setup.sh\n'}
[5.368371] (crazyflie_examples) StdoutLine: {'line': b'-- Up-to-date: /home/gowtham/crazyflie_ws/install/crazyflie_examples/share/crazyflie_examples/local_setup.zsh\n'}
[5.368499] (crazyflie_examples) StdoutLine: {'line': b'-- Up-to-date: /home/gowtham/crazyflie_ws/install/crazyflie_examples/share/crazyflie_examples/local_setup.dsv\n'}
[5.368594] (crazyflie_examples) StdoutLine: {'line': b'-- Installing: /home/gowtham/crazyflie_ws/install/crazyflie_examples/share/crazyflie_examples/package.dsv\n'}
[5.368798] (crazyflie_examples) StdoutLine: {'line': b'-- Up-to-date: /home/gowtham/crazyflie_ws/install/crazyflie_examples/share/ament_index/resource_index/packages/crazyflie_examples\n'}
[5.370584] (crazyflie_examples) StdoutLine: {'line': b'-- Up-to-date: /home/gowtham/crazyflie_ws/install/crazyflie_examples/share/crazyflie_examples/cmake/crazyflie_examplesConfig.cmake\n'}
[5.370764] (crazyflie_examples) StdoutLine: {'line': b'-- Up-to-date: /home/gowtham/crazyflie_ws/install/crazyflie_examples/share/crazyflie_examples/cmake/crazyflie_examplesConfig-version.cmake\n'}
[5.370841] (crazyflie_examples) StdoutLine: {'line': b'-- Up-to-date: /home/gowtham/crazyflie_ws/install/crazyflie_examples/share/crazyflie_examples/package.xml\n'}
[5.372459] (crazyflie_examples) CommandEnded: {'returncode': 0}
[5.389432] (crazyflie_examples) JobEnded: {'identifier': 'crazyflie_examples', 'rc': 0}
[5.390624] (-) EventReactorShutdown: {}
