[0.756s] DEBUG:colcon:Command line arguments: ['/usr/bin/colcon', 'build', '--symlink-install', '--packages-select', 'swarm_guidance']
[0.756s] DEBUG:colcon:Parsed command line arguments: Namespace(log_base=None, log_level=None, verb_name='build', build_base='build', install_base='install', merge_install=False, symlink_install=True, test_result_base=None, continue_on_error=False, executor='parallel', parallel_workers=4, event_handlers=None, ignore_user_meta=False, metas=['./colcon.meta'], base_paths=['.'], packages_ignore=None, packages_ignore_regex=None, paths=None, packages_up_to=None, packages_up_to_regex=None, packages_above=None, packages_above_and_dependencies=None, packages_above_depth=None, packages_select_by_dep=None, packages_skip_by_dep=None, packages_skip_up_to=None, packages_select_build_failed=False, packages_skip_build_finished=False, packages_select_test_failures=False, packages_skip_test_passed=False, packages_select=['swarm_guidance'], packages_skip=None, packages_select_regex=None, packages_skip_regex=None, packages_start=None, packages_end=None, allow_overriding=[], cmake_args=None, cmake_target=None, cmake_target_skip_unavailable=False, cmake_clean_cache=False, cmake_clean_first=False, cmake_force_configure=False, ament_cmake_args=None, catkin_cmake_args=None, catkin_skip_building_tests=False, mixin_files=None, mixin=None, verb_parser=<colcon_mixin.mixin.mixin_argument.MixinArgumentDecorator object at 0x7e9384b4c6a0>, verb_extension=<colcon_core.verb.build.BuildVerb object at 0x7e9384b0bf40>, main=<bound method BuildVerb.main of <colcon_core.verb.build.BuildVerb object at 0x7e9384b0bf40>>, mixin_verb=('build',))
[1.060s] Level 1:colcon.colcon_core.package_discovery:discover_packages(colcon_meta) check parameters
[1.060s] Level 1:colcon.colcon_core.package_discovery:discover_packages(recursive) check parameters
[1.060s] Level 1:colcon.colcon_core.package_discovery:discover_packages(ignore) check parameters
[1.060s] Level 1:colcon.colcon_core.package_discovery:discover_packages(path) check parameters
[1.060s] Level 1:colcon.colcon_core.package_discovery:discover_packages(colcon_meta) discover
[1.060s] Level 1:colcon.colcon_core.package_discovery:discover_packages(recursive) discover
[1.060s] INFO:colcon.colcon_core.package_discovery:Crawling recursively for packages in '/home/gowtham/crazyflie_ws'
[1.060s] Level 1:colcon.colcon_core.package_identification:_identify(.) by extensions ['ignore', 'ignore_ament_install']
[1.060s] Level 1:colcon.colcon_core.package_identification:_identify(.) by extension 'ignore'
[1.061s] Level 1:colcon.colcon_core.package_identification:_identify(.) by extension 'ignore_ament_install'
[1.061s] Level 1:colcon.colcon_core.package_identification:_identify(.) by extensions ['colcon_pkg']
[1.061s] Level 1:colcon.colcon_core.package_identification:_identify(.) by extension 'colcon_pkg'
[1.061s] Level 1:colcon.colcon_core.package_identification:_identify(.) by extensions ['colcon_meta']
[1.061s] Level 1:colcon.colcon_core.package_identification:_identify(.) by extension 'colcon_meta'
[1.061s] Level 1:colcon.colcon_core.package_identification:_identify(.) by extensions ['ros']
[1.061s] Level 1:colcon.colcon_core.package_identification:_identify(.) by extension 'ros'
[1.129s] Level 1:colcon.colcon_core.package_identification:_identify(.) by extensions ['cmake', 'python']
[1.129s] Level 1:colcon.colcon_core.package_identification:_identify(.) by extension 'cmake'
[1.129s] Level 1:colcon.colcon_core.package_identification:_identify(.) by extension 'python'
[1.129s] Level 1:colcon.colcon_core.package_identification:_identify(.) by extensions ['python_setup_py']
[1.129s] Level 1:colcon.colcon_core.package_identification:_identify(.) by extension 'python_setup_py'
[1.130s] Level 1:colcon.colcon_core.package_identification:_identify(build) by extensions ['ignore', 'ignore_ament_install']
[1.130s] Level 1:colcon.colcon_core.package_identification:_identify(build) by extension 'ignore'
[1.130s] Level 1:colcon.colcon_core.package_identification:_identify(build) ignored
[1.130s] Level 1:colcon.colcon_core.package_identification:_identify(experiment_logs) by extensions ['ignore', 'ignore_ament_install']
[1.130s] Level 1:colcon.colcon_core.package_identification:_identify(experiment_logs) by extension 'ignore'
[1.130s] Level 1:colcon.colcon_core.package_identification:_identify(experiment_logs) by extension 'ignore_ament_install'
[1.130s] Level 1:colcon.colcon_core.package_identification:_identify(experiment_logs) by extensions ['colcon_pkg']
[1.130s] Level 1:colcon.colcon_core.package_identification:_identify(experiment_logs) by extension 'colcon_pkg'
[1.130s] Level 1:colcon.colcon_core.package_identification:_identify(experiment_logs) by extensions ['colcon_meta']
[1.130s] Level 1:colcon.colcon_core.package_identification:_identify(experiment_logs) by extension 'colcon_meta'
[1.130s] Level 1:colcon.colcon_core.package_identification:_identify(experiment_logs) by extensions ['ros']
[1.130s] Level 1:colcon.colcon_core.package_identification:_identify(experiment_logs) by extension 'ros'
[1.131s] Level 1:colcon.colcon_core.package_identification:_identify(experiment_logs) by extensions ['cmake', 'python']
[1.131s] Level 1:colcon.colcon_core.package_identification:_identify(experiment_logs) by extension 'cmake'
[1.131s] Level 1:colcon.colcon_core.package_identification:_identify(experiment_logs) by extension 'python'
[1.131s] Level 1:colcon.colcon_core.package_identification:_identify(experiment_logs) by extensions ['python_setup_py']
[1.131s] Level 1:colcon.colcon_core.package_identification:_identify(experiment_logs) by extension 'python_setup_py'
[1.131s] Level 1:colcon.colcon_core.package_identification:_identify(experiment_logs/A1_abrupt_health_0.7) by extensions ['ignore', 'ignore_ament_install']
[1.131s] Level 1:colcon.colcon_core.package_identification:_identify(experiment_logs/A1_abrupt_health_0.7) by extension 'ignore'
[1.131s] Level 1:colcon.colcon_core.package_identification:_identify(experiment_logs/A1_abrupt_health_0.7) by extension 'ignore_ament_install'
[1.131s] Level 1:colcon.colcon_core.package_identification:_identify(experiment_logs/A1_abrupt_health_0.7) by extensions ['colcon_pkg']
[1.131s] Level 1:colcon.colcon_core.package_identification:_identify(experiment_logs/A1_abrupt_health_0.7) by extension 'colcon_pkg'
[1.131s] Level 1:colcon.colcon_core.package_identification:_identify(experiment_logs/A1_abrupt_health_0.7) by extensions ['colcon_meta']
[1.131s] Level 1:colcon.colcon_core.package_identification:_identify(experiment_logs/A1_abrupt_health_0.7) by extension 'colcon_meta'
[1.132s] Level 1:colcon.colcon_core.package_identification:_identify(experiment_logs/A1_abrupt_health_0.7) by extensions ['ros']
[1.132s] Level 1:colcon.colcon_core.package_identification:_identify(experiment_logs/A1_abrupt_health_0.7) by extension 'ros'
[1.132s] Level 1:colcon.colcon_core.package_identification:_identify(experiment_logs/A1_abrupt_health_0.7) by extensions ['cmake', 'python']
[1.132s] Level 1:colcon.colcon_core.package_identification:_identify(experiment_logs/A1_abrupt_health_0.7) by extension 'cmake'
[1.132s] Level 1:colcon.colcon_core.package_identification:_identify(experiment_logs/A1_abrupt_health_0.7) by extension 'python'
[1.132s] Level 1:colcon.colcon_core.package_identification:_identify(experiment_logs/A1_abrupt_health_0.7) by extensions ['python_setup_py']
[1.132s] Level 1:colcon.colcon_core.package_identification:_identify(experiment_logs/A1_abrupt_health_0.7) by extension 'python_setup_py'
[1.132s] Level 1:colcon.colcon_core.package_identification:_identify(experiment_logs/A1_abrupt_health_0.7/run_1) by extensions ['ignore', 'ignore_ament_install']
[1.132s] Level 1:colcon.colcon_core.package_identification:_identify(experiment_logs/A1_abrupt_health_0.7/run_1) by extension 'ignore'
[1.132s] Level 1:colcon.colcon_core.package_identification:_identify(experiment_logs/A1_abrupt_health_0.7/run_1) by extension 'ignore_ament_install'
[1.132s] Level 1:colcon.colcon_core.package_identification:_identify(experiment_logs/A1_abrupt_health_0.7/run_1) by extensions ['colcon_pkg']
[1.133s] Level 1:colcon.colcon_core.package_identification:_identify(experiment_logs/A1_abrupt_health_0.7/run_1) by extension 'colcon_pkg'
[1.133s] Level 1:colcon.colcon_core.package_identification:_identify(experiment_logs/A1_abrupt_health_0.7/run_1) by extensions ['colcon_meta']
[1.133s] Level 1:colcon.colcon_core.package_identification:_identify(experiment_logs/A1_abrupt_health_0.7/run_1) by extension 'colcon_meta'
[1.133s] Level 1:colcon.colcon_core.package_identification:_identify(experiment_logs/A1_abrupt_health_0.7/run_1) by extensions ['ros']
[1.133s] Level 1:colcon.colcon_core.package_identification:_identify(experiment_logs/A1_abrupt_health_0.7/run_1) by extension 'ros'
[1.133s] Level 1:colcon.colcon_core.package_identification:_identify(experiment_logs/A1_abrupt_health_0.7/run_1) by extensions ['cmake', 'python']
[1.133s] Level 1:colcon.colcon_core.package_identification:_identify(experiment_logs/A1_abrupt_health_0.7/run_1) by extension 'cmake'
[1.133s] Level 1:colcon.colcon_core.package_identification:_identify(experiment_logs/A1_abrupt_health_0.7/run_1) by extension 'python'
[1.133s] Level 1:colcon.colcon_core.package_identification:_identify(experiment_logs/A1_abrupt_health_0.7/run_1) by extensions ['python_setup_py']
[1.133s] Level 1:colcon.colcon_core.package_identification:_identify(experiment_logs/A1_abrupt_health_0.7/run_1) by extension 'python_setup_py'
[1.133s] Level 1:colcon.colcon_core.package_identification:_identify(experiment_logs/A1_abrupt_health_0.7/run_2) by extensions ['ignore', 'ignore_ament_install']
[1.133s] Level 1:colcon.colcon_core.package_identification:_identify(experiment_logs/A1_abrupt_health_0.7/run_2) by extension 'ignore'
[1.133s] Level 1:colcon.colcon_core.package_identification:_identify(experiment_logs/A1_abrupt_health_0.7/run_2) by extension 'ignore_ament_install'
[1.133s] Level 1:colcon.colcon_core.package_identification:_identify(experiment_logs/A1_abrupt_health_0.7/run_2) by extensions ['colcon_pkg']
[1.133s] Level 1:colcon.colcon_core.package_identification:_identify(experiment_logs/A1_abrupt_health_0.7/run_2) by extension 'colcon_pkg'
[1.133s] Level 1:colcon.colcon_core.package_identification:_identify(experiment_logs/A1_abrupt_health_0.7/run_2) by extensions ['colcon_meta']
[1.133s] Level 1:colcon.colcon_core.package_identification:_identify(experiment_logs/A1_abrupt_health_0.7/run_2) by extension 'colcon_meta'
[1.134s] Level 1:colcon.colcon_core.package_identification:_identify(experiment_logs/A1_abrupt_health_0.7/run_2) by extensions ['ros']
[1.134s] Level 1:colcon.colcon_core.package_identification:_identify(experiment_logs/A1_abrupt_health_0.7/run_2) by extension 'ros'
[1.134s] Level 1:colcon.colcon_core.package_identification:_identify(experiment_logs/A1_abrupt_health_0.7/run_2) by extensions ['cmake', 'python']
[1.134s] Level 1:colcon.colcon_core.package_identification:_identify(experiment_logs/A1_abrupt_health_0.7/run_2) by extension 'cmake'
[1.134s] Level 1:colcon.colcon_core.package_identification:_identify(experiment_logs/A1_abrupt_health_0.7/run_2) by extension 'python'
[1.134s] Level 1:colcon.colcon_core.package_identification:_identify(experiment_logs/A1_abrupt_health_0.7/run_2) by extensions ['python_setup_py']
[1.134s] Level 1:colcon.colcon_core.package_identification:_identify(experiment_logs/A1_abrupt_health_0.7/run_2) by extension 'python_setup_py'
[1.134s] Level 1:colcon.colcon_core.package_identification:_identify(experiment_logs/A1_abrupt_health_0.7/run_3) by extensions ['ignore', 'ignore_ament_install']
[1.134s] Level 1:colcon.colcon_core.package_identification:_identify(experiment_logs/A1_abrupt_health_0.7/run_3) by extension 'ignore'
[1.134s] Level 1:colcon.colcon_core.package_identification:_identify(experiment_logs/A1_abrupt_health_0.7/run_3) by extension 'ignore_ament_install'
[1.134s] Level 1:colcon.colcon_core.package_identification:_identify(experiment_logs/A1_abrupt_health_0.7/run_3) by extensions ['colcon_pkg']
[1.134s] Level 1:colcon.colcon_core.package_identification:_identify(experiment_logs/A1_abrupt_health_0.7/run_3) by extension 'colcon_pkg'
[1.134s] Level 1:colcon.colcon_core.package_identification:_identify(experiment_logs/A1_abrupt_health_0.7/run_3) by extensions ['colcon_meta']
[1.134s] Level 1:colcon.colcon_core.package_identification:_identify(experiment_logs/A1_abrupt_health_0.7/run_3) by extension 'colcon_meta'
[1.134s] Level 1:colcon.colcon_core.package_identification:_identify(experiment_logs/A1_abrupt_health_0.7/run_3) by extensions ['ros']
[1.134s] Level 1:colcon.colcon_core.package_identification:_identify(experiment_logs/A1_abrupt_health_0.7/run_3) by extension 'ros'
[1.135s] Level 1:colcon.colcon_core.package_identification:_identify(experiment_logs/A1_abrupt_health_0.7/run_3) by extensions ['cmake', 'python']
[1.135s] Level 1:colcon.colcon_core.package_identification:_identify(experiment_logs/A1_abrupt_health_0.7/run_3) by extension 'cmake'
[1.135s] Level 1:colcon.colcon_core.package_identification:_identify(experiment_logs/A1_abrupt_health_0.7/run_3) by extension 'python'
[1.135s] Level 1:colcon.colcon_core.package_identification:_identify(experiment_logs/A1_abrupt_health_0.7/run_3) by extensions ['python_setup_py']
[1.135s] Level 1:colcon.colcon_core.package_identification:_identify(experiment_logs/A1_abrupt_health_0.7/run_3) by extension 'python_setup_py'
[1.135s] Level 1:colcon.colcon_core.package_identification:_identify(experiment_logs/A2_abrupt_health_0.5) by extensions ['ignore', 'ignore_ament_install']
[1.135s] Level 1:colcon.colcon_core.package_identification:_identify(experiment_logs/A2_abrupt_health_0.5) by extension 'ignore'
[1.135s] Level 1:colcon.colcon_core.package_identification:_identify(experiment_logs/A2_abrupt_health_0.5) by extension 'ignore_ament_install'
[1.135s] Level 1:colcon.colcon_core.package_identification:_identify(experiment_logs/A2_abrupt_health_0.5) by extensions ['colcon_pkg']
[1.135s] Level 1:colcon.colcon_core.package_identification:_identify(experiment_logs/A2_abrupt_health_0.5) by extension 'colcon_pkg'
[1.135s] Level 1:colcon.colcon_core.package_identification:_identify(experiment_logs/A2_abrupt_health_0.5) by extensions ['colcon_meta']
[1.135s] Level 1:colcon.colcon_core.package_identification:_identify(experiment_logs/A2_abrupt_health_0.5) by extension 'colcon_meta'
[1.135s] Level 1:colcon.colcon_core.package_identification:_identify(experiment_logs/A2_abrupt_health_0.5) by extensions ['ros']
[1.135s] Level 1:colcon.colcon_core.package_identification:_identify(experiment_logs/A2_abrupt_health_0.5) by extension 'ros'
[1.135s] Level 1:colcon.colcon_core.package_identification:_identify(experiment_logs/A2_abrupt_health_0.5) by extensions ['cmake', 'python']
[1.135s] Level 1:colcon.colcon_core.package_identification:_identify(experiment_logs/A2_abrupt_health_0.5) by extension 'cmake'
[1.136s] Level 1:colcon.colcon_core.package_identification:_identify(experiment_logs/A2_abrupt_health_0.5) by extension 'python'
[1.136s] Level 1:colcon.colcon_core.package_identification:_identify(experiment_logs/A2_abrupt_health_0.5) by extensions ['python_setup_py']
[1.136s] Level 1:colcon.colcon_core.package_identification:_identify(experiment_logs/A2_abrupt_health_0.5) by extension 'python_setup_py'
[1.136s] Level 1:colcon.colcon_core.package_identification:_identify(experiment_logs/A2_abrupt_health_0.5/run_1) by extensions ['ignore', 'ignore_ament_install']
[1.136s] Level 1:colcon.colcon_core.package_identification:_identify(experiment_logs/A2_abrupt_health_0.5/run_1) by extension 'ignore'
[1.136s] Level 1:colcon.colcon_core.package_identification:_identify(experiment_logs/A2_abrupt_health_0.5/run_1) by extension 'ignore_ament_install'
[1.136s] Level 1:colcon.colcon_core.package_identification:_identify(experiment_logs/A2_abrupt_health_0.5/run_1) by extensions ['colcon_pkg']
[1.136s] Level 1:colcon.colcon_core.package_identification:_identify(experiment_logs/A2_abrupt_health_0.5/run_1) by extension 'colcon_pkg'
[1.136s] Level 1:colcon.colcon_core.package_identification:_identify(experiment_logs/A2_abrupt_health_0.5/run_1) by extensions ['colcon_meta']
[1.136s] Level 1:colcon.colcon_core.package_identification:_identify(experiment_logs/A2_abrupt_health_0.5/run_1) by extension 'colcon_meta'
[1.136s] Level 1:colcon.colcon_core.package_identification:_identify(experiment_logs/A2_abrupt_health_0.5/run_1) by extensions ['ros']
[1.136s] Level 1:colcon.colcon_core.package_identification:_identify(experiment_logs/A2_abrupt_health_0.5/run_1) by extension 'ros'
[1.136s] Level 1:colcon.colcon_core.package_identification:_identify(experiment_logs/A2_abrupt_health_0.5/run_1) by extensions ['cmake', 'python']
[1.136s] Level 1:colcon.colcon_core.package_identification:_identify(experiment_logs/A2_abrupt_health_0.5/run_1) by extension 'cmake'
[1.136s] Level 1:colcon.colcon_core.package_identification:_identify(experiment_logs/A2_abrupt_health_0.5/run_1) by extension 'python'
[1.136s] Level 1:colcon.colcon_core.package_identification:_identify(experiment_logs/A2_abrupt_health_0.5/run_1) by extensions ['python_setup_py']
[1.136s] Level 1:colcon.colcon_core.package_identification:_identify(experiment_logs/A2_abrupt_health_0.5/run_1) by extension 'python_setup_py'
[1.137s] Level 1:colcon.colcon_core.package_identification:_identify(experiment_logs/A2_abrupt_health_0.5/run_2) by extensions ['ignore', 'ignore_ament_install']
[1.137s] Level 1:colcon.colcon_core.package_identification:_identify(experiment_logs/A2_abrupt_health_0.5/run_2) by extension 'ignore'
[1.137s] Level 1:colcon.colcon_core.package_identification:_identify(experiment_logs/A2_abrupt_health_0.5/run_2) by extension 'ignore_ament_install'
[1.137s] Level 1:colcon.colcon_core.package_identification:_identify(experiment_logs/A2_abrupt_health_0.5/run_2) by extensions ['colcon_pkg']
[1.137s] Level 1:colcon.colcon_core.package_identification:_identify(experiment_logs/A2_abrupt_health_0.5/run_2) by extension 'colcon_pkg'
[1.137s] Level 1:colcon.colcon_core.package_identification:_identify(experiment_logs/A2_abrupt_health_0.5/run_2) by extensions ['colcon_meta']
[1.137s] Level 1:colcon.colcon_core.package_identification:_identify(experiment_logs/A2_abrupt_health_0.5/run_2) by extension 'colcon_meta'
[1.137s] Level 1:colcon.colcon_core.package_identification:_identify(experiment_logs/A2_abrupt_health_0.5/run_2) by extensions ['ros']
[1.137s] Level 1:colcon.colcon_core.package_identification:_identify(experiment_logs/A2_abrupt_health_0.5/run_2) by extension 'ros'
[1.137s] Level 1:colcon.colcon_core.package_identification:_identify(experiment_logs/A2_abrupt_health_0.5/run_2) by extensions ['cmake', 'python']
[1.137s] Level 1:colcon.colcon_core.package_identification:_identify(experiment_logs/A2_abrupt_health_0.5/run_2) by extension 'cmake'
[1.137s] Level 1:colcon.colcon_core.package_identification:_identify(experiment_logs/A2_abrupt_health_0.5/run_2) by extension 'python'
[1.137s] Level 1:colcon.colcon_core.package_identification:_identify(experiment_logs/A2_abrupt_health_0.5/run_2) by extensions ['python_setup_py']
[1.137s] Level 1:colcon.colcon_core.package_identification:_identify(experiment_logs/A2_abrupt_health_0.5/run_2) by extension 'python_setup_py'
[1.137s] Level 1:colcon.colcon_core.package_identification:_identify(experiment_logs/A2_abrupt_health_0.5/run_3) by extensions ['ignore', 'ignore_ament_install']
[1.138s] Level 1:colcon.colcon_core.package_identification:_identify(experiment_logs/A2_abrupt_health_0.5/run_3) by extension 'ignore'
[1.138s] Level 1:colcon.colcon_core.package_identification:_identify(experiment_logs/A2_abrupt_health_0.5/run_3) by extension 'ignore_ament_install'
[1.138s] Level 1:colcon.colcon_core.package_identification:_identify(experiment_logs/A2_abrupt_health_0.5/run_3) by extensions ['colcon_pkg']
[1.138s] Level 1:colcon.colcon_core.package_identification:_identify(experiment_logs/A2_abrupt_health_0.5/run_3) by extension 'colcon_pkg'
[1.138s] Level 1:colcon.colcon_core.package_identification:_identify(experiment_logs/A2_abrupt_health_0.5/run_3) by extensions ['colcon_meta']
[1.138s] Level 1:colcon.colcon_core.package_identification:_identify(experiment_logs/A2_abrupt_health_0.5/run_3) by extension 'colcon_meta'
[1.138s] Level 1:colcon.colcon_core.package_identification:_identify(experiment_logs/A2_abrupt_health_0.5/run_3) by extensions ['ros']
[1.138s] Level 1:colcon.colcon_core.package_identification:_identify(experiment_logs/A2_abrupt_health_0.5/run_3) by extension 'ros'
[1.138s] Level 1:colcon.colcon_core.package_identification:_identify(experiment_logs/A2_abrupt_health_0.5/run_3) by extensions ['cmake', 'python']
[1.138s] Level 1:colcon.colcon_core.package_identification:_identify(experiment_logs/A2_abrupt_health_0.5/run_3) by extension 'cmake'
[1.138s] Level 1:colcon.colcon_core.package_identification:_identify(experiment_logs/A2_abrupt_health_0.5/run_3) by extension 'python'
[1.138s] Level 1:colcon.colcon_core.package_identification:_identify(experiment_logs/A2_abrupt_health_0.5/run_3) by extensions ['python_setup_py']
[1.138s] Level 1:colcon.colcon_core.package_identification:_identify(experiment_logs/A2_abrupt_health_0.5/run_3) by extension 'python_setup_py'
[1.139s] Level 1:colcon.colcon_core.package_identification:_identify(experiment_logs/A3_abrupt_health_0.3) by extensions ['ignore', 'ignore_ament_install']
[1.139s] Level 1:colcon.colcon_core.package_identification:_identify(experiment_logs/A3_abrupt_health_0.3) by extension 'ignore'
[1.139s] Level 1:colcon.colcon_core.package_identification:_identify(experiment_logs/A3_abrupt_health_0.3) by extension 'ignore_ament_install'
[1.139s] Level 1:colcon.colcon_core.package_identification:_identify(experiment_logs/A3_abrupt_health_0.3) by extensions ['colcon_pkg']
[1.139s] Level 1:colcon.colcon_core.package_identification:_identify(experiment_logs/A3_abrupt_health_0.3) by extension 'colcon_pkg'
[1.139s] Level 1:colcon.colcon_core.package_identification:_identify(experiment_logs/A3_abrupt_health_0.3) by extensions ['colcon_meta']
[1.139s] Level 1:colcon.colcon_core.package_identification:_identify(experiment_logs/A3_abrupt_health_0.3) by extension 'colcon_meta'
[1.139s] Level 1:colcon.colcon_core.package_identification:_identify(experiment_logs/A3_abrupt_health_0.3) by extensions ['ros']
[1.139s] Level 1:colcon.colcon_core.package_identification:_identify(experiment_logs/A3_abrupt_health_0.3) by extension 'ros'
[1.139s] Level 1:colcon.colcon_core.package_identification:_identify(experiment_logs/A3_abrupt_health_0.3) by extensions ['cmake', 'python']
[1.140s] Level 1:colcon.colcon_core.package_identification:_identify(experiment_logs/A3_abrupt_health_0.3) by extension 'cmake'
[1.140s] Level 1:colcon.colcon_core.package_identification:_identify(experiment_logs/A3_abrupt_health_0.3) by extension 'python'
[1.140s] Level 1:colcon.colcon_core.package_identification:_identify(experiment_logs/A3_abrupt_health_0.3) by extensions ['python_setup_py']
[1.140s] Level 1:colcon.colcon_core.package_identification:_identify(experiment_logs/A3_abrupt_health_0.3) by extension 'python_setup_py'
[1.140s] Level 1:colcon.colcon_core.package_identification:_identify(experiment_logs/A3_abrupt_health_0.3/run_1) by extensions ['ignore', 'ignore_ament_install']
[1.140s] Level 1:colcon.colcon_core.package_identification:_identify(experiment_logs/A3_abrupt_health_0.3/run_1) by extension 'ignore'
[1.140s] Level 1:colcon.colcon_core.package_identification:_identify(experiment_logs/A3_abrupt_health_0.3/run_1) by extension 'ignore_ament_install'
[1.140s] Level 1:colcon.colcon_core.package_identification:_identify(experiment_logs/A3_abrupt_health_0.3/run_1) by extensions ['colcon_pkg']
[1.140s] Level 1:colcon.colcon_core.package_identification:_identify(experiment_logs/A3_abrupt_health_0.3/run_1) by extension 'colcon_pkg'
[1.140s] Level 1:colcon.colcon_core.package_identification:_identify(experiment_logs/A3_abrupt_health_0.3/run_1) by extensions ['colcon_meta']
[1.140s] Level 1:colcon.colcon_core.package_identification:_identify(experiment_logs/A3_abrupt_health_0.3/run_1) by extension 'colcon_meta'
[1.141s] Level 1:colcon.colcon_core.package_identification:_identify(experiment_logs/A3_abrupt_health_0.3/run_1) by extensions ['ros']
[1.141s] Level 1:colcon.colcon_core.package_identification:_identify(experiment_logs/A3_abrupt_health_0.3/run_1) by extension 'ros'
[1.141s] Level 1:colcon.colcon_core.package_identification:_identify(experiment_logs/A3_abrupt_health_0.3/run_1) by extensions ['cmake', 'python']
[1.141s] Level 1:colcon.colcon_core.package_identification:_identify(experiment_logs/A3_abrupt_health_0.3/run_1) by extension 'cmake'
[1.141s] Level 1:colcon.colcon_core.package_identification:_identify(experiment_logs/A3_abrupt_health_0.3/run_1) by extension 'python'
[1.141s] Level 1:colcon.colcon_core.package_identification:_identify(experiment_logs/A3_abrupt_health_0.3/run_1) by extensions ['python_setup_py']
[1.141s] Level 1:colcon.colcon_core.package_identification:_identify(experiment_logs/A3_abrupt_health_0.3/run_1) by extension 'python_setup_py'
[1.141s] Level 1:colcon.colcon_core.package_identification:_identify(experiment_logs/A3_abrupt_health_0.3/run_2) by extensions ['ignore', 'ignore_ament_install']
[1.141s] Level 1:colcon.colcon_core.package_identification:_identify(experiment_logs/A3_abrupt_health_0.3/run_2) by extension 'ignore'
[1.141s] Level 1:colcon.colcon_core.package_identification:_identify(experiment_logs/A3_abrupt_health_0.3/run_2) by extension 'ignore_ament_install'
[1.142s] Level 1:colcon.colcon_core.package_identification:_identify(experiment_logs/A3_abrupt_health_0.3/run_2) by extensions ['colcon_pkg']
[1.142s] Level 1:colcon.colcon_core.package_identification:_identify(experiment_logs/A3_abrupt_health_0.3/run_2) by extension 'colcon_pkg'
[1.142s] Level 1:colcon.colcon_core.package_identification:_identify(experiment_logs/A3_abrupt_health_0.3/run_2) by extensions ['colcon_meta']
[1.142s] Level 1:colcon.colcon_core.package_identification:_identify(experiment_logs/A3_abrupt_health_0.3/run_2) by extension 'colcon_meta'
[1.142s] Level 1:colcon.colcon_core.package_identification:_identify(experiment_logs/A3_abrupt_health_0.3/run_2) by extensions ['ros']
[1.142s] Level 1:colcon.colcon_core.package_identification:_identify(experiment_logs/A3_abrupt_health_0.3/run_2) by extension 'ros'
[1.142s] Level 1:colcon.colcon_core.package_identification:_identify(experiment_logs/A3_abrupt_health_0.3/run_2) by extensions ['cmake', 'python']
[1.142s] Level 1:colcon.colcon_core.package_identification:_identify(experiment_logs/A3_abrupt_health_0.3/run_2) by extension 'cmake'
[1.142s] Level 1:colcon.colcon_core.package_identification:_identify(experiment_logs/A3_abrupt_health_0.3/run_2) by extension 'python'
[1.142s] Level 1:colcon.colcon_core.package_identification:_identify(experiment_logs/A3_abrupt_health_0.3/run_2) by extensions ['python_setup_py']
[1.142s] Level 1:colcon.colcon_core.package_identification:_identify(experiment_logs/A3_abrupt_health_0.3/run_2) by extension 'python_setup_py'
[1.142s] Level 1:colcon.colcon_core.package_identification:_identify(experiment_logs/A3_abrupt_health_0.3/run_3) by extensions ['ignore', 'ignore_ament_install']
[1.143s] Level 1:colcon.colcon_core.package_identification:_identify(experiment_logs/A3_abrupt_health_0.3/run_3) by extension 'ignore'
[1.143s] Level 1:colcon.colcon_core.package_identification:_identify(experiment_logs/A3_abrupt_health_0.3/run_3) by extension 'ignore_ament_install'
[1.143s] Level 1:colcon.colcon_core.package_identification:_identify(experiment_logs/A3_abrupt_health_0.3/run_3) by extensions ['colcon_pkg']
[1.143s] Level 1:colcon.colcon_core.package_identification:_identify(experiment_logs/A3_abrupt_health_0.3/run_3) by extension 'colcon_pkg'
[1.143s] Level 1:colcon.colcon_core.package_identification:_identify(experiment_logs/A3_abrupt_health_0.3/run_3) by extensions ['colcon_meta']
[1.143s] Level 1:colcon.colcon_core.package_identification:_identify(experiment_logs/A3_abrupt_health_0.3/run_3) by extension 'colcon_meta'
[1.143s] Level 1:colcon.colcon_core.package_identification:_identify(experiment_logs/A3_abrupt_health_0.3/run_3) by extensions ['ros']
[1.143s] Level 1:colcon.colcon_core.package_identification:_identify(experiment_logs/A3_abrupt_health_0.3/run_3) by extension 'ros'
[1.143s] Level 1:colcon.colcon_core.package_identification:_identify(experiment_logs/A3_abrupt_health_0.3/run_3) by extensions ['cmake', 'python']
[1.143s] Level 1:colcon.colcon_core.package_identification:_identify(experiment_logs/A3_abrupt_health_0.3/run_3) by extension 'cmake'
[1.143s] Level 1:colcon.colcon_core.package_identification:_identify(experiment_logs/A3_abrupt_health_0.3/run_3) by extension 'python'
[1.143s] Level 1:colcon.colcon_core.package_identification:_identify(experiment_logs/A3_abrupt_health_0.3/run_3) by extensions ['python_setup_py']
[1.143s] Level 1:colcon.colcon_core.package_identification:_identify(experiment_logs/A3_abrupt_health_0.3/run_3) by extension 'python_setup_py'
[1.143s] Level 1:colcon.colcon_core.package_identification:_identify(experiment_logs/B1_no_fault) by extensions ['ignore', 'ignore_ament_install']
[1.144s] Level 1:colcon.colcon_core.package_identification:_identify(experiment_logs/B1_no_fault) by extension 'ignore'
[1.144s] Level 1:colcon.colcon_core.package_identification:_identify(experiment_logs/B1_no_fault) by extension 'ignore_ament_install'
[1.144s] Level 1:colcon.colcon_core.package_identification:_identify(experiment_logs/B1_no_fault) by extensions ['colcon_pkg']
[1.144s] Level 1:colcon.colcon_core.package_identification:_identify(experiment_logs/B1_no_fault) by extension 'colcon_pkg'
[1.144s] Level 1:colcon.colcon_core.package_identification:_identify(experiment_logs/B1_no_fault) by extensions ['colcon_meta']
[1.144s] Level 1:colcon.colcon_core.package_identification:_identify(experiment_logs/B1_no_fault) by extension 'colcon_meta'
[1.144s] Level 1:colcon.colcon_core.package_identification:_identify(experiment_logs/B1_no_fault) by extensions ['ros']
[1.144s] Level 1:colcon.colcon_core.package_identification:_identify(experiment_logs/B1_no_fault) by extension 'ros'
[1.144s] Level 1:colcon.colcon_core.package_identification:_identify(experiment_logs/B1_no_fault) by extensions ['cmake', 'python']
[1.144s] Level 1:colcon.colcon_core.package_identification:_identify(experiment_logs/B1_no_fault) by extension 'cmake'
[1.144s] Level 1:colcon.colcon_core.package_identification:_identify(experiment_logs/B1_no_fault) by extension 'python'
[1.144s] Level 1:colcon.colcon_core.package_identification:_identify(experiment_logs/B1_no_fault) by extensions ['python_setup_py']
[1.144s] Level 1:colcon.colcon_core.package_identification:_identify(experiment_logs/B1_no_fault) by extension 'python_setup_py'
[1.144s] Level 1:colcon.colcon_core.package_identification:_identify(experiment_logs/B1_no_fault/run_1) by extensions ['ignore', 'ignore_ament_install']
[1.145s] Level 1:colcon.colcon_core.package_identification:_identify(experiment_logs/B1_no_fault/run_1) by extension 'ignore'
[1.145s] Level 1:colcon.colcon_core.package_identification:_identify(experiment_logs/B1_no_fault/run_1) by extension 'ignore_ament_install'
[1.145s] Level 1:colcon.colcon_core.package_identification:_identify(experiment_logs/B1_no_fault/run_1) by extensions ['colcon_pkg']
[1.145s] Level 1:colcon.colcon_core.package_identification:_identify(experiment_logs/B1_no_fault/run_1) by extension 'colcon_pkg'
[1.145s] Level 1:colcon.colcon_core.package_identification:_identify(experiment_logs/B1_no_fault/run_1) by extensions ['colcon_meta']
[1.145s] Level 1:colcon.colcon_core.package_identification:_identify(experiment_logs/B1_no_fault/run_1) by extension 'colcon_meta'
[1.145s] Level 1:colcon.colcon_core.package_identification:_identify(experiment_logs/B1_no_fault/run_1) by extensions ['ros']
[1.145s] Level 1:colcon.colcon_core.package_identification:_identify(experiment_logs/B1_no_fault/run_1) by extension 'ros'
[1.145s] Level 1:colcon.colcon_core.package_identification:_identify(experiment_logs/B1_no_fault/run_1) by extensions ['cmake', 'python']
[1.145s] Level 1:colcon.colcon_core.package_identification:_identify(experiment_logs/B1_no_fault/run_1) by extension 'cmake'
[1.145s] Level 1:colcon.colcon_core.package_identification:_identify(experiment_logs/B1_no_fault/run_1) by extension 'python'
[1.145s] Level 1:colcon.colcon_core.package_identification:_identify(experiment_logs/B1_no_fault/run_1) by extensions ['python_setup_py']
[1.145s] Level 1:colcon.colcon_core.package_identification:_identify(experiment_logs/B1_no_fault/run_1) by extension 'python_setup_py'
[1.146s] Level 1:colcon.colcon_core.package_identification:_identify(experiment_logs/B1_no_fault/run_2) by extensions ['ignore', 'ignore_ament_install']
[1.146s] Level 1:colcon.colcon_core.package_identification:_identify(experiment_logs/B1_no_fault/run_2) by extension 'ignore'
[1.146s] Level 1:colcon.colcon_core.package_identification:_identify(experiment_logs/B1_no_fault/run_2) by extension 'ignore_ament_install'
[1.146s] Level 1:colcon.colcon_core.package_identification:_identify(experiment_logs/B1_no_fault/run_2) by extensions ['colcon_pkg']
[1.146s] Level 1:colcon.colcon_core.package_identification:_identify(experiment_logs/B1_no_fault/run_2) by extension 'colcon_pkg'
[1.146s] Level 1:colcon.colcon_core.package_identification:_identify(experiment_logs/B1_no_fault/run_2) by extensions ['colcon_meta']
[1.146s] Level 1:colcon.colcon_core.package_identification:_identify(experiment_logs/B1_no_fault/run_2) by extension 'colcon_meta'
[1.146s] Level 1:colcon.colcon_core.package_identification:_identify(experiment_logs/B1_no_fault/run_2) by extensions ['ros']
[1.146s] Level 1:colcon.colcon_core.package_identification:_identify(experiment_logs/B1_no_fault/run_2) by extension 'ros'
[1.146s] Level 1:colcon.colcon_core.package_identification:_identify(experiment_logs/B1_no_fault/run_2) by extensions ['cmake', 'python']
[1.146s] Level 1:colcon.colcon_core.package_identification:_identify(experiment_logs/B1_no_fault/run_2) by extension 'cmake'
[1.146s] Level 1:colcon.colcon_core.package_identification:_identify(experiment_logs/B1_no_fault/run_2) by extension 'python'
[1.146s] Level 1:colcon.colcon_core.package_identification:_identify(experiment_logs/B1_no_fault/run_2) by extensions ['python_setup_py']
[1.146s] Level 1:colcon.colcon_core.package_identification:_identify(experiment_logs/B1_no_fault/run_2) by extension 'python_setup_py'
[1.147s] Level 1:colcon.colcon_core.package_identification:_identify(experiment_logs/B1_no_fault/run_3) by extensions ['ignore', 'ignore_ament_install']
[1.147s] Level 1:colcon.colcon_core.package_identification:_identify(experiment_logs/B1_no_fault/run_3) by extension 'ignore'
[1.147s] Level 1:colcon.colcon_core.package_identification:_identify(experiment_logs/B1_no_fault/run_3) by extension 'ignore_ament_install'
[1.147s] Level 1:colcon.colcon_core.package_identification:_identify(experiment_logs/B1_no_fault/run_3) by extensions ['colcon_pkg']
[1.147s] Level 1:colcon.colcon_core.package_identification:_identify(experiment_logs/B1_no_fault/run_3) by extension 'colcon_pkg'
[1.147s] Level 1:colcon.colcon_core.package_identification:_identify(experiment_logs/B1_no_fault/run_3) by extensions ['colcon_meta']
[1.147s] Level 1:colcon.colcon_core.package_identification:_identify(experiment_logs/B1_no_fault/run_3) by extension 'colcon_meta'
[1.147s] Level 1:colcon.colcon_core.package_identification:_identify(experiment_logs/B1_no_fault/run_3) by extensions ['ros']
[1.147s] Level 1:colcon.colcon_core.package_identification:_identify(experiment_logs/B1_no_fault/run_3) by extension 'ros'
[1.147s] Level 1:colcon.colcon_core.package_identification:_identify(experiment_logs/B1_no_fault/run_3) by extensions ['cmake', 'python']
[1.147s] Level 1:colcon.colcon_core.package_identification:_identify(experiment_logs/B1_no_fault/run_3) by extension 'cmake'
[1.148s] Level 1:colcon.colcon_core.package_identification:_identify(experiment_logs/B1_no_fault/run_3) by extension 'python'
[1.148s] Level 1:colcon.colcon_core.package_identification:_identify(experiment_logs/B1_no_fault/run_3) by extensions ['python_setup_py']
[1.148s] Level 1:colcon.colcon_core.package_identification:_identify(experiment_logs/B1_no_fault/run_3) by extension 'python_setup_py'
[1.148s] Level 1:colcon.colcon_core.package_identification:_identify(experiment_logs/I1_incipient_slow) by extensions ['ignore', 'ignore_ament_install']
[1.148s] Level 1:colcon.colcon_core.package_identification:_identify(experiment_logs/I1_incipient_slow) by extension 'ignore'
[1.148s] Level 1:colcon.colcon_core.package_identification:_identify(experiment_logs/I1_incipient_slow) by extension 'ignore_ament_install'
[1.148s] Level 1:colcon.colcon_core.package_identification:_identify(experiment_logs/I1_incipient_slow) by extensions ['colcon_pkg']
[1.148s] Level 1:colcon.colcon_core.package_identification:_identify(experiment_logs/I1_incipient_slow) by extension 'colcon_pkg'
[1.148s] Level 1:colcon.colcon_core.package_identification:_identify(experiment_logs/I1_incipient_slow) by extensions ['colcon_meta']
[1.148s] Level 1:colcon.colcon_core.package_identification:_identify(experiment_logs/I1_incipient_slow) by extension 'colcon_meta'
[1.148s] Level 1:colcon.colcon_core.package_identification:_identify(experiment_logs/I1_incipient_slow) by extensions ['ros']
[1.148s] Level 1:colcon.colcon_core.package_identification:_identify(experiment_logs/I1_incipient_slow) by extension 'ros'
[1.149s] Level 1:colcon.colcon_core.package_identification:_identify(experiment_logs/I1_incipient_slow) by extensions ['cmake', 'python']
[1.149s] Level 1:colcon.colcon_core.package_identification:_identify(experiment_logs/I1_incipient_slow) by extension 'cmake'
[1.149s] Level 1:colcon.colcon_core.package_identification:_identify(experiment_logs/I1_incipient_slow) by extension 'python'
[1.149s] Level 1:colcon.colcon_core.package_identification:_identify(experiment_logs/I1_incipient_slow) by extensions ['python_setup_py']
[1.149s] Level 1:colcon.colcon_core.package_identification:_identify(experiment_logs/I1_incipient_slow) by extension 'python_setup_py'
[1.149s] Level 1:colcon.colcon_core.package_identification:_identify(experiment_logs/I1_incipient_slow/run_1) by extensions ['ignore', 'ignore_ament_install']
[1.149s] Level 1:colcon.colcon_core.package_identification:_identify(experiment_logs/I1_incipient_slow/run_1) by extension 'ignore'
[1.149s] Level 1:colcon.colcon_core.package_identification:_identify(experiment_logs/I1_incipient_slow/run_1) by extension 'ignore_ament_install'
[1.149s] Level 1:colcon.colcon_core.package_identification:_identify(experiment_logs/I1_incipient_slow/run_1) by extensions ['colcon_pkg']
[1.149s] Level 1:colcon.colcon_core.package_identification:_identify(experiment_logs/I1_incipient_slow/run_1) by extension 'colcon_pkg'
[1.149s] Level 1:colcon.colcon_core.package_identification:_identify(experiment_logs/I1_incipient_slow/run_1) by extensions ['colcon_meta']
[1.149s] Level 1:colcon.colcon_core.package_identification:_identify(experiment_logs/I1_incipient_slow/run_1) by extension 'colcon_meta'
[1.149s] Level 1:colcon.colcon_core.package_identification:_identify(experiment_logs/I1_incipient_slow/run_1) by extensions ['ros']
[1.149s] Level 1:colcon.colcon_core.package_identification:_identify(experiment_logs/I1_incipient_slow/run_1) by extension 'ros'
[1.150s] Level 1:colcon.colcon_core.package_identification:_identify(experiment_logs/I1_incipient_slow/run_1) by extensions ['cmake', 'python']
[1.150s] Level 1:colcon.colcon_core.package_identification:_identify(experiment_logs/I1_incipient_slow/run_1) by extension 'cmake'
[1.150s] Level 1:colcon.colcon_core.package_identification:_identify(experiment_logs/I1_incipient_slow/run_1) by extension 'python'
[1.150s] Level 1:colcon.colcon_core.package_identification:_identify(experiment_logs/I1_incipient_slow/run_1) by extensions ['python_setup_py']
[1.150s] Level 1:colcon.colcon_core.package_identification:_identify(experiment_logs/I1_incipient_slow/run_1) by extension 'python_setup_py'
[1.150s] Level 1:colcon.colcon_core.package_identification:_identify(experiment_logs/I1_incipient_slow/run_2) by extensions ['ignore', 'ignore_ament_install']
[1.150s] Level 1:colcon.colcon_core.package_identification:_identify(experiment_logs/I1_incipient_slow/run_2) by extension 'ignore'
[1.150s] Level 1:colcon.colcon_core.package_identification:_identify(experiment_logs/I1_incipient_slow/run_2) by extension 'ignore_ament_install'
[1.150s] Level 1:colcon.colcon_core.package_identification:_identify(experiment_logs/I1_incipient_slow/run_2) by extensions ['colcon_pkg']
[1.150s] Level 1:colcon.colcon_core.package_identification:_identify(experiment_logs/I1_incipient_slow/run_2) by extension 'colcon_pkg'
[1.150s] Level 1:colcon.colcon_core.package_identification:_identify(experiment_logs/I1_incipient_slow/run_2) by extensions ['colcon_meta']
[1.150s] Level 1:colcon.colcon_core.package_identification:_identify(experiment_logs/I1_incipient_slow/run_2) by extension 'colcon_meta'
[1.150s] Level 1:colcon.colcon_core.package_identification:_identify(experiment_logs/I1_incipient_slow/run_2) by extensions ['ros']
[1.150s] Level 1:colcon.colcon_core.package_identification:_identify(experiment_logs/I1_incipient_slow/run_2) by extension 'ros'
[1.150s] Level 1:colcon.colcon_core.package_identification:_identify(experiment_logs/I1_incipient_slow/run_2) by extensions ['cmake', 'python']
[1.150s] Level 1:colcon.colcon_core.package_identification:_identify(experiment_logs/I1_incipient_slow/run_2) by extension 'cmake'
[1.150s] Level 1:colcon.colcon_core.package_identification:_identify(experiment_logs/I1_incipient_slow/run_2) by extension 'python'
[1.151s] Level 1:colcon.colcon_core.package_identification:_identify(experiment_logs/I1_incipient_slow/run_2) by extensions ['python_setup_py']
[1.151s] Level 1:colcon.colcon_core.package_identification:_identify(experiment_logs/I1_incipient_slow/run_2) by extension 'python_setup_py'
[1.151s] Level 1:colcon.colcon_core.package_identification:_identify(experiment_logs/I1_incipient_slow/run_3) by extensions ['ignore', 'ignore_ament_install']
[1.151s] Level 1:colcon.colcon_core.package_identification:_identify(experiment_logs/I1_incipient_slow/run_3) by extension 'ignore'
[1.151s] Level 1:colcon.colcon_core.package_identification:_identify(experiment_logs/I1_incipient_slow/run_3) by extension 'ignore_ament_install'
[1.151s] Level 1:colcon.colcon_core.package_identification:_identify(experiment_logs/I1_incipient_slow/run_3) by extensions ['colcon_pkg']
[1.151s] Level 1:colcon.colcon_core.package_identification:_identify(experiment_logs/I1_incipient_slow/run_3) by extension 'colcon_pkg'
[1.151s] Level 1:colcon.colcon_core.package_identification:_identify(experiment_logs/I1_incipient_slow/run_3) by extensions ['colcon_meta']
[1.151s] Level 1:colcon.colcon_core.package_identification:_identify(experiment_logs/I1_incipient_slow/run_3) by extension 'colcon_meta'
[1.151s] Level 1:colcon.colcon_core.package_identification:_identify(experiment_logs/I1_incipient_slow/run_3) by extensions ['ros']
[1.151s] Level 1:colcon.colcon_core.package_identification:_identify(experiment_logs/I1_incipient_slow/run_3) by extension 'ros'
[1.151s] Level 1:colcon.colcon_core.package_identification:_identify(experiment_logs/I1_incipient_slow/run_3) by extensions ['cmake', 'python']
[1.151s] Level 1:colcon.colcon_core.package_identification:_identify(experiment_logs/I1_incipient_slow/run_3) by extension 'cmake'
[1.151s] Level 1:colcon.colcon_core.package_identification:_identify(experiment_logs/I1_incipient_slow/run_3) by extension 'python'
[1.151s] Level 1:colcon.colcon_core.package_identification:_identify(experiment_logs/I1_incipient_slow/run_3) by extensions ['python_setup_py']
[1.151s] Level 1:colcon.colcon_core.package_identification:_identify(experiment_logs/I1_incipient_slow/run_3) by extension 'python_setup_py'
[1.152s] Level 1:colcon.colcon_core.package_identification:_identify(experiment_logs/I2_incipient_medium) by extensions ['ignore', 'ignore_ament_install']
[1.152s] Level 1:colcon.colcon_core.package_identification:_identify(experiment_logs/I2_incipient_medium) by extension 'ignore'
[1.152s] Level 1:colcon.colcon_core.package_identification:_identify(experiment_logs/I2_incipient_medium) by extension 'ignore_ament_install'
[1.152s] Level 1:colcon.colcon_core.package_identification:_identify(experiment_logs/I2_incipient_medium) by extensions ['colcon_pkg']
[1.152s] Level 1:colcon.colcon_core.package_identification:_identify(experiment_logs/I2_incipient_medium) by extension 'colcon_pkg'
[1.152s] Level 1:colcon.colcon_core.package_identification:_identify(experiment_logs/I2_incipient_medium) by extensions ['colcon_meta']
[1.152s] Level 1:colcon.colcon_core.package_identification:_identify(experiment_logs/I2_incipient_medium) by extension 'colcon_meta'
[1.152s] Level 1:colcon.colcon_core.package_identification:_identify(experiment_logs/I2_incipient_medium) by extensions ['ros']
[1.152s] Level 1:colcon.colcon_core.package_identification:_identify(experiment_logs/I2_incipient_medium) by extension 'ros'
[1.152s] Level 1:colcon.colcon_core.package_identification:_identify(experiment_logs/I2_incipient_medium) by extensions ['cmake', 'python']
[1.152s] Level 1:colcon.colcon_core.package_identification:_identify(experiment_logs/I2_incipient_medium) by extension 'cmake'
[1.152s] Level 1:colcon.colcon_core.package_identification:_identify(experiment_logs/I2_incipient_medium) by extension 'python'
[1.152s] Level 1:colcon.colcon_core.package_identification:_identify(experiment_logs/I2_incipient_medium) by extensions ['python_setup_py']
[1.152s] Level 1:colcon.colcon_core.package_identification:_identify(experiment_logs/I2_incipient_medium) by extension 'python_setup_py'
[1.152s] Level 1:colcon.colcon_core.package_identification:_identify(experiment_logs/I2_incipient_medium/run_1) by extensions ['ignore', 'ignore_ament_install']
[1.153s] Level 1:colcon.colcon_core.package_identification:_identify(experiment_logs/I2_incipient_medium/run_1) by extension 'ignore'
[1.153s] Level 1:colcon.colcon_core.package_identification:_identify(experiment_logs/I2_incipient_medium/run_1) by extension 'ignore_ament_install'
[1.153s] Level 1:colcon.colcon_core.package_identification:_identify(experiment_logs/I2_incipient_medium/run_1) by extensions ['colcon_pkg']
[1.153s] Level 1:colcon.colcon_core.package_identification:_identify(experiment_logs/I2_incipient_medium/run_1) by extension 'colcon_pkg'
[1.153s] Level 1:colcon.colcon_core.package_identification:_identify(experiment_logs/I2_incipient_medium/run_1) by extensions ['colcon_meta']
[1.153s] Level 1:colcon.colcon_core.package_identification:_identify(experiment_logs/I2_incipient_medium/run_1) by extension 'colcon_meta'
[1.153s] Level 1:colcon.colcon_core.package_identification:_identify(experiment_logs/I2_incipient_medium/run_1) by extensions ['ros']
[1.153s] Level 1:colcon.colcon_core.package_identification:_identify(experiment_logs/I2_incipient_medium/run_1) by extension 'ros'
[1.153s] Level 1:colcon.colcon_core.package_identification:_identify(experiment_logs/I2_incipient_medium/run_1) by extensions ['cmake', 'python']
[1.153s] Level 1:colcon.colcon_core.package_identification:_identify(experiment_logs/I2_incipient_medium/run_1) by extension 'cmake'
[1.153s] Level 1:colcon.colcon_core.package_identification:_identify(experiment_logs/I2_incipient_medium/run_1) by extension 'python'
[1.153s] Level 1:colcon.colcon_core.package_identification:_identify(experiment_logs/I2_incipient_medium/run_1) by extensions ['python_setup_py']
[1.153s] Level 1:colcon.colcon_core.package_identification:_identify(experiment_logs/I2_incipient_medium/run_1) by extension 'python_setup_py'
[1.153s] Level 1:colcon.colcon_core.package_identification:_identify(experiment_logs/I2_incipient_medium/run_2) by extensions ['ignore', 'ignore_ament_install']
[1.153s] Level 1:colcon.colcon_core.package_identification:_identify(experiment_logs/I2_incipient_medium/run_2) by extension 'ignore'
[1.153s] Level 1:colcon.colcon_core.package_identification:_identify(experiment_logs/I2_incipient_medium/run_2) by extension 'ignore_ament_install'
[1.154s] Level 1:colcon.colcon_core.package_identification:_identify(experiment_logs/I2_incipient_medium/run_2) by extensions ['colcon_pkg']
[1.154s] Level 1:colcon.colcon_core.package_identification:_identify(experiment_logs/I2_incipient_medium/run_2) by extension 'colcon_pkg'
[1.154s] Level 1:colcon.colcon_core.package_identification:_identify(experiment_logs/I2_incipient_medium/run_2) by extensions ['colcon_meta']
[1.154s] Level 1:colcon.colcon_core.package_identification:_identify(experiment_logs/I2_incipient_medium/run_2) by extension 'colcon_meta'
[1.154s] Level 1:colcon.colcon_core.package_identification:_identify(experiment_logs/I2_incipient_medium/run_2) by extensions ['ros']
[1.154s] Level 1:colcon.colcon_core.package_identification:_identify(experiment_logs/I2_incipient_medium/run_2) by extension 'ros'
[1.154s] Level 1:colcon.colcon_core.package_identification:_identify(experiment_logs/I2_incipient_medium/run_2) by extensions ['cmake', 'python']
[1.154s] Level 1:colcon.colcon_core.package_identification:_identify(experiment_logs/I2_incipient_medium/run_2) by extension 'cmake'
[1.154s] Level 1:colcon.colcon_core.package_identification:_identify(experiment_logs/I2_incipient_medium/run_2) by extension 'python'
[1.154s] Level 1:colcon.colcon_core.package_identification:_identify(experiment_logs/I2_incipient_medium/run_2) by extensions ['python_setup_py']
[1.154s] Level 1:colcon.colcon_core.package_identification:_identify(experiment_logs/I2_incipient_medium/run_2) by extension 'python_setup_py'
[1.154s] Level 1:colcon.colcon_core.package_identification:_identify(experiment_logs/I2_incipient_medium/run_3) by extensions ['ignore', 'ignore_ament_install']
[1.154s] Level 1:colcon.colcon_core.package_identification:_identify(experiment_logs/I2_incipient_medium/run_3) by extension 'ignore'
[1.154s] Level 1:colcon.colcon_core.package_identification:_identify(experiment_logs/I2_incipient_medium/run_3) by extension 'ignore_ament_install'
[1.154s] Level 1:colcon.colcon_core.package_identification:_identify(experiment_logs/I2_incipient_medium/run_3) by extensions ['colcon_pkg']
[1.154s] Level 1:colcon.colcon_core.package_identification:_identify(experiment_logs/I2_incipient_medium/run_3) by extension 'colcon_pkg'
[1.155s] Level 1:colcon.colcon_core.package_identification:_identify(experiment_logs/I2_incipient_medium/run_3) by extensions ['colcon_meta']
[1.155s] Level 1:colcon.colcon_core.package_identification:_identify(experiment_logs/I2_incipient_medium/run_3) by extension 'colcon_meta'
[1.155s] Level 1:colcon.colcon_core.package_identification:_identify(experiment_logs/I2_incipient_medium/run_3) by extensions ['ros']
[1.155s] Level 1:colcon.colcon_core.package_identification:_identify(experiment_logs/I2_incipient_medium/run_3) by extension 'ros'
[1.155s] Level 1:colcon.colcon_core.package_identification:_identify(experiment_logs/I2_incipient_medium/run_3) by extensions ['cmake', 'python']
[1.155s] Level 1:colcon.colcon_core.package_identification:_identify(experiment_logs/I2_incipient_medium/run_3) by extension 'cmake'
[1.155s] Level 1:colcon.colcon_core.package_identification:_identify(experiment_logs/I2_incipient_medium/run_3) by extension 'python'
[1.155s] Level 1:colcon.colcon_core.package_identification:_identify(experiment_logs/I2_incipient_medium/run_3) by extensions ['python_setup_py']
[1.155s] Level 1:colcon.colcon_core.package_identification:_identify(experiment_logs/I2_incipient_medium/run_3) by extension 'python_setup_py'
[1.155s] Level 1:colcon.colcon_core.package_identification:_identify(experiment_logs/I3_incipient_fast) by extensions ['ignore', 'ignore_ament_install']
[1.156s] Level 1:colcon.colcon_core.package_identification:_identify(experiment_logs/I3_incipient_fast) by extension 'ignore'
[1.156s] Level 1:colcon.colcon_core.package_identification:_identify(experiment_logs/I3_incipient_fast) by extension 'ignore_ament_install'
[1.156s] Level 1:colcon.colcon_core.package_identification:_identify(experiment_logs/I3_incipient_fast) by extensions ['colcon_pkg']
[1.156s] Level 1:colcon.colcon_core.package_identification:_identify(experiment_logs/I3_incipient_fast) by extension 'colcon_pkg'
[1.156s] Level 1:colcon.colcon_core.package_identification:_identify(experiment_logs/I3_incipient_fast) by extensions ['colcon_meta']
[1.156s] Level 1:colcon.colcon_core.package_identification:_identify(experiment_logs/I3_incipient_fast) by extension 'colcon_meta'
[1.156s] Level 1:colcon.colcon_core.package_identification:_identify(experiment_logs/I3_incipient_fast) by extensions ['ros']
[1.156s] Level 1:colcon.colcon_core.package_identification:_identify(experiment_logs/I3_incipient_fast) by extension 'ros'
[1.157s] Level 1:colcon.colcon_core.package_identification:_identify(experiment_logs/I3_incipient_fast) by extensions ['cmake', 'python']
[1.157s] Level 1:colcon.colcon_core.package_identification:_identify(experiment_logs/I3_incipient_fast) by extension 'cmake'
[1.157s] Level 1:colcon.colcon_core.package_identification:_identify(experiment_logs/I3_incipient_fast) by extension 'python'
[1.157s] Level 1:colcon.colcon_core.package_identification:_identify(experiment_logs/I3_incipient_fast) by extensions ['python_setup_py']
[1.157s] Level 1:colcon.colcon_core.package_identification:_identify(experiment_logs/I3_incipient_fast) by extension 'python_setup_py'
[1.157s] Level 1:colcon.colcon_core.package_identification:_identify(experiment_logs/I3_incipient_fast/run_1) by extensions ['ignore', 'ignore_ament_install']
[1.157s] Level 1:colcon.colcon_core.package_identification:_identify(experiment_logs/I3_incipient_fast/run_1) by extension 'ignore'
[1.158s] Level 1:colcon.colcon_core.package_identification:_identify(experiment_logs/I3_incipient_fast/run_1) by extension 'ignore_ament_install'
[1.158s] Level 1:colcon.colcon_core.package_identification:_identify(experiment_logs/I3_incipient_fast/run_1) by extensions ['colcon_pkg']
[1.158s] Level 1:colcon.colcon_core.package_identification:_identify(experiment_logs/I3_incipient_fast/run_1) by extension 'colcon_pkg'
[1.158s] Level 1:colcon.colcon_core.package_identification:_identify(experiment_logs/I3_incipient_fast/run_1) by extensions ['colcon_meta']
[1.158s] Level 1:colcon.colcon_core.package_identification:_identify(experiment_logs/I3_incipient_fast/run_1) by extension 'colcon_meta'
[1.158s] Level 1:colcon.colcon_core.package_identification:_identify(experiment_logs/I3_incipient_fast/run_1) by extensions ['ros']
[1.158s] Level 1:colcon.colcon_core.package_identification:_identify(experiment_logs/I3_incipient_fast/run_1) by extension 'ros'
[1.158s] Level 1:colcon.colcon_core.package_identification:_identify(experiment_logs/I3_incipient_fast/run_1) by extensions ['cmake', 'python']
[1.158s] Level 1:colcon.colcon_core.package_identification:_identify(experiment_logs/I3_incipient_fast/run_1) by extension 'cmake'
[1.158s] Level 1:colcon.colcon_core.package_identification:_identify(experiment_logs/I3_incipient_fast/run_1) by extension 'python'
[1.158s] Level 1:colcon.colcon_core.package_identification:_identify(experiment_logs/I3_incipient_fast/run_1) by extensions ['python_setup_py']
[1.158s] Level 1:colcon.colcon_core.package_identification:_identify(experiment_logs/I3_incipient_fast/run_1) by extension 'python_setup_py'
[1.158s] Level 1:colcon.colcon_core.package_identification:_identify(experiment_logs/I3_incipient_fast/run_2) by extensions ['ignore', 'ignore_ament_install']
[1.159s] Level 1:colcon.colcon_core.package_identification:_identify(experiment_logs/I3_incipient_fast/run_2) by extension 'ignore'
[1.159s] Level 1:colcon.colcon_core.package_identification:_identify(experiment_logs/I3_incipient_fast/run_2) by extension 'ignore_ament_install'
[1.159s] Level 1:colcon.colcon_core.package_identification:_identify(experiment_logs/I3_incipient_fast/run_2) by extensions ['colcon_pkg']
[1.159s] Level 1:colcon.colcon_core.package_identification:_identify(experiment_logs/I3_incipient_fast/run_2) by extension 'colcon_pkg'
[1.159s] Level 1:colcon.colcon_core.package_identification:_identify(experiment_logs/I3_incipient_fast/run_2) by extensions ['colcon_meta']
[1.159s] Level 1:colcon.colcon_core.package_identification:_identify(experiment_logs/I3_incipient_fast/run_2) by extension 'colcon_meta'
[1.159s] Level 1:colcon.colcon_core.package_identification:_identify(experiment_logs/I3_incipient_fast/run_2) by extensions ['ros']
[1.159s] Level 1:colcon.colcon_core.package_identification:_identify(experiment_logs/I3_incipient_fast/run_2) by extension 'ros'
[1.159s] Level 1:colcon.colcon_core.package_identification:_identify(experiment_logs/I3_incipient_fast/run_2) by extensions ['cmake', 'python']
[1.159s] Level 1:colcon.colcon_core.package_identification:_identify(experiment_logs/I3_incipient_fast/run_2) by extension 'cmake'
[1.159s] Level 1:colcon.colcon_core.package_identification:_identify(experiment_logs/I3_incipient_fast/run_2) by extension 'python'
[1.159s] Level 1:colcon.colcon_core.package_identification:_identify(experiment_logs/I3_incipient_fast/run_2) by extensions ['python_setup_py']
[1.159s] Level 1:colcon.colcon_core.package_identification:_identify(experiment_logs/I3_incipient_fast/run_2) by extension 'python_setup_py'
[1.159s] Level 1:colcon.colcon_core.package_identification:_identify(experiment_logs/I3_incipient_fast/run_3) by extensions ['ignore', 'ignore_ament_install']
[1.159s] Level 1:colcon.colcon_core.package_identification:_identify(experiment_logs/I3_incipient_fast/run_3) by extension 'ignore'
[1.160s] Level 1:colcon.colcon_core.package_identification:_identify(experiment_logs/I3_incipient_fast/run_3) by extension 'ignore_ament_install'
[1.160s] Level 1:colcon.colcon_core.package_identification:_identify(experiment_logs/I3_incipient_fast/run_3) by extensions ['colcon_pkg']
[1.160s] Level 1:colcon.colcon_core.package_identification:_identify(experiment_logs/I3_incipient_fast/run_3) by extension 'colcon_pkg'
[1.160s] Level 1:colcon.colcon_core.package_identification:_identify(experiment_logs/I3_incipient_fast/run_3) by extensions ['colcon_meta']
[1.160s] Level 1:colcon.colcon_core.package_identification:_identify(experiment_logs/I3_incipient_fast/run_3) by extension 'colcon_meta'
[1.160s] Level 1:colcon.colcon_core.package_identification:_identify(experiment_logs/I3_incipient_fast/run_3) by extensions ['ros']
[1.160s] Level 1:colcon.colcon_core.package_identification:_identify(experiment_logs/I3_incipient_fast/run_3) by extension 'ros'
[1.160s] Level 1:colcon.colcon_core.package_identification:_identify(experiment_logs/I3_incipient_fast/run_3) by extensions ['cmake', 'python']
[1.160s] Level 1:colcon.colcon_core.package_identification:_identify(experiment_logs/I3_incipient_fast/run_3) by extension 'cmake'
[1.160s] Level 1:colcon.colcon_core.package_identification:_identify(experiment_logs/I3_incipient_fast/run_3) by extension 'python'
[1.160s] Level 1:colcon.colcon_core.package_identification:_identify(experiment_logs/I3_incipient_fast/run_3) by extensions ['python_setup_py']
[1.160s] Level 1:colcon.colcon_core.package_identification:_identify(experiment_logs/I3_incipient_fast/run_3) by extension 'python_setup_py'
[1.160s] Level 1:colcon.colcon_core.package_identification:_identify(experiment_logs/T1_intermittent_10s_cycle) by extensions ['ignore', 'ignore_ament_install']
[1.160s] Level 1:colcon.colcon_core.package_identification:_identify(experiment_logs/T1_intermittent_10s_cycle) by extension 'ignore'
[1.160s] Level 1:colcon.colcon_core.package_identification:_identify(experiment_logs/T1_intermittent_10s_cycle) by extension 'ignore_ament_install'
[1.160s] Level 1:colcon.colcon_core.package_identification:_identify(experiment_logs/T1_intermittent_10s_cycle) by extensions ['colcon_pkg']
[1.160s] Level 1:colcon.colcon_core.package_identification:_identify(experiment_logs/T1_intermittent_10s_cycle) by extension 'colcon_pkg'
[1.161s] Level 1:colcon.colcon_core.package_identification:_identify(experiment_logs/T1_intermittent_10s_cycle) by extensions ['colcon_meta']
[1.161s] Level 1:colcon.colcon_core.package_identification:_identify(experiment_logs/T1_intermittent_10s_cycle) by extension 'colcon_meta'
[1.161s] Level 1:colcon.colcon_core.package_identification:_identify(experiment_logs/T1_intermittent_10s_cycle) by extensions ['ros']
[1.161s] Level 1:colcon.colcon_core.package_identification:_identify(experiment_logs/T1_intermittent_10s_cycle) by extension 'ros'
[1.161s] Level 1:colcon.colcon_core.package_identification:_identify(experiment_logs/T1_intermittent_10s_cycle) by extensions ['cmake', 'python']
[1.161s] Level 1:colcon.colcon_core.package_identification:_identify(experiment_logs/T1_intermittent_10s_cycle) by extension 'cmake'
[1.161s] Level 1:colcon.colcon_core.package_identification:_identify(experiment_logs/T1_intermittent_10s_cycle) by extension 'python'
[1.161s] Level 1:colcon.colcon_core.package_identification:_identify(experiment_logs/T1_intermittent_10s_cycle) by extensions ['python_setup_py']
[1.161s] Level 1:colcon.colcon_core.package_identification:_identify(experiment_logs/T1_intermittent_10s_cycle) by extension 'python_setup_py'
[1.161s] Level 1:colcon.colcon_core.package_identification:_identify(experiment_logs/T1_intermittent_10s_cycle/run_1) by extensions ['ignore', 'ignore_ament_install']
[1.161s] Level 1:colcon.colcon_core.package_identification:_identify(experiment_logs/T1_intermittent_10s_cycle/run_1) by extension 'ignore'
[1.161s] Level 1:colcon.colcon_core.package_identification:_identify(experiment_logs/T1_intermittent_10s_cycle/run_1) by extension 'ignore_ament_install'
[1.161s] Level 1:colcon.colcon_core.package_identification:_identify(experiment_logs/T1_intermittent_10s_cycle/run_1) by extensions ['colcon_pkg']
[1.161s] Level 1:colcon.colcon_core.package_identification:_identify(experiment_logs/T1_intermittent_10s_cycle/run_1) by extension 'colcon_pkg'
[1.161s] Level 1:colcon.colcon_core.package_identification:_identify(experiment_logs/T1_intermittent_10s_cycle/run_1) by extensions ['colcon_meta']
[1.161s] Level 1:colcon.colcon_core.package_identification:_identify(experiment_logs/T1_intermittent_10s_cycle/run_1) by extension 'colcon_meta'
[1.161s] Level 1:colcon.colcon_core.package_identification:_identify(experiment_logs/T1_intermittent_10s_cycle/run_1) by extensions ['ros']
[1.162s] Level 1:colcon.colcon_core.package_identification:_identify(experiment_logs/T1_intermittent_10s_cycle/run_1) by extension 'ros'
[1.162s] Level 1:colcon.colcon_core.package_identification:_identify(experiment_logs/T1_intermittent_10s_cycle/run_1) by extensions ['cmake', 'python']
[1.162s] Level 1:colcon.colcon_core.package_identification:_identify(experiment_logs/T1_intermittent_10s_cycle/run_1) by extension 'cmake'
[1.162s] Level 1:colcon.colcon_core.package_identification:_identify(experiment_logs/T1_intermittent_10s_cycle/run_1) by extension 'python'
[1.162s] Level 1:colcon.colcon_core.package_identification:_identify(experiment_logs/T1_intermittent_10s_cycle/run_1) by extensions ['python_setup_py']
[1.162s] Level 1:colcon.colcon_core.package_identification:_identify(experiment_logs/T1_intermittent_10s_cycle/run_1) by extension 'python_setup_py'
[1.162s] Level 1:colcon.colcon_core.package_identification:_identify(experiment_logs/T1_intermittent_10s_cycle/run_2) by extensions ['ignore', 'ignore_ament_install']
[1.162s] Level 1:colcon.colcon_core.package_identification:_identify(experiment_logs/T1_intermittent_10s_cycle/run_2) by extension 'ignore'
[1.162s] Level 1:colcon.colcon_core.package_identification:_identify(experiment_logs/T1_intermittent_10s_cycle/run_2) by extension 'ignore_ament_install'
[1.162s] Level 1:colcon.colcon_core.package_identification:_identify(experiment_logs/T1_intermittent_10s_cycle/run_2) by extensions ['colcon_pkg']
[1.162s] Level 1:colcon.colcon_core.package_identification:_identify(experiment_logs/T1_intermittent_10s_cycle/run_2) by extension 'colcon_pkg'
[1.162s] Level 1:colcon.colcon_core.package_identification:_identify(experiment_logs/T1_intermittent_10s_cycle/run_2) by extensions ['colcon_meta']
[1.162s] Level 1:colcon.colcon_core.package_identification:_identify(experiment_logs/T1_intermittent_10s_cycle/run_2) by extension 'colcon_meta'
[1.162s] Level 1:colcon.colcon_core.package_identification:_identify(experiment_logs/T1_intermittent_10s_cycle/run_2) by extensions ['ros']
[1.162s] Level 1:colcon.colcon_core.package_identification:_identify(experiment_logs/T1_intermittent_10s_cycle/run_2) by extension 'ros'
[1.162s] Level 1:colcon.colcon_core.package_identification:_identify(experiment_logs/T1_intermittent_10s_cycle/run_2) by extensions ['cmake', 'python']
[1.163s] Level 1:colcon.colcon_core.package_identification:_identify(experiment_logs/T1_intermittent_10s_cycle/run_2) by extension 'cmake'
[1.163s] Level 1:colcon.colcon_core.package_identification:_identify(experiment_logs/T1_intermittent_10s_cycle/run_2) by extension 'python'
[1.163s] Level 1:colcon.colcon_core.package_identification:_identify(experiment_logs/T1_intermittent_10s_cycle/run_2) by extensions ['python_setup_py']
[1.163s] Level 1:colcon.colcon_core.package_identification:_identify(experiment_logs/T1_intermittent_10s_cycle/run_2) by extension 'python_setup_py'
[1.163s] Level 1:colcon.colcon_core.package_identification:_identify(experiment_logs/T1_intermittent_10s_cycle/run_3) by extensions ['ignore', 'ignore_ament_install']
[1.163s] Level 1:colcon.colcon_core.package_identification:_identify(experiment_logs/T1_intermittent_10s_cycle/run_3) by extension 'ignore'
[1.163s] Level 1:colcon.colcon_core.package_identification:_identify(experiment_logs/T1_intermittent_10s_cycle/run_3) by extension 'ignore_ament_install'
[1.163s] Level 1:colcon.colcon_core.package_identification:_identify(experiment_logs/T1_intermittent_10s_cycle/run_3) by extensions ['colcon_pkg']
[1.163s] Level 1:colcon.colcon_core.package_identification:_identify(experiment_logs/T1_intermittent_10s_cycle/run_3) by extension 'colcon_pkg'
[1.163s] Level 1:colcon.colcon_core.package_identification:_identify(experiment_logs/T1_intermittent_10s_cycle/run_3) by extensions ['colcon_meta']
[1.163s] Level 1:colcon.colcon_core.package_identification:_identify(experiment_logs/T1_intermittent_10s_cycle/run_3) by extension 'colcon_meta'
[1.163s] Level 1:colcon.colcon_core.package_identification:_identify(experiment_logs/T1_intermittent_10s_cycle/run_3) by extensions ['ros']
[1.163s] Level 1:colcon.colcon_core.package_identification:_identify(experiment_logs/T1_intermittent_10s_cycle/run_3) by extension 'ros'
[1.163s] Level 1:colcon.colcon_core.package_identification:_identify(experiment_logs/T1_intermittent_10s_cycle/run_3) by extensions ['cmake', 'python']
[1.163s] Level 1:colcon.colcon_core.package_identification:_identify(experiment_logs/T1_intermittent_10s_cycle/run_3) by extension 'cmake'
[1.163s] Level 1:colcon.colcon_core.package_identification:_identify(experiment_logs/T1_intermittent_10s_cycle/run_3) by extension 'python'
[1.163s] Level 1:colcon.colcon_core.package_identification:_identify(experiment_logs/T1_intermittent_10s_cycle/run_3) by extensions ['python_setup_py']
[1.164s] Level 1:colcon.colcon_core.package_identification:_identify(experiment_logs/T1_intermittent_10s_cycle/run_3) by extension 'python_setup_py'
[1.164s] Level 1:colcon.colcon_core.package_identification:_identify(experiment_logs/T2_intermittent_3s_cycle) by extensions ['ignore', 'ignore_ament_install']
[1.164s] Level 1:colcon.colcon_core.package_identification:_identify(experiment_logs/T2_intermittent_3s_cycle) by extension 'ignore'
[1.164s] Level 1:colcon.colcon_core.package_identification:_identify(experiment_logs/T2_intermittent_3s_cycle) by extension 'ignore_ament_install'
[1.164s] Level 1:colcon.colcon_core.package_identification:_identify(experiment_logs/T2_intermittent_3s_cycle) by extensions ['colcon_pkg']
[1.164s] Level 1:colcon.colcon_core.package_identification:_identify(experiment_logs/T2_intermittent_3s_cycle) by extension 'colcon_pkg'
[1.164s] Level 1:colcon.colcon_core.package_identification:_identify(experiment_logs/T2_intermittent_3s_cycle) by extensions ['colcon_meta']
[1.164s] Level 1:colcon.colcon_core.package_identification:_identify(experiment_logs/T2_intermittent_3s_cycle) by extension 'colcon_meta'
[1.164s] Level 1:colcon.colcon_core.package_identification:_identify(experiment_logs/T2_intermittent_3s_cycle) by extensions ['ros']
[1.164s] Level 1:colcon.colcon_core.package_identification:_identify(experiment_logs/T2_intermittent_3s_cycle) by extension 'ros'
[1.164s] Level 1:colcon.colcon_core.package_identification:_identify(experiment_logs/T2_intermittent_3s_cycle) by extensions ['cmake', 'python']
[1.164s] Level 1:colcon.colcon_core.package_identification:_identify(experiment_logs/T2_intermittent_3s_cycle) by extension 'cmake'
[1.164s] Level 1:colcon.colcon_core.package_identification:_identify(experiment_logs/T2_intermittent_3s_cycle) by extension 'python'
[1.165s] Level 1:colcon.colcon_core.package_identification:_identify(experiment_logs/T2_intermittent_3s_cycle) by extensions ['python_setup_py']
[1.165s] Level 1:colcon.colcon_core.package_identification:_identify(experiment_logs/T2_intermittent_3s_cycle) by extension 'python_setup_py'
[1.165s] Level 1:colcon.colcon_core.package_identification:_identify(experiment_logs/T2_intermittent_3s_cycle/run_1) by extensions ['ignore', 'ignore_ament_install']
[1.165s] Level 1:colcon.colcon_core.package_identification:_identify(experiment_logs/T2_intermittent_3s_cycle/run_1) by extension 'ignore'
[1.165s] Level 1:colcon.colcon_core.package_identification:_identify(experiment_logs/T2_intermittent_3s_cycle/run_1) by extension 'ignore_ament_install'
[1.165s] Level 1:colcon.colcon_core.package_identification:_identify(experiment_logs/T2_intermittent_3s_cycle/run_1) by extensions ['colcon_pkg']
[1.165s] Level 1:colcon.colcon_core.package_identification:_identify(experiment_logs/T2_intermittent_3s_cycle/run_1) by extension 'colcon_pkg'
[1.165s] Level 1:colcon.colcon_core.package_identification:_identify(experiment_logs/T2_intermittent_3s_cycle/run_1) by extensions ['colcon_meta']
[1.165s] Level 1:colcon.colcon_core.package_identification:_identify(experiment_logs/T2_intermittent_3s_cycle/run_1) by extension 'colcon_meta'
[1.165s] Level 1:colcon.colcon_core.package_identification:_identify(experiment_logs/T2_intermittent_3s_cycle/run_1) by extensions ['ros']
[1.166s] Level 1:colcon.colcon_core.package_identification:_identify(experiment_logs/T2_intermittent_3s_cycle/run_1) by extension 'ros'
[1.166s] Level 1:colcon.colcon_core.package_identification:_identify(experiment_logs/T2_intermittent_3s_cycle/run_1) by extensions ['cmake', 'python']
[1.166s] Level 1:colcon.colcon_core.package_identification:_identify(experiment_logs/T2_intermittent_3s_cycle/run_1) by extension 'cmake'
[1.166s] Level 1:colcon.colcon_core.package_identification:_identify(experiment_logs/T2_intermittent_3s_cycle/run_1) by extension 'python'
[1.166s] Level 1:colcon.colcon_core.package_identification:_identify(experiment_logs/T2_intermittent_3s_cycle/run_1) by extensions ['python_setup_py']
[1.166s] Level 1:colcon.colcon_core.package_identification:_identify(experiment_logs/T2_intermittent_3s_cycle/run_1) by extension 'python_setup_py'
[1.166s] Level 1:colcon.colcon_core.package_identification:_identify(experiment_logs/T2_intermittent_3s_cycle/run_2) by extensions ['ignore', 'ignore_ament_install']
[1.166s] Level 1:colcon.colcon_core.package_identification:_identify(experiment_logs/T2_intermittent_3s_cycle/run_2) by extension 'ignore'
[1.166s] Level 1:colcon.colcon_core.package_identification:_identify(experiment_logs/T2_intermittent_3s_cycle/run_2) by extension 'ignore_ament_install'
[1.166s] Level 1:colcon.colcon_core.package_identification:_identify(experiment_logs/T2_intermittent_3s_cycle/run_2) by extensions ['colcon_pkg']
[1.166s] Level 1:colcon.colcon_core.package_identification:_identify(experiment_logs/T2_intermittent_3s_cycle/run_2) by extension 'colcon_pkg'
[1.166s] Level 1:colcon.colcon_core.package_identification:_identify(experiment_logs/T2_intermittent_3s_cycle/run_2) by extensions ['colcon_meta']
[1.166s] Level 1:colcon.colcon_core.package_identification:_identify(experiment_logs/T2_intermittent_3s_cycle/run_2) by extension 'colcon_meta'
[1.166s] Level 1:colcon.colcon_core.package_identification:_identify(experiment_logs/T2_intermittent_3s_cycle/run_2) by extensions ['ros']
[1.167s] Level 1:colcon.colcon_core.package_identification:_identify(experiment_logs/T2_intermittent_3s_cycle/run_2) by extension 'ros'
[1.167s] Level 1:colcon.colcon_core.package_identification:_identify(experiment_logs/T2_intermittent_3s_cycle/run_2) by extensions ['cmake', 'python']
[1.167s] Level 1:colcon.colcon_core.package_identification:_identify(experiment_logs/T2_intermittent_3s_cycle/run_2) by extension 'cmake'
[1.167s] Level 1:colcon.colcon_core.package_identification:_identify(experiment_logs/T2_intermittent_3s_cycle/run_2) by extension 'python'
[1.167s] Level 1:colcon.colcon_core.package_identification:_identify(experiment_logs/T2_intermittent_3s_cycle/run_2) by extensions ['python_setup_py']
[1.167s] Level 1:colcon.colcon_core.package_identification:_identify(experiment_logs/T2_intermittent_3s_cycle/run_2) by extension 'python_setup_py'
[1.167s] Level 1:colcon.colcon_core.package_identification:_identify(experiment_logs/T2_intermittent_3s_cycle/run_3) by extensions ['ignore', 'ignore_ament_install']
[1.167s] Level 1:colcon.colcon_core.package_identification:_identify(experiment_logs/T2_intermittent_3s_cycle/run_3) by extension 'ignore'
[1.167s] Level 1:colcon.colcon_core.package_identification:_identify(experiment_logs/T2_intermittent_3s_cycle/run_3) by extension 'ignore_ament_install'
[1.167s] Level 1:colcon.colcon_core.package_identification:_identify(experiment_logs/T2_intermittent_3s_cycle/run_3) by extensions ['colcon_pkg']
[1.167s] Level 1:colcon.colcon_core.package_identification:_identify(experiment_logs/T2_intermittent_3s_cycle/run_3) by extension 'colcon_pkg'
[1.167s] Level 1:colcon.colcon_core.package_identification:_identify(experiment_logs/T2_intermittent_3s_cycle/run_3) by extensions ['colcon_meta']
[1.167s] Level 1:colcon.colcon_core.package_identification:_identify(experiment_logs/T2_intermittent_3s_cycle/run_3) by extension 'colcon_meta'
[1.167s] Level 1:colcon.colcon_core.package_identification:_identify(experiment_logs/T2_intermittent_3s_cycle/run_3) by extensions ['ros']
[1.167s] Level 1:colcon.colcon_core.package_identification:_identify(experiment_logs/T2_intermittent_3s_cycle/run_3) by extension 'ros'
[1.168s] Level 1:colcon.colcon_core.package_identification:_identify(experiment_logs/T2_intermittent_3s_cycle/run_3) by extensions ['cmake', 'python']
[1.168s] Level 1:colcon.colcon_core.package_identification:_identify(experiment_logs/T2_intermittent_3s_cycle/run_3) by extension 'cmake'
[1.168s] Level 1:colcon.colcon_core.package_identification:_identify(experiment_logs/T2_intermittent_3s_cycle/run_3) by extension 'python'
[1.168s] Level 1:colcon.colcon_core.package_identification:_identify(experiment_logs/T2_intermittent_3s_cycle/run_3) by extensions ['python_setup_py']
[1.168s] Level 1:colcon.colcon_core.package_identification:_identify(experiment_logs/T2_intermittent_3s_cycle/run_3) by extension 'python_setup_py'
[1.168s] Level 1:colcon.colcon_core.package_identification:_identify(experiment_logs/T3_intermittent_asymmetric) by extensions ['ignore', 'ignore_ament_install']
[1.168s] Level 1:colcon.colcon_core.package_identification:_identify(experiment_logs/T3_intermittent_asymmetric) by extension 'ignore'
[1.168s] Level 1:colcon.colcon_core.package_identification:_identify(experiment_logs/T3_intermittent_asymmetric) by extension 'ignore_ament_install'
[1.168s] Level 1:colcon.colcon_core.package_identification:_identify(experiment_logs/T3_intermittent_asymmetric) by extensions ['colcon_pkg']
[1.168s] Level 1:colcon.colcon_core.package_identification:_identify(experiment_logs/T3_intermittent_asymmetric) by extension 'colcon_pkg'
[1.168s] Level 1:colcon.colcon_core.package_identification:_identify(experiment_logs/T3_intermittent_asymmetric) by extensions ['colcon_meta']
[1.168s] Level 1:colcon.colcon_core.package_identification:_identify(experiment_logs/T3_intermittent_asymmetric) by extension 'colcon_meta'
[1.168s] Level 1:colcon.colcon_core.package_identification:_identify(experiment_logs/T3_intermittent_asymmetric) by extensions ['ros']
[1.168s] Level 1:colcon.colcon_core.package_identification:_identify(experiment_logs/T3_intermittent_asymmetric) by extension 'ros'
[1.168s] Level 1:colcon.colcon_core.package_identification:_identify(experiment_logs/T3_intermittent_asymmetric) by extensions ['cmake', 'python']
[1.169s] Level 1:colcon.colcon_core.package_identification:_identify(experiment_logs/T3_intermittent_asymmetric) by extension 'cmake'
[1.169s] Level 1:colcon.colcon_core.package_identification:_identify(experiment_logs/T3_intermittent_asymmetric) by extension 'python'
[1.169s] Level 1:colcon.colcon_core.package_identification:_identify(experiment_logs/T3_intermittent_asymmetric) by extensions ['python_setup_py']
[1.169s] Level 1:colcon.colcon_core.package_identification:_identify(experiment_logs/T3_intermittent_asymmetric) by extension 'python_setup_py'
[1.169s] Level 1:colcon.colcon_core.package_identification:_identify(experiment_logs/T3_intermittent_asymmetric/run_1) by extensions ['ignore', 'ignore_ament_install']
[1.169s] Level 1:colcon.colcon_core.package_identification:_identify(experiment_logs/T3_intermittent_asymmetric/run_1) by extension 'ignore'
[1.169s] Level 1:colcon.colcon_core.package_identification:_identify(experiment_logs/T3_intermittent_asymmetric/run_1) by extension 'ignore_ament_install'
[1.169s] Level 1:colcon.colcon_core.package_identification:_identify(experiment_logs/T3_intermittent_asymmetric/run_1) by extensions ['colcon_pkg']
[1.169s] Level 1:colcon.colcon_core.package_identification:_identify(experiment_logs/T3_intermittent_asymmetric/run_1) by extension 'colcon_pkg'
[1.169s] Level 1:colcon.colcon_core.package_identification:_identify(experiment_logs/T3_intermittent_asymmetric/run_1) by extensions ['colcon_meta']
[1.169s] Level 1:colcon.colcon_core.package_identification:_identify(experiment_logs/T3_intermittent_asymmetric/run_1) by extension 'colcon_meta'
[1.169s] Level 1:colcon.colcon_core.package_identification:_identify(experiment_logs/T3_intermittent_asymmetric/run_1) by extensions ['ros']
[1.169s] Level 1:colcon.colcon_core.package_identification:_identify(experiment_logs/T3_intermittent_asymmetric/run_1) by extension 'ros'
[1.169s] Level 1:colcon.colcon_core.package_identification:_identify(experiment_logs/T3_intermittent_asymmetric/run_1) by extensions ['cmake', 'python']
[1.169s] Level 1:colcon.colcon_core.package_identification:_identify(experiment_logs/T3_intermittent_asymmetric/run_1) by extension 'cmake'
[1.169s] Level 1:colcon.colcon_core.package_identification:_identify(experiment_logs/T3_intermittent_asymmetric/run_1) by extension 'python'
[1.169s] Level 1:colcon.colcon_core.package_identification:_identify(experiment_logs/T3_intermittent_asymmetric/run_1) by extensions ['python_setup_py']
[1.170s] Level 1:colcon.colcon_core.package_identification:_identify(experiment_logs/T3_intermittent_asymmetric/run_1) by extension 'python_setup_py'
[1.170s] Level 1:colcon.colcon_core.package_identification:_identify(experiment_logs/T3_intermittent_asymmetric/run_2) by extensions ['ignore', 'ignore_ament_install']
[1.170s] Level 1:colcon.colcon_core.package_identification:_identify(experiment_logs/T3_intermittent_asymmetric/run_2) by extension 'ignore'
[1.170s] Level 1:colcon.colcon_core.package_identification:_identify(experiment_logs/T3_intermittent_asymmetric/run_2) by extension 'ignore_ament_install'
[1.170s] Level 1:colcon.colcon_core.package_identification:_identify(experiment_logs/T3_intermittent_asymmetric/run_2) by extensions ['colcon_pkg']
[1.170s] Level 1:colcon.colcon_core.package_identification:_identify(experiment_logs/T3_intermittent_asymmetric/run_2) by extension 'colcon_pkg'
[1.170s] Level 1:colcon.colcon_core.package_identification:_identify(experiment_logs/T3_intermittent_asymmetric/run_2) by extensions ['colcon_meta']
[1.170s] Level 1:colcon.colcon_core.package_identification:_identify(experiment_logs/T3_intermittent_asymmetric/run_2) by extension 'colcon_meta'
[1.170s] Level 1:colcon.colcon_core.package_identification:_identify(experiment_logs/T3_intermittent_asymmetric/run_2) by extensions ['ros']
[1.170s] Level 1:colcon.colcon_core.package_identification:_identify(experiment_logs/T3_intermittent_asymmetric/run_2) by extension 'ros'
[1.170s] Level 1:colcon.colcon_core.package_identification:_identify(experiment_logs/T3_intermittent_asymmetric/run_2) by extensions ['cmake', 'python']
[1.170s] Level 1:colcon.colcon_core.package_identification:_identify(experiment_logs/T3_intermittent_asymmetric/run_2) by extension 'cmake'
[1.170s] Level 1:colcon.colcon_core.package_identification:_identify(experiment_logs/T3_intermittent_asymmetric/run_2) by extension 'python'
[1.170s] Level 1:colcon.colcon_core.package_identification:_identify(experiment_logs/T3_intermittent_asymmetric/run_2) by extensions ['python_setup_py']
[1.170s] Level 1:colcon.colcon_core.package_identification:_identify(experiment_logs/T3_intermittent_asymmetric/run_2) by extension 'python_setup_py'
[1.171s] Level 1:colcon.colcon_core.package_identification:_identify(experiment_logs/T3_intermittent_asymmetric/run_3) by extensions ['ignore', 'ignore_ament_install']
[1.171s] Level 1:colcon.colcon_core.package_identification:_identify(experiment_logs/T3_intermittent_asymmetric/run_3) by extension 'ignore'
[1.171s] Level 1:colcon.colcon_core.package_identification:_identify(experiment_logs/T3_intermittent_asymmetric/run_3) by extension 'ignore_ament_install'
[1.171s] Level 1:colcon.colcon_core.package_identification:_identify(experiment_logs/T3_intermittent_asymmetric/run_3) by extensions ['colcon_pkg']
[1.171s] Level 1:colcon.colcon_core.package_identification:_identify(experiment_logs/T3_intermittent_asymmetric/run_3) by extension 'colcon_pkg'
[1.171s] Level 1:colcon.colcon_core.package_identification:_identify(experiment_logs/T3_intermittent_asymmetric/run_3) by extensions ['colcon_meta']
[1.171s] Level 1:colcon.colcon_core.package_identification:_identify(experiment_logs/T3_intermittent_asymmetric/run_3) by extension 'colcon_meta'
[1.171s] Level 1:colcon.colcon_core.package_identification:_identify(experiment_logs/T3_intermittent_asymmetric/run_3) by extensions ['ros']
[1.171s] Level 1:colcon.colcon_core.package_identification:_identify(experiment_logs/T3_intermittent_asymmetric/run_3) by extension 'ros'
[1.171s] Level 1:colcon.colcon_core.package_identification:_identify(experiment_logs/T3_intermittent_asymmetric/run_3) by extensions ['cmake', 'python']
[1.171s] Level 1:colcon.colcon_core.package_identification:_identify(experiment_logs/T3_intermittent_asymmetric/run_3) by extension 'cmake'
[1.171s] Level 1:colcon.colcon_core.package_identification:_identify(experiment_logs/T3_intermittent_asymmetric/run_3) by extension 'python'
[1.171s] Level 1:colcon.colcon_core.package_identification:_identify(experiment_logs/T3_intermittent_asymmetric/run_3) by extensions ['python_setup_py']
[1.172s] Level 1:colcon.colcon_core.package_identification:_identify(experiment_logs/T3_intermittent_asymmetric/run_3) by extension 'python_setup_py'
[1.172s] Level 1:colcon.colcon_core.package_identification:_identify(install) by extensions ['ignore', 'ignore_ament_install']
[1.172s] Level 1:colcon.colcon_core.package_identification:_identify(install) by extension 'ignore'
[1.172s] Level 1:colcon.colcon_core.package_identification:_identify(install) ignored
[1.172s] Level 1:colcon.colcon_core.package_identification:_identify(log) by extensions ['ignore', 'ignore_ament_install']
[1.172s] Level 1:colcon.colcon_core.package_identification:_identify(log) by extension 'ignore'
[1.172s] Level 1:colcon.colcon_core.package_identification:_identify(log) ignored
[1.173s] Level 1:colcon.colcon_core.package_identification:_identify(src) by extensions ['ignore', 'ignore_ament_install']
[1.173s] Level 1:colcon.colcon_core.package_identification:_identify(src) by extension 'ignore'
[1.173s] Level 1:colcon.colcon_core.package_identification:_identify(src) by extension 'ignore_ament_install'
[1.173s] Level 1:colcon.colcon_core.package_identification:_identify(src) by extensions ['colcon_pkg']
[1.173s] Level 1:colcon.colcon_core.package_identification:_identify(src) by extension 'colcon_pkg'
[1.173s] Level 1:colcon.colcon_core.package_identification:_identify(src) by extensions ['colcon_meta']
[1.173s] Level 1:colcon.colcon_core.package_identification:_identify(src) by extension 'colcon_meta'
[1.173s] Level 1:colcon.colcon_core.package_identification:_identify(src) by extensions ['ros']
[1.173s] Level 1:colcon.colcon_core.package_identification:_identify(src) by extension 'ros'
[1.173s] Level 1:colcon.colcon_core.package_identification:_identify(src) by extensions ['cmake', 'python']
[1.174s] Level 1:colcon.colcon_core.package_identification:_identify(src) by extension 'cmake'
[1.174s] Level 1:colcon.colcon_core.package_identification:_identify(src) by extension 'python'
[1.174s] Level 1:colcon.colcon_core.package_identification:_identify(src) by extensions ['python_setup_py']
[1.174s] Level 1:colcon.colcon_core.package_identification:_identify(src) by extension 'python_setup_py'
[1.174s] Level 1:colcon.colcon_core.package_identification:_identify(src/central_swarm_control) by extensions ['ignore', 'ignore_ament_install']
[1.174s] Level 1:colcon.colcon_core.package_identification:_identify(src/central_swarm_control) by extension 'ignore'
[1.174s] Level 1:colcon.colcon_core.package_identification:_identify(src/central_swarm_control) by extension 'ignore_ament_install'
[1.174s] Level 1:colcon.colcon_core.package_identification:_identify(src/central_swarm_control) by extensions ['colcon_pkg']
[1.174s] Level 1:colcon.colcon_core.package_identification:_identify(src/central_swarm_control) by extension 'colcon_pkg'
[1.175s] Level 1:colcon.colcon_core.package_identification:_identify(src/central_swarm_control) by extensions ['colcon_meta']
[1.175s] Level 1:colcon.colcon_core.package_identification:_identify(src/central_swarm_control) by extension 'colcon_meta'
[1.175s] Level 1:colcon.colcon_core.package_identification:_identify(src/central_swarm_control) by extensions ['ros']
[1.175s] Level 1:colcon.colcon_core.package_identification:_identify(src/central_swarm_control) by extension 'ros'
[1.179s] DEBUG:colcon.colcon_core.package_identification:Package 'src/central_swarm_control' with type 'ros.ament_python' and name 'central_swarm_control'
[1.179s] Level 1:colcon.colcon_core.package_identification:_identify(src/crazyswarm2) by extensions ['ignore', 'ignore_ament_install']
[1.179s] Level 1:colcon.colcon_core.package_identification:_identify(src/crazyswarm2) by extension 'ignore'
[1.179s] Level 1:colcon.colcon_core.package_identification:_identify(src/crazyswarm2) by extension 'ignore_ament_install'
[1.179s] Level 1:colcon.colcon_core.package_identification:_identify(src/crazyswarm2) by extensions ['colcon_pkg']
[1.179s] Level 1:colcon.colcon_core.package_identification:_identify(src/crazyswarm2) by extension 'colcon_pkg'
[1.179s] Level 1:colcon.colcon_core.package_identification:_identify(src/crazyswarm2) by extensions ['colcon_meta']
[1.179s] Level 1:colcon.colcon_core.package_identification:_identify(src/crazyswarm2) by extension 'colcon_meta'
[1.179s] Level 1:colcon.colcon_core.package_identification:_identify(src/crazyswarm2) by extensions ['ros']
[1.179s] Level 1:colcon.colcon_core.package_identification:_identify(src/crazyswarm2) by extension 'ros'
[1.180s] Level 1:colcon.colcon_core.package_identification:_identify(src/crazyswarm2) by extensions ['cmake', 'python']
[1.180s] Level 1:colcon.colcon_core.package_identification:_identify(src/crazyswarm2) by extension 'cmake'
[1.180s] Level 1:colcon.colcon_core.package_identification:_identify(src/crazyswarm2) by extension 'python'
[1.180s] Level 1:colcon.colcon_core.package_identification:_identify(src/crazyswarm2) by extensions ['python_setup_py']
[1.180s] Level 1:colcon.colcon_core.package_identification:_identify(src/crazyswarm2) by extension 'python_setup_py'
[1.180s] Level 1:colcon.colcon_core.package_identification:_identify(src/crazyswarm2/crazyflie) by extensions ['ignore', 'ignore_ament_install']
[1.180s] Level 1:colcon.colcon_core.package_identification:_identify(src/crazyswarm2/crazyflie) by extension 'ignore'
[1.180s] Level 1:colcon.colcon_core.package_identification:_identify(src/crazyswarm2/crazyflie) by extension 'ignore_ament_install'
[1.180s] Level 1:colcon.colcon_core.package_identification:_identify(src/crazyswarm2/crazyflie) by extensions ['colcon_pkg']
[1.180s] Level 1:colcon.colcon_core.package_identification:_identify(src/crazyswarm2/crazyflie) by extension 'colcon_pkg'
[1.180s] Level 1:colcon.colcon_core.package_identification:_identify(src/crazyswarm2/crazyflie) by extensions ['colcon_meta']
[1.180s] Level 1:colcon.colcon_core.package_identification:_identify(src/crazyswarm2/crazyflie) by extension 'colcon_meta'
[1.180s] Level 1:colcon.colcon_core.package_identification:_identify(src/crazyswarm2/crazyflie) by extensions ['ros']
[1.180s] Level 1:colcon.colcon_core.package_identification:_identify(src/crazyswarm2/crazyflie) by extension 'ros'
[1.182s] DEBUG:colcon.colcon_core.package_identification:Package 'src/crazyswarm2/crazyflie' with type 'ros.ament_cmake' and name 'crazyflie'
[1.182s] Level 1:colcon.colcon_core.package_identification:_identify(src/crazyswarm2/crazyflie_examples) by extensions ['ignore', 'ignore_ament_install']
[1.182s] Level 1:colcon.colcon_core.package_identification:_identify(src/crazyswarm2/crazyflie_examples) by extension 'ignore'
[1.182s] Level 1:colcon.colcon_core.package_identification:_identify(src/crazyswarm2/crazyflie_examples) by extension 'ignore_ament_install'
[1.182s] Level 1:colcon.colcon_core.package_identification:_identify(src/crazyswarm2/crazyflie_examples) by extensions ['colcon_pkg']
[1.183s] Level 1:colcon.colcon_core.package_identification:_identify(src/crazyswarm2/crazyflie_examples) by extension 'colcon_pkg'
[1.183s] Level 1:colcon.colcon_core.package_identification:_identify(src/crazyswarm2/crazyflie_examples) by extensions ['colcon_meta']
[1.183s] Level 1:colcon.colcon_core.package_identification:_identify(src/crazyswarm2/crazyflie_examples) by extension 'colcon_meta'
[1.183s] Level 1:colcon.colcon_core.package_identification:_identify(src/crazyswarm2/crazyflie_examples) by extensions ['ros']
[1.183s] Level 1:colcon.colcon_core.package_identification:_identify(src/crazyswarm2/crazyflie_examples) by extension 'ros'
[1.184s] DEBUG:colcon.colcon_core.package_identification:Package 'src/crazyswarm2/crazyflie_examples' with type 'ros.ament_cmake' and name 'crazyflie_examples'
[1.184s] Level 1:colcon.colcon_core.package_identification:_identify(src/crazyswarm2/crazyflie_interfaces) by extensions ['ignore', 'ignore_ament_install']
[1.184s] Level 1:colcon.colcon_core.package_identification:_identify(src/crazyswarm2/crazyflie_interfaces) by extension 'ignore'
[1.184s] Level 1:colcon.colcon_core.package_identification:_identify(src/crazyswarm2/crazyflie_interfaces) by extension 'ignore_ament_install'
[1.184s] Level 1:colcon.colcon_core.package_identification:_identify(src/crazyswarm2/crazyflie_interfaces) by extensions ['colcon_pkg']
[1.184s] Level 1:colcon.colcon_core.package_identification:_identify(src/crazyswarm2/crazyflie_interfaces) by extension 'colcon_pkg'
[1.185s] Level 1:colcon.colcon_core.package_identification:_identify(src/crazyswarm2/crazyflie_interfaces) by extensions ['colcon_meta']
[1.185s] Level 1:colcon.colcon_core.package_identification:_identify(src/crazyswarm2/crazyflie_interfaces) by extension 'colcon_meta'
[1.185s] Level 1:colcon.colcon_core.package_identification:_identify(src/crazyswarm2/crazyflie_interfaces) by extensions ['ros']
[1.185s] Level 1:colcon.colcon_core.package_identification:_identify(src/crazyswarm2/crazyflie_interfaces) by extension 'ros'
[1.186s] DEBUG:colcon.colcon_core.package_identification:Package 'src/crazyswarm2/crazyflie_interfaces' with type 'ros.ament_cmake' and name 'crazyflie_interfaces'
[1.186s] Level 1:colcon.colcon_core.package_identification:_identify(src/crazyswarm2/crazyflie_py) by extensions ['ignore', 'ignore_ament_install']
[1.186s] Level 1:colcon.colcon_core.package_identification:_identify(src/crazyswarm2/crazyflie_py) by extension 'ignore'
[1.186s] Level 1:colcon.colcon_core.package_identification:_identify(src/crazyswarm2/crazyflie_py) by extension 'ignore_ament_install'
[1.186s] Level 1:colcon.colcon_core.package_identification:_identify(src/crazyswarm2/crazyflie_py) by extensions ['colcon_pkg']
[1.186s] Level 1:colcon.colcon_core.package_identification:_identify(src/crazyswarm2/crazyflie_py) by extension 'colcon_pkg'
[1.187s] Level 1:colcon.colcon_core.package_identification:_identify(src/crazyswarm2/crazyflie_py) by extensions ['colcon_meta']
[1.187s] Level 1:colcon.colcon_core.package_identification:_identify(src/crazyswarm2/crazyflie_py) by extension 'colcon_meta'
[1.187s] Level 1:colcon.colcon_core.package_identification:_identify(src/crazyswarm2/crazyflie_py) by extensions ['ros']
[1.187s] Level 1:colcon.colcon_core.package_identification:_identify(src/crazyswarm2/crazyflie_py) by extension 'ros'
[1.189s] DEBUG:colcon.colcon_core.package_identification:Package 'src/crazyswarm2/crazyflie_py' with type 'ros.ament_python' and name 'crazyflie_py'
[1.189s] Level 1:colcon.colcon_core.package_identification:_identify(src/crazyswarm2/crazyflie_sim) by extensions ['ignore', 'ignore_ament_install']
[1.189s] Level 1:colcon.colcon_core.package_identification:_identify(src/crazyswarm2/crazyflie_sim) by extension 'ignore'
[1.189s] Level 1:colcon.colcon_core.package_identification:_identify(src/crazyswarm2/crazyflie_sim) by extension 'ignore_ament_install'
[1.189s] Level 1:colcon.colcon_core.package_identification:_identify(src/crazyswarm2/crazyflie_sim) by extensions ['colcon_pkg']
[1.189s] Level 1:colcon.colcon_core.package_identification:_identify(src/crazyswarm2/crazyflie_sim) by extension 'colcon_pkg'
[1.190s] Level 1:colcon.colcon_core.package_identification:_identify(src/crazyswarm2/crazyflie_sim) by extensions ['colcon_meta']
[1.190s] Level 1:colcon.colcon_core.package_identification:_identify(src/crazyswarm2/crazyflie_sim) by extension 'colcon_meta'
[1.190s] Level 1:colcon.colcon_core.package_identification:_identify(src/crazyswarm2/crazyflie_sim) by extensions ['ros']
[1.190s] Level 1:colcon.colcon_core.package_identification:_identify(src/crazyswarm2/crazyflie_sim) by extension 'ros'
[1.191s] DEBUG:colcon.colcon_core.package_identification:Package 'src/crazyswarm2/crazyflie_sim' with type 'ros.ament_cmake' and name 'crazyflie_sim'
[1.192s] Level 1:colcon.colcon_core.package_identification:_identify(src/crazyswarm2/docs) by extensions ['ignore', 'ignore_ament_install']
[1.192s] Level 1:colcon.colcon_core.package_identification:_identify(src/crazyswarm2/docs) by extension 'ignore'
[1.192s] Level 1:colcon.colcon_core.package_identification:_identify(src/crazyswarm2/docs) by extension 'ignore_ament_install'
[1.192s] Level 1:colcon.colcon_core.package_identification:_identify(src/crazyswarm2/docs) by extensions ['colcon_pkg']
[1.192s] Level 1:colcon.colcon_core.package_identification:_identify(src/crazyswarm2/docs) by extension 'colcon_pkg'
[1.192s] Level 1:colcon.colcon_core.package_identification:_identify(src/crazyswarm2/docs) by extensions ['colcon_meta']
[1.192s] Level 1:colcon.colcon_core.package_identification:_identify(src/crazyswarm2/docs) by extension 'colcon_meta'
[1.192s] Level 1:colcon.colcon_core.package_identification:_identify(src/crazyswarm2/docs) by extensions ['ros']
[1.192s] Level 1:colcon.colcon_core.package_identification:_identify(src/crazyswarm2/docs) by extension 'ros'
[1.192s] Level 1:colcon.colcon_core.package_identification:_identify(src/crazyswarm2/docs) by extensions ['cmake', 'python']
[1.192s] Level 1:colcon.colcon_core.package_identification:_identify(src/crazyswarm2/docs) by extension 'cmake'
[1.192s] Level 1:colcon.colcon_core.package_identification:_identify(src/crazyswarm2/docs) by extension 'python'
[1.193s] Level 1:colcon.colcon_core.package_identification:_identify(src/crazyswarm2/docs) by extensions ['python_setup_py']
[1.193s] Level 1:colcon.colcon_core.package_identification:_identify(src/crazyswarm2/docs) by extension 'python_setup_py'
[1.193s] Level 1:colcon.colcon_core.package_identification:_identify(src/crazyswarm2/docs/generated) by extensions ['ignore', 'ignore_ament_install']
[1.193s] Level 1:colcon.colcon_core.package_identification:_identify(src/crazyswarm2/docs/generated) by extension 'ignore'
[1.193s] Level 1:colcon.colcon_core.package_identification:_identify(src/crazyswarm2/docs/generated) by extension 'ignore_ament_install'
[1.193s] Level 1:colcon.colcon_core.package_identification:_identify(src/crazyswarm2/docs/generated) by extensions ['colcon_pkg']
[1.193s] Level 1:colcon.colcon_core.package_identification:_identify(src/crazyswarm2/docs/generated) by extension 'colcon_pkg'
[1.193s] Level 1:colcon.colcon_core.package_identification:_identify(src/crazyswarm2/docs/generated) by extensions ['colcon_meta']
[1.193s] Level 1:colcon.colcon_core.package_identification:_identify(src/crazyswarm2/docs/generated) by extension 'colcon_meta'
[1.193s] Level 1:colcon.colcon_core.package_identification:_identify(src/crazyswarm2/docs/generated) by extensions ['ros']
[1.193s] Level 1:colcon.colcon_core.package_identification:_identify(src/crazyswarm2/docs/generated) by extension 'ros'
[1.193s] Level 1:colcon.colcon_core.package_identification:_identify(src/crazyswarm2/docs/generated) by extensions ['cmake', 'python']
[1.193s] Level 1:colcon.colcon_core.package_identification:_identify(src/crazyswarm2/docs/generated) by extension 'cmake'
[1.193s] Level 1:colcon.colcon_core.package_identification:_identify(src/crazyswarm2/docs/generated) by extension 'python'
[1.194s] Level 1:colcon.colcon_core.package_identification:_identify(src/crazyswarm2/docs/generated) by extensions ['python_setup_py']
[1.194s] Level 1:colcon.colcon_core.package_identification:_identify(src/crazyswarm2/docs/generated) by extension 'python_setup_py'
[1.194s] Level 1:colcon.colcon_core.package_identification:_identify(src/crazyswarm2/docs/howto) by extensions ['ignore', 'ignore_ament_install']
[1.194s] Level 1:colcon.colcon_core.package_identification:_identify(src/crazyswarm2/docs/howto) by extension 'ignore'
[1.194s] Level 1:colcon.colcon_core.package_identification:_identify(src/crazyswarm2/docs/howto) by extension 'ignore_ament_install'
[1.194s] Level 1:colcon.colcon_core.package_identification:_identify(src/crazyswarm2/docs/howto) by extensions ['colcon_pkg']
[1.194s] Level 1:colcon.colcon_core.package_identification:_identify(src/crazyswarm2/docs/howto) by extension 'colcon_pkg'
[1.194s] Level 1:colcon.colcon_core.package_identification:_identify(src/crazyswarm2/docs/howto) by extensions ['colcon_meta']
[1.194s] Level 1:colcon.colcon_core.package_identification:_identify(src/crazyswarm2/docs/howto) by extension 'colcon_meta'
[1.194s] Level 1:colcon.colcon_core.package_identification:_identify(src/crazyswarm2/docs/howto) by extensions ['ros']
[1.194s] Level 1:colcon.colcon_core.package_identification:_identify(src/crazyswarm2/docs/howto) by extension 'ros'
[1.194s] Level 1:colcon.colcon_core.package_identification:_identify(src/crazyswarm2/docs/howto) by extensions ['cmake', 'python']
[1.194s] Level 1:colcon.colcon_core.package_identification:_identify(src/crazyswarm2/docs/howto) by extension 'cmake'
[1.194s] Level 1:colcon.colcon_core.package_identification:_identify(src/crazyswarm2/docs/howto) by extension 'python'
[1.194s] Level 1:colcon.colcon_core.package_identification:_identify(src/crazyswarm2/docs/howto) by extensions ['python_setup_py']
[1.194s] Level 1:colcon.colcon_core.package_identification:_identify(src/crazyswarm2/docs/howto) by extension 'python_setup_py'
[1.195s] Level 1:colcon.colcon_core.package_identification:_identify(src/crazyswarm2/docs/images) by extensions ['ignore', 'ignore_ament_install']
[1.195s] Level 1:colcon.colcon_core.package_identification:_identify(src/crazyswarm2/docs/images) by extension 'ignore'
[1.195s] Level 1:colcon.colcon_core.package_identification:_identify(src/crazyswarm2/docs/images) by extension 'ignore_ament_install'
[1.195s] Level 1:colcon.colcon_core.package_identification:_identify(src/crazyswarm2/docs/images) by extensions ['colcon_pkg']
[1.195s] Level 1:colcon.colcon_core.package_identification:_identify(src/crazyswarm2/docs/images) by extension 'colcon_pkg'
[1.195s] Level 1:colcon.colcon_core.package_identification:_identify(src/crazyswarm2/docs/images) by extensions ['colcon_meta']
[1.195s] Level 1:colcon.colcon_core.package_identification:_identify(src/crazyswarm2/docs/images) by extension 'colcon_meta'
[1.195s] Level 1:colcon.colcon_core.package_identification:_identify(src/crazyswarm2/docs/images) by extensions ['ros']
[1.195s] Level 1:colcon.colcon_core.package_identification:_identify(src/crazyswarm2/docs/images) by extension 'ros'
[1.195s] Level 1:colcon.colcon_core.package_identification:_identify(src/crazyswarm2/docs/images) by extensions ['cmake', 'python']
[1.195s] Level 1:colcon.colcon_core.package_identification:_identify(src/crazyswarm2/docs/images) by extension 'cmake'
[1.195s] Level 1:colcon.colcon_core.package_identification:_identify(src/crazyswarm2/docs/images) by extension 'python'
[1.195s] Level 1:colcon.colcon_core.package_identification:_identify(src/crazyswarm2/docs/images) by extensions ['python_setup_py']
[1.195s] Level 1:colcon.colcon_core.package_identification:_identify(src/crazyswarm2/docs/images) by extension 'python_setup_py'
[1.195s] Level 1:colcon.colcon_core.package_identification:_identify(src/crazyswarm2/docs/tutorials) by extensions ['ignore', 'ignore_ament_install']
[1.196s] Level 1:colcon.colcon_core.package_identification:_identify(src/crazyswarm2/docs/tutorials) by extension 'ignore'
[1.196s] Level 1:colcon.colcon_core.package_identification:_identify(src/crazyswarm2/docs/tutorials) by extension 'ignore_ament_install'
[1.196s] Level 1:colcon.colcon_core.package_identification:_identify(src/crazyswarm2/docs/tutorials) by extensions ['colcon_pkg']
[1.196s] Level 1:colcon.colcon_core.package_identification:_identify(src/crazyswarm2/docs/tutorials) by extension 'colcon_pkg'
[1.196s] Level 1:colcon.colcon_core.package_identification:_identify(src/crazyswarm2/docs/tutorials) by extensions ['colcon_meta']
[1.196s] Level 1:colcon.colcon_core.package_identification:_identify(src/crazyswarm2/docs/tutorials) by extension 'colcon_meta'
[1.196s] Level 1:colcon.colcon_core.package_identification:_identify(src/crazyswarm2/docs/tutorials) by extensions ['ros']
[1.196s] Level 1:colcon.colcon_core.package_identification:_identify(src/crazyswarm2/docs/tutorials) by extension 'ros'
[1.196s] Level 1:colcon.colcon_core.package_identification:_identify(src/crazyswarm2/docs/tutorials) by extensions ['cmake', 'python']
[1.196s] Level 1:colcon.colcon_core.package_identification:_identify(src/crazyswarm2/docs/tutorials) by extension 'cmake'
[1.196s] Level 1:colcon.colcon_core.package_identification:_identify(src/crazyswarm2/docs/tutorials) by extension 'python'
[1.196s] Level 1:colcon.colcon_core.package_identification:_identify(src/crazyswarm2/docs/tutorials) by extensions ['python_setup_py']
[1.196s] Level 1:colcon.colcon_core.package_identification:_identify(src/crazyswarm2/docs/tutorials) by extension 'python_setup_py'
[1.196s] Level 1:colcon.colcon_core.package_identification:_identify(src/crazyswarm2/docs2) by extensions ['ignore', 'ignore_ament_install']
[1.196s] Level 1:colcon.colcon_core.package_identification:_identify(src/crazyswarm2/docs2) by extension 'ignore'
[1.197s] Level 1:colcon.colcon_core.package_identification:_identify(src/crazyswarm2/docs2) by extension 'ignore_ament_install'
[1.197s] Level 1:colcon.colcon_core.package_identification:_identify(src/crazyswarm2/docs2) by extensions ['colcon_pkg']
[1.197s] Level 1:colcon.colcon_core.package_identification:_identify(src/crazyswarm2/docs2) by extension 'colcon_pkg'
[1.197s] Level 1:colcon.colcon_core.package_identification:_identify(src/crazyswarm2/docs2) by extensions ['colcon_meta']
[1.197s] Level 1:colcon.colcon_core.package_identification:_identify(src/crazyswarm2/docs2) by extension 'colcon_meta'
[1.197s] Level 1:colcon.colcon_core.package_identification:_identify(src/crazyswarm2/docs2) by extensions ['ros']
[1.197s] Level 1:colcon.colcon_core.package_identification:_identify(src/crazyswarm2/docs2) by extension 'ros'
[1.197s] Level 1:colcon.colcon_core.package_identification:_identify(src/crazyswarm2/docs2) by extensions ['cmake', 'python']
[1.197s] Level 1:colcon.colcon_core.package_identification:_identify(src/crazyswarm2/docs2) by extension 'cmake'
[1.197s] Level 1:colcon.colcon_core.package_identification:_identify(src/crazyswarm2/docs2) by extension 'python'
[1.197s] Level 1:colcon.colcon_core.package_identification:_identify(src/crazyswarm2/docs2) by extensions ['python_setup_py']
[1.197s] Level 1:colcon.colcon_core.package_identification:_identify(src/crazyswarm2/docs2) by extension 'python_setup_py'
[1.197s] Level 1:colcon.colcon_core.package_identification:_identify(src/crazyswarm2/docs2/images) by extensions ['ignore', 'ignore_ament_install']
[1.197s] Level 1:colcon.colcon_core.package_identification:_identify(src/crazyswarm2/docs2/images) by extension 'ignore'
[1.197s] Level 1:colcon.colcon_core.package_identification:_identify(src/crazyswarm2/docs2/images) by extension 'ignore_ament_install'
[1.197s] Level 1:colcon.colcon_core.package_identification:_identify(src/crazyswarm2/docs2/images) by extensions ['colcon_pkg']
[1.198s] Level 1:colcon.colcon_core.package_identification:_identify(src/crazyswarm2/docs2/images) by extension 'colcon_pkg'
[1.198s] Level 1:colcon.colcon_core.package_identification:_identify(src/crazyswarm2/docs2/images) by extensions ['colcon_meta']
[1.198s] Level 1:colcon.colcon_core.package_identification:_identify(src/crazyswarm2/docs2/images) by extension 'colcon_meta'
[1.198s] Level 1:colcon.colcon_core.package_identification:_identify(src/crazyswarm2/docs2/images) by extensions ['ros']
[1.198s] Level 1:colcon.colcon_core.package_identification:_identify(src/crazyswarm2/docs2/images) by extension 'ros'
[1.198s] Level 1:colcon.colcon_core.package_identification:_identify(src/crazyswarm2/docs2/images) by extensions ['cmake', 'python']
[1.198s] Level 1:colcon.colcon_core.package_identification:_identify(src/crazyswarm2/docs2/images) by extension 'cmake'
[1.198s] Level 1:colcon.colcon_core.package_identification:_identify(src/crazyswarm2/docs2/images) by extension 'python'
[1.198s] Level 1:colcon.colcon_core.package_identification:_identify(src/crazyswarm2/docs2/images) by extensions ['python_setup_py']
[1.198s] Level 1:colcon.colcon_core.package_identification:_identify(src/crazyswarm2/docs2/images) by extension 'python_setup_py'
[1.198s] Level 1:colcon.colcon_core.package_identification:_identify(src/crazyswarm2/prebuilt) by extensions ['ignore', 'ignore_ament_install']
[1.198s] Level 1:colcon.colcon_core.package_identification:_identify(src/crazyswarm2/prebuilt) by extension 'ignore'
[1.198s] Level 1:colcon.colcon_core.package_identification:_identify(src/crazyswarm2/prebuilt) by extension 'ignore_ament_install'
[1.198s] Level 1:colcon.colcon_core.package_identification:_identify(src/crazyswarm2/prebuilt) by extensions ['colcon_pkg']
[1.198s] Level 1:colcon.colcon_core.package_identification:_identify(src/crazyswarm2/prebuilt) by extension 'colcon_pkg'
[1.198s] Level 1:colcon.colcon_core.package_identification:_identify(src/crazyswarm2/prebuilt) by extensions ['colcon_meta']
[1.198s] Level 1:colcon.colcon_core.package_identification:_identify(src/crazyswarm2/prebuilt) by extension 'colcon_meta'
[1.199s] Level 1:colcon.colcon_core.package_identification:_identify(src/crazyswarm2/prebuilt) by extensions ['ros']
[1.199s] Level 1:colcon.colcon_core.package_identification:_identify(src/crazyswarm2/prebuilt) by extension 'ros'
[1.199s] Level 1:colcon.colcon_core.package_identification:_identify(src/crazyswarm2/prebuilt) by extensions ['cmake', 'python']
[1.199s] Level 1:colcon.colcon_core.package_identification:_identify(src/crazyswarm2/prebuilt) by extension 'cmake'
[1.199s] Level 1:colcon.colcon_core.package_identification:_identify(src/crazyswarm2/prebuilt) by extension 'python'
[1.199s] Level 1:colcon.colcon_core.package_identification:_identify(src/crazyswarm2/prebuilt) by extensions ['python_setup_py']
[1.199s] Level 1:colcon.colcon_core.package_identification:_identify(src/crazyswarm2/prebuilt) by extension 'python_setup_py'
[1.199s] Level 1:colcon.colcon_core.package_identification:_identify(src/crazyswarm2/ros_ws) by extensions ['ignore', 'ignore_ament_install']
[1.199s] Level 1:colcon.colcon_core.package_identification:_identify(src/crazyswarm2/ros_ws) by extension 'ignore'
[1.199s] Level 1:colcon.colcon_core.package_identification:_identify(src/crazyswarm2/ros_ws) by extension 'ignore_ament_install'
[1.199s] Level 1:colcon.colcon_core.package_identification:_identify(src/crazyswarm2/ros_ws) by extensions ['colcon_pkg']
[1.199s] Level 1:colcon.colcon_core.package_identification:_identify(src/crazyswarm2/ros_ws) by extension 'colcon_pkg'
[1.199s] Level 1:colcon.colcon_core.package_identification:_identify(src/crazyswarm2/ros_ws) by extensions ['colcon_meta']
[1.199s] Level 1:colcon.colcon_core.package_identification:_identify(src/crazyswarm2/ros_ws) by extension 'colcon_meta'
[1.199s] Level 1:colcon.colcon_core.package_identification:_identify(src/crazyswarm2/ros_ws) by extensions ['ros']
[1.199s] Level 1:colcon.colcon_core.package_identification:_identify(src/crazyswarm2/ros_ws) by extension 'ros'
[1.200s] Level 1:colcon.colcon_core.package_identification:_identify(src/crazyswarm2/ros_ws) by extensions ['cmake', 'python']
[1.200s] Level 1:colcon.colcon_core.package_identification:_identify(src/crazyswarm2/ros_ws) by extension 'cmake'
[1.200s] Level 1:colcon.colcon_core.package_identification:_identify(src/crazyswarm2/ros_ws) by extension 'python'
[1.200s] Level 1:colcon.colcon_core.package_identification:_identify(src/crazyswarm2/ros_ws) by extensions ['python_setup_py']
[1.200s] Level 1:colcon.colcon_core.package_identification:_identify(src/crazyswarm2/ros_ws) by extension 'python_setup_py'
[1.200s] Level 1:colcon.colcon_core.package_identification:_identify(src/crazyswarm2/ros_ws/src) by extensions ['ignore', 'ignore_ament_install']
[1.200s] Level 1:colcon.colcon_core.package_identification:_identify(src/crazyswarm2/ros_ws/src) by extension 'ignore'
[1.200s] Level 1:colcon.colcon_core.package_identification:_identify(src/crazyswarm2/ros_ws/src) by extension 'ignore_ament_install'
[1.200s] Level 1:colcon.colcon_core.package_identification:_identify(src/crazyswarm2/ros_ws/src) by extensions ['colcon_pkg']
[1.200s] Level 1:colcon.colcon_core.package_identification:_identify(src/crazyswarm2/ros_ws/src) by extension 'colcon_pkg'
[1.200s] Level 1:colcon.colcon_core.package_identification:_identify(src/crazyswarm2/ros_ws/src) by extensions ['colcon_meta']
[1.200s] Level 1:colcon.colcon_core.package_identification:_identify(src/crazyswarm2/ros_ws/src) by extension 'colcon_meta'
[1.200s] Level 1:colcon.colcon_core.package_identification:_identify(src/crazyswarm2/ros_ws/src) by extensions ['ros']
[1.200s] Level 1:colcon.colcon_core.package_identification:_identify(src/crazyswarm2/ros_ws/src) by extension 'ros'
[1.201s] Level 1:colcon.colcon_core.package_identification:_identify(src/crazyswarm2/ros_ws/src) by extensions ['cmake', 'python']
[1.201s] Level 1:colcon.colcon_core.package_identification:_identify(src/crazyswarm2/ros_ws/src) by extension 'cmake'
[1.201s] Level 1:colcon.colcon_core.package_identification:_identify(src/crazyswarm2/ros_ws/src) by extension 'python'
[1.201s] Level 1:colcon.colcon_core.package_identification:_identify(src/crazyswarm2/ros_ws/src) by extensions ['python_setup_py']
[1.201s] Level 1:colcon.colcon_core.package_identification:_identify(src/crazyswarm2/ros_ws/src) by extension 'python_setup_py'
[1.201s] Level 1:colcon.colcon_core.package_identification:_identify(src/crazyswarm2/ros_ws/src/crazyswarm) by extensions ['ignore', 'ignore_ament_install']
[1.201s] Level 1:colcon.colcon_core.package_identification:_identify(src/crazyswarm2/ros_ws/src/crazyswarm) by extension 'ignore'
[1.201s] Level 1:colcon.colcon_core.package_identification:_identify(src/crazyswarm2/ros_ws/src/crazyswarm) by extension 'ignore_ament_install'
[1.201s] Level 1:colcon.colcon_core.package_identification:_identify(src/crazyswarm2/ros_ws/src/crazyswarm) by extensions ['colcon_pkg']
[1.201s] Level 1:colcon.colcon_core.package_identification:_identify(src/crazyswarm2/ros_ws/src/crazyswarm) by extension 'colcon_pkg'
[1.201s] Level 1:colcon.colcon_core.package_identification:_identify(src/crazyswarm2/ros_ws/src/crazyswarm) by extensions ['colcon_meta']
[1.201s] Level 1:colcon.colcon_core.package_identification:_identify(src/crazyswarm2/ros_ws/src/crazyswarm) by extension 'colcon_meta'
[1.202s] Level 1:colcon.colcon_core.package_identification:_identify(src/crazyswarm2/ros_ws/src/crazyswarm) by extensions ['ros']
[1.202s] Level 1:colcon.colcon_core.package_identification:_identify(src/crazyswarm2/ros_ws/src/crazyswarm) by extension 'ros'
[1.202s] Level 1:colcon.colcon_core.package_identification:_identify(src/crazyswarm2/ros_ws/src/crazyswarm) by extensions ['cmake', 'python']
[1.202s] Level 1:colcon.colcon_core.package_identification:_identify(src/crazyswarm2/ros_ws/src/crazyswarm) by extension 'cmake'
[1.202s] Level 1:colcon.colcon_core.package_identification:_identify(src/crazyswarm2/ros_ws/src/crazyswarm) by extension 'python'
[1.202s] Level 1:colcon.colcon_core.package_identification:_identify(src/crazyswarm2/ros_ws/src/crazyswarm) by extensions ['python_setup_py']
[1.202s] Level 1:colcon.colcon_core.package_identification:_identify(src/crazyswarm2/ros_ws/src/crazyswarm) by extension 'python_setup_py'
[1.202s] Level 1:colcon.colcon_core.package_identification:_identify(src/crazyswarm2/ros_ws/src/crazyswarm/launch) by extensions ['ignore', 'ignore_ament_install']
[1.202s] Level 1:colcon.colcon_core.package_identification:_identify(src/crazyswarm2/ros_ws/src/crazyswarm/launch) by extension 'ignore'
[1.202s] Level 1:colcon.colcon_core.package_identification:_identify(src/crazyswarm2/ros_ws/src/crazyswarm/launch) by extension 'ignore_ament_install'
[1.202s] Level 1:colcon.colcon_core.package_identification:_identify(src/crazyswarm2/ros_ws/src/crazyswarm/launch) by extensions ['colcon_pkg']
[1.202s] Level 1:colcon.colcon_core.package_identification:_identify(src/crazyswarm2/ros_ws/src/crazyswarm/launch) by extension 'colcon_pkg'
[1.202s] Level 1:colcon.colcon_core.package_identification:_identify(src/crazyswarm2/ros_ws/src/crazyswarm/launch) by extensions ['colcon_meta']
[1.202s] Level 1:colcon.colcon_core.package_identification:_identify(src/crazyswarm2/ros_ws/src/crazyswarm/launch) by extension 'colcon_meta'
[1.202s] Level 1:colcon.colcon_core.package_identification:_identify(src/crazyswarm2/ros_ws/src/crazyswarm/launch) by extensions ['ros']
[1.202s] Level 1:colcon.colcon_core.package_identification:_identify(src/crazyswarm2/ros_ws/src/crazyswarm/launch) by extension 'ros'
[1.203s] Level 1:colcon.colcon_core.package_identification:_identify(src/crazyswarm2/ros_ws/src/crazyswarm/launch) by extensions ['cmake', 'python']
[1.203s] Level 1:colcon.colcon_core.package_identification:_identify(src/crazyswarm2/ros_ws/src/crazyswarm/launch) by extension 'cmake'
[1.203s] Level 1:colcon.colcon_core.package_identification:_identify(src/crazyswarm2/ros_ws/src/crazyswarm/launch) by extension 'python'
[1.203s] Level 1:colcon.colcon_core.package_identification:_identify(src/crazyswarm2/ros_ws/src/crazyswarm/launch) by extensions ['python_setup_py']
[1.203s] Level 1:colcon.colcon_core.package_identification:_identify(src/crazyswarm2/ros_ws/src/crazyswarm/launch) by extension 'python_setup_py'
[1.203s] Level 1:colcon.colcon_core.package_identification:_identify(src/crazyswarm2/ros_ws/src/crazyswarm/scripts) by extensions ['ignore', 'ignore_ament_install']
[1.203s] Level 1:colcon.colcon_core.package_identification:_identify(src/crazyswarm2/ros_ws/src/crazyswarm/scripts) by extension 'ignore'
[1.203s] Level 1:colcon.colcon_core.package_identification:_identify(src/crazyswarm2/ros_ws/src/crazyswarm/scripts) by extension 'ignore_ament_install'
[1.203s] Level 1:colcon.colcon_core.package_identification:_identify(src/crazyswarm2/ros_ws/src/crazyswarm/scripts) by extensions ['colcon_pkg']
[1.203s] Level 1:colcon.colcon_core.package_identification:_identify(src/crazyswarm2/ros_ws/src/crazyswarm/scripts) by extension 'colcon_pkg'
[1.203s] Level 1:colcon.colcon_core.package_identification:_identify(src/crazyswarm2/ros_ws/src/crazyswarm/scripts) by extensions ['colcon_meta']
[1.203s] Level 1:colcon.colcon_core.package_identification:_identify(src/crazyswarm2/ros_ws/src/crazyswarm/scripts) by extension 'colcon_meta'
[1.203s] Level 1:colcon.colcon_core.package_identification:_identify(src/crazyswarm2/ros_ws/src/crazyswarm/scripts) by extensions ['ros']
[1.203s] Level 1:colcon.colcon_core.package_identification:_identify(src/crazyswarm2/ros_ws/src/crazyswarm/scripts) by extension 'ros'
[1.204s] Level 1:colcon.colcon_core.package_identification:_identify(src/crazyswarm2/ros_ws/src/crazyswarm/scripts) by extensions ['cmake', 'python']
[1.204s] Level 1:colcon.colcon_core.package_identification:_identify(src/crazyswarm2/ros_ws/src/crazyswarm/scripts) by extension 'cmake'
[1.204s] Level 1:colcon.colcon_core.package_identification:_identify(src/crazyswarm2/ros_ws/src/crazyswarm/scripts) by extension 'python'
[1.204s] Level 1:colcon.colcon_core.package_identification:_identify(src/crazyswarm2/ros_ws/src/crazyswarm/scripts) by extensions ['python_setup_py']
[1.204s] Level 1:colcon.colcon_core.package_identification:_identify(src/crazyswarm2/ros_ws/src/crazyswarm/scripts) by extension 'python_setup_py'
[1.204s] Level 1:colcon.colcon_core.package_identification:_identify(src/crazyswarm2/ros_ws/src/crazyswarm/scripts/crossing2_pps) by extensions ['ignore', 'ignore_ament_install']
[1.204s] Level 1:colcon.colcon_core.package_identification:_identify(src/crazyswarm2/ros_ws/src/crazyswarm/scripts/crossing2_pps) by extension 'ignore'
[1.204s] Level 1:colcon.colcon_core.package_identification:_identify(src/crazyswarm2/ros_ws/src/crazyswarm/scripts/crossing2_pps) by extension 'ignore_ament_install'
[1.204s] Level 1:colcon.colcon_core.package_identification:_identify(src/crazyswarm2/ros_ws/src/crazyswarm/scripts/crossing2_pps) by extensions ['colcon_pkg']
[1.204s] Level 1:colcon.colcon_core.package_identification:_identify(src/crazyswarm2/ros_ws/src/crazyswarm/scripts/crossing2_pps) by extension 'colcon_pkg'
[1.204s] Level 1:colcon.colcon_core.package_identification:_identify(src/crazyswarm2/ros_ws/src/crazyswarm/scripts/crossing2_pps) by extensions ['colcon_meta']
[1.204s] Level 1:colcon.colcon_core.package_identification:_identify(src/crazyswarm2/ros_ws/src/crazyswarm/scripts/crossing2_pps) by extension 'colcon_meta'
[1.204s] Level 1:colcon.colcon_core.package_identification:_identify(src/crazyswarm2/ros_ws/src/crazyswarm/scripts/crossing2_pps) by extensions ['ros']
[1.204s] Level 1:colcon.colcon_core.package_identification:_identify(src/crazyswarm2/ros_ws/src/crazyswarm/scripts/crossing2_pps) by extension 'ros'
[1.204s] Level 1:colcon.colcon_core.package_identification:_identify(src/crazyswarm2/ros_ws/src/crazyswarm/scripts/crossing2_pps) by extensions ['cmake', 'python']
[1.204s] Level 1:colcon.colcon_core.package_identification:_identify(src/crazyswarm2/ros_ws/src/crazyswarm/scripts/crossing2_pps) by extension 'cmake'
[1.205s] Level 1:colcon.colcon_core.package_identification:_identify(src/crazyswarm2/ros_ws/src/crazyswarm/scripts/crossing2_pps) by extension 'python'
[1.205s] Level 1:colcon.colcon_core.package_identification:_identify(src/crazyswarm2/ros_ws/src/crazyswarm/scripts/crossing2_pps) by extensions ['python_setup_py']
[1.205s] Level 1:colcon.colcon_core.package_identification:_identify(src/crazyswarm2/ros_ws/src/crazyswarm/scripts/crossing2_pps) by extension 'python_setup_py'
[1.205s] Level 1:colcon.colcon_core.package_identification:_identify(src/crazyswarm2/ros_ws/src/crazyswarm/scripts/crossing4_pps) by extensions ['ignore', 'ignore_ament_install']
[1.205s] Level 1:colcon.colcon_core.package_identification:_identify(src/crazyswarm2/ros_ws/src/crazyswarm/scripts/crossing4_pps) by extension 'ignore'
[1.205s] Level 1:colcon.colcon_core.package_identification:_identify(src/crazyswarm2/ros_ws/src/crazyswarm/scripts/crossing4_pps) by extension 'ignore_ament_install'
[1.205s] Level 1:colcon.colcon_core.package_identification:_identify(src/crazyswarm2/ros_ws/src/crazyswarm/scripts/crossing4_pps) by extensions ['colcon_pkg']
[1.205s] Level 1:colcon.colcon_core.package_identification:_identify(src/crazyswarm2/ros_ws/src/crazyswarm/scripts/crossing4_pps) by extension 'colcon_pkg'
[1.205s] Level 1:colcon.colcon_core.package_identification:_identify(src/crazyswarm2/ros_ws/src/crazyswarm/scripts/crossing4_pps) by extensions ['colcon_meta']
[1.205s] Level 1:colcon.colcon_core.package_identification:_identify(src/crazyswarm2/ros_ws/src/crazyswarm/scripts/crossing4_pps) by extension 'colcon_meta'
[1.206s] Level 1:colcon.colcon_core.package_identification:_identify(src/crazyswarm2/ros_ws/src/crazyswarm/scripts/crossing4_pps) by extensions ['ros']
[1.206s] Level 1:colcon.colcon_core.package_identification:_identify(src/crazyswarm2/ros_ws/src/crazyswarm/scripts/crossing4_pps) by extension 'ros'
[1.206s] Level 1:colcon.colcon_core.package_identification:_identify(src/crazyswarm2/ros_ws/src/crazyswarm/scripts/crossing4_pps) by extensions ['cmake', 'python']
[1.206s] Level 1:colcon.colcon_core.package_identification:_identify(src/crazyswarm2/ros_ws/src/crazyswarm/scripts/crossing4_pps) by extension 'cmake'
[1.206s] Level 1:colcon.colcon_core.package_identification:_identify(src/crazyswarm2/ros_ws/src/crazyswarm/scripts/crossing4_pps) by extension 'python'
[1.206s] Level 1:colcon.colcon_core.package_identification:_identify(src/crazyswarm2/ros_ws/src/crazyswarm/scripts/crossing4_pps) by extensions ['python_setup_py']
[1.206s] Level 1:colcon.colcon_core.package_identification:_identify(src/crazyswarm2/ros_ws/src/crazyswarm/scripts/crossing4_pps) by extension 'python_setup_py'
[1.206s] Level 1:colcon.colcon_core.package_identification:_identify(src/crazyswarm2/ros_ws/src/crazyswarm/scripts/sequence_trajectories) by extensions ['ignore', 'ignore_ament_install']
[1.207s] Level 1:colcon.colcon_core.package_identification:_identify(src/crazyswarm2/ros_ws/src/crazyswarm/scripts/sequence_trajectories) by extension 'ignore'
[1.207s] Level 1:colcon.colcon_core.package_identification:_identify(src/crazyswarm2/ros_ws/src/crazyswarm/scripts/sequence_trajectories) by extension 'ignore_ament_install'
[1.207s] Level 1:colcon.colcon_core.package_identification:_identify(src/crazyswarm2/ros_ws/src/crazyswarm/scripts/sequence_trajectories) by extensions ['colcon_pkg']
[1.207s] Level 1:colcon.colcon_core.package_identification:_identify(src/crazyswarm2/ros_ws/src/crazyswarm/scripts/sequence_trajectories) by extension 'colcon_pkg'
[1.207s] Level 1:colcon.colcon_core.package_identification:_identify(src/crazyswarm2/ros_ws/src/crazyswarm/scripts/sequence_trajectories) by extensions ['colcon_meta']
[1.207s] Level 1:colcon.colcon_core.package_identification:_identify(src/crazyswarm2/ros_ws/src/crazyswarm/scripts/sequence_trajectories) by extension 'colcon_meta'
[1.207s] Level 1:colcon.colcon_core.package_identification:_identify(src/crazyswarm2/ros_ws/src/crazyswarm/scripts/sequence_trajectories) by extensions ['ros']
[1.207s] Level 1:colcon.colcon_core.package_identification:_identify(src/crazyswarm2/ros_ws/src/crazyswarm/scripts/sequence_trajectories) by extension 'ros'
[1.207s] Level 1:colcon.colcon_core.package_identification:_identify(src/crazyswarm2/ros_ws/src/crazyswarm/scripts/sequence_trajectories) by extensions ['cmake', 'python']
[1.207s] Level 1:colcon.colcon_core.package_identification:_identify(src/crazyswarm2/ros_ws/src/crazyswarm/scripts/sequence_trajectories) by extension 'cmake'
[1.208s] Level 1:colcon.colcon_core.package_identification:_identify(src/crazyswarm2/ros_ws/src/crazyswarm/scripts/sequence_trajectories) by extension 'python'
[1.208s] Level 1:colcon.colcon_core.package_identification:_identify(src/crazyswarm2/ros_ws/src/crazyswarm/scripts/sequence_trajectories) by extensions ['python_setup_py']
[1.208s] Level 1:colcon.colcon_core.package_identification:_identify(src/crazyswarm2/ros_ws/src/crazyswarm/scripts/sequence_trajectories) by extension 'python_setup_py'
[1.208s] Level 1:colcon.colcon_core.package_identification:_identify(src/crazyswarm2/ros_ws/src/crazyswarm/scripts/sequence_trajectories/1) by extensions ['ignore', 'ignore_ament_install']
[1.208s] Level 1:colcon.colcon_core.package_identification:_identify(src/crazyswarm2/ros_ws/src/crazyswarm/scripts/sequence_trajectories/1) by extension 'ignore'
[1.208s] Level 1:colcon.colcon_core.package_identification:_identify(src/crazyswarm2/ros_ws/src/crazyswarm/scripts/sequence_trajectories/1) by extension 'ignore_ament_install'
[1.208s] Level 1:colcon.colcon_core.package_identification:_identify(src/crazyswarm2/ros_ws/src/crazyswarm/scripts/sequence_trajectories/1) by extensions ['colcon_pkg']
[1.208s] Level 1:colcon.colcon_core.package_identification:_identify(src/crazyswarm2/ros_ws/src/crazyswarm/scripts/sequence_trajectories/1) by extension 'colcon_pkg'
[1.208s] Level 1:colcon.colcon_core.package_identification:_identify(src/crazyswarm2/ros_ws/src/crazyswarm/scripts/sequence_trajectories/1) by extensions ['colcon_meta']
[1.209s] Level 1:colcon.colcon_core.package_identification:_identify(src/crazyswarm2/ros_ws/src/crazyswarm/scripts/sequence_trajectories/1) by extension 'colcon_meta'
[1.209s] Level 1:colcon.colcon_core.package_identification:_identify(src/crazyswarm2/ros_ws/src/crazyswarm/scripts/sequence_trajectories/1) by extensions ['ros']
[1.209s] Level 1:colcon.colcon_core.package_identification:_identify(src/crazyswarm2/ros_ws/src/crazyswarm/scripts/sequence_trajectories/1) by extension 'ros'
[1.209s] Level 1:colcon.colcon_core.package_identification:_identify(src/crazyswarm2/ros_ws/src/crazyswarm/scripts/sequence_trajectories/1) by extensions ['cmake', 'python']
[1.209s] Level 1:colcon.colcon_core.package_identification:_identify(src/crazyswarm2/ros_ws/src/crazyswarm/scripts/sequence_trajectories/1) by extension 'cmake'
[1.209s] Level 1:colcon.colcon_core.package_identification:_identify(src/crazyswarm2/ros_ws/src/crazyswarm/scripts/sequence_trajectories/1) by extension 'python'
[1.209s] Level 1:colcon.colcon_core.package_identification:_identify(src/crazyswarm2/ros_ws/src/crazyswarm/scripts/sequence_trajectories/1) by extensions ['python_setup_py']
[1.209s] Level 1:colcon.colcon_core.package_identification:_identify(src/crazyswarm2/ros_ws/src/crazyswarm/scripts/sequence_trajectories/1) by extension 'python_setup_py'
[1.209s] Level 1:colcon.colcon_core.package_identification:_identify(src/crazyswarm2/ros_ws/src/crazyswarm/scripts/sequence_trajectories/2) by extensions ['ignore', 'ignore_ament_install']
[1.209s] Level 1:colcon.colcon_core.package_identification:_identify(src/crazyswarm2/ros_ws/src/crazyswarm/scripts/sequence_trajectories/2) by extension 'ignore'
[1.210s] Level 1:colcon.colcon_core.package_identification:_identify(src/crazyswarm2/ros_ws/src/crazyswarm/scripts/sequence_trajectories/2) by extension 'ignore_ament_install'
[1.210s] Level 1:colcon.colcon_core.package_identification:_identify(src/crazyswarm2/ros_ws/src/crazyswarm/scripts/sequence_trajectories/2) by extensions ['colcon_pkg']
[1.210s] Level 1:colcon.colcon_core.package_identification:_identify(src/crazyswarm2/ros_ws/src/crazyswarm/scripts/sequence_trajectories/2) by extension 'colcon_pkg'
[1.210s] Level 1:colcon.colcon_core.package_identification:_identify(src/crazyswarm2/ros_ws/src/crazyswarm/scripts/sequence_trajectories/2) by extensions ['colcon_meta']
[1.210s] Level 1:colcon.colcon_core.package_identification:_identify(src/crazyswarm2/ros_ws/src/crazyswarm/scripts/sequence_trajectories/2) by extension 'colcon_meta'
[1.210s] Level 1:colcon.colcon_core.package_identification:_identify(src/crazyswarm2/ros_ws/src/crazyswarm/scripts/sequence_trajectories/2) by extensions ['ros']
[1.210s] Level 1:colcon.colcon_core.package_identification:_identify(src/crazyswarm2/ros_ws/src/crazyswarm/scripts/sequence_trajectories/2) by extension 'ros'
[1.210s] Level 1:colcon.colcon_core.package_identification:_identify(src/crazyswarm2/ros_ws/src/crazyswarm/scripts/sequence_trajectories/2) by extensions ['cmake', 'python']
[1.210s] Level 1:colcon.colcon_core.package_identification:_identify(src/crazyswarm2/ros_ws/src/crazyswarm/scripts/sequence_trajectories/2) by extension 'cmake'
[1.210s] Level 1:colcon.colcon_core.package_identification:_identify(src/crazyswarm2/ros_ws/src/crazyswarm/scripts/sequence_trajectories/2) by extension 'python'
[1.210s] Level 1:colcon.colcon_core.package_identification:_identify(src/crazyswarm2/ros_ws/src/crazyswarm/scripts/sequence_trajectories/2) by extensions ['python_setup_py']
[1.210s] Level 1:colcon.colcon_core.package_identification:_identify(src/crazyswarm2/ros_ws/src/crazyswarm/scripts/sequence_trajectories/2) by extension 'python_setup_py'
[1.210s] Level 1:colcon.colcon_core.package_identification:_identify(src/crazyswarm2/ros_ws/src/crazyswarm/scripts/sequence_trajectories/3) by extensions ['ignore', 'ignore_ament_install']
[1.210s] Level 1:colcon.colcon_core.package_identification:_identify(src/crazyswarm2/ros_ws/src/crazyswarm/scripts/sequence_trajectories/3) by extension 'ignore'
[1.210s] Level 1:colcon.colcon_core.package_identification:_identify(src/crazyswarm2/ros_ws/src/crazyswarm/scripts/sequence_trajectories/3) by extension 'ignore_ament_install'
[1.211s] Level 1:colcon.colcon_core.package_identification:_identify(src/crazyswarm2/ros_ws/src/crazyswarm/scripts/sequence_trajectories/3) by extensions ['colcon_pkg']
[1.211s] Level 1:colcon.colcon_core.package_identification:_identify(src/crazyswarm2/ros_ws/src/crazyswarm/scripts/sequence_trajectories/3) by extension 'colcon_pkg'
[1.211s] Level 1:colcon.colcon_core.package_identification:_identify(src/crazyswarm2/ros_ws/src/crazyswarm/scripts/sequence_trajectories/3) by extensions ['colcon_meta']
[1.211s] Level 1:colcon.colcon_core.package_identification:_identify(src/crazyswarm2/ros_ws/src/crazyswarm/scripts/sequence_trajectories/3) by extension 'colcon_meta'
[1.211s] Level 1:colcon.colcon_core.package_identification:_identify(src/crazyswarm2/ros_ws/src/crazyswarm/scripts/sequence_trajectories/3) by extensions ['ros']
[1.211s] Level 1:colcon.colcon_core.package_identification:_identify(src/crazyswarm2/ros_ws/src/crazyswarm/scripts/sequence_trajectories/3) by extension 'ros'
[1.211s] Level 1:colcon.colcon_core.package_identification:_identify(src/crazyswarm2/ros_ws/src/crazyswarm/scripts/sequence_trajectories/3) by extensions ['cmake', 'python']
[1.211s] Level 1:colcon.colcon_core.package_identification:_identify(src/crazyswarm2/ros_ws/src/crazyswarm/scripts/sequence_trajectories/3) by extension 'cmake'
[1.211s] Level 1:colcon.colcon_core.package_identification:_identify(src/crazyswarm2/ros_ws/src/crazyswarm/scripts/sequence_trajectories/3) by extension 'python'
[1.211s] Level 1:colcon.colcon_core.package_identification:_identify(src/crazyswarm2/ros_ws/src/crazyswarm/scripts/sequence_trajectories/3) by extensions ['python_setup_py']
[1.211s] Level 1:colcon.colcon_core.package_identification:_identify(src/crazyswarm2/ros_ws/src/crazyswarm/scripts/sequence_trajectories/3) by extension 'python_setup_py'
[1.211s] Level 1:colcon.colcon_core.package_identification:_identify(src/crazyswarm2/ros_ws/src/crazyswarm/scripts/sequence_trajectories/4) by extensions ['ignore', 'ignore_ament_install']
[1.211s] Level 1:colcon.colcon_core.package_identification:_identify(src/crazyswarm2/ros_ws/src/crazyswarm/scripts/sequence_trajectories/4) by extension 'ignore'
[1.211s] Level 1:colcon.colcon_core.package_identification:_identify(src/crazyswarm2/ros_ws/src/crazyswarm/scripts/sequence_trajectories/4) by extension 'ignore_ament_install'
[1.211s] Level 1:colcon.colcon_core.package_identification:_identify(src/crazyswarm2/ros_ws/src/crazyswarm/scripts/sequence_trajectories/4) by extensions ['colcon_pkg']
[1.212s] Level 1:colcon.colcon_core.package_identification:_identify(src/crazyswarm2/ros_ws/src/crazyswarm/scripts/sequence_trajectories/4) by extension 'colcon_pkg'
[1.212s] Level 1:colcon.colcon_core.package_identification:_identify(src/crazyswarm2/ros_ws/src/crazyswarm/scripts/sequence_trajectories/4) by extensions ['colcon_meta']
[1.212s] Level 1:colcon.colcon_core.package_identification:_identify(src/crazyswarm2/ros_ws/src/crazyswarm/scripts/sequence_trajectories/4) by extension 'colcon_meta'
[1.212s] Level 1:colcon.colcon_core.package_identification:_identify(src/crazyswarm2/ros_ws/src/crazyswarm/scripts/sequence_trajectories/4) by extensions ['ros']
[1.212s] Level 1:colcon.colcon_core.package_identification:_identify(src/crazyswarm2/ros_ws/src/crazyswarm/scripts/sequence_trajectories/4) by extension 'ros'
[1.212s] Level 1:colcon.colcon_core.package_identification:_identify(src/crazyswarm2/ros_ws/src/crazyswarm/scripts/sequence_trajectories/4) by extensions ['cmake', 'python']
[1.212s] Level 1:colcon.colcon_core.package_identification:_identify(src/crazyswarm2/ros_ws/src/crazyswarm/scripts/sequence_trajectories/4) by extension 'cmake'
[1.212s] Level 1:colcon.colcon_core.package_identification:_identify(src/crazyswarm2/ros_ws/src/crazyswarm/scripts/sequence_trajectories/4) by extension 'python'
[1.212s] Level 1:colcon.colcon_core.package_identification:_identify(src/crazyswarm2/ros_ws/src/crazyswarm/scripts/sequence_trajectories/4) by extensions ['python_setup_py']
[1.212s] Level 1:colcon.colcon_core.package_identification:_identify(src/crazyswarm2/ros_ws/src/crazyswarm/scripts/sequence_trajectories/4) by extension 'python_setup_py'
[1.212s] Level 1:colcon.colcon_core.package_identification:_identify(src/crazyswarm2/ros_ws/src/crazyswarm/scripts/sequence_trajectories/5) by extensions ['ignore', 'ignore_ament_install']
[1.212s] Level 1:colcon.colcon_core.package_identification:_identify(src/crazyswarm2/ros_ws/src/crazyswarm/scripts/sequence_trajectories/5) by extension 'ignore'
[1.212s] Level 1:colcon.colcon_core.package_identification:_identify(src/crazyswarm2/ros_ws/src/crazyswarm/scripts/sequence_trajectories/5) by extension 'ignore_ament_install'
[1.212s] Level 1:colcon.colcon_core.package_identification:_identify(src/crazyswarm2/ros_ws/src/crazyswarm/scripts/sequence_trajectories/5) by extensions ['colcon_pkg']
[1.213s] Level 1:colcon.colcon_core.package_identification:_identify(src/crazyswarm2/ros_ws/src/crazyswarm/scripts/sequence_trajectories/5) by extension 'colcon_pkg'
[1.213s] Level 1:colcon.colcon_core.package_identification:_identify(src/crazyswarm2/ros_ws/src/crazyswarm/scripts/sequence_trajectories/5) by extensions ['colcon_meta']
[1.213s] Level 1:colcon.colcon_core.package_identification:_identify(src/crazyswarm2/ros_ws/src/crazyswarm/scripts/sequence_trajectories/5) by extension 'colcon_meta'
[1.213s] Level 1:colcon.colcon_core.package_identification:_identify(src/crazyswarm2/ros_ws/src/crazyswarm/scripts/sequence_trajectories/5) by extensions ['ros']
[1.213s] Level 1:colcon.colcon_core.package_identification:_identify(src/crazyswarm2/ros_ws/src/crazyswarm/scripts/sequence_trajectories/5) by extension 'ros'
[1.213s] Level 1:colcon.colcon_core.package_identification:_identify(src/crazyswarm2/ros_ws/src/crazyswarm/scripts/sequence_trajectories/5) by extensions ['cmake', 'python']
[1.213s] Level 1:colcon.colcon_core.package_identification:_identify(src/crazyswarm2/ros_ws/src/crazyswarm/scripts/sequence_trajectories/5) by extension 'cmake'
[1.213s] Level 1:colcon.colcon_core.package_identification:_identify(src/crazyswarm2/ros_ws/src/crazyswarm/scripts/sequence_trajectories/5) by extension 'python'
[1.213s] Level 1:colcon.colcon_core.package_identification:_identify(src/crazyswarm2/ros_ws/src/crazyswarm/scripts/sequence_trajectories/5) by extensions ['python_setup_py']
[1.213s] Level 1:colcon.colcon_core.package_identification:_identify(src/crazyswarm2/ros_ws/src/crazyswarm/scripts/sequence_trajectories/5) by extension 'python_setup_py'
[1.213s] Level 1:colcon.colcon_core.package_identification:_identify(src/crazyswarm2/ros_ws/src/crazyswarm/scripts/sequence_trajectories/6) by extensions ['ignore', 'ignore_ament_install']
[1.213s] Level 1:colcon.colcon_core.package_identification:_identify(src/crazyswarm2/ros_ws/src/crazyswarm/scripts/sequence_trajectories/6) by extension 'ignore'
[1.213s] Level 1:colcon.colcon_core.package_identification:_identify(src/crazyswarm2/ros_ws/src/crazyswarm/scripts/sequence_trajectories/6) by extension 'ignore_ament_install'
[1.213s] Level 1:colcon.colcon_core.package_identification:_identify(src/crazyswarm2/ros_ws/src/crazyswarm/scripts/sequence_trajectories/6) by extensions ['colcon_pkg']
[1.213s] Level 1:colcon.colcon_core.package_identification:_identify(src/crazyswarm2/ros_ws/src/crazyswarm/scripts/sequence_trajectories/6) by extension 'colcon_pkg'
[1.214s] Level 1:colcon.colcon_core.package_identification:_identify(src/crazyswarm2/ros_ws/src/crazyswarm/scripts/sequence_trajectories/6) by extensions ['colcon_meta']
[1.214s] Level 1:colcon.colcon_core.package_identification:_identify(src/crazyswarm2/ros_ws/src/crazyswarm/scripts/sequence_trajectories/6) by extension 'colcon_meta'
[1.214s] Level 1:colcon.colcon_core.package_identification:_identify(src/crazyswarm2/ros_ws/src/crazyswarm/scripts/sequence_trajectories/6) by extensions ['ros']
[1.214s] Level 1:colcon.colcon_core.package_identification:_identify(src/crazyswarm2/ros_ws/src/crazyswarm/scripts/sequence_trajectories/6) by extension 'ros'
[1.214s] Level 1:colcon.colcon_core.package_identification:_identify(src/crazyswarm2/ros_ws/src/crazyswarm/scripts/sequence_trajectories/6) by extensions ['cmake', 'python']
[1.214s] Level 1:colcon.colcon_core.package_identification:_identify(src/crazyswarm2/ros_ws/src/crazyswarm/scripts/sequence_trajectories/6) by extension 'cmake'
[1.214s] Level 1:colcon.colcon_core.package_identification:_identify(src/crazyswarm2/ros_ws/src/crazyswarm/scripts/sequence_trajectories/6) by extension 'python'
[1.214s] Level 1:colcon.colcon_core.package_identification:_identify(src/crazyswarm2/ros_ws/src/crazyswarm/scripts/sequence_trajectories/6) by extensions ['python_setup_py']
[1.214s] Level 1:colcon.colcon_core.package_identification:_identify(src/crazyswarm2/ros_ws/src/crazyswarm/scripts/sequence_trajectories/6) by extension 'python_setup_py'
[1.214s] Level 1:colcon.colcon_core.package_identification:_identify(src/crazyswarm2/ros_ws/src/crazyswarm/scripts/sequence_trajectories/7) by extensions ['ignore', 'ignore_ament_install']
[1.214s] Level 1:colcon.colcon_core.package_identification:_identify(src/crazyswarm2/ros_ws/src/crazyswarm/scripts/sequence_trajectories/7) by extension 'ignore'
[1.214s] Level 1:colcon.colcon_core.package_identification:_identify(src/crazyswarm2/ros_ws/src/crazyswarm/scripts/sequence_trajectories/7) by extension 'ignore_ament_install'
[1.214s] Level 1:colcon.colcon_core.package_identification:_identify(src/crazyswarm2/ros_ws/src/crazyswarm/scripts/sequence_trajectories/7) by extensions ['colcon_pkg']
[1.214s] Level 1:colcon.colcon_core.package_identification:_identify(src/crazyswarm2/ros_ws/src/crazyswarm/scripts/sequence_trajectories/7) by extension 'colcon_pkg'
[1.214s] Level 1:colcon.colcon_core.package_identification:_identify(src/crazyswarm2/ros_ws/src/crazyswarm/scripts/sequence_trajectories/7) by extensions ['colcon_meta']
[1.215s] Level 1:colcon.colcon_core.package_identification:_identify(src/crazyswarm2/ros_ws/src/crazyswarm/scripts/sequence_trajectories/7) by extension 'colcon_meta'
[1.215s] Level 1:colcon.colcon_core.package_identification:_identify(src/crazyswarm2/ros_ws/src/crazyswarm/scripts/sequence_trajectories/7) by extensions ['ros']
[1.215s] Level 1:colcon.colcon_core.package_identification:_identify(src/crazyswarm2/ros_ws/src/crazyswarm/scripts/sequence_trajectories/7) by extension 'ros'
[1.215s] Level 1:colcon.colcon_core.package_identification:_identify(src/crazyswarm2/ros_ws/src/crazyswarm/scripts/sequence_trajectories/7) by extensions ['cmake', 'python']
[1.215s] Level 1:colcon.colcon_core.package_identification:_identify(src/crazyswarm2/ros_ws/src/crazyswarm/scripts/sequence_trajectories/7) by extension 'cmake'
[1.215s] Level 1:colcon.colcon_core.package_identification:_identify(src/crazyswarm2/ros_ws/src/crazyswarm/scripts/sequence_trajectories/7) by extension 'python'
[1.215s] Level 1:colcon.colcon_core.package_identification:_identify(src/crazyswarm2/ros_ws/src/crazyswarm/scripts/sequence_trajectories/7) by extensions ['python_setup_py']
[1.215s] Level 1:colcon.colcon_core.package_identification:_identify(src/crazyswarm2/ros_ws/src/crazyswarm/scripts/sequence_trajectories/7) by extension 'python_setup_py'
[1.215s] Level 1:colcon.colcon_core.package_identification:_identify(src/crazyswarm2/ros_ws/src/crazyswarm/scripts/swap6v_pps) by extensions ['ignore', 'ignore_ament_install']
[1.215s] Level 1:colcon.colcon_core.package_identification:_identify(src/crazyswarm2/ros_ws/src/crazyswarm/scripts/swap6v_pps) by extension 'ignore'
[1.215s] Level 1:colcon.colcon_core.package_identification:_identify(src/crazyswarm2/ros_ws/src/crazyswarm/scripts/swap6v_pps) by extension 'ignore_ament_install'
[1.215s] Level 1:colcon.colcon_core.package_identification:_identify(src/crazyswarm2/ros_ws/src/crazyswarm/scripts/swap6v_pps) by extensions ['colcon_pkg']
[1.215s] Level 1:colcon.colcon_core.package_identification:_identify(src/crazyswarm2/ros_ws/src/crazyswarm/scripts/swap6v_pps) by extension 'colcon_pkg'
[1.215s] Level 1:colcon.colcon_core.package_identification:_identify(src/crazyswarm2/ros_ws/src/crazyswarm/scripts/swap6v_pps) by extensions ['colcon_meta']
[1.216s] Level 1:colcon.colcon_core.package_identification:_identify(src/crazyswarm2/ros_ws/src/crazyswarm/scripts/swap6v_pps) by extension 'colcon_meta'
[1.216s] Level 1:colcon.colcon_core.package_identification:_identify(src/crazyswarm2/ros_ws/src/crazyswarm/scripts/swap6v_pps) by extensions ['ros']
[1.216s] Level 1:colcon.colcon_core.package_identification:_identify(src/crazyswarm2/ros_ws/src/crazyswarm/scripts/swap6v_pps) by extension 'ros'
[1.216s] Level 1:colcon.colcon_core.package_identification:_identify(src/crazyswarm2/ros_ws/src/crazyswarm/scripts/swap6v_pps) by extensions ['cmake', 'python']
[1.216s] Level 1:colcon.colcon_core.package_identification:_identify(src/crazyswarm2/ros_ws/src/crazyswarm/scripts/swap6v_pps) by extension 'cmake'
[1.216s] Level 1:colcon.colcon_core.package_identification:_identify(src/crazyswarm2/ros_ws/src/crazyswarm/scripts/swap6v_pps) by extension 'python'
[1.216s] Level 1:colcon.colcon_core.package_identification:_identify(src/crazyswarm2/ros_ws/src/crazyswarm/scripts/swap6v_pps) by extensions ['python_setup_py']
[1.216s] Level 1:colcon.colcon_core.package_identification:_identify(src/crazyswarm2/ros_ws/src/crazyswarm/scripts/swap6v_pps) by extension 'python_setup_py'
[1.216s] Level 1:colcon.colcon_core.package_identification:_identify(src/crazyswarm2/systemtests) by extensions ['ignore', 'ignore_ament_install']
[1.216s] Level 1:colcon.colcon_core.package_identification:_identify(src/crazyswarm2/systemtests) by extension 'ignore'
[1.216s] Level 1:colcon.colcon_core.package_identification:_identify(src/crazyswarm2/systemtests) by extension 'ignore_ament_install'
[1.216s] Level 1:colcon.colcon_core.package_identification:_identify(src/crazyswarm2/systemtests) by extensions ['colcon_pkg']
[1.216s] Level 1:colcon.colcon_core.package_identification:_identify(src/crazyswarm2/systemtests) by extension 'colcon_pkg'
[1.216s] Level 1:colcon.colcon_core.package_identification:_identify(src/crazyswarm2/systemtests) by extensions ['colcon_meta']
[1.216s] Level 1:colcon.colcon_core.package_identification:_identify(src/crazyswarm2/systemtests) by extension 'colcon_meta'
[1.217s] Level 1:colcon.colcon_core.package_identification:_identify(src/crazyswarm2/systemtests) by extensions ['ros']
[1.217s] Level 1:colcon.colcon_core.package_identification:_identify(src/crazyswarm2/systemtests) by extension 'ros'
[1.217s] Level 1:colcon.colcon_core.package_identification:_identify(src/crazyswarm2/systemtests) by extensions ['cmake', 'python']
[1.217s] Level 1:colcon.colcon_core.package_identification:_identify(src/crazyswarm2/systemtests) by extension 'cmake'
[1.217s] Level 1:colcon.colcon_core.package_identification:_identify(src/crazyswarm2/systemtests) by extension 'python'
[1.217s] Level 1:colcon.colcon_core.package_identification:_identify(src/crazyswarm2/systemtests) by extensions ['python_setup_py']
[1.217s] Level 1:colcon.colcon_core.package_identification:_identify(src/crazyswarm2/systemtests) by extension 'python_setup_py'
[1.217s] Level 1:colcon.colcon_core.package_identification:_identify(src/crazyswarm2/systemtests/SDplotting) by extensions ['ignore', 'ignore_ament_install']
[1.217s] Level 1:colcon.colcon_core.package_identification:_identify(src/crazyswarm2/systemtests/SDplotting) by extension 'ignore'
[1.217s] Level 1:colcon.colcon_core.package_identification:_identify(src/crazyswarm2/systemtests/SDplotting) by extension 'ignore_ament_install'
[1.217s] Level 1:colcon.colcon_core.package_identification:_identify(src/crazyswarm2/systemtests/SDplotting) by extensions ['colcon_pkg']
[1.217s] Level 1:colcon.colcon_core.package_identification:_identify(src/crazyswarm2/systemtests/SDplotting) by extension 'colcon_pkg'
[1.217s] Level 1:colcon.colcon_core.package_identification:_identify(src/crazyswarm2/systemtests/SDplotting) by extensions ['colcon_meta']
[1.217s] Level 1:colcon.colcon_core.package_identification:_identify(src/crazyswarm2/systemtests/SDplotting) by extension 'colcon_meta'
[1.217s] Level 1:colcon.colcon_core.package_identification:_identify(src/crazyswarm2/systemtests/SDplotting) by extensions ['ros']
[1.218s] Level 1:colcon.colcon_core.package_identification:_identify(src/crazyswarm2/systemtests/SDplotting) by extension 'ros'
[1.218s] Level 1:colcon.colcon_core.package_identification:_identify(src/crazyswarm2/systemtests/SDplotting) by extensions ['cmake', 'python']
[1.218s] Level 1:colcon.colcon_core.package_identification:_identify(src/crazyswarm2/systemtests/SDplotting) by extension 'cmake'
[1.218s] Level 1:colcon.colcon_core.package_identification:_identify(src/crazyswarm2/systemtests/SDplotting) by extension 'python'
[1.218s] Level 1:colcon.colcon_core.package_identification:_identify(src/crazyswarm2/systemtests/SDplotting) by extensions ['python_setup_py']
[1.218s] Level 1:colcon.colcon_core.package_identification:_identify(src/crazyswarm2/systemtests/SDplotting) by extension 'python_setup_py'
[1.218s] Level 1:colcon.colcon_core.package_identification:_identify(src/swarm_guidance) by extensions ['ignore', 'ignore_ament_install']
[1.218s] Level 1:colcon.colcon_core.package_identification:_identify(src/swarm_guidance) by extension 'ignore'
[1.218s] Level 1:colcon.colcon_core.package_identification:_identify(src/swarm_guidance) by extension 'ignore_ament_install'
[1.218s] Level 1:colcon.colcon_core.package_identification:_identify(src/swarm_guidance) by extensions ['colcon_pkg']
[1.218s] Level 1:colcon.colcon_core.package_identification:_identify(src/swarm_guidance) by extension 'colcon_pkg'
[1.218s] Level 1:colcon.colcon_core.package_identification:_identify(src/swarm_guidance) by extensions ['colcon_meta']
[1.218s] Level 1:colcon.colcon_core.package_identification:_identify(src/swarm_guidance) by extension 'colcon_meta'
[1.219s] Level 1:colcon.colcon_core.package_identification:_identify(src/swarm_guidance) by extensions ['ros']
[1.219s] Level 1:colcon.colcon_core.package_identification:_identify(src/swarm_guidance) by extension 'ros'
[1.220s] DEBUG:colcon.colcon_core.package_identification:Package 'src/swarm_guidance' with type 'ros.ament_python' and name 'swarm_guidance'
[1.220s] Level 1:colcon.colcon_core.package_identification:_identify(src/swarm_navigation) by extensions ['ignore', 'ignore_ament_install']
[1.220s] Level 1:colcon.colcon_core.package_identification:_identify(src/swarm_navigation) by extension 'ignore'
[1.220s] Level 1:colcon.colcon_core.package_identification:_identify(src/swarm_navigation) by extension 'ignore_ament_install'
[1.220s] Level 1:colcon.colcon_core.package_identification:_identify(src/swarm_navigation) by extensions ['colcon_pkg']
[1.220s] Level 1:colcon.colcon_core.package_identification:_identify(src/swarm_navigation) by extension 'colcon_pkg'
[1.220s] Level 1:colcon.colcon_core.package_identification:_identify(src/swarm_navigation) by extensions ['colcon_meta']
[1.220s] Level 1:colcon.colcon_core.package_identification:_identify(src/swarm_navigation) by extension 'colcon_meta'
[1.220s] Level 1:colcon.colcon_core.package_identification:_identify(src/swarm_navigation) by extensions ['ros']
[1.220s] Level 1:colcon.colcon_core.package_identification:_identify(src/swarm_navigation) by extension 'ros'
[1.222s] DEBUG:colcon.colcon_core.package_identification:Package 'src/swarm_navigation' with type 'ros.ament_python' and name 'swarm_navigation'
[1.222s] Level 1:colcon.colcon_core.package_discovery:discover_packages(recursive) using defaults
[1.222s] Level 1:colcon.colcon_core.package_discovery:discover_packages(ignore) discover
[1.222s] Level 1:colcon.colcon_core.package_discovery:discover_packages(ignore) using defaults
[1.222s] Level 1:colcon.colcon_core.package_discovery:discover_packages(path) discover
[1.222s] Level 1:colcon.colcon_core.package_discovery:discover_packages(path) using defaults
[1.251s] INFO:colcon.colcon_metadata.metadata.colcon_pkg:Updating descriptor of package 'src/crazyswarm2/crazyflie_py' from colcon.pkg: {'python-testing': 'pytest'}
[1.254s] INFO:colcon.colcon_core.package_selection:Skipping not selected package 'crazyflie_interfaces' in 'src/crazyswarm2/crazyflie_interfaces'
[1.254s] INFO:colcon.colcon_core.package_selection:Skipping not selected package 'central_swarm_control' in 'src/central_swarm_control'
[1.254s] INFO:colcon.colcon_core.package_selection:Skipping not selected package 'crazyflie' in 'src/crazyswarm2/crazyflie'
[1.254s] INFO:colcon.colcon_core.package_selection:Skipping not selected package 'crazyflie_py' in 'src/crazyswarm2/crazyflie_py'
[1.255s] INFO:colcon.colcon_core.package_selection:Skipping not selected package 'crazyflie_sim' in 'src/crazyswarm2/crazyflie_sim'
[1.255s] INFO:colcon.colcon_core.package_selection:Skipping not selected package 'swarm_navigation' in 'src/swarm_navigation'
[1.255s] INFO:colcon.colcon_core.package_selection:Skipping not selected package 'crazyflie_examples' in 'src/crazyswarm2/crazyflie_examples'
[1.255s] Level 1:colcon.colcon_core.package_discovery:discover_packages(prefix_path) check parameters
[1.256s] Level 1:colcon.colcon_core.package_discovery:discover_packages(prefix_path) discover
[1.259s] DEBUG:colcon.colcon_installed_package_information.package_discovery:Found 8 installed packages in /home/gowtham/swarm_ws/install
[1.261s] DEBUG:colcon.colcon_installed_package_information.package_discovery:Found 278 installed packages in /opt/ros/humble
[1.264s] Level 1:colcon.colcon_core.package_discovery:discover_packages(prefix_path) using defaults
[1.315s] Level 5:colcon.colcon_core.verb:set package 'swarm_guidance' build argument 'cmake_args' from command line to 'None'
[1.315s] Level 5:colcon.colcon_core.verb:set package 'swarm_guidance' build argument 'cmake_target' from command line to 'None'
[1.315s] Level 5:colcon.colcon_core.verb:set package 'swarm_guidance' build argument 'cmake_target_skip_unavailable' from command line to 'False'
[1.315s] Level 5:colcon.colcon_core.verb:set package 'swarm_guidance' build argument 'cmake_clean_cache' from command line to 'False'
[1.315s] Level 5:colcon.colcon_core.verb:set package 'swarm_guidance' build argument 'cmake_clean_first' from command line to 'False'
[1.315s] Level 5:colcon.colcon_core.verb:set package 'swarm_guidance' build argument 'cmake_force_configure' from command line to 'False'
[1.316s] Level 5:colcon.colcon_core.verb:set package 'swarm_guidance' build argument 'ament_cmake_args' from command line to 'None'
[1.316s] Level 5:colcon.colcon_core.verb:set package 'swarm_guidance' build argument 'catkin_cmake_args' from command line to 'None'
[1.316s] Level 5:colcon.colcon_core.verb:set package 'swarm_guidance' build argument 'catkin_skip_building_tests' from command line to 'False'
[1.316s] DEBUG:colcon.colcon_core.verb:Building package 'swarm_guidance' with the following arguments: {'ament_cmake_args': None, 'build_base': '/home/gowtham/crazyflie_ws/build/swarm_guidance', 'catkin_cmake_args': None, 'catkin_skip_building_tests': False, 'cmake_args': None, 'cmake_clean_cache': False, 'cmake_clean_first': False, 'cmake_force_configure': False, 'cmake_target': None, 'cmake_target_skip_unavailable': False, 'install_base': '/home/gowtham/crazyflie_ws/install/swarm_guidance', 'merge_install': False, 'path': '/home/gowtham/crazyflie_ws/src/swarm_guidance', 'symlink_install': True, 'test_result_base': None}
[1.316s] INFO:colcon.colcon_core.executor:Executing jobs using 'parallel' executor
[1.317s] DEBUG:colcon.colcon_parallel_executor.executor.parallel:run_until_complete
[1.318s] INFO:colcon.colcon_ros.task.ament_python.build:Building ROS package in '/home/gowtham/crazyflie_ws/src/swarm_guidance' with build type 'ament_python'
[1.318s] Level 1:colcon.colcon_core.shell:create_environment_hook('swarm_guidance', 'ament_prefix_path')
[1.322s] INFO:colcon.colcon_core.plugin_system:Skipping extension 'colcon_core.shell.bat': Not used on non-Windows systems
[1.323s] INFO:colcon.colcon_core.shell:Creating environment hook '/home/gowtham/crazyflie_ws/install/swarm_guidance/share/swarm_guidance/hook/ament_prefix_path.ps1'
[1.324s] INFO:colcon.colcon_core.shell:Creating environment descriptor '/home/gowtham/crazyflie_ws/install/swarm_guidance/share/swarm_guidance/hook/ament_prefix_path.dsv'
[1.325s] INFO:colcon.colcon_core.shell:Creating environment hook '/home/gowtham/crazyflie_ws/install/swarm_guidance/share/swarm_guidance/hook/ament_prefix_path.sh'
[1.327s] INFO:colcon.colcon_core.shell:Skip shell extension 'powershell' for command environment: Not usable outside of PowerShell
[1.327s] DEBUG:colcon.colcon_core.shell:Skip shell extension 'dsv' for command environment
[1.833s] INFO:colcon.colcon_core.task.python.build:Building Python package in '/home/gowtham/crazyflie_ws/src/swarm_guidance'
[1.833s] INFO:colcon.colcon_core.shell:Skip shell extension 'powershell' for command environment: Not usable outside of PowerShell
[1.833s] DEBUG:colcon.colcon_core.shell:Skip shell extension 'dsv' for command environment
[2.444s] DEBUG:colcon.colcon_core.event_handler.log_command:Invoking command in '/home/gowtham/crazyflie_ws/build/swarm_guidance': PYTHONPATH=/home/gowtham/crazyflie_ws/build/swarm_guidance/prefix_override:/usr/lib/python3/dist-packages/colcon_core/task/python/colcon_distutils_commands:/home/gowtham/crazyflie_ws/install/swarm_guidance/lib/python3.10/site-packages:${PYTHONPATH} /usr/bin/python3 -W ignore:setup.py install is deprecated -W ignore:easy_install command is deprecated setup.py develop --editable --build-directory /home/gowtham/crazyflie_ws/build/swarm_guidance/build --no-deps symlink_data
[3.302s] Level 1:colcon.colcon_core.shell:create_environment_hook('swarm_guidance', 'pythonpath_develop')
[3.303s] INFO:colcon.colcon_core.shell:Creating environment hook '/home/gowtham/crazyflie_ws/build/swarm_guidance/share/swarm_guidance/hook/pythonpath_develop.ps1'
[3.303s] DEBUG:colcon.colcon_core.event_handler.log_command:Invoked command in '/home/gowtham/crazyflie_ws/build/swarm_guidance' returned '0': PYTHONPATH=/home/gowtham/crazyflie_ws/build/swarm_guidance/prefix_override:/usr/lib/python3/dist-packages/colcon_core/task/python/colcon_distutils_commands:/home/gowtham/crazyflie_ws/install/swarm_guidance/lib/python3.10/site-packages:${PYTHONPATH} /usr/bin/python3 -W ignore:setup.py install is deprecated -W ignore:easy_install command is deprecated setup.py develop --editable --build-directory /home/gowtham/crazyflie_ws/build/swarm_guidance/build --no-deps symlink_data
[3.305s] INFO:colcon.colcon_core.shell:Creating environment descriptor '/home/gowtham/crazyflie_ws/build/swarm_guidance/share/swarm_guidance/hook/pythonpath_develop.dsv'
[3.305s] INFO:colcon.colcon_core.shell:Creating environment hook '/home/gowtham/crazyflie_ws/build/swarm_guidance/share/swarm_guidance/hook/pythonpath_develop.sh'
[3.309s] Level 1:colcon.colcon_core.environment:checking '/home/gowtham/crazyflie_ws/install/swarm_guidance' for CMake module files
[3.310s] Level 1:colcon.colcon_core.environment:checking '/home/gowtham/crazyflie_ws/install/swarm_guidance' for CMake config files
[3.311s] Level 1:colcon.colcon_core.environment:checking '/home/gowtham/crazyflie_ws/install/swarm_guidance/lib'
[3.311s] Level 1:colcon.colcon_core.environment:checking '/home/gowtham/crazyflie_ws/install/swarm_guidance/bin'
[3.311s] Level 1:colcon.colcon_core.environment:checking '/home/gowtham/crazyflie_ws/install/swarm_guidance/lib/pkgconfig/swarm_guidance.pc'
[3.311s] Level 1:colcon.colcon_core.environment:checking '/home/gowtham/crazyflie_ws/install/swarm_guidance/lib/python3.10/site-packages'
[3.311s] Level 1:colcon.colcon_core.shell:create_environment_hook('swarm_guidance', 'pythonpath')
[3.311s] INFO:colcon.colcon_core.shell:Creating environment hook '/home/gowtham/crazyflie_ws/install/swarm_guidance/share/swarm_guidance/hook/pythonpath.ps1'
[3.312s] INFO:colcon.colcon_core.shell:Creating environment descriptor '/home/gowtham/crazyflie_ws/install/swarm_guidance/share/swarm_guidance/hook/pythonpath.dsv'
[3.312s] INFO:colcon.colcon_core.shell:Creating environment hook '/home/gowtham/crazyflie_ws/install/swarm_guidance/share/swarm_guidance/hook/pythonpath.sh'
[3.313s] Level 1:colcon.colcon_core.environment:checking '/home/gowtham/crazyflie_ws/install/swarm_guidance/bin'
[3.313s] Level 1:colcon.colcon_core.environment:create_environment_scripts_only(swarm_guidance)
[3.314s] INFO:colcon.colcon_core.shell:Creating package script '/home/gowtham/crazyflie_ws/install/swarm_guidance/share/swarm_guidance/package.ps1'
[3.317s] INFO:colcon.colcon_core.shell:Creating package descriptor '/home/gowtham/crazyflie_ws/install/swarm_guidance/share/swarm_guidance/package.dsv'
[3.318s] INFO:colcon.colcon_core.shell:Creating package script '/home/gowtham/crazyflie_ws/install/swarm_guidance/share/swarm_guidance/package.sh'
[3.320s] INFO:colcon.colcon_core.shell:Creating package script '/home/gowtham/crazyflie_ws/install/swarm_guidance/share/swarm_guidance/package.bash'
[3.321s] INFO:colcon.colcon_core.shell:Creating package script '/home/gowtham/crazyflie_ws/install/swarm_guidance/share/swarm_guidance/package.zsh'
[3.322s] Level 1:colcon.colcon_core.environment:create_file_with_runtime_dependencies(/home/gowtham/crazyflie_ws/install/swarm_guidance/share/colcon-core/packages/swarm_guidance)
[3.323s] DEBUG:colcon.colcon_parallel_executor.executor.parallel:closing loop
[3.324s] DEBUG:colcon.colcon_parallel_executor.executor.parallel:loop closed
[3.324s] DEBUG:colcon.colcon_parallel_executor.executor.parallel:run_until_complete finished with '0'
[3.324s] DEBUG:colcon.colcon_core.event_reactor:joining thread
[3.331s] INFO:colcon.colcon_core.plugin_system:Skipping extension 'colcon_notification.desktop_notification.terminal_notifier': Not used on non-Darwin systems
[3.331s] INFO:colcon.colcon_core.plugin_system:Skipping extension 'colcon_notification.desktop_notification.win32': Not used on non-Windows systems
[3.331s] INFO:colcon.colcon_notification.desktop_notification:Sending desktop notification using 'notify2'
[3.353s] DEBUG:colcon.colcon_core.event_reactor:joined thread
[3.354s] INFO:colcon.colcon_core.shell:Creating prefix script '/home/gowtham/crazyflie_ws/install/local_setup.ps1'
[3.356s] INFO:colcon.colcon_core.shell:Creating prefix util module '/home/gowtham/crazyflie_ws/install/_local_setup_util_ps1.py'
[3.360s] INFO:colcon.colcon_core.shell:Creating prefix chain script '/home/gowtham/crazyflie_ws/install/setup.ps1'
[3.362s] INFO:colcon.colcon_core.shell:Creating prefix script '/home/gowtham/crazyflie_ws/install/local_setup.sh'
[3.363s] INFO:colcon.colcon_core.shell:Creating prefix util module '/home/gowtham/crazyflie_ws/install/_local_setup_util_sh.py'
[3.364s] INFO:colcon.colcon_core.shell:Creating prefix chain script '/home/gowtham/crazyflie_ws/install/setup.sh'
[3.366s] INFO:colcon.colcon_core.shell:Creating prefix script '/home/gowtham/crazyflie_ws/install/local_setup.bash'
[3.367s] INFO:colcon.colcon_core.shell:Creating prefix chain script '/home/gowtham/crazyflie_ws/install/setup.bash'
[3.369s] INFO:colcon.colcon_core.shell:Creating prefix script '/home/gowtham/crazyflie_ws/install/local_setup.zsh'
[3.370s] INFO:colcon.colcon_core.shell:Creating prefix chain script '/home/gowtham/crazyflie_ws/install/setup.zsh'
