[0.133s] DEBUG:colcon:Command line arguments: ['/usr/bin/colcon', 'build']
[0.133s] DEBUG:colcon:Parsed command line arguments: Namespace(log_base=None, log_level=None, verb_name='build', build_base='build', install_base='install', merge_install=False, symlink_install=False, test_result_base=None, continue_on_error=False, executor='parallel', parallel_workers=4, event_handlers=None, ignore_user_meta=False, metas=['./colcon.meta'], base_paths=['.'], packages_ignore=None, packages_ignore_regex=None, paths=None, packages_up_to=None, packages_up_to_regex=None, packages_above=None, packages_above_and_dependencies=None, packages_above_depth=None, packages_select_by_dep=None, packages_skip_by_dep=None, packages_skip_up_to=None, packages_select_build_failed=False, packages_skip_build_finished=False, packages_select_test_failures=False, packages_skip_test_passed=False, packages_select=None, packages_skip=None, packages_select_regex=None, packages_skip_regex=None, packages_start=None, packages_end=None, allow_overriding=[], cmake_args=None, cmake_target=None, cmake_target_skip_unavailable=False, cmake_clean_cache=False, cmake_clean_first=False, cmake_force_configure=False, ament_cmake_args=None, catkin_cmake_args=None, catkin_skip_building_tests=False, mixin_files=None, mixin=None, verb_parser=<colcon_mixin.mixin.mixin_argument.MixinArgumentDecorator object at 0x7adb9cb90e20>, verb_extension=<colcon_core.verb.build.BuildVerb object at 0x7adb9cb90400>, main=<bound method BuildVerb.main of <colcon_core.verb.build.BuildVerb object at 0x7adb9cb90400>>, mixin_verb=('build',))
[0.351s] Level 1:colcon.colcon_core.package_discovery:discover_packages(colcon_meta) check parameters
[0.351s] Level 1:colcon.colcon_core.package_discovery:discover_packages(recursive) check parameters
[0.351s] Level 1:colcon.colcon_core.package_discovery:discover_packages(ignore) check parameters
[0.351s] Level 1:colcon.colcon_core.package_discovery:discover_packages(path) check parameters
[0.351s] Level 1:colcon.colcon_core.package_discovery:discover_packages(colcon_meta) discover
[0.352s] Level 1:colcon.colcon_core.package_discovery:discover_packages(recursive) discover
[0.352s] INFO:colcon.colcon_core.package_discovery:Crawling recursively for packages in '/home/gowtham/crazyflie_ws'
[0.352s] Level 1:colcon.colcon_core.package_identification:_identify(.) by extensions ['ignore', 'ignore_ament_install']
[0.352s] Level 1:colcon.colcon_core.package_identification:_identify(.) by extension 'ignore'
[0.352s] Level 1:colcon.colcon_core.package_identification:_identify(.) by extension 'ignore_ament_install'
[0.352s] Level 1:colcon.colcon_core.package_identification:_identify(.) by extensions ['colcon_pkg']
[0.352s] Level 1:colcon.colcon_core.package_identification:_identify(.) by extension 'colcon_pkg'
[0.352s] Level 1:colcon.colcon_core.package_identification:_identify(.) by extensions ['colcon_meta']
[0.352s] Level 1:colcon.colcon_core.package_identification:_identify(.) by extension 'colcon_meta'
[0.352s] Level 1:colcon.colcon_core.package_identification:_identify(.) by extensions ['ros']
[0.352s] Level 1:colcon.colcon_core.package_identification:_identify(.) by extension 'ros'
[0.364s] Level 1:colcon.colcon_core.package_identification:_identify(.) by extensions ['cmake', 'python']
[0.364s] Level 1:colcon.colcon_core.package_identification:_identify(.) by extension 'cmake'
[0.364s] Level 1:colcon.colcon_core.package_identification:_identify(.) by extension 'python'
[0.364s] Level 1:colcon.colcon_core.package_identification:_identify(.) by extensions ['python_setup_py']
[0.364s] Level 1:colcon.colcon_core.package_identification:_identify(.) by extension 'python_setup_py'
[0.365s] Level 1:colcon.colcon_core.package_identification:_identify(build) by extensions ['ignore', 'ignore_ament_install']
[0.365s] Level 1:colcon.colcon_core.package_identification:_identify(build) by extension 'ignore'
[0.365s] Level 1:colcon.colcon_core.package_identification:_identify(build) ignored
[0.365s] Level 1:colcon.colcon_core.package_identification:_identify(install) by extensions ['ignore', 'ignore_ament_install']
[0.365s] Level 1:colcon.colcon_core.package_identification:_identify(install) by extension 'ignore'
[0.365s] Level 1:colcon.colcon_core.package_identification:_identify(install) ignored
[0.365s] Level 1:colcon.colcon_core.package_identification:_identify(log) by extensions ['ignore', 'ignore_ament_install']
[0.365s] Level 1:colcon.colcon_core.package_identification:_identify(log) by extension 'ignore'
[0.365s] Level 1:colcon.colcon_core.package_identification:_identify(log) ignored
[0.365s] Level 1:colcon.colcon_core.package_identification:_identify(src) by extensions ['ignore', 'ignore_ament_install']
[0.365s] Level 1:colcon.colcon_core.package_identification:_identify(src) by extension 'ignore'
[0.365s] Level 1:colcon.colcon_core.package_identification:_identify(src) by extension 'ignore_ament_install'
[0.365s] Level 1:colcon.colcon_core.package_identification:_identify(src) by extensions ['colcon_pkg']
[0.366s] Level 1:colcon.colcon_core.package_identification:_identify(src) by extension 'colcon_pkg'
[0.366s] Level 1:colcon.colcon_core.package_identification:_identify(src) by extensions ['colcon_meta']
[0.366s] Level 1:colcon.colcon_core.package_identification:_identify(src) by extension 'colcon_meta'
[0.366s] Level 1:colcon.colcon_core.package_identification:_identify(src) by extensions ['ros']
[0.366s] Level 1:colcon.colcon_core.package_identification:_identify(src) by extension 'ros'
[0.366s] Level 1:colcon.colcon_core.package_identification:_identify(src) by extensions ['cmake', 'python']
[0.366s] Level 1:colcon.colcon_core.package_identification:_identify(src) by extension 'cmake'
[0.366s] Level 1:colcon.colcon_core.package_identification:_identify(src) by extension 'python'
[0.366s] Level 1:colcon.colcon_core.package_identification:_identify(src) by extensions ['python_setup_py']
[0.366s] Level 1:colcon.colcon_core.package_identification:_identify(src) by extension 'python_setup_py'
[0.366s] Level 1:colcon.colcon_core.package_identification:_identify(src/central_swarm_control) by extensions ['ignore', 'ignore_ament_install']
[0.366s] Level 1:colcon.colcon_core.package_identification:_identify(src/central_swarm_control) by extension 'ignore'
[0.366s] Level 1:colcon.colcon_core.package_identification:_identify(src/central_swarm_control) by extension 'ignore_ament_install'
[0.366s] Level 1:colcon.colcon_core.package_identification:_identify(src/central_swarm_control) by extensions ['colcon_pkg']
[0.366s] Level 1:colcon.colcon_core.package_identification:_identify(src/central_swarm_control) by extension 'colcon_pkg'
[0.366s] Level 1:colcon.colcon_core.package_identification:_identify(src/central_swarm_control) by extensions ['colcon_meta']
[0.366s] Level 1:colcon.colcon_core.package_identification:_identify(src/central_swarm_control) by extension 'colcon_meta'
[0.366s] Level 1:colcon.colcon_core.package_identification:_identify(src/central_swarm_control) by extensions ['ros']
[0.366s] Level 1:colcon.colcon_core.package_identification:_identify(src/central_swarm_control) by extension 'ros'
[0.371s] DEBUG:colcon.colcon_core.package_identification:Package 'src/central_swarm_control' with type 'ros.ament_python' and name 'central_swarm_control'
[0.371s] Level 1:colcon.colcon_core.package_identification:_identify(src/crazyswarm2) by extensions ['ignore', 'ignore_ament_install']
[0.371s] Level 1:colcon.colcon_core.package_identification:_identify(src/crazyswarm2) by extension 'ignore'
[0.371s] Level 1:colcon.colcon_core.package_identification:_identify(src/crazyswarm2) by extension 'ignore_ament_install'
[0.371s] Level 1:colcon.colcon_core.package_identification:_identify(src/crazyswarm2) by extensions ['colcon_pkg']
[0.371s] Level 1:colcon.colcon_core.package_identification:_identify(src/crazyswarm2) by extension 'colcon_pkg'
[0.371s] Level 1:colcon.colcon_core.package_identification:_identify(src/crazyswarm2) by extensions ['colcon_meta']
[0.371s] Level 1:colcon.colcon_core.package_identification:_identify(src/crazyswarm2) by extension 'colcon_meta'
[0.371s] Level 1:colcon.colcon_core.package_identification:_identify(src/crazyswarm2) by extensions ['ros']
[0.371s] Level 1:colcon.colcon_core.package_identification:_identify(src/crazyswarm2) by extension 'ros'
[0.371s] Level 1:colcon.colcon_core.package_identification:_identify(src/crazyswarm2) by extensions ['cmake', 'python']
[0.371s] Level 1:colcon.colcon_core.package_identification:_identify(src/crazyswarm2) by extension 'cmake'
[0.371s] Level 1:colcon.colcon_core.package_identification:_identify(src/crazyswarm2) by extension 'python'
[0.371s] Level 1:colcon.colcon_core.package_identification:_identify(src/crazyswarm2) by extensions ['python_setup_py']
[0.371s] Level 1:colcon.colcon_core.package_identification:_identify(src/crazyswarm2) by extension 'python_setup_py'
[0.372s] Level 1:colcon.colcon_core.package_identification:_identify(src/crazyswarm2/crazyflie) by extensions ['ignore', 'ignore_ament_install']
[0.372s] Level 1:colcon.colcon_core.package_identification:_identify(src/crazyswarm2/crazyflie) by extension 'ignore'
[0.372s] Level 1:colcon.colcon_core.package_identification:_identify(src/crazyswarm2/crazyflie) by extension 'ignore_ament_install'
[0.372s] Level 1:colcon.colcon_core.package_identification:_identify(src/crazyswarm2/crazyflie) by extensions ['colcon_pkg']
[0.372s] Level 1:colcon.colcon_core.package_identification:_identify(src/crazyswarm2/crazyflie) by extension 'colcon_pkg'
[0.372s] Level 1:colcon.colcon_core.package_identification:_identify(src/crazyswarm2/crazyflie) by extensions ['colcon_meta']
[0.372s] Level 1:colcon.colcon_core.package_identification:_identify(src/crazyswarm2/crazyflie) by extension 'colcon_meta'
[0.372s] Level 1:colcon.colcon_core.package_identification:_identify(src/crazyswarm2/crazyflie) by extensions ['ros']
[0.372s] Level 1:colcon.colcon_core.package_identification:_identify(src/crazyswarm2/crazyflie) by extension 'ros'
[0.374s] DEBUG:colcon.colcon_core.package_identification:Package 'src/crazyswarm2/crazyflie' with type 'ros.ament_cmake' and name 'crazyflie'
[0.374s] Level 1:colcon.colcon_core.package_identification:_identify(src/crazyswarm2/crazyflie_examples) by extensions ['ignore', 'ignore_ament_install']
[0.374s] Level 1:colcon.colcon_core.package_identification:_identify(src/crazyswarm2/crazyflie_examples) by extension 'ignore'
[0.374s] Level 1:colcon.colcon_core.package_identification:_identify(src/crazyswarm2/crazyflie_examples) by extension 'ignore_ament_install'
[0.374s] Level 1:colcon.colcon_core.package_identification:_identify(src/crazyswarm2/crazyflie_examples) by extensions ['colcon_pkg']
[0.374s] Level 1:colcon.colcon_core.package_identification:_identify(src/crazyswarm2/crazyflie_examples) by extension 'colcon_pkg'
[0.374s] Level 1:colcon.colcon_core.package_identification:_identify(src/crazyswarm2/crazyflie_examples) by extensions ['colcon_meta']
[0.374s] Level 1:colcon.colcon_core.package_identification:_identify(src/crazyswarm2/crazyflie_examples) by extension 'colcon_meta'
[0.374s] Level 1:colcon.colcon_core.package_identification:_identify(src/crazyswarm2/crazyflie_examples) by extensions ['ros']
[0.374s] Level 1:colcon.colcon_core.package_identification:_identify(src/crazyswarm2/crazyflie_examples) by extension 'ros'
[0.375s] DEBUG:colcon.colcon_core.package_identification:Package 'src/crazyswarm2/crazyflie_examples' with type 'ros.ament_cmake' and name 'crazyflie_examples'
[0.375s] Level 1:colcon.colcon_core.package_identification:_identify(src/crazyswarm2/crazyflie_interfaces) by extensions ['ignore', 'ignore_ament_install']
[0.389s] Level 1:colcon.colcon_core.package_identification:_identify(src/crazyswarm2/crazyflie_interfaces) by extension 'ignore'
[0.390s] Level 1:colcon.colcon_core.package_identification:_identify(src/crazyswarm2/crazyflie_interfaces) by extension 'ignore_ament_install'
[0.390s] Level 1:colcon.colcon_core.package_identification:_identify(src/crazyswarm2/crazyflie_interfaces) by extensions ['colcon_pkg']
[0.390s] Level 1:colcon.colcon_core.package_identification:_identify(src/crazyswarm2/crazyflie_interfaces) by extension 'colcon_pkg'
[0.390s] Level 1:colcon.colcon_core.package_identification:_identify(src/crazyswarm2/crazyflie_interfaces) by extensions ['colcon_meta']
[0.390s] Level 1:colcon.colcon_core.package_identification:_identify(src/crazyswarm2/crazyflie_interfaces) by extension 'colcon_meta'
[0.390s] Level 1:colcon.colcon_core.package_identification:_identify(src/crazyswarm2/crazyflie_interfaces) by extensions ['ros']
[0.390s] Level 1:colcon.colcon_core.package_identification:_identify(src/crazyswarm2/crazyflie_interfaces) by extension 'ros'
[0.391s] DEBUG:colcon.colcon_core.package_identification:Package 'src/crazyswarm2/crazyflie_interfaces' with type 'ros.ament_cmake' and name 'crazyflie_interfaces'
[0.391s] Level 1:colcon.colcon_core.package_identification:_identify(src/crazyswarm2/crazyflie_py) by extensions ['ignore', 'ignore_ament_install']
[0.391s] Level 1:colcon.colcon_core.package_identification:_identify(src/crazyswarm2/crazyflie_py) by extension 'ignore'
[0.391s] Level 1:colcon.colcon_core.package_identification:_identify(src/crazyswarm2/crazyflie_py) by extension 'ignore_ament_install'
[0.391s] Level 1:colcon.colcon_core.package_identification:_identify(src/crazyswarm2/crazyflie_py) by extensions ['colcon_pkg']
[0.391s] Level 1:colcon.colcon_core.package_identification:_identify(src/crazyswarm2/crazyflie_py) by extension 'colcon_pkg'
[0.392s] Level 1:colcon.colcon_core.package_identification:_identify(src/crazyswarm2/crazyflie_py) by extensions ['colcon_meta']
[0.392s] Level 1:colcon.colcon_core.package_identification:_identify(src/crazyswarm2/crazyflie_py) by extension 'colcon_meta'
[0.392s] Level 1:colcon.colcon_core.package_identification:_identify(src/crazyswarm2/crazyflie_py) by extensions ['ros']
[0.392s] Level 1:colcon.colcon_core.package_identification:_identify(src/crazyswarm2/crazyflie_py) by extension 'ros'
[0.393s] DEBUG:colcon.colcon_core.package_identification:Package 'src/crazyswarm2/crazyflie_py' with type 'ros.ament_python' and name 'crazyflie_py'
[0.393s] Level 1:colcon.colcon_core.package_identification:_identify(src/crazyswarm2/crazyflie_sim) by extensions ['ignore', 'ignore_ament_install']
[0.393s] Level 1:colcon.colcon_core.package_identification:_identify(src/crazyswarm2/crazyflie_sim) by extension 'ignore'
[0.393s] Level 1:colcon.colcon_core.package_identification:_identify(src/crazyswarm2/crazyflie_sim) by extension 'ignore_ament_install'
[0.393s] Level 1:colcon.colcon_core.package_identification:_identify(src/crazyswarm2/crazyflie_sim) by extensions ['colcon_pkg']
[0.393s] Level 1:colcon.colcon_core.package_identification:_identify(src/crazyswarm2/crazyflie_sim) by extension 'colcon_pkg'
[0.393s] Level 1:colcon.colcon_core.package_identification:_identify(src/crazyswarm2/crazyflie_sim) by extensions ['colcon_meta']
[0.393s] Level 1:colcon.colcon_core.package_identification:_identify(src/crazyswarm2/crazyflie_sim) by extension 'colcon_meta'
[0.393s] Level 1:colcon.colcon_core.package_identification:_identify(src/crazyswarm2/crazyflie_sim) by extensions ['ros']
[0.393s] Level 1:colcon.colcon_core.package_identification:_identify(src/crazyswarm2/crazyflie_sim) by extension 'ros'
[0.394s] DEBUG:colcon.colcon_core.package_identification:Package 'src/crazyswarm2/crazyflie_sim' with type 'ros.ament_cmake' and name 'crazyflie_sim'
[0.394s] Level 1:colcon.colcon_core.package_identification:_identify(src/crazyswarm2/docs) by extensions ['ignore', 'ignore_ament_install']
[0.394s] Level 1:colcon.colcon_core.package_identification:_identify(src/crazyswarm2/docs) by extension 'ignore'
[0.394s] Level 1:colcon.colcon_core.package_identification:_identify(src/crazyswarm2/docs) by extension 'ignore_ament_install'
[0.394s] Level 1:colcon.colcon_core.package_identification:_identify(src/crazyswarm2/docs) by extensions ['colcon_pkg']
[0.394s] Level 1:colcon.colcon_core.package_identification:_identify(src/crazyswarm2/docs) by extension 'colcon_pkg'
[0.394s] Level 1:colcon.colcon_core.package_identification:_identify(src/crazyswarm2/docs) by extensions ['colcon_meta']
[0.394s] Level 1:colcon.colcon_core.package_identification:_identify(src/crazyswarm2/docs) by extension 'colcon_meta'
[0.394s] Level 1:colcon.colcon_core.package_identification:_identify(src/crazyswarm2/docs) by extensions ['ros']
[0.395s] Level 1:colcon.colcon_core.package_identification:_identify(src/crazyswarm2/docs) by extension 'ros'
[0.395s] Level 1:colcon.colcon_core.package_identification:_identify(src/crazyswarm2/docs) by extensions ['cmake', 'python']
[0.395s] Level 1:colcon.colcon_core.package_identification:_identify(src/crazyswarm2/docs) by extension 'cmake'
[0.395s] Level 1:colcon.colcon_core.package_identification:_identify(src/crazyswarm2/docs) by extension 'python'
[0.395s] Level 1:colcon.colcon_core.package_identification:_identify(src/crazyswarm2/docs) by extensions ['python_setup_py']
[0.395s] Level 1:colcon.colcon_core.package_identification:_identify(src/crazyswarm2/docs) by extension 'python_setup_py'
[0.395s] Level 1:colcon.colcon_core.package_identification:_identify(src/crazyswarm2/docs/generated) by extensions ['ignore', 'ignore_ament_install']
[0.395s] Level 1:colcon.colcon_core.package_identification:_identify(src/crazyswarm2/docs/generated) by extension 'ignore'
[0.395s] Level 1:colcon.colcon_core.package_identification:_identify(src/crazyswarm2/docs/generated) by extension 'ignore_ament_install'
[0.395s] Level 1:colcon.colcon_core.package_identification:_identify(src/crazyswarm2/docs/generated) by extensions ['colcon_pkg']
[0.395s] Level 1:colcon.colcon_core.package_identification:_identify(src/crazyswarm2/docs/generated) by extension 'colcon_pkg'
[0.395s] Level 1:colcon.colcon_core.package_identification:_identify(src/crazyswarm2/docs/generated) by extensions ['colcon_meta']
[0.395s] Level 1:colcon.colcon_core.package_identification:_identify(src/crazyswarm2/docs/generated) by extension 'colcon_meta'
[0.395s] Level 1:colcon.colcon_core.package_identification:_identify(src/crazyswarm2/docs/generated) by extensions ['ros']
[0.395s] Level 1:colcon.colcon_core.package_identification:_identify(src/crazyswarm2/docs/generated) by extension 'ros'
[0.395s] Level 1:colcon.colcon_core.package_identification:_identify(src/crazyswarm2/docs/generated) by extensions ['cmake', 'python']
[0.395s] Level 1:colcon.colcon_core.package_identification:_identify(src/crazyswarm2/docs/generated) by extension 'cmake'
[0.395s] Level 1:colcon.colcon_core.package_identification:_identify(src/crazyswarm2/docs/generated) by extension 'python'
[0.395s] Level 1:colcon.colcon_core.package_identification:_identify(src/crazyswarm2/docs/generated) by extensions ['python_setup_py']
[0.395s] Level 1:colcon.colcon_core.package_identification:_identify(src/crazyswarm2/docs/generated) by extension 'python_setup_py'
[0.396s] Level 1:colcon.colcon_core.package_identification:_identify(src/crazyswarm2/docs/howto) by extensions ['ignore', 'ignore_ament_install']
[0.396s] Level 1:colcon.colcon_core.package_identification:_identify(src/crazyswarm2/docs/howto) by extension 'ignore'
[0.396s] Level 1:colcon.colcon_core.package_identification:_identify(src/crazyswarm2/docs/howto) by extension 'ignore_ament_install'
[0.396s] Level 1:colcon.colcon_core.package_identification:_identify(src/crazyswarm2/docs/howto) by extensions ['colcon_pkg']
[0.396s] Level 1:colcon.colcon_core.package_identification:_identify(src/crazyswarm2/docs/howto) by extension 'colcon_pkg'
[0.396s] Level 1:colcon.colcon_core.package_identification:_identify(src/crazyswarm2/docs/howto) by extensions ['colcon_meta']
[0.396s] Level 1:colcon.colcon_core.package_identification:_identify(src/crazyswarm2/docs/howto) by extension 'colcon_meta'
[0.396s] Level 1:colcon.colcon_core.package_identification:_identify(src/crazyswarm2/docs/howto) by extensions ['ros']
[0.396s] Level 1:colcon.colcon_core.package_identification:_identify(src/crazyswarm2/docs/howto) by extension 'ros'
[0.396s] Level 1:colcon.colcon_core.package_identification:_identify(src/crazyswarm2/docs/howto) by extensions ['cmake', 'python']
[0.396s] Level 1:colcon.colcon_core.package_identification:_identify(src/crazyswarm2/docs/howto) by extension 'cmake'
[0.396s] Level 1:colcon.colcon_core.package_identification:_identify(src/crazyswarm2/docs/howto) by extension 'python'
[0.396s] Level 1:colcon.colcon_core.package_identification:_identify(src/crazyswarm2/docs/howto) by extensions ['python_setup_py']
[0.396s] Level 1:colcon.colcon_core.package_identification:_identify(src/crazyswarm2/docs/howto) by extension 'python_setup_py'
[0.396s] Level 1:colcon.colcon_core.package_identification:_identify(src/crazyswarm2/docs/images) by extensions ['ignore', 'ignore_ament_install']
[0.396s] Level 1:colcon.colcon_core.package_identification:_identify(src/crazyswarm2/docs/images) by extension 'ignore'
[0.396s] Level 1:colcon.colcon_core.package_identification:_identify(src/crazyswarm2/docs/images) by extension 'ignore_ament_install'
[0.397s] Level 1:colcon.colcon_core.package_identification:_identify(src/crazyswarm2/docs/images) by extensions ['colcon_pkg']
[0.397s] Level 1:colcon.colcon_core.package_identification:_identify(src/crazyswarm2/docs/images) by extension 'colcon_pkg'
[0.397s] Level 1:colcon.colcon_core.package_identification:_identify(src/crazyswarm2/docs/images) by extensions ['colcon_meta']
[0.397s] Level 1:colcon.colcon_core.package_identification:_identify(src/crazyswarm2/docs/images) by extension 'colcon_meta'
[0.397s] Level 1:colcon.colcon_core.package_identification:_identify(src/crazyswarm2/docs/images) by extensions ['ros']
[0.397s] Level 1:colcon.colcon_core.package_identification:_identify(src/crazyswarm2/docs/images) by extension 'ros'
[0.397s] Level 1:colcon.colcon_core.package_identification:_identify(src/crazyswarm2/docs/images) by extensions ['cmake', 'python']
[0.397s] Level 1:colcon.colcon_core.package_identification:_identify(src/crazyswarm2/docs/images) by extension 'cmake'
[0.397s] Level 1:colcon.colcon_core.package_identification:_identify(src/crazyswarm2/docs/images) by extension 'python'
[0.397s] Level 1:colcon.colcon_core.package_identification:_identify(src/crazyswarm2/docs/images) by extensions ['python_setup_py']
[0.397s] Level 1:colcon.colcon_core.package_identification:_identify(src/crazyswarm2/docs/images) by extension 'python_setup_py'
[0.397s] Level 1:colcon.colcon_core.package_identification:_identify(src/crazyswarm2/docs/tutorials) by extensions ['ignore', 'ignore_ament_install']
[0.397s] Level 1:colcon.colcon_core.package_identification:_identify(src/crazyswarm2/docs/tutorials) by extension 'ignore'
[0.397s] Level 1:colcon.colcon_core.package_identification:_identify(src/crazyswarm2/docs/tutorials) by extension 'ignore_ament_install'
[0.397s] Level 1:colcon.colcon_core.package_identification:_identify(src/crazyswarm2/docs/tutorials) by extensions ['colcon_pkg']
[0.397s] Level 1:colcon.colcon_core.package_identification:_identify(src/crazyswarm2/docs/tutorials) by extension 'colcon_pkg'
[0.397s] Level 1:colcon.colcon_core.package_identification:_identify(src/crazyswarm2/docs/tutorials) by extensions ['colcon_meta']
[0.397s] Level 1:colcon.colcon_core.package_identification:_identify(src/crazyswarm2/docs/tutorials) by extension 'colcon_meta'
[0.397s] Level 1:colcon.colcon_core.package_identification:_identify(src/crazyswarm2/docs/tutorials) by extensions ['ros']
[0.397s] Level 1:colcon.colcon_core.package_identification:_identify(src/crazyswarm2/docs/tutorials) by extension 'ros'
[0.398s] Level 1:colcon.colcon_core.package_identification:_identify(src/crazyswarm2/docs/tutorials) by extensions ['cmake', 'python']
[0.398s] Level 1:colcon.colcon_core.package_identification:_identify(src/crazyswarm2/docs/tutorials) by extension 'cmake'
[0.398s] Level 1:colcon.colcon_core.package_identification:_identify(src/crazyswarm2/docs/tutorials) by extension 'python'
[0.398s] Level 1:colcon.colcon_core.package_identification:_identify(src/crazyswarm2/docs/tutorials) by extensions ['python_setup_py']
[0.398s] Level 1:colcon.colcon_core.package_identification:_identify(src/crazyswarm2/docs/tutorials) by extension 'python_setup_py'
[0.398s] Level 1:colcon.colcon_core.package_identification:_identify(src/crazyswarm2/docs2) by extensions ['ignore', 'ignore_ament_install']
[0.398s] Level 1:colcon.colcon_core.package_identification:_identify(src/crazyswarm2/docs2) by extension 'ignore'
[0.398s] Level 1:colcon.colcon_core.package_identification:_identify(src/crazyswarm2/docs2) by extension 'ignore_ament_install'
[0.398s] Level 1:colcon.colcon_core.package_identification:_identify(src/crazyswarm2/docs2) by extensions ['colcon_pkg']
[0.398s] Level 1:colcon.colcon_core.package_identification:_identify(src/crazyswarm2/docs2) by extension 'colcon_pkg'
[0.398s] Level 1:colcon.colcon_core.package_identification:_identify(src/crazyswarm2/docs2) by extensions ['colcon_meta']
[0.398s] Level 1:colcon.colcon_core.package_identification:_identify(src/crazyswarm2/docs2) by extension 'colcon_meta'
[0.398s] Level 1:colcon.colcon_core.package_identification:_identify(src/crazyswarm2/docs2) by extensions ['ros']
[0.398s] Level 1:colcon.colcon_core.package_identification:_identify(src/crazyswarm2/docs2) by extension 'ros'
[0.398s] Level 1:colcon.colcon_core.package_identification:_identify(src/crazyswarm2/docs2) by extensions ['cmake', 'python']
[0.398s] Level 1:colcon.colcon_core.package_identification:_identify(src/crazyswarm2/docs2) by extension 'cmake'
[0.398s] Level 1:colcon.colcon_core.package_identification:_identify(src/crazyswarm2/docs2) by extension 'python'
[0.398s] Level 1:colcon.colcon_core.package_identification:_identify(src/crazyswarm2/docs2) by extensions ['python_setup_py']
[0.398s] Level 1:colcon.colcon_core.package_identification:_identify(src/crazyswarm2/docs2) by extension 'python_setup_py'
[0.399s] Level 1:colcon.colcon_core.package_identification:_identify(src/crazyswarm2/docs2/images) by extensions ['ignore', 'ignore_ament_install']
[0.399s] Level 1:colcon.colcon_core.package_identification:_identify(src/crazyswarm2/docs2/images) by extension 'ignore'
[0.399s] Level 1:colcon.colcon_core.package_identification:_identify(src/crazyswarm2/docs2/images) by extension 'ignore_ament_install'
[0.399s] Level 1:colcon.colcon_core.package_identification:_identify(src/crazyswarm2/docs2/images) by extensions ['colcon_pkg']
[0.399s] Level 1:colcon.colcon_core.package_identification:_identify(src/crazyswarm2/docs2/images) by extension 'colcon_pkg'
[0.399s] Level 1:colcon.colcon_core.package_identification:_identify(src/crazyswarm2/docs2/images) by extensions ['colcon_meta']
[0.399s] Level 1:colcon.colcon_core.package_identification:_identify(src/crazyswarm2/docs2/images) by extension 'colcon_meta'
[0.399s] Level 1:colcon.colcon_core.package_identification:_identify(src/crazyswarm2/docs2/images) by extensions ['ros']
[0.399s] Level 1:colcon.colcon_core.package_identification:_identify(src/crazyswarm2/docs2/images) by extension 'ros'
[0.399s] Level 1:colcon.colcon_core.package_identification:_identify(src/crazyswarm2/docs2/images) by extensions ['cmake', 'python']
[0.399s] Level 1:colcon.colcon_core.package_identification:_identify(src/crazyswarm2/docs2/images) by extension 'cmake'
[0.399s] Level 1:colcon.colcon_core.package_identification:_identify(src/crazyswarm2/docs2/images) by extension 'python'
[0.399s] Level 1:colcon.colcon_core.package_identification:_identify(src/crazyswarm2/docs2/images) by extensions ['python_setup_py']
[0.399s] Level 1:colcon.colcon_core.package_identification:_identify(src/crazyswarm2/docs2/images) by extension 'python_setup_py'
[0.399s] Level 1:colcon.colcon_core.package_identification:_identify(src/crazyswarm2/prebuilt) by extensions ['ignore', 'ignore_ament_install']
[0.399s] Level 1:colcon.colcon_core.package_identification:_identify(src/crazyswarm2/prebuilt) by extension 'ignore'
[0.399s] Level 1:colcon.colcon_core.package_identification:_identify(src/crazyswarm2/prebuilt) by extension 'ignore_ament_install'
[0.400s] Level 1:colcon.colcon_core.package_identification:_identify(src/crazyswarm2/prebuilt) by extensions ['colcon_pkg']
[0.400s] Level 1:colcon.colcon_core.package_identification:_identify(src/crazyswarm2/prebuilt) by extension 'colcon_pkg'
[0.400s] Level 1:colcon.colcon_core.package_identification:_identify(src/crazyswarm2/prebuilt) by extensions ['colcon_meta']
[0.400s] Level 1:colcon.colcon_core.package_identification:_identify(src/crazyswarm2/prebuilt) by extension 'colcon_meta'
[0.400s] Level 1:colcon.colcon_core.package_identification:_identify(src/crazyswarm2/prebuilt) by extensions ['ros']
[0.400s] Level 1:colcon.colcon_core.package_identification:_identify(src/crazyswarm2/prebuilt) by extension 'ros'
[0.400s] Level 1:colcon.colcon_core.package_identification:_identify(src/crazyswarm2/prebuilt) by extensions ['cmake', 'python']
[0.400s] Level 1:colcon.colcon_core.package_identification:_identify(src/crazyswarm2/prebuilt) by extension 'cmake'
[0.400s] Level 1:colcon.colcon_core.package_identification:_identify(src/crazyswarm2/prebuilt) by extension 'python'
[0.400s] Level 1:colcon.colcon_core.package_identification:_identify(src/crazyswarm2/prebuilt) by extensions ['python_setup_py']
[0.400s] Level 1:colcon.colcon_core.package_identification:_identify(src/crazyswarm2/prebuilt) by extension 'python_setup_py'
[0.400s] Level 1:colcon.colcon_core.package_identification:_identify(src/crazyswarm2/ros_ws) by extensions ['ignore', 'ignore_ament_install']
[0.400s] Level 1:colcon.colcon_core.package_identification:_identify(src/crazyswarm2/ros_ws) by extension 'ignore'
[0.400s] Level 1:colcon.colcon_core.package_identification:_identify(src/crazyswarm2/ros_ws) by extension 'ignore_ament_install'
[0.400s] Level 1:colcon.colcon_core.package_identification:_identify(src/crazyswarm2/ros_ws) by extensions ['colcon_pkg']
[0.400s] Level 1:colcon.colcon_core.package_identification:_identify(src/crazyswarm2/ros_ws) by extension 'colcon_pkg'
[0.400s] Level 1:colcon.colcon_core.package_identification:_identify(src/crazyswarm2/ros_ws) by extensions ['colcon_meta']
[0.400s] Level 1:colcon.colcon_core.package_identification:_identify(src/crazyswarm2/ros_ws) by extension 'colcon_meta'
[0.400s] Level 1:colcon.colcon_core.package_identification:_identify(src/crazyswarm2/ros_ws) by extensions ['ros']
[0.400s] Level 1:colcon.colcon_core.package_identification:_identify(src/crazyswarm2/ros_ws) by extension 'ros'
[0.401s] Level 1:colcon.colcon_core.package_identification:_identify(src/crazyswarm2/ros_ws) by extensions ['cmake', 'python']
[0.401s] Level 1:colcon.colcon_core.package_identification:_identify(src/crazyswarm2/ros_ws) by extension 'cmake'
[0.401s] Level 1:colcon.colcon_core.package_identification:_identify(src/crazyswarm2/ros_ws) by extension 'python'
[0.401s] Level 1:colcon.colcon_core.package_identification:_identify(src/crazyswarm2/ros_ws) by extensions ['python_setup_py']
[0.401s] Level 1:colcon.colcon_core.package_identification:_identify(src/crazyswarm2/ros_ws) by extension 'python_setup_py'
[0.401s] Level 1:colcon.colcon_core.package_identification:_identify(src/crazyswarm2/ros_ws/src) by extensions ['ignore', 'ignore_ament_install']
[0.401s] Level 1:colcon.colcon_core.package_identification:_identify(src/crazyswarm2/ros_ws/src) by extension 'ignore'
[0.401s] Level 1:colcon.colcon_core.package_identification:_identify(src/crazyswarm2/ros_ws/src) by extension 'ignore_ament_install'
[0.401s] Level 1:colcon.colcon_core.package_identification:_identify(src/crazyswarm2/ros_ws/src) by extensions ['colcon_pkg']
[0.401s] Level 1:colcon.colcon_core.package_identification:_identify(src/crazyswarm2/ros_ws/src) by extension 'colcon_pkg'
[0.401s] Level 1:colcon.colcon_core.package_identification:_identify(src/crazyswarm2/ros_ws/src) by extensions ['colcon_meta']
[0.401s] Level 1:colcon.colcon_core.package_identification:_identify(src/crazyswarm2/ros_ws/src) by extension 'colcon_meta'
[0.401s] Level 1:colcon.colcon_core.package_identification:_identify(src/crazyswarm2/ros_ws/src) by extensions ['ros']
[0.401s] Level 1:colcon.colcon_core.package_identification:_identify(src/crazyswarm2/ros_ws/src) by extension 'ros'
[0.401s] Level 1:colcon.colcon_core.package_identification:_identify(src/crazyswarm2/ros_ws/src) by extensions ['cmake', 'python']
[0.401s] Level 1:colcon.colcon_core.package_identification:_identify(src/crazyswarm2/ros_ws/src) by extension 'cmake'
[0.401s] Level 1:colcon.colcon_core.package_identification:_identify(src/crazyswarm2/ros_ws/src) by extension 'python'
[0.401s] Level 1:colcon.colcon_core.package_identification:_identify(src/crazyswarm2/ros_ws/src) by extensions ['python_setup_py']
[0.401s] Level 1:colcon.colcon_core.package_identification:_identify(src/crazyswarm2/ros_ws/src) by extension 'python_setup_py'
[0.402s] Level 1:colcon.colcon_core.package_identification:_identify(src/crazyswarm2/ros_ws/src/crazyswarm) by extensions ['ignore', 'ignore_ament_install']
[0.402s] Level 1:colcon.colcon_core.package_identification:_identify(src/crazyswarm2/ros_ws/src/crazyswarm) by extension 'ignore'
[0.402s] Level 1:colcon.colcon_core.package_identification:_identify(src/crazyswarm2/ros_ws/src/crazyswarm) by extension 'ignore_ament_install'
[0.402s] Level 1:colcon.colcon_core.package_identification:_identify(src/crazyswarm2/ros_ws/src/crazyswarm) by extensions ['colcon_pkg']
[0.402s] Level 1:colcon.colcon_core.package_identification:_identify(src/crazyswarm2/ros_ws/src/crazyswarm) by extension 'colcon_pkg'
[0.402s] Level 1:colcon.colcon_core.package_identification:_identify(src/crazyswarm2/ros_ws/src/crazyswarm) by extensions ['colcon_meta']
[0.402s] Level 1:colcon.colcon_core.package_identification:_identify(src/crazyswarm2/ros_ws/src/crazyswarm) by extension 'colcon_meta'
[0.402s] Level 1:colcon.colcon_core.package_identification:_identify(src/crazyswarm2/ros_ws/src/crazyswarm) by extensions ['ros']
[0.402s] Level 1:colcon.colcon_core.package_identification:_identify(src/crazyswarm2/ros_ws/src/crazyswarm) by extension 'ros'
[0.402s] Level 1:colcon.colcon_core.package_identification:_identify(src/crazyswarm2/ros_ws/src/crazyswarm) by extensions ['cmake', 'python']
[0.402s] Level 1:colcon.colcon_core.package_identification:_identify(src/crazyswarm2/ros_ws/src/crazyswarm) by extension 'cmake'
[0.402s] Level 1:colcon.colcon_core.package_identification:_identify(src/crazyswarm2/ros_ws/src/crazyswarm) by extension 'python'
[0.402s] Level 1:colcon.colcon_core.package_identification:_identify(src/crazyswarm2/ros_ws/src/crazyswarm) by extensions ['python_setup_py']
[0.402s] Level 1:colcon.colcon_core.package_identification:_identify(src/crazyswarm2/ros_ws/src/crazyswarm) by extension 'python_setup_py'
[0.402s] Level 1:colcon.colcon_core.package_identification:_identify(src/crazyswarm2/ros_ws/src/crazyswarm/launch) by extensions ['ignore', 'ignore_ament_install']
[0.402s] Level 1:colcon.colcon_core.package_identification:_identify(src/crazyswarm2/ros_ws/src/crazyswarm/launch) by extension 'ignore'
[0.402s] Level 1:colcon.colcon_core.package_identification:_identify(src/crazyswarm2/ros_ws/src/crazyswarm/launch) by extension 'ignore_ament_install'
[0.403s] Level 1:colcon.colcon_core.package_identification:_identify(src/crazyswarm2/ros_ws/src/crazyswarm/launch) by extensions ['colcon_pkg']
[0.403s] Level 1:colcon.colcon_core.package_identification:_identify(src/crazyswarm2/ros_ws/src/crazyswarm/launch) by extension 'colcon_pkg'
[0.403s] Level 1:colcon.colcon_core.package_identification:_identify(src/crazyswarm2/ros_ws/src/crazyswarm/launch) by extensions ['colcon_meta']
[0.403s] Level 1:colcon.colcon_core.package_identification:_identify(src/crazyswarm2/ros_ws/src/crazyswarm/launch) by extension 'colcon_meta'
[0.403s] Level 1:colcon.colcon_core.package_identification:_identify(src/crazyswarm2/ros_ws/src/crazyswarm/launch) by extensions ['ros']
[0.403s] Level 1:colcon.colcon_core.package_identification:_identify(src/crazyswarm2/ros_ws/src/crazyswarm/launch) by extension 'ros'
[0.403s] Level 1:colcon.colcon_core.package_identification:_identify(src/crazyswarm2/ros_ws/src/crazyswarm/launch) by extensions ['cmake', 'python']
[0.403s] Level 1:colcon.colcon_core.package_identification:_identify(src/crazyswarm2/ros_ws/src/crazyswarm/launch) by extension 'cmake'
[0.403s] Level 1:colcon.colcon_core.package_identification:_identify(src/crazyswarm2/ros_ws/src/crazyswarm/launch) by extension 'python'
[0.403s] Level 1:colcon.colcon_core.package_identification:_identify(src/crazyswarm2/ros_ws/src/crazyswarm/launch) by extensions ['python_setup_py']
[0.403s] Level 1:colcon.colcon_core.package_identification:_identify(src/crazyswarm2/ros_ws/src/crazyswarm/launch) by extension 'python_setup_py'
[0.403s] Level 1:colcon.colcon_core.package_identification:_identify(src/crazyswarm2/ros_ws/src/crazyswarm/scripts) by extensions ['ignore', 'ignore_ament_install']
[0.403s] Level 1:colcon.colcon_core.package_identification:_identify(src/crazyswarm2/ros_ws/src/crazyswarm/scripts) by extension 'ignore'
[0.403s] Level 1:colcon.colcon_core.package_identification:_identify(src/crazyswarm2/ros_ws/src/crazyswarm/scripts) by extension 'ignore_ament_install'
[0.403s] Level 1:colcon.colcon_core.package_identification:_identify(src/crazyswarm2/ros_ws/src/crazyswarm/scripts) by extensions ['colcon_pkg']
[0.403s] Level 1:colcon.colcon_core.package_identification:_identify(src/crazyswarm2/ros_ws/src/crazyswarm/scripts) by extension 'colcon_pkg'
[0.403s] Level 1:colcon.colcon_core.package_identification:_identify(src/crazyswarm2/ros_ws/src/crazyswarm/scripts) by extensions ['colcon_meta']
[0.403s] Level 1:colcon.colcon_core.package_identification:_identify(src/crazyswarm2/ros_ws/src/crazyswarm/scripts) by extension 'colcon_meta'
[0.403s] Level 1:colcon.colcon_core.package_identification:_identify(src/crazyswarm2/ros_ws/src/crazyswarm/scripts) by extensions ['ros']
[0.404s] Level 1:colcon.colcon_core.package_identification:_identify(src/crazyswarm2/ros_ws/src/crazyswarm/scripts) by extension 'ros'
[0.404s] Level 1:colcon.colcon_core.package_identification:_identify(src/crazyswarm2/ros_ws/src/crazyswarm/scripts) by extensions ['cmake', 'python']
[0.404s] Level 1:colcon.colcon_core.package_identification:_identify(src/crazyswarm2/ros_ws/src/crazyswarm/scripts) by extension 'cmake'
[0.404s] Level 1:colcon.colcon_core.package_identification:_identify(src/crazyswarm2/ros_ws/src/crazyswarm/scripts) by extension 'python'
[0.404s] Level 1:colcon.colcon_core.package_identification:_identify(src/crazyswarm2/ros_ws/src/crazyswarm/scripts) by extensions ['python_setup_py']
[0.404s] Level 1:colcon.colcon_core.package_identification:_identify(src/crazyswarm2/ros_ws/src/crazyswarm/scripts) by extension 'python_setup_py'
[0.404s] Level 1:colcon.colcon_core.package_identification:_identify(src/crazyswarm2/ros_ws/src/crazyswarm/scripts/crossing2_pps) by extensions ['ignore', 'ignore_ament_install']
[0.404s] Level 1:colcon.colcon_core.package_identification:_identify(src/crazyswarm2/ros_ws/src/crazyswarm/scripts/crossing2_pps) by extension 'ignore'
[0.404s] Level 1:colcon.colcon_core.package_identification:_identify(src/crazyswarm2/ros_ws/src/crazyswarm/scripts/crossing2_pps) by extension 'ignore_ament_install'
[0.404s] Level 1:colcon.colcon_core.package_identification:_identify(src/crazyswarm2/ros_ws/src/crazyswarm/scripts/crossing2_pps) by extensions ['colcon_pkg']
[0.404s] Level 1:colcon.colcon_core.package_identification:_identify(src/crazyswarm2/ros_ws/src/crazyswarm/scripts/crossing2_pps) by extension 'colcon_pkg'
[0.404s] Level 1:colcon.colcon_core.package_identification:_identify(src/crazyswarm2/ros_ws/src/crazyswarm/scripts/crossing2_pps) by extensions ['colcon_meta']
[0.404s] Level 1:colcon.colcon_core.package_identification:_identify(src/crazyswarm2/ros_ws/src/crazyswarm/scripts/crossing2_pps) by extension 'colcon_meta'
[0.404s] Level 1:colcon.colcon_core.package_identification:_identify(src/crazyswarm2/ros_ws/src/crazyswarm/scripts/crossing2_pps) by extensions ['ros']
[0.404s] Level 1:colcon.colcon_core.package_identification:_identify(src/crazyswarm2/ros_ws/src/crazyswarm/scripts/crossing2_pps) by extension 'ros'
[0.404s] Level 1:colcon.colcon_core.package_identification:_identify(src/crazyswarm2/ros_ws/src/crazyswarm/scripts/crossing2_pps) by extensions ['cmake', 'python']
[0.404s] Level 1:colcon.colcon_core.package_identification:_identify(src/crazyswarm2/ros_ws/src/crazyswarm/scripts/crossing2_pps) by extension 'cmake'
[0.404s] Level 1:colcon.colcon_core.package_identification:_identify(src/crazyswarm2/ros_ws/src/crazyswarm/scripts/crossing2_pps) by extension 'python'
[0.405s] Level 1:colcon.colcon_core.package_identification:_identify(src/crazyswarm2/ros_ws/src/crazyswarm/scripts/crossing2_pps) by extensions ['python_setup_py']
[0.405s] Level 1:colcon.colcon_core.package_identification:_identify(src/crazyswarm2/ros_ws/src/crazyswarm/scripts/crossing2_pps) by extension 'python_setup_py'
[0.405s] Level 1:colcon.colcon_core.package_identification:_identify(src/crazyswarm2/ros_ws/src/crazyswarm/scripts/crossing4_pps) by extensions ['ignore', 'ignore_ament_install']
[0.405s] Level 1:colcon.colcon_core.package_identification:_identify(src/crazyswarm2/ros_ws/src/crazyswarm/scripts/crossing4_pps) by extension 'ignore'
[0.405s] Level 1:colcon.colcon_core.package_identification:_identify(src/crazyswarm2/ros_ws/src/crazyswarm/scripts/crossing4_pps) by extension 'ignore_ament_install'
[0.405s] Level 1:colcon.colcon_core.package_identification:_identify(src/crazyswarm2/ros_ws/src/crazyswarm/scripts/crossing4_pps) by extensions ['colcon_pkg']
[0.405s] Level 1:colcon.colcon_core.package_identification:_identify(src/crazyswarm2/ros_ws/src/crazyswarm/scripts/crossing4_pps) by extension 'colcon_pkg'
[0.405s] Level 1:colcon.colcon_core.package_identification:_identify(src/crazyswarm2/ros_ws/src/crazyswarm/scripts/crossing4_pps) by extensions ['colcon_meta']
[0.405s] Level 1:colcon.colcon_core.package_identification:_identify(src/crazyswarm2/ros_ws/src/crazyswarm/scripts/crossing4_pps) by extension 'colcon_meta'
[0.405s] Level 1:colcon.colcon_core.package_identification:_identify(src/crazyswarm2/ros_ws/src/crazyswarm/scripts/crossing4_pps) by extensions ['ros']
[0.405s] Level 1:colcon.colcon_core.package_identification:_identify(src/crazyswarm2/ros_ws/src/crazyswarm/scripts/crossing4_pps) by extension 'ros'
[0.405s] Level 1:colcon.colcon_core.package_identification:_identify(src/crazyswarm2/ros_ws/src/crazyswarm/scripts/crossing4_pps) by extensions ['cmake', 'python']
[0.405s] Level 1:colcon.colcon_core.package_identification:_identify(src/crazyswarm2/ros_ws/src/crazyswarm/scripts/crossing4_pps) by extension 'cmake'
[0.405s] Level 1:colcon.colcon_core.package_identification:_identify(src/crazyswarm2/ros_ws/src/crazyswarm/scripts/crossing4_pps) by extension 'python'
[0.405s] Level 1:colcon.colcon_core.package_identification:_identify(src/crazyswarm2/ros_ws/src/crazyswarm/scripts/crossing4_pps) by extensions ['python_setup_py']
[0.405s] Level 1:colcon.colcon_core.package_identification:_identify(src/crazyswarm2/ros_ws/src/crazyswarm/scripts/crossing4_pps) by extension 'python_setup_py'
[0.405s] Level 1:colcon.colcon_core.package_identification:_identify(src/crazyswarm2/ros_ws/src/crazyswarm/scripts/sequence_trajectories) by extensions ['ignore', 'ignore_ament_install']
[0.406s] Level 1:colcon.colcon_core.package_identification:_identify(src/crazyswarm2/ros_ws/src/crazyswarm/scripts/sequence_trajectories) by extension 'ignore'
[0.406s] Level 1:colcon.colcon_core.package_identification:_identify(src/crazyswarm2/ros_ws/src/crazyswarm/scripts/sequence_trajectories) by extension 'ignore_ament_install'
[0.406s] Level 1:colcon.colcon_core.package_identification:_identify(src/crazyswarm2/ros_ws/src/crazyswarm/scripts/sequence_trajectories) by extensions ['colcon_pkg']
[0.406s] Level 1:colcon.colcon_core.package_identification:_identify(src/crazyswarm2/ros_ws/src/crazyswarm/scripts/sequence_trajectories) by extension 'colcon_pkg'
[0.406s] Level 1:colcon.colcon_core.package_identification:_identify(src/crazyswarm2/ros_ws/src/crazyswarm/scripts/sequence_trajectories) by extensions ['colcon_meta']
[0.406s] Level 1:colcon.colcon_core.package_identification:_identify(src/crazyswarm2/ros_ws/src/crazyswarm/scripts/sequence_trajectories) by extension 'colcon_meta'
[0.406s] Level 1:colcon.colcon_core.package_identification:_identify(src/crazyswarm2/ros_ws/src/crazyswarm/scripts/sequence_trajectories) by extensions ['ros']
[0.406s] Level 1:colcon.colcon_core.package_identification:_identify(src/crazyswarm2/ros_ws/src/crazyswarm/scripts/sequence_trajectories) by extension 'ros'
[0.406s] Level 1:colcon.colcon_core.package_identification:_identify(src/crazyswarm2/ros_ws/src/crazyswarm/scripts/sequence_trajectories) by extensions ['cmake', 'python']
[0.406s] Level 1:colcon.colcon_core.package_identification:_identify(src/crazyswarm2/ros_ws/src/crazyswarm/scripts/sequence_trajectories) by extension 'cmake'
[0.406s] Level 1:colcon.colcon_core.package_identification:_identify(src/crazyswarm2/ros_ws/src/crazyswarm/scripts/sequence_trajectories) by extension 'python'
[0.406s] Level 1:colcon.colcon_core.package_identification:_identify(src/crazyswarm2/ros_ws/src/crazyswarm/scripts/sequence_trajectories) by extensions ['python_setup_py']
[0.406s] Level 1:colcon.colcon_core.package_identification:_identify(src/crazyswarm2/ros_ws/src/crazyswarm/scripts/sequence_trajectories) by extension 'python_setup_py'
[0.406s] Level 1:colcon.colcon_core.package_identification:_identify(src/crazyswarm2/ros_ws/src/crazyswarm/scripts/sequence_trajectories/1) by extensions ['ignore', 'ignore_ament_install']
[0.406s] Level 1:colcon.colcon_core.package_identification:_identify(src/crazyswarm2/ros_ws/src/crazyswarm/scripts/sequence_trajectories/1) by extension 'ignore'
[0.406s] Level 1:colcon.colcon_core.package_identification:_identify(src/crazyswarm2/ros_ws/src/crazyswarm/scripts/sequence_trajectories/1) by extension 'ignore_ament_install'
[0.406s] Level 1:colcon.colcon_core.package_identification:_identify(src/crazyswarm2/ros_ws/src/crazyswarm/scripts/sequence_trajectories/1) by extensions ['colcon_pkg']
[0.406s] Level 1:colcon.colcon_core.package_identification:_identify(src/crazyswarm2/ros_ws/src/crazyswarm/scripts/sequence_trajectories/1) by extension 'colcon_pkg'
[0.407s] Level 1:colcon.colcon_core.package_identification:_identify(src/crazyswarm2/ros_ws/src/crazyswarm/scripts/sequence_trajectories/1) by extensions ['colcon_meta']
[0.407s] Level 1:colcon.colcon_core.package_identification:_identify(src/crazyswarm2/ros_ws/src/crazyswarm/scripts/sequence_trajectories/1) by extension 'colcon_meta'
[0.407s] Level 1:colcon.colcon_core.package_identification:_identify(src/crazyswarm2/ros_ws/src/crazyswarm/scripts/sequence_trajectories/1) by extensions ['ros']
[0.407s] Level 1:colcon.colcon_core.package_identification:_identify(src/crazyswarm2/ros_ws/src/crazyswarm/scripts/sequence_trajectories/1) by extension 'ros'
[0.407s] Level 1:colcon.colcon_core.package_identification:_identify(src/crazyswarm2/ros_ws/src/crazyswarm/scripts/sequence_trajectories/1) by extensions ['cmake', 'python']
[0.407s] Level 1:colcon.colcon_core.package_identification:_identify(src/crazyswarm2/ros_ws/src/crazyswarm/scripts/sequence_trajectories/1) by extension 'cmake'
[0.407s] Level 1:colcon.colcon_core.package_identification:_identify(src/crazyswarm2/ros_ws/src/crazyswarm/scripts/sequence_trajectories/1) by extension 'python'
[0.407s] Level 1:colcon.colcon_core.package_identification:_identify(src/crazyswarm2/ros_ws/src/crazyswarm/scripts/sequence_trajectories/1) by extensions ['python_setup_py']
[0.407s] Level 1:colcon.colcon_core.package_identification:_identify(src/crazyswarm2/ros_ws/src/crazyswarm/scripts/sequence_trajectories/1) by extension 'python_setup_py'
[0.407s] Level 1:colcon.colcon_core.package_identification:_identify(src/crazyswarm2/ros_ws/src/crazyswarm/scripts/sequence_trajectories/2) by extensions ['ignore', 'ignore_ament_install']
[0.407s] Level 1:colcon.colcon_core.package_identification:_identify(src/crazyswarm2/ros_ws/src/crazyswarm/scripts/sequence_trajectories/2) by extension 'ignore'
[0.407s] Level 1:colcon.colcon_core.package_identification:_identify(src/crazyswarm2/ros_ws/src/crazyswarm/scripts/sequence_trajectories/2) by extension 'ignore_ament_install'
[0.407s] Level 1:colcon.colcon_core.package_identification:_identify(src/crazyswarm2/ros_ws/src/crazyswarm/scripts/sequence_trajectories/2) by extensions ['colcon_pkg']
[0.407s] Level 1:colcon.colcon_core.package_identification:_identify(src/crazyswarm2/ros_ws/src/crazyswarm/scripts/sequence_trajectories/2) by extension 'colcon_pkg'
[0.407s] Level 1:colcon.colcon_core.package_identification:_identify(src/crazyswarm2/ros_ws/src/crazyswarm/scripts/sequence_trajectories/2) by extensions ['colcon_meta']
[0.407s] Level 1:colcon.colcon_core.package_identification:_identify(src/crazyswarm2/ros_ws/src/crazyswarm/scripts/sequence_trajectories/2) by extension 'colcon_meta'
[0.407s] Level 1:colcon.colcon_core.package_identification:_identify(src/crazyswarm2/ros_ws/src/crazyswarm/scripts/sequence_trajectories/2) by extensions ['ros']
[0.407s] Level 1:colcon.colcon_core.package_identification:_identify(src/crazyswarm2/ros_ws/src/crazyswarm/scripts/sequence_trajectories/2) by extension 'ros'
[0.408s] Level 1:colcon.colcon_core.package_identification:_identify(src/crazyswarm2/ros_ws/src/crazyswarm/scripts/sequence_trajectories/2) by extensions ['cmake', 'python']
[0.408s] Level 1:colcon.colcon_core.package_identification:_identify(src/crazyswarm2/ros_ws/src/crazyswarm/scripts/sequence_trajectories/2) by extension 'cmake'
[0.408s] Level 1:colcon.colcon_core.package_identification:_identify(src/crazyswarm2/ros_ws/src/crazyswarm/scripts/sequence_trajectories/2) by extension 'python'
[0.408s] Level 1:colcon.colcon_core.package_identification:_identify(src/crazyswarm2/ros_ws/src/crazyswarm/scripts/sequence_trajectories/2) by extensions ['python_setup_py']
[0.408s] Level 1:colcon.colcon_core.package_identification:_identify(src/crazyswarm2/ros_ws/src/crazyswarm/scripts/sequence_trajectories/2) by extension 'python_setup_py'
[0.408s] Level 1:colcon.colcon_core.package_identification:_identify(src/crazyswarm2/ros_ws/src/crazyswarm/scripts/sequence_trajectories/3) by extensions ['ignore', 'ignore_ament_install']
[0.408s] Level 1:colcon.colcon_core.package_identification:_identify(src/crazyswarm2/ros_ws/src/crazyswarm/scripts/sequence_trajectories/3) by extension 'ignore'
[0.408s] Level 1:colcon.colcon_core.package_identification:_identify(src/crazyswarm2/ros_ws/src/crazyswarm/scripts/sequence_trajectories/3) by extension 'ignore_ament_install'
[0.408s] Level 1:colcon.colcon_core.package_identification:_identify(src/crazyswarm2/ros_ws/src/crazyswarm/scripts/sequence_trajectories/3) by extensions ['colcon_pkg']
[0.408s] Level 1:colcon.colcon_core.package_identification:_identify(src/crazyswarm2/ros_ws/src/crazyswarm/scripts/sequence_trajectories/3) by extension 'colcon_pkg'
[0.408s] Level 1:colcon.colcon_core.package_identification:_identify(src/crazyswarm2/ros_ws/src/crazyswarm/scripts/sequence_trajectories/3) by extensions ['colcon_meta']
[0.408s] Level 1:colcon.colcon_core.package_identification:_identify(src/crazyswarm2/ros_ws/src/crazyswarm/scripts/sequence_trajectories/3) by extension 'colcon_meta'
[0.408s] Level 1:colcon.colcon_core.package_identification:_identify(src/crazyswarm2/ros_ws/src/crazyswarm/scripts/sequence_trajectories/3) by extensions ['ros']
[0.408s] Level 1:colcon.colcon_core.package_identification:_identify(src/crazyswarm2/ros_ws/src/crazyswarm/scripts/sequence_trajectories/3) by extension 'ros'
[0.408s] Level 1:colcon.colcon_core.package_identification:_identify(src/crazyswarm2/ros_ws/src/crazyswarm/scripts/sequence_trajectories/3) by extensions ['cmake', 'python']
[0.408s] Level 1:colcon.colcon_core.package_identification:_identify(src/crazyswarm2/ros_ws/src/crazyswarm/scripts/sequence_trajectories/3) by extension 'cmake'
[0.408s] Level 1:colcon.colcon_core.package_identification:_identify(src/crazyswarm2/ros_ws/src/crazyswarm/scripts/sequence_trajectories/3) by extension 'python'
[0.408s] Level 1:colcon.colcon_core.package_identification:_identify(src/crazyswarm2/ros_ws/src/crazyswarm/scripts/sequence_trajectories/3) by extensions ['python_setup_py']
[0.408s] Level 1:colcon.colcon_core.package_identification:_identify(src/crazyswarm2/ros_ws/src/crazyswarm/scripts/sequence_trajectories/3) by extension 'python_setup_py'
[0.409s] Level 1:colcon.colcon_core.package_identification:_identify(src/crazyswarm2/ros_ws/src/crazyswarm/scripts/sequence_trajectories/4) by extensions ['ignore', 'ignore_ament_install']
[0.409s] Level 1:colcon.colcon_core.package_identification:_identify(src/crazyswarm2/ros_ws/src/crazyswarm/scripts/sequence_trajectories/4) by extension 'ignore'
[0.409s] Level 1:colcon.colcon_core.package_identification:_identify(src/crazyswarm2/ros_ws/src/crazyswarm/scripts/sequence_trajectories/4) by extension 'ignore_ament_install'
[0.409s] Level 1:colcon.colcon_core.package_identification:_identify(src/crazyswarm2/ros_ws/src/crazyswarm/scripts/sequence_trajectories/4) by extensions ['colcon_pkg']
[0.409s] Level 1:colcon.colcon_core.package_identification:_identify(src/crazyswarm2/ros_ws/src/crazyswarm/scripts/sequence_trajectories/4) by extension 'colcon_pkg'
[0.409s] Level 1:colcon.colcon_core.package_identification:_identify(src/crazyswarm2/ros_ws/src/crazyswarm/scripts/sequence_trajectories/4) by extensions ['colcon_meta']
[0.409s] Level 1:colcon.colcon_core.package_identification:_identify(src/crazyswarm2/ros_ws/src/crazyswarm/scripts/sequence_trajectories/4) by extension 'colcon_meta'
[0.409s] Level 1:colcon.colcon_core.package_identification:_identify(src/crazyswarm2/ros_ws/src/crazyswarm/scripts/sequence_trajectories/4) by extensions ['ros']
[0.409s] Level 1:colcon.colcon_core.package_identification:_identify(src/crazyswarm2/ros_ws/src/crazyswarm/scripts/sequence_trajectories/4) by extension 'ros'
[0.409s] Level 1:colcon.colcon_core.package_identification:_identify(src/crazyswarm2/ros_ws/src/crazyswarm/scripts/sequence_trajectories/4) by extensions ['cmake', 'python']
[0.409s] Level 1:colcon.colcon_core.package_identification:_identify(src/crazyswarm2/ros_ws/src/crazyswarm/scripts/sequence_trajectories/4) by extension 'cmake'
[0.409s] Level 1:colcon.colcon_core.package_identification:_identify(src/crazyswarm2/ros_ws/src/crazyswarm/scripts/sequence_trajectories/4) by extension 'python'
[0.409s] Level 1:colcon.colcon_core.package_identification:_identify(src/crazyswarm2/ros_ws/src/crazyswarm/scripts/sequence_trajectories/4) by extensions ['python_setup_py']
[0.409s] Level 1:colcon.colcon_core.package_identification:_identify(src/crazyswarm2/ros_ws/src/crazyswarm/scripts/sequence_trajectories/4) by extension 'python_setup_py'
[0.410s] Level 1:colcon.colcon_core.package_identification:_identify(src/crazyswarm2/ros_ws/src/crazyswarm/scripts/sequence_trajectories/5) by extensions ['ignore', 'ignore_ament_install']
[0.410s] Level 1:colcon.colcon_core.package_identification:_identify(src/crazyswarm2/ros_ws/src/crazyswarm/scripts/sequence_trajectories/5) by extension 'ignore'
[0.410s] Level 1:colcon.colcon_core.package_identification:_identify(src/crazyswarm2/ros_ws/src/crazyswarm/scripts/sequence_trajectories/5) by extension 'ignore_ament_install'
[0.410s] Level 1:colcon.colcon_core.package_identification:_identify(src/crazyswarm2/ros_ws/src/crazyswarm/scripts/sequence_trajectories/5) by extensions ['colcon_pkg']
[0.410s] Level 1:colcon.colcon_core.package_identification:_identify(src/crazyswarm2/ros_ws/src/crazyswarm/scripts/sequence_trajectories/5) by extension 'colcon_pkg'
[0.410s] Level 1:colcon.colcon_core.package_identification:_identify(src/crazyswarm2/ros_ws/src/crazyswarm/scripts/sequence_trajectories/5) by extensions ['colcon_meta']
[0.410s] Level 1:colcon.colcon_core.package_identification:_identify(src/crazyswarm2/ros_ws/src/crazyswarm/scripts/sequence_trajectories/5) by extension 'colcon_meta'
[0.410s] Level 1:colcon.colcon_core.package_identification:_identify(src/crazyswarm2/ros_ws/src/crazyswarm/scripts/sequence_trajectories/5) by extensions ['ros']
[0.410s] Level 1:colcon.colcon_core.package_identification:_identify(src/crazyswarm2/ros_ws/src/crazyswarm/scripts/sequence_trajectories/5) by extension 'ros'
[0.410s] Level 1:colcon.colcon_core.package_identification:_identify(src/crazyswarm2/ros_ws/src/crazyswarm/scripts/sequence_trajectories/5) by extensions ['cmake', 'python']
[0.410s] Level 1:colcon.colcon_core.package_identification:_identify(src/crazyswarm2/ros_ws/src/crazyswarm/scripts/sequence_trajectories/5) by extension 'cmake'
[0.410s] Level 1:colcon.colcon_core.package_identification:_identify(src/crazyswarm2/ros_ws/src/crazyswarm/scripts/sequence_trajectories/5) by extension 'python'
[0.410s] Level 1:colcon.colcon_core.package_identification:_identify(src/crazyswarm2/ros_ws/src/crazyswarm/scripts/sequence_trajectories/5) by extensions ['python_setup_py']
[0.410s] Level 1:colcon.colcon_core.package_identification:_identify(src/crazyswarm2/ros_ws/src/crazyswarm/scripts/sequence_trajectories/5) by extension 'python_setup_py'
[0.410s] Level 1:colcon.colcon_core.package_identification:_identify(src/crazyswarm2/ros_ws/src/crazyswarm/scripts/sequence_trajectories/6) by extensions ['ignore', 'ignore_ament_install']
[0.410s] Level 1:colcon.colcon_core.package_identification:_identify(src/crazyswarm2/ros_ws/src/crazyswarm/scripts/sequence_trajectories/6) by extension 'ignore'
[0.411s] Level 1:colcon.colcon_core.package_identification:_identify(src/crazyswarm2/ros_ws/src/crazyswarm/scripts/sequence_trajectories/6) by extension 'ignore_ament_install'
[0.411s] Level 1:colcon.colcon_core.package_identification:_identify(src/crazyswarm2/ros_ws/src/crazyswarm/scripts/sequence_trajectories/6) by extensions ['colcon_pkg']
[0.411s] Level 1:colcon.colcon_core.package_identification:_identify(src/crazyswarm2/ros_ws/src/crazyswarm/scripts/sequence_trajectories/6) by extension 'colcon_pkg'
[0.411s] Level 1:colcon.colcon_core.package_identification:_identify(src/crazyswarm2/ros_ws/src/crazyswarm/scripts/sequence_trajectories/6) by extensions ['colcon_meta']
[0.411s] Level 1:colcon.colcon_core.package_identification:_identify(src/crazyswarm2/ros_ws/src/crazyswarm/scripts/sequence_trajectories/6) by extension 'colcon_meta'
[0.411s] Level 1:colcon.colcon_core.package_identification:_identify(src/crazyswarm2/ros_ws/src/crazyswarm/scripts/sequence_trajectories/6) by extensions ['ros']
[0.411s] Level 1:colcon.colcon_core.package_identification:_identify(src/crazyswarm2/ros_ws/src/crazyswarm/scripts/sequence_trajectories/6) by extension 'ros'
[0.411s] Level 1:colcon.colcon_core.package_identification:_identify(src/crazyswarm2/ros_ws/src/crazyswarm/scripts/sequence_trajectories/6) by extensions ['cmake', 'python']
[0.411s] Level 1:colcon.colcon_core.package_identification:_identify(src/crazyswarm2/ros_ws/src/crazyswarm/scripts/sequence_trajectories/6) by extension 'cmake'
[0.411s] Level 1:colcon.colcon_core.package_identification:_identify(src/crazyswarm2/ros_ws/src/crazyswarm/scripts/sequence_trajectories/6) by extension 'python'
[0.411s] Level 1:colcon.colcon_core.package_identification:_identify(src/crazyswarm2/ros_ws/src/crazyswarm/scripts/sequence_trajectories/6) by extensions ['python_setup_py']
[0.411s] Level 1:colcon.colcon_core.package_identification:_identify(src/crazyswarm2/ros_ws/src/crazyswarm/scripts/sequence_trajectories/6) by extension 'python_setup_py'
[0.411s] Level 1:colcon.colcon_core.package_identification:_identify(src/crazyswarm2/ros_ws/src/crazyswarm/scripts/sequence_trajectories/7) by extensions ['ignore', 'ignore_ament_install']
[0.411s] Level 1:colcon.colcon_core.package_identification:_identify(src/crazyswarm2/ros_ws/src/crazyswarm/scripts/sequence_trajectories/7) by extension 'ignore'
[0.411s] Level 1:colcon.colcon_core.package_identification:_identify(src/crazyswarm2/ros_ws/src/crazyswarm/scripts/sequence_trajectories/7) by extension 'ignore_ament_install'
[0.411s] Level 1:colcon.colcon_core.package_identification:_identify(src/crazyswarm2/ros_ws/src/crazyswarm/scripts/sequence_trajectories/7) by extensions ['colcon_pkg']
[0.411s] Level 1:colcon.colcon_core.package_identification:_identify(src/crazyswarm2/ros_ws/src/crazyswarm/scripts/sequence_trajectories/7) by extension 'colcon_pkg'
[0.411s] Level 1:colcon.colcon_core.package_identification:_identify(src/crazyswarm2/ros_ws/src/crazyswarm/scripts/sequence_trajectories/7) by extensions ['colcon_meta']
[0.411s] Level 1:colcon.colcon_core.package_identification:_identify(src/crazyswarm2/ros_ws/src/crazyswarm/scripts/sequence_trajectories/7) by extension 'colcon_meta'
[0.412s] Level 1:colcon.colcon_core.package_identification:_identify(src/crazyswarm2/ros_ws/src/crazyswarm/scripts/sequence_trajectories/7) by extensions ['ros']
[0.412s] Level 1:colcon.colcon_core.package_identification:_identify(src/crazyswarm2/ros_ws/src/crazyswarm/scripts/sequence_trajectories/7) by extension 'ros'
[0.412s] Level 1:colcon.colcon_core.package_identification:_identify(src/crazyswarm2/ros_ws/src/crazyswarm/scripts/sequence_trajectories/7) by extensions ['cmake', 'python']
[0.412s] Level 1:colcon.colcon_core.package_identification:_identify(src/crazyswarm2/ros_ws/src/crazyswarm/scripts/sequence_trajectories/7) by extension 'cmake'
[0.412s] Level 1:colcon.colcon_core.package_identification:_identify(src/crazyswarm2/ros_ws/src/crazyswarm/scripts/sequence_trajectories/7) by extension 'python'
[0.412s] Level 1:colcon.colcon_core.package_identification:_identify(src/crazyswarm2/ros_ws/src/crazyswarm/scripts/sequence_trajectories/7) by extensions ['python_setup_py']
[0.412s] Level 1:colcon.colcon_core.package_identification:_identify(src/crazyswarm2/ros_ws/src/crazyswarm/scripts/sequence_trajectories/7) by extension 'python_setup_py'
[0.412s] Level 1:colcon.colcon_core.package_identification:_identify(src/crazyswarm2/ros_ws/src/crazyswarm/scripts/swap6v_pps) by extensions ['ignore', 'ignore_ament_install']
[0.412s] Level 1:colcon.colcon_core.package_identification:_identify(src/crazyswarm2/ros_ws/src/crazyswarm/scripts/swap6v_pps) by extension 'ignore'
[0.412s] Level 1:colcon.colcon_core.package_identification:_identify(src/crazyswarm2/ros_ws/src/crazyswarm/scripts/swap6v_pps) by extension 'ignore_ament_install'
[0.412s] Level 1:colcon.colcon_core.package_identification:_identify(src/crazyswarm2/ros_ws/src/crazyswarm/scripts/swap6v_pps) by extensions ['colcon_pkg']
[0.412s] Level 1:colcon.colcon_core.package_identification:_identify(src/crazyswarm2/ros_ws/src/crazyswarm/scripts/swap6v_pps) by extension 'colcon_pkg'
[0.412s] Level 1:colcon.colcon_core.package_identification:_identify(src/crazyswarm2/ros_ws/src/crazyswarm/scripts/swap6v_pps) by extensions ['colcon_meta']
[0.412s] Level 1:colcon.colcon_core.package_identification:_identify(src/crazyswarm2/ros_ws/src/crazyswarm/scripts/swap6v_pps) by extension 'colcon_meta'
[0.412s] Level 1:colcon.colcon_core.package_identification:_identify(src/crazyswarm2/ros_ws/src/crazyswarm/scripts/swap6v_pps) by extensions ['ros']
[0.412s] Level 1:colcon.colcon_core.package_identification:_identify(src/crazyswarm2/ros_ws/src/crazyswarm/scripts/swap6v_pps) by extension 'ros'
[0.412s] Level 1:colcon.colcon_core.package_identification:_identify(src/crazyswarm2/ros_ws/src/crazyswarm/scripts/swap6v_pps) by extensions ['cmake', 'python']
[0.412s] Level 1:colcon.colcon_core.package_identification:_identify(src/crazyswarm2/ros_ws/src/crazyswarm/scripts/swap6v_pps) by extension 'cmake'
[0.413s] Level 1:colcon.colcon_core.package_identification:_identify(src/crazyswarm2/ros_ws/src/crazyswarm/scripts/swap6v_pps) by extension 'python'
[0.413s] Level 1:colcon.colcon_core.package_identification:_identify(src/crazyswarm2/ros_ws/src/crazyswarm/scripts/swap6v_pps) by extensions ['python_setup_py']
[0.413s] Level 1:colcon.colcon_core.package_identification:_identify(src/crazyswarm2/ros_ws/src/crazyswarm/scripts/swap6v_pps) by extension 'python_setup_py'
[0.413s] Level 1:colcon.colcon_core.package_identification:_identify(src/crazyswarm2/systemtests) by extensions ['ignore', 'ignore_ament_install']
[0.413s] Level 1:colcon.colcon_core.package_identification:_identify(src/crazyswarm2/systemtests) by extension 'ignore'
[0.413s] Level 1:colcon.colcon_core.package_identification:_identify(src/crazyswarm2/systemtests) by extension 'ignore_ament_install'
[0.413s] Level 1:colcon.colcon_core.package_identification:_identify(src/crazyswarm2/systemtests) by extensions ['colcon_pkg']
[0.413s] Level 1:colcon.colcon_core.package_identification:_identify(src/crazyswarm2/systemtests) by extension 'colcon_pkg'
[0.413s] Level 1:colcon.colcon_core.package_identification:_identify(src/crazyswarm2/systemtests) by extensions ['colcon_meta']
[0.413s] Level 1:colcon.colcon_core.package_identification:_identify(src/crazyswarm2/systemtests) by extension 'colcon_meta'
[0.413s] Level 1:colcon.colcon_core.package_identification:_identify(src/crazyswarm2/systemtests) by extensions ['ros']
[0.413s] Level 1:colcon.colcon_core.package_identification:_identify(src/crazyswarm2/systemtests) by extension 'ros'
[0.413s] Level 1:colcon.colcon_core.package_identification:_identify(src/crazyswarm2/systemtests) by extensions ['cmake', 'python']
[0.413s] Level 1:colcon.colcon_core.package_identification:_identify(src/crazyswarm2/systemtests) by extension 'cmake'
[0.413s] Level 1:colcon.colcon_core.package_identification:_identify(src/crazyswarm2/systemtests) by extension 'python'
[0.413s] Level 1:colcon.colcon_core.package_identification:_identify(src/crazyswarm2/systemtests) by extensions ['python_setup_py']
[0.413s] Level 1:colcon.colcon_core.package_identification:_identify(src/crazyswarm2/systemtests) by extension 'python_setup_py'
[0.413s] Level 1:colcon.colcon_core.package_identification:_identify(src/crazyswarm2/systemtests/SDplotting) by extensions ['ignore', 'ignore_ament_install']
[0.414s] Level 1:colcon.colcon_core.package_identification:_identify(src/crazyswarm2/systemtests/SDplotting) by extension 'ignore'
[0.414s] Level 1:colcon.colcon_core.package_identification:_identify(src/crazyswarm2/systemtests/SDplotting) by extension 'ignore_ament_install'
[0.414s] Level 1:colcon.colcon_core.package_identification:_identify(src/crazyswarm2/systemtests/SDplotting) by extensions ['colcon_pkg']
[0.414s] Level 1:colcon.colcon_core.package_identification:_identify(src/crazyswarm2/systemtests/SDplotting) by extension 'colcon_pkg'
[0.414s] Level 1:colcon.colcon_core.package_identification:_identify(src/crazyswarm2/systemtests/SDplotting) by extensions ['colcon_meta']
[0.414s] Level 1:colcon.colcon_core.package_identification:_identify(src/crazyswarm2/systemtests/SDplotting) by extension 'colcon_meta'
[0.414s] Level 1:colcon.colcon_core.package_identification:_identify(src/crazyswarm2/systemtests/SDplotting) by extensions ['ros']
[0.414s] Level 1:colcon.colcon_core.package_identification:_identify(src/crazyswarm2/systemtests/SDplotting) by extension 'ros'
[0.414s] Level 1:colcon.colcon_core.package_identification:_identify(src/crazyswarm2/systemtests/SDplotting) by extensions ['cmake', 'python']
[0.414s] Level 1:colcon.colcon_core.package_identification:_identify(src/crazyswarm2/systemtests/SDplotting) by extension 'cmake'
[0.414s] Level 1:colcon.colcon_core.package_identification:_identify(src/crazyswarm2/systemtests/SDplotting) by extension 'python'
[0.414s] Level 1:colcon.colcon_core.package_identification:_identify(src/crazyswarm2/systemtests/SDplotting) by extensions ['python_setup_py']
[0.414s] Level 1:colcon.colcon_core.package_identification:_identify(src/crazyswarm2/systemtests/SDplotting) by extension 'python_setup_py'
[0.414s] Level 1:colcon.colcon_core.package_identification:_identify(src/swarm_guidance) by extensions ['ignore', 'ignore_ament_install']
[0.414s] Level 1:colcon.colcon_core.package_identification:_identify(src/swarm_guidance) by extension 'ignore'
[0.414s] Level 1:colcon.colcon_core.package_identification:_identify(src/swarm_guidance) by extension 'ignore_ament_install'
[0.414s] Level 1:colcon.colcon_core.package_identification:_identify(src/swarm_guidance) by extensions ['colcon_pkg']
[0.414s] Level 1:colcon.colcon_core.package_identification:_identify(src/swarm_guidance) by extension 'colcon_pkg'
[0.414s] Level 1:colcon.colcon_core.package_identification:_identify(src/swarm_guidance) by extensions ['colcon_meta']
[0.414s] Level 1:colcon.colcon_core.package_identification:_identify(src/swarm_guidance) by extension 'colcon_meta'
[0.415s] Level 1:colcon.colcon_core.package_identification:_identify(src/swarm_guidance) by extensions ['ros']
[0.415s] Level 1:colcon.colcon_core.package_identification:_identify(src/swarm_guidance) by extension 'ros'
[0.415s] DEBUG:colcon.colcon_core.package_identification:Package 'src/swarm_guidance' with type 'ros.ament_python' and name 'swarm_guidance'
[0.416s] Level 1:colcon.colcon_core.package_identification:_identify(src/swarm_navigation) by extensions ['ignore', 'ignore_ament_install']
[0.416s] Level 1:colcon.colcon_core.package_identification:_identify(src/swarm_navigation) by extension 'ignore'
[0.416s] Level 1:colcon.colcon_core.package_identification:_identify(src/swarm_navigation) by extension 'ignore_ament_install'
[0.416s] Level 1:colcon.colcon_core.package_identification:_identify(src/swarm_navigation) by extensions ['colcon_pkg']
[0.416s] Level 1:colcon.colcon_core.package_identification:_identify(src/swarm_navigation) by extension 'colcon_pkg'
[0.416s] Level 1:colcon.colcon_core.package_identification:_identify(src/swarm_navigation) by extensions ['colcon_meta']
[0.416s] Level 1:colcon.colcon_core.package_identification:_identify(src/swarm_navigation) by extension 'colcon_meta'
[0.416s] Level 1:colcon.colcon_core.package_identification:_identify(src/swarm_navigation) by extensions ['ros']
[0.416s] Level 1:colcon.colcon_core.package_identification:_identify(src/swarm_navigation) by extension 'ros'
[0.417s] DEBUG:colcon.colcon_core.package_identification:Package 'src/swarm_navigation' with type 'ros.ament_python' and name 'swarm_navigation'
[0.417s] Level 1:colcon.colcon_core.package_discovery:discover_packages(recursive) using defaults
[0.417s] Level 1:colcon.colcon_core.package_discovery:discover_packages(ignore) discover
[0.417s] Level 1:colcon.colcon_core.package_discovery:discover_packages(ignore) using defaults
[0.417s] Level 1:colcon.colcon_core.package_discovery:discover_packages(path) discover
[0.417s] Level 1:colcon.colcon_core.package_discovery:discover_packages(path) using defaults
[0.439s] INFO:colcon.colcon_metadata.metadata.colcon_pkg:Updating descriptor of package 'src/crazyswarm2/crazyflie_py' from colcon.pkg: {'python-testing': 'pytest'}
[0.442s] Level 1:colcon.colcon_core.package_discovery:discover_packages(prefix_path) check parameters
[0.443s] Level 1:colcon.colcon_core.package_discovery:discover_packages(prefix_path) discover
[0.445s] DEBUG:colcon.colcon_installed_package_information.package_discovery:Found 8 installed packages in /home/gowtham/crazyflie_ws/install
[0.446s] DEBUG:colcon.colcon_installed_package_information.package_discovery:Found 8 installed packages in /home/gowtham/swarm_ws/install
[0.448s] DEBUG:colcon.colcon_installed_package_information.package_discovery:Found 278 installed packages in /opt/ros/humble
[0.450s] Level 1:colcon.colcon_core.package_discovery:discover_packages(prefix_path) using defaults
[0.494s] Level 5:colcon.colcon_core.verb:set package 'central_swarm_control' build argument 'cmake_args' from command line to 'None'
[0.494s] Level 5:colcon.colcon_core.verb:set package 'central_swarm_control' build argument 'cmake_target' from command line to 'None'
[0.494s] Level 5:colcon.colcon_core.verb:set package 'central_swarm_control' build argument 'cmake_target_skip_unavailable' from command line to 'False'
[0.494s] Level 5:colcon.colcon_core.verb:set package 'central_swarm_control' build argument 'cmake_clean_cache' from command line to 'False'
[0.494s] Level 5:colcon.colcon_core.verb:set package 'central_swarm_control' build argument 'cmake_clean_first' from command line to 'False'
[0.494s] Level 5:colcon.colcon_core.verb:set package 'central_swarm_control' build argument 'cmake_force_configure' from command line to 'False'
[0.494s] Level 5:colcon.colcon_core.verb:set package 'central_swarm_control' build argument 'ament_cmake_args' from command line to 'None'
[0.494s] Level 5:colcon.colcon_core.verb:set package 'central_swarm_control' build argument 'catkin_cmake_args' from command line to 'None'
[0.494s] Level 5:colcon.colcon_core.verb:set package 'central_swarm_control' build argument 'catkin_skip_building_tests' from command line to 'False'
[0.494s] DEBUG:colcon.colcon_core.verb:Building package 'central_swarm_control' with the following arguments: {'ament_cmake_args': None, 'build_base': '/home/gowtham/crazyflie_ws/build/central_swarm_control', 'catkin_cmake_args': None, 'catkin_skip_building_tests': False, 'cmake_args': None, 'cmake_clean_cache': False, 'cmake_clean_first': False, 'cmake_force_configure': False, 'cmake_target': None, 'cmake_target_skip_unavailable': False, 'install_base': '/home/gowtham/crazyflie_ws/install/central_swarm_control', 'merge_install': False, 'path': '/home/gowtham/crazyflie_ws/src/central_swarm_control', 'symlink_install': False, 'test_result_base': None}
[0.495s] Level 5:colcon.colcon_core.verb:set package 'crazyflie_interfaces' build argument 'cmake_args' from command line to 'None'
[0.495s] Level 5:colcon.colcon_core.verb:set package 'crazyflie_interfaces' build argument 'cmake_target' from command line to 'None'
[0.495s] Level 5:colcon.colcon_core.verb:set package 'crazyflie_interfaces' build argument 'cmake_target_skip_unavailable' from command line to 'False'
[0.495s] Level 5:colcon.colcon_core.verb:set package 'crazyflie_interfaces' build argument 'cmake_clean_cache' from command line to 'False'
[0.495s] Level 5:colcon.colcon_core.verb:set package 'crazyflie_interfaces' build argument 'cmake_clean_first' from command line to 'False'
[0.495s] Level 5:colcon.colcon_core.verb:set package 'crazyflie_interfaces' build argument 'cmake_force_configure' from command line to 'False'
[0.495s] Level 5:colcon.colcon_core.verb:set package 'crazyflie_interfaces' build argument 'ament_cmake_args' from command line to 'None'
[0.495s] Level 5:colcon.colcon_core.verb:set package 'crazyflie_interfaces' build argument 'catkin_cmake_args' from command line to 'None'
[0.495s] Level 5:colcon.colcon_core.verb:set package 'crazyflie_interfaces' build argument 'catkin_skip_building_tests' from command line to 'False'
[0.495s] DEBUG:colcon.colcon_core.verb:Building package 'crazyflie_interfaces' with the following arguments: {'ament_cmake_args': None, 'build_base': '/home/gowtham/crazyflie_ws/build/crazyflie_interfaces', 'catkin_cmake_args': None, 'catkin_skip_building_tests': False, 'cmake_args': None, 'cmake_clean_cache': False, 'cmake_clean_first': False, 'cmake_force_configure': False, 'cmake_target': None, 'cmake_target_skip_unavailable': False, 'install_base': '/home/gowtham/crazyflie_ws/install/crazyflie_interfaces', 'merge_install': False, 'path': '/home/gowtham/crazyflie_ws/src/crazyswarm2/crazyflie_interfaces', 'symlink_install': False, 'test_result_base': None}
[0.495s] Level 5:colcon.colcon_core.verb:set package 'swarm_guidance' build argument 'cmake_args' from command line to 'None'
[0.495s] Level 5:colcon.colcon_core.verb:set package 'swarm_guidance' build argument 'cmake_target' from command line to 'None'
[0.495s] Level 5:colcon.colcon_core.verb:set package 'swarm_guidance' build argument 'cmake_target_skip_unavailable' from command line to 'False'
[0.495s] Level 5:colcon.colcon_core.verb:set package 'swarm_guidance' build argument 'cmake_clean_cache' from command line to 'False'
[0.495s] Level 5:colcon.colcon_core.verb:set package 'swarm_guidance' build argument 'cmake_clean_first' from command line to 'False'
[0.495s] Level 5:colcon.colcon_core.verb:set package 'swarm_guidance' build argument 'cmake_force_configure' from command line to 'False'
[0.495s] Level 5:colcon.colcon_core.verb:set package 'swarm_guidance' build argument 'ament_cmake_args' from command line to 'None'
[0.495s] Level 5:colcon.colcon_core.verb:set package 'swarm_guidance' build argument 'catkin_cmake_args' from command line to 'None'
[0.495s] Level 5:colcon.colcon_core.verb:set package 'swarm_guidance' build argument 'catkin_skip_building_tests' from command line to 'False'
[0.495s] DEBUG:colcon.colcon_core.verb:Building package 'swarm_guidance' with the following arguments: {'ament_cmake_args': None, 'build_base': '/home/gowtham/crazyflie_ws/build/swarm_guidance', 'catkin_cmake_args': None, 'catkin_skip_building_tests': False, 'cmake_args': None, 'cmake_clean_cache': False, 'cmake_clean_first': False, 'cmake_force_configure': False, 'cmake_target': None, 'cmake_target_skip_unavailable': False, 'install_base': '/home/gowtham/crazyflie_ws/install/swarm_guidance', 'merge_install': False, 'path': '/home/gowtham/crazyflie_ws/src/swarm_guidance', 'symlink_install': False, 'test_result_base': None}
[0.496s] Level 5:colcon.colcon_core.verb:set package 'swarm_navigation' build argument 'cmake_args' from command line to 'None'
[0.496s] Level 5:colcon.colcon_core.verb:set package 'swarm_navigation' build argument 'cmake_target' from command line to 'None'
[0.496s] Level 5:colcon.colcon_core.verb:set package 'swarm_navigation' build argument 'cmake_target_skip_unavailable' from command line to 'False'
[0.496s] Level 5:colcon.colcon_core.verb:set package 'swarm_navigation' build argument 'cmake_clean_cache' from command line to 'False'
[0.496s] Level 5:colcon.colcon_core.verb:set package 'swarm_navigation' build argument 'cmake_clean_first' from command line to 'False'
[0.496s] Level 5:colcon.colcon_core.verb:set package 'swarm_navigation' build argument 'cmake_force_configure' from command line to 'False'
[0.496s] Level 5:colcon.colcon_core.verb:set package 'swarm_navigation' build argument 'ament_cmake_args' from command line to 'None'
[0.496s] Level 5:colcon.colcon_core.verb:set package 'swarm_navigation' build argument 'catkin_cmake_args' from command line to 'None'
[0.496s] Level 5:colcon.colcon_core.verb:set package 'swarm_navigation' build argument 'catkin_skip_building_tests' from command line to 'False'
[0.496s] DEBUG:colcon.colcon_core.verb:Building package 'swarm_navigation' with the following arguments: {'ament_cmake_args': None, 'build_base': '/home/gowtham/crazyflie_ws/build/swarm_navigation', 'catkin_cmake_args': None, 'catkin_skip_building_tests': False, 'cmake_args': None, 'cmake_clean_cache': False, 'cmake_clean_first': False, 'cmake_force_configure': False, 'cmake_target': None, 'cmake_target_skip_unavailable': False, 'install_base': '/home/gowtham/crazyflie_ws/install/swarm_navigation', 'merge_install': False, 'path': '/home/gowtham/crazyflie_ws/src/swarm_navigation', 'symlink_install': False, 'test_result_base': None}
[0.496s] Level 5:colcon.colcon_core.verb:set package 'crazyflie' build argument 'cmake_args' from command line to 'None'
[0.496s] Level 5:colcon.colcon_core.verb:set package 'crazyflie' build argument 'cmake_target' from command line to 'None'
[0.496s] Level 5:colcon.colcon_core.verb:set package 'crazyflie' build argument 'cmake_target_skip_unavailable' from command line to 'False'
[0.496s] Level 5:colcon.colcon_core.verb:set package 'crazyflie' build argument 'cmake_clean_cache' from command line to 'False'
[0.497s] Level 5:colcon.colcon_core.verb:set package 'crazyflie' build argument 'cmake_clean_first' from command line to 'False'
[0.497s] Level 5:colcon.colcon_core.verb:set package 'crazyflie' build argument 'cmake_force_configure' from command line to 'False'
[0.497s] Level 5:colcon.colcon_core.verb:set package 'crazyflie' build argument 'ament_cmake_args' from command line to 'None'
[0.497s] Level 5:colcon.colcon_core.verb:set package 'crazyflie' build argument 'catkin_cmake_args' from command line to 'None'
[0.497s] Level 5:colcon.colcon_core.verb:set package 'crazyflie' build argument 'catkin_skip_building_tests' from command line to 'False'
[0.497s] DEBUG:colcon.colcon_core.verb:Building package 'crazyflie' with the following arguments: {'ament_cmake_args': None, 'build_base': '/home/gowtham/crazyflie_ws/build/crazyflie', 'catkin_cmake_args': None, 'catkin_skip_building_tests': False, 'cmake_args': None, 'cmake_clean_cache': False, 'cmake_clean_first': False, 'cmake_force_configure': False, 'cmake_target': None, 'cmake_target_skip_unavailable': False, 'install_base': '/home/gowtham/crazyflie_ws/install/crazyflie', 'merge_install': False, 'path': '/home/gowtham/crazyflie_ws/src/crazyswarm2/crazyflie', 'symlink_install': False, 'test_result_base': None}
[0.497s] Level 5:colcon.colcon_core.verb:set package 'crazyflie_py' build argument 'cmake_args' from command line to 'None'
[0.497s] Level 5:colcon.colcon_core.verb:set package 'crazyflie_py' build argument 'cmake_target' from command line to 'None'
[0.497s] Level 5:colcon.colcon_core.verb:set package 'crazyflie_py' build argument 'cmake_target_skip_unavailable' from command line to 'False'
[0.497s] Level 5:colcon.colcon_core.verb:set package 'crazyflie_py' build argument 'cmake_clean_cache' from command line to 'False'
[0.497s] Level 5:colcon.colcon_core.verb:set package 'crazyflie_py' build argument 'cmake_clean_first' from command line to 'False'
[0.497s] Level 5:colcon.colcon_core.verb:set package 'crazyflie_py' build argument 'cmake_force_configure' from command line to 'False'
[0.497s] Level 5:colcon.colcon_core.verb:set package 'crazyflie_py' build argument 'ament_cmake_args' from command line to 'None'
[0.497s] Level 5:colcon.colcon_core.verb:set package 'crazyflie_py' build argument 'catkin_cmake_args' from command line to 'None'
[0.497s] Level 5:colcon.colcon_core.verb:set package 'crazyflie_py' build argument 'catkin_skip_building_tests' from command line to 'False'
[0.497s] DEBUG:colcon.colcon_core.verb:Building package 'crazyflie_py' with the following arguments: {'ament_cmake_args': None, 'build_base': '/home/gowtham/crazyflie_ws/build/crazyflie_py', 'catkin_cmake_args': None, 'catkin_skip_building_tests': False, 'cmake_args': None, 'cmake_clean_cache': False, 'cmake_clean_first': False, 'cmake_force_configure': False, 'cmake_target': None, 'cmake_target_skip_unavailable': False, 'install_base': '/home/gowtham/crazyflie_ws/install/crazyflie_py', 'merge_install': False, 'path': '/home/gowtham/crazyflie_ws/src/crazyswarm2/crazyflie_py', 'symlink_install': False, 'test_result_base': None}
[0.498s] Level 5:colcon.colcon_core.verb:set package 'crazyflie_sim' build argument 'cmake_args' from command line to 'None'
[0.498s] Level 5:colcon.colcon_core.verb:set package 'crazyflie_sim' build argument 'cmake_target' from command line to 'None'
[0.498s] Level 5:colcon.colcon_core.verb:set package 'crazyflie_sim' build argument 'cmake_target_skip_unavailable' from command line to 'False'
[0.498s] Level 5:colcon.colcon_core.verb:set package 'crazyflie_sim' build argument 'cmake_clean_cache' from command line to 'False'
[0.498s] Level 5:colcon.colcon_core.verb:set package 'crazyflie_sim' build argument 'cmake_clean_first' from command line to 'False'
[0.498s] Level 5:colcon.colcon_core.verb:set package 'crazyflie_sim' build argument 'cmake_force_configure' from command line to 'False'
[0.498s] Level 5:colcon.colcon_core.verb:set package 'crazyflie_sim' build argument 'ament_cmake_args' from command line to 'None'
[0.498s] Level 5:colcon.colcon_core.verb:set package 'crazyflie_sim' build argument 'catkin_cmake_args' from command line to 'None'
[0.498s] Level 5:colcon.colcon_core.verb:set package 'crazyflie_sim' build argument 'catkin_skip_building_tests' from command line to 'False'
[0.498s] DEBUG:colcon.colcon_core.verb:Building package 'crazyflie_sim' with the following arguments: {'ament_cmake_args': None, 'build_base': '/home/gowtham/crazyflie_ws/build/crazyflie_sim', 'catkin_cmake_args': None, 'catkin_skip_building_tests': False, 'cmake_args': None, 'cmake_clean_cache': False, 'cmake_clean_first': False, 'cmake_force_configure': False, 'cmake_target': None, 'cmake_target_skip_unavailable': False, 'install_base': '/home/gowtham/crazyflie_ws/install/crazyflie_sim', 'merge_install': False, 'path': '/home/gowtham/crazyflie_ws/src/crazyswarm2/crazyflie_sim', 'symlink_install': False, 'test_result_base': None}
[0.498s] Level 5:colcon.colcon_core.verb:set package 'crazyflie_examples' build argument 'cmake_args' from command line to 'None'
[0.498s] Level 5:colcon.colcon_core.verb:set package 'crazyflie_examples' build argument 'cmake_target' from command line to 'None'
[0.498s] Level 5:colcon.colcon_core.verb:set package 'crazyflie_examples' build argument 'cmake_target_skip_unavailable' from command line to 'False'
[0.498s] Level 5:colcon.colcon_core.verb:set package 'crazyflie_examples' build argument 'cmake_clean_cache' from command line to 'False'
[0.498s] Level 5:colcon.colcon_core.verb:set package 'crazyflie_examples' build argument 'cmake_clean_first' from command line to 'False'
[0.498s] Level 5:colcon.colcon_core.verb:set package 'crazyflie_examples' build argument 'cmake_force_configure' from command line to 'False'
[0.498s] Level 5:colcon.colcon_core.verb:set package 'crazyflie_examples' build argument 'ament_cmake_args' from command line to 'None'
[0.498s] Level 5:colcon.colcon_core.verb:set package 'crazyflie_examples' build argument 'catkin_cmake_args' from command line to 'None'
[0.498s] Level 5:colcon.colcon_core.verb:set package 'crazyflie_examples' build argument 'catkin_skip_building_tests' from command line to 'False'
[0.498s] DEBUG:colcon.colcon_core.verb:Building package 'crazyflie_examples' with the following arguments: {'ament_cmake_args': None, 'build_base': '/home/gowtham/crazyflie_ws/build/crazyflie_examples', 'catkin_cmake_args': None, 'catkin_skip_building_tests': False, 'cmake_args': None, 'cmake_clean_cache': False, 'cmake_clean_first': False, 'cmake_force_configure': False, 'cmake_target': None, 'cmake_target_skip_unavailable': False, 'install_base': '/home/gowtham/crazyflie_ws/install/crazyflie_examples', 'merge_install': False, 'path': '/home/gowtham/crazyflie_ws/src/crazyswarm2/crazyflie_examples', 'symlink_install': False, 'test_result_base': None}
[0.499s] INFO:colcon.colcon_core.executor:Executing jobs using 'parallel' executor
[0.500s] DEBUG:colcon.colcon_parallel_executor.executor.parallel:run_until_complete
[0.500s] INFO:colcon.colcon_ros.task.ament_cmake.build:Building ROS package in '/home/gowtham/crazyflie_ws/src/crazyswarm2/crazyflie_interfaces' with build type 'ament_cmake'
[0.500s] INFO:colcon.colcon_cmake.task.cmake.build:Building CMake package in '/home/gowtham/crazyflie_ws/src/crazyswarm2/crazyflie_interfaces'
[0.503s] INFO:colcon.colcon_core.plugin_system:Skipping extension 'colcon_core.shell.bat': Not used on non-Windows systems
[0.504s] INFO:colcon.colcon_core.shell:Skip shell extension 'powershell' for command environment: Not usable outside of PowerShell
[0.504s] DEBUG:colcon.colcon_core.shell:Skip shell extension 'dsv' for command environment
[0.509s] INFO:colcon.colcon_ros.task.ament_python.build:Building ROS package in '/home/gowtham/crazyflie_ws/src/central_swarm_control' with build type 'ament_python'
[0.509s] Level 1:colcon.colcon_core.shell:create_environment_hook('central_swarm_control', 'ament_prefix_path')
[0.509s] INFO:colcon.colcon_core.shell:Creating environment hook '/home/gowtham/crazyflie_ws/install/central_swarm_control/share/central_swarm_control/hook/ament_prefix_path.ps1'
[0.510s] INFO:colcon.colcon_core.shell:Creating environment descriptor '/home/gowtham/crazyflie_ws/install/central_swarm_control/share/central_swarm_control/hook/ament_prefix_path.dsv'
[0.511s] INFO:colcon.colcon_core.shell:Creating environment hook '/home/gowtham/crazyflie_ws/install/central_swarm_control/share/central_swarm_control/hook/ament_prefix_path.sh'
[0.512s] INFO:colcon.colcon_core.shell:Skip shell extension 'powershell' for command environment: Not usable outside of PowerShell
[0.512s] DEBUG:colcon.colcon_core.shell:Skip shell extension 'dsv' for command environment
[0.519s] INFO:colcon.colcon_ros.task.ament_python.build:Building ROS package in '/home/gowtham/crazyflie_ws/src/swarm_guidance' with build type 'ament_python'
[0.519s] Level 1:colcon.colcon_core.shell:create_environment_hook('swarm_guidance', 'ament_prefix_path')
[0.519s] INFO:colcon.colcon_core.shell:Creating environment hook '/home/gowtham/crazyflie_ws/install/swarm_guidance/share/swarm_guidance/hook/ament_prefix_path.ps1'
[0.520s] INFO:colcon.colcon_core.shell:Creating environment descriptor '/home/gowtham/crazyflie_ws/install/swarm_guidance/share/swarm_guidance/hook/ament_prefix_path.dsv'
[0.520s] INFO:colcon.colcon_core.shell:Creating environment hook '/home/gowtham/crazyflie_ws/install/swarm_guidance/share/swarm_guidance/hook/ament_prefix_path.sh'
[0.521s] INFO:colcon.colcon_core.shell:Skip shell extension 'powershell' for command environment: Not usable outside of PowerShell
[0.521s] DEBUG:colcon.colcon_core.shell:Skip shell extension 'dsv' for command environment
[0.526s] INFO:colcon.colcon_ros.task.ament_python.build:Building ROS package in '/home/gowtham/crazyflie_ws/src/swarm_navigation' with build type 'ament_python'
[0.526s] Level 1:colcon.colcon_core.shell:create_environment_hook('swarm_navigation', 'ament_prefix_path')
[0.527s] INFO:colcon.colcon_core.shell:Creating environment hook '/home/gowtham/crazyflie_ws/install/swarm_navigation/share/swarm_navigation/hook/ament_prefix_path.ps1'
[0.528s] INFO:colcon.colcon_core.shell:Creating environment descriptor '/home/gowtham/crazyflie_ws/install/swarm_navigation/share/swarm_navigation/hook/ament_prefix_path.dsv'
[0.528s] INFO:colcon.colcon_core.shell:Creating environment hook '/home/gowtham/crazyflie_ws/install/swarm_navigation/share/swarm_navigation/hook/ament_prefix_path.sh'
[0.529s] INFO:colcon.colcon_core.shell:Skip shell extension 'powershell' for command environment: Not usable outside of PowerShell
[0.529s] DEBUG:colcon.colcon_core.shell:Skip shell extension 'dsv' for command environment
[0.541s] DEBUG:colcon.colcon_core.event_handler.log_command:Invoking command in '/home/gowtham/crazyflie_ws/build/crazyflie_interfaces': CMAKE_PREFIX_PATH=${CMAKE_PREFIX_PATH}:/home/gowtham/crazyflie_ws/install/swarm_navigation:/home/gowtham/crazyflie_ws/install/swarm_guidance:/home/gowtham/crazyflie_ws/install/crazyflie_py:/home/gowtham/crazyflie_ws/install/central_swarm_control:/home/gowtham/swarm_ws/install/guidance_layer:/home/gowtham/swarm_ws/install/crazyflie_py:/home/gowtham/swarm_ws/install/control_layer:/home/gowtham/swarm_ws/install/consensus_controller:/opt/ros/humble /usr/bin/cmake --build /home/gowtham/crazyflie_ws/build/crazyflie_interfaces -- -j4 -l4
[1.019s] INFO:colcon.colcon_core.task.python.build:Building Python package in '/home/gowtham/crazyflie_ws/src/central_swarm_control'
[1.020s] INFO:colcon.colcon_core.shell:Skip shell extension 'powershell' for command environment: Not usable outside of PowerShell
[1.020s] DEBUG:colcon.colcon_core.shell:Skip shell extension 'dsv' for command environment
[1.391s] INFO:colcon.colcon_core.task.python.build:Building Python package in '/home/gowtham/crazyflie_ws/src/swarm_guidance'
[1.392s] INFO:colcon.colcon_core.shell:Skip shell extension 'powershell' for command environment: Not usable outside of PowerShell
[1.392s] DEBUG:colcon.colcon_core.shell:Skip shell extension 'dsv' for command environment
[1.759s] INFO:colcon.colcon_core.task.python.build:Building Python package in '/home/gowtham/crazyflie_ws/src/swarm_navigation'
[1.760s] INFO:colcon.colcon_core.shell:Skip shell extension 'powershell' for command environment: Not usable outside of PowerShell
[1.760s] DEBUG:colcon.colcon_core.shell:Skip shell extension 'dsv' for command environment
[1.774s] DEBUG:colcon.colcon_core.event_handler.log_command:Invoked command in '/home/gowtham/crazyflie_ws/build/crazyflie_interfaces' returned '0': CMAKE_PREFIX_PATH=${CMAKE_PREFIX_PATH}:/home/gowtham/crazyflie_ws/install/swarm_navigation:/home/gowtham/crazyflie_ws/install/swarm_guidance:/home/gowtham/crazyflie_ws/install/crazyflie_py:/home/gowtham/crazyflie_ws/install/central_swarm_control:/home/gowtham/swarm_ws/install/guidance_layer:/home/gowtham/swarm_ws/install/crazyflie_py:/home/gowtham/swarm_ws/install/control_layer:/home/gowtham/swarm_ws/install/consensus_controller:/opt/ros/humble /usr/bin/cmake --build /home/gowtham/crazyflie_ws/build/crazyflie_interfaces -- -j4 -l4
[1.791s] DEBUG:colcon.colcon_core.event_handler.log_command:Invoking command in '/home/gowtham/crazyflie_ws/build/crazyflie_interfaces': CMAKE_PREFIX_PATH=${CMAKE_PREFIX_PATH}:/home/gowtham/crazyflie_ws/install/swarm_navigation:/home/gowtham/crazyflie_ws/install/swarm_guidance:/home/gowtham/crazyflie_ws/install/crazyflie_py:/home/gowtham/crazyflie_ws/install/central_swarm_control:/home/gowtham/swarm_ws/install/guidance_layer:/home/gowtham/swarm_ws/install/crazyflie_py:/home/gowtham/swarm_ws/install/control_layer:/home/gowtham/swarm_ws/install/consensus_controller:/opt/ros/humble /usr/bin/cmake --install /home/gowtham/crazyflie_ws/build/crazyflie_interfaces
[2.004s] Level 1:colcon.colcon_core.environment:create_environment_scripts_only(crazyflie_interfaces)
[2.007s] DEBUG:colcon.colcon_core.event_handler.log_command:Invoked command in '/home/gowtham/crazyflie_ws/build/crazyflie_interfaces' returned '0': CMAKE_PREFIX_PATH=${CMAKE_PREFIX_PATH}:/home/gowtham/crazyflie_ws/install/swarm_navigation:/home/gowtham/crazyflie_ws/install/swarm_guidance:/home/gowtham/crazyflie_ws/install/crazyflie_py:/home/gowtham/crazyflie_ws/install/central_swarm_control:/home/gowtham/swarm_ws/install/guidance_layer:/home/gowtham/swarm_ws/install/crazyflie_py:/home/gowtham/swarm_ws/install/control_layer:/home/gowtham/swarm_ws/install/consensus_controller:/opt/ros/humble /usr/bin/cmake --install /home/gowtham/crazyflie_ws/build/crazyflie_interfaces
[2.009s] Level 1:colcon.colcon_core.environment:checking '/home/gowtham/crazyflie_ws/install/crazyflie_interfaces' for CMake module files
[2.010s] Level 1:colcon.colcon_core.environment:checking '/home/gowtham/crazyflie_ws/install/crazyflie_interfaces' for CMake config files
[2.011s] Level 1:colcon.colcon_core.shell:create_environment_hook('crazyflie_interfaces', 'cmake_prefix_path')
[2.011s] INFO:colcon.colcon_core.shell:Creating environment hook '/home/gowtham/crazyflie_ws/install/crazyflie_interfaces/share/crazyflie_interfaces/hook/cmake_prefix_path.ps1'
[2.012s] INFO:colcon.colcon_core.shell:Creating environment descriptor '/home/gowtham/crazyflie_ws/install/crazyflie_interfaces/share/crazyflie_interfaces/hook/cmake_prefix_path.dsv'
[2.013s] INFO:colcon.colcon_core.shell:Creating environment hook '/home/gowtham/crazyflie_ws/install/crazyflie_interfaces/share/crazyflie_interfaces/hook/cmake_prefix_path.sh'
[2.014s] Level 1:colcon.colcon_core.environment:checking '/home/gowtham/crazyflie_ws/install/crazyflie_interfaces/lib'
[2.014s] Level 1:colcon.colcon_core.shell:create_environment_hook('crazyflie_interfaces', 'ld_library_path_lib')
[2.014s] INFO:colcon.colcon_core.shell:Creating environment hook '/home/gowtham/crazyflie_ws/install/crazyflie_interfaces/share/crazyflie_interfaces/hook/ld_library_path_lib.ps1'
[2.015s] INFO:colcon.colcon_core.shell:Creating environment descriptor '/home/gowtham/crazyflie_ws/install/crazyflie_interfaces/share/crazyflie_interfaces/hook/ld_library_path_lib.dsv'
[2.016s] INFO:colcon.colcon_core.shell:Creating environment hook '/home/gowtham/crazyflie_ws/install/crazyflie_interfaces/share/crazyflie_interfaces/hook/ld_library_path_lib.sh'
[2.017s] Level 1:colcon.colcon_core.environment:checking '/home/gowtham/crazyflie_ws/install/crazyflie_interfaces/bin'
[2.017s] Level 1:colcon.colcon_core.environment:checking '/home/gowtham/crazyflie_ws/install/crazyflie_interfaces/lib/pkgconfig/crazyflie_interfaces.pc'
[2.017s] Level 1:colcon.colcon_core.environment:checking '/home/gowtham/crazyflie_ws/install/crazyflie_interfaces/lib/python3.10/site-packages'
[2.018s] Level 1:colcon.colcon_core.environment:checking '/home/gowtham/crazyflie_ws/install/crazyflie_interfaces/bin'
[2.018s] INFO:colcon.colcon_core.shell:Creating package script '/home/gowtham/crazyflie_ws/install/crazyflie_interfaces/share/crazyflie_interfaces/package.ps1'
[2.021s] INFO:colcon.colcon_core.shell:Creating package descriptor '/home/gowtham/crazyflie_ws/install/crazyflie_interfaces/share/crazyflie_interfaces/package.dsv'
[2.022s] INFO:colcon.colcon_core.shell:Creating package script '/home/gowtham/crazyflie_ws/install/crazyflie_interfaces/share/crazyflie_interfaces/package.sh'
[2.023s] INFO:colcon.colcon_core.shell:Creating package script '/home/gowtham/crazyflie_ws/install/crazyflie_interfaces/share/crazyflie_interfaces/package.bash'
[2.025s] INFO:colcon.colcon_core.shell:Creating package script '/home/gowtham/crazyflie_ws/install/crazyflie_interfaces/share/crazyflie_interfaces/package.zsh'
[2.026s] Level 1:colcon.colcon_core.environment:create_file_with_runtime_dependencies(/home/gowtham/crazyflie_ws/install/crazyflie_interfaces/share/colcon-core/packages/crazyflie_interfaces)
[2.027s] Level 1:colcon.colcon_core.environment:create_environment_scripts_only(crazyflie_interfaces)
[2.028s] Level 1:colcon.colcon_core.environment:checking '/home/gowtham/crazyflie_ws/install/crazyflie_interfaces' for CMake module files
[2.029s] Level 1:colcon.colcon_core.environment:checking '/home/gowtham/crazyflie_ws/install/crazyflie_interfaces' for CMake config files
[2.030s] Level 1:colcon.colcon_core.shell:create_environment_hook('crazyflie_interfaces', 'cmake_prefix_path')
[2.030s] INFO:colcon.colcon_core.shell:Creating environment hook '/home/gowtham/crazyflie_ws/install/crazyflie_interfaces/share/crazyflie_interfaces/hook/cmake_prefix_path.ps1'
[2.031s] INFO:colcon.colcon_core.shell:Creating environment descriptor '/home/gowtham/crazyflie_ws/install/crazyflie_interfaces/share/crazyflie_interfaces/hook/cmake_prefix_path.dsv'
[2.032s] INFO:colcon.colcon_core.shell:Creating environment hook '/home/gowtham/crazyflie_ws/install/crazyflie_interfaces/share/crazyflie_interfaces/hook/cmake_prefix_path.sh'
[2.033s] Level 1:colcon.colcon_core.environment:checking '/home/gowtham/crazyflie_ws/install/crazyflie_interfaces/lib'
[2.034s] Level 1:colcon.colcon_core.shell:create_environment_hook('crazyflie_interfaces', 'ld_library_path_lib')
[2.034s] INFO:colcon.colcon_core.shell:Creating environment hook '/home/gowtham/crazyflie_ws/install/crazyflie_interfaces/share/crazyflie_interfaces/hook/ld_library_path_lib.ps1'
[2.035s] INFO:colcon.colcon_core.shell:Creating environment descriptor '/home/gowtham/crazyflie_ws/install/crazyflie_interfaces/share/crazyflie_interfaces/hook/ld_library_path_lib.dsv'
[2.036s] INFO:colcon.colcon_core.shell:Creating environment hook '/home/gowtham/crazyflie_ws/install/crazyflie_interfaces/share/crazyflie_interfaces/hook/ld_library_path_lib.sh'
[2.037s] Level 1:colcon.colcon_core.environment:checking '/home/gowtham/crazyflie_ws/install/crazyflie_interfaces/bin'
[2.037s] Level 1:colcon.colcon_core.environment:checking '/home/gowtham/crazyflie_ws/install/crazyflie_interfaces/lib/pkgconfig/crazyflie_interfaces.pc'
[2.037s] Level 1:colcon.colcon_core.environment:checking '/home/gowtham/crazyflie_ws/install/crazyflie_interfaces/lib/python3.10/site-packages'
[2.038s] Level 1:colcon.colcon_core.environment:checking '/home/gowtham/crazyflie_ws/install/crazyflie_interfaces/bin'
[2.039s] INFO:colcon.colcon_core.shell:Creating package script '/home/gowtham/crazyflie_ws/install/crazyflie_interfaces/share/crazyflie_interfaces/package.ps1'
[2.040s] INFO:colcon.colcon_core.shell:Creating package descriptor '/home/gowtham/crazyflie_ws/install/crazyflie_interfaces/share/crazyflie_interfaces/package.dsv'
[2.041s] INFO:colcon.colcon_core.shell:Creating package script '/home/gowtham/crazyflie_ws/install/crazyflie_interfaces/share/crazyflie_interfaces/package.sh'
[2.042s] INFO:colcon.colcon_core.shell:Creating package script '/home/gowtham/crazyflie_ws/install/crazyflie_interfaces/share/crazyflie_interfaces/package.bash'
[2.043s] INFO:colcon.colcon_core.shell:Creating package script '/home/gowtham/crazyflie_ws/install/crazyflie_interfaces/share/crazyflie_interfaces/package.zsh'
[2.044s] Level 1:colcon.colcon_core.environment:create_file_with_runtime_dependencies(/home/gowtham/crazyflie_ws/install/crazyflie_interfaces/share/colcon-core/packages/crazyflie_interfaces)
[2.044s] INFO:colcon.colcon_ros.task.ament_python.build:Building ROS package in '/home/gowtham/crazyflie_ws/src/crazyswarm2/crazyflie_py' with build type 'ament_python'
[2.045s] Level 1:colcon.colcon_core.shell:create_environment_hook('crazyflie_py', 'ament_prefix_path')
[2.045s] INFO:colcon.colcon_core.shell:Creating environment hook '/home/gowtham/crazyflie_ws/install/crazyflie_py/share/crazyflie_py/hook/ament_prefix_path.ps1'
[2.046s] INFO:colcon.colcon_core.shell:Creating environment descriptor '/home/gowtham/crazyflie_ws/install/crazyflie_py/share/crazyflie_py/hook/ament_prefix_path.dsv'
[2.047s] INFO:colcon.colcon_core.shell:Creating environment hook '/home/gowtham/crazyflie_ws/install/crazyflie_py/share/crazyflie_py/hook/ament_prefix_path.sh'
[2.049s] INFO:colcon.colcon_core.shell:Skip shell extension 'powershell' for command environment: Not usable outside of PowerShell
[2.049s] DEBUG:colcon.colcon_core.shell:Skip shell extension 'dsv' for command environment
[2.959s] INFO:colcon.colcon_core.task.python.build:Building Python package in '/home/gowtham/crazyflie_ws/src/crazyswarm2/crazyflie_py'
[2.960s] INFO:colcon.colcon_core.shell:Skip shell extension 'powershell' for command environment: Not usable outside of PowerShell
[2.960s] DEBUG:colcon.colcon_core.shell:Skip shell extension 'dsv' for command environment
[2.980s] DEBUG:colcon.colcon_core.event_handler.log_command:Invoking command in '/home/gowtham/crazyflie_ws/src/swarm_guidance': PYTHONPATH=/home/gowtham/crazyflie_ws/build/swarm_guidance/prefix_override:/usr/lib/python3/dist-packages/colcon_core/task/python/colcon_distutils_commands:/home/gowtham/crazyflie_ws/install/swarm_guidance/lib/python3.10/site-packages:${PYTHONPATH} /usr/bin/python3 -W ignore:setup.py install is deprecated -W ignore:easy_install command is deprecated setup.py egg_info --egg-base ../../build/swarm_guidance build --build-base /home/gowtham/crazyflie_ws/build/swarm_guidance/build install --record /home/gowtham/crazyflie_ws/build/swarm_guidance/install.log --single-version-externally-managed install_data
[2.981s] DEBUG:colcon.colcon_core.event_handler.log_command:Invoking command in '/home/gowtham/crazyflie_ws/src/central_swarm_control': PYTHONPATH=/home/gowtham/crazyflie_ws/build/central_swarm_control/prefix_override:/usr/lib/python3/dist-packages/colcon_core/task/python/colcon_distutils_commands:/home/gowtham/crazyflie_ws/install/central_swarm_control/lib/python3.10/site-packages:${PYTHONPATH} /usr/bin/python3 -W ignore:setup.py install is deprecated -W ignore:easy_install command is deprecated setup.py egg_info --egg-base ../../build/central_swarm_control build --build-base /home/gowtham/crazyflie_ws/build/central_swarm_control/build install --record /home/gowtham/crazyflie_ws/build/central_swarm_control/install.log --single-version-externally-managed install_data
[2.985s] DEBUG:colcon.colcon_core.event_handler.log_command:Invoking command in '/home/gowtham/crazyflie_ws/src/swarm_navigation': PYTHONPATH=/home/gowtham/crazyflie_ws/build/swarm_navigation/prefix_override:/usr/lib/python3/dist-packages/colcon_core/task/python/colcon_distutils_commands:/home/gowtham/crazyflie_ws/install/swarm_navigation/lib/python3.10/site-packages:${PYTHONPATH} /usr/bin/python3 -W ignore:setup.py install is deprecated -W ignore:easy_install command is deprecated setup.py egg_info --egg-base ../../build/swarm_navigation build --build-base /home/gowtham/crazyflie_ws/build/swarm_navigation/build install --record /home/gowtham/crazyflie_ws/build/swarm_navigation/install.log --single-version-externally-managed install_data
[3.625s] Level 1:colcon.colcon_core.environment:checking '/home/gowtham/crazyflie_ws/install/central_swarm_control' for CMake module files
[3.626s] DEBUG:colcon.colcon_core.event_handler.log_command:Invoked command in '/home/gowtham/crazyflie_ws/src/central_swarm_control' returned '0': PYTHONPATH=/home/gowtham/crazyflie_ws/build/central_swarm_control/prefix_override:/usr/lib/python3/dist-packages/colcon_core/task/python/colcon_distutils_commands:/home/gowtham/crazyflie_ws/install/central_swarm_control/lib/python3.10/site-packages:${PYTHONPATH} /usr/bin/python3 -W ignore:setup.py install is deprecated -W ignore:easy_install command is deprecated setup.py egg_info --egg-base ../../build/central_swarm_control build --build-base /home/gowtham/crazyflie_ws/build/central_swarm_control/build install --record /home/gowtham/crazyflie_ws/build/central_swarm_control/install.log --single-version-externally-managed install_data
[3.627s] Level 1:colcon.colcon_core.environment:checking '/home/gowtham/crazyflie_ws/install/central_swarm_control' for CMake config files
[3.628s] Level 1:colcon.colcon_core.environment:checking '/home/gowtham/crazyflie_ws/install/central_swarm_control/lib'
[3.628s] Level 1:colcon.colcon_core.environment:checking '/home/gowtham/crazyflie_ws/install/central_swarm_control/bin'
[3.628s] Level 1:colcon.colcon_core.environment:checking '/home/gowtham/crazyflie_ws/install/central_swarm_control/lib/pkgconfig/central_swarm_control.pc'
[3.629s] Level 1:colcon.colcon_core.environment:checking '/home/gowtham/crazyflie_ws/install/central_swarm_control/lib/python3.10/site-packages'
[3.629s] Level 1:colcon.colcon_core.shell:create_environment_hook('central_swarm_control', 'pythonpath')
[3.629s] INFO:colcon.colcon_core.shell:Creating environment hook '/home/gowtham/crazyflie_ws/install/central_swarm_control/share/central_swarm_control/hook/pythonpath.ps1'
[3.630s] INFO:colcon.colcon_core.shell:Creating environment descriptor '/home/gowtham/crazyflie_ws/install/central_swarm_control/share/central_swarm_control/hook/pythonpath.dsv'
[3.631s] INFO:colcon.colcon_core.shell:Creating environment hook '/home/gowtham/crazyflie_ws/install/central_swarm_control/share/central_swarm_control/hook/pythonpath.sh'
[3.632s] Level 1:colcon.colcon_core.environment:checking '/home/gowtham/crazyflie_ws/install/central_swarm_control/bin'
[3.632s] Level 1:colcon.colcon_core.environment:create_environment_scripts_only(central_swarm_control)
[3.633s] INFO:colcon.colcon_core.shell:Creating package script '/home/gowtham/crazyflie_ws/install/central_swarm_control/share/central_swarm_control/package.ps1'
[3.635s] INFO:colcon.colcon_core.shell:Creating package descriptor '/home/gowtham/crazyflie_ws/install/central_swarm_control/share/central_swarm_control/package.dsv'
[3.636s] INFO:colcon.colcon_core.shell:Creating package script '/home/gowtham/crazyflie_ws/install/central_swarm_control/share/central_swarm_control/package.sh'
[3.636s] INFO:colcon.colcon_core.shell:Creating package script '/home/gowtham/crazyflie_ws/install/central_swarm_control/share/central_swarm_control/package.bash'
[3.637s] INFO:colcon.colcon_core.shell:Creating package script '/home/gowtham/crazyflie_ws/install/central_swarm_control/share/central_swarm_control/package.zsh'
[3.638s] Level 1:colcon.colcon_core.environment:create_file_with_runtime_dependencies(/home/gowtham/crazyflie_ws/install/central_swarm_control/share/colcon-core/packages/central_swarm_control)
[3.639s] INFO:colcon.colcon_ros.task.ament_cmake.build:Building ROS package in '/home/gowtham/crazyflie_ws/src/crazyswarm2/crazyflie' with build type 'ament_cmake'
[3.640s] INFO:colcon.colcon_cmake.task.cmake.build:Building CMake package in '/home/gowtham/crazyflie_ws/src/crazyswarm2/crazyflie'
[3.640s] INFO:colcon.colcon_core.shell:Skip shell extension 'powershell' for command environment: Not usable outside of PowerShell
[3.641s] DEBUG:colcon.colcon_core.shell:Skip shell extension 'dsv' for command environment
[3.676s] DEBUG:colcon.colcon_core.event_handler.log_command:Invoking command in '/home/gowtham/crazyflie_ws/build/crazyflie': CMAKE_PREFIX_PATH=/home/gowtham/crazyflie_ws/install/crazyflie_interfaces:/home/gowtham/crazyflie_ws/install/crazyflie_sim:/home/gowtham/crazyflie_ws/install/crazyflie_examples:/home/gowtham/crazyflie_ws/install/crazyflie:/home/gowtham/swarm_ws/install/crazyflie_sim:/home/gowtham/swarm_ws/install/crazyflie_examples:/home/gowtham/swarm_ws/install/crazyflie:/home/gowtham/swarm_ws/install/crazyflie_interfaces:/home/gowtham/crazyflie_ws/install/swarm_navigation:/home/gowtham/crazyflie_ws/install/swarm_guidance:/home/gowtham/crazyflie_ws/install/crazyflie_py:/home/gowtham/crazyflie_ws/install/central_swarm_control:/home/gowtham/swarm_ws/install/guidance_layer:/home/gowtham/swarm_ws/install/crazyflie_py:/home/gowtham/swarm_ws/install/control_layer:/home/gowtham/swarm_ws/install/consensus_controller:/opt/ros/humble /usr/bin/cmake --build /home/gowtham/crazyflie_ws/build/crazyflie -- -j4 -l4
[3.751s] DEBUG:colcon.colcon_core.event_handler.log_command:Invoking command in '/home/gowtham/crazyflie_ws/src/crazyswarm2/crazyflie_py': CMAKE_PREFIX_PATH=/home/gowtham/crazyflie_ws/install/crazyflie_interfaces:/home/gowtham/crazyflie_ws/install/crazyflie_sim:/home/gowtham/crazyflie_ws/install/crazyflie_examples:/home/gowtham/crazyflie_ws/install/crazyflie:/home/gowtham/swarm_ws/install/crazyflie_sim:/home/gowtham/swarm_ws/install/crazyflie_examples:/home/gowtham/swarm_ws/install/crazyflie:/home/gowtham/swarm_ws/install/crazyflie_interfaces PYTHONPATH=/home/gowtham/crazyflie_ws/build/crazyflie_py/prefix_override:/usr/lib/python3/dist-packages/colcon_core/task/python/colcon_distutils_commands:/home/gowtham/crazyflie_ws/install/crazyflie_py/lib/python3.10/site-packages:${PYTHONPATH} /usr/bin/python3 -W ignore:setup.py install is deprecated -W ignore:easy_install command is deprecated setup.py egg_info --egg-base ../../../build/crazyflie_py build --build-base /home/gowtham/crazyflie_ws/build/crazyflie_py/build install --record /home/gowtham/crazyflie_ws/build/crazyflie_py/install.log --single-version-externally-managed install_data
[3.755s] Level 1:colcon.colcon_core.environment:checking '/home/gowtham/crazyflie_ws/install/swarm_navigation' for CMake module files
[3.756s] DEBUG:colcon.colcon_core.event_handler.log_command:Invoked command in '/home/gowtham/crazyflie_ws/src/swarm_navigation' returned '0': PYTHONPATH=/home/gowtham/crazyflie_ws/build/swarm_navigation/prefix_override:/usr/lib/python3/dist-packages/colcon_core/task/python/colcon_distutils_commands:/home/gowtham/crazyflie_ws/install/swarm_navigation/lib/python3.10/site-packages:${PYTHONPATH} /usr/bin/python3 -W ignore:setup.py install is deprecated -W ignore:easy_install command is deprecated setup.py egg_info --egg-base ../../build/swarm_navigation build --build-base /home/gowtham/crazyflie_ws/build/swarm_navigation/build install --record /home/gowtham/crazyflie_ws/build/swarm_navigation/install.log --single-version-externally-managed install_data
[3.757s] Level 1:colcon.colcon_core.environment:checking '/home/gowtham/crazyflie_ws/install/swarm_navigation' for CMake config files
[3.757s] Level 1:colcon.colcon_core.environment:checking '/home/gowtham/crazyflie_ws/install/swarm_navigation/lib'
[3.757s] Level 1:colcon.colcon_core.environment:checking '/home/gowtham/crazyflie_ws/install/swarm_navigation/bin'
[3.757s] Level 1:colcon.colcon_core.environment:checking '/home/gowtham/crazyflie_ws/install/swarm_navigation/lib/pkgconfig/swarm_navigation.pc'
[3.758s] Level 1:colcon.colcon_core.environment:checking '/home/gowtham/crazyflie_ws/install/swarm_navigation/lib/python3.10/site-packages'
[3.758s] Level 1:colcon.colcon_core.shell:create_environment_hook('swarm_navigation', 'pythonpath')
[3.758s] INFO:colcon.colcon_core.shell:Creating environment hook '/home/gowtham/crazyflie_ws/install/swarm_navigation/share/swarm_navigation/hook/pythonpath.ps1'
[3.759s] INFO:colcon.colcon_core.shell:Creating environment descriptor '/home/gowtham/crazyflie_ws/install/swarm_navigation/share/swarm_navigation/hook/pythonpath.dsv'
[3.759s] INFO:colcon.colcon_core.shell:Creating environment hook '/home/gowtham/crazyflie_ws/install/swarm_navigation/share/swarm_navigation/hook/pythonpath.sh'
[3.760s] Level 1:colcon.colcon_core.environment:checking '/home/gowtham/crazyflie_ws/install/swarm_navigation/bin'
[3.760s] Level 1:colcon.colcon_core.environment:create_environment_scripts_only(swarm_navigation)
[3.761s] INFO:colcon.colcon_core.shell:Creating package script '/home/gowtham/crazyflie_ws/install/swarm_navigation/share/swarm_navigation/package.ps1'
[3.762s] INFO:colcon.colcon_core.shell:Creating package descriptor '/home/gowtham/crazyflie_ws/install/swarm_navigation/share/swarm_navigation/package.dsv'
[3.763s] INFO:colcon.colcon_core.shell:Creating package script '/home/gowtham/crazyflie_ws/install/swarm_navigation/share/swarm_navigation/package.sh'
[3.763s] INFO:colcon.colcon_core.shell:Creating package script '/home/gowtham/crazyflie_ws/install/swarm_navigation/share/swarm_navigation/package.bash'
[3.764s] INFO:colcon.colcon_core.shell:Creating package script '/home/gowtham/crazyflie_ws/install/swarm_navigation/share/swarm_navigation/package.zsh'
[3.764s] Level 1:colcon.colcon_core.environment:create_file_with_runtime_dependencies(/home/gowtham/crazyflie_ws/install/swarm_navigation/share/colcon-core/packages/swarm_navigation)
[3.765s] INFO:colcon.colcon_ros.task.ament_cmake.build:Building ROS package in '/home/gowtham/crazyflie_ws/src/crazyswarm2/crazyflie_sim' with build type 'ament_cmake'
[3.765s] INFO:colcon.colcon_cmake.task.cmake.build:Building CMake package in '/home/gowtham/crazyflie_ws/src/crazyswarm2/crazyflie_sim'
[3.766s] INFO:colcon.colcon_core.shell:Skip shell extension 'powershell' for command environment: Not usable outside of PowerShell
[3.766s] DEBUG:colcon.colcon_core.shell:Skip shell extension 'dsv' for command environment
[3.779s] Level 1:colcon.colcon_core.environment:checking '/home/gowtham/crazyflie_ws/install/swarm_guidance' for CMake module files
[3.780s] Level 1:colcon.colcon_core.environment:checking '/home/gowtham/crazyflie_ws/install/swarm_guidance' for CMake config files
[3.781s] Level 1:colcon.colcon_core.environment:checking '/home/gowtham/crazyflie_ws/install/swarm_guidance/lib'
[3.781s] Level 1:colcon.colcon_core.environment:checking '/home/gowtham/crazyflie_ws/install/swarm_guidance/bin'
[3.781s] Level 1:colcon.colcon_core.environment:checking '/home/gowtham/crazyflie_ws/install/swarm_guidance/lib/pkgconfig/swarm_guidance.pc'
[3.781s] Level 1:colcon.colcon_core.environment:checking '/home/gowtham/crazyflie_ws/install/swarm_guidance/lib/python3.10/site-packages'
[3.784s] DEBUG:colcon.colcon_core.event_handler.log_command:Invoked command in '/home/gowtham/crazyflie_ws/src/swarm_guidance' returned '0': PYTHONPATH=/home/gowtham/crazyflie_ws/build/swarm_guidance/prefix_override:/usr/lib/python3/dist-packages/colcon_core/task/python/colcon_distutils_commands:/home/gowtham/crazyflie_ws/install/swarm_guidance/lib/python3.10/site-packages:${PYTHONPATH} /usr/bin/python3 -W ignore:setup.py install is deprecated -W ignore:easy_install command is deprecated setup.py egg_info --egg-base ../../build/swarm_guidance build --build-base /home/gowtham/crazyflie_ws/build/swarm_guidance/build install --record /home/gowtham/crazyflie_ws/build/swarm_guidance/install.log --single-version-externally-managed install_data
[3.784s] Level 1:colcon.colcon_core.shell:create_environment_hook('swarm_guidance', 'pythonpath')
[3.785s] INFO:colcon.colcon_core.shell:Creating environment hook '/home/gowtham/crazyflie_ws/install/swarm_guidance/share/swarm_guidance/hook/pythonpath.ps1'
[3.786s] INFO:colcon.colcon_core.shell:Creating environment descriptor '/home/gowtham/crazyflie_ws/install/swarm_guidance/share/swarm_guidance/hook/pythonpath.dsv'
[3.786s] INFO:colcon.colcon_core.shell:Creating environment hook '/home/gowtham/crazyflie_ws/install/swarm_guidance/share/swarm_guidance/hook/pythonpath.sh'
[3.787s] Level 1:colcon.colcon_core.environment:checking '/home/gowtham/crazyflie_ws/install/swarm_guidance/bin'
[3.788s] Level 1:colcon.colcon_core.environment:create_environment_scripts_only(swarm_guidance)
[3.788s] INFO:colcon.colcon_core.shell:Creating package script '/home/gowtham/crazyflie_ws/install/swarm_guidance/share/swarm_guidance/package.ps1'
[3.789s] INFO:colcon.colcon_core.shell:Creating package descriptor '/home/gowtham/crazyflie_ws/install/swarm_guidance/share/swarm_guidance/package.dsv'
[3.790s] INFO:colcon.colcon_core.shell:Creating package script '/home/gowtham/crazyflie_ws/install/swarm_guidance/share/swarm_guidance/package.sh'
[3.791s] INFO:colcon.colcon_core.shell:Creating package script '/home/gowtham/crazyflie_ws/install/swarm_guidance/share/swarm_guidance/package.bash'
[3.791s] INFO:colcon.colcon_core.shell:Creating package script '/home/gowtham/crazyflie_ws/install/swarm_guidance/share/swarm_guidance/package.zsh'
[3.792s] Level 1:colcon.colcon_core.environment:create_file_with_runtime_dependencies(/home/gowtham/crazyflie_ws/install/swarm_guidance/share/colcon-core/packages/swarm_guidance)
[3.796s] DEBUG:colcon.colcon_core.event_handler.log_command:Invoking command in '/home/gowtham/crazyflie_ws/build/crazyflie_sim': CMAKE_PREFIX_PATH=/home/gowtham/crazyflie_ws/install/crazyflie_interfaces:/home/gowtham/crazyflie_ws/install/crazyflie_sim:/home/gowtham/crazyflie_ws/install/crazyflie_examples:/home/gowtham/crazyflie_ws/install/crazyflie:/home/gowtham/swarm_ws/install/crazyflie_sim:/home/gowtham/swarm_ws/install/crazyflie_examples:/home/gowtham/swarm_ws/install/crazyflie:/home/gowtham/swarm_ws/install/crazyflie_interfaces:/home/gowtham/crazyflie_ws/install/swarm_navigation:/home/gowtham/crazyflie_ws/install/swarm_guidance:/home/gowtham/crazyflie_ws/install/crazyflie_py:/home/gowtham/crazyflie_ws/install/central_swarm_control:/home/gowtham/swarm_ws/install/guidance_layer:/home/gowtham/swarm_ws/install/crazyflie_py:/home/gowtham/swarm_ws/install/control_layer:/home/gowtham/swarm_ws/install/consensus_controller:/opt/ros/humble /usr/bin/cmake --build /home/gowtham/crazyflie_ws/build/crazyflie_sim -- -j4 -l4
[4.190s] DEBUG:colcon.colcon_core.event_handler.log_command:Invoked command in '/home/gowtham/crazyflie_ws/build/crazyflie' returned '0': CMAKE_PREFIX_PATH=/home/gowtham/crazyflie_ws/install/crazyflie_interfaces:/home/gowtham/crazyflie_ws/install/crazyflie_sim:/home/gowtham/crazyflie_ws/install/crazyflie_examples:/home/gowtham/crazyflie_ws/install/crazyflie:/home/gowtham/swarm_ws/install/crazyflie_sim:/home/gowtham/swarm_ws/install/crazyflie_examples:/home/gowtham/swarm_ws/install/crazyflie:/home/gowtham/swarm_ws/install/crazyflie_interfaces:/home/gowtham/crazyflie_ws/install/swarm_navigation:/home/gowtham/crazyflie_ws/install/swarm_guidance:/home/gowtham/crazyflie_ws/install/crazyflie_py:/home/gowtham/crazyflie_ws/install/central_swarm_control:/home/gowtham/swarm_ws/install/guidance_layer:/home/gowtham/swarm_ws/install/crazyflie_py:/home/gowtham/swarm_ws/install/control_layer:/home/gowtham/swarm_ws/install/consensus_controller:/opt/ros/humble /usr/bin/cmake --build /home/gowtham/crazyflie_ws/build/crazyflie -- -j4 -l4
[4.191s] DEBUG:colcon.colcon_core.event_handler.log_command:Invoking command in '/home/gowtham/crazyflie_ws/build/crazyflie': CMAKE_PREFIX_PATH=/home/gowtham/crazyflie_ws/install/crazyflie_interfaces:/home/gowtham/crazyflie_ws/install/crazyflie_sim:/home/gowtham/crazyflie_ws/install/crazyflie_examples:/home/gowtham/crazyflie_ws/install/crazyflie:/home/gowtham/swarm_ws/install/crazyflie_sim:/home/gowtham/swarm_ws/install/crazyflie_examples:/home/gowtham/swarm_ws/install/crazyflie:/home/gowtham/swarm_ws/install/crazyflie_interfaces:/home/gowtham/crazyflie_ws/install/swarm_navigation:/home/gowtham/crazyflie_ws/install/swarm_guidance:/home/gowtham/crazyflie_ws/install/crazyflie_py:/home/gowtham/crazyflie_ws/install/central_swarm_control:/home/gowtham/swarm_ws/install/guidance_layer:/home/gowtham/swarm_ws/install/crazyflie_py:/home/gowtham/swarm_ws/install/control_layer:/home/gowtham/swarm_ws/install/consensus_controller:/opt/ros/humble /usr/bin/cmake --install /home/gowtham/crazyflie_ws/build/crazyflie
[4.220s] Level 1:colcon.colcon_core.environment:create_environment_scripts_only(crazyflie)
[4.221s] Level 1:colcon.colcon_core.environment:checking '/home/gowtham/crazyflie_ws/install/crazyflie' for CMake module files
[4.222s] Level 1:colcon.colcon_core.environment:checking '/home/gowtham/crazyflie_ws/install/crazyflie' for CMake config files
[4.223s] DEBUG:colcon.colcon_core.event_handler.log_command:Invoked command in '/home/gowtham/crazyflie_ws/build/crazyflie' returned '0': CMAKE_PREFIX_PATH=/home/gowtham/crazyflie_ws/install/crazyflie_interfaces:/home/gowtham/crazyflie_ws/install/crazyflie_sim:/home/gowtham/crazyflie_ws/install/crazyflie_examples:/home/gowtham/crazyflie_ws/install/crazyflie:/home/gowtham/swarm_ws/install/crazyflie_sim:/home/gowtham/swarm_ws/install/crazyflie_examples:/home/gowtham/swarm_ws/install/crazyflie:/home/gowtham/swarm_ws/install/crazyflie_interfaces:/home/gowtham/crazyflie_ws/install/swarm_navigation:/home/gowtham/crazyflie_ws/install/swarm_guidance:/home/gowtham/crazyflie_ws/install/crazyflie_py:/home/gowtham/crazyflie_ws/install/central_swarm_control:/home/gowtham/swarm_ws/install/guidance_layer:/home/gowtham/swarm_ws/install/crazyflie_py:/home/gowtham/swarm_ws/install/control_layer:/home/gowtham/swarm_ws/install/consensus_controller:/opt/ros/humble /usr/bin/cmake --install /home/gowtham/crazyflie_ws/build/crazyflie
[4.223s] Level 1:colcon.colcon_core.shell:create_environment_hook('crazyflie', 'cmake_prefix_path')
[4.224s] INFO:colcon.colcon_core.shell:Creating environment hook '/home/gowtham/crazyflie_ws/install/crazyflie/share/crazyflie/hook/cmake_prefix_path.ps1'
[4.225s] INFO:colcon.colcon_core.shell:Creating environment descriptor '/home/gowtham/crazyflie_ws/install/crazyflie/share/crazyflie/hook/cmake_prefix_path.dsv'
[4.226s] INFO:colcon.colcon_core.shell:Creating environment hook '/home/gowtham/crazyflie_ws/install/crazyflie/share/crazyflie/hook/cmake_prefix_path.sh'
[4.227s] Level 1:colcon.colcon_core.environment:checking '/home/gowtham/crazyflie_ws/install/crazyflie/lib'
[4.227s] Level 1:colcon.colcon_core.environment:checking '/home/gowtham/crazyflie_ws/install/crazyflie/bin'
[4.227s] Level 1:colcon.colcon_core.environment:checking '/home/gowtham/crazyflie_ws/install/crazyflie/lib/pkgconfig/crazyflie.pc'
[4.228s] Level 1:colcon.colcon_core.environment:checking '/home/gowtham/crazyflie_ws/install/crazyflie/lib/python3.10/site-packages'
[4.228s] Level 1:colcon.colcon_core.environment:checking '/home/gowtham/crazyflie_ws/install/crazyflie/bin'
[4.229s] INFO:colcon.colcon_core.shell:Creating package script '/home/gowtham/crazyflie_ws/install/crazyflie/share/crazyflie/package.ps1'
[4.230s] INFO:colcon.colcon_core.shell:Creating package descriptor '/home/gowtham/crazyflie_ws/install/crazyflie/share/crazyflie/package.dsv'
[4.230s] INFO:colcon.colcon_core.shell:Creating package script '/home/gowtham/crazyflie_ws/install/crazyflie/share/crazyflie/package.sh'
[4.231s] INFO:colcon.colcon_core.shell:Creating package script '/home/gowtham/crazyflie_ws/install/crazyflie/share/crazyflie/package.bash'
[4.232s] INFO:colcon.colcon_core.shell:Creating package script '/home/gowtham/crazyflie_ws/install/crazyflie/share/crazyflie/package.zsh'
[4.232s] Level 1:colcon.colcon_core.environment:create_file_with_runtime_dependencies(/home/gowtham/crazyflie_ws/install/crazyflie/share/colcon-core/packages/crazyflie)
[4.234s] Level 1:colcon.colcon_core.environment:create_environment_scripts_only(crazyflie)
[4.234s] Level 1:colcon.colcon_core.environment:checking '/home/gowtham/crazyflie_ws/install/crazyflie' for CMake module files
[4.236s] Level 1:colcon.colcon_core.environment:checking '/home/gowtham/crazyflie_ws/install/crazyflie' for CMake config files
[4.236s] Level 1:colcon.colcon_core.shell:create_environment_hook('crazyflie', 'cmake_prefix_path')
[4.237s] INFO:colcon.colcon_core.shell:Creating environment hook '/home/gowtham/crazyflie_ws/install/crazyflie/share/crazyflie/hook/cmake_prefix_path.ps1'
[4.237s] INFO:colcon.colcon_core.shell:Creating environment descriptor '/home/gowtham/crazyflie_ws/install/crazyflie/share/crazyflie/hook/cmake_prefix_path.dsv'
[4.238s] INFO:colcon.colcon_core.shell:Creating environment hook '/home/gowtham/crazyflie_ws/install/crazyflie/share/crazyflie/hook/cmake_prefix_path.sh'
[4.239s] Level 1:colcon.colcon_core.environment:checking '/home/gowtham/crazyflie_ws/install/crazyflie/lib'
[4.239s] Level 1:colcon.colcon_core.environment:checking '/home/gowtham/crazyflie_ws/install/crazyflie/bin'
[4.240s] Level 1:colcon.colcon_core.environment:checking '/home/gowtham/crazyflie_ws/install/crazyflie/lib/pkgconfig/crazyflie.pc'
[4.240s] Level 1:colcon.colcon_core.environment:checking '/home/gowtham/crazyflie_ws/install/crazyflie/lib/python3.10/site-packages'
[4.240s] Level 1:colcon.colcon_core.environment:checking '/home/gowtham/crazyflie_ws/install/crazyflie/bin'
[4.241s] INFO:colcon.colcon_core.shell:Creating package script '/home/gowtham/crazyflie_ws/install/crazyflie/share/crazyflie/package.ps1'
[4.243s] INFO:colcon.colcon_core.shell:Creating package descriptor '/home/gowtham/crazyflie_ws/install/crazyflie/share/crazyflie/package.dsv'
[4.244s] INFO:colcon.colcon_core.shell:Creating package script '/home/gowtham/crazyflie_ws/install/crazyflie/share/crazyflie/package.sh'
[4.244s] INFO:colcon.colcon_core.shell:Creating package script '/home/gowtham/crazyflie_ws/install/crazyflie/share/crazyflie/package.bash'
[4.245s] INFO:colcon.colcon_core.shell:Creating package script '/home/gowtham/crazyflie_ws/install/crazyflie/share/crazyflie/package.zsh'
[4.246s] Level 1:colcon.colcon_core.environment:create_file_with_runtime_dependencies(/home/gowtham/crazyflie_ws/install/crazyflie/share/colcon-core/packages/crazyflie)
[4.439s] Level 1:colcon.colcon_core.environment:checking '/home/gowtham/crazyflie_ws/install/crazyflie_py' for CMake module files
[4.439s] Level 1:colcon.colcon_core.environment:checking '/home/gowtham/crazyflie_ws/install/crazyflie_py' for CMake config files
[4.440s] Level 1:colcon.colcon_core.environment:checking '/home/gowtham/crazyflie_ws/install/crazyflie_py/lib'
[4.440s] Level 1:colcon.colcon_core.environment:checking '/home/gowtham/crazyflie_ws/install/crazyflie_py/bin'
[4.440s] Level 1:colcon.colcon_core.environment:checking '/home/gowtham/crazyflie_ws/install/crazyflie_py/lib/pkgconfig/crazyflie_py.pc'
[4.441s] DEBUG:colcon.colcon_core.event_handler.log_command:Invoked command in '/home/gowtham/crazyflie_ws/src/crazyswarm2/crazyflie_py' returned '0': CMAKE_PREFIX_PATH=/home/gowtham/crazyflie_ws/install/crazyflie_interfaces:/home/gowtham/crazyflie_ws/install/crazyflie_sim:/home/gowtham/crazyflie_ws/install/crazyflie_examples:/home/gowtham/crazyflie_ws/install/crazyflie:/home/gowtham/swarm_ws/install/crazyflie_sim:/home/gowtham/swarm_ws/install/crazyflie_examples:/home/gowtham/swarm_ws/install/crazyflie:/home/gowtham/swarm_ws/install/crazyflie_interfaces PYTHONPATH=/home/gowtham/crazyflie_ws/build/crazyflie_py/prefix_override:/usr/lib/python3/dist-packages/colcon_core/task/python/colcon_distutils_commands:/home/gowtham/crazyflie_ws/install/crazyflie_py/lib/python3.10/site-packages:${PYTHONPATH} /usr/bin/python3 -W ignore:setup.py install is deprecated -W ignore:easy_install command is deprecated setup.py egg_info --egg-base ../../../build/crazyflie_py build --build-base /home/gowtham/crazyflie_ws/build/crazyflie_py/build install --record /home/gowtham/crazyflie_ws/build/crazyflie_py/install.log --single-version-externally-managed install_data
[4.441s] Level 1:colcon.colcon_core.environment:checking '/home/gowtham/crazyflie_ws/install/crazyflie_py/lib/python3.10/site-packages'
[4.441s] Level 1:colcon.colcon_core.shell:create_environment_hook('crazyflie_py', 'pythonpath')
[4.442s] INFO:colcon.colcon_core.shell:Creating environment hook '/home/gowtham/crazyflie_ws/install/crazyflie_py/share/crazyflie_py/hook/pythonpath.ps1'
[4.443s] INFO:colcon.colcon_core.shell:Creating environment descriptor '/home/gowtham/crazyflie_ws/install/crazyflie_py/share/crazyflie_py/hook/pythonpath.dsv'
[4.443s] INFO:colcon.colcon_core.shell:Creating environment hook '/home/gowtham/crazyflie_ws/install/crazyflie_py/share/crazyflie_py/hook/pythonpath.sh'
[4.445s] Level 1:colcon.colcon_core.environment:checking '/home/gowtham/crazyflie_ws/install/crazyflie_py/bin'
[4.445s] Level 1:colcon.colcon_core.environment:create_environment_scripts_only(crazyflie_py)
[4.445s] INFO:colcon.colcon_core.shell:Creating package script '/home/gowtham/crazyflie_ws/install/crazyflie_py/share/crazyflie_py/package.ps1'
[4.447s] INFO:colcon.colcon_core.shell:Creating package descriptor '/home/gowtham/crazyflie_ws/install/crazyflie_py/share/crazyflie_py/package.dsv'
[4.447s] INFO:colcon.colcon_core.shell:Creating package script '/home/gowtham/crazyflie_ws/install/crazyflie_py/share/crazyflie_py/package.sh'
[4.448s] INFO:colcon.colcon_core.shell:Creating package script '/home/gowtham/crazyflie_ws/install/crazyflie_py/share/crazyflie_py/package.bash'
[4.449s] INFO:colcon.colcon_core.shell:Creating package script '/home/gowtham/crazyflie_ws/install/crazyflie_py/share/crazyflie_py/package.zsh'
[4.450s] Level 1:colcon.colcon_core.environment:create_file_with_runtime_dependencies(/home/gowtham/crazyflie_ws/install/crazyflie_py/share/colcon-core/packages/crazyflie_py)
[4.450s] INFO:colcon.colcon_ros.task.ament_cmake.build:Building ROS package in '/home/gowtham/crazyflie_ws/src/crazyswarm2/crazyflie_examples' with build type 'ament_cmake'
[4.451s] INFO:colcon.colcon_cmake.task.cmake.build:Building CMake package in '/home/gowtham/crazyflie_ws/src/crazyswarm2/crazyflie_examples'
[4.451s] INFO:colcon.colcon_core.shell:Skip shell extension 'powershell' for command environment: Not usable outside of PowerShell
[4.451s] DEBUG:colcon.colcon_core.shell:Skip shell extension 'dsv' for command environment
[4.475s] DEBUG:colcon.colcon_core.event_handler.log_command:Invoking command in '/home/gowtham/crazyflie_ws/build/crazyflie_examples': AMENT_PREFIX_PATH=/home/gowtham/crazyflie_ws/install/crazyflie_py:/home/gowtham/crazyflie_ws/install/swarm_navigation:/home/gowtham/crazyflie_ws/install/swarm_guidance:/home/gowtham/crazyflie_ws/install/crazyflie_sim:/home/gowtham/crazyflie_ws/install/crazyflie_examples:/home/gowtham/crazyflie_ws/install/crazyflie:/home/gowtham/crazyflie_ws/install/crazyflie_interfaces:/home/gowtham/crazyflie_ws/install/central_swarm_control:/home/gowtham/swarm_ws/install/guidance_layer:/home/gowtham/swarm_ws/install/crazyflie_sim:/home/gowtham/swarm_ws/install/crazyflie_examples:/home/gowtham/swarm_ws/install/crazyflie_py:/home/gowtham/swarm_ws/install/crazyflie:/home/gowtham/swarm_ws/install/crazyflie_interfaces:/home/gowtham/swarm_ws/install/control_layer:/home/gowtham/swarm_ws/install/consensus_controller:/opt/ros/humble CMAKE_PREFIX_PATH=/home/gowtham/crazyflie_ws/install/crazyflie_interfaces:/home/gowtham/crazyflie_ws/install/crazyflie_sim:/home/gowtham/crazyflie_ws/install/crazyflie_examples:/home/gowtham/crazyflie_ws/install/crazyflie:/home/gowtham/swarm_ws/install/crazyflie_sim:/home/gowtham/swarm_ws/install/crazyflie_examples:/home/gowtham/swarm_ws/install/crazyflie:/home/gowtham/swarm_ws/install/crazyflie_interfaces:/home/gowtham/crazyflie_ws/install/swarm_navigation:/home/gowtham/crazyflie_ws/install/swarm_guidance:/home/gowtham/crazyflie_ws/install/crazyflie_py:/home/gowtham/crazyflie_ws/install/central_swarm_control:/home/gowtham/swarm_ws/install/guidance_layer:/home/gowtham/swarm_ws/install/crazyflie_py:/home/gowtham/swarm_ws/install/control_layer:/home/gowtham/swarm_ws/install/consensus_controller:/opt/ros/humble PYTHONPATH=/home/gowtham/crazyflie_ws/install/crazyflie_py/lib/python3.10/site-packages:/home/gowtham/crazyflie_ws/install/swarm_navigation/lib/python3.10/site-packages:/home/gowtham/crazyflie_ws/install/swarm_guidance/lib/python3.10/site-packages:/home/gowtham/crazyflie_ws/install/crazyflie_sim/local/lib/python3.10/dist-packages:/home/gowtham/crazyflie_ws/install/crazyflie_examples/local/lib/python3.10/dist-packages:/home/gowtham/crazyflie_ws/install/crazyflie_interfaces/local/lib/python3.10/dist-packages:/home/gowtham/crazyflie_ws/install/central_swarm_control/lib/python3.10/site-packages:/home/gowtham/crazyflie-firmware/build:/home/gowtham/crazyflie-firmware/build:/home/gowtham/swarm_ws/install/guidance_layer/lib/python3.10/site-packages:/home/gowtham/swarm_ws/install/crazyflie_sim/local/lib/python3.10/dist-packages:/home/gowtham/swarm_ws/install/crazyflie_examples/local/lib/python3.10/dist-packages:/home/gowtham/swarm_ws/install/crazyflie_py/lib/python3.10/site-packages:/home/gowtham/swarm_ws/install/crazyflie_interfaces/local/lib/python3.10/dist-packages:/home/gowtham/swarm_ws/install/control_layer/lib/python3.10/site-packages:/home/gowtham/swarm_ws/install/consensus_controller/lib/python3.10/site-packages:/opt/ros/humble/lib/python3.10/site-packages:/opt/ros/humble/local/lib/python3.10/dist-packages /usr/bin/cmake --build /home/gowtham/crazyflie_ws/build/crazyflie_examples -- -j4 -l4
[4.673s] DEBUG:colcon.colcon_core.event_handler.log_command:Invoked command in '/home/gowtham/crazyflie_ws/build/crazyflie_sim' returned '0': CMAKE_PREFIX_PATH=/home/gowtham/crazyflie_ws/install/crazyflie_interfaces:/home/gowtham/crazyflie_ws/install/crazyflie_sim:/home/gowtham/crazyflie_ws/install/crazyflie_examples:/home/gowtham/crazyflie_ws/install/crazyflie:/home/gowtham/swarm_ws/install/crazyflie_sim:/home/gowtham/swarm_ws/install/crazyflie_examples:/home/gowtham/swarm_ws/install/crazyflie:/home/gowtham/swarm_ws/install/crazyflie_interfaces:/home/gowtham/crazyflie_ws/install/swarm_navigation:/home/gowtham/crazyflie_ws/install/swarm_guidance:/home/gowtham/crazyflie_ws/install/crazyflie_py:/home/gowtham/crazyflie_ws/install/central_swarm_control:/home/gowtham/swarm_ws/install/guidance_layer:/home/gowtham/swarm_ws/install/crazyflie_py:/home/gowtham/swarm_ws/install/control_layer:/home/gowtham/swarm_ws/install/consensus_controller:/opt/ros/humble /usr/bin/cmake --build /home/gowtham/crazyflie_ws/build/crazyflie_sim -- -j4 -l4
[4.676s] DEBUG:colcon.colcon_core.event_handler.log_command:Invoking command in '/home/gowtham/crazyflie_ws/build/crazyflie_sim': CMAKE_PREFIX_PATH=/home/gowtham/crazyflie_ws/install/crazyflie_interfaces:/home/gowtham/crazyflie_ws/install/crazyflie_sim:/home/gowtham/crazyflie_ws/install/crazyflie_examples:/home/gowtham/crazyflie_ws/install/crazyflie:/home/gowtham/swarm_ws/install/crazyflie_sim:/home/gowtham/swarm_ws/install/crazyflie_examples:/home/gowtham/swarm_ws/install/crazyflie:/home/gowtham/swarm_ws/install/crazyflie_interfaces:/home/gowtham/crazyflie_ws/install/swarm_navigation:/home/gowtham/crazyflie_ws/install/swarm_guidance:/home/gowtham/crazyflie_ws/install/crazyflie_py:/home/gowtham/crazyflie_ws/install/central_swarm_control:/home/gowtham/swarm_ws/install/guidance_layer:/home/gowtham/swarm_ws/install/crazyflie_py:/home/gowtham/swarm_ws/install/control_layer:/home/gowtham/swarm_ws/install/consensus_controller:/opt/ros/humble /usr/bin/cmake --install /home/gowtham/crazyflie_ws/build/crazyflie_sim
[4.784s] Level 1:colcon.colcon_core.environment:create_environment_scripts_only(crazyflie_sim)
[4.784s] Level 1:colcon.colcon_core.environment:checking '/home/gowtham/crazyflie_ws/install/crazyflie_sim' for CMake module files
[4.785s] Level 1:colcon.colcon_core.environment:checking '/home/gowtham/crazyflie_ws/install/crazyflie_sim' for CMake config files
[4.786s] Level 1:colcon.colcon_core.shell:create_environment_hook('crazyflie_sim', 'cmake_prefix_path')
[4.786s] INFO:colcon.colcon_core.shell:Creating environment hook '/home/gowtham/crazyflie_ws/install/crazyflie_sim/share/crazyflie_sim/hook/cmake_prefix_path.ps1'
[4.787s] DEBUG:colcon.colcon_core.event_handler.log_command:Invoked command in '/home/gowtham/crazyflie_ws/build/crazyflie_sim' returned '0': CMAKE_PREFIX_PATH=/home/gowtham/crazyflie_ws/install/crazyflie_interfaces:/home/gowtham/crazyflie_ws/install/crazyflie_sim:/home/gowtham/crazyflie_ws/install/crazyflie_examples:/home/gowtham/crazyflie_ws/install/crazyflie:/home/gowtham/swarm_ws/install/crazyflie_sim:/home/gowtham/swarm_ws/install/crazyflie_examples:/home/gowtham/swarm_ws/install/crazyflie:/home/gowtham/swarm_ws/install/crazyflie_interfaces:/home/gowtham/crazyflie_ws/install/swarm_navigation:/home/gowtham/crazyflie_ws/install/swarm_guidance:/home/gowtham/crazyflie_ws/install/crazyflie_py:/home/gowtham/crazyflie_ws/install/central_swarm_control:/home/gowtham/swarm_ws/install/guidance_layer:/home/gowtham/swarm_ws/install/crazyflie_py:/home/gowtham/swarm_ws/install/control_layer:/home/gowtham/swarm_ws/install/consensus_controller:/opt/ros/humble /usr/bin/cmake --install /home/gowtham/crazyflie_ws/build/crazyflie_sim
[4.787s] INFO:colcon.colcon_core.shell:Creating environment descriptor '/home/gowtham/crazyflie_ws/install/crazyflie_sim/share/crazyflie_sim/hook/cmake_prefix_path.dsv'
[4.788s] INFO:colcon.colcon_core.shell:Creating environment hook '/home/gowtham/crazyflie_ws/install/crazyflie_sim/share/crazyflie_sim/hook/cmake_prefix_path.sh'
[4.789s] Level 1:colcon.colcon_core.environment:checking '/home/gowtham/crazyflie_ws/install/crazyflie_sim/lib'
[4.789s] Level 1:colcon.colcon_core.environment:checking '/home/gowtham/crazyflie_ws/install/crazyflie_sim/bin'
[4.789s] Level 1:colcon.colcon_core.environment:checking '/home/gowtham/crazyflie_ws/install/crazyflie_sim/lib/pkgconfig/crazyflie_sim.pc'
[4.789s] Level 1:colcon.colcon_core.environment:checking '/home/gowtham/crazyflie_ws/install/crazyflie_sim/lib/python3.10/site-packages'
[4.790s] Level 1:colcon.colcon_core.environment:checking '/home/gowtham/crazyflie_ws/install/crazyflie_sim/bin'
[4.791s] INFO:colcon.colcon_core.shell:Creating package script '/home/gowtham/crazyflie_ws/install/crazyflie_sim/share/crazyflie_sim/package.ps1'
[4.792s] INFO:colcon.colcon_core.shell:Creating package descriptor '/home/gowtham/crazyflie_ws/install/crazyflie_sim/share/crazyflie_sim/package.dsv'
[4.792s] INFO:colcon.colcon_core.shell:Creating package script '/home/gowtham/crazyflie_ws/install/crazyflie_sim/share/crazyflie_sim/package.sh'
[4.793s] INFO:colcon.colcon_core.shell:Creating package script '/home/gowtham/crazyflie_ws/install/crazyflie_sim/share/crazyflie_sim/package.bash'
[4.794s] INFO:colcon.colcon_core.shell:Creating package script '/home/gowtham/crazyflie_ws/install/crazyflie_sim/share/crazyflie_sim/package.zsh'
[4.794s] Level 1:colcon.colcon_core.environment:create_file_with_runtime_dependencies(/home/gowtham/crazyflie_ws/install/crazyflie_sim/share/colcon-core/packages/crazyflie_sim)
[4.795s] Level 1:colcon.colcon_core.environment:create_environment_scripts_only(crazyflie_sim)
[4.796s] Level 1:colcon.colcon_core.environment:checking '/home/gowtham/crazyflie_ws/install/crazyflie_sim' for CMake module files
[4.796s] Level 1:colcon.colcon_core.environment:checking '/home/gowtham/crazyflie_ws/install/crazyflie_sim' for CMake config files
[4.797s] Level 1:colcon.colcon_core.shell:create_environment_hook('crazyflie_sim', 'cmake_prefix_path')
[4.797s] INFO:colcon.colcon_core.shell:Creating environment hook '/home/gowtham/crazyflie_ws/install/crazyflie_sim/share/crazyflie_sim/hook/cmake_prefix_path.ps1'
[4.798s] INFO:colcon.colcon_core.shell:Creating environment descriptor '/home/gowtham/crazyflie_ws/install/crazyflie_sim/share/crazyflie_sim/hook/cmake_prefix_path.dsv'
[4.799s] INFO:colcon.colcon_core.shell:Creating environment hook '/home/gowtham/crazyflie_ws/install/crazyflie_sim/share/crazyflie_sim/hook/cmake_prefix_path.sh'
[4.800s] Level 1:colcon.colcon_core.environment:checking '/home/gowtham/crazyflie_ws/install/crazyflie_sim/lib'
[4.800s] Level 1:colcon.colcon_core.environment:checking '/home/gowtham/crazyflie_ws/install/crazyflie_sim/bin'
[4.800s] Level 1:colcon.colcon_core.environment:checking '/home/gowtham/crazyflie_ws/install/crazyflie_sim/lib/pkgconfig/crazyflie_sim.pc'
[4.800s] Level 1:colcon.colcon_core.environment:checking '/home/gowtham/crazyflie_ws/install/crazyflie_sim/lib/python3.10/site-packages'
[4.801s] Level 1:colcon.colcon_core.environment:checking '/home/gowtham/crazyflie_ws/install/crazyflie_sim/bin'
[4.801s] INFO:colcon.colcon_core.shell:Creating package script '/home/gowtham/crazyflie_ws/install/crazyflie_sim/share/crazyflie_sim/package.ps1'
[4.803s] INFO:colcon.colcon_core.shell:Creating package descriptor '/home/gowtham/crazyflie_ws/install/crazyflie_sim/share/crazyflie_sim/package.dsv'
[4.803s] INFO:colcon.colcon_core.shell:Creating package script '/home/gowtham/crazyflie_ws/install/crazyflie_sim/share/crazyflie_sim/package.sh'
[4.804s] INFO:colcon.colcon_core.shell:Creating package script '/home/gowtham/crazyflie_ws/install/crazyflie_sim/share/crazyflie_sim/package.bash'
[4.805s] INFO:colcon.colcon_core.shell:Creating package script '/home/gowtham/crazyflie_ws/install/crazyflie_sim/share/crazyflie_sim/package.zsh'
[4.805s] Level 1:colcon.colcon_core.environment:create_file_with_runtime_dependencies(/home/gowtham/crazyflie_ws/install/crazyflie_sim/share/colcon-core/packages/crazyflie_sim)
[5.116s] DEBUG:colcon.colcon_core.event_handler.log_command:Invoked command in '/home/gowtham/crazyflie_ws/build/crazyflie_examples' returned '0': AMENT_PREFIX_PATH=/home/gowtham/crazyflie_ws/install/crazyflie_py:/home/gowtham/crazyflie_ws/install/swarm_navigation:/home/gowtham/crazyflie_ws/install/swarm_guidance:/home/gowtham/crazyflie_ws/install/crazyflie_sim:/home/gowtham/crazyflie_ws/install/crazyflie_examples:/home/gowtham/crazyflie_ws/install/crazyflie:/home/gowtham/crazyflie_ws/install/crazyflie_interfaces:/home/gowtham/crazyflie_ws/install/central_swarm_control:/home/gowtham/swarm_ws/install/guidance_layer:/home/gowtham/swarm_ws/install/crazyflie_sim:/home/gowtham/swarm_ws/install/crazyflie_examples:/home/gowtham/swarm_ws/install/crazyflie_py:/home/gowtham/swarm_ws/install/crazyflie:/home/gowtham/swarm_ws/install/crazyflie_interfaces:/home/gowtham/swarm_ws/install/control_layer:/home/gowtham/swarm_ws/install/consensus_controller:/opt/ros/humble CMAKE_PREFIX_PATH=/home/gowtham/crazyflie_ws/install/crazyflie_interfaces:/home/gowtham/crazyflie_ws/install/crazyflie_sim:/home/gowtham/crazyflie_ws/install/crazyflie_examples:/home/gowtham/crazyflie_ws/install/crazyflie:/home/gowtham/swarm_ws/install/crazyflie_sim:/home/gowtham/swarm_ws/install/crazyflie_examples:/home/gowtham/swarm_ws/install/crazyflie:/home/gowtham/swarm_ws/install/crazyflie_interfaces:/home/gowtham/crazyflie_ws/install/swarm_navigation:/home/gowtham/crazyflie_ws/install/swarm_guidance:/home/gowtham/crazyflie_ws/install/crazyflie_py:/home/gowtham/crazyflie_ws/install/central_swarm_control:/home/gowtham/swarm_ws/install/guidance_layer:/home/gowtham/swarm_ws/install/crazyflie_py:/home/gowtham/swarm_ws/install/control_layer:/home/gowtham/swarm_ws/install/consensus_controller:/opt/ros/humble PYTHONPATH=/home/gowtham/crazyflie_ws/install/crazyflie_py/lib/python3.10/site-packages:/home/gowtham/crazyflie_ws/install/swarm_navigation/lib/python3.10/site-packages:/home/gowtham/crazyflie_ws/install/swarm_guidance/lib/python3.10/site-packages:/home/gowtham/crazyflie_ws/install/crazyflie_sim/local/lib/python3.10/dist-packages:/home/gowtham/crazyflie_ws/install/crazyflie_examples/local/lib/python3.10/dist-packages:/home/gowtham/crazyflie_ws/install/crazyflie_interfaces/local/lib/python3.10/dist-packages:/home/gowtham/crazyflie_ws/install/central_swarm_control/lib/python3.10/site-packages:/home/gowtham/crazyflie-firmware/build:/home/gowtham/crazyflie-firmware/build:/home/gowtham/swarm_ws/install/guidance_layer/lib/python3.10/site-packages:/home/gowtham/swarm_ws/install/crazyflie_sim/local/lib/python3.10/dist-packages:/home/gowtham/swarm_ws/install/crazyflie_examples/local/lib/python3.10/dist-packages:/home/gowtham/swarm_ws/install/crazyflie_py/lib/python3.10/site-packages:/home/gowtham/swarm_ws/install/crazyflie_interfaces/local/lib/python3.10/dist-packages:/home/gowtham/swarm_ws/install/control_layer/lib/python3.10/site-packages:/home/gowtham/swarm_ws/install/consensus_controller/lib/python3.10/site-packages:/opt/ros/humble/lib/python3.10/site-packages:/opt/ros/humble/local/lib/python3.10/dist-packages /usr/bin/cmake --build /home/gowtham/crazyflie_ws/build/crazyflie_examples -- -j4 -l4
[5.118s] DEBUG:colcon.colcon_core.event_handler.log_command:Invoking command in '/home/gowtham/crazyflie_ws/build/crazyflie_examples': AMENT_PREFIX_PATH=/home/gowtham/crazyflie_ws/install/crazyflie_py:/home/gowtham/crazyflie_ws/install/swarm_navigation:/home/gowtham/crazyflie_ws/install/swarm_guidance:/home/gowtham/crazyflie_ws/install/crazyflie_sim:/home/gowtham/crazyflie_ws/install/crazyflie_examples:/home/gowtham/crazyflie_ws/install/crazyflie:/home/gowtham/crazyflie_ws/install/crazyflie_interfaces:/home/gowtham/crazyflie_ws/install/central_swarm_control:/home/gowtham/swarm_ws/install/guidance_layer:/home/gowtham/swarm_ws/install/crazyflie_sim:/home/gowtham/swarm_ws/install/crazyflie_examples:/home/gowtham/swarm_ws/install/crazyflie_py:/home/gowtham/swarm_ws/install/crazyflie:/home/gowtham/swarm_ws/install/crazyflie_interfaces:/home/gowtham/swarm_ws/install/control_layer:/home/gowtham/swarm_ws/install/consensus_controller:/opt/ros/humble CMAKE_PREFIX_PATH=/home/gowtham/crazyflie_ws/install/crazyflie_interfaces:/home/gowtham/crazyflie_ws/install/crazyflie_sim:/home/gowtham/crazyflie_ws/install/crazyflie_examples:/home/gowtham/crazyflie_ws/install/crazyflie:/home/gowtham/swarm_ws/install/crazyflie_sim:/home/gowtham/swarm_ws/install/crazyflie_examples:/home/gowtham/swarm_ws/install/crazyflie:/home/gowtham/swarm_ws/install/crazyflie_interfaces:/home/gowtham/crazyflie_ws/install/swarm_navigation:/home/gowtham/crazyflie_ws/install/swarm_guidance:/home/gowtham/crazyflie_ws/install/crazyflie_py:/home/gowtham/crazyflie_ws/install/central_swarm_control:/home/gowtham/swarm_ws/install/guidance_layer:/home/gowtham/swarm_ws/install/crazyflie_py:/home/gowtham/swarm_ws/install/control_layer:/home/gowtham/swarm_ws/install/consensus_controller:/opt/ros/humble PYTHONPATH=/home/gowtham/crazyflie_ws/install/crazyflie_py/lib/python3.10/site-packages:/home/gowtham/crazyflie_ws/install/swarm_navigation/lib/python3.10/site-packages:/home/gowtham/crazyflie_ws/install/swarm_guidance/lib/python3.10/site-packages:/home/gowtham/crazyflie_ws/install/crazyflie_sim/local/lib/python3.10/dist-packages:/home/gowtham/crazyflie_ws/install/crazyflie_examples/local/lib/python3.10/dist-packages:/home/gowtham/crazyflie_ws/install/crazyflie_interfaces/local/lib/python3.10/dist-packages:/home/gowtham/crazyflie_ws/install/central_swarm_control/lib/python3.10/site-packages:/home/gowtham/crazyflie-firmware/build:/home/gowtham/crazyflie-firmware/build:/home/gowtham/swarm_ws/install/guidance_layer/lib/python3.10/site-packages:/home/gowtham/swarm_ws/install/crazyflie_sim/local/lib/python3.10/dist-packages:/home/gowtham/swarm_ws/install/crazyflie_examples/local/lib/python3.10/dist-packages:/home/gowtham/swarm_ws/install/crazyflie_py/lib/python3.10/site-packages:/home/gowtham/swarm_ws/install/crazyflie_interfaces/local/lib/python3.10/dist-packages:/home/gowtham/swarm_ws/install/control_layer/lib/python3.10/site-packages:/home/gowtham/swarm_ws/install/consensus_controller/lib/python3.10/site-packages:/opt/ros/humble/lib/python3.10/site-packages:/opt/ros/humble/local/lib/python3.10/dist-packages /usr/bin/cmake --install /home/gowtham/crazyflie_ws/build/crazyflie_examples
[5.198s] Level 1:colcon.colcon_core.environment:create_environment_scripts_only(crazyflie_examples)
[5.198s] Level 1:colcon.colcon_core.environment:checking '/home/gowtham/crazyflie_ws/install/crazyflie_examples' for CMake module files
[5.199s] DEBUG:colcon.colcon_core.event_handler.log_command:Invoked command in '/home/gowtham/crazyflie_ws/build/crazyflie_examples' returned '0': AMENT_PREFIX_PATH=/home/gowtham/crazyflie_ws/install/crazyflie_py:/home/gowtham/crazyflie_ws/install/swarm_navigation:/home/gowtham/crazyflie_ws/install/swarm_guidance:/home/gowtham/crazyflie_ws/install/crazyflie_sim:/home/gowtham/crazyflie_ws/install/crazyflie_examples:/home/gowtham/crazyflie_ws/install/crazyflie:/home/gowtham/crazyflie_ws/install/crazyflie_interfaces:/home/gowtham/crazyflie_ws/install/central_swarm_control:/home/gowtham/swarm_ws/install/guidance_layer:/home/gowtham/swarm_ws/install/crazyflie_sim:/home/gowtham/swarm_ws/install/crazyflie_examples:/home/gowtham/swarm_ws/install/crazyflie_py:/home/gowtham/swarm_ws/install/crazyflie:/home/gowtham/swarm_ws/install/crazyflie_interfaces:/home/gowtham/swarm_ws/install/control_layer:/home/gowtham/swarm_ws/install/consensus_controller:/opt/ros/humble CMAKE_PREFIX_PATH=/home/gowtham/crazyflie_ws/install/crazyflie_interfaces:/home/gowtham/crazyflie_ws/install/crazyflie_sim:/home/gowtham/crazyflie_ws/install/crazyflie_examples:/home/gowtham/crazyflie_ws/install/crazyflie:/home/gowtham/swarm_ws/install/crazyflie_sim:/home/gowtham/swarm_ws/install/crazyflie_examples:/home/gowtham/swarm_ws/install/crazyflie:/home/gowtham/swarm_ws/install/crazyflie_interfaces:/home/gowtham/crazyflie_ws/install/swarm_navigation:/home/gowtham/crazyflie_ws/install/swarm_guidance:/home/gowtham/crazyflie_ws/install/crazyflie_py:/home/gowtham/crazyflie_ws/install/central_swarm_control:/home/gowtham/swarm_ws/install/guidance_layer:/home/gowtham/swarm_ws/install/crazyflie_py:/home/gowtham/swarm_ws/install/control_layer:/home/gowtham/swarm_ws/install/consensus_controller:/opt/ros/humble PYTHONPATH=/home/gowtham/crazyflie_ws/install/crazyflie_py/lib/python3.10/site-packages:/home/gowtham/crazyflie_ws/install/swarm_navigation/lib/python3.10/site-packages:/home/gowtham/crazyflie_ws/install/swarm_guidance/lib/python3.10/site-packages:/home/gowtham/crazyflie_ws/install/crazyflie_sim/local/lib/python3.10/dist-packages:/home/gowtham/crazyflie_ws/install/crazyflie_examples/local/lib/python3.10/dist-packages:/home/gowtham/crazyflie_ws/install/crazyflie_interfaces/local/lib/python3.10/dist-packages:/home/gowtham/crazyflie_ws/install/central_swarm_control/lib/python3.10/site-packages:/home/gowtham/crazyflie-firmware/build:/home/gowtham/crazyflie-firmware/build:/home/gowtham/swarm_ws/install/guidance_layer/lib/python3.10/site-packages:/home/gowtham/swarm_ws/install/crazyflie_sim/local/lib/python3.10/dist-packages:/home/gowtham/swarm_ws/install/crazyflie_examples/local/lib/python3.10/dist-packages:/home/gowtham/swarm_ws/install/crazyflie_py/lib/python3.10/site-packages:/home/gowtham/swarm_ws/install/crazyflie_interfaces/local/lib/python3.10/dist-packages:/home/gowtham/swarm_ws/install/control_layer/lib/python3.10/site-packages:/home/gowtham/swarm_ws/install/consensus_controller/lib/python3.10/site-packages:/opt/ros/humble/lib/python3.10/site-packages:/opt/ros/humble/local/lib/python3.10/dist-packages /usr/bin/cmake --install /home/gowtham/crazyflie_ws/build/crazyflie_examples
[5.200s] Level 1:colcon.colcon_core.environment:checking '/home/gowtham/crazyflie_ws/install/crazyflie_examples' for CMake config files
[5.200s] Level 1:colcon.colcon_core.shell:create_environment_hook('crazyflie_examples', 'cmake_prefix_path')
[5.200s] INFO:colcon.colcon_core.shell:Creating environment hook '/home/gowtham/crazyflie_ws/install/crazyflie_examples/share/crazyflie_examples/hook/cmake_prefix_path.ps1'
[5.201s] INFO:colcon.colcon_core.shell:Creating environment descriptor '/home/gowtham/crazyflie_ws/install/crazyflie_examples/share/crazyflie_examples/hook/cmake_prefix_path.dsv'
[5.201s] INFO:colcon.colcon_core.shell:Creating environment hook '/home/gowtham/crazyflie_ws/install/crazyflie_examples/share/crazyflie_examples/hook/cmake_prefix_path.sh'
[5.202s] Level 1:colcon.colcon_core.environment:checking '/home/gowtham/crazyflie_ws/install/crazyflie_examples/lib'
[5.202s] Level 1:colcon.colcon_core.environment:checking '/home/gowtham/crazyflie_ws/install/crazyflie_examples/bin'
[5.202s] Level 1:colcon.colcon_core.environment:checking '/home/gowtham/crazyflie_ws/install/crazyflie_examples/lib/pkgconfig/crazyflie_examples.pc'
[5.202s] Level 1:colcon.colcon_core.environment:checking '/home/gowtham/crazyflie_ws/install/crazyflie_examples/lib/python3.10/site-packages'
[5.203s] Level 1:colcon.colcon_core.environment:checking '/home/gowtham/crazyflie_ws/install/crazyflie_examples/bin'
[5.203s] INFO:colcon.colcon_core.shell:Creating package script '/home/gowtham/crazyflie_ws/install/crazyflie_examples/share/crazyflie_examples/package.ps1'
[5.204s] INFO:colcon.colcon_core.shell:Creating package descriptor '/home/gowtham/crazyflie_ws/install/crazyflie_examples/share/crazyflie_examples/package.dsv'
[5.204s] INFO:colcon.colcon_core.shell:Creating package script '/home/gowtham/crazyflie_ws/install/crazyflie_examples/share/crazyflie_examples/package.sh'
[5.205s] INFO:colcon.colcon_core.shell:Creating package script '/home/gowtham/crazyflie_ws/install/crazyflie_examples/share/crazyflie_examples/package.bash'
[5.205s] INFO:colcon.colcon_core.shell:Creating package script '/home/gowtham/crazyflie_ws/install/crazyflie_examples/share/crazyflie_examples/package.zsh'
[5.205s] Level 1:colcon.colcon_core.environment:create_file_with_runtime_dependencies(/home/gowtham/crazyflie_ws/install/crazyflie_examples/share/colcon-core/packages/crazyflie_examples)
[5.206s] Level 1:colcon.colcon_core.environment:create_environment_scripts_only(crazyflie_examples)
[5.206s] Level 1:colcon.colcon_core.environment:checking '/home/gowtham/crazyflie_ws/install/crazyflie_examples' for CMake module files
[5.207s] Level 1:colcon.colcon_core.environment:checking '/home/gowtham/crazyflie_ws/install/crazyflie_examples' for CMake config files
[5.207s] Level 1:colcon.colcon_core.shell:create_environment_hook('crazyflie_examples', 'cmake_prefix_path')
[5.207s] INFO:colcon.colcon_core.shell:Creating environment hook '/home/gowtham/crazyflie_ws/install/crazyflie_examples/share/crazyflie_examples/hook/cmake_prefix_path.ps1'
[5.208s] INFO:colcon.colcon_core.shell:Creating environment descriptor '/home/gowtham/crazyflie_ws/install/crazyflie_examples/share/crazyflie_examples/hook/cmake_prefix_path.dsv'
[5.208s] INFO:colcon.colcon_core.shell:Creating environment hook '/home/gowtham/crazyflie_ws/install/crazyflie_examples/share/crazyflie_examples/hook/cmake_prefix_path.sh'
[5.209s] Level 1:colcon.colcon_core.environment:checking '/home/gowtham/crazyflie_ws/install/crazyflie_examples/lib'
[5.209s] Level 1:colcon.colcon_core.environment:checking '/home/gowtham/crazyflie_ws/install/crazyflie_examples/bin'
[5.209s] Level 1:colcon.colcon_core.environment:checking '/home/gowtham/crazyflie_ws/install/crazyflie_examples/lib/pkgconfig/crazyflie_examples.pc'
[5.209s] Level 1:colcon.colcon_core.environment:checking '/home/gowtham/crazyflie_ws/install/crazyflie_examples/lib/python3.10/site-packages'
[5.209s] Level 1:colcon.colcon_core.environment:checking '/home/gowtham/crazyflie_ws/install/crazyflie_examples/bin'
[5.210s] INFO:colcon.colcon_core.shell:Creating package script '/home/gowtham/crazyflie_ws/install/crazyflie_examples/share/crazyflie_examples/package.ps1'
[5.210s] INFO:colcon.colcon_core.shell:Creating package descriptor '/home/gowtham/crazyflie_ws/install/crazyflie_examples/share/crazyflie_examples/package.dsv'
[5.211s] INFO:colcon.colcon_core.shell:Creating package script '/home/gowtham/crazyflie_ws/install/crazyflie_examples/share/crazyflie_examples/package.sh'
[5.211s] INFO:colcon.colcon_core.shell:Creating package script '/home/gowtham/crazyflie_ws/install/crazyflie_examples/share/crazyflie_examples/package.bash'
[5.212s] INFO:colcon.colcon_core.shell:Creating package script '/home/gowtham/crazyflie_ws/install/crazyflie_examples/share/crazyflie_examples/package.zsh'
[5.212s] Level 1:colcon.colcon_core.environment:create_file_with_runtime_dependencies(/home/gowtham/crazyflie_ws/install/crazyflie_examples/share/colcon-core/packages/crazyflie_examples)
[5.213s] DEBUG:colcon.colcon_parallel_executor.executor.parallel:closing loop
[5.213s] DEBUG:colcon.colcon_parallel_executor.executor.parallel:loop closed
[5.213s] DEBUG:colcon.colcon_parallel_executor.executor.parallel:run_until_complete finished with '0'
[5.213s] DEBUG:colcon.colcon_core.event_reactor:joining thread
[5.222s] INFO:colcon.colcon_core.plugin_system:Skipping extension 'colcon_notification.desktop_notification.terminal_notifier': Not used on non-Darwin systems
[5.223s] INFO:colcon.colcon_core.plugin_system:Skipping extension 'colcon_notification.desktop_notification.win32': Not used on non-Windows systems
[5.223s] INFO:colcon.colcon_notification.desktop_notification:Sending desktop notification using 'notify2'
[5.243s] DEBUG:colcon.colcon_core.event_reactor:joined thread
[5.243s] INFO:colcon.colcon_core.shell:Creating prefix script '/home/gowtham/crazyflie_ws/install/local_setup.ps1'
[5.245s] INFO:colcon.colcon_core.shell:Creating prefix util module '/home/gowtham/crazyflie_ws/install/_local_setup_util_ps1.py'
[5.247s] INFO:colcon.colcon_core.shell:Creating prefix chain script '/home/gowtham/crazyflie_ws/install/setup.ps1'
[5.250s] INFO:colcon.colcon_core.shell:Creating prefix script '/home/gowtham/crazyflie_ws/install/local_setup.sh'
[5.251s] INFO:colcon.colcon_core.shell:Creating prefix util module '/home/gowtham/crazyflie_ws/install/_local_setup_util_sh.py'
[5.252s] INFO:colcon.colcon_core.shell:Creating prefix chain script '/home/gowtham/crazyflie_ws/install/setup.sh'
[5.254s] INFO:colcon.colcon_core.shell:Creating prefix script '/home/gowtham/crazyflie_ws/install/local_setup.bash'
[5.255s] INFO:colcon.colcon_core.shell:Creating prefix chain script '/home/gowtham/crazyflie_ws/install/setup.bash'
[5.257s] INFO:colcon.colcon_core.shell:Creating prefix script '/home/gowtham/crazyflie_ws/install/local_setup.zsh'
[5.258s] INFO:colcon.colcon_core.shell:Creating prefix chain script '/home/gowtham/crazyflie_ws/install/setup.zsh'
